ticker,name,signal_date,price,signal,confidence,reasons,return_5d,return_20d,excess_return_5d,excess_return_20d
005930,삼성전자,2023-01-02,55500,Neutral,42,"[""현재가 55,500원만으로는 20거래일 내 방향성을 판단할 수 있는 추세·모멘텀 정보가 제공되지 않았습니다."", ""재무, 실적, 수급, 기술적 지표 등 향후 주가 방향을 뒷받침할 추가 데이터가 없어 상승·하락 근거를 비교할 수 없습니다."", ""제공된 정보가 종목명, 현재가, 시장 구분에 한정되어 있어 확신 가능한 매수·매도 신호를 도출하기 어렵습니다.""]",9.025270758122744,14.620938628158845,3.047392019413236,3.3439631292135115
005930,삼성전자,2023-02-01,61800,Neutral,42,"[""현재가 61,800원만으로는 20거래일 내 상승·하락 방향을 판단할 수 있는 추세, 모멘텀, 밸류에이션, 실적 데이터가 제공되지 않았습니다."", ""종목 정보가 삼성전자와 KOSPI, 현재가뿐이라 기술적 지표나 수급 지표에 근거한 매수·매도 우위를 확인할 수 없습니다."", ""제공된 데이터만을 근거로 해야 하므로 방향성을 확신할 수 없어 적극적 중립 판단이 적절합니다.""]",-0.7874015748031495,-4.724409448818897,-1.2993746152101306,-3.233449985418491
005930,삼성전자,2023-03-02,60800,Neutral,42,"[""현재가 60,800원만으로는 20거래일 내 상승·하락 방향을 판단할 수 있는 추세, 모멘텀, 밸류에이션 정보가 제공되지 않았습니다."", ""종목 정보에 시장과 가격만 있고 거래량, 실적, 수급, 기술적 지표 등 방향성을 뒷받침할 데이터가 없어 Buy 또는 Sell 근거가 부족합니다."", ""제공된 데이터만 근거로 판단해야 하므로, 상승과 하락 어느 쪽도 우위라고 확신할 수 없어 Neutral이 적절합니다.""]",-1.6528925619834711,5.785123966942149,-0.11181849750341843,3.943482895755877
005930,삼성전자,2023-04-03,63100,Neutral,42,"[""현재가 63,100원에 대한 추가 기술적·수급·실적 데이터가 제공되지 않아 20거래일 방향성을 판단할 근거가 부족합니다."", ""종목명과 시장 정보만으로는 상승 또는 하락 우위를 뒷받침할 수 있는 정량적 신호를 확인할 수 없습니다."", ""제공된 데이터만을 근거로 해야 하므로, 확신 가능한 매수·매도 판단보다 방향 불명확에 해당하는 Neutral이 적절합니다.""]",3.6163522012578615,2.8301886792452833,0.9011847558534929,1.9880231568325588
005930,삼성전자,2023-05-02,65700,Neutral,50,"[""현재가 65,700원만으로는 향후 20거래일 방향을 판단할 수 있는 추세·모멘텀 정보가 제공되지 않았습니다."", ""거래량, 이동평균, 수급, 실적, 밸류에이션 등 상승·하락 근거가 되는 핵심 데이터가 없어 Buy 또는 Sell을 단정하기 어렵습니다."", ""제공된 정보가 종목명, 시장, 현재가에 한정되어 있어 방향성이 불명확하므로 Neutral이 가장 적절합니다.""]",-1.834862385321101,10.397553516819572,-1.4190952149365128,6.4013913676231216
005930,삼성전자,2023-06-01,70900,Neutral,42,"[""제공된 정보가 종목명, 현재가, 시장 구분뿐이라 20거래일 방향성을 판단할 수 있는 가격 추세·거래량·실적·밸류에이션 데이터가 없다."", ""상승과 하락을 가늠할 수 있는 기술적 지표나 수급 지표가 전혀 없어 Buy 또는 Sell 근거를 만들 수 없다."", ""주어진 데이터만으로는 방향성이 불명확하므로 적극적 판단으로는 Neutral이 가장 적절하다.""]",-1.662049861495845,1.10803324099723,-2.7380255050053854,1.065363252990969
005930,삼성전자,2023-07-03,73000,Neutral,42,"[""현재가 73,000원만으로는 향후 20거래일 방향을 판단할 수 있는 추세·모멘텀 정보가 제공되지 않았습니다."", ""매출, 이익, 밸류에이션, 수급, 기술적 지표 등 상승 또는 하락을 뒷받침할 추가 데이터가 없어 근거가 부족합니다."", ""제공된 정보가 종목명, 시장, 현재가에 한정되어 있어 Buy와 Sell 중 어느 쪽도 우위라고 보기 어렵습니다.""]",-2.054794520547945,-2.6027397260273974,-0.8663519510132514,-5.446981255192835
005930,삼성전자,2023-08-01,71100,Neutral,41,"[""현재가 71,100원만으로는 향후 20거래일 방향성을 판단할 수 있는 추세·모멘텀 정보가 제공되지 않았습니다."", ""재무, 실적, 수급, 거래량, 기술적 지표 등 상승 또는 하락을 지지하는 추가 데이터가 없어 Buy 또는 Sell 근거가 부족합니다."", ""제공된 정보가 종목명, 현재가, 시장 구분에 한정되어 있어 상승·하락 근거가 균형을 이루기보다 방향성 자체를 확신할 수 없습니다.""]",-1.4306151645207439,-4.291845493562231,-0.9968245993699907,-1.9910356237758466
005930,삼성전자,2023-09-01,71000,Neutral,50,"[""현재가 71,000원만 제시되어 있어 20거래일 방향을 판단할 수 있는 추세, 모멘텀, 변동성 데이터가 부족합니다."", ""기업 실적, 수급, 기술적 지표 등 상승·하락 근거가 제공되지 않아 Buy 또는 Sell을 우선할 만한 정보가 없습니다."", ""제공된 데이터만으로는 상승과 하락 가능성을 균형 있게 배제할 수 없어 방향성 확신이 어렵습니다.""]",-0.5617977528089888,-7.303370786516854,0.508794806824219,-0.5006391697944004
005930,삼성전자,2023-10-04,67500,Neutral,50,"[""현재가 67,500원만으로는 향후 20거래일 방향을 판단할 수 있는 추세·모멘텀 정보가 제공되지 않았습니다."", ""거래량, 이동평균, 실적, 수급, 변동성 등 방향성을 뒷받침할 추가 데이터가 없어 상승·하락 근거를 비교할 수 없습니다."", ""제공된 데이터만을 근거로 하면 확신 가능한 우위가 없으므로 적극적 판단은 Neutral이 적절합니다.""]",1.9490254872563717,4.3478260869565215,-0.23727839026069364,5.814792304297168
005930,삼성전자,2023-11-01,68600,Neutral,42,"[""현재가 68,600원만으로는 20거래일 내 상승·하락 방향을 판단할 수 있는 추세 정보가 제공되지 않았습니다."", ""재무, 실적, 수급, 기술적 지표 등 방향성을 뒷받침할 추가 데이터가 없어 Buy 또는 Sell 근거가 부족합니다."", ""제공된 정보가 종목명, 현재가, 시장 구분에 한정되어 있어 확신 가능한 예측이 불가능하므로 Neutral이 적절합니다.""]",0.860832137733142,4.447632711621234,-2.7224243749508026,-3.7538251735916477
005930,삼성전자,2023-12-01,72000,Neutral,50,"[""현재가 72,000원만으로는 향후 20거래일 방향을 판단할 수 있는 추세·모멘텀·밸류에이션 정보가 제공되지 않았습니다."", ""매출, 이익, 수급, 거래량, 기술적 지표 등 상승 또는 하락을 지지하는 핵심 데이터가 없어 Buy와 Sell 중 우위를 둘 근거가 부족합니다."", ""제공된 정보가 종목명, 시장, 현재가에 한정되어 있어 방향성 확신이 불가능하므로 Neutral이 가장 적절합니다.""]",0.5509641873278237,5.5096418732782375,0.1370394572138926,2.643978540011168
005930,삼성전자,2024-01-02,79600,Neutral,50,"[""현재가 79,600원만으로는 향후 20거래일 방향을 판단할 수 있는 추세·모멘텀 정보가 제공되지 않았습니다."", ""상승 또는 하락을 지지하는 재무, 수급, 기술적 지표가 제시되지 않아 Buy와 Sell 중 우위를 정하기 어렵습니다."", ""제공된 데이터가 종목명, 현재가, 시장 정보에 한정되어 있어 방향성 확신이 부족하므로 Neutral이 적절합니다.""]",-4.415584415584416,-5.584415584415584,-1.9099368324431736,-1.3570701594373578
005930,삼성전자,2024-02-01,73600,Neutral,50,"[""종목 정보로는 현재가와 시장 구분만 제공되어 20거래일 방향성을 판단할 수 있는 추세·모멘텀·밸류에이션 근거가 부족합니다."", ""상승 또는 하락을 지지하는 기술적 지표, 실적, 수급, 이벤트 데이터가 없어 Buy와 Sell 중 어느 쪽도 우위라고 보기 어렵습니다."", ""제공된 데이터만 근거로 할 때 방향성 확신이 낮아 적극적 중립 판단이 가장 적절합니다.""]",0.0,-3.0585106382978724,-1.312655096336569,-4.059539197053807
005930,삼성전자,2024-03-04,74900,Neutral,42,"[""현재가 74,900원만으로는 20거래일 내 상승·하락 방향을 판단할 수 있는 추세, 밸류에이션, 실적 모멘텀 데이터가 제공되지 않았습니다."", ""종목명과 시장 정보 외에 거래량, 이동평균, 수급, 실적, 업황 등 방향성을 지지하는 추가 근거가 없어 Buy 또는 Sell을 단정하기 어렵습니다."", ""제공된 데이터만을 근거로 해야 하므로, 방향성이 불명확한 상황에 해당해 Neutral이 가장 적절합니다.""]",-0.5427408412483039,15.332428765264586,-1.766036681815974,11.41607034449008
005930,삼성전자,2024-04-01,82000,Neutral,42,"[""현재가 82,000원만 제시되어 있어 20거래일 방향을 판단할 수 있는 추세, 모멘텀, 거래량, 실적 관련 데이터가 없다."", ""상승·하락을 가늠할 기술적 지표나 밸류에이션 비교 정보가 제공되지 않아 Buy 또는 Sell 근거가 모두 부족하다."", ""제공된 데이터만으로는 향후 20거래일 내 주가가 상승 또는 하락할 우위를 확정할 수 없으므로 Neutral이 적절하다.""]",-1.647058823529412,-8.235294117647058,0.09639233804492475,-5.710558904292231
005930,삼성전자,2024-05-02,78000,Neutral,42,"[""현재가 78,000원만으로는 향후 20거래일 방향을 판단할 수 있는 추세·모멘텀 정보가 제공되지 않았습니다."", ""거래량, 재무지표, 실적 추정치, 수급, 기술적 지표 등 상승·하락 판단에 필요한 핵심 데이터가 없어 근거가 부족합니다."", ""제공된 정보가 종목명, 현재가, 시장 구분에 한정되어 있어 상승과 하락 어느 쪽도 우위라고 결론내리기 어렵습니다.""]",1.0309278350515463,-2.9639175257731956,-0.8587618120046372,-2.4210707370874154
005930,삼성전자,2024-06-03,75700,Neutral,41,"[""제공된 정보가 종목명, 현재가, 시장 구분뿐이라 20거래일 방향성을 판단할 수 있는 가격·거래량·실적·수급 데이터가 없다."", ""상승과 하락을 가늠할 수 있는 기술적 지표나 펀더멘털 지표가 전혀 없어 Buy 또는 Sell 근거를 만들 수 없다."", ""주어진 데이터만으로는 방향성이 불명확하므로 적극적 선택으로서 Neutral이 가장 적절하다.""]",1.593625498007968,8.632138114209829,-0.8882497132913887,3.6770274872611672
005930,삼성전자,2024-07-01,81800,Neutral,42,"[""현재 제공된 정보는 종목명, 현재가, 시장 구분뿐이며 20거래일 방향성을 판단할 수 있는 가격 추세·거래량·실적·밸류에이션 데이터가 없다."", ""상승과 하락을 가늠할 수 있는 기술적 지표나 수급 정보가 전혀 없어 Buy 또는 Sell을 지지할 근거가 부족하다."", ""제공된 데이터만으로는 방향성이 불명확하므로 적극적 판단으로는 Neutral이 가장 적절하다.""]",7.334963325183375,-0.9779951100244498,4.223695587864704,0.556422300416927
005930,삼성전자,2024-08-01,83100,Neutral,42,"[""현재 제공된 정보는 종목명, 현재가, 시장 구분뿐이며 20거래일 방향성을 판단할 수 있는 가격 추세·거래량·실적·수급 데이터가 없다."", ""상승과 하락을 가늠할 수 있는 기술적 지표나 이벤트 정보가 전혀 없어 Buy 또는 Sell을 정당화할 근거가 부족하다."", ""주어진 데이터만으로는 방향성이 불명확하므로 적극적 선택으로서 Neutral이 가장 적절하다.""]",-6.155778894472362,-6.532663316582915,-2.8764900547412435,-6.712396444649306
005930,삼성전자,2024-09-02,74400,Neutral,50,"[""현재가 74,400원만으로는 향후 20거래일 방향을 판단할 수 있는 추세·모멘텀 정보가 제공되지 않았습니다."", ""매출, 이익, 밸류에이션, 수급, 기술적 지표 등 상승 또는 하락을 지지하는 추가 데이터가 없어 우위 판단이 어렵습니다."", ""제공된 정보가 종목명, 현재가, 시장 구분에 한정되어 있어 Buy와 Sell 중 어느 쪽도 근거가 충분하지 않습니다.""]",-8.689655172413794,-16.82758620689655,-3.390608025155065,-14.190447091897472
005930,삼성전자,2024-10-02,61300,Neutral,50,"[""현재가 61,300원만으로는 향후 20거래일 방향을 판단할 수 있는 추세·모멘텀 정보가 제공되지 않았습니다."", ""거래량, 이동평균, 수급, 실적, 밸류에이션 등 상승·하락 판단에 필요한 핵심 데이터가 없어 근거가 부족합니다."", ""제공된 정보가 종목명, 현재가, 시장 구분에 한정되어 있어 상승과 하락 어느 쪽도 우위라고 결론내리기 어렵습니다.""]",0.33003300330033003,-3.1353135313531353,-1.7550271785878957,-3.884814447798951
005930,삼성전자,2024-11-01,58300,Neutral,42,"[""제공된 정보가 종목명, 현재가, 상장 시장뿐이라 20거래일 방향성을 판단할 수 있는 가격·거래량·실적·수급 데이터가 없다."", ""상승과 하락을 가늠할 수 있는 기술적 지표나 최근 추세가 제시되지 않아 Buy 또는 Sell 근거가 부족하다."", ""주어진 데이터만으로는 방향성이 불명확하므로 적극적 판단으로는 Neutral이 가장 적절하다.""]",-6.303236797274275,-8.68824531516184,-4.089615163960643,-3.4935153646409844
005930,삼성전자,2024-12-02,53600,Neutral,50,"[""현재가 53,600원만으로는 향후 20거래일 방향을 판단할 수 있는 추세·모멘텀 정보가 제공되지 않았습니다."", ""재무, 실적, 수급, 거래량, 기술적 지표 등 상승 또는 하락을 지지하는 추가 데이터가 없어 근거가 부족합니다."", ""제공된 정보만 기준으로는 상승과 하락 어느 쪽도 우세하다고 보기 어려워 Neutral이 적절합니다.""]",0.7462686567164178,1.4925373134328357,4.036537045980838,3.8196442291562
005930,삼성전자,2025-01-02,53400,Neutral,50,"[""현재가 53,400원만 제공되어 추세, 거래량, 변동성, 수급 등 20거래일 방향성을 판단할 핵심 데이터가 부족합니다."", ""상승과 하락을 구분할 수 있는 기술적 지표나 실적·가이던스 정보가 없어 Buy 또는 Sell을 강하게 선택할 근거가 없습니다."", ""제공된 정보만으로는 방향성이 불명확하므로 적극적 중립 판단이 가장 타당합니다.""]",1.6544117647058825,-0.7352941176470588,-1.3702573481233717,-4.618713721892895
005930,삼성전자,2025-02-03,51000,Neutral,50,"[""현재가 51,000원만 제시되어 있어 20거래일 방향을 판단할 수 있는 추세·모멘텀·밸류에이션 데이터가 부족합니다."", ""상승 또는 하락을 지지하는 기술적 지표, 거래량, 실적, 수급 정보가 제공되지 않아 Buy와 Sell 중 우위를 둘 근거가 없습니다."", ""제공된 데이터만으로는 방향성이 불명확하므로 적극적 선택으로서 Neutral이 가장 적절합니다.""]",5.692599620493358,2.4667931688804554,3.3812714529945924,-0.613365916259109
005930,삼성전자,2025-03-04,54500,Neutral,42,"[""제공된 정보가 종목명, 현재가, 시장 구분뿐이라 20거래일 방향성을 판단할 수 있는 가격 추세·거래량·실적·밸류에이션 데이터가 없다."", ""상승 또는 하락을 지지하는 기술적 지표나 수급 지표가 전혀 제시되지 않아 Buy와 Sell 중 어느 쪽도 우위라고 보기 어렵다."", ""브랜드 이미지와 과거 명성은 배제해야 하므로, 현재 제공 데이터만으로는 방향성 확신이 부족해 Neutral이 적절하다.""]",1.6666666666666667,8.88888888888889,1.0142369621559477,10.932178322967689
005930,삼성전자,2025-04-01,58800,Neutral,42,"[""현재가 58,800원만으로는 20거래일 내 상승·하락 방향을 판단할 수 있는 추세, 밸류에이션, 실적, 수급 데이터가 제공되지 않았습니다."", ""종목 정보에는 삼성전자와 KOSPI 상장 사실만 있어, 향후 주가 방향을 지지하는 정량적 근거가 부족합니다."", ""제공된 데이터만을 근거로 해야 하므로 상승과 하락 어느 쪽도 우위라고 확신할 수 없어 Neutral이 적절합니다.""]",-9.863945578231291,-5.612244897959184,-1.3973911817366638,-7.637497705378593
005930,삼성전자,2025-05-02,54300,Neutral,41,"[""현재가 54,300원에 대한 추가 기술적·수급·실적 데이터가 제공되지 않아 20거래일 방향성을 판단할 핵심 근거가 부족합니다."", ""종목 정보만으로는 상승과 하락을 가르는 추세, 모멘텀, 변동성, 거래량 신호를 확인할 수 없습니다."", ""제공된 데이터만을 근거로 할 때 Buy 또는 Sell을 단정할 만한 우위가 없어 Neutral이 가장 적절합니다.""]",5.128205128205128,8.241758241758241,2.5339864631961926,-1.0149827637588924
005930,삼성전자,2025-06-02,56800,Neutral,50,"[""현재가 56,800원만으로는 20거래일 내 상승·하락 방향을 판단할 수 있는 추세, 모멘텀, 밸류에이션 비교 데이터가 제공되지 않았습니다."", ""종목명과 시장 정보 외에 실적, 수급, 기술적 지표, 업황 데이터가 없어 Buy 또는 Sell을 지지할 근거가 부족합니다."", ""제공된 데이터만 근거로 할 때 방향성이 불명확하므로 적극적 판단으로는 Neutral이 가장 적절합니다.""]",2.941176470588235,10.380622837370241,-2.443111326614059,-2.085993784304046
005930,삼성전자,2025-07-01,60200,Neutral,42,"[""현재가 60,200원만 제시되어 있어 추세, 모멘텀, 거래량, 변동성 등 20거래일 방향성을 판단할 핵심 데이터가 부족합니다."", ""기업 실적, 밸류에이션, 수급, 기술적 지표가 제공되지 않아 상승 또는 하락 근거를 데이터로 확인할 수 없습니다."", ""제공된 정보만으로는 Buy와 Sell 중 어느 쪽도 우위라고 보기 어려워 방향성 확신이 불가능합니다.""]",-0.6578947368421052,19.407894736842106,-2.566150185516272,13.573537033252588
005930,삼성전자,2025-08-01,68900,Neutral,42,"[""현재가 68,900원만으로는 향후 20거래일 방향을 판단할 수 있는 추세·모멘텀 정보가 제공되지 않았습니다."", ""재무, 실적, 수급, 기술적 지표 등 상승 또는 하락 근거가 되는 추가 데이터가 없어 Buy와 Sell 중 우위를 둘 수 없습니다."", ""제공된 정보가 종목명, 현재가, 시장 구분에 한정되어 있어 방향성 확신이 불가능하므로 Neutral이 적절합니다.""]",1.8651362984218076,-0.860832137733142,-0.009853773852038339,-1.642342740544671
005930,삼성전자,2025-09-01,67600,Neutral,50,"[""현재가 67,600원만으로는 향후 20거래일 방향성을 판단할 수 있는 추세·모멘텀 정보가 제공되지 않았습니다."", ""기업 실적, 밸류에이션, 수급, 기술적 지표 등 매수·매도 판단에 필요한 핵심 데이터가 제시되지 않았습니다."", ""제공된 정보가 종목명, 시장, 현재가에 한정되어 있어 상승·하락 근거가 균형을 이루기보다 아예 부족하므로 Neutral이 적절합니다.""]",3.4732272069464547,21.41823444283647,0.708715094474619,13.466715852516991
005930,삼성전자,2025-10-01,86000,Neutral,42,"[""제공된 정보가 종목명, 현재가, 시장 구분뿐이라 20거래일 방향성을 판단할 수 있는 가격·거래량·실적·수급 데이터가 없다."", ""상승과 하락을 가늠할 수 있는 기술적 지표나 펀더멘털 지표가 전혀 없어 Buy 또는 Sell 근거가 부족하다."", ""주어진 데이터만으로는 방향성이 불명확하므로 적극적 판단으로는 Neutral이 가장 적절하다.""]",9.775280898876403,11.46067415730337,4.163891322040999,-1.985698415748093
005930,삼성전자,2025-11-03,111100,Neutral,42,"[""현재가 111,100원만으로는 20거래일 내 상승·하락 방향을 판단할 수 있는 추세, 모멘텀, 밸류에이션 비교 데이터가 제공되지 않았습니다."", ""종목명과 시장 정보 외에 실적, 수급, 기술적 지표, 업황 데이터가 없어 Buy 또는 Sell을 지지할 근거가 부족합니다."", ""제공된 데이터만을 근거로 해야 하므로 방향성이 불명확한 상황에 해당해 Neutral이 가장 적절합니다.""]",-1.334604385128694,-1.4299332697807436,-0.962188851883039,1.6466800051953574
005930,삼성전자,2025-12-01,100800,Neutral,50,"[""현재가 100,800원만 제공되어 추세, 모멘텀, 거래량, 실적, 밸류에이션 등 20거래일 방향성을 판단할 핵심 데이터가 없다."", ""상승과 하락을 구분할 수 있는 기술적·수급·펀더멘털 근거가 제시되지 않아 Buy 또는 Sell을 단정하기 어렵다."", ""제공된 정보만으로는 향후 20거래일 내 주가 방향의 우위가 확인되지 않으므로 Neutral이 가장 적절하다.""]",4.835589941972921,24.274661508704064,1.1153745689876535,16.397176796831758
000660,SK하이닉스,2023-01-02,75700,Neutral,42,"[""현재가 75,700원만으로는 20거래일 내 상승·하락 방향을 판단할 수 있는 추세, 밸류에이션, 실적, 수급 데이터가 제공되지 않았습니다."", ""종목명과 시장 정보 외에 기술적 지표나 최근 가격 흐름이 없어 단기 모멘텀의 우위 여부를 확인할 수 없습니다."", ""제공된 데이터만 근거로 해야 하므로 상승과 하락 중 어느 쪽도 우세하다고 결론내릴 근거가 부족합니다.""]",14.417989417989418,23.544973544973544,8.44011067927991,12.267998046028211
000660,SK하이닉스,2023-02-01,91400,Neutral,42,"[""제공된 정보가 종목명, 현재가, 시장 구분뿐이라 20거래일 방향성을 판단할 수 있는 가격·거래량·실적·밸류에이션 데이터가 없다."", ""상승과 하락을 가늠할 수 있는 기술적 지표나 수급 지표가 전혀 없어 Buy 또는 Sell 근거가 부족하다."", ""브랜드 이미지나 과거 명성은 배제해야 하므로, 현재 제공 데이터만으로는 방향성 확신이 불가능해 Neutral이 적절하다.""]",1.070663811563169,-6.5310492505353315,0.558690771156188,-5.040089787134925
000660,SK하이닉스,2023-03-02,88100,Neutral,50,"[""현재가 88,100원만으로는 향후 20거래일 방향을 판단할 수 있는 추세·모멘텀·밸류에이션 정보가 제공되지 않았습니다."", ""상승 또는 하락을 지지하는 기술적 지표, 실적, 수급, 거래량 데이터가 없어 Buy와 Sell 중 우위를 둘 근거가 부족합니다."", ""제공된 데이터가 종목명, 현재가, 시장 정보에 한정되어 있어 방향성 확신이 불가능하므로 Neutral이 적절합니다.""]",-4.581901489117984,1.4891179839633446,-3.040827424637931,-0.35252308722292724
000660,SK하이닉스,2023-04-03,87200,Neutral,42,"[""현재가 87,200원만으로는 20거래일 내 상승·하락 방향을 판단할 수 있는 추세, 밸류에이션, 실적, 수급 데이터가 제공되지 않았습니다."", ""종목명과 시장 정보 외에 기술적 지표나 최근 가격 흐름이 없어 매수·매도 우위를 뒷받침할 근거가 부족합니다."", ""제공된 데이터만 근거로 해야 하므로 방향성을 확신할 수 없어 Neutral이 가장 적절합니다.""]",8.63905325443787,6.272189349112427,5.923885809033502,5.430023826699703
000660,SK하이닉스,2023-05-02,90200,Neutral,50,"[""현재가 90,200원만으로는 향후 20거래일 방향을 판단할 수 있는 추세·모멘텀 정보가 제공되지 않았습니다."", ""재무, 실적, 밸류에이션, 수급, 기술적 지표 등 방향성을 뒷받침할 데이터가 없어 상승·하락 근거를 비교할 수 없습니다."", ""제공된 정보가 종목명, 현재가, 시장 구분에 한정되어 있어 확신 가능한 Buy 또는 Sell 판단 근거가 부족합니다.""]",-3.8975501113585747,22.828507795100222,-3.481782940973986,18.83234564590377
000660,SK하이닉스,2023-06-01,110300,Neutral,42,"[""현재가 110,300원만으로는 향후 20거래일 방향을 판단할 수 있는 추세·밸류에이션·실적 데이터가 제공되지 않았습니다."", ""상승과 하락을 가를 기술적 지표, 거래량, 수급, 실적 전망 등 핵심 근거가 없어 Buy 또는 Sell을 단정하기 어렵습니다."", ""제공된 정보가 종목명, 시장, 현재가에 한정되어 있어 방향성 확신이 부족하므로 Neutral이 적절합니다.""]",4.0797824116047146,6.618313689936536,3.003806768095174,6.575643701930275
000660,SK하이닉스,2023-07-03,117600,Neutral,41,"[""현재가 117,600원만으로는 향후 20거래일 방향을 판단할 수 있는 추세·밸류에이션·실적 데이터가 제공되지 않았습니다."", ""상승 또는 하락을 지지하는 기술적 지표, 수급, 실적 모멘텀 정보가 없어 Buy와 Sell 중 어느 쪽도 우세하다고 보기 어렵습니다."", ""제공된 데이터가 종목명과 현재가뿐이므로 방향성 확신이 부족해 Neutral이 가장 적절합니다.""]",-3.816793893129771,6.106870229007633,-2.6283513235950773,3.262628699842195
000660,SK하이닉스,2023-08-01,125100,Neutral,50,"[""현재가 125,100원만 제공되어 추세, 거래량, 변동성, 수급 등 20거래일 방향성을 판단할 핵심 데이터가 없다."", ""기업 실적, 밸류에이션, 기술적 지표, 시장 대비 상대강도 정보가 없어 상승·하락 근거를 균형 있게 비교할 수 없다."", ""제공된 정보만으로는 향후 20거래일 내 주가 방향을 확신할 수 없으므로 적극적 중립 판단이 적절하다.""]",-0.8368200836820083,1.9246861924686192,-0.4030295185312552,4.225496062255004
000660,SK하이닉스,2023-09-01,120000,Neutral,42,"[""제공된 정보가 종목명, 현재가, 시장 구분뿐이라 20거래일 방향성을 판단할 수 있는 가격·거래량·실적·수급 데이터가 없다."", ""상승과 하락을 가늠할 수 있는 기술적 지표나 펀더멘털 지표가 전혀 없어 Buy 또는 Sell 근거를 만들 수 없다."", ""주어진 데이터만 근거로 해야 하므로 방향성 확신이 불가능해 Neutral이 가장 적절하다.""]",-2.7684563758389262,1.006711409395973,-1.6978638162057185,7.8094430261184264
000660,SK하이닉스,2023-10-04,115400,Neutral,42,"[""현재가 115,400원만으로는 향후 20거래일 방향을 판단할 수 있는 추세·모멘텀·밸류에이션 정보가 제공되지 않았습니다."", ""종목명과 시장 정보 외에 실적, 수급, 기술적 지표, 업황 데이터가 없어 상승 또는 하락 근거를 데이터로 확인할 수 없습니다."", ""제공된 데이터만을 근거로 하면 Buy와 Sell 중 어느 쪽도 우위가 없으므로 방향성 확신이 부족해 Neutral이 적절합니다.""]",3.743760399334443,4.658901830282862,1.5574565218173775,6.125868047623508
000660,SK하이닉스,2023-11-01,120300,Neutral,50,"[""현재가 120,300원 정보만으로는 향후 20거래일 방향을 판단할 수 있는 추세·모멘텀·밸류에이션 데이터가 제공되지 않았습니다."", ""거래량, 실적, 수급, 기술적 지표 등 상승 또는 하락 근거가 되는 핵심 데이터가 없어 Buy와 Sell 중 어느 쪽도 우세하다고 보기 어렵습니다."", ""제공된 데이터만 근거로 할 때 방향성이 불명확하므로 적극적 판단으로는 Neutral이 적절합니다.""]",2.154828411811652,6.863527533918595,-1.4284281008722925,-1.337930351294287
000660,SK하이닉스,2023-12-01,132600,Neutral,42,"[""현재가 132,600원만으로는 향후 20거래일 방향을 판단할 수 있는 추세·모멘텀 정보가 제공되지 않았습니다."", ""재무, 실적, 수급, 밸류에이션, 기술적 지표 등 상승 또는 하락을 지지하는 추가 데이터가 없어 근거가 부족합니다."", ""제공된 정보가 종목명과 현재가뿐이므로 Buy와 Sell 중 어느 쪽도 우위라고 보기 어렵습니다.""]",-1.6781083142639208,4.0427154843630815,-2.092033044377852,1.177052151096012
000660,SK하이닉스,2024-01-02,142400,Neutral,42,"[""제공된 정보가 종목명, 현재가, 시장 구분뿐이라 20거래일 방향성을 판단할 수 있는 가격 추세·거래량·실적·밸류에이션 데이터가 없다."", ""상승과 하락을 가를 수 있는 기술적 지표나 수급 정보가 전혀 없어 Buy 또는 Sell을 지지할 근거가 부족하다."", ""주어진 데이터만으로는 방향성이 불명확하므로 적극적 판단으로는 Neutral이 가장 적절하다.""]",-2.4122807017543857,-1.5350877192982455,0.09336688138685645,2.692257705679981
000660,SK하이닉스,2024-02-01,132700,Neutral,42,"[""현재가 132,700원만으로는 20거래일 내 상승·하락 방향을 판단할 수 있는 추세, 밸류에이션, 실적, 수급 데이터가 제공되지 않았습니다."", ""종목 정보에는 시장과 현재가만 있어 기술적 모멘텀이나 펀더멘털 우위 여부를 확인할 근거가 없습니다."", ""제공된 데이터만 근거로 해야 하므로 상승과 하락 중 어느 쪽도 우세하다고 결론내리기 어렵습니다.""]",11.193476649369902,20.756115641215718,9.880821553033334,19.755087082459784
000660,SK하이닉스,2024-03-04,166500,Neutral,0,"[""종목명, 현재가, 상장 시장 외에 주가 방향을 판단할 수 있는 재무·수급·기술적 데이터가 제공되지 않았습니다."", ""향후 20거래일 상승 또는 하락을 지지하는 근거를 제공된 정보만으로는 확인할 수 없습니다."", ""브랜드 이미지나 과거 명성은 배제해야 하므로, 현재 입력만으로는 Buy 또는 Sell을 선택할 근거가 부족합니다.""]",-0.060313630880579006,12.364294330518698,-1.283609471448249,8.447935909744192
000660,SK하이닉스,2024-04-01,185500,Neutral,50,"[""현재가 185,500원만으로는 향후 20거래일 방향을 판단할 수 있는 추세·모멘텀 정보가 제공되지 않았습니다."", ""재무, 실적, 밸류에이션, 수급, 기술적 지표 등 상승 또는 하락을 뒷받침할 추가 데이터가 없어 근거가 부족합니다."", ""제공된 정보가 종목명과 현재가뿐이므로 Buy와 Sell 중 어느 쪽도 우위라고 보기 어렵습니다.""]",-1.8250134192163179,-6.816961889425658,-0.08156225764198122,-4.292226676070831
000660,SK하이닉스,2024-05-02,173600,Neutral,42,"[""현재가 173,600원만으로는 20거래일 내 상승·하락 방향을 판단할 수 있는 추세, 밸류에이션, 실적, 수급 데이터가 제공되지 않았습니다."", ""종목명과 시장 정보 외에 기술적 지표나 최근 가격 흐름이 없어 Buy 또는 Sell을 지지할 근거가 부족합니다."", ""제공된 데이터만을 근거로 해야 하므로 방향성을 확신할 수 없어 Neutral이 가장 적절합니다.""]",6.1200923787528865,11.605080831408776,4.230402731696703,12.147927620094556
000660,SK하이닉스,2024-06-03,194200,Neutral,41,"[""제공된 정보가 종목명, 현재가, 시장 구분뿐이라 20거래일 방향성을 판단할 수 있는 가격 추세·거래량·실적·밸류에이션 데이터가 없다."", ""상승과 하락을 가늠할 수 있는 기술적 지표나 수급 정보가 전혀 없어 Buy 또는 Sell을 지지할 근거가 부족하다."", ""주어진 데이터만으로는 방향성이 불명확하므로 적극적 판단으로는 Neutral이 가장 적절하다.""]",11.226073460941542,22.090015519917227,8.744198249642185,17.134904892968564
000660,SK하이닉스,2024-07-01,235500,Neutral,50,"[""현재가 235,500원만으로는 향후 20거래일 방향을 판단할 수 있는 추세·모멘텀 정보가 제공되지 않았습니다."", ""재무, 실적, 수급, 기술적 지표 등 방향성을 뒷받침할 추가 데이터가 없어 상승·하락 근거를 비교할 수 없습니다."", ""제공된 정보가 종목명, 현재가, 시장 구분에 한정되어 있어 Buy 또는 Sell을 선택할 만큼의 확신을 가질 수 없습니다.""]",2.8017241379310347,-18.57758620689655,-0.30954359938763565,-17.043168796455173
000660,SK하이닉스,2024-08-01,193300,Neutral,42,"[""제공된 정보가 종목명, 현재가, 시장 구분뿐이라 20거래일 방향성을 판단할 수 있는 가격 추세·거래량·실적·밸류에이션 데이터가 없다."", ""상승과 하락을 가를 수 있는 기술적 지표나 수급 정보가 전혀 없어 Buy 또는 Sell을 지지할 근거가 부족하다."", ""브랜드 이미지나 과거 명성은 배제해야 하므로, 현재 제공 데이터만으로는 방향성이 불명확해 Neutral이 가장 적절하다.""]",-0.9815242494226328,0.4618937644341801,2.2977645903084856,0.28216063636778926
000660,SK하이닉스,2024-09-02,174000,Neutral,42,"[""현재가 174,000원만으로는 20거래일 내 상승·하락 방향을 판단할 수 있는 추세, 밸류에이션, 실적, 수급 데이터가 제공되지 않았습니다."", ""종목명과 시장 정보 외에 기술적 지표나 거래량, 이동평균, 모멘텀 관련 데이터가 없어 방향성 우위를 확인할 근거가 없습니다."", ""제공된 데이터만을 근거로 해야 하므로 상승과 하락 중 어느 쪽도 확신할 수 없어 Neutral이 적절합니다.""]",-7.605466428995841,5.763517528223411,-2.3064192817371127,8.40065664322249
000660,SK하이닉스,2024-10-02,169100,Neutral,42,"[""현재가 169,100원만으로는 향후 20거래일 방향을 판단할 수 있는 추세·밸류에이션·실적 데이터가 제공되지 않았습니다."", ""상승 또는 하락을 지지하는 기술적 지표, 거래량, 수급, 실적 모멘텀 정보가 없어 Buy와 Sell 중 우위를 둘 근거가 부족합니다."", ""제공된 데이터가 종목명과 현재가뿐이므로 방향성 확신이 낮아 Neutral이 가장 적절합니다.""]",7.696726019529006,11.430212521539346,5.61166583764078,10.680711605093531
000660,SK하이닉스,2024-11-01,182200,Neutral,50,"[""현재가 정보만 제공되어 20거래일 내 상승 또는 하락을 판단할 수 있는 추세·모멘텀 데이터가 없습니다."", ""재무지표, 실적, 밸류에이션, 수급, 기술적 지표 등 방향성을 뒷받침할 추가 데이터가 제공되지 않았습니다."", ""제공된 데이터만으로는 상승·하락 근거가 균형을 이루는지조차 확인할 수 없어 적극적 판단은 Neutral이 적절합니다.""]",-0.7216494845360825,-18.144329896907216,1.49197214877755,-12.94959994638636
000660,SK하이닉스,2024-12-02,158800,Neutral,42,"[""현재가 158,800원만으로는 향후 20거래일 방향을 판단할 수 있는 추세·모멘텀 정보가 제공되지 않았습니다."", ""재무, 실적, 밸류에이션, 수급, 기술적 지표 등 방향성을 뒷받침할 데이터가 없어 상승·하락 근거를 비교할 수 없습니다."", ""제공된 정보가 종목명과 시장 구분에 한정되어 있어 확신 가능한 매매 신호를 낼 수 없으므로 Neutral이 적절합니다.""]",3.3353547604608855,10.309278350515463,6.625623149725306,12.636385266238827
000660,SK하이닉스,2025-01-02,171200,Neutral,42,"[""현재가 171,200원만으로는 향후 20거래일 방향을 판단할 수 있는 추세·모멘텀·밸류에이션 정보가 제공되지 않았습니다."", ""상승 또는 하락을 지지하는 기술적 지표, 실적 추정치, 수급 데이터가 없어 Buy와 Sell 중 어느 쪽도 우위라고 보기 어렵습니다."", ""제공된 데이터가 종목명, 현재가, 시장 정보에 한정되어 있어 방향성 확신이 불가능하므로 Neutral이 적절합니다.""]",11.874656404617923,11.874656404617923,8.849987291788668,7.991236800372087
000660,SK하이닉스,2025-02-03,190900,Neutral,41,"[""제공된 정보가 종목명, 현재가, 시장 구분뿐이라 20거래일 방향성을 판단할 수 있는 가격 추세·거래량·실적·밸류에이션 데이터가 없다."", ""상승과 하락을 가늠할 수 있는 기술적 지표나 수급 지표가 전혀 없어 Buy 또는 Sell을 지지할 근거가 부족하다."", ""주어진 데이터만으로는 방향성이 불명확하므로 적극적 선택으로서 Neutral이 가장 타당하다.""]",4.500261643118786,1.0465724751439036,2.18893347562002,-2.0335866099956608
000660,SK하이닉스,2025-03-04,186100,Neutral,50,"[""현재가 186,100원만 제공되어 추세, 거래량, 변동성, 수급 등 20거래일 방향성을 판단할 핵심 데이터가 없다."", ""기업 실적, 밸류에이션, 기술적 지표가 제시되지 않아 상승과 하락 어느 쪽도 우위라고 결론내릴 근거가 부족하다."", ""제공된 정보만으로는 방향성이 불명확하므로 적극적 판단은 Neutral이 적절하다.""]",3.003625064733299,2.4857586742620406,2.3511953602225804,4.52904810834084
000660,SK하이닉스,2025-04-01,197000,Neutral,50,"[""현재가 197,000원만 제공되어 추세, 변동성, 거래량, 수급 등 20거래일 방향성을 판단할 핵심 데이터가 부족합니다."", ""상승·하락을 지지하는 기술적 지표나 실적/밸류에이션 정보가 없어 Buy 또는 Sell을 선택할 근거가 충분하지 않습니다."", ""제공된 정보만으로는 향후 20거래일 내 주가 방향을 확신할 수 없어 Neutral이 가장 적절합니다.""]",-16.624557857503792,-10.308236483072259,-8.158003461009164,-12.333489290491666
000660,SK하이닉스,2025-05-02,186000,Neutral,42,"[""현재가 186,000원만 제공되어 추세, 변동성, 거래량, 실적, 밸류에이션 등 20거래일 방향성을 판단할 핵심 데이터가 부족합니다."", ""제공된 정보에는 상승을 지지하는 기술적·수급적 근거와 하락을 지지하는 근거가 모두 없어 Buy 또는 Sell을 단정할 수 없습니다."", ""브랜드 이미지나 과거 명성은 배제해야 하므로, 현재 주어진 데이터만으로는 향후 20거래일 주가 방향을 확신하기 어렵습니다.""]",7.966457023060797,17.662473794549268,5.372238358051861,8.405732789032134
000660,SK하이닉스,2025-06-02,207500,Neutral,42,"[""현재가 207,500원만으로는 향후 20거래일 방향을 판단할 수 있는 추세·밸류에이션·실적 데이터가 제공되지 않았습니다."", ""상승 또는 하락을 지지하는 기술적 지표, 거래량, 수급, 실적 모멘텀 정보가 없어 Buy와 Sell 중 우위를 둘 근거가 부족합니다."", ""제공된 데이터가 종목명, 현재가, 시장 정보에 한정되어 있어 방향성 확신이 불가능하므로 Neutral이 가장 적절합니다.""]",8.275862068965518,28.045977011494255,2.891574271763224,15.579360389819968
000660,SK하이닉스,2025-07-01,285500,Neutral,42,"[""현재가 285,500원만 제시되어 있어 추세, 변동성, 거래량, 수급 등 20거래일 방향성을 판단할 핵심 데이터가 부족합니다."", ""제공된 정보에는 실적, 밸류에이션, 기술적 지표, 시장 대비 상대강도 같은 상승·하락 근거가 없어 Buy 또는 Sell을 정당화하기 어렵습니다."", ""브랜드나 과거 명성을 배제하고 제공 데이터만 사용해야 하므로, 현재 입력만으로는 방향성을 확신할 수 없어 Neutral이 적절합니다.""]",0.7168458781362007,-5.555555555555555,-1.1914095705379664,-11.389913259145075
000660,SK하이닉스,2025-08-01,258000,Neutral,50,"[""현재가 258,000원만 제공되어 추세, 변동성, 거래량, 수급 등 20거래일 방향성을 판단할 핵심 데이터가 부족합니다."", ""기업의 브랜드 이미지나 과거 명성은 배제해야 하므로, 제공된 정보만으로는 상승 또는 하락 우위를 정할 근거가 없습니다."", ""Buy와 Sell 중 어느 쪽도 데이터 기반으로 우세하다고 보기 어려워 방향성 불명확에 해당하는 Neutral이 적절합니다.""]",3.488372093023256,0.9689922480620154,1.6133820207494098,0.18748164525048627
000660,SK하이닉스,2025-09-01,256000,Neutral,50,"[""현재가 256,000원만 제공되어 추세, 변동성, 거래량, 수급, 실적 등 20거래일 방향성을 판단할 핵심 데이터가 없다."", ""상승과 하락을 가늠할 수 있는 기술적 지표나 펀더멘털 지표가 전혀 없어 Buy 또는 Sell을 단정할 근거가 부족하다."", ""제공된 정보만으로는 방향성이 불명확하므로 적극적 판단으로는 Neutral이 가장 적절하다.""]",10.556621880998081,33.397312859884835,7.792109768526245,25.445794269565354
000660,SK하이닉스,2025-10-01,360000,Neutral,41,"[""현재가 360,000원만으로는 향후 20거래일 방향을 판단할 수 있는 추세·밸류에이션·실적 데이터가 제공되지 않았습니다."", ""상승 또는 하락을 지지하는 기술적 지표, 거래량, 수급, 실적 모멘텀 정보가 없어 Buy와 Sell 중 우위를 둘 근거가 부족합니다."", ""제공된 정보가 종목명, 현재가, 시장 구분에 한정되어 있어 방향성 확신이 불가능하므로 Neutral이 적절합니다.""]",14.412136536030342,49.93678887484197,8.800746959194939,36.49041630179051
000660,SK하이닉스,2025-11-03,620000,Neutral,50,"[""현재가 620,000원만 제공되어 추세, 거래량, 실적, 밸류에이션 등 20거래일 방향성을 판단할 핵심 데이터가 없다."", ""제공된 정보에는 상승을 지지하는 기술적·수급적 근거와 하락을 지지하는 근거가 모두 없어 Buy와 Sell 중 우위를 정하기 어렵다."", ""브랜드 이미지나 과거 명성은 배제해야 하므로, 종목명 외 추가 데이터가 없는 상황에서는 방향성을 확신할 수 없어 Neutral이 적절하다.""]",5.631399317406143,-4.778156996587031,6.003814850651798,-1.7015437216109297
000660,SK하이닉스,2025-12-01,538000,Neutral,42,"[""현재가 538,000원만으로는 향후 20거래일 방향을 판단할 수 있는 추세·밸류에이션·실적 데이터가 제공되지 않았습니다."", ""매수·매도 우위를 가를 기술적 지표, 거래량, 수급, 실적 전망 등 핵심 근거가 없어 상승 또는 하락을 확신하기 어렵습니다."", ""제공된 정보가 종목명, 현재가, 시장 구분에 한정되어 있어 방향성 판단은 불명확하므로 Neutral이 적절합니다.""]",1.4336917562724014,21.32616487455197,-2.2865236167128655,13.448680162679665
207940,삼성바이오로직스,2023-01-02,1217132,Neutral,42,"[""제공된 정보가 종목명, 현재가, 시장 구분뿐이라 20거래일 방향성을 판단할 수 있는 가격·거래량·실적·수급 데이터가 없다."", ""상승 또는 하락을 지지하는 정량적 근거가 전혀 제시되지 않아 Buy와 Sell 중 어느 쪽도 우위라고 보기 어렵다."", ""브랜드 이미지·과거 명성은 배제해야 하므로, 현재 제공 데이터만으로는 방향성 확신이 불가능하다.""]",-0.49813421785227746,1.1208231441602288,-6.476012956561786,-10.156152354785105
207940,삼성바이오로직스,2023-02-01,1183282,Neutral,42,"[""현재가 정보만 제공되어 20거래일 내 상승·하락을 판단할 수 있는 추세, 모멘텀, 거래량, 밸류에이션 비교 데이터가 없다."", ""종목명과 시장 정보 외에 실적, 수급, 기술적 지표, 이벤트 일정 등 방향성을 결정할 근거가 제시되지 않았다."", ""제공된 데이터만을 근거로 하면 상승과 하락 어느 쪽도 우위라고 보기 어려워 방향성 확신이 불가능하다.""]",0.24634828828105126,-2.955677390850303,-0.26562475212592973,-1.464717927449897
207940,삼성바이오로직스,2023-03-02,1136186,Neutral,41,"[""현재가 1,136,186원에 대한 추가 기술적·수급·실적 데이터가 제공되지 않아 향후 20거래일 방향성을 판단할 근거가 부족합니다."", ""종목명과 시장 정보(KOSPI) 외에 추세, 거래량, 변동성, 밸류에이션, 실적 모멘텀 등의 핵심 판단 자료가 없어 상승·하락 우위를 가를 수 없습니다."", ""제공된 데이터만을 근거로 해야 하므로 확신 가능한 매수 또는 매도 신호를 만들 수 없어 Neutral이 가장 적절합니다.""]",-1.5228492050763365,0.0,0.01822485940371621,-1.8416410711862718
207940,삼성바이오로직스,2023-04-03,1145017,Neutral,52,"[""제공된 정보가 종목명, 현재가, 시장 구분뿐이라 20거래일 방향성을 판단할 수 있는 가격·거래량·실적·밸류에이션 데이터가 없다."", ""상승 또는 하락을 지지하는 기술적 지표나 수급 지표가 전혀 없어 Buy와 Sell 중 어느 쪽도 우세하다고 보기 어렵다."", ""브랜드 이미지와 과거 명성을 배제해야 하므로, 현재 주어진 데이터만으로는 방향성 확신이 부족해 Neutral이 적절하다.""]",3.045698410152673,-1.6497748621666692,0.33053096474830435,-2.4919403845793937
207940,삼성바이오로직스,2023-05-02,1128828,Neutral,42,"[""제공된 정보가 종목명, 현재가, 시장 구분뿐이라 20거래일 방향성을 판단할 수 있는 가격·거래량·실적·수급 데이터가 없다."", ""상승과 하락을 가늠할 수 있는 기술적 지표나 펀더멘털 지표가 전혀 없어 Buy 또는 Sell 근거가 부족하다."", ""주어진 데이터만으로는 방향성이 불명확하므로 적극적 판단으로는 Neutral이 가장 적절하다.""]",1.032262815831303,1.290372356327936,1.4480299862158912,-2.705789792868515
207940,삼성바이오로직스,2023-06-01,1159734,Neutral,42,"[""현재가 1,159,734원만으로는 20거래일 내 상승 또는 하락 방향을 판단할 수 있는 추세·모멘텀 데이터가 제공되지 않았습니다."", ""종목 정보에 시장(KOSPI)과 종목명만 있고, 재무·실적·수급·기술적 지표가 없어 Buy 또는 Sell을 지지할 근거가 부족합니다."", ""제공된 데이터 범위 내에서는 상승·하락 근거가 균형을 이루는 수준이 아니라 아예 방향성을 확정할 수 없어 Neutral이 적절합니다.""]",1.2738473097040732,-5.350297190646047,0.19787166619453278,-5.392967178652308
207940,삼성바이오로직스,2023-07-03,1093506,Neutral,42,"[""현재가 1,093,506원만으로는 향후 20거래일 방향을 판단할 수 있는 추세·모멘텀 정보가 제공되지 않았습니다."", ""매출, 이익, 밸류에이션, 수급, 기술적 지표 등 상승 또는 하락을 지지하는 핵심 데이터가 제시되지 않았습니다."", ""제공된 정보가 종목명, 시장, 현재가에 한정되어 있어 Buy와 Sell 중 어느 쪽도 우위라고 결론내리기 어렵습니다.""]",-3.0830997858680176,7.5067331802561394,-1.894657216333324,4.6624916510907015
207940,삼성바이오로직스,2023-08-01,1180339,Neutral,42,"[""제공된 정보가 종목명, 현재가, 상장 시장뿐이라 20거래일 방향성을 판단할 수 있는 가격·거래량·실적·수급 데이터가 없다."", ""상승과 하락을 가늠할 수 있는 기술적 지표나 최근 추세 정보가 전혀 없어 Buy 또는 Sell 근거가 부족하다."", ""주어진 데이터만으로는 방향성이 불명확하므로 적극적 판단으로는 Neutral이 가장 적절하다.""]",1.1407106060423386,-6.590647998718574,1.5745011711930919,-4.289838128932189
207940,삼성바이오로직스,2023-09-01,1078788,Neutral,42,"[""현재가 정보만 제공되어 20거래일 내 상승·하락을 판단할 수 있는 추세, 거래량, 변동성, 수급 데이터가 없다."", ""기업 실적, 밸류에이션, 기술적 지표 등 방향성을 뒷받침할 핵심 근거가 제시되지 않았다."", ""제공된 데이터만으로는 상승과 하락 어느 쪽도 우위라고 보기 어려워 Neutral이 적절하다.""]",-0.27169422536680565,-0.6792817228164988,0.7988983342664021,6.1234498939059545
207940,삼성바이오로직스,2023-10-04,1016975,Neutral,41,"[""제공된 정보가 종목명과 현재가뿐이라 20거래일 방향성을 판단할 수 있는 가격·거래량·실적·수급 데이터가 없다."", ""상승과 하락을 가늠할 수 있는 기술적 지표나 최근 추세가 전혀 제시되지 않아 Buy 또는 Sell 근거가 부족하다."", ""브랜드 이미지나 과거 명성은 배제해야 하므로, 현재 제공 데이터만으로는 방향성에 대한 확신을 가질 수 없다.""]",-0.27667326710341694,-2.4896834891656665,-2.4629771446204822,-1.0227172718250206
207940,삼성바이오로직스,2023-11-01,1034636,Neutral,42,"[""현재가 1,034,636원만으로는 20거래일 내 상승·하락 방향을 판단할 수 있는 추세 정보가 제공되지 않았습니다."", ""거래량, 이동평균, 수급, 실적, 밸류에이션 등 방향성을 뒷받침할 핵심 데이터가 없어 매수·매도 우위를 가를 근거가 부족합니다."", ""브랜드 이미지나 과거 명성은 배제해야 하므로, 제공된 정보만 기준으로는 확신 가능한 상승 또는 하락 시그널이 없습니다.""]",1.5449258599727833,1.8257780933349363,-2.0383306527111613,-6.375679791877946
207940,삼성바이오로직스,2023-12-01,1046410,Neutral,42,"[""현재가 1,046,410원만 제시되어 있어 최근 추세, 변동성, 거래량 등 20거래일 방향성을 판단할 핵심 가격 데이터가 부족합니다."", ""기업 실적, 밸류에이션, 수급, 기술적 지표가 제공되지 않아 상승 또는 하락 근거를 데이터로 확인할 수 없습니다."", ""제공된 정보만으로는 Buy와 Sell 중 어느 쪽도 우위라고 보기 어려워 방향성 확신이 불가능합니다.""]",-1.2640736266106298,8.146050795795711,-1.6779983567245609,5.280387462528641
207940,삼성바이오로직스,2024-01-02,1161206,Neutral,42,"[""종목 정보에 현재가와 시장 구분만 있고, 20거래일 방향을 판단할 수 있는 가격 추세·거래량·수급·실적 관련 데이터가 제공되지 않았습니다."", ""제공된 데이터만으로는 상승과 하락 어느 쪽의 우위도 확인할 수 없어 Buy 또는 Sell 근거가 부족합니다."", ""브랜드 이미지나 과거 명성은 배제해야 하므로, 현재 입력된 정보만 기준으로는 방향성을 확신하기 어렵습니다.""]",-5.209615786411019,6.734486670546043,-2.703968203269777,10.961832095524269
207940,삼성바이오로직스,2024-02-01,1220076,Neutral,41,"[""제공된 정보가 종목명, 현재가, 시장 구분뿐이라 20거래일 방향성을 판단할 수 있는 가격·거래량·실적·수급 데이터가 없다."", ""상승과 하락을 가늠할 수 있는 기술적 지표나 밸류에이션, 이벤트 정보가 전혀 없어 Buy 또는 Sell 근거가 부족하다."", ""주어진 데이터만으로는 방향성이 불명확하므로 적극적 판단으로는 Neutral이 가장 적절하다.""]",-2.4447330703006105,-8.614664443439,-3.7573881666371793,-9.615693002194934
207940,삼성바이오로직스,2024-03-04,1139130,Neutral,42,"[""제공된 정보가 종목명, 현재가, 시장 구분뿐이라 20거래일 방향을 판단할 수 있는 가격·거래량·실적·수급 데이터가 없다."", ""상승 또는 하락을 지지하는 기술적 지표나 펀더멘털 지표가 제시되지 않아 Buy와 Sell 중 어느 쪽도 우세하다고 보기 어렵다."", ""브랜드 이미지·과거 명성은 배제해야 하므로, 현재 제공 데이터만으로는 방향성 확신이 불가능해 Neutral이 적절하다.""]",7.692341196557371,4.615404717934423,6.469045355989701,0.6990462971599172
207940,삼성바이오로직스,2024-04-01,1200943,Neutral,50,"[""제공된 정보가 종목명, 현재가, 시장 구분뿐이라 20거래일 방향성을 판단할 수 있는 가격 추세나 수급 데이터가 없다."", ""상승·하락을 가늠할 재무, 실적, 밸류에이션, 거래량, 변동성 등의 근거가 전혀 제시되지 않았다."", ""브랜드 이미지나 과거 명성은 배제해야 하므로, 현재 제공 데이터만으로는 Buy 또는 Sell을 정당화할 수 없다.""]",-1.3480240111312527,-5.024551539914883,0.39542715044308396,-2.499816326560056
207940,삼성바이오로직스,2024-05-02,1140601,Neutral,41,"[""제공된 정보가 종목명, 현재가, 시장 구분뿐이라 20거래일 방향성을 판단할 수 있는 가격 추세·거래량·실적·밸류에이션 데이터가 없다."", ""상승과 하락을 가늠할 수 있는 기술적 지표나 수급 지표가 전혀 없어 Buy 또는 Sell을 지지할 근거가 부족하다."", ""브랜드 이미지나 과거 명성은 배제해야 하므로, 현재 제공 데이터만으로는 방향성이 불명확해 Neutral이 가장 적절하다.""]",1.297066926115303,-2.3345970879005637,-0.5926227209408805,-1.7917502992147836
207940,삼성바이오로직스,2024-06-03,1106751,Neutral,0,"[""종목명, 현재가, 상장 시장 외에 주가 방향을 판단할 수 있는 재무·수급·기술적 데이터가 제공되지 않았습니다."", ""향후 20거래일 상승 또는 하락을 지지하는 근거가 데이터상 전혀 확인되지 않아 Buy/Sell 판단이 불가능합니다."", ""제공된 정보만으로는 방향성을 확신할 수 없으므로 Neutral이 가장 적절합니다.""]",-1.4608070758322107,7.569776119066289,-3.9426822871315674,2.614665492117628
207940,삼성바이오로직스,2024-07-01,1117054,Neutral,42,"[""종목 정보로는 현재가와 시장 구분만 제공되어 있어 20거래일 방향성을 판단할 수 있는 추세·모멘텀·밸류에이션 근거가 부족합니다."", ""상승 또는 하락을 지지하는 기술적 지표, 실적, 수급, 이벤트 데이터가 전혀 없어 Buy와 Sell 중 어느 쪽도 우세하다고 보기 어렵습니다."", ""제공된 데이터만 기준으로는 방향성 확신이 불가능하므로 적극적 중립 판단이 가장 타당합니다.""]",-1.7284435284238995,15.678966675139016,-4.83971126574257,17.213384085580394
207940,삼성바이오로직스,2024-08-01,1361363,Neutral,42,"[""현재가 1,361,363원만으로는 20거래일 내 상승·하락 방향을 판단할 수 있는 추세 정보가 제공되지 않았습니다."", ""재무, 실적, 밸류에이션, 수급, 거래량, 기술적 지표 등 방향성을 판단할 핵심 데이터가 제시되지 않았습니다."", ""제공된 정보가 종목명과 시장 구분에 한정되어 있어 상승과 하락 근거가 균형을 이루기보다 아예 부족하므로 Neutral이 적절합니다.""]",5.378669842977001,5.92753805866677,8.657958682708118,5.747804930600379
207940,삼성바이오로직스,2024-09-02,1420233,Neutral,50,"[""종목 정보로는 현재가와 시장 구분만 제공되어 있어 20거래일 방향성을 판단할 수 있는 추세·모멘텀·밸류에이션 근거가 부족합니다."", ""상승 또는 하락을 지지하는 재무, 실적, 수급, 기술적 지표가 제시되지 않아 Buy와 Sell 중 어느 쪽도 우위라고 보기 어렵습니다."", ""제공된 데이터만을 근거로 하면 방향성이 불명확하므로 적극적 선택으로서 Neutral이 가장 타당합니다.""]",3.6420366727802107,4.474506238218937,8.941083820038939,7.111645353218017
207940,삼성바이오로직스,2024-10-02,1437894,Neutral,42,"[""현재가 정보만 제공되어 20거래일 내 상승 또는 하락을 판단할 수 있는 추세·모멘텀 데이터가 없다."", ""재무, 실적, 수급, 거래량, 기술적 지표가 전혀 없어 방향성을 지지하는 근거가 부족하다."", ""제공된 데이터만으로는 상승·하락 어느 쪽도 우위라고 보기 어려워 Neutral이 적절하다.""]",3.703736451486528,1.8018434684194489,1.6186762695983021,1.0523425519736334
207940,삼성바이오로직스,2024-11-01,1468800,Neutral,42,"[""제공된 정보가 종목명, 현재가, 시장 구분뿐이라 20거래일 방향성을 판단할 수 있는 가격 추세·거래량·실적·밸류에이션 데이터가 없다."", ""상승과 하락을 가늠할 수 있는 기술적 지표나 수급 정보가 전혀 없어 Buy 또는 Sell 근거를 만들 수 없다."", ""주어진 데이터만으로는 방향성이 불명확하므로 적극적 선택은 Neutral이 적절하다.""]",-0.9833213519298967,-4.523157959437827,1.2303002813837358,0.6715719910830282
207940,삼성바이오로직스,2024-12-02,1429063,Neutral,50,"[""제공된 정보가 종목명, 현재가, 시장 구분뿐이라 20거래일 방향성을 판단할 수 있는 가격·거래량·실적·밸류에이션 데이터가 없다."", ""상승과 하락을 가늠할 수 있는 기술적 지표나 수급 정보가 전혀 없어 Buy 또는 Sell 근거를 만들 수 없다."", ""브랜드 이미지와 과거 명성은 배제해야 하므로, 현재 주어진 데이터만으로는 방향성이 불명확해 Neutral이 적절하다.""]",-0.8273045638768501,-2.792135336739799,2.46296382538757,-0.4650284210164348
207940,삼성바이오로직스,2025-01-02,1374609,Neutral,42,"[""제공된 정보가 종목명, 현재가, 시장 구분뿐이라 20거래일 방향을 판단할 수 있는 가격 추세·실적·수급 데이터가 없다."", ""상승 또는 하락을 지지하는 기술적 지표, 거래량 변화, 변동성 정보가 전혀 없어 방향성 우위를 확인할 근거가 없다."", ""브랜드 이미지나 과거 명성은 배제해야 하므로, 현재 제공 데이터만으로는 Buy나 Sell을 선택할 만한 객관적 근거가 부족하다.""]",6.3830064064985885,15.851078363411759,3.3583372936693343,11.967658759165921
207940,삼성바이오로직스,2025-02-03,1611560,Neutral,42,"[""현재가 1,611,560원만으로는 20거래일 내 상승·하락 방향을 판단할 수 있는 추세 정보가 제공되지 않았습니다."", ""거래량, 이동평균, 수급, 실적, 밸류에이션 등 방향성을 뒷받침할 핵심 데이터가 없어 매수·매도 우위를 가리기 어렵습니다."", ""브랜드 이미지나 과거 명성은 배제해야 하므로, 제공된 정보만 기준으로는 확신 가능한 투자 방향을 도출할 수 없습니다.""]",9.514929866705542,6.623080287251776,7.203601699206775,3.5429212021122116
207940,삼성바이오로직스,2025-03-04,1648353,Neutral,42,"[""현재가 1,648,353원만으로는 향후 20거래일 방향을 판단할 수 있는 추세·밸류에이션·수급 정보가 제공되지 않았습니다."", ""종목명과 시장 정보(KOSPI) 외에 실적, 차트, 거래량, 수급, 이벤트 등 상승 또는 하락 근거가 없어 매수·매도 우위를 정하기 어렵습니다."", ""제공된 데이터만을 근거로 해야 하므로 방향성이 불명확한 상황에 해당해 Neutral이 가장 적절합니다.""]",-5.599264773633147,-8.136473422054294,-6.2516944781438655,-6.093183987975495
207940,삼성바이오로직스,2025-04-01,1557105,Neutral,42,"[""제공된 정보가 종목명과 현재가뿐이라 20거래일 내 상승·하락을 판단할 수 있는 추세, 밸류에이션, 실적, 수급 데이터가 없다."", ""KOSPI 상장 정보만으로는 단기 방향성을 지지하는 충분한 근거가 되지 않으며, 브랜드나 과거 명성은 판단에서 배제해야 한다."", ""상승과 하락 어느 쪽도 데이터상 우위를 확인할 수 없어 적극적 선택은 Neutral이 적절하다.""]",-5.523800402632187,0.1905093471884017,2.942753993862441,-1.834743460231007
207940,삼성바이오로직스,2025-05-02,1596842,Neutral,42,"[""제공된 정보가 종목명, 현재가, 시장 구분뿐이라 20거래일 방향성을 판단할 수 있는 가격·거래량·추세 데이터가 없습니다."", ""상승 또는 하락을 지지하는 기술적 지표, 실적 추정치, 수급 정보가 전혀 없어 Buy와 Sell 중 어느 쪽도 우위라고 보기 어렵습니다."", ""브랜드 이미지나 과거 명성은 배제해야 하므로, 현재 주어진 데이터만으로는 방향성 확신이 불가능해 Neutral이 적절합니다.""]",-3.4581632220144445,-2.1133292212899413,-6.05238188702338,-11.370070226807075
207940,삼성바이오로직스,2025-06-02,1517368,Neutral,42,"[""현재가 1,517,368원이라는 절대 가격 정보만으로는 향후 20거래일 방향성을 판단할 수 있는 추세·밸류에이션·수급 근거가 제공되지 않았습니다."", ""종목명과 시장(KOSPI) 정보 외에 실적, 거래량, 이동평균, 변동성, 수급 등 방향 판단에 필요한 데이터가 없어 상승 또는 하락 우위를 정하기 어렵습니다."", ""제공된 데이터만을 근거로 해야 하므로, 확실한 매수·매도 신호가 없을 때의 적절한 선택은 Neutral입니다.""]",-0.48351177533196255,0.9671549754465649,-5.867799572534256,-11.499461646227722
207940,삼성바이오로직스,2025-07-01,1476159,Neutral,50,"[""제공된 정보는 종목명, 현재가, 시장 구분뿐이며 20거래일 방향성을 판단할 수 있는 가격 추세·거래량·실적·밸류에이션 데이터가 없다."", ""상승과 하락을 가늠할 수 있는 기술적 지표나 수급 정보가 없어 Buy 또는 Sell을 우위로 둘 근거가 부족하다."", ""주어진 데이터만으로는 향후 20거래일 내 주가 방향이 불명확하므로 Neutral이 가장 적절하다.""]",0.8919251981494825,8.820598118505849,-1.0163302505246845,2.98624041491633
207940,삼성바이오로직스,2025-08-01,1521783,Neutral,50,"[""현재가 1,521,783원만 제공되어 추세, 변동성, 거래량, 수급, 실적 등 20거래일 방향 판단에 필요한 핵심 데이터가 없다."", ""제공된 정보에는 상승을 지지하는 기술적 신호나 하락을 지지하는 기술적 신호가 없어 Buy 또는 Sell 근거를 만들 수 없다."", ""브랜드 이미지나 과거 명성은 배제해야 하므로, 종목명만으로는 향후 주가 방향성을 판단할 수 없다.""]",-1.5267234962927616,-4.866414935800849,-3.4017135685666076,-5.647925538612379
207940,삼성바이오로직스,2025-09-01,1465857,Neutral,32,"[""종목 정보로는 현재가와 시장 구분만 제공되어 있어 20거래일 방향을 판단할 수 있는 추세·모멘텀·밸류에이션 근거가 부족합니다."", ""상승 또는 하락을 지지하는 재무, 실적, 수급, 기술적 지표가 전혀 제시되지 않아 Buy와 Sell 중 어느 쪽도 우세하다고 보기 어렵습니다."", ""제공된 데이터만을 근거로 하면 방향성이 불명확하므로 적극적 판단으로는 Neutral이 가장 적절합니다.""]",4.413188862211542,0.0,1.6486767497397063,-7.95151859031948
207940,삼성바이오로직스,2025-10-01,1479103,Neutral,41,"[""제공된 정보가 종목명, 현재가, 시장 구분뿐이라 20거래일 방향성을 판단할 수 있는 가격·거래량·실적·수급 데이터가 없다."", ""상승 또는 하락을 지지하는 정량적 근거가 전혀 제시되지 않아 Buy와 Sell 중 어느 쪽도 우세하다고 볼 수 없다."", ""주어진 데이터만 근거로 하면 방향성 확신이 불가능하므로 적극적 중립 판단이 적절하다.""]",12.289375686031557,21.01091589842356,6.677986109196152,7.564543325372096
207940,삼성바이오로직스,2025-11-03,1797000,Neutral,42,"[""현재가 1,797,000원만 제시되어 있어 최근 추세, 거래량, 변동성, 수급 등 20거래일 방향성을 판단할 핵심 데이터가 부족합니다."", ""상장 시장이 KOSPI라는 정보 외에 실적, 밸류에이션, 기술적 지표가 없어 상승 또는 하락 근거를 우세하게 만들 수 없습니다."", ""제공된 데이터만으로는 향후 20거래일 내 주가가 상승하거나 하락할 확률을 구분할 수 없어 Neutral이 가장 적절합니다.""]",0.0,-7.957707289927657,0.37241553324565485,-4.881094014951556
207940,삼성바이오로직스,2025-12-01,1649000,Neutral,50,"[""제공된 정보가 종목명, 현재가, 시장 구분뿐이라 20거래일 방향성을 판단할 수 있는 가격·거래량·실적·수급 데이터가 없다."", ""상승 또는 하락을 지지하는 정량적 근거가 전혀 제시되지 않아 Buy와 Sell 중 어느 쪽도 우위라고 보기 어렵다."", ""주어진 데이터만을 근거로 하면 방향성 확신이 불가능하므로 적극적 중립 판단이 가장 타당하다.""]",0.36275695284159615,1.7533252720677146,-3.3574584201436712,-6.124159439804591
068270,셀트리온,2023-01-02,147192,Neutral,42,"[""제공된 정보가 종목명, 현재가, 시장 구분뿐이라 20거래일 방향성을 판단할 수 있는 가격 추세·거래량·실적·밸류에이션 데이터가 없다."", ""상승과 하락을 가를 수 있는 기술적 지표나 수급 정보가 전혀 없어 Buy 또는 Sell을 강하게 선택할 근거가 부족하다."", ""브랜드 이미지나 과거 명성은 배제해야 하므로, 현재 제공 데이터만으로는 방향성이 불명확해 Neutral이 가장 적절하다.""]",3.7737912929337125,6.541238241085101,-2.2040874457757957,-4.735737257860232
068270,셀트리온,2023-02-01,156208,Neutral,42,"[""제공된 정보가 종목명, 현재가, 시장 구분뿐이라 20거래일 방향성을 판단할 수 있는 가격 추세·거래량·실적·수급 데이터가 없다."", ""상승과 하락을 가를 기술적·기본적 근거가 전혀 제시되지 않아 Buy 또는 Sell을 선택할 만한 객관적 근거가 부족하다."", ""주어진 데이터만 기준으로는 방향성이 불명확하므로 적극적 판단으로는 Neutral이 가장 적절하다.""]",-2.2433264887063658,-11.098562628336756,-2.755299529113347,-9.60760316493635
068270,셀트리온,2023-03-02,132197,Neutral,42,"[""현재가 132,197원만으로는 20거래일 내 상승·하락 방향을 판단할 수 있는 추세, 모멘텀, 밸류에이션 정보가 제공되지 않았습니다."", ""종목명과 시장 정보(KOSPI) 외에 거래량, 이동평균, 실적, 수급, 변동성 등 방향성을 결정할 핵심 데이터가 없어 우위 판단이 어렵습니다."", ""제공된 데이터만을 근거로 해야 하므로 상승과 하락 근거가 모두 부족해 적극적 선택은 Neutral이 적절합니다.""]",2.7226007622127266,-0.5312391731146784,4.263674826692779,-2.3728802443009505
068270,셀트리온,2023-04-03,137992,Neutral,42,"[""제공된 정보가 종목명, 현재가, 시장 구분뿐이라 20거래일 방향성을 판단할 수 있는 가격·거래량·실적·수급 데이터가 없다."", ""상승과 하락을 가늠할 수 있는 기술적 지표나 이벤트 정보가 없어 Buy 또는 Sell 근거가 모두 부족하다."", ""주어진 데이터만으로는 방향성이 불명확하므로 적극적 판단으로는 Neutral이 가장 적절하다.""]",7.421105884926712,0.0,4.705938439522344,-0.8421655224127245
068270,셀트리온,2023-05-02,147560,Neutral,42,"[""제공된 정보가 종목명, 현재가, 시장 구분뿐이라 20거래일 방향성을 판단할 수 있는 가격 추세·거래량·실적·밸류에이션 데이터가 없다."", ""상승과 하락을 지지하는 정량 지표가 전혀 없어 Buy 또는 Sell을 선택할 근거가 부족하다."", ""브랜드 이미지나 과거 명성을 배제해야 하므로, 현재 제공 데이터만으로는 방향성 확신이 불가능하다.""]",6.03806606869394,9.119995624589805,6.453833239078528,5.123833475393354
068270,셀트리온,2023-06-01,161360,Neutral,52,"[""제공된 정보가 종목명, 현재가, 시장 구분뿐이라 20거래일 방향을 판단할 수 있는 가격·거래량·실적·수급 데이터가 없다."", ""상승과 하락을 가늠할 기술적 지표나 펀더멘털 지표가 전혀 없어 Buy 또는 Sell을 강하게 선택할 근거가 부족하다."", ""주어진 데이터만 기준으로 하면 방향성 우위가 확인되지 않으므로 Neutral이 가장 적절하다.""]",-3.7465854697641783,-12.623111044282384,-4.822561113273719,-12.665781032288645
068270,셀트리온,2023-07-03,139464,Neutral,41,"[""제공된 정보가 종목명, 현재가, 시장 구분뿐이라 20거래일 방향성을 판단할 수 있는 가격 추세·거래량·실적·밸류에이션 데이터가 없다."", ""상승과 하락을 가늠할 수 있는 기술적 지표나 수급 정보가 전혀 없어 Buy 또는 Sell을 지지할 근거가 부족하다."", ""브랜드 이미지나 과거 명성은 배제해야 하므로, 현재 제공 데이터만으로는 방향성이 불명확해 Neutral이 가장 적절하다.""]",-2.2015793939130246,0.7331346400678748,-1.013136824378331,-2.111106889097563
068270,셀트리온,2023-08-01,138912,Neutral,42,"[""제공된 정보가 종목명, 현재가, 상장 시장뿐이라 20거래일 방향성을 판단할 수 있는 가격 추세·실적·수급·밸류에이션 데이터가 없다."", ""상승과 하락을 가늠할 기술적 지표나 이벤트 정보가 전혀 없어 Buy 또는 Sell을 지지할 근거가 부족하다."", ""주어진 데이터만으로는 방향성이 불명확하므로 적극적 판단으로는 Neutral이 가장 적절하다.""]",4.6616673888933775,-2.770412697480041,5.0954579540441305,-0.46960282769365636
068270,셀트리온,2023-09-01,132381,Neutral,41,"[""제공된 정보가 종목명, 현재가, 시장 구분뿐이라 20거래일 방향성을 판단할 수 있는 가격 추세·거래량·실적·밸류에이션 데이터가 없다."", ""상승과 하락을 가늠할 수 있는 기술적 지표나 수급 지표가 전혀 없어 Buy 또는 Sell을 지지할 근거가 부족하다."", ""주어진 데이터만으로는 방향성이 불명확하므로 적극적 판단으로는 Neutral이 가장 적절하다.""]",2.612587036428294,-5.841526462062577,3.683179596061502,0.9612051546598765
068270,셀트리온,2023-10-04,125021,Neutral,50,"[""현재가 125,021원만 제공되어 추세, 거래량, 변동성, 수급 등 20거래일 방향성을 판단할 핵심 데이터가 없다."", ""상장 시장이 KOSPI라는 정보 외에 기술적·재무적·수급적 근거가 없어 상승 또는 하락 우위를 정하기 어렵다."", ""제공된 데이터만으로는 Buy와 Sell 중 어느 쪽도 우세하다고 볼 수 없어 방향성 불명확에 해당한다.""]",9.18020618556701,13.73278350515464,6.993902308049945,15.199749722495286
068270,셀트리온,2023-11-01,137440,Neutral,50,"[""제공된 정보가 종목명, 현재가, 시장 구분뿐이라 20거래일 방향성을 판단할 수 있는 가격·거래량·실적·수급 데이터가 없다."", ""상승과 하락을 가늠할 기술적 지표나 이벤트 정보가 없어 Buy와 Sell 중 어느 쪽도 우위라고 보기 어렵다."", ""브랜드 이미지와 과거 명성을 배제해야 하므로, 현재 주어진 데이터만으로는 방향성 확신이 불가능하다.""]",5.474283060489957,8.745500986880298,1.8910265478060122,0.5440431016674161
068270,셀트리온,2023-12-01,150044,Neutral,42,"[""현재가 정보만 제공되어 20거래일 내 상승·하락을 판단할 수 있는 추세, 모멘텀, 거래량, 실적 관련 근거가 없다."", ""종목명과 시장 정보 외에 기술적 지표나 수급 데이터가 없어 Buy 또는 Sell을 지지할 만한 객관적 신호가 확인되지 않는다."", ""제공된 데이터만으로는 방향성이 불명확하므로 적극적 판단은 Neutral이 적절하다.""]",9.286421007594395,34.07115734303134,8.872496277480463,31.20549400976427
068270,셀트리온,2024-01-02,212969,Neutral,41,"[""제공된 정보가 종목명, 현재가, 시장 구분뿐이라 20거래일 방향성을 판단할 수 있는 가격·거래량·실적·수급 데이터가 없다."", ""상승과 하락을 가늠할 수 있는 기술적 지표나 이벤트 정보가 없어 Buy 또는 Sell을 정당화할 근거가 부족하다."", ""주어진 데이터만으로는 방향성이 불명확하므로 적극적 판단으로는 Neutral이 가장 적절하다.""]",-11.01521817729341,-22.376026557855837,-8.509570594152168,-18.148681132877613
068270,셀트리온,2024-02-01,164395,Neutral,42,"[""현재가 164,395원만으로는 20거래일 내 상승·하락 방향을 판단할 수 있는 추세, 모멘텀, 밸류에이션 정보가 제공되지 않았습니다."", ""종목명과 시장 정보 외에 실적, 수급, 기술적 지표, 이벤트 등 방향성을 결정할 근거 데이터가 없어 Buy 또는 Sell을 정당화하기 어렵습니다."", ""제공된 데이터만을 근거로 하면 상승과 하락 어느 쪽도 우위라고 볼 수 없어 Neutral이 가장 적절합니다.""]",1.9022750500676429,-1.8479243343514247,0.5896199537310738,-2.8489528931073593
068270,셀트리온,2024-03-04,162003,Neutral,42,"[""제공된 정보가 종목명, 현재가, 시장 구분뿐이라 20거래일 방향성을 판단할 수 있는 가격 추세·거래량·실적·밸류에이션 데이터가 없다."", ""상승과 하락을 가를 수 있는 기술적 지표나 수급 지표가 전혀 없어 Buy 또는 Sell을 선택할 근거가 부족하다."", ""브랜드 이미지나 과거 명성은 배제해야 하므로, 현재 제공 데이터만으로는 방향성이 불명확해 Neutral이 가장 적절하다.""]",3.355634151167392,4.550232489117531,2.132338310599722,0.6338740683430251
068270,셀트리온,2024-04-01,173043,Neutral,50,"[""현재가 173,043원만으로는 향후 20거래일 방향을 판단할 수 있는 추세·모멘텀·밸류에이션 정보가 제공되지 않았습니다."", ""상장 시장이 KOSPI라는 사실은 유동성 정보일 뿐, 단기 주가 상승 또는 하락을 직접적으로 지지하는 근거가 아닙니다."", ""제공된 데이터가 종목명과 현재가에 한정되어 있어 상승·하락 근거가 균형을 이루기보다 아예 부족하므로 Neutral이 가장 적절합니다.""]",-1.3602465003223194,2.0131648204770323,0.38320466125201724,4.53790003383186
068270,셀트리온,2024-05-02,172491,Neutral,42,"[""현재가 172,491원만으로는 향후 20거래일 방향을 판단할 수 있는 추세·모멘텀·밸류에이션 정보가 제공되지 않았습니다."", ""상승과 하락을 가를 수 있는 거래량, 실적, 수급, 기술적 지표 등 핵심 데이터가 없어 Buy 또는 Sell 근거가 부족합니다."", ""제공된 정보가 종목명, 시장, 현재가에 한정되어 있어 방향성 확신이 낮으므로 Neutral이 가장 적절합니다.""]",0.9524302500129407,-0.47621512500647034,-0.9372593970432428,0.06663166367930995
068270,셀트리온,2024-06-03,164671,Neutral,42,"[""현재가 정보만 제공되어 20거래일 내 상승·하락을 판단할 수 있는 추세, 모멘텀, 밸류에이션 근거가 부족합니다."", ""거래량, 재무지표, 실적 추정치, 수급, 기술적 지표 등 방향성을 뒷받침할 추가 데이터가 없어 Buy 또는 Sell을 확정하기 어렵습니다."", ""제공된 데이터만으로는 상승과 하락 중 어느 쪽 우위도 확인되지 않아 Neutral이 가장 적절합니다.""]",-0.2658298804343429,-3.349456493472721,-2.7477050917336996,-8.304567120421382
068270,셀트리온,2024-07-01,169363,Neutral,42,"[""현재가 169,363원만으로는 20거래일 방향성을 판단할 수 있는 추세·모멘텀·밸류에이션 데이터가 제공되지 않았습니다."", ""상승 또는 하락을 지지하는 거래량, 실적, 수급, 기술적 지표가 없어 Buy와 Sell 중 어느 쪽도 우세하다고 보기 어렵습니다."", ""제공된 정보가 종목명, 시장, 현재가에 한정되어 있어 방향성 확신이 낮으므로 Neutral이 가장 적절합니다.""]",1.4634922318256536,13.279247750852821,-1.6477755054930168,14.813665161294198
068270,셀트리온,2024-08-01,183990,Neutral,50,"[""현재가 183,990원만으로는 향후 20거래일 방향을 판단할 수 있는 추세·모멘텀·밸류에이션 정보가 제공되지 않았습니다."", ""상승 또는 하락을 지지하는 거래량, 실적, 수급, 기술적 지표가 제시되지 않아 Buy와 Sell 중 우위를 둘 근거가 부족합니다."", ""제공된 데이터가 종목명, 현재가, 시장 구분에 한정되어 있어 방향성이 불명확하므로 Neutral이 가장 적절합니다.""]",1.2397390259514212,1.8079527461791558,4.519027865682539,1.628219618112765
068270,셀트리온,2024-09-02,181322,Neutral,42,"[""제공된 정보가 종목명, 현재가, 시장 구분뿐이라 20거래일 방향성을 판단할 수 있는 가격·거래량·실적·수급 데이터가 없다."", ""상승과 하락을 가늠할 수 있는 기술적 지표나 펀더멘털 지표가 전혀 없어 Buy 또는 Sell 근거가 부족하다."", ""주어진 데이터만으로는 방향성이 불명확하므로 적극적 판단으로는 Neutral이 가장 적절하다.""]",-0.6097190877940308,-2.944308644768279,4.689328059464698,-0.3071695297691992
068270,셀트리온,2024-10-02,175711,Neutral,42,"[""제공된 정보가 종목명, 현재가, 시장 구분뿐이라 20거래일 방향성을 판단할 수 있는 가격·거래량·실적·수급 데이터가 없다."", ""상승 또는 하락을 지지하는 기술적 지표나 펀더멘털 지표가 전혀 제시되지 않아 Buy와 Sell 중 우위를 둘 근거가 부족하다."", ""브랜드 이미지와 과거 명성을 배제해야 하므로, 현재 제공 데이터만으로는 방향성 확신이 불가능해 Neutral이 적절하다.""]",1.6082357918488226,-2.750528839373854,-0.47682439003940313,-3.5000297558196696
068270,셀트리온,2024-11-01,166604,Neutral,42,"[""현재가 166,604원만으로는 향후 20거래일 방향을 판단할 수 있는 추세·모멘텀 정보가 제공되지 않았습니다."", ""재무, 실적, 수급, 기술적 지표 등 방향성을 뒷받침할 추가 데이터가 없어 상승·하락 근거를 비교할 수 없습니다."", ""제공된 정보가 종목명, 현재가, 시장 구분에 한정되어 있어 Buy 또는 Sell을 선택할 만큼의 확신이 없습니다.""]",-7.0974889645531585,-1.4942082030638228,-4.883867331239526,3.7005217474570324
068270,셀트리온,2024-12-02,169823,Neutral,42,"[""현재가 169,823원만으로는 향후 20거래일 방향을 판단할 수 있는 추세·모멘텀·밸류에이션 정보가 제공되지 않았습니다."", ""상장 시장이 KOSPI라는 사실 외에 거래량, 이동평균, 실적, 수급, 변동성 등 방향성을 뒷받침할 데이터가 없습니다."", ""제공된 데이터만 근거로 하면 상승과 하락 어느 쪽도 우세하다고 보기 어려워 적극적 판단은 Neutral이 적절합니다.""]",-2.5683527297471778,1.341173323097145,0.7219156595172427,3.6682802388205094
068270,셀트리온,2025-01-02,173667,Neutral,42,"[""제공된 정보가 종목명, 현재가, 시장 구분뿐이라 20거래일 방향성을 판단할 수 있는 가격·거래량·실적·수급 데이터가 없다."", ""상승과 하락을 가늠할 수 있는 기술적 지표나 펀더멘털 지표가 전혀 없어 Buy 또는 Sell 근거가 부족하다."", ""주어진 데이터만으로는 방향성이 불명확하므로 적극적 판단으로는 Neutral이 가장 적절하다.""]",2.321443943872134,0.05509483772848575,-0.7032251689571201,-3.8283247665173508
068270,셀트리온,2025-02-03,169525,Neutral,42,"[""제공된 정보가 종목명, 현재가, 시장 구분뿐이라 20거래일 방향성을 판단할 수 있는 가격·거래량·실적·밸류에이션 데이터가 없다."", ""상승과 하락을 가늠할 수 있는 기술적 지표나 수급 지표가 전혀 없어 Buy 또는 Sell 근거가 부족하다."", ""브랜드 이미지와 과거 명성은 배제해야 하므로, 현재 제공 데이터만으로는 방향성이 불명확해 Neutral이 적절하다.""]",1.2968696049112498,4.11533712172198,-1.0144585625875162,1.035178036582416
068270,셀트리온,2025-03-04,176749,Neutral,41,"[""제공된 정보가 종목명, 현재가, 시장 구분뿐이라 20거래일 방향을 판단할 수 있는 가격·거래량·실적·수급 데이터가 없다."", ""상승 또는 하락을 지지하는 기술적 지표나 펀더멘털 근거가 전혀 제시되지 않아 Buy와 Sell 중 우위를 둘 수 없다."", ""주어진 데이터만으로는 방향성이 불명확하므로 적극적 판단으로는 Neutral이 가장 적절하다.""]",1.1910851297040554,-8.12118827464096,0.5386554251933365,-6.0778988405621615
068270,셀트리온,2025-04-01,168369,Neutral,41,"[""제공된 정보가 종목명, 현재가, 시장 구분뿐이라 20거래일 방향성을 판단할 수 있는 가격 추세·거래량·실적·밸류에이션 데이터가 없다."", ""상승과 하락을 가늠할 수 있는 기술적 지표나 수급 정보가 전혀 없어 Buy 또는 Sell을 지지할 근거가 부족하다."", ""브랜드 이미지나 과거 명성은 배제해야 하므로, 현재 제공 데이터만으로는 방향성 확신이 불가능해 Neutral이 적절하다.""]",-8.957095749952588,-4.949925668524443,-0.4905413534579601,-6.975178475943852
068270,셀트리온,2025-05-02,156425,Neutral,52,"[""제공된 정보가 종목명, 현재가, 시장 구분뿐이라 20거래일 방향성을 판단할 수 있는 가격 추세·거래량·실적·밸류에이션 데이터가 없다."", ""상승과 하락을 가를 수 있는 기술적 지표나 수급 지표가 전혀 없어 Buy 또는 Sell을 강하게 선택할 근거가 부족하다."", ""브랜드 이미지나 과거 명성은 배제해야 하므로, 현재 주어진 데이터만으로는 방향성이 불명확해 Neutral이 가장 적절하다.""]",-3.7434505806234335,1.7467277190210035,-6.337669245632369,-7.51001328649613
068270,셀트리온,2025-06-02,155077,Neutral,42,"[""제공된 정보가 종목명, 현재가, 시장 구분뿐이라 20거래일 방향을 판단할 수 있는 가격·거래량·실적·수급 데이터가 없다."", ""상승과 하락을 가를 기술적 또는 펀더멘털 근거가 전혀 제시되지 않아 Buy와 Sell 중 어느 쪽도 우위라고 보기 어렵다."", ""주어진 데이터만으로는 방향성이 불명확하므로 적극적 판단은 Neutral이 적절하다.""]",6.018952747501536,11.452504932242311,0.6346649502992419,-1.0141116894319762
068270,셀트리온,2025-07-01,160400,Neutral,41,"[""제공된 정보가 종목명, 현재가, 시장 구분뿐이라 20거래일 방향성을 판단할 수 있는 가격·거래량·실적·수급 데이터가 없다."", ""상승 또는 하락을 지지하는 기술적 지표나 펀더멘털 지표가 전혀 제시되지 않아 Buy와 Sell 중 우위를 둘 근거가 부족하다."", ""브랜드 이미지와 과거 명성을 배제하고 제공 데이터만 사용해야 하므로, 현재 입력만으로는 방향성 확신이 불가능해 Neutral이 적절하다.""]",4.262877442273535,6.631142687981054,2.354621993599368,0.7967849843915351
068270,셀트리온,2025-08-01,171300,Neutral,42,"[""제공된 정보가 종목명, 현재가, 시장 구분뿐이라 20거래일 방향성을 판단할 수 있는 가격·거래량·실적·수급 데이터가 없다."", ""상승과 하락을 가늠할 기술적 지표나 펀더멘털 지표가 전혀 없어 Buy 또는 Sell 근거를 만들 수 없다."", ""주어진 데이터만으로는 방향성이 불명확하므로 적극적 판단은 Neutral이 적절하다.""]",-0.5175388154111558,-1.5526164462334675,-2.3925288876850015,-2.3341270490449966
068270,셀트리온,2025-09-01,169800,Neutral,42,"[""제공된 정보가 종목명, 현재가, 상장 시장뿐이라 20거래일 방향성을 판단할 수 있는 가격·거래량·실적·수급 데이터가 없다."", ""상승과 하락을 가늠할 수 있는 기술적 지표나 펀더멘털 지표가 전혀 없어 Buy 또는 Sell 근거가 부족하다."", ""주어진 데이터만으로는 방향성이 불명확하므로 적극적 판단으로는 Neutral이 가장 적절하다.""]",-0.9929906542056074,1.2850467289719625,-3.757502766677443,-6.666471861347517
068270,셀트리온,2025-10-01,175100,Neutral,42,"[""현재가 175,100원만으로는 20거래일 방향성을 판단할 수 있는 추세·밸류에이션·수급 데이터가 제공되지 않았습니다."", ""상승 또는 하락을 지지하는 기술적 지표, 실적 추정치, 거래량, 외국인·기관 수급 정보가 없어 근거가 부족합니다."", ""제공된 정보가 종목명, 시장, 현재가에 한정되어 있어 Buy와 Sell 중 어느 쪽도 우위라고 보기 어렵습니다.""]",0.34207525655644244,-0.3990877993158495,-5.269314320278962,-13.845460372367311
068270,셀트리온,2025-11-03,174600,Neutral,42,"[""현재가 174,600원만으로는 향후 20거래일 방향을 판단할 수 있는 추세·모멘텀 정보가 제공되지 않았습니다."", ""거래량, 재무지표, 실적 추정치, 수급, 기술적 지표 등 상승·하락 판단에 필요한 핵심 데이터가 없어 우위 방향을 정하기 어렵습니다."", ""제공된 정보가 종목명과 시장 구분뿐이므로 상승과 하락 근거가 균형을 이루는 것이 아니라 아예 방향성 판단 근거가 부족합니다.""]",-1.9852524106636416,4.480998298355077,-1.6128368774179866,7.557611573331178
068270,셀트리온,2025-12-01,185800,Neutral,42,"[""제공된 정보가 종목명과 현재가뿐이라 20거래일 방향성을 판단할 수 있는 가격 추세, 거래량, 실적, 수급 데이터가 없다."", ""상승·하락을 지지하는 정량적 근거가 전혀 없어 Buy 또는 Sell을 선택할 만한 우위가 확인되지 않는다."", ""브랜드 이미지나 과거 명성은 배제해야 하므로, 현재 제공 데이터만으로는 방향성 확신이 불가능하다.""]",1.6829533116178068,9.93485342019544,-2.0372620613674606,2.0573687083231347
373220,LG에너지솔루션,2023-01-02,446000,Neutral,42,"[""제공된 데이터가 종목명, 현재가, 상장 시장뿐이라 20거래일 방향을 판단할 수 있는 가격·거래량·실적·수급 정보가 없다."", ""상승 또는 하락을 지지하는 정량 지표가 전혀 없어 Buy와 Sell 중 어느 쪽도 우위라고 보기 어렵다."", ""주어진 정보만으로는 방향성을 확신할 수 없으므로 적극적 판단으로는 Neutral이 가장 적절하다.""]",7.491486946651532,20.998864926220204,1.513608207942024,9.72188942727487
373220,LG에너지솔루션,2023-02-01,522000,Neutral,42,"[""제공된 정보가 종목명, 현재가, 시장 구분뿐이라 20거래일 방향성을 판단할 수 있는 가격·실적·수급·밸류에이션 데이터가 없다."", ""상승과 하락을 가늠할 수 있는 기술적 지표나 최근 추세 정보가 없어 Buy 또는 Sell 근거를 만들 수 없다."", ""브랜드 이미지와 과거 명성은 배제해야 하므로, 현재 제공 데이터만으로는 방향성이 불명확해 Neutral이 가장 적절하다.""]",3.189493433395872,0.9380863039399625,2.677520392988891,2.4290457673403685
373220,LG에너지솔루션,2023-03-02,535000,Neutral,52,"[""제공된 정보가 종목명, 현재가, 시장 구분뿐이라 20거래일 방향성을 판단할 수 있는 가격·거래량·실적·수급 데이터가 없다."", ""상승과 하락을 가늠할 수 있는 기술적 지표나 펀더멘털 지표가 전혀 없어 Buy 또는 Sell 근거가 부족하다."", ""주어진 데이터만으로는 방향성이 불명확하므로 적극적 판단으로는 Neutral이 가장 적절하다.""]",2.41635687732342,8.550185873605948,3.957430941803473,6.708544802419675
373220,LG에너지솔루션,2023-04-03,586000,Neutral,50,"[""판단에 필요한 재무·실적·밸류에이션·수급·기술적 지표가 제공되지 않아 20거래일 방향성을 데이터로 검증할 수 없습니다."", ""현재가 586,000원과 상장 시장 정보만으로는 상승 또는 하락 우위를 뒷받침할 근거가 부족합니다."", ""제공된 데이터만을 근거로 해야 하므로, 확신 가능한 매수·매도 신호가 없어 Neutral이 가장 적절합니다.""]",6.086956521739131,-1.391304347826087,3.371789076334762,-2.233469870238811
373220,LG에너지솔루션,2023-05-02,591000,Neutral,42,"[""제공된 정보가 종목명과 현재가뿐이라 20거래일 방향성을 판단할 수 있는 가격 추세, 거래량, 실적, 밸류에이션 데이터가 없다."", ""상승과 하락을 가를 수 있는 기술적·펀더멘털 근거가 전혀 제시되지 않아 Buy 또는 Sell을 선택할 만한 우위가 없다."", ""주어진 데이터만으로는 방향성이 불명확하므로 적극적 판단으로는 Neutral이 가장 적절하다.""]",-2.4691358024691357,3.7037037037037033,-2.0533686320845472,-0.2924584454927479
373220,LG에너지솔루션,2023-06-01,584000,Neutral,42,"[""제공된 정보가 종목명, 현재가, 시장 구분뿐이라 20거래일 방향을 판단할 수 있는 가격 추세·거래량·실적·밸류에이션 데이터가 없다."", ""상승과 하락을 가를 수 있는 기술적 지표나 수급 정보가 전혀 없어 Buy 또는 Sell 근거를 만들 수 없다."", ""주어진 데이터만으로는 방향성이 불명확하므로 적극적 선택으로서 Neutral이 가장 적절하다.""]",4.081632653061225,-2.5510204081632653,3.005657009551684,-2.593690396169526
373220,LG에너지솔루션,2023-07-03,573000,Neutral,42,"[""현재가 573,000원만으로는 20거래일 내 방향성을 판단할 수 있는 추세·모멘텀·밸류에이션 데이터가 제공되지 않았습니다."", ""종목 정보에 시장과 가격만 있고 실적, 수급, 기술적 지표, 이벤트 등 상승·하락 근거가 없어 Buy 또는 Sell을 단정하기 어렵습니다."", ""제공된 데이터만 근거로 하면 상승과 하락 가능성을 비교할 정보가 부족하므로 방향성 확신이 낮아 Neutral이 적절합니다.""]",-3.3391915641476277,-2.10896309314587,-2.1507489946129343,-4.953204622311308
373220,LG에너지솔루션,2023-08-01,557000,Neutral,42,"[""현재가 557,000원만으로는 향후 20거래일 방향을 판단할 수 있는 추세·모멘텀 정보가 제공되지 않았습니다."", ""재무, 실적, 수급, 기술적 지표 등 상승 또는 하락을 뒷받침할 추가 데이터가 없어 Buy와 Sell 중 우위를 정하기 어렵습니다."", ""제공된 정보가 종목명, 현재가, 시장 구분에 한정되어 있어 방향성 확신이 낮으므로 Neutral이 적절합니다.""]",1.6544117647058825,0.0,2.0882023298566357,2.300809869786385
373220,LG에너지솔루션,2023-09-01,522000,Neutral,52,"[""제공된 데이터가 종목명, 현재가, 시장 정보뿐이라 20거래일 방향을 판단할 수 있는 가격·거래량·실적·수급 근거가 없다."", ""상승과 하락을 가를 기술적 지표나 펀더멘털 수치가 전혀 없어 Buy 또는 Sell을 단정할 근거가 부족하다."", ""주어진 정보만으로는 방향성이 불명확하므로 적극적 선택으로서 Neutral이 가장 적절하다.""]",-4.150943396226415,-12.452830188679245,-3.0803508365932073,-5.650098571956792
373220,LG에너지솔루션,2023-10-04,456000,Neutral,42,"[""현재가 456,000원만 제시되어 있어 추세, 모멘텀, 변동성, 거래량 등 20거래일 방향성을 판단할 핵심 데이터가 부족합니다."", ""기업 실적, 밸류에이션, 수급, 기술적 지표가 제공되지 않아 상승 또는 하락 근거를 데이터로 검증할 수 없습니다."", ""제공된 정보만으로는 Buy와 Sell 중 어느 쪽도 우위라고 보기 어려워 방향성 확신이 불가능합니다.""]",3.5294117647058822,-14.010695187165775,1.343107887188817,-12.543728969825128
373220,LG에너지솔루션,2023-11-01,377500,Neutral,42,"[""제공된 정보가 종목명, 현재가, 시장 구분뿐이라 20거래일 방향성을 판단할 수 있는 가격 추세·거래량·실적·밸류에이션 데이터가 없다."", ""상승과 하락을 가늠할 수 있는 기술적 지표나 수급 정보가 전혀 없어 Buy 또는 Sell을 지지할 근거가 부족하다."", ""주어진 데이터만으로는 방향성이 불명확하므로 적극적 판단으로는 Neutral이 가장 적절하다.""]",9.578544061302683,16.091954022988507,5.995287548618738,7.890496137775624
373220,LG에너지솔루션,2023-12-01,428500,Neutral,42,"[""제공된 정보가 종목명, 현재가, 상장 시장뿐이라 20거래일 방향을 판단할 수 있는 가격 추세·실적·수급 데이터가 없다."", ""상승과 하락을 가늠할 기술적 지표나 밸류에이션, 이벤트 정보가 없어 Buy 또는 Sell 근거를 만들 수 없다."", ""주어진 데이터만으로는 방향성이 불명확하므로 적극적 판단으로는 Neutral이 가장 적절하다.""]",-0.3488372093023256,-2.558139534883721,-0.7627619394162567,-5.423802868150791
373220,LG에너지솔루션,2024-01-02,429500,Neutral,42,"[""제공된 정보가 종목명, 현재가, 시장 구분뿐이라 20거래일 방향성을 판단할 수 있는 가격·거래량·실적 데이터가 없다."", ""상승 또는 하락을 지지하는 기술적 지표나 펀더멘털 수치가 전혀 없어 Buy와 Sell 중 어느 쪽도 근거가 부족하다."", ""브랜드 이미지와 과거 명성을 배제해야 하므로, 현재 제공 데이터만으로는 방향성 확신이 불가능해 Neutral이 적절하다.""]",-1.3221153846153846,-8.413461538461538,1.1835321985258576,-4.186116113483312
373220,LG에너지솔루션,2024-02-01,381500,Neutral,42,"[""제공된 정보가 종목명, 현재가, 시장 구분뿐이라 20거래일 방향성을 판단할 수 있는 가격·실적·수급 데이터가 없다."", ""상승 또는 하락을 지지하는 기술적 지표, 밸류에이션, 실적 추정치, 이벤트 정보가 전혀 없어 Buy와 Sell 중 우위를 둘 근거가 부족하다."", ""주어진 데이터만으로는 방향성이 불명확하므로 적극적 판단으로는 Neutral이 가장 적절하다.""]",1.5483870967741935,-0.12903225806451613,0.23573200043762443,-1.1300608168204507
373220,LG에너지솔루션,2024-03-04,398500,Neutral,42,"[""제공된 정보가 종목명과 현재가뿐이라 20거래일 방향성을 판단할 수 있는 재무·실적·수급·기술적 데이터가 없다."", ""상승과 하락을 가늠할 수 있는 비교 기준이 전혀 없어 Buy 또는 Sell을 선택할 근거가 부족하다."", ""브랜드 이미지나 과거 명성은 배제해야 하므로, 현재 제공 데이터만으로는 방향성 확신이 불가능하다.""]",8.258064516129032,1.4193548387096775,7.034768675561362,-2.497003582064828
373220,LG에너지솔루션,2024-04-01,395500,Neutral,42,"[""현재가 395,500원만으로는 향후 20거래일 방향을 판단할 수 있는 추세·모멘텀·밸류에이션 정보가 제공되지 않았습니다."", ""거래량, 실적, 수급, 기술적 지표 등 상승 또는 하락 근거가 되는 핵심 데이터가 없어 Buy 또는 Sell을 정당화하기 어렵습니다."", ""제공된 정보가 종목명, 시장, 현재가에 한정되어 있어 상승·하락 근거가 균형을 이루기보다 방향성 자체를 확신할 수 없는 상태입니다.""]",-4.8346055979643765,-1.0178117048346056,-3.09115443639004,1.5069235085202217
373220,LG에너지솔루션,2024-05-02,389000,Neutral,52,"[""제공된 정보가 종목명, 현재가, 상장 시장뿐이라 20거래일 방향을 판단할 수 있는 가격·거래량·실적·수급 데이터가 없다."", ""상승과 하락을 가늠할 수 있는 기술적 지표나 펀더멘털 근거가 전혀 제시되지 않아 Buy 또는 Sell을 정당화하기 어렵다."", ""주어진 데이터만으로는 방향성이 불명확하므로 적극적 선택으로서 Neutral이 가장 적절하다.""]",-2.4296675191815855,-13.938618925831204,-4.3193571662377686,-13.395772137145423
373220,LG에너지솔루션,2024-06-03,332000,Neutral,41,"[""제공된 정보가 종목명, 현재가, 상장 시장뿐이라 20거래일 방향성을 판단할 수 있는 가격·거래량·실적·수급 데이터가 없다."", ""상승과 하락을 가늠할 수 있는 기술적 지표나 펀더멘털 근거가 전혀 없어 Buy 또는 Sell을 선택할 만한 우위가 없다."", ""주어진 데이터만으로는 방향성이 불명확하므로 적극적 판단으로는 Neutral이 가장 적절하다.""]",4.457652303120357,6.389301634472511,1.975777091821,1.4341910075238493
373220,LG에너지솔루션,2024-07-01,347000,Neutral,42,"[""제공된 정보가 종목명, 현재가, 시장 구분뿐이라 20거래일 방향성을 판단할 수 있는 가격·거래량·실적·수급 데이터가 없다."", ""상승과 하락을 가를 기술적 지표나 펀더멘털 근거가 전혀 없어 Buy 또는 Sell을 선택할 만한 우위가 없다."", ""주어진 데이터만으로는 방향성이 불명확하므로 적극적 판단으로는 Neutral이 가장 적절하다.""]",5.676855895196507,-3.056768558951965,2.5655881578778366,-1.5223511485105883
373220,LG에너지솔루션,2024-08-01,333500,Neutral,50,"[""현재가 333,500원만으로는 향후 20거래일 방향을 판단할 수 있는 추세·밸류에이션·수급 데이터가 제공되지 않았습니다."", ""종목명과 시장 정보 외에 실적, 기술적 지표, 거래량, 외국인·기관 수급 등 상승 또는 하락 근거가 없어 Buy/Sell 우위를 정하기 어렵습니다."", ""제공된 데이터만을 근거로 해야 하므로 방향성이 불명확한 상황에 해당해 Neutral이 가장 적절합니다.""]",-4.166666666666666,22.61904761904762,-0.8873778269355479,22.43931449098123
373220,LG에너지솔루션,2024-09-02,412000,Neutral,42,"[""제공된 정보가 종목명, 현재가, 시장 구분뿐이라 20거래일 방향성을 판단할 수 있는 가격·거래량·실적·수급 데이터가 없다."", ""상승과 하락을 가늠할 수 있는 기술적 지표나 펀더멘털 지표가 전혀 없어 Buy 또는 Sell 근거를 만들 수 없다."", ""주어진 데이터만으로는 방향성이 불명확하므로 적극적 판단은 Neutral이 적절하다.""]",-7.664233576642336,6.204379562043796,-2.3651864293836073,8.841518677042876
373220,LG에너지솔루션,2024-10-02,408500,Neutral,42,"[""현재가 408,500원만으로는 향후 20거래일 방향을 판단할 수 있는 추세·모멘텀·밸류에이션 데이터가 제공되지 않았습니다."", ""상승 또는 하락을 지지하는 재무, 수급, 기술적 지표가 없어 Buy와 Sell 중 어느 쪽도 우세하다고 보기 어렵습니다."", ""제공된 정보가 종목명, 시장, 현재가에 한정되어 있어 방향성 확신이 부족하므로 Neutral이 가장 적절합니다.""]",0.6195786864931847,5.5762081784386615,-1.465481495395041,4.826707261992846
373220,LG에너지솔루션,2024-11-01,412500,Neutral,42,"[""제공된 정보가 종목명, 현재가, 상장 시장뿐이라 20거래일 주가 방향을 판단할 수 있는 재무·수급·기술적 근거가 없다."", ""상승과 하락을 가늠할 수 있는 실적, 밸류에이션, 거래량, 추세, 이벤트 데이터가 전혀 없어 Buy 또는 Sell을 정당화하기 어렵다."", ""주어진 데이터만으로는 방향성이 불명확하므로 적극적 판단으로는 Neutral이 가장 적절하다.""]",-2.3474178403755865,-8.098591549295776,-0.13379620706195405,-2.9038615987749203
373220,LG에너지솔루션,2024-12-02,391500,Neutral,42,"[""제공된 정보가 종목명, 현재가, 상장 시장뿐이라 20거래일 방향성을 판단할 수 있는 가격 추세·실적·수급 데이터가 없다."", ""상승과 하락을 가늠할 기술적 지표나 밸류에이션, 이벤트 정보가 전혀 없어 Buy 또는 Sell 근거를 만들 수 없다."", ""주어진 데이터만으로는 방향성이 불명확하므로 적극적 판단으로는 Neutral이 가장 적절하다.""]",-3.022670025188917,-10.327455919395465,0.2675983640755035,-8.0003490036721
373220,LG에너지솔루션,2025-01-02,346000,Neutral,52,"[""제공된 정보가 종목명, 현재가, 시장 구분뿐이라 20거래일 방향성을 판단할 수 있는 가격·거래량·실적·수급 데이터가 없다."", ""상승과 하락을 가늠할 수 있는 기술적 지표나 펀더멘털 지표가 전혀 없어 Buy 또는 Sell을 강하게 선택할 근거가 부족하다."", ""주어진 데이터만으로는 방향성이 불명확하므로 적극적 판단으로는 Neutral이 가장 적절하다.""]",-2.106741573033708,-3.932584269662921,-5.131410685862962,-7.816003873908757
373220,LG에너지솔루션,2025-02-03,336500,Neutral,42,"[""제공된 종목 정보에는 현재가와 시장 구분만 있고, 20거래일 방향성을 판단할 수 있는 실적·밸류에이션·수급·기술적 지표가 없어 상승 또는 하락 근거를 확인할 수 없습니다."", ""LG에너지솔루션의 브랜드 이미지나 과거 명성은 판단에서 배제해야 하므로, 이를 근거로 한 매수 논리는 사용할 수 없습니다."", ""주어진 데이터만으로는 향후 20거래일 내 주가가 상승할지 하락할지 우위를 가를 수 없어 Neutral이 가장 적절합니다.""]",3.003003003003003,0.3003003003003003,0.6916748355042368,-2.779858784839264
373220,LG에너지솔루션,2025-03-04,332000,Neutral,42,"[""제공된 정보가 종목명, 현재가, 시장 구분뿐이라 20거래일 방향성을 판단할 수 있는 가격·거래량·실적·수급 데이터가 없다."", ""상승 또는 하락을 지지하는 정량적 근거가 전혀 제시되지 않아 Buy와 Sell 중 어느 쪽도 우위라고 보기 어렵다."", ""주어진 데이터만을 근거로 해야 하므로 불확실성이 매우 높아 방향성 확신이 불가능하다.""]",4.341317365269461,-1.4970059880239521,3.688887660758742,0.5462834460548467
373220,LG에너지솔루션,2025-04-01,328000,Neutral,42,"[""현재가 328,000원만으로는 향후 20거래일 방향을 판단할 수 있는 추세·밸류에이션·실적 데이터가 제공되지 않았습니다."", ""상승 또는 하락을 지지하는 기술적 지표, 거래량, 수급, 실적 전망 등 핵심 근거가 없어 Buy와 Sell 중 어느 쪽도 우세하다고 보기 어렵습니다."", ""제공된 정보가 종목명, 현재가, 시장 구분에 한정되어 있어 방향성 확신이 불가능하므로 Neutral이 가장 적절합니다.""]",-4.5592705167173255,-1.3677811550151975,3.907283879777302,-3.393033962434606
373220,LG에너지솔루션,2025-05-02,320500,Neutral,52,"[""제공된 정보가 현재가와 종목명뿐이라 20거래일 방향성을 판단할 수 있는 추세·실적·밸류에이션·수급 데이터가 없다."", ""상승과 하락을 가를 기술적 지표나 이벤트 정보가 없어 Buy 또는 Sell을 강하게 선택할 근거가 부족하다."", ""주어진 데이터만으로는 방향성이 불명확하므로 적극적 중립 판단이 가장 타당하다.""]",-2.7906976744186047,-9.767441860465116,-5.38491633942754,-19.024182865982247
373220,LG에너지솔루션,2025-06-02,284500,Neutral,42,"[""제공된 정보가 종목명, 현재가, 상장 시장뿐이라 20거래일 방향성을 판단할 수 있는 가격 추세·거래량·실적·밸류에이션 데이터가 없다."", ""상승 또는 하락을 지지하는 기술적·기본적 근거가 전혀 제시되지 않아 Buy와 Sell 중 어느 쪽도 우위라고 보기 어렵다."", ""주어진 데이터만으로는 변동성이나 수급 방향을 추정할 수 없어 방향성 확신이 부족하므로 Neutral이 적절하다.""]",5.37261698440208,10.398613518197573,-0.011670812800214314,-2.0680031034767143
373220,LG에너지솔루션,2025-07-01,297500,Neutral,42,"[""현재가 297,500원만으로는 향후 20거래일 방향을 판단할 수 있는 추세·모멘텀·밸류에이션 데이터가 제공되지 않았습니다."", ""상승 또는 하락을 지지하는 재무지표, 실적 추정치, 수급, 기술적 지표가 없어 Buy와 Sell 중 어느 쪽도 우세하다고 보기 어렵습니다."", ""제공된 정보가 종목명, 시장, 현재가에 한정되어 있어 방향성 확신이 부족하므로 Neutral이 가장 적절합니다.""]",0.8264462809917356,29.91735537190083,-1.0818091676824313,24.08299766831131
373220,LG에너지솔루션,2025-08-01,373000,Neutral,52,"[""제공된 정보가 종목명, 현재가, 시장 구분뿐이라 20거래일 방향을 판단할 수 있는 가격·거래량·실적·수급 데이터가 없다."", ""상승과 하락을 가늠할 수 있는 정량 근거가 전혀 없어 Buy 또는 Sell을 선택할 만한 우위가 없다."", ""주어진 데이터만 근거로 하면 방향성 확신이 불가능하므로 적극적 중립 판단이 가장 타당하다.""]",3.5952063914780292,-6.790945406125166,1.7202163192041833,-7.572456008936696
373220,LG에너지솔루션,2025-09-01,349000,Neutral,42,"[""현재가 349,000원만으로는 향후 20거래일 방향을 판단할 수 있는 추세·모멘텀 정보가 제공되지 않았습니다."", ""재무, 실적, 수급, 밸류에이션, 기술적 지표 등 상승 또는 하락 근거가 되는 데이터가 없어 Buy/Sell 우위를 정하기 어렵습니다."", ""제공된 정보가 종목명, 현재가, 시장 구분에 한정되어 있어 방향성 확신이 불가능하므로 Neutral이 적절합니다.""]",-0.8571428571428572,-0.7142857142857143,-3.621654969614693,-8.665804304605194
373220,LG에너지솔루션,2025-10-01,347500,Neutral,42,"[""제공된 정보가 종목명, 현재가, 시장 구분뿐이라 20거래일 방향을 판단할 수 있는 가격·거래량·실적·수급 데이터가 없다."", ""상승 또는 하락을 지지하는 정량적 근거가 전혀 제시되지 않아 Buy와 Sell 중 어느 쪽도 우세하다고 보기 어렵다."", ""브랜드 이미지나 과거 명성은 배제해야 하므로, 현재 입력만으로는 방향성 확신이 불가능해 Neutral이 적절하다.""]",5.3884711779448615,17.794486215538846,-0.22291839889054277,4.348113642487384
373220,LG에너지솔루션,2025-11-03,475500,Neutral,42,"[""제공된 정보가 종목명, 현재가, 시장 구분뿐이라 20거래일 방향성을 판단할 수 있는 가격·거래량·실적·수급 데이터가 없다."", ""상승 또는 하락을 지지하는 기술적 지표나 펀더멘털 근거가 전혀 제시되지 않아 Buy와 Sell 중 어느 쪽도 우위라고 보기 어렵다."", ""브랜드 이미지·과거 명성은 배제해야 하므로, 현재 제공 데이터만으로는 방향성 확신이 불가능해 Neutral이 적절하다.""]",0.0,-12.26215644820296,0.37241553324565485,-9.18554317322686
373220,LG에너지솔루션,2025-12-01,413000,Neutral,52,"[""제공된 정보가 종목명, 현재가, 시장 구분뿐이라 20거래일 방향성을 판단할 수 있는 가격 추세·거래량·실적·밸류에이션 데이터가 없다."", ""상승과 하락을 가늠할 수 있는 기술적 지표나 수급 정보가 전혀 없어 Buy 또는 Sell을 지지할 근거가 부족하다."", ""주어진 데이터만으로는 방향성이 불명확하므로 적극적 판단으로는 Neutral이 가장 적절하다.""]",6.8674698795180715,-13.012048192771083,3.1472545065328044,-20.88953290464339
006400,삼성SDI,2023-01-02,589377,Neutral,50,"[""현재가 589,377원만으로는 20거래일 방향성을 판단할 수 있는 추세·밸류에이션·수급 데이터가 제공되지 않았습니다."", ""상승 또는 하락을 지지하는 기술적 지표, 실적 추정치, 거래량 정보가 없어 Buy와 Sell 중 우위를 정하기 어렵습니다."", ""제공된 정보가 종목명, 시장, 현재가에 한정되어 있어 방향성 확신이 부족하므로 Neutral이 적절합니다.""]",1.1569857255007894,18.346994420198712,-4.820893013208719,7.070018921253379
006400,삼성SDI,2023-02-01,704903,Neutral,42,"[""현재가 704,903원만으로는 20거래일 방향성을 판단할 수 있는 추세·모멘텀·밸류에이션 정보가 제공되지 않았습니다."", ""상승 또는 하락을 지지하는 거래량, 실적, 수급, 기술적 지표가 없어 Buy와 Sell 중 어느 쪽도 우세하다고 보기 어렵습니다."", ""제공된 데이터가 종목명, 현재가, 시장 정보에 한정되어 있어 방향성 확신이 부족하므로 Neutral이 가장 적절합니다.""]",3.0726675387703337,2.0950459851609233,2.5606944983633526,3.5860054485613295
006400,삼성SDI,2023-03-02,695113,Neutral,50,"[""현재 제공된 데이터가 종목명, 현재가, 시장 정보뿐이라 20거래일 방향성을 판단할 수 있는 가격·거래량·실적·수급 근거가 부족합니다."", ""상승과 하락을 가를 수 있는 기술적 지표나 최근 추세 정보가 없어 Buy 또는 Sell을 우선할 만한 근거가 없습니다."", ""제공된 정보만으로는 방향성이 불명확하므로 적극적 선택으로서 Neutral이 가장 적절합니다.""]",0.8207659084526033,0.5471772723017356,2.361839972932656,-1.2944637988845362
006400,삼성SDI,2023-04-03,729379,Neutral,50,"[""현재가 729,379원만 제공되어 추세, 변동성, 거래량, 수급 등 20거래일 방향성을 판단할 핵심 데이터가 부족합니다."", ""상승과 하락을 가늠할 수 있는 기술적 지표나 실적·밸류에이션 정보가 없어 Buy 또는 Sell 근거를 만들기 어렵습니다."", ""제공된 정보만으로는 방향성이 불명확하므로 적극적 판단으로는 Neutral이 가장 적절합니다.""]",5.647332922515891,-5.7852100093137375,2.932165477111522,-6.627375531726462
006400,삼성SDI,2023-05-02,685323,Neutral,50,"[""현재가 685,323원만 제공되어 추세, 변동성, 거래량, 수급, 실적 등 20거래일 방향성을 판단할 핵심 데이터가 부족합니다."", ""제공된 정보에는 상승 또는 하락을 뒷받침하는 기술적·기본적 근거가 없어 Buy와 Sell 중 어느 쪽도 우위라고 보기 어렵습니다."", ""브랜드 이미지나 과거 명성은 배제해야 하므로, 현 데이터만으로는 방향성을 확신할 수 없어 Neutral이 적절합니다.""]",-2.046716383586846,4.532164179327358,-1.6309492132022576,0.536002030130907
006400,삼성SDI,2023-06-01,693155,Neutral,42,"[""현재가 693,155원만으로는 20거래일 방향성을 판단할 수 있는 추세·모멘텀·밸류에이션 정보가 제공되지 않았습니다."", ""상승 또는 하락을 지지하는 기술적 지표, 실적 추정치, 수급 데이터가 없어 Buy와 Sell 중 우위를 둘 근거가 부족합니다."", ""제공된 데이터가 종목명, 현재가, 시장 정보에 한정되어 있어 방향성 확신이 낮으므로 Neutral이 적절합니다.""]",3.496531468211792,0.2797110890161255,2.4205558247022516,0.23704110100986447
006400,삼성SDI,2023-07-03,701966,Neutral,41,"[""제공된 정보가 종목명, 현재가, 시장 구분뿐이라 20거래일 방향성을 판단할 수 있는 가격 추세·거래량·실적·밸류에이션 데이터가 없다."", ""상승과 하락을 가를 수 있는 기술적 지표나 수급 정보가 전혀 없어 Buy 또는 Sell을 지지할 근거가 부족하다."", ""주어진 데이터만으로는 방향성이 불명확하므로 적극적 판단으로는 Neutral이 가장 적절하다.""]",-3.5162018813605096,-5.766479143561484,-2.327759311825816,-8.610720672726922
006400,삼성SDI,2023-08-01,655952,Neutral,42,"[""제공된 정보가 종목명, 현재가, 시장 구분뿐이라 20거래일 방향성을 판단할 수 있는 가격·거래량·실적·수급 데이터가 없다."", ""상승과 하락을 가늠할 수 있는 기술적 지표나 최근 추세가 제시되지 않아 Buy 또는 Sell 근거가 부족하다."", ""브랜드 이미지나 과거 명성은 배제해야 하므로, 현재 제공 데이터만으로는 방향성 확신이 불가능해 Neutral이 적절하다.""]",-2.461457231709176,-5.538435912384442,-2.027666666558423,-3.2376260425980576
006400,삼성SDI,2023-09-01,583503,Neutral,50,"[""현재가 583,503원만 제시되어 있어 최근 추세, 변동성, 거래량, 수급 등 20거래일 방향성을 판단할 핵심 데이터가 부족합니다."", ""제공된 정보에는 실적, 밸류에이션, 기술적 지표, 시장 대비 상대강도 같은 상승·하락 근거가 없어 Buy 또는 Sell을 단정할 수 없습니다."", ""브랜드 이미지와 과거 명성은 배제해야 하므로, 현재 제공 데이터만으로는 방향성이 불명확해 Neutral이 가장 적절합니다.""]",-6.065538085430585,-21.147669998827883,-4.994945525797378,-14.344938382105429
006400,삼성SDI,2023-10-04,474341,Neutral,42,"[""제공된 정보가 종목명, 현재가, 시장 구분뿐이라 20거래일 방향성을 판단할 수 있는 가격 추세·거래량·실적·밸류에이션 데이터가 없다."", ""상승과 하락을 가늠할 수 있는 기술적 지표나 수급 지표가 전혀 없어 Buy 또는 Sell을 지지할 근거가 부족하다."", ""주어진 데이터만으로는 방향성이 불명확하므로 적극적 중립 판단이 적절하다.""]",7.566418170766605,-7.157433884703194,5.380114293249539,-5.690467667362548
006400,삼성SDI,2023-11-01,416578,Neutral,50,"[""현재 제공된 정보는 종목명, 현재가, 상장 시장뿐이라 20거래일 방향성을 판단할 수 있는 가격·거래량·실적·수급 데이터가 없다."", ""상승과 하락을 구분할 수 있는 기술적 지표나 펀더멘털 변화가 제시되지 않아 Buy 또는 Sell 근거가 부족하다."", ""제공된 데이터만을 근거로 해야 하므로 방향성 확신이 불가능해 Neutral이 가장 적절하다.""]",-2.5496950466885444,4.656398131099349,-6.132951559372489,-3.5450597541135327
006400,삼성SDI,2023-12-01,437627,Neutral,50,"[""현재가 437,627원만 제공되어 추세, 모멘텀, 변동성, 거래량 등 20거래일 방향성을 판단할 핵심 데이터가 부족합니다."", ""상승 또는 하락을 지지하는 재무·수급·기술적 지표가 제시되지 않아 Buy와 Sell 중 어느 쪽도 우위라고 보기 어렵습니다."", ""제공된 정보만으로는 향후 20거래일 주가 방향을 확신할 수 없어 Neutral이 가장 적절합니다.""]",1.4787873153839897,1.2512636973168945,1.0648625852700586,-1.614399635950175
006400,삼성SDI,2024-01-02,457208,Neutral,50,"[""현재가 457,208원만 제공되어 추세, 모멘텀, 변동성, 거래량 등 20거래일 방향성을 판단할 핵심 데이터가 부족합니다."", ""상승과 하락을 가늠할 수 있는 재무·수급·기술적 지표가 없어 Buy 또는 Sell을 우선할 근거가 없습니다."", ""제공된 정보만으로는 향후 20거래일 내 주가 방향을 확신할 수 없으므로 Neutral이 가장 적절합니다.""]",-6.718930863937704,-16.57348480342592,-4.213283280796462,-12.346139378447694
006400,삼성SDI,2024-02-01,369585,Neutral,52,"[""제공된 데이터가 종목명과 현재가뿐이라 20거래일 방향성을 판단할 수 있는 추세·실적·수급·밸류에이션 정보가 없다."", ""상승과 하락을 가를 기술적 지표나 최근 가격 흐름이 없어 Buy 또는 Sell을 지지할 근거가 부족하다."", ""주어진 정보만으로는 방향성이 불명확하므로 적극적 중립 판단이 가장 타당하다.""]",-0.5091485601413868,-7.252053227986277,-1.8218036564779558,-8.25308178674221
006400,삼성SDI,2024-03-04,366647,Neutral,42,"[""현재가 366,647원만으로는 20거래일 내 상승·하락 방향을 판단할 수 있는 추세, 모멘텀, 밸류에이션 정보가 제공되지 않았습니다."", ""종목명과 시장 정보 외에 거래량, 실적, 수급, 기술적 지표가 없어 Buy 또는 Sell을 지지할 근거가 부족합니다."", ""제공된 데이터만을 근거로 해야 하므로 방향성이 불명확한 상황에 해당해 Neutral이 가장 적절합니다.""]",25.375193344759833,23.60185610969441,24.151897504192164,19.685497688919902
006400,삼성SDI,2024-04-01,444481,Neutral,50,"[""현재가 444,481원만으로는 20거래일 방향성을 판단할 수 있는 추세·모멘텀 정보가 제공되지 않았습니다."", ""거래량, 재무지표, 실적 추정치, 수급, 기술적 지표 등 상승·하락 근거가 되는 데이터가 없어 우위 판단이 어렵습니다."", ""제공된 정보가 종목명, 시장, 현재가에 한정되어 있어 Buy 또는 Sell을 선택할 만큼의 근거가 부족합니다.""]",-9.271660556209442,-2.0971720533391056,-7.528209394635105,0.4275631600157217
006400,삼성SDI,2024-05-02,434201,Neutral,50,"[""현재 제공된 데이터가 종목명, 현재가, 상장 시장뿐이라 20거래일 방향성을 판단할 수 있는 가격·거래량·실적·수급 정보가 없다."", ""상승과 하락을 가늠할 수 있는 기술적 지표나 펀더멘털 지표가 전혀 없어 Buy 또는 Sell 근거를 만들 수 없다."", ""주어진 정보만으로는 방향성이 불명확하므로 적극적 중립 판단이 가장 타당하다.""]",-1.1415152419685832,-13.698649304130441,-3.0312048890247665,-13.15580251544466
006400,삼성SDI,2024-06-03,369095,Neutral,50,"[""현재가 369,095원만 제공되어 추세, 모멘텀, 변동성, 거래량 등 20거래일 방향성을 판단할 핵심 데이터가 부족합니다."", ""상승·하락을 가늠할 수 있는 재무지표, 실적, 수급, 기술적 지표가 없어 Buy 또는 Sell 근거를 만들 수 없습니다."", ""제공된 정보만으로는 방향성이 불명확하므로 적극적 판단으로는 Neutral이 가장 적절합니다.""]",4.1005312451023315,-3.0423645000729582,1.6186560338029747,-7.99747512702162
006400,삼성SDI,2024-07-01,359305,Neutral,50,"[""현재가 359,305원만으로는 20거래일 방향성을 판단할 수 있는 추세·모멘텀·밸류에이션 데이터가 제공되지 않았습니다."", ""상승 또는 하락을 지지하는 기술적 지표, 실적 추정치, 수급 정보가 없어 Buy와 Sell 중 우위를 정하기 어렵습니다."", ""제공된 정보가 종목명, 시장, 현재가에 한정되어 있어 방향성 확신이 불가능하므로 Neutral이 가장 적절합니다.""]",8.819341527910964,-5.974486385958794,5.7080737905922945,-4.440068975517418
006400,삼성SDI,2024-08-01,326997,Neutral,50,"[""현재가 326,997원만으로는 20거래일 방향성을 판단할 수 있는 추세·모멘텀 정보가 제공되지 않았습니다."", ""상승·하락을 가늠할 재무, 수급, 거래량, 기술적 지표가 없어 Buy 또는 Sell 근거가 모두 부족합니다."", ""제공된 데이터가 종목명, 시장, 현재가에 한정되어 있어 방향성 확신이 불가능하므로 Neutral이 적절합니다.""]",-7.875086509391581,9.658394142858876,-4.595797669660463,9.478661014792486
006400,삼성SDI,2024-09-02,361263,Neutral,50,"[""현재가 361,263원만으로는 20거래일 방향성을 판단할 수 있는 추세·모멘텀 정보가 제공되지 않았습니다."", ""거래량, 재무지표, 실적 추정치, 수급, 기술적 지표 등 상승·하락 판단에 필요한 핵심 데이터가 없어 근거가 부족합니다."", ""제공된 정보가 종목명, 시장, 현재가에 한정되어 있어 상승과 하락 어느 쪽도 우위라고 결론내리기 어렵습니다.""]",-10.242524523637124,0.0,-4.943477376378396,2.63713911499908
006400,삼성SDI,2024-10-02,363710,Neutral,50,"[""현재가 363,710원만으로는 20거래일 방향성을 판단할 수 있는 추세·모멘텀 데이터가 제공되지 않았습니다."", ""상승 또는 하락을 뒷받침할 재무, 수급, 거래량, 기술적 지표가 없어 Buy와 Sell 중 우위를 정하기 어렵습니다."", ""제공된 정보가 종목명, 시장, 현재가에 한정되어 있어 방향성 확신이 부족하므로 Neutral이 적절합니다.""]",-0.6916817359855334,-6.639070976491862,-2.776741917873759,-7.388571892937677
006400,삼성SDI,2024-11-01,324549,Neutral,50,"[""현재 제공된 정보는 종목명, 현재가, 시장 구분뿐이며 20거래일 방향성을 판단할 수 있는 가격 추세·거래량·실적·밸류에이션 데이터가 없다."", ""상승과 하락을 가늠할 수 있는 기술적 지표나 수급 지표가 전혀 제시되지 않아 Buy 또는 Sell 근거가 부족하다."", ""제공된 데이터만으로는 방향성이 불명확하므로 적극적 판단으로는 Neutral이 가장 적절하다.""]",-18.66667877236149,-23.25927674526289,-16.453057139047857,-18.064546794742036
006400,삼성SDI,2024-12-02,253569,Neutral,50,"[""현재 제공된 데이터는 종목명, 현재가, 시장 정보뿐이라 20거래일 방향을 판단할 수 있는 가격·거래량·실적·수급 근거가 부족합니다."", ""상승과 하락을 가를 기술적 지표나 추세 정보가 전혀 없어 Buy 또는 Sell을 우선할 만한 근거가 없습니다."", ""제공된 정보만으로는 방향성이 불명확하므로 적극적 중립 판단이 가장 적절합니다.""]",-3.256798694462816,-5.363816739522634,0.033469694801604444,-3.03670982379927
006400,삼성SDI,2025-01-02,234478,Neutral,50,"[""현재가 정보만 제공되어 추세, 모멘텀, 거래량, 변동성 등 20거래일 방향성을 판단할 핵심 데이터가 부족합니다."", ""상승과 하락을 구분할 수 있는 재무·수급·기술적 지표가 없어 Buy 또는 Sell을 우위로 둘 근거가 없습니다."", ""제공된 데이터만으로는 향후 20거래일 주가 방향을 확신할 수 없어 Neutral이 가장 적절합니다.""]",-5.263397306271995,-14.169985237014155,-8.288066419101249,-18.05340484125999
006400,삼성SDI,2025-02-03,203638,Neutral,50,"[""현재가 203,638원만 제공되어 추세, 변동성, 거래량, 수급 등 20거래일 방향성을 판단할 핵심 데이터가 부족합니다."", ""상승·하락을 뒷받침할 기술적 지표나 실적/밸류에이션 정보가 없어 Buy 또는 Sell로 단정할 근거가 없습니다."", ""제공된 정보만으로는 방향성이 불명확하므로, 기준상 적극적 선택인 Neutral이 가장 적절합니다.""]",2.4330114170116954,3.8928182672187126,0.12168324951292941,0.8126591820791482
006400,삼성SDI,2025-03-04,208534,Neutral,42,"[""현재가 208,534원만으로는 20거래일 내 상승·하락 방향을 판단할 수 있는 추세, 밸류에이션, 실적, 수급 데이터가 제공되지 않았습니다."", ""종목명과 시장 정보 외에 기술적 지표나 거래량, 모멘텀 관련 근거가 없어 Buy 또는 Sell을 지지할 만한 객관적 신호가 없습니다."", ""제공된 데이터만을 근거로 해야 하므로 방향성을 확신할 수 없어 Neutral이 가장 적절합니다.""]",-0.23394554666232903,-12.646455174789379,-0.8863752511730479,-10.60316574071058
006400,삼성SDI,2025-04-01,189540,Neutral,50,"[""현재가 189,540원만으로는 20거래일 내 상승·하락 방향을 판단할 수 있는 추세, 모멘텀, 밸류에이션 정보가 제공되지 않았습니다."", ""종목명과 시장 정보 외에 거래량, 이동평균, 실적, 수급, 변동성 등 방향성을 뒷받침할 데이터가 없어 Buy 또는 Sell 근거가 부족합니다."", ""제공된 데이터만을 근거로 해야 하므로, 상승과 하락 중 어느 쪽도 우위라고 확신할 수 없어 Neutral이 적절합니다.""]",-7.935308260629063,-3.6086511235616605,0.5312461358655645,-5.633903930981069
006400,삼성SDI,2025-05-02,173600,Neutral,42,"[""현재가 173,600원만 제공되어 추세, 거래량, 변동성, 수급 등 20거래일 방향성을 판단할 핵심 데이터가 부족합니다."", ""제공된 정보에는 실적, 밸류에이션, 기술적 지표가 없어 상승 또는 하락 근거를 우위로 두기 어렵습니다."", ""브랜드 이미지·과거 명성은 배제해야 하므로, 현재 제공 데이터만으로는 Buy나 Sell을 정당화할 수 없습니다.""]",0.4645760743321719,1.2195121951219512,-2.129642590676763,-8.037228810395183
006400,삼성SDI,2025-06-02,172800,Neutral,50,"[""현재 제공된 데이터는 종목명, 현재가, 상장 시장뿐이라 20거래일 방향성을 판단할 수 있는 가격 추세나 실적 지표가 없다."", ""상승·하락을 가늠할 수 있는 기술적 지표, 수급, 밸류에이션, 이벤트 정보가 없어 Buy 또는 Sell 근거가 부족하다."", ""제공된 정보만으로는 방향성이 불명확하므로 적극적 판단으로는 Neutral이 가장 적절하다.""]",1.3921113689095126,7.482598607888631,-3.9921764282927814,-4.984018013785656
006400,삼성SDI,2025-07-01,178200,Neutral,50,"[""현재가 178,200원만으로는 20거래일 내 상승·하락 방향을 판단할 수 있는 추세, 모멘텀, 밸류에이션 정보가 제공되지 않았습니다."", ""거래량, 실적, 수급, 기술적 지표 등 방향성을 뒷받침할 핵심 데이터가 없어 Buy 또는 Sell 근거가 부족합니다."", ""제공된 정보가 종목명과 현재가에 한정되어 있어, 방향성이 불명확한 상황에 해당하므로 Neutral이 가장 적절합니다.""]",-4.972067039106146,15.083798882681565,-6.880322487780313,9.249441179092045
006400,삼성SDI,2025-08-01,190000,Neutral,42,"[""현재가 190,000원만으로는 20거래일 내 방향성을 판단할 수 있는 추세·모멘텀 정보가 제공되지 않았습니다."", ""재무, 실적, 수급, 기술적 지표 등 상승 또는 하락을 뒷받침할 추가 데이터가 없어 Buy/Sell 근거가 부족합니다."", ""제공된 정보가 종목명, 시장, 현재가에 한정되어 있어 상승·하락 가능성을 균형 있게 비교하기 어렵습니다.""]",16.159008776458442,4.543107898812597,14.284018704184597,3.7615972960010677
006400,삼성SDI,2025-09-01,203000,Neutral,50,"[""현재가 203,000원만 제시되어 있어 20거래일 방향성을 판단할 수 있는 추세·모멘텀·밸류에이션 데이터가 부족합니다."", ""상승 또는 하락을 지지하는 기술적 지표, 실적 추정치, 수급 정보가 제공되지 않아 Buy와 Sell 중 우위를 정하기 어렵습니다."", ""제공된 데이터만으로는 방향성이 불명확하므로 적극적 판단으로는 Neutral이 가장 적절합니다.""]",-0.49382716049382713,1.2345679012345678,-3.258339272965663,-6.7169506890849116
006400,삼성SDI,2025-10-01,204000,Neutral,50,"[""현재 제공된 정보는 종목명, 현재가, 시장 구분뿐이며 20거래일 방향성을 판단할 수 있는 가격 추세·거래량·실적·밸류에이션 데이터가 없다."", ""상승과 하락을 지지하는 정량 근거가 전혀 제시되지 않아 Buy 또는 Sell 중 하나를 선택할 만한 우위가 확인되지 않는다."", ""제공 데이터만으로는 방향성이 불명확하므로 적극적 판단으로는 Neutral이 가장 적절하다.""]",14.285714285714285,55.932203389830505,8.674324708878881,42.48583081677904
006400,삼성SDI,2025-11-03,327000,Neutral,52,"[""제공된 정보가 종목명, 현재가, 시장 구분뿐이라 20거래일 방향성을 판단할 수 있는 가격·거래량·실적·수급 데이터가 없다."", ""상승과 하락을 가늠할 수 있는 기술적 지표나 펀더멘털 지표가 전혀 없어 Buy 또는 Sell 근거가 부족하다."", ""주어진 데이터만으로는 방향성이 불명확하므로 적극적 판단으로는 Neutral이 가장 적절하다.""]",-4.592592592592593,-9.62962962962963,-4.220177059346938,-6.553016354653529
006400,삼성SDI,2025-12-01,299000,Neutral,52,"[""제공된 정보가 종목명, 현재가, 시장 구분뿐이라 20거래일 방향성을 판단할 수 있는 가격 추세·거래량·실적·밸류에이션 데이터가 없다."", ""상승과 하락을 가늠할 수 있는 기술적 지표나 수급 정보가 전혀 없어 Buy 또는 Sell 근거가 부족하다."", ""주어진 데이터만으로는 방향성이 불명확하므로 적극적 판단으로는 Neutral이 가장 적절하다.""]",1.639344262295082,-13.934426229508196,-2.080871110690185,-21.8119109413805
005380,현대차,2023-01-02,157000,Neutral,50,"[""현재가 157,000원만 제시되어 있어 20거래일 방향을 판단할 수 있는 추세·모멘텀·밸류에이션 데이터가 부족합니다."", ""상승 또는 하락을 지지하는 기술적 지표, 실적, 수급, 변동성 정보가 제공되지 않아 Buy와 Sell 중 우위를 정하기 어렵습니다."", ""제공된 데이터만 근거로 하면 방향성이 불명확하므로 적극적 판단은 Neutral이 적절합니다.""]",2.515723270440252,6.855345911949685,-3.4621554682692564,-4.421629586995648
005380,현대차,2023-02-01,170000,Neutral,42,"[""현재가 170,000원만 제시되어 있어 추세, 모멘텀, 거래량, 변동성 등 20거래일 방향성을 판단할 핵심 데이터가 부족합니다."", ""상승 또는 하락을 지지하는 재무·실적·수급·기술적 지표가 제공되지 않아 Buy와 Sell 중 어느 쪽도 우위라고 보기 어렵습니다."", ""제공된 정보만으로는 향후 20거래일 내 주가 방향을 확신할 수 없으므로 Neutral이 가장 적절합니다.""]",1.5891701000588583,3.6492054149499706,1.0771970596518772,5.140164878350377
005380,현대차,2023-03-02,178500,Neutral,42,"[""제공된 정보가 종목명, 현재가, 시장 구분뿐이라 20거래일 방향성을 판단할 수 있는 가격 추세·거래량·실적·밸류에이션 데이터가 없다."", ""상승과 하락을 가늠할 수 있는 기술적 지표나 수급 정보가 전혀 없어 Buy 또는 Sell을 정당화할 근거가 부족하다."", ""주어진 데이터만으로는 방향성이 불명확하므로 적극적 판단으로는 Neutral이 가장 적절하다.""]",-0.6246450880181714,4.770017035775128,0.9164289764618813,2.928375964588856
005380,현대차,2023-04-03,183600,Neutral,50,"[""제공된 정보가 종목명, 현재가, 시장 구분뿐이라 20거래일 방향성을 판단할 수 있는 가격·거래량·실적·밸류에이션 데이터가 없다."", ""상승과 하락을 가늠할 수 있는 기술적 지표나 수급 지표가 전혀 없어 Buy 또는 Sell 근거가 부족하다."", ""주어진 데이터만으로는 방향성이 불명확하므로 적극적 판단으로는 Neutral이 가장 적절하다.""]",4.515778019586507,9.357997823721437,1.800610574182138,8.515832301308713
005380,현대차,2023-05-02,201500,Neutral,50,"[""현재가 201,500원만 제시되어 있어 20거래일 방향을 판단할 수 있는 추세·모멘텀·밸류에이션 데이터가 부족합니다."", ""상승 또는 하락을 지지하는 기술적 지표, 실적, 수급, 변동성 정보가 제공되지 않아 Buy와 Sell 중 우위를 정하기 어렵습니다."", ""제공된 데이터만 근거로 하면 방향성이 불명확하므로 적극적 판단으로는 Neutral이 가장 적절합니다.""]",3.482587064676617,-0.7462686567164178,3.8983542350612055,-4.7424308059128695
005380,현대차,2023-06-01,197500,Neutral,50,"[""현재가 197,500원만 제시되어 있어 추세, 변동성, 거래량, 수급 등 20거래일 방향성을 판단할 핵심 데이터가 부족합니다."", ""제공된 정보에는 실적, 밸류에이션, 기술적 지표, 시장 대비 상대강도 같은 상승·하락 근거가 없어 Buy 또는 Sell을 우선할 수 없습니다."", ""브랜드 이미지나 과거 명성은 배제해야 하므로, 현재 제공 데이터만으로는 방향성이 불명확해 Neutral이 가장 적절합니다.""]",-1.6541353383458646,4.511278195488721,-2.730110981855405,4.46860820748246
005380,현대차,2023-07-03,208500,Neutral,42,"[""현재가 208,500원만으로는 20거래일 내 상승·하락 방향을 판단할 수 있는 추세 정보가 제공되지 않았습니다."", ""거래량, 이동평균, 수급, 실적, 밸류에이션 등 방향성을 뒷받침할 핵심 데이터가 없어 매수·매도 우위를 가리기 어렵습니다."", ""제공된 정보가 종목명과 시장 구분에 한정되어 있어, 주가 방향에 대한 확신을 가질 근거가 부족합니다.""]",-0.4807692307692308,-4.134615384615384,0.7076733387654628,-6.978856913780822
005380,현대차,2023-08-01,199400,Neutral,42,"[""제공된 정보가 종목명, 현재가, 상장 시장뿐이라 20거래일 방향성을 판단할 수 있는 가격·거래량·실적·수급 데이터가 없다."", ""상승과 하락을 가늠할 기술적 지표나 펀더멘털 지표가 전혀 없어 Buy 또는 Sell을 정당화할 근거가 부족하다."", ""주어진 데이터만으로는 방향성이 불명확하므로 적극적 판단으로는 Neutral이 가장 타당하다.""]",-1.6103896103896103,-1.7662337662337664,-1.176599045238857,0.5345761035526184
005380,현대차,2023-09-01,187400,Neutral,42,"[""현재가 187,400원만으로는 20거래일 내 상승·하락 방향을 판단할 수 있는 추세, 모멘텀, 밸류에이션 비교 데이터가 제공되지 않았습니다."", ""거래량, 이동평균, 실적, 수급, 업황 등 방향성을 뒷받침할 핵심 지표가 없어 Buy 또는 Sell을 강하게 선택할 근거가 부족합니다."", ""제공된 정보가 종목명·시장·현재가에 한정되어 있어 상승과 하락 가능성이 균형적이며, 확신 가능한 방향성을 도출하기 어렵습니다.""]",-0.9610250934329952,2.616123865456487,0.10956746620021252,9.418855482178941
005380,현대차,2023-10-04,190800,Neutral,42,"[""제공된 정보가 종목명, 현재가, 시장 구분뿐이라 20거래일 방향성을 판단할 수 있는 가격 추세·거래량·실적·밸류에이션 데이터가 없다."", ""상승과 하락을 가늠할 수 있는 기술적 지표나 수급 정보가 전혀 없어 Buy 또는 Sell 근거를 만들 수 없다."", ""주어진 데이터만으로는 방향성이 불명확하므로 적극적 판단으로는 Neutral이 가장 적절하다.""]",-1.7847769028871392,-8.976377952755906,-3.9710807804042045,-7.509411735415259
005380,현대차,2023-11-01,170300,Neutral,42,"[""제공된 정보가 종목명과 현재가뿐이라 20거래일 방향성을 판단할 수 있는 가격 추세, 거래량, 실적, 밸류에이션 데이터가 없다."", ""상승과 하락을 가를 수 있는 기술적·펀더멘털 근거가 전혀 제시되지 않아 Buy 또는 Sell을 선택할 만한 우위가 없다."", ""주어진 데이터만으로는 방향성이 불명확하므로 적극적 판단으로는 Neutral이 가장 적절하다.""]",1.5697674418604652,7.151162790697674,-2.0134890708234794,-1.0502950945152083
005380,현대차,2023-12-01,182800,Neutral,42,"[""현재 제공된 정보는 종목명, 현재가, 상장 시장뿐이며 20거래일 방향성을 판단할 수 있는 가격 추세·거래량·실적·밸류에이션 데이터가 없다."", ""상승과 하락을 가늠할 수 있는 기술적 지표나 수급 정보가 전혀 없어 Buy 또는 Sell 근거가 부족하다."", ""제공된 데이터만으로는 방향성이 불명확하므로 적극적 판단으로는 Neutral이 가장 적절하다.""]",2.092511013215859,4.6255506607929515,1.678586283101928,1.759887327525882
005380,현대차,2024-01-02,200500,Neutral,42,"[""현재가 200,500원만 제공되어 추세, 모멘텀, 거래량, 변동성 등 20거래일 방향성을 판단할 핵심 데이터가 부족합니다."", ""기업 실적, 밸류에이션, 수급, 기술적 지표가 제시되지 않아 상승·하락 어느 쪽도 우위라고 결론내릴 근거가 없습니다."", ""제공된 정보만으로는 향후 20거래일 내 주가 방향을 확신할 수 없어 Neutral이 가장 적절합니다.""]",-3.663570691434469,0.41279669762641896,-1.1579231082932266,4.6401421226046455
005380,현대차,2024-02-01,208000,Neutral,42,"[""현재가 208,000원만으로는 20거래일 내 상승·하락 방향을 판단할 수 있는 추세, 밸류에이션, 실적, 수급 데이터가 제공되지 않았습니다."", ""종목명과 시장 정보 외에 기술적 지표나 거래량, 이동평균, 모멘텀 관련 데이터가 없어 방향성 우위를 확인할 근거가 없습니다."", ""제공된 데이터만을 근거로 해야 하므로 상승과 하락 중 어느 쪽도 우세하다고 결론내릴 수 없어 Neutral이 적절합니다.""]",9.691629955947137,10.572687224669604,8.378974859610569,9.57165866591367
005380,현대차,2024-03-04,255500,Neutral,42,"[""제공된 정보가 종목명과 현재가뿐이라 20거래일 방향성을 판단할 수 있는 가격 추세, 거래량, 실적, 밸류에이션 데이터가 없다."", ""상승과 하락을 가를 수 있는 기술적·기본적 근거가 모두 부재하여 Buy 또는 Sell을 선택할 만한 우위가 없다."", ""주어진 데이터만으로는 방향성이 불명확하므로 적극적 판단으로는 Neutral이 가장 적절하다.""]",-3.0120481927710845,-11.646586345381527,-4.235344033338754,-15.562944766156033
005380,현대차,2024-04-01,227500,Neutral,52,"[""제공된 정보가 종목명, 현재가, 시장 구분뿐이라 20거래일 방향성을 판단할 수 있는 가격·거래량·실적·수급 데이터가 없다."", ""상승과 하락을 가늠할 수 있는 기술적 지표나 이벤트 정보가 없어 Buy 또는 Sell을 강하게 선택할 근거가 부족하다."", ""주어진 데이터만으로는 방향성이 불명확하므로 적극적 중립 판단이 가장 적절하다.""]",3.6363636363636362,13.18181818181818,5.379814797937973,15.706553395173007
005380,현대차,2024-05-02,249000,Neutral,42,"[""제공된 정보가 종목명, 현재가, 시장 구분뿐이라 20거래일 방향성을 판단할 수 있는 가격 추세나 수급·실적 데이터가 없다."", ""상승과 하락을 가늠할 기술적 지표, 거래량, 변동성, 밸류에이션 비교가 전혀 없어 Buy 또는 Sell 근거가 부족하다."", ""주어진 데이터만으로는 방향성이 불명확하므로 적극적 판단으로는 Neutral이 가장 적절하다.""]",1.6597510373443984,7.468879668049793,-0.22993860971178504,8.011726456735573
005380,현대차,2024-06-03,265000,Neutral,42,"[""현재가 265,000원만 제시되어 있어 추세, 변동성, 거래량, 실적 등 20거래일 방향성을 판단할 핵심 데이터가 부족합니다."", ""제공된 정보에는 상승 또는 하락을 뒷받침하는 기술적·수급적 근거가 없어 Buy나 Sell을 단정할 수 없습니다."", ""브랜드 이미지나 과거 명성은 배제해야 하므로, 현재 제공 데이터만으로는 방향성 우위를 확인하기 어렵습니다.""]",4.247104247104247,6.563706563706563,1.7652290358048899,1.6085959367579017
005380,현대차,2024-07-01,286000,Neutral,42,"[""현재가 286,000원에 대한 추가 기술적·실적·수급 데이터가 제공되지 않아 20거래일 방향성을 판단할 핵심 근거가 부족합니다."", ""제공된 정보는 종목명, 현재가, 시장 구분뿐이어서 상승·하락을 지지하는 정량 신호를 확인할 수 없습니다."", ""브랜드 이미지나 과거 명성은 배제해야 하므로, 현재 제공 데이터만으로는 Buy 또는 Sell을 선택할 만큼의 확신이 없습니다.""]",0.7339449541284404,-8.256880733944955,-2.37732278319023,-6.722463323503579
005380,현대차,2024-08-01,253500,Neutral,42,"[""현재가 253,500원만으로는 20거래일 내 상승·하락 방향을 판단할 수 있는 추세, 밸류에이션, 실적, 수급 데이터가 제공되지 않았습니다."", ""종목명과 시장 정보(KOSPI) 외에 기술적 지표나 최근 가격 흐름이 없어 Buy 또는 Sell을 지지할 근거가 부족합니다."", ""제공된 데이터만을 근거로 하면 방향성이 불명확하므로 적극적 선택으로는 Neutral이 가장 적절합니다.""]",-0.4098360655737705,0.819672131147541,2.869452774157348,0.6399390030811501
005380,현대차,2024-09-02,246000,Neutral,42,"[""현재가 246,000원만으로는 20거래일 내 상승·하락 방향을 판단할 수 있는 추세, 밸류에이션, 실적, 수급 데이터가 제공되지 않았습니다."", ""종목 정보는 현대차와 KOSPI 상장 여부뿐이라 모멘텀이나 변동성 우위 여부를 확인할 근거가 없습니다."", ""제공된 데이터만 근거로 해야 하므로 방향성을 확신할 수 없어 Neutral이 가장 적절합니다.""]",-2.736842105263158,3.578947368421052,2.5622050419955706,6.216086483420132
005380,현대차,2024-10-02,237000,Neutral,42,"[""현재가 237,000원만으로는 20거래일 내 상승·하락 방향을 판단할 수 있는 추세, 밸류에이션, 실적, 수급 데이터가 제공되지 않았습니다."", ""종목명과 시장 정보 외에 기술적 지표나 최근 거래량/변동성 정보가 없어 단기 방향성 우위를 뒷받침할 근거가 부족합니다."", ""제공된 데이터만을 근거로 해야 하므로 상승과 하락 중 어느 쪽도 확신할 수 없어 Neutral이 적절합니다.""]",3.7578288100208765,-9.603340292275574,1.6727686281326508,-10.352841208721388
005380,현대차,2024-11-01,213500,Neutral,42,"[""현재가 213,500원만으로는 20거래일 내 상승·하락 방향을 판단할 수 있는 추세, 밸류에이션, 실적, 수급 데이터가 제공되지 않았습니다."", ""종목명과 시장 정보 외에 기술적 지표나 거래량, 이동평균, 모멘텀 관련 데이터가 없어 매수·매도 우위를 정할 근거가 부족합니다."", ""제공된 데이터만을 근거로 해야 하므로 방향성이 불명확한 상황에 해당해 Neutral이 가장 적절합니다.""]",-2.5404157043879905,-0.23094688221709006,-0.326794071074358,4.963783068303766
005380,현대차,2024-12-02,216000,Neutral,42,"[""현재가 216,000원만으로는 20거래일 내 상승·하락 방향을 판단할 수 있는 추세, 모멘텀, 밸류에이션 비교 데이터가 제공되지 않았습니다."", ""거래량, 이동평균, 실적, 수급, 변동성 등 방향성을 뒷받침할 핵심 지표가 없어 Buy 또는 Sell을 선택할 근거가 부족합니다."", ""제공된 정보가 종목명, 현재가, 시장 구분에 한정되어 있어 상승과 하락 근거가 균형을 이루기보다 아예 판별 불가에 가깝습니다.""]",-1.8648018648018647,-0.6993006993006993,1.4254665244625557,1.6278062164226652
005380,현대차,2025-01-02,211500,Neutral,42,"[""현재가 211,500원만 제시되어 있어 추세, 모멘텀, 거래량, 변동성 등 20거래일 방향성을 판단할 핵심 데이터가 부족합니다."", ""제공된 정보에는 실적, 밸류에이션, 수급, 기술적 지표가 없어 상승 또는 하락 근거를 우위로 두기 어렵습니다."", ""브랜드 이미지나 과거 명성은 배제해야 하므로, 종목명만으로는 Buy 또는 Sell을 정당화할 수 없습니다.""]",6.103286384976526,-4.460093896713615,3.0786172721472718,-8.343513500959451
005380,현대차,2025-02-03,202000,Neutral,42,"[""현재가 202,000원만으로는 20거래일 내 상승·하락 방향을 판단할 수 있는 추세, 밸류에이션, 실적, 수급 데이터가 제공되지 않았습니다."", ""종목 정보에는 시장 구분(KOSPI)과 현재가만 있어 모멘텀이나 변동성 우위 여부를 확인할 근거가 부족합니다."", ""제공된 데이터만 근거로 해야 하므로 상승과 하락 중 어느 쪽도 우세하다고 결론내리기 어려워 Neutral이 적절합니다.""]",-0.7960199004975124,-3.134328358208955,-3.1073480679962784,-6.214487443348519
005380,현대차,2025-03-04,190300,Neutral,42,"[""현재가 190,300원만으로는 20거래일 방향성을 판단할 수 있는 추세·모멘텀·밸류에이션 정보가 제공되지 않았습니다."", ""상승 또는 하락을 지지하는 기술적 지표, 거래량 변화, 실적 추정치, 수급 데이터가 없어 Buy와 Sell 중 우위를 정하기 어렵습니다."", ""제공된 데이터가 종목명, 시장, 현재가에 한정되어 있어 방향성 확신이 부족하므로 Neutral이 가장 적절합니다.""]",1.7976373908577297,0.8217770929635336,1.1452076863470109,2.8650665270423326
005380,현대차,2025-04-01,198600,Neutral,42,"[""제공된 데이터가 종목명과 현재가뿐이라 20거래일 방향성을 판단할 수 있는 추세·실적·밸류에이션·수급 정보가 없다."", ""상승과 하락 어느 쪽도 지지하는 정량 근거가 없어 Buy 또는 Sell을 선택할 근거가 부족하다."", ""주어진 정보만으로는 기대수익과 하방위험의 우열을 가릴 수 없어 Neutral이 가장 적절하다.""]",-9.322465613856343,-2.9037187977585326,-0.8559112173617152,-4.928971605177941
005380,현대차,2025-05-02,189400,Neutral,50,"[""현재가 189,400원만으로는 향후 20거래일 방향성을 판단할 수 있는 추세·모멘텀 정보가 제공되지 않았습니다."", ""거래량, 이동평균, 실적, 밸류에이션, 수급 등 상승·하락 판단에 필요한 핵심 데이터가 없어 근거가 부족합니다."", ""제공된 정보가 종목명, 현재가, 시장 구분에 한정되어 있어 Buy 또는 Sell을 선택할 만큼의 확신을 가질 수 없습니다.""]",5.063965884861407,1.0660980810234542,2.4697472198524717,-8.190642924493678
005380,현대차,2025-06-02,184000,Neutral,42,"[""현재가 184,000원만으로는 20거래일 내 상승·하락 방향을 판단할 수 있는 추세, 밸류에이션, 실적, 수급 데이터가 제공되지 않았습니다."", ""종목 정보에는 시장(KOSPI)과 가격만 있어 모멘텀이나 변동성 우위 여부를 확인할 근거가 부족합니다."", ""제공된 데이터만 근거로 해야 하므로 상승과 하락 중 어느 쪽도 우세하다고 확신할 수 없어 Neutral이 적절합니다.""]",8.333333333333332,15.32258064516129,2.949045536131038,2.8559640234870027
005380,현대차,2025-07-01,210000,Neutral,42,"[""현재가 210,000원만 제시되어 있어 20거래일 방향을 판단할 수 있는 추세·모멘텀·변동성 정보가 부족합니다."", ""재무, 실적, 수급, 기술적 지표 등 상승 또는 하락 근거가 되는 추가 데이터가 제공되지 않았습니다."", ""제공된 정보만으로는 상승·하락 어느 쪽도 우위라고 보기 어려워 방향성 확신이 낮습니다.""]",-1.873536299765808,4.449648711943794,-3.781791748439975,-1.3847089916457245
005380,현대차,2025-08-01,210000,Neutral,42,"[""제공된 정보가 종목명, 현재가, 시장 구분뿐이라 20거래일 방향성을 판단할 수 있는 가격 추세·거래량·실적·밸류에이션 데이터가 없다."", ""상승 또는 하락을 지지하는 기술적·펀더멘털 근거가 전혀 제시되지 않아 Buy와 Sell 중 어느 쪽도 우위라고 보기 어렵다."", ""주어진 데이터만으로는 방향성이 불명확하므로 적극적 판단으로는 Neutral이 가장 적절하다.""]",0.7109004739336493,4.265402843601896,-1.1640895983401967,3.4838922407903667
005380,현대차,2025-09-01,220500,Neutral,42,"[""현재가 220,500원만으로는 20거래일 내 상승·하락 방향을 판단할 수 있는 추세, 밸류에이션, 실적, 수급 데이터가 제공되지 않았습니다."", ""종목 정보에는 시장 구분(KOSPI)과 가격만 있어 모멘텀이나 변동성 우위 여부를 확인할 근거가 부족합니다."", ""제공된 데이터만을 근거로 해야 하므로 방향성을 확신할 수 없어 Neutral이 가장 적절합니다.""]",-0.45454545454545453,-2.272727272727273,-3.2190575670172903,-10.224245863046752
005380,현대차,2025-10-01,215500,Neutral,50,"[""제공된 정보가 종목명, 현재가, 시장 구분뿐이라 20거래일 방향성을 판단할 수 있는 가격·거래량·실적·수급 데이터가 없다."", ""상승과 하락을 가늠할 수 있는 기술적 지표나 펀더멘털 근거가 전혀 없어 Buy 또는 Sell을 선택할 근거가 부족하다."", ""주어진 데이터만 기준으로 보면 방향성이 불명확하므로 적극적 판단으로는 Neutral이 가장 적절하다.""]",10.0,22.272727272727273,4.388610423164596,8.82635469967581
005380,현대차,2025-11-03,291500,Neutral,42,"[""현재가 291,500원만 제시되어 있어 추세, 밸류에이션, 거래량, 실적 등 20거래일 방향성을 판단할 핵심 데이터가 부족합니다."", ""제공된 정보에는 상승을 지지할 기술적·수급적 근거와 하락을 지지할 근거가 모두 없어 Buy 또는 Sell을 단정하기 어렵습니다."", ""브랜드 이미지나 과거 명성은 배제해야 하므로, 현재 제공 데이터만으로는 방향성이 불명확해 Neutral이 가장 적절합니다.""]",-2.536231884057971,-3.6231884057971016,-2.1638163508123163,-0.5465751308210005
005380,현대차,2025-12-01,254500,Neutral,42,"[""제공된 정보가 종목명, 현재가, 시장 구분뿐이라 20거래일 방향성을 판단할 수 있는 가격·거래량·실적·수급 데이터가 없다."", ""상승 또는 하락을 지지하는 기술적 지표나 펀더멘털 지표가 전혀 제시되지 않아 Buy와 Sell 중 어느 쪽도 우위라고 보기 어렵다."", ""주어진 데이터만으로는 방향성 확신이 불가능하므로 적극적 중립 판단이 가장 적절하다.""]",15.413533834586465,12.218045112781954,11.693318461601198,4.3405604009096495
000270,기아,2023-01-02,61500,Neutral,50,"[""현재가 61,500원만으로는 20거래일 내 방향성을 판단할 수 있는 추세·모멘텀 정보가 제공되지 않았습니다."", ""재무, 실적, 밸류에이션, 수급, 기술적 지표 등 상승 또는 하락을 뒷받침할 추가 데이터가 없어 우위 판단이 어렵습니다."", ""제공된 정보가 종목명과 현재가에 한정되어 있어 Buy와 Sell 중 어느 쪽도 근거가 충분하지 않습니다.""]",2.403846153846154,11.698717948717949,-3.574032584863354,0.42174244977261566
000270,기아,2023-02-01,69500,Neutral,42,"[""현재가 69,500원만으로는 20거래일 내 상승·하락 방향을 판단할 수 있는 추세 정보가 제공되지 않았습니다."", ""재무, 실적, 수급, 기술적 지표 등 방향성을 뒷받침할 추가 데이터가 없어 Buy 또는 Sell 근거가 부족합니다."", ""제공된 정보가 종목명과 현재가뿐이므로 상승·하락 근거가 균형을 이루기보다 아예 불충분하여 Neutral이 적절합니다.""]",2.8694404591104736,12.195121951219512,2.3574674187034925,13.686081414619919
000270,기아,2023-03-02,77800,Neutral,42,"[""현재가 77,800원만으로는 20거래일 내 상승·하락 방향을 판단할 수 있는 추세 정보가 제공되지 않았습니다."", ""재무, 실적, 수급, 밸류에이션, 기술적 지표 등 방향성을 뒷받침할 추가 데이터가 없어 Buy 또는 Sell 근거가 부족합니다."", ""제공된 정보가 종목명, 시장, 현재가에 한정되어 있어 상승과 하락 가능성을 균형 있게 배제할 수 없으므로 Neutral이 적절합니다.""]",-0.2557544757033248,3.580562659846547,1.285319588776728,1.7389215886602754
000270,기아,2023-04-03,81200,Neutral,42,"[""현재가 81,200원만으로는 20거래일 내 상승·하락 방향을 판단할 수 있는 추세 정보가 제공되지 않았습니다."", ""재무, 실적, 수급, 기술적 지표 등 방향성을 뒷받침할 추가 데이터가 없어 Buy 또는 Sell 근거가 부족합니다."", ""제공된 정보가 종목명, 시장, 현재가에 한정되어 있어 방향성 확신이 불가능하므로 Neutral이 적절합니다.""]",6.117353308364544,7.990012484394507,3.4021858629601756,7.147846961981783
000270,기아,2023-05-02,86900,Neutral,42,"[""현재가 86,900원만으로는 20거래일 내 상승·하락 방향을 판단할 수 있는 추세 정보가 제공되지 않았습니다."", ""재무, 실적, 수급, 기술적 지표 등 방향성을 뒷받침할 추가 데이터가 없어 Buy 또는 Sell 근거가 부족합니다."", ""제공된 정보가 종목명, 시장, 현재가에 한정되어 있어 상승·하락 기대를 균형 있게 비교할 수 없습니다.""]",4.161849710982659,-1.5028901734104045,4.577616881367247,-5.499052322606856
000270,기아,2023-06-01,84200,Neutral,42,"[""현재가 84,200원만으로는 20거래일 내 상승·하락 방향을 판단할 수 있는 추세, 밸류에이션, 실적, 수급 데이터가 제공되지 않았습니다."", ""종목명과 시장 정보 외에 기술적 지표나 거래량 정보가 없어 매수·매도 우위를 뒷받침할 근거가 부족합니다."", ""제공된 데이터만 근거로 해야 하므로 방향성을 확신할 수 없어 Neutral이 가장 적절합니다.""]",-4.225352112676056,3.873239436619718,-5.3013277561855965,3.830569448613457
000270,기아,2023-07-03,88500,Neutral,42,"[""현재가 88,500원만으로는 20거래일 내 상승·하락 방향을 판단할 수 있는 추세, 밸류에이션, 실적, 수급 데이터가 제공되지 않았습니다."", ""종목 정보는 기아와 KOSPI 상장 사실뿐이며, 판단 기준에 필요한 기술적 지표나 최근 변동성 정보가 없어 방향성 근거가 부족합니다."", ""제공된 데이터만 근거로 해야 하므로 상승과 하락 어느 쪽도 우세하다고 보기 어려워 Neutral이 가장 적절합니다.""]",-0.44994375703037126,-6.299212598425196,0.7384988125043224,-9.143454127590633
000270,기아,2023-08-01,83300,Neutral,50,"[""현재가 83,300원만으로는 20거래일 내 상승·하락 방향을 판단할 수 있는 추세 정보가 제공되지 않았습니다."", ""재무, 실적, 밸류에이션, 수급, 기술적 지표 등 방향성을 뒷받침할 추가 데이터가 없어 Buy 또는 Sell 근거가 부족합니다."", ""제공된 정보가 종목명, 현재가, 시장 구분에 한정되어 있어 방향성 확신이 불가능하므로 Neutral이 적절합니다.""]",-1.375,0.25,-0.9412094348492468,2.550809869786385
000270,기아,2023-09-01,79700,Neutral,50,"[""현재가 79,700원만으로는 향후 20거래일 방향을 판단할 수 있는 추세·모멘텀 정보가 제공되지 않았습니다."", ""재무, 실적, 밸류에이션, 수급, 기술적 지표 등 상승 또는 하락 근거가 되는 데이터가 제시되지 않았습니다."", ""제공된 정보가 종목명과 현재가에 한정되어 있어 Buy와 Sell 중 어느 쪽도 우위라고 보기 어렵습니다.""]",-3.0,6.5,-1.9294074403667922,13.302731616722454
000270,기아,2023-10-04,81900,Neutral,50,"[""현재가 81,900원만으로는 향후 20거래일 방향을 판단할 수 있는 추세·모멘텀 정보가 제공되지 않았습니다."", ""재무, 실적, 수급, 밸류에이션, 기술적 지표 등 상승 또는 하락 근거가 되는 추가 데이터가 없어 우위 방향을 확정하기 어렵습니다."", ""제공된 정보가 종목명, 시장, 현재가에 한정되어 있어 Buy와 Sell 중 어느 쪽도 강하게 지지할 근거가 없습니다.""]",0.8383233532934131,-7.065868263473053,-1.3479805242236522,-5.598902046132407
000270,기아,2023-11-01,77400,Neutral,42,"[""현재가 77,400원만으로는 20거래일 내 상승·하락 방향을 판단할 수 있는 추세, 밸류에이션, 실적, 수급 데이터가 제공되지 않았습니다."", ""종목 정보가 기아와 현재가, 시장(KOSPI)뿐이라 모멘텀이나 변동성 우위 여부를 확인할 근거가 없습니다."", ""제공된 데이터만 근거로 해야 하므로 상승과 하락 중 어느 쪽도 우세하다고 결론내리기 어렵습니다.""]",-1.2738853503184715,9.42675159235669,-4.857141863002417,1.2252937071438073
000270,기아,2023-12-01,85800,Neutral,42,"[""제공된 정보가 종목명, 현재가, 상장 시장뿐이라 20거래일 방향성을 판단할 수 있는 가격 추세·실적·수급 데이터가 없다."", ""상승과 하락을 가늠할 기술적 지표나 밸류에이션, 모멘텀 관련 근거가 전혀 제시되지 않아 Buy 또는 Sell을 정당화하기 어렵다."", ""주어진 데이터만으로는 방향성이 불명확하므로 적극적 판단으로는 Neutral이 가장 적절하다.""]",3.56718192627824,10.46373365041617,3.1532571961643088,7.598070317149101
000270,기아,2024-01-02,97600,Neutral,42,"[""현재가 97,600원만으로는 20거래일 내 방향성을 판단할 수 있는 추세·모멘텀 정보가 제공되지 않았습니다."", ""재무, 실적, 밸류에이션, 수급, 기술적 지표 등 상승 또는 하락을 지지하는 추가 데이터가 없어 근거가 부족합니다."", ""제공된 정보가 종목명, 시장, 현재가에 한정되어 있어 Buy와 Sell 중 어느 쪽도 우위라고 보기 어렵습니다.""]",-3.518123667377399,9.701492537313433,-1.0124760842361566,13.92883796229166
000270,기아,2024-02-01,106300,Neutral,42,"[""현재가 106,300원만으로는 20거래일 방향성을 판단할 수 있는 추세·모멘텀 정보가 제공되지 않았습니다."", ""재무, 실적, 밸류에이션, 수급, 기술적 지표 등 상승·하락 근거가 되는 데이터가 없어 우위 판단이 어렵습니다."", ""제공된 정보가 종목명, 시장, 현재가에 한정되어 있어 Buy 또는 Sell을 선택할 만큼의 확신을 형성할 수 없습니다.""]",-1.9246861924686192,6.2761506276150625,-3.2373412888051885,5.275122068859128
000270,기아,2024-03-04,125600,Neutral,42,"[""종목 정보에 현재가와 시장 구분만 제공되어 있어 20거래일 방향성을 판단할 수 있는 추세·실적·밸류에이션·수급 데이터가 없다."", ""상승과 하락을 가늠할 수 있는 기술적 지표나 이벤트 정보가 전혀 없어 Buy 또는 Sell 근거를 만들 수 없다."", ""제공된 데이터만을 근거로 해야 하므로, 방향성이 불명확한 상황에 해당해 Neutral이 가장 적절하다.""]",2.5203252032520327,-14.878048780487804,1.2970293626843625,-18.79440720126231
000270,기아,2024-04-01,108700,Neutral,42,"[""현재가 108,700원만으로는 향후 20거래일 방향을 판단할 수 있는 추세·모멘텀 정보가 제공되지 않았습니다."", ""매출, 이익, 밸류에이션, 수급, 기술적 지표 등 상승·하락 판단에 필요한 핵심 데이터가 없어 근거가 부족합니다."", ""제공된 정보가 종목명, 시장, 현재가에 한정되어 있어 Buy 또는 Sell을 확정할 만한 우위가 없습니다.""]",3.151862464183381,14.231136580706782,4.8953136257577174,16.75587179406161
000270,기아,2024-05-02,119600,Neutral,42,"[""현재가 119,600원만으로는 향후 20거래일 방향성을 판단할 수 있는 추세·모멘텀 정보가 제공되지 않았습니다."", ""매출, 이익, 밸류에이션, 수급, 기술적 지표 등 상승 또는 하락을 뒷받침할 핵심 데이터가 없어 근거가 부족합니다."", ""제공된 정보가 종목명과 현재가뿐이므로 상승·하락 어느 쪽도 우위라고 보기 어려워 Neutral이 적절합니다.""]",0.35118525021949076,4.477611940298507,-1.5385043968366927,5.020458728984288
000270,기아,2024-06-03,120700,Neutral,50,"[""현재가 120,700원만 제공되어 추세, 거래량, 변동성, 수급 등 20거래일 방향성을 판단할 핵심 데이터가 없다."", ""기업 실적, 밸류에이션, 기술적 지표가 제시되지 않아 상승·하락 어느 쪽도 우위라고 결론내릴 근거가 부족하다."", ""제공된 정보만으로는 방향성이 불명확하므로 적극적 판단으로는 Neutral이 가장 적절하다.""]",2.941176470588235,3.949579831932773,0.4593012592888783,-1.0055307950158885
000270,기아,2024-07-01,128600,Neutral,52,"[""제공된 정보가 종목명, 현재가, 시장 구분뿐이라 20거래일 방향을 판단할 수 있는 가격·거래량·실적·수급 데이터가 없다."", ""상승과 하락을 가늠할 수 있는 기술적 지표나 펀더멘털 지표가 전혀 없어 Buy 또는 Sell 근거가 부족하다."", ""주어진 데이터만으로는 방향성이 불명확하므로 적극적 판단으로는 Neutral이 가장 적절하다.""]",-0.889967637540453,-9.70873786407767,-4.001235374859124,-8.174320453636293
000270,기아,2024-08-01,112100,Neutral,42,"[""현재가 112,100원만으로는 향후 20거래일 방향을 판단할 수 있는 추세·모멘텀·밸류에이션 정보가 제공되지 않았습니다."", ""매출, 이익, 수급, 거래량, 기술적 지표 등 상승 또는 하락을 뒷받침할 핵심 데이터가 없어 Buy 또는 Sell 근거가 부족합니다."", ""제공된 데이터만을 근거로 하면 상승·하락 우위를 확정하기 어려워 방향성 불명확에 해당하는 Neutral이 적절합니다.""]",-4.855275443510738,-0.9337068160597572,-1.57598660377962,-1.113439944126148
000270,기아,2024-09-02,106100,Neutral,50,"[""현재가 106,100원만으로는 20거래일 내 상승·하락 방향을 판단할 수 있는 추세 정보가 제공되지 않았습니다."", ""거래량, 이동평균, 실적, 밸류에이션, 수급 등 방향성을 뒷받침할 추가 데이터가 없어 매수·매도 우위를 가리기 어렵습니다."", ""제공된 정보가 종목명과 현재가에 한정되어 있어 상승 근거와 하락 근거가 균형이 아니라 모두 부족하므로 Neutral이 적절합니다.""]",-1.9569471624266144,-2.5440313111545985,3.3420999848321142,0.09310780384448147
000270,기아,2024-10-02,98700,Neutral,50,"[""현재가 98,700원만으로는 향후 20거래일 방향성을 판단할 수 있는 추세·밸류에이션·실적 데이터가 제공되지 않았습니다."", ""상승 또는 하락을 지지하는 기술적 지표, 거래량, 수급, 실적 모멘텀 정보가 없어 Buy와 Sell 중 우위를 둘 근거가 부족합니다."", ""제공된 데이터가 종목명, 현재가, 시장 정보에 한정되어 있어 방향성 확신이 불가능하므로 Neutral이 적절합니다.""]",2.6530612244897958,-0.6122448979591837,0.56800104260157,-1.361745814404999
000270,기아,2024-11-01,94300,Neutral,50,"[""현재가 94,300원만으로는 20거래일 내 상승·하락 방향을 판단할 수 있는 추세 정보가 제공되지 않았습니다."", ""재무, 실적, 수급, 밸류에이션, 기술적 지표 등 방향성을 뒷받침할 추가 데이터가 없어 Buy 또는 Sell 근거가 부족합니다."", ""제공된 정보가 종목명·시장·현재가에 한정되어 있어, 방향성 확신이 어려운 상황이므로 Neutral이 적절합니다.""]",-2.8747433264887063,-3.285420944558522,-0.6611216931750739,1.9093090059623337
000270,기아,2024-12-02,94200,Neutral,50,"[""현재가 94,200원만으로는 향후 20거래일 방향성을 판단할 수 있는 추세·모멘텀 정보가 제공되지 않았습니다."", ""재무, 실적, 수급, 밸류에이션, 기술적 지표 등 상승 또는 하락 근거가 되는 추가 데이터가 없어 Buy/Sell 우위를 정하기 어렵습니다."", ""제공된 정보 범위 내에서는 상승·하락 근거가 균형이 아니라 아예 부족하므로, 방향성 확신이 불가능해 Neutral이 적절합니다.""]",-2.2448979591836733,2.7551020408163267,1.0453704300807471,5.0822089565396915
000270,기아,2025-01-02,101600,Neutral,50,"[""현재가 101,600원만으로는 20거래일 내 상승·하락 방향을 판단할 수 있는 추세 정보가 제공되지 않았습니다."", ""재무, 실적, 수급, 밸류에이션, 기술적 지표 등 방향성을 뒷받침할 추가 데이터가 없어 Buy 또는 Sell 근거가 부족합니다."", ""제공된 정보가 종목명, 현재가, 시장 구분에 한정되어 있어 방향성 확신이 불가능하므로 Neutral이 적절합니다.""]",4.865938430983118,-1.8867924528301887,1.8412693181538642,-5.770212057076025
000270,기아,2025-02-03,96100,Neutral,50,"[""현재가 96,100원만으로는 향후 20거래일 방향성을 판단할 수 있는 추세·모멘텀 정보가 제공되지 않았습니다."", ""재무, 실적, 수급, 밸류에이션, 기술적 지표 등 상승 또는 하락 근거가 되는 데이터가 제시되지 않았습니다."", ""제공된 정보가 종목명과 현재가뿐이므로 Buy와 Sell 중 어느 쪽도 우위라고 보기 어려워 Neutral이 적절합니다.""]",-2.998965873836608,-0.8273009307135472,-5.310294041335374,-3.9074600158531116
000270,기아,2025-03-04,93300,Neutral,42,"[""제공된 정보가 종목명, 현재가, 상장 시장뿐이라 20거래일 방향성을 판단할 수 있는 가격·실적·수급 데이터가 없다."", ""상승과 하락을 가늠할 기술적 지표나 밸류에이션, 모멘텀 관련 근거가 전혀 제시되지 않았다."", ""브랜드 이미지와 과거 명성을 배제해야 하므로, 현재 제공 데이터만으로는 Buy 또는 Sell을 정당화할 수 없다.""]",3.3368091762252345,-3.962460896767466,2.6843794717145157,-1.9191714626886673
000270,기아,2025-04-01,93200,Neutral,50,"[""현재 제공된 데이터가 종목명과 현재가뿐이라 20거래일 방향성을 판단할 수 있는 추세·실적·밸류에이션·수급 정보가 없다."", ""상승과 하락을 가늠할 기술적 지표나 최근 가격 흐름이 없어 Buy 또는 Sell을 지지할 근거가 부족하다."", ""제공된 정보만으로는 방향성이 불명확하므로 적극적 판단으로는 Neutral이 가장 적절하다.""]",-9.011943539630836,-1.8458197611292075,-0.5453891431362088,-3.871072568548616
000270,기아,2025-05-02,89400,Neutral,42,"[""현재가 89,400원만으로는 20거래일 내 상승·하락 방향을 판단할 수 있는 추세 정보가 제공되지 않았습니다."", ""재무, 실적, 밸류에이션, 수급, 기술적 지표 등 방향성을 뒷받침할 추가 데이터가 없어 우위 판단이 어렵습니다."", ""제공된 정보가 종목명과 현재가에 한정되어 있어 Buy 또는 Sell을 선택할 만큼의 근거가 부족합니다.""]",4.880817253121453,5.675368898978434,2.286598588112518,-3.5813721065386996
000270,기아,2025-06-02,88400,Neutral,42,"[""현재가 88,400원만으로는 20거래일 내 상승·하락 방향을 판단할 수 있는 추세 정보가 제공되지 않았습니다."", ""재무, 실적, 수급, 밸류에이션, 기술적 지표 등 방향성을 뒷받침할 추가 데이터가 없어 매수·매도 우위를 가리기 어렵습니다."", ""제공된 정보가 종목명, 시장, 현재가에 한정되어 있어 확신 가능한 상승 또는 하락 근거가 부족하므로 Neutral이 적절합니다.""]",9.821428571428571,11.71875,4.437140774226277,-0.7478666216742873
000270,기아,2025-07-01,98700,Neutral,50,"[""현재가 98,700원만 제공되어 추세, 거래량, 변동성, 수급 등 20거래일 방향성을 판단할 핵심 데이터가 부족합니다."", ""제공된 정보에는 실적, 밸류에이션, 기술적 지표가 없어 상승 또는 하락 근거를 우위로 둘 수 없습니다."", ""브랜드 이미지·과거 명성은 판단에서 배제해야 하므로, 현재 제공 데이터만으로는 Buy 또는 Sell을 확정하기 어렵습니다.""]",-0.4,10.4,-2.308255448674167,4.5656422964104815
000270,기아,2025-08-01,100800,Neutral,50,"[""현재가 100,800원만으로는 향후 20거래일 방향을 판단할 수 있는 추세·모멘텀 정보가 제공되지 않았습니다."", ""재무, 실적, 밸류에이션, 수급, 기술적 지표 등 상승 또는 하락 근거가 되는 데이터가 제시되지 않았습니다."", ""제공된 데이터가 가격 수준 하나뿐이어서 Buy와 Sell 중 어느 쪽도 우위라고 보기 어려워 Neutral이 적절합니다.""]",-1.1673151750972763,4.280155642023346,-3.0423052473711225,3.498645039211817
000270,기아,2025-09-01,106500,Neutral,42,"[""현재가 106,500원만으로는 20거래일 내 상승·하락 방향을 판단할 수 있는 추세 정보가 제공되지 않았습니다."", ""재무, 실적, 밸류에이션, 수급, 기술적 지표 등 방향성을 뒷받침할 추가 데이터가 없어 Buy 또는 Sell 근거가 부족합니다."", ""제공된 정보가 종목명과 현재가에 한정되어 있어 상승·하락 근거가 균형을 이루기보다 아예 불충분하므로 Neutral이 적절합니다.""]",-1.585820895522388,-6.063432835820896,-4.350333007994224,-14.014951426140374
000270,기아,2025-10-01,100600,Neutral,50,"[""현재가 100,600원만 제공되어 추세, 모멘텀, 변동성, 거래량 등 20거래일 방향성을 판단할 핵심 데이터가 부족합니다."", ""제공된 정보에는 실적, 밸류에이션, 수급, 기술적 지표가 없어 상승 또는 하락 근거를 우위로 둘 수 없습니다."", ""브랜드 이미지나 과거 명성은 배제해야 하므로, 현재 제공 데이터만으로는 Buy 또는 Sell을 정당화하기 어렵습니다.""]",6.813819577735125,7.485604606525912,1.2024300008997209,-5.960767966525551
000270,기아,2025-11-03,117700,Neutral,42,"[""현재가 117,700원만으로는 20거래일 내 상승·하락 방향을 판단할 수 있는 추세 정보가 제공되지 않았습니다."", ""재무, 실적, 밸류에이션, 수급, 기술적 지표 등 방향성을 뒷받침할 추가 데이터가 없어 Buy 또는 Sell 근거가 부족합니다."", ""제공된 정보가 종목명, 시장, 현재가에 한정되어 있어 방향성 확신이 불가능하므로 Neutral이 가장 적절합니다.""]",1.3986013986013985,2.272727272727273,1.7710169318470534,5.349340547703374
000270,기아,2025-12-01,112300,Neutral,42,"[""현재가 112,300원만으로는 20거래일 내 상승·하락 방향을 판단할 수 있는 추세, 밸류에이션, 실적, 수급 데이터가 제공되지 않았습니다."", ""종목명과 시장 정보 외에 기술적 지표나 거래량, 이동평균, 모멘텀 관련 데이터가 없어 매수·매도 우위를 정할 근거가 부족합니다."", ""제공된 데이터만을 근거로 해야 하므로 방향성을 확신할 수 없어 Neutral이 가장 적절합니다.""]",5.811965811965812,3.076923076923077,2.0917504389805446,-4.8005616349492275
105560,KB금융,2023-01-02,47600,Neutral,50,"[""현재가 47,600원만 제공되어 추세, 모멘텀, 변동성, 거래량 등 20거래일 방향성을 판단할 핵심 데이터가 부족합니다."", ""기업의 브랜드나 과거 명성은 배제해야 하므로, 제공된 정보만으로는 상승 또는 하락 우위를 정할 근거가 없습니다."", ""KOSPI 상장 정보와 종목명 외에 추가 수치가 없어 Buy 또는 Sell을 선택할 만큼의 정량적 신호가 확인되지 않습니다.""]",17.83893985728848,14.984709480122325,11.861061118578972,3.7077339811769914
105560,KB금융,2023-02-01,57400,Neutral,42,"[""현재가 57,400원에 대한 추가 기술적·수급·실적 데이터가 제공되지 않아 20거래일 방향성을 판단할 핵심 근거가 부족합니다."", ""제공된 정보는 종목명, 현재가, 시장 구분뿐이어서 상승 또는 하락을 지지하는 정량적 신호를 확인할 수 없습니다."", ""브랜드 이미지나 과거 명성은 배제해야 하므로, 현재 주어진 데이터만으로는 Buy와 Sell 중 어느 쪽도 우위라고 보기 어렵습니다.""]",-3.900709219858156,-11.347517730496454,-4.412682260265137,-9.856558267096048
105560,KB금융,2023-03-02,50600,Neutral,50,"[""현재가 50,600원에 대한 추가 기술적·수급·실적 데이터가 제공되지 않아 20거래일 방향성을 판단할 근거가 부족합니다."", ""종목 정보는 KB금융과 KOSPI 상장 사실뿐이며, 상승 또는 하락을 지지하는 정량 지표가 제시되지 않았습니다."", ""제공된 데이터만으로는 Buy와 Sell 중 어느 쪽도 우위라고 보기 어려워 Neutral이 가장 적절합니다.""]",-0.6,-4.7,0.9410740644800527,-6.541641071186272
105560,KB금융,2023-04-03,47300,Neutral,50,"[""현재가 47,300원만으로는 20거래일 내 상승·하락 방향을 판단할 수 있는 추세 정보가 제공되지 않았습니다."", ""거래량, 재무지표, 수급, 기술적 지표 등 방향성을 뒷받침할 추가 데이터가 없어 Buy 또는 Sell 근거가 부족합니다."", ""제공된 정보가 종목명, 현재가, 시장 구분에 한정되어 있어 상승과 하락 근거가 균형을 이루기보다 아예 판별 근거가 부족합니다.""]",-1.6753926701570683,1.1518324607329842,-4.390560115561437,0.3096669383202597
105560,KB금융,2023-05-02,49500,Neutral,52,"[""제공된 정보가 종목명, 현재가, 상장 시장뿐이라 20거래일 방향을 판단할 수 있는 가격 추세·거래량·실적·밸류에이션 데이터가 없다."", ""상승과 하락을 가늠할 수 있는 기술적 지표나 수급 정보가 전혀 없어 Buy 또는 Sell을 강하게 지지할 근거가 부족하다."", ""주어진 데이터만으로는 방향성이 불명확하므로 적극적 중립 판단이 가장 타당하다.""]",1.8633540372670807,-1.7598343685300208,2.279121207651669,-5.755996517726472
105560,KB금융,2023-06-01,46800,Neutral,52,"[""제공된 정보가 종목명과 현재가뿐이라 20거래일 방향을 판단할 수 있는 추세·실적·수급·밸류에이션 데이터가 없다."", ""상승과 하락을 가를 기술적 지표나 최근 가격 흐름이 없어 Buy 또는 Sell을 강하게 지지할 근거가 부족하다."", ""주어진 데이터만으로는 방향성이 불명확하므로 적극적 선택으로서 Neutral이 가장 적절하다.""]",2.73972602739726,2.528977871443625,1.6637503838877197,2.486307883437364
105560,KB금융,2023-07-03,48650,Neutral,50,"[""현재가 48,650원만으로는 20거래일 내 상승·하락 방향을 판단할 수 있는 추세 정보가 제공되지 않았습니다."", ""거래량, 이동평균, 수급, 실적, 밸류에이션 등 방향성을 뒷받침할 핵심 데이터가 없어 Buy 또는 Sell 근거가 부족합니다."", ""제공된 정보가 종목명과 현재가에 한정되어 있어 상승·하락 근거가 균형이 아니라 아예 불충분하므로 Neutral이 가장 적절합니다.""]",-2.37603305785124,9.090909090909092,-1.1875904883165462,6.246667561743654
105560,KB금융,2023-08-01,52800,Neutral,50,"[""현재가 52,800원만으로는 향후 20거래일 방향성을 판단할 수 있는 추세·모멘텀 정보가 제공되지 않았습니다."", ""거래량, 이동평균, 수급, 실적, 밸류에이션 등 상승·하락 근거가 되는 핵심 데이터가 없어 Buy 또는 Sell을 단정하기 어렵습니다."", ""제공된 정보가 종목명, 시장, 현재가에 한정되어 있어 상승과 하락 근거가 균형을 이루는 것이 아니라 아예 방향성 판단 근거가 부족하므로 Neutral이 적절합니다.""]",-3.4220532319391634,2.8517110266159698,-2.9882626667884105,5.152520896402354
105560,KB금융,2023-09-01,53600,Neutral,42,"[""현재가 53,600원만으로는 향후 20거래일 방향을 판단할 수 있는 추세·모멘텀 정보가 제공되지 않았습니다."", ""상장 시장이 KOSPI라는 정보 외에 거래량, 이동평균, 실적, 수급, 변동성 등 방향성을 판단할 핵심 데이터가 없습니다."", ""제공된 데이터만 근거로 하면 상승과 하락 어느 쪽도 우세하다고 볼 수 없어 적극적 판단은 Neutral이 적절합니다.""]",2.2222222222222223,3.3333333333333335,3.29281478185543,10.136064950055786
105560,KB금융,2023-10-04,54700,Neutral,50,"[""현재가 54,700원만으로는 향후 20거래일 방향을 판단할 수 있는 추세·모멘텀 정보가 제공되지 않았습니다."", ""거래량, 이동평균, 수급, 실적, 밸류에이션 등 상승·하락 판단에 필요한 핵심 데이터가 없어 근거가 부족합니다."", ""제공된 정보가 종목명, 현재가, 시장 구분에 한정되어 있어 Buy와 Sell 중 어느 쪽도 우위라고 보기 어렵습니다.""]",5.597014925373134,-1.8656716417910446,3.410711047856069,-0.3987054244503987
105560,KB금융,2023-11-01,51300,Neutral,52,"[""제공된 종목 정보는 현재가와 시장 구분뿐이라 20거래일 방향성을 판단할 수 있는 추세·밸류에이션·실적·수급 데이터가 없다."", ""상승과 하락을 가를 기술적 지표나 거래량 정보가 없어 Buy 또는 Sell을 강하게 선택할 근거가 부족하다."", ""주어진 데이터만으로는 방향성이 불명확하므로 적극적 중립 판단이 가장 적절하다.""]",4.705882352941177,2.7450980392156863,1.122625840257232,-5.456359845997196
105560,KB금융,2023-12-01,51900,Neutral,52,"[""제공된 정보가 종목명, 현재가, 시장 구분뿐이라 20거래일 방향성을 판단할 수 있는 가격 추세·거래량·실적·밸류에이션 데이터가 없다."", ""상승과 하락을 가늠할 수 있는 기술적 지표나 수급 정보가 없어 Buy 또는 Sell을 강하게 선택할 근거가 부족하다."", ""주어진 데이터만으로는 방향성이 불명확하므로 적극적 판단으로는 Neutral이 가장 적절하다.""]",0.1941747572815534,0.3883495145631068,-0.2197499728323777,-2.477313818703963
105560,KB금융,2024-01-02,53600,Neutral,42,"[""현재가 53,600원만으로는 20거래일 내 상승·하락 방향을 판단할 수 있는 추세 정보가 제공되지 않았습니다."", ""거래량, 이동평균, 실적, 밸류에이션, 수급 등 방향성을 뒷받침할 핵심 데이터가 없어 Buy 또는 Sell 근거가 부족합니다."", ""제공된 정보가 종목명, 현재가, 시장 구분에 한정되어 있어 방향성 확신이 불가능하므로 Neutral이 적절합니다.""]",-2.4714828897338403,7.604562737642586,0.0341646934074018,11.831908162620813
105560,KB금융,2024-02-01,61300,Neutral,42,"[""현재가 61,300원만으로는 20거래일 내 상승·하락 방향을 판단할 수 있는 추세, 밸류에이션, 수급, 실적 데이터가 제공되지 않았습니다."", ""종목 정보가 KB금융과 현재가뿐이라 기술적 지표나 모멘텀 근거가 없어 Buy 또는 Sell을 강하게 지지할 수 없습니다."", ""제공된 데이터만을 근거로 해야 하므로 방향성을 확신할 수 없어 Neutral이 가장 적절합니다.""]",5.128205128205128,5.279034690799397,3.8155500318685585,4.278006132043462
105560,KB금융,2024-03-04,69000,Neutral,50,"[""현재가 69,000원만으로는 향후 20거래일 방향을 판단할 수 있는 추세·모멘텀 정보가 제공되지 않았습니다."", ""재무, 수급, 밸류에이션, 기술적 지표 등 상승 또는 하락 근거가 되는 추가 데이터가 없어 Buy/Sell 우위를 정하기 어렵습니다."", ""제공된 정보가 종목명, 시장, 현재가에 한정되어 있어 방향성이 불명확하므로 Neutral이 가장 적절합니다.""]",5.323741007194244,-0.8633093525179856,4.100445166626574,-4.779667773292491
105560,KB금융,2024-04-01,68400,Neutral,42,"[""현재 제공된 정보는 종목명, 현재가, 시장 구분뿐이며 20거래일 방향성을 판단할 수 있는 가격 추세·거래량·실적·밸류에이션 데이터가 없다."", ""상승과 하락을 가늠할 수 있는 기술적 지표나 수급 정보가 전혀 없어 Buy 또는 Sell을 지지할 근거가 부족하다."", ""제공 데이터만으로는 방향성이 불명확하므로 적극적 판단으로는 Neutral이 가장 적절하다.""]",0.29027576197387517,4.934687953555878,2.033726923548212,7.459423166910705
105560,KB금융,2024-05-02,72300,Neutral,42,"[""현재 제공된 정보는 종목명, 현재가, 시장 구분뿐이라 20거래일 방향성을 판단할 수 있는 가격 추세·거래량·실적·밸류에이션 데이터가 없다."", ""상승과 하락을 가늠할 수 있는 기술적 지표나 수급 지표가 전혀 없어 Buy 또는 Sell을 지지할 근거가 부족하다."", ""제공 데이터만으로는 방향성이 불명확하므로 적극적 판단으로는 Neutral이 가장 적절하다.""]",10.719131614654003,5.291723202170964,8.82944196759782,5.834569990856744
105560,KB금융,2024-06-03,79300,Neutral,52,"[""제공된 종목 정보에는 현재가와 시장 구분만 있고, 20거래일 방향을 판단할 수 있는 재무·수급·기술적 지표가 없어 상승 또는 하락 근거가 부족합니다."", ""KB금융의 기업 이미지나 과거 명성은 판단에서 배제해야 하므로, 현재 제공 데이터만으로는 Buy 또는 Sell을 정당화할 수 없습니다."", ""방향성이 확인되지 않는 상황이므로 적극적 선택으로서 Neutral이 가장 적절합니다.""]",1.9329896907216495,8.762886597938143,-0.5488855205777072,3.807775970989482
105560,KB금융,2024-07-01,79600,Neutral,42,"[""현재가 79,600원만으로는 20거래일 내 상승·하락 방향을 판단할 수 있는 추세 정보가 제공되지 않았습니다."", ""거래량, 이동평균, 수급, 실적, 밸류에이션 등 방향성을 뒷받침할 핵심 데이터가 없어 매수·매도 우위를 가리기 어렵습니다."", ""제공된 정보가 종목명, 현재가, 시장 구분에 한정되어 있어 확신 가능한 상승 또는 하락 근거가 부족합니다.""]",2.403846153846154,7.331730769230769,-0.7074215834725162,8.866148179672146
105560,KB금융,2024-08-01,88300,Neutral,42,"[""현재가 88,300원만으로는 20거래일 내 상승·하락 방향을 판단할 수 있는 추세 정보가 제공되지 않았습니다."", ""거래량, 이동평균, 수급, 실적, 밸류에이션 등 방향성을 뒷받침할 핵심 데이터가 없어 매수·매도 우위를 가리기 어렵습니다."", ""제공된 정보가 종목명, 시장, 현재가에 한정되어 있어 확신 가능한 상승 또는 하락 근거가 부족하므로 Neutral이 적절합니다.""]",-1.5625,5.408653846153847,1.7167888397311182,5.228920718087456
105560,KB금융,2024-09-02,87700,Neutral,42,"[""제공된 정보가 종목명, 현재가, 시장 구분뿐이라 20거래일 방향성을 판단할 수 있는 가격·거래량·실적·밸류에이션 데이터가 없다."", ""상승과 하락을 가늠할 수 있는 기술적 지표나 수급 정보가 없어 Buy 또는 Sell 근거가 모두 부족하다."", ""주어진 데이터만으로는 방향성이 불명확하므로 적극적 판단으로는 Neutral이 가장 적절하다.""]",-4.712643678160919,2.7586206896551726,0.5864034690978093,5.3957598046542525
105560,KB금융,2024-10-02,81300,Neutral,50,"[""현재가 81,300원만으로는 20거래일 내 상승·하락 방향을 판단할 수 있는 추세 정보가 제공되지 않았습니다."", ""거래량, 이동평균, 수급, 실적, 밸류에이션 등 방향성을 뒷받침할 핵심 데이터가 없어 매수·매도 우위를 가리기 어렵습니다."", ""제공된 정보가 종목명, 시장, 현재가에 한정되어 있어 확신 가능한 상승 또는 하락 근거가 부족합니다.""]",17.675544794188863,9.806295399515738,15.590484612300637,9.056794483069924
105560,KB금융,2024-11-01,91800,Neutral,42,"[""현재가 91,800원만으로는 20거래일 내 상승·하락 방향을 판단할 수 있는 추세 정보가 제공되지 않았습니다."", ""거래량, 이동평균, 수급, 실적, 밸류에이션 등 방향성을 뒷받침할 핵심 데이터가 없어 매수·매도 우위를 가리기 어렵습니다."", ""제공된 정보가 종목명, 현재가, 시장 구분에 한정되어 있어 상승 또는 하락 근거가 균형을 이루기보다 아예 부족하므로 Neutral이 적절합니다.""]",2.2050716648291067,6.284454244762955,4.418693298142739,11.47918419528381
105560,KB금융,2024-12-02,96400,Neutral,52,"[""제공된 정보에는 현재가와 종목명만 있어 20거래일 방향성을 판단할 수 있는 추세·밸류에이션·실적·수급 데이터가 없다."", ""상승 또는 하락을 지지하는 기술적 지표나 이벤트 정보가 전혀 없어 Buy와 Sell 중 우위를 둘 근거가 부족하다."", ""주어진 데이터만으로는 방향성이 불명확하므로 적극적 선택으로서 Neutral이 가장 적절하다.""]",-17.687747035573125,-17.193675889328063,-14.397478646308704,-14.866568973604698
105560,KB금융,2025-01-02,83400,Neutral,52,"[""현재가 83,400원만으로는 20거래일 내 상승·하락 방향을 판단할 수 있는 추세 정보가 제공되지 않았습니다."", ""거래량, 이동평균, 수급, 실적, 밸류에이션 등 방향성을 뒷받침할 핵심 데이터가 없어 Buy 또는 Sell 근거가 부족합니다."", ""제공된 정보가 종목명, 현재가, 시장 구분에 한정되어 있어 상승·하락 근거가 균형이라기보다 방향성 자체가 불명확합니다.""]",4.77326968973747,1.3126491646778042,1.7486005769082156,-2.570770439568032
105560,KB금융,2025-02-03,88800,Neutral,52,"[""제공된 정보가 현재가와 종목명뿐이라 20거래일 방향성을 판단할 수 있는 추세·밸류에이션·수급 데이터가 없다."", ""상승과 하락을 가를 기술적 지표, 실적, 업황, 거래량 정보가 없어 Buy 또는 Sell 근거가 모두 부족하다."", ""주어진 데이터만으로는 방향성이 불명확하므로 적극적 판단으로는 Neutral이 가장 타당하다.""]",-7.776560788608982,-16.10076670317634,-10.087888956107747,-19.180925788315903
105560,KB금융,2025-03-04,77900,Neutral,42,"[""현재가 77,900원만으로는 20거래일 내 방향성을 판단할 수 있는 추세·모멘텀 정보가 제공되지 않았습니다."", ""상장 시장과 종목명 외에 실적, 밸류에이션, 수급, 기술적 지표 등 판단 근거가 없어 상승·하락 우위를 가를 수 없습니다."", ""제공된 데이터만을 근거로 해야 하므로 확신 가능한 매수·매도 신호가 없어 Neutral이 적절합니다.""]",0.39164490861618795,5.091383812010443,-0.26078479589453096,7.134673246089243
105560,KB금융,2025-04-01,79600,Neutral,42,"[""현재가 79,600원만으로는 향후 20거래일 방향을 판단할 수 있는 추세·밸류에이션·수급 데이터가 제공되지 않았습니다."", ""상승 또는 하락을 지지하는 기술적 지표, 실적 추정치, 거래량, 외국인·기관 수급 정보가 없어 근거가 부족합니다."", ""제공된 데이터가 종목명, 현재가, 시장 구분에 한정되어 있어 Buy와 Sell 중 어느 쪽도 우위라고 보기 어렵습니다.""]",-11.925465838509316,12.049689440993788,-3.4589114420146885,10.024436633574378
105560,KB금융,2025-05-02,93200,Neutral,50,"[""현재가 93,200원에 대한 추가 기술적·수급·실적 데이터가 제공되지 않아 20거래일 방향성을 판단할 근거가 부족합니다."", ""제공된 정보는 종목명, 현재가, 시장 구분뿐이어서 상승과 하락 중 어느 쪽도 우위라고 볼 만한 정량적 신호가 없습니다."", ""브랜드 이미지나 과거 명성을 배제하고 제공 데이터만 사용해야 하므로, 현 시점에서는 적극적 매수·매도보다 중립 판단이 타당합니다.""]",-0.2136752136752137,13.568376068376068,-2.807893878684149,4.311635062858935
105560,KB금융,2025-06-02,100000,Neutral,50,"[""현재가 100,000원만 제공되어 추세, 밸류에이션, 실적, 수급 등 20거래일 방향성을 판단할 핵심 데이터가 부족합니다."", ""제공된 정보에는 상승 또는 하락을 뒷받침하는 기술적 지표나 이벤트가 없어 Buy와 Sell 중 한쪽을 우세하게 선택할 근거가 없습니다."", ""브랜드 이미지나 과거 명성은 배제해야 하므로, 현재 제공 데이터만으로는 방향성을 확신할 수 없어 Neutral이 적절합니다.""]",-1.8535681186283595,8.341056533827619,-7.237855915830654,-4.125560087846669
105560,KB금융,2025-07-01,110800,Neutral,50,"[""현재가 110,800원만으로는 20거래일 내 상승·하락 방향을 판단할 수 있는 추세 정보가 제공되지 않았습니다."", ""거래량, 이동평균, 수급, 실적, 밸류에이션 등 방향성을 뒷받침할 핵심 데이터가 없어 매수·매도 우위를 가리기 어렵습니다."", ""제공된 정보가 종목명, 시장, 현재가에 한정되어 있어 확신 가능한 상승 또는 하락 근거가 부족합니다.""]",4.317180616740088,-0.6167400881057269,2.408925168065921,-6.451097791695246
105560,KB금융,2025-08-01,106000,Neutral,50,"[""현재가 106,000원만으로는 향후 20거래일 방향을 판단할 수 있는 추세·모멘텀 정보가 제공되지 않았습니다."", ""기업 실적, 밸류에이션, 수급, 기술적 지표 등 매수·매도 판단에 필요한 핵심 데이터가 없어 상승 또는 하락 근거를 우열로 가를 수 없습니다."", ""제공된 정보가 종목명, 현재가, 시장 구분에 한정되어 있어 방향성이 불명확하므로 Neutral이 가장 적절합니다.""]",3.9667896678966788,0.36900369003690037,2.091799595622833,-0.4125069127746288
105560,KB금융,2025-09-01,107100,Neutral,52,"[""제공된 정보가 종목명, 현재가, 시장 구분뿐이라 20거래일 방향을 판단할 수 있는 가격 추세·거래량·실적·밸류에이션 데이터가 없다."", ""상승과 하락을 가늠할 수 있는 기술적 지표나 수급 정보가 전혀 없어 Buy 또는 Sell 근거가 부족하다."", ""주어진 데이터만으로는 방향성이 불명확하므로 적극적 판단으로는 Neutral이 가장 타당하다.""]",1.0110294117647058,6.158088235294118,-1.7534827007071299,-1.7934303550253619
105560,KB금융,2025-10-01,116300,Neutral,0,"[""판단에 필요한 재무·수급·기술적 데이터가 제공되지 않아 20거래일 방향성을 근거 있게 추정할 수 없습니다."", ""현재가 116,300원 외에는 상승 또는 하락을 지지하는 정량 정보가 없어 Buy와 Sell 중 우위를 둘 수 없습니다."", ""제공된 데이터만을 근거로 해야 하므로, 불확실성이 매우 커 Neutral이 가장 적절합니다.""]",-2.654109589041096,7.277397260273973,-8.2654991658765,-6.16897531277749
105560,KB금융,2025-11-03,118000,Neutral,50,"[""현재가 118,000원에 대한 추가 기술적·수급·실적 데이터가 제공되지 않아 20거래일 방향성을 판단할 근거가 부족합니다."", ""종목명과 시장(KOSPI) 정보만으로는 상승·하락 우위를 가를 수 있는 정량적 신호가 없습니다."", ""제공된 데이터만을 근거로 해야 하므로, 확신 가능한 Buy 또는 Sell 판단 대신 Neutral이 적절합니다.""]",7.219031993437245,8.285479901558656,7.5914475266829,11.362093176534756
105560,KB금융,2025-12-01,126300,Neutral,42,"[""현재가 126,300원만으로는 20거래일 내 상승·하락 방향을 판단할 수 있는 추세 정보가 제공되지 않았습니다."", ""재무, 실적, 수급, 기술적 지표 등 방향성을 뒷받침할 추가 데이터가 없어 Buy 또는 Sell 근거가 부족합니다."", ""제공된 정보가 종목명, 시장, 현재가에 한정되어 있어 방향성 확신이 불가능하므로 Neutral이 적절합니다.""]",-4.545454545454546,-6.59090909090909,-8.265669918439812,-14.468393802781396
055550,신한지주,2023-01-02,34300,Neutral,42,"[""제공된 정보가 종목명, 현재가, 시장 구분뿐이라 20거래일 방향성을 판단할 수 있는 가격·거래량·실적·수급 데이터가 없다."", ""상승과 하락을 가늠할 수 있는 기술적 지표나 이벤트 정보가 없어 Buy 또는 Sell을 지지할 근거가 부족하다."", ""주어진 데이터만으로는 방향성이 불명확하므로 적극적 판단은 Neutral이 적절하다.""]",16.857142857142858,17.857142857142858,10.87926411843335,6.580167358197524
055550,신한지주,2023-02-01,42450,Neutral,42,"[""현재가 42,450원만 제시되어 있어 추세, 모멘텀, 변동성 등 20거래일 방향성을 판단할 핵심 데이터가 부족합니다."", ""재무지표, 실적, 수급, 기술적 지표가 제공되지 않아 상승 또는 하락 근거를 데이터로 확인할 수 없습니다."", ""제공된 정보만으로는 방향성을 확신할 수 없으므로 적극적 판단으로는 Neutral이 가장 적절합니다.""]",-3.0303030303030303,-10.181818181818182,-3.5422760707100114,-8.690858718417775
055550,신한지주,2023-03-02,37700,Neutral,42,"[""제공된 정보가 종목명과 현재가뿐이라 20거래일 방향성을 판단할 수 있는 가격·거래량·실적·밸류에이션 데이터가 없다."", ""상승과 하락을 가늠할 수 있는 기술적 지표나 수급 정보가 없어 Buy 또는 Sell 근거를 만들 수 없다."", ""주어진 데이터만으로는 방향성이 불명확하므로 적극적 판단으로는 Neutral이 가장 적절하다.""]",-3.3738191632928474,-4.588394062078273,-1.8327450988127947,-6.430035133264545
055550,신한지주,2023-04-03,34550,Neutral,50,"[""현재가 34,550원만으로는 향후 20거래일 방향을 판단할 수 있는 추세·모멘텀 정보가 제공되지 않았습니다."", ""거래량, 이동평균, 수급, 실적, 밸류에이션 등 상승·하락 판단에 필요한 핵심 데이터가 없어 근거가 부족합니다."", ""제공된 정보가 종목명, 시장, 현재가에 한정되어 있어 상승과 하락 어느 쪽도 우위라고 결론내리기 어렵습니다.""]",-1.422475106685633,-0.8534850640113799,-4.137642552090002,-1.6956505864241045
055550,신한지주,2023-05-02,35450,Neutral,50,"[""현재가 35,450원만으로는 향후 20거래일 방향을 판단할 수 있는 추세·모멘텀 정보가 제공되지 않았습니다."", ""종목명과 시장 정보 외에 실적, 밸류에이션, 수급, 기술적 지표 등 방향성을 뒷받침할 데이터가 없습니다."", ""제공된 데이터만을 근거로 하면 상승과 하락 어느 쪽도 우위라고 보기 어려워 Neutral이 적절합니다.""]",1.291248206599713,0.2869440459110474,1.7070153769843013,-3.7092181032854037
055550,신한지주,2023-06-01,34700,Neutral,42,"[""제공된 정보가 종목명, 현재가, 시장 구분뿐이라 20거래일 방향성을 판단할 수 있는 가격·거래량·실적·밸류에이션 데이터가 없다."", ""상승과 하락을 가늠할 수 있는 기술적 지표나 수급 정보가 전혀 없어 Buy 또는 Sell 근거가 부족하다."", ""주어진 데이터만으로는 방향성이 불명확하므로 적극적 선택으로는 Neutral이 가장 적절하다.""]",0.8583690987124464,-1.2875536480686696,-0.21760654479709407,-1.3302236360749307
055550,신한지주,2023-07-03,34500,Neutral,52,"[""제공된 정보가 종목명, 현재가, 시장 구분뿐이라 20거래일 방향성을 판단할 수 있는 가격·거래량·실적·밸류에이션 데이터가 없다."", ""상승과 하락을 가늠할 수 있는 기술적 지표나 수급 지표가 전혀 없어 Buy 또는 Sell 근거가 부족하다."", ""주어진 데이터만으로는 방향성이 불명확하므로 적극적 판단으로는 Neutral이 가장 적절하다.""]",-2.785923753665689,5.425219941348973,-1.5974811841309953,2.5809784121835353
055550,신한지주,2023-08-01,35950,Neutral,52,"[""제공된 정보가 종목명, 현재가, 시장 구분뿐이라 20거래일 방향성을 판단할 수 있는 가격·거래량·실적·수급 데이터가 없다."", ""상승과 하락을 가늠할 기술적 지표나 이벤트 정보가 전혀 없어 Buy 또는 Sell 근거가 부족하다."", ""주어진 데이터만으로는 방향성이 불명확하므로 적극적 판단으로는 Neutral이 가장 적절하다.""]",-1.4044943820224718,-0.1404494382022472,-0.9707038168717186,2.1603604315841376
055550,신한지주,2023-09-01,35450,Neutral,42,"[""제공된 종목 정보에는 현재가와 시장 구분만 있고, 20거래일 방향성을 판단할 수 있는 가격 추세·거래량·실적·밸류에이션 데이터가 없다."", ""상승 또는 하락을 지지하는 기술적·펀더멘털 근거가 제시되지 않아 Buy와 Sell 중 어느 쪽도 우세하다고 보기 어렵다."", ""주어진 데이터만으로는 향후 20거래일 내 방향성을 확신할 수 없어 Neutral이 가장 적절하다.""]",2.100840336134454,-0.9803921568627451,3.1714328957676616,5.822339459859708
055550,신한지주,2023-10-04,35050,Neutral,50,"[""현재가 35,050원만으로는 향후 20거래일 방향을 판단할 수 있는 추세·모멘텀 정보가 제공되지 않았습니다."", ""재무, 실적, 수급, 기술적 지표 등 상승 또는 하락을 뒷받침할 추가 데이터가 없어 우위 판단이 어렵습니다."", ""제공된 정보가 종목명, 시장, 현재가에 한정되어 있어 Buy와 Sell 중 어느 쪽도 근거가 충분하지 않습니다.""]",3.498542274052478,1.749271137026239,1.3122383965354127,3.2162373543668847
055550,신한지주,2023-11-01,35000,Neutral,42,"[""제공된 정보가 종목명, 현재가, 상장 시장뿐이라 20거래일 방향성을 판단할 수 있는 가격·거래량·실적·수급 데이터가 없다."", ""상승과 하락을 가를 기술적 또는 펀더멘털 근거가 전혀 제시되지 않아 Buy와 Sell 중 어느 쪽도 우세하다고 보기 어렵다."", ""주어진 데이터만 근거로 하면 방향성 확신이 불가능하므로 적극적 선택은 Neutral이 적절하다.""]",0.8695652173913043,6.956521739130435,-2.7136912952926404,-1.2449361460824475
055550,신한지주,2023-12-01,36400,Neutral,52,"[""제공된 정보가 종목명, 현재가, 시장 구분뿐이라 20거래일 방향성을 판단할 수 있는 가격·거래량·실적·수급 데이터가 없다."", ""상승과 하락을 가를 기술적 또는 펀더멘털 근거가 전혀 제시되지 않아 Buy와 Sell 중 어느 쪽도 우위라고 보기 어렵다."", ""주어진 데이터만으로는 방향성이 불명확하므로 적극적 선택으로서 Neutral이 가장 타당하다.""]",-0.40816326530612246,1.4965986394557822,-0.8220879954200535,-1.3690646938112874
055550,신한지주,2024-01-02,39350,Neutral,50,"[""제공된 정보가 종목명, 현재가, 시장 구분뿐이라 20거래일 방향성을 판단할 수 있는 가격·거래량·실적·밸류에이션 데이터가 없다."", ""상승 또는 하락을 지지하는 기술적 지표나 수급 정보가 전혀 없어 Buy와 Sell 중 우위를 둘 근거가 부족하다."", ""브랜드 이미지나 과거 명성은 배제해야 하므로, 현재 주어진 데이터만으로는 방향성이 불명확해 Neutral이 가장 적절하다.""]",-3.034300791556728,7.783641160949868,-0.528653208415486,12.010986585928094
055550,신한지주,2024-02-01,42500,Neutral,52,"[""제공된 정보가 종목명과 현재가뿐이라 20거래일 방향성을 판단할 수 있는 가격·거래량·실적·밸류에이션 데이터가 없다."", ""상승과 하락을 가늠할 수 있는 기술적 지표나 수급 정보가 없어 Buy 또는 Sell 근거가 부족하다."", ""주어진 데이터만으로는 방향성이 불명확하므로 적극적 판단으로는 Neutral이 가장 적절하다.""]",-1.7660044150110374,0.6622516556291391,-3.0786595113476065,-0.33877690312679554
055550,신한지주,2024-03-04,44200,Neutral,42,"[""제공된 정보가 종목명, 현재가, 상장 시장뿐이라 20거래일 방향성을 판단할 수 있는 가격·거래량·실적·수급 데이터가 없다."", ""상승 또는 하락을 지지하는 기술적 지표나 펀더멘털 지표가 전혀 제시되지 않아 Buy와 Sell 중 어느 쪽도 우위라고 보기 어렵다."", ""브랜드 이미지·과거 명성은 배제해야 하므로, 현재 제공 데이터만으로는 방향성 확신이 불가능해 Neutral이 적절하다.""]",3.2917139614074915,1.9296254256526675,2.068418120839821,-1.9867329951218382
055550,신한지주,2024-04-01,45550,Neutral,42,"[""현재가 45,550원만으로는 20거래일 내 상승·하락 방향을 판단할 수 있는 추세 정보가 제공되지 않았습니다."", ""거래량, 이동평균, 수급, 실적, 밸류에이션 등 방향성을 뒷받침할 핵심 데이터가 없어 매수·매도 우위를 가리기 어렵습니다."", ""제공된 정보가 종목명과 현재가에 한정되어 있어 상승 근거와 하락 근거가 균형을 이루기보다 아예 부족하므로 Neutral이 적절합니다.""]",-2.89532293986637,2.0044543429844097,-1.1518717782920331,4.529189556339237
055550,신한지주,2024-05-02,45800,Neutral,50,"[""현재가 45,800원만으로는 20거래일 내 상승·하락 방향을 판단할 수 있는 추세 정보가 제공되지 않았습니다."", ""거래량, 수급, 실적, 밸류에이션, 기술적 지표 등 방향성을 뒷받침할 핵심 데이터가 없어 Buy 또는 Sell 근거가 부족합니다."", ""제공된 정보가 종목명, 시장, 현재가에 한정되어 있어 상승과 하락 가능성을 균형 있게 볼 수밖에 없어 Neutral이 적절합니다.""]",2.798708288482239,-2.2604951560818085,0.9090186414260555,-1.7176483673960283
055550,신한지주,2024-06-03,47000,Neutral,42,"[""제공된 데이터가 종목명, 현재가, 시장 정보뿐이라 20거래일 방향을 판단할 수 있는 가격·거래량·실적·수급 근거가 없다."", ""상승과 하락을 가늠할 기술적 지표나 펀더멘털 수치가 전혀 없어 Buy 또는 Sell을 선택할 만한 객관적 근거가 부족하다."", ""주어진 정보만으로는 방향성이 불명확하므로 적극적 판단으로는 Neutral이 가장 적절하다.""]",5.286343612334802,12.555066079295155,2.8044684010354453,7.599955452346494
055550,신한지주,2024-07-01,47850,Neutral,56,"[""제공된 정보가 종목명, 현재가, 시장 구분뿐이라 20거래일 방향을 판단할 수 있는 가격·거래량·실적·수급 데이터가 없다."", ""상승과 하락을 가를 기술적 지표나 펀더멘털 근거가 전혀 없어 Buy 또는 Sell을 선택할 만한 우위가 확인되지 않는다."", ""주어진 데이터만으로는 방향성이 불명확하므로 적극적 판단으로는 Neutral이 가장 타당하다.""]",4.040404040404041,20.2020202020202,0.9291363030853703,21.73643761246158
055550,신한지주,2024-08-01,60700,Neutral,52,"[""현재가 60,700원에 대한 추가 기술적 지표나 추세 데이터가 제공되지 않아 20거래일 방향성을 강하게 판단하기 어렵습니다."", ""종목 정보만으로는 상승·하락을 가를 수 있는 모멘텀, 거래량, 변동성, 수급 관련 근거가 없어 Buy 또는 Sell 우위를 둘 수 없습니다."", ""제공된 데이터가 현재가와 종목명뿐이므로, 방향성 판단은 가능하더라도 확신 수준은 낮아 Neutral이 가장 적절합니다.""]",-5.42907180385289,-1.4010507880910683,-2.1497829641217714,-1.580783916157459
055550,신한지주,2024-09-02,56300,Neutral,42,"[""제공된 종목 정보에는 현재가와 시장 구분만 있고, 20거래일 방향성을 판단할 수 있는 재무·수급·기술적 지표가 없어 상승/하락 근거를 만들기 어렵습니다."", ""신한지주는 KOSPI 대형 금융주이지만, 요청 조건상 브랜드나 과거 명성은 배제해야 하므로 이를 근거로 Buy 판단을 할 수 없습니다."", ""제공 데이터만으로는 단기 추세, 모멘텀, 변동성, 거래량 변화가 확인되지 않아 상승과 하락 가능성을 균형적으로 볼 수밖에 없습니다.""]",-1.048951048951049,-3.146853146853147,4.250096098307679,-0.5097140318540672
055550,신한지주,2024-10-02,55900,Neutral,52,"[""제공된 정보가 종목명, 현재가, 시장 구분뿐이라 20거래일 방향성을 판단할 수 있는 가격·거래량·실적·수급 데이터가 없다."", ""상승과 하락을 가를 기술적·펀더멘털 근거가 전혀 제시되지 않아 Buy 또는 Sell을 선택할 만한 우위가 없다."", ""주어진 데이터만 기준으로 하면 방향성 확신이 부족하므로 적극적 판단은 Neutral이 적절하다.""]",5.828779599271402,-0.7285974499089253,3.7437194173831765,-1.4780983663547407
055550,신한지주,2024-11-01,54000,Neutral,42,"[""현재가 54,000원만으로는 향후 20거래일 방향을 판단할 수 있는 추세·모멘텀 정보가 제공되지 않았습니다."", ""종목명과 시장 정보 외에 실적, 밸류에이션, 수급, 기술적 지표 등 방향성을 뒷받침할 데이터가 없습니다."", ""제공된 데이터만 근거로 하면 상승과 하락 어느 쪽도 우위라고 보기 어려워 Neutral이 적절합니다.""]",3.669724770642202,-1.1009174311926606,5.8833464039558345,4.0938125193281945
055550,신한지주,2024-12-02,53900,Neutral,42,"[""제공된 데이터가 종목명과 현재가뿐이라 20거래일 방향성을 판단할 수 있는 추세·밸류에이션·실적·수급 정보가 없다."", ""상승과 하락을 가를 기술적 지표나 최근 가격 흐름이 없어 Buy 또는 Sell을 지지할 근거가 부족하다."", ""주어진 정보만으로는 방향성이 불명확하므로 적극적 판단으로는 Neutral이 가장 적절하다.""]",-11.436170212765957,-14.539007092198581,-8.145901823501536,-12.211900176475217
055550,신한지주,2025-01-02,47750,Neutral,42,"[""제공된 정보가 종목명, 현재가, 시장 구분뿐이라 20거래일 방향성을 판단할 수 있는 가격·거래량·실적·밸류에이션 데이터가 없다."", ""상승과 하락을 가늠할 수 있는 기술적 지표나 수급 지표가 전혀 없어 Buy 또는 Sell 근거가 부족하다."", ""주어진 데이터만으로는 방향성이 불명확하므로 적극적 판단으로는 Neutral이 가장 적절하다.""]",3.423236514522822,3.7344398340248963,0.39856740169356764,-0.1489797702209401
055550,신한지주,2025-02-03,50200,Neutral,42,"[""제공된 정보가 종목명, 현재가, 시장 구분뿐이라 20거래일 방향성을 판단할 수 있는 가격·거래량·실적·밸류에이션 데이터가 없다."", ""상승과 하락을 가늠할 수 있는 기술적 지표나 수급 정보가 전혀 없어 Buy 또는 Sell 근거를 만들 수 없다."", ""주어진 데이터만으로는 방향성이 불명확하므로 적극적 판단으로는 Neutral이 가장 적절하다.""]",-3.7254901960784315,-12.450980392156863,-6.036818363577197,-15.531139477296428
055550,신한지주,2025-03-04,46150,Neutral,42,"[""제공된 정보가 종목명, 현재가, 시장 구분뿐이라 20거래일 방향성을 판단할 수 있는 가격·거래량·실적·밸류에이션 데이터가 없다."", ""상승과 하락을 가늠할 수 있는 기술적 지표나 수급 정보가 없어 Buy 또는 Sell 근거를 만들 수 없다."", ""브랜드 이미지나 과거 명성은 배제해야 하므로, 현재 제공 데이터만으로는 방향성 확신이 불가능하다.""]",1.1198208286674132,9.070548712206048,0.46739112415669426,11.113838146284847
055550,신한지주,2025-04-01,48100,Neutral,52,"[""제공된 정보가 종목명과 현재가뿐이라 20거래일 방향을 판단할 수 있는 가격·수급·실적·밸류에이션 데이터가 없다."", ""상승과 하락을 가를 기술적 지표나 최근 추세가 제시되지 않아 Buy 또는 Sell을 지지할 근거가 부족하다."", ""주어진 데이터만으로는 방향성이 불명확하므로 적극적 판단으로는 Neutral이 가장 타당하다.""]",-10.472279260780287,5.544147843942506,-2.005724864285659,3.518895036523097
055550,신한지주,2025-05-02,51200,Neutral,42,"[""제공된 정보가 종목명, 현재가, 상장 시장뿐이라 20거래일 방향성을 판단할 수 있는 가격·거래량·실적·수급 데이터가 없다."", ""상승과 하락을 가를 기술적 또는 펀더멘털 근거가 전혀 제시되지 않아 Buy와 Sell 중 어느 쪽도 우위라고 보기 어렵다."", ""주어진 데이터만 근거로 하면 방향성 확신이 불가능하므로 적극적 선택으로는 Neutral이 적절하다.""]",1.36986301369863,15.851272015655576,-1.224355651310305,6.594531010138443
055550,신한지주,2025-06-02,55800,Neutral,52,"[""제공된 정보가 종목명, 현재가, 시장 구분뿐이라 20거래일 방향성을 판단할 수 있는 가격·거래량·실적·수급 데이터가 없다."", ""상승과 하락을 가를 기술적 또는 펀더멘털 근거가 제시되지 않아 Buy와 Sell 중 어느 쪽도 우위라고 보기 어렵다."", ""주어진 데이터만으로는 방향성이 불명확하므로 적극적 판단으로는 Neutral이 가장 적절하다.""]",-2.1702838063439067,6.3439065108514185,-7.554571603546201,-6.122710110822869
055550,신한지주,2025-07-01,62200,Neutral,50,"[""제공된 정보가 종목명, 현재가, 상장 시장뿐이라 20거래일 방향성을 판단할 수 있는 가격·거래량·실적·수급 데이터가 없다."", ""상승과 하락을 가늠할 수 있는 기술적 지표나 밸류에이션, 모멘텀 근거가 전혀 제시되지 않았다."", ""브랜드 이미지나 과거 명성은 배제해야 하므로, 현재 제공 데이터만으로는 Buy와 Sell 중 어느 쪽도 우위라고 보기 어렵다.""]",13.12803889789303,11.66936790923825,11.219783449218863,5.835010205648731
055550,신한지주,2025-08-01,65100,Neutral,42,"[""제공된 정보가 종목명, 현재가, 시장 구분뿐이라 20거래일 방향을 판단할 수 있는 가격·거래량·실적·수급 데이터가 없다."", ""상승과 하락을 가를 기술적 지표나 최근 추세가 제시되지 않아 Buy 또는 Sell 근거가 모두 부족하다."", ""주어진 데이터만으로는 방향성이 불명확하므로 적극적 판단은 Neutral이 적절하다.""]",5.311077389984825,-1.5174506828528074,3.436087317710979,-2.2989612856643364
055550,신한지주,2025-09-01,64000,Neutral,52,"[""제공된 정보가 종목명, 현재가, 시장 구분뿐이라 20거래일 방향성을 판단할 수 있는 가격·거래량·실적·수급 데이터가 없다."", ""상승과 하락을 가늠할 수 있는 기술적 지표나 이벤트 정보가 없어 Buy 또는 Sell을 단정할 근거가 부족하다."", ""주어진 데이터만으로는 방향성이 불명확하므로 적극적 판단으로는 Neutral이 가장 적절하다.""]",0.6163328197226503,9.090909090909092,-2.1481792927491856,1.139390500589612
055550,신한지주,2025-10-01,70500,Neutral,42,"[""제공된 정보가 종목명, 현재가, 시장 구분뿐이라 20거래일 방향성을 판단할 수 있는 가격·거래량·실적·밸류에이션 데이터가 없다."", ""상승 또는 하락을 지지하는 기술적 지표나 펀더멘털 근거가 전혀 제시되지 않아 Buy와 Sell 중 우위를 둘 수 없다."", ""브랜드 이미지·과거 명성은 배제해야 하므로, 현재 제공 데이터만으로는 방향성 확신이 부족해 Neutral이 적절하다.""]",1.8207282913165268,10.92436974789916,-3.7906612855188775,-2.5220028251523026
055550,신한지주,2025-11-03,74100,Neutral,52,"[""제공된 정보가 종목명, 현재가, 시장 구분뿐이라 20거래일 방향성을 판단할 수 있는 가격·거래량·실적·수급 데이터가 없다."", ""상승과 하락을 가늠할 수 있는 기술적 지표나 밸류에이션, 이벤트 정보가 없어 Buy 또는 Sell 근거가 부족하다."", ""주어진 데이터만으로는 방향성이 불명확하므로 적극적 판단으로는 Neutral이 가장 적절하다.""]",2.094240837696335,6.544502617801047,2.46665637094199,9.621115892777148
055550,신한지주,2025-12-01,79700,Neutral,52,"[""제공된 정보가 종목명, 현재가, 상장 시장뿐이라 20거래일 방향을 판단할 수 있는 가격 추세·거래량·실적·밸류에이션 데이터가 없다."", ""상승과 하락을 가늠할 수 있는 기술적 지표나 수급 지표가 전혀 없어 Buy 또는 Sell 근거가 부족하다."", ""주어진 데이터만으로는 방향성이 불명확하므로 적극적 판단으로는 Neutral이 가장 적절하다.""]",-3.6855036855036856,-5.896805896805897,-7.405719058488953,-13.774290608678202
035720,카카오,2023-01-02,52700,Neutral,50,"[""현재 제공된 정보는 종목명, 현재가, 상장 시장뿐이며 20거래일 방향성을 판단할 수 있는 가격 추세·거래량·실적·밸류에이션 데이터가 없다."", ""상승과 하락을 가늠할 수 있는 기술적 지표나 수급 정보가 전혀 없어 Buy 또는 Sell을 우세하게 선택할 근거가 부족하다."", ""제공된 데이터만을 근거로 하면 방향성이 불명확하므로 적극적 판단으로는 Neutral이 가장 적절하다.""]",13.883677298311445,21.013133208255162,7.905798559601937,9.736157709309829
035720,카카오,2023-02-01,62200,Neutral,50,"[""현재가 62,200원만으로는 향후 20거래일 방향을 판단할 수 있는 추세·모멘텀 정보가 제공되지 않았습니다."", ""재무, 실적, 수급, 거래량, 기술적 지표 등 상승 또는 하락을 뒷받침할 데이터가 제시되지 않았습니다."", ""제공된 정보가 종목명, 시장, 현재가에 한정되어 있어 Buy와 Sell 중 우위를 둘 근거가 부족합니다.""]",9.922480620155039,-5.426356589147287,9.410507579748058,-3.9353971257468805
035720,카카오,2023-03-02,61200,Neutral,42,"[""현재가 61,200원에 대한 추가 기술적·실적·수급 데이터가 제공되지 않아 20거래일 방향성을 판단할 근거가 부족합니다."", ""상승과 하락을 가를 추세, 모멘텀, 거래량, 변동성 정보가 없어 Buy 또는 Sell을 강하게 선택할 수 없습니다."", ""제공된 정보가 종목명, 시장, 현재가뿐이므로 방향성 확신이 낮아 Neutral이 가장 적절합니다.""]",-4.754098360655737,0.16393442622950818,-3.2130242961756847,-1.6777066449567637
035720,카카오,2023-04-03,60200,Neutral,42,"[""종목 정보에 현재가와 시장 구분만 제공되어 있어 20거래일 방향성을 판단할 수 있는 추세·실적·수급 데이터가 없습니다."", ""상승과 하락을 가늠할 기술적 지표, 거래량, 변동성, 이벤트 정보가 없어 Buy 또는 Sell 근거가 부족합니다."", ""제공된 데이터만으로는 방향성이 불명확하므로 적극적 판단으로는 Neutral이 가장 적절합니다.""]",-2.3064250411861615,-3.9538714991762767,-5.02159248659053,-4.796037021589001
035720,카카오,2023-05-02,58500,Neutral,42,"[""현재가 58,500원만으로는 향후 20거래일 방향을 판단할 수 있는 추세·밸류에이션·실적 데이터가 제공되지 않았습니다."", ""상승 또는 하락을 지지하는 기술적 지표, 거래량, 수급, 실적 모멘텀 정보가 없어 Buy와 Sell 중 우위를 둘 근거가 부족합니다."", ""제공된 데이터가 종목명, 시장, 현재가에 한정되어 있어 방향성 확신이 낮으므로 Neutral이 가장 적절합니다.""]",-3.9451114922813035,-1.8867924528301887,-3.529344321896715,-5.88295460202664
035720,카카오,2023-06-01,56100,Neutral,50,"[""현재가 56,100원에 대한 추가 기술적·수급·실적 데이터가 제공되지 않아 20거래일 방향성을 판단할 근거가 부족합니다."", ""상승과 하락을 가를 추세, 모멘텀, 변동성 정보가 없어 Buy 또는 Sell 중 하나를 우세하게 선택하기 어렵습니다."", ""제공된 정보만으로는 기대수익과 하방위험의 우열을 확정할 수 없어 Neutral이 가장 적절합니다.""]",-1.048951048951049,-10.839160839160838,-2.1249266924605896,-10.8818308271671
035720,카카오,2023-07-03,51000,Neutral,42,"[""현재가 51,000원만으로는 20거래일 내 상승 또는 하락 방향을 판단할 수 있는 추세·모멘텀 데이터가 제공되지 않았습니다."", ""재무, 실적, 수급, 거래량, 기술적 지표 등 방향성을 뒷받침할 핵심 데이터가 없어 Buy 또는 Sell 근거가 부족합니다."", ""제공된 정보가 종목명, 시장, 현재가에 한정되어 있어 상승·하락 기대를 균형 있게 비교할 수 없으므로 Neutral이 적절합니다.""]",1.5015015015015014,9.90990990990991,2.6899440710361953,7.065668380744472
035720,카카오,2023-08-01,54900,Neutral,42,"[""현재가 54,900원만으로는 20거래일 내 방향성을 판단할 수 있는 추세·모멘텀 정보가 제공되지 않았습니다."", ""재무, 실적, 수급, 밸류에이션, 기술적 지표 등 상승 또는 하락을 뒷받침할 추가 데이터가 없어 근거가 부족합니다."", ""제공된 데이터만 기준으로는 상승과 하락 어느 쪽도 우세하다고 보기 어려워 방향성 확신이 낮습니다.""]",-0.7518796992481203,-9.586466165413533,-0.3180891340973671,-7.285656295627149
035720,카카오,2023-09-01,48950,Neutral,42,"[""현재가 48,950원만으로는 20거래일 내 방향성을 판단할 수 있는 추세·모멘텀 정보가 제공되지 않았습니다."", ""재무, 실적, 수급, 기술적 지표 등 상승 또는 하락을 뒷받침할 추가 데이터가 없어 근거가 부족합니다."", ""제공된 정보가 종목명, 시장, 현재가에 한정되어 있어 Buy와 Sell 중 어느 쪽도 우위라고 보기 어렵습니다.""]",-1.7311608961303464,-14.358452138492872,-0.6605683364971386,-7.555720521770419
035720,카카오,2023-10-04,41600,Neutral,42,"[""제공된 종목 정보는 현재가와 시장 구분뿐이라 20거래일 방향성을 판단할 수 있는 추세·실적·수급 데이터가 없다."", ""상승과 하락을 가늠할 기술적 지표, 거래량, 변동성, 밸류에이션 비교 정보가 없어 Buy 또는 Sell 근거가 부족하다."", ""주어진 데이터만으로는 방향성이 불명확하므로 적극적 판단은 Neutral이 적절하다.""]",5.752753977968176,1.101591187270502,3.5664501004511107,2.568557404611148
035720,카카오,2023-11-01,37600,Neutral,42,"[""현재가 37,600원만으로는 20거래일 내 상승·하락 방향을 판단할 수 있는 추세 정보가 제공되지 않았습니다."", ""재무, 실적, 수급, 기술적 지표 등 방향성을 뒷받침할 추가 데이터가 없어 Buy 또는 Sell 근거가 부족합니다."", ""제공된 정보가 종목명과 시장 구분에 한정되어 있어 상승·하락 근거가 균형을 이루기보다 아예 불충분하므로 Neutral이 적절합니다.""]",18.28793774319066,30.99870298313878,14.704681230506715,22.7972450979259
035720,카카오,2023-12-01,49700,Neutral,50,"[""제공된 정보가 종목명, 현재가, 상장 시장뿐이라 20거래일 방향성을 판단할 수 있는 가격·실적·수급 데이터가 없다."", ""상승과 하락을 가늠할 기술적 지표나 펀더멘털 지표가 전혀 없어 Buy 또는 Sell 근거를 만들 수 없다."", ""주어진 데이터만으로는 방향성이 불명확하므로 적극적 선택으로 Neutral이 적절하다.""]",2.559055118110236,12.598425196850393,2.145130387996305,9.732761863583324
035720,카카오,2024-01-02,57900,Neutral,42,"[""현재가 57,900원만으로는 20거래일 내 상승·하락 방향을 판단할 수 있는 추세 정보가 제공되지 않았습니다."", ""거래량, 이동평균, 수급, 실적, 밸류에이션 등 방향성을 뒷받침할 핵심 데이터가 없어 Buy 또는 Sell 근거가 부족합니다."", ""제공된 정보가 종목명, 시장, 현재가에 한정되어 있어 방향성 확신이 낮으므로 Neutral이 가장 적절합니다.""]",4.593639575971731,-7.243816254416961,7.099287159112974,-3.0164708294387346
035720,카카오,2024-02-01,52700,Neutral,50,"[""현재가 52,700원만으로는 향후 20거래일 방향을 판단할 수 있는 추세·모멘텀 정보가 제공되지 않았습니다."", ""재무, 실적, 수급, 기술적 지표 등 상승 또는 하락을 뒷받침할 추가 데이터가 없어 Buy/Sell 근거가 부족합니다."", ""제공된 정보 범위 내에서는 상승·하락 근거가 균형이 아니라 아예 부족하므로 방향성을 확신하기 어려워 Neutral이 적절합니다.""]",-2.841918294849023,-7.8152753108348145,-4.154573391185592,-8.81630386959075
035720,카카오,2024-03-04,53100,Neutral,42,"[""현재가 53,100원만으로는 20거래일 내 상승·하락 방향을 판단할 수 있는 추세 정보가 제공되지 않았습니다."", ""거래량, 이동평균, 수급, 실적, 밸류에이션 등 방향성을 뒷받침할 핵심 데이터가 없어 매수·매도 우위를 가를 근거가 부족합니다."", ""제공된 정보가 종목명, 시장, 현재가에 한정되어 있어 상승 또는 하락을 확신하기 어려우므로 Neutral이 적절합니다.""]",7.930367504835589,-0.9671179883945842,6.707071664267919,-4.88347640916909
035720,카카오,2024-04-01,53800,Neutral,42,"[""제공된 정보가 종목명, 현재가, 시장 구분뿐이라 20거래일 방향성을 판단할 수 있는 가격 추세·거래량·실적·밸류에이션 데이터가 없다."", ""상승과 하락을 가늠할 수 있는 기술적 지표나 수급 정보가 전혀 없어 Buy 또는 Sell을 정당화할 근거가 부족하다."", ""주어진 데이터만을 근거로 하면 방향성 확신이 불가능하므로 적극적 중립 판단이 가장 타당하다.""]",-3.80859375,-5.6640625,-2.0651425884256636,-3.1393272866451727
035720,카카오,2024-05-02,48300,Neutral,0,"[""판단에 필요한 재무·실적·수급·기술적 데이터가 제공되지 않아 20거래일 방향성을 근거 있게 추정할 수 없습니다."", ""현재가 48,300원 외에는 상승 또는 하락을 지지하는 정량 정보가 없어 Buy와 Sell 중 어느 쪽도 우위라고 볼 수 없습니다."", ""제공된 데이터만을 근거로 해야 하므로, 방향성이 불명확한 상황에 해당해 Neutral이 가장 적절합니다.""]",-4.471544715447155,-9.34959349593496,-6.361234362503338,-8.806746707249179
035720,카카오,2024-06-03,44300,Neutral,50,"[""현재가 44,300원만으로는 20거래일 내 상승 또는 하락 방향을 판단할 수 있는 추세·모멘텀 정보가 제공되지 않았습니다."", ""재무, 실적, 수급, 기술적 지표 등 방향성을 뒷받침할 추가 데이터가 없어 Buy 또는 Sell 근거가 부족합니다."", ""제공된 정보가 종목명, 시장, 현재가에 한정되어 있어 상승·하락 근거가 균형을 이루기보다 아예 불충분하므로 Neutral이 적절합니다.""]",-3.4753363228699556,-10.089686098654708,-5.957211534169312,-15.04479672560337
035720,카카오,2024-07-01,41000,Neutral,42,"[""제공된 정보가 종목명, 현재가, 시장 구분뿐이라 20거래일 방향을 판단할 수 있는 가격·거래량·실적·수급 데이터가 없다."", ""상승 또는 하락을 지지하는 정량적 근거가 전혀 없어 Buy와 Sell 중 어느 쪽도 우위라고 보기 어렵다."", ""주어진 데이터만으로는 방향성이 불명확하므로 적극적 선택으로서 Neutral이 가장 적절하다.""]",6.125,-2.375,3.0137322626813297,-0.8405825895586232
035720,카카오,2024-08-01,39800,Neutral,42,"[""제공된 데이터가 종목명과 현재가뿐이라 20거래일 방향성을 판단할 수 있는 가격·거래량·실적·수급 정보가 없다."", ""상승과 하락을 가늠할 수 있는 기술적 지표나 펀더멘털 지표가 전혀 제시되지 않아 Buy 또는 Sell 근거가 부족하다."", ""주어진 정보만으로는 방향성이 불명확하므로 적극적 판단으로는 Neutral이 가장 적절하다.""]",-6.447534766118837,-6.700379266750948,-3.1682459263877187,-6.880112394817339
035720,카카오,2024-09-02,36900,Neutral,42,"[""현재가 36,900원에 대한 추가 기술적·실적·수급 데이터가 제공되지 않아 20거래일 방향성을 판단할 근거가 부족합니다."", ""상승과 하락을 가를 수 있는 추세, 모멘텀, 거래량, 변동성 정보가 없어 Buy 또는 Sell을 우위로 둘 수 없습니다."", ""제공된 정보만으로는 주가가 상승 또는 하락할 확률을 정량적으로 우세하게 판단하기 어려워 Neutral이 가장 적절합니다.""]",-5.939226519337017,2.209944751381215,-0.640179372078288,4.847083866380295
035720,카카오,2024-10-02,36000,Neutral,42,"[""제공된 정보가 종목명, 현재가, 상장 시장뿐이라 20거래일 방향성을 판단할 수 있는 가격 추세·실적·수급 데이터가 없다."", ""상승과 하락을 가늠할 기술적 지표나 밸류에이션, 거래량, 모멘텀 정보가 없어 Buy 또는 Sell 근거가 부족하다."", ""주어진 데이터만으로는 방향성이 불명확하므로 적극적 선택으로는 Neutral이 가장 적절하다.""]",-0.544959128065395,1.7711171662125342,-2.630019309953621,1.0216162497667187
035720,카카오,2024-11-01,36150,Neutral,50,"[""현재가 36,150원만으로는 향후 20거래일 방향을 판단할 수 있는 추세·모멘텀 정보가 제공되지 않았습니다."", ""재무, 실적, 수급, 기술적 지표 등 상승 또는 하락을 지지하는 추가 데이터가 없어 Buy/Sell 근거가 모두 부족합니다."", ""제공된 정보가 종목명, 현재가, 시장 구분에 한정되어 있어 방향성 확신이 불가능하므로 Neutral이 적절합니다.""]",-9.772423025435073,12.851405622489958,-7.55880139212144,18.046135573010815
035720,카카오,2024-12-02,42150,Neutral,42,"[""현재가 42,150원만으로는 향후 20거래일 방향을 판단할 수 있는 추세·모멘텀 정보가 제공되지 않았습니다."", ""매출, 이익, 밸류에이션, 수급, 기술적 지표 등 상승 또는 하락을 지지하는 핵심 데이터가 없어 근거가 부족합니다."", ""제공된 정보가 종목명·시장·현재가에 한정되어 있어 Buy와 Sell 중 어느 쪽도 우위라고 보기 어렵습니다.""]",2.0954598370197903,-11.40861466821886,5.385728226284211,-9.081507752495495
035720,카카오,2025-01-02,37450,Neutral,50,"[""현재가 37,450원만으로는 20거래일 내 상승·하락 방향을 판단할 수 있는 추세 정보가 제공되지 않았습니다."", ""재무, 실적, 수급, 기술적 지표 등 방향성을 뒷받침할 추가 데이터가 없어 Buy 또는 Sell 근거가 부족합니다."", ""제공된 정보 범위 내에서는 상승과 하락 가능성을 구분할 만한 우위가 없어 Neutral이 가장 적절합니다.""]",-3.942181340341656,19.053876478318003,-6.96685045317091,15.170456874072165
035720,카카오,2025-02-03,41800,Neutral,50,"[""현재가 41,800원만으로는 향후 20거래일 방향을 판단할 수 있는 추세·모멘텀 정보가 제공되지 않았습니다."", ""재무, 실적, 수급, 기술적 지표 등 상승 또는 하락을 지지하는 추가 데이터가 없어 근거가 균형을 이루지 못합니다."", ""제공된 정보가 종목명, 시장, 현재가에 한정되어 있어 Buy 또는 Sell을 선택할 만큼의 확신을 가질 수 없습니다.""]",4.767726161369193,5.378973105134474,2.4563979938704272,2.2988140199949094
035720,카카오,2025-03-04,41900,Neutral,50,"[""현재가 41,900원만으로는 20거래일 내 상승·하락 방향을 판단할 수 있는 추세 정보가 제공되지 않았습니다."", ""거래량, 이동평균, 수급, 실적, 밸류에이션 등 방향성을 뒷받침할 핵심 데이터가 없어 Buy 또는 Sell 근거가 부족합니다."", ""제공된 정보가 종목명, 현재가, 상장 시장에 한정되어 있어 방향성이 불명확하므로 Neutral이 가장 적절합니다.""]",2.320185614849188,-5.104408352668213,1.6677559103384691,-3.0611189185894143
035720,카카오,2025-04-01,42200,Neutral,50,"[""현재가 42,200원만으로는 향후 20거래일 방향을 판단할 수 있는 추세·밸류에이션·수급 데이터가 제공되지 않았습니다."", ""상승 또는 하락을 지지하는 기술적 지표, 실적 추정치, 거래량, 외국인·기관 수급 정보가 없어 근거가 부족합니다."", ""제공된 데이터가 종목명과 현재가뿐이므로 Buy와 Sell 중 어느 쪽도 우위라고 보기 어렵습니다.""]",-9.168704156479219,-6.47921760391198,-0.7021497599845912,-8.50447041133139
035720,카카오,2025-05-02,38050,Neutral,42,"[""종목 정보로는 현재가와 시장 구분만 제공되어 있어 20거래일 방향성을 판단할 수 있는 추세·실적·수급 데이터가 없다."", ""상승 또는 하락을 지지하는 기술적 지표, 거래량 변화, 재무지표, 이벤트 정보가 전혀 없어 Buy와 Sell 중 우위를 둘 근거가 부족하다."", ""제공된 데이터만 근거로 하면 방향성이 불명확하므로 적극적 선택은 Neutral이 적절하다.""]",-1.0430247718383312,15.514993481095177,-3.6372434368472666,6.258252475578043
035720,카카오,2025-06-02,43150,Neutral,50,"[""현재가 43,150원만 제공되어 추세, 변동성, 거래량, 수급 등 20거래일 방향성을 판단할 핵심 데이터가 부족합니다."", ""제공된 정보에는 실적, 밸류에이션, 기술적 지표, 시장 대비 상대강도 같은 상승·하락 근거가 없어 Buy 또는 Sell을 단정할 수 없습니다."", ""브랜드 이미지나 과거 명성은 배제해야 하므로, 현재 제공 데이터만으로는 상승과 하락 근거가 균형을 이루거나 방향성을 확신할 수 없어 Neutral이 적절합니다.""]",21.394230769230766,43.02884615384615,16.009942972028472,30.562229532171866
035720,카카오,2025-07-01,60100,Neutral,42,"[""제공된 데이터가 종목명과 현재가뿐이라 20거래일 방향성을 판단할 수 있는 추세·실적·밸류에이션·수급 정보가 없다."", ""상승과 하락을 가늠할 기술적 지표나 최근 가격 흐름이 없어 Buy 또는 Sell 근거를 만들 수 없다."", ""주어진 정보만으로는 방향성이 불명확하므로 적극적 판단으로는 Neutral이 가장 적절하다.""]",3.0664395229982966,-4.088586030664395,1.1581840743241296,-9.922943734253913
035720,카카오,2025-08-01,55500,Neutral,42,"[""현재가 55,500원에 대한 추가 기술적·수급·실적 데이터가 제공되지 않아 20거래일 방향성을 판단할 핵심 근거가 부족합니다."", ""브랜드 이미지·과거 명성은 판단에서 배제해야 하므로, 종목명만으로는 상승 또는 하락 우위를 정할 수 없습니다."", ""제공된 정보가 가격과 시장 구분에 한정되어 있어 상승·하락 근거가 균형을 이루기보다 아예 부족한 상태이므로 Neutral이 적절합니다.""]",15.884476534296029,7.039711191335741,14.009486462022183,6.258200588524211
035720,카카오,2025-09-01,61200,Neutral,41,"[""현재가 61,200원만으로는 20거래일 내 상승·하락 방향을 판단할 수 있는 추세, 밸류에이션, 실적, 수급 데이터가 제공되지 않았습니다."", ""종목명과 시장 정보 외에 기술적 지표나 거래량, 이동평균, 모멘텀 관련 근거가 없어 Buy 또는 Sell을 지지할 만한 객관적 신호가 부족합니다."", ""제공된 데이터만 근거로 할 때 방향성이 불명확하므로 적극적 판단은 Neutral이 가장 적절합니다.""]",0.5059021922428331,0.5059021922428331,-2.2586099202290026,-7.4456163980766465
035720,카카오,2025-10-01,60000,Neutral,50,"[""현재가 60,000원만으로는 향후 20거래일 방향을 판단할 수 있는 추세·모멘텀·밸류에이션 정보가 제공되지 않았습니다."", ""매출, 이익, 수급, 거래량, 기술적 지표 등 상승 또는 하락을 지지하는 핵심 데이터가 없어 Buy/Sell 근거가 부족합니다."", ""제공된 정보가 종목명, 시장, 현재가에 한정되어 있어 방향성이 불명확하므로 Neutral이 가장 적절합니다.""]",-1.6778523489932886,1.8456375838926176,-7.2892419258286925,-11.600734989158845
035720,카카오,2025-11-03,64500,Neutral,42,"[""제공된 정보가 종목명, 현재가, 시장 구분뿐이라 20거래일 방향성을 판단할 수 있는 가격·실적·수급·밸류에이션 데이터가 없다."", ""상승과 하락을 지지하는 정량 근거가 전혀 제시되지 않아 Buy 또는 Sell을 선택할 근거가 부족하다."", ""주어진 데이터만으로는 방향성이 불명확하므로 적극적 중립 판단이 가장 타당하다.""]",-0.1557632398753894,-7.320872274143301,0.21665229337026545,-4.244258999167201
035720,카카오,2025-12-01,59500,Neutral,50,"[""현재가 59,500원만으로는 향후 20거래일 방향을 판단할 수 있는 추세·모멘텀 정보가 제공되지 않았습니다."", ""재무, 실적, 수급, 밸류에이션, 기술적 지표 등 상승 또는 하락을 지지하는 추가 데이터가 없어 근거가 부족합니다."", ""제공된 정보만으로는 상승과 하락 중 어느 쪽 우위도 확인되지 않아 방향성을 확신하기 어렵습니다.""]",2.1848739495798317,4.369747899159663,-1.5353414234054354,-3.5077368127126416
035420,네이버,2023-01-02,179500,Neutral,42,"[""현재가 179,500원만으로는 20거래일 내 상승·하락 방향을 판단할 수 있는 추세, 모멘텀, 밸류에이션 비교 데이터가 제공되지 않았습니다."", ""종목명과 시장 정보 외에 실적, 수급, 기술적 지표, 이벤트 일정 등 방향성을 뒷받침할 근거가 없어 Buy 또는 Sell을 단정하기 어렵습니다."", ""제공된 데이터만 근거로 하면 상승과 하락 중 어느 쪽도 우세하다고 보기 어려워 Neutral이 가장 적절합니다.""]",8.123249299719888,18.487394957983195,2.1453705610103793,7.210419459037862
035420,네이버,2023-02-01,205500,Neutral,42,"[""현재가 205,500원만으로는 20거래일 내 상승·하락 방향을 판단할 수 있는 추세 정보가 제공되지 않았습니다."", ""재무, 실적, 수급, 기술적 지표 등 방향성을 뒷받침할 추가 데이터가 없어 Buy 또는 Sell 근거가 부족합니다."", ""제공된 정보가 종목명, 현재가, 시장 구분에 한정되어 있어 방향성 확신이 불가능하므로 Neutral이 적절합니다.""]",8.747044917257684,-2.8368794326241136,8.235071876850704,-1.3459199692237076
035420,네이버,2023-03-02,206000,Neutral,50,"[""현재가 206,000원만 제공되어 추세, 변동성, 거래량, 수급 등 20거래일 방향성을 판단할 핵심 데이터가 부족합니다."", ""상승·하락을 가늠할 재무지표나 실적, 밸류에이션, 기술적 지표가 없어 Buy 또는 Sell을 단정할 근거가 없습니다."", ""제공된 정보만으로는 방향성이 불명확하므로 적극적 판단으로는 Neutral이 가장 적절합니다.""]",-2.7737226277372264,-1.70316301703163,-1.2326485632571738,-3.544804088217902
035420,네이버,2023-04-03,198200,Neutral,42,"[""현재가 198,200원만 제시되어 있어 20거래일 방향을 판단할 수 있는 추세·모멘텀·변동성 정보가 부족합니다."", ""매출, 이익, 밸류에이션, 수급, 기술적 지표 등 상승 또는 하락 근거가 되는 핵심 데이터가 제공되지 않았습니다."", ""제공된 정보만으로는 상승·하락 어느 쪽도 우위라고 보기 어려워 방향성을 확신할 수 없습니다.""]",-0.5472636815920399,-4.179104477611941,-3.2624311269964084,-5.021270000024665
035420,네이버,2023-05-02,193200,Neutral,42,"[""현재가 193,200원만으로는 20거래일 내 상승 또는 하락 방향을 뒷받침할 수 있는 추세·모멘텀 정보가 제공되지 않았습니다."", ""기업 실적, 밸류에이션, 수급, 기술적 지표 등 판단에 필요한 핵심 데이터가 없어 Buy 또는 Sell 근거를 확정하기 어렵습니다."", ""제공된 정보 범위에서는 상승·하락 우위가 확인되지 않아 방향성을 단정하기보다 Neutral이 적절합니다.""]",9.553478712357217,6.178608515057113,9.969245882741806,2.182446365860662
035420,네이버,2023-06-01,204000,Neutral,42,"[""현재가 204,000원만 제시되어 있어 추세, 모멘텀, 거래량, 변동성 등 20거래일 방향성을 판단할 핵심 데이터가 부족합니다."", ""기업의 브랜드나 과거 명성은 판단에서 배제해야 하므로, 제공된 정보만으로는 상승 또는 하락 우위를 정할 근거가 없습니다."", ""KOSPI 상장 정보는 시장 구분일 뿐이며, 현재 제공된 데이터만으로는 네이버의 향후 20거래일 주가 방향을 확신할 수 없습니다.""]",-1.9559902200488997,-7.432762836185819,-3.0319658635584403,-7.4754328241920796
035420,네이버,2023-07-03,189300,Neutral,42,"[""제공된 정보가 종목명, 현재가, 상장 시장뿐이라 20거래일 방향성을 판단할 수 있는 가격 추세·거래량·실적·밸류에이션 데이터가 없다."", ""상승과 하락을 가늠할 수 있는 기술적 지표나 수급 지표가 전혀 없어 Buy 또는 Sell 근거가 부족하다."", ""브랜드 이미지와 과거 명성을 배제해야 하므로, 현재 제공 데이터만으로는 방향성 확신이 불가능해 Neutral이 적절하다.""]",4.610492845786964,23.476417594064653,5.798935415321657,20.632176064899216
035420,네이버,2023-08-01,233000,Neutral,42,"[""현재 제공된 정보는 종목명, 현재가, 상장 시장뿐이며 20거래일 방향성을 판단할 수 있는 가격 추세·거래량·실적·밸류에이션 데이터가 없다."", ""상승과 하락을 지지하는 정량적 근거가 모두 부재하여 Buy 또는 Sell을 선택할 만한 우위가 확인되지 않는다."", ""제공된 데이터만을 근거로 하면 방향성 확신이 불가능하므로 적극적 중립 판단이 적절하다.""]",0.0,-5.714285714285714,0.43379056515075315,-3.4134758444993296
035420,네이버,2023-09-01,214500,Neutral,50,"[""제공된 정보가 종목명, 현재가, 상장 시장뿐이라 20거래일 방향성을 판단할 수 있는 가격·거래량·실적·수급 데이터가 없다."", ""상승과 하락을 가늠할 수 있는 기술적 지표나 이벤트 정보가 없어 Buy 또는 Sell 근거가 모두 부족하다."", ""주어진 데이터만으로는 방향성이 불명확하므로 적극적 판단으로는 Neutral이 가장 적절하다.""]",0.0,-9.739952718676124,1.0705925596332078,-2.9372211019536705
035420,네이버,2023-10-04,191200,Neutral,42,"[""현재가 191,200원만 제공되어 추세, 모멘텀, 거래량, 변동성 등 20거래일 방향성을 판단할 핵심 데이터가 부족합니다."", ""기업의 브랜드 이미지나 과거 명성은 판단에서 배제해야 하므로, 종목명만으로는 상승·하락 근거를 만들 수 없습니다."", ""제공된 정보가 상장 시장과 현재가에 한정되어 있어 Buy 또는 Sell을 선택할 만큼의 근거가 형성되지 않습니다.""]",1.2671594508975714,5.860612460401267,-0.9191444266194939,7.327578677741913
035420,네이버,2023-11-01,187700,Neutral,42,"[""제공된 정보가 종목명, 현재가, 시장 구분뿐이라 20거래일 방향성을 판단할 수 있는 가격 추세나 실적·수급 데이터가 없다."", ""상승과 하락을 가늠할 기술적 지표, 거래량, 변동성, 이벤트 정보가 전혀 없어 Buy 또는 Sell 근거가 부족하다."", ""주어진 데이터만으로는 방향성이 불명확하므로 적극적 판단으로는 Neutral이 가장 적절하다.""]",3.878406708595388,9.014675052410901,0.29515019591144354,0.8132171671980188
035420,네이버,2023-12-01,206000,Neutral,50,"[""제공된 정보가 종목명, 현재가, 시장 구분뿐이라 20거래일 방향성을 판단할 수 있는 가격·거래량·실적·수급 데이터가 없다."", ""상승과 하락을 가늠할 수 있는 기술적 지표나 펀더멘털 지표가 전혀 없어 Buy 또는 Sell 근거가 부족하다."", ""주어진 데이터만으로는 방향성이 불명확하므로 적극적 판단으로는 Neutral이 가장 적절하다.""]",3.32541567695962,5.938242280285035,2.9114909468456887,3.0725789470179654
035420,네이버,2024-01-02,227500,Neutral,42,"[""제공된 데이터가 종목명과 현재가뿐이라 20거래일 방향성을 판단할 수 있는 추세·실적·밸류에이션·수급 정보가 없다."", ""상승과 하락을 가늠할 기술적 지표나 최근 가격 흐름이 없어 Buy 또는 Sell 근거를 만들 수 없다."", ""주어진 정보만으로는 방향성이 불명확하므로 적극적 판단으로는 Neutral이 가장 적절하다.""]",4.054054054054054,-9.684684684684685,6.559701637195296,-5.457339259706458
035420,네이버,2024-02-01,202500,Neutral,42,"[""현재가 202,500원만으로는 20거래일 내 상승·하락 방향을 판단할 수 있는 추세, 밸류에이션, 실적, 수급 데이터가 제공되지 않았습니다."", ""종목 정보에는 시장과 현재가만 있어 기술적 모멘텀이나 변동성, 거래량 같은 방향성 판단 근거가 부족합니다."", ""제공된 데이터만 근거로 해야 하므로 상승과 하락 중 어느 쪽도 우위라고 보기 어려워 Neutral이 적절합니다.""]",-7.44920993227991,-14.311512415349886,-8.761865028616478,-15.312540974105822
035420,네이버,2024-03-04,192000,Neutral,50,"[""현재가 192,000원 정보만으로는 향후 20거래일 주가 방향을 판단할 수 있는 추세·모멘텀·밸류에이션 근거가 제공되지 않았습니다."", ""상장 시장이 KOSPI라는 사실만으로는 단기 상승 또는 하락 우위를 뒷받침하기에 충분한 데이터가 아닙니다."", ""제공된 데이터가 종목명과 현재가에 한정되어 있어 Buy 또는 Sell을 선택할 만큼의 방향성 근거가 부족합니다.""]",0.9538950715421303,1.7488076311605723,-0.2694007690255399,-2.1675507896139337
035420,네이버,2024-04-01,194300,Neutral,42,"[""현재 제공된 데이터가 종목명과 현재가뿐이라 20거래일 방향성을 판단할 수 있는 추세·실적·밸류에이션·수급 정보가 없다."", ""상승과 하락을 가를 기술적 지표나 최근 가격 흐름이 제시되지 않아 Buy 또는 Sell 근거를 만들 수 없다."", ""브랜드 이미지와 과거 명성은 배제해야 하므로, 주어진 정보만으로는 방향성 확신이 부족해 Neutral이 적절하다.""]",-1.5625,-1.6666666666666667,0.18095116157433666,0.8580685466881606
035420,네이버,2024-05-02,188800,Neutral,42,"[""제공된 정보가 종목명과 현재가뿐이라 20거래일 방향성을 판단할 수 있는 가격 추세, 거래량, 실적, 밸류에이션 데이터가 없다."", ""상승과 하락을 가를 수 있는 기술적 지표나 수급 정보가 전혀 없어 Buy 또는 Sell을 지지할 근거가 부족하다."", ""주어진 데이터만으로는 방향성이 불명확하므로 적극적 판단으로는 Neutral이 가장 적절하다.""]",-5.292908530318603,-9.146968139773895,-7.1825981773747865,-8.604121351088114
035420,네이버,2024-06-03,172700,Neutral,42,"[""현재가 172,700원만으로는 20거래일 내 상승·하락 방향을 판단할 수 있는 추세 정보가 제공되지 않았습니다."", ""거래량, 이동평균, 실적, 밸류에이션, 수급 등 방향성을 판단할 핵심 데이터가 없어 매수·매도 우위를 가릴 근거가 부족합니다."", ""제공된 정보가 종목명, 시장, 현재가에 한정되어 있어 상승 또는 하락을 확신할 수 없으므로 Neutral이 적절합니다.""]",-4.751131221719457,-9.615384615384617,-7.233006433018813,-14.570495242333278
035420,네이버,2024-07-01,162900,Neutral,42,"[""제공된 정보가 종목명, 현재가, 상장 시장뿐이라 20거래일 방향을 판단할 수 있는 가격 추세·실적·수급·밸류에이션 데이터가 없다."", ""상승 또는 하락을 지지하는 정량 지표가 전혀 없어 Buy와 Sell 중 어느 쪽도 우위라고 보기 어렵다."", ""주어진 데이터만으로는 방향성 확신이 불가능하므로 적극적 판단으로는 Neutral이 적절하다.""]",6.75422138836773,8.380237648530331,3.64295365104906,9.914655058971707
035420,네이버,2024-08-01,175000,Neutral,50,"[""제공된 정보가 종목명, 현재가, 시장 구분뿐이라 20거래일 방향성을 판단할 수 있는 가격·실적·수급 데이터가 없습니다."", ""상승과 하락을 가늠할 기술적 지표나 밸류에이션, 거래량, 추세 정보가 없어 Buy 또는 Sell 근거가 부족합니다."", ""주어진 데이터만으로는 방향성이 불명확하므로 적극적 판단으로는 Neutral이 가장 적절합니다.""]",-4.492415402567095,-2.8004667444574096,-1.2131265628359764,-2.9801998725238006
035420,네이버,2024-09-02,166600,Neutral,42,"[""제공된 정보가 종목명, 현재가, 시장 구분뿐이라 20거래일 방향성을 판단할 수 있는 가격·거래량·실적·수급 데이터가 없다."", ""상승과 하락을 지지하는 정량적 근거가 전혀 제시되지 않아 Buy 또는 Sell을 선택할 만한 우위가 없다."", ""브랜드 이미지나 과거 명성은 배제해야 하므로, 현재 제공 데이터만으로는 방향성 확신이 불가능하다.""]",-3.8112522686025407,0.5444646098003629,1.4877948786561879,3.1816037247994426
035420,네이버,2024-10-02,168200,Neutral,42,"[""제공된 데이터가 종목명과 현재가뿐이라 20거래일 방향성을 판단할 수 있는 추세·실적·밸류에이션·수급 정보가 없다."", ""상승과 하락을 가를 기술적 지표나 최근 가격 흐름이 없어 Buy 또는 Sell을 지지할 근거가 부족하다."", ""브랜드나 과거 명성을 배제하고 제공 데이터만 사용해야 하므로, 현재 정보만으로는 방향성 확신이 불가능하다.""]",0.4100761570005858,2.9291154071470418,-1.67498402488764,2.1796144907012263
035420,네이버,2024-11-01,169700,Neutral,42,"[""현재가 169,700원만으로는 20거래일 내 상승·하락 방향을 판단할 수 있는 추세 정보가 제공되지 않았습니다."", ""재무, 실적, 밸류에이션, 수급, 기술적 지표 등 방향성을 뒷받침할 추가 데이터가 없어 Buy 또는 Sell 근거가 부족합니다."", ""제공된 정보가 종목명, 현재가, 시장 구분에 한정되어 있어 상승·하락 근거가 균형을 이루기보다 아예 불충분하므로 Neutral이 적절합니다.""]",0.1707455890722823,15.822424587364825,2.3843672223859147,21.01715453788568
035420,네이버,2024-12-02,203500,Neutral,41,"[""현재 제공된 정보는 종목명, 현재가, 상장 시장뿐이며 20거래일 방향성을 판단할 수 있는 가격 추세·거래량·실적·밸류에이션 데이터가 없다."", ""상승과 하락을 가늠할 수 있는 기술적 지표나 수급 지표가 전혀 없어 Buy 또는 Sell을 지지할 근거가 부족하다."", ""제공 데이터만으로는 방향성이 불명확하므로 적극적 선택으로서 Neutral이 가장 적절하다.""]",0.0,-4.0669856459330145,3.2902683892644204,-1.7398787302096501
035420,네이버,2025-01-02,193800,Neutral,42,"[""제공된 데이터가 종목명과 현재가뿐이라 20거래일 방향성을 판단할 수 있는 추세·실적·수급 정보가 없다."", ""상승과 하락을 가늠할 기술적 지표나 밸류에이션, 거래량, 모멘텀 데이터가 없어 Buy 또는 Sell 근거가 부족하다."", ""주어진 정보만으로는 방향성이 불명확하므로 적극적 중립 판단이 가장 적절하다.""]",0.7481296758104738,15.710723192019952,-2.2765394370187804,11.827303587774114
035420,네이버,2025-02-03,217000,Neutral,50,"[""현재가 217,000원만 제공되어 추세, 거래량, 수급, 실적 등 20거래일 방향성을 판단할 핵심 데이터가 부족합니다."", ""상승 또는 하락을 지지하는 기술적·펀더멘털 근거가 제시되지 않아 Buy와 Sell 중 우위를 둘 수 없습니다."", ""제공된 정보만으로는 방향성이 불명확하므로 적극적 판단으로는 Neutral이 가장 적절합니다.""]",4.576659038901601,-5.034324942791762,2.2653308714028353,-8.114484027931326
035420,네이버,2025-03-04,205500,Neutral,42,"[""제공된 정보가 종목명, 현재가, 시장 구분뿐이라 20거래일 방향성을 판단할 수 있는 가격·거래량·실적·수급 데이터가 없다."", ""상승과 하락을 가늠할 기술적 지표나 밸류에이션, 모멘텀 관련 근거가 전혀 제시되지 않았다."", ""브랜드 이미지와 과거 명성을 배제해야 하므로, 현재 제공 데이터만으로는 Buy 또는 Sell을 정당화하기 어렵다.""]",3.132530120481928,-5.734939759036144,2.4801004159712092,-3.691650324957345
035420,네이버,2025-04-01,196700,Neutral,50,"[""종목 정보에 현재가와 시장 구분만 있고, 향후 20거래일 방향을 판단할 수 있는 실적·밸류에이션·수급·기술적 지표가 제공되지 않았습니다."", ""상승과 하락을 비교할 수 있는 정량 데이터가 없어 Buy 또는 Sell을 우선할 근거가 부족합니다."", ""제공된 데이터만을 근거로 하면 방향성 확신이 불가능하므로 Neutral이 가장 적절합니다.""]",-9.560327198364007,2.505112474437628,-1.0937728018693793,0.47985966701821914
035420,네이버,2025-05-02,197400,Neutral,42,"[""제공된 정보가 종목명, 현재가, 상장 시장뿐이라 20거래일 방향성을 판단할 수 있는 가격·거래량·실적·수급 데이터가 없다."", ""상승과 하락을 가늠할 기술적 지표나 펀더멘털 지표가 전혀 없어 Buy 또는 Sell을 정당화할 근거가 부족하다."", ""주어진 데이터만 기준으로는 방향성이 불명확하므로 적극적 선택은 Neutral이 적절하다.""]",-3.9678553490708186,-3.9678553490708186,-6.562074014079753,-13.224596354587952
035420,네이버,2025-06-02,186500,Neutral,42,"[""제공된 정보가 종목명, 현재가, 상장 시장뿐이라 20거래일 방향성을 판단할 수 있는 가격·거래량·실적·수급 데이터가 없다."", ""상승과 하락을 가늠할 수 있는 기술적 지표나 펀더멘털 지표가 전혀 제시되지 않아 Buy 또는 Sell 근거가 부족하다."", ""주어진 데이터만으로는 방향성이 불명확하므로 적극적 판단은 Neutral이 적절하다.""]",7.223719676549865,36.38814016172507,1.839431879347571,23.92152354005078
035420,네이버,2025-07-01,262000,Neutral,50,"[""제공된 데이터가 종목명과 현재가뿐이라 20거래일 방향성을 판단할 수 있는 가격·거래량·추세 정보가 없습니다."", ""상승 또는 하락을 지지하는 기술적·수급·실적 관련 근거가 제시되지 않아 Buy와 Sell 중 우위를 둘 수 없습니다."", ""주어진 정보만으로는 방향성이 불명확하므로 적극적 판단으로는 Neutral이 가장 적절합니다.""]",0.7936507936507936,-7.142857142857142,-1.1146046550233732,-12.97721484644666
035420,네이버,2025-08-01,225000,Neutral,42,"[""현재 제공된 데이터가 종목명과 현재가뿐이라 20거래일 방향성을 판단할 수 있는 추세·실적·밸류에이션·수급 정보가 없다."", ""상승과 하락을 가를 기술적 지표나 최근 가격 흐름이 제시되지 않아 Buy 또는 Sell 근거를 만들 수 없다."", ""제공된 정보만으로는 방향성이 불명확하므로 적극적 판단은 Neutral이 적절하다.""]",-4.086021505376344,-3.225806451612903,-5.96101157765019,-4.0073170544244325
035420,네이버,2025-09-01,215500,Neutral,42,"[""제공된 정보가 종목명, 현재가, 시장 구분뿐이라 20거래일 방향성을 판단할 수 있는 가격·거래량·실적·수급 데이터가 없다."", ""상승과 하락을 가늠할 수 있는 기술적 지표나 펀더멘털 지표가 전혀 없어 Buy 또는 Sell 근거를 만들 수 없다."", ""주어진 데이터만 기준으로 하면 방향성 확신이 불가능하므로 적극적 판단은 Neutral이 적절하다.""]",2.666666666666667,19.333333333333332,-0.09784544580516874,11.381814743013852
035420,네이버,2025-10-01,254500,Neutral,42,"[""제공된 정보가 종목명, 현재가, 시장 구분뿐이라 20거래일 방향성을 판단할 수 있는 가격 추세·거래량·실적·밸류에이션 데이터가 없다."", ""상승과 하락을 가를 수 있는 기술적 지표나 수급 정보가 전혀 없어 Buy 또는 Sell을 선택할 근거가 부족하다."", ""주어진 데이터만으로는 방향성이 불명확하므로 적극적 판단으로는 Neutral이 가장 적절하다.""]",2.9644268774703555,4.3478260869565215,-2.646962699365049,-9.098546486094941
035420,네이버,2025-11-03,274500,Neutral,50,"[""현재가 274,500원만 제시되어 있어 20거래일 방향을 판단할 수 있는 추세·모멘텀·밸류에이션 비교 데이터가 없습니다."", ""상승 또는 하락을 지지하는 기술적 지표, 실적, 수급, 거래량 정보가 제공되지 않아 Buy와 Sell 중 우위를 둘 근거가 부족합니다."", ""제공된 데이터만으로는 방향성이 불명확하므로 적극적 판단으로는 Neutral이 가장 적절합니다.""]",-1.4981273408239701,-8.98876404494382,-1.1257118075783152,-5.91215076996772
035420,네이버,2025-12-01,243000,Neutral,42,"[""제공된 정보가 종목명, 현재가, 상장 시장뿐이라 20거래일 방향성을 판단할 수 있는 가격 추세·실적·수급 데이터가 없다."", ""상승과 하락을 가늠할 기술적 지표나 펀더멘털 지표가 전혀 없어 Buy 또는 Sell을 정당화할 근거가 부족하다."", ""주어진 데이터만으로는 방향성이 불명확하므로 적극적 판단으로는 Neutral이 가장 적절하다.""]",2.05761316872428,1.646090534979424,-1.6626022042609874,-6.231394176892881
051910,LG화학,2023-01-02,604000,Neutral,0,"[""종목 정보에 현재가와 시장 구분만 제공되어 있어 20거래일 방향을 판단할 수 있는 추세·모멘텀·밸류에이션·실적 데이터가 없습니다."", ""상승 또는 하락을 지지하는 기술적 지표, 거래량, 수급, 재무지표가 전혀 제시되지 않아 Buy와 Sell 중 우위를 둘 근거가 없습니다."", ""제공된 데이터만을 근거로 판단해야 하므로 방향성이 불명확한 경우에 해당하며, 따라서 Neutral이 적절합니다.""]",4.658901830282862,12.479201331114808,-1.318976908426646,1.202225832169475
051910,LG화학,2023-02-01,688000,Neutral,50,"[""현재가 688,000원만 제공되어 추세, 모멘텀, 변동성, 거래량 등 20거래일 방향성을 판단할 핵심 데이터가 부족합니다."", ""기업 실적, 밸류에이션, 수급, 업황 같은 주가 방향 결정에 필요한 정량 정보가 없어 상승·하락 근거를 비교할 수 없습니다."", ""제공된 정보만으로는 Buy 또는 Sell을 정당화할 만큼의 우위가 확인되지 않아 Neutral이 가장 적절합니다.""]",0.591715976331361,3.9940828402366866,0.07974293592437998,5.485042303637092
051910,LG화학,2023-03-02,678000,Neutral,0,"[""종목명과 현재가 외에 추세, 실적, 밸류에이션, 수급 등 향후 20거래일 방향을 판단할 추가 데이터가 제공되지 않았습니다."", ""제공된 정보만으로는 상승과 하락 중 어느 쪽의 기대수익이 우위인지 근거를 만들 수 없습니다."", ""브랜드 이미지나 과거 명성은 배제해야 하므로, 현재 입력만으로는 적극적 Buy 또는 Sell 판단이 불가능합니다.""]",0.5689900426742532,1.2802275960170697,2.110064107154306,-0.5614134751692021
051910,LG화학,2023-04-03,712000,Neutral,50,"[""현재가 712,000원만으로는 20거래일 내 상승·하락 방향을 판단할 수 있는 추세 정보가 제공되지 않았습니다."", ""재무, 실적, 수급, 밸류에이션, 기술적 지표 등 방향성을 뒷받침할 추가 데이터가 없어 Buy 또는 Sell 근거가 부족합니다."", ""제공된 정보가 종목명, 시장, 현재가에 한정되어 있어 방향성 확신이 불가능하므로 Neutral이 적절합니다.""]",11.634349030470915,0.554016620498615,8.919181585066546,-0.28814890191410947
051910,LG화학,2023-05-02,746000,Neutral,42,"[""현재가 746,000원만 제공되어 추세, 거래량, 변동성, 수급 등 20거래일 방향성을 판단할 핵심 데이터가 부족합니다."", ""기업의 브랜드 이미지나 과거 명성은 배제해야 하므로, 제공된 정보만으로는 상승·하락 어느 쪽의 우위도 확인할 수 없습니다."", ""주가 수준 외에 비교 기준이나 최근 실적·기술적 지표가 없어 Buy 또는 Sell을 선택할 근거가 충분하지 않습니다.""]",-4.820936639118457,-0.6887052341597797,-4.405169468733869,-4.684867383356231
051910,LG화학,2023-06-01,687000,Neutral,0,"[""종목명과 현재가 외에 추세, 실적, 밸류에이션, 수급 등 향후 20거래일 방향을 판단할 추가 데이터가 제공되지 않았습니다."", ""제공된 정보만으로는 상승과 하락 어느 쪽의 근거도 우위에 있다고 볼 수 없어 Buy 또는 Sell을 선택할 수 없습니다."", ""판단 기준상 방향성을 확신할 수 없는 경우 Neutral이 적절하며, 현재는 그 수준의 정보 부족 상태입니다.""]",3.467406380027739,-4.160887656033287,2.3914307365181986,-4.203557644039548
051910,LG화학,2023-07-03,691000,Neutral,50,"[""현재가 691,000원만 제공되어 추세, 거래량, 변동성, 수급 등 20거래일 방향성을 판단할 핵심 데이터가 없다."", ""상승 또는 하락을 지지하는 기술적·재무적 지표가 제시되지 않아 Buy와 Sell 중 어느 쪽도 우세하다고 보기 어렵다."", ""제공된 정보만으로는 향후 20거래일 내 주가 방향을 확신할 수 없어 Neutral이 가장 적절하다.""]",-3.823529411764706,-3.6764705882352944,-2.635086842230012,-6.520712117400732
051910,LG화학,2023-08-01,655000,Neutral,50,"[""현재 제공된 데이터는 종목명, 현재가, 시장 정보뿐이며 20거래일 방향성을 판단할 수 있는 가격 추세·거래량·실적·밸류에이션 데이터가 없다."", ""상승과 하락을 가늠할 수 있는 기술적 지표나 수급 정보가 전혀 없어 Buy 또는 Sell을 우위로 둘 근거가 부족하다."", ""제공된 정보만으로는 방향성이 불명확하므로 적극적 판단으로는 Neutral이 가장 적절하다.""]",-1.8691588785046727,-9.190031152647975,-1.4353683133539195,-6.889221282861591
051910,LG화학,2023-09-01,570000,Neutral,50,"[""현재가 570,000원만 제공되어 추세, 변동성, 거래량, 수급, 실적 등 20거래일 방향성을 판단할 핵심 데이터가 부족합니다."", ""상승과 하락을 구분할 수 있는 기술적 지표나 펀더멘털 변화 정보가 없어 Buy 또는 Sell을 단정할 근거가 없습니다."", ""제공된 데이터만으로는 방향성이 불명확하므로 적극적 중립 판단이 가장 적절합니다.""]",-4.266211604095563,-14.761092150170649,-3.1956190444623553,-7.958360533448196
051910,LG화학,2023-10-04,486000,Neutral,50,"[""현재가 486,000원만 제공되어 추세, 거래량, 변동성, 수급 등 20거래일 방향성을 판단할 핵심 데이터가 부족합니다."", ""상승·하락을 지지하는 기술적 지표나 재무/실적 관련 정보가 없어 Buy 또는 Sell을 우선할 근거가 없습니다."", ""제공된 데이터만으로는 향후 20거래일 내 주가 방향을 확신할 수 없어 Neutral이 가장 적절합니다.""]",5.179282868525896,-6.175298804780876,2.992978991008831,-4.70833258744023
051910,LG화학,2023-11-01,431000,Neutral,42,"[""현재가 431,000원만 제시되어 있어 추세, 모멘텀, 거래량 등 20거래일 방향성을 판단할 핵심 데이터가 부족합니다."", ""기업 실적, 밸류에이션, 수급, 기술적 지표가 제공되지 않아 상승·하락 근거를 비교할 수 없습니다."", ""제공된 정보만으로는 향후 20거래일 내 주가가 어느 방향으로 움직일지 확신할 수 없어 Neutral이 적절합니다.""]",2.634467618002195,9.989023051591657,-0.9487888946817495,1.7875651663787746
051910,LG화학,2023-12-01,486500,Neutral,42,"[""제공된 정보가 종목명과 현재가뿐이라 20거래일 방향성을 판단할 수 있는 가격 추세, 거래량, 실적, 밸류에이션 데이터가 없다."", ""상승과 하락을 가를 수 있는 기술적·기본적 근거가 모두 부재해 Buy 또는 Sell을 선택할 만한 우위가 없다."", ""주어진 데이터만으로는 향후 20거래일 내 주가 방향의 확률적 우열을 확신할 수 없어 Neutral이 가장 적절하다.""]",0.5285412262156448,1.6913319238900635,0.1146164961017137,-1.174331409377006
051910,LG화학,2024-01-02,493500,Neutral,50,"[""현재가 493,500원만 제공되어 추세, 거래량, 변동성, 수급 등 20거래일 방향성을 판단할 핵심 데이터가 없다."", ""LG화학의 브랜드나 과거 명성은 배제해야 하므로, 제공된 정보만으로는 상승·하락 우위를 정할 근거가 없다."", ""따라서 향후 20거래일 주가 방향은 확신할 수 없으며 Neutral이 가장 적절하다.""]",-3.329864724245578,-9.573361082206034,-0.8242171411043357,-5.346015657227808
051910,LG화학,2024-02-01,430000,Neutral,50,"[""현재가 430,000원만 제시되어 있어 20거래일 방향을 판단할 수 있는 추세·모멘텀·밸류에이션 정보가 부족합니다."", ""상승 또는 하락을 지지하는 기술적 지표, 실적, 수급, 거래량 데이터가 제공되지 않아 우위 방향을 확정하기 어렵습니다."", ""제공된 데이터만으로는 Buy와 Sell 중 어느 쪽도 우세하다고 보기 어려워 Neutral이 가장 적절합니다.""]",2.1691973969631237,-4.229934924078091,0.8565423006265547,-5.230963482834025
051910,LG화학,2024-03-04,462000,Neutral,52,"[""제공된 정보가 종목명과 현재가뿐이라 20거래일 방향성을 판단할 수 있는 추세·실적·수급·밸류에이션 데이터가 없다."", ""상승과 하락을 가를 기술적 지표나 최근 거래량, 변동성 정보가 없어 Buy 또는 Sell 근거가 부족하다."", ""주어진 데이터만으로는 방향성이 불명확하므로 적극적 선택으로 Neutral이 가장 적절하다.""]",-0.44198895027624313,-6.2983425414364635,-1.6652847908439132,-10.21470096221097
051910,LG화학,2024-04-01,430500,Neutral,42,"[""현재가 430,500원만으로는 20거래일 내 상승·하락 방향을 판단할 수 있는 추세, 밸류에이션, 실적, 수급 데이터가 제공되지 않았습니다."", ""종목 정보에 시장 구분(KOSPI)과 가격만 있어 모멘텀이나 변동성 우위 여부를 확인할 수 없어 Buy 또는 Sell 근거가 부족합니다."", ""제공된 데이터만 근거로 해야 하므로 방향성을 확신할 수 없고, 이는 Neutral 선택이 적절합니다.""]",-6.839622641509433,-4.481132075471698,-5.096171479935097,-1.9563968621168706
051910,LG화학,2024-05-02,405000,Neutral,52,"[""현재가 405,000원만으로는 20거래일 내 방향성을 판단할 수 있는 추세·모멘텀 정보가 제공되지 않았습니다."", ""재무, 실적, 수급, 기술적 지표 등 상승 또는 하락을 뒷받침할 추가 데이터가 없어 Buy/Sell 근거가 모두 부족합니다."", ""제공된 정보가 종목명, 시장, 현재가에 한정되어 있어 방향성 확신이 낮으므로 Neutral이 가장 적절합니다.""]",-3.0978934324659235,-10.532837670384138,-4.987583079522107,-9.989990881698358
051910,LG화학,2024-06-03,357500,Neutral,42,"[""현재가 357,500원에 대한 추가 기술적·수급·실적 데이터가 제공되지 않아 20거래일 방향성을 판단할 핵심 근거가 부족합니다."", ""종목명과 시장 정보만으로는 상승 또는 하락 우위를 뒷받침할 수 있는 정량적 신호를 확인할 수 없습니다."", ""제공된 데이터만을 근거로 하면 매수·매도 어느 쪽도 우세하다고 보기 어려워 방향성 불명확에 해당합니다.""]",2.9085872576177287,-0.2770083102493075,0.426712046318372,-5.232118937197969
051910,LG화학,2024-07-01,355500,Neutral,50,"[""현재가 355,500원만으로는 20거래일 방향성을 판단할 수 있는 추세·모멘텀·밸류에이션 데이터가 제공되지 않았습니다."", ""상승 또는 하락을 지지하는 거래량, 실적, 수급, 기술적 지표가 없어 Buy와 Sell 중 어느 쪽도 우세하다고 보기 어렵습니다."", ""제공된 정보가 종목명, 시장, 현재가에 한정되어 있어 방향성 확신이 불가능하므로 Neutral이 가장 적절합니다.""]",2.6912181303116145,-13.59773371104816,-0.42004960700705585,-12.063316300606784
051910,LG화학,2024-08-01,314000,Neutral,50,"[""현재가 314,000원만 제공되어 추세, 거래량, 변동성, 수급 등 20거래일 방향성을 판단할 핵심 데이터가 부족합니다."", ""상승 또는 하락을 지지하는 기술적·펀더멘털 근거가 제시되지 않아 Buy와 Sell 중 우위를 둘 수 없습니다."", ""제공된 정보만으로는 향후 20거래일 내 주가 방향을 확신할 수 없어 Neutral이 가장 적절합니다.""]",-7.293354943273905,10.21069692058347,-4.0140661035427865,10.03096379251708
051910,LG화학,2024-09-02,340000,Neutral,50,"[""현재가 340,000원만으로는 향후 20거래일 방향을 판단할 수 있는 추세·모멘텀 정보가 제공되지 않았습니다."", ""재무, 실적, 수급, 밸류에이션, 기술적 지표 등 상승·하락 판단에 필요한 핵심 데이터가 제시되지 않았습니다."", ""제공된 정보가 종목명과 시장, 현재가에 한정되어 있어 Buy와 Sell 중 어느 쪽도 우위라고 결론내리기 어렵습니다.""]",-7.957957957957958,8.408408408408409,-2.658910810699229,11.045547523407489
051910,LG화학,2024-10-02,353500,Neutral,50,"[""현재가 353,500원만 제공되어 추세, 모멘텀, 변동성, 거래량 등 20거래일 방향성을 판단할 핵심 데이터가 부족합니다."", ""상승·하락을 뒷받침할 재무지표, 실적 전망, 수급, 기술적 지표가 없어 Buy 또는 Sell을 우선할 근거가 없습니다."", ""제공된 정보만으로는 방향성이 불명확하므로 적극적 판단으로는 Neutral이 가장 적절합니다.""]",0.5738880918220948,-7.173601147776183,-1.511172090066131,-7.9231020642219985
051910,LG화학,2024-11-01,318000,Neutral,50,"[""현재 제공된 데이터는 종목명, 현재가, 시장 정보뿐이며 20거래일 방향을 판단할 수 있는 가격 추세·거래량·실적·밸류에이션 정보가 없다."", ""상승과 하락을 가늠할 수 있는 기술적 지표나 수급 데이터가 없어 Buy 또는 Sell을 우세하게 선택할 근거가 부족하다."", ""제공된 정보만으로는 방향성이 불명확하므로, 기준상 적극적 중립 판단인 Neutral이 적절하다.""]",-6.0278207109737245,-12.673879443585781,-3.814199077660092,-7.479149493064925
051910,LG화학,2024-12-02,282500,Neutral,50,"[""현재 제공된 정보는 종목명, 현재가, 시장 구분뿐이며 20거래일 방향성을 판단할 수 있는 가격 추세·거래량·실적·밸류에이션 데이터가 없다."", ""상승과 하락을 가늠할 수 있는 기술적 지표나 수급 정보가 전혀 없어 Buy 또는 Sell을 우위로 둘 근거가 부족하다."", ""제공된 데이터만으로는 방향성이 불명확하므로 적극적 판단으로는 Neutral이 가장 적절하다.""]",-5.132743362831858,-10.265486725663717,-1.842474973567438,-7.938379809940352
051910,LG화학,2025-01-02,242500,Neutral,50,"[""현재가 242,500원만 제공되어 추세, 모멘텀, 변동성, 거래량 등 20거래일 방향성을 판단할 핵심 데이터가 부족합니다."", ""기업의 브랜드나 과거 명성은 배제해야 하므로, 제공된 정보만으로는 상승 또는 하락 우위를 정할 근거가 없습니다."", ""KOSPI 상장 정보와 종목명 외에 재무·수급·기술적 지표가 없어 Buy 또는 Sell을 확정하기 어렵습니다.""]",-3.353057199211045,-12.42603550295858,-6.377726312040299,-16.309455107204418
051910,LG화학,2025-02-03,222000,Neutral,50,"[""현재가 222,000원만으로는 20거래일 내 상승·하락 방향을 판단할 수 있는 추세 정보가 제공되지 않았습니다."", ""거래량, 실적, 밸류에이션, 수급, 기술적 지표 등 방향성을 뒷받침할 추가 데이터가 없어 매수·매도 우위를 가리기 어렵습니다."", ""제공된 정보가 종목명과 현재가뿐이므로 상승과 하락 근거가 균형을 이루는 것이 아니라 아예 부족해 Neutral이 가장 적절합니다.""]",3.9906103286384975,8.215962441314554,1.6792821611397315,5.135803356174989
051910,LG화학,2025-03-04,227500,Neutral,50,"[""현재 제공된 정보는 종목명, 현재가, 상장 시장뿐이며 20거래일 방향성을 판단할 수 있는 가격 추세·거래량·실적·밸류에이션 데이터가 없다."", ""상승과 하락을 가늠할 수 있는 기술적 지표나 수급 정보가 전혀 없어 Buy 또는 Sell을 우위로 둘 근거가 부족하다."", ""제공된 데이터만을 근거로 해야 하므로 방향성이 불명확한 상황에 해당해 Neutral이 가장 적절하다.""]",8.893709327548807,0.8676789587852495,8.241279623038087,2.9109683928640484
051910,LG화학,2025-04-01,244000,Neutral,50,"[""현재가 244,000원만으로는 20거래일 내 상승·하락 방향을 판단할 수 있는 추세, 모멘텀, 밸류에이션 정보가 제공되지 않았습니다."", ""종목명과 시장 정보 외에 실적, 수급, 기술적 지표, 이벤트 등 방향성을 뒷받침할 데이터가 없어 Buy 또는 Sell 근거가 부족합니다."", ""제공된 데이터만을 근거로 할 때 상승과 하락 가능성을 구분할 수 없어 Neutral이 가장 적절합니다.""]",-12.473118279569892,-7.096774193548387,-4.006563883075264,-9.122027000967796
051910,LG화학,2025-05-02,210000,Neutral,50,"[""현재가 210,000원만 제공되어 추세, 변동성, 거래량, 수급 등 20거래일 방향성을 판단할 핵심 데이터가 없다."", ""상승·하락을 지지하는 기술적 지표나 실적 관련 수치가 없어 Buy 또는 Sell을 선택할 근거가 부족하다."", ""제공된 정보만으로는 방향성이 불명확하므로 적극적 중립 판단이 가장 적절하다.""]",-2.1634615384615383,-3.125,-4.757680203470473,-12.381741005517133
051910,LG화학,2025-06-02,195300,Neutral,50,"[""현재가 195,300원만 제공되어 추세, 거래량, 변동성, 수급 등 20거래일 방향성을 판단할 핵심 데이터가 부족합니다."", ""기업의 브랜드 이미지나 과거 명성은 배제해야 하므로, 제공된 정보만으로는 상승 또는 하락 우위를 정할 근거가 없습니다."", ""Buy와 Sell을 대등하게 보더라도, 현재 입력 데이터에서는 방향성을 확신할 수 없어 Neutral이 가장 적절합니다.""]",5.938600905888274,29.34071464519376,0.5543131086859798,16.874098023519473
051910,LG화학,2025-07-01,229000,Neutral,50,"[""현재가 229,000원만으로는 20거래일 내 상승·하락 방향을 판단할 수 있는 추세, 모멘텀, 밸류에이션 정보가 제공되지 않았습니다."", ""종목명과 시장 정보 외에 거래량, 이동평균, 실적, 수급, 변동성 등 방향성을 뒷받침할 데이터가 없어 Buy 또는 Sell 근거가 부족합니다."", ""제공된 데이터만을 근거로 해야 하므로 상승과 하락 중 어느 쪽도 우위라고 확신할 수 없어 Neutral이 가장 적절합니다.""]",8.333333333333332,27.500000000000004,6.425077884659165,21.665642296410486
051910,LG화학,2025-08-01,290000,Neutral,42,"[""제공된 데이터가 종목명, 현재가, 상장 시장뿐이라 20거래일 방향성을 판단할 수 있는 가격·거래량·실적·수급 정보가 없다."", ""상승과 하락을 가늠할 기술적 지표나 펀더멘털 지표가 전혀 없어 Buy 또는 Sell 근거를 만들 수 없다."", ""주어진 정보만으로는 방향성이 불명확하므로 적극적 판단으로는 Neutral이 가장 적절하다.""]",-4.145077720207254,-6.90846286701209,-6.0200677924811,-7.689973469823619
051910,LG화학,2025-09-01,271500,Neutral,50,"[""현재가 271,500원만 제공되어 추세, 거래량, 실적, 밸류에이션 등 20거래일 방향성을 판단할 핵심 데이터가 없다."", ""상승과 하락을 가늠할 수 있는 기술적 지표나 수급 정보가 없어 Buy 또는 Sell을 우세하게 선택할 근거가 부족하다."", ""제공된 정보만으로는 방향성이 불명확하므로 적극적 판단으로는 Neutral이 가장 적절하다.""]",8.719851576994433,3.153988868274583,5.955339464522597,-4.797529722044897
051910,LG화학,2025-10-01,281500,Neutral,50,"[""현재 제공된 정보는 종목명, 현재가, 시장 구분뿐이며 20거래일 방향성을 판단할 수 있는 가격 추세·거래량·실적·밸류에이션 데이터가 없다."", ""상승과 하락을 가늠할 수 있는 기술적 지표나 수급 정보가 전혀 없어 Buy 또는 Sell을 우위로 둘 근거가 부족하다."", ""제공된 데이터만을 근거로 할 때 방향성이 불명확하므로 적극적 선택으로서 Neutral이 가장 적절하다.""]",12.432432432432433,38.91891891891892,6.821042855597029,25.472546345867457
051910,LG화학,2025-11-03,393000,Neutral,50,"[""현재가 393,000원만 제공되어 추세, 모멘텀, 변동성, 거래량 등 20거래일 방향성을 판단할 핵심 데이터가 부족합니다."", ""상승·하락을 지지하는 재무, 실적, 수급, 기술적 지표가 제시되지 않아 Buy 또는 Sell 근거를 만들 수 없습니다."", ""제공된 정보만으로는 향후 20거래일 내 주가 방향을 확신할 수 없어 Neutral이 가장 적절합니다.""]",1.139240506329114,-5.949367088607595,1.511656039574769,-2.8727538136314936
051910,LG화학,2025-12-01,372000,Neutral,50,"[""현재가 372,000원만으로는 20거래일 내 방향성을 판단할 수 있는 추세·모멘텀 정보가 제공되지 않았습니다."", ""재무, 실적, 수급, 밸류에이션, 기술적 지표 등 상승·하락 근거가 되는 데이터가 없어 Buy 또는 Sell을 단정하기 어렵습니다."", ""제공된 정보가 종목명, 시장, 현재가에 한정되어 있어 상승과 하락 근거가 균형이 아니라 아예 부족하므로 Neutral이 가장 적절합니다.""]",2.1534320323014806,-13.189771197846568,-1.5667833406837866,-21.067255909718874
352820,HYBE,2023-01-02,169500,Neutral,42,"[""제공된 데이터가 종목명과 현재가뿐이라 20거래일 방향성을 판단할 수 있는 가격·거래량·실적·수급 정보가 없다."", ""상승과 하락을 가늠할 수 있는 기술적 지표나 이벤트 정보가 없어 Buy와 Sell 중 어느 쪽도 우위라고 보기 어렵다."", ""주어진 정보만으로는 방향성 확신이 불가능하므로 적극적 중립 판단이 적절하다.""]",-3.39943342776204,6.458923512747876,-9.377312166471548,-4.818051986197458
352820,HYBE,2023-02-01,189500,Neutral,42,"[""제공된 정보가 종목명, 현재가, 상장 시장뿐이라 20거래일 방향성을 판단할 수 있는 가격 추세·거래량·실적·밸류에이션 데이터가 없다."", ""상승과 하락을 가늠할 수 있는 기술적 지표나 수급 정보가 전혀 없어 Buy 또는 Sell 근거가 부족하다."", ""브랜드 이미지나 과거 명성은 배제해야 하므로, 현재 제공 데이터만으로는 방향성 확신이 불가능해 Neutral이 적절하다.""]",5.534858967535923,-0.2660989888238425,5.022885927128942,1.2248604745765634
352820,HYBE,2023-03-02,187000,Neutral,52,"[""제공된 종목 정보에는 현재가와 시장 구분만 있고, 20거래일 방향을 판단할 수 있는 실적·밸류에이션·수급·기술적 지표가 없어 상승/하락 근거를 확정하기 어렵습니다."", ""브랜드 이미지·인지도·과거 명성은 판단에서 배제해야 하므로 HYBE에 대한 정성적 기대만으로 Buy 또는 Sell을 선택할 근거가 없습니다."", ""주어진 데이터만으로는 향후 20거래일 내 주가의 우위 방향을 확인할 수 없어 Neutral이 가장 적절합니다.""]",-1.9743863393810033,0.8004268943436499,-0.4333122749009506,-1.041214176842622
352820,HYBE,2023-04-03,184000,Neutral,41,"[""제공된 데이터가 종목명과 현재가뿐이라 20거래일 방향성을 판단할 수 있는 추세·실적·수급 정보가 없다."", ""상승과 하락을 가늠할 기술적 지표나 밸류에이션, 거래량, 이벤트 정보가 없어 Buy 또는 Sell 근거가 부족하다."", ""주어진 기준상 방향을 확신할 수 없는 경우 Neutral이 적절하며, 현재는 그 수준의 정보만 제공되었다.""]",17.971623751970572,54.75564897530215,15.256456306566204,53.91348345288942
352820,HYBE,2023-05-02,284500,Neutral,42,"[""제공된 정보가 종목명, 현재가, 시장 구분뿐이라 20거래일 방향성을 판단할 수 있는 가격·거래량·실적·수급 데이터가 없다."", ""상승과 하락을 가늠할 수 있는 기술적 지표나 펀더멘털 지표가 전혀 없어 Buy 또는 Sell 근거가 부족하다."", ""주어진 데이터만으로는 방향성이 불명확하므로 적극적 판단으로는 Neutral이 가장 적절하다.""]",-5.772495755517826,-8.31918505942275,-5.356728585133238,-12.315347208619201
352820,HYBE,2023-06-01,277500,Neutral,50,"[""현재 제공된 데이터가 종목명과 현재가뿐이라 20거래일 방향성을 판단할 수 있는 가격·거래량·실적·수급 정보가 부족합니다."", ""상승과 하락을 구분할 수 있는 기술적 지표나 펀더멘털 근거가 제시되지 않아 Buy 또는 Sell을 정당화하기 어렵습니다."", ""주어진 정보만으로는 방향성이 불명확하므로 적극적 판단으로는 Neutral이 가장 적절합니다.""]",8.88888888888889,3.5185185185185186,7.812913245379349,3.4758485305122577
352820,HYBE,2023-07-03,279500,Neutral,42,"[""제공된 정보가 현재가와 종목명뿐이라 20거래일 방향성을 판단할 수 있는 추세·실적·밸류에이션·수급 데이터가 없다."", ""상승과 하락을 가를 기술적 지표나 이벤트 정보가 없어 Buy 또는 Sell을 정당화할 근거가 부족하다."", ""주어진 데이터만으로는 방향성이 불명확하므로 적극적 판단으로는 Neutral이 가장 적절하다.""]",-5.594405594405594,-11.188811188811188,-4.405963024870901,-14.033052717976627
352820,HYBE,2023-08-01,254000,Neutral,42,"[""제공된 종목 정보에는 현재가와 시장 구분만 있고, 20거래일 방향성을 판단할 수 있는 실적·수급·기술적 지표가 없어 상승/하락 근거를 확정하기 어렵습니다."", ""브랜드 이미지·인지도·과거 명성은 판단에서 배제해야 하므로, HYBE에 대한 정성적 호재나 악재를 근거로 매수·매도 판단을 할 수 없습니다."", ""현재 제공 데이터만으로는 기대수익과 하락위험 중 어느 쪽이 우세한지 확인되지 않아 Neutral이 가장 적절합니다.""]",2.976190476190476,0.1984126984126984,3.409981041341229,2.4992225681990834
352820,HYBE,2023-09-01,249000,Neutral,50,"[""현재 제공된 데이터가 종목명, 현재가, 상장 시장뿐이라 20거래일 방향성을 판단할 수 있는 가격·거래량·실적·수급 정보가 없다."", ""상승과 하락을 가늠할 기술적 지표나 펀더멘털 지표가 전혀 제시되지 않아 Buy 또는 Sell 근거가 부족하다."", ""주어진 정보만으로는 방향성이 불명확하므로 적극적 판단으로는 Neutral이 가장 적절하다.""]",-2.3952095808383236,-8.582834331337326,-1.3246170212051158,-1.7801027146148725
352820,HYBE,2023-10-04,222500,Neutral,42,"[""제공된 정보가 종목명과 현재가뿐이라 20거래일 방향성을 판단할 수 있는 가격 추세, 거래량, 실적, 수급 데이터가 없다."", ""상승과 하락을 가를 수 있는 기술적·펀더멘털 근거가 전혀 제시되지 않아 Buy 또는 Sell을 선택할 만한 우위가 없다."", ""주어진 데이터만으로는 방향성이 불명확하므로 적극적 판단으로는 Neutral이 가장 적절하다.""]",7.709251101321586,-4.845814977973569,5.52294722380452,-3.3788487606329225
352820,HYBE,2023-11-01,230500,Neutral,42,"[""제공된 데이터가 종목명과 현재가뿐이라 20거래일 방향성을 판단할 수 있는 가격 추세, 거래량, 실적, 수급 정보가 없습니다."", ""상승과 하락을 가늠할 수 있는 기술적·기본적 근거가 전혀 없어 Buy 또는 Sell을 선택할 만한 우위가 없습니다."", ""주어진 정보만으로는 방향성이 불명확하므로 적극적 판단으로는 Neutral이 가장 적절합니다.""]",-6.813186813186813,-5.274725274725275,-10.396443325870758,-13.476183159938156
352820,HYBE,2023-12-01,211500,Neutral,50,"[""현재가 211,500원에 대한 추가 기술적·실적·수급 데이터가 제공되지 않아 20거래일 방향성을 판단할 근거가 부족합니다."", ""상승과 하락을 가를 추세, 모멘텀, 거래량, 변동성 정보가 없어 Buy 또는 Sell 중 하나를 우세하게 선택하기 어렵습니다."", ""제공된 데이터만을 근거로 해야 하므로, 확실한 우위가 없는 상황에서는 Neutral이 가장 적절합니다.""]",13.875598086124402,15.07177033492823,13.46167335601047,12.20610700166116
352820,HYBE,2024-01-02,241500,Neutral,42,"[""현재 제공된 데이터가 종목명과 현재가뿐이라 20거래일 방향성을 판단할 수 있는 추세·실적·밸류에이션·수급 정보가 없다."", ""상승과 하락을 구분할 기술적 지표나 최근 가격 흐름이 제시되지 않아 Buy 또는 Sell 근거를 만들 수 없다."", ""제공된 정보만으로는 방향성이 불명확하므로 적극적 판단은 Neutral이 적절하다.""]",4.592901878914405,-15.866388308977037,7.098549462055647,-11.63904288399881
352820,HYBE,2024-02-01,199000,Neutral,42,"[""제공된 정보가 종목명, 현재가, 시장 구분뿐이라 20거래일 방향성을 판단할 수 있는 가격 추세·실적·수급 데이터가 없다."", ""상승과 하락을 가를 기술적 지표나 밸류에이션, 거래량, 이벤트 정보가 전혀 없어 Buy 또는 Sell 근거가 부족하다."", ""주어진 데이터만으로는 방향성이 불명확하므로 적극적 판단으로는 Neutral이 가장 적절하다.""]",0.0,-8.75912408759124,-1.312655096336569,-9.760152646347176
352820,HYBE,2024-03-04,192700,Neutral,0,"[""판단에 필요한 재무·수급·기술적 데이터가 제공되지 않아 20거래일 방향성을 근거 있게 추정할 수 없습니다."", ""현재가 192,700원 외에는 상승 또는 하락을 지지하는 정량 정보가 없어 Buy와 Sell 중 우위를 둘 수 없습니다."", ""제공된 데이터만을 근거로 해야 하므로, 정보 부족 상황에서는 방향성 확신이 불가능해 Neutral이 적절합니다.""]",8.430540827147402,17.9745493107105,7.207244986579732,14.058190889935995
352820,HYBE,2024-04-01,226500,Neutral,42,"[""제공된 정보가 현재가와 종목명뿐이라 20거래일 방향성을 판단할 수 있는 추세·실적·수급·밸류에이션 데이터가 없다."", ""상승과 하락을 지지하는 정량 지표가 전혀 없어 Buy 또는 Sell을 선택할 근거가 부족하다."", ""브랜드 이미지나 과거 명성은 배제해야 하므로, 현재 제공 데이터만으로는 방향성 확신이 불가능하다.""]",-2.696629213483146,-10.112359550561797,-0.9531780519088093,-7.58762433720697
352820,HYBE,2024-05-02,200000,Neutral,41,"[""제공된 데이터가 종목명, 현재가, 상장 시장뿐이라 20거래일 방향성을 판단할 수 있는 가격·거래량·실적·수급 정보가 없다."", ""상승과 하락을 가를 기술적 지표나 펀더멘털 근거가 전혀 없어 Buy 또는 Sell을 정당화할 수 없다."", ""주어진 정보만으로는 방향성이 불명확하므로 적극적 판단으로는 Neutral이 가장 적절하다.""]",-5.257985257985258,-1.71990171990172,-7.147674905041441,-1.1770549312159395
352820,HYBE,2024-06-03,200500,Neutral,50,"[""종목 정보에 현재가와 시장 구분만 있고, 20거래일 방향을 판단할 수 있는 가격 추세·거래량·실적·밸류에이션 데이터가 제공되지 않았습니다."", ""상승과 하락을 가늠할 수 있는 기술적 지표나 수급 지표가 없어 Buy 또는 Sell을 우위로 둘 근거가 부족합니다."", ""제공된 데이터만으로는 방향성이 불명확하므로, 기준상 적극적 선택인 Neutral이 가장 적절합니다.""]",-0.44999999999999996,-1.5,-2.9318752112993565,-6.455110626948661
352820,HYBE,2024-07-01,200500,Neutral,50,"[""현재가 200,500원만 제시되어 있어 추세, 변동성, 거래량, 수급 등 20거래일 방향성을 판단할 핵심 데이터가 부족합니다."", ""상승과 하락을 가늠할 수 있는 재무지표, 실적 전망, 기술적 지표가 제공되지 않아 Buy 또는 Sell 근거를 우위로 둘 수 없습니다."", ""제공된 정보만으로는 방향성이 불명확하므로 적극적 판단으로는 Neutral이 가장 적절합니다.""]",-1.4705882352941175,-12.778904665314403,-4.581855972612788,-11.244487254873027
352820,HYBE,2024-08-01,175300,Neutral,50,"[""현재 제공된 데이터가 종목명, 현재가, 시장 정보뿐이라 20거래일 방향성을 판단할 수 있는 가격·거래량·실적·수급 근거가 없다."", ""상승과 하락을 가를 기술적 또는 펀더멘털 지표가 제시되지 않아 Buy와 Sell 중 어느 쪽도 우위라고 보기 어렵다."", ""제공된 정보만으로는 방향성이 불명확하므로 적극적 판단으로는 Neutral이 가장 적절하다.""]",-4.756637168141593,-0.5530973451327433,-1.4773483284104745,-0.7328304731991342
352820,HYBE,2024-09-02,179800,Neutral,42,"[""제공된 종목 정보에는 현재가와 시장 정보만 있고, 20거래일 방향을 판단할 수 있는 실적·밸류에이션·수급·기술적 지표가 없다."", ""상승과 하락을 가늠할 수 있는 추가 데이터가 전혀 없어 Buy 또는 Sell을 지지할 근거가 부족하다."", ""주어진 정보만으로는 방향성이 불명확하므로 적극적 판단으로는 Neutral이 가장 적절하다.""]",-7.982261640798225,-0.8869179600886918,-2.683214493539497,1.750221154910388
352820,HYBE,2024-10-02,170100,Neutral,42,"[""제공된 종목 정보에는 현재가와 시장 구분만 있고, 20거래일 방향을 판단할 수 있는 실적·밸류에이션·수급·기술적 지표가 제시되지 않았습니다."", ""상승 또는 하락을 지지하는 정량 데이터가 전혀 없어 Buy와 Sell 중 어느 쪽도 우위라고 보기 어렵습니다."", ""주어진 데이터만으로는 향후 20거래일 내 방향성을 확신할 근거가 부족하므로 Neutral이 가장 적절합니다.""]",6.22478386167147,13.71757925072046,4.139723679783244,12.968078334274646
352820,HYBE,2024-11-01,186700,Neutral,42,"[""현재가 186,700원만으로는 20거래일 내 상승·하락 방향을 판단할 수 있는 추세 정보가 제공되지 않았습니다."", ""거래량, 재무지표, 실적 추정치, 수급, 기술적 지표 등 방향성을 뒷받침할 추가 데이터가 없어 Buy 또는 Sell 근거가 부족합니다."", ""제공된 정보가 종목명, 시장, 현재가에 한정되어 있어 상승과 하락 가능성이 균형적이며 확신 가능한 결론을 내리기 어렵습니다.""]",1.3684744044602128,-3.801317790167258,3.5820960377738453,1.3934121603535976
352820,HYBE,2024-12-02,189800,Neutral,52,"[""제공된 정보가 현재가와 종목명뿐이라 20거래일 방향성을 판단할 수 있는 추세·실적·밸류에이션·수급 데이터가 없다."", ""상승과 하락을 가를 기술적 지표나 이벤트 정보가 없어 Buy 또는 Sell을 우선할 근거가 부족하다."", ""주어진 데이터만으로는 방향성이 불명확하므로 적극적 선택으로는 Neutral이 가장 타당하다.""]",-0.9533366783743101,0.8529854490717512,2.33693171089011,3.1800923647951156
352820,HYBE,2025-01-02,196300,Neutral,50,"[""판단에 필요한 재무·실적·수급·기술적 데이터가 제공되지 않아 20거래일 방향성을 우위 있게 추정하기 어렵습니다."", ""현재가 196,300원만으로는 상승·하락 기대를 가를 만한 상대적 저평가 또는 과열 여부를 확인할 수 없습니다."", ""제공된 정보가 종목명과 시장 구분에 한정되어 있어 Buy 또는 Sell을 지지할 근거가 부족하므로 Neutral이 가장 적절합니다.""]",7.213930348258707,17.91044776119403,4.189261235429452,14.027028156948191
352820,HYBE,2025-02-03,226500,Neutral,42,"[""제공된 정보가 종목명, 현재가, 상장 시장뿐이라 20거래일 방향성을 판단할 수 있는 가격·거래량·실적·수급 데이터가 없다."", ""상승과 하락을 가늠할 기술적 지표나 펀더멘털 지표가 전혀 제시되지 않아 Buy 또는 Sell 근거가 부족하다."", ""주어진 데이터만으로는 방향성이 불명확하므로 적극적 판단으로는 Neutral이 가장 적절하다.""]",5.36480686695279,7.725321888412018,3.053478699454024,4.645162803272454
352820,HYBE,2025-03-04,251000,Neutral,41,"[""제공된 종목 정보에는 현재가와 시장 구분만 있고, 20거래일 방향을 판단할 수 있는 가격 추세·거래량·실적·수급 데이터가 없습니다."", ""상승 또는 하락을 지지하는 정량적 근거가 전혀 제시되지 않아 Buy와 Sell 중 어느 쪽도 우위라고 보기 어렵습니다."", ""브랜드 이미지나 과거 명성은 배제해야 하므로, 현재 제공된 데이터만으로는 방향성을 확신할 수 없어 Neutral이 적절합니다.""]",-7.171314741035857,-7.370517928286853,-7.823744445546576,-5.327228494208054
352820,HYBE,2025-04-01,235000,Neutral,42,"[""제공된 정보가 종목명, 현재가, 시장 구분뿐이라 20거래일 방향성을 판단할 수 있는 가격·거래량·실적·수급 데이터가 없다."", ""상승과 하락을 가늠할 수 있는 기술적 지표나 펀더멘털 지표가 전혀 없어 Buy 또는 Sell 근거가 부족하다."", ""주어진 데이터만으로는 방향성이 불명확하므로 적극적 판단으로는 Neutral이 가장 적절하다.""]",-7.526881720430108,14.838709677419354,0.9396726760645198,12.813456869999946
352820,HYBE,2025-05-02,264500,Neutral,52,"[""제공된 데이터가 종목명과 현재가뿐이라 20거래일 방향성을 판단할 수 있는 가격·거래량·실적·수급 정보가 없다."", ""상승과 하락을 가늠할 기술적 지표나 이벤트 정보가 없어 Buy와 Sell 중 어느 쪽도 우위라고 보기 어렵다."", ""주어진 정보만으로는 방향성이 불명확하므로 적극적 중립 판단이 가장 타당하다.""]",3.9697542533081283,7.561436672967864,1.375535588299193,-1.6953043325492692
352820,HYBE,2025-06-02,272000,Neutral,50,"[""현재 제공된 데이터가 종목명과 현재가뿐이라 20거래일 방향성을 판단할 수 있는 가격·거래량·실적·수급 정보가 없다."", ""상승과 하락을 가늠할 기술적 지표나 최근 추세가 제시되지 않아 Buy 또는 Sell 근거가 부족하다."", ""제공된 정보만으로는 방향성이 불명확하므로 적극적 판단으로는 Neutral이 가장 적절하다.""]",7.473309608540925,3.3807829181494666,2.0890218113386307,-9.08583370352482
352820,HYBE,2025-07-01,313500,Neutral,42,"[""현재 제공된 데이터가 종목명, 현재가, 상장 시장뿐이라 20거래일 방향성을 판단할 수 있는 가격·거래량·실적·수급 정보가 없다."", ""상승과 하락을 가를 기술적 지표나 펀더멘털 근거가 전혀 없어 Buy 또는 Sell을 선택할 만한 객관적 근거가 부족하다."", ""제공 데이터만 기준으로는 방향성이 불명확하므로 적극적 판단으로는 Neutral이 가장 적절하다.""]",-9.180327868852459,-17.868852459016395,-11.088583317526625,-23.703210162605913
352820,HYBE,2025-08-01,251000,Neutral,46,"[""제공된 정보가 종목명, 현재가, 시장 구분뿐이라 20거래일 방향성을 판단할 수 있는 가격·실적·수급 데이터가 없다."", ""상승과 하락을 가늠할 기술적 지표나 펀더멘털 지표가 전혀 없어 Buy 또는 Sell 근거가 부족하다."", ""브랜드 이미지와 과거 명성은 배제해야 하므로, 현재 제공 데이터만으로는 방향성 우위를 확정할 수 없다.""]",10.9404990403071,9.021113243761997,9.065508968033255,8.239602640950467
352820,HYBE,2025-09-01,285000,Neutral,42,"[""제공된 데이터가 종목명과 현재가뿐이라 20거래일 방향성을 판단할 수 있는 가격·거래량·실적·수급 정보가 없다."", ""상승과 하락을 가늠할 기술적 지표나 펀더멘털 지표가 전혀 없어 Buy 또는 Sell 근거를 만들 수 없다."", ""주어진 정보만으로는 방향성이 불명확하므로 적극적 선택은 Neutral이 적절하다.""]",2.112676056338028,-6.338028169014084,-0.6518360561338077,-14.289546759333565
352820,HYBE,2025-10-01,268000,Neutral,50,"[""제공된 데이터가 종목명, 현재가, 상장 시장뿐이라 20거래일 방향성을 판단할 수 있는 가격·거래량·실적·수급 정보가 없다."", ""상승과 하락을 가늠할 기술적 지표나 펀더멘털 지표가 제시되지 않아 Buy 또는 Sell 근거가 부족하다."", ""주어진 정보만으로는 방향성이 불명확하므로 적극적 판단으로는 Neutral이 가장 적절하다.""]",2.0560747663551404,19.439252336448597,-3.555314810480264,5.992879763397134
352820,HYBE,2025-11-03,342500,Neutral,41,"[""현재 제공된 정보는 종목명, 현재가, 시장 구분뿐이며 20거래일 방향성을 판단할 수 있는 가격 추세·거래량·실적·밸류에이션 데이터가 없다."", ""상승과 하락을 가를 수 있는 기술적 지표나 수급 정보가 전혀 없어 Buy 또는 Sell을 지지할 근거가 부족하다."", ""제공된 데이터만으로는 향후 20거래일 내 주가의 우위 방향을 확신할 수 없으므로 Neutral이 가장 적절하다.""]",-16.27565982404692,-12.609970674486803,-15.903244290801265,-9.533357399510702
352820,HYBE,2025-12-01,292000,Neutral,42,"[""현재 제공된 정보는 종목명, 현재가, 상장 시장뿐이며 20거래일 방향성을 판단할 수 있는 가격 추세·거래량·실적·밸류에이션 데이터가 없다."", ""상승과 하락을 가늠할 수 있는 기술적 지표나 수급 정보가 전혀 없어 Buy 또는 Sell을 지지할 근거가 부족하다."", ""제공 데이터만으로는 방향성이 불명확하므로 적극적 판단으로는 Neutral이 가장 적절하다.""]",-2.348993288590604,16.10738255033557,-6.069208661575871,8.229897838463263
329180,HD현대중공업,2023-01-02,117500,Neutral,42,"[""제공된 데이터가 종목명과 현재가뿐이라 20거래일 방향성을 판단할 수 있는 추세·실적·수급·밸류에이션 정보가 없다."", ""상승과 하락을 가를 기술적 지표나 최근 가격 흐름이 없어 Buy 또는 Sell을 지지할 근거가 부족하다."", ""주어진 정보만으로는 방향성이 불명확하므로 적극적 판단으로는 Neutral이 가장 적절하다.""]",-6.986899563318777,-2.8820960698689957,-12.964778302028286,-14.15907156881433
329180,HD현대중공업,2023-02-01,111300,Neutral,42,"[""제공된 정보가 종목명과 현재가뿐이라 20거래일 방향성을 판단할 수 있는 가격·거래량·실적·밸류에이션 데이터가 없다."", ""상승과 하락을 가늠할 수 있는 기술적 지표나 수급 정보가 없어 Buy 또는 Sell 근거를 만들 수 없다."", ""브랜드 이미지와 과거 명성을 배제해야 하므로, 현재 제공 데이터만으로는 방향성 확신이 부족해 Neutral이 적절하다.""]",-3.776978417266187,-6.294964028776978,-4.288951457673168,-4.804004565376572
329180,HD현대중공업,2023-03-02,105900,Neutral,42,"[""제공된 정보가 종목명, 현재가, 시장 구분뿐이라 20거래일 방향성을 판단할 수 있는 가격·거래량·실적·수급 데이터가 없다."", ""상승과 하락을 가늠할 수 있는 기술적 지표나 최근 추세가 제시되지 않아 Buy 또는 Sell 근거가 부족하다."", ""브랜드 이미지나 과거 명성은 배제해야 하므로, 현재 제공 데이터만으로는 방향성 확신이 불가능하다.""]",-8.92514395393474,-4.030710172744722,-7.384069889454687,-5.872351243930994
329180,HD현대중공업,2023-04-03,100400,Neutral,52,"[""제공된 정보가 종목명, 현재가, 상장 시장뿐이라 20거래일 방향을 판단할 수 있는 가격·거래량·실적·수급 데이터가 없다."", ""상승 또는 하락을 지지하는 기술적 지표나 펀더멘털 지표가 전혀 제시되지 않아 Buy와 Sell 중 우위를 둘 근거가 부족하다."", ""브랜드 이미지·과거 명성은 배제해야 하므로, 현재 제공 데이터만으로는 방향성이 불명확해 Neutral이 가장 적절하다.""]",-2.9585798816568047,7.790927021696252,-5.673747327061173,6.948761499283528
329180,HD현대중공업,2023-05-02,110700,Neutral,42,"[""제공된 데이터가 종목명과 현재가뿐이라 20거래일 방향성을 판단할 수 있는 가격 추세, 거래량, 실적, 밸류에이션 정보가 없다."", ""상승과 하락을 가늠할 수 있는 기술적 지표나 수급 데이터가 없어 Buy 또는 Sell을 지지할 근거가 부족하다."", ""주어진 정보만으로는 방향성이 불명확하므로 적극적 판단으로는 Neutral이 가장 적절하다.""]",5.397987191216835,7.410795974382434,5.813754361601423,3.4146338251859825
329180,HD현대중공업,2023-06-01,116600,Neutral,42,"[""제공된 정보가 종목명, 현재가, 시장 구분뿐이라 20거래일 방향성을 판단할 수 있는 가격·거래량·실적·밸류에이션 데이터가 없다."", ""상승과 하락을 가늠할 수 있는 기술적 지표나 수급 지표가 전혀 없어 Buy 또는 Sell 근거가 부족하다."", ""브랜드 이미지나 과거 명성은 배제해야 하므로, 현재 제공 데이터만으로는 방향성 확신이 불가능해 Neutral이 적절하다.""]",6.643952299829642,12.095400340715502,5.567976656320101,12.05273035270924
329180,HD현대중공업,2023-07-03,131600,Neutral,42,"[""제공된 데이터가 종목명과 현재가뿐이라 20거래일 방향성을 판단할 수 있는 가격·거래량·실적·수급 근거가 없습니다."", ""상승과 하락 중 어느 쪽도 우위를 보이는 정량 지표가 없어 Buy 또는 Sell을 선택할 근거가 부족합니다."", ""주어진 정보만으로는 향후 변동성이나 추세를 추정할 수 없으므로 방향성 확신이 낮아 Neutral이 적절합니다.""]",2.941176470588235,2.4264705882352944,4.129619040122929,-0.41777094093014355
329180,HD현대중공업,2023-08-01,139300,Neutral,42,"[""제공된 정보가 종목명과 현재가뿐이라 20거래일 방향성을 판단할 수 있는 가격 추세, 거래량, 실적, 수급 데이터가 없다."", ""상승과 하락을 가늠할 수 있는 기술적 지표나 이벤트 정보가 전혀 없어 Buy 또는 Sell 근거가 부족하다."", ""브랜드·인지도·과거 명성은 배제해야 하므로, 현재 제공 데이터만으로는 방향성 확신이 불가능하다.""]",-2.8922631959508314,-5.42299349240781,-2.4584726308000784,-3.122183622621425
329180,HD현대중공업,2023-09-01,128000,Neutral,42,"[""제공된 정보가 종목명, 현재가, 시장 구분뿐이라 20거래일 방향성을 판단할 수 있는 가격·거래량·실적·수급 데이터가 없다."", ""상승과 하락을 가늠할 수 있는 기술적 지표나 밸류에이션, 이벤트 정보가 전혀 없어 Buy 또는 Sell 근거가 부족하다."", ""주어진 데이터만으로는 방향성이 불명확하므로 적극적 판단으로는 Neutral이 가장 적절하다.""]",-0.1551590380139643,-13.343677269200931,0.9154335216192435,-6.540945652478478
329180,HD현대중공업,2023-10-04,116500,Neutral,42,"[""제공된 데이터가 종목명과 현재가뿐이라 20거래일 방향을 판단할 수 있는 가격·거래량·실적·수급 정보가 없다."", ""상승과 하락을 가늠할 기술적 지표나 펀더멘털 지표가 전혀 없어 Buy 또는 Sell 근거를 만들 수 없다."", ""주어진 정보만으로는 방향성이 불명확하므로 적극적 판단으로는 Neutral이 가장 적절하다.""]",1.607142857142857,-0.5357142857142857,-0.5791610203742084,0.9312519316263602
329180,HD현대중공업,2023-11-01,102800,Neutral,42,"[""제공된 정보가 종목명, 현재가, 시장 구분뿐이라 20거래일 방향성을 판단할 수 있는 가격·거래량·실적·수급 데이터가 없다."", ""상승과 하락을 가늠할 수 있는 기술적 지표나 펀더멘털 지표가 전혀 없어 Buy 또는 Sell 근거가 부족하다."", ""주어진 데이터만으로는 방향성이 불명확하므로 적극적 판단으로는 Neutral이 가장 적절하다.""]",2.4953789279112755,15.711645101663585,-1.0878775847726692,7.510187216450703
329180,HD현대중공업,2023-12-01,128900,Neutral,42,"[""제공된 정보가 현재가와 종목명뿐이라 20거래일 방향성을 판단할 수 있는 추세·실적·밸류에이션·수급 데이터가 없다."", ""상승과 하락을 가를 기술적 지표나 거래량, 변동성, 시장 대비 상대강도 정보가 없어 매수·매도 우위를 정하기 어렵다."", ""브랜드 이미지나 과거 명성은 배제해야 하므로, 현재 제공 데이터만으로는 적극적 Buy 또는 Sell 근거가 부족하다.""]",-9.043348281016444,-9.641255605381167,-9.457273011130376,-12.506918938648237
329180,HD현대중공업,2024-01-02,127000,Neutral,42,"[""제공된 정보가 종목명, 현재가, 시장 구분뿐이라 20거래일 방향성을 판단할 수 있는 가격·거래량·실적·수급 데이터가 없다."", ""상승과 하락을 비교할 수 있는 기술적 지표나 최근 추세가 없어 Buy 또는 Sell 근거를 만들 수 없다."", ""주어진 데이터만으로는 방향성이 불명확하므로 적극적 판단은 Neutral이 적절하다.""]",0.49382716049382713,-6.090534979423869,2.9994747436350693,-1.8631895544456425
329180,HD현대중공업,2024-02-01,112800,Neutral,42,"[""현재가 112,800원만으로는 향후 20거래일 방향을 판단할 수 있는 추세·밸류에이션·실적 데이터가 제공되지 않았습니다."", ""상승 또는 하락을 지지하는 기술적 지표, 거래량, 수급, 실적 모멘텀 정보가 없어 Buy와 Sell 중 우위를 둘 근거가 부족합니다."", ""제공된 데이터가 종목명과 현재가뿐이므로 방향성이 불명확한 상황에 해당해 Neutral이 가장 적절합니다.""]",-3.0728709394205445,-2.1071115013169446,-4.385526035757113,-3.1081400600728792
329180,HD현대중공업,2024-03-04,113600,Neutral,42,"[""제공된 정보가 종목명, 현재가, 시장 구분뿐이라 20거래일 방향을 판단할 수 있는 가격·거래량·실적·수급 데이터가 없다."", ""상승 또는 하락을 지지하는 정량적 근거가 전혀 없어 Buy와 Sell 중 어느 쪽도 우위라고 보기 어렵다."", ""브랜드 이미지나 과거 명성은 배제해야 하므로, 현재 제공된 데이터만으로는 방향성 확신이 불가능하다.""]",0.26714158504007124,11.219946571682991,-0.9561542555275989,7.303588150908485
329180,HD현대중공업,2024-04-01,121300,Neutral,42,"[""제공된 정보가 종목명, 현재가, 시장 구분뿐이라 20거래일 방향성을 판단할 수 있는 가격 추세·거래량·실적·밸류에이션 데이터가 없다."", ""상승과 하락을 가를 수 있는 기술적 지표나 수급 정보가 전혀 없어 Buy 또는 Sell을 지지할 근거가 부족하다."", ""주어진 데이터만으로는 방향성이 불명확하므로 적극적 판단으로는 Neutral이 가장 적절하다.""]",-6.164931945556445,9.047237790232186,-4.421480783982108,11.571973003587013
329180,HD현대중공업,2024-05-02,136200,Neutral,50,"[""현재가 136,200원만 제공되어 추세, 거래량, 변동성, 수급 등 20거래일 방향성을 판단할 핵심 데이터가 부족합니다."", ""제공된 정보에는 실적, 밸류에이션, 업황, 기술적 지표가 없어 상승 또는 하락 근거를 우위로 둘 수 없습니다."", ""브랜드 이미지나 과거 명성은 배제해야 하므로, 현재 주어진 데이터만으로는 Buy와 Sell 중 어느 쪽도 확신하기 어렵습니다.""]",7.410179640718563,-3.0688622754491015,5.5204899936623795,-2.5260154867633213
329180,HD현대중공업,2024-06-03,131800,Neutral,41,"[""제공된 정보가 종목명, 현재가, 시장 구분뿐이라 20거래일 방향성을 판단할 수 있는 가격·거래량·실적·밸류에이션 데이터가 없다."", ""상승과 하락을 가늠할 수 있는 기술적 지표나 수급, 모멘텀 관련 근거가 전혀 제시되지 않았다."", ""브랜드 이미지나 과거 명성은 배제해야 하므로, 현재 제공 데이터만으로는 Buy 또는 Sell을 정당화할 근거가 부족하다.""]",0.3861003861003861,17.2972972972973,-2.0957748251989705,12.342186670348637
329180,HD현대중공업,2024-07-01,155100,Neutral,42,"[""제공된 정보가 종목명, 현재가, 시장 구분뿐이라 20거래일 방향성을 판단할 수 있는 가격·거래량·실적·밸류에이션 데이터가 없다."", ""상승과 하락을 가늠할 수 있는 기술적 지표나 수급 정보가 전혀 없어 Buy 또는 Sell 근거를 만들 수 없다."", ""브랜드 이미지와 과거 명성을 배제해야 하므로, 현재 주어진 데이터만으로는 방향성 확신이 불가능해 Neutral이 적절하다.""]",-0.5870841487279843,33.39856490541422,-3.6983518860466544,34.9329823158556
329180,HD현대중공업,2024-08-01,214000,Neutral,42,"[""현재가 214,000원만으로는 향후 20거래일 방향을 판단할 수 있는 추세·밸류에이션·실적 데이터가 제공되지 않았습니다."", ""상승 또는 하락을 지지하는 기술적 지표, 거래량, 수급, 실적 모멘텀 정보가 없어 Buy와 Sell 중 우위를 둘 근거가 부족합니다."", ""제공된 데이터가 종목명, 현재가, 시장 구분에 한정되어 있어 방향성 확신이 불가능하므로 Neutral이 적절합니다.""]",1.4354066985645932,-11.24401913875598,4.714695538295711,-11.42375226682237
329180,HD현대중공업,2024-09-02,185500,Neutral,42,"[""제공된 정보가 종목명과 현재가뿐이라 20거래일 방향성을 판단할 수 있는 가격·거래량·실적·수급 데이터가 없다."", ""상승과 하락을 가늠할 기술적 지표나 밸류에이션, 모멘텀 관련 근거가 전혀 제시되지 않았다."", ""브랜드 이미지나 과거 명성은 배제해야 하므로, 현재 제공 데이터만으로는 Buy 또는 Sell을 선택할 근거가 부족하다.""]",-5.039787798408488,-4.6684350132626,0.2592593488502404,-2.0312958982635196
329180,HD현대중공업,2024-10-02,183100,Neutral,42,"[""제공된 정보가 종목명과 현재가뿐이라 20거래일 방향성을 판단할 수 있는 가격 추세, 거래량, 실적, 밸류에이션 데이터가 없다."", ""상승·하락을 지지하는 기술적 지표나 수급 지표가 전혀 없어 Buy 또는 Sell을 선택할 근거가 부족하다."", ""브랜드 이미지와 과거 명성은 배제해야 하므로, 현재 제공 데이터만으로는 방향성이 불명확해 Neutral이 가장 적절하다.""]",0.1078167115902965,-5.660377358490567,-1.9772434702979291,-6.409878274936382
329180,HD현대중공업,2024-11-01,174200,Neutral,42,"[""제공된 데이터가 종목명과 현재가뿐이라 20거래일 방향성을 판단할 수 있는 추세·실적·수급·밸류에이션 정보가 없다."", ""상승과 하락을 가를 기술적 지표나 거래량, 시장 대비 상대강도 데이터가 없어 Buy 또는 Sell 근거가 부족하다."", ""브랜드·과거 명성을 배제하고 제공 데이터만 사용해야 하므로, 현재 정보만으로는 적극적 방향 판단보다 Neutral이 적절하다.""]",21.142857142857142,20.57142857142857,23.356478776170775,25.766158521949425
329180,HD현대중공업,2024-12-02,211000,Neutral,52,"[""제공된 정보가 종목명, 현재가, 시장 구분뿐이라 20거래일 방향을 판단할 수 있는 가격·거래량·실적·수급 데이터가 없다."", ""상승과 하락을 가를 기술적 지표나 펀더멘털 근거가 전혀 없어 Buy 또는 Sell을 단정할 근거가 부족하다."", ""주어진 데이터만 기준으로는 방향성이 불명확하므로 적극적 선택으로서 Neutral이 가장 적절하다.""]",2.112676056338028,34.037558685446015,5.402944445602449,36.36466560116938
329180,HD현대중공업,2025-01-02,289000,Neutral,52,"[""제공된 정보가 종목명, 현재가, 시장 구분뿐이라 20거래일 방향성을 판단할 수 있는 가격·거래량·실적·수급 데이터가 없다."", ""상승과 하락을 가늠할 수 있는 기술적 지표나 펀더멘털 근거가 전혀 없어 Buy 또는 Sell을 단정하기 어렵다."", ""주어진 데이터만으로는 방향성이 불명확하므로 적극적 판단으로는 Neutral이 가장 적절하다.""]",9.98248686514886,6.129597197898424,6.957817752319606,2.246177593652588
329180,HD현대중공업,2025-02-03,311500,Neutral,42,"[""현재가 311,500원만으로는 향후 20거래일 방향을 판단할 수 있는 추세·밸류에이션·실적 데이터가 제공되지 않았습니다."", ""상승 또는 하락을 지지하는 기술적 지표, 거래량, 수급, 실적 모멘텀 정보가 없어 Buy와 Sell 중 우위를 정하기 어렵습니다."", ""제공된 데이터가 종목명과 현재가뿐이므로 방향성 확신이 부족해 Neutral이 가장 적절합니다.""]",-4.5241809672386895,-1.0920436817472698,-6.835509134737455,-4.1722027668868344
329180,HD현대중공업,2025-03-04,314500,Neutral,42,"[""제공된 정보가 종목명, 현재가, 시장 구분뿐이라 20거래일 방향성을 판단할 수 있는 가격 추세·실적·밸류에이션·수급 데이터가 없다."", ""상승과 하락을 가늠할 수 있는 기술적 지표나 이벤트 정보가 전혀 없어 Buy 또는 Sell을 정당화할 근거가 부족하다."", ""주어진 데이터만으로는 방향성이 불명확하므로 적극적 선택은 Neutral이 가장 타당하다.""]",-6.624605678233439,-8.201892744479496,-7.277035382744158,-6.1586033104006965
329180,HD현대중공업,2025-04-01,291000,Neutral,41,"[""제공된 정보가 종목명, 현재가, 시장 구분뿐이라 20거래일 방향성을 판단할 수 있는 가격·거래량·실적·밸류에이션 데이터가 없다."", ""상승 또는 하락을 지지하는 기술적 지표나 펀더멘털 근거가 전혀 제시되지 않아 Buy와 Sell 중 우위를 둘 수 없다."", ""브랜드 이미지·과거 명성은 배제해야 하므로, 현재 제공 데이터만으로는 확신 가능한 투자 신호를 만들 수 없다.""]",0.859106529209622,38.144329896907216,9.32566092570425,36.11907708948781
329180,HD현대중공업,2025-05-02,408500,Neutral,46,"[""제공된 데이터가 종목명과 현재가뿐이라 20거래일 방향성을 판단할 수 있는 추세·실적·밸류에이션·수급 정보가 없다."", ""상승과 하락을 가를 기술적 지표나 거래량, 시장 대비 상대강도 같은 근거가 전혀 제시되지 않았다."", ""근거가 부족한 상황이므로 Buy나 Sell을 단정하기보다 방향성이 불명확한 Neutral이 적절하다.""]",0.12033694344163659,2.286401925391095,-2.473881721567299,-6.970339080126038
329180,HD현대중공업,2025-06-02,428000,Neutral,42,"[""제공된 정보가 종목명, 현재가, 시장 구분뿐이라 20거래일 방향성을 판단할 수 있는 가격·거래량·실적·수급 데이터가 없다."", ""상승과 하락을 가늠할 수 있는 기술적 지표나 펀더멘털 근거가 전혀 없어 Buy 또는 Sell을 선택할 근거가 부족하다."", ""주어진 데이터만으로는 방향성이 불명확하므로 적극적 판단으로는 Neutral이 가장 적절하다.""]",-1.9859813084112148,-7.943925233644859,-7.370269105613509,-20.410541855319146
329180,HD현대중공업,2025-07-01,420500,Neutral,42,"[""현재가 420,500원에 대한 추가 기술적·실적·수급 데이터가 제공되지 않아 20거래일 방향성을 판단할 핵심 근거가 부족합니다."", ""종목명과 시장 정보만으로는 상승 또는 하락 우위를 가를 수 있는 정량 신호가 없으므로 Buy/Sell 중 하나를 선택할 근거가 없습니다."", ""제공된 데이터만을 근거로 해야 하므로, 방향성이 불명확한 상황에 해당하는 Neutral이 가장 적절합니다.""]",-3.067484662576687,15.58282208588957,-4.975740111250854,9.74846438230005
329180,HD현대중공업,2025-08-01,476500,Neutral,42,"[""제공된 정보가 종목명과 현재가뿐이라 20거래일 방향성을 판단할 수 있는 가격 추세, 거래량, 실적, 밸류에이션 데이터가 없다."", ""상승과 하락을 가늠할 수 있는 기술적 지표나 수급 지표가 전혀 없어 Buy 또는 Sell을 지지할 근거가 부족하다."", ""주어진 데이터만으로는 방향성이 불명확하므로 적극적 판단으로는 Neutral이 가장 적절하다.""]",0.10787486515641855,10.895361380798274,-1.7671152071174274,10.113850777986745
329180,HD현대중공업,2025-09-01,510000,Neutral,42,"[""제공된 종목 정보에는 현재가와 시장 구분만 있어 20거래일 방향성을 판단할 수 있는 추세·실적·밸류에이션·수급 데이터가 없다."", ""상승과 하락을 가늠할 기술적 지표나 거래량 정보가 전혀 없어 Buy 또는 Sell을 지지할 근거가 부족하다."", ""주어진 데이터만으로는 방향성이 불명확하므로 적극적 판단으로는 Neutral이 가장 적절하다.""]",-1.9455252918287937,0.19455252918287938,-4.710037404300629,-7.7569660611366
329180,HD현대중공업,2025-10-01,528000,Neutral,42,"[""제공된 정보가 종목명과 현재가뿐이라 20거래일 방향성을 판단할 수 있는 가격 추세, 거래량, 실적, 수급 데이터가 없다."", ""상승과 하락을 가늠할 수 있는 기술적·기본적 근거가 모두 부재해 Buy 또는 Sell을 선택할 만한 우위가 없다."", ""주어진 데이터만으로는 방향성이 불명확하므로 적극적 판단으로는 Neutral이 가장 적절하다.""]",-3.787878787878788,-0.5681818181818182,-9.399268364714192,-14.01455439123328
329180,HD현대중공업,2025-11-03,607000,Neutral,52,"[""제공된 정보가 종목명, 현재가, 시장 구분뿐이라 20거래일 방향성을 판단할 수 있는 가격·거래량·실적·밸류에이션 데이터가 없다."", ""상승과 하락을 가늠할 수 있는 기술적 지표나 수급 지표가 전혀 없어 Buy 또는 Sell 근거가 부족하다."", ""주어진 데이터만으로는 방향성이 불명확하므로 적극적 판단으로는 Neutral이 가장 적절하다.""]",-5.82010582010582,-8.289241622574956,-5.447690286860165,-5.212628347598855
329180,HD현대중공업,2025-12-01,515000,Neutral,42,"[""제공된 정보가 종목명, 현재가, 시장 구분뿐이라 20거래일 방향을 판단할 수 있는 가격·거래량·실적·수급 데이터가 없다."", ""상승과 하락을 가늠할 기술적 지표나 펀더멘털 근거가 전혀 없어 Buy 또는 Sell을 선택할 만한 우위가 없다."", ""주어진 데이터만으로는 방향성이 불명확하므로 적극적 판단으로는 Neutral이 가장 적절하다.""]",10.961538461538462,-3.076923076923077,7.2413230885531945,-10.954407788795383
012450,한화에어로스페이스,2023-01-02,74972,Neutral,50,"[""종목 정보로는 현재가와 시장 구분만 제공되어 있어 20거래일 방향성을 판단할 수 있는 추세·모멘텀·밸류에이션 근거가 부족합니다."", ""상승과 하락을 가늠할 재무, 실적, 수급, 기술적 지표가 전혀 없어 Buy 또는 Sell을 우위로 둘 만한 데이터가 없습니다."", ""제공된 데이터만 근거로 하면 방향성이 불명확하므로 적극적 판단으로는 Neutral이 가장 적절합니다.""]",-4.762690425122367,12.744046636968598,-10.740569163831875,1.4670711380232646
012450,한화에어로스페이스,2023-02-01,82307,Neutral,50,"[""현재 제공된 데이터는 종목명, 현재가, 상장 시장뿐이며 20거래일 방향성을 판단할 수 있는 가격 추세·거래량·실적·밸류에이션 정보가 없다."", ""상승과 하락을 가늠할 수 있는 기술적 지표나 수급 데이터가 없어 Buy 또는 Sell을 우위로 둘 근거가 부족하다."", ""제공된 정보만으로는 방향성이 불명확하므로 적극적 판단으로는 Neutral이 가장 적절하다.""]",5.0938403190205,16.398580505115792,4.581867278613519,17.889539968516196
012450,한화에어로스페이스,2023-03-02,92595,Neutral,42,"[""현재가 92,595원만으로는 향후 20거래일 방향성을 판단할 수 있는 추세·밸류에이션·수급 데이터가 제공되지 않았습니다."", ""상승 또는 하락을 지지하는 기술적 지표, 실적 추정치, 거래량, 외국인·기관 수급 정보가 없어 Buy/Sell 근거가 모두 부족합니다."", ""제공된 정보가 종목명, 시장, 현재가에 한정되어 있어 방향성 확신이 불가능하므로 Neutral이 가장 적절합니다.""]",2.027281870756852,5.86916436174671,3.5683559352369043,4.027523290560438
012450,한화에어로스페이스,2023-04-03,104513,Neutral,42,"[""현재가 104,513원만으로는 20거래일 방향성을 판단할 수 있는 추세·밸류에이션·수급 데이터가 제공되지 않았습니다."", ""상승 또는 하락을 지지하는 기술적 지표, 실적 추정치, 거래량, 외국인·기관 수급 정보가 없어 Buy/Sell 근거가 부족합니다."", ""제공된 정보가 종목명, 현재가, 시장 구분에 한정되어 있어 방향성 확신이 불가능하므로 Neutral이 적절합니다.""]",4.65184238162641,-0.5579653897082325,1.9366749362220412,-1.4001309121209569
012450,한화에어로스페이스,2023-05-02,109607,Neutral,50,"[""현재가 109,607원만 제공되어 추세, 거래량, 변동성, 수급 등 20거래일 방향성을 판단할 핵심 데이터가 부족합니다."", ""상승과 하락을 가늠할 수 있는 재무지표, 실적, 밸류에이션, 기술적 지표가 없어 Buy 또는 Sell 근거를 만들 수 없습니다."", ""제공된 정보만으로는 방향성이 불명확하므로 적극적 판단으로는 Neutral이 가장 적절합니다.""]",-0.3737579664627987,3.6475838889195,0.042009203921789584,-0.3485782602769514
012450,한화에어로스페이스,2023-06-01,110015,Neutral,42,"[""제공된 정보가 종목명, 현재가, 시장 구분뿐이라 20거래일 방향을 판단할 수 있는 가격·거래량·실적·수급 데이터가 없다."", ""상승과 하락을 가늠할 수 있는 기술적 지표나 펀더멘털 지표가 전혀 없어 Buy 또는 Sell 근거를 만들 수 없다."", ""주어진 데이터만으로는 방향성이 불명확하므로 적극적 판단으로는 Neutral이 가장 적절하다.""]",-2.3452589796750125,17.419772119150142,-3.421234623184553,17.377102131143882
012450,한화에어로스페이스,2023-07-03,132527,Neutral,42,"[""현재가 132,527원만 제공되어 추세, 밸류에이션, 실적, 수급 등 20거래일 방향 판단에 필요한 핵심 데이터가 없어 상승·하락 우위를 정하기 어렵습니다."", ""제공된 정보에는 최근 가격 흐름이나 거래량이 없어 단기 모멘텀의 존재 여부를 확인할 수 없습니다."", ""종목명과 시장 정보 외에 비교 가능한 정량 지표가 없으므로 Buy 또는 Sell을 단정할 근거가 부족합니다.""]",7.213190515589943,-7.745402774361383,8.401633085124637,-10.589644303526821
012450,한화에어로스페이스,2023-08-01,123766,Neutral,42,"[""현재가 정보만 제공되어 20거래일 내 상승·하락을 판단할 수 있는 추세, 모멘텀, 밸류에이션 근거가 부족합니다."", ""거래량, 실적, 수급, 기술적 지표 등 방향성을 지지하는 추가 데이터가 없어 Buy 또는 Sell을 단정하기 어렵습니다."", ""제공된 데이터만으로는 상승과 하락 어느 쪽도 우위라고 보기 어려워 Neutral이 가장 적절합니다.""]",-2.3177005030352777,-5.4634994677090365,-1.8839099378845245,-3.1626895979226517
012450,한화에어로스페이스,2023-09-01,116737,Neutral,42,"[""제공된 정보가 종목명, 현재가, 시장 구분뿐이라 20거래일 방향성을 판단할 수 있는 가격·거래량·실적·수급 데이터가 없다."", ""상승과 하락을 가늠할 수 있는 기술적 지표나 펀더멘털 지표가 전혀 없어 Buy 또는 Sell 근거가 부족하다."", ""주어진 데이터만으로는 방향성이 불명확하므로 적극적 판단으로는 Neutral이 가장 적절하다.""]",6.37539010254124,-13.712747350732194,7.445982662174448,-6.910015734009741
012450,한화에어로스페이스,2023-10-04,104107,Neutral,50,"[""현재가 104,107원만 제공되어 추세, 거래량, 변동성, 수급 등 20거래일 방향성을 판단할 핵심 데이터가 부족합니다."", ""상승과 하락을 가늠할 수 있는 기술적·재무적 지표가 없어 Buy 또는 Sell을 우선 선택할 근거가 없습니다."", ""제공된 정보만으로는 향후 20거래일 내 주가 방향성을 확신할 수 없어 Neutral이 가장 적절합니다.""]",7.395987706507793,21.580250842939698,5.209683828990727,23.047217060280342
012450,한화에어로스페이스,2023-11-01,115617,Neutral,50,"[""종목 정보로는 현재가와 시장 구분만 제공되어 있어 20거래일 방향성을 판단할 수 있는 추세·밸류에이션·실적·수급 데이터가 없습니다."", ""상승과 하락을 가늠할 기술적 지표나 최근 거래량, 변동성 정보가 없어 Buy 또는 Sell을 우위로 둘 근거가 부족합니다."", ""제공된 데이터만 근거로 하면 방향성이 불명확하므로 적극적 판단은 Neutral이 가장 적절합니다.""]",7.7122659566323275,9.098874550202888,4.129009443948383,0.8974166649900059
012450,한화에어로스페이스,2023-12-01,138537,Neutral,41,"[""제공된 정보가 종목명, 현재가, 상장 시장뿐이라 20거래일 방향성을 판단할 수 있는 가격·거래량·실적·밸류에이션 데이터가 없다."", ""상승과 하락을 가늠할 수 있는 기술적 지표나 수급 지표가 전혀 없어 Buy 또는 Sell 근거를 만들 수 없다."", ""주어진 데이터만으로는 방향성이 불명확하므로 적극적 판단으로는 Neutral이 가장 적절하다.""]",-6.941417812448981,-4.337765032403694,-7.355342542562912,-7.203428365670764
012450,한화에어로스페이스,2024-01-02,132119,Neutral,41,"[""제공된 정보가 종목명과 현재가뿐이라 20거래일 방향성을 판단할 수 있는 가격 추세, 거래량, 실적, 밸류에이션 데이터가 없다."", ""상승과 하락을 가늠할 수 있는 기술적 지표나 수급 정보가 전혀 없어 Buy 또는 Sell을 지지할 근거가 부족하다."", ""주어진 데이터만으로는 방향성이 불명확하므로 적극적 판단으로는 Neutral이 가장 적절하다.""]",2.250583634663112,3.601228394470752,4.756231217804354,7.8285738194489785
012450,한화에어로스페이스,2024-02-01,135074,Neutral,42,"[""제공된 정보가 종목명, 현재가, 시장 구분뿐이라 20거래일 방향성을 판단할 수 있는 가격 추세·거래량·실적·밸류에이션 데이터가 없다."", ""상승과 하락을 가늠할 수 있는 기술적 지표나 수급 지표가 전혀 없어 Buy 또는 Sell 근거가 부족하다."", ""주어진 데이터만으로는 방향성이 불명확하므로 적극적 판단은 Neutral이 적절하다.""]",2.798776231565503,54.31215006014881,1.4861211352289339,53.311121501392876
012450,한화에어로스페이스,2024-03-04,191099,Neutral,42,"[""제공된 정보가 종목명, 현재가, 시장 구분뿐이라 20거래일 방향성을 판단할 수 있는 가격·거래량·실적·수급 데이터가 없다."", ""상승과 하락을 가늠할 수 있는 기술적 지표나 펀더멘털 지표가 전혀 없어 Buy 또는 Sell 근거를 만들 수 없다."", ""주어진 데이터만으로는 방향성이 불명확하므로 적극적 판단은 Neutral이 적절하다.""]",0.0,30.059812351330017,-1.2232958405676702,26.14345393055551
012450,한화에어로스페이스,2024-04-01,212899,Neutral,50,"[""현재가 212,899원만 제공되어 추세, 거래량, 변동성, 수급 등 20거래일 방향성을 판단할 핵심 데이터가 부족합니다."", ""상승·하락을 지지하는 기술적 지표나 실적/밸류에이션 정보가 없어 Buy 또는 Sell을 우선할 근거가 없습니다."", ""제공된 정보만으로는 향후 20거래일 내 주가 방향을 확신할 수 없어 Neutral이 가장 적절합니다.""]",-13.27837000044807,-8.506417593697682,-11.534918838873734,-5.981682380342855
012450,한화에어로스페이스,2024-05-02,224614,Neutral,42,"[""현재가만 제공되어 추세, 모멘텀, 거래량, 변동성 등 20거래일 방향성을 판단할 핵심 데이터가 부족합니다."", ""기업 실적, 밸류에이션, 수급, 기술적 지표가 없어 상승 또는 하락 근거를 데이터로 검증할 수 없습니다."", ""제공된 정보만으로는 Buy와 Sell 중 어느 쪽도 우세하다고 보기 어려워 방향성 판단을 확신할 수 없습니다.""]",2.7837883391566183,-2.0886384446134993,0.8940986921004348,-1.5457916559277192
012450,한화에어로스페이스,2024-06-03,227160,Neutral,42,"[""현재 제공된 정보는 종목명, 현재가, 시장 구분뿐이며 20거래일 방향성을 판단할 수 있는 가격 추세·거래량·실적·밸류에이션 데이터가 없다."", ""상승 또는 하락을 지지하는 정량 지표가 전혀 제시되지 않아 Buy와 Sell 중 어느 쪽도 우세하다고 보기 어렵다."", ""제공 데이터만으로는 방향성 확신이 불가능하므로 적극적 판단으로는 Neutral이 적절하다.""]",0.4740946142107418,10.426824729221721,-2.007780597088615,5.47171410227306
012450,한화에어로스페이스,2024-07-01,248043,Neutral,50,"[""현재가 정보만 제공되어 20거래일 내 상승 또는 하락을 판단할 수 있는 추세·모멘텀·밸류에이션 근거가 부족합니다."", ""거래량, 재무지표, 실적 추정치, 수급, 기술적 지표 등 방향성을 판단할 핵심 데이터가 제시되지 않았습니다."", ""제공된 데이터만으로는 상승과 하락 어느 쪽도 우위라고 볼 수 없어 Neutral이 가장 적절합니다.""]",7.23398389198944,35.53203221602112,4.122716154670769,37.0664496264625
012450,한화에어로스페이스,2024-08-01,309163,Neutral,42,"[""현재가 309,163원만으로는 20거래일 내 상승·하락 방향을 판단할 수 있는 추세, 밸류에이션, 실적, 수급 데이터가 제공되지 않았습니다."", ""종목명과 시장 정보(KOSPI) 외에 거래량, 이동평균, 모멘텀, 변동성 등 방향성을 뒷받침할 지표가 없어 Buy 또는 Sell 근거가 부족합니다."", ""제공된 데이터만 근거로 해야 하므로, 상승과 하락 어느 쪽도 우위라고 보기 어려워 Neutral이 가장 적절합니다.""]",5.017459713579173,0.3461371232913938,8.296748553310291,0.16640399522500293
012450,한화에어로스페이스,2024-09-02,295411,Neutral,41,"[""제공된 정보가 종목명, 현재가, 시장 구분뿐이라 20거래일 방향성을 판단할 수 있는 가격·거래량·실적·수급 데이터가 없다."", ""상승 또는 하락을 지지하는 정량적 근거가 전혀 제시되지 않아 Buy와 Sell 중 어느 쪽도 우위라고 보기 어렵다."", ""브랜드 이미지나 과거 명성은 배제해야 하므로, 현재 제공된 데이터만으로는 방향성 확신이 불가능하다.""]",0.0,21.500214954757947,5.299047147258729,24.137354069757027
012450,한화에어로스페이스,2024-10-02,304766,Neutral,50,"[""현재가 304,766원만으로는 향후 20거래일 방향을 판단할 수 있는 추세·밸류에이션·수급 데이터가 제공되지 않았습니다."", ""상승 또는 하락을 지지하는 기술적 지표, 실적 추정치, 거래량 변화, 이벤트 정보가 없어 근거가 균형을 이루기보다 아예 부족합니다."", ""제공된 데이터만을 근거로 해야 하므로 확신 가능한 Buy 또는 Sell 판단이 불가능해 Neutral이 적절합니다.""]",5.629509716012012,8.740800028886255,3.5444495341237863,7.99129911244044
012450,한화에어로스페이스,2024-11-01,372711,Neutral,42,"[""제공된 정보가 종목명, 현재가, 시장 구분뿐이라 20거래일 방향성을 판단할 수 있는 가격·거래량·실적·밸류에이션 데이터가 없다."", ""상승 또는 하락을 지지하는 기술적 지표나 펀더멘털 지표가 전혀 제시되지 않아 Buy와 Sell 중 어느 쪽도 근거가 부족하다."", ""브랜드 이미지·과거 명성은 배제해야 하므로, 현재 제공 데이터만으로는 방향성 확신이 불가능해 Neutral이 적절하다.""]",13.351338039276452,-12.534208480105816,15.564959672590085,-7.3394785295849605
012450,한화에어로스페이스,2024-12-02,316090,Neutral,42,"[""현재 제공된 정보는 종목명, 현재가, 시장 구분뿐이며 20거래일 방향성을 판단할 수 있는 가격 추세·거래량·실적·밸류에이션 데이터가 없다."", ""상승과 하락을 가늠할 수 있는 기술적 지표나 수급 정보가 전혀 없어 Buy 또는 Sell을 정당화할 근거가 부족하다."", ""제공 데이터만으로는 방향성이 불명확하므로, 기준상 소극적 판단이 아닌 Neutral이 적절하다.""]",-14.032377100821428,6.942536046225571,-10.742108711557007,9.269642961948936
012450,한화에어로스페이스,2025-01-02,357940,Neutral,42,"[""제공된 정보가 종목명, 현재가, 시장 구분뿐이라 20거래일 방향성을 판단할 수 있는 가격 추세·거래량·실적·밸류에이션 데이터가 없다."", ""상승과 하락을 가늠할 수 있는 기술적 지표나 수급 지표가 전혀 없어 Buy 또는 Sell 근거를 만들 수 없다."", ""브랜드 이미지나 과거 명성은 배제해야 하므로, 현재 제공 데이터만으로는 방향성이 불명확해 Neutral이 가장 적절하다.""]",4.5581168311998725,16.16016248530703,1.5334477183706183,12.276742881061192
012450,한화에어로스페이스,2025-02-03,386497,Neutral,42,"[""제공된 정보가 종목명과 현재가뿐이라 20거래일 방향을 판단할 수 있는 가격·거래량·실적·수급 데이터가 없다."", ""상승과 하락을 가늠할 수 있는 기술적 지표나 추세 정보가 없어 Buy 또는 Sell 근거가 부족하다."", ""주어진 데이터만으로는 방향성이 불명확하므로 적극적 판단으로는 Neutral이 가장 적절하다.""]",22.509380886475036,70.97196476484079,20.19805271897627,67.89180567970122
012450,한화에어로스페이스,2025-03-04,690278,Neutral,42,"[""현재가 690,278원만으로는 20거래일 내 상승·하락 방향을 판단할 수 있는 추세, 밸류에이션, 실적, 수급 데이터가 제공되지 않았습니다."", ""종목명과 시장 정보 외에 기술적 지표나 거래량, 변동성, 모멘텀 관련 데이터가 없어 Buy 또는 Sell 근거를 만들 수 없습니다."", ""제공된 데이터만을 근거로 해야 하므로 방향성이 불명확한 상황에 해당해 Neutral이 가장 적절합니다.""]",-4.316524686938352,-4.604234551485307,-4.968954391449071,-2.5609451174065083
012450,한화에어로스페이스,2025-04-01,662707,Neutral,50,"[""현재가 662,707원만으로는 20거래일 방향성을 판단할 수 있는 추세·밸류에이션·수급 데이터가 제공되지 않았습니다."", ""상승 또는 하락을 지지하는 기술적 지표, 실적 추정치, 거래량 변화 등 핵심 근거가 없어 Buy와 Sell 중 우위를 둘 수 없습니다."", ""제공된 정보가 종목명, 시장, 현재가에 한정되어 있어 방향성 확신이 부족하므로 Neutral이 가장 적절합니다.""]",4.2231106209600835,20.211071286340104,12.689665017454711,18.185818478920694
012450,한화에어로스페이스,2025-05-02,805489,Neutral,50,"[""현재 제공된 데이터는 종목명, 현재가, 상장 시장뿐이며 20거래일 방향성을 판단할 수 있는 가격 추세·거래량·실적·밸류에이션 정보가 없다."", ""상승과 하락을 가늠할 수 있는 기술적 지표나 수급 데이터가 전혀 없어 Buy 또는 Sell을 우위로 둘 근거가 부족하다."", ""제공된 정보만으로는 방향성이 불명확하므로 적극적 판단으로는 Neutral이 가장 적절하다.""]",-7.865237771398056,3.2647640086354444,-10.459456436406992,-5.991976996881689
012450,한화에어로스페이스,2025-06-02,835000,Neutral,42,"[""현재가 835,000원만 제공되어 추세, 거래량, 변동성, 수급 등 20거래일 방향성을 판단할 핵심 데이터가 부족합니다."", ""상승·하락을 가늠할 재무지표, 실적 전망, 기술적 지표가 없어 Buy 또는 Sell을 강하게 선택할 근거가 없습니다."", ""제공된 정보만으로는 방향성이 불명확하므로 적극적 판단으로는 Neutral이 가장 적절합니다.""]",12.781065088757396,-3.3136094674556213,7.396777291555102,-15.780226089129908
012450,한화에어로스페이스,2025-07-01,839000,Neutral,42,"[""현재가 839,000원만으로는 20거래일 방향성을 판단할 수 있는 추세·모멘텀·밸류에이션 데이터가 제공되지 않았습니다."", ""상승 또는 하락을 지지하는 거래량, 실적, 수급, 기술적 지표가 없어 Buy와 Sell 중 어느 쪽도 우세하다고 보기 어렵습니다."", ""제공된 정보가 종목명, 현재가, 시장 구분에 한정되어 있어 방향성 확신이 불가능하므로 Neutral이 가장 적절합니다.""]",3.785103785103785,19.291819291819294,1.876848336429618,13.457461588229776
012450,한화에어로스페이스,2025-08-01,939000,Neutral,42,"[""제공된 정보가 종목명, 현재가, 시장 구분뿐이라 20거래일 방향성을 판단할 수 있는 가격·거래량·실적·밸류에이션 데이터가 없다."", ""상승과 하락을 가늠할 수 있는 기술적 지표나 수급 지표가 전혀 없어 Buy 또는 Sell 근거를 만들 수 없다."", ""주어진 데이터만으로는 방향성이 불명확하므로 적극적 판단으로는 Neutral이 가장 적절하다.""]",-6.183368869936034,-0.5330490405117271,-8.05835894220988,-1.3145596433232563
012450,한화에어로스페이스,2025-09-01,916000,Neutral,42,"[""제공된 정보가 종목명, 현재가, 시장 구분뿐이라 20거래일 방향성을 판단할 수 있는 가격·거래량·실적·수급 데이터가 없다."", ""상승과 하락을 가를 기술적 지표나 펀더멘털 근거가 전혀 없어 Buy 또는 Sell을 선택할 만한 우위가 확인되지 않는다."", ""주어진 데이터만으로는 방향성이 불명확하므로 적극적 중립 판단이 가장 적절하다.""]",1.2861736334405145,18.64951768488746,-1.4783384790313212,10.69799909456798
012450,한화에어로스페이스,2025-10-01,1099000,Neutral,50,"[""현재가 1,099,000원만 제시되어 있어 추세, 변동성, 거래량, 수급 등 20거래일 방향성을 판단할 핵심 데이터가 부족합니다."", ""기업 실적, 밸류에이션, 기술적 지표, 시장 대비 상대강도 정보가 없어 상승 또는 하락 근거를 데이터로 확인할 수 없습니다."", ""제공된 정보만으로는 Buy와 Sell 중 어느 쪽도 우위라고 보기 어려워 방향성 불명확에 해당하는 Neutral이 적절합니다.""]",-14.676390154968095,-11.577028258887875,-20.2877797318035,-25.023400831939338
012450,한화에어로스페이스,2025-11-03,1042000,Neutral,0,"[""판단에 필요한 재무·실적·수급·기술적 데이터가 제공되지 않아 20거래일 방향성을 근거 있게 추정할 수 없습니다."", ""현재가와 종목명 외에는 상승 또는 하락을 지지하는 정량 정보가 없어 Buy와 Sell 중 어느 쪽도 우위라고 보기 어렵습니다."", ""제공된 데이터만을 근거로 해야 하므로 불확실성이 매우 높아 Neutral이 가장 적절합니다.""]",-6.138613861386139,-18.415841584158414,-5.766198328140484,-15.339228309182314
012450,한화에어로스페이스,2025-12-01,813000,Neutral,50,"[""현재가 813,000원만 제공되어 추세, 거래량, 변동성, 수급 등 20거래일 방향성을 판단할 핵심 데이터가 부족합니다."", ""제공된 정보에는 실적, 밸류에이션, 기술적 지표가 없어 상승 또는 하락 근거를 데이터로 확인할 수 없습니다."", ""브랜드 이미지·과거 명성은 배제해야 하므로, 현재 주어진 데이터만으로는 Buy나 Sell을 정당화하기 어렵습니다.""]",16.50485436893204,14.805825242718445,12.784638995946773,6.92834053084614
259960,크래프톤,2023-01-02,164000,Neutral,42,"[""현재가 164,000원만으로는 향후 20거래일 방향을 판단할 수 있는 추세·모멘텀·밸류에이션 데이터가 제공되지 않았습니다."", ""상승과 하락을 가를 수 있는 거래량, 실적 추정치, 수급, 기술적 지표 등 핵심 근거가 없어 Buy 또는 Sell을 단정하기 어렵습니다."", ""제공된 정보가 종목명, 시장, 현재가에 한정되어 있어 방향성 확신이 부족하므로 Neutral이 가장 적절합니다.""]",3.003003003003003,9.30930930930931,-2.9748757357065054,-1.9676661896360237
259960,크래프톤,2023-02-01,181000,Neutral,50,"[""제공된 데이터가 종목명, 현재가, 상장 시장뿐이라 20거래일 방향성을 판단할 수 있는 가격·실적·수급 정보가 없다."", ""상승 또는 하락을 지지하는 기술적 지표, 거래량, 밸류에이션, 실적 추정치가 제시되지 않아 Buy/Sell 근거가 부족하다."", ""브랜드 이미지와 과거 명성을 배제하고 제공 데이터만 사용해야 하므로, 현재 정보만으로는 방향성이 불명확해 Neutral이 적절하다.""]",-0.5494505494505495,-6.7032967032967035,-1.0614235898575304,-5.212337239896297
259960,크래프톤,2023-03-02,169000,Neutral,50,"[""현재가 169,000원만 제공되어 추세, 변동성, 거래량, 수급 등 20거래일 방향성을 판단할 핵심 데이터가 부족합니다."", ""기업의 브랜드 이미지나 과거 명성은 배제해야 하므로, 제공된 정보만으로는 상승·하락 어느 쪽의 우위도 확인할 수 없습니다."", ""KOSPI 상장 정보 외에 재무, 실적, 기술적 지표가 없어 Buy 또는 Sell을 선택할 근거가 충분하지 않습니다.""]",-4.652532391048291,8.06831566548881,-3.111458326568239,6.226674594302539
259960,크래프톤,2023-04-03,182800,Neutral,42,"[""현재 제공된 정보는 종목명, 현재가, 상장 시장뿐이며 20거래일 방향성을 판단할 수 있는 재무·실적·밸류에이션·수급·기술적 지표가 없다."", ""상승과 하락을 지지하는 정량 데이터가 전혀 없어 Buy 또는 Sell 중 하나를 선택할 근거가 부족하다."", ""제공된 데이터만을 근거로 해야 하므로, 방향성이 불명확한 상황에 해당하는 Neutral이 가장 적절하다.""]",-2.0063357972544877,1.8479408658922916,-4.721503242658857,1.005775343479567
259960,크래프톤,2023-05-02,193600,Neutral,50,"[""현재가 193,600원만으로는 향후 20거래일 방향을 판단할 수 있는 추세·모멘텀·밸류에이션 정보가 제공되지 않았습니다."", ""상장 시장이 KOSPI라는 정보 외에 거래량, 수급, 실적, 기술적 지표가 없어 상승 또는 하락 근거를 우열로 가르기 어렵습니다."", ""제공된 데이터만을 근거로 해야 하므로, 방향성이 불명확한 상황에 해당해 Neutral이 가장 적절합니다.""]",3.0585795749092792,-2.021772939346812,3.4743467452938677,-6.017935088543263
259960,크래프톤,2023-06-01,189400,Neutral,50,"[""현재가 189,400원에 대한 추가 기술적·수급·실적 데이터가 제공되지 않아 향후 20거래일 방향성을 판단할 근거가 부족합니다."", ""종목명과 시장 정보만으로는 상승·하락 우위를 가를 수 있는 정량적 신호가 없으므로 Buy 또는 Sell을 단정하기 어렵습니다."", ""제공된 데이터만을 근거로 해야 하므로, 방향성이 불명확한 상황에 해당해 Neutral이 가장 적절합니다.""]",8.201058201058201,2.91005291005291,7.1250825575486605,2.867382922046649
259960,크래프톤,2023-07-03,194500,Neutral,42,"[""제공된 데이터가 종목명, 현재가, 시장 정보뿐이라 20거래일 방향성을 판단할 수 있는 가격·거래량·실적·수급 근거가 없다."", ""상승과 하락을 가를 수 있는 기술적 지표나 펀더멘털 지표가 전혀 없어 Buy 또는 Sell을 정당화하기 어렵다."", ""주어진 정보만으로는 방향성이 불명확하므로 적극적 선택으로서 Neutral이 가장 적절하다.""]",-0.273224043715847,-2.677595628415301,0.9152185258188466,-5.521837157580739
259960,크래프톤,2023-08-01,178100,Neutral,42,"[""제공된 데이터가 종목명, 현재가, 시장 정보뿐이라 20거래일 방향성을 판단할 수 있는 추세·실적·수급·밸류에이션 근거가 없다."", ""상승과 하락을 가를 기술적 지표나 거래량, 최근 변동성 정보가 없어 Buy 또는 Sell을 지지할 객관적 신호가 없다."", ""브랜드 이미지나 과거 명성은 배제해야 하므로, 현재 제공 정보만으로는 방향성이 불명확해 Neutral이 가장 적절하다.""]",0.8675534991324465,-10.352805089647195,1.3013440642831997,-8.05199521986081
259960,크래프톤,2023-09-01,155500,Neutral,42,"[""현재가 155,500원만으로는 20거래일 내 상승·하락 방향을 판단할 수 있는 추세, 밸류에이션, 실적, 수급 데이터가 제공되지 않았습니다."", ""종목명과 시장 정보 외에 기술적 지표나 거래량, 이동평균, 모멘텀 관련 데이터가 없어 단기 방향성 근거가 부족합니다."", ""제공된 데이터만을 근거로 해야 하므로 상승과 하락 중 어느 쪽도 우위라고 확정하기 어려워 Neutral이 적절합니다.""]",-2.361199744735163,-4.6585832801531595,-1.2906071851019552,2.1441483365692937
259960,크래프톤,2023-10-04,146500,Neutral,42,"[""제공된 정보가 종목명, 현재가, 상장 시장뿐이라 20거래일 방향성을 판단할 수 있는 가격·실적·수급 데이터가 없다."", ""상승 또는 하락을 지지하는 기술적 지표, 거래량, 추세, 밸류에이션 정보가 전혀 없어 Buy와 Sell 중 우위를 둘 근거가 부족하다."", ""브랜드 이미지와 과거 명성은 배제해야 하므로, 현재 제공 데이터만으로는 방향성이 불명확해 Neutral이 가장 적절하다.""]",4.662162162162162,14.797297297297296,2.475858284645097,16.264263514637943
259960,크래프톤,2023-11-01,166000,Neutral,42,"[""현재가 166,000원만으로는 20거래일 내 상승·하락 방향을 판단할 수 있는 추세 정보가 제공되지 않았습니다."", ""재무, 실적, 수급, 밸류에이션, 기술적 지표 등 방향성을 뒷받침할 추가 데이터가 없어 Buy 또는 Sell 근거가 부족합니다."", ""제공된 정보가 종목명·시장·현재가에 한정되어 있어 상승과 하락 가능성을 대등하게 볼 수밖에 없습니다.""]",12.966252220248666,26.1101243339254,9.38299570756472,17.908666448712516
259960,크래프톤,2023-12-01,217500,Neutral,50,"[""제공된 데이터가 종목명, 현재가, 상장 시장뿐이라 20거래일 방향성을 판단할 수 있는 가격·거래량·실적·수급 정보가 없다."", ""상승과 하락을 가를 기술적 지표나 펀더멘털 근거가 전혀 없어 Buy 또는 Sell을 선택할 만한 우위가 없다."", ""주어진 정보만으로는 방향성이 불명확하므로 적극적 중립 판단이 가장 적절하다.""]",-2.293577981651376,-8.027522935779817,-2.7075027117653074,-10.893186269046886
259960,크래프톤,2024-01-02,195800,Neutral,42,"[""현재가 195,800원만으로는 20거래일 방향성을 판단할 수 있는 추세·모멘텀 정보가 제공되지 않았습니다."", ""매출, 이익, 밸류에이션, 수급, 거래량, 기술적 지표 등 상승·하락 판단에 필요한 핵심 데이터가 없어 근거가 부족합니다."", ""제공된 정보가 종목명, 시장, 현재가에 한정되어 있어 상승과 하락 어느 쪽도 우위라고 확신할 수 없습니다.""]",4.209445585215605,10.1129363449692,6.715093168356848,14.340281769947426
259960,크래프톤,2024-02-01,214000,Neutral,42,"[""현재가 214,000원만으로는 20거래일 내 상승·하락 방향을 판단할 수 있는 추세 정보가 제공되지 않았습니다."", ""재무, 실적, 수급, 밸류에이션, 기술적 지표 등 방향성을 뒷받침할 추가 데이터가 없어 Buy 또는 Sell 근거가 부족합니다."", ""제공된 정보가 종목명, 현재가, 시장 구분에 한정되어 있어 방향성 확신이 불가능하므로 Neutral이 적절합니다.""]",3.1390134529147984,-4.484304932735426,1.8263583565782293,-5.48533349149136
259960,크래프톤,2024-03-04,217500,Neutral,42,"[""현재가 217,500원만으로는 20거래일 내 상승·하락 방향을 판단할 수 있는 추세 정보가 제공되지 않았습니다."", ""재무, 실적, 수급, 밸류에이션, 기술적 지표 등 방향성을 뒷받침할 추가 데이터가 없어 Buy 또는 Sell 근거가 부족합니다."", ""제공된 정보가 종목명·시장·현재가에 한정되어 있어 상승과 하락 가능성을 균형 있게 배제할 수 없으므로 Neutral이 적절합니다.""]",7.339449541284404,15.59633027522936,6.116153700716734,11.679971854454854
259960,크래프톤,2024-04-01,250500,Neutral,42,"[""현재가 250,500원만으로는 20거래일 방향성을 판단할 수 있는 추세·모멘텀·밸류에이션 데이터가 제공되지 않았습니다."", ""상장 시장이 KOSPI라는 정보 외에 거래량, 실적, 수급, 기술적 지표가 없어 상승 또는 하락 근거를 우세하게 만들 수 없습니다."", ""제공된 데이터만 근거로 해야 하므로, 방향성이 불명확한 상황에 해당해 Buy나 Sell을 선택할 확증이 부족합니다.""]",-3.968253968253968,-3.571428571428571,-2.224802806679631,-1.0466933580737439
259960,크래프톤,2024-05-02,243000,Neutral,42,"[""제공된 정보가 종목명, 현재가, 상장 시장뿐이라 20거래일 방향성을 판단할 수 있는 가격 추세·실적·수급 데이터가 없다."", ""상승과 하락을 가늠할 기술적 지표나 밸류에이션, 거래량, 모멘텀 정보가 없어 Buy 또는 Sell 근거가 부족하다."", ""주어진 데이터만으로는 방향성이 불명확하므로 적극적 판단으로는 Neutral이 가장 적절하다.""]",3.386454183266932,-0.5976095617529881,1.4967645362107485,-0.05476277306720778
259960,크래프톤,2024-06-03,247500,Neutral,42,"[""제공된 데이터가 종목명, 현재가, 시장 정보뿐이라 20거래일 방향성을 판단할 수 있는 가격·실적·수급·밸류에이션 근거가 없다."", ""상승과 하락을 가늠할 기술적 지표나 최근 추세 정보가 없어 Buy 또는 Sell을 지지할 만한 객관적 신호가 없다."", ""브랜드 이미지나 과거 명성은 배제해야 하므로, 현재 제공 정보만으로는 방향성 확신이 불가능해 Neutral이 적절하다.""]",6.212424849699398,9.218436873747494,3.7305496384000416,4.263326246798833
259960,크래프톤,2024-07-01,273500,Neutral,42,"[""제공된 정보가 종목명, 현재가, 시장 구분뿐이라 20거래일 방향을 판단할 수 있는 가격·실적·수급·밸류에이션 데이터가 없다."", ""상승과 하락을 가를 기술적 지표나 펀더멘털 근거가 전혀 없어 Buy 또는 Sell을 정당화하기 어렵다."", ""주어진 데이터만으로는 방향성이 불명확하므로 적극적 판단으로는 Neutral이 가장 적절하다.""]",6.826568265682657,7.9335793357933575,3.715300528363987,9.467996746234734
259960,크래프톤,2024-08-01,289500,Neutral,42,"[""현재가 289,500원만으로는 20거래일 내 상승·하락 방향을 판단할 수 있는 추세, 밸류에이션, 실적, 수급 데이터가 제공되지 않았습니다."", ""종목 정보가 크래프톤과 현재가, 시장(KOSPI)뿐이라 모멘텀이나 변동성 우위 여부를 확인할 근거가 없습니다."", ""제공된 데이터만 근거로 해야 하므로 상승과 하락 중 어느 쪽도 우세하다고 결론내릴 수 없어 Neutral이 적절합니다.""]",2.4347826086956523,12.347826086956522,5.71407144842677,12.168092958890131
259960,크래프톤,2024-09-02,323000,Neutral,50,"[""현재가 323,000원에 대한 추가 기술적·실적·수급 데이터가 제공되지 않아 향후 20거래일 방향성을 우위 있게 판단할 근거가 부족합니다."", ""종목명과 시장 정보만으로는 상승·하락을 가를 수 있는 정량 신호가 없으므로 Buy 또는 Sell을 선택할 만한 근거가 없습니다."", ""제공된 데이터만을 근거로 해야 하므로, 방향성이 불명확한 상황에 해당하는 Neutral이 가장 적절합니다.""]",1.1041009463722398,2.8391167192429023,6.403148093630969,5.476255834241982
259960,크래프톤,2024-10-02,338000,Neutral,52,"[""제공된 데이터가 종목명, 현재가, 상장 시장뿐이라 20거래일 내 상승·하락을 판단할 수 있는 재무, 수급, 기술적 지표가 없다."", ""현재가 338,000원이라는 가격 정보만으로는 추세 방향이나 과열·저평가 여부를 확인할 수 없다."", ""상장 시장이 KOSPI라는 사실은 시장 구분 정보일 뿐이며, 향후 주가 방향에 대한 직접적인 근거가 되지 않는다.""]",-1.4903129657228018,0.5961251862891207,-3.5753731476110273,-0.1533757301566947
259960,크래프톤,2024-11-01,333500,Neutral,42,"[""제공된 정보가 종목명, 현재가, 시장 구분뿐이라 20거래일 방향성을 판단할 수 있는 가격·실적·수급 데이터가 없다."", ""상승과 하락을 가늠할 기술적 지표, 밸류에이션, 실적 추정치, 거래량 추세가 전혀 제시되지 않았다."", ""근거가 부족한 상황이므로 Buy나 Sell을 단정하기보다 방향성 불명확에 해당하는 Neutral이 적절하다.""]",-5.9259259259259265,-2.9629629629629632,-3.712304292612294,2.2317669875578923
259960,크래프톤,2024-12-02,327500,Neutral,52,"[""제공된 정보가 종목명, 현재가, 상장 시장뿐이라 20거래일 방향을 판단할 수 있는 가격·거래량·실적·수급 데이터가 없다."", ""상승과 하락을 가를 기술적 지표나 펀더멘털 근거가 전혀 없어 Buy 또는 Sell을 단정할 수 없다."", ""주어진 데이터만으로는 방향성이 불명확하므로 적극적 중립 판단이 가장 타당하다.""]",-7.91476407914764,1.97869101978691,-4.62449568988322,4.305797935510275
259960,크래프톤,2025-01-02,316500,Neutral,50,"[""현재가 316,500원만으로는 향후 20거래일 방향을 판단할 수 있는 추세·밸류에이션·실적 데이터가 제공되지 않았습니다."", ""상승 또는 하락을 지지하는 기술적 지표, 수급, 거래량, 실적 모멘텀 정보가 없어 Buy/Sell 근거가 모두 부족합니다."", ""제공된 데이터가 종목명, 현재가, 상장 시장에 한정되어 있어 방향성 확신이 불가능하므로 Neutral이 가장 적절합니다.""]",0.0,13.73134328358209,-3.024669112829254,9.847923679336255
259960,크래프톤,2025-02-03,360000,Neutral,42,"[""제공된 정보가 종목명, 현재가, 상장 시장뿐이라 20거래일 방향성을 판단할 수 있는 가격 추세·실적·수급 데이터가 없다."", ""상승 또는 하락을 지지하는 기술적 지표, 밸류에이션, 거래량, 모멘텀 정보가 전혀 없어 Buy와 Sell 중 우위를 둘 근거가 부족하다."", ""브랜드 이미지나 과거 명성은 배제해야 하므로, 현재 제공 데이터만으로는 방향성이 불명확해 Neutral이 가장 적절하다.""]",3.4482758620689653,-5.103448275862069,1.1369476945701993,-8.183607361001634
259960,크래프톤,2025-03-04,334000,Neutral,42,"[""현재가 334,000원만 제공되어 추세, 거래량, 변동성, 수급 등 20거래일 방향성을 판단할 핵심 데이터가 부족합니다."", ""제공된 정보에는 실적, 밸류에이션, 기술적 지표, 시장 대비 상대강도 같은 상승·하락 근거가 없어 Buy 또는 Sell을 정당화하기 어렵습니다."", ""브랜드 이미지나 과거 명성은 배제해야 하므로, 현재 주어진 데이터만으로는 방향성을 확신할 수 없어 Neutral이 가장 적절합니다.""]",0.436046511627907,0.872093023255814,-0.21638319288281194,2.915382457334613
259960,크래프톤,2025-04-01,340000,Neutral,42,"[""제공된 정보가 종목명, 현재가, 상장 시장뿐이라 20거래일 방향성을 판단할 수 있는 가격 추세·실적·수급 데이터가 없다."", ""상승 또는 하락을 지지하는 기술적 지표, 밸류에이션, 거래량, 모멘텀 정보가 전혀 없어 Buy와 Sell 중 우위를 둘 근거가 부족하다."", ""브랜드 이미지나 과거 명성은 배제해야 하므로, 현재 제공 데이터만으로는 방향성이 불명확해 Neutral이 가장 적절하다.""]",2.161383285302594,7.060518731988473,10.62793768179722,5.035265924569064
259960,크래프톤,2025-05-02,385000,Neutral,42,"[""제공된 정보가 종목명, 현재가, 상장 시장뿐이라 20거래일 방향성을 판단할 수 있는 가격·실적·수급·기술적 데이터가 없다."", ""상승과 하락을 가를 근거가 모두 부재하므로 Buy 또는 Sell을 선택할 만큼의 확신이 없다."", ""브랜드 이미지나 과거 명성은 배제해야 하므로, 현재 주어진 데이터만으로는 중립 판단이 가장 타당하다.""]",-3.24254215304799,-4.150453955901426,-5.836760818056925,-13.40719496141856
259960,크래프톤,2025-06-02,368000,Neutral,50,"[""현재 제공된 정보는 종목명, 현재가, 상장 시장뿐이며 20거래일 방향성을 판단할 수 있는 실적, 수급, 밸류에이션, 기술적 지표가 없다."", ""상승과 하락을 가늠할 수 있는 정량 데이터가 전혀 없어 Buy 또는 Sell을 우세하게 선택할 근거가 부족하다."", ""제공된 데이터만을 근거로 해야 하므로 방향성이 불명확한 상황에 해당해 Neutral이 가장 적절하다.""]",3.9455782312925165,-0.5442176870748299,-1.4387095659097775,-13.010834308749118
259960,크래프톤,2025-07-01,362000,Neutral,42,"[""현재가 362,000원만으로는 20거래일 내 상승·하락 방향을 판단할 수 있는 추세, 밸류에이션, 실적, 수급 데이터가 제공되지 않았습니다."", ""판단 기준상 Buy/Sell은 향후 주가 방향에 대한 근거가 필요하지만, 제공된 정보에는 이를 지지할 기술적·펀더멘털 지표가 없습니다."", ""브랜드 이미지나 과거 명성은 배제해야 하므로 종목명과 시장 정보만으로는 방향성을 확신할 수 없어 Neutral이 적절합니다.""]",0.41841004184100417,-8.92608089260809,-1.4898454068331628,-14.76043859619761
259960,크래프톤,2025-08-01,315500,Neutral,42,"[""제공된 데이터가 종목명과 현재가뿐이라 20거래일 방향성을 판단할 수 있는 추세·실적·밸류에이션·수급 정보가 없다."", ""상승과 하락을 가를 기술적 지표나 최근 가격 흐름이 없어 Buy 또는 Sell 근거를 만들 수 없다."", ""주어진 정보만으로는 방향성이 불명확하므로 적극적 판단은 Neutral이 적절하다.""]",1.4308426073131957,4.92845786963434,-0.4441474649606503,4.146947266822811
259960,크래프톤,2025-09-01,331000,Neutral,50,"[""현재 제공된 정보는 종목명, 현재가, 상장 시장뿐이며 20거래일 방향성을 판단할 수 있는 재무·실적·수급·기술적 지표가 없다."", ""상승과 하락을 가늠할 수 있는 비교 기준 데이터가 전혀 없어 Buy 또는 Sell을 정당화할 근거가 부족하다."", ""제공된 데이터만을 근거로 할 때 방향성의 우열을 확정할 수 없으므로 Neutral이 가장 적절하다.""]",-2.272727272727273,-11.363636363636363,-5.037239385199109,-19.315154953955844
259960,크래프톤,2025-10-01,298500,Neutral,41,"[""현재가 298,500원만으로는 향후 20거래일 방향을 판단할 수 있는 추세·모멘텀·밸류에이션 정보가 제공되지 않았습니다."", ""상승 또는 하락을 지지하는 재무지표, 실적 추정치, 수급, 기술적 지표가 없어 Buy와 Sell 중 어느 쪽도 우세하다고 보기 어렵습니다."", ""제공된 데이터가 종목명, 현재가, 시장 구분에 한정되어 있어 방향성 확신이 불가능하므로 Neutral이 가장 적절합니다.""]",-3.0100334448160537,-11.872909698996656,-8.621423021651458,-25.31928227204812
259960,크래프톤,2025-11-03,279500,Neutral,42,"[""현재가 279,500원만으로는 향후 20거래일 방향을 판단할 수 있는 추세·모멘텀·밸류에이션 정보가 제공되지 않았습니다."", ""매출, 이익, 가이던스, 수급, 기술적 지표 등 상승 또는 하락 근거가 되는 핵심 데이터가 없어 Buy와 Sell 중 우위를 정하기 어렵습니다."", ""제공된 정보가 종목명, 시장, 현재가에 한정되어 있어 방향성이 불명확하므로 Neutral이 가장 적절합니다.""]",-5.376344086021505,-9.31899641577061,-5.00392855277585,-6.242383140794509
259960,크래프톤,2025-12-01,252000,Neutral,50,"[""제공된 데이터가 종목명, 현재가, 상장 시장뿐이라 20거래일 방향성을 판단할 수 있는 가격·실적·수급 정보가 없다."", ""상승 또는 하락을 지지하는 기술적 지표, 밸류에이션, 실적 추정치, 거래량 데이터가 전혀 없어 Buy/Sell 근거가 부족하다."", ""브랜드 이미지와 과거 명성을 배제해야 하므로, 현재 제공 정보만으로는 방향성이 불명확해 Neutral이 적절하다.""]",-2.9644268774703555,-1.9762845849802373,-6.684642250455623,-9.853769296852542
247540,에코프로비엠,2023-01-02,93400,Neutral,42,"[""제공된 정보가 종목명, 현재가, 시장 구분뿐이라 20거래일 방향성을 판단할 수 있는 가격·거래량·실적·수급 데이터가 없다."", ""상승과 하락을 비교할 수 있는 기술적 지표나 펀더멘털 근거가 전혀 없어 Buy 또는 Sell을 선택할 근거가 부족하다."", ""주어진 데이터만으로는 방향성이 불명확하므로 적극적 판단으로는 Neutral이 가장 적절하다.""]",3.5407725321888415,22.317596566523605,0.4146150390412142,9.032168016260629
247540,에코프로비엠,2023-02-01,109200,Neutral,42,"[""제공된 정보가 종목명, 현재가, 시장 구분뿐이라 20거래일 방향성을 판단할 수 있는 가격·거래량·실적·수급 데이터가 없다."", ""상승과 하락을 가늠할 수 있는 기술적 지표나 펀더멘털 지표가 전혀 없어 Buy 또는 Sell 근거가 부족하다."", ""주어진 데이터만으로는 방향성이 불명확하므로 적극적 판단으로는 Neutral이 가장 적절하다.""]",14.649122807017545,59.73684210526316,12.038675787583049,54.79320997426999
247540,에코프로비엠,2023-03-02,159700,Neutral,42,"[""제공된 정보가 종목명, 현재가, 시장 구분뿐이라 20거래일 방향성을 판단할 수 있는 가격·거래량·실적·수급 데이터가 없다."", ""상승과 하락을 가늠할 기술적 지표나 펀더멘털 지표가 전혀 없어 Buy 또는 Sell을 지지할 근거가 부족하다."", ""주어진 데이터만으로는 방향성이 불명확하므로 적극적 판단으로는 Neutral이 가장 적절하다.""]",6.315211422295441,23.28390993959363,8.037501494826028,17.663411946024176
247540,에코프로비엠,2023-04-03,232000,Neutral,42,"[""제공된 정보가 종목명, 현재가, 시장 구분뿐이라 20거래일 방향을 판단할 수 있는 가격·거래량·실적·수급 데이터가 없다."", ""상승과 하락을 가를 기술적 또는 펀더멘털 근거가 전혀 제시되지 않아 Buy와 Sell 중 어느 쪽도 우위라고 보기 어렵다."", ""브랜드 이미지·과거 명성은 배제해야 하므로, 현재 주어진 데이터만으로는 방향성 확신이 불가능해 Neutral이 적절하다.""]",31.180400890868597,11.1358574610245,26.308612001720448,12.769120019646959
247540,에코프로비엠,2023-05-02,267000,Neutral,42,"[""제공된 정보가 종목명, 현재가, 시장 구분뿐이라 20거래일 방향성을 판단할 수 있는 가격·거래량·실적·수급 데이터가 없다."", ""상승과 하락을 가늠할 수 있는 기술적 지표나 펀더멘털 근거가 전혀 없어 Buy 또는 Sell을 선택할 근거가 부족하다."", ""주어진 데이터만 기준으로는 방향성이 불명확하므로 적극적 판단으로는 Neutral이 가장 적절하다.""]",-11.022044088176353,2.2044088176352705,-8.811365466766928,-0.7463253079369676
247540,에코프로비엠,2023-06-01,249500,Neutral,42,"[""제공된 정보가 종목명, 현재가, 시장 구분뿐이라 20거래일 방향성을 판단할 수 있는 가격·거래량·실적·수급 데이터가 없다."", ""상승과 하락을 가늠할 기술적 지표나 펀더멘털 지표가 전혀 없어 Buy 또는 Sell을 지지할 근거가 부족하다."", ""주어진 데이터만으로는 방향성이 불명확하므로 적극적 판단으로는 Neutral이 가장 적절하다.""]",5.294117647058823,3.3333333333333335,3.2550880868901664,0.887649855232739
247540,에코프로비엠,2023-07-03,263500,Neutral,42,"[""제공된 정보가 종목명, 현재가, 시장 구분뿐이라 20거래일 방향을 판단할 수 있는 가격·실적·수급·기술적 지표가 없다."", ""상승 또는 하락을 지지하는 정량 데이터가 전혀 없어 Buy와 Sell 중 어느 쪽도 우위라고 볼 근거가 부족하다."", ""브랜드 이미지나 과거 명성은 배제해야 하므로, 현재 주어진 데이터만으로는 방향성 확신이 불가능하다.""]",7.468123861566485,48.816029143898,8.734415996397944,43.23513026749351
247540,에코프로비엠,2023-08-01,408500,Neutral,41,"[""현재가 408,500원만으로는 20거래일 내 방향성을 판단할 수 있는 추세·밸류에이션·실적 데이터가 제공되지 않았습니다."", ""상승 또는 하락을 지지하는 기술적 지표, 거래량, 수급, 실적 모멘텀 정보가 없어 근거가 한쪽으로 기울지 않습니다."", ""제공된 데이터가 종목명, 현재가, 시장 구분에 한정되어 있어 Buy 또는 Sell을 선택할 만큼의 확신을 가질 수 없습니다.""]",-9.724047306176084,-14.71747700394218,-9.638310408532753,-16.76636901941879
247540,에코프로비엠,2023-09-01,308500,Neutral,42,"[""현재가 308,500원에 대한 추가 기술적·수급·실적 데이터가 제공되지 않아 향후 20거래일 방향성을 판단할 핵심 근거가 부족합니다."", ""종목명과 시장 정보만으로는 상승 또는 하락 우위를 뒷받침할 수 있는 정량적 신호를 확인할 수 없습니다."", ""제공된 데이터만을 근거로 해야 하므로, 확신 가능한 Buy 또는 Sell 판단보다 방향 불명확에 해당하는 Neutral이 적절합니다.""]",-5.691056910569105,-23.414634146341466,-4.971922048303557,-12.233773360406483
247540,에코프로비엠,2023-10-04,235000,Neutral,42,"[""제공된 정보가 종목명, 현재가, 시장 구분뿐이라 20거래일 방향성을 판단할 수 있는 가격 추세·거래량·실적·밸류에이션 데이터가 없다."", ""상승과 하락을 가늠할 수 있는 기술적 지표나 수급 지표가 전혀 없어 Buy 또는 Sell 근거를 만들 수 없다."", ""브랜드 이미지나 과거 명성은 배제해야 하므로, 현재 제공 데이터만으로는 방향성 확신이 불가능해 Neutral이 적절하다.""]",5.353319057815846,-1.4989293361884368,2.636782641746336,0.8693011699162831
247540,에코프로비엠,2023-11-01,188600,Neutral,42,"[""현재가 188,600원에 대한 추가 기술적·실적·수급 데이터가 제공되지 않아 향후 20거래일 방향성을 판단할 근거가 부족합니다."", ""브랜드 이미지나 과거 명성은 배제해야 하므로, 종목명만으로는 상승 또는 하락 우위를 정할 수 없습니다."", ""제공된 정보가 가격 수준 외에 없어 Buy와 Sell 중 어느 쪽도 우세하다고 보기 어려워 Neutral이 적절합니다.""]",14.516129032258066,26.26728110599078,10.630460588595733,18.653803542717668
247540,에코프로비엠,2023-12-01,280000,Neutral,42,"[""제공된 종목 정보에는 현재가와 시장 구분만 있고, 20거래일 방향성을 판단할 수 있는 실적·수급·기술적 지표가 없어 상승 또는 하락 근거를 확인할 수 없습니다."", ""브랜드 이미지·과거 명성은 판단에서 배제해야 하므로, 에코프로비엠에 대한 정성적 인식만으로는 Buy 또는 Sell을 정당화할 수 없습니다."", ""주어진 데이터만으로는 기대수익과 하락위험 중 어느 쪽이 우세한지 판별할 수 없어 Neutral이 가장 적절합니다.""]",-1.238390092879257,-13.622291021671826,-2.0506818903011683,-18.176194367396736
247540,에코프로비엠,2024-01-02,283500,Neutral,42,"[""제공된 정보가 종목명, 현재가, 시장 구분뿐이라 20거래일 방향성을 판단할 수 있는 가격 추세·거래량·실적·밸류에이션 데이터가 없다."", ""상승과 하락을 가늠할 수 있는 기술적 지표나 수급 지표가 전혀 없어 Buy 또는 Sell 근거가 부족하다."", ""브랜드 이미지나 과거 명성은 배제해야 하므로, 현재 제공 데이터만으로는 방향성 확신이 불가능해 Neutral이 적절하다.""]",8.103130755064457,-21.36279926335175,7.65680974814591,-13.063982186123296
247540,에코프로비엠,2024-02-01,228000,Neutral,42,"[""현재가 228,000원만으로는 향후 20거래일 방향을 판단할 수 있는 추세·밸류에이션·실적 데이터가 제공되지 않았습니다."", ""상승 또는 하락을 지지하는 기술적 지표, 거래량, 수급, 실적 모멘텀 정보가 없어 Buy와 Sell 중 우위를 둘 근거가 부족합니다."", ""제공된 데이터가 종목명, 시장, 현재가에 한정되어 있어 방향성 확신이 낮으므로 Neutral이 가장 적절합니다.""]",4.8034934497816595,8.951965065502183,1.074833828047919,2.091133174293624
247540,에코프로비엠,2024-03-04,270000,Neutral,42,"[""현재가 270,000원만으로는 20거래일 내 상승·하락 방향을 판단할 수 있는 추세, 밸류에이션, 실적, 수급 데이터가 제공되지 않았습니다."", ""종목명과 시장 정보 외에 기술적 지표나 거래량, 변동성, 최근 수익률 같은 방향성 판단 근거가 없어 Buy 또는 Sell을 단정하기 어렵습니다."", ""제공된 데이터만을 근거로 해야 하므로 방향성이 불명확한 상황에 해당해 Neutral이 가장 적절합니다.""]",2.5440313111545985,2.3483365949119372,-0.1499677885372228,-0.5626598615673992
247540,에코프로비엠,2024-04-01,270500,Neutral,42,"[""제공된 데이터가 종목명, 현재가, 시장 정보뿐이라 20거래일 방향을 판단할 수 있는 가격·거래량·실적·수급 근거가 없습니다."", ""상승과 하락을 가늠할 기술적 지표나 펀더멘털 지표가 전혀 없어 Buy 또는 Sell을 선택할 만한 우위가 없습니다."", ""주어진 정보만으로는 방향성이 불명확하므로 적극적 판단으로는 Neutral이 가장 적절합니다.""]",-9.560229445506693,-10.89866156787763,-5.9419744179716165,-8.194503827212076
247540,에코프로비엠,2024-05-02,233000,Neutral,42,"[""제공된 정보가 종목명, 현재가, 시장 구분뿐이라 20거래일 방향성을 판단할 수 있는 가격·거래량·실적·수급 데이터가 없다."", ""상승과 하락을 가늠할 수 있는 기술적 지표나 펀더멘털 지표가 전혀 없어 Buy 또는 Sell 근거가 부족하다."", ""브랜드 이미지나 과거 명성은 배제해야 하므로, 현재 제공 데이터만으로는 방향성 확신이 불가능해 Neutral이 적절하다.""]",-6.8584070796460175,-15.398230088495577,-5.569113072090468,-13.11654938516028
247540,에코프로비엠,2024-06-03,188000,Neutral,42,"[""현재가 188,000원만으로는 향후 20거래일 방향을 판단할 수 있는 추세·밸류에이션·실적 데이터가 제공되지 않았습니다."", ""상승과 하락을 가를 기술적 지표, 거래량, 수급, 실적 모멘텀 정보가 없어 Buy 또는 Sell 근거가 부족합니다."", ""제공된 정보가 종목명, 시장, 현재가에 한정되어 있어 방향성을 확신할 수 없으므로 Neutral이 적절합니다.""]",9.571129707112972,-0.10460251046025104,6.635586341937533,1.0469155071317295
247540,에코프로비엠,2024-07-01,188500,Neutral,42,"[""제공된 정보가 현재가와 종목명뿐이라 20거래일 방향성을 판단할 수 있는 추세·실적·수급·밸류에이션 데이터가 없다."", ""상승과 하락을 가를 기술적 지표나 거래량, 시장 대비 상대강도 정보가 없어 Buy 또는 Sell 근거를 만들 수 없다."", ""브랜드 이미지나 과거 명성은 배제해야 하므로, 현재 제공 데이터만으로는 방향성 확신이 부족해 Neutral이 적절하다.""]",6.191780821917808,2.73972602739726,2.515478572276282,5.888260205802147
247540,에코프로비엠,2024-08-01,185100,Neutral,42,"[""제공된 종목 정보에는 현재가와 시장 구분만 있고, 20거래일 방향을 판단할 수 있는 실적·수급·기술적 지표가 없어 상승 또는 하락 근거를 확인할 수 없습니다."", ""브랜드 이미지·과거 명성은 판단에서 배제해야 하므로, 현재 제공된 정보만으로는 Buy나 Sell을 정당화할 만한 객관적 근거가 부족합니다."", ""방향성이 불명확한 상황이므로 적극적 선택으로서 Neutral이 가장 적절합니다.""]",-3.604088219472835,-2.205486820871436,-1.6921895372714455,-0.9069355011480835
247540,에코프로비엠,2024-09-02,181800,Neutral,42,"[""제공된 정보가 현재가와 종목명뿐이라 20거래일 방향성을 판단할 수 있는 추세·실적·밸류에이션·수급 데이터가 없다."", ""상승과 하락을 가를 기술적 지표나 거래량, 변동성 정보가 없어 매수·매도 우위를 근거로 제시할 수 없다."", ""브랜드나 과거 명성은 배제해야 하므로, 현재 제공 데이터만으로는 적극적 Buy 또는 Sell 판단이 불가능하다.""]",-14.785100286532952,10.601719197707736,-7.660937050213797,8.251547570736655
247540,에코프로비엠,2024-10-02,190100,Neutral,42,"[""제공된 정보가 종목명, 현재가, 시장 구분뿐이라 20거래일 방향성을 판단할 수 있는 가격·거래량·실적·수급 데이터가 없다."", ""상승과 하락을 가늠할 기술적 지표나 펀더멘털 지표가 전혀 없어 Buy 또는 Sell을 지지할 근거가 부족하다."", ""주어진 데이터만으로는 방향성이 불명확하므로 적극적 선택으로는 Neutral이 가장 적절하다.""]",-4.089422028353326,-0.7633587786259541,-4.255876292443416,1.1742728892977858
247540,에코프로비엠,2024-11-01,169700,Neutral,42,"[""제공된 정보가 종목명, 현재가, 시장 구분뿐이라 20거래일 방향성을 판단할 수 있는 가격 추세·실적·수급 데이터가 없다."", ""상승과 하락을 가늠할 수 있는 기술적 지표나 밸류에이션, 거래량, 이벤트 정보가 없어 Buy 또는 Sell 근거가 부족하다."", ""주어진 데이터만으로는 방향성이 불명확하므로 적극적 판단으로는 Neutral이 가장 적절하다.""]",-16.0989010989011,-24.45054945054945,-12.751776125423483,-14.0749924804667
247540,에코프로비엠,2024-12-02,137500,Neutral,46,"[""제공된 정보가 종목명, 현재가, 시장 구분뿐이라 20거래일 방향성을 판단할 수 있는 가격 추세·거래량·실적·밸류에이션 데이터가 없다."", ""상승과 하락을 가늠할 수 있는 기술적 지표나 수급 정보가 전혀 없어 Buy 또는 Sell을 정당화할 근거가 부족하다."", ""주어진 데이터만으로는 방향성이 불명확하므로 적극적 판단으로는 Neutral이 가장 적절하다.""]",-5.072463768115942,-18.115942028985508,-0.8440329632520278,-20.281547124526913
247540,에코프로비엠,2025-01-02,105500,Neutral,42,"[""제공된 정보가 종목명, 현재가, 시장 구분뿐이라 20거래일 방향성을 판단할 수 있는 가격·거래량·실적·수급 데이터가 없다."", ""상승과 하락을 가늠할 수 있는 기술적 지표나 펀더멘털 지표가 전혀 없어 Buy 또는 Sell 근거가 부족하다."", ""주어진 데이터만으로는 방향성이 불명확하므로 적극적 선택으로서 Neutral이 가장 적절하다.""]",6.371681415929204,8.584070796460178,4.652966838735824,3.6872220093370682
247540,에코프로비엠,2025-02-03,119000,Neutral,42,"[""제공된 정보가 종목명, 현재가, 시장 구분뿐이라 20거래일 방향성을 판단할 수 있는 가격·거래량·실적·수급 데이터가 없다."", ""상승과 하락을 가를 기술적 지표나 펀더멘털 근거가 전혀 없어 Buy 또는 Sell을 선택할 만한 객관적 근거가 부족하다."", ""주어진 데이터만으로는 향후 20거래일 내 주가의 방향성을 확신할 수 없으므로 Neutral이 가장 적절하다.""]",0.3325020781379884,-6.317539484621778,-3.7887891764458645,-10.072123327270974
247540,에코프로비엠,2025-03-04,111900,Neutral,42,"[""현재가 111,900원만으로는 향후 20거래일 방향을 판단할 수 있는 추세·모멘텀·밸류에이션 데이터가 제공되지 않았습니다."", ""상장 시장이 KOSDAQ이라는 정보 외에 거래량, 수급, 실적, 기술적 지표가 없어 상승 또는 하락 근거를 우열로 가르기 어렵습니다."", ""제공된 데이터만 근거로 할 때 방향성이 불명확하므로 Buy나 Sell을 단정할 수 없습니다.""]",5.944986690328305,-18.98846495119787,8.282492547480729,-10.674655459264002
247540,에코프로비엠,2025-04-01,95700,Neutral,42,"[""제공된 정보가 종목명, 현재가, 시장 구분뿐이라 20거래일 방향성을 판단할 수 있는 가격·거래량·실적·수급 데이터가 없다."", ""상승과 하락을 가늠할 수 있는 기술적 지표나 펀더멘털 근거가 전혀 제시되지 않아 Buy 또는 Sell을 정당화하기 어렵다."", ""주어진 데이터만으로는 방향성이 불명확하므로 적극적 선택은 Neutral이 적절하다.""]",3.723986856516977,11.171960569550931,9.777867268285982,6.442457758716444
247540,에코프로비엠,2025-05-02,104500,Neutral,42,"[""제공된 정보가 종목명, 현재가, 시장 구분뿐이라 20거래일 방향성을 판단할 수 있는 가격 추세·거래량·실적·밸류에이션 데이터가 없다."", ""상승과 하락을 가늠할 수 있는 기술적 지표나 수급 정보가 전혀 없어 Buy 또는 Sell을 지지할 근거가 부족하다."", ""브랜드 이미지·과거 명성은 배제해야 하므로, 현재 제공 데이터만으로는 방향성이 불명확해 Neutral이 가장 적절하다.""]",-1.1928429423459244,-4.3737574552683895,-3.439629788128358,-8.99737915391673
247540,에코프로비엠,2025-06-02,89000,Neutral,42,"[""현재가 89,000원만으로는 향후 20거래일 방향을 판단할 수 있는 추세·밸류에이션·실적 데이터가 제공되지 않았습니다."", ""상장 시장이 KOSDAQ이라는 정보 외에 거래량, 수급, 기술적 지표, 실적 모멘텀 등 상승·하락 근거가 없어 방향성 우위를 확인하기 어렵습니다."", ""제공된 데이터만 근거로 해야 하므로, 상승과 하락 중 어느 쪽도 확신할 수 없어 Neutral이 가장 적절합니다.""]",6.324972737186478,15.812431842966193,1.0944372871124974,10.064707872344634
247540,에코프로비엠,2025-07-01,102000,Neutral,42,"[""제공된 정보가 종목명, 현재가, 시장 구분뿐이라 20거래일 방향성을 판단할 수 있는 가격·거래량·실적·수급 데이터가 없다."", ""상승 또는 하락을 지지하는 기술적 지표나 펀더멘털 지표가 전혀 제시되지 않아 Buy와 Sell 중 우위를 둘 근거가 부족하다."", ""주어진 데이터만으로는 방향성이 불명확하므로 적극적 선택은 Neutral이 가장 타당하다.""]",-2.3255813953488373,10.852713178294573,-3.372668345756045,8.103950121670055
247540,에코프로비엠,2025-08-01,107300,Neutral,42,"[""현재가 107,300원만으로는 향후 20거래일 방향을 판단할 수 있는 추세·모멘텀 정보가 제공되지 않았습니다."", ""매출, 이익, 밸류에이션, 수급, 기술적 지표 등 상승 또는 하락 근거가 되는 핵심 데이터가 없어 우위 판단이 어렵습니다."", ""제공된 정보가 종목명, 현재가, 시장 구분에 한정되어 있어 Buy 또는 Sell을 선택할 만큼의 근거가 부족합니다.""]",24.074074074074073,10.833333333333334,20.529702469860098,9.565573212934378
247540,에코프로비엠,2025-09-01,119900,Neutral,52,"[""제공된 정보가 종목명, 현재가, 시장 구분뿐이라 20거래일 방향을 판단할 수 있는 가격 추세·거래량·실적·밸류에이션 데이터가 없다."", ""상승과 하락을 가를 수 있는 기술적 지표나 수급 정보가 전혀 없어 Buy 또는 Sell을 강하게 선택할 근거가 부족하다."", ""주어진 데이터만으로는 방향성이 불명확하므로 적극적 판단으로는 Neutral이 가장 타당하다.""]",-1.5037593984962405,-5.597326649958228,-5.385371489176347,-11.641407254492234
247540,에코프로비엠,2025-10-01,112600,Neutral,42,"[""제공된 정보가 현재가와 종목명뿐이라 20거래일 방향성을 판단할 수 있는 가격 추세, 거래량, 실적, 수급 데이터가 없다."", ""상승과 하락을 가늠할 수 있는 기술적 지표나 이벤트 정보가 없어 Buy 또는 Sell을 선택할 근거가 부족하다."", ""브랜드 이미지나 과거 명성은 배제해야 하므로, 현재 제공 데이터만으로는 방향성이 불명확해 Neutral이 적절하다.""]",22.957867583834908,35.85554600171969,21.651458453018407,30.714193938506348
247540,에코프로비엠,2025-11-03,164900,Neutral,50,"[""현재가 164,900원만으로는 향후 20거래일 방향을 판단할 수 있는 추세·모멘텀·밸류에이션 정보가 제공되지 않았습니다."", ""상승 또는 하락을 지지하는 거래량, 실적, 수급, 기술적 지표 등 핵심 데이터가 없어 Buy와 Sell 중 우위를 정하기 어렵습니다."", ""제공된 정보가 종목명, 현재가, 시장 구분에 한정되어 있어 방향성 확신이 불가능하므로 Neutral이 가장 적절합니다.""]",-5.067985166872682,-1.6069221260815822,-0.5027607369861036,-1.806583241809472
247540,에코프로비엠,2025-12-01,158900,Neutral,42,"[""현재가 158,900원만으로는 향후 20거래일 방향을 판단할 수 있는 추세·밸류에이션·실적 데이터가 제공되지 않았습니다."", ""상장 시장이 KOSDAQ이라는 정보 외에 거래량, 수급, 기술적 지표, 실적 모멘텀 등 상승·하락 근거가 없어 방향성 우위를 확인하기 어렵습니다."", ""제공된 데이터만 근거로 해야 하므로, 상승과 하락 중 어느 쪽도 확신할 수 없어 Neutral이 가장 적절합니다.""]",14.384422110552764,-10.992462311557789,14.068832183580051,-12.839686628138656
196170,알테오젠,2023-01-02,39600,Neutral,42,"[""제공된 데이터가 종목명, 현재가, 상장 시장뿐이라 20거래일 방향성을 판단할 수 있는 가격·거래량·실적·수급 정보가 없다."", ""상승과 하락을 가늠할 기술적 지표나 펀더멘털 지표가 전혀 없어 Buy 또는 Sell 근거를 만들 수 없다."", ""주어진 정보만으로는 방향성이 불명확하므로 적극적 판단으로는 Neutral이 가장 적절하다.""]",-4.40771349862259,14.049586776859504,-7.5338709917702165,0.7641582265965283
196170,알테오젠,2023-02-01,38050,Neutral,42,"[""제공된 정보가 현재가와 종목명뿐이라 20거래일 방향성을 판단할 수 있는 가격·거래량·실적·수급 데이터가 없다."", ""상승과 하락을 가를 기술적 지표나 펀더멘털 근거가 전혀 없어 Buy 또는 Sell을 정당화하기 어렵다."", ""주어진 데이터만으로는 방향성이 불명확하므로 적극적 판단으로는 Neutral이 가장 적절하다.""]",1.6908212560386473,-10.869565217391305,-0.9196257633958478,-15.81319734838447
196170,알테오젠,2023-03-02,36400,Neutral,41,"[""제공된 정보가 종목명과 현재가뿐이라 20거래일 방향성을 판단할 수 있는 가격 추세, 거래량, 실적, 수급 데이터가 없다."", ""상승과 하락을 가늠할 수 있는 기술적 지표나 이벤트 정보가 없어 Buy 또는 Sell을 지지할 근거가 부족하다."", ""주어진 데이터만으로는 방향성이 불명확하므로 적극적 판단으로는 Neutral이 가장 적절하다.""]",-3.7940379403794036,7.452574525745257,-2.0717478678488166,1.832076532175802
196170,알테오젠,2023-04-03,39150,Neutral,42,"[""제공된 데이터가 종목명, 현재가, 상장 시장뿐이라 20거래일 방향성을 판단할 수 있는 가격·거래량·실적·수급 정보가 없다."", ""상승과 하락을 가늠할 수 있는 기술적 지표나 펀더멘털 지표가 전혀 없어 Buy 또는 Sell 근거가 부족하다."", ""주어진 정보만으로는 방향성이 불명확하므로 적극적 판단은 Neutral이 가장 적절하다.""]",10.652173913043478,-8.478260869565217,5.780385023895329,-6.844998310942757
196170,알테오젠,2023-05-02,43550,Neutral,50,"[""현재가 43,550원만으로는 20거래일 내 방향성을 판단할 수 있는 추세·모멘텀·밸류에이션 정보가 제공되지 않았습니다."", ""상승 또는 하락을 지지하는 거래량, 실적, 수급, 기술적 지표가 제시되지 않아 Buy와 Sell 중 우위를 둘 근거가 부족합니다."", ""제공된 데이터가 종목명, 현재가, 시장 구분에 한정되어 있어 방향성 확신이 불가능하므로 Neutral이 가장 적절합니다.""]",5.225653206650831,23.040380047505938,7.436331828060256,20.0896459219337
196170,알테오젠,2023-06-01,52800,Neutral,42,"[""제공된 정보가 현재가와 종목명뿐이라 20거래일 방향성을 판단할 수 있는 가격·거래량·실적·수급 데이터가 없다."", ""상승과 하락을 가를 기술적 지표나 펀더멘털 근거가 전혀 없어 Buy 또는 Sell을 정당화하기 어렵다."", ""주어진 데이터만으로는 기대수익과 위험의 우열을 확정할 수 없어 Neutral이 가장 적절하다.""]",-11.96911196911197,-16.89189189189189,-14.008141529280627,-19.337575369992486
196170,알테오젠,2023-07-03,43050,Neutral,42,"[""제공된 정보가 종목명, 현재가, 시장 구분뿐이라 20거래일 방향성을 판단할 수 있는 가격·거래량·실적·수급 데이터가 없다."", ""상승과 하락을 가를 기술적 지표나 펀더멘털 근거가 전혀 없어 Buy 또는 Sell을 정당화하기 어렵다."", ""주어진 데이터만으로는 방향성이 불명확하므로 적극적 판단으로는 Neutral이 가장 적절하다.""]",-5.4958183990442055,5.256869772998805,-4.229526264212747,-0.32402910340568436
196170,알테오젠,2023-08-01,44050,Neutral,41,"[""제공된 데이터가 종목명, 현재가, 상장 시장뿐이라 20거래일 방향성을 판단할 수 있는 가격·거래량·실적·수급 정보가 없다."", ""상승과 하락을 가를 기술적 지표나 펀더멘털 근거가 전혀 없어 Buy 또는 Sell을 정당화하기 어렵다."", ""주어진 정보만으로는 방향성이 불명확하므로 적극적 판단으로는 Neutral이 가장 적절하다.""]",12.574139976275209,7.354685646500593,12.65987687391854,5.305793631023986
196170,알테오젠,2023-09-01,43750,Neutral,50,"[""현재가 43,750원만 제공되어 추세, 변동성, 거래량, 수급 등 20거래일 방향성을 판단할 핵심 데이터가 없다."", ""상승·하락을 지지하는 기술적 지표나 재무/실적 데이터가 없어 Buy 또는 Sell을 선택할 근거가 부족하다."", ""제공된 정보만으로는 향후 20거래일 내 주가 방향을 확신할 수 없어 Neutral이 가장 적절하다.""]",20.557491289198605,58.6527293844367,21.276626151464153,69.83359017037168
196170,알테오젠,2023-10-04,65300,Neutral,42,"[""제공된 정보가 종목명과 현재가뿐이라 20거래일 방향성을 판단할 수 있는 가격 추세, 거래량, 변동성, 수급 데이터가 없다."", ""상장 시장이 KOSDAQ이라는 사실만으로는 향후 20거래일 상승 또는 하락을 우위 있게 결론내릴 근거가 부족하다."", ""브랜드 이미지·과거 명성은 배제해야 하므로, 현재 제공 데이터만으로는 Buy와 Sell 중 어느 쪽도 우세하다고 보기 어렵다.""]",-4.798761609907121,6.5015479876160995,-7.515298025976632,8.869778493720819
196170,알테오젠,2023-11-01,62800,Neutral,41,"[""제공된 데이터가 종목명과 현재가뿐이라 20거래일 방향성을 판단할 수 있는 가격 추세, 거래량, 실적, 수급 정보가 없다."", ""상승·하락을 지지하는 기술적 지표나 펀더멘털 지표가 전혀 제시되지 않아 Buy 또는 Sell 근거가 부족하다."", ""주어진 정보만으로는 방향성이 불명확하므로 적극적 판단으로는 Neutral이 가장 적절하다.""]",-8.797653958944283,17.302052785923756,-12.683322402606615,9.688575222650645
196170,알테오젠,2023-12-01,82600,Neutral,42,"[""현재가 82,600원에 대한 추가 기술적·수급·실적 데이터가 제공되지 않아 향후 20거래일 방향성을 판단할 근거가 부족합니다."", ""종목명과 시장 정보만으로는 상승 또는 하락을 지지하는 객관적 신호를 도출할 수 없으며, 브랜드·과거 명성은 판단에서 배제해야 합니다."", ""제공된 데이터가 가격 수준 외에 없어 Buy와 Sell 중 어느 쪽도 우위라고 보기 어려워 Neutral이 가장 적절합니다.""]",-7.388535031847134,12.738853503184714,-8.200826829269046,8.184950157459806
196170,알테오젠,2024-01-02,91500,Neutral,50,"[""현재가 91,500원만으로는 향후 20거래일 방향성을 판단할 수 있는 추세·밸류에이션·수급 데이터가 제공되지 않았습니다."", ""상승과 하락을 가를 기술적 지표, 실적 추정치, 거래량 변화 등 핵심 근거가 없어 Buy 또는 Sell을 단정하기 어렵습니다."", ""제공된 정보가 종목명, 시장, 현재가에 한정되어 있어 방향성 판단의 근거가 균형이 아니라 사실상 부족한 상태이므로 Neutral이 적절합니다.""]",7.513812154696133,-14.585635359116022,7.067491147777585,-6.286818281887568
196170,알테오젠,2024-02-01,71400,Neutral,50,"[""제공된 정보가 종목명, 현재가, 시장 구분뿐이라 20거래일 방향성을 판단할 수 있는 가격·거래량·실적·수급 데이터가 없다."", ""상승 또는 하락을 지지하는 정량적 근거가 전혀 제시되지 않아 Buy와 Sell 중 어느 쪽도 우위라고 보기 어렵다."", ""브랜드 이미지나 과거 명성은 배제해야 하므로, 현재 제공된 데이터만으로는 방향성 확신이 불가능해 Neutral이 적절하다.""]",13.350785340314136,154.18848167539267,9.622125718580396,147.3276497841841
196170,알테오젠,2024-03-04,167200,Neutral,0,"[""종목명과 현재가, 상장 시장 정보만 제공되어 20거래일 방향성을 판단할 수 있는 가격 추세·거래량·실적·밸류에이션 데이터가 없습니다."", ""상승 또는 하락을 지지하는 정량 지표가 전혀 없어 Buy와 Sell 중 어느 쪽도 근거를 확보할 수 없습니다."", ""제공된 데이터만을 근거로 판단해야 하므로 방향성 확신이 불가능해 Neutral이 적절합니다.""]",0.676378772112383,-11.550468262226847,-2.017620327579438,-14.461464718706184
196170,알테오젠,2024-04-01,186300,Neutral,50,"[""현재가 186,300원만으로는 향후 20거래일 방향을 판단할 수 있는 추세·모멘텀·밸류에이션 정보가 제공되지 않았습니다."", ""거래량, 수급, 실적, 기술적 지표 등 상승 또는 하락을 지지하는 추가 데이터가 없어 Buy와 Sell 중 우위를 정하기 어렵습니다."", ""제공된 정보가 종목명과 현재가뿐이므로 방향성이 불명확한 상황에 해당해 Neutral이 가장 적절합니다.""]",1.8823529411764703,6.352941176470588,5.500607968711547,9.057098917136141
196170,알테오젠,2024-05-02,180800,Neutral,42,"[""제공된 정보가 종목명, 현재가, 시장 구분뿐이라 20거래일 방향성을 판단할 수 있는 가격·거래량·실적·수급 데이터가 없다."", ""상승과 하락을 가를 수 있는 기술적 지표나 펀더멘털 근거가 전혀 제시되지 않아 Buy 또는 Sell을 정당화하기 어렵다."", ""주어진 데이터만을 근거로 하면 방향성 확신이 불가능하므로 적극적 중립 판단이 가장 타당하다.""]",-7.223476297968396,31.772009029345373,-5.9341822904128465,34.05368973268067
196170,알테오젠,2024-06-03,199000,Neutral,42,"[""현재가 199,000원만으로는 20거래일 내 상승·하락 방향을 판단할 수 있는 추세, 거래량, 변동성, 수급 데이터가 제공되지 않았습니다."", ""종목명과 시장 정보(KOSDAQ) 외에 실적, 밸류에이션, 기술적 지표 등 방향성을 지지할 추가 근거가 없어 Buy 또는 Sell을 단정하기 어렵습니다."", ""제공된 데이터만을 근거로 해야 하므로 상승과 하락 근거가 모두 부족해 방향성 확신이 낮아 Neutral이 적절합니다.""]",18.201284796573873,10.706638115631693,15.265741431398435,11.858156133223673
196170,알테오젠,2024-07-01,277500,Neutral,42,"[""현재가 277,500원만으로는 20거래일 내 상승·하락 방향을 판단할 수 있는 추세, 밸류에이션, 실적, 수급 데이터가 제공되지 않았습니다."", ""종목명과 시장 정보(KOSDAQ) 외에 거래량, 이동평균, 모멘텀, 재무지표가 없어 Buy 또는 Sell을 지지할 근거가 부족합니다."", ""제공된 데이터만을 근거로 해야 하므로 방향성이 불명확한 상황에 해당해 Neutral이 가장 적절합니다.""]",0.0,22.095238095238095,-3.6763022496415263,25.243772273642982
196170,알테오젠,2024-08-01,319000,Neutral,41,"[""제공된 정보가 종목명, 현재가, 시장 구분뿐이라 20거래일 방향성을 판단할 수 있는 가격·거래량·실적·수급 데이터가 없다."", ""상승과 하락을 가를 기술적 지표나 펀더멘털 근거가 전혀 없어 Buy 또는 Sell을 선택할 만한 객관적 근거가 부족하다."", ""주어진 데이터만으로는 향후 20거래일 내 주가의 우위 방향을 확신할 수 없으므로 Neutral이 가장 적절하다.""]",2.3728813559322033,9.152542372881356,4.284780038133593,10.45109369260471
196170,알테오젠,2024-09-02,322000,Neutral,42,"[""제공된 종목 정보에는 현재가와 시장 구분만 있고, 20거래일 방향을 판단할 수 있는 실적·수급·기술적 지표가 없어 상승 또는 하락 근거를 확인할 수 없습니다."", ""브랜드 이미지·과거 명성은 판단에서 배제해야 하므로, 알테오젠에 대한 정성적 인식만으로 Buy 또는 Sell을 선택할 근거가 없습니다."", ""주어진 데이터만으로는 향후 20거래일 내 주가의 우위 방향을 확신할 수 없어 Neutral이 가장 적절합니다.""]",-6.29800307219662,13.36405529953917,0.8261601641225349,11.01388367256809
196170,알테오젠,2024-10-02,336000,Neutral,0,"[""종목 정보로는 현재가와 시장 구분만 제공되어 있어 20거래일 방향성을 판단할 수 있는 추세·실적·수급·밸류에이션 데이터가 없습니다."", ""상승 또는 하락을 지지하는 정량적 근거가 전혀 제시되지 않아 Buy와 Sell 중 어느 쪽도 우위라고 볼 수 없습니다."", ""제공된 데이터만을 근거로 해야 하므로, 방향성 확신이 불가능한 상황에 해당해 Neutral이 적절합니다.""]",6.320224719101124,9.410112359550562,6.153770455011034,11.347744027474302
196170,알테오젠,2024-11-01,356500,Neutral,50,"[""현재가 356,500원에 대한 추가적인 추세·거래량·수급·실적 데이터가 제공되지 않아 20거래일 방향성을 판단할 근거가 부족합니다."", ""제공된 정보는 종목명, 현재가, 시장 구분뿐이어서 상승 또는 하락을 지지하는 정량적 신호를 확인할 수 없습니다."", ""브랜드 이미지나 과거 명성은 배제해야 하므로, 현재 제공 데이터만으로는 Buy와 Sell 중 어느 쪽도 우위라고 보기 어렵습니다.""]",14.377406931964057,-22.464698331193837,17.724531905441673,-12.089141361111087
196170,알테오젠,2024-12-02,302000,Neutral,42,"[""현재가 302,000원에 대한 추가 기술적·수급·실적 데이터가 제공되지 않아 향후 20거래일 방향성을 판단할 근거가 부족합니다."", ""종목명과 시장 정보만으로는 상승 또는 하락 우위를 가를 수 있는 정량적 신호가 없으므로 Buy/Sell 중 하나를 선택하기 어렵습니다."", ""제공된 데이터만을 근거로 해야 하므로, 확신 수준이 50 미만인 상황에 해당해 Neutral이 가장 적절합니다.""]",-2.1538461538461537,-2.0,2.074584651017761,-4.165605095541407
196170,알테오젠,2025-01-02,300000,Neutral,0,"[""종목명과 현재가, 상장 시장 정보만 제공되어 20거래일 방향성을 판단할 수 있는 가격·거래량·실적·수급 데이터가 없습니다."", ""상승 또는 하락을 지지하는 정량적 근거가 전혀 없어 Buy와 Sell 중 어느 쪽도 선택할 수 없습니다."", ""제공된 데이터만을 근거로 해야 하므로 방향성 확신이 불가능해 Neutral이 적절합니다.""]",-2.8257456828885403,23.076923076923077,-4.5444602600819195,18.18007428979997
196170,알테오젠,2025-02-03,352500,Neutral,42,"[""제공된 데이터가 종목명, 현재가, 상장 시장뿐이라 20거래일 방향성을 판단할 수 있는 가격 추세·거래량·실적·수급 정보가 없다."", ""상승과 하락을 가를 핵심 지표가 전혀 없어 Buy 또는 Sell을 선택할 근거가 부족하다."", ""주어진 정보만으로는 향후 20거래일 내 주가의 방향성을 확신할 수 없으므로 Neutral이 가장 적절하다.""]",1.06951871657754,10.695187165775401,-3.051772538006313,6.940603323126205
196170,알테오젠,2025-03-04,400000,Neutral,0,"[""판단에 필요한 가격·거래량·재무·수급 등 구체적 데이터가 제공되지 않아 20거래일 방향성을 근거 있게 추정할 수 없습니다."", ""현재가 400,000원과 상장 시장 정보만으로는 상승·하락 우위를 가늠할 수 있는 정량 신호가 없습니다."", ""제공된 데이터만을 근거로 판단해야 하므로, 확신 가능한 매수·매도 근거가 없어 Neutral이 적절합니다.""]",-12.80193236714976,-12.439613526570048,-10.464426509997336,-4.125804034636181
196170,알테오젠,2025-04-01,371500,Neutral,0,"[""종목명과 현재가, 상장 시장 정보만 제공되어 20거래일 방향성을 판단할 수 있는 가격·거래량·실적·수급 데이터가 없습니다."", ""상승 또는 하락을 지지하는 정량적 근거가 전혀 제시되지 않아 Buy와 Sell 중 어느 쪽도 우위라고 볼 수 없습니다."", ""제공된 데이터만을 근거로 해야 하므로, 방향성 확신이 불가능한 경우에 해당해 Neutral이 적절합니다.""]",-4.137931034482759,-3.1724137931034484,1.9159493772862461,-7.901916603937935
196170,알테오젠,2025-05-02,356500,Neutral,42,"[""제공된 데이터가 종목명, 현재가, 상장 시장뿐이라 20거래일 방향성을 판단할 수 있는 가격·거래량·실적·수급 정보가 없다."", ""상승과 하락을 가늠할 기술적 지표나 펀더멘털 지표가 전혀 없어 Buy 또는 Sell 근거를 만들 수 없다."", ""주어진 정보만으로는 방향성이 불명확하므로 적극적 판단으로는 Neutral이 가장 적절하다.""]",-6.03085553997195,3.3660589060308554,-8.277642385754383,-1.2575627926174855
196170,알테오젠,2025-06-02,350000,Neutral,42,"[""제공된 정보가 종목명, 현재가, 시장 구분뿐이라 20거래일 방향성을 판단할 수 있는 가격·거래량·실적·수급 데이터가 없다."", ""상승과 하락을 가늠할 수 있는 기술적 지표나 이벤트 정보가 전혀 없어 Buy 또는 Sell 근거를 만들 수 없다."", ""주어진 데이터만으로는 방향성이 불명확하므로 적극적 판단으로는 Neutral이 가장 적절하다.""]",7.742782152230972,4.4619422572178475,2.5122467021569914,-1.2857817134037122
196170,알테오젠,2025-07-01,372500,Neutral,41,"[""현재가 372,500원만으로는 20거래일 내 상승·하락 방향을 판단할 수 있는 추세, 밸류에이션, 실적, 수급 데이터가 제공되지 않았습니다."", ""종목명과 시장 정보 외에 기술적 지표나 거래량, 이동평균, 변동성 같은 방향성 판단 근거가 없어 Buy 또는 Sell을 단정하기 어렵습니다."", ""제공된 데이터가 극히 제한적이어서 상승과 하락 근거가 균형을 이루는 수준이 아니라 아예 방향성을 확정할 수 없는 상태입니다.""]",7.898089171974522,15.031847133757962,6.851002221567315,12.283084077133443
196170,알테오젠,2025-08-01,422000,Neutral,41,"[""현재가 422,000원에 대한 추가 기술적·수급·실적 데이터가 제공되지 않아 향후 20거래일 방향성을 판단할 핵심 근거가 부족합니다."", ""종목명과 시장 정보(KOSDAQ) 외에는 추세, 거래량, 변동성, 밸류에이션, 실적 모멘텀 관련 데이터가 없어 상승·하락 어느 쪽도 우세하다고 보기 어렵습니다."", ""제공된 데이터만으로는 Buy 또는 Sell을 정당화할 만큼의 근거가 없으므로 방향성 불명확에 해당하는 Neutral이 적절합니다.""]",-0.4629629629629629,7.060185185185184,-4.007334567176937,5.792425064786228
196170,알테오젠,2025-09-01,455000,Neutral,0,"[""종목 정보에 현재가와 시장 구분만 있고, 20거래일 방향을 판단할 수 있는 가격 추세·거래량·실적·밸류에이션 데이터가 제공되지 않았습니다."", ""상승과 하락을 비교할 수 있는 정량 지표가 전혀 없어 Buy 또는 Sell을 선택할 근거가 없습니다."", ""제공된 데이터만을 근거로 해야 하므로 방향성을 확신할 수 없는 경우에 해당해 Neutral이 적절합니다.""]",3.027027027027027,-0.9729729729729729,-0.8545850636530794,-7.017053577506979
196170,알테오젠,2025-10-01,458000,Neutral,42,"[""현재가 458,000원만 제시되어 있어 추세, 변동성, 거래량, 수급 등 20거래일 방향성을 판단할 핵심 데이터가 부족합니다."", ""상승·하락을 뒷받침할 기술적 지표나 실적·밸류에이션 정보가 제공되지 않아 Buy 또는 Sell을 단정할 근거가 없습니다."", ""제공된 정보만으로는 방향성이 불명확하므로 적극적 판단으로는 Neutral이 가장 적절합니다.""]",-8.377518557794273,16.01272534464475,-9.683927688610776,10.87137328143141
196170,알테오젠,2025-11-03,523000,Neutral,42,"[""제공된 종목 정보에는 현재가와 시장 구분만 있고, 20거래일 방향을 판단할 수 있는 가격 추세·거래량·실적·수급 데이터가 없다."", ""상승 또는 하락을 지지하는 정량적 근거가 전혀 제시되지 않아 Buy와 Sell 중 어느 쪽도 우위라고 보기 어렵다."", ""브랜드 이미지나 과거 명성은 배제해야 하므로, 현재 제공된 정보만으로는 방향성을 확신할 수 없어 Neutral이 적절하다.""]",-7.103825136612022,-5.100182149362477,-2.5386007067254432,-5.2998432650903675
196170,알테오젠,2025-12-01,542000,Neutral,41,"[""현재가 542,000원에 대한 추가 기술적·수급·실적 데이터가 제공되지 않아 향후 20거래일 방향성을 판단할 근거가 부족합니다."", ""종목명과 시장 정보만으로는 상승 또는 하락을 지지하는 정량적 신호를 확인할 수 없습니다."", ""제공된 데이터만을 근거로 해야 하므로, 확신 가능한 매수·매도 근거가 없어 Neutral이 가장 적절합니다.""]",-12.284069097888676,-12.284069097888676,-12.599659024861388,-14.131293414469543
034020,두산에너빌리티,2023-01-02,15250,Neutral,42,"[""제공된 정보가 종목명과 현재가뿐이라 20거래일 방향성을 판단할 수 있는 가격 추세, 거래량, 실적, 밸류에이션 데이터가 없다."", ""상승과 하락을 가를 수 있는 기술적·기본적 근거가 모두 부재하여 Buy 또는 Sell을 선택할 만한 우위가 없다."", ""주어진 데이터만으로는 방향성이 불명확하므로 적극적 판단으로는 Neutral이 가장 적절하다.""]",8.609271523178808,9.933774834437086,2.6313927844693,-1.343200664508247
034020,두산에너빌리티,2023-02-01,16530,Neutral,46,"[""제공된 종목 정보에는 현재가와 시장 구분만 있고, 20거래일 방향성을 판단할 수 있는 재무·실적·수급·기술적 지표가 전혀 없어 상승/하락 근거를 만들기 어렵습니다."", ""브랜드 이미지나 과거 명성은 판단에서 배제해야 하므로, 현재 제공 데이터만으로는 두산에너빌리티의 단기 주가 우위 방향을 확정할 수 없습니다."", ""상승과 하락 중 어느 쪽도 데이터상 우세하지 않아, 방향성이 불명확한 상황에 해당하므로 Neutral이 가장 적절합니다.""]",-4.337349397590361,0.7228915662650602,-4.849322437997342,2.213851029665466
034020,두산에너빌리티,2023-03-02,16580,Neutral,42,"[""제공된 정보가 종목명, 현재가, 시장 구분뿐이라 20거래일 방향성을 판단할 수 있는 가격 추세·거래량·실적·밸류에이션 데이터가 없다."", ""상승과 하락을 가늠할 수 있는 기술적 지표나 수급 지표가 전혀 없어 Buy 또는 Sell을 정당화할 근거가 부족하다."", ""브랜드 이미지나 과거 명성은 배제해야 하므로, 현재 주어진 데이터만으로는 방향성이 불명확해 Neutral이 가장 적절하다.""]",6.997607655502393,1.674641148325359,8.538681719982446,-0.16699992286091292
034020,두산에너빌리티,2023-04-03,17060,Neutral,42,"[""제공된 정보가 현재가와 종목명뿐이라 20거래일 방향성을 판단할 수 있는 추세·실적·밸류에이션·수급 데이터가 없다."", ""상승과 하락을 가늠할 기술적 지표나 거래량, 변동성, 시장 대비 상대강도 정보가 없어 Buy 또는 Sell 근거가 부족하다."", ""브랜드 이미지나 과거 명성을 배제하고 제공 데이터만 사용해야 하므로, 현재 자료만으로는 방향성 확신이 불가능해 Neutral이 적절하다.""]",-1.7939814814814814,-9.895833333333332,-4.50914892688585,-10.737998855746056
034020,두산에너빌리티,2023-05-02,16130,Neutral,42,"[""제공된 종목 정보에는 현재가와 시장 구분만 있고, 20거래일 방향성을 판단할 수 있는 가격 추세·거래량·실적·밸류에이션 데이터가 없다."", ""상승과 하락을 가늠할 수 있는 기술적 지표나 수급 정보가 전혀 없어 Buy 또는 Sell을 지지할 근거가 부족하다."", ""브랜드 이미지·과거 명성은 배제해야 하므로, 현재 제공 데이터만으로는 방향성을 확신할 수 없어 Neutral이 적절하다.""]",-1.5414258188824663,5.5876685934489405,-1.1256586484978781,1.5915064442524893
034020,두산에너빌리티,2023-06-01,16200,Neutral,52,"[""제공된 정보가 종목명, 현재가, 시장 구분뿐이라 20거래일 방향성을 판단할 수 있는 가격·거래량·실적·수급 데이터가 없다."", ""상승과 하락을 가늠할 수 있는 기술적 지표나 펀더멘털 근거가 전혀 없어 Buy 또는 Sell을 단정하기 어렵다."", ""주어진 데이터만으로는 방향성 우위가 확인되지 않으므로 적극적 판단으로는 Neutral이 가장 적절하다.""]",12.165450121654501,10.097323600973237,11.089474478144961,10.054653612966975
034020,두산에너빌리티,2023-07-03,18100,Neutral,42,"[""제공된 종목 정보에는 현재가와 시장 구분만 있고, 20거래일 방향성을 판단할 수 있는 실적·수급·기술적 지표가 없어 상승 또는 하락 근거를 확정하기 어렵습니다."", ""브랜드 이미지·과거 명성은 판단에서 배제해야 하므로, 두산에너빌리티에 대한 정성적 선호만으로 Buy나 Sell을 선택할 근거가 없습니다."", ""주어진 데이터만으로는 기대수익과 하방위험의 우열을 가릴 수 없어 방향성 불명확에 해당하는 Neutral이 가장 적절합니다.""]",5.189732142857143,-2.34375,6.378174712391837,-5.187991529165438
034020,두산에너빌리티,2023-08-01,17500,Neutral,42,"[""제공된 정보가 종목명, 현재가, 시장 구분뿐이라 20거래일 방향을 판단할 수 있는 가격·거래량·실적·수급 데이터가 없다."", ""상승과 하락을 가를 기술적 지표나 펀더멘털 근거가 전혀 없어 Buy 또는 Sell을 선택할 만한 우위가 확인되지 않는다."", ""주어진 데이터만으로는 방향성이 불명확하므로 적극적 판단으로는 Neutral이 가장 적절하다.""]",-3.900508762012436,2.996042962125495,-3.466718196861683,5.296852831911879
034020,두산에너빌리티,2023-09-01,17470,Neutral,42,"[""제공된 종목 정보에는 현재가와 시장 구분만 있고, 향후 20거래일 방향을 판단할 수 있는 재무·실적·수급·기술적 지표가 없어 상승 또는 하락 근거를 확인할 수 없습니다."", ""브랜드 이미지·인지도·과거 명성은 판단에서 배제해야 하므로, 현재 제공된 정보만으로는 Buy 또는 Sell을 정당화할 추가 근거가 없습니다."", ""방향성이 불명확한 상황이므로 적극적 선택으로서 Neutral이 가장 적절합니다.""]",0.17452006980802792,-10.180337405468295,1.2451126294412358,-3.377605788745842
034020,두산에너빌리티,2023-10-04,15770,Neutral,42,"[""제공된 정보가 종목명과 현재가뿐이라 20거래일 방향성을 판단할 수 있는 가격 추세, 거래량, 실적, 밸류에이션 데이터가 없다."", ""상승과 하락을 가늠할 수 있는 기술적·기본적 근거가 모두 부재해 Buy 또는 Sell을 우선 선택할 만한 근거가 없다."", ""주어진 데이터만으로는 방향성이 불명확하므로 적극적 판단으로는 Neutral이 가장 적절하다.""]",-6.439150032195751,-9.980682549903412,-8.625453909712816,-8.513716332562765
034020,두산에너빌리티,2023-11-01,13460,Neutral,41,"[""제공된 정보가 종목명과 현재가뿐이라 20거래일 방향성을 판단할 수 있는 가격 추세, 거래량, 실적, 수급 데이터가 없다."", ""상승과 하락을 가늠할 수 있는 기술적 지표나 펀더멘털 근거가 전혀 제시되지 않아 Buy 또는 Sell을 정당화하기 어렵다."", ""주어진 데이터만으로는 방향성이 불명확하므로 적극적 선택으로서 Neutral이 가장 타당하다.""]",1.4378145219266714,13.587347232207044,-2.1454419907572735,5.385889346994162
034020,두산에너빌리티,2023-12-01,15270,Neutral,42,"[""제공된 정보가 종목명, 현재가, 시장 구분뿐이라 20거래일 방향성을 판단할 수 있는 가격 추세·거래량·실적·밸류에이션 데이터가 없다."", ""상승 또는 하락을 지지하는 기술적 지표나 수급 정보가 전혀 없어 Buy와 Sell 중 어느 쪽도 우세하다고 보기 어렵다."", ""브랜드 이미지나 과거 명성은 배제해야 하므로, 현재 주어진 데이터만으로는 방향성 확신이 부족해 Neutral이 적절하다.""]",-0.6406149903907752,-0.25624599615631005,-1.0545397205047062,-3.1219093294233797
034020,두산에너빌리티,2024-01-02,16010,Neutral,42,"[""제공된 정보가 종목명과 현재가뿐이라 20거래일 방향성을 판단할 수 있는 가격·거래량·실적·수급 데이터가 없다."", ""상승과 하락을 가늠할 기술적 지표나 추세 정보가 전혀 없어 Buy 또는 Sell을 지지할 근거가 부족하다."", ""주어진 데이터만으로는 방향성이 불명확하므로 적극적 판단으로는 Neutral이 가장 적절하다.""]",-2.628205128205128,-1.0256410256410255,-0.12255754506388605,3.201704399337201
034020,두산에너빌리티,2024-02-01,15380,Neutral,50,"[""제공된 정보가 현재가와 종목명뿐이라 20거래일 방향성을 판단할 수 있는 가격·거래량·실적·수급 데이터가 없다."", ""상승과 하락을 가를 기술적 지표나 펀더멘털 근거가 전혀 없어 Buy 또는 Sell을 선택할 만한 우위가 없다."", ""주어진 데이터만으로는 방향성이 불명확하므로 적극적 판단으로는 Neutral이 가장 적절하다.""]",-2.375,-2.3125,-3.6876550963365693,-3.3135285587559347
034020,두산에너빌리티,2024-03-04,15770,Neutral,42,"[""제공된 종목 정보에는 현재가와 시장 구분만 있고, 20거래일 방향성을 판단할 수 있는 가격 추세·거래량·실적·밸류에이션 데이터가 없다."", ""브랜드 이미지나 과거 명성은 판단에서 배제해야 하므로, 현재 제공된 정보만으로는 상승 또는 하락 우위를 정할 근거가 부족하다."", ""상승·하락 근거가 균형을 이루는 수준이 아니라 아예 방향성 판단 재료가 부족하므로, 적극적 선택으로서 Neutral이 적절하다.""]",10.155239327296249,8.538163001293661,8.931943486728578,4.621804580519155
034020,두산에너빌리티,2024-04-01,17270,Neutral,42,"[""제공된 정보가 종목명, 현재가, 시장 구분뿐이라 20거래일 방향성을 판단할 수 있는 가격·거래량·실적·수급 데이터가 없다."", ""상승과 하락을 가를 기술적 또는 펀더멘털 근거가 전혀 제시되지 않아 Buy와 Sell 중 어느 쪽도 우위라고 보기 어렵다."", ""주어진 데이터만 근거로 하면 방향성 확신이 불가능하므로 적극적 중립 판단이 적절하다.""]",-3.158522050059595,-1.66865315852205,-1.4150708884852585,0.8560820548327772
034020,두산에너빌리티,2024-05-02,16500,Neutral,42,"[""제공된 종목 정보에는 현재가와 시장 구분만 있고, 20거래일 방향성을 판단할 수 있는 가격 추세·거래량·실적·밸류에이션 데이터가 없다."", ""상승 또는 하락을 지지하는 정량 지표가 전혀 제시되지 않아 Buy와 Sell 중 어느 쪽도 우세하다고 보기 어렵다."", ""브랜드 이미지·과거 명성은 배제해야 하므로, 현재 제공된 정보만으로는 방향성을 확신할 수 없어 Neutral이 적절하다.""]",6.948640483383686,16.012084592145015,5.058950836327503,16.554931380830794
034020,두산에너빌리티,2024-06-03,20750,Neutral,46,"[""제공된 정보가 종목명과 현재가뿐이라 20거래일 방향성을 판단할 수 있는 가격 추세, 거래량, 실적, 수급 데이터가 없다."", ""상승·하락을 지지하는 정량 지표가 전혀 없어 Buy 또는 Sell을 선택할 근거가 부족하다."", ""브랜드 이미지나 과거 명성은 배제해야 하므로, 현재 제공 데이터만으로는 방향성이 불명확해 Neutral이 가장 적절하다.""]",4.166666666666666,0.3125,1.6847914553673093,-4.642610626948661
034020,두산에너빌리티,2024-07-01,19950,Neutral,42,"[""제공된 정보가 종목명과 현재가뿐이라 20거래일 방향성을 판단할 수 있는 가격·거래량·실적·수급 데이터가 없다."", ""상승과 하락을 가늠할 수 있는 기술적 지표나 펀더멘털 근거가 전혀 제시되지 않아 Buy 또는 Sell을 정당화하기 어렵다."", ""주어진 데이터만으로는 방향성이 불명확하므로 적극적 선택으로는 Neutral이 가장 타당하다.""]",15.106052767718573,-3.983445421624418,11.994785030399903,-2.4490280111830414
034020,두산에너빌리티,2024-08-01,18710,Neutral,42,"[""제공된 정보가 현재가와 종목명뿐이라 20거래일 방향을 판단할 수 있는 추세·실적·수급·밸류에이션 데이터가 없다."", ""상승과 하락을 가를 기술적 지표나 거래량, 변동성, 시장 대비 상대강도 정보가 없어 Buy 또는 Sell 근거가 부족하다."", ""브랜드 이미지나 과거 명성은 배제해야 하므로, 현재 제공 데이터만으로는 방향성이 불명확해 Neutral이 가장 적절하다.""]",0.0,1.1305822498586773,3.279288839731118,0.9508491217922864
034020,두산에너빌리티,2024-09-02,17890,Neutral,50,"[""판단에 필요한 재무·실적·수급·기술적 데이터가 제공되지 않아 20거래일 방향성을 우위로 판단할 근거가 부족합니다."", ""현재가 17,890원이라는 가격 정보만으로는 상승·하락 기대를 비교할 수 있는 기준이 없어 매수 또는 매도 우위를 정하기 어렵습니다."", ""브랜드 이미지와 과거 명성은 배제해야 하므로, 제공된 정보만 기준으로는 확신 가능한 방향성이 없어 Neutral이 적절합니다.""]",-6.175637393767705,4.079320113314448,-0.8765902465089761,6.716459228313528
034020,두산에너빌리티,2024-10-02,17310,Neutral,52,"[""제공된 정보가 종목명과 현재가뿐이라 20거래일 방향을 판단할 수 있는 가격·거래량·실적·수급 데이터가 없다."", ""상승 또는 하락을 지지하는 정량적 근거가 전혀 없어 Buy와 Sell 중 어느 쪽도 우위라고 보기 어렵다."", ""브랜드 이미지나 과거 명성은 배제해야 하므로, 현재 주어진 데이터만으로는 방향성 확신이 불가능하다.""]",6.0884549109707065,14.876507754164273,4.003394729082481,14.127006837718458
034020,두산에너빌리티,2024-11-01,19980,Neutral,42,"[""제공된 정보가 종목명과 현재가뿐이라 20거래일 방향을 판단할 수 있는 가격 추세, 거래량, 실적, 수급 데이터가 없다."", ""상승·하락을 지지하는 정량적 근거가 전혀 없어 Buy 또는 Sell을 선택할 만한 우위가 확인되지 않는다."", ""브랜드 이미지나 과거 명성은 배제해야 하므로, 현재 제공 데이터만으로는 방향성이 불명확해 Neutral이 적절하다.""]",4.5,3.5000000000000004,6.7136216333136325,8.694729950520856
034020,두산에너빌리티,2024-12-02,20700,Neutral,52,"[""제공된 데이터가 종목명과 현재가뿐이라 20거래일 방향성을 판단할 수 있는 추세·실적·밸류에이션·수급 정보가 없다."", ""상승과 하락을 가를 기술적 지표나 이벤트 정보가 없어 Buy 또는 Sell을 우선할 근거가 부족하다."", ""주어진 판단 기준상 방향성이 불명확한 경우 Neutral이 적절하다.""]",-18.77068557919622,-13.947990543735225,-15.480417189931797,-11.62088362801186
034020,두산에너빌리티,2025-01-02,18060,Neutral,46,"[""제공된 데이터가 종목명과 현재가뿐이라 20거래일 방향성을 판단할 수 있는 가격·거래량·실적·수급 정보가 없다."", ""상승과 하락을 가를 기술적 지표나 펀더멘털 근거가 전혀 없어 Buy 또는 Sell을 정당화하기 어렵다."", ""주어진 정보만으로는 방향성이 불명확하므로 적극적 판단으로는 Neutral이 가장 적절하다.""]",9.89010989010989,31.868131868131865,6.865440777280636,27.984712263886028
034020,두산에너빌리티,2025-02-03,23350,Neutral,42,"[""제공된 종목 정보에는 현재가와 시장 구분만 있고, 20거래일 방향성을 판단할 수 있는 가격 추세·거래량·실적·밸류에이션 데이터가 없다."", ""상승과 하락을 가늠할 수 있는 기술적 지표나 수급 정보가 전혀 제시되지 않아 Buy 또는 Sell 근거를 만들 수 없다."", ""브랜드 이미지·과거 명성은 배제해야 하므로, 현재 제공된 데이터만으로는 방향성이 불명확해 Neutral이 가장 적절하다.""]",-3.483606557377049,10.245901639344263,-5.794934724875815,7.165742554204698
034020,두산에너빌리티,2025-03-04,25500,Neutral,42,"[""제공된 정보가 종목명, 현재가, 상장 시장뿐이라 20거래일 방향성을 판단할 수 있는 가격·거래량·실적·수급 데이터가 없다."", ""상승과 하락을 가늠할 수 있는 기술적 지표나 펀더멘털 지표가 전혀 제시되지 않아 Buy 또는 Sell 근거가 부족하다."", ""주어진 데이터만으로는 방향성이 불명확하므로 적극적 판단은 Neutral이 적절하다.""]",-2.41635687732342,-10.966542750929369,-3.068786581834139,-8.92325331685057
034020,두산에너빌리티,2025-04-01,23850,Neutral,52,"[""제공된 정보가 현재가와 종목명뿐이라 20거래일 내 상승·하락을 판단할 수 있는 추세, 실적, 밸류에이션, 수급 데이터가 없다."", ""브랜드 이미지·과거 명성은 배제해야 하므로, 현재 주가 방향을 지지할 수 있는 정성적 보조 근거도 사용할 수 없다."", ""상승과 하락 어느 쪽도 데이터상 우위를 확인할 수 없어 방향성 확신이 부족하므로 Neutral이 적절하다.""]",-15.866388308977037,20.876826722338205,-7.399833912482409,18.851573914918795
034020,두산에너빌리티,2025-05-02,27700,Neutral,42,"[""제공된 정보가 현재가와 종목명뿐이라 20거래일 방향성을 판단할 수 있는 가격 추세, 거래량, 실적, 수급 데이터가 없다."", ""상승·하락을 지지하는 정량적 근거가 전혀 없어 Buy 또는 Sell을 선택할 만한 우위가 확인되지 않는다."", ""브랜드 이미지나 과거 명성은 배제해야 하므로, 현재 제공 데이터만으로는 방향성 확신이 불가능하다.""]",14.652014652014653,68.13186813186813,12.057795987005719,58.875127126350996
034020,두산에너빌리티,2025-06-02,40950,Neutral,42,"[""제공된 정보가 종목명과 현재가뿐이라 20거래일 방향성을 판단할 수 있는 가격·거래량·실적·수급 데이터가 없다."", ""상승과 하락을 가를 기술적 지표나 밸류에이션, 모멘텀 관련 근거가 전혀 제시되지 않았다."", ""브랜드 이미지나 과거 명성은 배제해야 하므로, 현재 제공 데이터만으로는 Buy 또는 Sell을 정당화할 수 없다.""]",28.01875732708089,45.1348182883939,22.634469529878597,32.66820166671961
034020,두산에너빌리티,2025-07-01,62500,Neutral,42,"[""현재가 62,500원만으로는 20거래일 내 상승·하락 방향을 판단할 수 있는 추세, 밸류에이션, 실적, 수급 데이터가 제공되지 않았습니다."", ""종목명과 시장 정보 외에 기술적 지표나 거래량, 모멘텀 관련 근거가 없어 Buy 또는 Sell을 지지할 만한 객관적 신호가 부족합니다."", ""제공된 데이터만을 근거로 해야 하므로 방향성을 확신할 수 없으며, 이 경우 Neutral이 가장 적절합니다.""]",4.545454545454546,3.4090909090909087,2.637199096780379,-2.42526679449861
034020,두산에너빌리티,2025-08-01,61400,Neutral,42,"[""현재가 61,400원만 제시되어 있어 추세, 거래량, 변동성, 수급 등 20거래일 방향성을 판단할 핵심 데이터가 부족합니다."", ""제공된 정보에는 실적, 밸류에이션, 기술적 지표가 없어 상승 또는 하락 근거를 어느 한쪽으로 우세하게 만들 수 없습니다."", ""브랜드 이미지나 과거 명성은 배제해야 하므로, 현재 제공 데이터만으로는 Buy 또는 Sell을 정당화하기 어렵습니다.""]",7.931570762052877,-6.065318818040436,6.056580689779031,-6.846829420851965
034020,두산에너빌리티,2025-09-01,59600,Neutral,41,"[""제공된 정보가 종목명과 현재가뿐이라 20거래일 방향성을 판단할 수 있는 가격 추세, 거래량, 실적, 밸류에이션 데이터가 없다."", ""상승과 하락을 가를 수 있는 기술적 지표나 수급 정보가 전혀 없어 Buy 또는 Sell을 지지할 근거가 부족하다."", ""주어진 데이터만으로는 방향성이 불명확하므로 적극적 판단으로는 Neutral이 가장 적절하다.""]",2.980132450331126,3.80794701986755,0.21562033785929025,-4.14357157045193
034020,두산에너빌리티,2025-10-01,64600,Neutral,42,"[""제공된 정보가 현재가와 종목명뿐이라 20거래일 방향성을 판단할 수 있는 추세·실적·밸류에이션·수급 데이터가 없다."", ""상승과 하락을 가늠할 기술적 지표나 거래량, 이동평균, 변동성 정보가 없어 Buy 또는 Sell 근거를 만들 수 없다."", ""브랜드 이미지나 과거 명성을 배제해야 하므로, 현재 제공 데이터만으로는 방향성 확신이 부족해 Neutral이 적절하다.""]",29.166666666666668,22.376543209876544,23.555277089831264,8.930170636825082
034020,두산에너빌리티,2025-11-03,89500,Neutral,42,"[""현재가 89,500원에 대한 추가 기술적·수급·실적 데이터가 제공되지 않아 20거래일 방향성을 우위 있게 판단할 근거가 부족합니다."", ""종목명과 시장 정보만으로는 상승 또는 하락을 지지하는 정량적 신호를 도출할 수 없어 Buy/Sell 중 하나를 선택할 확신이 낮습니다."", ""제공된 데이터만을 근거로 해야 하므로, 방향성이 불명확한 상황에 해당해 Neutral이 가장 적절합니다.""]",-12.625698324022347,-16.201117318435752,-12.253282790776693,-13.124504043459652
034020,두산에너빌리티,2025-12-01,74900,Neutral,42,"[""제공된 정보가 종목명, 현재가, 시장 구분뿐이라 20거래일 방향을 판단할 수 있는 가격 추세·실적·밸류에이션·수급 데이터가 없다."", ""상승 또는 하락을 지지하는 기술적 지표나 펀더멘털 근거가 전혀 제시되지 않아 Buy와 Sell 중 어느 쪽도 우위라고 보기 어렵다."", ""브랜드 이미지나 과거 명성은 배제해야 하므로, 현재 제공 데이터만으로는 방향성 확신이 부족해 Neutral이 적절하다.""]",2.2666666666666666,0.26666666666666666,-1.4535487063186006,-7.610818045205638
