ticker,name,signal_date,price,signal,confidence,reasons
005930,삼성전자,2023-01-02,55500,Sell,65,"[""최근 1개월 수익률이 -11.34%로 하락세를 보이고 있으며, 거래량 변화율 또한 -18.94%로 감소하여 매도 압력이 존재함을 시사합니다."", ""현재가가 52주 최저가(52,600원)에 근접한 55,500원으로, 52주 최고가(80,500원) 대비 상당한 하락폭을 기록하고 있어 추가 하락 가능성을 배제할 수 없습니다."", ""PER 9.0, PBR 1.12, ROE 12.4% 등 재무 지표는 양호하나, 최근 시장의 부정적인 흐름과 기술적 지표의 하락 추세가 단기적인 주가 상승 동력을 약화시킬 수 있습니다.""]"
005930,삼성전자,2023-02-01,61800,Buy,75,"[""최근 1개월 수익률이 11.75%로 양호하며, 거래량 변화율이 47.34%로 증가하는 추세를 보이고 있어 단기적인 매수세 유입 가능성이 있습니다."", ""현재가(61,800원)가 52주 최저가(52,600원) 대비 상승한 위치에 있으며, 52주 최고가(75,400원) 대비로는 아직 상승 여력이 남아있습니다."", ""ROE 12.5%는 기업의 수익성을 나타내며, PER 10.0 및 PBR 1.25는 시장 평균 대비 과도하게 고평가되지 않은 수준으로 판단됩니다.""]"
005930,삼성전자,2023-03-02,60800,Neutral,55,"[""현재 PER 9.9배, PBR 1.23배는 과거 평균 대비 저평가 구간에 진입할 가능성을 시사하나, 52주 최고가 대비 현재 위치가 40.4%로 상승 여력에 대한 불확실성이 존재합니다."", ""최근 1개월 수익률이 -0.33%로 약보합세를 보이고 있으며, 거래량 변화율이 -18.98%로 감소하는 추세는 단기적인 매수세 약화를 나타냅니다."", ""ROE 12.5%는 양호한 수준이나, 기술적 지표상 52주 내 현재 위치가 중간 이하에 머물러 있어 20거래일 내 뚜렷한 상승 또는 하락을 예측하기 어렵습니다.""]"
005930,삼성전자,2023-04-03,63100,Neutral,55,"[""현재 PER 7.8배는 과거 평균 대비 낮은 수준으로 밸류에이션 매력이 존재하나, 52주 최고가 대비 하락한 현재가에서 추가 상승 동력이 명확하지 않습니다."", ""최근 1개월 수익률 4.30%와 거래량 변화율 3.55%는 긍정적인 신호로 볼 수 있으나, 52주 내 현재 위치가 60.7%로 중간 수준에 머물러 방향성을 확신하기 어렵습니다."", ""ROE 15.8%는 양호한 수준이나, 거시 경제 불확실성 및 반도체 업황 변동성 등 외부 요인에 대한 정보가 없어 20거래일 내 주가 방향을 명확히 예측하기 어렵습니다.""]"
005930,삼성전자,2023-05-02,65700,Buy,75,"[""현재가(65,700원)가 52주 최고가(68,100원) 대비 높은 위치(84.5%)에 있어 추가 상승 여력이 제한적일 수 있으나, 최근 1개월 수익률(2.66%)이 양호하며 거래량 변화율(18.24%)이 긍정적인 신호를 보입니다."", ""PER(8.2) 및 PBR(1.29) 지표는 시장 평균 대비 저평가 가능성을 시사하며, ROE(15.8%)는 견조한 수익성을 나타내고 있습니다."", ""기술적 지표상 52주 최고가에 근접해 있으나, 최근의 긍정적인 거래량 변화와 수익률은 단기적인 상승 모멘텀을 지지하는 것으로 판단됩니다.""]"
005930,삼성전자,2023-06-01,70900,Neutral,65,"[""현재가가 52주 최고가에 근접해 있어 추가 상승 여력이 제한적일 수 있습니다."", ""최근 1개월 수익률이 긍정적이나, 거래량 변화율이 음수임을 감안할 때 상승 모멘텀이 약화될 가능성이 있습니다."", ""PER, PBR, ROE 등 재무 지표는 양호하나, 단기적인 주가 상승을 강하게 지지할 만한 명확한 기술적 지표가 부족합니다.""]"
005930,삼성전자,2023-07-03,73000,Neutral,55,"[""현재가가 52주 최고가와 동일하며, 이는 단기적인 상승 모멘텀이 약화될 수 있음을 시사합니다."", ""최근 1개월 수익률은 긍정적이나, 거래량 변화율이 음수(-)로 나타나 추가적인 상승 동력이 부족할 수 있습니다."", ""PER, PBR, ROE 등 재무 지표는 안정적인 수준이나, 향후 20거래일 내 뚜렷한 주가 상승을 뒷받침할 만한 강력한 근거가 부족합니다.""]"
005930,삼성전자,2023-08-01,71100,Neutral,60,"[""현재가(71,100원)가 52주 최고가(73,400원) 대비 약 3.1% 하락한 수준으로, 단기 상승 여력이 제한적일 수 있습니다."", ""최근 1개월 수익률이 -2.60%로 하락세를 보이고 있으나, 거래량 변화율이 19.54%로 증가하며 변동성 확대 가능성을 시사합니다."", ""PER(10.7), PBR(1.38), ROE(12.9%) 등 재무 지표는 양호한 편이나, 향후 20거래일 내 주가 상승을 강하게 지지할 만한 명확한 모멘텀이 부족합니다.""]"
005930,삼성전자,2023-09-01,71000,Sell,75,"[""현재가가 52주 최고가 대비 11.5% 낮은 수준으로, 단기 상승 여력이 제한적일 수 있습니다."", ""최근 1개월 수익률이 1.57%로 소폭 상승했으나, 거래량 변화율이 -19.74%로 감소하여 상승 동력이 약화되었음을 시사합니다."", ""PER 13.6, PBR 1.38, ROE 10.2% 등의 재무 지표는 시장 평균 대비 우수하다고 단정하기 어렵고, 특히 ROE가 10% 초반으로 높은 수준은 아닙니다.""]"
005930,삼성전자,2023-10-04,67500,Neutral,55,"[""현재가(67,500원)는 52주 최고가(73,400원) 대비 하락했으나, 52주 최저가(52,600원) 대비로는 상당한 상승 여력을 보여주고 있습니다."", ""최근 1개월 수익률(0.60%)은 소폭 상승했으나, 거래량 변화율(32.09%)은 긍정적인 수급 변화를 시사합니다."", ""PER(12.9), PBR(1.31), ROE(10.2%) 등 재무 지표는 시장 평균 대비 우수하다고 단정하기 어렵고, 52주 내 현재 위치(71.6%)는 상승과 하락의 중간 지점에 있어 명확한 방향성을 제시하지 못합니다.""]"
005930,삼성전자,2023-11-01,68600,Neutral,55,"[""현재가(68,600원)는 52주 최고가(73,400원) 대비 하락했으나, 52주 최저가(55,300원) 대비로는 상당한 상승을 보이며 52주 내 현재 위치가 73.5%로 상단에 가까워 추가 상승 여력이 제한적일 수 있습니다."", ""최근 1개월 수익률이 0.00%로 횡보세를 보이고 있으며, 거래량 변화율이 1.45%로 크지 않아 단기적인 주가 방향성을 강하게 시사하는 기술적 지표가 부족합니다."", ""PER(13.1), PBR(1.34), ROE(10.2%) 등 재무 지표는 시장 평균 대비 우수하다고 단정하기 어렵고, 긍정적 또는 부정적 방향성을 명확히 제시하지 못하고 있습니다.""]"
005930,삼성전자,2023-12-01,72000,Sell,75,"[""현재가가 52주 최고가에 근접한 92.3% 위치에 있어 추가 상승 여력이 제한적일 수 있습니다."", ""최근 1개월 수익률은 3.30%로 양호하나, 거래량 변화율이 -16.55%로 감소하는 추세는 매수세 약화를 시사합니다."", ""PER 15.3, PBR 1.38, ROE 9.0% 등의 재무 지표는 시장 평균 대비 특별히 매력적인 수준으로 보이지 않아, 현재 주가 수준에서 큰 상승 동력을 기대하기 어렵습니다.""]"
005930,삼성전자,2024-01-02,79600,Sell,75,"[""현재가가 52주 최고가와 동일한 수준으로, 추가적인 단기 상승 동력이 제한적일 수 있습니다."", ""최근 1개월 수익률이 9.49%로 양호하나, 52주 최고가 도달 시점에서의 차익 실현 매물 출회 가능성을 배제할 수 없습니다."", ""거래량 변화율이 11.79%로 긍정적이나, 최고가 부근에서의 상승세 지속 여부는 불확실합니다.""]"
005930,삼성전자,2024-02-01,73600,Sell,75,"[""최근 1개월 수익률이 -4.42%로 하락세를 보이고 있으며, 이는 단기적인 투자 심리 위축을 시사합니다."", ""현재가가 52주 최고가 대비 약 7.1% 하락한 위치에 있으며, 이는 추가적인 하락 가능성을 내포합니다."", ""거래량 변화율이 25.71%로 증가했으나, 최근 수익률 하락과 함께 나타나는 것은 매도 압력이 강해지고 있음을 의미할 수 있습니다.""]"
005930,삼성전자,2024-03-04,74900,Neutral,55,"[""현재가(74,900원)는 52주 최고가(79,600원) 대비 하락했으나, 52주 최저가(59,000원) 대비로는 상당한 상승세를 보이며 52주 내 현재 위치가 77.2%로 높은 편입니다."", ""최근 1개월 수익률이 0.81%로 소폭 상승했으나, 거래량 변화율이 -10.20%로 감소한 점은 매수세 약화를 시사합니다."", ""PER(15.9), PBR(1.44), ROE(9.1%) 등 재무 지표는 시장 평균 대비 우수하다고 단정하기 어렵고, 향후 20거래일 내 뚜렷한 상승 또는 하락을 강하게 지지할 만한 근거가 부족합니다.""]"
005930,삼성전자,2024-04-01,82000,Sell,75,"[""현재가가 52주 최고가에 근접한 98.0% 위치에 있어 추가 상승 여력이 제한적일 수 있습니다."", ""최근 1개월 수익률이 11.72%로 단기 상승에 따른 차익 실현 매물이 출회될 가능성이 있습니다."", ""PER 38.5, ROE 4.1%는 현재 주가 수준에서 밸류에이션 부담이 존재함을 시사합니다.""]"
005930,삼성전자,2024-05-02,78000,Sell,65,"[""최근 1개월 수익률이 -4.88%로 하락세를 보이고 있으며, 거래량 변화율 또한 -3.63%로 감소하는 추세입니다."", ""현재 주가는 52주 최고가 대비 약 8.5% 하락한 수준으로, 단기적인 하락 압력이 존재할 수 있습니다."", ""PER 36.6, PBR 1.50, ROE 4.1%의 재무 지표는 시장 평균 대비 고평가 또는 낮은 수익성을 시사할 수 있어 추가적인 상승 동력이 약할 수 있습니다.""]"
005930,삼성전자,2024-06-03,75700,Neutral,55,"[""최근 1개월 수익률이 마이너스이고 거래량 변화율도 감소하는 등 단기적인 하락 압력이 관찰됩니다."", ""현재가가 52주 최고가 대비 약 11.4% 하락한 수준으로, 추가 하락 가능성을 배제할 수 없습니다."", ""PER, PBR, ROE 등 재무 지표는 현재가 수준에서 급격한 상승 또는 하락을 강하게 시사하지 않아 방향성이 불명확합니다.""]"
005930,삼성전자,2024-07-01,81800,Neutral,65,"[""최근 1개월 수익률이 11.29%로 양호한 상승세를 보였으나, 52주 최고가 대비 현재 위치가 높아 추가 상승 여력이 제한적일 수 있습니다."", ""거래량 변화율이 -13.74%로 감소 추세를 보이며 이는 단기적인 매수세 약화를 시사할 수 있습니다."", ""PER 28.2, PBR 1.53, ROE 5.4% 등의 재무 지표는 시장 평균 대비 우수하다고 단정하기 어렵고, 20거래일 내 뚜렷한 상승 또는 하락을 강하게 지지하는 근거가 부족합니다.""]"
005930,삼성전자,2024-08-01,83100,Neutral,55,"[""현재가(83,100원)가 52주 최고가(87,800원) 대비 하락한 위치에 있어 추가 상승 여력이 제한적일 수 있습니다."", ""최근 1개월 수익률(1.59%)과 거래량 변화율(9.73%)은 긍정적인 신호를 보이지만, PER(28.7)이 높아 밸류에이션 부담이 존재합니다."", ""ROE(5.4%)가 낮은 수준으로 기업의 수익 창출 능력이 주가 상승을 강하게 뒷받침하기 어렵습니다.""]"
005930,삼성전자,2024-09-02,74400,Sell,75,"[""최근 1개월 수익률이 -10.47%로 하락세를 보이고 있으며, 이는 단기적인 매도 압력을 시사합니다."", ""거래량 변화율이 -7.31%로 감소하는 추세는 투자자들의 관심 감소 또는 매도 심리 확산을 나타낼 수 있습니다."", ""현재 주가가 52주 최고가 대비 상당한 하락폭을 보이고 있으나, 52주 내 현재 위치가 38.5%로 여전히 하락 가능성을 배제할 수 없습니다.""]"
005930,삼성전자,2024-10-02,61300,Sell,75,"[""최근 1개월 수익률이 -19.76%로 큰 폭의 하락세를 보이고 있어 단기적인 하락 추세가 지속될 가능성이 있습니다."", ""현재가가 52주 최저가와 동일한 수준이며, 52주 최고가 대비 상당한 하락폭을 기록하고 있어 추가 하락에 대한 부담이 존재합니다."", ""거래량 변화율이 45.60%로 높게 나타나고 있으나, 이는 하락 추세 속에서의 투매 또는 저가 매수세 유입 가능성을 동시에 시사하며, 명확한 상승 전환 신호로 보기 어렵습니다.""]"
005930,삼성전자,2024-11-01,58300,Sell,65,"[""최근 1개월 수익률이 -5.20%로 하락세를 보이고 있으며, 거래량 변화율 또한 -5.98%로 감소하는 추세입니다."", ""현재가는 52주 최고가 대비 약 33.3% 하락한 수준으로, 기술적 반등 가능성보다는 하락 추세 지속 가능성이 높아 보입니다."", ""ROE가 7.4%로 낮은 수준이며, PER 14.2, PBR 1.06은 현재 시장 상황에서 매력적인 투자 포인트로 작용하기 어렵습니다.""]"
005930,삼성전자,2024-12-02,53600,Sell,65,"[""최근 1개월 수익률이 -8.06%로 하락세를 보이고 있으며, 52주 최고가 대비 현재 위치가 9.8%로 낮은 편입니다."", ""PER 11.3, PBR 0.97, ROE 8.6% 등 재무 지표는 시장 평균 대비 우수하다고 보기 어렵습니다."", ""거래량 변화율이 9.54%로 상승했으나, 이는 단기적인 수급 변화일 가능성이 있으며 전반적인 하락 추세를 반전시키기에는 근거가 부족합니다.""]"
005930,삼성전자,2025-01-02,53400,Sell,65,"[""최근 1개월 수익률이 마이너스이며 거래량 변화율 또한 크게 감소하여 투자 심리 위축 가능성을 시사합니다."", ""현재가가 52주 최고가 대비 상당 부분 하락한 위치에 있으며, 52주 내 현재 위치가 9.2%로 낮은 편에 속해 추가 하락 가능성을 배제할 수 없습니다."", ""PER 11.3, PBR 0.96, ROE 8.5% 등의 재무 지표는 현재 주가가 고평가되었다고 보기는 어렵지만, 기술적 지표에서 나타나는 약세 신호가 향후 20거래일 내 주가 하락 가능성을 높입니다.""]"
005930,삼성전자,2025-02-03,51000,Sell,65,"[""최근 1개월 수익률이 -4.85%로 하락세를 보이고 있으며, 거래량 변화율 또한 -2.86%로 감소하는 추세입니다."", ""현재가는 52주 최고가 대비 상당한 하락폭을 보이고 있으며, 52주 내 현재 위치가 2.9%로 낮은 편에 속합니다."", ""PER 10.8, PBR 0.92, ROE 8.5% 등의 재무 지표는 현재 주가가 고평가되었다고 보기는 어렵지만, 뚜렷한 상승 모멘텀을 제시하지는 못하고 있습니다.""]"
005930,삼성전자,2025-03-04,54500,Neutral,55,"[""현재가(54,500원)는 52주 최저가(49,900원) 대비 상승했으나 52주 최고가(87,800원) 대비 상당한 하락폭을 보이며 52주 내 현재 위치가 12.1%로 낮은 편에 속해 상승 여력과 하락 위험이 공존합니다."", ""최근 1개월 수익률이 4.01%로 긍정적인 흐름을 보이고 거래량 변화율도 5.92%로 소폭 증가했으나, 이는 단기적인 모멘텀으로 향후 20거래일의 방향성을 확신하기에는 부족합니다."", ""PER 11.5, PBR 0.98, ROE 8.5%와 같은 재무 지표는 시장 평균 대비 우수하다고 단정하기 어렵고, 특히 ROE 8.5%는 과거 명성이나 브랜드 가치를 고려했을 때 기대치에 미치지 못할 수 있어 주가 상승을 강력하게 지지하는 근거로 보기 어렵습니다.""]"
005930,삼성전자,2025-04-01,58800,Neutral,55,"[""최근 1개월 수익률이 7.89%로 긍정적인 흐름을 보이고 있으나, 52주 최고가 대비 현재 위치가 23.5%로 여전히 하락 가능성을 배제할 수 없습니다."", ""PER 11.9, PBR 1.02, ROE 8.6% 등 재무 지표는 시장 평균 대비 우수하다고 단정하기 어렵고, 뚜렷한 상승 근거를 제시하기에는 부족합니다."", ""거래량 변화율이 0.02%로 미미하여 현재 시장 참여자들의 방향성에 대한 확신이 낮음을 시사하며, 이는 향후 20거래일 내 주가 방향성을 예측하기 어렵게 만듭니다.""]"
005930,삼성전자,2025-05-02,54300,Sell,65,"[""최근 1개월 수익률이 -7.65%로 하락세를 보이고 있으며, 거래량 변화율 또한 -28.84%로 감소하여 투자 심리가 위축된 것으로 판단됩니다."", ""현재가가 52주 최고가 대비 11.6% 낮은 수준에 위치해 있어 추가 하락 가능성을 배제할 수 없습니다."", ""PER 11.0, PBR 0.94, ROE 8.6% 등의 재무 지표는 현재 주가가 고평가되었다고 보기는 어렵지만, 기술적 지표에서 나타나는 하락 추세가 단기적인 주가 하락을 시사합니다.""]"
005930,삼성전자,2025-06-02,56800,Neutral,55,"[""현재가(56,800원)는 52주 최저가(49,900원) 대비 상승했으나 52주 최고가(87,800원) 대비 상당한 하락폭을 보이며 52주 내 현재 위치가 18.2%로 낮은 편에 속해 상승 여력과 하락 위험이 공존합니다."", ""최근 1개월 수익률이 1.79%로 소폭 상승했으나 거래량 변화율이 -4.79%로 감소하여 상승 동력이 약화되었음을 시사합니다."", ""PER 11.0, PBR 0.97, ROE 8.8% 등 재무 지표는 시장 평균 대비 우수하다고 단정하기 어렵고, 뚜렷한 상승 또는 하락을 강하게 지지하는 기술적 지표가 부족합니다.""]"
005930,삼성전자,2025-07-01,60200,Buy,75,"[""최근 1개월 수익률이 7.31%로 양호한 상승세를 보이고 있으며, 거래량 변화율도 35.36%로 증가하여 매수세 유입 가능성을 시사합니다."", ""현재가(60,200원)가 52주 최저가(49,900원) 대비 상승한 위치에 있으며, 52주 최고가(87,800원) 대비로는 아직 상승 여력이 남아있습니다."", ""PER(11.7) 및 PBR(1.03) 지표가 시장 평균 대비 과도하게 고평가되지 않은 수준으로 판단됩니다.""]"
005930,삼성전자,2025-08-01,68900,Neutral,55,"[""최근 1개월 수익률이 7.99%로 긍정적인 흐름을 보이고 있으나, 52주 최고가 대비 현재 위치가 51.4%로 상승 여력에 대한 불확실성이 존재합니다."", ""PER 13.3, PBR 1.18, ROE 8.8% 등 재무 지표는 시장 평균 대비 우수하다고 단정하기 어렵습니다."", ""거래량 변화율이 9.72%로 긍정적인 신호를 보내고 있으나, 이를 뒷받침할 추가적인 상승 근거가 부족합니다.""]"
005930,삼성전자,2025-09-01,67600,Sell,65,"[""최근 1개월 수익률이 -5.32%로 하락세를 보이고 있으며, 거래량 변화율 또한 -37.16%로 감소하여 투자 심리가 위축되었음을 시사합니다."", ""현재가가 52주 최고가 대비 약 15.9% 하락한 수준에 위치해 있으며, 이는 단기적인 하락 압력이 존재할 가능성을 나타냅니다."", ""ROE가 7.8%로 낮은 수준이며, 이는 기업의 수익 창출 능력이 상대적으로 약함을 의미하여 주가 상승 동력이 제한적일 수 있습니다.""]"
005930,삼성전자,2025-10-01,86000,Sell,75,"[""현재가가 52주 최고가에 근접한 99.7% 위치에 있어 단기 상승 여력이 제한적입니다."", ""최근 1개월 수익률이 24.46%로 높게 나타나 단기 차익 실현 매물이 출회될 가능성이 있습니다."", ""거래량 변화율이 51.93%로 높지만, 이는 최고가 근접과 맞물려 상승세 둔화 또는 하락 전환의 신호일 수 있습니다.""]"
005930,삼성전자,2025-11-03,111100,Sell,75,"[""현재가가 52주 최고가와 동일한 수준으로, 추가적인 단기 상승 동력이 제한적일 수 있습니다."", ""최근 1개월 수익률이 33.37%로 단기 급등 후 차익 실현 매물이 출회될 가능성이 있습니다."", ""거래량 변화율이 39.20%로 높으나, 이는 최고가 경신 시점의 매수세 유입 또는 매도세 증가를 나타낼 수 있어 방향성 판단에 주의가 필요합니다.""]"
005930,삼성전자,2025-12-01,100800,Sell,75,"[""최근 1개월 수익률이 -6.23%로 하락세를 보이고 있으며, 거래량 변화율 또한 -14.56%로 감소하여 투자 심리가 위축된 것으로 판단됩니다."", ""현재가가 52주 최고가 대비 82.9% 수준에 위치하여 추가 상승 여력이 제한적일 수 있습니다."", ""PER 20.8, PBR 1.70, ROE 8.2%의 재무 지표는 시장 평균 대비 우수하다고 단정하기 어려우며, 특히 ROE가 낮은 점은 수익성 개선에 대한 의문을 제기합니다.""]"
000660,SK하이닉스,2023-01-02,75700,Sell,75,"[""최근 1개월 수익률이 -10.63%로 하락세를 보이고 있으며, 이는 단기적인 매도 압력을 시사합니다."", ""거래량 변화율이 -17.96%로 감소한 것은 투자자들의 관심 감소 또는 매도 심리 확산을 나타낼 수 있습니다."", ""현재가가 52주 최저가에 근접한 75,000원 대비 1.2% 높은 수준으로, 추가 하락 가능성을 배제할 수 없습니다.""]"
000660,SK하이닉스,2023-02-01,91400,Buy,75,"[""최근 1개월 수익률이 21.87%로 강한 상승세를 보이고 있으며, 거래량 변화율 또한 31.44%로 긍정적인 모멘텀을 시사합니다."", ""현재가 91,400원은 52주 최저가 75,000원 대비 상승 여력이 있으며, 52주 최고가 133,000원 대비로는 아직 상승 공간이 남아있습니다."", ""PER 6.8, PBR 0.97, ROE 14.3%는 재무적으로 저평가된 구간에 있음을 나타내며, 이는 향후 주가 상승의 잠재력을 시사합니다.""]"
000660,SK하이닉스,2023-03-02,88100,Sell,65,"[""최근 1개월 수익률이 마이너스(-)를 기록하며 약세를 보이고 있습니다."", ""거래량 변화율이 마이너스(-)를 기록하며 투자자들의 관심이 줄어들고 있음을 시사합니다."", ""현재가가 52주 최고가 대비 상당 부분 하락한 위치에 있으나, 최근 단기적인 하락 추세가 관찰됩니다.""]"
000660,SK하이닉스,2023-04-03,87200,Neutral,55,"[""PER 26.9, PBR 1.00, ROE 3.7%는 현재 기업 가치가 고평가 또는 저평가되었다고 단정하기 어려운 수준입니다."", ""52주 최고가 대비 현재 위치가 26.5%로 하락폭이 제한적이지만, 최근 1개월 수익률이 -0.11%로 뚜렷한 상승 모멘텀을 보여주지 못하고 있습니다."", ""거래량 변화율이 42.23%로 높게 나타나지만, 이는 매수세 또는 매도세의 유입을 의미할 수 있어 주가 방향성을 명확히 판단하기 어렵습니다.""]"
000660,SK하이닉스,2023-05-02,90200,Neutral,55,"[""최근 1개월 수익률이 1.81%로 소폭 상승했으나, 52주 최고가 대비 현재 위치가 39.5%로 여전히 높은 편에 속하여 추가 상승 여력이 제한적일 수 있습니다."", ""거래량 변화율이 31.25%로 증가한 것은 긍정적인 신호일 수 있으나, PER 27.8, ROE 3.7% 등 재무 지표만으로는 뚜렷한 상승 근거를 찾기 어렵습니다."", ""현재가 90,200원은 52주 최저가(75,000원) 대비 상승했지만, 52주 최고가(113,500원) 대비로는 하락한 상태로, 향후 20거래일 내 상승과 하락 요인이 혼재되어 방향성을 확신하기 어렵습니다.""]"
000660,SK하이닉스,2023-06-01,110300,Sell,75,"[""현재가가 52주 최고가와 동일하며, 최근 1개월 수익률이 높았던 점은 단기 차익 실현 매물 출회 가능성을 시사합니다."", ""거래량 변화율이 마이너스(-)를 기록하고 있어 매수세가 약화되고 있음을 나타냅니다."", ""PER이 '해당없음(적자)'으로 재무 상태가 좋지 않음을 보여주며, 이는 주가 상승 동력을 약화시킬 수 있습니다.""]"
000660,SK하이닉스,2023-07-03,117600,Buy,75,"[""현재가가 52주 최고가에 근접해 있으며, 52주 내 현재 위치가 95.7%로 매우 높은 수준입니다."", ""최근 1개월 수익률이 6.62%로 긍정적인 흐름을 보이고 있습니다."", ""PBR 1.40은 자산 가치 대비 프리미엄이 존재하나, 적자 기업임을 감안할 때 시장의 기대감이 반영된 것으로 해석될 수 있습니다.""]"
000660,SK하이닉스,2023-08-01,125100,Buy,75,"[""현재가(125,100원)가 52주 최고가(128,000원)에 근접하며 강한 상승 모멘텀을 시사합니다."", ""최근 1개월 수익률(6.38%)이 양호하며, 이는 단기적인 주가 상승 추세가 이어질 가능성을 나타냅니다."", ""거래량 변화율(2.39%)이 긍정적인 것은 매수세가 유입되고 있음을 보여주며, 이는 향후 주가 상승에 긍정적인 요인으로 작용할 수 있습니다.""]"
000660,SK하이닉스,2023-09-01,120000,Neutral,55,"[""PER이 적자로 산출되지 않아 현재 기업의 수익성 대비 주가 수준을 판단하기 어렵습니다."", ""52주 최고가 대비 현재 위치가 84.9%로 상승 여력이 제한적일 수 있습니다."", ""최근 1개월 수익률이 0.42%로 미미하고 거래량 변화율이 -20.07%로 감소하여 단기적인 매수세가 약화된 것으로 보입니다.""]"
000660,SK하이닉스,2023-10-04,115400,Sell,65,"[""최근 1개월 수익률이 마이너스(-)를 기록하며 약세를 보이고 있습니다."", ""거래량 변화율 또한 마이너스(-)를 기록하며 매도 압력이 존재함을 시사합니다."", ""현재가가 52주 최고가 대비 높은 수준에 위치해 있어 추가 상승 여력이 제한적일 수 있습니다.""]"
000660,SK하이닉스,2023-11-01,120300,Buy,75,"[""현재가(120,300원)가 52주 최고가(130,000원)에 근접하며 상승 추세를 시사합니다."", ""최근 1개월 수익률(4.61%)이 양수이며, 거래량 변화율(39.30%)이 높아 시장의 관심이 증가하고 있음을 나타냅니다."", ""PBR 1.52는 자산 가치 대비 주가가 과도하게 저평가되지 않았음을 보여주며, 적자 상태임에도 불구하고 시장에서 일정 수준의 가치를 인정받고 있음을 시사합니다.""]"
000660,SK하이닉스,2023-12-01,132600,Sell,75,"[""현재가가 52주 최고가에 근접한 97.5% 위치에 있어 추가 상승 여력이 제한적입니다."", ""최근 1개월 수익률은 긍정적이나, 거래량 변화율이 -26.28%로 감소하는 추세는 매도 압력을 시사할 수 있습니다."", ""PER이 '해당없음(적자)'으로 재무 건전성에 대한 불확실성이 존재합니다.""]"
000660,SK하이닉스,2024-01-02,142400,Sell,75,"[""현재가가 52주 최고가와 동일하며, 이는 단기적인 상승 모멘텀이 약화될 가능성을 시사합니다."", ""최근 1개월 수익률이 9.20%로 양호하나, 거래량 변화율이 12.04%로 이를 뒷받침하는 강한 매수세가 지속될지는 불확실합니다."", ""PER이 '해당없음(적자)'으로 표시되어 있어 현재 기업의 수익성 측면에서 주가 상승을 강하게 지지할 근거가 부족합니다.""]"
000660,SK하이닉스,2024-02-01,132700,Sell,75,"[""최근 1개월 수익률이 -3.00%로 하락세를 보이고 있으며, 거래량 변화율 또한 -2.06%로 감소하는 추세입니다."", ""현재가가 52주 최고가 대비 84.4% 수준으로, 단기적으로 추가 상승 여력보다는 차익 실현 매물 출회 가능성이 존재합니다."", ""PER이 '해당없음(적자)'으로 재무적으로 불안정한 상황이며, 이는 향후 주가 상승에 대한 불확실성을 높입니다.""]"
000660,SK하이닉스,2024-03-04,166500,Sell,75,"[""현재가가 52주 최고가와 동일하며, 최근 1개월 수익률이 21.62%로 단기 급등 후 차익 실현 매물이 출회될 가능성이 높습니다."", ""거래량 변화율이 46.11%로 높다는 점은 단기 급등에 따른 변동성 확대 가능성을 시사합니다."", ""PER이 '해당없음(적자)'으로 재무 건전성에 대한 우려가 존재하며, PBR 2.20은 현재 주가가 자산 가치 대비 높은 수준임을 나타냅니다.""]"
000660,SK하이닉스,2024-04-01,185500,Sell,75,"[""현재가가 52주 최고가와 동일하며, 이는 단기적인 상승 모멘텀이 소진되었을 가능성을 시사합니다."", ""최근 1개월 수익률이 18.76%로 높지만, 거래량 변화율이 음수(-4.76%)인 점은 추가적인 매수세 유입이 약함을 나타냅니다."", ""PER이 '해당없음(적자)'으로 재무 건전성에 대한 우려가 존재하며, 이는 향후 주가 상승에 부담으로 작용할 수 있습니다.""]"
000660,SK하이닉스,2024-05-02,173600,Sell,75,"[""최근 1개월 수익률이 -6.42%로 하락세를 보이고 있으며, 이는 단기적인 매도 압력을 시사합니다."", ""거래량 변화율이 -0.70%로 음수이며, 이는 최근 거래량 감소와 함께 매도세가 우위를 점하고 있음을 나타냅니다."", ""현재가가 52주 최고가 대비 85.6% 수준으로, 단기적으로 상승 여력보다는 차익 실현 매물이 출회될 가능성이 있습니다.""]"
000660,SK하이닉스,2024-06-03,194200,Buy,75,"[""최근 1개월 수익률이 11.48%로 양호한 상승세를 보이고 있습니다."", ""현재가가 52주 최고가 대비 약 4.1% 하락한 수준으로, 추가 상승 여력이 존재할 수 있습니다."", ""거래량 변화율이 음수이나, 이는 최근 단기적인 매도 압력이 완화될 가능성을 시사할 수 있습니다.""]"
000660,SK하이닉스,2024-07-01,235500,Sell,75,"[""현재가(235,500원)가 52주 최고가(237,500원)에 근접하여 추가 상승 여력이 제한적일 수 있습니다."", ""최근 1개월 수익률(20.34%)이 높게 나타나 단기 차익 실현 매물이 출회될 가능성이 있습니다."", ""PER이 '해당없음(적자)'으로 재무 건전성에 대한 우려가 존재합니다.""]"
000660,SK하이닉스,2024-08-01,193300,Sell,75,"[""최근 1개월 수익률이 -18.09%로 큰 폭의 하락세를 보이고 있어 단기적인 하락 추세가 지속될 가능성이 있습니다."", ""현재가가 52주 최고가 대비 약 19% 하락한 수준에 위치해 있으며, 이는 추가적인 하락 여력이 있음을 시사합니다."", ""PER이 '해당없음(적자)'으로 재무 건전성에 대한 우려가 존재하며, 이는 투자 심리에 부정적인 영향을 미칠 수 있습니다.""]"
000660,SK하이닉스,2024-09-02,174000,Sell,65,"[""최근 1개월 수익률이 -9.98%로 하락세를 보이고 있으며, 이는 단기적인 매도 압력을 시사합니다."", ""거래량 변화율이 -3.62%로 감소하는 추세는 투자자들의 관심 감소 또는 매도 심리를 반영할 수 있습니다."", ""PER 48.0은 현재 주가가 기업의 이익 대비 고평가되었을 가능성을 나타내며, 이는 향후 주가 상승 여력을 제한할 수 있습니다.""]"
000660,SK하이닉스,2024-10-02,169100,Sell,65,"[""최근 1개월 수익률이 -5.69%로 하락세를 보이고 있으며, 거래량 변화율 또한 -8.28%로 감소하는 추세입니다."", ""현재가(169,100원)는 52주 최고가(241,000원) 대비 43.1% 수준으로, 상승 여력보다는 하락 압력이 더 클 수 있는 위치입니다."", ""PER 46.6, PBR 2.06, ROE 4.4%의 재무 지표는 현재 주가 수준을 정당화하기에 상대적으로 약한 근거를 제시합니다.""]"
000660,SK하이닉스,2024-11-01,182200,Neutral,55,"[""최근 1개월 수익률은 4.35%로 긍정적이나, 거래량 변화율이 -27.49%로 감소하여 매수세 약화를 시사합니다."", ""PER 50.3, PBR 2.22, ROE 4.4%는 현재 기업 가치가 고평가되었거나 수익성이 낮음을 나타내어 상승 여력을 제한할 수 있습니다."", ""52주 최고가 대비 현재 위치가 52.9%로 중간 수준에 머물러 있어 뚜렷한 상승 또는 하락 추세를 확신하기 어렵습니다.""]"
000660,SK하이닉스,2024-12-02,158800,Sell,75,"[""최근 1개월 수익률이 -12.84%로 하락세를 보이고 있으며, 이는 단기적인 매도 압력을 시사합니다."", ""거래량 변화율이 -8.26%로 감소하는 추세는 투자자들의 관심 감소 또는 매도 심리 강화를 나타낼 수 있습니다."", ""현재 주가가 52주 최고가 대비 28.8% 낮은 수준에 위치해 있으나, 최근의 하락 추세와 거래량 감소는 추가 하락 가능성을 시사합니다.""]"
000660,SK하이닉스,2025-01-02,171200,Buy,75,"[""최근 1개월 수익률이 7.07%로 긍정적인 흐름을 보이고 있습니다."", ""현재가가 52주 최저가 대비 상당 부분 상승한 위치에 있으며, 52주 최고가 대비로는 하락 여력이 남아있습니다."", ""PER 11.3, PBR 1.91, ROE 16.9% 등 재무 지표는 현재 주가 수준에서 추가 상승을 지지할 만한 근거를 제공합니다.""]"
000660,SK하이닉스,2025-02-03,190900,Buy,75,"[""최근 1개월 수익률이 12.23%로 양호한 상승세를 보이고 있으며, 거래량 변화율 또한 38.34%로 증가하여 매수세 유입 가능성을 시사합니다."", ""현재가가 52주 최고가 대비 약 54.5% 수준에 위치하여 추가 상승 여력이 존재할 수 있습니다."", ""ROE 16.9%는 양호한 수익성을 나타내며, PER 12.6, PBR 2.13은 시장 평균 대비 과도하게 고평가되었다고 보기 어렵습니다.""]"
000660,SK하이닉스,2025-03-04,186100,Sell,75,"[""최근 1개월 수익률이 -6.58%로 하락세를 보이고 있으며, 거래량 변화율 또한 -31.91%로 감소하여 투자 심리가 위축된 것으로 판단됩니다."", ""현재가가 52주 최고가 대비 약 41.7% 낮은 수준에 위치해 있어 추가적인 하락 가능성을 배제할 수 없습니다."", ""PER 12.3, PBR 2.07, ROE 16.8% 등의 재무 지표는 현재 시점에서 주가 상승을 강하게 지지할 만한 명확한 근거를 제시하지 못하고 있습니다.""]"
000660,SK하이닉스,2025-04-01,197000,Neutral,65,"[""현재가(197,000원)는 52주 최고가(241,000원) 대비 약 18% 하락한 수준으로, 기술적 반등 가능성과 추가 하락 가능성이 공존합니다."", ""최근 1개월 수익률(3.58%)은 소폭 상승했으나, 거래량 변화율(-12.14%)은 감소하여 상승 모멘텀이 약화되었음을 시사합니다."", ""PER(6.9) 및 PBR(1.94)은 절대적으로 고평가 또는 저평가라 판단하기 어렵고, ROE(28.3%)는 우수하나 이를 뒷받침할 단기적인 주가 상승 근거가 명확하지 않습니다.""]"
000660,SK하이닉스,2025-05-02,186000,Sell,75,"[""최근 1개월 수익률이 -6.01%로 하락세를 보이고 있으며, 52주 최고가 대비 현재 위치가 37.6%로 하락 가능성이 열려있습니다."", ""PER 6.5, PBR 1.83은 시장 평균 대비 높은 수준은 아니지만, ROE 28.3% 대비 주가 상승 여력이 제한적일 수 있습니다."", ""거래량 변화율 27.74%는 변동성을 시사하지만, 최근 수익률 하락세를 고려할 때 매도 압력이 우세할 가능성이 있습니다.""]"
000660,SK하이닉스,2025-06-02,207500,Buy,75,"[""ROE 33.8%는 높은 수익성을 시사하며, 현재가 52주 최고가 대비 약 13.7% 하락한 수준으로 추가 상승 여력이 존재합니다."", ""최근 1개월 수익률 14.77%는 단기적인 상승 모멘텀을 보여주고 있습니다."", ""PER 5.5는 동종 업계 평균 대비 낮을 가능성이 있으며, PBR 1.86은 자산 가치 대비 상승 여력을 나타낼 수 있습니다.""]"
000660,SK하이닉스,2025-07-01,285500,Sell,75,"[""최근 1개월 수익률이 34.67%로 매우 높으며, 52주 최고가 대비 현재 위치가 94.7%로 상승 여력이 제한적입니다."", ""거래량 변화율이 50.28%로 높게 나타나 단기 급등 후 차익 실현 매물이 출회될 가능성이 있습니다."", ""PER 7.6, PBR 2.55는 절대적으로 저평가되었다고 보기 어렵고, ROE 33.7%는 높으나 이는 과거 실적에 기반한 수치로 향후 20거래일 주가 상승을 강하게 지지하기에는 불확실성이 존재합니다.""]"
000660,SK하이닉스,2025-08-01,258000,Sell,75,"[""최근 1개월 수익률이 -7.36%로 하락세를 보이고 있으며, 거래량 변화율 또한 -16.35%로 감소하여 투자 심리가 위축된 것으로 판단됩니다."", ""현재가가 52주 최고가 대비 약 14% 하락한 위치에 있으며, 이는 단기적인 하락 압력이 존재할 수 있음을 시사합니다."", ""PER 6.8, PBR 2.31은 절대적으로 고평가 구간은 아니나, 최근 시장의 부정적인 흐름과 기술적 지표의 하락세를 고려할 때 추가적인 하락 가능성에 무게를 둡니다.""]"
000660,SK하이닉스,2025-09-01,256000,Sell,75,"[""최근 1개월 수익률이 -6.40%로 하락세를 보이고 있으며, 거래량 변화율 또한 -23.39%로 감소하여 투자 심리가 위축된 것으로 판단됩니다."", ""현재가(256,000원)가 52주 최고가(300,000원) 대비 약 14.7% 하락한 수준이지만, 52주 내 현재 위치가 70.1%로 여전히 높은 편에 속하여 추가 하락 가능성을 배제할 수 없습니다."", ""PER 6.1, PBR 2.14는 절대적으로 고평가라고 보기는 어렵지만, 최근 시장의 부정적인 흐름과 기술적 지표의 약세를 고려할 때 단기적인 주가 상승 동력이 약하다고 판단됩니다.""]"
000660,SK하이닉스,2025-10-01,360000,Sell,75,"[""최근 1개월 수익률이 38.20%로 매우 높으며, 52주 최고가 대비 현재 위치가 99.5%로 상승 여력이 제한적입니다."", ""거래량 변화율이 38.07%로 높은 것은 단기적인 매수세 유입을 시사하지만, 이는 과열 신호로 해석될 수 있습니다."", ""PER 8.6은 절대적으로 저평가되었다고 보기 어렵고, PBR 3.01은 자산 가치 대비 프리미엄이 상당 부분 반영되었음을 나타냅니다.""]"
000660,SK하이닉스,2025-11-03,620000,Sell,75,"[""SK하이닉스는 현재 52주 최고가에 도달했으며, 이는 단기적인 차익 실현 매물 출회 가능성을 시사합니다."", ""최근 1개월간 84.25%라는 매우 높은 수익률을 기록한 후, 추가적인 급등보다는 숨 고르기 또는 조정 가능성이 높아 보입니다."", ""거래량 변화율이 17.25%로 긍정적인 신호를 보이지만, 52주 최고가라는 강력한 저항선에 부딪힌 상황에서 상승 동력이 약화될 수 있습니다.""]"
000660,SK하이닉스,2025-12-01,538000,Sell,75,"[""최근 1개월 수익률이 -3.76%로 하락세를 보이고 있으며, 52주 최고가 대비 현재 위치가 높아 추가 상승 여력이 제한적일 수 있습니다."", ""거래량 변화율이 11.86%로 증가했지만, 이는 단기적인 변동성 확대 가능성을 시사하며 하락 압력으로 작용할 수 있습니다."", ""PER 10.4, PBR 3.92는 시장 평균 대비 높은 수준으로, 향후 실적 개선이 뒷받침되지 않으면 주가 조정 가능성이 있습니다.""]"
207940,삼성바이오로직스,2023-01-02,1217132,Sell,65,"[""최근 1개월 수익률이 -6.45%로 하락세를 보이고 있으며, 거래량 변화율 또한 -7.93%로 감소하는 추세는 매도 압력을 시사합니다."", ""현재가(1,217,132원)가 52주 최고가(1,339,287원) 대비 약 9.1% 하락한 위치에 있으며, 52주 내 현재 위치가 59.8%로 중간보다 높은 편이지만 최근 하락세를 감안할 때 추가 하락 가능성을 배제할 수 없습니다."", ""PER 164.6, PBR 9.35 등 높은 밸류에이션 지표는 현재 주가에 대한 부담감을 나타내며, ROE 5.7% 대비 높은 밸류에이션은 향후 주가 상승 동력이 약할 수 있음을 시사합니다.""]"
207940,삼성바이오로직스,2023-02-01,1183282,Neutral,60,"[""PER 160.0, PBR 9.09, ROE 5.7%는 현재 기업 가치가 고평가되었음을 시사하며, 이는 향후 주가 상승에 부담 요인으로 작용할 수 있습니다."", ""최근 1개월 수익률 -2.07%는 단기적으로 주가 하락 압력이 존재함을 나타냅니다."", ""거래량 변화율 49.75%는 시장의 관심이 증가하고 있음을 보여주지만, 이는 상승 또는 하락 어느 한 방향으로의 강한 추세를 확정하기에는 불확실성을 내포하고 있습니다.""]"
207940,삼성바이오로직스,2023-03-02,1136186,Sell,65,"[""최근 1개월 수익률이 마이너스(-)를 기록하며 약세를 보이고 있으며, 거래량 변화율 또한 감소하여 매도 압력이 존재함을 시사합니다."", ""현재 주가가 52주 최고가 대비 약 13.2% 하락한 위치에 있으며, 이는 단기적인 하락 추세의 연장 가능성을 배제할 수 없음을 나타냅니다."", ""PER 153.7, PBR 8.73 등 높은 밸류에이션 지표는 현재 주가 수준에 대한 부담감을 시사하며, ROE 5.7% 대비 높은 밸류에이션은 추가 상승 여력을 제한할 수 있습니다.""]"
207940,삼성바이오로직스,2023-04-03,1145017,Neutral,55,"[""PER 100.1, PBR 9.07로 밸류에이션 부담이 높은 수준이나, ROE 9.1%는 이를 상쇄할 만큼 높지 않아 상승 동력이 제한적입니다."", ""최근 1개월 수익률이 -1.27%로 약세를 보이고 있으며, 52주 최고가 대비 현재 위치가 15.4%로 상승 여력이 크지 않습니다."", ""거래량 변화율이 20.11%로 증가했으나, 이는 단기적인 수급 변화일 수 있으며 명확한 추세 전환을 나타내기에는 근거가 부족합니다.""]"
207940,삼성바이오로직스,2023-05-02,1128828,Sell,65,"[""현재가(1,128,828원)가 52주 최저가(1,109,695원)에 근접하며 하락 압력이 감지됩니다."", ""최근 1개월 수익률이 -2.66%로 하락세를 보이고 있으며, 이는 단기적인 투자 심리 위축을 시사합니다."", ""PER(98.7)이 높아 밸류에이션 부담이 존재하며, 이는 향후 주가 상승 여력을 제한할 수 있습니다.""]"
207940,삼성바이오로직스,2023-06-01,1159734,Neutral,55,"[""현재가(1,159,734원)가 52주 최저가(1,109,695원) 대비 상승했으나, 52주 최고가(1,339,287원) 대비로는 하락한 위치에 있어 상승 및 하락 압력이 혼재합니다."", ""최근 1개월 수익률(0.90%)은 소폭 상승했으나, 거래량 변화율(-35.39%)이 크게 감소하여 시장의 관심이 줄어들었음을 시사합니다."", ""PER(103.4)과 PBR(9.04)이 높아 밸류에이션 부담이 존재하며, ROE(8.7%)는 상대적으로 낮은 수준으로 향후 주가 상승을 강하게 지지할 만한 재무적 근거가 부족합니다.""]"
207940,삼성바이오로직스,2023-07-03,1093506,Sell,75,"[""최근 1개월 수익률이 -5.71%로 하락세를 보이고 있으며, 52주 최고가 대비 현재 위치가 0.6%로 매우 근접하여 추가 상승 여력이 제한적일 수 있습니다."", ""PER 97.5, PBR 8.53으로 높은 밸류에이션 수준을 나타내고 있어, 향후 실적 개선이 동반되지 않을 경우 주가 하방 압력이 작용할 수 있습니다."", ""거래량 변화율이 33.56%로 증가했으나, 이는 단기적인 변동성 확대일 수 있으며, 최근 수익률 하락세를 감안할 때 매도 압력으로 작용할 가능성이 있습니다.""]"
207940,삼성바이오로직스,2023-08-01,1180339,Neutral,60,"[""최근 1개월 수익률 7.94%와 거래량 변화율 45.50%는 긍정적인 단기 모멘텀을 시사하나, 높은 PER(105.3)과 PBR(9.21)은 밸류에이션 부담을 나타냅니다."", ""ROE 8.8%는 양호한 수익성을 보여주지만, 52주 최고가 대비 현재 위치(46.5%)는 상승 여력에 대한 불확실성을 내포합니다."", ""기술적 지표는 단기 상승 모멘텀을 보여주지만, 재무 지표의 높은 밸류에이션은 향후 20거래일 내 주가 상승을 확신하기 어렵게 만듭니다.""]"
207940,삼성바이오로직스,2023-09-01,1078788,Sell,75,"[""최근 1개월 수익률이 -7.10%로 하락세를 보이고 있으며, 거래량 변화율 또한 -56.30%로 감소하여 투자 심리가 위축된 것으로 판단됩니다."", ""현재가(1,078,788원)가 52주 최저가(1,041,995원)에 근접해 있어 추가 하락 가능성이 존재합니다."", ""PER 92.6, PBR 8.25 등 높은 밸류에이션 지표 대비 ROE 8.9%는 상대적으로 낮은 수준으로, 현재 주가 수준에 대한 부담이 존재할 수 있습니다.""]"
207940,삼성바이오로직스,2023-10-04,1016975,Sell,75,"[""최근 1개월 수익률이 -8.48%로 하락세를 보이고 있으며, 52주 최고가 대비 현재 위치가 4.8%로 하락 가능성이 열려 있습니다."", ""PER 87.3배는 동종 업계 평균 대비 높은 수준으로 밸류에이션 부담이 존재합니다."", ""ROE 8.9%는 자본 대비 수익성이 높지 않아 현재 주가 수준을 정당화하기 어렵습니다.""]"
207940,삼성바이오로직스,2023-11-01,1034636,Neutral,65,"[""최근 1개월 수익률이 3.38%로 소폭 상승했으나, 52주 최고가 대비 현재 위치가 10.1%로 여전히 높은 수준에 있어 추가 상승 여력이 제한적일 수 있습니다."", ""PER 88.8, PBR 7.91은 시장 평균 대비 높은 수준으로 밸류에이션 부담이 존재합니다."", ""거래량 변화율이 40.04%로 높게 나타나 단기적인 변동성 확대 가능성을 시사하지만, 이는 상승 또는 하락 어느 한 방향으로의 강한 추세를 단정하기 어렵게 만듭니다.""]"
207940,삼성바이오로직스,2023-12-01,1046410,Neutral,55,"[""PER 79.2, PBR 7.80으로 밸류에이션 부담이 존재하며, ROE 9.8%는 이를 상쇄할 만큼 높지 않습니다."", ""최근 1개월 수익률이 -0.14%로 약보합세를 보이고 있으며, 거래량 변화율이 -22.48%로 감소하는 추세는 매수세 약화를 시사합니다."", ""현재가가 52주 최저가 대비 13.9% 높은 수준으로, 추가 상승 여력보다는 하락 위험이 상대적으로 높아 보입니다.""]"
207940,삼성바이오로직스,2024-01-02,1161206,Buy,75,"[""최근 1개월 수익률 8.23%와 거래량 변화율 49.84%는 긍정적인 모멘텀을 시사합니다."", ""현재가가 52주 최고가 대비 약 4.9% 하락한 수준으로, 추가 상승 여력이 존재할 수 있습니다."", ""PER 87.9는 다소 높은 편이나, 바이오 섹터의 성장성을 고려할 때 향후 실적 개선을 통한 밸류에이션 해소 가능성을 배제할 수 없습니다.""]"
207940,삼성바이오로직스,2024-02-01,1220076,Buy,75,"[""최근 1개월 수익률이 5.34%로 긍정적인 흐름을 보이고 있으며, 거래량 변화율도 16.92%로 증가하는 추세입니다."", ""현재 주가가 52주 최고가 대비 93.1% 수준으로, 최고가 경신에 대한 기대감이 존재합니다."", ""PER 92.3, PBR 9.10은 다소 높은 수준이나, ROE 9.8%와 함께 성장성을 반영하고 있을 가능성이 있습니다.""]"
207940,삼성바이오로직스,2024-03-04,1139130,Sell,65,"[""최근 1개월 수익률이 -5.95%로 하락세를 보이고 있으며, 거래량 변화율 또한 -5.46%로 감소하는 추세는 단기적인 매도 압력을 시사합니다."", ""현재가(1,139,130원)가 52주 최고가(1,264,228원) 대비 약 9.9% 하락한 위치에 있으며, 52주 내 현재 위치가 52.5%로 중간 지점에 있어 추가 하락 가능성을 배제할 수 없습니다."", ""PER 86.2, PBR 8.49 등 높은 밸류에이션 지표는 현재 주가 수준이 기업의 내재가치 대비 고평가되었을 가능성을 나타내며, 이는 단기적인 가격 조정의 빌미가 될 수 있습니다.""]"
207940,삼성바이오로직스,2024-04-01,1200943,Neutral,60,"[""현재가 52주 최고가 대비 하락폭이 크지 않고 52주 최저가 대비 높은 위치에 있어 추가 상승 여력과 하락 가능성이 공존합니다."", ""최근 1개월 수익률은 긍정적이나 거래량 변화율이 마이너스인 점은 단기적인 매수세 약화를 시사합니다."", ""PER 99.7, PBR 8.69, ROE 8.7% 등의 재무 지표는 현재 주가 수준에 대한 밸류에이션 부담을 시사하며, 이는 향후 주가 상승의 제약 요인이 될 수 있습니다.""]"
207940,삼성바이오로직스,2024-05-02,1140601,Sell,65,"[""최근 1개월 수익률이 -5.02%로 하락세를 보이고 있으며, 거래량 변화율 또한 -28.83%로 감소하여 투자 심리가 위축되었음을 시사합니다."", ""현재 주가는 52주 최고가 대비 약 9.7% 하락한 수준으로, 단기적인 하락 압력이 존재할 가능성이 있습니다."", ""PER 94.7, PBR 8.26은 높은 밸류에이션을 나타내며, ROE 8.7% 대비 높은 수준으로 향후 주가 상승 여력이 제한적일 수 있습니다.""]"
207940,삼성바이오로직스,2024-06-03,1106751,Sell,65,"[""최근 1개월 수익률이 -3.71%로 하락세를 보이고 있으며, 52주 최고가 대비 현재 위치가 40.2%로 상승 여력 대비 하락 위험이 상대적으로 높아 보입니다."", ""PER 88.0, PBR 7.87로 현재 주가가 기업의 내재가치 대비 고평가된 수준으로 판단됩니다."", ""ROE 8.9%는 시장 평균 대비 낮은 수준으로, 높은 밸류에이션을 정당화하기 어렵습니다.""]"
207940,삼성바이오로직스,2024-07-01,1117054,Neutral,65,"[""현재가(1,117,054원)가 52주 최저가(1,000,786원) 대비 상승했으나 52주 최고가(1,264,228원) 대비로는 하락한 위치에 있어 상승 및 하락 가능성이 혼재합니다."", ""최근 1개월 수익률(3.69%)은 긍정적이나, 거래량 변화율(1.45%)은 큰 변동성을 시사하지 않아 추세 전환을 확신하기 어렵습니다."", ""PER(88.8) 및 PBR(7.94) 지표는 시장 평균 대비 높은 수준으로 밸류에이션 부담이 존재하나, ROE(8.9%)는 이를 상쇄할 만큼 강력한 상승 근거를 제시하지 못하고 있습니다.""]"
207940,삼성바이오로직스,2024-08-01,1361363,Sell,75,"[""현재가가 52주 최고가 대비 94.2% 수준으로, 단기적으로 추가 상승 여력이 제한적일 수 있습니다."", ""최근 1개월 수익률이 14.20%로 높았으나, 이는 단기 급등 후 차익 실현 매물이 출회될 가능성을 시사합니다."", ""PER 108.2, PBR 9.68은 현재 시장에서 높은 밸류에이션을 받고 있음을 나타내며, 이는 향후 주가 상승에 부담으로 작용할 수 있습니다.""]"
207940,삼성바이오로직스,2024-09-02,1420233,Buy,75,"[""최근 1개월 수익률이 4.32%로 긍정적인 흐름을 보이고 있으며, 52주 최고가 대비 현재 위치가 91.6%로 상승 여력이 남아있다고 판단됩니다."", ""거래량 변화율이 8.69%로 증가하는 추세를 보이며 이는 투자자들의 관심 증가 및 매수세 유입 가능성을 시사합니다."", ""PER 98.3, PBR 9.79는 다소 높은 수준이지만, ROE 10.0%와 함께 고려했을 때 성장성을 반영한 프리미엄으로 해석될 수 있으며, 52주 내 높은 위치는 현재 시장에서 긍정적인 평가를 받고 있음을 나타냅니다.""]"
207940,삼성바이오로직스,2024-10-02,1437894,Sell,75,"[""최근 1개월 수익률이 -1.41%로 하락세를 보이고 있으며, 거래량 변화율 또한 -14.66%로 감소하여 매도 압력이 존재함을 시사합니다."", ""현재 주가가 52주 최고가 대비 73.0% 수준에 위치하여 추가 상승 여력보다는 단기 고점 부담이 존재할 수 있습니다."", ""PER 99.5, PBR 9.91 등 높은 밸류에이션 지표는 현재 주가 수준이 재무적 가치 대비 고평가되었을 가능성을 내포하며, 이는 향후 주가 하락의 요인이 될 수 있습니다.""]"
207940,삼성바이오로직스,2024-11-01,1468800,Neutral,65,"[""현재가 1,468,800원은 52주 최고가 1,605,673원 대비 하락 여력이 존재하나, 52주 최저가 1,027,277원 대비로는 상승 여력이 더 커 보입니다."", ""최근 1개월 수익률 2.15%는 소폭 상승세를 나타내지만, 거래량 변화율 -23.04%는 투자 심리 위축 가능성을 시사합니다."", ""PER 101.7, PBR 10.12는 높은 밸류에이션을 나타내어 추가 상승에 대한 부담이 있으며, ROE 10.0%는 이를 상쇄할 만큼 압도적인 수준은 아닙니다.""]"
207940,삼성바이오로직스,2024-12-02,1429063,Sell,65,"[""최근 1개월 수익률이 -2.71%로 하락세를 보이고 있으며, 52주 최고가 대비 현재 위치가 69.5%로 상승 여력이 제한적일 수 있습니다."", ""PER 96.6, PBR 9.60으로 밸류에이션 부담이 높은 수준으로 판단됩니다."", ""거래량 변화율이 15.51%로 증가했으나, 이는 단기적인 수급 변화일 수 있으며 전반적인 상승 추세를 강하게 지지하기에는 부족합니다.""]"
207940,삼성바이오로직스,2025-01-02,1374609,Sell,65,"[""최근 1개월 수익률이 -4.21%로 하락세를 보이고 있으며, 거래량 변화율 또한 -31.19%로 감소하여 투자 심리가 위축된 것으로 판단됩니다."", ""PER 93.0, PBR 9.24로 현재 주가가 기업의 내재가치 대비 고평가된 수준으로 해석될 여지가 있습니다."", ""52주 최고가 대비 현재 위치가 59.4%로, 상승 여력보다는 하락 위험이 상대적으로 더 부각될 수 있는 구간입니다.""]"
207940,삼성바이오로직스,2025-02-03,1611560,Sell,75,"[""현재가가 52주 최고가와 동일하며, 이는 단기적인 상승 모멘텀이 소진되었을 가능성을 시사합니다."", ""최근 1개월 수익률이 16.86%로 높지만, 이는 단기 급등 후 차익 실현 매물이 출회될 가능성을 내포합니다."", ""PER 109.0, PBR 10.83은 현재 시장에서 높은 밸류에이션을 받고 있음을 나타내며, 추가적인 상승 여력이 제한적일 수 있습니다.""]"
207940,삼성바이오로직스,2025-03-04,1648353,Neutral,55,"[""현재가(1,648,353원)는 52주 최고가(1,744,017원) 대비 약 5.5% 하락한 수준으로, 단기적인 상승 여력과 하락 위험이 공존합니다."", ""최근 1개월 수익률(3.61%)은 소폭 상승세를 보이나, 거래량 변화율(0.59%)은 큰 변동이 없어 추세 전환을 확신하기 어렵습니다."", ""PER(111.5) 및 PBR(11.08) 지표는 높은 편으로 밸류에이션 부담이 존재하나, ROE(9.9%)는 이를 상쇄할 만큼 높지 않아 향후 주가 상승 근거가 명확하지 않습니다.""]"
207940,삼성바이오로직스,2025-04-01,1557105,Sell,75,"[""최근 1개월 수익률이 -5.20%로 하락세를 보이고 있으며, 거래량 변화율 또한 -32.10%로 감소하여 매도 압력이 존재함을 시사합니다."", ""현재가가 52주 최고가 대비 약 10.4% 하락한 수준이며, 52주 내 현재 위치가 72.3%로 고점 대비 상당 부분 하락한 상태에서 추가 하락 가능성을 배제할 수 없습니다."", ""PER 102.3, PBR 10.16 등 높은 밸류에이션 지표는 현재 주가에 대한 부담감을 나타내며, ROE 9.9% 대비 높은 밸류에이션은 향후 주가 상승 동력이 약할 수 있음을 시사합니다.""]"
207940,삼성바이오로직스,2025-05-02,1596842,Neutral,65,"[""최근 1개월 수익률이 3.33%로 소폭 상승세를 보이고 있으나, PER 104.9배는 높은 밸류에이션을 시사하여 추가 상승 여력이 제한적일 수 있습니다."", ""52주 최고가 대비 현재 위치가 78.2%로 상승 여력이 남아있지만, PBR 10.42배 역시 높은 수준으로 밸류에이션 부담이 존재합니다."", ""거래량 변화율이 43.01%로 증가한 것은 긍정적인 신호일 수 있으나, ROE 9.9%는 높은 밸류에이션을 정당화하기에는 다소 낮은 수준으로 판단됩니다.""]"
207940,삼성바이오로직스,2025-06-02,1517368,Sell,65,"[""현재 PER 84.4는 동종 업계 평균 대비 높은 수준으로 밸류에이션 부담이 존재합니다."", ""최근 1개월 수익률이 -2.09%로 하락세를 보이고 있으며, 이는 단기적인 매도 압력을 시사합니다."", ""52주 최고가 대비 현재 위치가 66.4%로, 상승 여력보다는 하락 위험이 상대적으로 높아 보입니다.""]"
207940,삼성바이오로직스,2025-07-01,1476159,Neutral,65,"[""현재가(1,476,159원)는 52주 최고가(1,744,017원) 대비 약 15% 하락한 수준으로, 기술적으로는 반등 가능성을 시사하나 최근 1개월 수익률(-2.24%)과 거래량 변화율(-24.79%)은 하락 추세를 나타내고 있습니다."", ""PER(82.1)과 PBR(9.31) 지표는 시장 평균 대비 높은 수준으로, 현재 주가가 고평가되었을 가능성을 내포하고 있어 추가 상승에 대한 부담 요인으로 작용할 수 있습니다."", ""ROE(11.3%)는 양호한 수준이나, 높은 밸류에이션 지표와 최근의 부정적인 기술적 지표들이 혼재되어 있어 향후 20거래일 동안의 명확한 방향성을 판단하기 어렵습니다.""]"
207940,삼성바이오로직스,2025-08-01,1521783,Neutral,55,"[""PER 84.7, PBR 9.60으로 밸류에이션 부담이 존재하나, ROE 11.3%는 양호한 수준을 보입니다."", ""52주 최고가 대비 현재 위치가 56.9%로 상승 여력이 남아있으나, 최근 1개월 수익률이 -0.96%로 약세를 보이고 있습니다."", ""거래량 변화율이 30.91%로 증가한 점은 긍정적이나, 전반적인 재무 및 기술 지표에서 명확한 상승 또는 하락 추세를 강하게 지지하는 근거가 부족합니다.""]"
207940,삼성바이오로직스,2025-09-01,1465857,Sell,75,"[""최근 1개월 수익률이 -6.65%로 하락세를 보이고 있으며, 거래량 변화율 또한 -51.36%로 감소하여 매도 압력이 존재함을 시사합니다."", ""현재 주가가 52주 최고가 대비 약 16% 하락한 위치에 있으며, 이는 단기적인 하락 추세의 연장 가능성을 나타냅니다."", ""PER 81.1, PBR 8.99 등 높은 밸류에이션 지표는 현재 주가 수준에 대한 부담감을 시사하며, ROE 11.1% 대비 높은 수준입니다.""]"
207940,삼성바이오로직스,2025-10-01,1479103,Neutral,55,"[""PER 81.9, PBR 9.07은 현재 고평가 구간에 있음을 시사하며, 이는 단기적인 주가 상승에 부담 요인으로 작용할 수 있습니다."", ""최근 1개월 수익률 0.80%는 뚜렷한 상승 또는 하락 추세를 보이지 않아 방향성 판단이 어렵습니다."", ""거래량 변화율 48.09%는 시장의 관심이 증가하고 있음을 나타내지만, 이것이 매수세인지 매도세인지 명확히 구분하기 어려워 향후 주가 방향성을 확신하기 어렵습니다.""]"
207940,삼성바이오로직스,2025-11-03,1797000,Buy,75,"[""최근 1개월 수익률이 22.10%로 강한 상승세를 보이고 있으며, 52주 최고가 대비 현재 위치가 96.5%로 상승 여력이 남아있습니다."", ""거래량 변화율이 48.84%로 증가하며 시장의 관심이 집중되고 있음을 시사합니다."", ""PER 99.5, PBR 11.02는 다소 높은 수준이나, ROE 11.1%와 함께 성장성을 반영하고 있을 가능성이 있습니다.""]"
207940,삼성바이오로직스,2025-12-01,1649000,Sell,75,"[""최근 1개월 수익률이 -8.24%로 하락세를 보이고 있으며, 거래량 변화율 또한 -18.97%로 감소하여 투자 심리가 위축되었음을 시사합니다."", ""현재가(1,649,000원)가 52주 최고가(1,813,189원) 대비 약 9% 하락한 수준이지만, 최근 하락 추세가 지속되고 있어 추가 하락 가능성을 배제할 수 없습니다."", ""PER(73.5) 및 PBR(9.64) 지표가 상대적으로 높아 밸류에이션 부담이 존재하며, 이는 향후 주가 상승 여력을 제한할 수 있습니다.""]"
068270,셀트리온,2023-01-02,147192,Sell,65,"[""최근 1개월 수익률이 -6.95%로 하락세를 보이고 있으며, 거래량 변화율 또한 음(-)의 값을 나타내고 있어 단기적인 매도 압력이 존재함을 시사합니다."", ""현재가가 52주 최고가 대비 약 17.9% 하락한 수준에 위치해 있으며, 이는 상승 모멘텀 약화 가능성을 나타냅니다."", ""PER 32.6배는 시장 평균 대비 높은 수준으로, 향후 주가 상승 여력이 제한적일 수 있음을 시사합니다.""]"
068270,셀트리온,2023-02-01,156208,Neutral,55,"[""최근 1개월 수익률은 긍정적이나, 거래량 변화율이 음수이며 52주 최고가 대비 현재 위치가 절반 수준으로 상승 모멘텀이 강하다고 보기 어렵습니다."", ""PER 34.6, PBR 5.00은 시장 평균 대비 높은 수준으로 밸류에이션 부담이 존재합니다."", ""ROE 14.5%는 양호한 수준이나, 현재 주가 수준에서 향후 20거래일 내 뚜렷한 상승을 기대할 만한 강력한 근거가 부족합니다.""]"
068270,셀트리온,2023-03-02,132197,Sell,75,"[""최근 1개월 수익률이 -11.08%로 하락세를 보이고 있으며, 이는 단기적인 하락 압력을 시사합니다."", ""현재가가 52주 최고가 대비 11.4% 하락한 위치에 있어 추가적인 하락 가능성을 배제할 수 없습니다."", ""거래량 변화율이 57.92%로 높게 나타나고 있으나, 최근 수익률 하락과 함께 나타나는 경우 매도 압력이 강함을 의미할 수 있습니다.""]"
068270,셀트리온,2023-04-03,137992,Neutral,55,"[""PER 33.8, PBR 4.47은 현재가 고평가 가능성을 시사하나, ROE 13.2%는 이를 일부 상쇄합니다."", ""52주 최고가 대비 현재 위치가 20.6%로, 상승 여력과 하락 위험이 공존하는 구간입니다."", ""최근 1개월 수익률이 -0.40%로 큰 변동이 없으며, 거래량 변화율 2.36%도 방향성을 명확히 제시하지 못합니다.""]"
068270,셀트리온,2023-05-02,147560,Neutral,55,"[""최근 1개월 수익률이 7.08%로 긍정적인 흐름을 보이고 있으나, PER 36.1, PBR 4.78은 밸류에이션 부담을 시사합니다."", ""52주 최고가 대비 현재 위치가 35.7%로 상승 여력이 남아있다고 볼 수도 있지만, 52주 최저가 대비로는 이미 상당 부분 상승한 상태입니다."", ""거래량 변화율이 11.80%로 증가하는 추세는 긍정적이나, 재무 지표와 기술 지표 간의 상반된 신호로 인해 명확한 방향성을 판단하기 어렵습니다.""]"
068270,셀트리온,2023-06-01,161360,Sell,75,"[""현재 PER 36.6배는 동종 업계 평균 대비 높은 수준으로 밸류에이션 부담이 존재합니다."", ""최근 1개월 수익률이 9.22%로 양호했으나, 거래량 변화율이 -26.92%로 감소하는 추세는 매도 압력을 시사합니다."", ""52주 최고가 대비 현재 위치가 52.0%로 절반 수준에 머물러 있어 추가 상승 여력이 제한적일 수 있습니다.""]"
068270,셀트리온,2023-07-03,139464,Sell,75,"[""최근 1개월 수익률이 -13.57%로 하락세를 보이고 있으며, 이는 단기적인 매도 압력을 시사합니다."", ""현재가가 52주 최고가 대비 12.9% 하락한 위치에 있어 추가적인 하락 가능성을 배제할 수 없습니다."", ""PER 31.7은 동종 업계 평균 대비 높은 수준일 수 있으며, 이는 현재 주가가 기업의 수익 대비 고평가되었을 가능성을 나타냅니다.""]"
068270,셀트리온,2023-08-01,138912,Neutral,55,"[""PER 31.6, PBR 4.50은 현재 시장에서 높은 밸류에이션을 나타내어 추가 상승 여력이 제한적일 수 있습니다."", ""ROE 14.3%는 양호한 수준이나, 52주 최고가 대비 현재 위치가 13.8% 하락한 점은 단기적인 하방 압력을 시사합니다."", ""최근 1개월 수익률이 -0.40%로 부진한 가운데 거래량 변화율이 26.78%로 높게 나타나, 방향성 탐색 구간에 있을 가능성이 있습니다.""]"
068270,셀트리온,2023-09-01,132381,Sell,65,"[""현재 PER 32.3배는 동종 업계 평균 대비 높은 수준으로 밸류에이션 부담이 존재합니다."", ""최근 1개월 수익률이 -2.77%로 하락세를 보이고 있으며, 거래량 변화율 또한 -11.79%로 감소하는 추세입니다."", ""52주 최고가 대비 현재 위치가 5.5%로, 상승 여력보다는 하락 가능성이 상대적으로 높아 보입니다.""]"
068270,셀트리온,2023-10-04,125021,Sell,75,"[""최근 1개월 수익률이 -7.86%로 하락세를 보이고 있으며, 거래량 변화율 또한 -47.39%로 감소하여 투자 심리가 위축된 것으로 판단됩니다."", ""현재가가 52주 최고가 대비 낮은 수준에 위치하고 있으나, 52주 내 현재 위치가 0.0%로 표기된 것은 최고가와 현재가가 거의 동일함을 의미하며, 이는 추가 상승 여력이 제한적일 수 있음을 시사합니다."", ""PER 30.5, PBR 3.94는 절대적으로 저평가되었다고 보기 어려운 수준이며, ROE 12.9% 대비 밸류에이션 부담이 존재할 수 있습니다.""]"
068270,셀트리온,2023-11-01,137440,Buy,75,"[""최근 1개월 수익률이 9.37%로 긍정적인 흐름을 보이고 있으며, 거래량 변화율이 43.02%로 증가하며 매수세 유입 가능성을 시사합니다."", ""현재가가 52주 최저가 대비 18.9% 상승한 137,440원으로, 하락보다는 상승 추세에 대한 기대감을 높입니다."", ""ROE 12.9%는 양호한 수준으로, 기업의 수익 창출 능력이 뒷받침되고 있음을 보여줍니다.""]"
068270,셀트리온,2023-12-01,150044,Buy,75,"[""최근 1개월 수익률이 8.88%로 긍정적인 흐름을 보이고 있으며, 거래량 변화율도 15.46%로 증가하는 추세를 나타내고 있습니다."", ""현재가가 52주 최고가 대비 약 6.1% 하락한 수준으로, 추가 상승 여력이 존재할 가능성이 있습니다."", ""PER 33.6은 다소 높은 편이나, ROE 13.8%를 고려할 때 성장성을 반영한 수준으로 해석될 수 있습니다.""]"
068270,셀트리온,2024-01-02,212969,Sell,75,"[""현재가가 52주 최고가를 돌파한 상황에서 추가적인 상승 동력이 약할 수 있습니다."", ""최근 1개월 수익률이 43.17%로 매우 높으며, 이는 단기 급등 후 차익 실현 매물이 출회될 가능성을 시사합니다."", ""거래량 변화율이 97.45%로 높지만, 이는 기존의 높은 상승세를 유지하기 위한 에너지가 소진되었을 가능성도 배제할 수 없습니다.""]"
068270,셀트리온,2024-02-01,164395,Sell,75,"[""최근 1개월 수익률이 -22.81%로 큰 폭의 하락세를 보이고 있으며, 이는 단기적인 매도 압력을 시사합니다."", ""거래량 변화율이 -30.93%로 감소한 것은 투자자들의 관심 감소 또는 매도 심리 강화를 나타낼 수 있습니다."", ""현재가가 52주 최고가 대비 약 19% 하락한 위치에 있으며, 이는 추가적인 하락 가능성을 배제할 수 없음을 의미합니다.""]"
068270,셀트리온,2024-03-04,162003,Sell,65,"[""현재 PER 36.3배는 KOSPI 평균 PER 대비 높은 수준으로 밸류에이션 부담이 존재합니다."", ""최근 1개월 수익률이 -1.95%로 하락세를 보이고 있으며, 거래량 변화율 또한 -22.78%로 감소하여 투자 심리가 위축된 것으로 판단됩니다."", ""52주 최고가 대비 현재 주가 위치가 44.4%로, 상승 여력보다는 하락 위험이 상대적으로 높아 보입니다.""]"
068270,셀트리온,2024-04-01,173043,Neutral,55,"[""최근 1개월 수익률이 4.67%로 긍정적인 흐름을 보이고 있으나, PER 43.9배는 밸류에이션 부담을 시사합니다."", ""52주 최고가 대비 현재 위치가 56.5%로 중간 수준에 머물러 있어 뚜렷한 상승 또는 하락 추세를 단정하기 어렵습니다."", ""거래량 변화율이 7.26%로 소폭 증가했으나, 이는 추세 전환을 확신하기에는 부족한 수치입니다.""]"
068270,셀트리온,2024-05-02,172491,Sell,65,"[""현재 PER 43.7배는 동종 업계 평균 대비 높은 수준으로 밸류에이션 부담이 존재합니다."", ""최근 1개월 수익률이 -0.32%로 약보합세를 보이고 있으며, 거래량 변화율 또한 -24.81%로 감소하는 추세는 투자 심리 위축을 시사합니다."", ""52주 최고가 대비 현재 주가 위치가 55.9%로 절반 이상 상승했으나, ROE 4.9% 대비 높은 PBR 2.13배는 재무적 성과 대비 고평가 가능성을 내포합니다.""]"
068270,셀트리온,2024-06-03,164671,Sell,75,"[""현재 PER 57.9배는 동종 업계 평균 대비 높은 수준으로 밸류에이션 부담이 존재합니다."", ""최근 1개월 수익률이 -5.29%로 하락세를 보이고 있으며, 거래량 변화율 또한 음수(-)를 기록하며 매도 압력이 지속될 가능성을 시사합니다."", ""52주 최고가 대비 현재 위치가 47.3%로 절반 수준에 머물러 있어 추가적인 상승 여력보다는 하락 위험이 더 부각될 수 있습니다.""]"
068270,셀트리온,2024-07-01,169363,Neutral,65,"[""최근 1개월 수익률이 3.84%로 소폭 상승했으나, PER 59.5배는 높은 밸류에이션을 시사하여 추가 상승 여력이 제한적일 수 있습니다."", ""52주 최고가 대비 현재 위치가 52.5%로 중간 수준에 머물러 있어 뚜렷한 상승 추세로 보기 어렵습니다."", ""거래량 변화율이 35.28%로 높게 나타나 단기적인 변동성 확대 가능성은 있으나, 상승 또는 하락을 명확히 지지하는 근거는 부족합니다.""]"
068270,셀트리온,2024-08-01,183990,Sell,75,"[""PER 64.7배는 현재 주가가 기업의 이익 대비 고평가되었음을 시사하며, 이는 향후 주가 상승에 부담으로 작용할 수 있습니다."", ""ROE 3.5%는 낮은 수준으로, 기업의 수익 창출 능력이 주가 수준에 비해 미흡함을 나타냅니다."", ""최근 1개월 수익률 10.01%와 거래량 변화율 29.96%는 단기적인 상승 모멘텀을 보여주지만, PER과 ROE 지표를 고려할 때 지속적인 상승보다는 단기 차익 실현 매물이 출회될 가능성이 있습니다.""]"
068270,셀트리온,2024-09-02,181322,Sell,75,"[""현재 PER 84.1배는 동종 업계 평균 대비 높은 수준으로 밸류에이션 부담이 존재합니다."", ""ROE 2.7%는 낮은 수준으로 기업의 수익성 개선이 더딘 것으로 판단됩니다."", ""최근 1개월 수익률이 -1.45%로 약세를 보이고 있으며, 52주 최고가 대비 현재 위치가 65.5%로 상승 여력이 제한적일 수 있습니다.""]"
068270,셀트리온,2024-10-02,175711,Sell,65,"[""최근 1개월 수익률이 -5.21%로 하락세를 보이고 있으며, 거래량 변화율 또한 -40.97%로 감소하여 투자 심리가 위축된 것으로 판단됩니다."", ""PER 81.5, PBR 2.19, ROE 2.7%의 재무 지표는 현재 주가가 기업의 내재 가치 대비 고평가되었을 가능성을 시사합니다."", ""52주 최고가 대비 현재 위치가 59.4%로, 상승 여력보다는 하락 위험이 상대적으로 높아 보입니다.""]"
068270,셀트리온,2024-11-01,166604,Sell,65,"[""최근 1개월 수익률이 -7.32%로 하락세를 보이고 있으며, 거래량 변화율 또한 -16.68%로 감소하여 투자 심리가 위축된 것으로 판단됩니다."", ""현재 PER 77.3배는 동종 업계 평균 대비 높은 수준으로 밸류에이션 부담이 존재하며, ROE 2.7%는 낮은 수준으로 수익성이 부진함을 시사합니다."", ""52주 최고가 대비 현재 위치가 44.6%로 절반 이상 하락한 상태이며, 이는 추가적인 하락 가능성을 내포하고 있습니다.""]"
068270,셀트리온,2024-12-02,169823,Neutral,55,"[""PER 178.7, ROE 1.2%는 현재 주가 수준 대비 재무적 매력이 낮음을 시사합니다."", ""최근 1개월 수익률 1.93%와 거래량 변화율 10.97%는 단기적인 주가 상승 모멘텀이 강하지 않음을 나타냅니다."", ""52주 최고가 대비 현재 위치가 36.5%로 하락 가능성도 존재하나, 52주 최저가 대비 상승 여력도 있어 명확한 방향성을 판단하기 어렵습니다.""]"
068270,셀트리온,2025-01-02,173667,Sell,65,"[""PER 182.7배, ROE 1.2%로 현재 주가 수준 대비 기업의 수익 창출 능력이 매우 낮아 고평가 상태로 판단됩니다."", ""52주 최고가 대비 현재 위치가 35.6%로, 상승 여력보다는 하락 위험이 더 높아 보입니다."", ""최근 1개월 수익률이 0.95%로 미미한 수준이며, 거래량 변화율 59.12%는 단기적인 변동성을 시사하나 상승 추세를 강하게 지지하지는 않습니다.""]"
068270,셀트리온,2025-02-03,169525,Sell,65,"[""현재 PER 178.3배는 동종 업계 평균 대비 높은 수준으로 밸류에이션 부담이 존재합니다."", ""최근 1개월 수익률이 -3.77%로 하락세를 보이고 있으며, 거래량 변화율 또한 -51.86%로 감소하여 투자 심리가 위축된 것으로 판단됩니다."", ""ROE 1.2%는 낮은 수준으로 기업의 수익 창출 능력이 부진함을 시사합니다.""]"
068270,셀트리온,2025-03-04,176749,Sell,65,"[""현재 PER 185.9배는 동종 업계 평균 대비 높은 수준으로 밸류에이션 부담이 존재합니다."", ""ROE 1.2%는 낮은 수준으로 기업의 수익성 개선이 더딘 것으로 판단됩니다."", ""최근 1개월 수익률이 2.11%로 소폭 상승했으나, 52주 최고가 대비 현재 위치가 61.5%로 상승 여력이 제한적일 수 있습니다.""]"
068270,셀트리온,2025-04-01,168369,Sell,75,"[""최근 1개월 수익률이 -5.00%로 하락세를 보이고 있으며, 거래량 변화율 또한 -29.54%로 감소하여 투자 심리가 위축된 것으로 판단됩니다."", ""현재가(168,369원)가 52주 최고가(183,265원) 대비 약 8.1% 하락한 위치에 있으며, 52주 내 현재 위치가 40.7%로 중간보다 낮은 편에 속해 추가 하락 가능성을 시사합니다."", ""ROE가 2.5%로 낮은 수준이며, PER이 78.4로 높아 기업의 수익성에 비해 밸류에이션 부담이 있는 것으로 보입니다.""]"
068270,셀트리온,2025-05-02,156425,Sell,75,"[""현재 PER 72.8배는 동종 업계 평균 대비 높은 수준으로 밸류에이션 부담이 존재합니다."", ""최근 1개월 수익률이 -4.30%로 하락세를 보이고 있으며, 이는 단기적인 매도 압력을 시사합니다."", ""52주 최고가 대비 현재 위치가 17.5%로, 상승 여력보다는 하락 가능성이 상대적으로 높아 보입니다.""]"
068270,셀트리온,2025-06-02,155077,Sell,65,"[""현재 PER 59.8배는 동종 업계 평균 대비 높은 수준으로 밸류에이션 부담이 존재합니다."", ""최근 1개월 수익률이 -1.83%로 하락세를 보이고 있으며, 52주 최고가 대비 현재 위치가 19.2%로 상승 여력이 제한적입니다."", ""거래량 변화율이 14.64%로 증가했으나, 이는 단기적인 수급 변화일 뿐 펀더멘털 개선을 뒷받침하는 근거는 부족합니다.""]"
068270,셀트리온,2025-07-01,160400,Sell,65,"[""PER 61.9배는 현재 주가가 기업의 이익 대비 고평가되었음을 시사하며, 이는 향후 주가 상승에 부담으로 작용할 수 있습니다."", ""ROE 3.1%는 낮은 수준으로, 기업의 수익 창출 능력이 주가 수준에 비해 미흡함을 나타냅니다."", ""최근 1개월 수익률이 4.93%로 양수이나, 거래량 변화율이 -20.08%로 음수이며 52주 최고가 대비 현재 위치가 30.8%로 상대적으로 낮은 점은 추가적인 상승 동력이 약함을 시사합니다.""]"
068270,셀트리온,2025-08-01,171300,Sell,65,"[""현재 PER 66.1배는 동종 업계 평균 대비 높은 수준으로 밸류에이션 부담이 존재합니다."", ""최근 1개월 수익률이 -0.58%로 약세를 보이고 있으며, 거래량 변화율 또한 -17.99%로 감소하는 추세는 투자 심리 위축을 시사합니다."", ""52주 최고가 대비 현재 위치가 54.5%로 절반 이상 상승했으나, 최근 모멘텀 약화와 밸류에이션 부담을 고려할 때 단기 상승 동력이 약하다고 판단됩니다.""]"
068270,셀트리온,2025-09-01,169800,Sell,65,"[""최근 1개월 수익률이 -5.09%로 하락세를 보이고 있으며, 거래량 변화율 또한 -21.42%로 감소하여 투자 심리가 위축된 것으로 판단됩니다."", ""PER 68.3배는 동종 업계 평균 대비 높은 수준으로, 현재 주가가 고평가되었을 가능성을 시사합니다."", ""ROE 3.1%는 낮은 수준으로, 기업의 수익 창출 능력이 기대에 미치지 못하고 있음을 나타냅니다.""]"
068270,셀트리온,2025-10-01,175100,Neutral,55,"[""현재가(175,100원)가 52주 최고가(180,196원)에 근접해 있어 추가 상승 여력이 제한적일 수 있습니다."", ""최근 1개월 수익률(2.28%)은 소폭 상승했으나, 거래량 변화율(49.43%)이 크게 증가한 점은 단기적인 변동성 확대 가능성을 시사합니다."", ""PER(70.5)과 PBR(2.19) 지표는 시장 평균 대비 높은 수준으로, 현재 주가에 대한 밸류에이션 부담이 존재합니다.""]"
068270,셀트리온,2025-11-03,174600,Sell,75,"[""현재 PER 70.2배는 동종 업계 평균 대비 높은 수준으로 밸류에이션 부담이 존재합니다."", ""최근 1개월 수익률이 -1.91%로 하락세를 보이고 있으며, 52주 최고가에 근접한 현재가에서 추가 상승 여력이 제한적일 수 있습니다."", ""거래량 변화율이 15.85%로 증가했으나, 이는 단기적인 변동성 확대 가능성을 시사하며 하락 압력으로 작용할 수 있습니다.""]"
068270,셀트리온,2025-12-01,185800,Sell,75,"[""현재 PER 51.1은 동종 업계 평균 대비 높은 수준으로 밸류에이션 부담이 존재합니다."", ""ROE 4.5%는 낮은 수준으로 기업의 수익성 개선이 더딘 것으로 판단됩니다."", ""최근 1개월 수익률이 5.81%로 상승세를 보였으나, 52주 최고가에 근접한 현재 위치는 추가 상승 여력을 제한할 수 있습니다.""]"
373220,LG에너지솔루션,2023-01-02,446000,Sell,75,"[""최근 1개월 수익률이 -23.76%로 큰 폭의 하락세를 보이고 있어 단기적인 하락 추세가 지속될 가능성이 있습니다."", ""현재가(446,000원)가 52주 최고가(624,000원) 대비 33.6% 낮은 수준이지만, 최근 하락세를 감안할 때 추가 하락 가능성을 배제할 수 없습니다."", ""거래량 변화율이 -4.64%로 감소하는 추세를 보이며 이는 매도 심리가 우세함을 시사할 수 있습니다.""]"
373220,LG에너지솔루션,2023-02-01,522000,Sell,75,"[""현재 PER 216.7배는 동종 업계 평균 대비 높은 수준으로 밸류에이션 부담이 존재합니다."", ""최근 1개월 수익률 19.86% 상승 후 거래량 변화율 20.10% 증가는 단기 차익 실현 매물 출회 가능성을 시사합니다."", ""52주 최고가 대비 현재 위치 61.9%는 추가 상승 여력보다 되돌림 가능성을 높이는 요인으로 작용할 수 있습니다.""]"
373220,LG에너지솔루션,2023-03-02,535000,Neutral,60,"[""현재 PER 222.1배는 높은 수준으로 밸류에이션 부담이 존재하나, 52주 최고가 대비 현재 위치가 66.8%로 상승 여력이 남아있다는 해석도 가능합니다."", ""최근 1개월 수익률이 2.69%로 소폭 상승했으나, 거래량 변화율이 -22.56%로 감소한 점은 투자 심리 위축 가능성을 시사합니다."", ""ROE 2.5%는 낮은 수준으로 기업의 수익성 개선이 주가 상승의 강력한 동인이 되기 어렵습니다.""]"
373220,LG에너지솔루션,2023-04-03,586000,Buy,75,"[""최근 1개월 수익률 8.92%와 거래량 변화율 19.57%는 긍정적인 모멘텀을 시사합니다."", ""현재가가 52주 최고가 대비 약 14.2% 하락한 수준으로, 추가 상승 여력이 존재할 수 있습니다."", ""PER 177.2, PBR 7.32는 다소 높은 수준이나, 성장성을 반영한 것으로 해석될 수 있으며, 최근 시장의 긍정적 흐름에 동참할 가능성이 있습니다.""]"
373220,LG에너지솔루션,2023-05-02,591000,Sell,75,"[""현재 PER 178.8배는 동종 업계 평균 대비 높은 수준으로 밸류에이션 부담이 존재합니다."", ""52주 최고가 대비 현재 위치가 87.7%로, 단기적으로 상승 여력이 제한적일 수 있습니다."", ""최근 1개월 수익률이 1.20%로 소폭 상승했으나, 거래량 변화율이 -8.22%로 감소하는 추세는 매도 압력을 시사할 수 있습니다.""]"
373220,LG에너지솔루션,2023-06-01,584000,Sell,75,"[""현재가(584,000원)가 52주 최고가(624,000원) 대비 높은 수준(85.1%)에 위치하여 추가 상승 여력이 제한적일 수 있습니다."", ""최근 1개월 수익률이 0.52%로 미미한 반면, 거래량 변화율이 -40.17%로 크게 감소하여 투자 심리가 위축되었음을 시사합니다."", ""PER이 0.0으로 재무적으로는 매력적으로 보일 수 있으나, 이는 현재 이익이 없거나 매우 적다는 것을 의미하며, PBR이 6.96으로 높은 수준임을 감안할 때 밸류에이션 부담이 존재합니다.""]"
373220,LG에너지솔루션,2023-07-03,573000,Sell,75,"[""현재가(573,000원)가 52주 최고가(624,000원) 대비 높은 수준(81.0%)에 위치하여 추가 상승 여력이 제한적일 수 있습니다."", ""최근 1개월 수익률이 -1.88%로 약세를 보이고 있어 단기적인 하락 압력이 존재할 가능성이 있습니다."", ""PER이 0.0으로 재무적으로 특이사항이 있으나, 이는 일반적으로 성장성이 매우 높거나 적자 기업에서 나타나는 지표로, 현재가와 PBR(6.82)을 고려할 때 추가적인 상승 동력을 찾기 어렵습니다.""]"
373220,LG에너지솔루션,2023-08-01,557000,Sell,75,"[""PER이 0.0으로 산출되는 것은 현재 이익이 매우 낮거나 적자 상태임을 시사하며, 이는 향후 주가 상승에 대한 재무적 부담 요인으로 작용할 수 있습니다."", ""최근 1개월 수익률이 -2.79%로 하락세를 보이고 있으며, 이는 단기적인 매도 압력이 존재함을 나타냅니다."", ""거래량 변화율이 97.57%로 높게 나타나는 것은 변동성이 크다는 것을 의미하며, 이러한 상황에서 최근 하락세는 추가 하락 가능성을 시사합니다.""]"
373220,LG에너지솔루션,2023-09-01,522000,Sell,65,"[""최근 1개월 수익률이 -4.04%로 하락세를 보이고 있으며, 거래량 변화율 또한 -46.63%로 감소하여 투자 심리가 위축된 것으로 판단됩니다."", ""PER이 0.0으로 산출되는 것은 현재 이익이 없거나 매우 적음을 시사하며, 이는 향후 주가 상승에 대한 재무적 근거가 약함을 나타냅니다."", ""52주 최고가 대비 현재 위치가 48.4%로, 52주 내에서 중간 이하 수준에 머물러 있어 단기적인 상승 모멘텀이 약하다고 볼 수 있습니다.""]"
373220,LG에너지솔루션,2023-10-04,456000,Sell,75,"[""최근 1개월 수익률이 -17.54%로 하락세를 보이고 있으며, 거래량 변화율 또한 -12.69%로 감소하는 추세입니다."", ""현재가가 52주 최고가 대비 14.9% 낮은 수준에 위치해 있어 추가 하락 가능성을 시사합니다."", ""PER이 0.0으로 재무적 가치 대비 고평가 논란의 여지가 있으며, ROE가 N/A%로 수익성 지표가 부재하여 투자 매력도가 낮습니다.""]"
373220,LG에너지솔루션,2023-11-01,377500,Sell,75,"[""최근 1개월 수익률이 -20.61%로 큰 폭의 하락세를 보이고 있으며, 이는 단기적인 하락 압력이 지속될 가능성을 시사합니다."", ""현재가가 52주 최저가와 동일한 수준으로, 기술적으로 추가 하락 가능성이 존재합니다."", ""PER이 0.0으로 산출되는 것은 현재 이익이 없거나 매우 적음을 의미하며, 이는 기업의 수익성에 대한 불확실성을 높여 주가 하락 요인이 될 수 있습니다.""]"
373220,LG에너지솔루션,2023-12-01,428500,Sell,75,"[""PER이 0.0으로 산출되는 것은 현재 이익이 없거나 매우 적음을 시사하며, 이는 향후 주가 상승에 대한 부정적인 신호로 해석될 수 있습니다."", ""최근 1개월 수익률이 9.45%로 양호하나, 거래량 변화율이 -16.09%로 감소하는 것은 단기적인 매수세 약화를 나타낼 수 있습니다."", ""현재 주가가 52주 최고가 대비 약 21.8% 하락한 위치에 있으며, 이는 추가적인 하락 가능성을 시사할 수 있습니다.""]"
373220,LG에너지솔루션,2024-01-02,429500,Sell,65,"[""PER이 0.0으로 재무적 가치 대비 고평가 가능성이 낮으나, PBR이 4.90으로 자산 가치 대비 높은 수준을 유지하고 있습니다."", ""52주 최고가 대비 현재 위치가 22.2%로, 52주 내에서 상승 여력이 제한적일 수 있습니다."", ""최근 1개월 수익률이 -3.92%로 하락세를 보이고 있으며, 거래량 변화율 또한 -39.69%로 감소하여 투자 심리가 위축된 것으로 판단됩니다.""]"
373220,LG에너지솔루션,2024-02-01,381500,Sell,75,"[""최근 1개월 수익률이 -8.29%로 하락세를 보이고 있으며, 52주 최고가 대비 현재 위치가 5.5%로 낮은 편에 속하여 추가 하락 가능성이 있습니다."", ""PER이 0.0으로 재무적으로 특이사항이 있으나, 이는 일반적으로 기업의 이익이 없거나 매우 적음을 시사하며, 이는 주가 하락 요인이 될 수 있습니다."", ""거래량 변화율이 12.22%로 증가했음에도 불구하고 최근 수익률이 하락한 것은 매도 압력이 강함을 시사합니다.""]"
373220,LG에너지솔루션,2024-03-04,398500,Sell,65,"[""PER이 0.0으로 매우 낮아 현재 이익 대비 고평가 가능성이 낮으나, ROE가 N/A%로 수익성 지표가 부재하여 기업의 본질적인 가치 판단이 어렵습니다."", ""52주 최고가 대비 현재 위치가 12.5%로, 52주 내에서 상대적으로 낮은 수준에 위치하여 추가 하락 가능성을 시사합니다."", ""최근 1개월 수익률이 6.27%로 양호한 흐름을 보였으나, 거래량 변화율이 -0.51%로 감소 추세를 보여 매수세 약화를 나타내고 있습니다.""]"
373220,LG에너지솔루션,2024-04-01,395500,Sell,65,"[""현재 PER 74.8배는 동종 업계 평균 대비 높은 수준으로 밸류에이션 부담이 존재합니다."", ""최근 1개월 수익률이 -1.49%로 하락세를 보이고 있으며, 거래량 변화율 또한 -14.50%로 감소하는 추세입니다."", ""52주 최고가 대비 현재 위치가 11.3%로, 상승 여력보다는 하락 가능성이 상대적으로 높아 보입니다.""]"
373220,LG에너지솔루션,2024-05-02,389000,Sell,65,"[""현재가(389,000원)가 52주 최저가(364,500원)에 근접하며 기술적 반등 가능성을 시사하나, 52주 최고가(612,000원) 대비 상당한 하락폭을 보이고 있어 추가 하락 압력이 존재할 수 있습니다."", ""최근 1개월 수익률이 -1.64%로 약세를 보이고 있으며, 이는 단기적으로 매도 심리가 우세함을 나타냅니다."", ""PER 73.6, PBR 4.51, ROE 6.1%의 재무 지표는 현재 주가가 기업의 내재 가치 대비 고평가되었을 가능성을 시사하며, 이는 향후 주가 상승 동력을 제한할 수 있습니다.""]"
373220,LG에너지솔루션,2024-06-03,332000,Sell,75,"[""최근 1개월 수익률이 -14.65%로 하락세를 보이고 있으며, 이는 향후 20거래일 내 주가 하락 가능성을 시사합니다."", ""현재가가 52주 최저가에 근접한 328,000원에 위치하고 있어 추가적인 하락 여력이 제한적일 수 있으나, 최근 하락 추세가 지속되고 있습니다."", ""PER이 '해당없음(적자)'으로 재무 건전성에 대한 우려가 존재하며, 이는 투자 심리에 부정적인 영향을 미칠 수 있습니다.""]"
373220,LG에너지솔루션,2024-07-01,347000,Sell,65,"[""현재가(347,000원)가 52주 최저가(326,500원)에 근접하며 기술적 반등 가능성이 있으나, PER이 없어 적자 기업임을 감안할 때 상승 동력이 약할 수 있습니다."", ""최근 1개월 수익률이 5.79%로 소폭 상승했으나, 52주 최고가 대비 상당한 하락폭을 보이고 있어 추가 하락 가능성을 배제할 수 없습니다."", ""거래량 변화율이 12.92%로 긍정적인 신호일 수 있으나, 적자 기업의 재무 상태와 높은 PBR(3.92)을 고려할 때 상승보다는 하락에 무게를 두는 것이 합리적입니다.""]"
373220,LG에너지솔루션,2024-08-01,333500,Sell,65,"[""최근 1개월 수익률이 -6.84%로 하락세를 보이고 있으며, 52주 최고가 대비 현재 위치가 4.4%로 낮은 편이나 하락 추세가 지속될 가능성이 있습니다."", ""PER이 '해당없음(적자)'으로 재무 건전성에 대한 우려가 존재하며, 이는 주가 하락 압력으로 작용할 수 있습니다."", ""거래량 변화율이 1.28%로 크지 않아 현재 시장 참여자들의 적극적인 매수세가 유입되지 않고 있음을 시사합니다.""]"
373220,LG에너지솔루션,2024-09-02,412000,Buy,75,"[""최근 1개월 수익률이 23.54%로 강한 상승세를 보이고 있으며, 이는 향후 20거래일 내 주가 상승 가능성을 시사합니다."", ""거래량 변화율이 42.59%로 높게 나타나, 시장 참여자들의 관심이 증가하고 있음을 보여줍니다."", ""현재 주가가 52주 최저가 대비 높은 수준에 위치하고 있으나, 52주 최고가 대비로는 아직 상승 여력이 남아있습니다.""]"
373220,LG에너지솔루션,2024-10-02,408500,Buy,75,"[""최근 1개월 수익률이 10.85%로 양호한 상승세를 보이고 있으며, 이는 단기적인 매수 심리 강화를 시사합니다."", ""거래량 변화율이 23.86%로 증가한 것은 투자자들의 관심이 높아지고 있음을 나타내며, 이는 주가 상승의 동력이 될 수 있습니다."", ""현재가가 52주 최고가 대비 약 47% 지점에 위치하여 추가적인 상승 여력이 존재할 가능성이 있습니다.""]"
373220,LG에너지솔루션,2024-11-01,412500,Neutral,55,"[""최근 1개월 수익률이 소폭 하락했으나, 52주 내 현재 위치가 중간 이상에 있어 상승 및 하락 가능성이 혼재합니다."", ""거래량 변화율이 음수이며 이는 단기적인 매도 압력을 시사할 수 있습니다."", ""PER이 해당없음(적자)이고 ROE가 N/A%로 재무 건전성에 대한 직접적인 판단 근거가 부족합니다.""]"
373220,LG에너지솔루션,2024-12-02,391500,Sell,65,"[""최근 1개월 수익률이 -5.09%로 하락세를 보이고 있으며, 이는 단기적인 투자 심리 위축을 시사합니다."", ""PER이 '해당없음(적자)'으로 표시되어 있어 현재 기업의 수익성이 좋지 않음을 나타냅니다."", ""52주 최고가 대비 현재 위치가 52.8%로 절반 수준에 머물러 있어, 추가적인 상승 동력이 약할 수 있습니다.""]"
373220,LG에너지솔루션,2025-01-02,346000,Sell,75,"[""최근 1개월 수익률이 -9.31%로 하락세를 보이고 있으며, 거래량 변화율 또한 -33.78%로 감소하여 투자 심리가 위축된 것으로 판단됩니다."", ""현재가가 52주 최고가 대비 21.6% 하락한 위치에 있으며, 이는 추가적인 하락 가능성을 시사합니다."", ""PER이 '해당없음(적자)'으로 재무 건전성에 대한 우려가 존재하며, 이는 주가 하락 압력으로 작용할 수 있습니다.""]"
373220,LG에너지솔루션,2025-02-03,336500,Sell,65,"[""최근 1개월 수익률이 -2.32%로 하락세를 보이고 있으며, 거래량 변화율 또한 -10.54%로 감소하여 투자 심리가 위축된 것으로 판단됩니다."", ""현재가(336,500원)가 52주 최고가(436,500원) 대비 약 23% 하락한 수준이지만, 52주 최저가(321,000원) 대비로는 약 4.8% 상승한 위치에 있어 추가 상승 여력이 제한적일 수 있습니다."", ""PER이 '해당없음(적자)'으로 표시되어 있어 현재 기업의 수익성을 기반으로 한 밸류에이션이 어렵고, 이는 향후 주가 상승에 대한 불확실성을 높이는 요인입니다.""]"
373220,LG에너지솔루션,2025-03-04,332000,Sell,65,"[""최근 1개월 수익률이 -5.68%로 하락세를 보이고 있으며, 거래량 변화율 또한 -7.16%로 감소하는 추세입니다."", ""현재가는 52주 최저가에 근접한 321,000원에서 9.5% 높은 수준으로, 추가 하락 가능성을 시사합니다."", ""PER이 '해당없음(적자)'으로 재무 건전성에 대한 우려가 있으며, PBR 3.84는 현재 주가가 기업의 순자산 가치 대비 높은 수준임을 나타냅니다.""]"
373220,LG에너지솔루션,2025-04-01,328000,Sell,65,"[""최근 1개월 수익률이 -6.82%로 하락세를 보이고 있으며, 52주 최고가 대비 현재 위치가 6.1%로 하락 가능성이 열려있습니다."", ""PER이 '해당없음(적자)'으로 재무 건전성에 대한 우려가 존재합니다."", ""거래량 변화율이 28.04%로 증가했으나, 이는 하락 추세 속에서 매도 물량이 증가했을 가능성을 시사합니다.""]"
373220,LG에너지솔루션,2025-05-02,320500,Sell,65,"[""최근 1개월 수익률이 -2.58%로 하락세를 보이고 있으며, 거래량 변화율 또한 -15.42%로 감소하여 투자 심리가 위축된 것으로 판단됩니다."", ""52주 최고가 대비 현재 위치가 5.3%로, 52주 내에서 상승 여력이 제한적일 수 있습니다."", ""PER이 '해당없음(적자)'으로 재무 건전성에 대한 우려가 존재하며, 이는 주가 하락 압력으로 작용할 수 있습니다.""]"
373220,LG에너지솔루션,2025-06-02,284500,Sell,75,"[""최근 1개월 수익률이 -18.71%로 큰 폭의 하락세를 보이고 있어 단기적인 하락 추세가 지속될 가능성이 있습니다."", ""현재가가 52주 최저가에 근접한 268,000원 대비 9.8% 높은 수준으로, 추가적인 하락 여력이 존재할 수 있습니다."", ""PER이 '해당없음(적자)'으로 재무 건전성에 대한 우려가 있으며, 이는 주가 하락 압력으로 작용할 수 있습니다.""]"
373220,LG에너지솔루션,2025-07-01,297500,Neutral,55,"[""최근 1개월 수익률은 3.30%로 소폭 상승했으나, 거래량 변화율이 -9.90%로 감소하여 상승 동력이 약화되었습니다."", ""52주 최고가 대비 현재 위치가 17.5%로, 52주 내에서 하락 가능성보다는 상승 여력이 상대적으로 제한적입니다."", ""PER이 '해당없음(적자)'으로 재무 건전성에 대한 직접적인 판단이 어렵고, PBR 3.29는 기업 가치 대비 높은 수준으로 해석될 수 있습니다.""]"
373220,LG에너지솔루션,2025-08-01,373000,Buy,75,"[""최근 1개월 수익률이 17.11%로 강한 상승세를 보이고 있으며, 이는 향후 20거래일 내 주가 상승 가능성을 시사합니다."", ""거래량 변화율이 49.32%로 높게 나타나 투자자들의 관심이 증가하고 있음을 보여주며, 이는 주가 상승 동력으로 작용할 수 있습니다."", ""현재가가 52주 최고가 대비 약 15% 하락한 수준으로, 기술적으로 추가 상승 여력이 존재한다고 판단됩니다.""]"
373220,LG에너지솔루션,2025-09-01,349000,Sell,75,"[""최근 1개월 수익률이 -8.76%로 하락세를 보이고 있으며, 거래량 변화율 또한 -48.02%로 감소하여 투자 심리가 위축된 것으로 판단됩니다."", ""현재가(349,000원)는 52주 최고가(436,500원) 대비 약 20% 하락한 수준으로, 추가 하락 가능성을 배제할 수 없습니다."", ""PER이 '해당없음(적자)'으로 재무 건전성에 대한 우려가 있으며, PBR 4.16은 기업의 순자산 대비 높은 수준으로 밸류에이션 부담이 존재합니다.""]"
373220,LG에너지솔루션,2025-10-01,347500,Neutral,55,"[""현재가(347,500원)는 52주 최고가(436,500원) 대비 하락했으나, 52주 최저가(268,000원) 대비로는 상승한 위치에 있어 명확한 방향성을 제시하지 못합니다."", ""최근 1개월 수익률이 -0.71%로 소폭 하락했으나, 거래량 변화율이 7.38%로 증가하여 향후 주가 변동 가능성을 시사합니다."", ""PER이 '해당없음(적자)'이고 ROE가 N/A%로 재무 건전성에 대한 직접적인 판단 근거가 부족하며, PBR 4.15는 기업 가치에 대한 시장의 기대치를 반영하고 있으나 적자 기업임을 감안할 때 상승 여력에 대한 확신을 주기 어렵습니다.""]"
373220,LG에너지솔루션,2025-11-03,475500,Buy,75,"[""최근 1개월 수익률이 36.25%로 강한 상승세를 보이고 있으며, 이는 향후 20거래일 내 추가 상승 가능성을 시사합니다."", ""거래량 변화율이 148.31%로 매우 높아 시장의 관심이 집중되고 있으며, 이는 매수세 유입 가능성을 높입니다."", ""현재가가 52주 최고가 대비 약 84.3% 수준에 위치하여 추가 상승 여력이 존재한다고 판단됩니다.""]"
373220,LG에너지솔루션,2025-12-01,413000,Sell,75,"[""최근 1개월 수익률이 -12.69%로 하락세를 보이고 있으며, 거래량 변화율 또한 -34.12%로 감소하여 투자 심리가 위축된 것으로 판단됩니다."", ""현재가(413,000원)가 52주 최고가(514,000원) 대비 약 19.7% 하락한 수준이지만, 52주 최저가(268,000원) 대비로는 여전히 높은 수준에 위치하여 추가 하락 가능성을 배제할 수 없습니다."", ""PER이 '해당없음(적자)'으로 재무 건전성에 대한 우려가 있으며, 이는 단기적인 주가 상승 동력을 약화시키는 요인으로 작용할 수 있습니다.""]"
006400,삼성SDI,2023-01-02,589377,Sell,75,"[""최근 1개월 수익률이 -17.08%로 하락세를 보이고 있으며, 거래량 변화율 또한 -16.43%로 감소하는 추세는 투자 심리 위축을 시사합니다."", ""현재가가 52주 최고가 대비 56.6% 수준에 위치하며, 52주 내 현재 위치가 43.4%로 하락 추세에 있는 것으로 판단됩니다."", ""PER이 '해당없음(적자)'으로 재무 건전성에 대한 우려가 존재하며, 이는 단기적인 주가 상승 동력을 약화시킬 수 있습니다.""]"
006400,삼성SDI,2023-02-01,704903,Buy,75,"[""최근 1개월 수익률이 21.83%로 강한 상승세를 보이고 있으며, 52주 최고가 대비 현재 위치가 85.7%로 상승 여력이 남아있다고 판단됩니다."", ""거래량 변화율이 11.25%로 긍정적인 움직임을 보이며, 이는 매수세 유입 가능성을 시사합니다."", ""PER이 '해당없음(적자)'으로 재무 건전성에 대한 우려가 있으나, PBR 3.04는 자산 가치 대비 주가가 과도하게 저평가되지 않았음을 나타냅니다.""]"
006400,삼성SDI,2023-03-02,695113,Buy,75,"[""현재가가 52주 최고가 대비 약 82.1% 수준에 위치하여 추가 상승 여력이 존재합니다."", ""최근 1개월 수익률이 3.65%로 긍정적인 흐름을 보이고 있습니다."", ""PBR 2.99는 적자 기업임에도 불구하고 시장에서 높은 가치를 인정받고 있음을 시사하며, 이는 향후 실적 개선에 대한 기대감을 반영할 수 있습니다.""]"
006400,삼성SDI,2023-04-03,729379,Buy,75,"[""현재가가 52주 최고가 대비 16.7% 하락한 수준으로, 단기 반등 가능성이 존재합니다."", ""최근 1개월 수익률이 1.92%로 소폭 상승세를 보이고 있으며, 거래량 변화율도 7.85%로 긍정적인 신호를 나타냅니다."", ""PBR 3.11은 적자 기업임을 감안할 때 상대적으로 높은 수준이지만, 시장의 기대감이 반영된 것으로 해석될 수 있습니다.""]"
006400,삼성SDI,2023-05-02,685323,Sell,75,"[""최근 1개월 수익률이 -4.76%로 하락세를 보이고 있어 단기적인 하락 압력이 존재합니다."", ""현재가가 52주 최고가 대비 약 12.3% 하락한 수준에 위치하며, 추가 하락 가능성을 시사합니다."", ""PER이 '해당없음(적자)'으로 재무 건전성에 대한 우려가 존재하며, 이는 주가 상승 동력을 약화시킬 수 있습니다.""]"
006400,삼성SDI,2023-06-01,693155,Neutral,55,"[""PER이 적자로 산출되지 않아 기업의 수익성 판단이 어렵습니다."", ""최근 1개월 수익률은 긍정적이나, 거래량 변화율이 크게 감소하여 매수세 약화를 시사합니다."", ""현재가가 52주 최고가 대비 약 10.8% 하락한 수준으로, 추가 상승 여력과 하락 위험이 공존합니다.""]"
006400,삼성SDI,2023-07-03,701966,Neutral,65,"[""최근 1개월 수익률이 소폭 상승했으나, 52주 최고가 대비 현재 위치가 높아 추가 상승 여력이 제한적일 수 있습니다."", ""거래량 변화율이 긍정적인 신호를 보이지만, PER이 적자 상태로 재무적 불확실성이 존재합니다."", ""PBR이 2.87로 자산 가치 대비 높은 수준이며, 이는 향후 주가 상승에 대한 부담 요인이 될 수 있습니다.""]"
006400,삼성SDI,2023-08-01,655952,Sell,65,"[""최근 1개월 수익률이 -6.55%로 하락세를 보이고 있어 단기적인 하락 압력이 존재합니다."", ""PER이 '해당없음(적자)'으로 표시되어 현재 기업의 수익성이 좋지 않음을 시사합니다."", ""52주 최고가 대비 현재 위치가 50.2%로, 상승 여력보다는 하락 가능성이 상대적으로 높아 보입니다.""]"
006400,삼성SDI,2023-09-01,583503,Sell,65,"[""최근 1개월 수익률이 -8.31%로 하락세를 보이고 있으며, 거래량 변화율 또한 -39.36%로 감소하여 투자 심리가 위축된 것으로 판단됩니다."", ""현재가가 52주 최저가 대비 20.2% 높은 수준이지만, 52주 최고가 대비로는 상당한 하락 여력이 남아있어 추가 하락 가능성을 배제할 수 없습니다."", ""PER이 '해당없음(적자)'으로 표시되어 있어 현재 기업의 수익성이 좋지 않음을 시사하며, 이는 주가 상승에 부정적인 요인으로 작용할 수 있습니다.""]"
006400,삼성SDI,2023-10-04,474341,Sell,75,"[""현재가가 52주 최저가와 동일한 수준으로, 기술적으로 반등 가능성이 있으나 최근 1개월 수익률이 -20.05%로 크게 하락한 점은 하방 압력을 시사합니다."", ""PER이 '해당없음(적자)'으로 표시되어 있어 현재 기업의 수익성 측면에서 부정적인 신호를 보내고 있습니다."", ""거래량 변화율이 39.11%로 높게 나타나고 있으나, 이는 하락 추세 속에서 매도 물량이 증가했을 가능성을 배제할 수 없습니다.""]"
006400,삼성SDI,2023-11-01,416578,Sell,75,"[""최근 1개월 수익률이 -18.49%로 큰 폭의 하락세를 보이고 있어 단기적인 하락 추세가 지속될 가능성이 있습니다."", ""현재가가 52주 최저가에 근접한 416,578원으로, 기술적으로 추가 하락 압력이 존재할 수 있습니다."", ""거래량 변화율이 68.36%로 높게 나타나고 있으나, 이는 하락 국면에서의 투매 또는 손절 물량일 가능성을 시사합니다.""]"
006400,삼성SDI,2023-12-01,437627,Sell,65,"[""PER이 '해당없음(적자)'으로 표시되어 현재 수익성이 좋지 않음을 시사합니다."", ""최근 1개월 수익률이 -0.89%로 약세를 보이고 있으며, 거래량 변화율 또한 -3.17%로 감소하는 추세입니다."", ""현재 주가가 52주 최고가 대비 약 43.6% 하락한 상태이며, 52주 최저가에 근접한 8.0% 위치에 있어 추가 하락 가능성을 배제할 수 없습니다.""]"
006400,삼성SDI,2024-01-02,457208,Sell,65,"[""PER이 적자 상태로 산출되지 않아 현재 수익성 대비 고평가 여부를 판단하기 어렵습니다."", ""52주 최고가 대비 현재 위치가 13.3%로, 상승 여력보다는 하락 위험이 상대적으로 높아 보입니다."", ""최근 1개월 수익률이 -0.95%이며 거래량 변화율 또한 -16.23%로 감소하는 추세를 보여 단기적인 하락 압력이 존재합니다.""]"
006400,삼성SDI,2024-02-01,369585,Sell,75,"[""최근 1개월 수익률이 -15.45%로 하락세를 보이고 있으며, 이는 단기적인 투자 심리 위축을 시사합니다."", ""현재가가 52주 최저가에 근접한 340,214원 대비 6.7% 높은 수준으로, 추가 하락 가능성을 배제할 수 없습니다."", ""PER이 '해당없음(적자)'으로 표시되어 있어 현재 기업의 수익성 측면에서 부정적인 신호를 보내고 있습니다.""]"
006400,삼성SDI,2024-03-04,366647,Neutral,55,"[""현재가 366,647원은 52주 최저가 340,214원 대비 소폭 상승했으나, 52주 최고가 776,373원 대비로는 크게 하락한 상태로 방향성 판단이 어렵습니다."", ""최근 1개월 수익률이 0.00%로 횡보세를 보이고 있으며, 거래량 변화율이 -28.53%로 감소하는 추세는 매수세 약화를 시사합니다."", ""PER이 '해당없음(적자)'이고 ROE가 N/A%로 재무 건전성에 대한 명확한 근거가 부족하여 향후 주가 상승을 확신하기 어렵습니다.""]"
006400,삼성SDI,2024-04-01,444481,Buy,75,"[""최근 1개월 수익률이 20.42%로 강한 상승세를 보이고 있으며, 거래량 변화율이 174.23%로 급증하여 매수세 유입 가능성이 높습니다."", ""현재가가 52주 최저가 대비 상당한 상승 여력을 보여주고 있으며, 52주 최고가 대비로는 하락했지만 회복 가능성이 있습니다."", ""PBR 1.57은 적자 기업임에도 불구하고 시장에서 일정 수준의 가치를 인정받고 있음을 시사하며, 향후 실적 개선에 대한 기대감이 반영될 수 있습니다.""]"
006400,삼성SDI,2024-05-02,434201,Sell,75,"[""최근 1개월 수익률이 -2.31%로 하락세를 보이고 있으며, 거래량 변화율이 -56.64%로 크게 감소하여 투자 심리가 위축되었음을 시사합니다."", ""현재가가 52주 최고가 대비 상당 부분 하락한 위치에 있으며, 52주 내 현재 위치가 24.3%로 낮은 편에 속하여 추가적인 하락 가능성을 배제할 수 없습니다."", ""PER이 '해당없음(적자)'으로 표시되어 현재 기업의 수익성이 좋지 않음을 나타내며, 이는 주가 상승에 대한 부담 요인으로 작용할 수 있습니다.""]"
006400,삼성SDI,2024-06-03,369095,Sell,65,"[""최근 1개월 수익률이 -13.13%로 하락세를 보이고 있으며, 거래량 변화율 또한 -27.95%로 감소하여 투자 심리가 위축된 것으로 판단됩니다."", ""52주 최고가 대비 현재 위치가 7.5%로, 52주 최저가(340,214원)에 근접해 있어 추가 하락 가능성을 배제할 수 없습니다."", ""PER이 '해당없음(적자)'으로 표시되어 있어 현재 기업의 수익성 측면에서 긍정적인 신호를 찾기 어렵습니다.""]"
006400,삼성SDI,2024-07-01,359305,Sell,65,"[""최근 1개월 수익률이 -3.17%로 하락세를 보이고 있으며, 52주 최고가 대비 현재 위치가 5.3%로 매우 낮은 수준에 머물러 있어 추가 하락 가능성이 있습니다."", ""PER이 '해당없음(적자)'으로 표시되어 있어 현재 기업의 수익성이 좋지 않음을 시사하며, 이는 주가 하락 압력으로 작용할 수 있습니다."", ""거래량 변화율이 26.64%로 증가했으나, 이는 하락 추세 속에서 매도 물량이 증가했음을 시사할 수 있습니다.""]"
006400,삼성SDI,2024-08-01,326997,Sell,65,"[""최근 1개월 수익률이 -8.87%로 하락세를 보이고 있으며, 이는 단기적인 투자 심리 위축을 시사합니다."", ""52주 최고가 대비 현재 주가 위치가 3.7%로, 52주 내에서 상대적으로 높은 수준에 위치하여 추가 상승 여력이 제한적일 수 있습니다."", ""PER이 '해당없음(적자)'으로 표시되어 있어 현재 기업의 수익성 측면에서 부정적인 신호를 보내고 있습니다.""]"
006400,삼성SDI,2024-09-02,361263,Sell,65,"[""PER이 적자 상태로 산출되지 않아 현재 기업 가치 평가에 어려움이 있습니다."", ""52주 최고가 대비 현재 주가가 21.1% 수준으로, 상승 여력보다는 하락 가능성이 상대적으로 높아 보입니다."", ""최근 1개월 수익률이 10.48%로 단기 상승세를 보였으나, 거래량 변화율이 9.12%로 큰 폭의 거래량 증가는 동반되지 않아 상승 동력이 약할 수 있습니다.""]"
006400,삼성SDI,2024-10-02,363710,Neutral,55,"[""최근 1개월 수익률이 9.43%로 양호한 흐름을 보이고 있으나, 거래량 변화율이 -0.61%로 소폭 감소하며 상승 동력이 약화될 가능성을 시사합니다."", ""현재가가 52주 최저가 대비 높은 수준에 위치하고 있으나, 52주 최고가 대비로는 상당한 하락폭을 기록하며 횡보 가능성을 내포하고 있습니다."", ""PER이 '해당없음(적자)'으로 재무 건전성에 대한 직접적인 판단이 어렵고, PBR 1.21은 자산 가치 대비 프리미엄이 크지 않음을 나타내어 추가적인 상승 여력을 제한할 수 있습니다.""]"
006400,삼성SDI,2024-11-01,324549,Sell,75,"[""최근 1개월 수익률이 -12.42%로 하락세를 보이고 있으며, 이는 단기적인 하락 압력을 시사합니다."", ""거래량 변화율이 -25.96%로 감소한 것은 투자자들의 관심 감소 또는 매도 심리 확산을 나타낼 수 있습니다."", ""현재가가 52주 최고가 대비 상당 부분 하락한 위치에 있으며, 이는 추가적인 하락 가능성을 배제할 수 없음을 의미합니다.""]"
006400,삼성SDI,2024-12-02,253569,Sell,75,"[""최근 1개월 수익률이 -21.87%로 큰 폭의 하락세를 보이고 있어 단기적인 하락 추세가 지속될 가능성이 있습니다."", ""PER이 '해당없음(적자)'으로 재무 상태가 불안정하며, 이는 주가 하락 압력으로 작용할 수 있습니다."", ""52주 최고가 대비 현재 위치가 5.2%로, 52주 내에서 상대적으로 높은 위치에 있지만 최근 급락세를 감안할 때 추가 하락 가능성이 있습니다.""]"
006400,삼성SDI,2025-01-02,234478,Sell,75,"[""현재가가 52주 최저가와 동일한 수준으로, 기술적으로 반등 가능성이 낮고 하락 추세가 지속될 가능성이 있습니다."", ""최근 1개월 수익률이 -5.89%로 하락세를 보이고 있으며, 거래량 변화율 또한 -41.17%로 감소하여 투자 심리가 위축된 것으로 판단됩니다."", ""PER이 '해당없음(적자)'으로 재무 건전성에 대한 우려가 있으며, 이는 주가 하락 압력으로 작용할 수 있습니다.""]"
006400,삼성SDI,2025-02-03,203638,Sell,65,"[""현재가가 52주 최저가와 동일한 수준으로, 기술적으로 반등 가능성이 있으나 최근 1개월 수익률이 -15.79%로 큰 폭 하락한 점은 하방 압력을 시사합니다."", ""PER이 '해당없음(적자)'으로 표시되어 있어 현재 기업의 수익성 측면에서 부정적인 신호를 보내고 있습니다."", ""PBR이 0.68로 순자산가치 대비 저평가된 측면은 있으나, 적자 상태와 최근 주가 하락세를 고려할 때 단기적인 반등 모멘텀이 약하다고 판단됩니다.""]"
006400,삼성SDI,2025-03-04,208534,Sell,65,"[""현재가가 52주 최저가에 근접해 있으며, 최근 1개월 수익률이 마이너스를 기록하며 하락 추세를 보이고 있습니다."", ""PER이 '해당없음(적자)'으로 표시되어 있어 현재 기업의 수익성이 좋지 않음을 시사합니다."", ""거래량 변화율이 27.46%로 증가했으나, 이는 하락장에서 매도 물량이 증가했을 가능성을 배제할 수 없습니다.""]"
006400,삼성SDI,2025-04-01,189540,Sell,75,"[""최근 1개월 수익률이 -13.57%로 하락세를 보이고 있으며, 52주 최고가 대비 현재 위치가 매우 낮아 추가 하락 가능성이 있습니다."", ""ROE가 2.7%로 낮아 기업의 수익성이 부진한 점은 주가 상승 모멘텀을 약화시키는 요인입니다."", ""거래량 변화율이 45.38%로 높게 나타나고 있으나, 이는 최근 주가 하락에 따른 투매 또는 단기적인 변동성 확대일 가능성이 있어 상승을 확신하기 어렵습니다.""]"
006400,삼성SDI,2025-05-02,173600,Sell,65,"[""현재가(173,600원)가 52주 최저가(168,100원)에 근접하며 기술적 반등 가능성이 있으나, 52주 최고가(434,201원) 대비 현저히 낮은 수준으로 하락 추세가 지속될 가능성을 시사합니다."", ""최근 1개월 수익률이 -4.92%로 마이너스를 기록하고 있으며, 거래량 변화율 또한 -49.22%로 크게 감소하여 투자 심리가 위축되었음을 나타냅니다."", ""ROE가 2.7%로 낮아 기업의 수익성이 부진하며, PER 21.2 대비 낮은 ROE는 현재 주가가 기업의 이익 창출 능력에 비해 고평가되었을 가능성을 내포합니다.""]"
006400,삼성SDI,2025-06-02,172800,Sell,65,"[""최근 1개월 수익률이 -5.88%로 하락세를 보이고 있으며, 52주 최고가 대비 현재 위치가 매우 낮아 추가 하락 가능성이 있습니다."", ""ROE가 2.6%로 매우 낮은 수준으로, 기업의 수익 창출 능력이 저조함을 시사합니다."", ""PER 21.1은 시장 평균 대비 높은 수준은 아니지만, 낮은 ROE와 결합될 경우 주가 상승 여력이 제한적일 수 있습니다.""]"
006400,삼성SDI,2025-07-01,178200,Sell,65,"[""현재가(178,200원)가 52주 최고가(384,270원) 대비 현저히 낮은 수준이며, 52주 내 현재 위치가 8.0%로 최저가에 근접해 있어 추가 하락 가능성을 시사합니다."", ""ROE가 2.7%로 매우 낮은 수준으로, 기업의 수익 창출 능력이 저조함을 나타내어 주가 상승 동력이 약합니다."", ""최근 1개월 수익률이 2.18%로 소폭 상승했으나, 거래량 변화율이 20.71%로 높다는 점은 변동성 확대 가능성을 내포하며, 이는 하락 압력으로 작용할 수 있습니다.""]"
006400,삼성SDI,2025-08-01,190000,Sell,65,"[""현재가(190,000원)가 52주 최저가(160,200원) 대비 높은 수준이지만, 52주 최고가(379,375원) 대비로는 절반 이하 수준으로 하락 여력이 존재합니다."", ""PER 23.2, PBR 0.62, ROE 2.7%의 재무 지표는 시장 평균 대비 매력적인 수준이라고 단정하기 어렵습니다."", ""최근 1개월 수익률 2.54%와 거래량 변화율 8.65%는 긍정적인 신호로 해석될 수 있으나, 전반적인 주가 하락 추세를 반전시키기에는 근거가 제한적입니다.""]"
006400,삼성SDI,2025-09-01,203000,Sell,65,"[""현재가(203,000원)가 52주 최저가(160,200원) 대비 상승했으나, 52주 최고가(379,375원) 대비로는 여전히 큰 폭으로 하락한 상태이며, 52주 내 현재 위치가 19.5%로 낮은 편입니다."", ""최근 1개월 수익률이 0.99%로 미미한 수준이며, 거래량 변화율이 -19.23%로 감소하는 추세를 보이고 있어 단기적인 매수세 약화를 시사합니다."", ""ROE가 2.5%로 낮아 기업의 수익 창출 능력이 상대적으로 부진하며, 이는 향후 주가 상승 동력 약화로 이어질 수 있습니다.""]"
006400,삼성SDI,2025-10-01,204000,Sell,65,"[""현재가(204,000원)는 52주 최저가(160,200원) 대비 상승했으나, 52주 최고가(379,375원) 대비로는 여전히 낮은 수준으로, 추가 상승 여력에 대한 불확실성이 존재합니다."", ""최근 1개월 수익률이 0.74%로 미미하며, 거래량 변화율이 -9.46%로 감소하는 추세는 투자 심리가 위축되었음을 시사합니다."", ""ROE가 2.5%로 낮아 기업의 수익 창출 능력이 부진하며, 이는 향후 주가 상승에 대한 긍정적인 모멘텀을 약화시킵니다.""]"
006400,삼성SDI,2025-11-03,327000,Sell,75,"[""최근 1개월 수익률이 61.48%로 매우 높으며, 52주 최고가 대비 현재 위치가 92.2%로 상승 여력이 제한적입니다."", ""거래량 변화율이 184.83%로 급증한 것은 단기적인 과열 신호일 수 있습니다."", ""PER 39.9, ROE 2.5%는 현재 주가 수준이 재무적 가치 대비 고평가되었을 가능성을 시사합니다.""]"
006400,삼성SDI,2025-12-01,299000,Sell,75,"[""최근 1개월 수익률이 -7.14%로 하락세를 보이고 있으며, 거래량 변화율 또한 -49.40%로 감소하여 투자 심리가 위축된 것으로 판단됩니다."", ""현재가(299,000원)가 52주 최고가(337,500원) 대비 약 11.7% 하락한 수준이지만, 52주 내 현재 위치가 78.3%로 여전히 높은 편에 속하여 추가 하락 가능성을 배제할 수 없습니다."", ""PER 36.5, ROE 2.5%는 현재 시장 상황에서 다소 높은 밸류에이션과 낮은 수익성을 시사하며, 이는 향후 주가 상승 동력 약화로 이어질 수 있습니다.""]"
005380,현대차,2023-01-02,157000,Sell,75,"[""최근 1개월 수익률이 -8.45%로 하락세를 보이고 있으며, 이는 단기적인 매도 압력을 시사합니다."", ""거래량 변화율이 -13.60%로 감소한 것은 투자자들의 관심 감소 또는 매도 심리 강화를 나타낼 수 있습니다."", ""현재가가 52주 최고가 대비 약 26.7% 하락한 위치에 있으며, 이는 추가적인 하락 가능성을 내포합니다.""]"
005380,현대차,2023-02-01,170000,Buy,75,"[""PER 7.1, PBR 0.56은 현재가 대비 저평가 가능성을 시사하며, 이는 향후 주가 상승의 잠재적 근거가 될 수 있습니다."", ""최근 1개월 수익률 12.58%와 거래량 변화율 12.89%는 시장의 긍정적인 관심과 매수세 유입을 나타내며, 이는 단기적인 주가 상승 모멘텀으로 작용할 수 있습니다."", ""현재가가 52주 최저가 대비 37.2% 상승한 위치에 있지만, 52주 최고가와의 격차가 여전히 존재하여 추가적인 상승 여력이 남아있다고 판단됩니다.""]"
005380,현대차,2023-03-02,178500,Buy,65,"[""현재가(178,500원)는 52주 최저가(151,000원) 대비 상승했으나 52주 최고가(202,000원) 대비로는 아직 상승 여력이 남아있습니다."", ""최근 1개월 수익률이 6.89%로 양호한 상승세를 보이고 있습니다."", ""PER(7.4) 및 PBR(0.59) 지표가 낮아 상대적으로 저평가된 구간으로 판단됩니다.""]"
005380,현대차,2023-04-03,183600,Buy,75,"[""PER 6.4배, PBR 0.62배로 동종 업계 대비 저평가 매력이 존재합니다."", ""최근 1개월 수익률 4.26%로 단기 상승 추세를 보이고 있습니다."", ""현재가가 52주 최고가 대비 약 9% 하락한 수준으로 추가 상승 여력이 있습니다.""]"
005380,현대차,2023-05-02,201500,Sell,75,"[""현재가가 52주 최고가에 근접하여 추가 상승 여력이 제한적일 수 있습니다."", ""최근 1개월 수익률이 9.21%로 단기 상승 후 차익 실현 매물이 출회될 가능성이 있습니다."", ""거래량 변화율이 63.11%로 높게 나타나 단기 급등 후 변동성이 커질 수 있습니다.""]"
005380,현대차,2023-06-01,197500,Neutral,55,"[""PER 5.6, PBR 0.64, ROE 11.4%는 현재가 기준으로 저평가 및 양호한 수익성을 시사하나, 최근 1개월 수익률 0%와 거래량 변화율 -23.36%는 상승 모멘텀 부재를 나타냅니다."", ""52주 최고가 대비 현재 위치 78.8%는 상승 여력이 남아있음을 시사하지만, 최근 1개월간의 횡보세는 추가 상승에 대한 불확실성을 높입니다."", ""기술적 지표상 뚜렷한 상승 또는 하락 추세가 나타나지 않아 향후 20거래일 내 방향성을 확신하기 어렵습니다.""]"
005380,현대차,2023-07-03,208500,Sell,75,"[""현재가가 52주 최고가에 근접한 97.5% 위치에 있어 추가 상승 여력이 제한적입니다."", ""최근 1개월 수익률은 긍정적이나, 거래량 변화율이 -15.85%로 감소 추세를 보여 매수세 약화를 시사합니다."", ""PER 6.0, PBR 0.68은 저평가 구간으로 볼 수도 있으나, 기술적 지표상 단기 과열 및 차익 실현 가능성이 높아 보입니다.""]"
005380,현대차,2023-08-01,199400,Sell,65,"[""최근 1개월 수익률이 -4.36%로 하락세를 보이고 있으며, 52주 최고가 대비 현재 위치가 82.0%로 상승 여력이 제한적일 수 있습니다."", ""PER 5.7, PBR 0.65는 저평가 매력을 시사하지만, 최근 시장 흐름과 기술적 지표가 하락 가능성을 더 강하게 나타내고 있습니다."", ""거래량 변화율이 18.49%로 증가했으나, 이는 하락 추세 속에서 매도 압력이 증가했음을 시사할 수 있습니다.""]"
005380,현대차,2023-09-01,187400,Sell,75,"[""최근 1개월 수익률이 -2.65%로 하락세를 보이고 있으며, 거래량 변화율 또한 -36.97%로 감소하여 투자 심리가 위축된 것으로 판단됩니다."", ""현재 주가가 52주 최고가 대비 약 10.8% 하락한 위치에 있으며, 이는 단기적인 하락 압력이 존재함을 시사합니다."", ""PER 5.1, PBR 0.59, ROE 11.5% 등 재무 지표는 양호하나, 최근 기술적 지표의 하락 추세가 향후 20거래일 내 주가 하락 가능성을 높입니다.""]"
005380,현대차,2023-10-04,190800,Buy,75,"[""PER 5.2, PBR 0.60으로 현재가 대비 저평가 구간으로 판단됩니다."", ""ROE 11.5%로 양호한 수익성을 유지하고 있습니다."", ""최근 1개월 수익률 1.60%로 소폭 상승세를 보이고 있으며, 52주 최고가 대비 현재 위치가 67.5%로 추가 상승 여력이 존재합니다.""]"
005380,현대차,2023-11-01,170300,Sell,75,"[""최근 1개월 수익률이 -10.70%로 하락세를 보이고 있으며, 이는 단기적인 매도 압력을 시사합니다."", ""현재 주가가 52주 최고가 대비 32.7% 낮은 수준에 위치해 있어 추가 하락 가능성을 배제할 수 없습니다."", ""거래량 변화율이 34.16%로 증가한 것은 매도세가 유입되고 있을 가능성을 나타냅니다.""]"
005380,현대차,2023-12-01,182800,Buy,65,"[""PER 4.2, PBR 0.55로 현재가 수준에서 밸류에이션 매력이 존재합니다."", ""최근 1개월 수익률 6.28%로 단기적인 상승 모멘텀이 관찰됩니다."", ""거래량 변화율이 음수이나, 52주 내 현재 위치가 중간 이상에 있어 추가 상승 여력이 있습니다.""]"
005380,현대차,2024-01-02,200500,Buy,75,"[""PER 4.6, PBR 0.60으로 현재가 대비 저평가 구간에 있으며, ROE 13.1%로 양호한 수익성을 보여주고 있습니다."", ""최근 1개월 수익률 8.50%로 상승세를 보이고 있으며, 거래량 변화율 25.44%는 시장의 관심 증가를 시사합니다."", ""현재가가 52주 최고가 대비 약 4.8% 하락한 수준으로, 추가 상승 여력이 존재한다고 판단됩니다.""]"
005380,현대차,2024-02-01,208000,Buy,75,"[""현재가(208,000원)가 52주 최고가(210,000원)에 근접하며 강한 상승 모멘텀을 시사합니다."", ""최근 1개월 수익률(7.33%)과 거래량 변화율(29.05%)이 긍정적인 추세를 나타내고 있습니다."", ""PER(4.8) 및 PBR(0.63) 지표가 낮아 상대적으로 저평가된 상태로 판단됩니다.""]"
005380,현대차,2024-03-04,255500,Sell,75,"[""현재가가 52주 최고가와 동일하며, 최근 1개월 수익률이 34.47%로 단기 급등 후 차익 실현 매물이 출회될 가능성이 높습니다."", ""거래량 변화율이 391.99%로 매우 높게 나타나, 이는 단기적인 과열 신호로 해석될 수 있습니다."", ""PER 5.8, PBR 0.77, ROE 13.2% 등 재무 지표는 양호하나, 기술적 지표상 단기 고점 도달로 인한 하락 가능성이 더 높아 보입니다.""]"
005380,현대차,2024-04-01,227500,Sell,65,"[""최근 1개월 수익률이 -9.18%로 하락세를 보이고 있으며, 거래량 변화율 또한 -55.28%로 감소하여 투자 심리가 위축된 것으로 판단됩니다."", ""현재가가 52주 최고가 대비 약 10.6% 하락한 수준에 위치해 있어 추가 하락 가능성을 배제할 수 없습니다."", ""PER 4.8, PBR 0.67, ROE 14.0% 등 재무 지표는 양호하나, 최근 시장의 부정적인 흐름과 기술적 지표의 하락 추세가 단기적인 주가 상승 동력을 약화시킬 수 있습니다.""]"
005380,현대차,2024-05-02,249000,Buy,75,"[""현재가 249,000원은 52주 최고가 255,500원에 근접하여 상승 모멘텀이 유지되고 있음을 시사합니다."", ""최근 1개월 수익률 9.45%는 단기적으로 긍정적인 주가 흐름을 보여주고 있습니다."", ""PER 5.2, PBR 0.74, ROE 14.2%는 재무적으로 저평가된 상태에서 우수한 수익성을 나타내어 향후 주가 상승 여력을 시사합니다.""]"
005380,현대차,2024-06-03,265000,Buy,75,"[""현재가(265,000원)가 52주 최고가(277,000원)에 근접해 있으나, 52주 내 현재 위치(88.8%)는 여전히 상승 여력이 있음을 시사합니다."", ""최근 1개월 수익률(5.58%)이 양호한 흐름을 보이고 있으며, 이는 단기적인 매수세가 유입되고 있음을 나타냅니다."", ""PER(5.6) 및 PBR(0.76) 지표가 낮아 상대적으로 저평가된 구간에 있으며, ROE(13.6%)는 양호한 수익성을 보여주고 있어 향후 주가 상승의 기반이 될 수 있습니다.""]"
005380,현대차,2024-07-01,286000,Buy,75,"[""현재가 286,000원은 52주 최고가 298,000원에 근접하며 상승 모멘텀을 시사합니다."", ""최근 1개월 수익률 11.28%와 거래량 변화율 10.88%는 긍정적인 시장 관심과 수급 개선을 나타냅니다."", ""PER 6.0, PBR 0.82, ROE 13.6%는 상대적으로 저평가된 가치와 양호한 수익성을 보여 향후 주가 상승 여력을 뒷받침합니다.""]"
005380,현대차,2024-08-01,253500,Sell,75,"[""최근 1개월 수익률이 -8.15%로 하락세를 보이고 있으며, 거래량 변화율 또한 -17.88%로 감소하여 투자 심리가 위축된 것으로 판단됩니다."", ""현재가가 52주 최고가 대비 약 15% 하락한 위치에 있으며, 이는 단기적인 하락 압력이 존재함을 시사합니다."", ""PER 5.4, PBR 0.73은 저평가 구간으로 볼 수도 있으나, 최근 시장의 부정적인 흐름과 기술적 지표의 하락세를 고려할 때 단기적인 추가 하락 가능성이 더 높다고 판단됩니다.""]"
005380,현대차,2024-09-02,246000,Sell,65,"[""최근 1개월 수익률이 -2.96%로 하락세를 보이고 있으며, 거래량 변화율 또한 -5.72%로 감소하는 추세입니다."", ""현재가는 52주 최고가 대비 약 16.5% 하락한 수준으로, 단기적인 추가 하락 가능성을 시사합니다."", ""PER 4.9, PBR 0.68은 저평가 구간으로 볼 수 있으나, 최근 시장의 부정적인 흐름과 기술적 지표의 약세가 재무적 매력을 상쇄할 수 있습니다.""]"
005380,현대차,2024-10-02,237000,Sell,65,"[""최근 1개월 수익률이 -8.49%로 하락세를 보이고 있으며, 이는 단기적인 매도 압력을 시사합니다."", ""거래량 변화율이 -1.11%로 감소하는 추세는 투자자들의 관심 감소 또는 매도 심리를 반영할 수 있습니다."", ""현재가가 52주 최고가 대비 절반 이상 떨어진 위치에 있으며, 이는 추가적인 하락 가능성을 배제할 수 없음을 나타냅니다.""]"
005380,현대차,2024-11-01,213500,Sell,65,"[""최근 1개월 수익률이 -12.50%로 하락세를 보이고 있으며, 이는 단기적인 매도 압력을 시사합니다."", ""거래량 변화율이 -9.50%로 감소한 것은 투자자들의 관심 감소 또는 매도 심리 확산을 나타낼 수 있습니다."", ""현재 주가가 52주 최고가 대비 34.1% 낮은 위치에 있지만, 최근 하락 추세와 거래량 감소는 추가 하락 가능성을 높입니다.""]"
005380,현대차,2024-12-02,216000,Buy,65,"[""PER 4.4, PBR 0.58로 현재가 기준 저평가 구간에 위치하고 있습니다."", ""ROE 13.2%로 양호한 수익성을 유지하고 있으며, 52주 최저가 대비 현재 위치가 30.4%로 상승 여력이 존재합니다."", ""최근 1개월 수익률이 소폭 상승했고 거래량 변화율이 15.43%로 증가하는 추세를 보이고 있어 단기적인 매수세 유입 가능성이 있습니다.""]"
005380,현대차,2025-01-02,211500,Sell,65,"[""최근 1개월 수익률이 -3.20%로 하락세를 보이고 있으며, 거래량 변화율 또한 -26.84%로 감소하여 투자 심리가 위축된 것으로 판단됩니다."", ""현재가가 52주 최고가 대비 26.6% 낮은 수준에 위치해 있으나, 52주 최저가 대비로는 상승 여력이 제한적일 수 있습니다."", ""PER 4.3, PBR 0.57은 저평가 구간으로 볼 수 있으나, 최근 시장의 부정적인 흐름과 거래량 감소 추세를 고려할 때 단기적인 주가 반등을 기대하기 어렵습니다.""]"
005380,현대차,2025-02-03,202000,Sell,65,"[""최근 1개월 수익률이 -7.13%로 하락세를 보이고 있으며, 이는 단기적인 매도 압력을 시사합니다."", ""52주 최고가 대비 현재 위치가 18.6%로, 상승 여력보다는 하락 가능성이 상대적으로 높아 보입니다."", ""거래량 변화율이 30.38%로 증가한 것은 매도세 유입 가능성을 높이는 요인으로 작용할 수 있습니다.""]"
005380,현대차,2025-03-04,190300,Sell,65,"[""현재가가 52주 최저가와 동일한 수준으로, 기술적으로 반등 가능성이 있으나 최근 1개월 수익률이 -7.62%로 하락세를 보이고 있어 추가 하락 가능성을 시사합니다."", ""PER 3.9, PBR 0.52는 저평가 구간으로 볼 수 있으나, 이는 과거 명성이나 브랜드 가치를 배제한 순수 재무 지표만으로는 향후 주가 상승을 강하게 지지하기 어렵습니다."", ""거래량 변화율이 1.66%로 미미하여 현재 시장의 큰 관심이나 매수세가 유입되고 있지 않아, 단기적인 주가 상승 동력이 부족한 것으로 판단됩니다.""]"
005380,현대차,2025-04-01,198600,Buy,65,"[""현재가(198,600원)가 52주 최저가(190,300원)에 근접하여 하방 경직성이 기대됩니다."", ""PER(4.2) 및 PBR(0.49) 지표가 낮아 상대적으로 저평가된 구간으로 판단됩니다."", ""최근 1개월 수익률(2.90%)이 양수이며, 거래량 변화율(-4.62%)이 음수이나 큰 폭의 하락은 아닙니다.""]"
005380,현대차,2025-05-02,189400,Sell,65,"[""현재가가 52주 최고가 대비 상당한 하락폭을 보이고 있으며, 최근 1개월 수익률 또한 마이너스를 기록하고 있어 하락 추세가 지속될 가능성이 있습니다."", ""거래량 변화율이 마이너스를 기록하고 있어 투자자들의 관심이 줄어들고 있으며, 이는 추가적인 주가 하락 압력으로 작용할 수 있습니다."", ""PER, PBR 등 일부 재무 지표는 매력적으로 보일 수 있으나, 기술적 지표에서 나타나는 하락 신호가 향후 20거래일 내 주가 하락 가능성을 높이고 있습니다.""]"
005380,현대차,2025-06-02,184000,Sell,65,"[""현재가가 52주 최고가 대비 상당한 하락폭을 보이고 있으며, 최근 1개월 수익률 또한 마이너스를 기록하고 있어 하락 추세가 지속될 가능성이 있습니다."", ""거래량 변화율이 크게 감소한 것은 투자자들의 관심 감소 또는 매도 압력 증가를 시사하며, 이는 단기적인 주가 하락 요인으로 작용할 수 있습니다."", ""PER과 PBR 지표가 낮아 저평가된 것으로 보일 수 있으나, 기술적 지표에서 나타나는 하락 추세와 최근 수익률 부진이 이를 상쇄하며 단기적인 상승 모멘텀이 약하다고 판단됩니다.""]"
005380,현대차,2025-07-01,210000,Buy,75,"[""PER 4.5, PBR 0.52로 현재가 대비 저평가된 것으로 판단됩니다."", ""최근 1개월 수익률 9.95%로 단기 상승 모멘텀이 관찰됩니다."", ""거래량 변화율 43.09%는 시장의 관심 증가를 시사하며, 이는 향후 주가 상승의 잠재적 동력이 될 수 있습니다.""]"
005380,현대차,2025-08-01,210000,Sell,65,"[""현재가(210,000원)는 52주 최고가(263,500원) 대비 하락한 위치에 있으며, 52주 내 현재 위치(37.8%)는 상대적으로 낮은 편입니다."", ""최근 1개월 수익률이 -2.10%로 하락세를 보이고 있어 단기적인 약세 흐름이 지속될 가능성이 있습니다."", ""거래량 변화율(11.63%)이 긍정적인 신호를 보내고 있으나, 최근 수익률 하락과 52주 최고가 대비 낮은 위치를 고려할 때 하락 압력이 더 우세할 것으로 판단됩니다.""]"
005380,현대차,2025-09-01,220500,Buy,65,"[""PER 5.1, PBR 0.54로 현재가 대비 저평가 가능성이 존재합니다."", ""최근 1개월 수익률이 3.52%로 상승세를 보이고 있습니다."", ""52주 최고가 대비 현재 위치가 52.8%로 상승 여력이 남아있습니다.""]"
005380,현대차,2025-10-01,215500,Sell,65,"[""현재가(215,500원)는 52주 최고가(259,000원) 대비 하락한 위치에 있으며, 52주 내 현재 위치가 46.6%로 중간보다 약간 낮은 수준입니다."", ""최근 1개월 수익률이 -2.05%로 하락세를 보이고 있으며, 이는 단기적인 투자 심리가 위축되었음을 시사합니다."", ""거래량 변화율이 11.60%로 증가했음에도 불구하고 최근 수익률이 하락한 것은 매도 압력이 작용하고 있을 가능성을 나타냅니다.""]"
005380,현대차,2025-11-03,291500,Sell,75,"[""최근 1개월 수익률이 35.90%로 매우 높으며, 현재가가 52주 최고가에 도달하여 단기 차익 실현 매물이 출회될 가능성이 높습니다."", ""거래량 변화율이 119.08%로 급증한 것은 단기 급등에 따른 과열 신호로 해석될 수 있습니다."", ""PER 6.7, PBR 0.72, ROE 10.8%는 재무적으로는 양호하나, 현재 주가 수준에서 추가적인 상승 동력이 약할 수 있습니다.""]"
005380,현대차,2025-12-01,254500,Sell,65,"[""최근 1개월 수익률이 -12.24%로 하락세를 보이고 있으며, 거래량 변화율 또한 -48.06%로 감소하여 투자 심리가 위축되었음을 시사합니다."", ""현재가가 52주 최고가 대비 약 12.5% 하락한 위치에 있으며, 52주 내 현재 위치가 67.5%로 상승 추세가 둔화될 가능성을 내포하고 있습니다."", ""PER 6.2, PBR 0.61은 저평가 매력을 나타낼 수 있으나, 최근 시장의 부정적인 흐름과 기술적 지표의 약세가 단기적인 주가 하락 압력으로 작용할 가능성이 높습니다.""]"
000270,기아,2023-01-02,61500,Sell,75,"[""최근 1개월 수익률이 -10.35%로 하락세를 보이고 있으며, 이는 단기적인 매도 압력을 시사합니다."", ""거래량 변화율이 -11.90%로 감소한 것은 투자자들의 관심 감소 또는 매도 심리 강화를 나타낼 수 있습니다."", ""현재가가 52주 최고가 대비 8.0% 하락한 위치에 있으며, 이는 추가적인 하락 가능성을 배제할 수 없음을 의미합니다.""]"
000270,기아,2023-02-01,69500,Buy,75,"[""PER 6.0, PBR 0.72로 저평가 구간에 있으며 ROE 11.9%로 양호한 수익성을 보여주고 있습니다."", ""최근 1개월 수익률 17.20%로 단기 상승 모멘텀이 확인되며, 거래량 변화율 29.43%는 매수세 유입 가능성을 시사합니다."", ""현재가는 52주 최고가 대비 약 19.2% 하락한 수준으로, 추가 상승 여력이 존재할 수 있습니다.""]"
000270,기아,2023-03-02,77800,Buy,75,"[""기아의 PER 6.8은 시장 평균 대비 저평가 가능성을 시사하며, PBR 0.80 또한 자산 가치 대비 낮은 수준으로 매력적인 투자 기회를 제공합니다."", ""최근 1개월 수익률 16.47%는 단기적인 주가 상승 모멘텀이 존재함을 나타냅니다."", ""52주 최고가 대비 현재 위치가 68.5%로, 아직 상승 여력이 남아있다고 판단됩니다.""]"
000270,기아,2023-04-03,81200,Buy,75,"[""기아의 현재 PER 6.0은 시장 평균 대비 낮은 수준으로, 저평가 가능성을 시사합니다."", ""PBR 0.84는 장부가치 대비 낮은 수준으로, 추가적인 주가 상승 여력을 나타낼 수 있습니다."", ""최근 1개월 수익률 3.84%는 긍정적인 단기 모멘텀을 보여줍니다.""]"
000270,기아,2023-05-02,86900,Buy,75,"[""현재가 52주 최고가와 일치하며, 이는 단기적인 강세 모멘텀을 시사합니다."", ""최근 1개월 수익률이 7.28%로 양호하며, 거래량 변화율이 32.70%로 증가한 점은 매수세 유입 가능성을 높입니다."", ""PER 6.4, PBR 0.90, ROE 14.0% 등 재무 지표가 양호한 수준을 유지하고 있어 기업의 펀더멘털이 견조함을 나타냅니다.""]"
000270,기아,2023-06-01,84200,Sell,65,"[""현재가가 52주 최고가 대비 하락한 위치에 있으며, 최근 1개월 수익률이 마이너스를 기록하고 있어 단기적인 하락 압력이 존재합니다."", ""거래량 변화율이 음수(-)로 나타나 최근 매수세가 약화되었음을 시사하며, 이는 향후 주가 상승 동력 약화로 이어질 수 있습니다."", ""PER, PBR 등 밸류에이션 지표는 매력적이나, 최근 기술적 지표의 약세와 거래량 감소는 이러한 펀더멘털 강점을 상쇄할 가능성이 있습니다.""]"
000270,기아,2023-07-03,88500,Buy,75,"[""현재가(88,500원)가 52주 최고가(90,100원)에 근접하며 상승 추세를 시사합니다."", ""최근 1개월 수익률(5.11%)이 양수이며, 거래량 변화율(2.16%)도 긍정적인 흐름을 보입니다."", ""PER(5.5) 및 PBR(0.90) 지표가 낮아 상대적으로 저평가된 상태에서 상승 여력이 존재할 수 있습니다.""]"
000270,기아,2023-08-01,83300,Sell,65,"[""최근 1개월 수익률이 -5.88%로 하락세를 보이고 있으며, 거래량 변화율 또한 -13.38%로 감소하여 매도 압력이 존재함을 시사합니다."", ""현재가가 52주 최고가 대비 약 7.5% 하락한 수준으로, 단기적인 상승 모멘텀이 약화되었을 가능성이 있습니다."", ""PER 5.1, PBR 0.84, ROE 16.4% 등 재무 지표는 양호하나, 최근 시장의 부정적인 흐름과 기술적 지표의 하락 추세가 향후 20거래일 내 주가 하락 가능성을 높입니다.""]"
000270,기아,2023-09-01,79700,Sell,75,"[""현재가(79,700원)는 52주 최고가(90,100원) 대비 하락한 위치에 있으며, 52주 내 현재 위치(66.2%)는 중간보다 높은 편으로 추가 상승 여력이 제한적일 수 있습니다."", ""최근 1개월 수익률이 -0.38%로 약세를 보이고 있으며, 거래량 변화율이 -24.07%로 감소하는 것은 투자 심리 위축을 시사합니다."", ""PER(4.3)과 PBR(0.75)은 낮아 저평가 매력이 있을 수 있으나, 최근 주가 흐름과 거래량 감소는 단기적인 하락 압력을 시사합니다.""]"
000270,기아,2023-10-04,81900,Buy,75,"[""기아는 현재가 81,900원으로 52주 최고가 90,100원 대비 하락했으나, 52주 최저가 59,300원 대비 높은 수준이며 52주 내 현재 위치가 73.4%로 상승 추세에 대한 잠재력을 시사합니다."", ""PER 4.4, PBR 0.77은 시장 대비 저평가 가능성을 나타내며, ROE 17.6%는 높은 수익성을 보여주고 있어 향후 주가 상승의 기반이 될 수 있습니다."", ""최근 1개월 수익률 1.87%는 소폭 상승세를 유지하고 있으며, 거래량 변화율 -8.60%는 단기적인 매도 압력이 약화될 가능성을 내포합니다.""]"
000270,기아,2023-11-01,77400,Sell,65,"[""최근 1개월 수익률이 -4.33%로 하락세를 보이고 있으며, 이는 단기적인 매도 압력을 시사합니다."", ""현재가가 52주 최고가 대비 약 14.2% 하락한 수준으로, 추가적인 하락 가능성을 배제할 수 없습니다."", ""거래량 변화율이 42.99%로 높게 나타나고 있으나, 최근 수익률 하락과 함께 나타나는 것은 매도세 강화의 신호일 수 있습니다.""]"
000270,기아,2023-12-01,85800,Buy,75,"[""기아는 현재가 85,800원으로 52주 최고가 90,100원에 근접해 있으며, 52주 내 현재 위치가 86.0%로 상승 추세가 강하게 나타나고 있습니다."", ""최근 1개월 수익률이 9.30%로 단기적으로 긍정적인 주가 흐름을 보이고 있습니다."", ""PER 3.7, PBR 0.77, ROE 20.8% 등 재무 지표가 양호하여 기업의 내재가치 대비 저평가 가능성을 시사합니다.""]"
000270,기아,2024-01-02,97600,Buy,75,"[""PER 4.2, PBR 0.87로 현재 주가가 기업의 내재가치 대비 저평가된 것으로 판단됩니다."", ""ROE 20.7%로 높은 수익성을 보여주고 있으며, 이는 향후 주가 상승의 잠재력을 시사합니다."", ""최근 1개월 수익률 13.49%로 단기적인 상승 모멘텀이 확인되며, 52주 최고가 대비 현재 위치가 높아 추가 상승 여력이 있습니다.""]"
000270,기아,2024-02-01,106300,Buy,75,"[""현재가가 52주 최고가와 동일하며, 최근 1개월 수익률이 13.33%로 강한 상승세를 보이고 있습니다."", ""PER 4.6, PBR 0.95로 저평가 구간에 있으며, ROE 20.7%로 높은 수익성을 시현하고 있습니다."", ""거래량 변화율이 33.67%로 증가하며 매수세 유입 가능성을 시사합니다.""]"
000270,기아,2024-03-04,125600,Sell,75,"[""현재가가 52주 최고가와 일치하며, 최근 1개월 수익률이 28.16%로 단기 급등 후 차익 실현 매물이 출회될 가능성이 높습니다."", ""거래량 변화율이 107.80%로 급증한 것은 단기적인 매수세 유입을 시사하지만, 최고가 부근에서의 추가 상승 동력은 제한적일 수 있습니다."", ""PER 5.4, PBR 1.12, ROE 20.7% 등 재무 지표는 양호하나, 단기 급등에 따른 과열 가능성을 배제할 수 없어 향후 20거래일 내 조정 가능성을 고려해야 합니다.""]"
000270,기아,2024-04-01,108700,Sell,75,"[""최근 1개월 수익률이 -12.69%로 하락세를 보이고 있으며, 거래량 변화율 또한 -41.08%로 감소하여 투자 심리가 위축된 것으로 판단됩니다."", ""현재가가 52주 최고가 대비 약 15.7% 하락한 수준이지만, 최근 하락 추세가 지속되고 있어 추가 하락 가능성이 있습니다."", ""PER 4.9, PBR 0.94, ROE 19.2% 등 재무 지표는 양호하나, 최근 기술적 지표의 하락 추세가 단기적인 주가 하락을 시사합니다.""]"
000270,기아,2024-05-02,119600,Buy,75,"[""기아의 PER 5.4는 동종 업계 평균 대비 낮은 수준으로 밸류에이션 매력이 존재합니다."", ""ROE 19.1%는 높은 수익성을 시사하며, 이는 주가 상승의 긍정적인 요인으로 작용할 수 있습니다."", ""최근 1개월 수익률 10.03%는 단기적인 주가 상승 모멘텀을 보여주고 있습니다.""]"
000270,기아,2024-06-03,120700,Buy,75,"[""기아의 PER 5.0은 동종 업계 평균 대비 낮은 수준으로 밸류에이션 매력이 존재합니다."", ""ROE 20.4%는 높은 수익성을 시사하며, 이는 주가 상승의 잠재적 동력으로 작용할 수 있습니다."", ""현재가가 52주 최고가 대비 약 84.9% 수준에 위치하며, 이는 추가적인 상승 여력이 있음을 시사합니다.""]"
000270,기아,2024-07-01,128600,Buy,75,"[""기아는 현재가 128,600원으로 52주 최고가 132,300원에 근접하며, 52주 내 현재 위치가 93.3%로 높은 수준을 유지하고 있어 상승 모멘텀이 지속될 가능성이 있습니다."", ""최근 1개월 수익률이 9.26%로 양호한 흐름을 보이고 있으며, 이는 단기적인 매수세가 유입되고 있음을 시사합니다."", ""PER 5.4, PBR 1.09, ROE 20.3%의 재무 지표는 현재 주가가 기업의 내재가치 대비 저평가되어 있거나 효율적인 경영을 하고 있음을 나타내어 향후 주가 상승의 기반이 될 수 있습니다.""]"
000270,기아,2024-08-01,112100,Sell,75,"[""최근 1개월 수익률이 -9.38%로 하락세를 보이고 있으며, 거래량 변화율 또한 -22.05%로 감소하여 투자 심리가 위축되었음을 시사합니다."", ""현재가가 52주 최고가 대비 약 15% 하락한 위치에 있으며, 이는 단기적인 하락 압력이 존재할 가능성을 나타냅니다."", ""PER 4.7, PBR 0.95는 절대적인 고평가 구간은 아니지만, 최근의 부정적인 수급 및 가격 흐름을 고려할 때 추가적인 하락 가능성에 무게를 둡니다.""]"
000270,기아,2024-09-02,106100,Sell,65,"[""최근 1개월 수익률이 -5.35%로 하락세를 보이고 있으며, 52주 최고가 대비 현재 위치가 절반 수준에 머물러 있어 추가 하락 가능성이 있습니다."", ""PER 4.3, PBR 0.84, ROE 19.3% 등 재무 지표는 양호하나, 최근 시장의 부정적인 흐름과 기술적 지표의 약세가 이를 상쇄할 수 있습니다."", ""거래량 변화율이 10.16%로 소폭 증가했으나, 이는 하락 추세를 반전시키기에는 미미한 수준으로 판단됩니다.""]"
000270,기아,2024-10-02,98700,Sell,75,"[""최근 1개월 수익률이 -5.64%로 하락세를 보이고 있으며, 52주 최고가 대비 현재 위치가 39.4%로 하락 가능성이 열려있습니다."", ""거래량 변화율이 26.37%로 증가했으나, 이는 하락 추세 속에서 매도 물량이 증가했을 가능성을 시사합니다."", ""PER 4.0, PBR 0.78은 저평가 구간으로 볼 수도 있으나, 최근 시장의 부정적인 흐름과 기술적 지표의 하락 신호를 고려할 때 단기적인 반등보다는 하락 가능성에 무게를 둡니다.""]"
000270,기아,2024-11-01,94300,Sell,65,"[""최근 1개월 수익률이 -5.61%로 하락세를 보이고 있으며, 52주 최고가 대비 현재 위치가 31.4%로 상승 여력이 제한적일 수 있습니다."", ""PER 3.9, PBR 0.75는 저평가 구간으로 볼 수 있으나, 최근 시장 흐름과 기술적 지표가 하락 가능성을 시사합니다."", ""거래량 변화율이 4.95%로 소폭 증가했으나, 이는 하락 추세를 반전시키기에는 부족한 수준으로 판단됩니다.""]"
000270,기아,2024-12-02,94200,Sell,75,"[""현재가(94,200원)는 52주 최고가(132,300원) 대비 상당한 하락폭을 보이고 있으며, 52주 내 현재 위치(22.6%)는 낮은 편에 속하여 추가 하락 가능성을 시사합니다."", ""최근 1개월 수익률이 -0.11%로 약보합세를 보이고 있으며, 거래량 변화율이 -24.56%로 감소하는 추세는 투자 심리 위축을 나타낼 수 있습니다."", ""PER 3.8, PBR 0.72, ROE 18.8% 등 재무 지표는 양호하나, 기술적 지표에서 나타나는 하락 추세와 거래량 감소는 단기적인 주가 하락 압력으로 작용할 가능성이 높습니다.""]"
000270,기아,2025-01-02,101600,Buy,75,"[""기아의 PER 4.1, PBR 0.78은 현재 시장에서 저평가되어 있음을 시사합니다."", ""ROE 18.8%는 높은 수익성을 보여주며, 이는 주가 상승의 잠재력을 나타냅니다."", ""최근 1개월 수익률 9.36%와 거래량 변화율 7.01%는 긍정적인 모멘텀을 보여주고 있습니다.""]"
000270,기아,2025-02-03,96100,Sell,75,"[""최근 1개월 수익률이 -6.61%로 하락세를 보이고 있으며, 거래량 변화율 또한 -3.48%로 감소하는 추세는 매도 압력을 시사합니다."", ""현재 주가는 52주 최고가 대비 약 27.3% 하락한 수준으로, 단기적인 반등보다는 추가 하락 가능성을 염두에 두어야 합니다."", ""PER 3.9, PBR 0.74는 저평가 구간으로 볼 수 있으나, 최근 시장 심리 및 기술적 지표의 하락 추세가 이를 상쇄할 만큼 강한 상승 모멘텀을 제시하지 못하고 있습니다.""]"
000270,기아,2025-03-04,93300,Sell,65,"[""최근 1개월 수익률이 -8.53%로 하락세를 보이고 있어 단기적인 하락 압력이 존재합니다."", ""현재가가 52주 최고가 대비 약 29.7% 하락한 수준에 위치하며, 이는 추가적인 하락 가능성을 시사합니다."", ""PER 3.8, PBR 0.72, ROE 18.9% 등 재무 지표는 양호하나, 최근 시장의 부정적인 흐름과 기술적 지표를 고려할 때 단기적인 하락 가능성이 더 높다고 판단됩니다.""]"
000270,기아,2025-04-01,93200,Buy,65,"[""기아의 PER 3.7은 동종 업계 평균 대비 낮은 수준으로, 현재 주가가 저평가되었을 가능성을 시사합니다."", ""PBR 0.66은 장부가치 대비 낮은 수준으로, 자산 가치 대비 매력적인 투자 기회를 제공할 수 있습니다."", ""최근 1개월 수익률이 0.00%로 정체되어 있으나, 거래량 변화율이 25.67%로 증가한 점은 향후 주가 상승에 대한 잠재력을 보여줍니다.""]"
000270,기아,2025-05-02,89400,Sell,65,"[""현재가(89,400원)는 52주 최고가(132,300원) 대비 상당한 하락폭을 보이며, 52주 내 현재 위치(14.7%)가 낮아 추가 하락 가능성을 시사합니다."", ""최근 1개월 수익률(-2.93%)이 마이너스를 기록하고 있으며, 거래량 변화율(-32.81%) 또한 감소 추세를 보여 투자 심리가 위축되었음을 나타냅니다."", ""PER(3.6)과 PBR(0.64)은 낮아 저평가 매력이 있을 수 있으나, 기술적 지표와 최근 시장 흐름이 하락 압력을 시사하고 있어 단기적인 하락 가능성에 무게를 둡니다.""]"
000270,기아,2025-06-02,88400,Sell,65,"[""현재가(88,400원)가 52주 최고가(132,300원) 대비 상당한 하락폭을 보이고 있으며, 52주 내 현재 위치가 12.7%로 낮은 편입니다."", ""최근 1개월 수익률이 -2.43%로 하락세를 보이고 있으며, 거래량 변화율 또한 -3.64%로 감소하는 추세입니다."", ""PER 3.7, PBR 0.63은 저평가 구간으로 볼 수 있으나, 기술적 지표상 하락 압력이 우세하며 ROE 17.0%는 긍정적이나 이를 상쇄할 만큼의 상승 동력이 약합니다.""]"
000270,기아,2025-07-01,98700,Buy,75,"[""현재 PER 4.1, PBR 0.70으로 저평가 구간에 있으며 ROE 16.9%로 양호한 수익성을 보여주고 있습니다."", ""최근 1개월 수익률 5.90%로 상승세를 보이고 있으며, 거래량 변화율 21.02%는 매수세 유입 가능성을 시사합니다."", ""52주 최고가 대비 현재 위치가 33.2%로 상승 여력이 존재하며, 52주 최저가 대비로는 상당한 상승을 기록했습니다.""]"
000270,기아,2025-08-01,100800,Buy,65,"[""PER 4.2, PBR 0.72로 현재 주가가 기업의 내재가치 대비 저평가된 것으로 판단됩니다."", ""ROE 17.0%로 높은 수익성을 보여주고 있으며, 이는 주가 상승의 잠재력을 시사합니다."", ""최근 1개월 수익률이 소폭 상승했고 거래량 변화율이 14.88%로 증가한 점은 긍정적인 수급 신호로 해석될 수 있습니다.""]"
000270,기아,2025-09-01,106500,Buy,75,"[""기아의 현재 PER 4.8배는 시장 평균 대비 저평가 가능성을 시사하며, 이는 향후 주가 상승 여력을 나타낼 수 있습니다."", ""ROE 15.3%는 기업의 수익성이 양호함을 보여주며, 이는 주가 상승의 긍정적인 요인으로 작용할 수 있습니다."", ""최근 1개월 수익률 4.11%는 단기적으로 긍정적인 모멘텀을 보여주고 있으며, 52주 최고가 대비 현재 위치가 높아 추가 상승 가능성을 시사합니다.""]"
000270,기아,2025-10-01,100600,Sell,75,"[""최근 1개월 수익률이 -6.16%로 하락세를 보이고 있으며, 이는 단기적인 매도 압력을 시사합니다."", ""52주 최고가 대비 현재 위치가 65.5%로, 상승 여력보다는 하락 가능성이 상대적으로 높아 보입니다."", ""거래량 변화율이 52.30%로 높게 나타나고 있으나, 최근 수익률 하락과 함께 나타나는 것은 매도세 강화의 신호일 수 있습니다.""]"
000270,기아,2025-11-03,117700,Buy,75,"[""기아는 현재가 117,700원으로 52주 최고가 119,900원에 근접해 있으며, 52주 내 현재 위치가 94.2%로 높은 수준을 유지하고 있습니다."", ""최근 1개월 수익률이 17.47%로 강한 상승세를 보이고 있으며, 거래량 변화율 또한 48.96%로 증가하여 매수세가 유입되고 있음을 시사합니다."", ""PER 5.3, PBR 0.82, ROE 15.4% 등 재무 지표가 양호한 편이며, 이는 현재 주가 수준이 기업 가치 대비 저평가되었을 가능성을 내포합니다.""]"
000270,기아,2025-12-01,112300,Sell,75,"[""최근 1개월 수익률이 -6.34%로 하락세를 보이고 있으며, 거래량 변화율 또한 -39.27%로 감소하여 투자 심리가 위축된 것으로 판단됩니다."", ""현재가가 52주 최고가 대비 80.0% 수준으로, 단기적으로 상승 여력이 제한적일 수 있습니다."", ""PER 5.6, PBR 0.76은 저평가 구간으로 볼 수 있으나, 최근 시장의 부정적인 흐름과 기술적 지표의 약세를 고려할 때 단기적인 주가 하락 가능성이 더 높다고 판단됩니다.""]"
105560,KB금융,2023-01-02,47600,Sell,65,"[""최근 1개월 수익률이 -11.03%로 하락세를 보이고 있으며, 이는 단기적인 매도 압력을 시사합니다."", ""거래량 변화율이 -8.09%로 감소하는 추세는 투자자들의 관심 감소 또는 매도 심리 강화를 나타낼 수 있습니다."", ""현재가가 52주 최고가 대비 17.6% 하락한 위치에 있으며, 이는 추가적인 하락 가능성을 배제할 수 없음을 의미합니다.""]"
105560,KB금융,2023-02-01,57400,Buy,75,"[""최근 1개월 수익률이 18.35%로 강한 상승세를 보이고 있으며, 이는 향후 20거래일 내 주가 상승 가능성을 시사합니다."", ""거래량 변화율이 58.72%로 높게 나타나 투자자들의 관심이 증가하고 있음을 보여주며, 이는 주가 상승 동력으로 작용할 수 있습니다."", ""현재가가 52주 최고가 대비 약 12.7% 하락한 수준으로, 기술적으로 추가 상승 여력이 존재할 수 있습니다.""]"
105560,KB금융,2023-03-02,50600,Sell,75,"[""최근 1개월 수익률이 -9.48%로 하락세를 보이고 있으며, 이는 단기적인 매도 압력을 시사합니다."", ""거래량 변화율이 -2.13%로 감소하는 추세는 투자자들의 관심 감소 또는 매도 심리를 반영할 수 있습니다."", ""현재 주가가 52주 최고가 대비 약 18.1% 하락한 위치에 있으며, 이는 추가적인 하락 가능성을 내포합니다.""]"
105560,KB금융,2023-04-03,47300,Sell,65,"[""PER, PBR, ROE 등 핵심 재무지표가 제공되지 않아 기업의 현재 가치 및 수익성 판단이 불가함"", ""최근 1개월 수익률이 -5.40%로 하락세를 보이고 있으며, 거래량 변화율 또한 -21.70%로 감소하여 투자 심리가 위축되었음을 시사함"", ""현재가가 52주 최고가 대비 약 23.7% 하락한 수준에 있으며, 52주 최저가와의 격차가 크지 않아 추가 하락 가능성을 배제할 수 없음""]"
105560,KB금융,2023-05-02,49500,Neutral,65,"[""PER, PBR, ROE 등 핵심 재무지표가 제공되지 않아 기업의 내재가치 판단이 어렵습니다."", ""최근 1개월 수익률은 긍정적이나, 52주 최고가 대비 현재 위치가 낮고 거래량 변화율이 음수여 상승 모멘텀이 약합니다."", ""현재가와 52주 최저가 사이의 가격 범위에서 횡보 가능성이 존재하며, 명확한 상승 또는 하락 근거가 부족합니다.""]"
105560,KB금융,2023-06-01,46800,Sell,65,"[""최근 1개월 수익률이 -5.45%로 하락세를 보이고 있으며, 이는 단기적인 하락 압력을 시사합니다."", ""현재가가 52주 최고가 대비 18.6% 하락한 위치에 있어 추가적인 하락 가능성을 배제할 수 없습니다."", ""PER, PBR, ROE 등 핵심 재무지표가 제공되지 않아 기업의 근본적인 가치 평가가 어려우며, 이는 투자 결정에 불확실성을 더합니다.""]"
105560,KB금융,2023-07-03,48650,Neutral,55,"[""PER, PBR, ROE 등 핵심 재무지표가 제공되지 않아 기업의 내재가치 판단이 불가능합니다."", ""최근 1개월 수익률은 긍정적이나, 거래량 변화율이 음수이며 52주 최고가 대비 현재 위치가 낮아 상승 동력이 약할 수 있습니다."", ""현재가와 52주 최저가 사이의 위치는 상승 여력과 하락 위험이 공존함을 시사합니다.""]"
105560,KB금융,2023-08-01,52800,Buy,65,"[""최근 1개월 수익률이 8.53%로 긍정적인 흐름을 보이고 있습니다."", ""거래량 변화율이 26.96%로 증가하며 매수세 유입 가능성을 시사합니다."", ""현재가가 52주 최고가 대비 약 11.9% 하락한 수준으로, 추가 상승 여력이 존재할 수 있습니다.""]"
105560,KB금융,2023-09-01,53600,Neutral,55,"[""PER, PBR, ROE 등 핵심 재무지표가 제공되지 않아 기업의 내재가치 판단이 어렵습니다."", ""최근 1개월 수익률은 소폭 상승했으나, 거래량 변화율이 크게 감소하여 상승 동력이 약화되었음을 시사합니다."", ""현재가가 52주 최고가 대비 약 10% 하락한 수준으로, 추가 상승 여력과 하락 위험이 공존하는 구간입니다.""]"
105560,KB금융,2023-10-04,54700,Buy,65,"[""최근 1개월 수익률이 3.99%로 긍정적인 흐름을 보이고 있으며, 이는 단기적인 매수 심리 개선을 시사합니다."", ""거래량 변화율이 7.82%로 증가 추세를 나타내고 있어, 이는 시장 참여자들의 관심 증가 및 잠재적인 매수세 유입 가능성을 보여줍니다."", ""현재가가 52주 최고가 대비 약 8.75% 하락한 수준으로, 기술적으로는 추가적인 상승 여력이 존재할 수 있습니다.""]"
105560,KB금융,2023-11-01,51300,Sell,65,"[""최근 1개월 수익률이 -7.90%로 하락세를 보이고 있으며, 이는 단기적인 하락 압력을 시사합니다."", ""현재가가 52주 최고가 대비 약 40.8% 낮은 수준에 위치해 있어 추가적인 하락 가능성을 배제할 수 없습니다."", ""PER, PBR, ROE 등 핵심 재무지표가 제공되지 않아 기업의 내재가치 판단이 어렵지만, 기술적 지표상 단기 하락 추세가 관찰됩니다.""]"
105560,KB금융,2023-12-01,51900,Neutral,55,"[""PBR 0.36은 현재 주가가 장부가치 대비 저평가되었음을 시사하나, PER이 없어 적자 상태임을 나타내어 추가적인 하락 가능성을 배제할 수 없습니다."", ""52주 최고가 대비 현재 위치가 40.0%로, 상승 여력이 남아있다고 볼 수 있으나 최근 1개월 수익률이 1.76%로 미미하고 거래량 변화율이 음수(-6.38%)인 점은 상승 동력이 약함을 시사합니다."", ""기술적 지표상 상승 여력과 하락 압력이 혼재되어 있어 향후 20거래일 내 명확한 방향성을 예측하기 어렵습니다.""]"
105560,KB금융,2024-01-02,53600,Neutral,55,"[""KB금융은 현재 PBR 0.37로 낮은 수준이며, 52주 최저가 대비 중간 지점에 위치하여 추가 하락보다는 반등 가능성을 시사합니다."", ""최근 1개월 수익률이 3.67%로 긍정적인 흐름을 보이고 있으나, 거래량 변화율이 -7.56%로 감소하여 상승 동력이 약화될 수 있습니다."", ""PER이 '해당없음(적자)'으로 표기되어 있어 재무 건전성에 대한 명확한 판단이 어렵고, ROE 또한 제공되지 않아 추가적인 분석이 필요합니다.""]"
105560,KB금융,2024-02-01,61300,Buy,75,"[""현재가가 52주 최고가와 동일하며, 최근 1개월 수익률이 16.54%로 강한 상승세를 보이고 있습니다."", ""거래량 변화율이 79.35%로 높게 나타나, 매수세 유입 가능성을 시사합니다."", ""PBR 0.43은 자산 가치 대비 저평가 가능성을 나타내며, 향후 주가 상승 여력을 시사합니다.""]"
105560,KB금융,2024-03-04,69000,Buy,75,"[""현재가가 52주 최고가에 근접해 있으며, 52주 내 현재 위치가 97.0%로 매우 높은 수준입니다."", ""최근 1개월 수익률이 23.43%로 강한 상승세를 보이고 있으며, 거래량 변화율 또한 113.51%로 증가하여 매수세가 유입되고 있음을 시사합니다."", ""PBR이 0.48로 낮아 저평가 가능성이 있으며, PER이 '해당없음(적자)'으로 표시되어 있으나 이는 금융업종의 특성상 순이익 변동성이 크기 때문일 수 있으며, 현재 주가 흐름은 긍정적입니다.""]"
105560,KB금융,2024-04-01,68400,Buy,75,"[""KB금융은 현재가 68,400원으로 52주 최고가 78,600원 대비 하락한 상태이며, 52주 내 현재 위치가 68.2%로 상승 여력이 존재합니다."", ""최근 1개월 수익률이 7.72%로 긍정적인 흐름을 보이고 있으며, 이는 단기적인 매수세 유입 가능성을 시사합니다."", ""PER 5.9, PBR 0.47, ROE 8.0% 등의 재무 지표는 현재 주가가 저평가되어 있을 가능성을 나타내며, 이는 향후 주가 상승의 기반이 될 수 있습니다.""]"
105560,KB금융,2024-05-02,72300,Buy,75,"[""KB금융은 현재가 72,300원으로 52주 최고가 78,600원 대비 약 8% 하락한 수준으로, 52주 내 현재 위치 80.4%를 고려할 때 추가 상승 여력이 존재합니다."", ""PER 6.2, PBR 0.50은 동종 업계 평균 대비 저평가 가능성을 시사하며, ROE 8.0%는 수익성을 보여주고 있어 밸류에이션 매력이 있습니다."", ""최근 1개월 수익률 5.70%는 시장 대비 양호한 흐름을 보이고 있으며, 거래량 변화율 -25.53%는 단기적인 매도 압력이 완화될 가능성을 내포합니다.""]"
105560,KB금융,2024-06-03,79300,Buy,75,"[""현재가(79,300원)가 52주 최고가(81,600원)에 근접하며 강한 상승 모멘텀을 시사합니다."", ""최근 1개월 수익률이 4.89%로 긍정적인 흐름을 보이고 있습니다."", ""낮은 PER(6.8)과 PBR(0.54)은 현재 주가가 기업의 내재가치 대비 저평가되었을 가능성을 시사하며, 향후 상승 여력을 내포하고 있습니다.""]"
105560,KB금융,2024-07-01,79600,Buy,75,"[""KB금융은 현재가 79,600원으로 52주 최고가 81,600원에 근접해 있어 추가 상승 여력이 존재합니다."", ""낮은 PER 6.9와 PBR 0.54는 현재 주가가 기업의 내재가치 대비 저평가되었음을 시사하며, 이는 향후 주가 상승의 잠재력을 나타냅니다."", ""최근 1개월 수익률이 1.14%로 소폭 상승세를 보이고 있으며, 이는 단기적인 매수 심리가 유입되고 있음을 나타냅니다.""]"
105560,KB금융,2024-08-01,88300,Buy,75,"[""KB금융은 현재가 88,300원으로 52주 최고가 90,800원에 근접해 있으며, 52주 내 현재 위치가 94.2%로 높은 수준을 유지하고 있습니다."", ""최근 1개월 수익률이 4.62%로 긍정적인 흐름을 보이고 있으며, 거래량 변화율도 4.06%로 증가 추세를 나타내고 있습니다."", ""PER 7.6, PBR 0.60, ROE 7.9% 등 재무 지표는 시장 대비 저평가 및 안정적인 수익성을 시사하며, 이는 향후 주가 상승의 잠재력을 뒷받침합니다.""]"
105560,KB금융,2024-09-02,87700,Sell,75,"[""현재가가 52주 최고가 대비 92.5% 수준으로, 단기 상승 여력이 제한적일 수 있습니다."", ""최근 1개월 수익률이 -0.68%로 약세를 보이고 있으며, 거래량 변화율 또한 -16.24%로 감소하는 추세는 매도 압력을 시사합니다."", ""PER 7.6, PBR 0.59, ROE 7.8%는 절대적인 저평가 구간이라고 보기 어려우며, 기술적 지표의 약세가 재무 지표의 강점을 상쇄할 가능성이 있습니다.""]"
105560,KB금융,2024-10-02,81300,Sell,65,"[""최근 1개월 수익률이 -5.24%로 하락세를 보이고 있으며, 52주 최고가 대비 현재 위치가 77.1%로 상승 여력이 제한적일 수 있습니다."", ""PER 7.0, PBR 0.55, ROE 7.8%는 현재 시장에서 매력적인 수준으로 보이나, 최근 주가 하락 추세와 거래량 변화율 증가가 단기적인 하락 압력을 시사합니다."", ""기술적 지표상 최근 1개월 수익률 하락과 52주 최고가 대비 상대적 위치를 고려할 때, 향후 20거래일 내 추가 하락 가능성이 존재합니다.""]"
105560,KB금융,2024-11-01,91800,Buy,75,"[""KB금융의 현재 PER 7.9는 시장 평균 대비 저평가 가능성을 시사하며, 이는 향후 주가 상승 여력을 나타낼 수 있습니다."", ""PBR 0.62는 장부가치 대비 낮은 수준으로, 자산 가치 대비 저평가되어 있어 상승 잠재력을 내포합니다."", ""최근 1개월 수익률 13.47%는 단기적으로 긍정적인 모멘텀을 보여주고 있으며, 이는 20거래일 내 추가 상승 가능성을 지지합니다.""]"
105560,KB금융,2024-12-02,96400,Buy,75,"[""KB금융은 현재가 96,400원으로 52주 최고가 101,000원에 근접해 있으며, 52주 내 현재 위치가 91.1%로 높은 수준을 유지하고 있어 추가 상승 여력이 존재합니다."", ""최근 1개월 수익률이 5.01%로 양호한 흐름을 보이고 있으며, 이는 단기적인 매수세가 유입되고 있음을 시사합니다."", ""PER 8.3, PBR 0.65는 상대적으로 낮은 밸류에이션을 나타내며, ROE 7.8%는 양호한 수익성을 보여주고 있어 향후 주가 상승의 기반이 될 수 있습니다.""]"
105560,KB금융,2025-01-02,83400,Sell,75,"[""최근 1개월 수익률이 -13.31%로 하락 추세를 보이고 있으며, 이는 단기적인 매도 압력을 시사합니다."", ""52주 최고가 대비 현재 주가 위치가 65.7%로, 상승 여력보다는 하락 가능성이 상대적으로 높아 보입니다."", ""거래량 변화율이 79.45%로 높게 나타나고 있으나, 최근 수익률 하락과 함께 나타나는 경우 추가 하락 가능성을 배제할 수 없습니다.""]"
105560,KB금융,2025-02-03,88800,Buy,75,"[""현재가(88,800원)는 52주 최고가(101,200원) 대비 하락했으나 52주 최저가(49,300원) 대비 높은 수준으로, 52주 내 현재 위치(76.1%)가 높아 상승 여력이 남아있음을 시사합니다."", ""최근 1개월 수익률(3.86%)이 양수이며, PER(7.7) 및 PBR(0.60)이 낮아 상대적으로 저평가된 상태로 판단됩니다."", ""ROE(7.8%)가 시장 평균 대비 양호한 수준을 유지하고 있으며, 시가총액(31.5조원)이 큰 대형주로서 안정적인 흐름을 보일 가능성이 있습니다.""]"
105560,KB금융,2025-03-04,77900,Sell,75,"[""최근 1개월 수익률이 -15.05%로 큰 폭의 하락세를 보이고 있어 단기적인 하락 압력이 지속될 가능성이 있습니다."", ""현재가가 52주 최고가 대비 약 23% 하락한 수준이며, 52주 내 현재 위치가 40.1%로 하단에 가까워 추가 하락 가능성을 시사합니다."", ""거래량 변화율이 93.79%로 높게 나타나고 있으나, 이는 하락 추세 속에서 매도 물량이 증가하고 있음을 나타낼 수 있습니다.""]"
105560,KB금융,2025-04-01,79600,Neutral,55,"[""PER 6.2, PBR 0.52, ROE 8.4%는 현재 저평가 구간에 있음을 시사하나, 52주 최고가 대비 현재 위치가 43.3%로 상승 여력에 대한 불확실성이 존재합니다."", ""최근 1개월 수익률이 1.66%로 소폭 상승했으나, 거래량 변화율이 -23.14%로 감소하여 상승 모멘텀이 약화될 가능성을 시사합니다."", ""기술적 지표상 명확한 상승 또는 하락 추세를 나타내는 지표가 부족하여 향후 20거래일 내 방향성을 확신하기 어렵습니다.""]"
105560,KB금융,2025-05-02,93200,Buy,75,"[""현재가(93,200원)가 52주 최고가(101,200원) 대비 하락했으나, 52주 내 현재 위치가 78.7%로 높은 수준을 유지하고 있어 추가 상승 여력이 존재합니다."", ""최근 1개월 수익률이 15.78%로 양호한 흐름을 보이고 있으며, 이는 단기적인 매수세 유입 가능성을 시사합니다."", ""PER 7.2, PBR 0.61, ROE 8.4% 등 재무 지표가 시장 평균 대비 경쟁력이 있음을 나타내며, 이는 기업의 내재가치 대비 저평가 가능성을 시사합니다.""]"
105560,KB금융,2025-06-02,100000,Buy,75,"[""현재가(100,000원)가 52주 최고가(104,300원)에 근접해 있으나, 52주 내 현재 위치(87.3%)는 여전히 상승 여력이 있음을 시사합니다."", ""최근 1개월 수익률(13.90%)이 양호하며, 이는 단기적으로 긍정적인 모멘텀이 작용하고 있음을 나타냅니다."", ""PER(6.8) 및 PBR(0.65) 지표가 낮아 상대적으로 저평가된 구간에 있으며, 이는 향후 주가 상승의 잠재력을 내포하고 있습니다.""]"
105560,KB금융,2025-07-01,110800,Buy,75,"[""현재가(110,800원)가 52주 최고가(112,300원)에 근접해 있으며, 52주 내 현재 위치가 96.4%로 강한 상승 추세를 시사합니다."", ""최근 1개월 수익률이 7.89%로 양호하며, 거래량 변화율이 37.41%로 증가하여 투자자들의 관심이 높아지고 있음을 나타냅니다."", ""PER 7.5, PBR 0.73, ROE 9.7%는 현재 주가가 기업의 내재가치 대비 저평가되어 있을 가능성을 시사하며, 향후 상승 여력을 보여줍니다.""]"
105560,KB금융,2025-08-01,106000,Sell,75,"[""최근 1개월 수익률이 -9.32%로 하락세를 보이고 있으며, 거래량 변화율 또한 -15.86%로 감소하여 매도 압력이 존재함을 시사합니다."", ""현재가가 52주 최고가 대비 상당 부분 하락한 위치에 있으며, 이는 단기적인 하락 추세의 연장 가능성을 나타냅니다."", ""PER 7.2, PBR 0.69, ROE 9.6% 등의 재무 지표는 현재 주가가 저평가되었을 가능성을 시사하지만, 최근의 기술적 지표들은 하락 압력을 더 강하게 반영하고 있습니다.""]"
105560,KB금융,2025-09-01,107100,Sell,65,"[""최근 1개월 수익률이 -3.43%로 하락세를 보이고 있으며, 거래량 변화율 또한 -32.57%로 감소하여 투자 심리가 위축된 것으로 판단됩니다."", ""현재가가 52주 최고가 대비 약 12.2% 하락한 수준이지만, 52주 최저가 대비로는 약 52.0% 상승한 위치에 있어 추가 상승 여력보다는 하락 가능성에 무게가 실립니다."", ""PER 7.2, PBR 0.69, ROE 9.6% 등의 재무 지표는 양호하나, 최근 시장의 부정적인 흐름과 기술적 지표의 하락 신호가 단기적인 주가 하락을 시사합니다.""]"
105560,KB금융,2025-10-01,116300,Buy,75,"[""현재가(116,300원)가 52주 최고가(122,000원)에 근접하며 상승 추세를 시사합니다."", ""최근 1개월 수익률(6.89%)이 양수이며, 거래량 변화율(10.14%) 또한 긍정적인 수급 신호를 나타냅니다."", ""PER(7.8) 및 PBR(0.75)이 낮아 상대적으로 저평가된 구간에 있으며, ROE(9.6%)는 양호한 수익성을 보여줍니다.""]"
105560,KB금융,2025-11-03,118000,Buy,75,"[""현재가(118,000원)가 52주 최고가(122,000원)에 근접하며 상승 추세를 시사합니다."", ""최근 1개월 수익률(4.70%)과 거래량 변화율(16.89%)이 긍정적인 흐름을 나타내고 있습니다."", ""PER(7.9) 및 PBR(0.76) 지표가 낮아 상대적으로 저평가된 구간에 있을 가능성이 있습니다.""]"
105560,KB금융,2025-12-01,126300,Buy,75,"[""KB금융은 현재가 126,300원으로 52주 최고가 134,700원에 근접해 있으며, 52주 내 현재 위치 86.9%로 상승 추세가 강하게 나타나고 있습니다."", ""최근 1개월 수익률 8.32%와 거래량 변화율 19.80%는 단기적인 매수세 유입 가능성을 시사합니다."", ""PER 8.3, PBR 0.81, ROE 9.8%는 현재 주가가 기업의 내재가치 대비 저평가되어 있음을 나타내며, 이는 향후 주가 상승의 잠재력을 내포합니다.""]"
055550,신한지주,2023-01-02,34300,Sell,65,"[""최근 1개월 수익률이 -10.56%로 하락세를 보이고 있으며, 이는 단기적인 하락 압력을 시사합니다."", ""거래량 변화율이 -5.19%로 감소하는 추세는 투자자들의 관심 감소 또는 매도 심리를 반영할 수 있습니다."", ""현재가가 52주 최고가 대비 9.2% 하락한 위치에 있으며, 이는 추가적인 하락 가능성을 배제할 수 없음을 나타냅니다.""]"
055550,신한지주,2023-02-01,42450,Buy,75,"[""최근 1개월 수익률이 20.60%로 강한 상승세를 보이고 있습니다."", ""거래량 변화율이 89.65%로 증가하며 매수세가 유입되고 있음을 시사합니다."", ""현재가가 52주 최고가 대비 약 5.7% 하락한 수준으로, 추가 상승 여력이 존재할 수 있습니다.""]"
055550,신한지주,2023-03-02,37700,Sell,75,"[""최근 1개월 수익률이 -9.27%로 하락세를 보이고 있으며, 이는 단기적인 매도 압력을 시사합니다."", ""거래량 변화율이 -20.26%로 감소한 것은 투자자들의 관심 감소 또는 매도 심리 강화를 나타낼 수 있습니다."", ""현재가가 52주 최고가 대비 상당 부분 하락한 위치에 있으며, 이는 추가적인 하락 가능성을 배제할 수 없음을 의미합니다.""]"
055550,신한지주,2023-04-03,34550,Sell,75,"[""최근 1개월 수익률이 -6.75%로 하락세를 보이고 있으며, 52주 최고가 대비 현재 위치가 10.0%로 하락 가능성이 열려있습니다."", ""PER, PBR, ROE 등 핵심 재무지표가 제공되지 않아 기업의 현재 가치 및 수익성에 대한 판단이 어렵습니다."", ""거래량 변화율이 5.79%로 소폭 증가했으나, 이는 하락 추세를 반전시키기에는 미미한 수준으로 판단됩니다.""]"
055550,신한지주,2023-05-02,35450,Neutral,55,"[""신한지주는 현재 52주 최저가 대비 17.8% 수준으로, 하락보다는 반등 가능성을 시사하나 52주 최고가 대비 하락폭이 커 상승 여력에 대한 불확실성이 존재합니다."", ""최근 1개월 수익률이 0.28%로 매우 미미하며, 거래량 변화율이 -35.05%로 감소하는 것은 투자 심리가 위축되었음을 나타내어 단기적인 상승 동력이 약합니다."", ""PER, PBR, ROE 등 핵심 재무 지표가 '해당없음' 또는 'N/A'로 제공되어 기업의 본질적인 가치 평가 및 향후 수익성 전망에 대한 근거가 부족합니다.""]"
055550,신한지주,2023-06-01,34700,Neutral,55,"[""신한지주는 현재 52주 최저가 대비 11.3% 상승한 위치에 있으며, 이는 단기적인 반등 가능성을 시사합니다."", ""최근 1개월 수익률이 -0.72%로 소폭 하락했으나, 거래량 변화율이 23.44%로 증가한 점은 투자자들의 관심이 재집중되고 있음을 나타냅니다."", ""PER, PBR, ROE 등 핵심 재무지표가 제공되지 않아 기업의 내재가치 및 수익성에 대한 판단이 어려워 명확한 매수 또는 매도 신호를 보내기 어렵습니다.""]"
055550,신한지주,2023-07-03,34500,Sell,65,"[""신한지주의 현재가는 52주 최저가에 근접하며, 이는 단기적인 하락 압력을 시사합니다."", ""최근 1개월 수익률이 마이너스이며 거래량 변화율 또한 감소한 점은 투자 심리 위축을 나타냅니다."", ""PER, PBR, ROE 등 핵심 재무 지표가 제공되지 않아 기업의 본질적인 가치 판단이 어렵습니다.""]"
055550,신한지주,2023-08-01,35950,Neutral,55,"[""신한지주는 현재 52주 최저가 대비 높은 수준에 위치하고 있으며, 최근 1개월 수익률이 긍정적인 흐름을 보이고 있습니다."", ""거래량 변화율이 20.57%로 증가 추세를 나타내고 있어 단기적인 매수세 유입 가능성을 시사합니다."", ""하지만 PER, PBR, ROE 등 핵심 재무지표가 제공되지 않아 기업의 본질적인 가치 판단이 어렵고, 52주 최고가 대비 하락폭이 여전히 존재하여 상승 여력에 대한 확신이 부족합니다.""]"
055550,신한지주,2023-09-01,35450,Neutral,55,"[""신한지주는 현재 52주 최저가 대비 높은 수준에 위치해 있으나, 최근 1개월 수익률이 마이너스이고 거래량 변화율 또한 감소하여 상승 모멘텀이 약한 것으로 판단됩니다."", ""PER, PBR, ROE 등 주요 재무지표가 제공되지 않아 기업의 내재가치 대비 현재 주가 수준을 평가하기 어렵습니다."", ""52주 최고가 대비 현재 주가 위치는 상승 여력이 있음을 시사하지만, 최근 시장 상황 및 거래량 감소 추세를 고려할 때 20거래일 내 뚜렷한 상승 또는 하락을 예측하기 어렵습니다.""]"
055550,신한지주,2023-10-04,35050,Neutral,55,"[""PER, PBR, ROE 등 주요 재무지표가 적자 또는 N/A로 제공되어 기업의 본질적인 가치 평가가 불가능합니다."", ""현재가가 52주 최저가 대비 20.6% 높은 수준이지만, 최근 1개월 수익률이 소폭 하락하며 상승 모멘텀이 약한 것으로 판단됩니다."", ""거래량 변화율이 미미하여 시장의 관심이나 매수/매도 압력이 뚜렷하게 나타나지 않아 향후 20거래일 내 주가 방향성을 확신하기 어렵습니다.""]"
055550,신한지주,2023-11-01,35000,Neutral,55,"[""신한지주는 현재 52주 최저가 대비 20.2% 높은 수준에 위치하며, 최근 1개월 수익률이 소폭 하락했으나 52주 최고가 대비 하락폭이 상대적으로 커 추가 하락보다는 반등 가능성도 존재합니다."", ""PER, PBR, ROE 등 핵심 재무지표가 제공되지 않아 기업의 내재가치 및 수익성에 대한 판단이 어렵습니다."", ""거래량 변화율이 음수(-)로 나타나 투자자들의 관심이 다소 줄어들었음을 시사하며, 이는 단기적인 주가 상승 동력 약화로 이어질 수 있습니다.""]"
055550,신한지주,2023-12-01,36400,Buy,65,"[""현재가(36,400원)가 52주 최저가(32,500원) 대비 상승 추세에 있으며, 52주 최고가(44,900원) 대비로는 아직 상승 여력이 존재합니다."", ""최근 1개월 수익률이 5.51%로 긍정적인 흐름을 보이고 있습니다."", ""PBR 0.36은 자산 가치 대비 저평가 가능성을 시사하며, PER이 해당 없음(적자)으로 표시된 것은 금융업종의 특성상 일반적인 지표와 다르게 해석될 수 있습니다.""]"
055550,신한지주,2024-01-02,39350,Buy,65,"[""PBR 0.39로 장부가치 대비 저평가된 것으로 판단됩니다."", ""최근 1개월 수익률 8.40%로 단기 상승 모멘텀이 관찰됩니다."", ""52주 최고가 대비 현재 위치가 55.2%로 상승 여력이 존재합니다.""]"
055550,신한지주,2024-02-01,42500,Buy,75,"[""현재가가 52주 최고가 대비 낮은 수준에 위치하며 상승 여력이 존재합니다."", ""최근 1개월 수익률이 12.14%로 양호하며, 거래량 변화율이 83.02%로 높아 투자자들의 관심이 증가하고 있습니다."", ""PBR이 0.42로 낮아 저평가 매력이 부각될 수 있습니다.""]"
055550,신한지주,2024-03-04,44200,Buy,75,"[""현재가(44,200원)가 52주 최고가(45,300원)에 근접하며 상승 추세가 지속될 가능성을 시사합니다."", ""최근 1개월 수익률(10.64%)이 양호하며, 거래량 변화율(148.02%)이 높아 투자자들의 관심이 증가하고 있음을 나타냅니다."", ""PBR(0.43)이 낮아 현재 주가가 자산 가치 대비 저평가되어 있을 가능성이 있습니다.""]"
055550,신한지주,2024-04-01,45550,Buy,75,"[""신한지주의 현재 PER 5.7배와 PBR 0.41배는 시장 평균 대비 저평가 가능성을 시사하며, 이는 향후 주가 상승의 잠재력을 내포합니다."", ""최근 1개월 수익률 4.59%와 거래량 변화율 26.38%는 시장 참여자들의 관심 증가 및 긍정적인 수급 신호를 나타냅니다."", ""현재 주가가 52주 최고가 대비 약 11.3% 하락한 68.7% 위치에 있어, 기술적으로 반등 가능성이 존재합니다.""]"
055550,신한지주,2024-05-02,45800,Buy,75,"[""신한지주의 현재 PER 5.7배와 PBR 0.42배는 시장 평균 대비 저평가 가능성을 시사하며, 이는 향후 주가 상승의 잠재력을 내포합니다."", ""52주 최고가 대비 현재 위치가 70% 수준으로, 아직 상승 여력이 남아있음을 나타냅니다."", ""최근 1개월 수익률이 소폭 상승세를 보이고 있으며, 거래량 변화율이 음수이나 이는 단기적인 조정 후 상승 전환 가능성을 시사할 수 있습니다.""]"
055550,신한지주,2024-06-03,47000,Buy,75,"[""신한지주의 현재 PER 5.8배와 PBR 0.44배는 시장 평균 대비 저평가 가능성을 시사하며, 이는 향후 주가 상승의 잠재력을 내포합니다."", ""52주 최고가 대비 현재 위치가 76.3%로, 아직 상승 여력이 남아있음을 나타냅니다."", ""최근 1개월 수익률이 0.75%로 소폭 상승세를 보이고 있으며, 거래량 변화율이 음수임에도 불구하고 주가 하락이 크지 않은 점은 매수세가 유입될 가능성을 시사합니다.""]"
055550,신한지주,2024-07-01,47850,Buy,75,"[""현재가(47,850원)는 52주 최고가(51,500원) 대비 하락했으나 52주 최저가(32,500원) 대비 높은 수준으로, 52주 내 현재 위치가 80.8%로 상승 추세에 대한 기대감을 높입니다."", ""PER 6.0, PBR 0.45는 저평가 구간에 있음을 시사하며, ROE 7.6%는 양호한 수익성을 보여줍니다."", ""최근 1개월 수익률 4.02%는 긍정적인 단기 모멘텀을 나타내며, 거래량 변화율 -18.40%는 단기적인 매도 압력이 완화될 가능성을 시사합니다.""]"
055550,신한지주,2024-08-01,60700,Sell,75,"[""현재가가 52주 최고가와 동일한 수준으로, 추가적인 단기 상승 여력이 제한적일 수 있습니다."", ""최근 1개월 수익률이 18.79%로 높게 나타나 단기 차익 실현 매물이 출회될 가능성이 있습니다."", ""거래량 변화율이 29.25%로 긍정적인 신호를 보이지만, 52주 최고가 도달이라는 기술적 저항을 고려할 때 상승 모멘텀이 약화될 수 있습니다.""]"
055550,신한지주,2024-09-02,56300,Sell,65,"[""최근 1개월 수익률이 -7.25%로 하락세를 보이고 있으며, 거래량 변화율 또한 -13.27%로 감소하여 투자 심리가 위축된 것으로 판단됩니다."", ""현재가가 52주 최고가 대비 약 81.3% 수준에 위치하여 추가 상승 여력이 제한적일 수 있습니다."", ""PER 7.0, PBR 0.53, ROE 7.6% 등 재무 지표는 안정적이나, 최근 시장의 부정적인 흐름과 기술적 지표의 약세를 고려할 때 단기적인 하락 가능성이 존재합니다.""]"
055550,신한지주,2024-10-02,55900,Sell,65,"[""최근 1개월 수익률이 -2.95%로 하락세를 보이고 있으며, 거래량 변화율 또한 -5.85%로 감소하여 매도 압력이 존재함을 시사합니다."", ""현재가가 52주 최고가 대비 약 80% 수준에 위치하여 추가 상승 여력이 제한적일 수 있습니다."", ""PER 7.0, PBR 0.52, ROE 7.5% 등의 재무 지표는 현재 주가가 저평가되었음을 나타낼 수 있으나, 최근 시장의 부정적인 흐름과 기술적 지표를 고려할 때 단기적인 하락 가능성이 더 높다고 판단됩니다.""]"
055550,신한지주,2024-11-01,54000,Sell,65,"[""현재가(54,000원)는 52주 최고가(61,400원) 대비 하락한 수준이며, 52주 내 현재 위치(72.9%)는 고점 대비 상당한 조정을 시사합니다."", ""최근 1개월 수익률(-2.70%)과 거래량 변화율(-8.87%)이 모두 하락세를 나타내고 있어 단기적인 매도 압력이 존재함을 시사합니다."", ""PER(6.7)과 PBR(0.50)은 낮지만, ROE(7.5%)가 상대적으로 낮은 수준으로, 현재 주가 수준을 유지하기 위한 강력한 상승 동력이 부족할 수 있습니다.""]"
055550,신한지주,2024-12-02,53900,Sell,65,"[""현재가(53,900원)가 52주 최고가(61,400원) 대비 약 12% 하락한 위치에 있으며, 52주 내 현재 위치가 70.1%로 상승 추세가 둔화될 가능성을 시사합니다."", ""최근 1개월 수익률이 -0.19%로 약보합세를 보이고 있으며, 거래량 변화율 또한 -2.65%로 감소하는 추세는 매수세 약화를 나타낼 수 있습니다."", ""PER 6.7, PBR 0.49, ROE 7.3% 등 재무 지표는 양호하나, 최근 기술적 지표의 약세가 단기적인 주가 하락 압력으로 작용할 가능성이 있습니다.""]"
055550,신한지주,2025-01-02,47750,Sell,65,"[""최근 1개월 수익률이 -9.91%로 하락세를 보이고 있으며, 이는 단기적인 하락 압력을 시사합니다."", ""현재가가 52주 최고가 대비 상당 부분 하락한 위치에 있으며, 이는 추가적인 하락 가능성을 배제할 수 없음을 나타냅니다."", ""PER 5.9, PBR 0.44, ROE 7.4% 등의 재무 지표는 현재 시장에서 저평가된 것으로 보일 수 있으나, 최근의 기술적 지표 하락 추세가 이를 상쇄할 가능성이 있습니다.""]"
055550,신한지주,2025-02-03,50200,Buy,65,"[""신한지주의 현재 PER 6.2와 PBR 0.46은 시장 평균 대비 저평가 가능성을 시사하며, 이는 향후 주가 상승의 잠재적 요인으로 작용할 수 있습니다."", ""최근 1개월 수익률 2.66%는 단기적인 상승 모멘텀을 보여주고 있으며, 이는 20거래일 내 추가 상승 가능성을 뒷받침합니다."", ""52주 최저가 대비 현재 위치가 55.3%로, 주가가 하락보다는 상승 추세에 더 가까운 위치에 있음을 나타냅니다.""]"
055550,신한지주,2025-03-04,46150,Sell,75,"[""최근 1개월 수익률이 -9.69%로 하락세를 보이고 있으며, 이는 단기적인 매도 압력을 시사합니다."", ""52주 최고가 대비 현재 위치가 26.9%로, 상승 여력보다는 하락 가능성이 상대적으로 높아 보입니다."", ""거래량 변화율이 60.60%로 높게 나타나고 있으나, 최근 수익률 하락과 함께 나타나는 것은 매도세 강화의 신호일 수 있습니다.""]"
055550,신한지주,2025-04-01,48100,Buy,75,"[""신한지주의 현재 PER 5.7배와 PBR 0.43배는 동종 업계 평균 대비 저평가 가능성을 시사하며, 이는 향후 주가 상승 여력을 나타낼 수 있습니다."", ""최근 1개월 수익률이 4.91%로 양호한 흐름을 보이고 있으며, 이는 단기적인 매수세 유입 가능성을 시사합니다."", ""현재가가 52주 최저가 대비 약 18.6% 상승한 36.2% 위치에 있어, 추가적인 상승 모멘텀이 작용할 가능성이 있습니다.""]"
055550,신한지주,2025-05-02,51200,Buy,75,"[""현재가(51,200원)가 52주 최저가(41,750원) 대비 높은 수준이며, 52주 최고가(61,400원) 대비로는 중간 지점(48.1%)에 위치하여 상승 여력이 존재합니다."", ""최근 1개월 수익률이 5.13%로 양호하며, 거래량 변화율(6.41%) 또한 긍정적인 신호를 보내고 있습니다."", ""PER(6.1) 및 PBR(0.46) 지표가 낮아 상대적으로 저평가된 구간으로 판단되며, ROE(7.6%)는 양호한 수준을 유지하고 있습니다.""]"
055550,신한지주,2025-06-02,55800,Buy,75,"[""신한지주의 현재 PER 6.3배와 PBR 0.49배는 동종 업계 평균 대비 저평가 가능성을 시사하며, 이는 향후 주가 상승의 잠재력을 내포합니다."", ""최근 1개월 수익률 10.71%는 단기적인 시장의 긍정적인 관심과 매수세를 반영하며, 이는 20거래일 내 추가 상승의 동력이 될 수 있습니다."", ""현재 주가가 52주 최고가 대비 약 9% 하락한 68.5% 위치에 있어, 기술적으로 추가 상승 여력이 존재한다고 판단됩니다.""]"
055550,신한지주,2025-07-01,62200,Buy,75,"[""현재가가 52주 최고가와 동일하며, 이는 강한 상승 모멘텀을 시사합니다."", ""최근 1개월 수익률이 8.17%로 양호하며, 거래량 변화율이 119.98%로 크게 증가하여 매수세 유입 가능성을 높입니다."", ""PER 7.0, PBR 0.55, ROE 7.8%는 재무적으로 저평가된 상태에서 상승 여력이 있음을 나타냅니다.""]"
055550,신한지주,2025-08-01,65100,Buy,75,"[""현재가(65,100원)가 52주 최고가(71,800원) 대비 약 9.3% 하락한 수준으로, 추가 상승 여력이 존재한다고 판단됩니다."", ""PBR 0.58은 장부가치 대비 저평가된 수준으로, 향후 주가 상승의 잠재력을 시사합니다."", ""최근 1개월 수익률 2.20%는 시장 대비 양호한 흐름을 보이며, 이는 단기적인 매수세 유입 가능성을 나타냅니다.""]"
055550,신한지주,2025-09-01,64000,Sell,65,"[""최근 1개월 수익률이 -5.88%로 하락세를 보이고 있으며, 거래량 변화율 또한 -23.58%로 감소하여 투자 심리가 위축된 것으로 판단됩니다."", ""현재 주가가 52주 최고가 대비 약 10.9% 하락한 위치에 있으나, 최근 하락 추세가 지속되고 있어 추가 하락 가능성을 배제할 수 없습니다."", ""PER 7.0, PBR 0.56, ROE 8.1% 등 재무 지표 자체는 양호하나, 최근 시장의 부정적인 흐름과 기술적 지표의 하락 신호가 더 큰 영향을 미칠 것으로 예상됩니다.""]"
055550,신한지주,2025-10-01,70500,Buy,75,"[""신한지주의 현재가(70,500원)는 52주 최고가(71,800원)에 근접한 95.4% 수준으로, 강한 상승 모멘텀을 시사합니다."", ""최근 1개월 수익률이 8.63%로 양호하며, 거래량 변화율 또한 16.11%로 증가 추세를 보이고 있어 추가 상승 가능성을 높입니다."", ""PER 7.7, PBR 0.62, ROE 8.1%의 재무 지표는 현재 주가가 기업 가치 대비 저평가되었을 가능성을 내포하며, 이는 향후 주가 상승의 기반이 될 수 있습니다.""]"
055550,신한지주,2025-11-03,74100,Sell,75,"[""현재가가 52주 최고가에 근접한 98.7% 수준으로, 단기 상승 여력이 제한적일 수 있습니다."", ""최근 1개월 수익률이 7.08%로 양호했으나, 거래량 변화율이 -3.89%로 감소하는 추세는 매수세 약화를 시사합니다."", ""PER 8.1, PBR 0.65, ROE 8.1% 등 재무 지표는 안정적이나, 현재 주가 수준에서 추가적인 상승을 강하게 지지할 만한 모멘텀은 부족해 보입니다.""]"
055550,신한지주,2025-12-01,79700,Buy,75,"[""현재가(79,700원)가 52주 최고가(81,400원)에 근접하며 강한 상승 모멘텀을 시사합니다."", ""최근 1개월 수익률(8.73%)이 양호하며, 이는 단기적인 주가 상승 추세가 지속될 가능성을 나타냅니다."", ""PER(8.3) 및 PBR(0.69) 지표가 낮아 상대적으로 저평가된 상태이며, 이는 향후 주가 상승 여력을 시사합니다.""]"
035720,카카오,2023-01-02,52700,Sell,65,"[""최근 1개월 수익률이 -8.98%로 하락세를 보이고 있으며, 거래량 변화율 또한 -51.43%로 감소하여 투자 심리가 위축된 것으로 판단됩니다."", ""52주 최고가 대비 현재 위치가 8.0%로, 52주 내에서 상당히 낮은 수준에 머물러 있어 추가적인 하락 가능성을 시사합니다."", ""PER 35.5, PBR 2.05, ROE 5.8%의 재무 지표는 현재 주가 수준이 기업의 내재 가치 대비 고평가되었을 가능성을 배제할 수 없으며, 이는 하락 압력으로 작용할 수 있습니다.""]"
035720,카카오,2023-02-01,62200,Sell,75,"[""현재 PER 41.9는 동종 업계 평균 대비 높은 수준으로 밸류에이션 부담이 존재합니다."", ""ROE 5.8%는 낮은 수준으로 기업의 수익 창출 능력이 저조함을 시사합니다."", ""최근 1개월 수익률 17.14%와 거래량 변화율 44.97%는 단기적인 수급에 의한 상승 가능성을 시사하나, 52주 최고가 대비 현재 위치가 24.4%로 여전히 높은 수준에 있어 추가 상승 여력이 제한적입니다.""]"
035720,카카오,2023-03-02,61200,Sell,65,"[""현재 PER 41.2배는 동종 업계 평균 대비 높은 수준으로 밸류에이션 부담이 존재합니다."", ""ROE 5.8%는 낮은 수준으로 기업의 수익성이 부진함을 시사합니다."", ""최근 1개월 수익률이 -0.33%로 약세를 보이고 있으며, 52주 최고가 대비 현재 위치가 22.7%로 하락 추세가 지속될 가능성이 있습니다.""]"
035720,카카오,2023-04-03,60200,Sell,65,"[""최근 1개월 수익률이 마이너스이며 거래량 변화율 또한 감소 추세를 보여 단기적인 하락 압력이 존재합니다."", ""52주 최고가 대비 현재 위치가 21.4%로, 상승 여력보다는 하락 가능성이 상대적으로 높아 보입니다."", ""ROE가 13.9%로 양호하나, PER 19.3, PBR 2.69는 현재 주가 수준이 재무 지표 대비 고평가되었을 가능성을 시사합니다.""]"
035720,카카오,2023-05-02,58500,Sell,65,"[""최근 1개월 수익률이 -4.26%로 하락세를 보이고 있으며, 거래량 변화율 또한 -16.96%로 감소하여 투자 심리가 위축된 것으로 판단됩니다."", ""현재가가 52주 최고가 대비 약 34.9% 하락한 위치에 있으며, 52주 내 현재 위치가 26.3%로 낮은 편에 속해 추가적인 하락 가능성을 시사합니다."", ""ROE 13.9%는 양호한 수준이나, PER 18.8, PBR 2.61은 현재 시장 상황에서 밸류에이션 부담이 존재할 수 있음을 나타냅니다.""]"
035720,카카오,2023-06-01,56100,Sell,65,"[""현재 PER 192.1, ROE 1.2%는 시장 평균 대비 높은 밸류에이션과 낮은 수익성을 시사하며, 이는 향후 주가 상승에 부담 요인으로 작용할 수 있습니다."", ""최근 1개월 수익률 -3.44%와 거래량 변화율 -22.05%는 단기적으로 매도 압력이 존재함을 나타냅니다."", ""52주 최고가 대비 현재 위치가 22.9%로, 상승 여력 대비 하락 위험이 상대적으로 높아 보입니다.""]"
035720,카카오,2023-07-03,51000,Sell,75,"[""카카오의 PER 174.7은 동종 업계 평균 대비 높은 수준으로, 현재 주가가 고평가되었을 가능성을 시사합니다."", ""최근 1개월 수익률이 -9.09%로 하락세를 보이고 있으며, 이는 단기적인 투자 심리 위축을 나타냅니다."", ""52주 최고가 대비 현재 위치가 10.2%로, 상승 여력보다는 하락 위험이 상대적으로 높아 보입니다.""]"
035720,카카오,2023-08-01,54900,Sell,65,"[""현재 PER 188.0, ROE 1.2%는 시장 평균 대비 높은 밸류에이션과 낮은 수익성을 시사하며, 이는 향후 주가 상승에 부담으로 작용할 수 있습니다."", ""52주 최고가 대비 현재 위치가 20.9%로, 상승 여력이 제한적일 수 있다는 신호로 해석될 수 있습니다."", ""최근 1개월 수익률 7.65%와 거래량 변화율 34.43%는 단기적인 관심 증가를 나타내지만, 재무 지표의 부담을 상쇄할 만큼 강력한 상승 모멘텀으로 보기에는 불확실성이 존재합니다.""]"
035720,카카오,2023-09-01,48950,Sell,65,"[""최근 1개월 수익률이 -7.99%로 하락세를 보이고 있으며, 거래량 변화율 또한 -31.76%로 감소하여 투자 심리가 위축된 것으로 판단됩니다."", ""현재 PER 183.3배는 동종 업계 평균 대비 높은 수준으로 밸류에이션 부담이 존재하며, ROE 1.1%는 낮은 수익성을 시사합니다."", ""52주 최고가 대비 현재 위치가 6.3%로 하락 추세가 지속될 경우 추가 하락 가능성이 존재합니다.""]"
035720,카카오,2023-10-04,41600,Sell,75,"[""최근 1개월 수익률이 -15.10%로 하락세를 보이고 있으며, 52주 최저가와 현재가가 동일하여 추가 하락 가능성이 있습니다."", ""거래량 변화율이 -9.47%로 감소하는 추세는 투자 심리 위축을 시사합니다."", ""PER 155.8, ROE 1.1%는 현재 주가 수준 대비 기업의 수익성이 낮음을 나타내어 밸류에이션 부담이 존재합니다.""]"
035720,카카오,2023-11-01,37600,Sell,65,"[""현재가가 52주 최저가와 동일한 수준으로, 기술적으로 반등 가능성이 있으나 PER이 140.8배로 매우 높아 밸류에이션 부담이 크다."", ""ROE가 1.1%로 매우 낮은 수준이며, 이는 기업의 수익성이 저조함을 시사하여 주가 상승 동력이 약하다."", ""최근 1개월 수익률이 -14.06%로 하락세를 보이고 있으며, 거래량 변화율이 21.59%로 증가했음에도 불구하고 주가 하락을 막지 못하고 있어 하락 추세가 지속될 가능성이 있다.""]"
035720,카카오,2023-12-01,49700,Sell,65,"[""현재 PER 502.0은 동종 업계 평균 대비 높은 수준으로 밸류에이션 부담이 존재합니다."", ""ROE 0.4%는 낮은 수준으로 기업의 수익 창출 능력이 저조함을 시사합니다."", ""최근 1개월 수익률이 28.92%로 높지만, 52주 최고가 대비 현재 위치가 36.3%로 상승 여력이 제한적일 수 있습니다.""]"
035720,카카오,2024-01-02,57900,Sell,75,"[""현재 PER 584.9배는 동종 업계 평균 대비 높은 수준으로 밸류에이션 부담이 존재합니다."", ""ROE 0.4%는 낮은 수준으로 기업의 수익성이 부진함을 시사합니다."", ""최근 1개월 수익률이 14.65%로 상승했으나, 거래량 변화율이 -23.10%로 감소한 점은 상승 모멘텀 약화를 나타낼 수 있습니다.""]"
035720,카카오,2024-02-01,52700,Sell,65,"[""현재 PER 532.3배는 동종 업계 평균 대비 높은 수준으로 밸류에이션 부담이 존재합니다."", ""최근 1개월 수익률이 -6.89%로 하락세를 보이고 있으며, 이는 단기적인 투자 심리 위축을 시사합니다."", ""52주 최고가 대비 현재 위치가 45.4%로, 상승 여력보다는 하락 위험이 상대적으로 높아 보입니다.""]"
035720,카카오,2024-03-04,53100,Sell,65,"[""현재 PER 536.4배, ROE 0.4%로 수익성에 비해 밸류에이션 부담이 매우 높은 수준입니다."", ""최근 1개월 수익률이 -2.21%로 하락세를 보이고 있으며, 거래량 변화율 또한 음수(-4.26%)로 매도 압력이 감지됩니다."", ""52주 최고가 대비 현재 위치가 59.6%로 상승 여력보다는 하락 위험이 상대적으로 높아 보입니다.""]"
035720,카카오,2024-04-01,53800,Neutral,55,"[""현재가(53,800원)는 52주 최고가(61,600원) 대비 약 12.6% 하락한 수준으로, 상승 여력과 하락 압력이 공존하는 위치에 있습니다."", ""최근 1개월 수익률이 0.94%로 소폭 상승했으나, 거래량 변화율이 -41.38%로 크게 감소하여 시장의 관심이 줄어들었음을 시사합니다."", ""PER이 '해당없음(적자)'으로 재무 건전성에 대한 명확한 긍정적 신호를 찾기 어렵고, PBR 2.45는 자산 가치 대비 프리미엄이 존재함을 나타내지만, 적자 기업임을 감안할 때 추가 상승 동력은 제한적일 수 있습니다.""]"
035720,카카오,2024-05-02,48300,Sell,65,"[""최근 1개월 수익률이 -10.22%로 하락세를 보이고 있어 단기적인 하락 압력이 존재합니다."", ""PER이 적자로 산출되지 않아 기업의 수익성 개선에 대한 불확실성이 존재합니다."", ""52주 최고가 대비 현재 위치가 45.5%로, 상승 여력보다는 하락 가능성에 무게가 실립니다.""]"
035720,카카오,2024-06-03,44300,Sell,75,"[""최근 1개월 수익률이 -8.85%로 하락세를 보이고 있으며, 이는 향후 주가 하락 가능성을 시사합니다."", ""현재가가 52주 최고가 대비 상당 부분 하락한 위치에 있으며, 이는 추가적인 하락 압력이 존재할 수 있음을 나타냅니다."", ""PER이 '해당없음(적자)'으로 재무 건전성에 대한 우려가 존재하며, 이는 투자 심리에 부정적인 영향을 미칠 수 있습니다.""]"
035720,카카오,2024-07-01,41000,Sell,65,"[""최근 1개월 수익률이 -6.07%로 하락세를 보이고 있으며, 거래량 변화율 또한 -7.92%로 감소하는 추세는 매도 압력을 시사합니다."", ""현재가가 52주 최고가 대비 14.5% 낮은 수준에 위치해 있어 추가 하락 가능성을 배제할 수 없습니다."", ""PER이 '해당없음(적자)'으로 재무 건전성에 대한 우려가 존재하며, 이는 투자 심리에 부정적인 영향을 미칠 수 있습니다.""]"
035720,카카오,2024-08-01,39800,Sell,65,"[""현재가(39,800원)가 52주 최저가(37,600원)에 근접하며 하방 경직성을 보이고 있으나, 52주 최고가(61,100원) 대비 상당한 하락폭을 기록하고 있어 추가 하락 가능성을 배제할 수 없습니다."", ""최근 1개월 수익률이 -0.75%로 약세를 보이고 있으며, PER이 '해당없음(적자)'으로 재무 건전성에 대한 우려가 존재합니다."", ""거래량 변화율이 21.66%로 증가했으나, 이는 하락 추세 속에서 나타나는 현상일 수 있으며, 명확한 상승 전환 신호로 보기 어렵습니다.""]"
035720,카카오,2024-09-02,36900,Sell,65,"[""최근 1개월 수익률이 -7.29%로 하락세를 보이고 있으며, 이는 단기적인 매도 압력을 시사합니다."", ""거래량 변화율이 -0.36%로 음수이며, 이는 최근 거래량 감소와 함께 매도세가 우위를 점하고 있을 가능성을 나타냅니다."", ""현재가가 52주 최저가에 근접해 있으나, 52주 최고가 대비 상당한 하락폭을 기록하고 있어 추가 하락 가능성을 배제할 수 없습니다.""]"
035720,카카오,2024-10-02,36000,Sell,65,"[""현재가(36,000원)가 52주 최저가(34,000원)에 근접하며 기술적 반등 가능성이 있으나, 최근 1개월 수익률이 -3.10%로 하락세를 보이고 있습니다."", ""거래량 변화율이 -14.97%로 감소하며 시장의 관심이 줄어들고 있음을 시사합니다."", ""PER이 '해당없음(적자)'으로 재무적 안정성에 대한 우려가 존재하며, 이는 단기적인 주가 상승 동력을 약화시킬 수 있습니다.""]"
035720,카카오,2024-11-01,36150,Sell,65,"[""현재가(36,150원)가 52주 최저가(34,000원)에 근접하며 기술적 반등 가능성이 있으나, 최근 1개월 수익률이 0.00%로 횡보하며 상승 동력이 약한 모습을 보입니다."", ""거래량 변화율이 -6.47%로 감소하는 추세는 매도 압력이 존재할 가능성을 시사합니다."", ""PER이 '해당없음(적자)'으로 재무 건전성에 대한 우려가 존재하며, 이는 주가 상승에 부담으로 작용할 수 있습니다.""]"
035720,카카오,2024-12-02,42150,Buy,65,"[""최근 1개월 수익률이 16.60%로 양호한 상승세를 보이고 있으며, 거래량 변화율 또한 58.75%로 증가하여 투자자들의 관심이 높아지고 있음을 시사합니다."", ""현재가가 52주 최고가 대비 33.0% 수준에 위치하여 추가적인 상승 여력이 존재할 가능성이 있습니다."", ""PBR 1.84는 자산 가치 대비 주가가 과도하게 고평가되지 않았음을 나타내며, 적자 기업임에도 불구하고 시장에서 일정 수준의 가치를 인정받고 있음을 보여줍니다.""]"
035720,카카오,2025-01-02,37450,Sell,75,"[""최근 1개월 수익률이 -6.61%로 하락세를 보이고 있으며, 이는 단기적인 하방 압력을 시사합니다."", ""현재가가 52주 최저가(32,800원)에 근접한 37,450원으로, 추가적인 하락 가능성을 배제할 수 없습니다."", ""거래량 변화율이 93.25%로 높게 나타나고 있으나, 이는 하락 추세 속에서 매도 물량이 증가하고 있음을 시사할 수 있습니다.""]"
035720,카카오,2025-02-03,41800,Neutral,55,"[""최근 1개월 수익률이 8.43%로 긍정적인 흐름을 보이고 있으나, 거래량 변화율이 -35.20%로 감소하여 상승 동력 약화 가능성을 시사합니다."", ""52주 최고가 대비 현재 위치가 34.1%로, 상승 여력이 남아있다고 볼 수도 있으나, PER이 없어 적자 기업이라는 점은 투자에 부담으로 작용합니다."", ""PBR 1.83은 자산 가치 대비 주가가 높지 않다는 신호일 수 있으나, ROE가 N/A%로 수익성이 불확실한 상황에서 긍정적인 신호로 해석하기 어렵습니다.""]"
035720,카카오,2025-03-04,41900,Buy,65,"[""최근 1개월 수익률이 9.26%로 양호한 흐름을 보이고 있으며, 거래량 변화율이 125.76%로 크게 증가하여 매수세 유입 가능성을 시사합니다."", ""현재가가 52주 최저가 대비 약 27.7% 상승한 수준으로, 기술적 반등의 여지가 남아있습니다."", ""PER이 적자임에도 불구하고 PBR이 1.83으로 자산 가치 대비 과도한 저평가는 아닌 것으로 판단됩니다.""]"
035720,카카오,2025-04-01,42200,Sell,65,"[""PER 334.9배는 현재 이익 대비 높은 밸류에이션을 시사하며, ROE 0.6%는 낮은 수익성을 나타내어 주가 상승 동력이 약할 수 있습니다."", ""최근 1개월 수익률 -2.20%와 거래량 변화율 -59.48%는 단기적으로 매도 압력이 존재함을 시사합니다."", ""현재 주가는 52주 최고가 대비 하락한 상태이며, 52주 최저가 대비로는 상승했으나 52주 내 위치가 42.5%로 중간 이하에 머물러 있어 추가 상승보다는 하락 가능성에 무게가 실립니다.""]"
035720,카카오,2025-05-02,38050,Sell,65,"[""카카오의 PER 302.0은 동종 업계 평균 대비 높은 수준으로, 현재 주가가 고평가되었을 가능성을 시사합니다."", ""ROE 0.6%는 낮은 수준으로, 기업의 수익 창출 능력이 저조함을 나타내어 주가 상승 동력이 약할 수 있습니다."", ""최근 1개월 수익률이 -6.97%로 하락세를 보이고 있으며, 52주 최고가 대비 현재 위치가 30.9%로 하락 추세가 지속될 가능성을 배제할 수 없습니다.""]"
035720,카카오,2025-06-02,43150,Buy,75,"[""최근 1개월 수익률이 12.22%로 양호한 상승세를 보이고 있으며, 52주 최고가 대비 현재 위치가 75% 수준으로 추가 상승 여력이 존재합니다."", ""PER 123.6, PBR 1.84, ROE 1.5%는 현재 시장에서 고평가된 것으로 보일 수 있으나, 이는 성장 기대감이 반영된 수치일 수 있습니다."", ""거래량 변화율이 음수(-12.40%)인 점은 단기적인 매도 압력이 존재함을 시사하지만, 최근 수익률 상승세를 고려할 때 이는 일시적인 조정일 가능성이 있습니다.""]"
035720,카카오,2025-07-01,60100,Sell,75,"[""카카오의 PER 172.2는 동종 업계 평균 대비 높은 수준으로, 현재 주가가 고평가되었을 가능성을 시사합니다."", ""최근 1개월 수익률 36.59%와 거래량 변화율 280.54%는 단기 급등 후 차익 실현 매물이 출회될 가능성을 높입니다."", ""ROE 1.5%는 낮은 수준으로, 기업의 수익 창출 능력이 주가 상승을 뒷받침하기에는 부족해 보입니다.""]"
035720,카카오,2025-08-01,55500,Sell,65,"[""최근 1개월 수익률이 -6.72%로 하락세를 보이고 있으며, 거래량 변화율 또한 -71.02%로 크게 감소하여 투자 심리가 위축되었음을 시사합니다."", ""현재 PER 159.0, PBR 2.37, ROE 1.5%는 시장 평균 대비 높은 밸류에이션과 낮은 수익성을 나타내어 추가적인 주가 상승 동력이 약할 수 있습니다."", ""52주 최고가 대비 현재 위치가 60.4%로 상승 여력이 제한적일 수 있으며, 최근의 하락 추세와 거래량 감소는 단기적인 하락 압력을 시사합니다.""]"
035720,카카오,2025-09-01,61200,Sell,75,"[""카카오의 PER 126.2는 동종 업계 평균 대비 높은 수준으로, 현재 주가가 고평가되었을 가능성을 시사합니다."", ""ROE 2.0%는 낮은 수준으로, 기업의 수익 창출 능력이 주가 수준에 비해 미흡함을 나타냅니다."", ""최근 1개월 수익률 5.52%와 거래량 변화율 66.48%는 단기적인 상승 모멘텀을 보여주지만, 재무 지표의 약세는 이러한 상승세가 지속되기 어렵다는 점을 시사합니다.""]"
035720,카카오,2025-10-01,60000,Sell,65,"[""카카오의 PER 123.7은 동종 업계 평균 대비 높은 수준으로, 현재 주가가 고평가되었을 가능성을 시사합니다."", ""ROE 2.0%는 낮은 수준으로, 기업의 수익 창출 능력이 주가 수준에 비해 미흡함을 나타냅니다."", ""최근 1개월 수익률이 1.18%로 미미하고 거래량 변화율이 -18.29%로 감소하는 추세는 투자 심리가 위축되었음을 보여줍니다.""]"
035720,카카오,2025-11-03,64500,Sell,75,"[""현재 PER 133.0, ROE 2.0%는 시장 평균 대비 높은 밸류에이션과 낮은 수익성을 시사하며, 이는 향후 주가 상승에 부담 요인으로 작용할 수 있습니다."", ""52주 최고가 대비 현재 위치가 84.3%로, 단기적으로 상승 여력이 제한적일 수 있습니다."", ""최근 1개월 수익률 8.77%와 거래량 변화율 15.40%는 긍정적인 움직임을 보였으나, 높은 밸류에이션과 낮은 수익성을 고려할 때 상승 추세 지속 가능성이 불확실합니다.""]"
035720,카카오,2025-12-01,59500,Sell,65,"[""PER 112.7, ROE 2.2%로 수익성 대비 밸류에이션 부담이 높은 수준입니다."", ""최근 1개월 수익률이 -8.60%로 하락 추세가 관찰됩니다."", ""52주 최고가 대비 현재 위치가 69.1%로 상승 여력 대비 하락 위험이 존재합니다.""]"
035420,네이버,2023-01-02,179500,Sell,65,"[""최근 1개월 수익률이 -4.27%로 하락세를 보이고 있으며, 거래량 변화율 또한 -40.58%로 감소하여 투자 심리가 위축된 것으로 판단됩니다."", ""52주 최고가 대비 현재 위치가 9.3%로, 52주 내에서 상대적으로 높은 위치에 있어 추가 상승 여력이 제한적일 수 있습니다."", ""PER이 '해당없음(적자)'으로 표시되어 있어 현재 기업의 수익성 측면에서 긍정적인 신호를 찾기 어렵습니다.""]"
035420,네이버,2023-02-01,205500,Buy,75,"[""최근 1개월 수익률이 15.77%로 강한 상승세를 보이고 있으며, 이는 단기적인 매수 심리 강화를 시사합니다."", ""거래량 변화율이 27.44%로 긍정적인 흐름을 나타내고 있어, 향후 주가 상승에 대한 기대감을 높입니다."", ""현재 주가가 52주 최저가 대비 약 25.1% 수준에 위치하여 추가적인 상승 여력이 존재할 가능성이 있습니다.""]"
035420,네이버,2023-03-02,206000,Neutral,55,"[""PER이 없어 적자 상태임을 감안할 때, 현재 PBR 1.43은 밸류에이션 부담이 크지 않으나 상승 동력도 명확하지 않습니다."", ""52주 최고가 대비 현재 위치가 25.4%로, 52주 내에서 상승 여력이 제한적일 수 있습니다."", ""최근 1개월 수익률이 소폭 상승했으나, 거래량 변화율이 높다는 점은 변동성 확대 가능성을 시사하며 방향성을 특정하기 어렵습니다.""]"
035420,네이버,2023-04-03,198200,Sell,65,"[""최근 1개월 수익률이 -3.55%로 하락세를 보이고 있으며, 거래량 변화율 또한 -29.09%로 감소하여 투자 심리가 위축된 것으로 판단됩니다."", ""52주 최고가 대비 현재 위치가 21.6%로, 52주 내에서 상승 여력보다는 하락 가능성이 상대적으로 높아 보입니다."", ""PER이 '해당없음(적자)'으로 표시되어 있어 현재 기업의 수익성 측면에서 긍정적인 신호를 찾기 어렵습니다.""]"
035420,네이버,2023-05-02,193200,Sell,65,"[""최근 1개월 수익률이 -4.36%로 하락세를 보이고 있으며, 거래량 변화율 또한 -0.67%로 감소 추세에 있어 투자 심리가 위축된 것으로 판단됩니다."", ""52주 최고가 대비 현재 위치가 26.4%로, 상승 여력 대비 하락 위험이 상대적으로 높아 보입니다."", ""PER이 '해당없음(적자)'으로 표시되어 있어 현재 기업의 수익성 측면에서 긍정적인 신호를 찾기 어렵습니다.""]"
035420,네이버,2023-06-01,204000,Neutral,55,"[""PER이 적자로 산출되지 않아 기업의 수익성 대비 밸류에이션 판단이 어렵습니다."", ""현재가는 52주 최저가 대비 상승했으나 최고가 대비로는 상당한 하락폭을 보이며 방향성이 불확실합니다."", ""최근 1개월 수익률은 긍정적이나, 거래량 변화율이 크지 않아 추세 전환의 강한 신호로 보기 어렵습니다.""]"
035420,네이버,2023-07-03,189300,Sell,65,"[""최근 1개월 수익률이 -7.21%로 하락세를 보이고 있으며, 거래량 변화율 또한 -18.26%로 감소하여 투자 심리가 위축된 것으로 판단됩니다."", ""현재가가 52주 최고가 대비 약 30% 하락한 위치에 있으며, 52주 내 현재 위치가 26.8%로 낮은 편에 속하여 추가적인 하락 가능성을 시사합니다."", ""PER이 '해당없음(적자)'으로 표시되어 있어 현재 기업의 수익성 측면에서 긍정적인 신호를 찾기 어렵습니다.""]"
035420,네이버,2023-08-01,233000,Buy,75,"[""최근 1개월 수익률이 23.09%로 강한 상승세를 보이고 있으며, 이는 단기적인 매수 심리 강화를 시사합니다."", ""거래량 변화율이 56.02%로 높게 나타나, 최근 거래량이 증가하며 주가 상승에 대한 시장의 관심을 반영하고 있습니다."", ""현재가가 52주 최고가 대비 약 15% 하락한 수준에 있어 추가적인 상승 여력이 존재할 가능성이 있습니다.""]"
035420,네이버,2023-09-01,214500,Sell,75,"[""최근 1개월 수익률이 -5.71%로 하락세를 보이고 있으며, 이는 단기적인 투자 심리 위축을 시사합니다."", ""현재가가 52주 최고가 대비 약 10.9% 하락한 수준으로, 추가적인 하락 가능성을 배제할 수 없습니다."", ""PER이 '해당없음(적자)'으로 표시되어 있어, 현재 기업의 수익성 측면에서 투자 매력도가 낮습니다.""]"
035420,네이버,2023-10-04,191200,Sell,65,"[""최근 1개월 수익률이 -12.09%로 하락세를 보이고 있으며, 거래량 변화율 또한 -43.04%로 감소하여 투자 심리가 위축된 것으로 판단됩니다."", ""PER이 '해당없음(적자)'으로 재무 건전성에 대한 우려가 존재하며, 이는 향후 주가 상승에 부정적인 요인으로 작용할 수 있습니다."", ""52주 최고가 대비 현재 위치가 43.0%로, 상승 여력보다는 하락 위험이 상대적으로 높아 보입니다.""]"
035420,네이버,2023-11-01,187700,Sell,75,"[""최근 1개월 수익률이 -6.62%로 하락세를 보이고 있으며, 거래량 변화율 또한 -14.13%로 감소하는 추세는 매도 압력을 시사합니다."", ""현재 주가는 52주 최고가 대비 약 62.4% 수준으로, 52주 내 현재 위치가 37.6%에 불과하여 추가적인 상승 여력보다는 하락 가능성에 무게가 실립니다."", ""PER이 '해당없음(적자)'으로 표시되어 있어 현재 기업의 수익성 측면에서 긍정적인 신호를 찾기 어렵습니다.""]"
035420,네이버,2023-12-01,206000,Neutral,55,"[""최근 1개월 수익률이 7.97%로 긍정적인 흐름을 보이고 있으나, 거래량 변화율이 -13.42%로 감소하는 추세는 매수세 약화를 시사합니다."", ""52주 최고가 대비 현재 위치가 50.0%로 중간 지점에 위치하여 상승 및 하락 가능성이 혼재합니다."", ""PER이 '해당없음(적자)'으로 재무 건전성에 대한 직접적인 판단이 어렵고, ROE 또한 제공되지 않아 추가적인 분석이 필요합니다.""]"
035420,네이버,2024-01-02,227500,Buy,75,"[""현재가가 52주 최고가 대비 낮은 수준(87.7%)에 위치하여 상승 여력이 존재합니다."", ""최근 1개월 수익률이 9.64%로 긍정적인 흐름을 보이고 있으며, 거래량 변화율 또한 19.43%로 증가 추세입니다."", ""PBR 1.63은 자산 가치 대비 현재 주가가 과도하게 고평가되지 않았음을 시사합니다.""]"
035420,네이버,2024-02-01,202500,Sell,65,"[""최근 1개월 수익률이 -8.78%로 하락세를 보이고 있어 단기적인 하락 압력이 존재합니다."", ""PER이 '해당없음(적자)'으로 표시되어 있어 현재 기업의 수익성 측면에서 부정적인 신호를 주고 있습니다."", ""52주 최고가 대비 현재 위치가 43.1%로, 52주 내에서 중간보다 약간 낮은 수준에 머물러 있어 상승 모멘텀이 강하지 않습니다.""]"
035420,네이버,2024-03-04,192000,Sell,65,"[""최근 1개월 수익률이 -8.35%로 하락세를 보이고 있으며, 이는 단기적인 매도 압력을 시사합니다."", ""현재가가 52주 최고가 대비 약 17.3% 하락한 위치에 있으며, 이는 추가적인 하락 가능성을 내포합니다."", ""PER이 '해당없음(적자)'으로 표시되어 있어 현재 기업의 수익성 측면에서 긍정적인 신호를 찾기 어렵습니다.""]"
035420,네이버,2024-04-01,194300,Neutral,55,"[""현재가(194,300원)는 52주 최저가(178,300원) 대비 상승했으나 52주 최고가(234,500원) 대비로는 하락한 위치에 있어 방향성 판단이 불확실합니다."", ""최근 1개월 수익률(-0.36%)과 거래량 변화율(-7.85%)이 모두 하락세를 나타내고 있어 단기적인 하락 압력이 존재합니다."", ""PER(29.2) 및 PBR(1.36) 지표는 시장 평균 대비 높은 수준으로 밸류에이션 부담이 존재하나, ROE(4.7%)는 낮은 수준으로 수익성 측면에서 매력도가 떨어집니다.""]"
035420,네이버,2024-05-02,188800,Sell,65,"[""최근 1개월 수익률이 마이너스(-)를 기록하며 약세를 보이고 있습니다."", ""거래량 변화율이 마이너스(-)를 기록하며 투자자들의 관심이 줄어들고 있음을 시사합니다."", ""현재가가 52주 최고가 대비 상당 부분 하락한 위치에 있으며, 52주 내 현재 위치가 18.7%로 낮은 편입니다.""]"
035420,네이버,2024-06-03,172700,Sell,65,"[""최근 1개월 수익률이 -6.34%로 하락세를 보이고 있으며, 52주 최고가 대비 현재 위치가 3.9%로 낮은 편에 속해 추가 하락 가능성이 있습니다."", ""ROE가 6.7%로 낮은 수준이며, PER 17.8, PBR 1.20은 현재 시장 상황에서 매력적인 밸류에이션이라고 보기 어렵습니다."", ""거래량 변화율이 21.82%로 증가했으나, 이는 하락 추세 속에서 매도 물량이 증가했을 가능성을 시사합니다.""]"
035420,네이버,2024-07-01,162900,Sell,75,"[""현재가가 52주 최저가와 동일한 수준으로, 기술적으로 추가 하락 가능성이 존재합니다."", ""최근 1개월 수익률이 마이너스(-)를 기록하고 있으며, 거래량 변화율 또한 감소하는 추세로 투자 심리가 위축된 것으로 판단됩니다."", ""ROE가 6.7%로 낮은 수준이며, PER 16.8배 대비 수익성이 부진하여 현재 주가 수준이 고평가되었을 가능성을 시사합니다.""]"
035420,네이버,2024-08-01,175000,Buy,65,"[""최근 1개월 수익률이 9.51%로 양호한 상승세를 보이고 있으며, 이는 단기적인 매수 심리 개선을 시사합니다."", ""현재가가 52주 최저가 대비 20.4% 높은 수준으로, 과도한 하락 후 반등 가능성을 내포하고 있습니다."", ""거래량 변화율이 8.05%로 긍정적인 움직임을 보이며, 이는 시장 참여자들의 관심 증가 및 매수세 유입 가능성을 나타냅니다.""]"
035420,네이버,2024-09-02,166600,Sell,65,"[""최근 1개월 수익률이 -4.80%로 하락세를 보이고 있으며, 52주 최고가 대비 현재 위치가 13.9%로 하락 여력이 남아있다고 판단됩니다."", ""ROE가 7.0%로 낮은 수준이며, 이는 기업의 수익성이 현재 주가 수준을 정당화하기 어렵다는 신호일 수 있습니다."", ""거래량 변화율이 12.07%로 긍정적인 신호가 있으나, 전반적인 시장 상황 및 재무 지표의 약세를 고려할 때 주가 상승을 강하게 지지하기는 어렵습니다.""]"
035420,네이버,2024-10-02,168200,Neutral,55,"[""현재가(168,200원)는 52주 최저가(155,000원) 대비 상승했으나 52주 최고가(231,500원) 대비 상당한 하락폭을 보이며 52주 내 현재 위치가 17.2%로 낮은 편에 속해 상승 여력과 하락 위험이 공존합니다."", ""최근 1개월 수익률이 2.69%로 소폭 상승했으나, 거래량 변화율이 -6.83%로 감소하는 추세를 보여 단기적인 매수세 유입이 약화될 가능성을 시사합니다."", ""PER(16.6), PBR(1.16), ROE(7.0%) 등 재무 지표는 시장 평균 대비 우수하다고 단정하기 어렵고, 특별히 향후 20거래일 내 주가 상승을 강하게 지지할 만한 명확한 근거가 부족합니다.""]"
035420,네이버,2024-11-01,169700,Neutral,55,"[""현재가(169,700원)는 52주 최저가(155,000원) 대비 상승했으나 52주 최고가(231,500원) 대비 상당한 하락폭을 보이며 52주 내 현재 위치가 19.2%로 낮은 편에 속해 상승 여력과 하락 위험이 공존합니다."", ""최근 1개월 수익률이 0.18%로 거의 보합세를 보이고 있으며, 거래량 변화율이 -11.65%로 감소하는 추세는 단기적인 매수세 약화를 시사합니다."", ""PER(16.7), PBR(1.17), ROE(7.0%) 등 재무 지표는 시장 평균 대비 우수하다고 단정하기 어렵고, 특별히 강한 상승 또는 하락을 지지하는 근거가 부족합니다.""]"
035420,네이버,2024-12-02,203500,Buy,75,"[""최근 1개월 수익률이 19.92%로 강한 상승세를 보이고 있으며, 거래량 변화율 또한 72.11%로 증가하여 매수세 유입 가능성을 시사합니다."", ""현재가가 52주 최고가 대비 약 12% 하락한 수준으로, 기술적으로 추가 상승 여력이 존재할 수 있습니다."", ""PER 18.4, PBR 1.34는 시장 평균 대비 과도하게 고평가되었다고 보기 어려우며, ROE 7.3%는 수익성을 보여줍니다.""]"
035420,네이버,2025-01-02,193800,Sell,65,"[""최근 1개월 수익률이 -6.15%로 하락세를 보이고 있으며, 거래량 변화율 또한 -9.88%로 감소하여 투자 심리가 위축된 것으로 판단됩니다."", ""현재가가 52주 최고가 대비 약 16.7% 하락한 위치에 있으며, 52주 내 현재 위치가 50.7%로 중간 지점에 있지만 최근 하락 추세가 관찰됩니다."", ""ROE가 7.3%로 낮은 수준이며, PER 17.5, PBR 1.28은 시장 평균 대비 프리미엄이 있다고 볼 수 있으나, 최근 수익률 하락세를 고려할 때 추가적인 상승 동력이 약할 수 있습니다.""]"
035420,네이버,2025-02-03,217000,Sell,75,"[""현재가가 52주 최고가 대비 93.2% 수준으로, 단기 상승 여력이 제한적일 수 있습니다."", ""최근 1개월 수익률이 8.55%로 양호했으나, 거래량 변화율이 -37.08%로 감소하여 상승 모멘텀이 약화될 가능성이 있습니다."", ""PER 19.6, PBR 1.43, ROE 7.3% 등의 재무 지표는 시장 평균 대비 특별히 우수하다고 보기 어려워, 현재 주가 수준을 정당화하기 위한 추가적인 상승 동력이 부족할 수 있습니다.""]"
035420,네이버,2025-03-04,205500,Sell,75,"[""최근 1개월 수익률이 -5.08%로 하락세를 보이고 있으며, 이는 단기적인 투자 심리 위축을 시사합니다."", ""52주 최고가 대비 현재 위치가 65.6%로, 상승 여력보다는 하락 위험이 상대적으로 높아 보입니다."", ""거래량 변화율이 48.42%로 높게 나타나고 있으나, 최근 수익률 하락과 함께 나타나는 경우 매도 압력 증가를 동반할 수 있습니다.""]"
035420,네이버,2025-04-01,196700,Sell,65,"[""최근 1개월 수익률이 -4.98%로 하락세를 보이고 있으며, 거래량 변화율 또한 -36.38%로 감소하여 투자 심리가 위축된 것으로 판단됩니다."", ""현재가가 52주 최고가 대비 약 15.8% 하락한 위치에 있으며, 이는 단기적인 하락 압력이 존재함을 시사합니다."", ""ROE가 7.9%로 낮은 수준이며, 이는 기업의 수익 창출 능력이 상대적으로 약함을 나타내어 향후 주가 상승 동력이 제한적일 수 있습니다.""]"
035420,네이버,2025-05-02,197400,Neutral,55,"[""현재가(197,400원)는 52주 최고가(232,000원) 대비 하락했으나 52주 최저가(155,000원) 대비로는 상승한 52주 내 현재 위치(55.1%)에 있어 상승 및 하락 가능성이 혼재합니다."", ""최근 1개월 수익률(0.92%)은 소폭 상승했으나, 거래량 변화율(-21.45%)은 감소하여 매수세가 약화되었음을 시사합니다."", ""PER(15.5), PBR(1.23), ROE(7.9%) 등 재무 지표는 시장 평균 대비 우수하다고 단정하기 어렵고, 뚜렷한 상승 동력을 제공하지 못합니다.""]"
035420,네이버,2025-06-02,186500,Sell,65,"[""최근 1개월 수익률이 -5.09%로 하락세를 보이고 있으며, 이는 단기적인 매도 압력을 시사합니다."", ""현재가가 52주 최고가 대비 40.9% 낮은 수준에 위치해 있어 추가적인 하락 가능성을 배제할 수 없습니다."", ""거래량 변화율이 3.56%로 크지 않아 매수세가 강하게 유입되지 않는 상황에서 하락 추세가 이어질 가능성이 있습니다.""]"
035420,네이버,2025-07-01,262000,Buy,75,"[""최근 1개월 수익률이 38.40%로 강한 상승세를 보이고 있으며, 거래량 변화율 또한 338.40%로 급증하여 매수세가 유입되고 있음을 시사합니다."", ""현재가가 52주 최고가 대비 약 10% 하락한 수준으로, 단기적인 조정 후 추가 상승 여력이 존재할 수 있습니다."", ""PER 21.6, PBR 1.57은 절대적으로 저평가되었다고 보기는 어렵지만, 최근의 강한 거래량과 수익률 상승세를 고려할 때 단기적인 추가 상승 가능성을 배제하기 어렵습니다.""]"
035420,네이버,2025-08-01,225000,Sell,65,"[""최근 1개월 수익률이 -11.07%로 하락세를 보이고 있으며, 거래량 변화율 또한 -59.92%로 감소하여 투자 심리가 위축된 것으로 판단됩니다."", ""현재 주가는 52주 최고가 대비 약 48.3% 하락한 수준으로, 기술적으로 추가 하락 가능성을 배제할 수 없습니다."", ""ROE가 7.3%로 낮은 수준이며, PER 18.6, PBR 1.35 대비 수익성이 높지 않아 단기적인 주가 상승 동력이 약하다고 판단됩니다.""]"
035420,네이버,2025-09-01,215500,Sell,65,"[""최근 1개월 수익률이 -8.30%로 하락세를 보이고 있으며, 거래량 변화율 또한 -14.86%로 감소하여 투자 심리가 위축된 것으로 판단됩니다."", ""현재가는 52주 최고가 대비 44.6% 낮은 수준에 위치해 있으나, 이는 하락 추세의 연장 가능성을 시사할 수 있습니다."", ""ROE가 7.9%로 낮은 수준이며, PER 16.4, PBR 1.29 대비 수익성이 부진하여 단기적인 주가 상승 동력이 약하다고 판단됩니다.""]"
035420,네이버,2025-10-01,254500,Buy,75,"[""최근 1개월 수익률이 13.11%로 양호하며, 52주 최고가 대비 현재 위치가 72.4%로 상승 추세에 대한 기대감을 높입니다."", ""거래량 변화율이 126.08%로 크게 증가한 것은 시장의 관심이 집중되고 있음을 시사하며, 이는 단기적인 주가 상승 모멘텀으로 작용할 수 있습니다."", ""PER 19.4, PBR 1.53, ROE 7.9% 등의 재무 지표는 시장 평균 대비 과도하게 고평가되었다고 보기 어려우며, 이는 추가적인 상승 여력을 제공할 수 있습니다.""]"
035420,네이버,2025-11-03,274500,Buy,75,"[""최근 1개월 수익률 7.02%와 거래량 변화율 13.69%는 긍정적인 모멘텀을 시사합니다."", ""현재가가 52주 최고가 대비 약 5.5% 하락한 수준으로, 추가 상승 여력이 존재할 수 있습니다."", ""PER 20.9, PBR 1.65는 시장 평균 대비 과도한 고평가 상태는 아니며, ROE 7.9%는 수익성을 보여줍니다.""]"
035420,네이버,2025-12-01,243000,Sell,75,"[""최근 1개월 수익률이 -9.16%로 하락세를 보이고 있으며, 거래량 변화율 또한 -34.31%로 감소하여 투자 심리가 위축된 것으로 판단됩니다."", ""현재가는 52주 최고가 대비 약 16% 하락한 수준으로, 추가적인 하락 가능성을 배제할 수 없습니다."", ""ROE가 8.4%로 낮은 수준이며, 이는 기업의 수익성이 기대만큼 높지 않음을 시사합니다.""]"
051910,LG화학,2023-01-02,604000,Sell,75,"[""최근 1개월 수익률이 -16.34%로 하락세를 보이고 있으며, 거래량 변화율 또한 -29.00%로 감소하여 투자 심리가 위축된 것으로 판단됩니다."", ""현재가(604,000원)는 52주 최고가(773,000원) 대비 약 21.8% 하락한 수준으로, 추가 하락 가능성을 배제할 수 없습니다."", ""PER(12.8) 및 PBR(1.45) 지표는 시장 평균 대비 높은 수준은 아니지만, 최근의 부정적인 주가 흐름과 기술적 지표를 고려할 때 단기적인 반등 모멘텀이 약하다고 판단됩니다.""]"
051910,LG화학,2023-02-01,688000,Buy,75,"[""최근 1개월 수익률 14.67%로 단기 상승 모멘텀이 확인됩니다."", ""현재가가 52주 최고가 대비 약 17.3% 하락한 수준으로 추가 상승 여력이 존재합니다."", ""거래량 변화율 6.93%는 매수세 유입 가능성을 시사합니다.""]"
051910,LG화학,2023-03-02,678000,Sell,75,"[""최근 1개월 수익률이 마이너스를 기록하며 약세를 보이고 있습니다."", ""현재 주가는 52주 최고가 대비 약 8.2% 하락한 수준으로, 추가 하락 가능성을 시사합니다."", ""거래량 변화율이 9.07%로 긍정적인 신호가 있으나, 최근 수익률 부진과 52주 최고가 대비 하락폭을 고려할 때 하락 추세가 이어질 가능성이 높습니다.""]"
051910,LG화학,2023-04-03,712000,Sell,75,"[""현재가(712,000원)가 52주 최고가(740,000원)에 근접한 89.9% 수준에 위치하여 추가 상승 여력이 제한적일 수 있습니다."", ""최근 1개월 수익률(1.28%)이 상대적으로 낮은 수준으로, 단기적인 상승 모멘텀이 강하지 않음을 시사합니다."", ""PER(30.1) 및 PBR(1.77) 지표가 시장 평균 대비 높을 가능성이 있으며, ROE(5.9%)가 이를 뒷받침하지 못해 밸류에이션 부담이 존재할 수 있습니다.""]"
051910,LG화학,2023-05-02,746000,Sell,75,"[""현재가(746,000원)가 52주 최고가(825,000원) 대비 약 10% 하락한 위치에 있으며, 52주 내 현재 위치(78.2%)는 높은 편이나 추가 상승 여력보다는 하락 가능성을 시사합니다."", ""최근 1개월 수익률(4.78%)은 긍정적이나, 거래량 변화율(55.00%)이 높다는 점은 단기적인 변동성 확대 가능성을 내포하며, 이는 하락 압력으로 작용할 수 있습니다."", ""PER(31.5)과 PBR(1.86) 지표는 시장 평균 대비 높은 수준으로 해석될 수 있으며, ROE(5.9%)가 상대적으로 낮은 점은 현재 주가 수준을 정당화하기 어렵게 만들어 하락 압력을 가중시킬 수 있습니다.""]"
051910,LG화학,2023-06-01,687000,Sell,75,"[""최근 1개월 수익률이 -7.16%로 하락세를 보이고 있으며, 거래량 변화율 또한 -43.46%로 감소하여 투자 심리가 위축된 것으로 판단됩니다."", ""현재가(687,000원)는 52주 최고가(825,000원) 대비 약 16.7% 하락한 수준으로, 추가 하락 가능성을 시사합니다."", ""ROE가 5.9%로 낮은 수준이며, PER 29.0은 동종 업계 평균 대비 높을 수 있어 밸류에이션 부담이 존재할 수 있습니다.""]"
051910,LG화학,2023-07-03,691000,Neutral,55,"[""현재가(691,000원)는 52주 최고가(825,000원) 대비 약 16% 하락한 수준으로, 추가 하락 여력과 반등 가능성이 공존합니다."", ""최근 1개월 수익률(0.58%)이 소폭 상승했으나, 거래량 변화율(8.13%)이 이를 강하게 지지하지 않아 상승 추세로 단정하기 어렵습니다."", ""PER(29.2) 및 PBR(1.71) 지표는 시장 평균 대비 높은 수준일 수 있으나, ROE(5.9%)가 이를 상회하는 강력한 상승 근거를 제시하지 못하고 있어 투자 매력도가 불확실합니다.""]"
051910,LG화학,2023-08-01,655000,Sell,75,"[""최근 1개월 수익률이 -5.21%로 하락세를 보이고 있으며, 52주 최고가 대비 현재 위치가 41.2%로 상승 여력 대비 하락 위험이 상대적으로 높아 보입니다."", ""거래량 변화율이 71.51%로 높게 나타나고 있으나, 이는 단기적인 변동성 확대 가능성을 시사하며, 재무 지표상 PER 27.7, ROE 5.8%는 시장 평균 대비 높은 편은 아닙니다."", ""현재가 655,000원은 52주 최저가 536,000원 대비 상당 부분 상승한 가격대로, 추가적인 상승 동력이 약할 경우 하락 압력이 작용할 수 있습니다.""]"
051910,LG화학,2023-09-01,570000,Sell,75,"[""최근 1개월 수익률이 -11.21%로 하락세를 보이고 있으며, 이는 단기적인 매도 압력을 시사합니다."", ""거래량 변화율이 -42.80%로 크게 감소한 것은 투자자들의 관심 감소 또는 매도세의 약화로 해석될 수 있으며, 이는 추가 하락 가능성을 내포합니다."", ""현재 주가가 52주 최고가 대비 11.8% 하락한 위치에 있으며, 이는 하락 추세가 지속될 가능성을 시사합니다.""]"
051910,LG화학,2023-10-04,486000,Sell,75,"[""현재가가 52주 최저가와 동일하며, 최근 1개월 수익률이 -15.62%로 큰 폭의 하락세를 보이고 있어 추가 하락 가능성이 높습니다."", ""PER 20.5, PBR 1.19, ROE 5.8%의 재무 지표는 현재 주가 수준에서 매력적인 투자 기회를 제공한다고 보기 어렵습니다."", ""거래량 변화율이 14.08%로 증가했으나, 이는 하락 추세 속에서 매도 물량이 증가했음을 시사할 수 있습니다.""]"
051910,LG화학,2023-11-01,431000,Sell,75,"[""최근 1개월 수익률이 -14.65%로 크게 하락하며 약세 흐름을 보이고 있습니다."", ""현재가가 52주 최저가에 근접한 426,000원에 위치하며 하락 압력이 지속될 가능성이 있습니다."", ""거래량 변화율이 33.69%로 증가한 것은 매도세 유입 가능성을 시사합니다.""]"
051910,LG화학,2023-12-01,486500,Sell,75,"[""최근 1개월 수익률이 6.81%로 양호하나, 거래량 변화율이 -18.70%로 감소하며 매도 압력이 감지됩니다."", ""52주 최고가 대비 현재 위치가 15.2%로, 상승 여력 대비 하락 위험이 상대적으로 높아 보입니다."", ""PER 20.6, PBR 1.17, ROE 5.7%의 재무 지표는 시장 평균 대비 특별히 매력적인 수준은 아니며, 현재가에서 추가적인 상승 동력을 찾기 어렵습니다.""]"
051910,LG화학,2024-01-02,493500,Sell,65,"[""최근 1개월 수익률이 마이너스(-)를 기록하며 약세를 보이고 있으며, 거래량 변화율 또한 감소 추세를 나타내고 있습니다."", ""52주 최고가 대비 현재 위치가 16.9%로, 상승 여력보다는 하락 가능성이 상대적으로 높아 보입니다."", ""PER 20.9, PBR 1.18, ROE 5.7%의 재무 지표는 현재 시장에서 고평가 또는 저평가라고 단정하기 어렵지만, 기술적 지표에서 하락 신호가 더 강하게 나타나고 있습니다.""]"
051910,LG화학,2024-02-01,430000,Sell,75,"[""최근 1개월 수익률이 -10.51%로 하락세를 보이고 있으며, 52주 최고가 대비 현재 위치가 9.8%로 낮은 편이나 이는 하락 추세의 연장 가능성을 시사합니다."", ""PER 18.2, PBR 1.03, ROE 5.7%의 재무 지표는 현재 시장에서 고평가되었다고 보기는 어렵지만, 뚜렷한 상승 모멘텀을 보여주지는 못하고 있습니다."", ""거래량 변화율 25.28%는 단기적인 변동성을 나타낼 수 있으나, 최근 수익률 하락세를 감안할 때 매도 압력 증가 가능성에 무게를 둡니다.""]"
051910,LG화학,2024-03-04,462000,Sell,65,"[""현재가(462,000원)는 52주 최고가(825,000원) 대비 상당한 하락폭을 보이고 있으나, 52주 최저가(387,000원) 대비로는 상승한 위치에 있어 추가 하락 가능성을 배제할 수 없습니다."", ""최근 1개월 수익률이 8.32%로 양수이나, 거래량 변화율이 53.12%로 높다는 점은 단기적인 수급 변동성이 크다는 것을 시사하며, 이는 향후 주가 방향성에 대한 불확실성을 높입니다."", ""PER 19.5, PBR 1.11, ROE 5.7%의 재무 지표는 시장 평균 대비 우수하다고 단정하기 어렵고, 특히 ROE가 낮은 점은 수익성 측면에서 매력도가 떨어질 수 있습니다.""]"
051910,LG화학,2024-04-01,430500,Sell,75,"[""최근 1개월 수익률이 -4.97%로 하락세를 보이고 있으며, 거래량 변화율 또한 -35.26%로 감소하여 투자 심리가 위축된 것으로 판단됩니다."", ""현재가(430,500원)가 52주 최저가(387,000원)에 근접한 9.9% 수준에 위치하여 추가 하락 가능성을 시사합니다."", ""ROE가 4.2%로 낮은 수준이며, PER 25.2 대비 PBR 1.05는 기업 가치 대비 주가가 다소 높게 형성되어 있을 가능성을 배제할 수 없습니다.""]"
051910,LG화학,2024-05-02,405000,Sell,65,"[""최근 1개월 수익률이 -5.92%로 하락세를 보이고 있으며, 52주 최고가 대비 현재 위치가 8.6%로 매우 낮은 수준에 머물러 있어 추가 하락 가능성이 있습니다."", ""PER 23.7, PBR 0.98, ROE 4.1%의 재무 지표는 현재 시장에서 LG화학의 가치가 고평가되지 않았음을 시사하지만, 뚜렷한 상승 동력을 보여주지는 못하고 있습니다."", ""거래량 변화율이 26.99%로 증가했으나, 이는 하락 추세 속에서 매도 물량이 증가했을 가능성을 배제할 수 없습니다.""]"
051910,LG화학,2024-06-03,357500,Sell,65,"[""최근 1개월 수익률이 -11.18%로 하락세를 보이고 있으며, 거래량 변화율 또한 -13.03%로 감소하는 추세입니다."", ""현재가가 52주 최저가에 근접한 1.7% 수준에 위치하여 추가 하락 가능성을 시사합니다."", ""ROE가 3.1%로 낮은 수준이며, PER 27.9는 시장 평균 대비 높은 편으로 밸류에이션 부담이 존재할 수 있습니다.""]"
051910,LG화학,2024-07-01,355500,Sell,65,"[""현재가(355,500원)가 52주 최저가(344,000원)에 근접하며 기술적 반등 가능성이 있으나, 52주 최고가(728,000원) 대비 현저히 낮은 위치에 있어 상승 여력이 제한적입니다."", ""최근 1개월 수익률이 1.43%로 미미하며, 거래량 변화율이 -8.85%로 감소하는 추세는 매수세 약화를 시사합니다."", ""PER 27.7, ROE 3.1%는 현재 주가 수준에서 기업의 수익성 대비 고평가 가능성을 내포하며, PBR 0.85는 자산 가치 대비 소폭 할인된 수준이나 재무적 매력도가 두드러지지 않습니다.""]"
051910,LG화학,2024-08-01,314000,Sell,65,"[""최근 1개월 수익률이 -12.78%로 하락세를 보이고 있으며, 52주 최고가 대비 현재 위치가 매우 낮아 추가 하락 가능성이 있습니다."", ""PER 24.5, ROE 3.1%는 현재 기업 가치 대비 수익성이 낮음을 시사하며, 이는 주가 상승 동력 약화로 이어질 수 있습니다."", ""거래량 변화율이 4.08%로 소폭 증가했으나, 최근 수익률 하락세를 상쇄할 만큼 강한 매수세를 나타내지는 못하고 있습니다.""]"
051910,LG화학,2024-09-02,340000,Sell,65,"[""LG화학의 현재 PER 163.9는 동종 업계 평균 대비 높은 수준으로 밸류에이션 부담이 존재합니다."", ""ROE 0.5%는 낮은 수준으로 기업의 수익 창출 능력이 저조함을 시사합니다."", ""최근 1개월 수익률 8.28%와 거래량 변화율 16.55%는 단기적인 반등 가능성을 보여주지만, 52주 최고가 대비 현재 위치가 낮아 하락 추세가 지속될 가능성이 있습니다.""]"
051910,LG화학,2024-10-02,353500,Sell,65,"[""LG화학의 현재 PER 170.4는 동종 업계 평균 대비 높은 수준으로 밸류에이션 부담이 존재합니다."", ""ROE 0.5%는 낮은 수익성을 시사하며, 이는 주가 상승 동력 약화로 이어질 수 있습니다."", ""최근 1개월 수익률 12.76%는 긍정적이나, 52주 최고가 대비 현재 위치가 27.0%로 여전히 높은 수준에 있어 추가 상승 여력이 제한적일 수 있습니다.""]"
051910,LG화학,2024-11-01,318000,Sell,65,"[""최근 1개월 수익률이 -10.80%로 하락세를 보이고 있으며, 거래량 변화율 또한 -13.49%로 감소하는 추세는 매도 압력을 시사합니다."", ""ROE가 0.5%로 매우 낮은 수준이며, 이는 기업의 수익 창출 능력이 저조함을 나타내어 주가 상승 동력이 약할 수 있습니다."", ""PER이 153.3으로 매우 높아 현재 주가가 기업의 이익 대비 고평가되었을 가능성이 있으며, 이는 향후 주가 하락 위험을 내포합니다.""]"
051910,LG화학,2024-12-02,282500,Sell,65,"[""현재가(282,500원)가 52주 최저가(272,500원)에 근접하며 하락 압력이 존재합니다."", ""최근 1개월 수익률이 -11.16%로 하락 추세를 보이고 있으며, 거래량 변화율 또한 마이너스를 기록하여 매도 심리가 우세함을 시사합니다."", ""PER 76.1, ROE 0.9%는 현재 주가 수준 대비 기업의 수익 창출 능력이 낮음을 나타내어 추가적인 주가 상승 동력이 약할 수 있습니다.""]"
051910,LG화학,2025-01-02,242500,Sell,65,"[""현재가(242,500원)가 52주 최저가와 동일하며, 최근 1개월 수익률이 -14.61%로 하락 추세가 지속되고 있습니다."", ""PER 65.3배는 동종 업계 평균 대비 높은 수준으로 밸류에이션 부담이 존재합니다."", ""ROE 0.9%는 낮은 수준으로 기업의 수익성이 부진함을 시사합니다.""]"
051910,LG화학,2025-02-03,222000,Sell,75,"[""현재가가 52주 최저가와 동일하며, 최근 1개월 수익률이 -10.48%로 하락세를 보이고 있습니다."", ""거래량 변화율이 -21.42%로 감소하고 있어 투자 심리가 위축된 것으로 판단됩니다."", ""PER 59.8, ROE 0.9%는 기업의 수익성에 비해 밸류에이션이 높은 편으로, 추가적인 상승 동력이 약할 수 있습니다.""]"
051910,LG화학,2025-03-04,227500,Sell,65,"[""현재가(227,500원)가 52주 최저가(213,000원)에 근접하며, 52주 최고가(508,000원) 대비 상당한 하락폭을 보이고 있어 기술적 반등 가능성도 있으나, 최근 1개월 수익률이 -4.21%로 하락세를 이어가고 있습니다."", ""ROE가 0.9%로 매우 낮은 수준이며, PER이 61.2로 높아 수익 대비 고평가된 것으로 판단됩니다."", ""거래량 변화율이 35.82%로 높게 나타나고 있으나, 이는 하락 추세 속에서 매도 물량이 증가하고 있음을 시사할 수 있습니다.""]"
051910,LG화학,2025-04-01,244000,Sell,65,"[""현재가 244,000원은 52주 최저가 213,000원 대비 상승했으나, 52주 최고가 460,500원 대비로는 여전히 낮은 수준으로 상승 여력이 제한적일 수 있습니다."", ""PBR 0.57은 장부가치 대비 저평가된 것으로 보일 수 있으나, PER이 없어 적자 상태임을 감안하면 추가 하락 가능성을 배제할 수 없습니다."", ""최근 1개월 수익률 4.05%와 거래량 변화율 17.76%는 단기적인 반등 가능성을 시사하지만, 근본적인 실적 개선이나 상승 동력이 부족한 상황에서 지속적인 상승을 기대하기는 어렵습니다.""]"
051910,LG화학,2025-05-02,210000,Sell,65,"[""현재가(210,000원)가 52주 최저가(203,500원)에 근접해 있으나, 최근 1개월 수익률이 -9.68%로 하락세를 보이고 있습니다."", ""거래량 변화율이 -33.41%로 감소하고 있어 투자 심리가 위축되었음을 시사합니다."", ""PER이 '해당없음(적자)'으로 재무 상태가 좋지 않으며, PBR이 0.49로 자산 가치 대비 저평가된 측면은 있으나 적자 기업의 경우 추가 하락 가능성을 배제할 수 없습니다.""]"
051910,LG화학,2025-06-02,195300,Sell,65,"[""현재가 195,300원은 52주 최저가 182,400원에 근접하며, 52주 최고가 396,500원 대비 현저히 낮은 수준에 위치하고 있습니다."", ""최근 1개월 수익률이 -13.39%로 하락세를 보이고 있으며, 이는 단기적인 하락 압력이 지속될 가능성을 시사합니다."", ""PER이 '해당없음(적자)'으로 재무 상태가 좋지 않으며, 이는 주가 상승에 대한 근거를 약화시키는 요인입니다.""]"
051910,LG화학,2025-07-01,229000,Sell,75,"[""PER이 적자 상태로 산출되지 않아 기업의 수익성 대비 주가 수준을 평가하기 어렵습니다."", ""PBR이 1 미만인 0.54로, 장부가치 대비 저평가된 측면이 있으나 이는 현재 기업의 수익 창출 능력 부재를 반영할 수 있습니다."", ""최근 1개월 수익률이 14.90%로 양호하나, 52주 최고가 대비 현재 위치가 25.2%에 불과하며 거래량 변화율이 음수(-7.58%)인 점은 단기적인 상승 모멘텀 약화를 시사합니다.""]"
051910,LG화학,2025-08-01,290000,Sell,75,"[""현재가 290,000원은 52주 최고가 361,000원 대비 하락한 위치에 있으며, 52주 내 현재 위치 60.2%는 상승 여력보다 하락 가능성을 시사합니다."", ""최근 1개월 수익률 12.84%로 단기 상승세를 보였으나, 거래량 변화율 -3.56%는 상승 동력 약화를 나타냅니다."", ""PER이 '해당없음(적자)'으로 재무적 불확실성이 존재하며, PBR 0.68은 자산 가치 대비 저평가 가능성도 있으나 적자 기업임을 감안하면 추가 하락 가능성을 배제할 수 없습니다.""]"
051910,LG화학,2025-09-01,271500,Sell,75,"[""최근 1개월 수익률이 -9.95%로 하락세를 보이고 있으며, 거래량 변화율 또한 -32.84%로 감소하여 투자 심리가 위축된 것으로 판단됩니다."", ""PER이 '해당없음(적자)'으로 재무 상태가 좋지 않음을 시사하며, 이는 주가 하락 압력으로 작용할 수 있습니다."", ""현재가가 52주 최고가 대비 약 50% 지점에 위치하고 있어 추가 상승 여력보다는 하락 가능성이 상대적으로 높다고 판단됩니다.""]"
051910,LG화학,2025-10-01,281500,Neutral,55,"[""현재가(281,500원)가 52주 최고가(361,000원) 대비 약 22% 하락한 수준으로, 기술적 반등 가능성을 시사합니다."", ""최근 1개월 수익률이 4.45%로 양호한 흐름을 보이고 있으나, 거래량 변화율이 -9.49%로 감소하는 추세는 매수세 약화를 나타낼 수 있습니다."", ""PER이 '해당없음(적자)'이고 ROE가 N/A%로 재무 건전성에 대한 긍정적인 지표가 부재하여 향후 주가 상승을 강하게 지지하기 어렵습니다.""]"
051910,LG화학,2025-11-03,393000,Buy,75,"[""최근 1개월 수익률이 39.12%로 강한 상승세를 보이고 있으며, 이는 단기적인 매수세 유입을 시사합니다."", ""거래량 변화율이 133.96%로 크게 증가한 것은 투자자들의 관심이 집중되고 있음을 나타내며, 이는 추가적인 주가 상승 동력으로 작용할 수 있습니다."", ""현재가가 52주 최고가 대비 약 10% 하락한 수준으로, 단기적인 조정 이후 추가 상승 여력이 존재할 가능성이 있습니다.""]"
051910,LG화학,2025-12-01,372000,Sell,75,"[""최근 1개월 수익률이 -6.42%로 하락세를 보이고 있으며, 거래량 변화율 또한 -32.01%로 감소하여 투자 심리가 위축된 것으로 판단됩니다."", ""PER이 '해당없음(적자)'으로 재무 상태가 좋지 않음을 시사하며, 이는 향후 주가 상승에 부정적인 요인으로 작용할 수 있습니다."", ""현재 주가가 52주 최고가 대비 80.0% 수준에 위치하여 단기적으로 상승 여력이 제한적일 수 있습니다.""]"
352820,HYBE,2023-01-02,169500,Sell,65,"[""현재가(169,500원)는 52주 최고가(358,000원) 대비 상당한 하락폭을 보이고 있으며, 52주 내 현재 위치(24.1%)는 낮은 편에 속하여 추가 하락 가능성을 시사합니다."", ""최근 1개월 수익률(10.42%)은 긍정적이나, 거래량 변화율(25.46%)이 동반되지 않은 상승은 지속 가능성이 낮을 수 있습니다."", ""PER(25.4) 및 PBR(2.12) 지표는 시장 평균 대비 높은 수준일 수 있으며, ROE(8.3%)가 이를 뒷받침하기에는 다소 낮은 수준으로 밸류에이션 부담이 존재할 수 있습니다.""]"
352820,HYBE,2023-02-01,189500,Sell,65,"[""현재가 189,500원은 52주 최고가 323,000원 대비 상당한 하락 수준에 위치해 있으나, 52주 최저가 109,500원 대비로는 상승한 상태로, 추가 상승 여력보다는 하락 가능성에 무게가 실립니다."", ""PER 28.4, PBR 2.37, ROE 8.3%의 재무 지표는 시장 평균 대비 고평가 가능성을 시사하며, 이는 향후 주가 상승에 부담으로 작용할 수 있습니다."", ""최근 1개월 수익률 9.22%와 거래량 변화율 9.81%는 단기적인 상승 모멘텀을 보여주지만, 전반적인 재무 및 기술적 위치를 고려할 때 지속적인 상승을 담보하기 어렵습니다.""]"
352820,HYBE,2023-03-02,187000,Sell,65,"[""최근 1개월 수익률이 마이너스(-)를 기록하며 약세를 보이고 있습니다."", ""거래량 변화율이 높게 나타나고 있으나, 이는 변동성 확대 가능성을 시사하며 상승 추세로 이어질 명확한 근거는 부족합니다."", ""PER 28.0, PBR 2.34, ROE 8.3%의 재무 지표는 현재 주가 수준에서 밸류에이션 매력이 두드러지지 않음을 시사합니다.""]"
352820,HYBE,2023-04-03,184000,Sell,65,"[""현재 PER 145.4배는 동종 업계 평균 대비 높은 수준으로 밸류에이션 부담이 존재합니다."", ""최근 1개월 수익률이 -1.81%로 하락세를 보이고 있으며, 거래량 변화율 또한 -42.54%로 감소하여 투자 심리가 위축된 것으로 판단됩니다."", ""52주 최고가 대비 현재 주가 위치가 34.9%로, 상승 여력보다는 하락 위험이 상대적으로 높아 보입니다.""]"
352820,HYBE,2023-05-02,284500,Sell,75,"[""현재가가 52주 최고가와 동일하며, 최근 1개월 수익률이 50.61%로 단기 급등 후 차익 실현 매물이 출회될 가능성이 높습니다."", ""PER 224.9, PBR 4.25, ROE 1.9% 등 재무 지표 대비 밸류에이션 부담이 높은 수준입니다."", ""거래량 변화율이 22.88%로 증가했으나, 이는 최고가 경신 시점에서의 매수세 유입보다는 기존 보유자들의 매도 물량 증가일 가능성을 시사합니다.""]"
352820,HYBE,2023-06-01,277500,Sell,75,"[""현재가(277,500원)가 52주 최고가(294,500원)에 근접한 90.8% 수준으로, 단기 상승 여력이 제한적일 수 있습니다."", ""PER(260.6)이 매우 높아 현재 주가가 기업의 이익 대비 고평가되었을 가능성을 시사합니다."", ""최근 1개월 수익률(2.78%)은 양수이나, 거래량 변화율(-21.47%)이 음수임을 감안할 때 상승 모멘텀이 약화되었을 수 있습니다.""]"
352820,HYBE,2023-07-03,279500,Sell,75,"[""현재 PER 262.4배는 동종 업계 평균 대비 높은 수준으로 밸류에이션 부담이 존재합니다."", ""ROE 1.6%는 낮은 수준으로 기업의 수익 창출 능력이 저조함을 시사합니다."", ""최근 1개월 수익률이 0.72%로 미미한 상승세를 보이고 있으나, 52주 최고가 대비 현재 위치가 86.1%로 높은 편이라 추가 상승 여력이 제한적일 수 있습니다.""]"
352820,HYBE,2023-08-01,254000,Sell,75,"[""최근 1개월 수익률이 -9.12%로 하락세를 보이고 있으며, 이는 단기적인 투자 심리 위축을 시사합니다."", ""PER 238.5, PBR 3.70, ROE 1.6%의 재무 지표는 현재 주가가 기업의 수익성 대비 고평가되었을 가능성을 나타냅니다."", ""최근 1개월 수익률 하락에도 불구하고 거래량 변화율이 22.92%로 증가한 것은 매도 압력이 작용하고 있을 가능성을 시사합니다.""]"
352820,HYBE,2023-09-01,249000,Sell,75,"[""현재 PER 163.8배는 동종 업계 평균 대비 높은 수준으로 밸류에이션 부담이 존재합니다."", ""최근 1개월 수익률이 -1.19%로 약세를 보이고 있으며, 거래량 변화율 또한 -11.83%로 감소하는 추세는 투자 심리 위축을 시사합니다."", ""52주 최고가 대비 현재 주가 위치가 70.6%로 상승 여력 대비 하락 위험이 상대적으로 높아 보입니다.""]"
352820,HYBE,2023-10-04,222500,Sell,75,"[""최근 1개월 수익률이 -9.37%로 하락세를 보이고 있으며, 거래량 변화율 또한 -44.60%로 감소하여 투자 심리가 위축된 것으로 판단됩니다."", ""PER 146.4배는 현재 주가가 기업의 이익 대비 고평가되었음을 시사하며, ROE 2.1%는 낮은 수익성을 나타내어 추가적인 주가 상승 동력이 약할 수 있습니다."", ""52주 최고가 대비 현재 위치가 57.2%로, 상승 여력보다는 하락 위험이 상대적으로 높아 보입니다.""]"
352820,HYBE,2023-11-01,230500,Sell,65,"[""현재 PER 151.6배는 동종 업계 평균 대비 높은 수준으로 밸류에이션 부담이 존재합니다."", ""최근 1개월 수익률이 -4.95%로 하락세를 보이고 있으며, 이는 단기적인 투자 심리 위축을 시사합니다."", ""52주 최고가 대비 현재 주가 위치가 60.2%로, 상승 여력보다는 하락 위험이 상대적으로 높아 보입니다.""]"
352820,HYBE,2023-12-01,211500,Sell,65,"[""최근 1개월 수익률이 -7.03%로 하락세를 보이고 있으며, 이는 단기적인 투자 심리 위축을 시사합니다."", ""PER 116.3배는 동종 업계 평균 대비 높은 수준으로, 현재 주가가 기업의 이익 대비 고평가되었을 가능성을 내포합니다."", ""52주 최고가 대비 현재 위치가 43.5%로, 상승 여력보다는 하락 위험이 상대적으로 높아 보입니다.""]"
352820,HYBE,2024-01-02,241500,Sell,75,"[""PER 132.8배는 현재 시장에서 높은 밸류에이션을 나타내며, 이는 향후 주가 상승 여력을 제한할 수 있습니다."", ""최근 1개월 수익률이 12.33%로 양호했으나, 거래량 변화율이 -56.42%로 크게 감소한 점은 투자 심리 위축 가능성을 시사합니다."", ""ROE 2.4%는 낮은 수준으로, 기업의 수익 창출 능력이 현재 주가 수준을 정당화하기 어렵다는 신호로 해석될 수 있습니다.""]"
352820,HYBE,2024-02-01,199000,Sell,65,"[""최근 1개월 수익률이 -16.91%로 하락세를 보이고 있으며, 이는 단기적인 하방 압력을 시사합니다."", ""현재가(199,000원)는 52주 최고가(307,000원) 대비 상당한 하락 수준에 위치해 있으나, 52주 최저가(173,500원)와의 격차가 크지 않아 추가 하락 가능성을 배제할 수 없습니다."", ""PER 109.4, ROE 2.4%는 현재 주가 수준 대비 기업의 수익 창출 능력이 상대적으로 낮음을 나타내어 밸류에이션 부담이 존재합니다.""]"
352820,HYBE,2024-03-04,192700,Sell,65,"[""PER 105.9는 동종 업계 평균 대비 높은 수준으로 밸류에이션 부담이 존재합니다."", ""최근 1개월 수익률이 -5.77%로 하락세를 보이고 있으며, 52주 최고가 대비 현재 위치가 14.4%로 하락 여력이 남아있습니다."", ""거래량 변화율이 15.52%로 증가했으나, 이는 하락 추세 속에서 매도 물량이 출회될 가능성을 시사할 수 있습니다.""]"
352820,HYBE,2024-04-01,226500,Sell,75,"[""PER 50.3은 동종 업계 평균 대비 높은 수준으로 밸류에이션 부담이 존재합니다."", ""최근 1개월 수익률 13.76%로 단기 상승 모멘텀이 있었으나, 52주 최고가 대비 현재 위치가 35.5%로 여전히 높은 편입니다."", ""거래량 변화율 10.66%는 긍정적이나, 재무 지표와 밸류에이션 부담을 고려할 때 추가 상승 여력이 제한적일 수 있습니다.""]"
352820,HYBE,2024-05-02,200000,Sell,65,"[""최근 1개월 수익률이 -11.70%로 하락세를 보이고 있으며, 이는 단기적인 하락 압력을 시사합니다."", ""현재가가 52주 최고가 대비 11.6% 하락한 위치에 있어 추가적인 하락 가능성을 배제할 수 없습니다."", ""PER 44.4, PBR 2.85, ROE 6.4%의 재무 지표는 현재 주가가 기업의 내재 가치 대비 다소 고평가되었을 가능성을 나타냅니다.""]"
352820,HYBE,2024-06-03,200500,Sell,65,"[""현재가(200,500원)가 52주 최저가(185,900원) 대비 상승했으나, 52주 최고가(307,000원) 대비로는 상당한 하락폭을 보이며 하락 추세의 가능성을 시사합니다."", ""최근 1개월 수익률이 -0.74%로 약보합세를 보이고 있으며, 거래량 변화율이 0%로 특별한 매수 또는 매도세가 감지되지 않아 뚜렷한 상승 동력이 부족합니다."", ""PER 46.3, PBR 2.81, ROE 6.1% 등의 재무 지표는 현재 주가 수준을 정당화하기에 다소 부담스러운 수준으로, 향후 주가 상승에 대한 기대감을 낮춥니다.""]"
352820,HYBE,2024-07-01,200500,Sell,65,"[""최근 1개월 수익률이 -1.72%로 하락세를 보이고 있으며, 거래량 변화율 또한 -47.87%로 크게 감소하여 투자 심리가 위축되었음을 시사합니다."", ""현재가가 52주 최고가 대비 12.1% 하락한 수준에 머물러 있어 추가적인 상승 동력이 약할 수 있습니다."", ""PER 46.3, PBR 2.81, ROE 6.1%의 재무 지표는 시장 평균 대비 고평가 가능성을 배제할 수 없으며, 이는 향후 주가 상승에 부담으로 작용할 수 있습니다.""]"
352820,HYBE,2024-08-01,175300,Sell,75,"[""최근 1개월 수익률이 -11.02%로 하락세를 보이고 있으며, 이는 단기적인 투자 심리 위축을 시사합니다."", ""거래량 변화율이 -16.89%로 감소한 것은 매수세 약화 가능성을 나타내며, 주가 하락 압력으로 작용할 수 있습니다."", ""현재가가 52주 최저가에 근접한 170,300원 대비 4.8% 높은 수준으로, 추가적인 하락 가능성을 배제하기 어렵습니다.""]"
352820,HYBE,2024-09-02,179800,Sell,65,"[""PER 96.5배는 동종 업계 평균 대비 높은 수준으로 밸류에이션 부담이 존재합니다."", ""ROE 2.6%는 낮은 수준으로 수익성 측면에서 개선이 필요합니다."", ""최근 1개월 수익률이 2.57%로 소폭 상승했으나, 52주 최고가 대비 현재 위치가 18.0%로 하락 추세가 지속될 가능성이 있습니다.""]"
352820,HYBE,2024-10-02,170100,Sell,75,"[""최근 1개월 수익률이 -6.54%로 하락세를 보이고 있으며, 거래량 변화율 또한 -20.98%로 감소하여 매도 압력이 존재함을 시사합니다."", ""현재가가 52주 최고가 대비 12.3% 낮은 수준에 위치해 있어 추가적인 하락 가능성을 배제할 수 없습니다."", ""PER 91.3, PBR 2.35, ROE 2.6%의 재무 지표는 현재 주가 수준이 기업의 수익성 대비 고평가되었을 가능성을 나타냅니다.""]"
352820,HYBE,2024-11-01,186700,Sell,65,"[""PER 100.2는 현재 기업 가치 대비 높은 수준으로, 향후 주가 상승 여력이 제한적일 수 있음을 시사합니다."", ""ROE 2.6%는 낮은 수준으로, 기업의 수익 창출 능력이 기대에 미치지 못하고 있음을 나타냅니다."", ""최근 1개월 수익률은 10.60%로 긍정적이나, 거래량 변화율이 -13.77%로 감소하는 추세는 투자 심리 위축 가능성을 보여줍니다.""]"
352820,HYBE,2024-12-02,189800,Neutral,55,"[""PER이 적자로 산출되지 않아 기업의 수익성 측면에서 현재 가치 평가가 어렵습니다."", ""최근 1개월 수익률이 소폭 상승했으나, 52주 최고가 대비 현재 위치가 32.5%로 하락 가능성도 배제할 수 없습니다."", ""거래량 변화율이 62.75%로 높게 나타나 단기적인 변동성이 확대될 수 있으나, 상승 또는 하락을 명확히 지지하는 근거는 부족합니다.""]"
352820,HYBE,2025-01-02,196300,Sell,65,"[""PER이 적자 상태로 산출되지 않아 현재 기업 가치 평가에 어려움이 있으며, 이는 향후 수익성 개선에 대한 불확실성을 시사합니다."", ""최근 1개월 수익률이 0.56%로 매우 저조하며, 거래량 변화율이 -29.72%로 크게 감소한 점은 투자자들의 관심 감소 및 매도 압력을 나타낼 수 있습니다."", ""현재 주가가 52주 최고가 대비 약 60.9% 수준에 위치해 있어 추가적인 상승 여력보다는 하락 위험이 상대적으로 높아 보입니다.""]"
352820,HYBE,2025-02-03,226500,Sell,75,"[""PER이 적자로 산출되지 않아 기업의 수익성 지표가 부진함을 시사합니다."", ""최근 1개월 수익률이 15.86%로 높았으나, 거래량 변화율이 -32.35%로 크게 감소하여 상승 동력이 약화되었음을 나타냅니다."", ""현재가가 52주 최고가 대비 94.5% 수준으로, 단기 급등 후 차익 실현 매물이 출회될 가능성이 있습니다.""]"
352820,HYBE,2025-03-04,251000,Buy,75,"[""최근 1개월 수익률이 11.56%로 양호한 상승세를 보이고 있으며, 52주 최고가 대비 현재 위치가 89.0%로 상승 여력이 남아있다고 판단됩니다."", ""거래량 변화율이 29.99%로 증가하며 투자자들의 관심이 높아지고 있음을 시사합니다."", ""PER이 '해당없음(적자)'으로 재무적 부담이 존재하나, PBR 3.56배는 자산 가치 대비 과도한 고평가는 아닌 것으로 보입니다.""]"
352820,HYBE,2025-04-01,235000,Sell,75,"[""PER이 1044.4로 매우 높아 현재 주가가 기업의 이익 대비 고평가되었음을 시사합니다."", ""최근 1개월 수익률이 -8.74%로 하락세를 보이고 있으며, 거래량 변화율 또한 -20.98%로 감소하여 투자 심리가 위축되었음을 나타냅니다."", ""현재 주가가 52주 최고가 대비 약 11.2% 하락한 위치에 있으며, 이는 단기적인 하락 압력이 존재할 가능성을 시사합니다.""]"
352820,HYBE,2025-05-02,264500,Sell,75,"[""PER 1175.6배는 현재가 대비 기업의 이익 창출 능력에 비해 주가가 매우 고평가되었음을 시사합니다."", ""ROE 0.3%는 기업의 자본 대비 수익성이 매우 낮아 현재의 높은 주가 수준을 정당화하기 어렵습니다."", ""52주 최고가 대비 현재 위치가 97.7%로, 단기적으로 상승 여력이 제한적이며 차익 실현 매물이 출회될 가능성이 있습니다.""]"
352820,HYBE,2025-06-02,272000,Sell,75,"[""현재가(272,000원)가 52주 최고가(289,500원)에 근접한 수준으로, 추가 상승 여력이 제한적일 수 있습니다."", ""PER(215.9) 및 PBR(3.45) 지표가 상대적으로 높아 밸류에이션 부담이 존재합니다."", ""최근 1개월 수익률(7.51%)은 긍정적이나, 거래량 변화율(-12.19%)은 투자 심리 위축 가능성을 시사합니다.""]"
352820,HYBE,2025-07-01,313500,Sell,75,"[""현재가가 52주 최고가와 동일하며, 최근 1개월 수익률이 15.26%로 단기 상승 모멘텀이 강했음을 시사합니다."", ""PER 248.8, PBR 3.98, ROE 1.6%는 현재 주가가 기업의 내재가치 대비 고평가되었을 가능성을 높입니다."", ""거래량 변화율 12.68%는 긍정적이나, 재무 지표의 고평가와 52주 최고가 도달이라는 점을 고려할 때 단기 차익 실현 매물이 출회될 가능성이 있습니다.""]"
352820,HYBE,2025-08-01,251000,Sell,75,"[""최근 1개월 수익률이 -13.60%로 하락세를 보이고 있으며, 거래량 변화율 또한 -9.71%로 감소하는 추세입니다."", ""PER 199.2배는 동종 업계 평균 대비 높은 수준으로 밸류에이션 부담이 존재합니다."", ""ROE 1.6%는 낮은 수준으로 기업의 수익 창출 능력이 저조함을 시사합니다.""]"
352820,HYBE,2025-09-01,285000,Sell,75,"[""현재 PER 211.9배는 동종 업계 평균 대비 높은 수준으로 밸류에이션 부담이 존재합니다."", ""ROE 1.8%는 낮은 수준으로 기업의 수익성 개선이 더딘 것으로 판단됩니다."", ""최근 1개월 수익률 9.83%와 거래량 변화율 15.07%는 긍정적이나, 높은 밸류에이션과 낮은 수익성을 고려할 때 상승 동력이 약할 수 있습니다.""]"
352820,HYBE,2025-10-01,268000,Sell,75,"[""현재 PER 199.3배는 동종 업계 평균 대비 높은 수준으로 밸류에이션 부담이 존재합니다."", ""최근 1개월 수익률이 -5.63%로 하락세를 보이고 있으며, 거래량 변화율 또한 -27.78%로 감소하여 투자 심리가 위축된 것으로 판단됩니다."", ""52주 최고가 대비 현재 위치가 70.7%로 상승 여력보다는 하락 위험이 상대적으로 높아 보입니다.""]"
352820,HYBE,2025-11-03,342500,Sell,75,"[""현재가가 52주 최고가와 동일하며, 최근 1개월 수익률이 27.56%로 단기 급등 후 차익 실현 매물이 출회될 가능성이 높습니다."", ""PER 254.7배, PBR 4.50배, ROE 1.8%로 재무 지표상 고평가 상태이며, 이는 향후 주가 상승 여력을 제한하는 요인으로 작용할 수 있습니다."", ""거래량 변화율 66.23%는 단기적인 관심 집중을 시사하나, 재무 지표의 부담과 최고가 위치를 고려할 때 상승 동력이 약화될 수 있습니다.""]"
352820,HYBE,2025-12-01,292000,Sell,75,"[""최근 1개월 수익률이 -14.37%로 하락세를 보이고 있으며, 거래량 변화율 또한 -10.53%로 감소하는 추세는 투자 심리 위축을 시사합니다."", ""PER이 '해당없음(적자)'으로 재무 건전성에 대한 우려가 존재하며, 이는 향후 주가 상승 동력을 약화시킬 수 있습니다."", ""현재가가 52주 최고가 대비 약 15% 하락한 수준이지만, 최근의 하락 추세와 재무 지표의 불확실성을 고려할 때 추가 하락 가능성이 존재합니다.""]"
329180,HD현대중공업,2023-01-02,117500,Sell,65,"[""최근 1개월 수익률이 마이너스(-)를 기록하며 약세를 보이고 있습니다."", ""거래량 변화율이 크게 감소하여 시장의 관심이 줄어들고 있음을 시사합니다."", ""PER이 적자 상태로 재무적 불확실성이 존재하며, PBR이 1.86으로 자산 가치 대비 프리미엄이 붙어있으나 상승 동력이 약합니다.""]"
329180,HD현대중공업,2023-02-01,111300,Sell,75,"[""최근 1개월 수익률이 -4.05%로 하락세를 보이고 있으며, 52주 최고가 대비 현재 위치가 29.8%로 상승 여력이 제한적입니다."", ""PER이 '해당없음(적자)'으로 재무 건전성에 대한 우려가 존재합니다."", ""거래량 변화율이 46.73%로 높지만, 이는 단기적인 변동성 확대 가능성을 시사하며 하락 압력으로 작용할 수 있습니다.""]"
329180,HD현대중공업,2023-03-02,105900,Sell,65,"[""최근 1개월 수익률이 -4.42%로 하락세를 보이고 있으며, 거래량 변화율 또한 -6.87%로 감소하는 추세입니다."", ""현재가가 52주 최고가 대비 3.8% 낮은 수준이지만, 이는 최근 하락세를 반영하는 것으로 해석될 수 있습니다."", ""PER이 '해당없음(적자)'으로 재무 건전성에 대한 우려가 존재하며, 이는 향후 주가 상승 동력을 약화시킬 수 있습니다.""]"
329180,HD현대중공업,2023-04-03,100400,Sell,65,"[""최근 1개월 수익률이 -3.65%로 하락세를 보이고 있어 단기적인 약세가 예상됩니다."", ""현재가가 52주 최고가 대비 11.1% 낮은 수준이지만, PER이 없어 적자 기업임을 감안할 때 추가 하락 가능성이 있습니다."", ""거래량 변화율이 11.94%로 증가했으나, 이는 하락 추세 속에서 매도 물량이 증가했을 가능성을 시사합니다.""]"
329180,HD현대중공업,2023-05-02,110700,Buy,65,"[""최근 1개월 수익률이 10.70%로 양호한 상승세를 보이고 있습니다."", ""현재가는 52주 최고가 대비 약 26% 하락한 수준으로, 추가 상승 여력이 존재할 수 있습니다."", ""거래량 변화율이 음수이나, 최근 1개월 수익률이 이를 상쇄하며 긍정적인 모멘텀을 유지하고 있습니다.""]"
329180,HD현대중공업,2023-06-01,116600,Neutral,55,"[""현재가 116,600원은 52주 최고가 149,500원 대비 하락한 수준이나, 52주 최저가 93,800원 대비는 상승한 위치에 있어 명확한 방향성을 제시하지 못합니다."", ""최근 1개월 수익률 6.39%는 긍정적인 신호이나, 거래량 변화율 -11.06%는 투자 심리 위축 가능성을 시사하여 상반된 신호를 보냅니다."", ""PER이 '해당없음(적자)'이고 ROE가 'N/A%'로 재무 건전성에 대한 판단이 어렵고, PBR 1.97은 자산 가치 대비 프리미엄이 존재함을 나타내지만, 적자 기업임을 감안할 때 추가 상승 동력은 제한적일 수 있습니다.""]"
329180,HD현대중공업,2023-07-03,131600,Buy,75,"[""최근 1개월 수익률이 12.86%로 강한 상승세를 보이고 있으며, 52주 최고가 대비 현재 위치가 67.9%로 상승 여력이 남아있습니다."", ""PBR 2.22는 현재 시장에서 기업 가치를 긍정적으로 평가하고 있음을 시사합니다."", ""거래량 변화율이 소폭 하락했으나, 최근 강한 상승세를 고려할 때 단기적인 조정 후 추가 상승 가능성이 있습니다.""]"
329180,HD현대중공업,2023-08-01,139300,Buy,75,"[""현재가가 52주 최고가 대비 약 6.8% 하락한 수준으로, 추가 상승 여력이 존재한다고 판단됩니다."", ""최근 1개월 수익률이 5.85%로 양호한 흐름을 보이고 있어 단기적인 상승 모멘텀이 유지될 가능성이 있습니다."", ""거래량 변화율이 음수(-7.76%)이나, 이는 최근 상승세를 이어가는 과정에서 나타날 수 있는 일시적인 조정으로 해석될 수 있습니다.""]"
329180,HD현대중공업,2023-09-01,128000,Sell,65,"[""최근 1개월 수익률이 -7.45%로 하락세를 보이고 있으며, 거래량 변화율 또한 -28.81%로 감소하여 투자 심리가 위축되었음을 시사합니다."", ""PER이 '해당없음(적자)'으로 재무 상태가 불안정하며, PBR 2.15는 자산 가치 대비 고평가 가능성을 내포합니다."", ""52주 최고가 대비 현재 위치가 63.3%로 상승 여력이 제한적이며, 최근 하락 추세가 지속될 가능성이 있습니다.""]"
329180,HD현대중공업,2023-10-04,116500,Sell,65,"[""최근 1개월 수익률이 -11.41%로 하락세를 보이고 있으며, 거래량 변화율 또한 -31.26%로 감소하여 투자 심리가 위축되었음을 시사합니다."", ""PER이 '해당없음(적자)'으로 재무 건전성에 대한 우려가 존재하며, 이는 주가 상승 동력을 약화시키는 요인으로 작용할 수 있습니다."", ""현재가가 52주 최고가 대비 약 21.5% 하락한 위치에 있으며, 이는 단기적인 하락 압력이 지속될 가능성을 내포합니다.""]"
329180,HD현대중공업,2023-11-01,102800,Sell,65,"[""최근 1개월 수익률이 -14.55%로 하락세를 보이고 있으며, 이는 단기적인 매도 압력을 시사합니다."", ""PER이 '해당없음(적자)'으로 재무 상태가 좋지 않음을 나타내며, 이는 주가 상승에 부정적인 요인으로 작용할 수 있습니다."", ""52주 최고가 대비 현재 위치가 16.7%로, 상승 여력보다는 하락 가능성이 상대적으로 높아 보입니다.""]"
329180,HD현대중공업,2023-12-01,128900,Buy,75,"[""최근 1개월 수익률이 19.13%로 강한 상승세를 보이고 있어 단기적인 모멘텀이 유지될 가능성이 있습니다."", ""현재가가 52주 최고가 대비 약 12.9% 하락한 수준으로, 추가 상승 여력이 존재할 수 있습니다."", ""PBR 2.17은 현재 시장에서 기업 가치가 과도하게 저평가되지 않았음을 시사하며, 적자 상태임에도 불구하고 긍정적인 시장 평가를 받고 있습니다.""]"
329180,HD현대중공업,2024-01-02,127000,Buy,65,"[""최근 1개월 수익률이 3.50%로 긍정적인 흐름을 보이고 있으며, 거래량 변화율도 14.22%로 증가 추세를 나타내고 있습니다."", ""현재가가 52주 최고가 대비 약 14% 하락한 수준으로, 기술적 반등 가능성을 시사합니다."", ""PBR이 2.14로 자산 가치 대비 상승 여력이 존재할 수 있습니다.""]"
329180,HD현대중공업,2024-02-01,112800,Sell,65,"[""최근 1개월 수익률이 -7.16%로 하락세를 보이고 있으며, 거래량 변화율 또한 -20.37%로 감소하여 투자 심리가 위축된 것으로 판단됩니다."", ""PER이 '해당없음(적자)'으로 재무 건전성에 대한 우려가 존재하며, 이는 향후 주가 상승 동력을 약화시킬 수 있습니다."", ""52주 최고가 대비 현재 위치가 35.2%로, 상승 여력보다는 하락 위험이 상대적으로 높아 보입니다.""]"
329180,HD현대중공업,2024-03-04,113600,Sell,65,"[""PER이 적자로 산출되지 않아 기업의 수익성 지표가 부재하며, 이는 향후 주가 상승 동력 약화를 시사합니다."", ""최근 1개월 수익률이 마이너스(-)를 기록하고 있어 단기적인 하락 추세가 관찰됩니다."", ""거래량 변화율이 67.25%로 높게 나타나지만, 이는 변동성 확대 가능성을 내포하며 상승 추세를 강하게 지지하지는 않습니다.""]"
329180,HD현대중공업,2024-04-01,121300,Sell,65,"[""현재 PER 436.3배는 동종 업계 평균 대비 매우 높은 수준으로 밸류에이션 부담이 존재합니다."", ""ROE 0.5%는 낮은 수익성을 시사하며, 이는 주가 상승 동력 약화로 이어질 수 있습니다."", ""최근 1개월 수익률이 2.88%로 소폭 상승했으나, 52주 최고가 대비 현재 위치가 47.7%로 절반 이상 하락한 상태이며, 거래량 변화율이 23.45%로 증가한 것은 단기적인 변동성 확대 가능성을 시사합니다.""]"
329180,HD현대중공업,2024-05-02,136200,Sell,75,"[""현재 PER 489.9배는 동종 업계 평균 대비 매우 높은 수준으로 밸류에이션 부담이 존재합니다."", ""ROE 0.5%는 낮은 수준으로 기업의 수익 창출 능력이 저조함을 시사합니다."", ""최근 1개월 수익률 12.28%와 거래량 변화율 34.08%는 단기적인 상승 모멘텀을 보여주지만, 높은 밸류에이션과 낮은 수익성을 고려할 때 지속적인 상승 동력은 약하다고 판단됩니다.""]"
329180,HD현대중공업,2024-06-03,131800,Sell,65,"[""현재 PER 158.4배는 동종 업계 평균 대비 높은 수준으로 밸류에이션 부담이 존재합니다."", ""최근 1개월 수익률이 -4.28%로 하락세를 보이고 있으며, 이는 단기적인 매도 압력을 시사합니다."", ""거래량 변화율이 82.00%로 높게 나타나지만, 이는 최근 주가 하락과 맞물려 투매 가능성을 배제할 수 없습니다.""]"
329180,HD현대중공업,2024-07-01,155100,Sell,75,"[""현재가가 52주 최고가에 근접한 97.6% 수준으로, 단기 차익 실현 매물 출회 가능성이 높습니다."", ""최근 1개월 수익률이 17.41%로 높았으나, 거래량 변화율이 -38.49%로 감소하여 상승 동력이 약화되었음을 시사합니다."", ""PER 186.4, PBR 2.63, ROE 1.4% 등 재무 지표상 고평가 논란이 있으며, 이는 향후 주가 상승에 부담으로 작용할 수 있습니다.""]"
329180,HD현대중공업,2024-08-01,214000,Sell,75,"[""현재가가 52주 최고가와 동일하며, 최근 1개월 수익률이 40.88%로 단기 급등 후 차익 실현 매물이 출회될 가능성이 높습니다."", ""PER 257.2, PBR 3.63, ROE 1.4%는 현재 주가 수준이 기업의 내재 가치 대비 고평가되었음을 시사합니다."", ""거래량 변화율 26.64%는 최근 매수세 유입을 나타내지만, 52주 최고가 도달이라는 저항선에 부딪혀 상승 동력이 약화될 수 있습니다.""]"
329180,HD현대중공업,2024-09-02,185500,Sell,75,"[""최근 1개월 수익률이 -13.32%로 하락세를 보이고 있으며, 이는 단기적인 매도 압력을 시사합니다."", ""PER 80.8배는 동종 업계 평균 대비 높은 수준으로, 현재 주가가 고평가되었을 가능성을 내포합니다."", ""52주 최고가 대비 현재 위치가 73.2%로, 상승 여력보다는 하락 위험이 상대적으로 높아 보입니다.""]"
329180,HD현대중공업,2024-10-02,183100,Sell,75,"[""최근 1개월 수익률이 -4.24%로 하락세를 보이고 있으며, 거래량 변화율 또한 -36.56%로 감소하여 투자 심리가 위축된 것으로 판단됩니다."", ""현재가(183,100원)는 52주 최고가(216,000원) 대비 약 71.1% 수준으로, 단기적으로 상승 여력보다는 하락 압력이 작용할 가능성이 있습니다."", ""ROE가 3.8%로 낮아 기업의 수익성이 현재 주가 수준을 정당화하기 어렵다는 점도 하락 가능성을 시사합니다.""]"
329180,HD현대중공업,2024-11-01,174200,Sell,65,"[""최근 1개월 수익률이 -5.63%로 하락세를 보이고 있으며, 거래량 변화율 또한 -19.26%로 감소하여 투자 심리가 위축된 것으로 판단됩니다."", ""PER 75.8배는 동종 업계 평균 대비 높은 수준일 가능성이 있으며, 이는 현재 주가가 기업의 수익성에 비해 고평가되었음을 시사할 수 있습니다."", ""ROE 3.8%는 낮은 수준으로, 기업의 수익 창출 능력이 기대에 미치지 못하고 있음을 나타냅니다.""]"
329180,HD현대중공업,2024-12-02,211000,Sell,75,"[""최근 1개월 수익률이 21.13%로 높고 거래량 변화율이 135.11%로 급증한 것은 단기적인 과열 가능성을 시사합니다."", ""PER 65.5는 동종 업계 평균 대비 높은 수준으로 밸류에이션 부담이 존재합니다."", ""52주 최고가 대비 현재 위치가 76.6%로, 상승 여력이 제한적일 수 있습니다.""]"
329180,HD현대중공업,2025-01-02,289000,Sell,75,"[""현재가가 52주 최고가에 근접한 95.2% 위치에 있어 추가 상승 여력이 제한적일 수 있습니다."", ""최근 1개월 수익률이 31.36%로 높았으나, 거래량 변화율이 -20.26%로 감소하여 단기 상승 모멘텀이 약화되었을 가능성이 있습니다."", ""PER 89.7, PBR 4.70, ROE 5.2% 지표는 현재 주가가 기업의 내재가치 대비 고평가되었음을 시사할 수 있습니다.""]"
329180,HD현대중공업,2025-02-03,311500,Sell,75,"[""현재가(311,500원)가 52주 최고가(327,000원)에 근접한 92.9% 수준에 위치하여 추가 상승 여력이 제한적일 수 있습니다."", ""PER(96.7) 및 PBR(5.06) 지표가 상대적으로 높아 밸류에이션 부담이 존재합니다."", ""최근 1개월 수익률(4.53%)은 양호하나, 거래량 변화율(20.37%)이 긍정적인 신호로 해석되기에는 불확실성이 있습니다.""]"
329180,HD현대중공업,2025-03-04,314500,Sell,75,"[""현재가(314,500원)가 52주 최고가(366,000원) 대비 높은 수준(79.9%)에 위치하여 추가 상승 여력이 제한적일 수 있습니다."", ""PER(97.6) 및 PBR(5.11) 지표가 상대적으로 높아 밸류에이션 부담이 존재합니다."", ""최근 1개월 수익률(1.13%)이 낮은 수준으로, 단기적인 상승 모멘텀이 약한 것으로 판단됩니다.""]"
329180,HD현대중공업,2025-04-01,291000,Sell,75,"[""최근 1개월 수익률이 -1.69%로 하락세를 보이고 있으며, 거래량 변화율이 -54.18%로 크게 감소하여 투자 심리가 위축되었음을 시사합니다."", ""현재가(291,000원)가 52주 최고가(366,000원) 대비 약 21.6% 하락한 수준이지만, 52주 최저가(111,300원) 대비로는 여전히 높은 위치(70.5%)에 있어 추가 상승 여력이 제한적일 수 있습니다."", ""PER 41.6배는 동종 업계 평균 대비 높을 가능성이 있으며, 이는 현재 주가가 기업의 수익성에 비해 고평가되었을 가능성을 내포합니다.""]"
329180,HD현대중공업,2025-05-02,408500,Sell,75,"[""현재가가 52주 최고가와 동일하며, 최근 1개월 수익률이 40.38%로 단기 급등 후 차익 실현 매물이 출회될 가능성이 높습니다."", ""PER 58.4, PBR 6.36은 동종 업계 평균 대비 높은 수준으로 밸류에이션 부담이 존재합니다."", ""거래량 변화율 39.83%는 단기 급등을 뒷받침하지만, 최고가 경신 후에는 매도 압력이 강해질 수 있습니다.""]"
329180,HD현대중공업,2025-06-02,428000,Sell,75,"[""현재가가 52주 최고가와 동일하며, 이는 단기적인 상승 모멘텀이 소진되었을 가능성을 시사합니다."", ""최근 1개월 수익률이 6.07%로 양호하나, 거래량 변화율이 -41.79%로 크게 감소한 것은 투자 심리 위축 또는 매도 압력 증가를 나타낼 수 있습니다."", ""PER 43.3, PBR 6.54는 동종 업계 평균 대비 고평가 구간일 가능성을 내포하며, 이는 향후 주가 상승 여력을 제한할 수 있습니다.""]"
329180,HD현대중공업,2025-07-01,420500,Buy,75,"[""현재가(420,500원)가 52주 최고가(463,500원) 대비 87.0% 수준으로, 상승 여력이 남아있다고 판단됩니다."", ""최근 1개월 수익률이 3.70%로 긍정적인 흐름을 보이고 있으며, 거래량 변화율이 44.53%로 증가하는 것은 매수세 유입 가능성을 시사합니다."", ""ROE가 15.1%로 양호한 수준이며, 이는 기업의 수익 창출 능력이 뒷받침되고 있음을 나타냅니다.""]"
329180,HD현대중공업,2025-08-01,476500,Sell,75,"[""현재가(476,500원)가 52주 최고가(490,500원)에 근접한 95.7% 수준으로, 단기 상승 여력이 제한적일 수 있습니다."", ""최근 1개월 수익률이 20.94%로 높았으나, 거래량 변화율이 -17.40%로 감소하는 추세를 보여 추가적인 매수세 유입이 약할 가능성이 있습니다."", ""PER 48.2, PBR 7.29는 동종 업계 평균 대비 높은 수준일 수 있으며, 이는 현재 주가에 대한 밸류에이션 부담을 시사합니다.""]"
329180,HD현대중공업,2025-09-01,510000,Sell,75,"[""현재가(510,000원)가 52주 최고가(521,000원)에 근접한 96.8% 수준으로, 단기 상승 여력이 제한적일 수 있습니다."", ""PER 48.5, PBR 7.32는 동종 업계 평균 대비 높은 수준일 가능성이 있으며, 이는 현재 주가가 고평가되었음을 시사할 수 있습니다."", ""최근 1개월 수익률 3.98% 대비 거래량 변화율 18.89%는 단기적인 수급 불균형 가능성을 나타내며, 이는 가격 조정의 빌미가 될 수 있습니다.""]"
329180,HD현대중공업,2025-10-01,528000,Sell,75,"[""현재가가 52주 최고가와 동일하며, 이는 단기적인 상승 모멘텀이 약화되었을 가능성을 시사합니다."", ""최근 1개월 수익률이 2.72%로 소폭 상승했으나, 거래량 변화율이 -38.02%로 크게 감소한 점은 투자자들의 관심이 줄어들고 있음을 나타냅니다."", ""PER 50.2, PBR 7.58은 동종 업계 평균 대비 높은 수준일 가능성이 있으며, 이는 현재 주가가 기업의 내재가치 대비 고평가되었을 위험을 내포합니다.""]"
329180,HD현대중공업,2025-11-03,607000,Sell,75,"[""현재가(607,000원)가 52주 최고가(624,000원)에 근접한 96.2% 수준으로, 단기 상승 여력이 제한적일 수 있습니다."", ""최근 1개월 수익률이 23.50%로 높게 나타나 단기 차익 실현 매물이 출회될 가능성이 있습니다."", ""PER(57.7)과 PBR(8.72) 지표가 상대적으로 높아, 현재 주가 수준이 고평가되었을 가능성을 시사합니다.""]"
329180,HD현대중공업,2025-12-01,515000,Sell,75,"[""최근 1개월 수익률이 -14.17%로 하락세를 보이고 있으며, 이는 단기적인 매도 압력을 시사합니다."", ""현재가가 52주 최고가 대비 약 16.2% 하락한 수준이지만, 최근 하락 추세가 지속될 가능성을 배제할 수 없습니다."", ""PER 35.4, PBR 7.07은 상대적으로 높은 밸류에이션 수준으로, 추가적인 상승 여력보다는 하락 위험이 더 부각될 수 있습니다.""]"
012450,한화에어로스페이스,2023-01-02,74972,Neutral,55,"[""현재가는 52주 최고가 대비 약 13.8% 하락한 수준으로, 추가 상승 여력과 하락 위험이 공존하는 위치에 있습니다."", ""최근 1개월 수익률은 소폭 상승했으나, 거래량 변화율이 크게 감소하여 시장의 관심이 줄어들었음을 시사합니다."", ""PER, PBR, ROE 등 재무 지표는 시장 평균 대비 우수하다고 단정하기 어렵고, 기술적 지표 또한 명확한 상승 또는 하락 추세를 보여주지 않아 방향성 판단이 어렵습니다.""]"
012450,한화에어로스페이스,2023-02-01,82307,Buy,75,"[""현재가가 52주 최고가 대비 약 5% 하락한 수준으로, 단기적인 상승 여력이 존재한다고 판단됩니다."", ""최근 1개월 수익률이 9.78%로 양호하며, 거래량 변화율이 66.60%로 높게 나타나 투자자들의 관심이 증가하고 있음을 시사합니다."", ""PER 16.6, PBR 1.36, ROE 8.2% 등의 재무 지표는 시장 평균 대비 과도하게 고평가되었다고 보기 어려우며, 향후 실적 개선 가능성을 고려할 때 긍정적인 요인으로 작용할 수 있습니다.""]"
012450,한화에어로스페이스,2023-03-02,92595,Sell,75,"[""현재가가 52주 최고가에 근접한 97.4% 수준으로, 단기적인 추가 상승 여력이 제한적일 수 있습니다."", ""최근 1개월 수익률이 13.06%로 높았으나, 거래량 변화율이 -23.99%로 감소한 것은 투자 심리 위축 가능성을 시사합니다."", ""ROE 8.2%는 시장 평균 대비 우수하다고 단정하기 어렵고, PER 18.7, PBR 1.53은 현재 주가 수준이 재무적 가치 대비 다소 높게 평가될 가능성을 내포합니다.""]"
012450,한화에어로스페이스,2023-04-03,104513,Sell,75,"[""현재가가 52주 최고가와 동일한 수준으로, 단기적인 추가 상승 여력이 제한적일 수 있습니다."", ""최근 1개월 수익률이 9.50%로 양호했으나, 거래량 변화율이 -6.88%로 감소하는 추세는 매수세 약화를 시사합니다."", ""PER 26.4, PBR 1.85, ROE 7.0%의 재무 지표는 현재 주가 수준에서 밸류에이션 부담이 존재할 가능성을 나타냅니다.""]"
012450,한화에어로스페이스,2023-05-02,109607,Buy,75,"[""최근 1개월 수익률 8.47%와 52주 내 현재 위치 87.2%는 주가 상승 모멘텀이 강하게 작용하고 있음을 시사합니다."", ""거래량 변화율 58.41%는 시장의 관심이 증가하고 있으며, 이는 향후 주가 상승의 동력이 될 수 있습니다."", ""PER 27.6은 다소 높은 편이나, 52주 최고가 대비 현재 위치가 높아 추가 상승 여력이 존재할 가능성이 있습니다.""]"
012450,한화에어로스페이스,2023-06-01,110015,Buy,75,"[""현재가(110,015원)가 52주 최고가(119,488원)에 근접하며 52주 내 현재 위치가 87.7%로 강한 상승 추세를 시사합니다."", ""최근 1개월 수익률이 5.16%로 긍정적인 흐름을 보이고 있으며, 이는 단기적인 매수세를 뒷받침합니다."", ""ROE 17.7%는 기업의 수익성이 양호함을 나타내며, 이는 주가 상승의 잠재적 동력이 될 수 있습니다.""]"
012450,한화에어로스페이스,2023-07-03,132527,Buy,75,"[""최근 1개월 수익률이 20.46%로 강한 상승세를 보이고 있으며, 52주 최고가 대비 현재 위치가 87.7%로 상승 여력이 남아있습니다."", ""거래량 변화율이 17.92%로 증가하며 매수세가 유입되고 있음을 시사합니다."", ""ROE 17.7%는 양호한 수익성을 나타내며, PER 11.8은 시장 평균 대비 과도하게 고평가되지 않았음을 보여줍니다.""]"
012450,한화에어로스페이스,2023-08-01,123766,Sell,75,"[""최근 1개월 수익률이 -6.61%로 하락세를 보이고 있으며, 거래량 변화율 또한 -13.52%로 감소하여 투자 심리가 위축된 것으로 판단됩니다."", ""현재 주가가 52주 최고가 대비 약 76.7% 수준에 위치해 있어 단기적인 차익 실현 매물이 출회될 가능성이 있습니다."", ""PER 11.0, PBR 1.95, ROE 17.8%의 재무 지표는 양호하나, 최근 시장의 부정적인 흐름과 기술적 지표의 하락 추세를 고려할 때 단기적인 하락 가능성이 더 높다고 판단됩니다.""]"
012450,한화에어로스페이스,2023-09-01,116737,Sell,75,"[""최근 1개월 수익률이 -5.13%로 하락세를 보이고 있으며, 거래량 변화율 또한 -50.72%로 크게 감소하여 매도 압력이 존재함을 시사합니다."", ""현재 주가가 52주 최고가 대비 69.0% 수준에 위치해 있어 추가 상승 여력보다는 단기 차익 실현 매물이 출회될 가능성이 있습니다."", ""PER 7.3, PBR 1.70, ROE 23.2%의 재무 지표는 양호하나, 최근 기술적 지표의 하락 추세가 향후 20거래일 주가에 부정적인 영향을 미칠 가능성이 높습니다.""]"
012450,한화에어로스페이스,2023-10-04,104107,Sell,75,"[""최근 1개월 수익률이 -11.28%로 하락세를 보이고 있으며, 거래량 변화율 또한 음수(-3.33%)로 매도 압력이 감지됩니다."", ""현재가가 52주 최고가 대비 약 44.8% 하락한 위치에 있으며, 이는 단기적인 하락 추세의 연장 가능성을 시사합니다."", ""PER 6.5, PBR 1.52, ROE 23.2% 등 재무 지표는 양호하나, 최근 기술적 지표의 하락 추세가 향후 20거래일 주가 하락 가능성을 높입니다.""]"
012450,한화에어로스페이스,2023-11-01,115617,Buy,75,"[""최근 1개월 수익률 8.92%와 거래량 변화율 29.97%는 긍정적인 모멘텀을 시사합니다."", ""현재가가 52주 최고가 대비 35.9% 하락한 64.1% 수준에 위치하여 상승 여력이 존재합니다."", ""ROE 23.1%는 높은 수익성을 보여주며, PER 7.3은 상대적으로 저평가된 가능성을 내포합니다.""]"
012450,한화에어로스페이스,2023-12-01,138537,Buy,75,"[""최근 1개월 수익률이 17.85%로 강한 상승세를 보이고 있으며, 현재 주가가 52주 최고가 대비 약 4.5% 하락한 수준으로 추가 상승 여력이 존재합니다."", ""ROE가 18.4%로 우수한 수익성을 나타내고 있으며, PER 10.9배는 시장 평균 대비 과도하게 고평가되지 않은 수준으로 판단됩니다."", ""거래량 변화율이 음수(-13.19%)인 점은 단기적인 매도 압력이 약화될 가능성을 시사하며, 이는 향후 주가 상승에 긍정적인 요인으로 작용할 수 있습니다.""]"
012450,한화에어로스페이스,2024-01-02,132119,Buy,75,"[""현재가(132,119원)가 52주 최고가(145,158원) 대비 높은 위치(83.1%)에 있으나, 최근 1개월 수익률(5.36%)과 거래량 변화율(28.92%)이 긍정적인 흐름을 보이고 있어 단기 상승 가능성이 있습니다."", ""ROE(18.4%)가 양호한 수준으로 기업의 수익성이 뒷받침되고 있습니다."", ""PER(10.4) 및 PBR(1.92) 지표는 시장 평균 대비 과도하게 고평가되었다고 보기 어려워 추가적인 상승 여력을 고려할 수 있습니다.""]"
012450,한화에어로스페이스,2024-02-01,135074,Buy,75,"[""현재가(135,074원)는 52주 최고가(150,862원) 대비 약 10.4% 하락한 수준으로, 추가 상승 여력이 존재할 수 있습니다."", ""최근 1개월 수익률은 -0.53%로 소폭 하락했으나, 거래량 변화율이 25.68%로 증가한 점은 향후 주가 상승에 대한 잠재적 동력으로 해석될 수 있습니다."", ""PER 10.7, PBR 1.96, ROE 18.4%의 재무 지표는 시장 평균 대비 경쟁력 있는 수준으로 판단되며, 이는 주가 하락보다는 상승에 대한 기대를 높입니다.""]"
012450,한화에어로스페이스,2024-03-04,191099,Buy,75,"[""최근 1개월 수익률이 42.23%로 매우 높으며, 52주 최고가 대비 현재 위치가 93.6%로 상승 추세가 강하게 나타납니다."", ""거래량 변화율이 75.22%로 크게 증가하여 시장의 관심과 매수세가 유입되고 있음을 시사합니다."", ""ROE 18.4%는 양호한 수익성을 보여주며, PER 15.1, PBR 2.78은 현재 시장 상황 및 동종 업계 대비 과도하게 고평가되었다고 보기 어렵습니다.""]"
012450,한화에어로스페이스,2024-04-01,212899,Buy,75,"[""최근 1개월 수익률이 11.47%로 양호한 상승세를 보이고 있으며, 52주 최고가 대비 현재 위치가 89.3%로 상승 여력이 남아있다고 판단됩니다."", ""ROE가 23.1%로 높은 수준을 유지하고 있어 기업의 수익성이 견조함을 시사합니다."", ""PER 13.2, PBR 3.05는 시장 평균 대비 과도하게 고평가되었다고 보기 어려우며, 향후 실적 개선 가능성을 고려할 때 추가 상승 여력이 존재할 수 있습니다.""]"
012450,한화에어로스페이스,2024-05-02,224614,Buy,75,"[""현재가(224,614원)가 52주 최고가(246,006원) 대비 높은 수준(85.8%)에 위치하나, 최근 1개월 수익률이 5.50%로 긍정적인 흐름을 보이고 있습니다."", ""ROE 23.1%는 높은 수준으로 기업의 수익성을 뒷받침하며, PER 13.9, PBR 3.22는 시장 평균 대비 과도하게 고평가되었다고 보기 어렵습니다."", ""거래량 변화율이 -10.79%로 감소했으나, 이는 단기적인 수급 요인일 수 있으며 전반적인 재무 건전성과 최근 수익률을 고려할 때 상승 여력이 있다고 판단됩니다.""]"
012450,한화에어로스페이스,2024-06-03,227160,Buy,75,"[""현재가가 52주 최고가 대비 약 7.5% 하락한 수준으로, 추가 상승 여력이 존재한다고 판단됩니다."", ""최근 1개월 수익률이 5.44%로 양호한 흐름을 보이고 있어 단기적인 상승 모멘텀이 유지될 가능성이 있습니다."", ""PER 29.2, PBR 3.31, ROE 11.3% 등의 재무 지표는 시장 평균 대비 고평가 논란의 여지는 있으나, 성장성을 고려할 때 현재 주가 수준이 과도하게 저평가되었다고 보기는 어렵습니다.""]"
012450,한화에어로스페이스,2024-07-01,248043,Buy,75,"[""최근 1개월 수익률이 19.36%로 강한 상승세를 보이고 있으며, 52주 최고가 대비 현재 위치가 95.2%로 매우 높은 수준에 있어 추가 상승 여력이 존재합니다."", ""거래량 변화율이 89.15%로 급증하며 매수세가 유입되고 있음을 시사합니다."", ""PER 31.9, PBR 3.61은 다소 높은 수준이나, ROE 11.3%를 고려할 때 현재 주가 수준이 과도하게 고평가되었다고 단정하기 어렵습니다.""]"
012450,한화에어로스페이스,2024-08-01,309163,Buy,75,"[""최근 1개월 수익률이 30.26%로 강한 상승세를 보이고 있으며, 52주 최고가 대비 현재 위치가 91.7%로 높은 수준을 유지하고 있습니다."", ""거래량 변화율이 50.87%로 증가하며 투자자들의 관심이 집중되고 있음을 시사합니다."", ""PER 39.7, PBR 4.51, ROE 11.3%의 재무 지표는 현재 주가 수준에 대한 프리미엄을 반영하고 있으나, 최근의 기술적 지표들이 긍정적인 흐름을 지지하고 있습니다.""]"
012450,한화에어로스페이스,2024-09-02,295411,Sell,75,"[""최근 1개월 수익률이 -4.45%로 하락세를 보이고 있으며, 거래량 변화율 또한 -35.66%로 감소하여 투자 심리가 위축된 것으로 판단됩니다."", ""현재 주가가 52주 최고가 대비 85.8% 수준으로, 단기적으로 상승 여력보다는 차익 실현 매물 출회 가능성이 존재합니다."", ""PER 53.8, PBR 4.09로 밸류에이션 부담이 있는 상황에서 ROE 7.6%는 이를 상쇄할 만큼 높지 않아 추가적인 주가 상승 동력이 약하다고 판단됩니다.""]"
012450,한화에어로스페이스,2024-10-02,304766,Sell,75,"[""현재가(304,766원)가 52주 최고가(328,517원)에 근접한 89.8% 수준에 위치하여 추가 상승 여력이 제한적일 수 있습니다."", ""최근 1개월 수익률(3.17%) 대비 거래량 변화율(-76.91%)이 크게 감소한 것은 단기적인 매수세 약화를 시사합니다."", ""PER 55.5, PBR 4.22는 동종 업계 평균 대비 높은 수준일 가능성이 있으며, 이는 현재 주가가 고평가되었을 가능성을 내포합니다.""]"
012450,한화에어로스페이스,2024-11-01,372711,Buy,75,"[""최근 1개월 수익률이 27.44%로 강한 상승세를 보이고 있으며, 52주 최고가 대비 현재 위치가 95.0%로 상승 추세가 지속될 가능성이 높습니다."", ""거래량 변화율이 196.24%로 급증하며 투자자들의 관심이 집중되고 있어 단기적인 주가 상승 동력이 될 수 있습니다."", ""PER 67.8은 다소 높은 편이나, 52주 최고가 근접 및 최근 강한 상승세를 고려할 때 향후 20거래일 내 추가 상승 여력이 있다고 판단됩니다.""]"
012450,한화에어로스페이스,2024-12-02,316090,Sell,75,"[""최근 1개월 수익률이 -15.19%로 하락세를 보이고 있으며, 이는 단기적인 매도 압력을 시사합니다."", ""현재가가 52주 최고가 대비 약 22.4% 하락한 수준에 있으며, 이는 추가적인 하락 가능성을 내포합니다."", ""거래량 변화율이 16.58%로 상승했으나, 최근 수익률 하락세를 상쇄할 만큼 강한 매수세를 동반하지는 않아 상승 전환의 동력으로 보기 어렵습니다.""]"
012450,한화에어로스페이스,2025-01-02,357940,Buy,75,"[""최근 1개월 수익률이 16.32%로 강한 상승세를 보이고 있으며, 52주 최고가 대비 현재 위치가 81.8%로 상승 여력이 남아있다고 판단됩니다."", ""ROE가 19.8%로 양호한 수준이며, 이는 기업의 수익 창출 능력이 우수함을 시사합니다."", ""PER 30.1, PBR 5.96은 다소 높은 수준이지만, 최근의 강한 상승세와 양호한 ROE를 고려할 때 단기적인 추가 상승 가능성을 배제하기 어렵습니다.""]"
012450,한화에어로스페이스,2025-02-03,386497,Buy,75,"[""최근 1개월 수익률이 21.33%로 강한 상승세를 보이고 있으며, 52주 최고가 대비 현재 위치가 91.6%로 상승 여력이 남아있습니다."", ""ROE 19.8%는 양호한 수익성을 나타내며, 이는 주가 상승의 긍정적인 요인으로 작용할 수 있습니다."", ""거래량 변화율이 음수(-29.48%)인 점은 단기적인 매도 압력이 약화될 가능성을 시사하며, 이는 향후 주가 상승에 유리하게 작용할 수 있습니다.""]"
012450,한화에어로스페이스,2025-03-04,690278,Sell,75,"[""현재가가 52주 최고가와 동일하며, 최근 1개월 수익률이 75.25%로 매우 높아 단기 차익 실현 매물이 출회될 가능성이 있습니다."", ""거래량 변화율이 142.13%로 높다는 점은 단기 급등 후 변동성이 커질 수 있음을 시사합니다."", ""PER 58.0, PBR 11.49는 현재 주가가 기업의 이익 및 자산 가치 대비 고평가되었을 가능성을 나타냅니다.""]"
012450,한화에어로스페이스,2025-04-01,662707,Buy,75,"[""현재가(662,707원)가 52주 최고가(752,315원) 대비 84.2% 수준으로, 상승 여력이 남아있다고 판단됩니다."", ""최근 1개월 수익률이 13.30%로 양호한 상승세를 보이고 있어 단기적인 모멘텀이 유지될 가능성이 있습니다."", ""ROE가 41.9%로 매우 높아 기업의 수익 창출 능력이 뛰어나며, 이는 주가 상승의 긍정적인 요인으로 작용할 수 있습니다.""]"
012450,한화에어로스페이스,2025-05-02,805489,Sell,75,"[""최근 1개월 높은 수익률(23.38%) 이후 거래량 변화율(-40.16%)이 크게 감소하여 단기 상승 모멘텀 약화 가능성이 시사됩니다."", ""현재가가 52주 최고가(817,305원)에 근접한 98.1% 수준에 위치하여 추가적인 상승 여력이 제한적일 수 있습니다."", ""높은 ROE(41.9%)와 낮은 PER(17.5)은 긍정적이나, 단기적인 기술적 지표의 약세 신호가 향후 20거래일 주가 하락 가능성을 높입니다.""]"
012450,한화에어로스페이스,2025-06-02,835000,Buy,75,"[""ROE 55.8%는 매우 높은 수준으로 기업의 수익성을 강하게 시사합니다."", ""현재가가 52주 최고가 대비 약 5.9% 하락한 835,000원으로, 단기 조정 후 상승 여력이 존재할 수 있습니다."", ""최근 1개월 수익률이 4.82%로 긍정적인 흐름을 보이고 있으며, 이는 향후 주가 상승에 대한 기대감을 높입니다.""]"
012450,한화에어로스페이스,2025-07-01,839000,Sell,75,"[""최근 1개월 수익률이 -2.10%로 하락세를 보이고 있으며, 52주 최고가 대비 현재 위치가 82.2%로 상승 여력이 제한적일 수 있습니다."", ""PER 17.4, PBR 9.73은 현재 주가가 기업의 이익 및 자산 가치 대비 다소 높게 평가되고 있음을 시사합니다."", ""거래량 변화율이 12.03%로 긍정적인 신호가 있으나, 최근 수익률 하락과 밸류에이션 부담을 고려할 때 단기적인 하락 가능성이 더 높다고 판단됩니다.""]"
012450,한화에어로스페이스,2025-08-01,939000,Buy,75,"[""최근 1개월 수익률이 14.93%로 강한 상승세를 보이고 있으며, 52주 최고가 대비 현재 위치가 91.9%로 높은 수준을 유지하고 있어 추가 상승 여력이 존재합니다."", ""ROE가 55.8%로 매우 높아 기업의 수익 창출 능력이 탁월함을 시사합니다."", ""거래량 변화율이 음수(-14.24%)인 점은 단기적인 매도 압력이 약화되었음을 나타낼 수 있으며, 이는 향후 주가 상승에 긍정적인 요인으로 작용할 수 있습니다.""]"
012450,한화에어로스페이스,2025-09-01,916000,Sell,75,"[""최근 1개월 수익률이 -8.03%로 하락세를 보이고 있으며, 거래량 변화율 또한 -20.62%로 감소하여 투자 심리가 위축되었음을 시사합니다."", ""현재 주가가 52주 최고가 대비 88.7% 수준으로, 단기적으로 상승 여력이 제한적일 수 있습니다."", ""PER 18.5, PBR 7.50은 절대적인 고평가 구간은 아니나, 최근의 하락 추세와 거래량 감소를 고려할 때 추가 하락 가능성에 무게를 둡니다.""]"
012450,한화에어로스페이스,2025-10-01,1099000,Sell,75,"[""현재가가 52주 최고가에 근접하여 추가 상승 여력이 제한적일 수 있습니다."", ""최근 1개월 수익률이 높음에도 불구하고 거래량 변화율이 음수(-)를 기록하며 상승 동력이 약화될 가능성을 시사합니다."", ""높은 PER(22.2)과 PBR(9.00)은 현재 주가가 기업의 내재가치 대비 고평가되었을 가능성을 내포하고 있습니다.""]"
012450,한화에어로스페이스,2025-11-03,1042000,Sell,75,"[""현재가가 52주 최고가 대비 7.8% 낮은 수준으로, 단기적인 상승 모멘텀이 약화될 가능성이 있습니다."", ""최근 1개월 수익률이 -0.19%로 부진한 흐름을 보이고 있어, 향후 20거래일 내 추가 하락 가능성을 시사합니다."", ""거래량 변화율이 13.51%로 긍정적인 신호를 보이지만, 최근 수익률 부진과 52주 최고가 근접이라는 점을 고려할 때 하락 가능성에 무게를 둡니다.""]"
012450,한화에어로스페이스,2025-12-01,813000,Sell,75,"[""최근 1개월 수익률이 -16.96%로 하락세를 보이고 있으며, 이는 단기적인 매도 압력을 시사합니다."", ""거래량 변화율이 -9.53%로 감소하는 추세는 투자자들의 관심 감소 또는 매도 심리 강화를 나타낼 수 있습니다."", ""현재 주가가 52주 최고가 대비 상당 부분 하락한 위치에 있으며, 최근 하락 추세가 지속될 가능성을 배제할 수 없습니다.""]"
259960,크래프톤,2023-01-02,164000,Sell,75,"[""현재가가 52주 최저가와 동일하며, 52주 최고가 대비 현저히 낮은 수준에 위치하여 하락 추세가 지속될 가능성이 높습니다."", ""최근 1개월 수익률이 -25.45%로 큰 폭의 하락세를 보이고 있으며, 거래량 변화율 또한 음(-)의 값을 나타내어 매도 압력이 지속될 것으로 예상됩니다."", ""PER 13.6, PBR 1.49, ROE 10.9% 등의 재무 지표는 시장 평균 대비 특별히 매력적인 수준은 아니며, 기술적 지표의 하락 추세를 상쇄할 만한 강한 상승 근거를 제시하지 못합니다.""]"
259960,크래프톤,2023-02-01,181000,Sell,75,"[""최근 1개월 수익률은 긍정적이나, 거래량 변화율이 -34.16%로 크게 감소하여 매수세 약화를 시사합니다."", ""현재가는 52주 최고가 대비 40.6% 하락한 수준이며, 52주 내 현재 위치가 12.1%로 낮은 편에 속해 추가 하락 가능성을 배제할 수 없습니다."", ""PER 15.1, PBR 1.64, ROE 10.9% 등의 재무 지표는 시장 평균 대비 특별히 우수하다고 보기 어려워 주가 상승을 강력하게 지지하는 근거가 부족합니다.""]"
259960,크래프톤,2023-03-02,169000,Sell,75,"[""최근 1개월 수익률이 -5.74%로 하락세를 보이고 있으며, 52주 최고가 대비 현재 위치가 3.7%로 매우 낮은 수준에 머물러 있어 추가 하락 가능성이 있습니다."", ""거래량 변화율이 25.37%로 증가했음에도 불구하고 주가 하락이 동반되고 있어 매도 압력이 강함을 시사합니다."", ""PER 14.1, PBR 1.53, ROE 10.9% 등의 재무 지표는 시장 평균 대비 특별히 매력적인 수준은 아니며, 현재 주가 하락 추세를 반전시킬 만한 강력한 상승 모멘텀을 제공하지 못하고 있습니다.""]"
259960,크래프톤,2023-04-03,182800,Buy,65,"[""최근 1개월 수익률이 7.66%로 긍정적인 흐름을 보이고 있으며, 현재가는 52주 최저가 대비 높은 수준에 위치하여 추가 상승 여력이 존재할 수 있습니다."", ""PER 17.1, PBR 1.76, ROE 10.3%의 재무 지표는 시장 평균 대비 과도하게 고평가되었다고 보기 어렵습니다."", ""거래량 변화율이 -5.70%로 소폭 감소했으나, 최근 수익률 상승세를 고려할 때 단기적인 매도 압력은 제한적일 수 있습니다.""]"
259960,크래프톤,2023-05-02,193600,Sell,75,"[""최근 1개월 수익률이 5.50%로 긍정적이나, 거래량 변화율이 -21.67%로 감소하며 매도 압력이 감지됩니다."", ""현재가가 52주 최고가 대비 31.1% 낮은 수준에 위치하여 추가 하락 가능성을 시사합니다."", ""PER 18.1, PBR 1.86, ROE 10.2%의 재무 지표는 시장 평균 대비 특별히 매력적인 수준은 아니며, 현재가 하락 압력을 상쇄할 만큼의 강한 상승 근거를 제시하지 못합니다.""]"
259960,크래프톤,2023-06-01,189400,Sell,65,"[""최근 1개월 수익률이 마이너스를 기록하며 약세를 보이고 있습니다."", ""52주 최고가 대비 현재 주가 위치가 27.7%로, 상승 여력보다는 하락 위험이 상대적으로 높아 보입니다."", ""거래량 변화율이 소폭 증가했으나, 이는 하락 추세를 반전시키기에는 미미한 수준으로 판단됩니다.""]"
259960,크래프톤,2023-07-03,194500,Sell,65,"[""최근 1개월 수익률은 소폭 상승했으나, 거래량 변화율이 크게 하락하여 매수세 약화를 시사합니다."", ""52주 최고가 대비 현재 위치가 34.0%로, 상승 여력보다는 하락 위험이 상대적으로 높아 보입니다."", ""PER 17.5, PBR 1.77, ROE 10.1% 등의 재무 지표는 시장 평균 대비 특별히 매력적인 수준은 아닙니다.""]"
259960,크래프톤,2023-08-01,178100,Sell,65,"[""최근 1개월 수익률이 -8.43%로 하락세를 보이고 있으며, 이는 단기적인 매도 압력을 시사합니다."", ""거래량 변화율이 -4.40%로 감소하는 추세는 투자자들의 관심 감소 또는 매도 심리 강화를 나타낼 수 있습니다."", ""현재가가 52주 최고가 대비 약 33.8% 하락한 위치에 있으며, 이는 추가적인 하락 가능성을 배제할 수 없음을 보여줍니다.""]"
259960,크래프톤,2023-09-01,155500,Sell,75,"[""최근 1개월 수익률이 -10.06%로 하락세를 보이고 있으며, 52주 최고가 대비 현재 위치가 매우 낮아 추가 하락 가능성이 있습니다."", ""PER 15.9, PBR 1.42, ROE 8.9%는 시장 평균 대비 특별히 매력적인 수준으로 보이지 않아 밸류에이션 매력이 낮습니다."", ""거래량 변화율이 18.49%로 증가했으나, 이는 하락장에서 매도 물량이 증가했음을 시사할 수 있습니다.""]"
259960,크래프톤,2023-10-04,146500,Sell,75,"[""현재가가 52주 최저가와 동일한 수준으로, 기술적으로 추가 하락 가능성이 존재합니다."", ""최근 1개월 수익률이 -6.57%로 하락세를 보이고 있으며, 거래량 변화율 또한 -25.17%로 감소하여 투자 심리가 위축된 것으로 판단됩니다."", ""PER 15.0, PBR 1.34, ROE 8.9% 등의 재무 지표는 시장 평균 대비 특별히 매력적인 수준으로 보이지 않아, 현재 주가 수준에서 적극적인 매수세를 유인하기 어렵습니다.""]"
259960,크래프톤,2023-11-01,166000,Sell,75,"[""최근 1개월 수익률이 11.63%로 양호하나, 52주 최고가 대비 현재 위치가 21.7%로 하락 여력이 존재합니다."", ""거래량 변화율이 16.36%로 긍정적인 신호이나, PER 17.0, PBR 1.52, ROE 8.9% 등 재무 지표가 시장 평균 대비 특별히 우수하다고 보기 어렵습니다."", ""현재가 166,000원이 52주 최저가 146,500원 대비 상승 추세에 있으나, 52주 최고가 236,500원 대비 상당한 괴리가 있어 단기적인 추가 상승 동력이 약할 수 있습니다.""]"
259960,크래프톤,2023-12-01,217500,Buy,75,"[""최근 1개월 수익률이 28.77%로 강한 상승세를 보이고 있으며, 52주 최고가 대비 현재 위치가 88.2%로 상승 여력이 남아있습니다."", ""거래량 변화율이 77.19%로 증가하며 매수세가 유입되고 있음을 시사합니다."", ""PER 22.9, PBR 1.90은 시장 평균 대비 높은 수준일 수 있으나, 최근의 강한 주가 상승 모멘텀과 거래량 증가를 고려할 때 단기적인 추가 상승 가능성을 배제하기 어렵습니다.""]"
259960,크래프톤,2024-01-02,195800,Sell,75,"[""최근 1개월 수익률이 -9.35%로 하락세를 보이고 있으며, 거래량 변화율 또한 -26.67%로 감소하여 투자 심리가 위축된 것으로 판단됩니다."", ""현재가가 52주 최고가 대비 약 10.2% 하락한 69.0% 수준에 위치해 있어 추가적인 하락 가능성을 배제할 수 없습니다."", ""PER 20.6, PBR 1.71, ROE 8.3%의 재무 지표는 시장 평균 대비 특별히 매력적인 수준은 아니며, 현재 주가 수준을 정당화할 만큼의 강력한 상승 모멘텀을 제시하지 못하고 있습니다.""]"
259960,크래프톤,2024-02-01,214000,Sell,75,"[""현재가가 52주 최고가에 근접한 93.8% 수준에 위치하여 추가 상승 여력이 제한적일 수 있습니다."", ""최근 1개월 수익률은 9.86%로 양호하나, 거래량 변화율이 -30.22%로 크게 감소하여 매수세 약화를 시사합니다."", ""PER 22.5, PBR 1.87, ROE 8.3%의 재무 지표는 시장 평균 대비 특별히 매력적인 수준으로 보이지 않아 밸류에이션 부담이 존재할 수 있습니다.""]"
259960,크래프톤,2024-03-04,217500,Sell,75,"[""최근 1개월 수익률이 -0.46%로 약세를 보이며, 52주 최고가 대비 현재 위치가 76.3%로 상승 여력이 제한적일 수 있습니다."", ""PER 22.9, PBR 1.90, ROE 8.3%의 재무 지표는 시장 평균 대비 우수하다고 단정하기 어렵습니다."", ""거래량 변화율이 6.58%로 소폭 증가했으나, 이는 주가 하락을 막기 위한 일시적인 움직임일 가능성도 배제할 수 없습니다.""]"
259960,크래프톤,2024-04-01,250500,Buy,75,"[""최근 1개월 수익률이 10.35%로 양호하며, 52주 최고가 대비 현재 위치가 94.1%로 상승 추세가 지속될 가능성이 있습니다."", ""거래량 변화율이 19.71%로 증가하며 투자자들의 관심이 높아지고 있음을 시사합니다."", ""PER 19.6, PBR 2.18, ROE 11.2%는 시장 평균 대비 과도하게 고평가되었다고 보기 어렵고, ROE가 10%를 상회하여 일정 수준의 수익성을 보여주고 있습니다.""]"
259960,크래프톤,2024-05-02,243000,Sell,75,"[""최근 1개월 수익률이 -2.99%로 하락세를 보이고 있으며, 52주 최고가 대비 현재 위치가 85.0%로 상승 여력이 제한적일 수 있습니다."", ""거래량 변화율이 45.00%로 증가했으나, 이는 단기적인 변동성 확대일 가능성이 있으며, 최근 수익률 하락세를 상쇄할 만큼 강한 매수세를 뒷받침하지 못하고 있습니다."", ""PER 19.0, PBR 2.12, ROE 11.2% 등의 재무 지표는 시장 평균 대비 특별히 매력적인 수준으로 보이지 않아, 단기적인 주가 상승을 견인할 강력한 펀더멘털 모멘텀이 부족합니다.""]"
259960,크래프톤,2024-06-03,247500,Sell,75,"[""현재가가 52주 최고가 대비 86.3% 수준으로, 단기 상승 여력이 제한적일 수 있습니다."", ""최근 1개월 수익률은 3.34%로 긍정적이나, 거래량 변화율이 -23.78%로 감소하는 추세는 매도 압력을 시사합니다."", ""PER 16.8, PBR 2.02, ROE 12.0%의 재무 지표는 시장 평균 대비 특별히 매력적인 수준은 아니며, 밸류에이션 부담이 존재할 수 있습니다.""]"
259960,크래프톤,2024-07-01,273500,Buy,75,"[""최근 1개월 수익률이 8.96%로 긍정적인 흐름을 보이고 있으며, 52주 최고가 대비 현재 위치가 84.4%로 상승 여력이 남아있다고 판단됩니다."", ""PER 18.6, PBR 2.24, ROE 12.0%의 재무 지표는 시장 평균 대비 과도하게 고평가되었다고 보기 어렵습니다."", ""거래량 변화율이 1.86%로 소폭 증가하며 매수세가 유입되고 있음을 시사합니다.""]"
259960,크래프톤,2024-08-01,289500,Sell,75,"[""현재가가 52주 최고가 대비 95% 수준으로, 단기적으로 추가 상승 여력이 제한적일 수 있습니다."", ""최근 1개월 수익률은 양수이나, 거래량 변화율이 큰 폭으로 감소하여 투자 심리가 위축되었을 가능성이 있습니다."", ""PER 19.7, PBR 2.37, ROE 12.0% 등의 재무 지표는 시장 평균 대비 우수하다고 단정하기 어렵고, 밸류에이션 부담이 존재할 수 있습니다.""]"
259960,크래프톤,2024-09-02,323000,Buy,75,"[""최근 1개월 수익률 11.57%와 거래량 변화율 133.94%는 긍정적인 모멘텀을 시사합니다."", ""현재가가 52주 최고가 대비 약 7.4% 하락한 323,000원으로, 추가 상승 여력이 존재할 가능성이 있습니다."", ""ROE 15.4%는 양호한 수익성을 나타내며, 이는 주가 상승의 잠재적 기반이 될 수 있습니다.""]"
259960,크래프톤,2024-10-02,338000,Sell,75,"[""현재가가 52주 최고가 대비 94.6% 수준으로, 단기적으로 추가 상승 여력이 제한적일 수 있습니다."", ""최근 1개월 수익률이 1.81%로 소폭 상승했으나, 거래량 변화율이 -46.23%로 크게 감소하여 상승 동력이 약화되었음을 시사합니다."", ""PER 17.4, PBR 2.68, ROE 15.4% 등의 재무 지표는 현재 시장에서 고평가 또는 평균 수준으로 판단될 수 있으며, 20거래일 내 급격한 주가 상승을 뒷받침할 만한 강력한 근거는 부족합니다.""]"
259960,크래프톤,2024-11-01,333500,Sell,75,"[""현재가가 52주 최고가 대비 92.0% 수준으로, 단기적으로 추가 상승 여력이 제한적일 수 있습니다."", ""최근 1개월 수익률이 -2.63%로 하락세를 보이고 있으며, 거래량 변화율 또한 -17.66%로 감소하여 투자 심리가 위축된 것으로 판단됩니다."", ""PER 17.2, PBR 2.65, ROE 15.4%의 재무 지표는 시장 평균 대비 우수하다고 볼 수 있으나, 기술적 지표의 하락 추세가 단기적인 주가 하락 가능성을 시사합니다.""]"
259960,크래프톤,2024-12-02,327500,Sell,75,"[""최근 1개월 수익률이 -1.80%로 하락세를 보이고 있으며, 52주 최고가 대비 현재 위치가 86.4%로 상승 여력이 제한적일 수 있습니다."", ""거래량 변화율이 64.35%로 높게 나타나 단기적인 변동성 확대 가능성을 시사하지만, 이는 하락 압력으로 작용할 수도 있습니다."", ""PER 18.7, PBR 2.53, ROE 13.5% 등의 재무 지표는 시장 평균 대비 우수하다고 단정하기 어렵고, 특히 PBR이 2.53으로 다소 높은 편입니다.""]"
259960,크래프톤,2025-01-02,316500,Sell,75,"[""현재가가 52주 최고가 대비 80% 수준에 위치하여 추가 상승 여력이 제한적일 수 있습니다."", ""최근 1개월 수익률이 1.44%로 미미하며, 거래량 변화율이 -21.36%로 감소하는 추세는 매도 압력을 시사합니다."", ""PER 18.1, PBR 2.45, ROE 13.6%의 재무 지표는 시장 평균 대비 프리미엄을 반영하고 있으나, 기술적 지표의 약세 신호가 더 우세합니다.""]"
259960,크래프톤,2025-02-03,360000,Sell,75,"[""현재가가 52주 최고가에 근접한 97.8% 수준에 위치하여 추가 상승 여력이 제한적일 수 있습니다."", ""최근 1개월 수익률이 17.26%로 단기 급등 후 차익 실현 매물이 출회될 가능성이 있습니다."", ""PER 20.5, PBR 2.78은 시장 평균 대비 높은 수준으로 밸류에이션 부담이 존재합니다.""]"
259960,크래프톤,2025-03-04,334000,Sell,75,"[""최근 1개월 수익률이 -8.24%로 하락세를 보이고 있으며, 이는 단기적인 투자 심리 위축을 시사합니다."", ""거래량 변화율이 83.11%로 높게 나타나고 있으나, 이는 최근 하락세와 맞물려 매도 압력이 강하게 작용하고 있음을 의미할 수 있습니다."", ""현재가가 52주 최고가 대비 약 12.8% 하락한 수준에 위치해 있어 추가적인 하락 가능성을 배제할 수 없습니다.""]"
259960,크래프톤,2025-04-01,340000,Sell,75,"[""최근 1개월 수익률이 마이너스이며 거래량 변화율 또한 크게 감소하여 투자 심리가 위축되었음을 시사합니다."", ""현재가가 52주 최고가 대비 약 10% 하락한 수준으로, 단기적인 추가 하락 가능성을 배제할 수 없습니다."", ""PER 11.9, PBR 2.39는 절대적으로 저평가되었다고 보기 어렵고, ROE 20.1%는 양호하나 이를 상쇄할 만큼의 강력한 상승 모멘텀이 현재 지표에서 드러나지 않습니다.""]"
259960,크래프톤,2025-05-02,385000,Sell,75,"[""현재가가 52주 최고가에 근접한 99.4% 위치에 있어 추가 상승 여력이 제한적일 수 있습니다."", ""최근 1개월 수익률은 양호하나, 거래량 변화율이 음수(-)로 나타나 매수세가 약화될 가능성을 시사합니다."", ""PER 13.5, PBR 2.70, ROE 20.1% 등의 재무 지표는 양호하나, 기술적 지표상 단기 고점 도달 가능성이 높아 하락 가능성에 무게를 둡니다.""]"
259960,크래프톤,2025-06-02,368000,Sell,75,"[""현재가가 52주 최고가 대비 12.7% 낮은 수준으로, 단기적인 상승 모멘텀이 약화되었음을 시사합니다."", ""최근 1개월 수익률이 -0.54%로 소폭 하락세를 보이고 있으며, 거래량 변화율 또한 -21.75%로 감소하여 투자 심리가 위축되었음을 나타냅니다."", ""PER 12.6, PBR 2.45, ROE 19.4%의 재무 지표는 양호하나, 기술적 지표에서 단기 하락 가능성이 엿보입니다.""]"
259960,크래프톤,2025-07-01,362000,Sell,75,"[""최근 1개월 수익률이 -4.11%로 하락세를 보이고 있으며, 52주 최고가 대비 현재 위치가 79.1%로 상승 여력이 제한적일 수 있습니다."", ""거래량 변화율이 36.42%로 증가했으나, 이는 단기적인 변동성 확대 가능성을 시사하며 하락 압력으로 작용할 수 있습니다."", ""PER 12.4, PBR 2.41은 시장 평균 대비 높은 수준은 아니지만, ROE 19.4% 대비 밸류에이션 매력이 크지 않아 추가적인 상승 동력이 약할 수 있습니다.""]"
259960,크래프톤,2025-08-01,315500,Sell,65,"[""최근 1개월 수익률이 -13.68%로 하락세를 보이고 있으며, 거래량 변화율 또한 -28.62%로 감소하여 투자 심리가 위축된 것으로 판단됩니다."", ""현재 주가는 52주 최고가 대비 38.2% 낮은 수준에 위치해 있으나, 최근 하락 추세가 지속되고 있어 추가 하락 가능성을 배제할 수 없습니다."", ""PER 10.8, PBR 2.10, ROE 19.4%의 재무 지표는 양호한 편이나, 기술적 지표에서 나타나는 하락 신호가 향후 20거래일 내 주가 상승을 기대하기 어렵게 만듭니다.""]"
259960,크래프톤,2025-09-01,331000,Neutral,65,"[""현재가(331,000원)는 52주 최고가(386,000원) 대비 하락했으나, 52주 최저가(289,500원) 대비로는 상승하여 중간 지점에 위치하고 있습니다."", ""최근 1개월 수익률(0.76%)은 소폭 상승했으나, 거래량 변화율(-4.97%)은 하락하여 상승 모멘텀이 강하지 않음을 시사합니다."", ""PER(15.0), PBR(2.32), ROE(15.5%) 등 재무 지표는 시장 평균 대비 우수하다고 단정하기 어렵고, 뚜렷한 상승 또는 하락 근거를 제시하지 못합니다.""]"
259960,크래프톤,2025-10-01,298500,Sell,75,"[""최근 1개월 수익률이 -9.55%로 하락세를 보이고 있으며, 이는 단기적인 하락 압력을 시사합니다."", ""거래량 변화율 또한 -9.51%로 감소하여 투자 심리가 위축되었음을 나타냅니다."", ""현재 주가가 52주 최고가 대비 9.3% 하락한 위치에 있어 추가적인 하락 가능성을 배제할 수 없습니다.""]"
259960,크래프톤,2025-11-03,279500,Sell,75,"[""최근 1개월 수익률이 -5.41%로 하락세를 보이고 있으며, 52주 최고가 대비 현재 위치가 7.4%로 하락 가능성이 열려있습니다."", ""거래량 변화율이 20.76%로 증가했으나, 이는 하락 추세 속에서 매도 물량이 증가했을 가능성을 시사합니다."", ""PER 12.7, PBR 1.96, ROE 15.5% 등의 재무 지표는 현재 시장에서 과대평가되었다고 보기는 어렵지만, 기술적 지표에서 하락 신호가 더 강하게 나타나고 있습니다.""]"
259960,크래프톤,2025-12-01,252000,Sell,75,"[""현재가가 52주 최저가와 동일하며, 최근 1개월 수익률이 -8.70%로 하락세를 보이고 있습니다."", ""거래량 변화율이 -13.13%로 감소하는 추세는 매도 압력이 지속될 가능성을 시사합니다."", ""PER 9.1, PBR 1.71은 절대적으로 고평가라고 보기는 어렵지만, 기술적 지표의 하락 추세가 재무 지표의 긍정적 신호를 압도하고 있습니다.""]"
247540,에코프로비엠,2023-01-02,93400,Sell,75,"[""최근 1개월 수익률이 -18.85%로 하락세를 보이고 있으며, 거래량 변화율 또한 -34.26%로 감소하여 투자 심리가 위축된 것으로 판단됩니다."", ""현재가가 52주 최고가 대비 약 31% 하락한 위치에 있으며, 52주 내 현재 위치가 25.5%로 낮은 편에 속해 추가 하락 가능성을 시사합니다."", ""ROE가 7.5%로 낮은 수준이며, PER 21.3, PBR 1.59 대비 수익성이 부진하여 현재 주가 수준이 고평가되었을 가능성이 있습니다.""]"
247540,에코프로비엠,2023-02-01,109200,Sell,75,"[""최근 1개월 수익률이 18.57%로 높았으나, 거래량 변화율이 -5.35%로 감소하는 추세를 보이며 매도 압력이 존재할 가능성을 시사합니다."", ""현재가 109,200원은 52주 최고가 135,900원 대비 약 19.6% 하락한 수준으로, 단기적으로 상승 모멘텀이 약화될 수 있습니다."", ""PER 24.9, PBR 1.86, ROE 7.5%의 재무 지표는 시장 평균 대비 고평가 여부를 판단하기 어렵지만, 최근 주가 상승 이후 밸류에이션 부담이 작용할 수 있습니다.""]"
247540,에코프로비엠,2023-03-02,159700,Sell,75,"[""최근 1개월 수익률이 60.02%로 매우 높으며, 52주 최고가 대비 현재 위치가 91.8%로 상승 여력이 제한적입니다."", ""거래량 변화율이 340.35%로 급증한 것은 단기적인 과열 신호일 수 있으며, 이는 향후 조정 가능성을 시사합니다."", ""PER 36.4, PBR 2.72, ROE 7.5%의 재무 지표는 현재 주가가 기업의 내재 가치 대비 고평가되었을 가능성을 보여줍니다.""]"
247540,에코프로비엠,2023-04-03,232000,Sell,75,"[""현재가(232,000원)가 52주 최고가(235,000원)에 매우 근접하여 추가 상승 여력이 제한적일 수 있습니다."", ""PER(80.5) 및 PBR(16.64) 지표가 시장 평균 대비 높은 수준으로 밸류에이션 부담이 존재합니다."", ""최근 1개월 수익률(27.40%)이 높음에도 불구하고, 52주 내 현재 위치가 98.0%에 달해 단기 과열 가능성을 시사합니다.""]"
247540,에코프로비엠,2023-05-02,267000,Sell,75,"[""현재가(267,000원)가 52주 최고가(296,000원) 대비 높은 수준(86.0%)에 위치하여 추가 상승 여력이 제한적일 수 있습니다."", ""PER(92.7) 및 PBR(19.15) 지표가 높아 현재 기업 가치가 고평가되었을 가능성이 있습니다."", ""최근 1개월 수익률(18.93%)이 높았으나, 거래량 변화율(-14.47%)이 감소하는 추세는 단기적인 매수세 약화를 시사할 수 있습니다.""]"
247540,에코프로비엠,2023-06-01,249500,Sell,75,"[""최근 1개월 수익률이 -6.55%로 하락세를 보이고 있으며, 거래량 변화율 또한 -63.34%로 감소하여 투자 심리가 위축된 것으로 판단됩니다."", ""현재가(249,500원)가 52주 최고가(296,000원) 대비 약 15.7% 하락한 수준이지만, 52주 최저가(88,100원) 대비로는 여전히 높은 수준에 위치하여 추가 하락 가능성을 배제할 수 없습니다."", ""PER 97.3, PBR 17.36 등 높은 밸류에이션 지표는 현재 주가 수준이 기업의 내재 가치 대비 고평가되었을 가능성을 시사하며, 이는 향후 주가 조정의 요인이 될 수 있습니다.""]"
247540,에코프로비엠,2023-07-03,263500,Sell,75,"[""현재가(263,500원)가 52주 최고가(296,000원) 대비 84.4% 수준으로, 단기 상승 여력이 제한적일 수 있습니다."", ""PER(102.8) 및 PBR(18.33) 지표가 시장 평균 대비 높은 수준으로, 밸류에이션 부담이 존재합니다."", ""최근 1개월 수익률(5.61%)은 긍정적이나, 거래량 변화율(-6.87%)은 매도 압력이 존재할 가능성을 시사합니다.""]"
247540,에코프로비엠,2023-08-01,408500,Sell,75,"[""현재 PER 159.4, PBR 28.42는 높은 밸류에이션 부담을 시사하며, 이는 향후 주가 상승 여력을 제한할 수 있습니다."", ""최근 1개월 수익률 55.03%와 거래량 변화율 199.70%는 단기 급등 후 차익 실현 매물이 출회될 가능성을 높입니다."", ""52주 최고가 대비 현재 위치 85.7%는 추가 상승보다는 조정 가능성에 무게를 둡니다.""]"
247540,에코프로비엠,2023-09-01,308500,Sell,75,"[""최근 1개월 수익률이 -18.92%로 하락세를 보이고 있으며, 거래량 변화율 또한 -69.43%로 감소하여 투자 심리가 위축되었음을 시사합니다."", ""현재 PER 129.1, PBR 20.54로 밸류에이션 부담이 높은 수준이며, 이는 향후 주가 상승 여력을 제한할 수 있습니다."", ""52주 최고가 대비 현재 위치가 59.0%로, 상승 추세가 둔화되었거나 조정 국면에 진입했을 가능성을 배제할 수 없습니다.""]"
247540,에코프로비엠,2023-10-04,235000,Sell,75,"[""최근 1개월 수익률이 -27.58%로 큰 폭의 하락세를 보이고 있으며, 거래량 변화율 또한 -26.71%로 감소하는 추세는 투자 심리 위축을 시사합니다."", ""현재 PER 98.4배, PBR 15.64배는 코스닥 시장 평균 대비 높은 수준으로, 밸류에이션 부담이 존재합니다."", ""52주 최고가 대비 현재 위치가 39.3%로, 상당한 하락 조정을 거쳤음에도 불구하고 단기적인 반등 모멘텀이 약한 것으로 판단됩니다.""]"
247540,에코프로비엠,2023-11-01,188600,Sell,75,"[""최근 1개월 수익률이 -25.89%로 큰 폭의 하락세를 보이고 있어 단기적인 하락 추세가 지속될 가능성이 있습니다."", ""현재가(188,600원)는 52주 최고가(462,000원) 대비 26.1% 수준으로, 52주 내에서 상대적으로 높은 위치에 있지만 최근 하락세를 감안하면 추가 하락 가능성을 배제할 수 없습니다."", ""PER(79.0)과 PBR(12.55) 지표가 상대적으로 높아 밸류에이션 부담이 존재하며, 이는 향후 주가 상승 여력을 제한할 수 있습니다.""]"
247540,에코프로비엠,2023-12-01,280000,Sell,75,"[""현재 PER 201.4배는 동종 업계 평균 대비 높은 수준으로 밸류에이션 부담이 존재합니다."", ""최근 1개월 수익률 29.03%와 거래량 변화율 41.77%는 단기 급등 후 차익 실현 매물이 출회될 가능성을 시사합니다."", ""52주 최고가 대비 현재 위치가 50.8%로, 상승 여력 대비 하락 위험이 상대적으로 높아 보입니다.""]"
247540,에코프로비엠,2024-01-02,283500,Sell,75,"[""현재 PER 204.0, PBR 18.57은 동종 업계 평균 대비 높은 수준으로 밸류에이션 부담이 존재합니다."", ""ROE 9.1%는 밸류에이션 수준에 비해 낮은 편으로, 수익성 대비 고평가 가능성을 시사합니다."", ""최근 1개월 수익률 5.19%는 긍정적이나, 52주 최고가 대비 현재 위치가 51.7%로 상승 여력 대비 하락 위험이 더 커 보입니다.""]"
247540,에코프로비엠,2024-02-01,228000,Sell,65,"[""최근 1개월 수익률이 -16.02%로 하락세를 보이고 있으며, 52주 최고가 대비 현재 위치가 35.4%로 절반 이상 하락한 상태입니다."", ""PER 164.0, PBR 14.93으로 높은 밸류에이션 수준을 유지하고 있어 추가 상승 여력이 제한적일 수 있습니다."", ""거래량 변화율이 5.09%로 큰 변동성을 보이지 않아 단기적인 매수세 유입이 강하지 않음을 시사합니다.""]"
247540,에코프로비엠,2024-03-04,270000,Sell,75,"[""현재 PER 194.2, PBR 17.68은 높은 밸류에이션을 시사하며, 이는 향후 주가 상승에 부담으로 작용할 수 있습니다."", ""최근 1개월 수익률이 22.73%로 높았으나, 거래량 변화율이 -7.65%로 감소하는 추세는 단기적인 매수세 약화를 나타낼 수 있습니다."", ""52주 최고가 대비 현재 위치가 37.4%로, 상승 여력이 제한적일 수 있다는 점을 고려할 때 단기적인 하락 가능성을 배제할 수 없습니다.""]"
247540,에코프로비엠,2024-04-01,270500,Sell,65,"[""현재가 270,500원은 52주 최고가 462,000원 대비 상당한 하락폭을 보이며, 52주 내 현재 위치가 30.0%로 낮은 편입니다."", ""최근 1개월 수익률이 1.50%로 미미한 수준이며, 거래량 변화율이 -28.36%로 감소하는 추세는 투자 심리 위축을 시사합니다."", ""PER이 '해당없음(적자)'이고 PBR이 19.29로 높은 수준임에도 불구하고, ROE가 N/A%로 수익성이 부재한 점은 밸류에이션 부담을 높입니다.""]"
247540,에코프로비엠,2024-05-02,233000,Sell,75,"[""최근 1개월 수익률이 -13.86%로 하락세를 보이고 있으며, 거래량 변화율 또한 -21.37%로 감소하여 투자 심리가 위축된 것으로 판단됩니다."", ""PER이 '해당없음(적자)'으로 재무 건전성에 대한 우려가 있으며, PBR이 16.62로 높은 수준임을 감안할 때 현재 주가 수준이 고평가되었을 가능성이 있습니다."", ""52주 최고가 대비 현재 위치가 16.2%로, 52주 내에서 상당한 하락을 경험했음에도 불구하고 최근 하락세가 지속되고 있어 추가 하락 가능성이 존재합니다.""]"
247540,에코프로비엠,2024-06-03,188000,Sell,75,"[""최근 1개월 수익률이 -21.17%로 큰 폭의 하락세를 보이고 있어 단기적인 하락 추세가 지속될 가능성이 있습니다."", ""현재가가 52주 최저가에 근접한 185,800원 대비 0.8% 높은 수준으로, 추가 하락 여력이 존재할 수 있습니다."", ""PER이 '해당없음(적자)'으로 재무 건전성에 대한 우려가 있으며, 이는 주가 하락 압력으로 작용할 수 있습니다.""]"
247540,에코프로비엠,2024-07-01,188500,Sell,65,"[""현재가(188,500원)가 52주 최저가(178,000원)에 근접해 있어 추가 하락 가능성이 존재합니다."", ""PER이 적자 상태로 재무적 안정성이 낮으며, PBR이 13.37로 높은 편입니다."", ""최근 1개월 수익률이 1.45%로 미미한 수준이며, 거래량 변화율이 26.37%로 변동성이 커지고 있습니다.""]"
247540,에코프로비엠,2024-08-01,185100,Sell,65,"[""최근 1개월 수익률이 마이너스(-)를 기록하며 약세를 보이고 있습니다."", ""거래량 변화율 또한 마이너스(-)를 기록하며 매도 압력이 존재함을 시사합니다."", ""현재가가 52주 최고가 대비 상당 부분 하락한 위치에 있으며, 52주 내 현재 위치가 3.9%로 낮은 편입니다.""]"
247540,에코프로비엠,2024-09-02,181800,Sell,65,"[""현재가(181,800원)가 52주 최저가(164,900원) 대비 높은 수준에 위치하며, 52주 최고가(344,500원) 대비로는 상당한 하락폭을 기록하고 있어 추가 하락 가능성을 시사합니다."", ""최근 1개월 수익률이 -1.78%로 약세를 보이고 있으며, 이는 단기적인 매도 압력이 존재함을 나타냅니다."", ""PER이 '해당없음(적자)'으로 재무 건전성에 대한 우려가 있으며, PBR이 12.69로 높은 수준임을 감안할 때 현재 주가 수준이 기업의 내재가치 대비 고평가되었을 가능성이 있습니다.""]"
247540,에코프로비엠,2024-10-02,190100,Sell,65,"[""현재 PER이 적자 상태로 산출되지 않아 기업 가치 평가에 어려움이 있으며, PBR이 13.27로 높은 수준임을 고려할 때 밸류에이션 부담이 존재합니다."", ""52주 최고가 대비 현재 위치가 23.0%로, 52주 내에서 상승 여력보다는 하락 위험이 상대적으로 높아 보입니다."", ""최근 1개월 수익률이 15.14%로 단기 상승세를 보였으나, 이는 향후 20거래일 동안의 상승을 보장하는 근거가 되기 어렵고, 오히려 차익 실현 매물 출회 가능성을 시사합니다.""]"
247540,에코프로비엠,2024-11-01,169700,Sell,75,"[""최근 1개월 수익률이 -8.02%로 하락세를 보이고 있으며, 거래량 변화율 또한 -27.20%로 감소하여 투자 심리가 위축된 것으로 판단됩니다."", ""52주 최고가 대비 현재 주가 위치가 11.7%로, 52주 내에서 상대적으로 높은 수준에 위치하여 추가 상승 여력이 제한적일 수 있습니다."", ""PER이 '해당없음(적자)'으로 재무 건전성에 대한 우려가 존재하며, 이는 향후 주가 하락 압력으로 작용할 수 있습니다.""]"
247540,에코프로비엠,2024-12-02,137500,Sell,75,"[""최근 1개월 수익률이 -18.97%로 하락세를 보이고 있으며, 이는 단기적인 하락 압력을 시사합니다."", ""52주 최고가 대비 현재 위치가 6.4%로, 52주 최저가(124,500원)에 근접해 있어 추가 하락 가능성을 배제할 수 없습니다."", ""PER이 '해당없음(적자)'으로 재무 건전성에 대한 우려가 있으며, 이는 투자 심리에 부정적인 영향을 미칠 수 있습니다.""]"
247540,에코프로비엠,2025-01-02,105500,Sell,75,"[""최근 1개월 수익률이 -21.97%로 큰 폭의 하락세를 보이고 있으며, 이는 단기적인 매도 압력이 작용하고 있음을 시사합니다."", ""현재가가 52주 최저가와 동일한 수준이며, 52주 최고가 대비 현저히 낮은 위치에 있어 추가적인 하락 가능성을 배제할 수 없습니다."", ""거래량 변화율이 -19.87%로 감소하고 있어 투자자들의 관심이 줄어들고 있으며, 이는 매수세 약화로 이어질 수 있습니다.""]"
247540,에코프로비엠,2025-02-03,119000,Sell,75,"[""현재가(119,000원)가 52주 최저가(105,500원)에 근접해 있으며, 52주 최고가 대비 상당한 하락폭을 기록하고 있어 추가 하락 가능성이 있습니다."", ""PER이 '해당없음(적자)'으로 재무 건전성에 대한 우려가 존재하며, 이는 주가 상승 동력을 약화시킬 수 있습니다."", ""최근 1개월 수익률이 8.28%로 소폭 상승했으나, 거래량 변화율(27.46%)이 높다는 점은 변동성 확대 가능성을 시사하며, 이는 하락 시 더 큰 폭의 하락으로 이어질 수 있습니다.""]"
247540,에코프로비엠,2025-03-04,111900,Sell,75,"[""최근 1개월 수익률이 -14.58%로 하락세를 보이고 있으며, 52주 최고가 대비 현재 위치가 3.4%로 매우 낮은 수준에 머물러 있어 추가 하락 가능성이 있습니다."", ""PER이 '해당없음(적자)'으로 재무 건전성에 대한 우려가 있으며, 이는 주가 하락 압력으로 작용할 수 있습니다."", ""거래량 변화율이 20.25%로 증가했으나, 이는 하락 추세 속에서 매도 물량이 증가했음을 시사할 수 있습니다.""]"
247540,에코프로비엠,2025-04-01,95700,Sell,75,"[""최근 1개월 수익률이 -19.58%로 하락 추세를 보이고 있으며, 거래량 변화율 또한 -35.48%로 감소하여 매도 압력이 지속될 가능성이 높습니다."", ""현재가가 52주 최저가와 동일한 수준으로, 기술적으로 추가 하락 가능성을 시사합니다."", ""PER이 '해당없음(적자)'으로 재무 건전성에 대한 우려가 있으며, 이는 주가 하락의 요인이 될 수 있습니다.""]"
247540,에코프로비엠,2025-05-02,104500,Sell,75,"[""최근 1개월 수익률이 14.46%로 양호하나, 52주 최고가 대비 현재 위치가 8.7%로 매우 낮아 추가 상승 여력이 제한적일 수 있습니다."", ""거래량 변화율이 -30.75%로 감소 추세를 보이며 이는 투자 심리 위축 또는 매도 압력 증가를 시사할 수 있습니다."", ""PER이 '해당없음(적자)'으로 재무 건전성에 대한 우려가 있으며, PBR 5.97은 기업의 순자산 가치 대비 높은 수준으로 평가될 수 있습니다.""]"
247540,에코프로비엠,2025-06-02,89000,Sell,75,"[""최근 1개월 수익률이 -13.09%로 하락세를 보이고 있으며, 52주 최고가 대비 현재 위치가 낮아 추가 하락 가능성이 있습니다."", ""PER이 '해당없음(적자)'으로 재무 건전성에 대한 우려가 존재합니다."", ""PBR이 5.14로 자산 가치 대비 고평가된 측면이 있어 하락 압력으로 작용할 수 있습니다.""]"
247540,에코프로비엠,2025-07-01,102000,Sell,75,"[""현재가(102,000원)는 52주 최고가(198,900원) 대비 상당한 하락을 보였으나, 52주 최저가(81,200원) 대비로는 여전히 높은 수준에 위치하여 추가 하락 가능성을 시사합니다."", ""PER이 '해당없음(적자)'으로 재무 건전성에 대한 우려가 있으며, 이는 향후 주가 상승 동력 약화로 이어질 수 있습니다."", ""최근 1개월 수익률이 13.33%로 양호한 흐름을 보였으나, 거래량 변화율(27.41%)이 이를 뒷받침하는 강한 매수세를 의미한다고 단정하기 어렵고, 전반적인 재무 지표의 약세가 부담으로 작용할 수 있습니다.""]"
247540,에코프로비엠,2025-08-01,107300,Sell,65,"[""현재가 107,300원은 52주 최고가 194,000원 대비 상당한 하락폭을 보이며, 52주 내 현재 위치가 23.1%로 낮은 편입니다."", ""최근 1개월 수익률이 1.04%로 미미하며, 거래량 변화율이 -4.00%로 감소하는 추세는 매수세 약화를 시사합니다."", ""PER이 '해당없음(적자)'이고 ROE가 N/A%로 기업의 수익성이 부진한 상황에서 PBR 6.20배는 고평가 논란의 여지가 있습니다.""]"
247540,에코프로비엠,2025-09-01,119900,Sell,75,"[""현재가(119,900원)는 52주 최고가(193,000원) 대비 상당한 하락폭을 보이고 있으며, 52주 내 현재 위치(34.6%)는 하락 추세의 가능성을 시사합니다."", ""최근 1개월 수익률(7.92%)은 긍정적이나, 거래량 변화율(38.12%)이 높다는 점은 단기적인 변동성 확대 및 차익 실현 매물 출회의 가능성을 내포합니다."", ""PER이 '해당없음(적자)'으로 재무 건전성에 대한 우려가 있으며, PBR 7.21은 기업의 순자산 가치 대비 높은 수준으로, 추가적인 하락 압력으로 작용할 수 있습니다.""]"
247540,에코프로비엠,2025-10-01,112600,Sell,75,"[""최근 1개월 수익률이 -5.93%로 하락세를 보이고 있으며, 거래량 변화율 또한 -40.04%로 감소하여 투자 심리가 위축된 것으로 판단됩니다."", ""현재가(112,600원)는 52주 최고가(193,000원) 대비 약 41.9% 하락한 수준으로, 추가적인 하락 가능성을 시사합니다."", ""PER이 '해당없음(적자)'으로 재무 건전성에 대한 우려가 있으며, PBR 6.77은 자산 가치 대비 고평가 가능성을 내포하고 있습니다.""]"
247540,에코프로비엠,2025-11-03,164900,Sell,75,"[""현재가(164,900원)가 52주 최고가(182,000원) 대비 높은 수준(83.0%)에 위치하여 추가 상승 여력이 제한적일 수 있습니다."", ""최근 1개월 수익률(43.27%)과 거래량 변화율(280.12%)이 매우 높게 나타나 단기 급등 후 차익 실현 매물이 출회될 가능성이 있습니다."", ""PER이 '해당없음(적자)'으로 재무 건전성에 대한 우려가 존재하며, PBR 9.92배는 높은 수준으로 밸류에이션 부담이 있습니다.""]"
247540,에코프로비엠,2025-12-01,158900,Sell,75,"[""현재가(158,900원)가 52주 최고가(174,100원) 대비 높은 수준(83.6%)에 위치하여 추가 상승 여력이 제한적일 수 있습니다."", ""최근 1개월 수익률이 -0.69%로 약세를 보이고 있으며, 거래량 변화율이 -65.77%로 급감한 것은 투자 심리 위축을 시사합니다."", ""PER 5125.8, PBR 9.27, ROE 0.2% 등 재무 지표가 매우 높은 밸류에이션을 나타내고 있어, 현재 주가 수준을 정당화할 만한 성장성이 단기적으로 뒷받침되지 못할 경우 하락 압력이 발생할 수 있습니다.""]"
196170,알테오젠,2023-01-02,39600,Neutral,55,"[""현재가(39,600원)는 52주 최저가(28,694원) 대비 상승했으나 52주 최고가(63,810원) 대비로는 상당한 하락폭을 보이며, 52주 내 현재 위치가 31.1%로 하단에 가까워 상승 여력과 하락 위험이 공존합니다."", ""최근 1개월 수익률이 3.26%로 소폭 상승했으나 거래량 변화율이 -5.88%로 감소하여 상승 동력이 약화되었음을 시사합니다."", ""PER(101.8) 및 PBR(11.19) 지표는 현재 주가가 기업의 이익 및 자산 가치 대비 고평가되었음을 나타내며, 이는 향후 주가 상승에 부담으로 작용할 수 있습니다.""]"
196170,알테오젠,2023-02-01,38050,Sell,75,"[""현재가 38,050원은 52주 최고가 63,810원 대비 상당한 하락 수준에 있으며, 52주 내 현재 위치가 26.6%로 낮은 편입니다."", ""최근 1개월 수익률이 -0.52%로 약세를 보이고 있으며, 거래량 변화율이 -39.91%로 크게 감소한 점은 투자 심리 위축을 시사합니다."", ""PER 97.8, PBR 10.75 등 높은 밸류에이션 지표 대비 ROE 11.0%는 상대적으로 낮은 수익성을 나타내어 추가 상승 여력이 제한적일 수 있습니다.""]"
196170,알테오젠,2023-03-02,36400,Sell,65,"[""현재가(36,400원)는 52주 최고가(63,810원) 대비 상당한 하락폭을 보이고 있으며, 52주 내 현재 위치(21.9%)는 낮은 편에 속합니다."", ""최근 1개월 수익률이 -0.82%로 약세를 보이고 있어 단기적인 추가 하락 가능성을 시사합니다."", ""PER(93.6)과 PBR(10.29) 지표가 높아 현재 주가가 기업의 내재가치 대비 고평가되었을 가능성이 있습니다.""]"
196170,알테오젠,2023-04-03,39150,Buy,65,"[""최근 1개월 수익률이 6.10%로 긍정적인 흐름을 보이고 있으며, 거래량 변화율이 47.28%로 증가하며 매수세 유입 가능성을 시사합니다."", ""현재가가 52주 최저가 대비 약 36% 상승한 위치에 있어, 단기적인 반등 모멘텀이 작용할 수 있습니다."", ""PBR이 13.79로 높은 편이나, 적자 기업임을 감안할 때 현재가 수준에서 추가적인 급락보다는 기술적 반등을 기대해 볼 수 있습니다.""]"
196170,알테오젠,2023-05-02,43550,Buy,75,"[""최근 1개월 수익률이 9.84%로 양호하며, 거래량 변화율이 100.13%로 크게 증가하여 매수세 유입 가능성을 시사합니다."", ""현재가가 52주 최고가 대비 약 32% 하락한 수준으로, 기술적 반등 가능성이 존재합니다."", ""PBR이 15.34로 다소 높은 편이나, 적자 기업임을 감안할 때 현재 주가 수준에서 추가적인 급락보다는 상승 여력이 있다고 판단됩니다.""]"
196170,알테오젠,2023-06-01,52800,Buy,75,"[""최근 1개월 수익률이 21.38%로 강한 상승세를 보이고 있으며, 현재 주가가 52주 최고가 대비 68.7% 수준으로 상승 여력이 남아있습니다."", ""PBR이 19.61로 다소 높지만, 이는 성장성을 반영하는 지표로 해석될 수 있으며, 적자 기업임을 감안할 때 기술적 분석에 집중하는 것이 합리적입니다."", ""거래량 변화율이 음수(-47.21%)인 점은 단기적인 차익 실현 매물이 출회되었음을 시사하나, 최근 1개월의 긍정적인 수익률 추세를 고려할 때 추가 상승 가능성이 있습니다.""]"
196170,알테오젠,2023-07-03,43050,Sell,65,"[""최근 1개월 수익률이 -18.47%로 하락세를 보이고 있으며, 거래량 변화율 또한 -19.13%로 감소하는 추세입니다."", ""현재가가 52주 최고가 대비 약 40.9% 낮은 수준에 위치해 있어 추가 하락 가능성을 시사합니다."", ""PER이 해당없음(적자)이고 PBR이 15.99로 높은 수준임을 고려할 때, 현재 주가 수준에 대한 재무적 부담이 존재합니다.""]"
196170,알테오젠,2023-08-01,44050,Neutral,55,"[""현재가(44,050원)가 52주 최저가(28,694원) 대비 상승했으나 52주 최고가(63,810원) 대비로는 상당한 하락폭을 보이며 방향성 판단이 유보됨."", ""최근 1개월 수익률(2.32%)과 거래량 변화율(6.38%)은 소폭 상승세를 나타내지만, 이는 향후 20거래일의 추세를 강하게 지지하기에는 제한적인 근거임."", ""PER이 해당없음(적자)이고 PBR이 16.36으로 높아 밸류에이션 부담이 존재하며, ROE 정보가 없어 수익성 측면에서의 명확한 판단이 어려움.""]"
196170,알테오젠,2023-09-01,43750,Sell,65,"[""현재 PER 303.8배는 동종 업계 평균 대비 높은 수준으로 밸류에이션 부담이 존재합니다."", ""ROE 4.5%는 낮은 수준으로 기업의 수익성 개선이 더딘 것으로 판단됩니다."", ""최근 1개월 수익률은 양호하나, 거래량 변화율이 음수이며 52주 최고가 대비 현재 위치가 61.0%로 상승 여력이 제한적일 수 있습니다.""]"
196170,알테오젠,2023-10-04,65300,Sell,75,"[""최근 1개월 수익률이 42.73%로 매우 높고, 거래량 변화율이 607.66%로 급증한 것은 단기 급등 후 차익 실현 매물이 출회될 가능성을 시사합니다."", ""현재가(65,300원)가 52주 최고가(81,000원) 대비 약 19% 하락한 수준이지만, 52주 내 현재 위치가 70.0%로 여전히 높은 편이며, 이는 추가 상승 여력보다는 단기 고점 형성 후 조정 가능성을 높입니다."", ""PER 453.5, PBR 20.40 등 밸류에이션 지표가 매우 높은 수준으로, 현재 주가 수준이 기업의 내재 가치 대비 과대평가되었을 가능성이 있으며, 이는 향후 주가 하락 압력으로 작용할 수 있습니다.""]"
196170,알테오젠,2023-11-01,62800,Sell,65,"[""최근 1개월 수익률이 -0.79%로 약세를 보이고 있으며, 거래량 변화율이 -56.39%로 크게 감소하여 투자 심리가 위축되었음을 시사합니다."", ""PER 436.1, PBR 19.62로 현재 주가가 기업의 이익 및 자산 가치 대비 상당히 고평가된 상태입니다."", ""ROE 4.5%로 낮은 수준이며, 52주 최고가 대비 현재 위치가 62.9%로 상승 여력 대비 하락 위험이 상대적으로 높아 보입니다.""]"
196170,알테오젠,2023-12-01,82600,Sell,75,"[""현재가가 52주 최고가와 동일하며, 이는 단기적인 상승 모멘텀이 소진되었을 가능성을 시사합니다."", ""최근 1개월 수익률이 높음에도 불구하고 거래량 변화율이 음수(-)인 점은 추가적인 매수세 유입이 약화되고 있음을 나타냅니다."", ""PER 594.2, PBR 26.86 등 높은 밸류에이션 지표는 현재 주가에 대한 부담이 크다는 것을 보여주며, ROE 4.5% 대비 높은 밸류에이션은 재무적 성과 대비 고평가 가능성을 내포합니다.""]"
196170,알테오젠,2024-01-02,91500,Buy,75,"[""최근 1개월 수익률이 16.41%로 강한 상승세를 보이고 있으며, 52주 최고가 대비 현재 위치가 89.5%로 상승 여력이 남아있습니다."", ""거래량 변화율이 6.09%로 긍정적인 움직임을 나타내고 있어 추가적인 주가 상승 가능성을 시사합니다."", ""PER 658.3, PBR 29.76, ROE 4.5% 등 재무 지표는 고평가 구간에 있으나, 기술적 지표의 긍정적인 흐름이 단기적인 주가 상승을 지지할 가능성이 있습니다.""]"
196170,알테오젠,2024-02-01,71400,Sell,75,"[""최근 1개월 수익률이 -21.11%로 하락세를 보이고 있으며, 거래량 변화율 또한 -25.39%로 감소하여 투자 심리가 위축되었음을 시사합니다."", ""현재가(71,400원)가 52주 최고가(98,500원) 대비 약 27.5% 하락한 수준이지만, 52주 최저가(32,000원) 대비로는 여전히 높은 수준에 위치하여 추가 하락 가능성을 배제할 수 없습니다."", ""PER 513.7, PBR 23.22 등 높은 밸류에이션 지표는 현재 주가 수준이 기업의 내재 가치 대비 고평가되었을 가능성을 시사하며, 이는 향후 주가 조정의 요인이 될 수 있습니다.""]"
196170,알테오젠,2024-03-04,167200,Sell,75,"[""현재가가 52주 최고가와 동일하며, 단기간 급등 후 추가 상승 동력이 약할 수 있습니다."", ""최근 1개월 수익률이 106.93%로 매우 높으며, 이는 단기 차익 실현 매물 출회 가능성을 시사합니다."", ""PER 1202.9, PBR 54.37 등 밸류에이션 지표가 매우 높아 현재 주가 수준이 과도하게 고평가되었을 가능성이 있습니다.""]"
196170,알테오젠,2024-04-01,186300,Buy,75,"[""최근 1개월 수익률이 16.00%로 강한 상승세를 보이고 있으며, 52주 최고가 대비 현재 위치가 81.8%로 상승 여력이 남아있다고 판단됩니다."", ""거래량 변화율이 -20.04%로 감소했으나, 이는 단기적인 조정일 수 있으며 이전의 강한 상승 모멘텀을 고려할 때 추가 상승 가능성이 있습니다."", ""PER이 '해당없음(적자)'이고 PBR이 66.68로 높은 편이나, 이는 성장주 특성을 반영하는 것으로 현재 주가 상승 모멘텀이 재무 지표의 부담을 상쇄할 수 있습니다.""]"
196170,알테오젠,2024-05-02,180800,Sell,75,"[""최근 1개월 수익률이 마이너스(-)를 기록하며 약세를 보이고 있습니다."", ""거래량 변화율이 마이너스(-)를 기록하며 투자 심리가 위축된 것으로 판단됩니다."", ""현재가가 52주 최고가 대비 높은 수준에 위치해 있어 추가 상승 여력이 제한적일 수 있습니다.""]"
196170,알테오젠,2024-06-03,199000,Sell,75,"[""현재가(199,000원)가 52주 최고가(219,500원) 대비 높은 수준(88.7%)에 위치하여 추가 상승 여력이 제한적일 수 있습니다."", ""PER(409.5) 및 PBR(62.27) 지표가 매우 높아 현재 주가가 기업의 내재가치 대비 고평가되었을 가능성을 시사합니다."", ""최근 1개월 수익률(12.49%)은 긍정적이나, 거래량 변화율(0.16%)이 미미하여 강한 상승 모멘텀을 확인하기 어렵습니다.""]"
196170,알테오젠,2024-07-01,277500,Sell,75,"[""현재가(277,500원)가 52주 최고가(289,500원)에 근접한 95.2% 수준에 위치하여 단기 상승 여력이 제한적일 수 있습니다."", ""PER(571.0) 및 PBR(86.83) 지표가 매우 높아 현재 주가가 기업의 내재가치 대비 고평가되었을 가능성을 시사합니다."", ""최근 1개월 수익률(54.17%)이 매우 높게 나타나 단기 차익 실현 매물이 출회될 가능성이 있습니다.""]"
196170,알테오젠,2024-08-01,319000,Sell,75,"[""현재가(319,000원)가 52주 최고가(320,500원)에 매우 근접하여 추가 상승 여력이 제한적일 수 있습니다."", ""최근 1개월 수익률이 23.40%로 높지만, 거래량 변화율이 -22.13%로 감소하는 추세는 매수세 약화를 시사합니다."", ""PER(656.4) 및 PBR(99.82) 지표가 매우 높아 현재 주가가 기업의 내재가치 대비 고평가되었을 가능성이 있습니다.""]"
196170,알테오젠,2024-09-02,322000,Sell,75,"[""현재가가 52주 최고가와 동일하며, 이는 단기적인 상승 모멘텀이 소진되었을 가능성을 시사합니다."", ""최근 1개월 수익률이 0.94%로 매우 낮고 거래량 변화율이 음수(-6.97%)인 점은 투자자들의 관심이 줄어들고 있음을 나타냅니다."", ""PBR이 91.91로 매우 높아 기업의 내재가치 대비 고평가 상태이며, 이는 향후 주가 하락 압력으로 작용할 수 있습니다.""]"
196170,알테오젠,2024-10-02,336000,Sell,75,"[""현재가(336,000원)가 52주 최고가(363,000원)에 근접한 91.2% 수준에 위치하여 추가 상승 여력이 제한적일 수 있습니다."", ""최근 1개월 수익률(5.33%) 대비 거래량 변화율(-34.73%)이 큰 폭으로 하락하여 매도 압력이 존재할 가능성이 있습니다."", ""PER이 해당없음(적자)이고 PBR이 95.90으로 매우 높아 기업의 현재 재무 상태 대비 고평가 논란이 있을 수 있습니다.""]"
196170,알테오젠,2024-11-01,356500,Buy,75,"[""최근 1개월 수익률이 9.02%로 긍정적인 흐름을 보이고 있습니다."", ""52주 최고가 대비 현재 위치가 88.0%로 상승 여력이 남아있다고 판단됩니다."", ""거래량 변화율이 음수(-34.58%)이나, 이는 단기적인 조정 후 상승을 위한 준비 과정일 수 있습니다.""]"
196170,알테오젠,2024-12-02,302000,Sell,75,"[""최근 1개월 수익률이 -15.29%로 하락세를 보이고 있으며, 이는 단기적인 투자 심리 위축을 시사합니다."", ""PER이 '해당없음(적자)'으로 재무 건전성에 대한 우려가 존재하며, 이는 주가 상승 동력을 약화시킬 수 있습니다."", ""거래량 변화율이 247.35%로 급증했으나, 최근 수익률 하락과 함께 나타난 점은 매도 압력 증가 가능성을 시사합니다.""]"
196170,알테오젠,2025-01-02,300000,Sell,75,"[""현재가(300,000원)가 52주 최고가(445,500원) 대비 상당 부분 하락한 위치에 있으며, 52주 최저가(71,400원) 대비로는 높은 수준이지만 최근 상승세가 둔화될 가능성을 시사합니다."", ""최근 1개월 수익률이 7.14%로 양수이나, 거래량 변화율이 -35.13%로 크게 감소한 것은 단기적인 매수세 약화 및 차익 실현 욕구 증가를 나타낼 수 있습니다."", ""PBR이 89.68로 매우 높아 기업의 내재가치 대비 고평가 논란이 있을 수 있으며, 적자 기업임을 감안할 때 추가적인 주가 상승 동력이 약할 수 있습니다.""]"
196170,알테오젠,2025-02-03,352500,Buy,75,"[""최근 1개월 수익률이 16.92%로 강한 상승세를 보이고 있어 단기적인 모멘텀이 유지될 가능성이 있습니다."", ""현재가가 52주 최고가 대비 약 24.9% 하락한 수준이지만, 52주 최저가 대비로는 높은 위치에 있어 추가 상승 여력이 존재합니다."", ""거래량 변화율이 음수(-51.25%)인 점은 단기적인 차익 실현 매물이 출회되었음을 시사하나, 이는 오히려 가격 조정을 거친 후 재상승의 기회가 될 수 있습니다.""]"
196170,알테오젠,2025-03-04,400000,Buy,75,"[""최근 1개월 수익률이 7.67%로 긍정적인 흐름을 보이고 있습니다."", ""현재가가 52주 최고가 대비 약 12.7% 하락한 수준으로, 추가 상승 여력이 존재할 수 있습니다."", ""거래량 변화율이 4.99%로 긍정적인 수급 신호를 나타내고 있습니다.""]"
196170,알테오젠,2025-04-01,371500,Sell,75,"[""현재 PER 317.0, PBR 72.40으로 밸류에이션 부담이 매우 높은 수준입니다."", ""최근 1개월 수익률이 -4.01%로 하락세를 보이고 있으며, 이는 단기적인 매도 압력을 시사합니다."", ""거래량 변화율이 65.23%로 높게 나타나지만, 이는 최근 주가 하락과 맞물려 매도세가 강하게 유입되었을 가능성을 배제할 수 없습니다.""]"
196170,알테오젠,2025-05-02,356500,Sell,65,"[""최근 1개월 수익률이 마이너스(-)를 기록하며 단기적인 하락 추세를 보이고 있습니다."", ""거래량 변화율이 크게 감소한 것은 투자 심리 위축 또는 매도세 약화 가능성을 시사합니다."", ""PER 304.2, PBR 69.48 등 높은 밸류에이션 지표는 현재 주가 수준에 대한 부담감을 나타냅니다.""]"
196170,알테오젠,2025-06-02,350000,Sell,65,"[""현재가 기준 52주 최고가 대비 하락폭이 크고, 최근 1개월 수익률이 마이너스를 기록하며 하락 추세가 관찰됩니다."", ""PER 149.8, PBR 50.67은 높은 밸류에이션을 시사하며, ROE 33.8% 대비 과도한 수준으로 판단됩니다."", ""거래량 변화율이 마이너스를 기록하며 투자자들의 관심이 다소 줄어들고 있음을 나타냅니다.""]"
196170,알테오젠,2025-07-01,372500,Buy,75,"[""최근 1개월 수익률 11.36%로 단기 상승 모멘텀이 확인됩니다."", ""거래량 변화율 17.93%는 시장의 관심 증가 및 매수세 유입 가능성을 시사합니다."", ""현재가(372,500원)가 52주 최저가(255,000원) 대비 높은 수준이지만, 52주 최고가(445,500원) 대비로는 상승 여력이 남아있습니다.""]"
196170,알테오젠,2025-08-01,422000,Buy,75,"[""ROE 33.8%는 높은 수익성을 시사하며, 이는 주가 상승의 긍정적 요인으로 작용할 수 있습니다."", ""최근 1개월 수익률 6.03%와 거래량 변화율 16.81%는 시장의 관심과 매수세가 유입되고 있음을 나타냅니다."", ""현재가가 52주 최고가 대비 약 13% 하락한 422,000원이며, 52주 내 현재 위치가 70.2%로 상승 여력이 남아있다고 판단됩니다.""]"
196170,알테오젠,2025-09-01,455000,Neutral,55,"[""현재가(455,000원)는 52주 최고가(490,000원) 대비 하락 여력이 있으나, 52주 최저가(277,000원) 대비로는 상당한 상승을 기록하여 밸류에이션 부담이 존재합니다."", ""PER(256.8) 및 PBR(70.63) 지표는 매우 높은 수준으로, 현재 주가가 기업의 내재가치 대비 고평가되었을 가능성을 시사합니다."", ""최근 1개월 수익률(0.22%)이 매우 낮고 거래량 변화율(-24.77%)이 음수임을 감안할 때, 단기적인 매수세 유입이 약하며 주가 상승 동력이 부족할 수 있습니다.""]"
196170,알테오젠,2025-10-01,458000,Sell,75,"[""현재가 458,000원은 52주 최고가 507,000원에 근접한 수준으로, 단기 차익 실현 매물 출회 가능성이 존재합니다."", ""최근 1개월 수익률이 -0.97%로 약세를 보이고 있으며, 이는 향후 주가 상승 동력이 약화될 수 있음을 시사합니다."", ""PER 258.5, PBR 71.09는 높은 밸류에이션을 나타내며, 이는 향후 주가 상승 여력을 제한할 수 있습니다.""]"
196170,알테오젠,2025-11-03,523000,Sell,75,"[""현재가가 52주 최고가와 동일하며, 이는 단기적인 상승 모멘텀이 약화될 가능성을 시사합니다."", ""최근 1개월 수익률이 17.00%로 높지만, 거래량 변화율이 -6.77%로 감소하는 것은 매수세 약화를 나타낼 수 있습니다."", ""PER 295.1, PBR 81.18은 현재 주가가 기업의 이익 및 자산 가치 대비 상당히 고평가되었음을 보여주며, 이는 향후 조정 가능성을 높입니다.""]"
196170,알테오젠,2025-12-01,542000,Sell,75,"[""현재가(542,000원)가 52주 최고가(559,000원)에 근접하여 추가 상승 여력이 제한적일 수 있습니다."", ""PER(229.2) 및 PBR(77.33) 지표가 매우 높아 현재 주가가 기업의 내재가치 대비 고평가되었을 가능성이 있습니다."", ""최근 1개월 수익률(10.95%)과 거래량 변화율(31.54%)은 긍정적이나, 52주 내 현재 위치(94.0%)와 높은 밸류에이션 지표를 고려할 때 단기 차익 실현 매물이 출회될 가능성이 있습니다.""]"
034020,두산에너빌리티,2023-01-02,15250,Sell,75,"[""최근 1개월 수익률이 -8.96%로 하락세를 보이고 있으며, 거래량 변화율 또한 -36.72%로 감소하여 투자 심리가 위축된 것으로 판단됩니다."", ""현재가(15,250원)는 52주 최고가(23,350원) 대비 약 35% 하락한 수준이며, 52주 내 현재 위치가 24.6%로 낮은 편에 속해 추가 하락 가능성을 시사합니다."", ""ROE가 0.7%로 매우 낮은 수준이며, PER이 138.6으로 높아 기업의 수익성에 비해 고평가된 측면이 있어 향후 주가 상승 동력이 약할 것으로 예상됩니다.""]"
034020,두산에너빌리티,2023-02-01,16530,Neutral,60,"[""최근 1개월 수익률이 7.34%로 긍정적인 흐름을 보이고 있으며, 거래량 변화율도 14.73%로 증가하는 추세를 나타내고 있습니다."", ""현재가가 52주 최저가 대비 36.6% 상승한 위치에 있어 추가 상승 여력에 대한 불확실성이 존재합니다."", ""PER 150.3, ROE 0.7% 등 재무 지표상 밸류에이션 부담이 높고 수익성이 낮아 단기적인 주가 상승을 강하게 지지하기 어렵습니다.""]"
034020,두산에너빌리티,2023-03-02,16580,Sell,65,"[""현재 PER이 150.7로 매우 높아 밸류에이션 부담이 존재합니다."", ""ROE가 0.7%로 매우 낮아 수익성이 부진한 상황입니다."", ""최근 1개월 수익률이 -0.72%로 약세를 보이고 있으며, 거래량 변화율도 -13.17%로 감소하는 추세입니다.""]"
034020,두산에너빌리티,2023-04-03,17060,Neutral,55,"[""PER이 적자 상태로 산출되지 않아 기업의 수익성 측면에서 현재 가치 평가가 어렵습니다."", ""52주 내 현재 위치가 44.4%로 중간 지점에 위치하며, 52주 최고가 대비 하락폭이 56%에 달해 상승 여력과 하락 위험이 공존합니다."", ""최근 1개월 수익률이 2.03%로 소폭 상승했으나, 거래량 변화율이 93.09%로 크게 증가한 점은 단기적인 변동성 확대 가능성을 시사하며 방향성을 명확히 판단하기 어렵습니다.""]"
034020,두산에너빌리티,2023-05-02,16130,Sell,65,"[""현재 PER이 적자 상태로 산출되지 않아 재무적 부담이 존재함을 시사합니다."", ""최근 1개월 수익률이 -5.12%로 하락세를 보이고 있어 단기적인 투자 심리가 위축되었음을 나타냅니다."", ""52주 최고가 대비 현재 위치가 35.1%로, 상승 여력보다는 하락 위험이 상대적으로 높아 보입니다.""]"
034020,두산에너빌리티,2023-06-01,16200,Sell,65,"[""현재가(16,200원)가 52주 최고가(22,650원) 대비 상당한 하락폭을 보이고 있으며, 52주 내 현재 위치(35.8%) 또한 하단에 가까워 추가 하락 가능성을 시사합니다."", ""최근 1개월 수익률이 -2.94%로 마이너스를 기록하고 있으며, 거래량 변화율이 -49.60%로 크게 감소한 것은 투자 심리 위축 및 매도 압력을 나타낼 수 있습니다."", ""PER이 '해당없음(적자)'으로 재무 건전성에 대한 우려가 존재하며, 이는 주가 상승 동력을 약화시키는 요인으로 작용할 수 있습니다.""]"
034020,두산에너빌리티,2023-07-03,18100,Buy,75,"[""최근 1개월 수익률이 11.73%로 양호하며, 거래량 변화율이 110.19%로 크게 증가하여 매수세 유입 가능성을 시사합니다."", ""현재가가 52주 최저가 대비 54.7% 지점에 위치하여 추가 상승 여력이 존재할 수 있습니다."", ""PBR 1.57은 자산 가치 대비 과도한 고평가는 아니며, 적자 기업임에도 불구하고 시장에서 일정 수준의 가치를 인정받고 있음을 나타냅니다.""]"
034020,두산에너빌리티,2023-08-01,17500,Sell,65,"[""최근 1개월 수익률이 마이너스이며 거래량 변화율 또한 감소하는 추세를 보여 단기적인 하락 압력이 존재합니다."", ""PER이 적자 상태로 재무적 불확실성이 존재하며, 이는 주가 상승 모멘텀을 약화시킬 수 있습니다."", ""52주 최고가 대비 현재 위치가 절반 수준에 머물러 있어 추가적인 상승 여력보다는 하락 가능성에 무게가 실립니다.""]"
034020,두산에너빌리티,2023-09-01,17470,Neutral,55,"[""PER이 적자로 산출되지 않아 기업의 수익성 측면에서 현재 주가 수준의 적정성을 판단하기 어렵습니다."", ""PBR 1.50은 자산 가치 대비 주가가 높지 않으나, 적자 기업임을 감안할 때 추가 상승 여력은 제한적일 수 있습니다."", ""최근 1개월 수익률이 마이너스이고 거래량 변화율 또한 감소하여 단기적인 매도 압력이 존재할 수 있으나, 52주 내 현재 위치가 중간 수준에 있어 명확한 하락 추세로 단정하기는 어렵습니다.""]"
034020,두산에너빌리티,2023-10-04,15770,Sell,65,"[""최근 1개월 수익률이 -11.15%로 하락세를 보이고 있어 단기적인 하락 압력이 존재합니다."", ""PER이 적자로 산출되지 않아 기업의 수익성이 불안정함을 시사합니다."", ""52주 최고가 대비 현재 위치가 47.3%로 절반 수준에 머물러 있어 추가적인 상승 동력이 약할 수 있습니다.""]"
034020,두산에너빌리티,2023-11-01,13460,Sell,75,"[""최근 1개월 수익률이 -17.57%로 큰 폭의 하락세를 보이고 있으며, 이는 단기적인 매도 압력이 작용하고 있음을 시사합니다."", ""거래량 변화율이 -39.85%로 감소한 것은 투자자들의 관심이 줄어들고 있음을 나타내며, 이는 향후 주가 상승 동력 약화로 이어질 수 있습니다."", ""현재가가 52주 최저가에 근접한 12,950원 대비 8.0% 높은 수준으로, 추가적인 하락 가능성을 배제할 수 없습니다.""]"
034020,두산에너빌리티,2023-12-01,15270,Neutral,65,"[""최근 1개월 수익률이 9.78%로 긍정적인 흐름을 보이고 있으나, 거래량 변화율이 -23.98%로 감소하여 상승 동력 약화 가능성을 시사합니다."", ""PER이 적자 상태로 재무적 불확실성이 존재하며, PBR 1.30은 자산 가치 대비 프리미엄이 크지 않음을 나타냅니다."", ""52주 최고가 대비 현재 위치가 31.5%로 상승 여력이 남아있으나, 적자 기업이라는 점과 거래량 감소는 하락 가능성도 배제할 수 없게 합니다.""]"
034020,두산에너빌리티,2024-01-02,16010,Neutral,55,"[""PER이 적자 상태로 산출되지 않아 기업의 수익성 측면에서 현재 가치 평가가 어렵습니다."", ""최근 1개월 수익률이 6.24%로 긍정적인 흐름을 보이고 있으나, 52주 최고가 대비 현재 위치가 44.0%로 상승 여력과 하락 위험이 공존합니다."", ""거래량 변화율이 0.18%로 미미하여 현재 시장 참여자들의 명확한 방향성을 파악하기 어렵습니다.""]"
034020,두산에너빌리티,2024-02-01,15380,Sell,65,"[""현재 PER이 적자 상태로 산출되지 않아 재무적 매력도가 낮습니다."", ""최근 1개월 수익률이 마이너스(-)를 기록하고 있으며, 거래량 변화율 또한 감소 추세를 보이고 있어 단기적인 하락 압력이 존재합니다."", ""현재 주가가 52주 최고가 대비 상당 부분 하락한 위치에 있지만, 52주 최저가 대비로는 중간 지점보다 높은 위치에 있어 추가 하락 가능성을 배제할 수 없습니다.""]"
034020,두산에너빌리티,2024-03-04,15770,Buy,75,"[""최근 1개월 수익률이 4.92%로 긍정적인 흐름을 보이고 있으며, 거래량 변화율이 39.06%로 증가하는 추세는 매수세 유입 가능성을 시사합니다."", ""현재가가 52주 최저가 대비 약 40% 지점에 위치하여 추가 상승 여력이 존재할 수 있습니다."", ""PBR 1.35는 자산 가치 대비 현재 주가가 과도하게 고평가되지 않았음을 나타냅니다.""]"
034020,두산에너빌리티,2024-04-01,17270,Sell,75,"[""PER 198.5, ROE 0.8%는 현재 주가가 기업의 이익 창출 능력에 비해 고평가되었음을 시사합니다."", ""최근 1개월 수익률 6.34%는 긍정적이나, 52주 최고가 대비 현재 위치가 65.5%로 상승 여력이 제한적일 수 있습니다."", ""거래량 변화율 154.92%는 단기적인 관심 증가를 나타낼 수 있으나, 재무 지표의 부담으로 인해 상승 동력이 약할 수 있습니다.""]"
034020,두산에너빌리티,2024-05-02,16500,Sell,65,"[""최근 1개월 수익률이 -4.46%로 하락세를 보이고 있으며, 거래량 변화율 또한 -52.33%로 크게 감소하여 투자 심리가 위축되었음을 시사합니다."", ""현재 PER 189.7배는 동종 업계 평균 대비 높은 수준일 가능성이 있으며, ROE 0.8%는 낮은 수익성을 나타내어 밸류에이션 부담이 존재합니다."", ""52주 최고가 대비 현재 주가 위치가 52.6%로 중간 수준이지만, 최근 하락 추세와 낮은 수익성을 고려할 때 단기적인 추가 하락 가능성이 있습니다.""]"
034020,두산에너빌리티,2024-06-03,20750,Buy,75,"[""최근 1개월 수익률이 23.51%로 강한 상승세를 보이고 있으며, 52주 최고가 대비 현재 위치가 87.5%로 상승 여력이 남아있습니다."", ""거래량 변화율이 275.13%로 급증하며 매수세가 유입되고 있음을 시사합니다."", ""PER 102.2, PBR 1.81, ROE 1.8% 등 재무 지표는 다소 부담스러울 수 있으나, 기술적 지표의 강한 상승 모멘텀이 단기적인 주가 상승을 지지할 것으로 판단됩니다.""]"
034020,두산에너빌리티,2024-07-01,19950,Sell,75,"[""현재 PER 98.3배는 동종 업계 평균 대비 높은 수준으로 밸류에이션 부담이 존재합니다."", ""최근 1개월 수익률이 -3.16%로 하락세를 보이고 있으며, 거래량 변화율 또한 -25.70%로 감소하여 투자 심리가 위축된 것으로 판단됩니다."", ""52주 최고가 대비 현재 주가 위치가 77.9%로 상승 여력이 제한적이며, 52주 최저가 대비 상승폭이 이미 상당 부분 반영되었습니다.""]"
034020,두산에너빌리티,2024-08-01,18710,Sell,75,"[""PER 92.2배, ROE 1.8%로 수익성 대비 밸류에이션이 높은 수준으로 판단됩니다."", ""최근 1개월 수익률이 -2.86%로 하락세를 보이고 있으며, 52주 최고가 대비 현재 위치가 59.9%로 상승 여력이 제한적일 수 있습니다."", ""거래량 변화율이 107.73%로 높게 나타나 단기적인 변동성 확대 가능성이 있으나, 긍정적인 상승 모멘텀으로 이어질지는 불확실합니다.""]"
034020,두산에너빌리티,2024-09-02,17890,Sell,65,"[""최근 1개월 수익률이 -4.38%로 하락세를 보이고 있으며, 거래량 변화율이 -73.22%로 급감하여 투자 심리가 위축되었음을 시사합니다."", ""PER 72.1, ROE 2.1%는 현재 기업 가치 대비 수익성이 낮음을 나타내어 주가 상승 동력이 약할 수 있습니다."", ""52주 최고가 대비 현재 위치가 50.6%로 중간 수준에 머물러 있어, 단기적인 추가 상승보다는 조정 가능성이 존재합니다.""]"
034020,두산에너빌리티,2024-10-02,17310,Sell,65,"[""최근 1개월 수익률이 -6.33%로 하락세를 보이고 있으며, 거래량 변화율 또한 -26.67%로 감소하여 투자 심리가 위축된 것으로 판단됩니다."", ""PER 69.8배는 동종 업계 평균 대비 높은 수준으로, 현재 주가가 기업의 수익성에 비해 고평가되었을 가능성을 시사합니다."", ""ROE 2.1%는 낮은 수준으로, 기업의 수익 창출 능력이 저조함을 나타내며 이는 주가 상승 동력 약화로 이어질 수 있습니다.""]"
034020,두산에너빌리티,2024-11-01,19980,Buy,75,"[""최근 1개월 수익률 11.56%와 거래량 변화율 188.26%는 긍정적인 모멘텀을 시사합니다."", ""현재 주가가 52주 최고가 대비 약 25.7% 하락한 74.3% 위치에 있어 추가 상승 여력이 존재할 수 있습니다."", ""PER 80.6, PBR 1.69, ROE 2.1%는 현재 시장에서 높은 밸류에이션을 받고 있음을 나타내지만, 이는 향후 성장 기대감을 반영한 것일 수 있습니다.""]"
034020,두산에너빌리티,2024-12-02,20700,Sell,75,"[""현재 PER 161.7배는 동종 업계 평균 대비 높은 수준으로 밸류에이션 부담이 존재합니다."", ""ROE 1.1%는 낮은 수준으로 기업의 수익성이 저조함을 시사합니다."", ""최근 1개월 수익률은 3.60%로 소폭 상승했으나, 거래량 변화율이 -12.90%로 감소하며 상승 동력이 약화될 가능성을 내포하고 있습니다.""]"
034020,두산에너빌리티,2025-01-02,18060,Sell,75,"[""최근 1개월 수익률이 -14.61%로 하락세를 보이고 있으며, 거래량 변화율 또한 -9.28%로 감소하는 추세입니다."", ""PER 141.1, ROE 1.1%는 현재 주가가 기업의 수익성에 비해 고평가되었음을 시사합니다."", ""52주 최고가 대비 현재 위치가 46.0%로, 상승 여력보다는 하락 위험이 상대적으로 높아 보입니다.""]"
034020,두산에너빌리티,2025-02-03,23350,Buy,75,"[""최근 1개월 수익률이 30.74%로 강한 상승세를 보이고 있으며, 52주 최고가 대비 현재 위치가 87.0%로 상승 여력이 남아있습니다."", ""거래량 변화율이 29.15%로 증가하며 매수세가 유입되고 있음을 시사합니다."", ""PER이 182.4로 다소 높지만, PBR 2.01과 ROE 1.1%는 현재 주가 수준에서 추가적인 상승 가능성을 배제하기 어렵게 합니다.""]"
034020,두산에너빌리티,2025-03-04,25500,Buy,75,"[""최근 1개월 수익률 6.69%와 거래량 변화율 45.51%는 긍정적인 모멘텀을 시사합니다."", ""현재 주가가 52주 최고가 대비 약 15.8% 하락한 70% 수준에 위치하여 추가 상승 여력이 존재할 수 있습니다."", ""PER 199.2, PBR 2.20, ROE 1.1%는 다소 높은 밸류에이션을 나타내지만, 단기적인 기술적 지표의 강세가 이를 상쇄할 가능성이 있습니다.""]"
034020,두산에너빌리티,2025-04-01,23850,Sell,65,"[""최근 1개월 수익률이 -6.10%로 하락세를 보이고 있으며, 거래량 변화율 또한 -40.81%로 감소하여 투자 심리가 위축된 것으로 판단됩니다."", ""PER 137.1, PBR 2.04, ROE 1.5%의 재무 지표는 현재 주가가 기업의 수익성에 비해 고평가되었을 가능성을 시사합니다."", ""52주 최고가 대비 현재 위치가 59.6%로, 상승 여력보다는 하락 위험이 상대적으로 높아 보입니다.""]"
034020,두산에너빌리티,2025-05-02,27700,Sell,75,"[""PER 159.2, ROE 1.5%로 재무 지표상 고평가 및 낮은 수익성으로 인해 주가 상승 여력이 제한적입니다."", ""최근 1개월 수익률이 15.66%로 단기 급등 후 거래량 변화율이 -23.10%로 감소하며 차익 실현 매물이 출회될 가능성이 있습니다."", ""52주 최고가 대비 현재 위치가 83.3%로 높은 수준에 있어 추가 상승보다는 조정 가능성이 존재합니다.""]"
034020,두산에너빌리티,2025-06-02,40950,Buy,75,"[""최근 1개월 수익률이 41.70%로 강한 상승세를 보이고 있으며, 52주 최고가 대비 현재 위치가 94.7%로 상승 여력이 남아있습니다."", ""거래량 변화율이 137.83%로 크게 증가하여 시장의 관심이 집중되고 있음을 시사합니다."", ""PBR이 3.45로 자산 가치 대비 높은 수준이지만, 최근의 강한 상승 모멘텀과 거래량 증가는 단기적인 추가 상승 가능성을 높입니다.""]"
034020,두산에너빌리티,2025-07-01,62500,Buy,75,"[""최근 1개월 수익률이 48.10%로 매우 높은 상승세를 보이고 있으며, 52주 최고가 대비 현재 위치가 87.9%로 상승 추세가 강하게 나타나고 있습니다."", ""거래량 변화율이 12.30%로 긍정적인 흐름을 보이며, 이는 매수세 유입 가능성을 시사합니다."", ""PER이 해당없음(적자)이고 ROE가 N/A%로 재무 건전성에 대한 우려가 있으나, 기술적 지표 상의 강한 상승 모멘텀이 단기적인 주가 상승을 견인할 가능성이 높습니다.""]"
034020,두산에너빌리티,2025-08-01,61400,Sell,65,"[""현재가가 52주 최고가 대비 85.9% 수준으로, 단기적으로 추가 상승 여력이 제한적일 수 있습니다."", ""최근 1개월 수익률이 -0.81%로 약세를 보이고 있으며, 거래량 변화율 또한 -40.87%로 감소하여 투자 심리가 위축되었을 가능성이 있습니다."", ""PER이 '해당없음(적자)'으로 재무 건전성에 대한 우려가 존재하며, 이는 주가 하락 압력으로 작용할 수 있습니다.""]"
034020,두산에너빌리티,2025-09-01,59600,Sell,75,"[""최근 1개월 수익률이 -9.15%로 하락세를 보이고 있어 단기적인 하락 압력이 존재합니다."", ""PER이 '해당없음(적자)'으로 재무 건전성에 대한 우려가 있으며, 이는 주가 상승의 제약 요인이 될 수 있습니다."", ""52주 최고가 대비 현재 위치가 81.5%로 높은 편이지만, 최근 하락세를 감안할 때 추가적인 조정 가능성이 있습니다.""]"
034020,두산에너빌리티,2025-10-01,64600,Buy,75,"[""52주 최고가 대비 현재 위치가 90.8%로 높은 수준을 유지하며 상승 추세를 지지하고 있습니다."", ""최근 1개월 수익률이 6.95%로 긍정적인 흐름을 보이고 있습니다."", ""거래량 변화율이 음수(-28.57%)이지만, 이는 단기적인 조정 가능성을 시사할 뿐 전반적인 상승 모멘텀을 훼손할 정도는 아닙니다.""]"
034020,두산에너빌리티,2025-11-03,89500,Buy,75,"[""최근 1개월 수익률이 41.84%로 강한 상승세를 보이고 있으며, 52주 최고가 대비 현재 위치가 91.3%로 상승 여력이 남아있습니다."", ""거래량 변화율이 50.47%로 증가하며 매수세가 유입되고 있음을 시사합니다."", ""PBR이 7.56으로 다소 높지만, 이는 현재 시장에서 기업의 성장 기대감이 반영된 것으로 해석될 수 있습니다.""]"
034020,두산에너빌리티,2025-12-01,74900,Sell,75,"[""최근 1개월 수익률이 -15.56%로 하락세를 보이고 있으며, 거래량 변화율 또한 -40.68%로 감소하여 투자 심리가 위축되었음을 시사합니다."", ""PER이 '해당없음(적자)'으로 재무 건전성에 대한 우려가 존재하며, 이는 향후 주가 상승 동력을 약화시킬 수 있습니다."", ""현재가가 52주 최고가 대비 약 72.9% 수준에 위치해 있어 단기적인 상승 여력이 제한적일 수 있습니다.""]"
