ticker,name,signal_date,price,signal,confidence,reasons
005930,삼성전자,2023-01-02,55500,Sell,75,"[""최근 1개월 수익률이 -11.34%로 하락세를 보이고 있으며, 거래량 변화율 또한 -18.94%로 감소하여 투자 심리가 위축된 것으로 판단됩니다."", ""2022년 3분기 영업이익이 전년 동기 대비 -31.4% 감소하며 수익성 악화가 나타났습니다."", ""현재가가 52주 최고가 대비 10.4% 낮은 수준에 위치하며 하락 추세가 이어질 가능성이 있습니다.""]"
005930,삼성전자,2023-02-01,61800,Buy,75,"[""최근 1개월 수익률이 11.75%로 양호하며, 거래량 변화율이 47.34%로 증가하는 추세는 긍정적입니다."", ""애널리스트 리포트에서 제시된 목표주가들이 현재가(61,800원) 대비 상승 여력을 시사하고 있습니다."", ""부채비율 36.4%와 영업현금흐름 43.6조원으로 재무 안정성이 우수하며, 이는 잠재적 하락 위험을 완화합니다.""]"
005930,삼성전자,2023-03-02,60800,Sell,75,"[""최근 1개월 수익률이 마이너스이고 거래량 변화율 또한 감소하는 추세로 단기적인 매도 압력이 감지됩니다."", ""애널리스트 리포트에서 제시된 목표주가들이 현재가(60,800원) 대비 상승 여력이 제한적이거나 일부는 하락 가능성을 내포하고 있습니다."", ""2022년 3분기 영업이익이 전년 동기 대비 큰 폭으로 감소한 점은 향후 실적에 대한 우려를 제기합니다.""]"
005930,삼성전자,2023-04-03,63100,Neutral,55,"[""최근 1개월 수익률은 4.30%로 긍정적이나, 52주 최고가 대비 현재 위치가 60.7%로 상승 여력에 대한 불확실성이 존재합니다."", ""애널리스트 리포트 목표주가는 75,000원 ~ 82,000원으로 현재가 대비 상승 여력이 있으나, '우려대비 부진한 반도체' 리포트 등 부정적 의견도 혼재되어 있습니다."", ""2022년 연간 영업이익이 전년 대비 16.0% 감소한 점은 향후 실적 개선에 대한 의구심을 남깁니다.""]"
005930,삼성전자,2023-05-02,65700,Buy,75,"[""최근 1개월 수익률 2.66%와 거래량 변화율 18.24%는 긍정적인 수급 신호를 나타냅니다."", ""애널리스트 리포트에서 제시된 목표주가들이 현재가 대비 상당한 상승 여력을 시사합니다."", ""낮은 PER(8.2)과 PBR(1.08)은 현재 주가가 기업의 내재가치 대비 저평가되었을 가능성을 보여줍니다.""]"
005930,삼성전자,2023-06-01,70900,Sell,75,"[""최근 1개월 수익률은 긍정적이나, 52주 최고가 대비 현재 위치가 높아 추가 상승 여력이 제한적일 수 있습니다."", ""2023년 1분기 매출 및 영업이익이 전년 동기 대비 큰 폭으로 감소하며 실적 부진이 지속되고 있습니다."", ""거래량 변화율이 마이너스(-)를 기록하며 매도세가 우위를 보이고 있어 단기 하락 가능성이 있습니다.""]"
005930,삼성전자,2023-07-03,73000,Sell,75,"[""최근 1개월 수익률이 2.96%로 소폭 상승했으나, 52주 최고가에 도달한 시점에서 추가 상승 동력이 약할 수 있습니다."", ""2023년 1분기 매출 및 영업이익이 전년 동기 대비 큰 폭으로 감소했으며, 영업이익률 또한 1.0%로 매우 낮은 수준입니다."", ""최근 애널리스트 리포트에서 'MX의 위기'를 언급하며 목표주가 80,000원을 제시했으나, 이는 현재가 대비 상승 여력이 제한적임을 시사합니다.""]"
005930,삼성전자,2023-08-01,71100,Buy,75,"[""최근 30일간 애널리스트 리포트에서 제시된 목표주가들이 현재가 대비 상당한 상승 여력을 시사하고 있습니다."", ""52주 최고가 대비 현재 위치가 88.9%로, 상승 추세가 지속될 가능성을 보여줍니다."", ""영업이익률이 1.0%로 낮지만, 영업현금흐름이 +6.3조원으로 견조하며 부채비율이 26.2%로 낮아 재무 안정성이 우수합니다.""]"
005930,삼성전자,2023-09-01,71000,Sell,75,"[""2023년 2분기 영업이익이 전년 동기 대비 95.3% 급감하며 수익성 악화가 두드러지고 있습니다."", ""매출 또한 전년 동기 대비 22.3% 감소하여 전반적인 사업 성장성이 둔화된 모습을 보입니다."", ""최근 1개월 수익률은 소폭 상승했으나, 거래량 변화율이 크게 하락한 점은 투자 심리 위축을 시사합니다.""]"
005930,삼성전자,2023-10-04,67500,Buy,75,"[""최근 애널리스트 리포트에서 메모리 반도체 업황 회복 및 DRAM 이익 개선 흐름을 지속적으로 언급하며 목표주가를 상향 조정하고 있어 긍정적인 전망을 제시하고 있습니다."", ""최근 1개월 수익률이 0.60%로 소폭 상승세를 보이고 있으며, 거래량 변화율이 32.09%로 증가하여 투자 심리가 개선될 가능성을 시사합니다."", ""PER 8.4, PBR 1.11로 현재 주가가 기업의 내재가치 대비 저평가되어 있을 가능성이 있으며, ROE 13.2%는 양호한 수익성을 나타냅니다.""]"
005930,삼성전자,2023-11-01,68600,Buy,75,"[""최근 30일간 애널리스트 리포트에서 제시된 목표주가 평균 91,250원은 현재가 68,600원 대비 상당한 상승 여력을 시사합니다."", ""2분기 실적 부진에도 불구하고, 3분기 잠정실적 발표 이후 메모리 반도체 턴어라운드 및 우려보다 양호한 실적에 대한 긍정적인 분석이 다수 존재합니다."", ""PER 8.5, PBR 1.13, ROE 13.3% 등 재무 지표가 시장 평균 대비 매력적인 수준은 아니지만, 52주 최고가 대비 현재 위치가 73.5%로 하락보다는 상승 가능성에 무게가 실립니다.""]"
005930,삼성전자,2023-12-01,72000,Sell,75,"[""최근 1개월 수익률은 3.30%로 긍정적이나, 거래량 변화율이 -16.55%로 감소하며 매도 압력이 감지됩니다."", ""52주 최고가 대비 현재 위치가 92.3%로 높아 추가 상승 여력이 제한적일 수 있습니다."", ""최근 애널리스트 리포트에서 목표주가가 상향 조정되고 있으나, 3분기 실적은 전년 동기 대비 매출 및 영업이익이 크게 감소하여 단기적인 실적 개선 모멘텀이 약할 수 있습니다.""]"
005930,삼성전자,2024-01-02,79600,Buy,75,"[""최근 1개월 수익률 9.49%와 거래량 변화율 11.79%는 긍정적인 모멘텀을 시사합니다."", ""52주 최고가와 현재가가 일치하며, 이는 주가 상승 추세가 지속될 가능성을 보여줍니다."", ""HBM3 고객 확대 본격화에 대한 애널리스트 리포트는 향후 실적 개선에 대한 기대를 높입니다.""]"
005930,삼성전자,2024-02-01,73600,Neutral,65,"[""최근 1개월 수익률이 마이너스(-)를 기록하며 단기적인 하락 압력이 존재하나, 52주 최고가 대비 현재 위치가 70.9%로 여전히 상승 여력이 남아있습니다."", ""애널리스트 리포트에서 제시된 목표주가들이 현재가 대비 상승 여력을 시사하고 있으나, 4분기 실적이 기대 이하라는 분석도 존재하여 방향성에 대한 불확실성이 있습니다."", ""재무지표 상 PER, PBR, ROE는 양호한 수준이나, 2023년 3분기 매출 및 영업이익이 전년 동기 대비 큰 폭으로 감소한 점은 향후 실적에 대한 우려를 남깁니다.""]"
005930,삼성전자,2024-03-04,74900,Buy,75,"[""메모리 중심의 수익성 회복 지속 전망과 목표주가 상향 리포트가 긍정적인 신호로 작용합니다."", ""현재가(74,900원)는 52주 최고가(79,600원) 대비 하락한 수준으로, 추가 상승 여력이 존재할 수 있습니다."", ""견조한 영업현금흐름(+24.2조원)과 낮은 부채비율(24.9%)은 재무 안정성을 뒷받침합니다.""]"
005930,삼성전자,2024-04-01,82000,Buy,75,"[""최근 1개월 수익률이 11.72%로 양호하며, 거래량 변화율도 38.21%로 증가하여 상승 모멘텀이 감지됩니다."", ""애널리스트 리포트에서 메모리 반도체 업황 개선에 대한 긍정적인 전망과 함께 목표주가가 현재가 대비 상승 여력을 시사하고 있습니다."", ""52주 최고가에 근접한 현재 위치(98.0%)는 추가적인 상승 가능성을 시사합니다.""]"
005930,삼성전자,2024-05-02,78000,Buy,75,"[""최근 30일간 발행된 애널리스트 리포트에서 모두 긍정적인 전망과 함께 목표주가가 현재가 대비 상당한 상승 여력을 제시하고 있습니다."", ""2023년 연간 실적은 전년 대비 매출 및 영업이익이 감소했으나, 영업현금흐름이 +44.1조원으로 매우 견조하며 부채비율 또한 25.4%로 안정적인 재무구조를 보여주고 있습니다."", ""현재가는 52주 최고가 대비 약 8.7% 하락한 수준이며, 52주 내 현재 위치가 66.4%로 상승 추세에 대한 잠재력이 존재합니다.""]"
005930,삼성전자,2024-06-03,75700,Buy,75,"[""2024년 1분기 전년 동기 대비 931.9% 증가한 영업이익은 강력한 실적 개선세를 시사하며 향후 주가 상승의 근거가 될 수 있습니다."", ""부채비율 26.6%와 11.9조원의 영업현금흐름은 우수한 재무 안정성을 보여주어 투자 리스크를 낮춥니다."", ""현재가는 52주 최고가 대비 약 11.7% 하락한 수준으로, 1분기 실적 개선 모멘텀을 고려할 때 추가 상승 여력이 존재할 수 있습니다.""]"
005930,삼성전자,2024-07-01,81800,Buy,75,"[""최근 1개월 수익률 11.29%로 단기 상승 모멘텀이 확인되며, 52주 최고가 대비 현재 위치가 높아 추가 상승 여력이 존재합니다."", ""2024년 1분기 매출 및 영업이익이 전년 동기 대비 크게 증가하며 실적 개선세를 보이고 있습니다."", ""애널리스트 리포트에서 목표주가가 현재가 대비 높게 제시되고 있으며, AI 모멘텀 및 업사이클 지속 가능성이 언급되고 있습니다.""]"
005930,삼성전자,2024-08-01,83100,Buy,75,"[""최근 30일간 발표된 5건의 애널리스트 리포트 모두 긍정적인 전망과 함께 목표주가를 현재가 대비 상향 제시하고 있습니다."", ""2024년 1분기 실적이 전년 동기 대비 매출 및 영업이익이 크게 증가하며 수익성 개선을 보여주고 있습니다."", ""부채비율이 26.6%로 낮고 영업현금흐름이 11.9조원으로 우수한 재무 안정성을 확보하고 있습니다.""]"
005930,삼성전자,2024-09-02,74400,Buy,75,"[""최근 1개월 수익률 -10.47% 및 거래량 변화율 -7.31%로 과도한 주가 하락이 관찰되었으며, 이는 애널리스트 리포트에서 매수 기회로 판단하는 근거가 됩니다."", ""2024년 2분기 실적에서 매출액이 전년 동기 대비 23.4% 증가하고 영업이익이 1462.2% 급증하는 등 견조한 성장세를 보였습니다."", ""부채비율 26.7%와 영업현금흐름 +28.8조원으로 재무 안정성이 우수하여 실적 개선에 따른 주가 반등 가능성이 있습니다.""]"
005930,삼성전자,2024-10-02,61300,Sell,75,"[""최근 1개월 수익률이 -19.76%로 큰 폭의 하락세를 보이고 있으며, 52주 최고가 대비 현재가 0.0% 위치는 하락 추세의 시작 또는 지속 가능성을 시사합니다."", ""애널리스트 리포트에서 3분기 실적 둔화 및 일회성 비용 반영 가능성이 언급되고 있어 단기적인 주가 상승 모멘텀이 약할 수 있습니다."", ""PER 28.8은 절대적으로 높은 수준은 아니지만, ROE 3.4% 대비 높은 편이며, 이는 현재 주가가 기업의 수익성에 비해 고평가되었을 가능성을 내포합니다.""]"
005930,삼성전자,2024-11-01,58300,Sell,75,"[""최근 1개월 수익률이 -5.20%로 하락세를 보이고 있으며, 거래량 변화율 또한 -5.98%로 감소하여 투자 심리가 위축된 것으로 판단됩니다."", ""52주 최고가 대비 현재 위치가 7.5%로, 52주 최저가(55,900원)에 근접한 58,300원이라는 점은 추가 하락 가능성을 시사합니다."", ""애널리스트 리포트에서 HBM3E 8단 인증 성공 여부가 핵심이며, 3분기 실적 리뷰에서 '지켜지지 못한 약속들', '일회성 비용과 파운드리 적자 확대' 등의 부정적인 언급이 있어 단기적인 주가 상승 모멘텀이 약하다고 판단됩니다.""]"
005930,삼성전자,2024-12-02,53600,Sell,75,"[""최근 1개월 수익률이 -8.06%로 하락세를 보이고 있으며, 52주 최고가 대비 현재 위치가 9.8%로 낮은 편입니다."", ""애널리스트 리포트에서 '아직 본격 매수 시기는 아닌 듯'이라는 의견이 있으며, 목표주가 역시 현재가 대비 상승 여력이 제한적입니다."", ""PER 25.1, ROE 3.4%는 현재 주가가 기업의 수익성에 비해 다소 고평가되었을 가능성을 시사합니다.""]"
005930,삼성전자,2025-01-02,53400,Sell,75,"[""최근 1개월 수익률이 마이너스이며 거래량 변화율이 크게 하락한 점은 부정적인 신호입니다."", ""최근 30일간 발표된 애널리스트 리포트에서 목표주가가 지속적으로 하향 조정되고 있으며, 실적 컨센서스 하향 조정 필요성이 언급되고 있습니다."", ""현재가가 52주 최고가 대비 상당 부분 하락해 있으며, 52주 내 현재 위치가 낮은 점은 추가 하락 가능성을 시사합니다.""]"
005930,삼성전자,2025-02-03,51000,Sell,75,"[""최근 1개월 수익률이 -4.85%로 하락세를 보이고 있으며, 거래량 변화율 또한 -2.86%로 감소하는 추세입니다."", ""최근 애널리스트 리포트에서 4분기 실적이 예상치를 하회했다는 분석이 다수이며, 목표주가 역시 하향 조정되는 경향을 보입니다."", ""현재가(51,000원)가 52주 최고가(87,800원) 대비 크게 하락한 위치에 있으며, 52주 최저가(49,900원)에 근접하고 있어 추가 하락 가능성이 있습니다.""]"
005930,삼성전자,2025-03-04,54500,Buy,75,"[""최근 1개월 수익률 4.01%와 거래량 변화율 5.92%는 긍정적인 수급 신호를 나타냅니다."", ""2024년 3분기 실적은 전년 동기 대비 매출 및 영업이익이 크게 증가하며 견조한 성장세를 보여주고 있습니다."", ""애널리스트 리포트에서 HBM 확대 및 2025년 1분기 DS 부문 저점 통과 전망 등 향후 실적 개선에 대한 긍정적인 시각이 다수 존재합니다.""]"
005930,삼성전자,2025-04-01,58800,Buy,75,"[""최근 1개월 수익률 7.89%로 단기 상승 모멘텀이 관찰되며, 2025년 1분기 실적 전망 리포트에서 메모리 시장 회복에 대한 긍정적인 시각이 제시되었습니다."", ""2024년 연간 실적에서 매출과 영업이익이 전년 대비 큰 폭으로 증가했으며, 영업이익률 또한 개선되어 기업의 펀더멘털이 강화되었습니다."", ""부채비율 27.9%와 영업현금흐름 73.0조원으로 재무 안정성이 매우 우수하여 시장 변동성에 대한 대응력이 높습니다.""]"
005930,삼성전자,2025-05-02,54300,Sell,75,"[""최근 1개월 수익률이 -7.65%로 하락세를 보이고 있으며, 거래량 변화율 또한 -28.84%로 감소하여 투자 심리가 위축된 것으로 판단됩니다."", ""최근 애널리스트 리포트에서 제시된 목표주가들이 현재가(54,300원) 대비 상승 여력이 제한적이거나 하락 가능성을 시사하고 있습니다 (최고 84,000원, 최저 70,000원)."", ""52주 최고가 대비 현재 위치가 11.6%로, 상승 여력보다는 하락 위험이 상대적으로 높아 보입니다.""]"
005930,삼성전자,2025-06-02,56800,Neutral,55,"[""최근 1개월 수익률은 소폭 상승했으나, 52주 최고가 대비 현재 위치가 낮고 거래량 변화율이 음수임을 고려할 때 단기 상승 모멘텀이 약합니다."", ""2025년 1분기 매출 및 영업이익이 전년 동기 대비 증가하며 긍정적인 실적을 보였으나, 영업이익 증가율이 매출 증가율보다 현저히 낮아 수익성 개선 폭이 제한적입니다."", ""PER, PBR, ROE 등 재무 지표는 시장 평균 대비 우수하거나 양호한 수준이나, 목표주가 상향 조정 리포트와 달리 현재 주가 수준에서 20거래일 내 뚜렷한 상승을 기대하기에는 근거가 부족합니다.""]"
005930,삼성전자,2025-07-01,60200,Buy,75,"[""최근 1개월 수익률 7.31%와 거래량 변화율 35.36%는 긍정적인 모멘텀을 시사합니다."", ""애널리스트 리포트에서 제시된 목표주가(74,000원 ~ 79,000원)는 현재가(60,200원) 대비 상당한 상승 여력을 보여줍니다."", ""2025년 1분기 매출액이 전년 동기 대비 10.1% 증가하는 등 견조한 실적 성장세를 보이고 있으며, 부채비율 27.0%와 영업현금흐름 +16.6조원은 재무 안정성을 뒷받침합니다.""]"
005930,삼성전자,2025-08-01,68900,Buy,75,"[""최근 1개월 수익률 7.99%와 거래량 변화율 9.72%는 긍정적인 모멘텀을 시사합니다."", ""애널리스트 리포트에서 제시된 목표주가들이 현재가(68,900원) 대비 상승 여력을 보여줍니다."", ""2025년 1분기 매출 및 영업이익이 전년 동기 대비 증가했으며, 영업현금흐름이 양호하여 재무 안정성이 뒷받침됩니다.""]"
005930,삼성전자,2025-09-01,67600,Sell,75,"[""최근 1개월 수익률이 -5.32%로 하락세를 보이고 있으며, 거래량 변화율 또한 -37.16%로 감소하여 투자 심리가 위축되었음을 시사합니다."", ""2025년 2분기 영업이익이 전년 동기 대비 -55.2%로 크게 감소하여 단기적인 실적 부진이 주가에 부정적인 영향을 미칠 가능성이 높습니다."", ""PER 13.7, PBR 0.98, ROE 7.2%는 현재 시장에서 삼성전자의 가치가 과대평가되지 않았음을 나타내지만, 최근 실적 부진과 기술적 지표의 하락세를 상쇄할 만큼 강력한 상승 모멘텀을 찾기 어렵습니다.""]"
005930,삼성전자,2025-10-01,86000,Buy,75,"[""최근 1개월 수익률이 24.46%로 강한 상승세를 보이고 있으며, 52주 최고가에 근접한 위치는 추가 상승 가능성을 시사합니다."", ""최근 30일간 애널리스트 리포트에서 제시된 목표주가들이 현재가 대비 상당한 상승 여력을 보여주고 있으며, 이는 긍정적인 시장 전망을 반영합니다."", ""메모리 빅사이클 및 파운드리 회복 등 긍정적인 업황 전망이 제시되어 향후 실적 개선 기대감이 높습니다.""]"
005930,삼성전자,2025-11-03,111100,Buy,75,"[""최근 1개월 수익률이 33.37%로 강한 상승세를 보이고 있으며, 현재가가 52주 최고가와 동일한 수준에 도달했습니다."", ""다수의 애널리스트 리포트에서 긍정적인 전망과 함께 목표주가를 현재가 대비 상향 제시하고 있습니다."", ""반도체 부문의 강력한 이익 개선 전망과 AI 관련 모멘텀이 향후 주가 상승을 지지할 가능성이 높습니다.""]"
005930,삼성전자,2025-12-01,100800,Buy,75,"[""최근 2025년 3분기 실적이 매출 및 영업이익에서 전년 동기 대비 큰 폭의 성장을 기록하며 긍정적인 실적 모멘텀을 보여주고 있습니다."", ""애널리스트 리포트에서 제시된 목표주가들이 현재가 대비 상당한 상승 여력을 시사하고 있습니다."", ""부채비율이 26.6%로 매우 낮고 영업현금흐름이 56.5조원으로 견조하여 재무 안정성이 우수합니다.""]"
000660,SK하이닉스,2023-01-02,75700,Sell,75,"[""최근 1개월 수익률이 -10.63%로 하락세를 보이고 있으며, 거래량 변화율 또한 -17.96%로 감소하여 투자 심리가 위축된 것으로 판단됩니다."", ""2022년 3분기 영업이익이 전년 동기 대비 -60.3%로 크게 감소한 점은 향후 실적에 대한 우려를 나타냅니다."", ""현재가가 52주 최저가에 근접한 75,000원이며, 52주 최고가 대비 1.2% 수준에 머물러 있어 추가 하락 가능성이 존재합니다.""]"
000660,SK하이닉스,2023-02-01,91400,Sell,75,"[""최근 1개월 수익률이 21.87%로 높지만, 52주 최고가 대비 현재 위치가 28.3%로 하락 가능성을 시사합니다."", ""최근 30일간 애널리스트 리포트에서 목표주가가 현재가(91,400원) 대비 상승 여력이 제한적이거나 하락 가능성을 언급하고 있습니다."", ""2022년 3분기 실적이 전년 동기 대비 매출과 영업이익이 크게 감소하여 향후 실적 개선에 대한 불확실성이 존재합니다.""]"
000660,SK하이닉스,2023-03-02,88100,Sell,75,"[""최근 1개월 수익률이 -0.45%로 부진하며 거래량 변화율 또한 -15.46%로 감소하는 추세를 보이고 있습니다."", ""최근 30일 내 애널리스트 리포트에서 DRAM 수요 및 가격이 기대치를 하회할 것이라는 부정적인 전망이 다수 존재합니다."", ""2022년 3분기 영업이익이 전년 동기 대비 60.3% 감소하는 등 실적 둔화가 관찰됩니다.""]"
000660,SK하이닉스,2023-04-03,87200,Buy,75,"[""최근 애널리스트 리포트들이 일관되게 재고 안정화 및 바닥 탈출을 전망하며 목표주가를 현재가 대비 상향 제시하고 있습니다."", ""최근 1개월 수익률은 소폭 하락했으나, 거래량 변화율이 42.23%로 높게 나타나 투자자들의 관심이 증가하고 있음을 시사합니다."", ""2022년 연간 실적은 영업이익이 감소했으나, 매출은 소폭 증가했으며 영업현금흐름이 14.8조원으로 견조한 수준을 유지하고 있습니다.""]"
000660,SK하이닉스,2023-05-02,90200,Buy,75,"[""최근 30일간 애널리스트 리포트에서 모두 목표주가를 현재가 대비 상향 제시하며 긍정적인 전망을 내놓고 있습니다."", ""영업이익률이 15.3%로 양호하며, 영업현금흐름이 +14.8조원으로 재무 안정성이 높습니다."", ""최근 1개월 수익률이 1.81%로 소폭 상승세를 보이고 있으며, 거래량 변화율이 31.25%로 증가하여 투자 심리가 개선될 가능성이 있습니다.""]"
000660,SK하이닉스,2023-06-01,110300,Sell,75,"[""최근 1개월 수익률이 23.24%로 높고 52주 최고가에 도달했으나, 2023년 1분기 실적이 매출 및 영업이익 모두 전년 동기 대비 큰 폭으로 감소하며 적자를 기록한 점은 부정적입니다."", ""영업이익률이 -66.9%로 매우 낮고 영업현금흐름 또한 -2.0조원으로 마이너스를 기록하고 있어 재무 건전성에 대한 우려가 있습니다."", ""PER 34.0, PBR 1.24, ROE 3.6% 등의 재무 지표는 현재 주가가 기업의 실질 가치 대비 고평가되었을 가능성을 시사합니다.""]"
000660,SK하이닉스,2023-07-03,117600,Sell,75,"[""최근 1분기 실적이 전년 동기 대비 매출 및 영업이익이 크게 감소하며 적자를 기록하는 등 부정적인 재무 상태를 보이고 있습니다."", ""현재 주가가 52주 최고가에 근접한 수준(95.7%)에 위치하여 추가 상승 여력이 제한적일 수 있습니다."", ""애널리스트 리포트에서 목표주가가 제시되고 있으나, 최근 실적 부진과 기술적 지표의 부담을 고려할 때 단기적인 하락 가능성을 배제하기 어렵습니다.""]"
000660,SK하이닉스,2023-08-01,125100,Sell,75,"[""현재가(125,100원)가 52주 최고가(128,000원)에 근접한 수준으로, 단기 상승 여력이 제한적일 수 있습니다."", ""최근 1분기 실적이 매출액 -58.1%, 영업이익 -218.8%로 큰 폭의 하락세를 보였으며, 영업현금흐름 또한 마이너스를 기록하여 재무 건전성에 대한 우려가 존재합니다."", ""애널리스트 리포트에서 제시된 목표주가들이 현재가 대비 상승 여력을 시사하고 있으나, 1분기 실적 부진과 같은 부정적인 재무 지표를 고려할 때 단기적인 주가 상승보다는 조정 가능성에 무게를 두는 것이 합리적입니다.""]"
000660,SK하이닉스,2023-09-01,120000,Sell,75,"[""2023년 2분기 매출 및 영업이익이 전년 동기 대비 큰 폭으로 감소하며 수익성 악화가 지속되고 있음."", ""영업이익률이 -39.5%로 매우 낮은 수준이며, 영업현금흐름 또한 마이너스를 기록하여 재무 건전성에 대한 우려가 존재함."", ""최근 1개월 수익률이 0.42%로 미미한 반면, 거래량 변화율은 -20.07%로 감소하여 투자 심리가 위축될 가능성이 있음.""]"
000660,SK하이닉스,2023-10-04,115400,Sell,75,"[""최근 1개월 수익률이 -3.35%로 하락세를 보이고 있으며, 거래량 변화율 또한 -3.60%로 감소하는 추세입니다."", ""2023년 2분기 실적이 매출액은 소폭 증가했으나 영업이익과 순이익이 큰 폭으로 감소하며 적자를 기록했습니다."", ""영업현금흐름이 마이너스를 기록하며 재무 안정성에 대한 우려가 존재합니다.""]"
000660,SK하이닉스,2023-11-01,120300,Sell,75,"[""2분기 실적 부진(-47.1% 매출 감소, -168.7% 영업이익 감소)과 마이너스 영업이익률(-39.5%)은 단기적인 주가 상승 모멘텀을 약화시킬 수 있습니다."", ""부정적인 영업현금흐름(-6,940억원)은 재무 건전성에 대한 우려를 제기하며, 이는 투자 심리에 부정적인 영향을 미칠 수 있습니다."", ""최근 애널리스트 리포트에서 목표주가 하향 조정 의견(124,000원)이 제시되었으며, 이는 현재가(120,300원) 대비 상승 여력이 제한적임을 시사합니다.""]"
000660,SK하이닉스,2023-12-01,132600,Sell,75,"[""현재가(132,600원)가 52주 최고가(134,100원)에 근접한 97.5% 수준에 위치하여 단기 상승 여력이 제한적입니다."", ""최근 3분기 실적이 매출 감소 및 대규모 영업이익 적자를 기록하며 부정적인 재무 상태를 보여주고 있습니다."", ""최근 애널리스트 리포트 중 목표주가 125,000원을 제시한 의견이 있어 현재가 대비 하락 가능성을 시사합니다.""]"
000660,SK하이닉스,2024-01-02,142400,Sell,75,"[""최근 3분기 실적에서 매출 및 영업이익이 전년 동기 대비 큰 폭으로 감소했으며, 영업이익률 또한 마이너스를 기록하여 단기적인 실적 개선 모멘텀이 약한 것으로 판단됩니다."", ""현재가가 52주 최고가와 동일한 수준이며, 이는 단기적인 상승 여력이 제한적일 수 있음을 시사합니다."", ""애널리스트 리포트에서 제시된 목표주가들이 현재가 대비 상승 여력을 보여주지만, 이는 20거래일이라는 단기적인 관점보다는 중장기적인 관점에서 해석될 여지가 있습니다.""]"
000660,SK하이닉스,2024-02-01,132700,Sell,75,"[""최근 1개월 수익률이 -3.00%로 하락세를 보이고 있으며, 거래량 변화율 또한 -2.06%로 감소하는 추세입니다."", ""2023년 3분기 실적이 매출은 소폭 증가했으나 영업이익과 순이익이 큰 폭으로 감소하며 적자를 기록했습니다."", ""애널리스트 리포트 중 일부에서 불안한 수요와 DRAM 공급 증가에 대한 우려가 제기되고 있어 단기적인 주가 상승 동력이 약할 수 있습니다.""]"
000660,SK하이닉스,2024-03-04,166500,Buy,75,"[""최근 1개월 수익률이 21.62%로 강한 상승세를 보이고 있으며, 52주 최고가에 도달하여 추가 상승 모멘텀이 기대됩니다."", ""거래량 변화율이 46.11%로 높게 나타나 투자자들의 관심이 집중되고 있으며, 이는 주가 상승의 동력이 될 수 있습니다."", ""최근 애널리스트 리포트에서 목표주가 180,000원을 제시하며 긍정적인 전망을 내놓고 있어 향후 주가 상승 가능성을 시사합니다.""]"
000660,SK하이닉스,2024-04-01,185500,Buy,75,"[""최근 1개월 수익률이 18.76%로 강한 상승세를 보이고 있으며, 52주 최고가에 도달하여 추가 상승 여력이 있습니다."", ""최근 애널리스트 리포트에서 목표주가를 상향 조정하며 긍정적인 전망을 제시하고 있습니다."", ""2023년 연간 실적은 적자를 기록했으나, 영업현금흐름이 +4.3조원으로 긍정적이며 부채비율도 87.5%로 안정적인 수준입니다.""]"
000660,SK하이닉스,2024-05-02,173600,Buy,75,"[""최근 30일 내 애널리스트 리포트에서 모두 긍정적인 전망과 함께 목표주가를 제시하며 실적 개선 및 성장 구간 진입을 예상하고 있습니다."", ""2023년 연간 실적은 적자를 기록했으나, 영업현금흐름이 4.3조원으로 긍정적인 점은 재무 안정성 측면에서 긍정적입니다."", ""현재가가 52주 최저가 대비 높은 수준(85.6%)에 위치하며, 최근 1개월 수익률은 하락했으나 이는 단기적인 조정일 가능성이 있습니다.""]"
000660,SK하이닉스,2024-06-03,194200,Buy,75,"[""2024년 1분기 매출 및 영업이익이 전년 동기 대비 큰 폭으로 증가하며 견조한 실적 개선세를 보이고 있습니다."", ""영업현금흐름이 긍정적으로 나타나 재무 안정성이 양호한 수준을 유지하고 있습니다."", ""최근 1개월 수익률이 11.48%로 상승세를 보이고 있으며, 52주 최고가 대비 현재 위치가 높아 추가 상승 여력이 존재할 수 있습니다.""]"
000660,SK하이닉스,2024-07-01,235500,Buy,75,"[""최근 1개월 수익률이 20.34%로 강한 상승세를 보이고 있으며, 현재가가 52주 최고가 대비 1.6% 낮은 수준으로 추가 상승 여력이 존재합니다."", ""2024년 1분기 매출 및 영업이익이 전년 동기 대비 각각 144.3%, 184.8% 크게 증가하며 실적 개선세를 명확히 보여주고 있습니다."", ""최근 애널리스트 리포트에서 제시된 목표주가들이 현재가 대비 상당한 상승 여력을 시사하고 있습니다.""]"
000660,SK하이닉스,2024-08-01,193300,Sell,75,"[""최근 1개월 수익률이 -18.09%로 큰 폭의 하락세를 보이고 있으며, 이는 단기적인 하락 압력이 지속될 가능성을 시사합니다."", ""애널리스트 리포트에서 목표주가가 현재가(193,300원) 대비 상승 여력이 제한적이거나 하락 가능성을 내포하는 의견이 다수 존재합니다."", ""PER이 '해당없음(적자)'으로 표시되어 있어 현재 기업의 수익성 측면에서 부정적인 신호를 보내고 있습니다.""]"
000660,SK하이닉스,2024-09-02,174000,Buy,75,"[""2024년 2분기 실적이 전년 동기 대비 매출 및 영업이익이 크게 증가하며 긍정적인 실적 개선세를 보였습니다."", ""영업이익률 33.3%와 영업현금흐름 +11.0조원은 견조한 수익성과 현금 창출 능력을 시사합니다."", ""최근 애널리스트 리포트에서 투자 의견 상향 및 목표주가 제시가 있었으며, 이는 단기 매수 기회로 판단될 수 있습니다.""]"
000660,SK하이닉스,2024-10-02,169100,Buy,75,"[""2분기 실적에서 매출, 영업이익, 영업이익률이 전년 동기 대비 큰 폭으로 상승하며 견조한 성장세를 보이고 있습니다."", ""영업현금흐름이 11.0조원으로 매우 긍정적이며, 부채비율 76.5%는 재무 안정성을 뒷받침합니다."", ""최근 애널리스트 리포트에서 목표주가가 현재가 대비 높게 제시되고 있으며, HBM 관련 긍정적인 전망이 유지되고 있습니다.""]"
000660,SK하이닉스,2024-11-01,182200,Buy,75,"[""최근 2분기 실적이 전년 동기 대비 매출 및 영업이익이 큰 폭으로 증가하며 견조한 성장세를 보이고 있습니다."", ""애널리스트 리포트에서 목표주가가 현재가 대비 상승 여력을 시사하는 경우가 다수 존재합니다."", ""영업현금흐름이 긍정적이며 부채비율이 안정적인 수준으로 재무 건전성이 양호합니다.""]"
000660,SK하이닉스,2024-12-02,158800,Buy,75,"[""최근 3분기 실적이 전년 동기 대비 매출 및 영업이익이 크게 증가하며 견조한 성장세를 보이고 있습니다."", ""영업이익률 40.0% 및 영업현금흐름 +18.8조원으로 높은 수익성과 안정적인 현금 창출 능력을 보여줍니다."", ""최근 애널리스트 리포트에서 목표주가가 현재가 대비 상승 여력이 있음을 시사하고 있습니다.""]"
000660,SK하이닉스,2025-01-02,171200,Buy,75,"[""2024년 3분기 매출 및 영업이익이 전년 동기 대비 크게 증가하며 견조한 실적 개선세를 보이고 있습니다."", ""영업이익률 40.0% 및 영업현금흐름 +18.8조원으로 수익성과 현금 창출 능력이 우수합니다."", ""최근 1개월 수익률 7.07%로 단기적인 주가 상승 모멘텀이 관찰됩니다.""]"
000660,SK하이닉스,2025-02-03,190900,Buy,85,"[""최근 1개월 수익률 12.23%와 거래량 변화율 38.34%는 긍정적인 수급 신호를 나타냅니다."", ""2024년 3분기 매출 및 영업이익의 전년 동기 대비 큰 폭 상승과 높은 영업이익률은 견조한 실적 개선세를 보여줍니다."", ""최근 30일 내 애널리스트 리포트에서 제시된 목표주가들이 현재가 대비 상당한 상승 여력을 시사하며, 질적 성장 모멘텀 및 AI 시장 성장에 대한 긍정적인 전망이 지배적입니다.""]"
000660,SK하이닉스,2025-03-04,186100,Buy,75,"[""2024년 3분기 매출 및 영업이익이 전년 동기 대비 크게 증가하며 견조한 실적 개선세를 보이고 있습니다."", ""영업이익률 40.0%와 영업현금흐름 +18.8조원은 높은 수익성과 재무 건전성을 시사합니다."", ""최근 1개월 수익률 하락과 거래량 변화율 감소는 단기적인 조정으로 해석될 수 있으며, 52주 최고가 대비 현재 위치는 상승 여력을 시사합니다.""]"
000660,SK하이닉스,2025-04-01,197000,Buy,75,"[""2024년 연간 실적에서 매출 및 영업이익이 전년 대비 큰 폭으로 증가하며 견조한 성장세를 보이고 있습니다."", ""높은 ROE(27.7%)와 양호한 영업현금흐름(+29.8조원)은 기업의 수익성과 재무 건전성을 뒷받침합니다."", ""최근 애널리스트 리포트에서 긍정적인 전망과 함께 목표주가가 현재가 대비 상승 여력을 시사하고 있습니다.""]"
000660,SK하이닉스,2025-05-02,186000,Buy,75,"[""최근 애널리스트 리포트에서 2025년 2분기 및 상반기 영업이익 전망이 긍정적이며, 목표주가가 현재가 대비 상승 여력을 시사하고 있습니다."", ""2024년 연간 실적이 매출 및 영업이익에서 전년 대비 큰 폭으로 성장했으며, 높은 영업이익률과 영업현금흐름을 기록하여 재무 건전성이 우수합니다."", ""현재가는 52주 최고가 대비 하락한 위치에 있으며, 최근 1개월 수익률은 마이너스이나 거래량 변화율이 긍정적인 신호를 보이고 있어 반등 가능성이 있습니다.""]"
000660,SK하이닉스,2025-06-02,207500,Buy,75,"[""2025년 1분기 매출 및 영업이익이 전년 동기 대비 큰 폭으로 증가하며 견조한 실적 성장세를 보여주고 있습니다."", ""높은 영업이익률(42.2%)과 양호한 영업현금흐름(+9.0조원)은 기업의 수익 창출 능력이 우수함을 시사합니다."", ""최근 1개월 수익률이 14.77%로 양호한 흐름을 보이고 있으며, 52주 최고가 대비 현재 위치가 62.0%로 추가 상승 여력이 존재합니다.""]"
000660,SK하이닉스,2025-07-01,285500,Buy,85,"[""최근 1개월 수익률이 34.67%로 매우 높으며, 52주 최고가 대비 현재 위치가 94.7%로 상승 추세가 강하게 나타나고 있습니다."", ""2025년 1분기 매출 및 영업이익이 전년 동기 대비 큰 폭으로 증가했으며, 영업이익률 또한 42.2%로 매우 높아 견조한 실적 개선세를 보여주고 있습니다."", ""애널리스트 리포트에서 목표주가가 현재가 대비 상향 제시되고 있으며, '변함없는 Top-Pick', '성장성을 감안할 때 Valuation 재평가는 정당' 등의 긍정적인 전망이 다수 존재합니다.""]"
000660,SK하이닉스,2025-08-01,258000,Buy,75,"[""2025년 1분기 매출 및 영업이익이 전년 동기 대비 큰 폭으로 증가하며 견조한 실적 성장세를 보이고 있습니다."", ""높은 ROE(27.7%)와 낮은 부채비율(52.2%)은 재무 건전성을 시사하며, 긍정적인 영업현금흐름(+9.0조원)은 투자 여력을 뒷받침합니다."", ""최근 애널리스트 리포트에서 목표주가가 현재가 대비 상승 여력을 제시하고 있으며, HBM 관련 긍정적인 전망이 일부 존재합니다.""]"
000660,SK하이닉스,2025-09-01,256000,Sell,75,"[""최근 1개월 수익률이 -6.40%로 하락세를 보이고 있으며, 거래량 변화율 또한 -23.39%로 감소하여 투자 심리가 위축된 것으로 판단됩니다."", ""현재가(256,000원)는 52주 최고가(300,000원) 대비 약 70.1% 수준으로, 단기적으로 상승 여력이 제한적일 수 있습니다."", ""2025년 2분기 실적은 전년 동기 대비 큰 폭의 성장을 기록했으나, 이는 이미 주가에 상당 부분 반영되었을 가능성이 있으며, 향후 20거래일 내 추가적인 상승 동력이 약할 수 있습니다.""]"
000660,SK하이닉스,2025-10-01,360000,Buy,85,"[""최근 1개월 수익률 38.20%와 거래량 변화율 38.07%는 강한 상승 모멘텀을 시사합니다."", ""2025년 2분기 매출 및 영업이익이 전년 동기 대비 큰 폭으로 증가하며 견조한 실적 개선세를 보이고 있습니다."", ""애널리스트 리포트에서 제시된 목표주가들이 현재가 대비 상당한 상승 여력을 보여주고 있습니다.""]"
000660,SK하이닉스,2025-11-03,620000,Buy,85,"[""최근 1개월 수익률이 84.25%로 매우 높으며, 52주 최고가에 현재 위치하여 상승 모멘텀이 강하게 유지되고 있습니다."", ""2025년 2분기 실적이 매출, 영업이익, 영업이익률 모두 전년 동기 대비 큰 폭으로 성장하며 견조한 실적 개선세를 보이고 있습니다."", ""최근 30일간 발표된 애널리스트 리포트들이 모두 긍정적인 목표주가를 제시하며 향후 주가 상승에 대한 기대감을 높이고 있습니다.""]"
000660,SK하이닉스,2025-12-01,538000,Buy,75,"[""최근 3분기 실적이 매출 및 영업이익에서 전년 동기 대비 큰 폭으로 성장했으며, 영업이익률 또한 46.6%로 매우 높아 견조한 수익성을 보여주고 있습니다."", ""애널리스트 리포트에서 2026년 영업이익 전망치를 상향하고 목표주가를 제시하는 등 긍정적인 전망이 나오고 있습니다."", ""부채비율이 48.4%로 낮고 영업현금흐름이 32.5조원으로 매우 양호하여 재무 안정성이 뛰어납니다.""]"
207940,삼성바이오로직스,2023-01-02,1217132,Sell,75,"[""최근 1개월 수익률이 -6.45%로 하락세를 보이고 있으며, 거래량 변화율 또한 -7.93%로 감소하는 추세입니다."", ""PER 204.6, PBR 11.29로 밸류에이션 부담이 높은 수준이며, ROE 5.5%는 이를 상쇄하기에 부족합니다."", ""2022년 3분기 매출 및 영업이익은 크게 성장했으나, 이는 과거 실적 대비 성장률이며 향후 20거래일 내 추가적인 주가 상승을 견인할 강력한 모멘텀으로 작용하기에는 불확실성이 존재합니다.""]"
207940,삼성바이오로직스,2023-02-01,1183282,Sell,75,"[""최근 1개월 수익률이 -2.07%로 하락세를 보이고 있으며, 52주 최고가 대비 현재 위치가 48.6%로 절반 수준에 머물러 있어 상승 모멘텀이 약합니다."", ""애널리스트 리포트의 목표주가 평균이 현재가 1,183,282원보다 낮게 형성되어 있어 단기적인 주가 상승 여력이 제한적입니다."", ""PER 198.9, PBR 10.97 등 높은 밸류에이션 지표는 현재가에 대한 부담감을 시사하며, ROE 5.5%는 이러한 높은 밸류에이션을 정당화하기에 다소 부족해 보입니다.""]"
207940,삼성바이오로직스,2023-03-02,1136186,Buy,75,"[""2022년 3분기 매출 및 영업이익이 전년 동기 대비 각각 93.7%, 94.0% 크게 증가하며 견조한 성장세를 시현했습니다."", ""영업이익률 37.2%는 높은 수익성을 보여주며, 영업현금흐름 또한 긍정적인 흐름을 나타내고 있습니다."", ""현재가는 52주 최저가 대비 높은 수준에 위치하며, 최근 1개월 수익률 하락 및 거래량 감소는 단기적인 조정으로 해석될 여지가 있습니다.""]"
207940,삼성바이오로직스,2023-04-03,1145017,Sell,75,"[""최근 1개월 수익률이 -1.27%로 하락세를 보이고 있으며, 52주 최고가 대비 현재 위치가 15.4%로 상승 여력이 제한적입니다."", ""애널리스트 리포트에서 제시된 목표주가 1,100,000원이 현재가 1,145,017원보다 낮아 추가 상승에 대한 기대감이 낮습니다."", ""PER 100.1로 밸류에이션 부담이 높은 수준이며, ROE 5.9% 대비 높은 PBR 5.90은 기업의 자산 가치 대비 고평가 가능성을 시사합니다.""]"
207940,삼성바이오로직스,2023-05-02,1128828,Sell,75,"[""최근 1개월 수익률이 -2.66%로 하락세를 보이고 있으며, 52주 최고가 대비 현재 위치가 8.3%로 상승 여력이 제한적입니다."", ""최근 30일간 발표된 애널리스트 리포트들의 목표주가가 현재가(1,128,828원) 대비 하향 조정되거나 유사한 수준에 머물러 있어 단기적인 추가 상승 동력이 약합니다."", ""PER 98.7배는 높은 수준으로, 현재가 대비 밸류에이션 부담이 존재합니다.""]"
207940,삼성바이오로직스,2023-06-01,1159734,Sell,75,"[""최근 1개월 수익률이 0.90%로 미미하며, 거래량 변화율이 -35.39%로 감소하는 추세는 투자 심리 위축을 시사합니다."", ""PER 101.4, PBR 5.98은 현재 주가가 기업의 이익 및 자산 가치 대비 고평가되었을 가능성을 나타냅니다."", ""최근 애널리스트 리포트에서 목표주가 1,000,000원을 제시하며 현재가 대비 하락 가능성을 시사하고 있습니다.""]"
207940,삼성바이오로직스,2023-07-03,1093506,Sell,75,"[""최근 1개월 수익률이 -5.71%로 하락세를 보이고 있으며, 52주 최고가 대비 현재 위치가 0.6%에 불과하여 추가 하락 가능성이 있습니다."", ""애널리스트 리포트에서 제시된 목표주가 1,050,000원이 현재가 1,093,506원보다 낮아 단기적인 하락 압력이 존재합니다."", ""PER 95.6, PBR 5.63으로 밸류에이션 부담이 높은 편이며, ROE 5.9%는 이를 정당화하기에 다소 낮은 수준입니다.""]"
207940,삼성바이오로직스,2023-08-01,1180339,Sell,75,"[""최근 30일간 발표된 애널리스트 리포트들의 목표주가가 현재가(1,180,339원) 대비 하향 또는 유사한 수준으로 제시되어 추가 상승 여력이 제한적임을 시사합니다."", ""PER 103.2, PBR 6.08은 현재 시장에서 높은 밸류에이션을 받고 있음을 나타내며, 이는 향후 주가 상승에 부담으로 작용할 수 있습니다."", ""최근 1개월 수익률이 7.94%로 양호했으나, 거래량 변화율 45.50%와 함께 단기 급등 후 차익 실현 매물이 출회될 가능성을 배제할 수 없습니다.""]"
207940,삼성바이오로직스,2023-09-01,1078788,Sell,75,"[""최근 1개월 수익률이 -7.10%로 하락세를 보이고 있으며, 거래량 변화율 또한 -56.30%로 감소하여 투자 심리가 위축된 것으로 판단됩니다."", ""두 건의 애널리스트 리포트에서 제시된 목표주가(1,050,000원, 1,100,000원)가 현재가(1,078,788원) 대비 상승 여력이 제한적이거나 하락 가능성을 시사하고 있습니다."", ""PER 94.3, PBR 5.56은 현재 주가가 기업의 이익 및 자산 가치 대비 고평가되었을 가능성을 나타내며, ROE 5.9%는 낮은 수준으로 이러한 고평가를 정당화하기 어렵습니다.""]"
207940,삼성바이오로직스,2023-10-04,1016975,Sell,65,"[""최근 1개월 수익률이 -8.48%로 하락세를 보이고 있으며, 52주 최고가 대비 현재 위치가 4.8%로 하락 가능성이 열려있습니다."", ""PER 88.9, PBR 5.24로 밸류에이션 부담이 높은 편이며, ROE 5.9%는 이를 상쇄하기에 낮은 수준입니다."", ""거래량 변화율이 12.36%로 증가했으나, 이는 하락장에서의 투매 물량일 가능성도 배제할 수 없습니다.""]"
207940,삼성바이오로직스,2023-11-01,1034636,Buy,75,"[""최근 30일간 애널리스트 리포트에서 제시된 목표주가 평균이 현재가 대비 상승 여력을 시사하고 있습니다."", ""최근 1개월 수익률이 3.38%로 긍정적인 흐름을 보이고 있으며, 거래량 변화율이 40.04%로 증가하며 투자자들의 관심이 높아지고 있음을 나타냅니다."", ""2분기 실적에서 매출과 영업이익이 전년 동기 대비 큰 폭으로 성장했으며, 영업이익률 또한 29.3%로 견조한 수익성을 보여주고 있습니다.""]"
207940,삼성바이오로직스,2023-12-01,1046410,Sell,75,"[""최근 1개월 수익률이 -0.14%로 부진하며 거래량 변화율 또한 -22.48%로 감소하는 등 투자 심리가 위축되고 있음을 시사합니다."", ""PER 91.5배는 동종 업계 평균 대비 높은 수준으로 밸류에이션 부담이 존재하며, ROE 5.9%는 낮은 수준으로 수익성 대비 고평가 가능성을 내포합니다."", ""최근 애널리스트 리포트 중 목표주가 950,000원을 제시한 보고서가 있으며, 이는 현재가 1,046,410원 대비 하락 가능성을 시사합니다.""]"
207940,삼성바이오로직스,2024-01-02,1161206,Buy,75,"[""최근 1개월 수익률 8.23%와 거래량 변화율 49.84%는 긍정적인 모멘텀을 시사합니다."", ""52주 최고가 대비 현재 위치가 72.7%로, 상승 여력이 남아있을 가능성이 있습니다."", ""매출이 전년 동기 대비 18.4% 증가하며 견조한 성장세를 보이고 있습니다.""]"
207940,삼성바이오로직스,2024-02-01,1220076,Sell,75,"[""최근 30일간 발표된 애널리스트 리포트 5건 모두 목표주가가 현재가(1,220,076원)보다 낮게 제시되어 하락 가능성을 시사합니다."", ""현재가(1,220,076원)가 52주 최고가(1,236,265원)에 근접한 93.1% 수준에 위치하여 추가 상승 여력이 제한적일 수 있습니다."", ""2023년 3분기 영업이익이 전년 동기 대비 감소(-1.9%)한 점은 향후 실적 성장성에 대한 우려를 제기할 수 있습니다.""]"
207940,삼성바이오로직스,2024-03-04,1139130,Sell,75,"[""최근 1개월 수익률이 -5.95%로 하락세를 보이고 있으며, 거래량 변화율 또한 -5.46%로 감소하는 추세는 투자 심리 위축을 시사합니다."", ""PER 99.6배는 현재 시장에서 높은 밸류에이션을 받고 있음을 나타내며, 이는 향후 주가 상승 여력을 제한할 수 있습니다."", ""2023년 3분기 영업이익이 전년 동기 대비 -1.9% 감소한 점은 성장 둔화 가능성을 보여주며, 이는 주가에 부정적인 영향을 미칠 수 있습니다.""]"
207940,삼성바이오로직스,2024-04-01,1200943,Buy,75,"[""2023년 연간 실적에서 매출액과 영업이익이 전년 대비 크게 증가하며 견조한 성장세를 보이고 있습니다."", ""영업이익률 30.1%와 영업현금흐름 +1.7조원은 높은 수익성과 안정적인 현금 창출 능력을 시사합니다."", ""최근 1개월 수익률 5.43%는 단기적인 상승 모멘텀을 보여주며, 52주 최고가 대비 현재 위치 76.0%는 추가 상승 여력이 있음을 나타냅니다.""]"
207940,삼성바이오로직스,2024-05-02,1140601,Sell,75,"[""최근 1개월 수익률이 -5.02%로 하락세를 보이고 있으며, 거래량 변화율 또한 -28.83%로 감소하여 투자 심리가 위축된 것으로 판단됩니다."", ""애널리스트 리포트에서 제시된 목표주가들이 현재가(1,140,601원) 대비 하향 조정된 경우가 다수 관찰되어 추가 상승 여력이 제한적일 수 있습니다."", ""PER 94.7배는 동종 업계 평균 대비 높은 수준으로, 현재 주가에 대한 밸류에이션 부담이 존재합니다.""]"
207940,삼성바이오로직스,2024-06-03,1106751,Sell,75,"[""최근 1개월 수익률이 -3.71%로 하락세를 보이고 있으며, 52주 최고가 대비 현재 위치가 40.2%로 상승 여력이 제한적입니다."", ""애널리스트 리포트에서 제시된 목표주가 1,000,000원이 현재가 1,106,751원보다 낮아 단기적인 하락 가능성을 시사합니다."", ""PER 91.8, PBR 5.21로 밸류에이션 부담이 높은 편이며, ROE 5.7%는 이러한 높은 밸류에이션을 정당화하기에 다소 부족해 보입니다.""]"
207940,삼성바이오로직스,2024-07-01,1117054,Neutral,55,"[""최근 1개월 수익률이 3.69%로 소폭 상승했으나, 52주 최고가 대비 현재 위치가 44.1%로 중간 수준에 머물러 있어 상승 모멘텀이 강하다고 보기 어렵습니다."", ""PER 92.7, PBR 5.26은 높은 수준으로 밸류에이션 부담이 존재하며, ROE 5.7%는 이를 상쇄할 만큼 높지 않습니다."", ""2024년 1분기 매출 및 영업이익이 전년 동기 대비 성장했으나, 목표주가 1,100,000원을 제시한 리포트가 현재가 1,117,054원보다 낮아 추가적인 상승 여력이 제한적일 수 있습니다.""]"
207940,삼성바이오로직스,2024-08-01,1361363,Sell,75,"[""최근 30일간 발표된 애널리스트 리포트들의 목표주가가 현재가 대비 하락 가능성을 시사하고 있습니다."", ""최근 1개월 수익률이 14.20%로 높았으나, 52주 최고가 대비 현재 위치가 94.2%로 상승 여력이 제한적입니다."", ""PER 113.0, PBR 6.41은 높은 밸류에이션을 나타내며, ROE 5.7% 대비 프리미엄이 과도하게 부여된 것으로 판단됩니다.""]"
207940,삼성바이오로직스,2024-09-02,1420233,Sell,75,"[""최근 애널리스트 리포트에서 제시된 목표주가(120만원, 115만원)가 현재가(142만원)보다 낮아 하락 가능성이 시사됩니다."", ""52주 최고가 대비 현재 위치가 91.6%로, 단기적으로 상승 여력이 제한적일 수 있습니다."", ""PER 117.8은 높은 수준으로, 현재 주가가 기업의 이익 대비 고평가되었을 가능성을 내포합니다.""]"
207940,삼성바이오로직스,2024-10-02,1437894,Sell,75,"[""최근 1개월 수익률이 -1.41%로 하락세를 보이고 있으며, 거래량 변화율 또한 -14.66%로 감소하여 투자 심리가 위축된 것으로 판단됩니다."", ""애널리스트 리포트에서 제시된 목표주가 1,150,000원은 현재가 1,437,894원 대비 상당한 하락 여력을 시사합니다."", ""PER 119.3배는 동종 업계 평균 대비 높은 수준으로, 현재 주가에 대한 밸류에이션 부담이 존재합니다.""]"
207940,삼성바이오로직스,2024-11-01,1468800,Sell,75,"[""최근 30일간 발표된 애널리스트 리포트들의 목표주가가 현재가 대비 하락 가능성을 시사하고 있습니다."", ""현재가(1,468,800원)가 52주 최고가(1,605,673원) 대비 높은 수준에 위치해 있어 추가 상승 여력이 제한적일 수 있습니다."", ""최근 1개월 수익률은 2.15%로 소폭 상승했으나, 거래량 변화율이 -23.04%로 감소하여 매수세 약화를 나타내고 있습니다.""]"
207940,삼성바이오로직스,2024-12-02,1429063,Buy,75,"[""최근 1개월 수익률은 하락했으나, 52주 최고가 대비 현재 위치가 69.5%로 상승 여력이 존재합니다."", ""2024년 3분기 매출액이 전년 동기 대비 14.8% 증가하며 견조한 성장세를 보이고 있습니다."", ""영업 현금 흐름이 1.3조원으로 양호하며, 부채 비율이 51.3%로 재무 안정성이 우수합니다.""]"
207940,삼성바이오로직스,2025-01-02,1374609,Sell,75,"[""최근 1개월 수익률이 -4.21%로 하락세를 보이고 있으며, 거래량 변화율 또한 -31.19%로 감소하여 투자 심리가 위축된 것으로 판단됩니다."", ""PER 114.1, PBR 6.47로 밸류에이션 부담이 높은 수준이며, ROE 5.7% 대비 높은 밸류에이션은 향후 주가 상승 여력을 제한할 수 있습니다."", ""2024년 3분기 매출 및 영업이익은 전년 동기 대비 성장했으나, 성장률 둔화 가능성과 높은 밸류에이션을 고려할 때 단기적인 주가 상승 동력이 약하다고 판단됩니다.""]"
207940,삼성바이오로직스,2025-02-03,1611560,Sell,75,"[""최근 30일간 애널리스트 리포트들의 목표주가가 현재가 대비 하락 가능성을 시사하고 있습니다."", ""현재 PER 133.7배는 높은 수준으로, 향후 20거래일 내 주가 상승 동력이 약할 수 있습니다."", ""최근 1개월 수익률이 16.86%로 높았으나, 52주 최고가에 도달한 시점에서 추가 상승 여력이 제한적일 수 있습니다.""]"
207940,삼성바이오로직스,2025-03-04,1648353,Buy,75,"[""최근 1개월 수익률 3.61%와 52주 최고가 대비 85.8% 위치는 긍정적인 주가 흐름을 시사합니다."", ""전년 동기 대비 14.8%의 매출 성장과 6.3%의 영업이익 성장은 견조한 실적 개선세를 보여줍니다."", ""부채비율 51.3%와 영업현금흐름 1.3조원은 재무 안정성을 뒷받침하며 추가적인 성장 동력을 확보할 수 있는 기반을 제공합니다.""]"
207940,삼성바이오로직스,2025-04-01,1557105,Sell,75,"[""최근 1개월 수익률이 -5.20%로 하락세를 보이고 있으며, 거래량 변화율 또한 -32.10%로 감소하여 투자 심리가 위축된 것으로 판단됩니다."", ""PER 102.3배는 동종 업계 평균 대비 높은 수준으로, 현재 주가에 대한 밸류에이션 부담이 존재합니다."", ""52주 최고가 대비 현재 위치가 72.3%로, 상승 여력보다는 하락 가능성이 상대적으로 높아 보입니다.""]"
207940,삼성바이오로직스,2025-05-02,1596842,Sell,75,"[""최근 애널리스트 리포트에서 제시된 목표주가(130만 원 ~ 135만 원)가 현재가(159만 6,842원) 대비 하락 가능성을 시사하고 있습니다."", ""PER 104.9는 현재 시장에서 높은 밸류에이션을 받고 있음을 나타내며, 이는 향후 주가 상승 여력을 제한할 수 있습니다."", ""최근 1개월 수익률이 3.33%로 양호하나, 52주 최고가 대비 현재 위치가 78.2%로 상승 여력이 상대적으로 제한적일 수 있습니다.""]"
207940,삼성바이오로직스,2025-06-02,1517368,Sell,75,"[""최근 30일간 애널리스트 리포트에서 제시된 목표주가(130만~135만원)가 현재가(151만 7,368원) 대비 하락 가능성을 시사합니다."", ""최근 1개월 수익률이 -2.09%로 약세를 보이고 있으며, 이는 단기적인 매도 압력을 나타낼 수 있습니다."", ""PER 99.7배는 동종 업계 평균 대비 높은 수준으로, 밸류에이션 부담이 존재합니다.""]"
207940,삼성바이오로직스,2025-07-01,1476159,Buy,75,"[""2025년 1분기 실적이 전년 동기 대비 매출 37.1%, 영업이익 119.9%로 크게 성장하며 긍정적인 실적 모멘텀을 보여주고 있습니다."", ""영업이익률 37.5%와 영업현금흐름 +6,830억원은 견조한 수익성과 현금 창출 능력을 시사합니다."", ""부채비율 54.6%로 재무 안정성이 양호한 편이며, 52주 최저가 대비 현재 위치가 60.3%로 상승 여력이 남아있다고 판단됩니다.""]"
207940,삼성바이오로직스,2025-08-01,1521783,Sell,75,"[""최근 30일간 발행된 애널리스트 리포트들의 목표주가가 현재가 대비 하락 가능성을 시사하고 있습니다."", ""PER 100.0은 현재 기업 가치가 고평가되었음을 나타내며, 이는 향후 주가 상승 여력을 제한할 수 있습니다."", ""최근 1개월 수익률이 -0.96%로 약세를 보이고 있으며, 이는 단기적인 매도 압력을 시사할 수 있습니다.""]"
207940,삼성바이오로직스,2025-09-01,1465857,Sell,75,"[""최근 1개월 수익률이 -6.65%로 하락세를 보이고 있으며, 거래량 변화율 또한 -51.36%로 감소하여 투자 심리가 위축된 것으로 판단됩니다."", ""현재 PER 96.3, PBR 6.22로 밸류에이션 부담이 높은 수준이며, ROE 6.5% 대비 높은 밸류에이션은 향후 주가 상승 여력을 제한할 수 있습니다."", ""2025년 2분기 실적은 전년 동기 대비 성장세를 보였으나, 영업이익률 36.9%는 양호하나 매출 및 영업이익 증가율이 두 자릿수를 유지하지 못하고 있어 폭발적인 성장을 기대하기 어렵습니다.""]"
207940,삼성바이오로직스,2025-10-01,1479103,Sell,75,"[""최근 30일 애널리스트 리포트에서 제시된 목표주가 1,300,000원은 현재가 1,479,103원 대비 하락 가능성을 시사합니다."", ""PER 97.2는 동종 업계 평균 대비 높은 수준으로 밸류에이션 부담이 존재할 수 있습니다."", ""최근 1개월 수익률이 0.80%로 미미한 수준이며, 52주 최고가 대비 현재 위치가 33.1%로 상승 여력이 제한적일 수 있습니다.""]"
207940,삼성바이오로직스,2025-11-03,1797000,Sell,75,"[""최근 30일 내 애널리스트 리포트에서 제시된 목표주가 평균이 현재가 대비 하락 가능성을 시사하고 있습니다."", ""현재가가 52주 최고가 대비 96.5% 수준으로, 단기적으로 추가 상승 여력이 제한적일 수 있습니다."", ""최근 1개월 수익률이 22.10%로 높지만, 이는 단기 급등에 따른 차익 실현 매물 출회 가능성을 높입니다.""]"
207940,삼성바이오로직스,2025-12-01,1649000,Buy,75,"[""최근 3분기 실적이 전년 동기 대비 매출 39.9%, 영업이익 115.3%로 크게 성장하며 견조한 실적 개선세를 보이고 있습니다."", ""애널리스트 리포트에서 목표주가를 상향하며 긍정적인 전망을 제시하고 있습니다."", ""부채비율 50.6%와 영업현금흐름 1.8조원으로 재무 안정성이 양호한 편입니다.""]"
068270,셀트리온,2023-01-02,147192,Sell,75,"[""최근 1개월 수익률이 -6.95%로 하락세를 보이고 있으며, 거래량 변화율 또한 음수(-1.26%)로 매도 압력이 존재함을 시사합니다."", ""현재가(147,192원)는 52주 최고가(188,310원) 대비 약 21.8% 하락한 수준으로, 추가 하락 가능성을 배제할 수 없습니다."", ""영업현금흐름이 -864억원으로 마이너스를 기록하고 있어 단기적인 현금 창출 능력에 대한 우려가 존재합니다.""]"
068270,셀트리온,2023-02-01,156208,Sell,75,"[""최근 1개월 수익률이 5.79%로 양호하나, 거래량 변화율이 -14.28%로 감소하는 추세는 매도 압력을 시사합니다."", ""PER 36.8, PBR 8.56은 현재 주가가 기업의 이익 및 자산 가치 대비 고평가되었음을 나타내며, 이는 향후 주가 상승 여력을 제한할 수 있습니다."", ""애널리스트 리포트에서 '아쉬운 실적'을 언급하며 목표주가 240,000원을 제시했으나, 이는 현재가 대비 상승 여력이 있지만, 실적 개선에 대한 불확실성이 존재함을 의미합니다.""]"
068270,셀트리온,2023-03-02,132197,Sell,75,"[""최근 1개월 수익률이 -11.08%로 하락세를 보이고 있으며, 52주 최고가 대비 현재 위치가 11.4%로 상승 여력이 제한적입니다."", ""영업현금흐름이 -864억원으로 마이너스를 기록하며 재무 안정성에 대한 우려가 존재합니다."", ""PER 31.1, PBR 7.24는 현재 주가가 기업의 이익 및 자산 가치 대비 고평가되었을 가능성을 시사합니다.""]"
068270,셀트리온,2023-04-03,137992,Buy,75,"[""최근 30일간 애널리스트 리포트에서 제시된 목표주가 평균이 현재가 대비 상당한 상승 여력을 시사합니다."", ""2022년 연간 매출이 전년 대비 20.6% 증가하며 성장세를 유지하고 있습니다."", ""부채비율 37.8%로 재무 안정성이 양호한 편입니다.""]"
068270,셀트리온,2023-05-02,147560,Buy,75,"[""최근 30일간 애널리스트 리포트에서 목표주가가 현재가 대비 상승 여력이 충분하며, 긍정적인 전망이 다수 제시되었습니다."", ""최근 1개월 수익률이 7.08%로 양호하며, 거래량 변화율도 11.80%로 증가 추세를 보여 투자 심리가 개선되고 있음을 시사합니다."", ""2022년 연간 매출이 전년 대비 20.6% 증가하는 등 외형 성장을 지속하고 있으며, 부채비율이 37.8%로 재무 안정성이 양호합니다.""]"
068270,셀트리온,2023-06-01,161360,Buy,75,"[""최근 1개월 수익률이 9.22%로 긍정적인 흐름을 보이고 있으며, 52주 최고가 대비 현재 위치가 52.0%로 상승 여력이 남아있습니다."", ""최근 30일간 애널리스트 리포트에서 제시된 목표주가들이 현재가(161,360원) 대비 상당한 상승 여력을 시사하고 있습니다."", ""2023년 1분기 매출 및 영업이익이 전년 동기 대비 크게 증가했으며, 영업이익률 또한 30.5%로 견조한 실적을 기록했습니다.""]"
068270,셀트리온,2023-07-03,139464,Buy,75,"[""최근 1개월 수익률이 -13.57%로 하락했으나, 2023년 1분기 매출 및 영업이익이 전년 동기 대비 각각 12.4%, 41.1% 증가하며 견조한 성장세를 보이고 있습니다."", ""영업이익률 30.5%와 ROE 20.2%는 높은 수익성을 나타내며, 부채비율 43.2%와 영업현금흐름 +1,513억원은 재무 안정성을 뒷받침합니다."", ""최근 애널리스트 리포트에서 목표주가 240,000원을 제시하며 현재 주가 대비 상승 여력을 시사하고 있습니다.""]"
068270,셀트리온,2023-08-01,138912,Neutral,65,"[""최근 1개월 수익률이 소폭 하락했으나, 2023년 1분기 실적이 전년 동기 대비 크게 성장했으며 영업이익률도 양호한 수준을 유지하고 있습니다."", ""애널리스트 리포트에서 제시된 목표주가들이 현재가 대비 상당한 상승 여력을 시사하고 있으나, 최근 실적이 시장 기대치를 소폭 하회했다는 점은 단기적인 모멘텀에 부담으로 작용할 수 있습니다."", ""기술적 지표상 52주 최저가 대비 현재 위치가 상대적으로 낮지만, 52주 최고가 대비 하락폭이 크고 최근 거래량 변화율이 긍정적인 신호를 보내고 있어 상승과 하락의 방향성을 명확히 판단하기 어렵습니다.""]"
068270,셀트리온,2023-09-01,132381,Neutral,60,"[""최근 2분기 실적이 전년 동기 대비 매출 및 영업이익이 감소했으나, 영업이익률은 여전히 높은 수준을 유지하고 있습니다."", ""애널리스트 리포트에서 목표주가가 현재가 대비 상승 여력을 제시하고 있으나, 합병 관련 불확실성이 존재합니다."", ""현재가는 52주 최저가에 근접해 있으나, 최근 1개월 수익률 및 거래량 변화율이 부정적인 흐름을 보이고 있습니다.""]"
068270,셀트리온,2023-10-04,125021,Sell,75,"[""최근 1개월 수익률이 -7.86%로 하락세를 보이고 있으며, 52주 최저가와 현재가가 동일하여 추가 하락 가능성이 있습니다."", ""2분기 매출 및 영업이익이 전년 동기 대비 감소하였으며, 이는 향후 실적에 대한 우려를 야기할 수 있습니다."", ""거래량 변화율이 -47.39%로 크게 감소한 것은 투자 심리 위축을 시사하며, 이는 주가 하락 압력으로 작용할 수 있습니다.""]"
068270,셀트리온,2023-11-01,137440,Buy,75,"[""최근 1개월 수익률 9.37%와 거래량 변화율 43.02%는 긍정적인 수급 신호를 나타냅니다."", ""두 건의 애널리스트 리포트 모두 합병 성공 및 호실적을 근거로 목표주가를 현재가 대비 상향 제시하고 있습니다."", ""2분기 실적은 전년 동기 대비 매출 및 영업이익이 감소했으나, 높은 영업이익률(34.9%)과 안정적인 부채비율(43.1%), 양호한 영업현금흐름(+4,355억원)은 재무 건전성을 보여줍니다.""]"
068270,셀트리온,2023-12-01,150044,Buy,75,"[""최근 3분기 실적에서 매출은 소폭 증가했으나 영업이익이 25.2% 증가하며 수익성이 개선되었고, 영업이익률 또한 39.8%로 견조한 수준을 유지하고 있습니다."", ""부채비율 46.3%와 영업현금흐름 +3,876억원을 고려할 때 재무 안정성이 양호한 편입니다."", ""최근 1개월 수익률이 8.88%로 상승세를 보이고 있으며, 거래량 변화율도 15.46%로 긍정적인 모멘텀을 시사합니다."", ""애널리스트 리포트에서 제시된 목표주가들이 현재가 대비 상승 여력을 보여주고 있습니다.""]"
068270,셀트리온,2024-01-02,212969,Buy,75,"[""최근 1개월 수익률 43.17%와 거래량 변화율 97.45%는 강한 상승 모멘텀을 시사합니다."", ""2023년 3분기 영업이익이 전년 동기 대비 25.2% 증가하며 견조한 실적 개선세를 보였습니다."", ""현재가가 52주 최고가와 동일하며, 이는 추가적인 상승 여력이 존재할 가능성을 나타냅니다.""]"
068270,셀트리온,2024-02-01,164395,Sell,75,"[""최근 1개월 수익률이 -22.81%로 큰 폭 하락했으며, 거래량 변화율 또한 -30.93%로 감소하여 하락 추세가 지속될 가능성이 있습니다."", ""PER 42.2, PBR 8.54는 현재 주가가 기업의 이익 및 자산 가치 대비 고평가되었음을 시사하며, 이는 향후 주가 상승 여력을 제한할 수 있습니다."", ""52주 최고가 대비 현재 위치가 47.0%로 절반 수준에 머물러 있으며, 최근 1개월의 급격한 하락은 기술적 반등보다는 추가 하락 가능성에 무게를 둡니다.""]"
068270,셀트리온,2024-03-04,162003,Sell,75,"[""최근 1개월 수익률이 마이너스(-)를 기록하고 있으며, 거래량 변화율 또한 감소하는 추세를 보여 단기적인 매도 압력이 존재함을 시사합니다."", ""PER 41.6배는 KOSPI 시장 평균 PER 대비 높은 수준으로, 현재 주가가 기업의 이익 대비 고평가되었을 가능성을 내포합니다."", ""52주 최고가 대비 현재 위치가 44.4%로, 상승 여력보다는 하락 위험이 상대적으로 더 부각될 수 있는 구간입니다.""]"
068270,셀트리온,2024-04-01,173043,Buy,75,"[""최근 1개월 수익률 4.67%와 거래량 변화율 7.26%는 긍정적인 모멘텀을 시사합니다."", ""다수의 애널리스트 리포트에서 목표주가를 현재가 대비 상향 제시하며 하반기 신제품 출시 등 성장 기대감을 반영하고 있습니다."", ""부채비율 16.3%와 영업현금흐름 +5,372억원은 견고한 재무 안정성을 보여줍니다.""]"
068270,셀트리온,2024-05-02,172491,Buy,75,"[""최근 애널리스트 리포트에서 2분기부터 짐펜트라 매출 확인 및 목표주가 상향이 제시되어 긍정적인 주가 상승 모멘텀을 기대할 수 있습니다."", ""2023년 연간 실적에서 매출 감소에도 불구하고 영업이익이 소폭 증가했으며, 높은 영업이익률(29.9%)과 안정적인 영업현금흐름(+5,372억원)은 기업의 수익 창출 능력을 보여줍니다."", ""부채비율이 16.3%로 매우 낮아 재무 안정성이 뛰어나며, 이는 잠재적인 하락 위험을 완화하는 요인으로 작용할 수 있습니다.""]"
068270,셀트리온,2024-06-03,164671,Sell,75,"[""최근 1개월 수익률이 -5.29%로 하락세를 보이고 있으며, 거래량 변화율 또한 마이너스를 기록하며 투자 심리가 위축된 것으로 판단됩니다."", ""2024년 1분기 영업이익이 전년 동기 대비 -91.5%로 크게 감소하며 수익성 악화가 두드러지고 있습니다."", ""PER 43.8배는 현재 주가가 기업의 이익 대비 고평가되었음을 시사하며, 이는 향후 주가 상승 여력을 제한할 수 있습니다.""]"
068270,셀트리온,2024-07-01,169363,Sell,75,"[""2024년 1분기 영업이익이 전년 동기 대비 91.5% 감소하며 수익성 악화가 두드러졌습니다."", ""PER 45.1, PBR 2.19는 현재 주가가 기업의 수익 및 자산 가치 대비 고평가되었을 가능성을 시사합니다."", ""최근 1개월 수익률이 3.84%로 소폭 상승했으나, 52주 최고가 대비 현재 위치가 52.5%로 절반 수준에 머물러 있어 추가 상승 여력이 제한적일 수 있습니다.""]"
068270,셀트리온,2024-08-01,183990,Sell,75,"[""2024년 1분기 영업이익이 전년 동기 대비 91.5% 감소하며 수익성 악화가 두드러졌습니다."", ""PER 49.0, PBR 2.38, ROE 4.9%는 현재 주가가 기업의 내재가치 대비 고평가되었을 가능성을 시사합니다."", ""최근 1개월 수익률이 10.01%로 양호했으나, 이는 단기적인 반등일 수 있으며 근본적인 실적 개선 없이는 지속 가능성이 낮습니다.""]"
068270,셀트리온,2024-09-02,181322,Buy,75,"[""최근 30일간 애널리스트 리포트에서 일관되게 긍정적인 전망과 목표주가 상향이 제시되었습니다."", ""2분기 실적에서 매출이 전년 동기 대비 66.9% 크게 증가하며 본업 성장에 대한 긍정적인 신호를 보였습니다."", ""부채비율이 18.4%로 매우 낮고 영업현금흐름이 양호하여 재무 안정성이 우수합니다.""]"
068270,셀트리온,2024-10-02,175711,Sell,75,"[""최근 1개월 수익률이 -5.21%로 하락세를 보이고 있으며, 거래량 변화율 또한 -40.97%로 감소하여 투자 심리가 위축된 것으로 판단됩니다."", ""2분기 영업이익이 전년 동기 대비 -60.4% 감소하며 수익성이 악화된 점은 부정적인 요인입니다."", ""PER 46.7배는 현재 주가가 기업의 이익 대비 고평가되었을 가능성을 시사하며, 52주 최고가 대비 현재 위치가 59.4%로 상승 여력보다는 하락 위험이 더 커 보입니다.""]"
068270,셀트리온,2024-11-01,166604,Sell,75,"[""2024년 2분기 매출은 크게 증가했으나 영업이익은 전년 동기 대비 60.4% 감소하며 수익성 악화가 두드러졌습니다."", ""현재 PER 44.3배는 동종 업계 평균 대비 높은 수준으로 밸류에이션 부담이 존재합니다."", ""최근 1개월 수익률이 -7.32%로 하락세를 보이고 있으며, 거래량 변화율 또한 -16.68%로 감소하며 투자 심리가 위축된 것으로 판단됩니다.""]"
068270,셀트리온,2024-12-02,169823,Buy,75,"[""최근 애널리스트 리포트에서 제시된 목표주가들이 현재가 대비 상당한 상승 여력을 시사하고 있습니다."", ""3분기 실적에서 매출이 전년 동기 대비 31.2% 증가하며 성장세를 보이고 있습니다."", ""부채비율이 19.2%로 낮고 영업현금흐름이 양호하여 재무 안정성이 우수합니다.""]"
068270,셀트리온,2025-01-02,173667,Sell,75,"[""전년 동기 대비 매출은 크게 증가했으나 영업이익이 감소하며 수익성 악화가 관찰되었습니다."", ""PER 46.2배는 현재 시장 평균 대비 높은 수준으로, 향후 이익 성장이 이를 뒷받침하지 못할 경우 부담으로 작용할 수 있습니다."", ""최근 1개월 수익률이 0.95%로 미미한 수준이며, 52주 최고가 대비 현재 위치가 35.6%로 상승 모멘텀이 강하게 나타나지 않고 있습니다.""]"
068270,셀트리온,2025-02-03,169525,Sell,75,"[""최근 1개월 수익률이 마이너스(-)를 기록하고 있으며, 거래량 변화율 또한 크게 감소하여 투자 심리가 위축되었음을 시사합니다."", ""PER 45.1, PBR 2.20은 현재 주가가 기업의 이익 및 자산 가치 대비 다소 고평가되었을 가능성을 나타냅니다."", ""2024년 3분기 영업이익이 전년 동기 대비 감소한 점은 향후 실적 성장성에 대한 우려를 제기할 수 있습니다.""]"
068270,셀트리온,2025-03-04,176749,Sell,75,"[""최근 3분기 실적에서 매출은 크게 증가했으나 영업이익은 감소하며 수익성 악화 우려가 존재합니다."", ""PER 47.0, PBR 2.29, ROE 4.9%는 현재 주가가 기업의 이익 및 자산 가치 대비 고평가되었을 가능성을 시사합니다."", ""최근 애널리스트 리포트에서 목표주가는 높게 제시되었으나, 일부 리포트에서 비용 증가로 인한 컨센서스 하회 가능성을 언급하며 단기적인 하방 압력을 예상할 수 있습니다.""]"
068270,셀트리온,2025-04-01,168369,Sell,75,"[""2024년 연간 실적에서 매출은 크게 증가했으나 영업이익은 감소하며 수익성 악화가 나타났습니다."", ""현재 PER 82.2배는 동종 업계 평균 대비 높은 수준으로 밸류에이션 부담이 존재합니다."", ""최근 1개월 수익률이 -5.00%이고 거래량 변화율이 -29.54%로 하락 추세가 관찰됩니다.""]"
068270,셀트리온,2025-05-02,156425,Sell,75,"[""최근 1개월 수익률이 -4.30%로 하락세를 보이고 있으며, 52주 최고가 대비 현재 위치가 17.5%로 상승 여력이 제한적입니다."", ""PER 76.4, PBR 1.97로 현재 주가가 밸류에이션 측면에서 다소 높은 수준으로 평가됩니다."", ""애널리스트 리포트에서 1분기 실적에 대한 아쉬움과 하반기 기대를 언급하고 있으나, 단기적인 주가 상승 동력은 약하다고 판단됩니다.""]"
068270,셀트리온,2025-06-02,155077,Buy,75,"[""최근 1분기 실적에서 매출액이 전년 동기 대비 14.2% 증가하고 영업이익이 867.9% 급증하며 개선된 실적을 보여주었음."", ""애널리스트 리포트에서 목표주가가 현재가 대비 상승 여력이 있음을 시사하고 있으며, 긍정적인 전망이 다수 존재함."", ""영업현금흐름이 양호하고 부채비율이 낮아 재무 안정성이 우수하며, 이는 주가 하방 경직성에 기여할 수 있음.""]"
068270,셀트리온,2025-07-01,160400,Buy,75,"[""2025년 1분기 전년 동기 대비 867.9%의 높은 영업이익 증가율은 긍정적인 실적 개선을 시사합니다."", ""영업이익률 17.8%와 영업현금흐름 +1,134억원은 견조한 수익성과 현금 창출 능력을 보여줍니다."", ""부채비율 21.3%로 재무 안정성이 높아 추가적인 성장 동력 확보에 유리한 환경입니다.""]"
068270,셀트리온,2025-08-01,171300,Buy,75,"[""최근 1분기 실적에서 전년 동기 대비 매출 및 영업이익이 크게 증가하며 긍정적인 실적 개선세를 보이고 있습니다."", ""애널리스트 리포트에서 제시된 목표주가들이 현재가 대비 상당한 상승 여력을 시사하고 있습니다."", ""부채비율이 낮고 영업현금흐름이 양호하여 재무 안정성이 뒷받침되고 있습니다.""]"
068270,셀트리온,2025-09-01,169800,Buy,75,"[""최근 2분기 실적에서 영업이익이 전년 동기 대비 234.5% 크게 증가하며 수익성이 개선되었고, 영업이익률 또한 25.2%로 양호한 수준을 기록했습니다."", ""애널리스트 리포트에서 제시된 목표주가 220,000원~230,000원은 현재가 169,800원 대비 상당한 상승 여력을 시사합니다."", ""부채비율 23.4%와 영업현금흐름 +3,016억원은 재무 안정성이 우수함을 보여주며, 이는 주가 하방 경직성에 긍정적인 요인으로 작용할 수 있습니다.""]"
068270,셀트리온,2025-10-01,175100,Buy,75,"[""2025년 2분기 영업이익이 전년 동기 대비 234.5% 증가하며 견조한 실적 개선세를 보이고 있습니다."", ""미국 생산기지 확보로 인한 관세 해소 및 성장 동력 확보 가능성이 애널리스트 리포트에서 긍정적으로 언급되었습니다."", ""최근 1개월 수익률이 2.28%로 소폭 상승세를 보이고 있으며, 거래량 변화율이 49.43%로 증가하며 시장의 관심이 높아지고 있습니다.""]"
068270,셀트리온,2025-11-03,174600,Buy,75,"[""2025년 2분기 영업이익이 전년 동기 대비 234.5% 크게 증가하며 실적 개선세를 보이고 있습니다."", ""영업현금흐름이 3,016억원으로 양호하며, 부채비율 23.4%로 재무 안정성이 높습니다."", ""최근 1개월 수익률은 소폭 하락했으나, 52주 최고가 대비 현재 위치가 74.7%로 상승 여력이 존재합니다.""]"
068270,셀트리온,2025-12-01,185800,Buy,75,"[""최근 3분기 실적이 전년 동기 대비 매출 및 영업이익이 크게 증가하며 긍정적인 흐름을 보이고 있습니다."", ""애널리스트 리포트에서 제시된 목표주가들이 현재가 대비 상승 여력을 시사하고 있으며, 전반적으로 긍정적인 전망을 유지하고 있습니다."", ""거래량 변화율이 81.74%로 높게 나타나 최근 시장의 관심이 증가하고 있음을 보여줍니다.""]"
373220,LG에너지솔루션,2023-01-02,446000,Sell,75,"[""최근 1개월 수익률이 -23.76%로 큰 폭 하락했으며, 이는 단기적인 하락 추세가 지속될 가능성을 시사합니다."", ""PER 112.5, PBR 11.94로 밸류에이션 부담이 높은 수준이며, 이는 향후 주가 상승 여력을 제한할 수 있습니다."", ""영업현금흐름이 -1.4조원으로 마이너스를 기록하고 있어 재무적 안정성에 대한 우려가 존재합니다.""]"
373220,LG에너지솔루션,2023-02-01,522000,Buy,75,"[""최근 1개월 수익률 19.86%와 거래량 변화율 20.10%는 긍정적인 수급 신호를 나타냅니다."", ""애널리스트 리포트에서 제시된 목표주가들이 현재가(522,000원) 대비 상승 여력을 시사합니다."", ""2022년 3분기 매출 및 영업이익이 전년 동기 대비 큰 폭으로 성장하며 견조한 실적 개선세를 보였습니다.""]"
373220,LG에너지솔루션,2023-03-02,535000,Neutral,55,"[""최근 3개월간의 긍정적인 애널리스트 리포트와 높은 매출 및 영업이익 성장률은 긍정적이나, 높은 PER과 PBR 지표는 현재 주가가 고평가되었을 가능성을 시사합니다."", ""52주 최고가 대비 현재 위치가 66.8%로 상승 여력이 남아있다고 볼 수도 있지만, 최근 1개월 수익률이 2.69%로 제한적이며 거래량 변화율이 -22.56%로 감소한 점은 투자 심리 위축을 나타낼 수 있습니다."", ""영업현금흐름이 마이너스(-)를 기록하고 있어 단기적인 재무 안정성에 대한 우려가 존재하며, 이는 주가 상승에 제약 요인이 될 수 있습니다.""]"
373220,LG에너지솔루션,2023-04-03,586000,Buy,75,"[""최근 1개월 수익률 8.92% 및 거래량 변화율 19.57%는 긍정적인 시장 관심 증가를 시사합니다."", ""최근 30일 내 애널리스트 리포트에서 제시된 목표주가들이 현재가 대비 상승 여력을 시사하며, 긍정적인 전망을 뒷받침합니다."", ""2022년 연간 실적에서 매출과 영업이익이 전년 대비 큰 폭으로 성장했으며, 이는 기업의 성장성을 보여줍니다.""]"
373220,LG에너지솔루션,2023-05-02,591000,Buy,75,"[""최근 30일간 애널리스트 리포트에서 제시된 목표주가들이 현재가 대비 상당한 상승 여력을 시사하고 있습니다."", ""2022년 연간 매출 및 영업이익이 전년 대비 큰 폭으로 성장하며 견조한 성장세를 보여주고 있습니다."", ""52주 최고가 대비 현재 위치가 높아 추가 상승에 대한 기대감을 가질 수 있으나, 거래량 변화율이 음수이고 영업현금흐름이 마이너스인 점은 잠재적 위험 요인으로 고려됩니다.""]"
373220,LG에너지솔루션,2023-06-01,584000,Buy,75,"[""2023년 1분기 매출 및 영업이익이 전년 동기 대비 큰 폭으로 성장하며 견조한 실적 개선세를 보이고 있습니다."", ""영업현금흐름이 긍정적으로 나타나 재무 안정성을 뒷받침하고 있습니다."", ""최근 1개월 수익률이 소폭 상승했으며, 52주 최고가 대비 현재 위치가 높아 추가 상승 여력이 존재할 수 있습니다.""]"
373220,LG에너지솔루션,2023-07-03,573000,Neutral,60,"[""1분기 실적은 전년 동기 대비 큰 폭의 성장세를 보였으나, 현재 PER 173.3배는 높은 밸류에이션 부담을 시사합니다."", ""최근 1개월 수익률이 마이너스를 기록하며 단기적인 주가 하락 압력이 존재합니다."", ""애널리스트 리포트에서 우호적인 업황을 언급하지만, AMPC 불확실성이라는 상존하는 리스크 요인이 있어 향후 20거래일 내 뚜렷한 상승 또는 하락을 단정하기 어렵습니다.""]"
373220,LG에너지솔루션,2023-08-01,557000,Sell,75,"[""최근 1개월 수익률이 마이너스(-)를 기록하며 약세를 보이고 있으며, 거래량 변화율이 높다는 점은 단기적인 변동성 확대 가능성을 시사합니다."", ""PER 168.5, PBR 6.33, ROE 3.8%는 현재 기업 가치가 고평가되었을 가능성을 나타내며, 이는 향후 주가 상승에 부담으로 작용할 수 있습니다."", ""최근 애널리스트 리포트에서 2분기 실적이 컨센서스를 하회했다는 점과 목표주가가 현재가 대비 상승 여력이 제한적이라는 점은 단기적인 투자 매력도를 낮춥니다.""]"
373220,LG에너지솔루션,2023-09-01,522000,Buy,75,"[""2023년 2분기 매출 및 영업이익이 전년 동기 대비 큰 폭으로 성장하며 견조한 실적 개선세를 보이고 있습니다."", ""영업현금흐름이 1.3조원으로 양호하며, 부채비율 83.3%로 재무 안정성 또한 우수합니다."", ""최근 1개월 수익률은 하락했으나, 52주 내 현재 위치가 48.4%로 하단에 위치하여 추가 하락보다는 반등 가능성이 존재합니다.""]"
373220,LG에너지솔루션,2023-10-04,456000,Sell,75,"[""최근 1개월 수익률이 -17.54%로 하락세를 보이고 있으며, 거래량 변화율 또한 -12.69%로 감소하는 추세입니다."", ""PER 137.9, PBR 5.18, ROE 3.8%는 현재 주가가 기업의 이익 및 자산 가치 대비 고평가되었음을 시사합니다."", ""최근 애널리스트 리포트에서 3분기 매출 역성장이 언급되었으나, 목표주가는 여전히 높게 제시되어 있어 단기적인 주가 하락 압력이 존재할 수 있습니다.""]"
373220,LG에너지솔루션,2023-11-01,377500,Sell,75,"[""최근 1개월 수익률이 -20.61%로 하락세를 보이고 있으며, 52주 최저가와 현재가가 동일한 수준으로 기술적 반등의 여지가 제한적입니다."", ""애널리스트 리포트에서 '전방 수요 약세 현실화', '완성차 전동화 속도 조절' 등 부정적인 전망이 다수 제시되어 향후 실적 둔화 가능성을 시사합니다."", ""PER 114.2, PBR 4.29로 높은 밸류에이션 수준을 유지하고 있어, 부정적인 시장 환경에서 하방 압력이 가중될 수 있습니다.""]"
373220,LG에너지솔루션,2023-12-01,428500,Buy,75,"[""최근 1개월 수익률이 9.45%로 긍정적인 흐름을 보이고 있으며, 이는 단기적인 매수세 유입 가능성을 시사합니다."", ""최근 30일 이내 애널리스트 리포트에서 제시된 목표주가들이 현재가 대비 상승 여력을 보여주고 있습니다."", ""2023년 3분기 영업이익이 전년 동기 대비 40.1% 증가하며 견조한 실적 개선세를 나타내고 있습니다.""]"
373220,LG에너지솔루션,2024-01-02,429500,Sell,75,"[""최근 1개월 수익률이 -3.92%로 하락세를 보이고 있으며, 거래량 변화율 또한 -39.69%로 감소하여 투자 심리가 위축된 것으로 판단됩니다."", ""PER 129.9배는 현재 기업 가치 대비 높은 수준으로, 향후 주가 상승 여력이 제한적일 수 있습니다."", ""최근 애널리스트 리포트에서 4분기 실적 부진을 예상하며 목표주가를 제시한 점은 단기적인 주가 하락 가능성을 시사합니다.""]"
373220,LG에너지솔루션,2024-02-01,381500,Sell,75,"[""현재 PER 115.4배는 동종 업계 평균 대비 높은 수준으로 밸류에이션 부담이 존재합니다."", ""최근 1개월 수익률이 -8.29%로 하락세를 보이고 있으며, 52주 최고가 대비 현재 위치가 낮음에도 불구하고 반등 모멘텀이 약합니다."", ""애널리스트 리포트의 목표주가 평균이 현재가 대비 상승 여력이 제한적이며, 일부 리포트에서는 불확실성 확대를 언급하고 있습니다.""]"
373220,LG에너지솔루션,2024-03-04,398500,Sell,75,"[""PER 120.5배는 현재 이익 대비 높은 밸류에이션을 시사하며, 이는 향후 주가 상승 여력을 제한할 수 있습니다."", ""최근 1개월 수익률이 6.27%로 양호했으나, 52주 최고가 대비 현재 위치가 12.5%로 여전히 높은 수준에 있어 추가 상승 모멘텀이 약할 수 있습니다."", ""최근 애널리스트 리포트에서 1분기 어려운 업황 지속을 전망하고 있어 단기 실적 개선에 대한 불확실성이 존재합니다.""]"
373220,LG에너지솔루션,2024-04-01,395500,Sell,65,"[""현재 PER 74.8배는 동종 업계 평균 대비 높은 수준으로 밸류에이션 부담이 존재합니다."", ""최근 1개월 수익률 -1.49% 및 거래량 변화율 -14.50%는 단기적인 매도 압력을 시사합니다."", ""52주 최고가 대비 현재 위치가 11.3%로, 상승 여력 대비 하락 위험이 상대적으로 높아 보입니다.""]"
373220,LG에너지솔루션,2024-05-02,389000,Neutral,65,"[""최근 1개월 수익률이 마이너스(-)를 기록하며 단기적인 하락 압력이 존재합니다."", ""애널리스트 리포트에서 목표주가가 현재가 대비 상승 여력을 제시하고 있으나, '불확실한 수요 환경 지속'과 같은 부정적인 언급도 혼재되어 있습니다."", ""PER 73.6배는 높은 수준으로 밸류에이션 부담이 존재하며, ROE 5.1%는 낮은 수준으로 수익성 측면에서 매력도가 떨어집니다.""]"
373220,LG에너지솔루션,2024-06-03,332000,Sell,75,"[""최근 1개월 수익률이 -14.65%로 하락세를 보이고 있으며, 52주 최고가 대비 현재 위치가 낮아 추가 하락 가능성이 있습니다."", ""2024년 1분기 매출 및 영업이익이 전년 동기 대비 큰 폭으로 감소하여 실적 부진이 주가에 부정적인 영향을 미칠 수 있습니다."", ""애널리스트 리포트에서 제시된 목표주가(500,000원, 531,000원) 대비 현재가(332,000원)는 높지만, 최근 실적 악화와 시장 상황을 고려할 때 단기적인 주가 상승 동력이 약하다고 판단됩니다.""]"
373220,LG에너지솔루션,2024-07-01,347000,Sell,75,"[""최근 1분기 실적이 전년 동기 대비 매출 및 영업이익이 크게 감소하며 부진한 모습을 보였음."", ""PER 65.6배는 현재 시장에서 높은 밸류에이션을 받고 있음을 시사하며, 이는 향후 실적 개선이 뒷받침되지 않을 경우 주가 하락 압력으로 작용할 수 있음."", ""최근 애널리스트 리포트에서 목표주가가 상향 조정되었으나, 이는 단기적인 모멘텀으로 작용할 수 있으나 근본적인 실적 개선에 대한 불확실성이 존재함.""]"
373220,LG에너지솔루션,2024-08-01,333500,Sell,75,"[""최근 1개월 수익률이 -6.84%로 하락세를 보이고 있으며, 52주 최고가 대비 현재 위치가 4.4%로 낮은 편이나 하락 추세가 지속될 가능성이 있습니다."", ""2024년 1분기 실적이 전년 동기 대비 매출 -29.9%, 영업이익 -75.2%로 크게 감소하며 부진한 실적을 기록했습니다."", ""최근 30일간 애널리스트 리포트에서 목표주가가 하향 조정되고 업황 부진 및 불확실성 증가에 대한 언급이 다수 있어 향후 주가 상승 동력이 약할 것으로 판단됩니다.""]"
373220,LG에너지솔루션,2024-09-02,412000,Sell,75,"[""2024년 2분기 매출 및 영업이익이 전년 동기 대비 큰 폭으로 감소하며 수익성 악화가 뚜렷하게 나타나고 있습니다."", ""순이익이 마이너스를 기록하며 재무 건전성에 대한 우려를 제기하고 있습니다."", ""최근 1개월 수익률이 23.54%로 높지만, 이는 단기적인 반등일 수 있으며 실적 부진으로 인해 하락 압력이 작용할 가능성이 있습니다.""]"
373220,LG에너지솔루션,2024-10-02,408500,Sell,75,"[""최근 2분기 실적이 전년 동기 대비 큰 폭으로 감소했으며, 영업이익률 또한 하락하여 단기적인 실적 개선에 대한 우려가 존재합니다."", ""PER 77.3배는 높은 수준으로, 현재 주가가 기업의 수익성에 비해 고평가되었을 가능성을 시사합니다."", ""최근 1개월 수익률이 10.85%로 양호하나, 2분기 실적 부진과 높은 밸류에이션 부담을 고려할 때 상승 동력이 약화될 수 있습니다.""]"
373220,LG에너지솔루션,2024-11-01,412500,Sell,75,"[""최근 2분기 실적에서 매출 및 영업이익이 전년 동기 대비 큰 폭으로 감소했으며, 순이익이 적자 전환한 점은 부정적인 신호입니다."", ""애널리스트 리포트 중 목표주가가 현재가(412,500원)보다 낮은 480,000원, 400,000원, 395,000원 등으로 제시된 비중이 높습니다."", ""최근 1개월 수익률이 -0.48%로 약세를 보이고 있으며, 거래량 변화율 또한 -5.33%로 감소하는 추세는 투자 심리 위축을 시사합니다.""]"
373220,LG에너지솔루션,2024-12-02,391500,Sell,75,"[""최근 3분기 실적에서 매출과 영업이익이 전년 동기 대비 감소하며 성장 둔화 우려가 나타나고 있습니다."", ""PER 74.0, PBR 3.76은 현재 시장에서 높은 밸류에이션을 받고 있음을 시사하며, 이는 향후 주가 상승 여력을 제한할 수 있습니다."", ""최근 1개월 수익률이 -5.09%로 하락세를 보이고 있으며, 이는 단기적인 투자 심리 위축을 반영할 수 있습니다.""]"
373220,LG에너지솔루션,2025-01-02,346000,Sell,75,"[""최근 1개월 수익률이 -9.31%로 하락세를 보이고 있으며, 거래량 변화율 또한 -33.78%로 감소하여 투자 심리가 위축된 것으로 판단됩니다."", ""2024년 3분기 매출액이 전년 동기 대비 -16.4%, 영업이익이 -38.7% 감소하는 등 실적 부진이 주가 하락 압력으로 작용할 가능성이 높습니다."", ""PER 65.4, PBR 3.32로 현재 주가가 기업의 내재가치 대비 고평가된 수준이며, ROE 5.1%는 낮은 수준으로 투자 매력도가 떨어집니다.""]"
373220,LG에너지솔루션,2025-02-03,336500,Sell,75,"[""최근 1개월 수익률 -2.32% 및 거래량 변화율 -10.54%는 하락 압력을 시사합니다."", ""애널리스트 리포트 중 목표주가가 현재가와 같거나 낮은 경우가 2건 존재하며, 이는 추가 상승 여력이 제한적임을 나타냅니다."", ""2024년 3분기 매출 및 영업이익이 전년 동기 대비 감소한 점은 단기적인 실적 모멘텀 약화를 보여줍니다.""]"
373220,LG에너지솔루션,2025-03-04,332000,Sell,75,"[""2024년 3분기 매출 및 영업이익이 전년 동기 대비 큰 폭으로 감소하며 실적 둔화가 확인되었습니다."", ""현재 PER 62.8배는 동종 업계 평균 대비 높은 수준으로 밸류에이션 부담이 존재합니다."", ""최근 1개월 수익률이 -5.68%로 하락세를 보이고 있으며, 거래량 변화율 또한 감소하며 투자 심리가 위축된 것으로 판단됩니다.""]"
373220,LG에너지솔루션,2025-04-01,328000,Sell,75,"[""최근 1개월 수익률이 -6.82%로 하락세를 보이고 있으며, 52주 최고가 대비 현재 위치가 6.1%로 상승 여력이 제한적입니다."", ""2024년 연간 실적에서 매출이 전년 대비 -24.1%, 영업이익이 -73.4% 감소하는 등 수익성이 크게 악화되었습니다."", ""애널리스트 리포트의 목표주가 상향에도 불구하고, 단기적인 실적 부진과 기술적 지표의 약세가 주가 하락 압력으로 작용할 가능성이 높습니다.""]"
373220,LG에너지솔루션,2025-05-02,320500,Sell,75,"[""최근 1개월 수익률이 -2.58%로 하락세를 보이고 있으며, 거래량 변화율 또한 -15.42%로 감소하여 투자 심리가 위축된 것으로 판단됩니다."", ""2024년 연간 실적에서 매출이 전년 대비 24.1% 감소하고 영업이익이 73.4% 급감하는 등 수익성이 크게 악화되었습니다."", ""애널리스트 리포트에서 목표주가가 상향 조정되는 긍정적인 의견도 있으나, 미국 관세 정책으로 인한 불확실성 확대 언급은 단기적인 주가 하락 요인이 될 수 있습니다.""]"
373220,LG에너지솔루션,2025-06-02,284500,Sell,75,"[""최근 1개월 수익률이 -18.71%로 큰 폭의 하락세를 보이고 있으며, 이는 단기적인 매도 압력이 존재함을 시사합니다."", ""PER이 '해당없음(적자)'으로 표시되어 있어 현재 기업의 수익성 측면에서 부정적인 신호를 보내고 있습니다."", ""애널리스트 리포트에서 '정책 불확실성 속, 단기 조정기'라는 언급은 향후 주가 상승에 대한 불확실성을 내포하고 있습니다.""]"
373220,LG에너지솔루션,2025-07-01,297500,Neutral,55,"[""2025년 1분기 영업이익이 전년 동기 대비 큰 폭으로 증가하며 긍정적인 실적 개선세를 보였으나, 북미 전기차 수요 둔화 가능성에 대한 애널리스트 리포트가 존재하여 상승 동력이 제한적입니다."", ""현재가는 52주 최저가 대비 약 10.7% 상승한 수준으로, 52주 최고가 대비로는 약 32.2% 하락한 위치에 있어 추가 상승 여력과 하락 위험이 공존합니다."", ""최근 1개월 수익률은 3.30%로 소폭 상승했으나, 거래량 변화율이 -9.90%로 감소하여 시장의 관심이 다소 줄어든 것으로 판단됩니다.""]"
373220,LG에너지솔루션,2025-08-01,373000,Buy,75,"[""최근 1개월 수익률 17.11%와 거래량 변화율 49.32%는 긍정적인 모멘텀을 시사합니다."", ""2025년 1분기 영업이익이 전년 동기 대비 138.1% 증가하며 견조한 실적 개선세를 보였습니다."", ""애널리스트 리포트에서 제시된 목표주가들이 현재가 대비 상승 여력을 보여주고 있으며, 특히 ESS 사업에 대한 기대감이 반영되고 있습니다.""]"
373220,LG에너지솔루션,2025-09-01,349000,Sell,75,"[""최근 1개월 수익률이 -8.76%로 하락세를 보이고 있으며, 거래량 변화율 또한 -48.02%로 감소하여 투자 심리가 위축된 것으로 판단됩니다."", ""2025년 2분기 매출이 전년 동기 대비 -9.7% 감소한 점은 향후 실적 둔화 가능성을 시사합니다."", ""PER이 '해당없음(적자)'으로 표시되어 있어 현재 기업 가치 평가에 어려움이 있으며, PBR 2.64배는 절대적으로 저평가되었다고 보기 어렵습니다.""]"
373220,LG에너지솔루션,2025-10-01,347500,Buy,75,"[""2025년 2분기 영업이익이 전년 동기 대비 152.0% 증가하며 큰 폭의 개선세를 보였고, 영업이익률 또한 8.8%로 양호한 수준을 유지하고 있습니다."", ""영업현금흐름이 +1.4조원으로 견조하며, 이는 기업의 영업 활동을 통한 현금 창출 능력이 우수함을 시사합니다."", ""최근 1개월 수익률은 소폭 하락했으나, 52주 최고가 대비 현재 위치가 47.2%로 여전히 상승 여력이 존재하며, 애널리스트 리포트에서 목표주가 430,000원을 제시하여 긍정적인 전망을 뒷받침합니다.""]"
373220,LG에너지솔루션,2025-11-03,475500,Buy,75,"[""최근 1개월 수익률 36.25%와 거래량 변화율 148.31%는 긍정적인 수급 신호를 나타냅니다."", ""애널리스트 리포트에서 공통적으로 ESS(에너지 저장 시스템) 수요 급증을 언급하며 목표주가 상향 근거로 제시하고 있습니다."", ""2025년 2분기 영업이익이 전년 동기 대비 152.0% 증가하며 견조한 이익 개선세를 보이고 있습니다.""]"
373220,LG에너지솔루션,2025-12-01,413000,Sell,75,"[""최근 1개월 수익률이 -12.69%로 하락세를 보이고 있으며, 거래량 변화율 또한 -34.12%로 감소하여 투자 심리가 위축된 것으로 판단됩니다."", ""2025년 3분기 매출이 전년 동기 대비 -17.1% 감소한 점은 향후 실적 둔화 가능성을 시사합니다."", ""PER이 '해당없음(적자)'으로 표시되어 있어 현재 기업 가치 평가에 어려움이 있으며, PBR 3.12는 기업의 순자산 대비 높은 수준으로 평가될 수 있습니다.""]"
006400,삼성SDI,2023-01-02,589377,Sell,75,"[""최근 1개월 수익률이 -17.08%로 하락세를 보이고 있으며, 거래량 변화율 또한 -16.43%로 감소하는 추세는 투자 심리 위축을 시사합니다."", ""PER이 '해당없음(적자)'으로 표시되어 있어 현재 기업의 수익성 측면에서 부정적인 신호를 보내고 있습니다."", ""52주 최고가 대비 현재 위치가 43.4%로, 상승 여력보다는 하락 가능성에 무게가 실리는 기술적 지표를 보입니다.""]"
006400,삼성SDI,2023-02-01,704903,Buy,75,"[""최근 1개월 수익률이 21.83%로 강한 상승세를 보이고 있으며, 52주 최고가 대비 현재 위치가 85.7%로 상승 여력이 남아있습니다."", ""최근 30일 내 애널리스트 리포트에서 제시된 목표주가들이 현재가 대비 상당한 상승 여력을 시사하고 있습니다."", ""2022년 3분기 매출 및 영업이익이 전년 동기 대비 큰 폭으로 성장했으며, 영업이익률 또한 양호한 수준을 유지하고 있습니다.""]"
006400,삼성SDI,2023-03-02,695113,Buy,75,"[""최근 1개월 수익률이 3.65%로 양호하며, 52주 최고가 대비 현재 위치가 82.1%로 상승 여력이 남아있습니다."", ""2022년 3분기 매출 및 영업이익이 전년 동기 대비 각각 56.0%, 51.5% 증가하며 견조한 성장세를 보이고 있습니다."", ""애널리스트 리포트에서 제시된 목표주가들이 현재가 대비 상당한 상승 여력을 시사하고 있습니다.""]"
006400,삼성SDI,2023-04-03,729379,Buy,75,"[""2022년 연간 실적에서 매출과 영업이익이 전년 대비 큰 폭으로 성장했으며, 영업이익률 또한 9.0%로 견조한 모습을 보였습니다."", ""부채비율 75.7%와 영업현금흐름 +2.6조원으로 재무 안정성이 양호한 편입니다."", ""최근 1개월 수익률 1.92%와 거래량 변화율 7.85%는 시장의 관심이 유지되고 있음을 시사하며, 52주 최고가 대비 현재 위치가 83.3%로 상승 여력이 남아있다고 판단됩니다.""]"
006400,삼성SDI,2023-05-02,685323,Buy,75,"[""최근 30일 내 애널리스트 리포트에서 제시된 목표주가들이 현재가 대비 상당한 상승 여력을 시사하고 있습니다."", ""2022년 연간 실적에서 매출과 영업이익이 전년 대비 큰 폭으로 성장했으며, 영업이익률 또한 양호한 수준을 유지하고 있습니다."", ""부채비율이 75.7%로 안정적인 수준이며, 영업현금흐름이 2.6조원으로 견조하여 재무 안정성이 뒷받침되고 있습니다.""]"
006400,삼성SDI,2023-06-01,693155,Buy,75,"[""2023년 1분기 매출 및 영업이익이 전년 동기 대비 크게 증가하며 견조한 성장세를 보이고 있습니다."", ""국내 ESS 1위 기업이라는 애널리스트 리포트와 52주 최고가 대비 현재 위치(70.4%)는 추가 상승 여력을 시사합니다."", ""부채비율(80.0%)과 영업현금흐름(+4,924억원)은 재무 안정성을 뒷받침합니다.""]"
006400,삼성SDI,2023-07-03,701966,Buy,75,"[""최근 1개월 수익률이 1.27%로 소폭 상승세를 보이며, 거래량 변화율도 9.41%로 긍정적인 흐름을 나타내고 있습니다."", ""2023년 1분기 매출과 영업이익이 전년 동기 대비 각각 32.2%, 16.5% 증가하며 견조한 실적 성장세를 보여주고 있습니다."", ""애널리스트 리포트에서 목표주가 상향 조정 의견이 제시되고 있으며, '흔들림 없는 실적', '아직 보여줄 것이 많다'는 긍정적인 전망이 다수 존재합니다.""]"
006400,삼성SDI,2023-08-01,655952,Buy,75,"[""최근 1개월 수익률은 하락했으나, 52주 내 현재 위치가 중간 이상이며 거래량 변화율이 긍정적인 신호를 보입니다."", ""최근 30일 내 애널리스트 리포트에서 제시된 목표주가들이 현재가 대비 상당한 상승 여력을 시사하고 있습니다."", ""2023년 1분기 실적이 전년 동기 대비 매출과 영업이익 모두 견조한 성장세를 보였으며, 영업이익률 및 영업현금흐름도 긍정적입니다.""]"
006400,삼성SDI,2023-09-01,583503,Sell,75,"[""최근 1개월 수익률이 -8.31%로 하락세를 보이고 있으며, 거래량 변화율 또한 -39.36%로 감소하여 투자 심리가 위축된 것으로 판단됩니다."", ""현재 주가는 52주 최고가 대비 약 20.2% 하락한 수준으로, 단기적인 추가 하락 가능성을 배제할 수 없습니다."", ""PER이 '해당없음(적자)'으로 표시되어 있어 현재 기업의 수익성 측면에서 부정적인 신호를 보내고 있습니다.""]"
006400,삼성SDI,2023-10-04,474341,Sell,75,"[""최근 1개월 수익률이 -20.05%로 큰 폭의 하락세를 보이고 있으며, 현재가가 52주 최저가와 동일한 수준임을 감안할 때 추가 하락 가능성이 존재합니다."", ""PER이 '해당없음(적자)'으로 표시되어 있어 현재 기업의 수익성 측면에서 부정적인 신호를 보내고 있습니다."", ""최근 30일간의 애널리스트 리포트에서 목표주가가 제시되었으나, 이는 과거 시점의 정보이며 현재 주가 하락 추세를 상쇄할 만큼의 강력한 상승 모멘텀을 즉각적으로 제공한다고 보기 어렵습니다.""]"
006400,삼성SDI,2023-11-01,416578,Sell,75,"[""최근 1개월 수익률이 -18.49%로 큰 폭의 하락세를 보이고 있으며, 이는 단기적인 투자 심리 위축을 시사합니다."", ""52주 최고가 대비 현재 주가 위치가 0.7%로, 52주 최저가(414,131원)에 매우 근접해 있어 추가 하락 가능성이 존재합니다."", ""애널리스트 리포트에서 제시된 목표주가들이 현재가(416,578원) 대비 상당한 상승 여력을 보여주지만, 최근의 급격한 주가 하락세를 상쇄할 만큼의 강력한 매수 모멘텀이 단기적으로 확인되지 않습니다.""]"
006400,삼성SDI,2023-12-01,437627,Sell,75,"[""최근 1개월 수익률이 -0.89%로 하락세를 보이고 있으며, 거래량 변화율 또한 -3.17%로 감소하는 추세입니다."", ""PER이 '해당없음(적자)'으로 표시되어 있어 현재 기업의 수익성 측면에서 부정적인 신호를 주고 있습니다."", ""52주 최고가 대비 현재 위치가 8.0%로, 52주 내에서 상대적으로 높은 위치에 있어 추가 상승 여력이 제한적일 수 있습니다.""]"
006400,삼성SDI,2024-01-02,457208,Sell,75,"[""최근 1개월 수익률이 -0.95%로 하락세를 보이고 있으며, 거래량 변화율 또한 -16.23%로 감소하여 투자 심리가 위축된 것으로 판단됩니다."", ""2023년 3분기 영업이익이 전년 동기 대비 12.3% 감소하여 수익성 악화 가능성을 시사합니다."", ""PER이 '해당없음(적자)'으로 표시되어 현재 기업의 수익성 기반이 약함을 나타내며, 이는 단기적인 주가 상승 동력을 제한할 수 있습니다.""]"
006400,삼성SDI,2024-02-01,369585,Buy,75,"[""최근 1개월 수익률이 -15.45%로 하락했으나, 52주 최저가 대비 현재 위치가 6.7%로 상승 여력이 존재합니다."", ""최근 30일간 애널리스트 리포트에서 모두 목표주가를 현재가 대비 높게 제시하며 긍정적인 전망을 내놓고 있습니다."", ""2023년 3분기 매출이 전년 동기 대비 10.8% 증가했으며, 영업현금흐름이 1.7조원으로 양호한 재무 안정성을 보여줍니다.""]"
006400,삼성SDI,2024-03-04,366647,Sell,75,"[""최근 1개월 수익률이 0.00%로 정체된 가운데 거래량 변화율이 -28.53%로 감소하며 투자 심리 위축 가능성을 시사합니다."", ""2023년 3분기 영업이익이 전년 동기 대비 12.3% 감소하며 수익성 둔화 우려가 있습니다."", ""현재가가 52주 최고가 대비 상당 부분 하락한 위치에 있으며, 기술적 반등의 동력이 약한 상황입니다.""]"
006400,삼성SDI,2024-04-01,444481,Buy,75,"[""최근 1개월 수익률 20.42%와 거래량 변화율 174.23%는 긍정적인 수급 신호를 나타냅니다."", ""최근 애널리스트 리포트에서 제시된 목표주가들이 현재가 대비 상당한 상승 여력을 시사합니다."", ""2023년 연간 매출액이 전년 대비 12.8% 증가했으며, 영업이익 또한 1.6조원을 기록하며 견조한 사업 성과를 보여주고 있습니다.""]"
006400,삼성SDI,2024-05-02,434201,Sell,75,"[""최근 1개월 수익률이 -2.31%로 하락세를 보이고 있으며, 거래량 변화율이 -56.64%로 크게 감소하여 투자 심리가 위축되었음을 시사합니다."", ""PER이 '해당없음(적자)'으로 표시되어 현재 수익성 측면에서 부정적인 신호를 보내고 있습니다."", ""52주 최고가 대비 현재 주가 위치가 24.3%로, 52주 내에서 상대적으로 높은 수준에 위치해 있어 추가 상승 여력이 제한적일 수 있습니다.""]"
006400,삼성SDI,2024-06-03,369095,Sell,75,"[""최근 1개월 수익률이 -13.13%로 하락세를 보이고 있으며, 거래량 변화율 또한 -27.95%로 감소하여 투자 심리가 위축된 것으로 판단됩니다."", ""2024년 1분기 영업이익이 전년 동기 대비 28.8% 감소하는 등 실적 둔화가 관찰됩니다."", ""영업현금흐름이 마이너스(-)를 기록하며 재무 안정성에 대한 우려가 존재합니다.""]"
006400,삼성SDI,2024-07-01,359305,Sell,75,"[""최근 1개월 수익률이 -3.17%로 하락세를 보이고 있으며, 2024년 1분기 영업이익이 전년 동기 대비 28.8% 감소하는 등 실적 부진이 지속되고 있습니다."", ""주력 전기차 고객사들의 판매 부진 영향이 예상된다는 애널리스트 리포트는 향후 주가 상승 모멘텀 약화를 시사합니다."", ""영업현금흐름이 마이너스를 기록하고 있어 재무 안정성에 대한 우려가 존재합니다.""]"
006400,삼성SDI,2024-08-01,326997,Sell,75,"[""최근 1개월 수익률이 -8.87%로 하락세를 보이고 있으며, 52주 최고가 대비 현재 위치가 3.7%로 매우 낮은 수준에 머물러 있습니다."", ""최근 30일간 애널리스트 리포트에서 2분기 실적 부진 및 3분기 부진 지속 전망이 다수 언급되어 향후 실적 개선에 대한 불확실성이 존재합니다."", ""1분기 매출 및 영업이익이 전년 동기 대비 감소했으며, 영업현금흐름이 마이너스를 기록하여 재무적인 부담이 가중될 수 있습니다.""]"
006400,삼성SDI,2024-09-02,361263,Sell,75,"[""최근 2분기 실적에서 매출과 영업이익이 전년 동기 대비 큰 폭으로 감소하며 부정적인 실적 흐름을 보이고 있습니다."", ""영업현금흐름이 마이너스를 기록하며 재무 안정성에 대한 우려가 존재합니다."", ""최근 1개월 수익률이 10.48%로 양호하나, 52주 최고가 대비 현재 위치가 21.1%로 여전히 높은 수준에 있어 추가 상승 여력이 제한적일 수 있습니다.""]"
006400,삼성SDI,2024-10-02,363710,Sell,75,"[""2024년 2분기 실적이 전년 동기 대비 매출 및 영업이익이 감소하는 등 부진한 모습을 보였기 때문입니다."", ""영업이익률이 6.3%로 낮고, 영업현금흐름이 마이너스를 기록하며 재무 건전성에 대한 우려가 존재하기 때문입니다."", ""최근 1개월 수익률이 9.43%로 양수이나, 52주 최고가 대비 현재 위치가 25.9%로 하락 가능성을 배제할 수 없기 때문입니다.""]"
006400,삼성SDI,2024-11-01,324549,Sell,75,"[""최근 1개월 수익률이 -12.42%로 하락세를 보이고 있으며, 거래량 변화율 또한 -25.96%로 감소하여 투자 심리가 위축된 것으로 판단됩니다."", ""2분기 실적이 전년 동기 대비 매출과 영업이익 모두 감소했으며, 영업이익률 또한 하락하여 단기적인 실적 부진이 지속될 가능성이 있습니다."", ""애널리스트 리포트에서 소형전지 부진, 성장 정체 지속, 재고 조정 영향 등 부정적인 요인이 언급되고 있어 향후 주가 상승 동력이 약할 것으로 예상됩니다.""]"
006400,삼성SDI,2024-12-02,253569,Sell,75,"[""최근 1개월 수익률이 -21.87%로 큰 폭의 하락세를 보이고 있으며, 이는 단기적인 투자 심리 위축을 시사합니다."", ""2024년 3분기 매출액이 전년 동기 대비 -29.8%, 영업이익이 -72.1% 감소하는 등 실적 부진이 지속되고 있습니다."", ""영업현금흐름이 -5,133억원으로 마이너스를 기록하며 현금 창출 능력에 대한 우려가 존재합니다.""]"
006400,삼성SDI,2025-01-02,234478,Sell,75,"[""최근 1개월 수익률 -5.89% 및 거래량 변화율 -41.17%는 하락 추세를 시사합니다."", ""2024년 3분기 매출액 및 영업이익이 전년 동기 대비 큰 폭으로 감소하며 수익성 악화를 보였습니다."", ""애널리스트 리포트에서 전기차 배터리 셀 수요 회복세 지연을 언급하며 단기적인 성장 모멘텀 약화를 예상합니다.""]"
006400,삼성SDI,2025-02-03,203638,Sell,75,"[""최근 1개월 수익률이 -15.79%로 하락세를 보이고 있으며, 52주 최저가와 현재가가 동일한 점은 추가 하락 가능성을 시사합니다."", ""최근 30일간 발표된 애널리스트 리포트들이 전반적으로 부정적인 전망과 목표주가 하향 조정을 포함하고 있어 투자 심리에 부정적인 영향을 미칠 것으로 예상됩니다."", ""2024년 3분기 실적이 전년 동기 대비 매출 및 영업이익이 크게 감소했으며, 영업이익률 또한 낮아진 점은 기업의 수익성 악화를 나타냅니다.""]"
006400,삼성SDI,2025-03-04,208534,Sell,75,"[""최근 1개월 수익률이 -4.05%로 하락세를 보이고 있으며, 52주 최고가 대비 현재 위치가 매우 낮아 추가 하락 가능성이 있습니다."", ""2024년 3분기 매출액이 전년 동기 대비 -29.8%, 영업이익이 -72.1% 감소하는 등 실적 부진이 지속되고 있습니다."", ""영업현금흐름이 -5,133억원으로 마이너스를 기록하며 재무 건전성에 대한 우려가 제기됩니다.""]"
006400,삼성SDI,2025-04-01,189540,Sell,75,"[""최근 1개월 수익률이 -13.57%로 하락세를 보이고 있으며, 52주 최고가 대비 현재 위치가 매우 낮아 추가 하락 가능성이 있습니다."", ""2024년 연간 매출 및 영업이익이 전년 대비 큰 폭으로 감소했으며, 영업이익률 또한 2.2%로 낮은 수준을 기록하여 실적 부진이 지속될 가능성이 있습니다."", ""영업현금흐름이 마이너스를 기록하고 있어 재무 건전성에 대한 우려가 있으며, 이는 주가 하락 압력으로 작용할 수 있습니다.""]"
006400,삼성SDI,2025-05-02,173600,Sell,75,"[""최근 1개월 수익률 -4.92% 및 거래량 변화율 -49.22%는 하락 추세 및 투자 심리 위축을 시사합니다."", ""2024년 연간 실적에서 매출이 전년 대비 -22.6%, 영업이익이 -76.5% 감소하며 수익성이 크게 악화되었습니다."", ""애널리스트 리포트에서 'Q 회복에 대한 가시성 부족' 언급은 단기적인 실적 개선에 대한 불확실성을 높입니다.""]"
006400,삼성SDI,2025-06-02,172800,Sell,75,"[""2025년 1분기 실적이 매출 감소와 큰 폭의 영업이익 적자를 기록하며 부정적인 전망을 제시하고 있습니다."", ""최근 1개월 수익률이 -5.88%로 하락세를 보이고 있으며, 52주 최고가 대비 현재 위치가 매우 낮은 점은 추가 하락 가능성을 시사합니다."", ""영업이익률이 -13.7%로 마이너스를 기록하고 있어 단기적인 실적 개선보다는 재무 건전성 회복에 대한 우려가 존재합니다.""]"
006400,삼성SDI,2025-07-01,178200,Sell,75,"[""2025년 1분기 실적에서 매출이 전년 동기 대비 34.0% 감소하고 영업이익이 큰 폭으로 적자 전환하며 수익성이 악화된 점은 부정적인 신호입니다."", ""최근 애널리스트 리포트에서 유럽, 북미향 배터리 출하 부진으로 2분기 실적에 대한 우려가 제기된 점은 단기적인 주가 하락 가능성을 시사합니다."", ""현재가가 52주 최고가 대비 크게 하락한 위치에 있으며, 최근 1개월 수익률이 소폭 상승했으나 전반적인 실적 부진과 출하 부진 전망을 상쇄하기에는 부족해 보입니다.""]"
006400,삼성SDI,2025-08-01,190000,Sell,75,"[""최근 1분기 실적이 매출 감소 및 영업이익 적자 전환으로 크게 악화되었으며, 이는 단기적인 주가 하락 압력으로 작용할 가능성이 높습니다."", ""PER 23.2배는 현재 시장 평균 대비 높은 수준으로, 실적 부진을 감안할 때 밸류에이션 부담이 존재합니다."", ""애널리스트 리포트에서 '어려운 대외환경 지속' 및 '단기 실적보다는 회생 전략에 주목'이라는 언급은 단기적인 주가 상승 모멘텀이 약함을 시사합니다.""]"
006400,삼성SDI,2025-09-01,203000,Sell,75,"[""최근 2분기 실적에서 매출 감소와 큰 폭의 영업이익 적자를 기록하며 단기 실적 부진이 예상됩니다."", ""최근 1개월 수익률이 0.99%로 미미하며, 거래량 변화율이 -19.23%로 감소하는 추세는 투자 심리 위축을 시사합니다."", ""목표주가 315,000원 리포트가 있으나, 250,000원 리포트도 존재하며 최근 실적 부진을 고려할 때 단기 상승 동력은 제한적입니다.""]"
006400,삼성SDI,2025-10-01,204000,Sell,75,"[""2025년 2분기 실적이 매출 감소와 함께 큰 폭의 영업이익 적자를 기록하며 부정적인 전망을 제시하고 있습니다."", ""최근 1개월 수익률이 0.74%로 미미한 수준이며, 거래량 변화율이 -9.46%로 감소하는 추세는 투자 심리 위축을 시사합니다."", ""현재가(204,000원)가 52주 최고가(379,375원) 대비 상당히 낮은 수준이지만, 실적 부진이라는 명확한 하방 압력이 존재합니다.""]"
006400,삼성SDI,2025-11-03,327000,Sell,75,"[""최근 1개월 수익률이 61.48%로 급등했으나, 2025년 2분기 실적이 전년 동기 대비 매출 감소 및 영업이익 적자 전환을 기록하며 부정적인 실적 흐름을 보이고 있습니다."", ""애널리스트 리포트 내 목표주가가 현재가(327,000원) 대비 하락을 제시하는 의견(268,000원)이 존재하며, 컨센서스 하회 및 보상금 반영 이연 등 단기 실적에 대한 우려가 제기되고 있습니다."", ""PER 39.9, PBR 1.22, ROE 3.0%의 재무 지표는 현재 주가가 기업의 내재가치 대비 고평가되었을 가능성을 시사하며, 급등한 주가와 부정적인 실적 모멘텀이 결합되어 단기 하락 가능성이 높다고 판단됩니다.""]"
006400,삼성SDI,2025-12-01,299000,Sell,75,"[""최근 3분기 실적이 매출 감소 및 대규모 영업이익 적자를 기록하며 부정적인 실적 모멘텀을 보여주고 있습니다."", ""최근 1개월 수익률이 -7.14%로 하락세를 보이고 있으며, 거래량 변화율 또한 -49.40%로 감소하여 투자 심리가 위축된 것으로 판단됩니다."", ""PER 36.5배는 현재 시장 평균 대비 높은 수준으로, 실적 부진을 고려할 때 밸류에이션 부담이 존재합니다.""]"
005380,현대차,2023-01-02,157000,Sell,75,"[""최근 1개월 수익률이 -8.45%로 하락세를 보이고 있으며, 거래량 변화율 또한 -13.60%로 감소하여 투자 심리가 위축된 것으로 판단됩니다."", ""2022년 3분기 영업이익이 전년 동기 대비 3.4% 감소한 점은 수익성 둔화 가능성을 시사합니다."", ""현재가가 52주 최고가 대비 약 26.7% 하락한 위치에 있으며, 52주 최저가에 근접하고 있어 추가 하락 가능성이 존재합니다.""]"
005380,현대차,2023-02-01,170000,Buy,75,"[""최근 1개월 수익률이 12.58%로 양호하며, 거래량 변화율도 12.89%로 긍정적인 수급 신호를 보이고 있습니다."", ""PER 9.0, PBR 0.42로 현재가 대비 저평가 매력이 있으며, 52주 최고가 대비 현재 위치가 37.2%로 상승 여력이 존재합니다."", ""최근 30일간 애널리스트 리포트에서 모두 목표주가를 상향하며 긍정적인 전망을 제시하고 있습니다.""]"
005380,현대차,2023-03-02,178500,Buy,75,"[""최근 1개월 수익률이 6.89%로 양호한 흐름을 보이고 있으며, 52주 최고가 대비 현재 위치가 53.9%로 상승 여력이 남아있습니다."", ""두 건의 애널리스트 리포트 모두 목표주가를 현재가보다 높게 제시하며 긍정적인 전망을 내놓고 있습니다."", ""2022년 3분기 매출이 전년 동기 대비 30.6% 증가하는 등 견조한 성장세를 보이고 있으며, 영업현금흐름 또한 긍정적입니다.""]"
005380,현대차,2023-04-03,183600,Buy,75,"[""2022년 매출 및 영업이익이 전년 대비 큰 폭으로 증가하며 견조한 실적 성장세를 보이고 있습니다."", ""현재가 기준 PER 6.4배, PBR 0.41배로 저평가 매력이 존재하며, 52주 최고가 대비 현재 위치가 63.9%로 상승 여력이 있습니다."", ""최근 1개월 수익률이 4.26%로 긍정적인 흐름을 보이고 있으며, 영업현금흐름이 +10.6조원으로 재무 안정성을 뒷받침하고 있습니다.""]"
005380,현대차,2023-05-02,201500,Buy,75,"[""최근 1개월 수익률 9.21%와 거래량 변화율 63.11%는 긍정적인 모멘텀을 시사합니다."", ""다수의 애널리스트 리포트에서 역대급 실적 지속 및 목표주가 상향을 제시하며 긍정적인 전망을 내놓고 있습니다."", ""PER 7.1, PBR 0.45는 현재 주가가 기업의 내재가치 대비 저평가되었을 가능성을 시사합니다.""]"
005380,현대차,2023-06-01,197500,Buy,75,"[""2023년 1분기 매출 및 영업이익이 전년 동기 대비 큰 폭으로 증가하며 견조한 실적 성장세를 보이고 있습니다."", ""PER 6.9, PBR 0.44로 현재 주가가 기업의 내재가치 대비 저평가되어 있을 가능성이 있습니다."", ""최근 30일 내 애널리스트 리포트에서 'pent up demand와 카플레이션 최대 수혜 기업'으로 언급되며 목표주가 320,000원을 제시하는 등 긍정적인 전망이 존재합니다.""]"
005380,현대차,2023-07-03,208500,Buy,75,"[""최근 1개월 수익률이 5.57%로 양호하며, 52주 최고가 대비 현재 위치가 97.5%로 상승 추세가 강하게 나타나고 있습니다."", ""최근 30일간 애널리스트 리포트에서 제시된 목표주가들이 현재가(208,500원) 대비 상당한 상승 여력을 시사하고 있습니다."", ""2023년 1분기 매출 및 영업이익이 전년 동기 대비 큰 폭으로 증가하며 견조한 실적 성장세를 보여주고 있습니다.""]"
005380,현대차,2023-08-01,199400,Buy,75,"[""최근 30일간 애널리스트 리포트에서 모두 긍정적인 전망과 함께 목표주가가 현재가 대비 상당한 상승 여력을 제시하고 있습니다."", ""2023년 1분기 실적이 전년 동기 대비 매출 및 영업이익이 크게 증가하며 견조한 성장세를 보여주고 있습니다."", ""PER 7.0, PBR 0.45로 낮은 밸류에이션 수준이며, 52주 최고가 대비 현재 위치가 82%로 상승 여력이 남아있습니다.""]"
005380,현대차,2023-09-01,187400,Buy,75,"[""2023년 2분기 매출 및 영업이익이 전년 동기 대비 크게 증가하며 견조한 실적 성장세를 보이고 있습니다."", ""PER 6.6배, PBR 0.42배로 동종 업계 대비 저평가 매력이 존재하며, ROE 6.4%는 개선의 여지를 시사합니다."", ""최근 1개월 수익률은 하락했으나, 52주 최고가 대비 현재 위치가 61.7%로 상승 여력이 남아있습니다.""]"
005380,현대차,2023-10-04,190800,Buy,75,"[""2분기 실적에서 매출과 영업이익이 전년 동기 대비 큰 폭으로 증가하며 견조한 성장세를 보였습니다."", ""PER 6.7, PBR 0.43은 현재 주가가 기업의 내재가치 대비 저평가되어 있음을 시사합니다."", ""최근 30일간의 애널리스트 리포트에서 제시된 목표주가(290,000원 ~ 330,000원)는 현재가(190,800원) 대비 상당한 상승 여력을 나타냅니다.""]"
005380,현대차,2023-11-01,170300,Buy,75,"[""최근 1개월 수익률이 -10.70%로 하락했으나, 52주 최고가 대비 현재 위치가 32.7%로 여전히 상승 여력이 존재합니다."", ""최근 30일 내 애널리스트 리포트에서 모두 긍정적인 실적 전망과 함께 목표주가가 현재가 대비 높게 제시되었습니다."", ""2분기 매출 및 영업이익이 전년 동기 대비 크게 성장했으며, 영업이익률 또한 10.0%로 양호한 수준을 유지하고 있습니다.""]"
005380,현대차,2023-12-01,182800,Buy,75,"[""2023년 3분기 전년 동기 대비 146.3% 증가한 영업이익은 강력한 실적 개선세를 보여주며 향후 주가 상승의 근거가 될 수 있습니다."", ""PER 6.4배, PBR 0.41배는 현재 시장에서 현대차가 저평가되어 있음을 시사하며, 이는 주가 상승 여력을 나타냅니다."", ""최근 1개월 수익률 6.28%는 단기적인 주가 상승 모멘텀이 존재함을 보여줍니다.""]"
005380,현대차,2024-01-02,200500,Buy,75,"[""최근 3개월간 애널리스트 리포트에서 제시된 목표주가가 현재가 대비 상당한 상승 여력을 시사하고 있습니다."", ""최근 1개월 수익률이 8.50%로 양호하며, 거래량 변화율도 25.44%로 증가하여 투자자들의 관심이 높아지고 있음을 나타냅니다."", ""PER 7.0, PBR 0.45로 낮은 밸류에이션 지표를 보이며, 3분기 실적 또한 전년 동기 대비 매출 및 영업이익이 크게 증가하여 기업의 펀더멘털이 견조함을 보여줍니다.""]"
005380,현대차,2024-02-01,208000,Buy,75,"[""최근 1개월 수익률 7.33%와 거래량 변화율 29.05%는 긍정적인 시장 관심과 상승 모멘텀을 시사합니다."", ""PER 7.3, PBR 0.47은 현재 주가가 기업의 내재가치 대비 저평가되었을 가능성을 나타냅니다."", ""2023년 3분기 영업이익이 전년 동기 대비 146.3% 증가하는 등 견조한 실적 개선세를 보이고 있습니다."", ""애널리스트 리포트에서 제시된 목표주가들이 현재가 대비 상당한 상승 여력을 보여주고 있습니다.""]"
005380,현대차,2024-03-04,255500,Buy,75,"[""최근 1개월 수익률이 34.47%로 매우 높으며, 거래량 변화율 또한 391.99%로 급증하여 강한 매수세를 시사합니다."", ""현재가가 52주 최고가와 동일하며, 이는 단기적으로 강한 상승 추세가 이어지고 있음을 나타냅니다."", ""애널리스트 리포트에서 제시된 목표주가들이 현재가 대비 상당한 상승 여력을 보여주고 있으며, 정책적 기대감 등 긍정적인 요인이 언급되었습니다.""]"
005380,현대차,2024-04-01,227500,Sell,75,"[""최근 1개월 수익률이 -9.18%로 하락세를 보이고 있으며, 거래량 변화율 또한 -55.28%로 감소하여 투자 심리가 위축된 것으로 판단됩니다."", ""부채비율 177.4%와 영업현금흐름 -2.5조원은 재무 안정성에 대한 우려를 제기하며, 이는 향후 주가 상승 동력을 약화시킬 수 있습니다."", ""52주 최고가 대비 현재 위치가 67.4%로, 상승 여력보다는 하락 위험이 상대적으로 높아 보입니다.""]"
005380,현대차,2024-05-02,249000,Buy,75,"[""PER 5.2, PBR 0.50으로 밸류에이션 매력이 높으며, 52주 최고가 대비 현재 위치가 92.4%로 상승 여력이 남아있습니다."", ""최근 1개월 수익률 9.45%로 단기 상승세를 보이고 있으며, 애널리스트 리포트에서 제시된 목표주가들이 현재가 대비 높은 수준입니다."", ""2023년 연간 매출 및 영업이익이 전년 대비 큰 폭으로 성장하며 견조한 실적을 기록했습니다.""]"
005380,현대차,2024-06-03,265000,Sell,75,"[""최근 1개월 수익률은 긍정적이나, 거래량 변화율이 크게 감소하며 매도 압력이 감지됩니다."", ""영업이익이 전년 동기 대비 감소했으며, 영업현금흐름이 마이너스를 기록하며 단기적인 수익성 및 현금 창출 능력에 대한 우려가 있습니다."", ""현재가가 52주 최고가 대비 낮은 수준이지만, 52주 내 현재 위치가 88.8%로 높은 편이며, 20거래일 내 추가 상승 동력이 약하다고 판단됩니다.""]"
005380,현대차,2024-07-01,286000,Buy,75,"[""최근 1개월 수익률 11.28%로 단기 상승 모멘텀이 확인되며, 52주 최고가 대비 현재 위치가 90.7%로 상승 여력이 남아있습니다."", ""최근 애널리스트 리포트에서 제시된 목표주가 330,000원~350,000원은 현재가 286,000원 대비 상승 가능성을 시사합니다."", ""PER 6.0, PBR 0.58로 저평가 구간에 있으며, ROE 9.7%는 양호한 수익성을 보여줍니다.""]"
005380,현대차,2024-08-01,253500,Sell,75,"[""최근 1개월 수익률이 -8.15%로 하락세를 보이고 있으며, 거래량 변화율 또한 -17.88%로 감소하여 투자 심리가 위축된 것으로 판단됩니다."", ""영업이익이 전년 동기 대비 소폭 감소하였고, 영업현금흐름이 마이너스를 기록하며 재무 안정성에 대한 우려가 존재합니다."", ""최근 애널리스트 리포트들은 긍정적인 목표주가를 제시하고 있으나, 단기적인 기술적 지표와 실적 흐름이 하락 압력을 시사하고 있습니다.""]"
005380,현대차,2024-09-02,246000,Buy,75,"[""최근 30일간 발표된 5건의 애널리스트 리포트 모두 긍정적인 목표주가를 제시하며 주가 상승에 대한 기대감을 나타내고 있습니다."", ""현재 PER 5.2, PBR 0.49로 낮은 밸류에이션 수준을 유지하고 있으며, ROE 9.5%는 양호한 수익성을 시사합니다."", ""2분기 매출 및 영업이익이 전년 동기 대비 성장했으며, 영업이익률 또한 9.5%로 견조한 흐름을 보이고 있습니다.""]"
005380,현대차,2024-10-02,237000,Sell,75,"[""최근 1개월 수익률이 -8.49%로 하락세를 보이고 있으며, 거래량 변화율 또한 음수(-)를 기록하여 매도 압력이 존재함을 시사합니다."", ""PER 5.0, PBR 0.48은 현재 주가가 저평가되어 있음을 나타낼 수 있으나, ROE 9.6%는 시장 평균 대비 특별히 높다고 보기 어렵습니다."", ""2분기 매출 및 영업이익이 전년 동기 대비 소폭 증가했으나, 증가율이 둔화되었고 영업이익률 또한 9.5%로 특별히 개선되지 않은 점은 향후 주가 상승 동력 약화를 시사합니다.""]"
005380,현대차,2024-11-01,213500,Sell,75,"[""최근 1개월 수익률이 -12.50%로 하락세를 보이고 있으며, 거래량 변화율 또한 -9.50%로 감소하는 추세입니다."", ""52주 최고가 대비 현재 위치가 34.1%로, 상승 여력보다는 하락 가능성이 상대적으로 높아 보입니다."", ""최근 30일간의 애널리스트 리포트에서 제시된 목표주가들이 현재가 대비 상당한 상승 여력을 시사하지만, 최근의 주가 하락 추세와 기술적 지표를 고려할 때 단기적인 반등보다는 조정 가능성에 무게를 둡니다.""]"
005380,현대차,2024-12-02,216000,Buy,75,"[""최근 30일간 애널리스트 리포트에서 제시된 목표주가들이 현재가 대비 상당한 상승 여력을 시사하고 있습니다."", ""1조원 규모의 자사주 매입 공시는 주가 부양 효과를 기대할 수 있는 긍정적인 요인입니다."", ""PER 4.5, PBR 0.43 등 낮은 밸류에이션 지표는 현재 주가가 저평가되었을 가능성을 나타냅니다.""]"
005380,현대차,2025-01-02,211500,Sell,65,"[""최근 1개월 수익률이 마이너스(-)를 기록하고 거래량 변화율 또한 감소하는 등 단기적인 하락 추세가 관찰됩니다."", ""전년 동기 대비 영업이익이 감소했으며, 영업현금흐름이 마이너스(-)를 기록하는 등 재무적인 부담이 존재합니다."", ""현재가가 52주 최고가 대비 상당 부분 하락한 위치에 있으며, 이는 추가적인 하락 가능성을 시사할 수 있습니다.""]"
005380,현대차,2025-02-03,202000,Buy,75,"[""최근 1개월 수익률이 -7.13%로 하락했으나, 52주 최고가 대비 현재 위치가 18.6%로 여전히 상승 여력이 존재합니다."", ""최근 30일간 발표된 5건의 애널리스트 리포트 모두 목표주가를 현재가(202,000원)보다 높게 제시하며 긍정적인 전망을 내놓고 있습니다."", ""PER 4.2, PBR 0.41로 낮은 밸류에이션 수준을 보이며, ROE 9.7%는 시장 평균 대비 양호한 수익성을 시사합니다.""]"
005380,현대차,2025-03-04,190300,Sell,75,"[""현재가가 52주 최저가와 동일하며, 최근 1개월 수익률이 마이너스인 점은 하락 압력을 시사합니다."", ""매출은 증가했으나 영업이익이 감소한 2024년 3분기 실적은 수익성 둔화 가능성을 보여줍니다."", ""부채비율이 174.5%로 높고 영업현금흐름이 마이너스인 점은 재무 안정성에 대한 우려를 제기합니다.""]"
005380,현대차,2025-04-01,198600,Sell,75,"[""현재가(198,600원)가 52주 최저가(190,300원)에 근접하며 기술적 반등 가능성이 있으나, 52주 최고가(298,000원) 대비 상당한 하락폭을 기록하고 있어 추가 하락 압력이 존재합니다."", ""최근 1개월 수익률은 2.90%로 소폭 상승했으나, 거래량 변화율이 -4.62%로 감소하며 상승 동력이 약화된 것으로 판단됩니다."", ""2024년 연간 영업이익이 전년 대비 5.9% 감소했으며, 영업현금흐름이 -5.7조원으로 마이너스를 기록하는 등 재무 건전성에 대한 우려가 존재합니다.""]"
005380,현대차,2025-05-02,189400,Sell,75,"[""최근 1개월 수익률이 -3.52%로 하락세를 보이고 있으며, 거래량 변화율 또한 -2.08%로 감소하는 추세입니다."", ""영업이익이 전년 대비 5.9% 감소했으며, 영업현금흐름이 -5.7조원으로 마이너스를 기록하며 재무 건전성에 대한 우려가 있습니다."", ""애널리스트 리포트에서 목표주가가 현재가(189,400원) 대비 상승 여력이 있지만, '안개주의보', '관세 영향을 선반영' 등의 언급은 향후 주가 상승에 대한 불확실성을 시사합니다.""]"
005380,현대차,2025-06-02,184000,Sell,75,"[""최근 1개월 수익률이 -4.56%로 하락세를 보이고 있으며, 거래량 변화율 또한 -21.94%로 감소하여 투자 심리가 위축된 것으로 판단됩니다."", ""현재가가 52주 최고가 대비 5.4% 낮은 수준이지만, 52주 최저가와의 격차가 크지 않아 추가 하락 가능성을 배제할 수 없습니다."", ""매출은 증가했으나 영업이익 증가율이 둔화되었고, 부채비율이 182.7%로 다소 높아 재무 안정성에 대한 우려가 존재합니다.""]"
005380,현대차,2025-07-01,210000,Buy,75,"[""최근 1개월 수익률 9.95%와 거래량 변화율 43.09%는 긍정적인 시장 관심과 수급 개선을 시사합니다."", ""PER 4.4, PBR 0.36은 현재가 기준으로 저평가된 가치 매력을 보여줍니다."", ""최근 애널리스트 리포트에서 목표주가 265,000원을 제시하며 긍정적인 전망을 내놓았습니다.""]"
005380,현대차,2025-08-01,210000,Buy,75,"[""최근 애널리스트 리포트에서 목표주가가 현재가 대비 상승 여력이 있음을 시사하고 있으며, 관세 비용에도 불구하고 양호한 실적 전망이 제시되고 있습니다."", ""PER 4.4, PBR 0.36은 현재 주가가 기업의 내재가치 대비 저평가되었을 가능성을 시사합니다."", ""최근 1개월 수익률은 소폭 하락했으나, 거래량 변화율이 11.63%로 증가하며 향후 주가 변동 가능성을 내포하고 있습니다.""]"
005380,현대차,2025-09-01,220500,Sell,75,"[""2025년 2분기 영업이익이 전년 동기 대비 15.8% 감소하며 수익성 둔화가 예상되는 점은 부정적입니다."", ""최근 1개월 수익률은 3.52%로 양호하나, 거래량 변화율이 -47.25%로 크게 감소하여 투자 심리가 위축될 가능성이 있습니다."", ""현재 주가는 52주 최고가 대비 약 15% 하락한 수준으로, 단기적인 하락 압력이 존재할 수 있습니다.""]"
005380,현대차,2025-10-01,215500,Sell,75,"[""최근 1개월 수익률이 -2.05%로 하락세를 보이고 있으며, 2분기 영업이익이 전년 동기 대비 15.8% 감소한 점은 부정적인 신호입니다."", ""부채비율이 179.5%로 다소 높은 수준이며, 이는 재무 안정성에 대한 우려를 제기할 수 있습니다."", ""애널리스트 리포트의 목표주가 평균이 현재가 대비 상승 여력을 시사하지만, 단기적인 실적 둔화와 부채비율 부담이 주가 상승을 제한할 가능성이 있습니다.""]"
005380,현대차,2025-11-03,291500,Sell,75,"[""최근 1개월 수익률이 35.90%로 매우 높으며, 현재가가 52주 최고가와 동일한 수준에 도달하여 단기 차익 실현 매물이 출회될 가능성이 높습니다."", ""2분기 영업이익이 전년 동기 대비 15.8% 감소하였음에도 불구하고 주가는 이미 52주 최고가를 경신하며 과도하게 상승한 것으로 판단됩니다."", ""애널리스트 리포트의 목표주가 평균이 현재가 대비 소폭 상승 여력만을 제시하고 있어, 추가적인 큰 폭의 상승보다는 조정 가능성에 무게가 실립니다.""]"
005380,현대차,2025-12-01,254500,Sell,75,"[""최근 1개월 수익률이 -12.24%로 하락세를 보이고 있으며, 거래량 변화율 또한 -48.06%로 감소하여 투자 심리가 위축된 것으로 판단됩니다."", ""2025년 3분기 영업이익이 전년 동기 대비 -29.1% 감소하며 수익성이 악화된 점은 향후 주가 상승에 부정적인 요인으로 작용할 수 있습니다."", ""부채비율 182.8%와 영업현금흐름 -3.9조원은 재무 안정성에 대한 우려를 제기하며, 이는 단기적인 주가 하락 압력으로 이어질 수 있습니다.""]"
000270,기아,2023-01-02,61500,Sell,75,"[""최근 1개월 수익률이 -10.35%로 하락세를 보이고 있으며, 거래량 변화율 또한 -11.90%로 감소하는 추세는 투자 심리 위축을 시사합니다."", ""2022년 3분기 영업이익이 전년 동기 대비 -42.1% 감소하며 수익성이 악화된 점은 향후 주가에 부정적인 영향을 미칠 수 있습니다."", ""현재가가 52주 최고가 대비 약 29.6% 하락한 위치에 있으며, 52주 최저가에 근접한 8.0% 수준에 머물러 있어 추가 하락 가능성을 배제할 수 없습니다.""]"
000270,기아,2023-02-01,69500,Buy,75,"[""최근 1개월 수익률이 17.20%로 강한 상승세를 보이고 있으며, 거래량 변화율도 29.43%로 긍정적인 신호를 나타냅니다."", ""PER 5.8, PBR 0.78로 현재 주가가 기업의 내재가치 대비 저평가되어 있을 가능성이 있습니다."", ""애널리스트 리포트에서 제시된 목표주가들이 현재가(69,500원) 대비 상당한 상승 여력을 시사하고 있습니다.""]"
000270,기아,2023-03-02,77800,Sell,75,"[""최근 1개월 수익률이 16.47%로 높았으나, 거래량 변화율이 -15.62%로 감소하며 상승 동력이 약화될 가능성을 시사합니다."", ""2022년 3분기 영업이익이 전년 동기 대비 -42.1% 감소하며 수익성 악화가 관찰되었습니다."", ""PER 6.5, PBR 0.87은 현재 주가가 저평가되었음을 나타낼 수 있으나, 최근 실적 부진과 거래량 감소는 단기적인 하락 압력으로 작용할 수 있습니다.""]"
000270,기아,2023-04-03,81200,Buy,75,"[""기아는 현재가 81,200원으로 52주 최고가 86,300원에 근접해 있으며, 52주 내 현재 위치가 81.1%로 상승 추세에 있습니다."", ""최근 1개월 수익률이 3.84%로 긍정적인 흐름을 보이고 있으며, 애널리스트 리포트에서도 목표주가 상향 조정 의견이 제시되었습니다."", ""2022년 연간 실적에서 매출과 영업이익이 전년 대비 큰 폭으로 증가했으며, 영업이익률 및 영업현금흐름 또한 견조한 수준을 유지하고 있습니다.""]"
000270,기아,2023-05-02,86900,Buy,75,"[""최근 1개월 수익률 7.28%와 거래량 변화율 32.70%는 긍정적인 모멘텀을 시사합니다."", ""PER 6.4, PBR 0.86은 현재 시장에서 저평가된 가능성을 나타냅니다."", ""최근 애널리스트 리포트에서 제시된 목표주가들이 현재가 대비 상당한 상승 여력을 보여줍니다.""]"
000270,기아,2023-06-01,84200,Buy,75,"[""2023년 1분기 매출 및 영업이익이 전년 동기 대비 큰 폭으로 증가하며 견조한 실적 성장세를 보여주고 있습니다."", ""PER 6.2, PBR 0.84로 현재 주가가 기업의 내재가치 대비 저평가된 구간에 위치할 가능성이 있습니다."", ""최근 1개월 수익률은 소폭 하락했으나, 52주 최고가 대비 현재 위치가 80.8%로 상승 여력이 남아있습니다.""]"
000270,기아,2023-07-03,88500,Buy,75,"[""2023년 1분기 매출 및 영업이익의 높은 성장률은 긍정적인 실적 모멘텀을 시사합니다."", ""현재가가 52주 최고가에 근접한 94.8% 위치에 있어 상승 추세가 지속될 가능성이 있습니다."", ""최근 애널리스트 리포트에서 제시된 목표주가(110,000원 ~ 155,000원)가 현재가(88,500원) 대비 상당한 상승 여력을 보여줍니다.""]"
000270,기아,2023-08-01,83300,Buy,75,"[""최근 30일 내 애널리스트 리포트에서 제시된 목표주가들이 현재가 대비 상당한 상승 여력을 시사하고 있습니다."", ""PER 6.2, PBR 0.83, ROE 13.4% 등 재무 지표가 양호하며, 부채비율 93.9%와 영업현금흐름 +2.4조원으로 재무 안정성 또한 우수합니다."", ""최근 1개월 수익률이 -5.88%로 하락했으나, 52주 최고가 대비 현재 위치가 77.9%로 여전히 높은 수준이며, 이는 단기 조정 후 반등 가능성을 시사합니다.""]"
000270,기아,2023-09-01,79700,Buy,75,"[""기아는 현재가 기준 PER 5.9배, PBR 0.79배로 저평가 구간에 있으며, ROE 13.4%로 양호한 수익성을 보여주고 있습니다."", ""2023년 2분기 매출액 26.2조원 (+20.0% YoY), 영업이익 3.4조원 (+52.3% YoY)으로 견조한 성장세를 기록하며 실적 개선이 지속되고 있습니다."", ""52주 최고가 대비 현재 위치가 66.2%로 상승 여력이 남아있으며, 최근 1개월 수익률은 소폭 하락했으나 거래량 변화율이 큰 폭으로 감소하여 단기적인 매물 소화 과정을 거친 후 상승 전환 가능성이 있습니다.""]"
000270,기아,2023-10-04,81900,Buy,75,"[""기아는 2023년 2분기 전년 동기 대비 매출 20.0%, 영업이익 52.3% 증가라는 견조한 실적을 달성했습니다."", ""현재 PER 6.1배, PBR 0.81배로 저평가된 것으로 판단되며, ROE 13.3%는 양호한 수익성을 보여줍니다."", ""영업현금흐름이 6.6조원으로 안정적인 재무 상태를 유지하고 있으며, 부채비율 82.6%는 관리 가능한 수준입니다.""]"
000270,기아,2023-11-01,77400,Buy,75,"[""최근 30일간 애널리스트 리포트에서 제시된 목표주가들이 현재가 대비 상당한 상승 여력을 시사하고 있습니다."", ""2분기 실적에서 매출과 영업이익이 전년 동기 대비 큰 폭으로 증가하며 견조한 성장세를 보여주고 있습니다."", ""PER 5.7배, PBR 0.77배로 재무 지표상 저평가 매력이 존재하며, ROE 13.4%로 양호한 수익성을 나타내고 있습니다.""]"
000270,기아,2023-12-01,85800,Buy,75,"[""최근 3분기 실적에서 매출 및 영업이익이 전년 동기 대비 큰 폭으로 증가하며 견조한 성장세를 보이고 있습니다."", ""PER 6.4배, PBR 0.85배로 동종 업계 대비 저평가 매력이 있으며, ROE 13.4%로 양호한 수익성을 유지하고 있습니다."", ""최근 1개월 수익률 9.30%로 상승세를 보이고 있으며, 52주 최고가 대비 현재 위치가 높아 추가 상승 여력이 존재합니다.""]"
000270,기아,2024-01-02,97600,Buy,75,"[""최근 1개월 수익률 13.49%로 단기 상승 모멘텀이 확인되며, 52주 최고가 대비 현재 위치가 94.1%로 상승 여력이 남아있습니다."", ""2023년 3분기 매출 및 영업이익이 전년 동기 대비 큰 폭으로 증가하며 견조한 실적 개선세를 보이고 있습니다."", ""애널리스트 리포트에서 제시된 목표주가(125,000원 ~ 130,000원)가 현재가(97,600원) 대비 상당한 상승 여력을 시사합니다.""]"
000270,기아,2024-02-01,106300,Buy,75,"[""최근 1개월 수익률이 13.33%로 양호하며, 거래량 변화율도 33.67%로 증가 추세를 보이고 있습니다."", ""2023년 3분기 영업이익이 전년 동기 대비 272.9% 증가하는 등 견조한 실적 개선세를 보이고 있습니다."", ""다수의 애널리스트 리포트에서 목표주가를 현재가 대비 상향 제시하고 있으며, 이는 향후 주가 상승에 대한 긍정적인 전망을 시사합니다.""]"
000270,기아,2024-03-04,125600,Buy,75,"[""최근 1개월 수익률이 28.16%로 강한 상승세를 보이고 있으며, 현재가가 52주 최고가와 동일한 수준에 있어 추가 상승 여력이 존재합니다."", ""2023년 3분기 매출 및 영업이익이 전년 동기 대비 크게 증가했으며, 특히 영업이익률이 11.2%로 견조한 수익성을 보여주고 있습니다."", ""부채비율 80.0%와 영업현금흐름 11.0조원으로 재무 안정성이 양호하며, 이는 주가 상승의 기반이 될 수 있습니다.""]"
000270,기아,2024-04-01,108700,Sell,75,"[""최근 1개월 수익률이 -12.69%로 하락세를 보이고 있으며, 거래량 변화율 또한 -41.08%로 감소하여 투자 심리가 위축된 것으로 판단됩니다."", ""52주 최고가 대비 현재 위치가 62.3%로, 상승 여력보다는 하락 가능성이 상대적으로 높아 보입니다."", ""최근 애널리스트 리포트에서 'EV 빼고 다 좋다'는 의견은 전기차 부문에 대한 우려를 시사하며, 이는 향후 실적 및 주가에 부정적인 영향을 미칠 수 있습니다.""]"
000270,기아,2024-05-02,119600,Buy,85,"[""최근 1개월 수익률 10.03%로 단기 상승 모멘텀이 확인되며, 52주 최고가 대비 현재 위치가 82.8%로 상승 여력이 남아있습니다."", ""PER 5.4, PBR 1.00, ROE 18.5%로 우수한 재무 지표를 바탕으로 저평가 매력이 존재합니다."", ""최근 30일 내 애널리스트 리포트에서 일관되게 긍정적인 실적 전망과 함께 목표주가 상향이 제시되었습니다.""]"
000270,기아,2024-06-03,120700,Buy,75,"[""기아는 2024년 1분기 매출 및 영업이익이 전년 동기 대비 각각 10.7%, 19.2% 증가하며 견조한 성장세를 보이고 있습니다."", ""현재 PER 5.4배, PBR 1.01배는 시장 평균 대비 저평가 가능성을 시사하며, ROE 18.6%는 높은 수익성을 나타냅니다."", ""최근 1개월 수익률이 2.29%로 소폭 상승세를 보이고 있으며, 52주 최고가 대비 현재 위치가 84.9%로 상승 여력이 남아있습니다.""]"
000270,기아,2024-07-01,128600,Buy,75,"[""기아의 2024년 1분기 실적은 전년 동기 대비 매출과 영업이익이 모두 두 자릿수 증가하며 견조한 성장세를 보였습니다."", ""현재가 128,600원은 52주 최고가 132,300원에 근접한 수준으로, 상승 모멘텀이 유지될 가능성이 있습니다."", ""PER 5.8배, PBR 1.08배는 시장 평균 대비 저평가된 수준으로 판단되며, ROE 18.6%는 높은 수익성을 시사합니다.""]"
000270,기아,2024-08-01,112100,Sell,75,"[""최근 1개월 수익률이 -9.38%로 하락세를 보이고 있으며, 거래량 변화율 또한 -22.05%로 감소하여 투자 심리가 위축된 것으로 판단됩니다."", ""애널리스트 리포트에서 목표주가가 제시되었으나, 최근 1개월의 주가 하락 추세와 거래량 감소는 이러한 목표주가 상향 기대감을 상쇄할 수 있는 부정적인 신호로 해석됩니다."", ""현재가(112,100원)는 52주 최고가(132,300원) 대비 약 15% 하락한 수준으로, 기술적으로 추가 하락 가능성을 배제할 수 없습니다.""]"
000270,기아,2024-09-02,106100,Sell,75,"[""최근 1개월 수익률이 -5.35%로 하락세를 보이고 있으며, 52주 최고가 대비 현재 위치가 52.7%로 상승 여력이 제한적일 수 있습니다."", ""2분기 실적은 전년 동기 대비 성장했으나, 매출 성장률 5.0%와 영업이익 성장률 7.1%는 시장의 높은 기대치를 충족시키지 못할 가능성이 있습니다."", ""거래량 변화율이 10.16%로 증가했음에도 불구하고 최근 수익률 하락세를 상쇄할 만큼 강한 매수세를 유입시키지 못하고 있습니다.""]"
000270,기아,2024-10-02,98700,Sell,75,"[""최근 1개월 수익률이 -5.64%로 하락세를 보이고 있으며, 52주 최고가 대비 현재 위치가 39.4%로 상승 여력이 제한적일 수 있습니다."", ""2분기 매출 및 영업이익이 전년 동기 대비 소폭 증가했으나, 증가율이 둔화되는 추세를 보입니다."", ""거래량 변화율이 26.37%로 증가했음에도 불구하고 주가 하락이 동반되고 있어 매도 압력이 존재할 가능성이 있습니다.""]"
000270,기아,2024-11-01,94300,Buy,75,"[""최근 애널리스트 리포트에서 목표주가가 현재가 대비 상당한 상승 여력을 시사하며, 대부분 긍정적인 전망을 제시하고 있습니다."", ""PER 4.2, PBR 0.79, ROE 18.6% 등 재무지표가 저평가 및 우량한 수익성을 나타내고 있습니다."", ""영업현금흐름이 6.0조원으로 견조하며, 부채비율 69.3%로 재무 안정성이 양호한 편입니다.""]"
000270,기아,2024-12-02,94200,Buy,75,"[""PER 4.2, PBR 0.79로 현재 주가가 기업의 내재가치 대비 저평가된 것으로 판단됩니다."", ""ROE 18.6%로 높은 수익성을 보여주고 있으며, 부채비율 67.5%와 영업현금흐름 10.0조원으로 재무 안정성이 우수합니다."", ""최근 애널리스트 리포트에서 목표주가 150,000원을 제시하며 긍정적인 전망을 내놓고 있습니다.""]"
000270,기아,2025-01-02,101600,Buy,75,"[""최근 30일간 발표된 다수의 애널리스트 리포트에서 목표주가가 현재가 대비 상당한 상승 여력을 제시하고 있으며, 밸류업 프로그램 관련 긍정적인 내용이 포함되어 있습니다."", ""PER 4.6, PBR 0.85 등 낮은 밸류에이션 지표는 현재 주가가 기업의 내재가치 대비 저평가되었을 가능성을 시사합니다."", ""최근 1개월 수익률 9.36%는 단기적인 주가 상승 모멘텀이 존재함을 보여줍니다.""]"
000270,기아,2025-02-03,96100,Sell,75,"[""최근 1개월 수익률이 -6.61%로 하락세를 보이고 있으며, 거래량 변화율 또한 음(-)의 값을 기록하여 매도 압력이 존재함을 시사합니다."", ""52주 최고가 대비 현재 위치가 19.7%로, 52주 최고가 대비 상당한 하락 여력이 남아있습니다."", ""최근 애널리스트 리포트들이 2025년 전망에 초점을 맞추고 있으나, 단기 20거래일 내 주가 상승을 강하게 지지하는 구체적인 데이터는 부족합니다.""]"
000270,기아,2025-03-04,93300,Sell,75,"[""최근 1개월 수익률이 -8.53%로 하락세를 보이고 있으며, 52주 최고가 대비 현재 위치가 6.0%로 상승 여력이 제한적입니다."", ""2024년 3분기 매출 및 영업이익 증가율이 각각 3.8%, 0.6%로 둔화되어 향후 주가 상승 동력이 약할 수 있습니다."", ""PER 4.2, PBR 0.78은 저평가 구간으로 볼 수 있으나, 최근 시장의 부정적인 흐름과 실적 성장 둔화가 이를 상쇄할 가능성이 있습니다.""]"
000270,기아,2025-04-01,93200,Buy,75,"[""최근 애널리스트 리포트에서 신차 효과로 인한 펀더멘털 개선 및 목표주가 상향이 지속적으로 제시되고 있습니다."", ""자기주식 취득 및 소각 예정, 자사주 매입을 통한 배당락 변동성 축소 기대 등 주주환원 정책 강화 움직임이 긍정적입니다."", ""PER 3.7, PBR 0.65로 낮은 밸류에이션 수준과 17.4%의 높은 ROE, 안정적인 부채비율 및 영업현금흐름은 긍정적인 투자 근거를 제공합니다.""]"
000270,기아,2025-05-02,89400,Sell,75,"[""최근 1개월 수익률이 -2.93%로 하락세를 보이고 있으며, 거래량 변화율 또한 -32.81%로 감소하여 투자 심리가 위축된 것으로 판단됩니다."", ""52주 최고가 대비 현재 위치가 14.7%로, 상승 여력보다는 하락 가능성이 상대적으로 높아 보입니다."", ""애널리스트 리포트에서 목표주가가 제시되었으나, 최근 1개월의 부정적인 주가 흐름과 거래량 감소는 단기적인 하락 압력으로 작용할 수 있습니다.""]"
000270,기아,2025-06-02,88400,Sell,75,"[""2025년 1분기 영업이익이 전년 동기 대비 12.2% 감소하며 수익성 둔화 가능성을 시사합니다."", ""최근 1개월 수익률이 마이너스(-)를 기록하며 단기적인 주가 하락 압력이 존재합니다."", ""현재가가 52주 최고가 대비 낮은 수준에 위치해 있으나, 52주 최저가 대비로는 높은 수준으로 추가 상승 여력이 제한적일 수 있습니다.""]"
000270,기아,2025-07-01,98700,Sell,75,"[""2025년 1분기 영업이익이 전년 동기 대비 12.2% 감소하며 수익성 둔화가 예상되는 점은 부정적 요인입니다."", ""현재가가 52주 최고가 대비 33.2% 하락한 위치에 있어 추가 하락 가능성을 시사합니다."", ""최근 1개월 수익률이 5.90%로 양호하나, 이는 단기적인 반등일 수 있으며 펀더멘털 개선 근거가 부족합니다.""]"
000270,기아,2025-08-01,100800,Buy,75,"[""PER 4.0, PBR 0.70, ROE 17.3% 등 재무 지표가 저평가 및 우량함을 시사합니다."", ""최근 1개월 수익률 0.70%와 거래량 변화율 14.88%는 긍정적인 모멘텀을 나타냅니다."", ""애널리스트 리포트에서 목표주가가 현재가 대비 상승 여력이 있음을 시사하며, '하락 우려보다는 상승 여력에 대한 고민 필요'라는 의견이 있습니다.""]"
000270,기아,2025-09-01,106500,Sell,75,"[""2025년 2분기 영업이익이 전년 동기 대비 24.1% 감소하며 수익성 악화가 예상됩니다."", ""최근 1개월 수익률은 양호하나, 거래량 변화율이 -50.21%로 크게 감소하여 투자 심리 위축 가능성이 있습니다."", ""현재가(106,500원)가 52주 최고가(110,400원)에 근접해 있어 추가 상승 여력이 제한적일 수 있습니다.""]"
000270,기아,2025-10-01,100600,Sell,75,"[""최근 1개월 수익률이 -6.16%로 하락세를 보이고 있으며, 2분기 영업이익이 전년 동기 대비 24.1% 감소하여 단기적인 주가 하락 압력이 예상됩니다."", ""PER 4.0, PBR 0.70은 저평가 구간으로 볼 수 있으나, ROE 17.3% 대비 영업이익 감소 추세는 향후 주가 상승 동력 약화를 시사합니다."", ""최근 1개월의 하락세와 실적 둔화 신호가 52주 최고가 대비 현재 위치(65.5%)와 거래량 변화율(52.30%)의 긍정적 신호를 상쇄하며 하락 가능성에 무게를 둡니다.""]"
000270,기아,2025-11-03,117700,Sell,75,"[""최근 1개월 수익률이 높음에도 불구하고, 3분기 실적 부진 예상 및 영업이익 감소 전망이 주가 하락 압력으로 작용할 가능성이 높습니다."", ""최근 애널리스트 리포트에서 목표주가가 현재가 대비 큰 상승 여력을 보여주지 못하고 있으며, 일부는 현재가보다 낮은 수준을 제시하고 있습니다."", ""기술적으로 52주 최고가에 근접한 위치에 있어 추가 상승 모멘텀이 약할 수 있으며, 거래량 변화율이 높다는 점은 변동성 확대 가능성을 시사합니다.""]"
000270,기아,2025-12-01,112300,Sell,75,"[""최근 1개월 수익률 -6.34% 및 거래량 변화율 -39.27%는 단기적인 매도 압력을 시사합니다."", ""2025년 3분기 영업이익이 전년 동기 대비 -49.2% 감소하며 수익성 악화가 관측되었습니다."", ""애널리스트 리포트의 목표주가들이 현재가(112,300원) 대비 상승 여력이 제한적이거나 하락 가능성을 내포하고 있습니다.""]"
105560,KB금융,2023-01-02,47600,Sell,75,"[""최근 1개월 수익률이 -11.03%로 하락세를 보이고 있으며, 거래량 변화율 또한 -8.09%로 감소하는 추세입니다."", ""52주 최고가 대비 현재 위치가 17.6%로, 상승 여력보다는 하락 가능성이 상대적으로 높아 보입니다."", ""제공된 재무 및 실적 지표에서 PER, PBR, ROE, 매출, 영업이익, 순이익, 부채비율, 영업현금흐름 등 핵심적인 정보가 누락되어 있어 상승 근거를 명확히 제시하기 어렵습니다.""]"
105560,KB금융,2023-02-01,57400,Buy,75,"[""최근 1개월 수익률이 18.35%로 강한 상승세를 보이고 있으며, 거래량 변화율도 58.72%로 증가하여 매수세가 유입되고 있음을 시사합니다."", ""52주 최고가 대비 현재 위치가 62.0%로, 아직 상승 여력이 남아있다고 판단됩니다."", ""유일하게 제공된 애널리스트 리포트에서 목표주가 65,000원을 제시하며 긍정적인 전망을 내놓았습니다.""]"
105560,KB금융,2023-03-02,50600,Sell,75,"[""최근 1개월 수익률이 -9.48%로 하락세를 보이고 있으며, 거래량 변화율 또한 음수(-2.13%)로 매도 압력이 존재함을 시사합니다."", ""PER, PBR, ROE 등 핵심 재무지표가 '해당없음' 또는 'N/A'로 제공되어 기업의 현재 가치 및 수익성을 객관적으로 판단하기 어렵습니다."", ""최근 30일간의 애널리스트 리포트에서 목표주가가 상향 조정된 의견들이 있으나, 이는 과거 시점의 정보이며 최근의 주가 하락세를 상쇄할 만큼 강력한 상승 모멘텀을 제공한다고 보기 어렵습니다.""]"
105560,KB금융,2023-04-03,47300,Sell,65,"[""최근 1개월 수익률이 -5.40%로 하락세를 보이고 있으며, 거래량 변화율 또한 -21.70%로 감소하여 투자 심리가 위축된 것으로 판단됩니다."", ""52주 최고가 대비 현재 위치가 19.8%로, 상승 여력보다는 하락 위험이 상대적으로 높아 보입니다."", ""제공된 재무 및 실적 데이터가 부족하여 기업의 펀더멘털을 명확히 판단하기 어렵지만, 기술적 지표상 하락 압력이 감지됩니다.""]"
105560,KB금융,2023-05-02,49500,Neutral,55,"[""제공된 재무 지표에서 PER, PBR, ROE, 매출, 영업이익, 영업이익률, 순이익, 부채비율, 영업현금흐름 등 핵심적인 재무 건전성 및 수익성 지표가 누락되어 있어 기업의 현재 가치 및 미래 수익 창출 능력에 대한 판단이 어렵습니다."", ""기술 지표상 최근 1개월 수익률은 3.88%로 긍정적이나, 거래량 변화율이 -12.04%로 감소하는 추세는 투자 심리 위축 가능성을 시사합니다."", ""애널리스트 리포트에서 목표주가는 60,000원에서 72,000원으로 제시되어 현재가 대비 상승 여력이 있으나, '핵심이익 둔화와 비용부담 확대', '대손비용 전망의 어려움'과 같은 부정적인 의견도 혼재되어 있어 명확한 방향성을 판단하기 어렵습니다.""]"
105560,KB금융,2023-06-01,46800,Neutral,55,"[""제공된 재무 및 기술 지표만으로는 향후 20거래일 내 주가 상승 또는 하락을 명확히 판단하기 어렵습니다."", ""PER, PBR, ROE, 매출, 영업이익, 영업이익률, 순이익, 부채비율, 영업현금흐름 등 핵심 재무 정보가 누락되어 기업의 현재 가치 및 안정성을 평가할 수 없습니다."", ""최근 1개월 수익률이 마이너스(-)를 기록하고 있으나, 거래량 변화율이 소폭 상승하고 52주 최고가 대비 현재 위치가 상대적으로 낮아 하락 추세가 지속될지 여부를 판단하기 어렵습니다.""]"
105560,KB금융,2023-07-03,48650,Neutral,55,"[""제공된 재무 및 실적 데이터가 부족하여 기업의 펀더멘털을 객관적으로 평가하기 어렵습니다."", ""최근 애널리스트 리포트에서는 긍정적인 전망을 제시하고 있으나, 이는 과거 데이터에 기반한 분석일 수 있습니다."", ""기술적 지표상 52주 최저가 대비 현재 위치가 낮지만, 최근 1개월 수익률은 긍정적이나 거래량 변화율은 부정적이어서 방향성을 명확히 판단하기 어렵습니다.""]"
105560,KB금융,2023-08-01,52800,Buy,75,"[""최근 1개월 수익률이 8.53%로 양호하며, 거래량 변화율도 26.96%로 긍정적인 흐름을 보이고 있습니다."", ""최근 30일 내 애널리스트 리포트에서 제시된 목표주가들이 현재가(52,800원) 대비 상승 여력을 시사하고 있습니다."", ""52주 최고가(60,000원) 대비 현재 위치(55.8%)가 낮아 추가 상승 가능성이 존재합니다.""]"
105560,KB금융,2023-09-01,53600,Neutral,55,"[""PER, PBR, ROE 등 핵심 재무지표가 부재하여 기업의 내재가치 평가가 불가능합니다."", ""최근 1개월 수익률은 긍정적이나, 거래량 변화율이 크게 하락하여 투자 심리 위축 가능성이 있습니다."", ""애널리스트 리포트에서 목표주가 상향이 제시되었으나, 2분기 실적 상세 데이터가 없어 상승 근거가 불충분합니다.""]"
105560,KB금융,2023-10-04,54700,Neutral,55,"[""제공된 재무 및 실적 데이터가 부족하여 기업의 내재가치 판단이 어렵습니다."", ""최근 1개월 수익률은 긍정적이나, 52주 최고가 대비 현재 위치가 높아 추가 상승 여력이 제한적일 수 있습니다."", ""애널리스트 리포트에서 목표주가 상향 의견이 있으나, 이는 향후 20거래일의 단기적인 주가 방향성을 확신하기에는 근거가 부족합니다.""]"
105560,KB금융,2023-11-01,51300,Neutral,55,"[""제공된 재무 및 실적 데이터가 부족하여 기업의 본질적인 가치 판단이 어렵습니다."", ""최근 1개월 수익률이 마이너스(-)를 기록하며 하락세를 보이고 있으나, 거래량 변화율은 긍정적인 신호를 일부 포함하고 있습니다."", ""애널리스트 리포트에서는 목표주가가 현재가 대비 상승 여력을 시사하지만, 이는 과거 데이터에 기반한 분석일 수 있으며 단기적인 주가 방향성을 확신하기에는 근거가 제한적입니다.""]"
105560,KB금융,2023-12-01,51900,Buy,75,"[""2023년 3분기 영업이익이 전년 동기 대비 12.7% 증가하며 견조한 실적 개선세를 보이고 있습니다."", ""최근 1개월 수익률이 1.76%로 소폭 상승하며 긍정적인 모멘텀을 시사합니다."", ""애널리스트 리포트에서 목표주가 70,000원을 제시하며 향후 주가 상승 여력을 시사하고 있습니다.""]"
105560,KB금융,2024-01-02,53600,Buy,65,"[""KB금융은 2023년 3분기 영업이익이 전년 동기 대비 12.7% 증가하며 견조한 실적 개선세를 보였습니다."", ""현재가는 52주 최고가 대비 약 10.7% 하락한 수준으로, 추가적인 상승 여력이 존재할 수 있습니다."", ""최근 1개월 수익률이 3.67%로 양호한 흐름을 보이고 있으나, 거래량 변화율이 음수(-)인 점은 단기적인 매도 압력을 시사할 수 있습니다.""]"
105560,KB금융,2024-02-01,61300,Buy,75,"[""최근 1개월 수익률 16.54%와 거래량 변화율 79.35%는 긍정적인 모멘텀을 시사합니다."", ""52주 최고가와 현재가가 일치하며, 52주 최저가 대비 높은 위치에 있어 상승 추세가 이어질 가능성이 있습니다."", ""2023년 3분기 영업이익이 전년 동기 대비 12.7% 증가하며 견조한 실적 개선세를 보이고 있습니다.""]"
105560,KB금융,2024-03-04,69000,Buy,75,"[""최근 1개월 수익률이 23.43%로 강한 상승세를 보이고 있으며, 52주 최고가에 근접한 97.0% 위치에 있어 추가 상승 여력이 존재합니다."", ""애널리스트 리포트에서 제시된 목표주가들이 현재가(69,000원) 대비 상승 여력을 시사하고 있습니다."", ""2023년 3분기 영업이익이 전년 동기 대비 12.7% 증가하며 견조한 이익 체력을 보여주고 있습니다.""]"
105560,KB금융,2024-04-01,68400,Buy,75,"[""2023년 영업이익이 전년 대비 21.7% 증가하며 견조한 실적 성장을 보여주었음."", ""PER 5.9, PBR 0.43로 저평가 구간에 있으며, 52주 최고가 대비 현재 위치가 68.2%로 상승 여력이 존재함."", ""최근 1개월 수익률이 7.72%로 긍정적인 흐름을 보이고 있으며, 애널리스트 리포트에서도 긍정적인 전망과 목표주가를 제시하고 있음.""]"
105560,KB금융,2024-05-02,72300,Buy,75,"[""최근 30일간 애널리스트 리포트에서 제시된 목표주가들이 현재가 대비 상당한 상승 여력을 시사하고 있습니다."", ""PER 6.2, PBR 0.46으로 낮은 밸류에이션 수준을 유지하고 있으며, 이는 주가 상승의 잠재력을 내포합니다."", ""2023년 영업이익이 전년 대비 21.7% 증가하는 등 견조한 실적 성장세를 보이고 있습니다.""]"
105560,KB금융,2024-06-03,79300,Buy,75,"[""KB금융은 현재가 79,300원으로 52주 최고가 81,600원에 근접해 있으며, 52주 내 현재 위치가 93.5%로 높은 수준을 유지하고 있습니다."", ""최근 1개월 수익률이 4.89%로 긍정적인 흐름을 보이고 있으며, 이는 단기적인 주가 상승 모멘텀을 시사합니다."", ""2024년 1분기 영업이익이 전년 동기 대비 10.1% 증가한 2.4조원을 기록하며 견조한 실적 성장세를 보여주고 있습니다.""]"
105560,KB금융,2024-07-01,79600,Buy,75,"[""KB금융은 현재가 79,600원으로 52주 최고가 81,600원에 근접한 94.3% 위치에 있어 추가 상승 여력이 제한적일 수 있으나, PER 6.9배, PBR 0.50배로 저평가된 것으로 판단됩니다."", ""2024년 1분기 영업이익이 전년 동기 대비 10.1% 증가한 2.4조원을 기록하며 견조한 실적 성장세를 보이고 있습니다."", ""최근 1개월 수익률이 1.14%로 소폭 상승세를 보이고 있으며, 52주 최저가 대비 높은 수준을 유지하고 있어 긍정적인 흐름을 이어갈 가능성이 있습니다.""]"
105560,KB금융,2024-08-01,88300,Buy,85,"[""최근 30일간 애널리스트 리포트에서 모두 긍정적인 실적 전망과 함께 목표주가가 현재가 대비 상승 여력을 시사하고 있습니다."", ""PER 7.6, PBR 0.56은 현재 주가가 기업의 내재가치 대비 저평가되어 있음을 나타내며, 이는 향후 주가 상승의 잠재력을 보여줍니다."", ""52주 최고가 대비 현재 위치가 94.2%로, 주가가 이미 상당 부분 상승했음에도 불구하고 최근 1개월 수익률이 4.62%로 긍정적인 흐름을 이어가고 있습니다.""]"
105560,KB금융,2024-09-02,87700,Sell,75,"[""최근 1개월 수익률이 마이너스(-)를 기록하며 약세를 보이고 있으며, 거래량 변화율 또한 감소하여 매도 압력이 존재할 가능성이 있습니다."", ""52주 최고가 대비 현재 위치가 92.5%로, 단기적으로 상승 여력이 제한적일 수 있습니다."", ""부채비율이 1140.7%로 매우 높아 재무 안정성에 대한 우려가 존재하며, 이는 향후 주가에 하방 압력으로 작용할 수 있습니다.""]"
105560,KB금융,2024-10-02,81300,Buy,75,"[""PER 7.0, PBR 0.51로 낮은 밸류에이션 지표를 보이며, 52주 최고가 대비 현재 위치가 77.1%로 상승 여력이 존재합니다."", ""최근 애널리스트 리포트에서 목표주가가 현재가보다 높게 제시되며 긍정적인 전망을 나타내고 있습니다."", ""2분기 영업이익이 전년 동기 대비 12.2% 증가하는 등 견조한 실적 개선세를 보이고 있습니다.""]"
105560,KB금융,2024-11-01,91800,Buy,75,"[""최근 1개월 수익률이 13.47%로 양호하며, 52주 최고가 대비 현재 위치가 82.2%로 상승 추세에 있다."", ""애널리스트 리포트에서 제시된 목표주가들이 현재가 대비 상당한 상승 여력을 시사하고 있다."", ""PER 7.9, PBR 0.58로 저평가 구간에 있으며, ROE 7.3%는 양호한 수익성을 나타낸다.""]"
105560,KB금융,2024-12-02,96400,Buy,75,"[""최근 1개월 수익률 5.01%로 긍정적인 흐름을 보이고 있으며, 52주 최고가 대비 현재 위치가 높아 추가 상승 여력이 있습니다."", ""두 건의 애널리스트 리포트 모두 목표주가를 현재가보다 높게 제시하며 긍정적인 전망을 내놓고 있습니다."", ""2024년 3분기 영업이익이 전년 동기 대비 21.1% 증가하며 견조한 실적 개선세를 보이고 있습니다.""]"
105560,KB금융,2025-01-02,83400,Sell,75,"[""최근 1개월 수익률이 -13.31%로 하락세를 보이고 있으며, 이는 단기적인 투자 심리 위축을 시사합니다."", ""부채비율이 1144.1%로 매우 높아 재무 안정성에 대한 우려가 존재하며, 이는 향후 주가 상승에 부담으로 작용할 수 있습니다."", ""영업이익은 전년 동기 대비 증가했으나, 매출 및 영업이익률 정보가 없어 실적 개선의 지속 가능성을 판단하기 어렵습니다.""]"
105560,KB금융,2025-02-03,88800,Buy,75,"[""최근 1개월 수익률이 3.86%로 긍정적인 흐름을 보이고 있으며, 52주 최고가 대비 현재 위치가 76.1%로 상승 여력이 남아있습니다."", ""애널리스트 리포트에서 목표주가가 현재가 대비 상승 여력을 시사하고 있으며, 외국인 수급 개선 및 주주환원 지속에 대한 긍정적인 전망이 제시되었습니다."", ""2024년 3분기 영업이익이 전년 동기 대비 21.1% 증가하는 등 견조한 실적 성장세를 보이고 있습니다.""]"
105560,KB금융,2025-03-04,77900,Sell,75,"[""최근 1개월 수익률이 -15.05%로 큰 폭의 하락세를 보이고 있으며, 이는 단기적인 매도 압력을 시사합니다."", ""애널리스트 리포트에서 '높아진 기대치에 비해 아쉬움이 컸던 주주환원', '기대치를 밑돈 자본비율과 자사주 규모' 등의 언급은 향후 주가 상승 모멘텀 약화를 시사합니다."", ""PER 6.7, PBR 0.49는 절대적으로 저평가되었다고 보기 어렵고, ROE 7.3%는 낮은 수준은 아니나 폭발적인 성장을 기대하기는 어렵습니다.""]"
105560,KB금융,2025-04-01,79600,Buy,75,"[""KB금융은 PER 6.2, PBR 0.50으로 저평가 구간에 있으며, 2024년 영업이익이 전년 대비 26.0% 증가하는 등 견조한 실적 성장을 보이고 있습니다."", ""최근 1개월 수익률이 1.66%로 소폭 상승세를 보이고 있으며, 52주 최저가 대비 현재 위치가 43.3%로 상승 여력이 존재합니다."", ""부채비율이 1167.0%로 다소 높으나, 이는 금융업의 특성을 감안할 때 일반 제조업과는 다른 해석이 필요하며, 순이익 규모가 5.0조원에 달하는 점은 재무 건전성을 뒷받침합니다.""]"
105560,KB금융,2025-05-02,93200,Buy,75,"[""최근 1개월 수익률이 15.78%로 강한 상승세를 보이고 있으며, 52주 최고가 대비 현재 위치가 78.7%로 상승 여력이 남아있습니다."", ""최근 애널리스트 리포트들이 일제히 긍정적인 전망과 함께 목표주가를 상향 제시하고 있습니다."", ""영업이익이 전년 대비 26.0% 증가하는 등 견조한 실적 개선세를 보이고 있으며, PER 7.2, PBR 0.58은 저평가 매력을 시사합니다.""]"
105560,KB금융,2025-06-02,100000,Sell,75,"[""최근 1개월 수익률이 13.90%로 높았으나, 52주 최고가 대비 현재 위치가 87.3%로 상승 여력이 제한적입니다."", ""영업이익이 전년 동기 대비 -2.2% 감소하였으며, 이는 향후 실적 둔화 가능성을 시사합니다."", ""부채비율이 1181.0%로 매우 높아 재무 안정성에 대한 우려가 존재합니다.""]"
105560,KB금융,2025-07-01,110800,Buy,75,"[""최근 1개월 수익률 7.89%와 거래량 변화율 37.41%는 긍정적인 모멘텀을 시사합니다."", ""52주 최고가 대비 현재 위치가 96.4%로, 상승 여력이 남아있을 가능성이 있습니다."", ""애널리스트 리포트에서 목표주가 상향 조정 및 주주환원 확대 기대감이 제시되었습니다.""]"
105560,KB금융,2025-08-01,106000,Buy,75,"[""최근 30일 내 애널리스트 리포트에서 제시된 목표주가 평균이 현재가 대비 상당한 상승 여력을 시사합니다."", ""PER 8.2, PBR 0.66은 현재 시장에서 저평가되어 있을 가능성을 나타냅니다."", ""최근 1개월 수익률이 -9.32%로 하락했으나, 이는 단기적인 조정일 수 있으며 향후 반등 가능성을 내포합니다.""]"
105560,KB금융,2025-09-01,107100,Sell,75,"[""최근 1개월 수익률이 -3.43%로 하락세를 보이고 있으며, 거래량 변화율 또한 -32.57%로 감소하여 투자 심리가 위축된 것으로 판단됩니다."", ""2025년 2분기 영업이익이 전년 동기 대비 -7.4% 감소한 점은 향후 실적에 대한 우려를 제기합니다."", ""부채비율이 1180.7%로 매우 높아 재무 안정성에 대한 부담이 존재하며, 이는 주가 상승 동력을 약화시킬 수 있습니다.""]"
105560,KB금융,2025-10-01,116300,Sell,75,"[""2025년 2분기 영업이익이 전년 동기 대비 7.4% 감소한 점은 향후 실적 둔화 가능성을 시사합니다."", ""현재가가 52주 최고가 대비 약 11.1% 하락한 위치에 있으며, 이는 단기적인 상승 모멘텀 약화를 나타낼 수 있습니다."", ""부채비율이 1180.7%로 매우 높아 재무 안정성에 대한 우려가 존재하며, 이는 주가 하락 압력으로 작용할 수 있습니다.""]"
105560,KB금융,2025-11-03,118000,Buy,75,"[""최근 1개월 수익률 4.70%와 거래량 변화율 16.89%는 긍정적인 수급 신호를 나타냅니다."", ""다수의 애널리스트 리포트에서 목표주가를 현재가 대비 상향 제시하며 긍정적인 전망을 내놓고 있습니다."", ""PER 9.2, PBR 0.74는 상대적으로 낮은 밸류에이션 수준으로, 향후 주가 상승 여력을 시사합니다.""]"
105560,KB금융,2025-12-01,126300,Buy,75,"[""최근 1개월 수익률 8.32%와 거래량 변화율 19.80%는 긍정적인 수급 신호를 나타냅니다."", ""52주 최고가 대비 현재 위치가 86.9%로, 상승 여력이 남아있음을 시사합니다."", ""애널리스트 리포트에서 제시된 목표주가 184,000원은 현재가 대비 상당한 상승 잠재력을 보여줍니다.""]"
055550,신한지주,2023-01-02,34300,Sell,65,"[""최근 1개월 수익률이 -10.56%로 하락세를 보이고 있으며, 이는 단기적인 매도 압력을 시사합니다."", ""거래량 변화율이 -5.19%로 감소하는 추세는 투자자들의 관심 감소 또는 매도 심리 강화를 나타낼 수 있습니다."", ""제공된 재무 및 실적 데이터가 대부분 '해당없음' 또는 'N/A'로, 현재 기업의 수익성 및 재무 건전성에 대한 명확한 판단 근거가 부족하여 불확실성이 높습니다.""]"
055550,신한지주,2023-02-01,42450,Buy,75,"[""최근 1개월 수익률이 20.60%로 강한 상승세를 보이고 있으며, 거래량 변화율도 89.65%로 높아 투자자들의 관심이 집중되고 있습니다."", ""52주 최고가 대비 현재 위치가 78.7%로, 아직 상승 여력이 남아있을 가능성을 시사합니다."", ""최근 애널리스트 리포트에서 목표주가가 현재가보다 높게 제시되어 긍정적인 전망을 뒷받침합니다.""]"
055550,신한지주,2023-03-02,37700,Sell,75,"[""최근 1개월 수익률이 -9.27%로 하락세를 보이고 있으며, 거래량 변화율 또한 -20.26%로 감소하여 투자 심리가 위축되었음을 시사합니다."", ""PER, PBR, ROE 등 핵심 재무 지표가 '해당없음' 또는 'N/A'로 제시되어 기업의 현재 가치 및 수익성을 평가하기 어렵습니다."", ""애널리스트 리포트에서 목표주가가 현재가 대비 상승 여력을 제시하고 있으나, '대규모 추가비용 인식' 및 '다소 아쉬웠던 배당 정책'과 같은 부정적인 언급이 존재하여 상승 동력이 제한적일 수 있습니다.""]"
055550,신한지주,2023-04-03,34550,Sell,60,"[""최근 1개월 수익률이 -6.75%로 하락세를 보이고 있으며, 52주 최고가 대비 현재 위치가 10.0%로 하락 가능성이 존재합니다."", ""제공된 재무 및 실적 데이터가 '해당없음' 또는 'N/A'로 분석이 불가능하여 향후 주가 상승을 뒷받침할 근거가 부족합니다."", ""거래량 변화율이 5.79%로 소폭 증가했으나, 이는 하락 추세를 반전시키기에는 미미한 수준으로 판단됩니다.""]"
055550,신한지주,2023-05-02,35450,Neutral,60,"[""최근 1개월 수익률이 0.28%로 소폭 상승했으나, 거래량 변화율이 -35.05%로 크게 감소하여 상승 동력이 약화되었습니다."", ""애널리스트 리포트에서 목표주가가 40,000원에서 51,000원까지 다양하게 제시되어 있어 향후 주가 방향에 대한 불확실성이 존재합니다."", ""PER, PBR, ROE 등 핵심 재무 지표가 '해당없음' 또는 'N/A'로 제시되어 기업의 현재 가치 및 수익성에 대한 객관적인 판단이 어렵습니다.""]"
055550,신한지주,2023-06-01,34700,Sell,65,"[""최근 1개월 수익률이 -0.72%로 하락세를 보이고 있으며, 52주 최고가 대비 현재 위치가 11.3%로 상승 여력이 제한적입니다."", ""애널리스트 리포트에서 낮아진 배당수익률로 상대적인 매력이 저하되었다는 의견이 있습니다."", ""제공된 재무 및 실적 데이터가 부족하여 기업의 근본적인 가치 상승 동력을 파악하기 어렵습니다.""]"
055550,신한지주,2023-07-03,34500,Neutral,55,"[""제공된 재무 및 기술 지표만으로는 향후 20거래일 주가 방향성을 명확히 판단하기 어렵습니다."", ""PER, PBR, ROE 등 핵심 재무 지표가 누락되어 기업의 내재가치 평가가 불가능합니다."", ""최근 1개월 수익률 및 거래량 변화율이 부정적이나, 52주 내 현재 위치는 상대적으로 낮은 편에 속하여 상반된 신호를 보입니다.""]"
055550,신한지주,2023-08-01,35950,Neutral,55,"[""제공된 재무 지표에서 PER, PBR, ROE, 매출, 영업이익, 영업이익률, 순이익, 부채비율, 영업현금흐름 등 핵심적인 재무 건전성 및 수익성 지표가 '해당없음' 또는 'N/A'로 제공되어 기업의 본질적인 가치 판단이 불가능합니다."", ""최근 1개월 수익률이 4.20%로 긍정적인 흐름을 보이고 거래량 변화율도 20.57%로 증가하는 등 기술적 지표는 상승 가능성을 시사하나, 이는 단기적인 모멘텀일 수 있으며 근본적인 상승 동력으로 보기에는 부족합니다."", ""애널리스트 리포트에서 목표주가가 현재가(35,950원) 대비 상승 여력을 제시하고 있으나, '실적도 주주환원도 조금씩 아쉬웠던 수준'이라는 평가와 '비이자이익 약진, 다소 아쉬운 배당 정책' 등 상반된 의견이 혼재되어 있어 명확한 방향성을 판단하기 어렵습니다.""]"
055550,신한지주,2023-09-01,35450,Neutral,55,"[""제공된 재무 및 기술 지표만으로는 향후 20거래일 내 주가 상승 또는 하락을 명확히 판단하기 어렵습니다."", ""PER, PBR, ROE, 매출, 영업이익, 영업이익률, 순이익, 부채비율, 영업현금흐름 등 핵심 재무 정보가 누락되어 기업의 현재 가치 및 수익성을 평가할 수 없습니다."", ""최근 1개월 수익률 및 거래량 변화율이 부정적인 흐름을 보이고 있으나, 52주 내 현재 위치가 최저가 대비 상승한 점은 상승 여력도 시사합니다.""]"
055550,신한지주,2023-10-04,35050,Sell,75,"[""최근 1개월 수익률이 -0.99%로 하락세를 보이고 있으며, 52주 최고가 대비 현재 위치가 20.6%로 상승 여력이 제한적입니다."", ""애널리스트 리포트에서 3분기 실적 부진 가능성을 언급하고 있어 단기적인 주가 상승 동력이 약합니다."", ""PER, PBR, ROE 등 핵심 재무 지표가 '해당없음' 또는 'N/A'로 제시되어 기업의 현재 가치 및 수익성을 평가하기 어렵습니다.""]"
055550,신한지주,2023-11-01,35000,Neutral,55,"[""PER, PBR, ROE 등 핵심 재무지표가 '해당없음' 또는 'N/A'로 제공되어 기업의 내재가치 판단이 불가능합니다."", ""최근 1개월 수익률이 마이너스이고 거래량 변화율도 감소하는 등 단기적인 투자 심리가 위축된 모습을 보입니다."", ""애널리스트 리포트에서 목표주가가 현재가 대비 상승 여력을 제시하고 있으나, 목표주가 범위가 넓고 일부 리포트에서는 추가 비용 인식을 언급하여 상승 동력이 불확실합니다.""]"
055550,신한지주,2023-12-01,36400,Neutral,55,"[""최근 1개월 수익률은 긍정적이나, 거래량 변화율은 하락세를 시사하며 상반된 기술적 신호를 보입니다."", ""최근 애널리스트 리포트에서 목표주가가 현재가 대비 상승 여력을 제시하고 있으나, 3분기 영업이익이 전년 동기 대비 소폭 감소한 점은 부담 요인입니다."", ""PER, PBR, ROE 등 핵심 재무지표가 '해당없음' 또는 'N/A'로 제시되어 기업의 본질적인 가치 평가에 한계가 있으며, 높은 부채비율은 재무 안정성에 대한 우려를 제기합니다.""]"
055550,신한지주,2024-01-02,39350,Sell,75,"[""신한지주의 2023년 3분기 영업이익이 전년 동기 대비 1.1% 감소한 점은 향후 수익성 둔화 가능성을 시사합니다."", ""부채비율이 1123.1%로 매우 높아 재무 안정성에 대한 우려가 존재합니다."", ""최근 1개월 수익률이 8.40%로 양호했으나, 거래량 변화율이 -0.97%로 감소 추세를 보이며 상승 동력이 약화될 수 있습니다.""]"
055550,신한지주,2024-02-01,42500,Buy,75,"[""최근 1개월 수익률 12.14%와 거래량 변화율 83.02%는 긍정적인 모멘텀을 시사합니다."", ""52주 최고가 대비 현재 위치 80.7%는 상승 여력이 남아있음을 나타냅니다."", ""애널리스트 리포트에서 제시된 목표주가 46,000원은 현재가 42,500원 대비 상승 가능성을 보여줍니다.""]"
055550,신한지주,2024-03-04,44200,Buy,75,"[""최근 1개월 수익률 10.64%와 거래량 변화율 148.02%는 긍정적인 수급 신호를 나타냅니다."", ""다수의 애널리스트 리포트에서 목표주가를 현재가 대비 상향 제시하며 주주환원 기대감을 높이고 있습니다."", ""52주 최고가 대비 현재 위치가 91.4%로, 상승 추세가 이어질 가능성을 시사합니다.""]"
055550,신한지주,2024-04-01,45550,Buy,75,"[""PER 5.7, PBR 0.38로 현재 주가가 기업의 내재가치 대비 저평가되어 있다는 분석이 있습니다."", ""최근 1개월 수익률 4.59%와 거래량 변화율 26.38%는 시장의 관심이 증가하고 있음을 시사합니다."", ""애널리스트 리포트에서 오버행 이슈에도 불구하고 상대적 저평가 및 목표주가 57,000원을 제시하며 상승 여력을 시사하고 있습니다.""]"
055550,신한지주,2024-05-02,45800,Buy,75,"[""최근 30일간 애널리스트 리포트에서 제시된 목표주가들이 현재가 대비 상당한 상승 여력을 시사하고 있습니다."", ""PER 5.7, PBR 0.39는 현재 주가가 기업의 내재가치 대비 저평가되어 있음을 나타냅니다."", ""52주 최고가 대비 현재 위치가 70% 수준으로, 추가적인 상승 가능성을 열어두고 있습니다.""]"
055550,신한지주,2024-06-03,47000,Buy,75,"[""2024년 1분기 영업이익이 전년 동기 대비 17.8% 증가하며 견조한 이익 체력을 보여주고 있습니다."", ""PER 5.8배, PBR 0.40배로 저평가 매력이 있으며, 52주 최고가 대비 현재 위치가 76.3%로 상승 여력이 남아있습니다."", ""최근 애널리스트 리포트에서 목표주가 57,000원을 제시하며 긍정적인 전망을 내놓고 있습니다.""]"
055550,신한지주,2024-07-01,47850,Buy,75,"[""신한지주의 1분기 영업이익이 전년 동기 대비 17.8% 증가하며 견조한 실적 개선세를 보이고 있습니다."", ""현재 주가는 52주 최고가 대비 약 80.8% 수준에 위치하며, 추가 상승 여력이 존재할 가능성이 있습니다."", ""PER 6.0, PBR 0.40 등 낮은 밸류에이션 지표는 현재 주가가 저평가되었을 가능성을 시사합니다.""]"
055550,신한지주,2024-08-01,60700,Buy,85,"[""최근 1개월 수익률 18.79%와 거래량 변화율 29.25%는 긍정적인 시장 관심과 매수세를 시사합니다."", ""PER 7.5, PBR 0.51은 현재 주가가 기업의 내재가치 대비 저평가되었을 가능성을 나타냅니다."", ""최근 애널리스트 리포트에서 일관되게 긍정적인 전망과 목표주가 상향이 제시되고 있으며, 이는 향후 주가 상승에 대한 기대감을 높입니다.""]"
055550,신한지주,2024-09-02,56300,Sell,75,"[""최근 1개월 수익률이 -7.25%로 하락세를 보이고 있으며, 거래량 변화율 또한 -13.27%로 감소하여 투자 심리가 위축된 것으로 판단됩니다."", ""부채비율이 1163.3%로 매우 높아 재무 안정성에 대한 우려가 있으며, 영업현금흐름이 -2.7조원으로 마이너스를 기록하고 있어 단기적인 현금 창출 능력에 대한 의문이 제기됩니다."", ""현재 주가가 52주 최고가 대비 81.3% 수준에 위치해 있어 추가적인 상승 여력보다는 단기적인 되돌림 가능성이 존재합니다.""]"
055550,신한지주,2024-10-02,55900,Sell,75,"[""최근 1개월 수익률이 -2.95%로 하락세를 보이고 있으며, 거래량 변화율 또한 -5.85%로 감소하여 투자 심리가 위축된 것으로 판단됩니다."", ""부채비율이 1163.3%로 매우 높아 재무 안정성에 대한 우려가 있으며, 영업현금흐름이 -2.7조원으로 마이너스를 기록하고 있어 단기적인 현금 창출 능력에 문제가 있을 수 있습니다."", ""현재 주가가 52주 최고가 대비 약 79.8% 수준에 위치해 있어 추가적인 상승 여력보다는 단기적인 차익 실현 매물이 출회될 가능성이 있습니다.""]"
055550,신한지주,2024-11-01,54000,Buy,75,"[""최근 애널리스트 리포트에서 제시된 목표주가들이 현재가 대비 상당한 상승 여력을 시사하고 있습니다."", ""PER 6.7, PBR 0.46은 현재 주가가 기업의 내재가치 대비 저평가되었을 가능성을 나타냅니다."", ""52주 최저가 대비 현재 위치가 72.9%로, 주가 반등의 기술적 모멘텀이 존재할 수 있습니다.""]"
055550,신한지주,2024-12-02,53900,Buy,75,"[""최근 애널리스트 리포트에서 목표주가 상향 조정과 함께 주가 상승을 기대하는 의견이 제시되었습니다."", ""PER 6.7, PBR 0.45로 현재 주가가 기업의 내재가치 대비 저평가된 것으로 판단됩니다."", ""영업이익이 전년 동기 대비 9.7% 증가하는 등 견조한 실적 개선세를 보이고 있습니다.""]"
055550,신한지주,2025-01-02,47750,Sell,75,"[""최근 1개월 수익률이 -9.91%로 하락세를 보이고 있으며, 52주 최고가 대비 현재 위치가 45.5%로 절반 이상 하락한 상태입니다."", ""영업이익은 전년 동기 대비 증가했으나, 부채비율이 1168.4%로 매우 높아 재무 안정성에 대한 우려가 존재합니다."", ""PER 5.9, PBR 0.40, ROE 6.8% 등 일부 재무 지표는 저평가 가능성을 시사하나, 최근 주가 하락 추세와 높은 부채비율을 고려할 때 단기적인 하락 가능성이 높다고 판단됩니다.""]"
055550,신한지주,2025-02-03,50200,Buy,75,"[""최근 3분기 영업이익이 전년 동기 대비 9.7% 증가하며 견조한 실적 성장세를 보이고 있습니다."", ""PER 6.2, PBR 0.42로 저평가 매력이 있으며, 52주 최저가 대비 현재 위치가 55.3%로 상승 여력이 존재합니다."", ""최근 1개월 수익률이 2.66%로 긍정적인 흐름을 보이고 있으며, 애널리스트 리포트에서도 목표주가 70,000원을 제시하며 긍정적인 전망을 내놓고 있습니다.""]"
055550,신한지주,2025-03-04,46150,Buy,75,"[""최근 애널리스트 리포트에서 제시된 목표주가들이 현재가 대비 상당한 상승 여력을 시사하고 있습니다."", ""PER 5.7, PBR 0.39 등 낮은 밸류에이션 지표는 가격 매력도를 높입니다."", ""최근 1개월 수익률은 하락했으나, 거래량 변화율이 60.60%로 증가하며 투자자들의 관심이 재집중될 가능성을 보여줍니다.""]"
055550,신한지주,2025-04-01,48100,Buy,75,"[""PER 5.7, PBR 0.39로 저평가 구간에 있으며, 2024년 영업이익 6.5조원으로 견조한 실적을 기록하고 있습니다."", ""최근 1개월 수익률 4.91%로 상승세를 보이고 있으며, 52주 최저가 대비 현재 위치가 36.2%로 상승 여력이 존재합니다."", ""영업현금흐름이 +4.6조원으로 양호하며, 이는 재무 안정성에 긍정적인 영향을 미칠 수 있습니다.""]"
055550,신한지주,2025-05-02,51200,Buy,75,"[""최근 30일간 애널리스트 리포트에서 제시된 목표주가들이 현재가 대비 상당한 상승 여력을 시사하고 있습니다."", ""PER 6.1, PBR 0.41은 현재 주가가 기업의 내재가치 대비 저평가되어 있음을 나타내며, 이는 향후 주가 상승의 잠재력을 보여줍니다."", ""최근 1개월 수익률 5.13%와 거래량 변화율 6.41%는 시장에서 긍정적인 관심이 유입되고 있음을 시사합니다.""]"
055550,신한지주,2025-06-02,55800,Sell,75,"[""2025년 1분기 영업이익이 전년 동기 대비 6.0% 감소한 점은 향후 실적 둔화 가능성을 시사합니다."", ""최근 1개월 수익률이 10.71%로 양호했으나, 거래량 변화율이 -12.20%로 감소한 점은 상승 모멘텀 약화를 나타낼 수 있습니다."", ""현재 주가가 52주 최고가 대비 약 9.3% 하락한 위치에 있으며, 52주 내 현재 위치가 68.5%로 상승 여력이 제한적일 수 있습니다.""]"
055550,신한지주,2025-07-01,62200,Buy,75,"[""현재가가 52주 최고가와 동일하며, 최근 1개월 수익률이 8.17%로 양호한 흐름을 보이고 있습니다."", ""PER 7.4, PBR 0.50으로 저평가 매력이 존재하며, 애널리스트 리포트에서 다소 과도한 저평가 의견과 함께 목표주가 75,000원을 제시했습니다."", ""영업이익이 전년 동기 대비 소폭 감소했으나, 영업현금흐름이 6.5조원으로 견조한 수준을 유지하고 있습니다.""]"
055550,신한지주,2025-08-01,65100,Buy,75,"[""최근 30일간 애널리스트 리포트에서 제시된 목표주가들이 현재가 대비 상당한 상승 여력을 시사하고 있습니다."", ""PBR 0.53은 장부가치 대비 저평가 가능성을 나타내며, ROE 6.9%는 자본 대비 수익성을 보여줍니다."", ""최근 1개월 수익률이 2.20%로 소폭 상승세를 보이고 있으며, 52주 내 현재 위치가 76.2%로 고점 부근에 위치하나 추가 상승 여력이 존재합니다.""]"
055550,신한지주,2025-09-01,64000,Sell,75,"[""최근 1개월 수익률이 -5.88%로 하락세를 보이고 있으며, 거래량 변화율 또한 -23.58%로 감소하여 투자 심리가 위축된 것으로 판단됩니다."", ""부채비율이 1150.4%로 매우 높아 재무 안정성에 대한 우려가 존재하며, 이는 향후 주가 상승에 제약 요인이 될 수 있습니다."", ""PER 7.6, PBR 0.52, ROE 6.9% 등 재무 지표 자체는 나쁘지 않으나, 최근의 기술적 지표와 재무 안정성 지표를 고려할 때 단기적인 하락 가능성이 더 높다고 판단됩니다.""]"
055550,신한지주,2025-10-01,70500,Buy,75,"[""신한지주는 현재가 70,500원으로 52주 최고가 71,800원에 근접하며, 52주 내 현재 위치가 95.4%로 높은 수준을 유지하고 있습니다."", ""최근 1개월 수익률이 8.63%로 양호하며, 거래량 변화율도 16.11%로 긍정적인 수급 신호를 보여줍니다."", ""2025년 2분기 영업이익이 전년 동기 대비 8.7% 증가한 2.0조원을 기록하며 견조한 이익 성장세를 나타내고 있습니다.""]"
055550,신한지주,2025-11-03,74100,Buy,75,"[""최근 1개월 수익률이 7.08%로 양호하며, 52주 최고가에 근접한 위치는 상승 모멘텀을 시사합니다."", ""최근 30일간 애널리스트 리포트에서 모두 긍정적인 실적 전망과 함께 목표주가가 현재가 대비 상승 여력을 보여주고 있습니다."", ""2025년 2분기 영업이익이 전년 동기 대비 8.7% 증가하는 등 견조한 실적 개선세를 보이고 있습니다.""]"
055550,신한지주,2025-12-01,79700,Buy,75,"[""최근 1개월 수익률 8.73%로 단기 상승 모멘텀이 확인됩니다."", ""52주 최고가 대비 현재 위치가 95.5%로, 상승 추세가 지속될 가능성이 있습니다."", ""주주환원율 50% 조기 달성 예상 및 목표주가 106,000원 제시 리포트는 긍정적인 투자 심리를 유발할 수 있습니다.""]"
035720,카카오,2023-01-02,52700,Sell,75,"[""최근 1개월 수익률이 -8.98%로 하락세를 보이고 있으며, 거래량 변화율 또한 -51.43%로 감소하여 투자 심리가 위축된 것으로 판단됩니다."", ""2022년 3분기 영업이익이 전년 동기 대비 -10.6% 감소하여 수익성 악화 가능성을 시사합니다."", ""52주 최고가 대비 현재 위치가 8.0%로, 52주 최저가(47,300원)에 근접해 있어 추가 하락 가능성을 배제할 수 없습니다.""]"
035720,카카오,2023-02-01,62200,Buy,75,"[""최근 1개월 수익률이 17.14%로 강한 상승세를 보이고 있으며, 거래량 변화율도 44.97%로 긍정적인 모멘텀을 시사합니다."", ""애널리스트 리포트에서 제시된 목표주가들이 현재가 대비 상승 여력을 보여주고 있습니다."", ""부채비율 66.6%와 영업현금흐름 +4,745억원으로 재무 안정성이 양호한 편입니다.""]"
035720,카카오,2023-03-02,61200,Buy,75,"[""최근 애널리스트 리포트에서 제시된 목표주가들이 현재가 대비 상승 여력을 시사하고 있습니다."", ""영업현금흐름이 양호하며 부채비율이 낮아 재무 안정성이 우수합니다."", ""최근 1개월 수익률은 소폭 하락했으나, 거래량 변화율이 긍정적인 신호를 보이고 있습니다.""]"
035720,카카오,2023-04-03,60200,Sell,75,"[""최근 1개월 수익률이 -1.31%로 하락세를 보이고 있으며, 거래량 변화율 또한 -15.86%로 감소하여 투자 심리가 위축된 것으로 판단됩니다."", ""2022년 연간 영업이익이 전년 대비 3.1% 감소한 점은 수익성 둔화를 시사하며, 이는 향후 주가 상승에 부정적인 요인으로 작용할 수 있습니다."", ""카카오엔터테인먼트 상장 가시화 리포트가 목표주가 85,000원을 제시했으나, 현재가 60,200원에서 20거래일 내에 목표가 달성 가능성은 불확실하며, 기술적 지표상 52주 최고가 대비 현재 위치가 낮아 추가 하락 가능성을 배제할 수 없습니다.""]"
035720,카카오,2023-05-02,58500,Sell,75,"[""최근 1개월 수익률이 -4.26%로 하락세를 보이고 있으며, 거래량 변화율 또한 -16.96%로 감소하여 투자 심리가 위축된 것으로 판단됩니다."", ""2022년 연간 영업이익이 전년 대비 3.1% 감소하였으며, 영업이익률 또한 8.4%로 낮아져 수익성 개선에 대한 의문이 제기됩니다."", ""애널리스트 리포트의 목표주가(78,000원 ~ 87,000원) 대비 현재가(58,500원)는 높지만, 최근 실적 부진과 기술적 지표의 하락세를 고려할 때 단기적인 주가 상승 동력이 약하다고 판단됩니다.""]"
035720,카카오,2023-06-01,56100,Sell,75,"[""최근 1개월 수익률이 -3.44%로 하락세를 보이고 있으며, 거래량 변화율 또한 -22.05%로 감소하여 투자 심리가 위축된 것으로 판단됩니다."", ""2023년 1분기 영업이익이 전년 동기 대비 -55.2%로 크게 감소하며 수익성 악화가 두드러지고 있습니다."", ""애널리스트 리포트에서 제시된 목표주가 평균(약 77,000원) 대비 현재가(56,100원)는 상승 여력이 있으나, 최근 실적 부진과 기술적 지표의 하락세를 고려할 때 단기적인 하락 가능성이 더 높다고 판단됩니다.""]"
035720,카카오,2023-07-03,51000,Sell,75,"[""최근 1개월 수익률이 -9.09%로 하락세를 보이고 있으며, 52주 최고가 대비 현재 위치가 10.2%로 낮은 편입니다."", ""2023년 1분기 영업이익이 전년 동기 대비 -55.2%로 크게 감소하여 수익성 악화가 주가에 부정적인 영향을 미칠 수 있습니다."", ""애널리스트 리포트에서 목표주가 67,000원을 제시했으나, 현재가 51,000원 대비 상승 여력이 제한적이며, 경기 반등이라는 불확실한 요인에 의존하고 있습니다.""]"
035720,카카오,2023-08-01,54900,Sell,75,"[""최근 1개월 수익률이 7.65%로 양호하나, 2023년 1분기 영업이익이 전년 동기 대비 55.2% 감소하며 수익성 악화가 두드러짐."", ""애널리스트 리포트에서 제시된 목표주가들이 현재가(54,900원) 대비 상승 여력이 제한적이거나 하락 가능성을 시사함 (최고 목표주가 78,000원, 최저 목표주가 64,000원)."", ""기술적 지표상 52주 최고가 대비 현재 위치가 20.9%로, 상승 모멘텀이 약화될 가능성이 있음에도 불구하고 거래량 변화율이 34.43%로 높게 나타나 단기 변동성 확대 가능성을 시사함.""]"
035720,카카오,2023-09-01,48950,Sell,75,"[""최근 1개월 수익률이 -7.99%로 하락세를 보이고 있으며, 거래량 변화율 또한 -31.76%로 감소하여 투자 심리가 위축된 것으로 판단됩니다."", ""2분기 영업이익이 전년 동기 대비 -33.6% 감소하며 수익성 악화가 나타났습니다."", ""애널리스트 리포트의 목표주가 평균이 현재가 대비 상승 여력을 시사하지만, 최근 실적 부진과 기술적 지표의 하락 추세가 단기적인 하락 압력으로 작용할 가능성이 높습니다.""]"
035720,카카오,2023-10-04,41600,Sell,75,"[""최근 1개월 수익률이 -15.10%로 하락세를 보이고 있으며, 52주 최저가와 현재가가 동일하여 추가 하락 가능성이 있습니다."", ""2분기 영업이익이 전년 동기 대비 -33.6% 감소하며 수익성 악화가 관찰되었습니다."", ""애널리스트 리포트의 목표주가 상향에도 불구하고, 최근 주가 흐름과 실적 부진은 단기적인 하락 압력으로 작용할 수 있습니다.""]"
035720,카카오,2023-11-01,37600,Sell,75,"[""최근 1개월 수익률이 -14.06%로 하락세를 보이고 있으며, 52주 최고가 대비 현재 위치가 0.0%로 최저가 수준에 머물러 있어 추가 하락 가능성이 있습니다."", ""2분기 영업이익이 전년 동기 대비 -33.6% 감소하며 수익성 악화 신호를 보이고 있으며, 애널리스트 리포트에서도 '내부 정비를 통한 회복 필요', '아직 더딘 회복 시그널' 등 부정적인 의견이 일부 존재합니다."", ""목표주가들이 현재가 대비 상승 여력을 제시하고 있으나, 최근 실적 부진과 시장 전반의 불확실성을 고려할 때 단기적인 주가 반등보다는 하락 압력이 더 클 것으로 판단됩니다.""]"
035720,카카오,2023-12-01,49700,Sell,75,"[""최근 1개월 수익률이 28.92%로 높지만, 52주 최고가 대비 현재 위치가 36.3%로 여전히 높은 수준에 있어 추가 상승 여력이 제한적일 수 있습니다."", ""최근 30일간 애널리스트 리포트에서 제시된 목표주가 평균(약 58,000원) 대비 현재가(49,700원)는 상승 여력이 있으나, 일부 리포트에서는 목표주가가 현재가보다 낮게 제시되어 상반된 의견이 존재합니다."", ""3분기 영업이익이 전년 동기 대비 6.7% 감소하며 수익성 개선세가 둔화된 점은 향후 주가 상승에 부담으로 작용할 수 있습니다.""]"
035720,카카오,2024-01-02,57900,Sell,75,"[""최근 1개월 수익률이 14.65%로 양호했으나, 거래량 변화율이 -23.10%로 감소하며 상승 동력이 약화될 가능성을 시사합니다."", ""2023년 3분기 영업이익이 전년 동기 대비 6.7% 감소하며 성장세 둔화 우려가 있습니다."", ""PER 18.6, PBR 1.90은 시장 평균 대비 높은 수준은 아니지만, 영업이익 감소 추세를 고려할 때 추가적인 상승 여력이 제한적일 수 있습니다.""]"
035720,카카오,2024-02-01,52700,Buy,75,"[""최근 애널리스트 리포트에서 제시된 목표주가 평균이 현재가 대비 상당한 상승 여력을 시사합니다."", ""최근 1개월 수익률은 하락했으나, 거래량 변화율이 긍정적인 점은 향후 주가 반등 가능성을 나타냅니다."", ""매출은 전년 동기 대비 16.3% 성장했으며, 영업현금흐름이 양호하여 재무적 안정성을 바탕으로 한 주가 상승 여력이 존재합니다.""]"
035720,카카오,2024-03-04,53100,Neutral,55,"[""최근 1개월 수익률이 마이너스이고 거래량 변화율도 감소하는 등 단기적인 하락 압력이 관찰됩니다."", ""애널리스트 리포트에서 목표주가가 현재가 대비 상승 여력을 제시하고 있으나, 일부 리포트에서는 '높은 멀티플의 상실'을 언급하며 상승 여력에 대한 상반된 시각이 존재합니다."", ""2023년 3분기 매출은 전년 동기 대비 성장했으나 영업이익은 감소하여, 수익성 개선에 대한 불확실성이 존재합니다.""]"
035720,카카오,2024-04-01,53800,Sell,75,"[""2023년 연간 순이익이 적자 전환했으며, 영업이익 또한 전년 대비 감소하여 수익성 악화가 지속되고 있습니다."", ""최근 1개월 수익률은 소폭 상승했으나, 거래량 변화율이 크게 감소하여 시장의 관심이 줄어들고 있음을 시사합니다."", ""PER이 '해당없음(적자)'으로 표시되어 현재 기업 가치 대비 수익성을 평가하기 어렵고, PBR이 1.72로 자산 가치 대비 고평가 가능성이 있습니다.""]"
035720,카카오,2024-05-02,48300,Sell,75,"[""최근 1개월 수익률이 -10.22%로 하락세를 보이고 있으며, 2023년 연간 순이익이 큰 폭의 적자를 기록했습니다."", ""PER이 '해당없음(적자)'으로 표시되어 현재 수익성 기반의 밸류에이션이 어렵고, 영업이익이 전년 대비 감소했습니다."", ""애널리스트 리포트에서 목표주가가 제시되고 있으나, 최근 실적에 대한 우려와 함께 1분기 실적 후 지켜봐야 한다는 의견이 다수 존재하여 단기 상승 모멘텀이 약할 수 있습니다.""]"
035720,카카오,2024-06-03,44300,Neutral,65,"[""최근 1개월 수익률이 -8.85%로 하락세를 보이고 있으나, 2024년 1분기 매출 및 영업이익이 전년 동기 대비 크게 증가하며 긍정적인 실적 개선을 보여주고 있습니다."", ""애널리스트 리포트에서 목표주가가 현재가 대비 높게 제시되고 있으나, '이익 개선은 되는데 모멘텀이 부족', '불확실성이 남아 있는 구간'과 같은 의견이 혼재되어 있어 상승 모멘텀에 대한 확신이 부족합니다."", ""PER이 해당 없음(적자)으로 재무 건전성에 대한 우려가 존재하며, PBR 1.42는 현재 기업 가치가 장부 가치 대비 높지 않음을 시사하지만, 적자 기업이라는 점을 감안할 때 추가적인 상승 동력을 찾기 어렵습니다.""]"
035720,카카오,2024-07-01,41000,Buy,75,"[""카카오는 2024년 1분기 전년 동기 대비 매출 22.4%, 영업이익 92.2% 증가하며 견조한 실적 성장을 보여주었습니다."", ""영업이익률 6.0% 및 영업현금흐름 +3,498억원을 기록하며 재무 건전성을 유지하고 있습니다."", ""최근 1개월 수익률은 하락했으나, 52주 최저가 대비 현재 위치가 14.5%로 상승 여력이 존재하며, 애널리스트 리포트에서 목표주가 56,000원을 제시하여 긍정적인 전망을 뒷받침합니다.""]"
035720,카카오,2024-08-01,39800,Buy,75,"[""최근 1분기 실적에서 매출과 영업이익이 전년 동기 대비 크게 증가하며 견조한 성장세를 보이고 있습니다."", ""영업현금흐름이 양(+)의 값을 기록하며 재무 안정성을 뒷받침하고 있습니다."", ""애널리스트 리포트에서 목표주가가 현재가 대비 상승 여력을 시사하고 있으며, '저점을 지나가는 구간', '반등의 실마리' 등 긍정적인 전망이 다수 존재합니다.""]"
035720,카카오,2024-09-02,36900,Buy,75,"[""최근 2분기 실적에서 영업이익이 전년 동기 대비 18.5% 증가하며 개선세를 보였고, 영업현금흐름도 양호한 수준을 유지하고 있습니다."", ""최근 30일간 발표된 애널리스트 리포트에서 제시된 목표주가들이 현재가 대비 상승 여력을 시사하고 있습니다."", ""현재가가 52주 최저가에 근접한 수준으로, 기술적으로 반등 가능성을 배제할 수 없습니다.""]"
035720,카카오,2024-10-02,36000,Sell,75,"[""최근 1개월 수익률이 마이너스이며 거래량 변화율 또한 감소하는 추세를 보이고 있어 단기적인 하락 압력이 존재합니다."", ""PER이 없어 적자 기업임을 감안할 때, 현재 PBR 1.15는 상대적으로 높은 수준으로 평가될 수 있습니다."", ""52주 최고가 대비 현재 위치가 7.4%로, 상승 여력보다는 하락 가능성이 더 높아 보입니다.""]"
035720,카카오,2024-11-01,36150,Sell,75,"[""최근 1개월 수익률 0.00% 및 거래량 변화율 -6.47%는 현재 시장에서 매수세가 강하지 않음을 시사합니다."", ""애널리스트 리포트에서 제시된 목표주가들이 현재가(36,150원) 대비 상승 여력이 제한적이거나 하락 가능성을 내포하고 있습니다."", ""52주 최고가 대비 현재 위치가 7.9%로, 상승 모멘텀이 약하고 하락 위험이 상대적으로 높은 구간에 있습니다.""]"
035720,카카오,2024-12-02,42150,Sell,75,"[""최근 30일간 발표된 애널리스트 리포트에서 목표주가가 현재가(42,150원) 대비 하향 조정되는 추세이며, 일부 리포트에서는 목표주가가 현재가보다 낮게 제시되어 하락 가능성을 시사합니다."", ""최근 1개월 수익률이 16.60%로 양호했으나, 52주 최고가 대비 현재 위치가 33.0%로 여전히 높은 수준이며, 52주 최고가(61,100원) 대비 상당한 괴리가 존재하여 추가 상승 여력이 제한적일 수 있습니다."", ""3분기 매출이 전년 동기 대비 감소(-4.5%)하였고, 애널리스트 리포트에서 '잃어버린 성장', '신규 원동력 요구', '외형 성장 둔화' 등의 표현이 사용되어 향후 성장성에 대한 우려가 존재합니다.""]"
035720,카카오,2025-01-02,37450,Sell,75,"[""최근 1개월 수익률이 -6.61%로 하락세를 보이고 있으며, 52주 최고가 대비 현재 위치가 16.4%로 하락 가능성이 열려있습니다."", ""매출이 전년 동기 대비 -4.5% 감소하였으나, 영업이익은 5.0% 증가하며 단기적인 이익 개선은 이루어졌으나 매출 감소 추세는 우려 요인입니다."", ""거래량 변화율이 93.25%로 높게 나타나 변동성이 확대될 가능성이 있으며, 이는 하락 압력으로 작용할 수 있습니다.""]"
035720,카카오,2025-02-03,41800,Sell,75,"[""최근 애널리스트 리포트들의 목표주가 평균이 현재가보다 낮으며, 일부 리포트에서는 저성장 지속을 언급하고 있습니다."", ""최근 1개월 수익률은 긍정적이나, 거래량 변화율이 -35.20%로 감소하여 상승 동력이 약화될 가능성이 있습니다."", ""PER이 '해당없음(적자)'으로 표시되어 있어 현재 재무 상태가 불안정함을 시사합니다.""]"
035720,카카오,2025-03-04,41900,Buy,75,"[""최근 1개월 수익률이 9.26%로 양호하며, 거래량 변화율이 125.76%로 크게 증가하여 투자자들의 관심이 높아지고 있음을 시사합니다."", ""최근 30일간 애널리스트 리포트에서 목표주가가 현재가 대비 상승 여력을 보여주며, 카카오톡의 AI 서비스 진화 및 외연 확장 등 긍정적인 전망이 제시되었습니다."", ""2024년 3분기 영업이익이 전년 동기 대비 5.0% 증가했으며, 영업현금흐름이 9,803억원으로 양호하여 재무적인 안정성을 뒷받침하고 있습니다.""]"
035720,카카오,2025-04-01,42200,Neutral,55,"[""최근 1개월 수익률이 마이너스이고 거래량 변화율이 크게 감소하여 단기적인 투자 심리가 위축되었음을 시사합니다."", ""PER이 334.9로 매우 높아 현재 주가가 기업의 이익 대비 고평가되었을 가능성이 있습니다."", ""애널리스트 리포트에서 목표주가가 현재가 대비 상승 여력을 제시하고 있으나, 영업이익이 전년 대비 소폭 감소하고 순이익이 적자 전환한 점은 성장성에 대한 불확실성을 내포합니다.""]"
035720,카카오,2025-05-02,38050,Sell,75,"[""PER 302.0, ROE 0.4%로 밸류에이션 부담이 높고 수익성이 낮아 현재 주가 수준을 정당화하기 어렵습니다."", ""최근 1개월 수익률이 -6.97%로 하락세를 보이고 있으며, 52주 최고가 대비 현재 위치가 30.9%로 하락 여력이 존재합니다."", ""2024년 연간 순이익이 적자(-1,619억원)를 기록하며 재무 건전성에 대한 우려가 있습니다.""]"
035720,카카오,2025-06-02,43150,Buy,75,"[""최근 1개월 수익률이 12.22%로 양호하며, 52주 최고가 대비 현재 위치가 75%로 상승 추세에 있습니다."", ""애널리스트 리포트에서 제시된 목표주가들이 현재가 대비 상승 여력을 시사하고 있습니다."", ""영업현금흐름이 양호하며 부채비율이 안정적인 수준으로 재무 건전성이 유지되고 있습니다.""]"
035720,카카오,2025-07-01,60100,Sell,75,"[""최근 1개월 수익률이 36.59%로 높고 거래량 변화율이 280.54%로 급증했으나, 2025년 1분기 매출과 영업이익이 전년 동기 대비 감소한 점은 향후 주가 상승 동력 약화를 시사합니다."", ""PER 477.0, ROE 0.4%는 현재 주가가 기업의 이익 창출 능력에 비해 고평가되었음을 나타내며, 이는 단기적인 주가 하락 압력으로 작용할 수 있습니다."", ""52주 최고가 대비 현재 위치가 72.6%로 높은 수준이며, 최근 단기 급등 후 숨 고르기 또는 차익 실현 매물이 출회될 가능성이 있습니다.""]"
035720,카카오,2025-08-01,55500,Sell,75,"[""최근 1개월 수익률이 -6.72%로 하락세를 보이고 있으며, 거래량 변화율 또한 -71.02%로 크게 감소하여 투자 심리가 위축된 것으로 판단됩니다."", ""2025년 1분기 매출과 영업이익이 전년 동기 대비 감소하는 등 실적 둔화가 관찰됩니다."", ""PER 440.5배로 높은 밸류에이션 부담이 존재하며, ROE 0.4%로 낮은 수익성을 보이고 있습니다.""]"
035720,카카오,2025-09-01,61200,Buy,75,"[""최근 2분기 영업이익이 전년 동기 대비 38.8% 크게 증가하며 실적 개선세를 보이고 있습니다."", ""애널리스트 리포트에서 제시된 목표주가들이 현재가 대비 상승 여력을 시사하고 있습니다."", ""최근 1개월 수익률이 5.52%로 긍정적인 흐름을 보이고 있으며, 거래량 변화율도 높아 시장의 관심이 증가하고 있습니다.""]"
035720,카카오,2025-10-01,60000,Buy,75,"[""최근 애널리스트 리포트에서 제시된 목표주가들이 현재가 대비 상승 여력을 시사하고 있습니다."", ""2025년 2분기 영업이익이 전년 동기 대비 38.8% 증가하며 견조한 성장세를 보였습니다."", ""부채비율이 82.1%로 재무 안정성이 양호하며, 영업현금흐름도 긍정적인 상황입니다.""]"
035720,카카오,2025-11-03,64500,Buy,75,"[""최근 1개월 수익률 8.77%와 거래량 변화율 15.40%는 긍정적인 시장 관심과 매수세를 시사합니다."", ""2025년 2분기 영업이익이 전년 동기 대비 38.8% 증가하며 견조한 성장세를 보였습니다."", ""애널리스트 리포트에서 AI 도입 효과에 대한 긍정적인 전망과 목표주가 상향이 제시되었습니다.""]"
035720,카카오,2025-12-01,59500,Buy,75,"[""최근 3분기 실적에서 전년 동기 대비 매출 및 영업이익이 크게 증가했으며, 특히 영업이익률이 개선되었습니다."", ""최근 30일 이내 애널리스트 리포트에서 모두 긍정적인 전망과 함께 목표주가를 제시하고 있어 향후 주가 상승에 대한 기대감을 높입니다."", ""최근 1개월 수익률은 하락했으나, 52주 최고가 대비 현재 위치가 69.1%로 여전히 상승 여력이 남아있으며, 거래량 변화율이 긍정적인 신호를 보입니다.""]"
035420,네이버,2023-01-02,179500,Sell,75,"[""최근 1개월 수익률이 -4.27%로 하락세를 보이고 있으며, 거래량 변화율 또한 -40.58%로 감소하여 투자 심리가 위축된 것으로 판단됩니다."", ""2022년 3분기 영업이익이 전년 동기 대비 -5.6% 감소하여 성장 둔화 가능성을 시사합니다."", ""PER이 '해당없음(적자)'으로 표시되어 있어 현재 기업 가치 평가에 어려움이 있으며, 이는 향후 주가 상승 동력 약화로 이어질 수 있습니다.""]"
035420,네이버,2023-02-01,205500,Buy,75,"[""최근 1개월 수익률 15.77%와 거래량 변화율 27.44%는 긍정적인 시장 관심과 수급 개선을 시사합니다."", ""2022년 3분기 매출이 전년 동기 대비 19.1% 증가하며 성장세를 유지하고 있습니다."", ""애널리스트 리포트에서 AI 및 솔루션 성장 스토리와 포쉬마크 인수 완료에 대한 긍정적인 전망이 제시되었습니다.""]"
035420,네이버,2023-03-02,206000,Buy,75,"[""최근 30일간 애널리스트 리포트에서 제시된 목표주가 평균이 현재가 대비 상당한 상승 여력을 시사합니다."", ""전년 동기 대비 매출 성장률은 긍정적이며, 영업이익률 또한 16.1%로 양호한 수준을 유지하고 있습니다."", ""부채비율이 41.4%로 낮고 영업현금흐름이 9,298억원으로 견조하여 재무 안정성이 우수합니다."", ""최근 1개월 수익률이 1.73%로 소폭 상승세를 보이고 있으며, 거래량 변화율이 29.49%로 증가하여 시장의 관심이 재조명될 가능성이 있습니다.""]"
035420,네이버,2023-04-03,198200,Sell,75,"[""최근 1개월 수익률이 -3.55%로 하락세를 보이고 있으며, 거래량 변화율 또한 -29.09%로 감소하여 투자 심리가 위축된 것으로 판단됩니다."", ""PER이 '해당없음(적자)'으로 표시되어 있어 현재 기업의 수익성 측면에서 부정적인 신호를 주고 있습니다."", ""52주 최고가 대비 현재 위치가 21.6%로, 상승 여력보다는 하락 위험이 더 부각될 수 있는 구간으로 판단됩니다.""]"
035420,네이버,2023-05-02,193200,Sell,75,"[""최근 1개월 수익률이 -4.36%로 하락세를 보이고 있으며, 거래량 변화율 또한 -0.67%로 감소 추세에 있습니다."", ""애널리스트 리포트에서 목표주가가 240,000원에서 340,000원까지 다양하게 제시되고 있으나, 최근 리포트에서 '성장 둔화 본격화'라는 부정적인 전망이 나왔습니다."", ""PER이 '해당없음(적자)'으로 표시되어 있어 현재 수익성 측면에서 불안정성을 내포하고 있습니다.""]"
035420,네이버,2023-06-01,204000,Buy,75,"[""최근 1개월 수익률 6.08%와 거래량 변화율 12.45%는 긍정적인 시장 관심과 수급 개선을 시사합니다."", ""최근 30일 내 애널리스트 리포트들이 일제히 목표주가를 상향하며 긍정적인 전망을 제시하고 있습니다."", ""1분기 실적이 전년 동기 대비 매출 및 영업이익이 견조하게 성장했으며, 영업이익률 또한 양호한 수준을 유지하고 있습니다.""]"
035420,네이버,2023-07-03,189300,Sell,75,"[""최근 1개월 수익률이 -7.21%로 하락세를 보이고 있으며, 거래량 변화율 또한 -18.26%로 감소하여 투자 심리가 위축된 것으로 판단됩니다."", ""현재 주가는 52주 최고가 대비 26.8% 낮은 수준에 위치해 있으나, 이는 최근 하락세를 반영하는 것으로 해석될 수 있습니다."", ""PER이 '해당없음(적자)'으로 표시되어 있어 현재 기업의 수익성 측면에서 긍정적인 신호를 찾기 어렵습니다.""]"
035420,네이버,2023-08-01,233000,Buy,75,"[""최근 1개월 수익률이 23.09%로 강한 상승세를 보이고 있으며, 거래량 변화율 또한 56.02%로 증가하여 매수세가 유입되고 있음을 시사합니다."", ""애널리스트 리포트에서 최근 30일 내 모두 목표주가를 상향하며 하반기 이익 성장 및 AI 모멘텀에 대한 긍정적인 전망을 제시하고 있습니다."", ""2023년 1분기 매출 및 영업이익이 전년 동기 대비 각각 23.6%, 9.5% 증가하며 견조한 성장세를 유지하고 있으며, 부채비율 48.3%와 영업현금흐름 +4,461억원으로 재무 안정성 또한 양호합니다.""]"
035420,네이버,2023-09-01,214500,Buy,75,"[""최근 30일간 애널리스트 리포트에서 모두 긍정적인 전망과 함께 목표주가가 현재가 대비 상승 여력을 시사하고 있습니다."", ""2023년 2분기 실적이 전년 동기 대비 매출과 영업이익 모두 성장세를 보이며 견조한 실적을 달성했습니다."", ""부채비율이 47.8%로 낮고 영업현금흐름이 양호하여 재무 안정성이 우수합니다.""]"
035420,네이버,2023-10-04,191200,Sell,75,"[""최근 1개월 수익률이 -12.09%로 하락세를 보이고 있으며, 거래량 변화율 또한 -43.04%로 감소하여 투자 심리가 위축된 것으로 판단됩니다."", ""PER이 '해당없음(적자)'으로 표시되어 있어 현재 기업의 수익성 대비 주가 수준을 평가하기 어렵고, 이는 향후 주가 상승에 대한 불확실성을 높입니다."", ""52주 최고가 대비 현재 위치가 43.0%로, 52주 내에서 중간 이하 수준에 머물러 있어 단기적인 추가 상승 모멘텀이 약할 수 있습니다.""]"
035420,네이버,2023-11-01,187700,Buy,75,"[""최근 2분기 실적에서 매출과 영업이익이 전년 동기 대비 성장했으며, 영업이익률도 양호한 수준을 유지하고 있습니다."", ""애널리스트 리포트에서 제시된 목표주가들이 현재가 대비 상당한 상승 여력을 시사하고 있습니다."", ""부채비율이 낮고 영업현금흐름이 양호하여 재무 안정성이 뒷받침되고 있습니다.""]"
035420,네이버,2023-12-01,206000,Buy,75,"[""최근 3분기 실적에서 매출과 영업이익이 전년 동기 대비 각각 18.9%, 15.1% 증가하며 견조한 성장세를 보였고, 영업이익률 또한 15.6%로 양호한 수준을 유지했습니다."", ""부채비율 49.3%와 영업현금흐름 1.4조원으로 재무 안정성이 우수하며, 이는 향후 투자 및 사업 확장에 긍정적인 영향을 줄 수 있습니다."", ""최근 1개월 수익률이 7.97%로 상승세를 보이고 있으며, 애널리스트 리포트에서도 목표주가가 현재가 대비 상당한 상승 여력을 시사하고 있습니다.""]"
035420,네이버,2024-01-02,227500,Buy,75,"[""최근 1개월 수익률 9.64%와 거래량 변화율 19.43%는 긍정적인 모멘텀을 시사합니다."", ""2023년 3분기 매출 및 영업이익이 전년 동기 대비 각각 18.9%, 15.1% 증가하며 견조한 성장세를 보였습니다."", ""부채비율 49.3%와 영업현금흐름 1.4조원은 우수한 재무 안정성을 뒷받침합니다.""]"
035420,네이버,2024-02-01,202500,Buy,75,"[""최근 3분기 실적은 매출과 영업이익 모두 전년 동기 대비 15% 이상 성장하며 견조한 성장세를 보이고 있습니다."", ""애널리스트 리포트에서 제시된 목표주가들이 현재가 대비 상당한 상승 여력을 시사하고 있습니다."", ""부채비율이 49.3%로 낮고 영업현금흐름이 1.4조원으로 우수하여 재무 안정성이 양호합니다.""]"
035420,네이버,2024-03-04,192000,Buy,75,"[""최근 3분기 실적에서 매출과 영업이익이 전년 동기 대비 각각 18.9%, 15.1% 증가하며 견조한 성장세를 보이고 있습니다."", ""부채비율 49.3%와 영업현금흐름 1.4조원으로 재무 안정성이 양호한 편입니다."", ""최근 애널리스트 리포트에서 목표주가가 현재가 대비 상승 여력을 시사하고 있으며, B2B 사업 성과 가시화 및 24년 실적에 대한 긍정적인 전망이 제시되었습니다.""]"
035420,네이버,2024-04-01,194300,Neutral,60,"[""최근 1개월 수익률이 소폭 하락하고 거래량 변화율이 음수이나, 2023년 연간 매출 및 영업이익이 전년 대비 견조하게 성장하며 영업이익률 또한 양호한 수준을 유지하고 있습니다."", ""부채비율이 47.5%로 낮고 영업현금흐름이 2.0조원으로 안정적인 재무 구조를 보여주고 있습니다."", ""PER 29.2, PBR 1.26, ROE 4.3% 등의 재무 지표는 현재 주가가 고평가 또는 저평가되었다고 단정하기 어렵고, 52주 최고가 대비 현재 위치가 28.5%로 상승 여력과 하락 위험이 공존하는 상황입니다.""]"
035420,네이버,2024-05-02,188800,Buy,75,"[""최근 30일간 애널리스트 리포트에서 제시된 목표주가 평균이 현재가 대비 상당한 상승 여력을 시사하고 있습니다."", ""2023년 연간 실적에서 매출과 영업이익이 전년 대비 두 자릿수 성장률을 기록하며 견조한 성장세를 보여주고 있습니다."", ""부채비율이 47.5%로 낮고 영업현금흐름이 2.0조원으로 양호하여 재무 안정성이 뒷받침되고 있습니다.""]"
035420,네이버,2024-06-03,172700,Buy,75,"[""최근 1분기 실적이 매출과 영업이익 모두 전년 동기 대비 크게 성장했으며, 영업이익률 또한 개선되는 긍정적인 모습을 보였습니다."", ""부채비율이 45.9%로 낮고 영업현금흐름이 양호하여 재무 안정성이 우수합니다."", ""애널리스트 리포트에서 목표주가가 현재가 대비 높게 제시되고 있으며, 대부분 긍정적인 전망을 내놓고 있습니다.""]"
035420,네이버,2024-07-01,162900,Sell,75,"[""최근 1개월 수익률이 -4.40%로 하락세를 보이고 있으며, 거래량 변화율 또한 -11.28%로 감소하여 투자 심리가 위축된 것으로 판단됩니다."", ""현재가가 52주 최고가 대비 0.0% 위치에 있어 추가적인 상승 여력이 제한적이며, 52주 최저가와 동일한 수준으로 하방 경직성이 약할 수 있습니다."", ""웹툰 엔터의 나스닥 상장 관련 긍정적인 리포트가 있으나, 이는 단기적인 모멘텀으로 작용할 수 있으며, 전반적인 기술적 지표의 하락 추세가 더 큰 영향을 미칠 것으로 예상됩니다.""]"
035420,네이버,2024-08-01,175000,Sell,75,"[""최근 애널리스트 리포트에서 목표주가가 현재가 대비 상승 여력이 있으나, '강력한 한 방', '꿈과 희망이 있어야' 등 성장 동력에 대한 불확실성을 시사하는 의견이 다수 존재합니다."", ""최근 1개월 수익률이 9.51%로 양호하나, 52주 최고가 대비 현재 위치가 20.4%로, 단기 상승 후 차익 실현 매물이 출회될 가능성이 있습니다."", ""PER 26.3배는 KOSPI 평균 PER 대비 높은 수준으로, 향후 실적 성장세가 이를 뒷받침하지 못할 경우 주가 하방 압력으로 작용할 수 있습니다.""]"
035420,네이버,2024-09-02,166600,Buy,75,"[""최근 2분기 실적에서 매출과 영업이익이 전년 동기 대비 크게 증가했으며, 특히 영업이익률이 18.1%로 견조한 모습을 보였습니다."", ""애널리스트 리포트에서 전반적으로 긍정적인 전망과 함께 목표주가가 현재가 대비 상승 여력이 있음을 시사하고 있습니다."", ""부채비율이 45.0%로 낮고 영업현금흐름이 1.2조원으로 우수한 재무 안정성을 보여주고 있습니다.""]"
035420,네이버,2024-10-02,168200,Buy,75,"[""2분기 실적에서 매출과 영업이익이 전년 동기 대비 크게 증가하며 견조한 성장세를 보였고, 영업이익률 또한 개선되었습니다."", ""컨센서스 상회 전망과 목표주가 24만원 제시 리포트는 향후 주가 상승에 대한 긍정적인 시그널을 제공합니다."", ""부채비율이 45.0%로 낮고 영업현금흐름이 1.2조원으로 양호하여 재무 안정성이 뒷받침되고 있습니다.""]"
035420,네이버,2024-11-01,169700,Buy,75,"[""최근 30일간 애널리스트 리포트에서 제시된 목표주가 평균이 현재가 대비 상당한 상승 여력을 시사합니다."", ""2분기 실적에서 매출액과 영업이익이 전년 동기 대비 각각 8.4%, 26.8% 증가하며 견조한 이익 성장세를 보였습니다."", ""영업이익률 18.1% 및 영업현금흐름 1.2조원으로 재무 건전성이 양호하며, 부채비율 45.0%로 안정적인 재무 구조를 유지하고 있습니다.""]"
035420,네이버,2024-12-02,203500,Buy,75,"[""최근 3분기 실적에서 매출과 영업이익이 전년 동기 대비 크게 증가하며 견조한 성장세를 보이고 있습니다."", ""최근 1개월 수익률이 19.92%로 높고, 거래량 변화율이 72.11%로 증가하며 투자자들의 관심이 높아지고 있음을 시사합니다."", ""최근 애널리스트 리포트들이 일관되게 긍정적인 전망과 함께 목표주가를 현재가 대비 상향 제시하고 있습니다.""]"
035420,네이버,2025-01-02,193800,Buy,75,"[""최근 3분기 실적에서 매출과 영업이익이 전년 동기 대비 각각 11.1%, 38.2% 증가하며 견조한 성장세를 보이고 있습니다."", ""영업이익률 19.3%와 영업현금흐름 1.7조원으로 수익성과 재무 안정성이 양호한 수준입니다."", ""최근 1개월 수익률이 -6.15%로 하락했으나, 52주 최고가 대비 현재 위치가 50.7%로 절반 수준에 있어 추가 상승 여력이 존재합니다.""]"
035420,네이버,2025-02-03,217000,Buy,75,"[""최근 3분기 실적에서 매출과 영업이익이 전년 동기 대비 크게 증가했으며, 특히 영업이익률이 19.3%로 견조한 수익성을 보여주고 있습니다."", ""최근 30일간 애널리스트 리포트에서 모두 긍정적인 전망과 함께 목표주가가 현재가 대비 상승 여력을 시사하고 있습니다."", ""52주 최고가 대비 현재 위치가 93.2%로 높은 수준이지만, 최근 1개월 수익률이 8.55%로 상승세를 이어가고 있어 단기적인 상승 모멘텀이 유지될 가능성이 있습니다.""]"
035420,네이버,2025-03-04,205500,Buy,75,"[""최근 30일 내 애널리스트 리포트에서 모두 긍정적인 전망과 함께 목표주가가 현재가 대비 상승 여력을 시사하고 있습니다."", ""2024년 3분기 실적에서 매출과 영업이익이 전년 동기 대비 크게 성장했으며, 영업이익률 또한 양호한 수준을 유지하고 있습니다."", ""부채비율이 42.6%로 낮고 영업현금흐름이 1.7조원으로 안정적인 재무 구조를 보여주고 있습니다.""]"
035420,네이버,2025-04-01,196700,Buy,75,"[""최근 30일간 애널리스트 리포트에서 제시된 목표주가들이 현재가 대비 상당한 상승 여력을 시사하고 있습니다."", ""2024년 연간 실적에서 매출과 영업이익이 전년 대비 견조하게 성장했으며, 영업이익률 또한 18.4%로 양호한 수준을 유지하고 있습니다."", ""부채비율 41.4%와 영업현금흐름 +2.6조원으로 재무 안정성이 우수하여 추가적인 성장 동력 확보 및 투자 여력이 있습니다.""]"
035420,네이버,2025-05-02,197400,Buy,75,"[""최근 애널리스트 리포트에서 컬리 제휴 관련 긍정적인 전망과 함께 목표주가가 현재가 대비 상승 여력을 시사하고 있습니다."", ""2024년 연간 실적에서 매출과 영업이익이 전년 대비 크게 성장했으며, 영업이익률 및 영업현금흐름 또한 견조한 수준을 유지하고 있습니다."", ""현재가는 52주 최고가 대비 하락한 위치에 있으며, 52주 내 현재 위치가 55.1%로 상승 전환 가능성을 내포하고 있습니다.""]"
035420,네이버,2025-06-02,186500,Buy,75,"[""최근 30일간 발표된 5건의 애널리스트 리포트 모두 목표주가를 현재가 대비 상향 제시하며 긍정적인 전망을 내놓고 있습니다."", ""2025년 1분기 실적이 전년 동기 대비 매출 10.3%, 영업이익 15.0% 증가하며 견조한 성장세를 보이고 있습니다."", ""부채비율 40.3%와 영업현금흐름 6,067억원으로 재무 안정성이 양호하며, 이는 향후 성장 동력 확보에 긍정적인 영향을 줄 수 있습니다.""]"
035420,네이버,2025-07-01,262000,Buy,75,"[""최근 1개월 수익률 38.40%와 거래량 변화율 338.40%는 강한 매수세를 시사합니다."", ""2025년 1분기 매출 및 영업이익이 전년 동기 대비 각각 10.3%, 15.0% 증가하며 견조한 성장세를 보이고 있습니다."", ""애널리스트 리포트에서 제시된 목표주가 310,000원~320,000원은 현재가 대비 상승 여력을 나타냅니다.""]"
035420,네이버,2025-08-01,225000,Buy,75,"[""최근 1개월 수익률이 -11.07%로 하락했으나, 52주 내 현재 위치가 51.7%로 중간 수준이며, 52주 최고가 대비 하락폭이 커 반등 가능성이 존재합니다."", ""2025년 1분기 매출 및 영업이익이 전년 동기 대비 각각 10.3%, 15.0% 성장하며 견조한 실적 개선세를 보이고 있습니다."", ""애널리스트 리포트에서 제시된 목표주가들이 현재가 대비 상당한 상승 여력을 시사하고 있으며, 파이낸셜 및 클라우드 등 잠재 성장 요소에 대한 긍정적인 전망이 다수 존재합니다.""]"
035420,네이버,2025-09-01,215500,Buy,75,"[""최근 30일간 애널리스트 리포트에서 제시된 목표주가 평균 326,000원은 현재가 215,500원 대비 상당한 상승 여력을 시사합니다."", ""2025년 2분기 실적이 전년 동기 대비 매출 11.7%, 영업이익 10.3% 증가하며 견조한 성장세를 보이고 있습니다."", ""부채비율 40.9%와 영업현금흐름 1.1조원으로 재무 안정성이 양호한 편입니다.""]"
035420,네이버,2025-10-01,254500,Buy,75,"[""최근 1개월 수익률이 13.11%로 양호하며, 거래량 변화율이 126.08%로 높아 투자자들의 관심이 증가하고 있음을 시사합니다."", ""2025년 2분기 실적이 매출액 2.9조원 (+11.7% YoY), 영업이익 5,216억원 (+10.3% YoY)으로 견조한 성장세를 보이고 있습니다."", ""최근 애널리스트 리포트에서 목표주가가 현재가 대비 상향 조정되고 있으며, 신성장 동력에 대한 긍정적인 전망이 제시되고 있습니다.""]"
035420,네이버,2025-11-03,274500,Buy,75,"[""최근 1개월 수익률 7.02%와 거래량 변화율 13.69%는 긍정적인 모멘텀을 시사합니다."", ""2025년 2분기 매출 및 영업이익이 전년 동기 대비 각각 11.7%, 10.3% 증가하며 견조한 성장세를 보였습니다."", ""애널리스트 리포트 중 목표주가 320,000원 및 330,000원을 제시한 의견이 있어 상승 여력이 존재합니다.""]"
035420,네이버,2025-12-01,243000,Buy,75,"[""최근 1개월 수익률이 -9.16%로 하락했으나, 52주 최고가 대비 현재 위치가 58.2%로 여전히 상승 여력이 존재합니다."", ""최근 30일 내 애널리스트 리포트에서 5건 중 4건이 목표주가를 제시했으며, 제시된 목표주가 평균은 약 360,000원으로 현재가 대비 상당한 상승 여력을 시사합니다."", ""2025년 3분기 매출 및 영업이익이 전년 동기 대비 각각 15.6%, 8.6% 증가하며 견조한 성장세를 보이고 있으며, 부채비율 41.6%와 영업현금흐름 2.2조원으로 재무 안정성 또한 우수합니다.""]"
051910,LG화학,2023-01-02,604000,Sell,75,"[""최근 1개월 수익률이 -16.34%로 하락 추세를 보이며, 거래량 변화율 또한 -29.00%로 감소하여 투자 심리가 위축된 것으로 판단됩니다."", ""영업이익률 6.4%는 전년 동기 대비 증가했으나, 영업현금흐름이 -1.5조원으로 마이너스를 기록하며 재무 안정성에 대한 우려를 제기합니다."", ""현재가 604,000원은 52주 최고가 773,000원 대비 약 21.9% 하락한 수준으로, 추가 하락 가능성을 배제할 수 없습니다.""]"
051910,LG화학,2023-02-01,688000,Buy,75,"[""최근 1개월 수익률이 14.67%로 강한 상승세를 보이고 있으며, 52주 최고가 대비 현재 위치가 82.7%로 상승 여력이 남아있습니다."", ""2022년 3분기 매출 및 영업이익이 전년 동기 대비 크게 증가하며 견조한 실적 성장세를 보여주고 있습니다."", ""애널리스트 리포트에서 2023년 1분기 양극재 판매량 복원 가능성을 언급하며 목표주가를 상향 조정했습니다.""]"
051910,LG화학,2023-03-02,678000,Buy,75,"[""최근 30일간 애널리스트 리포트에서 제시된 목표주가 평균이 현재가 대비 상당한 상승 여력을 시사하고 있습니다."", ""2022년 3분기 매출액 및 영업이익이 전년 동기 대비 큰 폭으로 증가하며 견조한 성장세를 보여주고 있습니다."", ""52주 최고가 대비 현재 위치가 79.4%로, 과거 고점 대비 상승 여력이 남아있을 가능성을 시사합니다.""]"
051910,LG화학,2023-04-03,712000,Sell,75,"[""현재가(712,000원)가 52주 최고가(740,000원)에 근접한 89.9% 수준으로, 단기 상승 여력이 제한적일 수 있습니다."", ""2022년 연간 영업이익이 전년 대비 40.4% 감소하며 수익성이 악화된 점은 부정적인 요인입니다."", ""최근 1개월 수익률이 1.28%로 미미한 수준이며, 거래량 변화율이 16.95%로 증가했으나 주가 상승으로 이어지지 않은 점은 추가 상승에 대한 의구심을 갖게 합니다.""]"
051910,LG화학,2023-05-02,746000,Buy,75,"[""최근 30일간 애널리스트 리포트에서 제시된 목표주가 평균이 현재가 대비 상당한 상승 여력을 시사합니다."", ""최근 1개월 수익률이 4.78%로 양호하며, 거래량 변화율이 55.00%로 증가하는 것은 긍정적인 수급 신호로 해석될 수 있습니다."", ""2022년 연간 매출이 전년 대비 21.8% 증가하는 등 외형 성장은 지속되고 있으며, 부채비율이 81.3%로 재무 안정성도 양호한 수준입니다.""]"
051910,LG화학,2023-06-01,687000,Sell,75,"[""최근 1개월 수익률이 -7.16%로 하락세를 보이고 있으며, 거래량 변화율 또한 -43.46%로 감소하여 투자 심리가 위축된 것으로 판단됩니다."", ""2023년 1분기 영업이익이 전년 동기 대비 22.8% 감소하며 수익성이 악화된 점은 부정적인 요인입니다."", ""PER 29.0은 절대적으로 높은 수준은 아니지만, ROE 4.5% 대비 높은 밸류에이션은 부담으로 작용할 수 있습니다.""]"
051910,LG화학,2023-07-03,691000,Sell,75,"[""전년 동기 대비 매출은 크게 증가했으나 영업이익이 감소하며 수익성이 악화된 점은 부정적 요인입니다."", ""PER 29.2배는 동종 업계 평균 대비 높은 수준으로 밸류에이션 부담이 존재합니다."", ""최근 1개월 수익률이 0.58%로 미미한 수준이며, 52주 최고가 대비 현재 위치가 58.8%로 상승 여력이 제한적일 수 있습니다.""]"
051910,LG화학,2023-08-01,655000,Sell,75,"[""최근 1개월 수익률이 -5.21%로 하락세를 보이고 있으며, 52주 최고가 대비 현재 위치가 41.2%로 상승 여력이 제한적입니다."", ""최근 30일간 애널리스트 리포트에서 목표주가가 상향 조정되었으나, 2분기 실적 리뷰에서 이차전지 실적 둔화 및 하반기 전망에 대한 우려가 제기되었습니다."", ""PER 27.7배는 다소 높은 수준이며, ROE 4.5%는 낮은 편으로 현재 주가 수준이 재무 지표 대비 고평가되었을 가능성이 있습니다.""]"
051910,LG화학,2023-09-01,570000,Sell,75,"[""최근 1개월 수익률이 -11.21%로 하락세를 보이고 있으며, 거래량 변화율 또한 -42.80%로 감소하여 투자 심리가 위축된 것으로 판단됩니다."", ""2분기 영업이익이 전년 동기 대비 -29.9% 감소하며 수익성이 악화된 점은 향후 주가에 부정적인 영향을 미칠 수 있습니다."", ""현재가가 52주 최고가 대비 11.8% 하락한 위치에 있으며, 52주 최저가에 근접하고 있어 추가 하락 가능성을 배제할 수 없습니다.""]"
051910,LG화학,2023-10-04,486000,Sell,75,"[""최근 1개월 수익률이 -15.62%로 하락세를 보이고 있으며, 52주 최고가 대비 현재 위치가 0.0%라는 점은 추가 하락 가능성을 시사합니다."", ""2분기 영업이익이 전년 동기 대비 -29.9% 감소하며 수익성 악화가 관찰되었습니다."", ""PER 20.5, PBR 0.92, ROE 4.5% 등의 재무 지표는 현재 주가가 고평가되었거나 기업의 수익 창출 능력이 상대적으로 낮음을 나타낼 수 있습니다.""]"
051910,LG화학,2023-11-01,431000,Sell,75,"[""최근 1개월 수익률이 -14.65%로 하락세를 보이고 있으며, 52주 최고가 대비 현재 위치가 1.2%로 매우 낮은 수준에 머물러 있어 추가 하락 가능성이 있습니다."", ""애널리스트 리포트에서 목표주가가 제시되었으나, 최근 30일 내 리포트들이 2023년 4분기 실적 눈높이를 하향 조정하고 있어 단기적인 주가 상승 모멘텀이 약할 수 있습니다."", ""2분기 영업이익이 전년 동기 대비 29.9% 감소하는 등 수익성 둔화가 관찰되며, 이는 현재가 431,000원 대비 52주 최저가 426,000원에 근접한 주가 흐름에 영향을 줄 수 있습니다.""]"
051910,LG화학,2023-12-01,486500,Sell,75,"[""최근 1개월 수익률은 긍정적이나, 거래량 변화율이 음수이며 이는 매도 압력을 시사합니다."", ""2023년 3분기 매출 및 영업이익이 전년 동기 대비 감소한 점은 향후 실적 둔화 가능성을 나타냅니다."", ""PER 20.6배는 절대적으로 높다고 보기는 어렵지만, ROE 4.5% 대비 높은 수준으로 밸류에이션 부담이 존재합니다.""]"
051910,LG화학,2024-01-02,493500,Sell,75,"[""최근 1개월 수익률이 -2.08%로 하락세를 보이고 있으며, 거래량 변화율 또한 -13.86%로 감소하여 투자 심리가 위축된 것으로 판단됩니다."", ""3분기 실적이 전년 동기 대비 매출과 영업이익 모두 감소하였으며, 영업이익률 또한 하락하여 단기적인 실적 개선 모멘텀이 약한 것으로 보입니다."", ""52주 최고가 대비 현재 위치가 16.9%로, 52주 내에서 상대적으로 높은 위치에 있어 추가 상승 여력이 제한적일 수 있습니다.""]"
051910,LG화학,2024-02-01,430000,Sell,75,"[""최근 1개월 수익률이 -10.51%로 하락세를 보이고 있으며, 52주 최고가 대비 현재 위치가 9.8%로 낮은 편이나 하락 추세가 지속될 가능성이 있습니다."", ""2023년 3분기 매출 및 영업이익이 전년 동기 대비 감소하는 등 실적 둔화가 관찰됩니다."", ""애널리스트 리포트에서 목표주가가 제시되었으나, 최근 실적 부진과 시장 상황을 고려할 때 단기적인 주가 상승 동력이 약하다고 판단됩니다.""]"
051910,LG화학,2024-03-04,462000,Buy,75,"[""최근 1개월 수익률 8.32%와 거래량 변화율 53.12%는 긍정적인 수급 신호를 나타냅니다."", ""GM과의 양극재 공급계약 관련 리포트에서 제시된 목표주가 500,000원은 현재가 대비 상승 여력을 시사합니다."", ""부채비율 87.4%와 영업현금흐름 +4.1조원은 재무 안정성을 뒷받침합니다.""]"
051910,LG화학,2024-04-01,430500,Sell,75,"[""최근 1개월 수익률이 -4.97%로 하락세를 보이고 있으며, 거래량 변화율 또한 -35.26%로 감소하여 투자 심리가 위축된 것으로 판단됩니다."", ""2023년 연간 영업이익이 전년 대비 15.1% 감소한 점은 수익성 악화를 시사하며, 이는 향후 주가 상승에 부정적인 요인으로 작용할 수 있습니다."", ""현재가(430,500원)는 52주 최고가(825,000원) 대비 크게 하락한 위치에 있으며, 52주 최저가(387,000원)에 근접하고 있어 추가 하락 가능성을 배제할 수 없습니다.""]"
051910,LG화학,2024-05-02,405000,Sell,75,"[""최근 1개월 수익률이 -5.92%로 하락세를 보이고 있으며, 52주 최고가 대비 현재 위치가 8.6%로 매우 낮은 수준에 머물러 있습니다."", ""최근 30일 내 애널리스트 리포트 중 투자의견 하향 및 목표주가 383,000원 제시 리포트가 존재하여 단기적인 하락 압력이 예상됩니다."", ""2023년 연간 영업이익이 전년 대비 15.1% 감소하였으며, 영업이익률 또한 4.6%로 낮은 수준을 기록하고 있습니다.""]"
051910,LG화학,2024-06-03,357500,Sell,75,"[""최근 1개월 수익률이 -11.18%로 하락세를 보이고 있으며, 거래량 변화율 또한 -13.03%로 감소하여 투자 심리가 위축된 것으로 판단됩니다."", ""2024년 1분기 매출액이 전년 동기 대비 18.7% 감소하고 영업이익은 67.1% 급감하는 등 실적 부진이 지속되고 있습니다."", ""현재가(357,500원)가 52주 최저가(350,500원)에 근접해 있어 추가 하락 가능성이 존재합니다.""]"
051910,LG화학,2024-07-01,355500,Sell,75,"[""최근 1분기 실적이 전년 동기 대비 매출 및 영업이익이 크게 감소하며 부진한 모습을 보였음."", ""현재가(355,500원)가 52주 최고가(728,000원) 대비 크게 하락한 상태이며, 52주 최저가(344,000원)에 근접해 있어 추가 하락 가능성을 배제할 수 없음."", ""최근 1개월 수익률이 1.43%로 미미하고 거래량 변화율이 -8.85%로 감소하는 추세는 투자 심리 위축을 시사함.""]"
051910,LG화학,2024-08-01,314000,Sell,75,"[""최근 1개월 수익률이 -12.78%로 하락세를 보이고 있으며, 52주 최고가 대비 현재 위치가 매우 낮아 추가 하락 가능성이 있습니다."", ""2024년 1분기 매출과 영업이익이 전년 동기 대비 큰 폭으로 감소하며 실적 부진이 지속되고 있습니다."", ""애널리스트 리포트에서 목표주가가 제시되고 있으나, 전반적으로 실적 개선에 대한 기대감이 낮고 목표주가 상향보다는 하향 조정에 대한 언급이 더 많습니다.""]"
051910,LG화학,2024-09-02,340000,Buy,75,"[""최근 1개월 수익률 8.28%와 거래량 변화율 16.55%는 긍정적인 수급 신호를 나타냅니다."", ""애널리스트 리포트에서 3분기 실적 우상향 기대와 함께 높은 목표주가(660,000원)를 제시하고 있습니다."", ""현재가(340,000원)는 52주 최저가(272,500원) 대비 상승 여력이 있으며, PBR 0.59는 자산 가치 대비 저평가 가능성을 시사합니다.""]"
051910,LG화학,2024-10-02,353500,Buy,75,"[""최근 1개월 수익률이 12.76%로 양호하며, 거래량 변화율도 14.69%로 긍정적인 수급 신호를 보입니다."", ""애널리스트 리포트에서 목표주가가 현재가 대비 상승 여력이 있음을 시사하며, 바닥을 다지는 구간이라는 분석이 있습니다."", ""PBR이 0.61로 낮아 저평가 매력이 있으며, 영업현금흐름이 1.9조원으로 견조한 점은 긍정적입니다.""]"
051910,LG화학,2024-11-01,318000,Sell,75,"[""최근 1개월 수익률이 -10.80%로 하락세를 보이고 있으며, 거래량 변화율 또한 -13.49%로 감소하는 추세입니다."", ""2분기 실적이 전년 동기 대비 매출액과 영업이익이 모두 감소하는 등 부진한 모습을 보였습니다."", ""애널리스트 리포트에서 '쉬어가는 연말', '쉬어가는 구간', '아직 가시화되지 않은 실적 개선세' 등 단기적인 실적 개선에 대한 불확실성을 언급하고 있습니다.""]"
051910,LG화학,2024-12-02,282500,Sell,75,"[""최근 1개월 수익률이 -11.16%로 하락세를 보이고 있으며, 52주 최고가 대비 현재 위치가 4.1%로 매우 낮은 수준에 머물러 있어 추가 하락 가능성이 있습니다."", ""2024년 3분기 영업이익이 전년 동기 대비 42.1% 감소하며 수익성이 악화된 점은 부정적인 신호입니다."", ""PER 16.5, PBR 0.49, ROE 3.0% 등의 재무 지표는 현재 주가가 고평가되었다고 보기는 어렵지만, 최근 실적 부진을 상쇄할 만큼의 강력한 상승 모멘텀을 제시하지는 못하고 있습니다.""]"
051910,LG화학,2025-01-02,242500,Sell,75,"[""최근 1개월 수익률이 -14.61%로 하락세를 보이고 있으며, 52주 최저가 수준에서 거래되고 있어 추가 하락 가능성이 있습니다."", ""2024년 3분기 영업이익이 전년 동기 대비 42.1% 감소하는 등 실적 부진이 지속되고 있습니다."", ""매출 감소와 영업이익률 하락은 향후 주가 상승 동력을 약화시키는 요인으로 작용할 수 있습니다.""]"
051910,LG화학,2025-02-03,222000,Sell,75,"[""최근 1개월 수익률이 -10.48%로 하락세를 보이고 있으며, 거래량 변화율 또한 -21.42%로 감소하여 투자 심리가 위축된 것으로 판단됩니다."", ""2024년 3분기 영업이익이 전년 동기 대비 -42.1% 감소하며 수익성이 악화된 점은 부정적인 요인입니다."", ""52주 최고가 대비 현재 위치가 0.0%로, 52주 최저가와 동일한 수준에 머물러 있어 추가적인 하락 가능성을 배제하기 어렵습니다.""]"
051910,LG화학,2025-03-04,227500,Sell,75,"[""최근 30일간 애널리스트 리포트에서 단기 주가 약세 전망 및 모멘텀 부재 의견이 다수 존재합니다."", ""최근 1개월 수익률이 -4.21%로 하락세를 보이고 있으며, 52주 최고가 대비 현재 위치가 매우 낮습니다."", ""2024년 3분기 영업이익이 전년 동기 대비 큰 폭으로 감소하며 수익성 악화가 관찰되었습니다.""]"
051910,LG화학,2025-04-01,244000,Buy,75,"[""최근 1개월 수익률 4.05% 및 거래량 변화율 17.76%는 긍정적인 시장 관심 증가를 시사합니다."", ""2025년 3월 19일 애널리스트 리포트에서 시장 기대치를 상회하는 1분기 실적 전망과 목표주가 320,000원을 제시하여 향후 주가 상승 여력이 존재합니다."", ""PBR 0.36은 현재 주가가 자산 가치 대비 저평가되어 있음을 나타내며, 이는 주가 반등의 잠재적 요인이 될 수 있습니다.""]"
051910,LG화학,2025-05-02,210000,Sell,75,"[""최근 1개월 수익률이 -9.68%로 하락세를 보이고 있으며, 거래량 변화율 또한 -33.41%로 감소하여 투자 심리가 위축된 것으로 판단됩니다."", ""2024년 연간 영업이익이 전년 대비 63.8% 감소하는 등 실적 부진이 지속되고 있어 단기적인 주가 상승 동력이 약합니다."", ""PER이 '해당없음(적자)'으로 표시되어 있어 현재 기업 가치 대비 고평가 여부를 판단하기 어렵고, 이는 투자 불확실성을 높입니다.""]"
051910,LG화학,2025-06-02,195300,Buy,75,"[""2025년 1분기 실적이 전년 동기 대비 큰 폭의 영업이익 증가를 기록하며 긍정적인 실적 개선세를 보이고 있습니다."", ""영업 현금 흐름이 1.9조원으로 양호하며, 부채비율도 97.7%로 안정적인 재무 구조를 유지하고 있습니다."", ""현재 주가가 52주 최저가 대비 높은 수준에 위치하고 있으며, 최근 1개월 수익률 하락에도 불구하고 기술적 반등 가능성을 시사합니다.""]"
051910,LG화학,2025-07-01,229000,Buy,75,"[""2025년 1분기 실적이 전년 동기 대비 큰 폭의 영업이익 증가를 기록하며 긍정적인 실적 개선세를 보이고 있습니다."", ""영업현금흐름이 1.9조원으로 양호한 수준을 유지하고 있어 재무 안정성에 대한 우려가 크지 않습니다."", ""최근 1개월 수익률이 14.90%로 단기적인 주가 상승 모멘텀이 관찰됩니다.""]"
051910,LG화학,2025-08-01,290000,Buy,75,"[""최근 1개월 수익률이 12.84%로 양호하며, 52주 최고가 대비 현재 위치가 60.2%로 상승 여력이 존재합니다."", ""2025년 1분기 실적이 전년 동기 대비 매출 및 영업이익이 크게 증가하며 턴어라운드 가능성을 시사합니다."", ""애널리스트 리포트에서 목표주가가 현재가 대비 상향 제시되고 있으며, 하반기 실적 개선에 대한 긍정적인 전망이 다수 존재합니다.""]"
051910,LG화학,2025-09-01,271500,Sell,75,"[""최근 1개월 수익률이 -9.95%로 하락세를 보이고 있으며, 거래량 변화율 또한 -32.84%로 감소하여 투자 심리가 위축된 것으로 판단됩니다."", ""2025년 2분기 실적에서 매출이 전년 동기 대비 감소하였고, 순이익이 적자 전환한 점은 부정적인 신호입니다."", ""애널리스트 리포트에서 '본업은 하반기도 부진'이라는 언급이 있어 단기적인 실적 개선에 대한 기대감이 낮습니다.""]"
051910,LG화학,2025-10-01,281500,Buy,75,"[""2025년 2분기 영업이익이 전년 동기 대비 21.5% 증가하며 긍정적인 실적 개선세를 보였기 때문입니다."", ""글로벌 석화 폐쇄 사이클 수혜 기대감과 함께 목표주가 500,000원 리포트가 최근 30일 내 발표되어 상승 여력이 존재한다고 판단됩니다."", ""PBR 0.41로 자산 가치 대비 저평가된 측면이 있으며, 영업현금흐름이 3.2조원으로 양호한 수준을 유지하고 있기 때문입니다.""]"
051910,LG화학,2025-11-03,393000,Sell,75,"[""최근 1개월 수익률이 39.12%로 단기 급등했으나, 2025년 2분기 순이익이 적자를 기록하며 향후 주가 상승 동력이 약화될 가능성이 있습니다."", ""PER이 적자로 산출되지 않아 기업의 수익성 대비 주가 수준을 평가하기 어렵고, PBR이 0.58로 자산 가치 대비 저평가된 측면은 있으나, 이는 현재의 수익성 부진을 반영하는 것으로 해석될 수 있습니다."", ""영업이익은 전년 동기 대비 증가했으나, 순이익 적자 전환은 전반적인 수익성 개선에 대한 의구심을 남기며, 이는 향후 20거래일 주가 하락 요인으로 작용할 수 있습니다.""]"
051910,LG화학,2025-12-01,372000,Buy,75,"[""최근 3분기 실적에서 전년 동기 대비 영업이익이 38.9% 증가하며 개선세를 보였고, 영업현금흐름도 긍정적인 점은 긍정적입니다."", ""애널리스트 리포트에서 목표주가가 현재가 대비 상승 여력을 시사하고 있으며, 자회사 지분 디스카운트 해소 및 2026년 점진적 개선에 대한 기대감이 존재합니다."", ""현재 주가가 52주 최저가 대비 높은 수준(80.0%)에 위치해 있으나, PBR 0.55배는 자산 가치 대비 저평가 가능성을 내포하고 있습니다.""]"
352820,HYBE,2023-01-02,169500,Sell,75,"[""최근 1개월 수익률이 10.42%로 양호하나, 52주 최고가 대비 현재 위치가 24.1%로 하락 추세가 지속될 가능성이 있습니다."", ""매출은 전년 동기 대비 30.6% 증가했으나, 영업이익은 7.6% 감소하여 수익성 악화가 우려됩니다."", ""PER 46.8배는 동종 업계 평균 대비 높은 수준으로, 향후 실적 개선이 뒷받침되지 않으면 주가 하락 압력이 작용할 수 있습니다.""]"
352820,HYBE,2023-02-01,189500,Sell,75,"[""PER 52.3배는 현재 시장 평균 PER 대비 높은 수준으로, 향후 이익 성장률이 이를 상회하지 못할 경우 주가 상승 여력이 제한적일 수 있습니다."", ""최근 3분기 영업이익이 전년 동기 대비 7.6% 감소한 점은 성장세 둔화 가능성을 시사합니다."", ""52주 최고가 대비 현재 주가 위치가 37.5%로, 상승 여력보다는 하락 위험이 상대적으로 높아 보입니다.""]"
352820,HYBE,2023-03-02,187000,Sell,75,"[""최근 1개월 수익률이 마이너스(-)를 기록하며 약세를 보이고 있으며, 거래량 변화율이 높다는 점은 단기적인 변동성 확대 가능성을 시사합니다."", ""PER 51.6배는 동종 업계 평균 대비 높은 수준으로, 현재 주가에 대한 밸류에이션 부담이 존재합니다."", ""최근 애널리스트 리포트에서 목표주가가 상향 조정된 경우도 있으나, 2022년 3분기 영업이익이 전년 동기 대비 감소한 점은 향후 실적 개선에 대한 불확실성을 내포합니다.""]"
352820,HYBE,2023-04-03,184000,Sell,75,"[""PER 145.4배는 동종 업계 평균 대비 높은 수준으로 밸류에이션 부담이 존재합니다."", ""최근 1개월 수익률 -1.81% 및 거래량 변화율 -42.54%는 투자 심리 위축을 시사합니다."", ""ROE 1.9%는 낮은 수준으로 주주 가치 창출 능력이 미흡함을 나타냅니다.""]"
352820,HYBE,2023-05-02,284500,Buy,75,"[""최근 1개월 수익률이 50.61%로 강한 상승 모멘텀을 보여주고 있으며, 52주 최고가에 도달한 점은 긍정적입니다."", ""애널리스트 리포트에서 제시된 목표주가들이 현재가 대비 상승 여력을 시사하고 있습니다."", ""2022년 연간 매출 및 영업이익이 전년 대비 큰 폭으로 성장했으며, 영업이익률도 양호한 수준을 유지하고 있습니다.""]"
352820,HYBE,2023-06-01,277500,Buy,75,"[""최근 1개월 수익률이 2.78%로 긍정적인 흐름을 보이고 있으며, 52주 최고가 대비 현재 위치가 90.8%로 상승 여력이 남아있습니다."", ""2023년 1분기 매출과 영업이익이 전년 동기 대비 각각 44.1%, 41.7% 증가하며 견조한 성장세를 시현했습니다."", ""최근 30일간 애널리스트 리포트에서 제시된 목표주가가 현재가 대비 상당한 상승 여력을 시사하고 있습니다.""]"
352820,HYBE,2023-07-03,279500,Buy,75,"[""2023년 1분기 매출 및 영업이익이 전년 동기 대비 각각 44.1%, 41.7% 증가하며 견조한 성장세를 보이고 있습니다."", ""최근 1개월 수익률이 0.72%로 소폭 상승세를 유지하고 있으며, 52주 최고가 대비 현재 위치가 86.1%로 상승 여력이 남아있습니다."", ""애널리스트 리포트에서 제시된 목표주가 360,000원은 현재가 279,500원 대비 상당한 상승 여력을 시사합니다.""]"
352820,HYBE,2023-08-01,254000,Sell,75,"[""현재 PER 200.8배는 동종 업계 평균 대비 높은 수준으로 밸류에이션 부담이 존재합니다."", ""최근 1개월 수익률이 -9.12%로 하락세를 보이고 있으며, 이는 단기적인 투자 심리 위축을 시사합니다."", ""애널리스트 리포트 목표주가 상향에도 불구하고, 현재가 대비 상승 여력이 제한적이며 일부 리포트에서는 컨센서스 하회 가능성을 언급하고 있습니다.""]"
352820,HYBE,2023-09-01,249000,Sell,75,"[""최근 1개월 수익률이 마이너스이고 거래량 변화율도 하락세를 보이며 기술적 지표상 하락 압력이 감지됩니다."", ""2분기 영업이익이 전년 동기 대비 감소했으며, 영업이익률 또한 하락하여 수익성 둔화 우려가 있습니다."", ""PER이 196.8로 매우 높아 현재 주가가 기업의 이익 대비 고평가되었을 가능성이 있습니다.""]"
352820,HYBE,2023-10-04,222500,Sell,75,"[""최근 1개월 수익률이 -9.37%로 하락세를 보이고 있으며, 거래량 변화율 또한 -44.60%로 감소하여 투자 심리가 위축된 것으로 판단됩니다."", ""2분기 영업이익이 전년 동기 대비 -7.9% 감소한 점은 성장성 둔화에 대한 우려를 제기합니다."", ""현재가(222,500원)가 52주 최고가(307,000원) 대비 약 42.8% 하락한 위치에 있지만, 최근 1개월의 하락 추세와 거래량 감소를 고려할 때 단기적인 반등보다는 추가 하락 가능성에 무게를 둡니다.""]"
352820,HYBE,2023-11-01,230500,Sell,75,"[""최근 1개월 수익률이 -4.95%로 하락세를 보이고 있으며, 52주 최고가 대비 현재 위치가 60.2%로 상승 여력이 제한적일 수 있습니다."", ""2분기 영업이익이 전년 동기 대비 7.9% 감소하며 성장세 둔화 가능성을 시사합니다."", ""PER 182.2배는 동종 업계 평균 대비 높은 수준으로, 밸류에이션 부담이 존재합니다.""]"
352820,HYBE,2023-12-01,211500,Buy,75,"[""최근 3분기 실적이 전년 동기 대비 매출 및 영업이익 모두 견조한 성장세를 보이며 긍정적인 재무 성과를 달성했습니다."", ""최근 1개월 수익률은 하락했으나, 거래량 변화율이 110.35%로 크게 증가하며 향후 주가 상승에 대한 잠재력을 시사합니다."", ""최근 30일간의 애널리스트 리포트들이 일관되게 긍정적인 목표주가를 제시하며, 현재가 대비 상당한 상승 여력을 예상하고 있습니다.""]"
352820,HYBE,2024-01-02,241500,Sell,75,"[""최근 1개월 수익률이 12.33%로 양호하나, 거래량 변화율이 -56.42%로 크게 감소하여 투자 심리 위축 가능성을 시사합니다."", ""PER 190.9, PBR 3.55, ROE 1.9%는 현재 주가가 기업의 내재가치 대비 고평가되었을 가능성을 나타냅니다."", ""52주 최고가 대비 현재 위치가 52.9%로 절반 수준에 머물러 있어 추가 상승 여력이 제한적일 수 있습니다.""]"
352820,HYBE,2024-02-01,199000,Sell,75,"[""현재 PER 157.3은 동종 업계 평균 대비 높은 수준으로 밸류에이션 부담이 존재합니다."", ""최근 1개월 수익률이 -16.91%로 하락세를 보이고 있으며, 이는 단기적인 투자 심리 위축을 시사합니다."", ""52주 최고가 대비 현재 위치가 19.1%로, 상승 여력보다는 하락 위험이 상대적으로 높아 보입니다.""]"
352820,HYBE,2024-03-04,192700,Buy,75,"[""최근 30일 내 애널리스트 리포트에서 모두 목표주가를 현재가 대비 높게 제시하며 긍정적인 전망을 내놓고 있습니다."", ""2023년 3분기 실적이 전년 동기 대비 매출 및 영업이익 모두 두 자릿수 성장률을 기록하며 견조한 성장세를 보이고 있습니다."", ""최근 1개월 수익률은 하락했으나, 거래량 변화율이 15.52%로 증가하며 향후 주가 반등 가능성을 시사합니다.""]"
352820,HYBE,2024-04-01,226500,Buy,75,"[""최근 1개월 수익률 13.76%로 단기 상승 모멘텀이 확인되며, 거래량 변화율 10.66%는 긍정적인 수급 신호를 시사합니다."", ""2023년 연간 매출 및 영업이익이 전년 대비 각각 22.6%, 24.8% 증가하며 견조한 성장세를 보이고 있습니다."", ""UMG와 음반원 글로벌 독점 유통 계약 체결 리포트는 향후 실적 개선에 대한 긍정적인 전망을 제시하며 목표주가 330,000원을 제시하고 있습니다.""]"
352820,HYBE,2024-05-02,200000,Sell,75,"[""최근 1개월 수익률이 -11.70%로 하락세를 보이고 있으며, 52주 최고가 대비 현재 위치가 11.6%로 하락 가능성이 존재합니다."", ""애널리스트 리포트에서 제시된 목표주가들이 현재가(200,000원) 대비 상승 여력이 있으나, '뉴진스' 관련 불확실성이 언급되며 목표주가 상향 조정의 명확한 근거가 부족합니다."", ""PER 44.4배는 다소 높은 수준으로, 향후 실적 성장세가 이를 뒷받침하지 못할 경우 주가 하락 압력으로 작용할 수 있습니다.""]"
352820,HYBE,2024-06-03,200500,Sell,75,"[""2024년 1분기 매출액과 영업이익이 전년 동기 대비 큰 폭으로 감소하며 수익성 악화를 시사합니다."", ""영업이익률이 4.0%로 낮아졌으며, 영업현금흐름이 마이너스를 기록하여 재무 건전성에 대한 우려가 있습니다."", ""최근 1개월 수익률이 소폭 하락했으며, 52주 최고가 대비 현재 위치가 상대적으로 높은 편이어서 추가 하락 가능성을 배제할 수 없습니다.""]"
352820,HYBE,2024-07-01,200500,Sell,75,"[""최근 1분기 실적이 전년 동기 대비 매출 및 영업이익이 크게 감소하며 부정적인 흐름을 보이고 있습니다."", ""영업이익률이 4.0%로 낮고, 영업현금흐름이 마이너스(-)를 기록하며 재무 건전성에 대한 우려가 있습니다."", ""최근 1개월 수익률이 마이너스(-)를 기록하고 거래량 변화율이 크게 감소한 점은 투자 심리 위축을 시사합니다.""]"
352820,HYBE,2024-08-01,175300,Sell,75,"[""최근 1개월 수익률이 -11.02%로 하락세를 보이고 있으며, 거래량 변화율 또한 -16.89%로 감소하여 투자 심리가 위축된 것으로 판단됩니다."", ""2024년 1분기 매출액이 전년 동기 대비 12.1% 감소하고 영업이익은 72.6% 급감하는 등 실적 부진이 지속되고 있습니다."", ""영업이익률이 4.0%로 낮고 영업현금흐름이 -679억원으로 마이너스를 기록하는 등 재무 건전성에 대한 우려가 존재합니다.""]"
352820,HYBE,2024-09-02,179800,Sell,75,"[""최근 2분기 실적에서 영업이익이 전년 동기 대비 37.4% 감소하며 수익성 악화가 관찰되었습니다."", ""영업현금흐름이 마이너스를 기록하며 재무 안정성에 대한 우려가 제기됩니다."", ""PER 39.9배는 현재 시장 평균 대비 높은 수준으로, 향후 실적 개선 없이는 밸류에이션 부담이 존재합니다.""]"
352820,HYBE,2024-10-02,170100,Sell,75,"[""2024년 2분기 영업이익이 전년 동기 대비 37.4% 감소하며 수익성 악화가 두드러졌습니다."", ""최근 1개월 수익률이 -6.54%로 하락세를 보이고 있으며, 거래량 변화율 또한 -20.98%로 감소하여 투자 심리가 위축된 것으로 판단됩니다."", ""현재 주가가 52주 최고가 대비 12.3% 낮은 수준이지만, 실적 부진과 투자 심리 위축을 고려할 때 단기적인 추가 하락 가능성이 높습니다.""]"
352820,HYBE,2024-11-01,186700,Sell,75,"[""최근 2분기 영업이익이 전년 동기 대비 큰 폭으로 감소했으며, 영업이익률 또한 하락한 점은 부정적인 신호입니다."", ""영업현금흐름이 마이너스를 기록하고 있어 단기적인 재무 건전성에 대한 우려가 존재합니다."", ""최근 1개월 수익률은 긍정적이나, 거래량 변화율이 감소하고 있어 상승 모멘텀이 약화될 가능성이 있습니다.""]"
352820,HYBE,2024-12-02,189800,Sell,75,"[""최근 3분기 실적에서 매출과 영업이익이 전년 동기 대비 감소했으며, 특히 영업이익 감소폭이 컸습니다."", ""PER 42.1배는 현재 시장 평균 대비 높은 수준으로, 향후 이익 성장이 이를 정당화하지 못할 경우 주가 하락 압력이 될 수 있습니다."", ""최근 1개월 수익률이 1.66%로 미미한 수준이며, 52주 최고가 대비 현재 위치가 32.5%로 하락 추세에 대한 우려가 있습니다.""]"
352820,HYBE,2025-01-02,196300,Sell,75,"[""최근 3분기 실적에서 매출과 영업이익이 전년 동기 대비 감소했으며, 특히 영업이익 감소폭이 25.4%로 크게 나타나고 있습니다."", ""현재가 196,300원은 52주 최고가 256,000원 대비 약 60% 수준으로, 52주 내 현재 위치가 39.1%에 불과하여 상승 여력보다는 하락 가능성이 더 높아 보입니다."", ""최근 1개월 수익률이 0.56%로 미미하고 거래량 변화율이 -29.72%로 감소하는 추세는 투자 심리가 위축되었음을 시사합니다.""]"
352820,HYBE,2025-02-03,226500,Sell,75,"[""최근 3분기 실적에서 매출과 영업이익이 전년 동기 대비 감소했으며, 특히 영업이익 감소폭이 컸습니다."", ""PER 50.3배는 현재 시장에서 높은 밸류에이션을 받고 있음을 시사하며, 이는 향후 주가 상승 여력을 제한할 수 있습니다."", ""최근 1개월 수익률이 15.86%로 높았으나, 거래량 변화율이 -32.35%로 감소한 점은 단기적인 상승 모멘텀 약화를 시사합니다.""]"
352820,HYBE,2025-03-04,251000,Sell,75,"[""최근 3분기 실적에서 매출 감소 및 영업이익 큰 폭 하락이 확인되었으며, 이는 향후 실적에 대한 우려를 제기합니다."", ""PER 55.7배는 현재 시장 평균 대비 높은 수준으로, 밸류에이션 부담이 존재합니다."", ""최근 1개월 수익률은 긍정적이나, 52주 최고가 대비 현재 위치가 높아 추가 상승 여력이 제한적일 수 있습니다.""]"
352820,HYBE,2025-04-01,235000,Sell,75,"[""2024년 연간 영업이익이 전년 대비 37.8% 감소했으며, 순이익이 적자 전환한 점은 부정적인 신호입니다."", ""PER이 1044.4로 매우 높아 현재 주가가 기업의 이익 대비 고평가되었을 가능성이 있습니다."", ""최근 1개월 수익률이 -8.74%로 하락세를 보이고 있으며, 거래량 변화율 또한 감소하여 투자 심리가 위축된 것으로 판단됩니다.""]"
352820,HYBE,2025-05-02,264500,Sell,75,"[""PER 1175.6, ROE 0.3% 등 높은 밸류에이션 대비 낮은 수익성 지표는 부담 요인입니다."", ""최근 1개월 수익률 13.76% 상승에도 불구하고, 52주 최고가 대비 97.7% 위치는 단기 상승에 대한 부담을 시사합니다."", ""2024년 연간 영업이익이 전년 대비 37.8% 감소하고 순이익이 적자 전환한 점은 향후 실적 개선에 대한 불확실성을 높입니다.""]"
352820,HYBE,2025-06-02,272000,Sell,75,"[""PER 1208.9, ROE 0.3%로 밸류에이션 부담이 매우 높으며 수익성이 현저히 낮음"", ""2025년 1분기 매출 및 영업이익은 전년 동기 대비 성장했으나, 영업이익률 4.3%는 여전히 낮은 수준임"", ""최근 1개월 수익률은 긍정적이나, 거래량 변화율이 마이너스(-)를 기록하며 상승 동력이 약화될 가능성을 시사함""]"
352820,HYBE,2025-07-01,313500,Buy,75,"[""최근 1개월 수익률 15.26%와 거래량 변화율 12.68%는 긍정적인 모멘텀을 시사합니다."", ""2025년 1분기 매출 및 영업이익이 전년 동기 대비 큰 폭으로 증가하며 실적 개선세를 보이고 있습니다."", ""애널리스트 리포트에서 제시된 목표주가들이 현재가 대비 상승 여력을 시사하고 있습니다.""]"
352820,HYBE,2025-08-01,251000,Sell,75,"[""최근 1개월 수익률이 -13.60%로 하락세를 보이고 있으며, 거래량 변화율 또한 -9.71%로 감소하는 추세입니다."", ""PER 1115.6, ROE 0.3%는 현재 주가가 기업의 이익 대비 고평가되었음을 시사합니다."", ""애널리스트 리포트에서 목표주가가 현재가 대비 높게 제시되고 있으나, 이는 단기적인 주가 하락 압력을 상쇄하기 어려운 수준입니다.""]"
352820,HYBE,2025-09-01,285000,Sell,75,"[""PER 1266.7, ROE 0.3%로 현재 주가가 기업의 수익성에 비해 매우 고평가되어 있으며, 이는 향후 주가 상승 여력을 제한할 수 있습니다."", ""최근 1개월 수익률 9.83%로 단기 상승세를 보였으나, 52주 최고가 대비 현재 위치가 81.7%로 높은 수준에 있어 추가 상승보다는 차익 실현 매물이 출회될 가능성이 있습니다."", ""애널리스트 리포트에서 목표주가가 제시되고 있으나, 2분기 실적이 컨센서스를 소폭 하회했다는 점과 '하반기에 보여주는 청사진이 중요'하다는 언급은 현재 시점에서 뚜렷한 상승 모멘텀이 부족함을 시사합니다.""]"
352820,HYBE,2025-10-01,268000,Sell,75,"[""최근 1개월 수익률이 -5.63%로 하락세를 보이고 있으며, 거래량 변화율 또한 -27.78%로 감소하여 투자 심리가 위축된 것으로 판단됩니다."", ""PER이 1191.1로 매우 높아 현재 주가가 기업의 이익 대비 고평가되었을 가능성이 있습니다."", ""2025년 2분기 영업이익률은 9.3%로 전년 동기 대비 개선되었으나, 순이익이 155억원으로 상대적으로 낮은 수준에 머물러 있어 향후 주가 상승 동력이 제한적일 수 있습니다.""]"
352820,HYBE,2025-11-03,342500,Sell,75,"[""현재가가 52주 최고가와 동일하며, 최근 1개월 수익률이 높음에도 불구하고 PER이 1522.2로 매우 높아 밸류에이션 부담이 크다."", ""ROE가 0.3%로 매우 낮아 기업의 수익 창출 능력이 저조하며, 이는 주가 상승의 동력으로 작용하기 어렵다."", ""애널리스트 리포트의 목표주가들이 현재가 대비 상승 여력이 제한적이거나 하락 가능성을 시사하고 있다.""]"
352820,HYBE,2025-12-01,292000,Sell,75,"[""최근 1개월 수익률이 -14.37%로 하락세를 보이고 있으며, 거래량 변화율 또한 -10.53%로 감소하여 투자 심리가 위축되었음을 시사합니다."", ""2025년 3분기 실적에서 매출은 증가했으나 영업이익이 큰 폭으로 감소하고 영업이익률이 마이너스를 기록하며 수익성이 악화되었습니다."", ""PER이 1297.8로 매우 높아 현재 주가가 기업의 이익 대비 고평가되었을 가능성이 있으며, ROE가 0.3%로 매우 낮은 점은 자본 효율성이 떨어진다는 것을 나타냅니다.""]"
329180,HD현대중공업,2023-01-02,117500,Sell,75,"[""최근 1개월 수익률이 마이너스이며 거래량 변화율 또한 크게 감소하여 하락 추세가 감지됩니다."", ""2022년 3분기 영업이익이 전년 동기 대비 80.8% 감소하며 수익성이 크게 악화된 점은 부정적인 요인입니다."", ""높은 부채비율(228.6%)은 재무 안정성에 대한 우려를 제기하며, 이는 주가 하락 압력으로 작용할 수 있습니다.""]"
329180,HD현대중공업,2023-02-01,111300,Sell,75,"[""최근 1개월 수익률이 -4.05%로 하락세를 보이고 있으며, 2022년 3분기 영업이익이 전년 동기 대비 80.8% 감소하여 수익성 악화가 우려됩니다."", ""PER이 '해당없음(적자)'으로 재무적으로 불안정한 모습을 보이고 있으며, 높은 부채비율(228.6%)은 재무 안정성에 대한 의문을 제기합니다."", ""최근 거래량 변화율이 46.73%로 높지만, 이는 단기적인 변동성일 수 있으며, 실적 부진과 재무 불안정성을 상쇄할 만큼의 강력한 상승 모멘텀을 찾기 어렵습니다.""]"
329180,HD현대중공업,2023-03-02,105900,Sell,75,"[""최근 1개월 수익률이 -4.42%로 하락세를 보이고 있으며, 거래량 변화율 또한 -6.87%로 감소하여 투자 심리가 위축된 것으로 판단됩니다."", ""PER이 '해당없음(적자)'으로 표시되어 있으며, 2022년 3분기 영업이익이 전년 동기 대비 -80.8% 감소한 점은 수익성 개선에 대한 우려를 나타냅니다."", ""부채비율이 228.6%로 다소 높은 수준이며, 이는 재무 안정성에 대한 잠재적 위험 요인으로 작용할 수 있습니다.""]"
329180,HD현대중공업,2023-04-03,100400,Sell,65,"[""2022년 연간 실적에서 영업이익 및 순이익 적자를 기록하며 재무적으로 불안정한 모습을 보이고 있습니다."", ""부채비율이 208.1%로 높아 재무 건전성에 대한 우려가 존재합니다."", ""최근 1개월 수익률이 -3.65%로 하락세를 보이고 있으며, 52주 최고가 대비 현재 위치가 11.1%로 상승 여력이 제한적입니다.""]"
329180,HD현대중공업,2023-05-02,110700,Buy,75,"[""최근 1개월 수익률이 10.70%로 양호한 흐름을 보이고 있으며, 52주 최고가 대비 현재 위치가 30.3%로 상승 여력이 존재합니다."", ""최근 애널리스트 리포트에서 흑자기조 유지 및 순항 중이라는 긍정적인 전망과 함께 목표주가가 현재가 대비 높게 제시되었습니다."", ""영업이익이 전년 대비 개선되었고, 영업현금흐름이 흑자를 기록하며 재무 안정성이 일부 개선되는 모습을 보입니다.""]"
329180,HD현대중공업,2023-06-01,116600,Sell,75,"[""2023년 1분기 실적에서 매출은 증가했으나 영업이익은 적자를 기록하며 수익성 개선이 미흡한 점은 부정적 요인입니다."", ""부채비율이 222.7%로 높아 재무 안정성에 대한 우려가 존재합니다."", ""최근 1개월 수익률이 6.39%로 상승세를 보였으나, 거래량 변화율이 -11.06%로 감소한 점은 향후 상승 동력 약화를 시사할 수 있습니다.""]"
329180,HD현대중공업,2023-07-03,131600,Sell,75,"[""최근 1개월 수익률이 12.86%로 양호하나, 2023년 1분기 실적에서 매출은 증가했으나 영업이익이 적자를 기록하며 수익성 개선이 부진한 점은 하락 요인으로 작용할 수 있습니다."", ""부채비율이 222.7%로 높아 재무 안정성에 대한 우려가 존재하며, 이는 향후 주가 상승 동력을 제한할 수 있습니다."", ""52주 최고가 대비 현재 위치가 67.9%로 상승 여력이 제한적일 수 있으며, 거래량 변화율이 음수(-)인 점은 단기적인 매도 압력을 시사할 수 있습니다.""]"
329180,HD현대중공업,2023-08-01,139300,Buy,75,"[""최근 애널리스트 리포트에서 목표주가가 현재가 대비 상승 여력을 시사하고 있으며, 흑자기조 지속 및 실적 개선 전망이 제시되고 있습니다."", ""최근 1개월 수익률이 5.85%로 긍정적인 흐름을 보이고 있으며, 52주 최고가 대비 현재 위치가 81.7%로 상승 추세에 대한 기대감을 높입니다."", ""영업현금흐름이 흑자를 기록하고 있으며, 매출액이 전년 동기 대비 크게 증가한 점은 긍정적인 신호입니다.""]"
329180,HD현대중공업,2023-09-01,128000,Sell,75,"[""최근 1개월 수익률이 -7.45%로 하락세를 보이고 있으며, 거래량 변화율 또한 -28.81%로 감소하여 투자 심리가 위축된 것으로 판단됩니다."", ""2023년 2분기 매출 및 영업이익이 전년 동기 대비 크게 증가했으나, 영업이익률이 2.2%로 낮은 수준이며 순이익 또한 크지 않아 실적 개선의 폭이 제한적일 수 있습니다."", ""부채비율이 226.0%로 높고 영업현금흐름이 -3,207억원으로 마이너스를 기록하고 있어 재무 안정성에 대한 우려가 존재합니다.""]"
329180,HD현대중공업,2023-10-04,116500,Sell,75,"[""최근 1개월 수익률이 -11.41%로 하락세를 보이고 있으며, 거래량 변화율 또한 -31.26%로 감소하여 투자 심리가 위축된 것으로 판단됩니다."", ""PER, PBR, ROE 지표가 적자 또는 N/A로 재무 건전성에 대한 긍정적인 신호를 찾기 어렵습니다."", ""부채비율 226.0%와 영업현금흐름 -3,207억원은 재무 안정성에 대한 우려를 제기하며, 이는 단기적인 주가 하락 압력으로 작용할 수 있습니다.""]"
329180,HD현대중공업,2023-11-01,102800,Buy,75,"[""최근 30일간 애널리스트 리포트에서 제시된 목표주가 평균이 현재가 대비 상당한 상승 여력을 시사합니다."", ""2분기 실적에서 매출과 영업이익이 전년 동기 대비 큰 폭으로 증가하며 긍정적인 실적 개선 추세를 보이고 있습니다."", ""최근 1개월 수익률은 하락했으나, 거래량 변화율이 56.59%로 증가하며 향후 주가 반등 가능성을 시사합니다.""]"
329180,HD현대중공업,2023-12-01,128900,Sell,75,"[""최근 1개월 수익률이 19.13%로 높았으나, 2023년 3분기 영업이익이 전년 동기 대비 감소하고 순이익이 적자를 기록하며 수익성 악화가 우려됩니다."", ""부채비율이 240.3%로 높고 영업현금흐름이 마이너스(-)를 기록하는 등 재무 안정성 지표가 좋지 않아 추가적인 주가 상승 동력이 약합니다."", ""최근 1개월간의 높은 수익률 이후 거래량 변화율이 소폭 감소한 점은 단기 차익 실현 매물 출회 가능성을 시사합니다.""]"
329180,HD현대중공업,2024-01-02,127000,Sell,65,"[""매출은 증가했으나 영업이익이 감소하며 수익성이 악화되었고, 순이익 또한 적자를 기록하여 단기적인 주가 상승 동력이 약하다고 판단됩니다."", ""부채비율이 240.3%로 높고 영업현금흐름이 마이너스(-)를 기록하는 등 재무 안정성 지표가 좋지 않아 투자 심리에 부정적인 영향을 줄 수 있습니다."", ""최근 1개월 수익률이 3.50%로 소폭 상승했으나, 52주 최고가 대비 현재 위치가 61.5%에 머물러 있어 추가 상승 여력이 제한적일 수 있습니다.""]"
329180,HD현대중공업,2024-02-01,112800,Sell,65,"[""최근 1개월 수익률이 -7.16%로 하락세를 보이고 있으며, 거래량 변화율 또한 -20.37%로 감소하여 투자 심리가 위축된 것으로 판단됩니다."", ""2023년 3분기 영업이익률이 0.5%로 매우 낮고 순이익이 적자 전환했으며, 부채비율 240.3%와 영업현금흐름 -523억원은 재무 안정성에 대한 우려를 높입니다."", ""PER, PBR, ROE 지표가 없어 기업의 내재가치를 평가하기 어렵고, 현재 주가가 52주 최고가 대비 35.2% 낮은 수준이지만, 단기적인 하락 추세와 재무 지표의 불안정성을 고려할 때 추가 하락 가능성이 있습니다.""]"
329180,HD현대중공업,2024-03-04,113600,Sell,75,"[""최근 3분기 실적에서 매출은 증가했으나 영업이익이 감소하고 순이익이 적자를 기록하며 수익성이 악화된 점은 부정적입니다."", ""부채비율이 240.3%로 높고 영업현금흐름이 마이너스인 점은 재무 안정성에 대한 우려를 높입니다."", ""최근 1개월 수익률이 마이너스이고 52주 최고가 대비 현재 위치가 36.7%로 상승 여력이 제한적일 수 있다는 점을 고려했습니다.""]"
329180,HD현대중공업,2024-04-01,121300,Sell,75,"[""현재 PER 436.3배, ROE 0.6%로 재무 지표상 고평가 및 저수익성 상태를 보이고 있습니다."", ""부채비율 229.0%로 재무 안정성이 낮으며, 이는 향후 주가 하락 압력으로 작용할 수 있습니다."", ""최근 1개월 수익률이 2.88%로 미미한 수준이며, 52주 최고가 대비 현재 위치가 47.7%로 상승 여력이 제한적일 수 있습니다.""]"
329180,HD현대중공업,2024-05-02,136200,Buy,75,"[""최근 1개월 수익률 12.28%와 거래량 변화율 34.08%는 긍정적인 시장 관심과 수급 개선을 시사합니다."", ""다수의 애널리스트 리포트에서 목표주가를 현재가 대비 상회하는 수준으로 제시하며 긍정적인 전망을 내놓고 있습니다."", ""2023년 연간 실적에서 매출과 영업이익이 전년 대비 큰 폭으로 증가하며 개선된 사업 성과를 보여주고 있습니다.""]"
329180,HD현대중공업,2024-06-03,131800,Buy,75,"[""최근 1분기 실적에서 매출과 영업이익이 전년 동기 대비 큰 폭으로 증가하며 긍정적인 실적 개선세를 보였습니다."", ""애널리스트 리포트에서 목표주가 160,000원을 제시하며 향후 주가 상승에 대한 기대감을 나타내고 있습니다."", ""영업현금흐름이 긍정적인 수준으로 재무 안정성에 대한 우려를 일부 해소하며 투자 매력을 높입니다.""]"
329180,HD현대중공업,2024-07-01,155100,Sell,75,"[""현재가(155,100원)가 52주 최고가(156,400원)에 근접하여 추가 상승 여력이 제한적일 수 있습니다."", ""최근 1개월 수익률이 17.41%로 높았으나, 거래량 변화율이 -38.49%로 감소하여 상승 동력이 약화되었을 가능성이 있습니다."", ""PER 557.9, ROE 0.6% 등 밸류에이션 지표가 높아 현재 주가 수준이 재무적 가치 대비 고평가되었을 수 있습니다.""]"
329180,HD현대중공업,2024-08-01,214000,Sell,75,"[""현재가가 52주 최고가와 동일하며, 최근 1개월 수익률이 40.88%로 단기 급등 후 차익 실현 매물이 출회될 가능성이 높습니다."", ""PER 769.8배, PBR 4.31배, ROE 0.6%로 밸류에이션 지표가 매우 높아 추가 상승 여력이 제한적입니다."", ""애널리스트 리포트의 목표주가 평균이 현재가 대비 소폭 상승 여력만을 제시하고 있어, 큰 폭의 상승을 기대하기 어렵습니다.""]"
329180,HD현대중공업,2024-09-02,185500,Sell,75,"[""최근 1개월 수익률이 -13.32%로 하락세를 보이고 있으며, 거래량 변화율 또한 마이너스를 기록하여 매도 압력이 존재함을 시사합니다."", ""PER 667.3, PBR 3.74, ROE 0.6%는 현재 주가가 기업의 이익 및 자산 가치 대비 고평가되었을 가능성을 나타냅니다."", ""52주 최고가 대비 현재 위치가 73.2%로, 상승 여력보다는 하락 위험이 상대적으로 높아 보입니다.""]"
329180,HD현대중공업,2024-10-02,183100,Sell,75,"[""최근 1개월 수익률이 마이너스(-)를 기록하고 거래량 변화율이 크게 감소한 점은 투자 심리 위축을 시사합니다."", ""PER 658.6배, PBR 3.69배, ROE 0.6%는 현재 주가가 기업의 이익 및 자산 가치 대비 고평가되었음을 나타냅니다."", ""2분기 실적은 전년 동기 대비 큰 폭의 성장을 보였으나, 이는 이미 주가에 상당 부분 반영되었을 가능성이 높으며 향후 20거래일 내 추가 상승 동력은 제한적일 수 있습니다.""]"
329180,HD현대중공업,2024-11-01,174200,Sell,75,"[""현재 PER 626.6배는 동종 업계 평균 대비 매우 높은 수준으로 밸류에이션 부담이 존재합니다."", ""최근 1개월 수익률 -5.63% 및 거래량 변화율 -19.26%는 단기적인 매도 압력을 시사합니다."", ""최근 애널리스트 리포트에서 목표주가가 제시되었으나, 이는 2분기 실적 개선에 대한 기대감이 반영된 것으로 향후 20거래일 내 추가 상승 동력은 제한적일 수 있습니다.""]"
329180,HD현대중공업,2024-12-02,211000,Buy,75,"[""최근 3분기 실적에서 매출과 영업이익이 전년 동기 대비 큰 폭으로 증가하며 긍정적인 실적 개선세를 보이고 있습니다."", ""최근 1개월 수익률이 21.13%로 높고, 거래량 변화율이 135.11%로 증가하며 투자자들의 관심이 높아지고 있음을 시사합니다."", ""52주 최고가 대비 현재 위치가 76.6%로, 아직 상승 여력이 남아있을 가능성이 있습니다.""]"
329180,HD현대중공업,2025-01-02,289000,Buy,75,"[""최근 1개월 수익률 31.36%로 강한 상승세를 보이고 있으며, 52주 최고가에 근접한 위치는 추가 상승 가능성을 시사합니다."", ""2024년 3분기 매출액이 전년 동기 대비 26.5% 증가하고 영업이익이 1497.1% 급증하는 등 실적 개선이 뚜렷합니다."", ""영업현금흐름이 1.4조원으로 양호하며, 이는 기업의 재무 건전성을 뒷받침합니다.""]"
329180,HD현대중공업,2025-02-03,311500,Buy,75,"[""최근 3분기 실적이 전년 동기 대비 매출 26.5% 증가, 영업이익 1497.1% 증가하며 큰 폭의 개선세를 보였고, 영업현금흐름 또한 1.4조원으로 견조한 흐름을 나타내고 있습니다."", ""최근 1개월 수익률이 4.53%로 상승세를 보이고 있으며, 52주 최고가 대비 현재 위치가 92.9%로 상승 모멘텀이 강하게 유지되고 있습니다."", ""최근 30일 이내 애널리스트 리포트에서 모두 긍정적인 전망과 함께 목표주가를 현재가 대비 상회하는 수준으로 제시하고 있어 추가 상승 여력이 기대됩니다.""]"
329180,HD현대중공업,2025-03-04,314500,Buy,75,"[""최근 3분기 실적에서 매출 및 영업이익이 전년 동기 대비 큰 폭으로 증가하며 긍정적인 실적 모멘텀을 보여주고 있습니다."", ""애널리스트 리포트에서 제시된 목표주가들이 현재가 대비 상승 여력을 시사하고 있으며, 특히 긍정적인 전망을 담은 리포트들이 다수 존재합니다."", ""52주 최저가 대비 현재 위치가 79.9%로, 주가 상승 추세가 이어지고 있음을 기술적으로 뒷받침하고 있습니다.""]"
329180,HD현대중공업,2025-04-01,291000,Sell,75,"[""최근 1개월 수익률이 -1.69%로 하락세를 보이고 있으며, 거래량 변화율이 -54.18%로 크게 감소하여 투자 심리가 위축된 것으로 판단됩니다."", ""PER 41.6배, PBR 5.35배로 동종 업계 평균 대비 높은 밸류에이션 수준을 보이고 있어 추가 상승 여력이 제한적일 수 있습니다."", ""52주 최고가 대비 현재 주가가 70.5% 수준에 위치하여 단기적으로 차익 실현 매물이 출회될 가능성이 있습니다.""]"
329180,HD현대중공업,2025-05-02,408500,Buy,75,"[""최근 1개월 수익률 40.38%와 거래량 변화율 39.83%는 강한 상승 모멘텀을 시사합니다."", ""최근 30일 내 애널리스트 리포트들이 일관되게 높은 목표주가를 제시하며 긍정적인 전망을 내놓고 있습니다."", ""2024년 연간 실적에서 매출과 영업이익이 전년 대비 큰 폭으로 증가하며 견조한 성장세를 보이고 있습니다.""]"
329180,HD현대중공업,2025-06-02,428000,Buy,75,"[""2025년 1분기 매출 및 영업이익이 전년 동기 대비 큰 폭으로 증가하며 견조한 실적 개선세를 보이고 있습니다."", ""최근 애널리스트 리포트에서 목표주가가 현재가 대비 상승 여력을 시사하고 있습니다."", ""52주 최고가에 위치하며 강한 상승 추세를 유지하고 있으나, 거래량 변화율이 음수(-)인 점은 단기적인 매물 출회 가능성을 시사합니다.""]"
329180,HD현대중공업,2025-07-01,420500,Buy,75,"[""2025년 1분기 매출 및 영업이익의 전년 동기 대비 큰 폭 상승은 긍정적인 실적 모멘텀을 시사합니다."", ""영업이익률이 11.3%로 개선된 점은 수익성 증대를 나타냅니다."", ""최근 1개월 수익률이 3.70%이며, 52주 최고가 대비 현재 위치가 87.0%로 상승 추세에 있습니다.""]"
329180,HD현대중공업,2025-08-01,476500,Buy,75,"[""최근 1개월 수익률이 20.94%로 강한 상승세를 보이고 있으며, 52주 최고가 대비 현재 위치가 95.7%로 상승 여력이 남아있습니다."", ""2025년 1분기 매출 및 영업이익이 전년 동기 대비 크게 증가하며 견조한 실적 개선세를 보여주고 있습니다."", ""애널리스트 리포트에서 제시된 목표주가 평균이 현재가보다 높아 향후 주가 상승에 대한 긍정적인 전망을 뒷받침합니다.""]"
329180,HD현대중공업,2025-09-01,510000,Buy,75,"[""최근 2분기 실적에서 매출액이 전년 동기 대비 6.8% 증가하고 영업이익이 141.0% 급증하며 견조한 성장세를 보이고 있습니다."", ""애널리스트 리포트에서 현대미포 흡수합병 관련 긍정적인 코멘트와 함께 목표주가가 현재가 대비 상승 여력을 시사하고 있습니다."", ""52주 최고가 대비 현재 위치가 96.8%로 높은 수준이지만, 최근 1개월 수익률이 3.98%로 상승세를 이어가고 있으며 거래량 변화율도 18.89%로 증가하며 투자 심리가 개선되고 있습니다.""]"
329180,HD현대중공업,2025-10-01,528000,Sell,75,"[""현재가가 52주 최고가와 동일하며, PBR이 9.72로 높아 밸류에이션 부담이 존재합니다."", ""최근 1개월 수익률은 소폭 상승했으나, 거래량 변화율이 -38.02%로 크게 감소하여 상승 동력이 약화되었습니다."", ""2025년 2분기 영업이익은 크게 증가했으나, 부채비율이 219.3%로 높아 재무 안정성에 대한 우려가 있습니다.""]"
329180,HD현대중공업,2025-11-03,607000,Buy,75,"[""최근 2분기 실적에서 전년 동기 대비 영업이익이 141.0% 증가하며 견조한 성장세를 보이고 있습니다."", ""최근 1개월 수익률이 23.50%로 단기적인 주가 상승 모멘텀이 확인됩니다."", ""애널리스트 리포트에서 제시된 목표주가들이 현재가 대비 상승 여력을 시사하고 있습니다.""]"
329180,HD현대중공업,2025-12-01,515000,Buy,75,"[""최근 3분기 실적에서 매출과 영업이익이 전년 동기 대비 큰 폭으로 성장했으며, 특히 영업이익률이 12.6%로 개선되었습니다."", ""애널리스트 리포트에서 제시된 목표주가들이 현재가 대비 상당한 상승 여력을 시사하고 있습니다."", ""최근 1개월 수익률은 하락했으나, 52주 내 현재 위치가 73.8%로 과거 고점 대비 상승 여력이 남아있으며, 거래량 변화율이 56.75%로 증가한 점은 긍정적인 신호로 해석될 수 있습니다.""]"
012450,한화에어로스페이스,2023-01-02,74972,Sell,75,"[""최근 1개월 수익률은 소폭 상승했으나, 거래량 변화율이 크게 감소하며 매수세 약화를 시사합니다."", ""2022년 3분기 영업이익이 전년 동기 대비 큰 폭으로 감소하며 수익성 악화 우려가 있습니다."", ""부채비율이 185.4%로 높고 영업현금흐름이 마이너스를 기록하며 재무 안정성에 대한 우려가 존재합니다.""]"
012450,한화에어로스페이스,2023-02-01,82307,Sell,75,"[""최근 1개월 수익률이 9.78%로 양호하나, 2022년 3분기 영업이익이 전년 동기 대비 23.4% 감소하며 수익성 악화가 관찰되었습니다."", ""부채비율 185.4%와 영업현금흐름 -1,908억원은 재무 안정성에 대한 우려를 제기하며, 이는 단기적인 주가 하락 압력으로 작용할 수 있습니다."", ""현재 주가가 52주 최고가 대비 89.5% 수준으로 높은 편이며, 추가적인 상승 동력이 약할 경우 단기 차익 실현 매물 출회 가능성이 있습니다.""]"
012450,한화에어로스페이스,2023-03-02,92595,Sell,75,"[""최근 1개월 수익률은 높으나, 거래량 변화율이 음수(-)로 전환되며 상승 동력이 약화되고 있음을 시사합니다."", ""2022년 3분기 영업이익이 전년 동기 대비 큰 폭으로 감소(-23.4%)하며 수익성 악화가 관찰됩니다."", ""부채비율(185.4%)과 영업현금흐름(-1,908억원)이 재무 안정성에 대한 우려를 제기하며, 이는 단기 주가 하락 압력으로 작용할 수 있습니다.""]"
012450,한화에어로스페이스,2023-04-03,104513,Buy,75,"[""최근 1개월 수익률이 9.50%로 양호한 상승세를 보이고 있으며, 52주 최고가에 도달하여 추가 상승 여력이 있을 수 있습니다."", ""2022년 연간 실적에서 매출액과 영업이익이 전년 대비 각각 18.0%, 36.1% 증가하며 견조한 성장세를 시현했습니다."", ""영업현금흐름이 1.5조원으로 매우 우수하여 재무적 안정성을 뒷받침하고 있습니다.""]"
012450,한화에어로스페이스,2023-05-02,109607,Buy,85,"[""최근 30일간 애널리스트 리포트에서 제시된 목표주가들이 현재가 대비 상당한 상승 여력을 시사하며, 모두 긍정적인 전망을 내놓고 있습니다."", ""최근 1개월 수익률이 8.47%로 양호하며, 거래량 변화율이 58.41%로 높아 시장의 관심이 증가하고 있음을 나타냅니다."", ""2022년 연간 실적에서 매출과 영업이익이 전년 대비 큰 폭으로 성장했으며, 영업이익률 또한 개선되는 추세를 보입니다.""]"
012450,한화에어로스페이스,2023-06-01,110015,Buy,75,"[""2023년 1분기 매출 및 영업이익이 전년 동기 대비 큰 폭으로 증가하며 견조한 성장세를 보이고 있습니다."", ""최근 애널리스트 리포트에서 긍정적인 전망과 함께 목표주가가 제시되어 추가 상승 여력이 시사됩니다."", ""현재가가 52주 최고가 대비 높은 수준에 위치하며, 최근 1개월 수익률도 긍정적인 흐름을 보이고 있습니다.""]"
012450,한화에어로스페이스,2023-07-03,132527,Buy,75,"[""최근 1개월 수익률 20.46%와 거래량 변화율 17.92%는 긍정적인 모멘텀을 시사합니다."", ""2023년 1분기 매출 및 영업이익이 전년 동기 대비 큰 폭으로 성장하며 실적 개선세를 보이고 있습니다."", ""52주 최고가 대비 현재 위치가 87.7%로, 상승 여력이 남아있을 가능성이 있습니다.""]"
012450,한화에어로스페이스,2023-08-01,123766,Sell,75,"[""최근 1개월 수익률이 -6.61%로 하락세를 보이고 있으며, 거래량 변화율 또한 -13.52%로 감소하여 투자 심리가 위축된 것으로 판단됩니다."", ""부채비율이 265.9%로 다소 높은 수준이며, 영업현금흐름이 -6,909억원으로 마이너스를 기록하고 있어 재무 건전성에 대한 우려가 존재합니다."", ""PER 31.2, PBR 1.63은 현재 시장에서 높은 밸류에이션을 받고 있음을 시사하며, ROE 5.2% 대비 상승 여력이 제한적일 수 있습니다.""]"
012450,한화에어로스페이스,2023-09-01,116737,Sell,65,"[""최근 1개월 수익률이 -5.13%로 하락세를 보이고 있으며, 거래량 변화율 또한 -50.72%로 감소하여 투자 심리가 위축된 것으로 판단됩니다."", ""2분기 영업이익이 전년 동기 대비 4.9% 감소하며 성장세 둔화 가능성을 시사하고 있습니다."", ""부채비율이 295.6%로 높아 재무 안정성에 대한 우려가 존재하며, 이는 향후 주가 상승 동력을 제한할 수 있습니다.""]"
012450,한화에어로스페이스,2023-10-04,104107,Sell,75,"[""최근 1개월 수익률이 -11.28%로 하락세를 보이고 있으며, 거래량 변화율 또한 음수(-)를 기록하여 매도 압력이 존재함을 시사합니다."", ""부채비율이 295.6%로 높아 재무 안정성에 대한 우려가 있으며, 이는 향후 주가 상승에 부담으로 작용할 수 있습니다."", ""영업이익이 전년 동기 대비 감소(-4.9%)하였고 영업이익률 또한 4.6%로 낮은 수준을 기록하여 단기적인 실적 개선 모멘텀이 약하다고 판단됩니다.""]"
012450,한화에어로스페이스,2023-11-01,115617,Sell,75,"[""최근 1개월 수익률이 8.92%로 양호하나, 3분기 실적 Preview 리포트에서 '쉬어가는 3분기'라는 언급은 단기 실적 모멘텀 둔화를 시사합니다."", ""영업이익률이 4.6%로 낮고, 전년 동기 대비 영업이익이 감소한 점은 수익성 개선에 대한 의구심을 갖게 합니다."", ""부채비율이 295.6%로 높아 재무 안정성에 대한 우려가 존재하며, 이는 향후 주가 상승 동력을 제한할 수 있습니다.""]"
012450,한화에어로스페이스,2023-12-01,138537,Buy,75,"[""최근 1개월 수익률이 17.85%로 강한 상승세를 보이고 있으며, 52주 최고가 대비 현재 위치가 91.5%로 상승 여력이 남아있습니다."", ""2023년 3분기 매출액과 영업이익이 전년 동기 대비 각각 31.1%, 80.9% 크게 증가하며 견조한 실적 개선세를 보여주고 있습니다."", ""최근 애널리스트 리포트에서 목표주가가 현재가 대비 상향 제시되고 있으며, '거를 타선이 없다', '흔들리지 않는 편안함', '찾아오는 도약의 시기' 등 긍정적인 전망이 다수 존재합니다.""]"
012450,한화에어로스페이스,2024-01-02,132119,Buy,75,"[""최근 1개월 수익률 5.36%와 거래량 변화율 28.92%는 긍정적인 수급 신호를 시사합니다."", ""2023년 3분기 매출액과 영업이익이 전년 동기 대비 각각 31.1%, 80.9% 크게 증가하며 견조한 성장세를 보여주고 있습니다."", ""현재 주가가 52주 최고가 대비 약 83.1% 수준에 위치하며 상승 여력이 남아있을 가능성을 시사합니다.""]"
012450,한화에어로스페이스,2024-02-01,135074,Buy,75,"[""2023년 3분기 매출 및 영업이익이 전년 동기 대비 큰 폭으로 증가하며 견조한 성장세를 시현했습니다."", ""영업현금흐름이 긍정적으로 나타나 재무 활동에 대한 안정성을 뒷받침합니다."", ""최근 1개월 수익률은 소폭 하락했으나, 52주 내 현재 위치가 78.2%로 상승 추세의 연장 가능성을 시사합니다.""]"
012450,한화에어로스페이스,2024-03-04,191099,Buy,75,"[""최근 1개월 수익률이 42.23%로 매우 높으며, 52주 최고가 대비 현재 위치가 93.6%로 상승 추세가 강하게 나타나고 있습니다."", ""최근 애널리스트 리포트에서 목표주가가 현재가 대비 상승 여력이 있음을 시사하고 있으며, 방산 부문의 성장성에 대한 긍정적인 전망이 제시되고 있습니다."", ""2023년 3분기 매출 및 영업이익이 전년 동기 대비 큰 폭으로 증가하며 견조한 성장세를 보이고 있습니다.""]"
012450,한화에어로스페이스,2024-04-01,212899,Buy,75,"[""최근 1개월 수익률 11.47%로 단기 상승 모멘텀이 확인되며, 52주 최고가 대비 현재 위치가 89.3%로 상승 여력이 남아있습니다."", ""2023년 연간 매출 및 영업이익이 전년 대비 각각 32.6%, 72.6% 크게 증가하며 견조한 성장세를 보이고 있습니다."", ""애널리스트 리포트에서 제시된 목표주가(250,000원, 235,000원)가 현재가(212,899원) 대비 상승 여력을 시사합니다.""]"
012450,한화에어로스페이스,2024-05-02,224614,Buy,75,"[""최근 2023년 연간 실적에서 매출 및 영업이익이 전년 대비 큰 폭으로 성장했으며, 영업이익률 또한 개선되었습니다."", ""최근 1개월 수익률이 5.50%로 긍정적인 흐름을 보이고 있으며, 52주 최고가 대비 현재 위치가 85.8%로 상승 여력이 남아있습니다."", ""최근 애널리스트 리포트에서 제시된 목표주가들이 현재가 대비 상승 여력을 시사하고 있습니다.""]"
012450,한화에어로스페이스,2024-06-03,227160,Sell,75,"[""2024년 1분기 매출 및 영업이익이 전년 동기 대비 큰 폭으로 감소하며 실적 둔화가 관찰됩니다."", ""부채비율이 343.4%로 높고 영업현금흐름이 마이너스(-)를 기록하여 재무 안정성에 대한 우려가 있습니다."", ""최근 1개월 수익률은 긍정적이나, 거래량 변화율이 -44.37%로 감소하며 투자 심리 위축 가능성을 시사합니다.""]"
012450,한화에어로스페이스,2024-07-01,248043,Sell,75,"[""최근 1개월 수익률이 높고 52주 최고가 근접에도 불구하고, 2024년 1분기 영업이익이 전년 동기 대비 큰 폭으로 감소하며 수익성 악화가 관찰되었습니다."", ""부채비율이 343.4%로 높고 영업현금흐름이 마이너스(-)를 기록하며 재무 안정성에 대한 우려가 존재합니다."", ""기술적 지표상 52주 최고가에 근접해 있어 추가적인 상승 여력이 제한적일 수 있으며, 실적 부진이 주가에 하방 압력으로 작용할 가능성이 있습니다.""]"
012450,한화에어로스페이스,2024-08-01,309163,Sell,75,"[""최근 1개월 수익률이 30.26%로 높고 52주 최고가 대비 현재 위치가 91.7%로 상승 여력이 제한적입니다."", ""2024년 1분기 실적이 전년 동기 대비 매출은 -9.3%, 영업이익은 -83.2% 감소하며 부진한 모습을 보였습니다."", ""부채비율이 343.4%로 높고 영업현금흐름이 -4,230억원으로 마이너스를 기록하며 재무 안정성에 대한 우려가 있습니다.""]"
012450,한화에어로스페이스,2024-09-02,295411,Buy,75,"[""2024년 2분기 매출 및 영업이익이 전년 동기 대비 큰 폭으로 증가하며 견조한 성장세를 시현했습니다."", ""최근 애널리스트 리포트에서 제시된 목표주가 375,000원은 현재가 대비 상당한 상승 여력을 시사합니다."", ""52주 최고가 대비 현재 위치가 85.8%로, 상승 추세가 지속될 가능성을 보여줍니다.""]"
012450,한화에어로스페이스,2024-10-02,304766,Buy,75,"[""2024년 2분기 매출 및 영업이익이 전년 동기 대비 큰 폭으로 증가하며 견조한 성장세를 시현했습니다."", ""현재가가 52주 최고가에 근접한 89.8% 수준으로, 상승 모멘텀이 지속될 가능성이 있습니다."", ""최근 1개월 수익률이 3.17%로 양호한 흐름을 보이고 있습니다.""]"
012450,한화에어로스페이스,2024-11-01,372711,Buy,75,"[""최근 2분기 실적에서 매출 및 영업이익이 전년 동기 대비 큰 폭으로 증가하며 견조한 성장세를 보이고 있습니다."", ""최근 1개월 수익률이 27.44%로 높고, 52주 최고가 대비 현재 위치가 95.0%로 상승 추세가 강하게 나타나고 있습니다."", ""애널리스트 리포트에서 목표주가가 현재가 대비 상승 여력을 시사하고 있습니다.""]"
012450,한화에어로스페이스,2024-12-02,316090,Buy,75,"[""최근 3분기 실적에서 매출과 영업이익이 전년 동기 대비 크게 성장하며 견조한 이익 성장세를 보여주고 있습니다."", ""두 건의 최근 애널리스트 리포트 모두 긍정적인 전망과 함께 목표주가를 현재가 대비 높게 제시하고 있습니다."", ""최근 1개월 수익률이 -15.19%로 하락했으나, 52주 최고가 대비 현재 위치가 67.6%로 여전히 상승 여력이 남아있다고 판단됩니다.""]"
012450,한화에어로스페이스,2025-01-02,357940,Buy,75,"[""최근 3분기 실적에서 매출과 영업이익이 전년 동기 대비 큰 폭으로 증가하며 견조한 성장세를 보이고 있습니다."", ""영업이익률이 18.1%로 높아 수익성이 개선되었으며, 이는 향후 주가 상승의 긍정적인 요인으로 작용할 수 있습니다."", ""최근 1개월 수익률이 16.32%로 양호한 흐름을 보이고 있으며, 52주 최고가 대비 현재 위치가 81.8%로 상승 여력이 남아있습니다.""]"
012450,한화에어로스페이스,2025-02-03,386497,Buy,75,"[""최근 1개월 수익률이 21.33%로 강한 상승세를 보이고 있으며, 52주 최고가 대비 현재 위치가 91.6%로 높은 수준을 유지하고 있습니다."", ""최근 30일 내 애널리스트 리포트에서 모두 목표주가를 현재가 대비 상향 제시하며 긍정적인 전망을 내놓고 있습니다."", ""2024년 3분기 매출액과 영업이익이 전년 동기 대비 각각 61.9%, 457.6% 크게 증가하며 견조한 실적 성장세를 보여주고 있습니다.""]"
012450,한화에어로스페이스,2025-03-04,690278,Sell,75,"[""최근 1개월 수익률이 75.25%로 매우 높고 현재가가 52주 최고가에 도달하여 단기 차익 실현 매물이 출회될 가능성이 높습니다."", ""최근 30일간 애널리스트 리포트의 목표주가 평균이 현재가(690,278원)보다 낮아 추가 상승 여력이 제한적일 수 있습니다."", ""부채비율이 397.4%로 매우 높고 영업현금흐름이 -1.1조원으로 마이너스를 기록하여 재무 안정성에 대한 우려가 존재합니다.""]"
012450,한화에어로스페이스,2025-04-01,662707,Sell,75,"[""최근 30일 내 애널리스트 리포트에서 3.6조원 유상증자 발표와 관련하여 목표주가가 하향 조정되는 의견이 다수 존재하며, 이는 단기적인 주가 하방 압력으로 작용할 수 있습니다."", ""최근 1개월 수익률은 13.30%로 양호하나, 거래량 변화율이 -23.04%로 감소한 것은 투자 심리 위축 가능성을 시사합니다."", ""현재 주가가 52주 최고가 대비 84.2% 수준에 위치하여 추가적인 상승 여력보다는 단기 차익 실현 매물 출회 가능성이 존재합니다.""]"
012450,한화에어로스페이스,2025-05-02,805489,Buy,75,"[""최근 1개월 수익률이 23.38%로 강한 상승세를 보이고 있으며, 52주 최고가에 근접한 98.1% 위치에 있어 추가 상승 여력이 존재합니다."", ""2024년 연간 실적에서 매출액이 전년 대비 42.5% 증가하고 영업이익이 191.4% 급증하는 등 가파른 성장세를 기록했습니다."", ""애널리스트 리포트에서 제시된 목표주가들이 현재가(805,489원)보다 높게 형성되어 있어 향후 주가 상승에 대한 긍정적인 전망을 뒷받침합니다.""]"
012450,한화에어로스페이스,2025-06-02,835000,Buy,75,"[""2025년 1분기 매출 및 영업이익이 전년 동기 대비 폭발적으로 증가하며 강력한 성장세를 시현했습니다."", ""최근 1개월 수익률이 4.82%로 긍정적인 흐름을 보이고 있으며, 52주 최고가 대비 현재 위치가 높아 추가 상승 여력이 존재합니다."", ""애널리스트 리포트에서 목표주가 980,000원을 제시하며 긍정적인 전망을 내놓고 있습니다.""]"
012450,한화에어로스페이스,2025-07-01,839000,Buy,75,"[""2025년 1분기 매출 및 영업이익이 전년 동기 대비 폭발적으로 증가하며 견조한 성장세를 시사합니다."", ""최근 1개월 수익률은 소폭 하락했으나, 52주 최고가 대비 현재 위치가 높아 추가 상승 여력이 존재합니다."", ""애널리스트 리포트에서 제시된 목표주가 1,100,000원은 현재가 대비 상당한 상승 가능성을 내포하고 있습니다.""]"
012450,한화에어로스페이스,2025-08-01,939000,Buy,75,"[""2025년 1분기 매출 및 영업이익이 전년 동기 대비 폭발적으로 증가하며 견조한 성장세를 보여주고 있습니다."", ""최근 1개월 수익률이 14.93%로 양호한 흐름을 보이고 있으며, 52주 최고가 대비 현재 위치가 높아 추가 상승 여력이 존재합니다."", ""PER 20.4, PBR 4.26, ROE 20.8%는 성장성을 고려할 때 매력적인 수준으로 판단됩니다.""]"
012450,한화에어로스페이스,2025-09-01,916000,Buy,75,"[""2025년 2분기 매출 및 영업이익이 전년 동기 대비 각각 170.3%, 156.3% 크게 증가하며 견조한 성장세를 시현했습니다."", ""영업이익률 13.7%와 영업현금흐름 +1.0조원은 수익성과 현금 창출 능력이 양호함을 시사합니다."", ""최근 1개월 수익률 -8.03%와 거래량 변화율 -20.62%는 단기적인 조정 국면으로 해석될 수 있으며, 이는 향후 상승 여력을 확보하는 과정일 수 있습니다.""]"
012450,한화에어로스페이스,2025-10-01,1099000,Buy,75,"[""2025년 2분기 매출 및 영업이익이 전년 동기 대비 각각 170.3%, 156.3% 크게 증가하며 견조한 성장세를 시현했습니다."", ""최근 1개월 수익률이 17.79%로 양호하며, 52주 최고가에 근접한 99.0% 위치는 상승 모멘텀이 지속될 가능성을 시사합니다."", ""애널리스트 리포트에서 제시된 목표주가(120만 원, 128만 원)는 현재가(109.9만 원) 대비 상승 여력이 있음을 나타냅니다.""]"
012450,한화에어로스페이스,2025-11-03,1042000,Buy,75,"[""2025년 2분기 매출 및 영업이익이 전년 동기 대비 큰 폭으로 성장하며 견조한 실적 개선세를 보이고 있습니다."", ""최근 애널리스트 리포트에서 제시된 목표주가(140만 원, 123만 원)가 현재가(104.2만 원) 대비 상승 여력을 시사합니다."", ""52주 최고가 대비 현재 위치가 92.2%로, 상승 추세가 지속될 가능성을 보여줍니다.""]"
012450,한화에어로스페이스,2025-12-01,813000,Sell,75,"[""최근 1개월 수익률이 -16.96%로 하락세를 보이고 있으며, 거래량 변화율 또한 -9.53%로 감소하는 추세입니다."", ""부채비율이 221.8%로 다소 높은 수준이며, 영업현금흐름이 -831억원으로 마이너스를 기록하고 있어 재무 안정성에 대한 우려가 있습니다."", ""애널리스트 리포트의 목표주가는 높게 제시되고 있으나, 이는 장기적인 관점이며 단기 20거래일 내 주가 상승을 확신하기에는 최근의 기술적 지표와 재무 건전성 지표가 부정적인 신호를 보내고 있습니다.""]"
259960,크래프톤,2023-01-02,164000,Sell,75,"[""최근 1개월 수익률이 -25.45%로 큰 폭의 하락세를 보이고 있으며, 52주 최고가 대비 현재 위치가 0.0%로 최저가 수준에 머물러 있어 하락 추세가 지속될 가능성이 높습니다."", ""2022년 3분기 매출액과 영업이익이 전년 동기 대비 각각 -16.9%, -28.2% 감소하며 실적 부진이 확인되었습니다."", ""거래량 변화율 또한 -7.58%로 감소세를 보이며 투자 심리가 위축되었음을 시사합니다.""]"
259960,크래프톤,2023-02-01,181000,Sell,75,"[""최근 30일 내 애널리스트 리포트에서 목표주가가 현재가(181,000원) 대비 하락하거나 소폭 상승 여력만을 제시하는 의견이 다수 존재합니다."", ""2022년 3분기 매출 및 영업이익이 전년 동기 대비 감소하는 추세를 보이고 있습니다."", ""최근 1개월 수익률은 긍정적이나, 거래량 변화율이 크게 감소하여 상승 동력이 약화될 가능성이 있습니다.""]"
259960,크래프톤,2023-03-02,169000,Buy,75,"[""최근 30일 내 애널리스트 리포트에서 제시된 목표주가 평균이 현재가 대비 상당한 상승 여력을 시사합니다."", ""최근 1개월 수익률은 하락했으나, 거래량 변화율이 25.37%로 증가하며 주가 반등 가능성을 내포하고 있습니다."", ""부채비율이 16.6%로 매우 낮고 영업현금흐름이 4,375억원으로 양호하여 재무 안정성이 높습니다.""]"
259960,크래프톤,2023-04-03,182800,Buy,75,"[""최근 1개월 수익률이 7.66%로 긍정적인 흐름을 보이고 있으며, 52주 최저가 대비 현재 위치가 18.8%로 상승 여력이 존재합니다."", ""영업이익률 40.5%와 영업현금흐름 +5,127억원을 기록하며 견조한 수익성과 현금 창출 능력을 보여주고 있습니다."", ""애널리스트 리포트에서 목표주가 220,000원을 제시하며 긍정적인 전망을 내놓고 있습니다.""]"
259960,크래프톤,2023-05-02,193600,Buy,75,"[""최근 1개월 수익률이 5.50%로 긍정적인 흐름을 보이고 있으며, 52주 최저가 대비 현재 위치가 31.1%로 상승 여력이 존재합니다."", ""2022년 연간 영업이익이 전년 대비 15.5% 증가했으며, 영업이익률이 40.5%로 매우 높아 수익성이 우수합니다."", ""애널리스트 리포트에서 제시된 목표주가들이 현재가 대비 상승 여력을 시사하고 있으며, 1Q23 Preview 리포트에서 '나아질 일만 남았다'는 긍정적인 전망이 제시되었습니다.""]"
259960,크래프톤,2023-06-01,189400,Buy,75,"[""최근 30일 내 애널리스트 리포트에서 제시된 목표주가들이 현재가 대비 상당한 상승 여력을 시사하고 있습니다."", ""52주 최저가 대비 현재 위치가 27.7%로, 주가 반등 가능성이 존재합니다."", ""부채비율이 16.9%로 매우 낮아 재무 안정성이 우수하며, 영업현금흐름도 양호합니다.""]"
259960,크래프톤,2023-07-03,194500,Neutral,60,"[""최근 1개월 수익률은 2.69%로 소폭 상승했으나, 거래량 변화율이 -35.05%로 크게 감소하여 상승 동력이 약화되었음을 시사합니다."", ""2023년 1분기 매출은 전년 동기 대비 소폭 증가했으나, 영업이익은 10.2% 감소하여 수익성 악화 가능성을 보여줍니다."", ""신작 부재에도 괜찮을 실적이라는 애널리스트 리포트와 목표주가 270,000원은 긍정적이나, 현재가 194,500원 대비 상승 여력이 제한적일 수 있습니다.""]"
259960,크래프톤,2023-08-01,178100,Sell,75,"[""최근 1개월 수익률이 -8.43%로 하락세를 보이고 있으며, 거래량 변화율 또한 -4.40%로 감소하는 추세입니다."", ""2023년 1분기 영업이익이 전년 동기 대비 -10.2% 감소하며 성장성이 둔화된 모습을 보입니다."", ""애널리스트 리포트에서 제시된 목표주가(250,000원~260,000원) 대비 현재가(178,100원)는 상승 여력이 있으나, 최근 실적 부진과 기술적 지표의 하락 추세가 단기적인 하락 압력으로 작용할 가능성이 높습니다.""]"
259960,크래프톤,2023-09-01,155500,Sell,75,"[""최근 1개월 수익률이 -10.06%로 하락세를 보이고 있으며, 52주 최고가 대비 현재 위치가 매우 낮아 추가 하락 가능성이 있습니다."", ""2분기 매출과 영업이익이 전년 동기 대비 감소했으며, 이는 향후 실적에 대한 우려를 야기할 수 있습니다."", ""애널리스트 리포트 중 목표주가 180,000원을 제시한 의견이 있어, 현재가 대비 하락 가능성을 시사합니다.""]"
259960,크래프톤,2023-10-04,146500,Sell,75,"[""최근 1개월 수익률이 -6.57%로 하락세를 보이고 있으며, 거래량 변화율 또한 -25.17%로 감소하여 투자 심리가 위축된 것으로 판단됩니다."", ""2분기 매출 및 영업이익이 전년 동기 대비 감소하였으며, 이는 향후 실적 개선에 대한 불확실성을 높입니다."", ""52주 최고가 대비 현재 주가가 0.0% 위치에 있다는 점은 추가적인 상승 여력이 제한적일 수 있음을 시사합니다.""]"
259960,크래프톤,2023-11-01,166000,Buy,75,"[""최근 1개월 수익률 11.63% 및 거래량 변화율 16.36%는 긍정적인 시장 관심 증가를 시사합니다."", ""애널리스트 리포트에서 제시된 목표주가들이 현재가 대비 상당한 상승 여력을 보여주며, 특히 최근 리포트들은 실적 회복 및 신작 효과에 대한 기대를 반영하고 있습니다."", ""2분기 실적은 전년 동기 대비 감소했으나, 높은 영업이익률(34.0%)과 견조한 영업현금흐름(+2,630억원)은 여전히 양호한 수익 창출 능력을 보여줍니다.""]"
259960,크래프톤,2023-12-01,217500,Buy,75,"[""최근 1개월 수익률 28.77%와 거래량 변화율 77.19%는 긍정적인 시장 관심과 수급 개선을 시사합니다."", ""3분기 영업이익이 전년 동기 대비 30.9% 증가하며 견조한 실적 개선세를 보였고, 영업현금흐름 또한 양호합니다."", ""다수의 애널리스트 리포트에서 신작 출시 기대감과 함께 목표주가를 현재가 대비 상향 제시하고 있습니다.""]"
259960,크래프톤,2024-01-02,195800,Sell,75,"[""최근 1개월 수익률이 -9.35%로 하락세를 보이고 있으며, 거래량 변화율 또한 -26.67%로 감소하여 투자 심리가 위축된 것으로 판단됩니다."", ""현재 주가는 52주 최고가 대비 약 10.2% 하락한 수준으로, 단기적인 추가 하락 가능성을 배제할 수 없습니다."", ""유일한 애널리스트 리포트가 긍정적이나, 최근의 기술적 지표 하락 추세와 거래량 감소가 이를 상쇄할 만큼 강한 매도 신호로 작용하고 있습니다.""]"
259960,크래프톤,2024-02-01,214000,Buy,75,"[""최근 1개월 수익률이 9.86%로 긍정적인 흐름을 보이고 있으며, 52주 최고가 대비 현재 위치가 93.8%로 상승 여력이 남아있습니다."", ""2023년 3분기 영업이익이 전년 동기 대비 30.9% 증가하며 견조한 성장세를 시현했습니다."", ""최근 30일 내 애널리스트 리포트에서 모두 목표주가를 현재가 대비 상향 제시하며 긍정적인 전망을 내놓고 있습니다.""]"
259960,크래프톤,2024-03-04,217500,Buy,75,"[""최근 애널리스트 리포트에서 일관되게 목표주가를 상향하며 긍정적인 전망을 제시하고 있습니다."", ""2023년 3분기 실적에서 매출 성장과 함께 영업이익이 큰 폭으로 증가하며 수익성이 개선되었습니다."", ""부채비율이 낮고 영업현금흐름이 양호하여 재무 안정성이 우수합니다.""]"
259960,크래프톤,2024-04-01,250500,Buy,75,"[""최근 1개월 수익률 10.35%로 상승세를 보이고 있으며, 52주 최고가 대비 현재 위치가 94.1%로 상승 여력이 남아있습니다."", ""2023년 연간 실적에서 매출과 영업이익이 전년 대비 소폭 성장했으며, 영업이익률 40.2%로 높은 수익성을 유지하고 있습니다."", ""부채비율 15.9%와 영업현금흐름 +6,623억원으로 재무 안정성이 우수하며, 이는 향후 주가 상승의 기반이 될 수 있습니다.""]"
259960,크래프톤,2024-05-02,243000,Buy,75,"[""최근 30일 내 애널리스트 리포트에서 목표주가가 현재가 대비 상승 여력이 있음을 시사하며, 다수의 리포트에서 매수 의견을 제시하고 있습니다."", ""2023년 연간 실적에서 매출과 영업이익이 전년 대비 소폭 성장했으며, 높은 영업이익률(40.2%)과 안정적인 영업현금흐름(+6,623억원)을 기록하고 있습니다."", ""현재가가 52주 최고가 대비 약 15% 하락한 수준이며, 최근 1개월 수익률은 마이너스이나 거래량 변화율이 45%로 증가하며 투자자들의 관심이 재조명될 가능성이 있습니다.""]"
259960,크래프톤,2024-06-03,247500,Buy,85,"[""최근 애널리스트 리포트에서 일관되게 긍정적인 목표주가 상향 및 신작 모멘텀, PUBG IP 가치 재조명 등 상승 여력이 충분하다는 분석이 다수 존재합니다."", ""2024년 1분기 매출 및 영업이익이 전년 동기 대비 크게 증가하며 견조한 실적 성장세를 보여주고 있습니다."", ""현재 주가가 52주 최고가 대비 약 13.7% 하락한 수준으로, 기술적으로도 추가 상승 여력이 존재할 가능성이 있습니다.""]"
259960,크래프톤,2024-07-01,273500,Buy,75,"[""최근 1개월 수익률 8.96%로 긍정적인 흐름을 보이고 있으며, 52주 최고가 대비 현재 위치가 84.4%로 상승 여력이 남아있습니다."", ""2024년 1분기 매출액이 전년 동기 대비 23.6% 증가하는 등 견조한 성장세를 기록하고 있습니다."", ""애널리스트 리포트에서 목표주가 상향 조정과 함께 긍정적인 전망이 제시되고 있습니다.""]"
259960,크래프톤,2024-08-01,289500,Buy,75,"[""최근 1개월 수익률이 6.24%로 양호하며, 52주 최고가 대비 현재 위치가 95.0%로 상승 추세가 강하게 나타나고 있습니다."", ""2024년 1분기 매출액이 전년 동기 대비 23.6% 증가하는 등 견조한 실적 성장세를 보이고 있습니다."", ""애널리스트 리포트에서 목표주가가 현재가 대비 상당한 상승 여력을 제시하고 있어 향후 주가 상승에 대한 기대감이 높습니다.""]"
259960,크래프톤,2024-09-02,323000,Buy,85,"[""최근 2분기 실적이 매출 및 영업이익에서 전년 동기 대비 큰 폭으로 성장했으며, 영업이익률 또한 47.0%로 매우 높게 나타나고 있습니다."", ""최근 1개월 수익률이 11.57%로 양호하며, 거래량 변화율이 133.94%로 증가하는 등 시장의 관심이 높아지고 있음을 시사합니다."", ""최근 30일 이내의 애널리스트 리포트들이 일관되게 긍정적인 전망과 함께 목표주가를 현재가 대비 상향 제시하고 있습니다.""]"
259960,크래프톤,2024-10-02,338000,Buy,75,"[""2분기 매출 및 영업이익이 전년 동기 대비 큰 폭으로 증가하며 견조한 실적을 달성했습니다."", ""최근 애널리스트 리포트에서 목표주가가 현재가 대비 상승 여력을 시사하고 있습니다."", ""52주 최고가 대비 현재 위치가 높아 추가 상승에 대한 기대감이 존재합니다.""]"
259960,크래프톤,2024-11-01,333500,Buy,75,"[""최근 2분기 실적이 전년 동기 대비 매출 및 영업이익이 큰 폭으로 성장했으며, 영업이익률 또한 47.0%로 매우 높아 견조한 체력을 보여주고 있습니다."", ""부채비율이 17.2%로 매우 낮고 영업현금흐름이 4,059억원으로 양호하여 재무 안정성이 뛰어납니다."", ""최근 30일 이내 애널리스트 리포트에서 목표주가가 현재가 대비 상당한 상승 여력을 제시하고 있으며, 신작 모멘텀에 대한 기대감이 존재합니다.""]"
259960,크래프톤,2024-12-02,327500,Buy,85,"[""최근 3분기 실적이 매출 및 영업이익에서 전년 동기 대비 큰 폭으로 성장했으며, 영업이익률 또한 45.1%로 매우 높아 견조한 수익성을 보여주고 있습니다."", ""애널리스트 리포트에서 제시된 목표주가들이 현재가 대비 상당한 상승 여력을 시사하고 있으며, 이는 향후 주가 상승에 대한 긍정적인 전망을 뒷받침합니다."", ""부채비율이 16.3%로 매우 낮고 영업현금흐름이 7,822억원으로 풍부하여 재무 안정성이 뛰어나 투자 위험이 낮습니다.""]"
259960,크래프톤,2025-01-02,316500,Buy,75,"[""2024년 3분기 매출 및 영업이익이 전년 동기 대비 큰 폭으로 성장하며 견조한 실적 개선세를 보이고 있습니다."", ""높은 영업이익률(45.1%)과 긍정적인 영업현금흐름(+7,822억원)은 기업의 수익 창출 능력과 재무 건전성을 뒷받침합니다."", ""현재 주가가 52주 최고가 대비 약 19.5% 하락한 수준이며, 52주 최저가 대비로는 높은 위치에 있어 추가 상승 여력이 존재할 수 있습니다.""]"
259960,크래프톤,2025-02-03,360000,Buy,75,"[""최근 1개월 수익률 17.26%와 52주 최고가 근접(97.8%)은 강한 상승 모멘텀을 시사합니다."", ""최근 30일 내 애널리스트 리포트들이 일관되게 긍정적인 전망과 목표주가 상향을 제시하고 있습니다."", ""2024년 3분기 매출 및 영업이익의 높은 전년 동기 대비 성장률과 견조한 영업이익률은 실적 개선세를 뒷받침합니다.""]"
259960,크래프톤,2025-03-04,334000,Buy,75,"[""최근 30일 내 애널리스트 리포트에서 제시된 목표주가 평균이 현재가 대비 상당한 상승 여력을 시사합니다."", ""2024년 3분기 매출 및 영업이익이 전년 동기 대비 큰 폭으로 성장하며 견조한 실적 개선세를 보이고 있습니다."", ""높은 영업이익률(45.1%)과 안정적인 재무 구조(부채비율 16.3%)는 기업의 수익성과 재무 건전성을 뒷받침합니다.""]"
259960,크래프톤,2025-04-01,340000,Buy,75,"[""최근 2024년 연간 실적이 매출 및 영업이익에서 전년 대비 큰 폭으로 성장했으며, 영업이익률 또한 43.6%로 매우 높아 견조한 수익성을 보여주고 있습니다."", ""부채비율이 16.0%로 매우 낮고 영업현금흐름이 9,079억원으로 양호하여 재무 안정성이 뛰어납니다."", ""최근 30일간 애널리스트 리포트들이 일관되게 긍정적인 전망과 함께 목표주가를 현재가 대비 높게 제시하고 있어 향후 주가 상승에 대한 기대감을 높입니다.""]"
259960,크래프톤,2025-05-02,385000,Buy,85,"[""최근 1개월 수익률 10.95%로 긍정적인 흐름을 보이고 있으며, 52주 최고가에 근접한 위치는 상승 모멘텀을 시사합니다."", ""2024년 연간 매출 및 영업이익이 전년 대비 큰 폭으로 성장했으며, 높은 영업이익률과 견조한 영업현금흐름은 재무적 안정성과 수익성을 뒷받침합니다."", ""최근 30일 내 애널리스트 리포트에서 일관되게 긍정적인 전망과 함께 목표주가가 현재가 대비 상당한 상승 여력을 제시하고 있습니다.""]"
259960,크래프톤,2025-06-02,368000,Buy,75,"[""2025년 1분기 매출 및 영업이익이 전년 동기 대비 크게 증가하며 견조한 성장세를 보이고 있습니다."", ""높은 영업이익률(52.3%)과 안정적인 부채비율(16.0%)은 기업의 수익성과 재무 건전성을 뒷받침합니다."", ""최근 애널리스트 리포트에서 긍정적인 전망과 함께 목표주가가 현재가 대비 상승 여력을 시사하고 있습니다.""]"
259960,크래프톤,2025-07-01,362000,Buy,75,"[""최근 1개월 수익률은 하락했으나, 52주 최고가 대비 현재 위치가 높아 추가 상승 여력이 존재합니다."", ""2025년 1분기 매출 및 영업이익이 전년 동기 대비 큰 폭으로 증가하며 견조한 성장세를 보이고 있습니다."", ""애널리스트 리포트에서 제시된 목표주가들이 현재가 대비 상당한 상승 여력을 시사하고 있으며, 하반기 호재에 대한 기대감이 높습니다.""]"
259960,크래프톤,2025-08-01,315500,Buy,75,"[""최근 1개월 수익률이 -13.68%로 하락했으나, 2025년 1분기 매출 및 영업이익이 전년 동기 대비 큰 폭으로 증가하며 견조한 성장세를 보이고 있습니다."", ""영업이익률 52.3% 및 영업현금흐름 +5,296억원은 높은 수익성과 안정적인 현금 창출 능력을 시사합니다."", ""최근 30일 내 애널리스트 리포트에서 모두 긍정적인 전망과 함께 440,000원 이상의 목표주가를 제시하고 있어 향후 주가 상승에 대한 기대감이 높습니다.""]"
259960,크래프톤,2025-09-01,331000,Sell,75,"[""최근 2분기 실적에서 매출과 영업이익이 전년 동기 대비 감소했으며, 특히 영업이익 감소폭이 25.9%로 크게 나타나 단기적인 실적 둔화 우려가 있습니다."", ""최근 1개월 수익률이 0.76%로 미미한 수준이며, 거래량 변화율이 -4.97%로 감소하는 추세는 투자 심리가 위축되었음을 시사합니다."", ""52주 최고가 대비 현재 위치가 43.0%로, 52주 내에서 상승 여력보다는 하락 위험이 상대적으로 더 부각될 수 있는 구간입니다.""]"
259960,크래프톤,2025-10-01,298500,Sell,75,"[""최근 1개월 수익률이 -9.55%로 하락세를 보이고 있으며, 거래량 변화율 또한 -9.51%로 감소하는 추세입니다."", ""2025년 2분기 실적이 전년 동기 대비 매출액은 -6.4%, 영업이익은 -25.9% 감소하며 부진한 모습을 보였습니다."", ""현재가는 52주 최고가 대비 약 22.7% 하락한 수준으로, 추가 하락 가능성을 배제할 수 없습니다.""]"
259960,크래프톤,2025-11-03,279500,Sell,75,"[""최근 1개월 수익률이 -5.41%로 하락세를 보이고 있으며, 2025년 2분기 실적이 전년 동기 대비 매출 및 영업이익이 감소하는 등 부정적인 흐름을 나타내고 있습니다."", ""애널리스트 리포트에서 '당분간 모멘텀 소진', '향후 성장성은 부재'와 같은 의견이 제시되어 향후 주가 상승 동력이 약할 것으로 판단됩니다."", ""현재가가 52주 최고가 대비 7.4% 낮은 수준이지만, 실적 부진과 성장성 우려가 주가 하락 압력으로 작용할 가능성이 높습니다.""]"
259960,크래프톤,2025-12-01,252000,Sell,75,"[""최근 1개월 수익률이 -8.70%로 하락세를 보이고 있으며, 거래량 변화율 또한 -13.13%로 감소하는 추세입니다."", ""52주 최고가 대비 현재 주가가 0.0% 위치에 있어 추가 상승 여력이 제한적이며, 52주 최저가와 동일한 가격에 머물러 있습니다."", ""애널리스트 리포트에서 '이익 성장성과 신작 기대 회복 필요', '시간이 필요', '성과확인에 시간소요' 등 긍정적인 전망보다는 불확실성과 시간이 필요하다는 의견이 다수 존재합니다.""]"
247540,에코프로비엠,2023-01-02,93400,Sell,75,"[""최근 1개월 수익률이 -18.85%로 하락세를 보이고 있으며, 거래량 변화율 또한 -34.26%로 감소하여 투자 심리가 위축된 것으로 판단됩니다."", ""현재가(93,400원)가 52주 최고가(135,900원) 대비 약 31% 하락한 수준이지만, 52주 최저가(78,819원) 대비로는 여전히 높은 위치에 있어 추가 하락 가능성이 존재합니다."", ""매출 및 영업이익의 전년 동기 대비 큰 폭 성장은 긍정적이나, 영업현금흐름이 -5,978억원으로 마이너스를 기록하고 있어 재무 안정성에 대한 우려가 있습니다.""]"
247540,에코프로비엠,2023-02-01,109200,Sell,75,"[""최근 4분기 실적이 시장 기대치를 하회했다는 리포트가 다수 존재하며, 이는 단기적인 주가 하방 압력으로 작용할 수 있습니다."", ""최근 1개월 수익률이 18.57%로 높았으나, 거래량 변화율이 -5.35%로 감소한 점은 상승 모멘텀 약화를 시사합니다."", ""PER 23.4, PBR 17.92는 코스닥 시장 평균 대비 높은 수준으로, 향후 실적 개선이 동반되지 않을 경우 밸류에이션 부담이 존재합니다.""]"
247540,에코프로비엠,2023-03-02,159700,Sell,75,"[""최근 1개월 수익률이 60.02%로 매우 높고 52주 최고가에 근접한 위치(91.8%)에 있어 단기 차익 실현 매물이 출회될 가능성이 높습니다."", ""최근 30일 내 애널리스트 리포트에서 목표주가가 현재가(159,700원) 대비 상승 여력이 크지 않거나 하향 조정되는 추세가 관찰됩니다."", ""영업이익률이 9.1%로 양호하나, 스프레드 축소 국면 및 수익성 방어가 관건이라는 분석은 향후 수익성 둔화 가능성을 시사합니다.""]"
247540,에코프로비엠,2023-04-03,232000,Sell,75,"[""최근 1개월 수익률이 27.40%로 높고 52주 최고가 대비 현재 위치가 98.0%에 달하여 단기 과열 가능성이 높습니다."", ""PER 80.5, PBR 15.25는 동종 업계 평균 대비 높은 수준으로 밸류에이션 부담이 존재합니다."", ""애널리스트 리포트에서 목표주가 200,000원을 제시하며 현재가 대비 하락 가능성을 시사하고 있습니다.""]"
247540,에코프로비엠,2023-05-02,267000,Sell,75,"[""최근 1개월 수익률이 18.93%로 높지만, 현재가가 52주 최고가 대비 86.0% 수준으로 상승 여력이 제한적일 수 있습니다."", ""PER 92.7, PBR 17.55는 현재 기업 가치가 상당히 고평가되었음을 시사하며, 이는 향후 주가 하락 압력으로 작용할 수 있습니다."", ""영업이익률 7.1% 대비 높은 PER은 성장 기대감이 주가에 상당 부분 반영되었음을 나타내며, 단기적인 추가 상승 동력이 약할 수 있습니다.""]"
247540,에코프로비엠,2023-06-01,249500,Sell,75,"[""최근 1개월 수익률이 -6.55%로 하락세를 보이고 있으며, 거래량 변화율 또한 -63.34%로 감소하여 투자 심리가 위축된 것으로 판단됩니다."", ""PER 86.6, PBR 16.40으로 높은 밸류에이션 부담이 존재하며, 이는 단기적인 주가 상승 여력을 제한할 수 있습니다."", ""애널리스트 리포트 중 'High risk, Low reward' 및 '과열 국면 심화, 투자의견 추가 하향' 의견이 존재하여 향후 주가 하락 가능성을 시사합니다.""]"
247540,에코프로비엠,2023-07-03,263500,Sell,75,"[""2023년 1분기 매출 및 영업이익은 전년 동기 대비 큰 폭으로 성장했으나, 현재가 기준 PER 91.5배는 높은 밸류에이션 부담을 시사합니다."", ""52주 최고가 대비 현재 위치가 84.4%로, 단기적으로 상승 여력이 제한적일 수 있습니다."", ""영업현금흐름이 마이너스(-) 3,757억원을 기록하며 재무 안정성에 대한 우려가 존재합니다.""]"
247540,에코프로비엠,2023-08-01,408500,Sell,75,"[""최근 1개월 수익률이 55.03%로 매우 높았으나, 52주 최고가 대비 현재 위치가 85.7%로 높은 수준에 있어 추가 상승 여력이 제한적일 수 있습니다."", ""PER 141.8, PBR 26.85로 현재 주가가 기업의 이익 및 자산 가치 대비 상당히 고평가된 상태입니다."", ""영업이익률 5.3% 대비 부채비율 165.4%와 영업현금흐름 -3,757억원은 재무 안정성에 대한 우려를 제기하며, 이는 향후 주가 하락 압력으로 작용할 수 있습니다.""]"
247540,에코프로비엠,2023-09-01,308500,Sell,75,"[""최근 1개월 수익률이 -18.92%로 하락세를 보이고 있으며, 거래량 변화율 또한 -69.43%로 감소하여 투자 심리가 위축된 것으로 판단됩니다."", ""PER 107.1, PBR 20.28로 높은 밸류에이션 부담이 존재하며, 이는 향후 주가 상승 여력을 제한할 수 있습니다."", ""애널리스트 리포트에서 목표주가 하향 조정 의견이 다수 존재하며, 특히 200,000원 목표주가 제시 리포트는 현재가 대비 큰 폭의 하락을 예상하고 있습니다.""]"
247540,에코프로비엠,2023-10-04,235000,Sell,75,"[""최근 1개월 수익률이 -27.58%로 큰 폭 하락했으며, 거래량 변화율 또한 -26.71%로 감소하여 하락 추세가 지속될 가능성이 높습니다."", ""애널리스트 리포트에서 실적 하향 및 목표주가 200,000원을 제시하며 부정적인 전망을 내놓았습니다."", ""영업이익률 6.0%와 부채비율 155.6%, 영업현금흐름 -3,843억원은 재무 건전성에 대한 우려를 제기하며 주가 하락 압력으로 작용할 수 있습니다.""]"
247540,에코프로비엠,2023-11-01,188600,Sell,75,"[""최근 1개월 수익률이 -25.89%로 큰 폭 하락했으며, 52주 최고가 대비 현재 위치가 26.1%로 낮아 하락 추세가 지속될 가능성이 있습니다."", ""애널리스트 리포트에서 단기 실적보다 경쟁 강도 심화 및 중장기 실적 전망치 하향 조정 의견이 제시되어 향후 주가 상승 동력이 약화될 수 있습니다."", ""영업이익 증가율(11.5%) 대비 매출 증가율(60.6%)이 높아 수익성이 둔화될 가능성이 있으며, 영업현금흐름이 마이너스(-)를 기록하고 있어 재무 건전성에 대한 우려가 있습니다.""]"
247540,에코프로비엠,2023-12-01,280000,Sell,75,"[""최근 30일간 애널리스트 리포트에서 목표주가가 현재가(280,000원) 대비 하향 조정된 리포트가 다수 존재하며, 일부 리포트에서는 '잠시 쉬어갈 때', '여전히 높은 주가 밸류에이션' 등의 부정적인 의견을 제시하고 있습니다."", ""2023년 3분기 영업이익이 전년 동기 대비 67.6% 감소하며 수익성이 크게 악화되었고, 영업이익률 또한 2.5%로 낮은 수준을 기록했습니다."", ""부채비율이 180.6%로 높고 영업현금흐름이 -4,896억원으로 마이너스를 기록하는 등 재무 안정성 측면에서 우려되는 부분이 있습니다.""]"
247540,에코프로비엠,2024-01-02,283500,Sell,75,"[""최근 3분기 영업이익이 전년 동기 대비 67.6% 감소하며 수익성 악화가 두드러지고 있습니다."", ""부채비율 180.6%와 영업현금흐름 -4,896억원은 재무 안정성에 대한 우려를 높입니다."", ""최근 애널리스트 리포트에서 목표주가가 현재가보다 낮게 제시된 점은 향후 주가 상승 여력이 제한적임을 시사합니다.""]"
247540,에코프로비엠,2024-02-01,228000,Sell,75,"[""최근 1개월 수익률이 -16.02%로 하락세를 보이고 있으며, 애널리스트 리포트에서도 실적 추정치 하향 조정이 언급되었습니다."", ""2023년 3분기 영업이익이 전년 동기 대비 -67.6%로 크게 감소했으며, 영업이익률 또한 2.5%로 낮은 수준입니다."", ""부채비율 180.6%와 영업현금흐름 -4,896억원은 재무 안정성에 대한 우려를 제기하며, 이는 향후 주가 상승 동력을 약화시킬 수 있습니다.""]"
247540,에코프로비엠,2024-03-04,270000,Sell,75,"[""최근 1개월 수익률이 높음에도 불구하고, 2023년 3분기 영업이익이 전년 동기 대비 큰 폭으로 감소하며 수익성 악화가 지속되고 있습니다."", ""높은 PER(93.7)과 PBR(17.75)은 현재 주가가 기업의 내재가치 대비 고평가되었음을 시사하며, 이는 향후 주가 상승 여력을 제한할 수 있습니다."", ""애널리스트 리포트에서 목표주가 하향 조정 의견이 다수 존재하며, 일부 리포트에서는 밸류에이션 프리미엄이 이미 반영되었다는 분석이 있습니다.""]"
247540,에코프로비엠,2024-04-01,270500,Sell,65,"[""2023년 연간 영업이익이 전년 대비 59.0% 감소하며 수익성 악화가 두드러지고 있습니다."", ""부채비율이 172.7%로 높아 재무 안정성에 대한 우려가 존재합니다."", ""최근 1개월 수익률은 소폭 상승했으나, 거래량 변화율이 -28.36%로 감소하며 투자 심리가 위축될 가능성을 시사합니다.""]"
247540,에코프로비엠,2024-05-02,233000,Sell,75,"[""최근 1개월 수익률이 -13.86%로 하락세를 보이고 있으며, 거래량 변화율 또한 -21.37%로 감소하여 투자 심리가 위축된 것으로 판단됩니다."", ""2023년 연간 영업이익이 전년 대비 59.0% 감소하며 수익성이 크게 악화되었고, 영업이익률 또한 2.3%로 낮은 수준입니다."", ""부채비율이 172.7%로 재무 안정성이 다소 취약한 상황에서, 향후 20거래일 내 주가 상승을 뒷받침할 만한 긍정적인 기술적 또는 재무적 지표가 부족합니다.""]"
247540,에코프로비엠,2024-06-03,188000,Sell,75,"[""최근 1개월 수익률이 -21.17%로 하락세를 보이고 있으며, 52주 최고가 대비 현재 위치가 매우 낮아 추가 하락 가능성이 있습니다."", ""2024년 1분기 매출액이 전년 동기 대비 51.7% 감소하고 영업이익이 93.8% 감소하는 등 실적 부진이 지속되고 있습니다."", ""최근 애널리스트 리포트 중 목표주가 150,000원을 제시한 보고서가 있어 현재가 대비 하락 가능성을 시사합니다.""]"
247540,에코프로비엠,2024-07-01,188500,Sell,75,"[""최근 1분기 실적이 전년 동기 대비 매출액 -51.7%, 영업이익 -93.8%로 크게 감소하며 수익성 악화가 두드러짐."", ""애널리스트 리포트에서 목표주가 150,000원을 제시하며 현재가 대비 하락 가능성을 시사함."", ""52주 최고가 대비 현재 위치가 3.7%로 낮지만, 실적 부진과 목표주가 하향 조정은 향후 주가 하락 압력으로 작용할 가능성이 높음.""]"
247540,에코프로비엠,2024-08-01,185100,Sell,75,"[""2024년 1분기 매출 및 영업이익이 전년 동기 대비 큰 폭으로 감소하며 수익성 악화가 두드러짐"", ""영업이익률이 0.7%로 매우 낮은 수준이며, 순이익이 적자를 기록하여 재무 건전성에 대한 우려가 있음"", ""최근 1개월 수익률이 마이너스(-)를 기록하고 거래량 변화율 또한 감소 추세를 보여 투자 심리가 위축된 것으로 판단됨""]"
247540,에코프로비엠,2024-09-02,181800,Sell,75,"[""2024년 2분기 매출액이 전년 동기 대비 57.5% 감소하고 영업이익이 96.6% 급감하는 등 실적 부진이 지속되고 있습니다."", ""현재가 181,800원은 52주 최고가 344,500원 대비 크게 하락한 수준이며, 최근 1개월 수익률 또한 마이너스를 기록하며 하락 추세가 이어지고 있습니다."", ""부채비율 160.6%는 재무 안정성에 대한 우려를 제기하며, 향후 실적 개선 가능성이 불확실한 상황에서 주가 상승 동력이 약하다고 판단됩니다.""]"
247540,에코프로비엠,2024-10-02,190100,Sell,75,"[""2024년 2분기 실적이 전년 동기 대비 매출액과 영업이익이 크게 감소하며 수익성이 악화된 점은 부정적 요인입니다."", ""영업이익률이 0.5%로 매우 낮은 수준이며, PER이 '해당없음(적자)'으로 표시되는 등 현재 기업 가치 대비 수익 창출 능력이 미흡합니다."", ""최근 1개월 수익률이 15.14%로 양호했으나, 이는 단기적인 반등일 수 있으며 근본적인 실적 개선 없이는 하락 압력이 작용할 수 있습니다.""]"
247540,에코프로비엠,2024-11-01,169700,Sell,75,"[""2024년 2분기 매출액이 전년 동기 대비 57.5% 감소하고 영업이익이 96.6% 감소하는 등 실적 부진이 지속되고 있습니다."", ""최근 1개월 수익률이 -8.02%로 하락세를 보이고 있으며, 거래량 변화율 또한 -27.20%로 감소하여 투자 심리가 위축된 것으로 판단됩니다."", ""PBR이 10.38로 높은 수준임에도 불구하고 PER이 해당 없음(적자)인 점은 현재 기업 가치 대비 수익성이 매우 낮음을 시사합니다.""]"
247540,에코프로비엠,2024-12-02,137500,Sell,75,"[""최근 1개월 수익률이 -18.97%로 큰 폭 하락했으며, 52주 최고가 대비 현재 위치가 6.4%에 불과하여 하방 압력이 지속될 가능성이 높습니다."", ""2024년 3분기 실적이 전년 동기 대비 매출이 -71.1%, 영업이익이 -189.9%로 크게 악화되었으며, 영업이익률 또한 -7.9%로 적자를 기록하고 있습니다."", ""애널리스트 리포트에서 목표주가가 153,000원에서 200,000원 사이로 제시되고 있으나, 현재가 137,500원 대비 상승 여력이 제한적이거나 하락 가능성을 시사하는 의견도 존재합니다.""]"
247540,에코프로비엠,2025-01-02,105500,Sell,75,"[""최근 1개월 수익률이 -21.97%로 큰 폭의 하락세를 보이고 있으며, 이는 단기적인 하락 추세가 지속될 가능성을 시사합니다."", ""2024년 3분기 매출이 전년 동기 대비 -71.1% 감소하고 영업이익이 -412억원으로 적자 전환한 점은 기업의 수익성 악화를 명확히 보여줍니다."", ""현재가가 52주 최저가와 동일한 수준이며, 52주 최고가 대비 큰 폭으로 하락한 상태에서 추가적인 하락 압력이 작용할 가능성이 높습니다.""]"
247540,에코프로비엠,2025-02-03,119000,Sell,75,"[""최근 30일 내 애널리스트 리포트에서 목표주가 하향 조정 의견이 다수 존재하며, 4분기 실적이 컨센서스를 하회할 것이라는 전망이 있습니다."", ""2024년 3분기 매출이 전년 동기 대비 71.1% 감소하고 영업이익이 적자 전환하는 등 실적 부진이 지속되고 있습니다."", ""현재 주가는 52주 최고가 대비 상당한 하락을 보였으나, 52주 최저가 대비로는 높은 수준이며 PBR이 7.28배로 높은 편입니다.""]"
247540,에코프로비엠,2025-03-04,111900,Sell,75,"[""최근 1개월 수익률이 -14.58%로 하락세를 보이고 있으며, 52주 최고가 대비 현재 위치가 3.4%에 불과하여 추가 하락 가능성이 있습니다."", ""2024년 3분기 매출이 전년 동기 대비 -71.1% 감소하고 영업이익이 적자를 기록하는 등 실적 부진이 지속되고 있습니다."", ""애널리스트 리포트에서 목표주가가 현재가(111,900원)와 비슷하거나 낮은 수준(110,000원 ~ 120,000원)으로 제시되어 단기적인 주가 상승 모멘텀이 약합니다.""]"
247540,에코프로비엠,2025-04-01,95700,Sell,75,"[""최근 1개월 수익률이 -19.58%로 하락세를 보이고 있으며, 거래량 변화율 또한 -35.48%로 감소하여 투자 심리가 위축된 것으로 판단됩니다."", ""2024년 연간 실적이 매출액 -59.9%, 영업이익 -121.9%로 큰 폭의 감소세를 기록하며 적자 전환하였고, 영업이익률 또한 마이너스를 기록하여 수익성이 악화되었습니다."", ""현재가가 52주 최저가와 동일한 수준이며, 52주 최고가 대비 큰 폭으로 하락한 상태에서 추가적인 상승 모멘텀을 찾기 어렵습니다.""]"
247540,에코프로비엠,2025-05-02,104500,Sell,75,"[""최근 1개월 수익률은 긍정적이나, 2024년 연간 실적이 매출 및 영업이익에서 큰 폭의 감소세를 보이며 적자를 기록한 점은 부정적입니다."", ""애널리스트 리포트에서 목표주가가 현재가와 비슷하거나 낮은 수준으로 제시된 경우가 다수 존재하며, 신규 거래선 없이는 가동률 회복이 어렵다는 분석은 향후 실적 개선에 대한 불확실성을 시사합니다."", ""거래량 변화율이 -30.75%로 감소한 점은 투자 심리 위축 가능성을 나타내며, 52주 최고가 대비 현재 위치가 8.7%에 불과함에도 불구하고 뚜렷한 상승 모멘텀을 찾기 어렵습니다.""]"
247540,에코프로비엠,2025-06-02,89000,Sell,75,"[""2025년 1분기 매출 및 영업이익이 전년 동기 대비 큰 폭으로 감소하며 실적 부진이 지속되고 있습니다."", ""영업이익률이 0.4%로 매우 낮은 수준이며, 영업현금흐름이 마이너스를 기록하여 재무 건전성에 대한 우려가 있습니다."", ""최근 1개월 수익률이 -13.09%로 하락세를 보이고 있으며, 52주 최고가 대비 현재 위치가 낮은 편이지만 실적 개선 모멘텀이 부재합니다.""]"
247540,에코프로비엠,2025-07-01,102000,Sell,75,"[""최근 1분기 실적에서 매출과 영업이익이 전년 동기 대비 큰 폭으로 감소하며 수익성이 악화된 점은 부정적입니다."", ""영업이익률이 0.4%로 매우 낮은 수준이며, 영업현금흐름이 마이너스를 기록하고 있어 재무 건전성에 대한 우려가 있습니다."", ""최근 1개월 수익률이 13.33%로 양호하나, 52주 최고가 대비 현재 위치가 낮고 PBR이 5.05로 높은 편이어서 추가 상승 여력이 제한적일 수 있습니다.""]"
247540,에코프로비엠,2025-08-01,107300,Sell,75,"[""2025년 1분기 매출 및 영업이익이 전년 동기 대비 큰 폭으로 감소하며 수익성 악화가 지속되고 있습니다."", ""영업현금흐름이 마이너스를 기록하며 재무 안정성에 대한 우려가 존재합니다."", ""최근 1개월 수익률이 소폭 상승했으나, 거래량 변화율이 마이너스인 점은 투자 심리 위축 가능성을 시사합니다.""]"
247540,에코프로비엠,2025-09-01,119900,Sell,75,"[""최근 2분기 실적은 영업이익이 크게 증가했으나, 매출 감소와 높은 부채비율, 마이너스 영업현금흐름은 재무 건전성에 대한 우려를 제기합니다."", ""애널리스트 리포트에서 목표주가 하향 조정 의견이 다수 존재하며, '밸류에이션 부담 여전', '고객사 불확실성 우려' 등의 부정적인 전망이 제시되었습니다."", ""현재가가 52주 최고가 대비 상당 부분 하락한 위치에 있으며, 최근 1개월 수익률이 긍정적이나 거래량 변화율이 높은 점은 단기적인 변동성 확대 가능성을 시사합니다.""]"
247540,에코프로비엠,2025-10-01,112600,Sell,75,"[""최근 1개월 수익률이 -5.93%로 하락세를 보이고 있으며, 거래량 변화율 또한 -40.04%로 감소하여 투자 심리가 위축된 것으로 판단됩니다."", ""2025년 2분기 매출이 전년 동기 대비 -3.7% 감소한 점은 성장 둔화를 시사하며, 이는 향후 주가 상승에 부정적인 요인으로 작용할 수 있습니다."", ""영업이익이 큰 폭으로 증가했으나, 이는 일회성 요인일 가능성을 배제할 수 없으며, 부채비율 145.9%와 마이너스 영업현금흐름은 재무 안정성에 대한 우려를 제기합니다.""]"
247540,에코프로비엠,2025-11-03,164900,Sell,75,"[""최근 1개월 수익률이 43.27%로 높고 거래량 변화율이 280.12%로 급증했으나, 2025년 2분기 매출이 전년 동기 대비 감소한 점은 부정적입니다."", ""영업이익이 큰 폭으로 증가했음에도 불구하고, 부채비율이 145.9%로 높고 영업현금흐름이 마이너스인 점은 재무 안정성에 대한 우려를 제기합니다."", ""현재가가 52주 최고가 대비 약 83% 수준에 위치해 있어 추가 상승 여력이 제한적일 수 있습니다.""]"
247540,에코프로비엠,2025-12-01,158900,Sell,75,"[""최근 1개월 수익률이 마이너스이고 거래량 변화율이 크게 감소하여 단기 모멘텀 약화를 시사합니다."", ""애널리스트 리포트에서 '회복에 대한 가시성 불투명', '본업 적자 지속', '부족한 단기 모멘텀' 등의 부정적인 의견이 다수 존재합니다."", ""영업이익은 증가했으나, 영업현금흐름이 마이너스이고 부채비율이 높아 재무 안정성에 대한 우려가 있습니다.""]"
196170,알테오젠,2023-01-02,39600,Sell,75,"[""최근 1개월 수익률이 3.26%로 소폭 상승했으나, 거래량 변화율이 -5.88%로 감소하며 상승 동력이 약화된 것으로 판단됩니다."", ""2022년 3분기 매출이 전년 동기 대비 10.6% 감소하고 영업이익이 적자를 기록하는 등 실적 부진이 지속되고 있습니다."", ""PBR이 15.83으로 높은 수준이며, PER이 없어 기업 가치 평가에 어려움이 있어 현재 주가 수준에 대한 부담이 존재합니다.""]"
196170,알테오젠,2023-02-01,38050,Buy,75,"[""최근 애널리스트 리포트에서 목표주가가 지속적으로 상향 조정되고 있으며, 긍정적인 기술 이전 및 플랫폼 가치 상승에 대한 기대감이 반영되고 있습니다."", ""현재가는 52주 최저가 대비 상승했으나 52주 최고가 대비로는 상당한 하락폭을 보여 추가 상승 여력이 존재할 수 있습니다."", ""부채비율이 65.7%로 재무 안정성이 비교적 양호한 수준을 유지하고 있습니다.""]"
196170,알테오젠,2023-03-02,36400,Sell,75,"[""최근 1개월 수익률이 마이너스(-)를 기록하며 약세를 보이고 있으며, 2022년 3분기 실적 또한 매출과 영업이익 모두 전년 동기 대비 감소하며 부진한 모습을 보이고 있습니다."", ""영업이익률이 -193.3%로 매우 낮은 수준이며, 영업현금흐름 또한 마이너스(-)를 기록하여 재무적인 부담이 존재합니다."", ""현재가가 52주 최고가 대비 상당 부분 하락한 위치에 있으나, 최근 실적 부진과 재무 건전성 지표들을 고려할 때 단기적인 주가 반등 모멘텀이 약하다고 판단됩니다.""]"
196170,알테오젠,2023-04-03,39150,Sell,75,"[""2022년 연간 실적에서 매출 감소 및 영업이익 적자폭 확대는 부정적인 재무 상태를 시사합니다."", ""영업현금흐름 또한 마이너스를 기록하며 재무 안정성에 대한 우려를 높입니다."", ""최근 1개월 수익률이 6.10%로 소폭 상승했으나, 52주 최고가 대비 현재 위치가 29.8%에 불과하여 추가 상승 여력이 제한적일 수 있습니다.""]"
196170,알테오젠,2023-05-02,43550,Sell,75,"[""2022년 연간 실적에서 매출 감소 및 영업이익 적자 폭 확대 등 부정적인 재무 성과를 보이고 있습니다."", ""현재가 43,550원은 52주 최고가 63,810원 대비 하락한 수준이며, PBR 16.04배는 높은 편입니다."", ""최근 1개월 수익률 9.84%와 거래량 변화율 100.13%는 단기적인 반등 가능성을 시사하나, 근본적인 실적 개선 없이는 지속적인 상승 동력 확보가 어려울 것으로 판단됩니다.""]"
196170,알테오젠,2023-06-01,52800,Buy,75,"[""최근 1개월 수익률이 21.38%로 강한 상승세를 보이고 있으며, 현재 주가가 52주 최고가 대비 68.7% 수준으로 상승 여력이 남아있습니다."", ""매출이 전년 동기 대비 48.9% 증가하며 외형 성장을 지속하고 있습니다."", ""영업이익은 적자를 기록하고 있으나, 영업현금흐름이 흑자를 기록하며 재무 안정성이 일부 개선되는 모습을 보입니다.""]"
196170,알테오젠,2023-07-03,43050,Sell,75,"[""최근 1개월 수익률이 -18.47%로 하락세를 보이고 있으며, 거래량 변화율 또한 -19.13%로 감소하여 투자 심리가 위축된 것으로 판단됩니다."", ""현재 PBR이 15.85로 높은 수준이나, PER이 없어 적자 기업임을 감안할 때 밸류에이션 부담이 존재합니다."", ""2023년 1분기 영업이익이 전년 동기 대비 -55.6% 감소하며 적자 폭이 확대된 점은 부정적인 요인입니다.""]"
196170,알테오젠,2023-08-01,44050,Buy,75,"[""최근 1개월 수익률이 2.32%로 소폭 상승세를 보이고 있으며, 거래량 변화율도 6.38%로 긍정적인 신호를 나타냅니다."", ""2023년 1분기 매출이 전년 동기 대비 48.9% 증가하며 성장세를 보이고 있습니다."", ""애널리스트 리포트에서 목표주가 70,000원을 제시하며 긍정적인 전망을 내놓고 있습니다.""]"
196170,알테오젠,2023-09-01,43750,Buy,75,"[""2023년 2분기 매출 및 영업이익이 전년 동기 대비 큰 폭으로 성장하며 견조한 실적 개선세를 보이고 있습니다."", ""영업이익률 45.6%는 높은 수익성을 시사하며, 이는 향후 주가 상승의 긍정적인 요인으로 작용할 수 있습니다."", ""부채비율 62.0%와 영업현금흐름 +67억원은 재무 안정성이 양호함을 나타내어 투자 리스크를 낮춥니다.""]"
196170,알테오젠,2023-10-04,65300,Buy,75,"[""최근 1개월 42.73%의 높은 수익률과 607.66%의 거래량 변화율은 강한 매수세를 시사합니다."", ""2023년 2분기 매출 및 영업이익이 전년 동기 대비 크게 증가하며 긍정적인 실적 개선세를 보이고 있습니다."", ""부채비율 62.0%와 영업현금흐름 +67억원은 재무 안정성을 뒷받침하며, PBR 24.05는 높은 성장 기대감을 반영하고 있습니다.""]"
196170,알테오젠,2023-11-01,62800,Buy,75,"[""2023년 2분기 매출 및 영업이익이 전년 동기 대비 큰 폭으로 성장하며 견조한 실적 개선세를 보이고 있습니다."", ""영업이익률 45.6%는 높은 수익성을 시사하며, 이는 향후 주가 상승의 긍정적인 요인으로 작용할 수 있습니다."", ""부채비율 62.0%와 영업현금흐름 +67억원은 재무 안정성이 양호함을 나타내어 투자 리스크를 낮춥니다.""]"
196170,알테오젠,2023-12-01,82600,Sell,75,"[""현재가가 52주 최고가와 동일하며, 최근 1개월 수익률이 높음에도 불구하고 거래량 변화율이 음수라는 점은 단기 차익 실현 매물 출회 가능성을 시사합니다."", ""매출은 크게 증가했으나 여전히 큰 폭의 영업적자를 기록하고 있으며, PER이 없어 기업 가치 평가가 어려운 상황입니다."", ""PBR이 30.42로 매우 높아 현재 주가가 기업의 순자산 가치 대비 과대평가되었을 가능성이 있습니다.""]"
196170,알테오젠,2024-01-02,91500,Buy,75,"[""최근 1개월 수익률이 16.41%로 강한 상승세를 보이고 있으며, 52주 최고가 대비 현재 위치가 89.5%로 높은 수준을 유지하고 있습니다."", ""매출이 전년 동기 대비 293.0% 크게 증가하며 외형 성장을 달성했습니다."", ""부채비율이 66.6%로 재무 안정성이 양호한 편이며, 영업현금흐름이 흑자 전환했습니다.""]"
196170,알테오젠,2024-02-01,71400,Sell,75,"[""최근 1개월 수익률이 -21.11%로 하락 추세를 보이고 있으며, 거래량 변화율 또한 -25.39%로 감소하여 투자 심리가 위축된 것으로 판단됩니다."", ""PER이 '해당없음(적자)'으로 기업의 수익성이 아직 확보되지 않았으며, PBR이 26.29로 높은 수준임을 고려할 때 현재 주가 수준에 대한 부담이 존재합니다."", ""매출은 크게 증가했으나 영업이익은 여전히 적자를 기록하고 있으며, 영업이익률 또한 -49.7%로 매우 낮은 수준을 유지하고 있어 단기적인 주가 상승 동력이 약하다고 판단됩니다.""]"
196170,알테오젠,2024-03-04,167200,Sell,75,"[""최근 1개월 수익률이 106.93%로 매우 높고 52주 최고가에 도달한 점은 단기 차익 실현 매물 출회 가능성을 시사합니다."", ""PER이 해당없음(적자)이고 PBR이 61.57로 매우 높은 수준이며, 2023년 3분기 영업이익률이 -49.7%로 여전히 적자를 기록하고 있어 밸류에이션 부담이 높습니다."", ""최근 애널리스트 리포트에서 제시된 목표주가 140,000원이 현재가 167,200원보다 낮아 추가 상승 여력이 제한적일 수 있습니다.""]"
196170,알테오젠,2024-04-01,186300,Buy,75,"[""최근 1개월 수익률이 16.00%로 강한 상승세를 보이고 있으며, 52주 최고가 대비 현재 위치가 81.8%로 상승 여력이 남아있습니다."", ""2023년 연간 매출이 전년 대비 235.1% 증가하며 가파른 성장세를 기록하고 있습니다."", ""최근 애널리스트 리포트에서 목표주가 300,000원을 제시하며 긍정적인 전망을 내놓고 있습니다.""]"
196170,알테오젠,2024-05-02,180800,Sell,75,"[""최근 1개월 수익률이 마이너스(-)를 기록하고 거래량 변화율 또한 감소하는 등 단기적인 하락 추세가 관찰됩니다."", ""PER이 해당 없음(적자)이고 영업이익률이 마이너스(-)인 점은 현재 기업의 수익 창출 능력에 대한 의문을 제기합니다."", ""높은 PBR(65.47)은 현재 주가가 기업의 순자산 가치 대비 상당히 고평가되어 있음을 시사하며, 이는 향후 주가 하락 압력으로 작용할 수 있습니다.""]"
196170,알테오젠,2024-06-03,199000,Buy,75,"[""최근 1개월 수익률이 12.49%로 양호하며, 52주 최고가 대비 현재 위치가 높아 상승 모멘텀이 유지되고 있습니다."", ""2024년 1분기 매출 및 영업이익이 전년 동기 대비 큰 폭으로 증가하며 견조한 성장세를 보여주고 있습니다."", ""영업이익률 49.5%와 영업현금흐름 +408억원은 수익성과 현금 창출 능력이 우수함을 시사합니다.""]"
196170,알테오젠,2024-07-01,277500,Buy,75,"[""2024년 1분기 매출 및 영업이익이 전년 동기 대비 큰 폭으로 성장하며 견조한 실적 개선세를 보이고 있습니다."", ""영업현금흐름이 흑자를 기록하며 재무 안정성이 양호한 수준을 유지하고 있습니다."", ""최근 1개월 수익률이 54.17%로 단기적으로 강한 상승 모멘텀을 보여주고 있으며, 52주 최고가 대비 현재 위치가 95.2%로 상승 여력이 남아있습니다.""]"
196170,알테오젠,2024-08-01,319000,Buy,75,"[""최근 1개월 수익률이 23.40%로 강한 상승세를 보이고 있으며, 52주 최고가에 근접한 99.5% 위치에 있어 추가 상승 여력이 존재합니다."", ""2024년 1분기 매출 및 영업이익이 전년 동기 대비 각각 237.6%, 264.6%로 크게 증가하며 견조한 실적 개선세를 보여주고 있습니다."", ""애널리스트 리포트에서 긍정적인 계약 확대 및 승인 완료 소식이 전해지며 목표주가가 현재가 대비 상승 여력을 시사하고 있습니다.""]"
196170,알테오젠,2024-09-02,322000,Sell,75,"[""최근 2분기 실적이 매출 및 영업이익 모두 큰 폭으로 감소하며 부정적인 흐름을 보이고 있습니다."", ""현재가가 52주 최고가와 동일하며, PBR이 116.60으로 매우 높아 밸류에이션 부담이 상당합니다."", ""거래량 변화율이 음수(-)로 나타나 최근 매도 압력이 존재함을 시사합니다.""]"
196170,알테오젠,2024-10-02,336000,Sell,75,"[""2024년 2분기 매출액이 전년 동기 대비 71.2% 감소하고 영업이익이 적자 전환하는 등 실적 부진이 심화되고 있습니다."", ""현재 주가가 52주 최고가 대비 약 8.8% 하락한 수준으로, 단기적인 상승 모멘텀이 약화될 가능성이 있습니다."", ""거래량 변화율이 -34.73%로 감소 추세를 보이며, 이는 시장의 관심이 줄어들고 있음을 시사합니다.""]"
196170,알테오젠,2024-11-01,356500,Sell,75,"[""2024년 2분기 매출 및 영업이익이 전년 동기 대비 큰 폭으로 감소하며 수익성 악화가 지속되고 있습니다."", ""현재가 52주 최고가 대비 88.0% 수준으로, 단기 급등 후 차익 실현 매물이 출회될 가능성이 있습니다."", ""최근 1개월 수익률은 양수이나 거래량 변화율이 음수로 전환되며 상승 동력이 약화되고 있습니다.""]"
196170,알테오젠,2024-12-02,302000,Buy,75,"[""최근 1개월 수익률은 하락했으나, 52주 최고가 대비 현재 위치가 62.0%로 여전히 높은 수준이며, 거래량 변화율이 247.35%로 크게 증가한 점은 투자자들의 관심이 집중되고 있음을 시사합니다."", ""최근 30일 이내 애널리스트 리포트에서 제시된 목표주가들이 현재가 대비 상당한 상승 여력을 보여주고 있으며, 특히 키트루다SC 3상 성공 발표 및 전 세계 허가 신청, ADC SC 관련 긍정적인 내용들이 주가 상승 모멘텀으로 작용할 가능성이 높습니다."", ""영업이익률이 마이너스이고 매출이 감소했음에도 불구하고, 부채비율이 68.7%로 안정적이며 영업현금흐름이 플러스(+)를 기록하고 있어 단기적인 재무 건전성은 유지되고 있습니다.""]"
196170,알테오젠,2025-01-02,300000,Sell,75,"[""최근 3분기 실적에서 매출이 전년 동기 대비 77% 감소하며 큰 폭의 하락세를 보였고, 영업이익 또한 적자를 지속하고 있어 단기적인 실적 개선 가능성이 낮습니다."", ""PBR이 108.63으로 매우 높아 현재 주가가 기업의 장부가치 대비 과도하게 고평가되어 있음을 시사합니다."", ""거래량 변화율이 -35.13%로 감소하고 있어 시장의 관심이 다소 줄어들고 있음을 나타내며, 이는 주가 상승 동력 약화로 이어질 수 있습니다.""]"
196170,알테오젠,2025-02-03,352500,Buy,75,"[""최근 1개월 수익률이 16.92%로 양호한 상승세를 보이고 있으며, 52주 최고가 대비 현재 위치가 75.1%로 상승 여력이 남아있습니다."", ""JP모건 리포트에서 목표주가 730,000원을 제시하며 긍정적인 전망을 내놓았습니다."", ""영업현금흐름이 +300억원으로 양호하며, 부채비율 68.7%로 재무 안정성이 비교적 우수합니다.""]"
196170,알테오젠,2025-03-04,400000,Sell,75,"[""2024년 3분기 매출이 전년 동기 대비 77.0% 감소하며 실적 부진이 지속되고 있습니다."", ""영업이익률이 -166.8%로 매우 낮은 수준이며, 순이익 또한 큰 폭의 적자를 기록하고 있습니다."", ""PBR이 144.84로 매우 높아 현재 주가가 기업의 장부가치 대비 과대평가되었을 가능성이 있습니다.""]"
196170,알테오젠,2025-04-01,371500,Buy,75,"[""최근 30일 내 애널리스트 리포트에서 목표주가가 현재가 대비 높은 수준으로 제시되어 긍정적인 전망을 시사합니다."", ""영업이익이 전년 대비 360.9% 크게 증가하며 높은 성장세를 보이고 있으며, 영업이익률 또한 24.7%로 견조합니다."", ""부채비율 49.2%와 영업현금흐름 +530억원을 고려할 때 재무 안정성이 양호한 편입니다.""]"
196170,알테오젠,2025-05-02,356500,Sell,75,"[""최근 1개월 수익률이 마이너스(-)를 기록하고 거래량 변화율이 크게 감소한 점은 단기적인 매도 압력을 시사합니다."", ""PER 304.2, PBR 69.63은 현재 주가가 기업의 이익 및 자산 가치 대비 상당히 고평가되었음을 나타냅니다."", ""최근 30일 내 애널리스트 리포트에서 목표주가 730,000원이 제시되었으나, 이는 20거래일이라는 단기적인 관점에서는 실현 가능성이 낮을 수 있으며, 현재 주가 수준에서 추가 상승 여력이 제한적일 수 있습니다.""]"
196170,알테오젠,2025-06-02,350000,Buy,75,"[""2025년 1분기 매출 및 영업이익이 전년 동기 대비 각각 139.8%, 253.5% 크게 증가하며 견조한 성장세를 보여주고 있습니다."", ""높은 영업이익률(72.9%)은 수익 창출 능력이 우수함을 시사합니다."", ""최근 30일 내 애널리스트 리포트에서 목표주가 730,000원을 제시하며 긍정적인 전망을 내놓고 있습니다.""]"
196170,알테오젠,2025-07-01,372500,Buy,75,"[""최근 1개월 수익률 11.36%와 거래량 변화율 17.93%는 긍정적인 모멘텀을 시사합니다."", ""2025년 1분기 매출 및 영업이익이 전년 동기 대비 큰 폭으로 증가하며 견조한 성장세를 보여주고 있습니다."", ""애널리스트 리포트에서 제시된 목표주가들이 현재가 대비 상당한 상승 여력을 나타내고 있으며, 특히 SC 제형 관련 기대감이 반영되고 있습니다.""]"
196170,알테오젠,2025-08-01,422000,Buy,75,"[""2025년 1분기 매출 및 영업이익이 전년 동기 대비 큰 폭으로 성장하며 견조한 실적 개선세를 보이고 있습니다."", ""최근 애널리스트 리포트에서 코스피 이전 가능성과 시장 확대에 대한 긍정적인 전망과 함께 목표주가가 현재가 대비 상승 여력을 시사하고 있습니다."", ""현재가가 52주 최고가 대비 약 12% 하락한 수준으로, 단기적인 조정 이후 상승 모멘텀을 기대해 볼 수 있습니다.""]"
196170,알테오젠,2025-09-01,455000,Sell,75,"[""2025년 2분기 실적에서 매출은 증가했으나 영업이익이 적자를 기록하며 수익성 악화가 지속되고 있습니다."", ""현재가 455,000원은 52주 최고가 490,000원에 근접한 수준으로, 추가 상승 여력이 제한적일 수 있습니다."", ""거래량 변화율이 -24.77%로 감소하는 추세는 투자 심리 위축을 시사하며, 이는 단기적인 주가 하락 압력으로 작용할 수 있습니다.""]"
196170,알테오젠,2025-10-01,458000,Buy,75,"[""최근 애널리스트 리포트에서 FDA 및 CHMP 승인, 글로벌 로열티 지급 기대감 등 긍정적인 전망과 함께 높은 목표주가가 제시되고 있습니다."", ""영업현금흐름이 640억원으로 양수(+)를 기록하며 재무 안정성을 뒷받침하고 있습니다."", ""최근 1개월 수익률은 소폭 하락했으나, 52주 최고가 대비 현재 위치가 높아 추가 상승 여력이 존재할 수 있습니다.""]"
196170,알테오젠,2025-11-03,523000,Sell,75,"[""현재가 52주 최고가와 일치하며, 52주 내 현재 위치 100.0%는 추가 상승 여력이 제한적임을 시사합니다."", ""2025년 2분기 실적에서 매출은 증가했으나 영업이익 및 순이익이 적자를 기록하며 수익성 개선이 이루어지지 않고 있습니다."", ""PER 446.2, PBR 102.15는 현재 주가가 기업의 이익 및 자산 가치 대비 매우 고평가되었음을 나타냅니다.""]"
196170,알테오젠,2025-12-01,542000,Buy,75,"[""2025년 3분기 매출 및 영업이익이 전년 동기 대비 폭발적으로 증가하며 견조한 성장세를 보여주고 있습니다."", ""유럽 시판 허가 획득 및 연내 추가 L/O 가능성 언급 등 긍정적인 애널리스트 리포트가 목표 주가 상승 여력을 시사합니다."", ""최근 1개월 수익률이 10.95%로 양호하며, 52주 최고가 대비 현재 위치가 94.0%로 상승 추세가 이어지고 있습니다.""]"
034020,두산에너빌리티,2023-01-02,15250,Sell,75,"[""최근 1개월 수익률이 -8.96%로 하락세를 보이고 있으며, 거래량 변화율 또한 -36.72%로 감소하여 투자 심리가 위축된 것으로 판단됩니다."", ""현재 주가는 52주 최고가 대비 약 24.6% 하락한 위치에 있으며, 이는 단기적인 하락 압력이 지속될 가능성을 시사합니다."", ""PER 14.0, PBR 1.11, ROE 7.9% 등의 재무 지표는 시장 평균 대비 특별히 매력적인 수준은 아니며, 향후 20거래일 내 뚜렷한 주가 상승 동력을 찾기 어렵습니다.""]"
034020,두산에너빌리티,2023-02-01,16530,Buy,75,"[""최근 1개월 수익률 7.34%와 거래량 변화율 14.73%는 긍정적인 수급 신호를 나타냅니다."", ""2022년 3분기 매출액과 영업이익이 전년 동기 대비 각각 35.2%, 40.7% 증가하며 견조한 성장세를 보였습니다."", ""영업현금흐름이 5,553억원으로 양호하며, 이는 재무 안정성에 긍정적인 영향을 줄 수 있습니다.""]"
034020,두산에너빌리티,2023-03-02,16580,Neutral,55,"[""2022년 3분기 매출 및 영업이익이 전년 동기 대비 큰 폭으로 증가하며 긍정적인 실적 모멘텀을 보여주고 있습니다."", ""현재 주가는 52주 최고가 대비 약 37% 낮은 수준에 위치하여 상승 여력이 존재할 수 있습니다."", ""최근 1개월 수익률이 소폭 하락하고 거래량 변화율이 감소하는 등 단기적인 매도 압력이 감지되어 상승 모멘텀이 약화될 가능성이 있습니다.""]"
034020,두산에너빌리티,2023-04-03,17060,Buy,75,"[""2022년 매출 및 영업이익이 전년 대비 큰 폭으로 성장했으며, 영업이익률도 7.2%로 양호한 수준을 기록했습니다."", ""부채비율이 128.7%로 다소 높지만, 영업현금흐름이 +6,251억원으로 긍정적인 흐름을 보이고 있습니다."", ""최근 1개월 수익률이 2.03%로 소폭 상승했으며, 거래량 변화율이 93.09%로 높은 변동성을 시사하며 이는 상승 모멘텀으로 작용할 수 있습니다.""]"
034020,두산에너빌리티,2023-05-02,16130,Sell,65,"[""최근 1개월 수익률이 -5.12%로 하락세를 보이고 있으며, 52주 최고가 대비 현재 위치가 35.1%로 상승 여력이 제한적입니다."", ""PER이 '해당없음(적자)'으로 표시되어 있어 현재 기업의 수익성 측면에서 부정적인 신호를 주고 있습니다."", ""매출과 영업이익은 전년 대비 증가했으나, 순이익이 큰 폭의 적자를 기록하며 재무 건전성에 대한 우려를 남깁니다.""]"
034020,두산에너빌리티,2023-06-01,16200,Buy,65,"[""2023년 1분기 매출 및 영업이익이 전년 동기 대비 큰 폭으로 증가하며 견조한 실적 개선세를 보이고 있습니다."", ""영업이익률이 9.0%로 개선되었으며, 영업현금흐름 또한 긍정적인 흐름을 유지하고 있습니다."", ""현재 주가는 52주 최저가 대비 상승했으나 52주 최고가 대비로는 상당한 하락 여력이 남아있어 기술적 반등 가능성이 있습니다.""]"
034020,두산에너빌리티,2023-07-03,18100,Buy,75,"[""2023년 1분기 매출 및 영업이익이 전년 동기 대비 큰 폭으로 증가하며 견조한 실적 개선세를 보이고 있습니다."", ""최근 1개월 수익률이 11.73%로 양호하며, 거래량 변화율이 110.19%로 높아 시장의 관심이 증가하고 있음을 시사합니다."", ""현재 주가가 52주 최저가 대비 54.7% 수준에 위치하여 추가 상승 여력이 존재할 가능성이 있습니다.""]"
034020,두산에너빌리티,2023-08-01,17500,Buy,75,"[""2023년 1분기 매출 및 영업이익이 전년 동기 대비 큰 폭으로 증가하며 견조한 실적 개선세를 보이고 있습니다."", ""영업이익률이 9.0%로 개선되었으며, 영업현금흐름 또한 긍정적인 흐름을 유지하고 있습니다."", ""현재가는 52주 최고가 대비 약 21% 하락한 수준으로, 기술적 반등 가능성을 고려할 수 있습니다.""]"
034020,두산에너빌리티,2023-09-01,17470,Buy,75,"[""2023년 2분기 실적이 전년 동기 대비 매출 및 영업이익이 크게 증가하며 긍정적인 실적 개선세를 보이고 있습니다."", ""영업이익률 10.9%와 영업현금흐름 +1.3조원은 견조한 수익성과 현금 창출 능력을 시사합니다."", ""현재 주가가 52주 최저가 대비 중간 지점에 위치하며, 52주 최고가 대비 하락 여력이 남아있어 상승 가능성을 열어둡니다.""]"
034020,두산에너빌리티,2023-10-04,15770,Buy,75,"[""2023년 2분기 실적이 전년 동기 대비 매출 및 영업이익이 크게 증가하며 긍정적인 실적 개선세를 보이고 있습니다."", ""영업이익률이 10.9%로 양호하며, 영업현금흐름이 1.3조원으로 재무 안정성을 뒷받침하고 있습니다."", ""최근 1개월 수익률은 하락했으나, 거래량 변화율이 11.28%로 증가하며 향후 주가 상승에 대한 잠재력을 시사합니다.""]"
034020,두산에너빌리티,2023-11-01,13460,Sell,75,"[""최근 1개월 수익률이 -17.57%로 하락 추세를 보이고 있으며, 거래량 변화율 또한 -39.85%로 감소하여 투자 심리가 위축된 것으로 판단됩니다."", ""PER이 '해당없음(적자)'으로 재무 건전성에 대한 우려가 존재하며, 이는 주가 상승의 제약 요인이 될 수 있습니다."", ""52주 최고가 대비 현재 위치가 8.0%로, 단기적으로 상승 여력이 제한적일 수 있다는 점을 고려했습니다.""]"
034020,두산에너빌리티,2023-12-01,15270,Buy,75,"[""최근 1개월 수익률이 9.78%로 양호한 흐름을 보이고 있으며, 52주 최저가 대비 현재 위치가 31.5%로 상승 여력이 존재합니다."", ""2023년 3분기 매출이 전년 동기 대비 4.9% 증가하며 견조한 성장세를 유지하고 있습니다."", ""애널리스트 리포트에서 정책 모멘텀에 대비할 시점이라는 긍정적인 전망과 함께 목표주가 23,000원을 제시하고 있습니다.""]"
034020,두산에너빌리티,2024-01-02,16010,Buy,65,"[""최근 1개월 수익률이 6.24%로 긍정적인 흐름을 보이고 있으며, 52주 최고가 대비 현재 위치가 44.0%로 상승 여력이 남아있다고 판단됩니다."", ""2023년 3분기 매출이 전년 동기 대비 4.9% 증가하며 외형 성장을 지속하고 있습니다."", ""영업이익률 7.5%와 영업현금흐름 +1.4조원으로 견조한 영업 활동을 유지하고 있습니다.""]"
034020,두산에너빌리티,2024-02-01,15380,Sell,65,"[""최근 1개월 수익률이 마이너스(-)를 기록하고 거래량 변화율 또한 감소하는 등 단기적인 하락 압력이 감지됩니다."", ""PER이 적자로 인해 산출되지 않는 상황에서 PBR 0.98은 자산 가치 대비 큰 상승 여력을 보여주지 못하고 있습니다."", ""영업이익이 전년 동기 대비 소폭 감소한 점은 향후 주가 상승 동력 약화 가능성을 시사합니다.""]"
034020,두산에너빌리티,2024-03-04,15770,Buy,75,"[""최근 1개월 수익률이 4.92%로 양호하며, 거래량 변화율이 39.06%로 증가하는 추세를 보이고 있습니다."", ""2023년 3분기 매출이 전년 동기 대비 4.9% 증가하는 등 외형 성장을 지속하고 있습니다."", ""애널리스트 리포트에서 점진적인 수익성 개선과 함께 목표주가 23,000원을 제시하며 긍정적인 전망을 내놓고 있습니다.""]"
034020,두산에너빌리티,2024-04-01,17270,Buy,75,"[""2023년 연간 실적에서 매출과 영업이익이 전년 대비 큰 폭으로 증가하며 긍정적인 성장세를 보이고 있습니다."", ""영업이익률이 8.3%로 견조하며, 영업현금흐름이 2.1조원으로 재무 안정성을 뒷받침하고 있습니다."", ""최근 1개월 수익률이 6.34%로 상승세를 보이고 있으며, 거래량 변화율이 154.92%로 증가하여 시장의 관심이 집중되고 있음을 시사합니다.""]"
034020,두산에너빌리티,2024-05-02,16500,Sell,75,"[""최근 1개월 수익률이 -4.46%로 하락세를 보이고 있으며, 거래량 변화율 또한 -52.33%로 감소하여 투자 심리가 위축된 것으로 판단됩니다."", ""PER이 189.7로 매우 높아 현재 주가가 기업의 이익 대비 고평가되었을 가능성이 있습니다."", ""ROE가 0.5%로 매우 낮아 기업의 수익 창출 능력이 저조함을 시사합니다.""]"
034020,두산에너빌리티,2024-06-03,20750,Buy,75,"[""최근 1개월 수익률이 23.51%로 강한 상승세를 보이고 있으며, 52주 최고가 대비 현재 위치가 87.5%로 상승 여력이 남아있습니다."", ""거래량 변화율이 275.13%로 급증하며 매수세가 유입되고 있음을 시사합니다."", ""2024년 1분기 매출이 전년 동기 대비 소폭 증가했으며, 영업이익률 8.7%를 기록하며 안정적인 수익성을 유지하고 있습니다.""]"
034020,두산에너빌리티,2024-07-01,19950,Sell,75,"[""최근 1개월 수익률이 마이너스(-)이며 거래량 변화율 또한 감소하는 추세를 보여 단기적인 매도 압력이 존재할 가능성이 있습니다."", ""PER이 229.3으로 매우 높아 현재 주가가 기업의 이익 대비 고평가되었을 가능성을 시사합니다."", ""2024년 1분기 영업이익이 전년 동기 대비 소폭 감소한 점은 향후 실적 개선에 대한 불확실성을 내포하고 있습니다.""]"
034020,두산에너빌리티,2024-08-01,18710,Buy,75,"[""최근 3건의 애널리스트 리포트 모두 긍정적인 전망과 함께 목표주가를 제시하며 향후 주가 상승 가능성을 시사하고 있습니다."", ""52주 최고가 대비 현재 위치가 59.9%로, 상승 여력이 남아있다고 판단됩니다."", ""최근 1개월 수익률은 하락했으나, 거래량 변화율이 107.73%로 크게 증가한 점은 투자자들의 관심이 높아지고 있음을 나타냅니다.""]"
034020,두산에너빌리티,2024-09-02,17890,Sell,75,"[""2024년 2분기 실적이 전년 동기 대비 매출과 영업이익 모두 감소하며 부정적인 흐름을 보이고 있습니다."", ""영업이익률이 7.5%로 낮고, 영업현금흐름이 마이너스를 기록하며 재무 건전성에 대한 우려가 있습니다."", ""최근 1개월 수익률이 마이너스이고 거래량 변화율이 크게 감소한 점은 투자 심리 위축을 시사합니다.""]"
034020,두산에너빌리티,2024-10-02,17310,Sell,75,"[""최근 2분기 실적에서 매출과 영업이익이 전년 동기 대비 감소했으며, 특히 영업이익률 하락은 수익성 악화를 시사합니다."", ""영업현금흐름이 마이너스를 기록하고 있어 단기적인 자금 운용에 부담이 될 수 있습니다."", ""최근 1개월 수익률이 마이너스(-)를 기록하고 거래량 변화율도 감소한 점은 투자 심리 위축을 나타냅니다.""]"
034020,두산에너빌리티,2024-11-01,19980,Sell,75,"[""최근 2분기 실적이 전년 동기 대비 매출 및 영업이익이 감소했으며, 영업이익률 또한 하락하여 단기적인 실적 개선 모멘텀이 약한 것으로 판단됩니다."", ""PER이 229.7로 매우 높아 현재 주가가 기업의 이익 대비 고평가되었을 가능성이 있으며, 이는 향후 주가 상승에 부담으로 작용할 수 있습니다."", ""최근 1개월 수익률이 11.56%로 양호하나, 52주 최고가 대비 현재 위치가 74.3%로 상승 여력이 제한적일 수 있으며, 거래량 변화율이 높은 것은 변동성 확대 가능성을 시사합니다.""]"
034020,두산에너빌리티,2024-12-02,20700,Sell,75,"[""최근 3분기 실적에서 매출과 영업이익이 전년 동기 대비 큰 폭으로 감소했으며, 순이익이 적자 전환한 점은 부정적인 신호입니다."", ""영업현금흐름이 마이너스(-)를 기록하고 있어 재무 안정성에 대한 우려가 존재합니다."", ""PER이 237.9로 매우 높아 현재 주가가 기업의 이익 대비 고평가되었을 가능성이 있습니다.""]"
034020,두산에너빌리티,2025-01-02,18060,Sell,75,"[""최근 3분기 실적에서 매출과 영업이익이 전년 동기 대비 큰 폭으로 감소했으며, 영업이익률 또한 하락하여 수익성이 악화된 점은 부정적입니다."", ""영업현금흐름이 마이너스를 기록하고 있어 기업의 현금 창출 능력에 대한 우려가 존재합니다."", ""최근 1개월 수익률이 -14.61%로 하락세를 보이고 있으며, 거래량 변화율 또한 감소하여 투자 심리가 위축된 것으로 판단됩니다.""]"
034020,두산에너빌리티,2025-02-03,23350,Sell,75,"[""최근 3분기 실적이 매출 및 영업이익 모두 전년 동기 대비 큰 폭으로 감소했으며, 순이익 또한 적자를 기록하여 단기적인 실적 개선 모멘텀이 약한 것으로 판단됩니다."", ""높은 PER(268.4)과 낮은 ROE(0.5%)는 현재 주가가 기업의 수익성에 비해 고평가되어 있음을 시사하며, 이는 향후 주가 상승에 부담으로 작용할 수 있습니다."", ""최근 1개월 수익률이 30.74%로 높지만, 이는 52주 최고가 대비 현재 위치가 87.0%에 달하는 상황에서 단기 급등에 따른 차익 실현 매물 출회 가능성을 높입니다.""]"
034020,두산에너빌리티,2025-03-04,25500,Sell,75,"[""2024년 3분기 실적에서 매출 및 영업이익이 전년 동기 대비 큰 폭으로 감소했으며, 순이익이 적자 전환한 점은 부정적인 신호입니다."", ""영업현금흐름이 마이너스(-)를 기록하고 있어 재무 건전성에 대한 우려가 존재합니다."", ""최근 1개월 수익률이 6.69%로 양수이나, 2024년 3분기 실적 부진과 재무 안정성 지표를 고려할 때 향후 주가 상승 동력이 약하다고 판단됩니다.""]"
034020,두산에너빌리티,2025-04-01,23850,Sell,75,"[""최근 1개월 수익률이 -6.10%로 하락세를 보이고 있으며, 거래량 변화율 또한 -40.81%로 감소하여 투자 심리가 위축된 것으로 판단됩니다."", ""2024년 연간 실적에서 매출이 전년 대비 -7.7%, 영업이익이 -30.6% 감소하는 등 수익성이 악화된 점이 주가 하락 요인으로 작용할 수 있습니다."", ""PER이 137.1로 매우 높아 현재 주가가 기업의 이익 대비 고평가되었을 가능성이 있으며, ROE가 1.0%로 낮은 점은 수익 창출 능력이 미흡함을 시사합니다.""]"
034020,두산에너빌리티,2025-05-02,27700,Sell,75,"[""최근 1개월 수익률이 15.66%로 높았으나, 거래량 변화율이 -23.10%로 감소하여 상승 동력이 약화되었음을 시사합니다."", ""2024년 연간 영업이익이 전년 대비 30.6% 감소하였고, 영업이익률 또한 6.3%로 낮아져 수익성 악화가 주가에 부정적인 영향을 미칠 수 있습니다."", ""PER이 159.2로 매우 높아 현재 주가가 기업의 이익 대비 고평가되었을 가능성이 있습니다.""]"
034020,두산에너빌리티,2025-06-02,40950,Sell,75,"[""최근 1개월 수익률이 41.70%로 높지만, 52주 최고가 대비 현재 위치가 94.7%로 고점 부근에 있어 추가 상승 여력이 제한적입니다."", ""2025년 1분기 실적이 매출은 소폭 증가했으나 영업이익이 전년 동기 대비 60.2% 감소하고 순이익이 적자 전환하는 등 수익성이 크게 악화되었습니다."", ""부채비율이 129.0%로 높고 영업현금흐름이 -5,720억원으로 마이너스를 기록하는 등 재무 안정성 지표가 부정적입니다.""]"
034020,두산에너빌리티,2025-07-01,62500,Sell,75,"[""최근 1개월 수익률이 48.10%로 매우 높았으나, 2025년 1분기 실적이 전년 동기 대비 매출 감소(-8.5%) 및 영업이익 큰 폭 감소(-60.2%)를 기록하며 수익성 악화가 명확히 나타나고 있습니다."", ""영업이익률이 3.8%로 낮고 순이익이 적자 전환(-212억원)된 점은 기업의 근본적인 수익 창출 능력에 대한 우려를 제기합니다."", ""부채비율 129.0%와 마이너스 영업현금흐름(-5,720억원)은 재무 안정성 측면에서 부정적인 신호이며, 이는 향후 주가 상승 동력을 약화시킬 수 있습니다.""]"
034020,두산에너빌리티,2025-08-01,61400,Sell,75,"[""최근 1분기 실적에서 매출 감소 및 영업이익 대폭 하락, 순이익 적자 전환 등 부정적인 재무 성과를 보이고 있습니다."", ""영업현금흐름이 마이너스를 기록하며 재무 안정성에 대한 우려가 존재합니다."", ""최근 1개월 수익률이 마이너스이고 거래량 변화율이 크게 감소한 점은 투자 심리 위축을 시사합니다.""]"
034020,두산에너빌리티,2025-09-01,59600,Sell,75,"[""최근 1개월 수익률이 -9.15%로 하락세를 보이고 있으며, 2분기 영업이익이 전년 동기 대비 감소한 점은 부정적인 신호입니다."", ""PER 342.5배, PBR 3.27배, ROE 0.9%는 현재 주가가 기업의 이익 및 자산 가치 대비 고평가되었음을 시사합니다."", ""영업현금흐름이 -5,848억원으로 마이너스를 기록하고 있어 재무 건전성에 대한 우려가 있습니다.""]"
034020,두산에너빌리티,2025-10-01,64600,Sell,75,"[""2025년 2분기 영업이익이 전년 동기 대비 감소했으며, 영업이익률 또한 하락한 점은 부정적인 신호입니다."", ""부채비율이 126.2%로 다소 높고, 영업현금흐름이 마이너스(-)를 기록하고 있어 재무 안정성에 대한 우려가 있습니다."", ""PER이 371.3으로 매우 높아 현재 주가가 고평가되었을 가능성이 있으며, 이는 향후 주가 하락 압력으로 작용할 수 있습니다.""]"
034020,두산에너빌리티,2025-11-03,89500,Sell,75,"[""최근 1개월 수익률이 41.84%로 높고 52주 최고가 대비 현재 위치가 91.3%로 상승 여력이 제한적입니다."", ""2분기 영업이익이 전년 동기 대비 12.5% 감소했으며, 영업이익률 또한 5.9%로 낮습니다."", ""부채비율 126.2%와 마이너스 영업현금흐름(-5,848억원)은 재무 안정성에 대한 우려를 제기합니다.""]"
034020,두산에너빌리티,2025-12-01,74900,Sell,75,"[""최근 1개월 수익률이 -15.56%로 하락세를 보이고 있으며, 거래량 변화율 또한 -40.68%로 감소하여 투자 심리가 위축된 것으로 판단됩니다."", ""PER 430.5, PBR 4.11, ROE 0.9% 등 재무 지표들이 전반적으로 고평가 및 저효율을 시사하고 있습니다."", ""영업이익은 증가했으나 순이익이 적자 전환했으며, 영업현금흐름이 큰 폭의 마이너스를 기록하여 재무 건전성에 대한 우려가 존재합니다.""]"
