ticker,name,signal_date,price,per,pbr,roe,market_cap,signal,confidence,reasons,return_5d,return_20d
005930,삼성전자,2023-01-02,55400,9.61,1.08,11.24,328539904671000.0,Neutral,40,"[""현재가(55,400원)가 52주 최저가(52,600원)에 근접해 있어 하방 경직 가능성을 시사하지만, 52주 최고가(80,500원) 대비로는 여전히 높은 수준입니다."", ""최근 1개월 수익률(-11.34%)과 거래량 변화율(-18.94%)이 모두 하락세를 나타내고 있어 단기적인 하락 압력이 존재합니다."", ""PER(9.6)은 낮지만, PBR(1.08)과 ROE(11.2%)는 양호한 수준으로 재무적인 매력과 기술적인 하락 압력이 혼재되어 있어 명확한 방향성 판단이 어렵습니다.""]",9.025270758122744,14.620938628158845
005930,삼성전자,2023-02-01,63500,10.7,1.2,11.21,365833623579600.0,Buy,75,"[""최근 1개월 수익률이 11.75%로 강한 상승세를 보이고 있으며, 거래량 변화율도 47.34%로 증가하여 매수세 유입이 활발함을 시사합니다."", ""현재 주가가 52주 최저가 대비 약 20.7% 상승한 63,500원으로, 52주 최고가 대비로는 약 15.8% 하락한 수준으로, 추가 상승 여력이 존재한다고 판단됩니다."", ""PER 10.7, PBR 1.20, ROE 11.2% 등 재무 지표가 양호한 수준으로, 기업의 내재가치 대비 저평가 가능성을 시사하며 이는 주가 상승의 기반이 될 수 있습니다.""]",-0.7874015748031495,-4.724409448818897
005930,삼성전자,2023-03-02,60500,10.52,1.18,11.22,359913985657600.0,Neutral,40,"[""현재가(60,500원)는 52주 최저가(52,600원) 대비 상승했으나 최고가(72,900원) 대비로는 상당한 하락폭을 보이며 52주 내 중간 지점에 위치하고 있어 명확한 추세 판단이 어렵습니다."", ""최근 1개월 수익률이 -0.33%로 소폭 하락했으며, 거래량 변화율 또한 -18.98%로 감소하여 투자 심리가 위축된 것으로 보입니다."", ""PER, PBR, ROE 등 재무 지표는 양호한 편이나, 단기적인 기술 지표의 약세와 시장 전반의 불확실성을 고려할 때 20거래일 내 뚜렷한 상승 또는 하락을 예측하기 어렵습니다.""]",-1.6528925619834711,5.785123966942149
005930,삼성전자,2023-04-03,63600,7.83,1.05,13.41,373529152878200.0,Neutral,50,"[""PER, PBR, ROE 등 재무 지표는 양호하나, 52주 최고가 대비 현재 위치가 다소 높아 추가 상승 여력이 제한적일 수 있습니다."", ""최근 1개월 수익률이 긍정적이고 거래량 변화율도 소폭 상승했지만, 시장 전반의 불확실성이 존재하여 뚜렷한 방향성을 예측하기 어렵습니다."", ""삼성전자는 대형주로서 거시 경제 지표 및 반도체 업황 등 다양한 외부 요인에 영향을 받으므로, 단기 20거래일 내 명확한 상승 또는 하락을 단정하기 어렵습니다.""]",3.6163522012578615,2.8301886792452833
005930,삼성전자,2023-05-02,65400,8.15,1.1,13.5,388920211475400.0,Buy,75,"[""현재가 65,400원은 52주 최고가 68,100원에 근접해 있으며, 52주 내 위치가 84.5%로 높은 편입니다."", ""최근 1개월 수익률 2.66%와 거래량 변화율 18.24%는 긍정적인 모멘텀을 시사합니다."", ""PER 8.2, PBR 1.10, ROE 13.5% 등 재무 지표는 삼성전자가 여전히 저평가된 우량주임을 나타냅니다.""]",-1.834862385321101,10.397553516819572
005930,삼성전자,2023-06-01,72200,8.8,1.18,13.41,419702328669800.0,Buy,75,"[""현재가 72,200원이 52주 최고가 72,300원에 근접하여 상승 모멘텀이 강하게 나타나고 있습니다."", ""최근 1개월 수익률 8.24%로 단기 상승 추세가 확인됩니다."", ""PBR 1.18, ROE 13.4% 등 재무 지표가 양호하며, PER 8.8은 시장 대비 저평가 가능성을 시사합니다.""]",-1.662049861495845,1.10803324099723
005930,삼성전자,2023-07-03,73000,9.06,1.22,13.47,432133568306000.0,Neutral,50,"[""현재가 52주 최고가와 일치하며 기술적 저항에 직면할 가능성이 있습니다."", ""최근 1개월 수익률은 긍정적이나 거래량 변화율이 감소하고 있어 상승 동력이 약화될 수 있습니다."", ""PER, PBR, ROE 등 재무지표는 양호하나, 단기적인 시장 상황 및 투자 심리에 따라 방향성이 결정될 것으로 보입니다.""]",-2.054794520547945,-2.6027397260273974
005930,삼성전자,2023-08-01,69900,8.82,1.19,13.49,420886256254200.0,Neutral,60,"[""현재가 69,900원은 52주 최고가 73,400원에 근접해 있어 단기 상승 여력이 제한적일 수 있습니다."", ""최근 1개월 수익률이 -2.60%로 약세를 보이고 있으나, 거래량 변화율이 19.54%로 증가하며 매수세 유입 가능성을 시사합니다."", ""PER 8.8, PBR 1.19, ROE 13.5% 등 재무지표는 안정적인 수준으로 판단되나, 단기적인 시장 방향성에 따라 주가 흐름이 결정될 것으로 보입니다.""]",-1.4306151645207439,-4.291845493562231
005930,삼성전자,2023-09-01,71200,8.81,1.18,13.39,420294292462000.0,Neutral,60,"[""삼성전자는 52주 최고가 대비 현재 위치가 높아 추가 상승 여력이 제한적일 수 있습니다."", ""최근 1개월 수익률은 소폭 상승했으나, 거래량 변화율이 감소하는 추세는 매수세 약화를 시사합니다."", ""PER, PBR, ROE 등 재무지표는 양호한 편이나, 단기적인 시장 방향성을 명확히 제시하기에는 기술적 지표의 신호가 혼조세를 보입니다.""]",-0.5617977528089888,-7.303370786516854
005930,삼성전자,2023-10-04,66700,8.38,1.13,13.48,399575559735000.0,Neutral,50,"[""삼성전자는 현재 52주 최고가 대비 하락한 상태이며, 최근 1개월 수익률이 소폭 상승에 그쳐 뚜렷한 상승 모멘텀을 보여주지 못하고 있습니다."", ""거래량 변화율이 32.09%로 증가한 점은 긍정적이나, 이것이 추세 전환을 의미하기에는 아직 불확실성이 존재합니다."", ""PER, PBR, ROE 등의 재무 지표는 안정적인 수준을 나타내고 있으나, 단기적인 시장 흐름을 예측하기에는 기술적 지표의 신호가 명확하지 않습니다.""]",1.9490254872563717,4.3478260869565215
005930,삼성전자,2023-11-01,69700,8.51,1.14,13.4,406087161449200.0,Neutral,50,"[""PER, PBR, ROE 등 재무 지표는 현재 삼성전자가 저평가되어 있거나 적정 가치 수준에 있음을 시사하지만, 뚜렷한 상승 모멘텀을 보여주지는 못하고 있습니다."", ""52주 최고가 대비 현재 위치는 73.5%로, 여전히 상승 여력이 남아있다고 볼 수 있으나 최근 1개월 수익률이 0.00%로 정체된 흐름을 보이고 있습니다."", ""거래량 변화율이 1.45%로 미미하여 투자자들의 관심이나 매수세가 강하게 유입되고 있다고 판단하기 어렵습니다.""]",0.860832137733142,4.447632711621234
005930,삼성전자,2023-12-01,72600,8.94,1.2,13.42,426213930384000.0,Neutral,60,"[""현재가 72,600원은 52주 최고가 73,400원에 근접하여 추가 상승 여력이 제한적일 수 있습니다."", ""최근 1개월 수익률은 3.30%로 긍정적이나, 거래량 변화율이 -16.55%로 감소하는 추세는 매수세 약화를 시사합니다."", ""PER 8.9, PBR 1.20, ROE 13.4% 등 재무 지표는 양호하나, 단기적인 기술적 지표에서 방향성을 명확히 판단하기 어렵습니다.""]",0.5509641873278237,5.5096418732782375
005930,삼성전자,2024-01-02,77000,9.88,1.33,13.46,471203178591200.0,Buy,75,"[""현재가 77,000원이 52주 최고가 79,600원에 근접하며 상승 추세가 이어질 가능성을 시사합니다."", ""최근 1개월 수익률 9.49%는 단기적으로 긍정적인 모멘텀을 보여주고 있습니다."", ""거래량 변화율 11.79%는 시장의 관심이 증가하고 있음을 나타내며, 이는 추가 상승 동력으로 작용할 수 있습니다.""]",-4.415584415584416,-5.584415584415584
005930,삼성전자,2024-02-01,75200,9.13,1.23,13.47,435685351059200.0,Neutral,50,"[""PER 9.1배는 시장 평균 대비 낮은 수준으로 저평가 가능성을 시사하지만, 삼성전자의 경우 반도체 업황 변동성에 따라 PER이 크게 변동하므로 절대적인 판단 기준이 되기는 어렵습니다."", ""PBR 1.23배는 자산 가치 대비 소폭 상승한 수준으로, 현재 주가가 과도하게 고평가되었다고 보기는 어렵습니다."", ""ROE 13.5%는 양호한 수준으로 기업의 수익성을 보여주지만, 최근 1개월 수익률이 -4.42%로 하락세를 보이고 있어 단기적인 투자 심리가 위축되었음을 알 수 있습니다."", ""최근 1개월 수익률 하락에도 불구하고 거래량 변화율이 25.71%로 증가한 점은 매수세 유입 가능성을 시사하지만, 52주 최고가 대비 현재 위치가 70.9%로 여전히 상승 여력이 남아있다고 볼 수도 있어 명확한 방향성을 판단하기 어렵습니다.""]",0.0,-3.0585106382978724
005930,삼성전자,2024-03-04,73700,9.3,1.25,13.44,443380880357800.0,Neutral,55,"[""PER 9.3배는 시장 평균 대비 저평가 가능성을 시사하나, 절대적인 투자 판단 근거로는 부족합니다."", ""PBR 1.25배와 ROE 13.4%는 기업의 자산 가치 대비 수익성을 양호하게 보여주지만, 최근 주가 흐름이 뚜렷한 상승세를 보이지 않고 있습니다."", ""52주 최고가 대비 현재 위치가 77.2%로 상승 여력이 남아있으나, 최근 1개월 수익률이 0.81%로 미미하고 거래량 변화율이 감소하는 점은 단기적인 상승 모멘텀 약화를 시사합니다.""]",-0.5427408412483039,15.332428765264586
005930,삼성전자,2024-04-01,85000,38.48,1.33,3.46,485410309604000.0,Buy,75,"[""현재가 85,000원이 52주 최고가 82,400원을 상회하며 강한 상승 추세를 보이고 있습니다."", ""최근 1개월 수익률 11.72%와 거래량 변화율 38.21%는 투자자들의 관심이 증가하고 있음을 시사합니다."", ""PBR 1.33은 자산 가치 대비 저평가 가능성을 나타내며, ROE 3.5%는 개선의 여지가 있지만 적자 기업은 아닙니다.""]",-1.647058823529412,-8.235294117647058
005930,삼성전자,2024-05-02,77600,36.6,1.27,3.47,461731757916000.0,Neutral,40,"[""PER 지표가 36.6으로 높은 편이나, 삼성전자는 적자 기업이 아니므로 해당 지표 자체만으로는 매수/매도 판단이 어렵습니다."", ""PBR 1.27, ROE 3.5%는 현재 주가가 기업의 순자산 대비 크게 고평가되지 않았음을 시사하지만, 공격적인 상승을 기대하기는 어려운 수준입니다."", ""최근 1개월 수익률이 -4.88%로 하락세를 보이고 있으며, 거래량 변화율 또한 -3.63%로 감소 추세에 있어 단기적인 매수세 유입이 약함을 나타냅니다."", ""52주 최고가 대비 현재 위치가 66.4%로, 여전히 상승 여력이 남아있다고 볼 수도 있으나, 최근 하락 추세와 거래량 감소를 고려할 때 20거래일 내 뚜렷한 방향성을 예측하기 어렵습니다.""]",1.0309278350515463,-2.9639175257731956
005930,삼성전자,2024-06-03,75300,35.52,1.23,3.46,448116590695400.0,Neutral,40,"[""PER이 35.5로 높은 편이나, 삼성전자의 경우 반도체 업황 사이클 및 글로벌 거시 경제 변수에 따라 변동성이 크므로 단순 PER만으로 판단하기 어렵습니다."", ""PBR 1.23은 자산 가치 대비 소폭 상승한 수준이며, ROE 3.5%는 낮은 수준으로 수익성이 개선될 여지가 있습니다."", ""52주 최고가 대비 현재 위치가 중간 정도이며, 최근 1개월 수익률이 마이너스이고 거래량 변화율도 감소한 점은 단기적인 하락 압력을 시사하지만, 52주 최저가 대비로는 상당한 상승 여력이 있어 방향성 판단이 어렵습니다.""]",1.593625498007968,8.632138114209829
005930,삼성전자,2024-07-01,81800,38.39,1.33,3.46,484226382019600.0,Neutral,50,"[""삼성전자의 PER이 38.4로 높은 편이지만, PBR 1.33과 ROE 3.5%는 현재 시장 상황에서 아주 매력적인 수준은 아닙니다."", ""52주 최고가 대비 현재 위치가 81.9%로, 상승 여력과 하락 위험이 공존하는 구간에 있습니다."", ""최근 1개월 수익률은 11.29%로 긍정적이나, 거래량 변화율이 -13.74%로 감소하는 추세는 단기적인 매수세 약화를 시사할 수 있습니다.""]",7.334963325183375,-0.9779951100244498
005930,삼성전자,2024-08-01,79600,39.0,1.35,3.46,491921911318200.0,Neutral,50,"[""삼성전자의 PER은 39.0으로, 이는 동종 업계 평균 대비 높은 수준일 수 있으며, 이익 대비 고평가 가능성을 시사합니다."", ""PBR 1.35와 ROE 3.5%는 자산 가치 대비 주가가 크게 높지 않지만, 수익성이 상대적으로 낮은 수준임을 나타냅니다."", ""52주 최고가 대비 현재 위치가 78.4%로, 상승 여력이 남아있으나 저항 구간에 근접할 가능성도 있습니다."", ""최근 1개월 수익률이 1.59%로 소폭 상승했으며, 거래량 변화율 9.73%는 시장의 관심이 증가하고 있음을 보여주지만, 20거래일 내 뚜렷한 방향성을 판단하기에는 근거가 부족합니다.""]",-6.155778894472362,-6.532663316582915
005930,삼성전자,2024-09-02,72500,34.91,1.21,3.47,440421061396800.0,Neutral,50,"[""PER이 34.9로 높은 편이지만, 삼성전자는 대형 기술주로서 성장성을 감안해야 합니다."", ""PBR 1.21은 자산 가치 대비 소폭 상승한 수준이며, ROE 3.5%는 다소 낮은 편입니다."", ""52주 최고가 대비 현재 위치가 38.5%로 하락폭이 컸으나, 최근 1개월 수익률 -10.47%와 거래량 변화율 -7.31%는 하락 추세가 지속되고 있음을 시사합니다.""]",-8.689655172413794,-16.82758620689655
005930,삼성전자,2024-10-02,60600,28.77,1.0,3.48,362873804618600.0,Neutral,40,"[""현재가(60,600원)가 52주 최저가(61,300원)에 매우 근접해 있어 추가 하락보다는 반등 가능성을 시사하지만, 52주 최고가 대비 큰 폭으로 하락한 상태입니다."", ""최근 1개월 수익률이 -19.76%로 매우 부진하며, 거래량 변화율이 45.60%로 높다는 점은 변동성이 크다는 것을 의미하지만 명확한 방향성을 제시하지는 않습니다."", ""PER 28.8, PBR 1.00, ROE 3.5% 등 재무지표는 현재 주가 수준에서 크게 매력적이지도, 비싸지도 않은 중간 수준으로 판단됩니다.""]",0.33003300330033003,-3.1353135313531353
005930,삼성전자,2024-11-01,58700,27.36,0.95,3.47,345114890852600.0,Neutral,50,"[""현재가(58,700원)가 52주 최저가(55,900원)에 근접하여 하방 경직성을 기대할 수 있으나, 52주 최고가(87,800원) 대비 상당한 하락폭을 보이고 있습니다."", ""최근 1개월 수익률(-5.20%)과 거래량 변화율(-5.98%)이 모두 하락세를 나타내고 있어 단기적인 매도 압력이 존재합니다."", ""PER(27.4)은 높은 편이나 PBR(0.95)이 1 미만이고 ROE(3.5%)가 낮은 점은 재무적으로 큰 매력을 느끼기 어렵게 합니다.""]",-6.303236797274275,-8.68824531516184
005930,삼성전자,2024-12-02,53600,25.15,0.87,3.46,317292592619200.0,Neutral,50,"[""현재가 52주 최저가 대비 높은 수준이나 최고가 대비는 낮은 수준으로 기술적 반등 가능성과 하락 압력이 혼재합니다."", ""최근 1개월 수익률이 마이너스로 하락 추세가 이어지고 있으나, 거래량 변화율이 긍정적인 점은 매수세 유입 가능성을 시사합니다."", ""PER, PBR, ROE 등 재무지표는 시장 대비 저평가 가능성을 보여주지만, 단기적인 시장 흐름을 예측하기에는 불확실성이 존재합니다.""]",0.7462686567164178,1.4925373134328357
005930,삼성전자,2025-01-02,54400,25.06,0.87,3.47,316108665034800.0,Neutral,50,"[""PER 25.1은 시장 평균 대비 높은 편이나, 삼성전자의 경우 반도체 업황 사이클에 따라 변동성이 크므로 현재 PER만으로 판단하기 어렵습니다."", ""PBR 0.87은 장부가치 대비 저평가된 것으로 볼 수 있으나, ROE 3.5%는 낮은 수준으로 수익성 개선이 필요합니다."", ""52주 최고가 대비 현재 위치가 9.2% 하락한 상태이며, 최근 1개월 수익률과 거래량 변화율이 부정적인 신호를 보내고 있어 단기적인 하락 가능성도 배제할 수 없습니다.""]",1.6544117647058825,-0.7352941176470588
005930,삼성전자,2025-02-03,52700,23.93,0.83,3.47,301901534022000.0,Neutral,50,"[""삼성전자는 현재 52주 최저가에 근접한 가격으로, 기술적으로는 반등 가능성이 있으나 최근 1개월 수익률 하락과 거래량 감소는 하방 압력을 시사합니다."", ""PER 23.9, PBR 0.83, ROE 3.5%의 재무 지표는 현재 주가 수준이 기업 가치 대비 과도하게 고평가되거나 저평가되었다고 보기 어려운 중립적인 상황을 나타냅니다."", ""시가총액이 매우 크고 시장 전반의 흐름에 민감하게 반응하는 대형주 특성상, 20거래일이라는 단기적인 관점에서 뚜렷한 상승 또는 하락 추세를 예측하기에는 불확실성이 존재합니다.""]",5.692599620493358,2.4667931688804554
005930,삼성전자,2025-03-04,54000,25.57,0.89,3.48,322620266749000.0,Neutral,50,"[""삼성전자의 PER 25.6은 현재 시장 평균 대비 높은 편은 아니지만, ROE 3.5%는 낮은 수준으로 기업의 수익성이 다소 부진함을 시사합니다."", ""PBR 0.89는 현재 주가가 장부가치보다 낮게 거래되고 있음을 나타내지만, 이는 시장 전반의 저평가 심리나 해당 기업의 성장성에 대한 의구심을 반영할 수도 있습니다."", ""52주 최고가 대비 현재 위치가 12.1%로, 52주 내에서 상대적으로 낮은 구간에 위치해 있어 추가 하락보다는 반등 가능성도 존재하지만, 최근 1개월 수익률이 4.01%로 소폭 상승했으나 거래량 변화율이 5.92%로 크지 않아 추세 전환을 확신하기 어렵습니다.""]",1.6666666666666667,8.88888888888889
005930,삼성전자,2025-04-01,58800,11.88,0.87,7.32,348074709813600.0,Neutral,50,"[""삼성전자의 PER은 11.9로 적정 수준으로 보이나, PBR 0.87은 자산 가치 대비 저평가 가능성을 시사합니다."", ""ROE 7.3%는 양호한 수준이지만, 52주 최고가 대비 현재 위치가 23.5%로 여전히 높은 편입니다."", ""최근 1개월 수익률 7.89%는 긍정적이나, 거래량 변화율이 0.02%로 미미하여 뚜렷한 추세 전환 신호로 보기 어렵습니다.""]",-9.863945578231291,-5.612244897959184
005930,삼성전자,2025-05-02,54600,10.97,0.8,7.29,321436339164600.0,Neutral,50,"[""삼성전자는 현재 52주 최저가에 근접한 수준으로, 저가 매수세 유입 가능성이 있으나 최근 1개월 수익률 하락과 거래량 감소는 투자 심리 위축을 시사합니다."", ""PER 11.0, PBR 0.80, ROE 7.3% 등 재무 지표는 현재 주가 수준이 기업 가치 대비 과도하게 고평가되지 않았음을 보여주지만, 뚜렷한 상승 모멘텀을 제시하지는 않습니다."", ""기술적으로는 52주 최저가 부근에서 횡보하며 방향성을 탐색하는 구간으로, 20거래일 내 뚜렷한 시장 대비 상승 또는 하락을 예측하기 어렵습니다.""]",5.128205128205128,8.241758241758241
005930,삼성전자,2025-06-02,57800,11.47,0.84,7.32,336235433969600.0,Neutral,50,"[""PER이 11.5로 적정 수준으로 판단되나, ROE가 7.3%로 상대적으로 낮은 편입니다."", ""PBR이 0.84로 자산 가치 대비 저평가된 측면이 있습니다."", ""52주 최고가 대비 현재 위치가 18.2%로 하락폭이 큰 편이나, 최근 1개월 수익률이 소폭 상승하고 거래량은 감소하여 방향성 판단이 어렵습니다.""]",2.941176470588235,10.380622837370241
005930,삼성전자,2025-07-01,60800,12.16,0.89,7.32,356362202904400.0,Neutral,50,"[""PER, PBR, ROE 등 재무지표는 현재 시장 대비 저평가 가능성을 시사하지만, 절대적인 투자 매력도를 판단하기에는 추가 분석이 필요합니다."", ""52주 최고가 대비 상당한 하락폭을 보이고 있으나, 최근 1개월 수익률은 긍정적인 흐름을 나타내고 있어 단기 모멘텀을 기대할 수 있습니다."", ""거래량 변화율이 높다는 점은 시장의 관심이 증가하고 있음을 보여주지만, 이것이 상승 추세로 이어질지는 불확실하며, 20거래일 내 뚜렷한 방향성을 예측하기에는 근거가 부족합니다.""]",-0.6578947368421052,19.407894736842106
005930,삼성전자,2025-08-01,69700,13.92,1.01,7.26,407863052825800.0,Buy,75,"[""최근 1개월 수익률이 7.99%로 양호한 상승세를 보이고 있으며, 거래량 변화율도 9.72%로 긍정적인 흐름을 나타내고 있습니다."", ""현재가는 52주 최고가 대비 약 20% 하락한 수준으로, 기술적으로 반등 가능성이 존재합니다."", ""PER 13.9, PBR 1.01, ROE 7.3% 등의 재무지표는 현재 주가가 과도하게 고평가되지 않았음을 시사하며, 안정적인 기업 가치를 기반으로 한 상승 여력을 기대할 수 있습니다.""]",1.8651362984218076,-0.860832137733142
005930,삼성전자,2025-09-01,69100,13.66,0.99,7.25,400167523527200.0,Neutral,50,"[""PER 13.7은 시장 평균 대비 높은 수준은 아니지만, ROE 7.2%는 상대적으로 낮은 편으로 재무적 매력도가 아주 높다고 보기는 어렵습니다."", ""현재가 69,100원은 52주 최고가 대비 상당 부분 하락한 위치에 있으며, 52주 내 현재 위치 58.4%는 중간보다 약간 높은 수준으로 추세 전환 신호가 명확하지 않습니다."", ""최근 1개월 수익률 -5.32%와 거래량 변화율 -37.16%는 단기적으로 매도 압력이 작용하고 있음을 시사하며, 이는 향후 20거래일 내 뚜렷한 상승을 기대하기 어렵게 만듭니다.""]",3.4732272069464547,21.41823444283647
005930,삼성전자,2025-10-01,89000,17.37,1.27,7.31,509088861292000.0,Buy,75,"[""현재가 89,000원이 52주 최고가 86,100원을 상회하며 강한 상승 추세를 보이고 있습니다."", ""최근 1개월 수익률이 24.46%로 단기적으로 매우 강한 상승 모멘텀을 가지고 있습니다."", ""거래량 변화율 51.93%는 투자자들의 관심이 증가하고 있음을 시사하며, 이는 추가 상승 가능성을 높입니다.""]",9.775280898876403,11.46067415730337
005930,삼성전자,2025-11-03,104900,22.44,1.64,7.31,657671773134200.0,Buy,75,"[""최근 1개월 동안 33.37%의 높은 수익률을 기록하며 강한 상승세를 보이고 있습니다."", ""52주 최고가에 근접한 위치에서 거래되고 있으며, 이는 추가적인 상승 모멘텀을 시사할 수 있습니다."", ""거래량 변화율이 39.20%로 높게 나타나 투자자들의 관심이 집중되고 있으며, 이는 긍정적인 신호로 해석될 수 있습니다.""]",-1.334604385128694,-1.4299332697807436
005930,삼성전자,2025-12-01,103400,20.36,1.48,7.27,596699502537600.0,Neutral,55,"[""삼성전자는 52주 최고가 대비 하락한 위치에 있으며 최근 1개월 수익률도 마이너스를 기록하고 있어 단기적인 하락 압력이 존재합니다."", ""하지만 PBR 1.48배와 ROE 7.3%는 여전히 안정적인 재무 상태를 시사하며, 시가총액이 매우 큰 대형주로서 급격한 하락보다는 횡보 가능성이 있습니다."", ""거래량 변화율이 마이너스인 점은 투자 심리가 위축되었음을 나타내지만, 52주 내 현재 위치가 82.9%로 여전히 높은 편이라 추가적인 하락보다는 반등 가능성도 배제할 수 없습니다.""]",4.835589941972921,24.274661508704064
000660,SK하이닉스,2023-01-02,75600,5.41,0.87,16.08,53951569030500.0,Neutral,50,"[""현재가 75,600원은 52주 최저가 75,000원에 근접하여 기술적 반등 가능성이 있으나, 최근 1개월 수익률 -10.63%와 거래량 변화율 -17.96%는 하락 추세가 지속되고 있음을 시사합니다."", ""PER 5.4배, PBR 0.87배는 현재 주가가 기업의 이익 및 자산 가치 대비 저평가되었을 가능성을 나타내지만, ROE 16.1%는 양호한 수준임에도 불구하고 최근 주가 하락은 시장 전반의 투자 심리 위축 또는 해당 산업의 단기적인 불확실성을 반영할 수 있습니다."", ""52주 최고가 대비 현재 위치가 1.2%에 불과하여 상승 여력은 존재하나, 최근의 부정적인 기술적 지표와 시장 상황을 고려할 때 20거래일 내 뚜렷한 시장 대비 상승 또는 하락을 단정하기 어렵습니다.""]",14.417989417989418,23.544973544973544
000660,SK하이닉스,2023-02-01,93400,6.53,1.05,16.08,65140996161000.0,Buy,75,"[""최근 1개월 수익률이 21.87%로 강한 상승세를 보이고 있으며, 거래량 변화율 또한 31.44%로 증가하며 매수세가 유입되고 있음을 시사합니다."", ""현재가(93,400원)는 52주 최저가(75,000원) 대비 상당 부분 상승했지만, 52주 최고가(133,000원) 대비로는 아직 상승 여력이 남아있습니다."", ""ROE 16.1%는 양호한 수준으로 기업의 수익성이 뒷받침되고 있으며, PBR 1.05는 자산 가치 대비 저평가 가능성을 시사합니다.""]",1.070663811563169,-6.5310492505353315
000660,SK하이닉스,2023-03-02,87300,6.3,1.01,16.03,62789078356500.0,Neutral,40,"[""PER, PBR, ROE 등 재무지표는 양호하나, 52주 최고가 대비 현재 위치가 낮고 최근 1개월 수익률 및 거래량 변화율이 부정적인 점은 하방 압력을 시사합니다."", ""반도체 업황 회복에 대한 기대감은 상승 요인이 될 수 있으나, 단기적인 시장 불확실성이 존재합니다."", ""현재 제시된 정보만으로는 향후 20거래일 내 뚜렷한 방향성을 판단하기 어렵습니다.""]",-4.581901489117984,1.4891179839633446
000660,SK하이닉스,2023-04-03,84500,26.9,0.98,3.64,62147646228000.0,Neutral,55,"[""현재가 84,500원은 52주 최저가 75,000원 대비 상승했으나 최고가 121,000원 대비는 하락한 위치로, 기술적으로는 반등 가능성과 추가 하락 가능성이 혼재되어 있습니다."", ""최근 1개월 수익률이 -0.11%로 큰 변동성이 없었으나, 거래량 변화율이 42.23%로 증가한 점은 향후 방향성에 대한 잠재적 에너지를 시사합니다."", ""PER 26.9, PBR 0.98, ROE 3.6% 등 재무지표는 현재 시장 상황에서 특별히 매력적이거나 우려할 만한 수준은 아니며, 20거래일 내 큰 폭의 재무적 변화를 기대하기 어렵습니다.""]",8.63905325443787,6.272189349112427
000660,SK하이닉스,2023-05-02,89800,27.82,1.02,3.67,64285753323000.0,Neutral,50,"[""PER이 27.8로 높은 편이나, 해당없음 시 적자기업이라는 점을 고려하면 현재 이익 수준 대비 고평가 여부는 판단이 필요합니다."", ""PBR 1.02는 자산 가치 대비 크게 벗어나지 않는 수준으로 해석될 수 있습니다."", ""ROE 3.7%는 낮은 수준으로, 수익성 개선 여부가 중요합니다."", ""52주 최고가 대비 현재 위치가 39.5%로, 하락폭이 상대적으로 크지만 반등 여력도 존재합니다."", ""최근 1개월 수익률 1.81%는 소폭 상승세를 보이고 있으며, 거래량 변화율 31.25%는 투자자들의 관심이 증가하고 있음을 시사합니다."", ""반도체 업황 자체의 불확실성과 거시 경제 변수에 따른 변동성이 커 단기적인 방향성을 명확히 판단하기 어렵습니다.""]",-3.8975501113585747,22.828507795100222
000660,SK하이닉스,2023-06-01,110300,34.02,1.24,3.64,78611070859500.0,Neutral,50,"[""현재가가 52주 최고가에 도달하여 추가 상승 여력이 제한적일 수 있습니다."", ""최근 1개월 수익률이 높지만, 거래량 변화율이 마이너스인 점은 투자 심리 위축 가능성을 시사합니다."", ""PER이 34.0으로 높은 편이며, ROE가 3.6%로 낮은 점은 재무적 매력이 크지 않음을 나타냅니다.""]",4.0797824116047146,6.618313689936536
000660,SK하이닉스,2023-07-03,117900,36.27,1.32,3.64,83813798124000.0,Buy,75,"[""52주 최고가에 근접한 위치와 최근 1개월 수익률 상승은 긍정적인 모멘텀을 시사합니다."", ""PBR 1.32는 현재 시장에서 SK하이닉스의 자산 가치가 적정하게 평가되고 있음을 나타냅니다."", ""거래량 변화율이 음수이지만, 52주 내 현재 위치가 매우 높아 추가 상승 여력이 존재할 가능성이 있습니다.""]",-3.816793893129771,6.106870229007633
000660,SK하이닉스,2023-08-01,119500,38.59,1.41,3.65,89159065861500.0,Buy,75,"[""SK하이닉스는 52주 최고가 대비 현재 위치가 94.5%로 높은 수준이지만, 최근 1개월 수익률이 6.38%로 긍정적인 흐름을 보이고 있습니다."", ""PER이 38.6으로 다소 높은 편이나, PBR 1.41은 시장 평균 대비 과도하게 고평가되었다고 보기 어렵습니다."", ""반도체 업황 회복에 대한 기대감과 AI 관련 수요 증가는 SK하이닉스의 실적 개선에 긍정적인 영향을 미칠 것으로 예상됩니다.""]",-0.8368200836820083,1.9246861924686192
000660,SK하이닉스,2023-09-01,119200,37.01,1.35,3.65,85524283800000.0,Neutral,50,"[""PER이 37.0으로 높은 편이며, ROE가 3.6%로 낮은 수준으로 재무적 매력도는 크지 않습니다."", ""52주 최고가 대비 현재 위치가 84.9%로 높은 편이지만, 최근 1개월 수익률이 0.42%로 부진하고 거래량 변화율이 -20.07%로 감소하는 등 단기적인 상승 모멘텀이 약합니다."", ""반도체 업황에 대한 불확실성과 거시 경제 변동성이 향후 20거래일 동안 SK하이닉스의 주가 방향성을 예측하기 어렵게 만듭니다.""]",-2.7684563758389262,1.006711409395973
000660,SK하이닉스,2023-10-04,120200,35.6,1.3,3.65,82245852921000.0,Neutral,50,"[""SK하이닉스의 PER이 35.6으로 높은 편이며, ROE는 3.6%로 낮은 수준으로 재무적 매력도가 높다고 보기는 어렵습니다."", ""현재가 120,200원은 52주 최고가 128,000원에 근접해 있어 추가 상승 여력이 제한적일 수 있습니다."", ""최근 1개월 수익률이 마이너스이고 거래량 변화율도 하락세를 보이고 있어 단기적인 하방 압력이 존재할 수 있습니다.""]",3.743760399334443,4.658901830282862
000660,SK하이닉스,2023-11-01,125300,37.11,1.35,3.64,85738094509500.0,Buy,75,"[""SK하이닉스는 현재 52주 최고가에 근접한 수준으로, 강한 상승 모멘텀을 보여주고 있습니다."", ""최근 1개월 수익률이 4.61%로 양호하며, 거래량 변화율 또한 39.30%로 증가하여 투자 심리가 개선되고 있음을 시사합니다."", ""반도체 업황 회복에 대한 기대감과 AI 관련 수요 증가는 SK하이닉스의 실적 개선으로 이어질 가능성이 높습니다.""]",2.154828411811652,6.863527533918595
000660,SK하이닉스,2023-12-01,131100,40.9,1.49,3.64,94504333599000.0,Neutral,60,"[""현재가가 52주 최고가에 근접해 있어 추가 상승 여력이 제한적일 수 있습니다."", ""최근 1개월 수익률은 긍정적이나, 거래량 변화율이 감소하고 있어 매수세가 약화될 가능성이 있습니다."", ""PER이 다소 높고 ROE가 낮은 편이지만, PBR은 1.49로 자산 가치 대비 크게 고평가된 수준은 아닙니다.""]",-1.6781083142639208,4.0427154843630815
000660,SK하이닉스,2024-01-02,136800,43.92,1.6,3.64,101488816776000.0,Buy,75,"[""SK하이닉스는 52주 최고가에 근접한 수준에서 거래되고 있으며, 최근 1개월 수익률이 9.20%로 긍정적인 흐름을 보이고 있습니다."", ""거래량 변화율이 12.04%로 증가 추세를 나타내고 있어 투자 심리가 개선되고 있음을 시사합니다."", ""PER 지표는 해당없음으로 표시되어 있지만, PBR 1.60과 ROE 3.6%는 현재 주가가 자산 가치 대비 크게 고평가되지 않았음을 보여줍니다.""]",-2.4122807017543857,-1.5350877192982455
000660,SK하이닉스,2024-02-01,134900,40.93,1.49,3.64,94575603835500.0,Neutral,50,"[""현재가 52주 최고가 대비 하락한 위치에 있으나, 52주 최저가 대비 높은 수준으로 상승 여력과 하락 위험이 공존합니다."", ""최근 1개월 수익률이 마이너스이고 거래량 변화율도 감소 추세로 단기적인 매도 압력이 존재할 수 있습니다."", ""PER, PBR, ROE 등 재무지표는 현재 주가 수준을 뒷받침할 만큼 강한 매수 신호를 보내고 있지 않으며, 반도체 업황의 불확실성이 투자 방향성을 결정하기 어렵게 만듭니다.""]",11.193476649369902,20.756115641215718
000660,SK하이닉스,2024-03-04,165800,51.36,1.87,3.64,118664943772500.0,Buy,85,"[""SK하이닉스는 52주 최고가에 근접한 강한 상승세를 보이고 있으며, 최근 1개월 수익률 또한 매우 높습니다."", ""거래량 변화율이 46.11%로 증가하며 매수세가 유입되고 있음을 시사합니다."", ""반도체 업황 회복 기대감과 AI 관련 수요 증가는 SK하이닉스의 실적 개선 및 주가 상승 모멘텀으로 작용할 가능성이 높습니다.""]",-0.060313630880579006,12.364294330518698
000660,SK하이닉스,2024-04-01,186300,,2.47,,132206288707500.0,Buy,75,"[""SK하이닉스는 현재 52주 최고가를 경신하며 강한 상승 모멘텀을 보여주고 있습니다."", ""최근 1개월 수익률이 18.76%로 단기적으로 긍정적인 흐름을 이어가고 있습니다."", ""PER이 해당없음(적자)으로 표시되지만, 이는 현재 시장에서 성장성에 대한 기대감이 반영된 결과로 해석될 수 있습니다.""]",-1.8250134192163179,-6.816961889425658
000660,SK하이닉스,2024-05-02,173200,,2.31,,123725130564000.0,Neutral,50,"[""PER이 적자 기업으로 산출되지 않아 현재 기업 가치 평가에 어려움이 있습니다."", ""52주 최고가 대비 현재 위치가 높아 추가 상승 여력이 제한적일 수 있습니다."", ""최근 1개월 수익률이 마이너스이고 거래량 변화율도 낮아 단기적인 매수세가 강하지 않습니다.""]",6.1200923787528865,11.605080831408776
000660,SK하이닉스,2024-06-03,193300,,2.59,,138406799283000.0,Buy,75,"[""SK하이닉스는 현재 52주 최고가에 근접한 수준으로, 강한 상승 모멘텀을 보여주고 있습니다."", ""최근 1개월 수익률이 11.48%로 양호한 흐름을 이어가고 있으며, 이는 투자자들의 긍정적인 심리를 반영합니다."", ""비록 거래량 변화율은 감소했지만, 이는 일시적인 조정일 가능성이 있으며 전반적인 상승 추세는 유지될 것으로 판단됩니다.""]",11.226073460941542,22.090015519917227
000660,SK하이닉스,2024-07-01,232000,,3.14,,167841406957500.0,Buy,75,"[""SK하이닉스는 52주 최고가에 근접한 수준으로, 강한 상승 모멘텀을 보여주고 있습니다."", ""최근 1개월 수익률이 20.34%로 단기적으로 높은 성과를 기록하며 투자자들의 관심을 받고 있습니다."", ""거래량 변화율이 크지 않지만, 현재가 52주 최고가 대비 낮은 수준으로 추가 상승 여력이 존재한다고 판단됩니다.""]",2.8017241379310347,-18.57758620689655
000660,SK하이닉스,2024-08-01,173200,,2.57,,137765367154500.0,Neutral,50,"[""SK하이닉스는 현재 적자 상태로 PER 지표가 없어 기업 가치 평가에 어려움이 있습니다."", ""최근 1개월 수익률이 -18.09%로 하락세를 보이고 있으나, 52주 내 현재 위치가 62.7%로 중간 이상에 위치하여 추가 하락 여력과 반등 가능성이 공존합니다."", ""거래량 변화율이 49.75%로 높게 나타나 단기적인 변동성이 확대될 수 있으나, 명확한 상승 또는 하락 추세를 판단하기에는 재무 및 기술적 지표만으로는 부족합니다.""]",-0.9815242494226328,0.4618937644341801
000660,SK하이닉스,2024-09-02,168300,,2.32,,124010211510000.0,Neutral,50,"[""SK하이닉스는 현재 적자 상태로 PER 지표가 없어 기업 가치 평가에 어려움이 있습니다."", ""최근 1개월 수익률이 -9.98%로 하락세를 보이고 있으며, 거래량 변화율도 마이너스를 기록하여 투자 심리가 위축된 것으로 판단됩니다."", ""52주 최고가 대비 현재 위치가 47.4%로 절반 수준에 머물러 있어 추가 하락 가능성과 반등 가능성이 혼재되어 있어 명확한 방향성 판단이 어렵습니다.""]",-7.605466428995841,5.763517528223411
000660,SK하이닉스,2024-10-02,174100,,2.25,,120517969921500.0,Neutral,50,"[""현재 PER이 적자 상태로 산출되지 않아 기업의 수익성 평가에 어려움이 있습니다."", ""PBR 2.25는 자산 가치 대비 주가가 높은 편은 아니지만, ROE가 N/A%로 수익 창출 능력을 파악하기 어렵습니다."", ""52주 최고가 대비 현재 위치가 43.1%로 하락폭이 상당하지만, 최근 1개월 수익률과 거래량 변화율이 모두 하락세를 보이고 있어 단기적인 추가 하락 가능성도 배제할 수 없습니다.""]",7.696726019529006,11.430212521539346
000660,SK하이닉스,2024-11-01,194000,,2.43,,129854370903000.0,Neutral,50,"[""SK하이닉스는 현재 적자 상태로 PER 지표가 유효하지 않아 재무적 매력도가 낮습니다."", ""PBR 2.43배는 자산 가치 대비 높은 수준은 아니지만, 적자 기업임을 감안하면 긍정적으로 평가하기 어렵습니다."", ""52주 최고가 대비 현재 위치가 중간 지점(52.9%)에 있으며, 최근 1개월 수익률은 긍정적이나 거래량 변화율이 마이너스인 점은 투자 심리 위축 가능성을 시사합니다.""]",-0.7216494845360825,-18.144329896907216
000660,SK하이닉스,2024-12-02,164900,,2.12,,113177135562000.0,Neutral,50,"[""SK하이닉스는 현재 적자 상태로 PER 지표가 없어 기업 가치 평가에 어려움이 있습니다."", ""최근 1개월 수익률이 -12.84%로 하락세를 보이고 있으며, 거래량 변화율도 감소하여 단기적인 매수세가 약한 것으로 판단됩니다."", ""52주 최고가 대비 현재 위치가 28.8%로 낮지만, 시장 전반의 불확실성과 반도체 업황의 변동성을 고려할 때 20거래일 내 뚜렷한 상승 또는 하락을 예측하기 어렵습니다.""]",3.3353547604608855,10.309278350515463
000660,SK하이닉스,2025-01-02,181900,,2.28,,122014644888000.0,Neutral,50,"[""SK하이닉스는 현재 적자 상태로 PER이 산출되지 않아 재무적 매력도가 낮습니다."", ""52주 최고가 대비 현재 위치가 36.5%로 하락폭이 큰 편이지만, 최근 1개월 수익률이 7.07%로 반등 조짐을 보이고 있습니다."", ""거래량 변화율이 음수(-)로 나타나 투자 심리가 위축될 가능성이 있으나, 반도체 업황 회복 기대감 등 거시 경제 요인이 복합적으로 작용할 수 있어 단기적인 방향성 판단이 어렵습니다.""]",11.874656404617923,11.874656404617923
000660,SK하이닉스,2025-02-03,191100,,2.54,,136054881478500.0,Buy,70,"[""최근 1개월 수익률이 12.23%로 강한 상승세를 보이고 있으며, 거래량 변화율도 38.34%로 증가하여 매수세가 유입되고 있음을 시사합니다."", ""현재가는 52주 최고가 대비 약 20.7% 하락한 수준으로, 추가적인 상승 여력이 존재할 가능성이 있습니다."", ""PBR 2.54는 현재 시장에서 SK하이닉스의 자산 가치 대비 프리미엄을 어느 정도 인정받고 있음을 나타내며, 향후 실적 개선 기대감이 반영될 수 있습니다.""]",4.500261643118786,1.0465724751439036
000660,SK하이닉스,2025-03-04,193100,,2.48,,132633910126500.0,Neutral,40,"[""SK하이닉스는 현재 적자 상태로 PER이 산출되지 않아 재무적 턴어라운드에 대한 명확한 신호가 부족합니다."", ""최근 1개월 수익률이 마이너스이고 거래량 변화율도 감소하여 단기적인 투자 심리가 위축된 것으로 보입니다."", ""52주 최고가 대비 현재 위치가 41.7%로 하락폭이 상당하지만, 반등의 명확한 기술적 지표나 재무적 개선 신호가 부족하여 보수적인 접근이 필요합니다.""]",3.003625064733299,2.4857586742620406
000660,SK하이닉스,2025-04-01,197900,6.86,1.9,27.7,140402365905000.0,Neutral,60,"[""SK하이닉스의 PER이 6.9로 낮고 ROE가 27.7%로 높아 재무적으로는 긍정적인 요인이 있습니다."", ""현재 주가는 52주 최고가 대비 약 17.4% 하락한 수준으로, 52주 내 중간 지점에 위치하고 있어 기술적으로는 방향성 판단이 어려운 구간입니다."", ""최근 1개월 수익률은 소폭 상승했으나 거래량 변화율이 하락하여 매수세가 약화된 것으로 보이며, 향후 20거래일 내 뚜렷한 상승 또는 하락을 예측하기 어렵습니다.""]",-16.624557857503792,-10.308236483072259
000660,SK하이닉스,2025-05-02,190800,6.47,1.79,27.67,132562639890000.0,Neutral,55,"[""SK하이닉스는 현재 52주 최고가 대비 상당한 하락폭을 보이고 있으며, 최근 1개월 수익률도 마이너스를 기록하며 단기적인 약세를 나타내고 있습니다."", ""하지만 ROE가 27.7%로 매우 높고 PBR이 1.79로 자산 가치 대비 과대평가되지 않은 수준이며, PER이 6.5로 낮다는 점은 긍정적인 재무 상태를 시사합니다."", ""거래량 변화율이 27.74%로 증가했다는 점은 투자자들의 관심이 높아지고 있음을 나타내지만, 이것이 즉각적인 상승으로 이어질지는 불확실하며 시장 전반의 흐름과 반도체 업황에 대한 추가적인 분석이 필요합니다.""]",7.966457023060797,17.662473794549268
000660,SK하이닉스,2025-06-02,217500,7.22,2.0,27.7,147885740737500.0,Buy,75,"[""SK하이닉스의 높은 ROE(27.7%)는 견조한 수익성을 시사하며, 이는 주가 상승의 긍정적인 요인입니다."", ""현재가(217,500원)는 52주 최고가(241,000원) 대비 약 9.3% 하락한 수준으로, 추가 상승 여력이 존재할 수 있습니다."", ""최근 1개월 수익률(14.77%)이 양호한 흐름을 보이고 있으며, 이는 단기적인 매수세 유입 가능성을 나타냅니다.""]",8.275862068965518,28.045977011494255
000660,SK하이닉스,2025-07-01,279000,9.94,2.75,27.67,203476525207500.0,Buy,85,"[""SK하이닉스는 현재 52주 최고가에 근접한 수준으로, 강한 상승 모멘텀을 보여주고 있습니다."", ""최근 1개월 수익률이 34.67%로 매우 높으며, 거래량 변화율 또한 50.28%로 증가하여 투자 심리가 긍정적임을 시사합니다."", ""ROE 27.7%는 견조한 수익성을 나타내며, PER 9.9배는 업종 평균 대비 저평가 가능성을 내포하고 있어 추가 상승 여력이 있습니다.""]",0.7168458781362007,-5.555555555555555
000660,SK하이닉스,2025-08-01,258000,8.98,2.49,27.73,183877210170000.0,Neutral,50,"[""PER 지표가 '해당없음 시 적자기업'으로 표기되어 있어, 현재 이익 창출 능력에 대한 명확한 판단이 어렵습니다."", ""최근 1개월 수익률이 -7.36%로 하락세를 보이고 있으며, 거래량 변화율 또한 -16.35%로 감소하여 단기적인 매도 압력이 존재할 수 있습니다."", ""PBR 2.49와 ROE 27.7%는 기업의 자산 가치 대비 수익성이 양호함을 시사하지만, 52주 최고가 대비 현재 위치가 71.5%로 상승 여력과 하락 위험이 공존하는 구간입니다.""]",3.488372093023256,0.9689922480620154
000660,SK하이닉스,2025-09-01,260500,8.91,2.47,27.72,182451805440000.0,Neutral,50,"[""SK하이닉스의 재무 지표는 견조한 ROE(27.7%)를 보여주지만, PER이 8.9로 절대적으로 저평가되었다고 보기에는 어렵습니다."", ""기술적으로 52주 최고가 대비 현재 위치(70.1%)는 여전히 상승 여력이 남아있음을 시사하지만, 최근 1개월 수익률(-6.40%)과 거래량 변화율(-23.39%)은 단기적인 하락 압력을 나타냅니다."", ""반도체 업황의 불확실성과 거시 경제 변동성을 고려할 때, 향후 20거래일 내 뚜렷한 시장 대비 상승 또는 하락을 단정하기에는 근거가 부족합니다.""]",10.556621880998081,33.397312859884835
000660,SK하이닉스,2025-10-01,395500,12.53,3.47,27.69,256572851400000.0,Buy,85,"[""SK하이닉스의 현재가(395,500원)는 52주 최고가(361,000원)를 이미 돌파했으며, 52주 내 현재 위치가 99.5%로 매우 높은 수준입니다. 이는 강력한 상승 추세를 시사합니다."", ""최근 1개월 수익률이 38.20%로 매우 높고, 거래량 변화율 또한 38.07%로 긍정적인 흐름을 보이고 있어 단기적인 상승 모멘텀이 지속될 가능성이 높습니다."", ""ROE 27.7%는 높은 수준으로 기업의 수익성이 양호함을 나타내며, PER 12.5, PBR 3.47은 현재 주가 수준이 기업 가치 대비 과도하게 고평가되었다고 보기 어렵습니다.""]",14.412136536030342,49.93678887484197
000660,SK하이닉스,2025-11-03,586000,21.58,5.98,27.71,441875466300000.0,Buy,75,"[""SK하이닉스는 현재 52주 최고가에 근접해 있으며, 최근 1개월간 84.25%라는 높은 수익률을 기록하며 강한 상승세를 보이고 있습니다."", ""ROE 27.7%는 높은 수익성을 나타내며, 이는 주가 상승의 긍정적인 요인으로 작용할 수 있습니다."", ""거래량 변화율 17.25%는 시장의 관심이 지속되고 있음을 시사하며, 이는 단기적인 상승 모멘텀 유지에 기여할 수 있습니다.""]",5.631399317406143,-4.778156996587031
000660,SK하이닉스,2025-12-01,558000,18.72,5.19,27.72,383433872370000.0,Neutral,55,"[""SK하이닉스의 재무지표는 견조한 ROE를 보여주지만, PER이 다소 높은 수준으로 밸류에이션 부담이 존재합니다."", ""52주 최고가 대비 현재 위치가 높아 추가 상승 여력이 제한적일 수 있다는 점이 기술적으로 관찰됩니다."", ""최근 1개월 수익률이 마이너스이고 거래량 변화율이 크지 않아 단기적인 방향성을 명확히 판단하기 어렵습니다.""]",1.4336917562724014,21.32616487455197
207940,삼성바이오로직스,2023-01-02,1181810,204.59,11.29,5.52,56342197772532.0,Neutral,50,"[""삼성바이오로직스의 PER이 204.6으로 매우 높아 밸류에이션 부담이 존재합니다."", ""PBR 11.29와 ROE 5.5%는 현재 주가가 기업 가치 대비 다소 고평가되었음을 시사합니다."", ""최근 1개월 수익률이 -6.45%로 하락세를 보이고 있으며, 거래량 변화율도 마이너스인 점은 단기적인 매도 압력을 나타낼 수 있습니다."", ""하지만 52주 최고가 대비 현재 위치가 59.8%로, 여전히 52주 내에서 높은 수준에 위치해 있어 추세적인 하락보다는 조정 국면일 가능성도 있습니다."", ""바이오 섹터 전반의 투자 심리나 개별적인 모멘텀 부재 시 20거래일 내 뚜렷한 시장 대비 상승 또는 하락을 예측하기 어렵습니다.""]",-0.49813421785227746,1.1208231441602288
207940,삼성바이오로직스,2023-02-01,1195056,198.9,10.97,5.52,54775249081182.0,Neutral,55,"[""삼성바이오로직스의 PER이 198.9로 매우 높아 밸류에이션 부담이 존재합니다."", ""PBR 10.97, ROE 5.5%는 현재 주가가 기업의 순자산 가치 대비 높게 평가되고 있음을 시사합니다."", ""최근 1개월 수익률이 마이너스(-)를 기록하며 단기적인 약세를 보이고 있으나, 거래량 변화율이 49.75%로 높아 투자자들의 관심이 증가하고 있어 향후 방향성을 예측하기 어렵습니다.""]",0.24634828828105126,-2.955677390850303
207940,삼성바이오로직스,2023-03-02,1159734,190.99,10.54,5.52,52595130452886.0,Neutral,50,"[""삼성바이오로직스는 현재 52주 최고가 대비 약 13.2% 하락한 위치에 있으며, 최근 1개월 수익률 또한 마이너스를 기록하고 있어 단기적인 하락 압력이 존재합니다."", ""하지만 PBR 10.54, ROE 5.5% 등의 재무 지표는 여전히 높은 밸류에이션을 시사하며, 시가총액 52.6조원의 대형주로서 급격한 하락보다는 횡보 가능성이 있습니다."", ""거래량 변화율이 -29.77%로 감소한 것은 투자 심리 위축을 나타낼 수 있으나, 향후 20거래일 내 시장 대비 뚜렷한 상승 또는 하락을 예측하기에는 재무 및 기술적 지표만으로는 불확실성이 존재합니다.""]",-1.5228492050763365,0.0
207940,삼성바이오로직스,2023-04-03,1159734,100.07,5.9,5.9,53003925841167.0,Neutral,50,"[""삼성바이오로직스는 현재 52주 최고가 대비 하락한 위치에 있으며, 최근 1개월 수익률이 소폭 하락했으나 거래량 변화율이 긍정적인 신호를 보이고 있습니다."", ""PER이 100.1로 높은 편이지만, PBR 5.90과 ROE 5.9%는 현재 시장 상황에서 밸류에이션 부담과 성장성을 동시에 고려해야 함을 시사합니다."", ""단기적인 시장 대비 상승 또는 하락을 명확히 판단하기에는 재무 및 기술 지표에서 상반된 신호가 혼재되어 있어 방향성 판단이 어렵습니다.""]",3.045698410152673,-1.6497748621666692
207940,삼성바이오로직스,2023-05-02,1140601,98.66,5.82,5.9,52254521635428.0,Neutral,50,"[""PER이 높아 단기적인 밸류에이션 부담이 존재합니다."", ""PBR과 ROE는 시장 평균 대비 프리미엄을 반영하고 있으나, 성장성을 고려할 때 합리적인 수준일 수 있습니다."", ""52주 최고가 대비 하락폭이 크지 않고 최근 1개월 수익률이 소폭 하락했으나, 거래량 증가율은 긍정적인 신호일 수 있어 방향성 판단이 어렵습니다.""]",1.032262815831303,1.290372356327936
207940,삼성바이오로직스,2023-06-01,1155319,101.36,5.98,5.9,53685189767034.0,Neutral,50,"[""현재가 52주 최저가 대비 약 4.1% 높은 수준으로, 추가 상승 여력과 하락 위험이 공존합니다."", ""최근 1개월 수익률이 소폭 상승했으나, 거래량 변화율이 크게 감소하여 매수세가 약화된 것으로 보입니다."", ""PER이 높은 수준이지만, 바이오 섹터의 성장성을 고려할 때 재무 지표만으로 명확한 방향성을 판단하기 어렵습니다.""]",1.2738473097040732,-5.350297190646047
207940,삼성바이오로직스,2023-07-03,1097921,95.57,5.63,5.89,50619432664206.0,Neutral,50,"[""현재가 52주 최저가에 근접하며 기술적 반등 가능성이 있으나, 최근 1개월 수익률 하락세와 거래량 증가가 뚜렷한 상승 추세를 확정하기에는 부족합니다."", ""PER이 높아 밸류에이션 부담이 존재하며, ROE가 낮은 수준으로 재무적 매력도가 높지 않습니다."", ""시가총액이 크고 대형주 특성상 단기적인 급등락보다는 시장 전반의 흐름에 영향을 받을 가능성이 높아 명확한 방향성 판단이 어렵습니다.""]",-3.0830997858680176,7.5067331802561394
207940,삼성바이오로직스,2023-08-01,1161206,103.16,6.08,5.89,54639014812389.0,Buy,70,"[""최근 1개월 수익률이 7.94%로 양호하며, 거래량 변화율이 45.50%로 증가하는 추세는 긍정적인 신호입니다."", ""현재가는 52주 최저가 대비 높은 수준이지만, 52주 최고가 대비로는 아직 상승 여력이 남아있습니다."", ""바이오 산업의 성장성과 삼성바이오로직스의 시장 지배력을 고려할 때, 단기적인 시장 대비 상승 가능성이 있습니다.""]",1.1407106060423386,-6.590647998718574
207940,삼성바이오로직스,2023-09-01,1083203,94.28,5.56,5.9,49938122447388.0,Neutral,50,"[""현재가(1,083,203원)가 52주 최저가(1,041,995원)에 근접하며 기술적 반등 가능성을 시사하지만, 52주 최고가와의 격차가 여전히 존재합니다."", ""최근 1개월 수익률(-7.10%)과 거래량 변화율(-56.30%)이 하락세를 나타내고 있어 단기적인 투자 심리가 위축된 것으로 보입니다."", ""PER(94.3)이 높은 수준이며 ROE(5.9%)가 상대적으로 낮아 재무적 매력도는 크지 않으나, PBR(5.56)은 업종 평균 대비 판단이 필요하며 시가총액(49.9조원)이 큰 대형주임을 감안할 때 급격한 변동보다는 안정적인 흐름을 예상할 수 있습니다.""]",-0.27169422536680565,-0.6792817228164988
207940,삼성바이오로직스,2023-10-04,1064071,88.88,5.24,5.9,47076739893225.0,Neutral,50,"[""현재가 52주 최저가에 근접하여 하방 경직성이 기대되지만, 최근 1개월 수익률이 마이너스인 점은 부담 요인입니다."", ""거래량 변화율이 긍정적인 신호를 보내고 있으나, PER이 높아 밸류에이션 부담이 존재합니다."", ""재무 지표상 ROE가 낮은 편이며, PBR이 다소 높은 수준으로 투자 매력도가 높다고 단정하기 어렵습니다.""]",-0.27667326710341694,-2.4896834891656665
207940,삼성바이오로직스,2023-11-01,1047882,90.42,5.33,5.89,47894284378836.0,Buy,75,"[""최근 1개월 수익률이 3.38%로 긍정적인 흐름을 보이고 있으며, 거래량 변화율이 40.04%로 증가하며 매수세 유입 가능성을 시사합니다."", ""현재가가 52주 최저가 대비 10.1% 높은 수준으로, 하방 경직성을 확보하며 상승 여력을 기대해 볼 수 있습니다."", ""삼성바이오로직스는 바이오 의약품 위탁생산(CMO) 분야의 선두주자로서 견고한 성장성을 바탕으로 장기적인 우상향 추세를 이어갈 가능성이 높습니다.""]",1.5449258599727833,1.8257780933349363
207940,삼성바이오로직스,2023-12-01,1047882,91.45,5.39,5.89,48439314035910.0,Neutral,50,"[""삼성바이오로직스의 PER은 91.5로 높은 편이며, ROE는 5.9%로 시장 평균 대비 낮은 수준으로 재무적으로는 매력도가 높지 않습니다."", ""현재가는 52주 최고가 대비 약 13.9% 하락한 수준으로, 52주 최저가와는 큰 차이가 없어 기술적으로는 횡보 가능성이 있습니다."", ""최근 1개월 수익률이 -0.14%로 거의 변동이 없었고, 거래량 변화율도 -22.48%로 감소하여 단기적인 방향성을 예측하기 어렵습니다.""]",-1.2640736266106298,8.146050795795711
207940,삼성바이오로직스,2024-01-02,1158262,101.49,5.98,5.89,53753330046906.0,Buy,75,"[""최근 1개월 수익률이 8.23%로 긍정적인 흐름을 보이고 있으며, 52주 최고가 대비 현재 위치가 72.7%로 상승 여력이 남아있습니다."", ""거래량 변화율이 49.84%로 증가하여 투자자들의 관심이 높아지고 있음을 시사합니다."", ""삼성바이오로직스는 바이오의약품 위탁생산(CMO) 시장의 선두주자로서 장기적인 성장 잠재력이 높으며, 현재 주가는 52주 최고가 대비 하락했지만 여전히 높은 밸류에이션을 유지하고 있어 시장의 기대를 반영하고 있습니다.""]",-5.209615786411019,6.734486670546043
207940,삼성바이오로직스,2024-02-01,1264228,106.63,6.29,5.9,56478478332276.0,Buy,75,"[""삼성바이오로직스는 52주 최고가에 근접한 강한 상승 추세를 보이고 있으며, 최근 1개월 수익률도 긍정적입니다."", ""거래량 변화율이 16.92%로 증가 추세를 나타내고 있어 추가적인 상승 동력이 기대됩니다."", ""PBR 6.29는 다소 높은 편이나, 바이오 섹터의 성장성과 삼성바이오로직스의 시장 지배력을 고려할 때 프리미엄이 반영된 것으로 해석될 수 있습니다.""]",-2.4447330703006105,-8.614664443439
207940,삼성바이오로직스,2024-03-04,1147960,99.56,5.87,5.9,52731411012630.0,Neutral,50,"[""PER이 99.6으로 높아 밸류에이션 부담이 존재하며, ROE 5.9%는 기대 수익률 대비 낮은 수준입니다."", ""52주 최고가 대비 현재 위치가 52.5%로 중간 지점에 위치하며, 최근 1개월 수익률이 -5.95%로 하락세를 보이고 있습니다."", ""거래량 변화율 또한 -5.46%로 감소 추세를 나타내어 단기적인 매수세 유입이 약한 것으로 판단됩니다.""]",7.692341196557371,4.615404717934423
207940,삼성바이오로직스,2024-04-01,1200943,99.66,5.66,5.68,55592793566793.0,Neutral,50,"[""PER이 99.7로 매우 높아 밸류에이션 부담이 존재합니다."", ""PBR 5.66, ROE 5.7%는 현재 주가 수준에서 기업의 내재가치 대비 고평가 가능성을 시사합니다."", ""52주 최고가 대비 현재 위치가 76.0%로 상승 여력이 제한적일 수 있으며, 최근 1개월 수익률은 긍정적이나 거래량 변화율이 마이너스로 전환 모멘텀이 약화될 수 있습니다.""]",-1.3480240111312527,-5.024551539914883
207940,삼성바이오로직스,2024-05-02,1134714,94.65,5.37,5.67,52799505001551.0,Neutral,50,"[""PER이 94.7로 높아 단기적인 밸류에이션 부담이 존재합니다."", ""PBR 5.37, ROE 5.7%는 현재 주가 수준을 뒷받침하기에 다소 낮은 수준입니다."", ""최근 1개월 수익률 -5.02%와 거래량 변화율 -28.83%는 단기적인 매도 압력을 시사합니다."", ""52주 최고가 대비 현재 위치가 53.1%로 중간 지점에 있어 명확한 추세 판단이 어렵습니다."", ""바이오 섹터 전반의 투자 심리 및 개별 기업의 신규 계약 등 추가적인 모멘텀 부재 시 방향성 판단이 어렵습니다.""]",1.297066926115303,-2.3345970879005637
207940,삼성바이오로직스,2024-06-03,1108223,91.84,5.21,5.67,51232556310201.0,Neutral,55,"[""삼성바이오로직스의 PBR 5.21배는 업종 평균 대비 높은 수준으로 밸류에이션 부담이 존재합니다."", ""최근 1개월 수익률이 -3.71%로 하락세를 보이고 있으나, 52주 최저가 대비 현재 위치가 40.2%로 상승 여력도 남아있습니다."", ""거래량 변화율이 16.66%로 증가한 것은 긍정적인 신호일 수 있으나, 재무 지표와 기술 지표가 명확한 방향성을 제시하지 않아 보수적인 접근이 필요합니다.""]",-1.4608070758322107,7.569776119066289
207940,삼성바이오로직스,2024-07-01,1192113,92.69,5.26,5.67,51709491978354.0,Neutral,55,"[""삼성바이오로직스의 PER이 92.7로 높아 현재 밸류에이션 부담이 존재합니다."", ""PBR 5.26과 ROE 5.7%는 시장 평균 대비 높은 편은 아니지만, 바이오 섹터의 특성을 고려할 때 절대적으로 낮다고 보기는 어렵습니다."", ""52주 최고가 대비 현재 위치가 44.1%로, 상승 여력과 하락 위험이 공존하는 구간에 있습니다."", ""최근 1개월 수익률이 3.69%로 소폭 상승세를 보이고 있으나, 거래량 변화율이 1.45%로 크지 않아 추세 전환의 강한 신호로 보기는 어렵습니다.""]",-1.7284435284238995,15.678966675139016
207940,삼성바이오로직스,2024-08-01,1340759,112.97,6.41,5.67,63018787926213.0,Buy,75,"[""현재가 52주 최고가에 근접하며 강한 상승 추세를 유지하고 있습니다."", ""최근 1개월 수익률이 14.20%로 단기적으로 높은 성과를 보이고 있으며, 거래량 변화율도 48.99%로 증가하여 매수세가 유입되고 있음을 시사합니다."", ""삼성바이오로직스는 바이오의약품 위탁생산(CMO) 분야의 선도 기업으로, 글로벌 수요 증가 및 파이프라인 확장에 대한 기대감이 지속되고 있어 중장기적인 성장 잠재력이 높습니다.""]",5.378669842977001,5.92753805866677
207940,삼성바이오로직스,2024-09-02,1414346,117.85,6.69,5.68,65743936211583.0,Buy,75,"[""삼성바이오로직스는 52주 최고가에 근접한 높은 수준에서 거래되고 있으며, 최근 1개월 수익률도 긍정적인 흐름을 보이고 있습니다."", ""거래량 변화율이 긍정적으로 나타나고 있어 투자 심리가 개선되고 있음을 시사합니다."", ""PER이 높고 ROE가 상대적으로 낮은 점은 고평가 우려를 제기할 수 있으나, 바이오 섹터의 성장성과 삼성바이오로직스의 시장 지배력을 고려할 때 단기적인 상승 모멘텀은 유지될 가능성이 있습니다.""]",3.6420366727802107,4.474506238218937
207940,삼성바이오로직스,2024-10-02,1470272,119.32,6.77,5.67,66561480697194.0,Neutral,50,"[""삼성바이오로직스는 52주 최고가 대비 현재 위치가 73%로 여전히 높은 편이지만, 최근 1개월 수익률이 마이너스를 기록하며 단기적인 상승 모멘텀이 약화된 모습을 보입니다."", ""거래량 변화율 또한 마이너스를 기록하며 투자자들의 관심이 다소 줄어들었음을 시사합니다."", ""PER이 119.3으로 높은 편이고 ROE가 5.7%로 낮은 편이라 재무적인 매력도는 다소 떨어지지만, PBR 6.77은 여전히 높은 밸류에이션을 반영하고 있어 추가적인 상승 여력에 대한 의문이 있습니다.""]",3.703736451486528,1.8018434684194489
207940,삼성바이오로직스,2024-11-01,1496764,121.88,6.92,5.68,67992148828800.0,Neutral,50,"[""PER이 121.9로 높은 수준이며, ROE 5.7% 대비 PBR 6.92가 높아 밸류에이션 부담이 존재합니다."", ""52주 최고가 대비 현재 위치가 76.3%로 상승 여력이 남아있으나, 최근 1개월 수익률이 2.15%로 소폭 상승에 그쳤고 거래량 변화율이 -23.04%로 감소한 점은 매수세 약화를 시사합니다."", ""재무 및 기술 지표 상 뚜렷한 매수 또는 매도 신호가 나타나지 않아 향후 20거래일 내 방향성을 단정하기 어렵습니다.""]",-0.9833213519298967,-4.523157959437827
207940,삼성바이오로직스,2024-12-02,1423176,118.58,6.73,5.68,66152685308913.0,Neutral,50,"[""삼성바이오로직스는 현재 52주 최고가 대비 약 11.4% 하락한 위치에 있으며, 최근 1개월 수익률이 소폭 하락하는 등 단기적인 상승 모멘텀이 약화된 모습을 보입니다."", ""하지만 PER이 높은 편이고 PBR과 ROE는 시장 평균 대비 높은 수준은 아니지만, 바이오 섹터의 성장성과 삼성바이오로직스의 견조한 사업 기반을 고려할 때 급격한 하락보다는 횡보 가능성이 있습니다."", ""거래량 변화율이 15.51%로 증가한 점은 투자자들의 관심이 다시 높아지고 있음을 시사하지만, 이것만으로는 명확한 상승 또는 하락 추세를 판단하기 어렵습니다.""]",-0.8273045638768501,-2.792135336739799
207940,삼성바이오로직스,2025-01-02,1383439,114.07,6.47,5.67,63631957863159.0,Neutral,55,"[""삼성바이오로직스는 현재 52주 최고가 대비 약 14% 하락한 위치에 있으며, 최근 1개월 수익률 또한 마이너스를 기록하며 단기적인 하락 압력을 받고 있습니다."", ""하지만 PBR 6.47배와 ROE 5.7%는 여전히 높은 밸류에이션을 시사하며, 시가총액 63.6조원의 대형 바이오 기업으로서 견조한 펀더멘털을 보유하고 있습니다."", ""거래량 변화율이 감소하고 있어 투자 심리가 위축된 것으로 보이나, 52주 내 현재 위치가 59.4%로 중간 지점 이상에 위치하여 추세 전환 가능성도 배제할 수 없어 단기적인 방향성 판단이 어렵습니다.""]",6.3830064064985885,15.851078363411759
207940,삼성바이오로직스,2025-02-03,1577710,133.73,7.59,5.68,74600644993560.0,Buy,85,"[""삼성바이오로직스는 52주 최고가에 근접하며 강한 상승 추세를 보이고 있습니다."", ""최근 1개월 수익률이 16.86%로 단기적으로도 긍정적인 흐름을 이어가고 있습니다."", ""거래량 변화율이 9.52%로 증가하며 매수세가 유입되고 있음을 시사합니다.""]",9.514929866705542,6.623080287251776
207940,삼성바이오로직스,2025-03-04,1682203,136.78,7.76,5.67,76303827953703.0,Buy,75,"[""삼성바이오로직스는 52주 최고가에 근접한 85.8% 수준에 위치하며 강한 상승 추세를 유지하고 있습니다."", ""최근 1개월 수익률이 3.61%로 긍정적인 흐름을 보이고 있으며, 거래량 변화율도 소폭 상승하여 투자 심리가 개선되고 있음을 시사합니다."", ""PER이 높지만, 바이오 산업의 성장성과 삼성바이오로직스의 시장 지배력을 고려할 때 향후 20거래일 내 시장 대비 추가 상승 가능성이 높다고 판단됩니다.""]",-5.599264773633147,-8.136473422054294
207940,삼성바이오로직스,2025-04-01,1545331,102.3,6.61,6.46,72079871256855.0,Neutral,50,"[""삼성바이오로직스의 PER은 102.3으로 높은 편이며, ROE는 6.5%로 시장 평균 대비 낮은 수준입니다."", ""현재 주가는 52주 최고가 대비 약 12.6% 하락한 상태이며, 최근 1개월 수익률도 마이너스를 기록하고 있습니다."", ""거래량 변화율이 크게 감소한 점은 투자 심리 위축을 시사하며, 향후 20거래일 내 뚜렷한 상승 또는 하락 추세를 예측하기 어렵습니다.""]",-5.523800402632187,0.1905093471884017
207940,삼성바이오로직스,2025-05-02,1532085,104.91,6.78,6.46,73919334776742.0,Buy,75,"[""삼성바이오로직스는 52주 최고가 대비 현재 위치가 78.2%로 상승 여력이 남아있습니다."", ""최근 1개월 수익률이 3.33%로 긍정적인 흐름을 보이고 있으며, 거래량 변화율도 43.01%로 증가하여 투자 심리가 개선되고 있습니다."", ""바이오 섹터 전반의 성장 기대감과 삼성바이오로직스의 견조한 사업 펀더멘털을 고려할 때 단기 상승 가능성이 높다고 판단됩니다.""]",-3.4581632220144445,-2.1133292212899413
207940,삼성바이오로직스,2025-06-02,1521783,99.69,6.44,6.46,70240407736968.0,Neutral,50,"[""삼성바이오로직스는 현재 52주 최고가 대비 약 12.7% 하락한 위치에 있으며, 최근 1개월 수익률이 소폭 하락세를 보이고 있어 단기적인 상승 모멘텀이 강하지 않습니다."", ""PER이 99.7배로 매우 높아 밸류에이션 부담이 존재하며, 이는 향후 주가 상승에 제약 요인이 될 수 있습니다."", ""PBR 6.44배와 ROE 6.5%는 현재 기업 가치 대비 수익성이 아주 높다고 보기는 어렵지만, 바이오 산업의 성장성을 고려할 때 추가적인 하락보다는 횡보 가능성도 존재합니다.""]",-0.48351177533196255,0.9671549754465649
207940,삼성바이오로직스,2025-07-01,1484990,96.98,6.27,6.47,68332803937209.0,Neutral,50,"[""PER이 97.0으로 매우 높아 현재 기업 가치가 고평가되었을 가능성이 있습니다."", ""PBR 6.27과 ROE 6.5%는 기업의 자산 대비 수익성이 보통 수준임을 시사합니다."", ""52주 최고가 대비 현재 위치가 60.3%로, 상승 여력과 하락 위험이 공존하는 구간입니다."", ""최근 1개월 수익률이 마이너스이고 거래량 변화율도 감소하여 단기적인 투자 심리가 위축된 것으로 보입니다."", ""기술적 지표상 뚜렷한 상승 또는 하락 추세를 나타내지 않아 방향성 판단이 어렵습니다.""]",0.8919251981494825,8.820598118505849
207940,삼성바이오로직스,2025-08-01,1542388,99.98,6.46,6.46,70444782285633.0,Neutral,50,"[""PER이 100으로 높아 밸류에이션 부담이 존재하나, PBR 6.46과 ROE 6.5%는 현재 기업 가치 대비 수익성을 고려할 때 중간 수준의 평가를 나타냅니다."", ""52주 최고가 대비 현재 위치가 56.9%로, 주가 상승 여력과 하락 위험이 공존하는 구간에 있습니다."", ""최근 1개월 수익률이 소폭 하락했으나, 거래량 변화율이 30.91%로 증가한 점은 향후 변동성 확대 가능성을 시사하며, 이는 긍정적 또는 부정적 방향으로 작용할 수 있습니다.""]",-1.5267234962927616,-4.866414935800849
207940,삼성바이오로직스,2025-09-01,1467329,96.3,6.22,6.46,67855914560007.0,Neutral,50,"[""삼성바이오로직스는 현재 52주 최고가 대비 하락한 위치에 있으며, 최근 1개월 수익률과 거래량 변화율이 부정적인 신호를 보이고 있습니다."", ""하지만 PER이 높고 PBR이 6.22로 다소 높은 수준이지만, ROE 6.5%는 안정적인 수익성을 보여주고 있어 급격한 하락보다는 횡보 가능성이 있습니다."", ""재무 지표상으로는 견조한 편이나, 기술적 지표에서 단기적인 하락 압력이 감지되어 향후 20거래일 내 뚜렷한 상승 또는 하락 방향성을 판단하기 어렵습니다.""]",4.413188862211542,0.0
207940,삼성바이오로직스,2025-10-01,1484990,97.18,6.28,6.46,68469084496953.0,Neutral,50,"[""삼성바이오로직스의 PER이 97.2로 높아 밸류에이션 부담이 존재합니다."", ""PBR 6.28, ROE 6.5%는 현재 주가 수준을 정당화하기에 다소 낮은 수준으로 판단됩니다."", ""최근 1개월 수익률이 0.80%로 미미하며, 거래량 변화율이 48.09%로 높지만 이는 단기적인 변동성 확대 가능성을 시사할 뿐 명확한 추세 전환 신호로 보기는 어렵습니다."", ""52주 최고가 대비 현재 위치가 33.1%로, 여전히 상승 여력은 존재하나 52주 최저가 대비로는 상당 부분 회복한 상태로, 향후 20거래일 내 뚜렷한 시장 대비 상승 또는 하락을 예측하기에는 재무 및 기술적 지표만으로는 불확실성이 높습니다.""]",12.289375686031557,21.01091589842356
207940,삼성바이오로직스,2025-11-03,1797000,118.06,7.63,6.46,83184838947000.0,Buy,85,"[""삼성바이오로직스는 52주 최고가에 근접한 강한 상승세를 보이고 있으며, 최근 1개월 수익률이 22.10%로 매우 높습니다."", ""거래량 변화율이 48.84%로 증가하며 투자자들의 관심이 집중되고 있음을 시사합니다."", ""PBR 7.63배는 다소 높은 편이나, 바이오 섹터의 성장성을 고려할 때 프리미엄이 반영된 것으로 해석될 수 있으며, ROE 6.5%는 꾸준한 수익성을 보여줍니다.""]",0.0,-7.957707289927657
207940,삼성바이오로직스,2025-12-01,1654000,108.34,7.0,6.46,76333778199000.0,Neutral,50,"[""삼성바이오로직스는 현재 52주 최고가 대비 하락한 위치에 있으며, 최근 1개월 수익률과 거래량 변화율이 하락세를 나타내고 있어 단기적인 하락 압력이 존재합니다."", ""하지만 PBR 7배와 ROE 6.5%는 현재 주가 수준이 고평가되었다고 단정하기 어렵게 만들며, 시가총액 76.3조원은 여전히 시장에서 큰 비중을 차지하는 우량주임을 시사합니다."", ""재무 지표는 안정적인 편이나, 기술적 지표에서 단기 하락 신호가 감지되고 있어 명확한 상승 또는 하락 추세를 판단하기에는 근거가 부족합니다.""]",0.36275695284159615,1.7533252720677146
068270,셀트리온,2023-01-02,146272,34.68,8.4,24.22,34008455633112.0,Neutral,50,"[""PER 지표가 적자 기업이 아님에도 불구하고 34.7로 다소 높은 편이며, PBR 8.40 또한 높은 수준으로 밸류에이션 부담이 존재합니다."", ""52주 최고가 대비 현재 위치가 35.1%로, 52주 내에서 중간보다 약간 낮은 위치에 있어 상승 여력과 하락 위험이 공존합니다."", ""최근 1개월 수익률이 -6.95%로 하락세를 보이고 있으며, 거래량 변화율 또한 -1.26%로 감소 추세를 나타내어 단기적인 매수세가 약한 것으로 판단됩니다.""]",3.7737912929337125,6.541238241085101
068270,셀트리온,2023-02-01,155840,36.81,8.91,24.21,36091586754288.0,Neutral,50,"[""PER 지표가 적정 수준을 초과하여 고평가 논란이 있을 수 있습니다."", ""PBR과 ROE 지표는 양호한 수준을 나타내고 있어 기업의 내재가치는 긍정적으로 평가됩니다."", ""52주 내 현재 위치가 중간 정도이며, 최근 1개월 수익률은 긍정적이나 거래량 변화율은 부정적이어서 단기적인 방향성 판단이 어렵습니다.""]",-2.2433264887063658,-11.098562628336756
068270,셀트리온,2023-03-02,138544,31.15,7.54,24.21,30543886959417.0,Neutral,50,"[""PER이 31.1로 높은 편이지만, ROE가 24.2%로 양호하여 성장성을 고려할 수 있습니다."", ""52주 최고가 대비 현재 위치가 11.4% 하락한 상태이며, 최근 1개월 수익률이 -11.08%로 하락세를 보이고 있습니다."", ""거래량 변화율이 57.92%로 높게 나타나 단기적인 변동성이 확대될 가능성이 있으나, 명확한 상승 또는 하락 추세를 판단하기에는 재무 및 기술 지표가 혼재되어 있습니다.""]",2.7226007622127266,-0.5312391731146784
068270,셀트리온,2023-04-03,146272,35.44,7.46,21.05,31882811631912.0,Neutral,50,"[""PER 지표가 '해당없음 시 적자기업'으로 표기되어 있어 재무 건전성 판단에 제한이 있습니다."", ""PBR 7.46, ROE 21.1%는 현재 주가가 기업 가치 대비 다소 높게 평가될 수 있음을 시사하지만, 성장성을 고려하면 해석이 달라질 수 있습니다."", ""52주 최고가 대비 현재 위치가 20.6% 하락한 상태이며, 최근 1개월 수익률이 소폭 하락한 점은 단기적인 매도 압력을 시사할 수 있습니다.""]",7.421105884926712,0.0
068270,셀트리온,2023-05-02,146272,37.89,7.98,21.06,34093481393160.0,Buy,75,"[""셀트리온은 견조한 ROE(21.1%)를 바탕으로 우량한 재무 상태를 유지하고 있으며, 이는 장기적인 성장 가능성을 시사합니다."", ""현재 주가는 52주 최고가 대비 약 22% 하락한 수준으로, 기술적으로는 반등 가능성이 있는 구간에 위치하고 있습니다."", ""최근 1개월 수익률이 7.08%로 긍정적인 흐름을 보이고 있으며, 거래량 변화율(11.80%) 또한 증가 추세는 아니지만 유의미한 수준으로 매수세 유입 가능성을 배제할 수 없습니다.""]",6.03806606869394,9.119995624589805
068270,셀트리온,2023-06-01,159612,41.44,8.72,21.04,37281947394960.0,Neutral,50,"[""현재가 159,612원은 52주 최고가 대비 약 15% 하락한 수준으로, 기술적으로는 반등 가능성을 시사합니다."", ""최근 1개월 수익률 9.22%는 긍정적인 흐름을 보여주지만, 거래량 변화율 -26.92%는 매수세 약화를 나타내어 상승 동력이 부족할 수 있습니다."", ""PBR 8.72배와 ROE 21.0%는 기업의 자산 가치 대비 수익성을 보여주지만, PER 정보가 없어 밸류에이션 판단에 한계가 있습니다.""]",-3.7465854697641783,-12.623111044282384
068270,셀트리온,2023-07-03,137901,35.82,7.54,21.05,32222914672104.0,Neutral,50,"[""PER 지표는 적자 기업이 아니므로 유효하나, 35.8배는 다소 높은 수준으로 밸류에이션 부담이 존재합니다."", ""PBR 7.54배와 ROE 21.1%는 기업의 자산 대비 수익성이 양호함을 시사합니다."", ""52주 최고가 대비 현재 위치가 12.9% 낮고 최근 1개월 수익률이 -13.57%로 하락세를 보이고 있으나, 거래량 변화율이 12.08%로 증가하며 변동성 확대 가능성을 시사합니다.""]",-2.2015793939130246,0.7331346400678748
068270,셀트리온,2023-08-01,136153,35.67,7.51,21.05,32095376032032.0,Neutral,55,"[""PER 지표는 적자 기업이 아니므로 유효하나, 35.7배는 다소 높은 수준으로 성장성에 대한 기대감이 반영된 것으로 보입니다."", ""PBR 7.51배와 ROE 21.1%는 기업의 자산가치 대비 수익성이 양호함을 시사하지만, 52주 최고가 대비 현재 위치가 13.8% 하락한 점은 단기적인 부담 요인입니다."", ""최근 1개월 수익률이 소폭 하락했으나 거래량 변화율이 26.78%로 증가한 점은 투자자들의 관심이 다시 높아지고 있음을 나타내며, 향후 20거래일 내 방향성 판단에 있어 불확실성을 높입니다.""]",4.6616673888933775,-2.770412697480041
068270,셀트리온,2023-09-01,133852,34.0,7.16,21.06,30586399839441.0,Neutral,55,"[""현재가 52주 최저가 대비 5.5% 높은 수준으로, 추가 하락보다는 반등 가능성이 있으나 52주 최고가 대비로는 여전히 낮은 위치에 있어 상승 동력은 제한적입니다."", ""최근 1개월 수익률이 마이너스이고 거래량 변화율도 감소 추세인 점은 단기적인 투자 심리 위축을 시사합니다."", ""PER, PBR, ROE 등 재무지표는 양호한 편이나, 현재가 위치와 최근 기술적 지표의 하락 추세를 고려할 때 20거래일 내 뚜렷한 방향성을 예측하기 어렵습니다.""]",2.612587036428294,-5.841526462062577
068270,셀트리온,2023-10-04,121250,32.11,6.76,21.05,28885884638481.0,Neutral,50,"[""현재가가 52주 최저가에 근접해 있어 하방 경직성이 기대되지만, 최근 1개월 수익률이 마이너스이고 거래량 변화율도 부정적인 점은 하락 압력으로 작용할 수 있습니다."", ""ROE가 21.1%로 양호한 수준이지만, PER 32.1배는 다소 높은 편으로 밸류에이션 부담이 존재합니다."", ""52주 최고가 대비 현재 위치가 0.0%라는 정보는 현재가가 52주 최저가와 동일하다는 의미로 해석되며, 이는 기술적으로는 반등 가능성을 시사하지만 동시에 하락 추세의 지속 가능성도 배제할 수 없습니다.""]",9.18020618556701,13.73278350515464
068270,셀트리온,2023-11-01,137808,35.3,7.43,21.05,31755272991840.0,Buy,75,"[""최근 1개월 수익률이 9.37%로 양호하며, 거래량 변화율도 43.02%로 증가 추세를 보이고 있어 투자 심리가 개선되고 있음을 시사합니다."", ""현재 주가는 52주 최고가 대비 약 19% 하락한 수준이지만, 52주 최저가 대비로는 상당한 상승 여력을 보여주고 있습니다."", ""ROE가 21.1%로 높은 수준을 유지하고 있어 기업의 수익성이 견고함을 나타내며, 이는 주가 상승의 긍정적인 요인으로 작용할 수 있습니다.""]",5.474283060489957,8.745500986880298
068270,셀트리온,2023-12-01,149584,38.53,8.11,21.05,34667405273484.0,Buy,75,"[""셀트리온은 높은 ROE(21.1%)를 기록하며 견조한 수익성을 보여주고 있어 재무적으로 긍정적인 신호를 보내고 있습니다."", ""현재 주가는 52주 최고가 대비 약 10% 하락한 수준으로, 기술적으로는 반등 가능성이 있는 구간으로 판단됩니다."", ""최근 1개월 수익률이 8.88%로 양호하며, 거래량 변화율(15.46%)도 증가 추세를 보여 투자 심리가 개선되고 있음을 시사합니다.""]",9.286421007594395,34.07115734303134
068270,셀트리온,2024-01-02,212969,54.69,11.51,21.05,49206117096909.0,Buy,85,"[""현재가가 52주 최고가와 동일하며, 이는 강한 상승 모멘텀을 시사합니다."", ""최근 1개월 수익률이 43.17%로 매우 높으며, 이는 단기적으로 투자자들의 관심이 집중되고 있음을 나타냅니다."", ""거래량 변화율이 97.45%로 급증한 것은 매수세가 강하게 유입되고 있음을 보여줍니다."", ""ROE가 21.1%로 양호한 수준이며, 이는 기업의 수익성이 좋다는 것을 의미합니다.""]",-11.01521817729341,-22.376026557855837
068270,셀트리온,2024-02-01,169271,42.22,8.89,21.06,37983178867095.0,Neutral,50,"[""PER 지표가 적자기업이 아니므로 유효하나, 42.2배로 다소 높은 편입니다."", ""PBR 8.89배, ROE 21.1%는 양호한 수준이나, 52주 최고가 대비 현재 위치가 47%로 하락 추세에 있습니다."", ""최근 1개월 수익률이 -22.81%로 큰 폭의 하락을 보였으며, 거래량 변화율도 -30.93%로 감소하여 투자 심리가 위축된 것으로 판단됩니다.""]",1.9022750500676429,-1.8479243343514247
068270,셀트리온,2024-03-04,161728,41.6,8.76,21.06,37430511426783.0,Neutral,50,"[""현재가 52주 최고가 대비 하락한 위치에 있으나, 52주 최저가 대비로는 상당한 상승을 보이며 중간 지점에 위치하고 있습니다."", ""최근 1개월 수익률이 소폭 하락하고 거래량 변화율도 감소한 점은 단기적인 매수세 약화를 시사합니다."", ""ROE가 21.1%로 양호한 수준이지만, PER이 41.6으로 다소 높은 편이며 PBR도 8.76으로 높은 편이라 밸류에이션 부담이 존재합니다.""]",3.355634151167392,4.550232489117531
068270,셀트리온,2024-04-01,169087,46.03,2.33,5.06,39981284228223.0,Buy,70,"[""최근 1개월 수익률이 4.67%로 긍정적인 흐름을 보이고 있으며, 거래량 변화율도 7.26%로 증가 추세에 있어 매수세 유입 가능성을 시사합니다."", ""현재 주가는 52주 최고가 대비 약 20% 하락한 수준으로, 기술적으로는 반등을 시도할 수 있는 구간에 위치하고 있습니다."", ""PBR 2.33배와 ROE 5.1%는 시장 평균 대비 아주 높지는 않지만, 바이오 섹터의 성장성을 고려할 때 추가적인 상승 여력을 기대해 볼 수 있습니다.""]",-1.3602465003223194,2.0131648204770323
068270,셀트리온,2024-05-02,173871,45.89,2.33,5.08,39853745588151.0,Neutral,50,"[""셀트리온은 현재 PER이 높아 밸류에이션 부담이 존재하며, 최근 1개월 수익률과 거래량 변화율이 부진하여 단기적인 상승 동력이 약합니다."", ""하지만 PBR이 2.33으로 아주 높은 수준은 아니며, 52주 내 현재 위치가 중간 정도에 있어 급격한 하락보다는 횡보 가능성이 있습니다."", ""재무 및 기술 지표만으로는 향후 20거래일 내 뚜렷한 상승 또는 하락을 예측하기 어려워 중립적인 판단을 내립니다.""]",0.9524302500129407,-0.47621512500647034
068270,셀트리온,2024-06-03,173043,43.81,2.22,5.07,38046948187131.0,Neutral,50,"[""현재가 173,043원은 52주 최고가 대비 하락한 수준이지만, 최저가 대비로는 상당한 상승을 보였습니다."", ""최근 1개월 수익률이 -5.29%로 하락세를 보이고 있으며, 거래량 변화율 또한 감소하여 단기적인 매도 압력이 존재할 수 있습니다."", ""PER이 43.8로 높은 편이며, ROE가 5.1%로 낮은 편이라 재무적인 매력도는 크지 않으나, PBR 2.22는 자산 가치 대비 과대평가 수준은 아닙니다.""]",-0.2658298804343429,-3.349456493472721
068270,셀트리온,2024-07-01,169731,45.06,2.28,5.06,39131026627743.0,Neutral,50,"[""PER이 45.1로 높은 편이나, 적자 기업이 아니므로 절대적인 하락 신호로 보기는 어렵습니다."", ""PBR 2.28, ROE 5.1%는 현재 기업 가치 대비 수익성이 아주 높다고 보기는 어렵지만, 시장 평균 대비 크게 나쁘다고 보기도 어렵습니다."", ""52주 최고가 대비 현재 위치가 52.5%로 중간 지점에 위치하며, 최근 1개월 수익률이 3.84%로 소폭 상승했으나 거래량 변화율이 35.28%로 높게 나타나 변동성 확대 가능성이 있습니다.""]",1.4634922318256536,13.279247750852821
068270,셀트리온,2024-08-01,178102,48.95,2.48,5.07,42510569541390.0,Buy,75,"[""최근 1개월 수익률이 10.01%로 양호한 상승세를 보이고 있으며, 이는 투자 심리 개선을 시사합니다."", ""거래량 변화율이 29.96%로 증가한 것은 매수세 유입 가능성을 높여 긍정적인 신호로 해석될 수 있습니다."", ""현재 주가가 52주 최고가 대비 하락했지만, 52주 내 현재 위치가 68.4%로 여전히 상승 여력이 남아있다고 판단됩니다.""]",1.2397390259514212,1.8079527461791558
068270,셀트리온,2024-09-02,181231,48.24,2.45,5.08,41894132781042.0,Neutral,50,"[""셀트리온의 PER은 48.2로 높은 편이며, ROE는 5.1%로 시장 평균 대비 낮은 수준입니다."", ""현재가는 52주 최고가 대비 약 15% 하락한 수준으로, 52주 내 중간보다 높은 위치에 있습니다."", ""최근 1개월 수익률은 소폭 하락했지만, 거래량 변화율은 17.78%로 증가하여 투자 심리 변화 가능성을 시사합니다.""]",-0.6097190877940308,-2.944308644768279
068270,셀트리온,2024-10-02,177275,46.74,2.37,5.07,40597720988571.0,Neutral,50,"[""셀트리온은 현재 52주 최고가 대비 약 16.7% 하락한 상태이며, 최근 1개월 수익률 또한 마이너스를 기록하며 단기적인 하락 압력을 받고 있습니다."", ""PER 지표는 해당없음으로 표시되어 있어 기업의 수익성 측면에서 명확한 판단이 어렵지만, PBR 2.37과 ROE 5.1%는 시장 평균 대비 높은 수준은 아니어서 재무적 매력도가 두드러지지는 않습니다."", ""거래량 변화율이 크게 감소한 점은 투자자들의 관심이 다소 줄어들었음을 시사하며, 이는 향후 20거래일 동안 뚜렷한 상승 또는 하락 모멘텀을 기대하기 어렵게 만듭니다.""]",1.6082357918488226,-2.750528839373854
068270,셀트리온,2024-11-01,172399,44.32,2.25,5.08,38493564475644.0,Neutral,40,"[""현재가 52주 최고가 대비 하락한 위치에 있으며, 최근 1개월 수익률과 거래량 변화율이 부정적인 흐름을 보이고 있습니다."", ""PER이 44.3으로 높은 편이며, ROE 5.1%는 시장 평균 대비 높다고 보기 어렵습니다. 다만 PBR 2.25는 자산 가치 대비 과대평가 수준은 아닙니다."", ""단기적인 기술적 지표는 하락 압력을 시사하지만, 셀트리온의 사업 펀더멘탈이나 시장 전반의 흐름에 대한 정보가 부족하여 명확한 방향성을 판단하기 어렵습니다.""]",-7.0974889645531585,-1.4942082030638228
068270,셀트리온,2024-12-02,171939,45.18,2.29,5.07,39237308827803.0,Neutral,50,"[""PER이 45.2로 높은 편이며, ROE가 5.1%로 낮은 수준으로 재무적인 매력은 크지 않습니다."", ""52주 최고가 대비 현재 위치가 36.5%로 하락 추세에 있으며, 최근 1개월 수익률도 소폭 상승에 그쳐 기술적으로도 강한 상승 모멘텀은 보이지 않습니다."", ""거래량 변화율이 10.97%로 소폭 증가했으나, 이는 추세 전환을 확신하기에는 부족한 수준이며 전반적으로 방향성 판단이 어려운 상황입니다.""]",-2.5683527297471778,1.341173323097145
068270,셀트리온,2025-01-02,174245,46.2,2.34,5.06,40125458343087.0,Neutral,50,"[""PER이 46.2로 높은 편이나, 적자 기업이 아니므로 절대적인 판단 기준이 되기는 어렵습니다."", ""PBR 2.34, ROE 5.1%는 시장 평균 대비 중간 수준으로, 재무적으로는 안정적인 편입니다."", ""52주 최고가 대비 현재 위치가 35.6%로, 하락보다는 상승 여력이 남아있다고 볼 수 있으나, 최근 1개월 수익률이 0.95%로 강한 상승세를 보이지는 않고 있습니다."", ""거래량 변화율이 59.12%로 높다는 점은 시장의 관심이 증가하고 있음을 시사하지만, 이것이 반드시 상승으로 이어질지는 불확실합니다.""]",2.321443943872134,0.05509483772848575
068270,셀트리온,2025-02-03,170873,45.1,2.29,5.08,39168456446025.0,Neutral,50,"[""PER이 45.1로 높아 밸류에이션 부담이 존재하지만, PBR 2.29와 ROE 5.1%는 시장 평균 대비 크게 높거나 낮다고 보기 어렵습니다."", ""52주 최고가 대비 현재 위치가 43.5%로, 52주 내에서 중간 정도에 위치하여 상승과 하락의 여지가 모두 존재합니다."", ""최근 1개월 수익률이 -3.77%로 소폭 하락했으며, 거래량 변화율이 -51.86%로 크게 감소하여 투자 심리가 위축된 것으로 보입니다. 이는 단기적인 하락 압력으로 작용할 수 있으나, 뚜렷한 하락 추세를 나타내지는 않습니다.""]",1.2968696049112498,4.11533712172198
068270,셀트리온,2025-03-04,177905,47.02,2.38,5.06,40837549083489.0,Neutral,60,"[""PER이 47.0으로 다소 높은 편이나, PBR 2.38과 ROE 5.1%는 시장 평균 대비 아주 매력적인 수준은 아닙니다."", ""52주 최고가 대비 현재 위치가 61.5%로 중간 지점에 위치하며, 최근 1개월 수익률이 2.11%로 소폭 상승세를 보이고 있습니다."", ""거래량 변화율이 33.39%로 증가한 점은 긍정적이나, 재무 지표와 기술 지표만으로는 20거래일 내 뚜렷한 상승 또는 하락을 단정하기 어렵습니다.""]",1.1910851297040554,-8.12118827464096
068270,셀트리온,2025-04-01,163457,82.21,2.21,2.69,38901364656309.0,Neutral,55,"[""셀트리온은 현재 52주 최저가 대비 상승했으나, 최고가 대비로는 하락한 중간 지점에 위치하고 있어 명확한 추세 판단이 어렵습니다."", ""최근 1개월 수익률이 마이너스이고 거래량 변화율도 감소한 점은 단기적인 투자 심리 위축을 시사합니다."", ""PER이 높은 편이고 ROE가 낮은 점은 현재 주가가 기업의 수익성에 비해 고평가되었을 가능성을 나타내지만, PBR은 상대적으로 안정적인 수준입니다.""]",-8.957095749952588,-4.949925668524443
068270,셀트리온,2025-05-02,154403,76.38,2.06,2.7,36141724226925.0,Neutral,50,"[""PER이 높아 밸류에이션 부담이 존재하나, PBR은 상대적으로 낮은 수준으로 밸류에이션 매력은 혼재되어 있습니다."", ""ROE가 낮은 수준으로 기업의 수익성 개선이 더딘 점은 아쉬운 부분입니다."", ""최근 1개월 수익률이 마이너스이고 52주 최고가 대비 하락폭이 상당하지만, 52주 최저가 대비로는 상승한 위치에 있어 단기적인 방향성 판단이 어렵습니다.""]",-3.7434505806234335,1.7467277190210035
068270,셀트리온,2025-06-02,154595,75.72,2.04,2.69,35830271171097.0,Neutral,55,"[""PER이 높아 밸류에이션 부담이 존재하며, ROE가 낮은 점은 수익성 측면에서 아쉬움을 남깁니다."", ""현재 주가는 52주 최저가 대비로는 높은 수준이지만, 최고가 대비로는 상당한 하락폭을 보이며 52주 내 중간 지점보다 낮은 위치에 있습니다."", ""최근 1개월 수익률이 소폭 하락했으나, 거래량 변화율이 긍정적인 점은 단기적인 수급 개선 가능성을 시사하지만, 전반적인 추세 전환을 확신하기에는 재무 및 기술적 지표들이 혼재되어 있어 보수적인 접근이 필요합니다.""]",6.018952747501536,11.452504932242311
068270,셀트리온,2025-07-01,168900,78.32,2.11,2.69,37060141064400.0,Neutral,50,"[""PER이 높아 밸류에이션 부담이 존재하나, PBR과 ROE는 시장 평균 대비 양호한 수준입니다."", ""현재가는 52주 최고가 대비 하락한 위치에 있으며, 52주 내 현재 위치가 낮아 추가 하락 가능성도 있습니다."", ""최근 1개월 수익률은 긍정적이나 거래량 변화율이 마이너스로 전환되어 투자 심리가 위축될 가능성이 있습니다.""]",4.262877442273535,6.631142687981054
068270,셀트리온,2025-08-01,173900,83.64,2.25,2.69,39578567109300.0,Neutral,50,"[""PER이 83.6으로 높아 밸류에이션 부담이 존재하나, PBR 2.25는 상대적으로 낮은 편입니다."", ""ROE 2.7%는 낮은 수준으로 기업의 수익성이 개선될 여지가 필요합니다."", ""52주 최고가 대비 현재 위치가 54.5%로 중간 지점에 있으며, 최근 1개월 수익률과 거래량 변화율이 하락세를 보여 단기적인 상승 모멘텀은 약합니다.""]",-0.5175388154111558,-1.5526164462334675
068270,셀트리온,2025-09-01,171200,82.91,2.23,2.69,39231994717800.0,Neutral,50,"[""PER이 82.9로 높아 밸류에이션 부담이 존재하며, ROE가 2.7%로 낮은 수준입니다."", ""52주 최고가 대비 현재 위치가 55.1%로 중간 지점에 위치하여 뚜렷한 추세를 보이지 않습니다."", ""최근 1개월 수익률이 -5.09%로 하락세를 보이고 있으며, 거래량 변화율도 -21.42%로 감소하여 투자 심리가 위축된 것으로 판단됩니다.""]",-0.9929906542056074,1.2850467289719625
068270,셀트리온,2025-10-01,175400,85.5,2.3,2.69,40456550501100.0,Neutral,50,"[""PER이 85.5로 높은 수준이며, ROE가 2.7%로 낮은 편이라 재무적 매력도는 다소 떨어집니다."", ""52주 최고가 대비 현재 위치가 67.4%로, 상승 여력과 하락 위험이 공존하는 구간입니다."", ""최근 1개월 수익률이 소폭 상승했으나, 거래량 변화율이 높다는 점은 변동성 확대 가능성을 시사합니다.""]",0.34207525655644244,-0.3990877993158495
068270,셀트리온,2025-11-03,176300,85.25,2.29,2.69,40341026370600.0,Neutral,50,"[""PER이 85.2로 높아 밸류에이션 부담이 존재하며, ROE가 2.7%로 낮은 수준입니다."", ""52주 최고가에 근접한 위치에 있으며 최근 1개월 수익률이 소폭 하락한 점은 단기 상승 모멘텀 약화를 시사합니다."", ""거래량 변화율이 15.85%로 증가한 점은 시장의 관심이 높아지고 있음을 나타내지만, 재무 지표의 부담과 기술적 저항선을 고려할 때 명확한 방향성을 판단하기 어렵습니다.""]",-1.9852524106636416,4.480998298355077
068270,셀트리온,2025-12-01,184200,90.72,2.44,2.69,42928766893800.0,Buy,75,"[""현재가 52주 최고가 대비 낮은 수준으로 추가 상승 여력이 존재합니다."", ""최근 1개월 수익률이 긍정적이며, 거래량 변화율이 높아 투자 심리가 개선되고 있습니다."", ""PBR 2.44는 자산 가치 대비 높은 수준은 아니며, ROE 2.7%는 개선의 여지가 있지만 적자 기업은 아닙니다.""]",1.6829533116178068,9.93485342019544
373220,LG에너지솔루션,2023-01-02,440500,112.54,11.94,10.61,104364000000000.0,Neutral,50,"[""LG에너지솔루션은 높은 PBR과 ROE를 기록하고 있으나, PER이 매우 높아 현재 주가 수준이 고평가되었을 가능성이 있습니다."", ""최근 1개월 수익률이 -23.76%로 크게 하락했으며, 52주 최고가 대비 현재 위치가 33.6%로 하락 추세에 있습니다."", ""거래량 변화율이 음수(-)로 나타나 매도세가 우세한 상황이며, 이는 단기적인 하락 압력을 시사합니다.""]",7.491486946651532,20.998864926220204
373220,LG에너지솔루션,2023-02-01,533000,131.72,13.97,10.61,122148000000000.0,Buy,75,"[""최근 1개월 수익률이 19.86%로 강한 상승세를 보이고 있으며, 거래량 변화율도 20.10%로 증가하며 매수세가 유입되고 있음을 시사합니다."", ""현재 주가가 52주 최고가 대비 약 15% 하락한 수준으로, 기술적으로는 추가 상승 여력이 남아있다고 판단됩니다."", ""LG에너지솔루션은 성장성이 높은 전기차 배터리 시장의 선두주자로서, 장기적인 성장 전망이 긍정적이며 이는 단기적인 투자 심리에도 영향을 미칠 수 있습니다.""]",3.189493433395872,0.9380863039399625
373220,LG에너지솔루션,2023-03-02,538000,135.0,14.32,10.61,125190000000000.0,Neutral,55,"[""LG에너지솔루션은 현재 52주 최고가 대비 약 13.7% 하락한 수준으로, 기술적으로는 추가 상승 여력이 남아있으나 과열 구간 진입 가능성도 존재합니다."", ""최근 1개월 수익률이 소폭 상승했으나, 거래량 변화율이 감소한 점은 투자 심리가 위축되었음을 시사합니다."", ""PER이 매우 높고 PBR 또한 높은 수준으로, 현재 주가 수준이 기업의 내재가치 대비 고평가되었을 가능성을 배제할 수 없어 신중한 접근이 필요합니다.""]",2.41635687732342,8.550185873605948
373220,LG에너지솔루션,2023-04-03,575000,177.25,6.66,3.76,137124000000000.0,Buy,75,"[""52주 최고가 대비 현재 위치가 높아 추가 상승 여력이 제한적일 수 있으나, 52주 최저가 대비로는 여전히 높은 수준으로 상승 추세가 이어지고 있음을 시사합니다."", ""최근 1개월 수익률이 8.92%로 양호하며, 거래량 변화율 또한 19.57%로 증가하는 추세를 보여 투자 심리가 긍정적으로 작용하고 있습니다."", ""LG에너지솔루션은 전기차 배터리 시장의 성장성과 기술력을 바탕으로 장기적인 성장 잠재력을 가지고 있어 단기적인 시장 대비 상승을 기대해 볼 수 있습니다.""]",6.086956521739131,-1.391304347826087
373220,LG에너지솔루션,2023-05-02,567000,178.77,6.72,3.76,138294000000000.0,Neutral,50,"[""LG에너지솔루션은 52주 최고가 대비 현재 위치가 높아 추가 상승 여력이 제한적일 수 있습니다."", ""최근 1개월 수익률은 소폭 상승했지만, 거래량 변화율이 음수(-)로 나타나 매수세가 약화되었음을 시사합니다."", ""PER이 매우 높아 밸류에이션 부담이 존재하며, ROE가 낮은 점은 수익성 측면에서 아쉬움을 남깁니다.""]",-2.4691358024691357,3.7037037037037033
373220,LG에너지솔루션,2023-06-01,588000,176.65,6.64,3.76,136656000000000.0,Neutral,50,"[""LG에너지솔루션은 52주 최고가 대비 현재 위치가 높아 추가 상승 여력이 제한적일 수 있습니다."", ""최근 1개월 수익률이 소폭 상승했지만, 거래량 변화율이 크게 감소하여 투자 심리가 위축되었음을 시사합니다."", ""PER, PBR, ROE 등 재무지표는 현재 주가 수준을 정당화하기에 다소 부담스러운 측면이 있습니다.""]",4.081632653061225,-2.5510204081632653
373220,LG에너지솔루션,2023-07-03,569000,173.32,6.51,3.76,134082000000000.0,Neutral,50,"[""LG에너지솔루션은 현재 52주 최고가 대비 약 81% 수준에 위치하며, 최근 1개월 수익률은 소폭 하락했으나 거래량 변화율은 긍정적인 신호를 보이고 있습니다."", ""PER이 173.3으로 매우 높아 단기적인 밸류에이션 부담이 존재하며, ROE 3.8%는 낮은 수준으로 재무적 매력도가 높지 않습니다."", ""기술적 지표는 상승 추세의 일부를 나타내지만, 높은 밸류에이션과 낮은 수익성 지표가 하방 압력으로 작용할 수 있어 명확한 방향성을 판단하기 어렵습니다.""]",-3.3391915641476277,-2.10896309314587
373220,LG에너지솔루션,2023-08-01,544000,168.48,6.33,3.76,130338000000000.0,Neutral,50,"[""LG에너지솔루션은 현재 52주 최고가 대비 약 13% 하락한 위치에 있으며, 최근 1개월 수익률은 소폭 하락세를 보이고 있습니다."", ""거래량 변화율이 97.57%로 높게 나타나 단기적인 변동성 확대 가능성을 시사하지만, 재무 지표상 PER이 매우 높아 밸류에이션 부담이 존재합니다."", ""ROE가 3.8%로 낮은 수준이며, PBR 6.33배는 성장성을 감안하더라도 다소 높은 편으로, 20거래일 내 뚜렷한 상승 또는 하락 추세를 예측하기 어렵습니다.""]",1.6544117647058825,0.0
373220,LG에너지솔루션,2023-09-01,530000,157.89,5.93,3.76,122148000000000.0,Neutral,40,"[""LG에너지솔루션은 현재 52주 최고가 대비 약 15% 하락한 가격에 거래되고 있으며, 최근 1개월 수익률 또한 마이너스를 기록하고 있어 단기적인 하락 압력이 존재합니다."", ""하지만 PBR 5.93배와 ROE 3.8%는 현재 주가가 기업의 순자산 가치 대비 높은 수준임을 시사하며, PER 157.9배는 성장성에 대한 높은 기대감을 반영하고 있어 밸류에이션 부담이 존재합니다."", ""거래량 변화율이 크게 감소한 점은 투자 심리가 위축되었음을 나타내지만, 52주 내 현재 위치가 중간보다 약간 낮은 수준에 있어 추가적인 하락보다는 가격 지지 가능성도 배제할 수 없어 단기 방향성 판단이 어렵습니다.""]",-4.150943396226415,-12.452830188679245
373220,LG에너지솔루션,2023-10-04,467500,137.93,5.18,3.76,106704000000000.0,Neutral,40,"[""PER이 137.9로 높아 밸류에이션 부담이 존재하나, PBR 5.18과 ROE 3.8%는 현재 주가 수준에서 아주 매력적인 수준은 아닙니다."", ""52주 최고가 대비 현재 위치가 14.9% 하락한 상태이며, 최근 1개월 수익률이 -17.54%로 하락세를 보이고 있어 단기적인 매도 압력이 존재할 수 있습니다."", ""거래량 변화율이 -12.69%로 감소세를 보이고 있어 투자 심리가 위축된 것으로 판단되며, 20거래일 내 뚜렷한 상승 또는 하락 추세를 예측하기 어렵습니다.""]",3.5294117647058822,-14.010695187165775
373220,LG에너지솔루션,2023-11-01,391500,114.19,4.29,3.76,88335000000000.0,Neutral,50,"[""현재가 52주 최저가에 근접하며 기술적 반등 가능성이 있으나, 최근 1개월 수익률이 크게 하락하여 하방 압력도 존재합니다."", ""PER이 높고 ROE가 낮은 점은 재무적으로 고평가 우려를 시사하지만, PBR은 상대적으로 낮은 편입니다."", ""거래량 변화율이 긍정적인 신호를 보이지만, 전반적인 시장 상황과 기업의 실적 전망에 대한 추가적인 분석이 필요하여 명확한 방향성을 판단하기 어렵습니다.""]",9.578544061302683,16.091954022988507
373220,LG에너지솔루션,2023-12-01,430000,129.61,4.87,3.76,100269000000000.0,Neutral,55,"[""LG에너지솔루션은 현재 52주 최고가 대비 약 21.8% 하락한 위치에 있으며, 이는 단기적으로는 매력적인 진입 가격대를 형성할 수 있습니다."", ""최근 1개월 수익률이 9.45%로 긍정적인 흐름을 보이고 있으나, 거래량 변화율이 -16.09%로 감소하고 있어 상승 동력은 다소 약화된 것으로 판단됩니다."", ""PER이 129.6으로 매우 높아 고평가 논란이 있으며, PBR 4.87과 ROE 3.8%는 현재 주가 수준을 정당화하기에는 다소 부족한 수치로, 재무적 측면에서의 강한 매수 신호는 부족합니다.""]",-0.3488372093023256,-2.558139534883721
373220,LG에너지솔루션,2024-01-02,416000,129.92,4.88,3.76,100503000000000.0,Neutral,50,"[""LG에너지솔루션은 현재 52주 최고가 대비 상당한 하락폭을 보이고 있으나, PBR 4.88배와 ROE 3.8%는 성장주로서의 매력과 현재 가치 평가에 대한 논쟁의 여지를 남깁니다."", ""최근 1개월 수익률 마이너스와 거래량 변화율 감소는 단기적인 투자 심리 위축을 시사하며, 이는 향후 20거래일 내 급격한 상승보다는 관망세를 유발할 수 있습니다."", ""기술적 지표상 52주 최저가에 근접하고 있어 반등 가능성도 존재하지만, 재무 지표의 절대적인 고평가 논란과 시장 전반의 불확실성을 고려할 때 명확한 매수 또는 매도 신호를 보내기에는 근거가 부족합니다.""]",-1.3221153846153846,-8.413461538461538
373220,LG에너지솔루션,2024-02-01,387500,115.4,4.33,3.75,89271000000000.0,Neutral,50,"[""LG에너지솔루션의 PER이 115.4로 매우 높아 밸류에이션 부담이 존재합니다."", ""PBR 4.33과 ROE 3.8%는 현재 주가가 기업 가치 대비 다소 고평가되었음을 시사합니다."", ""최근 1개월 수익률이 -8.29%로 하락세를 보이고 있으나, 거래량 변화율이 12.22%로 증가하며 변동성이 확대될 가능성을 내포하고 있습니다."", ""52주 최고가 대비 현재 위치가 5.5%로 낮아 추가 하락보다는 반등 가능성도 배제할 수 없으나, 뚜렷한 상승 또는 하락 추세를 판단하기에는 재무 및 기술적 지표가 혼재되어 있습니다.""]",1.5483870967741935,-0.12903225806451613
373220,LG에너지솔루션,2024-03-04,387500,120.54,4.53,3.76,93249000000000.0,Neutral,50,"[""LG에너지솔루션은 현재 52주 최저가에 근접한 수준으로, 기술적으로는 반등 가능성이 있으나 PER이 높아 밸류에이션 부담이 존재합니다."", ""최근 1개월 수익률은 긍정적이나 거래량 변화율이 미미하여 추세 전환의 강한 신호로 보기 어렵습니다."", ""재무 지표상 ROE가 낮은 편이며, 시가총액이 매우 큰 대형주로서 단기적인 급등락보다는 시장 흐름에 따라 움직일 가능성이 높습니다.""]",8.258064516129032,1.4193548387096775
373220,LG에너지솔루션,2024-04-01,393000,74.81,3.8,5.08,92547000000000.0,Neutral,50,"[""LG에너지솔루션은 현재 52주 최저가 대비 11.3% 높은 수준으로, 기술적으로는 하락 추세에서 벗어나 반등 가능성을 시사하지만, 최근 1개월 수익률이 마이너스이고 거래량 변화율도 하락하여 매수세가 약한 모습을 보이고 있습니다."", ""PER 지표는 높지만 이는 성장주 특성상 미래 성장성을 반영하는 것으로 해석될 수 있으며, PBR과 ROE는 시장 평균 대비 비교가 필요하지만 현재 수치만으로는 명확한 저평가 또는 고평가 판단이 어렵습니다."", ""거시 경제 환경 변화, 경쟁사 동향, 배터리 산업 전반의 수급 상황 등 외부 요인이 단기적인 주가 방향성에 큰 영향을 미칠 수 있어, 현재 제공된 정보만으로는 20거래일 내 뚜렷한 상승 또는 하락을 예측하기 어렵습니다.""]",-4.8346055979643765,-1.0178117048346056
373220,LG에너지솔루션,2024-05-02,391000,73.58,3.73,5.07,91026000000000.0,Neutral,50,"[""LG에너지솔루션은 현재 52주 최저가에 근접한 가격에 거래되고 있어 기술적으로는 반등 가능성이 있으나, 최근 1개월 수익률이 마이너스를 기록하며 약세를 보이고 있습니다."", ""PER이 73.6으로 높은 편이며 ROE가 5.1%로 낮은 수준으로, 재무적인 측면에서 밸류에이션 부담이 존재합니다."", ""거래량 변화율이 소폭 상승했지만, 시장 대비 뚜렷한 상승 또는 하락 추세를 판단하기에는 근거가 부족하여 중립적인 의견을 제시합니다.""]",-2.4296675191815855,-13.938618925831204
373220,LG에너지솔루션,2024-06-03,336500,62.8,3.19,5.08,77688000000000.0,Neutral,50,"[""현재가 52주 최저가에 근접하여 하방 경직성이 나타날 수 있으나, 최근 1개월 수익률이 마이너스인 점은 부담 요인입니다."", ""PER이 높아 밸류에이션 부담이 존재하며, ROE가 낮은 점은 수익성 측면에서 아쉬운 부분입니다."", ""거래량 변화율이 크지 않아 뚜렷한 매수 또는 매도 추세를 파악하기 어렵습니다.""]",4.457652303120357,6.389301634472511
373220,LG에너지솔루션,2024-07-01,343500,65.63,3.33,5.07,81198000000000.0,Neutral,50,"[""LG에너지솔루션은 현재 52주 최저가에 근접한 수준으로, 기술적으로는 반등 가능성이 있으나 재무지표상 PER이 높아 밸류에이션 부담이 존재합니다."", ""최근 1개월 수익률이 소폭 상승하고 거래량 변화율이 긍정적인 신호를 보이지만, 52주 최고가 대비 큰 폭의 하락세를 감안할 때 추세 전환을 확신하기 어렵습니다."", ""전반적인 시장 상황 및 전기차 산업의 성장성, 경쟁 환경 등 추가적인 거시적 요인 분석 없이는 명확한 투자 방향을 제시하기 어렵습니다.""]",5.676855895196507,-3.056768558951965
373220,LG에너지솔루션,2024-08-01,336000,63.08,3.2,5.07,78039000000000.0,Neutral,50,"[""LG에너지솔루션은 현재 52주 최저가에 근접한 가격에 거래되고 있어 기술적 반등 가능성이 존재합니다."", ""하지만 최근 1개월 수익률이 마이너스(-)를 기록하며 투자 심리가 위축된 모습을 보이고 있습니다."", ""PER이 높은 수준으로 밸류에이션 부담이 있으며, ROE 또한 낮은 수준으로 기업의 수익성 개선이 더딘 점은 하락 압력으로 작용할 수 있습니다.""]",-4.166666666666666,22.61904761904762
373220,LG에너지솔루션,2024-09-02,411000,77.93,3.96,5.08,96408000000000.0,Buy,75,"[""최근 1개월 수익률이 23.54%로 강한 상승세를 보이고 있으며, 거래량 변화율도 42.59%로 증가하여 매수세가 유입되고 있음을 시사합니다."", ""현재가가 52주 최저가 대비 상당 부분 상승한 39.2% 지점에 위치해 있어 추가 상승 여력이 존재할 수 있습니다."", ""LG에너지솔루션은 전기차 배터리 시장의 성장성과 함께 꾸준한 실적 개선이 기대되는 종목으로, 단기적인 모멘텀과 함께 중장기적인 성장성을 고려할 때 긍정적인 투자 심리가 유지될 가능성이 높습니다.""]",-7.664233576642336,6.204379562043796
373220,LG에너지솔루션,2024-10-02,403500,77.26,3.92,5.07,95589000000000.0,Buy,70,"[""최근 1개월 수익률이 10.85%로 양호한 상승세를 보이고 있으며, 거래량 변화율도 23.86%로 증가하는 추세입니다."", ""현재 주가는 52주 최고가 대비 약 20% 하락한 수준으로, 기술적으로는 반등 가능성이 열려 있습니다."", ""LG에너지솔루션은 전기차 배터리 시장의 성장성과 높은 시장 점유율을 바탕으로 장기적인 성장 잠재력이 높다고 판단됩니다.""]",0.6195786864931847,5.5762081784386615
373220,LG에너지솔루션,2024-11-01,426000,78.02,3.96,5.08,96525000000000.0,Neutral,50,"[""PER이 78.0으로 매우 높아 현재 기업 가치가 고평가되었을 가능성이 있습니다."", ""PBR 3.96과 ROE 5.1%는 자산 대비 수익성이 높지 않음을 시사합니다."", ""최근 1개월 수익률이 마이너스이고 거래량 변화율도 감소하여 단기적인 상승 동력이 약합니다."", ""52주 최고가 대비 현재 위치가 53.0%로 중간 지점에 있어 상승과 하락의 여지가 모두 존재합니다.""]",-2.3474178403755865,-8.098591549295776
373220,LG에너지솔루션,2024-12-02,397000,74.05,3.76,5.08,91611000000000.0,Neutral,50,"[""LG에너지솔루션은 현재 52주 최고가 대비 약 12.5% 하락한 상태로, 기술적으로는 반등 가능성이 있으나 최근 1개월 수익률이 마이너스인 점은 하방 압력을 시사합니다."", ""PER이 74.0으로 다소 높은 편이며, ROE가 5.1%로 낮은 수준은 아니지만 시장 평균 대비 높은 성장성을 반영한다고 보기는 어렵습니다."", ""거래량 변화율이 7.11%로 소폭 증가했지만, 이는 추세 전환을 확신하기에는 부족한 수치이며, 재무 및 기술 지표만으로는 20거래일 내 뚜렷한 방향성을 예측하기 어렵습니다.""]",-3.022670025188917,-10.327455919395465
373220,LG에너지솔루션,2025-01-02,356000,65.44,3.32,5.07,80964000000000.0,Neutral,50,"[""LG에너지솔루션은 현재 52주 최저가에 근접한 수준으로, 기술적으로는 반등 가능성이 있으나 최근 1개월 수익률 하락과 거래량 감소는 투자 심리 위축을 시사합니다."", ""PER이 65.4로 높은 편이지만, PBR 3.32와 ROE 5.1%는 현재 주가 수준에서 기업 가치가 과대평가되었다고 단정하기는 어렵습니다."", ""재무 지표는 안정적인 편이나, 최근 시장 대비 하락세를 보이고 있어 향후 20거래일 내 뚜렷한 상승 또는 하락 추세를 예측하기에는 불확실성이 존재합니다.""]",-2.106741573033708,-3.932584269662921
373220,LG에너지솔루션,2025-02-03,333000,63.65,3.23,5.07,78741000000000.0,Neutral,40,"[""현재가 333,000원은 52주 최저가 321,000원에 근접해 있어 하방 경직성을 기대할 수 있으나, 52주 최고가 대비로는 여전히 상당한 하락폭을 보이고 있습니다."", ""최근 1개월 수익률 -2.32%와 거래량 변화율 -10.54%는 단기적으로 매도 압력이 존재함을 시사합니다."", ""PER 63.6, PBR 3.23, ROE 5.1% 등 재무 지표는 현재 주가가 고평가 구간에 있음을 나타내지만, 성장성을 감안할 때 추가적인 하락보다는 횡보 가능성도 존재합니다.""]",3.003003003003003,0.3003003003003003
373220,LG에너지솔루션,2025-03-04,334000,62.8,3.19,5.08,77688000000000.0,Neutral,50,"[""현재가(334,000원)가 52주 최저가(321,000원)에 근접하여 하방 경직성이 나타날 수 있으나, 52주 최고가(436,500원) 대비로는 여전히 높은 수준입니다."", ""최근 1개월 수익률(-5.68%)과 거래량 변화율(-7.16%)이 하락세를 보이고 있어 단기적인 매도 압력이 존재합니다."", ""PER(62.8)은 높은 편이며, ROE(5.1%) 역시 시장 평균 대비 높은 수준이라고 단정하기 어려워 밸류에이션 측면에서 명확한 매수 신호를 보내고 있지 않습니다.""]",4.341317365269461,-1.4970059880239521
373220,LG에너지솔루션,2025-04-01,329000,,2.48,,76752000000000.0,Neutral,50,"[""LG에너지솔루션은 현재 적자 상태로 PER 지표가 없어 기업 가치 평가에 어려움이 있습니다."", ""52주 최저가 대비 현재 위치가 6.1%로 상승 여력이 제한적일 수 있으나, 52주 최고가 대비 하락폭도 크지 않아 방향성 판단이 어렵습니다."", ""최근 1개월 수익률이 마이너스임에도 불구하고 거래량 변화율이 28.04%로 높게 나타나 투자 심리에 변동성이 있음을 시사합니다.""]",-4.5592705167173255,-1.3677811550151975
373220,LG에너지솔루션,2025-05-02,322500,,2.42,,74997000000000.0,Neutral,40,"[""LG에너지솔루션은 현재 적자 상태로 PER 지표가 없어 기업 가치 평가에 한계가 있습니다."", ""52주 최저가에 근접한 현재 위치와 최근 1개월 수익률 하락, 거래량 감소는 매수 심리가 위축되었음을 시사합니다."", ""하지만 PBR이 2.42로 자산 가치 대비 과도하게 고평가되었다고 보기는 어렵고, 52주 최고가 대비 하락폭이 커 반등 가능성도 배제할 수 없어 단기적인 방향성 판단이 어렵습니다.""]",-2.7906976744186047,-9.767441860465116
373220,LG에너지솔루션,2025-06-02,288500,,2.15,,66573000000000.0,Neutral,40,"[""LG에너지솔루션은 현재 적자 상태로 PER 지표가 없어 기업 가치 평가에 어려움이 있습니다."", ""최근 1개월 수익률이 -18.71%로 하락세를 보이고 있으나, 52주 최저가 대비 현재 위치가 9.8%로 반등 가능성도 존재합니다."", ""거래량 변화율이 크지 않고 재무 및 기술 지표에서 명확한 상승 또는 하락 추세를 나타내지 않아 향후 20거래일 내 방향성 판단이 어렵습니다.""]",5.37261698440208,10.398613518197573
373220,LG에너지솔루션,2025-07-01,302500,,2.25,,69615000000000.0,Neutral,50,"[""LG에너지솔루션은 현재 적자 상태로 PER 지표가 없어 기업 가치 평가에 어려움이 있습니다."", ""52주 최저가 대비 현재 위치가 17.5%로, 아직 하락폭이 크지 않아 추가 하락 가능성과 반등 가능성이 공존합니다."", ""최근 1개월 수익률은 소폭 상승했으나, 거래량 변화율이 마이너스로 전환되어 투자 심리가 위축될 가능성이 있습니다.""]",0.8264462809917356,29.91735537190083
373220,LG에너지솔루션,2025-08-01,375500,,2.82,,87282000000000.0,Buy,70,"[""최근 1개월 수익률이 17.11%로 강한 상승세를 보이고 있으며, 이는 투자 심리 개선을 시사합니다."", ""거래량 변화율이 49.32%로 크게 증가한 것은 매수세 유입 가능성을 높입니다."", ""52주 최고가 대비 현재 위치가 62.3%로, 아직 상승 여력이 남아있다고 판단됩니다.""]",3.5952063914780292,-6.790945406125166
373220,LG에너지솔루션,2025-09-01,350000,,2.64,,81666000000000.0,Neutral,50,"[""LG에너지솔루션은 현재 적자 상태로 PER 지표가 없어 기업 가치 평가에 어려움이 있습니다."", ""최근 1개월 수익률이 마이너스이고 거래량 변화율도 크게 하락하여 단기적인 매도 압력이 존재합니다."", ""하지만 52주 최고가 대비 현재 위치가 절반 수준에 머물러 있어 하방 경직성이 나타날 가능성도 배제할 수 없습니다.""]",-0.8571428571428572,-0.7142857142857143
373220,LG에너지솔루션,2025-10-01,399000,,2.63,,81315000000000.0,Neutral,50,"[""PER이 해당없음(적자)으로 재무적 안정성 측면에서 불확실성이 존재합니다."", ""52주 최고가 대비 현재 위치가 47.2%로, 상승 여력과 하락 위험이 공존하는 구간입니다."", ""최근 1개월 수익률이 소폭 하락했으나 거래량 변화율이 양수(+)로 나타나 투자 심리가 혼조세임을 시사합니다.""]",5.3884711779448615,17.794486215538846
373220,LG에너지솔루션,2025-11-03,473000,,3.59,,111267000000000.0,Buy,75,"[""최근 1개월 수익률이 36.25%로 강한 상승세를 보이고 있으며, 거래량 변화율도 148.31%로 크게 증가하여 투자자들의 관심이 집중되고 있습니다."", ""현재 주가가 52주 최고가 대비 약 84.3% 수준으로, 최고가 근접 시 추가 상승 여력이 기대됩니다."", ""LG에너지솔루션은 전기차 배터리 시장의 성장성과 글로벌 선두 기업으로서의 입지를 고려할 때, 단기적인 기술적 지표와 함께 긍정적인 투자 심리가 지속될 가능성이 높습니다.""]",0.0,-12.26215644820296
373220,LG에너지솔루션,2025-12-01,415000,,3.12,,96642000000000.0,Neutral,50,"[""LG에너지솔루션은 현재 적자 기업으로 PER 지표가 없어 가치 평가에 어려움이 있습니다."", ""최근 1개월 수익률이 -12.69%로 하락세를 보이고 있으며, 거래량 변화율도 -34.12%로 감소하여 투자 심리가 위축된 것으로 판단됩니다."", ""52주 최고가 대비 현재 위치는 58.9%로 중간 지점에 위치하고 있어 단기적인 방향성을 예측하기 어렵습니다.""]",6.8674698795180715,-13.012048192771083
006400,삼성SDI,2023-01-02,592315,,3.13,,47495257914810.0,Neutral,50,"[""PER이 적자 상태로 산출되지 않아 기업의 수익성 평가에 어려움이 있습니다."", ""PBR이 3.13으로 자산 가치 대비 높은 편이지만, 52주 최고가 대비 현재 위치가 43.4%로 상당한 하락폭을 보였습니다."", ""최근 1개월 수익률이 -17.08%로 하락세를 보이고 있으며, 거래량 변화율 또한 -16.43%로 감소하여 투자 심리가 위축된 것으로 판단됩니다.""]",1.1569857255007894,18.346994420198712
006400,삼성SDI,2023-02-01,700987,,3.74,,56804981853590.0,Buy,75,"[""최근 1개월 수익률 21.83%로 강한 상승세를 보이고 있으며, 52주 최고가 대비 현재 위치가 85.7%로 상승 여력이 남아있습니다."", ""거래량 변화율 11.25%는 투자자들의 관심이 증가하고 있음을 시사하며, 이는 추가적인 상승 동력이 될 수 있습니다."", ""PER이 해당없음(적자)으로 표시되지만, PBR 3.74는 자산 가치 대비 주가가 높게 평가되고 있음을 나타내며, 이는 미래 성장성에 대한 시장의 기대감을 반영할 수 있습니다.""]",3.0726675387703337,2.0950459851609233
006400,삼성SDI,2023-03-02,715673,,3.69,,56016049514890.0,Neutral,60,"[""PER이 해당없음(적자)으로 재무적 부담이 존재하나, PBR이 3.69로 자산 가치 대비 프리미엄이 붙어있습니다."", ""52주 최고가 대비 현재 위치가 82.1%로 높은 편이지만, 최근 1개월 수익률이 3.65%로 긍정적인 흐름을 보이고 있습니다."", ""거래량 변화율이 -5.18%로 감소 추세에 있어 단기적인 매수세 약화를 시사하며, 향후 20거래일 내 뚜렷한 상승 또는 하락 방향을 예측하기 어렵습니다.""]",0.8207659084526033,0.5471772723017356
006400,삼성SDI,2023-04-03,710778,,3.41,,58777393285870.0,Buy,75,"[""삼성SDI는 52주 최고가 대비 현재 위치가 83.3%로, 여전히 상승 여력이 남아있음을 시사합니다."", ""최근 1개월 수익률이 1.92%로 긍정적인 흐름을 보이고 있으며, 거래량 변화율도 7.85%로 증가하는 추세는 매수 심리 개선을 나타냅니다."", ""PER이 '해당없음(적자)'으로 표시되어 있지만, 이는 성장주 특성상 미래 가치에 대한 기대감이 반영되는 경우가 많으며, PBR 3.41은 자산 가치 대비 프리미엄을 인정받고 있음을 의미합니다.""]",5.647332922515891,-5.7852100093137375
006400,삼성SDI,2023-05-02,669658,,3.21,,55227117176190.0,Neutral,60,"[""삼성SDI는 현재 적자 상태로 PER 지표가 없어 가치 평가에 어려움이 있습니다."", ""PBR 3.21배는 자산 가치 대비 높은 수준은 아니지만, ROE가 N/A%로 수익성을 고려할 때 추가 상승 여력은 제한적일 수 있습니다."", ""최근 1개월 수익률이 -4.76%로 하락세를 보이고 있으나, 52주 내 현재 위치가 67.6%로 중간 이상에 위치하며 거래량 변화율도 소폭 상승하여 단기적인 방향성을 예측하기 어렵습니다.""]",-2.046716383586846,4.532164179327358
006400,삼성SDI,2023-06-01,700008,,3.24,,55858263047150.0,Neutral,50,"[""삼성SDI는 현재 PER이 적자로 인해 산출되지 않으며, ROE도 N/A%로 재무 건전성을 판단하기 어려운 상황입니다."", ""PBR 3.24배는 자산 가치 대비 높은 수준은 아니지만, 적자 기업임을 감안하면 추가적인 상승 여력에 대한 의문이 있습니다."", ""52주 최고가 대비 현재 위치가 70.4%로 비교적 높은 편이지만, 최근 1개월 수익률이 2.46%로 소폭 상승세를 보이고 있습니다."", ""다만, 거래량 변화율이 -38.11%로 크게 감소한 점은 투자 심리 위축 가능성을 시사하며, 이는 단기적인 주가 상승을 제한할 수 있습니다.""]",3.496531468211792,0.2797110890161255
006400,삼성SDI,2023-07-03,696092,,3.29,,56568302151980.0,Neutral,55,"[""PER이 적자 기업으로 산출되지 않아 직접적인 밸류에이션 판단이 어렵습니다."", ""PBR 3.29는 현재 기업 가치가 장부가치 대비 높은 수준임을 시사합니다."", ""52주 최고가 대비 현재 위치가 73.5%로, 상승 여력과 하락 위험이 공존하는 구간에 있습니다."", ""최근 1개월 수익률이 소폭 상승했으나, 거래량 변화율이 크지 않아 추세 전환의 강도가 명확하지 않습니다.""]",-3.5162018813605096,-5.766479143561484
006400,삼성SDI,2023-08-01,636371,,3.07,,52860239574560.0,Neutral,50,"[""PER이 적자 기업으로 산출되지 않아 현재 기업의 수익성만으로는 투자 매력도를 판단하기 어렵습니다."", ""PBR 3.07은 자산 가치 대비 고평가 가능성을 시사하지만, 성장성을 고려하면 다르게 해석될 수 있습니다."", ""최근 1개월 수익률이 마이너스(-)를 기록하고 있으나, 52주 내 현재 위치가 중간 수준이며 거래량 변화율이 긍정적인 점은 향후 방향성을 예측하기 어렵게 만듭니다.""]",-2.461457231709176,-5.538435912384442
006400,삼성SDI,2023-09-01,597210,,2.73,,47021898511590.0,Neutral,40,"[""삼성SDI는 현재 적자 기업으로 PER 지표가 없어 가치 평가에 어려움이 있습니다."", ""52주 최고가 대비 현재 위치가 20.2% 하락한 상태이며, 최근 1개월 수익률 또한 마이너스를 기록하고 있어 단기적인 하락 압력이 존재합니다."", ""하지만 PBR이 2.73으로 자산 가치 대비 과도하게 고평가된 수준은 아니며, 시가총액이 47조 원에 달하는 대형주로서 급격한 하락보다는 변동성이 제한될 가능성이 있습니다.""]",-6.065538085430585,-21.147669998827883
006400,삼성SDI,2023-10-04,478747,,2.22,,38225020885730.0,Neutral,50,"[""PER이 '해당없음(적자)'으로 표시되어 재무적 안정성 측면에서 긍정적인 신호를 찾기 어렵습니다."", ""현재가가 52주 최저가에 근접해 있어 추가 하락보다는 반등 가능성도 존재하지만, 최근 1개월 수익률이 -20.05%로 하락 추세가 지속되고 있습니다."", ""거래량 변화율이 39.11%로 증가한 것은 투자자들의 관심이 높아지고 있음을 시사하지만, 이것이 상승 추세로 이어질지는 불확실합니다.""]",7.566418170766605,-7.157433884703194
006400,삼성SDI,2023-11-01,441543,,1.95,,33570158916340.0,Neutral,55,"[""PER이 '해당없음(적자)'으로 표시되어 재무적 안정성 판단에 어려움이 있습니다."", ""PBR 1.95는 자산 가치 대비 높은 수준은 아니지만, 적자 기업임을 감안할 때 긍정적인 신호로 보기 어렵습니다."", ""52주 최저가 대비 현재 위치가 0.7%로 매우 낮은 수준에 있어 기술적으로는 반등 가능성을 시사하지만, 최근 1개월 수익률이 -18.49%로 큰 폭의 하락세를 보이고 있어 투자 심리가 위축된 상태입니다."", ""거래량 변화율이 68.36%로 높게 나타나는 것은 시장의 관심이 집중되고 있음을 의미하지만, 이것이 상승 또는 하락으로 이어질지는 불확실합니다.""]",-2.5496950466885444,4.656398131099349
006400,삼성SDI,2023-12-01,430285,,2.05,,35266403737310.0,Neutral,50,"[""현재 PER이 적자로 산출되지 않아 기업의 수익성 판단이 어렵습니다."", ""PBR 2.05는 자산 가치 대비 높은 수준은 아니지만, ROE가 없어 기업의 자본 효율성을 평가하기 어렵습니다."", ""52주 최고가 대비 현재 위치가 8.0%로 낮아 추가 하락보다는 반등 가능성도 있으나, 최근 1개월 수익률과 거래량 변화율이 부정적이어서 상승 추세를 확신하기 어렵습니다.""]",1.4787873153839897,1.2512636973168945
006400,삼성SDI,2024-01-02,437138,,2.14,,36844349000240.0,Neutral,50,"[""PER이 적자 기업으로 산출되지 않아 재무적 매력도가 낮습니다."", ""52주 최저가 대비 현재 위치가 13.3%로, 상승 여력보다는 하락 위험이 상대적으로 높아 보입니다."", ""최근 1개월 수익률과 거래량 변화율이 모두 마이너스를 기록하며 단기적인 약세 흐름을 보이고 있습니다.""]",-6.718930863937704,-16.57348480342592
006400,삼성SDI,2024-02-01,384760,,1.73,,29783203105050.0,Neutral,50,"[""PER이 적자 기업으로 산출되지 않아 기업의 수익성 평가가 어렵습니다."", ""52주 최저가 대비 현재 위치가 6.7%로, 하락 추세가 이어지고 있음을 시사합니다."", ""최근 1개월 수익률이 -15.45%로 부진하며, 거래량 변화율이 53.59%로 높지만 이는 변동성 확대 가능성을 나타낼 뿐 명확한 상승 신호로 보기 어렵습니다.""]",-0.5091485601413868,-7.252053227986277
006400,삼성SDI,2024-03-04,358815,,1.72,,29546442817910.0,Neutral,50,"[""PER이 '해당없음(적자)'으로 표시되어 재무적 안정성 측면에서 긍정적인 신호를 찾기 어렵습니다."", ""52주 최저가 대비 현재 위치가 6.1%로, 52주 최고가 대비로는 상당한 하락폭을 보이고 있어 기술적으로는 반등 가능성이 있으나, 최근 1개월 수익률이 0.00%이고 거래량 변화율이 -28.53%로 감소하고 있어 매수세가 약한 것으로 판단됩니다."", ""PBR 1.72는 자산 가치 대비 주가가 과대평가되지 않았음을 시사하지만, 적자 기업이라는 점과 기술적 지표의 약세가 겹쳐 20거래일 내 뚜렷한 상승 또는 하락을 예측하기 어렵습니다.""]",25.375193344759833,23.60185610969441
006400,삼성SDI,2024-04-01,443502,,1.8,,35818736959930.0,Buy,75,"[""최근 1개월 수익률이 20.42%로 강한 상승세를 보이고 있으며, 거래량 변화율이 174.23%로 급증하며 매수세가 유입되고 있음을 시사합니다."", ""현재가는 52주 최고가 대비 상당 부분 하락한 상태이지만, 52주 최저가 대비로는 상승 여력이 충분하며, PBR 1.80은 자산 가치 대비 저평가 가능성을 내포합니다."", ""삼성SDI는 전기차 배터리 시장의 성장 수혜주로, 향후 시장 전반의 긍정적인 전망과 맞물려 상승 모멘텀을 이어갈 가능성이 높습니다.""]",-9.271660556209442,-2.0971720533391056
006400,삼성SDI,2024-05-02,428816,,1.76,,34990317711530.0,Neutral,40,"[""PER이 적자 기업으로 산출되지 않아 재무적 매력도가 낮습니다."", ""52주 최고가 대비 현재 위치가 낮아 하락 가능성도 존재하지만, 52주 최저가 대비로는 상당한 상승을 보여 기술적으로는 반등 여지가 있습니다."", ""최근 1개월 수익률이 마이너스이고 거래량 변화율이 큰 폭으로 감소하여 단기적인 투자 심리가 위축된 것으로 보입니다.""]",-1.1415152419685832,-13.698649304130441
006400,삼성SDI,2024-06-03,370074,,1.49,,29743716195350.0,Neutral,40,"[""삼성SDI는 현재 적자 상태로 PER 지표가 없어 기업 가치 평가에 한계가 있습니다."", ""52주 최고가 대비 현재 위치가 7.5%로, 52주 내에서 상대적으로 낮은 가격대에 위치하고 있습니다."", ""최근 1개월 수익률이 -13.13%로 하락세를 보이고 있으며, 거래량 변화율도 감소하여 투자 심리가 위축된 것으로 보입니다.""]",4.1005312451023315,-3.0423645000729582
006400,삼성SDI,2024-07-01,344130,,1.45,,28954783856650.0,Neutral,50,"[""PER이 적자로 산출되지 않아 기업의 수익성 평가가 어렵습니다."", ""PBR이 1.45로 자산가치 대비 소폭 높은 수준이지만, ROE가 N/A%로 수익성을 알 수 없어 투자 매력도를 판단하기 어렵습니다."", ""52주 최저가에 근접한 현재 위치와 최근 1개월 수익률 하락에도 불구하고, 거래량 변화율이 26.64%로 증가하는 점은 향후 변동성을 시사하나 명확한 상승 또는 하락 추세를 판단하기에는 근거가 부족합니다.""]",8.819341527910964,-5.974486385958794
006400,삼성SDI,2024-08-01,329444,,1.32,,26351226553410.0,Neutral,50,"[""PER이 해당없음(적자)으로 재무적 부담이 존재합니다."", ""PBR 1.32는 자산가치 대비 소폭 상승한 수준으로, 현재 기업 가치가 과대평가되었다고 보기는 어렵습니다."", ""52주 최저가 대비 현재 위치가 3.7%로, 하락 추세가 둔화되었으나 뚜렷한 반등 신호는 아직 부족합니다."", ""최근 1개월 수익률이 -8.87%로 하락세를 보이고 있으나, 거래량 변화율이 7.01%로 소폭 증가하며 매수세 유입 가능성을 시사합니다.""]",-7.875086509391581,9.658394142858876
006400,삼성SDI,2024-09-02,363221,,1.46,,29112570324390.0,Buy,75,"[""최근 1개월 수익률이 10.48%로 양호하며, 52주 최저가 대비 현재 위치가 21.1%로 상승 추세에 있습니다."", ""거래량 변화율이 9.12%로 증가하는 것은 투자 심리 개선 및 매수세 유입 가능성을 시사합니다."", ""PER이 적자 기업으로 산출되지 않지만, PBR 1.46은 자산 가치 대비 저평가 가능성을 보여주며, 향후 실적 개선 기대감으로 이어질 수 있습니다.""]",-10.242524523637124,0.0
006400,삼성SDI,2024-10-02,353920,,1.47,,29309763116300.0,Neutral,50,"[""PER이 적자 상태로 산출되지 않아 기업의 수익성 평가에 한계가 있습니다."", ""PBR이 1.47로 자산 가치 대비 소폭 프리미엄을 받고 있으나, 52주 내 현재 위치가 25.9%로 최저가에 근접해 있어 하방 경직성을 기대할 수 있습니다."", ""최근 1개월 수익률이 9.43%로 긍정적인 흐름을 보였으나, 거래량 변화율이 마이너스(-)로 소폭 감소하여 상승 동력은 약화된 상태입니다.""]",-0.6916817359855334,-6.639070976491862
006400,삼성SDI,2024-11-01,330423,,1.31,,26153953175970.0,Neutral,50,"[""PER이 적자로 산출되지 않아 기업의 수익성 평가가 어렵습니다."", ""최근 1개월 수익률이 -12.42%로 하락세를 보이고 있으며, 거래량 변화율도 감소하여 투자 심리가 위축된 것으로 판단됩니다."", ""현재 주가가 52주 최저가 대비로는 상승했으나 최고가 대비로는 상당한 하락폭을 보여 향후 방향성을 예측하기 어렵습니다.""]",-18.66667877236149,-23.25927674526289
006400,삼성SDI,2024-12-02,255527,,1.03,,20433992256570.0,Buy,65,"[""최근 1개월 수익률이 -21.87%로 크게 하락했지만, 52주 최저가(241,331원) 대비 현재가(255,527원)가 5.2% 수준으로 반등 가능성이 있습니다."", ""거래량 변화율이 92.83%로 높게 나타나 투자자들의 관심이 증가하고 있으며, 이는 주가 상승의 잠재력을 시사합니다."", ""PBR이 1.03으로 자산 가치 대비 저평가된 측면이 있어 향후 실적 개선 시 주가 상승 여력이 있습니다.""]",-3.256798694462816,-5.363816739522634
006400,삼성SDI,2025-01-02,241821,,0.95,,18895533903340.0,Neutral,50,"[""삼성SDI는 현재 적자 기업으로 PER 지표가 없어 가치 평가에 어려움이 있습니다."", ""PBR이 0.95로 장부가치 대비 소폭 할인된 가격에 거래되고 있으나, 52주 최저가에 근접한 수준으로 추가 하락 가능성도 존재합니다."", ""최근 1개월 수익률이 마이너스이고 거래량 변화율도 감소하여 단기적인 매수세 유입이 약한 상황입니다.""]",-5.263397306271995,-14.169985237014155
006400,삼성SDI,2025-02-03,201191,,0.82,,16410276158140.0,Sell,70,"[""현재가가 52주 최저가에 근접해 있으며, 52주 내 현재 위치가 0.0%로 최저가 수준에 머물러 있어 추가 하락 가능성을 시사합니다."", ""최근 1개월 수익률이 -15.79%로 큰 폭의 하락세를 보이고 있어 단기적인 하락 추세가 이어질 가능성이 높습니다."", ""PER이 '해당없음(적자)'으로 표기되어 있어 재무적인 측면에서 긍정적인 신호를 찾기 어렵습니다.""]",2.4330114170116954,3.8928182672187126
006400,삼성SDI,2025-03-04,209023,,0.84,,16804822913020.0,Buy,65,"[""현재가가 52주 최저가에 근접해 있어 기술적 반등 가능성이 있습니다."", ""최근 1개월 수익률은 하락했지만, 거래량 변화율이 긍정적으로 나타나 투자 심리가 회복될 수 있습니다."", ""PBR이 1 미만으로 저평가 구간에 진입했으며, 적자 기업임에도 불구하고 시가총액이 견조하게 유지되고 있습니다.""]",-0.23394554666232903,-12.646455174789379
006400,삼성SDI,2025-04-01,182589,23.15,0.71,3.07,15274181356200.0,Neutral,50,"[""현재가 52주 최저가에 근접해 있어 기술적 반등 가능성이 있으나, 최근 1개월 수익률이 마이너스인 점은 하락 압력을 시사합니다."", ""PER, PBR, ROE 등 재무지표가 시장 평균 대비 우수하다고 단정하기 어렵고, 특히 ROE가 낮은 점은 수익성 개선이 더딜 수 있음을 나타냅니다."", ""거래량 변화율이 긍정적인 신호일 수 있으나, 전반적인 시장 상황 및 해당 종목의 추가적인 모멘텀 부재 시 방향성 판단이 어렵습니다.""]",-7.935308260629063,-3.6086511235616605
006400,삼성SDI,2025-05-02,172200,21.2,0.65,3.07,13989648008000.0,Neutral,40,"[""현재가 52주 최저가에 근접해 있어 기술적 반등 가능성이 있으나, 최근 1개월 수익률 및 거래량 감소는 하락 압력을 시사합니다."", ""PBR 0.65는 자산 가치 대비 저평가 가능성을 나타내지만, 낮은 ROE는 수익성 개선이 더디다는 점을 보여줍니다."", ""PER이 21.2로 적정 수준으로 판단되나, 시장 전반의 투자 심리 및 삼성SDI의 구체적인 사업 전망에 대한 추가 정보 없이는 20거래일 내 뚜렷한 방향성을 예측하기 어렵습니다.""]",0.4645760743321719,1.2195121951219512
006400,삼성SDI,2025-06-02,172400,21.1,0.65,3.08,13925179584000.0,Neutral,40,"[""현재가 52주 최저가에 근접해 있어 기술적 반등 가능성이 있으나, 최근 1개월 수익률이 마이너스인 점은 하방 압력을 시사합니다."", ""PER, PBR, ROE 등 재무 지표가 시장 평균 대비 우수하다고 보기 어려워 뚜렷한 상승 모멘텀을 찾기 어렵습니다."", ""거래량 변화율이 긍정적인 신호일 수 있으나, 전반적인 시장 상황 및 종목 자체의 명확한 상승/하락 근거가 부족하여 방향성 판단이 어렵습니다.""]",1.3921113689095126,7.482598607888631
006400,삼성SDI,2025-07-01,179000,21.76,0.67,3.08,14360341446000.0,Buy,65,"[""현재가 179,000원은 52주 최저가 160,200원에 근접하여 기술적 반등 가능성이 존재합니다."", ""PBR 0.67은 장부가치 대비 저평가 구간으로 판단되며, ROE 3.1%는 적자 기업이 아님을 시사합니다."", ""최근 1개월 수익률 2.18%와 거래량 변화율 20.71%는 단기적인 매수세 유입 가능성을 보여줍니다.""]",-4.972067039106146,15.083798882681565
006400,삼성SDI,2025-08-01,193700,23.2,0.71,3.06,15311250700000.0,Neutral,50,"[""삼성SDI는 현재 52주 최저가 대비 높은 수준이지만, 52주 최고가 대비로는 여전히 낮은 위치에 있어 상승 여력과 하락 위험이 공존합니다."", ""최근 1개월 수익률이 소폭 상승했으나, 거래량 변화율이 크지 않아 추세 전환을 확신하기 어렵습니다."", ""PER, PBR, ROE 등 재무지표가 시장 평균 대비 우수하다고 단정하기 어렵고, 적자 기업이 아닌 점은 긍정적이나 뚜렷한 강점을 보이지는 않습니다.""]",16.159008776458442,4.543107898812597
006400,삼성SDI,2025-09-01,202500,24.79,0.76,3.07,16358862590000.0,Neutral,50,"[""재무지표 측면에서 PER이 24.8로 높은 편이며, ROE가 3.1%로 낮은 수준으로 기업의 수익성이 다소 아쉽습니다."", ""PBR이 0.76으로 장부가치 대비 저평가된 측면은 있으나, 시가총액이 16.4조원으로 큰 편이라 단기적인 급등 가능성은 제한적입니다."", ""기술지표 상 52주 최저가 대비 현재 위치가 19.5%로 상승 여력은 있으나, 최근 1개월 수익률이 0.99%로 미미하고 거래량 변화율이 -19.23%로 감소하는 추세는 매수세 약화를 시사합니다.""]",-0.49382716049382713,1.2345679012345678
006400,삼성SDI,2025-10-01,206500,24.91,0.76,3.05,16439448120000.0,Neutral,40,"[""현재 PER이 24.9로 높은 편은 아니지만, ROE가 3.0%로 낮아 기업의 수익성 대비 고평가 논란이 있을 수 있습니다."", ""PBR이 0.76으로 액면가보다 낮아 저평가 구간에 있다는 해석도 가능하나, 이는 자산 가치 대비 시장의 평가가 낮다는 의미로도 해석될 수 있습니다."", ""52주 내 현재 위치가 20.0%로 최저가에 근접해 있어 반등 가능성도 있지만, 최근 1개월 수익률이 0.74%로 미미하고 거래량 변화율이 -9.46%로 감소 추세인 점은 매수세가 강하지 않음을 시사합니다.""]",14.285714285714285,55.932203389830505
006400,삼성SDI,2025-11-03,337500,39.94,1.22,3.05,26351468310000.0,Buy,85,"[""삼성SDI는 52주 최고가에 근접한 강한 상승세를 보이고 있으며, 최근 1개월 수익률이 61.48%로 매우 높습니다."", ""거래량 변화율이 184.83%로 급증하며 투자자들의 관심이 집중되고 있음을 시사합니다."", ""PBR 1.22는 자산 가치 대비 저평가 가능성을 나타내며, ROE 3.0%는 개선 여지가 있지만 적자 기업이 아니라는 점에서 긍정적입니다.""]",-4.592592592592593,-9.62962962962963
006400,삼성SDI,2025-12-01,305000,36.52,1.12,3.07,24095073470000.0,Neutral,50,"[""현재가 305,000원은 52주 최고가 337,500원에 근접해 있어 추가 상승 여력이 제한적일 수 있습니다."", ""최근 1개월 수익률이 -7.14%로 하락세를 보이고 있으며, 거래량 변화율도 -49.40%로 감소하여 투자 심리가 위축된 것으로 판단됩니다."", ""PER, PBR, ROE 등 재무지표는 현재가에서 큰 변동성을 예상하기 어렵게 만들지만, 기술적 지표상 단기 하락 가능성과 반등 가능성이 혼재되어 있어 명확한 방향성을 제시하기 어렵습니다.""]",1.639344262295082,-13.934426229508196
005380,현대차,2023-01-02,159000,8.27,0.39,4.72,32146969262000.0,Neutral,50,"[""현재가 159,000원은 52주 최저가 151,000원에 근접하여 기술적 반등 가능성이 있으나, 52주 최고가 대비 상당한 하락폭을 보이고 있습니다."", ""최근 1개월 수익률 -8.45%와 거래량 변화율 -13.60%는 단기적인 하락 추세 및 투자 심리 위축을 시사합니다."", ""PER 8.3, PBR 0.39, ROE 4.7% 등의 재무 지표는 저평가 구간에 있음을 나타내지만, 단기적인 시장 흐름과 기술적 지표들이 명확한 방향성을 제시하지 못하고 있습니다.""]",2.515723270440252,6.855345911949685
005380,현대차,2023-02-01,169900,8.96,0.42,4.69,34808820220000.0,Buy,75,"[""현대차는 현재 PBR 0.42로 자산 가치 대비 저평가된 것으로 판단됩니다."", ""최근 1개월 수익률이 12.58%로 단기적으로 강한 상승세를 보이고 있으며, 거래량 변화율도 긍정적입니다."", ""52주 최고가 대비 현재 위치가 37.2%로 상승 여력이 남아있다고 판단됩니다.""]",1.5891701000588583,3.6492054149499706
005380,현대차,2023-03-02,176100,9.41,0.44,4.68,36549261231000.0,Buy,70,"[""현대차의 PBR 0.44는 자산 가치 대비 저평가 가능성을 시사하며, ROE 4.7%는 수익성이 개선될 여지가 있음을 나타냅니다."", ""현재 주가는 52주 최고가 대비 약 12% 하락한 수준으로, 기술적으로 반등 가능성이 존재합니다."", ""최근 1개월 수익률 6.89%는 시장 대비 양호한 흐름을 보여주고 있으며, 이는 향후 20거래일 동안 긍정적인 모멘텀을 이어갈 수 있음을 시사합니다.""]",-0.6246450880181714,4.770017035775128
005380,현대차,2023-04-03,183800,6.44,0.41,6.37,37593525837600.0,Buy,75,"[""현대차의 PBR 0.41은 자산 가치 대비 저평가되었음을 시사하며, 이는 향후 상승 여력을 나타낼 수 있습니다."", ""ROE 6.4%는 기업의 수익성이 개선될 가능성을 보여주며, 이는 주가 상승에 긍정적인 요인입니다."", ""최근 1개월 수익률 4.26%는 시장 대비 양호한 흐름을 보이고 있으며, 이는 단기적인 상승 추세가 이어질 가능성을 시사합니다.""]",4.515778019586507,9.357997823721437
005380,현대차,2023-05-02,201000,7.06,0.45,6.37,41258689849000.0,Buy,75,"[""현대차는 현재 52주 최고가에 근접한 위치에 있으며, 이는 강한 상승 모멘텀을 시사합니다."", ""최근 1개월 수익률이 9.21%로 양호하며, 거래량 변화율이 63.11%로 증가한 것은 투자자들의 관심이 높아지고 있음을 나타냅니다."", ""PER 7.1, PBR 0.45, ROE 6.4% 등의 재무 지표는 현재 주가가 기업 가치 대비 저평가되어 있음을 보여주며, 이는 향후 상승 여력을 뒷받침합니다.""]",3.482587064676617,-0.7462686567164178
005380,현대차,2023-06-01,199500,6.92,0.44,6.36,40439658785000.0,Neutral,50,"[""현재가 199,500원은 52주 최고가 210,000원에 근접해 있어 추가 상승 여력이 제한적일 수 있습니다."", ""최근 1개월 수익률이 0.00%로 횡보세를 보이고 있으며, 거래량 변화율이 -23.36%로 감소하는 추세는 투자 심리가 위축되었음을 시사합니다."", ""PER 6.9, PBR 0.44, ROE 6.4% 등 재무 지표는 현재 시장에서 저평가되어 있다는 신호를 보내지만, 기술적 지표상 단기 상승 모멘텀이 약한 상황입니다.""]",-1.6541353383458646,4.511278195488721
005380,현대차,2023-07-03,208000,7.31,0.47,6.43,42691994211000.0,Buy,75,"[""현대차는 현재 52주 최고가에 근접한 97.5% 위치에 있으며, 이는 강한 상승 추세를 시사합니다."", ""낮은 PER(7.3)과 PBR(0.47)은 기업 가치 대비 저평가 가능성을 나타내며, ROE(6.4%)는 양호한 수익성을 보여줍니다."", ""최근 1개월 수익률이 5.57%로 긍정적인 흐름을 이어가고 있으며, 거래량 감소는 일시적인 조정으로 해석될 수 있습니다.""]",-0.4807692307692308,-4.134615384615384
005380,현대차,2023-08-01,192500,6.99,0.45,6.44,40828698540400.0,Neutral,50,"[""PER, PBR, ROE 등 재무지표는 저평가 구간에 있음을 시사하나, 최근 1개월 수익률이 마이너스인 점은 단기적인 하락 압력을 보여줍니다."", ""52주 최고가 대비 현재 위치가 82%로 상승 여력이 남아있지만, 거래량 변화율이 긍정적인 신호를 보내고 있어 방향성 판단에 혼란을 줍니다."", ""전반적인 재무 건전성은 양호하나, 최근 시장의 흐름과 기술적 지표들이 명확한 상승 또는 하락 추세를 나타내지 않아 보수적인 접근이 필요합니다.""]",-1.6103896103896103,-1.7662337662337664
005380,현대차,2023-09-01,187300,6.57,0.42,6.39,38371605348400.0,Neutral,50,"[""PER 6.6으로 저평가 구간에 진입했으나, ROE 6.4%는 시장 평균 대비 낮은 수준으로 추가 상승 동력이 약할 수 있습니다."", ""PBR 0.42로 자산 가치 대비 저평가 매력이 있으나, 최근 1개월 수익률 -2.65%와 거래량 변화율 -36.97%는 투자 심리 위축을 시사합니다."", ""52주 최고가 대비 현재 위치가 61.7%로 상승 여력은 있으나, 단기적인 하락 추세와 거래량 감소는 20거래일 내 뚜렷한 방향성 판단을 어렵게 합니다.""]",-0.9610250934329952,2.616123865456487
005380,현대차,2023-10-04,190500,6.69,0.43,6.43,39067781752800.0,Neutral,50,"[""현재가 190,500원은 52주 최고가 210,000원 대비 하락한 위치에 있으며, 52주 내 현재 위치 67.5%는 중간 수준으로 상승 여력과 하락 위험이 공존합니다."", ""PER 6.7배, PBR 0.43배, ROE 6.4%는 재무적으로 저평가된 구간으로 볼 수 있으나, 최근 1개월 수익률 1.60%와 거래량 변화율 -13.36%는 뚜렷한 상승 모멘텀을 보여주지 못하고 있습니다."", ""단기적인 기술적 지표에서 강한 매수 또는 매도 신호가 나타나지 않아 향후 20거래일 내 시장 대비 뚜렷한 방향성을 예측하기 어렵습니다.""]",-1.7847769028871392,-8.976377952755906
005380,현대차,2023-11-01,172000,5.97,0.38,6.37,34870247549800.0,Neutral,50,"[""PER, PBR, ROE 등 재무지표는 저평가 구간에 있음을 시사하지만, 최근 1개월 수익률이 -10.70%로 하락세를 보이고 있습니다."", ""52주 최고가 대비 현재 위치가 32.7%로 낮은 편이지만, 최근 거래량 변화율이 34.16%로 증가한 점은 긍정적인 신호일 수 있습니다."", ""단기적인 하락세와 거래량 증가라는 상반된 신호가 혼재되어 있어 향후 20거래일 내 명확한 방향성을 판단하기 어렵습니다.""]",1.5697674418604652,7.151162790697674
005380,현대차,2023-12-01,181600,6.41,0.41,6.4,37429719624800.0,Buy,65,"[""현대차의 PBR 0.41은 자산 가치 대비 저평가 가능성을 시사하며, ROE 6.4%는 수익성을 보여줍니다."", ""현재가는 52주 최저가 대비 높은 수준에 위치하며, 최근 1개월 수익률이 긍정적인 흐름을 보이고 있습니다."", ""거래량 변화율이 음수이지만, 이는 일시적인 조정일 수 있으며 전반적인 재무 및 기술적 지표는 추가 상승 여력을 시사합니다.""]",2.092511013215859,4.6255506607929515
005380,현대차,2024-01-02,193800,7.03,0.45,6.4,41053932083000.0,Buy,75,"[""PER 7.0, PBR 0.45, ROE 6.4%로 재무 건전성이 양호하며 저평가 구간에 있다는 판단입니다."", ""52주 최고가 대비 현재 위치가 83.9%로 상승 여력이 존재하며, 최근 1개월 수익률 8.50%는 긍정적인 모멘텀을 시사합니다."", ""거래량 변화율 25.44%는 시장의 관심이 증가하고 있음을 나타내며, 이는 향후 주가 상승에 긍정적인 영향을 줄 수 있습니다.""]",-3.663570691434469,0.41279669762641896
005380,현대차,2024-02-01,227000,7.29,0.47,6.45,42589615328000.0,Buy,75,"[""PER 7.3배로 저평가 구간에 있으며, PBR 0.47배로 자산가치 대비 매력적인 수준입니다."", ""52주 최고가 대비 현재 위치가 95.3%로, 신고가 경신 가능성이 시사됩니다."", ""최근 1개월 수익률 7.33%와 거래량 변화율 29.05%는 긍정적인 모멘텀을 보여줍니다.""]",9.691629955947137,10.572687224669604
005380,현대차,2024-03-04,249000,8.96,0.58,6.47,52315609213000.0,Buy,85,"[""현대차는 현재 52주 최고가에 근접한 강한 상승세를 보이고 있으며, 최근 1개월 수익률이 34.47%로 매우 높습니다."", ""거래량 변화율이 391.99%로 급증한 것은 투자자들의 관심과 매수세가 강하게 유입되고 있음을 시사합니다."", ""PER 9.0, PBR 0.58, ROE 6.5% 등의 재무지표는 현재 주가가 기업 가치 대비 저평가되어 있음을 나타내며, 추가 상승 여력을 보여줍니다.""]",-3.0120481927710845,-11.646586345381527
005380,현대차,2024-04-01,220000,4.78,0.46,9.62,46582391765000.0,Neutral,50,"[""현대차는 현재 PER이 낮고 PBR이 1 미만으로 저평가된 측면이 있으나, ROE가 시장 평균 대비 높은 수준은 아닙니다."", ""52주 최고가 대비 현재 위치가 67.4%로 중간 지점에 위치하며, 최근 1개월 수익률이 마이너스이고 거래량 변화율도 크게 감소하여 단기적인 상승 모멘텀이 약합니다."", ""재무 지표는 안정적인 편이나, 기술 지표 상 단기적인 하락 압력이 관찰되어 20거래일 내 뚜렷한 방향성을 예측하기 어렵습니다.""]",3.6363636363636362,13.18181818181818
005380,현대차,2024-05-02,241000,5.23,0.5,9.56,50984683734000.0,Buy,75,"[""현대차는 현재 PER 5.2배로 낮은 수준이며, PBR 0.50배로 자산가치 대비 저평가된 것으로 판단됩니다."", ""ROE 9.6%는 양호한 수준이며, 시가총액 51.0조원으로 대형주로서 안정적인 투자처로 평가됩니다."", ""52주 최고가 대비 현재 위치가 92.4%로 상승 여력이 남아있으며, 최근 1개월 수익률 9.45%는 긍정적인 모멘텀을 시사합니다.""]",1.6597510373443984,7.468879668049793
005380,현대차,2024-06-03,259000,5.56,0.53,9.53,54260807990000.0,Buy,75,"[""현대차는 현재 PER 5.6배, PBR 0.53배로 저평가 구간에 있으며, ROE 9.5%로 양호한 수익성을 보여주고 있습니다."", ""52주 최고가 대비 현재 위치가 88.8%로 상승 여력이 남아있으며, 최근 1개월 수익률도 5.58%로 긍정적인 흐름을 이어가고 있습니다."", ""거래량 변화율이 음수이나, 이는 최근 단기적인 차익 실현 물량 소화 과정으로 해석될 수 있으며, 전반적인 재무 및 기술적 지표는 상승세를 지지하고 있습니다.""]",4.247104247104247,6.563706563706563
005380,현대차,2024-07-01,272500,6.01,0.58,9.65,58560721076000.0,Buy,75,"[""현대차는 현재 52주 최고가 대비 낮은 위치에 있으며, 최근 1개월 수익률이 양호하여 상승 모멘텀이 유지될 가능성이 있습니다."", ""PBR 0.58은 자산 가치 대비 저평가된 것으로 볼 수 있으며, ROE 9.7%는 꾸준한 수익성을 보여줍니다."", ""거래량 변화율이 긍정적인 것은 투자자들의 관심이 증가하고 있음을 시사하며, 이는 단기적인 주가 상승에 긍정적인 영향을 줄 수 있습니다.""]",0.7339449541284404,-8.256880733944955
005380,현대차,2024-08-01,244000,5.32,0.51,9.59,51906093681000.0,Neutral,40,"[""재무 지표상 PBR 0.51은 저평가 가능성을 시사하지만, ROE 9.6%는 시장 평균 대비 특별히 높다고 보기 어렵습니다."", ""기술적으로 52주 최고가 대비 현재 위치는 중간 정도이며, 최근 1개월 수익률 하락과 거래량 감소는 단기적인 하락 압력을 나타냅니다."", ""현재 시장 전반의 불확실성과 거시 경제 변수들이 현대차의 단기적인 투자 방향성을 명확하게 판단하기 어렵게 만듭니다.""]",-0.4098360655737705,0.819672131147541
005380,현대차,2024-09-02,237500,5.17,0.49,9.48,50370410436000.0,Neutral,50,"[""현대차의 PER, PBR, ROE 지표는 현재 저평가 구간에 있음을 시사하며 긍정적인 재무 상태를 보여줍니다."", ""52주 최고가 대비 현재 위치는 중간 수준이지만, 최근 1개월 수익률과 거래량 변화율이 하락세를 나타내고 있어 단기적인 투자 심리가 위축될 가능성이 있습니다."", ""재무적 안정성과 단기 기술적 지표의 하락세가 혼재되어 있어 향후 20거래일 동안 뚜렷한 방향성을 예측하기 어렵습니다.""]",-2.736842105263158,3.578947368421052
005380,현대차,2024-10-02,239500,4.98,0.48,9.64,48527590542000.0,Neutral,50,"[""PER이 5.0으로 낮아 저평가 가능성이 있으나, ROE가 9.6%로 시장 평균 대비 높은 편은 아닙니다."", ""PBR이 0.48로 자산 가치 대비 저평가된 것으로 보이나, 최근 1개월 수익률이 -8.49%로 하락세를 보이고 있습니다."", ""52주 최고가 대비 현재 위치가 52.5%로 중간 수준이며, 거래량 변화율이 마이너스인 점은 매수세가 강하지 않음을 시사합니다.""]",3.7578288100208765,-9.603340292275574
005380,현대차,2024-11-01,216500,4.48,0.43,9.6,43715783041000.0,Neutral,50,"[""PER이 4.5로 낮아 저평가 가능성이 있으나, ROE가 9.6%로 시장 평균 대비 높지 않아 추가 상승 동력이 제한적일 수 있습니다."", ""PBR이 0.43으로 낮아 자산 가치 대비 저평가된 것으로 보이나, 최근 1개월 수익률이 -12.50%로 하락세를 보이고 있어 투자 심리가 위축된 것으로 판단됩니다."", ""52주 최고가 대비 현재 위치가 34.1%로 낮아 상승 여력이 있어 보이지만, 거래량 변화율이 -9.50%로 감소하고 있어 매수세가 약한 상황입니다.""]",-2.5404157043879905,-0.23094688221709006
005380,현대차,2024-12-02,214500,4.54,0.43,9.47,44227677456000.0,Buy,75,"[""현대차의 PER 4.5, PBR 0.43, ROE 9.5%는 현재 주가가 기업의 내재가치 대비 저평가되어 있음을 시사합니다."", ""52주 최저가 대비 현재 위치가 30.4%로, 상승 여력이 충분히 남아있다고 판단됩니다."", ""최근 1개월 수익률이 1.17%로 소폭 상승세를 보이고 있으며, 거래량 변화율 15.43%는 시장의 관심이 증가하고 있음을 나타냅니다.""]",-1.8648018648018647,-0.6993006993006993
005380,현대차,2025-01-02,213000,4.44,0.43,9.68,43306267509000.0,Neutral,50,"[""현대차의 PER이 4.4로 낮아 저평가 가능성이 있으나, ROE가 9.7%로 시장 평균 대비 아주 높지는 않습니다."", ""PBR이 0.43으로 낮아 자산 가치 대비 저평가된 것으로 보이지만, 최근 1개월 수익률이 -3.20%로 하락세를 보이고 있습니다."", ""52주 최고가 대비 현재 위치가 26.6%로 낮아 상승 여력이 있어 보이나, 거래량 변화율이 -26.84%로 감소하여 투자 심리가 위축된 것으로 판단됩니다.""]",6.103286384976526,-4.460093896713615
005380,현대차,2025-02-03,201000,4.24,0.41,9.67,41361068732000.0,Neutral,50,"[""PER이 4.2로 낮아 저평가 가능성이 있으나, ROE가 9.7%로 시장 평균 대비 높은 편은 아닙니다."", ""PBR 0.41은 자산 가치 대비 저평가 신호로 볼 수 있으나, 최근 1개월 수익률이 -7.13%로 하락세를 보이고 있습니다."", ""52주 최고가 대비 현재 위치가 18.6%로 낮지만, 거래량 변화율이 30.38%로 증가한 점은 긍정적이나 추세 전환을 확신하기에는 부족합니다.""]",-0.7960199004975124,-3.134328358208955
005380,현대차,2025-03-04,194700,4.0,0.38,9.5,38965402869800.0,Neutral,50,"[""현재가 52주 최저가에 근접해 있어 하방 경직성이 기대되지만, 최근 1개월 수익률이 마이너스인 점은 부담 요인입니다."", ""PER 4.0, PBR 0.38, ROE 9.5% 등 재무지표는 저평가 구간에 있음을 시사하나, 단기적인 시장 흐름을 뒤집을 만큼 강한 모멘텀은 보이지 않습니다."", ""거래량 변화율이 크지 않아 뚜렷한 수급 변화를 감지하기 어렵고, 52주 최고가 대비 큰 폭의 하락으로 인해 투자 심리가 위축될 가능성도 있습니다.""]",1.7976373908577297,0.8217770929635336
005380,현대차,2025-04-01,196300,4.19,0.34,8.11,40664892327600.0,Buy,75,"[""현대차의 PER 4.2, PBR 0.34, ROE 8.1%는 현재 주가가 기업의 내재가치 대비 저평가되어 있음을 시사합니다."", ""52주 최저가 대비 현재 위치가 7.7%로, 바닥권에서 반등 가능성이 높아 보입니다."", ""최근 1개월 수익률이 2.90%로 소폭 상승세를 보이고 있으며, 이는 긍정적인 투자 심리를 반영할 수 있습니다.""]",-9.322465613856343,-2.9037187977585326
005380,현대차,2025-05-02,187600,4.0,0.32,8.0,38781120880400.0,Neutral,50,"[""현대차의 PER 4.0, PBR 0.32, ROE 8.0%는 재무적으로 저평가된 측면을 시사하지만, 최근 1개월 수익률 -3.52%와 거래량 변화율 -2.08%는 단기적인 약세 흐름을 나타냅니다."", ""현재 주가는 52주 최저가 대비 9.9% 높은 수준으로, 하방 경직성은 있으나 52주 최고가 대비 큰 폭으로 하락한 상태입니다."", ""재무 지표는 긍정적인 요소를 가지고 있으나, 기술 지표상 단기적인 매도 압력이 존재하며 뚜렷한 상승 또는 하락 추세를 보이지 않아 방향성 판단이 어렵습니다.""]",5.063965884861407,1.0660980810234542
005380,현대차,2025-06-02,186000,3.88,0.31,7.99,37675428944000.0,Neutral,50,"[""PER이 낮고 PBR이 1 미만으로 저평가 가능성이 있으나, ROE가 시장 평균 대비 높지 않아 재무적 매력도가 아주 크지는 않습니다."", ""현재가가 52주 최저가에 근접해 있어 기술적으로는 반등 가능성이 있지만, 최근 1개월 수익률이 마이너스이고 거래량 변화율도 감소하여 매수세가 약한 모습을 보입니다."", ""단기적인 기술적 지표는 하락 압력을 시사하지만, 장기적인 재무 지표는 저평가 매력을 보여 투자 방향성을 명확히 판단하기 어렵습니다.""]",8.333333333333332,15.32258064516129
005380,현대차,2025-07-01,213500,4.43,0.36,8.13,42999130860000.0,Buy,75,"[""현대차의 PBR 0.36은 자산 가치 대비 저평가 가능성을 시사하며, ROE 8.1%는 안정적인 수익성을 보여줍니다."", ""최근 1개월 수익률 9.95%와 거래량 변화율 43.09%는 시장의 관심 증가와 매수세 유입 가능성을 나타냅니다."", ""현재 주가는 52주 최고가 대비 하락한 위치에 있어 추가 상승 여력이 존재하며, 기술적 반등을 기대해 볼 수 있습니다.""]",-1.873536299765808,4.449648711943794
005380,현대차,2025-08-01,211000,4.43,0.36,8.13,42999130860000.0,Neutral,50,"[""현대차는 현재 PBR 0.36으로 저평가 구간에 있으며 ROE 8.1%는 양호한 수준입니다."", ""52주 최고가 대비 현재 위치가 37.8%로 상승 여력이 남아있으나, 최근 1개월 수익률이 -2.10%로 약세를 보이고 있습니다."", ""거래량 변화율이 11.63%로 긍정적인 신호를 보이지만, 재무 및 기술적 지표들이 명확한 상승 또는 하락 방향을 제시하지 못하고 있어 중립적인 판단이 필요합니다.""]",0.7109004739336493,4.265402843601896
005380,현대차,2025-09-01,220000,4.65,0.38,8.17,45149087403000.0,Neutral,50,"[""PER이 낮고 PBR이 1 미만으로 저평가 가능성이 있으나, ROE가 시장 평균 대비 높지 않아 뚜렷한 상승 동력은 부족합니다."", ""52주 최고가 대비 현재 위치가 중간 정도이며, 최근 1개월 수익률이 소폭 상승했으나 거래량 변화율이 크게 감소하여 매수세가 약화된 것으로 보입니다."", ""거시 경제 불확실성과 자동차 산업 전반의 경쟁 심화 가능성을 고려할 때, 단기적인 뚜렷한 상승 또는 하락을 예측하기 어렵습니다.""]",-0.45454545454545453,-2.272727272727273
005380,현대차,2025-10-01,220000,4.55,0.37,8.13,44125298573000.0,Neutral,50,"[""PER이 낮고 PBR이 1 미만으로 저평가 가능성이 있으나, ROE가 시장 평균 대비 높지 않아 뚜렷한 상승 동력은 부족합니다."", ""52주 최고가 대비 현재 위치가 중간 정도이며, 최근 1개월 수익률이 마이너스로 단기적인 하락 압력이 존재합니다."", ""거래량 변화율이 양수이나 상승 추세를 확정하기에는 부족하며, 재무 및 기술 지표 상 뚜렷한 매수 또는 매도 신호가 나타나지 않아 방향성 판단이 어렵습니다.""]",10.0,22.272727272727273
005380,현대차,2025-11-03,276000,6.15,0.5,8.13,59686888789000.0,Buy,85,"[""현대차는 현재 52주 최고가에 근접한 강한 상승세를 보이고 있으며, 최근 1개월 수익률이 35.90%로 매우 높습니다."", ""거래량 변화율이 119.08%로 크게 증가한 것은 매수세가 강하게 유입되고 있음을 시사합니다."", ""PBR 0.50은 기업의 순자산 가치 대비 저평가 가능성을 나타내며, ROE 8.1%는 수익성을 보여줍니다.""]",-2.536231884057971,-3.6231884057971016
005380,현대차,2025-12-01,266000,5.37,0.43,8.01,52110851447000.0,Neutral,50,"[""PER, PBR, ROE 등 재무지표는 저평가 구간에 있음을 시사하나, 최근 1개월 수익률 하락과 거래량 감소는 투자 심리 위축을 나타냅니다."", ""52주 최고가 대비 현재 위치는 중간 수준이지만, 최근 하락 추세가 단기적으로 이어질 가능성을 배제할 수 없습니다."", ""뚜렷한 상승 또는 하락 추세를 뒷받침할 강력한 재료가 부족하여 향후 20거래일 내 방향성 판단이 어렵습니다.""]",15.413533834586465,12.218045112781954
000270,기아,2023-01-02,62400,5.18,0.69,13.32,24010399377000.0,Neutral,50,"[""기아는 현재 52주 최저가에 근접한 가격으로, 저가 매수의 기회가 있을 수 있습니다."", ""최근 1개월 수익률이 마이너스이고 거래량 변화율도 하락세를 보이고 있어 단기적인 하락 압력이 존재합니다."", ""PER, PBR, ROE 등 재무지표는 양호한 편이나, 기술적 지표에서 명확한 상승 또는 하락 추세를 나타내지 않아 방향성 판단이 어렵습니다.""]",2.403846153846154,11.698717948717949
000270,기아,2023-02-01,69700,5.85,0.78,13.33,27133703361000.0,Buy,75,"[""기아는 현재 PBR 0.78로 자산 가치 대비 저평가된 것으로 판단됩니다."", ""ROE 13.3%는 양호한 수익성을 보여주며, 이는 주가 상승의 긍정적인 요인입니다."", ""최근 1개월 수익률 17.20%와 거래량 변화율 29.43%는 시장의 관심이 증가하고 있으며 상승 추세가 이어질 가능성을 시사합니다.""]",2.8694404591104736,12.195121951219512
000270,기아,2023-03-02,78200,6.55,0.87,13.28,30374131244400.0,Buy,75,"[""기아는 현재 PBR 0.87로 자산 가치 대비 저평가되어 있으며, ROE 13.3%로 양호한 수익성을 보여주고 있습니다."", ""최근 1개월 수익률이 16.47%로 강한 상승세를 보이고 있으며, 52주 최고가 대비 현재 위치가 68.5%로 아직 상승 여력이 남아있습니다."", ""거래량 변화율이 음수이나, 이는 단기적인 차익 실현 물량 소화 과정으로 해석될 수 있으며, 전반적인 재무 및 기술적 지표가 긍정적인 신호를 보내고 있습니다.""]",-0.2557544757033248,3.580562659846547
000270,기아,2023-04-03,80100,6.02,0.81,13.46,31701535437600.0,Buy,75,"[""기아는 현재 PER 6.0, PBR 0.81로 저평가 구간에 있으며, ROE 13.5%로 견조한 수익성을 보여주고 있습니다."", ""52주 최고가 대비 현재 위치가 81.1%로 상승 여력이 남아있으며, 최근 1개월 수익률도 3.84%로 긍정적인 흐름을 이어가고 있습니다."", ""거래량 변화율이 소폭 하락했으나, 전반적인 재무 및 기술적 지표가 시장 대비 상승 가능성을 시사하고 있습니다.""]",6.117353308364544,7.990012484394507
000270,기아,2023-05-02,86500,6.44,0.86,13.35,33926889526200.0,Buy,75,"[""현재가가 52주 최고가에 근접하며 강한 상승 모멘텀을 보여주고 있습니다."", ""최근 1개월 수익률이 양호하고 거래량 변화율이 높아 투자자들의 관심이 증가하고 있음을 시사합니다."", ""PER, PBR, ROE 등 재무 지표가 양호하여 기업의 가치 대비 저평가 가능성과 수익성을 뒷받침합니다.""]",4.161849710982659,-1.5028901734104045
000270,기아,2023-06-01,85200,6.24,0.84,13.46,32872774431600.0,Neutral,50,"[""PER, PBR, ROE 등 재무지표는 양호하나, 최근 1개월 수익률 및 거래량 변화율이 부정적인 신호를 보내고 있습니다."", ""52주 최고가 대비 현재 위치가 80.8%로 상승 여력이 남아있지만, 단기적인 하락 압력도 존재합니다."", ""재무적 안정성과 기술적 지표의 상반된 신호로 인해 향후 20거래일 동안 명확한 방향성을 예측하기 어렵습니다.""]",-4.225352112676056,3.873239436619718
000270,기아,2023-07-03,88900,6.56,0.88,13.41,34551550323000.0,Buy,75,"[""기아는 현재 52주 최고가에 근접해 있으며, 이는 강한 상승 모멘텀을 시사합니다."", ""최근 1개월 수익률이 5.11%로 양호하며, 이는 단기적인 시장 대비 우수한 성과를 보여줍니다."", ""PBR 0.88과 ROE 13.4%는 기업의 자산 대비 수익성이 양호함을 나타내며, 이는 주가 상승의 긍정적인 요인으로 작용할 수 있습니다.""]",-0.44994375703037126,-6.299212598425196
000270,기아,2023-08-01,80000,6.17,0.83,13.45,32521402733400.0,Neutral,50,"[""PER이 6.2로 낮아 저평가 매력이 있으나, 최근 1개월 수익률이 마이너스이고 거래량 변화율도 감소하여 단기적인 매도 압력이 존재합니다."", ""PBR이 1 미만이고 ROE가 13.4%로 양호하여 기업의 내재가치는 긍정적입니다."", ""현재 주가는 52주 최고가 대비 하락했으나 52주 최저가 대비로는 높은 수준에 있어, 명확한 상승 또는 하락 추세를 판단하기 어렵습니다.""]",-1.375,0.25
000270,기아,2023-09-01,80000,5.91,0.79,13.37,31115915940600.0,Neutral,40,"[""기아의 PER 5.9는 낮은 수준으로 저평가 가능성을 시사하나, 해당없음으로 표시되어 적자기업이 아님을 가정합니다."", ""PBR 0.79는 자산가치 대비 저평가 구간에 있음을 나타내며, ROE 13.4%는 양호한 수익성을 보여줍니다."", ""52주 최고가 대비 현재 위치가 66.2%로 상승 여력이 남아있지만, 최근 1개월 수익률이 마이너스이고 거래량 변화율도 감소하여 단기적인 상승 모멘텀은 약한 편입니다.""]",-3.0,6.5
000270,기아,2023-10-04,83500,6.07,0.81,13.34,31974824536200.0,Buy,75,"[""기아는 현재 PBR 0.81로 자산 가치 대비 저평가된 것으로 판단되며, ROE 13.3%는 양호한 수익성을 보여줍니다."", ""52주 최고가 대비 현재 위치가 73.4%로, 아직 상승 여력이 남아있다고 볼 수 있습니다."", ""최근 1개월 수익률이 소폭 상승세를 보이고 있으며, 거래량 감소는 일시적인 조정일 가능성이 있습니다.""]",0.8383233532934131,-7.065868263473053
000270,기아,2023-11-01,78500,5.74,0.77,13.41,30217966045200.0,Neutral,50,"[""PER, PBR, ROE 등 재무지표는 양호하나, 최근 1개월 수익률 하락과 거래량 증가가 상반된 신호를 보내고 있어 단기 방향성 판단이 어렵습니다."", ""현재가가 52주 최고가 대비 약 12.8% 하락한 위치에 있어 추가 상승 여력과 하락 위험이 공존합니다."", ""기술적 지표상 명확한 추세 전환 신호가 나타나지 않아 향후 20거래일 내 시장 대비 뚜렷한 상승 또는 하락을 예측하기 어렵습니다.""]",-1.2738853503184715,9.42675159235669
000270,기아,2023-12-01,84100,6.36,0.85,13.36,33497435228400.0,Buy,75,"[""기아의 PER 6.4배는 동종업계 평균 대비 낮은 수준으로 저평가 가능성을 시사합니다."", ""PBR 0.85배는 자산 가치 대비 저렴한 수준이며, ROE 13.4%는 양호한 수익성을 보여줍니다."", ""최근 1개월 수익률 9.30%는 긍정적인 상승 추세를 나타내며, 52주 최고가 대비 현재 위치가 86.0%로 상승 여력이 남아있습니다.""]",3.56718192627824,10.46373365041617
000270,기아,2024-01-02,93800,7.23,0.97,13.42,38104308604800.0,Buy,75,"[""기아는 현재 PER 7.2배, PBR 0.97배로 저평가 구간에 있으며, ROE 13.4%로 양호한 수익성을 보여주고 있습니다."", ""52주 최고가 대비 현재 위치가 94.1%로 상승 추세가 강하게 나타나고 있으며, 최근 1개월 수익률도 13.49%로 긍정적입니다."", ""거래량 변화율이 7.38%로 증가하는 추세는 매수세 유입 가능성을 시사하며, 이는 향후 20거래일 내 시장 대비 상승 가능성을 높입니다.""]",-3.518123667377399,9.701492537313433
000270,기아,2024-02-01,119500,7.88,1.05,13.32,41500901687400.0,Buy,85,"[""기아는 현재 52주 최고가에 근접하며 강한 상승 모멘텀을 보여주고 있습니다."", ""최근 1개월 수익률이 13.33%로 양호하며, 거래량 변화율도 33.67%로 증가하여 투자 심리가 긍정적입니다."", ""PER 7.9, PBR 1.05, ROE 13.3% 등 재무 지표 또한 안정적인 수준으로 기업의 펀더멘탈이 뒷받침되고 있습니다.""]",-1.9246861924686192,6.2761506276150625
000270,기아,2024-03-04,123000,9.31,1.25,13.43,49035872548800.0,Buy,85,"[""기아는 현재 52주 최고가에 근접해 있으며, 최근 1개월 수익률이 28.16%로 강한 상승세를 보이고 있습니다."", ""거래량 변화율이 107.80%로 크게 증가하며 매수세가 유입되고 있음을 시사합니다."", ""PER 9.3, PBR 1.25, ROE 13.4% 등 재무 지표 또한 양호한 수준으로, 펀더멘탈 측면에서도 상승 여력을 뒷받침하고 있습니다.""]",2.5203252032520327,-14.878048780487804
000270,기아,2024-04-01,104700,4.9,0.91,18.57,42437892882600.0,Neutral,50,"[""기아는 현재 PER이 낮고 ROE가 높아 재무적으로는 매력적인 부분이 있으나, 최근 1개월 수익률이 마이너스이고 거래량 변화율도 감소하여 단기적인 투자 심리가 위축된 것으로 보입니다."", ""52주 최고가 대비 현재 위치가 62.3%로, 여전히 상승 여력이 남아있다고 볼 수도 있지만, 최근 하락세를 감안하면 추가 하락 가능성도 배제할 수 없습니다."", ""단기적인 기술적 지표들이 명확한 상승 또는 하락 신호를 보내고 있지 않아, 향후 20거래일 내 시장 대비 뚜렷한 방향성을 예측하기 어렵습니다.""]",3.151862464183381,14.231136580706782
000270,기아,2024-05-02,113900,5.4,1.0,18.52,46693394560800.0,Buy,75,"[""기아는 현재 PER 5.4배로 저평가 구간에 있으며, ROE 18.5%로 높은 수익성을 보여주고 있습니다."", ""52주 최고가 대비 현재 위치가 82.8%로 상승 여력이 남아있으며, 최근 1개월 수익률도 10.03%로 긍정적인 흐름을 보이고 있습니다."", ""거래량 변화율이 소폭 하락했으나, 전반적인 재무 및 기술적 지표가 시장 대비 상승 가능성을 시사하고 있습니다.""]",0.35118525021949076,4.477611940298507
000270,기아,2024-06-03,119000,5.44,1.01,18.57,47122848858600.0,Neutral,60,"[""기아는 재무적으로 안정적인 모습을 보이며 ROE가 18.6%로 양호하나, 최근 1개월 수익률이 소폭 상승했음에도 불구하고 거래량 변화율이 크게 하락하여 투자 심리가 위축될 가능성이 있습니다."", ""현재 주가는 52주 최고가 대비 약 7.4% 하락한 수준으로, 단기적인 추가 상승보다는 숨고르기 구간에 진입할 가능성을 배제할 수 없습니다."", ""기술적 지표에서 뚜렷한 상승 또는 하락 추세를 나타내는 강력한 신호가 부족하여 향후 20거래일 동안 시장 대비 뚜렷한 방향성을 예측하기 어렵습니다.""]",2.941176470588235,3.949579831932773
000270,기아,2024-07-01,123600,5.8,1.08,18.62,50207111542800.0,Buy,75,"[""기아는 현재 52주 최고가에 근접한 위치에 있으며, 이는 강한 상승 추세를 시사합니다."", ""최근 1개월 수익률이 9.26%로 양호한 흐름을 보이고 있어 단기적인 상승 모멘텀이 유지될 가능성이 높습니다."", ""ROE가 18.6%로 높아 기업의 수익성이 우수하며, 이는 주가 상승의 긍정적인 요인으로 작용할 수 있습니다.""]",-0.889967637540453,-9.70873786407767
000270,기아,2024-08-01,107100,5.06,0.94,18.58,43765297075800.0,Neutral,50,"[""기아는 현재 PBR 0.94로 자산 가치 대비 저평가 가능성이 있으나, 최근 1개월 수익률이 -9.38%로 하락세를 보이고 있어 단기적인 투자 심리가 위축된 것으로 판단됩니다."", ""거래량 변화율 또한 -22.05%로 감소하여 시장의 관심이 줄어들고 있음을 시사합니다."", ""PER 지표가 해당없음(적자기업)으로 표시되어 있지 않아 재무 건전성 판단에 일부 제약이 있으며, 52주 최고가 대비 현재 위치가 63.5%로 상승 여력과 하락 위험이 공존하는 상황입니다.""]",-4.855275443510738,-0.9337068160597572
000270,기아,2024-09-02,102200,4.79,0.89,18.58,41422819087800.0,Neutral,55,"[""기아는 현재 PBR 0.89로 자산 가치 대비 저평가된 측면이 있으나, 최근 1개월 수익률이 마이너스를 기록하며 단기적인 하락세를 보이고 있습니다."", ""ROE 18.6%는 양호한 수준으로 기업의 수익성을 뒷받침하지만, 52주 최고가 대비 현재 위치가 52.7%로 절반 수준에 머물러 있어 상승 여력에 대한 판단이 엇갈릴 수 있습니다."", ""거래량 변화율이 10.16%로 소폭 증가했지만, 이는 매수세 유입인지 차익 실현 매물인지 명확하지 않아 향후 20거래일 동안의 방향성을 단정하기 어렵습니다.""]",-1.9569471624266144,-2.5440313111545985
000270,기아,2024-10-02,98000,4.45,0.83,18.65,38533762902600.0,Neutral,50,"[""PER이 4.5로 낮아 저평가 가능성이 있으나, 해당없음으로 표시되어 적자기업이 아닌지 추가 확인이 필요합니다."", ""PBR이 0.83으로 1 미만이어서 자산 가치 대비 저평가된 것으로 보입니다."", ""ROE가 18.6%로 높아 기업의 수익성이 우수합니다."", ""52주 최고가 대비 현재 위치가 39.4%로, 아직 최고가에 도달하지 않아 상승 여력이 남아있습니다."", ""최근 1개월 수익률이 -5.64%로 하락세를 보이고 있으나, 거래량 변화율이 26.37%로 증가하여 향후 변동성을 예상해 볼 수 있습니다.""]",2.6530612244897958,-0.6122448979591837
000270,기아,2024-11-01,97400,4.25,0.79,18.59,36815945711400.0,Buy,70,"[""기아는 현재 PBR 0.79로 자산 가치 대비 저평가되어 있으며, ROE 18.6%로 높은 수익성을 보여주고 있습니다."", ""최근 1개월 수익률은 하락했지만, 52주 내 현재 위치가 31.4%로 바닥권에서 반등할 가능성이 있습니다."", ""거래량 변화율이 4.95%로 긍정적인 신호를 보이며, 이는 투자자들의 관심이 증가하고 있음을 시사합니다.""]",-2.8747433264887063,-3.285420944558522
000270,기아,2024-12-02,98000,4.25,0.79,18.59,36776904411600.0,Neutral,50,"[""PER이 4.2로 낮아 저평가 가능성이 있으나, 적자기업이 아니라는 점을 고려해야 합니다."", ""PBR 0.79와 ROE 18.6%는 재무적으로 양호한 편이지만, 52주 최고가 대비 현재 위치가 낮아 추가 상승 여력에 대한 의문이 있습니다."", ""최근 1개월 수익률이 마이너스이고 거래량 변화율도 감소하여 단기적인 투자 심리가 위축된 것으로 보입니다.""]",-2.2448979591836733,2.7551020408163267
000270,기아,2025-01-02,100700,4.58,0.85,18.56,39665960596800.0,Buy,75,"[""기아의 PER 4.6은 시장 평균 대비 낮은 수준으로 저평가 가능성을 시사합니다."", ""ROE 18.6%는 높은 수준으로 기업의 수익성이 우수함을 나타냅니다."", ""최근 1개월 수익률 9.36%와 거래량 변화율 7.01%는 긍정적인 수급 신호를 보여줍니다.""]",4.865938430983118,-1.8867924528301887
000270,기아,2025-02-03,96700,4.34,0.81,18.66,37518689107800.0,Neutral,50,"[""기아는 현재 PER이 낮고 PBR이 1 미만으로 저평가 가능성이 있으나, ROE가 18.7%로 양호한 편입니다."", ""52주 최고가 대비 현재 위치가 19.7% 하락한 상태이며, 최근 1개월 수익률이 마이너스이고 거래량 변화율도 감소하여 단기적인 하락 압력이 존재합니다."", ""재무 지표는 긍정적인 요소를 포함하고 있으나, 기술 지표 상 단기적인 하락 추세가 관찰되어 향후 20거래일 내 명확한 방향성을 판단하기 어렵습니다.""]",-2.998965873836608,-0.8273009307135472
000270,기아,2025-03-04,95900,4.21,0.78,18.53,36425532713400.0,Neutral,50,"[""기아는 현재 PBR 0.78로 자산 가치 대비 저평가된 것으로 보이며, ROE 18.5%는 양호한 수익성을 나타냅니다."", ""하지만 최근 1개월 수익률이 -8.53%로 하락세를 보이고 있으며, 52주 최고가 대비 현재 위치가 6.0%로 하락 추세에 대한 우려가 존재합니다."", ""거래량 변화율이 소폭 상승했으나, 전반적인 시장 상황 및 추가적인 모멘텀 부재로 인해 20거래일 내 뚜렷한 방향성을 예측하기 어렵습니다.""]",3.3368091762252345,-3.962460896767466
000270,기아,2025-04-01,92100,3.74,0.65,17.38,36386491413600.0,Buy,75,"[""기아는 낮은 PER(3.7)과 PBR(0.65)을 기록하며 저평가 매력이 부각되고 있습니다."", ""높은 ROE(17.4%)는 기업의 수익성이 양호함을 시사하며, 이는 주가 상승의 긍정적인 요인입니다."", ""52주 최저가(90,800원) 대비 현재가(92,100원)가 근접해 있어 기술적으로 반등 가능성이 존재하며, 최근 거래량 변화율(25.67%)은 매수세 유입 가능성을 나타냅니다.""]",-9.011943539630836,-1.8458197611292075
000270,기아,2025-05-02,88100,3.59,0.63,17.55,34902922021200.0,Neutral,50,"[""기아는 현재 52주 최저가에 근접한 수준으로 저가 매수의 기회가 있을 수 있으나, 최근 1개월 수익률 하락과 거래량 감소는 매수세 약화를 시사합니다."", ""PER 3.6배, PBR 0.63배, ROE 17.6% 등 재무 지표는 저평가 구간에 있음을 나타내지만, 이는 단기적인 주가 상승을 보장하지는 않습니다."", ""기술적으로는 52주 최저가 부근에서 지지력을 확인할 필요가 있으며, 명확한 상승 추세 전환 신호가 나타나기 전까지는 관망하는 것이 합리적입니다.""]",4.880817253121453,5.675368898978434
000270,기아,2025-06-02,89600,3.55,0.62,17.46,34512509023200.0,Buy,65,"[""기아의 PBR 0.62는 자산 가치 대비 저평가 가능성을 시사하며, ROE 17.5%는 높은 수익성을 보여주고 있습니다."", ""현재 주가는 52주 최저가 대비 12.7% 상승한 수준으로, 52주 최고가 대비 하락폭이 커 추가 상승 여력이 존재합니다."", ""최근 1개월 수익률과 거래량 변화율이 소폭 하락했지만, 이는 단기적인 조정으로 해석될 수 있으며 재무 건전성을 바탕으로 반등 가능성이 있습니다.""]",9.821428571428571,11.71875
000270,기아,2025-07-01,100000,3.96,0.69,17.42,38533762902600.0,Buy,75,"[""기아는 현재 PER 4.0으로 저평가 구간에 있으며, ROE 17.4%로 수익성이 양호합니다."", ""PBR 0.69로 자산 가치 대비 저평가되어 있어 상승 여력이 있습니다."", ""최근 1개월 수익률 5.90%와 거래량 변화율 21.02%는 긍정적인 수급 개선 신호로 해석될 수 있습니다."", ""현재 주가는 52주 최고가 대비 약 25% 하락한 수준으로, 기술적으로도 반등 가능성이 존재합니다.""]",-0.4,10.4
000270,기아,2025-08-01,102800,4.05,0.7,17.28,39353630198400.0,Buy,75,"[""기아는 낮은 PER(4.0)과 PBR(0.70)을 기록하며 저평가 매력이 부각되고 있습니다."", ""높은 ROE(17.3%)는 기업의 수익성이 우수함을 시사하며, 이는 주가 상승의 긍정적인 요인으로 작용할 수 있습니다."", ""최근 1개월 수익률이 소폭 상승했고 거래량 변화율도 긍정적인 점은 투자 심리가 개선되고 있음을 나타냅니다.""]",-1.1673151750972763,4.280155642023346
000270,기아,2025-09-01,107200,4.28,0.74,17.29,41578984287000.0,Buy,70,"[""기아는 낮은 PER과 PBR, 높은 ROE를 기록하며 재무적으로 우량한 상태를 유지하고 있습니다."", ""현재 주가는 52주 최고가에 근접한 수준이지만, 52주 내 현재 위치가 높아 추가 상승 여력이 있습니다."", ""최근 1개월 수익률이 긍정적이며, 거래량 감소는 일시적인 조정일 가능성이 있습니다.""]",-1.585820895522388,-6.063432835820896
000270,기아,2025-10-01,104200,4.04,0.7,17.33,39275547598800.0,Buy,70,"[""기아의 PBR 0.70, ROE 17.3%는 저평가 및 우수한 수익성을 시사하며, 이는 주가 상승 요인으로 작용할 수 있습니다."", ""현재가 104,200원은 52주 최고가 110,400원에 근접해 있으나, 52주 내 현재 위치 65.5%는 여전히 상승 여력이 있음을 나타냅니다."", ""최근 1개월 수익률은 하락했으나, 거래량 변화율 52.30%의 증가는 향후 주가 반등에 대한 기대감을 높입니다.""]",6.813819577735125,7.485604606525912
000270,기아,2025-11-03,114400,4.73,0.82,17.34,45951609864600.0,Buy,75,"[""기아는 현재 0.82의 PBR과 17.3%의 높은 ROE를 기록하며 저평가된 우량주로 판단됩니다."", ""52주 최고가 대비 현재 위치가 94.2%로 상승 추세가 강하게 나타나고 있으며, 최근 1개월 수익률도 17.47%로 양호합니다."", ""거래량 변화율이 48.96%로 증가하며 투자자들의 관심이 집중되고 있어 단기적인 상승 가능성이 높다고 판단됩니다.""]",1.3986013986013985,2.272727272727273
000270,기아,2025-12-01,117000,4.51,0.79,17.52,43843379675400.0,Neutral,50,"[""기아는 현재 52주 최고가에 근접해 있으며, 최근 1개월 수익률과 거래량 변화율이 하락세를 나타내고 있어 단기적인 상승 모멘텀이 약화된 것으로 보입니다."", ""하지만 PER 4.5, PBR 0.79, ROE 17.5% 등 재무 지표는 여전히 우수한 수준을 유지하고 있어 기업 가치 대비 저평가 매력이 존재합니다."", ""기술적 지표상으로는 상승 추세가 꺾일 가능성과 함께, 우수한 재무 상태를 바탕으로 반등할 가능성도 동시에 존재하여 명확한 방향성 판단이 어렵습니다.""]",5.811965811965812,3.076923076923077
105560,KB금융,2023-01-02,49050,,,,17747681658000.0,Neutral,40,"[""KB금융은 금융업 특성상 PER, PBR, ROE 등 일반적인 재무지표로 적정 가치 판단이 어렵습니다."", ""현재 주가는 52주 최고가 대비 상당 부분 하락했으며, 최근 1개월 수익률 또한 마이너스를 기록하며 하방 압력을 받고 있습니다."", ""다만, 시가총액이 17.7조원으로 상당한 규모를 가지고 있고, 52주 최저가 대비로는 아직 여유가 있어 급격한 하락보다는 관망세가 이어질 가능성이 있습니다.""]",17.83893985728848,14.984709480122325
105560,KB금융,2023-02-01,56400,,,,21401616117000.0,Buy,75,"[""최근 1개월 수익률이 18.35%로 강한 상승세를 보이고 있으며, 이는 투자자들의 긍정적인 심리를 반영합니다."", ""거래량 변화율이 58.72%로 크게 증가한 것은 매수세 유입 가능성을 시사하며, 상승 동력을 강화할 수 있습니다."", ""현재 주가가 52주 최고가 대비 약 14% 하락한 수준으로, 기술적으로 추가 상승 여력이 존재한다고 판단됩니다.""]",-3.900709219858156,-11.347517730496454
105560,KB금융,2023-03-02,50000,,,,18866233023000.0,Neutral,40,"[""KB금융은 금융업종 특성상 PER, PBR, ROE 등 일반적인 재무지표 분석이 어렵습니다."", ""현재가 50,000원은 52주 최고가 대비 약 19% 하락한 수준으로, 52주 내 현재 위치가 37.9%임을 감안할 때 추가 하락보다는 반등 가능성도 존재합니다."", ""최근 1개월 수익률이 -9.48%로 하락세를 보이고 있으며, 거래량 변화율 또한 음수(-2.13%)로 매수세가 강하지 않아 단기적인 방향성을 명확히 판단하기 어렵습니다.""]",-0.6,-4.7
105560,KB금융,2023-04-03,47750,,,,17635826521500.0,Neutral,50,"[""PER, PBR, ROE 등 주요 재무지표가 적자 또는 N/A로 분석이 어려운 상황입니다."", ""현재가는 52주 최저가에 근접해 있지만, 최근 1개월 수익률과 거래량 변화율이 부정적인 흐름을 보이고 있습니다."", ""시가총액이 크고 금융업종의 특성상 단기적인 급등락보다는 안정적인 흐름을 보일 가능성이 높아 명확한 매수 또는 매도 신호를 판단하기 어렵습니다.""]",-1.6753926701570683,1.1518324607329842
105560,KB금융,2023-05-02,48300,,,,18456097522500.0,Neutral,40,"[""KB금융은 현재 적자 기업으로 분류되어 PER, PBR, ROE 지표 분석이 어렵습니다."", ""현재가는 52주 최저가에 근접해 있으나, 52주 최고가 대비로는 상당한 하락폭을 보이고 있어 매수세 유입 여부가 불확실합니다."", ""최근 1개월 수익률은 소폭 상승했으나 거래량 변화율이 음수(-)로 나타나 투자 심리가 위축되었을 가능성이 있습니다.""]",1.8633540372670807,-1.7598343685300208
105560,KB금융,2023-06-01,47450,,,,17449401294000.0,Neutral,50,"[""KB금융은 금융업종 특성상 PER, PBR, ROE 등 일반적인 재무지표 해석이 어렵습니다."", ""현재가는 52주 최고가 대비 하락했으나, 최저가 대비로는 상승한 구간에 위치하며 최근 1개월 수익률은 하락세를 보이고 있습니다."", ""거래량 변화율은 소폭 상승했으나, 전반적인 기술적 지표와 재무적 불확실성을 고려할 때 20거래일 내 명확한 상승 또는 하락 방향성을 판단하기 어렵습니다.""]",2.73972602739726,2.528977871443625
105560,KB금융,2023-07-03,48400,,,,18139174635750.0,Neutral,50,"[""KB금융은 금융업종 특성상 PER, PBR, ROE 등 일반적인 재무지표 해석에 한계가 있습니다."", ""현재가는 52주 최저가 대비 약 10.5% 상승했으나, 52주 최고가 대비로는 약 19.3% 하락한 수준으로, 뚜렷한 추세 판단이 어렵습니다."", ""최근 1개월 수익률은 긍정적이나, 거래량 변화율이 마이너스인 점은 매수세 약화를 시사하며, 향후 20거래일 내 시장 대비 상승 또는 하락을 단정하기 어렵습니다.""]",-2.37603305785124,9.090909090909092
105560,KB금융,2023-08-01,52600,,,,19686504024000.0,Buy,75,"[""KB금융은 현재 52주 최고가 대비 약 12% 하락한 수준으로, 기술적으로는 반등 가능성이 있는 구간에 위치하고 있습니다."", ""최근 1개월 수익률이 8.53%로 양호한 흐름을 보이고 있으며, 거래량 변화율도 26.96%로 증가 추세를 나타내고 있어 투자 심리가 개선되고 있음을 시사합니다."", ""금융주는 일반적으로 금리 인상 시기에 수혜를 받는 경향이 있으며, 현재 시장 상황을 고려할 때 KB금융의 실적 개선 기대감도 존재합니다.""]",-3.4220532319391634,2.8517110266159698
105560,KB금융,2023-09-01,54000,,,,19984784388000.0,Neutral,50,"[""KB금융은 현재 적자 상태로 PER, PBR, ROE 지표 분석이 불가하여 재무적 안정성 판단에 어려움이 있습니다."", ""현재가는 52주 최고가 대비 약 9.3% 하락한 수준이지만, 52주 최저가 대비로는 약 23.6% 상승한 위치에 있어 추세 판단이 모호합니다."", ""최근 1개월 수익률은 소폭 상승했으나, 거래량 변화율이 크게 하락한 점은 매수세 약화를 시사하여 향후 20거래일 내 방향성을 단정하기 어렵습니다.""]",2.2222222222222223,3.3333333333333335
105560,KB금융,2023-10-04,53600,,,,20394919888500.0,Neutral,50,"[""KB금융은 현재 PER, PBR, ROE 지표가 적자 또는 N/A로 표시되어 재무 건전성 판단에 어려움이 있습니다."", ""52주 최고가 대비 현재 위치가 67.5%로, 상승 여력과 하락 위험이 공존하는 구간에 있습니다."", ""최근 1개월 수익률이 소폭 상승하고 거래량 변화율도 긍정적이지만, 20거래일 내 뚜렷한 상승 또는 하락을 예측하기에는 재무 지표의 불확실성이 큽니다.""]",5.597014925373134,-1.8656716417910446
105560,KB금융,2023-11-01,51000,,,,19127228341500.0,Neutral,40,"[""KB금융은 현재 적자 상태로 PER, PBR, ROE 등 주요 재무지표 분석이 어렵습니다."", ""최근 1개월 수익률이 마이너스(-)를 기록하며 하락세를 보이고 있으나, 52주 최고가 대비 현재 위치는 40.8%로 하락 여력이 제한적일 수 있습니다."", ""거래량 변화율이 9.27%로 소폭 증가했지만, 이것만으로는 뚜렷한 매수 또는 매도 신호로 보기 어렵습니다.""]",4.705882352941177,2.7450980392156863
105560,KB금융,2023-12-01,51500,,,,19350938614500.0,Neutral,40,"[""KB금융은 금융업종 특성상 PER, PBR, ROE 등 일반적인 재무지표로 적정 가치 판단이 어렵습니다."", ""현재 주가는 52주 최고가 대비 약 14% 하락한 수준으로, 52주 최저가 대비로는 10.5% 상승한 중간 지점에 위치해 있습니다."", ""최근 1개월 수익률은 소폭 상승했으나 거래량 변화율이 음수(-)로 나타나 매수세가 강하게 유입되고 있다고 보기 어렵습니다.""]",0.1941747572815534,0.3883495145631068
105560,KB금융,2024-01-02,52600,,,,19984784388000.0,Neutral,50,"[""KB금융은 금융업종 특성상 PER, PBR, ROE 등 일반적인 재무지표 분석이 어렵습니다."", ""현재가 52,600원은 52주 최고가 60,000원 대비 약 12.3% 하락한 수준으로, 52주 내 중간 지점보다 약간 높은 위치에 있습니다."", ""최근 1개월 수익률은 3.67%로 긍정적이나, 거래량 변화율이 -7.56%로 감소하는 추세를 보여 단기적인 매수세 유입이 약할 수 있습니다.""]",-2.4714828897338403,7.604562737642586
105560,KB금융,2024-02-01,66300,,,,22855732891500.0,Buy,75,"[""KB금융은 52주 최고가에 근접하며 강한 상승 추세를 보이고 있습니다."", ""최근 1개월 수익률이 16.54%로 양호하며, 거래량 변화율도 79.35%로 높아 투자자들의 관심이 집중되고 있음을 시사합니다."", ""재무지표 상 적자 기업으로 분류되어 있으나, 금융주는 PER, PBR, ROE 등의 지표가 일반 제조업과 다르게 해석될 수 있으며, 시가총액이 22.9조원으로 매우 큰 규모를 가지고 있어 안정적인 투자처로 인식될 수 있습니다.""]",5.128205128205128,5.279034690799397
105560,KB금융,2024-03-04,69500,,,,25726681395000.0,Buy,85,"[""KB금융은 52주 최고가에 근접한 97.0% 위치에 있으며, 최근 1개월 수익률이 23.43%로 강한 상승세를 보이고 있습니다."", ""거래량 변화율이 113.51%로 크게 증가하여 투자자들의 관심이 집중되고 있음을 시사합니다."", ""재무지표 상 PER, PBR, ROE가 '해당없음'으로 표기되어 있으나, 이는 금융업종의 특성상 일반적인 제조업과는 다른 평가 기준이 적용되기 때문이며, 시가총액 25.7조원으로 안정적인 대형주에 속합니다.""]",5.323741007194244,-0.8633093525179856
105560,KB금융,2024-04-01,68900,5.91,0.43,7.28,25502971122000.0,Buy,70,"[""KB금융은 낮은 PBR(0.43)과 ROE(7.3%)를 고려할 때 현재 주가가 기업 가치 대비 저평가되어 있을 가능성이 있습니다."", ""52주 최고가 대비 현재 위치(68.2%)는 상승 여력이 남아있음을 시사합니다."", ""최근 1개월 수익률(7.72%)이 긍정적인 흐름을 보이고 있으며, 이는 단기적인 매수 심리가 유입되고 있음을 나타냅니다.""]",0.29027576197387517,4.934687953555878
105560,KB금융,2024-05-02,73700,6.24,0.46,7.37,26957087896500.0,Buy,75,"[""KB금융은 낮은 PER과 PBR 수준으로 저평가 매력이 존재하며, ROE 또한 양호한 수준을 유지하고 있습니다."", ""현재 주가는 52주 최고가 대비 약 19.6% 하락한 수준으로, 기술적으로도 반등 가능성이 있습니다."", ""최근 1개월 수익률이 긍정적인 흐름을 보이고 있어 단기적인 상승 모멘텀이 기대됩니다.""]",10.719131614654003,5.291723202170964
105560,KB금융,2024-06-03,77600,6.85,0.5,7.3,29567041081500.0,Buy,75,"[""KB금융은 현재가 77,600원으로 52주 최고가 81,600원에 근접해 있으며, 52주 내 현재 위치가 93.5%로 매우 높은 수준입니다."", ""PBR 0.50은 자산 가치 대비 저평가 가능성을 시사하며, ROE 7.3%는 꾸준한 수익성을 보여줍니다."", ""최근 1개월 수익률 4.89%는 긍정적인 흐름을 이어가고 있으며, 거래량 변화율이 소폭 하락했음에도 불구하고 주가 상승세를 유지하고 있어 추가 상승 여력이 있다고 판단됩니다.""]",1.9329896907216495,8.762886597938143
105560,KB금융,2024-07-01,83200,6.87,0.5,7.28,29678896218000.0,Buy,75,"[""KB금융은 현재가 83,200원으로 52주 최고가 81,600원을 돌파한 상태이며, 이는 강한 상승 모멘텀을 시사합니다."", ""PBR 0.50은 자산 가치 대비 저평가되어 있음을 나타내며, ROE 7.3%는 수익성을 보여주고 있어 향후 상승 여력이 있습니다."", ""최근 1개월 수익률이 1.14%로 양호한 흐름을 보이고 있으며, 거래량 변화율이 감소했음에도 불구하고 가격이 상승세를 유지하고 있다는 점은 긍정적입니다.""]",2.403846153846154,7.331730769230769
105560,KB금융,2024-08-01,83200,7.63,0.56,7.34,32922695176500.0,Buy,75,"[""KB금융은 현재가 83,200원으로 52주 최고가 90,800원에 근접해 있으며, 52주 내 현재 위치가 94.2%로 강한 상승 추세를 보이고 있습니다."", ""최근 1개월 수익률이 4.62%로 긍정적인 흐름을 유지하고 있으며, 거래량 변화율도 4.06%로 증가하는 추세는 매수세 유입 가능성을 시사합니다."", ""PBR 0.56은 자산 가치 대비 저평가 가능성을 나타내며, ROE 7.3%는 수익성을 보여주고 있어 향후 주가 상승 여력이 있다고 판단됩니다.""]",-1.5625,5.408653846153847
105560,KB금융,2024-09-02,87000,7.57,0.56,7.4,32698984903500.0,Neutral,50,"[""KB금융은 현재 52주 최고가에 근접해 있으며, 이는 단기적인 저항 구간에 진입했음을 시사합니다."", ""최근 1개월 수익률이 소폭 하락하고 거래량 변화율이 감소한 점은 투자 심리가 다소 위축되었음을 나타냅니다."", ""PER, PBR, ROE 등의 재무 지표는 저평가 및 양호한 수익성을 보여주지만, 단기적인 기술적 저항과 투자 심리 위축을 상쇄할 만큼 강한 매수 신호로 보기는 어렵습니다.""]",-4.712643678160919,2.7586206896551726
105560,KB금융,2024-10-02,82600,7.02,0.51,7.26,30312741991500.0,Neutral,50,"[""KB금융은 낮은 PER과 PBR을 바탕으로 저평가 매력이 있으나, 최근 1개월 수익률 하락은 단기적인 부담 요인입니다."", ""52주 최고가 대비 현재 위치는 상대적으로 높은 편이나, 52주 최저가 대비로는 상당한 상승 여력을 보여주고 있습니다."", ""거래량 변화율이 긍정적인 신호를 보내고 있지만, 재무 및 기술 지표 전반에 걸쳐 명확한 상승 또는 하락 추세를 판단하기에는 근거가 다소 부족합니다.""]",17.675544794188863,9.806295399515738
105560,KB금융,2024-11-01,90700,7.93,0.58,7.31,34227671769000.0,Buy,75,"[""KB금융은 현재 PBR 0.58로 자산 가치 대비 저평가된 것으로 판단됩니다."", ""최근 1개월 수익률이 13.47%로 강한 상승세를 보이고 있으며, 52주 최고가 대비 현재 위치가 82.2%로 상승 여력이 남아있습니다."", ""ROE 7.3%는 시장 평균 대비 양호한 수준이며, 금융업종의 특성상 금리 인상 등 우호적인 거시경제 환경이 지속될 경우 추가 상승 가능성이 있습니다.""]",2.2050716648291067,6.284454244762955
105560,KB금융,2024-12-02,101200,8.32,0.61,7.33,35942783862000.0,Buy,75,"[""KB금융은 현재 52주 최고가에 근접한 수준으로, 강한 상승 추세를 이어가고 있습니다."", ""낮은 PER과 PBR은 현재 주가가 기업 가치 대비 저평가되었을 가능성을 시사하며, 이는 향후 상승 여력을 나타냅니다."", ""최근 1개월 수익률이 긍정적인 흐름을 보이고 있으며, 이는 단기적인 매수세가 유입되고 있음을 의미합니다.""]",-17.687747035573125,-17.193675889328063
105560,KB금융,2025-01-02,83800,7.2,0.53,7.36,31095727947000.0,Neutral,50,"[""KB금융의 PER은 7.2로 낮아 저평가 가능성이 있으나, ROE 7.4%는 기대치에 비해 다소 낮은 수준입니다."", ""PBR 0.53은 자산 가치 대비 저평가 신호로 볼 수 있으나, 최근 1개월 수익률이 -13.31%로 하락세를 보이고 있어 투자 심리가 위축될 수 있습니다."", ""52주 최고가 대비 현재 위치는 65.7%로 상승 여력이 남아있지만, 거래량 변화율 79.45%는 단기적인 변동성 확대를 시사하며 명확한 방향성을 판단하기 어렵습니다.""]",4.77326968973747,1.3126491646778042
105560,KB금융,2025-02-03,91300,7.67,0.56,7.3,33109120404000.0,Buy,75,"[""KB금융은 낮은 PER과 PBR 수치를 보이며 저평가 매력이 있습니다."", ""ROE가 7.3%로 양호한 수준이며, 시가총액이 33.1조원으로 안정적인 대형주입니다."", ""52주 최고가 대비 현재 위치가 76.1%로 상승 여력이 남아있으며, 최근 1개월 수익률도 긍정적입니다.""]",-7.776560788608982,-16.10076670317634
105560,KB금융,2025-03-04,76600,6.73,0.49,7.28,29045050444500.0,Neutral,50,"[""KB금융은 현재 52주 최고가 대비 낮은 수준에 위치해 있으며, 최근 1개월 수익률이 마이너스를 기록하며 하락세를 보이고 있습니다."", ""하지만 PBR이 0.49로 낮고 ROE가 7.3%로 양호한 편이며, 시가총액이 29조원으로 크다는 점은 긍정적인 요인입니다."", ""거래량 변화율이 93.79%로 높게 나타난 것은 단기적인 변동성을 시사하며, 향후 20거래일 내 명확한 방향성을 판단하기에는 재무 및 기술적 지표만으로는 부족합니다.""]",0.39164490861618795,5.091383812010443
105560,KB금융,2025-04-01,80500,6.18,0.5,8.09,29678896218000.0,Buy,75,"[""KB금융은 현재 PBR 0.50으로 자산 가치 대비 저평가된 것으로 판단됩니다."", ""ROE 8.1%는 안정적인 수익성을 보여주며, 이는 주가 상승의 기반이 될 수 있습니다."", ""52주 최저가 대비 현재 위치가 43.3%로, 상승 여력이 상대적으로 남아있다고 볼 수 있습니다.""]",-11.925465838509316,12.049689440993788
105560,KB금융,2025-05-02,93600,7.24,0.58,8.01,34749662406000.0,Buy,75,"[""KB금융은 현재가 93,600원으로 52주 최고가 101,200원에 근접해 있으며, 52주 내 현재 위치가 78.7%로 상승 추세에 있습니다."", ""최근 1개월 수익률이 15.78%로 단기적으로 강한 상승 모멘텀을 보여주고 있습니다."", ""PER 7.2, PBR 0.58, ROE 8.0% 등 재무 지표상 저평가 매력이 있으며, 금융 업종의 특성상 안정적인 수익 창출이 기대됩니다.""]",-0.2136752136752137,13.568376068376068
105560,KB금융,2025-06-02,107900,7.76,0.62,7.99,37285045500000.0,Buy,75,"[""KB금융은 현재가 107,900원으로 52주 최고가 104,300원을 상회하며 강한 상승세를 보이고 있습니다."", ""최근 1개월 수익률이 13.90%로 단기적으로도 긍정적인 흐름을 이어가고 있습니다."", ""PBR 0.62, ROE 8.0% 등 재무 지표상 저평가 매력이 존재하며, 이는 향후 상승 여력을 시사합니다.""]",-1.8535681186283595,8.341056533827619
105560,KB금융,2025-07-01,113500,8.6,0.69,8.02,41311830414000.0,Buy,85,"[""KB금융은 현재 52주 최고가에 근접한 96.4% 수준에 위치하며 강한 상승 추세를 보이고 있습니다."", ""최근 1개월 수익률이 7.89%로 양호하며, 거래량 변화율이 37.41%로 증가하는 것은 투자자들의 관심이 높아지고 있음을 시사합니다."", ""PER 8.6, PBR 0.69, ROE 8.0% 등 재무 지표 또한 안정적인 수준으로, 향후 시장 대비 상승 가능성이 높다고 판단됩니다.""]",4.317180616740088,-0.6167400881057269
105560,KB금융,2025-08-01,108400,8.23,0.66,8.02,39522148230000.0,Neutral,50,"[""KB금융은 현재 PBR 0.66으로 자산 가치 대비 저평가된 측면이 있으나, ROE 8.0%는 시장 평균 대비 눈에 띄게 높지 않아 뚜렷한 매수 신호를 보내지는 않습니다."", ""최근 1개월 수익률이 -9.32%로 하락세를 보이고 있으며, 거래량 변화율 또한 -15.86%로 감소하여 단기적인 투자 심리가 위축되었음을 시사합니다."", ""52주 최고가 대비 현재 위치가 68.9%로 상승 여력은 존재하나, 최근 하락세와 거래량 감소를 고려할 때 20거래일 내 뚜렷한 시장 대비 상승 또는 하락을 예측하기 어렵습니다.""]",3.9667896678966788,0.36900369003690037
105560,KB금융,2025-09-01,108800,8.32,0.67,8.05,39932283730500.0,Neutral,50,"[""KB금융은 현재 PBR 0.67로 자산 가치 대비 저평가된 것으로 보이나, ROE 8.1%는 다소 낮은 수준입니다."", ""52주 최고가 대비 현재 위치가 71.1%로 상승 여력은 있으나, 최근 1개월 수익률이 마이너스이고 거래량 변화율도 감소하여 단기적인 상승 모멘텀이 약합니다."", ""금융 업종 전반의 시장 상황 및 금리 변동성 등 거시 경제 요인이 KB금융의 단기 주가 방향성에 큰 영향을 미칠 수 있어 명확한 방향성 판단이 어렵습니다.""]",1.0110294117647058,6.158088235294118
105560,KB금융,2025-10-01,116800,9.03,0.72,7.97,43362507916500.0,Buy,75,"[""KB금융은 현재가 116,800원으로 52주 최고가 122,000원에 근접해 있으며, 52주 내 현재 위치가 88.9%로 매우 높은 수준입니다."", ""최근 1개월 수익률이 6.89%로 양호하며, 거래량 변화율도 10.14%로 긍정적인 흐름을 보이고 있습니다."", ""PER 9.0, PBR 0.72, ROE 8.0% 등 재무지표 또한 안정적인 수준으로, 단기적인 상승 모멘텀이 지속될 가능성이 있습니다.""]",-2.654109589041096,7.277397260273973
105560,KB금융,2025-11-03,121900,9.16,0.74,8.08,43996353690000.0,Buy,75,"[""KB금융은 현재 52주 최고가에 근접해 있으며, 이는 강한 상승 모멘텀을 시사합니다."", ""최근 1개월 수익률이 4.70%로 양호하며, 거래량 변화율도 16.89%로 증가 추세를 보이고 있어 투자 심리가 긍정적입니다."", ""PER 9.2, PBR 0.74, ROE 8.1% 등 재무 지표 또한 안정적인 수준으로, 시장 대비 상승 가능성을 뒷받침합니다.""]",7.219031993437245,8.285479901558656
105560,KB금융,2025-12-01,132000,9.81,0.79,8.05,47091012466500.0,Buy,75,"[""KB금융은 현재가 132,000원으로 52주 최고가 134,700원에 근접하며 강한 상승 모멘텀을 보여주고 있습니다."", ""PBR 0.79로 자산 가치 대비 저평가된 측면이 있으며, ROE 8.1%는 꾸준한 수익성을 나타냅니다."", ""최근 1개월 수익률 8.32%와 거래량 변화율 19.80%는 시장의 관심이 증가하고 있음을 시사하며, 이는 단기적인 추가 상승 가능성을 높입니다.""]",-4.545454545454546,-6.59090909090909
055550,신한지주,2023-01-02,35000,,,,16280644582300.0,Neutral,40,"[""신한지주의 재무지표가 적자 기업으로 분류되어 PER, PBR, ROE 정보가 없어 기업의 내재가치 판단이 어렵습니다."", ""현재가가 52주 최저가에 근접해 있지만, 최근 1개월 수익률이 마이너스이고 거래량 변화율도 감소하고 있어 하락 압력이 존재합니다."", ""기술적 지표만으로는 향후 20거래일 내 뚜렷한 상승 또는 하락 추세를 예측하기 어려워 중립적인 판단을 내립니다.""]",16.857142857142858,17.857142857142858
055550,신한지주,2023-02-01,41250,,,,20149077624450.0,Buy,75,"[""신한지주는 52주 최고가 대비 현재 위치가 높아 상승 추세가 이어질 가능성이 있습니다."", ""최근 1개월 수익률이 20.60%로 강한 상승세를 보이고 있으며, 거래량 변화율도 89.65%로 높아 투자자들의 관심이 집중되고 있습니다."", ""재무지표상 적자 기업으로 분류되지만, 시가총액이 20.1조원으로 대형주로서 안정적인 흐름을 유지할 것으로 예상됩니다.""]",-3.0303030303030303,-10.181818181818182
055550,신한지주,2023-03-02,37050,,,,17894469409700.0,Neutral,40,"[""신한지주는 현재 PER, PBR, ROE 지표가 적자 또는 N/A로 분석에 어려움이 있습니다."", ""52주 최고가 대비 현재 위치가 낮고 최근 1개월 수익률 및 거래량 변화율이 하락세를 나타내고 있어 단기적인 하락 압력이 존재합니다."", ""하지만 금융 업종의 특성상 금리 변동, 정부 정책 등 외부 요인에 따라 주가 변동성이 커질 수 있으며, 현재 기술적 지표만으로는 명확한 방향성을 판단하기 어렵습니다.""]",-3.3738191632928474,-4.588394062078273
055550,신한지주,2023-04-03,35150,,,,16399308172550.0,Neutral,40,"[""신한지주는 현재 적자 상태로 PER, PBR, ROE 등 주요 재무지표 분석이 어렵습니다."", ""52주 최고가 대비 현재 위치가 10% 하락한 상태이며, 최근 1개월 수익률도 마이너스를 기록하고 있어 하락 압력이 존재합니다."", ""하지만 52주 최저가 대비로는 5% 가량 상승한 위치에 있고, 최근 거래량 변화율이 소폭 증가한 점은 긍정적인 신호로 해석될 수 있어 단기 방향성 판단이 어렵습니다.""]",-1.422475106685633,-0.8534850640113799
055550,신한지주,2023-05-02,34850,,,,16826497097450.0,Neutral,50,"[""신한지주는 현재 적자 상태로 PER, PBR, ROE 지표 분석이 제한적입니다."", ""52주 최고가 대비 현재 위치가 낮아 하방 경직성이 나타날 수 있으나, 최근 1개월 수익률이 미미하여 상승 동력이 부족합니다."", ""거래량 변화율이 크게 감소한 점은 투자 심리 위축을 시사하며, 20거래일 내 뚜렷한 방향성을 예측하기 어렵습니다.""]",1.291248206599713,0.2869440459110474
055550,신한지주,2023-06-01,34950,,,,16470506326700.0,Neutral,40,"[""신한지주는 현재 적자 상태로 PER, PBR, ROE 지표가 유효하지 않아 재무적 분석이 어렵습니다."", ""현재가는 52주 최저가 대비 소폭 상승했으나, 52주 최고가 대비로는 상당한 하락폭을 보이고 있어 추세 판단이 어렵습니다."", ""최근 1개월 수익률이 소폭 하락했으나 거래량 변화율이 긍정적인 점은 단기적인 변동성을 시사하지만, 명확한 상승 또는 하락 추세를 판단하기에는 근거가 부족합니다.""]",0.8583690987124464,-1.2875536480686696
055550,신한지주,2023-07-03,34100,,,,16375575454500.0,Neutral,40,"[""신한지주는 현재 PER, PBR, ROE 지표가 적자 또는 N/A로 분석에 어려움이 있습니다."", ""52주 최저가에 근접한 가격대에서 거래되고 있으나, 최근 1개월 수익률과 거래량 변화율이 하락세를 나타내고 있습니다."", ""재무 지표의 불확실성과 기술 지표의 약세 신호가 혼재되어 있어 20거래일 내 명확한 상승 또는 하락 추세를 판단하기 어렵습니다.""]",-2.785923753665689,5.425219941348973
055550,신한지주,2023-08-01,35600,,,,17063824277950.0,Neutral,50,"[""신한지주는 금융업종 특성상 PER, PBR, ROE 지표 해석에 한계가 있으며, 현재 적자 상태가 아니므로 해당 정보는 투자 판단에 직접적인 영향을 주지 않습니다."", ""현재 주가는 52주 최저가 대비 약 9.7% 상승한 수준으로, 52주 최고가 대비로는 약 20.7% 하락한 상태이며, 이는 단기적인 상승 모멘텀이 강하다고 보기는 어렵습니다."", ""최근 1개월 수익률이 4.20%로 소폭 상승했으나, 거래량 변화율이 20.57%로 증가한 점은 긍정적일 수 있으나, 전반적인 재무 및 기술 지표만으로는 20거래일 내 뚜렷한 방향성을 예측하기 어렵습니다.""]",-1.4044943820224718,-0.1404494382022472
055550,신한지주,2023-09-01,35700,,,,16826497097450.0,Neutral,50,"[""신한지주는 현재 PER, PBR, ROE 지표가 적자 또는 N/A로 제시되어 재무적 안정성을 판단하기 어렵습니다."", ""52주 최고가 대비 현재 위치가 23.8%로 낮아 하락 여력이 제한적일 수 있으나, 최근 1개월 수익률이 마이너스이고 거래량 변화율 또한 감소하여 매수세가 약한 모습을 보입니다."", ""기술적 지표만으로는 20거래일 내 뚜렷한 상승 또는 하락 추세를 예측하기 어려워 중립적인 관점을 유지합니다.""]",2.100840336134454,-0.9803921568627451
055550,신한지주,2023-10-04,34300,,,,16636635353050.0,Neutral,40,"[""신한지주 재무지표상 PER, PBR, ROE가 '해당없음'으로 표시되어 있어 현재 기업의 수익성 및 자산가치 대비 평가가 어렵습니다."", ""현재가(34,300원)가 52주 최저가(32,500원)에 근접해 있어 하방 경직성을 기대할 수 있으나, 52주 최고가(44,900원) 대비로는 여전히 상당한 하락폭을 보이고 있습니다."", ""최근 1개월 수익률이 -0.99%로 약보합세를 보이고 있으며, 거래량 변화율도 0.43%로 미미하여 뚜렷한 매수 또는 매도 추세를 파악하기 어렵습니다.""]",3.498542274052478,1.749271137026239
055550,신한지주,2023-11-01,34500,,,,16612902635000.0,Neutral,40,"[""신한지주는 현재 PER, PBR, ROE 등 주요 재무지표가 적자 또는 N/A로 분석에 어려움이 있습니다."", ""52주 최고가 대비 현재 위치가 20.2% 하락한 상태이며, 최근 1개월 수익률과 거래량 변화율이 모두 하락세를 나타내고 있어 단기적인 하락 압력이 존재합니다."", ""하지만 시가총액이 16.6조원으로 매우 크고, 52주 최저가 대비 현재 위치는 상대적으로 높은 편이어서 급격한 하락보다는 관망세가 이어질 가능성이 있습니다.""]",0.8695652173913043,6.956521739130435
055550,신한지주,2023-12-01,36750,,,,17277418740400.0,Neutral,50,"[""신한지주는 금융업종 특성상 PER, PBR, ROE 등 일반적인 재무지표로 적정 가치 판단이 어렵습니다."", ""현재 주가는 52주 최저가 대비로는 상승했으나 최고가 대비로는 상당한 하락폭을 보이며 52주 내 중간보다 낮은 위치에 있습니다."", ""최근 1개월 수익률은 긍정적이나 거래량 변화율이 마이너스인 점은 단기적인 매수세 약화를 시사하며, 명확한 상승 또는 하락 추세를 판단하기 어렵습니다.""]",-0.40816326530612246,1.4965986394557822
055550,신한지주,2024-01-02,37900,,,,18677649105350.0,Neutral,50,"[""신한지주는 현재 적자 상태로 PER, PBR, ROE 지표 분석이 불가하여 재무적 펀더멘털 판단이 어렵습니다."", ""현재가는 52주 최고가 대비 약 15% 하락한 수준으로, 52주 내 중간 지점에 위치하고 있어 기술적 반등 또는 추가 하락 가능성이 공존합니다."", ""최근 1개월 수익률은 긍정적이나 거래량 변화율이 소폭 하락하여 매수세가 강하게 유입되고 있다고 판단하기는 어렵습니다.""]",-3.034300791556728,7.783641160949868
055550,신한지주,2024-02-01,45300,,,,20172810342500.0,Buy,75,"[""신한지주는 현재 52주 최고가에 근접한 수준으로, 강한 상승 모멘텀을 보여주고 있습니다."", ""최근 1개월 수익률이 12.14%로 양호하며, 거래량 변화율도 83.02%로 높아 투자자들의 관심이 집중되고 있음을 시사합니다."", ""PER, PBR, ROE 지표가 적자 또는 N/A로 표시되어 있으나, 이는 금융업종의 특성상 일반 제조업과는 다른 분석 방식이 요구되며, 현재 주가 흐름은 긍정적인 신호를 보내고 있습니다.""]",-1.7660044150110374,0.6622516556291391
055550,신한지주,2024-03-04,44050,,,,20979722756200.0,Buy,75,"[""신한지주는 52주 최고가에 근접한 91.4% 위치에 있으며, 이는 강한 상승 모멘텀을 시사합니다."", ""최근 1개월 수익률이 10.64%로 양호하며, 거래량 변화율이 148.02%로 급증한 것은 투자자들의 관심이 높아지고 있음을 나타냅니다."", ""PER, PBR, ROE 지표가 제공되지 않아 재무적 안정성 판단은 어렵지만, 기술적 지표 상의 강한 상승 신호가 단기적인 시장 대비 상승을 예상하게 합니다.""]",3.2917139614074915,1.9296254256526675
055550,신한지주,2024-04-01,44900,5.66,0.38,6.71,21620506143550.0,Buy,75,"[""신한지주의 PBR 0.38은 현재 주가가 장부가치 대비 저평가되어 있음을 시사하며, 이는 향후 상승 가능성을 내포합니다."", ""최근 1개월 수익률 4.59%와 거래량 변화율 26.38%는 긍정적인 수급 개선 및 투자 심리 회복을 나타내며, 이는 단기적인 상승 모멘텀으로 작용할 수 있습니다."", ""52주 최고가 대비 현재 위치가 68.7%로, 아직 상승 여력이 남아있어 향후 20거래일 내 시장 대비 상승을 기대해 볼 수 있습니다.""]",-2.89532293986637,2.0044543429844097
055550,신한지주,2024-05-02,46450,5.69,0.39,6.85,21739169733800.0,Neutral,50,"[""신한지주의 현재가(46,450원)는 52주 최고가(51,500원) 대비 약 9.8% 하락한 수준으로, 52주 내 현재 위치(70.0%)는 상대적으로 높은 편입니다."", ""PER(5.7)과 PBR(0.39)은 낮은 편으로 저평가 매력이 있을 수 있으나, ROE(6.8%)는 시장 평균 대비 높다고 보기 어렵습니다."", ""최근 1개월 수익률(0.55%)은 소폭 상승했으나, 거래량 변화율(-48.94%)은 크게 감소하여 투자 심리가 위축되었음을 시사합니다. 따라서 단기적인 방향성을 명확히 판단하기 어렵습니다.""]",2.798708288482239,-2.2604951560818085
055550,신한지주,2024-06-03,45400,5.84,0.4,6.85,22308754967000.0,Neutral,50,"[""신한지주의 PBR 0.40은 자산 가치 대비 저평가 가능성을 시사하지만, ROE 6.8%는 기대 수익률이 높지 않음을 나타냅니다."", ""현재 주가는 52주 최고가 대비 약 12% 하락한 수준으로, 기술적으로는 상승 여력이 남아있을 수 있으나 최근 1개월 수익률이 0.75%로 횡보하는 모습을 보입니다."", ""거래량 변화율이 -33.54%로 감소한 것은 투자 심리가 위축되었음을 나타내며, 향후 20거래일 동안 뚜렷한 상승 또는 하락 모멘텀을 기대하기 어렵습니다.""]",5.286343612334802,12.555066079295155
055550,신한지주,2024-07-01,49500,5.95,0.4,6.72,22712211173850.0,Buy,75,"[""신한지주의 PBR 0.40은 자산 가치 대비 저평가 가능성을 시사하며, 52주 최고가 대비 현재 위치가 80.8%로 상승 여력이 남아있습니다."", ""최근 1개월 수익률 4.02%는 단기적인 상승세를 보여주고 있으며, 이는 투자 심리 개선에 긍정적인 영향을 줄 수 있습니다."", ""PER 6.0은 시장 평균 대비 낮은 수준으로, 기업의 수익성에 비해 주가가 저평가되었을 가능성을 나타냅니다.""]",4.040404040404041,20.2020202020202
055550,신한지주,2024-08-01,57100,7.54,0.51,6.76,28811519712700.0,Buy,75,"[""신한지주의 현재 PBR이 0.51로 매우 낮아 저평가 매력이 부각됩니다."", ""최근 1개월 수익률이 18.79%로 강한 상승세를 보이고 있으며, 52주 최고가에 근접한 위치는 추가 상승 가능성을 시사합니다."", ""거래량 변화율이 29.25%로 증가한 것은 투자자들의 관심이 높아지고 있음을 나타내며, 이는 긍정적인 신호로 해석될 수 있습니다.""]",-5.42907180385289,-1.4010507880910683
055550,신한지주,2024-09-02,57200,7.0,0.47,6.71,26723040524300.0,Neutral,50,"[""신한지주의 PBR 0.47은 자산 가치 대비 저평가 가능성을 시사하지만, ROE 6.7%는 낮은 수준으로 수익성이 개선될 여지가 필요합니다."", ""현재 주가는 52주 최고가 대비 약 81.3% 수준으로, 52주 내에서 비교적 높은 위치에 있으나 최근 1개월 수익률이 마이너스(-)를 기록하며 하락 추세가 나타나고 있습니다."", ""거래량 변화율 또한 마이너스(-)를 기록하며 투자 심리가 위축된 모습을 보이고 있어, 향후 20거래일 동안 뚜렷한 상승 또는 하락 방향성을 단정하기 어렵습니다.""]",-1.048951048951049,-3.146853146853147
055550,신한지주,2024-10-02,54900,6.95,0.47,6.76,26533178779900.0,Neutral,55,"[""신한지주는 낮은 PBR과 PER을 기록하며 저평가 매력이 존재하나, 최근 1개월 수익률 하락과 거래량 감소는 단기적인 매도 압력을 시사합니다."", ""52주 최고가 대비 현재 위치가 높아 추가 상승 여력이 제한적일 수 있다는 점도 고려해야 합니다."", ""금융 업종 전반의 투자 심리 및 거시 경제 지표 변화에 따라 방향성이 달라질 수 있어 신중한 접근이 필요합니다.""]",5.828779599271402,-0.7285974499089253
055550,신한지주,2024-11-01,54500,6.71,0.46,6.86,25631335494000.0,Neutral,50,"[""신한지주의 PBR 0.46은 낮은 수준으로 저평가 가능성을 시사하지만, ROE 6.9%는 시장 평균 대비 낮은 편입니다."", ""52주 최고가 대비 현재 위치가 72.9%로 비교적 높은 편이지만, 최근 1개월 수익률이 -2.70%로 하락세를 보이고 있습니다."", ""거래량 변화율 또한 -8.87%로 감소 추세를 나타내어 단기적인 상승 동력이 약한 것으로 판단됩니다.""]",3.669724770642202,-1.1009174311926606
055550,신한지주,2024-12-02,56400,6.7,0.45,6.72,25583870057900.0,Neutral,50,"[""신한지주의 PBR 0.45는 자산 가치 대비 저평가 가능성을 시사하지만, ROE 6.7%는 시장 평균 대비 낮은 수준으로 수익성 개선 여지가 필요합니다."", ""현재 주가는 52주 최고가 대비 약 70% 수준으로, 52주 내에서 중간 이상에 위치하고 있어 추가 상승 또는 하락의 여지가 모두 존재합니다."", ""최근 1개월 수익률이 소폭 하락했고 거래량 변화율도 마이너스를 기록하여 단기적인 매수세가 약화된 모습을 보이고 있어 뚜렷한 방향성을 판단하기 어렵습니다.""]",-11.436170212765957,-14.539007092198581
055550,신한지주,2025-01-02,48200,5.93,0.4,6.75,22664745737750.0,Neutral,50,"[""신한지주의 PBR 0.40은 자산 가치 대비 저평가 가능성을 시사하지만, ROE 6.8%는 낮은 수준으로 수익성이 개선될 여지가 필요합니다."", ""최근 1개월 수익률이 -9.91%로 하락세를 보이고 있으며, 52주 최고가 대비 현재 위치가 45.5%로 절반 수준에 머물러 있어 단기적인 상승 모멘텀이 약합니다."", ""거래량 변화율 26.04%는 투자자들의 관심이 증가하고 있음을 나타내지만, 재무 및 기술적 지표만으로는 20거래일 내 뚜렷한 시장 대비 상승 또는 하락을 예측하기 어렵습니다.""]",3.423236514522822,3.7344398340248963
055550,신한지주,2025-02-03,51000,6.24,0.42,6.73,23827648922200.0,Buy,70,"[""신한지주의 PBR 0.42는 자산 가치 대비 저평가 가능성을 시사하며, PER 6.2는 시장 평균 대비 낮은 수준으로 매력적인 밸류에이션을 제공합니다."", ""52주 최저가 대비 현재 위치가 55.3%로, 주가가 바닥을 다지고 상승 추세로 전환될 가능성을 내포하고 있습니다."", ""최근 1개월 수익률이 2.66%로 소폭 상승세를 보이고 있으며, 이는 투자 심리가 개선되고 있음을 나타낼 수 있습니다.""]",-3.7254901960784315,-12.450980392156863
055550,신한지주,2025-03-04,44650,5.73,0.39,6.81,21905298760150.0,Neutral,50,"[""신한지주의 PBR 0.39는 자산 가치 대비 저평가 가능성을 시사하지만, ROE 6.8%는 낮은 수준으로 수익성 개선이 더딘 점은 부담입니다."", ""현재 주가는 52주 최저가에 근접해 있으며, 최근 1개월 수익률이 마이너스인 점은 하락 압력을 나타냅니다."", ""거래량 변화율이 60.60%로 높게 나타나 단기적인 변동성이 확대될 수 있으나, 명확한 상승 또는 하락 추세를 판단하기에는 재무 및 기술적 지표가 혼재되어 있어 방향성 판단이 어렵습니다.""]",1.1198208286674132,9.070548712206048
055550,신한지주,2025-04-01,48700,5.7,,,22830874764100.0,Neutral,50,"[""신한지주의 PER은 5.7로 낮은 편이지만, PBR 및 ROE 지표가 제공되지 않아 재무 건전성을 종합적으로 판단하기 어렵습니다."", ""현재가는 52주 최고가 대비 약 20.7% 하락한 수준이며, 52주 최저가 대비로는 약 20.4% 상승한 위치에 있어 기술적으로는 중립적인 구간으로 볼 수 있습니다."", ""최근 1개월 수익률은 4.91%로 긍정적이나, 거래량 변화율이 -23.20%로 감소하는 추세를 보여 투자 심리가 위축될 가능성도 배제할 수 없습니다.""]",-10.472279260780287,5.544147843942506
055550,신한지주,2025-05-02,51100,6.07,,,24302303283200.0,Buy,75,"[""신한지주의 PER이 6.1로 낮아 저평가 매력이 존재합니다."", ""현재 주가가 52주 최고가 대비 약 17% 하락한 상태로, 기술적 반등 가능성이 있습니다."", ""최근 1개월 수익률이 5.13%로 긍정적인 흐름을 보이고 있으며, 거래량 변화율도 양호합니다.""]",1.36986301369863,15.851272015655576
055550,신한지주,2025-06-02,59900,6.61,,,26485713343800.0,Buy,75,"[""신한지주는 현재 52주 최고가에 근접한 68.5% 위치에 있으며, 최근 1개월 수익률이 10.71%로 긍정적인 흐름을 보이고 있습니다."", ""PER 6.6은 저평가 구간으로 해석될 수 있으며, 이는 향후 상승 여력을 시사합니다."", ""거래량 변화율이 마이너스(-)를 기록하고 있지만, 이는 단기적인 차익 실현 물량 소화 과정으로 볼 수 있으며, 전반적인 상승 추세는 유지될 가능성이 높습니다.""]",-2.1702838063439067,6.3439065108514185
055550,신한지주,2025-07-01,61700,7.37,,,29523501254200.0,Buy,85,"[""신한지주는 52주 최고가에 근접한 수준에서 거래되고 있으며, 이는 강한 상승 모멘텀을 시사합니다."", ""최근 1개월 수익률이 8.17%로 양호하며, 거래량 변화율이 119.98%로 크게 증가한 것은 투자자들의 관심이 집중되고 있음을 나타냅니다."", ""PER 7.4배는 금융업종 평균 대비 저평가 가능성을 내포하며, 시가총액 29.5조원으로 대형주로서 안정적인 흐름을 기대할 수 있습니다.""]",13.12803889789303,11.66936790923825
055550,신한지주,2025-08-01,65900,7.71,,,30899998901100.0,Neutral,50,"[""신한지주의 PER은 7.7로 낮은 편이지만, PBR과 ROE 정보가 없어 기업의 내재가치 평가에 한계가 있습니다."", ""52주 최고가 대비 현재 위치가 76.2%로 비교적 높은 편이나, 최근 1개월 수익률이 소폭 상승하고 거래량은 감소하는 추세를 보이고 있어 상승 동력이 약화될 가능성이 있습니다."", ""현재 재무 및 기술 지표만으로는 향후 20거래일 동안 시장 대비 뚜렷한 상승 또는 하락을 예측하기 어렵습니다.""]",5.311077389984825,-1.5174506828528074
055550,신한지주,2025-09-01,64900,7.58,,,30377879104000.0,Neutral,50,"[""PER 지표는 7.6으로 낮아 저평가 가능성을 시사하지만, PBR 및 ROE 지표가 제공되지 않아 재무 건전성 판단에 한계가 있습니다."", ""52주 최고가 대비 현재 위치가 72.3%로 비교적 높은 편이지만, 최근 1개월 수익률이 -5.88%로 하락 추세를 보이고 있습니다."", ""거래량 변화율이 -23.58%로 감소하여 투자 심리가 위축되었음을 나타내며, 단기적인 상승 또는 하락 방향성을 명확히 판단하기 어렵습니다.""]",0.6163328197226503,9.090909090909092
055550,신한지주,2025-10-01,71400,8.35,,,33463132450500.0,Buy,75,"[""신한지주는 52주 최고가에 근접한 95.4% 수준에 위치하며 강한 상승 모멘텀을 보여주고 있습니다."", ""최근 1개월 수익률이 8.63%로 양호하며, 거래량 변화율도 16.11%로 증가하는 추세를 보입니다."", ""PER 8.3배는 금융업종 평균 PER 대비 낮은 수준으로, 저평가 매력이 존재할 수 있습니다.""]",1.8207282913165268,10.92436974789916
055550,신한지주,2025-11-03,76400,8.78,,,35171888150100.0,Buy,75,"[""신한지주는 52주 최고가에 근접한 98.7% 위치에 있으며, 이는 강한 상승 모멘텀을 시사합니다."", ""최근 1개월 수익률이 7.08%로 양호한 흐름을 보이고 있어 단기적인 상승 추세가 이어질 가능성이 높습니다."", ""PER 8.8은 금융업종 평균 대비 낮은 수준으로, 저평가 매력이 부각될 수 있습니다.""]",2.094240837696335,6.544502617801047
055550,신한지주,2025-12-01,81400,9.44,,,37829952571700.0,Buy,75,"[""신한지주는 52주 최고가에 근접한 수준으로 강한 상승 추세를 보이고 있습니다."", ""최근 1개월 수익률이 8.73%로 양호하며, 이는 단기적인 매수세가 유입되고 있음을 시사합니다."", ""거래량 변화율이 2.10%로 긍정적인 흐름을 유지하고 있어 추가 상승 가능성을 높입니다.""]",-3.6855036855036856,-5.896805896805897
035720,카카오,2023-01-02,53300,16.42,1.72,10.48,23333790755600.0,Neutral,50,"[""현재 PER, PBR, ROE는 시장 평균 대비 고평가 또는 저평가 여부를 명확히 판단하기 어려운 수준이며, 카카오의 사업 모델 특성상 전통적인 재무지표만으로는 가치 평가에 한계가 있습니다."", ""52주 최고가 대비 현재 위치가 8.0%로 매우 낮아 기술적으로는 반등 여력이 있어 보이나, 최근 1개월 수익률이 -8.98%로 하락세를 보이고 있으며 거래량 변화율 또한 크게 감소하여 매수세가 약한 상황입니다."", ""단기적인 기술적 지표는 하락 추세 속에서 반등 가능성을 시사하지만, 재무 지표만으로는 뚜렷한 상승 또는 하락 근거를 찾기 어렵고 시장 전반의 투자 심리 및 카카오 자체의 사업 이슈에 따라 변동성이 커질 수 있어 방향성 판단이 어렵습니다.""]",13.883677298311445,21.013133208255162
035720,카카오,2023-02-01,64500,19.38,2.03,10.47,27540071821600.0,Buy,70,"[""최근 1개월 수익률이 17.14%로 강한 상승세를 보이고 있으며, 거래량 변화율도 44.97%로 증가하여 투자 심리가 긍정적임을 시사합니다."", ""현재 주가가 52주 최저가 대비 24.4% 수준으로, 52주 최고가 대비 하락폭이 커 추가 상승 여력이 존재할 수 있습니다."", ""PER 19.4, PBR 2.03, ROE 10.5% 등 재무 지표는 시장 평균 대비 과도하게 고평가되었다고 보기 어려우며, 성장 가능성을 고려할 때 긍정적인 평가가 가능합니다.""]",9.922480620155039,-5.426356589147287
035720,카카오,2023-03-02,61000,19.07,2.0,10.49,27097305393600.0,Neutral,50,"[""카카오는 현재 52주 최고가 대비 상당히 낮은 위치에 있으며, 이는 잠재적인 반등 가능성을 시사합니다."", ""최근 1개월 수익률이 소폭 하락했지만, 거래량 변화율이 긍정적인 것은 투자자들의 관심이 다시 높아지고 있음을 나타낼 수 있습니다."", ""PER, PBR, ROE 등의 재무지표는 시장 평균 대비 비교적 양호한 수준이지만, 20거래일이라는 단기적인 관점에서 뚜렷한 상승 또는 하락을 예상하기에는 재무적 모멘텀이 강하지 않습니다.""]",-4.754098360655737,0.16393442622950818
035720,카카오,2023-04-03,60700,19.31,1.97,10.2,26654538965600.0,Neutral,50,"[""카카오의 PER, PBR, ROE 지표는 시장 평균 대비 고평가 또는 저평가 여부를 명확히 판단하기 어렵습니다."", ""현재 주가는 52주 최고가 대비 상당한 하락폭을 보이고 있으나, 52주 최저가 대비로는 상승한 위치에 있어 추세 전환 여부를 판단하기 어렵습니다."", ""최근 1개월 수익률과 거래량 변화율이 부정적인 흐름을 보이고 있어 단기적인 하락 압력이 존재하나, 시장 전반의 흐름이나 다른 변수들을 고려할 때 명확한 하락 신호로 단정하기에는 근거가 부족합니다.""]",-2.3064250411861615,-3.9538714991762767
035720,카카오,2023-05-02,58300,18.76,1.92,10.23,25901836038000.0,Neutral,50,"[""카카오는 현재 52주 최고가 대비 상당한 하락폭을 보이고 있으며, 이는 기술적으로는 반등의 여지를 시사할 수 있습니다."", ""하지만 최근 1개월 수익률이 마이너스이고 거래량 변화율 또한 감소 추세인 점은 투자 심리가 위축되었음을 나타냅니다."", ""PER, PBR, ROE 등의 재무 지표는 시장 평균 대비 비교적 양호한 수준이나, 현재가와 기술적 지표들이 명확한 방향성을 제시하기에는 상충되는 부분이 있어 보수적인 접근이 필요합니다.""]",-3.9451114922813035,-1.8867924528301887
035720,카카오,2023-06-01,57200,17.99,1.84,10.23,24839196610800.0,Neutral,40,"[""현재 PER 18.0은 적자 기업이 아니라는 점을 시사하지만, 절대적인 저평가 수준이라고 보기는 어렵습니다."", ""PBR 1.84와 ROE 10.2%는 자산 대비 기업 가치와 수익성을 보여주지만, 시장 평균 대비 우월하다고 단정하기는 어렵습니다."", ""52주 최고가 대비 현재 위치가 낮고 최근 1개월 수익률 및 거래량 변화율이 하락세를 보이고 있어 단기적인 상승 모멘텀이 약합니다.""]",-1.048951048951049,-10.839160839160838
035720,카카오,2023-07-03,49950,16.36,1.67,10.21,22581087828000.0,Neutral,50,"[""카카오는 현재 52주 최저가에 근접한 가격에서 거래되고 있으며, 이는 기술적 반등 가능성을 시사합니다."", ""최근 1개월 수익률이 마이너스(-)를 기록하고 있지만, 거래량 변화율이 긍정적으로 나타나 투자자들의 관심이 증가하고 있음을 보여줍니다."", ""PER, PBR, ROE 등 재무지표는 양호한 수준이나, 현재 주가 수준에서 20거래일 내 뚜렷한 시장 대비 상승 또는 하락을 단정하기에는 추가적인 시장 상황 및 기업 내부 요인 분석이 필요합니다.""]",1.5015015015015014,9.90990990990991
035720,카카오,2023-08-01,53200,17.61,1.8,10.22,24307876897200.0,Buy,70,"[""최근 1개월 수익률이 7.65%로 긍정적인 흐름을 보이고 있으며, 거래량 변화율 또한 34.43%로 증가하며 매수세 유입 가능성을 시사합니다."", ""현재가가 52주 최저가 대비 약 12.4% 상승한 위치에 있어, 기술적으로 추가 상승 여력이 남아있다고 판단됩니다."", ""PER 17.6, PBR 1.80, ROE 10.2% 등의 재무 지표는 현재 시장 상황에서 과도하게 고평가되었다고 보기 어렵습니다.""]",-0.7518796992481203,-9.586466165413533
035720,카카오,2023-09-01,49100,15.7,1.6,10.19,21673416650600.0,Neutral,50,"[""현재 PER, PBR, ROE 지표는 시장 평균 대비 과도하게 고평가 혹은 저평가되었다고 보기 어려운 수준으로, 재무적 매력도가 뚜렷하지 않습니다."", ""52주 최고가 대비 현재 위치가 6.3%로 낮지만, 최근 1개월 수익률이 -7.99%로 하락세를 보이고 있으며 거래량 변화율도 감소하여 매수세가 약한 모습을 보입니다."", ""단기적인 기술적 지표에서 뚜렷한 상승 또는 하락 추세를 나타내지 않고 있어 향후 20거래일 내 시장 대비 명확한 방향성을 판단하기 어렵습니다.""]",-1.7311608961303464,-14.358452138492872
035720,카카오,2023-10-04,40850,13.34,1.36,10.19,18419083404800.0,Sell,60,"[""카카오는 52주 최저가에 근접한 수준으로 하락했으며, 최근 1개월 수익률 또한 큰 폭의 하락세를 보이고 있습니다."", ""거래량 변화율이 마이너스를 기록하며 매도 압력이 지속되고 있음을 시사합니다."", ""재무지표상 PER이 13.3으로 적자기업이 아니지만, PBR 1.36, ROE 10.2%는 현재 주가 수준에서 매력적인 투자 포인트로 작용하기에는 다소 부족합니다.""]",5.752753977968176,1.101591187270502
035720,카카오,2023-11-01,38550,12.06,1.23,10.2,16648017692800.0,Neutral,50,"[""카카오는 현재 52주 최저가에 근접한 가격으로, 기술적으로는 반등 가능성이 있지만 최근 1개월 수익률이 마이너스인 점은 하락 압력을 시사합니다."", ""PER, PBR, ROE 등의 재무지표는 현재 기업 가치가 과대평가되지 않았음을 보여주지만, 뚜렷한 상승 모멘텀을 제시하지는 않습니다."", ""거래량 변화율이 긍정적인 신호를 보이지만, 전반적인 시장 상황 및 추가적인 기업 펀더멘털 변화 없이는 20거래일 내 뚜렷한 방향성을 예측하기 어렵습니다.""]",18.28793774319066,30.99870298313878
035720,카카오,2023-12-01,50800,15.94,1.63,10.23,22005491471600.0,Buy,75,"[""최근 1개월 수익률이 28.92%로 강한 상승세를 보이고 있으며, 이는 투자자들의 긍정적인 심리를 반영합니다."", ""거래량 변화율이 13.03%로 증가 추세를 보이고 있어, 추가적인 상승 동력이 발생할 가능성이 있습니다."", ""현재 주가가 52주 최저가 대비 상당 부분 상승하여 52주 최고가를 향해 나아갈 여력이 남아있습니다.""]",2.559055118110236,12.598425196850393
035720,카카오,2024-01-02,56600,18.57,1.9,10.23,25636176181200.0,Neutral,55,"[""카카오는 현재 52주 최고가 대비 약 20% 하락한 수준으로, 기술적으로는 반등 가능성이 있으나 최근 1개월 수익률이 14.65%로 상승세를 보였음에도 불구하고 거래량 변화율이 -23.10%로 감소하여 상승 동력이 약화될 수 있음을 시사합니다."", ""PER 18.6, PBR 1.90, ROE 10.2% 등 재무지표는 시장 평균 대비 과도하게 고평가되었다고 보기는 어렵지만, 뚜렷한 저평가 신호도 없어 투자 매력도가 중간 수준입니다."", ""최근 1개월간의 상승세가 지속될지, 아니면 거래량 감소로 인해 조정이 올지에 대한 명확한 방향성을 판단하기 어려운 상황입니다.""]",4.593639575971731,-7.243816254416961
035720,카카오,2024-02-01,56300,16.9,1.73,10.24,23333790755600.0,Neutral,50,"[""카카오의 PER, PBR, ROE 지표는 현재 시장 평균 대비 크게 벗어나지 않는 수준으로, 재무적으로는 안정적인 흐름을 보이고 있습니다."", ""52주 최고가 대비 현재 위치는 중간 지점에 있으며, 최근 1개월 수익률은 하락세를 보이고 있어 단기적인 상승 모멘텀은 약한 편입니다."", ""거래량 변화율이 25.22%로 증가한 점은 긍정적이나, 이는 일시적인 수급 개선일 가능성도 있어 추세 전환을 확신하기에는 부족합니다.""]",-2.841918294849023,-7.8152753108348145
035720,카카오,2024-03-04,51700,17.03,1.74,10.22,23510897326800.0,Neutral,55,"[""카카오는 현재 52주 최고가 대비 하락한 위치에 있으며, 최근 1개월 수익률과 거래량 변화율이 마이너스를 기록하여 단기적인 하락 압력이 존재합니다."", ""하지만 PER 17.0, PBR 1.74, ROE 10.2% 등의 재무 지표는 기업의 가치가 크게 저평가되었다고 보기는 어렵지만, 적자 기업이 아니며 일정 수준의 수익성을 보여주고 있습니다."", ""현재 위치가 52주 내 중간 지점 이상에 있어 추가적인 상승 여력과 하락 위험이 공존하며, 명확한 방향성을 판단하기에는 기술적 지표와 재무 지표가 상반된 신호를 보내고 있어 중립적인 의견을 제시합니다.""]",7.930367504835589,-0.9671179883945842
035720,카카오,2024-04-01,51200,,1.72,,23820833826400.0,Neutral,50,"[""카카오는 현재 적자 상태로 PER 지표가 없어 기업 가치 평가에 어려움이 있습니다."", ""52주 최고가 대비 현재 위치가 67.5%로 하락 여력보다는 상승 여력이 상대적으로 남아있지만, 최근 1개월 수익률이 0.94%로 미미하고 거래량 변화율이 -41.38%로 감소하여 투자 심리가 위축된 것으로 보입니다."", ""재무적 불확실성과 기술적 지표의 뚜렷한 방향성 부재로 인해 향후 20거래일 내 시장 대비 뚜렷한 상승 또는 하락을 예측하기 어렵습니다.""]",-3.80859375,-5.6640625
035720,카카오,2024-05-02,49200,,1.54,,21385618472400.0,Neutral,50,"[""카카오는 현재 적자 상태로 PER이 산출되지 않아 재무적 턴어라운드에 대한 명확한 지표가 부족합니다."", ""최근 1개월 수익률이 -10.22%로 하락세를 보이고 있으나, 52주 최저가 대비 현재 위치는 45.5%로 하락 여력이 제한적일 수 있습니다."", ""거래량 변화율이 소폭 상승했지만, 전반적인 시장 상황 및 투자 심리에 따라 방향성이 결정될 가능성이 높아 명확한 매수 또는 매도 신호를 판단하기 어렵습니다.""]",-4.471544715447155,-9.34959349593496
035720,카카오,2024-06-03,44600,,1.42,,19614552760400.0,Neutral,50,"[""카카오는 현재 적자 상태로 PER 지표가 없어 가치 평가에 어려움이 있습니다."", ""PBR 1.42는 자산 가치 대비 소폭 높은 수준이지만, 시장 대비 하락 추세는 뚜렷하지 않습니다."", ""최근 1개월 수익률이 마이너스이나, 52주 최저가 대비 현재 위치가 28.5%로 반등 가능성도 배제할 수 없어 방향성 판단이 어렵습니다.""]",-3.4753363228699556,-10.089686098654708
035720,카카오,2024-07-01,40000,,1.31,,18153423548000.0,Neutral,40,"[""카카오는 현재 적자 기업으로 PER 지표가 없어 기업 가치 평가에 한계가 있습니다."", ""PBR 1.31은 자산 가치 대비 소폭 높은 수준이지만, 52주 최저가 대비 현재 위치가 14.5% 상승한 점은 긍정적입니다."", ""최근 1개월 수익률과 거래량 변화율이 모두 하락세를 보이고 있어 단기적인 하락 압력이 존재하지만, 52주 최고가 대비 여전히 낮은 수준으로 반등 가능성도 배제할 수 없습니다.""]",6.125,-2.375
035720,카카오,2024-08-01,39550,,1.27,,17622103834400.0,Neutral,50,"[""카카오는 현재 적자 상태로 PER이 산출되지 않아 재무적 안정성 판단에 어려움이 있습니다."", ""52주 최저가 대비 현재 위치가 9.4%로 낮은 편이지만, 최근 1개월 수익률이 소폭 하락하여 상승 모멘텀이 강하지 않습니다."", ""거래량 변화율이 21.66%로 증가한 점은 긍정적이나, 시장 대비 상승을 확신하기에는 재무 및 기술적 지표가 혼재되어 있어 방향성 판단이 어렵습니다.""]",-6.447534766118837,-6.700379266750948
035720,카카오,2024-09-02,36200,,1.18,,16338081193200.0,Sell,65,"[""현재 주가가 52주 최저가에 매우 근접해 있으며, 최근 1개월 수익률이 마이너스를 기록하며 하락 추세를 이어가고 있습니다."", ""거래량 변화율이 마이너스인 점은 매수세가 약화되고 있음을 시사하며, 이는 추가적인 하락 가능성을 높입니다."", ""PER이 해당없음(적자)으로 재무적인 측면에서 불안정한 모습을 보이고 있어 투자 심리에 부정적인 영향을 줄 수 있습니다.""]",-5.939226519337017,2.209944751381215
035720,카카오,2024-10-02,36700,,1.15,,15939591408000.0,Neutral,40,"[""PER이 적자 기업으로 산정되지 않아 기업의 수익성 평가가 어렵습니다."", ""현재가가 52주 최저가에 근접해 있어 추가 하락보다는 반등 가능성도 존재하지만, 최근 1개월 수익률과 거래량 변화율이 부정적이어서 상승 모멘텀이 약합니다."", ""PBR이 1.15로 자산 가치 대비 크게 고평가되지는 않았으나, 뚜렷한 상승 동력을 찾기 어려운 상황입니다.""]",-0.544959128065395,1.7711171662125342
035720,카카오,2024-11-01,37350,,1.15,,16006006372200.0,Neutral,50,"[""카카오는 현재 적자 기업으로 PER 지표가 없어 가치 평가에 어려움이 있습니다."", ""PBR이 1.15로 자산 가치 대비 소폭 높은 수준이며, 52주 최저가에 근접한 위치에 있어 하방 경직성이 기대되지만 뚜렷한 상승 모멘텀은 부족합니다."", ""최근 1개월 수익률이 0%이고 거래량 변화율도 마이너스인 점은 투자 심리가 위축되었음을 시사하며, 향후 20거래일 내 뚜렷한 방향성을 예측하기 어렵습니다.""]",-9.772423025435073,12.851405622489958
035720,카카오,2024-12-02,42950,,1.35,,18662604940200.0,Buy,75,"[""최근 1개월 수익률이 16.60%로 강한 상승세를 보이고 있으며, 거래량 변화율도 58.75%로 증가하여 매수세 유입 가능성이 높습니다."", ""현재가 42,950원은 52주 최저가 32,800원 대비 상당 부분 회복하였으나, 52주 최고가 61,100원 대비로는 아직 상승 여력이 남아있습니다."", ""PBR 1.35는 자산 가치 대비 크게 고평가되지 않은 수준으로, 향후 실적 개선 시 주가 상승의 기반이 될 수 있습니다.""]",2.0954598370197903,-11.40861466821886
035720,카카오,2025-01-02,38050,,1.2,,16581602728600.0,Neutral,50,"[""카카오는 현재 적자 상태로 PER 지표가 없어 기업 가치 평가에 어려움이 있습니다."", ""PBR 1.20은 자산 가치 대비 소폭 높은 수준이지만, ROE가 없어 수익성 측면에서의 판단이 어렵습니다."", ""최근 1개월 수익률이 마이너스이고 거래량 변화율이 높다는 점은 변동성이 크다는 것을 시사하지만, 52주 최고가 대비 현재 위치는 상대적으로 낮은 편이라 명확한 상승 또는 하락 추세를 단정하기 어렵습니다.""]",-3.942181340341656,19.053876478318003
035720,카카오,2025-02-03,40900,,1.34,,18507636690400.0,Neutral,50,"[""카카오는 현재 적자 상태로 PER 지표가 없어 가치 평가에 어려움이 있습니다."", ""PBR 1.34는 자산 가치 대비 소폭 높은 수준이지만, 시장 대비 상승 여력을 단정하기 어렵습니다."", ""최근 1개월 수익률은 긍정적이나, 거래량 변화율이 크게 하락하여 투자 심리가 위축될 가능성도 있습니다.""]",4.767726161369193,5.378973105134474
035720,카카오,2025-03-04,43100,,1.34,,18551913333200.0,Buy,70,"[""최근 1개월 수익률이 9.26%로 양호하며, 거래량 변화율이 125.76%로 크게 증가하여 투자 심리가 개선되고 있음을 시사합니다."", ""현재가가 52주 최고가 대비 약 26.6% 하락한 수준으로, 기술적으로 반등 가능성이 존재합니다."", ""카카오의 PBR이 1.34로, 적자 기업임에도 불구하고 시장에서 일정 수준의 가치를 인정받고 있으며, 향후 실적 개선 기대감이 반영될 경우 상승 여력이 있습니다.""]",2.320185614849188,-5.104408352668213
035720,카카오,2025-04-01,40900,334.92,1.34,0.4,18684743261600.0,Neutral,40,"[""카카오는 현재 52주 최고가 대비 상당한 하락폭을 보이고 있으며, 최근 1개월 수익률 또한 마이너스를 기록하고 있어 단기적인 상승 모멘텀이 약합니다."", ""거래량 변화율이 크게 감소한 점은 투자자들의 관심이 줄어들었음을 시사하며, 이는 향후 주가 상승에 부담으로 작용할 수 있습니다."", ""재무지표 측면에서 PER이 매우 높고 ROE가 낮은 점은 현재 주가 수준이 기업의 수익성에 비해 고평가되었을 가능성을 시사하지만, PBR은 1배를 소폭 상회하는 수준으로 자산 가치 측면에서는 과도한 고평가는 아닙니다. 종합적으로 볼 때 20거래일 내 뚜렷한 방향성을 예측하기 어렵습니다.""]",-9.168704156479219,-6.47921760391198
035720,카카오,2025-05-02,38350,301.98,1.21,0.4,16847262585400.0,Neutral,50,"[""카카오는 현재 52주 최고가 대비 상당한 하락폭을 보이고 있으며, 최근 1개월 수익률 또한 마이너스를 기록하고 있어 단기적인 하락 압력이 존재합니다."", ""하지만 PBR이 1.21로 자산 가치 대비 크게 고평가되어 있지는 않으며, ROE가 낮지만 적자 기업이 아니라는 점은 긍정적인 부분입니다."", ""거래량 변화율이 14.41%로 증가하고 있다는 점은 투자자들의 관심이 다시 높아지고 있음을 시사하지만, 명확한 상승 또는 하락 추세를 형성하기에는 추가적인 지표 확인이 필요합니다.""]",-1.0430247718383312,15.514993481095177
035720,카카오,2025-06-02,41600,342.46,1.37,0.4,19105371368200.0,Neutral,50,"[""PER이 매우 높아 현재 기업 가치 대비 고평가된 측면이 있습니다."", ""PBR은 1.37로 자산 가치 대비 소폭 높은 수준이며, ROE는 0.4%로 매우 낮은 수준입니다."", ""52주 최고가 대비 현재 위치가 75% 수준으로, 최근 상승세를 보였으나 여전히 상승 여력이 남아있을 수 있습니다."", ""최근 1개월 수익률이 12.22%로 양호한 흐름을 보였으나, 거래량 변화율이 -12.40%로 감소하는 추세는 매수세 약화를 시사할 수 있습니다."", ""재무 지표상 뚜렷한 강점이나 약점이 보이지 않고, 기술 지표 또한 상승과 하락 요인이 혼재되어 있어 명확한 방향성 판단이 어렵습니다.""]",21.394230769230766,43.02884615384615
035720,카카오,2025-07-01,58700,476.98,1.91,0.4,26610262322800.0,Buy,75,"[""최근 1개월 수익률이 36.59%로 매우 강한 상승세를 보이고 있으며, 거래량 변화율 또한 280.54%로 폭발적인 거래량 증가를 동반하고 있어 매수세가 강하게 유입되고 있음을 시사합니다."", ""현재 주가가 52주 최고가 대비 약 17.4% 하락한 수준으로, 52주 내 현재 위치가 72.6%에 달해 추가 상승 여력이 충분하다고 판단됩니다."", ""PER 지표는 높지만, 이는 성장주 특성상 미래 성장 가치를 반영하는 것으로 해석될 수 있으며, PBR 1.91은 자산 가치 대비 프리미엄이 붙어있으나 과도한 수준은 아닙니다.""]",3.0664395229982966,-4.088586030664395
035720,카카오,2025-08-01,55400,440.48,1.76,0.4,24573536754000.0,Neutral,50,"[""PER이 매우 높아 현재 기업 가치가 고평가되었을 가능성이 있습니다."", ""PBR은 1.76으로 자산 가치 대비 소폭 높은 수준입니다."", ""ROE가 0.4%로 매우 낮아 수익성이 부진한 상황입니다."", ""52주 최고가 대비 현재 위치는 60.4%로, 상승 여력과 하락 위험이 공존합니다."", ""최근 1개월 수익률이 -6.72%로 하락세를 보이고 있으며, 거래량 변화율도 -71.02%로 크게 감소하여 투자 심리가 위축된 것으로 판단됩니다.""]",15.884476534296029,7.039711191335741
035720,카카오,2025-09-01,59300,485.71,1.94,0.4,27097305393600.0,Neutral,50,"[""카카오의 PER이 매우 높아 현재 기업 가치 대비 고평가 상태일 가능성이 있습니다."", ""PBR 1.94는 자산 가치 대비 소폭 높은 수준이며, ROE 0.4%는 낮은 수익성을 나타냅니다."", ""52주 최고가 대비 현재 위치가 75.5%로 비교적 높은 편이지만, 최근 1개월 수익률이 5.52%로 상승세를 보이고 있으며 거래량 변화율도 66.48%로 높아 단기적인 매수세가 유입되고 있습니다. 그러나 재무 지표의 약점과 기술 지표의 상승 모멘텀이 상충되어 명확한 방향성을 판단하기 어렵습니다.""]",0.5059021922428331,0.5059021922428331
035720,카카오,2025-10-01,59600,476.19,1.91,0.4,26565985680000.0,Neutral,40,"[""카카오의 PER이 매우 높아 현재 기업 가치가 고평가되었을 가능성이 있습니다."", ""ROE가 0.4%로 매우 낮아 수익성이 저조한 상황입니다."", ""52주 최고가 대비 현재 위치가 72.3%로 상승 여력이 남아있으나, 최근 1개월 수익률이 낮고 거래량 변화율이 마이너스인 점은 상승 동력이 약함을 시사합니다.""]",-1.6778523489932886,1.8456375838926176
035720,카카오,2025-11-03,64200,511.9,2.05,0.4,28558434606000.0,Neutral,50,"[""카카오는 현재 52주 최고가에 근접해 있으며, 최근 1개월 수익률도 긍정적이나, PER이 매우 높아 밸류에이션 부담이 존재합니다."", ""ROE가 0.4%로 매우 낮은 수준이며, 이는 수익성 측면에서 아직 개선이 더디다는 것을 시사합니다."", ""기술적으로는 상승 추세에 있지만, 재무 지표의 부담과 시장 전반의 불확실성을 고려할 때 20거래일 내 뚜렷한 방향성을 예측하기 어렵습니다.""]",-0.1557632398753894,-7.320872274143301
035720,카카오,2025-12-01,59500,472.22,1.89,0.4,26344602466000.0,Neutral,50,"[""PER이 매우 높아 현재 기업 가치가 고평가되었을 가능성이 있습니다."", ""ROE가 0.4%로 매우 낮아 수익성이 부진한 상황입니다."", ""최근 1개월 수익률이 마이너스(-)로 하락세를 보이고 있으나, 거래량 변화율이 긍정적인 점은 변동성을 시사합니다.""]",2.1848739495798317,4.369747899159663
035420,네이버,2023-01-02,178500,,1.17,,28155048521000.0,Neutral,50,"[""네이버는 현재 적자 상태로 PER 지표가 없어 기업 가치 평가에 어려움이 있습니다."", ""52주 최고가 대비 현재 주가는 상당히 낮은 수준이지만, 최근 1개월 수익률과 거래량 변화율이 부정적이어서 단기적인 상승 모멘텀이 약합니다."", ""PBR이 1.17로 자산 가치 대비 크게 고평가되지는 않았으나, 명확한 상승 또는 하락 추세를 나타내는 기술적 지표가 부족하여 중립적인 판단이 필요합니다.""]",8.123249299719888,18.487394957983195
035420,네이버,2023-02-01,211500,,1.34,,32233217109000.0,Buy,75,"[""최근 1개월 수익률이 15.77%로 강한 상승세를 보이고 있으며, 거래량 변화율도 27.44%로 긍정적인 흐름을 뒷받침하고 있습니다."", ""현재가가 52주 최저가 대비 상당 부분 상승하여 회복세를 나타내고 있으며, 52주 최고가 대비로는 아직 상승 여력이 남아있습니다."", ""PBR 1.34는 시장 평균 대비 과도하게 고평가되었다고 보기 어렵고, 네이버의 사업 모델과 성장성을 고려할 때 향후 20거래일 내 시장 대비 추가 상승 가능성이 높다고 판단됩니다.""]",8.747044917257684,-2.8368794326241136
035420,네이버,2023-03-02,205500,,1.34,,32311643428000.0,Neutral,50,"[""PER이 적자로 인해 산출되지 않아 기업의 수익성 평가에 제약이 있습니다."", ""PBR이 1.34로 자산 가치 대비 소폭 높은 수준이지만, ROE가 N/A%로 수익 창출 능력을 파악하기 어렵습니다."", ""52주 최고가 대비 현재 위치가 25.4%로 낮지만, 최근 1개월 수익률이 1.73%로 큰 변동성을 보이지 않고 있으며, 거래량 변화율이 29.49%로 증가한 점은 긍정적이나 추세 전환을 확신하기에는 부족합니다.""]",-2.7737226277372264,-1.70316301703163
035420,네이버,2023-04-03,201000,,1.33,,31088192851600.0,Neutral,40,"[""네이버는 현재 적자 기업으로 PER 지표가 없어 기업 가치 평가에 어려움이 있습니다."", ""PBR 1.33은 자산 가치 대비 소폭 높은 수준이며, 52주 최고가 대비 현재 위치가 낮아 기술적으로는 하락 추세가 이어질 가능성도 있습니다."", ""최근 1개월 수익률 하락(-3.55%)과 거래량 변화율 감소(-29.09%)는 단기적으로 매도 압력이 존재함을 시사하지만, 52주 최저가 대비 상승 여력도 존재하여 명확한 방향성을 판단하기 어렵습니다.""]",-0.5472636815920399,-4.179104477611941
035420,네이버,2023-05-02,192600,,1.29,,30303929661600.0,Neutral,40,"[""PER이 '해당없음(적자)'으로 표기되어 있어 재무적 안정성 판단이 어렵습니다."", ""52주 최고가 대비 현재 위치가 26.4%로, 주가 상승 여력과 하락 위험이 공존하는 구간입니다."", ""최근 1개월 수익률이 마이너스이고 거래량 변화율도 미미하여 단기적인 매수 또는 매도 추세를 명확히 판단하기 어렵습니다.""]",9.553478712357217,6.178608515057113
035420,네이버,2023-06-01,204500,,1.36,,31997938152000.0,Neutral,50,"[""네이버는 현재 적자 기업으로 PER 지표가 없어 가치 평가에 어려움이 있습니다."", ""PBR 1.36은 자산 가치 대비 소폭 높은 수준이지만, 52주 최고가 대비 현재 위치가 34.6%로 하락폭이 큰 편입니다."", ""최근 1개월 수익률 6.08%와 거래량 변화율 12.45%는 긍정적인 신호일 수 있으나, 전반적인 재무 상태와 기술적 지표만으로는 20거래일 내 뚜렷한 상승 또는 하락을 예측하기 어렵습니다.""]",-1.9559902200488997,-7.432762836185819
035420,네이버,2023-07-03,188700,,1.27,,29692204373400.0,Neutral,50,"[""네이버는 현재 적자 기업으로 PER 지표가 없어 가치 평가에 어려움이 있습니다."", ""PBR 1.27은 자산 대비 높은 수준은 아니지만, ROE가 없어 수익성을 판단하기 어렵습니다."", ""52주 최고가 대비 현재 위치가 낮고 최근 1개월 수익률 및 거래량 변화율이 하락세를 보이고 있어 단기적인 상승 모멘텀이 약합니다.""]",4.610492845786964,23.476417594064653
035420,네이버,2023-08-01,227500,,1.56,,36546664654000.0,Buy,75,"[""최근 1개월 수익률이 23.09%로 강한 상승세를 보이고 있으며, 거래량 변화율 또한 56.02%로 증가하여 투자 심리가 긍정적임을 시사합니다."", ""현재 주가가 52주 최고가 대비 약 17% 하락한 수준이지만, 52주 최저가 대비로는 42% 상승한 64.8% 지점에 위치하여 상승 여력이 남아있다고 판단됩니다."", ""네이버는 국내 대표 IT 기업으로, AI, 클라우드 등 신사업 성장 기대감이 지속되고 있어 장기적인 관점에서도 긍정적인 전망을 유지하고 있습니다.""]",0.0,-5.714285714285714
035420,네이버,2023-09-01,211500,,1.43,,33644890851000.0,Neutral,50,"[""네이버는 현재 PER이 적자 기업으로 산출되지 않아 재무 건전성 판단에 어려움이 있습니다."", ""52주 최고가 대비 현재 위치는 68.7%로, 상승 여력과 하락 위험이 공존하는 구간입니다."", ""최근 1개월 수익률은 마이너스이나 거래량 변화율은 플러스로, 매수세 유입 가능성과 기존 하락 추세 지속 가능성이 혼재되어 있어 단기 방향성 판단이 어렵습니다.""]",0.0,-9.739952718676124
035420,네이버,2023-10-04,189400,,1.28,,29990224385600.0,Neutral,50,"[""PER이 '해당없음(적자)'으로 표시되어 재무 건전성에 대한 우려가 존재합니다."", ""최근 1개월 수익률이 -12.09%로 하락세를 보이고 있으며, 거래량 변화율 또한 -43.04%로 감소하여 투자 심리가 위축된 것으로 판단됩니다."", ""현재 주가가 52주 최고가 대비로는 많이 하락했지만, 52주 최저가 대비로는 중간 지점에 위치하여 명확한 추세 전환 신호가 부족합니다.""]",1.2671594508975714,5.860612460401267
035420,네이버,2023-11-01,190800,,1.26,,29441240152600.0,Neutral,50,"[""네이버는 현재 적자 기업으로 PER 지표가 없어 가치 평가에 어려움이 있습니다."", ""52주 최저가 대비 현재 위치가 37.6%로, 상승 여력과 하락 위험이 공존하는 구간입니다."", ""최근 1개월 수익률이 마이너스이고 거래량 변화율도 감소하여 단기적인 상승 동력이 약해 보입니다.""]",3.878406708595388,9.014675052410901
035420,네이버,2023-12-01,210500,,1.38,,32311643428000.0,Neutral,50,"[""PER이 적자로 산출되지 않아 기업의 수익성 평가가 어렵습니다."", ""PBR 1.38배는 자산가치 대비 소폭 높은 수준으로, 시장 평균과의 비교가 필요합니다."", ""52주 내 현재 위치가 50%로 중간 지점에 있어 상승과 하락의 여지가 모두 존재합니다."", ""최근 1개월 수익률은 긍정적이나, 거래량 변화율이 마이너스로 전환 가능성을 시사합니다.""]",3.32541567695962,5.938242280285035
035420,네이버,2024-01-02,222000,,1.52,,35683975145000.0,Buy,75,"[""최근 1개월 수익률이 9.64%로 양호한 상승세를 보이고 있으며, 52주 최고가 대비 현재 위치가 87.7%로 상승 여력이 남아있습니다."", ""거래량 변화율이 19.43%로 증가 추세를 나타내며 이는 투자자들의 관심 증가를 시사합니다."", ""네이버는 국내 대표 IT 기업으로, AI 등 신사업 투자에 대한 기대감이 지속적으로 주가에 긍정적인 영향을 미칠 수 있습니다.""]",4.054054054054054,-9.684684684684685
035420,네이버,2024-02-01,221500,,1.35,,31762659195000.0,Neutral,40,"[""PER이 해당없음(적자)으로 재무적 부담이 존재합니다."", ""PBR 1.35배는 자산 가치 대비 소폭 높은 수준으로, 시장 상황에 따라 변동성이 나타날 수 있습니다."", ""최근 1개월 수익률이 -8.78%로 하락세를 보이고 있으나, 52주 내 현재 위치가 43.1%로 중간 지점 부근에 있어 방향성 판단이 어렵습니다.""]",-7.44920993227991,-14.311512415349886
035420,네이버,2024-03-04,188700,,1.28,,30115706496000.0,Neutral,50,"[""네이버는 현재 적자 기업으로 PER 지표가 없어 가치 평가에 어려움이 있습니다."", ""52주 최저가 대비 현재 위치가 24.4%로, 바닥권에서 반등 가능성도 있으나 최근 1개월 수익률이 마이너스인 점은 하락 압력으로 작용할 수 있습니다."", ""거래량 변화율이 37.23%로 증가한 것은 투자자들의 관심이 높아지고 있음을 시사하지만, 이것이 상승 추세로 이어질지는 불확실합니다.""]",0.9538950715421303,1.7488076311605723
035420,네이버,2024-04-01,192000,29.17,1.26,4.32,30476467563400.0,Neutral,55,"[""네이버는 현재 52주 최고가 대비 약 17.7% 하락한 상태로, 기술적으로는 반등 가능성이 있으나 최근 1개월 수익률과 거래량 변화율이 부정적인 점은 하락 압력으로 작용할 수 있습니다."", ""PER 29.2배, PBR 1.26배, ROE 4.3%는 시장 평균 대비 고평가 또는 저평가 여부를 명확히 판단하기 어렵고, 성장성 대비 밸류에이션 매력이 크지 않아 단기적인 강한 상승을 기대하기 어렵습니다."", ""재무 및 기술 지표 모두 명확한 매수 또는 매도 신호를 보내고 있지 않아, 향후 20거래일 내 시장 대비 뚜렷한 방향성을 예측하기 어렵습니다.""]",-1.5625,-1.6666666666666667
035420,네이버,2024-05-02,194600,28.34,1.22,4.3,29613778054400.0,Neutral,55,"[""현재가 194,600원은 52주 최저가 178,300원 대비 상승했으나, 52주 최고가 234,500원 대비로는 하락한 중간 지점에 위치하고 있습니다."", ""최근 1개월 수익률 -2.83%와 거래량 변화율 -22.38%는 단기적으로 매도 압력이 존재함을 시사합니다."", ""PER 28.3, PBR 1.22, ROE 4.3% 등 재무지표는 시장 평균 대비 고평가 또는 저평가 여부를 명확히 판단하기 어려운 수준으로, 긍정적인 재무 상태를 보여주고 있으나 폭발적인 성장을 기대하기는 어려운 상황입니다.""]",-5.292908530318603,-9.146968139773895
035420,네이버,2024-06-03,176800,25.93,1.12,4.32,27088450582600.0,Neutral,55,"[""현재가는 52주 최저가에 근접해 있어 하방 경직성을 기대할 수 있으나, 최근 1개월 수익률이 마이너스인 점은 부담 요인입니다."", ""거래량 변화율이 긍정적인 신호를 보내고 있으나, 재무 지표상 ROE가 낮은 편이라 뚜렷한 상승 동력을 기대하기는 어렵습니다."", ""PER, PBR, ROE 등 재무 지표가 시장 평균 대비 특별히 매력적인 수준은 아니며, 기술적으로도 뚜렷한 추세 전환 신호가 나타나지 않아 중립적인 관점을 유지합니다.""]",-4.751131221719457,-9.615384615384617
035420,네이버,2024-07-01,159900,24.46,1.05,4.29,25551294730200.0,Neutral,40,"[""현재가가 52주 최저가에 근접해 있어 하방 경직성이 기대되지만, 최근 1개월 수익률이 마이너스이고 거래량도 감소하여 상승 모멘텀이 부족합니다."", ""PER, PBR, ROE 등 재무지표는 시장 평균 대비 밸류에이션이 과도하지 않다는 점을 시사하지만, 뚜렷한 상승 동력을 보여주지는 못하고 있습니다."", ""기술적으로는 52주 최저가 부근에서 지지력을 확인할 필요가 있으며, 시장 전반의 흐름과 거시 경제 지표 변화를 함께 고려해야 합니다.""]",6.75422138836773,8.380237648530331
035420,네이버,2024-08-01,171400,26.27,1.13,4.3,27449211650000.0,Buy,75,"[""최근 1개월 수익률이 9.51%로 양호하며, 52주 최저가 대비 현재 위치가 20.4% 상승하여 기술적 반등 가능성이 있습니다."", ""거래량 변화율이 8.05%로 긍정적인 신호를 보이며, 이는 투자자들의 관심 증가를 시사합니다."", ""PER 26.3, PBR 1.13, ROE 4.3% 등의 재무지표는 현재 시장 상황에서 과대평가되었다고 보기 어렵고, 성장 잠재력을 고려할 때 추가 상승 여력이 있습니다.""]",-4.492415402567095,-2.8004667444574096
035420,네이버,2024-09-02,165300,25.01,1.08,4.32,26131649490800.0,Neutral,50,"[""현재가 165,300원은 52주 최저가 156,100원 대비 소폭 상승한 수준으로, 기술적으로는 반등 가능성을 시사하지만 52주 최고가 대비로는 여전히 낮은 위치에 있어 상승 여력이 제한적일 수 있습니다."", ""최근 1개월 수익률이 -4.80%로 하락세를 보이고 있으나, 거래량 변화율이 12.07%로 증가한 점은 매수세 유입 가능성을 나타내어 방향성 판단을 어렵게 합니다."", ""PER 25.0, PBR 1.08, ROE 4.3% 등의 재무 지표는 현재 주가가 기업 가치 대비 과대평가 혹은 저평가되었다고 단정하기 어려운 수준이며, 시장 평균과의 비교 없이는 투자 매력도를 판단하기 어렵습니다.""]",-3.8112522686025407,0.5444646098003629
035420,네이버,2024-10-02,170700,25.25,1.09,4.32,26382613711600.0,Neutral,55,"[""네이버는 현재 52주 최저가 대비로는 상승했지만, 최고가 대비로는 상당한 하락폭을 기록하며 박스권 내에서 움직이는 모습을 보이고 있습니다."", ""최근 1개월 수익률은 소폭 상승했으나, 거래량 변화율이 음수이며 재무지표 상 ROE가 낮은 수준으로 성장성 측면에서 강한 매수 신호를 보내고 있지는 않습니다."", ""PER이 25.2로 적정 밸류에이션 논란이 있을 수 있으며, PBR 1.09는 자산가치 대비 크게 고평가되지도, 저평가되지도 않은 상태로 단기적인 강한 상승 또는 하락 모멘텀을 찾기 어렵습니다.""]",0.4100761570005858,2.9291154071470418
035420,네이버,2024-11-01,175700,25.48,1.1,4.32,26617892668600.0,Neutral,50,"[""PER, PBR, ROE 등 재무지표는 시장 평균 대비 특별히 매력적이거나 위험한 수준은 아니며, 네이버의 사업 모델 특성상 전통적인 재무지표만으로 단기 방향성을 판단하기에는 한계가 있습니다."", ""52주 최고가 대비 현재 위치가 19.2% 하락한 상태이지만, 최근 1개월 수익률이 0.18%로 매우 미미하며 거래량 변화율도 하락하여 뚜렷한 상승 또는 하락 추세를 보이지 않고 있습니다."", ""단기적인 기술적 지표에서 강한 매수 또는 매도 신호가 나타나지 않고 있어 향후 20거래일 동안 시장 대비 뚜렷한 방향성을 예측하기 어렵습니다.""]",0.1707455890722823,15.822424587364825
035420,네이버,2024-12-02,209000,30.55,1.32,4.32,31919511833000.0,Buy,75,"[""최근 1개월 수익률이 19.92%로 강한 상승세를 보이고 있으며, 거래량 변화율도 72.11%로 증가하여 매수세가 유입되고 있음을 시사합니다."", ""현재가 209,000원은 52주 최고가 231,500원 대비 약 9.7% 하락한 수준으로, 추가 상승 여력이 존재한다고 판단됩니다."", ""PBR 1.32배와 ROE 4.3%는 시장 평균 대비 과도하게 고평가되었다고 보기 어려우며, 재무적으로 안정적인 흐름을 유지하고 있습니다.""]",0.0,-4.0669856459330145
035420,네이버,2025-01-02,200500,29.09,1.25,4.3,30398041244400.0,Neutral,50,"[""PER 29.1은 성장주로서는 높은 편은 아니지만, 적자 기업이 아니므로 긍정적으로 볼 수 있습니다."", ""PBR 1.25는 자산 가치 대비 소폭 상승한 수준으로, 시장 평균과 비교하여 판단이 필요합니다."", ""ROE 4.3%는 낮은 수준으로, 기업의 수익성이 개선될 여지가 있습니다."", ""52주 최고가 대비 현재 위치는 중간 지점으로, 상승 및 하락 가능성이 모두 열려 있습니다."", ""최근 1개월 수익률 -6.15%와 거래량 변화율 -9.88%는 단기적으로 매도 압력이 작용했음을 시사합니다.""]",0.7481296758104738,15.710723192019952
035420,네이버,2025-02-03,218500,32.58,1.4,4.3,34037022446000.0,Neutral,55,"[""네이버는 52주 최고가에 근접한 수준으로 단기적인 추가 상승 여력이 제한적일 수 있습니다."", ""최근 1개월 수익률은 양호하나, 거래량 변화율이 크게 하락하여 투자 심리가 위축될 가능성이 있습니다."", ""PER, PBR, ROE 등 재무 지표는 시장 평균 대비 고평가 또는 낮은 수익성을 나타내지는 않으나, 뚜렷한 상승 모멘텀을 보여주지는 않습니다.""]",4.576659038901601,-5.034324942791762
035420,네이버,2025-03-04,207500,30.85,1.33,4.31,32233217109000.0,Neutral,50,"[""네이버의 PER은 30.9로 다소 높은 편이지만, PBR 1.33과 ROE 4.3%는 시장 평균 대비 우수하다고 보기 어렵습니다."", ""52주 최고가 대비 현재 위치는 65.6%로, 상승 여력과 하락 위험이 공존하는 구간에 있습니다."", ""최근 1개월 수익률은 -5.08%로 하락세를 보였으나, 거래량 변화율이 48.42%로 크게 증가한 점은 향후 변동성을 시사합니다.""]",3.132530120481928,-5.734939759036144
035420,네이버,2025-04-01,195600,15.49,1.14,7.36,30852913894600.0,Neutral,50,"[""PER, PBR, ROE 등 재무 지표는 시장 평균 대비 양호하거나 보통 수준으로, 뚜렷한 매수 또는 매도 신호를 보내고 있지 않습니다."", ""52주 내 현재 위치가 중간 정도이며, 최근 1개월 수익률과 거래량 변화율이 부정적인 점은 단기 하락 압력을 시사합니다."", ""하지만 52주 최고가 대비 하락폭이 크지 않고, 시가총액이 큰 대형주라는 점에서 급격한 하락보다는 횡보 가능성도 존재합니다.""]",-9.560327198364007,2.505112474437628
035420,네이버,2025-05-02,199100,15.54,1.15,7.4,30962710741200.0,Neutral,50,"[""PER, PBR, ROE 등 재무지표는 시장 평균 대비 우수하지는 않지만, 적자 기업은 아니므로 안정적인 수준으로 판단됩니다."", ""52주 최고가 대비 현재 위치가 중간 정도에 위치하며, 최근 1개월 수익률이 소폭 상승했으나 거래량 변화율이 감소한 점은 상승 동력 약화를 시사합니다."", ""단기적인 기술적 지표들이 명확한 상승 또는 하락 추세를 나타내지 않고 있어 향후 20거래일 내 시장 대비 뚜렷한 방향성을 예측하기 어렵습니다.""]",-3.9678553490708186,-3.9678553490708186
035420,네이버,2025-06-02,185500,14.68,1.08,7.36,29253016987000.0,Neutral,50,"[""현재가 185,500원은 52주 최저가 155,000원 대비 20% 가량 높은 수준이지만, 52주 최고가 232,000원 대비로는 여전히 20% 가량 낮은 수준으로, 기술적으로는 상승 여력과 하락 압력이 혼재되어 있습니다."", ""최근 1개월 수익률이 -5.09%로 하락세를 보였으나, 거래량 변화율이 3.56%로 소폭 증가하며 매수세 유입 가능성을 시사하고 있어 단기적인 방향성을 판단하기 어렵습니다."", ""PER 14.7배, PBR 1.08배, ROE 7.4% 등의 재무 지표는 시장 평균 대비 과대평가 또는 저평가라고 단정하기 어렵고, 네이버의 사업 모델 특성상 단기적인 재무 지표만으로 투자 방향을 명확히 예측하기에는 한계가 있습니다.""]",7.223719676549865,36.38814016172507
035420,네이버,2025-07-01,252000,20.63,1.52,7.37,41095391156000.0,Buy,75,"[""최근 1개월 수익률이 38.40%로 강한 상승세를 보이고 있으며, 거래량 변화율 또한 338.40%로 매우 높아 투자자들의 관심이 집중되고 있음을 시사합니다."", ""현재가가 52주 최고가 대비 약 13% 하락한 수준으로, 상승 여력이 남아있다고 판단됩니다."", ""PER 20.6, PBR 1.52, ROE 7.4% 등의 재무지표는 시장 평균 대비 과도하게 고평가되었다고 보기는 어렵습니다.""]",0.7936507936507936,-7.142857142857142
035420,네이버,2025-08-01,232500,17.71,1.31,7.4,35291843550000.0,Neutral,50,"[""PER, PBR, ROE 등 재무지표는 시장 평균 대비 고평가 또는 저평가 여부를 명확히 판단하기 어려운 수준으로, 네이버의 경우 성장성을 고려해야 하므로 절대적인 수치만으로는 투자 매력도를 판단하기 어렵습니다."", ""52주 최고가 대비 현재 위치가 절반 수준이지만, 최근 1개월 수익률이 -11.07%로 하락세를 보이고 있으며 거래량 변화율도 크게 감소하여 단기적인 매도 압력이 존재할 수 있습니다."", ""기술적으로는 52주 최저가와 최고가 사이에서 중간 지점에 위치해 있어 명확한 추세 전환 신호가 나타나지 않고 있어 향후 20거래일 내 시장 대비 상승 또는 하락을 단정하기 어렵습니다.""]",-4.086021505376344,-3.225806451612903
035420,네이버,2025-09-01,225000,16.97,1.25,7.37,33801743489000.0,Neutral,50,"[""PER 17.0은 적자 기업이 아니지만, 시장 평균 대비 높은 수준은 아니므로 재무적 매력도가 아주 높다고 보기는 어렵습니다."", ""PBR 1.25와 ROE 7.4%는 기업의 자산 가치 대비 수익성이 보통 수준임을 나타내며, 급격한 상승을 기대하기는 어렵습니다."", ""52주 최고가 대비 현재 위치가 44.6%로 절반 이상 하락한 상태이며, 최근 1개월 수익률과 거래량 변화율이 모두 하락세를 보이고 있어 단기적인 추가 하락 가능성도 배제할 수 없습니다.""]",2.666666666666667,19.333333333333332
035420,네이버,2025-10-01,253000,20.04,1.48,7.39,39918996371000.0,Buy,75,"[""최근 1개월 수익률이 13.11%로 양호하며, 거래량 변화율이 126.08%로 크게 증가하여 매수세 유입 가능성을 시사합니다."", ""52주 최고가 대비 현재 위치가 72.4%로, 아직 상승 여력이 남아있다고 판단됩니다."", ""PER 20.0, PBR 1.48, ROE 7.4% 등의 재무지표는 시장 평균 대비 과도하게 고평가되었다고 보기 어려우며, 안정적인 기업 가치를 보여줍니다.""]",2.9644268774703555,4.3478260869565215
035420,네이버,2025-11-03,267000,21.61,1.59,7.36,43056049131000.0,Buy,75,"[""현재가가 52주 최고가 대비 높은 수준에 위치하며 상승 추세를 이어가고 있습니다."", ""최근 1개월 수익률이 긍정적이며 거래량 변화율 또한 증가하는 추세는 매수세 유입을 시사합니다."", ""PER, PBR, ROE 등의 재무지표는 시장 평균 대비 양호한 수준으로 기업의 펀더멘탈이 견고함을 나타냅니다.""]",-1.4981273408239701,-8.98876404494382
035420,네이버,2025-12-01,243000,19.13,1.41,7.37,38115191034000.0,Neutral,55,"[""최근 1개월 수익률이 -9.16%로 하락세를 보이고 있으며, 거래량 변화율도 -34.31%로 감소하여 단기적인 매도 압력이 존재합니다."", ""52주 최고가 대비 현재 위치가 58.2%로, 여전히 상승 여력이 남아있다고 볼 수 있으나, 52주 최저가 대비로는 상당한 상승을 기록했습니다."", ""PER, PBR, ROE 등 재무지표는 시장 평균 대비 비교적 양호한 수준이나, 최근 주가 하락세를 상쇄할 만큼 강력한 매수 모멘텀을 제시하지는 못하고 있습니다.""]",2.05761316872428,1.646090534979424
051910,LG화학,2023-01-02,601000,12.82,1.84,14.35,42637775172000.0,Neutral,50,"[""LG화학의 PER, PBR, ROE 지표는 현재 시장 평균 대비 과대평가 또는 저평가되었다고 단정하기 어렵습니다."", ""52주 최고가 대비 현재 위치는 중간 수준이지만, 최근 1개월 수익률이 -16.34%로 하락세를 보이고 있습니다."", ""거래량 변화율 또한 -29.00%로 감소 추세를 나타내고 있어 단기적인 매수 또는 매도 신호를 명확하게 판단하기 어렵습니다.""]",4.658901830282862,12.479201331114808
051910,LG화학,2023-02-01,676000,14.6,2.09,14.32,48567531984000.0,Buy,75,"[""LG화학은 현재 52주 최고가 대비 약 8.5% 하락한 수준으로, 기술적으로는 추가 상승 여력이 남아있습니다."", ""최근 1개월 수익률이 14.67%로 양호한 흐름을 보이고 있으며, 거래량 변화율도 긍정적인 신호를 나타냅니다."", ""PER 14.6, PBR 2.09, ROE 14.3% 등 재무 지표 또한 안정적인 수준으로, 시장 대비 상승 가능성을 뒷받침합니다.""]",0.591715976331361,3.9940828402366866
051910,LG화학,2023-03-02,703000,14.39,2.06,14.32,47861608554000.0,Neutral,55,"[""LG화학은 현재 52주 최고가 대비 약 5% 하락한 위치에 있으며, 최근 1개월 수익률이 소폭 하락세를 보이고 있어 단기적인 상승 모멘텀이 약합니다."", ""하지만 PBR 2.06, ROE 14.3% 등 재무 지표는 비교적 안정적인 수준을 유지하고 있으며, 시가총액이 크다는 점은 급격한 하락 가능성을 낮춥니다."", ""거래량 변화율이 9.07%로 긍정적인 신호를 보이고 있으나, 시장 전반의 불확실성과 업종 내 경쟁 심화 가능성을 고려할 때 20거래일 내 뚜렷한 방향성을 예측하기 어렵습니다.""]",0.5689900426742532,1.2802275960170697
051910,LG화학,2023-04-03,722000,30.08,1.34,4.45,50261748216000.0,Buy,75,"[""LG화학은 52주 최고가 대비 현재 위치가 89.9%로, 신고가 경신 가능성이 높은 구간에 위치해 있습니다."", ""최근 1개월 수익률이 1.28%로 소폭 상승세를 보이고 있으며, 거래량 변화율이 16.95%로 증가하는 것은 긍정적인 신호로 해석될 수 있습니다."", ""PBR 1.34배는 자산 가치 대비 저평가 가능성을 시사하며, ROE 4.5%는 수익성을 개선할 여지가 있음을 보여줍니다.""]",11.634349030470915,0.554016620498615
051910,LG화학,2023-05-02,726000,31.52,1.41,4.47,52661887878000.0,Buy,75,"[""LG화학은 52주 최고가 대비 현재 위치가 78.2%로, 여전히 상승 여력이 남아있습니다."", ""최근 1개월 수익률이 4.78%로 양호하며, 거래량 변화율이 55.00%로 증가하는 추세는 긍정적인 신호입니다."", ""PER이 31.5로 다소 높지만, PBR 1.41과 ROE 4.5%는 현재 주가 수준이 과도하게 고평가되었다고 보기는 어렵습니다.""]",-4.820936639118457,-0.6887052341597797
051910,LG화학,2023-06-01,721000,29.02,1.29,4.45,48496939641000.0,Neutral,40,"[""LG화학의 PER이 29.0으로 높은 편이며, ROE가 4.5%로 낮은 수준으로 재무적 매력도가 높지 않습니다."", ""52주 최고가 대비 현재 위치가 57.5%로 중간 지점에 위치하며, 최근 1개월 수익률이 -7.16%로 하락세를 보이고 있습니다."", ""거래량 변화율이 -43.46%로 감소하여 투자 심리가 위축된 것으로 판단됩니다.""]",3.467406380027739,-4.160887656033287
051910,LG화학,2023-07-03,680000,29.19,1.3,4.45,48779309013000.0,Neutral,50,"[""LG화학의 PER은 29.2로, 동종 업계 평균 대비 높은 수준은 아니지만, ROE 4.5% 대비로는 다소 높은 편으로 재무적 매력도가 아주 높다고 보기는 어렵습니다."", ""현재가는 52주 최고가 대비 약 17.7% 하락한 수준이며, 52주 내 현재 위치가 58.8%로 중간 지점에 있어 뚜렷한 추세 전환 신호는 아직 나타나지 않고 있습니다."", ""최근 1개월 수익률이 0.58%로 미미하고 거래량 변화율이 8.13%로 소폭 증가한 점은 단기적인 매수세 유입 가능성을 시사하지만, 추세적인 상승을 이끌 만큼 강력한 신호는 아닙니다.""]",-3.823529411764706,-3.6764705882352944
051910,LG화학,2023-08-01,642000,27.67,1.23,4.45,46237984665000.0,Neutral,50,"[""PER이 27.7로 적정 가치 대비 높은 편은 아니지만, PBR 1.23과 ROE 4.5%는 현재 주가가 자산 가치 대비 크게 고평가되지 않았음을 시사합니다."", ""52주 최고가 대비 현재 위치가 41.2%로, 52주 내에서 중간 정도의 위치에 있어 상승 여력과 하락 위험이 공존합니다."", ""최근 1개월 수익률이 -5.21%로 하락세를 보였으나, 거래량 변화율이 71.51%로 크게 증가한 점은 향후 변동성 확대 가능성을 시사하며, 이는 긍정적 또는 부정적 방향으로 작용할 수 있습니다.""]",-1.8691588785046727,-9.190031152647975
051910,LG화학,2023-09-01,586000,24.08,1.07,4.44,40237635510000.0,Neutral,50,"[""현재가 586,000원은 52주 최저가 536,000원 대비 소폭 상승한 위치에 있으나, 52주 최고가 825,000원 대비로는 상당한 하락폭을 보이고 있어 추세 전환 여부가 불확실합니다."", ""최근 1개월 수익률이 -11.21%로 하락세를 보이고 있으며, 거래량 변화율 또한 -42.80%로 감소하여 투자 심리가 위축된 것으로 판단됩니다."", ""PER 24.1, PBR 1.07, ROE 4.4% 등 재무지표는 현재 기업 가치가 과대평가되었다고 보기는 어렵지만, 뚜렷한 상승 모멘텀을 보여주지는 못하고 있습니다.""]",-4.266211604095563,-14.761092150170649
051910,LG화학,2023-10-04,502000,20.53,0.92,4.48,34307878698000.0,Neutral,40,"[""LG화학의 PER은 20.5로 적정 수준으로 판단되나, ROE가 4.5%로 낮은 수준입니다."", ""PBR이 0.92로 자산가치 대비 저평가된 측면이 있으나, 52주 최고가 대비 현재 위치가 0.0%로 하락 추세가 지속되고 있습니다."", ""최근 1개월 수익률이 -15.62%로 부진하며, 거래량 변화율이 14.08%로 증가했지만 이는 하락 추세 속에서의 반등 가능성보다는 매물 소화 과정일 수 있습니다.""]",5.179282868525896,-6.175298804780876
051910,LG화학,2023-11-01,455500,18.21,0.81,4.45,30425299833000.0,Neutral,40,"[""LG화학은 현재 52주 최저가 근처에서 거래되고 있으며, 이는 기술적으로 반등 가능성을 시사합니다."", ""최근 1개월 수익률이 -14.65%로 하락세를 보였으나, 거래량 변화율이 33.69%로 증가한 점은 투자자들의 관심이 재집중되고 있음을 나타냅니다."", ""하지만 PER, PBR, ROE 등 재무지표가 눈에 띄게 긍정적이거나 부정적이지 않아 명확한 상승 또는 하락 추세를 판단하기 어렵습니다.""]",2.634467618002195,9.989023051591657
051910,LG화학,2023-12-01,473000,20.55,0.92,4.48,34343174869500.0,Neutral,50,"[""LG화학의 PER은 20.6으로 적자 기업이 아니지만, 절대적인 수치만으로는 고평가/저평가 판단이 어렵습니다."", ""PBR 0.92는 장부가치 대비 소폭 할인된 가격임을 시사하지만, ROE 4.5%는 낮은 수준으로 수익성 측면에서 매력도가 떨어집니다."", ""52주 최고가 대비 현재 위치가 15.2%로 낮아 하락 여력은 제한적일 수 있으나, 최근 1개월 수익률 6.81%와 거래량 변화율 -18.70%는 긍정적인 모멘텀이 약화되고 있음을 보여줍니다.""]",0.5285412262156448,1.6913319238900635
051910,LG화학,2024-01-02,480500,20.85,0.93,4.46,34837321270500.0,Neutral,50,"[""LG화학의 PER 20.9는 시장 평균 대비 높은 편은 아니지만, ROE 4.5%는 낮은 수준으로 수익성 개선이 필요합니다."", ""PBR 0.93은 현재 주가가 장부가치 대비 소폭 할인되어 거래되고 있음을 시사합니다."", ""52주 최고가 대비 현재 위치가 16.9%로, 52주 내에서 하락 추세가 이어지고 있으며 최근 1개월 수익률과 거래량 변화율도 부정적인 신호를 보이고 있습니다.""]",-3.329864724245578,-9.573361082206034
051910,LG화학,2024-02-01,461000,18.17,0.81,4.46,30354707490000.0,Neutral,50,"[""LG화학의 PBR 0.81은 현재 주가가 장부가치 대비 저평가되어 있음을 시사하지만, ROE 4.5%는 낮은 수준으로 수익성이 개선될 여지가 필요합니다."", ""52주 최고가 대비 현재 위치가 9.8%로, 주가 상승 여력이 남아있다고 볼 수도 있으나 최근 1개월 수익률이 -10.51%로 하락세를 보이고 있어 단기적인 하락 압력이 존재합니다."", ""거래량 변화율 25.28%는 시장의 관심이 증가하고 있음을 나타내지만, 이것이 상승 또는 하락으로 이어질지는 추가적인 시장 상황 및 기업 내부 요인 분석이 필요합니다.""]",2.1691973969631237,-4.229934924078091
051910,LG화학,2024-03-04,452500,19.52,0.87,4.46,32613662466000.0,Buy,75,"[""현재가 52주 최저가 대비 17.1% 수준으로, 저가 매수세 유입 가능성이 있습니다."", ""최근 1개월 수익률이 8.32%로 상승 추세를 보이고 있으며, 거래량 변화율도 53.12%로 증가하여 투자 심리가 개선되고 있습니다."", ""PBR 0.87은 자산 가치 대비 저평가 가능성을 시사하며, ROE 4.5%는 수익성을 회복하고 있음을 나타냅니다.""]",-0.44198895027624313,-6.2983425414364635
051910,LG화학,2024-04-01,424000,25.2,0.74,2.94,30390003661500.0,Neutral,50,"[""LG화학의 PBR 0.74는 자산 가치 대비 저평가 가능성을 시사하지만, 낮은 ROE 2.9%는 수익성 개선이 더디다는 점을 보여줍니다."", ""현재가 424,000원은 52주 최저가 387,000원 대비 상승했으나, 52주 최고가 825,000원 대비로는 여전히 낮은 수준으로, 52주 내 현재 위치 9.9%는 상승 여력이 있음을 나타냅니다."", ""최근 1개월 수익률 -4.97%와 거래량 변화율 -35.26%는 단기적으로 투자 심리가 위축되었음을 보여주며, 이는 향후 20거래일 동안 뚜렷한 상승 또는 하락 방향성을 예측하기 어렵게 만듭니다.""]",-6.839622641509433,-4.481132075471698
051910,LG화학,2024-05-02,403500,23.7,0.7,2.95,28589898915000.0,Neutral,55,"[""LG화학의 PBR 0.70은 현재 주가가 장부가치 대비 저평가되었음을 시사하지만, ROE 3.0%는 낮은 수익성을 나타내고 있습니다."", ""52주 최고가 대비 현재 위치가 8.6%로 낮은 편이지만, 최근 1개월 수익률이 -5.92%로 하락세를 보이고 있어 단기적인 모멘텀이 약합니다."", ""거래량 변화율이 26.99%로 증가한 것은 긍정적인 신호일 수 있으나, 재무 지표의 불확실성과 최근 하락세를 고려할 때 20거래일 내 뚜렷한 방향성을 예측하기 어렵습니다.""]",-3.0978934324659235,-10.532837670384138
051910,LG화학,2024-06-03,361000,20.92,0.62,2.96,25236762622500.0,Neutral,50,"[""LG화학의 현재 PER은 20.9로, 적자 기업이 아닌 경우 일반적으로 적정 수준으로 평가될 수 있으나, ROE가 3.0%로 낮은 수준이어서 기업의 수익성 개선이 더딘 점은 부담 요인입니다."", ""PBR이 0.62로 액면가 대비 저평가된 것으로 보이나, 이는 시장에서 기업의 미래 성장성에 대한 기대감이 낮음을 시사할 수 있습니다."", ""52주 최저가에 근접한 현재 위치(52주 최고가 대비 1.7% 하락)와 최근 1개월 수익률(-11.18%), 거래량 변화율(-13.03%) 등 기술적 지표들이 약세를 나타내고 있어 단기적인 추가 하락 가능성을 배제할 수 없습니다.""]",2.9085872576177287,-0.2770083102493075
051910,LG화학,2024-07-01,353000,20.81,0.61,2.93,25095577936500.0,Neutral,50,"[""LG화학은 현재 52주 최저가에 근접한 가격에서 거래되고 있어 기술적 반등 가능성이 존재합니다."", ""하지만 PER, ROE 등 주요 재무지표가 시장 평균 대비 매력적이지 않아 강한 상승 동력을 기대하기 어렵습니다."", ""최근 1개월 수익률이 소폭 상승했으나 거래량 변화율이 감소하는 등 투자 심리가 위축된 모습을 보이고 있어 20거래일 내 뚜렷한 방향성을 예측하기 어렵습니다.""]",2.6912181303116145,-13.59773371104816
051910,LG화학,2024-08-01,308500,18.38,0.54,2.94,22165995702000.0,Neutral,50,"[""LG화학의 PBR 0.54는 자산 가치 대비 저평가 가능성을 시사하지만, 낮은 ROE 2.9%는 수익성 개선이 더디다는 점을 나타냅니다."", ""현재가가 52주 최저가에 근접해 있어 기술적 반등 가능성도 있으나, 최근 1개월 수익률이 -12.78%로 하락 추세가 지속되고 있습니다."", ""거래량 변화율이 크지 않고, PER 정보가 없어 기업의 수익성 대비 밸류에이션 판단이 어렵습니다.""]",-7.293354943273905,10.21069692058347
051910,LG화학,2024-09-02,333000,19.9,0.59,2.96,24001396620000.0,Buy,70,"[""PBR 0.59는 현재 주가가 장부가치 대비 저평가되어 있음을 시사하며, 이는 향후 상승 가능성을 내포합니다."", ""최근 1개월 수익률 8.28%와 거래량 변화율 16.55%는 시장의 관심이 증가하고 있으며 긍정적인 모멘텀이 작용하고 있음을 나타냅니다."", ""52주 최저가 대비 현재 위치가 21.1%로, 주가가 바닥을 다지고 반등할 가능성이 존재합니다.""]",-7.957957957957958,8.408408408408409
051910,LG화학,2024-10-02,348500,20.69,0.61,2.95,24954393250500.0,Buy,75,"[""PBR 0.61은 현재 주가가 장부가치 대비 저평가되어 있음을 시사합니다."", ""최근 1개월 수익률 12.76%는 단기적으로 긍정적인 모멘텀이 작용하고 있음을 보여줍니다."", ""거래량 변화율 14.69%는 시장 참여자들의 관심 증가를 나타내며, 이는 상승 가능성을 높입니다.""]",0.5738880918220948,-7.173601147776183
051910,LG화학,2024-11-01,323500,18.61,0.55,2.96,22448365074000.0,Neutral,40,"[""LG화학의 현재 PER은 18.6으로, 적자 기업이 아님에도 불구하고 업종 평균 대비 높은 수준인지, 혹은 낮은 수준인지에 대한 추가적인 비교 분석이 필요합니다."", ""PBR 0.55는 장부가치 대비 저평가 가능성을 시사하지만, ROE 3.0%는 낮은 수준으로 수익성 개선 여부가 불확실합니다."", ""최근 1개월 수익률 -10.80%와 거래량 변화율 -13.49%는 단기적인 하락 추세를 나타내지만, 52주 최저가 대비 현재 위치가 18.3%로 반등 가능성도 배제할 수 없어 명확한 방향성을 판단하기 어렵습니다.""]",-6.0278207109737245,-12.673879443585781
051910,LG화학,2024-12-02,282500,16.53,0.49,2.96,19942336897500.0,Neutral,40,"[""LG화학은 현재 52주 최저가에 근접한 가격으로, 기술적으로는 반등 가능성이 있으나 최근 1개월 수익률이 마이너스인 점은 하락 압력을 시사합니다."", ""PBR 0.49는 저평가 구간으로 해석될 수 있으나, 낮은 ROE 3.0%는 수익성 개선에 대한 의구심을 남깁니다."", ""거래량 변화율이 마이너스인 점은 투자 심리가 위축되었음을 나타내며, 20거래일 내 뚜렷한 방향성을 예측하기 어렵습니다.""]",-5.132743362831858,-10.265486725663717
051910,LG화학,2025-01-02,253500,14.19,0.42,2.96,17118643177500.0,Neutral,40,"[""현재가 52주 최저가에 근접해 있어 하락보다는 상승 여력이 존재하나, 최근 1개월 수익률이 마이너스인 점은 부담 요인입니다."", ""PBR 0.42는 저평가 가능성을 시사하지만, ROE 3.0%는 낮은 수준으로 기업의 수익성이 개선될 여지가 필요합니다."", ""거래량 변화율이 크지 않고, 52주 내 현재 위치가 0.0%로 특별한 추세가 나타나지 않아 단기적인 방향성을 예측하기 어렵습니다.""]",-3.353057199211045,-12.42603550295858
051910,LG화학,2025-02-03,213000,12.99,0.38,2.93,15671500146000.0,Sell,60,"[""현재가가 52주 최저가에 근접해 있으며, 52주 내 현재 위치가 0.0%로 바닥권에 머물러 있어 추가 하락 가능성이 있습니다."", ""최근 1개월 수익률이 -10.48%로 부진하며, 거래량 변화율 또한 -21.42%로 감소하여 투자 심리가 위축된 것으로 보입니다."", ""PBR 0.38은 자산 가치 대비 저평가된 측면이 있으나, ROE 2.9%는 낮은 수준으로 기업의 수익성이 개선되지 않는다면 주가 반등 동력이 약할 수 있습니다.""]",3.9906103286384975,8.215962441314554
051910,LG화학,2025-03-04,230500,13.31,0.39,2.93,16059758032500.0,Neutral,50,"[""LG화학의 PBR 0.39는 자산 가치 대비 저평가 가능성을 시사하지만, 낮은 ROE 2.9%는 수익성 개선이 더딘 점을 나타냅니다."", ""현재가 230,500원은 52주 최저가 213,000원에 근접해 있어 기술적 반등 가능성도 있으나, 52주 최고가 대비 큰 폭으로 하락한 상태입니다."", ""최근 1개월 수익률 -4.21%는 하락 추세를 보이고 있으나, 거래량 변화율 35.82%는 단기적인 수급 변화 가능성을 내포하고 있어 명확한 방향성을 판단하기 어렵습니다.""]",8.893709327548807,0.8676789587852495
051910,LG화학,2025-04-01,232500,,0.36,,17224531692000.0,Buy,65,"[""LG화학은 현재 52주 최저가에 근접한 수준으로, 밸류에이션 매력이 부각될 수 있습니다."", ""최근 1개월 수익률이 4.05%로 소폭 상승세를 보이고 있으며, 거래량 변화율도 17.76%로 증가하여 투자 심리가 개선될 가능성이 있습니다."", ""PER이 해당없음(적자)으로 표시되어 있지만, PBR이 0.36으로 낮다는 점은 자산 가치 대비 저평가되었음을 시사합니다.""]",-12.473118279569892,-7.096774193548387
051910,LG화학,2025-05-02,208000,,0.31,,14824392030000.0,Sell,60,"[""LG화학은 현재 PER이 '해당없음(적자)'으로 재무적으로 불안정한 모습을 보이고 있습니다."", ""최근 1개월 수익률이 -9.68%로 하락세를 지속하고 있으며, 거래량 변화율도 -33.41%로 감소하여 투자 심리가 위축된 것으로 판단됩니다."", ""52주 최고가 대비 현재 위치가 3.2%에 불과하여 하락 여력이 상대적으로 남아있다고 볼 수 있습니다.""]",-2.1634615384615383,-3.125
051910,LG화학,2025-06-02,198700,,0.29,,13786684587900.0,Neutral,40,"[""LG화학은 현재 적자 상태로 PER이 산출되지 않으며, PBR이 0.29로 낮아 저평가 가능성이 있으나 ROE가 없어 기업의 수익성을 판단하기 어렵습니다."", ""52주 최고가 대비 현재 위치가 6.0%로 낮고, 최근 1개월 수익률이 -13.39%로 부진하지만, 거래량 변화율이 30%로 증가하며 투자자들의 관심이 높아지고 있음을 시사합니다."", ""재무적으로는 불확실성이 존재하지만, 기술적으로는 저점 매수세 유입 가능성과 단기 반등 가능성을 동시에 내포하고 있어 명확한 방향성을 판단하기 어렵습니다.""]",5.938600905888274,29.34071464519376
051910,LG화학,2025-07-01,240000,,0.34,,16165646547000.0,Neutral,50,"[""PER이 없어 적자 기업임을 나타내지만, PBR이 0.34로 낮아 저평가 가능성이 있습니다."", ""최근 1개월 수익률이 14.90%로 양호한 흐름을 보였으나, 거래량 변화율이 -7.58%로 감소 추세입니다."", ""52주 최고가 대비 현재 위치가 25.2%로, 상승 여력과 하락 위험이 공존하여 단기 방향성 판단이 어렵습니다.""]",8.333333333333332,27.500000000000004
051910,LG화학,2025-08-01,289500,,0.43,,20471779470000.0,Buy,70,"[""LG화학은 현재 PBR 0.43으로 순자산가치 대비 저평가된 구간에 있으며, 52주 최저가 대비 현재 위치가 60.2%로 회복세를 보이고 있습니다."", ""최근 1개월 수익률이 12.84%로 양호한 상승세를 기록하며 투자 심리가 개선되고 있음을 시사합니다."", ""비록 PER이 해당없음(적자)으로 표시되지만, 이는 일시적인 요인일 수 있으며 향후 실적 개선 기대감과 함께 기술적 반등 가능성이 높다고 판단됩니다.""]",-4.145077720207254,-6.90846286701209
051910,LG화학,2025-09-01,269500,,0.4,,19165821124500.0,Neutral,40,"[""PER이 해당없음(적자)으로 재무적 부담이 존재합니다."", ""PBR이 0.40으로 자산 가치 대비 저평가 가능성이 있으나, 적자 기업임을 감안해야 합니다."", ""최근 1개월 수익률이 -9.95%로 하락세를 보이고 있으며, 거래량 변화율도 -32.84%로 감소하여 투자 심리가 위축된 것으로 보입니다."", ""52주 내 현재 위치가 49.9%로 중간 지점에 위치하여 명확한 추세 판단이 어렵습니다.""]",8.719851576994433,3.153988868274583
051910,LG화학,2025-10-01,277500,,0.41,,19871744554500.0,Neutral,50,"[""LG화학은 현재 적자 상태로 PER 지표가 유효하지 않으며, PBR이 0.41로 낮아 저평가 가능성이 있으나 ROE가 N/A%로 수익성 지표가 부재합니다."", ""52주 최고가 대비 현재 위치가 55.5%로 중간 수준이며, 최근 1개월 수익률은 4.45%로 소폭 상승했지만 거래량 변화율이 -9.49%로 감소하여 매수세가 약화된 것으로 보입니다."", ""재무적으로는 저평가 가능성이 있으나 수익성 부재와 기술적으로는 상승 모멘텀이 약화된 상황으로 향후 20거래일 내 뚜렷한 방향성을 예측하기 어렵습니다.""]",12.432432432432433,38.91891891891892
051910,LG화학,2025-11-03,395000,,0.58,,27742790799000.0,Buy,75,"[""최근 1개월 수익률이 39.12%로 매우 강한 상승세를 보이고 있으며, 이는 시장의 긍정적인 관심과 매수세를 반영합니다."", ""52주 최고가 대비 현재 위치가 89.8%로, 역사적 고점 부근에 근접해 있지만 여전히 상승 여력이 남아있음을 시사합니다."", ""거래량 변화율이 133.96%로 크게 증가한 것은 투자자들의 관심이 고조되고 있음을 나타내며, 이는 추가적인 상승 동력으로 작용할 수 있습니다.""]",1.139240506329114,-5.949367088607595
051910,LG화학,2025-12-01,371500,,0.55,,26260351596000.0,Neutral,55,"[""LG화학은 현재 적자 상태로 PER이 산출되지 않으며, PBR이 0.55로 낮아 저평가 가능성이 있으나 ROE 정보가 없어 기업의 수익성 판단이 어렵습니다."", ""52주 최고가 대비 현재 위치가 80%로 높은 편이지만, 최근 1개월 수익률이 -6.42%로 하락세를 보이고 있으며 거래량 변화율도 -32.01%로 감소하여 투자 심리가 위축된 것으로 보입니다."", ""재무적으로는 저평가 가능성이 있으나, 최근 주가 흐름과 거래량 감소는 단기적인 하락 압력을 시사하여 향후 20거래일 내 뚜렷한 방향성을 예측하기 어렵습니다.""]",2.1534320323014806,-13.189771197846568
352820,HYBE,2023-01-02,176500,46.76,2.53,5.41,7299999897000.0,Buy,70,"[""최근 1개월 수익률이 10.42%로 상승세를 보이고 있으며, 거래량 변화율도 25.46%로 증가하여 투자 심리가 개선되고 있음을 시사합니다."", ""현재 주가는 52주 최저가 대비 상당 부분 상승하였으나, 52주 최고가 대비로는 아직 낮은 위치에 있어 추가 상승 여력이 존재합니다."", ""PER이 46.8로 다소 높지만, 적자 기업이 아니며 PBR 2.53, ROE 5.4% 등 재무 지표가 극단적으로 나쁘지 않은 상황에서 기술적 반등 가능성이 있습니다.""]",-3.39943342776204,6.458923512747876
352820,HYBE,2023-02-01,187900,52.28,2.83,5.41,8161356817000.0,Neutral,50,"[""PER이 52.3으로 높아 밸류에이션 부담이 존재합니다."", ""PBR 2.83, ROE 5.4%는 시장 평균 대비 높은 수준은 아니지만, 적자 기업이 아니라는 점은 긍정적입니다."", ""52주 최고가 대비 현재 위치가 37.5%로 낮아 추가 상승 여력은 있지만, 최근 1개월 수익률이 9.22%로 양호한 흐름을 보이고 있어 단기 상승세가 이어질지는 지켜봐야 합니다."", ""거래량 변화율이 9.81%로 소폭 증가했으나, 추세 전환을 확신하기에는 부족합니다.""]",5.534858967535923,-0.2660989888238425
352820,HYBE,2023-03-02,187400,51.59,2.79,5.41,8053687202000.0,Neutral,50,"[""PER이 51.6으로 높아 밸류에이션 부담이 존재하나, PBR 2.79와 ROE 5.4%는 현재 시장 상황에서 중간 수준의 평가를 받고 있습니다."", ""52주 최고가 대비 현재 위치가 36.3%로, 52주 내에서 상승 여력과 하락 위험이 공존하는 구간에 있습니다."", ""최근 1개월 수익률은 -2.45%로 소폭 하락했으나, 거래량 변화율이 96.64%로 크게 증가한 점은 향후 변동성 확대 가능성을 시사합니다.""]",-1.9743863393810033,0.8004268943436499
352820,HYBE,2023-04-03,190300,145.45,2.71,1.86,7924483664000.0,Neutral,40,"[""PER이 145.4로 매우 높아 밸류에이션 부담이 존재하며, ROE가 1.9%로 낮은 수준입니다."", ""52주 최고가 대비 현재 주가 위치가 34.9%로, 여전히 상당한 하락폭을 보이고 있어 기술적 반등 가능성과 추가 하락 가능성이 공존합니다."", ""최근 1개월 수익률이 -1.81%로 약세를 보이고 있으며, 거래량 변화율이 -42.54%로 감소하여 투자 심리가 위축되었음을 시사합니다.""]",17.971623751970572,54.75564897530215
352820,HYBE,2023-05-02,294500,224.9,4.18,1.86,12252802187000.0,Buy,75,"[""현재가가 52주 최고가를 돌파하며 강한 상승 모멘텀을 보여주고 있습니다."", ""최근 1개월 수익률이 50.61%로 매우 높아 투자자들의 관심이 집중되고 있음을 시사합니다."", ""거래량 변화율이 22.88%로 증가하며 매수세가 유입되고 있음을 나타냅니다.""]",-5.772495755517826,-8.31918505942275
352820,HYBE,2023-06-01,270000,219.37,4.08,1.86,11951327265000.0,Neutral,50,"[""PER이 매우 높아 단기적인 밸류에이션 부담이 존재합니다."", ""52주 최고가 대비 현재 위치가 높아 추가 상승 여력이 제한적일 수 있습니다."", ""최근 1개월 수익률은 긍정적이나 거래량 감소는 투자 심리 위축 가능성을 시사합니다.""]",8.88888888888889,3.5185185185185186
352820,HYBE,2023-07-03,286000,220.95,4.11,1.86,12037462957000.0,Neutral,50,"[""PER이 매우 높아 밸류에이션 부담이 존재하며, ROE 또한 낮은 수준으로 재무적 매력도는 다소 떨어집니다."", ""52주 최고가 대비 현재 위치가 높아 단기 차익 실현 매물이 출회될 가능성이 있습니다."", ""최근 1개월 수익률과 거래량 변화율이 크지 않아 뚜렷한 추세 전환 신호는 아직 포착되지 않습니다.""]",-5.594405594405594,-11.188811188811188
352820,HYBE,2023-08-01,252000,200.79,3.74,1.86,10939232884000.0,Neutral,50,"[""PER이 매우 높아 현재 기업 가치 대비 고평가 논란이 있을 수 있습니다."", ""PBR 3.74배와 ROE 1.9%는 재무적으로 아주 매력적인 수준은 아닙니다."", ""최근 1개월 수익률이 마이너스(-)를 기록하며 단기적인 하락세를 보였으나, 거래량 변화율이 긍정적인 점은 주목할 만합니다."", ""52주 최고가 대비 현재 위치가 73.2%로, 여전히 상승 여력은 존재하나 하락 위험도 함께 고려해야 합니다.""]",2.976190476190476,0.1984126984126984
352820,HYBE,2023-09-01,250500,196.84,3.66,1.86,10723893654000.0,Neutral,50,"[""PER 지표가 높게 나타나 밸류에이션 부담이 존재합니다."", ""52주 최고가 대비 현재 위치가 70.6%로, 상승 여력과 하락 위험이 공존하는 구간입니다."", ""최근 1개월 수익률과 거래량 변화율이 하락세를 보이고 있어 단기적인 모멘텀이 약합니다.""]",-2.3952095808383236,-8.582834331337326
352820,HYBE,2023-10-04,227000,175.89,3.27,1.86,9582595735000.0,Neutral,40,"[""PER이 175.9로 매우 높아 단기적인 밸류에이션 부담이 존재합니다."", ""최근 1개월 수익률이 -9.37%로 하락세를 보이고 있으며, 거래량 변화율도 -44.60%로 감소하여 투자 심리가 위축된 것으로 판단됩니다."", ""52주 최고가 대비 현재 위치가 57.2%로 여전히 상승 여력은 있으나, 재무 및 기술적 지표에서 명확한 상승 또는 하락 신호를 찾기 어렵습니다.""]",7.709251101321586,-4.845814977973569
352820,HYBE,2023-11-01,227500,182.21,3.39,1.86,9927138503000.0,Neutral,50,"[""PER이 182.2로 매우 높아 고평가 논란이 있으며, ROE가 1.9%로 낮은 수준입니다."", ""PBR 3.39는 자산 가치 대비 다소 높은 편이지만, 성장성을 감안하면 용인될 수 있는 수준입니다."", ""최근 1개월 수익률이 -4.95%로 하락세를 보이고 있으나, 거래량 변화율이 23.51%로 증가하며 투자 심리 변화 가능성을 시사합니다."", ""52주 최고가 대비 현재 위치가 60.2%로, 상승 여력과 하락 위험이 공존하는 구간에 있습니다.""]",-6.813186813186813,-5.274725274725275
352820,HYBE,2023-12-01,209000,167.19,3.11,1.86,9108849429000.0,Neutral,50,"[""PER이 매우 높아 단기적인 밸류에이션 부담이 존재합니다."", ""최근 1개월 수익률이 마이너스로 하락 추세가 나타나고 있습니다."", ""거래량 변화율이 높다는 점은 시장의 관심이 증가하고 있음을 시사하지만, 긍정적 또는 부정적 방향성을 명확히 판단하기 어렵습니다.""]",13.875598086124402,15.07177033492823
352820,HYBE,2024-01-02,239500,190.91,3.55,1.86,10400884809000.0,Neutral,50,"[""PER이 매우 높아 밸류에이션 부담이 존재하며, ROE가 낮은 점은 수익성 측면에서 아쉬운 부분입니다."", ""52주 최고가 대비 현재 위치는 중간 수준이지만, 최근 1개월 수익률은 긍정적입니다."", ""거래량 변화율이 크게 하락한 점은 투자 심리 위축 가능성을 시사하며, 향후 방향성 판단에 있어 불확실성을 높입니다.""]",4.592901878914405,-15.866388308977037
352820,HYBE,2024-02-01,205500,157.31,2.93,1.86,8570501354000.0,Neutral,40,"[""PER이 157.3으로 매우 높아 현재 기업 가치가 고평가되었을 가능성이 있습니다."", ""ROE가 1.9%로 낮아 수익 창출 능력이 상대적으로 미흡합니다."", ""최근 1개월 수익률이 -16.91%로 하락세를 보이고 있으며, 52주 최고가 대비 현재 위치가 19.1%로 하락 추세에서 벗어나지 못하고 있습니다.""]",0.0,-8.75912408759124
352820,HYBE,2024-03-04,188600,152.33,2.83,1.86,8299173924200.0,Neutral,50,"[""PER이 152.3으로 매우 높아 현재 기업 가치 대비 고평가된 측면이 있습니다."", ""ROE가 1.9%로 낮아 수익성이 부진한 편입니다."", ""최근 1개월 수익률이 마이너스(-)를 기록하며 하락세를 보이고 있으나, 52주 최저가 대비 현재 위치가 14.4%로 바닥권에서 반등 가능성도 존재합니다."", ""거래량 변화율이 15.52%로 증가하고 있어 투자자들의 관심이 높아지고 있으나, 재무 지표의 부담으로 인해 뚜렷한 상승 동력을 기대하기는 어렵습니다.""]",8.430540827147402,17.9745493107105
352820,HYBE,2024-04-01,222500,50.29,3.14,6.24,9754867119000.0,Buy,75,"[""최근 1개월 수익률이 13.76%로 양호한 상승세를 보이고 있으며, 거래량 변화율도 10.66%로 긍정적인 흐름을 나타내고 있습니다."", ""현재가 222,500원은 52주 최저가 182,100원 대비 상당 부분 회복되었으나, 52주 최고가 307,000원 대비로는 아직 상승 여력이 남아있습니다."", ""ROE 6.2%는 시장 평균 대비 높지는 않지만, 적자 기업이 아닌 점과 PBR 3.14가 자산 가치 대비 과도하게 고평가되지 않았음을 시사합니다.""]",-2.696629213483146,-10.112359550561797
352820,HYBE,2024-05-02,203500,44.4,2.77,6.24,8613569200000.0,Neutral,50,"[""PER이 44.4로 높은 편이며, ROE 6.2%는 시장 평균 대비 낮은 수준으로 재무적 매력은 크지 않습니다."", ""52주 최고가 대비 현재 위치가 11.6%로, 52주 내에서 하락 추세가 이어지고 있으며 최근 1개월 수익률도 마이너스입니다."", ""거래량 변화율이 47%로 높게 나타나고 있으나, 이는 단기적인 변동성을 시사할 뿐 명확한 상승 또는 하락 추세를 뒷받침하기에는 부족합니다.""]",-5.257985257985258,-1.71990171990172
352820,HYBE,2024-06-03,200000,44.52,2.78,6.24,8635103123000.0,Neutral,40,"[""PER이 44.5로 높아 밸류에이션 부담이 존재하며, ROE 6.2%는 상대적으로 낮은 수준입니다."", ""52주 최고가 대비 현재 위치가 12.1%로, 하락폭이 제한적일 수 있으나 상승 모멘텀도 강하지 않습니다."", ""최근 1개월 수익률이 -0.74%로 약보합세를 보이고 있으며, 거래량 변화율이 0%로 특별한 수급 변화가 감지되지 않아 단기 방향성 판단이 어렵습니다.""]",-0.44999999999999996,-1.5
352820,HYBE,2024-07-01,197200,44.52,2.78,6.24,8635103123000.0,Neutral,40,"[""현재가(197,200원)는 52주 최저가(185,900원) 대비 소폭 상승했으나, 52주 최고가(307,000원) 대비로는 여전히 낮은 수준에 머물러 있어 추세 전환 여부가 불확실합니다."", ""최근 1개월 수익률이 -1.72%로 약세를 보이고 있으며, 거래량 변화율 또한 -47.87%로 감소하여 투자 심리가 위축된 것으로 판단됩니다."", ""PER 44.5배는 다소 높은 편이지만, PBR 2.78배와 ROE 6.2%는 현재 시장 상황을 고려했을 때 특별히 매력적인 수준은 아니며, 재무적 강점을 바탕으로 한 명확한 상승 근거가 부족합니다.""]",-1.4705882352941175,-12.778904665314403
352820,HYBE,2024-08-01,180800,38.92,2.43,6.24,7549793403800.0,Neutral,50,"[""PER이 38.9로 다소 높은 편이나, 적자 기업이 아니므로 절대적인 판단 기준이 되기는 어렵습니다."", ""PBR 2.43, ROE 6.2%는 시장 평균 대비 비교 우위를 판단하기에 정보가 부족합니다."", ""52주 최저가 대비 현재 위치가 4.8%로 낮은 편이지만, 최근 1개월 수익률이 -11.02%로 하락 추세를 보이고 있으며 거래량 변화율도 감소하여 단기적인 하락 압력이 존재합니다.""]",-4.756637168141593,-0.5530973451327433
352820,HYBE,2024-09-02,180400,39.92,2.49,6.24,7743598710800.0,Neutral,50,"[""PER이 39.9로 높은 편이나, 적자 기업이 아니므로 절대적인 판단 기준이 되기는 어렵습니다."", ""PBR 2.49, ROE 6.2%는 현재 주가가 자산 가치 대비 다소 높게 평가되고 있음을 시사합니다."", ""52주 최고가 대비 현재 위치가 18.0%로 하락폭이 크지만, 최근 1개월 수익률이 소폭 상승하고 거래량 변화율이 32.01%로 증가한 점은 긍정적이나, 명확한 상승 또는 하락 추세를 판단하기에는 근거가 부족합니다.""]",-7.982261640798225,-0.8869179600886918
352820,HYBE,2024-10-02,173500,37.77,2.36,6.25,7325840604600.0,Neutral,50,"[""PER, PBR, ROE 등 재무지표는 현재가치 대비 고평가 여부를 명확히 판단하기 어려운 수준입니다."", ""52주 최고가 대비 현재 위치는 하락 여력이 남아있으나, 최저가 대비로는 상승 여력도 존재합니다."", ""최근 1개월 수익률 및 거래량 변화율이 하락세를 나타내고 있어 단기적인 하락 압력이 존재하지만, 뚜렷한 하락 추세를 확정하기에는 근거가 부족합니다.""]",6.22478386167147,13.71757925072046
352820,HYBE,2024-11-01,197300,41.45,2.59,6.25,8040766848200.0,Neutral,50,"[""최근 1개월 수익률은 긍정적이나, 거래량 변화율이 감소하고 있어 상승 동력이 약화될 수 있습니다."", ""52주 최고가 대비 현재 위치가 낮아 추가 상승 여력이 있지만, PER이 높아 밸류에이션 부담이 존재합니다."", ""재무 지표는 안정적인 편이나, 20거래일이라는 단기적인 관점에서 뚜렷한 상승 또는 하락 추세를 예측하기 어렵습니다.""]",1.3684744044602128,-3.801317790167258
352820,HYBE,2024-12-02,199300,42.14,2.63,6.24,8174277170800.0,Neutral,50,"[""PER이 42.1로 높은 편이나, 적자기업이 아니므로 절대적인 판단 기준이 되기는 어렵습니다."", ""PBR 2.63, ROE 6.2%는 시장 평균 대비 높은 수준은 아니지만, 긍정적인 재무 상태를 나타냅니다."", ""52주 최고가 대비 현재 위치가 32.5%로, 상승 여력과 하락 위험이 공존하는 구간입니다."", ""최근 1개월 수익률이 1.66%로 소폭 상승했으나, 거래량 변화율이 62.75%로 크게 증가한 점은 변동성 확대 가능성을 시사합니다.""]",-0.9533366783743101,0.8529854490717512
352820,HYBE,2025-01-02,201000,43.58,2.72,6.24,8454218169800.0,Neutral,50,"[""PER이 43.6으로 높은 편이지만, 적자 기업이 아니므로 절대적인 판단 기준이 되기는 어렵습니다."", ""PBR 2.72, ROE 6.2%는 시장 평균 대비 높은 수준은 아니지만, 재무 건전성을 크게 훼손하는 수준은 아닙니다."", ""52주 최고가 대비 현재 위치가 39.1%로, 상승 여력과 하락 위험이 공존하는 구간에 있습니다."", ""최근 1개월 수익률이 0.56%로 큰 변동이 없었으며, 거래량 변화율이 -29.72%로 감소한 점은 투자 심리가 위축되었음을 시사합니다."", ""재무 지표는 안정적인 편이나, 기술 지표상 뚜렷한 상승 또는 하락 추세를 보이지 않아 향후 20거래일 내 방향성 판단이 어렵습니다.""]",7.213930348258707,17.91044776119403
352820,HYBE,2025-02-03,233000,50.29,3.14,6.24,9754867119000.0,Neutral,50,"[""현재가가 52주 최고가에 근접하여 추가 상승 여력이 제한적일 수 있습니다."", ""최근 1개월 수익률은 양호하나 거래량 변화율이 감소하고 있어 상승 동력이 약화될 가능성이 있습니다."", ""PER이 높아 밸류에이션 부담이 존재하며, ROE가 시장 평균 대비 낮은 수준입니다.""]",5.36480686695279,7.725321888412018
352820,HYBE,2025-03-04,251000,55.73,3.48,6.24,10810029346000.0,Buy,75,"[""52주 최고가 대비 현재 위치가 89.0%로 상승 추세가 강하게 유지되고 있습니다."", ""최근 1개월 수익률이 11.56%로 단기적으로 긍정적인 모멘텀을 보여주고 있습니다."", ""거래량 변화율이 29.99%로 증가하며 투자자들의 관심이 높아지고 있음을 시사합니다.""]",-7.171314741035857,-7.370517928286853
352820,HYBE,2025-04-01,232500,1044.44,,,10120943810000.0,Neutral,50,"[""PER 지표가 매우 높아 현재 기업 가치가 고평가되었을 가능성이 있습니다."", ""최근 1개월 수익률이 마이너스이며 거래량 변화율도 감소하여 단기적인 하락 압력이 존재합니다."", ""52주 최고가 대비 현재 위치가 73.7%로 여전히 높은 편이지만, 뚜렷한 상승 또는 하락 추세를 뒷받침할 만한 추가적인 재무 및 기술적 지표가 부족합니다.""]",-7.526881720430108,14.838709677419354
352820,HYBE,2025-05-02,264500,1175.56,,,11391445267000.0,Buy,75,"[""현재가 52주 최고가에 근접하며 강한 상승 추세를 보이고 있습니다."", ""최근 1개월 수익률이 13.76%로 단기적으로 긍정적인 흐름을 이어가고 있습니다."", ""거래량 변화율이 37.06%로 증가하며 투자자들의 관심이 높아지고 있음을 시사합니다.""]",3.9697542533081283,7.561436672967864
352820,HYBE,2025-06-02,281000,1208.89,,,11714454112000.0,Neutral,50,"[""PER이 매우 높아 현재 기업 가치가 고평가되었을 가능성이 있습니다."", ""52주 최고가에 근접한 수준으로 추가 상승 여력이 제한적일 수 있습니다."", ""최근 1개월 수익률은 긍정적이나 거래량 변화율이 감소하여 상승 동력이 약화될 수 있습니다.""]",7.473309608540925,3.3807829181494666
352820,HYBE,2025-07-01,305000,1393.33,,,13501769721000.0,Buy,75,"[""현재가 305,000원은 52주 최고가 313,500원에 근접하며 강한 상승 모멘텀을 시사합니다."", ""최근 1개월 수익률 15.26%는 단기적으로 시장 대비 우수한 성과를 보여주고 있습니다."", ""거래량 변화율 12.68%는 투자자들의 관심 증가와 함께 추가적인 상승 가능성을 뒷받침합니다.""]",-9.180327868852459,-17.868852459016395
352820,HYBE,2025-08-01,260500,1115.56,,,10810029346000.0,Neutral,40,"[""PER이 매우 높아 현재 기업 가치가 고평가되었을 가능성이 있습니다."", ""최근 1개월 수익률이 -13.60%로 하락세를 보이고 있으며, 거래량 변화율 또한 감소하여 투자 심리가 위축된 것으로 판단됩니다."", ""52주 최고가 대비 현재 위치가 59.8%로 절반 이상 하락한 상태이지만, 52주 최저가 대비로는 상승 여력이 남아있어 방향성 판단이 어렵습니다.""]",10.9404990403071,9.021113243761997
352820,HYBE,2025-09-01,284000,1266.67,,,12274336110000.0,Buy,75,"[""52주 최고가 대비 현재 위치가 높아 추가 상승 여력이 제한적일 수 있으나, 52주 내에서 81.7% 수준으로 여전히 높은 편에 속합니다."", ""최근 1개월 수익률이 9.83%로 양호하며, 거래량 변화율도 15.07%로 긍정적인 흐름을 보이고 있습니다."", ""PER이 매우 높게 나타나지만, 이는 성장주 특성을 반영하는 것으로 해석될 수 있으며, 현재 시장 상황에서 엔터테인먼트 관련주는 긍정적인 모멘텀을 받을 가능성이 있습니다.""]",2.112676056338028,-6.338028169014084
352820,HYBE,2025-10-01,267500,1191.11,,,11542182728000.0,Neutral,40,"[""PER이 매우 높아 현재 기업 가치가 고평가되었을 가능성이 있습니다."", ""최근 1개월 수익률이 마이너스이고 거래량 변화율도 감소하여 단기적인 매도 압력이 존재합니다."", ""52주 최고가 대비 현재 위치가 70.7%로 여전히 상승 여력이 남아있으나, 재무 지표의 부재와 기술적 지표의 약세가 뚜렷한 매수 신호를 보내지 못하고 있습니다.""]",2.0560747663551404,19.439252336448597
352820,HYBE,2025-11-03,341000,1522.22,,,14750737255000.0,Buy,75,"[""현재가가 52주 최고가에 근접하며 강한 상승 모멘텀을 보여주고 있습니다."", ""최근 1개월 수익률이 27.56%로 단기적으로 높은 성과를 기록하고 있습니다."", ""거래량 변화율이 66.23%로 증가하며 투자자들의 관심이 높아지고 있음을 시사합니다.""]",-16.27565982404692,-12.609970674486803
352820,HYBE,2025-12-01,298000,1297.78,,,12575811032000.0,Neutral,50,"[""PER이 매우 높아 밸류에이션 부담이 크며, 적자 기업이 아닌 경우에 해당한다고 보기는 어렵습니다."", ""최근 1개월 수익률이 -14.37%로 하락세를 보이고 있으며, 거래량 변화율도 음수입니다."", ""52주 최고가 대비 현재 위치가 67.9%로 여전히 높은 편이지만, 단기적인 하락 추세와 밸류에이션 부담으로 인해 20거래일 내 명확한 방향성을 판단하기 어렵습니다.""]",-2.348993288590604,16.10738255033557
329180,HD현대중공업,2023-01-02,114500,,2.2,,12332943937500.0,Neutral,50,"[""PER이 없어 적자 기업임을 나타내며, 이는 투자에 대한 불확실성을 높입니다."", ""PBR이 2.20으로 자산 가치 대비 높은 편은 아니지만, ROE가 N/A%로 수익성이 확인되지 않아 추가적인 분석이 필요합니다."", ""최근 1개월 수익률이 소폭 하락했고 거래량 변화율도 마이너스인 점은 단기적인 매도 압력을 시사하지만, 52주 최고가 대비 현재 위치가 40.8%로 여전히 상승 여력이 남아있어 방향성 판단이 어렵습니다.""]",-6.986899563318777,-2.8820960698689957
329180,HD현대중공업,2023-02-01,111200,,2.09,,11682184342500.0,Neutral,50,"[""PER이 적자 기업으로 산출되지 않아 현재 기업 가치 평가에 어려움이 있습니다."", ""PBR 2.09는 자산 가치 대비 주가가 2배 이상 높음을 의미하며, 기술적 지표상 52주 최고가 대비 하락폭이 크지만 최저가 대비 상승폭도 상당하여 방향성 판단이 어렵습니다."", ""최근 1개월 수익률이 마이너스이고 거래량 변화율이 높다는 점은 변동성이 커질 수 있음을 시사하지만, 명확한 상승 또는 하락 추세를 나타내지는 않습니다.""]",-3.776978417266187,-6.294964028776978
329180,HD현대중공업,2023-03-02,104200,,1.99,,11115393727500.0,Neutral,40,"[""현재가 52주 최저가에 근접하며 기술적 반등 가능성이 있으나, 최근 1개월 수익률 하락 및 거래량 감소는 매도 심리를 반영할 수 있습니다."", ""PER이 없어 적자 기업임을 감안할 때, 재무적 턴어라운드에 대한 불확실성이 존재합니다."", ""PBR 1.99배는 자산 가치 대비 프리미엄이 존재함을 시사하나, ROE가 없어 수익성 측면에서의 강점을 판단하기 어렵습니다.""]",-8.92514395393474,-4.030710172744722
329180,HD현대중공업,2023-04-03,101400,,,,10538106990000.0,Neutral,50,"[""현재 PER, PBR, ROE 지표가 적자 또는 N/A로 재무적 안정성을 판단하기 어렵습니다."", ""52주 최고가 대비 현재 위치가 11.1%로 비교적 낮은 편이나, 최근 1개월 수익률이 -3.65%로 하락세를 보이고 있습니다."", ""거래량 변화율이 11.94%로 증가했지만, 이는 단기적인 수급 변화일 수 있으며 추세 전환을 확신하기에는 근거가 부족합니다.""]",-2.9585798816568047,7.790927021696252
329180,HD현대중공업,2023-05-02,109300,,,,11619207607500.0,Neutral,50,"[""PER, PBR, ROE 지표가 적자 또는 N/A로 재무적 안정성을 판단하기 어렵습니다."", ""52주 최고가 대비 현재 위치가 30.3%로 하락 추세에 있지만, 최근 1개월 수익률이 10.70%로 상승세를 보이고 있습니다."", ""거래량 변화율이 -9.71%로 감소하고 있어 매수세가 약화된 것으로 판단됩니다.""]",5.397987191216835,7.410795974382434
329180,HD현대중공업,2023-06-01,117400,,,,12238478835000.0,Neutral,50,"[""PER, PBR, ROE 등 주요 재무지표가 적자 또는 N/A로 분석에 어려움이 있습니다."", ""현재가는 52주 최고가 대비 상당 부분 하락한 위치에 있으나, 최저가 대비로는 상승한 상태입니다."", ""최근 1개월 수익률은 긍정적이나 거래량 변화율은 부정적이어서 단기적인 방향성을 명확히 판단하기 어렵습니다.""]",6.643952299829642,12.095400340715502
329180,HD현대중공업,2023-07-03,136000,,,,13812897210000.0,Buy,70,"[""최근 1개월 수익률이 12.86%로 강한 상승세를 보이고 있어 단기적인 모멘텀이 유지될 가능성이 높습니다."", ""52주 최고가 대비 현재 위치가 67.9%로, 아직 상승 여력이 남아있다고 판단됩니다."", ""적자 기업임에도 불구하고 시가총액이 13.8조원으로 상당한 규모를 유지하고 있어 시장의 관심이 지속될 수 있습니다.""]",2.941176470588235,2.4264705882352944
329180,HD현대중공업,2023-08-01,138300,,,,14621098642500.0,Buy,75,"[""HD현대중공업은 52주 최고가 대비 약 7.5% 하락한 수준으로, 추가 상승 여력이 존재합니다."", ""최근 1개월 수익률이 5.85%로 양호한 흐름을 보이고 있어 단기적인 상승 모멘텀이 유지될 가능성이 있습니다."", ""거래량 변화율이 음수이지만, 이는 최근 단기 상승에 따른 차익 실현 물량 출회로 해석될 수 있으며, 전반적인 시장 상황 및 업황 개선 기대감을 고려할 때 매수세 유입 가능성이 높습니다.""]",-2.8922631959508314,-5.42299349240781
329180,HD현대중공업,2023-09-01,128900,,,,13435036800000.0,Neutral,50,"[""현재 PER, PBR, ROE 지표가 적자 또는 N/A로 재무 건전성 판단이 어렵습니다."", ""52주 최고가 대비 하락폭이 크지만, 52주 최저가 대비로는 상승 여력이 남아있습니다."", ""최근 1개월 수익률이 마이너스이고 거래량 변화율도 감소하여 단기적인 하락 압력이 존재하지만, 명확한 하락 추세를 단정하기는 어렵습니다.""]",-0.1551590380139643,-13.343677269200931
329180,HD현대중공업,2023-10-04,112000,,,,12227982712500.0,Neutral,40,"[""재무지표상 적자 기업으로 PER, PBR, ROE가 산출되지 않아 기본적인 펀더멘털 분석이 어렵습니다."", ""최근 1개월 수익률이 -11.41%로 하락세를 보이고 있으며, 거래량 변화율 또한 -31.26%로 감소하여 투자 심리가 위축된 것으로 판단됩니다."", ""52주 최고가 대비 현재 위치가 42.0% 수준으로 하락 여력은 제한적일 수 있으나, 뚜렷한 상승 모멘텀이 부재하여 방향성 판단이 어렵습니다.""]",1.607142857142857,-0.5357142857142857
329180,HD현대중공업,2023-11-01,108200,,,,10790013930000.0,Neutral,50,"[""재무지표상 적자 기업으로 밸류에이션 부담은 없으나, 명확한 턴어라운드 신호가 부족합니다."", ""최근 1개월 수익률이 마이너스(-)를 기록하며 약세를 보이고 있으나, 거래량 변화율이 긍정적인 신호를 보내고 있습니다."", ""52주 최고가 대비 현재 위치가 낮아 상승 여력은 있으나, 52주 최저가 대비 상승폭이 제한적이며 시장 대비 방향성을 명확히 판단하기 어렵습니다.""]",2.4953789279112755,15.711645101663585
329180,HD현대중공업,2023-12-01,133800,,,,13529501902500.0,Buy,70,"[""최근 1개월 수익률이 19.13%로 강한 상승세를 보이고 있어 단기적인 모멘텀이 유지될 가능성이 높습니다."", ""현재가가 52주 최고가 대비 약 9.4% 하락한 수준으로, 추가 상승 여력이 존재한다고 판단됩니다."", ""조선업황 개선 기대감과 대형 수주 모멘텀이 지속될 경우, 재무적 어려움에도 불구하고 주가 상승을 견인할 수 있습니다.""]",-9.043348281016444,-9.641255605381167
329180,HD현대중공업,2024-01-02,121500,,,,13330075575000.0,Buy,70,"[""최근 1개월 수익률이 3.50%로 긍정적인 흐름을 보이고 있으며, 거래량 변화율도 14.22%로 증가 추세입니다."", ""현재 주가는 52주 최고가 대비 약 17.7% 하락한 수준으로, 기술적으로 반등 가능성이 존재합니다."", ""해운업황 회복 및 친환경 선박 수주 증가 등 HD현대중공업의 사업 환경 개선 기대감이 주가 상승 동력으로 작용할 수 있습니다.""]",0.49382716049382713,-6.090534979423869
329180,HD현대중공업,2024-02-01,113900,,,,11839626180000.0,Neutral,40,"[""현재 PER, PBR, ROE 지표가 적자 또는 N/A로 재무적 안정성을 판단하기 어려운 상황입니다."", ""52주 최고가 대비 현재 위치가 35.2%로 하락 추세에 있으며, 최근 1개월 수익률과 거래량 변화율 또한 하락세를 나타내고 있습니다."", ""하지만 시가총액이 11.8조원으로 크고, 52주 내 최저가 대비 상승 여력은 존재하여 단기적인 방향성을 명확히 판단하기 어렵습니다.""]",-3.0728709394205445,-2.1071115013169446
329180,HD현대중공업,2024-03-04,112300,,,,11923595160000.0,Neutral,50,"[""재무지표상 적자 기업으로 밸류에이션 부담은 낮으나, 현재가 52주 최고가 대비 하락폭이 크고 최근 1개월 수익률이 부진하여 매수세 유입이 제한적일 수 있습니다."", ""거래량 변화율이 67.25%로 높게 나타나 단기적인 수급 변화 가능성은 있으나, 이것이 추세적인 상승으로 이어질지는 불확실합니다."", ""현재가 52주 최저가 대비로는 상승했으나, 52주 최고가 대비 상당한 하락폭을 기록하고 있어 투자 심리가 위축될 가능성도 존재합니다.""]",0.26714158504007124,11.219946571682991
329180,HD현대중공업,2024-04-01,124900,436.33,2.44,0.56,12731796592500.0,Neutral,50,"[""PER이 매우 높아 현재 기업의 이익 대비 고평가 상태로 판단됩니다."", ""PBR 2.44배는 자산 가치 대비 높은 수준은 아니지만, ROE 0.6%는 낮은 수준으로 수익성이 개선될 필요가 있습니다."", ""52주 최고가 대비 현재 위치가 47.7%로 중간 지점에 있으며, 최근 1개월 수익률과 거래량 변화율이 긍정적이지만, 재무 지표의 부담으로 인해 뚜렷한 상승 또는 하락 추세를 예측하기 어렵습니다.""]",-6.164931945556445,9.047237790232186
329180,HD현대중공업,2024-05-02,133600,489.93,2.75,0.56,14295718845000.0,Buy,70,"[""최근 1개월 수익률이 12.28%로 양호하며, 52주 최고가 대비 현재 위치가 74.6%로 상승 추세에 대한 기대감을 높입니다."", ""거래량 변화율이 34.08%로 증가하여 시장의 관심이 집중되고 있으며, 이는 향후 주가 상승의 동력이 될 수 있습니다."", ""PBR 2.75는 자산 가치 대비 주가가 높지 않음을 시사하며, ROE 0.6%는 개선의 여지가 있지만 현재 주가 수준에서 과도한 고평가로 보기는 어렵습니다.""]",7.410179640718563,-3.0688622754491015
329180,HD현대중공업,2024-06-03,129500,474.1,2.66,0.56,13833889455000.0,Neutral,50,"[""PER이 매우 높아 현재 기업 가치 대비 고평가 상태로 판단됩니다."", ""PBR 2.66배는 자산 가치 대비 다소 높은 수준이며, ROE 0.6%는 낮은 수익성을 시사합니다."", ""최근 1개월 수익률이 마이너스이고 거래량 변화율이 높지만, 52주 최고가 대비 현재 위치가 65% 수준으로 상승 여력과 하락 위험이 공존하여 명확한 방향성 판단이 어렵습니다.""]",0.3861003861003861,17.2972972972973
329180,HD현대중공업,2024-07-01,153300,557.91,3.13,0.56,16279485997500.0,Buy,75,"[""현재가가 52주 최고가에 근접해 있어 상승 모멘텀이 강하게 유지될 가능성이 높습니다."", ""최근 1개월 수익률이 17.41%로 단기 상승 추세가 뚜렷하게 나타나고 있습니다."", ""PBR 3.13은 자산 가치 대비 높은 수준이지만, 조선업종의 특성상 수주 증가 및 실적 개선 기대감이 반영될 수 있습니다.""]",-0.5870841487279843,33.39856490541422
329180,HD현대중공업,2024-08-01,209000,769.78,4.31,0.56,22461702150000.0,Buy,75,"[""최근 1개월 수익률이 40.88%로 매우 강한 상승세를 보이고 있으며, 52주 최고가에 근접한 강한 모멘텀을 유지하고 있습니다."", ""거래량 변화율이 26.64%로 증가하며 매수세가 유입되고 있음을 시사합니다."", ""PER이 매우 높지만 이는 조선업종의 특성상 일시적인 이익 변동성 때문일 수 있으며, PBR 4.31은 자산 가치 대비 상승 여력을 나타낼 수 있습니다.""]",1.4354066985645932,-11.24401913875598
329180,HD현대중공업,2024-09-02,188500,667.27,3.74,0.56,19470307237500.0,Neutral,50,"[""PER이 매우 높아 현재 기업 가치 대비 고평가 상태로 판단됩니다."", ""PBR이 1배를 초과하고 ROE가 낮은 점은 재무적으로는 매력적이지 않은 상황을 시사합니다."", ""최근 1개월 수익률이 마이너스이고 거래량 변화율도 낮은 점은 단기적인 투자 심리가 위축되었음을 나타냅니다."", ""52주 최고가 대비 현재 위치가 높지만, 최근 하락세를 보이고 있어 추가 하락 가능성도 배제할 수 없습니다."", ""조선업종 전반의 업황 개선 기대감과 현재 주가 하락이 맞물려 단기적인 방향성 판단이 어렵습니다.""]",-5.039787798408488,-4.6684350132626
329180,HD현대중공업,2024-10-02,185500,658.63,3.69,0.56,19218400297500.0,Neutral,55,"[""PER이 매우 높아 현재 기업 가치 대비 고평가 상태로 판단됩니다."", ""PBR 3.69배는 자산 가치 대비 높은 수준이며, ROE 0.6%는 낮은 수익성을 나타냅니다."", ""최근 1개월 수익률이 마이너스이고 거래량 변화율도 감소하여 단기적으로 매수세가 약화된 모습입니다."", ""52주 최고가 대비 현재 위치가 71.1%로 상승 여력은 있으나, 재무 지표의 부담과 단기 수급 약화가 혼재되어 방향성 판단이 어렵습니다.""]",0.1078167115902965,-5.660377358490567
329180,HD현대중공업,2024-11-01,175000,626.62,3.51,0.56,18284245395000.0,Neutral,50,"[""PER이 매우 높아 현재 기업 가치 대비 고평가 상태일 가능성이 있습니다."", ""PBR이 3.51로 자산 가치 대비 상승 여력이 제한적일 수 있습니다."", ""최근 1개월 수익률이 마이너스이고 거래량 변화율도 하락세를 보여 단기적인 투자 심리가 위축된 것으로 보입니다."", ""52주 최고가 대비 현재 위치가 63.3%로, 상승 여력과 하락 위험이 공존하는 구간입니다.""]",21.142857142857142,20.57142857142857
329180,HD현대중공업,2024-12-02,213000,758.99,4.25,0.56,22146818475000.0,Buy,75,"[""최근 1개월 수익률이 21.13%로 강한 상승세를 보이고 있으며, 거래량 변화율도 135.11%로 증가하여 매수세가 유입되고 있음을 시사합니다."", ""현재 주가가 52주 최고가 대비 76.6% 수준으로, 아직 상승 여력이 남아있다고 판단됩니다."", ""PBR 4.25는 다소 높은 편이나, 조선업종의 특성상 수주량 증가 및 실적 개선 기대감이 반영될 수 있습니다.""]",2.112676056338028,34.037558685446015
329180,HD현대중공업,2025-01-02,285500,1039.57,5.83,0.56,30333794025000.0,Neutral,60,"[""PER이 매우 높아 현재 기업 가치 대비 고평가된 측면이 있습니다."", ""PBR과 ROE 지표는 상대적으로 양호하나, PER의 부담이 큽니다."", ""52주 최고가에 근접한 위치와 최근 1개월간의 높은 수익률은 단기 차익 실현 매물 출회 가능성을 시사합니다."", ""거래량 감소는 현재 시장 참여자들의 관망세를 나타낼 수 있습니다.""]",9.98248686514886,6.129597197898424
329180,HD현대중공업,2025-02-03,320500,1120.5,6.28,0.56,32695421587500.0,Buy,75,"[""52주 최고가에 근접한 강한 상승 추세와 높은 52주 내 현재 위치는 추가 상승 가능성을 시사합니다."", ""최근 1개월 수익률이 양호하고 거래량 변화율이 긍정적인 것은 투자자들의 관심이 증가하고 있음을 나타냅니다."", ""PER이 매우 높고 ROE가 낮은 점은 단기적인 재무 건전성보다는 시장의 성장 기대감이나 수주 모멘텀이 주가에 더 큰 영향을 미치고 있음을 보여줍니다.""]",-4.5241809672386895,-1.0920436817472698
329180,HD현대중공업,2025-03-04,317000,1131.29,6.34,0.56,33010305262500.0,Neutral,50,"[""PER이 매우 높아 현재 기업 가치 대비 고평가 가능성이 있습니다."", ""PBR이 6.34로 자산 가치 대비 높은 수준이며, ROE가 0.6%로 낮은 점은 수익성 측면에서 아쉬움을 나타냅니다."", ""52주 최고가 대비 현재 위치가 높지만, 최근 1개월 수익률이 미미하고 거래량 변화율이 높은 점은 단기적인 변동성을 시사합니다.""]",-6.624605678233439,-8.201892744479496
329180,HD현대중공업,2025-04-01,291000,41.57,5.35,12.87,30543716475000.0,Neutral,50,"[""PER이 41.6으로 높은 편이나, PBR 5.35와 ROE 12.9%는 양호한 수준으로 재무 건전성은 유지되고 있습니다."", ""52주 최고가 대비 현재 위치가 70.5%로, 상승 여력과 하락 위험이 공존하는 구간입니다."", ""최근 1개월 수익률이 -1.69%로 약세를 보였고, 거래량 변화율도 -54.18%로 감소하여 단기적인 매수세 유입이 약한 상황입니다.""]",0.859106529209622,38.144329896907216
329180,HD현대중공업,2025-05-02,415500,58.35,7.52,12.89,42876660412500.0,Buy,85,"[""현재가 52주 최고가를 돌파하며 강한 상승 모멘텀을 보여주고 있습니다."", ""최근 1개월 수익률이 40% 이상으로 단기적으로 매우 높은 상승세를 기록하고 있습니다."", ""거래량 변화율 또한 39% 이상으로 증가하며 매수세가 유입되고 있음을 시사합니다.""]",0.12033694344163659,2.286401925391095
329180,HD현대중공업,2025-06-02,428000,61.13,7.88,12.89,44923404300000.0,Neutral,50,"[""현재가가 52주 최고가와 동일하며, 이는 단기적인 상승 모멘텀이 소진되었을 가능성을 시사합니다."", ""최근 1개월 수익률은 긍정적이지만, 거래량 변화율이 크게 하락한 점은 투자 심리 위축을 나타낼 수 있습니다."", ""재무지표상 PER이 높은 편이나, PBR과 ROE는 양호한 수준을 유지하고 있어 뚜렷한 매수 또는 매도 신호를 보내지 않고 있습니다.""]",-1.9859813084112148,-7.943925233644859
329180,HD현대중공업,2025-07-01,407500,60.06,7.74,12.89,44136195112500.0,Buy,75,"[""현재가 52주 최고가 대비 하락했지만, 52주 내 현재 위치가 87.0%로 높은 수준을 유지하며 강한 상승 추세를 시사합니다."", ""최근 1개월 수익률이 3.70%로 양호하며, 거래량 변화율 44.53%는 매수세 유입 가능성을 높여 긍정적인 신호로 해석됩니다."", ""ROE 12.9%는 양호한 수익성을 나타내며, 이는 주가 상승의 기반이 될 수 있습니다.""]",-3.067484662576687,15.58282208588957
329180,HD현대중공업,2025-08-01,463500,68.06,8.77,12.89,50014023712500.0,Buy,75,"[""현재가 52주 최고가에 근접해 있지만, 52주 내 현재 위치가 95.7%로 여전히 상승 여력이 남아있습니다."", ""최근 1개월 수익률이 20.94%로 강한 상승세를 보이고 있으며, 이는 투자자들의 긍정적인 심리를 반영합니다."", ""PER이 68.1로 다소 높지만, ROE가 12.9%로 양호한 수준이며 PBR 8.77은 조선업종의 특성을 고려할 때 과도하게 높다고 보기 어렵습니다. 다만, 거래량 변화율이 마이너스인 점은 단기적인 매물 출회 가능성을 시사하므로 주의가 필요합니다.""]",0.10787486515641855,10.895361380798274
329180,HD현대중공업,2025-09-01,514000,72.85,9.38,12.88,53530224750000.0,Buy,75,"[""현재가 514,000원이 52주 최고가 521,000원에 근접하여 상승 모멘텀이 강하게 유지되고 있습니다."", ""최근 1개월 수익률 3.98%와 거래량 변화율 18.89%는 긍정적인 수급 상황을 시사합니다."", ""PBR 9.38배는 다소 높은 편이지만, ROE 12.9%를 고려할 때 기업의 수익성을 바탕으로 추가 상승 여력이 있을 수 있습니다.""]",-1.9455252918287937,0.19455252918287938
329180,HD현대중공업,2025-10-01,528000,75.42,9.72,12.89,55419526800000.0,Neutral,50,"[""현재가 52주 최고가와 일치하며, 기술적으로 과열 구간에 진입했을 가능성이 있습니다."", ""최근 1개월 수익률은 긍정적이나, 거래량 변화율이 크게 하락하여 매수세 약화를 시사합니다."", ""재무지표상 PER이 높고 PBR이 높아 밸류에이션 부담이 존재하나, ROE는 양호한 수준을 유지하고 있어 명확한 매수 또는 매도 신호를 판단하기 어렵습니다.""]",-3.787878787878788,-0.5681818181818182
329180,HD현대중공업,2025-11-03,567000,86.7,11.17,12.88,63711463575000.0,Buy,75,"[""현재가가 52주 최고가 대비 소폭 하락한 위치에 있어 추가 상승 여력이 존재합니다."", ""최근 1개월 수익률이 23.50%로 강한 상승세를 보이고 있으며, 거래량 변화율도 34.87%로 긍정적인 신호를 나타냅니다."", ""PBR 11.17은 다소 높은 편이나, ROE 12.9%는 양호한 수준이며, 조선업종의 업황 개선 기대감도 주가에 긍정적인 영향을 미칠 수 있습니다.""]",-5.82010582010582,-8.289241622574956
329180,HD현대중공업,2025-12-01,520000,73.56,9.48,12.89,54055030875000.0,Neutral,50,"[""PER이 73.6으로 높아 단기적인 밸류에이션 부담이 존재합니다."", ""PBR 9.48은 높은 수준이지만, ROE 12.9%는 이를 일부 상쇄할 수 있는 수준입니다."", ""최근 1개월 수익률이 -14.17%로 하락세를 보였으나, 거래량 변화율이 56.75%로 증가하며 변동성이 확대되고 있어 향후 방향성을 예측하기 어렵습니다.""]",10.961538461538462,-3.076923076923077
012450,한화에어로스페이스,2023-01-02,72732,15.03,0.98,6.52,3865811299772.0,Neutral,50,"[""PER 지표가 해당없음으로 표시되어 있어 기업의 수익성 판단에 어려움이 있습니다."", ""PBR 0.98은 현재 주가가 장부가치와 유사한 수준임을 나타내며, ROE 6.5%는 낮은 수준은 아니지만 폭발적인 성장을 기대하기는 어렵습니다."", ""52주 최고가 대비 현재 위치가 73%로 비교적 높은 편이지만, 최근 1개월 수익률이 1.94%로 소폭 상승에 그쳤고 거래량 변화율이 크게 하락하여 투자 심리가 위축되었을 가능성이 있습니다.""]",-4.762690425122367,12.744046636968598
012450,한화에어로스페이스,2023-02-01,82001,16.5,1.08,6.55,4244028846107.0,Buy,75,"[""현재가 82,001원은 52주 최고가 86,992원에 근접하며 강한 상승 추세를 시사합니다."", ""최근 1개월 수익률 9.78%와 거래량 변화율 66.60%는 긍정적인 모멘텀을 나타냅니다."", ""PBR 1.08은 자산 가치 대비 저평가 가능성을 보여주며, ROE 6.5%는 수익성을 개선하고 있음을 시사합니다.""]",5.0938403190205,16.398580505115792
012450,한화에어로스페이스,2023-03-02,95448,18.56,1.21,6.52,4774513115595.0,Buy,75,"[""현재가(95,448원)가 52주 최고가(93,920원)를 돌파하며 강한 상승 모멘텀을 보여주고 있습니다."", ""최근 1개월 수익률(13.06%)이 양호하며, 이는 단기적으로 투자자들의 관심이 집중되고 있음을 시사합니다."", ""PER, PBR, ROE 등 재무지표는 현재 시장 평균 대비 과도한 고평가 상태는 아니며, 성장 가능성을 고려할 때 추가 상승 여력이 있다고 판단됩니다.""]",2.027281870756852,5.86916436174671
012450,한화에어로스페이스,2023-04-03,109505,26.37,1.37,5.2,5389045728713.0,Buy,75,"[""현재가가 52주 최고가를 돌파하며 강한 상승 추세를 보이고 있습니다."", ""최근 1개월 수익률이 9.50%로 양호한 흐름을 이어가고 있습니다."", ""PBR 1.37은 자산 가치 대비 저평가 가능성을 시사하며, ROE 5.2%는 수익성을 개선하고 있음을 보여줍니다.""]",4.65184238162641,-0.5579653897082325
012450,한화에어로스페이스,2023-05-02,108894,27.65,1.44,5.21,5651709693407.0,Buy,75,"[""현재가 52주 최고가 대비 하락했지만, 52주 내 현재 위치가 87.2%로 여전히 높은 수준을 유지하고 있어 상승 여력이 남아있습니다."", ""최근 1개월 수익률이 8.47%로 양호하며, 거래량 변화율이 58.41%로 증가하는 추세는 투자 심리 개선 및 추가 상승 가능성을 시사합니다."", ""PER 27.6, PBR 1.44, ROE 5.2% 등의 재무 지표는 현재 주가 수준이 과도하게 고평가되었다고 보기 어렵고, 성장성을 고려할 때 긍정적인 평가가 가능합니다.""]",-0.3737579664627987,3.6475838889195
012450,한화에어로스페이스,2023-06-01,112866,27.75,1.45,5.23,5672747561015.0,Buy,75,"[""현재가 52주 최고가에 근접해 있으나, 52주 내 현재 위치가 87.7%로 여전히 상승 여력이 남아있습니다."", ""최근 1개월 수익률이 5.16%로 긍정적인 흐름을 보이고 있습니다."", ""거래량 변화율이 음수이지만, 이는 단기적인 조정일 수 있으며 추세적인 상승을 이어갈 가능성이 있습니다.""]",-2.3452589796750125,17.419772119150142
012450,한화에어로스페이스,2023-07-03,134157,33.43,1.74,5.2,6833542844327.0,Buy,75,"[""현재가 52주 최고가 대비 높은 수준이지만, 52주 내 현재 위치가 87.7%로 여전히 상승 여력이 남아있습니다."", ""최근 1개월 수익률이 20.46%로 강한 상승세를 보이고 있으며, 거래량 변화율도 17.92%로 긍정적인 신호를 나타냅니다."", ""PBR 1.74는 시장 평균 대비 높은 수준은 아니며, ROE 5.2%는 개선의 여지가 있지만 적자 기업은 아닙니다.""]",7.213190515589943,-7.745402774361383
012450,한화에어로스페이스,2023-08-01,123053,31.22,1.63,5.22,6381795888166.0,Neutral,50,"[""PER 지표가 적자 기업이 아니므로 적용 가능하나, 31.2는 다소 높은 수준으로 밸류에이션 부담을 시사할 수 있습니다."", ""PBR 1.63, ROE 5.2%는 기업의 자산 가치 대비 수익성을 보여주며, 현재로서는 특별히 매력적이거나 부정적인 신호를 강하게 보내고 있지 않습니다."", ""52주 최고가 대비 현재 위치가 76.7%로 상승 여력이 남아있으나, 최근 1개월 수익률이 -6.61%이고 거래량 변화율도 마이너스인 점은 단기적인 투자 심리 위축을 나타내어 방향성 판단이 어렵습니다.""]",-2.3177005030352777,-5.4634994677090365
012450,한화에어로스페이스,2023-09-01,116636,29.45,1.53,5.2,6019356742537.0,Neutral,50,"[""재무지표 상 PER, PBR, ROE가 시장 평균 대비 우수하다고 단정하기 어렵고, 적자기업이 아닌 점은 긍정적이나 뚜렷한 강점을 보이지는 않습니다."", ""기술지표 상 52주 최고가 대비 현재 위치는 69.0%로 상승 여력이 남아있으나, 최근 1개월 수익률이 마이너스이고 거래량 변화율이 크게 감소한 점은 단기적인 하락 압력을 시사합니다."", ""종합적으로 볼 때, 재무 및 기술적 지표에서 뚜렷한 매수 또는 매도 신호를 보내고 있지 않아 향후 20거래일 동안 시장 대비 방향성을 명확히 판단하기 어렵습니다.""]",6.37539010254124,-13.712747350732194
012450,한화에어로스페이스,2023-10-04,100541,26.26,1.37,5.22,5368110987907.0,Neutral,40,"[""최근 1개월 수익률이 마이너스로 하락 추세를 보이고 있습니다."", ""52주 최고가 대비 현재 위치가 중간 수준이지만, 거래량 변화율이 감소하고 있어 매수세가 약한 것으로 판단됩니다."", ""재무지표는 양호한 편이나, 단기적인 기술적 지표들이 하락 신호를 보내고 있어 명확한 방향성을 판단하기 어렵습니다.""]",7.395987706507793,21.580250842939698
012450,한화에어로스페이스,2023-11-01,117553,29.17,1.52,5.21,5961605733417.0,Buy,75,"[""최근 1개월 수익률이 8.92%로 양호한 흐름을 보이고 있으며, 거래량 변화율 또한 29.97%로 긍정적인 수급 신호를 나타내고 있습니다."", ""현재 주가는 52주 최고가 대비 약 19% 하락한 수준으로, 52주 내 현재 위치가 64.1%임을 감안할 때 추가 상승 여력이 존재한다고 판단됩니다."", ""PER 지표는 다소 높지만, PBR 1.52와 ROE 5.2%는 현재 주가 수준이 과도하게 고평가되었다고 보기는 어렵습니다.""]",7.7122659566323275,9.098874550202888
012450,한화에어로스페이스,2023-12-01,140879,34.95,1.82,5.21,7143438884337.0,Buy,75,"[""현재가 52주 최고가에 근접하며 강한 상승 추세를 유지하고 있습니다."", ""최근 1개월 수익률이 17.85%로 단기적으로도 우수한 성과를 보이고 있습니다."", ""PER, PBR, ROE 등 재무지표가 안정적인 수준을 유지하고 있어 기업 펀더멘털이 뒷받침되고 있습니다.""]",-6.941417812448981,-4.337765032403694
012450,한화에어로스페이스,2024-01-02,135787,33.33,1.74,5.22,6812504976719.0,Buy,75,"[""현재가 52주 최고가 대비 하락했으나, 52주 내 현재 위치가 83.1%로 높은 수준을 유지하며 상승 추세가 이어지고 있음을 시사합니다."", ""최근 1개월 수익률이 5.36%로 양호하며, 거래량 변화율이 28.92%로 증가한 것은 투자 심리가 개선되고 있음을 나타냅니다."", ""PER은 다소 높지만, PBR 1.74와 ROE 5.2%는 현재 주가 수준이 기업의 자산 가치 및 수익성에 비해 과도하게 고평가되었다고 보기는 어렵습니다.""]",2.250583634663112,3.601228394470752
012450,한화에어로스페이스,2024-02-01,134666,34.08,1.78,5.22,6964874826674.0,Neutral,50,"[""재무지표상 PER이 높고 ROE가 낮은 편으로 밸류에이션 부담이 존재합니다."", ""52주 최고가 대비 현재 위치가 높아 추가 상승 여력이 제한적일 수 있습니다."", ""최근 1개월 수익률이 소폭 하락했으나 거래량 변화율이 긍정적인 점은 단기 반등 가능성을 시사합니다.""]",2.798776231565503,54.31215006014881
012450,한화에어로스페이스,2024-03-04,188757,48.21,2.51,5.21,9853714367699.0,Buy,85,"[""최근 1개월 수익률이 42.23%로 매우 강한 상승세를 보이고 있으며, 52주 최고가 대비 현재 위치가 93.6%로 상승 추세가 지속될 가능성이 높습니다."", ""거래량 변화율이 75.22%로 증가하며 투자자들의 관심이 집중되고 있음을 시사합니다."", ""PER 지표는 다소 높지만, PBR 2.51과 ROE 5.2%는 현재 주가 수준이 과도하게 고평가되었다고 보기 어렵습니다.""]",0.0,30.059812351330017
012450,한화에어로스페이스,2024-04-01,245497,13.22,,,10977796509499.0,Buy,75,"[""현재가 245,497원이 52주 최고가 227,160원을 상회하며 강한 상승 추세를 이어가고 있습니다."", ""52주 내 현재 위치 89.3%는 종목이 52주 최고가 근처에서 강한 매수세를 보이고 있음을 시사합니다."", ""최근 1개월 수익률 11.47%는 단기적으로도 긍정적인 흐름을 나타내고 있습니다.""]",-13.27837000044807,-8.506417593697682
012450,한화에어로스페이스,2024-05-02,219521,13.95,,,11581861752214.0,Buy,75,"[""현재가 52주 최고가 대비 하락했으나, 52주 내 현재 위치가 85.8%로 여전히 높은 수준을 유지하고 있어 상승 여력이 남아있습니다."", ""최근 1개월 수익률이 5.50%로 긍정적인 흐름을 보이고 있습니다."", ""거래량 변화율은 하락했으나, 이는 일시적인 조정일 수 있으며 전반적인 추세는 여전히 강세로 판단됩니다.""]",2.7837883391566183,-2.0886384446134993
012450,한화에어로스페이스,2024-06-03,214936,14.11,,,11713142171160.0,Buy,75,"[""현재가 214,936원은 52주 최고가 246,006원에 근접한 수준으로, 상승 여력이 남아있음을 시사합니다."", ""52주 내 현재 위치 87.5%는 주가가 강한 상승 추세를 유지하고 있음을 나타냅니다."", ""최근 1개월 수익률 5.44%는 단기적으로도 긍정적인 흐름을 보이고 있음을 보여줍니다.""]",0.4740946142107418,10.426824729221721
012450,한화에어로스페이스,2024-07-01,239384,15.4,,,12789940674243.0,Buy,85,"[""52주 최고가 대비 현재 위치가 95.2%로 매우 높아 상승 탄력이 강하게 유지될 가능성이 있습니다."", ""최근 1개월 수익률이 19.36%로 단기 상승 추세가 뚜렷하며, 이는 향후 20거래일에도 긍정적인 영향을 미칠 수 있습니다."", ""거래량 변화율이 89.15%로 매우 높아 시장의 관심이 집중되고 있으며, 이는 추가적인 상승 동력으로 작용할 수 있습니다.""]",7.23398389198944,35.53203221602112
012450,한화에어로스페이스,2024-08-01,294392,19.2,,,15941495743363.0,Buy,85,"[""현재가 52주 최고가 대비 약 10.3% 하락한 수준으로, 추가 상승 여력이 존재합니다."", ""최근 1개월 수익률이 30.26%로 매우 강한 상승세를 보이고 있으며, 이는 투자자들의 긍정적인 심리를 반영합니다."", ""거래량 변화율이 50.87%로 높게 나타나, 최근 매수세가 유입되고 있음을 시사합니다.""]",5.017459713579173,0.3461371232913938
012450,한화에어로스페이스,2024-09-02,295411,18.35,,,15232395852811.0,Neutral,50,"[""현재가 52주 최고가 대비 하락한 위치에 있지만, 52주 내 현재 위치가 85.8%로 여전히 높은 편입니다."", ""최근 1개월 수익률이 마이너스이고 거래량 변화율도 감소했지만, 이는 일시적인 조정일 가능성도 있습니다."", ""PER 지표는 있지만 PBR, ROE 등 핵심 재무 지표가 부족하여 기업의 내재 가치 판단이 어렵습니다.""]",0.0,21.500214954757947
012450,한화에어로스페이스,2024-10-02,332338,18.93,,,15714771469166.0,Buy,75,"[""현재가 332,338원이 52주 최고가 328,517원을 상회하며 강한 상승 추세를 보여주고 있습니다."", ""52주 내 현재 위치가 89.8%로, 연중 최고가 부근에서 거래되며 추가 상승 여력이 남아있을 가능성이 높습니다."", ""최근 1개월 수익률이 3.17%로 양호한 흐름을 보이고 있으며, 이는 단기적인 매수세가 유입되고 있음을 시사합니다.""]",5.629509716012012,8.740800028886255
012450,한화에어로스페이스,2024-11-01,361387,23.15,,,19218246750111.0,Buy,85,"[""현재가 52주 최고가에 근접하며 강한 상승 추세를 유지하고 있습니다."", ""최근 1개월 수익률이 27.44%로 매우 높으며, 거래량 변화율 또한 196.24%로 급증하여 투자 심리가 긍정적입니다."", ""PER 23.1은 성장성을 고려할 때 과도하게 높지 않은 수준으로 판단됩니다.""]",13.351338039276452,-12.534208480105816
012450,한화에어로스페이스,2024-12-02,333322,19.63,,,16298675422090.0,Neutral,50,"[""최근 1개월 수익률이 -15.19%로 하락세를 보이고 있으나, 52주 최고가 대비 현재 위치가 67.6%로 여전히 높은 편입니다."", ""거래량 변화율이 16.58%로 증가한 점은 긍정적인 신호일 수 있으나, 재무 지표에서 PER 외의 정보가 부족하여 기업의 본질적인 가치 판단이 어렵습니다."", ""단기적인 하락세와 거래량 증가, 그리고 불확실한 재무 지표를 종합적으로 고려했을 때, 향후 20거래일 동안의 명확한 방향성을 판단하기 어렵습니다.""]",-14.032377100821428,6.942536046225571
012450,한화에어로스페이스,2025-01-02,356463,22.23,,,18456603753940.0,Buy,75,"[""현재가가 52주 최고가 대비 약 13% 하락한 수준으로, 추가 상승 여력이 존재합니다."", ""최근 1개월 수익률이 16.32%로 강한 상승세를 보이고 있어 단기적인 모멘텀이 유지될 가능성이 높습니다."", ""거래량 변화율이 소폭 하락했으나, 전반적인 상승 추세와 재무 건전성을 고려할 때 매수 관점이 유효합니다.""]",4.5581168311998725,16.16016248530703
012450,한화에어로스페이스,2025-02-03,400282,24.0,,,19929099796297.0,Buy,75,"[""현재가 52주 최고가에 근접하며 강한 상승 추세를 유지하고 있습니다."", ""최근 1개월 수익률이 21.33%로 단기적으로 매우 강한 상승 모멘텀을 보여주고 있습니다."", ""거래량 변화율은 감소했지만, 이는 상승 추세 속에서의 일시적인 숨 고르기일 가능성이 있습니다.""]",22.509380886475036,70.97196476484079
012450,한화에어로스페이스,2025-03-04,684370,42.87,,,35593081315478.0,Buy,85,"[""현재가가 52주 최고가에 근접하며 강한 상승 추세를 보이고 있습니다."", ""최근 1개월 수익률이 75.25%로 매우 높으며, 거래량 변화율 또한 142.13%로 급증하여 매수세가 강하게 유입되고 있음을 시사합니다."", ""재무지표 상 PER이 42.9로 높지만, 이는 성장성이 높은 기업에서 나타나는 현상으로 해석될 수 있으며, 시가총액이 35.6조원으로 큰 규모를 형성하고 있어 시장의 관심이 지속될 가능성이 높습니다.""]",-4.316524686938352,-4.604234551485307
012450,한화에어로스페이스,2025-04-01,652860,14.43,,,34171426786507.0,Buy,75,"[""현재 주가가 52주 최고가 대비 약 15.8% 하락한 수준으로, 기술적으로 반등 가능성이 존재합니다."", ""최근 1개월 수익률이 13.30%로 양호한 상승세를 보이고 있어 단기적인 모멘텀이 유지될 가능성이 있습니다."", ""거래량 변화율이 음수이지만, 이는 최근 상승세 이후 숨 고르기 구간으로 해석될 수 있으며, 재무적으로는 PER이 14.4배로 적정 수준으로 판단됩니다.""]",4.2231106209600835,20.211071286340104
012450,한화에어로스페이스,2025-05-02,876388,17.54,,,41533752308089.0,Buy,75,"[""현재가 876,388원이 52주 최고가 817,305원을 상회하며 강한 상승 추세를 보여주고 있습니다."", ""최근 1개월 수익률이 23.38%로 단기적으로 매우 긍정적인 흐름을 이어가고 있습니다."", ""PER 17.5배는 적자 기업이 아닌 경우 일반적으로 성장성을 반영하는 수준으로, 현재 시가총액 41.5조원을 고려할 때 추가 상승 여력이 있을 수 있습니다.""]",-7.865237771398056,3.2647640086354444
012450,한화에어로스페이스,2025-06-02,845000,18.18,,,43055439835000.0,Neutral,50,"[""PER 18.2는 현재 시장 평균 대비 높은 수준은 아니지만, PBR 및 ROE 지표가 없어 기업의 내재가치 평가에 한계가 있습니다."", ""52주 최고가 대비 현재 위치가 92.4%로 매우 높은 수준에 있어 추가 상승 여력이 제한적일 수 있습니다."", ""최근 1개월 수익률은 긍정적이나, 거래량 변화율이 -21.17%로 감소하는 추세는 매수세 약화를 시사하여 단기적인 방향성 판단이 어렵습니다.""]",12.781065088757396,-3.3136094674556213
012450,한화에어로스페이스,2025-07-01,819000,18.26,,,43261693439000.0,Neutral,50,"[""PER 18.3은 적정 수준으로 판단되나, PBR 및 ROE 지표가 없어 재무 건전성 판단에 한계가 있습니다."", ""52주 최고가 대비 현재 위치가 82.2%로 높은 편이나, 최근 1개월 수익률이 -2.10%로 소폭 하락세를 보이고 있습니다."", ""거래량 변화율이 12.03%로 긍정적인 신호를 보이지만, 전반적인 재무 및 기술 지표만으로는 20거래일 내 뚜렷한 상승 또는 하락 방향성을 단정하기 어렵습니다.""]",3.785103785103785,19.291819291819294
012450,한화에어로스페이스,2025-08-01,938000,20.44,,,48418033539000.0,Buy,75,"[""현재가 938,000원은 52주 최고가 998,000원에 근접한 91.9% 수준으로, 상승 여력이 남아있음을 시사합니다."", ""최근 1개월 수익률이 14.93%로 양호한 흐름을 보이고 있어 단기적인 상승 모멘텀이 지속될 가능성이 있습니다."", ""거래량 변화율이 음수(-14.24%)인 점은 다소 부담 요인이지만, 52주 내 높은 위치와 최근 수익률을 고려할 때 매수세가 유입될 여지가 있습니다.""]",-6.183368869936034,-0.5330490405117271
012450,한화에어로스페이스,2025-09-01,933000,19.94,,,47232075316000.0,Neutral,50,"[""현재가 933,000원은 52주 최고가 998,000원에 근접해 있어 추가 상승 여력이 제한적일 수 있습니다."", ""최근 1개월 수익률이 -8.03%로 하락세를 보이고 있으며, 거래량 변화율 또한 -20.62%로 감소하여 투자 심리가 위축된 것으로 판단됩니다."", ""PER 19.9는 적정 수준으로 볼 수 있으나, PBR 및 ROE 지표가 없어 재무 건전성에 대한 추가적인 분석이 필요합니다.""]",1.2861736334405145,18.64951768488746
012450,한화에어로스페이스,2025-10-01,1097000,23.93,,,56668177699000.0,Buy,75,"[""현재가 52주 최고가에 근접하며 강한 상승 추세를 유지하고 있습니다."", ""최근 1개월 수익률이 17.79%로 단기적으로 높은 성과를 보여주고 있습니다."", ""거래량 변화율이 소폭 하락했으나, 전반적인 기술적 지표는 상승세를 지지하고 있습니다.""]",-14.676390154968095,-11.577028258887875
012450,한화에어로스페이스,2025-11-03,1010000,22.68,,,53729063842000.0,Buy,75,"[""52주 최고가 대비 현재 위치가 92.2%로, 여전히 높은 수준에서 강한 상승 추세를 유지하고 있습니다."", ""최근 1개월 수익률은 소폭 하락했지만, 거래량 변화율이 13.51%로 증가하며 매수세 유입 가능성을 시사합니다."", ""PER 22.7은 성장성을 고려할 때 과도하지 않은 수준으로 판단되며, 시가총액 53.7조원의 대형주는 안정적인 흐름을 보일 가능성이 높습니다.""]",-6.138613861386139,-18.415841584158414
012450,한화에어로스페이스,2025-12-01,824000,17.7,,,41921045013000.0,Neutral,50,"[""PER 17.7은 현재 시장 평균 대비 높은 수준은 아니지만, PBR, ROE 등 추가적인 재무 지표 부재로 기업의 내재가치 평가에 한계가 있습니다."", ""52주 최고가 대비 현재 위치가 64.7%로, 52주 내에서 중간 정도의 위치에 있어 상승 및 하락 여력이 모두 존재합니다."", ""최근 1개월 수익률이 -16.96%로 하락세를 보이고 있으며, 거래량 변화율 또한 -9.53%로 감소 추세는 아니지만 뚜렷한 매수세 유입을 나타내지 않아 단기적인 방향성 판단이 어렵습니다.""]",16.50485436893204,14.805825242718445
259960,크래프톤,2023-01-02,166500,13.64,1.69,12.39,7774352924000.0,Sell,65,"[""최근 1개월 수익률이 -25.45%로 크게 하락하며 약세 흐름을 보이고 있습니다."", ""52주 최고가 대비 현재 위치가 0.0%로, 52주 최저가에 근접한 상황은 추가 하락 가능성을 시사합니다."", ""거래량 변화율이 음수(-)로 나타나 매도 압력이 지속될 가능성이 있습니다.""]",3.003003003003003,9.30930930930931
259960,크래프톤,2023-02-01,182000,15.06,1.86,12.35,8580230971000.0,Neutral,50,"[""PER, PBR, ROE 등 재무지표는 양호한 편이나, 52주 최고가 대비 현재 위치가 낮아 추가 상승 여력에 대한 불확실성이 존재합니다."", ""최근 1개월 수익률은 긍정적이나, 거래량 변화율이 큰 폭으로 하락하여 투자 심리가 위축되었을 가능성이 있습니다."", ""현재 주가는 52주 최저가에 근접해 있어 하방 경직성을 기대할 수 있으나, 뚜렷한 상승 모멘텀이 부재하여 방향성 판단이 어렵습니다.""]",-0.5494505494505495,-6.7032967032967035
259960,크래프톤,2023-03-02,169800,14.06,1.74,12.38,8011375879000.0,Neutral,40,"[""현재가 52주 최저가 대비 소폭 상승했으나, 52주 최고가 대비 큰 폭 하락한 상태로 추세 전환 신호가 명확하지 않습니다."", ""최근 1개월 수익률이 마이너스(-)를 기록하며 단기적인 하락 압력이 존재합니다."", ""거래량 변화율이 긍정적인 신호를 보이고 있으나, 재무 지표만으로는 향후 20거래일 내 뚜렷한 상승 또는 하락을 예측하기 어렵습니다.""]",-4.652532391048291,8.06831566548881
259960,크래프톤,2023-04-03,189400,17.14,1.69,9.86,8665559234800.0,Neutral,55,"[""크래프톤의 PER은 17.1로 적정 수준으로 보이나, PBR 1.69와 ROE 9.9%는 시장 평균 대비 특별히 매력적인 수준은 아닙니다."", ""현재가는 52주 최고가 대비 약 36% 하락한 수준이며, 52주 최저가 대비로는 약 21% 상승한 위치에 있어 기술적으로는 중립적인 구간입니다."", ""최근 1개월 수익률은 7.66%로 긍정적이나, 거래량 변화율이 -5.70%로 감소 추세를 보이고 있어 추가 상승 동력이 약할 수 있습니다.""]",-2.0063357972544877,1.8479408658922916
259960,크래프톤,2023-05-02,192900,18.15,1.79,9.86,9177528817600.0,Neutral,50,"[""PER, PBR, ROE 등 재무지표는 시장 평균 대비 중간 수준으로 뚜렷한 강점이나 약점을 보이지 않습니다."", ""52주 최고가 대비 현재 위치가 낮지만, 최근 1개월 수익률은 긍정적인 흐름을 보이고 있어 추세 전환 가능성을 시사합니다."", ""거래량 변화율이 음수이고 최근 20거래일 동안의 명확한 상승 또는 하락 추세가 보이지 않아 단기적인 방향성 판단이 어렵습니다.""]",3.0585795749092792,-2.021772939346812
259960,크래프톤,2023-06-01,189000,17.76,1.76,9.91,8978429535400.0,Neutral,50,"[""PER, PBR, ROE 등 재무 지표는 시장 평균 대비 특별히 매력적이거나 부정적인 수준은 아닙니다."", ""52주 최고가 대비 현재 위치가 낮지만, 최근 1개월 수익률이 마이너스인 점은 하락 압력을 시사합니다."", ""거래량 변화율이 소폭 상승한 것은 긍정적일 수 있으나, 전반적인 추세 전환을 판단하기에는 부족합니다.""]",8.201058201058201,2.91005291005291
259960,크래프톤,2023-07-03,183000,18.24,1.8,9.87,9220192949500.0,Neutral,50,"[""PER, PBR, ROE 등 재무지표는 시장 평균 대비 특별히 매력적이거나 부정적인 수준은 아니며, 크래프톤의 적자 여부에 대한 정보가 없어 PER 해석에 한계가 있습니다."", ""52주 최고가 대비 현재 위치가 34.0%로 하락폭이 크지만, 최근 1개월 수익률이 소폭 상승한 점과 거래량 변화율이 감소한 점은 투자 심리가 아직 명확하게 형성되지 않았음을 시사합니다."", ""단기적인 기술적 지표만으로는 향후 20거래일 동안 시장 대비 뚜렷한 상승 또는 하락을 예측하기 어려운 상황입니다.""]",-0.273224043715847,-2.677595628415301
259960,크래프톤,2023-08-01,172900,16.7,1.65,9.88,8442757657100.0,Neutral,50,"[""PER, PBR, ROE 등 재무지표는 시장 평균 대비 중간 수준으로 뚜렷한 매수 또는 매도 신호를 보내지 않고 있습니다."", ""52주 최고가 대비 현재 위치가 낮고 최근 1개월 수익률이 마이너스인 점은 하락 압력을 시사하지만, 52주 최저가 대비로는 아직 여유가 있습니다."", ""거래량 변화율이 마이너스인 점은 투자 심리가 위축되었음을 나타내지만, 20거래일이라는 단기적인 관점에서 시장 대비 뚜렷한 상승 또는 하락을 예측하기에는 근거가 부족합니다.""]",0.8675534991324465,-10.352805089647195
259960,크래프톤,2023-09-01,156700,14.58,1.44,9.88,7371413900500.0,Neutral,50,"[""현재가 52주 최저가에 근접하며 기술적 반등 가능성이 있으나, 최근 1개월 수익률이 마이너스인 점은 하방 압력을 시사합니다."", ""PER, PBR, ROE 등 재무지표는 시장 평균 대비 비교 우위를 판단하기에 명확한 시그널을 제공하지 않습니다."", ""거래량 변화율이 긍정적인 신호를 보내고 있으나, 전반적인 시장 상황 및 기업의 구체적인 성장 모멘텀에 대한 추가 정보 없이는 뚜렷한 방향성을 판단하기 어렵습니다.""]",-2.361199744735163,-4.6585832801531595
259960,크래프톤,2023-10-04,148000,13.74,1.36,9.9,6944772581500.0,Sell,60,"[""현재가가 52주 최저가와 거의 동일한 수준으로, 기술적으로 추가 하락 가능성이 존재합니다."", ""최근 1개월 수익률이 마이너스이며 거래량 변화율도 감소하여 투자 심리가 위축된 것으로 보입니다."", ""ROE가 9.9%로 낮은 수준이며, PER이 13.7배로 절대적인 고평가 구간은 아니지만 성장성 대비 매력도가 떨어질 수 있습니다.""]",4.662162162162162,14.797297297297296
259960,크래프톤,2023-11-01,168900,15.56,1.54,9.9,7869162106000.0,Buy,75,"[""최근 1개월 수익률이 11.63%로 양호한 상승세를 보이고 있으며, 거래량 변화율도 16.36%로 긍정적인 수급 신호를 나타내고 있습니다."", ""현재가는 52주 최저가 대비 15.2% 상승한 수준으로, 52주 최고가 대비로는 아직 하락 여력이 남아있어 추가 상승 가능성을 시사합니다."", ""PER 15.6배, PBR 1.54배, ROE 9.9% 등의 재무 지표는 현재 주가 수준이 과도하게 고평가되었다고 보기 어렵고, 적자 기업이 아니라는 점에서 안정적인 투자 기반을 갖추고 있습니다.""]",12.966252220248666,26.1101243339254
259960,크래프톤,2023-12-01,218000,20.39,2.02,9.91,10310498542500.0,Buy,75,"[""최근 1개월 수익률이 28.77%로 강한 상승세를 보이고 있으며, 52주 최고가에 근접한 위치(88.2%)에 있어 추가 상승 여력이 있습니다."", ""거래량 변화율이 77.19%로 크게 증가한 것은 투자자들의 관심이 높아지고 있음을 시사하며, 이는 긍정적인 신호입니다."", ""PER, PBR, ROE 등 재무지표는 시장 평균 대비 우수하거나 양호한 수준으로, 기업의 펀더멘탈이 뒷받침되고 있습니다.""]",-2.293577981651376,-8.027522935779817
259960,크래프톤,2024-01-02,194800,18.36,1.82,9.91,9281818917800.0,Neutral,50,"[""PER, PBR, ROE 등 재무지표는 시장 평균 대비 특별히 매력적이거나 부정적인 수준은 아니며, 크래프톤의 적자 여부가 명시되지 않아 PER 해석에 한계가 있습니다."", ""52주 최고가 대비 현재 위치는 중간 수준이지만, 최근 1개월 수익률이 마이너스이고 거래량 변화율도 감소하는 등 단기적인 하락 추세가 관찰됩니다."", ""기술적 지표 상 하락 추세가 나타나지만, 재무 지표에서 뚜렷한 매수 또는 매도 신호를 찾기 어렵고 시장 전반의 흐름에 따라 변동성이 나타날 수 있어 방향성 판단이 불분명합니다.""]",4.209445585215605,10.1129363449692
259960,크래프톤,2024-02-01,223000,20.06,1.98,9.87,10144582474000.0,Neutral,50,"[""현재가 52주 최고가에 근접하여 추가 상승 여력이 제한적일 수 있습니다."", ""최근 1개월 수익률은 양호하나, 거래량 변화율이 감소하여 투자 심리가 위축될 가능성이 있습니다."", ""재무 지표는 양호한 편이나, 기술적 지표상 단기 상승 모멘텀이 약화된 것으로 판단됩니다.""]",3.1390134529147984,-4.484304932735426
259960,크래프톤,2024-03-04,218000,20.39,2.02,9.91,10310498542500.0,Neutral,50,"[""PER, PBR, ROE 등 재무지표는 시장 평균 대비 특별히 매력적이거나 비싼 수준은 아니지만, 긍정적인 흐름을 보여주지는 못하고 있습니다."", ""52주 최고가 대비 현재 위치는 76.3%로, 상승 여력은 남아있으나 최근 1개월 수익률이 마이너스인 점은 단기적인 하락 압력을 시사합니다."", ""거래량 변화율이 6.58%로 소폭 상승한 것은 긍정적이나, 이것만으로는 20거래일 내 뚜렷한 상승을 확신하기 어렵습니다.""]",7.339449541284404,15.59633027522936
259960,크래프톤,2024-04-01,252000,19.55,2.14,10.95,11874850045500.0,Buy,75,"[""현재가가 52주 최고가에 근접해 있어 상승 모멘텀이 강하게 유지되고 있습니다."", ""최근 1개월 수익률이 10.35%로 양호하며, 거래량 변화율도 19.71%로 증가 추세를 보이고 있어 투자 심리가 긍정적입니다."", ""ROE 10.9%는 양호한 수준이며, PER 19.6배는 성장성을 고려할 때 부담스럽지 않은 수준으로 판단됩니다.""]",-3.968253968253968,-3.571428571428571
259960,크래프톤,2024-05-02,251000,18.97,2.07,10.91,11519315613000.0,Neutral,50,"[""PER 지표가 해당없음으로 표시되어 있어 기업의 수익성 평가에 제한이 있습니다."", ""PBR 2.07, ROE 10.9%는 현재 기업 가치가 자산 대비 적정 수준이며 수익성을 보여주고 있으나, 폭발적인 성장을 기대하기는 어렵습니다."", ""52주 최고가에 근접한 현재 위치(85.0%)와 최근 1개월 수익률의 하락(-2.99%)은 단기적인 상승 모멘텀이 약화되었음을 시사합니다."", ""거래량 변화율(45.00%)은 긍정적인 신호일 수 있으나, 최근 수익률 하락과 함께 나타나 방향성 판단에 혼란을 줍니다.""]",3.386454183266932,-0.5976095617529881
259960,크래프톤,2024-06-03,249500,19.32,2.11,10.92,11732636272500.0,Neutral,55,"[""크래프톤은 52주 최고가 대비 높은 수준에 위치해 있어 추가 상승 여력이 제한적일 수 있습니다."", ""최근 1개월 수익률은 긍정적이나, 거래량 변화율이 감소하고 있어 매수세가 약화될 가능성이 있습니다."", ""PER, PBR, ROE 등 재무 지표는 양호한 편이나, 기술적 지표에서 상승 모멘텀이 둔화되는 신호가 관찰됩니다.""]",6.212424849699398,9.218436873747494
259960,크래프톤,2024-07-01,271000,21.35,2.33,10.91,12965155638500.0,Neutral,50,"[""PER이 21.4로 적정 수준으로 판단되나, PBR 2.33은 다소 높은 편입니다."", ""ROE 10.9%는 양호한 수준이지만, 52주 최고가 대비 현재 위치가 84.4%로 상승 여력이 제한적일 수 있습니다."", ""최근 1개월 수익률 8.96%는 긍정적이나, 거래량 변화율이 1.86%로 크지 않아 추세 전환을 확신하기 어렵습니다.""]",6.826568265682657,7.9335793357933575
259960,크래프톤,2024-08-01,287500,22.6,2.47,10.93,13723629094500.0,Neutral,50,"[""크래프톤은 52주 최고가에 근접한 수준으로, 추가 상승 여력에 대한 경계감이 존재합니다."", ""최근 1개월 수익률은 긍정적이나, 거래량 변화율이 크게 하락하여 투자 심리가 위축될 가능성이 있습니다."", ""PER, PBR, ROE 등의 재무지표는 양호한 편이나, 단기적인 기술적 지표들이 혼조세를 보여 명확한 방향성을 제시하기 어렵습니다.""]",2.4347826086956523,12.347826086956522
259960,크래프톤,2024-09-02,317000,25.21,2.75,10.91,15311682893000.0,Buy,75,"[""52주 최고가 대비 현재 위치가 높아 추가 상승 여력이 제한적일 수 있으나, 52주 최저가 대비로는 여전히 높은 상승률을 기록하며 강한 상승 추세를 유지하고 있습니다."", ""최근 1개월 수익률이 11.57%로 양호하며, 거래량 변화율이 133.94%로 크게 증가한 것은 투자자들의 관심이 집중되고 있음을 시사합니다."", ""ROE 10.9%는 기업의 수익성이 개선되고 있음을 나타내며, 이는 주가 상승의 긍정적인 요인으로 작용할 수 있습니다.""]",1.1041009463722398,2.8391167192429023
259960,크래프톤,2024-10-02,335500,26.38,2.88,10.92,16022751758000.0,Neutral,50,"[""52주 최고가에 근접한 높은 현재가와 52주 내 높은 위치는 추가 상승에 대한 부담감을 시사합니다."", ""최근 1개월 수익률은 소폭 상승했으나, 거래량 변화율이 크게 감소한 점은 투자 심리가 위축되었음을 나타냅니다."", ""PER, PBR, ROE 등의 재무 지표는 양호한 편이나, 단기적인 모멘텀이 약화된 상황에서 20거래일 내 뚜렷한 상승 또는 하락을 예측하기 어렵습니다.""]",-1.4903129657228018,0.5961251862891207
259960,크래프톤,2024-11-01,337500,26.03,2.84,10.91,15809431098500.0,Neutral,50,"[""현재가 52주 최고가 대비 높은 수준에 위치하여 추가 상승 여력이 제한적일 수 있습니다."", ""최근 1개월 수익률 및 거래량 변화율이 하락세를 나타내고 있어 단기적인 투자 심리가 위축된 것으로 보입니다."", ""PER, PBR, ROE 등 재무지표는 양호한 편이나, 기술적 지표에서 뚜렷한 상승 또는 하락 신호가 포착되지 않아 방향성 판단이 어렵습니다.""]",-5.9259259259259265,-2.9629629629629632
259960,크래프톤,2024-12-02,328500,25.56,2.79,10.92,15525003552500.0,Neutral,50,"[""크래프톤은 52주 최고가 대비 현재 위치가 높아 단기 차익 실현 매물이 출회될 가능성이 있습니다."", ""최근 1개월 수익률이 소폭 하락했지만, 거래량 변화율이 높아 투자자들의 관심은 여전히 유지되고 있습니다."", ""PER, PBR, ROE 등 재무지표는 양호한 편이나, 20거래일이라는 단기적인 시점에서 시장 대비 뚜렷한 상승 또는 하락을 예측하기에는 불확실성이 존재합니다.""]",-7.91476407914764,1.97869101978691
259960,크래프톤,2025-01-02,335000,24.7,2.7,10.93,15003553051500.0,Neutral,50,"[""현재가 335,000원은 52주 최고가 351,000원에 근접한 수준으로 추가 상승 여력이 제한적일 수 있습니다."", ""최근 1개월 수익률이 1.44%로 소폭 상승했으나, 거래량 변화율이 -21.36%로 감소한 점은 투자 심리 위축을 시사합니다."", ""PER, PBR, ROE 등 재무지표는 양호한 편이나, 기술적 지표상 단기적인 상승 모멘텀이 강하게 나타나지 않아 방향성 판단이 어렵습니다.""]",0.0,13.73134328358209
259960,크래프톤,2025-02-03,362500,28.1,3.07,10.93,17065652760000.0,Buy,75,"[""현재가가 52주 최고가에 근접해 있으며, 최근 1개월 수익률이 17.26%로 강한 상승세를 보이고 있어 추가 상승 가능성이 높습니다."", ""거래량 변화율이 8.36%로 긍정적인 신호를 보내고 있어 매수세 유입을 기대할 수 있습니다."", ""ROE 10.9%는 양호한 수준이며, PBR 3.07은 성장성을 감안할 때 과도하게 높지 않은 편입니다.""]",3.4482758620689653,-5.103448275862069
259960,크래프톤,2025-03-04,344000,26.07,2.85,10.93,15833133394000.0,Neutral,50,"[""PER이 26.1로 적정 수준으로 판단되나, PBR 2.85는 다소 높은 편입니다."", ""ROE 10.9%는 양호한 수준이지만, 최근 1개월 수익률이 -8.24%로 하락세를 보이고 있습니다."", ""52주 최고가 대비 현재 위치가 71.2%로 상승 여력이 남아있으나, 거래량 변화율 83.11%는 변동성이 커질 수 있음을 시사합니다.""]",0.436046511627907,0.872093023255814
259960,크래프톤,2025-04-01,347000,11.89,2.36,19.85,16117560940000.0,Neutral,50,"[""크래프톤은 현재 52주 최고가 대비 약 9.3% 하락한 위치에 있으며, 이는 단기적인 하락 압력이 존재할 수 있음을 시사합니다."", ""최근 1개월 수익률이 -1.02%로 부진하고 거래량 변화율이 -29.93%로 감소한 점은 투자 심리가 위축되었음을 나타냅니다."", ""하지만 PBR 2.36배와 ROE 19.9%는 재무적으로는 비교적 양호한 수준을 유지하고 있어 급격한 하락보다는 횡보 또는 제한적인 등락을 보일 가능성이 있습니다.""]",2.161383285302594,7.060518731988473
259960,크래프톤,2025-05-02,385500,13.46,2.67,19.84,18250767535000.0,Buy,75,"[""크래프톤은 52주 최고가에 근접한 99.4% 위치에 있으며, 최근 1개월 수익률도 10.95%로 긍정적인 흐름을 보이고 있습니다."", ""ROE 19.8%는 양호한 수준으로 기업의 수익성을 뒷받침하며, PBR 2.67은 자산 대비 높은 가치를 인정받고 있음을 시사합니다."", ""거래량 변화율이 소폭 하락했으나, 52주 최고가 돌파에 대한 기대감과 견조한 재무 지표를 고려할 때 단기적인 상승 가능성이 높다고 판단됩니다.""]",-3.24254215304799,-4.150453955901426
259960,크래프톤,2025-06-02,367500,12.87,2.55,19.81,17444889488000.0,Neutral,55,"[""크래프톤은 현재 52주 최고가에 근접한 위치에 있으며, 최근 1개월 수익률이 소폭 하락하고 거래량 변화율이 감소한 점은 단기적인 상승 모멘텀 약화를 시사합니다."", ""PER, PBR, ROE 등 재무지표는 양호한 편이나, 52주 최고가 부근에서의 저항 가능성과 거래량 감소는 추가 상승에 대한 부담으로 작용할 수 있습니다."", ""향후 20거래일 동안 시장 전반의 흐름이나 크래프톤 관련 신작 출시, 게임 시장 동향 등 추가적인 정보가 없다면 뚜렷한 방향성을 예측하기 어렵습니다.""]",3.9455782312925165,-0.5442176870748299
259960,크래프톤,2025-07-01,358500,12.66,2.51,19.83,17160461942000.0,Neutral,55,"[""크래프톤은 52주 최고가 대비 하락한 위치에 있으나, 52주 최저가 대비 높은 수준을 유지하고 있어 추세 전환 가능성을 열어두어야 합니다."", ""최근 1개월 수익률은 하락세를 보였지만, 거래량 변화율이 36.42%로 증가한 점은 투자자들의 관심이 다시 집중될 수 있음을 시사합니다."", ""PER, PBR, ROE 등 재무지표는 양호한 편이나, 최근 시장 전반의 변동성과 게임 산업의 계절적 요인 등을 고려할 때 20거래일 내 뚜렷한 상승 또는 하락을 단정하기 어렵습니다.""]",0.41841004184100417,-8.92608089260809
259960,크래프톤,2025-08-01,314500,11.03,2.19,19.85,14956148460500.0,Sell,65,"[""최근 1개월 수익률이 -13.68%로 하락세를 보이고 있으며, 거래량 변화율 또한 -28.62%로 감소하여 매도 압력이 작용하고 있음을 시사합니다."", ""현재 주가는 52주 최고가 대비 약 18.8% 하락한 38.2% 지점에 위치하여 단기적인 하락 추세가 이어질 가능성이 있습니다."", ""PER, PBR, ROE 등의 재무지표는 양호한 편이나, 최근 기술적 지표의 하락 추세가 단기적인 시장 대비 하락 신호로 해석될 수 있습니다.""]",1.4308426073131957,4.92845786963434
259960,크래프톤,2025-09-01,330000,11.58,2.3,19.86,15690919621000.0,Neutral,50,"[""PER이 11.6으로 적정 수준으로 판단되나, PBR 2.30은 다소 높은 편입니다."", ""ROE 19.9%는 양호한 수준이나, 52주 최고가 대비 현재 위치가 43.0%로 하락 추세가 지속될 가능성도 있습니다."", ""최근 1개월 수익률이 0.76%로 미미하고 거래량 변화율이 음수(-)인 점은 매수세가 강하지 않음을 시사합니다.""]",-2.272727272727273,-11.363636363636363
259960,크래프톤,2025-10-01,299000,10.44,2.07,19.83,14150270413500.0,Neutral,50,"[""크래프톤의 PER이 10.4로 적자기업이 아니며 ROE가 19.8%로 양호한 수준이지만, 최근 1개월 수익률이 -9.55%로 하락세를 보이고 있어 투자 심리가 위축된 것으로 판단됩니다."", ""52주 최고가 대비 현재 위치가 9.3% 하락한 상태이며, 거래량 변화율 또한 -9.51%로 감소하여 단기적인 매도 압력이 존재할 수 있습니다."", ""하지만 PBR 2.07배와 시가총액 14.2조원은 여전히 높은 수준으로, 향후 20거래일 내 시장 대비 뚜렷한 상승 또는 하락을 예측하기에는 재무 및 기술적 지표만으로는 불확실성이 존재합니다.""]",-3.0100334448160537,-11.872909698996656
259960,크래프톤,2025-11-03,279000,9.78,1.94,19.84,13249583184500.0,Neutral,50,"[""현재가 52주 최저가에 근접해 있어 하방 경직성이 기대되지만, 최근 1개월 수익률이 마이너스를 기록하며 약세를 보이고 있습니다."", ""거래량 변화율이 긍정적인 신호를 보내고 있으나, 시장 전반의 투자 심리나 크래프톤 자체의 추가적인 모멘텀 부재 시 상승 전환이 어려울 수 있습니다."", ""PER, PBR, ROE 등 재무 지표는 양호한 편이나, 단기적인 투자 방향성을 결정할 만큼 강력한 상승 또는 하락 요인이 명확하게 드러나지 않아 중립적인 판단이 필요합니다.""]",-5.376344086021505,-9.31899641577061
259960,크래프톤,2025-12-01,253000,8.81,1.75,19.86,11945956932000.0,Neutral,50,"[""현재가가 52주 최저가에 근접해 있어 기술적 반등 가능성이 있지만, 최근 1개월 수익률 하락과 거래량 감소는 하방 압력을 시사합니다."", ""ROE가 19.9%로 양호한 수준이지만, PER이 8.8배로 낮아 시장 대비 저평가 여부는 추가적인 분석이 필요합니다."", ""시가총액이 11.9조원으로 크지만, 최근 시장 전반의 변동성과 게임 산업의 성장성 둔화 우려가 투자 방향성을 불확실하게 만듭니다.""]",-2.9644268774703555,-1.9762845849802373
247540,에코프로비엠,2023-01-02,93200,20.02,15.33,76.57,9137362535600.0,Neutral,50,"[""최근 1개월 수익률이 -18.85%로 하락세를 보이고 있으며, 거래량 변화율 또한 -34.26%로 감소하여 투자 심리가 위축된 것으로 판단됩니다."", ""52주 최고가 대비 현재 위치가 25.5%로, 여전히 높은 수준에 위치해 있어 추가 상승 여력에 대한 의문이 존재합니다."", ""ROE가 76.6%로 매우 높지만, PBR이 15.33으로 높아 밸류에이션 부담이 존재하며, 이는 단기적인 주가 상승을 제한할 수 있습니다.""]",3.5407725321888415,22.317596566523605
247540,에코프로비엠,2023-02-01,114000,23.4,17.92,76.58,10683083392800.0,Neutral,50,"[""현재가 114,000원은 52주 최고가 대비 약 16% 하락한 수준으로, 추가 상승 여력과 하락 위험이 공존합니다."", ""최근 1개월 수익률 18.57%는 긍정적인 신호이나, 거래량 변화율이 -5.35%로 감소 추세를 보이며 매수세 약화를 시사합니다."", ""높은 ROE(76.6%)는 기업의 수익성을 보여주지만, 높은 PBR(17.92)은 현재 주가가 기업 가치 대비 고평가되었을 가능성을 내포하고 있어 투자 판단에 신중함이 요구됩니다.""]",14.649122807017545,59.73684210526316
247540,에코프로비엠,2023-03-02,182100,34.23,26.21,76.57,15623520309800.0,Buy,85,"[""현재가 52주 최고가를 돌파하며 강한 상승 추세를 이어가고 있습니다."", ""최근 1개월 수익률이 60%를 상회하며 단기적인 모멘텀이 매우 강하게 나타나고 있습니다."", ""거래량 변화율이 340% 이상으로 급증하며 투자자들의 관심이 집중되고 있음을 시사합니다."", ""ROE가 76.6%로 매우 높아 기업의 수익성이 뛰어나다는 점은 긍정적인 요인입니다.""]",6.315211422295441,23.28390993959363
247540,에코프로비엠,2023-04-03,224500,80.53,15.25,18.94,22696660688000.0,Buy,75,"[""현재가 52주 최고가에 근접해 있으나, 최근 1개월 수익률이 27.40%로 강한 상승세를 유지하고 있습니다."", ""ROE 18.9%는 양호한 수익성을 보여주며, PBR 15.25는 높은 밸류에이션에도 불구하고 성장 기대감을 반영하고 있습니다."", ""거래량 변화율 4.32%는 긍정적인 흐름을 뒷받침하며, 시장 대비 추가 상승 가능성을 시사합니다.""]",31.180400890868597,11.1358574610245
247540,에코프로비엠,2023-05-02,249500,92.68,17.55,18.94,26120725878000.0,Buy,75,"[""최근 1개월 수익률이 18.93%로 강한 상승세를 보이고 있으며, 52주 최고가 대비 현재 위치가 86.0%로 상승 여력이 남아있습니다."", ""ROE 18.9%는 양호한 수준으로 기업의 수익성을 뒷받침하고 있습니다."", ""거래량 변화율이 음수이지만, 최근 강한 상승세를 고려할 때 단기적인 조정 후 재상승 가능성이 있습니다.""]",-11.022044088176353,2.2044088176352705
247540,에코프로비엠,2023-06-01,255000,86.6,16.4,18.94,24408693283000.0,Neutral,50,"[""현재가(255,000원)는 52주 최고가(296,000원) 대비 하락한 위치에 있으나, 52주 최저가(88,100원) 대비는 여전히 높은 수준으로, 기술적으로는 조정 가능성이 있으나 추세 전환 여부는 불확실합니다."", ""최근 1개월 수익률(-6.55%)과 거래량 변화율(-63.34%)은 부정적인 신호를 보내고 있어 단기적인 하락 압력이 존재할 수 있습니다."", ""재무지표상 PER이 86.6으로 높고 PBR이 16.40으로 높은 편이지만, ROE가 18.9%로 양호한 편이며 시가총액이 24.4조원으로 대형주임을 감안할 때, 단기적인 기술적 지표만으로 매도 의견을 제시하기에는 근거가 부족합니다.""]",5.294117647058823,3.3333333333333335
247540,에코프로비엠,2023-07-03,274500,91.46,17.32,18.94,25778319359000.0,Neutral,50,"[""현재가 52주 최고가 대비 하락했지만, 여전히 높은 수준에 위치하여 추가 상승 여력에 대한 의문이 있습니다."", ""최근 1개월 수익률은 긍정적이나, 거래량 변화율이 마이너스로 전환되어 매수세 약화를 시사합니다."", ""높은 PBR과 PER은 밸류에이션 부담을 나타내며, 단기적인 급등보다는 시장 상황을 지켜볼 필요가 있습니다.""]",7.468123861566485,48.816029143898
247540,에코프로비엠,2023-08-01,380500,141.79,26.85,18.94,39963732289000.0,Buy,75,"[""최근 1개월간 55.03%의 높은 수익률과 199.70%의 거래량 변화율은 강한 매수세를 시사합니다."", ""현재 주가가 52주 최고가 대비 85.7% 수준으로, 여전히 상승 여력이 남아있음을 나타냅니다."", ""ROE 18.9%는 양호한 수익성을 보여주며, 이는 주가 상승의 긍정적인 요인으로 작용할 수 있습니다.""]",-9.724047306176084,-14.71747700394218
247540,에코프로비엠,2023-09-01,307500,107.08,20.28,18.94,30180688889000.0,Sell,70,"[""최근 1개월 수익률이 -18.92%로 하락 추세를 보이고 있으며, 거래량 변화율 또한 -69.43%로 감소하여 투자 심리가 위축된 것으로 판단됩니다."", ""현재가 307,500원은 52주 최고가 462,000원 대비 약 33.4% 하락한 수준으로, 단기적으로 추가 하락 가능성을 배제할 수 없습니다."", ""PER이 107.1로 매우 높아 밸류에이션 부담이 크며, 이는 향후 주가 상승에 제약 요인이 될 수 있습니다.""]",-5.691056910569105,-23.414634146341466
247540,에코프로비엠,2023-10-04,233500,81.57,15.45,18.94,22990151990000.0,Sell,65,"[""최근 1개월 수익률이 -27.58%로 크게 하락하며 약세 흐름을 보이고 있습니다."", ""거래량 변화율 또한 -26.71%로 감소하며 투자 심리가 위축된 것으로 판단됩니다."", ""현재 주가는 52주 최고가 대비 약 39.3% 낮은 수준으로, 단기적인 반등보다는 추가 하락 가능성에 무게를 둡니다.""]",5.353319057815846,-1.4989293361884368
247540,에코프로비엠,2023-11-01,217000,65.46,12.4,18.94,18450819852400.0,Neutral,50,"[""최근 1개월 수익률이 -25.89%로 크게 하락했으나, 거래량 변화율이 16.30%로 증가하며 매수세 유입 가능성을 시사합니다."", ""PBR 12.40배와 ROE 18.9%는 여전히 높은 수준으로 밸류에이션 부담이 존재하지만, 시장 대비 상승 여력도 남아있음을 보여줍니다."", ""52주 최고가 대비 현재 위치가 26.1%로 낮아 추가 하락보다는 반등 가능성도 배제할 수 없으나, 뚜렷한 상승 또는 하락 추세를 판단하기에는 정보가 부족합니다.""]",14.516129032258066,26.26728110599078
247540,에코프로비엠,2023-12-01,323000,97.19,18.41,18.94,27392521520000.0,Buy,75,"[""최근 1개월 수익률이 29.03%로 강한 상승세를 보이고 있으며, 거래량 변화율 또한 41.77%로 증가하여 매수세가 유입되고 있음을 시사합니다."", ""현재가가 52주 최고가 대비 약 30% 하락한 위치에 있지만, 52주 최저가 대비로는 상당한 상승을 기록하며 회복세를 보여주고 있습니다."", ""ROE가 18.9%로 양호한 수준을 유지하고 있으며, PBR이 18.41로 다소 높지만 성장성을 반영하는 것으로 해석될 수 있습니다.""]",-1.238390092879257,-13.622291021671826
247540,에코프로비엠,2024-01-02,271500,98.4,18.64,18.94,27734928039000.0,Neutral,50,"[""PER이 98.4로 높아 현재 기업 가치가 고평가되었을 가능성이 있습니다."", ""PBR 18.64는 자산 대비 높은 가격을 나타내며, ROE 18.9%는 양호한 수익성을 보여주고 있으나 밸류에이션 부담이 존재합니다."", ""52주 최고가 대비 현재 위치가 51.7%로 절반 수준에 머물러 있으며, 최근 1개월 수익률이 5.19%로 소폭 상승했으나 뚜렷한 상승 추세라고 보기에는 부족합니다.""]",8.103130755064457,-21.36279926335175
247540,에코프로비엠,2024-02-01,229000,79.14,14.99,18.94,22305338952000.0,Neutral,50,"[""현재가 229,000원은 52주 최고가 대비 상당한 하락을 보였으나, 최저가 대비로는 높은 수준에 위치하여 추세 판단이 어렵습니다."", ""최근 1개월 수익률이 -16.02%로 하락세를 보이고 있으나, 거래량 변화율이 5.09%로 소폭 증가하여 매수세 유입 가능성도 배제할 수 없습니다."", ""재무지표 상 PBR 14.99배는 다소 높은 편이나, ROE 18.9%는 양호한 수준을 유지하고 있어 기업의 본질적인 가치에 대한 판단이 엇갈릴 수 있습니다.""]",4.8034934497816595,8.951965065502183
247540,에코프로비엠,2024-03-04,255500,93.72,17.75,18.94,26414217180000.0,Buy,70,"[""최근 1개월 수익률이 22.73%로 강한 상승세를 보이고 있어 투자 심리가 긍정적입니다."", ""52주 최저가 대비 현재 위치가 37.4%로, 아직 52주 최고가 대비 상승 여력이 남아있습니다."", ""ROE가 18.9%로 양호한 수준이며, 이는 기업의 수익성이 개선되고 있음을 시사합니다.""]",2.5440313111545985,2.3483365949119372
247540,에코프로비엠,2024-04-01,261500,,16.55,,26463132397000.0,Neutral,50,"[""PER이 해당없음(적자)으로 재무적 안정성이 낮아 투자 매력이 떨어집니다."", ""PBR이 16.55로 높은 수준이며, 52주 최고가 대비 현재 위치가 30.0%로 하락 추세가 지속될 가능성이 있습니다."", ""최근 1개월 수익률이 1.50%로 소폭 상승했으나, 거래량 변화율이 -28.36%로 감소하여 투자 심리가 위축된 것으로 보입니다.""]",-9.560229445506693,-10.89866156787763
247540,에코프로비엠,2024-05-02,226000,,14.25,,22794491122000.0,Sell,65,"[""현재 PER이 적자 상태로 산출되지 않아 재무적 부담이 존재합니다."", ""52주 최고가 대비 현재 위치가 16.2%로, 아직 하락 여력이 남아있을 가능성이 있습니다."", ""최근 1개월 수익률이 -13.86%로 하락세를 보이고 있으며, 거래량 변화율 또한 -21.37%로 감소하여 투자 심리가 위축된 것으로 판단됩니다.""]",-6.8584070796460175,-15.398230088495577
247540,에코프로비엠,2024-06-03,191200,,11.5,,18392121592000.0,Sell,70,"[""최근 1개월 수익률이 -21.17%로 큰 폭의 하락세를 보이고 있어 단기적인 하락 추세가 이어질 가능성이 높습니다."", ""현재가가 52주 최저가에 근접해 있으며, 52주 최고가 대비 상당한 하락폭을 기록하고 있어 투자 심리가 위축될 수 있습니다."", ""거래량 변화율이 음수(-)로 나타나 매도 압력이 지속될 가능성을 시사합니다.""]",9.571129707112972,-0.10460251046025104
247540,에코프로비엠,2024-07-01,182500,,11.53,,18441036809000.0,Neutral,50,"[""현재 PER이 없어 적자 기업으로 재무적 안정성 측면에서 불확실성이 존재합니다."", ""52주 최저가에 근접한 가격으로 하방 경직성이 나타날 수 있으나, 52주 최고가 대비 큰 폭으로 하락한 상태입니다."", ""최근 1개월 수익률이 소폭 상승하고 거래량 변화율이 증가했지만, 이는 추세 전환을 확신하기에는 부족한 지표입니다.""]",6.191780821917808,2.73972602739726
247540,에코프로비엠,2024-08-01,185900,,11.32,,18108413333400.0,Neutral,40,"[""현재 PER이 없어 적자 기업임을 나타내며, PBR이 높아 기업 가치 대비 고평가 가능성이 있습니다."", ""52주 최저가 대비 현재 위치가 3.9%로 낮은 편이지만, 최근 1개월 수익률이 마이너스이고 거래량 변화율도 감소하여 단기적인 하락 압력이 존재합니다."", ""하지만 52주 최고가 대비 큰 폭으로 하락한 상태이므로, 향후 반등 가능성도 배제할 수 없어 명확한 방향성을 판단하기 어렵습니다.""]",-3.604088219472835,-2.205486820871436
247540,에코프로비엠,2024-09-02,174500,,11.12,,17785572901200.0,Neutral,55,"[""현재가 52주 최저가에 근접하며 기술적 반등 가능성이 있으나, PER이 없어 적자 기업이라는 점은 부담 요인입니다."", ""최근 1개월 수익률이 마이너스이고 거래량 변화율이 크지 않아 뚜렷한 상승 동력이 부족합니다."", ""시가총액이 크고 PBR이 높아 밸류에이션 부담이 존재하며, 향후 20거래일 내 시장 대비 뚜렷한 방향성을 예측하기 어렵습니다.""]",-14.785100286532952,10.601719197707736
247540,에코프로비엠,2024-10-02,183400,,11.63,,18597565503400.0,Buy,65,"[""최근 1개월 수익률이 15.14%로 양호한 상승세를 보이고 있어 투자 심리가 긍정적입니다."", ""현재가가 52주 최저가 대비 약 23% 상승한 위치에 있어 추가 상승 여력이 존재할 수 있습니다."", ""거래량 변화율이 소폭 상승한 점은 매수세 유입 가능성을 시사합니다.""]",-4.089422028353326,-0.7633587786259541
247540,에코프로비엠,2024-11-01,182000,,10.38,,16601824649800.0,Neutral,40,"[""현재 PER이 없어 적자 기업임을 나타내며, 이는 투자 위험 요인으로 작용할 수 있습니다."", ""PBR이 10.38로 높은 편이며, 이는 기업의 장부가치 대비 고평가 가능성을 시사합니다."", ""최근 1개월 수익률이 -8.02%로 하락세를 보이고 있으며, 거래량 변화율 또한 -27.20%로 감소하여 투자 심리가 위축되었음을 나타냅니다.""]",-16.0989010989011,-24.45054945054945
247540,에코프로비엠,2024-12-02,138000,,8.41,,13451684675000.0,Sell,65,"[""현재 PER이 적자 기업으로 산출되지 않아 기업의 수익성 대비 고평가 여부를 판단하기 어렵습니다."", ""52주 최고가 대비 현재 주가가 6.4% 수준으로, 52주 내에서 상대적으로 낮은 위치에 있지만 최근 1개월 수익률이 -18.97%로 큰 폭의 하락세를 보이고 있습니다."", ""최근 1개월의 부정적인 수익률과 더불어 거래량 변화율이 27.55%로 증가한 것은 매도 압력이 작용하고 있을 가능성을 시사합니다.""]",-5.072463768115942,-18.115942028985508
247540,에코프로비엠,2025-01-02,113000,,6.45,,10321110787000.0,Sell,70,"[""현재가 52주 최저가에 근접하며 기술적 반등 가능성이 있으나, 최근 1개월 수익률이 -21.97%로 크게 하락한 점은 부정적인 신호입니다."", ""PER이 '해당없음(적자)'으로 표시되는 것은 기업의 수익성이 좋지 않음을 의미하며, 이는 주가 상승에 부담으로 작용할 수 있습니다."", ""거래량 변화율이 -19.87%로 감소한 것은 투자자들의 관심이 줄어들고 있음을 시사하며, 이는 향후 주가 하락 가능성을 높입니다.""]",6.371681415929204,8.584070796460178
247540,에코프로비엠,2025-02-03,120300,,7.28,,11641821646000.0,Buy,70,"[""52주 최저가 대비 현재 위치가 7.2%로, 저점 매수세 유입 가능성이 있습니다."", ""최근 1개월 수익률이 8.28%로 긍정적인 흐름을 보이고 있으며, 거래량 변화율도 27.46%로 증가하며 상승 동력을 확보하고 있습니다."", ""PBR 7.28은 다소 높은 편이지만, 적자 기업임에도 불구하고 시장의 성장 기대감이 반영된 것으로 해석될 수 있으며, 향후 실적 개선 시 주가 상승 여력이 있습니다.""]",0.3325020781379884,-6.317539484621778
247540,에코프로비엠,2025-03-04,112700,,6.84,,10947225564600.0,Sell,65,"[""현재가 52주 최저가에 근접하며 기술적 반등 가능성이 있으나, 최근 1개월 수익률이 -14.58%로 하락 추세가 지속되고 있습니다."", ""PER이 '해당없음(적자)'으로 재무적으로 불안정한 모습을 보이고 있어 단기적인 상승 동력이 부족합니다."", ""거래량 변화율이 20.25%로 증가했지만, 이는 하락장에서의 투매 물량일 가능성도 배제할 수 없어 추가 하락 가능성에 무게를 둡니다.""]",5.944986690328305,-18.98846495119787
247540,에코프로비엠,2025-04-01,91300,,4.74,,9362372533800.0,Sell,75,"[""현재가 91,300원은 52주 최저가 95,700원에 근접하여 하락 압력이 존재합니다."", ""최근 1개월 수익률이 -19.58%로 하락세를 보이고 있으며, 거래량 변화율 또한 -35.48%로 감소하여 투자 심리가 위축된 것으로 판단됩니다."", ""PER이 '해당없음(적자)'으로 재무적으로 불안정한 상황이며, PBR 4.74배는 높은 편에 속합니다.""]",3.723986856516977,11.171960569550931
247540,에코프로비엠,2025-05-02,100600,,5.17,,10223280353000.0,Neutral,50,"[""PER이 적자 기업으로 산출되지 않아 기업의 수익성 평가가 어렵습니다."", ""PBR이 5.17로 자산 가치 대비 고평가된 측면이 있으나, 52주 최고가 대비 현재 위치가 8.7%로 낮은 편입니다."", ""최근 1개월 수익률은 14.46%로 긍정적이나, 거래량 변화율이 -30.75%로 감소하여 투자 심리가 위축될 가능성도 있습니다.""]",-1.1928429423459244,-4.3737574552683895
247540,에코프로비엠,2025-06-02,91700,,4.4,,8706908626000.0,Neutral,50,"[""현재가 91,700원은 52주 최저가 81,200원 대비 소폭 상승했으나, 52주 최고가 222,000원 대비로는 여전히 큰 폭의 하락세를 보이고 있습니다."", ""최근 1개월 수익률이 -13.09%로 하락 추세가 지속되고 있으며, 거래량 변화율이 1.28%로 크지 않아 뚜렷한 매수세 또는 매도세가 관찰되지 않습니다."", ""PER이 '해당없음(적자)'으로 재무적으로는 불안정한 모습을 보이고 있으며, PBR 4.40은 자산 가치 대비 고평가 가능성을 시사합니다. ROE 정보가 없어 수익성 판단이 어렵습니다.""]",6.324972737186478,15.812431842966193
247540,에코프로비엠,2025-07-01,103200,,5.05,,9978704268000.0,Buy,70,"[""최근 1개월 수익률이 13.33%로 양호한 상승세를 보이고 있으며, 거래량 변화율 또한 27.41%로 증가하는 추세를 나타내고 있습니다."", ""현재 주가는 52주 최저가 대비 약 27% 상승한 수준으로, 52주 최고가 대비로는 아직 하락 여력이 남아있어 추가 상승 가능성을 시사합니다."", ""적자 기업임에도 불구하고 PBR이 5.05로 높은 편이지만, 이는 시장에서 성장성에 대한 기대감이 반영된 것으로 해석될 수 있습니다.""]",-2.3255813953488373,10.852713178294573
247540,에코프로비엠,2025-08-01,108000,,5.31,,10497205568200.0,Neutral,50,"[""현재 PER이 없어 적자 기업임을 나타내며, 이는 투자 위험 요인으로 작용할 수 있습니다."", ""PBR 5.31배는 자산 가치 대비 높은 수준으로, 추가 상승 여력에 대한 부담이 있습니다."", ""52주 최고가 대비 현재 위치가 23.1%로, 단기적으로는 하락 후 반등 가능성이 있으나, 최근 1개월 수익률이 1.04%로 미미하고 거래량 변화율이 마이너스인 점은 상승 동력이 약함을 시사합니다.""]",24.074074074074073,10.833333333333334
247540,에코프로비엠,2025-09-01,119700,,5.93,,11729869036600.0,Buy,70,"[""최근 1개월 수익률이 7.92%로 양호한 흐름을 보이고 있으며, 거래량 변화율도 38.12%로 증가 추세를 나타내고 있습니다."", ""현재 주가는 52주 최고가 대비 약 34.6% 하락한 수준으로, 추가적인 하락보다는 반등 가능성이 존재합니다."", ""적자 기업임에도 불구하고 PBR이 5.93배로 높은 편이지만, 이는 향후 성장 기대감을 반영하는 것으로 해석될 수 있습니다.""]",-1.5037593984962405,-5.597326649958228
247540,에코프로비엠,2025-10-01,116300,,5.57,,11015706868400.0,Neutral,50,"[""현재 PER이 적자 기업으로 산출되지 않아 기업의 수익성 대비 고평가 여부를 판단하기 어렵습니다."", ""PBR이 5.57로 자산 가치 대비 높은 수준이지만, 52주 최고가 대비 현재 위치가 낮아 추가 하락보다는 반등 가능성도 존재합니다."", ""최근 1개월 수익률이 마이너스이고 거래량 변화율도 크게 하락하여 단기적인 매도 압력이 존재하나, 시장 대비 명확한 하락 또는 상승 추세를 판단하기에는 근거가 부족합니다.""]",22.957867583834908,35.85554600171969
247540,에코프로비엠,2025-11-03,161800,,8.16,,16132238566600.0,Buy,70,"[""최근 1개월 동안 43.27%의 높은 수익률을 기록하며 강한 상승 모멘텀을 보여주고 있습니다."", ""거래량 변화율이 280.12%로 매우 높아 투자자들의 관심이 집중되고 있으며, 이는 추가 상승 가능성을 시사합니다."", ""현재가가 52주 최고가 대비 약 11% 하락한 수준으로, 단기 조정 후 재상승을 기대해 볼 수 있습니다.""]",-5.067985166872682,-1.6069221260815822
247540,에코프로비엠,2025-12-01,159200,,7.86,,15545255962600.0,Neutral,50,"[""PER이 해당없음(적자)으로 재무적 안정성이 낮아 투자 매력이 떨어집니다."", ""52주 최고가 대비 현재 위치가 83.6%로 높은 편이지만, 최근 1개월 수익률이 마이너스이고 거래량 변화율이 크게 감소하여 상승 동력이 약합니다."", ""기술적 지표상으로는 하락 추세가 뚜렷하지 않으나, 재무적 불확실성과 최근 시장 흐름을 고려할 때 뚜렷한 상승 또는 하락을 예측하기 어렵습니다.""]",14.384422110552764,-10.992462311557789
196170,알테오젠,2023-01-02,36300,,15.83,,2119940182800.0,Buy,65,"[""알테오젠은 현재 52주 최저가 대비 높은 수준에 위치하며, 52주 최고가 대비로는 아직 상승 여력이 남아있습니다."", ""최근 1개월 수익률이 3.26%로 소폭 상승세를 보이고 있어 단기적인 긍정적 모멘텀이 존재합니다."", ""적자 기업임에도 불구하고 높은 PBR은 시장의 성장 기대감을 반영하는 것으로 해석될 수 있으며, 이는 향후 기술 개발 및 사업 성과에 따라 주가 상승으로 이어질 가능성이 있습니다.""]",-4.40771349862259,14.049586776859504
196170,알테오젠,2023-02-01,41400,,15.21,,2036962726150.0,Neutral,50,"[""현재 PER이 없어 적자 기업으로 재무적 안정성 판단이 어렵습니다."", ""PBR이 15.21로 높은 편이며, 52주 최고가 대비 현재 위치가 26.6%로 하락 추세가 지속될 가능성이 있습니다."", ""최근 1개월 수익률이 마이너스이고 거래량 변화율도 크게 감소하여 단기적인 상승 동력이 부족해 보입니다.""]",1.6908212560386473,-10.869565217391305
196170,알테오젠,2023-03-02,36900,,14.55,,1948631885200.0,Buy,70,"[""알테오젠은 현재 52주 최저가 대비 높은 수준에 위치하고 있으며, 52주 최고가 대비로는 아직 상승 여력이 남아있습니다."", ""최근 1개월 수익률은 소폭 하락했지만, 거래량 변화율이 29.68%로 증가한 것은 투자자들의 관심이 높아지고 있음을 시사합니다."", ""적자 기업임에도 불구하고 높은 PBR은 미래 성장성에 대한 시장의 기대를 반영하며, 이는 기술적 반등 가능성을 높입니다.""]",-3.7940379403794036,7.452574525745257
196170,알테오젠,2023-04-03,46000,,14.42,,2095849953450.0,Buy,75,"[""적자 기업임에도 불구하고 높은 PBR은 미래 성장성에 대한 시장의 기대를 반영하고 있습니다."", ""52주 최고가 대비 현재 위치가 낮아 추가 상승 여력이 존재합니다."", ""최근 1개월 수익률이 긍정적이며, 거래량 변화율이 높아 투자 심리가 개선되고 있음을 시사합니다.""]",10.652173913043478,-8.478260869565217
196170,알테오젠,2023-05-02,42100,,16.04,,2331398862650.0,Buy,75,"[""최근 1개월 수익률이 9.84%로 양호한 흐름을 보이고 있으며, 거래량 변화율이 100.13%로 크게 증가하여 투자 심리가 개선되고 있음을 시사합니다."", ""현재 주가는 52주 최고가 대비 약 33.7% 하락한 수준으로, 기술적으로 반등의 여지가 존재합니다."", ""PER이 적자임에도 불구하고 PBR이 16.04로 높은 것은 성장 기대감이 반영된 것으로 해석될 수 있으며, 향후 실적 개선 시 주가 상승 탄력이 클 수 있습니다.""]",5.225653206650831,23.040380047505938
196170,알테오젠,2023-06-01,51800,,19.44,,2826586910400.0,Buy,75,"[""최근 1개월 수익률이 21.38%로 강한 상승세를 보이고 있어 투자 심리가 긍정적입니다."", ""현재가가 52주 최고가 대비 약 18.6% 하락한 수준으로, 추가 상승 여력이 존재한다고 판단됩니다."", ""적자 기업임에도 불구하고 높은 PBR(19.44)은 미래 성장성에 대한 시장의 기대감을 반영하며, 이는 단기적인 주가 상승 동력으로 작용할 수 있습니다.""]",-11.96911196911197,-16.89189189189189
196170,알테오젠,2023-07-03,41850,,15.85,,2304631941150.0,Neutral,40,"[""알테오젠은 현재 적자 상태로 PER 지표가 없어 기업 가치 평가에 한계가 있습니다."", ""PBR이 15.85로 높은 편이며, 52주 최고가 대비 현재 위치가 40.9%로 하락 추세에 있습니다."", ""최근 1개월 수익률이 -18.47%로 부진하고 거래량 변화율도 감소하여 단기적인 하락 압력이 존재하지만, 기술적 반등 가능성도 배제할 수 없어 방향성 판단이 어렵습니다.""]",-5.4958183990442055,5.256869772998805
196170,알테오젠,2023-08-01,42150,,16.22,,2358165784150.0,Buy,70,"[""알테오젠은 현재 52주 최고가 대비 약 32.7% 하락한 상태로, 기술적으로 반등 가능성이 존재합니다."", ""최근 1개월 수익률이 소폭 상승세를 보이고 있으며, 거래량 변화율 또한 긍정적인 신호를 나타내고 있습니다."", ""PER이 적자기업임에도 불구하고 PBR이 높은 것은 시장에서 성장성에 대한 기대감이 반영된 것으로 해석될 수 있으며, 이는 향후 주가 상승 동력으로 작용할 수 있습니다.""]",12.574139976275209,7.354685646500593
196170,알테오젠,2023-09-01,43050,,16.11,,2342105631250.0,Buy,75,"[""알테오젠은 현재 52주 최고가 대비 약 19% 하락한 수준으로, 기술적으로는 반등 가능성이 열려 있습니다."", ""최근 1개월 수익률이 3.80%로 소폭 상승세를 보이고 있으며, 이는 투자 심리 개선의 신호일 수 있습니다."", ""적자 기업임에도 불구하고 높은 PBR(16.11)은 미래 성장성에 대한 시장의 기대감을 반영하며, 이는 향후 긍정적인 모멘텀으로 작용할 수 있습니다.""]",20.557491289198605,58.6527293844367
196170,알테오젠,2023-10-04,64600,,24.05,,3495759947900.0,Buy,75,"[""최근 1개월 수익률이 42.73%로 매우 강한 상승세를 보이고 있으며, 이는 시장의 긍정적인 관심과 매수세를 시사합니다."", ""거래량 변화율이 607.66%로 급증한 것은 대규모 자금 유입과 함께 주가 상승 모멘텀이 강화되었음을 나타냅니다."", ""현재 주가가 52주 최고가 대비 약 70% 수준에 위치하며, 52주 내에서 상대적으로 높은 위치에 있지만, 최근 강한 상승세를 고려할 때 추가 상승 여력이 있을 것으로 판단됩니다.""]",-4.798761609907121,6.5015479876160995
196170,알테오젠,2023-11-01,68200,,23.12,,3361925340400.0,Neutral,50,"[""알테오젠은 현재 적자 기업으로 PER 지표가 없어 가치 평가에 어려움이 있습니다."", ""PBR이 23.12로 높은 편이며, 52주 최고가 대비 현재 위치가 62.9%로 상승 여력과 하락 위험이 공존합니다."", ""최근 1개월 수익률이 소폭 하락했고 거래량 변화율도 감소하여 단기적인 투자 심리가 위축된 것으로 보입니다.""]",-8.797653958944283,17.302052785923756
196170,알테오젠,2023-12-01,78500,,30.42,,4421895431800.0,Buy,75,"[""현재가 78,500원이 52주 최고가 82,600원에 근접하며 강한 상승 모멘텀을 보여주고 있습니다."", ""최근 1개월 수익률이 21.11%로 단기적으로 긍정적인 흐름을 이어가고 있습니다."", ""PBR이 30.42로 다소 높지만, 적자 기업임에도 불구하고 시가총액이 4.4조원에 달하는 것은 시장의 높은 기대감을 반영하는 것으로 해석될 수 있습니다.""]",-7.388535031847134,12.738853503184714
196170,알테오젠,2024-01-02,90500,,33.69,,4898346634500.0,Buy,75,"[""알테오젠은 현재 52주 최고가에 근접한 수준으로, 강한 상승 모멘텀을 보여주고 있습니다."", ""최근 1개월 수익률이 16.41%로 단기적으로도 긍정적인 흐름을 이어가고 있습니다."", ""적자 기업임에도 불구하고 높은 PBR과 시가총액은 시장의 높은 기대감을 반영하며, 기술적 지표 상 추가 상승 가능성을 시사합니다.""]",7.513812154696133,-14.585635359116022
196170,알테오젠,2024-02-01,76400,,26.29,,3822316390200.0,Neutral,50,"[""PER이 해당없음(적자)으로 재무적 안정성이 낮아 투자 매력이 떨어집니다."", ""PBR이 26.29로 높은 수준이며, 이는 현재 주가가 기업의 장부가치에 비해 고평가되었음을 시사합니다."", ""최근 1개월 수익률이 -21.11%로 하락세를 보이고 있으며, 거래량 변화율도 -25.39%로 감소하여 투자 심리가 위축된 것으로 판단됩니다.""]",13.350785340314136,154.18848167539267
196170,알테오젠,2024-03-04,192200,,61.57,,8950858549600.0,Buy,85,"[""알테오젠은 52주 최고가를 경신하며 강한 상승 모멘텀을 보여주고 있습니다."", ""최근 1개월 수익률이 100%를 넘어서는 등 단기 급등세를 이어가고 있습니다."", ""거래량 변화율 또한 높게 나타나 투자자들의 관심이 집중되고 있음을 시사합니다.""]",0.676378772112383,-11.550468262226847
196170,알테오젠,2024-04-01,170000,,67.46,,9973354950900.0,Buy,75,"[""52주 최고가 대비 현재 위치가 높아 추가 상승 여력이 제한적일 수 있으나, 최근 1개월 수익률이 16%로 강한 상승세를 보이고 있습니다."", ""거래량 변화율이 음수이지만, 이는 단기적인 차익 실현 물량 소화 과정일 수 있으며, 전반적인 시장 관심은 여전히 높은 것으로 판단됩니다."", ""적자 기업임에도 불구하고 높은 PBR은 성장 기대감을 반영하는 것으로, 향후 20거래일 내에도 긍정적인 모멘텀이 이어질 가능성이 있습니다.""]",1.8823529411764703,6.352941176470588
196170,알테오젠,2024-05-02,177200,,65.47,,9678918814400.0,Neutral,50,"[""현재 PER이 없어 적자 기업임을 나타내며, 이는 성장주로서의 잠재력은 있으나 단기적인 재무적 안정성은 낮음을 시사합니다."", ""PBR이 65.47로 매우 높아 기업의 장부가치 대비 시장의 기대감이 높게 반영되어 있음을 알 수 있습니다."", ""52주 최고가 대비 현재 위치가 78.7%로 높은 편이지만, 최근 1개월 수익률이 마이너스이고 거래량 변화율도 감소한 점은 단기적인 매도 압력을 시사할 수 있습니다.""]",-7.223476297968396,31.772009029345373
196170,알테오젠,2024-06-03,233500,,72.06,,10653234757000.0,Buy,75,"[""52주 최고가 대비 현재 위치가 높아 상승 추세가 강하게 유지되고 있음을 시사합니다."", ""최근 1개월 수익률이 12.49%로 양호한 흐름을 보이고 있어 단기적인 상승 모멘텀이 지속될 가능성이 있습니다."", ""PER이 적자임에도 불구하고 PBR이 높고 시가총액이 큰 것은 성장성에 대한 시장의 기대감이 반영된 것으로 해석될 수 있습니다.""]",18.201284796573873,10.706638115631693
196170,알테오젠,2024-07-01,262500,,100.48,,14855641432500.0,Buy,75,"[""최근 1개월 수익률이 54.17%로 매우 강한 상승세를 보여주고 있으며, 52주 최고가 대비 현재 위치가 95.2%로 상승 추세가 지속될 가능성이 높습니다."", ""거래량 변화율이 16.69%로 긍정적인 신호를 보내고 있어 추가적인 상승 동력을 기대할 수 있습니다."", ""적자 기업임에도 불구하고 높은 PBR과 시가총액은 시장의 높은 기대감을 반영하며, 이는 단기적으로 주가 상승에 긍정적인 영향을 줄 수 있습니다.""]",0.0,22.095238095238095
196170,알테오젠,2024-08-01,295000,,115.51,,17077295917000.0,Buy,75,"[""52주 최고가 대비 현재 위치가 99.5%로 매우 근접하여 추가 상승 여력이 남아있다고 판단됩니다."", ""최근 1개월 수익률이 23.40%로 강한 상승세를 보이고 있어 단기적인 모멘텀이 지속될 가능성이 있습니다."", ""거래량 변화율이 음수이지만, 이는 이전 급등 이후 숨 고르기 구간으로 해석될 수 있으며, 여전히 매수세가 유입될 가능성이 있습니다.""]",2.3728813559322033,9.152542372881356
196170,알테오젠,2024-09-02,325500,,116.6,,17237897446000.0,Buy,75,"[""현재가가 52주 최고가를 돌파하며 강한 상승 추세를 이어가고 있습니다."", ""PBR이 높지만, 이는 성장성이 높은 바이오 기업의 특성을 반영하는 것으로 해석될 수 있습니다."", ""최근 1개월 수익률이 소폭 상승세를 보이며 투자 심리가 긍정적으로 유지되고 있습니다.""]",-6.29800307219662,13.36405529953917
196170,알테오젠,2024-10-02,356000,,121.67,,17987371248000.0,Neutral,50,"[""PER이 적자기업으로 산출되지 않아 재무적 안정성 판단이 어렵습니다."", ""PBR이 매우 높아 기업 가치 대비 고평가 가능성이 있습니다."", ""52주 최고가에 근접해 있으며, 최근 거래량 감소는 매수세 약화를 시사할 수 있습니다.""]",6.320224719101124,9.410112359550562
196170,알테오젠,2024-11-01,389500,,129.09,,19084815029500.0,Buy,75,"[""알테오젠은 52주 최고가 대비 현재 위치가 88.0%로, 상승 추세가 강하게 유지되고 있습니다."", ""최근 1개월 수익률이 9.02%로 양호한 흐름을 보이고 있어 단기적인 상승 모멘텀이 지속될 가능성이 있습니다."", ""PER이 해당없음(적자)인 점은 부담 요인이지만, PBR이 높고 시가총액이 큰 점은 성장 기대감을 반영하는 것으로 해석될 수 있습니다. 거래량 변화율이 음수이나, 이는 단기적인 조정 후 재상승을 위한 숨고르기일 수 있습니다.""]",14.377406931964057,-22.464698331193837
196170,알테오젠,2024-12-02,325000,,109.35,,16167220586000.0,Buy,75,"[""최근 1개월 수익률은 하락했으나, 거래량 변화율이 247.35%로 크게 증가하며 매수세 유입 가능성을 시사합니다."", ""52주 최고가 대비 현재 위치가 62.0%로, 아직 상승 여력이 남아있다고 판단됩니다."", ""적자 기업임에도 불구하고 높은 PBR과 시가총액은 시장의 높은 기대감을 반영하며, 기술적 반등을 기대해볼 수 있습니다.""]",-2.1538461538461537,-2.0
196170,알테오젠,2025-01-02,318500,,108.63,,16060152900000.0,Buy,70,"[""알테오젠은 현재 52주 최고가 대비 약 28.9% 하락한 상태이며, 52주 최저가 대비로는 높은 수준에 위치하여 상승 여력이 남아있을 수 있습니다."", ""최근 1개월 수익률이 7.14%로 양호한 흐름을 보이고 있으며, 이는 단기적인 매수세가 유입되고 있음을 시사합니다."", ""거래량 변화율이 음수(-35.13%)인 것은 최근 거래량이 감소했음을 의미하지만, 이는 과도한 투매나 급격한 하락세가 진정되고 있음을 나타낼 수도 있으며, 향후 긍정적인 모멘텀 발생 시 상승 가능성을 높입니다.""]",-2.8257456828885403,23.076923076923077
196170,알테오젠,2025-02-03,374000,,127.64,,18870679657500.0,Buy,75,"[""최근 1개월 수익률이 16.92%로 강한 상승세를 보이고 있습니다."", ""52주 최고가 대비 현재 위치가 75.1%로, 여전히 상승 여력이 남아있다고 판단됩니다."", ""거래량 변화율이 감소했으나, 이는 일시적인 조정일 가능성이 있으며 전반적인 상승 추세는 유지될 것으로 예상됩니다.""]",1.06951871657754,10.695187165775401
196170,알테오젠,2025-03-04,414000,,144.84,,21413537200000.0,Buy,75,"[""알테오젠은 52주 최고가 대비 현재 위치가 87.3%로 높은 수준이지만, 최근 1개월 수익률이 7.67%로 긍정적인 흐름을 보이고 있습니다."", ""거래량 변화율이 4.99%로 증가 추세를 나타내며 이는 투자자들의 관심 증가를 시사합니다."", ""적자 기업임에도 불구하고 높은 PBR은 성장 기대감을 반영하며, 향후 20거래일 동안 시장 대비 상승 가능성을 높게 보고 있습니다.""]",-12.80193236714976,-12.439613526570048
196170,알테오젠,2025-04-01,362500,316.98,72.56,22.89,19887822674500.0,Buy,75,"[""ROE가 22.9%로 높아 기업의 수익성이 우수함을 시사합니다."", ""52주 최고가 대비 현재 위치가 74.0%로, 여전히 상승 여력이 남아있다고 판단됩니다."", ""최근 1개월 수익률은 하락했으나, 거래량 변화율이 65.23%로 높게 나타나 향후 상승 전환 가능성을 시사합니다.""]",-4.137931034482759,-3.1724137931034484
196170,알테오젠,2025-05-02,356500,304.18,69.63,22.89,19084815029500.0,Neutral,55,"[""PER이 매우 높아 현재 기업 가치가 고평가된 상태일 가능성이 있습니다."", ""PBR 또한 높아 자산 대비 주가가 높은 편입니다."", ""ROE는 양호하지만, 최근 1개월 수익률이 하락세이고 거래량 변화율도 낮아 단기적인 상승 동력이 약해 보입니다."", ""52주 최고가 대비 현재 위치는 높지만, 시장 대비 상승을 확신하기에는 재무 및 기술적 지표에서 뚜렷한 매수 신호가 부족합니다.""]",-6.03085553997195,3.3660589060308554
196170,알테오젠,2025-06-02,381000,298.63,68.36,22.89,18736845050000.0,Neutral,50,"[""PER이 매우 높아 현재 고평가 상태일 가능성이 있습니다."", ""PBR 또한 높아 기업의 자산 가치 대비 높은 수준으로 거래되고 있습니다."", ""ROE는 양호하지만, 최근 1개월 수익률과 거래량 변화율이 하락세를 보이고 있어 단기적인 하락 압력이 존재합니다."", ""52주 최고가 대비 현재 위치는 높지만, 52주 최저가 대비로는 상당한 상승 여력이 남아있어 방향성 판단이 어렵습니다.""]",7.742782152230972,4.4619422572178475
196170,알테오젠,2025-07-01,392500,317.83,72.75,22.89,19941356517500.0,Buy,75,"[""최근 1개월 수익률이 11.36%로 긍정적인 흐름을 보이고 있으며, 거래량 변화율도 17.93%로 증가 추세에 있어 매수세 유입 가능성을 시사합니다."", ""현재 주가가 52주 최고가 대비 약 12% 하락한 61.7% 수준에 위치하여 추가 상승 여력이 존재한다고 판단됩니다."", ""ROE가 22.9%로 양호한 수준이며, PBR이 높더라도 성장성을 고려할 때 현재 주가 수준은 과도하게 고평가되었다고 단정하기 어렵습니다.""]",7.898089171974522,15.031847133757962
196170,알테오젠,2025-08-01,432000,360.07,82.42,22.89,22591281746000.0,Buy,75,"[""알테오젠은 높은 ROE(22.9%)를 기록하며 견조한 수익성을 보여주고 있습니다."", ""현재 주가는 52주 최고가 대비 약 11.8% 하락한 수준으로, 기술적으로는 반등 가능성이 존재합니다."", ""최근 1개월 수익률이 6.03%로 긍정적인 흐름을 보이고 있으며, 거래량 변화율(16.81%) 또한 증가 추세를 시사합니다.""]",-0.4629629629629629,7.060185185185184
196170,알테오젠,2025-09-01,462500,388.23,88.87,22.89,24357898565000.0,Neutral,50,"[""PER이 매우 높아 밸류에이션 부담이 존재하지만, ROE가 높아 수익성은 양호한 편입니다."", ""52주 최고가 대비 현재 위치가 높아 단기 차익 실현 매물이 출회될 가능성이 있습니다."", ""최근 1개월 수익률이 낮고 거래량 변화율이 마이너스인 점은 상승 모멘텀이 약화되었음을 시사합니다.""]",3.027027027027027,-0.9729729729729729
196170,알테오젠,2025-10-01,471500,390.78,89.45,22.89,24518500094000.0,Neutral,50,"[""알테오젠은 높은 PBR과 PER을 기록하고 있어 밸류에이션 부담이 존재합니다."", ""최근 1개월 수익률이 소폭 하락했지만, 52주 최고가 대비 현재 위치가 높아 추가 상승 여력이 제한적일 수 있습니다."", ""거래량 변화율이 긍정적인 신호를 보이고 있으나, 전반적인 재무 및 기술 지표만으로는 20거래일 내 뚜렷한 방향성을 판단하기 어렵습니다.""]",-8.377518557794273,16.01272534464475
196170,알테오젠,2025-11-03,549000,446.25,102.15,22.89,27998199889000.0,Buy,75,"[""알테오젠은 52주 최고가에 근접하며 강한 상승 추세를 보여주고 있습니다."", ""최근 1개월 수익률이 17.00%로 양호한 성과를 기록하며 투자자들의 관심을 받고 있습니다."", ""PER이 높지만, 이는 성장성이 높은 바이오 기업의 특성을 반영하며, PBR과 ROE 또한 긍정적인 지표를 나타내고 있습니다.""]",-7.103825136612022,-5.100182149362477
196170,알테오젠,2025-12-01,521000,462.46,105.86,22.89,29015342906000.0,Buy,75,"[""알테오젠은 52주 최고가에 근접한 94.0% 위치에 있으며, 최근 1개월 수익률도 10.95%로 긍정적인 흐름을 보이고 있습니다."", ""거래량 변화율이 31.54%로 증가하며 투자자들의 관심이 높아지고 있음을 시사합니다."", ""ROE가 22.9%로 양호한 수준이며, PBR이 높지만 성장성을 반영하는 것으로 해석될 수 있습니다.""]",-12.284069097888676,-12.284069097888676
034020,두산에너빌리티,2023-01-02,15100,13.99,1.11,7.93,9768557476500.0,Neutral,40,"[""최근 1개월 수익률이 마이너스이며 거래량 변화율도 감소하는 등 단기적인 하락 추세가 관찰됩니다."", ""현재 주가는 52주 최저가 대비로는 높은 편이지만, 최고가 대비로는 상당한 하락폭을 기록하고 있어 방향성 판단이 어렵습니다."", ""재무지표 상 PER, PBR, ROE는 양호한 편이나, 현재 주가 흐름과 기술적 지표들이 명확한 상승 또는 하락 신호를 보내고 있지 않아 중립적인 판단이 필요합니다.""]",8.609271523178808,9.933774834437086
034020,두산에너빌리티,2023-02-01,16600,15.17,1.2,7.91,10588475743380.0,Buy,75,"[""현재가 16,600원은 52주 최저가 12,600원 대비 상승 추세에 있으며, 52주 최고가 23,350원 대비로는 아직 상승 여력이 남아있습니다."", ""최근 1개월 수익률 7.34%와 거래량 변화율 14.73%는 긍정적인 수급 개선 신호로 해석될 수 있습니다."", ""PBR 1.20, ROE 7.9%는 현재 주가가 기업 가치 대비 과도하게 고평가되지 않았음을 시사하며, PER 15.2는 업종 평균 대비 비교 가능한 수준으로 판단됩니다.""]",-4.337349397590361,0.7228915662650602
034020,두산에너빌리티,2023-03-02,16720,15.21,1.21,7.96,10620503800680.0,Neutral,40,"[""PER, PBR, ROE 등 재무지표는 시장 평균 대비 특별히 매력적이거나 부정적인 수준은 아닙니다."", ""52주 최고가 대비 현재 위치가 낮지만, 최근 1개월 수익률과 거래량 변화율이 하락세를 나타내고 있어 단기적인 상승 모멘텀이 약합니다."", ""현재 주가 수준은 52주 내 중간 지점 부근에 위치하며, 뚜렷한 상승 또는 하락 추세를 보이지 않아 향후 20거래일 내 방향성 판단이 어렵습니다.""]",6.997607655502393,1.674641148325359
034020,두산에너빌리티,2023-04-03,17280,,1.08,,10927973150760.0,Buy,65,"[""최근 1개월 수익률이 2.03%로 소폭 상승세를 보이고 있으며, 거래량 변화율이 93.09%로 크게 증가하여 투자 심리가 개선되고 있음을 시사합니다."", ""52주 최저가 대비 현재 위치가 44.4%로, 상승 여력이 상대적으로 남아있다고 판단됩니다."", ""PBR 1.08배는 자산 가치 대비 저평가 가능성을 나타내며, 향후 실적 개선 시 주가 상승 동력이 될 수 있습니다.""]",-1.7939814814814814,-9.895833333333332
034020,두산에너빌리티,2023-05-02,15570,,1.02,,10332251284980.0,Neutral,50,"[""PER이 적자 기업으로 산출되지 않아 재무 건전성 판단에 제약이 있습니다."", ""PBR 1.02는 현재 기업 가치가 자산 가치 수준으로 평가되고 있음을 시사합니다."", ""최근 1개월 수익률이 마이너스이고 거래량 변화율이 소폭 상승했으나, 52주 내 현재 위치가 중간보다 낮은 수준으로 기술적 반등 가능성과 추가 하락 가능성이 혼재합니다.""]",-1.5414258188824663,5.5876685934489405
034020,두산에너빌리티,2023-06-01,16440,,1.03,,10377090565200.0,Neutral,40,"[""PER이 적자 기업으로 산출되지 않아 기업의 수익성 판단이 어렵습니다."", ""PBR이 1.03으로 자산 가치 대비 소폭 높은 수준이지만, 52주 내 현재 위치가 35.8%로 최저가 대비 상승했으나 최고가 대비로는 여전히 낮은 편입니다."", ""최근 1개월 수익률이 마이너스이고 거래량 변화율도 크게 감소하여 단기적인 매수세가 약화된 것으로 보입니다.""]",12.165450121654501,10.097323600973237
034020,두산에너빌리티,2023-07-03,17920,,1.15,,11594156742600.0,Buy,75,"[""최근 1개월 수익률이 11.73%로 양호하며, 거래량 변화율이 110.19%로 증가하는 추세를 보여 매수세 유입 가능성이 있습니다."", ""현재가가 52주 최고가 대비 약 20.8% 하락한 수준으로, 기술적 반등 가능성이 존재합니다."", ""PBR이 1.15로 자산 가치 대비 크게 고평가되지 않은 상태이며, 적자 기업임에도 불구하고 시가총액이 11.6조원으로 견조한 시장의 관심을 받고 있습니다.""]",5.189732142857143,-2.34375
034020,두산에너빌리티,2023-08-01,17690,,1.11,,11209820055000.0,Neutral,50,"[""PER이 없어 적자 기업임을 나타내며, 이는 투자에 대한 불확실성을 높입니다."", ""PBR이 1.11로 자산 가치 대비 소폭 높은 수준이지만, ROE가 없어 기업의 수익 창출 능력을 판단하기 어렵습니다."", ""52주 최고가 대비 현재 위치가 절반 수준이며, 최근 1개월 수익률과 거래량 변화율이 하락세를 보여 단기적인 상승 모멘텀이 약합니다.""]",-3.900508762012436,2.996042962125495
034020,두산에너빌리티,2023-09-01,17190,,1.11,,11190603220620.0,Neutral,40,"[""PER이 없어 적자 기업임을 나타내며, 이는 투자에 대한 불확실성을 높입니다."", ""PBR이 1.11로 자산 가치 대비 소폭 높은 수준이지만, ROE가 없어 기업의 수익 창출 능력 판단이 어렵습니다."", ""52주 최고가 대비 현재 위치가 중간 수준이며, 최근 1개월 수익률과 거래량 변화율이 부정적이어서 단기적인 상승 모멘텀이 약합니다.""]",0.17452006980802792,-10.180337405468295
034020,두산에너빌리티,2023-10-04,15530,,1.0,,10101649272420.0,Neutral,40,"[""PER이 없어 적자 기업임을 나타내며, 이는 투자에 부정적인 요소로 작용할 수 있습니다."", ""최근 1개월 수익률이 -11.15%로 하락세를 보이고 있어 단기적인 하락 압력이 존재합니다."", ""거래량 변화율이 11.28%로 긍정적인 신호일 수 있으나, 재무 상태와 최근 수익률을 고려할 때 방향성을 명확히 판단하기 어렵습니다.""]",-6.439150032195751,-9.980682549903412
034020,두산에너빌리티,2023-11-01,13910,,0.86,,8621953025160.0,Neutral,50,"[""PER이 없어 적자 기업임을 나타내며, 이는 투자에 부정적인 요인입니다."", ""PBR이 1 미만이므로 현재 주가가 장부 가치 대비 저평가되어 있다는 신호일 수 있습니다."", ""최근 1개월 수익률이 -17.57%로 크게 하락했으며, 거래량 변화율도 마이너스인 점은 투자 심리가 위축되었음을 시사합니다."", ""52주 최고가 대비 현재 위치가 8.0%로, 하락 가능성과 반등 가능성이 공존하는 구간에 있습니다.""]",1.4378145219266714,13.587347232207044
034020,두산에너빌리티,2023-12-01,15610,,0.97,,9781368699420.0,Neutral,50,"[""PER이 적자 기업으로 산출되지 않아 재무 건전성 판단에 어려움이 있습니다."", ""PBR이 1 미만으로 저평가 가능성이 있으나, ROE가 없어 추가적인 분석이 필요합니다."", ""최근 1개월 수익률은 긍정적이나, 거래량 변화율이 음수이고 52주 최고가 대비 하락폭이 커 단기적인 상승 모멘텀이 약할 수 있습니다.""]",-0.6406149903907752,-0.25624599615631005
034020,두산에너빌리티,2024-01-02,15600,,1.02,,10255383947460.0,Neutral,55,"[""PER이 해당없음(적자)으로 재무적 부담이 존재합니다."", ""PBR이 1.02로 자산가치 대비 큰 부담은 없으나, ROE가 N/A%로 수익성은 확인되지 않습니다."", ""52주 최고가 대비 현재 위치가 44.0%로 하락 여력보다는 상승 여력이 상대적으로 높아 보이지만, 최근 1개월 수익률이 6.24%로 강한 상승 추세라고 보기는 어렵습니다.""]",-2.628205128205128,-1.0256410256410255
034020,두산에너빌리티,2024-02-01,16000,,0.98,,9851830425480.0,Neutral,40,"[""PER이 없어 적자 기업임을 나타내며, 이는 투자 매력도를 낮추는 요인입니다."", ""PBR이 1 미만이므로 현재 주가가 장부가치 대비 저평가되어 있을 가능성이 있습니다."", ""52주 최고가 대비 낮은 위치에 있지만, 최근 1개월 수익률과 거래량 변화율이 부정적이어서 단기 상승 모멘텀이 약합니다.""]",-2.375,-2.3125
034020,두산에너빌리티,2024-03-04,15460,,1.0,,10101649272420.0,Buy,70,"[""최근 1개월 수익률이 4.92%로 긍정적인 흐름을 보이고 있으며, 거래량 변화율도 39.06%로 증가하여 투자 심리가 개선되고 있음을 시사합니다."", ""현재가가 52주 최저가 대비 40.0% 지점에 위치하여 추가 상승 여력이 존재합니다."", ""PBR이 1.00으로 자산 가치 대비 저평가 가능성을 내포하고 있으며, 적자 기업임에도 불구하고 시장의 관심이 회복될 경우 주가 반등을 기대해 볼 수 있습니다.""]",10.155239327296249,8.538163001293661
034020,두산에너빌리티,2024-04-01,16780,198.51,1.02,0.51,11062490991420.0,Buy,75,"[""최근 1개월 수익률이 6.34%로 긍정적인 흐름을 보이고 있으며, 거래량 변화율이 154.92%로 크게 증가하여 투자자들의 관심이 집중되고 있음을 시사합니다."", ""현재 주가가 52주 최고가 대비 약 13% 하락한 수준이지만, 52주 최저가 대비로는 높은 위치에 있어 추가적인 상승 여력이 존재할 가능성이 있습니다."", ""PBR이 1.02로 자산 가치 대비 크게 고평가되지 않은 상태이며, ROE가 낮지만 적자 기업이 아니라는 점에서 향후 실적 개선에 대한 기대감을 가질 수 있습니다.""]",-3.158522050059595,-1.66865315852205
034020,두산에너빌리티,2024-05-02,16550,189.66,0.97,0.51,10569258909000.0,Neutral,50,"[""PER이 매우 높아 현재 기업 가치 대비 고평가 상태로 판단됩니다."", ""PBR이 1 미만으로 기업의 순자산 가치 대비 저평가 가능성을 시사합니다."", ""ROE가 매우 낮아 수익성이 부진한 상황이며, 이는 주가 상승에 부담으로 작용할 수 있습니다."", ""52주 최고가 대비 현재 위치가 절반 이상으로, 상승 여력과 하락 위험이 공존하는 구간입니다."", ""최근 1개월 수익률이 마이너스이고 거래량 변화율도 큰 폭으로 감소하여 투자 심리가 위축된 것으로 보입니다.""]",6.948640483383686,16.012084592145015
034020,두산에너빌리티,2024-06-03,19200,238.51,1.23,0.52,13291643779500.0,Buy,75,"[""현재가 19,200원은 52주 최고가 21,800원에 근접하며 상승 추세가 이어지고 있음을 시사합니다."", ""최근 1개월 수익률 23.51%와 거래량 변화율 275.13%는 강한 매수세 유입과 함께 단기적인 상승 모멘텀이 강함을 나타냅니다."", ""PBR 1.23은 자산 가치 대비 저평가 가능성을 보여주며, ROE 0.5%는 개선 여지가 있음을 시사하지만 현재의 강한 기술적 지표들이 이를 상쇄할 수 있습니다.""]",4.166666666666666,0.3125
034020,두산에너빌리티,2024-07-01,19330,229.31,1.18,0.51,12779194862700.0,Neutral,40,"[""PER이 매우 높아 현재 기업 가치가 고평가되었을 가능성이 있습니다."", ""ROE가 낮아 수익성이 부진한 모습을 보이고 있습니다."", ""최근 1개월 수익률이 마이너스이고 거래량 변화율도 감소하여 단기적인 하락 압력이 존재합니다.""]",15.106052767718573,-3.983445421624418
034020,두산에너빌리티,2024-08-01,17690,215.06,1.11,0.52,11984899041660.0,Neutral,50,"[""PER이 매우 높아 현재 기업 가치 대비 고평가된 측면이 있습니다."", ""PBR과 ROE는 시장 평균 대비 특별히 매력적인 수준은 아닙니다."", ""52주 최고가 대비 현재 위치는 중간 정도이며, 최근 1개월 수익률은 하락세를 보이고 있으나 거래량 변화율은 긍정적인 신호를 주고 있어 방향성 판단이 어렵습니다.""]",0.0,1.1305822498586773
034020,두산에너빌리티,2024-09-02,17650,205.63,1.06,0.52,11459638901940.0,Neutral,50,"[""PER이 매우 높아 현재 기업 가치 대비 고평가 상태로 해석될 수 있습니다."", ""PBR이 1.06으로 자산 가치 대비 큰 변동은 없으나, ROE가 0.5%로 매우 낮아 수익 창출 능력이 미흡합니다."", ""최근 1개월 수익률이 마이너스이고 거래량 변화율이 크게 감소한 점은 투자 심리 위축을 시사하며, 52주 최고가 대비 현재 위치가 중간에 있어 명확한 추세 판단이 어렵습니다.""]",-6.175637393767705,4.079320113314448
034020,두산에너빌리티,2024-10-02,17410,198.97,1.02,0.51,11088113437260.0,Neutral,40,"[""PER이 매우 높아 현재 기업 가치 대비 고평가 상태일 가능성이 있습니다."", ""ROE가 0.5%로 매우 낮아 수익성이 저조한 상황입니다."", ""최근 1개월 수익률이 마이너스이고 거래량 변화율도 감소하여 단기적인 하락 압력이 존재합니다."", ""하지만 PBR이 1.02로 자산 가치 대비 크게 비싸지 않고, 52주 최저가 대비 현재 위치가 44%로 반등 여력도 존재합니다.""]",6.0884549109707065,14.876507754164273
034020,두산에너빌리티,2024-11-01,20000,229.66,1.18,0.51,12798411697080.0,Buy,75,"[""최근 1개월 수익률이 11.56%로 강한 상승세를 보이고 있으며, 거래량 변화율이 188.26%로 급증하여 투자 심리가 긍정적임을 시사합니다."", ""현재가가 52주 최고가 대비 약 10% 하락한 수준으로, 추가 상승 여력이 남아있을 가능성이 있습니다."", ""PBR이 1.18로 자산 가치 대비 크게 고평가되지 않은 상태이며, ROE가 낮지만 적자 기업이 아니라는 점에서 점진적인 펀더멘털 개선 기대감을 가질 수 있습니다.""]",4.5,3.5000000000000004
034020,두산에너빌리티,2024-12-02,21150,237.93,1.22,0.51,13259615722200.0,Neutral,60,"[""PER이 매우 높아 현재 기업 가치가 고평가되었을 가능성이 있습니다."", ""PBR과 ROE 지표는 현재 기업의 자산 가치 대비 수익성이 낮은 편임을 시사합니다."", ""52주 최고가 대비 현재 위치가 높아 추가 상승 여력이 제한적일 수 있으나, 최근 1개월 수익률은 긍정적입니다.""]",-18.77068557919622,-13.947990543735225
034020,두산에너빌리티,2025-01-02,18200,207.59,1.07,0.52,11568534296760.0,Neutral,40,"[""PER이 매우 높아 현재 기업의 수익성 대비 고평가된 측면이 있습니다."", ""PBR은 1배수 수준으로 자산 가치 대비로는 부담이 크지 않으나, 낮은 ROE는 수익 창출 능력이 미흡함을 시사합니다."", ""최근 1개월 수익률이 마이너스이고 거래량 변화율도 감소하는 등 단기적인 하락 추세가 관찰되나, 52주 내 현재 위치가 중간 지점에 있어 명확한 방향성을 판단하기 어렵습니다.""]",9.89010989010989,31.868131868131865
034020,두산에너빌리티,2025-02-03,24400,268.39,1.38,0.51,14957102759100.0,Buy,75,"[""현재가가 52주 최고가에 근접해 있으며, 52주 내 현재 위치가 87%로 매우 높은 수준입니다."", ""최근 1개월 수익률이 30.74%로 단기 상승 추세가 강하게 나타나고 있습니다."", ""거래량 변화율이 29.15%로 긍정적인 수급이 유입되고 있음을 시사합니다.""]",-3.483606557377049,10.245901639344263
034020,두산에너빌리티,2025-03-04,26900,293.1,1.51,0.52,16334309223000.0,Buy,75,"[""52주 최고가 대비 현재 위치가 70% 수준으로 상승 여력이 남아있다고 판단됩니다."", ""최근 1개월 수익률이 6.69%로 긍정적인 흐름을 보이고 있으며, 거래량 변화율도 45.51%로 증가하여 매수세 유입 가능성을 시사합니다."", ""PBR 1.51은 자산 가치 대비 저평가 가능성을 나타내며, PER이 높지만 이는 현재 적자가 아닌 성장주로서의 잠재력을 반영할 수 있습니다.""]",-2.41635687732342,-10.966542750929369
034020,두산에너빌리티,2025-04-01,23950,137.07,1.31,0.96,15277383332100.0,Neutral,40,"[""PER이 매우 높아 현재 기업 가치가 고평가된 것으로 보이며, ROE가 낮은 점은 수익성이 좋지 않음을 시사합니다."", ""52주 최고가 대비 현재 위치가 59.6%로 절반 이상 상승했지만, 최근 1개월 수익률이 마이너스이고 거래량 변화율도 크게 감소하여 투자 심리가 위축된 것으로 보입니다."", ""재무 지표는 긍정적인 요인이 부족하고, 기술 지표는 하락 추세가 나타나고 있어 단기적인 상승 모멘텀을 찾기 어렵습니다.""]",-15.866388308977037,20.876826722338205
034020,두산에너빌리티,2025-05-02,27300,159.2,1.52,0.95,17743543744200.0,Buy,70,"[""최근 1개월 수익률이 15.66%로 강한 상승세를 보이고 있으며, 52주 최고가 대비 현재 위치가 83.3%로 상승 여력이 남아있습니다."", ""PBR 1.52는 자산 가치 대비 크게 고평가되지 않은 수준이며, ROE 0.9%는 다소 낮은 편이나 적자 기업이 아닌 점을 고려할 때 긍정적으로 해석될 수 있습니다."", ""거래량 변화율이 음수(-)로 나타나 단기적인 매물 출회 가능성을 시사하지만, 전반적인 상승 추세와 시장 관심도를 고려할 때 추가 상승 가능성이 높다고 판단됩니다.""]",14.652014652014653,68.13186813186813
034020,두산에너빌리티,2025-06-02,42650,235.34,2.25,0.96,26230978928700.0,Buy,85,"[""52주 최고가 근접 및 52주 내 현재 위치가 94.7%로 강한 상승 추세를 나타내고 있습니다."", ""최근 1개월 수익률이 41.70%로 단기적으로 매우 강한 상승 모멘텀을 보여주고 있습니다."", ""거래량 변화율이 137.83%로 증가하며 투자자들의 관심이 집중되고 있음을 시사합니다.""]",28.01875732708089,45.1348182883939
034020,두산에너빌리티,2025-07-01,61600,359.2,3.43,0.95,40035071625000.0,Buy,75,"[""최근 1개월 수익률이 48.10%로 매우 강한 상승세를 보이고 있으며, 52주 최고가 대비 현재 위치가 87.9%로 상승 추세가 지속될 가능성이 높습니다."", ""거래량 변화율이 12.30%로 긍정적인 흐름을 나타내고 있어 추가적인 상승 동력을 기대할 수 있습니다."", ""PBR 3.43은 다소 높은 편이지만, ROE 0.9%는 개선의 여지가 있어 향후 실적 개선에 대한 기대감이 반영될 수 있습니다.""]",4.545454545454546,3.4090909090909087
034020,두산에너빌리티,2025-08-01,64300,352.87,3.37,0.96,39330454364400.0,Neutral,50,"[""재무지표 측면에서 PER이 매우 높고 ROE가 낮은 점은 현재 기업 가치 대비 수익성이 낮음을 시사합니다."", ""기술지표 측면에서 52주 최고가 대비 현재 위치가 높지만, 최근 1개월 수익률이 마이너스이고 거래량 변화율이 크게 감소한 점은 단기적인 상승 모멘텀이 약화되었음을 나타냅니다."", ""종합적으로 볼 때, 재무적 부담과 단기 기술적 지표의 약세 신호가 혼재되어 있어 20거래일 내 뚜렷한 방향성을 예측하기 어렵습니다.""]",7.931570762052877,-6.065318818040436
034020,두산에너빌리티,2025-09-01,60400,342.53,3.27,0.95,38177444301600.0,Neutral,50,"[""PER이 매우 높아 현재 기업 가치 대비 고평가 상태일 가능성이 있습니다."", ""PBR 3.27은 자산 가치 대비 주가가 높음을 시사하며, ROE 0.9%는 낮은 수익성을 나타냅니다."", ""최근 1개월 수익률이 -9.15%로 하락세를 보이고 있으나, 52주 최고가 대비 현재 위치가 81.5%로 여전히 높은 편이며 거래량 변화율도 크지 않아 단기적인 방향성 판단이 어렵습니다.""]",2.980132450331126,3.80794701986755
034020,두산에너빌리티,2025-10-01,64800,371.26,3.55,0.96,41380250031600.0,Neutral,50,"[""현재가(64,800원)가 52주 최고가(69,400원)에 근접해 있어 추가 상승 여력이 제한적일 수 있습니다."", ""최근 1개월 수익률(6.95%)은 긍정적이나, 거래량 변화율(-28.57%)은 투자 심리 위축 가능성을 시사합니다."", ""PER 지표가 매우 높아(371.3) 현재 주가가 고평가되었을 가능성이 있으며, ROE(1.0%) 역시 낮은 수준으로 재무 건전성 측면에서 강점을 보이지 않습니다.""]",29.166666666666668,22.376543209876544
034020,두산에너빌리티,2025-11-03,89500,514.37,4.92,0.96,57330222567000.0,Buy,75,"[""최근 1개월 수익률이 41.84%로 매우 강한 상승세를 보이고 있으며, 52주 최고가에 근접한 위치(91.3%)는 추가 상승에 대한 기대감을 높입니다."", ""거래량 변화율이 50.47%로 증가한 것은 투자자들의 관심이 높아지고 있음을 시사하며, 이는 매수세 유입으로 이어질 수 있습니다."", ""PER이 높고 ROE가 낮은 것은 현재 기업 가치 대비 수익성이 낮음을 나타내지만, 이는 성장주 특성으로 해석될 수 있으며, 현재 시장의 긍정적인 모멘텀이 이를 상쇄할 가능성이 있습니다.""]",-12.625698324022347,-16.201117318435752
034020,두산에너빌리티,2025-12-01,75000,430.46,4.11,0.95,47978029835400.0,Neutral,50,"[""PER이 매우 높아 현재 기업 가치가 고평가되었을 가능성이 있습니다."", ""ROE가 0.9%로 매우 낮아 수익성이 저조한 상황입니다."", ""최근 1개월 수익률이 -15.56%로 하락세를 보이고 있으며, 거래량 변화율 또한 감소하여 투자 심리가 위축된 것으로 판단됩니다."", ""52주 최고가 대비 현재 위치는 높지만, 최근 하락 추세와 재무 지표의 약점을 고려할 때 단기적인 상승 모멘텀을 기대하기 어렵습니다.""]",2.2666666666666666,0.26666666666666666
005930,삼성전자,2026-03-03,172200,,,,,Buy,75,"[""최근 1개월 동안 22.32%의 높은 수익률을 기록하며 강한 상승 모멘텀을 보여주고 있습니다."", ""현재 주가는 52주 최고가 대비 약 86.1% 수준으로, 여전히 상승 여력이 남아있을 가능성이 있습니다."", ""거래량 변화율이 13.01%로 증가하며 투자자들의 관심이 높아지고 있음을 시사합니다.""]",10.336817653890824,10.104529616724738
000660,SK하이닉스,2026-03-03,849000,,,,,Buy,75,"[""최근 1개월 수익률이 17.38%로 강한 상승세를 보이고 있으며, 52주 최고가 대비 현재 위치가 82.9%로 여전히 상승 여력이 남아있습니다."", ""거래량 변화율이 13.97%로 증가하며 투자자들의 관심이 높아지고 있음을 시사합니다."", ""반도체 업황 회복 기대감과 SK하이닉스의 기술 경쟁력을 고려할 때 단기적인 상승 추세가 이어질 가능성이 높습니다.""]",12.48527679623086,5.1825677267373385
207940,삼성바이오로직스,2026-03-03,1516000,,,,,Neutral,50,"[""현재가 52주 최고가 대비 하락한 위치에 있으나, 최저가 대비로는 상승한 구간으로 추세 전환 여부가 불확실합니다."", ""최근 1개월 수익률이 마이너스이고 거래량 변화율도 감소한 점은 단기적인 매도 압력을 시사합니다."", ""PER, PBR 지표는 높은 편이나, ROE는 상대적으로 낮은 수준으로 밸류에이션 매력도가 높다고 보기 어렵습니다.""]",9.300791556728234,3.6939313984168867
