ticker,name,signal_date,price,signal,confidence,reasons
005930,삼성전자,2023-01-02,55400,Neutral,60,"[""최근 1개월 수익률이 -11.34%로 하락세를 보이고 있으며, 52주 최고가 대비 현재 위치가 10.4%로 낮은 편입니다."", ""하지만 연간 실적은 매출과 영업이익 모두 큰 폭으로 증가했으며, 영업이익률과 순이익도 견조한 수준을 유지하고 있습니다."", ""부채비율이 낮고 영업현금흐름이 양호하여 재무 안정성은 우수하나, 단기적인 시장 심리 위축 가능성과 거시 경제 불확실성이 투자 방향 판단에 어려움을 주고 있습니다.""]"
005930,삼성전자,2023-02-01,63500,Buy,75,"[""최근 1개월 수익률이 11.75%로 양호하며, 거래량 변화율도 47.34%로 높아 투자자들의 관심이 증가하고 있음을 시사합니다."", ""애널리스트 리포트에서 목표주가가 현재가 대비 상승 여력을 보여주고 있으며, '저점 분할 매수' 의견이 제시되는 등 긍정적인 전망이 우세합니다."", ""연간 실적에서 매출과 영업이익이 전년 대비 큰 폭으로 증가했으며, 영업이익률과 영업현금흐름도 견조하여 기업의 펀더멘탈이 양호함을 나타냅니다.""]"
005930,삼성전자,2023-03-02,60500,Buy,75,"[""최근 애널리스트 리포트에서 목표주가가 현재가 대비 상향 조정되는 추세이며, 특히 긍정적인 목표주가 제시가 다수 관찰됩니다."", ""연간 실적에서 매출과 영업이익이 전년 대비 큰 폭으로 증가했으며, 영업이익률 또한 견조한 수준을 유지하고 있습니다."", ""부채비율이 낮고 영업현금흐름이 양호하여 재무 안정성이 뛰어나 투자 매력도를 높입니다.""]"
005930,삼성전자,2023-04-03,63600,Buy,75,"[""최근 애널리스트 리포트에서 목표주가가 현재가 대비 상승 여력을 시사하며 긍정적인 전망이 다수 제시되었습니다."", ""최근 1개월 수익률이 4.30%로 양호한 흐름을 보이고 있으며, 거래량 변화율도 3.55%로 긍정적인 움직임을 나타내고 있습니다."", ""PER 7.8배, PBR 1.04배로 시장 평균 대비 저평가된 구간에 있으며, ROE 13.3%로 양호한 수익성을 보여주고 있습니다.""]"
005930,삼성전자,2023-05-02,65400,Buy,75,"[""최근 1개월 수익률이 2.66%로 양호하며, 거래량 변화율도 18.24%로 증가하는 추세를 보이고 있습니다."", ""애널리스트 리포트에서 제시된 목표주가 평균이 현재가 대비 상당한 상승 여력을 시사하고 있으며, 대부분 긍정적인 전망을 내놓고 있습니다."", ""PER 8.2배는 시장 평균 대비 저평가 가능성을 나타내며, PBR 1.08배는 자산 가치 대비 안정적인 수준임을 보여줍니다. 또한, ROE 13.2%는 양호한 수익성을 보여줍니다.""]"
005930,삼성전자,2023-06-01,72200,Buy,75,"[""최근 1개월 수익률이 8.24%로 양호하며, 52주 최고가에 근접한 위치는 상승 모멘텀을 시사합니다."", ""하반기 DDR5 점유율 회복 예상 및 목표주가 상향 리포트는 긍정적인 전망을 뒷받침합니다."", ""견조한 매출 성장과 낮은 부채비율, 양호한 영업현금흐름은 재무 안정성을 보여줍니다.""]"
005930,삼성전자,2023-07-03,73000,Neutral,60,"[""현재가 52주 최고가와 동일하며 기술적 저항 가능성이 있습니다."", ""최근 1개월 수익률은 긍정적이나 거래량 변화율은 하락세를 시사합니다."", ""애널리스트 리포트에서 목표주가 상향 가능성을 제시했으나, 2분기 실적에 대한 우려도 존재합니다.""]"
005930,삼성전자,2023-08-01,69900,Buy,75,"[""최근 애널리스트 리포트에서 제시된 목표주가 평균이 현재가 대비 상당한 상승 여력을 시사합니다."", ""기술적 지표상 52주 최고가 대비 현재 위치가 높아 단기적인 상승 모멘텀이 약할 수 있으나, 최근 1개월 수익률 하락에도 불구하고 거래량 변화율이 긍정적인 점은 주목할 만합니다."", ""견조한 재무 안정성 지표(낮은 부채비율, 양호한 영업현금흐름)와 함께 연간 실적에서 매출 성장을 기록한 점은 긍정적인 요인입니다.""]"
005930,삼성전자,2023-09-01,71200,Neutral,65,"[""삼성전자의 현재가는 52주 최고가에 근접해 있어 추가 상승 여력이 제한적일 수 있습니다."", ""최근 1개월 수익률은 소폭 상승했으나 거래량 변화율이 감소한 점은 투자 심리 위축 가능성을 시사합니다."", ""매출은 증가했으나 영업이익이 감소한 점은 수익성 개선에 대한 불확실성을 내포하고 있습니다.""]"
005930,삼성전자,2023-10-04,66700,Buy,80,"[""최근 애널리스트 리포트에서 메모리 반도체 업황 회복 및 DRAM 이익 개선에 대한 긍정적인 전망과 함께 목표주가가 현재가 대비 상승 여력을 시사하고 있습니다."", ""최근 1개월 수익률은 소폭 상승했으나, 거래량 변화율이 32.09%로 높게 나타나 투자자들의 관심이 증가하고 있음을 보여줍니다."", ""재무지표상 PER 8.4배, PBR 1.11배는 상대적으로 저평가된 수준으로 볼 수 있으며, ROE 13.2%는 양호한 수익성을 나타냅니다.""]"
005930,삼성전자,2023-11-01,69700,Buy,75,"[""최근 30일간 발표된 애널리스트 리포트에서 일관되게 긍정적인 목표주가(90,000원~95,000원)를 제시하며 메모리 반도체 턴어라운드에 대한 기대감을 나타내고 있습니다."", ""현재가(69,700원)는 52주 최고가(73,400원) 대비 약 5% 하락한 수준으로, 기술적으로는 상승 여력이 남아있다고 판단됩니다."", ""재무적으로 부채비율이 26.4%로 낮고 영업현금흐름이 양호하여 재무 안정성이 뒷받침되고 있습니다.""]"
005930,삼성전자,2023-12-01,72600,Buy,75,"[""최근 애널리스트 리포트에서 긍정적인 목표주가 상향 조정과 함께 On Device AI 모멘텀, 수요 회복 및 메모리 실적 개선 전망이 제시되고 있습니다."", ""현재가는 52주 최고가에 근접한 수준으로, 기술적으로는 상승 추세가 이어질 가능성을 시사합니다."", ""견조한 재무 안정성(낮은 부채비율, 양호한 영업현금흐름)은 불확실한 시장 환경에서도 기업의 방어력을 높여줍니다.""]"
005930,삼성전자,2024-01-02,77000,Buy,75,"[""최근 1개월 수익률이 9.49%로 양호하며, 거래량 변화율도 11.79%로 긍정적인 흐름을 보이고 있습니다."", ""HBM3 고객 확대 본격화라는 긍정적인 애널리스트 리포트가 있으며, 목표주가 90,000원은 현재가 대비 상승 여력을 시사합니다."", ""부채비율 26.4%로 재무 안정성이 우수하며, 영업현금흐름도 양호한 수준입니다.""]"
005930,삼성전자,2024-02-01,75200,Neutral,65,"[""최근 4분기 실적 발표 이후 애널리스트들의 목표주가가 하향 조정되었으나, 여전히 현재가 대비 높은 수준을 유지하고 있어 단기적인 하락 압력과 상승 여력이 혼재되어 있습니다."", ""최근 1개월 수익률이 마이너스를 기록하며 단기적인 약세를 보였으나, 거래량 변화율이 25.71%로 증가하며 투자자들의 관심이 다시 집중될 가능성을 시사합니다."", ""재무 지표상 PER, PBR, ROE 등이 양호한 수준이며, 부채비율이 낮고 영업현금흐름이 긍정적인 점은 장기적인 관점에서 긍정적이나, 단기 20거래일 방향성을 명확히 판단하기에는 불확실성이 존재합니다.""]"
005930,삼성전자,2024-03-04,73700,Buy,75,"[""메모리 반도체 업황 회복에 따른 수익성 개선 기대감이 지속되고 있으며, 애널리스트 리포트에서도 긍정적인 전망과 함께 목표주가가 현재가 대비 상승 여력을 시사하고 있습니다."", ""PER 9.3배, PBR 1.23배는 과거 삼성전자 밸류에이션 수준을 고려할 때 여전히 매력적인 구간으로 판단됩니다."", ""부채비율 26.4%와 양호한 영업현금흐름은 재무 안정성을 뒷받침하며, 이는 주가 하방 경직성을 확보하는 요인으로 작용할 수 있습니다.""]"
005930,삼성전자,2024-04-01,85000,Buy,75,"[""최근 1개월 수익률이 11.72%로 양호하며, 52주 최고가 대비 현재 위치가 98.0%로 상승 추세가 강하게 나타나고 있습니다."", ""최근 애널리스트 리포트에서 메모리 반도체 업황 개선에 대한 긍정적인 전망과 함께 목표주가가 현재가보다 높게 제시되고 있습니다."", ""영업현금흐름이 양호하고 부채비율이 낮아 재무 안정성이 뒷받침되고 있습니다.""]"
005930,삼성전자,2024-05-02,77600,Buy,80,"[""최근 30일간 애널리스트 리포트에서 제시된 목표주가 평균이 현재가 대비 상당한 상승 여력을 시사하며, 전반적으로 긍정적인 전망을 유지하고 있습니다."", ""메모리 반도체 업황 회복에 대한 기대감이 높아지고 있으며, 특히 NAND 부문의 실적 개선 가능성이 언급되고 있어 단기적인 주가 상승 모멘텀으로 작용할 수 있습니다."", ""연간 실적은 전년 대비 감소했으나, 영업현금흐름이 양호하고 부채비율이 낮아 재무 안정성은 우수한 편입니다.""]"
005930,삼성전자,2024-06-03,75300,Neutral,60,"[""최근 1개월 수익률이 마이너스를 기록하고 거래량 변화율도 감소하는 등 단기적인 하락 압력이 존재합니다."", ""하지만 삼성전자는 KOSPI 시장에서 차지하는 비중이 크고, 부채비율이 낮고 영업현금흐름이 양호하여 재무 안정성은 우수합니다."", ""연간 실적은 전년 대비 큰 폭으로 하락했으나, 이는 반도체 업황의 사이클적 특성을 반영한 것으로 향후 업황 회복 가능성을 배제할 수 없습니다.""]"
005930,삼성전자,2024-07-01,81800,Buy,75,"[""최근 1개월 수익률이 11.29%로 양호하며, 52주 최고가 대비 현재 위치가 높아 상승 모멘텀이 유지되고 있습니다."", ""애널리스트 리포트에서 제시된 목표주가들이 현재가 대비 상당한 상승 여력을 시사하고 있으며, AI 모멘텀 확대 및 HBM에서의 성과 기대감이 긍정적으로 작용하고 있습니다."", ""재무 안정성 지표(부채비율 25.4%, 영업현금흐름 양호)가 견고하여 단기적인 시장 변동성에 대한 대응력이 있습니다.""]"
005930,삼성전자,2024-08-01,79600,Buy,85,"[""최근 30일간 애널리스트 리포트에서 일관되게 긍정적인 전망과 높은 목표주가를 제시하고 있습니다."", ""메모리 업사이클에 대한 기대감이 높아지면서 삼성전자의 수익성 개선이 가시화될 것이라는 분석이 지배적입니다."", ""현재가는 52주 최고가 대비 하락한 수준이지만, 기술적 지표상 최근 1개월 수익률과 거래량 변화율이 긍정적인 흐름을 보이고 있습니다.""]"
005930,삼성전자,2024-09-02,72500,Buy,75,"[""최근 1개월 수익률이 -10.47%로 하락했으나, 애널리스트 리포트에서 과도한 주가 급락으로 매수 기회로 판단하고 목표주가를 제시했습니다."", ""부채비율이 25.4%로 낮고 영업현금흐름이 양호하여 재무 안정성이 우수합니다."", ""현재가는 52주 최고가 대비 약 17.5% 하락한 수준으로, 기술적으로 반등 가능성이 있습니다.""]"
005930,삼성전자,2024-10-02,60600,Buy,75,"[""최근 1개월 수익률이 -19.76%로 크게 하락했으나, 52주 최저가에 근접한 현재가(60,600원)는 기술적 반등 가능성을 시사합니다."", ""애널리스트 리포트에서 목표주가가 현재가 대비 상당한 상승 여력을 보여주며, 악재 감안에도 과도한 하락이라는 의견이 다수 존재합니다."", ""최근 거래량 변화율이 45.60%로 높게 나타나 투자자들의 관심이 증가하고 있으며, 이는 향후 주가 상승 동력으로 작용할 수 있습니다.""]"
005930,삼성전자,2024-11-01,58700,Neutral,60,"[""최근 1개월 수익률이 마이너스(-)를 기록하며 단기적인 하락세를 보이고 있습니다."", ""애널리스트 리포트에서 HBM3E 8단 인증 성공 여부가 향후 주가에 중요한 영향을 미칠 것으로 언급되었으나, 아직 불확실성이 존재합니다."", ""연간 실적에서 매출과 영업이익이 전년 대비 큰 폭으로 감소했으며, 영업이익률도 낮은 수준을 기록하여 단기적인 실적 개선에 대한 의문이 있습니다.""]"
005930,삼성전자,2024-12-02,53600,Neutral,65,"[""최근 1개월 수익률이 -8.06%로 하락세를 보이고 있으며, 연간 실적 또한 매출 및 영업이익이 크게 감소하여 부정적인 요인으로 작용하고 있습니다."", ""하지만 현재 주가는 52주 최저가에 근접한 수준이며, 애널리스트 리포트에서는 목표주가를 현재가 대비 높게 제시하며 일부 긍정적인 시각도 존재합니다."", ""재무 안정성 지표는 양호한 편이나, 전반적인 시장 상황 및 투자 심리를 고려할 때 향후 20거래일 내 뚜렷한 방향성을 판단하기에는 정보가 불충분합니다.""]"
005930,삼성전자,2025-01-02,54400,Sell,75,"[""최근 애널리스트 리포트에서 목표주가가 하향 조정되고 있으며, 실적 컨센서스 하향 조정 의견이 다수 존재합니다."", ""최근 1개월 수익률이 마이너스를 기록하고 거래량 변화율도 감소하는 등 단기적인 투자 심리가 위축된 모습을 보입니다."", ""연간 실적에서 매출과 영업이익이 전년 대비 큰 폭으로 감소했으며, 영업이익률도 낮은 수준을 기록하고 있습니다.""]"
005930,삼성전자,2025-02-03,52700,Sell,75,"[""최근 30일간 발표된 애널리스트 리포트에서 4분기 실적 예상치 하회 및 부진한 실적에 대한 언급이 다수이며, 목표주가 하향 조정 추세가 나타나고 있습니다."", ""연간 실적에서 매출과 영업이익이 전년 대비 큰 폭으로 감소했으며, 영업이익률 또한 2.5%로 낮은 수준을 기록하고 있습니다."", ""최근 1개월 수익률이 -4.85%로 하락세를 보이고 있으며, 52주 최고가 대비 현재 위치가 매우 낮아 추가 하락 가능성을 시사합니다.""]"
005930,삼성전자,2025-03-04,54000,Neutral,65,"[""최근 애널리스트 리포트에서 HBM 사업 성장에 대한 긍정적인 전망과 함께 분기 실적 저점 통과 가능성이 언급되고 있으나, 전반적인 사업 부진과 목표주가 편차가 커 투자 방향을 명확히 판단하기 어렵습니다."", ""현재가(54,000원)는 52주 최저가(49,900원) 대비 약 8.2% 상승한 수준으로, 52주 최고가(87,800원) 대비로는 여전히 낮은 수준에 머물러 있어 상승 여력과 하락 위험이 공존합니다."", ""연간 실적에서 매출과 영업이익이 전년 대비 큰 폭으로 감소한 점은 부정적인 요인이지만, 부채비율이 낮고 영업현금흐름이 양호하여 재무 안정성은 확보된 상태입니다.""]"
005930,삼성전자,2025-04-01,58800,Buy,75,"[""최근 1개월 수익률이 7.89%로 양호하며, 52주 최고가 대비 현재 위치가 23.5%로 상승 여력이 남아있습니다."", ""애널리스트 리포트에서 긍정적인 전망과 함께 목표주가가 현재가 대비 상승 여력을 시사하고 있습니다."", ""연간 실적에서 매출과 영업이익이 큰 폭으로 증가했으며, 영업이익률 또한 개선되는 등 견조한 재무 성과를 보이고 있습니다.""]"
005930,삼성전자,2025-05-02,54600,Neutral,60,"[""최근 1개월 수익률이 마이너스이고 거래량 변화율도 감소하는 등 단기적인 하락 압력이 존재합니다."", ""애널리스트 리포트에서 제시된 목표주가 범위가 현재가 대비 상승 여력과 하락 가능성을 모두 내포하고 있어 방향성 판단이 어렵습니다."", ""연간 실적은 크게 개선되었으나, 현재가 기준으로 52주 최고가 대비 상당한 하락폭을 기록하고 있어 투자 심리가 혼조세를 보이고 있습니다.""]"
005930,삼성전자,2025-06-02,57800,Buy,75,"[""최근 애널리스트 리포트에서 제시된 목표주가가 현재가 대비 상당한 상승 여력을 시사하고 있습니다."", ""연간 실적에서 매출과 영업이익이 큰 폭으로 증가하며 견조한 펀더멘털 개선을 보여주고 있습니다."", ""부채비율이 낮고 영업현금흐름이 양호하여 재무 안정성이 뛰어나 투자 매력도를 높입니다.""]"
005930,삼성전자,2025-07-01,60800,Buy,75,"[""최근 1개월 수익률이 7.31%로 양호하며, 거래량 변화율도 35.36%로 증가하는 추세입니다."", ""애널리스트들의 목표주가가 현재가 대비 상승 여력을 시사하고 있으며, 하반기 실적 개선에 대한 기대감이 존재합니다."", ""연간 실적에서 매출과 영업이익이 큰 폭으로 증가했으며, 영업이익률 개선 및 높은 영업현금흐름은 재무 건전성을 보여줍니다.""]"
005930,삼성전자,2025-08-01,69700,Buy,75,"[""최근 애널리스트 리포트에서 목표주가가 현재가 대비 상승 여력을 시사하며, 'Top Pick' 의견 유지 등 긍정적인 전망이 다수 제시되었습니다."", ""최근 1개월 수익률이 7.99%로 양호하며, 거래량 변화율도 9.72%로 긍정적인 수급 신호를 보이고 있습니다."", ""연간 실적에서 매출과 영업이익이 전년 대비 큰 폭으로 증가했으며, 영업이익률 개선 및 견조한 영업현금흐름은 재무 건전성을 뒷받침합니다.""]"
005930,삼성전자,2025-09-01,69100,Buy,75,"[""최근 애널리스트 리포트에서 HBM 출하량 급증과 실적 서프라이즈를 예상하며 긍정적인 목표주가(90,000원)를 제시했습니다."", ""연간 실적에서 매출과 영업이익이 전년 대비 큰 폭으로 증가했으며, 영업이익률도 개선되는 등 견조한 성장세를 보이고 있습니다."", ""부채비율이 낮고 영업현금흐름이 양호하여 재무 안정성이 뛰어나 투자 매력도를 높입니다.""]"
005930,삼성전자,2025-10-01,89000,Buy,85,"[""최근 1개월간 24.46%의 높은 수익률과 51.93%의 거래량 변화율은 강한 상승 모멘텀을 시사합니다."", ""최근 30일간 애널리스트 리포트에서 제시된 목표주가들이 현재가 대비 상당한 상승 여력을 보여주고 있으며, 메모리 빅사이클 및 파운드리 회복 등 긍정적인 전망이 지배적입니다."", ""전년 대비 매출 및 영업이익이 크게 증가했으며, 특히 영업이익률이 10.9%로 개선된 점은 실적 개선에 대한 기대감을 높입니다.""]"
005930,삼성전자,2025-11-03,104900,Buy,85,"[""최근 1개월 수익률이 33.37%로 매우 높으며, 52주 최고가에 근접한 강한 상승 추세를 보이고 있습니다."", ""애널리스트 리포트에서 일관되게 긍정적인 전망과 함께 목표주가를 상향 제시하고 있으며, 특히 반도체 부문의 실적 개선 기대감이 높습니다."", ""연간 실적에서 매출과 영업이익이 큰 폭으로 증가했으며, 영업이익률 및 영업현금흐름 또한 견조한 모습을 보여 재무 건전성이 우수합니다.""]"
005930,삼성전자,2025-12-01,103400,Buy,85,"[""최근 1개월 수익률 하락에도 불구하고, 애널리스트들의 긍정적인 목표주가 상향 리포트들이 다수 존재합니다."", ""연간 실적에서 매출과 영업이익이 큰 폭으로 증가했으며, 영업이익률 개선 및 견조한 영업현금흐름은 긍정적인 신호입니다."", ""부채비율이 낮아 재무 안정성이 우수하며, 52주 최고가 대비 현재 위치가 높아 추가 상승 여력이 있습니다.""]"
000660,SK하이닉스,2023-01-02,75600,Buy,75,"[""SK하이닉스는 전년 대비 매출 및 영업이익이 크게 증가하며 견조한 실적 성장세를 보이고 있습니다."", ""PER 5.4배, PBR 0.87배는 현재 주가가 기업 가치 대비 저평가되었을 가능성을 시사합니다."", ""최근 1개월 수익률이 마이너스이나, 52주 최저가 대비 현재 위치가 1.2%로 바닥권에서 반등 가능성을 기대해 볼 수 있습니다.""]"
000660,SK하이닉스,2023-02-01,93400,Buy,75,"[""최근 1개월 수익률이 21.87%로 강한 상승세를 보이고 있으며, 거래량 변화율도 31.44%로 긍정적인 흐름을 나타내고 있습니다."", ""PER 6.5, PBR 1.05로 현재 주가가 기업 가치 대비 저평가된 구간에 있을 가능성이 있으며, ROE 16.1%는 양호한 수익성을 보여줍니다."", ""애널리스트 리포트에서 제시된 목표주가 평균이 현재가 대비 상승 여력을 시사하고 있으며, 비관적인 전망 속에서도 부담되지 않는다는 의견이 있습니다.""]"
000660,SK하이닉스,2023-03-02,87300,Neutral,65,"[""최근 애널리스트 리포트에서 목표주가가 현재가 대비 상승 여력을 시사하지만, 최근 1개월 수익률이 마이너스를 기록하며 단기적인 투자 심리가 위축된 것으로 보입니다."", ""DRAM 수요 및 가격 하락 전망이 단기적인 실적에 부담을 줄 수 있으나, 연간 실적은 전년 대비 큰 폭으로 성장했으며 영업이익률 또한 높은 수준을 유지하고 있습니다."", ""기술적 지표상 52주 최저가 대비 상승했으나 최고가 대비로는 상당한 하락폭을 보이고 있어, 향후 20거래일 내 명확한 방향성을 판단하기에는 정보가 다소 혼재되어 있습니다.""]"
000660,SK하이닉스,2023-04-03,84500,Buy,75,"[""최근 애널리스트 리포트들이 일제히 목표주가를 상향하며 바닥 탈출 및 상승 가능성을 높게 전망하고 있습니다."", ""현재 주가는 52주 최저가 대비 약 14.2% 상승한 수준으로, 추가 상승 여력이 존재합니다."", ""영업이익률이 15.3%로 양호하며, 부채비율이 64.1%로 재무 안정성이 우수합니다.""]"
000660,SK하이닉스,2023-05-02,89800,Buy,75,"[""최근 30일간 애널리스트 리포트에서 일관되게 실적 하향 조정 종료 및 긍정적인 전망과 함께 목표주가가 현재가 대비 상승 여력을 시사하고 있습니다."", ""최근 1개월 수익률이 1.81%로 소폭 상승세를 보이고 있으며, 거래량 변화율이 31.25%로 증가하며 투자 심리가 개선될 가능성을 보여줍니다."", ""연간 실적에서 매출은 소폭 증가했으나 영업이익이 큰 폭으로 감소한 점은 부담 요인이지만, 영업현금흐름이 양호하고 부채비율이 안정적인 수준을 유지하고 있어 재무 건전성은 양호합니다.""]"
000660,SK하이닉스,2023-06-01,110300,Buy,75,"[""최근 1개월 수익률이 23.24%로 강한 상승세를 보이고 있으며, 52주 최고가에 도달하여 추가 상승 여력이 기대됩니다."", ""애널리스트 리포트에서 HBM3 경쟁력에 대한 긍정적인 평가와 함께 목표주가가 현재가 대비 상향 조정되었습니다."", ""부채비율이 64.1%로 낮고 영업현금흐름이 양호하여 재무 안정성이 뒷받침되고 있습니다.""]"
000660,SK하이닉스,2023-07-03,117900,Buy,75,"[""최근 애널리스트 리포트들이 일관되게 긍정적인 전망과 함께 목표주가를 상향하고 있어 단기 상승 모멘텀이 기대됩니다."", ""현재 주가가 52주 최고가에 근접해 있으며, 최근 1개월 수익률도 긍정적인 흐름을 보이고 있습니다."", ""영업이익률이 15.3%로 양호하며, 부채비율이 64.1%로 재무 안정성이 뒷받침되고 있습니다.""]"
000660,SK하이닉스,2023-08-01,119500,Buy,75,"[""최근 5건의 애널리스트 리포트 모두 긍정적인 목표주가를 제시하며 SK하이닉스의 상승 여력을 높게 평가하고 있습니다."", ""현재가(119,500원)는 52주 최고가(128,000원) 대비 약 6.6% 하락한 수준으로, 추가 상승에 대한 기대감이 존재합니다."", ""최근 1개월 수익률이 6.38%로 양호한 흐름을 보이고 있으며, 거래량 변화율도 긍정적인 신호를 보내고 있습니다.""]"
000660,SK하이닉스,2023-09-01,119200,Neutral,60,"[""최근 1개월 수익률이 소폭 상승했으나 거래량 변화율이 감소하여 투자 심리가 위축될 가능성이 있습니다."", ""연간 영업이익이 전년 대비 큰 폭으로 감소한 점은 부정적인 요인으로 작용할 수 있습니다."", ""현재가 52주 최고가 대비 높은 수준에 위치해 있어 추가 상승 여력이 제한적일 수 있습니다.""]"
000660,SK하이닉스,2023-10-04,120200,Buy,75,"[""최근 애널리스트 리포트에서 제시된 목표주가들이 현재가 대비 상당한 상승 여력을 시사하고 있습니다."", ""메모리 반도체 업황 개선 및 고부가 제품 믹스 개선 전망은 SK하이닉스의 실적 개선에 긍정적인 영향을 줄 것으로 예상됩니다."", ""기술적 지표상 52주 최고가 대비 현재 위치가 높지만, 이는 상승 추세의 지속 가능성을 나타낼 수도 있습니다.""]"
000660,SK하이닉스,2023-11-01,125300,Buy,75,"[""최근 애널리스트 리포트에서 HBM 시장 성장 잠재력과 DRAM 흑자 전환에 대한 긍정적인 전망이 다수 제시되었으며, 목표주가 상향 의견이 우세합니다."", ""최근 1개월 수익률이 4.61%로 양호하며, 거래량 변화율이 39.30%로 증가하는 등 투자자들의 관심이 높아지고 있습니다."", ""52주 최고가 대비 현재 위치가 82.4%로 상승 여력이 남아있으며, 재무 안정성 지표(부채비율 64.1%, 영업현금흐름 긍정적) 또한 양호한 편입니다.""]"
000660,SK하이닉스,2023-12-01,131100,Neutral,65,"[""최근 1개월 수익률은 긍정적이나, 거래량 변화율은 감소 추세로 투자 심리 위축 가능성을 시사합니다."", ""애널리스트 리포트에서 목표주가 하향 조정 의견이 존재하여 단기 상승 여력에 대한 불확실성이 있습니다."", ""PER, PBR 지표는 다소 높은 수준으로 밸류에이션 부담이 존재하며, ROE는 낮은 수준으로 수익성이 개선될 여지가 필요합니다.""]"
000660,SK하이닉스,2024-01-02,136800,Buy,75,"[""최근 1개월 수익률이 9.20%로 양호하며, 52주 최고가에 근접한 위치는 상승 모멘텀을 시사합니다."", ""최근 애널리스트 리포트들이 긍정적인 전망과 함께 목표주가를 상향 제시하고 있어 투자 심리에 긍정적인 영향을 줄 것으로 예상됩니다."", ""영업이익률이 15.3%로 견조하며, 부채비율이 64.1%로 안정적인 재무 구조를 유지하고 있어 단기적인 시장 변동성에 대한 대응력이 있습니다.""]"
000660,SK하이닉스,2024-02-01,134900,Buy,75,"[""최근 애널리스트 리포트에서 제시된 목표주가 평균이 현재가 대비 상당한 상승 여력을 시사합니다."", ""52주 최고가 대비 현재 위치가 높아 추가 상승에 대한 기대감이 존재합니다."", ""견조한 영업현금흐름과 낮은 부채비율은 재무 안정성을 뒷받침합니다.""]"
000660,SK하이닉스,2024-03-04,165800,Buy,75,"[""SK하이닉스는 최근 1개월 수익률이 21.62%로 강한 상승세를 보이고 있으며, 52주 최고가에 근접한 100% 위치에 있습니다."", ""최근 애널리스트 리포트에서 엔비디아 효과를 반영한 긍정적인 전망과 함께 목표주가 180,000원을 제시하여 추가 상승 여력을 시사합니다."", ""거래량 변화율이 46.11%로 높게 나타나 투자자들의 관심이 집중되고 있으며, 이는 단기적인 상승 모멘텀으로 작용할 수 있습니다.""]"
000660,SK하이닉스,2024-04-01,186300,Buy,75,"[""최근 3건의 애널리스트 리포트 모두 목표주가를 상향 조정하며 긍정적인 전망을 제시하고 있습니다."", ""현재가가 52주 최고가에 근접하며 강한 상승 모멘텀을 보여주고 있습니다."", ""최근 1개월 수익률이 18.76%로 높은 상승세를 기록하고 있습니다.""]"
000660,SK하이닉스,2024-05-02,173200,Buy,85,"[""최근 30일간 애널리스트 리포트에서 모두 긍정적인 전망과 함께 목표주가를 상향 제시하고 있으며, 이는 향후 주가 상승에 대한 기대감을 높입니다."", ""최근 1개월 수익률은 하락했으나, 52주 최고가 대비 현재 위치가 85.6%로 여전히 높은 수준을 유지하고 있어 추가 상승 여력이 존재합니다."", ""연간 실적은 적자를 기록했으나, 영업현금흐름이 긍정적이며 부채비율이 안정적인 수준으로 재무 건전성은 양호한 편입니다.""]"
000660,SK하이닉스,2024-06-03,193300,Buy,75,"[""최근 1개월 수익률이 11.48%로 양호한 흐름을 보이고 있으며, 52주 최고가 대비 현재 위치가 92.1%로 상승 여력이 남아있습니다."", ""TSMC와의 패키징 기술협력에 대한 긍정적인 애널리스트 리포트가 목표주가 210,000원을 제시하며 상승 모멘텀을 뒷받침하고 있습니다."", ""연간 실적은 적자를 기록하고 있으나, 영업현금흐름이 긍정적이며 부채비율이 87.5%로 재무 안정성이 비교적 양호한 편입니다.""]"
000660,SK하이닉스,2024-07-01,232000,Buy,75,"[""최근 1개월 수익률이 20.34%로 강한 상승세를 보이고 있으며, 52주 최고가에 근접한 위치는 추가 상승 가능성을 시사합니다."", ""최근 애널리스트 리포트에서 제시된 목표주가들이 현재가 대비 상당한 상승 여력을 보여주고 있습니다."", ""영업이익은 적자 상태이나, 영업현금흐름이 흑자를 기록하고 있으며 부채비율이 87.5%로 재무 안정성이 양호한 편입니다.""]"
000660,SK하이닉스,2024-08-01,173200,Buy,75,"[""최근 애널리스트 리포트에서 낙폭 과대 및 HBM 효과에 대한 긍정적인 전망과 함께 높은 목표주가가 제시되고 있습니다."", ""최근 1개월 수익률은 마이너스이나, 거래량 변화율이 49.75%로 높게 나타나 투자자들의 관심이 증가하고 있음을 시사합니다."", ""현재 주가는 52주 최고가 대비 약 37.3% 하락한 수준으로, 기술적으로 반등 가능성이 존재합니다.""]"
000660,SK하이닉스,2024-09-02,168300,Neutral,60,"[""최근 1개월 수익률이 마이너스(-)를 기록하며 단기적인 하락세를 보이고 있으나, 52주 최고가 대비 현재 위치가 절반 이상으로 상승 여력이 남아있습니다."", ""최근 애널리스트 리포트에서 투자 의견 상향과 목표주가 제시가 있었으나, 연간 실적은 매출과 영업이익 모두 큰 폭의 감소세를 보이며 적자를 기록하고 있어 투자 심리에 부정적인 영향을 줄 수 있습니다."", ""부채비율은 양호한 수준이나, PER이 해당되지 않을 정도로 적자 상태이며 영업현금흐름은 긍정적이나 전반적인 재무 상태와 실적 개선 여부에 대한 불확실성이 존재하여 명확한 매수 또는 매도 신호를 판단하기 어렵습니다.""]"
000660,SK하이닉스,2024-10-02,174100,Neutral,65,"[""최근 1개월 수익률이 마이너스이고 거래량 변화율도 하락세를 보이고 있어 단기적인 하락 압력이 존재합니다."", ""하지만 애널리스트 리포트에서 제시된 목표주가가 현재가 대비 상당한 상승 여력을 시사하고 있으며, HBM 관련 긍정적인 전망이 유지되고 있습니다."", ""연간 실적은 적자를 기록하고 있으나, 영업 현금 흐름은 긍정적이며 부채 비율도 안정적인 수준을 유지하고 있어 재무 건전성은 양호한 편입니다.""]"
000660,SK하이닉스,2024-11-01,194000,Buy,75,"[""최근 애널리스트 리포트에서 목표주가가 현재가 대비 상향 제시되는 등 긍정적인 전망이 우세합니다."", ""HBM 시장에서의 기술 리더십이 지속될 것이라는 분석이 다수 존재하며, 이는 향후 실적 개선에 대한 기대감을 높입니다."", ""최근 1개월 수익률이 4.35%로 양호한 흐름을 보이고 있으며, 52주 최저가 대비 현재 위치가 중간 이상에 있어 추가 상승 여력이 존재합니다.""]"
000660,SK하이닉스,2024-12-02,164900,Buy,75,"[""최근 애널리스트 리포트에서 제시된 목표주가들이 현재가 대비 상당한 상승 여력을 시사하고 있습니다."", ""HBM 등 고부가가치 제품 경쟁력에 대한 긍정적인 전망이 주가 상승 모멘텀으로 작용할 수 있습니다."", ""비록 최근 실적은 부진하나, 체질 개선 의지와 주주 환원 계획 공시는 투자 심리 개선에 기여할 수 있습니다.""]"
000660,SK하이닉스,2025-01-02,181900,Neutral,55,"[""SK하이닉스는 현재 적자 상태이며 PER이 없어 가치 평가가 어렵습니다."", ""최근 1개월 수익률은 긍정적이나 거래량 변화율은 하락세를 보이고 있어 투자 심리가 혼재되어 있습니다."", ""애널리스트 리포트에서 목표주가 상향 가능성을 제시하고 있으나, 전반적인 실적 부진과 시장 불확실성으로 인해 단기적인 방향성을 명확히 판단하기 어렵습니다.""]"
000660,SK하이닉스,2025-02-03,191100,Buy,75,"[""최근 1개월 수익률이 12.23%로 양호하며, 거래량 변화율도 38.34%로 증가하는 추세입니다."", ""애널리스트 리포트에서 모두 긍정적인 전망과 함께 목표주가를 현재가 대비 상향 제시하고 있습니다."", ""AI 시장 성장세에 대한 기대감이 SK하이닉스의 실적 개선 모멘텀으로 작용할 가능성이 높습니다.""]"
000660,SK하이닉스,2025-03-04,193100,Neutral,55,"[""SK하이닉스는 현재 적자 상태이며, 연간 실적 또한 큰 폭의 매출 감소와 영업이익 적자를 기록하고 있어 단기적인 상승 동력이 부족합니다."", ""하지만 PBR 2.48배는 52주 최저가 대비 상당한 상승 여력을 시사하며, 영업현금흐름이 긍정적인 점은 재무 안정성에 대한 긍정적인 신호입니다."", ""최근 1개월 수익률이 마이너스이고 거래량 변화율도 감소한 점은 투자 심리가 위축되었음을 나타내지만, 반도체 업황 회복에 대한 기대감은 여전히 존재하여 명확한 매수 또는 매도 신호를 판단하기 어렵습니다.""]"
000660,SK하이닉스,2025-04-01,197900,Buy,75,"[""최근 애널리스트 리포트에서 긍정적인 전망과 함께 목표주가가 현재가 대비 상승 여력을 시사하고 있습니다."", ""전년 대비 매출 및 영업이익이 크게 증가하며 견조한 실적 성장세를 보여주고 있습니다."", ""부채비율이 낮고 영업현금흐름이 양호하여 재무 안정성이 뒷받침되고 있습니다.""]"
000660,SK하이닉스,2025-05-02,190800,Buy,85,"[""최근 애널리스트 리포트에서 제시된 목표주가 평균이 현재가 대비 상당한 상승 여력을 시사하고 있습니다."", ""연간 실적에서 매출과 영업이익이 전년 대비 큰 폭으로 증가하며 견조한 성장세를 보여주고 있습니다."", ""높은 ROE와 낮은 부채비율은 재무 건전성과 수익성을 뒷받침하며, 이는 향후 주가 상승의 긍정적인 요인으로 작용할 수 있습니다.""]"
000660,SK하이닉스,2025-06-02,217500,Buy,75,"[""최근 1개월 수익률이 14.77%로 강한 상승세를 보이고 있으며, 연간 실적 또한 매출 및 영업이익이 큰 폭으로 증가하는 등 매우 긍정적인 흐름을 나타내고 있습니다."", ""PER 7.2, PBR 2.00, ROE 27.7% 등 재무 지표가 양호하며, 부채비율 62.1%와 영업현금흐름 긍정적인 점은 재무 안정성을 뒷받침합니다."", ""애널리스트 리포트에서 목표주가 280,000원을 제시하며 긍정적인 전망을 내놓고 있어 향후 상승 여력이 충분하다고 판단됩니다.""]"
000660,SK하이닉스,2025-07-01,279000,Buy,85,"[""최근 1개월간 34.67%의 높은 수익률과 50.28%의 거래량 변화율은 강한 매수세를 시사합니다."", ""애널리스트 리포트에서 제시된 목표주가들이 현재가 대비 상당한 상승 여력을 보여주며, '변함없는 Top-Pick'과 같은 긍정적인 의견이 다수입니다."", ""전년 대비 매출 및 영업이익이 각각 102.0%, 403.6% 증가하는 등 폭발적인 실적 성장을 기록했으며, 높은 영업이익률과 안정적인 재무 구조를 유지하고 있습니다.""]"
000660,SK하이닉스,2025-08-01,258000,Buy,75,"[""최근 애널리스트 리포트에서 제시된 목표주가들이 현재가 대비 상당한 상승 여력을 시사하고 있습니다."", ""연간 실적에서 매출과 영업이익이 전년 대비 큰 폭으로 성장하며 견조한 펀더멘털을 보여주고 있습니다."", ""최근 1개월 수익률이 하락했으나, 이는 단기적인 노이즈일 가능성이 있으며 52주 최고가 대비 현재 위치는 여전히 상승 여력이 있음을 나타냅니다.""]"
000660,SK하이닉스,2025-09-01,260500,Buy,75,"[""SK하이닉스의 연간 실적은 매출과 영업이익이 전년 대비 크게 증가하며 매우 견조한 성장세를 보여주고 있습니다."", ""높은 ROE(27.7%)와 양호한 영업현금흐름(+29795885.0조원)은 기업의 수익성과 재무 건전성을 뒷받침합니다."", ""현재 주가는 52주 최고가 대비 약 30% 하락한 수준으로, 단기적인 조정 이후 반등 가능성을 시사합니다.""]"
000660,SK하이닉스,2025-10-01,395500,Buy,85,"[""최근 1개월 수익률이 38.20%로 매우 높으며, 52주 최고가 대비 현재 위치가 99.5%로 상승 추세가 강하게 나타나고 있습니다."", ""애널리스트 리포트에서 제시된 목표주가들이 현재가(395,500원) 대비 상당한 상승 여력을 보여주고 있으며, 긍정적인 전망이 지배적입니다."", ""연간 실적에서 매출과 영업이익이 전년 대비 큰 폭으로 증가했으며, 영업이익률 및 영업현금흐름 또한 우수하여 기업의 펀더멘털이 견고함을 보여줍니다.""]"
000660,SK하이닉스,2025-11-03,586000,Buy,85,"[""최근 1개월간 84.25%의 높은 수익률과 52주 최고가에 근접한 현재 위치는 강한 상승 모멘텀을 시사합니다."", ""애널리스트 리포트에서 제시된 목표주가들이 현재가 대비 상당한 상승 여력을 보여주며 긍정적인 전망을 뒷받침합니다."", ""전년 대비 매출 및 영업이익이 폭발적으로 증가했으며, 높은 영업이익률과 안정적인 부채비율은 견고한 재무 상태를 나타냅니다.""]"
000660,SK하이닉스,2025-12-01,558000,Buy,80,"[""최근 애널리스트 리포트에서 긍정적인 실적 전망과 함께 목표주가가 상향 조정되었습니다."", ""연간 실적에서 매출과 영업이익이 전년 대비 큰 폭으로 증가하며 견조한 성장세를 보여주고 있습니다."", ""52주 최고가 대비 현재 위치가 높아 추가 상승 여력이 존재하며, 거래량 변화율도 긍정적인 신호를 보내고 있습니다.""]"
207940,삼성바이오로직스,2023-01-02,1181810,Neutral,60,"[""최근 1개월 수익률이 마이너스를 기록하며 단기적인 하락 압력이 존재합니다."", ""연간 실적은 매우 긍정적인 성장세를 보이며 장기적인 상승 여력을 시사합니다."", ""현재 주가는 52주 최고가 대비 하락한 위치에 있으나, PBR이 높아 밸류에이션 부담이 존재합니다.""]"
207940,삼성바이오로직스,2023-02-01,1195056,Neutral,65,"[""최근 1개월 수익률이 소폭 하락했으나, 52주 최고가 대비 현재 위치는 중간 수준으로 추가 상승 여력이 존재합니다."", ""연간 실적은 매출과 영업이익 모두 큰 폭으로 성장하며 견조한 재무 상태를 보여주고 있습니다."", ""최근 애널리스트 리포트들의 목표주가가 현재가와 유사하거나 소폭 하향 조정되어 단기적인 강한 상승 모멘텀을 기대하기 어렵습니다.""]"
207940,삼성바이오로직스,2023-03-02,1159734,Neutral,65,"[""삼성바이오로직스의 연간 실적은 매출과 영업이익 모두 큰 폭으로 성장하며 긍정적인 모습을 보이고 있습니다."", ""하지만 현재 PER이 191.0으로 매우 높아 밸류에이션 부담이 존재하며, 최근 1개월 수익률이 마이너스를 기록하고 거래량 변화율도 감소하는 등 단기적인 투자 심리가 위축된 것으로 보입니다."", ""52주 최고가 대비 현재 위치가 13.2%로 상승 여력과 하락 위험이 공존하는 상황에서 향후 20거래일 동안 KOSPI 시장 수익률 대비 초과 상승 또는 하락을 명확히 판단하기에는 정보가 다소 불충분합니다.""]"
207940,삼성바이오로직스,2023-04-03,1159734,Neutral,65,"[""최근 1개월 수익률이 소폭 하락했으나, 52주 최저가 대비 현재 위치가 15.4%로 상승 여력이 존재합니다."", ""연간 실적은 매출 및 영업이익이 큰 폭으로 증가하며 견조한 성장세를 보였으나, PER이 100.1로 높아 밸류에이션 부담이 있습니다."", ""애널리스트 리포트에서 목표주가를 현재가보다 낮게 제시하며 단기적인 상승 모멘텀에 대한 의구심을 나타내고 있습니다.""]"
207940,삼성바이오로직스,2023-05-02,1140601,Neutral,65,"[""최근 애널리스트 리포트에서 제시된 목표주가들이 현재가 대비 하락 가능성을 시사하고 있습니다."", ""최근 1개월 수익률이 마이너스를 기록하며 단기적인 약세 흐름을 보이고 있습니다."", ""하지만 연간 실적의 폭발적인 성장과 견조한 영업이익률, 양호한 영업현금흐름은 장기적인 성장 모멘텀을 뒷받침합니다.""]"
207940,삼성바이오로직스,2023-06-01,1155319,Neutral,60,"[""최근 1개월 수익률이 소폭 상승했으나, 거래량 변화율이 크게 하락하여 투자 심리가 위축되었을 가능성이 있습니다."", ""연간 실적이 매우 큰 폭으로 성장했음에도 불구하고, PER이 101.4로 높아 밸류에이션 부담이 존재합니다."", ""최근 애널리스트 리포트에서 목표주가를 현재가보다 낮게 제시하여 단기적인 하락 가능성을 시사하고 있습니다.""]"
207940,삼성바이오로직스,2023-07-03,1097921,Neutral,65,"[""최근 1개월 수익률이 마이너스(-)를 기록하며 단기적인 하락세를 보이고 있습니다."", ""52주 최고가 대비 현재 위치가 매우 낮아 추가 상승 여력이 있을 수 있으나, 목표주가 하향 리포트가 존재하여 상승 동력이 제한적입니다."", ""연간 실적은 매우 긍정적이나, 현재가와 PER, PBR 지표는 다소 높은 수준으로 밸류에이션 부담이 존재합니다.""]"
207940,삼성바이오로직스,2023-08-01,1161206,Buy,75,"[""최근 1개월 수익률이 7.94%로 양호하며, 거래량 변화율도 45.50%로 높아 투자자들의 관심이 증가하고 있음을 시사합니다."", ""연간 실적에서 매출과 영업이익이 전년 대비 각각 91.4%, 83.1%로 크게 성장했으며, 영업이익률도 32.8%로 높아 견조한 펀더멘털을 보여줍니다."", ""최근 애널리스트 리포트에서 목표주가가 현재가 대비 하락한 경우가 있으나, 대부분 100만원 이상으로 제시되어 단기적인 큰 폭의 하락보다는 상승 여력이 있다고 판단됩니다.""]"
207940,삼성바이오로직스,2023-09-01,1083203,Neutral,65,"[""최근 1개월 수익률이 마이너스이고 거래량 변화율도 크게 하락하여 단기적인 하락 압력이 존재합니다."", ""연간 실적이 매우 큰 폭으로 성장하고 영업이익률도 높아 펀더멘털은 매우 긍정적입니다."", ""두 건의 애널리스트 리포트에서 제시된 목표주가가 현재가보다 낮아 단기적인 상승 여력이 제한적일 수 있습니다.""]"
207940,삼성바이오로직스,2023-10-04,1064071,Neutral,60,"[""연간 실적은 매우 긍정적이나, 현재가 52주 최고가 대비 낮은 위치와 최근 1개월 수익률 하락은 단기적인 하락 압력을 시사합니다."", ""PER, PBR 지표는 다소 높은 편으로 밸류에이션 부담이 존재할 수 있습니다."", ""거래량 변화율이 긍정적인 신호를 보이지만, 전반적인 투자 심리 및 시장 상황을 고려할 때 명확한 방향성을 판단하기 어렵습니다.""]"
207940,삼성바이오로직스,2023-11-01,1047882,Buy,85,"[""최근 애널리스트 리포트에서 목표주가가 현재가 대비 상승 여력을 시사하며, 대부분 긍정적인 전망을 제시하고 있습니다."", ""최근 1개월 수익률이 3.38%로 양호하며, 거래량 변화율이 40.04%로 증가하는 등 투자자들의 관심이 높아지고 있습니다."", ""연간 실적에서 매출과 영업이익이 전년 대비 큰 폭으로 성장했으며, 영업이익률과 영업현금흐름도 견조한 모습을 보이고 있습니다.""]"
207940,삼성바이오로직스,2023-12-01,1047882,Neutral,65,"[""최근 1개월 수익률이 소폭 하락하고 거래량 변화율이 감소하는 등 단기적인 모멘텀 약화 신호가 관찰됩니다."", ""애널리스트들의 목표주가가 현재가와 유사하거나 소폭 낮은 수준으로 제시되어 있어 단기적인 급등 가능성은 제한적입니다."", ""연간 실적은 매우 긍정적이나, PER이 91.5로 높아 밸류에이션 부담이 존재하며 이는 단기적인 주가 상승을 제약할 수 있습니다.""]"
207940,삼성바이오로직스,2024-01-02,1158262,Buy,75,"[""최근 1개월 수익률이 8.23%로 양호하며, 거래량 변화율도 49.84%로 증가 추세를 보이고 있어 투자 심리가 긍정적입니다."", ""연간 실적에서 매출과 영업이익이 전년 대비 각각 91.4%, 83.1%로 크게 성장했으며, 높은 영업이익률(32.8%)을 기록하고 있어 기업의 펀더멘털이 견고합니다."", ""현재 주가가 52주 최고가 대비 약 72.7% 수준에 위치하며, 52주 최저가와의 격차가 크지 않아 추가 상승 여력이 존재합니다.""]"
207940,삼성바이오로직스,2024-02-01,1264228,Sell,75,"[""최근 30일간 애널리스트 리포트에서 제시된 목표주가 평균이 현재가 대비 하락 가능성을 시사하고 있습니다."", ""기술적 지표상 52주 최고가에 근접한 수준으로, 단기 차익 실현 매물이 출회될 가능성이 있습니다."", ""최근 1개월 수익률이 5.34%로 양호했으나, 거래량 변화율이 16.92%로 상승세를 뒷받침하는 강한 모멘텀이 확인되지 않았습니다.""]"
207940,삼성바이오로직스,2024-03-04,1147960,Neutral,65,"[""연간 실적은 매우 긍정적이나, 현재가 기준 PER과 PBR이 높아 밸류에이션 부담이 존재합니다."", ""최근 1개월 수익률이 마이너스이고 거래량 변화율도 감소하여 단기적인 투자 심리가 위축된 것으로 보입니다."", ""52주 최고가 대비 현재 위치가 중간 수준이며, 52주 최저가와의 격차가 크지 않아 추가 상승 및 하락 가능성이 혼재합니다.""]"
207940,삼성바이오로직스,2024-04-01,1200943,Buy,75,"[""삼성바이오로직스는 견조한 매출 및 영업이익 성장세를 보이며, 영업현금흐름 또한 긍정적인 흐름을 유지하고 있습니다."", ""최근 1개월 수익률이 5.43%로 양호한 흐름을 보이고 있으며, 52주 최고가 대비 현재 위치가 76.0%로 상승 여력이 남아있습니다."", ""부채비율이 63.2%로 재무 안정성이 양호한 편이며, 이는 향후 성장 동력 확보에 긍정적인 영향을 줄 수 있습니다.""]"
207940,삼성바이오로직스,2024-05-02,1134714,Neutral,65,"[""최근 1개월 수익률이 마이너스이고 거래량 변화율도 감소하는 등 단기적인 하락 압력이 존재합니다."", ""애널리스트 리포트에서 제시된 목표주가 범위가 현재가 대비 하락 가능성을 시사하고 있습니다."", ""하지만 연간 실적 성장률이 양호하고 재무 안정성이 높으며, CDMO 사업의 성장 잠재력은 여전히 긍정적인 요인으로 작용할 수 있습니다.""]"
207940,삼성바이오로직스,2024-06-03,1108223,Neutral,60,"[""최근 1개월 수익률이 마이너스를 기록하며 단기적인 하락 압력이 존재합니다."", ""PER, PBR 지표가 다소 높은 수준으로 밸류에이션 부담이 있습니다."", ""연간 실적은 견조한 성장세를 보였으나, 목표주가 하향 리포트가 있어 상승 여력에 대한 불확실성이 존재합니다.""]"
207940,삼성바이오로직스,2024-07-01,1192113,Neutral,60,"[""최근 1개월 수익률은 긍정적이나, 52주 최고가 대비 현재 위치가 44.1%로 상승 여력이 제한적일 수 있습니다."", ""PER 92.7배는 다소 높은 수준으로, 향후 실적 성장세가 이를 뒷받침해야 합니다."", ""최근 애널리스트 리포트에서 제시된 목표주가 1,100,000원이 현재가 1,192,113원보다 낮아 단기적인 상승 모멘텀이 약할 수 있습니다.""]"
207940,삼성바이오로직스,2024-08-01,1340759,Neutral,65,"[""최근 1개월 수익률이 14.20%로 양호한 흐름을 보이고 있으며, 52주 최고가에 근접한 위치에 있어 상승 모멘텀이 일부 존재합니다."", ""최근 애널리스트 리포트들이 제시하는 목표주가가 현재가 대비 하락 가능성을 시사하고 있어 단기적인 상승 여력에 대한 의문이 제기됩니다."", ""연간 실적은 견조한 성장세를 보이고 있으나, PER이 113.0으로 높아 밸류에이션 부담이 존재하며 이는 향후 주가 상승을 제한할 수 있는 요인입니다.""]"
207940,삼성바이오로직스,2024-09-02,1414346,Sell,75,"[""최근 애널리스트 리포트에서 제시된 목표주가(115만~120만원)가 현재가(141.4만원) 대비 하락 가능성을 시사하고 있습니다."", ""PER(117.8) 및 PBR(6.69) 지표가 높은 수준으로, 밸류에이션 부담이 존재합니다."", ""최근 1개월 수익률(4.32%)은 긍정적이나, 52주 최고가에 근접한 현재 위치(91.6%)는 추가 상승 여력이 제한적일 수 있습니다.""]"
207940,삼성바이오로직스,2024-10-02,1470272,Neutral,60,"[""최근 1개월 수익률이 마이너스를 기록하고 거래량 변화율도 하락세를 보이며 단기적인 투자 심리가 위축된 것으로 판단됩니다."", ""연간 실적은 견조한 성장세를 보이고 있으나, PER이 119.3으로 높아 밸류에이션 부담이 존재합니다."", ""애널리스트 리포트에서 제시된 목표주가(1,150,000원)가 현재가(1,470,272원)보다 낮아 단기적인 상승 여력이 제한적일 수 있습니다.""]"
207940,삼성바이오로직스,2024-11-01,1496764,Sell,75,"[""최근 30일간 발표된 애널리스트 리포트들의 목표주가가 현재가 대비 하향 조정되었으며, 평균 목표주가 또한 현재가보다 현저히 낮습니다."", ""기술적 지표상 52주 최고가 대비 현재 위치가 76.3%로, 상승 여력보다는 하락 가능성이 상대적으로 높아 보입니다."", ""최근 1개월 수익률은 2.15%로 양호하나, 거래량 변화율이 -23.04%로 감소하는 추세는 투자 심리 위축을 시사할 수 있습니다.""]"
207940,삼성바이오로직스,2024-12-02,1423176,Buy,75,"[""삼성바이오로직스는 견조한 매출 및 영업이익 성장세를 보이며, 영업현금흐름 또한 긍정적인 상황입니다."", ""최근 1개월 수익률은 소폭 하락했으나, 52주 최고가 대비 현재 위치가 69.5%로 여전히 상승 여력이 남아있습니다."", ""거래량 변화율이 15.51%로 증가하는 추세는 투자자들의 관심이 다시 높아지고 있음을 시사합니다.""]"
207940,삼성바이오로직스,2025-01-02,1383439,Neutral,55,"[""삼성바이오로직스는 견조한 연간 실적 성장과 높은 영업이익률을 기록하고 있으나, 현재 PER과 PBR이 높아 밸류에이션 부담이 존재합니다."", ""최근 1개월 수익률이 마이너스를 기록하고 거래량 변화율이 감소한 점은 단기적인 투자 심리 위축을 시사합니다."", ""52주 최고가 대비 현재 위치가 59.4%로 상승 여력과 하락 위험이 공존하며, 향후 20거래일 내 KOSPI 시장 수익률 대비 초과 상승 또는 하락을 명확히 판단하기에는 정보가 불충분합니다.""]"
207940,삼성바이오로직스,2025-02-03,1577710,Sell,75,"[""최근 1개월 수익률이 16.86%로 높고 52주 최고가에 근접한 100.0% 위치에 있어 단기 과열 가능성이 있습니다."", ""애널리스트 리포트의 목표주가가 현재가(1,577,710원) 대비 하향 조정된 평균 1,280,000원 수준으로 제시되어 있어 추가 상승 여력이 제한적입니다."", ""PER 133.7, PBR 7.59로 밸류에이션 부담이 높은 편이며, ROE 5.7%는 높은 밸류에이션을 정당화하기에 다소 낮은 수준입니다.""]"
207940,삼성바이오로직스,2025-03-04,1682203,Buy,75,"[""삼성바이오로직스는 견조한 매출 및 영업이익 성장세를 보이며, 전년 대비 각각 23.1%, 13.2% 증가했습니다."", ""현재 주가는 52주 최고가 대비 약 85.8% 수준으로, 상승 여력이 남아있을 가능성이 있습니다."", ""부채비율이 63.2%로 안정적인 수준이며, 영업현금흐름이 양호하여 재무 건전성이 뒷받침되고 있습니다.""]"
207940,삼성바이오로직스,2025-04-01,1545331,Neutral,60,"[""연간 실적은 견조한 성장세를 보이고 있으나, 현재가 기준 PER이 높아 단기적인 밸류에이션 부담이 존재합니다."", ""최근 1개월 수익률이 마이너스를 기록하고 거래량 변화율도 감소하여 단기적인 투자 심리가 위축된 것으로 보입니다."", ""52주 최고가 대비 현재 위치가 높고, 52주 최저가 대비로는 상승 여력이 있으나 뚜렷한 상승 또는 하락 추세를 판단하기에는 정보가 불충분합니다.""]"
207940,삼성바이오로직스,2025-05-02,1532085,Neutral,60,"[""최근 애널리스트 리포트에서 제시된 목표주가(130만~135만 원)가 현재가(153만 2,085원)보다 낮아 단기 상승 여력이 제한적일 수 있습니다."", ""최근 1개월 수익률이 3.33%로 양호한 흐름을 보이고 있으며, 거래량 변화율도 43.01%로 높아 투자자들의 관심이 지속되고 있습니다."", ""연간 실적은 매출과 영업이익 모두 전년 대비 큰 폭으로 성장하며 견조한 실적을 보여주고 있으나, 높은 PER(104.9)은 밸류에이션 부담으로 작용할 수 있습니다.""]"
207940,삼성바이오로직스,2025-06-02,1521783,Neutral,65,"[""최근 애널리스트 리포트에서 제시된 목표주가가 현재가 대비 하락 가능성을 시사하고 있습니다."", ""최근 1개월 수익률이 마이너스를 기록하며 단기적인 약세 흐름을 보이고 있습니다."", ""연간 실적은 긍정적이나, 높은 PER과 PBR 지표는 현재 주가가 고평가되었을 가능성을 나타냅니다.""]"
207940,삼성바이오로직스,2025-07-01,1484990,Neutral,55,"[""연간 실적은 견조한 성장세를 보이고 있으나, 현재 PER이 높아 단기적인 밸류에이션 부담이 존재합니다."", ""최근 1개월 수익률이 마이너스를 기록하고 거래량 변화율도 감소하여 단기적인 투자 심리가 위축된 것으로 보입니다."", ""52주 최고가 대비 현재 위치가 60.3%로 상승 여력과 하락 위험이 공존하는 구간으로 판단됩니다.""]"
207940,삼성바이오로직스,2025-08-01,1542388,Sell,75,"[""최근 30일간 발표된 5건의 애널리스트 리포트 모두 목표주가가 현재가 대비 하락하여 부정적인 전망을 제시하고 있습니다."", ""최근 1개월 수익률이 -0.96%로 약세를 보이고 있으며, 이는 단기적인 투자 심리 위축을 시사합니다."", ""PER 100배는 높은 밸류에이션 수준으로, 향후 실적 성장세가 둔화될 경우 주가 하락 압력으로 작용할 수 있습니다.""]"
207940,삼성바이오로직스,2025-09-01,1467329,Neutral,60,"[""최근 1개월 수익률이 마이너스이고 거래량 변화율이 크게 감소하여 단기적인 하락 압력이 존재합니다."", ""연간 실적은 견조한 성장세를 보이고 있으며, 영업이익률 및 영업현금흐름이 긍정적이어서 장기적인 성장 잠재력은 여전히 유효합니다."", ""현재 주가는 52주 최고가 대비 하락한 위치에 있으나, PBR 및 PER 지표가 다소 높은 수준으로 밸류에이션 부담이 존재하여 추가 상승 여력이 제한적일 수 있습니다.""]"
207940,삼성바이오로직스,2025-10-01,1484990,Neutral,60,"[""최근 1개월 수익률이 0.80%로 소폭 상승했으나, 52주 최고가 대비 현재 위치가 33.1%로 하락 가능성도 존재합니다."", ""애널리스트 리포트에서 제시된 목표주가 1,300,000원이 현재가 1,484,990원보다 낮아 단기 하락 가능성을 시사합니다."", ""연간 실적은 견조한 성장세를 보이고 재무 안정성 또한 우수하지만, 현재 주가 수준이 고평가 논란의 여지가 있어 투자 방향을 명확히 판단하기 어렵습니다.""]"
207940,삼성바이오로직스,2025-11-03,1797000,Sell,75,"[""최근 1개월 수익률이 22.10%로 높지만, 52주 최고가 대비 현재 위치가 96.5%로 매우 높아 추가 상승 여력이 제한적입니다."", ""최근 30일간 발표된 애널리스트 리포트들의 목표주가가 현재가(1,797,000원)보다 낮게 형성되어 있어 하방 압력이 예상됩니다."", ""PER 118.1, PBR 7.63 등 현재 주가 수준이 재무 지표 대비 고평가된 경향을 보입니다.""]"
207940,삼성바이오로직스,2025-12-01,1654000,Buy,75,"[""최근 애널리스트 리포트에서 긍정적인 목표주가 상향 조정이 이루어졌습니다."", ""연간 실적에서 매출과 영업이익이 전년 대비 큰 폭으로 성장하며 견조한 성장세를 보이고 있습니다."", ""부채비율이 낮고 영업현금흐름이 양호하여 재무 안정성이 우수합니다.""]"
068270,셀트리온,2023-01-02,146272,Neutral,60,"[""최근 1개월 수익률이 마이너스를 기록하며 단기적인 하락 압력이 존재합니다."", ""PER, PBR 지표가 다소 높은 수준으로 밸류에이션 부담이 있습니다."", ""하지만 견조한 영업이익률과 안정적인 재무 구조는 장기적인 관점에서 긍정적인 요인으로 작용할 수 있습니다.""]"
068270,셀트리온,2023-02-01,155840,Neutral,60,"[""최근 1개월 수익률은 긍정적이나, 거래량 변화율은 감소 추세로 투자 심리가 위축될 가능성이 있습니다."", ""PER, PBR 지표는 다소 높은 수준으로 밸류에이션 부담이 존재합니다."", ""애널리스트 리포트에서 목표주가 상향 가능성을 제시하고 있으나, 4분기 실적에 대한 아쉬움도 언급되어 있어 단기적인 상승 동력이 제한적일 수 있습니다.""]"
068270,셀트리온,2023-03-02,138544,Neutral,60,"[""최근 1개월 수익률이 마이너스를 기록하며 단기적인 하락 압력이 존재합니다."", ""PER, PBR 지표는 다소 높은 수준으로 밸류에이션 부담이 있을 수 있습니다."", ""하지만 견조한 영업이익률과 영업현금흐름, 낮은 부채비율은 재무 안정성을 보여주며, 52주 최저가 대비 상승 여력은 존재합니다.""]"
068270,셀트리온,2023-04-03,146272,Buy,75,"[""최근 30일간 애널리스트 리포트에서 제시된 목표주가 평균이 현재가 대비 상당한 상승 여력을 시사합니다."", ""서정진 회장 복귀와 바이오시밀러 사업의 고성장 전망 등 긍정적인 모멘텀이 존재합니다."", ""연간 매출이 전년 대비 20.6% 증가하는 등 외형 성장은 견조하나, 영업이익률 감소는 단기적인 부담 요인이 될 수 있습니다.""]"
068270,셀트리온,2023-05-02,146272,Buy,75,"[""최근 애널리스트 리포트에서 긍정적인 전망과 함께 목표주가가 현재가 대비 높게 제시되고 있습니다."", ""최근 1개월 수익률이 7.08%로 양호하며, 거래량 변화율도 11.80%로 증가 추세를 보이고 있습니다."", ""연간 실적에서 매출이 큰 폭으로 증가했으며, 영업현금흐름이 양호하고 부채비율이 낮아 재무 안정성이 우수합니다.""]"
068270,셀트리온,2023-06-01,159612,Buy,75,"[""최근 애널리스트 리포트에서 제시된 목표주가가 현재가 대비 상당한 상승 여력을 시사하며, 신제품 출시 및 수익성 개선 전망이 긍정적입니다."", ""최근 1개월 수익률이 9.22%로 양호한 흐름을 보이고 있으며, 52주 최고가 대비 현재 위치가 중간 수준으로 추가 상승 가능성이 있습니다."", ""연간 실적에서 매출이 큰 폭으로 성장했으며, 부채비율이 낮고 영업현금흐름이 양호하여 재무 안정성이 뒷받침되고 있습니다.""]"
068270,셀트리온,2023-07-03,137901,Buy,75,"[""최근 1개월 수익률이 마이너스이나, 52주 최저가 대비 현재 위치가 12.9%로 회복 가능성이 존재합니다."", ""애널리스트 리포트에서 목표주가 240,000원을 제시하며 현 주가 대비 상승 여력을 시사하고 있습니다."", ""매출이 전년 대비 20.6% 증가하는 등 외형 성장은 지속되고 있으며, 부채비율이 낮아 재무 안정성이 양호합니다.""]"
068270,셀트리온,2023-08-01,136153,Buy,75,"[""최근 애널리스트 리포트에서 제시된 목표주가가 현재가 대비 상당한 상승 여력을 시사하고 있습니다."", ""연간 실적에서 매출이 큰 폭으로 성장했으며, 영업이익률 또한 28.3%로 높은 수준을 유지하고 있습니다."", ""부채비율이 37.8%로 낮고 영업현금흐름이 양호하여 재무 안정성이 우수합니다."", ""최근 1개월 수익률은 소폭 하락했으나, 거래량 변화율이 26.78%로 증가하며 투자자들의 관심이 재조명될 가능성이 있습니다.""]"
068270,셀트리온,2023-09-01,133852,Buy,75,"[""셀트리온-헬스케어 합병 이슈로 인해 향후 20거래일 내 주가 상승 모멘텀이 기대됩니다."", ""애널리스트들의 목표주가가 현재가 대비 상당한 상승 여력을 시사하고 있습니다."", ""견조한 매출 성장률과 높은 영업이익률, 안정적인 재무 구조는 긍정적인 투자 심리를 뒷받침합니다.""]"
068270,셀트리온,2023-10-04,121250,Neutral,60,"[""최근 1개월 수익률이 마이너스이고 거래량 변화율도 크게 감소하여 단기적인 하락 압력이 존재합니다."", ""하지만 연간 매출이 크게 성장했고 영업이익률도 높은 수준을 유지하고 있으며, 부채비율이 낮아 재무 안정성은 양호합니다."", ""현재가가 52주 최저가에 근접해 있어 추가 하락보다는 반등 가능성도 배제할 수 없으나, 명확한 상승 모멘텀이 부족하여 보합세를 예상합니다.""]"
068270,셀트리온,2023-11-01,137808,Buy,75,"[""최근 애널리스트 리포트에서 합병 성공에 대한 강한 확신과 긍정적인 실적 전망을 제시하며 목표주가를 상향 조정했습니다."", ""최근 1개월 수익률이 9.37%로 양호하며, 거래량 변화율도 43.02%로 높아 투자자들의 관심이 증가하고 있음을 시사합니다."", ""연간 실적에서 매출이 전년 대비 20.6% 증가하는 등 성장세를 보이고 있으며, 부채비율이 37.8%로 낮아 재무 안정성도 우수합니다.""]"
068270,셀트리온,2023-12-01,149584,Buy,75,"[""최근 3건의 애널리스트 리포트 모두 긍정적인 목표주가를 제시하며 향후 상승 여력을 시사하고 있습니다."", ""최근 1개월 수익률이 8.88%로 양호하며, 거래량 변화율도 15.46%로 증가 추세를 보이고 있어 투자 심리가 개선되고 있음을 나타냅니다."", ""매출이 전년 대비 20.6% 증가하는 등 외형 성장을 지속하고 있으며, 부채비율이 37.8%로 낮아 재무 안정성이 우수합니다.""]"
068270,셀트리온,2024-01-02,212969,Buy,75,"[""최근 1개월간 43.17%의 높은 수익률과 97.45%의 거래량 변화율은 강한 매수세를 시사합니다."", ""52주 최고가에 도달한 것은 추가 상승에 대한 기대감을 높이는 기술적 지표입니다."", ""매출이 전년 대비 20.6% 증가하는 등 견조한 성장세를 보이고 있으며, 부채비율이 37.8%로 낮아 재무 안정성이 우수합니다.""]"
068270,셀트리온,2024-02-01,169271,Neutral,55,"[""최근 1개월 수익률이 -22.81%로 하락세를 보이고 있으며, 거래량 변화율 또한 -30.93%로 감소하여 투자 심리가 위축된 것으로 판단됩니다."", ""연간 실적은 매출이 크게 증가했으나 영업이익은 감소하여 수익성 악화에 대한 우려가 존재합니다."", ""기술적 지표상 52주 최고가 대비 현재 위치가 47.0%로 중간 지점에 위치하며, 뚜렷한 상승 또는 하락 추세를 단정하기 어렵습니다.""]"
068270,셀트리온,2024-03-04,161728,Neutral,60,"[""매출은 큰 폭으로 성장했으나 영업이익은 감소하여 실적 성장성에 대한 불확실성이 존재합니다."", ""현재가 52주 최고가 대비 하락한 위치에 있으며 최근 1개월 수익률 및 거래량 변화율이 부정적인 흐름을 보이고 있습니다."", ""PER, PBR 지표는 다소 높은 수준으로 밸류에이션 부담이 존재하나, ROE와 부채비율, 영업현금흐름은 긍정적인 측면을 보여주고 있습니다.""]"
068270,셀트리온,2024-04-01,169087,Buy,75,"[""최근 애널리스트 리포트에서 긍정적인 목표주가 제시와 함께 하반기 신제품 출시 기대감이 반영되고 있습니다."", ""최근 1개월 수익률이 4.67%로 양호한 흐름을 보이고 있으며, 거래량 변화율도 긍정적인 신호를 보내고 있습니다."", ""연간 실적은 매출 감소에도 불구하고 영업이익이 소폭 증가했으며, 높은 영업이익률과 안정적인 재무 구조를 유지하고 있습니다.""]"
068270,셀트리온,2024-05-02,173871,Buy,75,"[""2분기부터 짐펜트라 매출 확인 가능성에 대한 긍정적인 애널리스트 리포트가 목표주가 상향과 함께 제시되었습니다."", ""현재 주가는 52주 최고가 대비 약 18% 하락한 수준으로, 추가 상승 여력이 존재할 수 있습니다."", ""부채비율이 16.3%로 매우 낮고 영업현금흐름이 양호하여 재무 안정성이 뛰어납니다.""]"
068270,셀트리온,2024-06-03,173043,Buy,75,"[""최근 애널리스트 리포트들이 긍정적인 전망과 함께 220,000원 ~ 250,000원의 높은 목표주가를 제시하고 있습니다."", ""연간 실적에서 매출은 소폭 감소했으나 영업이익과 영업이익률이 개선되었으며, 부채비율이 낮고 영업현금흐름이 양호하여 재무 안정성이 뛰어납니다."", ""현재 주가는 52주 최고가 대비 약 18% 하락한 수준으로, 애널리스트들의 목표주가를 고려할 때 상승 여력이 충분하다고 판단됩니다.""]"
068270,셀트리온,2024-07-01,169731,Buy,75,"[""최근 애널리스트 리포트에서 긍정적인 목표주가 상향 조정과 함께 짐펜트라 런칭 성과에 대한 기대감이 반영되고 있습니다."", ""최근 1개월 수익률이 3.84%로 양호하며, 거래량 변화율이 35.28%로 증가하는 등 투자자들의 관심이 높아지고 있습니다."", ""부채비율이 16.3%로 매우 낮고 영업현금흐름이 양호하여 재무 안정성이 뛰어나 향후 실적 개선에 대한 기대감을 높입니다.""]"
068270,셀트리온,2024-08-01,178102,Buy,75,"[""최근 1개월 수익률이 10.01%로 양호하며, 거래량 변화율도 29.96%로 증가 추세를 보이고 있어 투자 심리가 개선되고 있음을 시사합니다."", ""애널리스트 리포트에서 2분기 실적에 대한 긍정적인 전망과 함께 목표주가 270,000원을 제시하며 상승 여력을 시사하고 있습니다."", ""부채비율이 16.3%로 매우 낮고 영업현금흐름이 양호하여 재무 안정성이 뛰어나 투자 위험이 낮습니다.""]"
068270,셀트리온,2024-09-02,181231,Buy,75,"[""최근 애널리스트 리포트에서 짐펜트라의 미국 시장 진출 본격화 및 2분기 실적 호조를 바탕으로 긍정적인 전망과 함께 목표주가가 현재가 대비 높게 제시되고 있습니다."", ""최근 1개월 수익률은 소폭 하락했으나, 거래량 변화율이 17.78%로 증가하며 투자자들의 관심이 재조명되고 있음을 시사합니다."", ""연간 실적에서 매출은 소폭 감소했으나 영업이익률이 29.9%로 높고, 부채비율이 16.3%로 낮아 재무 안정성이 우수하며 영업현금흐름도 양호합니다.""]"
068270,셀트리온,2024-10-02,177275,Neutral,55,"[""최근 1개월 수익률이 마이너스이고 거래량 변화율도 하락세를 보여 단기적인 투자 심리가 위축된 것으로 판단됩니다."", ""연간 실적은 매출 감소에도 불구하고 영업이익이 소폭 증가했으며, 영업이익률과 재무 안정성 지표는 양호한 편입니다."", ""애널리스트 리포트에서 제시된 목표주가 260,000원은 현재가 대비 상승 여력을 시사하지만, 20거래일이라는 단기적인 관점에서는 불확실성이 존재합니다.""]"
068270,셀트리온,2024-11-01,172399,Neutral,60,"[""최근 1개월 수익률이 마이너스를 기록하며 단기적인 하락 압력이 존재합니다."", ""연간 실적은 매출 감소에도 불구하고 영업이익이 소폭 증가하며 안정적인 수익성을 보여주고 있습니다."", ""부채비율이 낮고 영업현금흐름이 양호하여 재무 안정성은 우수하나, 현재가 기준으로 밸류에이션 지표(PER, PBR)가 다소 높은 편입니다.""]"
068270,셀트리온,2024-12-02,171939,Buy,75,"[""최근 애널리스트 리포트에서 제시된 목표주가(240,000원 ~ 260,000원)가 현재가(171,939원) 대비 상당한 상승 여력을 시사하고 있습니다."", ""최근 1개월 수익률이 1.93%로 소폭 상승세를 보이고 있으며, 거래량 변화율도 10.97%로 긍정적인 수급 변화 가능성을 나타냅니다."", ""연간 실적에서 매출은 소폭 감소했으나 영업이익이 소폭 증가하며 이익 개선의 시작을 알리고 있으며, 높은 영업이익률과 안정적인 영업현금흐름은 긍정적인 재무 상태를 보여줍니다.""]"
068270,셀트리온,2025-01-02,174245,Neutral,60,"[""최근 1개월 수익률이 소폭 상승했으나, 52주 최고가 대비 상당한 하락폭을 보이고 있어 상승 모멘텀이 강하지 않습니다."", ""매출은 감소했으나 영업이익은 소폭 증가하며 영업이익률은 높은 수준을 유지하고 있어 재무 건전성은 양호하나, 성장성 둔화 우려가 있습니다."", ""거래량 변화율이 높게 나타나고 있으나, 이는 단기적인 변동성을 시사할 수 있으며 향후 20거래일 내 뚜렷한 방향성을 판단하기에는 정보가 불충분합니다.""]"
068270,셀트리온,2025-02-03,170873,Neutral,60,"[""최근 1개월 수익률이 마이너스를 기록하며 단기적인 하락세를 보이고 있으나, 52주 최저가 대비로는 상당 부분 회복한 상태입니다."", ""매출은 소폭 감소했지만 영업이익은 소폭 증가하며 견조한 영업이익률을 유지하고 있으며, 부채비율이 낮아 재무 안정성은 우수합니다."", ""PER이 다소 높은 편이지만, 바이오 섹터의 특성상 성장성을 고려하면 현재 밸류에이션이 과도하다고 단정하기는 어렵습니다. 다만, 거래량 감소는 투자 심리 위축을 시사할 수 있습니다.""]"
068270,셀트리온,2025-03-04,177905,Buy,75,"[""최근 애널리스트 리포트에서 목표주가가 현재가 대비 상향 조정되었으며, 유럽 및 미국 시장에서의 성장 전망이 긍정적으로 제시되고 있습니다."", ""최근 1개월 수익률이 소폭 상승했으며, 거래량 변화율이 33.39%로 증가하여 투자 심리가 개선될 가능성이 있습니다."", ""부채비율이 16.3%로 매우 낮고 영업현금흐름이 양호하여 재무 안정성이 뛰어나며, 이는 주가 하방 경직성을 확보하는 데 기여할 수 있습니다.""]"
068270,셀트리온,2025-04-01,163457,Neutral,60,"[""매출은 큰 폭으로 증가했으나 영업이익은 감소하여 실적 성장성에 대한 의문이 존재합니다."", ""현재가는 52주 최고가 대비 하락한 위치에 있으며 최근 1개월 수익률과 거래량 변화율이 부정적인 흐름을 보이고 있습니다."", ""PER, PBR 지표는 다소 높은 편이나 부채비율이 낮고 영업현금흐름이 양호하여 재무 안정성은 긍정적입니다.""]"
068270,셀트리온,2025-05-02,154403,Neutral,60,"[""최근 1개월 수익률이 마이너스를 기록하며 단기적인 하락 압력이 존재합니다."", ""애널리스트 리포트에서 목표주가는 현재가 대비 상승 여력을 시사하지만, 1분기 실적에 대한 아쉬움과 하반기 기대감이 혼재되어 있습니다."", ""연간 매출은 크게 증가했으나 영업이익은 감소했으며, PER이 높은 수준으로 밸류에이션 부담이 존재합니다.""]"
068270,셀트리온,2025-06-02,154595,Buy,75,"[""최근 애널리스트 리포트에서 목표주가가 현재가 대비 상향 조정되었으며, 긍정적인 전망이 제시되고 있습니다."", ""연간 실적에서 매출이 전년 대비 큰 폭으로 성장했으며, 영업현금흐름 또한 매우 긍정적인 수준입니다."", ""부채비율이 낮아 재무 안정성이 우수하며, 이는 향후 성장 동력 확보에 긍정적인 영향을 줄 수 있습니다.""]"
068270,셀트리온,2025-07-01,168900,Neutral,60,"[""매출은 큰 폭으로 증가했으나 영업이익은 감소하여 실적 성장성에 대한 불확실성이 존재합니다."", ""현재가는 52주 최고가 대비 하락한 위치에 있으며, 최근 1개월 수익률은 양호하나 거래량 변화율은 감소하여 상승 동력이 약화될 수 있습니다."", ""PER, PBR 지표는 다소 높은 편이나 부채비율이 낮고 영업현금흐름이 양호하여 재무 안정성은 확보된 상태입니다.""]"
068270,셀트리온,2025-08-01,173900,Buy,75,"[""최근 30일간 애널리스트 리포트에서 제시된 목표주가가 현재가 대비 상당한 상승 여력을 시사하며, 전반적으로 긍정적인 전망을 유지하고 있습니다."", ""연간 실적에서 매출이 전년 대비 큰 폭으로 증가했으며, 영업현금흐름 또한 매우 긍정적인 수준을 보여주고 있어 기업의 성장성과 재무 건전성이 양호함을 나타냅니다."", ""부채비율이 19.8%로 매우 낮아 재무 안정성이 뛰어나며, 이는 시장 변동성에 대한 방어력을 높여줍니다.""]"
068270,셀트리온,2025-09-01,171200,Buy,75,"[""최근 애널리스트 리포트에서 일관되게 긍정적인 목표주가 상향 및 투자의견이 제시되고 있습니다."", ""연간 실적에서 매출이 전년 대비 큰 폭으로 성장했으며, 영업현금흐름 또한 매우 긍정적인 수준입니다."", ""부채비율이 19.8%로 매우 낮아 재무 안정성이 우수합니다."", ""현재가는 52주 최고가 대비 약 9% 하락한 수준으로, 기술적으로는 반등 가능성이 있습니다.""]"
068270,셀트리온,2025-10-01,175400,Buy,75,"[""최근 애널리스트 리포트에서 미국 생산기지 확보 및 관세 불확실성 완화로 인한 성장 동력 확보와 실적 기대감이 언급되며 긍정적인 전망을 제시하고 있습니다."", ""연간 실적에서 매출이 전년 대비 63.5% 크게 증가한 점은 긍정적인 신호입니다."", ""부채비율이 19.8%로 낮고 영업현금흐름이 양호하여 재무 안정성이 우수합니다."", ""현재가 175,400원은 52주 최고가 189,050원 대비 하락한 수준으로, 추가 상승 여력이 존재할 수 있습니다.""]"
068270,셀트리온,2025-11-03,176300,Buy,75,"[""최근 1개월 수익률은 소폭 하락했으나, 52주 최고가 대비 현재 위치가 74.7%로 상승 여력이 남아있습니다."", ""연간 매출이 전년 대비 63.5% 크게 성장했으며, 영업현금흐름이 매우 긍정적인 점은 재무 건전성을 시사합니다."", ""애널리스트 리포트에서 실적 성장을 확실시하며 목표주가를 제시한 점은 긍정적인 투자 심리를 유발할 수 있습니다.""]"
068270,셀트리온,2025-12-01,184200,Buy,75,"[""최근 1개월 수익률 5.81%와 81.74%의 거래량 변화율은 긍정적인 모멘텀을 시사합니다."", ""애널리스트 리포트에서 제시된 목표주가 220,000원 ~ 230,000원은 현재가 184,200원 대비 상당한 상승 여력을 보여줍니다."", ""연간 실적에서 매출이 전년 대비 63.5% 크게 증가했으며, 영업현금흐름이 양호한 점은 긍정적입니다.""]"
373220,LG에너지솔루션,2023-01-02,440500,Neutral,60,"[""최근 1개월 수익률이 -23.76%로 크게 하락했으나, 연간 실적은 매출과 영업이익 모두 큰 폭으로 성장하며 긍정적인 모습을 보이고 있습니다."", ""PER과 PBR 지표가 다소 높은 편으로, 현재 주가가 고평가되었을 가능성을 시사합니다."", ""부채비율이 171.8%로 다소 높은 수준이지만, 영업현금흐름은 양호한 편으로 재무 안정성에 대한 판단이 엇갈립니다.""]"
373220,LG에너지솔루션,2023-02-01,533000,Buy,75,"[""최근 1개월 수익률이 19.86%로 강한 상승세를 보이고 있으며, 거래량 변화율도 20.10%로 긍정적인 흐름을 나타내고 있습니다."", ""애널리스트 리포트에서 제시된 목표주가 평균이 현재가 대비 상승 여력을 시사하며, 2023년에도 2차전지 시장을 주도할 것이라는 전망이 지배적입니다."", ""연간 실적에서 매출과 영업이익이 전년 대비 큰 폭으로 성장했으며, 영업현금흐름도 양호하여 기업의 성장성과 수익성이 뒷받침되고 있습니다.""]"
373220,LG에너지솔루션,2023-03-02,538000,Buy,75,"[""최근 애널리스트 리포트에서 제시된 목표주가가 현재가 대비 상당한 상승 여력을 시사하고 있습니다."", ""연간 실적에서 매출과 영업이익이 전년 대비 큰 폭으로 성장하며 견조한 성장세를 보여주고 있습니다."", ""현재 주가가 52주 최고가 대비 하락한 위치에 있어 단기 반등 가능성이 존재합니다.""]"
373220,LG에너지솔루션,2023-04-03,575000,Buy,75,"[""최근 애널리스트 리포트에서 제시된 목표주가들이 현재가 대비 상당한 상승 여력을 시사하고 있습니다."", ""최근 1개월 수익률이 8.92%로 양호하며, 거래량 변화율도 19.57%로 긍정적인 수급 신호를 보여주고 있습니다."", ""연간 실적에서 매출과 영업이익이 전년 대비 큰 폭으로 성장했으며, 영업이익률도 개선되는 추세를 보이고 있습니다.""]"
373220,LG에너지솔루션,2023-05-02,567000,Buy,75,"[""최근 애널리스트 리포트에서 일관되게 긍정적인 전망과 높은 목표주가를 제시하고 있습니다."", ""연간 실적이 매출 및 영업이익에서 큰 폭으로 성장하며 견조한 성장세를 보여주고 있습니다."", ""52주 최고가 대비 현재 위치가 높아 추가 상승 여력이 존재하며, 최근 1개월 수익률도 긍정적입니다.""]"
373220,LG에너지솔루션,2023-06-01,588000,Buy,75,"[""LG에너지솔루션은 2차전지 시장의 글로벌 대장주로서 견조한 성장세를 보이고 있으며, 전년 대비 매출 및 영업이익이 크게 증가했습니다."", ""현재가 52주 최고가 대비 약 15% 하락한 수준으로, 기술적으로는 상승 여력이 남아있다고 판단됩니다."", ""최근 애널리스트 리포트에서 목표주가 상향 조정이 있었으며, 이는 긍정적인 투자 심리를 유발할 수 있습니다.""]"
373220,LG에너지솔루션,2023-07-03,569000,Neutral,65,"[""LG에너지솔루션은 견조한 매출 및 영업이익 성장세를 보이고 있으나, 높은 밸류에이션 지표(PER, PBR)는 부담 요인으로 작용할 수 있습니다."", ""최근 1개월 수익률이 소폭 하락했으나, 52주 최고가 대비 현재 위치는 여전히 높은 수준으로 추가 상승 여력과 하락 위험이 공존합니다."", ""애널리스트 리포트에서 우호적인 업황을 언급하며 목표주가를 제시했지만, AMPC(미국 첨단제조생산세액공제) 관련 불확실성이 상존하여 투자 심리에 영향을 미칠 수 있습니다.""]"
373220,LG에너지솔루션,2023-08-01,544000,Neutral,65,"[""최근 2분기 실적이 컨센서스를 하회하며 단기적인 수익성 훼손 우려가 있으나, 애널리스트 리포트 전반적으로 하반기 개선 전망과 함께 높은 목표주가를 제시하고 있어 긍정적인 시각도 존재합니다."", ""기술적으로는 52주 최고가 대비 현재 위치가 70.9%로 상승 여력이 남아있으나, 최근 1개월 수익률이 마이너스를 기록하며 단기적인 매도 압력이 나타나고 있습니다."", ""연간 실적은 매출과 영업이익이 큰 폭으로 성장했으나, 영업이익률이 4.7%로 다소 낮고 영업현금흐름이 마이너스를 기록하는 등 재무적인 부분에서 일부 우려 요인이 존재합니다.""]"
373220,LG에너지솔루션,2023-09-01,530000,Neutral,60,"[""LG에너지솔루션은 견조한 매출 및 영업이익 성장세를 보이고 있으나, 높은 PER과 PBR은 밸류에이션 부담을 시사합니다."", ""최근 1개월 수익률이 마이너스이고 거래량 변화율이 감소한 점은 단기적인 투자 심리 위축을 나타낼 수 있습니다."", ""애널리스트의 긍정적인 목표주가 제시에도 불구하고, 현재 주가 위치와 재무 안정성 지표(영업현금흐름 마이너스)는 투자 결정에 신중함을 요구합니다.""]"
373220,LG에너지솔루션,2023-10-04,467500,Neutral,60,"[""최근 1개월 수익률이 -17.54%로 하락세를 보이고 있으며, 거래량 변화율 또한 감소하여 단기적인 투자 심리가 위축된 것으로 판단됩니다."", ""애널리스트 리포트에서는 목표주가가 현재가 대비 높게 제시되고 있으나, 3분기 실적에 대한 부정적인 전망도 존재하여 상반된 의견이 혼재하고 있습니다."", ""PER, PBR 등 재무 지표는 다소 높은 수준으로 평가될 수 있으나, 연간 실적은 견조한 성장세를 보여주고 있어 향후 주가 방향성을 명확히 판단하기에는 정보가 불충분합니다.""]"
373220,LG에너지솔루션,2023-11-01,391500,Neutral,65,"[""최근 1개월 수익률이 -20.61%로 크게 하락했으나, 52주 최저가 대비 현재 위치가 0.0%로 바닥권에 근접해 반등 가능성을 시사합니다."", ""애널리스트 리포트에서 제시된 목표주가 범위가 넓고, 최근 리포트들이 전방 수요 약세 및 완성차 전동화 속도 조절 등 부정적인 요인을 언급하고 있어 단기 상승 모멘텀이 제한적일 수 있습니다."", ""연간 실적은 매출과 영업이익이 큰 폭으로 성장했으나, PER이 114.2로 높아 밸류에이션 부담이 존재하며, 영업현금흐름이 마이너스인 점은 투자 불확실성을 높이는 요인입니다.""]"
373220,LG에너지솔루션,2023-12-01,430000,Buy,75,"[""최근 애널리스트 리포트에서 긍정적인 목표주가 상향 및 섹터 반등 포인트로 언급되며 상승 기대감이 높습니다."", ""최근 1개월 수익률이 9.45%로 양호한 흐름을 보이고 있으며, 52주 최고가 대비 현재 위치가 낮아 추가 상승 여력이 있습니다."", ""연간 실적에서 매출과 영업이익이 큰 폭으로 성장하며 견조한 펀더멘털을 보여주고 있습니다.""]"
373220,LG에너지솔루션,2024-01-02,416000,Neutral,55,"[""LG에너지솔루션은 매출 및 영업이익이 전년 대비 크게 성장했으나, PER이 129.9배로 높아 밸류에이션 부담이 존재합니다."", ""최근 1개월 수익률이 -3.92%로 하락세를 보이고 있으며, 거래량 변화율도 -39.69%로 감소하여 투자 심리가 위축된 것으로 판단됩니다."", ""애널리스트 리포트에서 4분기 실적이 예상보다 부진할 수 있다는 전망이 나왔으며, 목표주가 580,000원 대비 현재 주가는 약 28% 낮은 수준으로 상승 여력과 하락 위험이 공존합니다.""]"
373220,LG에너지솔루션,2024-02-01,387500,Buy,75,"[""최근 애널리스트 리포트에서 목표주가가 현재가 대비 상승 여력을 시사하며, 일부 리포트에서는 단기 저점 접근을 권고하고 있습니다."", ""연간 실적이 매출 및 영업이익에서 큰 폭의 성장을 기록하며 긍정적인 실적 모멘텀을 보여주고 있습니다."", ""최근 1개월 수익률은 하락했으나, 거래량 변화율이 긍정적인 점은 투자 심리 회복 가능성을 시사합니다.""]"
373220,LG에너지솔루션,2024-03-04,387500,Neutral,65,"[""LG에너지솔루션은 52주 최저가 대비 12.5% 상승한 위치에 있으며, 최근 1개월 수익률은 6.27%로 긍정적인 흐름을 보이고 있습니다."", ""연간 실적은 매출과 영업이익 모두 큰 폭으로 성장했으나, PER이 120.5로 높아 밸류에이션 부담이 존재합니다."", ""최근 애널리스트 리포트에서 1분기 어려운 업황을 전망하며 목표주가를 제시한 점은 단기적인 상승 모멘텀을 제한할 수 있습니다."", ""영업현금흐름이 마이너스(-)를 기록하고 있어 재무 안정성에 대한 우려가 일부 존재합니다.""]"
373220,LG에너지솔루션,2024-04-01,393000,Neutral,60,"[""LG에너지솔루션은 견조한 연간 실적 성장세를 보였으나, 현재 PER과 PBR은 다소 높은 수준으로 밸류에이션 부담이 존재합니다."", ""최근 1개월 수익률이 소폭 하락하고 거래량 변화율이 감소한 점은 단기적인 투자 심리 위축 가능성을 시사합니다."", ""52주 최저가 대비 현재 위치가 11.3%로 상승 여력과 하락 위험이 공존하는 구간으로 판단됩니다.""]"
373220,LG에너지솔루션,2024-05-02,391000,Neutral,65,"[""최근 애널리스트 리포트에서 제시된 목표주가 평균은 현재가 대비 상승 여력을 시사하지만, '불확실한 수요 환경 지속'과 같은 부정적인 언급도 존재합니다."", ""최근 1개월 수익률이 소폭 하락했으나, 거래량 변화율은 긍정적인 신호를 보이고 있어 단기적인 방향성을 판단하기 어렵습니다."", ""PER, PBR 등 일부 재무 지표는 고평가 논란의 여지가 있으나, 매출 및 영업이익의 높은 성장률과 안정적인 재무 구조는 긍정적인 요소입니다.""]"
373220,LG에너지솔루션,2024-06-03,336500,Neutral,65,"[""최근 1개월 수익률이 -14.65%로 하락세를 보이고 있으나, 52주 최저가 대비 현재 위치가 1.4%로 낮은 수준에 머물러 있어 반등 가능성도 존재합니다."", ""연간 실적은 매출 및 영업이익이 크게 증가하며 긍정적인 모습을 보였으나, PER 62.8배는 다소 높은 수준으로 밸류에이션 부담이 있습니다."", ""애널리스트 리포트에서 목표주가가 현재가 대비 높게 제시되고 있어 상승 여력이 있다고 판단되지만, 하반기 GM 판매량 등 구체적인 실적 개선 모멘텀 확인이 필요합니다.""]"
373220,LG에너지솔루션,2024-07-01,343500,Buy,75,"[""최근 애널리스트 리포트에서 제시된 목표주가들이 현재가 대비 상당한 상승 여력을 시사하고 있습니다."", ""최근 1개월 수익률이 긍정적이며, 거래량 변화율도 증가 추세를 보여 투자 심리가 개선되고 있음을 나타냅니다."", ""연간 실적에서 매출과 영업이익이 전년 대비 큰 폭으로 성장했으며, 영업이익률도 개선되는 추세를 보입니다.""]"
373220,LG에너지솔루션,2024-08-01,336000,Sell,75,"[""최근 30일간 애널리스트 리포트에서 제시된 목표주가가 현재가 대비 하락 가능성을 시사하고 있으며, 전반적으로 눈높이 조정 및 하향된 가이던스에 대한 언급이 많습니다."", ""최근 1개월 수익률이 -6.84%로 부진한 흐름을 보이고 있으며, 이는 시장 전반의 업황 둔화 또는 종목 자체의 모멘텀 약화를 반영할 수 있습니다."", ""PER 63.1, PBR 3.20 등 현재 밸류에이션 지표가 높은 편으로, 향후 실적 개선에 대한 기대감이 주가에 상당 부분 반영되어 있어 추가 상승 여력이 제한적일 수 있습니다.""]"
373220,LG에너지솔루션,2024-09-02,411000,Buy,75,"[""최근 1개월 수익률이 23.54%로 강한 상승세를 보이고 있으며, 거래량 변화율도 42.59%로 증가하여 투자자들의 관심이 집중되고 있음을 시사합니다."", ""연간 실적에서 매출과 영업이익이 전년 대비 각각 31.8%, 78.2%로 크게 증가하며 견조한 성장세를 보여주고 있습니다."", ""부채비율이 86.4%로 안정적인 수준이며, 영업현금흐름이 양(+)의 값을 기록하고 있어 재무 건전성도 양호한 편입니다.""]"
373220,LG에너지솔루션,2024-10-02,403500,Buy,75,"[""최근 1개월 수익률이 10.85%로 양호하며, 거래량 변화율도 23.86%로 긍정적인 흐름을 보이고 있습니다."", ""애널리스트 리포트에서 목표주가가 현재가 대비 상승 여력을 시사하고 있으며, 2025년 방향성에 대한 긍정적인 전망이 제시되었습니다."", ""연간 실적에서 매출과 영업이익이 전년 대비 큰 폭으로 성장했으며, 영업이익률 개선과 양호한 영업현금흐름은 재무 건전성을 뒷받침합니다.""]"
373220,LG에너지솔루션,2024-11-01,426000,Neutral,65,"[""최근 1개월 수익률이 소폭 하락했으나, 52주 내 현재 위치는 중간 이상으로 기술적 반등 가능성이 존재합니다."", ""애널리스트 리포트에서 목표주가 상향 의견과 하향 의견이 혼재되어 있어 투자 방향성에 대한 불확실성이 있습니다."", ""연간 실적은 매출과 영업이익 모두 큰 폭으로 성장했으나, 현재 PER이 높아 단기적인 밸류에이션 부담이 존재합니다.""]"
373220,LG에너지솔루션,2024-12-02,397000,Buy,75,"[""최근 1개월 수익률은 하락했으나, 연간 실적은 매출 및 영업이익 모두 큰 폭으로 성장하며 견조한 성장세를 보여주고 있습니다."", ""영업이익률 개선과 양호한 영업현금흐름은 재무 건전성을 뒷받침하며, 부채비율 또한 안정적인 수준입니다."", ""애널리스트 리포트에서 목표주가를 상향하며 긍정적인 전망을 제시하고 있으며, 52주 최고가 대비 현재 위치가 절반 수준으로 추가 상승 여력이 존재합니다.""]"
373220,LG에너지솔루션,2025-01-02,356000,Buy,75,"[""최근 1개월 수익률 하락에도 불구하고, 연간 실적에서 매출 및 영업이익이 큰 폭으로 성장하며 견조한 펀더멘털을 보여주고 있습니다."", ""영업이익률 개선과 양호한 영업현금흐름은 기업의 수익 창출 능력과 재무 건전성을 뒷받침합니다."", ""애널리스트 리포트에서 제시된 높은 목표주가는 향후 주가 상승에 대한 긍정적인 전망을 시사합니다.""]"
373220,LG에너지솔루션,2025-02-03,333000,Neutral,65,"[""최근 1개월 수익률 하락 및 거래량 감소는 단기적인 투자 심리 위축을 시사합니다."", ""애널리스트 리포트에서 목표주가가 현재가 대비 상승 여력을 제시하고 있으나, 일부 리포트에서는 가격 부담을 언급하며 엇갈리는 시각을 보입니다."", ""연간 실적은 긍정적인 성장세를 보였으나, 현재가 기준 PER이 높아 밸류에이션 부담이 존재합니다.""]"
373220,LG에너지솔루션,2025-03-04,334000,Neutral,60,"[""LG에너지솔루션은 견조한 매출 및 영업이익 성장세를 보이고 있으나, 높은 PER과 PBR은 밸류에이션 부담을 시사합니다."", ""최근 1개월 수익률이 마이너스를 기록하며 단기적인 하락 압력이 존재하지만, 52주 최저가 대비 현재 위치는 상대적으로 양호한 편입니다."", ""부채비율이 안정적인 수준이고 영업현금흐름이 양호한 점은 긍정적이나, 향후 20거래일 내 시장 대비 초과 상승 또는 하락을 명확히 판단하기에는 기술적 지표와 거시 경제 변수에 대한 추가적인 분석이 필요합니다.""]"
373220,LG에너지솔루션,2025-04-01,329000,Neutral,60,"[""최근 1개월 수익률이 마이너스(-)를 기록하며 단기적인 하락 압력이 존재합니다."", ""애널리스트 리포트에서는 긍정적인 목표주가를 제시하고 있으나, 연간 실적에서 매출과 영업이익이 큰 폭으로 감소한 점은 부담 요인입니다."", ""현재가는 52주 최저가에 근접해 있어 반등 가능성도 있으나, 적자 상태인 PER과 불확실한 실적 개선 전망으로 인해 명확한 매수/매도 신호를 판단하기 어렵습니다.""]"
373220,LG에너지솔루션,2025-05-02,322500,Neutral,65,"[""최근 애널리스트 리포트에서 목표주가가 현재가 대비 상승 여력을 시사하고 있으나, 전년 대비 매출 및 영업이익 감소라는 부정적인 실적 지표가 존재합니다."", ""기술적 지표상 52주 최저가 대비 현재 위치가 높지 않으나, 최근 1개월 수익률이 마이너스를 기록하며 단기적인 하락 압력이 감지됩니다."", ""부채비율이 안정적인 수준이고 영업현금흐름이 양호한 점은 긍정적이나, PER이 없어 적자 기업이라는 점과 거래량 감소는 투자 심리 위축 가능성을 시사합니다.""]"
373220,LG에너지솔루션,2025-06-02,288500,Neutral,55,"[""최근 1개월 수익률이 -18.71%로 큰 폭 하락했으나, 52주 최저가 대비 현재 위치가 9.8%로 반등 가능성을 시사합니다."", ""연간 실적은 매출과 영업이익이 전년 대비 감소했으나, 영업현금흐름은 양호한 수준을 유지하고 있습니다."", ""애널리스트 리포트에서 목표주가 400,000원을 제시하며 단기 조정 후 상승 가능성을 언급하고 있으나, 정책 불확실성이라는 변수가 존재합니다.""]"
373220,LG에너지솔루션,2025-07-01,302500,Neutral,60,"[""최근 1개월 수익률은 긍정적이나, 연간 실적 감소와 영업이익률 하락은 부정적인 요인입니다."", ""PER이 없어 적자 상태임을 나타내며, 이는 투자 매력도를 낮추는 요인입니다."", ""애널리스트 리포트에서 제시된 목표주가는 현재가 대비 상승 여력을 시사하지만, 북미 전기차 수요 둔화 가능성은 불확실성을 높입니다.""]"
373220,LG에너지솔루션,2025-08-01,375500,Buy,75,"[""최근 1개월 수익률이 17.11%로 강한 상승세를 보이고 있으며, 거래량 변화율도 49.32%로 증가하여 투자 심리가 긍정적입니다."", ""애널리스트 리포트에서 ESS 사업에 대한 긍정적인 전망과 함께 목표주가가 현재가 대비 상승 여력을 시사하고 있습니다."", ""연간 실적은 매출 및 영업이익이 감소했으나, 영업현금흐름이 양호하고 부채비율이 안정적인 수준을 유지하고 있어 재무 건전성은 양호합니다.""]"
373220,LG에너지솔루션,2025-09-01,350000,Sell,75,"[""최근 1개월 수익률이 -8.76%로 하락세를 보이고 있으며, 거래량 변화율 또한 -48.02%로 감소하여 투자 심리가 위축된 것으로 판단됩니다."", ""연간 실적에서 매출과 영업이익이 전년 대비 큰 폭으로 감소한 점은 부정적인 신호입니다."", ""PER이 '해당없음(적자)'으로 표시되어 있어 현재 기업 가치 평가에 어려움이 있으며, 이는 투자 불확실성을 높입니다.""]"
373220,LG에너지솔루션,2025-10-01,399000,Neutral,60,"[""최근 1개월 수익률이 소폭 하락했으나, 52주 최고가 대비 현재 위치는 중간 수준으로 추가 상승 여력이 존재합니다."", ""연간 실적이 전년 대비 큰 폭으로 감소했으나, 영업 현금 흐름은 양호한 수준을 유지하고 있습니다."", ""애널리스트 리포트에서 목표주가 상향 가능성을 제시하고 있으나, PER이 없어 적정 가치 판단이 어렵고 전반적인 재무 지표에 불확실성이 존재합니다.""]"
373220,LG에너지솔루션,2025-11-03,473000,Buy,75,"[""최근 1개월 수익률이 36.25%로 매우 높으며, 52주 최고가 대비 현재 위치가 84.3%로 상승 추세가 강하게 나타나고 있습니다."", ""최근 30일간 애널리스트 리포트에서 제시된 목표주가가 현재가 대비 상당한 상승 여력을 시사하며, 전반적으로 긍정적인 전망을 유지하고 있습니다."", ""연간 실적은 매출 및 영업이익이 감소했으나, 영업현금흐름이 양호하고 부채비율이 안정적인 수준을 유지하고 있어 단기적인 투자 심리 회복에 긍정적인 영향을 줄 수 있습니다.""]"
373220,LG에너지솔루션,2025-12-01,415000,Neutral,60,"[""최근 1개월 수익률이 -12.69%로 하락세를 보이고 있으며, 거래량 변화율도 -34.12%로 감소하여 투자 심리가 위축된 것으로 판단됩니다."", ""연간 실적에서 매출과 영업이익이 전년 대비 큰 폭으로 감소한 점은 부정적인 요인으로 작용할 수 있습니다."", ""하지만 PBR 3.12배는 시장 평균 대비 높은 수준은 아니며, 부채비율 94.8%와 영업현금흐름 긍정적인 점은 재무 안정성을 뒷받침합니다. 또한, 52주 최고가 대비 현재 위치가 58.9%로 하락 여력이 제한적일 수 있다는 점도 고려해야 합니다.""]"
006400,삼성SDI,2023-01-02,592315,Buy,75,"[""삼성SDI는 견조한 매출 및 영업이익 성장세를 보이며, 전년 대비 각각 20.0%와 59.0% 증가했습니다."", ""영업이익률 7.9%와 부채비율 70.0%는 재무 건전성을 뒷받침하며, 긍정적인 영업현금흐름은 안정적인 운영 능력을 시사합니다."", ""최근 1개월 수익률이 -17.08%로 하락했으나, 이는 52주 최고가 대비 43.4% 낮은 수준으로, 기술적 반등 가능성을 내포하고 있습니다.""]"
006400,삼성SDI,2023-02-01,700987,Buy,85,"[""최근 1개월 수익률이 21.83%로 강한 상승세를 보이고 있으며, 52주 최고가 대비 현재 위치가 85.7%로 상승 여력이 남아있습니다."", ""애널리스트 리포트에서 제시된 목표주가 평균이 현재가 대비 상당한 상승 여력을 시사하고 있으며, 대부분 긍정적인 전망을 내놓고 있습니다."", ""연간 실적에서 매출과 영업이익이 전년 대비 큰 폭으로 성장했으며, 영업이익률 또한 개선되는 등 펀더멘털 측면에서 긍정적인 흐름을 보이고 있습니다.""]"
006400,삼성SDI,2023-03-02,715673,Buy,75,"[""최근 애널리스트 리포트에서 제시된 목표주가 평균이 현재가 대비 상당한 상승 여력을 시사합니다."", ""연간 실적에서 매출과 영업이익이 전년 대비 큰 폭으로 성장했으며, 영업이익률 또한 개선되었습니다."", ""부채비율이 낮고 영업현금흐름이 양호하여 재무 안정성이 뒷받침되고 있습니다.""]"
006400,삼성SDI,2023-04-03,710778,Buy,75,"[""최근 1개월 수익률이 1.92%로 양호하며, 52주 최고가 대비 현재 위치가 83.3%로 상승 여력이 남아있습니다."", ""연간 실적에서 매출과 영업이익이 전년 대비 큰 폭으로 성장했으며, 영업이익률도 9.0%로 견조합니다."", ""애널리스트 리포트에서 목표주가 910,000원을 제시하며 긍정적인 전망을 내놓고 있습니다.""]"
006400,삼성SDI,2023-05-02,669658,Buy,85,"[""최근 30일간 애널리스트 리포트에서 제시된 목표주가 평균이 현재가 대비 상당한 상승 여력을 시사하고 있습니다."", ""연간 실적에서 매출과 영업이익이 전년 대비 큰 폭으로 성장했으며, 영업이익률도 양호한 수준을 유지하고 있습니다."", ""부채비율이 75.7%로 안정적인 수준이며, 영업현금흐름이 긍정적인 점은 재무 건전성을 뒷받침합니다.""]"
006400,삼성SDI,2023-06-01,700008,Buy,75,"[""최근 1개월 수익률이 2.46%로 긍정적인 흐름을 보이고 있으며, 52주 최고가 대비 현재 위치가 70.4%로 상승 여력이 남아있습니다."", ""연간 실적에서 매출과 영업이익이 전년 대비 큰 폭으로 증가했으며, 영업이익률도 9.0%로 견조한 모습을 보입니다."", ""국내 ESS 1위 기업이라는 점과 목표주가 887,000원 리포트가 긍정적인 투자 심리를 자극할 수 있습니다.""]"
006400,삼성SDI,2023-07-03,696092,Buy,80,"[""최근 애널리스트 리포트에서 긍정적인 전망과 함께 높은 목표주가가 제시되고 있습니다."", ""연간 실적에서 매출과 영업이익이 전년 대비 큰 폭으로 성장하며 견조한 실적 개선세를 보이고 있습니다."", ""부채비율이 낮고 영업현금흐름이 양호하여 재무 안정성이 뒷받침되고 있습니다.""]"
006400,삼성SDI,2023-08-01,636371,Buy,85,"[""최근 30일간 애널리스트 리포트에서 제시된 목표주가 평균이 현재가 대비 상당한 상승 여력을 시사합니다."", ""연간 실적에서 매출과 영업이익이 전년 대비 큰 폭으로 성장했으며, 영업이익률 또한 양호한 수준을 유지하고 있습니다."", ""부채비율이 75.7%로 안정적인 재무 구조를 보여주고 있으며, 영업현금흐름도 긍정적입니다.""]"
006400,삼성SDI,2023-09-01,597210,Buy,75,"[""최근 애널리스트 리포트에서 긍정적인 전망과 함께 높은 목표주가가 제시되었습니다."", ""연간 실적에서 매출과 영업이익이 전년 대비 큰 폭으로 성장하며 견조한 성장세를 보여주고 있습니다."", ""부채비율이 낮고 영업현금흐름이 양호하여 재무 안정성이 뒷받침되고 있습니다.""]"
006400,삼성SDI,2023-10-04,478747,Buy,75,"[""최근 1개월 수익률이 -20.05%로 하락했으나, 52주 최저가에 근접한 현재가에서 반등 가능성이 존재합니다."", ""애널리스트 리포트에서 제시된 높은 목표주가(900,000원)는 향후 상승 여력을 시사합니다."", ""연간 실적에서 매출과 영업이익이 큰 폭으로 성장했으며, 영업이익률 및 영업현금흐름도 긍정적인 모습을 보입니다.""]"
006400,삼성SDI,2023-11-01,441543,Buy,85,"[""최근 30일간 애널리스트 리포트에서 제시된 목표주가 평균이 현재가 대비 상당한 상승 여력을 시사하며, 2차전지 섹터 최선호주로 언급되는 등 긍정적인 전망이 지배적입니다."", ""연간 실적에서 매출과 영업이익이 전년 대비 큰 폭으로 성장했으며, 영업이익률 또한 양호한 수준을 유지하고 있어 기업의 펀더멘털이 견고함을 보여줍니다."", ""최근 1개월 수익률이 -18.49%로 하락했으나, 52주 최저가 대비 현재 위치가 0.7%로 매우 근접해 있어 기술적으로도 반등 가능성이 존재하며, 거래량 변화율이 68.36%로 증가한 점은 투자 심리 개선의 신호일 수 있습니다.""]"
006400,삼성SDI,2023-12-01,430285,Buy,75,"[""최근 애널리스트 리포트에서 2024년 실적 개선 및 이차전지 사업 성장성에 대한 긍정적인 전망과 함께 높은 목표주가가 제시되고 있습니다."", ""연간 실적에서 매출과 영업이익이 전년 대비 큰 폭으로 성장했으며, 영업이익률 또한 양호한 수준을 유지하고 있습니다."", ""부채비율이 낮고 영업현금흐름이 긍정적인 점은 재무 안정성을 뒷받침하며, 이는 향후 주가 상승의 기반이 될 수 있습니다.""]"
006400,삼성SDI,2024-01-02,437138,Buy,75,"[""연간 실적에서 매출과 영업이익이 전년 대비 큰 폭으로 성장하며 견조한 실적 개선세를 보이고 있습니다."", ""영업현금흐름이 양호하며 부채비율이 75.7%로 재무 안정성이 뒷받침되고 있습니다."", ""최근 애널리스트 리포트에서 긍정적인 목표주가(750,000원)를 제시하며 향후 상승 여력을 시사하고 있습니다.""]"
006400,삼성SDI,2024-02-01,384760,Buy,80,"[""최근 1개월 수익률은 하락했으나, 52주 최저가 대비 현재 위치가 6.7%로 상승 여력이 남아있습니다."", ""최근 애널리스트 리포트에서 모두 긍정적인 전망과 함께 목표주가를 제시하며, 2차전지 섹터 내 최선호주로 꼽고 있습니다."", ""연간 실적에서 매출과 영업이익이 전년 대비 큰 폭으로 성장했으며, 영업이익률과 영업현금흐름도 양호한 수준을 유지하고 있습니다.""]"
006400,삼성SDI,2024-03-04,358815,Neutral,60,"[""연간 실적은 매출 및 영업이익에서 긍정적인 성장세를 보였으나, PER이 '해당없음(적자)'으로 표기되어 있어 현재 수익성 측면에서 불확실성이 존재합니다."", ""기술적 지표상 52주 최저가 대비 현재 위치가 6.1%로 낮은 편이지만, 최근 1개월 수익률이 0.00%이고 거래량 변화율이 -28.53%로 감소하여 단기적인 모멘텀이 약합니다."", ""재무 안정성 지표인 부채비율(75.7%)과 영업현금흐름(+2641096.2조원)은 양호한 편이나, 전반적인 투자 심리를 판단하기에는 기술적 지표의 약세와 PER의 불확실성이 상존합니다.""]"
006400,삼성SDI,2024-04-01,443502,Buy,75,"[""최근 1개월 수익률이 20.42%로 강한 상승세를 보이고 있으며, 거래량 변화율도 174.23%로 매우 높아 투자자들의 관심이 집중되고 있음을 시사합니다."", ""최근 애널리스트 리포트에서 긍정적인 실적 전망과 함께 목표주가가 현재가 대비 상당한 상승 여력을 보여주고 있습니다."", ""연간 실적에서 매출이 전년 대비 12.8% 증가하는 등 성장세를 유지하고 있으며, 영업현금흐름이 양호하여 재무 안정성 또한 갖추고 있습니다.""]"
006400,삼성SDI,2024-05-02,428816,Neutral,60,"[""삼성SDI는 연간 매출이 증가했으나 영업이익은 감소하여 단기적인 투자 방향을 명확히 판단하기 어렵습니다."", ""PER이 '해당없음(적자)'으로 표시되어 있어 현재 기업 가치 평가에 불확실성이 존재합니다."", ""최근 1개월 수익률이 마이너스이고 거래량 변화율도 크게 감소하여 투자 심리가 위축된 것으로 보입니다.""]"
006400,삼성SDI,2024-06-03,370074,Buy,75,"[""최근 1개월 수익률은 하락했으나, 52주 최저가 대비 현재 위치가 7.5%로 상승 여력이 남아있습니다."", ""최근 애널리스트 리포트에서 제시된 목표주가(600,000원 ~ 660,000원)는 현재가(370,074원) 대비 상당한 상승 여력을 시사합니다."", ""연간 실적에서 매출은 전년 대비 증가했으며, 영업이익률 및 영업현금흐름이 양호한 수준을 유지하고 있어 재무 건전성이 뒷받침됩니다.""]"
006400,삼성SDI,2024-07-01,344130,Neutral,60,"[""최근 1개월 수익률이 마이너스를 기록하며 단기적인 하락 압력이 존재합니다."", ""주력 전기차 고객사들의 판매 부진 영향이 예상되어 실적에 대한 우려가 있습니다."", ""하지만 PBR 1.45배, 부채비율 71.0%, 영업현금흐름 긍정적인 점 등 재무 건전성은 양호하며, 52주 최저가 대비 현재 위치가 낮아 반등 가능성도 배제할 수 없습니다.""]"
006400,삼성SDI,2024-08-01,329444,Neutral,60,"[""최근 1개월 수익률이 -8.87%로 하락세를 보이고 있으며, 애널리스트 리포트에서도 2분기 실적 부진 및 3분기 전망에 대한 부정적인 의견이 다수 존재합니다."", ""하지만 PBR 1.32배는 현재 주가가 자산 가치 대비 크게 고평가되지 않았음을 시사하며, 매출은 전년 대비 성장세를 유지하고 있습니다."", ""CAPEX 투자 유지와 같은 긍정적인 언급도 있으나, 전반적으로 단기적인 업황 부진 우려와 장기적인 성장 기대감이 혼재되어 있어 명확한 방향성을 판단하기 어렵습니다.""]"
006400,삼성SDI,2024-09-02,363221,Buy,75,"[""최근 1개월 수익률이 10.48%로 양호한 흐름을 보이고 있으며, 거래량 변화율도 9.12%로 긍정적인 신호를 나타내고 있습니다."", ""52주 최저가 대비 현재 위치가 21.1%로, 저점 대비 상당한 상승 여력이 남아있음을 시사합니다."", ""애널리스트 리포트에서 Deep Value 영역 진입 및 목표주가 440,000원을 제시하며 긍정적인 전망을 내놓고 있습니다.""]"
006400,삼성SDI,2024-10-02,353920,Buy,75,"[""최근 1개월 수익률이 9.43%로 양호한 흐름을 보이고 있으며, 52주 최저가 대비 현재 위치가 25.9%로 상승 여력이 남아있습니다."", ""매출이 전년 대비 12.8% 증가하는 등 외형 성장을 지속하고 있으며, 영업현금흐름이 긍정적인 점은 재무 안정성을 뒷받침합니다."", ""부채비율이 71.0%로 안정적인 수준이며, PBR 1.47은 현재 시장에서 삼성SDI의 자산 가치를 적정하게 평가하고 있음을 시사합니다.""]"
006400,삼성SDI,2024-11-01,330423,Neutral,65,"[""최근 1개월 수익률이 -12.42%로 부진하며 거래량 변화율도 감소하는 등 단기적인 하락 압력이 존재합니다."", ""애널리스트 리포트에서 3분기 실적 부진 및 성장 정체에 대한 언급이 있으나, 4분기 실적 저점 통과 및 가파른 개선세 전망도 함께 제시되어 상반된 의견이 혼재합니다."", ""PER이 '해당없음(적자)'으로 표시되어 있지만, PBR이 1.31로 자산 가치 대비 크게 고평가된 상태는 아니며, 부채비율 71.0%와 양호한 영업현금흐름은 재무 안정성을 뒷받침합니다.""]"
006400,삼성SDI,2024-12-02,255527,Buy,75,"[""최근 1개월 수익률 하락에도 불구하고 52주 최저가 대비 현재 위치가 5.2%로 상승 여력이 남아있습니다."", ""유럽 가동률 회복 기대감과 함께 목표주가 480,000원 제시 리포트가 긍정적인 투자 심리를 자극할 수 있습니다."", ""매출은 전년 대비 증가했으며, 영업현금흐름이 양호하고 부채비율이 안정적인 수준으로 재무 건전성이 뒷받침됩니다.""]"
006400,삼성SDI,2025-01-02,241821,Neutral,60,"[""최근 1개월 수익률이 마이너스이고 거래량 변화율도 감소하여 단기적인 하락 압력이 존재합니다."", ""연간 실적은 매출이 증가했으나 영업이익은 감소하여 수익성 개선에 대한 의문이 있습니다."", ""전기차 배터리 셀 수요 회복세 지연에 대한 애널리스트 리포트는 부정적인 전망을 시사하지만, PBR이 1 미만이고 부채비율이 안정적인 점은 긍정적입니다.""]"
006400,삼성SDI,2025-02-03,201191,Sell,75,"[""최근 1개월 수익률이 -15.79%로 부진하며, 52주 최저가에 근접한 현재가(201,191원)는 하락 압력을 시사합니다."", ""최근 30일간 애널리스트 리포트에서 목표주가가 하향 조정되고 '혹한기', '재고조정의 긴 밤', '예상보다 부진한 실적' 등 부정적인 전망이 다수 제시되었습니다."", ""PER이 '해당없음(적자)'으로 표시되어 있으며, 4분기 실적이 컨센서스를 하회하고 영업적자를 기록했다는 점은 단기적인 투자 심리에 부정적인 영향을 미칠 수 있습니다.""]"
006400,삼성SDI,2025-03-04,209023,Neutral,60,"[""삼성SDI는 현재 52주 최저가에 근접한 수준으로 기술적 반등 가능성이 있으나, 최근 1개월 수익률이 마이너스를 기록하며 투자 심리가 위축된 모습입니다."", ""연간 매출은 증가했으나 영업이익이 감소한 점은 수익성 악화에 대한 우려를 남깁니다."", ""부채비율이 낮고 영업현금흐름이 양호하여 재무 안정성은 갖추고 있으나, PER이 없어 적자 기업으로 분류되어 투자 매력도가 떨어집니다.""]"
006400,삼성SDI,2025-04-01,182589,Neutral,60,"[""최근 1개월 수익률이 -13.57%로 하락세를 보이고 있으며, 연간 실적 또한 매출과 영업이익이 크게 감소하여 부정적인 신호를 보내고 있습니다."", ""하지만 52주 최저가 대비 현재 위치가 1.7%로 매우 근접해 있어 추가 하락보다는 반등 가능성도 존재합니다."", ""애널리스트 리포트에서 제시된 목표주가(280,000원, 340,000원)는 현재가 대비 상당한 상승 여력을 시사하며, 특히 배터리 투자 확대를 위한 유상증자 발표는 긍정적인 모멘텀으로 작용할 수 있습니다.""]"
006400,삼성SDI,2025-05-02,172200,Neutral,60,"[""최근 1개월 수익률이 마이너스이고 거래량 변화율도 크게 감소하여 단기적인 하락 압력이 존재합니다."", ""애널리스트 리포트 목표주가가 현재가 대비 상승 여력을 시사하지만, Q 회복 가시성 부족 및 수익성 악화에 대한 우려도 공존합니다."", ""연간 실적에서 매출과 영업이익이 큰 폭으로 감소했으며, 영업현금흐름이 마이너스인 점은 재무 건전성에 대한 우려를 제기합니다.""]"
006400,삼성SDI,2025-06-02,172400,Sell,75,"[""최근 1개월 수익률이 -5.88%로 하락세를 보이고 있으며, 이는 단기적인 투자 심리 위축을 시사합니다."", ""연간 실적에서 매출과 영업이익이 전년 대비 큰 폭으로 감소한 점은 기업의 수익성 악화를 나타내며, 이는 주가 하락 압력으로 작용할 수 있습니다."", ""영업현금흐름이 마이너스를 기록하고 있어 기업의 현금 창출 능력에 대한 우려가 있으며, 이는 재무 안정성에 대한 부정적인 신호입니다.""]"
006400,삼성SDI,2025-07-01,179000,Sell,75,"[""최근 애널리스트 리포트에서 유럽, 북미향 배터리 출하 부진으로 2분기 실적 둔화를 예상하고 있으며, 이는 단기적인 주가 하락 요인으로 작용할 수 있습니다."", ""연간 실적에서 매출과 영업이익이 전년 대비 큰 폭으로 감소했으며, 영업이익률 또한 2.2%로 낮은 수준을 기록하고 있어 재무적인 부담이 존재합니다."", ""영업현금흐름이 마이너스를 기록하고 있어 기업의 현금 창출 능력에 대한 우려가 있으며, 이는 주가 상승 동력을 약화시킬 수 있습니다.""]"
006400,삼성SDI,2025-08-01,193700,Neutral,55,"[""최근 1개월 수익률은 긍정적이나, 연간 실적 감소와 영업이익률 하락은 부정적인 요인입니다."", ""애널리스트 리포트에서 목표주가가 현재가보다 높게 제시되었으나, '어려운 대외환경 지속'이라는 언급은 불확실성을 시사합니다."", ""기술적 지표상 52주 최저가 대비 높은 수준이지만, 최고가 대비로는 상당한 하락폭을 기록하고 있어 방향성 판단이 어렵습니다.""]"
006400,삼성SDI,2025-09-01,202500,Neutral,60,"[""최근 연간 실적은 매출 및 영업이익이 크게 감소하며 부정적인 모습을 보이고 있습니다."", ""하지만 애널리스트 리포트에서는 목표주가를 현재가 대비 상향 제시하며 긍정적인 전망을 내놓고 있습니다."", ""기술적으로는 52주 최저가 대비 높은 수준에 위치해 있으나, 52주 최고가 대비로는 상당한 하락폭을 기록하고 있어 방향성 판단이 어렵습니다.""]"
006400,삼성SDI,2025-10-01,206500,Sell,75,"[""최근 연간 실적에서 매출과 영업이익이 큰 폭으로 감소했으며, 영업이익률 또한 낮은 수준입니다."", ""영업현금흐름이 마이너스를 기록하고 있어 단기적인 재무 부담이 존재할 수 있습니다."", ""현재 주가는 52주 최고가 대비 상당한 하락폭을 보이고 있으며, 기술적 지표상 추가 하락 가능성을 배제할 수 없습니다.""]"
006400,삼성SDI,2025-11-03,337500,Neutral,65,"[""최근 1개월 수익률이 61.48%로 매우 높고 52주 최고가에 근접해 단기 급등에 따른 차익 실현 매물 출회 가능성이 있습니다."", ""애널리스트 리포트에서 목표주가 제시 범위가 268,000원에서 450,000원으로 넓어 투자 방향에 대한 불확실성이 존재합니다."", ""연간 실적에서 매출과 영업이익이 전년 대비 큰 폭으로 감소했으며, 영업 현금 흐름이 마이너스를 기록하는 등 재무 상태에 대한 우려가 있습니다.""]"
006400,삼성SDI,2025-12-01,305000,Neutral,60,"[""최근 1개월 수익률 하락 및 거래량 감소는 단기적인 투자 심리 위축을 시사합니다."", ""애널리스트 리포트에서는 ESS 부문의 성장 가능성을 긍정적으로 평가하며 목표주가를 상향 조정하고 있으나, 이는 장기적인 관점일 수 있습니다."", ""연간 실적에서 매출과 영업이익이 큰 폭으로 감소했으며, 영업현금흐름이 마이너스를 기록하는 등 재무적인 부담이 존재합니다.""]"
005380,현대차,2023-01-02,159000,Neutral,60,"[""현대차의 연간 실적은 매출과 영업이익 모두 큰 폭으로 증가하며 긍정적인 모습을 보이고 있습니다."", ""하지만 현재가 52주 최고가 대비 낮은 수준에 위치하고 있으며, 최근 1개월 수익률과 거래량 변화율이 하락세를 나타내고 있어 단기적인 하락 압력이 존재합니다."", ""부채비율이 다소 높고 영업현금흐름이 마이너스인 점은 재무 안정성 측면에서 우려 요인으로 작용할 수 있습니다.""]"
005380,현대차,2023-02-01,169900,Buy,85,"[""최근 1개월 수익률이 12.58%로 양호하며, 거래량 변화율도 12.89%로 긍정적인 흐름을 보이고 있습니다."", ""최근 30일간 애널리스트 리포트에서 제시된 목표주가들이 현재가(169,900원) 대비 상당한 상승 여력을 시사하고 있으며, 전반적으로 긍정적인 전망을 내놓고 있습니다."", ""연간 실적에서 매출과 영업이익이 전년 대비 큰 폭으로 증가했으며, 특히 영업이익 증가율이 178.9%로 매우 높아 기업의 수익성이 크게 개선되었음을 보여줍니다.""]"
005380,현대차,2023-03-02,176100,Buy,75,"[""최근 1개월 수익률이 6.89%로 양호한 흐름을 보이고 있으며, 52주 최고가 대비 현재 위치가 53.9%로 상승 여력이 남아있습니다."", ""연간 실적에서 매출과 영업이익이 전년 대비 큰 폭으로 증가하며 견조한 성장세를 보여주고 있습니다."", ""두 건의 애널리스트 리포트 모두 목표주가를 현재가보다 높게 제시하며 긍정적인 전망을 내놓고 있습니다.""]"
005380,현대차,2023-04-03,183800,Buy,75,"[""현대차는 견조한 매출 및 영업이익 성장세를 보이며, 전년 대비 각각 21.2%, 47.0% 증가했습니다."", ""PER 6.4배, PBR 0.41배로 저평가 매력이 있으며, 52주 최고가 대비 현재 위치가 63.9%로 상승 여력이 남아있습니다."", ""최근 1개월 수익률이 4.26%로 양호한 흐름을 보이고 있으며, 영업현금흐름이 긍정적인 점은 재무 건전성을 뒷받침합니다.""]"
005380,현대차,2023-05-02,201000,Buy,85,"[""최근 1개월 수익률이 9.21%로 양호하며, 거래량 변화율도 63.11%로 높아 투자자들의 관심이 집중되고 있습니다."", ""최근 30일간 발표된 애널리스트 리포트들이 일제히 긍정적인 전망과 함께 높은 목표주가를 제시하고 있어 추가 상승 여력이 충분하다고 판단됩니다."", ""1분기 역대급 실적 발표와 함께 매출 및 영업이익이 전년 대비 큰 폭으로 증가했으며, 영업이익률도 개선되는 등 견조한 펀더멘털을 보여주고 있습니다.""]"
005380,현대차,2023-06-01,199500,Buy,75,"[""현대차는 견조한 연간 실적 성장과 긍정적인 애널리스트 리포트가 뒷받침되고 있습니다."", ""현재가는 52주 최고가 대비 하락했지만, 52주 내 위치가 높아 추가 상승 여력이 존재합니다."", ""최근 1개월 수익률이 0%로 정체되어 있으나, 거래량 감소는 일시적인 현상일 수 있으며 향후 반등 가능성을 시사합니다.""]"
005380,현대차,2023-07-03,208000,Buy,80,"[""최근 애널리스트 리포트에서 제시된 목표주가들이 현재가 대비 상당한 상승 여력을 시사하고 있습니다."", ""연간 실적에서 매출과 영업이익이 전년 대비 큰 폭으로 증가하며 견조한 성장세를 보여주고 있습니다."", ""현재가가 52주 최고가에 근접한 수준이지만, 긍정적인 실적과 목표주가를 고려할 때 추가 상승 가능성이 있습니다.""]"
005380,현대차,2023-08-01,192500,Buy,85,"[""최근 애널리스트 리포트에서 일제히 긍정적인 전망과 함께 높은 목표주가를 제시하고 있습니다."", ""2분기 실적 호조와 연간 가이던스 상향은 향후 실적 개선에 대한 기대감을 높입니다."", ""PER, PBR 등 재무지표가 낮아 저평가 매력이 있으며, 52주 최고가 대비 현재 위치가 높아 추가 상승 여력이 있습니다.""]"
005380,현대차,2023-09-01,187300,Buy,75,"[""연간 실적에서 매출과 영업이익이 전년 대비 큰 폭으로 증가하며 견조한 성장세를 보이고 있습니다."", ""PER 6.6배, PBR 0.42배로 현재 주가가 기업 가치 대비 저평가되어 있을 가능성이 있습니다."", ""최근 애널리스트 리포트에서 목표주가 300,000원을 제시하며 긍정적인 전망을 내놓고 있습니다.""]"
005380,현대차,2023-10-04,190500,Buy,75,"[""최근 애널리스트 리포트에서 제시된 목표주가가 현재가 대비 상당한 상승 여력을 시사하고 있습니다."", ""연간 실적에서 매출과 영업이익이 전년 대비 큰 폭으로 성장하며 견조한 실적 개선세를 보이고 있습니다."", ""PER과 PBR 지표가 낮아 현재 주가가 저평가되어 있을 가능성이 있으며, 이는 향후 상승 동력으로 작용할 수 있습니다.""]"
005380,현대차,2023-11-01,172000,Buy,80,"[""최근 애널리스트 리포트에서 일관되게 긍정적인 실적 전망과 높은 목표주가를 제시하고 있습니다."", ""PER 6.0, PBR 0.38 등 낮은 밸류에이션 지표는 현재 주가가 저평가되어 있을 가능성을 시사합니다."", ""최근 1개월 수익률은 하락했지만, 거래량 변화율이 34.16%로 증가한 것은 투자자들의 관심이 다시 높아지고 있음을 나타낼 수 있습니다.""]"
005380,현대차,2023-12-01,181600,Buy,75,"[""최근 1개월 수익률이 6.28%로 양호한 흐름을 보이고 있으며, 52주 최고가 대비 현재 위치가 53.9%로 상승 여력이 남아있습니다."", ""두 건의 애널리스트 리포트 모두 목표주가를 현재가 대비 상당히 높게 제시하며 긍정적인 전망을 내놓고 있습니다."", ""연간 실적에서 매출과 영업이익이 전년 대비 큰 폭으로 증가하며 견조한 성장세를 보여주고 있습니다.""]"
005380,현대차,2024-01-02,193800,Buy,75,"[""최근 애널리스트 리포트에서 제시된 목표주가들이 현재가 대비 상당한 상승 여력을 시사하고 있습니다."", ""최근 1개월 수익률이 8.50%로 양호하며, 거래량 변화율도 25.44%로 증가하는 추세를 보이고 있어 투자 심리가 긍정적입니다."", ""연간 실적에서 매출과 영업이익이 전년 대비 큰 폭으로 증가하며 견조한 성장세를 보여주고 있습니다.""]"
005380,현대차,2024-02-01,227000,Buy,75,"[""최근 애널리스트 리포트에서 제시된 목표주가 평균이 현재가 대비 상당한 상승 여력을 시사하고 있습니다."", ""최근 1개월 수익률이 7.33%로 양호하며, 거래량 변화율도 29.05%로 증가하여 투자 심리가 개선되고 있음을 보여줍니다."", ""연간 실적에서 매출과 영업이익이 전년 대비 큰 폭으로 증가하며 견조한 성장세를 나타내고 있습니다.""]"
005380,현대차,2024-03-04,249000,Buy,85,"[""최근 1개월 수익률이 34.47%로 매우 높으며, 52주 최고가에 근접한 강한 상승 추세를 보이고 있습니다."", ""최근 애널리스트 리포트에서 목표주가가 현재가 대비 상당한 상승 여력을 제시하고 있으며, 긍정적인 전망을 유지하고 있습니다."", ""연간 실적에서 매출과 영업이익이 전년 대비 큰 폭으로 증가했으며, 영업이익률도 개선되는 등 견조한 펀더멘털을 보여주고 있습니다.""]"
005380,현대차,2024-04-01,220000,Neutral,65,"[""현대차의 연간 실적은 매출과 영업이익 모두 큰 폭으로 증가하며 긍정적인 모습을 보이고 있습니다."", ""PER, PBR 지표는 현재가 저평가 가능성을 시사하지만, 최근 1개월 수익률 하락과 거래량 감소는 단기적인 투자 심리 위축을 나타냅니다."", ""부채비율이 다소 높고 영업현금흐름이 마이너스인 점은 재무 안정성 측면에서 우려 요인으로 작용할 수 있습니다.""]"
005380,현대차,2024-05-02,241000,Buy,75,"[""최근 애널리스트 리포트에서 제시된 목표주가가 현재가 대비 상당한 상승 여력을 시사하고 있습니다."", ""연간 실적에서 매출과 영업이익이 전년 대비 큰 폭으로 성장하며 견조한 펀더멘털을 보여주고 있습니다."", ""52주 최고가 대비 현재 위치가 높아 추가 상승에 대한 기대감을 높이지만, 단기 과열 가능성도 염두에 두어야 합니다.""]"
005380,현대차,2024-06-03,259000,Buy,75,"[""현대차는 견조한 매출 및 영업이익 성장세를 보이며, PER 및 PBR 지표가 낮아 저평가 매력이 있습니다."", ""최근 1개월 수익률이 긍정적이며, 52주 최고가 대비 현재 위치가 높아 추가 상승 여력이 있습니다."", ""다만, 거래량 변화율이 감소하고 부채비율 및 영업현금흐름에 대한 우려가 존재하여 신중한 접근이 필요합니다.""]"
005380,현대차,2024-07-01,272500,Buy,75,"[""최근 1개월 수익률이 11.28%로 양호하며, 52주 최고가 대비 현재 위치가 높아 상승 모멘텀이 유지되고 있습니다."", ""애널리스트 리포트에서 제시된 목표주가(330,000원 ~ 350,000원)가 현재가(272,500원) 대비 상당한 상승 여력을 시사합니다."", ""연간 실적에서 매출과 영업이익이 전년 대비 큰 폭으로 증가하며 견조한 성장세를 보이고 있습니다.""]"
005380,현대차,2024-08-01,244000,Buy,75,"[""최근 30일간 애널리스트 리포트에서 모두 긍정적인 전망과 함께 높은 목표주가를 제시하고 있습니다."", ""연간 실적에서 매출과 영업이익이 전년 대비 큰 폭으로 성장하며 견조한 실적 개선세를 보이고 있습니다."", ""현재 주가는 52주 최고가 대비 낮은 수준이며, PBR이 0.51로 낮아 저평가 매력이 존재합니다.""]"
005380,현대차,2024-09-02,237500,Buy,80,"[""최근 30일간 발표된 애널리스트 리포트에서 모두 긍정적인 목표주가를 제시하며 상승 여력을 높게 평가하고 있습니다."", ""연간 실적에서 매출과 영업이익이 전년 대비 큰 폭으로 증가하며 견조한 성장세를 보여주고 있습니다."", ""현재 주가는 52주 최고가 대비 낮은 수준에 위치해 있으며, PBR이 0.49로 낮아 저평가 매력이 존재합니다.""]"
005380,현대차,2024-10-02,239500,Buy,75,"[""현대차는 PER 5.0, PBR 0.48로 저평가된 것으로 판단되며, 이는 향후 상승 여력을 시사합니다."", ""최근 1개월 수익률이 -8.49%로 하락했으나, 이는 단기적인 조정일 가능성이 있으며 52주 최고가 대비 현재 위치가 52.5%로 여전히 상승 여력이 남아있습니다."", ""연간 실적에서 매출과 영업이익이 전년 대비 큰 폭으로 증가했으며, 영업이익률도 9.3%로 견조한 성장세를 보여주고 있습니다. 또한, GM과의 파트너십 관련 애널리스트 리포트에서 목표주가 330,000원을 제시한 점은 긍정적인 요인입니다.""]"
005380,현대차,2024-11-01,216500,Buy,75,"[""최근 30일간 애널리스트 리포트에서 제시된 목표주가가 현재가 대비 상당한 상승 여력을 시사하며, 전반적으로 긍정적인 전망을 유지하고 있습니다."", ""PER 4.5, PBR 0.43 등 낮은 밸류에이션 지표는 현재 주가가 기업의 내재가치 대비 저평가되었을 가능성을 나타냅니다."", ""연간 실적에서 매출과 영업이익이 전년 대비 큰 폭으로 성장하며 견조한 실적 개선세를 보여주고 있습니다.""]"
005380,현대차,2024-12-02,214500,Buy,80,"[""최근 30일간 애널리스트 리포트에서 제시된 목표주가가 현재가 대비 상당한 상승 여력을 시사하며, 특히 자사주 매입 공시는 주가 부양 요인으로 작용할 수 있습니다."", ""연간 실적에서 매출과 영업이익이 전년 대비 큰 폭으로 증가하며 견조한 성장세를 보여주고 있습니다."", ""PER 4.5, PBR 0.43 등 낮은 밸류에이션 지표는 현재 주가가 저평가되어 있을 가능성을 시사합니다.""]"
005380,현대차,2025-01-02,213000,Neutral,60,"[""현대차의 PER과 PBR은 시장 평균 대비 낮은 수준으로 저평가 가능성을 시사하지만, 최근 1개월 수익률 하락과 거래량 감소는 단기적인 투자 심리 위축을 나타냅니다."", ""연간 실적은 매출과 영업이익 모두 큰 폭으로 성장하며 긍정적인 모습을 보였으나, 순이익 정보가 부재하고 영업현금흐름이 마이너스인 점은 재무 안정성에 대한 우려를 남깁니다."", ""부채비율이 177.4%로 다소 높은 편이며, 52주 최고가 대비 현재 위치가 26.6%로 하락 추세에 있어 향후 20거래일 내 KOSPI 시장 수익률 대비 초과 상승을 단정하기 어렵습니다.""]"
005380,현대차,2025-02-03,201000,Neutral,65,"[""최근 1개월 수익률이 마이너스(-)를 기록하며 단기적인 하락세를 보이고 있습니다."", ""애널리스트 리포트에서 목표주가 제시 범위가 넓고, 투자의견 하향 리포트도 존재하여 방향성 판단에 불확실성이 있습니다."", ""연간 실적은 매출과 영업이익이 크게 증가했으나, 영업현금흐름이 마이너스(-)를 기록하고 부채비율이 높은 점은 재무 안정성 측면에서 우려 요인입니다.""]"
005380,현대차,2025-03-04,194700,Neutral,60,"[""최근 1개월 수익률이 -7.62%로 하락세를 보이고 있으며, 52주 최고가 대비 현재 위치가 0.0%라는 점은 추가 상승 여력이 제한적일 수 있음을 시사합니다."", ""연간 실적은 매출과 영업이익 모두 큰 폭으로 증가하며 긍정적인 모습을 보였으나, 순이익 정보가 없어 종합적인 수익성 판단에 한계가 있습니다."", ""인도법인 IPO 관련 자사주 매입 조기 완료 소식은 긍정적일 수 있으나, 목표주가가 제시되지 않아 투자 방향을 명확히 판단하기 어렵습니다.""]"
005380,현대차,2025-04-01,196300,Neutral,55,"[""현재가 52주 최저가에 근접해 있어 하방 경직성이 기대되나, 52주 최고가 대비 큰 폭의 하락세를 보이고 있습니다."", ""최근 1개월 수익률은 소폭 상승했으나, 거래량 변화율은 하락하여 투자 심리가 위축될 가능성이 있습니다."", ""연간 실적에서 매출은 증가했으나 영업이익이 감소했고, 영업현금흐름이 마이너스를 기록하는 등 재무 건전성에 대한 우려가 존재합니다.""]"
005380,현대차,2025-05-02,187600,Neutral,65,"[""최근 1개월 수익률이 마이너스이고 거래량 변화율도 소폭 하락했으나, 52주 최저가 대비 현재 위치가 높아 추가 하락보다는 반등 가능성도 존재합니다."", ""애널리스트 리포트에서 제시된 목표주가 평균이 현재가 대비 상당한 상승 여력을 시사하고 있습니다."", ""연간 실적에서 매출은 증가했으나 영업이익이 감소했고, 부채비율이 높고 영업현금흐름이 마이너스인 점은 투자에 부담으로 작용할 수 있습니다.""]"
005380,현대차,2025-06-02,186000,Neutral,55,"[""현대차의 PER과 PBR은 낮은 수준으로 밸류에이션 매력이 존재하나, 최근 1개월 수익률 하락과 거래량 감소는 투자 심리 위축을 시사합니다."", ""연간 실적에서 매출은 증가했으나 영업이익은 감소하여 수익성 개선에 대한 의문이 제기됩니다."", ""부채비율이 높고 영업현금흐름이 마이너스인 점은 재무 안정성에 대한 우려를 높입니다.""]"
005380,현대차,2025-07-01,213500,Buy,75,"[""최근 1개월 수익률이 9.95%로 양호하며, 거래량 변화율도 43.09%로 높아 투자자들의 관심이 증가하고 있음을 시사합니다."", ""PER 4.4, PBR 0.36은 현재 주가가 기업의 이익 및 자산 가치 대비 저평가되어 있음을 나타내며, 향후 가치평가 정상화에 대한 기대감을 높입니다."", ""최근 애널리스트 리포트에서 '관세 해결, 가치평가 정상화의 시작점'이라는 긍정적인 전망과 함께 목표주가 265,000원을 제시하여 향후 상승 여력이 있음을 시사합니다.""]"
005380,현대차,2025-08-01,211000,Buy,75,"[""최근 애널리스트 리포트에서 일관되게 긍정적인 전망과 함께 목표주가 상향이 제시되고 있습니다."", ""PER 4.4, PBR 0.36 등 낮은 밸류에이션 지표는 현재 주가가 저평가되어 있을 가능성을 시사합니다."", ""최근 1개월 수익률은 소폭 하락했으나, 거래량 변화율이 11.63%로 증가하며 투자 심리 개선의 여지를 보여줍니다.""]"
005380,현대차,2025-09-01,220000,Neutral,55,"[""현대차의 PER과 PBR은 시장 평균 대비 낮은 수준으로 저평가 가능성을 시사하지만, 최근 영업이익 감소와 영업현금흐름의 마이너스 전환은 부정적인 요인입니다."", ""52주 최고가 대비 현재 위치는 중간 수준이며, 최근 1개월 수익률은 소폭 상승했으나 거래량 변화율이 크게 감소한 점은 투자 심리 위축 가능성을 나타냅니다."", ""매출은 증가했으나 영업이익이 감소한 점, 부채비율이 높은 점 등 재무 지표에서 긍정적인 부분과 부정적인 부분이 혼재되어 있어 명확한 방향성을 판단하기 어렵습니다.""]"
005380,현대차,2025-10-01,220000,Buy,75,"[""최근 애널리스트 리포트에서 제시된 목표주가들이 현재가 대비 상당한 상승 여력을 시사하고 있습니다."", ""PER 4.5, PBR 0.37 등 낮은 밸류에이션 지표는 저평가 가능성을 나타냅니다."", ""최근 1개월 수익률은 소폭 하락했으나, 거래량 변화율이 긍정적인 점은 향후 주가 반등 가능성을 시사합니다.""]"
005380,현대차,2025-11-03,276000,Buy,75,"[""최근 1개월 수익률이 35.90%로 매우 높으며, 52주 최고가에 근접한 강한 상승 모멘텀을 보여주고 있습니다."", ""최근 30일간 발행된 애널리스트 리포트들이 모두 긍정적인 전망과 함께 목표주가를 현재가 대비 상향 제시하고 있습니다."", ""PER 6.2, PBR 0.50으로 밸류에이션 매력이 존재하며, 시가총액 59.7조원으로 대형주로서 안정적인 흐름을 기대할 수 있습니다.""]"
005380,현대차,2025-12-01,266000,Neutral,60,"[""최근 1개월 수익률이 -12.24%로 하락세를 보이고 있으며, 거래량 변화율도 -48.06%로 감소하여 단기적인 투자 심리가 위축된 것으로 판단됩니다."", ""연간 실적에서 매출은 증가했으나 영업이익이 감소한 점은 우려 요인으로 작용할 수 있습니다."", ""다만, PER 5.4, PBR 0.43 등 낮은 밸류에이션 지표와 52주 최고가 대비 현재 위치가 67.5%임을 고려할 때, 향후 반등 가능성도 존재하여 명확한 매수 또는 매도 신호를 내리기 어렵습니다.""]"
000270,기아,2023-01-02,62400,Buy,75,"[""기아는 PER 5.2배, PBR 0.69배로 저평가된 것으로 판단됩니다."", ""전년 대비 매출 18.1% 증가, 영업이익 145.1% 증가 등 견조한 실적 성장을 보여주고 있습니다."", ""최근 1개월 수익률이 -10.35%로 하락했으나, 이는 단기적인 조정일 가능성이 있으며 향후 반등을 기대해 볼 수 있습니다.""]"
000270,기아,2023-02-01,69700,Buy,85,"[""최근 1개월간 17.20%의 높은 수익률과 29.43%의 거래량 변화율은 긍정적인 모멘텀을 시사합니다."", ""애널리스트들의 목표주가가 현재가(69,700원) 대비 상당한 상승 여력을 보여주고 있으며, 대부분 85,000원 이상으로 제시되었습니다."", ""전년 대비 매출 및 영업이익이 크게 증가했으며, 특히 영업이익률 개선은 기업의 수익성 향상을 나타냅니다.""]"
000270,기아,2023-03-02,78200,Buy,75,"[""기아는 견조한 매출 및 영업이익 성장세를 보이며, 특히 영업이익이 전년 대비 145.1% 증가하는 등 실적 개선이 두드러집니다."", ""현재가 78,200원은 52주 최고가 86,300원 대비 하락한 수준으로, 추가 상승 여력이 존재합니다."", ""PER 6.5, PBR 0.87은 시장 평균 대비 저평가된 것으로 판단되며, ROE 13.3%는 양호한 수익성을 시사합니다.""]"
000270,기아,2023-04-03,80100,Buy,75,"[""기아는 현재 PER 6.0, PBR 0.81로 저평가된 것으로 보이며, ROE 13.5%로 양호한 수익성을 보여주고 있습니다."", ""최근 애널리스트 리포트에서 목표주가가 현재가 대비 상승 여력을 시사하고 있으며, 긍정적인 전망이 제시되고 있습니다."", ""연간 실적에서 매출과 영업이익이 전년 대비 큰 폭으로 성장했으며, 영업이익률 또한 개선되는 추세를 보이고 있습니다.""]"
000270,기아,2023-05-02,86500,Buy,85,"[""최근 1개월 수익률이 7.28%로 양호하며, 52주 최고가에 근접한 강한 상승 추세를 보이고 있습니다."", ""애널리스트 리포트에서 제시된 목표주가들이 현재가 대비 상당한 상승 여력을 시사하고 있으며, 긍정적인 전망이 지배적입니다."", ""연간 실적에서 매출과 영업이익이 전년 대비 큰 폭으로 증가했으며, 영업이익률 또한 개선되는 등 견조한 펀더멘털을 보여주고 있습니다.""]"
000270,기아,2023-06-01,85200,Buy,75,"[""기아는 PER 6.2배, PBR 0.84배로 저평가된 것으로 판단되며, ROE 13.5%로 양호한 수익성을 보여주고 있습니다."", ""최근 30일 내 애널리스트 리포트에서 목표주가 130,000원을 제시하며 긍정적인 전망을 내놓았습니다."", ""연간 실적에서 매출과 영업이익이 전년 대비 큰 폭으로 증가했으며, 영업이익률 또한 개선되는 추세를 보이고 있습니다.""]"
000270,기아,2023-07-03,88900,Buy,75,"[""기아는 현재 52주 최고가에 근접한 수준으로, 최근 1개월 수익률도 긍정적인 흐름을 보이고 있습니다."", ""애널리스트 리포트에서 제시된 목표주가(110,000원 ~ 155,000원)가 현재가(88,900원) 대비 상당한 상승 여력을 시사하고 있습니다."", ""견조한 연간 실적 성장과 양호한 영업현금흐름은 기업의 펀더멘털이 긍정적임을 뒷받침합니다.""]"
000270,기아,2023-08-01,80000,Buy,85,"[""최근 30일간 애널리스트 리포트에서 제시된 목표주가 평균이 현재가 대비 상당한 상승 여력을 시사합니다."", ""견조한 연간 실적 성장률과 높은 영업이익률은 기업의 펀더멘털이 긍정적임을 보여줍니다."", ""낮은 PER과 PBR은 현재 주가가 기업의 내재가치 대비 저평가되었을 가능성을 나타냅니다.""]"
000270,기아,2023-09-01,80000,Buy,75,"[""기아는 견조한 매출 및 영업이익 성장세를 보이며, PER 및 PBR 지표가 낮아 저평가 매력이 있습니다."", ""부채비율이 안정적인 수준이며, 영업현금흐름이 양호하여 재무 건전성이 뒷받침됩니다."", ""최근 1개월 수익률이 소폭 하락했으나, 52주 최고가 대비 현재 위치가 66.2%로 상승 여력이 남아있습니다.""]"
000270,기아,2023-10-04,83500,Buy,75,"[""기아는 견조한 매출 및 영업이익 성장세를 보이며, 전년 대비 큰 폭의 증가를 기록했습니다."", ""PER 6.1, PBR 0.81은 현재 주가가 기업 가치 대비 저평가되어 있음을 시사합니다."", ""최근 1개월 수익률이 양호한 흐름을 보이고 있으며, 52주 최고가 대비 현재 위치가 높아 추가 상승 여력이 존재합니다.""]"
000270,기아,2023-11-01,78500,Buy,85,"[""최근 30일간 발표된 애널리스트 리포트에서 일관되게 높은 목표주가와 긍정적인 전망을 제시하고 있습니다."", ""PER 5.7배, PBR 0.77배로 현재 주가가 기업의 내재가치 대비 저평가되어 있다는 분석이 지배적입니다."", ""최근 1개월 수익률은 하락했지만, 거래량 변화율이 42.99%로 증가하며 투자자들의 관심이 재조명되고 있음을 시사합니다.""]"
000270,기아,2023-12-01,84100,Buy,80,"[""최근 애널리스트 리포트에서 긍정적인 전망과 함께 높은 목표주가가 제시되고 있으며, 이는 향후 주가 상승에 대한 기대감을 높입니다."", ""기아의 연간 실적이 매출과 영업이익 모두 큰 폭으로 성장했으며, 영업이익률 또한 개선되어 기업의 펀더멘탈이 견고함을 보여줍니다."", ""현재 주가가 52주 최고가 대비 높은 위치에 있지만, 최근 1개월 수익률이 긍정적인 점과 전기차 라인업 확장 등 미래 성장 동력에 대한 기대감이 주가 상승을 지지할 가능성이 있습니다.""]"
000270,기아,2024-01-02,93800,Buy,75,"[""최근 1개월 수익률이 13.49%로 양호하며, 52주 최고가 대비 현재 위치가 높아 상승 모멘텀이 유지되고 있습니다."", ""애널리스트 리포트에서 제시된 목표주가(125,000원 ~ 130,000원)가 현재가(93,800원) 대비 상당한 상승 여력을 시사합니다."", ""연간 실적에서 매출과 영업이익이 큰 폭으로 증가했으며, 영업이익률 또한 개선되어 기업의 펀더멘털이 견조함을 보여줍니다.""]"
000270,기아,2024-02-01,119500,Buy,75,"[""최근 1개월 수익률이 13.33%로 양호하며, 거래량 변화율도 33.67%로 증가 추세를 보이고 있습니다."", ""연간 실적에서 매출과 영업이익이 전년 대비 큰 폭으로 증가했으며, 영업이익률도 개선되었습니다."", ""대부분의 애널리스트 리포트에서 목표주가를 현재가 대비 상향 제시하고 있으며, 주주환원 정책에 대한 긍정적인 평가가 있습니다.""]"
000270,기아,2024-03-04,123000,Buy,85,"[""기아는 52주 최고가에 근접한 수준에서 거래되고 있으며, 최근 1개월 수익률이 28.16%로 강한 상승세를 보이고 있습니다."", ""연간 실적에서 매출과 영업이익이 전년 대비 큰 폭으로 증가했으며, 영업이익률도 개선되는 등 펀더멘털이 견조합니다."", ""애널리스트 리포트에서 목표주가 150,000원을 제시하며 추가 상승 여력을 시사하고 있습니다.""]"
000270,기아,2024-04-01,104700,Buy,75,"[""기아는 견조한 연간 실적 성장과 높은 영업이익률을 기록하며 재무적으로 안정적인 모습을 보이고 있습니다."", ""PER 4.9배, PBR 0.91배는 현재 주가가 기업 가치 대비 저평가되었을 가능성을 시사합니다."", ""최근 1개월 수익률이 마이너스였으나, 애널리스트 리포트에서 제시된 목표주가 140,000원은 현재가 대비 상당한 상승 여력을 보여줍니다.""]"
000270,기아,2024-05-02,113900,Buy,85,"[""최근 애널리스트 리포트에서 일관되게 긍정적인 전망과 함께 목표주가가 현재가 대비 상승 여력을 시사하고 있습니다."", ""연간 실적에서 매출과 영업이익이 전년 대비 큰 폭으로 성장했으며, 영업이익률 또한 양호한 수준을 유지하고 있습니다."", ""현재 주가가 52주 최고가 대비 약 17% 하락한 수준에 있으며, 최근 1개월 수익률이 10% 이상으로 상승세를 보이고 있어 추가 상승 가능성이 있습니다.""]"
000270,기아,2024-06-03,119000,Buy,75,"[""기아는 견조한 매출 및 영업이익 성장세를 보이며, 영업이익률 또한 개선되는 등 펀더멘털 측면에서 긍정적인 흐름을 유지하고 있습니다."", ""현재 주가는 52주 최고가 대비 하락한 위치에 있으나, 52주 최저가 대비 높은 수준을 유지하며 상승 추세를 이어갈 잠재력을 보여줍니다."", ""PER 5.4, PBR 1.01, ROE 18.6% 등 재무지표가 양호하며, 부채비율 73.2%와 영업현금흐름 또한 안정적인 재무 상태를 뒷받침합니다.""]"
000270,기아,2024-07-01,123600,Buy,75,"[""기아는 견조한 실적 성장과 함께 PER, PBR 등 밸류에이션 지표가 매력적인 수준에 있어 상승 여력이 충분합니다."", ""최근 1개월 수익률이 9.26%로 양호한 흐름을 보이고 있으며, 52주 최고가 대비 현재 위치가 높아 추가 상승에 대한 기대감을 높입니다."", ""부채비율이 낮고 영업현금흐름이 양호하여 재무 안정성이 뛰어나 투자 매력도를 더합니다.""]"
000270,기아,2024-08-01,107100,Buy,75,"[""최근 애널리스트 리포트에서 제시된 목표주가 평균이 현재가 대비 상당한 상승 여력을 시사하고 있습니다."", ""견조한 연간 실적 성장률과 높은 영업이익률, 안정적인 재무 구조는 펀더멘털 측면에서 긍정적인 신호입니다."", ""최근 1개월 수익률 하락과 거래량 감소는 단기적인 조정으로 해석될 수 있으며, 이는 향후 반등의 기회가 될 수 있습니다.""]"
000270,기아,2024-09-02,102200,Buy,75,"[""기아는 견조한 매출 및 영업이익 성장세를 보이며, 영업이익률 또한 개선되는 등 펀더멘털이 매우 우수합니다."", ""PER 4.8배, PBR 0.89배는 현재 주가가 저평가되어 있음을 시사하며, ROE 18.6%는 높은 수익성을 나타냅니다."", ""최근 1개월 수익률은 다소 부진했으나, 거래량 변화율이 긍정적인 점은 향후 상승 가능성을 시사합니다.""]"
000270,기아,2024-10-02,98000,Buy,75,"[""기아는 견조한 매출 및 영업이익 성장세를 보이며, 영업이익률 또한 개선되는 등 펀더멘털이 매우 우수합니다."", ""PER 4.5배, PBR 0.83배로 밸류에이션 매력이 높으며, ROE 18.6%로 자본 효율성 또한 뛰어납니다."", ""최근 1개월 수익률은 하락했으나, 이는 단기적인 조정일 가능성이 높으며, 거래량 변화율 증가는 향후 상승에 대한 기대감을 높입니다.""]"
000270,기아,2024-11-01,97400,Buy,80,"[""최근 애널리스트 리포트들이 일회성 비용을 제외하면 견조한 실적을 예상하며 목표주가를 현재가 대비 높게 제시하고 있습니다."", ""PER 4.2, PBR 0.79, ROE 18.6% 등 재무 지표가 양호하며, 매출 및 영업이익의 높은 성장률을 기록했습니다."", ""부채비율이 73.2%로 안정적이며, 영업현금흐름도 양호하여 재무 건전성이 뒷받침되고 있습니다.""]"
000270,기아,2024-12-02,98000,Buy,75,"[""기아의 현재 주가는 52주 최고가 대비 상당한 할인율을 보이며, PER 및 PBR 지표 또한 낮아 저평가 매력이 존재합니다."", ""최근 애널리스트 리포트에서 두 건 모두 목표주가를 150,000원으로 제시하며 긍정적인 전망을 내놓고 있습니다."", ""연간 실적에서 매출과 영업이익이 큰 폭으로 성장했으며, 영업이익률 및 부채비율, 영업현금흐름 등 재무 안정성 지표도 양호한 편입니다.""]"
000270,기아,2025-01-02,100700,Buy,85,"[""최근 30일간 발표된 다수의 애널리스트 리포트에서 긍정적인 목표주가 상향 조정과 밸류업 프로그램 관련 기대감이 높게 나타나고 있습니다."", ""기아의 PER(4.6배) 및 PBR(0.85배)은 시장 평균 대비 낮은 수준으로, 저평가 매력이 부각될 가능성이 있습니다."", ""최근 1개월 수익률이 9.36%로 양호하며, 거래량 변화율도 7.01%로 긍정적인 수급 흐름을 보이고 있습니다.""]"
000270,기아,2025-02-03,96700,Buy,75,"[""최근 애널리스트 리포트에서 제시된 목표주가(140,000원 ~ 150,000원)가 현재가(96,700원) 대비 상당한 상승 여력을 시사하고 있습니다."", ""연간 실적에서 매출과 영업이익이 전년 대비 큰 폭으로 성장했으며, 영업이익률 또한 11.6%로 견조한 모습을 보이고 있습니다."", ""부채비율이 73.2%로 안정적인 수준이며, 영업현금흐름이 양호하여 재무 건전성이 뒷받침되고 있습니다.""]"
000270,기아,2025-03-04,95900,Buy,75,"[""기아는 견조한 실적 성장과 낮은 밸류에이션 지표를 바탕으로 저평가 매력이 부각되고 있습니다."", ""최근 1개월 수익률 하락은 단기적인 조정으로 해석될 수 있으며, 52주 최저가 대비 높은 위치는 추가 하락보다는 반등 가능성을 시사합니다."", ""긍정적인 영업현금흐름과 낮은 부채비율은 재무 안정성을 뒷받침하며, 이는 향후 주가 상승의 기반이 될 수 있습니다.""]"
000270,기아,2025-04-01,92100,Buy,85,"[""최근 애널리스트 리포트에서 신차 효과, 실적 개선, 자기주식 취득 및 소각 예정 등 긍정적인 전망과 함께 목표주가가 현재가 대비 높게 제시되고 있습니다."", ""PER 3.7, PBR 0.65 등 낮은 밸류에이션 지표는 현재 주가가 저평가되어 있을 가능성을 시사하며, ROE 17.4%는 양호한 수익성을 보여줍니다."", ""최근 1개월 수익률은 0.00%로 정체되어 있으나, 거래량 변화율이 25.67%로 증가한 점은 투자자들의 관심이 다시 높아지고 있음을 나타낼 수 있습니다.""]"
000270,기아,2025-05-02,88100,Buy,75,"[""기아의 PER(3.6배) 및 PBR(0.63배)은 시장 평균 대비 저평가된 수준으로 판단됩니다."", ""최근 30일간 애널리스트 리포트에서 제시된 목표주가 평균은 현재가 대비 상당한 상승 여력을 시사합니다."", ""연간 실적에서 매출과 영업이익이 전년 대비 꾸준히 성장하고 있으며, 영업이익률 또한 양호한 수준을 유지하고 있습니다.""]"
000270,기아,2025-06-02,89600,Neutral,60,"[""기아는 현재 52주 최저가 대비 높은 수준에 위치하고 있으나, 최근 1개월 수익률은 하락세를 보이고 있습니다."", ""PER, PBR 등 재무 지표는 저평가 가능성을 시사하지만, 기술적 지표는 단기적인 하락 압력을 나타내고 있습니다."", ""연간 실적은 견조한 성장세를 보이고 있으며 부채비율도 안정적인 수준이지만, 향후 20거래일 내 시장 대비 초과 상승 또는 하락을 명확히 판단하기에는 정보가 다소 불균형합니다.""]"
000270,기아,2025-07-01,100000,Buy,75,"[""기아는 PER 4.0, PBR 0.69로 저평가된 것으로 판단되며, ROE 17.4%로 높은 수익성을 보여주고 있습니다."", ""최근 1개월 수익률 5.90%와 거래량 변화율 21.02%는 긍정적인 수급 개선 신호로 해석될 수 있습니다."", ""연간 실적에서 매출과 영업이익이 전년 대비 증가했으며, 영업이익률 또한 양호한 수준을 유지하고 있습니다.""]"
000270,기아,2025-08-01,102800,Buy,75,"[""최근 애널리스트 리포트에서 목표주가가 현재가 대비 상승 여력이 높게 제시되고 있으며, 전반적으로 긍정적인 전망을 유지하고 있습니다."", ""PER 4.0, PBR 0.70, ROE 17.3% 등 재무지표가 양호하며, 부채비율 66.1%로 재무 안정성 또한 우수합니다."", ""최근 1개월 수익률은 소폭 상승했으나, 거래량 변화율이 14.88%로 증가하며 투자 심리 개선 가능성을 시사합니다.""]"
000270,기아,2025-09-01,107200,Buy,75,"[""기아는 현재가 107,200원으로 52주 최고가 110,400원에 근접해 있으며, 52주 내 현재 위치 86.3%로 상승 추세가 이어질 가능성이 높습니다."", ""최근 1개월 수익률 4.11%로 시장 대비 양호한 흐름을 보이고 있으며, 연간 실적 또한 매출과 영업이익 모두 전년 대비 증가하며 견조한 성장세를 나타내고 있습니다."", ""PER 4.3, PBR 0.74로 저평가 매력이 있으며, ROE 17.3%로 높은 수익성을 보여주고 있습니다. 부채비율 66.1%와 영업현금흐름 또한 안정적인 재무 상태를 뒷받침합니다.""]"
000270,기아,2025-10-01,104200,Buy,75,"[""기아는 PER 4.0, PBR 0.70으로 저평가된 것으로 보이며, ROE 17.3%로 높은 수익성을 보여주고 있습니다."", ""최근 1개월 수익률은 하락했지만, 52주 최고가 대비 현재 위치가 65.5%로 상승 여력이 남아있습니다."", ""연간 실적에서 매출과 영업이익이 전년 대비 증가했으며, 영업이익률과 영업현금흐름이 양호한 수준을 유지하고 있습니다."", ""애널리스트 리포트에서 목표주가 120,000원을 제시하며 긍정적인 전망을 내놓고 있습니다.""]"
000270,기아,2025-11-03,114400,Neutral,65,"[""최근 1개월 수익률이 높고 거래량 변화율이 크지만, 3분기 실적 부진 예상 및 목표주가 하향 조정 리포트가 혼재되어 있어 단기 방향성 판단이 어렵습니다."", ""현재가 52주 최고가에 근접해 있어 추가 상승 여력이 제한적일 수 있습니다."", ""재무 지표는 양호하나, 단기적인 시장 심리 및 실적 불확실성이 투자 방향 결정에 영향을 미칠 것으로 보입니다.""]"
000270,기아,2025-12-01,117000,Buy,75,"[""기아의 현재 PER(4.5) 및 PBR(0.79)은 시장 평균 대비 저평가된 수준으로 판단됩니다."", ""최근 애널리스트 리포트에서 제시된 목표주가 평균(약 143,000원)은 현재가(117,000원) 대비 상당한 상승 여력을 시사합니다."", ""연간 실적에서 매출과 영업이익이 전년 대비 꾸준히 성장하고 있으며, 영업이익률 또한 양호한 수준을 유지하고 있습니다.""]"
105560,KB금융,2023-01-02,49050,Neutral,55,"[""제공된 재무 및 실적 정보가 매우 부족하여 기업의 본질적인 가치 판단이 어렵습니다."", ""기술적 지표상 최근 1개월 수익률이 마이너스이고 거래량 변화율도 하락세를 보이고 있어 단기적인 하락 압력이 존재합니다."", ""하지만 52주 최고가 대비 현재 위치가 상대적으로 낮아 반등의 여지도 배제할 수 없어 명확한 매수 또는 매도 신호를 판단하기 어렵습니다.""]"
105560,KB금융,2023-02-01,56400,Neutral,55,"[""제공된 재무 및 실적 정보가 매우 부족하여 KB금융의 본질적인 가치 평가가 어렵습니다."", ""최근 1개월 수익률이 높고 거래량 변화율이 크다는 점은 긍정적이나, 이는 단기적인 수급 요인일 가능성도 있습니다."", ""52주 최고가 대비 현재 위치가 62.0%로 상승 여력이 남아있다고 볼 수도 있으나, 목표주가 65,000원 대비 상승 여력이 크지 않아 매수 강도를 높이기 어렵습니다.""]"
105560,KB금융,2023-03-02,50000,Neutral,60,"[""최근 1개월 수익률이 -9.48%로 하락세를 보이고 있으나, 52주 최고가 대비 현재 위치가 37.9%로 여전히 상승 여력이 존재합니다."", ""애널리스트 리포트에서 목표주가가 현재가 대비 높게 제시되고 있으며, 주주환원에 대한 기대감이 긍정적인 요인으로 작용할 수 있습니다."", ""하지만 PER, PBR, ROE, 매출, 영업이익, 부채비율 등 핵심 재무 및 실적 지표 정보가 부족하여 명확한 투자 방향을 설정하기 어렵습니다.""]"
105560,KB금융,2023-04-03,47750,Neutral,55,"[""제공된 재무 및 기술 지표만으로는 KB금융의 향후 20거래일 투자 방향을 명확히 판단하기 어렵습니다."", ""PER, PBR, ROE, 매출, 영업이익, 순이익 등 핵심 재무 지표 정보가 누락되어 있어 기업의 현재 가치 및 수익성을 평가할 수 없습니다."", ""최근 1개월 수익률이 마이너스이고 거래량 변화율도 감소하는 등 단기적인 투자 심리가 위축될 가능성이 있으나, 52주 최고가 대비 현재 위치가 낮아 반등 여지도 존재합니다.""]"
105560,KB금융,2023-05-02,48300,Neutral,60,"[""제공된 재무 및 실적 정보가 매우 부족하여 펀더멘탈 분석이 어렵습니다."", ""애널리스트 리포트에서 목표주가가 현재가 대비 상승 여력을 시사하지만, 의견이 다소 엇갈립니다."", ""기술적 지표상 52주 최저가 대비 상승했으나, 최고가 대비로는 상당한 하락폭을 보이고 있어 방향성 판단이 불확실합니다.""]"
105560,KB금융,2023-06-01,47450,Neutral,55,"[""제공된 재무 및 실적 정보가 매우 부족하여 기업의 본질적인 가치 평가가 어렵습니다."", ""기술적 지표상 52주 최저가 대비 상승했으나 최근 1개월 수익률은 하락세를 보이고 있어 방향성이 불확실합니다."", ""애널리스트 리포트에서 긍정적인 목표주가를 제시했으나, 이는 단기적인 투자 심리에 영향을 줄 수 있는 요인으로, 현재 정보만으로는 매수 근거가 충분하지 않습니다.""]"
105560,KB금융,2023-07-03,48400,Buy,75,"[""최근 30일간 애널리스트 리포트에서 모두 긍정적인 전망과 함께 목표주가를 제시하고 있어 상승 여력이 충분하다고 판단됩니다."", ""현재가 48,400원은 52주 최저가 43,700원 대비 높은 수준이지만, 52주 최고가 60,000원 대비로는 아직 상승 여력이 남아있습니다."", ""최근 1개월 수익률이 3.95%로 양호한 흐름을 보이고 있으며, 이는 시장 대비 초과 상승 가능성을 시사합니다.""]"
105560,KB금융,2023-08-01,52600,Buy,75,"[""최근 1개월 수익률이 8.53%로 양호하며, 거래량 변화율도 26.96%로 긍정적인 흐름을 보이고 있습니다."", ""최근 30일 내 애널리스트 리포트에서 제시된 목표주가들이 현재가(52,600원) 대비 상향 조정되었으며, 대부분 긍정적인 전망을 제시하고 있습니다."", ""52주 최고가(60,000원) 대비 현재 위치가 55.8%로, 상승 여력이 남아있다고 판단됩니다.""]"
105560,KB금융,2023-09-01,54000,Neutral,55,"[""제공된 재무 지표(PER, PBR, ROE, 매출, 영업이익, 영업이익률, 순이익, 부채비율, 영업현금흐름)가 대부분 '해당없음' 또는 'N/A'로, 기업의 현재 재무 상태 및 수익성에 대한 명확한 판단이 어렵습니다."", ""기술 지표상 52주 최고가 대비 현재 위치가 60.7%로 중간 수준이며, 최근 1개월 수익률은 소폭 상승했으나 거래량 변화율은 크게 하락하여 투자 심리가 위축되었을 가능성을 시사합니다."", ""유일하게 긍정적인 정보인 애널리스트 리포트에서 목표주가 70,000원을 제시하며 긍정적인 전망을 내놓았으나, 이는 2023년 8월 11일 기준이며 현재 시점의 시장 상황 및 기업의 추가적인 실적 변화를 반영하지 못할 수 있습니다.""]"
105560,KB금융,2023-10-04,53600,Buy,75,"[""최근 1개월 수익률 3.99%로 시장 대비 양호한 흐름을 보이고 있으며, 거래량 변화율도 긍정적인 신호를 나타냅니다."", ""애널리스트 리포트에서 NIM 상승 추세 지속과 지배구조 불확실성 해소 가능성을 언급하며 목표주가 68,000원을 제시한 점은 긍정적입니다."", ""현재 주가가 52주 최고가 대비 약 10.5% 하락한 수준으로, 추가 상승 여력이 존재한다고 판단됩니다.""]"
105560,KB금융,2023-11-01,51000,Buy,75,"[""최근 30일간 애널리스트 리포트에서 제시된 목표주가들이 현재가 대비 상당한 상승 여력을 시사하고 있습니다."", ""52주 최고가 대비 현재 위치가 40.8%로, 상승 여력이 남아있을 가능성을 보여줍니다."", ""최근 1개월 수익률이 마이너스임에도 불구하고 거래량 변화율이 9.27%로 긍정적인 신호를 보이며, 이는 향후 반등 가능성을 시사합니다.""]"
105560,KB금융,2023-12-01,51500,Neutral,55,"[""제공된 재무 및 실적 정보가 매우 부족하여 KB금융의 본질적인 가치 평가가 어렵습니다."", ""기술적 지표상 52주 최고가 대비 현재 위치가 40% 수준으로 상승 여력이 남아있으나, 최근 1개월 수익률이 소폭 상승에 그치고 거래량 변화율이 하락한 점은 매수세 약화를 시사합니다."", ""애널리스트 리포트에서 목표주가 70,000원을 제시하며 긍정적인 전망을 내놓았으나, 이는 향후 20거래일의 단기적인 방향성을 확정하기에는 근거가 제한적입니다.""]"
105560,KB금융,2024-01-02,52600,Neutral,55,"[""제공된 재무 및 실적 정보가 매우 부족하여 기업의 본질적인 가치 평가가 어렵습니다."", ""기술적 지표상 최근 1개월 수익률은 긍정적이나, 거래량 변화율은 부정적인 신호를 보이고 있어 방향성이 불확실합니다."", ""52주 최고가 대비 현재 위치가 중간 지점에 있어 추가 상승 또는 하락 가능성이 혼재되어 있습니다.""]"
105560,KB금융,2024-02-01,66300,Neutral,55,"[""제공된 재무 및 실적 정보가 매우 부족하여 기업의 본질적인 가치 판단이 어렵습니다."", ""기술적 지표상 52주 최고가에 도달한 상태이며, 최근 1개월 수익률이 높고 거래량 변화율이 크다는 점은 단기적인 상승 모멘텀을 시사하지만, 추가 상승 여력에 대한 불확실성이 존재합니다."", ""애널리스트 리포트에서 목표주가 65,000원을 제시했으나, 현재가 66,300원과 비교했을 때 추가 상승 여력이 크지 않거나 이미 목표가를 상회하고 있어 매수 신호로 보기 어렵습니다.""]"
105560,KB금융,2024-03-04,69500,Buy,75,"[""최근 1개월 수익률이 23.43%로 강한 상승세를 보이고 있으며, 52주 최고가에 근접한 97.0% 위치에 있어 추가 상승 여력이 기대됩니다."", ""최근 30일 내 애널리스트 리포트에서 제시된 목표주가들이 현재가 대비 15% 이상 높아 긍정적인 전망을 뒷받침합니다."", ""거래량 변화율이 113.51%로 높게 나타나 투자자들의 관심이 집중되고 있으며, 이는 매수세 유입 가능성을 시사합니다.""]"
105560,KB금융,2024-04-01,68900,Buy,75,"[""KB금융은 현재가 68,900원으로 52주 최고가 78,600원 대비 하락한 상태이며, 52주 내 위치가 68.2%로 상승 여력이 남아있습니다."", ""최근 1개월 수익률이 7.72%로 양호한 흐름을 보이고 있으며, 애널리스트 리포트에서도 견조한 주주 환원과 함께 목표주가 86,000원을 제시하여 긍정적인 전망을 나타내고 있습니다."", ""PER 5.9, PBR 0.43 등 낮은 밸류에이션 지표는 저평가 매력을 시사하며, 영업이익이 전년 대비 21.7% 증가한 점은 실적 개선 가능성을 보여줍니다.""]"
105560,KB금융,2024-05-02,73700,Buy,85,"[""최근 5건의 애널리스트 리포트 모두 긍정적인 전망과 함께 목표주가를 제시하고 있으며, 이는 향후 주가 상승에 대한 기대감을 높입니다."", ""현재 주가는 52주 최고가 대비 약 80.4% 수준으로, 추가 상승 여력이 존재한다고 판단됩니다."", ""최근 1개월 수익률이 5.70%로 양호한 흐름을 보이고 있으며, 이는 시장에서 긍정적인 모멘텀이 작용하고 있음을 시사합니다.""]"
105560,KB금융,2024-06-03,77600,Buy,75,"[""KB금융은 현재 52주 최고가 대비 낮은 수준에 위치해 있으며, 최근 1개월 수익률이 긍정적인 흐름을 보이고 있습니다."", ""애널리스트 리포트에서 긍정적인 목표주가(88,000원)를 제시하며 실적과 주주 환원에 대한 기대감을 나타내고 있습니다."", ""영업이익이 전년 대비 21.7% 증가하는 등 견조한 실적 성장세를 보이고 있으며, 이는 주가 상승의 잠재적 동력이 될 수 있습니다.""]"
105560,KB금융,2024-07-01,83200,Buy,75,"[""KB금융은 현재 52주 최고가에 근접한 수준으로, 이는 강한 상승 추세를 시사합니다."", ""PER 6.9, PBR 0.50은 금융 업종 내에서 저평가된 매력을 보여주며, 이는 향후 상승 여력을 나타냅니다."", ""전년 대비 21.7% 증가한 영업이익은 견조한 실적 개선세를 보여주며 투자 심리에 긍정적인 영향을 줄 수 있습니다.""]"
105560,KB금융,2024-08-01,83200,Buy,85,"[""최근 30일간 애널리스트 리포트에서 일관되게 긍정적인 실적 전망과 함께 목표주가가 현재가 대비 상당한 상승 여력을 제시하고 있습니다."", ""KB금융의 PER(7.6배)과 PBR(0.56배)은 금융업종 평균 대비 저평가된 수준으로 판단되며, 이는 향후 주가 상승의 잠재력을 시사합니다."", ""최근 1개월 수익률이 4.62%로 양호하며, 52주 최고가 대비 현재 위치가 94.2%로 상승 추세가 강하게 나타나고 있습니다.""]"
105560,KB금융,2024-09-02,87000,Neutral,60,"[""KB금융은 현재 52주 최고가에 근접한 높은 가격대에 위치하고 있어 단기적인 추가 상승 여력이 제한적일 수 있습니다."", ""최근 1개월 수익률이 소폭 하락하고 거래량 변화율이 감소한 점은 투자 심리가 다소 위축되었음을 시사합니다."", ""하지만 PER, PBR 등 밸류에이션 지표가 낮고 영업이익이 전년 대비 크게 증가한 점은 긍정적인 요인으로 작용할 수 있습니다.""]"
105560,KB금융,2024-10-02,82600,Buy,75,"[""KB금융은 현재 PER 7.0, PBR 0.51로 저평가된 것으로 보이며, 이는 밸류업 프로그램 기대감과 맞물려 상승 여력을 시사합니다."", ""최근 애널리스트 리포트에서 목표주가를 105,000원 ~ 110,000원으로 제시하며 현재가 대비 상승 가능성을 높게 보고 있습니다."", ""영업이익이 전년 대비 21.7% 증가하는 등 견조한 실적 성장세를 보이고 있으며, 이는 주가 상승의 긍정적인 요인으로 작용할 수 있습니다.""]"
105560,KB금융,2024-11-01,90700,Buy,85,"[""최근 1개월 수익률이 13.47%로 강한 상승세를 보이고 있으며, 52주 최고가 대비 현재 위치가 82.2%로 상승 여력이 남아있습니다."", ""최근 30일간 애널리스트 리포트에서 모두 긍정적인 전망과 함께 110,000원 이상의 목표주가를 제시하고 있어 추가 상승 가능성이 높습니다."", ""KB금융은 밸류업 프로그램 관련 수혜 기대감과 함께 견조한 실적 성장세를 기록하고 있으며, 주주환원 정책 강화에 대한 기대감도 주가에 긍정적인 영향을 미칠 것으로 예상됩니다.""]"
105560,KB금융,2024-12-02,101200,Buy,75,"[""KB금융은 현재 52주 최고가에 근접한 수준으로, 기술적으로 강한 상승 모멘텀을 보여주고 있습니다."", ""최근 애널리스트 리포트에서 제시된 목표주가(118,000원 ~ 120,000원)는 현재가 대비 상승 여력이 있음을 시사합니다."", ""견조한 영업이익 증가율(+21.7%)과 낮은 PER(8.3), PBR(0.61)은 저평가 매력을 나타내며, 이는 향후 주가 상승의 기반이 될 수 있습니다.""]"
105560,KB금융,2025-01-02,83800,Neutral,60,"[""KB금융은 현재 PER과 PBR이 낮아 저평가 매력이 있으나, 최근 1개월 수익률이 크게 하락하며 투자 심리가 위축된 모습을 보이고 있습니다."", ""영업이익이 전년 대비 크게 증가했음에도 불구하고, 부채비율이 매우 높아 재무 안정성에 대한 우려가 존재합니다."", ""기술적 지표상 52주 최고가 대비 현재 위치가 65.7%로 상승 여력이 남아있으나, 거래량 변화율이 높다는 점은 변동성 확대 가능성을 시사합니다.""]"
105560,KB금융,2025-02-03,91300,Buy,75,"[""최근 애널리스트 리포트에서 목표주가가 현재가 대비 상승 여력을 시사하고 있으며, 외국인 투자자들의 긍정적인 시각이 반영되고 있습니다."", ""PER 7.7배, PBR 0.56배는 금융업종 내에서 상대적으로 저평가된 수준으로 판단되며, 이는 향후 주가 상승의 잠재력을 내포합니다."", ""최근 1개월 수익률이 3.86%로 양호한 흐름을 보이고 있으며, 52주 최고가 대비 현재 위치가 76.1%로 상승 추세에 대한 기대감을 높입니다.""]"
105560,KB금융,2025-03-04,76600,Buy,75,"[""최근 1개월 수익률이 -15.05%로 하락했으나, 이는 단기적인 조정일 가능성이 있으며, 52주 최저가 대비 현재 위치가 40.1%로 상승 여력이 존재합니다."", ""애널리스트 리포트에서 제시된 목표주가(110,000원 ~ 120,000원)는 현재가(76,600원) 대비 상당한 상승 여력을 시사합니다."", ""영업이익이 전년 대비 21.7% 증가하는 등 견조한 실적 성장세를 보이고 있으며, PER 6.7배, PBR 0.49배는 저평가 매력을 시사합니다.""]"
105560,KB금융,2025-04-01,80500,Neutral,55,"[""KB금융은 현재 52주 최고가 대비 상당한 할인율을 보이고 있으며, 영업이익이 전년 대비 크게 증가하는 등 긍정적인 실적 개선세를 나타내고 있습니다."", ""하지만 높은 부채비율은 재무 안정성에 대한 우려를 제기하며, 최근 거래량 감소는 투자 심리 위축 가능성을 시사합니다."", ""제공된 정보만으로는 향후 20거래일 동안 KOSPI 시장 수익률 대비 초과 상승 또는 하락을 명확히 판단하기에 정보가 다소 제한적입니다.""]"
105560,KB금융,2025-05-02,93600,Buy,85,"[""최근 1개월 수익률이 15.78%로 강한 상승세를 보이고 있으며, 52주 최고가 대비 현재 위치가 78.7%로 상승 여력이 남아있습니다."", ""최근 30일간 발표된 5건의 애널리스트 리포트 모두 긍정적인 전망과 함께 112,000원 ~ 126,000원의 목표주가를 제시하고 있습니다."", ""영업이익이 전년 대비 26.0% 증가하는 등 견조한 실적 개선세를 보이고 있으며, PER 7.2, PBR 0.58은 저평가 매력을 시사합니다.""]"
105560,KB금융,2025-06-02,107900,Buy,75,"[""KB금융은 현재가 107,900원으로 52주 최고가 104,300원을 상회하며 강한 상승 추세를 보이고 있습니다."", ""최근 1개월 수익률이 13.90%로 단기적으로도 긍정적인 흐름을 이어가고 있습니다."", ""영업이익이 전년 대비 26.0% 증가하는 등 견조한 실적 개선세를 보이고 있으며, 이는 주가 상승의 기반이 될 수 있습니다."", ""다만, 부채비율이 1167.0%로 다소 높은 점은 투자 시 고려해야 할 부분입니다.""]"
105560,KB금융,2025-07-01,113500,Buy,75,"[""KB금융은 현재 52주 최고가에 근접한 수준으로, 최근 1개월 수익률도 긍7.89%로 양호한 흐름을 보이고 있습니다."", ""최근 애널리스트 리포트에서 목표주가를 상향하며 긍정적인 전망을 제시하고 있으며, 특히 주주환원 정책 강화에 대한 기대감이 높습니다."", ""영업이익이 전년 대비 26.0% 증가하는 등 견조한 실적 개선세를 보이고 있으며, PER 8.6배, PBR 0.69배로 저평가 매력도 존재합니다.""]"
105560,KB금융,2025-08-01,108400,Buy,85,"[""최근 30일간 애널리스트 리포트에서 제시된 목표주가들이 현재가 대비 상당한 상승 여력을 시사하며, 전반적으로 긍정적인 투자의견을 유지하고 있습니다."", ""KB금융의 영업이익과 순이익이 전년 대비 큰 폭으로 증가했으며, 이는 견조한 실적 개선세를 보여줍니다."", ""PER 8.2배, PBR 0.66배는 금융업종 내에서 상대적으로 저평가된 수준으로 판단되며, 향후 밸류에이션 매력 부각 가능성이 있습니다.""]"
105560,KB금융,2025-09-01,108800,Neutral,60,"[""KB금융은 현재 52주 최고가 대비 약 71.1% 수준에 위치하며, 최근 1개월 수익률이 마이너스를 기록하고 거래량 변화율도 감소하는 등 단기적인 하락 압력이 관찰됩니다."", ""하지만 PER 8.3배, PBR 0.67배는 금융주 평균 대비 저평가 가능성을 시사하며, 긍정적인 영업이익 증가율(+26.0%)과 애널리스트의 긍정적인 목표주가 제시(137,000원)는 상승 여력을 보여줍니다."", ""높은 부채비율(1167.0%)은 재무 안정성에 대한 우려를 제기하며, 영업현금흐름 정보 부재는 추가적인 분석을 어렵게 만들어 명확한 매수 또는 매도 신호를 판단하기 어렵습니다.""]"
105560,KB금융,2025-10-01,116800,Buy,75,"[""KB금융은 현재 52주 최고가 대비 낮은 수준에 위치하며, 최근 1개월 수익률이 긍정적인 흐름을 보이고 있습니다."", ""영업이익이 전년 대비 26.0% 증가하는 등 견조한 실적 개선세를 나타내고 있습니다."", ""PER 9.0, PBR 0.72는 금융업종 내에서 상대적으로 저평가된 매력을 시사합니다.""]"
105560,KB금융,2025-11-03,121900,Buy,85,"[""KB금융은 현재 52주 최고가에 근접한 수준으로, 기술적으로 강한 상승 모멘텀을 보여주고 있습니다."", ""최근 1개월 수익률이 4.70%로 양호하며, 거래량 변화율도 16.89%로 긍정적인 신호를 보내고 있습니다."", ""애널리스트 리포트에서 제시된 목표주가들이 현재가 대비 상당한 상승 여력을 시사하며, 특히 2025년 주주환원 기대감이 높습니다.""]"
105560,KB금융,2025-12-01,132000,Buy,75,"[""KB금융은 현재가 132,000원으로 52주 최고가 134,700원에 근접해 있으며, 52주 내 현재 위치가 86.9%로 높은 수준입니다."", ""최근 1개월 수익률이 8.32%로 양호하며, 거래량 변화율도 19.80%로 증가 추세를 보이고 있습니다."", ""애널리스트 리포트에서 목표주가 184,000원을 제시하며 긍정적인 전망을 내놓고 있습니다."", ""연간 영업이익이 전년 대비 26.0% 증가하는 등 견조한 실적 개선세를 보이고 있습니다.""]"
055550,신한지주,2023-01-02,35000,Neutral,55,"[""제공된 재무 및 실적 정보가 매우 부족하여 신뢰할 만한 분석이 어렵습니다."", ""기술적 지표상 최근 1개월 수익률이 마이너스이고 거래량 변화율도 하락세를 보이고 있어 단기적인 하락 압력이 존재합니다."", ""하지만 52주 최고가 대비 현재 위치가 상대적으로 낮고, 52주 최저가와의 격차가 크지 않아 반등 가능성도 배제할 수 없습니다.""]"
055550,신한지주,2023-02-01,41250,Buy,75,"[""최근 1개월 수익률이 20.60%로 강한 상승세를 보이고 있으며, 거래량 변화율도 89.65%로 높아 투자자들의 관심이 집중되고 있습니다."", ""52주 최고가 대비 현재 위치가 78.7%로, 아직 상승 여력이 남아있다고 판단됩니다."", ""애널리스트 리포트에서 제시된 목표주가(55,000원, 50,000원)가 현재가(41,250원) 대비 높아 긍정적인 전망을 뒷받침합니다.""]"
055550,신한지주,2023-03-02,37050,Neutral,55,"[""신한지주는 현재 52주 최저가 대비 높은 수준에 위치해 있으나, 최근 1개월 수익률이 마이너스를 기록하며 하락세를 보이고 있습니다."", ""애널리스트 리포트에서는 목표주가가 현재가 대비 높게 제시되고 있으나, 일부 리포트에서는 추가 비용 인식 및 배당 정책에 대한 아쉬움을 언급하며 상반된 의견을 보이고 있습니다."", ""제공된 재무 및 기술 지표에서 적자, N/A 값이 다수 존재하여 명확한 투자 방향 판단에 어려움이 있으며, 거래량 변화율 또한 하락세를 나타내고 있습니다.""]"
055550,신한지주,2023-04-03,35150,Neutral,55,"[""제공된 재무 및 실적 정보가 매우 제한적이어서 신한지주의 내재 가치 판단이 어렵습니다."", ""현재가 35,150원은 52주 최저가 33,400원 대비 소폭 높은 수준이지만, 52주 최고가 44,900원과는 상당한 거리가 있습니다."", ""최근 1개월 수익률이 마이너스(-)를 기록하고 있으나, 거래량 변화율이 소폭 상승한 점은 향후 변동성을 시사합니다.""]"
055550,신한지주,2023-05-02,34850,Neutral,55,"[""제공된 재무 및 실적 정보가 매우 부족하여 신뢰도 있는 분석이 어렵습니다."", ""애널리스트 리포트에서는 긍정적인 의견과 부정적인 의견이 혼재되어 있어 명확한 방향성을 제시하기 어렵습니다."", ""기술적 지표상 52주 최저가에 근접해 있으나, 최근 거래량 감소는 투자 심리 위축을 시사할 수 있습니다.""]"
055550,신한지주,2023-06-01,34950,Neutral,55,"[""신한지주의 PER, PBR, ROE, 연간 실적, 재무 안정성 지표가 제공되지 않아 기업의 본질적인 가치 평가 및 재무 건전성 판단이 어렵습니다."", ""최근 애널리스트 리포트에서 목표주가가 현재가 대비 상승 여력을 시사하지만, 배당수익률 저하에 대한 우려도 제기되어 상반된 의견이 존재합니다."", ""기술적 지표상 52주 최저가 대비 현재 위치가 높지 않고 최근 1개월 수익률이 소폭 하락했으나, 거래량 변화율이 긍정적인 신호를 보이고 있어 방향성 판단에 불확실성이 있습니다.""]"
055550,신한지주,2023-07-03,34100,Neutral,55,"[""신한지주의 PER, PBR, ROE, 매출, 영업이익, 순이익, 부채비율, 영업현금흐름 등 핵심 재무 및 실적 지표가 제공되지 않아 기업의 내재가치 및 재무 건전성을 판단하기 어렵습니다."", ""최근 1개월 수익률이 소폭 하락했으며, 거래량 변화율도 감소하여 단기적인 투자 심리가 위축되었을 가능성이 있습니다."", ""유일하게 제공된 애널리스트 리포트에서는 2분기 실적 성장을 예상하며 목표주가를 제시하고 있으나, 이는 긍정적인 요인으로 작용할 수 있습니다. 그러나 다른 기술적, 재무적 지표의 불확실성이 높아 명확한 매수 또는 매도 신호를 내리기 어렵습니다.""]"
055550,신한지주,2023-08-01,35600,Neutral,60,"[""제공된 재무 및 실적 정보가 매우 제한적이어서 기업의 본질적인 가치 평가가 어렵습니다."", ""애널리스트 리포트에서 목표주가가 현재가 대비 상승 여력을 시사하지만, 실적 및 배당 정책에 대한 일부 아쉬움도 언급되어 상반된 의견이 존재합니다."", ""최근 1개월 수익률과 거래량 변화율은 긍정적인 신호를 보이나, 52주 최고가 대비 현재 위치가 낮아 추가 상승 여력과 하락 위험이 공존합니다.""]"
055550,신한지주,2023-09-01,35700,Neutral,55,"[""제공된 재무 및 기술 지표만으로는 명확한 투자 방향을 판단하기 어렵습니다."", ""PER, PBR, ROE, 매출, 영업이익, 순이익 등 핵심 재무 지표 정보가 누락되어 기업의 본질적인 가치 평가가 불가능합니다."", ""최근 1개월 수익률과 거래량 변화율이 부정적이지만, 52주 최고가 대비 현재 위치와 애널리스트의 긍정적인 목표주가는 상승 가능성을 시사합니다.""]"
055550,신한지주,2023-10-04,34300,Neutral,55,"[""제공된 재무 및 실적 정보가 매우 제한적이어서 신한지주의 현재 기업 가치 및 수익성을 정확히 평가하기 어렵습니다."", ""기술적 지표상 52주 최저가 대비 현재 위치가 20.6% 상승했으나, 최근 1개월 수익률은 소폭 하락하며 방향성이 명확하지 않습니다."", ""애널리스트 리포트에서 3분기 실적 부진 가능성을 언급했으나, 목표주가 45,000원은 현재가 대비 상승 여력을 시사하고 있어 상반된 신호로 해석될 수 있습니다.""]"
055550,신한지주,2023-11-01,34500,Neutral,55,"[""신한지주의 재무 및 기술 지표 정보가 매우 제한적이어서 명확한 투자 방향 판단이 어렵습니다."", ""최근 애널리스트 리포트에서는 목표주가가 현재가 대비 상승 여력을 시사하지만, 일부 리포트에서는 추가 비용 인식 가능성을 언급하며 상반된 의견을 보입니다."", ""최근 1개월 수익률이 소폭 하락하고 거래량 변화율도 감소한 점은 단기적인 매도 압력을 시사할 수 있으나, 전반적인 시장 상황 및 거시 경제 변수에 대한 정보가 부족하여 추세 전환 여부를 판단하기 어렵습니다.""]"
055550,신한지주,2023-12-01,36750,Neutral,55,"[""신한지주는 현재 52주 최고가 대비 낮은 수준에 위치해 있으며, 최근 1개월 수익률은 긍정적이나 거래량 변화율은 소폭 하락하여 방향성을 명확히 판단하기 어렵습니다."", ""제공된 재무 및 기술 지표가 부족하여 신한지주의 현재 기업 가치 및 성장 잠재력을 평가하기에 정보가 불충분합니다."", ""애널리스트 리포트에서 제시된 목표주가 43,000원은 현재가 대비 상승 여력을 시사하지만, 최근 실적에 대한 언급이 없어 투자 결정에 대한 확신을 갖기 어렵습니다.""]"
055550,신한지주,2024-01-02,37900,Neutral,55,"[""제공된 재무 및 실적 정보가 매우 제한적이어서 신한지주의 내재 가치 판단이 어렵습니다."", ""최근 1개월 수익률은 긍정적이나, 거래량 변화율은 소폭 하락하여 추세 전환 신호가 명확하지 않습니다."", ""52주 최고가 대비 현재 위치는 중간 수준으로, 향후 상승 및 하락 요인이 혼재되어 있어 명확한 방향성을 판단하기 어렵습니다.""]"
055550,신한지주,2024-02-01,45300,Neutral,60,"[""신한지주는 현재 52주 최고가에 근접해 있으며, 최근 1개월 수익률이 긍정적이나, PER, PBR, ROE 등 핵심 재무 지표 정보가 부족하여 명확한 상승 또는 하락 추세를 판단하기 어렵습니다."", ""최근 애널리스트 리포트에서 목표주가 46,000원을 제시하며 긍정적인 시각을 보였으나, 이는 현재가 대비 상승 여력이 크지 않음을 시사합니다."", ""거래량 변화율이 높다는 점은 시장의 관심이 증가하고 있음을 나타내지만, 이는 단기적인 변동성 확대 가능성도 내포하고 있어 투자 방향을 명확히 결정하기에는 정보가 제한적입니다.""]"
055550,신한지주,2024-03-04,44050,Buy,75,"[""최근 1개월 수익률이 10.64%로 양호하며, 52주 최고가 대비 현재 위치가 91.4%로 상승 추세에 있습니다."", ""최근 30일간 애널리스트 리포트에서 목표주가가 현재가 대비 상향 조정되었으며, 주주환원 정책 강화에 대한 기대감이 높습니다."", ""거래량 변화율이 148.02%로 크게 증가하여 투자자들의 관심이 집중되고 있음을 시사합니다.""]"
055550,신한지주,2024-04-01,44900,Buy,75,"[""신한지주는 현재가 기준으로 52주 최고가 대비 약 12.7% 하락한 수준으로, 52주 내에서 상대적으로 낮은 위치에 있어 상승 여력이 존재합니다."", ""최근 1개월 수익률이 4.59%로 양호한 흐름을 보이고 있으며, 거래량 변화율도 26.38%로 증가 추세를 나타내고 있습니다."", ""애널리스트 리포트에서 오버행 이슈에도 불구하고 상대적으로 저평가되어 있다는 분석과 함께 목표주가 57,000원을 제시하고 있어 향후 상승 가능성을 시사합니다."", ""PER 5.7, PBR 0.38은 금융업종 내에서 매력적인 밸류에이션 수준으로 판단됩니다.""]"
055550,신한지주,2024-05-02,46450,Buy,75,"[""최근 30일간 애널리스트 리포트에서 제시된 목표주가가 현재가 대비 상당한 상승 여력을 시사하며, 전반적으로 긍정적인 전망을 내놓고 있습니다."", ""PER 5.7배, PBR 0.39배는 금융업종 내에서 상대적으로 저평가된 수준으로, 향후 밸류에이션 정상화 가능성을 내포하고 있습니다."", ""최근 1개월 수익률이 소폭 상승세를 보이고 있으며, 52주 최고가 대비 현재 위치가 70% 수준으로 추가 상승 여력이 존재합니다.""]"
055550,신한지주,2024-06-03,45400,Buy,75,"[""신한지주의 현재 PER(5.8)과 PBR(0.40)은 낮은 수준으로 밸류에이션 매력이 존재합니다."", ""최근 애널리스트 리포트에서 목표주가 57,000원을 제시하며 긍정적인 전망을 내놓았습니다."", ""52주 최고가 대비 현재 위치가 76.3%로, 추가 상승 여력이 남아있다고 판단됩니다.""]"
055550,신한지주,2024-07-01,49500,Neutral,60,"[""신한지주는 현재 52주 최고가 대비 낮은 수준에 위치하며 최근 1개월 수익률은 긍정적이나, 거래량 변화율이 감소하고 있어 상승 모멘텀이 약화될 수 있습니다."", ""PER 6.0, PBR 0.40, ROE 6.7%는 금융업종 평균 대비 저평가 및 양호한 수익성을 시사하지만, 높은 부채비율(1128.3%)은 재무 안정성에 대한 우려를 남깁니다."", ""연간 실적에서 영업이익과 순이익 수치가 '조원' 단위로 표기되어 있어 실제 규모 파악이 어렵고, 영업현금흐름 정보가 없어 현금 창출 능력 판단이 제한적입니다.""]"
055550,신한지주,2024-08-01,57100,Buy,85,"[""최근 애널리스트 리포트에서 일관되게 긍정적인 전망과 함께 목표주가가 현재가 대비 상당한 상승 여력을 제시하고 있습니다."", ""최근 1개월 수익률이 18.79%로 강한 상승세를 보이고 있으며, 52주 최고가에 근접한 위치는 추가 상승에 대한 기대감을 높입니다."", ""PER 7.5배, PBR 0.51배는 금융업종 내에서 상대적으로 저평가된 수준으로, 기업가치 제고 정책과 맞물려 상승 가능성이 있습니다.""]"
055550,신한지주,2024-09-02,57200,Neutral,60,"[""신한지주의 현재가(57,200원)는 52주 최고가(61,400원) 대비 약 81.3% 수준으로, 상승 여력이 남아있다고 볼 수 있습니다."", ""PER 7.0, PBR 0.47은 금융업종 평균 대비 저평가 가능성을 시사하며, 이는 향후 주가 상승 요인이 될 수 있습니다."", ""최근 1개월 수익률이 -7.25%로 하락세를 보였고 거래량 변화율도 감소한 점은 단기적인 투자 심리 위축을 나타내며, 이는 향후 주가 상승을 제한할 수 있는 요인입니다."", ""영업이익과 순이익 수치가 '조원' 단위로 표기되어 있어 실제 규모 파악에 어려움이 있으며, 이는 투자 판단에 불확실성을 더합니다."", ""부채비율이 1128.3%로 매우 높아 재무 안정성에 대한 우려가 존재하며, 이는 잠재적인 하락 위험 요인이 될 수 있습니다.""]"
055550,신한지주,2024-10-02,54900,Neutral,60,"[""신한지주의 현재가(54,900원)는 52주 최고가(61,400원) 대비 약 10.6% 하락한 수준으로, 기술적으로는 추가 하락 여력이 제한적일 수 있습니다."", ""PER(7.0) 및 PBR(0.47) 지표는 금융업종 평균 대비 저평가 가능성을 시사하며, 이는 긍정적인 요인으로 작용할 수 있습니다."", ""하지만 최근 1개월 수익률(-2.95%) 및 거래량 변화율(-5.85%)은 약세 흐름을 나타내고 있으며, 높은 부채비율(1128.3%)은 재무 안정성에 대한 우려를 제기합니다.""]"
055550,신한지주,2024-11-01,54500,Buy,75,"[""최근 애널리스트 리포트에서 제시된 목표주가 평균이 현재가 대비 상당한 상승 여력을 시사합니다."", ""PER 6.7, PBR 0.46은 금융업종 내에서 저평가된 수준으로 판단됩니다."", ""최근 1개월 수익률이 소폭 하락했으나, 이는 단기적인 조정일 가능성이 있으며 52주 내 현재 위치가 높아 추가 상승 여력이 있습니다.""]"
055550,신한지주,2024-12-02,56400,Buy,75,"[""최근 애널리스트 리포트에서 목표주가를 상향하며 긍정적인 전망을 제시하고 있습니다."", ""PER 6.7배, PBR 0.45배로 금융업종 내에서 저평가 매력이 존재합니다."", ""52주 최고가 대비 현재 위치가 70.1%로 상승 여력이 남아있습니다.""]"
055550,신한지주,2025-01-02,48200,Neutral,60,"[""신한지주는 현재 PER 5.9배, PBR 0.40배로 저평가된 것으로 보이나, 최근 1개월 수익률이 -9.91%로 하락세를 보이고 있습니다."", ""영업이익이 전년 대비 소폭 증가했으나, 부채비율이 1128.3%로 매우 높아 재무 안정성에 대한 우려가 존재합니다."", ""52주 최고가 대비 현재 위치가 45.5%로 절반 이상 하락한 상태이며, 거래량 변화율이 26.04%로 증가한 점은 변동성 확대 가능성을 시사합니다.""]"
055550,신한지주,2025-02-03,51000,Buy,75,"[""신한지주는 현재 낮은 PER과 PBR 수준으로 저평가되어 있으며, 밸류업 프로그램 기대감으로 목표주가가 상향 조정된 애널리스트 리포트가 존재합니다."", ""최근 1개월 수익률이 양호한 흐름을 보이고 있으며, 52주 최고가 대비 현재 위치가 중간 수준으로 추가 상승 여력이 있습니다."", ""영업이익이 전년 대비 소폭 증가하는 등 견조한 실적을 유지하고 있습니다.""]"
055550,신한지주,2025-03-04,44650,Buy,75,"[""신한지주는 현재 PER 5.7배, PBR 0.39배로 낮은 밸류에이션 매력을 보유하고 있으며, 이는 향후 상승 여력을 시사합니다."", ""최근 애널리스트 리포트에서 목표주가가 현재가 대비 높게 제시되고 있으며, '밸류업 선도 은행'으로 평가받는 등 긍정적인 전망이 다수 존재합니다."", ""최근 1개월 수익률은 하락했으나, 거래량 변화율이 60.60%로 높게 나타나 투자자들의 관심이 증가하고 있음을 보여줍니다.""]"
055550,신한지주,2025-04-01,48700,Neutral,55,"[""신한지주의 PER은 5.7로 낮아 저평가 가능성을 시사하지만, PBR, ROE, 부채비율, 영업현금흐름 등 핵심 재무 안정성 지표가 누락되어 있어 종합적인 재무 건전성 판단이 어렵습니다."", ""최근 1개월 수익률은 4.91%로 긍정적이나, 거래량 변화율이 -23.20%로 감소한 점은 투자 심리 위축 가능성을 배제할 수 없습니다."", ""연간 실적에서 영업이익과 순이익 수치가 '조원' 단위로 표기되어 있어 실제 규모 파악에 어려움이 있으며, 매출 및 영업이익률 정보가 없어 실적 성장성 판단이 제한적입니다.""]"
055550,신한지주,2025-05-02,51100,Buy,80,"[""최근 애널리스트 리포트에서 제시된 목표주가들이 현재가 대비 상당한 상승 여력을 시사하고 있으며, 특히 주주 환원 강화에 대한 긍정적인 전망이 다수 존재합니다."", ""최근 1개월 수익률이 5.13%로 양호한 흐름을 보이고 있으며, 거래량 변화율도 6.41%로 긍정적인 움직임을 나타내고 있습니다."", ""PER이 6.1로 낮아 밸류에이션 매력이 존재하며, 52주 최고가 대비 현재 위치가 48.1%로 상승 여력이 남아있습니다.""]"
055550,신한지주,2025-06-02,59900,Neutral,55,"[""신한지주의 PER은 6.6으로 낮아 저평가 가능성을 시사하지만, PBR, ROE, 부채비율, 영업현금흐름 등 핵심 재무 안정성 지표가 누락되어 있어 재무 건전성 판단이 어렵습니다."", ""최근 1개월 수익률이 10.71%로 양호한 흐름을 보였으나, 52주 최고가 대비 현재 위치가 68.5%로 상승 여력이 제한적일 수 있으며, 거래량 변화율이 음수(-)로 나타나 단기적인 매도 압력이 존재할 수 있습니다."", ""연간 실적에서 영업이익과 순이익 수치가 '조원' 단위로 표기되어 있어 실제 규모 파악이 불가능하며, 매출 및 영업이익률 정보가 없어 기업의 성장성과 수익성을 평가하기 어렵습니다.""]"
055550,신한지주,2025-07-01,61700,Buy,75,"[""신한지주는 현재 52주 최고가에 근접한 수준으로, 최근 1개월 수익률이 8.17%로 양호하며 거래량 변화율도 119.98%로 높아 상승 모멘텀이 강하게 나타나고 있습니다."", ""애널리스트 리포트에서 카드 업황 부진에도 불구하고 다소 과도한 저평가 상태이며 목표주가 75,000원을 제시하여 현재가 대비 상승 여력이 충분함을 시사합니다."", ""영업이익이 전년 대비 5.9% 증가하는 등 견조한 실적 개선세를 보이고 있으며, PER 7.4배는 동종 업계 대비 매력적인 수준으로 판단됩니다.""]"
055550,신한지주,2025-08-01,65900,Buy,85,"[""최근 30일간 애널리스트 리포트에서 제시된 목표주가가 현재가 대비 상당한 상승 여력을 시사하며, 전반적으로 긍정적인 전망을 유지하고 있습니다."", ""영업이익이 전년 대비 증가하는 등 견조한 실적 흐름을 보이고 있으며, 특히 주주환원 확대에 대한 긍정적인 언급이 많아 투자 매력도를 높이고 있습니다."", ""현재 주가가 52주 최고가 대비 약 76.2% 수준에 위치하며, 52주 내에서 상승 추세를 이어갈 가능성이 있습니다.""]"
055550,신한지주,2025-09-01,64900,Neutral,60,"[""신한지주의 PER은 7.6으로 낮아 밸류에이션 매력이 존재하나, PBR, ROE, 부채비율, 영업현금흐름 등 핵심 재무지표 정보가 부족하여 재무 안정성 판단이 어렵습니다."", ""최근 1개월 수익률이 -5.88%로 하락세를 보이고 거래량 변화율도 -23.58%로 감소하여 단기적인 투자 심리가 위축된 것으로 판단됩니다."", ""애널리스트 리포트에서 밸류에이션 갭 축소에 대한 기대감과 함께 목표주가 83,000원을 제시하고 있으나, 이는 2025년 8월 7일 기준이며 현재 시점의 투자 방향을 결정하기에는 정보가 제한적입니다.""]"
055550,신한지주,2025-10-01,71400,Buy,75,"[""신한지주는 52주 최고가에 근접한 95.4% 수준에 위치하며 최근 1개월 수익률도 8.63%로 양호한 흐름을 보이고 있습니다."", ""영업이익이 전년 대비 5.9% 증가하는 등 견조한 실적 개선세를 나타내고 있습니다."", ""PER 8.3배는 금융업종 평균 대비 저평가 가능성을 시사하며, 향후 추가 상승 여력을 기대해 볼 수 있습니다.""]"
055550,신한지주,2025-11-03,76400,Buy,85,"[""최근 1개월 수익률 7.08%로 긍정적인 흐름을 보이고 있으며, 52주 최고가에 근접한 위치는 상승 모멘텀을 시사합니다."", ""최근 30일간 발행된 5건의 애널리스트 리포트 모두 긍정적인 내용과 함께 목표주가를 제시하며 상승 여력을 높게 평가하고 있습니다."", ""연간 영업이익이 전년 대비 5.9% 증가하는 등 견고한 실적 개선세를 보이고 있으며, 이는 주가 상승의 기본적인 동력이 될 수 있습니다.""]"
055550,신한지주,2025-12-01,81400,Buy,75,"[""신한지주는 52주 최고가에 근접한 수준으로, 최근 1개월 수익률이 8.73%로 양호한 흐름을 보이고 있습니다."", ""애널리스트 리포트에서 주주환원율 50% 조기 달성 예상과 함께 목표주가 106,000원을 제시하여 긍정적인 전망을 뒷받침합니다."", ""영업이익이 전년 대비 5.9% 증가하는 등 견조한 실적 개선세를 보이고 있습니다.""]"
035720,카카오,2023-01-02,53300,Neutral,55,"[""카카오는 52주 최저가 대비 높은 수준에 위치해 있으나, 최근 1개월 수익률은 하락세를 보이고 있습니다."", ""연간 실적은 매출과 영업이익 모두 큰 폭으로 성장했으나, 영업이익률은 9.9%로 다소 낮은 편입니다."", ""부채비율은 67.9%로 안정적인 수준이며, 영업현금흐름은 양호하나 기술적 지표의 하락 추세가 투자 방향 판단에 불확실성을 더합니다.""]"
035720,카카오,2023-02-01,64500,Buy,75,"[""최근 1개월 수익률이 17.14%로 강한 상승세를 보이고 있으며, 거래량 변화율도 44.97%로 긍정적인 모멘텀을 시사합니다."", ""애널리스트 리포트에서 제시된 목표주가들이 현재가 대비 상승 여력을 보여주고 있으며, 긍정적인 전망을 유지하고 있습니다."", ""연간 실적에서 매출과 영업이익이 전년 대비 큰 폭으로 성장했으며, 영업이익률과 순이익 또한 견조한 흐름을 보이고 있습니다.""]"
035720,카카오,2023-03-02,61000,Buy,75,"[""최근 애널리스트 리포트에서 제시된 목표주가들이 현재가 대비 상승 여력을 시사하고 있습니다."", ""연간 실적에서 매출과 영업이익이 전년 대비 큰 폭으로 성장하며 견조한 성장세를 보여주고 있습니다."", ""부채비율이 낮고 영업현금흐름이 양호하여 재무 안정성이 뒷받침되고 있습니다.""]"
035720,카카오,2023-04-03,60700,Neutral,60,"[""카카오엔터테인먼트 상장 가시화는 긍정적인 모멘텀으로 작용할 수 있으나, 최근 1개월 수익률 및 거래량 변화율이 부정적인 점은 하방 압력으로 작용할 수 있습니다."", ""PER, PBR 등 재무 지표는 시장 평균 대비 높은 수준은 아니지만, ROE가 10.2%로 양호한 편입니다."", ""매출은 큰 폭으로 증가했으나 영업이익이 감소한 점은 수익성 개선에 대한 의문점을 남깁니다. 부채비율은 안정적인 수준입니다.""]"
035720,카카오,2023-05-02,58300,Neutral,65,"[""최근 1개월 수익률이 마이너스를 기록하고 거래량 변화율도 감소하는 등 단기적인 투자 심리가 위축된 모습을 보입니다."", ""애널리스트 리포트에서는 목표주가를 현재가 대비 높게 제시하며 긍정적인 전망을 내놓고 있으나, 사업개편 효과 증명 등 불확실성 요인이 존재합니다."", ""매출은 견조하게 성장했으나 영업이익이 소폭 감소한 점과 PER, PBR 지표가 시장 평균 대비 높은 편은 아니지만, 밸류에이션 매력이 아주 크다고 보기는 어렵습니다.""]"
035720,카카오,2023-06-01,57200,Neutral,60,"[""최근 1개월 수익률이 마이너스이고 거래량 변화율도 감소하는 등 단기적인 하락 압력이 존재합니다."", ""애널리스트들의 목표주가가 현재가 대비 상승 여력을 시사하지만, AI 사업 및 2분기 실적에 대한 엇갈린 전망이 혼재되어 있습니다."", ""연간 매출은 성장했으나 영업이익이 감소한 점과 영업이익률이 상대적으로 낮은 점은 투자 매력도를 제한하는 요인입니다.""]"
035720,카카오,2023-07-03,49950,Neutral,60,"[""최근 1개월 수익률이 마이너스를 기록하며 단기적인 하락세를 보이고 있습니다."", ""52주 최고가 대비 현재 위치가 낮아 반등 가능성도 존재하지만, 52주 최저가와의 격차도 크지 않아 추가 하락 가능성도 배제할 수 없습니다."", ""애널리스트 리포트에서 목표주가 상향 가능성을 제시하고 있으나, 경기 반등이라는 불확실한 요인에 기반하고 있습니다.""]"
035720,카카오,2023-08-01,53200,Neutral,65,"[""최근 애널리스트 리포트에서 목표주가가 현재가 대비 상승 여력을 시사하지만, 전반적으로 '재정비', '체질 개선', '견뎌내야 하는 시기' 등 단기적인 불확실성을 언급하고 있습니다."", ""매출은 큰 폭으로 성장했으나 영업이익은 감소하여 수익성 개선에 대한 의문이 제기될 수 있습니다."", ""기술적으로는 52주 최저가 대비 상승했으나 최고가 대비로는 아직 상당한 하락폭을 보이고 있으며, 최근 거래량 증가는 긍정적이나 추세 전환을 확신하기에는 이르다고 판단됩니다.""]"
035720,카카오,2023-09-01,49100,Buy,75,"[""최근 애널리스트 리포트에서 제시된 목표주가들이 현재가 대비 상당한 상승 여력을 시사하고 있습니다."", ""연간 실적에서 매출이 15.0% 증가하며 성장세를 유지하고 있으며, 영업현금흐름이 양호하여 재무 안정성이 뒷받침되고 있습니다."", ""현재가는 52주 최저가에 근접한 수준으로, 기술적으로 반등 가능성이 존재하며 최근 1개월 수익률 하락은 단기적인 조정으로 해석될 수 있습니다.""]"
035720,카카오,2023-10-04,40850,Neutral,60,"[""최근 1개월 수익률이 -15.10%로 부진하며 52주 최저가에 근접한 상황은 하방 압력을 시사합니다."", ""애널리스트 리포트에서 제시된 목표주가(62,000원 ~ 75,000원)는 현재가(40,850원) 대비 상당한 상승 여력을 보여 긍정적인 요인입니다."", ""매출은 성장했으나 영업이익이 감소한 점과 거래량 변화율이 마이너스인 점은 투자 심리 위축 가능성을 나타내며, 향후 20거래일 내 KOSPI 시장 수익률 대비 초과 상승 또는 하락을 명확히 판단하기에는 정보가 불충분합니다.""]"
035720,카카오,2023-11-01,38550,Neutral,60,"[""최근 1개월 수익률이 -14.06%로 부진하며 52주 최저가에 근접한 상황이지만, 애널리스트들의 목표주가는 현재가 대비 높은 수준을 유지하고 있습니다."", ""매출은 전년 대비 15.0% 증가했으나 영업이익은 3.1% 감소하여 실적 개선에 대한 불확실성이 존재합니다."", ""기술적 지표상 52주 최저가 부근에 위치하며 거래량 변화율이 21.59%로 증가한 점은 단기 반등 가능성을 시사하지만, 전반적인 시장 상황 및 기업 내부 이슈에 대한 추가적인 정보 없이는 명확한 방향성을 판단하기 어렵습니다.""]"
035720,카카오,2023-12-01,50800,Buy,75,"[""최근 1개월 수익률이 28.92%로 강한 상승세를 보이고 있으며, 거래량 변화율도 긍정적인 신호를 보내고 있습니다."", ""최근 애널리스트 리포트에서 목표주가가 현재가(50,800원) 대비 상향 조정되는 추세이며, 재성장 및 수익성 개선에 대한 기대감이 반영되고 있습니다."", ""연간 실적에서 매출이 15.0% 증가하는 등 외형 성장을 지속하고 있으며, 영업현금흐름이 양호하여 재무 안정성이 뒷받침되고 있습니다.""]"
035720,카카오,2024-01-02,56600,Neutral,60,"[""최근 1개월 수익률이 14.65%로 양호하나, 거래량 변화율이 -23.10%로 감소하는 추세는 단기적인 매수세 약화를 시사합니다."", ""연간 매출은 크게 증가했으나 영업이익이 소폭 감소한 점은 수익성 개선에 대한 의문점을 남깁니다."", ""PER, PBR 등 재무 지표는 시장 평균 대비 중간 수준으로, 뚜렷한 저평가 또는 고평가 신호를 보내지 않아 향후 방향성을 단정하기 어렵습니다.""]"
035720,카카오,2024-02-01,56300,Buy,75,"[""최근 애널리스트 리포트에서 제시된 목표주가들이 현재가 대비 상승 여력을 시사하고 있으며, 전반적으로 긍정적인 전망을 내놓고 있습니다."", ""연간 실적에서 매출이 전년 대비 15.0% 증가하는 등 성장세를 보이고 있으며, 영업현금흐름이 양호하여 재무 안정성이 뒷받침되고 있습니다."", ""최근 1개월 수익률은 하락했으나, 거래량 변화율이 25.22%로 증가한 점은 투자자들의 관심이 다시 높아지고 있음을 시사할 수 있습니다.""]"
035720,카카오,2024-03-04,51700,Buy,75,"[""최근 애널리스트 리포트에서 제시된 목표주가 평균이 현재가 대비 상당한 상승 여력을 시사합니다."", ""연간 실적에서 매출이 큰 폭으로 성장했으며, 영업이익률은 다소 하락했으나 영업현금흐름이 양호하여 재무 안정성이 뒷받침되고 있습니다."", ""기술적으로 52주 최고가 대비 현재 위치가 59.6%로, 하락보다는 상승 여력이 남아있을 가능성이 있습니다.""]"
035720,카카오,2024-04-01,51200,Neutral,55,"[""카카오는 현재 적자 상태로 PER 지표가 없어 기업 가치 평가에 어려움이 있습니다."", ""최근 1개월 수익률은 소폭 상승했으나 거래량 변화율이 크게 감소하여 투자 심리가 위축되었을 가능성이 있습니다."", ""애널리스트 리포트에서 목표주가 상향이 제시되었으나, 전년 대비 영업이익 감소와 순이익 적자 전환은 부정적인 요인으로 작용할 수 있습니다.""]"
035720,카카오,2024-05-02,49200,Neutral,60,"[""최근 1개월 수익률이 마이너스를 기록하며 단기적인 하락세를 보이고 있으나, 애널리스트들의 목표주가는 현재가 대비 높은 수준을 유지하고 있습니다."", ""연간 실적에서 매출은 성장했으나 영업이익이 감소하고 순이익이 적자를 기록하는 등 재무적인 불확실성이 존재합니다."", ""기술적으로는 52주 최저가 대비 높은 수준에 위치해 있으나, 최고가 대비로는 상당한 하락폭을 보이고 있어 방향성 판단이 어렵습니다.""]"
035720,카카오,2024-06-03,44600,Neutral,60,"[""최근 1개월 수익률이 마이너스(-)를 기록하며 단기적인 하락세를 보이고 있습니다."", ""애널리스트 리포트에서 목표주가는 현재가 대비 상승 여력을 시사하지만, '모멘텀 부족', '불확실성 남아있는 구간' 등의 언급은 상승에 대한 강한 확신을 주지 못합니다."", ""연간 실적에서 매출은 증가했으나 영업이익과 순이익이 큰 폭으로 감소하며 수익성 악화가 관찰됩니다. 다만, 영업현금흐름은 양호한 편입니다.""]"
035720,카카오,2024-07-01,40000,Neutral,60,"[""카카오는 현재 52주 최저가 대비 높은 수준에 위치해 있으나, 최근 1개월 수익률이 마이너스를 기록하며 약세를 보이고 있습니다."", ""연간 실적에서 매출은 증가했으나 영업이익과 순이익이 큰 폭으로 감소하며 적자를 기록하고 있어 재무적 불확실성이 존재합니다."", ""애널리스트 리포트에서 목표주가 상향 가능성을 제시하고 있으나, 현재 주가 수준과 실적 부진을 고려할 때 단기적인 강한 상승 모멘텀을 기대하기는 어렵습니다.""]"
035720,카카오,2024-08-01,39550,Neutral,65,"[""최근 애널리스트 리포트에서 목표주가가 현재가 대비 상승 여력을 시사하고 있으나, 일부 리포트에서는 '무거워진 어깨'와 같이 부정적인 뉘앙스도 존재합니다."", ""최근 1개월 수익률은 소폭 하락했으나, 거래량 변화율은 긍정적인 신호를 보이고 있습니다."", ""연간 실적에서 매출은 성장했으나 영업이익은 감소했고 순이익은 적자를 기록하는 등 재무 상태에 대한 불확실성이 존재합니다.""]"
035720,카카오,2024-09-02,36200,Neutral,65,"[""최근 애널리스트 리포트들은 전반적으로 긍정적인 목표주가를 제시하고 있으나, 현재 주가는 52주 최저가에 근접해 있어 하방 경직성을 기대할 수 있습니다."", ""하지만 PER이 '해당없음(적자)'이고 순이익이 큰 폭의 적자를 기록하고 있어 재무적인 불확실성이 존재합니다."", ""최근 1개월 수익률이 마이너스(-)를 기록하고 거래량 변화율도 소폭 하락한 점은 단기적인 투자 심리 위축을 시사합니다.""]"
035720,카카오,2024-10-02,36700,Neutral,55,"[""카카오는 현재 52주 최저가에 근접한 수준으로 기술적 반등 가능성이 있으나, 최근 1개월 수익률 하락과 거래량 감소는 투자 심리 위축을 시사합니다."", ""연간 실적에서 매출은 증가했으나 영업이익과 순이익이 큰 폭으로 감소한 점은 수익성 악화에 대한 우려를 남깁니다."", ""PER이 적자로 산출되지 않고 PBR이 1.15로 자산 가치 대비 크게 고평가되지 않은 점은 긍정적이나, 명확한 상승 또는 하락 추세를 판단하기에는 정보가 불충분합니다.""]"
035720,카카오,2024-11-01,37350,Neutral,60,"[""카카오는 현재 52주 최저가에 근접한 수준으로 기술적 반등 가능성이 있으나, 최근 애널리스트 리포트에서 '밋밋한 실적', '돌파구 필요', '콘텐츠 부진' 등 부정적인 의견이 혼재되어 있어 투자 심리가 위축될 수 있습니다."", ""매출은 증가했으나 영업이익과 순이익이 큰 폭으로 감소한 점은 부정적인 요인으로 작용할 수 있습니다."", ""긍정적인 영업현금흐름과 낮은 부채비율은 재무 안정성을 보여주지만, 적자 상태인 PER과 N/A%의 ROE는 투자 매력도를 낮추는 요인입니다.""]"
035720,카카오,2024-12-02,42950,Neutral,60,"[""최근 1개월 수익률이 16.60%로 양호한 흐름을 보이고 있으며, 거래량 변화율도 58.75%로 증가하여 투자 심리가 개선될 가능성이 있습니다."", ""애널리스트 리포트에서 목표주가가 현재가(42,950원) 대비 하락 또는 소폭 상승에 그치는 의견이 다수 존재하여 단기적인 강한 상승 모멘텀을 기대하기 어렵습니다."", ""연간 실적에서 매출은 증가했으나 영업이익이 감소하고 순이익이 적자를 기록하는 등 수익성 악화가 지속되고 있어 재무적인 부담이 존재합니다.""]"
035720,카카오,2025-01-02,38050,Neutral,60,"[""카카오는 현재 적자 상태로 PER 지표가 없어 가치 평가에 어려움이 있습니다."", ""최근 1개월 수익률이 마이너스이고 거래량 변화율이 높다는 점은 변동성이 크다는 것을 시사합니다."", ""매출은 증가했으나 영업이익이 감소하고 순이익이 적자인 점은 수익성 개선에 대한 불확실성을 높입니다.""]"
035720,카카오,2025-02-03,40900,Neutral,60,"[""최근 1개월 수익률은 긍정적이나, 거래량 변화율은 감소 추세로 투자 심리가 위축될 가능성이 있습니다."", ""애널리스트 리포트 목표주가 평균은 현재가보다 높지만, 일부 리포트에서는 저성장 지속 및 뾰족한 수 부재를 언급하며 보수적인 시각을 보이고 있습니다."", ""연간 실적에서 매출은 증가했으나 영업이익과 순이익은 감소하여 성장성 둔화 우려가 존재합니다.""]"
035720,카카오,2025-03-04,43100,Buy,75,"[""최근 애널리스트 리포트에서 AI 서비스 강화 및 카카오톡 외연 확장에 대한 긍정적인 전망과 함께 목표주가가 현재가 대비 상승 여력을 시사하고 있습니다."", ""최근 1개월 수익률이 9.26%로 양호하며, 거래량 변화율이 125.76%로 크게 증가한 것은 투자자들의 관심이 높아지고 있음을 나타냅니다."", ""연간 실적에서 매출은 성장세를 보이고 있으며, 영업현금흐름이 양호한 점은 재무적 안정성을 뒷받침합니다.""]"
035720,카카오,2025-04-01,40900,Neutral,65,"[""최근 애널리스트 리포트에서 제시된 목표주가들이 현재가 대비 상승 여력을 시사하고 있으나, PER, PBR, ROE 등 재무지표 상 고평가 논란이 존재합니다."", ""최근 1개월 수익률이 소폭 하락했고 거래량 변화율이 크게 감소한 점은 단기적인 투자 심리 위축을 나타낼 수 있습니다."", ""연간 실적에서 매출은 증가했으나 영업이익이 소폭 감소하고 순이익이 적자를 기록한 점은 성장성에 대한 의문을 제기합니다.""]"
035720,카카오,2025-05-02,38350,Neutral,60,"[""카카오의 PER이 302.0으로 매우 높아 밸류에이션 부담이 존재합니다."", ""최근 1개월 수익률이 -6.97%로 하락세를 보이고 있으나, 거래량 변화율은 14.41%로 증가하여 투자 심리 변화 가능성을 시사합니다."", ""애널리스트 리포트에서 제시된 목표주가(평균 약 57,667원)는 현재가(38,350원) 대비 상승 여력을 보여주지만, 연간 순이익이 마이너스(-)를 기록하는 등 재무적인 불확실성이 존재합니다.""]"
035720,카카오,2025-06-02,41600,Buy,75,"[""최근 1개월 수익률이 12.22%로 양호하며, 52주 최고가 대비 75% 수준에 위치하여 추가 상승 여력이 있습니다."", ""최근 30일간 애널리스트 리포트에서 제시된 목표주가 평균이 현재가 대비 약 20% 이상 높아 긍정적인 전망을 시사합니다."", ""연간 실적에서 매출이 전년 대비 소폭 성장했으며, 영업이익률이 5.8%로 유지되고 있고 영업현금흐름이 양호한 점은 긍정적입니다.""]"
035720,카카오,2025-07-01,58700,Neutral,60,"[""최근 1개월 수익률이 36.59%로 매우 높고 거래량 변화율도 280.54%로 급증하여 단기적인 상승 모멘텀이 강하게 나타나고 있습니다."", ""PER이 477.0으로 매우 높아 현재 주가가 고평가되어 있다는 인식이 있으며, 이는 향후 상승 여력을 제한할 수 있는 요인입니다."", ""연간 실적에서 순이익이 마이너스를 기록하고 있어 재무적인 불안정성이 관찰되며, 이는 투자 심리에 부정적인 영향을 미칠 수 있습니다.""]"
035720,카카오,2025-08-01,55400,Neutral,60,"[""애널리스트 리포트에서 제시된 목표주가들이 현재가 대비 상승 여력을 시사하지만, 높은 PER과 낮은 ROE는 밸류에이션 부담을 나타냅니다."", ""최근 1개월 수익률이 마이너스이고 거래량 변화율이 크게 감소한 점은 단기적인 투자 심리 위축을 보여줍니다."", ""연간 실적에서 매출은 소폭 성장했으나 영업이익이 감소했고 순이익이 적자 전환한 점은 수익성 개선에 대한 의문을 제기합니다.""]"
035720,카카오,2025-09-01,59300,Buy,75,"[""최근 애널리스트 리포트에서 제시된 목표주가 평균이 현재가 대비 상당한 상승 여력을 시사합니다."", ""최근 1개월 수익률이 긍정적이며, 거래량 변화율이 높아 투자자들의 관심이 증가하고 있음을 보여줍니다."", ""52주 최고가 대비 현재 위치가 75.5%로, 상승 추세가 이어질 가능성을 내포하고 있습니다.""]"
035720,카카오,2025-10-01,59600,Buy,75,"[""최근 애널리스트 리포트에서 목표주가가 현재가 대비 상승 여력을 시사하며 긍정적인 전망을 제시하고 있습니다."", ""카카오톡의 대규모 개편 및 AI 형상화 등 신규 사업에 대한 기대감이 주가 상승 모멘텀으로 작용할 가능성이 있습니다."", ""52주 최고가 대비 현재 위치가 72.3%로, 아직 상승 여력이 남아있다고 판단됩니다.""]"
035720,카카오,2025-11-03,64200,Buy,75,"[""최근 애널리스트 리포트에서 AI 관련 긍정적인 전망과 함께 목표주가가 현재가 대비 상승 여력을 시사하고 있습니다."", ""최근 1개월 수익률이 8.77%로 양호하며, 거래량 변화율도 15.40%로 증가 추세를 보이고 있어 투자 심리가 개선되고 있음을 나타냅니다."", ""52주 최고가 대비 현재 위치가 84.3%로, 상승 여력이 남아있을 가능성이 있습니다.""]"
035720,카카오,2025-12-01,59500,Buy,75,"[""최근 애널리스트 리포트에서 제시된 목표주가들이 현재가 대비 상당한 상승 여력을 시사하고 있습니다."", ""최근 1개월 수익률은 하락했으나, 거래량 변화율이 긍정적인 점은 투자 심리 회복 가능성을 보여줍니다."", ""연간 실적에서 매출은 성장세를 유지하고 있으며, 영업현금흐름이 양호한 점은 재무 건전성을 뒷받침합니다.""]"
035420,네이버,2023-01-02,178500,Neutral,65,"[""연간 실적은 긍정적이나, 최근 1개월 수익률 하락 및 거래량 감소는 단기적인 투자 심리 위축을 시사합니다."", ""현재가는 52주 최저가 대비 높은 수준이지만, 52주 최고가 대비로는 상당한 하락폭을 보여 투자자들의 관망세를 유발할 수 있습니다."", ""PER이 해당되지 않을 정도로 적자 상태라는 점은 장기적인 성장성에 대한 의문을 제기할 수 있으며, 이는 단기적인 투자 결정에 불확실성을 더합니다.""]"
035420,네이버,2023-02-01,211500,Buy,75,"[""최근 1개월 수익률이 15.77%로 강한 상승세를 보이고 있으며, 거래량 변화율도 27.44%로 긍정적인 흐름을 나타내고 있습니다."", ""애널리스트 리포트에서 AI와 솔루션 성장 스토리, 포쉬마크 인수 완료에 대한 긍정적인 전망과 함께 목표주가가 현재가 대비 상승 여력을 시사하고 있습니다."", ""연간 실적에서 매출과 영업이익이 전년 대비 크게 증가했으며, 영업이익률과 부채비율, 영업현금흐름 등 재무 안정성 지표도 양호한 편입니다.""]"
035420,네이버,2023-03-02,205500,Buy,75,"[""최근 애널리스트 리포트에서 제시된 목표주가 평균이 현재가 대비 상당한 상승 여력을 시사합니다."", ""연간 실적에서 매출과 영업이익이 전년 대비 견조한 성장세를 보였으며, 영업이익률 또한 양호한 수준을 유지하고 있습니다."", ""부채비율이 낮고 영업현금흐름이 긍정적인 점은 재무 안정성을 뒷받침하며, 이는 단기적인 시장 변동성에 대한 방어력을 높여줍니다.""]"
035420,네이버,2023-04-03,201000,Neutral,55,"[""PER 정보가 없어 적자 상태임을 알 수 있으나, PBR 1.33은 자산 가치 대비 소폭 프리미엄을 받고 있음을 시사합니다."", ""최근 1개월 수익률이 마이너스이고 거래량 변화율도 감소한 점은 단기적인 투자 심리 위축을 나타낼 수 있습니다."", ""연간 실적은 매출이 크게 증가했으나 영업이익은 소폭 감소했으며, 영업현금흐름은 양호한 편입니다. 또한 부채비율은 안정적인 수준입니다."", ""최근 애널리스트 리포트에서 목표주가 300,000원을 제시한 점은 긍정적인 요인이지만, 현재가 대비 상승 여력이 크다는 점 외에 구체적인 상승 근거가 부족합니다."", ""52주 최고가 대비 현재 위치가 21.6%로, 52주 내에서 상당한 하락을 경험했으나 반등 가능성도 열려 있습니다. 그러나 명확한 상승 또는 하락 추세를 강하게 지지하는 기술적 지표가 부족합니다.""]"
035420,네이버,2023-05-02,192600,Neutral,65,"[""최근 1개월 수익률이 마이너스를 기록하며 단기적인 하락 압력이 존재합니다."", ""애널리스트 리포트 목표주가 상향 의견이 다수 존재하지만, 일부 리포트에서는 성장 둔화를 언급하며 상반된 시각을 보이고 있습니다."", ""연간 실적은 매출이 크게 성장했으나 영업이익이 소폭 감소하며, 향후 실적 개선에 대한 불확실성이 존재합니다.""]"
035420,네이버,2023-06-01,204500,Buy,80,"[""최근 30일간 애널리스트 리포트에서 모두 긍정적인 평가와 함께 목표주가가 현재가 대비 상승 여력을 시사하고 있습니다."", ""최근 1개월 수익률이 6.08%로 양호하며, 거래량 변화율도 12.45%로 증가 추세를 보이고 있어 투자 심리가 개선되고 있음을 나타냅니다."", ""연간 실적에서 매출이 20.6% 증가하는 등 외형 성장을 지속하고 있으며, 영업현금흐름이 양호하여 재무 안정성 또한 뒷받침되고 있습니다.""]"
035420,네이버,2023-07-03,188700,Neutral,60,"[""최근 1개월 수익률이 마이너스이고 거래량 변화율도 감소하여 단기적인 하락 압력이 존재합니다."", ""하지만 연간 매출이 크게 성장했고 영업이익률 및 영업현금흐름이 양호하며 부채비율이 낮아 재무 건전성은 우수합니다."", ""애널리스트 리포트에서 하반기 실적 개선과 긍정적 모멘텀을 언급하며 목표주가를 제시했으나, 현재가와 목표주가 간의 괴리가 크고 PER 정보가 없어 밸류에이션 판단이 어렵습니다.""]"
035420,네이버,2023-08-01,227500,Buy,75,"[""최근 1개월 수익률이 23.09%로 강한 상승세를 보이고 있으며, 거래량 변화율도 56.02%로 증가하여 투자자들의 관심이 집중되고 있습니다."", ""최근 30일간 애널리스트 리포트에서 제시된 목표주가들이 현재가(227,500원) 대비 상당한 상승 여력을 시사하고 있으며, 하반기 이익 성장 및 AI 모멘텀에 대한 기대감이 높습니다."", ""연간 실적에서 매출이 20.6% 증가하는 등 외형 성장을 지속하고 있으며, 부채비율이 44.6%로 낮고 영업현금흐름이 양호하여 재무 안정성이 뒷받침되고 있습니다.""]"
035420,네이버,2023-09-01,211500,Buy,75,"[""최근 애널리스트 리포트에서 AI 사업 전략 구체화 및 질적 성장 재개에 대한 긍정적인 전망과 함께 높은 목표주가가 제시되고 있습니다."", ""연간 실적에서 매출이 전년 대비 20.6% 증가하며 견조한 성장세를 보이고 있으며, 영업현금흐름 또한 양호한 수준입니다."", ""최근 1개월 수익률은 하락했으나, 거래량 변화율이 18.15%로 증가하며 투자자들의 관심이 재조명될 가능성을 시사합니다.""]"
035420,네이버,2023-10-04,189400,Neutral,60,"[""최근 1개월 수익률이 -12.09%로 하락세를 보이고 있으며, 거래량 변화율도 -43.04%로 감소하여 단기적인 투자 심리가 위축된 것으로 판단됩니다."", ""연간 실적은 매출이 크게 증가했으나 영업이익이 소폭 감소하여 성장성과 수익성 측면에서 엇갈리는 모습을 보이고 있습니다."", ""PER이 '해당없음(적자)'으로 표시되어 있어 현재 가치 평가에 어려움이 있으며, PBR 1.28은 시장 평균 대비 높은 수준은 아니지만, 적자 기업임을 감안할 때 추가적인 상승 여력을 제한할 수 있습니다.""]"
035420,네이버,2023-11-01,190800,Buy,75,"[""최근 30일간 애널리스트 리포트에서 제시된 목표주가가 현재가 대비 상당한 상승 여력을 시사하고 있습니다."", ""연간 실적에서 매출이 전년 대비 20.6% 증가하며 성장세를 유지하고 있으며, 영업이익률 또한 15.9%로 견조한 수준입니다."", ""부채비율이 44.6%로 낮고 영업현금흐름이 양호하여 재무 안정성이 뒷받침되고 있습니다.""]"
035420,네이버,2023-12-01,210500,Buy,75,"[""최근 애널리스트 리포트에서 제시된 목표주가 평균이 현재가 대비 상당한 상승 여력을 시사하고 있습니다."", ""최근 1개월 수익률이 7.97%로 긍정적인 흐름을 보이고 있으며, 이는 시장의 관심이 지속되고 있음을 나타냅니다."", ""연간 실적에서 매출이 20.6% 증가하는 등 견조한 성장세를 보이고 있으며, 영업이익률 또한 15.9%로 양호한 수준을 유지하고 있습니다.""]"
035420,네이버,2024-01-02,222000,Buy,75,"[""최근 1개월 수익률이 9.64%로 양호하며, 52주 최고가 대비 현재 위치가 높아 상승 모멘텀이 유지되고 있습니다."", ""매출이 전년 대비 20.6% 크게 증가했으며, 영업현금흐름이 양호하여 재무 건전성이 뒷받침되고 있습니다."", ""거래량 변화율이 19.43%로 증가하며 투자자들의 관심이 높아지고 있어 단기적인 상승 가능성이 있습니다.""]"
035420,네이버,2024-02-01,221500,Buy,75,"[""최근 애널리스트 리포트에서 제시된 목표주가들이 현재가 대비 상당한 상승 여력을 시사하고 있습니다."", ""연간 실적에서 매출이 전년 대비 20.6% 증가하며 견조한 성장세를 보이고 있으며, 영업이익률 또한 15.9%로 양호한 수준입니다."", ""부채비율이 44.6%로 낮고 영업현금흐름이 양호하여 재무 안정성이 뒷받침되고 있습니다.""]"
035420,네이버,2024-03-04,188700,Buy,75,"[""다수의 애널리스트 리포트에서 긍정적인 목표주가를 제시하며 향후 상승 여력을 시사하고 있습니다."", ""최근 1개월 수익률은 하락했으나, 거래량 변화율이 37.23%로 증가하며 투자자들의 관심이 재집중될 가능성을 보여줍니다."", ""연간 매출이 20.6% 증가하는 등 외형 성장은 견조하며, 부채비율이 44.6%로 낮아 재무 안정성이 양호합니다.""]"
035420,네이버,2024-04-01,192000,Buy,75,"[""최근 30일 애널리스트 리포트에서 긍정적인 목표주가 상향 조정이 있었습니다."", ""연간 실적에서 매출과 영업이익이 전년 대비 견조한 성장세를 보였습니다."", ""부채비율이 낮고 영업현금흐름이 양호하여 재무 안정성이 우수합니다.""]"
035420,네이버,2024-05-02,194600,Buy,75,"[""최근 애널리스트 리포트에서 제시된 목표주가 평균은 현재가 대비 상당한 상승 여력을 시사합니다."", ""연간 실적에서 매출과 영업이익이 전년 대비 견조한 성장세를 보였으며, 영업이익률 또한 양호한 수준을 유지하고 있습니다."", ""부채비율이 낮고 영업현금흐름이 긍정적인 점은 재무 안정성을 뒷받침합니다.""]"
035420,네이버,2024-06-03,176800,Buy,75,"[""최근 애널리스트 리포트에서 긍정적인 실적 전망과 함께 목표주가가 현재가 대비 상당한 상승 여력을 보여주고 있습니다."", ""연간 실적에서 매출과 영업이익이 전년 대비 견조하게 성장했으며, 영업이익률 또한 양호한 수준을 유지하고 있습니다."", ""부채비율이 낮고 영업현금흐름이 긍정적인 점은 재무 안정성을 뒷받침하며, 이는 주가 하방 경직성에 기여할 수 있습니다.""]"
035420,네이버,2024-07-01,159900,Neutral,60,"[""네이버의 연간 실적은 매출과 영업이익 모두 견조한 성장세를 보이고 있으며, 영업이익률 및 영업현금흐름도 긍정적인 수준입니다."", ""웹툰 엔터의 나스닥 상장 관련 긍정적인 리포트가 목표주가 상향을 제시하고 있으나, 현재 주가는 52주 최저가에 근접해 있으며 최근 1개월 수익률 및 거래량 변화율은 하락세를 나타내고 있습니다."", ""PER, PBR, ROE 등 재무지표는 시장 평균 대비 중간 수준으로 판단되며, 현재 주가 수준에서 20거래일 내 뚜렷한 방향성을 예측하기에는 상승 및 하락 요인이 혼재되어 있습니다.""]"
035420,네이버,2024-08-01,171400,Buy,75,"[""최근 1개월 수익률이 9.51%로 양호하며, 거래량 변화율도 8.05%로 긍정적인 흐름을 보이고 있습니다."", ""애널리스트 리포트에서 제시된 목표주가들이 현재가 대비 상승 여력을 시사하고 있으며, 특히 큐텐 사태 반사이익 전망은 단기적인 상승 모멘텀을 제공할 수 있습니다."", ""연간 실적에서 매출과 영업이익이 전년 대비 두 자릿수 성장률을 기록하며 견조한 성장세를 유지하고 있으며, 부채비율이 낮아 재무 안정성 또한 우수합니다.""]"
035420,네이버,2024-09-02,165300,Buy,75,"[""최근 30일간 애널리스트 리포트에서 일관되게 긍정적인 전망과 함께 목표주가가 현재가 대비 상당한 상승 여력을 보여주고 있습니다."", ""연간 실적에서 매출과 영업이익이 전년 대비 견조한 성장세를 기록했으며, 영업이익률 또한 양호한 수준을 유지하고 있습니다."", ""부채비율이 낮고 영업현금흐름이 긍정적인 점은 재무 안정성을 뒷받침하며, 이는 투자 심리에 긍정적인 영향을 줄 수 있습니다.""]"
035420,네이버,2024-10-02,170700,Buy,75,"[""최근 애널리스트 리포트에서 컨센서스 상회 전망과 함께 목표주가 240,000원을 제시하며 긍정적인 시각을 유지하고 있습니다."", ""연간 실적에서 매출과 영업이익이 전년 대비 각각 17.6%, 14.1% 증가하며 견조한 성장세를 보이고 있습니다."", ""부채비율 47.5%와 양호한 영업현금흐름(+2002233.3조원)은 재무 안정성을 뒷받침하며, 이는 향후 주가 상승의 기반이 될 수 있습니다.""]"
035420,네이버,2024-11-01,175700,Buy,75,"[""최근 애널리스트 리포트에서 목표주가가 현재가 대비 상당한 상승 여력을 시사하며, 전반적으로 긍정적인 전망을 제시하고 있습니다."", ""연간 실적에서 매출과 영업이익이 전년 대비 견조한 성장세를 보였으며, 영업이익률 또한 양호한 수준을 유지하고 있습니다."", ""부채비율이 낮고 영업현금흐름이 긍정적인 점은 재무 안정성을 뒷받침하며, 이는 주가 하방 경직성에 기여할 수 있습니다.""]"
035420,네이버,2024-12-02,209000,Buy,80,"[""최근 1개월 수익률이 19.92%로 강한 상승세를 보이고 있으며, 거래량 변화율도 72.11%로 높아 투자자들의 관심이 집중되고 있습니다."", ""최근 30일간 발표된 5건의 애널리스트 리포트 모두 목표주가를 현재가 대비 상향 제시하며 긍정적인 전망을 내놓고 있습니다."", ""연간 실적에서 매출과 영업이익이 전년 대비 두 자릿수 성장률을 기록하며 견조한 성장세를 유지하고 있으며, 영업이익률 또한 양호한 수준입니다.""]"
035420,네이버,2025-01-02,200500,Buy,75,"[""최근 1개월 수익률은 하락했으나, 연간 실적은 매출과 영업이익 모두 견조한 성장세를 보이고 있습니다."", ""영업이익률 15.4%와 낮은 부채비율(47.5%)은 재무 건전성을 뒷받침하며, 긍정적인 영업현금흐름은 안정적인 운영 능력을 시사합니다."", ""최근 애널리스트 리포트에서 목표주가 상향 조정이 있었으며, 이는 향후 주가 상승에 대한 기대감을 높입니다.""]"
035420,네이버,2025-02-03,218500,Buy,75,"[""최근 1개월 수익률이 8.55%로 양호하며, 52주 최고가 대비 현재 위치가 높아 상승 모멘텀이 유지되고 있습니다."", ""애널리스트들의 목표주가가 현재가 대비 상향 조정되었으며, AI 및 커머스 사업 성장 가능성에 대한 긍정적인 전망이 지배적입니다."", ""연간 실적에서 매출과 영업이익이 전년 대비 견조하게 성장했으며, 영업이익률 및 영업현금흐름 또한 안정적인 모습을 보이고 있습니다.""]"
035420,네이버,2025-03-04,207500,Buy,85,"[""최근 30일간 애널리스트 리포트에서 일관되게 긍정적인 전망과 함께 목표주가가 현재가 대비 상당한 상승 여력을 제시하고 있습니다."", ""연간 실적에서 매출과 영업이익이 전년 대비 견조한 성장세를 보였으며, 영업이익률 또한 양호한 수준을 유지하고 있습니다."", ""거래량 변화율이 48.42%로 높게 나타나 투자자들의 관심이 증가하고 있음을 시사하며, 이는 단기적인 주가 상승 모멘텀으로 작용할 수 있습니다.""]"
035420,네이버,2025-04-01,195600,Buy,75,"[""최근 30일간 애널리스트 리포트에서 제시된 목표주가가 현재가 대비 상당한 상승 여력을 시사하며, 전반적으로 긍정적인 전망을 유지하고 있습니다."", ""연간 실적에서 매출과 영업이익이 전년 대비 높은 성장률을 기록했으며, 영업이익률 또한 견조한 수준을 유지하고 있어 기업의 펀더멘털이 양호함을 보여줍니다."", ""부채비율이 낮고 영업현금흐름이 양호하여 재무 안정성이 뛰어나 투자 리스크를 낮추는 요인으로 작용합니다."", ""최근 1개월 수익률이 소폭 하락하고 거래량 변화율이 감소했지만, 이는 단기적인 조정일 가능성이 있으며 장기적인 성장성에 대한 기대감이 더 크다고 판단됩니다.""]"
035420,네이버,2025-05-02,199100,Buy,75,"[""최근 애널리스트 리포트에서 컬리 제휴 관련 긍정적인 전망과 함께 목표주가가 현재가 대비 상승 여력을 시사하고 있습니다."", ""연간 실적에서 매출과 영업이익이 전년 대비 큰 폭으로 성장했으며, 영업이익률 또한 견조한 수준을 유지하고 있습니다."", ""부채비율이 낮고 영업현금흐름이 양호하여 재무 안정성이 뛰어나 투자 매력도를 높입니다.""]"
035420,네이버,2025-06-02,185500,Buy,75,"[""최근 30일간 애널리스트 리포트에서 제시된 목표주가가 현재가 대비 상당한 상승 여력을 시사하며, 전반적으로 긍정적인 전망을 유지하고 있습니다."", ""연간 실적에서 매출과 영업이익이 전년 대비 높은 성장률을 기록했으며, 영업이익률 또한 견조한 수준을 유지하고 있어 기업의 펀더멘털이 양호함을 보여줍니다."", ""부채비율이 낮고 영업현금흐름이 양호하여 재무 안정성이 뛰어나 투자 리스크를 낮추는 요인으로 작용합니다.""]"
035420,네이버,2025-07-01,252000,Buy,85,"[""최근 1개월 수익률이 38.40%로 매우 높고, 거래량 변화율도 338.40%로 급증하여 투자자들의 관심이 집중되고 있음을 시사합니다."", ""두 건의 애널리스트 리포트 모두 긍정적인 전망을 제시하며 목표주가를 현재가 대비 상향 조정했습니다."", ""연간 실적에서 매출과 영업이익이 전년 대비 큰 폭으로 증가했으며, 영업이익률과 순이익도 견조한 흐름을 보이고 있습니다.""]"
035420,네이버,2025-08-01,232500,Buy,75,"[""최근 1개월 수익률이 마이너스이나, 애널리스트 리포트에서 제시된 목표주가들이 현재가 대비 상당한 상승 여력을 시사하고 있습니다."", ""연간 실적에서 매출과 영업이익이 견조하게 성장했으며, 특히 영업이익 증가율이 높게 나타나 기업의 펀더멘털이 긍정적입니다."", ""부채비율이 낮고 영업현금흐름이 양호하여 재무 안정성이 뛰어나 투자 리스크가 상대적으로 낮습니다.""]"
035420,네이버,2025-09-01,225000,Buy,85,"[""최근 애널리스트 리포트에서 제시된 목표주가들이 현재가 대비 상당한 상승 여력을 시사하고 있으며, AI 및 플랫폼 사업에 대한 긍정적인 전망이 지속되고 있습니다."", ""연간 실적에서 매출과 영업이익이 전년 대비 큰 폭으로 성장했으며, 영업이익률 또한 견조한 수준을 유지하고 있어 기업의 펀더멘털이 양호함을 보여줍니다."", ""부채비율이 낮고 영업현금흐름이 긍정적인 점은 재무 안정성을 뒷받침하며, 이는 향후 투자에 대한 위험을 낮추는 요인으로 작용할 수 있습니다.""]"
035420,네이버,2025-10-01,253000,Buy,80,"[""최근 1개월 수익률이 13.11%로 양호하며, 거래량 변화율이 126.08%로 크게 증가하여 투자 심리가 개선되고 있음을 시사합니다."", ""애널리스트 리포트에서 제시된 목표주가들이 현재가 대비 상당한 상승 여력을 보여주며, 특히 가상자산 사업 결합 및 신성장 동력에 대한 긍정적인 전망이 제시되었습니다."", ""연간 실적에서 매출과 영업이익이 전년 대비 큰 폭으로 증가했으며, 영업이익률 또한 18.4%로 견조한 모습을 보여 기업의 펀더멘탈이 긍정적입니다.""]"
035420,네이버,2025-11-03,267000,Buy,75,"[""최근 1개월 수익률 7.02%와 거래량 변화율 13.69%는 긍정적인 시장 관심 증가를 시사합니다."", ""연간 실적에서 매출과 영업이익이 전년 대비 각각 11.0%, 32.9% 증가하며 견조한 성장세를 보이고 있습니다."", ""애널리스트 리포트에서 목표주가가 현재가 대비 상향 조정된 의견들이 존재하며, 신사업 및 성장 옵션에 대한 기대감이 반영되고 있습니다.""]"
035420,네이버,2025-12-01,243000,Buy,75,"[""최근 1개월 수익률 하락에도 불구하고, 애널리스트들의 목표주가가 현재가 대비 상당한 상승 여력을 시사하고 있습니다."", ""연간 실적에서 매출과 영업이익이 모두 견조하게 성장했으며, 영업이익률 또한 높은 수준을 유지하고 있어 펀더멘탈이 긍정적입니다."", ""부채비율이 낮고 영업현금흐름이 양호하여 재무 안정성이 뛰어나 투자 리스크가 상대적으로 낮습니다.""]"
051910,LG화학,2023-01-02,601000,Neutral,60,"[""최근 1개월 수익률이 -16.34%로 하락세를 보이고 있으며, 거래량 변화율 또한 감소하여 단기적인 투자 심리가 위축된 것으로 판단됩니다."", ""연간 실적에서 매출은 큰 폭으로 증가했으나, 영업이익 및 영업이익률 정보가 부재하여 수익성 개선 여부를 판단하기 어렵습니다."", ""현재가 52주 최고가 대비 약 22.5% 하락한 수준으로, 기술적 반등 가능성과 더불어 추가 하락 가능성도 공존하여 명확한 방향성을 제시하기 어렵습니다.""]"
051910,LG화학,2023-02-01,676000,Buy,75,"[""최근 1개월 수익률이 14.67%로 양호하며, 52주 최고가 대비 현재 위치가 82.7%로 상승 여력이 남아있습니다."", ""애널리스트 리포트에서 긍정적인 전망과 함께 목표주가 780,000원을 제시하여 추가 상승 가능성을 시사합니다."", ""연간 매출이 전년 대비 41.9% 증가했으며, 영업현금흐름이 긍정적인 점은 재무 건전성을 뒷받침합니다.""]"
051910,LG화학,2023-03-02,703000,Buy,75,"[""최근 애널리스트 리포트에서 제시된 목표주가 평균이 현재가 대비 상당한 상승 여력을 시사하고 있습니다."", ""미국 리튬 광산 투자 등 미래 성장 동력에 대한 긍정적인 전망이 제시되고 있습니다."", ""최근 1개월 수익률은 소폭 하락했으나, 거래량 변화율이 긍정적인 신호를 보이며 기술적 반등 가능성을 시사합니다.""]"
051910,LG화학,2023-04-03,722000,Buy,75,"[""최근 애널리스트 리포트에서 제시된 목표주가들이 현재가 대비 상당한 상승 여력을 시사하고 있습니다."", ""52주 최고가 대비 현재 위치가 높아 단기적인 상승 모멘텀이 지속될 가능성이 있습니다."", ""거래량 변화율이 긍정적인 신호를 보이며, 이는 투자자들의 관심 증가를 나타낼 수 있습니다.""]"
051910,LG화학,2023-05-02,726000,Buy,85,"[""최근 30일간 애널리스트 리포트에서 제시된 목표주가가 현재가 대비 상당한 상승 여력을 시사하며, 전반적으로 긍정적인 전망을 유지하고 있습니다."", ""최근 1개월 수익률이 4.78%로 양호한 흐름을 보이고 있으며, 거래량 변화율이 55.00%로 증가한 것은 투자자들의 관심이 높아지고 있음을 나타냅니다."", ""52주 최고가 대비 현재 위치가 78.2%로, 아직 최고가에 도달하지 않아 추가 상승 가능성이 존재합니다.""]"
051910,LG화학,2023-06-01,721000,Neutral,60,"[""최근 1개월 수익률이 마이너스이고 거래량 변화율도 감소하여 단기적인 하락 압력이 존재합니다."", ""연간 실적에서 매출은 크게 증가했으나 영업이익은 감소하여 수익성 악화 우려가 있습니다."", ""애널리스트 리포트에서 목표주가 상향 제시가 있었으나, 현재가 대비 상승 여력이 제한적이며 전반적인 투자 심리가 위축될 수 있습니다.""]"
051910,LG화학,2023-07-03,680000,Neutral,60,"[""LG화학은 매출이 크게 증가했으나 영업이익은 감소하여 실적에 대한 불확실성이 존재합니다."", ""현재가는 52주 최고가 대비 하락한 위치에 있으며, 최근 1개월 수익률이 소폭 상승에 그쳐 단기적인 상승 모멘텀이 강하지 않습니다."", ""기술적 지표상 거래량 변화율이 긍정적인 신호를 보이지만, 전반적인 재무 지표와 실적 추세를 고려할 때 명확한 매수 또는 매도 신호를 판단하기 어렵습니다.""]"
051910,LG화학,2023-08-01,642000,Neutral,65,"[""최근 1개월 수익률이 마이너스를 기록하며 단기적인 하락세를 보이고 있으나, 52주 최고가 대비 현재 위치가 41.2%로 여전히 상승 여력이 존재합니다."", ""애널리스트 리포트에서 제시된 목표주가들이 현재가 대비 상당한 상승 여력을 시사하고 있으나, 실적 개선 시기 지연 및 이차전지 실적 둔화에 대한 우려도 함께 제기되고 있습니다."", ""연간 매출은 크게 증가했으나 영업이익은 감소하여 수익성 개선이 필요한 상황이며, 거래량 변화율이 높다는 점은 변동성 확대 가능성을 시사합니다.""]"
051910,LG화학,2023-09-01,586000,Sell,75,"[""최근 1개월 수익률이 -11.21%로 하락세를 보이고 있으며, 거래량 변화율 또한 -42.80%로 감소하여 투자 심리가 위축된 것으로 판단됩니다."", ""연간 실적에서 매출은 증가했으나 영업이익이 전년 대비 -40.4% 감소한 것은 수익성 악화를 시사하며, 이는 주가 하락 요인으로 작용할 수 있습니다."", ""현재 주가가 52주 최고가 대비 약 29% 하락한 위치에 있으며, 52주 최저가에 근접하고 있어 추가 하락 가능성을 배제할 수 없습니다.""]"
051910,LG화학,2023-10-04,502000,Buy,75,"[""최근 1개월 수익률이 -15.62%로 하락했으나, 52주 최저가 대비 현재 위치가 0.0%로 바닥권에 근접해 있어 반등 가능성이 있습니다."", ""애널리스트 리포트에서 목표주가 800,000원을 제시하며 3분기 실적이 괜찮음에도 주가가 급락한 점을 지적하고 있어, 단기 반등을 기대할 수 있습니다."", ""매출이 전년 대비 21.8% 증가하는 등 외형 성장은 견조하나, 영업이익이 감소한 점은 부담 요인이지만, 부채비율이 81.3%로 안정적인 수준이며 영업현금흐름이 양호하여 재무 건전성은 유지되고 있습니다.""]"
051910,LG화학,2023-11-01,455500,Neutral,65,"[""최근 1개월 수익률이 -14.65%로 부진했으나, 52주 최저가 대비 현재 위치가 1.2%로 낮은 수준에 있어 반등 가능성도 존재합니다."", ""애널리스트 리포트에서 제시된 목표주가 평균은 650,000원으로 현재가 대비 상승 여력이 있으나, 4분기 눈높이 하향 조정 의견도 있어 단기 상승에 대한 불확실성이 있습니다."", ""연간 실적에서 매출은 증가했으나 영업이익이 큰 폭으로 감소한 점은 부정적인 요인으로 작용할 수 있습니다.""]"
051910,LG화학,2023-12-01,473000,Neutral,55,"[""최근 1개월 수익률은 긍정적이나, 거래량 변화율은 감소 추세로 투자 심리 위축 가능성을 시사합니다."", ""연간 실적에서 매출은 크게 증가했으나 영업이익은 감소하여 수익성 악화 우려가 있습니다."", ""현재가 52주 최고가 대비 낮은 수준이지만, PBR이 1 미만인 점은 저평가 가능성과 함께 추가 하락 가능성도 내포하고 있습니다.""]"
051910,LG화학,2024-01-02,480500,Neutral,60,"[""LG화학은 매출은 크게 증가했으나 영업이익은 감소하여 수익성 악화가 우려됩니다."", ""현재 주가는 52주 최저가 대비 높은 수준이지만, 최고가 대비로는 상당한 하락폭을 기록하고 있어 방향성 판단이 어렵습니다."", ""최근 1개월 수익률과 거래량 변화율이 부정적인 흐름을 보이고 있으나, ESG 관련 컨퍼런스 콜 등 긍정적인 모멘텀이 있을 수 있어 추가적인 정보 확인이 필요합니다.""]"
051910,LG화학,2024-02-01,461000,Neutral,60,"[""최근 1개월 수익률이 -10.51%로 하락세를 보이고 있으나, 52주 최고가 대비 현재 위치가 9.8%로 여전히 높은 수준입니다."", ""애널리스트 리포트에서 목표주가를 현재가 대비 높게 제시하며 긍정적인 전망을 내놓고 있으나, 영업이익이 전년 대비 큰 폭으로 감소한 점은 부담 요인입니다."", ""매출은 크게 증가했으나 영업이익률이 5.8%로 낮아진 점과 부채비율이 81.3%로 다소 높은 점은 재무 안정성 측면에서 고려해야 할 부분입니다.""]"
051910,LG화학,2024-03-04,452500,Buy,75,"[""최근 1개월 수익률이 8.32%로 양호하며, 거래량 변화율도 53.12%로 증가하는 추세입니다."", ""GM과의 양극재 대규모 공급계약 관련 긍정적인 애널리스트 리포트가 목표주가 500,000원을 제시하며 상승 여력을 시사하고 있습니다."", ""매출이 전년 대비 21.8% 증가하는 등 외형 성장은 긍정적이나, 영업이익률 하락은 단기적인 부담 요인이 될 수 있습니다.""]"
051910,LG화학,2024-04-01,424000,Neutral,60,"[""최근 1개월 수익률이 마이너스이고 거래량 변화율도 하락세를 보이고 있어 단기적인 하락 압력이 존재합니다."", ""연간 실적에서 매출은 증가했으나 영업이익은 감소하여 수익성 개선에 대한 의문이 있습니다."", ""애널리스트 리포트에서 목표주가 600,000원을 제시하며 긍정적인 전망을 내놓고 있으나, 현재가 대비 상승 여력이 제한적일 수 있습니다.""]"
051910,LG화학,2024-05-02,403500,Neutral,65,"[""최근 애널리스트 리포트에서 목표주가 하향 의견과 상향 의견이 혼재되어 있어 단기 방향성 판단이 어렵습니다."", ""최근 1개월 수익률이 마이너스(-)를 기록하고 있으나, 거래량 변화율이 긍정적인 점은 주목할 만합니다."", ""재무 지표상 PER, PBR, ROE가 업종 평균 대비 상대적으로 낮아 저평가 가능성도 있으나, 영업이익 감소는 부담 요인입니다.""]"
051910,LG화학,2024-06-03,361000,Neutral,60,"[""LG화학은 52주 최저가에 근접한 수준으로 하방 경직성이 기대되나, 최근 1개월 수익률이 마이너스를 기록하며 투자 심리가 위축된 모습입니다."", ""매출은 증가했으나 영업이익이 감소하며 수익성 악화가 우려되는 점은 부정적인 요인입니다."", ""PER, PBR 등 일부 재무 지표는 저평가 가능성을 시사하지만, ROE가 낮은 점과 부채비율 정보 부재는 투자 판단에 불확실성을 더합니다.""]"
051910,LG화학,2024-07-01,353000,Buy,75,"[""최근 애널리스트 리포트에서 업황 개선세와 함께 긍정적인 목표주가(570,000원)가 제시되었습니다."", ""현재 주가는 52주 최저가(344,000원) 대비 소폭 상승한 수준으로, 상승 여력이 존재합니다."", ""매출은 전년 대비 증가했으나 영업이익은 감소한 점은 부담 요인이지만, 영업현금흐름이 양호한 점은 긍정적입니다.""]"
051910,LG화학,2024-08-01,308500,Neutral,65,"[""최근 1개월 수익률이 -12.78%로 부진했으나, 52주 최저가 대비 현재 위치가 2.1%로 낮은 수준에 있어 반등 가능성도 존재합니다."", ""애널리스트 리포트에서 목표주가가 현재가 대비 높게 제시되고 있으며, 악재가 충분히 반영되었다는 의견도 있습니다."", ""연간 실적에서 매출은 증가했으나 영업이익은 감소했으며, 영업이익률이 낮은 수준으로 향후 실적 개선 여부에 대한 불확실성이 존재합니다.""]"
051910,LG화학,2024-09-02,333000,Buy,75,"[""최근 1개월 수익률이 8.28%로 양호하며, 거래량 변화율도 16.55%로 긍정적인 흐름을 보이고 있습니다."", ""최근 애널리스트 리포트에서 3분기 실적 우상향 기대감과 함께 높은 목표주가(660,000원)를 제시하고 있어 향후 상승 여력이 충분하다고 판단됩니다."", ""현재 주가는 52주 최저가 대비 높은 수준이지만, 52주 최고가 대비로는 아직 하락폭이 커 추가적인 상승 가능성이 존재합니다.""]"
051910,LG화학,2024-10-02,348500,Buy,75,"[""최근 1개월 수익률이 12.76%로 양호하며, 거래량 변화율도 14.69%로 긍정적인 수급 신호를 보이고 있습니다."", ""애널리스트 리포트에서 제시된 목표주가들이 현재가 대비 상당한 상승 여력을 시사하고 있으며, '바닥을 다지는 구간'이라는 분석은 추가 상승 가능성을 높입니다."", ""PBR 0.61은 현재 주가가 장부가치 대비 저평가되어 있음을 나타내며, 이는 향후 주가 상승의 잠재력을 시사합니다.""]"
051910,LG화학,2024-11-01,323500,Neutral,65,"[""최근 1개월 수익률이 -10.80%로 하락세를 보이고 있으며, 거래량 변화율 또한 감소하여 단기적인 투자 심리가 위축된 것으로 판단됩니다."", ""애널리스트 리포트에서 목표주가는 현재가 대비 상승 여력을 제시하고 있으나, '쉬어가는 연말', '쉬어가는 구간', '아직 가시화되지 않은 실적 개선세' 등의 표현은 단기적인 상승 모멘텀이 약할 수 있음을 시사합니다."", ""연간 실적에서 매출은 증가했으나 영업이익이 감소한 점은 수익성 개선에 대한 우려를 남기며, 재무 안정성 지표 중 부채비율이 N/A로 제시되어 추가적인 분석이 필요합니다.""]"
051910,LG화학,2024-12-02,282500,Neutral,60,"[""LG화학은 52주 최저가에 근접한 현재가와 최근 1개월 마이너스 수익률을 기록하며 단기적인 하락 압력을 받고 있습니다."", ""하지만 매출은 전년 대비 증가했으며, 영업현금흐름이 양호한 점은 긍정적인 요인으로 작용할 수 있습니다."", ""PER, PBR, ROE 등 재무 지표들이 현재 주가 수준에서 매력적인지 판단하기에는 추가적인 분석이 필요하며, 부채비율 정보가 없어 재무 안정성을 명확히 평가하기 어렵습니다.""]"
051910,LG화학,2025-01-02,253500,Neutral,55,"[""최근 1개월 수익률이 -14.61%로 하락세를 보이고 있으나, 52주 최저가 대비 현재 위치가 0.0%로 바닥권에 근접해 반등 가능성도 존재합니다."", ""매출은 전년 대비 증가했으나 영업이익은 감소하여 실적 개선에 대한 불확실성이 있습니다."", ""PER, PBR 등 일부 재무 지표는 저평가 가능성을 시사하지만, ROE가 낮은 점은 투자 매력도를 낮추는 요인입니다.""]"
051910,LG화학,2025-02-03,213000,Neutral,60,"[""최근 1개월 수익률이 -10.48%로 하락세를 보이고 있으며, 거래량 변화율 또한 -21.42%로 감소하여 투자 심리가 위축된 것으로 판단됩니다."", ""52주 최고가 대비 현재 주가가 매우 낮은 수준에 위치해 있어 반등 가능성도 있으나, 52주 최저가와 현재가가 근접한 수준으로 추가 하락 위험도 존재합니다."", ""유일한 애널리스트 리포트에서는 목표주가 410,000원을 제시하며 긍정적인 전망을 내놓았으나, 이는 단기적인 투자 방향을 판단하기에는 정보가 제한적입니다.""]"
051910,LG화학,2025-03-04,230500,Sell,75,"[""최근 30일간 애널리스트 리포트에서 목표주가 하향 조정 및 단기 주가 약세 전망이 다수 존재합니다."", ""최근 1개월 수익률이 -4.21%로 하락세를 보이고 있으며, 52주 최고가 대비 현재 위치가 매우 낮은 4.9%에 머물러 있습니다."", ""연간 실적에서 매출은 증가했으나 영업이익이 감소한 점은 부정적인 신호로 작용할 수 있습니다.""]"
051910,LG화학,2025-04-01,232500,Buy,75,"[""최근 1개월 수익률이 4.05%로 양호하며, 거래량 변화율도 17.76%로 증가하는 추세입니다."", ""최근 애널리스트 리포트에서 1분기 실적 기대치를 상회할 것이라는 긍정적인 전망과 함께 목표주가 320,000원을 제시했습니다."", ""현재 주가가 52주 최저가 대비 12.5% 수준으로, 저가 매수 기회가 존재할 수 있습니다.""]"
051910,LG화학,2025-05-02,208000,Neutral,60,"[""LG화학은 현재 52주 최저가에 근접한 수준으로 기술적 반등 가능성이 있으나, 최근 1개월 수익률 하락 및 거래량 감소는 투자 심리 위축을 시사합니다."", ""애널리스트 리포트에서 긍정적인 목표주가를 제시하고 있으나, PER이 '해당없음(적자)'이고 영업이익이 전년 대비 큰 폭으로 감소한 점은 실적 개선에 대한 불확실성을 높입니다."", ""PBR이 0.31로 낮아 저평가 매력이 있을 수 있으나, 재무 안정성 지표(부채비율, ROE)가 명확하지 않아 투자 판단에 어려움이 있습니다.""]"
051910,LG화학,2025-06-02,198700,Sell,75,"[""최근 1개월 수익률이 -13.39%로 하락세를 보이고 있으며, 이는 단기적인 투자 심리 위축을 시사합니다."", ""연간 실적에서 매출과 영업이익이 전년 대비 큰 폭으로 감소했으며, 영업이익률 또한 낮은 수준으로 수익성 악화가 우려됩니다."", ""PER이 '해당없음(적자)'으로 표시되어 있어 현재 기업 가치 대비 수익성이 매우 낮음을 나타내며, 이는 주가 하락 압력으로 작용할 수 있습니다.""]"
051910,LG화학,2025-07-01,240000,Neutral,60,"[""최근 1개월 수익률이 14.90%로 양호한 흐름을 보이고 있으나, 연간 실적에서 매출과 영업이익이 감소한 점은 부정적인 요인입니다."", ""PER이 '해당없음(적자)'으로 표시되어 있어 현재 기업 가치 평가에 어려움이 있으며, PBR이 0.34로 낮아 저평가 가능성도 있으나 적자 기업임을 감안해야 합니다."", ""52주 최고가 대비 현재 위치가 25.2%로 낮아 상승 여력이 있어 보이나, 거래량 변화율이 -7.58%로 감소 추세인 점은 투자 심리 위축 가능성을 시사합니다.""]"
051910,LG화학,2025-08-01,289500,Buy,75,"[""최근 1개월 수익률이 12.84%로 양호하며, 52주 최고가 대비 현재 위치가 60.2%로 상승 여력이 남아있습니다."", ""다수의 애널리스트 리포트에서 목표주가를 현재가 대비 상향 제시하며 긍정적인 전망을 내놓고 있습니다."", ""PBR이 0.43으로 낮아 저평가 매력이 있으며, 영업현금흐름이 양(+)으로 안정적인 재무 상태를 보여줍니다.""]"
051910,LG화학,2025-09-01,269500,Neutral,65,"[""최근 1개월 수익률이 -9.95%로 부진하며 거래량 변화율도 감소하는 등 단기적인 하락 압력이 존재합니다."", ""하지만 PBR 0.40으로 저평가 구간에 있으며, 애널리스트 리포트에서 목표주가 상향 의견이 다수 제시되어 있어 반등 가능성도 있습니다."", ""본업의 부진과 자회사(LGES) 지분 활용 기대감이 상반되게 나타나 향후 20거래일 투자 방향을 명확히 판단하기 어렵습니다.""]"
051910,LG화학,2025-10-01,277500,Buy,75,"[""최근 1개월 수익률이 4.45%로 긍정적인 흐름을 보이고 있으며, 52주 최고가 대비 현재 위치가 55.5%로 상승 여력이 남아있습니다."", ""애널리스트 리포트에서 글로벌 석화 폐쇄 사이클 수혜를 기대하며 목표주가 500,000원을 제시하여 향후 상승 가능성을 시사합니다."", ""PBR이 0.41로 낮아 저평가 매력이 있으며, 영업현금흐름이 양(+)으로 안정적인 재무 상태를 유지하고 있습니다.""]"
051910,LG화학,2025-11-03,395000,Buy,75,"[""최근 1개월간 39.12%의 높은 수익률과 133.96%의 거래량 변화율은 강한 매수세를 시사합니다."", ""현재가가 52주 최고가 대비 약 5.2% 하락한 수준으로, 추가 상승 여력이 존재할 가능성이 있습니다."", ""PBR 0.58은 자산 가치 대비 저평가 가능성을 나타내며, 영업현금흐름이 양호한 점은 긍정적입니다.""]"
051910,LG화학,2025-12-01,371500,Buy,75,"[""최근 애널리스트 리포트에서 제시된 목표주가들이 현재가 대비 상당한 상승 여력을 시사하고 있습니다."", ""PBR이 0.55로 장부가치 대비 저평가된 측면이 있으며, 이는 향후 주가 반등의 잠재력을 내포합니다."", ""최근 1개월 수익률이 마이너스이나, 52주 최고가 대비 현재 위치가 80% 수준으로, 과거 고점 회복에 대한 기대감이 존재합니다.""]"
352820,HYBE,2023-01-02,176500,Buy,75,"[""최근 1개월 수익률이 10.42%로 양호한 흐름을 보이고 있으며, 거래량 변화율도 25.46%로 증가하는 추세입니다."", ""연간 실적에서 매출과 영업이익이 전년 대비 큰 폭으로 성장했으며, 영업이익률도 15.2%로 견조한 수준을 유지하고 있습니다."", ""부채비율이 63.8%로 안정적인 수준이며, 영업현금흐름도 긍정적인 점은 재무 건전성을 뒷받침합니다.""]"
352820,HYBE,2023-02-01,187900,Buy,75,"[""최근 1개월 수익률이 9.22%로 양호하며, 거래량 변화율도 9.81%로 긍정적인 흐름을 보이고 있습니다."", ""애널리스트 리포트에서 제시된 목표주가(230,000원, 196,000원)가 현재가(187,900원) 대비 상승 여력을 시사합니다."", ""연간 실적에서 매출과 영업이익이 전년 대비 큰 폭으로 성장했으며, 영업이익률과 재무 안정성 지표(부채비율, 영업현금흐름)도 견조한 편입니다.""]"
352820,HYBE,2023-03-02,187400,Buy,75,"[""최근 30일 내 애널리스트 리포트에서 제시된 목표주가 평균이 현재가 대비 상승 여력을 시사하며, 최고 목표주가는 현재가 대비 약 97% 높은 수준입니다."", ""연간 실적에서 매출과 영업이익이 전년 대비 큰 폭으로 성장했으며, 영업이익률 또한 양호한 수준을 유지하고 있습니다."", ""부채비율이 63.8%로 안정적인 재무 구조를 보여주고 있으며, 영업현금흐름도 긍정적인 상황입니다.""]"
352820,HYBE,2023-04-03,190300,Neutral,60,"[""연간 실적은 긍정적이나, 현재 PER이 높아 밸류에이션 부담이 존재합니다."", ""최근 1개월 수익률이 마이너스이고 거래량 변화율이 감소하여 단기적인 투자 심리가 위축된 것으로 보입니다."", ""52주 최고가 대비 현재 주가 위치가 낮지만, 52주 최저가 대비로는 상당 부분 상승하여 추가 상승 여력에 대한 판단이 어렵습니다.""]"
352820,HYBE,2023-05-02,294500,Buy,75,"[""최근 1개월 수익률이 50.61%로 매우 높은 상승 모멘텀을 보여주고 있으며, 52주 최고가에 근접한 현재 위치는 추가 상승 가능성을 시사합니다."", ""애널리스트들의 목표주가가 현재가 대비 상향 조정되고 있으며, 이는 향후 주가 상승에 대한 긍정적인 전망을 뒷받침합니다."", ""연간 실적에서 매출과 영업이익이 큰 폭으로 성장했으며, 영업이익률과 부채비율, 영업현금흐름 등 재무 안정성 지표도 양호한 편입니다.""]"
352820,HYBE,2023-06-01,270000,Buy,85,"[""최근 30일간 애널리스트 리포트에서 제시된 목표주가가 현재가 대비 상당한 상승 여력을 시사하며, 전반적으로 긍정적인 전망을 유지하고 있습니다."", ""연간 실적에서 매출과 영업이익이 전년 대비 큰 폭으로 성장했으며, 영업이익률 또한 양호한 수준을 유지하고 있어 기업의 펀더멘털이 견조함을 보여줍니다."", ""52주 최고가 대비 현재 위치가 90.8%로, 주가가 이미 상당 부분 상승했지만 여전히 상승 추세가 이어질 가능성을 내포하고 있습니다.""]"
352820,HYBE,2023-07-03,286000,Buy,75,"[""최근 1개월 수익률이 소폭 상승세를 보이며 기술적 반등 가능성을 시사합니다."", ""애널리스트 리포트에서 제시된 목표주가 360,000원은 현재가 대비 상당한 상승 여력을 보여줍니다."", ""연간 실적에서 매출과 영업이익이 큰 폭으로 성장했으며, 영업이익률 또한 양호한 수준을 유지하고 있습니다."", ""부채비율이 66.3%로 안정적인 수준이며, 영업현금흐름이 긍정적인 점은 재무 건전성을 뒷받침합니다.""]"
352820,HYBE,2023-08-01,252000,Buy,75,"[""최근 30일간 애널리스트 리포트에서 제시된 목표주가 평균이 현재가 대비 상당한 상승 여력을 시사합니다."", ""연간 실적에서 매출과 영업이익이 전년 대비 큰 폭으로 성장했으며, 영업이익률 또한 견조한 수준을 유지하고 있습니다."", ""최근 1개월 수익률은 하락했지만, 52주 최고가 대비 현재 위치가 73.2%로 여전히 높은 수준이며, 거래량 변화율이 긍정적인 신호를 보입니다.""]"
352820,HYBE,2023-09-01,250500,Buy,75,"[""최근 30일간 애널리스트 리포트에서 제시된 목표주가(315,000원 ~ 330,000원)가 현재가(250,500원) 대비 상당한 상승 여력을 시사하고 있습니다."", ""연간 실적에서 매출과 영업이익이 전년 대비 큰 폭으로 성장했으며, 영업이익률 또한 양호한 수준을 유지하고 있어 기업의 펀더멘털은 긍정적입니다."", ""부채비율이 66.3%로 안정적인 수준이며, 영업현금흐름이 양(+)의 값을 기록하고 있어 재무 건전성 또한 우수합니다."", ""52주 최고가 대비 현재 위치가 70.6%로, 아직 최고가에 도달하지 않아 추가 상승 가능성이 존재합니다.""]"
352820,HYBE,2023-10-04,227000,Neutral,55,"[""연간 실적은 긍정적이나, 현재가 기준 PER이 높아 밸류에이션 부담이 존재합니다."", ""최근 1개월 수익률이 마이너스이고 거래량 변화율도 감소하여 단기적인 투자 심리가 위축된 것으로 보입니다."", ""52주 최고가 대비 현재 위치는 중간 수준이지만, 기술적 지표만으로는 뚜렷한 상승 또는 하락 추세를 판단하기 어렵습니다.""]"
352820,HYBE,2023-11-01,227500,Buy,75,"[""최근 애널리스트 리포트에서 제시된 목표주가(315,000원 ~ 330,000원)가 현재가(227,500원) 대비 상당한 상승 여력을 시사하고 있습니다."", ""연간 실적에서 매출과 영업이익이 전년 대비 큰 폭으로 성장했으며, 영업이익률 또한 양호한 수준을 유지하고 있어 기업의 펀더멘털이 견조함을 보여줍니다."", ""최근 1개월 수익률은 하락했지만, 거래량 변화율이 23.51%로 증가한 점은 투자자들의 관심이 다시 높아지고 있음을 나타낼 수 있습니다.""]"
352820,HYBE,2023-12-01,209000,Buy,80,"[""최근 30일간 애널리스트 리포트에서 제시된 목표주가가 현재가 대비 상당한 상승 여력을 시사하고 있습니다."", ""연간 실적에서 매출과 영업이익이 전년 대비 큰 폭으로 성장하며 견조한 사업 성장세를 보여주고 있습니다."", ""부채비율이 낮고 영업현금흐름이 양호하여 재무 안정성이 뒷받침되고 있습니다.""]"
352820,HYBE,2024-01-02,239500,Buy,75,"[""최근 1개월 수익률이 12.33%로 양호한 흐름을 보이고 있으며, 52주 최고가 대비 현재 위치가 52.9%로 상승 여력이 남아있습니다."", ""연간 실적에서 매출과 영업이익이 전년 대비 큰 폭으로 증가하며 견조한 성장세를 보여주고 있습니다."", ""애널리스트 리포트에서 긍정적인 목표주가(330,000원)를 제시하며 향후 상승 가능성을 시사하고 있습니다.""]"
352820,HYBE,2024-02-01,205500,Neutral,60,"[""최근 1개월 수익률이 -16.91%로 하락세를 보이고 있으나, 52주 최고가 대비 현재 위치가 19.1%로 여전히 상승 여력이 남아있습니다."", ""연간 실적은 매출과 영업이익 모두 큰 폭으로 성장했으며, 영업이익률과 부채비율, 영업현금흐름 등 재무 안정성 지표도 긍정적입니다."", ""애널리스트 리포트에서 목표주가 310,000원을 제시하며 긍정적인 전망을 내놓았으나, 현재 PER이 157.3으로 매우 높아 단기적인 추가 상승에 대한 부담이 존재합니다.""]"
352820,HYBE,2024-03-04,188600,Buy,85,"[""최근 30일간 애널리스트 리포트에서 모두 긍정적인 전망과 함께 목표주가가 현재가 대비 상당한 상승 여력을 제시하고 있습니다."", ""연간 실적에서 매출과 영업이익이 전년 대비 큰 폭으로 성장했으며, 영업이익률 또한 양호한 수준을 유지하고 있습니다."", ""부채비율이 66.3%로 안정적인 수준이며, 영업현금흐름이 긍정적인 점은 재무 건전성을 뒷받침합니다.""]"
352820,HYBE,2024-04-01,222500,Buy,75,"[""UMG와의 글로벌 독점 유통 계약 체결은 향후 매출 증대 및 시장 지배력 강화에 긍정적인 영향을 미칠 것으로 예상됩니다."", ""최근 1개월 수익률이 13.76%로 양호하며, 거래량 변화율도 10.66%로 증가 추세를 보이고 있어 투자 심리가 개선되고 있음을 시사합니다."", ""연간 실적에서 매출과 영업이익이 전년 대비 각각 22.6%, 24.8% 증가하며 견조한 성장세를 이어가고 있습니다.""]"
352820,HYBE,2024-05-02,203500,Buy,75,"[""애널리스트들의 목표주가가 현재가 대비 상당한 상승 여력을 시사하며, 대부분 300,000원 이상으로 제시되고 있습니다."", ""최근 1개월 수익률은 하락했으나, 거래량 변화율이 47%로 높게 나타나 투자자들의 관심이 재집중될 가능성이 있습니다."", ""연간 실적에서 매출과 영업이익이 전년 대비 큰 폭으로 성장했으며, 영업이익률과 영업현금흐름도 양호한 수준을 유지하고 있습니다.""]"
352820,HYBE,2024-06-03,200000,Neutral,60,"[""연간 실적은 견조한 성장세를 보이고 있으나, 현재 PER이 높아 단기적인 추가 상승 여력이 제한적일 수 있습니다."", ""최근 1개월 수익률이 소폭 하락했으며 거래량 변화가 없어 뚜렷한 매수/매도세가 관찰되지 않습니다."", ""52주 최고가 대비 현재 위치가 낮아 반등 가능성도 있으나, 불확실성이 공존하여 명확한 방향성을 판단하기 어렵습니다.""]"
352820,HYBE,2024-07-01,197200,Buy,75,"[""최근 애널리스트 리포트에서 제시된 목표주가가 현재가 대비 상당한 상승 여력을 시사하고 있습니다."", ""연간 실적에서 매출과 영업이익이 전년 대비 큰 폭으로 성장하며 견조한 사업 성과를 보여주고 있습니다."", ""부채비율이 71.9%로 안정적인 수준이며, 영업현금흐름이 양호하여 재무 건전성이 뒷받침되고 있습니다.""]"
352820,HYBE,2024-08-01,180800,Buy,75,"[""최근 1개월 수익률 하락에도 불구하고, 애널리스트들의 목표주가가 현재가 대비 상당한 상승 여력을 시사하고 있습니다."", ""연간 실적에서 매출과 영업이익이 전년 대비 높은 성장률을 기록하며 견조한 펀더멘털을 보여주고 있습니다."", ""부채비율이 낮고 영업현금흐름이 양호하여 재무 안정성이 뒷받침되고 있습니다.""]"
352820,HYBE,2024-09-02,180400,Buy,85,"[""최근 애널리스트 리포트에서 일관되게 긍정적인 전망과 높은 목표주가를 제시하고 있으며, 특히 4분기 비중 확대 의견이 눈에 띕니다."", ""최근 1개월 수익률이 2.57%로 양호한 흐름을 보이고 있으며, 거래량 변화율이 32.01%로 증가하며 투자 심리가 개선되고 있음을 시사합니다."", ""연간 실적에서 매출과 영업이익이 전년 대비 큰 폭으로 성장했으며, 영업이익률 및 영업현금흐름 또한 견조한 수준을 유지하고 있어 기업의 펀더멘털이 긍정적입니다.""]"
352820,HYBE,2024-10-02,173500,Neutral,55,"[""연간 실적은 견조한 성장세를 보였으나, 최근 1개월 수익률 하락 및 거래량 감소는 단기적인 투자 심리 위축을 시사합니다."", ""현재 주가는 52주 최고가 대비 상당 부분 하락한 위치에 있으나, 52주 최저가 대비로는 높은 수준으로 추가 하락 가능성도 배제할 수 없습니다."", ""PER, PBR 등 밸류에이션 지표는 다소 높은 편이며, ROE는 시장 평균 대비 낮은 수준으로 재무적 매력도가 높다고 보기는 어렵습니다.""]"
352820,HYBE,2024-11-01,197300,Buy,75,"[""최근 애널리스트 리포트에서 제시된 목표주가들이 현재가 대비 상당한 상승 여력을 시사하고 있습니다."", ""최근 1개월 수익률이 10.60%로 양호한 흐름을 보이고 있으며, 이는 투자자들의 긍정적인 관심을 반영합니다."", ""연간 실적에서 매출과 영업이익이 전년 대비 큰 폭으로 성장했으며, 영업이익률과 영업현금흐름도 견조한 수준을 유지하고 있어 펀더멘탈이 긍정적입니다.""]"
352820,HYBE,2024-12-02,199300,Buy,85,"[""최근 30일간 애널리스트 리포트에서 제시된 목표주가가 현재가 대비 상당한 상승 여력을 시사하며, 전반적으로 긍정적인 투자의견을 유지하고 있습니다."", ""연간 실적에서 매출과 영업이익이 전년 대비 큰 폭으로 성장했으며, 영업이익률 또한 견조한 수준을 유지하고 있어 기업의 펀더멘털이 긍정적입니다."", ""거래량 변화율이 62.75%로 높게 나타나 투자자들의 관심이 증가하고 있으며, 이는 향후 주가 상승의 동력이 될 수 있습니다.""]"
352820,HYBE,2025-01-02,201000,Buy,75,"[""최근 애널리스트 리포트에서 '절대적인 비중확대 구간'으로 제시하며 목표주가 280,000원을 제시한 점은 긍정적입니다."", ""연간 실적에서 매출과 영업이익이 전년 대비 각각 22.6%, 24.8% 증가하며 견조한 성장세를 보이고 있습니다."", ""부채비율 71.9%와 영업현금흐름 310627.2조원은 재무 안정성이 양호함을 시사합니다.""]"
352820,HYBE,2025-02-03,233000,Buy,85,"[""최근 애널리스트 리포트들이 일관되게 긍정적인 전망과 함께 목표주가를 상향 제시하고 있습니다."", ""현재 주가가 52주 최고가에 근접한 위치에 있으며, 최근 1개월 수익률이 15.86%로 강한 상승세를 보이고 있습니다."", ""연간 실적에서 매출과 영업이익이 전년 대비 큰 폭으로 성장했으며, 영업이익률 및 영업현금흐름도 양호한 수준을 유지하고 있습니다.""]"
352820,HYBE,2025-03-04,251000,Buy,75,"[""최근 1개월 수익률이 11.56%로 양호하며, 52주 최고가 대비 현재 위치가 89.0%로 상승 여력이 남아있습니다."", ""애널리스트 리포트에서 전반적으로 긍정적인 전망과 함께 목표주가가 현재가 대비 높게 제시되고 있습니다."", ""연간 실적에서 매출과 영업이익이 전년 대비 큰 폭으로 성장했으며, 영업현금흐름도 안정적인 수준을 유지하고 있습니다.""]"
352820,HYBE,2025-04-01,232500,Neutral,60,"[""최근 1개월 수익률이 마이너스이고 거래량 변화율도 감소하여 단기적인 하락 압력이 존재합니다."", ""PER이 매우 높아 밸류에이션 부담이 크지만, 52주 최고가 대비 현재 위치가 높아 추가 상승 여력도 제한적일 수 있습니다."", ""연간 실적에서 매출은 증가했으나 영업이익과 순이익이 크게 감소한 점은 부정적인 요인입니다. 다만, 영업현금흐름은 양호한 편입니다.""]"
352820,HYBE,2025-05-02,264500,Buy,85,"[""최근 1개월 수익률이 13.76%로 양호하며, 52주 최고가에 근접한 강한 상승 추세를 보이고 있습니다."", ""최근 30일간 애널리스트 리포트에서 모두 긍정적인 전망과 함께 310,000원 이상의 목표주가를 제시하고 있어 향후 상승 여력이 충분합니다."", ""거래량 변화율이 37.06%로 증가하며 투자자들의 관심이 집중되고 있음을 시사합니다.""]"
352820,HYBE,2025-06-02,281000,Neutral,55,"[""PER이 매우 높아 밸류에이션 부담이 존재합니다."", ""최근 1개월 수익률은 긍정적이나, 거래량 변화율은 하락세를 시사합니다."", ""연간 실적에서 매출은 증가했으나 영업이익과 순이익이 큰 폭으로 감소하여 재무 건전성에 대한 우려가 있습니다.""]"
352820,HYBE,2025-07-01,305000,Buy,75,"[""최근 1개월 수익률이 15.26%로 강한 상승세를 보이고 있으며, 52주 최고가에 근접한 위치는 추가 상승 가능성을 시사합니다."", ""최근 30일 내 애널리스트 리포트에서 제시된 목표주가들이 현재가 대비 상당한 상승 여력을 보여주고 있습니다."", ""BTS 컴백 관련 이슈는 향후 이익률 개선 및 주가 상승에 긍정적인 영향을 미칠 것으로 예상됩니다.""]"
352820,HYBE,2025-08-01,260500,Neutral,60,"[""최근 1개월 수익률이 -13.60%로 하락세를 보이고 있으며, 거래량 변화율 또한 감소하여 단기적인 투자 심리가 위축된 것으로 판단됩니다."", ""PER이 1115.6으로 매우 높아 현재 주가가 고평가되었을 가능성이 있으며, 이는 향후 주가 상승에 부담으로 작용할 수 있습니다."", ""애널리스트 리포트에서는 목표주가를 현재가 대비 높게 제시하며 긍정적인 전망을 내놓고 있으나, 연간 실적에서 영업이익률이 8.2%로 낮고 순이익이 적자 전환한 점은 우려 요인입니다.""]"
352820,HYBE,2025-09-01,284000,Neutral,65,"[""애널리스트들의 목표주가가 현재가 대비 상승 여력을 시사하지만, 2분기 실적이 컨센서스를 소폭 하회했다는 점은 단기적인 부담 요인입니다."", ""PER이 1266.7배로 매우 높아 밸류에이션 부담이 크며, PBR 및 ROE 지표가 없어 재무 건전성 판단에 한계가 있습니다."", ""최근 1개월 수익률이 9.83%로 양호하고 거래량 변화율도 15.07%로 긍정적이나, 연간 실적에서 영업이익이 전년 대비 크게 감소하고 순이익이 적자 전환한 점은 우려스럽습니다.""]"
352820,HYBE,2025-10-01,267500,Neutral,60,"[""PER이 매우 높아 밸류에이션 부담이 존재하나, 52주 최고가 대비 현재 위치는 상대적으로 낮아 하락폭이 제한될 가능성도 있습니다."", ""최근 1개월 수익률이 마이너스이고 거래량 변화율도 감소하여 단기적인 투자 심리가 위축된 것으로 보입니다."", ""연간 실적에서 매출은 소폭 증가했으나 영업이익이 큰 폭으로 감소하고 순이익이 마이너스를 기록하는 등 수익성 악화가 우려됩니다.""]"
352820,HYBE,2025-11-03,341000,Buy,75,"[""최근 1개월 수익률이 27.56%로 강한 상승 모멘텀을 보여주고 있으며, 52주 최고가에 근접한 위치는 추가 상승 가능성을 시사합니다."", ""애널리스트 리포트에서 제시된 목표주가들이 현재가 대비 상승 여력을 보여주고 있으며, 긍정적인 전망이 우세합니다."", ""거래량 변화율이 66.23%로 높게 나타나 투자자들의 관심이 집중되고 있음을 알 수 있습니다.""]"
352820,HYBE,2025-12-01,298000,Neutral,60,"[""최근 1개월 수익률이 -14.37%로 부진하며 거래량 변화율도 감소하는 등 단기적인 하락 압력이 존재합니다."", ""애널리스트 리포트에서는 목표주가를 현재가 대비 높게 제시하고 있으나, 실적 부진에 대한 언급도 있어 상반된 시각이 혼재합니다."", ""PER이 매우 높은 수준이며, PBR 및 ROE 지표가 없어 기업의 내재가치 및 수익성 평가에 한계가 있습니다.""]"
329180,HD현대중공업,2023-01-02,114500,Neutral,55,"[""현재가 52주 최고가 대비 하락한 위치에 있으나, 최근 1개월 수익률 및 거래량 변화율이 부정적인 점은 하락 압력을 시사합니다."", ""연간 실적에서 매출은 유지되었으나 영업이익이 큰 폭으로 감소하고 영업이익률이 마이너스를 기록하는 등 재무 상태가 좋지 않습니다."", ""PER이 해당 없음(적자)이고 ROE가 N/A%로 기업의 수익성을 평가하기 어렵습니다. 또한 영업현금흐름 정보가 없어 재무 안정성 판단에 한계가 있습니다.""]"
329180,HD현대중공업,2023-02-01,111200,Neutral,60,"[""최근 1개월 수익률이 마이너스(-)를 기록하며 약세를 보이고 있으나, 거래량 변화율이 46.73%로 크게 증가한 점은 긍정적인 신호로 해석될 수 있습니다."", ""연간 실적에서 매출은 전년 대비 유지되었으나 영업이익이 큰 폭으로 감소하고 영업이익률이 마이너스(-)를 기록하는 등 재무적인 부담이 존재합니다."", ""PER이 '해당없음(적자)'으로 표시되어 있어 현재 기업 가치를 평가하기 어렵고, ROE 및 영업현금흐름 정보가 없어 투자 판단에 불확실성이 존재합니다.""]"
329180,HD현대중공업,2023-03-02,104200,Buy,75,"[""최근 애널리스트 리포트에서 일관되게 긍정적인 실적 개선 전망과 함께 높은 목표주가를 제시하고 있습니다."", ""현재 주가가 52주 최저가에 근접해 있어 기술적으로 반등 가능성이 있습니다."", ""비록 최근 1개월 수익률은 하락했으나, 이는 단기적인 조정으로 해석될 수 있으며, 향후 실적 개선 기대감이 주가 상승을 견인할 수 있습니다.""]"
329180,HD현대중공업,2023-04-03,101400,Neutral,55,"[""현재가 52주 최저가 대비 높은 수준이나, 52주 최고가 대비로는 상당한 하락폭을 보이고 있어 방향성 판단이 어렵습니다."", ""최근 1개월 수익률이 마이너스(-)를 기록하고 있으나, 거래량 변화율은 긍정적인 신호를 보이고 있어 상반된 해석이 가능합니다."", ""연간 실적에서 매출은 증가했으나 영업이익과 순이익이 큰 폭의 적자를 기록하고 있어 투자 매력도가 낮습니다. 또한, PER, PBR, ROE, 부채비율, 영업현금흐름 등 핵심 재무 지표 정보가 부족하여 명확한 투자 판단을 내리기 어렵습니다.""]"
329180,HD현대중공업,2023-05-02,109300,Buy,75,"[""최근 1개월 수익률이 10.70%로 양호한 흐름을 보이고 있으며, 52주 최고가 대비 현재 위치가 30.3%로 상승 여력이 남아있습니다."", ""최근 애널리스트 리포트에서 긍정적인 전망과 함께 목표주가가 현재가 대비 상향 조정되었습니다."", ""연간 실적에서 영업이익이 전년 대비 큰 폭으로 개선되었으나, 여전히 적자 상태이며 재무 안정성 지표가 부족하여 추가적인 상승 동력 확인이 필요합니다.""]"
329180,HD현대중공업,2023-06-01,117400,Neutral,55,"[""현재 재무 지표상 적자 상태이며, PER, PBR, ROE 등 주요 가치 지표가 부재하여 투자 매력도를 판단하기 어렵습니다."", ""최근 1개월 수익률은 긍정적이나, 거래량 변화율이 마이너스인 점은 단기적인 매수세 약화를 시사할 수 있습니다."", ""애널리스트 목표주가(149,000원)는 현재가(117,400원) 대비 상승 여력을 보여주지만, 실적 개선에 대한 구체적인 근거가 부족하여 20거래일 내 초과 상승을 확신하기 어렵습니다.""]"
329180,HD현대중공업,2023-07-03,136000,Neutral,55,"[""현재가 52주 최고가 대비 하락한 위치에 있으나, 최근 1개월 수익률은 긍정적인 흐름을 보이고 있습니다."", ""연간 실적에서 매출은 증가했으나 영업이익 및 순이익은 큰 폭의 적자를 기록하고 있어 재무 건전성에 대한 우려가 존재합니다."", ""PER, PBR, ROE, 부채비율, 영업현금흐름 등 핵심 재무 지표 정보가 부족하여 명확한 투자 방향 판단에 한계가 있습니다.""]"
329180,HD현대중공업,2023-08-01,138300,Buy,75,"[""최근 애널리스트 리포트에서 흑자기조 지속 및 실적 개선 전망과 함께 157,000원 ~ 185,000원의 목표주가가 제시되어 현재가 대비 상승 여력이 충분합니다."", ""최근 1개월 수익률이 5.85%로 양호한 흐름을 보이고 있으며, 52주 최고가 대비 현재 위치가 81.7%로 상승 추세에 대한 기대감을 높입니다."", ""연간 실적에서 영업이익 및 순이익이 적자를 기록하고 있으나, 전년 대비 적자 폭이 크게 줄어들고 영업이익률이 개선되는 추세는 긍정적인 신호로 해석될 수 있습니다.""]"
329180,HD현대중공업,2023-09-01,128900,Neutral,55,"[""현재 PER, PBR, ROE, 부채비율, 영업현금흐름 등 핵심 재무 지표가 부재하여 기업의 내재가치 평가가 어렵습니다."", ""연간 실적에서 매출은 증가했으나 여전히 큰 폭의 영업이익 및 순이익 적자를 기록하고 있어 단기적인 실적 개선 모멘텀을 기대하기 어렵습니다."", ""최근 1개월 수익률이 마이너스이고 거래량 변화율도 감소하는 등 기술적으로도 약세 흐름을 보이고 있으나, 52주 최고가 대비 현재 위치가 63.3%로 하락 여력보다는 상승 여력이 상대적으로 더 남아있을 가능성도 배제할 수 없습니다.""]"
329180,HD현대중공업,2023-10-04,112000,Neutral,55,"[""현재 PER, PBR, ROE, 부채비율, 영업현금흐름 등 핵심 재무 지표가 부재하여 기업의 내재가치 및 재무 건전성 판단이 어렵습니다."", ""연간 실적상 매출은 증가했으나 여전히 큰 폭의 영업이익 및 순이익 적자를 기록하고 있어 단기적인 실적 개선 모멘텀을 기대하기 어렵습니다."", ""최근 1개월 수익률이 마이너스이고 거래량 변화율도 감소하는 등 기술적으로도 약세 흐름을 보이고 있으나, 52주 최고가 대비 현재 위치가 절반 이상 상승한 점은 긍정적인 요인으로 작용할 수 있습니다.""]"
329180,HD현대중공업,2023-11-01,108200,Buy,75,"[""최근 30일간 애널리스트 리포트에서 제시된 목표주가 평균이 현재가 대비 상당한 상승 여력을 시사합니다."", ""최근 1개월 수익률은 하락했으나, 거래량 변화율이 56.59%로 높게 나타나 투자자들의 관심이 증가하고 있음을 보여줍니다."", ""연간 실적에서 매출이 전년 대비 증가했으며, 영업이익 적자 폭이 감소하고 영업이익률이 개선되는 추세를 보입니다.""]"
329180,HD현대중공업,2023-12-01,133800,Neutral,55,"[""최근 1개월 수익률이 19.13%로 강한 상승세를 보였으나, 연간 실적이 적자 상태이며 영업이익률 또한 마이너스인 점은 부정적 요인입니다."", ""PER, PBR, ROE, 부채비율, 영업현금흐름 등 핵심 재무 지표가 '해당없음' 또는 'N/A'로 제공되어 정확한 재무 건전성 판단이 어렵습니다."", ""52주 최고가 대비 현재 위치가 65.0%로 상승 여력이 남아있다고 볼 수도 있으나, 거래량 변화율이 소폭 하락한 점은 투자 심리 위축 가능성을 시사합니다.""]"
329180,HD현대중공업,2024-01-02,121500,Neutral,55,"[""현재가 52주 최고가 대비 하락한 위치에 있으나, 최근 1개월 수익률은 긍정적인 모습을 보이고 있습니다."", ""연간 실적상 매출은 증가했으나 영업이익 및 순이익은 적자를 기록하며 재무 건전성에 대한 우려가 존재합니다."", ""PER, PBR, ROE, 부채비율, 영업현금흐름 등 핵심 재무 지표 정보가 부족하여 명확한 투자 방향 판단에 한계가 있습니다.""]"
329180,HD현대중공업,2024-02-01,113900,Neutral,55,"[""최근 1개월 수익률이 마이너스이고 거래량 변화율도 감소하는 등 단기적인 하락 압력이 존재합니다."", ""하지만 애널리스트 리포트에서는 긍정적인 전망과 함께 목표주가를 제시하고 있어 상승 여력도 남아있습니다."", ""PER, PBR, ROE, 부채비율, 영업현금흐름 등 핵심 재무 지표 정보가 부족하여 명확한 투자 방향 판단에 한계가 있습니다.""]"
329180,HD현대중공업,2024-03-04,112300,Buy,75,"[""최근 애널리스트 리포트에서 2H24 수익성 개선 및 경상 흑자 기조 유지에 대한 긍정적인 전망과 함께 목표주가가 현재가 대비 상승 여력을 시사하고 있습니다."", ""최근 1개월 수익률은 소폭 하락했으나, 거래량 변화율이 67.25%로 높게 나타나 투자자들의 관심이 증가하고 있음을 보여줍니다."", ""52주 최고가 대비 현재 위치가 36.7%로, 향후 상승 여력이 존재할 가능성이 있습니다.""]"
329180,HD현대중공업,2024-04-01,124900,Buy,75,"[""최근 1개월 수익률이 2.88%로 양호하며, 거래량 변화율도 23.45%로 긍정적인 흐름을 보이고 있습니다."", ""연간 실적에서 매출과 영업이익이 전년 대비 큰 폭으로 증가했으며, 영업이익률도 개선되는 추세를 보입니다."", ""최근 애널리스트 리포트에서 목표주가 상향 조정과 함께 대장주로서의 면모를 보여줄 것이라는 긍정적인 전망이 제시되었습니다.""]"
329180,HD현대중공업,2024-05-02,133600,Buy,80,"[""최근 애널리스트 리포트에서 일관되게 긍정적인 전망과 함께 목표주가가 현재가 대비 상승 여력을 시사하고 있습니다."", ""최근 1개월 수익률이 12.28%로 양호하며, 거래량 변화율도 34.08%로 증가하여 투자 심리가 개선되고 있음을 보여줍니다."", ""연간 실적에서 매출과 영업이익이 전년 대비 큰 폭으로 증가하며 견조한 성장세를 나타내고 있습니다.""]"
329180,HD현대중공업,2024-06-03,129500,Buy,75,"[""최근 애널리스트 리포트에서 긍정적인 목표주가 상향 조정이 있었습니다."", ""연간 실적에서 매출과 영업이익이 큰 폭으로 증가하며 성장세를 보여주고 있습니다."", ""최근 1개월 수익률은 하락했지만, 거래량 변화율이 높아 투자자들의 관심이 증가하고 있음을 시사합니다.""]"
329180,HD현대중공업,2024-07-01,153300,Buy,75,"[""최근 1개월 수익률이 17.41%로 강한 상승세를 보이고 있으며, 52주 최고가에 근접한 위치는 추가 상승 가능성을 시사합니다."", ""연간 실적에서 매출과 영업이익이 전년 대비 큰 폭으로 증가하며 견조한 성장세를 나타내고 있습니다."", ""영업이익률이 1.5%로 다소 낮지만, 영업현금흐름이 양호한 점은 긍정적인 신호입니다.""]"
329180,HD현대중공업,2024-08-01,209000,Buy,85,"[""최근 1개월간 40.88%의 높은 수익률과 52주 최고가에 근접한 현재가는 강한 상승 모멘텀을 시사합니다."", ""최근 30일간 발표된 5건의 애널리스트 리포트 모두 긍정적인 전망과 함께 목표주가를 상향 제시하고 있어 투자 심리에 긍정적인 영향을 미칠 것으로 예상됩니다."", ""전년 대비 매출 및 영업이익이 큰 폭으로 증가했으며, 특히 영업이익률 개선은 실적 개선에 대한 기대감을 높입니다.""]"
329180,HD현대중공업,2024-09-02,188500,Buy,75,"[""최근 1개월 수익률이 부진했으나, 연간 실적에서 매출 및 영업이익이 큰 폭으로 증가하며 턴어라운드 가능성을 시사합니다."", ""애널리스트 리포트에서 시리즈 발주 증가와 신조선가 상승을 근거로 목표주가 230,000원을 제시하며 긍정적인 전망을 내놓고 있습니다."", ""52주 최고가 대비 현재 위치가 73.2%로, 상승 여력이 남아있다고 판단됩니다.""]"
329180,HD현대중공업,2024-10-02,185500,Neutral,60,"[""최근 1개월 수익률이 마이너스이고 거래량 변화율도 감소하여 단기적인 하락 압력이 존재합니다."", ""하지만 연간 실적에서 매출과 영업이익이 큰 폭으로 증가했으며, 영업이익률도 개선되는 등 펀더멘털은 긍정적인 모습을 보입니다."", ""PER이 매우 높은 수준으로 밸류에이션 부담이 존재하지만, PBR과 ROE는 업종 평균 대비 비교가 필요하며, 부채비율이 다소 높은 점도 고려해야 합니다.""]"
329180,HD현대중공업,2024-11-01,175000,Buy,75,"[""최근 30일 내 애널리스트 리포트에서 제시된 목표주가(236,000원 ~ 242,000원)가 현재가(175,000원) 대비 상당한 상승 여력을 시사합니다."", ""연간 실적에서 매출과 영업이익이 전년 대비 큰 폭으로 증가하며 견조한 성장세를 보여주고 있습니다."", ""영업현금흐름이 양(+)의 값을 기록하며 재무 안정성 측면에서 긍정적인 신호를 보내고 있습니다.""]"
329180,HD현대중공업,2024-12-02,213000,Buy,75,"[""최근 1개월 수익률이 21.13%로 강한 상승세를 보이고 있으며, 거래량 변화율도 135.11%로 급증하여 투자자들의 관심이 집중되고 있습니다."", ""연간 실적에서 매출과 영업이익이 전년 대비 큰 폭으로 증가했으며, 영업이익률도 개선되는 추세를 보이고 있습니다."", ""애널리스트 리포트에서 목표주가 260,000원을 제시하며 긍정적인 전망을 내놓고 있습니다.""]"
329180,HD현대중공업,2025-01-02,285500,Buy,75,"[""최근 1개월간 31.36%의 높은 수익률을 기록하며 강한 상승 모멘텀을 보여주고 있습니다."", ""연간 실적에서 매출과 영업이익이 전년 대비 큰 폭으로 증가하며 견조한 성장세를 나타내고 있습니다."", ""52주 최고가에 근접한 현재 위치는 추가 상승 가능성을 시사합니다.""]"
329180,HD현대중공업,2025-02-03,320500,Buy,85,"[""최근 1개월 수익률이 4.53%로 양호하며, 52주 최고가에 근접한 92.9% 위치에 있어 상승 모멘텀이 강하게 나타나고 있습니다."", ""최근 30일간 애널리스트 리포트에서 모두 긍정적인 전망과 함께 370,000원 ~ 383,000원의 목표주가를 제시하며 현재가 대비 상승 여력을 시사하고 있습니다."", ""연간 실적에서 매출과 영업이익이 전년 대비 큰 폭으로 증가했으며, 영업이익률 또한 개선되는 등 견조한 실적 성장을 보여주고 있습니다.""]"
329180,HD현대중공업,2025-03-04,317000,Buy,75,"[""최근 애널리스트 리포트에서 제시된 목표주가들이 현재가 대비 상당한 상승 여력을 시사하고 있습니다."", ""최근 1개월 수익률은 소폭 상승했으나, 거래량 변화율이 56.01%로 크게 증가하며 투자 심리 개선 및 추가 상승 가능성을 보여줍니다."", ""연간 실적에서 매출과 영업이익이 전년 대비 큰 폭으로 증가하며 견조한 성장세를 나타내고 있습니다.""]"
329180,HD현대중공업,2025-04-01,291000,Buy,75,"[""연간 실적에서 매출과 영업이익이 전년 대비 큰 폭으로 증가하며 견조한 성장세를 보이고 있습니다."", ""영업이익률이 4.9%로 개선되었으며, 순이익 또한 크게 증가하여 수익성이 향상되었습니다."", ""최근 1개월 수익률은 소폭 하락했으나, 52주 최고가 대비 현재 위치가 70.5%로 여전히 높은 수준이며, 애널리스트 리포트에서 목표주가 360,000원을 제시하여 추가 상승 여력이 있습니다.""]"
329180,HD현대중공업,2025-05-02,415500,Buy,85,"[""최근 1개월 수익률이 40.38%로 매우 높으며, 52주 최고가에 근접한 강한 상승세를 보이고 있습니다."", ""최근 애널리스트 리포트들이 일관되게 높은 목표주가를 제시하며 긍정적인 전망을 내놓고 있습니다."", ""연간 실적에서 매출과 영업이익이 큰 폭으로 증가하며 견조한 성장세를 보여주고 있습니다.""]"
329180,HD현대중공업,2025-06-02,428000,Buy,75,"[""최근 애널리스트 리포트에서 긍정적인 목표주가 상향 조정이 있었습니다."", ""연간 실적에서 매출과 영업이익이 큰 폭으로 증가하며 견조한 성장세를 보였습니다."", ""현재 주가가 52주 최고가에 위치하며 강한 상승 모멘텀을 보여주고 있습니다.""]"
329180,HD현대중공업,2025-07-01,407500,Buy,75,"[""최근 1개월 수익률이 3.70%로 양호하며, 52주 최고가 대비 현재 위치가 87.0%로 상승 추세가 강하게 나타나고 있습니다."", ""전년 대비 매출액이 21.1% 증가하고 영업이익이 294.8% 급증하는 등 견조한 실적 개선세를 보이고 있습니다."", ""거래량 변화율이 44.53%로 높게 나타나 투자자들의 관심이 집중되고 있으며, 이는 향후 주가 상승의 동력이 될 수 있습니다.""]"
329180,HD현대중공업,2025-08-01,463500,Buy,75,"[""최근 1개월 수익률이 20.94%로 강한 상승세를 보이고 있으며, 52주 최고가 대비 현재 위치가 95.7%로 상승 여력이 남아있습니다."", ""애널리스트들의 목표주가가 현재가 대비 상향 제시되고 있으며, 하반기 LNG선 발주 기대감이 긍정적인 요인으로 작용할 것으로 예상됩니다."", ""연간 실적에서 매출과 영업이익이 전년 대비 큰 폭으로 증가하며 견조한 성장세를 보여주고 있습니다.""]"
329180,HD현대중공업,2025-09-01,514000,Buy,75,"[""최근 1개월 수익률이 3.98%로 양호하며, 52주 최고가에 근접한 위치는 상승 모멘텀을 시사합니다."", ""현대미포 흡수합병 관련 긍정적인 애널리스트 리포트와 목표주가 상향 조정은 향후 주가 상승에 대한 기대감을 높입니다."", ""전년 대비 매출 및 영업이익이 크게 증가하는 등 견조한 실적 개선세를 보이고 있습니다.""]"
329180,HD현대중공업,2025-10-01,528000,Neutral,60,"[""현재가 52주 최고가와 일치하며 단기 급등 후 숨 고르기 가능성이 있습니다."", ""매출 및 영업이익의 큰 폭 성장은 긍정적이나, 높은 부채비율은 재무 안정성에 대한 우려를 남깁니다."", ""거래량 감소는 투자 심리 위축을 시사하며, 향후 방향성을 판단하기에는 정보가 다소 부족합니다.""]"
329180,HD현대중공업,2025-11-03,567000,Buy,75,"[""최근 1개월 수익률이 23.50%로 강한 상승세를 보이고 있으며, 52주 최고가 대비 현재 위치가 96.2%로 상승 여력이 남아있습니다."", ""애널리스트들의 목표주가가 현재가 대비 상당한 상승 여력을 시사하고 있으며, 최근 리포트에서도 긍정적인 전망을 유지하고 있습니다."", ""연간 실적에서 매출과 영업이익이 큰 폭으로 증가하며 견조한 성장세를 보여주고 있습니다.""]"
329180,HD현대중공업,2025-12-01,520000,Buy,75,"[""최근 30일간 애널리스트 리포트에서 제시된 목표주가들이 현재가 대비 상당한 상승 여력을 시사하고 있습니다."", ""연간 실적에서 매출과 영업이익이 전년 대비 큰 폭으로 증가하며 견조한 성장세를 보여주고 있습니다."", ""최근 1개월 수익률은 하락했지만, 52주 최고가 대비 현재 위치가 높아 추가 상승 가능성을 배제할 수 없습니다.""]"
012450,한화에어로스페이스,2023-01-02,72732,Buy,75,"[""연간 실적에서 매출과 영업이익이 큰 폭으로 증가하며 견조한 성장세를 보여주고 있습니다."", ""영업이익률 개선과 영업현금흐름의 긍정적인 흐름은 재무 건전성을 뒷받침합니다."", ""현재 주가가 52주 최고가 대비 하락한 위치에 있어 추가 상승 여력이 존재하며, 최근 1개월 수익률도 긍정적입니다.""]"
012450,한화에어로스페이스,2023-02-01,82001,Buy,75,"[""최근 1개월 수익률이 9.78%로 양호하며, 52주 최고가 대비 현재 위치가 높아 상승 모멘텀이 유지되고 있습니다."", ""연간 실적에서 매출과 영업이익이 전년 대비 큰 폭으로 증가하며 견조한 성장세를 보여주고 있습니다."", ""거래량 변화율이 66.60%로 높게 나타나 시장의 관심이 집중되고 있으며, 이는 향후 주가 상승에 긍정적인 영향을 줄 수 있습니다.""]"
012450,한화에어로스페이스,2023-03-02,95448,Buy,75,"[""최근 1개월 수익률이 13.06%로 강한 상승세를 보이고 있으며, 52주 최고가에 근접한 위치는 추가 상승 가능성을 시사합니다."", ""최근 애널리스트 리포트에서 긍정적인 전망과 함께 목표주가가 현재가 대비 상승 여력을 보여주고 있습니다."", ""연간 실적에서 매출과 영업이익이 큰 폭으로 증가하며 견조한 성장세를 나타내고 있습니다.""]"
012450,한화에어로스페이스,2023-04-03,109505,Buy,75,"[""최근 1개월 수익률이 9.50%로 양호한 흐름을 보이고 있으며, 52주 최고가에 근접한 강한 상승 추세를 나타내고 있습니다."", ""연간 실적에서 매출과 영업이익이 전년 대비 큰 폭으로 증가하며 견조한 성장세를 보여주고 있습니다."", ""영업이익률이 5.8%로 개선되었고, 영업현금흐름이 매우 긍정적인 점은 재무 건전성을 뒷받침합니다.""]"
012450,한화에어로스페이스,2023-05-02,108894,Buy,85,"[""최근 1개월 수익률 8.47%와 거래량 변화율 58.41%는 긍정적인 시장 관심과 수급 개선을 시사합니다."", ""최근 30일간 애널리스트 리포트에서 제시된 목표주가 평균 139,000원은 현재가 108,894원 대비 상당한 상승 여력을 보여줍니다."", ""연간 실적에서 매출 및 영업이익이 전년 대비 큰 폭으로 성장했으며, 영업이익률 또한 개선되는 추세를 보이고 있습니다.""]"
012450,한화에어로스페이스,2023-06-01,112866,Buy,75,"[""최근 애널리스트 리포트에서 긍정적인 전망과 함께 목표주가가 제시되어 상승 여력이 충분하다고 판단됩니다."", ""연간 실적에서 매출과 영업이익이 전년 대비 큰 폭으로 성장하며 견조한 성장세를 보여주고 있습니다."", ""현재 주가가 52주 최고가에 근접해 있으나, 52주 내 현재 위치가 87.7%로 여전히 상승 탄력이 남아있을 가능성이 있습니다.""]"
012450,한화에어로스페이스,2023-07-03,134157,Buy,75,"[""최근 1개월 수익률이 20.46%로 강한 상승 모멘텀을 보여주고 있으며, 52주 최고가 대비 현재 위치가 87.7%로 상승 여력이 남아있습니다."", ""연간 실적에서 매출과 영업이익이 전년 대비 각각 18.0%, 36.1% 크게 성장했으며, 영업이익률도 개선되는 추세를 보입니다."", ""최근 애널리스트 리포트에서 목표주가 180,000원을 제시하며 실적 성장과 모멘텀을 모두 보유하고 있다고 평가했습니다.""]"
012450,한화에어로스페이스,2023-08-01,123053,Buy,75,"[""최근 1개월 수익률 하락에도 불구하고 52주 최고가 대비 현재 위치가 높아 추가 상승 여력이 존재합니다."", ""연간 실적에서 매출과 영업이익이 큰 폭으로 증가하며 견조한 성장세를 보이고 있습니다."", ""애널리스트 리포트에서 지상방산 부문 수출 확대에 주목하며 긍정적인 목표주가를 제시하고 있습니다.""]"
012450,한화에어로스페이스,2023-09-01,116636,Buy,75,"[""연간 실적에서 매출과 영업이익이 전년 대비 큰 폭으로 증가하며 견조한 성장세를 보여주고 있습니다."", ""영업이익률 개선과 긍정적인 영업현금흐름은 기업의 수익성과 현금 창출 능력이 양호함을 시사합니다."", ""최근 1개월 수익률 하락과 거래량 감소는 단기적인 조정으로 해석될 수 있으며, 52주 최고가 대비 현재 위치는 상승 여력이 있음을 나타냅니다.""]"
012450,한화에어로스페이스,2023-10-04,100541,Buy,75,"[""최근 1개월 수익률 하락에도 불구하고, 연간 실적은 매출 및 영업이익에서 큰 폭의 성장을 기록하며 긍정적인 펀더멘털을 보여주고 있습니다."", ""애널리스트 리포트에서 제시된 목표주가 150,000원은 현재가 대비 상당한 상승 여력을 시사합니다."", ""영업현금흐름이 양호하게 나타나고 있어 재무 안정성 측면에서 긍정적인 신호를 보내고 있습니다.""]"
012450,한화에어로스페이스,2023-11-01,117553,Buy,75,"[""최근 1개월 수익률이 8.92%로 양호하며, 거래량 변화율도 29.97%로 증가 추세를 보이고 있어 투자 심리가 긍정적입니다."", ""연간 실적에서 매출과 영업이익이 전년 대비 각각 18.0%, 36.1% 증가하며 견조한 성장세를 나타내고 있습니다."", ""애널리스트 리포트에서 제시된 목표주가 133,000원은 현재가 117,553원 대비 상승 여력을 시사합니다.""]"
012450,한화에어로스페이스,2023-12-01,140879,Buy,75,"[""최근 1개월 수익률이 17.85%로 강한 상승세를 보이고 있으며, 52주 최고가에 근접한 위치는 추가 상승 가능성을 시사합니다."", ""최근 애널리스트 리포트에서 목표주가를 현재가 대비 상향 제시하며 긍정적인 전망을 내놓고 있습니다."", ""연간 실적에서 매출과 영업이익이 큰 폭으로 증가하며 견조한 성장세를 보여주고 있습니다.""]"
012450,한화에어로스페이스,2024-01-02,135787,Buy,75,"[""최근 1개월 수익률이 5.36%로 양호하며, 52주 최고가 대비 현재 위치가 높아 상승 모멘텀이 유지되고 있습니다."", ""연간 실적에서 매출과 영업이익이 전년 대비 큰 폭으로 증가하며 견조한 성장세를 보여주고 있습니다."", ""영업현금흐름이 매우 긍정적인 수준으로, 재무 건전성 측면에서 긍정적인 신호를 보내고 있습니다.""]"
012450,한화에어로스페이스,2024-02-01,134666,Buy,75,"[""최근 1개월 수익률은 소폭 하락했으나, 거래량 변화율이 25.68%로 증가하며 매수세 유입 가능성을 시사합니다."", ""연간 실적에서 매출과 영업이익이 전년 대비 큰 폭으로 증가하며 견조한 성장세를 보여주고 있습니다."", ""영업이익률 개선과 영업현금흐름의 긍정적인 흐름은 기업의 수익 창출 능력과 재무 건전성을 뒷받침합니다.""]"
012450,한화에어로스페이스,2024-03-04,188757,Buy,75,"[""최근 애널리스트 리포트에서 긍정적인 전망과 함께 목표주가가 현재가 대비 상승 여력을 시사하고 있습니다."", ""최근 1개월 수익률이 42.23%로 매우 높으며, 거래량 변화율도 75.22%로 강한 매수세를 나타내고 있습니다."", ""연간 실적에서 매출과 영업이익이 전년 대비 큰 폭으로 성장했으며, 영업이익률도 개선되는 추세를 보이고 있습니다.""]"
012450,한화에어로스페이스,2024-04-01,245497,Buy,75,"[""최근 1개월 수익률이 11.47%로 양호하며, 52주 최고가 대비 현재 위치가 89.3%로 상승 추세가 이어지고 있습니다."", ""연간 실적에서 매출과 영업이익이 각각 32.6%, 72.6%로 크게 증가하며 견조한 성장세를 보여주고 있습니다."", ""두 건의 애널리스트 리포트 모두 목표주가를 현재가보다 높게 제시하고 있어 추가 상승 여력이 있습니다.""]"
012450,한화에어로스페이스,2024-05-02,219521,Buy,75,"[""최근 애널리스트 리포트에서 제시된 목표주가들이 현재가 대비 상당한 상승 여력을 시사하고 있습니다."", ""연간 실적에서 매출과 영업이익이 전년 대비 큰 폭으로 증가하며 견조한 성장세를 보여주고 있습니다."", ""52주 최고가 대비 현재 위치가 높아 추가 상승에 대한 기대감을 높이지만, 거래량 변화율이 음수이고 PBR, ROE, 부채비율 등 일부 재무 지표가 부재하여 신중한 접근이 필요합니다.""]"
012450,한화에어로스페이스,2024-06-03,214936,Buy,75,"[""최근 1개월 수익률이 5.44%로 긍정적인 흐름을 보이고 있으며, 52주 최고가 대비 현재 위치가 87.5%로 상승 여력이 남아있습니다."", ""연간 실적에서 매출과 영업이익이 전년 대비 큰 폭으로 증가하며 견조한 성장세를 나타내고 있습니다."", ""애널리스트 리포트에서 목표주가 250,000원을 제시하며 긍정적인 전망을 내놓고 있습니다.""]"
012450,한화에어로스페이스,2024-07-01,239384,Buy,85,"[""최근 1개월 수익률이 19.36%로 강한 상승세를 보이고 있으며, 52주 최고가 대비 현재 위치가 95.2%로 상승 여력이 남아있습니다."", ""연간 실적에서 매출과 영업이익이 전년 대비 각각 32.6%, 72.6% 크게 증가하며 견조한 성장세를 나타내고 있습니다."", ""영업이익률이 7.4%로 양호하며, 영업현금흐름이 긍정적인 점은 재무 건전성을 뒷받침합니다.""]"
012450,한화에어로스페이스,2024-08-01,294392,Buy,85,"[""최근 1개월 수익률이 30.26%로 매우 높으며, 52주 최고가 대비 현재 위치가 91.7%로 상승 추세가 강하게 나타나고 있습니다."", ""최근 애널리스트 리포트에서 2분기 실적 호조 및 향후 성장세를 전망하며 목표주가를 현재가 대비 상향 제시하고 있습니다."", ""연간 실적에서 매출과 영업이익이 전년 대비 큰 폭으로 증가했으며, 영업이익률 또한 개선되는 등 견조한 성장세를 보이고 있습니다.""]"
012450,한화에어로스페이스,2024-09-02,295411,Buy,75,"[""최근 애널리스트 리포트에서 제시된 목표주가 375,000원은 현재가 대비 상당한 상승 여력을 시사합니다."", ""연간 실적에서 매출과 영업이익이 전년 대비 큰 폭으로 증가하며 견조한 성장세를 보여주고 있습니다."", ""52주 최고가 대비 현재 위치가 85.8%로, 상승 추세가 이어질 가능성을 내포하고 있습니다.""]"
012450,한화에어로스페이스,2024-10-02,332338,Buy,75,"[""최근 1개월 수익률이 3.17%로 양호한 흐름을 보이고 있으며, 52주 최고가 대비 현재 위치가 89.8%로 상승 여력이 남아있습니다."", ""연간 실적에서 매출과 영업이익이 전년 대비 큰 폭으로 증가하며 견조한 성장세를 보여주고 있습니다."", ""영업이익률이 7.4%로 개선되었고, 영업현금흐름이 플러스(+)를 기록하며 재무 건전성이 양호한 것으로 판단됩니다.""]"
012450,한화에어로스페이스,2024-11-01,361387,Buy,85,"[""최근 1개월 수익률이 27.44%로 매우 높으며, 52주 최고가 대비 현재 위치가 95.0%로 상승 추세가 강하게 나타나고 있습니다."", ""애널리스트 리포트에서 20조 클럽 가입을 언급하며 목표주가를 상향 조정하는 등 긍정적인 전망이 제시되고 있습니다."", ""연간 실적에서 매출과 영업이익이 전년 대비 큰 폭으로 증가했으며, 영업이익률 또한 개선되는 등 견조한 펀더멘털을 보여주고 있습니다.""]"
012450,한화에어로스페이스,2024-12-02,333322,Buy,75,"[""최근 애널리스트 리포트에서 긍정적인 목표주가 상향 조정이 있었습니다."", ""연간 실적에서 매출과 영업이익이 전년 대비 큰 폭으로 성장하며 견조한 실적 개선세를 보이고 있습니다."", ""최근 1개월 수익률은 하락했지만, 52주 최고가 대비 현재 위치가 67.6%로 여전히 상승 여력이 남아있습니다.""]"
012450,한화에어로스페이스,2025-01-02,356463,Buy,75,"[""최근 1개월 수익률이 16.32%로 강한 상승세를 보이고 있으며, 52주 최고가 대비 현재 위치가 81.8%로 상승 여력이 남아있습니다."", ""연간 실적에서 매출과 영업이익이 전년 대비 큰 폭으로 증가하며 견조한 성장세를 나타내고 있습니다."", ""최근 애널리스트 리포트에서 목표주가 430,000원을 제시하며 긍정적인 전망을 내놓고 있습니다.""]"
012450,한화에어로스페이스,2025-02-03,400282,Buy,85,"[""최근 1개월 수익률이 21.33%로 강한 상승세를 보이고 있으며, 52주 최고가 대비 현재 위치가 91.6%로 높은 수준을 유지하고 있습니다."", ""최근 30일간 발표된 애널리스트 리포트들이 일관되게 긍정적인 전망과 함께 목표주가를 상향 제시하고 있어 추가 상승 여력이 기대됩니다."", ""연간 실적에서 매출과 영업이익이 전년 대비 큰 폭으로 증가했으며, 영업이익률 또한 개선되는 등 견조한 성장세를 보여주고 있습니다.""]"
012450,한화에어로스페이스,2025-03-04,684370,Buy,75,"[""최근 1개월 수익률이 75.25%로 매우 높고, 거래량 변화율도 142.13%로 급증하여 강한 상승 모멘텀을 보여주고 있습니다."", ""연간 실적에서 매출과 영업이익이 전년 대비 큰 폭으로 증가했으며, 영업이익률도 개선되어 기업의 펀더멘탈이 견조함을 나타냅니다."", ""애널리스트 리포트에서 목표주가가 현재가보다 높은 경우가 다수 존재하며, 긍정적인 전망을 제시하고 있습니다.""]"
012450,한화에어로스페이스,2025-04-01,652860,Neutral,60,"[""최근 1개월 수익률은 긍정적이나, 3.6조원 규모의 유상증자 발표로 인한 불확실성이 존재합니다."", ""애널리스트 리포트에서 목표주가가 상이하게 제시되어 투자 방향 판단에 혼란을 야기합니다."", ""현재 주가는 52주 최고가 대비 높은 수준에 위치하여 추가 상승 여력에 대한 신중한 접근이 필요합니다.""]"
012450,한화에어로스페이스,2025-05-02,876388,Buy,75,"[""최근 1개월 수익률이 23.38%로 강한 상승세를 보이고 있으며, 52주 최고가에 근접한 98.1% 위치에 있어 추가 상승 여력이 기대됩니다."", ""애널리스트 리포트에서 제시된 목표주가들이 현재가(876,388원) 대비 상향 조정되고 있으며, 긍정적인 전망이 다수 제시되었습니다."", ""연간 실적에서 매출과 영업이익이 전년 대비 큰 폭으로 성장했으며, 영업이익률 또한 15.4%로 견조한 모습을 보여 기업의 펀더멘탈이 개선되고 있음을 시사합니다.""]"
012450,한화에어로스페이스,2025-06-02,845000,Buy,75,"[""최근 1개월 수익률이 4.82%로 긍정적인 흐름을 보이고 있으며, 52주 최고가 대비 현재 위치가 92.4%로 상승 여력이 남아있습니다."", ""연간 실적에서 매출과 영업이익이 전년 대비 큰 폭으로 증가하며 견조한 성장세를 보여주고 있습니다."", ""최근 애널리스트 리포트에서 목표주가 상향 조정이 있었으며, 이는 향후 주가 상승에 대한 긍정적인 전망을 시사합니다.""]"
012450,한화에어로스페이스,2025-07-01,819000,Buy,75,"[""최근 1개월 수익률은 소폭 하락했으나, 52주 최고가 대비 현재 위치가 높아 상승 여력이 남아있습니다."", ""연간 실적에서 매출과 영업이익이 큰 폭으로 증가하며 견조한 성장세를 보여주고 있습니다."", ""애널리스트 리포트에서 제시된 목표주가 1,100,000원은 현재가 대비 상당한 상승 여력을 시사합니다.""]"
012450,한화에어로스페이스,2025-08-01,938000,Buy,75,"[""최근 1개월 수익률이 14.93%로 강한 상승세를 보이고 있으며, 52주 최고가 대비 현재 위치가 91.9%로 상승 여력이 남아있습니다."", ""연간 실적에서 매출과 영업이익이 전년 대비 큰 폭으로 증가하며 견조한 성장세를 나타내고 있습니다."", ""최근 애널리스트 리포트에서 목표주가 1,000,000원을 제시하며 긍정적인 전망을 내놓고 있습니다.""]"
012450,한화에어로스페이스,2025-09-01,933000,Buy,75,"[""최근 1개월 수익률은 하락했으나, 52주 최고가 대비 현재 위치가 높아 상승 여력이 남아있습니다."", ""연간 실적에서 매출과 영업이익이 전년 대비 큰 폭으로 증가하며 견조한 성장세를 보여주고 있습니다."", ""애널리스트 리포트에서 제시된 목표주가 1,300,000원은 현재가 대비 상당한 상승 여력을 시사합니다.""]"
012450,한화에어로스페이스,2025-10-01,1097000,Buy,85,"[""최근 1개월 수익률이 17.79%로 강한 상승세를 보이고 있으며, 52주 최고가에 근접한 위치는 추가 상승 가능성을 시사합니다."", ""연간 실적에서 매출과 영업이익이 전년 대비 큰 폭으로 증가했으며, 영업이익률 또한 15.4%로 견조한 성장세를 보여주고 있습니다."", ""애널리스트 리포트에서 제시된 목표주가(120만 원, 128만 원)가 현재가(109.7만 원) 대비 상승 여력을 보여주고 있으며, 특히 독자적인 무인기 항공엔진 개발 소식은 긍정적인 모멘텀으로 작용할 수 있습니다.""]"
012450,한화에어로스페이스,2025-11-03,1010000,Buy,85,"[""최근 2건의 애널리스트 리포트 모두 긍정적인 전망과 함께 목표주가를 제시하며 상승 여력을 시사하고 있습니다."", ""연간 실적에서 매출과 영업이익이 전년 대비 큰 폭으로 증가했으며, 영업이익률 또한 15.4%로 견조한 성장세를 보여주고 있습니다."", ""현재 주가가 52주 최고가 대비 약 8% 하락한 수준으로, 기술적으로는 반등 가능성이 존재하며 거래량 변화율도 긍정적인 신호를 보내고 있습니다.""]"
012450,한화에어로스페이스,2025-12-01,824000,Buy,75,"[""최근 1개월 수익률이 마이너스(-)를 기록하며 단기 조정을 받았으나, 이는 오히려 저가 매수의 기회를 제공할 수 있습니다."", ""애널리스트 리포트에서 제시된 목표주가들이 현재가 대비 상당한 상승 여력을 시사하며, 긍정적인 전망을 유지하고 있습니다."", ""연간 실적에서 매출과 영업이익이 전년 대비 큰 폭으로 증가하며 견조한 성장세를 보여주고 있으며, 영업이익률 또한 양호합니다.""]"
259960,크래프톤,2023-01-02,166500,Sell,75,"[""최근 1개월 수익률이 -25.45%로 큰 폭의 하락세를 보이고 있으며, 52주 최고가 대비 현재 위치가 0.0%로 매우 낮은 수준에 머물러 있습니다."", ""연간 실적에서 매출은 증가했으나 영업이익이 전년 대비 감소한 점은 수익성 악화에 대한 우려를 제기합니다."", ""거래량 변화율 또한 감소 추세를 보이며 투자 심리가 위축되었음을 시사합니다.""]"
259960,크래프톤,2023-02-01,182000,Neutral,60,"[""최근 1개월 수익률은 긍정적이나, 거래량 변화율은 하락세를 나타내고 있어 투자 심리가 혼재되어 있습니다."", ""애널리스트 리포트에서 목표주가가 현재가 대비 상승 여력을 제시하는 의견과 하락 가능성을 시사하는 의견이 혼재되어 있어 방향성 판단이 어렵습니다."", ""연간 실적에서 매출은 증가했으나 영업이익은 감소했으며, 재무 안정성은 양호하나 기술적 지표상 52주 최고가 대비 상당한 하락폭을 기록하고 있어 추가 하락 가능성도 배제할 수 없습니다.""]"
259960,크래프톤,2023-03-02,169800,Buy,75,"[""최근 애널리스트 리포트에서 목표주가가 현재가 대비 상승 여력이 충분하며, 긍정적인 전망을 제시하고 있습니다."", ""주요 게임 IP의 하향세 둔화 및 중국 매출 회복세 등 실적 개선 가능성이 언급되고 있습니다."", ""주주환원 정책 발표는 주가 상승에 대한 기대감을 높이는 요인으로 작용할 수 있습니다.""]"
259960,크래프톤,2023-04-03,189400,Buy,75,"[""최근 1개월 수익률이 7.66%로 긍정적인 흐름을 보이고 있으며, 애널리스트 리포트에서도 목표주가 상향 조정과 함께 긍정적인 전망을 제시하고 있습니다."", ""영업이익이 전년 대비 15.5% 증가하고 영업이익률이 40.5%로 매우 높은 수준을 유지하는 등 견조한 수익성을 보여주고 있습니다."", ""부채비율이 17.9%로 낮고 영업현금흐름이 양호하여 재무 안정성이 뛰어나 투자 매력도를 높입니다.""]"
259960,크래프톤,2023-05-02,192900,Buy,75,"[""최근 애널리스트 리포트에서 목표주가를 상향하며 긍정적인 전망을 제시하고 있습니다."", ""연간 실적에서 영업이익이 전년 대비 증가했으며, 영업이익률이 매우 높아 수익성이 우수합니다."", ""부채비율이 낮고 영업현금흐름이 양호하여 재무 안정성이 뛰어납니다.""]"
259960,크래프톤,2023-06-01,189000,Buy,85,"[""최근 애널리스트 리포트에서 일관되게 긍정적인 전망과 함께 목표주가가 현재가 대비 상당한 상승 여력을 제시하고 있습니다."", ""인도 서비스 재개 및 PC 트래픽 수익화 전환 등 주요 사업 모멘텀이 현실화될 가능성이 높다는 분석이 있습니다."", ""연간 실적에서 매출 감소에도 불구하고 영업이익과 영업이익률이 크게 개선되었으며, 영업현금흐름이 매우 긍정적인 점은 재무 건전성을 뒷받침합니다.""]"
259960,크래프톤,2023-07-03,183000,Neutral,60,"[""최근 1개월 수익률은 소폭 상승했으나 거래량 변화율은 큰 폭으로 하락하여 투자 심리가 위축되었을 가능성이 있습니다."", ""연간 실적은 매출 감소에도 불구하고 영업이익과 영업이익률이 크게 개선되었으며, 재무 안정성 또한 우수하여 펀더멘털은 긍정적입니다."", ""신작 부재에도 불구하고 긍정적인 실적 전망과 높은 목표주가가 제시되었으나, 현재 주가는 52주 최고가 대비 상당한 하락폭을 보이고 있어 단기적인 방향성 판단이 어렵습니다.""]"
259960,크래프톤,2023-08-01,172900,Buy,75,"[""최근 애널리스트 리포트에서 신작 출시 없이도 견조한 이익 체력과 이익 방어 능력을 높이 평가하며 긍정적인 목표주가를 제시하고 있습니다."", ""연간 실적에서 매출은 소폭 감소했으나 영업이익이 15.5% 증가하며 수익성이 개선되었고, 높은 영업이익률과 영업현금흐름은 재무 건전성을 뒷받침합니다."", ""현재 주가는 52주 최저가 대비 높은 수준이지만, 52주 최고가 대비로는 아직 하락 여력이 남아있어 단기 반등 가능성을 시사합니다.""]"
259960,크래프톤,2023-09-01,156700,Neutral,65,"[""최근 1개월 수익률이 -10.06%로 하락세를 보이고 있으나, 52주 최저가 대비 현재 위치가 0.6%로 매우 근접해 있어 반등 가능성도 존재합니다."", ""애널리스트 리포트에서 목표주가가 180,000원에서 270,000원까지 다양하게 제시되어 있어 투자 방향에 대한 불확실성이 존재합니다."", ""연간 실적에서 매출은 소폭 감소했으나 영업이익은 큰 폭으로 증가했으며, 영업이익률과 영업현금흐름이 매우 높아 재무 건전성은 우수합니다.""]"
259960,크래프톤,2023-10-04,148000,Neutral,60,"[""현재가 52주 최저가에 근접해 있어 하방 경직성이 기대되나, 최근 1개월 수익률 및 거래량 변화율이 부정적인 점은 하락 압력으로 작용할 수 있습니다."", ""연간 실적에서 매출은 소폭 감소했으나 영업이익이 크게 증가하고 영업이익률이 높은 점은 긍정적입니다."", ""부채비율이 낮고 영업현금흐름이 양호하여 재무 안정성은 우수하나, 목표주가 상향 조정 리포트가 있으나 이를 상회하는 강한 상승 모멘텀을 보여주기에는 정보가 제한적입니다.""]"
259960,크래프톤,2023-11-01,168900,Buy,75,"[""최근 애널리스트 리포트에서 긍정적인 전망과 함께 목표주가가 현재가 대비 상승 여력을 시사하고 있습니다."", ""최근 1개월 수익률이 11.63%로 양호하며, 거래량 변화율도 16.36%로 증가 추세를 보이고 있어 투자 심리가 개선되고 있음을 나타냅니다."", ""연간 실적에서 매출은 소폭 감소했으나 영업이익이 15.5% 증가하고 영업이익률이 40.5%로 매우 높아 견조한 수익성을 보여주고 있습니다.""]"
259960,크래프톤,2023-12-01,218000,Buy,75,"[""최근 1개월 수익률이 28.77%로 강한 상승세를 보이고 있으며, 거래량 변화율도 77.19%로 높아 투자자들의 관심이 집중되고 있습니다."", ""애널리스트 리포트에서 긍정적인 전망과 함께 목표주가가 현재가 대비 상향 조정되는 추세가 나타나고 있습니다. 특히 신작 출시 기대감이 주요 상승 요인으로 작용하고 있습니다."", ""연간 실적에서 매출은 소폭 감소했으나 영업이익이 15.5% 증가하고 영업이익률이 40.5%로 매우 높아 견조한 수익성을 보여주고 있습니다. 또한 부채비율이 17.9%로 낮고 영업현금흐름이 양호하여 재무 안정성 또한 우수합니다.""]"
259960,크래프톤,2024-01-02,194800,Buy,75,"[""최근 1개월 수익률 하락에도 불구하고, 52주 최고가 대비 현재 위치가 69.0%로 상승 여력이 남아있습니다."", ""연간 실적에서 영업이익이 전년 대비 15.5% 증가하고 영업이익률이 40.5%로 매우 높아 견조한 수익성을 보여줍니다."", ""부채비율이 17.9%로 낮고 영업현금흐름이 양호하여 재무 안정성이 뛰어납니다."", ""최근 애널리스트 리포트에서 중국 게임 규제안에 대한 과도한 우려를 지적하며 목표주가를 300,000원으로 제시한 점은 긍정적입니다.""]"
259960,크래프톤,2024-02-01,223000,Buy,75,"[""최근 1개월 수익률이 9.86%로 양호하며, 52주 최고가 대비 현재 위치가 높아 추가 상승 여력이 기대됩니다."", ""애널리스트 리포트에서 대부분 '매수' 의견과 함께 250,000원 이상의 목표주가를 제시하며 긍정적인 전망을 내놓고 있습니다."", ""연간 실적에서 매출은 소폭 감소했으나 영업이익이 15.5% 증가하고 영업이익률이 40.5%로 매우 높아 수익성이 우수합니다."", ""부채비율이 17.9%로 낮고 영업현금흐름이 양호하여 재무 안정성이 뛰어납니다.""]"
259960,크래프톤,2024-03-04,218000,Buy,85,"[""최근 30일간 애널리스트 리포트에서 일관되게 긍정적인 전망과 함께 목표주가가 현재가 대비 높은 수준으로 제시되었습니다."", ""영업이익이 전년 대비 15.5% 증가했으며, 높은 영업이익률(40.5%)과 안정적인 재무 구조(부채비율 17.9%)를 보여주고 있습니다."", ""기술적 지표상 52주 최고가 대비 현재 위치가 76.3%로, 상승 여력이 남아있음을 시사합니다.""]"
259960,크래프톤,2024-04-01,252000,Buy,75,"[""최근 1개월 수익률이 10.35%로 양호하며, 52주 최고가에 근접한 94.1% 위치에 있어 상승 모멘텀이 유지되고 있습니다."", ""연간 실적에서 매출과 영업이익이 전년 대비 소폭 성장했으며, 높은 영업이익률(40.2%)과 낮은 부채비율(15.9%)은 재무 건전성을 보여줍니다."", ""최근 애널리스트 리포트에서 목표주가 280,000원을 제시하며 긍정적인 전망을 내놓았습니다.""]"
259960,크래프톤,2024-05-02,251000,Buy,75,"[""최근 애널리스트 리포트에서 목표주가가 현재가 대비 상향 조정되는 추세이며, 다수의 리포트에서 매수 의견을 제시하고 있습니다."", ""52주 최고가 대비 현재 위치가 85%로, 상승 여력이 남아있다는 신호로 해석될 수 있습니다."", ""최근 1개월 수익률은 소폭 하락했으나, 거래량 변화율이 45%로 크게 증가한 점은 투자자들의 관심이 높아지고 있음을 시사합니다.""]"
259960,크래프톤,2024-06-03,249500,Buy,85,"[""최근 애널리스트 리포트에서 일관되게 긍정적인 전망과 높은 목표주가를 제시하고 있으며, 이는 향후 주가 상승에 대한 기대감을 높입니다."", ""52주 최고가 대비 현재 위치가 높아 추가 상승 여력이 충분히 남아있음을 시사합니다."", ""견고한 재무 구조와 높은 영업이익률, 안정적인 영업현금흐름은 기업의 펀더멘탈이 탄탄함을 보여주며 투자 매력을 더합니다.""]"
259960,크래프톤,2024-07-01,271000,Buy,75,"[""최근 애널리스트 리포트에서 긍정적인 전망과 함께 목표주가가 현재가 대비 상승 여력을 시사하고 있습니다."", ""최근 1개월 수익률이 8.96%로 양호한 흐름을 보이고 있으며, 52주 최고가 대비 현재 위치가 높아 추가 상승에 대한 기대감을 높입니다."", ""견조한 영업이익률(40.2%)과 낮은 부채비율(15.9%), 안정적인 영업현금흐름은 재무 건전성을 뒷받침하며 투자 매력을 더합니다.""]"
259960,크래프톤,2024-08-01,287500,Buy,75,"[""현재가 52주 최고가 대비 95% 수준으로 상승 여력이 남아있습니다."", ""최근 애널리스트 리포트에서 긍정적인 목표주가 상향이 제시되었습니다."", ""매출 및 영업이익이 꾸준히 성장하고 있으며, 높은 영업이익률과 안정적인 재무 구조를 유지하고 있습니다.""]"
259960,크래프톤,2024-09-02,317000,Buy,85,"[""최근 1개월 수익률이 11.57%로 양호하며, 52주 최고가 대비 현재 위치가 높아 상승 모멘텀이 유지되고 있습니다."", ""최근 30일간 애널리스트 리포트에서 제시된 목표주가들이 현재가 대비 상당한 상승 여력을 시사하며, 전반적으로 긍정적인 전망을 내놓고 있습니다."", ""매출 및 영업이익이 전년 대비 소폭 성장했으며, 높은 영업이익률과 낮은 부채비율, 양호한 영업현금흐름 등 재무 건전성이 우수하여 투자 매력도가 높습니다.""]"
259960,크래프톤,2024-10-02,335500,Buy,85,"[""최근 애널리스트 리포트에서 제시된 목표주가들이 현재가 대비 상당한 상승 여력을 시사하고 있습니다."", ""52주 최고가 대비 현재 위치가 높아 추가 상승에 대한 기대감이 존재하며, 긍정적인 실적 성장세와 높은 영업이익률이 이를 뒷받침합니다."", ""낮은 부채비율과 견조한 영업현금흐름은 재무 안정성을 보여주며, 이는 투자 매력도를 높이는 요인입니다.""]"
259960,크래프톤,2024-11-01,337500,Buy,75,"[""최근 52주 최고가 대비 높은 위치(92.0%)에 있지만, 애널리스트들의 목표주가가 현재가 대비 상당한 상승 여력을 시사하고 있습니다."", ""연간 실적에서 매출과 영업이익이 전년 대비 소폭 성장했으며, 높은 영업이익률(40.2%)과 안정적인 재무 구조(부채비율 15.9%)는 긍정적인 신호입니다."", ""최근 1개월 수익률이 소폭 하락하고 거래량 변화율이 감소했지만, 이는 단기적인 조정일 수 있으며 신작 모멘텀 기대감 등 향후 성장 동력이 존재합니다.""]"
259960,크래프톤,2024-12-02,328500,Buy,85,"[""최근 30일간 애널리스트 리포트에서 제시된 목표주가가 현재가 대비 상당한 상승 여력을 시사하며, 전반적으로 긍정적인 전망을 유지하고 있습니다."", ""52주 최고가 대비 현재 위치가 86.4%로, 주가가 고점 부근에서 강한 흐름을 보이고 있으며, 이는 추가 상승 가능성을 시사합니다."", ""부채비율이 15.9%로 매우 낮고 영업현금흐름이 양호하여 재무 안정성이 뛰어나 투자 매력도를 높입니다.""]"
259960,크래프톤,2025-01-02,335000,Buy,75,"[""최근 1개월 수익률이 소폭 상승세를 보이고 있으며, 52주 최고가 대비 현재 위치가 높아 추가 상승 여력이 존재합니다."", ""연간 실적에서 매출과 영업이익이 꾸준히 증가하고 있으며, 높은 영업이익률과 안정적인 재무 구조를 유지하고 있습니다."", ""애널리스트 리포트에서 긍정적인 전망과 함께 높은 목표주가가 제시되어 투자 심리에 긍정적인 영향을 줄 수 있습니다.""]"
259960,크래프톤,2025-02-03,362500,Buy,85,"[""최근 1개월 수익률이 17.26%로 강한 상승세를 보이고 있으며, 52주 최고가에 근접한 위치는 추가 상승 여력을 시사합니다."", ""최근 30일간 애널리스트 리포트에서 제시된 목표주가가 현재가 대비 상당한 상승 여력을 보여주며, 전반적으로 긍정적인 전망을 유지하고 있습니다."", ""매출 및 영업이익이 소폭 성장하고 있으며, 높은 영업이익률과 낮은 부채비율, 양호한 영업현금흐름은 재무 안정성을 뒷받침합니다.""]"
259960,크래프톤,2025-03-04,344000,Buy,75,"[""최근 5건의 애널리스트 리포트 모두 긍정적인 목표주가를 제시하며 상승 여력을 시사하고 있습니다."", ""최근 1개월 수익률은 하락했으나, 거래량 변화율이 83.11%로 높게 나타나 투자자들의 관심이 집중되고 있음을 보여줍니다."", ""견고한 영업이익률(40.2%)과 낮은 부채비율(15.9%), 양호한 영업현금흐름은 재무 안정성을 뒷받침하며 향후 성장 동력 확보를 위한 투자를 가능하게 합니다.""]"
259960,크래프톤,2025-04-01,347000,Buy,85,"[""최근 30일간 애널리스트 리포트에서 제시된 목표주가 평균이 현재가 대비 상당한 상승 여력을 시사하며, 모두 긍정적인 전망을 내놓고 있습니다."", ""연간 실적에서 매출과 영업이익이 전년 대비 큰 폭으로 성장했으며, 높은 영업이익률과 안정적인 재무 구조(낮은 부채비율, 양호한 영업현금흐름)를 보여주고 있습니다."", ""현재가가 52주 최고가 대비 약 72.7% 수준에 위치하며, 52주 최저가 대비로는 상당한 상승을 기록했으나, 여전히 상승 여력이 남아있다고 판단됩니다.""]"
259960,크래프톤,2025-05-02,385500,Buy,85,"[""최근 1개월 수익률이 10.95%로 양호하며, 52주 최고가에 근접한 강한 상승세를 보이고 있습니다."", ""최근 30일간 애널리스트 리포트에서 모두 긍정적인 전망과 함께 목표주가를 제시하며, 평균 목표주가가 현재가 대비 상당한 상승 여력을 시사하고 있습니다."", ""연간 실적에서 매출과 영업이익이 전년 대비 큰 폭으로 성장했으며, 높은 영업이익률과 안정적인 재무 구조(낮은 부채비율, 양호한 영업현금흐름)를 유지하고 있습니다.""]"
259960,크래프톤,2025-06-02,367500,Buy,75,"[""최근 2건의 애널리스트 리포트 모두 긍정적인 전망과 함께 목표주가를 제시하며 상승 여력을 시사하고 있습니다."", ""연간 실적에서 매출과 영업이익이 전년 대비 큰 폭으로 성장했으며, 높은 영업이익률과 안정적인 재무 구조를 보여주고 있습니다."", ""현재 주가가 52주 최고가 대비 높은 수준에 위치해 있으나, 이는 긍정적인 실적과 성장성에 대한 시장의 기대를 반영하는 것으로 해석될 수 있습니다.""]"
259960,크래프톤,2025-07-01,358500,Buy,85,"[""최근 애널리스트 리포트들이 일관되게 긍정적인 전망과 함께 높은 목표주가를 제시하고 있습니다."", ""연간 실적이 매출 및 영업이익에서 큰 폭의 성장세를 보였으며, 높은 영업이익률과 안정적인 재무 구조를 유지하고 있습니다."", ""현재 주가가 52주 최고가 대비 약 79.1% 수준에 위치하며, 최근 1개월 수익률은 다소 하락했으나 이는 향후 반등의 기회로 작용할 수 있습니다.""]"
259960,크래프톤,2025-08-01,314500,Buy,85,"[""최근 애널리스트 리포트에서 일관되게 긍정적인 전망과 높은 목표주가를 제시하고 있습니다."", ""연간 실적에서 매출과 영업이익이 큰 폭으로 성장했으며, 높은 영업이익률과 안정적인 재무 구조를 보여주고 있습니다."", ""현재 주가가 52주 최고가 대비 하락한 위치에 있어 추가 상승 여력이 존재하며, 최근 1개월 수익률 하락은 단기적인 조정으로 해석될 수 있습니다.""]"
259960,크래프톤,2025-09-01,330000,Buy,75,"[""크래프톤은 최근 1개월 수익률이 소폭 상승했으며, 52주 최고가 대비 현재 위치가 43.0%로 상승 여력이 남아있습니다."", ""연간 실적에서 매출과 영업이익이 전년 대비 큰 폭으로 증가했으며, 영업이익률 또한 43.6%로 매우 높아 수익성이 뛰어납니다."", ""부채비율이 16.0%로 매우 낮고 영업현금흐름이 양호하여 재무 안정성이 우수하며, 애널리스트 리포트에서도 'Buy and Hold' 의견과 함께 높은 목표주가를 제시하고 있습니다.""]"
259960,크래프톤,2025-10-01,299000,Buy,75,"[""크래프톤은 견조한 매출 및 영업이익 성장률을 기록하며 전년 대비 큰 폭의 상승세를 보였습니다."", ""높은 영업이익률과 안정적인 부채비율, 긍정적인 영업현금흐름은 재무 건전성을 뒷받침합니다."", ""최근 1개월 수익률 하락과 거래량 변화율 감소는 단기적인 조정으로 해석될 수 있으며, 애널리스트의 높은 목표주가는 향후 상승 여력을 시사합니다.""]"
259960,크래프톤,2025-11-03,279000,Neutral,65,"[""최근 1개월 수익률이 마이너스를 기록하며 단기적인 모멘텀 약화 가능성이 제기되고 있습니다."", ""애널리스트 리포트에서 신작 기대감 하락 및 향후 성장성 부재에 대한 언급이 있어 투자 심리에 부정적인 영향을 줄 수 있습니다."", ""하지만 연간 실적은 전년 대비 큰 폭으로 성장했으며, 영업이익률 및 영업현금흐름이 매우 양호하여 기업의 펀더멘탈은 견고한 상태입니다.""]"
259960,크래프톤,2025-12-01,253000,Neutral,60,"[""최근 1개월 수익률이 마이너스이고 거래량 변화율도 하락세를 보이고 있어 단기적인 하락 압력이 존재합니다."", ""애널리스트 리포트에서 목표주가는 높게 제시되고 있으나, '시간이 필요하다', '성과 확인에 시간 소요' 등의 언급은 단기적인 상승 모멘텀이 약함을 시사합니다."", ""연간 실적은 매우 긍정적이며 재무 안정성 또한 우수하지만, 현재 주가가 52주 최고가 대비 낮은 위치에 있고 최근 하락세를 보이고 있어 투자 방향을 명확히 판단하기 어렵습니다.""]"
247540,에코프로비엠,2023-01-02,93200,Sell,75,"[""최근 1개월 수익률이 -18.85%로 하락세를 보이고 있으며, 거래량 변화율 또한 -34.26%로 감소하여 투자 심리가 위축된 것으로 판단됩니다."", ""부채비율이 139.2%로 다소 높은 수준이며, 영업현금흐름이 -100889.3조원으로 마이너스를 기록하고 있어 재무 안정성에 대한 우려가 존재합니다."", ""현재가 93,200원은 52주 최고가 135,900원 대비 약 31.4% 하락한 수준이지만, 52주 최저가 78,819원 대비로는 약 18.3% 상승한 위치에 있어 추가 하락 가능성을 배제할 수 없습니다.""]"
247540,에코프로비엠,2023-02-01,114000,Buy,75,"[""최근 1개월 수익률이 18.57%로 강한 상승세를 보이고 있으며, 이는 투자자들의 긍정적인 심리를 반영합니다."", ""애널리스트 리포트에서 제시된 목표주가 평균이 현재가 대비 상당한 상승 여력을 시사하며, 대부분 긍정적인 전망을 유지하고 있습니다."", ""연간 실적에서 매출과 영업이익이 전년 대비 큰 폭으로 성장하며 견조한 성장세를 이어가고 있습니다.""]"
247540,에코프로비엠,2023-03-02,182100,Neutral,65,"[""최근 1개월 수익률이 60.02%로 매우 높고 52주 최고가에 근접해 있어 단기 급등에 따른 차익 실현 매물 출회 가능성이 있습니다."", ""애널리스트 리포트에서 목표주가가 현재가(182,100원) 대비 하향 조정되는 의견이 다수 존재하며, 4분기 실적이 컨센서스를 하회했다는 점은 부정적인 요인입니다."", ""매출과 영업이익이 큰 폭으로 성장했으나, PER 34.2배, PBR 26.21배는 여전히 높은 밸류에이션 수준이며, 영업현금흐름이 마이너스인 점은 재무 안정성에 대한 우려를 남깁니다.""]"
247540,에코프로비엠,2023-04-03,224500,Sell,75,"[""현재가(224,500원)가 52주 최고가(235,000원)에 근접하며 52주 내 위치가 98.0%로 매우 높은 수준입니다."", ""최근 1개월 수익률이 27.40%로 단기간 급등한 이력이 있어 차익 실현 매물 출회 가능성이 있습니다."", ""애널리스트 리포트에서 '주가 과열권'을 언급하며 목표주가(200,000원)를 제시한 점은 현재 주가 수준에 대한 경계감을 나타냅니다.""]"
247540,에코프로비엠,2023-05-02,249500,Neutral,60,"[""최근 1개월 수익률이 18.93%로 양호하나, 거래량 변화율이 -14.47%로 감소하는 추세는 단기적인 매수세 약화를 시사합니다."", ""PER 92.7, PBR 17.55는 현재 주가가 고평가되었을 가능성을 나타내며, 이는 향후 상승 여력을 제한할 수 있습니다."", ""애널리스트 리포트에서 제시된 목표주가 261,000원 ~ 265,000원은 현재가 249,500원 대비 소폭 상승 여력을 시사하지만, 2027~2030년 실적을 선반영했다는 점은 단기적인 추가 상승에 대한 경계심을 높입니다."", ""연간 실적은 폭발적인 성장을 보여주었으나, 영업이익률 7.1%는 경쟁 심화 가능성을 내포하며, 부채비율 126.7%와 마이너스 영업현금흐름은 재무 안정성에 대한 우려를 제기합니다.""]"
247540,에코프로비엠,2023-06-01,255000,Neutral,65,"[""최근 1개월 수익률이 마이너스이고 거래량 변화율도 크게 감소하여 단기적인 하락 압력이 존재합니다."", ""애널리스트 리포트에서 목표주가 상향 의견과 하향 의견이 혼재되어 있어 투자 방향성에 대한 불확실성이 높습니다."", ""연간 실적은 매우 긍정적이나, 높은 PER과 PBR 지표는 밸류에이션 부담을 시사하며, 영업현금흐름이 마이너스인 점은 재무 안정성 측면에서 우려 요인입니다.""]"
247540,에코프로비엠,2023-07-03,274500,Neutral,60,"[""에코프로비엠은 높은 매출 및 영업이익 성장률을 기록하며 견조한 실적을 보여주고 있으나, 현재가 기준 PER과 PBR이 높아 밸류에이션 부담이 존재합니다."", ""52주 최고가 대비 현재 위치가 높아 추가 상승 여력이 제한적일 수 있다는 점과 최근 1개월 수익률이 긍정적이나 거래량 변화율이 마이너스인 점은 단기적인 상승 모멘텀 약화를 시사합니다."", ""부채비율은 양호한 수준이나 영업현금흐름이 마이너스인 점은 재무 안정성 측면에서 고려해야 할 부분입니다.""]"
247540,에코프로비엠,2023-08-01,380500,Neutral,60,"[""최근 1개월 수익률이 55.03%로 매우 높고 52주 최고가 대비 현재 위치가 85.7%로 상승 추세가 강하나, PER 141.8, PBR 26.85로 밸류에이션 부담이 매우 높은 수준입니다."", ""연간 실적은 매출 및 영업이익이 큰 폭으로 성장했으나, 영업이익률이 7.1%로 높지 않고 영업현금흐름이 마이너스인 점은 재무 안정성에 대한 우려를 제기합니다."", ""애널리스트 리포트에서 목표주가 300,000원을 제시한 점은 현재가 대비 하락 가능성을 시사하지만, 2Q23 잠정실적 발표 요약 리포트에서는 목표주가가 없어 상반된 시그널을 보입니다.""]"
247540,에코프로비엠,2023-09-01,307500,Neutral,65,"[""최근 1개월 수익률이 -18.92%로 하락세를 보이고 있으며, 거래량 변화율 또한 -69.43%로 감소하여 단기적인 투자 심리가 위축된 것으로 판단됩니다."", ""애널리스트 리포트에서 목표주가가 200,000원에서 446,000원까지 넓게 분포하며 의견이 분분하여 향후 방향성을 명확히 예측하기 어렵습니다."", ""PER 107.1, PBR 20.28로 높은 밸류에이션 부담이 존재하나, 연간 매출 및 영업이익이 큰 폭으로 성장하고 ROE 또한 18.9%로 양호하여 상승 여력도 동시에 존재합니다.""]"
247540,에코프로비엠,2023-10-04,233500,Sell,75,"[""최근 1개월 수익률이 -27.58%로 큰 폭 하락했으며, 거래량 변화율도 마이너스를 기록하며 하락세가 지속되고 있습니다."", ""애널리스트 리포트에서 판가 하락을 반영하여 실적 하향 및 목표주가 200,000원을 제시한 점은 부정적인 신호입니다."", ""현재가 233,500원은 52주 최고가 462,000원 대비 절반 수준이지만, 최근 하락세를 고려할 때 추가 하락 가능성이 있습니다.""]"
247540,에코프로비엠,2023-11-01,217000,Neutral,60,"[""최근 1개월 수익률이 -25.89%로 크게 하락했으나, 52주 최고가 대비 현재 위치는 26.1%로 여전히 높은 수준입니다."", ""애널리스트 리포트에서 목표주가 하향 조정 의견과 상향 조정 의견이 혼재되어 있어 투자 방향성을 명확히 판단하기 어렵습니다."", ""연간 실적은 큰 폭으로 성장했으나, 영업이익률이 7.1%로 높지 않고 영업현금흐름이 마이너스인 점은 부담 요인입니다.""]"
247540,에코프로비엠,2023-12-01,323000,Neutral,65,"[""최근 1개월 수익률이 29.03%로 높고 거래량 변화율도 41.77%로 긍정적인 기술적 지표를 보이고 있습니다."", ""최근 애널리스트 리포트에서 목표주가가 현재가 대비 하향 조정되는 추세가 나타나고 있으며, 일부 리포트에서는 밸류에이션 부담과 수익성 악화 리스크를 지적하고 있습니다."", ""연간 실적은 크게 성장했으나, 영업이익률이 7.1%로 높지 않고 영업현금흐름이 마이너스인 점은 재무 안정성 측면에서 우려 요인으로 작용할 수 있습니다.""]"
247540,에코프로비엠,2024-01-02,271500,Neutral,60,"[""최근 1개월 수익률은 긍정적이나, 52주 최고가 대비 현재 위치는 절반 수준으로 상승 여력과 하락 위험이 공존합니다."", ""애널리스트 리포트에서 목표주가가 현재가와 유사하거나 낮게 제시되어 있어 단기적인 추가 상승에 대한 강한 모멘텀을 찾기 어렵습니다."", ""매출 및 영업이익의 폭발적인 성장에도 불구하고, 높은 PER과 PBR, 그리고 마이너스 영업현금흐름은 밸류에이션 부담과 재무적 불확실성을 시사합니다.""]"
247540,에코프로비엠,2024-02-01,229000,Sell,75,"[""최근 1개월 수익률이 -16.02%로 하락세를 보이고 있으며, 애널리스트 리포트에서도 실적 추정치 하향 및 목표주가 하향 조정이 있었습니다."", ""PER 79.1, PBR 14.99는 현재 주가가 기업 가치 대비 고평가되었을 가능성을 시사합니다."", ""연간 실적은 크게 성장했으나, 영업이익률이 7.1%로 상대적으로 낮고 영업현금흐름이 마이너스인 점은 재무 건전성에 대한 우려를 제기합니다.""]"
247540,에코프로비엠,2024-03-04,255500,Neutral,65,"[""최근 1개월 수익률은 22.73%로 양호하나, 거래량 변화율은 -7.65%로 감소세를 보이고 있어 투자 심리 위축 가능성이 있습니다."", ""애널리스트 리포트에서 목표주가가 현재가 대비 상승 여력을 제시하는 의견과 하락 가능성을 시사하는 의견이 혼재되어 있어 방향성 판단이 어렵습니다."", ""PER 93.7, PBR 17.75로 높은 밸류에이션 부담이 존재하며, 영업현금흐름이 마이너스인 점은 단기적인 투자 심리에 부정적인 영향을 줄 수 있습니다.""]"
247540,에코프로비엠,2024-04-01,261500,Neutral,60,"[""에코프로비엠은 매출은 크게 성장했으나 영업이익이 큰 폭으로 감소하며 수익성이 악화된 모습을 보이고 있습니다."", ""현재 주가는 52주 최고가 대비 상당 부분 하락한 위치에 있으나, PBR이 16.55배로 여전히 높은 수준입니다."", ""최근 1개월 수익률은 소폭 상승했으나 거래량 변화율은 감소하여 투자 심리가 위축되었을 가능성이 있습니다.""]"
247540,에코프로비엠,2024-05-02,226000,Neutral,60,"[""에코프로비엠은 연간 매출이 크게 증가했으나 영업이익은 감소하여 실적 개선에 대한 불확실성이 존재합니다."", ""현재가는 52주 최고가 대비 크게 하락한 상태이며, 최근 1개월 수익률 또한 마이너스를 기록하며 단기적인 하락세를 보이고 있습니다."", ""높은 부채비율은 재무 안정성에 대한 우려를 제기하지만, 긍정적인 영업현금흐름은 이를 일부 상쇄할 수 있습니다.""]"
247540,에코프로비엠,2024-06-03,191200,Sell,75,"[""최근 1개월 수익률이 -21.17%로 큰 폭 하락했으며, 52주 최고가 대비 현재 위치가 매우 낮아 하락 추세가 지속될 가능성이 있습니다."", ""애널리스트 리포트 중 목표주가를 현재가(191,200원)보다 낮게 제시하는 의견(150,000원)이 존재하며, 이는 단기적인 하락 압력으로 작용할 수 있습니다."", ""연간 실적에서 매출은 증가했으나 영업이익이 크게 감소(-59.0%)하여 수익성 악화가 주가에 부정적인 영향을 미칠 수 있습니다.""]"
247540,에코프로비엠,2024-07-01,182500,Sell,75,"[""최근 애널리스트 리포트에서 목표주가를 현재가보다 낮게 제시하며 부정적인 전망을 내놓았습니다."", ""연간 실적에서 영업이익이 전년 대비 큰 폭으로 감소했으며, 영업이익률 또한 낮은 수준입니다."", ""현재 주가는 52주 최고가 대비 크게 하락한 상태이며, 52주 최저가에 근접해 있어 추가 하락 가능성을 배제할 수 없습니다.""]"
247540,에코프로비엠,2024-08-01,185900,Neutral,60,"[""에코프로비엠은 52주 최고가 대비 현재 위치가 낮아 반등 가능성이 있으나, 최근 1개월 수익률과 거래량 변화율이 하락세를 나타내고 있습니다."", ""연간 매출은 크게 증가했으나 영업이익은 큰 폭으로 감소하여 수익성 악화 우려가 있습니다."", ""PER이 해당 없음(적자)이고 PBR이 높아 밸류에이션 부담이 존재하며, 부채비율이 높아 재무 안정성에 대한 고려가 필요합니다.""]"
247540,에코프로비엠,2024-09-02,174500,Neutral,60,"[""에코프로비엠은 현재 52주 최저가에 근접한 가격에 거래되고 있으며, 최근 1개월 수익률은 소폭 하락했으나 거래량 변화율은 긍정적인 신호를 보이고 있습니다."", ""매출은 전년 대비 크게 증가했으나 영업이익은 큰 폭으로 감소하여 수익성 악화가 우려되며, PER이 없어 적자 기업임을 감안해야 합니다."", ""부채비율이 172.7%로 다소 높은 편이지만, 영업현금흐름은 긍정적인 상태이며 PBR이 11.12로 높은 편이라 추가 하락 가능성도 존재합니다.""]"
247540,에코프로비엠,2024-10-02,183400,Neutral,60,"[""최근 1개월 수익률이 15.14%로 양호한 흐름을 보이고 있으나, 영업이익이 전년 대비 큰 폭으로 감소한 점은 부담 요인입니다."", ""PBR이 11.63으로 높은 수준이며, PER이 산출되지 않는 적자 상태임을 감안할 때 밸류에이션 부담이 존재합니다."", ""부채비율이 172.7%로 다소 높은 편이나, 영업현금흐름이 양(+)의 값을 기록하고 있어 단기적인 유동성 문제는 크지 않을 것으로 보입니다.""]"
247540,에코프로비엠,2024-11-01,182000,Neutral,60,"[""에코프로비엠은 현재 52주 최저가 대비 높은 수준에 위치해 있으나, 최근 1개월 수익률이 마이너스를 기록하며 단기적인 하락세를 보이고 있습니다."", ""매출은 전년 대비 크게 증가했으나, 영업이익은 큰 폭으로 감소하여 수익성 악화에 대한 우려가 존재합니다."", ""부채비율이 다소 높은 편이지만, 영업현금흐름은 긍정적인 상황으로 재무 안정성에 대한 판단이 엇갈릴 수 있습니다.""]"
247540,에코프로비엠,2024-12-02,138000,Neutral,60,"[""최근 1개월 수익률이 -18.97%로 부진했으나, 52주 최저가 대비 현재 위치가 6.4%로 하방 경직성을 일부 보여주고 있습니다."", ""애널리스트 리포트에서 목표주가가 현재가 대비 상승 여력을 제시하고 있으나, 3분기 실적 부진 및 업황 부진 지속에 대한 우려도 공존합니다."", ""매출은 성장했으나 영업이익이 크게 감소하며 수익성이 악화되었고, 부채비율이 높아 재무 안정성에 대한 고려가 필요합니다.""]"
247540,에코프로비엠,2025-01-02,113000,Sell,75,"[""최근 1개월 수익률이 -21.97%로 큰 폭 하락하며 약세 흐름을 보이고 있습니다."", ""52주 최고가 대비 현재가 비율이 0.0%로, 이는 현재가가 52주 최저가 수준에 근접해 있음을 의미하며 추가 하락 가능성을 시사합니다."", ""영업이익이 전년 대비 59.0% 감소하며 수익성이 악화된 점은 투자 심리에 부정적인 영향을 미칠 수 있습니다.""]"
247540,에코프로비엠,2025-02-03,120300,Neutral,60,"[""최근 애널리스트 리포트에서 목표주가 상향 및 하향 의견이 혼재되어 있어 방향성 판단이 어렵습니다."", ""연간 실적은 매출 성장을 기록했으나 영업이익이 큰 폭으로 감소하여 재무 건전성에 대한 우려가 있습니다."", ""현재 주가는 52주 최저가 대비 높은 수준이지만, 최고가 대비로는 상당한 하락폭을 보여 투자자들의 심리가 엇갈릴 수 있습니다.""]"
247540,에코프로비엠,2025-03-04,112700,Neutral,65,"[""최근 1개월 수익률이 -14.58%로 하락세를 보이고 있으며, 52주 최고가 대비 현재 위치가 매우 낮아 기술적 반등 가능성이 존재합니다."", ""애널리스트 리포트에서 목표주가가 현재가(112,700원) 대비 소폭 상승 여력을 제시하고 있으나, '업황 불확실성', '확실한 회복 시그널 부재', 'EM 둔화 우려' 등 부정적인 의견도 혼재되어 있어 투자 방향을 명확히 판단하기 어렵습니다."", ""연간 실적에서 매출은 증가했으나 영업이익이 큰 폭으로 감소했으며, PER이 '해당없음(적자)'으로 표시되는 등 재무적으로 불안정한 모습을 보이고 있어 단기적인 상승 동력이 약할 수 있습니다.""]"
247540,에코프로비엠,2025-04-01,91300,Sell,75,"[""최근 1개월 수익률이 -19.58%로 큰 폭 하락했으며, 거래량 변화율 또한 -35.48%로 감소하여 투자 심리가 위축된 것으로 보입니다."", ""연간 실적에서 매출이 전년 대비 59.9% 감소하고 영업이익 및 순이익이 큰 폭의 적자를 기록하며 재무 상태가 악화되었습니다."", ""PER이 '해당없음(적자)'으로 표시되는 등 현재 기업의 수익성이 매우 좋지 않은 상황이며, 52주 최고가 대비 현재가 비율이 0.0%라는 점은 현재 주가가 52주 최저가 수준에 근접해 있음을 시사합니다.""]"
247540,에코프로비엠,2025-05-02,100600,Neutral,65,"[""최근 1개월 수익률은 긍정적이나, 거래량 변화율은 감소 추세로 투자 심리 위축 가능성을 시사합니다."", ""애널리스트 리포트에서 목표주가 제시 범위가 넓고, 일부 리포트는 부정적인 전망을 제시하여 방향성 판단이 어렵습니다."", ""연간 실적은 큰 폭의 매출 감소와 영업이익 적자를 기록하고 있으며, PER이 없어 기업 가치 평가에 어려움이 있습니다.""]"
247540,에코프로비엠,2025-06-02,91700,Sell,75,"[""최근 1개월 수익률이 -13.09%로 하락세를 보이고 있으며, 이는 단기적인 투자 심리 위축을 시사합니다."", ""연간 실적에서 매출과 영업이익이 전년 대비 큰 폭으로 감소했으며, 영업이익률 또한 마이너스를 기록하여 수익성 악화가 심화되고 있습니다."", ""PER이 '해당없음(적자)'으로 표시되는 등 현재 재무 상태가 좋지 않아 단기적인 반등보다는 하락 압력이 더 클 것으로 예상됩니다.""]"
247540,에코프로비엠,2025-07-01,103200,Neutral,55,"[""최근 1개월 수익률이 13.33%로 양호한 흐름을 보이고 있으며, 거래량 변화율도 27.41%로 증가하는 추세입니다."", ""연간 실적이 매출 감소 및 대규모 영업이익 적자를 기록하며 좋지 않은 상황이지만, 영업현금흐름은 긍정적인 모습을 보이고 있습니다."", ""PER이 해당없음(적자)으로 재무 지표상 불안정성이 존재하며, 애널리스트 리포트에서 목표주가가 제시되지 않아 향후 상승 여력에 대한 판단이 어렵습니다.""]"
247540,에코프로비엠,2025-08-01,108000,Neutral,60,"[""연간 실적에서 매출 및 영업이익이 큰 폭으로 감소하며 적자를 기록하고 있어 부정적인 요인으로 작용합니다."", ""현재가가 52주 최저가 대비 높은 수준이지만, 최고가 대비로는 상당한 하락폭을 보여 기술적으로는 반등 가능성을 시사합니다."", ""최근 1개월 수익률이 소폭 상승했으나 거래량 변화율이 감소하고 있어 투자 심리가 위축되었을 가능성이 있습니다.""]"
247540,에코프로비엠,2025-09-01,119700,Neutral,65,"[""최근 1개월 수익률은 긍정적이나, 연간 실적은 매출 및 영업이익이 크게 감소하며 적자를 기록하고 있어 투자 심리에 부담으로 작용합니다."", ""애널리스트 리포트 내 목표주가 범위가 넓고, 일부 리포트에서는 밸류에이션 부담 및 고객사 불확실성을 언급하고 있어 향후 주가 방향성에 대한 불확실성이 존재합니다."", ""기술적 지표상 52주 최고가 대비 현재 위치가 낮고 거래량 변화율이 높다는 점은 긍정적이나, 재무 지표의 적자 및 낮은 ROE는 투자 매력을 저해하는 요인입니다.""]"
247540,에코프로비엠,2025-10-01,116300,Sell,75,"[""최근 1개월 수익률이 마이너스(-)를 기록하며 약세를 보이고 있으며, 거래량 변화율 또한 크게 감소하여 투자 심리가 위축된 것으로 판단됩니다."", ""연간 실적에서 매출과 영업이익이 전년 대비 큰 폭으로 감소했으며, 영업이익률 또한 마이너스(-)를 기록하는 등 재무 상태가 악화된 점은 부정적인 요인입니다."", ""현재가 52주 최고가 대비 상당 부분 하락한 위치에 있지만, 실적 부진과 투자 심리 위축을 고려할 때 단기적인 반등보다는 추가 하락 가능성에 무게를 두는 것이 합리적입니다.""]"
247540,에코프로비엠,2025-11-03,161800,Neutral,60,"[""최근 1개월 수익률이 43.27%로 매우 높고 거래량 변화율도 280.12%로 급증하여 단기적인 상승 모멘텀은 강하나, 연간 실적에서 매출과 영업이익이 큰 폭으로 감소하고 순이익이 적자 전환한 점은 부정적인 요인입니다."", ""PER이 '해당없음(적자)'으로 산출되는 등 현재 재무 상태가 좋지 않으며, PBR이 8.16으로 높은 편이라 밸류에이션 부담이 존재합니다."", ""52주 최고가 대비 현재 위치가 83.0%로 높은 편이지만, 52주 최저가 대비로는 상당한 상승 여력이 남아있어 향후 방향성을 단정하기 어렵습니다.""]"
247540,에코프로비엠,2025-12-01,159200,Neutral,60,"[""최근 1개월 수익률이 소폭 하락했으나, 52주 최고가 대비 현재 위치가 높아 추가 상승 여력에 대한 의문이 존재합니다."", ""애널리스트 리포트에서 목표주가가 현재가 대비 상향 조정된 의견과 하향 조정된 의견이 혼재되어 있어 방향성 판단이 어렵습니다."", ""연간 실적이 큰 폭으로 감소하고 영업이익이 적자를 기록하는 등 재무적인 부담이 존재하나, 영업현금흐름은 긍정적인 모습을 보이고 있어 상반된 신호가 나타납니다.""]"
196170,알테오젠,2023-01-02,36300,Neutral,55,"[""알테오젠은 현재 적자 상태이며, 매출 및 영업이익 감소 추세를 보이고 있어 단기적인 투자 매력은 낮습니다."", ""하지만 PBR이 15.83으로 높은 편이며, 52주 최고가 대비 현재 위치가 31.1%로 하락폭이 상당하여 기술적 반등 가능성도 존재합니다."", ""최근 1개월 수익률이 소폭 상승했으나 거래량 변화율은 감소하여 투자 심리가 명확하게 형성되지 않았습니다.""]"
196170,알테오젠,2023-02-01,41400,Buy,75,"[""다수의 애널리스트 리포트에서 긍정적인 전망과 목표주가를 제시하고 있으며, 일부 리포트에서는 목표주가가 현재가 대비 상당한 상승 여력을 보여주고 있습니다."", ""바이오 플랫폼 기술의 성공 가능성에 대한 언급은 향후 기술 이전 및 사업 성과에 대한 기대를 높입니다."", ""현재 주가는 52주 최고가 대비 낮은 수준에 위치해 있어 반등 가능성을 시사합니다.""]"
196170,알테오젠,2023-03-02,36900,Neutral,60,"[""알테오젠은 현재 적자 상태이며, 매출 및 영업이익 감소 추세를 보이고 있어 단기적인 투자 매력은 낮습니다."", ""하지만 52주 최고가 대비 현재 위치가 낮고, 최근 거래량 변화율이 긍정적인 신호를 보이고 있어 반등 가능성도 존재합니다."", ""재무 안정성 지표는 양호한 편이나, 전반적인 실적 부진과 높은 PBR은 투자 결정에 불확실성을 더합니다.""]"
196170,알테오젠,2023-04-03,46000,Neutral,55,"[""알테오젠은 현재 적자 상태이며, 매출 및 영업이익이 전년 대비 크게 감소하여 재무적 불확실성이 존재합니다."", ""하지만 PBR이 14.42로 높은 편이며, 52주 최고가 대비 현재 위치가 낮아 반등 가능성도 배제할 수 없습니다."", ""최근 1개월 수익률이 긍정적이고 거래량 변화율이 높은 점은 투자자들의 관심을 보여주지만, 실적 개선에 대한 명확한 근거가 부족하여 투자 방향을 명확히 판단하기 어렵습니다.""]"
196170,알테오젠,2023-05-02,42100,Buy,75,"[""최근 1개월 수익률이 9.84%로 양호하며, 거래량 변화율이 100.13%로 크게 증가하여 투자자들의 관심이 집중되고 있음을 시사합니다."", ""52주 최고가 대비 현재 주가 위치가 42.3%로, 아직 상승 여력이 남아있다고 판단됩니다."", ""최근 애널리스트 리포트에서 목표주가 70,000원을 제시하며 긍정적인 전망을 내놓았습니다.""]"
196170,알테오젠,2023-06-01,51800,Buy,75,"[""최근 1개월 수익률이 21.38%로 강한 상승세를 보이고 있으며, 52주 최고가 대비 현재 위치가 68.7%로 상승 여력이 남아있습니다."", ""부채비율이 68.9%로 재무 안정성이 비교적 양호한 편입니다."", ""연간 실적은 적자이나, 바이오/제약 업종의 특성상 기술력과 파이프라인에 대한 기대감이 주가에 반영될 수 있습니다.""]"
196170,알테오젠,2023-07-03,41850,Buy,75,"[""최근 1개월 수익률이 -18.47%로 부진했으나, 52주 최고가 대비 현재 위치가 40.9%로 하락폭이 제한적입니다."", ""애널리스트 리포트에서 2분기 호실적 전망과 함께 목표주가 53,000원을 제시하여 상승 여력이 존재합니다."", ""매출이 큰 폭으로 감소하고 영업이익이 적자 전환하는 등 재무 상태는 좋지 않으나, 부채비율이 68.9%로 비교적 안정적이며 기술료 유입으로 인한 단기 실적 개선 기대감이 있습니다.""]"
196170,알테오젠,2023-08-01,42150,Buy,75,"[""최근 애널리스트 리포트에서 목표주가 70,000원을 제시하며 긍정적인 전망을 내놓았습니다."", ""현재 주가는 52주 최고가 대비 상당한 할인율을 보이고 있어 상승 여력이 존재합니다."", ""거래량 변화율이 긍정적인 신호를 보내고 있으며, 이는 투자자들의 관심 증가를 시사합니다.""]"
196170,알테오젠,2023-09-01,43050,Neutral,55,"[""알테오젠은 현재 적자 상태이며, 매출 및 영업이익 감소 추세를 보이고 있어 재무적 불확실성이 존재합니다."", ""PBR이 16.11로 높은 수준이지만, 52주 최고가 대비 현재 위치가 61.0%로 상승 여력이 남아있다는 점은 긍정적입니다."", ""최근 1개월 수익률은 소폭 상승했으나 거래량 변화율은 하락하여 투자 심리가 혼재되어 있어 명확한 방향성을 판단하기 어렵습니다.""]"
196170,알테오젠,2023-10-04,64600,Buy,75,"[""최근 1개월간 42.73%의 높은 수익률과 607.66%의 거래량 변화율은 투자자들의 높은 관심을 보여주며, 이는 단기적인 상승 모멘텀으로 작용할 수 있습니다."", ""현재가가 52주 최고가 대비 약 20% 하락한 수준이지만, 52주 최저가 대비로는 상당한 상승을 기록하며 기술적으로 강한 상승 추세를 유지하고 있습니다."", ""재무 지표상 적자 기업이지만, 바이오 섹터의 특성상 기술력과 파이프라인에 대한 기대감이 주가에 더 큰 영향을 미칠 수 있으며, 알테오젠은 이러한 기대감을 형성할 수 있는 기업으로 평가됩니다.""]"
196170,알테오젠,2023-11-01,68200,Neutral,55,"[""알테오젠은 현재 적자 상태이며, 매출 및 영업이익 감소 추세를 보이고 있어 단기적인 실적 개선에 대한 기대감이 낮습니다."", ""최근 1개월 수익률이 소폭 하락했고 거래량 변화율도 크게 감소하여 투자 심리가 위축된 것으로 보입니다."", ""하지만 52주 최고가 대비 현재 위치가 62.9%로 여전히 상승 여력이 남아있고, 부채비율이 낮아 재무 안정성은 비교적 양호한 편입니다.""]"
196170,알테오젠,2023-12-01,78500,Buy,75,"[""알테오젠은 52주 최고가에 근접한 수준에서 거래되고 있으며, 최근 1개월 수익률이 21.11%로 강한 상승세를 보이고 있습니다."", ""비록 연간 실적은 적자를 기록하고 있으나, 바이오 섹터의 특성상 기술력과 파이프라인에 대한 기대감이 주가에 반영될 수 있습니다."", ""현재가 78,500원은 52주 최고가 82,600원 대비 약 5% 하락한 수준으로, 추가 상승 여력이 존재한다고 판단됩니다.""]"
196170,알테오젠,2024-01-02,90500,Neutral,55,"[""알테오젠은 현재 52주 최고가에 근접한 높은 가격대에 위치하고 있으며, 최근 1개월 수익률이 양호하나, 연간 실적은 매출 감소 및 영업이익 적자 폭 확대 등 부정적인 지표를 보이고 있습니다."", ""PER이 없어 적자 기업임을 나타내며, PBR이 33.69로 높은 수준인 점은 현재 주가가 기업의 장부가치 대비 고평가되었을 가능성을 시사합니다."", ""부채비율은 68.9%로 재무 안정성 측면에서 아주 우려할 만한 수준은 아니지만, 영업현금흐름이 큰 폭의 마이너스를 기록하고 있어 현금 창출 능력에 대한 의문이 제기됩니다."", ""기술적 지표상으로는 52주 최고가 근접 및 최근 수익률 상승이 긍정적이나, 실적 부진과 높은 밸류에이션 부담이 상존하여 향후 20거래일 동안 KOSDAQ 시장 대비 초과 상승 또는 하락을 명확히 판단하기에는 정보가 불충분합니다.""]"
196170,알테오젠,2024-02-01,76400,Neutral,55,"[""알테오젠은 현재 적자 상태이며, 매출 및 영업이익 감소 추세를 보이고 있어 단기적인 실적 개선에 대한 불확실성이 존재합니다."", ""최근 1개월 수익률이 -21.11%로 하락세를 보이고 있으며, 거래량 변화율 또한 감소하여 투자 심리가 위축된 것으로 판단됩니다."", ""하지만 52주 최고가 대비 현재 위치가 59.2%로 여전히 상승 여력이 남아있으며, 부채비율이 68.9%로 재무 안정성은 비교적 양호한 편입니다.""]"
196170,알테오젠,2024-03-04,192200,Buy,75,"[""최근 1개월 수익률이 106.93%로 매우 높은 상승세를 보이며 투자자들의 관심을 받고 있습니다."", ""거래량 변화율이 132.99%로 급증하며 강한 매수세를 시사하고 있습니다."", ""52주 최고가 대비 현재 위치가 100.0%로, 신고가를 경신하며 추가 상승에 대한 기대감을 높이고 있습니다.""]"
196170,알테오젠,2024-04-01,170000,Buy,75,"[""머크와의 파이프라인 계약에 대한 기대감으로 목표주가 300,000원이 제시되며 긍정적인 전망을 뒷받침하고 있습니다."", ""최근 1개월 수익률이 16.00%로 양호한 흐름을 보이고 있으며, 52주 최고가 대비 현재 위치가 높아 추가 상승 여력이 존재합니다."", ""매출이 전년 대비 235.1% 크게 증가한 점은 사업 성장성을 시사하지만, 영업이익 및 순이익 적자 상태와 높은 PBR은 부담 요인으로 작용할 수 있습니다.""]"
196170,알테오젠,2024-05-02,177200,Neutral,55,"[""알테오젠은 현재 적자 상태이며 PER이 없어 가치 평가가 어렵습니다."", ""PBR이 매우 높아 현재 주가가 기업의 순자산 가치 대비 상당히 고평가되어 있음을 시사합니다."", ""최근 1개월 수익률이 마이너스이고 거래량 변화율도 감소하여 단기적인 투자 심리가 위축되었을 가능성이 있습니다."", ""매출은 크게 증가했으나 영업이익과 순이익은 여전히 큰 폭의 적자를 기록하고 있어 수익성 개선이 시급합니다."", ""부채비율은 양호한 편이나 영업현금흐름이 마이너스인 점은 재무 안정성에 대한 우려를 남깁니다."", ""52주 최고가 대비 현재 위치가 높지만, 최근 하락세를 보이고 있어 추가 상승 여부를 판단하기 어렵습니다.""]"
196170,알테오젠,2024-06-03,233500,Buy,75,"[""최근 1개월 수익률이 12.49%로 양호하며, 52주 최고가 대비 현재 위치가 높아 상승 모멘텀이 유지되고 있습니다."", ""최근 애널리스트 리포트에서 목표주가 300,000원을 제시하며 긍정적인 전망을 내놓았습니다."", ""매출이 전년 대비 235.1% 크게 증가하며 성장성을 보여주고 있습니다.""]"
196170,알테오젠,2024-07-01,262500,Buy,75,"[""최근 1개월 수익률이 54.17%로 매우 높은 상승세를 보이고 있으며, 52주 최고가 대비 현재 위치가 95.2%로 상승 여력이 남아있음을 시사합니다."", ""매출이 전년 대비 235.1%로 폭발적으로 증가하고 있어 성장 잠재력이 높다고 판단됩니다."", ""영업이익이 적자 상태이나, 매출 성장률이 매우 높아 향후 흑자 전환 가능성에 대한 기대감이 주가 상승을 견인할 수 있습니다.""]"
196170,알테오젠,2024-08-01,295000,Buy,75,"[""최근 긍정적인 애널리스트 리포트와 목표주가 상향은 단기 상승 모멘텀을 제공할 수 있습니다."", ""52주 최고가 대비 현재 위치가 매우 높아 추가 상승 여력이 제한적일 수 있으나, 최근 1개월 수익률이 23.40%로 강한 상승세를 보이고 있습니다."", ""매출이 전년 대비 큰 폭으로 증가하고 있으며, 이는 사업 성장성을 시사합니다. 다만, 여전히 적자 상태이며 영업현금흐름이 마이너스인 점은 유의해야 합니다.""]"
196170,알테오젠,2024-09-02,325500,Neutral,55,"[""알테오젠은 현재 52주 최고가에 근접한 수준으로, 단기적인 추가 상승 여력에 대한 불확실성이 존재합니다."", ""매출은 큰 폭으로 증가했으나, 여전히 영업이익 및 순이익 적자를 기록하고 있어 재무 건전성에 대한 우려가 있습니다."", ""거래량 변화율이 마이너스를 기록하고 있어 투자 심리가 다소 위축되었을 가능성이 있습니다.""]"
196170,알테오젠,2024-10-02,356000,Neutral,55,"[""알테오젠은 현재 52주 최고가에 근접한 높은 가격대에 위치하고 있으며, 이는 단기적인 차익 실현 매물 출회 가능성을 시사합니다."", ""최근 1개월 수익률은 긍정적이나, 거래량 변화율이 크게 감소한 점은 투자 심리 위축 가능성을 나타냅니다."", ""연간 실적에서 매출은 크게 증가했으나, 영업이익 및 순이익 적자가 지속되고 있으며 영업현금흐름 또한 마이너스를 기록하는 등 재무 건전성에 대한 우려가 존재합니다.""]"
196170,알테오젠,2024-11-01,389500,Buy,75,"[""알테오젠은 최근 1개월 수익률 9.02%로 시장 대비 강한 상승세를 보이고 있으며, 52주 최고가 대비 12% 하락한 수준으로 추가 상승 여력이 존재합니다."", ""매출이 전년 대비 235.1% 급증하며 폭발적인 성장세를 기록하고 있어 향후 실적 개선에 대한 기대감이 높습니다."", ""부채비율이 73.2%로 재무 안정성이 양호한 편이며, 영업이익 적자 폭이 전년 대비 축소되고 있는 점은 긍정적입니다.""]"
196170,알테오젠,2024-12-02,325000,Buy,75,"[""최근 애널리스트 리포트에서 긍정적인 목표주가 상향이 다수 제시되었으며, 특히 키트루다SC 3상 성공 및 전세계 허가 신청, ADC SC 관련 긍정적인 소식이 투자 심리를 견인할 가능성이 높습니다."", ""최근 1개월 수익률은 하락했으나, 52주 최고가 대비 현재 위치가 62.0%로 여전히 높은 수준이며, 거래량 변화율이 247.35%로 크게 증가한 것은 단기적인 매수세 유입 가능성을 시사합니다."", ""매출이 전년 대비 235.1% 크게 증가한 점은 긍정적이나, 영업이익 및 순이익 적자, 높은 PBR은 부담 요인으로 작용할 수 있으나, 성장 잠재력에 대한 기대감이 이를 상쇄할 수 있습니다.""]"
196170,알테오젠,2025-01-02,318500,Buy,75,"[""알테오젠은 매출이 전년 대비 235.1% 급증하며 폭발적인 성장세를 보여주고 있습니다."", ""현재가 52주 최고가 대비 61.1% 수준으로, 상승 여력이 남아있다고 판단됩니다."", ""최근 1개월 수익률이 7.14%로 양호한 흐름을 보이고 있으며, 이는 투자 심리 개선을 시사합니다.""]"
196170,알테오젠,2025-02-03,374000,Buy,75,"[""JP모건의 긍정적인 리포트와 높은 목표주가는 향후 주가 상승에 대한 기대감을 높입니다."", ""최근 1개월 수익률이 16.92%로 양호한 흐름을 보이고 있으며, 52주 최고가 대비 현재 위치가 75.1%로 상승 여력이 남아있습니다."", ""매출이 전년 대비 235.1% 크게 증가한 점은 사업 성장성을 시사합니다.""]"
196170,알테오젠,2025-03-04,414000,Buy,75,"[""알테오젠은 52주 최고가 대비 현재 위치가 높아 추가 상승 여력이 제한적일 수 있으나, 최근 1개월 수익률이 7.67%로 양호한 흐름을 보이고 있습니다."", ""매출이 전년 대비 235.1% 크게 증가한 점은 긍정적인 성장성을 시사합니다."", ""영업이익 및 순이익 적자 상태이지만, 부채비율이 73.2%로 재무 안정성이 비교적 양호하며, 거래량 변화율도 4.99%로 시장의 관심을 받고 있습니다.""]"
196170,알테오젠,2025-04-01,362500,Buy,85,"[""최근 애널리스트 리포트에서 목표주가를 상향하며 긍정적인 전망을 제시하고 있습니다."", ""연간 실적에서 매출 및 영업이익이 큰 폭으로 성장했으며, 영업이익률 또한 높은 수준을 유지하고 있습니다."", ""부채비율이 낮고 영업현금흐름이 양호하여 재무 안정성이 뛰어납니다.""]"
196170,알테오젠,2025-05-02,356500,Buy,75,"[""애널리스트 리포트에서 제시된 높은 목표주가(730,000원)는 향후 상당한 상승 여력을 시사합니다."", ""연간 실적에서 매출 및 영업이익이 큰 폭으로 증가했으며, 영업이익률 또한 견조하여 기업의 성장성을 뒷받침합니다."", ""부채비율이 낮고 영업현금흐름이 양호하여 재무 안정성이 우수합니다.""]"
196170,알테오젠,2025-06-02,381000,Buy,75,"[""최근 30일 애널리스트 리포트에서 긍정적인 목표주가 상향 조정이 있었습니다."", ""연간 실적에서 매출 및 영업이익이 큰 폭으로 성장했으며, 영업이익률 또한 높은 수준을 유지하고 있습니다."", ""부채비율이 낮고 영업현금흐름이 양호하여 재무 안정성이 뛰어납니다.""]"
196170,알테오젠,2025-07-01,392500,Buy,85,"[""최근 애널리스트 리포트에서 긍정적인 목표주가 상향 조정과 임상 개시, 기술 이전 기대감이 지속적으로 언급되고 있습니다."", ""최근 1개월 수익률이 11.36%로 양호한 흐름을 보이고 있으며, 거래량 변화율도 17.93%로 긍정적인 수급 신호를 나타내고 있습니다."", ""연간 실적에서 매출 및 영업이익이 큰 폭으로 성장했으며, 영업이익률과 재무 안정성 지표(부채비율, 영업현금흐름) 또한 우수한 수준을 유지하고 있습니다.""]"
196170,알테오젠,2025-08-01,432000,Buy,75,"[""최근 애널리스트 리포트에서 코스피 이전 가능성과 시장 확대에 대한 긍정적인 전망과 함께 목표주가 550,000원을 제시하며 상승 여력을 시사하고 있습니다."", ""연간 실적에서 매출액이 전년 대비 6.6% 증가했으며, 특히 영업이익이 360.9%로 폭발적인 성장을 기록하며 수익성이 크게 개선되었습니다."", ""현재 주가가 52주 최고가 대비 약 11.8% 하락한 수준이며, 52주 내 위치가 70.2%로 상승 추세에 대한 잠재력이 남아있습니다.""]"
196170,알테오젠,2025-09-01,462500,Buy,75,"[""알테오젠은 높은 영업이익률과 긍정적인 영업현금흐름을 바탕으로 견조한 재무 안정성을 보여주고 있습니다."", ""최근 1개월 수익률은 소폭 상승에 그쳤으나, 52주 최고가 대비 현재 위치가 높아 추가 상승 여력이 존재합니다."", ""전년 대비 폭발적인 영업이익 증가율은 향후 성장성에 대한 기대감을 높이며, 이는 단기적인 주가 상승 동력으로 작용할 수 있습니다.""]"
196170,알테오젠,2025-10-01,471500,Buy,85,"[""최근 애널리스트 리포트에서 FDA 및 CHMP 승인 권고, 글로벌 로열티 기대감 등 긍정적인 전망과 함께 높은 목표주가가 제시되었습니다."", ""연간 실적에서 매출 및 영업이익이 큰 폭으로 증가했으며, 영업이익률 또한 높은 수준을 유지하고 있어 기업의 성장성을 뒷받침하고 있습니다."", ""부채비율이 낮고 영업현금흐름이 양호하여 재무 안정성이 우수하며, 이는 향후 투자 및 연구개발 활동에 긍정적인 영향을 미칠 수 있습니다.""]"
196170,알테오젠,2025-11-03,549000,Buy,75,"[""알테오젠은 52주 최고가에 근접하며 강한 상승 모멘텀을 보여주고 있습니다."", ""최근 1개월 수익률이 17%로 시장 대비 우수한 성과를 기록하고 있습니다."", ""영업이익이 전년 대비 360.9% 급증하며 견조한 실적 개선세를 나타내고 있습니다.""]"
196170,알테오젠,2025-12-01,521000,Buy,85,"[""알테오젠은 최근 유럽 시판 허가 획득 및 연내 추가 L/O 기대감으로 목표주가가 상향 조정되었으며, 이는 긍정적인 투자 심리를 유발할 수 있습니다."", ""최근 1개월 수익률이 10.95%로 양호하며, 거래량 변화율도 31.54%로 증가하여 투자자들의 관심이 높아지고 있음을 시사합니다."", ""연간 실적에서 매출 및 영업이익이 큰 폭으로 성장했으며, 영업이익률과 부채비율, 영업현금흐름 등 재무 안정성 지표도 우수하여 기업의 펀더멘털이 견고함을 보여줍니다.""]"
034020,두산에너빌리티,2023-01-02,15100,Buy,75,"[""두산에너빌리티는 전년 대비 매출 및 영업이익이 크게 증가하며 견조한 실적 개선세를 보이고 있습니다."", ""영업이익률이 7.8%로 개선되었으며, 영업현금흐름 또한 긍정적인 흐름을 나타내고 있습니다."", ""최근 1개월 수익률은 하락했으나, 52주 최저가 대비 현재 위치가 24.6%로 상승 여력이 존재하며, 거래량 변화율 감소는 단기적인 조정 후 반등 가능성을 시사합니다.""]"
034020,두산에너빌리티,2023-02-01,16600,Buy,75,"[""최근 1개월 수익률이 7.34%로 양호하며, 거래량 변화율도 14.73%로 긍정적인 흐름을 보이고 있습니다."", ""연간 실적에서 매출과 영업이익이 전년 대비 큰 폭으로 증가하며, 특히 영업이익률이 7.8%로 개선된 점은 긍정적입니다."", ""영업현금흐름이 플러스(+)로 안정적인 현금 창출 능력을 보여주고 있으며, 이는 재무 건전성에 대한 신뢰를 높입니다.""]"
034020,두산에너빌리티,2023-03-02,16720,Buy,75,"[""두산에너빌리티는 전년 대비 매출 및 영업이익이 크게 증가하며 견조한 실적 개선세를 보이고 있습니다."", ""영업이익률이 7.8%로 개선되었으며, 영업현금흐름 또한 긍정적인 흐름을 나타내고 있습니다."", ""현재가는 52주 최고가 대비 하락한 수준이지만, 52주 최저가 대비로는 상당한 상승 여력을 가지고 있습니다.""]"
034020,두산에너빌리티,2023-04-03,17280,Buy,75,"[""최근 1개월 수익률이 2.03%로 양호하며, 거래량 변화율이 93.09%로 크게 증가하여 투자 심리가 개선되고 있음을 시사합니다."", ""연간 실적에서 매출과 영업이익이 전년 대비 각각 40.3%, 27.2% 크게 증가하며 견조한 성장세를 보이고 있습니다."", ""영업이익률 7.2%와 영업현금흐름이 흑자를 기록하고 있어 기업의 본질적인 수익 창출 능력은 긍정적입니다. 다만, 순이익 적자와 높은 부채비율은 단기적인 변동성을 야기할 수 있습니다.""]"
034020,두산에너빌리티,2023-05-02,15570,Neutral,60,"[""연간 실적에서 매출과 영업이익이 큰 폭으로 증가하며 긍정적인 흐름을 보이고 있으나, 순이익 적자 상태는 투자 심리에 부담으로 작용할 수 있습니다."", ""현재가가 52주 최저가 대비 높은 수준에 위치하고 있지만, 최근 1개월 수익률이 마이너스를 기록하며 단기적인 하락 압력을 받고 있습니다."", ""거래량 변화율이 긍정적인 신호를 보내고 있으나, PER이 없어 적정 가치 판단이 어렵고 부채비율이 다소 높아 재무 안정성에 대한 추가적인 분석이 필요합니다.""]"
034020,두산에너빌리티,2023-06-01,16440,Neutral,60,"[""연간 실적은 매출과 영업이익이 큰 폭으로 증가하며 긍정적인 모습을 보였으나, 순이익은 적자를 기록하며 재무 건전성에 대한 우려가 존재합니다."", ""현재가는 52주 최고가 대비 상당 부분 하락한 위치에 있으며, 최근 1개월 수익률과 거래량 변화율이 부정적인 흐름을 나타내고 있습니다."", ""PER이 적자로 인해 산출되지 않는 점과 PBR이 1.03으로 시장 평균 대비 높은 편은 아니지만, 뚜렷한 상승 또는 하락 추세를 강하게 지지하는 기술적 지표가 부족합니다.""]"
034020,두산에너빌리티,2023-07-03,17920,Buy,75,"[""최근 1개월 수익률이 11.73%로 양호하며, 거래량 변화율이 110.19%로 크게 증가하여 투자 심리가 개선되고 있음을 시사합니다."", ""연간 실적에서 매출과 영업이익이 전년 대비 각각 40.3%, 27.2% 크게 증가하며 긍정적인 성장세를 보이고 있습니다."", ""순이익은 적자이나, 영업이익 흑자 전환 및 영업현금흐름이 양호한 점은 긍정적인 신호로 해석될 수 있습니다.""]"
034020,두산에너빌리티,2023-08-01,17690,Neutral,60,"[""연간 실적은 매출과 영업이익이 크게 증가하며 긍정적인 모습을 보였으나, 순이익은 적자를 기록하며 재무 건전성에 대한 우려가 존재합니다."", ""현재가는 52주 최고가 대비 절반 수준에 위치하며 기술적으로는 상승 여력이 있으나, 최근 1개월 수익률과 거래량 변화율은 하락세를 나타내고 있어 투자 심리가 위축된 것으로 보입니다."", ""PER이 없어 적자 기업임을 감안할 때, PBR 1.11배와 부채비율 128.7%는 재무적 부담을 시사하며, 영업현금흐름은 긍정적이나 전반적인 투자 방향을 명확히 판단하기에는 정보가 상충되는 부분이 있습니다.""]"
034020,두산에너빌리티,2023-09-01,17190,Neutral,55,"[""연간 실적은 매출과 영업이익이 큰 폭으로 증가하며 긍정적인 모습을 보였으나, 순이익은 적자를 기록하며 재무 건전성에 대한 우려가 존재합니다."", ""현재가는 52주 최고가 대비 절반 수준에 위치하며 기술적으로는 상승 여력이 있으나, 최근 1개월 수익률과 거래량 변화율은 하락세를 나타내고 있어 단기적인 모멘텀이 약합니다."", ""부채비율이 다소 높은 편이지만 영업현금흐름은 양호한 수준을 유지하고 있어 재무 안정성에 대한 판단이 엇갈립니다.""]"
034020,두산에너빌리티,2023-10-04,15530,Neutral,60,"[""연간 실적은 매출과 영업이익이 크게 증가하며 긍정적인 모습을 보였으나, 순이익은 적자를 기록하며 재무 건전성에 대한 우려가 존재합니다."", ""최근 1개월 수익률이 -11.15%로 하락세를 보이고 있으며, 52주 최고가 대비 현재 위치가 47.3%로 절반 수준에 머물러 있어 추가 상승 여력이 불확실합니다."", ""거래량 변화율이 11.28%로 소폭 증가했으나, 이는 단기적인 수급 개선 신호로 해석하기에는 부족하며 전반적인 투자 심리가 명확하게 형성되지 않았습니다.""]"
034020,두산에너빌리티,2023-11-01,13910,Neutral,60,"[""연간 실적은 매출과 영업이익이 크게 증가했으나, 순이익은 적자를 기록하며 재무 건전성에 대한 우려가 존재합니다."", ""현재가는 52주 최저가에 근접해 있으며, 최근 1개월 수익률이 크게 하락하여 단기적인 반등 가능성도 있으나, 거래량 감소는 투자 심리 위축을 시사합니다."", ""부채비율이 다소 높은 편이지만, 영업현금흐름은 긍정적이어서 재무 안정성에 대한 판단이 엇갈립니다.""]"
034020,두산에너빌리티,2023-12-01,15610,Buy,75,"[""최근 1개월 수익률이 9.78%로 양호한 흐름을 보이고 있으며, 52주 최고가 대비 현재 위치가 31.5%로 상승 여력이 남아있습니다."", ""연간 실적에서 매출과 영업이익이 전년 대비 큰 폭으로 증가했으며, 영업이익률도 개선되는 추세를 보입니다."", ""애널리스트 리포트에서 정책 모멘텀에 대비할 시점이라는 긍정적인 전망과 함께 목표주가 23,000원을 제시하고 있습니다.""]"
034020,두산에너빌리티,2024-01-02,15600,Buy,75,"[""최근 1개월 수익률이 6.24%로 양호한 흐름을 보이고 있으며, 이는 시장 대비 초과 상승 가능성을 시사합니다."", ""연간 실적에서 매출과 영업이익이 전년 대비 큰 폭으로 증가하며 긍정적인 성장세를 나타내고 있습니다."", ""영업이익률이 7.2%로 개선되었고, 영업현금흐름이 플러스(+)를 기록하며 재무 건전성이 향상되고 있는 점은 긍정적입니다.""]"
034020,두산에너빌리티,2024-02-01,16000,Neutral,60,"[""매출 및 영업이익은 큰 폭으로 증가했으나, 순이익 적자 상태는 투자 심리에 부담으로 작용할 수 있습니다."", ""PBR이 1배 미만으로 저평가 가능성이 있으나, PER이 없어 가치 평가에 한계가 있습니다."", ""최근 1개월 수익률 및 거래량 변화율이 부정적인 흐름을 보이고 있어 단기적인 상승 모멘텀이 약합니다.""]"
034020,두산에너빌리티,2024-03-04,15460,Buy,75,"[""최근 1개월 수익률이 4.92%로 양호하며, 거래량 변화율도 39.06%로 증가하는 추세입니다."", ""연간 실적에서 매출과 영업이익이 전년 대비 큰 폭으로 증가했으며, 영업이익률도 개선되었습니다."", ""애널리스트 리포트에서 점진적인 수익성 개선과 함께 목표주가 23,000원을 제시하며 긍정적인 전망을 내놓고 있습니다.""]"
034020,두산에너빌리티,2024-04-01,16780,Buy,75,"[""최근 1개월 수익률이 6.34%로 양호하며, 거래량 변화율이 154.92%로 크게 증가하여 투자 심리가 개선되고 있음을 시사합니다."", ""연간 실적에서 매출과 영업이익이 전년 대비 각각 14.1%, 32.6% 증가하며 견조한 성장세를 보이고 있습니다."", ""현재가가 52주 최고가 대비 약 12.2% 하락한 수준으로, 추가 상승 여력이 존재할 가능성이 있습니다.""]"
034020,두산에너빌리티,2024-05-02,16550,Neutral,60,"[""연간 실적은 매출과 영업이익 모두 큰 폭으로 증가하며 긍정적인 모습을 보이고 있습니다."", ""현재가는 52주 최고가 대비 하락한 위치에 있으며, 최근 1개월 수익률과 거래량 변화율이 부정적인 신호를 보내고 있습니다."", ""PER이 매우 높은 수준으로 밸류에이션 부담이 존재하며, ROE가 낮은 점은 수익성 측면에서 아쉬운 부분입니다.""]"
034020,두산에너빌리티,2024-06-03,19200,Buy,75,"[""최근 1개월 수익률이 23.51%로 강한 상승세를 보이고 있으며, 52주 최고가 대비 현재 위치가 87.5%로 상승 여력이 남아있습니다."", ""연간 실적에서 매출과 영업이익이 전년 대비 큰 폭으로 증가했으며, 영업이익률도 개선되는 긍정적인 흐름을 보이고 있습니다."", ""거래량 변화율이 275.13%로 급증하며 투자자들의 관심이 집중되고 있음을 시사합니다.""]"
034020,두산에너빌리티,2024-07-01,19330,Neutral,60,"[""연간 실적은 긍정적인 성장세를 보였으나, 현재가 기준 PER이 매우 높아 밸류에이션 부담이 존재합니다."", ""최근 1개월 수익률과 거래량 변화율이 하락세를 나타내고 있어 단기적인 투자 심리가 위축된 것으로 보입니다."", ""52주 최고가 대비 현재 위치가 높지만, 52주 최저가 대비 상승 여력도 남아있어 방향성 판단이 어렵습니다.""]"
034020,두산에너빌리티,2024-08-01,17690,Buy,75,"[""최근 애널리스트 리포트에서 대형 원전 수주 및 글로벌 원전 시장 공략의 최대 수혜주로 언급되며 긍정적인 목표주가가 제시되고 있습니다."", ""연간 실적에서 매출과 영업이익이 전년 대비 큰 폭으로 증가하며 견조한 성장세를 보이고 있습니다."", ""거래량 변화율이 107.73%로 높게 나타나 투자자들의 관심이 증가하고 있음을 시사합니다.""]"
034020,두산에너빌리티,2024-09-02,17650,Neutral,60,"[""연간 실적은 매출과 영업이익 모두 큰 폭으로 증가하며 긍정적인 신호를 보내고 있습니다."", ""하지만 높은 PER과 낮은 ROE는 현재 주가가 고평가되었을 가능성을 시사하며, 재무 안정성 지표인 부채비율이 다소 높은 편입니다."", ""최근 1개월 수익률이 마이너스이고 거래량 변화율이 크게 감소한 점은 단기적인 투자 심리 위축을 나타내고 있어 향후 20거래일 방향성을 명확히 판단하기 어렵습니다.""]"
034020,두산에너빌리티,2024-10-02,17410,Buy,75,"[""최근 1개월 수익률은 하락했으나, 연간 실적은 매출과 영업이익 모두 큰 폭으로 증가하며 긍정적인 흐름을 보이고 있습니다."", ""영업이익률 8.3%와 영업현금흐름이 양(+)인 점은 재무 건전성을 뒷받침합니다."", ""애널리스트 리포트에서 제시된 목표주가 26,000원은 현재가 대비 상당한 상승 여력을 시사합니다.""]"
034020,두산에너빌리티,2024-11-01,20000,Buy,75,"[""최근 1개월 수익률이 11.56%로 양호하며, 52주 최고가 대비 현재 위치가 74.3%로 상승 여력이 남아있습니다."", ""연간 실적에서 매출과 영업이익이 전년 대비 크게 증가했으며, 영업이익률도 개선되는 추세입니다."", ""애널리스트 리포트에서 목표주가 25,000원을 제시하며 긍정적인 전망을 내놓고 있습니다.""]"
034020,두산에너빌리티,2024-12-02,21150,Buy,75,"[""최근 1개월 수익률이 3.60%로 양호한 흐름을 보이고 있으며, 52주 최고가 대비 현재 위치가 78.5%로 상승 여력이 남아있습니다."", ""연간 실적에서 매출과 영업이익이 전년 대비 큰 폭으로 증가했으며, 영업이익률도 개선되는 등 펀더멘털이 견조합니다."", ""글로벌 원전 크레센도의 최대 수혜주로 언급되는 애널리스트 리포트는 향후 주가 상승에 긍정적인 요인으로 작용할 수 있습니다.""]"
034020,두산에너빌리티,2025-01-02,18200,Neutral,55,"[""최근 1개월 수익률이 -14.61%로 하락세를 보이고 있으며, 거래량 변화율 또한 감소하여 단기적인 투자 심리가 위축된 것으로 판단됩니다."", ""연간 실적은 매출과 영업이익 모두 큰 폭으로 증가하며 긍정적인 모습을 보였으나, PER이 207.6으로 매우 높아 밸류에이션 부담이 존재합니다."", ""부채비율이 127.3%로 다소 높은 편이지만, 영업현금흐름이 양호하여 재무 안정성에 대한 우려가 크지는 않습니다. 다만, 52주 최고가 대비 현재 위치가 46.0%로 절반 수준에 머물러 있어 추가 상승 여력에 대한 판단이 어렵습니다.""]"
034020,두산에너빌리티,2025-02-03,24400,Buy,75,"[""최근 1개월 수익률이 30.74%로 강한 상승세를 보이고 있으며, 52주 최고가에 근접한 위치(87.0%)에 있어 추가 상승 여력이 기대됩니다."", ""연간 실적에서 매출과 영업이익이 전년 대비 큰 폭으로 증가했으며, 영업이익률도 개선되어 기업 펀더멘탈이 긍정적입니다."", ""최근 애널리스트 리포트에서 목표주가 36,000원을 제시하며 긍정적인 전망을 내놓고 있어 투자 심리에 긍정적인 영향을 줄 수 있습니다.""]"
034020,두산에너빌리티,2025-03-04,26900,Buy,75,"[""최근 애널리스트 리포트에서 긍정적인 실적 전망과 함께 높은 목표주가가 제시되었습니다."", ""최근 1개월 수익률이 6.69%로 양호하며, 거래량 변화율도 45.51%로 증가하여 투자 심리가 개선되고 있음을 시사합니다."", ""연간 실적에서 매출과 영업이익이 전년 대비 큰 폭으로 증가했으며, 영업이익률도 개선되는 등 펀더멘탈이 견조한 모습을 보이고 있습니다.""]"
034020,두산에너빌리티,2025-04-01,23950,Neutral,60,"[""최근 1개월 수익률이 마이너스이고 거래량 변화율도 감소하여 단기적인 하락 압력이 존재합니다."", ""PER이 137.1로 높아 밸류에이션 부담이 있으며, 연간 영업이익이 전년 대비 크게 감소한 점은 부정적입니다."", ""하지만 52주 최고가 대비 현재 위치가 59.6%로 여전히 상승 여력이 남아있고, 영업현금흐름이 양호한 점은 긍정적인 요인으로 작용할 수 있습니다.""]"
034020,두산에너빌리티,2025-05-02,27300,Buy,75,"[""최근 1개월 수익률이 15.66%로 강한 상승세를 보이고 있으며, 52주 최고가 대비 현재 위치가 높아 추가 상승 여력이 있습니다."", ""애널리스트 리포트에서 긍정적인 전망과 함께 목표주가 40,000원을 제시하며 탑승 기회를 언급하고 있습니다."", ""영업현금흐름이 긍정적인 점은 재무 안정성에 대한 긍정적인 신호로 해석될 수 있습니다.""]"
034020,두산에너빌리티,2025-06-02,42650,Buy,75,"[""최근 1개월 수익률이 41.70%로 매우 높으며, 52주 최고가에 근접한 94.7% 위치에 있어 상승 모멘텀이 강하게 나타나고 있습니다."", ""애널리스트 리포트에서 2H25 가스터빈/원자력 수주 분출 및 원전 관련 수주 가시화 등 긍정적인 전망이 제시되었습니다."", ""영업현금흐름이 양(+)으로 안정적인 흐름을 보이고 있으며, 부채비율도 관리 가능한 수준으로 판단됩니다.""]"
034020,두산에너빌리티,2025-07-01,61600,Neutral,65,"[""최근 1개월간 높은 수익률을 기록하며 기술적으로 상승 추세에 있으나, PER, PBR 지표가 높아 밸류에이션 부담이 존재합니다."", ""연간 실적에서 매출과 영업이익이 전년 대비 감소한 점은 부정적인 요인으로 작용할 수 있습니다."", ""부채비율이 다소 높은 편이지만, 영업현금흐름이 양호하여 단기적인 재무 안정성은 유지되고 있습니다.""]"
034020,두산에너빌리티,2025-08-01,64300,Buy,75,"[""최근 애널리스트 리포트에서 제시된 목표주가들이 현재가 대비 상당한 상승 여력을 시사하고 있습니다."", ""52주 최고가 대비 현재 위치가 높아 단기 상승 모멘텀이 지속될 가능성이 있습니다."", ""연간 실적은 감소세를 보였으나, 2분기 리뷰에서는 수익성 개선 전망이 나오고 있어 향후 실적 개선 기대감이 있습니다.""]"
034020,두산에너빌리티,2025-09-01,60400,Buy,75,"[""최근 애널리스트 리포트에서 긍정적인 수주 전망과 함께 목표주가 100,000원을 제시하며 상승 여력을 시사하고 있습니다."", ""52주 최고가 대비 현재 위치가 81.5%로, 아직 상승 여력이 남아있음을 보여줍니다."", ""최근 1개월 수익률이 마이너스이나, 이는 단기적인 조정일 수 있으며 우호적인 환경 변화로 인한 수주 증가 기대감이 주가 상승을 견인할 가능성이 있습니다.""]"
034020,두산에너빌리티,2025-10-01,64800,Neutral,60,"[""현재가 52주 최고가 대비 높은 수준에 위치하여 단기 상승 여력이 제한적일 수 있습니다."", ""최근 1개월 수익률은 긍정적이나, 거래량 변화율이 감소하고 있어 상승 동력이 약화될 가능성이 있습니다."", ""연간 실적 매출 및 영업이익 감소, 낮은 ROE는 기업의 성장성에 대한 우려를 제기하며, 높은 PER은 밸류에이션 부담을 시사합니다.""]"
034020,두산에너빌리티,2025-11-03,89500,Buy,75,"[""최근 1개월간 41.84%의 높은 수익률과 50.47%의 거래량 변화율은 강한 매수세를 시사합니다."", ""52주 최고가 대비 현재 위치가 91.3%로, 상승 여력이 남아있음을 보여줍니다."", ""애널리스트 리포트에서 원전 및 가스터빈 투트랙 성장 기대와 목표주가 10만원 제시 등 긍정적인 전망이 있습니다.""]"
034020,두산에너빌리티,2025-12-01,75000,Buy,75,"[""최근 30일간 애널리스트 리포트에서 제시된 목표주가 평균이 현재가 대비 상당한 상승 여력을 시사합니다."", ""52주 최고가 대비 현재 위치가 72.9%로, 과거 고점 대비 상승 여력이 남아있습니다."", ""최근 1개월 수익률이 -15.56%로 하락했으나, 이는 단기적인 조정일 수 있으며 향후 반등 가능성을 내포합니다.""]"
