ticker,name,signal_date,price,signal,confidence,reasons
005930,삼성전자,2023-01-02,55500,Sell,78,"[""전년 동기 대비 영업이익이 31.4% 급감하며 수익성이 크게 악화되었습니다."", ""최근 1개월 수익률이 -11.34%이며 거래량 변화율 또한 -18.94%로 하락 추세와 매수세 위축이 동시에 나타나고 있습니다."", ""현재 주가 위치가 52주 최저가 대비 10.4% 수준에 머물러 있어 단기적인 하방 압력이 강한 상태입니다.""]"
005930,삼성전자,2023-02-01,61800,Buy,82,"[""최근 1개월 수익률(+11.75%)과 거래량 변화율(+47.34%)이 모두 상승하며 단기적인 주가 상승 모멘텀이 확인됨"", ""현재가(61,800원)가 최근 애널리스트 리포트의 목표주가 범위(73,000원~90,000원) 대비 현저히 낮은 저평가 구간에 위치함"", ""부채비율 36.4%의 낮은 재무 리스크와 43.6조원의 강력한 영업현금흐름을 바탕으로 하방 경직성을 확보함""]"
005930,삼성전자,2023-03-02,60800,Buy,78,"[""제공된 모든 애널리스트의 목표주가(72,000원~90,000원)가 현재가(60,800원)보다 상당히 높게 형성되어 있어 상승 여력이 큼"", ""PBR 1.17배의 낮은 밸류에이션과 부채비율 36.4% 및 영업현금흐름 43.6조원의 매우 강력한 재무 안정성을 보유함"", ""52주 가격 범위 내 현재 위치가 40.4%로 하단 영역에 위치하여 기술적 반등 가능성이 존재함""]"
005930,삼성전자,2023-04-03,63100,Buy,88,"[""현재가(63,100원)가 최근 애널리스트 리포트의 평균 목표주가(약 79,000원) 대비 상당한 저평가 상태에 있음"", ""PER 7.8, PBR 1.04의 낮은 밸류에이션과 부채비율 26.4%, 영업현금흐름 62.2조원의 매우 강력한 재무 안정성을 보유함"", ""최근 1개월 수익률 4.30% 상승 및 거래량 증가세가 나타나며 기술적으로 바닥을 통과하는 반등 국면에 진입한 것으로 판단됨""]"
005930,삼성전자,2023-05-02,65700,Buy,85,"[""최근 애널리스트 리포트 5건 모두 목표주가를 78,000원에서 90,000원으로 제시하여 현재가(65,700원) 대비 상승 여력이 높음"", ""PER 8.2, PBR 1.08의 낮은 밸류에이션과 부채비율 26.4%, 영업현금흐름 62.2조원의 매우 강력한 재무 안정성을 보유함"", ""거래량 변화율이 18.24% 증가하며 긍정적인 수급 흐름을 보이고 있으며, 2Q23 실적 저점 통과 및 반등 예상이라는 분석이 지배적임""]"
005930,삼성전자,2023-06-01,70900,Neutral,75,"[""현재 주가가 52주 최고가(72,300원)의 92.9% 수준에 위치하여 단기적인 가격 저항선에 근접함"", ""1분기 영업이익이 전년 동기 대비 95.5% 급감하고 영업이익률이 1.0%에 불과해 펀더멘털의 단기 악화가 뚜렷함"", ""최근 1개월 수익률은 8.24%로 상승했으나 거래량 변화율이 -8.10%로 감소하며 상승 모멘텀이 둔화되는 양상임""]"
005930,삼성전자,2023-07-03,73000,Sell,85,"[""현재가가 52주 최고가(73,000원)에 도달하여 52주 내 위치가 100%로, 단기적으로 강력한 저항선에 직면해 있습니다."", ""1분기 영업이익이 전년 동기 대비 95.5% 급감하고 영업이익률이 1.0%에 불과하여 펀더멘털의 심각한 훼손이 확인됩니다."", ""주가가 최고점에 도달했음에도 거래량 변화율이 -8.80%로 감소하고 있어 상승 모멘텀이 약화되는 추세입니다.""]"
005930,삼성전자,2023-08-01,71100,Buy,85,"[""최근 30일 내 발행된 5건의 리포트 모두 목표주가를 87,000원~95,000원으로 제시하여 현재가(71,100원) 대비 높은 상승 여력을 보임"", ""PER 8.8, PBR 1.17의 낮은 밸류에이션과 부채비율 26.2%, 영업현금흐름 6.3조원의 강력한 재무 안정성을 보유함"", ""1분기 영업이익 급감에도 불구하고 3분기 DRAM 및 4분기 DS 부문의 흑자 전환 전망과 거래량 증가율(+19.54%)이 주가 반등의 근거가 됨""]"
005930,삼성전자,2023-09-01,71000,Sell,85,"[""전년 동기 대비 영업이익이 95.3% 급감하였으며 영업이익률이 1.1%로 매우 낮은 수준입니다."", ""현재 주가가 52주 최고가 대비 88.5% 위치에 있어 단기적인 추가 상승 여력이 제한적입니다."", ""거래량 변화율이 -19.74%로 감소하며 주가 상승을 견인할 매수 모멘텀이 약화되고 있습니다.""]"
005930,삼성전자,2023-10-04,67500,Buy,85,"[""PER 8.4 및 PBR 1.11의 낮은 밸류에이션 지표는 현재 주가가 저평가 구간에 있음을 시사함"", ""최근 30일간의 애널리스트 리포트가 메모리 가격 상승 및 DRAM 이익 개선을 근거로 현재가보다 훨씬 높은 90,000~95,000원의 목표주가를 일관되게 제시함"", ""거래량 변화율이 32.09% 증가하며 시장의 관심이 높아지는 가운데, 부채비율 24.8%와 영업현금흐름 14.5조원의 강력한 재무 안정성을 보유함""]"
005930,삼성전자,2023-11-01,68600,Buy,85,"[""최근 애널리스트 리포트들이 메모리 반도체 턴어라운드와 '골짜기를 지났다'는 분석과 함께 현재가 대비 높은 목표주가(90,000원~95,000원)를 제시하고 있습니다."", ""PER 8.5배와 PBR 1.13배의 낮은 밸류에이션과 더불어 부채비율 24.8%, 영업현금흐름 14.5조원의 매우 우수한 재무 안정성을 보유하고 있습니다."", ""2분기 영업이익이 전년 대비 95.3% 급감하며 최저점을 통과한 후, 최근 리포트에서 우려보다 양호한 실적 회복 신호가 포착되었습니다.""]"
005930,삼성전자,2023-12-01,72000,Neutral,75,"[""현재가가 52주 최고가(73,400원)의 92.3% 수준까지 상승하여 단기적인 가격 저항선에 도달한 상태임"", ""3분기 영업이익이 전년 동기 대비 77.6% 급감하며 실적의 가파른 하락세가 확인됨"", ""거래량 변화율이 -16.55%로 감소하며 주가 상승을 뒷받침할 시장의 모멘텀이 약화되고 있음""]"
005930,삼성전자,2024-01-02,79600,Neutral,70,"[""현재가가 52주 최고가인 79,600원에 도달하여 기술적 저항선에 위치해 있습니다."", ""3분기 영업이익이 전년 동기 대비 77.6% 급감하며 펀더멘털의 단기적 약세가 확인됩니다."", ""HBM3 고객 확대 전망과 목표주가 90,000원이 제시되어 있어 하락 요인과 상승 모멘텀이 팽팽하게 대립합니다.""]"
005930,삼성전자,2024-02-01,73600,Neutral,48,"[""최근 1개월 수익률이 -4.42%이며, 최근 발행된 5건의 리포트 모두 4분기 실적이 예상치 및 기대치를 하회했다고 분석함"", ""2023년 3분기 영업이익이 전년 동기 대비 77.6% 급감하며 단기적인 실적 모멘텀이 크게 훼손된 상태임"", ""PER 9.1, PBR 1.21의 낮은 밸류에이션과 애널리스트들의 목표주가(최저 87,000원)가 현재가보다 상당히 높아 하방 지지력이 강함""]"
005930,삼성전자,2024-03-04,74900,Buy,65,"[""PER 9.3, PBR 1.23, ROE 13.2%로 지표상 저평가 상태이며 수익성 대비 밸류에이션 매력이 높음"", ""부채비율 24.9%와 영업현금흐름 24.2조원으로 재무 안정성이 매우 뛰어남"", ""최근 리포트에서 메모리 중심의 수익성 회복이 언급되었으며, 목표주가(95,000원)와 현재가 간의 괴리율이 큼""]"
005930,삼성전자,2024-04-01,82000,Buy,75,"[""최근 1개월 수익률 11.72%와 거래량 변화율 38.21% 증가가 강력한 단기 상승 모멘텀을 나타냄"", ""최근 30일 내 발행된 리포트들이 메모리 업황 회복 및 1분기 흑자전환을 근거로 현재가보다 높은 94,000원~100,000원의 목표주가를 일관되게 제시함"", ""부채비율 25.4%의 매우 낮은 수준과 44.1조원의 풍부한 영업현금흐름을 통해 재무적 안정성이 매우 높음""]"
005930,삼성전자,2024-05-02,78000,Buy,85,"[""최근 애널리스트 리포트 5건 모두 메모리 및 NAND 부문의 이익 회복을 전망하며 현재가(78,000원)보다 훨씬 높은 목표주가(100,000원~115,000원)를 제시하고 있음"", ""2023년 실적은 전년 대비 크게 하락했으나, 2024년 1분기 잠정실적 리뷰를 통해 본격적인 이익 회복 구간에 진입했다는 분석이 지배적임"", ""부채비율 25.4%의 매우 낮은 수준과 44.1조원의 강력한 영업현금흐름을 보유하여 재무적 안정성이 매우 뛰어남""]"
005930,삼성전자,2024-06-03,75700,Neutral,75,"[""2024년 1분기 영업이익이 전년 동기 대비 931.9% 급증하며 강력한 실적 턴어라운드를 기록함"", ""PER이 35.5배로 다소 높고 ROE가 3.4%에 불과해 현재 주가 수준 대비 자본 효율성이 낮음"", ""최근 1개월 수익률(-2.32%)과 거래량 변화율(-6.31%)이 모두 감소하며 단기 하락 추세 및 모멘텀 약화가 나타남""]"
005930,삼성전자,2024-07-01,81800,Buy,82,"[""2024년 1분기 영업이익이 전년 동기 대비 931.9% 증가하며 매우 강력한 실적 턴어라운드를 기록함"", ""최근 30일 내 발행된 모든 애널리스트 리포트의 목표주가(100,000원~115,000원)가 현재가 대비 상당한 상승 여력을 제시함"", ""부채비율 26.6%의 낮은 재무 리스크와 11.9조원의 풍부한 영업현금흐름을 통해 안정적인 성장 기반을 확보함""]"
005930,삼성전자,2024-08-01,83100,Buy,85,"[""1분기 영업이익이 전년 동기 대비 931.9% 증가하며 강력한 실적 턴어라운드를 기록함"", ""최근 5건의 애널리스트 리포트가 모두 메모리 업사이클과 수익성 개선을 근거로 현재가보다 훨씬 높은 110,000원~117,000원의 목표주가를 제시함"", ""부채비율 26.6%의 낮은 수준과 11.9조원의 영업현금흐름을 통해 매우 우수한 재무 안정성을 확보하고 있음""]"
005930,삼성전자,2024-09-02,74400,Neutral,75,"[""2분기 영업이익이 전년 동기 대비 1462.2% 증가하고 영업현금흐름이 28.8조원으로 매우 강력한 펀더멘털 회복세를 보임"", ""최근 1개월 수익률이 -10.47%이며 거래량 변화율이 -7.31%로 단기 하락 추세와 매수 모멘텀 약화가 뚜렷함"", ""PER(34.9)이 ROE(3.4%) 대비 상당히 높아 밸류에이션 부담이 존재하며, 이는 단기 주가 상승의 제약 요인으로 작용함""]"
005930,삼성전자,2024-10-02,61300,Buy,85,"[""현재가가 52주 최저가(61,300원)에 도달하여 위치가 0.0%이며, PBR이 0.99로 장부 가치 수준까지 하락하여 강력한 가격 지지선에 진입함"", ""최근 애널리스트들의 목표 주가 범위가 91,000원에서 100,000원으로 현재가 대비 상승 여력이 매우 높게 평가됨"", ""부채비율 26.7%의 낮은 재무 리스크와 28.8조원의 풍부한 영업현금흐름을 통해 하방 경직성을 확보하고 있음""]"
005930,삼성전자,2024-11-01,58300,Sell,75,"[""2024-10-10자 최신 리포트들에서 3Q24 실적에 대해 '지켜지지 못한 약속' 및 '파운드리 적자 확대' 등 부정적인 평가가 지배적임"", ""최근 1개월 수익률 -5.20%와 거래량 변화율 -5.98%를 통해 단기 하락 추세 및 투자 심리 위축이 확인됨"", ""ROE가 3.4%로 매우 낮아 자본 효율성이 떨어지며, PER 27.4는 현재의 낮은 수익성 대비 밸류에이션 부담이 높은 수준임""]"
005930,삼성전자,2024-12-02,53600,Buy,75,"[""PBR 0.86 및 52주 최저가 대비 9.8% 수준의 현재가는 극심한 저평가 구간이며 강력한 하방 지지선을 형성하고 있음"", ""3분기 영업이익이 전년 동기 대비 277.4% 급증하고 51조 원의 영업현금흐름을 확보하는 등 펀더멘털의 가파른 회복세가 확인됨"", ""제시된 모든 애널리스트 목표주가(72,000원~86,000원)가 현재가 대비 최소 33% 이상의 높은 상승 여력을 나타냄""]"
005930,삼성전자,2025-01-02,53400,Sell,85,"[""최근 30일 내 발행된 5건의 애널리스트 리포트가 모두 4분기 실적 실망 및 2025년 추정치 하향 조정을 일관되게 언급하고 있음"", ""거래량 변화율이 -32.84%로 급감하며 매수세가 위축되었고, 주가가 52주 최저가 부근(하위 9.2%)에 위치하여 하방 압력이 강함"", ""ROE가 3.4%로 매우 낮아 자본 효율성이 떨어지는 반면, PER은 25.1배로 현재의 수익성 대비 밸류에이션 부담이 존재함""]"
005930,삼성전자,2025-02-03,51000,Neutral,80,"[""현재가가 52주 최저가에 매우 근접(위치 2.9%)하고 최근 1개월 수익률이 -4.85%로 하락 추세가 지속되고 있음"", ""최근 리포트에서 4분기 실적이 DS 부문의 영향으로 예상치를 하회했다는 부정적 분석이 지배적임"", ""PBR 0.82의 저평가 상태와 강력한 영업현금흐름(+51조원) 및 낮은 부채비율(27.2%)이 주가의 추가 하락을 방어하는 하방 경직성을 제공함""]"
005930,삼성전자,2025-03-04,54500,Buy,82,"[""PBR 0.88 및 52주 내 현재 위치가 12.1%로 최저가(49,900원)에 근접하여 하방 경직성이 확보된 저평가 구간임"", ""최근 5건의 애널리스트 리포트 목표주가 평균(약 75,600원)가 현재가(54,500원) 대비 매우 높은 상승 여력을 보임"", ""최근 1개월 수익률(+4.01%)의 반등과 더불어 실적 저점 통과 및 DS 부문 저점 예상이라는 분석이 지배적임""]"
005930,삼성전자,2025-04-01,58800,Buy,85,"[""PBR 0.85 및 52주 가격 위치 23.5%로 저평가 구간에 있으며, 최근 1개월 수익률이 7.89%로 반등 추세에 있음"", ""2024년 영업이익이 전년 대비 398.3% 급증하고 영업현금흐름이 73조 원에 달하는 등 강력한 실적 회복세와 재무 안정성을 보임"", ""최근 분석 리포트의 목표주가(68,000원~76,000원)가 현재가(58,800원) 대비 상방 여력이 충분함""]"
005930,삼성전자,2025-05-02,54300,Buy,75,"[""PBR 0.79 및 52주 최저가 대비 11.6% 수준의 현재 위치는 객관적인 저평가 구간임을 나타냄"", ""최근 애널리스트들의 목표주가 최저치(70,000원)가 현재가(54,300원) 대비 약 29%의 상승 여력을 보유함"", ""부채비율 27.9%와 영업현금흐름 73조원이라는 매우 강력한 재무 안정성을 확보하고 있음""]"
005930,삼성전자,2025-06-02,56800,Buy,85,"[""PBR 0.83 및 52주 내 현재 위치가 18.2%로 저점에 위치하여 밸류에이션 매력이 매우 높음"", ""최근 애널리스트 목표주가(74,000원~80,000원)가 현재가 대비 상당한 상승 여력을 제시함"", ""부채비율 27.0%의 낮은 재무 리스크와 16.6조원의 강력한 영업현금흐름으로 재무 안정성이 매우 우수함""]"
005930,삼성전자,2025-07-01,60200,Buy,88,"[""PBR 0.88배로 저평가 상태이며, 최근 애널리스트 목표주가(74,000원~79,000원) 대비 현재가(60,200원)의 상승 여력이 높음"", ""52주 내 현재 위치가 27.2%로 낮은 수준이나, 최근 1개월 수익률 7.31%와 거래량 변화율 35.36% 증가가 동반되며 반등 추세가 확인됨"", ""부채비율 27.0%의 매우 낮은 재무 리스크와 16.6조원의 강력한 영업현금흐름을 바탕으로 한 재무 안정성이 확보됨""]"
005930,삼성전자,2025-08-01,68900,Buy,85,"[""최근 분석 리포트의 목표주가(75,000원~88,000원)가 현재가(68,900원) 대비 상향 여력이 높게 형성되어 있습니다."", ""최근 1개월 수익률 7.99% 상승과 거래량 변화율 9.72% 증가가 동시에 나타나며 단기 상승 모멘텀이 확인됩니다."", ""부채비율 27.0%의 낮은 재무 리스크와 16.6조원의 강력한 영업현금흐름을 통해 안정적인 펀더멘털을 보유하고 있습니다.""]"
005930,삼성전자,2025-09-01,67600,Neutral,65,"[""2분기 영업이익이 전년 동기 대비 55.2% 급감하며 수익성이 크게 악화된 점이 확인됨"", ""최근 1개월 수익률 -5.32%와 거래량 변화율 -37.16%로 단기 하락 추세 및 매수세 위축이 뚜렷함"", ""PBR 0.98의 저평가 상태와 HBM 출하량 증가에 따른 목표주가 90,000원의 긍정적 전망이 하락 요인과 강하게 상충함""]"
005930,삼성전자,2025-10-01,86000,Neutral,85,"[""현재가가 52주 최고가(86,100원)의 99.7% 수준에 도달하여 단기적으로 매우 강력한 기술적 저항선에 위치함"", ""2분기 영업이익이 전년 동기 대비 55.2% 급감하며 수익성이 크게 악화된 것이 확인됨"", ""최근 애널리스트 리포트들의 목표주가가 105,000원~115,000원으로 현재가 대비 높은 상승 여력을 제시하고 있어 하락 요인과 상승 기대감이 팽팽하게 대립함""]"
005930,삼성전자,2025-11-03,111100,Buy,88,"[""현재가가 52주 최고가(111,100원)에 도달했으며, 최근 1개월 수익률 33.37%와 거래량 증가율 39.20%가 강력한 상승 모멘텀을 나타냄"", ""최근 애널리스트 리포트들이 4Q25 영업이익 YoY +238% 및 2026년 영업이익 122% 증가를 전망하며, 목표주가(128,000원~140,000원)가 현재가보다 상당히 높게 형성됨"", ""부채비율 26.4%의 낮은 재무 리스크와 33.9조원의 풍부한 영업현금흐름을 통해 향후 성장을 위한 재무적 안정성을 확보함""]"
005930,삼성전자,2025-12-01,100800,Buy,82,"[""3분기 영업이익이 전년 동기 대비 32.5% 증가하며 강력한 실적 성장세를 기록함"", ""최근 애널리스트 목표주가(125,000원, 147,000원)가 현재가(100,800원) 대비 상당한 상승 여력을 제시함"", ""부채비율 26.6%와 영업현금흐름 56.5조원으로 재무 안정성이 매우 우수함""]"
000660,SK하이닉스,2023-01-02,75700,Neutral,85,"[""PER 5.4, PBR 0.87, ROE 16.1%로 밸류에이션 및 수익성 지표가 매우 저평가된 상태임"", ""전년 동기 대비 영업이익이 60.3% 급감하며 실적 성장세의 단기 악화가 뚜렷함"", ""최근 1개월 수익률 -10.63% 및 거래량 -17.96%로 기술적 하락 추세와 모멘텀 약화가 지속되고 있음""]"
000660,SK하이닉스,2023-02-01,91400,Buy,88,"[""PER 6.5, PBR 1.05의 낮은 밸류에이션과 ROE 16.1%의 수익성을 고려할 때 현재 주가는 저평가 상태임"", ""최근 1개월 수익률 21.87%와 거래량 변화율 31.44%의 상승은 강력한 추세 전환 및 매수세 유입을 시사함"", ""현재가가 52주 가격 범위 내 하단(28.3%)에 위치하며, 모든 애널리스트 목표주가(105,000원~120,000원)가 현재가보다 상당히 높음""]"
000660,SK하이닉스,2023-03-02,88100,Neutral,65,"[""PER 6.3, PBR 1.01로 밸류에이션 매력은 높으나, 가장 최근 리포트(2/22)에서 DRAM 수요와 가격이 기대치를 하회할 것으로 전망됨"", ""전년 동기 대비 영업이익이 60.3% 급감하며 펀더멘털의 하락 추세가 뚜렷함"", ""거래량 변화율(-15.46%)과 최근 1개월 수익률(-0.45%)이 모두 하락 또는 정체되어 있어 단기 상승 모멘텀이 부족함""]"
000660,SK하이닉스,2023-04-03,87200,Buy,80,"[""PBR 0.98 및 52주 가격 범위 내 현재 위치가 26.5%로 저평가 구간이며 바닥권에 근접해 있음"", ""최근 5건의 애널리스트 리포트 모두 바닥 통과 및 재고 안정화를 전망하며 현재가보다 높은 목표주가(110,000원~120,000원)를 제시함"", ""영업이익 감소에도 불구하고 14.8조원의 강력한 영업현금흐름과 64.1%의 낮은 부채비율로 재무 안정성이 확보됨""]"
000660,SK하이닉스,2023-05-02,90200,Buy,85,"[""최근 애널리스트 리포트들이 실적 바닥론을 제시하며 현재가(90,200원)보다 훨씬 높은 110,000원~120,000원의 목표주가를 일관되게 제시하고 있습니다."", ""PBR이 1.02로 장부가치 수준에 근접하여 하방 경직성이 확보된 상태이며, 52주 최저가 대비 반등 구간에 위치해 있습니다."", ""거래량 변화율이 31.25% 증가하며 시장의 관심이 높아지고 있고, 14.8조원의 풍부한 영업현금흐름이 재무적 안정성을 뒷받침합니다.""]"
000660,SK하이닉스,2023-06-01,110300,Neutral,65,"[""현재가가 52주 최고가(110,300원)에 도달하여 52주 내 위치가 100%로, 단기 저항 및 차익 실현 매물 출회 가능성이 높음"", ""1분기 영업이익 -3.4조원(전년동기比 -218.8%) 및 영업현금흐름 -2.0조원으로 재무 펀더멘털이 매우 심각한 저하 상태임"", ""최근 1개월 수익률(+23.24%)과 애널리스트의 상향 목표주가(120,000~130,000원)가 긍정적이나, 실제 재무 지표와의 괴리가 매우 커 방향성 확신이 어려움""]"
000660,SK하이닉스,2023-07-03,117600,Neutral,70,"[""최근 애널리스트 리포트들이 목표주가 150,000원을 일관되게 제시하며 수익성 개선에 대한 강한 상승 전망을 보이고 있음"", ""현재 주가가 52주 최고가(119,500원)의 95.7% 수준에 도달하여 단기적인 가격 저항 구간에 진입한 상태임"", ""1분기 영업이익(-3.4조원) 및 영업현금흐름(-2.0조원)의 심각한 적자와 거래량 감소(-13.43%)가 주가 상승의 제약 요인으로 작용함""]"
000660,SK하이닉스,2023-08-01,125100,Buy,75,"[""최근 30일 내 발행된 5건의 애널리스트 리포트 평균 목표주가(약 143,400원)가 현재가 대비 약 14.6%의 상승 여력을 보유하고 있음"", ""최근 1개월 수익률이 6.38%로 단기 상승 추세에 있으며, 거래량 변화율 또한 2.39%로 완만한 증가세를 보임"", ""1분기 영업이익 및 순이익의 큰 폭의 감소에도 불구하고, 최신 리포트들이 일제히 기술 차별화와 시장 입지 강화를 근거로 목표주가를 상향 조정함""]"
000660,SK하이닉스,2023-09-01,120000,Sell,85,"[""2023년 2분기 영업이익이 -2.9조원, 영업이익률이 -39.5%로 수익성이 극도로 악화된 상태입니다."", ""영업현금흐름이 -6,940억원으로 음수를 기록하여 본업을 통한 현금 창출 능력이 결여되어 있습니다."", ""주가가 52주 최고가 부근(84.9%)에 위치해 있으나, 거래량 변화율이 -20.07%로 감소하고 최근 1개월 수익률이 0.42%에 그쳐 상승 모멘텀이 소멸되었습니다.""]"
000660,SK하이닉스,2023-10-04,115400,Neutral,60,"[""최근 애널리스트 리포트의 목표주가(145,000원~160,000원)가 현재가 대비 상당히 높아 상승 잠재력이 존재함"", ""2분기 영업이익 -2.9조원 및 영업현금흐름 -6,940억원으로 펀더멘털 측면의 손실이 매우 심각함"", ""최근 1개월 수익률(-3.35%)과 거래량 변화율(-3.60%)이 모두 감소하며 단기적인 하락 추세가 나타남""]"
000660,SK하이닉스,2023-11-01,120300,Neutral,60,"[""최근 애널리스트들의 목표주가 범위(124,000원~160,000원)가 현재가보다 높게 형성되어 있어 상승 기대감이 존재함"", ""2분기 영업이익 -2.9조원 및 영업현금흐름 -6,940억원으로 실제 재무 펀더멘털은 매우 심각한 손실 상태임"", ""52주 최고가 대비 82.4% 수준의 높은 가격 위치와 PER 37.1의 밸류에이션 부담이 단기 추가 상승을 제한할 가능성이 큼""]"
000660,SK하이닉스,2023-12-01,132600,Sell,85,"[""현재가(132,600원)가 52주 최고가(134,100원)의 97.5% 수준에 도달하여 단기적으로 강한 저항선에 위치함"", ""가장 최근 애널리스트 리포트(11/28)에서 단기 주가 상승 가능성이 낮다고 판단하며 목표주가(125,000원)를 현재가보다 낮게 제시함"", ""주가가 고점 부근에 형성되어 있음에도 거래량 변화율이 -26.28%로 감소하여 상승 모멘텀이 둔화되는 양상을 보임""]"
000660,SK하이닉스,2024-01-02,142400,Neutral,85,"[""현재가가 52주 최고가(142,400원)에 도달하여 52주 내 위치가 100%로, 단기적 저항 및 차익 실현 가능성이 매우 높음"", ""3분기 영업이익 -1.8조원, 영업이익률 -19.8% 등 실제 재무 실적이 매우 악화된 상태임"", ""애널리스트 목표주가(160,000~173,000원)는 상승 여력을 제시하나, PER 43.9 및 ROE 3.6%라는 낮은 수익성 지표가 밸류에이션 부담으로 작용함""]"
000660,SK하이닉스,2024-02-01,132700,Neutral,65,"[""애널리스트들의 목표주가(160,000원~175,000원)는 현재가 대비 상향 여력이 크지만, 2023년 3분기 영업이익이 -1.8조원으로 심각한 적자를 기록하여 실적과 기대치 간의 괴리가 큼"", ""52주 최고가 대비 84.4% 수준의 높은 가격대에 위치해 있으며, 최근 1개월 수익률이 -3.00%로 단기적인 하락 추세에 진입함"", ""PER 40.9배로 밸류에이션 부담이 높은 반면 ROE는 3.6%로 매우 낮아, 현재의 주가 수준을 뒷받침할 재무적 근거가 부족함""]"
000660,SK하이닉스,2024-03-04,166500,Neutral,75,"[""현재가가 52주 최고가(166,500원)에 도달하여 52주 내 위치가 100%인 점은 단기적으로 강력한 저항선 및 차익 실현 매물 출현 가능성을 시사합니다."", ""최근 1개월 수익률(+21.62%)과 거래량 변화율(+46.11%)이 매우 높아 강한 상승 모멘텀이 유지되고 있으며, 애널리스트 목표주가(180,000원)까지 추가 상승 여력이 존재합니다."", ""PER(51.4)이 매우 높은 반면 2023년 3분기 영업이익(-1.8조원)과 ROE(3.6%) 등 실제 재무 성과가 매우 저조하여 밸류에이션 측면의 괴리가 큽니다.""]"
000660,SK하이닉스,2024-04-01,185500,Neutral,65,"[""현재가가 52주 최고가(185,500원)에 도달하여 52주 내 위치가 100%로 기술적 저항 구간에 진입함"", ""최근 1개월 수익률이 18.76%로 급증하여 단기 과열에 따른 가격 조정 가능성이 존재함"", ""최근 30일 내 애널리스트 리포트들이 목표주가를 197,000원에서 220,000원으로 상향하며 강한 상승 모멘텀을 제시함""]"
000660,SK하이닉스,2024-05-02,173600,Buy,82,"[""최근 5건의 애널리스트 리포트가 모두 긍정적이며, 목표 주가(210,000원~240,000원)가 현재가(173,600원) 대비 상향 여력이 매우 높음"", ""1Q24 컨센서스 상회 및 NAND 흑자 전환 등 가파른 실적 개선세가 리포트를 통해 확인됨"", ""2023년 연간 적자에도 불구하고 영업현금흐름이 +4.3조원으로 양호하며 부채비율(87.5%) 또한 안정적인 수준임""]"
000660,SK하이닉스,2024-06-03,194200,Buy,80,"[""1분기 영업이익이 전년 동기 대비 184.8% 증가하고 매출이 144.3% 증가하는 등 폭발적인 실적 성장세를 기록함"", ""최근 애널리스트 리포트의 목표주가(210,000원)가 현재가(194,200원) 대비 약 8%의 상승 여력을 보유하고 있음"", ""5.4조원의 영업현금흐름과 85.9%의 부채비율을 통해 매우 견고한 재무 안정성을 입증함""]"
000660,SK하이닉스,2024-07-01,235500,Buy,85,"[""2024년 1분기 매출이 전년 동기 대비 144.3%, 영업이익이 184.8% 증가하며 폭발적인 실적 성장세를 기록함"", ""최근 30일 내 발행된 애널리스트 리포트의 목표주가(265,000원~290,000원)가 현재가(235,500원) 대비 상향 여력이 충분함"", ""최근 1개월 수익률 20.34%의 강한 상승 모멘텀과 5.4조원의 양호한 영업현금흐름이 뒷받침되고 있음""]"
000660,SK하이닉스,2024-08-01,193300,Buy,82,"[""2024년 1분기 매출이 전년 동기 대비 144.3%, 영업이익이 184.8% 증가하며 폭발적인 성장세를 기록함"", ""최근 5건의 애널리스트 리포트 목표주가(220,000원~340,000원)가 모두 현재가(193,300원)를 크게 상회함"", ""최근 1개월 수익률이 -18.09%로 급락하여 '낙폭 과대' 판단이 제시되었으며, 5.4조원의 견고한 영업현금흐름이 하방 경직성을 지지함""]"
000660,SK하이닉스,2024-09-02,174000,Buy,85,"[""2분기 영업이익이 전년 동기 대비 289.7% 증가하고 영업이익률 33.3%를 기록하는 등 폭발적인 실적 성장세를 보임"", ""최근 1개월 수익률이 -9.98%로 하락했으나, 애널리스트 리포트에서 이를 단기 매수 기회로 판단하며 목표주가 200,000원을 제시함"", ""부채비율 76.5%와 영업현금흐름 11.0조원 확보로 재무 안정성이 매우 우수함""]"
000660,SK하이닉스,2024-10-02,169100,Neutral,75,"[""2분기 영업이익이 전년 동기 대비 289.7% 증가하고 영업현금흐름이 11조 원에 달하는 등 펀더멘털의 성장세가 매우 강력함"", ""최근 1개월 수익률 -5.69%와 거래량 변화율 -8.28%에서 나타나듯 단기적인 주가 하락 추세와 투자 심리 위축이 관찰됨"", ""애널리스트들의 목표주가는 현재가 대비 매우 높게 형성되어 있으나, 최근 3분기 눈높이 조정 언급이 있어 단기 방향성에 불확실성이 존재함""]"
000660,SK하이닉스,2024-11-01,182200,Buy,85,"[""2분기 영업이익이 전년 동기 대비 289.7% 증가하고 영업이익률 33.3%를 기록하는 등 폭발적인 실적 성장세를 보임"", ""최근 30일 내 발표된 5건의 애널리스트 리포트 목표주가(203,000원~290,000원)가 모두 현재가(182,200원)를 크게 상회함"", ""11조 원의 영업현금흐름과 76.5%의 부채비율을 통해 매우 견고한 재무 안정성을 확보하고 있음""]"
000660,SK하이닉스,2024-12-02,158800,Buy,85,"[""2024년 3분기 영업이익이 전년 동기 대비 492.3% 증가하고 영업이익률 40.0%를 기록하는 등 펀더멘털이 매우 강력함"", ""현재가(158,800원)가 최근 애널리스트들이 제시한 최저 목표주가(210,000원)와 비교해 상당한 가격 괴리율을 보이며 상승 여력이 높음"", ""부채비율 66.0%의 안정적인 재무 구조와 18.8조원의 강력한 영업현금흐름을 확보하고 있음""]"
000660,SK하이닉스,2025-01-02,171200,Buy,85,"[""3분기 영업이익이 전년 동기 대비 492.3% 증가하고 영업이익률 40%를 기록하는 등 실적 성장세가 매우 강력함"", ""최근 리포트의 목표주가(220,000원)가 현재가(171,200원) 대비 약 28%의 높은 상승 여력을 제시하고 있음"", ""영업현금흐름(+18.8조원)이 매우 풍부하고 부채비율(66.0%)이 낮아 재무 안정성이 뛰어나며, 52주 최고가 대비 현재 주가 위치(36.5%)가 낮아 회복 가능성이 높음""]"
000660,SK하이닉스,2025-02-03,190900,Buy,95,"[""2024년 3분기 영업이익이 전년 동기 대비 492.3% 증가하고 영업이익률 40.0%를 기록하는 등 폭발적인 실적 성장세를 보임"", ""최근 30일 내 발표된 5건의 애널리스트 리포트 목표주가가 모두 260,000원~290,000원으로 현재가(190,900원) 대비 상당한 상승 여력을 제시함"", ""최근 1개월 수익률 12.23% 상승 및 거래량 변화율 38.34% 증가로 기술적 상승 모멘텀이 확인됨""]"
000660,SK하이닉스,2025-03-04,186100,Buy,75,"[""2024년 3분기 영업이익이 전년 동기 대비 492.3% 증가하고 영업이익률 40.0%를 기록하는 등 폭발적인 실적 성장세를 보임"", ""부채비율 66.0%의 안정적인 재무 구조와 18.8조원의 강력한 영업현금흐름을 보유하고 있음"", ""최근 1개월 수익률 -6.58%의 가격 조정이 있었으며, 현재 주가 위치가 52주 최고가 대비 41.7% 수준으로 상승 여력이 존재함""]"
000660,SK하이닉스,2025-04-01,197000,Buy,85,"[""PER 6.9와 ROE 27.7%라는 지표는 기업의 수익성 대비 주가가 매우 저평가되어 있음을 나타냅니다."", ""2024년 영업이익이 전년 대비 403.6% 증가하고 영업이익률 35.5%를 기록하는 등 폭발적인 실적 성장세를 보였습니다."", ""최근 리포트(2025-03-12)에서 레거시 수요 개선을 근거로 현재가보다 훨씬 높은 290,000원의 목표주가를 제시했습니다.""]"
000660,SK하이닉스,2025-05-02,186000,Buy,92,"[""PER 6.5와 ROE 27.7%의 조합은 수익성 대비 주가가 매우 저평가되어 있음을 나타냅니다."", ""2024년 영업이익이 전년 대비 403.6% 급증했으며, 2025년 2분기 영업이익 전망치(9.1조원) 등 강력한 실적 성장세가 지속되고 있습니다."", ""현재가(186,000원)가 52주 최고가 대비 낮은 위치(37.6%)에 있으며, 애널리스트들의 평균 목표주가(약 268,800원)와 큰 괴리율을 보여 상승 여력이 높습니다.""]"
000660,SK하이닉스,2025-06-02,207500,Buy,92,"[""1분기 영업이익이 전년 동기 대비 157.8% 증가하고 영업이익률 42.2%라는 압도적인 수익성을 기록함"", ""PER 7.2배의 저평가 상태와 ROE 27.7%의 높은 자본 효율성이 동시에 확인됨"", ""최근 리포트의 목표주가 280,000원이 현재가 대비 약 34%의 상승 여력을 제시함""]"
000660,SK하이닉스,2025-07-01,285500,Buy,92,"[""2025년 1분기 영업이익이 전년 동기 대비 157.8% 증가하고 영업이익률 42.2%라는 압도적인 수익성을 기록함"", ""ROE 27.7%의 높은 효율성 대비 PER 9.9배로 밸류에이션 매력이 있으며, 부채비율 52.2%로 재무 안정성도 확보됨"", ""최근 1개월 수익률 34.67%와 거래량 증가로 강한 상승 모멘텀이 확인되며, 모든 애널리스트 목표주가가 현재가보다 높게 형성됨""]"
000660,SK하이닉스,2025-08-01,258000,Neutral,75,"[""PER 9.0, ROE 27.7%, 영업이익률 42.2% 등 재무 지표와 1분기 실적 성장세가 매우 강력하여 펀더멘털 측면의 상승 근거가 충분함"", ""최근 1개월 수익률 -7.36% 및 거래량 변화율 -16.35%로 단기 가격 추세가 하락세이며 시장의 매수 모멘텀이 약화된 상태임"", ""높은 목표주가 설정에도 불구하고 최근 리포트에서 낮은 출하 가이던스와 HBM 경쟁 심화라는 구체적인 단기 리스크가 언급됨""]"
000660,SK하이닉스,2025-09-01,256000,Buy,85,"[""PER 8.9와 ROE 27.7%는 기업의 수익성 대비 주가가 저평가되어 있음을 나타냅니다."", ""2025년 2분기 영업이익률이 41.4%에 달하며, 전년 동기 대비 영업이익이 68.5% 급증하는 강력한 성장세를 보였습니다."", ""부채비율 48.1%의 낮은 재무 리스크와 18.2조원의 풍부한 영업현금흐름이 하방 경직성을 확보해 줍니다.""]"
000660,SK하이닉스,2025-10-01,360000,Buy,88,"[""2분기 영업이익이 전년 동기 대비 68.5% 증가하고 영업이익률 41.4%라는 압도적인 수익성을 기록함"", ""최근 30일 내 분석 리포트의 목표주가 최저치(405,000원)가 현재가 대비 약 12.5%의 상승 여력을 보유함"", ""ROE 27.7%의 높은 효율성과 부채비율 48.1%의 재무 안정성, 18.2조원의 강력한 영업현금흐름을 확보함""]"
000660,SK하이닉스,2025-11-03,620000,Neutral,85,"[""2분기 영업이익률 41.4% 및 ROE 27.7%의 매우 강력한 수익성과 실적 성장세가 주가 상승의 근거가 됨"", ""현재가가 52주 최고가(100%)에 위치해 있으며 최근 1개월 수익률이 84.25%로 극심한 단기 과열 상태여서 조정 가능성이 높음"", ""애널리스트 목표주가(평균 약 67만원)는 현재가보다 높으나, PBR 5.98배의 높은 밸류에이션으로 인해 단기 기대 수익 대비 하락 리스크가 균형을 이룸""]"
000660,SK하이닉스,2025-12-01,538000,Buy,85,"[""3분기 영업이익률 46.6% 및 전년 동기 대비 영업이익 61.9% 증가라는 폭발적인 실적 성장세를 기록함"", ""현재가(538,000원)가 최근 애널리스트 목표주가(730,000원 및 900,000원) 대비 상당한 상승 여력을 보유함"", ""부채비율 48.4%의 낮은 재무 리스크와 32.5조원의 강력한 영업현금흐름을 통해 펀더멘털의 안정성이 입증됨""]"
207940,삼성바이오로직스,2023-01-02,1217132,Sell,75,"[""PER 204.6 및 PBR 11.29로 밸류에이션이 극도로 높으며, ROE(5.5%) 대비 주가 수준이 과도하게 평가되어 있음"", ""최근 1개월 수익률이 -6.45%이고 거래량 변화율이 -7.93%로 단기 하락 추세와 매수세 약화가 동시에 나타남"", ""3분기 매출과 영업이익의 성장세는 매우 강력하나, 현재의 고평가 구간에서는 기술적 조정 가능성이 더 높다고 판단됨""]"
207940,삼성바이오로직스,2023-02-01,1183282,Sell,85,"[""현재가(1,183,282원)가 제공된 애널리스트 리포트의 평균 목표주가(1,120,000원)를 상회하고 있어 상승 여력이 제한적입니다."", ""PER 198.9배, PBR 10.97배라는 극도로 높은 밸류에이션 대비 ROE가 5.5%로 매우 낮아 기업 가치 평가가 과도한 상태입니다."", ""최근 1개월 수익률이 -2.07%로 하락 추세에 있으며, 52주 최고가 대비 조정을 받는 구간에 위치해 있습니다.""]"
207940,삼성바이오로직스,2023-03-02,1136186,Neutral,65,"[""PER 191.0 및 PBR 10.54의 매우 높은 밸류에이션 대비 ROE가 5.5%로 낮아 가격 부담이 매우 큼"", ""전년 동기 대비 매출(+93.7%)과 영업이익(+94.0%)이 폭발적으로 성장하며 펀더멘털의 강력한 개선세를 보임"", ""최근 1개월 수익률(-2.65%)과 거래량 변화율(-29.77%)이 모두 감소하며 단기적인 상승 모멘텀이 부족함""]"
207940,삼성바이오로직스,2023-04-03,1145017,Sell,85,"[""현재가(1,145,017원)가 최근 애널리스트 리포트의 목표주가(1,100,000원)를 상회하고 있어 하락 가능성이 높습니다."", ""PER 100.1, PBR 5.90의 매우 높은 밸류에이션 대비 ROE가 5.9%로 현저히 낮아 효율성이 떨어집니다."", ""최근 1개월 수익률이 -1.27%로 단기적인 하락 추세에 있으며, 주가가 52주 최저가 부근(위치 15.4%)에 머물고 있습니다.""]"
207940,삼성바이오로직스,2023-05-02,1128828,Neutral,65,"[""현재가(1,128,828원)가 최근 30일 내 제공된 모든 애널리스트의 목표주가(최고 1,120,000원)를 상회하고 있어 단기 상승 여력이 제한적입니다."", ""PER 98.7배라는 매우 높은 밸류에이션 대비 ROE가 5.9%로 낮아 펀더멘털 대비 주가가 과평가된 상태입니다."", ""52주 최저가 대비 8.3% 지점에 위치하여 가격 메리트가 발생했으나, 최근 1개월 수익률이 -2.66%로 하락 추세에 있어 방향성이 불분명합니다.""]"
207940,삼성바이오로직스,2023-06-01,1159734,Sell,82,"[""현재가(1,159,734원)가 제공된 애널리스트 리포트의 목표주가(1,000,000원)를 크게 상회하고 있어 하락 압력이 존재함"", ""PER 101.4배, PBR 5.98배의 매우 높은 밸류에이션 대비 ROE가 5.9%로 낮아 기업 가치 평가가 과도함"", ""거래량 변화율이 -35.39%로 급감하며 시장의 매수 동력이 약화되고 있는 기술적 흐름을 보임""]"
207940,삼성바이오로직스,2023-07-03,1093506,Sell,85,"[""현재가(1,093,506원)가 최근 애널리스트 리포트의 목표주가(1,050,000원)를 상회하고 있어 추가 상승 여력이 제한적임"", ""PER 95.6배, PBR 5.63배라는 매우 높은 밸류에이션 대비 ROE가 5.9%로 낮아 기업 가치 평가가 과도함"", ""52주 최저가 수준(현재 위치 0.6%)에 머물러 있으며 최근 1개월 수익률이 -5.71%로 하락 추세가 지속되고 있음""]"
207940,삼성바이오로직스,2023-08-01,1180339,Sell,85,"[""현재가(1,180,339원)가 제공된 모든 애널리스트의 목표주가(최고 1,150,000원)를 이미 상회하고 있어 단기 상승 여력이 부족합니다."", ""PER 103.2배, PBR 6.08배의 매우 높은 밸류에이션 대비 ROE가 5.9%로 낮아 주가 수준이 펀더멘털 대비 과도하게 높습니다."", ""최근 1개월 수익률(+7.94%)과 거래량 증가(+45.50%)가 나타났으나, 목표가 상회 및 고평가 지표를 고려할 때 단기 고점 형성 가능성이 높습니다.""]"
207940,삼성바이오로직스,2023-09-01,1078788,Sell,82,"[""현재가(1,078,788원)가 가장 최근 애널리스트 목표주가(1,050,000원)를 이미 상회하여 단기 상승 여력이 제한적임"", ""PER 94.3, PBR 5.56의 매우 높은 밸류에이션 대비 ROE가 5.9%로 낮아 기업 가치 평가 부담이 큼"", ""최근 1개월 수익률 -7.10%와 거래량 변화율 -56.30%를 통해 하락 추세 및 시장 관심도 급감이 확인됨""]"
207940,삼성바이오로직스,2023-10-04,1016975,Neutral,75,"[""매출(+33.0%)과 영업이익(+49.4%)의 가파른 성장세 및 29.3%의 높은 영업이익률은 강력한 펀더멘털 지지 요인임"", ""PER 88.9, PBR 5.24의 매우 높은 밸류에이션 대비 ROE(5.9%)가 낮아 가격 부담이 매우 큰 상태임"", ""최근 1개월 수익률(-8.48%)의 하락 추세와 52주 최저가에 근접한 현재 위치(4.8%)가 기술적 반등과 추가 하락의 갈림길에 있어 방향성 확신이 어려움""]"
207940,삼성바이오로직스,2023-11-01,1034636,Buy,75,"[""2분기 매출(+33.0%)과 영업이익(+49.4%)의 가파른 성장세 및 29.3%의 높은 영업이익률을 통해 강력한 펀더멘털 성장성을 입증함"", ""현재 주가가 52주 최저가 대비 10.1% 수준에 위치하여 하방 경직성이 확보되었으며, 거래량 변화율이 40.04%로 증가하며 매수세 유입 신호를 보임"", ""최근 5건의 애널리스트 리포트가 성장 사이클 진입을 전망하며 제시한 목표주가(100만 원~110만 원)가 현재가 대비 상향 여력을 가지고 있음""]"
207940,삼성바이오로직스,2023-12-01,1046410,Sell,85,"[""PER 91.5배라는 고평가 상태에서 ROE는 5.9%로 낮으며, 현재 주가가 최근 애널리스트들의 목표주가 범위(950,000원~1,050,000원) 상단에 도달하여 추가 상승 여력이 제한적임"", ""매출은 18.4% 증가했으나 영업이익은 전년 동기 대비 1.9% 감소하며 외형 성장 대비 수익성 개선이 이루어지지 않음"", ""거래량 변화율이 -22.48%로 크게 감소하고 최근 1개월 수익률이 -0.14%로 정체되어 있어 단기적인 주가 상승 모멘텀이 부족함""]"
207940,삼성바이오로직스,2024-01-02,1161206,Neutral,80,"[""최근 1개월 수익률 8.23%와 거래량 변화율 49.84%로 단기 상승 모멘텀이 뚜렷함"", ""PER 101.5 및 PBR 5.98의 매우 높은 밸류에이션 대비 ROE 5.9%는 주가 상승을 뒷받침할 수익성 근거가 부족함"", ""매출액은 18.4% 증가했으나 영업이익은 전년 동기 대비 1.9% 감소하여 외형 성장과 내실 성장이 상충함""]"
207940,삼성바이오로직스,2024-02-01,1220076,Sell,90,"[""현재가(1,220,076원)가 제공된 모든 애널리스트의 목표주가(최고 1,100,000원)를 크게 상회하고 있어 밸류에이션 부담이 매우 높음"", ""52주 최고가 대비 현재 위치가 93.1%로 고점 부근에 형성되어 있어 추가 상승 여력보다 하락 리스크가 큰 구간임"", ""PER 106.6의 매우 높은 밸류에이션 대비 ROE가 5.9%로 낮아 주가 상승을 정당화할 수익성 지표가 부족함""]"
207940,삼성바이오로직스,2024-03-04,1139130,Sell,75,"[""PER 99.6와 PBR 5.87이라는 매우 높은 밸류에이션 대비 ROE가 5.9%에 불과하여 기업 가치 대비 주가가 과도하게 고평가되어 있습니다."", ""최근 1개월 수익률이 -5.95%이며 거래량 변화율 또한 -5.46%로 하락 추세와 함께 시장의 관심도가 낮아지고 있습니다."", ""매출은 전년 동기 대비 18.4% 증가했으나 영업이익은 오히려 1.9% 감소하여 외형 성장에도 불구하고 수익성은 정체 또는 악화되는 모습입니다.""]"
207940,삼성바이오로직스,2024-04-01,1200943,Sell,82,"[""PER 99.7 및 PBR 5.66으로 현재 주가가 기업의 내재 가치 대비 매우 고평가된 상태임"", ""ROE가 5.7%로 매우 낮아 현재의 높은 밸류에이션 배수를 정당화할 만한 자본 효율성이 부족함"", ""52주 최고가에 근접한 위치(76.0%)에서 거래량 변화율이 -7.48%로 감소하며 단기 상승 동력이 약화됨""]"
207940,삼성바이오로직스,2024-05-02,1140601,Sell,92,"[""현재가(1,140,601원)가 제공된 모든 애널리스트의 목표주가(최고 1,100,000원)를 상회하고 있어 하방 압력이 높음"", ""PER 94.7배의 고평가 상태이며, ROE 5.7%는 현재의 밸류에이션을 정당화하기에 낮은 수준임"", ""최근 1개월 수익률 -5.02%와 거래량 변화율 -28.83%로 단기 추세 및 시장 관심도가 하락하는 추세임""]"
207940,삼성바이오로직스,2024-06-03,1106751,Sell,80,"[""현재가(1,106,751원)가 제공된 애널리스트 리포트의 목표주가(1,000,000원)를 이미 상회하고 있습니다."", ""ROE(5.7%) 대비 PER(91.8)과 PBR(5.21)이 매우 높아 밸류에이션 측면에서 고평가 상태입니다."", ""최근 1개월 수익률이 -3.71%로 단기적인 주가 하락 추세가 나타나고 있습니다.""]"
207940,삼성바이오로직스,2024-07-01,1117054,Neutral,80,"[""1분기 매출(+31.4%)과 영업이익(+15.4%)의 견조한 성장세 및 양호한 영업현금흐름(+2,898억원)이 확인됨"", ""PER 92.7, PBR 5.26의 매우 높은 밸류에이션 대비 ROE(5.7%)가 낮아 펀더멘털 대비 주가 부담이 큼"", ""현재가(1,117,054원)가 제공된 최근 애널리스트 리포트의 목표주가(1,100,000원)를 이미 상회하여 단기 상승 모멘텀이 제한적임""]"
207940,삼성바이오로직스,2024-08-01,1361363,Sell,85,"[""현재가(1,361,363원)가 최근 제공된 모든 애널리스트의 목표주가 범위(1,000,000원~1,100,000원)를 크게 상회하여 밸류에이션 부담이 매우 높음"", ""PER 113.0, PBR 6.41의 고평가 상태인 반면 ROE는 5.7%로 낮아 주가 상승을 정당화할 수익성 지표가 부족함"", ""52주 최고가 대비 94.2% 수준에 위치하여 단기 상승 여력이 제한적이며, 최근 1개월간 14.20% 급등에 따른 차익 실현 매물 출회 가능성이 높음""]"
207940,삼성바이오로직스,2024-09-02,1420233,Sell,85,"[""현재가(1,420,233원)가 최근 애널리스트 리포트의 목표주가(1,150,000원~1,200,000원)를 크게 상회하고 있어 하락 가능성이 높음"", ""PER 117.8, PBR 6.69의 매우 높은 밸류에이션 대비 ROE가 5.7%로 낮아 주가 부담이 매우 큰 상태임"", ""주가가 52주 최고가 대비 91.6% 지점에 위치하여 단기 고점 형성 및 저항 가능성이 높음""]"
207940,삼성바이오로직스,2024-10-02,1437894,Sell,85,"[""현재가(1,437,894원)가 최근 애널리스트 리포트의 목표주가(1,150,000원)를 크게 상회하고 있어 하락 가능성이 높습니다."", ""PER 119.3, PBR 6.77의 매우 높은 밸류에이션 대비 ROE가 5.7%로 낮아 주가 부담이 큽니다."", ""최근 1개월 수익률(-1.41%)과 거래량 변화율(-14.66%)이 모두 감소하며 단기 모멘텀이 약화되는 추세입니다.""]"
207940,삼성바이오로직스,2024-11-01,1468800,Sell,85,"[""현재가(1,468,800원)가 최근 분석 리포트들의 목표주가 범위(1,200,000원 ~ 1,350,000원)를 크게 상회하고 있어 하락 압력이 높음"", ""PER 121.9배, PBR 6.92배의 매우 높은 밸류에이션 대비 ROE가 5.7%로 낮아 주가 수준의 정당성이 부족함"", ""거래량 변화율이 -23.04%로 감소하며 상승 모멘텀이 약화되는 가운데, 52주 최고가에 근접한 76.3% 위치에 있어 조정 가능성이 큼""]"
207940,삼성바이오로직스,2024-12-02,1429063,Sell,82,"[""PER 118.6와 PBR 6.73이라는 매우 높은 밸류에이션 대비 ROE가 5.7%로 현저히 낮아 기업 가치 평가가 과도하게 높게 책정되어 있습니다."", ""매출 성장률(+14.8%)에 비해 영업이익 성장률(+6.3%)이 크게 낮아 수익성 개선 속도가 둔화되는 양상을 보입니다."", ""최근 1개월 수익률이 -2.71%로 단기 하락 추세에 있으며, 현재 주가 위치가 52주 최고가 대비 하락 구간에 진입해 있습니다.""]"
207940,삼성바이오로직스,2025-01-02,1374609,Sell,75,"[""PER 114.1 및 PBR 6.47의 매우 높은 밸류에이션 대비 ROE가 5.7%로 현저히 낮아 주가 고평가 부담이 큼"", ""최근 1개월 수익률 -4.21%와 거래량 변화율 -31.19%를 통해 단기 하락 추세 및 시장 관심도 감소가 확인됨"", ""매출 성장률(14.8%)에 비해 영업이익 성장률(6.3%)이 낮아 수익성 성장 속도가 둔화되는 양상을 보임""]"
207940,삼성바이오로직스,2025-02-03,1611560,Sell,95,"[""현재가(1,611,560원)가 52주 최고가(100%)에 도달했으며, 제공된 모든 애널리스트 목표주가(최고 1,350,000원)를 크게 상회하고 있습니다."", ""PER 133.7배와 PBR 7.59배라는 매우 높은 밸류에이션 대비 ROE가 5.7%로 낮아 주가 고평가 상태가 심각합니다."", ""최근 1개월 수익률이 16.86%로 급등하여 단기 과열 구간에 진입했으며, 펀더멘털 성장 속도보다 주가 상승 속도가 과도하게 빠릅니다.""]"
207940,삼성바이오로직스,2025-03-04,1648353,Sell,82,"[""PER 136.8 및 PBR 7.76의 밸류에이션이 ROE 5.7% 대비 과도하게 높아 펀더멘털 대비 주가가 고평가된 상태임"", ""현재 주가가 52주 최고가 대비 85.8% 수준에 위치하여 추가 상승 여력보다 고점 저항 가능성이 높음"", ""매출과 영업이익은 성장했으나 거래량 변화율이 0.59%로 매우 낮아 단기적으로 주가를 끌어올릴 강력한 수급 모멘텀이 부족함""]"
207940,삼성바이오로직스,2025-04-01,1557105,Sell,82,"[""PER 102.3와 PBR 6.61이라는 매우 높은 밸류에이션 대비 ROE가 6.5%로 낮아 기업 가치 평가가 과도하게 높게 형성되어 있음"", ""최근 1개월 수익률이 -5.20%이며 거래량 변화율이 -32.10%로 급감하여 단기적인 매수세 약화와 하락 추세가 뚜렷함"", ""52주 최고가 대비 현재 위치가 72.3%로 높은 수준에 머물러 있어, 단기적으로 추가 상승을 견인할 모멘텀보다 가격 부담이 더 큰 상황임""]"
207940,삼성바이오로직스,2025-05-02,1596842,Sell,85,"[""현재가(1,596,842원)가 최근 30일 내 발행된 모든 애널리스트 리포트의 목표주가(1,300,000원~1,350,000원)를 크게 상회하고 있어 하락 가능성이 높음"", ""PER 104.9배, PBR 6.78배의 매우 높은 밸류에이션 대비 ROE가 6.5%로 낮아 주가 부담이 매우 큰 상태임"", ""52주 최고가 대비 현재 위치가 78.2%로 고점 부근에 형성되어 있어 추가 상승 여력보다 조정 가능성이 높음""]"
207940,삼성바이오로직스,2025-06-02,1517368,Sell,85,"[""현재가(1,517,368원)가 최근 애널리스트들이 제시한 목표주가 범위(1,300,000원 ~ 1,350,000원)를 크게 상회하고 있어 하락 가능성이 높음"", ""PER 99.7, PBR 6.44로 밸류에이션 부담이 매우 크며, ROE(6.5%)가 이에 비해 현저히 낮아 고평가 상태로 판단됨"", ""1분기 실적 성장세는 뚜렷하나 최근 1개월 수익률이 -2.09%로 하락 추세에 있으며, 주가가 52주 최고가 대비 조정 구간에 진입함""]"
207940,삼성바이오로직스,2025-07-01,1476159,Neutral,75,"[""2025년 1분기 영업이익이 전년 동기 대비 119.9% 증가하고 영업이익률 37.5%를 기록하는 등 펀더멘털 성장세가 매우 강력함"", ""PER 97.0 및 PBR 6.27로 밸류에이션 부담이 매우 높으며, ROE(6.5%)가 현재의 높은 시장 가치를 정당화하기에는 낮은 수준임"", ""최근 1개월 수익률(-2.24%)과 거래량 변화율(-24.79%)이 모두 하락하며 단기적인 주가 상승 모멘텀이 둔화된 상태임""]"
207940,삼성바이오로직스,2025-08-01,1521783,Sell,85,"[""현재가(1,521,783원)가 최근 30일 내 발행된 모든 애널리스트 리포트의 목표주가 범위(1,300,000원 ~ 1,450,000원)를 크게 상회하고 있습니다."", ""PER 100.0, PBR 6.46의 매우 높은 밸류에이션 대비 ROE가 6.5%로 낮아 주가 고평가 부담이 큽니다."", ""1분기 실적 성장세는 뚜렷하나 최근 1개월 수익률이 -0.96%로 정체되어 있으며, 현재 가격대에서 추가 상승을 견인할 지표가 부족합니다.""]"
207940,삼성바이오로직스,2025-09-01,1465857,Sell,80,"[""PER 96.3 및 PBR 6.22의 극심한 고평가 상태 대비 ROE 6.5%는 자본 효율성이 매우 낮아 밸류에이션 부담이 매우 큼"", ""최근 1개월 수익률 -6.65%와 거래량 변화율 -51.36%는 단기 하락 추세 및 시장의 매수 심리 위축을 강하게 시사함"", ""매출과 영업이익의 성장세가 확인되나, 현재의 밸류에이션 수준에서는 실적 성장만으로 단기 주가 상승을 견인할 근거가 부족함""]"
207940,삼성바이오로직스,2025-10-01,1479103,Sell,85,"[""최근 애널리스트 리포트의 목표주가(1,300,000원)가 현재가(1,479,103원)보다 약 12% 낮게 설정되어 있어 하방 압력이 예상됨"", ""PER 97.2, PBR 6.28의 매우 높은 밸류에이션 대비 ROE가 6.5%로 낮아 기업 가치 평가가 과도하게 높음"", ""매출과 영업이익의 성장세에도 불구하고 최근 1개월 수익률이 0.80%에 그쳐 주가 상승 모멘텀이 부족함""]"
207940,삼성바이오로직스,2025-11-03,1797000,Sell,90,"[""현재가(1,797,000원)가 제공된 모든 애널리스트의 목표주가(최고 1,700,000원)를 상회하여 밸류에이션 부담이 매우 큼"", ""PER 118.1배, PBR 7.63배라는 매우 높은 평가 가치 대비 ROE가 6.5%로 낮아 펀더멘털 대비 주가가 과열된 상태임"", ""52주 최고가 대비 96.5% 지점에 위치해 있으며 최근 1개월간 22.10% 급등하여 단기 조정 가능성이 높음""]"
207940,삼성바이오로직스,2025-12-01,1649000,Neutral,85,"[""3분기 영업이익이 전년 동기 대비 115.3% 증가하고 영업이익률이 43.9%에 달하는 등 펀더멘털 성장세가 매우 강력함"", ""PER 108.3배, PBR 7.00배의 매우 높은 밸류에이션과 이에 비해 낮은 ROE(6.5%)가 주가 상승의 강력한 제약 요인으로 작용함"", ""최근 1개월 수익률 -8.24% 및 거래량 변화율 -18.97%로 단기 추세가 하락세이며 시장의 매수세가 약화된 상태임""]"
068270,셀트리온,2023-01-02,147192,Sell,75,"[""영업이익의 증가에도 불구하고 영업현금흐름이 -864억원으로 적자를 기록하여 수익의 질적 측면에서 리스크가 존재함"", ""PBR 8.07 및 PER 34.7로 밸류에이션 부담이 매우 높으며, 이는 주가 하락 압력으로 작용할 가능성이 큼"", ""최근 1개월 수익률이 -6.95%로 하락 추세에 있으며 거래량 또한 감소하고 있어 단기 모멘텀이 약화된 상태임""]"
068270,셀트리온,2023-02-01,156208,Neutral,65,"[""2022년 3분기 매출(+60.6%)과 영업이익(+28.1%)의 높은 성장세 및 ROE 23.2%는 강력한 펀더멘털을 보여줍니다."", ""PBR 8.56 및 PER 36.8의 매우 높은 밸류에이션 지표는 현재 주가가 고평가되었을 가능성을 시사합니다."", ""영업현금흐름의 마이너스(-864억원) 기록과 거래량 감소(-14.28%)는 단기적인 주가 상승 모멘텀을 약화시키는 요인입니다.""]"
068270,셀트리온,2023-03-02,132197,Sell,82,"[""영업현금흐름이 -864억원으로 적자를 기록하여 장부상 이익과 실제 현금 흐름 간의 심각한 괴리가 존재함"", ""PBR 7.24 및 PER 31.1로 기업의 성장성 대비 밸류에이션 부담이 매우 높은 수준임"", ""최근 1개월 수익률이 -11.08%로 강한 하락 추세에 있으며, 거래량 증가와 함께 주가가 52주 최저가 부근(하위 11.4%)까지 밀려나 있어 하방 압력이 강함""]"
068270,셀트리온,2023-04-03,137992,Sell,75,"[""영업현금흐름(+9억원)이 당기순이익(+5,426억원) 대비 극도로 낮아 이익의 질이 매우 낮고 현금 창출 능력이 부족함"", ""PBR 7.17 및 PER 35.4로 밸류에이션 부담이 매우 높으며, 2022년 영업이익이 전년 대비 13.0% 감소하여 성장세가 둔화됨"", ""최근 1개월 수익률이 -0.40%로 정체되어 있고 거래량 변화율(2.36%)이 낮아 단기적인 주가 상승 모멘텀이 관찰되지 않음""]"
068270,셀트리온,2023-05-02,147560,Buy,75,"[""최근 1개월 수익률(+7.08%)과 거래량 변화율(+11.80%)이 모두 상승하며 단기적인 주가 상승 모멘텀이 확인됨"", ""현재가(147,560원)가 52주 최고가 대비 낮은 위치(35.7%)에 있으며, 최근 애널리스트들의 목표주가(205,000원~220,000원)와 상당한 괴리율을 보여 상승 여력이 큼"", ""ROE 20.2%의 높은 수익성과 부채비율 37.8%의 우수한 재무 안정성을 보유하고 있음""]"
068270,셀트리온,2023-06-01,161360,Buy,82,"[""전년 동기 대비 영업이익이 41.1% 증가하고 영업이익률 30.5%를 기록하는 등 강력한 실적 성장세가 확인됨"", ""현재가(161,360원)가 최근 애널리스트 리포트의 목표주가 범위(200,000원~240,000원) 대비 상당한 저평가 구간에 있음"", ""ROE 20.2%의 높은 수익성과 부채비율 43.2%의 우수한 재무 안정성, 최근 1개월 수익률(+9.22%)의 상승 모멘텀이 유지되고 있음""]"
068270,셀트리온,2023-07-03,139464,Buy,82,"[""1분기 영업이익이 전년 동기 대비 41.1% 증가하고 영업이익률 30.5%를 기록하는 등 펀더멘털의 성장세가 매우 강력함"", ""현재 주가가 52주 최저가 대비 12.9% 지점에 위치하여 하방 경직성이 확보되었으며, 최근 1개월간의 급격한 하락(-13.57%) 이후 기술적 반등 가능성이 높음"", ""부채비율 43.2%의 낮은 수준과 양호한 영업현금흐름(+1,513억원)을 통해 재무적 안정성이 입증됨""]"
068270,셀트리온,2023-08-01,138912,Buy,82,"[""현재 주가가 52주 최저가 부근(위치 13.8%)에 머물고 있어, 애널리스트 목표주가(200,000원~240,000원) 대비 상승 여력이 매우 높음"", ""2023년 1분기 영업이익이 전년 동기 대비 41.1% 증가하고 영업이익률 30.5%를 기록하는 등 강력한 성장성과 수익성을 입증함"", ""최근 1개월 수익률은 정체되어 있으나 거래량 변화율이 26.78% 증가하며 바닥권에서 추세 전환의 신호가 나타남""]"
068270,셀트리온,2023-09-01,132381,Sell,75,"[""2분기 매출과 영업이익이 전년 동기 대비 각각 12.1%, 10.1% 감소하며 실적 성장세가 둔화되었습니다."", ""현재 주가가 52주 최저가에 매우 근접(5.5% 상회)해 있으며, 최근 1개월 수익률과 거래량 변화율이 모두 감소하며 하락 모멘텀이 지속되고 있습니다."", ""PER 34.0 및 PBR 6.87의 높은 밸류에이션이 실적 감소 추세와 맞물려 단기적인 주가 하방 압력을 높이는 요인으로 판단됩니다.""]"
068270,셀트리온,2023-10-04,125021,Sell,85,"[""현재 주가가 52주 최저가(0.0% 위치)에 도달했으며 최근 1개월 수익률이 -7.86%로 강한 하락 추세에 있음"", ""거래량 변화율이 -47.39%로 급감하여 주가 반등을 위한 매수세 유입이 매우 부족한 상황임"", ""2023년 2분기 매출과 영업이익이 전년 동기 대비 각각 12.1%, 10.1% 감소하며 성장성이 둔화됨""]"
068270,셀트리온,2023-11-01,137440,Buy,78,"[""최근 1개월 수익률(+9.37%)과 거래량 변화율(+43.02%)이 모두 상승하며 단기적인 주가 상승 모멘텀이 확인됨"", ""현재가가 52주 최고가 대비 낮은 위치(33.1%)에 있으며, 애널리스트 목표주가(210,000~220,000원)와 현재가 간의 괴리율이 매우 큼"", ""2분기 매출과 영업이익은 전년 대비 감소했으나, 20.2%의 ROE와 34.9%의 높은 영업이익률을 유지하며 강력한 수익성을 입증함""]"
068270,셀트리온,2023-12-01,150044,Buy,85,"[""전년 동기 대비 영업이익이 25.2% 증가하고 영업이익률이 39.8%에 달하는 강력한 수익성을 기록함"", ""최근 1개월 수익률 8.88%와 거래량 변화율 15.46% 증가로 단기 상승 모멘텀이 확인됨"", ""현재가(150,044원)가 최근 애널리스트 리포트의 목표주가 범위(190,000원~220,000원) 대비 상당한 저평가 상태임""]"
068270,셀트리온,2024-01-02,212969,Sell,85,"[""현재가가 52주 최고가(212,969원)에 도달하여 52주 내 위치가 100%로, 단기 고점 형성 및 차익 실현 매물 출회 가능성이 매우 높습니다."", ""최근 1개월 수익률이 43.17%로 단기간에 급격히 상승하여 기술적 과매수 상태로 판단됩니다."", ""PBR 11.06 및 PER 54.7의 밸류에이션은 매출 성장률(4.1%) 대비 과도하게 높게 평가되어 있어 주가 조정 가능성이 큽니다.""]"
068270,셀트리온,2024-02-01,164395,Sell,82,"[""최근 1개월 수익률이 -22.81%로 급락 중이며, 거래량 변화율 또한 -30.93%로 하락 추세 속에서 매수세가 위축되고 있다."", ""PER 42.2배와 PBR 8.54배라는 지표는 현재 주가 수준이 펀더멘털 대비 상당히 고평가되어 있음을 나타낸다."", ""영업이익률(39.8%)과 재무 안정성은 우수하나, 단기 주가 방향성을 반전시킬 만한 최근의 구체적인 리포트나 상승 촉매제가 부족하다.""]"
068270,셀트리온,2024-03-04,162003,Neutral,85,"[""영업이익률 39.8%와 영업이익 성장률 25.2% 등 수익성 지표는 매우 강력함"", ""PER 41.6 및 PBR 8.41의 높은 밸류에이션은 주가 상승에 부담으로 작용할 수 있음"", ""최근 1개월 수익률이 -1.95%이며 거래량 변화율이 -22.78%로 단기 상승 모멘텀이 부족함""]"
068270,셀트리온,2024-04-01,173043,Buy,78,"[""최근 애널리스트 리포트의 목표주가(200,000원~250,000원)가 현재가(173,043원) 대비 상향 여력이 높게 형성되어 있음"", ""최근 1개월 수익률(+4.67%)과 거래량 변화율(+7.26%)이 모두 양수를 기록하며 단기적인 상승 모멘텀이 발생함"", ""부채비율 16.3%의 매우 낮은 수준과 5,372억원의 양호한 영업현금흐름을 통해 강력한 재무 안정성을 확보하고 있음""]"
068270,셀트리온,2024-05-02,172491,Neutral,65,"[""PER(45.9) 대비 ROE(4.9%)가 매우 낮아 현재의 수익성 수준으로는 밸류에이션 부담이 큼"", ""최근 1개월 수익률이 -0.32%로 정체되어 있고 거래량 변화율이 -24.81%로 하락하며 단기 상승 모멘텀이 부족함"", ""짐펜트라의 2분기 매출 기대감과 애널리스트 목표주가(220,000원~240,000원)가 현재가 대비 높은 상승 잠재력을 제시하여 하락 요인과 상쇄됨""]"
068270,셀트리온,2024-06-03,164671,Neutral,65,"[""1분기 매출은 23.3% 증가했으나 영업이익이 전년 동기 대비 91.5% 급감하며 단기 수익성이 크게 악화됨"", ""PER 43.8배라는 높은 밸류에이션 대비 ROE가 4.9%로 매우 낮아 현재 주가 수준의 효율성 근거가 부족함"", ""애널리스트들의 목표주가는 높게 형성되어 있으나, 최근 1개월 수익률(-5.29%)과 거래량 감소세가 단기 상승 모멘텀의 부재를 나타냄""]"
068270,셀트리온,2024-07-01,169363,Neutral,65,"[""매출은 전년동기 대비 23.3% 증가했으나, 영업이익이 91.5% 급감하며 수익성이 크게 악화되었습니다."", ""PER 45.1배의 높은 밸류에이션 대비 ROE가 4.9%로 매우 낮아 현재 주가 수준의 정당성이 부족합니다."", ""애널리스트의 높은 목표주가와 거래량 증가(+35.28%)라는 긍정적 신호와 실적 악화라는 부정적 신호가 강하게 충돌하고 있습니다.""]"
068270,셀트리온,2024-08-01,183990,Neutral,65,"[""최근 1개월 수익률(+10.01%)과 거래량 증가(+29.96%) 등 단기 기술적 모멘텀은 상승 추세를 보이고 있음"", ""매출은 23.3% 성장했으나 영업이익이 전년동기 대비 91.5% 급감하며 수익성이 심각하게 악화됨"", ""PER 49.0배의 높은 밸류에이션 대비 ROE가 4.9%에 불과하여 현재 주가 수준을 정당화할 펀더멘털 근거가 부족함""]"
068270,셀트리온,2024-09-02,181322,Neutral,65,"[""매출액이 전년 동기 대비 66.9% 급증했으나, 영업이익은 60.4% 감소하여 외형 성장과 수익성 간의 심각한 괴리가 발생함"", ""PER 48.2배의 높은 밸류에이션 대비 ROE가 4.9%로 매우 낮아, 현재 주가 수준을 정당화할 수익 효율성이 부족함"", ""애널리스트들의 목표주가는 현재가보다 높게 형성되어 있으나, 최근 1개월 수익률이 -1.45%로 단기 상승 모멘텀이 확인되지 않음""]"
068270,셀트리온,2024-10-02,175711,Neutral,65,"[""매출액은 전년동기 대비 66.9% 증가하며 성장했으나, 영업이익은 60.4% 급감하여 수익성이 악화되었습니다."", ""PER 46.7배의 높은 밸류에이션 대비 ROE가 4.9%로 낮아 자본 효율성 및 가격 부담이 존재합니다."", ""최근 1개월 수익률이 -5.21%이며 거래량 변화율이 -40.97%로 급감하여 단기 주가 모멘텀이 약화된 상태입니다.""]"
068270,셀트리온,2024-11-01,166604,Sell,82,"[""매출은 66.9% 증가했으나 영업이익이 전년 동기 대비 60.4% 급감하여 수익성이 크게 악화되었습니다."", ""PER 44.3배라는 높은 밸류에이션 대비 ROE가 4.9%로 매우 낮아 현재 주가가 이익 창출 능력 대비 과평가되어 있습니다."", ""최근 1개월 수익률 -7.32%와 거래량 변화율 -16.68%를 통해 단기 하락 추세와 시장 관심도 감소가 확인됩니다.""]"
068270,셀트리온,2024-12-02,169823,Buy,75,"[""3분기 매출이 전년 동기 대비 31.2% 증가하며 강력한 외형 성장세를 기록하고 있습니다."", ""현재가(169,823원)가 최근 애널리스트들의 목표 주가 범위(240,000원~260,000원) 대비 현저히 낮은 수준입니다."", ""부채비율 19.2%와 5,959억원의 영업현금흐름을 통해 매우 우수한 재무 안정성을 확보하고 있습니다.""]"
068270,셀트리온,2025-01-02,173667,Neutral,65,"[""매출액은 전년 동기 대비 31.2% 증가하며 성장했으나, 영업이익은 22.4% 감소하여 수익성 지표가 상충합니다."", ""PER 46.2배라는 높은 밸류에이션 대비 ROE가 4.9%로 낮아 효율성 측면에서 주가 상승 동력이 부족합니다."", ""부채비율 19.2%와 양호한 영업현금흐름으로 재무 안정성은 매우 뛰어나나, 최근 1개월 수익률이 0.95%로 정체되어 방향성이 불분명합니다.""]"
068270,셀트리온,2025-02-03,169525,Sell,82,"[""매출은 증가했으나 영업이익이 전년 동기 대비 22.4% 감소하여 수익성이 악화되는 추세임"", ""PER 45.1배라는 높은 밸류에이션 대비 ROE가 4.9%로 매우 낮아 기업 가치 대비 주가가 고평가되어 있음"", ""최근 1개월 수익률이 -3.77%이며 거래량 변화율이 -51.86%로 급감하여 단기 상승 모멘텀이 매우 부족함""]"
068270,셀트리온,2025-03-04,176749,Buy,78,"[""최근 5건의 애널리스트 리포트 목표주가가 240,000원~250,000원으로 현재가 대비 상승 여력이 매우 높음"", ""전년 동기 대비 매출액이 31.2% 증가하며 외형 성장을 지속하고 있으며, 부채비율 19.2%와 양호한 영업현금흐름으로 재무 안정성이 매우 뛰어남"", ""거래량 변화율이 33.39% 증가하며 시장의 관심도가 높아지고 있고, 최근 1개월 수익률이 소폭 상승하며 긍정적인 흐름을 보임""]"
068270,셀트리온,2025-04-01,168369,Sell,85,"[""PER(82.2)가 매우 높은 반면 ROE(2.6%)는 매우 낮아 밸류에이션 부담이 크고 자본 효율성이 현저히 떨어짐"", ""매출은 63.5% 증가했으나 영업이익은 오히려 24.5% 감소하여 외형 성장 대비 수익성이 악화되는 추세임"", ""최근 1개월 수익률(-5.00%)과 거래량 변화율(-29.54%)이 모두 마이너스를 기록하며 단기 하락 추세와 매수세 위축이 뚜렷함""]"
068270,셀트리온,2025-05-02,156425,Sell,82,"[""PER 76.4배라는 고평가 상태임에도 불구하고 ROE가 2.6%에 불과해 자본 효율성과 밸류에이션의 괴리가 매우 큼"", ""매출은 63.5% 증가했으나 영업이익은 전년 대비 24.5% 감소하여 외형 성장 대비 수익성이 악화되는 추세임"", ""최근 1개월 수익률이 -4.30%로 하락세이며, 최근 리포트들이 실적 하회 전망 및 아쉬운 성과를 반복적으로 언급하고 있음""]"
068270,셀트리온,2025-06-02,155077,Buy,85,"[""1분기 영업이익이 전년 동기 대비 867.9% 급증하며 강력한 수익성 개선세를 확인했다."", ""현재 주가가 52주 최저가 부근(하위 19.2%)에 위치해 하방 경직성이 확보되었으며, 애널리스트 목표주가(220,000~230,000원) 대비 상승 여력이 매우 크다."", ""부채비율 21.3%의 매우 낮은 수준과 양호한 영업현금흐름을 통해 재무적 안정성이 뒷받침되고 있다.""]"
068270,셀트리온,2025-07-01,160400,Buy,75,"[""전년 동기 대비 영업이익이 867.9% 급증하며 수익성이 폭발적으로 개선된 점이 강력한 상승 모멘텀으로 작용함"", ""52주 가격 범위 내 현재 위치가 30.8%로 저점 부근에 머물고 있어 기술적 반등 및 상승 여력이 충분함"", ""부채비율 21.3%의 매우 낮은 수준과 양호한 영업현금흐름을 통해 최상위 수준의 재무 안정성을 확보함""]"
068270,셀트리온,2025-08-01,171300,Neutral,65,"[""1분기 영업이익이 전년동기 대비 867.9% 급증하고 애널리스트들의 목표주가가 현재가보다 상당히 높은 220,000원~240,000원으로 형성되어 있어 상승 잠재력이 있음"", ""PER이 83.6으로 매우 높은 반면 ROE는 2.6%에 불과하여, 현재 주가가 기업의 수익성 대비 고평가된 밸류에이션 부담이 큼"", ""최근 1개월 수익률이 -0.58%로 정체되어 있고 거래량 변화율이 -17.99%로 감소하고 있어 단기적인 주가 상승 모멘텀이 부족함""]"
068270,셀트리온,2025-09-01,169800,Neutral,65,"[""2분기 영업이익이 전년 동기 대비 234.5% 급증하고 영업이익률 25.2%를 기록하며 강력한 실적 성장세를 보임"", ""PER 82.9배의 높은 밸류에이션 대비 ROE 2.6%로 자본 효율성이 매우 낮아 펀더멘털과 주가 사이의 괴리가 큼"", ""최근 1개월 수익률 -5.09% 및 거래량 변화율 -21.42%로 단기 하락 추세와 매수세 약화가 관찰됨""]"
068270,셀트리온,2025-10-01,175100,Buy,82,"[""2025년 2분기 영업이익이 전년 동기 대비 234.5% 급증하며 강력한 실적 성장세를 기록함"", ""최근 리포트에서 미국 생산기지 확보를 통한 관세 불확실성 해소와 함께 240,000원의 목표주가가 제시됨"", ""부채비율 23.4%의 낮은 재무 리스크와 거래량 49.43% 증가라는 수급 개선 신호가 동시에 나타남""]"
068270,셀트리온,2025-11-03,174600,Neutral,60,"[""영업이익이 전년 동기 대비 234.5% 급증하고 부채비율이 23.4%로 매우 낮아 재무적 성장성과 안정성이 뛰어남"", ""PER 85.2배라는 고평가 상태에 비해 ROE가 2.6%로 매우 낮아, 현재 주가가 실제 수익 창출 능력 대비 과도하게 높게 형성됨"", ""최근 1개월 수익률이 -1.91%로 하락 추세이며, 주가가 52주 최고가 대비 74.7% 지점에 위치해 단기적인 방향성 확신이 어려움""]"
068270,셀트리온,2025-12-01,185800,Buy,82,"[""2025년 3분기 영업이익이 전년 동기 대비 45.1% 증가하고 영업이익률 29.3%를 기록하며 강력한 실적 성장세를 보이고 있습니다."", ""최근 거래량 변화율이 81.74%로 급증하며 주가 상승을 위한 수급 모멘텀이 강하게 형성되었습니다."", ""최근 30일 내 발행된 모든 애널리스트 리포트가 현재가(185,800원)보다 높은 220,000원~230,000원의 목표주가를 제시하며 일관된 상승 전망을 유지하고 있습니다.""]"
373220,LG에너지솔루션,2023-01-02,446000,Sell,85,"[""PER 112.5배와 PBR 11.94배는 ROE 10.6% 대비 극도로 과평가된 수준입니다."", ""최근 1개월 수익률이 -23.76%로 강한 하락 추세에 있으며 거래량 또한 감소하고 있습니다."", ""분기 영업이익은 흑자이나 영업현금흐름이 -1.4조원으로 실제 현금 창출 능력이 매우 취약합니다.""]"
373220,LG에너지솔루션,2023-02-01,522000,Buy,78,"[""최근 1개월 수익률 19.86%와 거래량 변화율 20.10%를 통해 단기 상승 모멘텀과 시장의 관심도가 증가하고 있음이 확인됨"", ""2022년 3분기 매출이 전년 동기 대비 89.9%, 영업이익이 240.0% 증가하며 매우 강력한 실적 성장세를 기록함"", ""최근 30일 내 제시된 애널리스트들의 평균 목표주가(약 635,600원)가 현재가(522,000원) 대비 약 21.7%의 상승 여력을 보유함""]"
373220,LG에너지솔루션,2023-03-02,535000,Sell,85,"[""PER 135.0 및 PBR 14.32로 기업의 수익성과 자산 가치 대비 주가가 극도로 고평가되어 있습니다."", ""영업현금흐름이 -1.4조원으로, 장부상 이익에도 불구하고 실제 현금 유입이 부정적인 재무적 리스크가 존재합니다."", ""거래량 변화율이 -22.56%로 감소하며 주가 상승을 견인할 시장의 매수 모멘텀이 약화되고 있습니다.""]"
373220,LG에너지솔루션,2023-04-03,586000,Sell,75,"[""PER 177.2와 PBR 6.66이라는 극도로 높은 밸류에이션 대비 ROE가 3.8%에 불과하여 주가가 펀더멘털 대비 과도하게 고평가되어 있음"", ""영업이익은 흑자임에도 불구하고 영업현금흐름이 -5,798억원으로 음수를 기록하여 실제 현금 창출 능력이 결여된 낮은 이익의 질을 보임"", ""현재 주가가 52주 최고가 대비 85.8% 지점에 위치하여 단기적 상승 여력보다는 고점 부담에 따른 조정 가능성이 더 높음""]"
373220,LG에너지솔루션,2023-05-02,591000,Sell,85,"[""PER 178.8배와 PBR 6.72배라는 극도로 높은 밸류에이션 대비 ROE가 3.8%에 불과하여 기업 가치 평가가 과도하게 높음"", ""영업현금흐름이 -5,798억원으로 음수를 기록하고 있어, 외형 성장에도 불구하고 실제 현금 창출 능력이 부족함"", ""주가가 52주 최고가 대비 87.7% 수준의 고점에 위치해 있으며, 거래량 변화율이 -8.22%로 감소하며 상승 모멘텀이 약화됨""]"
373220,LG에너지솔루션,2023-06-01,584000,Sell,82,"[""PER 176.7 및 PBR 6.64라는 극도로 높은 밸류에이션 대비 ROE가 3.8%에 불과하여 기업 가치 대비 주가가 과도하게 고평가되어 있음"", ""거래량 변화율이 -40.17%로 급감하고 최근 1개월 수익률이 0.52%로 정체되어 있어 상승 모멘텀이 크게 약화된 상태임"", ""현재 주가가 52주 최고가 대비 85.1% 수준의 높은 위치에 있어 단기적인 추가 상승 여력보다 하락 리스크가 더 큰 구간임""]"
373220,LG에너지솔루션,2023-07-03,573000,Neutral,75,"[""매출(+101.4%)과 영업이익(+144.6%)의 폭발적인 성장세와 긍정적인 영업현금흐름이 하방 지지선을 형성함"", ""PER 173.3, PBR 6.51의 매우 높은 밸류에이션 대비 ROE가 3.8%로 낮아 주가 상승 동력이 제한적임"", ""52주 최고가 대비 81% 수준의 높은 가격 위치와 최근 1개월 수익률(-1.88%)의 하락세가 단기 저항 구간임을 시사함""]"
373220,LG에너지솔루션,2023-08-01,557000,Neutral,65,"[""PER 168.5, PBR 6.33의 매우 높은 밸류에이션 대비 ROE가 3.8%로 현저히 낮아 펀더멘털 기반의 주가 지지력이 약함"", ""1분기 매출(+101.4%)과 영업이익(+144.6%)의 폭발적 성장세가 있었으나, 최근 2분기 실적이 컨센서스를 하회하며 수익성이 훼손됨"", ""애널리스트들의 목표주가는 현재가보다 높게 설정되어 있으나, 리포트 내 '단기 불확실성 존재' 및 '수익성 훼손' 언급이 있어 단기 방향성이 불분명함""]"
373220,LG에너지솔루션,2023-09-01,522000,Sell,75,"[""PER 157.9와 PBR 5.93이라는 매우 높은 밸류에이션 대비 ROE가 3.8%로 현저히 낮아 주가 부담이 큼"", ""최근 1개월 수익률(-4.04%)과 거래량 변화율(-46.63%)이 동시에 하락하며 단기 하락 추세와 매수세 약화가 뚜렷함"", ""전년 대비 실적 성장세는 높으나 영업이익률이 5.2%에 불과하여 고평가된 주가를 지지할 만한 수익성 근거가 부족함""]"
373220,LG에너지솔루션,2023-10-04,456000,Sell,85,"[""PER 137.9배라는 매우 높은 밸류에이션 대비 ROE가 3.8%에 불과하여 자본 효율성 및 가격 부담이 매우 높음"", ""최근 1개월 수익률 -17.54%와 거래량 감소(-12.69%)가 동시에 나타나며 강한 하락 추세가 지속되고 있음"", ""최신 애널리스트 리포트(2023-09-27)에서 '불가피한 매출 역성장'을 언급하며 단기 실적 둔화 가능성을 시사함""]"
373220,LG에너지솔루션,2023-11-01,377500,Sell,85,"[""현재 주가가 52주 최저가(0.0% 위치)에 도달했으며, 최근 1개월 수익률이 -20.61%로 매우 강한 하락 추세에 있음"", ""PER 114.2배라는 극도로 높은 밸류에이션 대비 ROE가 3.8%에 불과하여 펀더멘털 대비 주가가 과도하게 고평가됨"", ""최근 애널리스트 리포트들이 공통적으로 전방 수요 약세와 완성차 전동화 속도 조절 등 부정적인 산업 전망을 제시함""]"
373220,LG에너지솔루션,2023-12-01,428500,Neutral,60,"[""3분기 영업이익이 전년동기 대비 40.1% 증가하며 강력한 실적 성장세를 보이고 있음"", ""PER 129.6 및 ROE 3.8%로 수익성 대비 밸류에이션 부담이 극도로 높은 상태임"", ""최근 1개월 수익률은 9.45%로 반등했으나 거래량 변화율이 -16.09%로 감소하며 상승 동력이 약화됨""]"
373220,LG에너지솔루션,2024-01-02,429500,Sell,85,"[""PER 129.9배 및 ROE 3.8%로 수익성 대비 밸류에이션이 극도로 과평가된 상태임"", ""최근 1개월 수익률 -3.92%와 거래량 변화율 -39.69%로 주가 하락 추세 및 시장 관심도 감소가 뚜렷함"", ""최근 애널리스트 리포트에서 4분기 전방 수요가 예상보다 부진할 것으로 전망하여 단기 모멘텀이 약함""]"
373220,LG에너지솔루션,2024-02-01,381500,Neutral,60,"[""PER 115.4 및 ROE 3.8%로 밸류에이션 부담이 매우 크며 수익성 지표가 현저히 낮음"", ""최근 1개월 수익률 -8.29% 및 52주 최저가 근접(현재 위치 5.5%)으로 하락 추세가 지속되고 있음"", ""다만, 다수의 애널리스트가 단기 저점 접근 및 현재가 대비 높은 목표주가(평균 약 50만원)를 제시하여 기술적 반등 가능성이 공존함""]"
373220,LG에너지솔루션,2024-03-04,398500,Sell,75,"[""PER 120.5와 PBR 4.53이라는 매우 높은 밸류에이션 대비 ROE가 3.8%로 매우 낮아 기업 가치 평가가 과도하게 높게 형성되어 있습니다."", ""최근 애널리스트 리포트에서 1Q24 업황의 지속적인 어려움을 전망하며 부정적인 단기 전망을 제시했습니다."", ""주가가 52주 최저가 부근(현재 위치 12.5%)에 머물고 있으며, 거래량 변화율이 -0.51%로 정체되어 있어 반등 모멘텀이 부족합니다.""]"
373220,LG에너지솔루션,2024-04-01,395500,Sell,82,"[""PER 74.8배라는 매우 높은 밸류에이션 대비 ROE가 5.1%에 불과하여 수익성 대비 주가가 과도하게 고평가되어 있습니다."", ""최근 1개월 수익률이 -1.49%이며 거래량 변화율이 -14.50%로 감소하고 있어 시장의 매수세가 약화되는 추세입니다."", ""현재 주가가 52주 최저가 대비 11.3% 수준에 머물러 있어 하락 추세가 지속되고 있으며, 단기적인 반등 근거가 부족합니다.""]"
373220,LG에너지솔루션,2024-05-02,389000,Neutral,65,"[""PER 73.6배라는 고평가 상태 대비 ROE가 5.1%로 매우 낮아 밸류에이션 매력이 부족함"", ""최근 애널리스트 리포트들이 '불확실한 수요 환경', 'Still winter' 등 단기적 업황 부진을 일관되게 언급하고 있음"", ""주가가 52주 최저가 부근(현재 위치 9.9%)에 있어 추가 하락 가능성은 제한적이나, 최근 1개월 수익률(-1.64%)과 거래량 변화율(4.27%)을 볼 때 반등 모멘텀이 약함""]"
373220,LG에너지솔루션,2024-06-03,332000,Sell,85,"[""전년 동기 대비 영업이익이 75.2% 급감하고 매출이 29.9% 감소하는 등 펀더멘털의 심각한 악화가 확인됨"", ""PER 62.8배의 고평가 상태임에도 불구하고 ROE가 5.1%에 불과하여 수익성 대비 밸류에이션 부담이 매우 높음"", ""최근 1개월 수익률이 -14.65%로 강한 하락 추세에 있으며, 주가가 52주 최저가에 매우 근접(1.4% 상회)하여 하방 모멘텀이 지속되고 있음""]"
373220,LG에너지솔루션,2024-07-01,347000,Sell,75,"[""2024년 1분기 영업이익이 전년 동기 대비 75.2% 급감하며 수익성이 심각하게 악화되었습니다."", ""PER 65.6배라는 높은 밸류에이션에 비해 ROE가 5.1%로 매우 낮아 주가 수준이 펀더멘털 대비 과도하게 높습니다."", ""현재 주가가 52주 최저가 대비 7.6% 상단에 위치하여 강력한 하락 추세가 지속되고 있습니다.""]"
373220,LG에너지솔루션,2024-08-01,333500,Sell,85,"[""1분기 영업이익이 전년 동기 대비 75.2% 급감하고 매출액 또한 29.9% 감소하며 펀더멘털이 크게 악화되었습니다."", ""현재 주가가 52주 최저가 대비 4.4% 수준에 머물러 있으며, 최근 1개월 수익률이 -6.84%로 하락 추세가 뚜렷합니다."", ""최근 애널리스트 리포트 5건 모두 컨센서스 하회, 업황 부진, 가이던스 하향 등 부정적인 전망을 일관되게 제시하고 있습니다.""]"
373220,LG에너지솔루션,2024-09-02,412000,Sell,75,"[""2024년 2분기 영업이익이 전년 동기 대비 57.6% 급감하고 순손실 237억원을 기록하며 수익성이 심각하게 악화됨"", ""PER 77.9배의 매우 높은 밸류에이션에도 불구하고 ROE는 5.1%에 불과하여 주가 수준에 대한 재무적 근거가 부족함"", ""매출액이 전년 동기 대비 29.8% 감소하며 외형 성장세가 꺾인 점이 최근의 단기 주가 상승분을 상쇄하는 하락 요인으로 작용함""]"
373220,LG에너지솔루션,2024-10-02,408500,Sell,82,"[""2분기 매출(-29.8%)과 영업이익(-57.6%)이 급감하며 순손실을 기록하는 등 펀더멘털 악화가 뚜렷함"", ""PER 77.3배의 고평가 상태이나 ROE는 5.1%에 불과하여 수익성 대비 밸류에이션 부담이 매우 높음"", ""최근 애널리스트 리포트에서 3분기 실적이 컨센서스를 하회할 것으로 전망되어 단기적인 주가 하락 가능성이 큼""]"
373220,LG에너지솔루션,2024-11-01,412500,Sell,75,"[""2분기 매출(-29.8%)과 영업이익(-57.6%)이 전년 동기 대비 급감했으며, 당기순손실(-237억원)을 기록하여 수익성이 크게 악화됨"", ""PER 78.0배의 매우 높은 밸류에이션 대비 ROE가 5.1%에 불과하여 주가 수준이 기업의 수익 창출 능력 대비 과도하게 높음"", ""최근 1개월 수익률이 -0.48%로 정체되어 있고 거래량 변화율(-5.33%) 또한 감소하며 단기 상승 모멘텀이 부족함""]"
373220,LG에너지솔루션,2024-12-02,391500,Sell,82,"[""PER 74.0배라는 높은 밸류에이션 대비 ROE가 5.1%에 불과하여 기업 가치 평가 부담이 매우 큼"", ""3분기 매출액(-16.4%)과 영업이익(-38.7%)이 전년 동기 대비 큰 폭으로 감소하며 실적 악화세가 뚜렷함"", ""최근 1개월 수익률이 -5.09%를 기록하며 단기적인 주가 하락 추세가 지속되고 있음""]"
373220,LG에너지솔루션,2025-01-02,346000,Sell,82,"[""3분기 매출이 전년 동기 대비 16.4%, 영업이익이 38.7% 감소하며 실적 성장세가 크게 둔화되었습니다."", ""PER 65.4배라는 높은 밸류에이션 대비 ROE가 5.1%로 매우 낮아 기업 가치 평가가 과도한 수준입니다."", ""최근 1개월 수익률이 -9.31%이며 거래량 변화율 또한 -33.78%로 하락 추세와 매수세 위축이 동시에 나타나고 있습니다.""]"
373220,LG에너지솔루션,2025-02-03,336500,Sell,82,"[""PER 63.6배 대비 ROE 5.1%로, 현재의 수익성 수준에 비해 밸류에이션 부담이 매우 높음"", ""전년 동기 대비 매출(-16.4%)과 영업이익(-38.7%)이 큰 폭으로 감소하며 펀더멘털 악화가 확인됨"", ""최근 1개월 수익률(-2.32%)과 거래량 변화율(-10.54%)이 모두 하락하며 단기 모멘텀이 부재함""]"
373220,LG에너지솔루션,2025-03-04,332000,Sell,90,"[""PER 62.8배로 밸류에이션이 매우 높으나 ROE는 5.1%에 불과하여 수익성 대비 주가가 과도하게 고평가되어 있음"", ""2024년 3분기 매출이 전년 동기 대비 16.4%, 영업이익이 38.7% 감소하며 뚜렷한 실적 하락세를 보임"", ""현재가가 52주 최저가 부근(위치 9.5%)에 머물고 있으며, 최근 1개월 수익률(-5.68%)과 거래량 변화율(-7.16%) 모두 하락 추세임""]"
373220,LG에너지솔루션,2025-04-01,328000,Neutral,65,"[""52주 최저가에 근접한 가격 위치(6.1%)와 거래량 증가(+28.04%)는 단기 바닥 형성 및 기술적 반등 가능성을 시사함"", ""연간 매출(-24.1%) 및 영업이익(-73.4%)의 급격한 감소는 펀더멘털의 심각한 악화를 나타내며 하방 압력으로 작용함"", ""5.1조원의 강력한 영업현금흐름과 긍정적인 애널리스트 목표주가가 현재의 하락 추세(-6.82%) 및 적자 전환 지표와 상충함""]"
373220,LG에너지솔루션,2025-05-02,320500,Sell,75,"[""2024년 영업이익이 전년 대비 73.4% 급감하고 매출 또한 24.1% 감소하며 펀더멘털이 크게 악화됨"", ""현재 주가가 52주 최저가 대비 5.3% 수준에 머물러 있으며, 최근 1개월 수익률과 거래량 변화율이 모두 음수를 기록하며 하락 모멘텀이 지속됨"", ""최근 애널리스트 리포트에서 미국 관세 정책으로 인한 불확실성 확대와 어닝 서프라이즈의 일회성 요인이 지적됨""]"
373220,LG에너지솔루션,2025-06-02,284500,Neutral,65,"[""2025년 1분기 영업이익이 전년 동기 대비 138.1% 증가하며 펀더멘털의 개선세가 확인됨"", ""최근 1개월 수익률이 -18.71%이며 주가가 52주 최저가 근접 수준(하위 9.8%)에 위치해 하락 모멘텀이 강함"", ""애널리스트 리포트에서 정책 불확실성에 따른 '단기 조정기'를 명시하여 향후 20거래일 내 방향성 확신이 어려움""]"
373220,LG에너지솔루션,2025-07-01,297500,Buy,75,"[""2025년 1분기 영업이익이 전년 동기 대비 138.1% 급증하며 강력한 실적 개선세를 증명함"", ""현재 주가가 52주 최저가(268,000원) 대비 17.5% 수준에 위치하여 가격 메리트와 하방 경직성이 높음"", ""1.2조원의 양호한 영업현금흐름을 보유하고 있으며, 최근 리포트의 목표주가(400,000원)와 현재가 간의 괴리율이 매우 큼""]"
373220,LG에너지솔루션,2025-08-01,373000,Buy,88,"[""1분기 영업이익이 전년 동기 대비 138.1% 급증했으며, 최근 2분기 실적이 컨센서스를 상회하며 펀더멘털 개선세가 확인됨"", ""최근 1개월 수익률 17.11%와 거래량 변화율 49.32%가 동시에 상승하며 강한 단기 상승 모멘텀을 형성하고 있음"", ""현재가(373,000원)가 최근 애널리스트들이 제시한 목표주가 범위(430,000원~531,000원) 대비 상당한 저평가 구간에 위치함""]"
373220,LG에너지솔루션,2025-09-01,349000,Neutral,65,"[""영업이익이 전년동기 대비 152% 증가하고 영업현금흐름이 1.4조원 규모로 창출되며 수익성 및 현금 유동성이 개선됨"", ""매출액이 전년동기 대비 9.7% 감소하고 거래량 변화율이 -48.02%로 급감하여 외형 성장 둔화와 시장 관심도 하락이 관찰됨"", ""최근 1개월 수익률이 -8.76%로 하락 추세에 있어, 실적 개선이라는 펀더멘털 호재와 기술적 하락세 및 매출 감소라는 악재가 상충함""]"
373220,LG에너지솔루션,2025-10-01,347500,Buy,75,"[""2025년 2분기 영업이익이 전년 동기 대비 152.0% 증가하며 강력한 수익성 개선을 보였습니다."", ""최근 애널리스트 리포트의 목표주가(430,000원)가 현재가(347,500원) 대비 약 23.7% 높은 상승 여력을 제시하고 있습니다."", ""1.4조 원의 양호한 영업현금흐름을 통해 재무적 안정성을 확보하고 있습니다.""]"
373220,LG에너지솔루션,2025-11-03,475500,Buy,85,"[""최근 1개월 수익률 36.25%와 거래량 변화율 148.31%가 결합되어 강력한 단기 상승 모멘텀을 보이고 있음"", ""최근 발행된 5건의 애널리스트 리포트 목표주가(560,000원~600,000원)가 현재가 대비 상방 여력이 충분함"", ""EV 수요 둔화에도 불구하고 ESS 수주잔고 140% 증가 및 영업이익 전년동기 대비 152% 급증이라는 실적 개선세가 뚜렷함""]"
373220,LG에너지솔루션,2025-12-01,413000,Sell,75,"[""최근 1개월 수익률이 -12.69%로 급락하고 거래량 변화율이 -34.12%로 감소하여 단기 하락 추세와 매수세 위축이 뚜렷함"", ""2025년 3분기 매출이 전년 동기 대비 17.1% 감소하며 외형 성장세가 둔화되는 모습이 확인됨"", ""영업이익의 증가에도 불구하고 기술적 지표의 강한 하락 모멘텀이 향후 20거래일 내 주가에 더 지배적인 영향을 미칠 것으로 판단됨""]"
006400,삼성SDI,2023-01-02,589377,Sell,75,"[""최근 1개월 수익률이 -17.08%로 강한 하락 추세에 있으며, 거래량 또한 -16.43% 감소하여 매수세가 위축된 상태입니다."", ""2022년 3분기 실적은 성장했으나, 현재 PER이 적자로 표시되어 있어 최근 전반적인 수익성이 악화되었음을 시사합니다."", ""52주 최고가 대비 현재 위치가 43.4% 수준으로 낮아졌으며, 단기적인 가격 모멘텀이 매우 부정적입니다.""]"
006400,삼성SDI,2023-02-01,704903,Buy,85,"[""현재가(704,903원)가 최근 애널리스트 리포트의 최저 목표주가(800,000원)보다 낮아 상당한 상승 여력이 존재함"", ""최근 1개월 수익률 21.83%와 거래량 증가율 11.25%를 통해 강력한 단기 상승 모멘텀이 확인됨"", ""2022년 3분기 매출(+56.0%)과 영업이익(+51.5%)의 가파른 성장세 및 2조 원의 영업현금흐름으로 재무적 성장 기반이 견고함""]"
006400,삼성SDI,2023-03-02,695113,Neutral,75,"[""PER가 적자로 기록되어 2022년 3분기의 높은 영업이익 성장세와 상충하는 최근의 수익성 악화 가능성이 존재함"", ""PBR 3.69 및 52주 최고가 대비 82.1%의 현재 위치는 주가 상승 여력을 제한하는 밸류에이션 부담으로 작용함"", ""애널리스트들의 목표주가는 현재가보다 높게 형성되어 있으나, 거래량 변화율이 -5.18%로 감소하며 상승 모멘텀이 약화됨""]"
006400,삼성SDI,2023-04-03,729379,Neutral,45,"[""2022년 연간 순이익은 2조 원으로 흑자였으나, 현재 PER이 적자로 표시되어 있어 최근 수익성에 대한 불확실성이 매우 높음"", ""현재 주가가 52주 최고가 대비 83.3% 수준에 위치하여 단기적인 가격 부담이 존재하는 구간임"", ""최근 1개월 수익률이 1.92%에 그쳐 주가를 상방으로 강하게 밀어 올릴 기술적 모멘텀이 부족함""]"
006400,삼성SDI,2023-05-02,685323,Neutral,60,"[""최근 1개월 수익률이 -4.76%로 단기적인 주가 하락 추세가 확인됨"", ""2022년 연간 실적은 성장했으나 현재 PER이 적자로 기록되어 최근 수익성이 급격히 악화된 것으로 판단됨"", ""현재가(685,323원)와 애널리스트 목표주가(800,000원~1,100,000원) 간의 괴리가 매우 커 하락 추세와 상승 기대감이 강하게 충돌함""]"
006400,삼성SDI,2023-06-01,693155,Buy,75,"[""1분기 매출과 영업이익이 전년 동기 대비 각각 32.2%, 16.5% 증가하며 뚜렷한 성장세를 기록함"", ""최근 애널리스트 리포트의 목표주가(887,000원)가 현재가(693,155원) 대비 높은 상승 여력을 제시함"", ""부채비율 80%의 안정적인 재무 구조와 4,924억원의 양수(+) 영업현금흐름을 보유하고 있음""]"
006400,삼성SDI,2023-07-03,701966,Buy,82,"[""2023년 1분기 매출과 영업이익이 전년 동기 대비 각각 32.2%, 16.5% 증가하며 강력한 성장세를 기록함"", ""현재가(701,966원)가 최근 애널리스트들이 제시한 목표주가(900,000원~920,000원) 대비 상승 여력이 충분함"", ""부채비율 80%의 양호한 재무 건전성과 4,924억원의 정(+)의 영업현금흐름을 통해 재무적 안정성이 확인됨""]"
006400,삼성SDI,2023-08-01,655952,Buy,82,"[""1분기 매출이 전년 동기 대비 32.2%, 영업이익이 16.5% 증가하며 견고한 성장세를 기록함"", ""현재가(655,952원)가 최근 애널리스트들의 목표 주가 범위(900,000원 ~ 1,100,000원) 대비 현저히 저평가되어 있어 상승 여력이 큼"", ""부채비율 80%의 양호한 재무 건전성과 4,924억원의 정(+)의 영업현금흐름을 통해 재무적 안정성을 확보함""]"
006400,삼성SDI,2023-09-01,583503,Neutral,65,"[""2분기 매출이 전년 동기 대비 23.2% 증가하고 영업현금흐름이 1.4조 원을 기록하는 등 펀더멘털과 재무 안정성이 양호함"", ""현재 주가가 52주 최저가 대비 20.2% 수준에 위치하여 가격 메리트가 있으나, PER이 적자로 표시되어 지표상 불확실성이 존재함"", ""최근 1개월 수익률(-8.31%)과 거래량 변화율(-39.36%)이 모두 큰 폭으로 감소하며 단기적인 상승 모멘텀이 약화된 상태임""]"
006400,삼성SDI,2023-10-04,474341,Sell,85,"[""현재 주가가 52주 최저가(474,341원)와 동일하며, 52주 내 현재 위치가 0.0%로 기술적 지지선이 무너진 상태임"", ""최근 1개월 수익률이 -20.05%로 매우 가파른 하락 추세에 있으며, 거래량 변화율이 39.11% 증가하며 하락 압력이 강해지고 있음"", ""2분기 실적은 흑자이나 PER이 적자로 기록되어 있어, 전반적인 연간 수익성 지표가 매우 부정적임""]"
006400,삼성SDI,2023-11-01,416578,Buy,75,"[""현재 주가가 52주 최저가 대비 0.7% 수준에 위치하여 하방 경직성이 확보되었으며 기술적 반등 가능성이 높음"", ""최근 5건의 애널리스트 목표주가(650,000원~1,080,000원)가 현재가 대비 매우 높게 형성되어 있어 상승 여력이 큼"", ""부채비율 78.3%의 낮은 수준과 1.4조원의 영업현금흐름을 통해 재무적 안정성과 현금 창출력이 입증됨""]"
006400,삼성SDI,2023-12-01,437627,Neutral,60,"[""현재가가 52주 최저가 대비 8.0% 수준으로 저점 부근에 위치해 있으나, 최근 1개월 수익률(-0.89%)과 거래량 변화율(-3.17%)이 모두 하락세를 보이며 상승 모멘텀이 부족함"", ""애널리스트들의 목표주가(600,000원~660,000원)는 현재가 대비 매우 높게 형성되어 있으나, 전년 동기 대비 영업이익이 12.3% 감소하며 수익성이 악화됨"", ""1.7조원의 영업현금흐름과 74.5%의 낮은 부채비율로 재무 안정성은 확보되었으나, 제공된 지표상 PER이 적자로 표기되어 밸류에이션 판단에 불확실성이 존재함""]"
006400,삼성SDI,2024-01-02,457208,Sell,75,"[""현재 주가가 52주 최저가 대비 13.3% 수준에 머물러 있어 하락 추세가 강하며, 최근 1개월 수익률 또한 마이너스를 기록하고 있음"", ""전년 동기 대비 영업이익이 12.3% 감소하며 수익성이 악화되는 추세임"", ""거래량 변화율이 -16.23%로 감소하며 주가 반등을 위한 시장의 매수 동력이 부족함""]"
006400,삼성SDI,2024-02-01,369585,Sell,85,"[""최근 1개월 수익률이 -15.45%로 강한 하락 추세에 있으며, 현재 주가 위치가 52주 최저가에 매우 근접한 6.7% 수준임"", ""재무지표상 PER이 적자로 인해 '해당없음'으로 표시되어, 2023년 3분기 흑자 기록 이후 수익성이 급격히 악화된 것으로 판단됨"", ""전년 동기 대비 영업이익이 12.3% 감소하며 실적 성장세가 둔화되고 있음""]"
006400,삼성SDI,2024-03-04,366647,Sell,85,"[""현재 주가가 52주 최저가 대비 6.1% 수준에 위치하여 강력한 하락 추세에 있습니다."", ""매출은 증가했으나 영업이익이 전년 동기 대비 12.3% 감소하며 수익성이 악화되는 모습입니다."", ""거래량 변화율이 -28.53%로 크게 감소하여 단기적인 주가 반등을 이끌 매수 모멘텀이 부족합니다.""]"
006400,삼성SDI,2024-04-01,444481,Buy,82,"[""최근 1개월 수익률 20.42%와 거래량 변화율 174.23%가 동반 상승하며 강력한 단기 상승 모멘텀이 확인됨"", ""현재가(444,481원)가 최근 애널리스트 목표주가 범위(550,000원~810,000원) 대비 현저히 낮은 수준임"", ""52주 가격 범위 내 현재 위치가 24.7%로 저점 부근에 위치하여 기술적 반등 및 회복 가능성이 높음""]"
006400,삼성SDI,2024-05-02,434201,Sell,75,"[""거래량 변화율이 -56.64%로 급감하여 시장의 매수세와 관심도가 매우 낮아진 상태입니다."", ""52주 내 현재 위치가 24.3%로 최저가 부근에 머물고 있으며, 최근 1개월 수익률 또한 -2.31%로 하락 추세가 지속되고 있습니다."", ""2023년 연간 순이익은 흑자였으나 현재 PER이 적자로 표기되어 있어, 최근 실적이 급격히 악화되었음을 시사합니다.""]"
006400,삼성SDI,2024-06-03,369095,Sell,75,"[""최근 1개월 수익률이 -13.13%이며 거래량 변화율이 -27.95%로 하락 추세와 시장 관심도 감소가 동시에 나타나고 있습니다."", ""현재 주가가 52주 최저가 대비 7.5% 수준에 위치하여 기술적으로 강한 하방 압력을 받고 있습니다."", ""전년 동기 대비 영업이익이 28.8% 감소하였고, 영업현금흐름이 -3,577억원으로 적자를 기록하여 재무적 모멘텀이 약화되었습니다.""]"
006400,삼성SDI,2024-07-01,359305,Sell,85,"[""1분기 매출이 전년 동기 대비 4.2% 감소하고 영업이익이 28.8% 급감하며 성장성과 수익성이 동시에 악화됨"", ""영업현금흐름이 -3,577억원으로 적자를 기록하여 재무적 현금 창출 능력이 저하된 상태임"", ""주가가 52주 최저가 부근(현재 위치 5.3%)에 머물고 있으며, 주력 고객사의 판매 부진이라는 부정적 전망이 제시됨""]"
006400,삼성SDI,2024-08-01,326997,Sell,85,"[""현재 주가가 52주 최저가 대비 3.7% 수준에 머물러 있으며, 최근 1개월 수익률이 -8.87%로 강한 하락 추세에 있음"", ""1분기 영업이익이 전년 동기 대비 28.8% 감소하고 영업현금흐름이 -3,577억원으로 적자를 기록하는 등 수익성과 현금 흐름이 악화됨"", ""최근 애널리스트 리포트들이 공통적으로 3분기 부진 지속, 업황 부진, 하반기 불안감을 언급하며 단기적 전망을 부정적으로 평가함""]"
006400,삼성SDI,2024-09-02,361263,Neutral,65,"[""52주 내 현재 위치가 21.1%로 저점 영역이며 최근 1개월 수익률이 10.48%로 단기 반등 추세에 있음"", ""매출액(-23.8%)과 영업이익(-37.8%)이 전년 동기 대비 큰 폭으로 감소하며 펀더멘털이 악화됨"", ""영업현금흐름이 -6,246억원으로 적자를 기록하고 있어 수익성의 질적 저하가 확인됨""]"
006400,삼성SDI,2024-10-02,363710,Sell,82,"[""2024년 2분기 매출액(-23.8%)과 영업이익(-37.8%)이 전년 동기 대비 큰 폭으로 감소하며 성장성과 수익성이 동시에 악화되었습니다."", ""영업현금흐름이 -6,246억원으로 적자를 기록하여 기업의 실질적인 현금 창출 능력이 저하된 상태입니다."", ""최근 1개월 수익률은 상승했으나 거래량 변화율이 -0.61%로 정체되어 있으며, PER이 적자로 표시되는 등 펀더멘털의 회복 근거가 부족합니다.""]"
006400,삼성SDI,2024-11-01,324549,Sell,85,"[""최근 1개월 수익률이 -12.42%이며 주가가 52주 최저가 부근(하위 14.0%)에 위치해 하락 추세가 강함"", ""2분기 매출액(-23.8%)과 영업이익(-37.8%)이 전년 동기 대비 큰 폭으로 감소하며 실적 악화가 뚜렷함"", ""영업현금흐름이 -6,246억원으로 적자이며, 최근 리포트들이 성장 정체와 4분기 기대치 하회 가능성을 일관되게 언급함""]"
006400,삼성SDI,2024-12-02,253569,Sell,85,"[""최근 1개월 수익률이 -21.87%이며 주가가 52주 최저가 부근(현재 위치 5.2%)에 머물러 있어 하락 추세가 매우 강함"", ""3분기 매출이 전년 동기 대비 29.8% 감소하고 영업이익이 72.1% 급감하는 등 실적 악화가 뚜렷함"", ""영업현금흐름이 -5,133억원으로 음수를 기록하여 재무적 현금 창출 능력이 저하된 상태임""]"
006400,삼성SDI,2025-01-02,234478,Sell,90,"[""현재 주가가 52주 최저가(0.0% 위치)에 도달했으며, 최근 1개월 수익률(-5.89%)과 거래량 변화율(-41.17%) 모두 하락 추세에 있습니다."", ""3분기 매출이 전년 동기 대비 29.8% 감소하고 영업이익이 72.1% 급감하는 등 실적 악화가 뚜렷합니다."", ""영업현금흐름이 -5,133억원으로 적자이며, 애널리스트 리포트에서도 전기차 배터리 수요 회복 지연을 명시하고 있습니다.""]"
006400,삼성SDI,2025-02-03,203638,Sell,95,"[""현재가가 52주 최저가(0.0% 위치)에 도달했으며 최근 1개월 수익률이 -15.79%로 강력한 하락 추세에 있음"", ""매출액(-29.8%)과 영업이익(-72.1%)이 전년 동기 대비 급감했으며, 최근 분기 영업적자 및 마이너스 영업현금흐름(-5,133억원)을 기록함"", ""최근 30일 내 모든 애널리스트 리포트가 '영업적자', '회복 요원', '부진한 실적' 등 단기 전망에 대해 매우 부정적인 견해를 제시함""]"
006400,삼성SDI,2025-03-04,208534,Sell,85,"[""2024년 3분기 매출이 전년 동기 대비 29.8% 감소하고 영업이익이 72.1% 급감하며 수익성이 크게 악화되었습니다."", ""영업현금흐름이 -5,133억원으로 적자를 기록하여 기업의 실질적인 현금 창출 능력이 저하된 상태입니다."", ""현재 주가가 52주 최저가 대비 2.7% 수준에 머물러 있으며 최근 1개월 수익률 또한 -4.05%로 하락 추세가 지속되고 있습니다.""]"
006400,삼성SDI,2025-04-01,189540,Sell,82,"[""전년 대비 영업이익이 76.5% 급감하고 매출이 22.6% 감소하는 등 펀더멘털의 심각한 훼손이 확인됨"", ""영업현금흐름이 -1,376억원으로 음수를 기록하여 기업의 현금 창출 능력이 저하된 상태임"", ""최근 1개월 수익률이 -13.57%로 강한 하락 추세에 있으며, 유상증자 발표는 단기적으로 주가 희석 및 하방 압력으로 작용할 가능성이 높음""]"
006400,삼성SDI,2025-05-02,173600,Sell,75,"[""전년 대비 영업이익이 76.5% 급감하고 매출액 또한 22.6% 감소하여 펀더멘털의 심각한 훼손이 확인됨"", ""영업현금흐름이 -1,376억원으로 음수를 기록하여 기업의 현금 창출 능력과 재무 안정성에 결함이 있음"", ""거래량 변화율이 -49.22%로 급감하여 주가 반등을 견인할 매수세가 부족하며 최근 1개월 수익률 또한 하락세임""]"
006400,삼성SDI,2025-06-02,172800,Sell,85,"[""2025년 1분기 영업이익이 전년 동기 대비 274.3% 급감하며 4,341억원의 적자를 기록하고 영업이익률이 -13.7%로 하락함"", ""현재 주가가 52주 최저가 대비 4.9% 수준에 머물러 있으며, 최근 1개월 수익률이 -5.88%로 하락 추세가 지속되고 있음"", ""매출액이 전년 동기 대비 34.0% 감소하여 기업의 외형 성장과 수익성이 동시에 심각하게 악화된 상태임""]"
006400,삼성SDI,2025-07-01,178200,Sell,85,"[""1분기 영업이익이 전년 동기 대비 -274.3% 급감하며 4,341억원의 적자를 기록하는 등 수익성이 심각하게 악화됨"", ""최근 애널리스트 리포트를 통해 유럽 및 북미향 배터리 출하 부진으로 인한 2분기 실적 부진이 구체적으로 예고됨"", ""매출액이 전년 동기 대비 34.0% 감소하고 주가가 52주 최저가 부근(현재 위치 8.0%)에 머무는 등 하락 추세와 펀더멘털 훼손이 뚜렷함""]"
006400,삼성SDI,2025-08-01,190000,Neutral,75,"[""1분기 영업이익이 전년동기 대비 274.3% 감소하며 4,341억원의 적자를 기록하는 등 펀더멘털이 급격히 악화되었습니다."", ""PBR 0.71배 및 52주 최저가 근접 수준(현재 위치 13.6%)으로 가격 메리트와 하방 경직성은 확보된 상태입니다."", ""애널리스트 목표주가는 현재가보다 높게 형성되어 있으나, 리포트 내 '어려운 대외환경 지속'이라는 언급이 단기 상승 모멘텀을 제한하고 있습니다.""]"
006400,삼성SDI,2025-09-01,203000,Sell,85,"[""2분기 영업이익이 전년 동기 대비 265.1% 급감하며 -12.5%의 영업이익률을 기록하는 등 펀더멘털의 심각한 훼손이 확인됨"", ""거래량 변화율이 -19.23%로 감소하며 매수세가 위축되었고, 최근 1개월 수익률이 0.99%에 그쳐 주가 반등 모멘텀이 부족함"", ""52주 최저가 대비 현재 위치가 19.5%로 매우 낮아 하락 추세가 강하며, 애널리스트 리포트 또한 4분기 흑전이라는 미래 기대감에 의존하고 있어 단기(20거래일) 내 상승 근거가 희박함""]"
006400,삼성SDI,2025-10-01,204000,Sell,85,"[""2025년 2분기 영업이익이 전년 동기 대비 265.1% 급감하며 -12.5%의 영업이익률을 기록하는 등 수익성이 심각하게 악화됨"", ""매출액이 전년 동기 대비 22.2% 감소하고 순이익이 적자로 전환되어 펀더멘털의 하락세가 뚜렷함"", ""거래량 변화율이 -9.46%로 감소하며 매수세가 약화된 가운데, 주가가 52주 최저가 부근(위치 20.0%)에 있어 추가 하락 가능성이 높음""]"
006400,삼성SDI,2025-11-03,327000,Sell,85,"[""최근 1개월 수익률이 61.48%로 급등하며 52주 최고가 대비 92.2% 수준에 도달해 단기 과열에 따른 조정 가능성이 매우 높음"", ""2분기 영업이익이 전년 동기 대비 265.1% 감소한 -3,978억원(영업이익률 -12.5%)을 기록하며 펀더멘털이 심각하게 훼손됨"", ""3분기 실적이 컨센서스를 하회했다는 리포트와 ROE 3.0% 대비 PER 39.9배라는 고평가 상태가 주가 하락 압력으로 작용할 가능성이 큼""]"
006400,삼성SDI,2025-12-01,299000,Sell,85,"[""3분기 영업이익이 전년 동기 대비 555.2% 급감하고 영업이익률이 -19.4%를 기록하는 등 실적 악화가 매우 심각함"", ""최근 1개월 수익률이 -7.14%이며 거래량 변화율이 -49.40%로 급감하여 하락 추세 속에서 매수 동력이 상실됨"", ""ROE가 3.1%로 매우 낮아 자본 효율성이 저하된 상태이며, 현재의 실적 부진 대비 PER 36.5배는 밸류에이션 부담이 큼""]"
005380,현대차,2023-01-02,157000,Neutral,40,"[""PBR 0.39와 PER 8.3으로 지표상 극심한 저평가 상태이며 52주 최저가에 근접해 있어 하방 경직성이 예상됩니다."", ""최근 1개월 수익률 -8.45%와 거래량 변화율 -13.60%는 단기 하락 추세와 시장 관심도 감소를 나타내는 부정적 신호입니다."", ""매출액은 전년 동기 대비 30.6% 증가했으나 영업이익은 3.4% 감소하여 외형 성장과 수익성 간의 괴리가 발생하고 있습니다.""]"
005380,현대차,2023-02-01,170000,Buy,85,"[""PBR 0.42와 PER 9.0으로 자산 가치 및 수익 가치 대비 주가가 매우 저평가되어 있음"", ""최근 1개월 수익률 12.58%와 거래량 변화율 12.89%가 동반 상승하며 단기 상승 모멘텀이 확인됨"", ""현재가(170,000원)가 최근 애널리스트들의 목표 주가 범위(220,000원~250,000원) 대비 상당한 상승 여력을 보유함""]"
005380,현대차,2023-03-02,178500,Buy,75,"[""PBR 0.44와 PER 9.4로 기업 가치 대비 주가가 매우 저평가되어 있는 상태입니다."", ""최근 애널리스트 목표주가(220,000원~225,000원)가 현재가(178,500원) 대비 상당한 상승 여력을 보여줍니다."", ""매출액이 전년 동기 대비 30.6% 증가하고 7.1조원의 강력한 영업현금흐름을 확보하여 펀더멘털이 견고합니다.""]"
005380,현대차,2023-04-03,183600,Buy,85,"[""PER 6.4 및 PBR 0.41로 기업의 자산 및 수익 가치 대비 주가가 매우 저평가되어 있습니다."", ""2022년 영업이익이 전년 대비 47% 증가하고 10.6조원의 강력한 영업현금흐름을 기록하며 성장성과 수익성을 입증했습니다."", ""최근 1개월 수익률이 4.26%로 단기적인 주가 상승 모멘텀이 형성되어 있습니다.""]"
005380,현대차,2023-05-02,201500,Buy,85,"[""PBR 0.45 및 PER 7.1로 기업 가치 대비 주가가 매우 저평가되어 있으며, 애널리스트 목표주가(250,000원~280,000원)와 현재가 간의 괴리율이 큽니다."", ""2022년 영업이익이 전년 대비 47% 증가하고 10.6조원의 강력한 영업현금흐름을 기록하는 등 펀더멘털의 성장세가 뚜렷합니다."", ""현재 주가가 52주 최고가 대비 99% 수준에 도달한 상태에서 거래량이 63.11% 급증하며 강력한 상방 돌파 모멘텀을 보이고 있습니다.""]"
005380,현대차,2023-06-01,197500,Neutral,75,"[""1분기 영업이익이 전년 동기 대비 86.2% 증가하고 PBR 0.44배로 매우 저평가되어 있어 펀더멘털 측면의 하방 경직성이 강함"", ""현재 주가가 52주 최고가 대비 78.8% 위치에 있어 단기적인 가격 저항 구간에 진입한 상태임"", ""최근 1개월 수익률이 0.00%로 정체되어 있고 거래량 변화율이 -23.36%로 감소하며 단기 상승 모멘텀이 부족함""]"
005380,현대차,2023-07-03,208500,Buy,85,"[""전년 동기 대비 영업이익이 86.2% 급증하는 등 강력한 실적 성장세와 PBR 0.47, PER 7.3의 매우 낮은 밸류에이션을 기록하고 있습니다."", ""현재가(208,500원)가 최근 애널리스트들의 목표 주가 범위(270,000원~320,000원) 대비 상당한 저평가 상태입니다."", ""최근 1개월 수익률이 5.57%로 상승 추세에 있으며, 52주 최고가(210,000원) 돌파를 앞둔 강한 모멘텀을 보이고 있습니다.""]"
005380,현대차,2023-08-01,199400,Buy,88,"[""PER 7.0 및 PBR 0.45로 기업의 자산 및 수익 가치 대비 현저히 저평가된 상태이다."", ""1분기 영업이익이 전년 동기 대비 86.2% 급증하며 강력한 펀더멘털 성장세를 증명했다."", ""현재가(199,400원)가 최근 애널리스트들의 목표주가 범위(250,000원~300,000원) 대비 상승 여력이 매우 크다.""]"
005380,현대차,2023-09-01,187400,Neutral,65,"[""PER 6.6, PBR 0.42의 저평가 상태와 2분기 영업이익 42.2% 증가라는 강력한 실적 성장세가 확인됩니다."", ""최근 1개월 수익률이 -2.65%이며 거래량 변화율이 -36.97%로 급감하여 단기 상승 모멘텀이 부족합니다."", ""영업이익 증가에도 불구하고 영업현금흐름이 -1,471억원으로 음수를 기록하여 재무적 불확실성이 존재합니다.""]"
005380,현대차,2023-10-04,190800,Neutral,85,"[""PER 6.7, PBR 0.43 및 전년 대비 영업이익 42.2% 증가 등 밸류에이션과 성장성 지표는 매우 긍정적임"", ""영업이익(4.2조원) 규모에 비해 영업현금흐름(-1,471억원)이 음수로 기록되어 이익의 현금 전환 능력 및 수익의 질에 대한 불확실성이 매우 큼"", ""거래량 변화율(-13.36%) 감소와 낮은 최근 1개월 수익률(1.60%)로 인해 단기적인 주가 상승 모멘텀이 부족함""]"
005380,현대차,2023-11-01,170300,Buy,82,"[""PER 6.0 및 PBR 0.38로 밸류에이션이 극도로 저평가되어 있으며, 52주 가격 위치가 32.7%로 하방 경직성이 확보된 구간임"", ""2분기 영업이익이 전년 동기 대비 42.2% 증가하고 영업이익률 10%를 기록하는 등 강력한 펀더멘털 성장세를 보임"", ""최근 1개월 수익률은 -10.70%로 하락했으나, 분석가들의 평균 목표주가(약 28만원)와 현재가 사이의 괴리율이 매우 커 상승 여력이 높음""]"
005380,현대차,2023-12-01,182800,Buy,70,"[""PBR 0.41 및 PER 6.4로 기업 가치가 시장 평균 대비 매우 저평가되어 있음"", ""전년 동기 대비 영업이익이 146.3% 급증하며 강력한 수익성 성장세를 증명함"", ""최근 1개월 수익률이 6.28%로 상승 추세이며, 애널리스트 목표주가(260,000원~290,000원)와 현재가의 괴리율이 매우 큼""]"
005380,현대차,2024-01-02,200500,Buy,85,"[""PER 7.0 및 PBR 0.45로 밸류에이션이 매우 저평가되어 있으며, 애널리스트 목표주가(260,000원~300,000원)와 현재가 간의 괴리율이 큽니다."", ""3분기 영업이익이 전년 동기 대비 146.3% 급증하며 강력한 실적 성장세를 증명했습니다."", ""최근 1개월 수익률 8.50%와 거래량 변화율 25.44% 증가를 통해 단기 상승 모멘텀이 확인됩니다.""]"
005380,현대차,2024-02-01,208000,Buy,82,"[""PER 7.3, PBR 0.47의 매우 낮은 밸류에이션과 전년 동기 대비 146.3% 증가한 영업이익 성장세가 강력한 하방 지지선을 형성함"", ""최근 5건의 애널리스트 리포트 목표주가가 최저 240,000원에서 최고 300,000원으로 현재가 대비 상당한 상승 여력을 제시함"", ""최근 1개월 수익률 7.33% 상승 및 거래량 29.05% 증가로 인해 52주 최고가(210,000원) 돌파를 시도하는 단기 상승 모멘텀이 확인됨""]"
005380,현대차,2024-03-04,255500,Neutral,85,"[""현재가가 52주 최고가(100%)에 도달했으며 최근 1개월 수익률이 34.47%로 급증하여 단기적 가격 부담 및 차익 실현 매물 출회 가능성이 높음"", ""PBR 0.58의 극심한 저평가 상태와 전년 동기 대비 146.3% 증가한 영업이익, 애널리스트들의 상향된 목표주가는 강력한 상승 모멘텀으로 작용함"", ""영업이익의 가파른 성장에도 불구하고 영업현금흐름이 -3,498억원으로 음수를 기록하고 있어 실제 현금 창출 능력에 대한 불확실성이 존재함""]"
005380,현대차,2024-04-01,227500,Neutral,75,"[""PER 4.8 및 PBR 0.46으로 밸류에이션 매력도가 매우 높으며 2023년 영업이익이 전년 대비 54% 증가하는 등 펀더멘털이 강력함"", ""최근 1개월 수익률 -9.18%와 거래량 변화율 -55.28%로 단기 하락 추세 및 시장 관심도 급감이 뚜렷함"", ""영업이익 성장에도 불구하고 영업현금흐름이 -2.5조원으로 적자를 기록하여 재무적 불확실성이 존재함""]"
005380,현대차,2024-05-02,249000,Buy,82,"[""PER 5.2 및 PBR 0.50으로 밸류에이션이 매우 저평가되어 있어 가격 메리트가 높음"", ""최근 5건의 애널리스트 리포트 목표주가가 최저 290,000원에서 최고 350,000원으로 현재가 대비 상당한 상승 여력을 제시함"", ""2023년 영업이익이 전년 대비 54.0% 증가하며 강력한 실적 성장세를 증명함""]"
005380,현대차,2024-06-03,265000,Neutral,65,"[""PER 5.6, PBR 0.53으로 밸류에이션 지표는 매우 저평가되어 있어 하방 경직성을 확보함"", ""주가가 52주 최고가 대비 88.8% 수준까지 상승한 상태에서 거래량이 15.95% 감소하여 단기 상승 모멘텀이 둔화됨"", ""영업현금흐름이 -9,426억원으로 적자 전환되었고 부채비율이 182.1%로 높아 재무적 리스크가 존재함""]"
005380,현대차,2024-07-01,286000,Buy,80,"[""PER 6.0, PBR 0.58의 매우 낮은 밸류에이션과 애널리스트 목표주가(330,000원~350,000원) 사이의 상당한 괴리가 존재함"", ""최근 1개월 수익률 11.28% 및 거래량 증가(10.88%)를 통해 강한 단기 상승 모멘텀이 확인됨"", ""인도법인 IPO 및 주주환원 확대라는 구체적인 주가 상승 촉매제가 최근 리포트를 통해 제시됨""]"
005380,현대차,2024-08-01,253500,Neutral,60,"[""PER 5.3, PBR 0.51의 극심한 저평가 상태와 애널리스트들의 높은 목표주가(340,000원~370,000원)는 강력한 상승 잠재력을 시사함"", ""최근 1개월 수익률 -8.15% 및 거래량 변화율 -17.88%로 단기적인 주가 흐름과 시장의 관심도가 하락 추세에 있음"", ""영업현금흐름의 마이너스 기록(-9,426억원)과 182.1%의 높은 부채비율이 단기 재무 안정성에 불확실성을 제공함""]"
005380,현대차,2024-09-02,246000,Buy,85,"[""PER 5.2 및 PBR 0.49로 기업의 수익성과 자산 가치 대비 주가가 매우 저평가된 상태임"", ""최근 애널리스트 리포트 5건의 목표주가 평균이 약 364,000원으로 현재가 대비 상승 여력이 매우 높음"", ""강화된 주주환원정책과 CEO Investor Day 이후 9~10월 주목이라는 구체적인 단기 상승 모멘텀이 제시됨""]"
005380,현대차,2024-10-02,237000,Neutral,65,"[""PER 5.0 및 PBR 0.48로 밸류에이션 매력도는 매우 높으나, 최근 1개월 수익률이 -8.49%로 단기 하락 추세에 있음"", ""2분기 영업이익 증가율이 +0.7%에 그쳐 실적 성장세가 정체되어 있으며 단기 주가 상승을 견인할 모멘텀이 부족함"", ""목표주가(330,000원)와 현재가의 괴리율은 크지만, 거래량 변화율(-1.11%)이 낮아 단기적인 추세 전환 신호가 불분명함""]"
005380,현대차,2024-11-01,213500,Buy,82,"[""PER 4.5 및 PBR 0.43의 지표는 ROE 9.6% 대비 극심한 저평가 상태임을 나타냅니다."", ""최근 발행된 5건의 애널리스트 리포트 목표주가 평균(약 347,000원)가 현재가 대비 약 62% 이상의 높은 상승 여력을 제시하고 있습니다."", ""최근 1개월 수익률은 -12.5%로 하락세이나, 52주 가격 위치가 34.1%로 낮아 기술적 반등 가능성이 높은 구간입니다.""]"
005380,현대차,2024-12-02,216000,Buy,85,"[""PER 4.5, PBR 0.43으로 밸류에이션이 매우 낮으며, ROE 9.5% 대비 주가가 저평가되어 있음"", ""최근 1조원 규모의 자기주식 취득 공시라는 강력한 단기 주가 상승 촉매제가 발생함"", ""현재가가 52주 최고가 대비 30.4% 수준에 위치하며, 애널리스트 목표주가(310,000원~380,000원)와 괴리율이 매우 큼""]"
005380,현대차,2025-01-02,211500,Sell,78,"[""전년 동기 대비 영업이익이 6.5% 감소하였으며, 영업현금흐름이 -1.7조원으로 적자를 기록하여 수익성 및 현금 창출 능력이 악화됨"", ""최근 1개월 수익률이 -3.20%이며 거래량 변화율이 -26.84%로 급감하여 단기 주가 모멘텀이 약화된 상태임"", ""낮은 PER과 PBR에도 불구하고 부채비율이 174.5%로 높고 실적 성장세가 꺾여 단기적인 반등 근거가 부족함""]"
005380,현대차,2025-02-03,202000,Buy,82,"[""PER 4.2 및 PBR 0.41로 밸류에이션이 극도로 저평가되어 있으며, 현재 주가가 52주 최저가에 근접한 18.6% 위치에 있어 기술적 반등 가능성이 높음"", ""최근 5건의 애널리스트 리포트가 모두 280,000원에서 360,000원의 목표주가를 제시하며 현재가 대비 매우 높은 상승 여력을 전망함"", ""최근 1개월 수익률은 -7.13%로 하락세이나, 거래량 변화율이 30.38% 증가하며 저점에서의 매수세 유입 신호가 포착됨""]"
005380,현대차,2025-03-04,190300,Sell,75,"[""현재가가 52주 최저가(0.0% 위치)에 도달했으며 최근 1개월 수익률이 -7.62%로 강한 하락 추세에 있음"", ""영업현금흐름이 -1.7조원으로 적자를 기록하여 단기적인 재무 건전성 및 현금 창출 능력에 결함이 발견됨"", ""전년 동기 대비 영업이익이 6.5% 감소하며 수익성이 하락하는 추세임""]"
005380,현대차,2025-04-01,198600,Buy,75,"[""PER 4.2 및 PBR 0.34로 밸류에이션이 극도로 저평가되어 있어 가격 메리트가 매우 높음"", ""현재 주가가 52주 최저가 대비 7.7% 수준에 위치하여 하방 경직성이 확보되었으며 기술적 반등 가능성이 큼"", ""최근 애널리스트 목표주가(310,000원)와 현재가 사이의 괴리율이 매우 커 단기 상승 여력이 충분함""]"
005380,현대차,2025-05-02,189400,Buy,75,"[""PER 4.0 및 PBR 0.32로 재무 지표상 극심한 저평가 상태에 있음"", ""현재 주가가 52주 최저가 대비 9.9% 수준에 위치하여 기술적 반등 가능성이 매우 높음"", ""최근 발행된 5건의 리포트 평균 목표주가(약 286,000원)가 현재가 대비 약 51%의 높은 상승 여력을 제시함""]"
005380,현대차,2025-06-02,184000,Neutral,45,"[""PER 3.9, PBR 0.31의 극심한 저평가 상태와 2025년 1분기 매출 및 영업이익의 성장은 강력한 펀더멘털 지지 근거가 됨"", ""최근 1개월 수익률 -4.56%와 거래량 변화율 -21.94%는 단기적인 매수 모멘텀의 부재와 하락 추세를 나타냄"", ""주가가 52주 최저가 대비 5.4% 상단에 위치하여 저가 매수세 유입 가능성과 추가 하락 우려가 팽팽하게 대립함""]"
005380,현대차,2025-07-01,210000,Buy,85,"[""PER 4.4 및 PBR 0.36으로 기업 가치가 매우 저평가되어 있으며, 52주 내 현재 위치가 27.0%로 가격 메리트가 높습니다."", ""최근 1개월 수익률 9.95%와 거래량 변화율 43.09% 증가를 통해 단기적인 추세 전환 및 수급 개선이 확인됩니다."", ""최근 리포트의 목표주가 265,000원은 현재가 대비 약 26%의 상승 여력이 있으며, 매출과 영업이익이 전년 동기 대비 모두 성장했습니다.""]"
005380,현대차,2025-08-01,210000,Buy,88,"[""PER 4.4 및 PBR 0.36으로 기업의 수익 및 자산 가치 대비 주가가 매우 저평가되어 있습니다."", ""최근 5건의 애널리스트 리포트가 모두 현재가(210,000원)보다 훨씬 높은 250,000~270,000원의 목표주가를 제시하며 상방 가능성을 지지하고 있습니다."", ""2025년 1분기 매출이 전년 동기 대비 9.2% 증가하고 영업이익 또한 성장하며 펀더멘털의 견조함을 입증했습니다.""]"
005380,현대차,2025-09-01,220500,Neutral,75,"[""PER 4.7 및 PBR 0.38로 지표상 매우 저평가된 상태이나, 전년 동기 대비 영업이익이 15.8% 감소하며 수익성이 악화됨"", ""거래량 변화율이 -47.25%로 크게 감소하여 단기적인 주가 상승을 견인할 모멘텀이 부족함"", ""매출 성장(+7.2%)과 저평가 매력은 존재하지만, 높은 부채비율(179.5%)과 이익 감소가 상충하여 방향성이 불분명함""]"
005380,현대차,2025-10-01,215500,Buy,85,"[""PER 4.5 및 PBR 0.37로 기업의 자산 가치와 수익성 대비 주가가 매우 저평가된 상태임"", ""최근 5건의 애널리스트 리포트 목표주가가 최저 250,000원에서 최고 300,000원으로 현재가 대비 높은 상승 여력을 제시함"", ""영업이익은 전년 동기 대비 감소했으나 매출액이 7.2% 성장하고 영업현금흐름이 양수(+)를 기록하며 펀더멘털을 유지하고 있음""]"
005380,현대차,2025-11-03,291500,Neutral,60,"[""현재가가 52주 최고가(100%)에 도달했으며 최근 1개월 수익률이 35.90%로 급증하여 단기 가격 부담 및 저항 가능성이 높음"", ""PER 6.2, PBR 0.50의 매우 낮은 밸류에이션과 애널리스트들의 평균 목표주가(약 311,000원)는 추가 상승 여력을 지지함"", ""매출은 증가했으나 영업이익이 전년 동기 대비 15.8% 감소하여, 최근의 주가 상승세와 실적 펀더멘털 사이에 괴리가 존재함""]"
005380,현대차,2025-12-01,254500,Sell,75,"[""전년 동기 대비 영업이익이 29.1% 급감하며 수익성이 크게 악화되었습니다."", ""영업현금흐름이 -3.9조원으로 적자를 기록하여 재무적 효율성과 현금 창출 능력에 심각한 문제가 발견되었습니다."", ""최근 1개월 수익률 -12.24%와 거래량 변화율 -48.06%가 동시에 나타나며 하락 추세와 매수세 위축이 뚜렷합니다.""]"
000270,기아,2023-01-02,61500,Neutral,40,"[""PER 5.2, PBR 0.69 및 52주 최저가 대비 8.0% 수준의 낮은 가격 위치는 밸류에이션 측면에서 강력한 하방 경직성을 시사함"", ""전년 동기 대비 영업이익이 42.1% 급감하고 영업이익률이 3.3%에 불과하여 수익성 악화가 뚜렷함"", ""최근 1개월 수익률 -10.35%와 거래량 변화율 -11.90%는 단기적인 하락 모멘텀이 여전히 강함을 나타냄""]"
000270,기아,2023-02-01,69500,Buy,85,"[""PER 5.8, PBR 0.78의 저평가 상태이며, 현재가(69,500원)가 애널리스트 목표주가 범위(85,000원~110,000원) 대비 상승 여력이 매우 높음"", ""최근 1개월 수익률 17.20%와 거래량 변화율 29.43% 증가를 통해 단기적인 주가 상승 모멘텀과 시장의 관심도가 강화되고 있음"", ""영업이익 감소에도 불구하고 8.6조원의 강력한 영업현금흐름을 보유하여 재무적 안정성과 펀더멘털의 기초 체력이 견고함""]"
000270,기아,2023-03-02,77800,Neutral,75,"[""PER 6.5 및 PBR 0.87의 낮은 밸류에이션과 8.6조원의 강력한 영업현금흐름이 하방 경직성을 확보함"", ""매출은 30.5% 증가했으나 영업이익이 전년동기 대비 42.1% 급감하며 수익성 지표가 크게 악화됨"", ""최근 1개월 수익률(+16.47%)은 높으나 거래량 변화율(-15.62%)이 감소하며 단기 상승 모멘텀의 둔화 가능성이 존재함""]"
000270,기아,2023-04-03,81200,Buy,85,"[""PER 6.0 및 PBR 0.81로 밸류에이션이 매우 낮으며, ROE 13.5%로 수익성 지표가 우수함"", ""2022년 매출(+23.9%)과 영업이익(+42.8%)의 가파른 성장세 및 9.3조원의 강력한 영업현금흐름을 보유함"", ""최근 애널리스트 목표주가가 100,000원~105,000원으로 제시되어 현재가(81,200원) 대비 상승 여력이 충분함""]"
000270,기아,2023-05-02,86900,Buy,85,"[""PER 6.4 및 PBR 0.86으로 재무 지표상 저평가 상태이며, ROE 13.3%로 효율적인 수익성을 유지하고 있음"", ""2022년 영업이익이 전년 대비 42.8% 증가하고 영업현금흐름이 9.3조 원에 달하는 등 강력한 펀더멘털을 보유함"", ""현재가(86,900원)가 최근 애널리스트들의 최저 목표주가(110,000원)와 비교해 상당한 상승 여력이 존재함""]"
000270,기아,2023-06-01,84200,Buy,75,"[""PER 6.2 및 PBR 0.84로 지표상 기업 가치 대비 주가가 매우 저평가되어 있음"", ""1분기 영업이익이 전년 동기 대비 78.9% 증가하고 ROE 13.5%를 기록하는 등 강력한 수익성과 성장성을 입증함"", ""최근 거래량 감소와 주가 정체 구간에 있으나, 분석 리포트의 목표주가(130,000원) 대비 상승 여력이 매우 높음""]"
000270,기아,2023-07-03,88500,Buy,88,"[""PER 6.6, PBR 0.88로 밸류에이션이 저평가되어 있으며 ROE 13.4%로 수익성이 양호함"", ""1분기 영업이익이 전년 동기 대비 78.9% 급증하고 영업이익률 12.1%를 기록하는 등 강력한 실적 성장세를 보임"", ""현재가(88,500원)가 최근 애널리스트 목표주가(110,000원~155,000원) 대비 상승 여력이 매우 높음""]"
000270,기아,2023-08-01,83300,Buy,85,"[""PER 6.2 및 PBR 0.83으로 밸류에이션이 매우 낮으며, ROE 13.4%로 수익성 지표가 우수함"", ""1분기 영업이익이 전년 동기 대비 78.9% 급증하고 영업이익률 12.1%를 기록하는 등 강력한 실적 성장세를 보임"", ""현재가(83,300원)가 최근 애널리스트들의 최저 목표주가(100,000원)와 비교해도 상당한 상승 여력이 존재함""]"
000270,기아,2023-09-01,79700,Buy,85,"[""PER 5.9 및 PBR 0.79로 기업의 수익성과 자산 가치 대비 주가가 매우 저평가되어 있음"", ""전년 동기 대비 영업이익이 52.3% 급증하고 영업이익률 13.0%를 기록하는 등 강력한 실적 성장세를 보임"", ""부채비율 82.6%의 안정적인 재무 구조와 6.6조원의 풍부한 영업현금흐름을 보유하고 있음""]"
000270,기아,2023-10-04,81900,Buy,85,"[""PER 6.1 및 PBR 0.81로 수익성과 자산 가치 대비 주가가 현저히 저평가되어 있음"", ""전년 동기 대비 영업이익 52.3%, 매출 20.0% 증가라는 강력한 실적 성장세를 기록함"", ""ROE 13.3%의 높은 수익성과 6.6조 원의 풍부한 영업현금흐름으로 재무 건전성이 매우 우수함""]"
000270,기아,2023-11-01,77400,Buy,92,"[""PER 5.7배와 PBR 0.77배로 밸류에이션이 매우 낮으며, ROE 13.4%로 수익성 또한 양호함"", ""2분기 영업이익이 전년 동기 대비 52.3% 급증하고 영업현금흐름이 6.6조 원에 달하는 강력한 펀더멘털을 보유함"", ""현재가(77,400원)가 최근 애널리스트들의 최저 목표주가(120,000원)와 비교해 매우 큰 괴리율을 보이며 상승 여력이 높음""]"
000270,기아,2023-12-01,85800,Buy,92,"[""3분기 영업이익이 전년 동기 대비 272.9% 증가하며 폭발적인 실적 성장세를 기록함"", ""PER 6.4배와 PBR 0.85배로 수익성(ROE 13.4%) 대비 저평가 상태이며, 애널리스트 목표주가(120,000~130,000원)와 현재가 간의 괴리율이 매우 큼"", ""11조 원의 강력한 영업현금흐름과 80%의 안정적인 부채비율을 통해 재무적 건전성이 확보됨""]"
000270,기아,2024-01-02,97600,Buy,90,"[""전년 동기 대비 영업이익이 272.9% 폭증하고 11조 원의 강력한 영업현금흐름을 기록하며 펀더멘털이 매우 견고함"", ""PER 7.2, PBR 0.97의 저평가 상태이며, 애널리스트 목표주가(125,000원~130,000원) 대비 현재가 상승 여력이 충분함"", ""최근 1개월 수익률 13.49%의 강한 상승 모멘텀을 유지하며 52주 최고가(100,000원) 돌파를 시도하는 구간임""]"
000270,기아,2024-02-01,106300,Buy,85,"[""PER 7.9배와 ROE 13.3%로 수익성 대비 저평가 상태이며, 영업현금흐름이 11조 원으로 매우 강력한 재무 건전성을 보유하고 있음"", ""전년 동기 대비 영업이익이 272.9% 급증하는 등 폭발적인 실적 성장세가 확인됨"", ""현재가가 52주 최고가에 도달했으나, 최근 분석 리포트들의 평균 목표주가(약 126,000원)가 현재가 대비 약 18% 이상의 상승 여력을 제시함""]"
000270,기아,2024-03-04,125600,Buy,85,"[""전년 동기 대비 영업이익이 272.9% 급증하고 11조 원의 강력한 영업현금흐름을 보유하여 펀더멘털이 매우 우수함"", ""PER 9.3배의 저평가 상태이며, 애널리스트 목표주가(150,000원)가 현재가 대비 약 19.4%의 상승 여력을 보유함"", ""최근 1개월 수익률 28.16%와 거래량 변화율 107.8%를 통해 강력한 상승 모멘텀과 시장의 관심이 집중되고 있음""]"
000270,기아,2024-04-01,108700,Neutral,85,"[""PER 4.9, PBR 0.91, ROE 18.6% 등 재무 지표는 기업 가치 대비 주가가 매우 저평가되어 있어 강력한 상승 근거가 됨"", ""최근 1개월 수익률 -12.69% 및 거래량 변화율 -41.08%는 단기 하락 추세와 매수 심리 위축이 뚜렷함을 나타냄"", ""목표주가(140,000원)와 현재가의 괴리는 크나, 리포트 내 EV 부문의 부정적 언급이 단기적인 불확실성 요인으로 작용함""]"
000270,기아,2024-05-02,119600,Buy,92,"[""PER 5.4배의 저평가 상태와 ROE 18.5%의 높은 수익성이 결합되어 밸류에이션 매력이 매우 높음"", ""2023년 영업이익이 전년 대비 60.5% 급증하고 11.3조원의 강력한 영업현금흐름을 확보하여 펀더멘털이 매우 견고함"", ""최근 분석 리포트들의 목표주가(140,000원~160,000원)가 현재가 대비 최소 17% 이상의 상승 여력을 제시하고 있음""]"
000270,기아,2024-06-03,120700,Neutral,75,"[""PER 5.4와 ROE 18.6%는 기업의 펀더멘털과 수익성이 매우 우수함을 나타냅니다."", ""2024년 1분기 매출과 영업이익이 전년 동기 대비 각각 10.7%, 19.2% 증가하며 견조한 성장세를 보이고 있습니다."", ""현재 주가가 52주 최고가 대비 84.9% 수준에 위치해 있고 거래량 변화율이 -28.11%로 급감하여 단기 상승 모멘텀이 약화된 상태입니다.""]"
000270,기아,2024-07-01,128600,Neutral,85,"[""PER 5.8 및 ROE 18.6%로 밸류에이션 매력과 수익성이 매우 우수한 상태임"", ""2024년 1분기 영업이익이 전년 동기 대비 19.2% 증가하며 강력한 실적 성장세를 기록함"", ""현재 주가가 52주 최고가의 93.3% 수준에 도달하여 단기적인 가격 저항 및 조정 가능성이 존재함""]"
000270,기아,2024-08-01,112100,Buy,85,"[""PER 5.1, PBR 0.94의 매우 낮은 밸류에이션과 ROE 18.6%의 높은 수익성이 결합되어 저평가 매력이 매우 높음"", ""1분기 매출(+10.7%)과 영업이익(+19.2%)의 성장세 및 13.1%의 높은 영업이익률로 펀더멘털이 강력함"", ""현재가(112,100원)가 최근 애널리스트들의 목표주가 범위(150,000원~195,000원) 대비 상당한 상승 여력을 보유함""]"
000270,기아,2024-09-02,106100,Buy,85,"[""PER 4.8 및 PBR 0.89로 수익성과 자산 가치 대비 주가가 매우 저평가된 상태임"", ""ROE 18.6%와 영업이익률 13.2%라는 높은 지표를 통해 강력한 수익 창출 능력을 입증함"", ""2분기 매출과 영업이익이 전년 동기 대비 각각 5.0%, 7.1% 성장했으며 6조 원의 풍부한 영업현금흐름으로 재무 안정성이 매우 높음""]"
000270,기아,2024-10-02,98700,Buy,85,"[""PER 4.5 및 PBR 0.83으로 기업의 수익성과 자산 가치 대비 주가가 매우 저평가되어 있습니다."", ""ROE 18.6%와 영업이익률 13.2%라는 높은 수익성을 유지하며 전년 동기 대비 매출과 영업이익이 각각 5.0%, 7.1% 성장했습니다."", ""부채비율 69.3%의 안정적인 재무 구조와 6조 원의 강력한 영업현금흐름을 확보하고 있어 하방 경직성이 강할 것으로 판단됩니다.""]"
000270,기아,2024-11-01,94300,Buy,92,"[""PER 4.2, PBR 0.79, ROE 18.6%로 수익성 대비 주가가 극도로 저평가된 상태이다."", ""최근 5건의 애널리스트 리포트 모두 현재가보다 훨씬 높은 목표주가(140,000원~160,000원)를 제시하며 3분기 실적 하락을 일회성 비용으로 분석하고 있다."", ""부채비율 69.3%의 낮은 재무 리스크와 6조 원의 강력한 영업현금흐름을 통해 펀더멘털의 안정성이 확인된다.""]"
000270,기아,2024-12-02,94200,Buy,85,"[""PER 4.2, PBR 0.79, ROE 18.6%로 수익성 대비 주가가 극도로 저평가된 상태임"", ""부채비율 67.5%의 낮은 재무 리스크와 10조 원의 강력한 영업현금흐름으로 재무 안정성이 매우 높음"", ""현재가가 52주 가격 범위 내 하단(22.6%)에 위치하며, 애널리스트 목표주가(150,000원)와 괴리율이 매우 커 상승 여력이 충분함""]"
000270,기아,2025-01-02,101600,Buy,95,"[""PER 4.6, PBR 0.85의 저평가 상태와 ROE 18.6%의 높은 수익성이 결합되어 밸류에이션 매력이 매우 높음"", ""자사주 매입/소각 규모 2배 확대 및 주주환원율(TSR) 35% 상향 등 강력한 주주가치 제고 계획이 발표됨"", ""최근 5건의 애널리스트 리포트 목표주가가 최저 120,000원에서 최고 160,000원으로 현재가 대비 상당한 상승 여력을 제시함""]"
000270,기아,2025-02-03,96100,Buy,85,"[""PER 4.3, PBR 0.81의 매우 낮은 밸류에이션과 ROE 18.7%의 높은 수익성이 극명한 대비를 이룸"", ""현재가가 52주 최저가 부근(위치 19.7%)에 머물고 있으며, 애널리스트 목표주가(140,000~150,000원)와 괴리율이 매우 큼"", ""부채비율 67.5%의 안정적인 재무 구조와 10조 원 규모의 강력한 영업현금흐름을 보유함""]"
000270,기아,2025-03-04,93300,Buy,85,"[""PER 4.2 및 PBR 0.78로 기업의 수익성과 자산 가치 대비 주가가 매우 저평가되어 있습니다."", ""ROE 18.5%와 10조 원의 영업현금흐름을 통해 강력한 수익 창출 능력과 재무 안정성을 입증하고 있습니다."", ""현재 주가가 52주 최저가 부근(위치 6.0%)에 머물고 있어 기술적 반등 가능성이 높은 구간입니다.""]"
000270,기아,2025-04-01,93200,Buy,95,"[""PER 3.7, PBR 0.65의 극심한 저평가 상태이며 ROE 17.4%로 높은 수익성을 유지하고 있음"", ""3,500억원 규모의 자기주식 취득 및 소각 예정이라는 강력한 주주 환원 모멘텀이 존재함"", ""주가가 52주 최저가 부근(위치 5.8%)에 머물러 하방 경직성을 확보한 상태에서 거래량이 25.67% 증가하며 반등 신호를 보임""]"
000270,기아,2025-05-02,89400,Buy,85,"[""PER 3.6, PBR 0.63의 극심한 저평가 상태이며 ROE 17.6%로 수익성이 매우 높음"", ""현재가가 52주 최저가 부근(위치 14.7%)에 있어 하방 경직성이 확보되었으며, 최근 리포트의 목표주가(115,000원~140,000원)와 괴리율이 매우 큼"", ""부채비율 66.1%의 낮은 재무 리스크와 12.6조원의 강력한 영업현금흐름을 통해 펀더멘털의 안정성이 입증됨""]"
000270,기아,2025-06-02,88400,Neutral,75,"[""PER 3.5, PBR 0.62의 매우 낮은 밸류에이션과 ROE 17.5%의 높은 수익성으로 하방 경직성이 확보됨"", ""전년 동기 대비 영업이익이 12.2% 감소하며 단기적인 수익성 악화 추세가 확인됨"", ""52주 최저가 근접(위치 12.7%) 및 최근 1개월 수익률(-2.43%)과 거래량 감소(-3.64%)로 인해 단기 상승 모멘텀이 부족함""]"
000270,기아,2025-07-01,98700,Buy,85,"[""PER 4.0, PBR 0.69의 매우 낮은 밸류에이션 대비 ROE 17.4%라는 높은 수익성을 기록하고 있어 저평가 매력이 강함"", ""최근 1개월 수익률 5.90% 상승과 거래량 21.02% 증가가 동반되며 기술적 반등 추세에 진입한 것으로 판단됨"", ""부채비율 71.9%의 안정적인 재무 구조와 3조 원의 영업현금흐름을 통해 견고한 재무 건전성을 확보함""]"
000270,기아,2025-08-01,100800,Buy,75,"[""PER 4.0, PBR 0.70의 매우 낮은 밸류에이션과 ROE 17.3%의 높은 수익성이 결합되어 강력한 저평가 상태임"", ""최근 5건의 애널리스트 리포트 목표주가 평균이 약 132,000원으로 현재가 대비 약 31%의 높은 상승 여력을 보임"", ""부채비율 71.9%의 낮은 수준과 3조 원의 영업현금흐름을 통해 재무적 안정성과 하방 경직성을 확보함""]"
000270,기아,2025-09-01,106500,Neutral,80,"[""PER 4.3, PBR 0.74의 매우 낮은 밸류에이션과 ROE 17.3%의 수익성, 풍부한 영업현금흐름(+5.4조원)이 하방 경직성을 확보함"", ""전년 동기 대비 영업이익이 24.1% 급감하며 수익성 악화 추세가 확인됨"", ""주가가 52주 최고가 부근(86.3%)에 위치한 상황에서 거래량이 50.21% 감소하여 단기 상승 모멘텀이 약화됨""]"
000270,기아,2025-10-01,100600,Buy,75,"[""PER 4.0 및 PBR 0.70으로 기업의 수익성과 자산 가치 대비 주가가 매우 저평가되어 있습니다."", ""ROE 17.3%의 높은 수익성과 5.4조원의 강력한 영업현금흐름을 통해 재무적 안정성과 효율성이 입증되었습니다."", ""최근 1개월 수익률이 -6.16%로 조정받았으나, 애널리스트 목표주가(120,000원) 대비 상승 여력이 충분합니다.""]"
000270,기아,2025-11-03,117700,Sell,82,"[""현재 주가가 52주 최고가 대비 94.2% 수준에 위치하여 단기적으로 상승 여력이 제한적입니다."", ""최근 애널리스트 리포트(10/15, 10/16)에서 3분기 실적 부진 및 22년 이후 첫 2조 원 미만 영업이익 발생을 예상하고 있습니다."", ""2분기 영업이익이 전년 동기 대비 24.1% 감소하며 수익성 악화 추세가 이미 확인되었습니다.""]"
000270,기아,2025-12-01,112300,Buy,78,"[""PER 4.5, PBR 0.79의 매우 낮은 밸류에이션과 ROE 17.5%의 높은 수익성이 강력한 저평가 상태를 나타냄"", ""8.6조 원의 풍부한 영업현금흐름과 66.8%의 낮은 부채비율로 재무적 안정성이 매우 뛰어남"", ""최근 1개월간 -6.34%의 주가 조정을 거쳤으나, 최신 리포트의 목표주가(135,000원~160,000원) 대비 상승 여력이 충분함""]"
105560,KB금융,2023-01-02,47600,Neutral,40,"[""PER가 적자로 표시되어 있고 PBR, ROE, 매출, 영업이익 등 대부분의 핵심 재무 지표가 N/A로 제공되어 펀더멘털 분석이 불가능함"", ""최근 1개월 수익률이 -11.03%이며 거래량 변화율 또한 -8.09%로 단기적인 하락 추세와 매수세 약화가 관찰됨"", ""현재 주가가 52주 최저가에 근접한 17.6% 위치에 있으나, 반등을 확신할 수 있는 재무적 근거가 전혀 제공되지 않음""]"
105560,KB금융,2023-02-01,57400,Neutral,40,"[""PER가 적자로 기록되어 있고 PBR, ROE 등 핵심 재무 지표가 모두 제공되지 않아 기업의 내재 가치 판단이 불가능함"", ""최근 1개월 수익률(18.35%)과 거래량 변화율(58.72%)은 강한 상승 모멘텀을 보이나 이를 뒷받침할 실적 근거가 부재함"", ""애널리스트 목표주가(65,000원)가 현재가보다 높지만, 재무 안정성 및 실적 데이터의 공백으로 인해 방향성을 확신할 수 없음""]"
105560,KB금융,2023-03-02,50600,Neutral,40,"[""최근 1개월 수익률이 -9.48%로 단기적인 주가 하락 추세가 지속되고 있음"", ""PER이 적자로 표기되어 있고 PBR, ROE, 분기 실적 등 핵심 재무 지표가 대부분 N/A로 제공되어 펀더멘털 분석이 불가능함"", ""애널리스트들의 목표주가는 현재가보다 높게 형성되어 있으나, 제공된 재무 데이터의 적자 상태와 리포트의 실적 호조 내용이 서로 상충하여 방향성을 확신할 수 없음""]"
105560,KB금융,2023-04-03,47300,Sell,75,"[""재무지표상 PER이 적자로 기록되어 있어 기업의 수익성 악화가 확인됨"", ""최근 1개월 수익률(-5.40%)과 거래량 변화율(-21.70%)이 모두 감소하며 하락 추세와 매수세 위축이 동시에 나타남"", ""현재 주가가 52주 최저가에 근접한 19.8% 위치에 있어 기술적인 반등 근거보다 하락 압력이 더 강함""]"
105560,KB금융,2023-05-02,49500,Neutral,40,"[""PER이 적자로 표시되어 있고 주요 재무지표(PBR, ROE, 영업이익 등)가 모두 N/A로 제공되어 기업의 펀더멘탈을 객관적으로 분석할 근거가 부족함"", ""최근 1개월 수익률은 3.88%로 소폭 상승했으나, 거래량 변화율이 -12.04%로 감소하며 주가 상승의 동력이 약화되는 모습임"", ""애널리스트들의 목표주가는 현재가 대비 높게 형성되어 있으나, 제공된 재무 데이터의 부재 및 적자 상태라는 정보와 상충하여 방향성을 확신할 수 없음""]"
105560,KB금융,2023-06-01,46800,Neutral,30,"[""매출, 영업이익, 순이익, 부채비율 등 핵심 재무지표와 재무 안정성 데이터가 모두 N/A로 제공되어 펀더멘털 분석이 불가능함"", ""PER 적자 상태와 최근 1개월 수익률(-5.45%)의 하락세는 부정적이나, 이를 확정적 하락으로 판단할 추가적인 재무 근거가 부족함"", ""주가가 52주 최저가 부근(18.6% 위치)에 있어 기술적 반등 가능성과 추가 하락 가능성이 공존하여 방향성을 확신할 수 없음""]"
105560,KB금융,2023-07-03,48650,Neutral,40,"[""PER가 적자로 표기되어 있고 PBR, ROE 등 주요 재무지표가 N/A로 제공되어 펀더멘털 분석이 불가능함"", ""애널리스트 리포트의 긍정적인 전망과 목표주가에도 불구하고, 제공된 재무 데이터상의 적자 상태가 상충됨"", ""최근 1개월 수익률은 상승했으나 거래량 변화율이 -14.51%로 감소하며 상승 동력이 약화되는 모습임""]"
105560,KB금융,2023-08-01,52800,Buy,75,"[""최근 5건의 애널리스트 리포트 목표주가 평균(64,600원)이 현재가(52,800원) 대비 약 22% 높은 상방 잠재력을 보유함"", ""최근 1개월 수익률 8.53% 상승 및 거래량 변화율 26.96% 증가로 단기 상승 모멘텀이 확인됨"", ""리포트를 통해 이익 안정성과 배당 매력이 지속적으로 언급되며 긍정적인 시장 전망이 우세함""]"
105560,KB금융,2023-09-01,53600,Neutral,30,"[""PER가 적자로 표시되어 있고 PBR, ROE 등 주요 재무지표가 모두 N/A로 제공되어 펀더멘털 분석이 불가능합니다."", ""거래량 변화율이 -35.92%로 급감하여 주가 상승을 위한 시장의 모멘텀이 부족한 상태입니다."", ""목표주가 70,000원을 제시한 리포트가 있으나, 이를 뒷받침할 최근 실적 데이터가 전무하여 방향성을 확신할 수 없습니다.""]"
105560,KB금융,2023-10-04,54700,Neutral,40,"[""PER이 적자로 표기되어 있고 PBR, ROE 및 2분기 실적 등 주요 재무지표가 대부분 N/A로 제공되어 펀더멘털 분석이 불가능함"", ""애널리스트 리포트의 목표주가(68,000원)와 NIM 상승 전망은 긍정적이나, 제공된 재무 데이터의 부재 및 적자 표기와 상충함"", ""최근 1개월 수익률(3.99%)과 거래량 변화율(7.82%)이 소폭 상승 추세이나, 이를 뒷받침할 구체적인 재무적 근거가 부족하여 방향성을 확신할 수 없음""]"
105560,KB금융,2023-11-01,51300,Neutral,40,"[""PER가 적자로 표기되어 있고 PBR, ROE 및 2분기 실적 등 핵심 재무 지표가 모두 N/A로 제공되어 펀더멘털 분석이 불가능함"", ""최근 1개월 수익률이 -7.90%로 단기적인 주가 하락 추세가 지속되고 있음"", ""애널리스트들의 목표주가 평균(69,600원)는 현재가 대비 높으나, 이를 뒷받침할 재무 데이터가 부재하여 방향성을 확신할 수 없음""]"
105560,KB금융,2023-12-01,51900,Neutral,40,"[""3분기 영업이익이 전년 동기 대비 12.7% 증가하고 1.3조원의 순이익을 기록하며 실적 성장세를 보임"", ""애널리스트 목표주가가 70,000원으로 현재가 대비 높은 상승 여력을 제시함"", ""PER 지표의 적자 표기와 거래량 감소(-6.38%), 높은 부채비율(1117.4%)이 실적 지표와 상충하여 방향성 판단의 불확실성을 높임""]"
105560,KB금융,2024-01-02,53600,Neutral,40,"[""2023년 3분기 영업이익이 전년 동기 대비 12.7% 증가했으나, PER 지표에는 적자로 표시되어 수익성 데이터 간의 모순이 존재함"", ""부채비율이 1117.4%로 매우 높아 재무 안정성 측면에서 리스크가 관찰됨"", ""최근 1개월 수익률은 3.67%로 소폭 상승했으나 거래량 변화율이 -7.56%로 감소하며 상승 동력이 약화됨""]"
105560,KB금융,2024-02-01,61300,Neutral,60,"[""현재가가 52주 최고가인 61,300원으로 52주 내 위치가 100%에 도달하여 단기 고점 부담 및 차익 실현 가능성이 큽니다."", ""최근 1개월 수익률(+16.54%)과 거래량 변화율(+79.35%)이 매우 높아 강한 상승 모멘텀이 유지되고 있습니다."", ""PER은 적자로 기재된 반면 2023년 3분기 영업이익은 2.0조원(+12.7%)으로 증가하여 제공된 재무 데이터 간의 정합성이 부족합니다.""]"
105560,KB금융,2024-03-04,69000,Buy,82,"[""최근 1개월 수익률 23.43%와 거래량 변화율 113.51%로 강력한 상승 모멘텀과 시장 관심도가 확인됨"", ""최근 30일 내 발행된 5건의 애널리스트 리포트 목표주가 평균(약 78,800원)가 현재가(69,000원) 대비 약 14% 이상의 상승 여력을 제시함"", ""2023년 3분기 영업이익이 전년 동기 대비 12.7% 증가한 2.0조원을 기록하며 견고한 이익 성장세를 보임""]"
105560,KB금융,2024-04-01,68400,Buy,75,"[""PER 5.9, PBR 0.43의 낮은 밸류에이션과 전년 대비 21.7% 증가한 영업이익(+6.4조원) 등 펀더멘털이 매우 견조함"", ""최근 30일 내 리포트의 목표주가(86,000원)가 현재가(68,400원) 대비 약 25.7%의 상승 여력을 보유하고 있음"", ""최근 1개월 수익률이 7.72%로 상승 추세에 있으며, 저평가 지표와 주주 환원 기대감이 주가 상승을 지지할 것으로 판단됨""]"
105560,KB금융,2024-05-02,72300,Buy,88,"[""PBR 0.46 및 PER 6.2로 밸류에이션이 매우 저평가되어 있으며, 2023년 영업이익이 전년 대비 21.7% 증가하며 강력한 성장세를 보임"", ""최근 5건의 애널리스트 리포트 목표주가 평균이 약 89,200원으로 현재가(72,300원) 대비 약 23.4%의 상승 여력이 존재함"", ""적극적인 주주환원 정책과 배당 기조에 대한 긍정적인 분석이 일관되게 제시되고 있으며, 최근 1개월 수익률이 5.70%로 상승 추세에 있음""]"
105560,KB금융,2024-06-03,79300,Buy,75,"[""PER 6.8 및 PBR 0.50으로 밸류에이션 지표가 매우 낮아 저평가 상태임"", ""1분기 영업이익이 전년 동기 대비 10.1% 증가하며 견조한 실적 성장세를 보임"", ""현재가(79,300원) 대비 애널리스트 목표주가(88,000원)의 상승 여력이 충분함""]"
105560,KB금융,2024-07-01,79600,Neutral,75,"[""PER 6.9, PBR 0.50의 낮은 밸류에이션과 전년 동기 대비 10.1% 증가한 영업이익은 긍정적이다."", ""현재 주가가 52주 최고가 대비 94.3% 수준에 위치하여 단기적인 가격 저항선에 근접해 있다."", ""거래량 변화율이 -20.08%로 감소하며 단기 상승 모멘텀이 약화되는 추세이다.""]"
105560,KB금융,2024-08-01,88300,Buy,88,"[""PBR 0.56, PER 7.6의 낮은 밸류에이션과 전년 동기 대비 10.1% 증가한 영업이익(2.4조원) 등 펀더멘털이 견고함"", ""최근 5건의 애널리스트 리포트가 모두 실적 서프라이즈와 주주환원을 근거로 현재가보다 높은 100,000원~110,000원의 목표주가를 제시함"", ""최근 1개월 수익률 4.62%의 상승 흐름과 더불어 52주 최고가(90,800원)에 근접한 강한 주가 모멘텀을 보이고 있음""]"
105560,KB금융,2024-09-02,87700,Neutral,75,"[""PBR 0.56 및 PER 7.6의 낮은 밸류에이션과 전년 동기 대비 12.2% 증가한 영업이익 등 펀더멘털은 견조함"", ""현재 주가가 52주 최고가 대비 92.5% 수준에 위치하여 단기적인 상승 여력이 제한적임"", ""최근 1개월 수익률이 -0.68%로 정체되어 있으며 거래량 변화율이 -16.24%로 감소하여 상승 모멘텀이 약화됨""]"
105560,KB금융,2024-10-02,81300,Buy,85,"[""PBR 0.51, PER 7.0의 낮은 밸류에이션과 전년 동기 대비 12.2% 증가한 영업이익 등 견조한 펀더멘털을 보유하고 있음"", ""최근 30일 내 발행된 리포트의 목표주가(105,000원~110,000원)가 현재가 대비 약 30% 이상의 높은 상승 여력을 제시함"", ""최근 1개월 수익률이 -5.24%로 조정받은 상태에서 거래량 변화율이 27.15% 증가하며 반등 가능성이 포착됨""]"
105560,KB금융,2024-11-01,91800,Buy,85,"[""PBR 0.58, PER 7.9의 낮은 밸류에이션과 전년 동기 대비 12.2% 증가한 영업이익 등 견조한 재무 성과를 보이고 있음"", ""최근 30일 내 발행된 5건의 리포트 모두가 110,000원~115,000원의 목표주가를 제시하며 현재가 대비 높은 상승 여력을 시사함"", ""밸류업 공시 및 주주환원 정책에 대한 긍정적인 시장 평가와 최근 1개월 13.47%의 강한 주가 상승 모멘텀이 유지되고 있음""]"
105560,KB금융,2024-12-02,96400,Buy,85,"[""3분기 영업이익이 전년 동기 대비 21.1% 증가하며 강력한 실적 성장세를 기록함"", ""PBR 0.61로 저평가 상태이며, 최근 리포트의 목표주가(118,000원~120,000원) 및 PBR 1배 달성 전망이 뚜렷한 상승 여력을 제시함"", ""최근 1개월 수익률 5.01%의 상승 흐름과 더불어 선진적인 주주환원 정책 제시가 긍정적인 모멘텀으로 작용함""]"
105560,KB금융,2025-01-02,83400,Buy,78,"[""PBR 0.53 및 PER 7.2로 밸류에이션 지표가 매우 저평가되어 있어 가격 메리트가 높음"", ""2024년 3분기 영업이익이 전년 동기 대비 21.1% 증가하며 강력한 실적 성장세를 기록함"", ""최근 1개월 수익률이 -13.31%로 급락한 상황에서 거래량 변화율이 79.45%로 급증하여 기술적 반등 가능성이 높음""]"
105560,KB금융,2025-02-03,88800,Buy,82,"[""PBR 0.56 및 PER 7.7로 밸류에이션 저평가 상태이며, 최근 분석 리포트의 목표주가(115,000원~120,000원)와 현재가 간의 괴리율이 큼"", ""2024년 3분기 영업이익이 전년 동기 대비 21.1% 증가하며 강력한 실적 성장세를 기록함"", ""외국인 수급 유입 기대감과 업계 최고 수준의 주주환원 정책이 주가 상승의 촉매제로 작용할 가능성이 높음""]"
105560,KB금융,2025-03-04,77900,Neutral,60,"[""PBR 0.49와 PER 6.7의 매우 낮은 밸류에이션 및 전년 동기 대비 21.1% 증가한 영업이익은 강력한 가격 지지 요인임"", ""최근 1개월 수익률이 -15.05%로 가파른 하락 추세에 있으며, 52주 최고가 대비 현재 위치가 40.1%로 낮아 하락 모멘텀이 강함"", ""최근 애널리스트 리포트들이 주주환원 규모와 자본비율이 기대치를 밑돌았다고 평가하고 있어, 단기 주가 상승을 견인할 모멘텀이 부족함""]"
105560,KB금융,2025-04-01,79600,Neutral,80,"[""PER 6.2, PBR 0.50의 저평가 상태와 영업이익 26% 증가라는 강력한 실적 성장세가 주가 상승의 근거가 됨"", ""거래량 변화율 -23.14%와 최근 1개월 수익률 1.66%의 정체는 단기적인 매수 모멘텀이 부족함을 나타냄"", ""52주 내 현재 위치가 43.3%로 가격 메리트는 있으나, 기술적 지표의 약세로 인해 20거래일 내의 명확한 방향성 판단이 어려움""]"
105560,KB금융,2025-05-02,93200,Buy,92,"[""PBR 0.58 및 PER 7.2로 밸류에이션 저평가 상태이며, 최근 1개월 수익률 15.78%로 강한 상승 모멘텀을 보이고 있음"", ""전년 대비 영업이익이 26% 증가한 8조 원을 기록하며 펀더멘털의 강력한 성장세가 확인됨"", ""최근 30일 내 발행된 5건의 리포트 모두 목표주가를 최저 112,000원에서 최고 126,000원으로 제시하며 현재가 대비 높은 상승 여력을 시사함""]"
105560,KB금융,2025-06-02,100000,Neutral,75,"[""PBR 0.62와 PER 7.8의 저평가 지표 및 목표주가 115,000원은 주가 상승의 근거가 됨"", ""현재가가 52주 최고가(104,300원)의 87.3% 지점에 위치하여 단기적인 가격 저항선에 근접함"", ""전년 동기 대비 영업이익이 2.2% 감소하고 거래량 변화율이 -2.40%로 둔화되어 단기 추가 상승 동력이 불분명함""]"
105560,KB금융,2025-07-01,110800,Buy,85,"[""PBR 0.69와 PER 8.6으로 자산 및 수익 가치 대비 저평가 상태이며, 최근 1개월 수익률(7.89%)과 거래량 변화율(37.41%)이 상승 추세를 지지함"", ""최근 애널리스트 리포트의 목표주가가 130,000원~135,000원으로 현재가 대비 상승 여력이 충분하며, 총주주환원율 50% 돌파라는 강력한 모멘텀이 존재함"", ""현재 주가가 52주 최고가 근처(96.4%)에 위치해 있으나, 거래량 증가와 함께 전고점 돌파를 시도하는 강한 기술적 흐름을 보임""]"
105560,KB금융,2025-08-01,106000,Buy,85,"[""최근 5건의 애널리스트 리포트 목표주가(132,000원~147,000원)가 현재가(106,000원) 대비 매우 높은 상승 여력을 보이고 있습니다."", ""총주주환원율 50% 달성 전망 및 2분기 최대 순이익 시현이라는 강력한 주가 상승 촉매제가 존재합니다."", ""PBR 0.66배의 저평가 상태이며, 최근 1개월 수익률(-9.32%) 하락으로 인해 가격 메리트가 높아진 구간입니다.""]"
105560,KB금융,2025-09-01,107100,Neutral,60,"[""PBR 0.67의 저평가 상태와 애널리스트 목표주가 137,000원은 현재가 대비 높은 상승 잠재력을 시사함"", ""최근 1개월 수익률 -3.43% 및 거래량 변화율 -32.57%로 단기 하락 추세와 시장 관심도 감소가 뚜렷함"", ""2분기 영업이익이 전년 동기 대비 7.4% 감소하며 단기적인 실적 성장 모멘텀이 약화된 상태임""]"
105560,KB금융,2025-10-01,116300,Neutral,75,"[""PBR 0.72와 PER 9.0으로 밸류에이션 매력도는 높으나, 현재 주가가 52주 최고가 대비 88.9% 수준에 위치하여 단기 저항선에 근접함"", ""최근 1개월 수익률 6.89%와 거래량 증가로 상승 모멘텀이 관찰되지만, 전년 동기 대비 영업이익이 7.4% 감소하며 성장세가 둔화됨"", ""저평가 지표의 하방 지지력과 고점 부근의 기술적 부담 및 실적 감소세가 상충하여 향후 20거래일 내 명확한 방향성을 확신하기 어려움""]"
105560,KB금융,2025-11-03,118000,Buy,88,"[""최근 발행된 5건의 애널리스트 리포트 목표주가 평균이 약 143,800원으로 현재가 대비 20% 이상의 높은 상승 여력을 제시하고 있습니다."", ""2026년 예상 주주환원 규모 3.1조원 및 업계 최고 수준의 주주환원율 기대감이 강력한 주가 상승 촉매제로 작용할 가능성이 높습니다."", ""PBR 0.74배의 저평가 상태에서 최근 1개월 수익률 4.70% 및 거래량 증가(16.89%)가 동반되며 기술적 상승 모멘텀이 확인됩니다.""]"
105560,KB금융,2025-12-01,126300,Buy,82,"[""PBR 0.79로 장부가치 대비 저평가되어 있으며, PER 9.8로 밸류에이션 매력이 존재함"", ""최근 1개월 수익률 8.32%와 거래량 변화율 19.80% 증가가 결합되어 강한 상승 모멘텀을 보임"", ""최근 애널리스트 리포트의 목표주가 184,000원이 현재가 대비 약 45% 이상의 높은 상승 여력을 제시함""]"
055550,신한지주,2023-01-02,34300,Neutral,30,"[""PER, PBR, ROE 및 분기 실적 등 대부분의 재무 지표가 N/A 또는 적자로 제공되어 펀더멘털 분석이 불가능함"", ""최근 1개월 수익률이 -10.56%로 하락 추세이며 거래량 또한 -5.19%로 감소하여 매수 동력이 부족함"", ""현재 주가가 52주 최저가 대비 9.2% 수준에 위치하여 하락 추세와 저점 지지 가능성이 공존함""]"
055550,신한지주,2023-02-01,42450,Neutral,45,"[""최근 1개월 수익률 20.60% 및 거래량 변화율 89.65%로 단기 상승 모멘텀과 수급 흐름이 매우 강력함"", ""애널리스트 목표주가(50,000원~55,000원)가 현재가 대비 높은 상방 여력을 제시하고 있음"", ""PER 적자 및 PBR, ROE, 순이익 등 핵심 재무지표가 모두 N/A로 제공되어 펀더멘털을 통한 상승 근거를 확신할 수 없음""]"
055550,신한지주,2023-03-02,37700,Sell,80,"[""최근 1개월 수익률이 -9.27%이며 거래량 변화율 또한 -20.26%로 주가 하락과 거래 침체가 동시에 진행되고 있음"", ""재무지표상 PER이 적자로 기록되어 있어 기업의 수익성 지표가 매우 부정적임"", ""제공된 애널리스트 리포트에서 대규모 추가 비용 인식 및 배당 정책에 대한 아쉬움 등 부정적인 요인들이 언급됨""]"
055550,신한지주,2023-04-03,34550,Neutral,30,"[""PER, PBR, ROE 및 2022년 연간 실적 등 주요 재무 지표가 모두 제공되지 않아 펀더멘털 분석이 불가능함"", ""최근 1개월 수익률이 -6.75%로 단기 하락 추세에 있음"", ""현재 주가가 52주 최저가(33,400원)에 근접한 10% 위치에 있으나, 이를 반전시킬 만한 거래량 증가나 지표 근거가 부족함""]"
055550,신한지주,2023-05-02,35450,Neutral,40,"[""PBR, ROE, 2022년 연간 실적 등 주요 재무 지표가 N/A로 제공되어 펀더멘털 분석이 불가능함"", ""거래량 변화율이 -35.05%로 급감하며 시장의 관심도와 거래 동력이 약화된 상태임"", ""애널리스트 리포트 내 주주환원정책에 대한 긍정적 전망과 대손비용 증가 및 어려운 환경에 대한 우려가 공존함""]"
055550,신한지주,2023-06-01,34700,Neutral,30,"[""PER, PBR, ROE 및 분기 실적 등 주요 재무 지표가 N/A 또는 적자로 제공되어 펀더멘털 분석이 불가능함"", ""현재 주가가 52주 최저가 대비 11.3% 수준에 위치하여 하방 경직성은 있으나 뚜렷한 상승 모멘텀이 부족함"", ""애널리스트 리포트에서 목표주가는 높게 설정되어 있으나, 배당수익률 저하로 인한 매력 감소라는 부정적 의견이 공존함""]"
055550,신한지주,2023-07-03,34500,Neutral,30,"[""PER이 적자로 기재되어 있고 PBR, ROE 및 1분기 실적 등 주요 재무지표가 모두 N/A로 제공되어 펀더멘털 분석이 불가능함"", ""현재 주가가 52주 최저가 대비 9.6% 지점에 위치하며 거래량 변화율이 -28.19%로 하락하여 매수 모멘텀이 부족함"", ""목표주가 43,000원의 긍정적인 리포트가 있으나 이를 뒷받침할 구체적인 재무 데이터가 없어 주가 상승을 확신할 근거가 제한적임""]"
055550,신한지주,2023-08-01,35950,Buy,75,"[""현재가(35,950원)가 최근 애널리스트 리포트의 최저 목표주가(40,000원)보다 낮아 상승 여력이 충분함"", ""52주 내 현재 위치가 27.8%로 저점 부근에 위치하여 가격 부담이 적음"", ""최근 1개월 수익률(+4.20%)과 거래량 변화율(+20.57%)이 모두 상승하며 단기적인 추세 전환 신호가 나타남""]"
055550,신한지주,2023-09-01,35450,Neutral,30,"[""PBR, ROE, 순이익 등 주요 재무지표가 N/A로 제공되어 기업의 펀더멘털을 분석할 근거가 절대적으로 부족함"", ""PER이 적자로 기재되어 있어 애널리스트 리포트의 긍정적 전망과 데이터 간의 상충이 발생함"", ""거래량 변화율이 -25.32%로 감소 추세이며 최근 1개월 수익률이 -0.42%로 정체되어 있어 단기 상승 모멘텀이 확인되지 않음""]"
055550,신한지주,2023-10-04,35050,Neutral,30,"[""PER, PBR, ROE 및 2분기 실적 등 주요 재무 지표가 N/A로 제공되어 펀더멘털 분석이 불가능함"", ""현재 주가가 52주 최저가에 가까운 20.6% 위치에 있으며, 최근 1개월 수익률이 -0.99%로 정체 상태임"", ""최근 애널리스트 리포트에서 일회성 요인으로 인한 3분기 실적 부진이 언급되어 단기 상승 모멘텀이 부족함""]"
055550,신한지주,2023-11-01,35000,Neutral,40,"[""애널리스트들의 목표주가(40,000원~49,000원)가 현재가(35,000원) 대비 상당히 높아 상승 여력이 존재합니다."", ""PER이 적자로 표시되고 PBR, ROE 등 주요 재무지표가 제공되지 않아 펀더멘털에 기반한 가치 판단이 불가능합니다."", ""최근 1개월 수익률(-1.69%)과 거래량 변화율(-10.57%)이 모두 감소하며 단기적인 하락 추세와 시장 관심도 저하가 나타나고 있습니다.""]"
055550,신한지주,2023-12-01,36400,Buy,75,"[""애널리스트 목표주가(43,000원)가 현재가(36,400원) 대비 약 18%의 상승 여력을 보유하고 있음"", ""최근 1개월 수익률이 5.51%로 단기적인 상승 추세에 진입한 것으로 판단됨"", ""52주 가격 범위 내 현재 위치가 31.4%로 저점 부근에 위치하여 가격 매력도가 높음""]"
055550,신한지주,2024-01-02,39350,Neutral,40,"[""PER는 적자로 기재되어 있으나 순이익은 1.2조원 양수로 나타나 제공된 재무 데이터 간의 정합성이 부족함"", ""최근 1개월 수익률은 8.40%로 상승세이나 거래량 변화율이 -0.97%로 소폭 감소하며 상승 동력이 약화됨"", ""부채비율이 1123.1%로 매우 높고 영업이익이 전년 동기 대비 1.1% 감소하여 펀더멘털의 강한 상승 근거가 부족함""]"
055550,신한지주,2024-02-01,42500,Buy,75,"[""최근 1개월 수익률 12.14%와 거래량 변화율 83.02%를 통해 강한 단기 상승 모멘텀이 확인됨"", ""현재가(42,500원)가 애널리스트 목표주가(46,000원)보다 낮아 추가 상승 여력이 존재함"", ""2023년 3분기 영업이익 1.7조원 및 순이익 1.2조원의 견조한 실적을 기록함""]"
055550,신한지주,2024-03-04,44200,Buy,82,"[""최근 5건의 애널리스트 리포트 목표주가 평균(약 53,400원)가 현재가(44,200원) 대비 약 20% 이상의 상승 여력을 보이고 있습니다."", ""최근 1개월 수익률 10.64%와 거래량 변화율 148.02%를 통해 강력한 단기 상승 모멘텀과 수급 개선이 확인됩니다."", ""2023년 3분기 영업이익 1.7조원 및 순이익 1.2조원의 흑자 기조와 더불어 주주환원 확대에 대한 긍정적인 전망이 지배적입니다.""]"
055550,신한지주,2024-04-01,45550,Buy,85,"[""PBR 0.38 및 PER 5.7로 밸류에이션이 매우 낮아 저평가 상태가 뚜렷함"", ""최근 1개월 수익률(+4.59%)과 거래량 변화율(+26.38%)이 모두 상승하며 단기 모멘텀이 형성됨"", ""애널리스트 목표주가(57,000원)가 현재가 대비 약 25%의 상승 여력을 보유하고 있음""]"
055550,신한지주,2024-05-02,45800,Buy,82,"[""PBR 0.39 및 PER 5.7로 밸류에이션이 매우 저평가되어 있어 가격 메리트가 높음"", ""최근 애널리스트 리포트의 평균 목표주가가 약 60,000원으로 현재가 대비 약 31%의 상승 여력이 존재함"", ""4,500억 규모의 자사주 매입 및 소각 계획 등 구체적인 주주 환원 정책이 주가 상승의 강력한 촉매제로 작용할 가능성이 높음""]"
055550,신한지주,2024-06-03,47000,Buy,75,"[""전년 동기 대비 영업이익이 17.8% 증가하며 강력한 이익 성장세를 기록하고 있습니다."", ""PER 5.8, PBR 0.40으로 밸류에이션 지표가 매우 낮아 저평가 상태입니다."", ""최근 애널리스트 리포트의 목표주가(57,000원)가 현재가 대비 약 21%의 상승 여력을 제시하고 있습니다.""]"
055550,신한지주,2024-07-01,47850,Neutral,75,"[""PBR 0.40 및 PER 6.0으로 지표상 저평가 상태이며, 1분기 영업이익이 전년 동기 대비 17.8% 증가하는 등 펀더멘털이 견조함"", ""최근 1개월 수익률이 4.02%로 상승 추세에 있으나, 주가가 52주 최고가 대비 80.8% 지점까지 상승하여 단기 가격 부담이 존재함"", ""거래량 변화율이 -18.40%로 감소하고 있어, 저평가 매력과 실적 성장세에도 불구하고 단기적인 상승 모멘텀이 약화되는 신호가 나타남""]"
055550,신한지주,2024-08-01,60700,Buy,85,"[""최근 분석 리포트들의 목표주가(70,000원~73,000원)가 현재가(60,700원) 대비 상당한 상승 여력을 보여줌"", ""연간 1조원 규모의 자사주 매입 상향 및 기업가치 제고 의지라는 강력한 주가 상승 촉매제가 존재함"", ""전년 동기 대비 영업이익이 17.8% 증가하는 견조한 실적 성장세와 PBR 0.51배의 저평가 상태가 결합됨""]"
055550,신한지주,2024-09-02,56300,Sell,75,"[""최근 1개월 수익률이 -7.25%로 하락 추세에 있으며, 거래량 변화율 또한 -13.27%로 감소하여 단기 매수 모멘텀이 약화된 상태임"", ""현재 주가가 52주 가격 범위 내 81.3% 지점에 위치하여, 단기적으로는 고점 부담에 따른 조정 가능성이 높음"", ""영업현금흐름이 -2.7조원으로 큰 폭의 음수를 기록하고 있어 단기적인 자금 흐름의 불안정성이 확인됨""]"
055550,신한지주,2024-10-02,55900,Neutral,65,"[""PBR 0.47과 PER 7.0으로 밸류에이션상 저평가 상태이나, 현재 주가가 52주 가격 범위의 79.8% 지점에 위치하여 단기적 상승 여력이 제한적임"", ""영업이익이 전년 동기 대비 6.7% 증가하며 성장세를 보였으나, 최근 1개월 수익률(-2.95%)과 거래량 변화율(-5.85%)이 모두 감소하며 단기 모멘텀이 약화됨"", ""1.5조원의 순이익을 기록했음에도 불구하고 영업현금흐름이 -2.7조원으로 큰 폭의 음수를 기록하고 있어 재무적 흐름의 불확실성이 존재함""]"
055550,신한지주,2024-11-01,54000,Buy,82,"[""PBR 0.46 및 PER 6.7로 밸류에이션 지표가 매우 낮아 저평가 상태임"", ""최근 5건의 애널리스트 리포트가 모두 현재가(54,000원)를 크게 상회하는 목표주가(72,000~77,000원)를 제시하며 주주환원 정책에 따른 상승 가능성을 높게 평가함"", ""2분기 영업이익이 전년 동기 대비 6.7% 증가한 1.9조원을 기록하며 견조한 실적 성장세를 유지하고 있음""]"
055550,신한지주,2024-12-02,53900,Buy,85,"[""PBR 0.45 및 PER 6.7로 밸류에이션이 매우 낮아 저평가 상태임이 확인됩니다."", ""2024년 3분기 영업이익이 전년 동기 대비 9.7% 증가한 1.9조원을 기록하며 견조한 성장세를 보이고 있습니다."", ""최근 애널리스트 리포트의 목표주가(70,000원~74,000원)가 현재가(53,900원) 대비 상당한 상승 여력을 제시하고 있습니다.""]"
055550,신한지주,2025-01-02,47750,Neutral,65,"[""PER 5.9, PBR 0.40의 낮은 밸류에이션과 전년 동기 대비 9.7% 증가한 영업이익 등 펀더멘털 지표는 긍정적임"", ""최근 1개월 수익률이 -9.91%로 단기 하락 추세가 강하며, 거래량 변화율이 26.04% 증가하며 하락 압력이 지속되고 있음"", ""강한 저평가 매력과 뚜렷한 단기 하락 모멘텀이 상충하여 20거래일 내의 명확한 방향성 판단이 어려움""]"
055550,신한지주,2025-02-03,50200,Buy,75,"[""PBR 0.42 및 PER 6.2로 밸류에이션이 매우 저평가되어 있어 가격 메리트가 높음"", ""3분기 영업이익이 전년 동기 대비 9.7% 증가하며 견조한 실적 성장세를 유지하고 있음"", ""현재가(50,200원)와 애널리스트 목표주가(70,000원) 사이에 상당한 상승 여력이 존재함""]"
055550,신한지주,2025-03-04,46150,Buy,85,"[""PBR 0.39와 PER 5.7의 극심한 저평가 상태이며, 최근 애널리스트 리포트의 목표주가(72,000~76,000원)와 현재가 간의 괴리율이 매우 높음"", ""전년 동기 대비 영업이익이 9.7% 증가(+1.9조원)하고 영업현금흐름이 4.1조원으로 양호하여 펀더멘털의 견고함이 확인됨"", ""52주 내 현재 위치가 26.9%로 바닥권에 근접한 상황에서 거래량 변화율이 60.60% 증가하며 단기 반등 가능성이 높아짐""]"
055550,신한지주,2025-04-01,48100,Buy,78,"[""PER 5.7 및 PBR 0.39로 밸류에이션이 매우 낮아 저평가 상태임"", ""영업이익이 전년 대비 5.9% 증가한 6.5조 원을 기록하며 펀더멘털의 성장세가 확인됨"", ""52주 내 현재 위치가 36.2%로 저점 부근에 위치해 있어 가격 회복 가능성이 높음""]"
055550,신한지주,2025-05-02,51200,Buy,95,"[""PBR 0.41 및 PER 6.1로 밸류에이션이 매우 저평가되어 있으며, 최근 1개월 수익률이 5.13%로 상승 추세에 있음"", ""최근 30일 내 발행된 5건의 리포트 모두 목표주가를 현재가(51,200원)보다 훨씬 높은 62,000원~76,000원으로 제시하며 강력한 상승 여력을 시사함"", ""영업이익이 전년 대비 5.9% 증가한 6.5조 원을 기록하고 4.6조 원의 견고한 영업현금흐름을 확보하여 펀더멘털이 안정적임""]"
055550,신한지주,2025-06-02,55800,Neutral,65,"[""PBR 0.45와 PER 6.6으로 밸류에이션 매력은 높으나, 전년 동기 대비 영업이익이 6.0% 감소하며 수익성이 둔화됨"", ""최근 1개월 수익률이 10.71%로 강세를 보였으나, 거래량 변화율이 -12.20%로 감소하며 상승 모멘텀이 약화되는 신호를 보임"", ""52주 가격 범위 내 현재 위치가 68.5%로 이미 상당 부분 상승한 상태이며, 단기적으로 추가 상승을 견인할 명확한 지표가 부족함""]"
055550,신한지주,2025-07-01,62200,Buy,82,"[""PBR 0.50과 PER 7.4의 낮은 밸류에이션 및 애널리스트 목표주가(75,000원) 대비 상승 여력이 충분함"", ""거래량 변화율이 119.98%로 급증하며 최근 1개월 수익률 8.17%와 함께 강한 상승 모멘텀을 보임"", ""영업이익이 전년 동기 대비 6.0% 감소했으나, 6.5조원의 견고한 영업현금흐름을 통해 재무적 기초 체력을 유지하고 있음""]"
055550,신한지주,2025-08-01,65100,Buy,85,"[""PBR 0.53으로 장부 가치 대비 저평가 상태이며, 최근 5건의 애널리스트 리포트가 모두 80,000원 이상의 높은 목표주가를 제시하며 강력한 상승 여력을 시사함"", ""최근 리포트들이 공통적으로 '주주환원 확대'와 '긍정적 실적'을 핵심 근거로 제시하고 있어 단기적인 주가 상승 촉매제가 충분함"", ""영업현금흐름이 6.5조원으로 매우 풍부하여 리포트에서 언급된 주주환원 정책을 실행할 수 있는 재무적 기반이 확보됨""]"
055550,신한지주,2025-09-01,64000,Neutral,65,"[""PBR 0.52의 저평가 상태와 전년 동기 대비 영업이익 8.7% 증가라는 견고한 펀더멘털은 상승 요인으로 작용함"", ""최근 1개월 수익률 -5.88% 및 거래량 23.58% 감소는 단기적인 하락 추세와 매수 모멘텀의 약화를 나타냄"", ""애널리스트 목표주가(83,000원)와 현재가 사이의 밸류에이션 갭은 크지만, 기술적 지표의 부정적 흐름이 이를 상쇄하여 단기 방향성을 확신하기 어려움""]"
055550,신한지주,2025-10-01,70500,Neutral,75,"[""PBR 0.57 및 PER 8.3으로 지표상 저평가 상태이며 밸류에이션 매력이 존재함"", ""영업이익이 전년 동기 대비 8.7% 증가하며 견조한 실적 성장세를 유지하고 있음"", ""현재 주가가 52주 최고가 대비 95.4% 수준에 위치하여 단기적인 가격 저항선에 근접함""]"
055550,신한지주,2025-11-03,74100,Buy,85,"[""영업이익이 전년 동기 대비 8.7% 증가한 2.0조 원을 기록하며 견고한 실적 성장세를 보이고 있습니다."", ""최근 발행된 5건의 애널리스트 리포트 목표주가 평균(약 91,400원)이 현재가 대비 약 23% 높은 상승 여력을 제시하고 있습니다."", ""PBR 0.60으로 자산 가치 대비 저평가 상태이며, 최근 1개월 수익률 7.08%로 상승 모멘텀이 유지되고 있습니다.""]"
055550,신한지주,2025-12-01,79700,Buy,82,"[""PBR 0.64와 PER 9.4로 자산 및 수익 가치 대비 저평가 상태이며, 3분기 영업이익이 전년 동기 대비 4.5% 증가하며 성장세를 유지하고 있습니다."", ""최근 애널리스트 리포트에서 주주환원율 50% 조기 달성 예상과 함께 현재가 대비 약 33% 높은 106,000원의 목표주가가 제시되었습니다."", ""최근 1개월 수익률이 8.73%로 강한 상승 모멘텀을 보이고 있으며, 52주 최고가(81,400원)에 근접한 위치에서 추가 상승 가능성이 높습니다.""]"
035720,카카오,2023-01-02,52700,Sell,85,"[""52주 최저가에 근접한 8.0%의 위치와 최근 1개월 수익률 -8.98%로 강한 하락 추세가 지속되고 있음"", ""거래량 변화율이 -51.43%로 급감하여 단기적으로 주가를 견인할 매수 모멘텀이 매우 부족함"", ""매출은 소폭 증가했으나 영업이익이 전년 동기 대비 10.6% 감소하며 수익성 악화 흐름을 보임""]"
035720,카카오,2023-02-01,62200,Buy,78,"[""최근 1개월 수익률 17.14%와 거래량 변화율 44.97%가 동반 상승하며 강력한 단기 상승 모멘텀을 보이고 있습니다."", ""현재가(62,200원)가 최근 애널리스트들의 목표 주가 범위(70,000원~80,000원) 대비 낮은 수준에 형성되어 있어 상승 여력이 존재합니다."", ""부채비율 66.6%의 안정적인 재무 구조와 4,745억원의 양호한 영업현금흐름을 통해 펀더멘털의 안정성이 확인됩니다.""]"
035720,카카오,2023-03-02,61200,Buy,75,"[""현재가(61,200원)가 최근 애널리스트들의 목표주가 범위(75,000원~87,000원) 대비 현저히 낮은 수준에 형성되어 있어 상승 여력이 큼"", ""52주 가격 범위 내 현재 위치가 22.7%로 최저가 부근에 위치하여 가격 메리트가 발생한 구간임"", ""최근 1개월 수익률은 -0.33%로 횡보 중이나 거래량 변화율이 17.91% 증가하며 추세 전환의 가능성이 포착됨""]"
035720,카카오,2023-04-03,60200,Neutral,65,"[""52주 내 현재 위치가 21.4%로 저점 부근에 있으며 애널리스트 목표주가(85,000원)가 현재가 대비 높게 형성되어 있어 상승 잠재력이 있음"", ""최근 1개월 수익률(-1.31%)과 거래량 변화율(-15.86%)이 모두 하락하며 단기적인 매수 모멘텀이 약화된 상태임"", ""매출은 전년 대비 15.0% 성장했으나 영업이익은 3.1% 감소하여 외형 성장 대비 수익성 지표가 상충함""]"
035720,카카오,2023-05-02,58500,Neutral,45,"[""최근 1개월 수익률(-4.26%)과 거래량 변화율(-16.96%)이 모두 감소하며 단기적인 하락 추세와 매수세 약화가 관찰됨"", ""애널리스트 목표주가(78,000원~87,000원)가 현재가 대비 상당히 높게 형성되어 있어 가격 메리트와 상승 잠재력이 존재함"", ""매출 성장(+15.0%)과 양호한 재무 안정성(부채비율 69.9%)에도 불구하고 영업이익이 전년 대비 감소(-3.1%)하며 수익성 개선 여부가 불투명함""]"
035720,카카오,2023-06-01,56100,Sell,75,"[""전년 동기 대비 영업이익이 55.2% 급감하며 수익성이 크게 악화되었고 영업이익률 또한 4.1%로 매우 낮은 수준임"", ""최근 1개월 수익률이 -3.44%이며 거래량 변화율이 -22.05%로 하락 추세와 함께 시장의 매수 동력이 약화됨"", ""애널리스트들의 목표주가는 높으나 실적 눈높이를 낮추는 추세이며, 단기적으로 주가를 반전시킬 명확한 모멘텀이 데이터상으로 부족함""]"
035720,카카오,2023-07-03,51000,Sell,75,"[""전년 동기 대비 영업이익이 55.2% 급감하며 수익성이 크게 악화되었습니다."", ""최근 1개월 수익률이 -9.09%이며, 현재 주가 위치가 52주 최저가에 근접한 10.2% 지점으로 하락 추세가 강합니다."", ""영업이익률이 4.1%로 매우 낮은 수준이며, 매출 성장세(+5.4%)에 비해 이익 감소 폭이 지나치게 큽니다.""]"
035720,카카오,2023-08-01,54900,Neutral,80,"[""전년 동기 대비 영업이익이 55.2% 급감하며 수익성이 크게 악화된 상태이다."", ""52주 최저가 부근(현재 위치 20.9%)에서 최근 1개월 수익률(+7.65%)과 거래량(+34.43%)이 증가하며 기술적 반등 신호가 나타나고 있다."", ""최근 애널리스트 리포트들이 '재정비의 시간', '체질 개선의 기간' 등 단기적 상승 촉매제보다는 조정 및 인내의 시기임을 강조하고 있다.""]"
035720,카카오,2023-09-01,48950,Sell,75,"[""전년 동기 대비 영업이익이 33.6% 급감하며 수익성이 크게 악화되었습니다."", ""최근 1개월 수익률이 -7.99%이며, 현재 주가가 52주 최저가에 매우 근접한 6.3% 지점에 위치해 하락 추세가 강합니다."", ""거래량 변화율이 -31.76%로 급감하여 주가 반등을 이끌 매수세가 부족한 상황입니다.""]"
035720,카카오,2023-10-04,41600,Sell,80,"[""현재 주가가 52주 최저가(41,600원)에 도달했으며, 최근 1개월 수익률이 -15.10%로 매우 강한 하락 추세를 보이고 있음"", ""2분기 영업이익이 전년 동기 대비 33.6% 급감하며 펀더멘털의 수익성 악화가 확인됨"", ""거래량 변화율이 -9.47%로 감소하고 있어, 주가 하락 구간에서 반등을 이끌 매수세 유입이 부족함""]"
035720,카카오,2023-11-01,37600,Sell,80,"[""현재 주가가 52주 최저가(0.0%)에 도달했으며, 최근 1개월 수익률이 -14.06%로 매우 강한 하락 추세에 있음"", ""2분기 영업이익이 전년 동기 대비 33.6% 급감하며 수익성 악화가 수치로 확인됨"", ""최근 애널리스트 리포트들이 공통적으로 회복 시그널이 더디거나 컨센서스를 하회하고 있다는 부정적 견해를 제시함""]"
035720,카카오,2023-12-01,49700,Buy,75,"[""최근 1개월 수익률이 28.92%로 매우 높고 거래량 변화율이 13.03% 증가하며 강한 상승 모멘텀을 보이고 있습니다."", ""현재가(49,700원)가 최근 애널리스트 리포트들의 평균 목표주가(약 59,200원)보다 낮아 추가 상승 여력이 존재합니다."", ""3분기 매출이 전년 동기 대비 16.3% 성장하였고, 8,447억원의 견조한 영업현금흐름을 통해 재무적 안정성을 확보하고 있습니다.""]"
035720,카카오,2024-01-02,57900,Neutral,65,"[""최근 1개월 수익률은 14.65%로 상승세를 보였으나, 거래량 변화율이 -23.10%로 감소하며 단기 상승 동력이 약화되는 모습임"", ""매출액은 전년 동기 대비 16.3% 증가했으나 영업이익은 6.7% 감소하여, 외형 성장에도 불구하고 수익성은 오히려 악화됨"", ""부채비율 71.0%와 양호한 영업현금흐름으로 재무 안정성은 확보되었으나, 52주 최고가 대비 61% 수준의 위치에서 추가 상승을 뒷받침할 실적 모멘텀이 불분명함""]"
035720,카카오,2024-02-01,52700,Neutral,65,"[""최근 1개월 수익률이 -6.89%로 하락 추세에 있으며, 전년 동기 대비 영업이익이 6.7% 감소하여 단기적인 수익성 악화가 관찰됩니다."", ""매출액이 전년 동기 대비 16.3% 증가하고 애널리스트들의 목표 주가(65,000원~75,000원)가 현재가보다 상당히 높아 상승 잠재력은 충분합니다."", ""외형 성장과 긍정적인 목표 주가라는 상승 요인과, 영업이익 감소 및 단기 주가 하락이라는 하락 요인이 팽팽하게 맞서 방향성이 불분명합니다.""]"
035720,카카오,2024-03-04,53100,Neutral,65,"[""매출은 전년동기 대비 16.3% 증가했으나 영업이익은 6.7% 감소하여 외형 성장과 수익성 개선의 불일치가 나타남"", ""최근 1개월 수익률(-2.21%)과 거래량 변화율(-4.26%)이 모두 음수를 기록하며 단기적인 상승 모멘텀이 부족함"", ""애널리스트들의 평균 목표주가는 현재가 대비 높게 형성되어 있으나, 영업이익 감소와 기술적 지표의 정체로 인해 20거래일 내 방향성을 확신하기 어려움""]"
035720,카카오,2024-04-01,53800,Sell,75,"[""2023년 순이익 1.8조원 적자 및 영업이익의 전년 대비 19.1% 감소로 수익성 악화가 뚜렷합니다."", ""거래량 변화율이 -41.38%로 급감하여 단기 주가 상승을 견인할 매수 모멘텀이 부족합니다."", ""매출은 증가했으나 영업이익률이 6.1%에 불과하고 대규모 순손실이 발생하여 펀더멘털의 하방 압력이 높습니다.""]"
035720,카카오,2024-05-02,48300,Sell,75,"[""최근 1개월 수익률이 -10.22%로 단기 하락 추세가 강하게 나타나고 있습니다."", ""2023년 순이익이 -1.8조원으로 대규모 적자를 기록했으며, 영업이익 또한 전년 대비 19.1% 감소했습니다."", ""애널리스트들의 목표주가는 현재가보다 높게 형성되어 있으나, 거래량 변화율이 2.84%로 낮아 하락 추세를 반전시킬 매수세가 부족합니다.""]"
035720,카카오,2024-06-03,44300,Neutral,45,"[""2024년 1분기 영업이익이 전년 동기 대비 92.2% 증가하며 강력한 실적 개선세를 보이고 있음"", ""최근 1개월 수익률이 -8.85%로 하락 추세이며, 애널리스트 리포트에서 모멘텀 부족과 불확실성이 명시적으로 언급됨"", ""주가가 52주 최저가 부근(위치 28.5%)에 있어 가격 메리트와 높은 목표주가가 존재하나, PER이 적자 상태로 전반적인 수익성 회복의 확신이 부족함""]"
035720,카카오,2024-07-01,41000,Neutral,60,"[""1분기 영업이익이 전년 동기 대비 92.2% 증가하며 강력한 실적 회복세를 보이고 있음"", ""현재 주가가 52주 최저가 부근(위치 14.5%)에 있어 가격 메리트와 하방 경직성이 존재함"", ""최근 1개월 수익률(-6.07%)과 거래량 변화율(-7.92%)이 모두 감소하며 단기 하락 추세 및 모멘텀 부족이 관찰됨""]"
035720,카카오,2024-08-01,39800,Buy,75,"[""현재가가 52주 최저가(37,600원) 대비 9.4% 수준으로 매우 낮아 하방 경직성이 확보된 구간으로 판단됨"", ""2024년 1분기 매출이 전년 동기 대비 22.4%, 영업이익이 92.2% 증가하며 강력한 실적 성장세를 보임"", ""최근 30일 내 분석된 모든 애널리스트의 목표주가(53,000원~65,000원)가 현재가 대비 상당한 상승 여력을 제시함""]"
035720,카카오,2024-09-02,36900,Neutral,75,"[""현재 주가가 52주 최저가(36,300원) 대비 2.4% 수준에 위치하여 하방 경직성이 예상되나 뚜렷한 반등 신호는 부족함"", ""최근 1개월 수익률이 -7.29%이며 거래량 변화율이 -0.36%로 단기 하락 모멘텀과 매수세 위축이 지속되고 있음"", ""2분기 영업이익이 전년 동기 대비 18.5% 증가하고 영업현금흐름이 양호함에도 불구하고 PER이 적자로 표시되어 재무적 지표가 혼재됨""]"
035720,카카오,2024-10-02,36000,Neutral,65,"[""2분기 영업이익이 전년 동기 대비 18.5% 증가하고 영업현금흐름이 6,325억원으로 양호하여 펀더멘털 개선세가 확인됩니다."", ""PBR 1.15배 및 52주 최저가에 근접한 현재 위치(7.4%)는 가격적 메리트가 있는 구간입니다."", ""하지만 최근 1개월 수익률(-3.10%)과 거래량 변화율(-14.97%)이 모두 감소하고 있어 단기적인 반등 모멘텀이 부족합니다.""]"
035720,카카오,2024-11-01,36150,Neutral,65,"[""현재가가 52주 최저가 대비 7.9% 수준으로 매우 낮으나, 최근 1개월 수익률이 0.00%이고 거래량 변화율이 -6.47%로 시장의 관심과 상승 모멘텀이 부족함"", ""2분기 영업이익이 전년 동기 대비 18.5% 증가하며 흑자를 기록했으나, 애널리스트 리포트에서 '밋밋한 실적', '콘텐츠 부진' 등 질적 성장 한계를 지적함"", ""분석가들의 목표주가(50,000~60,000원)와 현재가 사이의 괴리는 크지만, '돌파구가 필요'하다는 평가와 같이 단기적 주가 상승을 견인할 구체적인 트리거가 확인되지 않음""]"
035720,카카오,2024-12-02,42150,Neutral,65,"[""최근 1개월 수익률(+16.60%)과 거래량 변화율(+58.75%)이 상승하며 단기적인 기술적 반등 흐름을 보이고 있음"", ""3분기 매출이 전년 동기 대비 4.5% 감소하며 외형 성장이 둔화되었고, 최근 애널리스트 리포트들이 공통적으로 성장성 상실 및 멀티플 하향을 지적함"", ""낮은 PBR(1.35)과 견조한 영업현금흐름(+9,803억원)이 하방 지지선 역할을 하나, 뚜렷한 신규 모멘텀 없이는 추가 상승을 확신하기 어려움""]"
035720,카카오,2025-01-02,37450,Neutral,65,"[""최근 1개월 수익률 -6.61% 및 매출액 전년 동기 대비 4.5% 감소로 단기 모멘텀과 성장성이 약화된 상태임"", ""PBR 1.20배 및 52주 최저가 대비 16.4% 수준의 낮은 가격 위치는 추가 하락을 제한하는 밸류에이션 지지 요인으로 작용함"", ""9,803억원의 강력한 영업현금흐름과 영업이익의 소폭 증가(+5.0%)가 재무적 안정성을 뒷받침하며 하락 압력을 상쇄함""]"
035720,카카오,2025-02-03,41800,Sell,85,"[""최근 30일간 애널리스트 목표주가가 53,000원에서 39,000원까지 지속적으로 하향 조정되었으며, 최신 목표주가가 현재가(41,800원)보다 낮습니다."", ""2024년 3분기 매출이 전년 동기 대비 4.5% 감소하며 저성장 추세가 확인되었습니다."", ""최근 1개월 수익률은 상승했으나 거래량 변화율이 -35.20%로 급감하여 상승 동력이 약화된 상태입니다.""]"
035720,카카오,2025-03-04,41900,Buy,82,"[""최근 1개월 수익률 9.26% 상승과 거래량 변화율 125.76% 급증이 단기적인 주가 상승 모멘텀을 강하게 지지함"", ""현재가(41,900원)가 최근 애널리스트들의 최저 목표주가(51,000원) 대비 약 21.7% 낮은 수준으로 밸류에이션 상승 여력이 충분함"", ""영업현금흐름 9,803억원의 대규모 유입과 부채비율 81.3%의 안정적인 재무 구조를 통해 하방 경직성을 확보함""]"
035720,카카오,2025-04-01,42200,Sell,82,"[""PER 334.9와 ROE 0.4%는 수익성 대비 주가가 극도로 과평가되어 있음을 나타냅니다."", ""2024년 순이익 -1,619억원의 적자 기록과 영업이익 성장률 정체(-0.1%)로 펀더멘털이 매우 취약합니다."", ""거래량 변화율이 -59.48%로 급감하며 시장의 매수세가 크게 위축된 기술적 하락 신호를 보이고 있습니다.""]"
035720,카카오,2025-05-02,38050,Neutral,65,"[""PER 302.0 및 ROE 0.4%로 밸류에이션 부담이 매우 높고 자본 효율성이 극히 낮음"", ""2024년 순이익 -1,619억원의 적자 기록 및 영업이익 성장률 -0.1%로 펀더멘털 개선세가 미미함"", ""애널리스트 목표주가는 현재가보다 높게 형성되어 있으나, 최근 1개월 수익률이 -6.97%로 하락 추세에 있음""]"
035720,카카오,2025-06-02,43150,Sell,75,"[""PER 342.5배 및 ROE 0.4%로 현재 수익성 대비 밸류에이션이 극도로 과평가되어 있음"", ""2025년 1분기 매출(-6.3%)과 영업이익(-12.4%)이 전년 동기 대비 모두 감소하며 성장성 둔화가 확인됨"", ""최근 1개월 수익률은 상승했으나 거래량 변화율이 -12.40%로 감소하며 상승 모멘텀이 약화되는 추세임""]"
035720,카카오,2025-07-01,60100,Sell,85,"[""PER 477.0와 ROE 0.4%는 기업의 수익성 대비 주가가 극도로 과평가되어 있으며 자본 효율성이 매우 낮음을 나타냅니다."", ""2025년 1분기 매출(-6.3%)과 영업이익(-12.4%)이 전년 동기 대비 모두 감소하며 펀더멘털이 악화되고 있습니다."", ""최근 1개월 수익률(+36.59%)과 거래량 급증(+280.54%)은 실적 뒷받침 없는 단기 과열 양상으로 판단되어 조정 가능성이 높습니다.""]"
035720,카카오,2025-08-01,55500,Sell,85,"[""PER 440.5와 ROE 0.4%는 기업의 수익성 대비 주가가 극도로 과평가되어 있으며 자본 효율성이 매우 낮음을 나타냅니다."", ""1분기 매출(-6.3%)과 영업이익(-12.4%)이 전년 동기 대비 모두 감소하며 성장세가 둔화되었습니다."", ""최근 1개월 수익률이 -6.72%로 하락 추세이며, 거래량 변화율이 -71.02%로 급감하여 시장의 매수 동력이 상실되었습니다.""]"
035720,카카오,2025-09-01,61200,Neutral,85,"[""영업이익이 전년 동기 대비 38.8% 증가하고 거래량이 66.48% 급증하며 단기적인 상승 모멘텀이 포착됨"", ""PER 485.7배와 ROE 0.4%는 수익성 대비 주가가 극도로 고평가되어 있으며 자본 효율성이 매우 낮음을 의미함"", ""애널리스트들의 목표주가는 현재가보다 높게 형성되어 있으나, 매출 성장률이 1.2%에 그쳐 펀더멘털의 강력한 반등 근거가 부족함""]"
035720,카카오,2025-10-01,60000,Sell,75,"[""PER 476.2와 ROE 0.4%는 현재 수익성 대비 주가가 극도로 과평가되어 있으며 자본 효율성이 매우 낮음을 나타냅니다."", ""매출 성장률이 1.2%에 그쳐, 애널리스트 리포트에서 언급된 AI 전환 및 개편이 실제 외형 성장으로 이어지지 않고 있습니다."", ""긍정적인 리포트가 집중적으로 발행되었음에도 거래량 변화율이 -18.29%로 감소하며 매수 모멘텀이 약화되는 다이버전스가 발생했습니다.""]"
035720,카카오,2025-11-03,64500,Neutral,65,"[""PER 511.9와 ROE 0.4%라는 지표는 현재 수익성 대비 밸류에이션이 극도로 과평가되어 있으며 자본 효율성이 매우 낮음을 나타냄"", ""최근 1개월 수익률 8.77%와 거래량 증가(15.40%)는 단기적인 상승 모멘텀이 형성되었음을 보여줌"", ""애널리스트들의 목표주가는 현재가보다 높게 형성되어 있으나, 주가가 52주 최고가 대비 84.3% 수준에 위치하여 상단 저항 가능성이 존재함""]"
035720,카카오,2025-12-01,59500,Buy,75,"[""3분기 영업이익이 전년 동기 대비 59.4% 증가하며 강력한 실적 개선세를 기록함"", ""최근 5건의 애널리스트 리포트 목표주가(74,000원~82,000원)가 현재가 대비 높은 상승 여력을 제시함"", ""9,370억원의 풍부한 영업현금흐름과 83.5%의 안정적인 부채비율로 재무 건전성을 확보함""]"
035420,네이버,2023-01-02,179500,Sell,82,"[""현재 주가가 52주 최저가 대비 9.3% 수준에 위치하여 강력한 하락 추세에 있음"", ""최근 1개월 수익률이 -4.27%이며 거래량 변화율이 -40.58%로 급감하여 매수세가 매우 약함"", ""매출은 증가했으나 영업이익이 전년 동기 대비 5.6% 감소하며 수익성이 악화되는 모습임""]"
035420,네이버,2023-02-01,205500,Buy,82,"[""최근 1개월 수익률(+15.77%)과 거래량 변화율(+27.44%)이 모두 상승하며 단기적인 주가 상승 모멘텀이 강하게 나타나고 있음"", ""현재가(205,500원)가 애널리스트 목표주가(253,000원~270,000원) 대비 상당한 저평가 구간에 위치함"", ""부채비율 41.4%의 낮은 수준과 9,298억원의 견조한 영업현금흐름을 통해 재무적 안정성이 확보됨""]"
035420,네이버,2023-03-02,206000,Buy,82,"[""현재가(206,000원)가 최근 애널리스트 리포트의 목표주가 범위(260,000원~300,000원)보다 현저히 낮아 상승 여력이 큼"", ""52주 내 현재 위치가 25.4%로 저점 부근에 형성되어 있으며, 거래량 변화율이 29.49% 증가하며 반등 신호를 보임"", ""매출액이 전년 동기 대비 19.1% 증가하고 영업현금흐름이 9,298억원으로 매우 양호하여 재무적 기초 체력이 견고함""]"
035420,네이버,2023-04-03,198200,Sell,75,"[""최근 1개월 수익률이 -3.55%이며 거래량 변화율이 -29.09%로 하락하며 매수세가 위축되고 있다."", ""현재 주가 위치가 52주 최저가에 가까운 21.6% 지점에 머물러 있어 하락 추세가 강하다."", ""2022년에는 순이익을 기록했으나, 현재 재무지표상 PER이 적자로 인해 해당 없음으로 표시되어 최근 수익성이 악화된 것으로 판단된다.""]"
035420,네이버,2023-05-02,193200,Sell,80,"[""최근 1개월 수익률이 -4.36%이며, 현재 주가 위치가 52주 최저가에 가까운 26.4% 지점에 있어 하락 추세가 강함"", ""가장 최근의 애널리스트 리포트(2023-04-25)에서 '성장 둔화 본격화'를 언급하며 부정적인 전망을 제시함"", ""2022년 연간 실적에서는 순이익을 기록했으나, 현재 재무지표상 PER이 적자로 인해 해당 없음으로 표시되어 최근 수익성이 악화된 것으로 판단됨""]"
035420,네이버,2023-06-01,204000,Buy,92,"[""1분기 매출이 전년 동기 대비 23.6%, 영업이익이 9.5% 증가하며 견조한 성장세를 기록함"", ""현재가(204,000원)가 최근 애널리스트들의 평균 목표주가(약 275,000원) 대비 현저히 저평가되어 있음"", ""최근 1개월 수익률 6.08% 상승 및 거래량 12.45% 증가로 기술적 반등 추세가 확인됨""]"
035420,네이버,2023-07-03,189300,Neutral,60,"[""1분기 매출(+23.6%)과 영업이익(+9.5%)의 성장 및 양호한 영업현금흐름(+4,461억원) 등 펀더멘털 지표가 긍정적임"", ""52주 내 현재 위치가 26.8%로 최저가에 근접해 있으며 PBR 1.27로 밸류에이션 매력이 존재함"", ""최근 1개월 수익률(-7.21%)과 거래량 변화율(-18.26%)이 모두 감소하며 단기적인 주가 하락 추세와 모멘텀 약화가 뚜렷함""]"
035420,네이버,2023-08-01,233000,Buy,85,"[""최근 1개월 수익률 23.09%와 거래량 변화율 56.02%가 동시에 상승하며 강한 단기 상승 모멘텀을 보이고 있음"", ""현재가(233,000원)가 최근 애널리스트들의 평균 목표주가(약 298,000원) 대비 약 28%의 상승 여력이 존재함"", ""1분기 매출이 전년 동기 대비 23.6% 증가하고 영업이익이 9.5% 성장하는 등 실적 성장세와 재무 안정성(부채비율 48.3%)이 확인됨""]"
035420,네이버,2023-09-01,214500,Buy,82,"[""2분기 매출과 영업이익이 전년 동기 대비 각각 17.7%, 10.9% 증가하며 뚜렷한 실적 성장세를 보이고 있습니다."", ""현재가(214,500원)가 최근 애널리스트 리포트의 목표 주가 범위(280,000원~340,000원) 대비 현저히 저평가되어 있어 상승 여력이 큽니다."", ""부채비율 47.8%의 낮은 재무 리스크와 8,147억원의 견조한 영업현금흐름을 통해 재무적 안정성이 확보된 상태입니다.""]"
035420,네이버,2023-10-04,191200,Sell,75,"[""최근 1개월 수익률이 -12.09%로 단기 하락 추세가 뚜렷합니다."", ""거래량 변화율이 -43.04%로 급감하여 주가 반등을 위한 매수 모멘텀이 부족합니다."", ""2분기 실적 성장에도 불구하고 PER이 적자로 표시되어 있어 전반적인 수익성 지표에 불확실성이 존재합니다.""]"
035420,네이버,2023-11-01,187700,Neutral,65,"[""2분기 매출(+17.7%)과 영업이익(+10.9%)의 성장세 및 낮은 PBR(1.26)은 긍정적인 펀더멘털을 시사한다."", ""최근 1개월 수익률(-6.62%)과 거래량 변화율(-14.13%)이 모두 감소하며 단기적인 하락 추세와 매수세 약화가 나타나고 있다."", ""재무지표상 PER은 적자로 표기된 반면 2분기 순이익은 흑자를 기록하여 데이터 간 불일치가 존재하며, 목표주가와 현재가 간의 괴리가 매우 커 단기 방향성 확신이 어렵다.""]"
035420,네이버,2023-12-01,206000,Buy,85,"[""3분기 매출과 영업이익이 전년 동기 대비 각각 18.9%, 15.1% 증가하며 견조한 성장세를 기록함"", ""최근 30일 내 발행된 5건의 애널리스트 리포트 목표주가(260,000원~340,000원)가 현재가(206,000원) 대비 매우 높게 형성되어 있음"", ""부채비율 49.3%와 영업현금흐름 1.4조원으로 재무 안정성이 매우 우수하며, 최근 1개월 수익률이 7.97%로 상승 추세에 있음""]"
035420,네이버,2024-01-02,227500,Buy,82,"[""2023년 3분기 매출이 전년 동기 대비 18.9%, 영업이익이 15.1% 증가하며 견조한 성장세를 기록함"", ""부채비율 49.3%의 낮은 수준과 1.4조 원의 풍부한 영업현금흐름으로 재무 안정성이 매우 높음"", ""최근 1개월 수익률 9.64%와 거래량 변화율 19.43% 증가가 결합되어 강력한 단기 상승 모멘텀을 형성함""]"
035420,네이버,2024-02-01,202500,Neutral,65,"[""최근 1개월 수익률이 -8.78%로 하락 추세에 있으며, 거래량 변화율이 0.60%로 매우 낮아 단기적인 반등 모멘텀이 부족함"", ""2023년 3분기 매출(+18.9%)과 영업이익(+15.1%)의 성장세 및 1.4조원의 영업현금흐름 등 펀더멘털은 견고함"", ""애널리스트들의 목표주가(270,000원~300,000원)가 현재가 대비 매우 높으나, 재무지표상 PER이 적자로 표기되어 있어 지표 간 상충함""]"
035420,네이버,2024-03-04,192000,Neutral,80,"[""최근 1개월 수익률이 -8.35%이며 주가가 52주 최저가에 근접한 24.4% 위치에 있어 단기 하락 추세가 뚜렷함"", ""현재 PER이 적자 상태로 표기되어 있어, 2023년 3분기의 매출(+18.9%) 및 영업이익(+15.1%) 성장세와 상충하는 실적 불확실성이 존재함"", ""현재가(192,000원)와 애널리스트 목표주가(270,000원~300,000원) 사이의 괴리율이 매우 크고 영업현금흐름(+1.4조원)이 양호하여 하방 경직성 및 상승 잠재력이 공존함""]"
035420,네이버,2024-04-01,194300,Neutral,65,"[""2023년 매출(+17.6%)과 영업이익(+14.1%)의 견조한 성장세와 낮은 부채비율(47.5%) 등 재무적 기초 체력은 우수함"", ""52주 가격 범위 내 현재 위치가 28.5%로 저점 부근이며 목표주가(260,000원)와 현재가의 괴리율이 크다는 점은 상승 요인임"", ""반면 ROE가 4.3%로 매우 낮고, 최근 1개월 수익률(-0.36%)과 거래량 변화율(-7.85%)이 모두 하락하며 단기 상승 모멘텀이 결여됨""]"
035420,네이버,2024-05-02,188800,Buy,75,"[""현재 주가가 52주 최저가에 근접한 18.7% 위치에 있어 기술적 반등 가능성이 높은 구간임"", ""2023년 매출(+17.6%)과 영업이익(+14.1%)이 모두 두 자릿수 성장하며 펀더멘털의 성장세가 확인됨"", ""최근 30일 내 모든 애널리스트 리포트가 현재가보다 훨씬 높은 260,000원~289,000원의 목표주가를 제시하며 강한 상승 여력을 시사함""]"
035420,네이버,2024-06-03,172700,Buy,78,"[""현재 주가가 52주 최저가 대비 3.9% 수준에 위치하여 가격 메리트가 매우 높고 하방 경직성이 확보된 구간임"", ""2024년 1분기 영업이익이 전년 동기 대비 32.9% 증가하며 본업의 강력한 성장세와 비용 효율화를 입증함"", ""최근 분석 리포트의 최저 목표주가(255,000원)와 현재가 사이의 괴리율이 매우 커 상승 여력이 충분함""]"
035420,네이버,2024-07-01,162900,Buy,75,"[""1분기 영업이익이 전년 동기 대비 32.9% 증가하며 강력한 실적 성장세를 기록함"", ""PBR 1.05배로 저평가 구간이며, 현재 주가가 52주 최저가(0.0%)에 위치하여 추가 하락 가능성보다 기술적 반등 가능성이 높음"", ""부채비율 45.9%와 6,218억원의 영업현금흐름을 통해 매우 안정적인 재무 구조를 보유함""]"
035420,네이버,2024-08-01,175000,Buy,78,"[""1분기 영업이익이 전년 동기 대비 32.9% 증가하고 영업현금흐름이 6,218억원으로 매우 양호하여 펀더멘털이 강화됨"", ""현재 주가가 52주 최저가 부근(위치 20.4%)에 머물고 있으며, 최근 1개월 수익률이 9.51%로 단기 반등 추세에 진입함"", ""최근 리포트의 목표주가(240,000원~254,000원)가 현재가 대비 상방 여력이 크며, 큐텐 사태로 인한 반사이익이라는 단기 모멘텀이 존재함""]"
035420,네이버,2024-09-02,166600,Buy,85,"[""2분기 영업이익이 전년 동기 대비 26.8% 증가하고 영업이익률 18.1%를 기록하며 강력한 실적 성장세를 증명함"", ""현재 주가가 52주 최저가 부근(하위 13.9%)에 위치하여 가격 메리트가 높으며, 애널리스트들의 평균 목표주가(약 246,800원) 대비 상승 여력이 매우 큼"", ""부채비율 45%의 낮은 수준과 1.2조원의 풍부한 영업현금흐름을 통해 매우 안정적인 재무 구조를 보유함""]"
035420,네이버,2024-10-02,168200,Buy,75,"[""2분기 영업이익이 전년 동기 대비 26.8% 증가하고 매출이 8.4% 성장하며 강력한 실적 개선세를 보임"", ""PBR 1.09배 및 52주 가격 범위 내 하단(17.2%)에 위치하여 밸류에이션 매력도가 높음"", ""부채비율 45%의 낮은 수준과 1.2조원의 영업현금흐름을 통해 매우 우수한 재무 안정성을 확보함""]"
035420,네이버,2024-11-01,169700,Buy,75,"[""2분기 영업이익이 전년 동기 대비 26.8% 증가하고 영업이익률 18.1%를 기록하는 등 강력한 이익 성장세를 보이고 있음"", ""현재가(169,700원)가 애널리스트들의 목표주가 범위(240,000원~260,000원) 대비 현저히 낮아 상승 여력이 매우 큼"", ""PBR 1.10배의 낮은 밸류에이션과 52주 최저가 근접 수준(현재 위치 19.2%)의 가격대는 하방 경직성을 확보한 것으로 판단됨""]"
035420,네이버,2024-12-02,203500,Buy,85,"[""3분기 영업이익이 전년 동기 대비 38.2% 증가하고 영업이익률 19.3%를 기록하며 강력한 실적 성장세를 보이고 있습니다."", ""최근 1개월 수익률 19.92%와 거래량 변화율 72.11%의 급증은 단기적인 주가 상승 모멘텀이 매우 강함을 시사합니다."", ""최근 30일 내 발행된 5건의 리포트가 모두 현재가(203,500원)보다 높은 240,000원~254,000원의 목표주가를 제시하며 일관된 상승 전망을 보이고 있습니다.""]"
035420,네이버,2025-01-02,193800,Neutral,75,"[""3분기 영업이익이 전년 동기 대비 38.2% 증가하고 영업현금흐름이 1.7조 원에 달하는 등 펀더멘털과 재무 안정성이 매우 강력함"", ""최근 1개월 수익률 -6.15% 및 거래량 변화율 -9.88%를 기록하며 단기적인 주가 하락 추세와 매수세 위축이 나타남"", ""목표주가(290,000원)와 현재가 간의 괴리율은 크나, 낮은 ROE(4.3%)와 단기 기술적 지표의 약세가 상승 동력을 상쇄함""]"
035420,네이버,2025-02-03,217000,Neutral,75,"[""3분기 영업이익이 전년 동기 대비 38.2% 증가하고 영업현금흐름이 1.7조원 규모로 실적 성장세와 재무 안정성이 매우 우수함"", ""현재 주가가 52주 최고가(221,500원)의 93.2% 수준까지 상승하여 단기적인 가격 저항 구간에 진입함"", ""최근 1개월 수익률은 8.55%로 상승했으나 거래량 변화율이 -37.08%로 급감하며 상승 모멘텀의 지속성에 의문이 제기됨""]"
035420,네이버,2025-03-04,205500,Buy,85,"[""2024년 3분기 영업이익이 전년 동기 대비 38.2% 증가하고 영업이익률 19.3%를 기록하며 강력한 성장세를 보임"", ""최근 분석 리포트 5건 모두 목표주가를 270,000원~290,000원으로 제시하여 현재가(205,500원) 대비 상승 여력이 매우 높음"", ""부채비율 42.6%의 낮은 재무 리스크와 1.7조원의 풍부한 영업현금흐름을 통해 안정적인 사업 운영 능력을 입증함""]"
035420,네이버,2025-04-01,196700,Buy,82,"[""2024년 영업이익이 전년 대비 32.9% 증가하고 영업이익률 18.4%를 기록하는 등 강력한 실적 성장세를 보임"", ""최근 30일 내 발행된 5건의 리포트 모두 목표주가를 280,000원~310,000원으로 제시하여 현재가 대비 상승 여력이 매우 높음"", ""부채비율 41.4%의 낮은 재무 리스크와 2.6조원의 풍부한 영업현금흐름을 통해 재무적 안정성이 확보됨""]"
035420,네이버,2025-05-02,197400,Buy,85,"[""전년 대비 영업이익이 32.9% 증가하고 부채비율이 41.4%로 낮아 재무적 성장성과 안정성이 매우 높음"", ""최근 컬리 제휴 및 플러스스토어 실적 기여 등 강력한 모멘텀이 발생했으며, 애널리스트 목표주가(210,000원~300,000원)가 현재가 대비 상향 여력이 큼"", ""PBR 1.15배의 낮은 밸류에이션과 2.6조원의 풍부한 영업현금흐름을 보유하여 하방 경직성을 확보함""]"
035420,네이버,2025-06-02,186500,Buy,85,"[""2025년 1분기 매출과 영업이익이 전년 동기 대비 각각 10.3%, 15.0% 증가하며 견조한 성장세를 기록함"", ""PBR 1.08배와 PER 14.7배의 낮은 밸류에이션 및 애널리스트들의 평균 목표주가(270,000~300,000원) 대비 현재가 상승 여력이 매우 높음"", ""부채비율 40.3%의 낮은 수준과 6,067억원의 양호한 영업현금흐름을 통해 재무적 안정성이 확보됨""]"
035420,네이버,2025-07-01,262000,Buy,85,"[""2025년 1분기 매출과 영업이익이 전년 동기 대비 각각 10.3%, 15.0% 증가하며 견조한 성장세를 기록함"", ""최근 1개월 수익률 38.40%와 거래량 변화율 338.40%가 결합되어 매우 강력한 상승 모멘텀을 보임"", ""현재가(262,000원)가 최근 애널리스트 목표주가 범위(310,000원~320,000원) 대비 약 18~22%의 추가 상승 여력이 있음""]"
035420,네이버,2025-08-01,225000,Buy,75,"[""2025년 1분기 영업이익이 전년 동기 대비 15.0% 증가하고 매출이 10.3% 성장하며 견조한 실적 성장세를 기록함"", ""현재가(225,000원)가 최근 애널리스트들의 목표 주가 범위(320,000원~340,000원) 대비 현저히 낮아 가격 메리트와 상승 여력이 충분함"", ""부채비율 40.3%의 낮은 재무 리스크와 6,067억원의 양호한 영업현금흐름을 통해 강력한 재무 안정성을 보유함""]"
035420,네이버,2025-09-01,215500,Buy,82,"[""2분기 매출과 영업이익이 전년 동기 대비 각각 11.7%, 10.3% 증가하며 견조한 성장세를 기록함"", ""현재가(215,500원)가 최근 애널리스트들의 목표주가 평균(약 328,000원) 대비 현저히 저평가되어 상승 여력이 큼"", ""부채비율 40.9%의 낮은 재무 리스크와 1.1조원의 풍부한 영업현금흐름을 통해 강력한 재무 안정성을 확보함""]"
035420,네이버,2025-10-01,254500,Buy,90,"[""최근 1개월 수익률 13.11%와 거래량 변화율 126.08%가 결합되어 강력한 단기 상승 모멘텀을 보이고 있습니다."", ""2분기 매출(+11.7%)과 영업이익(+10.3%)이 전년 동기 대비 모두 성장하며 펀더멘털의 견고함을 입증했습니다."", ""최근 30일 내 발행된 리포트들의 목표주가(320,000원~400,000원)가 현재가 대비 매우 높게 형성되어 있어 상승 여력이 충분합니다.""]"
035420,네이버,2025-11-03,274500,Neutral,75,"[""최근 1개월 수익률(+7.02%)과 거래량 증가(+13.69%)로 인해 단기적인 상승 모멘텀이 관찰됨"", ""가장 최근 리포트(10/20)의 목표주가(250,000원)가 현재가(274,500원)를 하회하며 본업의 성장 둔화를 경고함"", ""현재 주가가 52주 최고가 대비 87% 수준에 위치하여 단기적으로 추가 상승 여력이 제한적일 가능성이 있음""]"
035420,네이버,2025-12-01,243000,Buy,82,"[""3분기 매출이 전년 동기 대비 15.6%, 영업이익이 8.6% 증가하며 견조한 성장세를 기록하고 있습니다."", ""최근 30일 내 발행된 리포트들의 목표주가가 최저 300,000원에서 최고 410,000원으로 현재가(243,000원) 대비 상승 여력이 매우 높습니다."", ""부채비율 41.6%의 낮은 재무 리스크와 2.2조원의 강력한 영업현금흐름을 통해 재무적 안정성이 확보되어 있습니다.""]"
051910,LG화학,2023-01-02,604000,Sell,75,"[""최근 1개월 수익률이 -16.34%로 급락하고 거래량 변화율이 -29.00%로 감소하여 단기 하락 추세와 매수세 약화가 뚜렷함"", ""영업이익은 증가했으나 영업현금흐름이 -1.5조원으로 큰 폭의 마이너스를 기록하여 실제 현금 유입 능력이 매우 취약한 상태임"", ""52주 최고가 대비 현재 위치가 49.4%로 하락세에 있으며, 단기적으로 추세를 반전시킬 만한 기술적 지표가 부재함""]"
051910,LG화학,2023-02-01,688000,Neutral,80,"[""매출(+33.8%)과 영업이익(+23.9%)의 가파른 성장세 및 목표주가(780,000원)가 현재가보다 높아 상승 여력이 존재함"", ""최근 1개월 수익률(+14.67%)의 강한 모멘텀이 있으나, 52주 최고가 대비 현재 위치(82.7%)가 높아 단기 저항선에 근접함"", ""영업이익의 증가에도 불구하고 영업현금흐름이 -1.5조원으로 매우 부정적이며, 이는 재무적 불확실성으로 작용하여 상승 동력을 상쇄함""]"
051910,LG화학,2023-03-02,678000,Buy,82,"[""최근 애널리스트 리포트의 목표주가 범위(770,000원~880,000원)가 현재가(678,000원) 대비 상당한 상승 여력을 보이고 있습니다."", ""2022년 3분기 매출액이 전년 동기 대비 33.8%, 영업이익이 23.9% 증가하며 강력한 성장세를 기록했습니다."", ""ROE 14.3%의 양호한 수익성과 부채비율 79.9%의 안정적인 재무 구조를 유지하고 있습니다.""]"
051910,LG화학,2023-04-03,712000,Sell,82,"[""현재 주가가 52주 최고가(740,000원)에 근접한 89.9% 위치에 있어 단기 저항선 도달에 따른 조정 가능성이 높음"", ""2022년 영업이익이 전년 대비 40.4% 급감하며 수익성이 크게 악화된 상태임"", ""PER 30.1배 대비 ROE가 4.5%로 매우 낮아, 현재의 주가 수준이 기업의 실제 수익 창출 능력 대비 과평가되어 있음""]"
051910,LG화학,2023-05-02,746000,Buy,85,"[""최근 애널리스트 리포트들의 목표주가(880,000원~1,000,000원)가 현재가(746,000원) 대비 상당한 상승 여력을 보이고 있습니다."", ""최근 1개월 수익률이 4.78%로 상승 추세에 있으며, 거래량 변화율이 55% 증가하여 시장의 관심과 매수세가 유입되고 있습니다."", ""2022년 영업이익 감소에도 불구하고, 최근 리포트에서 1Q23 실적 서프라이즈와 배터리/첨단소재 중심의 턴어라운드 모멘텀이 확인되었습니다.""]"
051910,LG화학,2023-06-01,687000,Sell,75,"[""전년 동기 대비 매출은 증가했으나 영업이익이 22.8% 감소하여 수익성이 악화되는 추세임"", ""최근 1개월 수익률이 -7.16%이며 거래량 변화율이 -43.46%로 단기 하락 추세와 매수세 위축이 뚜렷함"", ""ROE가 4.5%로 낮은 수준임에도 PER이 29.0으로 형성되어 있어 현재 수익성 대비 밸류에이션 부담이 높음""]"
051910,LG화학,2023-07-03,691000,Neutral,65,"[""매출은 전년 동기 대비 24.9% 증가하며 외형 성장을 기록했으나, 영업이익은 22.8% 감소하여 수익성이 악화되는 상충된 모습이 나타남"", ""PER 29.2배 대비 ROE 4.5%로 밸류에이션 효율성이 낮으며, 최근 1개월 수익률이 0.58%에 그쳐 주가 모멘텀이 매우 약함"", ""부채비율 84.6%와 양호한 영업현금흐름으로 재무 안정성은 확보되었으나, 실적 지표의 혼조세로 인해 단기적 방향성을 확신하기 어려움""]"
051910,LG화학,2023-08-01,655000,Sell,82,"[""1분기 영업이익이 전년 동기 대비 22.8% 감소하였으며, ROE가 4.5%로 매우 낮은 수준임"", ""최근 5건의 애널리스트 리포트가 공통적으로 '실적 개선 지연', '녹록지 않은 하반기', '눈높이 하향조정' 등 부정적인 전망을 제시함"", ""최근 1개월 수익률이 -5.21%로 하락 추세에 있으며, PER 27.7배는 현재의 낮은 ROE 대비 밸류에이션 부담이 높음""]"
051910,LG화학,2023-09-01,570000,Sell,82,"[""매출은 증가했으나 영업이익이 전년 동기 대비 29.9% 감소하여 수익성이 악화되는 추세입니다."", ""최근 1개월 수익률이 -11.21%이며 거래량 변화율이 -42.80%로 급감하여 하락 모멘텀이 강하고 매수세가 위축되어 있습니다."", ""ROE가 4.4%로 낮은 수준임에도 PER은 24.1배로 형성되어 있어 수익성 대비 밸류에이션 부담이 존재합니다.""]"
051910,LG화학,2023-10-04,486000,Neutral,75,"[""PBR 0.92 및 영업현금흐름 2.5조 원의 양호한 수치는 자산 가치 측면에서 하방 경직성을 제공함"", ""전년 동기 대비 영업이익이 29.9% 감소하며 펀더멘털의 수익성 악화가 확인됨"", ""최근 1개월 수익률 -15.62% 및 52주 최저가 도달로 인해 단기 하락 모멘텀이 매우 강한 상태임""]"
051910,LG화학,2023-11-01,431000,Sell,75,"[""최근 1개월 수익률이 -14.65%로 매우 강한 하락 추세에 있으며, 주가가 52주 최저가 부근(현재 위치 1.2%)에 위치해 하방 압력이 높음"", ""전년 동기 대비 영업이익이 29.9% 감소하였고, 최근 애널리스트 리포트에서 4분기 실적 눈높이 하향 조정이 명시됨"", ""주가 하락 구간에서 거래량 변화율이 33.69% 증가하여 단기적으로 매도세가 강화되고 있는 흐름임""]"
051910,LG화학,2023-12-01,486500,Neutral,75,"[""PBR 0.92 및 52주 최저가 근접 수준(현재 위치 15.2%)으로 가격 메리트와 하방 경직성은 확보된 상태임"", ""전년 동기 대비 매출(-3.5%)과 영업이익(-5.6%)이 모두 감소하고 ROE가 4.5%로 낮아 펀더멘털 성장세가 약함"", ""최근 1개월 수익률은 6.81%로 반등 중이나 거래량 변화율이 -18.70%로 감소하여 상승 추세의 강도가 부족함""]"
051910,LG화학,2024-01-02,493500,Sell,82,"[""매출액(-3.5%)과 영업이익(-5.6%)이 전년 동기 대비 모두 감소하며 펀더멘털이 악화되는 추세입니다."", ""현재 주가 위치가 52주 최저가에 근접한 16.9% 수준이며, 최근 1개월 수익률(-2.08%)과 거래량 변화율(-13.86%)이 모두 음수를 기록하며 하락 추세가 지속되고 있습니다."", ""ROE가 4.5%로 매우 낮아 자본 효율성이 떨어지며, 최근 30일 내 주가 상승을 견인할 만한 구체적인 목표주가나 긍정적인 리포트가 부재합니다.""]"
051910,LG화학,2024-02-01,430000,Sell,75,"[""최근 1개월 수익률이 -10.51%로 강한 하락 추세에 있으며, 현재 주가 위치가 52주 최저가에 매우 근접(9.8%)하여 하방 압력이 높음"", ""2023년 3분기 매출(-3.5%)과 영업이익(-5.6%)이 전년 동기 대비 모두 감소하며 실적 성장성이 둔화됨"", ""거래량이 25.28% 증가했으나 주가가 하락하는 추세이므로, 이는 반등의 신호보다는 매도세의 강화로 판단됨""]"
051910,LG화학,2024-03-04,462000,Buy,80,"[""PBR 0.87 및 52주 내 현재 위치가 17.1%로 저평가 구간에 진입해 있어 가격 메리트가 높음"", ""최근 1개월 수익률 8.32% 상승과 거래량 변화율 53.12% 증가가 동반되며 기술적 반등 추세가 확인됨"", ""GM과의 양극재 대규모 공급계약이라는 구체적 호재와 현재가 대비 높은 목표주가(500,000원)가 상승 근거로 작용함""]"
051910,LG화학,2024-04-01,430500,Sell,75,"[""52주 최저가 대비 현재 위치가 9.9%로 매우 낮으며, 최근 1개월 수익률이 -4.97%로 하락 추세에 있음"", ""거래량 변화율이 -35.26%로 크게 감소하여 주가 상승을 견인할 시장의 관심과 매수세가 부족함"", ""전년 대비 영업이익이 15.1% 감소하고 ROE가 2.9%에 불과해 기업의 수익성과 자본 효율성이 매우 낮음""]"
051910,LG화학,2024-05-02,405000,Sell,85,"[""가장 최근 애널리스트 리포트(2024-04-23)에서 투자의견이 하향되었으며, 목표주가(383,000원)가 현재가(405,000원)보다 낮게 설정됨"", ""최근 1개월 수익률이 -5.92%이며, 현재 주가 위치가 52주 최저가에 근접한 8.6% 지점에 있어 하락 추세가 강함"", ""2023년 영업이익이 전년 대비 15.1% 감소하고 ROE가 3.0%로 매우 낮아 수익성 및 효율성 지표가 악화됨""]"
051910,LG화학,2024-06-03,357500,Sell,85,"[""1분기 영업이익이 전년 동기 대비 67.1% 급감하고 매출 또한 18.7% 감소하며 실적 악화가 뚜렷합니다."", ""현재 주가가 52주 최저가 대비 1.7% 수준에 위치해 있으며, 최근 1개월 수익률이 -11.18%로 강한 하락 추세에 있습니다."", ""거래량 변화율이 -13.03%로 감소하며 주가 하락 구간에서 반등을 이끌 매수세가 부족한 상황입니다.""]"
051910,LG화학,2024-07-01,355500,Sell,75,"[""1분기 영업이익이 전년 동기 대비 67.1% 급감하고 매출 또한 18.7% 감소하며 펀더멘털의 급격한 악화가 확인됨"", ""현재 주가가 52주 최저가 대비 3.0% 수준에 머물러 있어 기술적으로 매우 강한 하락 추세에 있음"", ""거래량 변화율이 -8.85%로 감소하고 있어 단기적인 주가 반등을 이끌 매수 모멘텀이 부족함""]"
051910,LG화학,2024-08-01,314000,Sell,60,"[""최근 1개월 수익률이 -12.78%로 단기 하락 추세가 매우 강하게 나타나고 있음"", ""1분기 영업이익이 전년 동기 대비 67.1% 급감하며 펀더멘털의 심각한 악화가 확인됨"", ""ROE가 2.9%로 매우 낮아 자본 효율성이 떨어지며, 주가가 52주 최저가에 근접(2.1% 상회)해 있어 하방 압력이 지속될 가능성이 높음""]"
051910,LG화학,2024-09-02,340000,Buy,75,"[""PBR 0.59로 장부 가치 대비 저평가 상태이며, 52주 최저가 부근(현재 위치 21.1%)에 있어 하방 경직성이 확보됨"", ""최근 1개월 수익률 8.28% 상승 및 거래량 16.55% 증가로 단기 추세 전환의 신호가 포착됨"", ""최근 애널리스트 리포트에서 3분기 실적 우상향 기대와 함께 현재가 대비 매우 높은 목표주가(660,000원)를 제시함""]"
051910,LG화학,2024-10-02,353500,Buy,75,"[""PBR 0.61 및 52주 내 현재 위치 27.0%로 자산 가치 대비 주가가 과도하게 저평가된 구간임"", ""최근 1개월 수익률 12.76%와 거래량 증가(14.69%)는 단기적인 추세 전환 및 바닥 다지기 신호로 해석됨"", ""최근 애널리스트 리포트의 목표주가(470,000원~550,000원)가 현재가 대비 매우 높아 상승 여력이 충분함""]"
051910,LG화학,2024-11-01,318000,Sell,80,"[""최근 1개월 수익률 -10.80% 및 거래량 변화율 -13.49%로 단기 하락 추세와 시장 관심도 감소가 뚜렷함"", ""최근 애널리스트 리포트 5건 모두 4분기를 '쉬어가는 구간'으로 정의하며 단기 실적 개선 가시성이 낮음을 명시함"", ""2분기 매출(-14.2%)과 영업이익(-34.3%)이 전년 동기 대비 큰 폭으로 감소하며 실적 부진이 지속되고 있음""]"
051910,LG화학,2024-12-02,282500,Sell,85,"[""전년 동기 대비 영업이익이 42.1% 급감하며 수익성이 크게 악화되었습니다."", ""최근 1개월 수익률이 -11.16%이며 현재 주가가 52주 최저가 대비 4.1% 수준에 머물러 있어 하락 추세가 강합니다."", ""ROE가 3.0%로 매우 낮고 거래량 변화율이 음수(-3.05%)를 기록하여 시장의 관심과 자본 효율성이 모두 낮습니다.""]"
051910,LG화학,2025-01-02,242500,Sell,85,"[""현재가가 52주 최저가(0.0%)에 도달했으며 최근 1개월 수익률이 -14.61%로 강력한 하락 추세에 있음"", ""전년 동기 대비 영업이익이 42.1% 급감하며 수익성이 빠르게 악화되는 추세임"", ""PBR이 0.42로 매우 낮으나 ROE가 3.0%에 불과해 낮은 자산 효율성으로 인해 주가 반등 모멘텀이 부족함""]"
051910,LG화학,2025-02-03,222000,Neutral,65,"[""현재가가 52주 최저가(0.0% 위치)에 도달했으며 최근 1개월 수익률이 -10.48%로 하락 모멘텀이 매우 강함"", ""3분기 영업이익이 전년 동기 대비 42.1% 급감하며 펀더멘털의 단기 악화가 확인됨"", ""PBR 0.38배의 극심한 저평가 상태와 2.8조원의 양호한 영업현금흐름이 하방 경직성을 제공하여 추가 하락 가능성과 반등 가능성이 팽팽히 맞섬""]"
051910,LG화학,2025-03-04,227500,Sell,85,"[""최근 5건의 애널리스트 리포트가 공통적으로 단기 주가 약세 전망 및 모멘텀 부족을 명시함"", ""2024년 3분기 영업이익이 전년 동기 대비 42.1% 급감하며 펀더멘털의 가파른 하락세가 확인됨"", ""최근 1개월 수익률이 -4.21%로 하락 추세이며, 양극재 가이던스 하향 등 단기 악재가 지속되고 있음""]"
051910,LG화학,2025-04-01,244000,Buy,85,"[""PBR 0.36 및 52주 가격 범위 내 현재 위치가 12.5%로 매우 낮아 밸류에이션 매력과 기술적 반등 가능성이 높음"", ""최근 애널리스트 리포트(2025-03-19)에서 1분기 실적의 시장 기대치 상회 전망과 함께 현재가 대비 높은 목표주가(320,000원)를 제시함"", ""2024년 영업이익은 감소했으나 7조 원 규모의 강력한 영업현금흐름을 보유하여 재무적 안정성이 확보됨""]"
051910,LG화학,2025-05-02,210000,Neutral,75,"[""최근 1개월 수익률 -9.68% 및 거래량 변화율 -33.41%로 단기 하락 추세와 매수세 위축이 뚜렷함"", ""2024년 영업이익이 전년 대비 63.8% 급감하고 현재 PER이 적자로 표시되는 등 펀더멘털 악화가 진행 중임"", ""PBR 0.31의 극심한 저평가 상태와 7조 원의 견고한 영업현금흐름이 하방 경직성을 제공하여 방향성 판단이 상충됨""]"
051910,LG화학,2025-06-02,195300,Buy,82,"[""PBR이 0.29로 극도로 낮아 자산 가치 대비 매우 저평가된 상태임"", ""2025년 1분기 영업이익이 전년 동기 대비 68.9% 증가하며 뚜렷한 실적 턴어라운드 양상을 보임"", ""주가가 52주 최저가 대비 6.0% 수준에 위치하여 하방 경직성이 확보되었으며 기술적 반등 가능성이 높음""]"
051910,LG화학,2025-07-01,229000,Buy,85,"[""2025년 1분기 영업이익이 전년 동기 대비 68.9% 증가하며 강력한 실적 턴어라운드를 기록함"", ""PBR이 0.34로 자산 가치 대비 극심한 저평가 상태이며, 52주 내 현재 위치가 25.2%로 상승 여력이 충분함"", ""1.9조원의 풍부한 영업현금흐름과 97.7%의 안정적인 부채비율을 통해 재무 건전성을 확보함""]"
051910,LG화학,2025-08-01,290000,Buy,88,"[""PBR 0.43으로 극심한 저평가 상태이며, 최근 리포트에서 저PBR 해소 흐름이 강조되고 있음"", ""2025년 1분기 영업이익이 전년 동기 대비 68.9% 증가하며 수익성이 빠르게 회복되는 추세임"", ""최근 1개월 수익률이 12.84%로 상승 모멘텀이 확인되며, 모든 분석 리포트의 목표주가가 현재가(290,000원)를 상회함""]"
051910,LG화학,2025-09-01,271500,Neutral,65,"[""최근 1개월 수익률(-9.95%)과 거래량 변화율(-32.84%)이 모두 감소하며 단기적인 하락 추세와 시장 관심도 저하가 나타남"", ""영업이익은 전년 동기 대비 21.5% 증가했으나, 순이익은 -1,119억원의 적자를 기록하여 재무 성과 지표가 상충함"", ""PBR 0.40의 극심한 저평가 상태와 3.2조원의 견조한 영업현금흐름이 하방을 지지하지만, 리포트상 하반기 본업 부진 전망이 주가 상승의 제약 요인으로 작용함""]"
051910,LG화학,2025-10-01,281500,Buy,75,"[""PBR이 0.41로 매우 낮아 자산 가치 대비 주가가 현저히 저평가된 상태이다."", ""매출 감소에도 불구하고 영업이익이 전년 동기 대비 21.5% 증가했으며, 3.2조원의 강력한 영업현금흐름을 보유하고 있다."", ""최근 애널리스트 리포트에서 글로벌 석화 폐쇄 사이클 수혜를 근거로 현재가보다 훨씬 높은 500,000원의 목표주가를 제시했다.""]"
051910,LG화학,2025-11-03,393000,Neutral,60,"[""최근 1개월 수익률이 39.12%로 급등하며 52주 최고가 대비 89.8% 수준에 도달해 단기 가격 부담 및 조정 가능성이 존재함"", ""PBR 0.58의 저평가 상태와 전년 동기 대비 21.5% 증가한 영업이익, 3.2조원의 양호한 영업현금흐름은 하방 지지 요인임"", ""매출액이 전년 동기 대비 6.7% 감소하고 순이익이 -1,119억원으로 적자를 기록하는 등 수익성 지표의 불확실성이 공존함""]"
051910,LG화학,2025-12-01,372000,Neutral,65,"[""PBR 0.55의 낮은 밸류에이션과 3분기 영업이익의 전년 동기 대비 38.9% 증가 및 5.7조원의 영업현금흐름은 강력한 하방 지지선 역할을 함"", ""최근 1개월 수익률 -6.42%와 거래량 변화율 -32.01%는 단기적인 하락 추세와 시장의 매수세 약화를 나타냄"", ""애널리스트들의 목표주가는 현재가 대비 높게 형성되어 있으나, 분석 내용이 2026년 기대감 및 점진적 개선 등 중장기적 관점에 집중되어 있어 20거래일 내 단기 상승 동력으로는 불충분함""]"
352820,HYBE,2023-01-02,169500,Neutral,80,"[""최근 1개월 수익률(+10.42%)과 거래량 변화율(+25.46%)의 상승은 단기적인 기술적 반등 흐름을 보여줌"", ""PER(46.8)이 ROE(5.4%) 대비 지나치게 높아 밸류에이션 측면에서 주가 부담이 매우 큰 상태임"", ""매출은 전년 동기 대비 30.6% 증가했으나 영업이익은 7.6% 감소하여 외형 성장 대비 수익성이 악화됨""]"
352820,HYBE,2023-02-01,189500,Neutral,40,"[""최근 1개월 수익률(+9.22%)과 거래량 증가(+9.81%) 및 제시된 목표주가(196,000원~230,000원)가 현재가보다 높아 단기 상승 모멘텀이 존재함"", ""PER(52.3)이 매우 높은 반면 ROE(5.4%)는 낮아 밸류에이션 부담이 크며 주가 수익성 지표가 불균형함"", ""매출액은 전년 동기 대비 30.6% 증가했으나 영업이익은 7.6% 감소하여 외형 성장 대비 수익성이 악화되는 추세임""]"
352820,HYBE,2023-03-02,187000,Buy,65,"[""현재가(187,000원)가 제시된 모든 애널리스트 목표주가(최저 200,000원 ~ 최고 370,000원)보다 낮아 단기 가격 메리트가 있음"", ""거래량 변화율이 96.64%로 급증한 상태에서 52주 내 현재 위치가 36.3%로 낮아 기술적 반등 가능성이 높음"", ""영업이익은 소폭 감소했으나 매출액이 전년 동기 대비 30.6% 증가하고 영업현금흐름(+2,281억원)이 매우 양호하여 외형 성장세가 뚜렷함""]"
352820,HYBE,2023-04-03,184000,Sell,85,"[""PER가 145.4로 매우 높으나 ROE는 1.9%에 불과하여 수익성 대비 밸류에이션이 과도하게 높게 형성되어 있습니다."", ""거래량 변화율이 -42.54%로 급감하며 시장의 매수 관심도가 크게 낮아진 상태입니다."", ""최근 1개월 수익률이 -1.81%로 하락 추세이며, 52주 내 현재 위치가 34.9%로 낮음에도 불구하고 반등을 위한 거래량 지지가 부족합니다.""]"
352820,HYBE,2023-05-02,284500,Sell,90,"[""현재가가 52주 최고가(284,500원)에 도달하여 52주 내 위치가 100%로, 기술적 저항 및 차익 실현 매물 출회 가능성이 매우 높습니다."", ""PER이 224.9로 극도로 높으나 ROE는 1.9%에 불과하여, 기업의 수익성 대비 주가가 과도하게 고평가된 상태입니다."", ""최근 1개월 수익률이 50.61%로 단기간에 급등하여 과매수 구간에 진입한 것으로 판단됩니다.""]"
352820,HYBE,2023-06-01,277500,Sell,85,"[""PER가 219.4로 매우 높으나 ROE는 1.9%에 불과하여, 기업의 수익성 대비 주가가 극도로 과평가된 상태입니다."", ""현재 주가가 52주 최고가 대비 90.8% 수준으로 고점에 위치해 있으며, 거래량 변화율이 -21.47%로 감소하며 상승 동력이 약화되고 있습니다."", ""1분기 매출과 영업이익의 성장세는 뚜렷하나, 현재의 밸류에이션 배수는 해당 성장성을 이미 과도하게 반영하고 있어 단기 조정 가능성이 높습니다.""]"
352820,HYBE,2023-07-03,279500,Sell,85,"[""PER 220.9라는 극도로 높은 밸류에이션 대비 ROE가 1.9%에 불과하여 수익성 기반의 주가 정당성이 매우 낮습니다."", ""현재 주가가 52주 최고가 대비 86.1% 수준에 위치하여 상단 저항이 예상되며, 최근 1개월 수익률(0.72%)과 거래량 변화율(1.94%)에서 상승 모멘텀이 관찰되지 않습니다."", ""제공된 애널리스트 리포트가 2023년 6월 자료로 최신성이 결여되어 있으며, 현재의 고평가 지표를 상쇄할 만한 최근의 상승 근거가 부족합니다.""]"
352820,HYBE,2023-08-01,254000,Sell,75,"[""PER 200.8배 및 ROE 1.9%로 수익성 대비 밸류에이션이 극도로 과평가된 상태임"", ""최근 1개월 수익률이 -9.12%로 하락 추세이며, 거래량 변화율이 22.92% 증가하며 하락 압력이 강해지고 있음"", ""1분기 매출과 영업이익의 성장세는 뚜렷하나, 현재의 주가 흐름과 재무 지표 간의 괴리가 커 단기적 조정 가능성이 높음""]"
352820,HYBE,2023-09-01,249000,Sell,82,"[""PER 196.8배라는 극심한 고평가 상태 대비 ROE가 1.9%로 매우 낮아 펀더멘털 대비 주가 수준이 과도함"", ""매출은 21.2% 증가했으나 영업이익은 전년 동기 대비 7.9% 감소하여 수익성 악화 추세가 확인됨"", ""최근 1개월 수익률이 -1.19%이며 거래량 변화율이 -11.83%로 하락하며 시장의 매수 모멘텀이 약화됨""]"
352820,HYBE,2023-10-04,222500,Sell,90,"[""PER 175.9배라는 극도로 높은 밸류에이션 대비 ROE가 1.9%에 불과하여 수익성 기반의 주가 지지력이 매우 약함"", ""최근 1개월 수익률 -9.37%와 거래량 변화율 -44.60%가 동시에 나타나며 단기 하락 추세와 시장 관심도 감소가 뚜렷함"", ""매출은 21.2% 증가했으나 영업이익은 전년 동기 대비 7.9% 감소하여 외형 성장에도 불구하고 수익성이 악화되는 추세임""]"
352820,HYBE,2023-11-01,230500,Sell,85,"[""PER 182.2배라는 극도로 높은 밸류에이션 대비 ROE가 1.9%에 불과하여 수익성 기반의 주가 지지력이 매우 약함"", ""매출은 증가했으나 영업이익이 전년 동기 대비 7.9% 감소하며 외형 성장에도 불구하고 수익성이 악화되는 추세임"", ""최근 1개월 수익률이 -4.95%로 단기 하락 추세에 있으며, 현재 주가는 52주 최고가 대비 상당 부분 하락한 상태임""]"
352820,HYBE,2023-12-01,211500,Sell,85,"[""PER가 167.2로 매우 높은 반면 ROE는 1.9%에 불과하여 수익성 대비 밸류에이션이 극도로 과평가되어 있음"", ""최근 1개월 수익률이 -7.03%로 단기 하락 추세에 있으며, 52주 최고가 대비 현재 위치가 43.5%로 낮아진 상태임"", ""거래량 변화율이 110.35%로 급증했음에도 주가가 하락세를 보이고 있어 매도 압력이 강한 것으로 판단됨""]"
352820,HYBE,2024-01-02,241500,Sell,82,"[""PER 190.9와 ROE 1.9%는 현재 주가가 기업의 수익 창출 능력 대비 극도로 과평가되어 있음을 나타냅니다."", ""최근 1개월 수익률은 12.33%로 상승했으나, 거래량 변화율이 -56.42%로 급감하며 상승 모멘텀이 빠르게 소멸하고 있습니다."", ""3분기 실적 성장세(매출 +20.7%, 영업이익 +19.8%)가 확인되나, 현재의 극심한 고평가 상태를 정당화하기에는 부족합니다.""]"
352820,HYBE,2024-02-01,199000,Sell,85,"[""PER가 157.3으로 매우 높으나 ROE는 1.9%에 불과하여 현재 주가가 수익성 대비 과도하게 고평가되어 있음"", ""최근 1개월 수익률이 -16.91%이며 52주 내 현재 위치가 19.1%로 단기 및 중기 추세가 강한 하락세임"", ""3분기 실적 성장에도 불구하고 주가가 52주 최저가(173,500원)에 근접하고 있어 추가 하락 가능성이 높음""]"
352820,HYBE,2024-03-04,192700,Sell,85,"[""PER 152.3배라는 매우 높은 밸류에이션 대비 ROE가 1.9%에 불과하여 수익성 지표가 극히 저조함"", ""최근 1개월 수익률이 -5.77%이며, 현재 주가 위치가 52주 최저가 부근인 14.4% 지점에 있어 하락 추세가 강함"", ""애널리스트들의 목표주가(310,000원~330,000원)와 현재가(192,700원)의 괴리가 매우 크며, 시장이 이를 반영하지 않고 지속적으로 하락하고 있음""]"
352820,HYBE,2024-04-01,226500,Buy,82,"[""2023년 매출과 영업이익이 각각 전년 대비 22.6%, 24.8% 증가하며 강력한 성장세를 기록함"", ""최근 1개월 수익률 13.76%와 거래량 증가(10.66%)가 동반되며 단기 상승 모멘텀이 형성됨"", ""UMG와의 글로벌 독점 유통 계약 체결 및 목표주가(330,000원)가 현재가 대비 매우 높아 상승 여력이 충분함""]"
352820,HYBE,2024-05-02,200000,Neutral,45,"[""최근 1개월 수익률 -11.70% 및 52주 내 현재 위치 11.6%로 단기 하락 추세가 강하며 최저가에 근접해 있어 방향성이 불분명함"", ""PER 44.4배 대비 ROE 6.2%로 밸류에이션 부담이 높으며, 현재의 주가 수준을 정당화할 만한 수익성 지표가 부족함"", ""최근 애널리스트 리포트에서 내부 갈등(어도어, 뉴진스) 관련 불확실성이 반복적으로 언급되어 단기 변동성 확대 가능성이 높음""]"
352820,HYBE,2024-06-03,200500,Sell,85,"[""2024년 1분기 영업이익이 전년 동기 대비 72.6% 급감하며 수익성이 크게 악화되었습니다."", ""영업현금흐름이 -679억원으로 음수를 기록하여 현금 창출 능력이 저하된 상태입니다."", ""PER 44.5배의 높은 밸류에이션 대비 ROE가 6.2%로 낮고 실적 성장세가 꺾여 주가 부담이 큽니다.""]"
352820,HYBE,2024-07-01,200500,Sell,85,"[""2024년 1분기 영업이익이 전년 동기 대비 72.6% 급감하고 매출 또한 12.1% 감소하며 수익성이 크게 악화되었습니다."", ""영업현금흐름이 -679억원으로 음수를 기록하여 기업의 현금 창출 능력에 심각한 결함이 발견되었습니다."", ""PER 44.5배의 고평가 상태인 반면 ROE는 6.2%에 불과하며, 거래량 변화율이 -47.87%로 시장의 관심과 매수세가 급격히 위축되었습니다.""]"
352820,HYBE,2024-08-01,175300,Sell,85,"[""2024년 1분기 영업이익이 전년 동기 대비 72.6% 급감하고 매출 또한 12.1% 감소하며 수익성이 크게 악화되었습니다."", ""영업현금흐름이 -679억원으로 음수를 기록하여 기업의 현금 창출 능력에 심각한 결함이 발견되었습니다."", ""최근 1개월 수익률 -11.02% 및 거래량 감소와 더불어 주가가 52주 최저가 부근(현재 위치 4.8%)에 머물며 강한 하락 추세를 보이고 있습니다.""]"
352820,HYBE,2024-09-02,179800,Neutral,45,"[""전년 동기 대비 영업이익이 37.4% 급감하고 영업현금흐름이 -424억원으로 적자를 기록하여 펀더멘털 및 현금 창출 능력이 악화됨"", ""ROE(6.2%) 대비 PER(39.9)이 매우 높아 현재의 수익성 수준으로는 밸류에이션 부담이 큰 상태임"", ""52주 최저가 근접(18% 위치) 및 거래량 증가, 분석가들의 높은 목표주가는 기술적 반등 가능성을 시사하여 하락 근거와 강하게 충돌함""]"
352820,HYBE,2024-10-02,170100,Sell,85,"[""전년 동기 대비 영업이익이 37.4% 급감하며 수익성이 크게 악화되었습니다."", ""영업현금흐름이 -424억원으로 음수를 기록하여 현금 창출 능력에 심각한 결함이 보입니다."", ""최근 1개월 수익률이 -6.54%이며 거래량 또한 20.98% 감소하여 하락 추세와 매수세 약화가 동시에 나타나고 있습니다.""]"
352820,HYBE,2024-11-01,186700,Neutral,65,"[""애널리스트 목표주가(270,000~300,000원)와 현재가 사이의 괴리율이 매우 커 가격 메리트와 상승 여력이 존재함"", ""전년 동기 대비 영업이익이 37.4% 급감하고 영업현금흐름이 -424억원으로 적자를 기록하는 등 펀더멘털 악화가 뚜렷함"", ""PER(41.5) 대비 ROE(6.2%)가 낮아 밸류에이션 부담이 있으며, 거래량 변화율(-13.77%) 감소로 인해 단기 상승 모멘텀이 약화됨""]"
352820,HYBE,2024-12-02,189800,Buy,75,"[""현재가가 52주 가격 범위 내 32.5% 지점에 위치하며 최근 거래량이 62.75% 증가하여 기술적 반등 가능성이 높음"", ""최근 30일 내 발표된 5건의 애널리스트 리포트 모두 현재가보다 훨씬 높은 목표주가(255,000원~300,000원)를 제시하며 강한 상승 여력을 시사함"", ""3분기 영업이익이 전년 동기 대비 25.4% 감소했으나, 부채비율 61.4%와 양수(+)의 영업현금흐름을 통해 재무적 안정성을 유지하고 있음""]"
352820,HYBE,2025-01-02,196300,Sell,75,"[""3분기 영업이익이 전년 동기 대비 25.4% 감소하며 뚜렷한 수익성 악화 추세를 보이고 있습니다."", ""PER 43.6배라는 높은 밸류에이션 대비 ROE가 6.2%에 불과하여 자본 효율성 및 가격 매력도가 낮습니다."", ""거래량 변화율이 -29.72%로 크게 감소하여 단기적으로 주가를 견인할 시장의 매수 동력이 부족합니다.""]"
352820,HYBE,2025-02-03,226500,Sell,80,"[""현재 주가가 52주 최고가 대비 94.5% 수준에 위치하여 단기적으로 강력한 저항선에 근접함"", ""2024년 3분기 영업이익이 전년 동기 대비 25.4% 감소하며 펀더멘털의 수익성 악화가 확인됨"", ""최근 1개월간 주가는 상승했으나 거래량 변화율이 -32.35%로 크게 감소하여 상승 추세의 지속 가능성이 낮음""]"
352820,HYBE,2025-03-04,251000,Neutral,70,"[""PER 55.7 및 ROE 6.2%의 고평가 상태이며, 현재 주가가 52주 최고가 대비 89% 수준에 위치하여 단기 상승 여력이 제한적임"", ""전년 동기 대비 영업이익이 25.4% 감소하고 역대 최저 이익률을 기록하는 등 펀더멘털의 하락 추세가 뚜렷함"", ""최근 1개월 수익률(+11.56%)과 분석가들의 높은 목표주가(300,000원~320,000원)가 긍정적이나, 실적 악화라는 재무적 근거와 강하게 상충함""]"
352820,HYBE,2025-04-01,235000,Sell,92,"[""PER 1044.4와 ROE 0.3%는 현재 기업의 수익 창출 능력 대비 주가가 극도로 과평가되어 있음을 나타냅니다."", ""전년 대비 영업이익이 37.8% 급감하였으며, 당기순이익이 -34억원으로 적자 전환하며 수익성이 악화되었습니다."", ""최근 1개월 수익률 -8.74%와 거래량 변화율 -20.98%는 단기적인 하락 추세와 시장 관심도 감소를 동시에 보여줍니다.""]"
352820,HYBE,2025-05-02,264500,Sell,85,"[""PER 1175.6와 ROE 0.3%는 현재 주가가 기업의 수익 창출 능력 대비 극도로 과평가되었음을 나타냅니다."", ""2024년 연간 실적에서 영업이익이 전년 대비 37.8% 급감하고 순이익이 적자(-34억원)로 전환되어 펀더멘털이 악화되었습니다."", ""현재 주가가 52주 최고가 대비 97.7% 수준에 위치하여 기술적 저항선에 도달했으며, 추가 상승 여력보다 조정 가능성이 높습니다.""]"
352820,HYBE,2025-06-02,272000,Sell,85,"[""PER가 1208.9로 극도로 높고 ROE가 0.3%에 불과하여, 현재 주가가 기업의 수익 창출 능력 대비 심각하게 과평가되어 있습니다."", ""주가가 52주 최고가 대비 86.7% 수준의 고점에 위치해 있으나, 거래량 변화율이 -12.19%로 감소하며 상승 모멘텀이 둔화되고 있습니다."", ""1분기 영업이익 성장세에도 불구하고 영업이익률이 4.3%로 낮으며, 영업현금흐름(69억원)이 순이익(544억원)에 비해 현저히 낮아 이익의 질이 낮습니다.""]"
352820,HYBE,2025-07-01,313500,Sell,85,"[""PER 1393.3 및 ROE 0.3%는 현재의 수익성 대비 주가가 극도로 과평가되어 있음을 나타냅니다."", ""현재가가 52주 최고가(100%)에 도달하여 단기적으로 강력한 저항선 형성 및 차익 실현 매물 출회 가능성이 매우 높습니다."", ""시가총액 13.5조원 대비 영업현금흐름이 69억원에 불과하여 기업 가치를 지지할 현금 창출 능력이 매우 부족합니다.""]"
352820,HYBE,2025-08-01,251000,Sell,85,"[""PER 1115.6 및 ROE 0.3%라는 수치는 현재 기업 가치가 수익성 대비 극도로 과평가되어 있음을 나타냅니다."", ""최근 1개월 수익률 -13.60%와 거래량 변화율 -9.71%는 단기 하락 추세가 뚜렷하며 매수세가 위축되고 있음을 보여줍니다."", ""영업이익률 4.3%의 낮은 수익성과 순이익 대비 현저히 낮은 영업현금흐름(69억원)은 이익의 질이 낮음을 시사합니다.""]"
352820,HYBE,2025-09-01,285000,Buy,75,"[""2분기 영업이익이 전년 동기 대비 29.5% 증가하며 강력한 실적 성장세를 기록함"", ""최근 1개월 수익률 9.83%와 거래량 증가(15.07%)가 동반되며 단기 상승 모멘텀이 형성됨"", ""최근 30일 내 발행된 5건의 리포트 모두 현재가(285,000원)를 상회하는 목표주가(330,000~390,000원)를 제시함""]"
352820,HYBE,2025-10-01,268000,Sell,90,"[""PER가 1191.1로 극도로 높고 ROE가 0.3%에 불과하여 기업 가치 대비 주가가 과도하게 고평가되어 있으며 자본 효율성이 매우 낮습니다."", ""최근 1개월 수익률이 -5.63%이며 거래량 변화율이 -27.78%로 하락 추세와 함께 시장의 관심도가 감소하고 있습니다."", ""분기 순이익(155억원)이 시가총액(11.6조원) 규모에 비해 턱없이 낮아 현재의 주가 수준을 정당화할 수익 근거가 부족합니다.""]"
352820,HYBE,2025-11-03,342500,Sell,85,"[""PER 1522.2 및 ROE 0.3%라는 지표는 현재 기업의 수익 창출 능력 대비 주가가 극도로 과평가되어 있음을 나타냅니다."", ""현재가가 52주 최고가(342,500원)에 도달하여 52주 내 위치가 100%인 점은 단기적으로 강력한 저항선에 부딪혀 조정 가능성이 높음을 시사합니다."", ""최근 1개월 수익률이 27.56%로 급등한 상태에서 기술적 과매수 구간에 진입하여 단기 차익 실현 매물이 출회될 가능성이 큽니다.""]"
352820,HYBE,2025-12-01,292000,Sell,85,"[""3분기 영업이익이 전년 동기 대비 177.9% 급감하며 422억원의 영업손실과 520억원의 당기순손실을 기록했다."", ""PER이 1297.8로 극도로 높고 ROE가 0.3%에 불과해 현재 주가 수준에서 펀더멘털 기반의 밸류에이션 정당성이 매우 낮다."", ""최근 1개월 수익률이 -14.37%로 강한 하락 추세에 있으며, 거래량 또한 10.53% 감소하며 매수세가 위축된 상태다.""]"
329180,HD현대중공업,2023-01-02,117500,Sell,82,"[""전년 동기 대비 영업이익이 80.8% 급감하였으며, 영업이익률이 0.7%로 매우 낮은 수준임"", ""부채비율이 228.6%로 재무 안정성이 낮고, PER이 적자로 인해 산출되지 않는 상태임"", ""최근 1개월 수익률이 -0.84%이며 거래량 변화율이 -22.02%로 시장의 관심과 상승 모멘텀이 약화됨""]"
329180,HD현대중공업,2023-02-01,111300,Sell,85,"[""전년 동기 대비 영업이익이 80.8% 급감하였으며, 영업이익률이 0.7%로 수익성이 매우 낮습니다."", ""최근 1개월 수익률이 -4.05%로 하락 추세이며, 52주 가격 범위 내 현재 위치가 29.8%로 저점 부근에 머물고 있습니다."", ""부채비율이 228.6%로 재무 안정성이 낮고, PBR 2.09배는 현재의 낮은 수익성 대비 밸류에이션 부담이 존재합니다.""]"
329180,HD현대중공업,2023-03-02,105900,Sell,75,"[""현재가가 52주 최저가(104,000원)에 매우 근접한 3.8% 지점에 위치하여 강력한 하락 추세에 있음"", ""최근 1개월 수익률이 -4.42%이며 거래량 또한 -6.87% 감소하여 매수세가 위축된 상태임"", ""부채비율이 228.6%로 매우 높고, 2022년 3분기 영업이익이 전년 동기 대비 -80.8% 급감하여 수익성 악화가 뚜렷함""]"
329180,HD현대중공업,2023-04-03,100400,Sell,75,"[""영업이익(-2,892억원)과 순이익(-3,521억원)이 모두 적자 상태로 펀더멘털이 취약함"", ""부채비율이 208.1%로 매우 높아 재무 안정성이 낮음"", ""최근 1개월 수익률이 -3.65%이며, 현재 주가 위치가 52주 최저가 대비 11.1% 수준으로 하락 추세가 강함""]"
329180,HD현대중공업,2023-05-02,110700,Buy,80,"[""현재가(110,700원)가 최근 애널리스트들의 목표주가 범위(139,000원~150,000원) 대비 상당한 저평가 상태임"", ""최근 1개월 수익률이 10.70%로 단기 상승 모멘텀이 확인되며, 52주 가격 위치가 30.3%로 상승 여력이 충분함"", ""영업이익이 전년 대비 63.9% 개선되었고 영업현금흐름이 정(+)의 값(+712억원)을 기록하며 펀더멘털이 회복세에 있음""]"
329180,HD현대중공업,2023-06-01,116600,Buy,70,"[""매출이 전년 동기 대비 31.5% 증가하고 영업이익이 80.9% 개선되며 실적 턴어라운드 가능성이 높습니다."", ""당기순손실 상태임에도 불구하고 영업현금흐름이 678억원으로 양수를 기록하여 기초적인 현금 창출 능력을 보유하고 있습니다."", ""최근 1개월 수익률이 6.39%로 상승 추세에 있으며, 현재가가 애널리스트 목표주가(149,000원) 대비 낮은 수준입니다.""]"
329180,HD현대중공업,2023-07-03,131600,Neutral,40,"[""매출액이 전년 동기 대비 31.5% 증가하고 영업이익이 80.9% 개선되며 실적 턴어라운드 가능성을 보이고 있음"", ""영업현금흐름이 678억원으로 양수(+)를 기록하여 회계적 적자 상태에서도 실제 현금 창출 능력을 입증함"", ""부채비율이 222.7%로 매우 높고 현재 영업이익과 순이익이 모두 적자인 점이 펀더멘털 측면의 리스크로 작용함""]"
329180,HD현대중공업,2023-08-01,139300,Buy,82,"[""매출이 전년 동기 대비 31.5% 증가하고 영업이익이 80.9% 개선되는 등 실적 턴어라운드 추세가 뚜렷함"", ""최근 4건의 애널리스트 리포트 목표주가가 최저 157,000원에서 최고 185,000원으로 현재가(139,300원) 대비 상당한 상승 여력을 제시함"", ""영업현금흐름이 678억원으로 정(+)의 수치를 기록하고 있으며, 최근 1개월 수익률이 5.85%로 상승 모멘텀을 유지하고 있음""]"
329180,HD현대중공업,2023-09-01,128000,Sell,75,"[""최근 1개월 수익률이 -7.45%이고 거래량 변화율이 -28.81%로 단기 하락 추세와 매수세 위축이 뚜렷함"", ""2분기 영업이익 발생에도 불구하고 영업현금흐름이 -3,207억원으로 실제 현금 유입이 이루어지지 않는 불일치 상태임"", ""부채비율이 226.0%로 매우 높아 재무 안정성이 취약하며, PER 지표상 적자 상태가 지속되고 있음""]"
329180,HD현대중공업,2023-10-04,116500,Sell,75,"[""최근 1개월 수익률이 -11.41%이며 거래량 변화율이 -31.26%로 주가 하락 추세와 매수세 약화가 동시에 나타나고 있음"", ""영업현금흐름이 -3,207억원으로 큰 폭의 적자를 기록하고 있으며 부채비율이 226.0%로 재무 안정성이 취약함"", ""2분기 영업이익 성장세는 뚜렷하나 영업이익률이 2.2%에 불과하여 외형 성장 대비 수익성이 매우 낮음""]"
329180,HD현대중공업,2023-11-01,102800,Buy,75,"[""현재가가 52주 최저가 대비 16.7% 수준으로 낮아졌으며, 최근 거래량 변화율이 56.59%로 증가하며 바닥권 반등 가능성이 보임"", ""최근 30일 내 발행된 모든 애널리스트 리포트의 목표주가(145,000원~165,000원)가 현재가 대비 최소 40% 이상의 높은 상승 여력을 제시함"", ""2분기 매출이 전년 동기 대비 41.5%, 영업이익이 163.3% 증가하며 강력한 실적 성장세를 입증함""]"
329180,HD현대중공업,2023-12-01,128900,Sell,75,"[""순이익 -98억원 및 영업현금흐름 -523억원으로 수익성과 현금 창출 능력이 모두 결여되어 있음"", ""부채비율이 240.3%로 매우 높아 재무 안정성이 취약한 상태임"", ""매출은 증가했으나 영업이익은 전년 동기 대비 10% 감소했으며, 영업이익률이 0.5%로 극히 저조하여 외형 성장 대비 내실이 부족함""]"
329180,HD현대중공업,2024-01-02,127000,Sell,80,"[""순이익 -98억원 및 영업현금흐름 -523억원으로 수익성과 현금 창출 능력이 모두 결여되어 있음"", ""매출액이 29.5% 증가했음에도 영업이익은 전년 동기 대비 10.0% 감소하여 외형 성장 대비 수익성이 악화됨"", ""부채비율이 240.3%로 매우 높아 재무 안정성 리스크가 매우 큼""]"
329180,HD현대중공업,2024-02-01,112800,Neutral,65,"[""매출액이 전년 동기 대비 29.5% 증가하고 애널리스트 목표주가가 현재가보다 상당히 높게 형성되어 있어 상승 잠재력이 존재함"", ""순이익 적자, 영업현금흐름 마이너스(-523억원), 부채비율 240.3% 등 재무 건전성 및 수익성 지표가 매우 취약함"", ""최근 1개월 수익률이 -7.16%이며 거래량 변화율 또한 -20.37%로 단기적인 주가 흐름과 시장 관심도가 하락 추세임""]"
329180,HD현대중공업,2024-03-04,113600,Neutral,40,"[""매출액이 전년 동기 대비 29.5% 증가하고 애널리스트들이 현재가보다 높은 목표주가(141,000원~165,000원)를 제시하여 상승 모멘텀이 존재함"", ""부채비율이 240.3%로 매우 높고 영업현금흐름(-523억원)과 순이익(-98억원)이 모두 적자 상태여서 재무적 리스크가 큼"", ""거래량 변화율이 67.25%로 급증하며 시장의 관심은 높아졌으나, 최근 1개월 수익률이 -1.39%로 하락하며 지표 간 방향성이 상충함""]"
329180,HD현대중공업,2024-04-01,121300,Neutral,45,"[""매출(+32.3%)과 영업이익(+161.8%)의 가파른 성장세가 확인되나, 영업이익률이 1.5%로 매우 낮아 수익성 개선 속도가 더딤"", ""PER 436.3 및 ROE 0.6%는 현재의 이익 수준 대비 주가가 극도로 고평가되어 있음을 나타냄"", ""부채비율이 229.0%로 재무 안정성이 낮아, 성장성과 재무 리스크가 상충하여 방향성 확신이 어려움""]"
329180,HD현대중공업,2024-05-02,136200,Buy,75,"[""최근 1개월 수익률 12.28%와 거래량 변화율 34.08% 증가로 단기 상승 모멘텀이 강하게 형성됨"", ""최근 30일 내 발행된 5건의 리포트가 모두 160,000원 이상의 목표주가를 제시하며 현재가 대비 약 17~21%의 상승 여력을 시사함"", ""2023년 영업이익이 전년 대비 161.8% 급증하며 실적 턴어라운드 추세가 확인됨""]"
329180,HD현대중공업,2024-06-03,131800,Neutral,60,"[""PER 474.1 및 ROE 0.6%로 현재 주가 수준이 펀더멘털 대비 과도하게 높게 평가되어 있으며 자본 효율성이 매우 낮음"", ""영업이익 성장률은 151.3%로 가파르나, 실제 영업이익률은 0.7%에 불과해 수익 구조가 매우 취약함"", ""최근 1개월 수익률이 -4.28%로 하락 추세에 있으나, 애널리스트 목표주가(160,000원)와의 괴리율이 커 방향성이 혼재됨""]"
329180,HD현대중공업,2024-07-01,155100,Sell,90,"[""PER 557.9와 ROE 0.6%는 현재 수익성 대비 주가가 극도로 과평가되어 있음을 나타냅니다."", ""현재가가 52주 최고가 대비 97.6% 수준에 위치하여 단기적으로 강력한 저항선에 도달했습니다."", ""최근 1개월 수익률이 17.41%로 높았으나 거래량 변화율이 -38.49%로 급감하며 상승 모멘텀이 약화되었습니다.""]"
329180,HD현대중공업,2024-08-01,214000,Sell,80,"[""현재가가 52주 최고가(214,000원)에 도달하여 위치가 100%이며, 최근 1개월 수익률이 40.88%로 단기 급등에 따른 조정 가능성이 매우 높음"", ""PER 769.8배, ROE 0.6%로 현재의 주가 수준을 정당화하기에는 펀더멘털 및 수익성이 극도로 낮음"", ""영업이익 증가율은 높으나 실제 영업이익률은 0.7%에 불과하며, 부채비율이 233.2%로 재무적 부담이 존재함""]"
329180,HD현대중공업,2024-09-02,185500,Sell,75,"[""PER 667.3 및 ROE 0.6%로 현재 주가가 기업의 수익성 대비 극도로 고평가된 상태임"", ""최근 1개월 수익률이 -13.32%를 기록하며 단기적인 하락 추세가 뚜렷함"", ""부채비율이 228.8%로 재무 안정성 지표가 취약함""]"
329180,HD현대중공업,2024-10-02,183100,Sell,85,"[""PER 658.6와 ROE 0.6%는 현재 수익성 대비 주가가 극도로 과평가되어 있음을 나타냅니다."", ""최근 1개월 수익률(-4.24%)과 거래량 변화율(-36.56%)이 모두 감소하며 단기 하락 추세와 모멘텀 약화가 확인됩니다."", ""2분기 실적 성장세에도 불구하고 228.8%의 높은 부채비율과 낮은 자본 효율성이 주가 상승의 제약 요인으로 작용합니다.""]"
329180,HD현대중공업,2024-11-01,174200,Neutral,80,"[""PER 626.6 및 ROE 0.6%로 현재 주가가 기업의 수익성 대비 극도로 고평가되어 있어 밸류에이션 부담이 매우 큼"", ""최근 1개월 수익률 -5.63%와 거래량 변화율 -19.26%를 통해 단기적인 주가 하락 추세와 매수 모멘텀 약화가 확인됨"", ""2분기 영업이익이 전년 동기 대비 185.4% 급증하고 1.4조원의 영업현금흐름을 확보하는 등 펀더멘털의 성장세가 뚜렷하여 하락폭을 제한함""]"
329180,HD현대중공업,2024-12-02,211000,Buy,82,"[""3분기 영업이익이 전년 동기 대비 1497.1% 증가하며 폭발적인 실적 성장세를 기록함"", ""최근 1개월 수익률 21.13%와 거래량 변화율 135.11%가 결합되어 강력한 단기 상승 모멘텀을 형성함"", ""애널리스트 목표주가 260,000원이 현재가 211,000원 대비 약 23%의 추가 상승 여력을 제시함""]"
329180,HD현대중공업,2025-01-02,289000,Sell,85,"[""PER 1039.6 및 PBR 5.83으로 밸류에이션이 극도로 과평가되어 있으며, ROE가 0.6%로 매우 낮아 자본 효율성이 현저히 떨어집니다."", ""현재 주가가 52주 최고가 대비 95.2% 지점에 위치하고 최근 1개월 수익률이 31.36%로 급등하여 단기 고점 부담 및 차익 실현 매물 출회 가능성이 높습니다."", ""주가가 고점 부근에 있음에도 거래량 변화율이 -20.26%로 감소하고 있어 상승 모멘텀이 둔화되는 추세입니다.""]"
329180,HD현대중공업,2025-02-03,311500,Buy,78,"[""전년 동기 대비 영업이익이 1497.1% 증가하며 폭발적인 실적 성장세를 기록하고 있음"", ""1.4조 원의 강력한 영업현금흐름을 확보하여 재무적 유동성이 매우 양호함"", ""최근 30일 내 발행된 4건의 리포트가 현재가(311,500원)를 크게 상회하는 370,000원~383,000원의 목표주가를 일관되게 제시함""]"
329180,HD현대중공업,2025-03-04,314500,Buy,82,"[""전년 동기 대비 영업이익이 1497.1% 폭증하고 1.4조원의 강력한 영업현금흐름을 확보하여 실적 턴어라운드가 뚜렷함"", ""최근 30일 내 발행된 모든 애널리스트 리포트의 목표주가(350,000원~470,000원)가 현재가보다 상당히 높게 형성되어 있음"", ""최근 1개월 수익률은 1.13%로 횡보 중이나 거래량 변화율이 56.01% 증가하며 주가 상승을 위한 수급 모멘텀이 포착됨""]"
329180,HD현대중공업,2025-04-01,291000,Neutral,65,"[""영업이익이 전년 대비 294.8% 급증하고 영업현금흐름이 2.9조원으로 매우 양호하여 펀더멘털의 성장세가 뚜렷함"", ""PBR 5.35와 PER 41.6으로 밸류에이션 지표가 매우 높아 단기적인 주가 상승에 부담이 되는 수준임"", ""최근 1개월 수익률이 -1.69%이며 거래량 변화율이 -54.18%로 급감하여 단기 상승 모멘텀이 크게 약화된 상태임""]"
329180,HD현대중공업,2025-05-02,408500,Neutral,80,"[""현재가가 52주 최고가(100%)에 도달했으며 최근 1개월 수익률이 40.38%로 단기 급등에 따른 기술적 조정 및 차익 실현 가능성이 높음"", ""PER 58.4 및 PBR 7.52의 지표는 기업의 성장성을 감안하더라도 밸류에이션 부담이 매우 과도한 수준임"", ""전년 대비 영업이익 294.8% 증가라는 압도적인 실적 성장세와 최근 분석가들의 높은 목표주가(최대 610,000원)가 강력한 상승 모멘텀으로 작용함""]"
329180,HD현대중공업,2025-06-02,428000,Sell,85,"[""현재 주가가 52주 최고가(428,000원)에 도달하여 52주 내 위치가 100%로 단기 고점 부담이 매우 높습니다."", ""PER 61.1배, PBR 7.88배로 업종 특성 대비 밸류에이션이 과도하게 평가되어 있습니다."", ""주가가 최고점에 도달한 상황에서 거래량 변화율이 -41.79%로 급감하며 상승 모멘텀이 약화되고 있습니다.""]"
329180,HD현대중공업,2025-07-01,420500,Neutral,85,"[""2025년 1분기 영업이익이 전년 동기 대비 1939.8% 폭증하고 영업현금흐름이 1.7조 원으로 매우 강력한 성장세를 보임"", ""PER 60.1, PBR 7.74의 극도로 높은 밸류에이션과 52주 최고가 대비 87% 수준의 현재 위치는 단기 고점 부담 및 조정 가능성을 시사함"", ""260.1%의 높은 부채비율이 재무적 리스크로 작용하여 실적 성장으로 인한 상승 모멘텀을 상쇄함""]"
329180,HD현대중공업,2025-08-01,476500,Sell,85,"[""PBR 8.77 및 PER 68.1은 업종 특성 대비 극도로 고평가된 상태로 밸류에이션 부담이 매우 큼"", ""주가가 52주 최고가 대비 95.7% 수준에 도달했으며, 최근 1개월간 20.94% 급등 후 거래량이 17.40% 감소하며 상승 동력이 약화됨"", ""부채비율이 260.1%로 재무 안정성이 낮으며, 현재 주가 수준에서 기대할 수 있는 분석가 평균 목표주가 대비 상승 여력이 제한적임""]"
329180,HD현대중공업,2025-09-01,510000,Neutral,65,"[""영업이익이 전년 동기 대비 141% 급증하고 애널리스트 목표주가가 현재가 대비 최대 29% 높게 형성되어 있어 상승 모멘텀이 존재함"", ""PER 72.8 및 PBR 9.38이라는 수치는 중공업 업종 특성 대비 밸류에이션이 매우 과도하여 단기 가격 조정의 위험이 큼"", ""현재 주가가 52주 최고가 대비 96.8% 지점에 위치하여 기술적으로 강력한 저항 구간에 진입한 상태임""]"
329180,HD현대중공업,2025-10-01,528000,Sell,85,"[""현재가가 52주 최고가(528,000원)에 도달하여 52주 내 위치가 100%로, 단기 고점 부담 및 기술적 조정 가능성이 매우 높습니다."", ""PER 75.4배와 PBR 9.72배는 업종 특성 및 ROE(12.9%) 대비 극도로 과평가된 수준입니다."", ""주가가 최고점에 도달했음에도 거래량 변화율이 -38.02%로 급감하며 상승 모멘텀이 약화되는 추세입니다.""]"
329180,HD현대중공업,2025-11-03,607000,Sell,85,"[""PER 86.7 및 PBR 11.17로 업종 평균 및 일반적 기준 대비 밸류에이션이 극도로 고평가되어 있음"", ""현재 주가가 52주 최고가(624,000원)의 96.2% 수준에 도달하여 단기적으로 강력한 저항선에 직면함"", ""부채비율이 219.3%로 매우 높아 재무 안정성 리스크가 존재하며, 최근 1개월간 23.5%의 급격한 상승으로 인한 차익 실현 매물 출회 가능성이 높음""]"
329180,HD현대중공업,2025-12-01,515000,Neutral,85,"[""3분기 영업이익이 전년 동기 대비 170.3% 급증하고 애널리스트 목표주가가 현재가 대비 매우 높게 형성되어 있어 펀더멘털 측면의 상승 잠재력이 큼"", ""PER 73.6배, PBR 9.48배로 밸류에이션 부담이 극도로 높으며 부채비율 또한 221.6%로 재무적 리스크가 존재함"", ""최근 1개월 수익률이 -14.17%로 가파른 하락 추세에 있으며, 거래량 증가를 동반한 하락은 단기적인 매도 압력이 강함을 시사함""]"
012450,한화에어로스페이스,2023-01-02,74972,Sell,82,"[""전년 동기 대비 영업이익이 23.4% 감소하며 수익성이 악화되는 추세입니다."", ""영업현금흐름이 -1,908억원으로 음수이며 부채비율이 185.4%로 높아 재무 안정성이 취약합니다."", ""거래량 변화율이 -39.07%로 급감하여 주가 상승을 견인할 시장의 모멘텀이 부족합니다.""]"
012450,한화에어로스페이스,2023-02-01,82307,Sell,75,"[""전년 동기 대비 영업이익이 23.4% 감소하고 영업현금흐름이 -1,908억원으로 적자를 기록하여 수익성과 현금 창출 능력이 악화되었습니다."", ""현재 주가가 52주 최고가 대비 89.5% 수준에 위치하여 단기적으로 상단 저항선에 근접해 있습니다."", ""부채비율이 185.4%로 높은 수준이며, 영업현금흐름의 마이너스 상태가 재무 안정성에 부정적인 영향을 미칠 가능성이 큽니다.""]"
012450,한화에어로스페이스,2023-03-02,92595,Sell,85,"[""현재 주가가 52주 최고가 대비 97.4% 수준에 위치하여 단기 저항선에 도달한 과매수 상태임"", ""최근 1개월 수익률은 상승했으나 거래량 변화율이 -23.99%로 감소하며 상승 모멘텀이 약화되는 다이버전스가 발생함"", ""전년 동기 대비 영업이익이 23.4% 감소하고 영업현금흐름이 -1,908억원으로 적자를 기록하는 등 재무 건전성이 악화됨""]"
012450,한화에어로스페이스,2023-04-03,104513,Sell,85,"[""현재가가 52주 최고가(104,513원)에 도달하여 52주 내 위치가 100%로, 단기적 고점 부담 및 조정 가능성이 매우 높음"", ""주가가 최고점임에도 불구하고 거래량 변화율이 -6.88%로 감소하고 있어 상승 모멘텀의 약화가 관찰됨"", ""부채비율이 286.3%로 매우 높아 재무 안정성이 취약하며, ROE(5.2%) 대비 PER(26.4)이 높아 밸류에이션 부담이 존재함""]"
012450,한화에어로스페이스,2023-05-02,109607,Buy,85,"[""2022년 매출(+18.0%)과 영업이익(+36.1%)의 가파른 성장세가 확인되며 펀더멘털이 강화되고 있습니다."", ""최근 애널리스트들의 목표주가 평균이 약 137,600원으로 현재가(109,607원) 대비 약 25%의 상승 여력이 존재합니다."", ""거래량 변화율(+58.41%)과 최근 1개월 수익률(+8.47%)이 모두 상승하며 강한 매수 모멘텀을 보이고 있습니다.""]"
012450,한화에어로스페이스,2023-06-01,110015,Neutral,65,"[""1분기 매출(+65.2%)과 영업이익(+384.7%)이 전년 동기 대비 폭발적으로 성장하며 강력한 실적 모멘텀을 보임"", ""부채비율이 265.9%로 매우 높고 영업현금흐름이 -6,909억원으로 음수를 기록하여 재무 안정성 및 현금 유동성 리스크가 존재함"", ""주가가 52주 최고가 대비 87.7% 수준으로 고점에 위치해 있으며, 거래량 변화율이 -29.89%로 감소하며 단기 상승 동력이 약화됨""]"
012450,한화에어로스페이스,2023-07-03,132527,Neutral,80,"[""매출(+65.2%)과 영업이익(+384.7%)의 폭발적인 성장세 및 최근 1개월 수익률(+20.46%)의 강한 상승 모멘텀이 확인됨"", ""부채비율이 265.9%로 매우 높고 영업현금흐름이 -6,909억원으로 큰 폭의 적자를 기록하여 재무 안정성이 매우 취약함"", ""PER(33.4) 대비 ROE(5.2%)가 낮아 밸류에이션 부담이 있으며, 현재 주가가 52주 최고가 대비 87.7% 수준으로 고점 부근에 위치함""]"
012450,한화에어로스페이스,2023-08-01,123766,Sell,80,"[""최근 1개월 수익률(-6.61%)과 거래량 변화율(-13.52%)이 모두 감소하며 단기 하락 추세 및 투자 모멘텀의 약화가 확인됨"", ""부채비율이 265.9%로 매우 높고 영업현금흐름이 -6,909억원으로 큰 폭의 적자를 기록하여 재무 안정성이 매우 취약함"", ""PER(31.2) 대비 ROE(5.2%)가 현저히 낮아, 기업의 수익 창출 능력 대비 주가가 고평가된 상태임""]"
012450,한화에어로스페이스,2023-09-01,116737,Sell,82,"[""최근 1개월 수익률이 -5.13%이며 거래량 변화율이 -50.72%로 급감하여 단기 상승 모멘텀이 크게 약화됨"", ""매출은 23.4% 증가했으나 영업이익은 오히려 4.9% 감소하여 외형 성장 대비 수익성이 악화되는 추세임"", ""부채비율이 295.6%로 매우 높으며, PER(29.4) 대비 ROE(5.2%)가 낮아 밸류에이션 부담이 존재함""]"
012450,한화에어로스페이스,2023-10-04,104107,Sell,75,"[""최근 1개월 수익률이 -11.28%로 강한 하락 추세에 있으며 거래량 또한 감소하고 있어 단기 모멘텀이 약화됨"", ""매출은 23.4% 증가했으나 영업이익은 오히려 4.9% 감소하여 외형 성장 대비 수익성이 악화되는 모습임"", ""부채비율이 295.6%로 매우 높고, ROE(5.2%) 대비 PER(26.3)이 높아 현재 주가 수준에서 밸류에이션 부담이 존재함""]"
012450,한화에어로스페이스,2023-11-01,115617,Neutral,65,"[""매출은 전년동기 대비 23.4% 증가했으나 영업이익은 4.9% 감소하여 수익성이 악화되는 모습이 나타남"", ""부채비율이 295.6%로 매우 높아 재무 안정성 리스크가 존재하며, PER(29.2) 대비 ROE(5.2%)가 낮아 밸류에이션 부담이 있음"", ""최근 1개월 수익률과 거래량은 증가 추세이나, 최신 리포트에서 3분기를 '쉬어가는 분기'로 전망하여 단기 상승 모멘텀이 제한적일 가능성이 높음""]"
012450,한화에어로스페이스,2023-12-01,138537,Sell,75,"[""52주 최고가 대비 91.5% 수준의 고점 영역에 진입했으나 거래량 변화율이 -13.19%로 감소하며 상승 모멘텀의 둔화가 관찰됨"", ""PER 35.0배의 높은 밸류에이션 대비 ROE 5.2% 및 분기 순이익 67억원이라는 낮은 수익성 지표를 보임"", ""부채비율이 309.7%로 매우 높아 재무적 안정성이 취약한 상태임""]"
012450,한화에어로스페이스,2024-01-02,132119,Neutral,75,"[""매출(+31.1%)과 영업이익(+80.9%)의 가파른 성장세 및 양호한 영업현금흐름(+5,643억원)은 긍정적인 요소입니다."", ""부채비율이 309.7%로 매우 높고, 영업이익 대비 순이익(+67억원) 규모가 현저히 낮아 재무적 리스크가 존재합니다."", ""PER(33.3)이 ROE(5.2%) 대비 높게 평가되어 있으며, 주가가 52주 최고가 대비 83.1% 지점에 위치해 단기 저항 가능성이 있습니다.""]"
012450,한화에어로스페이스,2024-02-01,135074,Neutral,85,"[""매출(+31.1%)과 영업이익(+80.9%)의 강력한 성장세가 확인되나, 부채비율이 309.7%로 매우 높아 재무적 리스크가 공존함"", ""PER 34.1배 대비 ROE 5.2%는 수익성 대비 밸류에이션이 높게 형성되어 있어 추가 상승 여력이 제한적임"", ""영업이익(1,147억원) 대비 당기순이익(67억원)이 현저히 낮고, 최근 1개월 수익률이 -0.53%로 52주 고점 부근에서 정체 상태임""]"
012450,한화에어로스페이스,2024-03-04,191099,Sell,85,"[""최근 1개월 수익률이 42.23%로 급등하며 52주 최고가 대비 93.6% 수준에 도달해 단기 과열에 따른 차익 실현 매물 출회 가능성이 매우 높음"", ""PER 48.2배라는 높은 밸류에이션 대비 ROE가 5.2%로 매우 낮아, 현재 주가가 기업의 실제 수익 창출 능력보다 과도하게 평가됨"", ""부채비율이 309.7%로 재무 건전성이 취약하며, 현재가가 애널리스트들의 평균 목표주가 범위(185,000원~210,000원) 상단에 근접하여 추가 상승 여력이 제한적임""]"
012450,한화에어로스페이스,2024-04-01,212899,Buy,82,"[""2023년 매출액이 32.6%, 영업이익이 72.6% 증가하며 매우 강력한 성장세를 기록하고 있습니다."", ""현재가(212,899원)가 최근 애널리스트 목표주가 범위(235,000원~250,000원) 대비 상승 여력이 충분합니다."", ""ROE 17.7%의 높은 수익성과 1.4조원의 양호한 영업현금흐름이 317.2%의 높은 부채비율 리스크를 상쇄합니다.""]"
012450,한화에어로스페이스,2024-05-02,224614,Buy,82,"[""2023년 매출액 32.6%, 영업이익 72.6% 증가라는 강력한 성장세와 17.7%의 높은 ROE를 기록하고 있다."", ""최근 애널리스트들의 평균 목표주가(약 267,000원)가 현재가(224,614원) 대비 약 18.9%의 상승 여력을 보여준다."", ""부채비율(317.2%)은 높으나 1.4조원의 강력한 영업현금흐름이 이를 뒷받침하며 재무적 완충 역할을 하고 있다.""]"
012450,한화에어로스페이스,2024-06-03,227160,Sell,85,"[""1분기 영업이익이 전년 동기 대비 83.2% 급감하였으며 영업이익률이 2.0%로 매우 저조함"", ""부채비율이 343.4%로 매우 높고 영업현금흐름이 -4,230억원으로 재무 안정성이 취약함"", ""주가가 52주 최고가 부근(87.5%)에 위치해 있으나 거래량 변화율이 -44.37%로 상승 동력이 급격히 약화됨""]"
012450,한화에어로스페이스,2024-07-01,248043,Sell,85,"[""2024년 1분기 영업이익이 전년 동기 대비 83.2% 급감하였으며 영업이익률이 2.0%로 매우 저조함"", ""부채비율이 343.4%로 매우 높고 영업현금흐름이 -4,230억원으로 재무 안정성이 취약함"", ""현재 주가가 52주 최고가 대비 95.2% 수준에 위치하여 단기 고점 부담이 크며 실적 악화와 괴리가 발생함""]"
012450,한화에어로스페이스,2024-08-01,309163,Sell,75,"[""52주 최고가 대비 91.7% 수준에 위치하고 최근 1개월 수익률이 30.26%로 매우 높아 단기 과매수 상태에 따른 조정 가능성이 큼"", ""1분기 영업이익이 전년 동기 대비 83.2% 급감하고 영업현금흐름이 -4,230억원으로 적자인 등 실적 및 재무 건전성이 매우 악화됨"", ""부채비율이 343.4%로 매우 높으며, 현재 주가가 최근 제시된 애널리스트 목표주가들의 평균치에 근접하여 추가 상승 여력이 제한적임""]"
012450,한화에어로스페이스,2024-09-02,295411,Neutral,75,"[""2분기 영업이익이 전년 동기 대비 356.7% 증가하며 폭발적인 실적 성장세를 기록하고 있음"", ""부채비율이 359.6%로 매우 높고 영업현금흐름이 -3,957억원으로 재무 안정성 및 유동성 리스크가 관찰됨"", ""최근 1개월 수익률(-4.45%)과 거래량 변화율(-35.66%)이 모두 감소하며 단기적인 상승 모멘텀이 둔화된 상태임""]"
012450,한화에어로스페이스,2024-10-02,304766,Sell,80,"[""52주 최고가 대비 현재 위치가 89.8%로 고점 부근에 형성되어 있어 단기적인 가격 부담이 매우 높음"", ""거래량 변화율이 -76.91%로 급감하며 주가 상승을 견인할 매수 모멘텀이 크게 약화된 상태임"", ""영업이익의 폭발적 성장에도 불구하고 영업현금흐름이 -3,957억원으로 음수이며 부채비율이 359.6%로 재무 안정성이 낮음""]"
012450,한화에어로스페이스,2024-11-01,372711,Buy,75,"[""전년 동기 대비 영업이익이 356.7% 증가하며 폭발적인 실적 성장세를 기록하고 있습니다."", ""최근 애널리스트 리포트의 목표주가가 최대 440,000원으로 현재가 대비 약 18%의 상승 여력이 존재합니다."", ""최근 1개월 수익률 27.44%와 거래량 변화율 196.24%를 통해 강력한 주가 상승 모멘텀이 확인됩니다.""]"
012450,한화에어로스페이스,2024-12-02,316090,Buy,78,"[""3분기 영업이익이 전년 동기 대비 457.6% 증가하고 매출이 61.9% 성장하는 등 폭발적인 실적 개선세를 보임"", ""최근 1개월 수익률이 -15.19%로 단기 조정을 거쳤으나, 애널리스트 목표주가(470,000원~500,000원)와 현재가 사이의 상승 여력이 매우 큼"", ""ROE 17.7%의 높은 수익성을 유지하고 있으며, 거래량 변화율이 16.58% 증가하며 하락 추세의 전환 가능성이 나타남""]"
012450,한화에어로스페이스,2025-01-02,357940,Neutral,75,"[""3분기 영업이익이 전년 동기 대비 457.6% 급증하고 목표주가(430,000원)가 현재가보다 높아 강력한 성장 모멘텀이 존재함"", ""부채비율이 397.4%로 매우 높고 영업현금흐름이 -1.1조원으로 큰 폭의 적자를 기록하여 재무 안정성 리스크가 매우 큼"", ""주가가 52주 최고가 대비 81.8% 수준의 고점에 위치해 있으며 거래량 변화율이 -2.94%로 감소하여 단기 조정 가능성이 상존함""]"
012450,한화에어로스페이스,2025-02-03,386497,Buy,82,"[""3분기 영업이익이 전년 동기 대비 457.6% 급증했으며, 최근 리포트를 통해 4분기 실적 또한 시장 예상치를 상회할 것으로 전망됨"", ""최근 30일 내 발행된 5건의 리포트 목표주가가 최저 470,000원에서 최고 560,000원으로 현재가 대비 상당한 상승 여력을 제시함"", ""ROE 17.7%의 높은 수익성과 최근 1개월 21.33%의 강한 주가 상승 모멘텀이 지표상으로 확인됨""]"
012450,한화에어로스페이스,2025-03-04,690278,Sell,85,"[""현재가가 52주 최고가(100%)에 도달했으며, 최근 5건의 애널리스트 목표주가 평균(651,000원)을 이미 상회하고 있습니다."", ""최근 1개월 수익률이 75.25%로 단기 급등하여 기술적 조정 가능성이 매우 높은 과매수 상태입니다."", ""부채비율이 397.4%로 매우 높고 영업현금흐름이 -1.1조원으로 적자를 기록하는 등 재무 안정성이 취약합니다.""]"
012450,한화에어로스페이스,2025-04-01,662707,Sell,75,"[""3.6조원 규모의 대규모 유상증자 발표로 인한 주식 가치 희석 및 단기적인 주가 하락 압력이 매우 강함"", ""281.3%의 높은 부채비율과 최근 거래량의 감소(-23.04%)는 단기 상승 모멘텀의 약화를 시사함"", ""52주 최고가 대비 84.2%의 높은 가격 위치에서 대규모 자본 조달 이슈가 발생하여 기술적 조정 가능성이 높음""]"
012450,한화에어로스페이스,2025-05-02,805489,Neutral,80,"[""영업이익이 전년 대비 191.4% 증가하고 ROE가 20.8%에 달하는 등 펀더멘털의 성장세가 매우 강력함"", ""주가가 52주 최고가 대비 98.1% 지점에 위치해 있으며 거래량이 40.16% 감소하여 단기적 과매수 및 상승 동력 둔화 가능성이 높음"", ""부채비율이 281.3%로 재무 안정성이 낮아, 단기 변동성 확대 시 리스크 요인으로 작용할 수 있음""]"
012450,한화에어로스페이스,2025-06-02,835000,Neutral,80,"[""2025년 1분기 영업이익이 전년 동기 대비 3060.1% 폭증하고 ROE가 20.9%를 기록하는 등 성장성이 매우 강력함"", ""주가가 52주 최고가 대비 92.4% 지점에 위치한 고점 부근이며, 거래량 변화율이 -21.17%로 감소하여 단기 상승 동력이 약화됨"", ""부채비율이 332.7%로 매우 높고 영업현금흐름이 -1,675억원으로 적자를 기록하여 재무적 불안정성이 존재함""]"
012450,한화에어로스페이스,2025-07-01,839000,Buy,78,"[""2025년 1분기 영업이익이 전년 동기 대비 3060.1% 증가하며 폭발적인 성장세를 기록함"", ""최근 애널리스트 리포트의 목표주가(1,100,000원)가 현재가(839,000원) 대비 약 31%의 상승 여력을 보유함"", ""ROE가 20.9%로 매우 높아 기업의 자본 효율성 및 수익 창출 능력이 우수함""]"
012450,한화에어로스페이스,2025-08-01,939000,Neutral,80,"[""2025년 1분기 매출(+278.4%)과 영업이익(+3060.1%)의 폭발적인 성장세와 ROE 20.8%의 높은 수익성이 확인됨"", ""주가가 52주 최고가 대비 91.9% 지점에 위치해 있으며, 거래량 변화율이 -14.24%로 감소하며 단기 고점 부담 및 상승 탄력 둔화 가능성이 있음"", ""부채비율이 332.7%로 매우 높고 영업현금흐름이 -1,675억원으로 음수를 기록하여 재무 안정성 및 현금 유동성 측면의 리스크가 존재함""]"
012450,한화에어로스페이스,2025-09-01,916000,Buy,82,"[""2분기 매출과 영업이익이 전년 동기 대비 각각 170.3%, 156.3% 증가하며 폭발적인 성장세를 기록함"", ""최근 1개월 수익률이 -8.03%로 조정 중이나, 애널리스트 목표주가(1,300,000원)와 현재가 간의 괴리율이 매우 큼"", ""ROE 20.9%의 높은 수익성과 1조 원 규모의 영업현금흐름을 통해 강력한 펀더멘털을 입증함""]"
012450,한화에어로스페이스,2025-10-01,1099000,Buy,82,"[""전년 동기 대비 매출액 170.3%, 영업이익 156.3%라는 폭발적인 실적 성장세를 기록하고 있음"", ""최근 리포트의 목표주가(1,200,000원~1,280,000원)가 현재가 대비 약 9~16%의 추가 상승 여력을 제시함"", ""ROE 20.9%의 높은 수익성과 1조 원 규모의 영업현금흐름이 확보되어 있어 고부채 리스크를 상쇄함""]"
012450,한화에어로스페이스,2025-11-03,1042000,Buy,85,"[""2025년 2분기 매출액이 전년 동기 대비 170.3%, 영업이익이 156.3% 증가하며 폭발적인 성장세를 기록함"", ""ROE 20.9%의 높은 수익성과 더불어 최근 애널리스트 목표주가(1,230,000원~1,400,000원)가 현재가 대비 상당한 상승 여력을 제시함"", ""부채비율(278.0%)은 높으나 1조 원 규모의 강력한 영업현금흐름이 이를 뒷받침하며 재무적 완충 역할을 수행함""]"
012450,한화에어로스페이스,2025-12-01,813000,Buy,82,"[""3분기 매출이 전년 동기 대비 146.5%, 영업이익이 79.5% 증가하며 폭발적인 실적 성장세를 기록함"", ""현재가(813,000원)가 최근 애널리스트들의 목표주가 범위(1,230,000원 ~ 1,460,000원) 대비 현저히 저평가된 상태임"", ""최근 1개월 수익률이 -16.96%로 단기 조정을 거쳤으나, 20.9%의 높은 ROE와 강력한 이익 체력이 주가 반등의 근거가 됨""]"
259960,크래프톤,2023-01-02,164000,Sell,85,"[""현재가가 52주 최저가(164,000원)에 위치하며 최근 1개월 수익률이 -25.45%로 매우 강한 하락 추세를 보이고 있음"", ""전년 동기 대비 매출액(-16.9%)과 영업이익(-28.2%)이 모두 큰 폭으로 감소하여 실적 성장성이 악화됨"", ""거래량 변화율이 -7.58%로 감소하고 있어 하락 추세를 반전시킬 만한 매수세의 유입이 확인되지 않음""]"
259960,크래프톤,2023-02-01,181000,Sell,75,"[""전년 동기 대비 매출(-16.9%)과 영업이익(-28.2%)이 모두 큰 폭으로 감소하며 성장성이 둔화됨"", ""거래량 변화율이 -34.16%로 급감하여 최근의 소폭 주가 상승을 지지할 매수세가 부족함"", ""최근 애널리스트 리포트들이 모바일 매출 하락세와 숙제 증가를 언급하며 부정적이거나 보수적인 전망을 제시함""]"
259960,크래프톤,2023-03-02,169000,Neutral,65,"[""전년 동기 대비 매출(-16.9%)과 영업이익(-28.2%)이 큰 폭으로 감소하며 펀더멘털의 하향 추세가 확인됨"", ""현재가가 52주 최저가 대비 3.7% 수준으로 매우 낮고 거래량이 25.37% 증가하며 바닥권 신호를 보이나, 최근 1개월 수익률은 -5.74%로 여전히 하락세임"", ""애널리스트 목표주가(210,000원~250,000원)는 현재가보다 높지만, 리포트 내용 중 '주가 상승 트리거를 기다린다'는 언급이 있어 20거래일 내 단기 방향성을 확신하기 어려움""]"
259960,크래프톤,2023-04-03,182800,Buy,85,"[""52주 가격 범위 내 현재 위치가 18.8%로 저점 부근이며, 최근 1개월 수익률이 7.66%로 반등 추세에 있음"", ""영업이익률 40.5%의 높은 수익성과 부채비율 17.9%의 매우 우수한 재무 안정성을 확보하고 있음"", ""현재가(182,800원) 대비 애널리스트 목표주가(220,000원)의 상승 여력이 충분하며 PER 17.1로 밸류에이션 부담이 낮음""]"
259960,크래프톤,2023-05-02,193600,Buy,82,"[""영업이익률 40.5%의 높은 수익성과 부채비율 17.9%의 매우 우수한 재무 안정성을 보유하고 있음"", ""현재가(193,600원)가 최근 애널리스트 리포트의 목표주가 범위(210,000원~250,000원)보다 상당히 낮게 형성되어 있어 상승 여력이 있음"", ""52주 내 현재 위치가 31.1%로 저점 부근이며, 최근 1개월 수익률이 5.50%로 반등 추세에 진입함""]"
259960,크래프톤,2023-06-01,189400,Buy,82,"[""현재가(189,400원)가 최근 애널리스트 리포트의 목표주가 범위(250,000원~280,000원) 대비 현저히 낮은 저평가 상태임"", ""영업이익률 52.5%의 높은 수익성과 부채비율 16.9%의 매우 낮은 재무 리스크를 보유하고 있음"", ""52주 가격 범위 내 현재 위치가 27.7%로 하단에 위치하여 가격 메리트가 있으며, 인도 서비스 재개 등 구체적인 상승 촉매제가 존재함""]"
259960,크래프톤,2023-07-03,194500,Neutral,65,"[""영업이익이 전년 동기 대비 10.2% 감소하며 수익성이 둔화되는 추세입니다."", ""거래량 변화율이 -35.05%로 크게 감소하여 단기적인 주가 상승을 견인할 모멘텀이 부족합니다."", ""부채비율 16.9%의 매우 낮은 재무 리스크와 52주 내 현재 위치(34.0%)가 낮아 하락 가능성과 반등 가능성이 공존합니다.""]"
259960,크래프톤,2023-08-01,178100,Neutral,60,"[""부채비율 16.9%의 매우 낮은 재무 리스크와 52.5%의 높은 영업이익률이 강력한 하방 경직성을 제공함"", ""최근 1개월 수익률 -8.43% 및 거래량 변화율 -4.40%로 단기 하락 추세와 매수세 약화가 뚜렷함"", ""전년 동기 대비 영업이익이 10.2% 감소하며 성장성 둔화가 확인되어, 낮은 PER과 목표주가 간의 괴리에도 불구하고 단기 반등 모멘텀이 부족함""]"
259960,크래프톤,2023-09-01,155500,Neutral,85,"[""현재가가 52주 최저가(155,000원) 대비 0.6% 수준으로 매우 근접하여 강력한 기술적 지지선에 도달한 상태임"", ""최근 1개월 수익률 -10.06% 및 전년 동기 대비 영업이익 20.7% 감소 등 단기 모멘텀과 실적 성장성이 둔화되는 추세임"", ""PER 14.6배의 낮은 밸류에이션과 최저 목표주가(180,000원) 대비 낮은 주가는 상승 여력을 시사하여 하락 추세와 팽팽하게 상충함""]"
259960,크래프톤,2023-10-04,146500,Sell,85,"[""현재 주가가 52주 최저가(0.0% 위치)에 도달했으며 최근 1개월 수익률이 -6.57%로 강한 하락 추세에 있음"", ""전년 동기 대비 매출(-8.6%)과 영업이익(-20.7%)이 모두 감소하며 실적 성장성이 둔화됨"", ""거래량 변화율이 -25.17%로 감소하여 하락 추세를 반전시킬 만한 매수 모멘텀이 부족함""]"
259960,크래프톤,2023-11-01,166000,Buy,82,"[""현재가(166,000원)가 최근 애널리스트들이 제시한 모든 목표주가(180,000원~250,000원)를 하회하고 있어 상승 여력이 큼"", ""최근 1개월 수익률(+11.63%)과 거래량 변화율(+16.36%)이 모두 양수이며, 52주 내 현재 위치가 21.7%로 저점 부근에서 반등 추세에 있음"", ""부채비율 18.9%의 매우 낮은 재무 리스크와 34.0%의 높은 영업이익률, 견조한 영업현금흐름(+2,630억원)을 보유함""]"
259960,크래프톤,2023-12-01,217500,Buy,85,"[""전년 동기 대비 영업이익이 30.9% 증가하였으며, 42.0%라는 매우 높은 영업이익률을 기록하며 강력한 수익성을 입증함"", ""최근 1개월 수익률 28.77%와 거래량 변화율 77.19%의 급증은 강력한 단기 상승 모멘텀이 형성되었음을 나타냄"", ""최근 분석 리포트의 목표주가 상단이 280,000원으로 현재가(217,500원) 대비 상승 여력이 충분하며, 부채비율 18.9%로 재무 안정성이 매우 뛰어남""]"
259960,크래프톤,2024-01-02,195800,Neutral,80,"[""영업이익률 42.0% 및 영업이익 전년동기 대비 30.9% 증가 등 펀더멘털과 수익성 지표가 매우 강력함"", ""최근 1개월 수익률 -9.35% 및 거래량 변화율 -26.67%로 단기 하락 추세와 매수세 위축이 뚜렷함"", ""낮은 부채비율(18.9%)과 PER(18.4)의 재무적 매력도가 높으나, 단기 기술적 지표의 부정적 흐름이 상충하여 방향성 확신이 어려움""]"
259960,크래프톤,2024-02-01,214000,Buy,78,"[""전년 동기 대비 영업이익이 30.9% 증가하고 영업이익률이 42.0%에 달하는 강력한 수익성을 보여줌"", ""최근 애널리스트들의 목표주가 범위(250,000원~300,000원)가 현재가 대비 높은 상승 여력을 제시함"", ""부채비율 18.9%의 매우 낮은 수준과 4,443억원의 풍부한 영업현금흐름으로 재무 안정성이 매우 뛰어남""]"
259960,크래프톤,2024-03-04,217500,Buy,85,"[""영업이익률 42.0% 및 전년 동기 대비 영업이익 30.9% 증가라는 매우 강력한 수익성 지표를 보유하고 있음"", ""부채비율 18.9%의 낮은 재무 리스크와 4,443억원의 풍부한 영업현금흐름으로 재무 안정성이 매우 뛰어남"", ""최근 5건의 애널리스트 리포트 목표주가 최하단(270,000원)이 현재가 대비 약 24% 이상의 상승 여력을 제시함""]"
259960,크래프톤,2024-04-01,250500,Buy,80,"[""영업이익률 40.2%와 부채비율 15.9%라는 매우 강력한 수익성 및 재무 안정성을 보유하고 있습니다."", ""최근 1개월 수익률 10.35%와 거래량 변화율 19.71% 증가가 나타나며 단기 상승 모멘텀이 확인됩니다."", ""현재가(250,500원)가 애널리스트 목표주가(280,000원) 대비 약 11.8%의 추가 상승 여력이 존재합니다.""]"
259960,크래프톤,2024-05-02,243000,Buy,85,"[""영업이익률 40.2%와 부채비율 15.9%라는 매우 강력한 수익성 및 재무 안정성을 보유하고 있습니다."", ""최근 30일 내 발행된 모든 애널리스트 리포트의 목표주가(260,000원~340,000원)가 현재가(243,000원)를 상회하며 상승 여력을 시사합니다."", ""최근 1개월 수익률이 -2.99%로 소폭 조정받은 상태에서 거래량 변화율이 45% 증가하여 단기 반등 가능성이 높습니다.""]"
259960,크래프톤,2024-06-03,247500,Buy,85,"[""1분기 매출이 전년 동기 대비 23.6% 증가하고 영업이익률이 46.6%에 달하는 강력한 수익성을 증명함"", ""최근 30일 내 모든 애널리스트 리포트가 330,000원 이상의 목표주가를 제시하며 현재가 대비 높은 상승 여력을 시사함"", ""부채비율 16.9%의 매우 낮은 재무 리스크와 2,190억원의 양호한 영업현금흐름을 보유함""]"
259960,크래프톤,2024-07-01,273500,Buy,85,"[""1분기 매출이 전년 동기 대비 23.6% 증가하고 영업이익률이 46.6%에 달하는 강력한 수익성을 기록함"", ""부채비율 16.9%의 매우 낮은 재무 리스크와 2,190억원의 양호한 영업현금흐름을 보유함"", ""최근 애널리스트 목표주가(330,000원~340,000원)가 현재가 대비 약 20% 이상의 상승 여력을 제시함""]"
259960,크래프톤,2024-08-01,289500,Buy,75,"[""1분기 매출이 전년 동기 대비 23.6% 증가하고 영업이익률이 46.6%에 달하는 매우 강력한 수익성을 보여줌"", ""부채비율 16.9%와 2,190억원의 영업현금흐름을 통해 최상위 수준의 재무 안정성을 확보함"", ""현재 주가가 애널리스트들의 목표주가(370,000원~410,000원) 대비 낮은 수준으로 평가되어 상승 여력이 충분함""]"
259960,크래프톤,2024-09-02,323000,Buy,92,"[""2분기 영업이익이 전년 동기 대비 152.6% 증가하고 영업이익률 47.0%라는 압도적인 수익성을 기록함"", ""최근 1개월 수익률 11.57%와 거래량 변화율 133.94%가 결합되어 강력한 단기 상승 모멘텀을 보임"", ""현재가(323,000원)가 최근 애널리스트들이 제시한 목표주가 범위(350,000원~450,000원) 대비 상승 여력이 충분함""]"
259960,크래프톤,2024-10-02,338000,Buy,85,"[""2분기 매출(+82.7%)과 영업이익(+152.6%)의 폭발적인 성장 및 47%라는 매우 높은 영업이익률을 기록하며 강력한 펀더멘털을 입증함"", ""부채비율 17.2%의 매우 낮은 수준과 4,059억원의 양호한 영업현금흐름을 통해 최상위 수준의 재무 안정성을 보유함"", ""현재가가 52주 최고가 부근에 위치해 있으나, 최근 애널리스트들의 목표주가 최저치(390,000원)가 현재가 대비 약 15% 이상의 추가 상승 여력을 제시함""]"
259960,크래프톤,2024-11-01,333500,Buy,85,"[""2분기 영업이익이 전년 동기 대비 152.6% 증가하고 영업이익률 47.0%를 기록하는 등 압도적인 수익 성장세를 보임"", ""최근 30일 내 발행된 리포트들의 목표주가 평균이 약 432,500원으로 현재가 대비 약 30%의 높은 상승 여력이 제시됨"", ""부채비율 17.2%의 매우 낮은 수준과 4,059억원의 영업현금흐름을 통해 최상위 수준의 재무 안정성을 확보함""]"
259960,크래프톤,2024-12-02,327500,Buy,92,"[""3분기 매출과 영업이익이 전년 동기 대비 각각 59.7%, 71.4% 급증했으며, 45.1%라는 매우 높은 영업이익률을 기록하고 있다."", ""최근 5건의 애널리스트 리포트 목표주가가 최저 410,000원에서 최고 490,000원으로 현재가(327,500원) 대비 상당한 상승 여력을 제시하고 있다."", ""최근 1개월 수익률은 -1.80%로 소폭 조정 중이나, 거래량 변화율이 64.35%로 크게 증가하며 추세 전환의 가능성이 높다.""]"
259960,크래프톤,2025-01-02,316500,Buy,85,"[""3분기 영업이익이 전년 동기 대비 71.4% 증가하였으며, 45.1%라는 매우 높은 영업이익률을 기록하고 있습니다."", ""부채비율 16.3%의 낮은 재무 리스크와 7,822억원의 강력한 영업현금흐름을 통해 재무 안정성이 매우 뛰어납니다."", ""현재가(316,500원)가 최근 애널리스트 리포트의 목표주가(480,000원) 대비 상승 여력이 충분합니다.""]"
259960,크래프톤,2025-02-03,360000,Buy,85,"[""2024년 3분기 매출과 영업이익이 전년 동기 대비 각각 59.7%, 71.4% 급증했으며, 영업이익률이 45.1%로 매우 높음"", ""최근 30일 내 발행된 모든 애널리스트 리포트의 목표주가(410,000원~490,000원)가 현재가(360,000원)를 크게 상회함"", ""부채비율 16.3%의 낮은 재무 리스크와 7,822억원의 강력한 영업현금흐름을 통해 성장 지속 가능성이 뒷받침됨""]"
259960,크래프톤,2025-03-04,334000,Buy,85,"[""2024년 3분기 매출과 영업이익이 전년 동기 대비 각각 59.7%, 71.4% 급증했으며, 45.1%라는 매우 높은 영업이익률을 기록하고 있음"", ""최근 5건의 애널리스트 리포트 평균 목표주가가 약 450,000원으로 현재가(334,000원) 대비 약 34.7%의 높은 상승 여력을 제시함"", ""최근 1개월 수익률은 -8.24%로 하락했으나, 거래량 변화율이 83.11%로 급증하며 부채비율 16.3%의 매우 안정적인 재무 구조를 바탕으로 한 반등 가능성이 높음""]"
259960,크래프톤,2025-04-01,340000,Buy,85,"[""매출(+41.8%)과 영업이익(+54.0%)의 가파른 성장세와 43.6%라는 매우 높은 영업이익률을 기록하고 있다."", ""ROE 19.9%의 높은 수익성 대비 PER 11.9배로 밸류에이션 매력이 높으며, 부채비율 16.0%로 재무 안정성이 매우 뛰어나다."", ""최근 5건의 애널리스트 리포트 목표주가 평균(약 502,000원)가 현재가(340,000원) 대비 약 47% 이상의 높은 상승 여력을 제시하고 있다.""]"
259960,크래프톤,2025-05-02,385000,Buy,85,"[""2024년 매출(+41.8%)과 영업이익(+54.0%)의 가파른 성장세 및 43.6%라는 매우 높은 영업이익률을 기록함"", ""ROE 19.8%의 고수익성 대비 PER 13.5배의 낮은 밸류에이션과 부채비율 16%의 매우 우수한 재무 안정성을 보유함"", ""최근 발행된 5건의 리포트 모두 목표주가(440,000원~560,000원)를 현재가보다 훨씬 높게 설정하며 강력한 상승 여력을 제시함""]"
259960,크래프톤,2025-06-02,368000,Buy,85,"[""2025년 1분기 영업이익이 전년 동기 대비 47.3% 증가하였으며, 52.3%라는 매우 높은 영업이익률을 기록하고 있습니다."", ""현재가(368,000원)가 최근 애널리스트들이 제시한 목표주가(450,000원~500,000원) 대비 상승 여력이 충분합니다."", ""부채비율 16.0%의 매우 낮은 재무 리스크와 ROE 19.8%의 높은 수익성을 동시에 보유하고 있습니다.""]"
259960,크래프톤,2025-07-01,362000,Buy,92,"[""2025년 1분기 영업이익이 전년 동기 대비 47.3% 증가하고 영업이익률이 52.3%에 달하는 압도적인 수익성을 기록함"", ""ROE 19.8%의 고효율 경영에도 불구하고 PER 12.7배로 밸류에이션 매력이 높으며, 부채비율 16%로 재무 안정성이 매우 뛰어남"", ""최근 1개월 수익률은 -4.11%로 조정받았으나, 거래량이 36.42% 증가하며 최저 440,000원에서 최고 560,000원의 목표주가를 제시한 강한 분석가 컨센서스가 존재함""]"
259960,크래프톤,2025-08-01,315500,Buy,85,"[""2025년 1분기 영업이익률이 52.3%에 달하며, 전년 동기 대비 매출(+31.3%)과 영업이익(+47.3%)이 모두 큰 폭으로 성장함"", ""ROE 19.9%의 높은 수익성 대비 PER 11.0으로 밸류에이션 매력이 높으며, 부채비율 16.0%로 재무 안정성이 매우 뛰어남"", ""최근 1개월 수익률은 -13.68%로 하락했으나, 현재가(315,500원)가 애널리스트들의 평균 목표주가(약 502,000원) 대비 현저히 저평가된 상태임""]"
259960,크래프톤,2025-09-01,331000,Neutral,80,"[""2분기 매출(-6.4%)과 영업이익(-25.9%)이 전년 동기 대비 감소하며 단기 실적 성장세가 둔화된 것이 확인됨"", ""PER 11.6배의 낮은 밸류에이션과 ROE 19.9%, 부채비율 12.3% 등 재무 건전성과 수익성 지표는 매우 우수함"", ""최근 1개월 수익률(0.76%)이 정체되어 있고 거래량 변화율(-4.97%)이 감소하며 단기 주가 상승 모멘텀이 부족함""]"
259960,크래프톤,2025-10-01,298500,Neutral,40,"[""PER 10.4, ROE 19.8%의 낮은 밸류에이션과 주가가 52주 최저가 부근(9.3% 위치)에 있어 가격 메리트가 존재함"", ""최근 1개월 수익률 -9.55% 및 거래량 변화율 -9.51%로 단기 하락 추세와 시장 관심도 감소가 뚜렷함"", ""2분기 영업이익이 전년 동기 대비 25.9% 감소하며 실적 성장성이 둔화된 점이 단기 주가 상승의 제약 요인임""]"
259960,크래프톤,2025-11-03,279500,Sell,82,"[""2분기 매출(-6.4%)과 영업이익(-25.9%)이 전년 동기 대비 모두 감소하며 성장세가 둔화됨"", ""최근 애널리스트 리포트에서 '모멘텀 소진' 및 '향후 성장성 부재'가 공통적으로 언급됨"", ""최근 1개월 수익률이 -5.41%이며 주가가 52주 최저가 부근(현재 위치 7.4%)에 머물러 있어 하락 추세가 지속됨""]"
259960,크래프톤,2025-12-01,252000,Neutral,75,"[""PER 8.8, ROE 19.9%, 영업이익률 40% 등 재무 지표가 매우 우량하며 밸류에이션상 저평가 구간임"", ""현재 주가가 52주 최저가(0.0%)에 위치해 있으며, 최근 1개월 수익률(-8.70%)과 거래량 변화율(-13.13%)이 모두 하락하며 하방 압력이 강함"", ""최근 애널리스트 리포트들이 높은 목표주가를 제시함에도 불구하고 '시간이 필요'하고 '회복이 필요'하다고 명시하여 20거래일 내 단기 상승 촉매제가 불분명함""]"
247540,에코프로비엠,2023-01-02,93400,Sell,85,"[""최근 1개월 수익률이 -18.85%이며 거래량 변화율이 -34.26%로 하락 추세와 매수세 약화가 뚜렷함"", ""PBR이 15.33으로 매우 높아 장부 가치 대비 주가가 과도하게 고평가된 상태임"", ""영업이익은 흑자이나 영업현금흐름이 -5,978억원으로 매우 큰 폭의 마이너스를 기록하여 재무적 불확실성이 높음""]"
247540,에코프로비엠,2023-02-01,109200,Neutral,75,"[""최근 1월 27일자 리포트들에서 4Q22 실적이 시장 기대치를 하회했다는 부정적 평가가 확인됨"", ""PBR이 17.92로 매우 높아 밸류에이션 부담이 극심하며 주가 변동성 위험이 큼"", ""영업현금흐름이 -5,978억원으로 큰 폭의 적자를 기록하여 단기 재무 안정성에 불확실성이 존재함""]"
247540,에코프로비엠,2023-03-02,159700,Sell,82,"[""PBR이 26.21로 극도로 높아 자산 가치 대비 주가가 과도하게 고평가된 상태입니다."", ""최근 1개월 수익률이 60.02%로 급등하며 52주 최고가 대비 91.8% 수준에 도달해 단기 차익 실현 매물 출회 가능성이 매우 높습니다."", ""영업이익은 증가했으나 영업현금흐름이 -5,978억원으로 큰 폭의 마이너스를 기록하여 재무적 실질 현금 흐름에 심각한 불균형이 존재합니다.""]"
247540,에코프로비엠,2023-04-03,232000,Sell,92,"[""현재가(232,000원)가 애널리스트 목표주가(200,000원)를 크게 상회하며 리포트에서 주가 과열권으로 명시됨"", ""52주 최고가 대비 현재 위치가 98.0%로 최상단에 위치하여 단기 조정 가능성이 매우 높음"", ""PER 80.5, PBR 15.25의 극심한 고평가 상태이며 영업현금흐름이 -2,413억원으로 적자임""]"
247540,에코프로비엠,2023-05-02,267000,Sell,85,"[""현재가(267,000원)가 최근 애널리스트 리포트의 목표주가 범위(261,000원~265,000원)를 이미 상회하였습니다."", ""PER 92.7배, PBR 17.55배의 극심한 고평가 상태이며, 주가가 2027~2030년의 가치를 선반영했다는 분석이 존재합니다."", ""영업이익 성장에도 불구하고 영업현금흐름이 -2,413억원으로 적자이며, 주가 상승 구간에서 거래량 변화율이 -14.47%로 감소하며 상승 동력이 약화되고 있습니다.""]"
247540,에코프로비엠,2023-06-01,249500,Sell,85,"[""PER 86.6 및 PBR 16.40으로 밸류에이션 부담이 매우 높으며, 최근 리포트에서 'High risk, Low reward' 및 '과열 국면'으로 진단됨"", ""1분기 영업이익은 증가했으나 영업현금흐름이 -3,757억원으로 큰 폭의 마이너스를 기록하여 수익의 질과 재무 안정성에 의문이 있음"", ""최근 1개월 수익률 -6.55%와 거래량 변화율 -63.34%를 통해 주가 하락 추세 및 시장 관심도 급감이 확인됨""]"
247540,에코프로비엠,2023-07-03,263500,Sell,85,"[""PER 91.5와 PBR 17.32는 영업이익률 5.3% 대비 극도로 고평가된 수치입니다."", ""분기 순이익 발생에도 불구하고 영업현금흐름이 -3,757억원으로 현금 유동성 상태가 매우 부정적입니다."", ""주가가 52주 최고가 부근(84.4%)에 위치한 상황에서 거래량 변화율이 -6.87%로 감소하며 상승 모멘텀이 약화되고 있습니다.""]"
247540,에코프로비엠,2023-08-01,408500,Sell,85,"[""현재가(408,500원)가 최근 애널리스트 리포트의 목표주가(300,000원)를 크게 상회하고 있어 밸류에이션 부담이 매우 높습니다."", ""PER 141.8배, PBR 26.85배라는 극단적인 고평가 상태이며, 최근 1개월 수익률이 55.03%로 단기 급등에 따른 조정 가능성이 큽니다."", ""1분기 영업이익은 증가했으나 영업현금흐름이 -3,757억원으로 적자를 기록하여 실제 현금 창출 능력에 의문이 있습니다.""]"
247540,에코프로비엠,2023-09-01,308500,Sell,85,"[""PER 107.1 및 PBR 20.28의 극심한 고평가 상태이며, 최근 리포트에서 '비정상 밸류에이션의 정상화' 및 '밸류에이션 부담'이 지속적으로 언급됨"", ""최근 1개월 수익률 -18.92%와 거래량 변화율 -69.43%는 강한 하락 추세와 함께 매수세가 급격히 위축되었음을 나타냄"", ""매출은 성장했으나 영업현금흐름이 -3,843억원으로 큰 폭의 마이너스를 기록하여 재무적 안정성 및 현금 창출 능력에 심각한 의문이 제기됨""]"
247540,에코프로비엠,2023-10-04,235000,Sell,95,"[""현재가(235,000원)가 최근 애널리스트 리포트의 목표주가(200,000원)를 크게 상회하고 있어 하락 압력이 높음"", ""최근 1개월 수익률 -27.58% 및 거래량 변화율 -26.71%로 강한 하락 추세와 매수세 위축이 확인됨"", ""PER 81.6, PBR 15.45의 매우 높은 밸류에이션 상태에서 영업현금흐름이 -3,843억원으로 적자를 기록하여 재무적 부담이 존재함""]"
247540,에코프로비엠,2023-11-01,188600,Sell,85,"[""최근 1개월 수익률이 -25.89%로 매우 강한 하락 추세에 있으며, 52주 최고가 대비 현재 위치가 26.1%로 낮음에도 불구하고 하락세가 지속되고 있음"", ""PER 65.5, PBR 12.40의 매우 높은 밸류에이션 대비 영업현금흐름이 -3,843억원으로 적자를 기록하여 재무적 부담이 큼"", ""최근 애널리스트 리포트에서 중장기 실적 전망치를 하향 조정하고 경쟁 강도 심화 및 외부 리스크를 언급하며 부정적인 전망을 제시함""]"
247540,에코프로비엠,2023-12-01,280000,Sell,85,"[""현재가(280,000원)가 가장 최근 애널리스트 목표주가(252,000원, 270,000원)를 상회하고 있으며 목표가가 하향 추세에 있음"", ""전년 동기 대비 영업이익이 67.6% 급감하였고, 영업현금흐름이 -4,896억원으로 심각한 적자 상태임"", ""PER 97.2배, PBR 18.41배의 극도로 높은 밸류에이션 대비 영업이익률은 2.5%로 매우 저조함""]"
247540,에코프로비엠,2024-01-02,283500,Sell,95,"[""PER 98.4 및 PBR 18.64로 밸류에이션이 극도로 고평가되어 있으며, 현재가(283,500원)가 최근 리포트의 목표주가(200,000원, 270,000원)를 모두 상회하고 있습니다."", ""매출은 증가했으나 영업이익이 전년 동기 대비 67.6% 급감하며 수익성이 크게 악화되었고, 영업이익률 또한 2.5%로 매우 낮은 수준입니다."", ""부채비율이 180.6%로 높고 영업현금흐름이 -4,896억원으로 큰 폭의 마이너스를 기록하여 재무 안정성과 현금 창출 능력이 취약합니다.""]"
247540,에코프로비엠,2024-02-01,228000,Sell,95,"[""현재가(228,000원)가 최근 애널리스트 리포트의 목표주가(200,000원)를 상회하고 있으며 수요 부진이 반영된 상태임"", ""전년 동기 대비 영업이익이 67.6% 급감하였고, 영업현금흐름이 -4,896억원으로 심각한 적자 상태임"", ""PER 79.1, PBR 14.99의 매우 높은 밸류에이션 상황에서 최근 1개월 수익률이 -16.02%로 강한 하락 추세에 있음""]"
247540,에코프로비엠,2024-03-04,270000,Sell,85,"[""PER 93.7, PBR 17.75로 현재 주가가 기업의 내재 가치 및 수익성 대비 극도로 과평가되어 있음"", ""전년 동기 대비 영업이익이 67.6% 급감하고 영업현금흐름이 -4,896억원으로 적자를 기록하는 등 펀더멘털이 악화됨"", ""최근 1개월간 22.73% 급등하여 현재가(270,000원)가 최근 리포트 목표가(280,000원)에 근접해 추가 상승 여력이 제한적임""]"
247540,에코프로비엠,2024-04-01,270500,Sell,85,"[""영업이익이 전년 대비 59.0% 급감하였으며, 현재 PER이 적자로 인해 해당 없음으로 표시되어 수익성이 악화된 상태입니다."", ""PBR이 16.55로 매우 높아 자산 가치 대비 주가가 과도하게 고평가되어 있습니다."", ""거래량 변화율이 -28.36%로 감소하며 시장의 관심도가 낮아지고 있고, 최근 1개월 수익률 또한 1.50%로 정체되어 있습니다.""]"
247540,에코프로비엠,2024-05-02,233000,Sell,85,"[""PBR이 14.25로 매우 높아 자산 가치 대비 주가가 과도하게 고평가되어 있습니다."", ""최근 1개월 수익률이 -13.86%이며 거래량 변화율 또한 -21.37%로 하락 추세와 매수세 약화가 뚜렷합니다."", ""2023년 영업이익이 전년 대비 59% 급감하였고 현재 PER이 적자로 표시되어 수익성 악화가 심각한 상태입니다.""]"
247540,에코프로비엠,2024-06-03,188000,Sell,90,"[""1분기 매출이 전년 동기 대비 51.7% 감소하고 영업이익이 93.8% 급감하며 펀더멘털이 심각하게 훼손됨"", ""가장 최근 리포트(2024-05-28)의 목표주가가 150,000원으로 현재가(188,000원)보다 현저히 낮게 설정됨"", ""순이익 적자 상태임에도 PBR이 11.50으로 매우 높아 밸류에이션 부담이 크며, 최근 1개월 수익률이 -21.17%로 하락 추세가 강함""]"
247540,에코프로비엠,2024-07-01,188500,Sell,90,"[""1분기 매출이 전년 동기 대비 51.7% 감소하고 영업이익이 93.8% 급감하며 수익성이 심각하게 악화되었습니다."", ""최근 애널리스트 리포트의 목표주가가 150,000원으로 제시되어 현재가(188,500원) 대비 약 20%의 하락 여력이 존재합니다."", ""순손실이 발생한 상황임에도 PBR이 11.53으로 매우 높아 펀더멘털 대비 밸류에이션 부담이 매우 큽니다.""]"
247540,에코프로비엠,2024-08-01,185100,Sell,95,"[""전년 동기 대비 매출액이 51.7% 감소하고 영업이익이 93.8% 급감하며 순손실을 기록하는 등 실적 악화가 심각함"", ""적자 상태임에도 불구하고 PBR이 11.32로 매우 높아 현재 기업 가치가 과대평가되어 있음"", ""주가가 52주 최저가 부근(하위 3.9%)에 위치해 있으며, 거래량 감소(-11.86%)와 함께 하락 추세가 지속되고 있음""]"
247540,에코프로비엠,2024-09-02,181800,Sell,90,"[""2024년 2분기 매출이 전년 동기 대비 57.5% 감소하고 영업이익이 96.6% 급감하여 성장성과 수익성이 심각하게 훼손되었습니다."", ""PBR이 11.12로 매우 높아 기업의 순자산 가치 대비 주가가 과도하게 고평가된 상태입니다."", ""현재 주가가 52주 최저가 부근(하위 9.4%)에 위치하며 강한 하락 추세를 보이고 있으며, 영업이익률이 0.5%에 불과해 반등 근거가 부족합니다.""]"
247540,에코프로비엠,2024-10-02,190100,Sell,85,"[""2024년 2분기 매출이 전년 동기 대비 57.5% 감소하고 영업이익이 96.6% 급감하여 펀더멘털이 심각하게 훼손됨"", ""영업이익률이 0.5%에 불과함에도 불구하고 PBR이 11.63으로 매우 높아 밸류에이션 부담이 극심함"", ""부채비율이 160.6%로 높은 수준이며, 최근 1개월 수익률 상승에도 불구하고 실적 악화 폭이 이를 압도함""]"
247540,에코프로비엠,2024-11-01,169700,Sell,90,"[""2024년 2분기 매출이 전년 동기 대비 57.5% 급감하고 영업이익이 96.6% 감소하여 펀더멘털이 심각하게 훼손됨"", ""PBR이 10.38로 매우 높은 수준이나, 영업이익률이 0.5%에 불과해 밸류에이션 정당성이 부족함"", ""최근 1개월 수익률 -8.02%와 거래량 변화율 -27.20%를 통해 하락 추세 및 시장 관심도 저하가 확인됨""]"
247540,에코프로비엠,2024-12-02,137500,Sell,80,"[""3분기 매출이 전년 동기 대비 71.1% 급감하고 412억원의 영업손실을 기록하는 등 펀더멘털의 급격한 악화가 확인됨"", ""최근 1개월 수익률이 -18.97%로 강한 하락 추세에 있으며, 현재 주가가 52주 최저가에 매우 근접한 6.4% 지점에 위치함"", ""적자 상태임에도 PBR이 8.41로 매우 높아 밸류에이션 부담이 크며, 리포트상으로도 4분기까지 실적 부진이 지속될 것으로 전망됨""]"
247540,에코프로비엠,2025-01-02,105500,Sell,95,"[""2024년 3분기 매출이 전년 동기 대비 71.1% 급감하고 영업이익이 412억원 적자로 전환되는 등 펀더멘털이 심각하게 악화되었습니다."", ""현재 주가가 52주 최저가(105,500원)에 위치해 있으며, 최근 1개월 수익률이 -21.97%로 매우 강한 하락 추세를 보이고 있습니다."", ""적자 상태임에도 PBR이 6.45로 높고 부채비율이 167.0%에 달해 밸류에이션 부담과 재무 리스크가 공존합니다.""]"
247540,에코프로비엠,2025-02-03,119000,Buy,75,"[""현재 주가가 52주 최저가 대비 7.2% 수준의 저점에 위치해 있으며, 최근 1개월 수익률(+8.28%)과 거래량 변화율(+27.46%)이 상승하며 기술적 반등 신호를 보이고 있음"", ""가장 최근 리포트(2025-01-20)에서 투자의견이 BUY로 상향되었으며, 목표주가(200,000원)가 현재가 대비 매우 높게 설정됨"", ""3분기 영업적자에도 불구하고 영업현금흐름이 +5,020억원으로 양호하여 단기적인 재무 유동성을 확보하고 있음""]"
247540,에코프로비엠,2025-03-04,111900,Neutral,75,"[""현재가가 52주 최저가 대비 3.4% 수준에 위치하여 기술적 하단 영역에 진입해 있어 추가 하락폭이 제한적일 가능성이 있음"", ""2024년 3분기 매출이 전년 동기 대비 71.1% 감소하고 영업이익이 189.9% 급감하는 등 펀더멘털의 심각한 악화가 지속되고 있음"", ""최근 애널리스트 리포트들이 저점 통과 가능성을 언급하면서도 확실한 회복 시그널 부족과 업황 불확실성을 동시에 지적하고 있음""]"
247540,에코프로비엠,2025-04-01,95700,Sell,95,"[""매출액이 전년 대비 59.9% 급감하고 영업이익이 -341억원으로 적자 전환하며 펀더멘털이 크게 악화되었습니다."", ""현재 주가가 52주 최저가(0.0% 위치)에 도달했으며, 최근 1개월 수익률이 -19.58%로 강한 하락 추세에 있습니다."", ""거래량 변화율이 -35.48%로 감소하며 하락 구간에서 매수세 유입이 부족한 상황입니다.""]"
247540,에코프로비엠,2025-05-02,104500,Neutral,75,"[""최근 1개월 수익률은 14.46%로 반등 중이며 52주 최저가 근처(8.7%)에 위치해 있으나, 거래량 변화율이 -30.75%로 감소하며 상승 모멘텀이 약화됨"", ""2024년 매출이 전년 대비 59.9% 급감하고 영업손실(-341억원)을 기록하는 등 펀더멘털이 악화되었으나, 영업현금흐름은 +6,701억원으로 양호하여 하방 경직성을 확보함"", ""최근 애널리스트 목표주가가 90,000원에서 140,000원까지 넓게 분포되어 있으며, 현재가(104,500원) 기준 실적 바닥 통과 기대감과 가동률 회복 우려가 공존함""]"
247540,에코프로비엠,2025-06-02,89000,Sell,95,"[""전년 동기 대비 매출액이 35.1% 감소하고 영업이익이 66.0% 급감하며 성장성과 수익성이 동시에 악화되었습니다."", ""영업현금흐름이 -853억원으로 큰 폭의 마이너스를 기록하여 재무적 안정성과 현금 창출 능력이 매우 취약한 상태입니다."", ""최근 1개월 수익률이 -13.09%로 강한 하락 추세에 있으며, 현재 주가가 52주 최저가 부근(하위 5.5%)에 위치해 하방 압력이 높습니다.""]"
247540,에코프로비엠,2025-07-01,102000,Sell,75,"[""2025년 1분기 매출액(-35.1%)과 영업이익(-66.0%)이 전년 동기 대비 급격히 감소하며 성장성과 수익성이 크게 악화됨"", ""영업현금흐름이 -853억원으로 매우 부정적이며, 영업이익률이 0.4%에 불과해 재무적 기초 체력이 매우 취약함"", ""수익성 악화에도 불구하고 PBR이 5.05로 높게 형성되어 있어, 현재의 실적 지표 대비 밸류에이션 부담이 큼""]"
247540,에코프로비엠,2025-08-01,107300,Sell,90,"[""2025년 1분기 매출이 전년 동기 대비 35.1% 감소하고 영업이익이 66.0% 급감하며 펀더멘털이 빠르게 악화되고 있습니다."", ""영업현금흐름이 -853억원으로 큰 폭의 마이너스를 기록하여 기업의 현금 창출 능력과 재무 안정성에 심각한 결함이 보입니다."", ""PBR이 5.31로 고평가 상태인 반면, 최근 1개월 수익률이 1.04%로 정체되어 있고 거래량 또한 감소(-4.00%)하며 하방 압력이 강한 상황입니다.""]"
247540,에코프로비엠,2025-09-01,119900,Sell,75,"[""가장 최근의 애널리스트 리포트(2025-08-11) 목표주가가 110,000원으로 현재가(119,900원)보다 낮게 형성되어 있어 밸류에이션 부담이 존재함"", ""영업이익은 전년 대비 크게 증가했으나, 영업현금흐름이 -2,602억원으로 매우 부정적이며 이익의 질이 낮음"", ""PER이 적자로 인해 산출되지 않는 상황에서 PBR이 5.93배로 매우 높아 주가 수준이 고평가되어 있음""]"
247540,에코프로비엠,2025-10-01,112600,Sell,75,"[""영업이익은 전년 대비 크게 증가했으나, 영업현금흐름이 -2,602억원으로 실제 현금 유입이 없는 심각한 불일치를 보임"", ""최근 1개월 수익률(-5.93%)과 거래량 변화율(-40.04%)이 동시에 하락하며 단기 하락 추세와 매수세 약화가 뚜렷함"", ""PBR이 5.57로 고평가 상태인 반면, PER은 여전히 적자로 기록되어 밸류에이션 측면에서 하방 압력이 높음""]"
247540,에코프로비엠,2025-11-03,164900,Sell,75,"[""PBR이 8.16으로 매우 높고 현재 주가가 52주 최고가 대비 83% 수준에 위치하여 밸류에이션 부담과 조정 가능성이 큼"", ""영업이익은 증가했으나 영업현금흐름이 -2,602억원으로 큰 폭의 음수를 기록하여 실제 현금 유입이 없는 이익 구조임"", ""매출액이 전년 동기 대비 3.7% 감소하며 외형 성장이 정체된 상태에서 최근 1개월간 주가가 43.27% 급등하여 과매수 구간으로 판단됨""]"
247540,에코프로비엠,2025-12-01,158900,Sell,82,"[""거래량 변화율이 -65.77%로 급감하여 시장의 매수 관심도가 매우 낮아진 상태임"", ""3분기 영업이익은 증가했으나 영업현금흐름이 -1,967억원으로 적자이며, 애널리스트 리포트에서 본업 적자 지속 및 단기 모멘텀 부족을 명시함"", ""PBR 7.86배의 높은 밸류에이션과 52주 최고가 대비 83.6% 수준의 높은 가격 위치로 인해 단기 상승 여력보다 하락 리스크가 큼""]"
196170,알테오젠,2023-01-02,39600,Sell,85,"[""PBR이 15.83으로 자산 가치 대비 극도로 고평가되어 있어 밸류에이션 부담이 매우 큼"", ""매출액이 전년 동기 대비 10.6% 감소하고 영업손실 107억 원을 기록하는 등 펀더멘털이 악화됨"", ""영업현금흐름이 -114억 원으로 음수이며 거래량 변화율이 -5.88%로 하락하며 상승 모멘텀이 부족함""]"
196170,알테오젠,2023-02-01,38050,Sell,80,"[""PBR이 15.21로 매우 높으나 PER은 적자로 인해 산출되지 않아 밸류에이션 부담이 매우 큼"", ""영업이익(-107억원)과 영업현금흐름(-114억원)이 모두 음수로 재무 건전성 및 수익성이 악화된 상태임"", ""거래량 변화율이 -39.91%로 급감하고 최근 1개월 수익률이 마이너스를 기록하는 등 주가 상승 모멘텀이 부족함""]"
196170,알테오젠,2023-03-02,36400,Sell,90,"[""PBR이 14.55로 매우 높아 자산 가치 대비 주가가 과도하게 고평가된 상태입니다."", ""매출액이 전년 동기 대비 10.6% 감소하고 영업손실(-107억원)이 지속되는 등 펀더멘털이 악화되었습니다."", ""영업현금흐름이 -114억원으로 음수를 기록하여 기업의 현금 창출 능력이 결여되어 있습니다.""]"
196170,알테오젠,2023-04-03,39150,Sell,85,"[""2022년 매출이 전년 대비 25.6% 감소하고 영업이익이 93.3% 급감하는 등 실적 악화가 심각함"", ""PBR이 14.42로 매우 높아 자산 가치 대비 주가가 과도하게 고평가된 상태임"", ""영업현금흐름이 -179억원으로 음수이며 지속적인 적자 구조로 인해 재무적 지속 가능성이 낮음""]"
196170,알테오젠,2023-05-02,43550,Sell,75,"[""PBR이 16.04로 매우 높게 형성되어 있으나, 영업이익과 순이익이 모두 적자인 상태로 밸류에이션 부담이 극심함"", ""매출액이 전년 대비 25.6% 감소하고 영업이익이 93.3% 급감하는 등 전반적인 실적 지표가 크게 악화됨"", ""영업현금흐름이 -179억원으로 음수를 기록하고 있어 기업의 재무적 지속 가능성이 낮음""]"
196170,알테오젠,2023-06-01,52800,Sell,85,"[""PBR이 19.44로 장부 가치 대비 극도로 고평가되어 있어 밸류에이션 부담이 매우 큼"", ""전년 동기 대비 영업이익이 55.6% 감소하며 적자 폭이 확대되었고 영업이익률이 -101.4%로 매우 낮음"", ""최근 1개월 수익률은 21.38%로 상승했으나 거래량 변화율이 -47.21%로 급감하여 상승 모멘텀의 약화가 예상됨""]"
196170,알테오젠,2023-07-03,43050,Sell,75,"[""최근 1개월 수익률이 -18.47%이며 거래량 변화율 또한 -19.13%로 하락 추세와 매수세 약화가 동시에 나타나고 있습니다."", ""PBR이 15.85로 매우 높게 형성되어 있으나, 영업이익률이 -101.4%로 심각한 적자 상태여서 밸류에이션 부담이 큽니다."", ""매출은 증가했으나 영업이익이 전년 동기 대비 -55.6% 감소하며 적자 폭이 확대되어 단기적인 펀더멘털 개선 근거가 부족합니다.""]"
196170,알테오젠,2023-08-01,44050,Neutral,60,"[""매출액이 전년 동기 대비 48.9% 증가하며 성장세를 보이나, 영업이익 적자 폭이 55.6% 확대되어 수익성이 악화되었습니다."", ""PBR이 16.22로 매우 높아 밸류에이션 부담이 크지만, 애널리스트 목표주가(70,000원)는 현재가 대비 상승 여력이 높게 책정되어 있습니다."", ""영업현금흐름이 11억원으로 정(+)의 수치를 기록했으나, 영업이익률이 -101.4%로 극심한 적자 상태여서 단기 방향성을 확신하기 어렵습니다.""]"
196170,알테오젠,2023-09-01,43750,Neutral,60,"[""2023년 2분기 매출(+662.5%)과 영업이익(+306.0%)이 폭발적으로 성장하며 45.6%의 높은 영업이익률을 기록함"", ""PBR이 16.11로 매우 높아 자산 가치 대비 주가가 상당히 고평가된 상태임"", ""최근 거래량 변화율이 -7.22%로 감소하며 단기적인 상승 모멘텀이 약화되는 흐름을 보임""]"
196170,알테오젠,2023-10-04,65300,Buy,85,"[""2023년 2분기 매출이 전년 동기 대비 662.5%, 영업이익이 306.0% 증가하며 폭발적인 성장세를 기록함"", ""최근 1개월 수익률 42.73%와 거래량 변화율 607.66%를 통해 매우 강력한 단기 상승 모멘텀과 시장의 관심이 확인됨"", ""영업이익률 45.6%의 고수익 구조와 양수(+)의 영업현금흐름을 통해 실적 성장과 재무적 뒷받침이 동시에 이루어지고 있음""]"
196170,알테오젠,2023-11-01,62800,Neutral,65,"[""2023년 2분기 매출(+662.5%)과 영업이익(+306.0%)이 폭발적으로 성장하며 강력한 실적 개선세를 보임"", ""PBR이 23.12로 매우 높아 밸류에이션 부담이 크며, 최근 1개월 수익률이 -0.79%로 주가가 정체되어 있음"", ""거래량 변화율이 -56.39%로 급감하여 단기적으로 주가를 상승시킬 수 있는 시장의 매수 동력이 부족함""]"
196170,알테오젠,2023-12-01,82600,Sell,85,"[""현재가가 52주 최고가(82,600원)에 도달하여 52주 내 위치가 100%로, 단기적 고점 부담이 매우 높습니다."", ""PBR이 30.42로 자산 가치 대비 극도로 과평가되어 있으며, 영업이익이 -106억원으로 여전히 적자 상태입니다."", ""주가가 최고점에 도달했음에도 거래량 변화율이 -14.37%로 감소하며 상승 동력이 약화되는 신호를 보이고 있습니다.""]"
196170,알테오젠,2024-01-02,91500,Neutral,65,"[""매출이 전년 동기 대비 293% 급증하며 강력한 성장세를 보이고 있으나, 여전히 106억원의 영업손실을 기록 중인 적자 상태임"", ""PBR이 33.69로 매우 높아 자산 가치 대비 주가가 과도하게 고평가되어 있는 상태임"", ""현재 주가가 52주 최고가 대비 89.5% 수준에 위치하여 단기적으로 상단 저항선에 도달했을 가능성이 큼""]"
196170,알테오젠,2024-02-01,71400,Sell,85,"[""최근 1개월 수익률이 -21.11%로 급락 중이며 거래량 또한 -25.39% 감소하여 하락 추세가 강하게 나타나고 있습니다."", ""PBR이 26.29로 매우 높아 자산 가치 대비 주가가 과도하게 고평가된 상태입니다."", ""매출은 증가했으나 영업이익률 -49.7% 및 영업손실 106억원을 기록하며 여전히 적자 구조를 벗어나지 못하고 있습니다.""]"
196170,알테오젠,2024-03-04,167200,Sell,85,"[""현재가가 52주 최고가(167,200원)에 도달하여 위치가 100%이며, 최근 1개월 수익률이 106.93%로 단기 급등에 따른 조정 가능성이 매우 높음"", ""PBR이 61.57로 극도로 높으며, 2023년 3분기 기준 영업이익 -106억원의 적자 상태로 밸류에이션 부담이 심각함"", ""최근 애널리스트 리포트의 목표주가인 140,000원을 현재가가 이미 크게 상회하고 있어 추가 상승 여력이 제한적임""]"
196170,알테오젠,2024-04-01,186300,Neutral,40,"[""매출액의 폭발적 성장(+235.1%)과 현재가 대비 높은 목표주가(300,000원)가 강력한 상승 근거로 작용함"", ""PBR 67.46의 극심한 고평가 상태와 마이너스 영업현금흐름(-78억원)이 재무적 리스크 및 하락 요인으로 작용함"", ""주가가 52주 최고가 부근(81.8%)에 위치한 상황에서 거래량이 감소(-20.04%)하며 상승 모멘텀의 둔화 가능성이 존재함""]"
196170,알테오젠,2024-05-02,180800,Sell,85,"[""PBR이 65.47로 극도로 높아 자산 가치 대비 주가가 매우 과도하게 고평가된 상태입니다."", ""영업이익과 영업현금흐름이 모두 적자를 기록하고 있어 펀더멘털 측면의 수익성이 결여되어 있습니다."", ""최근 1개월 수익률이 -2.95%이며 거래량 변화율이 -28.05%로 감소하여 단기 상승 모멘텀이 약화되는 추세입니다.""]"
196170,알테오젠,2024-06-03,199000,Buy,80,"[""2024년 1분기 매출과 영업이익이 전년 동기 대비 각각 237.6%, 264.6% 급증하며 폭발적인 실적 성장세를 기록함"", ""최근 리포트에서 경쟁사의 SC 제형 개발 실패라는 구체적 호재와 함께 현재가 대비 높은 목표주가(300,000원)가 제시됨"", ""49.5%의 높은 영업이익률과 408억원의 정(+)의 영업현금흐름을 통해 재무적 수익 창출 능력을 입증함""]"
196170,알테오젠,2024-07-01,277500,Sell,80,"[""PBR이 100.48로 극도로 높아 자산 가치 대비 주가가 매우 과도하게 고평가된 상태입니다."", ""52주 최고가 대비 현재 위치가 95.2%에 달해 단기적인 가격 저항선에 근접해 있습니다."", ""최근 1개월 수익률이 54.17%로 급등하여 단기 과열에 따른 기술적 조정 가능성이 매우 높습니다.""]"
196170,알테오젠,2024-08-01,319000,Neutral,75,"[""1분기 매출과 영업이익이 전년 동기 대비 각각 237.6%, 264.6% 급증하며 강력한 실적 성장세를 기록하고 있습니다."", ""최근 애널리스트 리포트에서 목표주가를 최대 375,000원으로 제시하며 긍정적인 전망을 유지하고 있습니다."", ""현재 주가가 52주 최고가의 99.5% 수준에 도달해 있고 PBR이 115.51로 매우 높으며, 거래량이 22.13% 감소하여 단기 고점 부담과 조정 가능성이 공존합니다.""]"
196170,알테오젠,2024-09-02,322000,Sell,90,"[""현재가가 52주 최고가(322,000원)에 도달하여 위치가 100%로, 기술적 조정 가능성이 매우 높습니다."", ""PBR이 116.60으로 자산 가치 대비 극도로 과평가되어 있으며, 최근 1개월 수익률(0.94%)과 거래량 변화율(-6.97%)이 둔화되며 상승 모멘텀이 약화되었습니다."", ""2024년 2분기 매출이 전년 동기 대비 71.2% 감소하고 영업이익이 134.7% 감소하는 등 실적 악화가 뚜렷합니다.""]"
196170,알테오젠,2024-10-02,336000,Sell,90,"[""PBR이 121.67로 장부 가치 대비 극도로 과평가된 상태입니다."", ""2024년 2분기 매출이 전년 동기 대비 71.2% 감소하고 영업이익이 134.7% 감소하는 등 실적 악화가 뚜렷합니다."", ""주가가 52주 최고가 부근(91.2%)에 위치해 있으나 거래량 변화율이 -34.73%로 감소하며 상승 모멘텀이 둔화되고 있습니다.""]"
196170,알테오젠,2024-11-01,356500,Sell,85,"[""PBR이 129.09로 장부 가치 대비 극도로 과평가된 상태입니다."", ""2024년 2분기 매출이 전년 동기 대비 71.2% 감소하고 영업이익이 134.7% 감소하는 등 실적이 크게 악화되었습니다."", ""주가가 52주 최고가 부근(88.0%)에 위치해 있으나 거래량 변화율이 -34.58%로 감소하며 상승 모멘텀이 둔화되고 있습니다.""]"
196170,알테오젠,2024-12-02,302000,Neutral,65,"[""최근 1개월 수익률이 -15.29%로 하락 추세이며, PBR이 109.35로 극도로 높아 밸류에이션 부담이 매우 큼"", ""3분기 매출이 전년 동기 대비 77% 급감하고 영업손실(-82억원)을 기록하는 등 현재의 재무 실적이 매우 저조함"", ""그럼에도 불구하고 키트루다SC 3상 성공 및 글로벌 허가 신청 등 강력한 모멘텀과 높은 목표주가(최대 730,000원)가 제시되어 상승 잠재력이 공존함""]"
196170,알테오젠,2025-01-02,300000,Sell,85,"[""PBR이 108.63으로 자산 가치 대비 극도로 과평가된 상태입니다."", ""2024년 3분기 매출이 전년 동기 대비 77% 급감하였으며, 영업손실과 당기순손실이 지속되고 있습니다."", ""최근 1개월 수익률은 양수이나 거래량 변화율이 -35.13%로 급감하며 상승 동력이 약화되고 있습니다.""]"
196170,알테오젠,2025-02-03,352500,Neutral,65,"[""PBR 127.64배의 극심한 고평가 상태와 3분기 매출액의 급감(-77.0%) 등 재무적 펀더멘털이 매우 취약함"", ""최근 1개월 수익률은 16.92%로 상승했으나, 거래량 변화율이 -51.25%로 급감하며 상승 모멘텀이 둔화되는 신호를 보임"", ""JP모건의 매우 높은 목표주가(730,000원)라는 강력한 상승 근거와 부정적인 실적 및 기술적 지표가 상충하여 방향성을 확신할 수 없음""]"
196170,알테오젠,2025-03-04,400000,Sell,85,"[""PBR이 144.84로 자산 가치 대비 극도로 고평가된 상태입니다."", ""2024년 3분기 매출이 전년 동기 대비 77% 급감하였으며 영업손실과 당기순손실이 지속되고 있습니다."", ""현재 주가가 52주 최고가 대비 87.3% 수준에 위치하여 기술적으로 고점 부담이 큽니다.""]"
196170,알테오젠,2025-04-01,371500,Buy,82,"[""전년 대비 영업이익이 360.9% 급증하고 영업현금흐름이 530억원으로 양호하여 펀더멘털 성장세가 매우 강력함"", ""최근 애널리스트 리포트의 목표주가(730,000원)가 현재가(371,500원) 대비 약 96%의 높은 상승 여력을 제시함"", ""최근 1개월 수익률은 -4.01%로 조정 중이나 거래량 변화율이 65.23%로 증가하며 반등 가능성을 시사함""]"
196170,알테오젠,2025-05-02,356500,Neutral,65,"[""영업이익이 전년 대비 360.9% 증가하고 영업현금흐름이 530억원으로 양호하여 펀더멘털 성장세가 매우 강력함"", ""PER 304.2배, PBR 69.63배라는 극도로 높은 밸류에이션은 단기 주가 조정의 리스크 요인으로 작용함"", ""최근 1개월 수익률이 -1.66%이며 거래량 변화율이 -57.76%로 급감하여 단기적인 상승 모멘텀이 부족한 상태임""]"
196170,알테오젠,2025-06-02,350000,Buy,85,"[""2025년 1분기 영업이익이 전년 동기 대비 253.5% 증가하였으며, 영업이익률이 72.9%로 매우 높음"", ""최근 애널리스트 리포트의 목표주가(730,000원)가 현재가(350,000원) 대비 2배 이상의 상승 여력을 제시함"", ""ROE 22.9%의 높은 수익성과 부채비율 73.6%의 안정적인 재무 구조를 보유함""]"
196170,알테오젠,2025-07-01,372500,Buy,88,"[""2025년 1분기 영업이익이 전년 동기 대비 253.5% 증가하고 영업이익률 72.9%를 기록하는 등 폭발적인 실적 성장세를 보이고 있습니다."", ""최근 리포트에서 엔허투SC 임상 개시 및 키트루다SC 출시 등 강력한 모멘텀이 제시되었으며, 목표주가(440,000원~730,000원)가 현재가 대비 상당히 높게 형성되어 있습니다."", ""최근 1개월 수익률 11.36%와 거래량 증가율 17.93%를 통해 단기적인 주가 상승 모멘텀과 시장의 관심도가 높아지고 있음을 확인할 수 있습니다.""]"
196170,알테오젠,2025-08-01,422000,Buy,82,"[""2025년 1분기 매출이 전년 동기 대비 139.8%, 영업이익이 253.5% 증가하며 폭발적인 성장세를 기록했고 영업이익률이 72.9%로 매우 높음"", ""최근 1개월 수익률 6.03%와 거래량 변화율 16.81% 증가를 통해 단기 상승 모멘텀과 시장의 관심도가 높아지고 있음"", ""최근 리포트에서 코스피 이전 가능성과 시장 확대라는 구체적 모멘텀을 제시하며 현재가 대비 약 30% 높은 550,000원의 목표주가를 설정함""]"
196170,알테오젠,2025-09-01,455000,Sell,85,"[""PER 388.2배, PBR 88.87배로 현재 실적 대비 밸류에이션이 극도로 과평가되어 있습니다."", ""매출은 성장했으나 영업이익(-4억원)과 순이익(-343억원)이 모두 적자를 기록하여 수익성이 결여되어 있습니다."", ""주가가 52주 최고가 부근(83.6%)에 위치한 상태에서 최근 1개월 수익률이 0.22%로 정체되었고 거래량은 24.77% 감소하여 상승 모멘텀이 약화되었습니다.""]"
196170,알테오젠,2025-10-01,458000,Buy,85,"[""최근 리포트에서 FDA 및 CHMP 승인 권고 등 강력한 모멘텀이 확인되었으며, 목표주가(550,000원~730,000원)가 현재가 대비 매우 높게 형성되어 있음"", ""매출액이 전년 동기 대비 52.4% 증가하고 영업이익이 적자 폭을 크게 줄이며(-4억원) 흑전 전환 가능성이 높아짐"", ""극심한 고평가 지표에도 불구하고 영업현금흐름이 +640억원으로 양호하여 로열티 수익 기반의 성장 단계로 진입하는 재무적 안정성을 확보함""]"
196170,알테오젠,2025-11-03,523000,Sell,85,"[""현재가가 52주 최고가(523,000원)에 도달하여 52주 내 위치가 100%로, 단기 고점 부담이 매우 높습니다."", ""PER 446.2배, PBR 102.15배라는 극단적으로 높은 밸류에이션은 현재의 재무 성과 대비 과열 상태임을 나타냅니다."", ""매출은 성장했으나 영업이익(-4억원)과 순이익(-343억원)이 모두 적자 상태로, 주가 상승을 뒷받침할 실질적 수익성이 부족합니다.""]"
196170,알테오젠,2025-12-01,542000,Buy,85,"[""3분기 매출이 전년 동기 대비 902.3%, 영업이익이 426.9% 증가하며 폭발적인 성장세와 54.4%의 높은 영업이익률을 기록함"", ""유럽 시판 허가 획득 및 추가 L/O 기대감과 함께 목표주가 640,000원이 제시되어 현재가 대비 상승 여력이 존재함"", ""최근 1개월 수익률 10.95%와 거래량 변화율 31.54% 증가를 통해 강한 단기 상승 모멘텀이 확인됨""]"
034020,두산에너빌리티,2023-01-02,15250,Neutral,65,"[""전년 동기 대비 매출(+35.2%)과 영업이익(+40.7%)이 크게 성장하며 강력한 펀더멘털 개선을 보이고 있다."", ""최근 1개월 수익률(-8.96%)과 거래량 변화율(-36.72%)이 모두 하락하며 단기적인 하락 추세와 매수세 위축이 관찰된다."", ""52주 가격 범위 내 현재 위치가 24.6%로 저점 부근에 있어 가격 매력은 있으나, 거래량 급감으로 인해 20거래일 내 반등 모멘텀을 확신하기 어렵다.""]"
034020,두산에너빌리티,2023-02-01,16530,Buy,78,"[""전년 동기 대비 매출액(+35.2%)과 영업이익(+40.7%)이 큰 폭으로 성장하며 강력한 실적 개선세를 보이고 있습니다."", ""최근 1개월 수익률(+7.34%)과 거래량 변화율(+14.73%)이 모두 상승하며 단기적인 주가 모멘텀이 형성되고 있습니다."", ""현재 주가 위치가 52주 최고가 대비 36.6% 수준에 머물러 있어 기술적 반등 및 상승 여력이 충분합니다.""]"
034020,두산에너빌리티,2023-03-02,16580,Neutral,75,"[""매출(+35.2%)과 영업이익(+40.7%)의 전년 동기 대비 높은 성장세와 양호한 영업현금흐름이 펀더멘털을 지지하고 있습니다."", ""최근 1개월 수익률이 -0.72%로 정체되어 있으며, 거래량 변화율이 -13.17%로 감소하여 단기 상승 모멘텀이 부족한 상태입니다."", ""52주 가격 범위 내 현재 위치가 37.0%로 저평가 매력이 존재하나, 기술적 지표의 약세가 실적 성장세와 상충하여 방향성이 불분명합니다.""]"
034020,두산에너빌리티,2023-04-03,17060,Buy,75,"[""매출(+40.3%)과 영업이익(+27.2%)의 가파른 성장세와 6,251억원의 양호한 영업현금흐름을 통해 사업의 외형 성장과 현금 창출 능력을 확인했다."", ""거래량 변화율이 93.09%로 급증하며 단기적인 수급 개선 및 시장의 강한 관심이 유입되고 있다."", ""PBR 1.08배로 자산 가치 대비 저평가 수준이며, 최근 1개월 수익률이 2.03%로 완만한 상승 추세에 진입했다.""]"
034020,두산에너빌리티,2023-05-02,16130,Neutral,65,"[""최근 1개월 수익률이 -5.12%로 단기적인 주가 하락 추세가 지속되고 있습니다."", ""매출과 영업이익은 큰 폭으로 성장했으나, 당기순이익이 -4,531억원으로 적자를 기록하여 펀더멘털의 불확실성이 존재합니다."", ""52주 내 현재 위치가 35.1%로 낮은 수준이나, 거래량 변화율(10.44%)이 추세 전환을 확신시키기에 부족합니다.""]"
034020,두산에너빌리티,2023-06-01,16200,Neutral,65,"[""2023년 1분기 매출(+35.0%)과 영업이익(+90.7%)이 전년 동기 대비 큰 폭으로 성장하며 펀더멘털 개선세를 보임"", ""최근 1개월 수익률(-2.94%)이 하락세이며 특히 거래량 변화율(-49.60%)이 급감하여 단기 주가 상승을 견인할 모멘텀이 부족함"", ""PBR 1.03으로 자산 가치 대비 저평가 구간이나, PER이 적자로 표시되어 전반적인 수익성 회복의 일관성이 확인되지 않음""]"
034020,두산에너빌리티,2023-07-03,18100,Buy,85,"[""2023년 1분기 영업이익이 전년 동기 대비 90.7% 급증하며 강력한 실적 성장세를 보이고 있습니다."", ""최근 1개월 수익률 11.73%와 거래량 변화율 110.19%가 동시에 상승하며 강한 매수 모멘텀이 확인됩니다."", ""영업현금흐름이 2,330억원으로 정(+)의 수치를 기록하고 있으며 PBR 1.15배로 밸류에이션 부담이 낮습니다.""]"
034020,두산에너빌리티,2023-08-01,17500,Neutral,65,"[""2023년 1분기 매출이 전년 동기 대비 35.0%, 영업이익이 90.7% 증가하며 강력한 실적 성장세를 기록함"", ""최근 1개월 수익률 -3.31%와 거래량 변화율 -26.89%로 단기적인 주가 하락 추세 및 모멘텀 약화가 나타남"", ""1분기 순이익 흑자에도 불구하고 PER이 적자로 표시되어 있어 재무 지표 간의 불일치로 인한 불확실성이 존재함""]"
034020,두산에너빌리티,2023-09-01,17470,Neutral,65,"[""2023년 2분기 매출과 영업이익이 전년 동기 대비 각각 18.1%, 50.5% 증가하며 실적 성장세가 뚜렷함"", ""영업현금흐름이 1.3조 원으로 매우 양호하나, PER이 적자로 표시되어 전반적인 수익성 지표에 불일치가 존재함"", ""최근 1개월 수익률이 -1.24%이고 거래량 변화율이 -31.44%로 급감하여 단기적인 주가 상승 모멘텀이 부족함""]"
034020,두산에너빌리티,2023-10-04,15770,Neutral,60,"[""최근 1개월 수익률이 -11.15%로 단기적인 주가 하락 추세가 뚜렷함"", ""2023년 2분기 영업이익이 전년 동기 대비 50.5% 증가하고 영업현금흐름이 1.3조원으로 펀더멘털은 견조함"", ""PER은 적자로 기재되어 있으나 2분기 순이익은 흑자를 기록하는 등 재무 지표 간 불일치로 인해 단기 방향성 확신이 어려움""]"
034020,두산에너빌리티,2023-11-01,13460,Neutral,65,"[""2023년 2분기 영업이익이 전년 동기 대비 50.5% 증가하고 영업현금흐름이 1.3조 원으로 매우 양호한 실적과 현금 창출력을 보유함"", ""최근 1개월 수익률 -17.57% 및 거래량 변화율 -39.85%로 단기 하락 추세가 강하며 시장의 매수세가 급격히 위축된 상태임"", ""PBR 0.86 및 52주 최저가 근접(현재 위치 8.0%)으로 저평가 구간이나, PER 적자 표기와 기술적 하락 모멘텀이 충돌하여 단기 방향성 확신이 어려움""]"
034020,두산에너빌리티,2023-12-01,15270,Buy,75,"[""PBR이 0.97로 장부가치 이하에서 거래되고 있어 밸류에이션 매력이 존재함"", ""영업현금흐름이 1.4조원 규모로 매우 강력하여 재무적 유동성이 확보된 상태임"", ""현재가(15,270원)가 애널리스트 목표주가(23,000원) 대비 상승 여력이 크며, 52주 가격 위치가 31.5%로 낮은 수준임""]"
034020,두산에너빌리티,2024-01-02,16010,Neutral,65,"[""매출은 4.9% 증가했으나 영업이익이 전년 동기 대비 1.0% 감소하여 수익성 성장세가 정체된 상태임"", ""최근 1개월 수익률은 6.24%로 상승세이나, 거래량 변화율이 0.18%로 매우 낮아 추세 상승을 뒷받침할 거래 동력이 부족함"", ""영업현금흐름은 1.4조원으로 매우 양호하나, PER이 적자로 표기되어 있어 전반적인 밸류에이션 판단에 불확실성이 존재함""]"
034020,두산에너빌리티,2024-02-01,15380,Neutral,65,"[""PBR이 0.98로 장부가치 이하에서 거래되고 있어 밸류에이션 매력이 있으나, PER이 적자로 표시되어 전반적인 수익성 지표가 불안정함"", ""최근 1개월 수익률(-1.41%)과 거래량 변화율(-17.18%)이 모두 감소하며 단기적인 상승 모멘텀이 부족한 상태임"", ""영업현금흐름은 1.4조원으로 양호하지만, 영업이익 성장률이 전년 동기 대비 -1.0%로 정체되어 있어 20거래일 내의 뚜렷한 방향성을 확신하기 어려움""]"
034020,두산에너빌리티,2024-03-04,15770,Buy,75,"[""최근 1개월 수익률(+4.92%)과 거래량 변화율(+39.06%)이 동시에 증가하며 단기 상승 모멘텀이 포착됨"", ""애널리스트 목표주가(23,000원)가 현재가(15,770원) 대비 약 45% 이상의 높은 상승 여력을 제시함"", ""1.4조 원의 강력한 영업현금흐름을 확보하고 있으며 PBR 1.00배로 밸류에이션상 저평가 구간에 위치함""]"
034020,두산에너빌리티,2024-04-01,17270,Neutral,60,"[""최근 1개월 수익률(+6.34%)과 거래량 변화율(+154.92%)이 급증하며 단기적인 상승 모멘텀이 포착됨"", ""2023년 영업이익 성장률(+32.6%)과 2.1조원의 견조한 영업현금흐름은 기업의 외형 성장과 현금 창출 능력을 입증함"", ""그럼에도 불구하고 PER 198.5배의 극심한 고평가 상태와 ROE 0.5%라는 매우 낮은 자본 효율성은 주가 상승의 펀더멘털 근거를 약화시킴""]"
034020,두산에너빌리티,2024-05-02,16500,Sell,82,"[""PER가 189.7로 매우 높고 ROE가 0.5%에 불과하여 현재 주가가 수익성 대비 과도하게 고평가되어 있습니다."", ""최근 1개월 수익률이 -4.46%이며 거래량 변화율이 -52.33%로 급감하여 단기 상승 모멘텀이 크게 약화되었습니다."", ""2023년 실적 성장에도 불구하고 현재의 기술적 지표와 밸류에이션 지표가 하락 추세를 강하게 지지하고 있습니다.""]"
034020,두산에너빌리티,2024-06-03,20750,Sell,82,"[""PER 238.5와 ROE 0.5%는 현재 주가가 기업의 수익 창출 능력 대비 극도로 과평가되어 있음을 나타냅니다."", ""매출 성장률(+1.4%)이 정체된 가운데 영업이익이 전년 동기 대비 1.8% 감소하여 펀더멘털의 성장 근거가 부족합니다."", ""주가가 52주 최고가 대비 87.5% 수준에 위치하며 최근 1개월간 23.51% 급등하여 단기 차익 실현 매물 출회 가능성이 매우 높습니다.""]"
034020,두산에너빌리티,2024-07-01,19950,Sell,85,"[""PER 229.3 및 ROE 0.5%는 현재 수익성 대비 주가가 극도로 과평가되어 있음을 나타냅니다."", ""최근 1개월 수익률 -3.16%와 거래량 변화율 -25.70%는 단기 모멘텀의 약화와 매수세 감소를 의미합니다."", ""2024년 1분기 영업이익이 전년 동기 대비 1.8% 감소하며 펀더멘털의 성장세가 정체된 상태입니다.""]"
034020,두산에너빌리티,2024-08-01,18710,Neutral,65,"[""PER 215.1과 ROE 0.5%라는 지표는 현재 주가가 수익성 대비 과도하게 고평가되어 있으며 자본 효율성이 매우 낮음을 나타냅니다."", ""최근 애널리스트 리포트의 목표주가가 23,000원에서 30,000원으로 현재가 대비 높게 형성되어 있어 상승 모멘텀이 존재합니다."", ""최근 1개월 수익률은 -2.86%로 하락 추세이나 거래량 변화율이 107.73%로 급증하여 단기 방향성에 대한 불확실성이 공존합니다.""]"
034020,두산에너빌리티,2024-09-02,17890,Sell,92,"[""전년 동기 대비 매출액이 8.6% 감소하고 영업이익이 37.4% 급감하며 실적 성장세가 둔화되었습니다."", ""PER이 205.6으로 매우 높으나 ROE는 0.5%에 불과하여 밸류에이션 부담이 극심하고 자본 효율성이 매우 낮습니다."", ""거래량 변화율이 -73.22%로 시장 관심도가 급감했으며, 영업현금흐름이 -1,327억원으로 적자를 기록해 재무 건전성에 부정적입니다.""]"
034020,두산에너빌리티,2024-10-02,17310,Sell,85,"[""전년 동기 대비 매출이 8.6%, 영업이익이 37.4% 감소하며 실적 성장세가 둔화되었습니다."", ""PER이 199.0으로 매우 높으나 ROE는 0.5%에 불과해 수익성 대비 주가가 과도하게 고평가되어 있습니다."", ""영업현금흐름이 -1,327억원으로 음수이며, 최근 1개월 수익률(-6.33%)과 거래량 변화율(-26.67%) 모두 하락세를 보이고 있습니다.""]"
034020,두산에너빌리티,2024-11-01,19980,Sell,75,"[""PER 229.7배 및 ROE 0.5%로 수익성 대비 밸류에이션이 극도로 과평가되어 있음"", ""2분기 영업이익이 전년 동기 대비 37.4% 감소하였으며, 영업현금흐름이 -1,327억원으로 악화됨"", ""최근 주가 상승이 실적이 아닌 기대감에 의한 것이며, 현재 주가 위치가 52주 최고가 대비 74.3% 수준으로 고점에 근접함""]"
034020,두산에너빌리티,2024-12-02,20700,Sell,85,"[""PER 237.9와 ROE 0.5%는 현재 수익성 대비 주가가 극도로 과평가되어 있음을 나타냅니다."", ""3분기 매출(-18.3%)과 영업이익(-63.1%)이 전년 동기 대비 급감했으며, 순손실(-265억원)을 기록했습니다."", ""영업현금흐름이 -9,480억원으로 매우 부정적이며, 주가가 52주 최고가 부근(78.5%)에 위치한 상태에서 거래량이 감소(-12.90%)하고 있어 하락 전환 가능성이 높습니다.""]"
034020,두산에너빌리티,2025-01-02,18060,Sell,95,"[""2024년 3분기 영업이익이 전년 동기 대비 63.1% 급감하였으며, 순이익은 -265억 원으로 적자 전환하였습니다."", ""영업현금흐름이 -9,480억 원으로 매우 심각한 수준의 마이너스를 기록하여 재무적 불안정성이 높습니다."", ""최근 1개월 수익률이 -14.61%로 강한 하락 추세에 있으며, 거래량 또한 -9.28% 감소하며 하방 압력이 지속되고 있습니다.""]"
034020,두산에너빌리티,2025-02-03,23350,Sell,82,"[""PER 268.4와 ROE 0.5%로 현재 수익성 대비 밸류에이션이 극도로 과평가된 상태임"", ""3분기 매출(-18.3%)과 영업이익(-63.1%)이 급감하며 순손실(-265억원)을 기록하는 등 펀더멘털이 악화됨"", ""영업현금흐름이 -9,480억원으로 매우 부정적이며, 주가가 52주 최고가 부근(87%)에 위치해 단기 차익 실현 매물 출회 가능성이 높음""]"
034020,두산에너빌리티,2025-03-04,25500,Neutral,65,"[""2024년 3분기 매출(-18.3%)과 영업이익(-63.1%)이 전년 동기 대비 크게 감소했으며 순손실을 기록하는 등 실적 악화가 뚜렷함"", ""PER 293.1의 극심한 고평가 상태와 -9,480억원의 영업현금흐름 등 재무 수익성 및 현금 흐름 지표가 매우 부정적임"", ""최근 1개월 수익률 상승과 분석가들의 높은 목표주가(35,000~40,000원)가 긍정적이나, 기초 체력(펀더멘털)과의 괴리가 너무 커 방향성 확신이 어려움""]"
034020,두산에너빌리티,2025-04-01,23850,Sell,90,"[""PER 137.1 및 ROE 1.0%로 수익성 대비 밸류에이션이 극도로 과평가되어 있음"", ""매출액(-7.7%)과 영업이익(-30.6%)이 전년 대비 모두 감소하며 실적 성장세가 둔화됨"", ""최근 1개월 수익률 -6.10%와 거래량 변화율 -40.81%로 단기 하락 추세 및 시장 관심도 감소가 뚜렷함""]"
034020,두산에너빌리티,2025-05-02,27700,Sell,80,"[""PER 159.2와 ROE 0.9%는 수익성 대비 주가가 극도로 과평가되어 있음을 나타냅니다."", ""2024년 매출(-7.7%)과 영업이익(-30.6%)이 모두 전년 대비 감소하며 펀더멘털이 악화되었습니다."", ""주가가 52주 최고가 부근(83.3%)에 위치한 상태에서 거래량 변화율이 -23.10%로 감소하여 상승 모멘텀이 둔화되고 있습니다.""]"
034020,두산에너빌리티,2025-06-02,40950,Sell,90,"[""현재가(40,950원)가 최근 애널리스트 리포트의 목표주가(38,000원)를 이미 상회하여 상승 여력이 제한적임"", ""1분기 영업이익이 전년 동기 대비 60.2% 급감하고 순손실(-212억원)을 기록하는 등 펀더멘털이 악화됨"", ""PER 235.3의 극심한 고평가 상태에서 ROE 1.0% 및 영업현금흐름 마이너스(-5,720억원)로 재무 건전성과 수익성이 매우 낮음""]"
034020,두산에너빌리티,2025-07-01,62500,Sell,95,"[""PER 359.2와 ROE 0.9%는 현재 주가가 기업의 실제 수익 창출 능력 대비 극도로 과평가되었음을 나타냅니다."", ""2025년 1분기 영업이익이 전년 동기 대비 60.2% 급감하고 순손실(-212억원)을 기록하는 등 펀더멘털이 악화되었습니다."", ""영업현금흐름이 -5,720억원으로 매우 부정적이며, 최근 1개월간 48.10% 급등하여 52주 최고가 부근(87.9%)에 위치해 있어 단기 조정 가능성이 매우 높습니다.""]"
034020,두산에너빌리티,2025-08-01,61400,Sell,85,"[""PER 352.9배와 ROE 1.0%는 현재 주가가 기업의 실제 수익 창출 능력 대비 극도로 과평가되었음을 나타냅니다."", ""2025년 1분기 영업이익이 전년 동기 대비 60.2% 급감하고 순손실(-212억원)을 기록하는 등 펀더멘털이 악화되었습니다."", ""영업현금흐름이 -5,720억원으로 매우 부정적이며, 거래량이 40.87% 감소하며 주가 상승 동력이 약화되는 추세입니다.""]"
034020,두산에너빌리티,2025-09-01,59600,Sell,85,"[""PER 342.5배와 ROE 0.9%는 기업의 수익성 대비 주가가 극도로 과평가되어 있음을 나타냅니다."", ""전년 동기 대비 영업이익이 12.5% 감소하였으며, 영업현금흐름이 -5,848억원으로 적자를 기록하여 재무적 부담이 확인됩니다."", ""52주 최고가 대비 81.5% 수준의 높은 위치에 있으나, 최근 1개월 수익률이 -9.15%로 하락 추세에 진입했습니다.""]"
034020,두산에너빌리티,2025-10-01,64600,Sell,90,"[""PER 371.3와 ROE 1.0%는 현재 주가가 기업의 수익 창출 능력 대비 극도로 과평가되어 있음을 나타냅니다."", ""주가가 52주 최고가 부근(90.8%)에 위치한 상태에서 거래량이 28.57% 감소하여 상승 모멘텀이 둔화되고 있습니다."", ""매출 증가에도 불구하고 영업이익이 전년 동기 대비 12.5% 감소했으며, 영업현금흐름이 -5,848억원으로 매우 부정적입니다.""]"
034020,두산에너빌리티,2025-11-03,89500,Sell,85,"[""PER 514.4배, PBR 4.92배라는 극심한 고평가 상태이며, ROE가 1.0%에 불과해 밸류에이션 정당성이 매우 낮습니다."", ""최근 1개월 수익률이 41.84%로 급등하여 52주 최고가 대비 91.3% 지점에 위치해 있어 단기 과열에 따른 조정 가능성이 높습니다."", ""매출은 증가했으나 영업이익이 전년 동기 대비 12.5% 감소했고, 영업현금흐름이 -5,848억원으로 적자를 기록하며 재무 건전성이 악화되었습니다.""]"
034020,두산에너빌리티,2025-12-01,74900,Sell,85,"[""PER 430.5배와 ROE 0.9%는 현재 수익성 대비 주가가 극도로 과평가되어 있음을 나타냅니다."", ""영업이익 증가에도 불구하고 당기순손실(-240억원)이 발생했으며, 영업현금흐름이 -6,449억원으로 매우 심각한 수준입니다."", ""최근 1개월 수익률 -15.56%와 거래량 변화율 -40.68%는 단기 하락 추세와 시장 관심도 감소를 강하게 시사합니다.""]"
