ticker,name,signal_date,price,signal,confidence,reasons,return_5d,return_20d,excess_return_5d,excess_return_20d
005930,삼성전자,2023-01-02,55500,Sell,65,"[""최근 1개월 수익률이 -11.34%로 하락세를 보이고 있으며, 거래량 변화율 또한 -18.94%로 감소하여 매도 압력이 존재함을 시사합니다."", ""현재가가 52주 최저가(52,600원)에 근접한 55,500원으로, 52주 최고가(80,500원) 대비 상당한 하락폭을 기록하고 있어 추가 하락 가능성을 배제할 수 없습니다."", ""PER 9.0, PBR 1.12, ROE 12.4% 등 재무 지표는 양호하나, 최근 시장의 부정적인 흐름과 기술적 지표의 하락 추세가 단기적인 주가 상승 동력을 약화시킬 수 있습니다.""]",9.025270758122744,14.620938628158845,3.047392019413236,3.3439631292135115
005930,삼성전자,2023-02-01,61800,Buy,75,"[""최근 1개월 수익률이 11.75%로 양호하며, 거래량 변화율이 47.34%로 증가하는 추세를 보이고 있어 단기적인 매수세 유입 가능성이 있습니다."", ""현재가(61,800원)가 52주 최저가(52,600원) 대비 상승한 위치에 있으며, 52주 최고가(75,400원) 대비로는 아직 상승 여력이 남아있습니다."", ""ROE 12.5%는 기업의 수익성을 나타내며, PER 10.0 및 PBR 1.25는 시장 평균 대비 과도하게 고평가되지 않은 수준으로 판단됩니다.""]",-0.7874015748031495,-4.724409448818897,-1.2993746152101306,-3.233449985418491
005930,삼성전자,2023-03-02,60800,Neutral,55,"[""현재 PER 9.9배, PBR 1.23배는 과거 평균 대비 저평가 구간에 진입할 가능성을 시사하나, 52주 최고가 대비 현재 위치가 40.4%로 상승 여력에 대한 불확실성이 존재합니다."", ""최근 1개월 수익률이 -0.33%로 약보합세를 보이고 있으며, 거래량 변화율이 -18.98%로 감소하는 추세는 단기적인 매수세 약화를 나타냅니다."", ""ROE 12.5%는 양호한 수준이나, 기술적 지표상 52주 내 현재 위치가 중간 이하에 머물러 있어 20거래일 내 뚜렷한 상승 또는 하락을 예측하기 어렵습니다.""]",-1.6528925619834711,5.785123966942149,-0.11181849750341843,3.943482895755877
005930,삼성전자,2023-04-03,63100,Neutral,55,"[""현재 PER 7.8배는 과거 평균 대비 낮은 수준으로 밸류에이션 매력이 존재하나, 52주 최고가 대비 하락한 현재가에서 추가 상승 동력이 명확하지 않습니다."", ""최근 1개월 수익률 4.30%와 거래량 변화율 3.55%는 긍정적인 신호로 볼 수 있으나, 52주 내 현재 위치가 60.7%로 중간 수준에 머물러 방향성을 확신하기 어렵습니다."", ""ROE 15.8%는 양호한 수준이나, 거시 경제 불확실성 및 반도체 업황 변동성 등 외부 요인에 대한 정보가 없어 20거래일 내 주가 방향을 명확히 예측하기 어렵습니다.""]",3.6163522012578615,2.8301886792452833,0.9011847558534929,1.9880231568325588
005930,삼성전자,2023-05-02,65700,Buy,75,"[""현재가(65,700원)가 52주 최고가(68,100원) 대비 높은 위치(84.5%)에 있어 추가 상승 여력이 제한적일 수 있으나, 최근 1개월 수익률(2.66%)이 양호하며 거래량 변화율(18.24%)이 긍정적인 신호를 보입니다."", ""PER(8.2) 및 PBR(1.29) 지표는 시장 평균 대비 저평가 가능성을 시사하며, ROE(15.8%)는 견조한 수익성을 나타내고 있습니다."", ""기술적 지표상 52주 최고가에 근접해 있으나, 최근의 긍정적인 거래량 변화와 수익률은 단기적인 상승 모멘텀을 지지하는 것으로 판단됩니다.""]",-1.834862385321101,10.397553516819572,-1.4190952149365128,6.4013913676231216
005930,삼성전자,2023-06-01,70900,Neutral,65,"[""현재가가 52주 최고가에 근접해 있어 추가 상승 여력이 제한적일 수 있습니다."", ""최근 1개월 수익률이 긍정적이나, 거래량 변화율이 음수임을 감안할 때 상승 모멘텀이 약화될 가능성이 있습니다."", ""PER, PBR, ROE 등 재무 지표는 양호하나, 단기적인 주가 상승을 강하게 지지할 만한 명확한 기술적 지표가 부족합니다.""]",-1.662049861495845,1.10803324099723,-2.7380255050053854,1.065363252990969
005930,삼성전자,2023-07-03,73000,Neutral,55,"[""현재가가 52주 최고가와 동일하며, 이는 단기적인 상승 모멘텀이 약화될 수 있음을 시사합니다."", ""최근 1개월 수익률은 긍정적이나, 거래량 변화율이 음수(-)로 나타나 추가적인 상승 동력이 부족할 수 있습니다."", ""PER, PBR, ROE 등 재무 지표는 안정적인 수준이나, 향후 20거래일 내 뚜렷한 주가 상승을 뒷받침할 만한 강력한 근거가 부족합니다.""]",-2.054794520547945,-2.6027397260273974,-0.8663519510132514,-5.446981255192835
005930,삼성전자,2023-08-01,71100,Neutral,60,"[""현재가(71,100원)가 52주 최고가(73,400원) 대비 약 3.1% 하락한 수준으로, 단기 상승 여력이 제한적일 수 있습니다."", ""최근 1개월 수익률이 -2.60%로 하락세를 보이고 있으나, 거래량 변화율이 19.54%로 증가하며 변동성 확대 가능성을 시사합니다."", ""PER(10.7), PBR(1.38), ROE(12.9%) 등 재무 지표는 양호한 편이나, 향후 20거래일 내 주가 상승을 강하게 지지할 만한 명확한 모멘텀이 부족합니다.""]",-1.4306151645207439,-4.291845493562231,-0.9968245993699907,-1.9910356237758466
005930,삼성전자,2023-09-01,71000,Sell,75,"[""현재가가 52주 최고가 대비 11.5% 낮은 수준으로, 단기 상승 여력이 제한적일 수 있습니다."", ""최근 1개월 수익률이 1.57%로 소폭 상승했으나, 거래량 변화율이 -19.74%로 감소하여 상승 동력이 약화되었음을 시사합니다."", ""PER 13.6, PBR 1.38, ROE 10.2% 등의 재무 지표는 시장 평균 대비 우수하다고 단정하기 어렵고, 특히 ROE가 10% 초반으로 높은 수준은 아닙니다.""]",-0.5617977528089888,-7.303370786516854,0.508794806824219,-0.5006391697944004
005930,삼성전자,2023-10-04,67500,Neutral,55,"[""현재가(67,500원)는 52주 최고가(73,400원) 대비 하락했으나, 52주 최저가(52,600원) 대비로는 상당한 상승 여력을 보여주고 있습니다."", ""최근 1개월 수익률(0.60%)은 소폭 상승했으나, 거래량 변화율(32.09%)은 긍정적인 수급 변화를 시사합니다."", ""PER(12.9), PBR(1.31), ROE(10.2%) 등 재무 지표는 시장 평균 대비 우수하다고 단정하기 어렵고, 52주 내 현재 위치(71.6%)는 상승과 하락의 중간 지점에 있어 명확한 방향성을 제시하지 못합니다.""]",1.9490254872563717,4.3478260869565215,-0.23727839026069364,5.814792304297168
005930,삼성전자,2023-11-01,68600,Neutral,55,"[""현재가(68,600원)는 52주 최고가(73,400원) 대비 하락했으나, 52주 최저가(55,300원) 대비로는 상당한 상승을 보이며 52주 내 현재 위치가 73.5%로 상단에 가까워 추가 상승 여력이 제한적일 수 있습니다."", ""최근 1개월 수익률이 0.00%로 횡보세를 보이고 있으며, 거래량 변화율이 1.45%로 크지 않아 단기적인 주가 방향성을 강하게 시사하는 기술적 지표가 부족합니다."", ""PER(13.1), PBR(1.34), ROE(10.2%) 등 재무 지표는 시장 평균 대비 우수하다고 단정하기 어렵고, 긍정적 또는 부정적 방향성을 명확히 제시하지 못하고 있습니다.""]",0.860832137733142,4.447632711621234,-2.7224243749508026,-3.7538251735916477
005930,삼성전자,2023-12-01,72000,Sell,75,"[""현재가가 52주 최고가에 근접한 92.3% 위치에 있어 추가 상승 여력이 제한적일 수 있습니다."", ""최근 1개월 수익률은 3.30%로 양호하나, 거래량 변화율이 -16.55%로 감소하는 추세는 매수세 약화를 시사합니다."", ""PER 15.3, PBR 1.38, ROE 9.0% 등의 재무 지표는 시장 평균 대비 특별히 매력적인 수준으로 보이지 않아, 현재 주가 수준에서 큰 상승 동력을 기대하기 어렵습니다.""]",0.5509641873278237,5.5096418732782375,0.1370394572138926,2.643978540011168
005930,삼성전자,2024-01-02,79600,Sell,75,"[""현재가가 52주 최고가와 동일한 수준으로, 추가적인 단기 상승 동력이 제한적일 수 있습니다."", ""최근 1개월 수익률이 9.49%로 양호하나, 52주 최고가 도달 시점에서의 차익 실현 매물 출회 가능성을 배제할 수 없습니다."", ""거래량 변화율이 11.79%로 긍정적이나, 최고가 부근에서의 상승세 지속 여부는 불확실합니다.""]",-4.415584415584416,-5.584415584415584,-1.9099368324431736,-1.3570701594373578
005930,삼성전자,2024-02-01,73600,Sell,75,"[""최근 1개월 수익률이 -4.42%로 하락세를 보이고 있으며, 이는 단기적인 투자 심리 위축을 시사합니다."", ""현재가가 52주 최고가 대비 약 7.1% 하락한 위치에 있으며, 이는 추가적인 하락 가능성을 내포합니다."", ""거래량 변화율이 25.71%로 증가했으나, 최근 수익률 하락과 함께 나타나는 것은 매도 압력이 강해지고 있음을 의미할 수 있습니다.""]",0.0,-3.0585106382978724,-1.312655096336569,-4.059539197053807
005930,삼성전자,2024-03-04,74900,Neutral,55,"[""현재가(74,900원)는 52주 최고가(79,600원) 대비 하락했으나, 52주 최저가(59,000원) 대비로는 상당한 상승세를 보이며 52주 내 현재 위치가 77.2%로 높은 편입니다."", ""최근 1개월 수익률이 0.81%로 소폭 상승했으나, 거래량 변화율이 -10.20%로 감소한 점은 매수세 약화를 시사합니다."", ""PER(15.9), PBR(1.44), ROE(9.1%) 등 재무 지표는 시장 평균 대비 우수하다고 단정하기 어렵고, 향후 20거래일 내 뚜렷한 상승 또는 하락을 강하게 지지할 만한 근거가 부족합니다.""]",-0.5427408412483039,15.332428765264586,-1.766036681815974,11.41607034449008
005930,삼성전자,2024-04-01,82000,Sell,75,"[""현재가가 52주 최고가에 근접한 98.0% 위치에 있어 추가 상승 여력이 제한적일 수 있습니다."", ""최근 1개월 수익률이 11.72%로 단기 상승에 따른 차익 실현 매물이 출회될 가능성이 있습니다."", ""PER 38.5, ROE 4.1%는 현재 주가 수준에서 밸류에이션 부담이 존재함을 시사합니다.""]",-1.647058823529412,-8.235294117647058,0.09639233804492475,-5.710558904292231
005930,삼성전자,2024-05-02,78000,Sell,65,"[""최근 1개월 수익률이 -4.88%로 하락세를 보이고 있으며, 거래량 변화율 또한 -3.63%로 감소하는 추세입니다."", ""현재 주가는 52주 최고가 대비 약 8.5% 하락한 수준으로, 단기적인 하락 압력이 존재할 수 있습니다."", ""PER 36.6, PBR 1.50, ROE 4.1%의 재무 지표는 시장 평균 대비 고평가 또는 낮은 수익성을 시사할 수 있어 추가적인 상승 동력이 약할 수 있습니다.""]",1.0309278350515463,-2.9639175257731956,-0.8587618120046372,-2.4210707370874154
005930,삼성전자,2024-06-03,75700,Neutral,55,"[""최근 1개월 수익률이 마이너스이고 거래량 변화율도 감소하는 등 단기적인 하락 압력이 관찰됩니다."", ""현재가가 52주 최고가 대비 약 11.4% 하락한 수준으로, 추가 하락 가능성을 배제할 수 없습니다."", ""PER, PBR, ROE 등 재무 지표는 현재가 수준에서 급격한 상승 또는 하락을 강하게 시사하지 않아 방향성이 불명확합니다.""]",1.593625498007968,8.632138114209829,-0.8882497132913887,3.6770274872611672
005930,삼성전자,2024-07-01,81800,Neutral,65,"[""최근 1개월 수익률이 11.29%로 양호한 상승세를 보였으나, 52주 최고가 대비 현재 위치가 높아 추가 상승 여력이 제한적일 수 있습니다."", ""거래량 변화율이 -13.74%로 감소 추세를 보이며 이는 단기적인 매수세 약화를 시사할 수 있습니다."", ""PER 28.2, PBR 1.53, ROE 5.4% 등의 재무 지표는 시장 평균 대비 우수하다고 단정하기 어렵고, 20거래일 내 뚜렷한 상승 또는 하락을 강하게 지지하는 근거가 부족합니다.""]",7.334963325183375,-0.9779951100244498,4.223695587864704,0.556422300416927
005930,삼성전자,2024-08-01,83100,Neutral,55,"[""현재가(83,100원)가 52주 최고가(87,800원) 대비 하락한 위치에 있어 추가 상승 여력이 제한적일 수 있습니다."", ""최근 1개월 수익률(1.59%)과 거래량 변화율(9.73%)은 긍정적인 신호를 보이지만, PER(28.7)이 높아 밸류에이션 부담이 존재합니다."", ""ROE(5.4%)가 낮은 수준으로 기업의 수익 창출 능력이 주가 상승을 강하게 뒷받침하기 어렵습니다.""]",-6.155778894472362,-6.532663316582915,-2.8764900547412435,-6.712396444649306
005930,삼성전자,2024-09-02,74400,Sell,75,"[""최근 1개월 수익률이 -10.47%로 하락세를 보이고 있으며, 이는 단기적인 매도 압력을 시사합니다."", ""거래량 변화율이 -7.31%로 감소하는 추세는 투자자들의 관심 감소 또는 매도 심리 확산을 나타낼 수 있습니다."", ""현재 주가가 52주 최고가 대비 상당한 하락폭을 보이고 있으나, 52주 내 현재 위치가 38.5%로 여전히 하락 가능성을 배제할 수 없습니다.""]",-8.689655172413794,-16.82758620689655,-3.390608025155065,-14.190447091897472
005930,삼성전자,2024-10-02,61300,Sell,75,"[""최근 1개월 수익률이 -19.76%로 큰 폭의 하락세를 보이고 있어 단기적인 하락 추세가 지속될 가능성이 있습니다."", ""현재가가 52주 최저가와 동일한 수준이며, 52주 최고가 대비 상당한 하락폭을 기록하고 있어 추가 하락에 대한 부담이 존재합니다."", ""거래량 변화율이 45.60%로 높게 나타나고 있으나, 이는 하락 추세 속에서의 투매 또는 저가 매수세 유입 가능성을 동시에 시사하며, 명확한 상승 전환 신호로 보기 어렵습니다.""]",0.33003300330033003,-3.1353135313531353,-1.7550271785878957,-3.884814447798951
005930,삼성전자,2024-11-01,58300,Sell,65,"[""최근 1개월 수익률이 -5.20%로 하락세를 보이고 있으며, 거래량 변화율 또한 -5.98%로 감소하는 추세입니다."", ""현재가는 52주 최고가 대비 약 33.3% 하락한 수준으로, 기술적 반등 가능성보다는 하락 추세 지속 가능성이 높아 보입니다."", ""ROE가 7.4%로 낮은 수준이며, PER 14.2, PBR 1.06은 현재 시장 상황에서 매력적인 투자 포인트로 작용하기 어렵습니다.""]",-6.303236797274275,-8.68824531516184,-4.089615163960643,-3.4935153646409844
005930,삼성전자,2024-12-02,53600,Sell,65,"[""최근 1개월 수익률이 -8.06%로 하락세를 보이고 있으며, 52주 최고가 대비 현재 위치가 9.8%로 낮은 편입니다."", ""PER 11.3, PBR 0.97, ROE 8.6% 등 재무 지표는 시장 평균 대비 우수하다고 보기 어렵습니다."", ""거래량 변화율이 9.54%로 상승했으나, 이는 단기적인 수급 변화일 가능성이 있으며 전반적인 하락 추세를 반전시키기에는 근거가 부족합니다.""]",0.7462686567164178,1.4925373134328357,4.036537045980838,3.8196442291562
005930,삼성전자,2025-01-02,53400,Sell,65,"[""최근 1개월 수익률이 마이너스이며 거래량 변화율 또한 크게 감소하여 투자 심리 위축 가능성을 시사합니다."", ""현재가가 52주 최고가 대비 상당 부분 하락한 위치에 있으며, 52주 내 현재 위치가 9.2%로 낮은 편에 속해 추가 하락 가능성을 배제할 수 없습니다."", ""PER 11.3, PBR 0.96, ROE 8.5% 등의 재무 지표는 현재 주가가 고평가되었다고 보기는 어렵지만, 기술적 지표에서 나타나는 약세 신호가 향후 20거래일 내 주가 하락 가능성을 높입니다.""]",1.6544117647058825,-0.7352941176470588,-1.3702573481233717,-4.618713721892895
005930,삼성전자,2025-02-03,51000,Sell,65,"[""최근 1개월 수익률이 -4.85%로 하락세를 보이고 있으며, 거래량 변화율 또한 -2.86%로 감소하는 추세입니다."", ""현재가는 52주 최고가 대비 상당한 하락폭을 보이고 있으며, 52주 내 현재 위치가 2.9%로 낮은 편에 속합니다."", ""PER 10.8, PBR 0.92, ROE 8.5% 등의 재무 지표는 현재 주가가 고평가되었다고 보기는 어렵지만, 뚜렷한 상승 모멘텀을 제시하지는 못하고 있습니다.""]",5.692599620493358,2.4667931688804554,3.3812714529945924,-0.613365916259109
005930,삼성전자,2025-03-04,54500,Neutral,55,"[""현재가(54,500원)는 52주 최저가(49,900원) 대비 상승했으나 52주 최고가(87,800원) 대비 상당한 하락폭을 보이며 52주 내 현재 위치가 12.1%로 낮은 편에 속해 상승 여력과 하락 위험이 공존합니다."", ""최근 1개월 수익률이 4.01%로 긍정적인 흐름을 보이고 거래량 변화율도 5.92%로 소폭 증가했으나, 이는 단기적인 모멘텀으로 향후 20거래일의 방향성을 확신하기에는 부족합니다."", ""PER 11.5, PBR 0.98, ROE 8.5%와 같은 재무 지표는 시장 평균 대비 우수하다고 단정하기 어렵고, 특히 ROE 8.5%는 과거 명성이나 브랜드 가치를 고려했을 때 기대치에 미치지 못할 수 있어 주가 상승을 강력하게 지지하는 근거로 보기 어렵습니다.""]",1.6666666666666667,8.88888888888889,1.0142369621559477,10.932178322967689
005930,삼성전자,2025-04-01,58800,Neutral,55,"[""최근 1개월 수익률이 7.89%로 긍정적인 흐름을 보이고 있으나, 52주 최고가 대비 현재 위치가 23.5%로 여전히 하락 가능성을 배제할 수 없습니다."", ""PER 11.9, PBR 1.02, ROE 8.6% 등 재무 지표는 시장 평균 대비 우수하다고 단정하기 어렵고, 뚜렷한 상승 근거를 제시하기에는 부족합니다."", ""거래량 변화율이 0.02%로 미미하여 현재 시장 참여자들의 방향성에 대한 확신이 낮음을 시사하며, 이는 향후 20거래일 내 주가 방향성을 예측하기 어렵게 만듭니다.""]",-9.863945578231291,-5.612244897959184,-1.3973911817366638,-7.637497705378593
005930,삼성전자,2025-05-02,54300,Sell,65,"[""최근 1개월 수익률이 -7.65%로 하락세를 보이고 있으며, 거래량 변화율 또한 -28.84%로 감소하여 투자 심리가 위축된 것으로 판단됩니다."", ""현재가가 52주 최고가 대비 11.6% 낮은 수준에 위치해 있어 추가 하락 가능성을 배제할 수 없습니다."", ""PER 11.0, PBR 0.94, ROE 8.6% 등의 재무 지표는 현재 주가가 고평가되었다고 보기는 어렵지만, 기술적 지표에서 나타나는 하락 추세가 단기적인 주가 하락을 시사합니다.""]",5.128205128205128,8.241758241758241,2.5339864631961926,-1.0149827637588924
005930,삼성전자,2025-06-02,56800,Neutral,55,"[""현재가(56,800원)는 52주 최저가(49,900원) 대비 상승했으나 52주 최고가(87,800원) 대비 상당한 하락폭을 보이며 52주 내 현재 위치가 18.2%로 낮은 편에 속해 상승 여력과 하락 위험이 공존합니다."", ""최근 1개월 수익률이 1.79%로 소폭 상승했으나 거래량 변화율이 -4.79%로 감소하여 상승 동력이 약화되었음을 시사합니다."", ""PER 11.0, PBR 0.97, ROE 8.8% 등 재무 지표는 시장 평균 대비 우수하다고 단정하기 어렵고, 뚜렷한 상승 또는 하락을 강하게 지지하는 기술적 지표가 부족합니다.""]",2.941176470588235,10.380622837370241,-2.443111326614059,-2.085993784304046
005930,삼성전자,2025-07-01,60200,Buy,75,"[""최근 1개월 수익률이 7.31%로 양호한 상승세를 보이고 있으며, 거래량 변화율도 35.36%로 증가하여 매수세 유입 가능성을 시사합니다."", ""현재가(60,200원)가 52주 최저가(49,900원) 대비 상승한 위치에 있으며, 52주 최고가(87,800원) 대비로는 아직 상승 여력이 남아있습니다."", ""PER(11.7) 및 PBR(1.03) 지표가 시장 평균 대비 과도하게 고평가되지 않은 수준으로 판단됩니다.""]",-0.6578947368421052,19.407894736842106,-2.566150185516272,13.573537033252588
005930,삼성전자,2025-08-01,68900,Neutral,55,"[""최근 1개월 수익률이 7.99%로 긍정적인 흐름을 보이고 있으나, 52주 최고가 대비 현재 위치가 51.4%로 상승 여력에 대한 불확실성이 존재합니다."", ""PER 13.3, PBR 1.18, ROE 8.8% 등 재무 지표는 시장 평균 대비 우수하다고 단정하기 어렵습니다."", ""거래량 변화율이 9.72%로 긍정적인 신호를 보내고 있으나, 이를 뒷받침할 추가적인 상승 근거가 부족합니다.""]",1.8651362984218076,-0.860832137733142,-0.009853773852038339,-1.642342740544671
005930,삼성전자,2025-09-01,67600,Sell,65,"[""최근 1개월 수익률이 -5.32%로 하락세를 보이고 있으며, 거래량 변화율 또한 -37.16%로 감소하여 투자 심리가 위축되었음을 시사합니다."", ""현재가가 52주 최고가 대비 약 15.9% 하락한 수준에 위치해 있으며, 이는 단기적인 하락 압력이 존재할 가능성을 나타냅니다."", ""ROE가 7.8%로 낮은 수준이며, 이는 기업의 수익 창출 능력이 상대적으로 약함을 의미하여 주가 상승 동력이 제한적일 수 있습니다.""]",3.4732272069464547,21.41823444283647,0.708715094474619,13.466715852516991
005930,삼성전자,2025-10-01,86000,Sell,75,"[""현재가가 52주 최고가에 근접한 99.7% 위치에 있어 단기 상승 여력이 제한적입니다."", ""최근 1개월 수익률이 24.46%로 높게 나타나 단기 차익 실현 매물이 출회될 가능성이 있습니다."", ""거래량 변화율이 51.93%로 높지만, 이는 최고가 근접과 맞물려 상승세 둔화 또는 하락 전환의 신호일 수 있습니다.""]",9.775280898876403,11.46067415730337,4.163891322040999,-1.985698415748093
005930,삼성전자,2025-11-03,111100,Sell,75,"[""현재가가 52주 최고가와 동일한 수준으로, 추가적인 단기 상승 동력이 제한적일 수 있습니다."", ""최근 1개월 수익률이 33.37%로 단기 급등 후 차익 실현 매물이 출회될 가능성이 있습니다."", ""거래량 변화율이 39.20%로 높으나, 이는 최고가 경신 시점의 매수세 유입 또는 매도세 증가를 나타낼 수 있어 방향성 판단에 주의가 필요합니다.""]",-1.334604385128694,-1.4299332697807436,-0.962188851883039,1.6466800051953574
005930,삼성전자,2025-12-01,100800,Sell,75,"[""최근 1개월 수익률이 -6.23%로 하락세를 보이고 있으며, 거래량 변화율 또한 -14.56%로 감소하여 투자 심리가 위축된 것으로 판단됩니다."", ""현재가가 52주 최고가 대비 82.9% 수준에 위치하여 추가 상승 여력이 제한적일 수 있습니다."", ""PER 20.8, PBR 1.70, ROE 8.2%의 재무 지표는 시장 평균 대비 우수하다고 단정하기 어려우며, 특히 ROE가 낮은 점은 수익성 개선에 대한 의문을 제기합니다.""]",4.835589941972921,24.274661508704064,1.1153745689876535,16.397176796831758
000660,SK하이닉스,2023-01-02,75700,Sell,75,"[""최근 1개월 수익률이 -10.63%로 하락세를 보이고 있으며, 이는 단기적인 매도 압력을 시사합니다."", ""거래량 변화율이 -17.96%로 감소한 것은 투자자들의 관심 감소 또는 매도 심리 확산을 나타낼 수 있습니다."", ""현재가가 52주 최저가에 근접한 75,000원 대비 1.2% 높은 수준으로, 추가 하락 가능성을 배제할 수 없습니다.""]",14.417989417989418,23.544973544973544,8.44011067927991,12.267998046028211
000660,SK하이닉스,2023-02-01,91400,Buy,75,"[""최근 1개월 수익률이 21.87%로 강한 상승세를 보이고 있으며, 거래량 변화율 또한 31.44%로 긍정적인 모멘텀을 시사합니다."", ""현재가 91,400원은 52주 최저가 75,000원 대비 상승 여력이 있으며, 52주 최고가 133,000원 대비로는 아직 상승 공간이 남아있습니다."", ""PER 6.8, PBR 0.97, ROE 14.3%는 재무적으로 저평가된 구간에 있음을 나타내며, 이는 향후 주가 상승의 잠재력을 시사합니다.""]",1.070663811563169,-6.5310492505353315,0.558690771156188,-5.040089787134925
000660,SK하이닉스,2023-03-02,88100,Sell,65,"[""최근 1개월 수익률이 마이너스(-)를 기록하며 약세를 보이고 있습니다."", ""거래량 변화율이 마이너스(-)를 기록하며 투자자들의 관심이 줄어들고 있음을 시사합니다."", ""현재가가 52주 최고가 대비 상당 부분 하락한 위치에 있으나, 최근 단기적인 하락 추세가 관찰됩니다.""]",-4.581901489117984,1.4891179839633446,-3.040827424637931,-0.35252308722292724
000660,SK하이닉스,2023-04-03,87200,Neutral,55,"[""PER 26.9, PBR 1.00, ROE 3.7%는 현재 기업 가치가 고평가 또는 저평가되었다고 단정하기 어려운 수준입니다."", ""52주 최고가 대비 현재 위치가 26.5%로 하락폭이 제한적이지만, 최근 1개월 수익률이 -0.11%로 뚜렷한 상승 모멘텀을 보여주지 못하고 있습니다."", ""거래량 변화율이 42.23%로 높게 나타나지만, 이는 매수세 또는 매도세의 유입을 의미할 수 있어 주가 방향성을 명확히 판단하기 어렵습니다.""]",8.63905325443787,6.272189349112427,5.923885809033502,5.430023826699703
000660,SK하이닉스,2023-05-02,90200,Neutral,55,"[""최근 1개월 수익률이 1.81%로 소폭 상승했으나, 52주 최고가 대비 현재 위치가 39.5%로 여전히 높은 편에 속하여 추가 상승 여력이 제한적일 수 있습니다."", ""거래량 변화율이 31.25%로 증가한 것은 긍정적인 신호일 수 있으나, PER 27.8, ROE 3.7% 등 재무 지표만으로는 뚜렷한 상승 근거를 찾기 어렵습니다."", ""현재가 90,200원은 52주 최저가(75,000원) 대비 상승했지만, 52주 최고가(113,500원) 대비로는 하락한 상태로, 향후 20거래일 내 상승과 하락 요인이 혼재되어 방향성을 확신하기 어렵습니다.""]",-3.8975501113585747,22.828507795100222,-3.481782940973986,18.83234564590377
000660,SK하이닉스,2023-06-01,110300,Sell,75,"[""현재가가 52주 최고가와 동일하며, 최근 1개월 수익률이 높았던 점은 단기 차익 실현 매물 출회 가능성을 시사합니다."", ""거래량 변화율이 마이너스(-)를 기록하고 있어 매수세가 약화되고 있음을 나타냅니다."", ""PER이 '해당없음(적자)'으로 재무 상태가 좋지 않음을 보여주며, 이는 주가 상승 동력을 약화시킬 수 있습니다.""]",4.0797824116047146,6.618313689936536,3.003806768095174,6.575643701930275
000660,SK하이닉스,2023-07-03,117600,Buy,75,"[""현재가가 52주 최고가에 근접해 있으며, 52주 내 현재 위치가 95.7%로 매우 높은 수준입니다."", ""최근 1개월 수익률이 6.62%로 긍정적인 흐름을 보이고 있습니다."", ""PBR 1.40은 자산 가치 대비 프리미엄이 존재하나, 적자 기업임을 감안할 때 시장의 기대감이 반영된 것으로 해석될 수 있습니다.""]",-3.816793893129771,6.106870229007633,-2.6283513235950773,3.262628699842195
000660,SK하이닉스,2023-08-01,125100,Buy,75,"[""현재가(125,100원)가 52주 최고가(128,000원)에 근접하며 강한 상승 모멘텀을 시사합니다."", ""최근 1개월 수익률(6.38%)이 양호하며, 이는 단기적인 주가 상승 추세가 이어질 가능성을 나타냅니다."", ""거래량 변화율(2.39%)이 긍정적인 것은 매수세가 유입되고 있음을 보여주며, 이는 향후 주가 상승에 긍정적인 요인으로 작용할 수 있습니다.""]",-0.8368200836820083,1.9246861924686192,-0.4030295185312552,4.225496062255004
000660,SK하이닉스,2023-09-01,120000,Neutral,55,"[""PER이 적자로 산출되지 않아 현재 기업의 수익성 대비 주가 수준을 판단하기 어렵습니다."", ""52주 최고가 대비 현재 위치가 84.9%로 상승 여력이 제한적일 수 있습니다."", ""최근 1개월 수익률이 0.42%로 미미하고 거래량 변화율이 -20.07%로 감소하여 단기적인 매수세가 약화된 것으로 보입니다.""]",-2.7684563758389262,1.006711409395973,-1.6978638162057185,7.8094430261184264
000660,SK하이닉스,2023-10-04,115400,Sell,65,"[""최근 1개월 수익률이 마이너스(-)를 기록하며 약세를 보이고 있습니다."", ""거래량 변화율 또한 마이너스(-)를 기록하며 매도 압력이 존재함을 시사합니다."", ""현재가가 52주 최고가 대비 높은 수준에 위치해 있어 추가 상승 여력이 제한적일 수 있습니다.""]",3.743760399334443,4.658901830282862,1.5574565218173775,6.125868047623508
000660,SK하이닉스,2023-11-01,120300,Buy,75,"[""현재가(120,300원)가 52주 최고가(130,000원)에 근접하며 상승 추세를 시사합니다."", ""최근 1개월 수익률(4.61%)이 양수이며, 거래량 변화율(39.30%)이 높아 시장의 관심이 증가하고 있음을 나타냅니다."", ""PBR 1.52는 자산 가치 대비 주가가 과도하게 저평가되지 않았음을 보여주며, 적자 상태임에도 불구하고 시장에서 일정 수준의 가치를 인정받고 있음을 시사합니다.""]",2.154828411811652,6.863527533918595,-1.4284281008722925,-1.337930351294287
000660,SK하이닉스,2023-12-01,132600,Sell,75,"[""현재가가 52주 최고가에 근접한 97.5% 위치에 있어 추가 상승 여력이 제한적입니다."", ""최근 1개월 수익률은 긍정적이나, 거래량 변화율이 -26.28%로 감소하는 추세는 매도 압력을 시사할 수 있습니다."", ""PER이 '해당없음(적자)'으로 재무 건전성에 대한 불확실성이 존재합니다.""]",-1.6781083142639208,4.0427154843630815,-2.092033044377852,1.177052151096012
000660,SK하이닉스,2024-01-02,142400,Sell,75,"[""현재가가 52주 최고가와 동일하며, 이는 단기적인 상승 모멘텀이 약화될 가능성을 시사합니다."", ""최근 1개월 수익률이 9.20%로 양호하나, 거래량 변화율이 12.04%로 이를 뒷받침하는 강한 매수세가 지속될지는 불확실합니다."", ""PER이 '해당없음(적자)'으로 표시되어 있어 현재 기업의 수익성 측면에서 주가 상승을 강하게 지지할 근거가 부족합니다.""]",-2.4122807017543857,-1.5350877192982455,0.09336688138685645,2.692257705679981
000660,SK하이닉스,2024-02-01,132700,Sell,75,"[""최근 1개월 수익률이 -3.00%로 하락세를 보이고 있으며, 거래량 변화율 또한 -2.06%로 감소하는 추세입니다."", ""현재가가 52주 최고가 대비 84.4% 수준으로, 단기적으로 추가 상승 여력보다는 차익 실현 매물 출회 가능성이 존재합니다."", ""PER이 '해당없음(적자)'으로 재무적으로 불안정한 상황이며, 이는 향후 주가 상승에 대한 불확실성을 높입니다.""]",11.193476649369902,20.756115641215718,9.880821553033334,19.755087082459784
000660,SK하이닉스,2024-03-04,166500,Sell,75,"[""현재가가 52주 최고가와 동일하며, 최근 1개월 수익률이 21.62%로 단기 급등 후 차익 실현 매물이 출회될 가능성이 높습니다."", ""거래량 변화율이 46.11%로 높다는 점은 단기 급등에 따른 변동성 확대 가능성을 시사합니다."", ""PER이 '해당없음(적자)'으로 재무 건전성에 대한 우려가 존재하며, PBR 2.20은 현재 주가가 자산 가치 대비 높은 수준임을 나타냅니다.""]",-0.060313630880579006,12.364294330518698,-1.283609471448249,8.447935909744192
000660,SK하이닉스,2024-04-01,185500,Sell,75,"[""현재가가 52주 최고가와 동일하며, 이는 단기적인 상승 모멘텀이 소진되었을 가능성을 시사합니다."", ""최근 1개월 수익률이 18.76%로 높지만, 거래량 변화율이 음수(-4.76%)인 점은 추가적인 매수세 유입이 약함을 나타냅니다."", ""PER이 '해당없음(적자)'으로 재무 건전성에 대한 우려가 존재하며, 이는 향후 주가 상승에 부담으로 작용할 수 있습니다.""]",-1.8250134192163179,-6.816961889425658,-0.08156225764198122,-4.292226676070831
000660,SK하이닉스,2024-05-02,173600,Sell,75,"[""최근 1개월 수익률이 -6.42%로 하락세를 보이고 있으며, 이는 단기적인 매도 압력을 시사합니다."", ""거래량 변화율이 -0.70%로 음수이며, 이는 최근 거래량 감소와 함께 매도세가 우위를 점하고 있음을 나타냅니다."", ""현재가가 52주 최고가 대비 85.6% 수준으로, 단기적으로 상승 여력보다는 차익 실현 매물이 출회될 가능성이 있습니다.""]",6.1200923787528865,11.605080831408776,4.230402731696703,12.147927620094556
000660,SK하이닉스,2024-06-03,194200,Buy,75,"[""최근 1개월 수익률이 11.48%로 양호한 상승세를 보이고 있습니다."", ""현재가가 52주 최고가 대비 약 4.1% 하락한 수준으로, 추가 상승 여력이 존재할 수 있습니다."", ""거래량 변화율이 음수이나, 이는 최근 단기적인 매도 압력이 완화될 가능성을 시사할 수 있습니다.""]",11.226073460941542,22.090015519917227,8.744198249642185,17.134904892968564
000660,SK하이닉스,2024-07-01,235500,Sell,75,"[""현재가(235,500원)가 52주 최고가(237,500원)에 근접하여 추가 상승 여력이 제한적일 수 있습니다."", ""최근 1개월 수익률(20.34%)이 높게 나타나 단기 차익 실현 매물이 출회될 가능성이 있습니다."", ""PER이 '해당없음(적자)'으로 재무 건전성에 대한 우려가 존재합니다.""]",2.8017241379310347,-18.57758620689655,-0.30954359938763565,-17.043168796455173
000660,SK하이닉스,2024-08-01,193300,Sell,75,"[""최근 1개월 수익률이 -18.09%로 큰 폭의 하락세를 보이고 있어 단기적인 하락 추세가 지속될 가능성이 있습니다."", ""현재가가 52주 최고가 대비 약 19% 하락한 수준에 위치해 있으며, 이는 추가적인 하락 여력이 있음을 시사합니다."", ""PER이 '해당없음(적자)'으로 재무 건전성에 대한 우려가 존재하며, 이는 투자 심리에 부정적인 영향을 미칠 수 있습니다.""]",-0.9815242494226328,0.4618937644341801,2.2977645903084856,0.28216063636778926
000660,SK하이닉스,2024-09-02,174000,Sell,65,"[""최근 1개월 수익률이 -9.98%로 하락세를 보이고 있으며, 이는 단기적인 매도 압력을 시사합니다."", ""거래량 변화율이 -3.62%로 감소하는 추세는 투자자들의 관심 감소 또는 매도 심리를 반영할 수 있습니다."", ""PER 48.0은 현재 주가가 기업의 이익 대비 고평가되었을 가능성을 나타내며, 이는 향후 주가 상승 여력을 제한할 수 있습니다.""]",-7.605466428995841,5.763517528223411,-2.3064192817371127,8.40065664322249
000660,SK하이닉스,2024-10-02,169100,Sell,65,"[""최근 1개월 수익률이 -5.69%로 하락세를 보이고 있으며, 거래량 변화율 또한 -8.28%로 감소하는 추세입니다."", ""현재가(169,100원)는 52주 최고가(241,000원) 대비 43.1% 수준으로, 상승 여력보다는 하락 압력이 더 클 수 있는 위치입니다."", ""PER 46.6, PBR 2.06, ROE 4.4%의 재무 지표는 현재 주가 수준을 정당화하기에 상대적으로 약한 근거를 제시합니다.""]",7.696726019529006,11.430212521539346,5.61166583764078,10.680711605093531
000660,SK하이닉스,2024-11-01,182200,Neutral,55,"[""최근 1개월 수익률은 4.35%로 긍정적이나, 거래량 변화율이 -27.49%로 감소하여 매수세 약화를 시사합니다."", ""PER 50.3, PBR 2.22, ROE 4.4%는 현재 기업 가치가 고평가되었거나 수익성이 낮음을 나타내어 상승 여력을 제한할 수 있습니다."", ""52주 최고가 대비 현재 위치가 52.9%로 중간 수준에 머물러 있어 뚜렷한 상승 또는 하락 추세를 확신하기 어렵습니다.""]",-0.7216494845360825,-18.144329896907216,1.49197214877755,-12.94959994638636
000660,SK하이닉스,2024-12-02,158800,Sell,75,"[""최근 1개월 수익률이 -12.84%로 하락세를 보이고 있으며, 이는 단기적인 매도 압력을 시사합니다."", ""거래량 변화율이 -8.26%로 감소하는 추세는 투자자들의 관심 감소 또는 매도 심리 강화를 나타낼 수 있습니다."", ""현재 주가가 52주 최고가 대비 28.8% 낮은 수준에 위치해 있으나, 최근의 하락 추세와 거래량 감소는 추가 하락 가능성을 시사합니다.""]",3.3353547604608855,10.309278350515463,6.625623149725306,12.636385266238827
000660,SK하이닉스,2025-01-02,171200,Buy,75,"[""최근 1개월 수익률이 7.07%로 긍정적인 흐름을 보이고 있습니다."", ""현재가가 52주 최저가 대비 상당 부분 상승한 위치에 있으며, 52주 최고가 대비로는 하락 여력이 남아있습니다."", ""PER 11.3, PBR 1.91, ROE 16.9% 등 재무 지표는 현재 주가 수준에서 추가 상승을 지지할 만한 근거를 제공합니다.""]",11.874656404617923,11.874656404617923,8.849987291788668,7.991236800372087
000660,SK하이닉스,2025-02-03,190900,Buy,75,"[""최근 1개월 수익률이 12.23%로 양호한 상승세를 보이고 있으며, 거래량 변화율 또한 38.34%로 증가하여 매수세 유입 가능성을 시사합니다."", ""현재가가 52주 최고가 대비 약 54.5% 수준에 위치하여 추가 상승 여력이 존재할 수 있습니다."", ""ROE 16.9%는 양호한 수익성을 나타내며, PER 12.6, PBR 2.13은 시장 평균 대비 과도하게 고평가되었다고 보기 어렵습니다.""]",4.500261643118786,1.0465724751439036,2.18893347562002,-2.0335866099956608
000660,SK하이닉스,2025-03-04,186100,Sell,75,"[""최근 1개월 수익률이 -6.58%로 하락세를 보이고 있으며, 거래량 변화율 또한 -31.91%로 감소하여 투자 심리가 위축된 것으로 판단됩니다."", ""현재가가 52주 최고가 대비 약 41.7% 낮은 수준에 위치해 있어 추가적인 하락 가능성을 배제할 수 없습니다."", ""PER 12.3, PBR 2.07, ROE 16.8% 등의 재무 지표는 현재 시점에서 주가 상승을 강하게 지지할 만한 명확한 근거를 제시하지 못하고 있습니다.""]",3.003625064733299,2.4857586742620406,2.3511953602225804,4.52904810834084
000660,SK하이닉스,2025-04-01,197000,Neutral,65,"[""현재가(197,000원)는 52주 최고가(241,000원) 대비 약 18% 하락한 수준으로, 기술적 반등 가능성과 추가 하락 가능성이 공존합니다."", ""최근 1개월 수익률(3.58%)은 소폭 상승했으나, 거래량 변화율(-12.14%)은 감소하여 상승 모멘텀이 약화되었음을 시사합니다."", ""PER(6.9) 및 PBR(1.94)은 절대적으로 고평가 또는 저평가라 판단하기 어렵고, ROE(28.3%)는 우수하나 이를 뒷받침할 단기적인 주가 상승 근거가 명확하지 않습니다.""]",-16.624557857503792,-10.308236483072259,-8.158003461009164,-12.333489290491666
000660,SK하이닉스,2025-05-02,186000,Sell,75,"[""최근 1개월 수익률이 -6.01%로 하락세를 보이고 있으며, 52주 최고가 대비 현재 위치가 37.6%로 하락 가능성이 열려있습니다."", ""PER 6.5, PBR 1.83은 시장 평균 대비 높은 수준은 아니지만, ROE 28.3% 대비 주가 상승 여력이 제한적일 수 있습니다."", ""거래량 변화율 27.74%는 변동성을 시사하지만, 최근 수익률 하락세를 고려할 때 매도 압력이 우세할 가능성이 있습니다.""]",7.966457023060797,17.662473794549268,5.372238358051861,8.405732789032134
000660,SK하이닉스,2025-06-02,207500,Buy,75,"[""ROE 33.8%는 높은 수익성을 시사하며, 현재가 52주 최고가 대비 약 13.7% 하락한 수준으로 추가 상승 여력이 존재합니다."", ""최근 1개월 수익률 14.77%는 단기적인 상승 모멘텀을 보여주고 있습니다."", ""PER 5.5는 동종 업계 평균 대비 낮을 가능성이 있으며, PBR 1.86은 자산 가치 대비 상승 여력을 나타낼 수 있습니다.""]",8.275862068965518,28.045977011494255,2.891574271763224,15.579360389819968
000660,SK하이닉스,2025-07-01,285500,Sell,75,"[""최근 1개월 수익률이 34.67%로 매우 높으며, 52주 최고가 대비 현재 위치가 94.7%로 상승 여력이 제한적입니다."", ""거래량 변화율이 50.28%로 높게 나타나 단기 급등 후 차익 실현 매물이 출회될 가능성이 있습니다."", ""PER 7.6, PBR 2.55는 절대적으로 저평가되었다고 보기 어렵고, ROE 33.7%는 높으나 이는 과거 실적에 기반한 수치로 향후 20거래일 주가 상승을 강하게 지지하기에는 불확실성이 존재합니다.""]",0.7168458781362007,-5.555555555555555,-1.1914095705379664,-11.389913259145075
000660,SK하이닉스,2025-08-01,258000,Sell,75,"[""최근 1개월 수익률이 -7.36%로 하락세를 보이고 있으며, 거래량 변화율 또한 -16.35%로 감소하여 투자 심리가 위축된 것으로 판단됩니다."", ""현재가가 52주 최고가 대비 약 14% 하락한 위치에 있으며, 이는 단기적인 하락 압력이 존재할 수 있음을 시사합니다."", ""PER 6.8, PBR 2.31은 절대적으로 고평가 구간은 아니나, 최근 시장의 부정적인 흐름과 기술적 지표의 하락세를 고려할 때 추가적인 하락 가능성에 무게를 둡니다.""]",3.488372093023256,0.9689922480620154,1.6133820207494098,0.18748164525048627
000660,SK하이닉스,2025-09-01,256000,Sell,75,"[""최근 1개월 수익률이 -6.40%로 하락세를 보이고 있으며, 거래량 변화율 또한 -23.39%로 감소하여 투자 심리가 위축된 것으로 판단됩니다."", ""현재가(256,000원)가 52주 최고가(300,000원) 대비 약 14.7% 하락한 수준이지만, 52주 내 현재 위치가 70.1%로 여전히 높은 편에 속하여 추가 하락 가능성을 배제할 수 없습니다."", ""PER 6.1, PBR 2.14는 절대적으로 고평가라고 보기는 어렵지만, 최근 시장의 부정적인 흐름과 기술적 지표의 약세를 고려할 때 단기적인 주가 상승 동력이 약하다고 판단됩니다.""]",10.556621880998081,33.397312859884835,7.792109768526245,25.445794269565354
000660,SK하이닉스,2025-10-01,360000,Sell,75,"[""최근 1개월 수익률이 38.20%로 매우 높으며, 52주 최고가 대비 현재 위치가 99.5%로 상승 여력이 제한적입니다."", ""거래량 변화율이 38.07%로 높은 것은 단기적인 매수세 유입을 시사하지만, 이는 과열 신호로 해석될 수 있습니다."", ""PER 8.6은 절대적으로 저평가되었다고 보기 어렵고, PBR 3.01은 자산 가치 대비 프리미엄이 상당 부분 반영되었음을 나타냅니다.""]",14.412136536030342,49.93678887484197,8.800746959194939,36.49041630179051
000660,SK하이닉스,2025-11-03,620000,Sell,75,"[""SK하이닉스는 현재 52주 최고가에 도달했으며, 이는 단기적인 차익 실현 매물 출회 가능성을 시사합니다."", ""최근 1개월간 84.25%라는 매우 높은 수익률을 기록한 후, 추가적인 급등보다는 숨 고르기 또는 조정 가능성이 높아 보입니다."", ""거래량 변화율이 17.25%로 긍정적인 신호를 보이지만, 52주 최고가라는 강력한 저항선에 부딪힌 상황에서 상승 동력이 약화될 수 있습니다.""]",5.631399317406143,-4.778156996587031,6.003814850651798,-1.7015437216109297
000660,SK하이닉스,2025-12-01,538000,Sell,75,"[""최근 1개월 수익률이 -3.76%로 하락세를 보이고 있으며, 52주 최고가 대비 현재 위치가 높아 추가 상승 여력이 제한적일 수 있습니다."", ""거래량 변화율이 11.86%로 증가했지만, 이는 단기적인 변동성 확대 가능성을 시사하며 하락 압력으로 작용할 수 있습니다."", ""PER 10.4, PBR 3.92는 시장 평균 대비 높은 수준으로, 향후 실적 개선이 뒷받침되지 않으면 주가 조정 가능성이 있습니다.""]",1.4336917562724014,21.32616487455197,-2.2865236167128655,13.448680162679665
207940,삼성바이오로직스,2023-01-02,1217132,Sell,65,"[""최근 1개월 수익률이 -6.45%로 하락세를 보이고 있으며, 거래량 변화율 또한 -7.93%로 감소하는 추세는 매도 압력을 시사합니다."", ""현재가(1,217,132원)가 52주 최고가(1,339,287원) 대비 약 9.1% 하락한 위치에 있으며, 52주 내 현재 위치가 59.8%로 중간보다 높은 편이지만 최근 하락세를 감안할 때 추가 하락 가능성을 배제할 수 없습니다."", ""PER 164.6, PBR 9.35 등 높은 밸류에이션 지표는 현재 주가에 대한 부담감을 나타내며, ROE 5.7% 대비 높은 밸류에이션은 향후 주가 상승 동력이 약할 수 있음을 시사합니다.""]",-0.49813421785227746,1.1208231441602288,-6.476012956561786,-10.156152354785105
207940,삼성바이오로직스,2023-02-01,1183282,Neutral,60,"[""PER 160.0, PBR 9.09, ROE 5.7%는 현재 기업 가치가 고평가되었음을 시사하며, 이는 향후 주가 상승에 부담 요인으로 작용할 수 있습니다."", ""최근 1개월 수익률 -2.07%는 단기적으로 주가 하락 압력이 존재함을 나타냅니다."", ""거래량 변화율 49.75%는 시장의 관심이 증가하고 있음을 보여주지만, 이는 상승 또는 하락 어느 한 방향으로의 강한 추세를 확정하기에는 불확실성을 내포하고 있습니다.""]",0.24634828828105126,-2.955677390850303,-0.26562475212592973,-1.464717927449897
207940,삼성바이오로직스,2023-03-02,1136186,Sell,65,"[""최근 1개월 수익률이 마이너스(-)를 기록하며 약세를 보이고 있으며, 거래량 변화율 또한 감소하여 매도 압력이 존재함을 시사합니다."", ""현재 주가가 52주 최고가 대비 약 13.2% 하락한 위치에 있으며, 이는 단기적인 하락 추세의 연장 가능성을 배제할 수 없음을 나타냅니다."", ""PER 153.7, PBR 8.73 등 높은 밸류에이션 지표는 현재 주가 수준에 대한 부담감을 시사하며, ROE 5.7% 대비 높은 밸류에이션은 추가 상승 여력을 제한할 수 있습니다.""]",-1.5228492050763365,0.0,0.01822485940371621,-1.8416410711862718
207940,삼성바이오로직스,2023-04-03,1145017,Neutral,55,"[""PER 100.1, PBR 9.07로 밸류에이션 부담이 높은 수준이나, ROE 9.1%는 이를 상쇄할 만큼 높지 않아 상승 동력이 제한적입니다."", ""최근 1개월 수익률이 -1.27%로 약세를 보이고 있으며, 52주 최고가 대비 현재 위치가 15.4%로 상승 여력이 크지 않습니다."", ""거래량 변화율이 20.11%로 증가했으나, 이는 단기적인 수급 변화일 수 있으며 명확한 추세 전환을 나타내기에는 근거가 부족합니다.""]",3.045698410152673,-1.6497748621666692,0.33053096474830435,-2.4919403845793937
207940,삼성바이오로직스,2023-05-02,1128828,Sell,65,"[""현재가(1,128,828원)가 52주 최저가(1,109,695원)에 근접하며 하락 압력이 감지됩니다."", ""최근 1개월 수익률이 -2.66%로 하락세를 보이고 있으며, 이는 단기적인 투자 심리 위축을 시사합니다."", ""PER(98.7)이 높아 밸류에이션 부담이 존재하며, 이는 향후 주가 상승 여력을 제한할 수 있습니다.""]",1.032262815831303,1.290372356327936,1.4480299862158912,-2.705789792868515
207940,삼성바이오로직스,2023-06-01,1159734,Neutral,55,"[""현재가(1,159,734원)가 52주 최저가(1,109,695원) 대비 상승했으나, 52주 최고가(1,339,287원) 대비로는 하락한 위치에 있어 상승 및 하락 압력이 혼재합니다."", ""최근 1개월 수익률(0.90%)은 소폭 상승했으나, 거래량 변화율(-35.39%)이 크게 감소하여 시장의 관심이 줄어들었음을 시사합니다."", ""PER(103.4)과 PBR(9.04)이 높아 밸류에이션 부담이 존재하며, ROE(8.7%)는 상대적으로 낮은 수준으로 향후 주가 상승을 강하게 지지할 만한 재무적 근거가 부족합니다.""]",1.2738473097040732,-5.350297190646047,0.19787166619453278,-5.392967178652308
207940,삼성바이오로직스,2023-07-03,1093506,Sell,75,"[""최근 1개월 수익률이 -5.71%로 하락세를 보이고 있으며, 52주 최고가 대비 현재 위치가 0.6%로 매우 근접하여 추가 상승 여력이 제한적일 수 있습니다."", ""PER 97.5, PBR 8.53으로 높은 밸류에이션 수준을 나타내고 있어, 향후 실적 개선이 동반되지 않을 경우 주가 하방 압력이 작용할 수 있습니다."", ""거래량 변화율이 33.56%로 증가했으나, 이는 단기적인 변동성 확대일 수 있으며, 최근 수익률 하락세를 감안할 때 매도 압력으로 작용할 가능성이 있습니다.""]",-3.0830997858680176,7.5067331802561394,-1.894657216333324,4.6624916510907015
207940,삼성바이오로직스,2023-08-01,1180339,Neutral,60,"[""최근 1개월 수익률 7.94%와 거래량 변화율 45.50%는 긍정적인 단기 모멘텀을 시사하나, 높은 PER(105.3)과 PBR(9.21)은 밸류에이션 부담을 나타냅니다."", ""ROE 8.8%는 양호한 수익성을 보여주지만, 52주 최고가 대비 현재 위치(46.5%)는 상승 여력에 대한 불확실성을 내포합니다."", ""기술적 지표는 단기 상승 모멘텀을 보여주지만, 재무 지표의 높은 밸류에이션은 향후 20거래일 내 주가 상승을 확신하기 어렵게 만듭니다.""]",1.1407106060423386,-6.590647998718574,1.5745011711930919,-4.289838128932189
207940,삼성바이오로직스,2023-09-01,1078788,Sell,75,"[""최근 1개월 수익률이 -7.10%로 하락세를 보이고 있으며, 거래량 변화율 또한 -56.30%로 감소하여 투자 심리가 위축된 것으로 판단됩니다."", ""현재가(1,078,788원)가 52주 최저가(1,041,995원)에 근접해 있어 추가 하락 가능성이 존재합니다."", ""PER 92.6, PBR 8.25 등 높은 밸류에이션 지표 대비 ROE 8.9%는 상대적으로 낮은 수준으로, 현재 주가 수준에 대한 부담이 존재할 수 있습니다.""]",-0.27169422536680565,-0.6792817228164988,0.7988983342664021,6.1234498939059545
207940,삼성바이오로직스,2023-10-04,1016975,Sell,75,"[""최근 1개월 수익률이 -8.48%로 하락세를 보이고 있으며, 52주 최고가 대비 현재 위치가 4.8%로 하락 가능성이 열려 있습니다."", ""PER 87.3배는 동종 업계 평균 대비 높은 수준으로 밸류에이션 부담이 존재합니다."", ""ROE 8.9%는 자본 대비 수익성이 높지 않아 현재 주가 수준을 정당화하기 어렵습니다.""]",-0.27667326710341694,-2.4896834891656665,-2.4629771446204822,-1.0227172718250206
207940,삼성바이오로직스,2023-11-01,1034636,Neutral,65,"[""최근 1개월 수익률이 3.38%로 소폭 상승했으나, 52주 최고가 대비 현재 위치가 10.1%로 여전히 높은 수준에 있어 추가 상승 여력이 제한적일 수 있습니다."", ""PER 88.8, PBR 7.91은 시장 평균 대비 높은 수준으로 밸류에이션 부담이 존재합니다."", ""거래량 변화율이 40.04%로 높게 나타나 단기적인 변동성 확대 가능성을 시사하지만, 이는 상승 또는 하락 어느 한 방향으로의 강한 추세를 단정하기 어렵게 만듭니다.""]",1.5449258599727833,1.8257780933349363,-2.0383306527111613,-6.375679791877946
207940,삼성바이오로직스,2023-12-01,1046410,Neutral,55,"[""PER 79.2, PBR 7.80으로 밸류에이션 부담이 존재하며, ROE 9.8%는 이를 상쇄할 만큼 높지 않습니다."", ""최근 1개월 수익률이 -0.14%로 약보합세를 보이고 있으며, 거래량 변화율이 -22.48%로 감소하는 추세는 매수세 약화를 시사합니다."", ""현재가가 52주 최저가 대비 13.9% 높은 수준으로, 추가 상승 여력보다는 하락 위험이 상대적으로 높아 보입니다.""]",-1.2640736266106298,8.146050795795711,-1.6779983567245609,5.280387462528641
207940,삼성바이오로직스,2024-01-02,1161206,Buy,75,"[""최근 1개월 수익률 8.23%와 거래량 변화율 49.84%는 긍정적인 모멘텀을 시사합니다."", ""현재가가 52주 최고가 대비 약 4.9% 하락한 수준으로, 추가 상승 여력이 존재할 수 있습니다."", ""PER 87.9는 다소 높은 편이나, 바이오 섹터의 성장성을 고려할 때 향후 실적 개선을 통한 밸류에이션 해소 가능성을 배제할 수 없습니다.""]",-5.209615786411019,6.734486670546043,-2.703968203269777,10.961832095524269
207940,삼성바이오로직스,2024-02-01,1220076,Buy,75,"[""최근 1개월 수익률이 5.34%로 긍정적인 흐름을 보이고 있으며, 거래량 변화율도 16.92%로 증가하는 추세입니다."", ""현재 주가가 52주 최고가 대비 93.1% 수준으로, 최고가 경신에 대한 기대감이 존재합니다."", ""PER 92.3, PBR 9.10은 다소 높은 수준이나, ROE 9.8%와 함께 성장성을 반영하고 있을 가능성이 있습니다.""]",-2.4447330703006105,-8.614664443439,-3.7573881666371793,-9.615693002194934
207940,삼성바이오로직스,2024-03-04,1139130,Sell,65,"[""최근 1개월 수익률이 -5.95%로 하락세를 보이고 있으며, 거래량 변화율 또한 -5.46%로 감소하는 추세는 단기적인 매도 압력을 시사합니다."", ""현재가(1,139,130원)가 52주 최고가(1,264,228원) 대비 약 9.9% 하락한 위치에 있으며, 52주 내 현재 위치가 52.5%로 중간 지점에 있어 추가 하락 가능성을 배제할 수 없습니다."", ""PER 86.2, PBR 8.49 등 높은 밸류에이션 지표는 현재 주가 수준이 기업의 내재가치 대비 고평가되었을 가능성을 나타내며, 이는 단기적인 가격 조정의 빌미가 될 수 있습니다.""]",7.692341196557371,4.615404717934423,6.469045355989701,0.6990462971599172
207940,삼성바이오로직스,2024-04-01,1200943,Neutral,60,"[""현재가 52주 최고가 대비 하락폭이 크지 않고 52주 최저가 대비 높은 위치에 있어 추가 상승 여력과 하락 가능성이 공존합니다."", ""최근 1개월 수익률은 긍정적이나 거래량 변화율이 마이너스인 점은 단기적인 매수세 약화를 시사합니다."", ""PER 99.7, PBR 8.69, ROE 8.7% 등의 재무 지표는 현재 주가 수준에 대한 밸류에이션 부담을 시사하며, 이는 향후 주가 상승의 제약 요인이 될 수 있습니다.""]",-1.3480240111312527,-5.024551539914883,0.39542715044308396,-2.499816326560056
207940,삼성바이오로직스,2024-05-02,1140601,Sell,65,"[""최근 1개월 수익률이 -5.02%로 하락세를 보이고 있으며, 거래량 변화율 또한 -28.83%로 감소하여 투자 심리가 위축되었음을 시사합니다."", ""현재 주가는 52주 최고가 대비 약 9.7% 하락한 수준으로, 단기적인 하락 압력이 존재할 가능성이 있습니다."", ""PER 94.7, PBR 8.26은 높은 밸류에이션을 나타내며, ROE 8.7% 대비 높은 수준으로 향후 주가 상승 여력이 제한적일 수 있습니다.""]",1.297066926115303,-2.3345970879005637,-0.5926227209408805,-1.7917502992147836
207940,삼성바이오로직스,2024-06-03,1106751,Sell,65,"[""최근 1개월 수익률이 -3.71%로 하락세를 보이고 있으며, 52주 최고가 대비 현재 위치가 40.2%로 상승 여력 대비 하락 위험이 상대적으로 높아 보입니다."", ""PER 88.0, PBR 7.87로 현재 주가가 기업의 내재가치 대비 고평가된 수준으로 판단됩니다."", ""ROE 8.9%는 시장 평균 대비 낮은 수준으로, 높은 밸류에이션을 정당화하기 어렵습니다.""]",-1.4608070758322107,7.569776119066289,-3.9426822871315674,2.614665492117628
207940,삼성바이오로직스,2024-07-01,1117054,Neutral,65,"[""현재가(1,117,054원)가 52주 최저가(1,000,786원) 대비 상승했으나 52주 최고가(1,264,228원) 대비로는 하락한 위치에 있어 상승 및 하락 가능성이 혼재합니다."", ""최근 1개월 수익률(3.69%)은 긍정적이나, 거래량 변화율(1.45%)은 큰 변동성을 시사하지 않아 추세 전환을 확신하기 어렵습니다."", ""PER(88.8) 및 PBR(7.94) 지표는 시장 평균 대비 높은 수준으로 밸류에이션 부담이 존재하나, ROE(8.9%)는 이를 상쇄할 만큼 강력한 상승 근거를 제시하지 못하고 있습니다.""]",-1.7284435284238995,15.678966675139016,-4.83971126574257,17.213384085580394
207940,삼성바이오로직스,2024-08-01,1361363,Sell,75,"[""현재가가 52주 최고가 대비 94.2% 수준으로, 단기적으로 추가 상승 여력이 제한적일 수 있습니다."", ""최근 1개월 수익률이 14.20%로 높았으나, 이는 단기 급등 후 차익 실현 매물이 출회될 가능성을 시사합니다."", ""PER 108.2, PBR 9.68은 현재 시장에서 높은 밸류에이션을 받고 있음을 나타내며, 이는 향후 주가 상승에 부담으로 작용할 수 있습니다.""]",5.378669842977001,5.92753805866677,8.657958682708118,5.747804930600379
207940,삼성바이오로직스,2024-09-02,1420233,Buy,75,"[""최근 1개월 수익률이 4.32%로 긍정적인 흐름을 보이고 있으며, 52주 최고가 대비 현재 위치가 91.6%로 상승 여력이 남아있다고 판단됩니다."", ""거래량 변화율이 8.69%로 증가하는 추세를 보이며 이는 투자자들의 관심 증가 및 매수세 유입 가능성을 시사합니다."", ""PER 98.3, PBR 9.79는 다소 높은 수준이지만, ROE 10.0%와 함께 고려했을 때 성장성을 반영한 프리미엄으로 해석될 수 있으며, 52주 내 높은 위치는 현재 시장에서 긍정적인 평가를 받고 있음을 나타냅니다.""]",3.6420366727802107,4.474506238218937,8.941083820038939,7.111645353218017
207940,삼성바이오로직스,2024-10-02,1437894,Sell,75,"[""최근 1개월 수익률이 -1.41%로 하락세를 보이고 있으며, 거래량 변화율 또한 -14.66%로 감소하여 매도 압력이 존재함을 시사합니다."", ""현재 주가가 52주 최고가 대비 73.0% 수준에 위치하여 추가 상승 여력보다는 단기 고점 부담이 존재할 수 있습니다."", ""PER 99.5, PBR 9.91 등 높은 밸류에이션 지표는 현재 주가 수준이 재무적 가치 대비 고평가되었을 가능성을 내포하며, 이는 향후 주가 하락의 요인이 될 수 있습니다.""]",3.703736451486528,1.8018434684194489,1.6186762695983021,1.0523425519736334
207940,삼성바이오로직스,2024-11-01,1468800,Neutral,65,"[""현재가 1,468,800원은 52주 최고가 1,605,673원 대비 하락 여력이 존재하나, 52주 최저가 1,027,277원 대비로는 상승 여력이 더 커 보입니다."", ""최근 1개월 수익률 2.15%는 소폭 상승세를 나타내지만, 거래량 변화율 -23.04%는 투자 심리 위축 가능성을 시사합니다."", ""PER 101.7, PBR 10.12는 높은 밸류에이션을 나타내어 추가 상승에 대한 부담이 있으며, ROE 10.0%는 이를 상쇄할 만큼 압도적인 수준은 아닙니다.""]",-0.9833213519298967,-4.523157959437827,1.2303002813837358,0.6715719910830282
207940,삼성바이오로직스,2024-12-02,1429063,Sell,65,"[""최근 1개월 수익률이 -2.71%로 하락세를 보이고 있으며, 52주 최고가 대비 현재 위치가 69.5%로 상승 여력이 제한적일 수 있습니다."", ""PER 96.6, PBR 9.60으로 밸류에이션 부담이 높은 수준으로 판단됩니다."", ""거래량 변화율이 15.51%로 증가했으나, 이는 단기적인 수급 변화일 수 있으며 전반적인 상승 추세를 강하게 지지하기에는 부족합니다.""]",-0.8273045638768501,-2.792135336739799,2.46296382538757,-0.4650284210164348
207940,삼성바이오로직스,2025-01-02,1374609,Sell,65,"[""최근 1개월 수익률이 -4.21%로 하락세를 보이고 있으며, 거래량 변화율 또한 -31.19%로 감소하여 투자 심리가 위축된 것으로 판단됩니다."", ""PER 93.0, PBR 9.24로 현재 주가가 기업의 내재가치 대비 고평가된 수준으로 해석될 여지가 있습니다."", ""52주 최고가 대비 현재 위치가 59.4%로, 상승 여력보다는 하락 위험이 상대적으로 더 부각될 수 있는 구간입니다.""]",6.3830064064985885,15.851078363411759,3.3583372936693343,11.967658759165921
207940,삼성바이오로직스,2025-02-03,1611560,Sell,75,"[""현재가가 52주 최고가와 동일하며, 이는 단기적인 상승 모멘텀이 소진되었을 가능성을 시사합니다."", ""최근 1개월 수익률이 16.86%로 높지만, 이는 단기 급등 후 차익 실현 매물이 출회될 가능성을 내포합니다."", ""PER 109.0, PBR 10.83은 현재 시장에서 높은 밸류에이션을 받고 있음을 나타내며, 추가적인 상승 여력이 제한적일 수 있습니다.""]",9.514929866705542,6.623080287251776,7.203601699206775,3.5429212021122116
207940,삼성바이오로직스,2025-03-04,1648353,Neutral,55,"[""현재가(1,648,353원)는 52주 최고가(1,744,017원) 대비 약 5.5% 하락한 수준으로, 단기적인 상승 여력과 하락 위험이 공존합니다."", ""최근 1개월 수익률(3.61%)은 소폭 상승세를 보이나, 거래량 변화율(0.59%)은 큰 변동이 없어 추세 전환을 확신하기 어렵습니다."", ""PER(111.5) 및 PBR(11.08) 지표는 높은 편으로 밸류에이션 부담이 존재하나, ROE(9.9%)는 이를 상쇄할 만큼 높지 않아 향후 주가 상승 근거가 명확하지 않습니다.""]",-5.599264773633147,-8.136473422054294,-6.2516944781438655,-6.093183987975495
207940,삼성바이오로직스,2025-04-01,1557105,Sell,75,"[""최근 1개월 수익률이 -5.20%로 하락세를 보이고 있으며, 거래량 변화율 또한 -32.10%로 감소하여 매도 압력이 존재함을 시사합니다."", ""현재가가 52주 최고가 대비 약 10.4% 하락한 수준이며, 52주 내 현재 위치가 72.3%로 고점 대비 상당 부분 하락한 상태에서 추가 하락 가능성을 배제할 수 없습니다."", ""PER 102.3, PBR 10.16 등 높은 밸류에이션 지표는 현재 주가에 대한 부담감을 나타내며, ROE 9.9% 대비 높은 밸류에이션은 향후 주가 상승 동력이 약할 수 있음을 시사합니다.""]",-5.523800402632187,0.1905093471884017,2.942753993862441,-1.834743460231007
207940,삼성바이오로직스,2025-05-02,1596842,Neutral,65,"[""최근 1개월 수익률이 3.33%로 소폭 상승세를 보이고 있으나, PER 104.9배는 높은 밸류에이션을 시사하여 추가 상승 여력이 제한적일 수 있습니다."", ""52주 최고가 대비 현재 위치가 78.2%로 상승 여력이 남아있지만, PBR 10.42배 역시 높은 수준으로 밸류에이션 부담이 존재합니다."", ""거래량 변화율이 43.01%로 증가한 것은 긍정적인 신호일 수 있으나, ROE 9.9%는 높은 밸류에이션을 정당화하기에는 다소 낮은 수준으로 판단됩니다.""]",-3.4581632220144445,-2.1133292212899413,-6.05238188702338,-11.370070226807075
207940,삼성바이오로직스,2025-06-02,1517368,Sell,65,"[""현재 PER 84.4는 동종 업계 평균 대비 높은 수준으로 밸류에이션 부담이 존재합니다."", ""최근 1개월 수익률이 -2.09%로 하락세를 보이고 있으며, 이는 단기적인 매도 압력을 시사합니다."", ""52주 최고가 대비 현재 위치가 66.4%로, 상승 여력보다는 하락 위험이 상대적으로 높아 보입니다.""]",-0.48351177533196255,0.9671549754465649,-5.867799572534256,-11.499461646227722
207940,삼성바이오로직스,2025-07-01,1476159,Neutral,65,"[""현재가(1,476,159원)는 52주 최고가(1,744,017원) 대비 약 15% 하락한 수준으로, 기술적으로는 반등 가능성을 시사하나 최근 1개월 수익률(-2.24%)과 거래량 변화율(-24.79%)은 하락 추세를 나타내고 있습니다."", ""PER(82.1)과 PBR(9.31) 지표는 시장 평균 대비 높은 수준으로, 현재 주가가 고평가되었을 가능성을 내포하고 있어 추가 상승에 대한 부담 요인으로 작용할 수 있습니다."", ""ROE(11.3%)는 양호한 수준이나, 높은 밸류에이션 지표와 최근의 부정적인 기술적 지표들이 혼재되어 있어 향후 20거래일 동안의 명확한 방향성을 판단하기 어렵습니다.""]",0.8919251981494825,8.820598118505849,-1.0163302505246845,2.98624041491633
207940,삼성바이오로직스,2025-08-01,1521783,Neutral,55,"[""PER 84.7, PBR 9.60으로 밸류에이션 부담이 존재하나, ROE 11.3%는 양호한 수준을 보입니다."", ""52주 최고가 대비 현재 위치가 56.9%로 상승 여력이 남아있으나, 최근 1개월 수익률이 -0.96%로 약세를 보이고 있습니다."", ""거래량 변화율이 30.91%로 증가한 점은 긍정적이나, 전반적인 재무 및 기술 지표에서 명확한 상승 또는 하락 추세를 강하게 지지하는 근거가 부족합니다.""]",-1.5267234962927616,-4.866414935800849,-3.4017135685666076,-5.647925538612379
207940,삼성바이오로직스,2025-09-01,1465857,Sell,75,"[""최근 1개월 수익률이 -6.65%로 하락세를 보이고 있으며, 거래량 변화율 또한 -51.36%로 감소하여 매도 압력이 존재함을 시사합니다."", ""현재 주가가 52주 최고가 대비 약 16% 하락한 위치에 있으며, 이는 단기적인 하락 추세의 연장 가능성을 나타냅니다."", ""PER 81.1, PBR 8.99 등 높은 밸류에이션 지표는 현재 주가 수준에 대한 부담감을 시사하며, ROE 11.1% 대비 높은 수준입니다.""]",4.413188862211542,0.0,1.6486767497397063,-7.95151859031948
207940,삼성바이오로직스,2025-10-01,1479103,Neutral,55,"[""PER 81.9, PBR 9.07은 현재 고평가 구간에 있음을 시사하며, 이는 단기적인 주가 상승에 부담 요인으로 작용할 수 있습니다."", ""최근 1개월 수익률 0.80%는 뚜렷한 상승 또는 하락 추세를 보이지 않아 방향성 판단이 어렵습니다."", ""거래량 변화율 48.09%는 시장의 관심이 증가하고 있음을 나타내지만, 이것이 매수세인지 매도세인지 명확히 구분하기 어려워 향후 주가 방향성을 확신하기 어렵습니다.""]",12.289375686031557,21.01091589842356,6.677986109196152,7.564543325372096
207940,삼성바이오로직스,2025-11-03,1797000,Buy,75,"[""최근 1개월 수익률이 22.10%로 강한 상승세를 보이고 있으며, 52주 최고가 대비 현재 위치가 96.5%로 상승 여력이 남아있습니다."", ""거래량 변화율이 48.84%로 증가하며 시장의 관심이 집중되고 있음을 시사합니다."", ""PER 99.5, PBR 11.02는 다소 높은 수준이나, ROE 11.1%와 함께 성장성을 반영하고 있을 가능성이 있습니다.""]",0.0,-7.957707289927657,0.37241553324565485,-4.881094014951556
207940,삼성바이오로직스,2025-12-01,1649000,Sell,75,"[""최근 1개월 수익률이 -8.24%로 하락세를 보이고 있으며, 거래량 변화율 또한 -18.97%로 감소하여 투자 심리가 위축되었음을 시사합니다."", ""현재가(1,649,000원)가 52주 최고가(1,813,189원) 대비 약 9% 하락한 수준이지만, 최근 하락 추세가 지속되고 있어 추가 하락 가능성을 배제할 수 없습니다."", ""PER(73.5) 및 PBR(9.64) 지표가 상대적으로 높아 밸류에이션 부담이 존재하며, 이는 향후 주가 상승 여력을 제한할 수 있습니다.""]",0.36275695284159615,1.7533252720677146,-3.3574584201436712,-6.124159439804591
068270,셀트리온,2023-01-02,147192,Sell,65,"[""최근 1개월 수익률이 -6.95%로 하락세를 보이고 있으며, 거래량 변화율 또한 음(-)의 값을 나타내고 있어 단기적인 매도 압력이 존재함을 시사합니다."", ""현재가가 52주 최고가 대비 약 17.9% 하락한 수준에 위치해 있으며, 이는 상승 모멘텀 약화 가능성을 나타냅니다."", ""PER 32.6배는 시장 평균 대비 높은 수준으로, 향후 주가 상승 여력이 제한적일 수 있음을 시사합니다.""]",3.7737912929337125,6.541238241085101,-2.2040874457757957,-4.735737257860232
068270,셀트리온,2023-02-01,156208,Neutral,55,"[""최근 1개월 수익률은 긍정적이나, 거래량 변화율이 음수이며 52주 최고가 대비 현재 위치가 절반 수준으로 상승 모멘텀이 강하다고 보기 어렵습니다."", ""PER 34.6, PBR 5.00은 시장 평균 대비 높은 수준으로 밸류에이션 부담이 존재합니다."", ""ROE 14.5%는 양호한 수준이나, 현재 주가 수준에서 향후 20거래일 내 뚜렷한 상승을 기대할 만한 강력한 근거가 부족합니다.""]",-2.2433264887063658,-11.098562628336756,-2.755299529113347,-9.60760316493635
068270,셀트리온,2023-03-02,132197,Sell,75,"[""최근 1개월 수익률이 -11.08%로 하락세를 보이고 있으며, 이는 단기적인 하락 압력을 시사합니다."", ""현재가가 52주 최고가 대비 11.4% 하락한 위치에 있어 추가적인 하락 가능성을 배제할 수 없습니다."", ""거래량 변화율이 57.92%로 높게 나타나고 있으나, 최근 수익률 하락과 함께 나타나는 경우 매도 압력이 강함을 의미할 수 있습니다.""]",2.7226007622127266,-0.5312391731146784,4.263674826692779,-2.3728802443009505
068270,셀트리온,2023-04-03,137992,Neutral,55,"[""PER 33.8, PBR 4.47은 현재가 고평가 가능성을 시사하나, ROE 13.2%는 이를 일부 상쇄합니다."", ""52주 최고가 대비 현재 위치가 20.6%로, 상승 여력과 하락 위험이 공존하는 구간입니다."", ""최근 1개월 수익률이 -0.40%로 큰 변동이 없으며, 거래량 변화율 2.36%도 방향성을 명확히 제시하지 못합니다.""]",7.421105884926712,0.0,4.705938439522344,-0.8421655224127245
068270,셀트리온,2023-05-02,147560,Neutral,55,"[""최근 1개월 수익률이 7.08%로 긍정적인 흐름을 보이고 있으나, PER 36.1, PBR 4.78은 밸류에이션 부담을 시사합니다."", ""52주 최고가 대비 현재 위치가 35.7%로 상승 여력이 남아있다고 볼 수도 있지만, 52주 최저가 대비로는 이미 상당 부분 상승한 상태입니다."", ""거래량 변화율이 11.80%로 증가하는 추세는 긍정적이나, 재무 지표와 기술 지표 간의 상반된 신호로 인해 명확한 방향성을 판단하기 어렵습니다.""]",6.03806606869394,9.119995624589805,6.453833239078528,5.123833475393354
068270,셀트리온,2023-06-01,161360,Sell,75,"[""현재 PER 36.6배는 동종 업계 평균 대비 높은 수준으로 밸류에이션 부담이 존재합니다."", ""최근 1개월 수익률이 9.22%로 양호했으나, 거래량 변화율이 -26.92%로 감소하는 추세는 매도 압력을 시사합니다."", ""52주 최고가 대비 현재 위치가 52.0%로 절반 수준에 머물러 있어 추가 상승 여력이 제한적일 수 있습니다.""]",-3.7465854697641783,-12.623111044282384,-4.822561113273719,-12.665781032288645
068270,셀트리온,2023-07-03,139464,Sell,75,"[""최근 1개월 수익률이 -13.57%로 하락세를 보이고 있으며, 이는 단기적인 매도 압력을 시사합니다."", ""현재가가 52주 최고가 대비 12.9% 하락한 위치에 있어 추가적인 하락 가능성을 배제할 수 없습니다."", ""PER 31.7은 동종 업계 평균 대비 높은 수준일 수 있으며, 이는 현재 주가가 기업의 수익 대비 고평가되었을 가능성을 나타냅니다.""]",-2.2015793939130246,0.7331346400678748,-1.013136824378331,-2.111106889097563
068270,셀트리온,2023-08-01,138912,Neutral,55,"[""PER 31.6, PBR 4.50은 현재 시장에서 높은 밸류에이션을 나타내어 추가 상승 여력이 제한적일 수 있습니다."", ""ROE 14.3%는 양호한 수준이나, 52주 최고가 대비 현재 위치가 13.8% 하락한 점은 단기적인 하방 압력을 시사합니다."", ""최근 1개월 수익률이 -0.40%로 부진한 가운데 거래량 변화율이 26.78%로 높게 나타나, 방향성 탐색 구간에 있을 가능성이 있습니다.""]",4.6616673888933775,-2.770412697480041,5.0954579540441305,-0.46960282769365636
068270,셀트리온,2023-09-01,132381,Sell,65,"[""현재 PER 32.3배는 동종 업계 평균 대비 높은 수준으로 밸류에이션 부담이 존재합니다."", ""최근 1개월 수익률이 -2.77%로 하락세를 보이고 있으며, 거래량 변화율 또한 -11.79%로 감소하는 추세입니다."", ""52주 최고가 대비 현재 위치가 5.5%로, 상승 여력보다는 하락 가능성이 상대적으로 높아 보입니다.""]",2.612587036428294,-5.841526462062577,3.683179596061502,0.9612051546598765
068270,셀트리온,2023-10-04,125021,Sell,75,"[""최근 1개월 수익률이 -7.86%로 하락세를 보이고 있으며, 거래량 변화율 또한 -47.39%로 감소하여 투자 심리가 위축된 것으로 판단됩니다."", ""현재가가 52주 최고가 대비 낮은 수준에 위치하고 있으나, 52주 내 현재 위치가 0.0%로 표기된 것은 최고가와 현재가가 거의 동일함을 의미하며, 이는 추가 상승 여력이 제한적일 수 있음을 시사합니다."", ""PER 30.5, PBR 3.94는 절대적으로 저평가되었다고 보기 어려운 수준이며, ROE 12.9% 대비 밸류에이션 부담이 존재할 수 있습니다.""]",9.18020618556701,13.73278350515464,6.993902308049945,15.199749722495286
068270,셀트리온,2023-11-01,137440,Buy,75,"[""최근 1개월 수익률이 9.37%로 긍정적인 흐름을 보이고 있으며, 거래량 변화율이 43.02%로 증가하며 매수세 유입 가능성을 시사합니다."", ""현재가가 52주 최저가 대비 18.9% 상승한 137,440원으로, 하락보다는 상승 추세에 대한 기대감을 높입니다."", ""ROE 12.9%는 양호한 수준으로, 기업의 수익 창출 능력이 뒷받침되고 있음을 보여줍니다.""]",5.474283060489957,8.745500986880298,1.8910265478060122,0.5440431016674161
068270,셀트리온,2023-12-01,150044,Buy,75,"[""최근 1개월 수익률이 8.88%로 긍정적인 흐름을 보이고 있으며, 거래량 변화율도 15.46%로 증가하는 추세를 나타내고 있습니다."", ""현재가가 52주 최고가 대비 약 6.1% 하락한 수준으로, 추가 상승 여력이 존재할 가능성이 있습니다."", ""PER 33.6은 다소 높은 편이나, ROE 13.8%를 고려할 때 성장성을 반영한 수준으로 해석될 수 있습니다.""]",9.286421007594395,34.07115734303134,8.872496277480463,31.20549400976427
068270,셀트리온,2024-01-02,212969,Sell,75,"[""현재가가 52주 최고가를 돌파한 상황에서 추가적인 상승 동력이 약할 수 있습니다."", ""최근 1개월 수익률이 43.17%로 매우 높으며, 이는 단기 급등 후 차익 실현 매물이 출회될 가능성을 시사합니다."", ""거래량 변화율이 97.45%로 높지만, 이는 기존의 높은 상승세를 유지하기 위한 에너지가 소진되었을 가능성도 배제할 수 없습니다.""]",-11.01521817729341,-22.376026557855837,-8.509570594152168,-18.148681132877613
068270,셀트리온,2024-02-01,164395,Sell,75,"[""최근 1개월 수익률이 -22.81%로 큰 폭의 하락세를 보이고 있으며, 이는 단기적인 매도 압력을 시사합니다."", ""거래량 변화율이 -30.93%로 감소한 것은 투자자들의 관심 감소 또는 매도 심리 강화를 나타낼 수 있습니다."", ""현재가가 52주 최고가 대비 약 19% 하락한 위치에 있으며, 이는 추가적인 하락 가능성을 배제할 수 없음을 의미합니다.""]",1.9022750500676429,-1.8479243343514247,0.5896199537310738,-2.8489528931073593
068270,셀트리온,2024-03-04,162003,Sell,65,"[""현재 PER 36.3배는 KOSPI 평균 PER 대비 높은 수준으로 밸류에이션 부담이 존재합니다."", ""최근 1개월 수익률이 -1.95%로 하락세를 보이고 있으며, 거래량 변화율 또한 -22.78%로 감소하여 투자 심리가 위축된 것으로 판단됩니다."", ""52주 최고가 대비 현재 주가 위치가 44.4%로, 상승 여력보다는 하락 위험이 상대적으로 높아 보입니다.""]",3.355634151167392,4.550232489117531,2.132338310599722,0.6338740683430251
068270,셀트리온,2024-04-01,173043,Neutral,55,"[""최근 1개월 수익률이 4.67%로 긍정적인 흐름을 보이고 있으나, PER 43.9배는 밸류에이션 부담을 시사합니다."", ""52주 최고가 대비 현재 위치가 56.5%로 중간 수준에 머물러 있어 뚜렷한 상승 또는 하락 추세를 단정하기 어렵습니다."", ""거래량 변화율이 7.26%로 소폭 증가했으나, 이는 추세 전환을 확신하기에는 부족한 수치입니다.""]",-1.3602465003223194,2.0131648204770323,0.38320466125201724,4.53790003383186
068270,셀트리온,2024-05-02,172491,Sell,65,"[""현재 PER 43.7배는 동종 업계 평균 대비 높은 수준으로 밸류에이션 부담이 존재합니다."", ""최근 1개월 수익률이 -0.32%로 약보합세를 보이고 있으며, 거래량 변화율 또한 -24.81%로 감소하는 추세는 투자 심리 위축을 시사합니다."", ""52주 최고가 대비 현재 주가 위치가 55.9%로 절반 이상 상승했으나, ROE 4.9% 대비 높은 PBR 2.13배는 재무적 성과 대비 고평가 가능성을 내포합니다.""]",0.9524302500129407,-0.47621512500647034,-0.9372593970432428,0.06663166367930995
068270,셀트리온,2024-06-03,164671,Sell,75,"[""현재 PER 57.9배는 동종 업계 평균 대비 높은 수준으로 밸류에이션 부담이 존재합니다."", ""최근 1개월 수익률이 -5.29%로 하락세를 보이고 있으며, 거래량 변화율 또한 음수(-)를 기록하며 매도 압력이 지속될 가능성을 시사합니다."", ""52주 최고가 대비 현재 위치가 47.3%로 절반 수준에 머물러 있어 추가적인 상승 여력보다는 하락 위험이 더 부각될 수 있습니다.""]",-0.2658298804343429,-3.349456493472721,-2.7477050917336996,-8.304567120421382
068270,셀트리온,2024-07-01,169363,Neutral,65,"[""최근 1개월 수익률이 3.84%로 소폭 상승했으나, PER 59.5배는 높은 밸류에이션을 시사하여 추가 상승 여력이 제한적일 수 있습니다."", ""52주 최고가 대비 현재 위치가 52.5%로 중간 수준에 머물러 있어 뚜렷한 상승 추세로 보기 어렵습니다."", ""거래량 변화율이 35.28%로 높게 나타나 단기적인 변동성 확대 가능성은 있으나, 상승 또는 하락을 명확히 지지하는 근거는 부족합니다.""]",1.4634922318256536,13.279247750852821,-1.6477755054930168,14.813665161294198
068270,셀트리온,2024-08-01,183990,Sell,75,"[""PER 64.7배는 현재 주가가 기업의 이익 대비 고평가되었음을 시사하며, 이는 향후 주가 상승에 부담으로 작용할 수 있습니다."", ""ROE 3.5%는 낮은 수준으로, 기업의 수익 창출 능력이 주가 수준에 비해 미흡함을 나타냅니다."", ""최근 1개월 수익률 10.01%와 거래량 변화율 29.96%는 단기적인 상승 모멘텀을 보여주지만, PER과 ROE 지표를 고려할 때 지속적인 상승보다는 단기 차익 실현 매물이 출회될 가능성이 있습니다.""]",1.2397390259514212,1.8079527461791558,4.519027865682539,1.628219618112765
068270,셀트리온,2024-09-02,181322,Sell,75,"[""현재 PER 84.1배는 동종 업계 평균 대비 높은 수준으로 밸류에이션 부담이 존재합니다."", ""ROE 2.7%는 낮은 수준으로 기업의 수익성 개선이 더딘 것으로 판단됩니다."", ""최근 1개월 수익률이 -1.45%로 약세를 보이고 있으며, 52주 최고가 대비 현재 위치가 65.5%로 상승 여력이 제한적일 수 있습니다.""]",-0.6097190877940308,-2.944308644768279,4.689328059464698,-0.3071695297691992
068270,셀트리온,2024-10-02,175711,Sell,65,"[""최근 1개월 수익률이 -5.21%로 하락세를 보이고 있으며, 거래량 변화율 또한 -40.97%로 감소하여 투자 심리가 위축된 것으로 판단됩니다."", ""PER 81.5, PBR 2.19, ROE 2.7%의 재무 지표는 현재 주가가 기업의 내재 가치 대비 고평가되었을 가능성을 시사합니다."", ""52주 최고가 대비 현재 위치가 59.4%로, 상승 여력보다는 하락 위험이 상대적으로 높아 보입니다.""]",1.6082357918488226,-2.750528839373854,-0.47682439003940313,-3.5000297558196696
068270,셀트리온,2024-11-01,166604,Sell,65,"[""최근 1개월 수익률이 -7.32%로 하락세를 보이고 있으며, 거래량 변화율 또한 -16.68%로 감소하여 투자 심리가 위축된 것으로 판단됩니다."", ""현재 PER 77.3배는 동종 업계 평균 대비 높은 수준으로 밸류에이션 부담이 존재하며, ROE 2.7%는 낮은 수준으로 수익성이 부진함을 시사합니다."", ""52주 최고가 대비 현재 위치가 44.6%로 절반 이상 하락한 상태이며, 이는 추가적인 하락 가능성을 내포하고 있습니다.""]",-7.0974889645531585,-1.4942082030638228,-4.883867331239526,3.7005217474570324
068270,셀트리온,2024-12-02,169823,Neutral,55,"[""PER 178.7, ROE 1.2%는 현재 주가 수준 대비 재무적 매력이 낮음을 시사합니다."", ""최근 1개월 수익률 1.93%와 거래량 변화율 10.97%는 단기적인 주가 상승 모멘텀이 강하지 않음을 나타냅니다."", ""52주 최고가 대비 현재 위치가 36.5%로 하락 가능성도 존재하나, 52주 최저가 대비 상승 여력도 있어 명확한 방향성을 판단하기 어렵습니다.""]",-2.5683527297471778,1.341173323097145,0.7219156595172427,3.6682802388205094
068270,셀트리온,2025-01-02,173667,Sell,65,"[""PER 182.7배, ROE 1.2%로 현재 주가 수준 대비 기업의 수익 창출 능력이 매우 낮아 고평가 상태로 판단됩니다."", ""52주 최고가 대비 현재 위치가 35.6%로, 상승 여력보다는 하락 위험이 더 높아 보입니다."", ""최근 1개월 수익률이 0.95%로 미미한 수준이며, 거래량 변화율 59.12%는 단기적인 변동성을 시사하나 상승 추세를 강하게 지지하지는 않습니다.""]",2.321443943872134,0.05509483772848575,-0.7032251689571201,-3.8283247665173508
068270,셀트리온,2025-02-03,169525,Sell,65,"[""현재 PER 178.3배는 동종 업계 평균 대비 높은 수준으로 밸류에이션 부담이 존재합니다."", ""최근 1개월 수익률이 -3.77%로 하락세를 보이고 있으며, 거래량 변화율 또한 -51.86%로 감소하여 투자 심리가 위축된 것으로 판단됩니다."", ""ROE 1.2%는 낮은 수준으로 기업의 수익 창출 능력이 부진함을 시사합니다.""]",1.2968696049112498,4.11533712172198,-1.0144585625875162,1.035178036582416
068270,셀트리온,2025-03-04,176749,Sell,65,"[""현재 PER 185.9배는 동종 업계 평균 대비 높은 수준으로 밸류에이션 부담이 존재합니다."", ""ROE 1.2%는 낮은 수준으로 기업의 수익성 개선이 더딘 것으로 판단됩니다."", ""최근 1개월 수익률이 2.11%로 소폭 상승했으나, 52주 최고가 대비 현재 위치가 61.5%로 상승 여력이 제한적일 수 있습니다.""]",1.1910851297040554,-8.12118827464096,0.5386554251933365,-6.0778988405621615
068270,셀트리온,2025-04-01,168369,Sell,75,"[""최근 1개월 수익률이 -5.00%로 하락세를 보이고 있으며, 거래량 변화율 또한 -29.54%로 감소하여 투자 심리가 위축된 것으로 판단됩니다."", ""현재가(168,369원)가 52주 최고가(183,265원) 대비 약 8.1% 하락한 위치에 있으며, 52주 내 현재 위치가 40.7%로 중간보다 낮은 편에 속해 추가 하락 가능성을 시사합니다."", ""ROE가 2.5%로 낮은 수준이며, PER이 78.4로 높아 기업의 수익성에 비해 밸류에이션 부담이 있는 것으로 보입니다.""]",-8.957095749952588,-4.949925668524443,-0.4905413534579601,-6.975178475943852
068270,셀트리온,2025-05-02,156425,Sell,75,"[""현재 PER 72.8배는 동종 업계 평균 대비 높은 수준으로 밸류에이션 부담이 존재합니다."", ""최근 1개월 수익률이 -4.30%로 하락세를 보이고 있으며, 이는 단기적인 매도 압력을 시사합니다."", ""52주 최고가 대비 현재 위치가 17.5%로, 상승 여력보다는 하락 가능성이 상대적으로 높아 보입니다.""]",-3.7434505806234335,1.7467277190210035,-6.337669245632369,-7.51001328649613
068270,셀트리온,2025-06-02,155077,Sell,65,"[""현재 PER 59.8배는 동종 업계 평균 대비 높은 수준으로 밸류에이션 부담이 존재합니다."", ""최근 1개월 수익률이 -1.83%로 하락세를 보이고 있으며, 52주 최고가 대비 현재 위치가 19.2%로 상승 여력이 제한적입니다."", ""거래량 변화율이 14.64%로 증가했으나, 이는 단기적인 수급 변화일 뿐 펀더멘털 개선을 뒷받침하는 근거는 부족합니다.""]",6.018952747501536,11.452504932242311,0.6346649502992419,-1.0141116894319762
068270,셀트리온,2025-07-01,160400,Sell,65,"[""PER 61.9배는 현재 주가가 기업의 이익 대비 고평가되었음을 시사하며, 이는 향후 주가 상승에 부담으로 작용할 수 있습니다."", ""ROE 3.1%는 낮은 수준으로, 기업의 수익 창출 능력이 주가 수준에 비해 미흡함을 나타냅니다."", ""최근 1개월 수익률이 4.93%로 양수이나, 거래량 변화율이 -20.08%로 음수이며 52주 최고가 대비 현재 위치가 30.8%로 상대적으로 낮은 점은 추가적인 상승 동력이 약함을 시사합니다.""]",4.262877442273535,6.631142687981054,2.354621993599368,0.7967849843915351
068270,셀트리온,2025-08-01,171300,Sell,65,"[""현재 PER 66.1배는 동종 업계 평균 대비 높은 수준으로 밸류에이션 부담이 존재합니다."", ""최근 1개월 수익률이 -0.58%로 약세를 보이고 있으며, 거래량 변화율 또한 -17.99%로 감소하는 추세는 투자 심리 위축을 시사합니다."", ""52주 최고가 대비 현재 위치가 54.5%로 절반 이상 상승했으나, 최근 모멘텀 약화와 밸류에이션 부담을 고려할 때 단기 상승 동력이 약하다고 판단됩니다.""]",-0.5175388154111558,-1.5526164462334675,-2.3925288876850015,-2.3341270490449966
068270,셀트리온,2025-09-01,169800,Sell,65,"[""최근 1개월 수익률이 -5.09%로 하락세를 보이고 있으며, 거래량 변화율 또한 -21.42%로 감소하여 투자 심리가 위축된 것으로 판단됩니다."", ""PER 68.3배는 동종 업계 평균 대비 높은 수준으로, 현재 주가가 고평가되었을 가능성을 시사합니다."", ""ROE 3.1%는 낮은 수준으로, 기업의 수익 창출 능력이 기대에 미치지 못하고 있음을 나타냅니다.""]",-0.9929906542056074,1.2850467289719625,-3.757502766677443,-6.666471861347517
068270,셀트리온,2025-10-01,175100,Neutral,55,"[""현재가(175,100원)가 52주 최고가(180,196원)에 근접해 있어 추가 상승 여력이 제한적일 수 있습니다."", ""최근 1개월 수익률(2.28%)은 소폭 상승했으나, 거래량 변화율(49.43%)이 크게 증가한 점은 단기적인 변동성 확대 가능성을 시사합니다."", ""PER(70.5)과 PBR(2.19) 지표는 시장 평균 대비 높은 수준으로, 현재 주가에 대한 밸류에이션 부담이 존재합니다.""]",0.34207525655644244,-0.3990877993158495,-5.269314320278962,-13.845460372367311
068270,셀트리온,2025-11-03,174600,Sell,75,"[""현재 PER 70.2배는 동종 업계 평균 대비 높은 수준으로 밸류에이션 부담이 존재합니다."", ""최근 1개월 수익률이 -1.91%로 하락세를 보이고 있으며, 52주 최고가에 근접한 현재가에서 추가 상승 여력이 제한적일 수 있습니다."", ""거래량 변화율이 15.85%로 증가했으나, 이는 단기적인 변동성 확대 가능성을 시사하며 하락 압력으로 작용할 수 있습니다.""]",-1.9852524106636416,4.480998298355077,-1.6128368774179866,7.557611573331178
068270,셀트리온,2025-12-01,185800,Sell,75,"[""현재 PER 51.1은 동종 업계 평균 대비 높은 수준으로 밸류에이션 부담이 존재합니다."", ""ROE 4.5%는 낮은 수준으로 기업의 수익성 개선이 더딘 것으로 판단됩니다."", ""최근 1개월 수익률이 5.81%로 상승세를 보였으나, 52주 최고가에 근접한 현재 위치는 추가 상승 여력을 제한할 수 있습니다.""]",1.6829533116178068,9.93485342019544,-2.0372620613674606,2.0573687083231347
373220,LG에너지솔루션,2023-01-02,446000,Sell,75,"[""최근 1개월 수익률이 -23.76%로 큰 폭의 하락세를 보이고 있어 단기적인 하락 추세가 지속될 가능성이 있습니다."", ""현재가(446,000원)가 52주 최고가(624,000원) 대비 33.6% 낮은 수준이지만, 최근 하락세를 감안할 때 추가 하락 가능성을 배제할 수 없습니다."", ""거래량 변화율이 -4.64%로 감소하는 추세를 보이며 이는 매도 심리가 우세함을 시사할 수 있습니다.""]",7.491486946651532,20.998864926220204,1.513608207942024,9.72188942727487
373220,LG에너지솔루션,2023-02-01,522000,Sell,75,"[""현재 PER 216.7배는 동종 업계 평균 대비 높은 수준으로 밸류에이션 부담이 존재합니다."", ""최근 1개월 수익률 19.86% 상승 후 거래량 변화율 20.10% 증가는 단기 차익 실현 매물 출회 가능성을 시사합니다."", ""52주 최고가 대비 현재 위치 61.9%는 추가 상승 여력보다 되돌림 가능성을 높이는 요인으로 작용할 수 있습니다.""]",3.189493433395872,0.9380863039399625,2.677520392988891,2.4290457673403685
373220,LG에너지솔루션,2023-03-02,535000,Neutral,60,"[""현재 PER 222.1배는 높은 수준으로 밸류에이션 부담이 존재하나, 52주 최고가 대비 현재 위치가 66.8%로 상승 여력이 남아있다는 해석도 가능합니다."", ""최근 1개월 수익률이 2.69%로 소폭 상승했으나, 거래량 변화율이 -22.56%로 감소한 점은 투자 심리 위축 가능성을 시사합니다."", ""ROE 2.5%는 낮은 수준으로 기업의 수익성 개선이 주가 상승의 강력한 동인이 되기 어렵습니다.""]",2.41635687732342,8.550185873605948,3.957430941803473,6.708544802419675
373220,LG에너지솔루션,2023-04-03,586000,Buy,75,"[""최근 1개월 수익률 8.92%와 거래량 변화율 19.57%는 긍정적인 모멘텀을 시사합니다."", ""현재가가 52주 최고가 대비 약 14.2% 하락한 수준으로, 추가 상승 여력이 존재할 수 있습니다."", ""PER 177.2, PBR 7.32는 다소 높은 수준이나, 성장성을 반영한 것으로 해석될 수 있으며, 최근 시장의 긍정적 흐름에 동참할 가능성이 있습니다.""]",6.086956521739131,-1.391304347826087,3.371789076334762,-2.233469870238811
373220,LG에너지솔루션,2023-05-02,591000,Sell,75,"[""현재 PER 178.8배는 동종 업계 평균 대비 높은 수준으로 밸류에이션 부담이 존재합니다."", ""52주 최고가 대비 현재 위치가 87.7%로, 단기적으로 상승 여력이 제한적일 수 있습니다."", ""최근 1개월 수익률이 1.20%로 소폭 상승했으나, 거래량 변화율이 -8.22%로 감소하는 추세는 매도 압력을 시사할 수 있습니다.""]",-2.4691358024691357,3.7037037037037033,-2.0533686320845472,-0.2924584454927479
373220,LG에너지솔루션,2023-06-01,584000,Sell,75,"[""현재가(584,000원)가 52주 최고가(624,000원) 대비 높은 수준(85.1%)에 위치하여 추가 상승 여력이 제한적일 수 있습니다."", ""최근 1개월 수익률이 0.52%로 미미한 반면, 거래량 변화율이 -40.17%로 크게 감소하여 투자 심리가 위축되었음을 시사합니다."", ""PER이 0.0으로 재무적으로는 매력적으로 보일 수 있으나, 이는 현재 이익이 없거나 매우 적다는 것을 의미하며, PBR이 6.96으로 높은 수준임을 감안할 때 밸류에이션 부담이 존재합니다.""]",4.081632653061225,-2.5510204081632653,3.005657009551684,-2.593690396169526
373220,LG에너지솔루션,2023-07-03,573000,Sell,75,"[""현재가(573,000원)가 52주 최고가(624,000원) 대비 높은 수준(81.0%)에 위치하여 추가 상승 여력이 제한적일 수 있습니다."", ""최근 1개월 수익률이 -1.88%로 약세를 보이고 있어 단기적인 하락 압력이 존재할 가능성이 있습니다."", ""PER이 0.0으로 재무적으로 특이사항이 있으나, 이는 일반적으로 성장성이 매우 높거나 적자 기업에서 나타나는 지표로, 현재가와 PBR(6.82)을 고려할 때 추가적인 상승 동력을 찾기 어렵습니다.""]",-3.3391915641476277,-2.10896309314587,-2.1507489946129343,-4.953204622311308
373220,LG에너지솔루션,2023-08-01,557000,Sell,75,"[""PER이 0.0으로 산출되는 것은 현재 이익이 매우 낮거나 적자 상태임을 시사하며, 이는 향후 주가 상승에 대한 재무적 부담 요인으로 작용할 수 있습니다."", ""최근 1개월 수익률이 -2.79%로 하락세를 보이고 있으며, 이는 단기적인 매도 압력이 존재함을 나타냅니다."", ""거래량 변화율이 97.57%로 높게 나타나는 것은 변동성이 크다는 것을 의미하며, 이러한 상황에서 최근 하락세는 추가 하락 가능성을 시사합니다.""]",1.6544117647058825,0.0,2.0882023298566357,2.300809869786385
373220,LG에너지솔루션,2023-09-01,522000,Sell,65,"[""최근 1개월 수익률이 -4.04%로 하락세를 보이고 있으며, 거래량 변화율 또한 -46.63%로 감소하여 투자 심리가 위축된 것으로 판단됩니다."", ""PER이 0.0으로 산출되는 것은 현재 이익이 없거나 매우 적음을 시사하며, 이는 향후 주가 상승에 대한 재무적 근거가 약함을 나타냅니다."", ""52주 최고가 대비 현재 위치가 48.4%로, 52주 내에서 중간 이하 수준에 머물러 있어 단기적인 상승 모멘텀이 약하다고 볼 수 있습니다.""]",-4.150943396226415,-12.452830188679245,-3.0803508365932073,-5.650098571956792
373220,LG에너지솔루션,2023-10-04,456000,Sell,75,"[""최근 1개월 수익률이 -17.54%로 하락세를 보이고 있으며, 거래량 변화율 또한 -12.69%로 감소하는 추세입니다."", ""현재가가 52주 최고가 대비 14.9% 낮은 수준에 위치해 있어 추가 하락 가능성을 시사합니다."", ""PER이 0.0으로 재무적 가치 대비 고평가 논란의 여지가 있으며, ROE가 N/A%로 수익성 지표가 부재하여 투자 매력도가 낮습니다.""]",3.5294117647058822,-14.010695187165775,1.343107887188817,-12.543728969825128
373220,LG에너지솔루션,2023-11-01,377500,Sell,75,"[""최근 1개월 수익률이 -20.61%로 큰 폭의 하락세를 보이고 있으며, 이는 단기적인 하락 압력이 지속될 가능성을 시사합니다."", ""현재가가 52주 최저가와 동일한 수준으로, 기술적으로 추가 하락 가능성이 존재합니다."", ""PER이 0.0으로 산출되는 것은 현재 이익이 없거나 매우 적음을 의미하며, 이는 기업의 수익성에 대한 불확실성을 높여 주가 하락 요인이 될 수 있습니다.""]",9.578544061302683,16.091954022988507,5.995287548618738,7.890496137775624
373220,LG에너지솔루션,2023-12-01,428500,Sell,75,"[""PER이 0.0으로 산출되는 것은 현재 이익이 없거나 매우 적음을 시사하며, 이는 향후 주가 상승에 대한 부정적인 신호로 해석될 수 있습니다."", ""최근 1개월 수익률이 9.45%로 양호하나, 거래량 변화율이 -16.09%로 감소하는 것은 단기적인 매수세 약화를 나타낼 수 있습니다."", ""현재 주가가 52주 최고가 대비 약 21.8% 하락한 위치에 있으며, 이는 추가적인 하락 가능성을 시사할 수 있습니다.""]",-0.3488372093023256,-2.558139534883721,-0.7627619394162567,-5.423802868150791
373220,LG에너지솔루션,2024-01-02,429500,Sell,65,"[""PER이 0.0으로 재무적 가치 대비 고평가 가능성이 낮으나, PBR이 4.90으로 자산 가치 대비 높은 수준을 유지하고 있습니다."", ""52주 최고가 대비 현재 위치가 22.2%로, 52주 내에서 상승 여력이 제한적일 수 있습니다."", ""최근 1개월 수익률이 -3.92%로 하락세를 보이고 있으며, 거래량 변화율 또한 -39.69%로 감소하여 투자 심리가 위축된 것으로 판단됩니다.""]",-1.3221153846153846,-8.413461538461538,1.1835321985258576,-4.186116113483312
373220,LG에너지솔루션,2024-02-01,381500,Sell,75,"[""최근 1개월 수익률이 -8.29%로 하락세를 보이고 있으며, 52주 최고가 대비 현재 위치가 5.5%로 낮은 편에 속하여 추가 하락 가능성이 있습니다."", ""PER이 0.0으로 재무적으로 특이사항이 있으나, 이는 일반적으로 기업의 이익이 없거나 매우 적음을 시사하며, 이는 주가 하락 요인이 될 수 있습니다."", ""거래량 변화율이 12.22%로 증가했음에도 불구하고 최근 수익률이 하락한 것은 매도 압력이 강함을 시사합니다.""]",1.5483870967741935,-0.12903225806451613,0.23573200043762443,-1.1300608168204507
373220,LG에너지솔루션,2024-03-04,398500,Sell,65,"[""PER이 0.0으로 매우 낮아 현재 이익 대비 고평가 가능성이 낮으나, ROE가 N/A%로 수익성 지표가 부재하여 기업의 본질적인 가치 판단이 어렵습니다."", ""52주 최고가 대비 현재 위치가 12.5%로, 52주 내에서 상대적으로 낮은 수준에 위치하여 추가 하락 가능성을 시사합니다."", ""최근 1개월 수익률이 6.27%로 양호한 흐름을 보였으나, 거래량 변화율이 -0.51%로 감소 추세를 보여 매수세 약화를 나타내고 있습니다.""]",8.258064516129032,1.4193548387096775,7.034768675561362,-2.497003582064828
373220,LG에너지솔루션,2024-04-01,395500,Sell,65,"[""현재 PER 74.8배는 동종 업계 평균 대비 높은 수준으로 밸류에이션 부담이 존재합니다."", ""최근 1개월 수익률이 -1.49%로 하락세를 보이고 있으며, 거래량 변화율 또한 -14.50%로 감소하는 추세입니다."", ""52주 최고가 대비 현재 위치가 11.3%로, 상승 여력보다는 하락 가능성이 상대적으로 높아 보입니다.""]",-4.8346055979643765,-1.0178117048346056,-3.09115443639004,1.5069235085202217
373220,LG에너지솔루션,2024-05-02,389000,Sell,65,"[""현재가(389,000원)가 52주 최저가(364,500원)에 근접하며 기술적 반등 가능성을 시사하나, 52주 최고가(612,000원) 대비 상당한 하락폭을 보이고 있어 추가 하락 압력이 존재할 수 있습니다."", ""최근 1개월 수익률이 -1.64%로 약세를 보이고 있으며, 이는 단기적으로 매도 심리가 우세함을 나타냅니다."", ""PER 73.6, PBR 4.51, ROE 6.1%의 재무 지표는 현재 주가가 기업의 내재 가치 대비 고평가되었을 가능성을 시사하며, 이는 향후 주가 상승 동력을 제한할 수 있습니다.""]",-2.4296675191815855,-13.938618925831204,-4.3193571662377686,-13.395772137145423
373220,LG에너지솔루션,2024-06-03,332000,Sell,75,"[""최근 1개월 수익률이 -14.65%로 하락세를 보이고 있으며, 이는 향후 20거래일 내 주가 하락 가능성을 시사합니다."", ""현재가가 52주 최저가에 근접한 328,000원에 위치하고 있어 추가적인 하락 여력이 제한적일 수 있으나, 최근 하락 추세가 지속되고 있습니다."", ""PER이 '해당없음(적자)'으로 재무 건전성에 대한 우려가 존재하며, 이는 투자 심리에 부정적인 영향을 미칠 수 있습니다.""]",4.457652303120357,6.389301634472511,1.975777091821,1.4341910075238493
373220,LG에너지솔루션,2024-07-01,347000,Sell,65,"[""현재가(347,000원)가 52주 최저가(326,500원)에 근접하며 기술적 반등 가능성이 있으나, PER이 없어 적자 기업임을 감안할 때 상승 동력이 약할 수 있습니다."", ""최근 1개월 수익률이 5.79%로 소폭 상승했으나, 52주 최고가 대비 상당한 하락폭을 보이고 있어 추가 하락 가능성을 배제할 수 없습니다."", ""거래량 변화율이 12.92%로 긍정적인 신호일 수 있으나, 적자 기업의 재무 상태와 높은 PBR(3.92)을 고려할 때 상승보다는 하락에 무게를 두는 것이 합리적입니다.""]",5.676855895196507,-3.056768558951965,2.5655881578778366,-1.5223511485105883
373220,LG에너지솔루션,2024-08-01,333500,Sell,65,"[""최근 1개월 수익률이 -6.84%로 하락세를 보이고 있으며, 52주 최고가 대비 현재 위치가 4.4%로 낮은 편이나 하락 추세가 지속될 가능성이 있습니다."", ""PER이 '해당없음(적자)'으로 재무 건전성에 대한 우려가 존재하며, 이는 주가 하락 압력으로 작용할 수 있습니다."", ""거래량 변화율이 1.28%로 크지 않아 현재 시장 참여자들의 적극적인 매수세가 유입되지 않고 있음을 시사합니다.""]",-4.166666666666666,22.61904761904762,-0.8873778269355479,22.43931449098123
373220,LG에너지솔루션,2024-09-02,412000,Buy,75,"[""최근 1개월 수익률이 23.54%로 강한 상승세를 보이고 있으며, 이는 향후 20거래일 내 주가 상승 가능성을 시사합니다."", ""거래량 변화율이 42.59%로 높게 나타나, 시장 참여자들의 관심이 증가하고 있음을 보여줍니다."", ""현재 주가가 52주 최저가 대비 높은 수준에 위치하고 있으나, 52주 최고가 대비로는 아직 상승 여력이 남아있습니다.""]",-7.664233576642336,6.204379562043796,-2.3651864293836073,8.841518677042876
373220,LG에너지솔루션,2024-10-02,408500,Buy,75,"[""최근 1개월 수익률이 10.85%로 양호한 상승세를 보이고 있으며, 이는 단기적인 매수 심리 강화를 시사합니다."", ""거래량 변화율이 23.86%로 증가한 것은 투자자들의 관심이 높아지고 있음을 나타내며, 이는 주가 상승의 동력이 될 수 있습니다."", ""현재가가 52주 최고가 대비 약 47% 지점에 위치하여 추가적인 상승 여력이 존재할 가능성이 있습니다.""]",0.6195786864931847,5.5762081784386615,-1.465481495395041,4.826707261992846
373220,LG에너지솔루션,2024-11-01,412500,Neutral,55,"[""최근 1개월 수익률이 소폭 하락했으나, 52주 내 현재 위치가 중간 이상에 있어 상승 및 하락 가능성이 혼재합니다."", ""거래량 변화율이 음수이며 이는 단기적인 매도 압력을 시사할 수 있습니다."", ""PER이 해당없음(적자)이고 ROE가 N/A%로 재무 건전성에 대한 직접적인 판단 근거가 부족합니다.""]",-2.3474178403755865,-8.098591549295776,-0.13379620706195405,-2.9038615987749203
373220,LG에너지솔루션,2024-12-02,391500,Sell,65,"[""최근 1개월 수익률이 -5.09%로 하락세를 보이고 있으며, 이는 단기적인 투자 심리 위축을 시사합니다."", ""PER이 '해당없음(적자)'으로 표시되어 있어 현재 기업의 수익성이 좋지 않음을 나타냅니다."", ""52주 최고가 대비 현재 위치가 52.8%로 절반 수준에 머물러 있어, 추가적인 상승 동력이 약할 수 있습니다.""]",-3.022670025188917,-10.327455919395465,0.2675983640755035,-8.0003490036721
373220,LG에너지솔루션,2025-01-02,346000,Sell,75,"[""최근 1개월 수익률이 -9.31%로 하락세를 보이고 있으며, 거래량 변화율 또한 -33.78%로 감소하여 투자 심리가 위축된 것으로 판단됩니다."", ""현재가가 52주 최고가 대비 21.6% 하락한 위치에 있으며, 이는 추가적인 하락 가능성을 시사합니다."", ""PER이 '해당없음(적자)'으로 재무 건전성에 대한 우려가 존재하며, 이는 주가 하락 압력으로 작용할 수 있습니다.""]",-2.106741573033708,-3.932584269662921,-5.131410685862962,-7.816003873908757
373220,LG에너지솔루션,2025-02-03,336500,Sell,65,"[""최근 1개월 수익률이 -2.32%로 하락세를 보이고 있으며, 거래량 변화율 또한 -10.54%로 감소하여 투자 심리가 위축된 것으로 판단됩니다."", ""현재가(336,500원)가 52주 최고가(436,500원) 대비 약 23% 하락한 수준이지만, 52주 최저가(321,000원) 대비로는 약 4.8% 상승한 위치에 있어 추가 상승 여력이 제한적일 수 있습니다."", ""PER이 '해당없음(적자)'으로 표시되어 있어 현재 기업의 수익성을 기반으로 한 밸류에이션이 어렵고, 이는 향후 주가 상승에 대한 불확실성을 높이는 요인입니다.""]",3.003003003003003,0.3003003003003003,0.6916748355042368,-2.779858784839264
373220,LG에너지솔루션,2025-03-04,332000,Sell,65,"[""최근 1개월 수익률이 -5.68%로 하락세를 보이고 있으며, 거래량 변화율 또한 -7.16%로 감소하는 추세입니다."", ""현재가는 52주 최저가에 근접한 321,000원에서 9.5% 높은 수준으로, 추가 하락 가능성을 시사합니다."", ""PER이 '해당없음(적자)'으로 재무 건전성에 대한 우려가 있으며, PBR 3.84는 현재 주가가 기업의 순자산 가치 대비 높은 수준임을 나타냅니다.""]",4.341317365269461,-1.4970059880239521,3.688887660758742,0.5462834460548467
373220,LG에너지솔루션,2025-04-01,328000,Sell,65,"[""최근 1개월 수익률이 -6.82%로 하락세를 보이고 있으며, 52주 최고가 대비 현재 위치가 6.1%로 하락 가능성이 열려있습니다."", ""PER이 '해당없음(적자)'으로 재무 건전성에 대한 우려가 존재합니다."", ""거래량 변화율이 28.04%로 증가했으나, 이는 하락 추세 속에서 매도 물량이 증가했을 가능성을 시사합니다.""]",-4.5592705167173255,-1.3677811550151975,3.907283879777302,-3.393033962434606
373220,LG에너지솔루션,2025-05-02,320500,Sell,65,"[""최근 1개월 수익률이 -2.58%로 하락세를 보이고 있으며, 거래량 변화율 또한 -15.42%로 감소하여 투자 심리가 위축된 것으로 판단됩니다."", ""52주 최고가 대비 현재 위치가 5.3%로, 52주 내에서 상승 여력이 제한적일 수 있습니다."", ""PER이 '해당없음(적자)'으로 재무 건전성에 대한 우려가 존재하며, 이는 주가 하락 압력으로 작용할 수 있습니다.""]",-2.7906976744186047,-9.767441860465116,-5.38491633942754,-19.024182865982247
373220,LG에너지솔루션,2025-06-02,284500,Sell,75,"[""최근 1개월 수익률이 -18.71%로 큰 폭의 하락세를 보이고 있어 단기적인 하락 추세가 지속될 가능성이 있습니다."", ""현재가가 52주 최저가에 근접한 268,000원 대비 9.8% 높은 수준으로, 추가적인 하락 여력이 존재할 수 있습니다."", ""PER이 '해당없음(적자)'으로 재무 건전성에 대한 우려가 있으며, 이는 주가 하락 압력으로 작용할 수 있습니다.""]",5.37261698440208,10.398613518197573,-0.011670812800214314,-2.0680031034767143
373220,LG에너지솔루션,2025-07-01,297500,Neutral,55,"[""최근 1개월 수익률은 3.30%로 소폭 상승했으나, 거래량 변화율이 -9.90%로 감소하여 상승 동력이 약화되었습니다."", ""52주 최고가 대비 현재 위치가 17.5%로, 52주 내에서 하락 가능성보다는 상승 여력이 상대적으로 제한적입니다."", ""PER이 '해당없음(적자)'으로 재무 건전성에 대한 직접적인 판단이 어렵고, PBR 3.29는 기업 가치 대비 높은 수준으로 해석될 수 있습니다.""]",0.8264462809917356,29.91735537190083,-1.0818091676824313,24.08299766831131
373220,LG에너지솔루션,2025-08-01,373000,Buy,75,"[""최근 1개월 수익률이 17.11%로 강한 상승세를 보이고 있으며, 이는 향후 20거래일 내 주가 상승 가능성을 시사합니다."", ""거래량 변화율이 49.32%로 높게 나타나 투자자들의 관심이 증가하고 있음을 보여주며, 이는 주가 상승 동력으로 작용할 수 있습니다."", ""현재가가 52주 최고가 대비 약 15% 하락한 수준으로, 기술적으로 추가 상승 여력이 존재한다고 판단됩니다.""]",3.5952063914780292,-6.790945406125166,1.7202163192041833,-7.572456008936696
373220,LG에너지솔루션,2025-09-01,349000,Sell,75,"[""최근 1개월 수익률이 -8.76%로 하락세를 보이고 있으며, 거래량 변화율 또한 -48.02%로 감소하여 투자 심리가 위축된 것으로 판단됩니다."", ""현재가(349,000원)는 52주 최고가(436,500원) 대비 약 20% 하락한 수준으로, 추가 하락 가능성을 배제할 수 없습니다."", ""PER이 '해당없음(적자)'으로 재무 건전성에 대한 우려가 있으며, PBR 4.16은 기업의 순자산 대비 높은 수준으로 밸류에이션 부담이 존재합니다.""]",-0.8571428571428572,-0.7142857142857143,-3.621654969614693,-8.665804304605194
373220,LG에너지솔루션,2025-10-01,347500,Neutral,55,"[""현재가(347,500원)는 52주 최고가(436,500원) 대비 하락했으나, 52주 최저가(268,000원) 대비로는 상승한 위치에 있어 명확한 방향성을 제시하지 못합니다."", ""최근 1개월 수익률이 -0.71%로 소폭 하락했으나, 거래량 변화율이 7.38%로 증가하여 향후 주가 변동 가능성을 시사합니다."", ""PER이 '해당없음(적자)'이고 ROE가 N/A%로 재무 건전성에 대한 직접적인 판단 근거가 부족하며, PBR 4.15는 기업 가치에 대한 시장의 기대치를 반영하고 있으나 적자 기업임을 감안할 때 상승 여력에 대한 확신을 주기 어렵습니다.""]",5.3884711779448615,17.794486215538846,-0.22291839889054277,4.348113642487384
373220,LG에너지솔루션,2025-11-03,475500,Buy,75,"[""최근 1개월 수익률이 36.25%로 강한 상승세를 보이고 있으며, 이는 향후 20거래일 내 추가 상승 가능성을 시사합니다."", ""거래량 변화율이 148.31%로 매우 높아 시장의 관심이 집중되고 있으며, 이는 매수세 유입 가능성을 높입니다."", ""현재가가 52주 최고가 대비 약 84.3% 수준에 위치하여 추가 상승 여력이 존재한다고 판단됩니다.""]",0.0,-12.26215644820296,0.37241553324565485,-9.18554317322686
373220,LG에너지솔루션,2025-12-01,413000,Sell,75,"[""최근 1개월 수익률이 -12.69%로 하락세를 보이고 있으며, 거래량 변화율 또한 -34.12%로 감소하여 투자 심리가 위축된 것으로 판단됩니다."", ""현재가(413,000원)가 52주 최고가(514,000원) 대비 약 19.7% 하락한 수준이지만, 52주 최저가(268,000원) 대비로는 여전히 높은 수준에 위치하여 추가 하락 가능성을 배제할 수 없습니다."", ""PER이 '해당없음(적자)'으로 재무 건전성에 대한 우려가 있으며, 이는 단기적인 주가 상승 동력을 약화시키는 요인으로 작용할 수 있습니다.""]",6.8674698795180715,-13.012048192771083,3.1472545065328044,-20.88953290464339
006400,삼성SDI,2023-01-02,589377,Sell,75,"[""최근 1개월 수익률이 -17.08%로 하락세를 보이고 있으며, 거래량 변화율 또한 -16.43%로 감소하는 추세는 투자 심리 위축을 시사합니다."", ""현재가가 52주 최고가 대비 56.6% 수준에 위치하며, 52주 내 현재 위치가 43.4%로 하락 추세에 있는 것으로 판단됩니다."", ""PER이 '해당없음(적자)'으로 재무 건전성에 대한 우려가 존재하며, 이는 단기적인 주가 상승 동력을 약화시킬 수 있습니다.""]",1.1569857255007894,18.346994420198712,-4.820893013208719,7.070018921253379
006400,삼성SDI,2023-02-01,704903,Buy,75,"[""최근 1개월 수익률이 21.83%로 강한 상승세를 보이고 있으며, 52주 최고가 대비 현재 위치가 85.7%로 상승 여력이 남아있다고 판단됩니다."", ""거래량 변화율이 11.25%로 긍정적인 움직임을 보이며, 이는 매수세 유입 가능성을 시사합니다."", ""PER이 '해당없음(적자)'으로 재무 건전성에 대한 우려가 있으나, PBR 3.04는 자산 가치 대비 주가가 과도하게 저평가되지 않았음을 나타냅니다.""]",3.0726675387703337,2.0950459851609233,2.5606944983633526,3.5860054485613295
006400,삼성SDI,2023-03-02,695113,Buy,75,"[""현재가가 52주 최고가 대비 약 82.1% 수준에 위치하여 추가 상승 여력이 존재합니다."", ""최근 1개월 수익률이 3.65%로 긍정적인 흐름을 보이고 있습니다."", ""PBR 2.99는 적자 기업임에도 불구하고 시장에서 높은 가치를 인정받고 있음을 시사하며, 이는 향후 실적 개선에 대한 기대감을 반영할 수 있습니다.""]",0.8207659084526033,0.5471772723017356,2.361839972932656,-1.2944637988845362
006400,삼성SDI,2023-04-03,729379,Buy,75,"[""현재가가 52주 최고가 대비 16.7% 하락한 수준으로, 단기 반등 가능성이 존재합니다."", ""최근 1개월 수익률이 1.92%로 소폭 상승세를 보이고 있으며, 거래량 변화율도 7.85%로 긍정적인 신호를 나타냅니다."", ""PBR 3.11은 적자 기업임을 감안할 때 상대적으로 높은 수준이지만, 시장의 기대감이 반영된 것으로 해석될 수 있습니다.""]",5.647332922515891,-5.7852100093137375,2.932165477111522,-6.627375531726462
006400,삼성SDI,2023-05-02,685323,Sell,75,"[""최근 1개월 수익률이 -4.76%로 하락세를 보이고 있어 단기적인 하락 압력이 존재합니다."", ""현재가가 52주 최고가 대비 약 12.3% 하락한 수준에 위치하며, 추가 하락 가능성을 시사합니다."", ""PER이 '해당없음(적자)'으로 재무 건전성에 대한 우려가 존재하며, 이는 주가 상승 동력을 약화시킬 수 있습니다.""]",-2.046716383586846,4.532164179327358,-1.6309492132022576,0.536002030130907
006400,삼성SDI,2023-06-01,693155,Neutral,55,"[""PER이 적자로 산출되지 않아 기업의 수익성 판단이 어렵습니다."", ""최근 1개월 수익률은 긍정적이나, 거래량 변화율이 크게 감소하여 매수세 약화를 시사합니다."", ""현재가가 52주 최고가 대비 약 10.8% 하락한 수준으로, 추가 상승 여력과 하락 위험이 공존합니다.""]",3.496531468211792,0.2797110890161255,2.4205558247022516,0.23704110100986447
006400,삼성SDI,2023-07-03,701966,Neutral,65,"[""최근 1개월 수익률이 소폭 상승했으나, 52주 최고가 대비 현재 위치가 높아 추가 상승 여력이 제한적일 수 있습니다."", ""거래량 변화율이 긍정적인 신호를 보이지만, PER이 적자 상태로 재무적 불확실성이 존재합니다."", ""PBR이 2.87로 자산 가치 대비 높은 수준이며, 이는 향후 주가 상승에 대한 부담 요인이 될 수 있습니다.""]",-3.5162018813605096,-5.766479143561484,-2.327759311825816,-8.610720672726922
006400,삼성SDI,2023-08-01,655952,Sell,65,"[""최근 1개월 수익률이 -6.55%로 하락세를 보이고 있어 단기적인 하락 압력이 존재합니다."", ""PER이 '해당없음(적자)'으로 표시되어 현재 기업의 수익성이 좋지 않음을 시사합니다."", ""52주 최고가 대비 현재 위치가 50.2%로, 상승 여력보다는 하락 가능성이 상대적으로 높아 보입니다.""]",-2.461457231709176,-5.538435912384442,-2.027666666558423,-3.2376260425980576
006400,삼성SDI,2023-09-01,583503,Sell,65,"[""최근 1개월 수익률이 -8.31%로 하락세를 보이고 있으며, 거래량 변화율 또한 -39.36%로 감소하여 투자 심리가 위축된 것으로 판단됩니다."", ""현재가가 52주 최저가 대비 20.2% 높은 수준이지만, 52주 최고가 대비로는 상당한 하락 여력이 남아있어 추가 하락 가능성을 배제할 수 없습니다."", ""PER이 '해당없음(적자)'으로 표시되어 있어 현재 기업의 수익성이 좋지 않음을 시사하며, 이는 주가 상승에 부정적인 요인으로 작용할 수 있습니다.""]",-6.065538085430585,-21.147669998827883,-4.994945525797378,-14.344938382105429
006400,삼성SDI,2023-10-04,474341,Sell,75,"[""현재가가 52주 최저가와 동일한 수준으로, 기술적으로 반등 가능성이 있으나 최근 1개월 수익률이 -20.05%로 크게 하락한 점은 하방 압력을 시사합니다."", ""PER이 '해당없음(적자)'으로 표시되어 있어 현재 기업의 수익성 측면에서 부정적인 신호를 보내고 있습니다."", ""거래량 변화율이 39.11%로 높게 나타나고 있으나, 이는 하락 추세 속에서 매도 물량이 증가했을 가능성을 배제할 수 없습니다.""]",7.566418170766605,-7.157433884703194,5.380114293249539,-5.690467667362548
006400,삼성SDI,2023-11-01,416578,Sell,75,"[""최근 1개월 수익률이 -18.49%로 큰 폭의 하락세를 보이고 있어 단기적인 하락 추세가 지속될 가능성이 있습니다."", ""현재가가 52주 최저가에 근접한 416,578원으로, 기술적으로 추가 하락 압력이 존재할 수 있습니다."", ""거래량 변화율이 68.36%로 높게 나타나고 있으나, 이는 하락 국면에서의 투매 또는 손절 물량일 가능성을 시사합니다.""]",-2.5496950466885444,4.656398131099349,-6.132951559372489,-3.5450597541135327
006400,삼성SDI,2023-12-01,437627,Sell,65,"[""PER이 '해당없음(적자)'으로 표시되어 현재 수익성이 좋지 않음을 시사합니다."", ""최근 1개월 수익률이 -0.89%로 약세를 보이고 있으며, 거래량 변화율 또한 -3.17%로 감소하는 추세입니다."", ""현재 주가가 52주 최고가 대비 약 43.6% 하락한 상태이며, 52주 최저가에 근접한 8.0% 위치에 있어 추가 하락 가능성을 배제할 수 없습니다.""]",1.4787873153839897,1.2512636973168945,1.0648625852700586,-1.614399635950175
006400,삼성SDI,2024-01-02,457208,Sell,65,"[""PER이 적자 상태로 산출되지 않아 현재 수익성 대비 고평가 여부를 판단하기 어렵습니다."", ""52주 최고가 대비 현재 위치가 13.3%로, 상승 여력보다는 하락 위험이 상대적으로 높아 보입니다."", ""최근 1개월 수익률이 -0.95%이며 거래량 변화율 또한 -16.23%로 감소하는 추세를 보여 단기적인 하락 압력이 존재합니다.""]",-6.718930863937704,-16.57348480342592,-4.213283280796462,-12.346139378447694
006400,삼성SDI,2024-02-01,369585,Sell,75,"[""최근 1개월 수익률이 -15.45%로 하락세를 보이고 있으며, 이는 단기적인 투자 심리 위축을 시사합니다."", ""현재가가 52주 최저가에 근접한 340,214원 대비 6.7% 높은 수준으로, 추가 하락 가능성을 배제할 수 없습니다."", ""PER이 '해당없음(적자)'으로 표시되어 있어 현재 기업의 수익성 측면에서 부정적인 신호를 보내고 있습니다.""]",-0.5091485601413868,-7.252053227986277,-1.8218036564779558,-8.25308178674221
006400,삼성SDI,2024-03-04,366647,Neutral,55,"[""현재가 366,647원은 52주 최저가 340,214원 대비 소폭 상승했으나, 52주 최고가 776,373원 대비로는 크게 하락한 상태로 방향성 판단이 어렵습니다."", ""최근 1개월 수익률이 0.00%로 횡보세를 보이고 있으며, 거래량 변화율이 -28.53%로 감소하는 추세는 매수세 약화를 시사합니다."", ""PER이 '해당없음(적자)'이고 ROE가 N/A%로 재무 건전성에 대한 명확한 근거가 부족하여 향후 주가 상승을 확신하기 어렵습니다.""]",25.375193344759833,23.60185610969441,24.151897504192164,19.685497688919902
006400,삼성SDI,2024-04-01,444481,Buy,75,"[""최근 1개월 수익률이 20.42%로 강한 상승세를 보이고 있으며, 거래량 변화율이 174.23%로 급증하여 매수세 유입 가능성이 높습니다."", ""현재가가 52주 최저가 대비 상당한 상승 여력을 보여주고 있으며, 52주 최고가 대비로는 하락했지만 회복 가능성이 있습니다."", ""PBR 1.57은 적자 기업임에도 불구하고 시장에서 일정 수준의 가치를 인정받고 있음을 시사하며, 향후 실적 개선에 대한 기대감이 반영될 수 있습니다.""]",-9.271660556209442,-2.0971720533391056,-7.528209394635105,0.4275631600157217
006400,삼성SDI,2024-05-02,434201,Sell,75,"[""최근 1개월 수익률이 -2.31%로 하락세를 보이고 있으며, 거래량 변화율이 -56.64%로 크게 감소하여 투자 심리가 위축되었음을 시사합니다."", ""현재가가 52주 최고가 대비 상당 부분 하락한 위치에 있으며, 52주 내 현재 위치가 24.3%로 낮은 편에 속하여 추가적인 하락 가능성을 배제할 수 없습니다."", ""PER이 '해당없음(적자)'으로 표시되어 현재 기업의 수익성이 좋지 않음을 나타내며, 이는 주가 상승에 대한 부담 요인으로 작용할 수 있습니다.""]",-1.1415152419685832,-13.698649304130441,-3.0312048890247665,-13.15580251544466
006400,삼성SDI,2024-06-03,369095,Sell,65,"[""최근 1개월 수익률이 -13.13%로 하락세를 보이고 있으며, 거래량 변화율 또한 -27.95%로 감소하여 투자 심리가 위축된 것으로 판단됩니다."", ""52주 최고가 대비 현재 위치가 7.5%로, 52주 최저가(340,214원)에 근접해 있어 추가 하락 가능성을 배제할 수 없습니다."", ""PER이 '해당없음(적자)'으로 표시되어 있어 현재 기업의 수익성 측면에서 긍정적인 신호를 찾기 어렵습니다.""]",4.1005312451023315,-3.0423645000729582,1.6186560338029747,-7.99747512702162
006400,삼성SDI,2024-07-01,359305,Sell,65,"[""최근 1개월 수익률이 -3.17%로 하락세를 보이고 있으며, 52주 최고가 대비 현재 위치가 5.3%로 매우 낮은 수준에 머물러 있어 추가 하락 가능성이 있습니다."", ""PER이 '해당없음(적자)'으로 표시되어 있어 현재 기업의 수익성이 좋지 않음을 시사하며, 이는 주가 하락 압력으로 작용할 수 있습니다."", ""거래량 변화율이 26.64%로 증가했으나, 이는 하락 추세 속에서 매도 물량이 증가했음을 시사할 수 있습니다.""]",8.819341527910964,-5.974486385958794,5.7080737905922945,-4.440068975517418
006400,삼성SDI,2024-08-01,326997,Sell,65,"[""최근 1개월 수익률이 -8.87%로 하락세를 보이고 있으며, 이는 단기적인 투자 심리 위축을 시사합니다."", ""52주 최고가 대비 현재 주가 위치가 3.7%로, 52주 내에서 상대적으로 높은 수준에 위치하여 추가 상승 여력이 제한적일 수 있습니다."", ""PER이 '해당없음(적자)'으로 표시되어 있어 현재 기업의 수익성 측면에서 부정적인 신호를 보내고 있습니다.""]",-7.875086509391581,9.658394142858876,-4.595797669660463,9.478661014792486
006400,삼성SDI,2024-09-02,361263,Sell,65,"[""PER이 적자 상태로 산출되지 않아 현재 기업 가치 평가에 어려움이 있습니다."", ""52주 최고가 대비 현재 주가가 21.1% 수준으로, 상승 여력보다는 하락 가능성이 상대적으로 높아 보입니다."", ""최근 1개월 수익률이 10.48%로 단기 상승세를 보였으나, 거래량 변화율이 9.12%로 큰 폭의 거래량 증가는 동반되지 않아 상승 동력이 약할 수 있습니다.""]",-10.242524523637124,0.0,-4.943477376378396,2.63713911499908
006400,삼성SDI,2024-10-02,363710,Neutral,55,"[""최근 1개월 수익률이 9.43%로 양호한 흐름을 보이고 있으나, 거래량 변화율이 -0.61%로 소폭 감소하며 상승 동력이 약화될 가능성을 시사합니다."", ""현재가가 52주 최저가 대비 높은 수준에 위치하고 있으나, 52주 최고가 대비로는 상당한 하락폭을 기록하며 횡보 가능성을 내포하고 있습니다."", ""PER이 '해당없음(적자)'으로 재무 건전성에 대한 직접적인 판단이 어렵고, PBR 1.21은 자산 가치 대비 프리미엄이 크지 않음을 나타내어 추가적인 상승 여력을 제한할 수 있습니다.""]",-0.6916817359855334,-6.639070976491862,-2.776741917873759,-7.388571892937677
006400,삼성SDI,2024-11-01,324549,Sell,75,"[""최근 1개월 수익률이 -12.42%로 하락세를 보이고 있으며, 이는 단기적인 하락 압력을 시사합니다."", ""거래량 변화율이 -25.96%로 감소한 것은 투자자들의 관심 감소 또는 매도 심리 확산을 나타낼 수 있습니다."", ""현재가가 52주 최고가 대비 상당 부분 하락한 위치에 있으며, 이는 추가적인 하락 가능성을 배제할 수 없음을 의미합니다.""]",-18.66667877236149,-23.25927674526289,-16.453057139047857,-18.064546794742036
006400,삼성SDI,2024-12-02,253569,Sell,75,"[""최근 1개월 수익률이 -21.87%로 큰 폭의 하락세를 보이고 있어 단기적인 하락 추세가 지속될 가능성이 있습니다."", ""PER이 '해당없음(적자)'으로 재무 상태가 불안정하며, 이는 주가 하락 압력으로 작용할 수 있습니다."", ""52주 최고가 대비 현재 위치가 5.2%로, 52주 내에서 상대적으로 높은 위치에 있지만 최근 급락세를 감안할 때 추가 하락 가능성이 있습니다.""]",-3.256798694462816,-5.363816739522634,0.033469694801604444,-3.03670982379927
006400,삼성SDI,2025-01-02,234478,Sell,75,"[""현재가가 52주 최저가와 동일한 수준으로, 기술적으로 반등 가능성이 낮고 하락 추세가 지속될 가능성이 있습니다."", ""최근 1개월 수익률이 -5.89%로 하락세를 보이고 있으며, 거래량 변화율 또한 -41.17%로 감소하여 투자 심리가 위축된 것으로 판단됩니다."", ""PER이 '해당없음(적자)'으로 재무 건전성에 대한 우려가 있으며, 이는 주가 하락 압력으로 작용할 수 있습니다.""]",-5.263397306271995,-14.169985237014155,-8.288066419101249,-18.05340484125999
006400,삼성SDI,2025-02-03,203638,Sell,65,"[""현재가가 52주 최저가와 동일한 수준으로, 기술적으로 반등 가능성이 있으나 최근 1개월 수익률이 -15.79%로 큰 폭 하락한 점은 하방 압력을 시사합니다."", ""PER이 '해당없음(적자)'으로 표시되어 있어 현재 기업의 수익성 측면에서 부정적인 신호를 보내고 있습니다."", ""PBR이 0.68로 순자산가치 대비 저평가된 측면은 있으나, 적자 상태와 최근 주가 하락세를 고려할 때 단기적인 반등 모멘텀이 약하다고 판단됩니다.""]",2.4330114170116954,3.8928182672187126,0.12168324951292941,0.8126591820791482
006400,삼성SDI,2025-03-04,208534,Sell,65,"[""현재가가 52주 최저가에 근접해 있으며, 최근 1개월 수익률이 마이너스를 기록하며 하락 추세를 보이고 있습니다."", ""PER이 '해당없음(적자)'으로 표시되어 있어 현재 기업의 수익성이 좋지 않음을 시사합니다."", ""거래량 변화율이 27.46%로 증가했으나, 이는 하락장에서 매도 물량이 증가했을 가능성을 배제할 수 없습니다.""]",-0.23394554666232903,-12.646455174789379,-0.8863752511730479,-10.60316574071058
006400,삼성SDI,2025-04-01,189540,Sell,75,"[""최근 1개월 수익률이 -13.57%로 하락세를 보이고 있으며, 52주 최고가 대비 현재 위치가 매우 낮아 추가 하락 가능성이 있습니다."", ""ROE가 2.7%로 낮아 기업의 수익성이 부진한 점은 주가 상승 모멘텀을 약화시키는 요인입니다."", ""거래량 변화율이 45.38%로 높게 나타나고 있으나, 이는 최근 주가 하락에 따른 투매 또는 단기적인 변동성 확대일 가능성이 있어 상승을 확신하기 어렵습니다.""]",-7.935308260629063,-3.6086511235616605,0.5312461358655645,-5.633903930981069
006400,삼성SDI,2025-05-02,173600,Sell,65,"[""현재가(173,600원)가 52주 최저가(168,100원)에 근접하며 기술적 반등 가능성이 있으나, 52주 최고가(434,201원) 대비 현저히 낮은 수준으로 하락 추세가 지속될 가능성을 시사합니다."", ""최근 1개월 수익률이 -4.92%로 마이너스를 기록하고 있으며, 거래량 변화율 또한 -49.22%로 크게 감소하여 투자 심리가 위축되었음을 나타냅니다."", ""ROE가 2.7%로 낮아 기업의 수익성이 부진하며, PER 21.2 대비 낮은 ROE는 현재 주가가 기업의 이익 창출 능력에 비해 고평가되었을 가능성을 내포합니다.""]",0.4645760743321719,1.2195121951219512,-2.129642590676763,-8.037228810395183
006400,삼성SDI,2025-06-02,172800,Sell,65,"[""최근 1개월 수익률이 -5.88%로 하락세를 보이고 있으며, 52주 최고가 대비 현재 위치가 매우 낮아 추가 하락 가능성이 있습니다."", ""ROE가 2.6%로 매우 낮은 수준으로, 기업의 수익 창출 능력이 저조함을 시사합니다."", ""PER 21.1은 시장 평균 대비 높은 수준은 아니지만, 낮은 ROE와 결합될 경우 주가 상승 여력이 제한적일 수 있습니다.""]",1.3921113689095126,7.482598607888631,-3.9921764282927814,-4.984018013785656
006400,삼성SDI,2025-07-01,178200,Sell,65,"[""현재가(178,200원)가 52주 최고가(384,270원) 대비 현저히 낮은 수준이며, 52주 내 현재 위치가 8.0%로 최저가에 근접해 있어 추가 하락 가능성을 시사합니다."", ""ROE가 2.7%로 매우 낮은 수준으로, 기업의 수익 창출 능력이 저조함을 나타내어 주가 상승 동력이 약합니다."", ""최근 1개월 수익률이 2.18%로 소폭 상승했으나, 거래량 변화율이 20.71%로 높다는 점은 변동성 확대 가능성을 내포하며, 이는 하락 압력으로 작용할 수 있습니다.""]",-4.972067039106146,15.083798882681565,-6.880322487780313,9.249441179092045
006400,삼성SDI,2025-08-01,190000,Sell,65,"[""현재가(190,000원)가 52주 최저가(160,200원) 대비 높은 수준이지만, 52주 최고가(379,375원) 대비로는 절반 이하 수준으로 하락 여력이 존재합니다."", ""PER 23.2, PBR 0.62, ROE 2.7%의 재무 지표는 시장 평균 대비 매력적인 수준이라고 단정하기 어렵습니다."", ""최근 1개월 수익률 2.54%와 거래량 변화율 8.65%는 긍정적인 신호로 해석될 수 있으나, 전반적인 주가 하락 추세를 반전시키기에는 근거가 제한적입니다.""]",16.159008776458442,4.543107898812597,14.284018704184597,3.7615972960010677
006400,삼성SDI,2025-09-01,203000,Sell,65,"[""현재가(203,000원)가 52주 최저가(160,200원) 대비 상승했으나, 52주 최고가(379,375원) 대비로는 여전히 큰 폭으로 하락한 상태이며, 52주 내 현재 위치가 19.5%로 낮은 편입니다."", ""최근 1개월 수익률이 0.99%로 미미한 수준이며, 거래량 변화율이 -19.23%로 감소하는 추세를 보이고 있어 단기적인 매수세 약화를 시사합니다."", ""ROE가 2.5%로 낮아 기업의 수익 창출 능력이 상대적으로 부진하며, 이는 향후 주가 상승 동력 약화로 이어질 수 있습니다.""]",-0.49382716049382713,1.2345679012345678,-3.258339272965663,-6.7169506890849116
006400,삼성SDI,2025-10-01,204000,Sell,65,"[""현재가(204,000원)는 52주 최저가(160,200원) 대비 상승했으나, 52주 최고가(379,375원) 대비로는 여전히 낮은 수준으로, 추가 상승 여력에 대한 불확실성이 존재합니다."", ""최근 1개월 수익률이 0.74%로 미미하며, 거래량 변화율이 -9.46%로 감소하는 추세는 투자 심리가 위축되었음을 시사합니다."", ""ROE가 2.5%로 낮아 기업의 수익 창출 능력이 부진하며, 이는 향후 주가 상승에 대한 긍정적인 모멘텀을 약화시킵니다.""]",14.285714285714285,55.932203389830505,8.674324708878881,42.48583081677904
006400,삼성SDI,2025-11-03,327000,Sell,75,"[""최근 1개월 수익률이 61.48%로 매우 높으며, 52주 최고가 대비 현재 위치가 92.2%로 상승 여력이 제한적입니다."", ""거래량 변화율이 184.83%로 급증한 것은 단기적인 과열 신호일 수 있습니다."", ""PER 39.9, ROE 2.5%는 현재 주가 수준이 재무적 가치 대비 고평가되었을 가능성을 시사합니다.""]",-4.592592592592593,-9.62962962962963,-4.220177059346938,-6.553016354653529
006400,삼성SDI,2025-12-01,299000,Sell,75,"[""최근 1개월 수익률이 -7.14%로 하락세를 보이고 있으며, 거래량 변화율 또한 -49.40%로 감소하여 투자 심리가 위축된 것으로 판단됩니다."", ""현재가(299,000원)가 52주 최고가(337,500원) 대비 약 11.7% 하락한 수준이지만, 52주 내 현재 위치가 78.3%로 여전히 높은 편에 속하여 추가 하락 가능성을 배제할 수 없습니다."", ""PER 36.5, ROE 2.5%는 현재 시장 상황에서 다소 높은 밸류에이션과 낮은 수익성을 시사하며, 이는 향후 주가 상승 동력 약화로 이어질 수 있습니다.""]",1.639344262295082,-13.934426229508196,-2.080871110690185,-21.8119109413805
005380,현대차,2023-01-02,157000,Sell,75,"[""최근 1개월 수익률이 -8.45%로 하락세를 보이고 있으며, 이는 단기적인 매도 압력을 시사합니다."", ""거래량 변화율이 -13.60%로 감소한 것은 투자자들의 관심 감소 또는 매도 심리 강화를 나타낼 수 있습니다."", ""현재가가 52주 최고가 대비 약 26.7% 하락한 위치에 있으며, 이는 추가적인 하락 가능성을 내포합니다.""]",2.515723270440252,6.855345911949685,-3.4621554682692564,-4.421629586995648
005380,현대차,2023-02-01,170000,Buy,75,"[""PER 7.1, PBR 0.56은 현재가 대비 저평가 가능성을 시사하며, 이는 향후 주가 상승의 잠재적 근거가 될 수 있습니다."", ""최근 1개월 수익률 12.58%와 거래량 변화율 12.89%는 시장의 긍정적인 관심과 매수세 유입을 나타내며, 이는 단기적인 주가 상승 모멘텀으로 작용할 수 있습니다."", ""현재가가 52주 최저가 대비 37.2% 상승한 위치에 있지만, 52주 최고가와의 격차가 여전히 존재하여 추가적인 상승 여력이 남아있다고 판단됩니다.""]",1.5891701000588583,3.6492054149499706,1.0771970596518772,5.140164878350377
005380,현대차,2023-03-02,178500,Buy,65,"[""현재가(178,500원)는 52주 최저가(151,000원) 대비 상승했으나 52주 최고가(202,000원) 대비로는 아직 상승 여력이 남아있습니다."", ""최근 1개월 수익률이 6.89%로 양호한 상승세를 보이고 있습니다."", ""PER(7.4) 및 PBR(0.59) 지표가 낮아 상대적으로 저평가된 구간으로 판단됩니다.""]",-0.6246450880181714,4.770017035775128,0.9164289764618813,2.928375964588856
005380,현대차,2023-04-03,183600,Buy,75,"[""PER 6.4배, PBR 0.62배로 동종 업계 대비 저평가 매력이 존재합니다."", ""최근 1개월 수익률 4.26%로 단기 상승 추세를 보이고 있습니다."", ""현재가가 52주 최고가 대비 약 9% 하락한 수준으로 추가 상승 여력이 있습니다.""]",4.515778019586507,9.357997823721437,1.800610574182138,8.515832301308713
005380,현대차,2023-05-02,201500,Sell,75,"[""현재가가 52주 최고가에 근접하여 추가 상승 여력이 제한적일 수 있습니다."", ""최근 1개월 수익률이 9.21%로 단기 상승 후 차익 실현 매물이 출회될 가능성이 있습니다."", ""거래량 변화율이 63.11%로 높게 나타나 단기 급등 후 변동성이 커질 수 있습니다.""]",3.482587064676617,-0.7462686567164178,3.8983542350612055,-4.7424308059128695
005380,현대차,2023-06-01,197500,Neutral,55,"[""PER 5.6, PBR 0.64, ROE 11.4%는 현재가 기준으로 저평가 및 양호한 수익성을 시사하나, 최근 1개월 수익률 0%와 거래량 변화율 -23.36%는 상승 모멘텀 부재를 나타냅니다."", ""52주 최고가 대비 현재 위치 78.8%는 상승 여력이 남아있음을 시사하지만, 최근 1개월간의 횡보세는 추가 상승에 대한 불확실성을 높입니다."", ""기술적 지표상 뚜렷한 상승 또는 하락 추세가 나타나지 않아 향후 20거래일 내 방향성을 확신하기 어렵습니다.""]",-1.6541353383458646,4.511278195488721,-2.730110981855405,4.46860820748246
005380,현대차,2023-07-03,208500,Sell,75,"[""현재가가 52주 최고가에 근접한 97.5% 위치에 있어 추가 상승 여력이 제한적입니다."", ""최근 1개월 수익률은 긍정적이나, 거래량 변화율이 -15.85%로 감소 추세를 보여 매수세 약화를 시사합니다."", ""PER 6.0, PBR 0.68은 저평가 구간으로 볼 수도 있으나, 기술적 지표상 단기 과열 및 차익 실현 가능성이 높아 보입니다.""]",-0.4807692307692308,-4.134615384615384,0.7076733387654628,-6.978856913780822
005380,현대차,2023-08-01,199400,Sell,65,"[""최근 1개월 수익률이 -4.36%로 하락세를 보이고 있으며, 52주 최고가 대비 현재 위치가 82.0%로 상승 여력이 제한적일 수 있습니다."", ""PER 5.7, PBR 0.65는 저평가 매력을 시사하지만, 최근 시장 흐름과 기술적 지표가 하락 가능성을 더 강하게 나타내고 있습니다."", ""거래량 변화율이 18.49%로 증가했으나, 이는 하락 추세 속에서 매도 압력이 증가했음을 시사할 수 있습니다.""]",-1.6103896103896103,-1.7662337662337664,-1.176599045238857,0.5345761035526184
005380,현대차,2023-09-01,187400,Sell,75,"[""최근 1개월 수익률이 -2.65%로 하락세를 보이고 있으며, 거래량 변화율 또한 -36.97%로 감소하여 투자 심리가 위축된 것으로 판단됩니다."", ""현재 주가가 52주 최고가 대비 약 10.8% 하락한 위치에 있으며, 이는 단기적인 하락 압력이 존재함을 시사합니다."", ""PER 5.1, PBR 0.59, ROE 11.5% 등 재무 지표는 양호하나, 최근 기술적 지표의 하락 추세가 향후 20거래일 내 주가 하락 가능성을 높입니다.""]",-0.9610250934329952,2.616123865456487,0.10956746620021252,9.418855482178941
005380,현대차,2023-10-04,190800,Buy,75,"[""PER 5.2, PBR 0.60으로 현재가 대비 저평가 구간으로 판단됩니다."", ""ROE 11.5%로 양호한 수익성을 유지하고 있습니다."", ""최근 1개월 수익률 1.60%로 소폭 상승세를 보이고 있으며, 52주 최고가 대비 현재 위치가 67.5%로 추가 상승 여력이 존재합니다.""]",-1.7847769028871392,-8.976377952755906,-3.9710807804042045,-7.509411735415259
005380,현대차,2023-11-01,170300,Sell,75,"[""최근 1개월 수익률이 -10.70%로 하락세를 보이고 있으며, 이는 단기적인 매도 압력을 시사합니다."", ""현재 주가가 52주 최고가 대비 32.7% 낮은 수준에 위치해 있어 추가 하락 가능성을 배제할 수 없습니다."", ""거래량 변화율이 34.16%로 증가한 것은 매도세가 유입되고 있을 가능성을 나타냅니다.""]",1.5697674418604652,7.151162790697674,-2.0134890708234794,-1.0502950945152083
005380,현대차,2023-12-01,182800,Buy,65,"[""PER 4.2, PBR 0.55로 현재가 수준에서 밸류에이션 매력이 존재합니다."", ""최근 1개월 수익률 6.28%로 단기적인 상승 모멘텀이 관찰됩니다."", ""거래량 변화율이 음수이나, 52주 내 현재 위치가 중간 이상에 있어 추가 상승 여력이 있습니다.""]",2.092511013215859,4.6255506607929515,1.678586283101928,1.759887327525882
005380,현대차,2024-01-02,200500,Buy,75,"[""PER 4.6, PBR 0.60으로 현재가 대비 저평가 구간에 있으며, ROE 13.1%로 양호한 수익성을 보여주고 있습니다."", ""최근 1개월 수익률 8.50%로 상승세를 보이고 있으며, 거래량 변화율 25.44%는 시장의 관심 증가를 시사합니다."", ""현재가가 52주 최고가 대비 약 4.8% 하락한 수준으로, 추가 상승 여력이 존재한다고 판단됩니다.""]",-3.663570691434469,0.41279669762641896,-1.1579231082932266,4.6401421226046455
005380,현대차,2024-02-01,208000,Buy,75,"[""현재가(208,000원)가 52주 최고가(210,000원)에 근접하며 강한 상승 모멘텀을 시사합니다."", ""최근 1개월 수익률(7.33%)과 거래량 변화율(29.05%)이 긍정적인 추세를 나타내고 있습니다."", ""PER(4.8) 및 PBR(0.63) 지표가 낮아 상대적으로 저평가된 상태로 판단됩니다.""]",9.691629955947137,10.572687224669604,8.378974859610569,9.57165866591367
005380,현대차,2024-03-04,255500,Sell,75,"[""현재가가 52주 최고가와 동일하며, 최근 1개월 수익률이 34.47%로 단기 급등 후 차익 실현 매물이 출회될 가능성이 높습니다."", ""거래량 변화율이 391.99%로 매우 높게 나타나, 이는 단기적인 과열 신호로 해석될 수 있습니다."", ""PER 5.8, PBR 0.77, ROE 13.2% 등 재무 지표는 양호하나, 기술적 지표상 단기 고점 도달로 인한 하락 가능성이 더 높아 보입니다.""]",-3.0120481927710845,-11.646586345381527,-4.235344033338754,-15.562944766156033
005380,현대차,2024-04-01,227500,Sell,65,"[""최근 1개월 수익률이 -9.18%로 하락세를 보이고 있으며, 거래량 변화율 또한 -55.28%로 감소하여 투자 심리가 위축된 것으로 판단됩니다."", ""현재가가 52주 최고가 대비 약 10.6% 하락한 수준에 위치해 있어 추가 하락 가능성을 배제할 수 없습니다."", ""PER 4.8, PBR 0.67, ROE 14.0% 등 재무 지표는 양호하나, 최근 시장의 부정적인 흐름과 기술적 지표의 하락 추세가 단기적인 주가 상승 동력을 약화시킬 수 있습니다.""]",3.6363636363636362,13.18181818181818,5.379814797937973,15.706553395173007
005380,현대차,2024-05-02,249000,Buy,75,"[""현재가 249,000원은 52주 최고가 255,500원에 근접하여 상승 모멘텀이 유지되고 있음을 시사합니다."", ""최근 1개월 수익률 9.45%는 단기적으로 긍정적인 주가 흐름을 보여주고 있습니다."", ""PER 5.2, PBR 0.74, ROE 14.2%는 재무적으로 저평가된 상태에서 우수한 수익성을 나타내어 향후 주가 상승 여력을 시사합니다.""]",1.6597510373443984,7.468879668049793,-0.22993860971178504,8.011726456735573
005380,현대차,2024-06-03,265000,Buy,75,"[""현재가(265,000원)가 52주 최고가(277,000원)에 근접해 있으나, 52주 내 현재 위치(88.8%)는 여전히 상승 여력이 있음을 시사합니다."", ""최근 1개월 수익률(5.58%)이 양호한 흐름을 보이고 있으며, 이는 단기적인 매수세가 유입되고 있음을 나타냅니다."", ""PER(5.6) 및 PBR(0.76) 지표가 낮아 상대적으로 저평가된 구간에 있으며, ROE(13.6%)는 양호한 수익성을 보여주고 있어 향후 주가 상승의 기반이 될 수 있습니다.""]",4.247104247104247,6.563706563706563,1.7652290358048899,1.6085959367579017
005380,현대차,2024-07-01,286000,Buy,75,"[""현재가 286,000원은 52주 최고가 298,000원에 근접하며 상승 모멘텀을 시사합니다."", ""최근 1개월 수익률 11.28%와 거래량 변화율 10.88%는 긍정적인 시장 관심과 수급 개선을 나타냅니다."", ""PER 6.0, PBR 0.82, ROE 13.6%는 상대적으로 저평가된 가치와 양호한 수익성을 보여 향후 주가 상승 여력을 뒷받침합니다.""]",0.7339449541284404,-8.256880733944955,-2.37732278319023,-6.722463323503579
005380,현대차,2024-08-01,253500,Sell,75,"[""최근 1개월 수익률이 -8.15%로 하락세를 보이고 있으며, 거래량 변화율 또한 -17.88%로 감소하여 투자 심리가 위축된 것으로 판단됩니다."", ""현재가가 52주 최고가 대비 약 15% 하락한 위치에 있으며, 이는 단기적인 하락 압력이 존재함을 시사합니다."", ""PER 5.4, PBR 0.73은 저평가 구간으로 볼 수도 있으나, 최근 시장의 부정적인 흐름과 기술적 지표의 하락세를 고려할 때 단기적인 추가 하락 가능성이 더 높다고 판단됩니다.""]",-0.4098360655737705,0.819672131147541,2.869452774157348,0.6399390030811501
005380,현대차,2024-09-02,246000,Sell,65,"[""최근 1개월 수익률이 -2.96%로 하락세를 보이고 있으며, 거래량 변화율 또한 -5.72%로 감소하는 추세입니다."", ""현재가는 52주 최고가 대비 약 16.5% 하락한 수준으로, 단기적인 추가 하락 가능성을 시사합니다."", ""PER 4.9, PBR 0.68은 저평가 구간으로 볼 수 있으나, 최근 시장의 부정적인 흐름과 기술적 지표의 약세가 재무적 매력을 상쇄할 수 있습니다.""]",-2.736842105263158,3.578947368421052,2.5622050419955706,6.216086483420132
005380,현대차,2024-10-02,237000,Sell,65,"[""최근 1개월 수익률이 -8.49%로 하락세를 보이고 있으며, 이는 단기적인 매도 압력을 시사합니다."", ""거래량 변화율이 -1.11%로 감소하는 추세는 투자자들의 관심 감소 또는 매도 심리를 반영할 수 있습니다."", ""현재가가 52주 최고가 대비 절반 이상 떨어진 위치에 있으며, 이는 추가적인 하락 가능성을 배제할 수 없음을 나타냅니다.""]",3.7578288100208765,-9.603340292275574,1.6727686281326508,-10.352841208721388
005380,현대차,2024-11-01,213500,Sell,65,"[""최근 1개월 수익률이 -12.50%로 하락세를 보이고 있으며, 이는 단기적인 매도 압력을 시사합니다."", ""거래량 변화율이 -9.50%로 감소한 것은 투자자들의 관심 감소 또는 매도 심리 확산을 나타낼 수 있습니다."", ""현재 주가가 52주 최고가 대비 34.1% 낮은 위치에 있지만, 최근 하락 추세와 거래량 감소는 추가 하락 가능성을 높입니다.""]",-2.5404157043879905,-0.23094688221709006,-0.326794071074358,4.963783068303766
005380,현대차,2024-12-02,216000,Buy,65,"[""PER 4.4, PBR 0.58로 현재가 기준 저평가 구간에 위치하고 있습니다."", ""ROE 13.2%로 양호한 수익성을 유지하고 있으며, 52주 최저가 대비 현재 위치가 30.4%로 상승 여력이 존재합니다."", ""최근 1개월 수익률이 소폭 상승했고 거래량 변화율이 15.43%로 증가하는 추세를 보이고 있어 단기적인 매수세 유입 가능성이 있습니다.""]",-1.8648018648018647,-0.6993006993006993,1.4254665244625557,1.6278062164226652
005380,현대차,2025-01-02,211500,Sell,65,"[""최근 1개월 수익률이 -3.20%로 하락세를 보이고 있으며, 거래량 변화율 또한 -26.84%로 감소하여 투자 심리가 위축된 것으로 판단됩니다."", ""현재가가 52주 최고가 대비 26.6% 낮은 수준에 위치해 있으나, 52주 최저가 대비로는 상승 여력이 제한적일 수 있습니다."", ""PER 4.3, PBR 0.57은 저평가 구간으로 볼 수 있으나, 최근 시장의 부정적인 흐름과 거래량 감소 추세를 고려할 때 단기적인 주가 반등을 기대하기 어렵습니다.""]",6.103286384976526,-4.460093896713615,3.0786172721472718,-8.343513500959451
005380,현대차,2025-02-03,202000,Sell,65,"[""최근 1개월 수익률이 -7.13%로 하락세를 보이고 있으며, 이는 단기적인 매도 압력을 시사합니다."", ""52주 최고가 대비 현재 위치가 18.6%로, 상승 여력보다는 하락 가능성이 상대적으로 높아 보입니다."", ""거래량 변화율이 30.38%로 증가한 것은 매도세 유입 가능성을 높이는 요인으로 작용할 수 있습니다.""]",-0.7960199004975124,-3.134328358208955,-3.1073480679962784,-6.214487443348519
005380,현대차,2025-03-04,190300,Sell,65,"[""현재가가 52주 최저가와 동일한 수준으로, 기술적으로 반등 가능성이 있으나 최근 1개월 수익률이 -7.62%로 하락세를 보이고 있어 추가 하락 가능성을 시사합니다."", ""PER 3.9, PBR 0.52는 저평가 구간으로 볼 수 있으나, 이는 과거 명성이나 브랜드 가치를 배제한 순수 재무 지표만으로는 향후 주가 상승을 강하게 지지하기 어렵습니다."", ""거래량 변화율이 1.66%로 미미하여 현재 시장의 큰 관심이나 매수세가 유입되고 있지 않아, 단기적인 주가 상승 동력이 부족한 것으로 판단됩니다.""]",1.7976373908577297,0.8217770929635336,1.1452076863470109,2.8650665270423326
005380,현대차,2025-04-01,198600,Buy,65,"[""현재가(198,600원)가 52주 최저가(190,300원)에 근접하여 하방 경직성이 기대됩니다."", ""PER(4.2) 및 PBR(0.49) 지표가 낮아 상대적으로 저평가된 구간으로 판단됩니다."", ""최근 1개월 수익률(2.90%)이 양수이며, 거래량 변화율(-4.62%)이 음수이나 큰 폭의 하락은 아닙니다.""]",-9.322465613856343,-2.9037187977585326,-0.8559112173617152,-4.928971605177941
005380,현대차,2025-05-02,189400,Sell,65,"[""현재가가 52주 최고가 대비 상당한 하락폭을 보이고 있으며, 최근 1개월 수익률 또한 마이너스를 기록하고 있어 하락 추세가 지속될 가능성이 있습니다."", ""거래량 변화율이 마이너스를 기록하고 있어 투자자들의 관심이 줄어들고 있으며, 이는 추가적인 주가 하락 압력으로 작용할 수 있습니다."", ""PER, PBR 등 일부 재무 지표는 매력적으로 보일 수 있으나, 기술적 지표에서 나타나는 하락 신호가 향후 20거래일 내 주가 하락 가능성을 높이고 있습니다.""]",5.063965884861407,1.0660980810234542,2.4697472198524717,-8.190642924493678
005380,현대차,2025-06-02,184000,Sell,65,"[""현재가가 52주 최고가 대비 상당한 하락폭을 보이고 있으며, 최근 1개월 수익률 또한 마이너스를 기록하고 있어 하락 추세가 지속될 가능성이 있습니다."", ""거래량 변화율이 크게 감소한 것은 투자자들의 관심 감소 또는 매도 압력 증가를 시사하며, 이는 단기적인 주가 하락 요인으로 작용할 수 있습니다."", ""PER과 PBR 지표가 낮아 저평가된 것으로 보일 수 있으나, 기술적 지표에서 나타나는 하락 추세와 최근 수익률 부진이 이를 상쇄하며 단기적인 상승 모멘텀이 약하다고 판단됩니다.""]",8.333333333333332,15.32258064516129,2.949045536131038,2.8559640234870027
005380,현대차,2025-07-01,210000,Buy,75,"[""PER 4.5, PBR 0.52로 현재가 대비 저평가된 것으로 판단됩니다."", ""최근 1개월 수익률 9.95%로 단기 상승 모멘텀이 관찰됩니다."", ""거래량 변화율 43.09%는 시장의 관심 증가를 시사하며, 이는 향후 주가 상승의 잠재적 동력이 될 수 있습니다.""]",-1.873536299765808,4.449648711943794,-3.781791748439975,-1.3847089916457245
005380,현대차,2025-08-01,210000,Sell,65,"[""현재가(210,000원)는 52주 최고가(263,500원) 대비 하락한 위치에 있으며, 52주 내 현재 위치(37.8%)는 상대적으로 낮은 편입니다."", ""최근 1개월 수익률이 -2.10%로 하락세를 보이고 있어 단기적인 약세 흐름이 지속될 가능성이 있습니다."", ""거래량 변화율(11.63%)이 긍정적인 신호를 보내고 있으나, 최근 수익률 하락과 52주 최고가 대비 낮은 위치를 고려할 때 하락 압력이 더 우세할 것으로 판단됩니다.""]",0.7109004739336493,4.265402843601896,-1.1640895983401967,3.4838922407903667
005380,현대차,2025-09-01,220500,Buy,65,"[""PER 5.1, PBR 0.54로 현재가 대비 저평가 가능성이 존재합니다."", ""최근 1개월 수익률이 3.52%로 상승세를 보이고 있습니다."", ""52주 최고가 대비 현재 위치가 52.8%로 상승 여력이 남아있습니다.""]",-0.45454545454545453,-2.272727272727273,-3.2190575670172903,-10.224245863046752
005380,현대차,2025-10-01,215500,Sell,65,"[""현재가(215,500원)는 52주 최고가(259,000원) 대비 하락한 위치에 있으며, 52주 내 현재 위치가 46.6%로 중간보다 약간 낮은 수준입니다."", ""최근 1개월 수익률이 -2.05%로 하락세를 보이고 있으며, 이는 단기적인 투자 심리가 위축되었음을 시사합니다."", ""거래량 변화율이 11.60%로 증가했음에도 불구하고 최근 수익률이 하락한 것은 매도 압력이 작용하고 있을 가능성을 나타냅니다.""]",10.0,22.272727272727273,4.388610423164596,8.82635469967581
005380,현대차,2025-11-03,291500,Sell,75,"[""최근 1개월 수익률이 35.90%로 매우 높으며, 현재가가 52주 최고가에 도달하여 단기 차익 실현 매물이 출회될 가능성이 높습니다."", ""거래량 변화율이 119.08%로 급증한 것은 단기 급등에 따른 과열 신호로 해석될 수 있습니다."", ""PER 6.7, PBR 0.72, ROE 10.8%는 재무적으로는 양호하나, 현재 주가 수준에서 추가적인 상승 동력이 약할 수 있습니다.""]",-2.536231884057971,-3.6231884057971016,-2.1638163508123163,-0.5465751308210005
005380,현대차,2025-12-01,254500,Sell,65,"[""최근 1개월 수익률이 -12.24%로 하락세를 보이고 있으며, 거래량 변화율 또한 -48.06%로 감소하여 투자 심리가 위축되었음을 시사합니다."", ""현재가가 52주 최고가 대비 약 12.5% 하락한 위치에 있으며, 52주 내 현재 위치가 67.5%로 상승 추세가 둔화될 가능성을 내포하고 있습니다."", ""PER 6.2, PBR 0.61은 저평가 매력을 나타낼 수 있으나, 최근 시장의 부정적인 흐름과 기술적 지표의 약세가 단기적인 주가 하락 압력으로 작용할 가능성이 높습니다.""]",15.413533834586465,12.218045112781954,11.693318461601198,4.3405604009096495
000270,기아,2023-01-02,61500,Sell,75,"[""최근 1개월 수익률이 -10.35%로 하락세를 보이고 있으며, 이는 단기적인 매도 압력을 시사합니다."", ""거래량 변화율이 -11.90%로 감소한 것은 투자자들의 관심 감소 또는 매도 심리 강화를 나타낼 수 있습니다."", ""현재가가 52주 최고가 대비 8.0% 하락한 위치에 있으며, 이는 추가적인 하락 가능성을 배제할 수 없음을 의미합니다.""]",2.403846153846154,11.698717948717949,-3.574032584863354,0.42174244977261566
000270,기아,2023-02-01,69500,Buy,75,"[""PER 6.0, PBR 0.72로 저평가 구간에 있으며 ROE 11.9%로 양호한 수익성을 보여주고 있습니다."", ""최근 1개월 수익률 17.20%로 단기 상승 모멘텀이 확인되며, 거래량 변화율 29.43%는 매수세 유입 가능성을 시사합니다."", ""현재가는 52주 최고가 대비 약 19.2% 하락한 수준으로, 추가 상승 여력이 존재할 수 있습니다.""]",2.8694404591104736,12.195121951219512,2.3574674187034925,13.686081414619919
000270,기아,2023-03-02,77800,Buy,75,"[""기아의 PER 6.8은 시장 평균 대비 저평가 가능성을 시사하며, PBR 0.80 또한 자산 가치 대비 낮은 수준으로 매력적인 투자 기회를 제공합니다."", ""최근 1개월 수익률 16.47%는 단기적인 주가 상승 모멘텀이 존재함을 나타냅니다."", ""52주 최고가 대비 현재 위치가 68.5%로, 아직 상승 여력이 남아있다고 판단됩니다.""]",-0.2557544757033248,3.580562659846547,1.285319588776728,1.7389215886602754
000270,기아,2023-04-03,81200,Buy,75,"[""기아의 현재 PER 6.0은 시장 평균 대비 낮은 수준으로, 저평가 가능성을 시사합니다."", ""PBR 0.84는 장부가치 대비 낮은 수준으로, 추가적인 주가 상승 여력을 나타낼 수 있습니다."", ""최근 1개월 수익률 3.84%는 긍정적인 단기 모멘텀을 보여줍니다.""]",6.117353308364544,7.990012484394507,3.4021858629601756,7.147846961981783
000270,기아,2023-05-02,86900,Buy,75,"[""현재가 52주 최고가와 일치하며, 이는 단기적인 강세 모멘텀을 시사합니다."", ""최근 1개월 수익률이 7.28%로 양호하며, 거래량 변화율이 32.70%로 증가한 점은 매수세 유입 가능성을 높입니다."", ""PER 6.4, PBR 0.90, ROE 14.0% 등 재무 지표가 양호한 수준을 유지하고 있어 기업의 펀더멘털이 견조함을 나타냅니다.""]",4.161849710982659,-1.5028901734104045,4.577616881367247,-5.499052322606856
000270,기아,2023-06-01,84200,Sell,65,"[""현재가가 52주 최고가 대비 하락한 위치에 있으며, 최근 1개월 수익률이 마이너스를 기록하고 있어 단기적인 하락 압력이 존재합니다."", ""거래량 변화율이 음수(-)로 나타나 최근 매수세가 약화되었음을 시사하며, 이는 향후 주가 상승 동력 약화로 이어질 수 있습니다."", ""PER, PBR 등 밸류에이션 지표는 매력적이나, 최근 기술적 지표의 약세와 거래량 감소는 이러한 펀더멘털 강점을 상쇄할 가능성이 있습니다.""]",-4.225352112676056,3.873239436619718,-5.3013277561855965,3.830569448613457
000270,기아,2023-07-03,88500,Buy,75,"[""현재가(88,500원)가 52주 최고가(90,100원)에 근접하며 상승 추세를 시사합니다."", ""최근 1개월 수익률(5.11%)이 양수이며, 거래량 변화율(2.16%)도 긍정적인 흐름을 보입니다."", ""PER(5.5) 및 PBR(0.90) 지표가 낮아 상대적으로 저평가된 상태에서 상승 여력이 존재할 수 있습니다.""]",-0.44994375703037126,-6.299212598425196,0.7384988125043224,-9.143454127590633
000270,기아,2023-08-01,83300,Sell,65,"[""최근 1개월 수익률이 -5.88%로 하락세를 보이고 있으며, 거래량 변화율 또한 -13.38%로 감소하여 매도 압력이 존재함을 시사합니다."", ""현재가가 52주 최고가 대비 약 7.5% 하락한 수준으로, 단기적인 상승 모멘텀이 약화되었을 가능성이 있습니다."", ""PER 5.1, PBR 0.84, ROE 16.4% 등 재무 지표는 양호하나, 최근 시장의 부정적인 흐름과 기술적 지표의 하락 추세가 향후 20거래일 내 주가 하락 가능성을 높입니다.""]",-1.375,0.25,-0.9412094348492468,2.550809869786385
000270,기아,2023-09-01,79700,Sell,75,"[""현재가(79,700원)는 52주 최고가(90,100원) 대비 하락한 위치에 있으며, 52주 내 현재 위치(66.2%)는 중간보다 높은 편으로 추가 상승 여력이 제한적일 수 있습니다."", ""최근 1개월 수익률이 -0.38%로 약세를 보이고 있으며, 거래량 변화율이 -24.07%로 감소하는 것은 투자 심리 위축을 시사합니다."", ""PER(4.3)과 PBR(0.75)은 낮아 저평가 매력이 있을 수 있으나, 최근 주가 흐름과 거래량 감소는 단기적인 하락 압력을 시사합니다.""]",-3.0,6.5,-1.9294074403667922,13.302731616722454
000270,기아,2023-10-04,81900,Buy,75,"[""기아는 현재가 81,900원으로 52주 최고가 90,100원 대비 하락했으나, 52주 최저가 59,300원 대비 높은 수준이며 52주 내 현재 위치가 73.4%로 상승 추세에 대한 잠재력을 시사합니다."", ""PER 4.4, PBR 0.77은 시장 대비 저평가 가능성을 나타내며, ROE 17.6%는 높은 수익성을 보여주고 있어 향후 주가 상승의 기반이 될 수 있습니다."", ""최근 1개월 수익률 1.87%는 소폭 상승세를 유지하고 있으며, 거래량 변화율 -8.60%는 단기적인 매도 압력이 약화될 가능성을 내포합니다.""]",0.8383233532934131,-7.065868263473053,-1.3479805242236522,-5.598902046132407
000270,기아,2023-11-01,77400,Sell,65,"[""최근 1개월 수익률이 -4.33%로 하락세를 보이고 있으며, 이는 단기적인 매도 압력을 시사합니다."", ""현재가가 52주 최고가 대비 약 14.2% 하락한 수준으로, 추가적인 하락 가능성을 배제할 수 없습니다."", ""거래량 변화율이 42.99%로 높게 나타나고 있으나, 최근 수익률 하락과 함께 나타나는 것은 매도세 강화의 신호일 수 있습니다.""]",-1.2738853503184715,9.42675159235669,-4.857141863002417,1.2252937071438073
000270,기아,2023-12-01,85800,Buy,75,"[""기아는 현재가 85,800원으로 52주 최고가 90,100원에 근접해 있으며, 52주 내 현재 위치가 86.0%로 상승 추세가 강하게 나타나고 있습니다."", ""최근 1개월 수익률이 9.30%로 단기적으로 긍정적인 주가 흐름을 보이고 있습니다."", ""PER 3.7, PBR 0.77, ROE 20.8% 등 재무 지표가 양호하여 기업의 내재가치 대비 저평가 가능성을 시사합니다.""]",3.56718192627824,10.46373365041617,3.1532571961643088,7.598070317149101
000270,기아,2024-01-02,97600,Buy,75,"[""PER 4.2, PBR 0.87로 현재 주가가 기업의 내재가치 대비 저평가된 것으로 판단됩니다."", ""ROE 20.7%로 높은 수익성을 보여주고 있으며, 이는 향후 주가 상승의 잠재력을 시사합니다."", ""최근 1개월 수익률 13.49%로 단기적인 상승 모멘텀이 확인되며, 52주 최고가 대비 현재 위치가 높아 추가 상승 여력이 있습니다.""]",-3.518123667377399,9.701492537313433,-1.0124760842361566,13.92883796229166
000270,기아,2024-02-01,106300,Buy,75,"[""현재가가 52주 최고가와 동일하며, 최근 1개월 수익률이 13.33%로 강한 상승세를 보이고 있습니다."", ""PER 4.6, PBR 0.95로 저평가 구간에 있으며, ROE 20.7%로 높은 수익성을 시현하고 있습니다."", ""거래량 변화율이 33.67%로 증가하며 매수세 유입 가능성을 시사합니다.""]",-1.9246861924686192,6.2761506276150625,-3.2373412888051885,5.275122068859128
000270,기아,2024-03-04,125600,Sell,75,"[""현재가가 52주 최고가와 일치하며, 최근 1개월 수익률이 28.16%로 단기 급등 후 차익 실현 매물이 출회될 가능성이 높습니다."", ""거래량 변화율이 107.80%로 급증한 것은 단기적인 매수세 유입을 시사하지만, 최고가 부근에서의 추가 상승 동력은 제한적일 수 있습니다."", ""PER 5.4, PBR 1.12, ROE 20.7% 등 재무 지표는 양호하나, 단기 급등에 따른 과열 가능성을 배제할 수 없어 향후 20거래일 내 조정 가능성을 고려해야 합니다.""]",2.5203252032520327,-14.878048780487804,1.2970293626843625,-18.79440720126231
000270,기아,2024-04-01,108700,Sell,75,"[""최근 1개월 수익률이 -12.69%로 하락세를 보이고 있으며, 거래량 변화율 또한 -41.08%로 감소하여 투자 심리가 위축된 것으로 판단됩니다."", ""현재가가 52주 최고가 대비 약 15.7% 하락한 수준이지만, 최근 하락 추세가 지속되고 있어 추가 하락 가능성이 있습니다."", ""PER 4.9, PBR 0.94, ROE 19.2% 등 재무 지표는 양호하나, 최근 기술적 지표의 하락 추세가 단기적인 주가 하락을 시사합니다.""]",3.151862464183381,14.231136580706782,4.8953136257577174,16.75587179406161
000270,기아,2024-05-02,119600,Buy,75,"[""기아의 PER 5.4는 동종 업계 평균 대비 낮은 수준으로 밸류에이션 매력이 존재합니다."", ""ROE 19.1%는 높은 수익성을 시사하며, 이는 주가 상승의 긍정적인 요인으로 작용할 수 있습니다."", ""최근 1개월 수익률 10.03%는 단기적인 주가 상승 모멘텀을 보여주고 있습니다.""]",0.35118525021949076,4.477611940298507,-1.5385043968366927,5.020458728984288
000270,기아,2024-06-03,120700,Buy,75,"[""기아의 PER 5.0은 동종 업계 평균 대비 낮은 수준으로 밸류에이션 매력이 존재합니다."", ""ROE 20.4%는 높은 수익성을 시사하며, 이는 주가 상승의 잠재적 동력으로 작용할 수 있습니다."", ""현재가가 52주 최고가 대비 약 84.9% 수준에 위치하며, 이는 추가적인 상승 여력이 있음을 시사합니다.""]",2.941176470588235,3.949579831932773,0.4593012592888783,-1.0055307950158885
000270,기아,2024-07-01,128600,Buy,75,"[""기아는 현재가 128,600원으로 52주 최고가 132,300원에 근접하며, 52주 내 현재 위치가 93.3%로 높은 수준을 유지하고 있어 상승 모멘텀이 지속될 가능성이 있습니다."", ""최근 1개월 수익률이 9.26%로 양호한 흐름을 보이고 있으며, 이는 단기적인 매수세가 유입되고 있음을 시사합니다."", ""PER 5.4, PBR 1.09, ROE 20.3%의 재무 지표는 현재 주가가 기업의 내재가치 대비 저평가되어 있거나 효율적인 경영을 하고 있음을 나타내어 향후 주가 상승의 기반이 될 수 있습니다.""]",-0.889967637540453,-9.70873786407767,-4.001235374859124,-8.174320453636293
000270,기아,2024-08-01,112100,Sell,75,"[""최근 1개월 수익률이 -9.38%로 하락세를 보이고 있으며, 거래량 변화율 또한 -22.05%로 감소하여 투자 심리가 위축되었음을 시사합니다."", ""현재가가 52주 최고가 대비 약 15% 하락한 위치에 있으며, 이는 단기적인 하락 압력이 존재할 가능성을 나타냅니다."", ""PER 4.7, PBR 0.95는 절대적인 고평가 구간은 아니지만, 최근의 부정적인 수급 및 가격 흐름을 고려할 때 추가적인 하락 가능성에 무게를 둡니다.""]",-4.855275443510738,-0.9337068160597572,-1.57598660377962,-1.113439944126148
000270,기아,2024-09-02,106100,Sell,65,"[""최근 1개월 수익률이 -5.35%로 하락세를 보이고 있으며, 52주 최고가 대비 현재 위치가 절반 수준에 머물러 있어 추가 하락 가능성이 있습니다."", ""PER 4.3, PBR 0.84, ROE 19.3% 등 재무 지표는 양호하나, 최근 시장의 부정적인 흐름과 기술적 지표의 약세가 이를 상쇄할 수 있습니다."", ""거래량 변화율이 10.16%로 소폭 증가했으나, 이는 하락 추세를 반전시키기에는 미미한 수준으로 판단됩니다.""]",-1.9569471624266144,-2.5440313111545985,3.3420999848321142,0.09310780384448147
000270,기아,2024-10-02,98700,Sell,75,"[""최근 1개월 수익률이 -5.64%로 하락세를 보이고 있으며, 52주 최고가 대비 현재 위치가 39.4%로 하락 가능성이 열려있습니다."", ""거래량 변화율이 26.37%로 증가했으나, 이는 하락 추세 속에서 매도 물량이 증가했을 가능성을 시사합니다."", ""PER 4.0, PBR 0.78은 저평가 구간으로 볼 수도 있으나, 최근 시장의 부정적인 흐름과 기술적 지표의 하락 신호를 고려할 때 단기적인 반등보다는 하락 가능성에 무게를 둡니다.""]",2.6530612244897958,-0.6122448979591837,0.56800104260157,-1.361745814404999
000270,기아,2024-11-01,94300,Sell,65,"[""최근 1개월 수익률이 -5.61%로 하락세를 보이고 있으며, 52주 최고가 대비 현재 위치가 31.4%로 상승 여력이 제한적일 수 있습니다."", ""PER 3.9, PBR 0.75는 저평가 구간으로 볼 수 있으나, 최근 시장 흐름과 기술적 지표가 하락 가능성을 시사합니다."", ""거래량 변화율이 4.95%로 소폭 증가했으나, 이는 하락 추세를 반전시키기에는 부족한 수준으로 판단됩니다.""]",-2.8747433264887063,-3.285420944558522,-0.6611216931750739,1.9093090059623337
000270,기아,2024-12-02,94200,Sell,75,"[""현재가(94,200원)는 52주 최고가(132,300원) 대비 상당한 하락폭을 보이고 있으며, 52주 내 현재 위치(22.6%)는 낮은 편에 속하여 추가 하락 가능성을 시사합니다."", ""최근 1개월 수익률이 -0.11%로 약보합세를 보이고 있으며, 거래량 변화율이 -24.56%로 감소하는 추세는 투자 심리 위축을 나타낼 수 있습니다."", ""PER 3.8, PBR 0.72, ROE 18.8% 등 재무 지표는 양호하나, 기술적 지표에서 나타나는 하락 추세와 거래량 감소는 단기적인 주가 하락 압력으로 작용할 가능성이 높습니다.""]",-2.2448979591836733,2.7551020408163267,1.0453704300807471,5.0822089565396915
000270,기아,2025-01-02,101600,Buy,75,"[""기아의 PER 4.1, PBR 0.78은 현재 시장에서 저평가되어 있음을 시사합니다."", ""ROE 18.8%는 높은 수익성을 보여주며, 이는 주가 상승의 잠재력을 나타냅니다."", ""최근 1개월 수익률 9.36%와 거래량 변화율 7.01%는 긍정적인 모멘텀을 보여주고 있습니다.""]",4.865938430983118,-1.8867924528301887,1.8412693181538642,-5.770212057076025
000270,기아,2025-02-03,96100,Sell,75,"[""최근 1개월 수익률이 -6.61%로 하락세를 보이고 있으며, 거래량 변화율 또한 -3.48%로 감소하는 추세는 매도 압력을 시사합니다."", ""현재 주가는 52주 최고가 대비 약 27.3% 하락한 수준으로, 단기적인 반등보다는 추가 하락 가능성을 염두에 두어야 합니다."", ""PER 3.9, PBR 0.74는 저평가 구간으로 볼 수 있으나, 최근 시장 심리 및 기술적 지표의 하락 추세가 이를 상쇄할 만큼 강한 상승 모멘텀을 제시하지 못하고 있습니다.""]",-2.998965873836608,-0.8273009307135472,-5.310294041335374,-3.9074600158531116
000270,기아,2025-03-04,93300,Sell,65,"[""최근 1개월 수익률이 -8.53%로 하락세를 보이고 있어 단기적인 하락 압력이 존재합니다."", ""현재가가 52주 최고가 대비 약 29.7% 하락한 수준에 위치하며, 이는 추가적인 하락 가능성을 시사합니다."", ""PER 3.8, PBR 0.72, ROE 18.9% 등 재무 지표는 양호하나, 최근 시장의 부정적인 흐름과 기술적 지표를 고려할 때 단기적인 하락 가능성이 더 높다고 판단됩니다.""]",3.3368091762252345,-3.962460896767466,2.6843794717145157,-1.9191714626886673
000270,기아,2025-04-01,93200,Buy,65,"[""기아의 PER 3.7은 동종 업계 평균 대비 낮은 수준으로, 현재 주가가 저평가되었을 가능성을 시사합니다."", ""PBR 0.66은 장부가치 대비 낮은 수준으로, 자산 가치 대비 매력적인 투자 기회를 제공할 수 있습니다."", ""최근 1개월 수익률이 0.00%로 정체되어 있으나, 거래량 변화율이 25.67%로 증가한 점은 향후 주가 상승에 대한 잠재력을 보여줍니다.""]",-9.011943539630836,-1.8458197611292075,-0.5453891431362088,-3.871072568548616
000270,기아,2025-05-02,89400,Sell,65,"[""현재가(89,400원)는 52주 최고가(132,300원) 대비 상당한 하락폭을 보이며, 52주 내 현재 위치(14.7%)가 낮아 추가 하락 가능성을 시사합니다."", ""최근 1개월 수익률(-2.93%)이 마이너스를 기록하고 있으며, 거래량 변화율(-32.81%) 또한 감소 추세를 보여 투자 심리가 위축되었음을 나타냅니다."", ""PER(3.6)과 PBR(0.64)은 낮아 저평가 매력이 있을 수 있으나, 기술적 지표와 최근 시장 흐름이 하락 압력을 시사하고 있어 단기적인 하락 가능성에 무게를 둡니다.""]",4.880817253121453,5.675368898978434,2.286598588112518,-3.5813721065386996
000270,기아,2025-06-02,88400,Sell,65,"[""현재가(88,400원)가 52주 최고가(132,300원) 대비 상당한 하락폭을 보이고 있으며, 52주 내 현재 위치가 12.7%로 낮은 편입니다."", ""최근 1개월 수익률이 -2.43%로 하락세를 보이고 있으며, 거래량 변화율 또한 -3.64%로 감소하는 추세입니다."", ""PER 3.7, PBR 0.63은 저평가 구간으로 볼 수 있으나, 기술적 지표상 하락 압력이 우세하며 ROE 17.0%는 긍정적이나 이를 상쇄할 만큼의 상승 동력이 약합니다.""]",9.821428571428571,11.71875,4.437140774226277,-0.7478666216742873
000270,기아,2025-07-01,98700,Buy,75,"[""현재 PER 4.1, PBR 0.70으로 저평가 구간에 있으며 ROE 16.9%로 양호한 수익성을 보여주고 있습니다."", ""최근 1개월 수익률 5.90%로 상승세를 보이고 있으며, 거래량 변화율 21.02%는 매수세 유입 가능성을 시사합니다."", ""52주 최고가 대비 현재 위치가 33.2%로 상승 여력이 존재하며, 52주 최저가 대비로는 상당한 상승을 기록했습니다.""]",-0.4,10.4,-2.308255448674167,4.5656422964104815
000270,기아,2025-08-01,100800,Buy,65,"[""PER 4.2, PBR 0.72로 현재 주가가 기업의 내재가치 대비 저평가된 것으로 판단됩니다."", ""ROE 17.0%로 높은 수익성을 보여주고 있으며, 이는 주가 상승의 잠재력을 시사합니다."", ""최근 1개월 수익률이 소폭 상승했고 거래량 변화율이 14.88%로 증가한 점은 긍정적인 수급 신호로 해석될 수 있습니다.""]",-1.1673151750972763,4.280155642023346,-3.0423052473711225,3.498645039211817
000270,기아,2025-09-01,106500,Buy,75,"[""기아의 현재 PER 4.8배는 시장 평균 대비 저평가 가능성을 시사하며, 이는 향후 주가 상승 여력을 나타낼 수 있습니다."", ""ROE 15.3%는 기업의 수익성이 양호함을 보여주며, 이는 주가 상승의 긍정적인 요인으로 작용할 수 있습니다."", ""최근 1개월 수익률 4.11%는 단기적으로 긍정적인 모멘텀을 보여주고 있으며, 52주 최고가 대비 현재 위치가 높아 추가 상승 가능성을 시사합니다.""]",-1.585820895522388,-6.063432835820896,-4.350333007994224,-14.014951426140374
000270,기아,2025-10-01,100600,Sell,75,"[""최근 1개월 수익률이 -6.16%로 하락세를 보이고 있으며, 이는 단기적인 매도 압력을 시사합니다."", ""52주 최고가 대비 현재 위치가 65.5%로, 상승 여력보다는 하락 가능성이 상대적으로 높아 보입니다."", ""거래량 변화율이 52.30%로 높게 나타나고 있으나, 최근 수익률 하락과 함께 나타나는 것은 매도세 강화의 신호일 수 있습니다.""]",6.813819577735125,7.485604606525912,1.2024300008997209,-5.960767966525551
000270,기아,2025-11-03,117700,Buy,75,"[""기아는 현재가 117,700원으로 52주 최고가 119,900원에 근접해 있으며, 52주 내 현재 위치가 94.2%로 높은 수준을 유지하고 있습니다."", ""최근 1개월 수익률이 17.47%로 강한 상승세를 보이고 있으며, 거래량 변화율 또한 48.96%로 증가하여 매수세가 유입되고 있음을 시사합니다."", ""PER 5.3, PBR 0.82, ROE 15.4% 등 재무 지표가 양호한 편이며, 이는 현재 주가 수준이 기업 가치 대비 저평가되었을 가능성을 내포합니다.""]",1.3986013986013985,2.272727272727273,1.7710169318470534,5.349340547703374
000270,기아,2025-12-01,112300,Sell,75,"[""최근 1개월 수익률이 -6.34%로 하락세를 보이고 있으며, 거래량 변화율 또한 -39.27%로 감소하여 투자 심리가 위축된 것으로 판단됩니다."", ""현재가가 52주 최고가 대비 80.0% 수준으로, 단기적으로 상승 여력이 제한적일 수 있습니다."", ""PER 5.6, PBR 0.76은 저평가 구간으로 볼 수 있으나, 최근 시장의 부정적인 흐름과 기술적 지표의 약세를 고려할 때 단기적인 주가 하락 가능성이 더 높다고 판단됩니다.""]",5.811965811965812,3.076923076923077,2.0917504389805446,-4.8005616349492275
105560,KB금융,2023-01-02,47600,Sell,65,"[""최근 1개월 수익률이 -11.03%로 하락세를 보이고 있으며, 이는 단기적인 매도 압력을 시사합니다."", ""거래량 변화율이 -8.09%로 감소하는 추세는 투자자들의 관심 감소 또는 매도 심리 강화를 나타낼 수 있습니다."", ""현재가가 52주 최고가 대비 17.6% 하락한 위치에 있으며, 이는 추가적인 하락 가능성을 배제할 수 없음을 의미합니다.""]",17.83893985728848,14.984709480122325,11.861061118578972,3.7077339811769914
105560,KB금융,2023-02-01,57400,Buy,75,"[""최근 1개월 수익률이 18.35%로 강한 상승세를 보이고 있으며, 이는 향후 20거래일 내 주가 상승 가능성을 시사합니다."", ""거래량 변화율이 58.72%로 높게 나타나 투자자들의 관심이 증가하고 있음을 보여주며, 이는 주가 상승 동력으로 작용할 수 있습니다."", ""현재가가 52주 최고가 대비 약 12.7% 하락한 수준으로, 기술적으로 추가 상승 여력이 존재할 수 있습니다.""]",-3.900709219858156,-11.347517730496454,-4.412682260265137,-9.856558267096048
105560,KB금융,2023-03-02,50600,Sell,75,"[""최근 1개월 수익률이 -9.48%로 하락세를 보이고 있으며, 이는 단기적인 매도 압력을 시사합니다."", ""거래량 변화율이 -2.13%로 감소하는 추세는 투자자들의 관심 감소 또는 매도 심리를 반영할 수 있습니다."", ""현재 주가가 52주 최고가 대비 약 18.1% 하락한 위치에 있으며, 이는 추가적인 하락 가능성을 내포합니다.""]",-0.6,-4.7,0.9410740644800527,-6.541641071186272
105560,KB금융,2023-04-03,47300,Sell,65,"[""PER, PBR, ROE 등 핵심 재무지표가 제공되지 않아 기업의 현재 가치 및 수익성 판단이 불가함"", ""최근 1개월 수익률이 -5.40%로 하락세를 보이고 있으며, 거래량 변화율 또한 -21.70%로 감소하여 투자 심리가 위축되었음을 시사함"", ""현재가가 52주 최고가 대비 약 23.7% 하락한 수준에 있으며, 52주 최저가와의 격차가 크지 않아 추가 하락 가능성을 배제할 수 없음""]",-1.6753926701570683,1.1518324607329842,-4.390560115561437,0.3096669383202597
105560,KB금융,2023-05-02,49500,Neutral,65,"[""PER, PBR, ROE 등 핵심 재무지표가 제공되지 않아 기업의 내재가치 판단이 어렵습니다."", ""최근 1개월 수익률은 긍정적이나, 52주 최고가 대비 현재 위치가 낮고 거래량 변화율이 음수여 상승 모멘텀이 약합니다."", ""현재가와 52주 최저가 사이의 가격 범위에서 횡보 가능성이 존재하며, 명확한 상승 또는 하락 근거가 부족합니다.""]",1.8633540372670807,-1.7598343685300208,2.279121207651669,-5.755996517726472
105560,KB금융,2023-06-01,46800,Sell,65,"[""최근 1개월 수익률이 -5.45%로 하락세를 보이고 있으며, 이는 단기적인 하락 압력을 시사합니다."", ""현재가가 52주 최고가 대비 18.6% 하락한 위치에 있어 추가적인 하락 가능성을 배제할 수 없습니다."", ""PER, PBR, ROE 등 핵심 재무지표가 제공되지 않아 기업의 근본적인 가치 평가가 어려우며, 이는 투자 결정에 불확실성을 더합니다.""]",2.73972602739726,2.528977871443625,1.6637503838877197,2.486307883437364
105560,KB금융,2023-07-03,48650,Neutral,55,"[""PER, PBR, ROE 등 핵심 재무지표가 제공되지 않아 기업의 내재가치 판단이 불가능합니다."", ""최근 1개월 수익률은 긍정적이나, 거래량 변화율이 음수이며 52주 최고가 대비 현재 위치가 낮아 상승 동력이 약할 수 있습니다."", ""현재가와 52주 최저가 사이의 위치는 상승 여력과 하락 위험이 공존함을 시사합니다.""]",-2.37603305785124,9.090909090909092,-1.1875904883165462,6.246667561743654
105560,KB금융,2023-08-01,52800,Buy,65,"[""최근 1개월 수익률이 8.53%로 긍정적인 흐름을 보이고 있습니다."", ""거래량 변화율이 26.96%로 증가하며 매수세 유입 가능성을 시사합니다."", ""현재가가 52주 최고가 대비 약 11.9% 하락한 수준으로, 추가 상승 여력이 존재할 수 있습니다.""]",-3.4220532319391634,2.8517110266159698,-2.9882626667884105,5.152520896402354
105560,KB금융,2023-09-01,53600,Neutral,55,"[""PER, PBR, ROE 등 핵심 재무지표가 제공되지 않아 기업의 내재가치 판단이 어렵습니다."", ""최근 1개월 수익률은 소폭 상승했으나, 거래량 변화율이 크게 감소하여 상승 동력이 약화되었음을 시사합니다."", ""현재가가 52주 최고가 대비 약 10% 하락한 수준으로, 추가 상승 여력과 하락 위험이 공존하는 구간입니다.""]",2.2222222222222223,3.3333333333333335,3.29281478185543,10.136064950055786
105560,KB금융,2023-10-04,54700,Buy,65,"[""최근 1개월 수익률이 3.99%로 긍정적인 흐름을 보이고 있으며, 이는 단기적인 매수 심리 개선을 시사합니다."", ""거래량 변화율이 7.82%로 증가 추세를 나타내고 있어, 이는 시장 참여자들의 관심 증가 및 잠재적인 매수세 유입 가능성을 보여줍니다."", ""현재가가 52주 최고가 대비 약 8.75% 하락한 수준으로, 기술적으로는 추가적인 상승 여력이 존재할 수 있습니다.""]",5.597014925373134,-1.8656716417910446,3.410711047856069,-0.3987054244503987
105560,KB금융,2023-11-01,51300,Sell,65,"[""최근 1개월 수익률이 -7.90%로 하락세를 보이고 있으며, 이는 단기적인 하락 압력을 시사합니다."", ""현재가가 52주 최고가 대비 약 40.8% 낮은 수준에 위치해 있어 추가적인 하락 가능성을 배제할 수 없습니다."", ""PER, PBR, ROE 등 핵심 재무지표가 제공되지 않아 기업의 내재가치 판단이 어렵지만, 기술적 지표상 단기 하락 추세가 관찰됩니다.""]",4.705882352941177,2.7450980392156863,1.122625840257232,-5.456359845997196
105560,KB금융,2023-12-01,51900,Neutral,55,"[""PBR 0.36은 현재 주가가 장부가치 대비 저평가되었음을 시사하나, PER이 없어 적자 상태임을 나타내어 추가적인 하락 가능성을 배제할 수 없습니다."", ""52주 최고가 대비 현재 위치가 40.0%로, 상승 여력이 남아있다고 볼 수 있으나 최근 1개월 수익률이 1.76%로 미미하고 거래량 변화율이 음수(-6.38%)인 점은 상승 동력이 약함을 시사합니다."", ""기술적 지표상 상승 여력과 하락 압력이 혼재되어 있어 향후 20거래일 내 명확한 방향성을 예측하기 어렵습니다.""]",0.1941747572815534,0.3883495145631068,-0.2197499728323777,-2.477313818703963
105560,KB금융,2024-01-02,53600,Neutral,55,"[""KB금융은 현재 PBR 0.37로 낮은 수준이며, 52주 최저가 대비 중간 지점에 위치하여 추가 하락보다는 반등 가능성을 시사합니다."", ""최근 1개월 수익률이 3.67%로 긍정적인 흐름을 보이고 있으나, 거래량 변화율이 -7.56%로 감소하여 상승 동력이 약화될 수 있습니다."", ""PER이 '해당없음(적자)'으로 표기되어 있어 재무 건전성에 대한 명확한 판단이 어렵고, ROE 또한 제공되지 않아 추가적인 분석이 필요합니다.""]",-2.4714828897338403,7.604562737642586,0.0341646934074018,11.831908162620813
105560,KB금융,2024-02-01,61300,Buy,75,"[""현재가가 52주 최고가와 동일하며, 최근 1개월 수익률이 16.54%로 강한 상승세를 보이고 있습니다."", ""거래량 변화율이 79.35%로 높게 나타나, 매수세 유입 가능성을 시사합니다."", ""PBR 0.43은 자산 가치 대비 저평가 가능성을 나타내며, 향후 주가 상승 여력을 시사합니다.""]",5.128205128205128,5.279034690799397,3.8155500318685585,4.278006132043462
105560,KB금융,2024-03-04,69000,Buy,75,"[""현재가가 52주 최고가에 근접해 있으며, 52주 내 현재 위치가 97.0%로 매우 높은 수준입니다."", ""최근 1개월 수익률이 23.43%로 강한 상승세를 보이고 있으며, 거래량 변화율 또한 113.51%로 증가하여 매수세가 유입되고 있음을 시사합니다."", ""PBR이 0.48로 낮아 저평가 가능성이 있으며, PER이 '해당없음(적자)'으로 표시되어 있으나 이는 금융업종의 특성상 순이익 변동성이 크기 때문일 수 있으며, 현재 주가 흐름은 긍정적입니다.""]",5.323741007194244,-0.8633093525179856,4.100445166626574,-4.779667773292491
105560,KB금융,2024-04-01,68400,Buy,75,"[""KB금융은 현재가 68,400원으로 52주 최고가 78,600원 대비 하락한 상태이며, 52주 내 현재 위치가 68.2%로 상승 여력이 존재합니다."", ""최근 1개월 수익률이 7.72%로 긍정적인 흐름을 보이고 있으며, 이는 단기적인 매수세 유입 가능성을 시사합니다."", ""PER 5.9, PBR 0.47, ROE 8.0% 등의 재무 지표는 현재 주가가 저평가되어 있을 가능성을 나타내며, 이는 향후 주가 상승의 기반이 될 수 있습니다.""]",0.29027576197387517,4.934687953555878,2.033726923548212,7.459423166910705
105560,KB금융,2024-05-02,72300,Buy,75,"[""KB금융은 현재가 72,300원으로 52주 최고가 78,600원 대비 약 8% 하락한 수준으로, 52주 내 현재 위치 80.4%를 고려할 때 추가 상승 여력이 존재합니다."", ""PER 6.2, PBR 0.50은 동종 업계 평균 대비 저평가 가능성을 시사하며, ROE 8.0%는 수익성을 보여주고 있어 밸류에이션 매력이 있습니다."", ""최근 1개월 수익률 5.70%는 시장 대비 양호한 흐름을 보이고 있으며, 거래량 변화율 -25.53%는 단기적인 매도 압력이 완화될 가능성을 내포합니다.""]",10.719131614654003,5.291723202170964,8.82944196759782,5.834569990856744
105560,KB금융,2024-06-03,79300,Buy,75,"[""현재가(79,300원)가 52주 최고가(81,600원)에 근접하며 강한 상승 모멘텀을 시사합니다."", ""최근 1개월 수익률이 4.89%로 긍정적인 흐름을 보이고 있습니다."", ""낮은 PER(6.8)과 PBR(0.54)은 현재 주가가 기업의 내재가치 대비 저평가되었을 가능성을 시사하며, 향후 상승 여력을 내포하고 있습니다.""]",1.9329896907216495,8.762886597938143,-0.5488855205777072,3.807775970989482
105560,KB금융,2024-07-01,79600,Buy,75,"[""KB금융은 현재가 79,600원으로 52주 최고가 81,600원에 근접해 있어 추가 상승 여력이 존재합니다."", ""낮은 PER 6.9와 PBR 0.54는 현재 주가가 기업의 내재가치 대비 저평가되었음을 시사하며, 이는 향후 주가 상승의 잠재력을 나타냅니다."", ""최근 1개월 수익률이 1.14%로 소폭 상승세를 보이고 있으며, 이는 단기적인 매수 심리가 유입되고 있음을 나타냅니다.""]",2.403846153846154,7.331730769230769,-0.7074215834725162,8.866148179672146
105560,KB금융,2024-08-01,88300,Buy,75,"[""KB금융은 현재가 88,300원으로 52주 최고가 90,800원에 근접해 있으며, 52주 내 현재 위치가 94.2%로 높은 수준을 유지하고 있습니다."", ""최근 1개월 수익률이 4.62%로 긍정적인 흐름을 보이고 있으며, 거래량 변화율도 4.06%로 증가 추세를 나타내고 있습니다."", ""PER 7.6, PBR 0.60, ROE 7.9% 등 재무 지표는 시장 대비 저평가 및 안정적인 수익성을 시사하며, 이는 향후 주가 상승의 잠재력을 뒷받침합니다.""]",-1.5625,5.408653846153847,1.7167888397311182,5.228920718087456
105560,KB금융,2024-09-02,87700,Sell,75,"[""현재가가 52주 최고가 대비 92.5% 수준으로, 단기 상승 여력이 제한적일 수 있습니다."", ""최근 1개월 수익률이 -0.68%로 약세를 보이고 있으며, 거래량 변화율 또한 -16.24%로 감소하는 추세는 매도 압력을 시사합니다."", ""PER 7.6, PBR 0.59, ROE 7.8%는 절대적인 저평가 구간이라고 보기 어려우며, 기술적 지표의 약세가 재무 지표의 강점을 상쇄할 가능성이 있습니다.""]",-4.712643678160919,2.7586206896551726,0.5864034690978093,5.3957598046542525
105560,KB금융,2024-10-02,81300,Sell,65,"[""최근 1개월 수익률이 -5.24%로 하락세를 보이고 있으며, 52주 최고가 대비 현재 위치가 77.1%로 상승 여력이 제한적일 수 있습니다."", ""PER 7.0, PBR 0.55, ROE 7.8%는 현재 시장에서 매력적인 수준으로 보이나, 최근 주가 하락 추세와 거래량 변화율 증가가 단기적인 하락 압력을 시사합니다."", ""기술적 지표상 최근 1개월 수익률 하락과 52주 최고가 대비 상대적 위치를 고려할 때, 향후 20거래일 내 추가 하락 가능성이 존재합니다.""]",17.675544794188863,9.806295399515738,15.590484612300637,9.056794483069924
105560,KB금융,2024-11-01,91800,Buy,75,"[""KB금융의 현재 PER 7.9는 시장 평균 대비 저평가 가능성을 시사하며, 이는 향후 주가 상승 여력을 나타낼 수 있습니다."", ""PBR 0.62는 장부가치 대비 낮은 수준으로, 자산 가치 대비 저평가되어 있어 상승 잠재력을 내포합니다."", ""최근 1개월 수익률 13.47%는 단기적으로 긍정적인 모멘텀을 보여주고 있으며, 이는 20거래일 내 추가 상승 가능성을 지지합니다.""]",2.2050716648291067,6.284454244762955,4.418693298142739,11.47918419528381
105560,KB금융,2024-12-02,96400,Buy,75,"[""KB금융은 현재가 96,400원으로 52주 최고가 101,000원에 근접해 있으며, 52주 내 현재 위치가 91.1%로 높은 수준을 유지하고 있어 추가 상승 여력이 존재합니다."", ""최근 1개월 수익률이 5.01%로 양호한 흐름을 보이고 있으며, 이는 단기적인 매수세가 유입되고 있음을 시사합니다."", ""PER 8.3, PBR 0.65는 상대적으로 낮은 밸류에이션을 나타내며, ROE 7.8%는 양호한 수익성을 보여주고 있어 향후 주가 상승의 기반이 될 수 있습니다.""]",-17.687747035573125,-17.193675889328063,-14.397478646308704,-14.866568973604698
105560,KB금융,2025-01-02,83400,Sell,75,"[""최근 1개월 수익률이 -13.31%로 하락 추세를 보이고 있으며, 이는 단기적인 매도 압력을 시사합니다."", ""52주 최고가 대비 현재 주가 위치가 65.7%로, 상승 여력보다는 하락 가능성이 상대적으로 높아 보입니다."", ""거래량 변화율이 79.45%로 높게 나타나고 있으나, 최근 수익률 하락과 함께 나타나는 경우 추가 하락 가능성을 배제할 수 없습니다.""]",4.77326968973747,1.3126491646778042,1.7486005769082156,-2.570770439568032
105560,KB금융,2025-02-03,88800,Buy,75,"[""현재가(88,800원)는 52주 최고가(101,200원) 대비 하락했으나 52주 최저가(49,300원) 대비 높은 수준으로, 52주 내 현재 위치(76.1%)가 높아 상승 여력이 남아있음을 시사합니다."", ""최근 1개월 수익률(3.86%)이 양수이며, PER(7.7) 및 PBR(0.60)이 낮아 상대적으로 저평가된 상태로 판단됩니다."", ""ROE(7.8%)가 시장 평균 대비 양호한 수준을 유지하고 있으며, 시가총액(31.5조원)이 큰 대형주로서 안정적인 흐름을 보일 가능성이 있습니다.""]",-7.776560788608982,-16.10076670317634,-10.087888956107747,-19.180925788315903
105560,KB금융,2025-03-04,77900,Sell,75,"[""최근 1개월 수익률이 -15.05%로 큰 폭의 하락세를 보이고 있어 단기적인 하락 압력이 지속될 가능성이 있습니다."", ""현재가가 52주 최고가 대비 약 23% 하락한 수준이며, 52주 내 현재 위치가 40.1%로 하단에 가까워 추가 하락 가능성을 시사합니다."", ""거래량 변화율이 93.79%로 높게 나타나고 있으나, 이는 하락 추세 속에서 매도 물량이 증가하고 있음을 나타낼 수 있습니다.""]",0.39164490861618795,5.091383812010443,-0.26078479589453096,7.134673246089243
105560,KB금융,2025-04-01,79600,Neutral,55,"[""PER 6.2, PBR 0.52, ROE 8.4%는 현재 저평가 구간에 있음을 시사하나, 52주 최고가 대비 현재 위치가 43.3%로 상승 여력에 대한 불확실성이 존재합니다."", ""최근 1개월 수익률이 1.66%로 소폭 상승했으나, 거래량 변화율이 -23.14%로 감소하여 상승 모멘텀이 약화될 가능성을 시사합니다."", ""기술적 지표상 명확한 상승 또는 하락 추세를 나타내는 지표가 부족하여 향후 20거래일 내 방향성을 확신하기 어렵습니다.""]",-11.925465838509316,12.049689440993788,-3.4589114420146885,10.024436633574378
105560,KB금융,2025-05-02,93200,Buy,75,"[""현재가(93,200원)가 52주 최고가(101,200원) 대비 하락했으나, 52주 내 현재 위치가 78.7%로 높은 수준을 유지하고 있어 추가 상승 여력이 존재합니다."", ""최근 1개월 수익률이 15.78%로 양호한 흐름을 보이고 있으며, 이는 단기적인 매수세 유입 가능성을 시사합니다."", ""PER 7.2, PBR 0.61, ROE 8.4% 등 재무 지표가 시장 평균 대비 경쟁력이 있음을 나타내며, 이는 기업의 내재가치 대비 저평가 가능성을 시사합니다.""]",-0.2136752136752137,13.568376068376068,-2.807893878684149,4.311635062858935
105560,KB금융,2025-06-02,100000,Buy,75,"[""현재가(100,000원)가 52주 최고가(104,300원)에 근접해 있으나, 52주 내 현재 위치(87.3%)는 여전히 상승 여력이 있음을 시사합니다."", ""최근 1개월 수익률(13.90%)이 양호하며, 이는 단기적으로 긍정적인 모멘텀이 작용하고 있음을 나타냅니다."", ""PER(6.8) 및 PBR(0.65) 지표가 낮아 상대적으로 저평가된 구간에 있으며, 이는 향후 주가 상승의 잠재력을 내포하고 있습니다.""]",-1.8535681186283595,8.341056533827619,-7.237855915830654,-4.125560087846669
105560,KB금융,2025-07-01,110800,Buy,75,"[""현재가(110,800원)가 52주 최고가(112,300원)에 근접해 있으며, 52주 내 현재 위치가 96.4%로 강한 상승 추세를 시사합니다."", ""최근 1개월 수익률이 7.89%로 양호하며, 거래량 변화율이 37.41%로 증가하여 투자자들의 관심이 높아지고 있음을 나타냅니다."", ""PER 7.5, PBR 0.73, ROE 9.7%는 현재 주가가 기업의 내재가치 대비 저평가되어 있을 가능성을 시사하며, 향후 상승 여력을 보여줍니다.""]",4.317180616740088,-0.6167400881057269,2.408925168065921,-6.451097791695246
105560,KB금융,2025-08-01,106000,Sell,75,"[""최근 1개월 수익률이 -9.32%로 하락세를 보이고 있으며, 거래량 변화율 또한 -15.86%로 감소하여 매도 압력이 존재함을 시사합니다."", ""현재가가 52주 최고가 대비 상당 부분 하락한 위치에 있으며, 이는 단기적인 하락 추세의 연장 가능성을 나타냅니다."", ""PER 7.2, PBR 0.69, ROE 9.6% 등의 재무 지표는 현재 주가가 저평가되었을 가능성을 시사하지만, 최근의 기술적 지표들은 하락 압력을 더 강하게 반영하고 있습니다.""]",3.9667896678966788,0.36900369003690037,2.091799595622833,-0.4125069127746288
105560,KB금융,2025-09-01,107100,Sell,65,"[""최근 1개월 수익률이 -3.43%로 하락세를 보이고 있으며, 거래량 변화율 또한 -32.57%로 감소하여 투자 심리가 위축된 것으로 판단됩니다."", ""현재가가 52주 최고가 대비 약 12.2% 하락한 수준이지만, 52주 최저가 대비로는 약 52.0% 상승한 위치에 있어 추가 상승 여력보다는 하락 가능성에 무게가 실립니다."", ""PER 7.2, PBR 0.69, ROE 9.6% 등의 재무 지표는 양호하나, 최근 시장의 부정적인 흐름과 기술적 지표의 하락 신호가 단기적인 주가 하락을 시사합니다.""]",1.0110294117647058,6.158088235294118,-1.7534827007071299,-1.7934303550253619
105560,KB금융,2025-10-01,116300,Buy,75,"[""현재가(116,300원)가 52주 최고가(122,000원)에 근접하며 상승 추세를 시사합니다."", ""최근 1개월 수익률(6.89%)이 양수이며, 거래량 변화율(10.14%) 또한 긍정적인 수급 신호를 나타냅니다."", ""PER(7.8) 및 PBR(0.75)이 낮아 상대적으로 저평가된 구간에 있으며, ROE(9.6%)는 양호한 수익성을 보여줍니다.""]",-2.654109589041096,7.277397260273973,-8.2654991658765,-6.16897531277749
105560,KB금융,2025-11-03,118000,Buy,75,"[""현재가(118,000원)가 52주 최고가(122,000원)에 근접하며 상승 추세를 시사합니다."", ""최근 1개월 수익률(4.70%)과 거래량 변화율(16.89%)이 긍정적인 흐름을 나타내고 있습니다."", ""PER(7.9) 및 PBR(0.76) 지표가 낮아 상대적으로 저평가된 구간에 있을 가능성이 있습니다.""]",7.219031993437245,8.285479901558656,7.5914475266829,11.362093176534756
105560,KB금융,2025-12-01,126300,Buy,75,"[""KB금융은 현재가 126,300원으로 52주 최고가 134,700원에 근접해 있으며, 52주 내 현재 위치 86.9%로 상승 추세가 강하게 나타나고 있습니다."", ""최근 1개월 수익률 8.32%와 거래량 변화율 19.80%는 단기적인 매수세 유입 가능성을 시사합니다."", ""PER 8.3, PBR 0.81, ROE 9.8%는 현재 주가가 기업의 내재가치 대비 저평가되어 있음을 나타내며, 이는 향후 주가 상승의 잠재력을 내포합니다.""]",-4.545454545454546,-6.59090909090909,-8.265669918439812,-14.468393802781396
055550,신한지주,2023-01-02,34300,Sell,65,"[""최근 1개월 수익률이 -10.56%로 하락세를 보이고 있으며, 이는 단기적인 하락 압력을 시사합니다."", ""거래량 변화율이 -5.19%로 감소하는 추세는 투자자들의 관심 감소 또는 매도 심리를 반영할 수 있습니다."", ""현재가가 52주 최고가 대비 9.2% 하락한 위치에 있으며, 이는 추가적인 하락 가능성을 배제할 수 없음을 나타냅니다.""]",16.857142857142858,17.857142857142858,10.87926411843335,6.580167358197524
055550,신한지주,2023-02-01,42450,Buy,75,"[""최근 1개월 수익률이 20.60%로 강한 상승세를 보이고 있습니다."", ""거래량 변화율이 89.65%로 증가하며 매수세가 유입되고 있음을 시사합니다."", ""현재가가 52주 최고가 대비 약 5.7% 하락한 수준으로, 추가 상승 여력이 존재할 수 있습니다.""]",-3.0303030303030303,-10.181818181818182,-3.5422760707100114,-8.690858718417775
055550,신한지주,2023-03-02,37700,Sell,75,"[""최근 1개월 수익률이 -9.27%로 하락세를 보이고 있으며, 이는 단기적인 매도 압력을 시사합니다."", ""거래량 변화율이 -20.26%로 감소한 것은 투자자들의 관심 감소 또는 매도 심리 강화를 나타낼 수 있습니다."", ""현재가가 52주 최고가 대비 상당 부분 하락한 위치에 있으며, 이는 추가적인 하락 가능성을 배제할 수 없음을 의미합니다.""]",-3.3738191632928474,-4.588394062078273,-1.8327450988127947,-6.430035133264545
055550,신한지주,2023-04-03,34550,Sell,75,"[""최근 1개월 수익률이 -6.75%로 하락세를 보이고 있으며, 52주 최고가 대비 현재 위치가 10.0%로 하락 가능성이 열려있습니다."", ""PER, PBR, ROE 등 핵심 재무지표가 제공되지 않아 기업의 현재 가치 및 수익성에 대한 판단이 어렵습니다."", ""거래량 변화율이 5.79%로 소폭 증가했으나, 이는 하락 추세를 반전시키기에는 미미한 수준으로 판단됩니다.""]",-1.422475106685633,-0.8534850640113799,-4.137642552090002,-1.6956505864241045
055550,신한지주,2023-05-02,35450,Neutral,55,"[""신한지주는 현재 52주 최저가 대비 17.8% 수준으로, 하락보다는 반등 가능성을 시사하나 52주 최고가 대비 하락폭이 커 상승 여력에 대한 불확실성이 존재합니다."", ""최근 1개월 수익률이 0.28%로 매우 미미하며, 거래량 변화율이 -35.05%로 감소하는 것은 투자 심리가 위축되었음을 나타내어 단기적인 상승 동력이 약합니다."", ""PER, PBR, ROE 등 핵심 재무 지표가 '해당없음' 또는 'N/A'로 제공되어 기업의 본질적인 가치 평가 및 향후 수익성 전망에 대한 근거가 부족합니다.""]",1.291248206599713,0.2869440459110474,1.7070153769843013,-3.7092181032854037
055550,신한지주,2023-06-01,34700,Neutral,55,"[""신한지주는 현재 52주 최저가 대비 11.3% 상승한 위치에 있으며, 이는 단기적인 반등 가능성을 시사합니다."", ""최근 1개월 수익률이 -0.72%로 소폭 하락했으나, 거래량 변화율이 23.44%로 증가한 점은 투자자들의 관심이 재집중되고 있음을 나타냅니다."", ""PER, PBR, ROE 등 핵심 재무지표가 제공되지 않아 기업의 내재가치 및 수익성에 대한 판단이 어려워 명확한 매수 또는 매도 신호를 보내기 어렵습니다.""]",0.8583690987124464,-1.2875536480686696,-0.21760654479709407,-1.3302236360749307
055550,신한지주,2023-07-03,34500,Sell,65,"[""신한지주의 현재가는 52주 최저가에 근접하며, 이는 단기적인 하락 압력을 시사합니다."", ""최근 1개월 수익률이 마이너스이며 거래량 변화율 또한 감소한 점은 투자 심리 위축을 나타냅니다."", ""PER, PBR, ROE 등 핵심 재무 지표가 제공되지 않아 기업의 본질적인 가치 판단이 어렵습니다.""]",-2.785923753665689,5.425219941348973,-1.5974811841309953,2.5809784121835353
055550,신한지주,2023-08-01,35950,Neutral,55,"[""신한지주는 현재 52주 최저가 대비 높은 수준에 위치하고 있으며, 최근 1개월 수익률이 긍정적인 흐름을 보이고 있습니다."", ""거래량 변화율이 20.57%로 증가 추세를 나타내고 있어 단기적인 매수세 유입 가능성을 시사합니다."", ""하지만 PER, PBR, ROE 등 핵심 재무지표가 제공되지 않아 기업의 본질적인 가치 판단이 어렵고, 52주 최고가 대비 하락폭이 여전히 존재하여 상승 여력에 대한 확신이 부족합니다.""]",-1.4044943820224718,-0.1404494382022472,-0.9707038168717186,2.1603604315841376
055550,신한지주,2023-09-01,35450,Neutral,55,"[""신한지주는 현재 52주 최저가 대비 높은 수준에 위치해 있으나, 최근 1개월 수익률이 마이너스이고 거래량 변화율 또한 감소하여 상승 모멘텀이 약한 것으로 판단됩니다."", ""PER, PBR, ROE 등 주요 재무지표가 제공되지 않아 기업의 내재가치 대비 현재 주가 수준을 평가하기 어렵습니다."", ""52주 최고가 대비 현재 주가 위치는 상승 여력이 있음을 시사하지만, 최근 시장 상황 및 거래량 감소 추세를 고려할 때 20거래일 내 뚜렷한 상승 또는 하락을 예측하기 어렵습니다.""]",2.100840336134454,-0.9803921568627451,3.1714328957676616,5.822339459859708
055550,신한지주,2023-10-04,35050,Neutral,55,"[""PER, PBR, ROE 등 주요 재무지표가 적자 또는 N/A로 제공되어 기업의 본질적인 가치 평가가 불가능합니다."", ""현재가가 52주 최저가 대비 20.6% 높은 수준이지만, 최근 1개월 수익률이 소폭 하락하며 상승 모멘텀이 약한 것으로 판단됩니다."", ""거래량 변화율이 미미하여 시장의 관심이나 매수/매도 압력이 뚜렷하게 나타나지 않아 향후 20거래일 내 주가 방향성을 확신하기 어렵습니다.""]",3.498542274052478,1.749271137026239,1.3122383965354127,3.2162373543668847
055550,신한지주,2023-11-01,35000,Neutral,55,"[""신한지주는 현재 52주 최저가 대비 20.2% 높은 수준에 위치하며, 최근 1개월 수익률이 소폭 하락했으나 52주 최고가 대비 하락폭이 상대적으로 커 추가 하락보다는 반등 가능성도 존재합니다."", ""PER, PBR, ROE 등 핵심 재무지표가 제공되지 않아 기업의 내재가치 및 수익성에 대한 판단이 어렵습니다."", ""거래량 변화율이 음수(-)로 나타나 투자자들의 관심이 다소 줄어들었음을 시사하며, 이는 단기적인 주가 상승 동력 약화로 이어질 수 있습니다.""]",0.8695652173913043,6.956521739130435,-2.7136912952926404,-1.2449361460824475
055550,신한지주,2023-12-01,36400,Buy,65,"[""현재가(36,400원)가 52주 최저가(32,500원) 대비 상승 추세에 있으며, 52주 최고가(44,900원) 대비로는 아직 상승 여력이 존재합니다."", ""최근 1개월 수익률이 5.51%로 긍정적인 흐름을 보이고 있습니다."", ""PBR 0.36은 자산 가치 대비 저평가 가능성을 시사하며, PER이 해당 없음(적자)으로 표시된 것은 금융업종의 특성상 일반적인 지표와 다르게 해석될 수 있습니다.""]",-0.40816326530612246,1.4965986394557822,-0.8220879954200535,-1.3690646938112874
055550,신한지주,2024-01-02,39350,Buy,65,"[""PBR 0.39로 장부가치 대비 저평가된 것으로 판단됩니다."", ""최근 1개월 수익률 8.40%로 단기 상승 모멘텀이 관찰됩니다."", ""52주 최고가 대비 현재 위치가 55.2%로 상승 여력이 존재합니다.""]",-3.034300791556728,7.783641160949868,-0.528653208415486,12.010986585928094
055550,신한지주,2024-02-01,42500,Buy,75,"[""현재가가 52주 최고가 대비 낮은 수준에 위치하며 상승 여력이 존재합니다."", ""최근 1개월 수익률이 12.14%로 양호하며, 거래량 변화율이 83.02%로 높아 투자자들의 관심이 증가하고 있습니다."", ""PBR이 0.42로 낮아 저평가 매력이 부각될 수 있습니다.""]",-1.7660044150110374,0.6622516556291391,-3.0786595113476065,-0.33877690312679554
055550,신한지주,2024-03-04,44200,Buy,75,"[""현재가(44,200원)가 52주 최고가(45,300원)에 근접하며 상승 추세가 지속될 가능성을 시사합니다."", ""최근 1개월 수익률(10.64%)이 양호하며, 거래량 변화율(148.02%)이 높아 투자자들의 관심이 증가하고 있음을 나타냅니다."", ""PBR(0.43)이 낮아 현재 주가가 자산 가치 대비 저평가되어 있을 가능성이 있습니다.""]",3.2917139614074915,1.9296254256526675,2.068418120839821,-1.9867329951218382
055550,신한지주,2024-04-01,45550,Buy,75,"[""신한지주의 현재 PER 5.7배와 PBR 0.41배는 시장 평균 대비 저평가 가능성을 시사하며, 이는 향후 주가 상승의 잠재력을 내포합니다."", ""최근 1개월 수익률 4.59%와 거래량 변화율 26.38%는 시장 참여자들의 관심 증가 및 긍정적인 수급 신호를 나타냅니다."", ""현재 주가가 52주 최고가 대비 약 11.3% 하락한 68.7% 위치에 있어, 기술적으로 반등 가능성이 존재합니다.""]",-2.89532293986637,2.0044543429844097,-1.1518717782920331,4.529189556339237
055550,신한지주,2024-05-02,45800,Buy,75,"[""신한지주의 현재 PER 5.7배와 PBR 0.42배는 시장 평균 대비 저평가 가능성을 시사하며, 이는 향후 주가 상승의 잠재력을 내포합니다."", ""52주 최고가 대비 현재 위치가 70% 수준으로, 아직 상승 여력이 남아있음을 나타냅니다."", ""최근 1개월 수익률이 소폭 상승세를 보이고 있으며, 거래량 변화율이 음수이나 이는 단기적인 조정 후 상승 전환 가능성을 시사할 수 있습니다.""]",2.798708288482239,-2.2604951560818085,0.9090186414260555,-1.7176483673960283
055550,신한지주,2024-06-03,47000,Buy,75,"[""신한지주의 현재 PER 5.8배와 PBR 0.44배는 시장 평균 대비 저평가 가능성을 시사하며, 이는 향후 주가 상승의 잠재력을 내포합니다."", ""52주 최고가 대비 현재 위치가 76.3%로, 아직 상승 여력이 남아있음을 나타냅니다."", ""최근 1개월 수익률이 0.75%로 소폭 상승세를 보이고 있으며, 거래량 변화율이 음수임에도 불구하고 주가 하락이 크지 않은 점은 매수세가 유입될 가능성을 시사합니다.""]",5.286343612334802,12.555066079295155,2.8044684010354453,7.599955452346494
055550,신한지주,2024-07-01,47850,Buy,75,"[""현재가(47,850원)는 52주 최고가(51,500원) 대비 하락했으나 52주 최저가(32,500원) 대비 높은 수준으로, 52주 내 현재 위치가 80.8%로 상승 추세에 대한 기대감을 높입니다."", ""PER 6.0, PBR 0.45는 저평가 구간에 있음을 시사하며, ROE 7.6%는 양호한 수익성을 보여줍니다."", ""최근 1개월 수익률 4.02%는 긍정적인 단기 모멘텀을 나타내며, 거래량 변화율 -18.40%는 단기적인 매도 압력이 완화될 가능성을 시사합니다.""]",4.040404040404041,20.2020202020202,0.9291363030853703,21.73643761246158
055550,신한지주,2024-08-01,60700,Sell,75,"[""현재가가 52주 최고가와 동일한 수준으로, 추가적인 단기 상승 여력이 제한적일 수 있습니다."", ""최근 1개월 수익률이 18.79%로 높게 나타나 단기 차익 실현 매물이 출회될 가능성이 있습니다."", ""거래량 변화율이 29.25%로 긍정적인 신호를 보이지만, 52주 최고가 도달이라는 기술적 저항을 고려할 때 상승 모멘텀이 약화될 수 있습니다.""]",-5.42907180385289,-1.4010507880910683,-2.1497829641217714,-1.580783916157459
055550,신한지주,2024-09-02,56300,Sell,65,"[""최근 1개월 수익률이 -7.25%로 하락세를 보이고 있으며, 거래량 변화율 또한 -13.27%로 감소하여 투자 심리가 위축된 것으로 판단됩니다."", ""현재가가 52주 최고가 대비 약 81.3% 수준에 위치하여 추가 상승 여력이 제한적일 수 있습니다."", ""PER 7.0, PBR 0.53, ROE 7.6% 등 재무 지표는 안정적이나, 최근 시장의 부정적인 흐름과 기술적 지표의 약세를 고려할 때 단기적인 하락 가능성이 존재합니다.""]",-1.048951048951049,-3.146853146853147,4.250096098307679,-0.5097140318540672
055550,신한지주,2024-10-02,55900,Sell,65,"[""최근 1개월 수익률이 -2.95%로 하락세를 보이고 있으며, 거래량 변화율 또한 -5.85%로 감소하여 매도 압력이 존재함을 시사합니다."", ""현재가가 52주 최고가 대비 약 80% 수준에 위치하여 추가 상승 여력이 제한적일 수 있습니다."", ""PER 7.0, PBR 0.52, ROE 7.5% 등의 재무 지표는 현재 주가가 저평가되었음을 나타낼 수 있으나, 최근 시장의 부정적인 흐름과 기술적 지표를 고려할 때 단기적인 하락 가능성이 더 높다고 판단됩니다.""]",5.828779599271402,-0.7285974499089253,3.7437194173831765,-1.4780983663547407
055550,신한지주,2024-11-01,54000,Sell,65,"[""현재가(54,000원)는 52주 최고가(61,400원) 대비 하락한 수준이며, 52주 내 현재 위치(72.9%)는 고점 대비 상당한 조정을 시사합니다."", ""최근 1개월 수익률(-2.70%)과 거래량 변화율(-8.87%)이 모두 하락세를 나타내고 있어 단기적인 매도 압력이 존재함을 시사합니다."", ""PER(6.7)과 PBR(0.50)은 낮지만, ROE(7.5%)가 상대적으로 낮은 수준으로, 현재 주가 수준을 유지하기 위한 강력한 상승 동력이 부족할 수 있습니다.""]",3.669724770642202,-1.1009174311926606,5.8833464039558345,4.0938125193281945
055550,신한지주,2024-12-02,53900,Sell,65,"[""현재가(53,900원)가 52주 최고가(61,400원) 대비 약 12% 하락한 위치에 있으며, 52주 내 현재 위치가 70.1%로 상승 추세가 둔화될 가능성을 시사합니다."", ""최근 1개월 수익률이 -0.19%로 약보합세를 보이고 있으며, 거래량 변화율 또한 -2.65%로 감소하는 추세는 매수세 약화를 나타낼 수 있습니다."", ""PER 6.7, PBR 0.49, ROE 7.3% 등 재무 지표는 양호하나, 최근 기술적 지표의 약세가 단기적인 주가 하락 압력으로 작용할 가능성이 있습니다.""]",-11.436170212765957,-14.539007092198581,-8.145901823501536,-12.211900176475217
055550,신한지주,2025-01-02,47750,Sell,65,"[""최근 1개월 수익률이 -9.91%로 하락세를 보이고 있으며, 이는 단기적인 하락 압력을 시사합니다."", ""현재가가 52주 최고가 대비 상당 부분 하락한 위치에 있으며, 이는 추가적인 하락 가능성을 배제할 수 없음을 나타냅니다."", ""PER 5.9, PBR 0.44, ROE 7.4% 등의 재무 지표는 현재 시장에서 저평가된 것으로 보일 수 있으나, 최근의 기술적 지표 하락 추세가 이를 상쇄할 가능성이 있습니다.""]",3.423236514522822,3.7344398340248963,0.39856740169356764,-0.1489797702209401
055550,신한지주,2025-02-03,50200,Buy,65,"[""신한지주의 현재 PER 6.2와 PBR 0.46은 시장 평균 대비 저평가 가능성을 시사하며, 이는 향후 주가 상승의 잠재적 요인으로 작용할 수 있습니다."", ""최근 1개월 수익률 2.66%는 단기적인 상승 모멘텀을 보여주고 있으며, 이는 20거래일 내 추가 상승 가능성을 뒷받침합니다."", ""52주 최저가 대비 현재 위치가 55.3%로, 주가가 하락보다는 상승 추세에 더 가까운 위치에 있음을 나타냅니다.""]",-3.7254901960784315,-12.450980392156863,-6.036818363577197,-15.531139477296428
055550,신한지주,2025-03-04,46150,Sell,75,"[""최근 1개월 수익률이 -9.69%로 하락세를 보이고 있으며, 이는 단기적인 매도 압력을 시사합니다."", ""52주 최고가 대비 현재 위치가 26.9%로, 상승 여력보다는 하락 가능성이 상대적으로 높아 보입니다."", ""거래량 변화율이 60.60%로 높게 나타나고 있으나, 최근 수익률 하락과 함께 나타나는 것은 매도세 강화의 신호일 수 있습니다.""]",1.1198208286674132,9.070548712206048,0.46739112415669426,11.113838146284847
055550,신한지주,2025-04-01,48100,Buy,75,"[""신한지주의 현재 PER 5.7배와 PBR 0.43배는 동종 업계 평균 대비 저평가 가능성을 시사하며, 이는 향후 주가 상승 여력을 나타낼 수 있습니다."", ""최근 1개월 수익률이 4.91%로 양호한 흐름을 보이고 있으며, 이는 단기적인 매수세 유입 가능성을 시사합니다."", ""현재가가 52주 최저가 대비 약 18.6% 상승한 36.2% 위치에 있어, 추가적인 상승 모멘텀이 작용할 가능성이 있습니다.""]",-10.472279260780287,5.544147843942506,-2.005724864285659,3.518895036523097
055550,신한지주,2025-05-02,51200,Buy,75,"[""현재가(51,200원)가 52주 최저가(41,750원) 대비 높은 수준이며, 52주 최고가(61,400원) 대비로는 중간 지점(48.1%)에 위치하여 상승 여력이 존재합니다."", ""최근 1개월 수익률이 5.13%로 양호하며, 거래량 변화율(6.41%) 또한 긍정적인 신호를 보내고 있습니다."", ""PER(6.1) 및 PBR(0.46) 지표가 낮아 상대적으로 저평가된 구간으로 판단되며, ROE(7.6%)는 양호한 수준을 유지하고 있습니다.""]",1.36986301369863,15.851272015655576,-1.224355651310305,6.594531010138443
055550,신한지주,2025-06-02,55800,Buy,75,"[""신한지주의 현재 PER 6.3배와 PBR 0.49배는 동종 업계 평균 대비 저평가 가능성을 시사하며, 이는 향후 주가 상승의 잠재력을 내포합니다."", ""최근 1개월 수익률 10.71%는 단기적인 시장의 긍정적인 관심과 매수세를 반영하며, 이는 20거래일 내 추가 상승의 동력이 될 수 있습니다."", ""현재 주가가 52주 최고가 대비 약 9% 하락한 68.5% 위치에 있어, 기술적으로 추가 상승 여력이 존재한다고 판단됩니다.""]",-2.1702838063439067,6.3439065108514185,-7.554571603546201,-6.122710110822869
055550,신한지주,2025-07-01,62200,Buy,75,"[""현재가가 52주 최고가와 동일하며, 이는 강한 상승 모멘텀을 시사합니다."", ""최근 1개월 수익률이 8.17%로 양호하며, 거래량 변화율이 119.98%로 크게 증가하여 매수세 유입 가능성을 높입니다."", ""PER 7.0, PBR 0.55, ROE 7.8%는 재무적으로 저평가된 상태에서 상승 여력이 있음을 나타냅니다.""]",13.12803889789303,11.66936790923825,11.219783449218863,5.835010205648731
055550,신한지주,2025-08-01,65100,Buy,75,"[""현재가(65,100원)가 52주 최고가(71,800원) 대비 약 9.3% 하락한 수준으로, 추가 상승 여력이 존재한다고 판단됩니다."", ""PBR 0.58은 장부가치 대비 저평가된 수준으로, 향후 주가 상승의 잠재력을 시사합니다."", ""최근 1개월 수익률 2.20%는 시장 대비 양호한 흐름을 보이며, 이는 단기적인 매수세 유입 가능성을 나타냅니다.""]",5.311077389984825,-1.5174506828528074,3.436087317710979,-2.2989612856643364
055550,신한지주,2025-09-01,64000,Sell,65,"[""최근 1개월 수익률이 -5.88%로 하락세를 보이고 있으며, 거래량 변화율 또한 -23.58%로 감소하여 투자 심리가 위축된 것으로 판단됩니다."", ""현재 주가가 52주 최고가 대비 약 10.9% 하락한 위치에 있으나, 최근 하락 추세가 지속되고 있어 추가 하락 가능성을 배제할 수 없습니다."", ""PER 7.0, PBR 0.56, ROE 8.1% 등 재무 지표 자체는 양호하나, 최근 시장의 부정적인 흐름과 기술적 지표의 하락 신호가 더 큰 영향을 미칠 것으로 예상됩니다.""]",0.6163328197226503,9.090909090909092,-2.1481792927491856,1.139390500589612
055550,신한지주,2025-10-01,70500,Buy,75,"[""신한지주의 현재가(70,500원)는 52주 최고가(71,800원)에 근접한 95.4% 수준으로, 강한 상승 모멘텀을 시사합니다."", ""최근 1개월 수익률이 8.63%로 양호하며, 거래량 변화율 또한 16.11%로 증가 추세를 보이고 있어 추가 상승 가능성을 높입니다."", ""PER 7.7, PBR 0.62, ROE 8.1%의 재무 지표는 현재 주가가 기업 가치 대비 저평가되었을 가능성을 내포하며, 이는 향후 주가 상승의 기반이 될 수 있습니다.""]",1.8207282913165268,10.92436974789916,-3.7906612855188775,-2.5220028251523026
055550,신한지주,2025-11-03,74100,Sell,75,"[""현재가가 52주 최고가에 근접한 98.7% 수준으로, 단기 상승 여력이 제한적일 수 있습니다."", ""최근 1개월 수익률이 7.08%로 양호했으나, 거래량 변화율이 -3.89%로 감소하는 추세는 매수세 약화를 시사합니다."", ""PER 8.1, PBR 0.65, ROE 8.1% 등 재무 지표는 안정적이나, 현재 주가 수준에서 추가적인 상승을 강하게 지지할 만한 모멘텀은 부족해 보입니다.""]",2.094240837696335,6.544502617801047,2.46665637094199,9.621115892777148
055550,신한지주,2025-12-01,79700,Buy,75,"[""현재가(79,700원)가 52주 최고가(81,400원)에 근접하며 강한 상승 모멘텀을 시사합니다."", ""최근 1개월 수익률(8.73%)이 양호하며, 이는 단기적인 주가 상승 추세가 지속될 가능성을 나타냅니다."", ""PER(8.3) 및 PBR(0.69) 지표가 낮아 상대적으로 저평가된 상태이며, 이는 향후 주가 상승 여력을 시사합니다.""]",-3.6855036855036856,-5.896805896805897,-7.405719058488953,-13.774290608678202
035720,카카오,2023-01-02,52700,Sell,65,"[""최근 1개월 수익률이 -8.98%로 하락세를 보이고 있으며, 거래량 변화율 또한 -51.43%로 감소하여 투자 심리가 위축된 것으로 판단됩니다."", ""52주 최고가 대비 현재 위치가 8.0%로, 52주 내에서 상당히 낮은 수준에 머물러 있어 추가적인 하락 가능성을 시사합니다."", ""PER 35.5, PBR 2.05, ROE 5.8%의 재무 지표는 현재 주가 수준이 기업의 내재 가치 대비 고평가되었을 가능성을 배제할 수 없으며, 이는 하락 압력으로 작용할 수 있습니다.""]",13.883677298311445,21.013133208255162,7.905798559601937,9.736157709309829
035720,카카오,2023-02-01,62200,Sell,75,"[""현재 PER 41.9는 동종 업계 평균 대비 높은 수준으로 밸류에이션 부담이 존재합니다."", ""ROE 5.8%는 낮은 수준으로 기업의 수익 창출 능력이 저조함을 시사합니다."", ""최근 1개월 수익률 17.14%와 거래량 변화율 44.97%는 단기적인 수급에 의한 상승 가능성을 시사하나, 52주 최고가 대비 현재 위치가 24.4%로 여전히 높은 수준에 있어 추가 상승 여력이 제한적입니다.""]",9.922480620155039,-5.426356589147287,9.410507579748058,-3.9353971257468805
035720,카카오,2023-03-02,61200,Sell,65,"[""현재 PER 41.2배는 동종 업계 평균 대비 높은 수준으로 밸류에이션 부담이 존재합니다."", ""ROE 5.8%는 낮은 수준으로 기업의 수익성이 부진함을 시사합니다."", ""최근 1개월 수익률이 -0.33%로 약세를 보이고 있으며, 52주 최고가 대비 현재 위치가 22.7%로 하락 추세가 지속될 가능성이 있습니다.""]",-4.754098360655737,0.16393442622950818,-3.2130242961756847,-1.6777066449567637
035720,카카오,2023-04-03,60200,Sell,65,"[""최근 1개월 수익률이 마이너스이며 거래량 변화율 또한 감소 추세를 보여 단기적인 하락 압력이 존재합니다."", ""52주 최고가 대비 현재 위치가 21.4%로, 상승 여력보다는 하락 가능성이 상대적으로 높아 보입니다."", ""ROE가 13.9%로 양호하나, PER 19.3, PBR 2.69는 현재 주가 수준이 재무 지표 대비 고평가되었을 가능성을 시사합니다.""]",-2.3064250411861615,-3.9538714991762767,-5.02159248659053,-4.796037021589001
035720,카카오,2023-05-02,58500,Sell,65,"[""최근 1개월 수익률이 -4.26%로 하락세를 보이고 있으며, 거래량 변화율 또한 -16.96%로 감소하여 투자 심리가 위축된 것으로 판단됩니다."", ""현재가가 52주 최고가 대비 약 34.9% 하락한 위치에 있으며, 52주 내 현재 위치가 26.3%로 낮은 편에 속해 추가적인 하락 가능성을 시사합니다."", ""ROE 13.9%는 양호한 수준이나, PER 18.8, PBR 2.61은 현재 시장 상황에서 밸류에이션 부담이 존재할 수 있음을 나타냅니다.""]",-3.9451114922813035,-1.8867924528301887,-3.529344321896715,-5.88295460202664
035720,카카오,2023-06-01,56100,Sell,65,"[""현재 PER 192.1, ROE 1.2%는 시장 평균 대비 높은 밸류에이션과 낮은 수익성을 시사하며, 이는 향후 주가 상승에 부담 요인으로 작용할 수 있습니다."", ""최근 1개월 수익률 -3.44%와 거래량 변화율 -22.05%는 단기적으로 매도 압력이 존재함을 나타냅니다."", ""52주 최고가 대비 현재 위치가 22.9%로, 상승 여력 대비 하락 위험이 상대적으로 높아 보입니다.""]",-1.048951048951049,-10.839160839160838,-2.1249266924605896,-10.8818308271671
035720,카카오,2023-07-03,51000,Sell,75,"[""카카오의 PER 174.7은 동종 업계 평균 대비 높은 수준으로, 현재 주가가 고평가되었을 가능성을 시사합니다."", ""최근 1개월 수익률이 -9.09%로 하락세를 보이고 있으며, 이는 단기적인 투자 심리 위축을 나타냅니다."", ""52주 최고가 대비 현재 위치가 10.2%로, 상승 여력보다는 하락 위험이 상대적으로 높아 보입니다.""]",1.5015015015015014,9.90990990990991,2.6899440710361953,7.065668380744472
035720,카카오,2023-08-01,54900,Sell,65,"[""현재 PER 188.0, ROE 1.2%는 시장 평균 대비 높은 밸류에이션과 낮은 수익성을 시사하며, 이는 향후 주가 상승에 부담으로 작용할 수 있습니다."", ""52주 최고가 대비 현재 위치가 20.9%로, 상승 여력이 제한적일 수 있다는 신호로 해석될 수 있습니다."", ""최근 1개월 수익률 7.65%와 거래량 변화율 34.43%는 단기적인 관심 증가를 나타내지만, 재무 지표의 부담을 상쇄할 만큼 강력한 상승 모멘텀으로 보기에는 불확실성이 존재합니다.""]",-0.7518796992481203,-9.586466165413533,-0.3180891340973671,-7.285656295627149
035720,카카오,2023-09-01,48950,Sell,65,"[""최근 1개월 수익률이 -7.99%로 하락세를 보이고 있으며, 거래량 변화율 또한 -31.76%로 감소하여 투자 심리가 위축된 것으로 판단됩니다."", ""현재 PER 183.3배는 동종 업계 평균 대비 높은 수준으로 밸류에이션 부담이 존재하며, ROE 1.1%는 낮은 수익성을 시사합니다."", ""52주 최고가 대비 현재 위치가 6.3%로 하락 추세가 지속될 경우 추가 하락 가능성이 존재합니다.""]",-1.7311608961303464,-14.358452138492872,-0.6605683364971386,-7.555720521770419
035720,카카오,2023-10-04,41600,Sell,75,"[""최근 1개월 수익률이 -15.10%로 하락세를 보이고 있으며, 52주 최저가와 현재가가 동일하여 추가 하락 가능성이 있습니다."", ""거래량 변화율이 -9.47%로 감소하는 추세는 투자 심리 위축을 시사합니다."", ""PER 155.8, ROE 1.1%는 현재 주가 수준 대비 기업의 수익성이 낮음을 나타내어 밸류에이션 부담이 존재합니다.""]",5.752753977968176,1.101591187270502,3.5664501004511107,2.568557404611148
035720,카카오,2023-11-01,37600,Sell,65,"[""현재가가 52주 최저가와 동일한 수준으로, 기술적으로 반등 가능성이 있으나 PER이 140.8배로 매우 높아 밸류에이션 부담이 크다."", ""ROE가 1.1%로 매우 낮은 수준이며, 이는 기업의 수익성이 저조함을 시사하여 주가 상승 동력이 약하다."", ""최근 1개월 수익률이 -14.06%로 하락세를 보이고 있으며, 거래량 변화율이 21.59%로 증가했음에도 불구하고 주가 하락을 막지 못하고 있어 하락 추세가 지속될 가능성이 있다.""]",18.28793774319066,30.99870298313878,14.704681230506715,22.7972450979259
035720,카카오,2023-12-01,49700,Sell,65,"[""현재 PER 502.0은 동종 업계 평균 대비 높은 수준으로 밸류에이션 부담이 존재합니다."", ""ROE 0.4%는 낮은 수준으로 기업의 수익 창출 능력이 저조함을 시사합니다."", ""최근 1개월 수익률이 28.92%로 높지만, 52주 최고가 대비 현재 위치가 36.3%로 상승 여력이 제한적일 수 있습니다.""]",2.559055118110236,12.598425196850393,2.145130387996305,9.732761863583324
035720,카카오,2024-01-02,57900,Sell,75,"[""현재 PER 584.9배는 동종 업계 평균 대비 높은 수준으로 밸류에이션 부담이 존재합니다."", ""ROE 0.4%는 낮은 수준으로 기업의 수익성이 부진함을 시사합니다."", ""최근 1개월 수익률이 14.65%로 상승했으나, 거래량 변화율이 -23.10%로 감소한 점은 상승 모멘텀 약화를 나타낼 수 있습니다.""]",4.593639575971731,-7.243816254416961,7.099287159112974,-3.0164708294387346
035720,카카오,2024-02-01,52700,Sell,65,"[""현재 PER 532.3배는 동종 업계 평균 대비 높은 수준으로 밸류에이션 부담이 존재합니다."", ""최근 1개월 수익률이 -6.89%로 하락세를 보이고 있으며, 이는 단기적인 투자 심리 위축을 시사합니다."", ""52주 최고가 대비 현재 위치가 45.4%로, 상승 여력보다는 하락 위험이 상대적으로 높아 보입니다.""]",-2.841918294849023,-7.8152753108348145,-4.154573391185592,-8.81630386959075
035720,카카오,2024-03-04,53100,Sell,65,"[""현재 PER 536.4배, ROE 0.4%로 수익성에 비해 밸류에이션 부담이 매우 높은 수준입니다."", ""최근 1개월 수익률이 -2.21%로 하락세를 보이고 있으며, 거래량 변화율 또한 음수(-4.26%)로 매도 압력이 감지됩니다."", ""52주 최고가 대비 현재 위치가 59.6%로 상승 여력보다는 하락 위험이 상대적으로 높아 보입니다.""]",7.930367504835589,-0.9671179883945842,6.707071664267919,-4.88347640916909
035720,카카오,2024-04-01,53800,Neutral,55,"[""현재가(53,800원)는 52주 최고가(61,600원) 대비 약 12.6% 하락한 수준으로, 상승 여력과 하락 압력이 공존하는 위치에 있습니다."", ""최근 1개월 수익률이 0.94%로 소폭 상승했으나, 거래량 변화율이 -41.38%로 크게 감소하여 시장의 관심이 줄어들었음을 시사합니다."", ""PER이 '해당없음(적자)'으로 재무 건전성에 대한 명확한 긍정적 신호를 찾기 어렵고, PBR 2.45는 자산 가치 대비 프리미엄이 존재함을 나타내지만, 적자 기업임을 감안할 때 추가 상승 동력은 제한적일 수 있습니다.""]",-3.80859375,-5.6640625,-2.0651425884256636,-3.1393272866451727
035720,카카오,2024-05-02,48300,Sell,65,"[""최근 1개월 수익률이 -10.22%로 하락세를 보이고 있어 단기적인 하락 압력이 존재합니다."", ""PER이 적자로 산출되지 않아 기업의 수익성 개선에 대한 불확실성이 존재합니다."", ""52주 최고가 대비 현재 위치가 45.5%로, 상승 여력보다는 하락 가능성에 무게가 실립니다.""]",-4.471544715447155,-9.34959349593496,-6.361234362503338,-8.806746707249179
035720,카카오,2024-06-03,44300,Sell,75,"[""최근 1개월 수익률이 -8.85%로 하락세를 보이고 있으며, 이는 향후 주가 하락 가능성을 시사합니다."", ""현재가가 52주 최고가 대비 상당 부분 하락한 위치에 있으며, 이는 추가적인 하락 압력이 존재할 수 있음을 나타냅니다."", ""PER이 '해당없음(적자)'으로 재무 건전성에 대한 우려가 존재하며, 이는 투자 심리에 부정적인 영향을 미칠 수 있습니다.""]",-3.4753363228699556,-10.089686098654708,-5.957211534169312,-15.04479672560337
035720,카카오,2024-07-01,41000,Sell,65,"[""최근 1개월 수익률이 -6.07%로 하락세를 보이고 있으며, 거래량 변화율 또한 -7.92%로 감소하는 추세는 매도 압력을 시사합니다."", ""현재가가 52주 최고가 대비 14.5% 낮은 수준에 위치해 있어 추가 하락 가능성을 배제할 수 없습니다."", ""PER이 '해당없음(적자)'으로 재무 건전성에 대한 우려가 존재하며, 이는 투자 심리에 부정적인 영향을 미칠 수 있습니다.""]",6.125,-2.375,3.0137322626813297,-0.8405825895586232
035720,카카오,2024-08-01,39800,Sell,65,"[""현재가(39,800원)가 52주 최저가(37,600원)에 근접하며 하방 경직성을 보이고 있으나, 52주 최고가(61,100원) 대비 상당한 하락폭을 기록하고 있어 추가 하락 가능성을 배제할 수 없습니다."", ""최근 1개월 수익률이 -0.75%로 약세를 보이고 있으며, PER이 '해당없음(적자)'으로 재무 건전성에 대한 우려가 존재합니다."", ""거래량 변화율이 21.66%로 증가했으나, 이는 하락 추세 속에서 나타나는 현상일 수 있으며, 명확한 상승 전환 신호로 보기 어렵습니다.""]",-6.447534766118837,-6.700379266750948,-3.1682459263877187,-6.880112394817339
035720,카카오,2024-09-02,36900,Sell,65,"[""최근 1개월 수익률이 -7.29%로 하락세를 보이고 있으며, 이는 단기적인 매도 압력을 시사합니다."", ""거래량 변화율이 -0.36%로 음수이며, 이는 최근 거래량 감소와 함께 매도세가 우위를 점하고 있을 가능성을 나타냅니다."", ""현재가가 52주 최저가에 근접해 있으나, 52주 최고가 대비 상당한 하락폭을 기록하고 있어 추가 하락 가능성을 배제할 수 없습니다.""]",-5.939226519337017,2.209944751381215,-0.640179372078288,4.847083866380295
035720,카카오,2024-10-02,36000,Sell,65,"[""현재가(36,000원)가 52주 최저가(34,000원)에 근접하며 기술적 반등 가능성이 있으나, 최근 1개월 수익률이 -3.10%로 하락세를 보이고 있습니다."", ""거래량 변화율이 -14.97%로 감소하며 시장의 관심이 줄어들고 있음을 시사합니다."", ""PER이 '해당없음(적자)'으로 재무적 안정성에 대한 우려가 존재하며, 이는 단기적인 주가 상승 동력을 약화시킬 수 있습니다.""]",-0.544959128065395,1.7711171662125342,-2.630019309953621,1.0216162497667187
035720,카카오,2024-11-01,36150,Sell,65,"[""현재가(36,150원)가 52주 최저가(34,000원)에 근접하며 기술적 반등 가능성이 있으나, 최근 1개월 수익률이 0.00%로 횡보하며 상승 동력이 약한 모습을 보입니다."", ""거래량 변화율이 -6.47%로 감소하는 추세는 매도 압력이 존재할 가능성을 시사합니다."", ""PER이 '해당없음(적자)'으로 재무 건전성에 대한 우려가 존재하며, 이는 주가 상승에 부담으로 작용할 수 있습니다.""]",-9.772423025435073,12.851405622489958,-7.55880139212144,18.046135573010815
035720,카카오,2024-12-02,42150,Buy,65,"[""최근 1개월 수익률이 16.60%로 양호한 상승세를 보이고 있으며, 거래량 변화율 또한 58.75%로 증가하여 투자자들의 관심이 높아지고 있음을 시사합니다."", ""현재가가 52주 최고가 대비 33.0% 수준에 위치하여 추가적인 상승 여력이 존재할 가능성이 있습니다."", ""PBR 1.84는 자산 가치 대비 주가가 과도하게 고평가되지 않았음을 나타내며, 적자 기업임에도 불구하고 시장에서 일정 수준의 가치를 인정받고 있음을 보여줍니다.""]",2.0954598370197903,-11.40861466821886,5.385728226284211,-9.081507752495495
035720,카카오,2025-01-02,37450,Sell,75,"[""최근 1개월 수익률이 -6.61%로 하락세를 보이고 있으며, 이는 단기적인 하방 압력을 시사합니다."", ""현재가가 52주 최저가(32,800원)에 근접한 37,450원으로, 추가적인 하락 가능성을 배제할 수 없습니다."", ""거래량 변화율이 93.25%로 높게 나타나고 있으나, 이는 하락 추세 속에서 매도 물량이 증가하고 있음을 시사할 수 있습니다.""]",-3.942181340341656,19.053876478318003,-6.96685045317091,15.170456874072165
035720,카카오,2025-02-03,41800,Neutral,55,"[""최근 1개월 수익률이 8.43%로 긍정적인 흐름을 보이고 있으나, 거래량 변화율이 -35.20%로 감소하여 상승 동력 약화 가능성을 시사합니다."", ""52주 최고가 대비 현재 위치가 34.1%로, 상승 여력이 남아있다고 볼 수도 있으나, PER이 없어 적자 기업이라는 점은 투자에 부담으로 작용합니다."", ""PBR 1.83은 자산 가치 대비 주가가 높지 않다는 신호일 수 있으나, ROE가 N/A%로 수익성이 불확실한 상황에서 긍정적인 신호로 해석하기 어렵습니다.""]",4.767726161369193,5.378973105134474,2.4563979938704272,2.2988140199949094
035720,카카오,2025-03-04,41900,Buy,65,"[""최근 1개월 수익률이 9.26%로 양호한 흐름을 보이고 있으며, 거래량 변화율이 125.76%로 크게 증가하여 매수세 유입 가능성을 시사합니다."", ""현재가가 52주 최저가 대비 약 27.7% 상승한 수준으로, 기술적 반등의 여지가 남아있습니다."", ""PER이 적자임에도 불구하고 PBR이 1.83으로 자산 가치 대비 과도한 저평가는 아닌 것으로 판단됩니다.""]",2.320185614849188,-5.104408352668213,1.6677559103384691,-3.0611189185894143
035720,카카오,2025-04-01,42200,Sell,65,"[""PER 334.9배는 현재 이익 대비 높은 밸류에이션을 시사하며, ROE 0.6%는 낮은 수익성을 나타내어 주가 상승 동력이 약할 수 있습니다."", ""최근 1개월 수익률 -2.20%와 거래량 변화율 -59.48%는 단기적으로 매도 압력이 존재함을 시사합니다."", ""현재 주가는 52주 최고가 대비 하락한 상태이며, 52주 최저가 대비로는 상승했으나 52주 내 위치가 42.5%로 중간 이하에 머물러 있어 추가 상승보다는 하락 가능성에 무게가 실립니다.""]",-9.168704156479219,-6.47921760391198,-0.7021497599845912,-8.50447041133139
035720,카카오,2025-05-02,38050,Sell,65,"[""카카오의 PER 302.0은 동종 업계 평균 대비 높은 수준으로, 현재 주가가 고평가되었을 가능성을 시사합니다."", ""ROE 0.6%는 낮은 수준으로, 기업의 수익 창출 능력이 저조함을 나타내어 주가 상승 동력이 약할 수 있습니다."", ""최근 1개월 수익률이 -6.97%로 하락세를 보이고 있으며, 52주 최고가 대비 현재 위치가 30.9%로 하락 추세가 지속될 가능성을 배제할 수 없습니다.""]",-1.0430247718383312,15.514993481095177,-3.6372434368472666,6.258252475578043
035720,카카오,2025-06-02,43150,Buy,75,"[""최근 1개월 수익률이 12.22%로 양호한 상승세를 보이고 있으며, 52주 최고가 대비 현재 위치가 75% 수준으로 추가 상승 여력이 존재합니다."", ""PER 123.6, PBR 1.84, ROE 1.5%는 현재 시장에서 고평가된 것으로 보일 수 있으나, 이는 성장 기대감이 반영된 수치일 수 있습니다."", ""거래량 변화율이 음수(-12.40%)인 점은 단기적인 매도 압력이 존재함을 시사하지만, 최근 수익률 상승세를 고려할 때 이는 일시적인 조정일 가능성이 있습니다.""]",21.394230769230766,43.02884615384615,16.009942972028472,30.562229532171866
035720,카카오,2025-07-01,60100,Sell,75,"[""카카오의 PER 172.2는 동종 업계 평균 대비 높은 수준으로, 현재 주가가 고평가되었을 가능성을 시사합니다."", ""최근 1개월 수익률 36.59%와 거래량 변화율 280.54%는 단기 급등 후 차익 실현 매물이 출회될 가능성을 높입니다."", ""ROE 1.5%는 낮은 수준으로, 기업의 수익 창출 능력이 주가 상승을 뒷받침하기에는 부족해 보입니다.""]",3.0664395229982966,-4.088586030664395,1.1581840743241296,-9.922943734253913
035720,카카오,2025-08-01,55500,Sell,65,"[""최근 1개월 수익률이 -6.72%로 하락세를 보이고 있으며, 거래량 변화율 또한 -71.02%로 크게 감소하여 투자 심리가 위축되었음을 시사합니다."", ""현재 PER 159.0, PBR 2.37, ROE 1.5%는 시장 평균 대비 높은 밸류에이션과 낮은 수익성을 나타내어 추가적인 주가 상승 동력이 약할 수 있습니다."", ""52주 최고가 대비 현재 위치가 60.4%로 상승 여력이 제한적일 수 있으며, 최근의 하락 추세와 거래량 감소는 단기적인 하락 압력을 시사합니다.""]",15.884476534296029,7.039711191335741,14.009486462022183,6.258200588524211
035720,카카오,2025-09-01,61200,Sell,75,"[""카카오의 PER 126.2는 동종 업계 평균 대비 높은 수준으로, 현재 주가가 고평가되었을 가능성을 시사합니다."", ""ROE 2.0%는 낮은 수준으로, 기업의 수익 창출 능력이 주가 수준에 비해 미흡함을 나타냅니다."", ""최근 1개월 수익률 5.52%와 거래량 변화율 66.48%는 단기적인 상승 모멘텀을 보여주지만, 재무 지표의 약세는 이러한 상승세가 지속되기 어렵다는 점을 시사합니다.""]",0.5059021922428331,0.5059021922428331,-2.2586099202290026,-7.4456163980766465
035720,카카오,2025-10-01,60000,Sell,65,"[""카카오의 PER 123.7은 동종 업계 평균 대비 높은 수준으로, 현재 주가가 고평가되었을 가능성을 시사합니다."", ""ROE 2.0%는 낮은 수준으로, 기업의 수익 창출 능력이 주가 수준에 비해 미흡함을 나타냅니다."", ""최근 1개월 수익률이 1.18%로 미미하고 거래량 변화율이 -18.29%로 감소하는 추세는 투자 심리가 위축되었음을 보여줍니다.""]",-1.6778523489932886,1.8456375838926176,-7.2892419258286925,-11.600734989158845
035720,카카오,2025-11-03,64500,Sell,75,"[""현재 PER 133.0, ROE 2.0%는 시장 평균 대비 높은 밸류에이션과 낮은 수익성을 시사하며, 이는 향후 주가 상승에 부담 요인으로 작용할 수 있습니다."", ""52주 최고가 대비 현재 위치가 84.3%로, 단기적으로 상승 여력이 제한적일 수 있습니다."", ""최근 1개월 수익률 8.77%와 거래량 변화율 15.40%는 긍정적인 움직임을 보였으나, 높은 밸류에이션과 낮은 수익성을 고려할 때 상승 추세 지속 가능성이 불확실합니다.""]",-0.1557632398753894,-7.320872274143301,0.21665229337026545,-4.244258999167201
035720,카카오,2025-12-01,59500,Sell,65,"[""PER 112.7, ROE 2.2%로 수익성 대비 밸류에이션 부담이 높은 수준입니다."", ""최근 1개월 수익률이 -8.60%로 하락 추세가 관찰됩니다."", ""52주 최고가 대비 현재 위치가 69.1%로 상승 여력 대비 하락 위험이 존재합니다.""]",2.1848739495798317,4.369747899159663,-1.5353414234054354,-3.5077368127126416
035420,네이버,2023-01-02,179500,Sell,65,"[""최근 1개월 수익률이 -4.27%로 하락세를 보이고 있으며, 거래량 변화율 또한 -40.58%로 감소하여 투자 심리가 위축된 것으로 판단됩니다."", ""52주 최고가 대비 현재 위치가 9.3%로, 52주 내에서 상대적으로 높은 위치에 있어 추가 상승 여력이 제한적일 수 있습니다."", ""PER이 '해당없음(적자)'으로 표시되어 있어 현재 기업의 수익성 측면에서 긍정적인 신호를 찾기 어렵습니다.""]",8.123249299719888,18.487394957983195,2.1453705610103793,7.210419459037862
035420,네이버,2023-02-01,205500,Buy,75,"[""최근 1개월 수익률이 15.77%로 강한 상승세를 보이고 있으며, 이는 단기적인 매수 심리 강화를 시사합니다."", ""거래량 변화율이 27.44%로 긍정적인 흐름을 나타내고 있어, 향후 주가 상승에 대한 기대감을 높입니다."", ""현재 주가가 52주 최저가 대비 약 25.1% 수준에 위치하여 추가적인 상승 여력이 존재할 가능성이 있습니다.""]",8.747044917257684,-2.8368794326241136,8.235071876850704,-1.3459199692237076
035420,네이버,2023-03-02,206000,Neutral,55,"[""PER이 없어 적자 상태임을 감안할 때, 현재 PBR 1.43은 밸류에이션 부담이 크지 않으나 상승 동력도 명확하지 않습니다."", ""52주 최고가 대비 현재 위치가 25.4%로, 52주 내에서 상승 여력이 제한적일 수 있습니다."", ""최근 1개월 수익률이 소폭 상승했으나, 거래량 변화율이 높다는 점은 변동성 확대 가능성을 시사하며 방향성을 특정하기 어렵습니다.""]",-2.7737226277372264,-1.70316301703163,-1.2326485632571738,-3.544804088217902
035420,네이버,2023-04-03,198200,Sell,65,"[""최근 1개월 수익률이 -3.55%로 하락세를 보이고 있으며, 거래량 변화율 또한 -29.09%로 감소하여 투자 심리가 위축된 것으로 판단됩니다."", ""52주 최고가 대비 현재 위치가 21.6%로, 52주 내에서 상승 여력보다는 하락 가능성이 상대적으로 높아 보입니다."", ""PER이 '해당없음(적자)'으로 표시되어 있어 현재 기업의 수익성 측면에서 긍정적인 신호를 찾기 어렵습니다.""]",-0.5472636815920399,-4.179104477611941,-3.2624311269964084,-5.021270000024665
035420,네이버,2023-05-02,193200,Sell,65,"[""최근 1개월 수익률이 -4.36%로 하락세를 보이고 있으며, 거래량 변화율 또한 -0.67%로 감소 추세에 있어 투자 심리가 위축된 것으로 판단됩니다."", ""52주 최고가 대비 현재 위치가 26.4%로, 상승 여력 대비 하락 위험이 상대적으로 높아 보입니다."", ""PER이 '해당없음(적자)'으로 표시되어 있어 현재 기업의 수익성 측면에서 긍정적인 신호를 찾기 어렵습니다.""]",9.553478712357217,6.178608515057113,9.969245882741806,2.182446365860662
035420,네이버,2023-06-01,204000,Neutral,55,"[""PER이 적자로 산출되지 않아 기업의 수익성 대비 밸류에이션 판단이 어렵습니다."", ""현재가는 52주 최저가 대비 상승했으나 최고가 대비로는 상당한 하락폭을 보이며 방향성이 불확실합니다."", ""최근 1개월 수익률은 긍정적이나, 거래량 변화율이 크지 않아 추세 전환의 강한 신호로 보기 어렵습니다.""]",-1.9559902200488997,-7.432762836185819,-3.0319658635584403,-7.4754328241920796
035420,네이버,2023-07-03,189300,Sell,65,"[""최근 1개월 수익률이 -7.21%로 하락세를 보이고 있으며, 거래량 변화율 또한 -18.26%로 감소하여 투자 심리가 위축된 것으로 판단됩니다."", ""현재가가 52주 최고가 대비 약 30% 하락한 위치에 있으며, 52주 내 현재 위치가 26.8%로 낮은 편에 속하여 추가적인 하락 가능성을 시사합니다."", ""PER이 '해당없음(적자)'으로 표시되어 있어 현재 기업의 수익성 측면에서 긍정적인 신호를 찾기 어렵습니다.""]",4.610492845786964,23.476417594064653,5.798935415321657,20.632176064899216
035420,네이버,2023-08-01,233000,Buy,75,"[""최근 1개월 수익률이 23.09%로 강한 상승세를 보이고 있으며, 이는 단기적인 매수 심리 강화를 시사합니다."", ""거래량 변화율이 56.02%로 높게 나타나, 최근 거래량이 증가하며 주가 상승에 대한 시장의 관심을 반영하고 있습니다."", ""현재가가 52주 최고가 대비 약 15% 하락한 수준에 있어 추가적인 상승 여력이 존재할 가능성이 있습니다.""]",0.0,-5.714285714285714,0.43379056515075315,-3.4134758444993296
035420,네이버,2023-09-01,214500,Sell,75,"[""최근 1개월 수익률이 -5.71%로 하락세를 보이고 있으며, 이는 단기적인 투자 심리 위축을 시사합니다."", ""현재가가 52주 최고가 대비 약 10.9% 하락한 수준으로, 추가적인 하락 가능성을 배제할 수 없습니다."", ""PER이 '해당없음(적자)'으로 표시되어 있어, 현재 기업의 수익성 측면에서 투자 매력도가 낮습니다.""]",0.0,-9.739952718676124,1.0705925596332078,-2.9372211019536705
035420,네이버,2023-10-04,191200,Sell,65,"[""최근 1개월 수익률이 -12.09%로 하락세를 보이고 있으며, 거래량 변화율 또한 -43.04%로 감소하여 투자 심리가 위축된 것으로 판단됩니다."", ""PER이 '해당없음(적자)'으로 재무 건전성에 대한 우려가 존재하며, 이는 향후 주가 상승에 부정적인 요인으로 작용할 수 있습니다."", ""52주 최고가 대비 현재 위치가 43.0%로, 상승 여력보다는 하락 위험이 상대적으로 높아 보입니다.""]",1.2671594508975714,5.860612460401267,-0.9191444266194939,7.327578677741913
035420,네이버,2023-11-01,187700,Sell,75,"[""최근 1개월 수익률이 -6.62%로 하락세를 보이고 있으며, 거래량 변화율 또한 -14.13%로 감소하는 추세는 매도 압력을 시사합니다."", ""현재 주가는 52주 최고가 대비 약 62.4% 수준으로, 52주 내 현재 위치가 37.6%에 불과하여 추가적인 상승 여력보다는 하락 가능성에 무게가 실립니다."", ""PER이 '해당없음(적자)'으로 표시되어 있어 현재 기업의 수익성 측면에서 긍정적인 신호를 찾기 어렵습니다.""]",3.878406708595388,9.014675052410901,0.29515019591144354,0.8132171671980188
035420,네이버,2023-12-01,206000,Neutral,55,"[""최근 1개월 수익률이 7.97%로 긍정적인 흐름을 보이고 있으나, 거래량 변화율이 -13.42%로 감소하는 추세는 매수세 약화를 시사합니다."", ""52주 최고가 대비 현재 위치가 50.0%로 중간 지점에 위치하여 상승 및 하락 가능성이 혼재합니다."", ""PER이 '해당없음(적자)'으로 재무 건전성에 대한 직접적인 판단이 어렵고, ROE 또한 제공되지 않아 추가적인 분석이 필요합니다.""]",3.32541567695962,5.938242280285035,2.9114909468456887,3.0725789470179654
035420,네이버,2024-01-02,227500,Buy,75,"[""현재가가 52주 최고가 대비 낮은 수준(87.7%)에 위치하여 상승 여력이 존재합니다."", ""최근 1개월 수익률이 9.64%로 긍정적인 흐름을 보이고 있으며, 거래량 변화율 또한 19.43%로 증가 추세입니다."", ""PBR 1.63은 자산 가치 대비 현재 주가가 과도하게 고평가되지 않았음을 시사합니다.""]",4.054054054054054,-9.684684684684685,6.559701637195296,-5.457339259706458
035420,네이버,2024-02-01,202500,Sell,65,"[""최근 1개월 수익률이 -8.78%로 하락세를 보이고 있어 단기적인 하락 압력이 존재합니다."", ""PER이 '해당없음(적자)'으로 표시되어 있어 현재 기업의 수익성 측면에서 부정적인 신호를 주고 있습니다."", ""52주 최고가 대비 현재 위치가 43.1%로, 52주 내에서 중간보다 약간 낮은 수준에 머물러 있어 상승 모멘텀이 강하지 않습니다.""]",-7.44920993227991,-14.311512415349886,-8.761865028616478,-15.312540974105822
035420,네이버,2024-03-04,192000,Sell,65,"[""최근 1개월 수익률이 -8.35%로 하락세를 보이고 있으며, 이는 단기적인 매도 압력을 시사합니다."", ""현재가가 52주 최고가 대비 약 17.3% 하락한 위치에 있으며, 이는 추가적인 하락 가능성을 내포합니다."", ""PER이 '해당없음(적자)'으로 표시되어 있어 현재 기업의 수익성 측면에서 긍정적인 신호를 찾기 어렵습니다.""]",0.9538950715421303,1.7488076311605723,-0.2694007690255399,-2.1675507896139337
035420,네이버,2024-04-01,194300,Neutral,55,"[""현재가(194,300원)는 52주 최저가(178,300원) 대비 상승했으나 52주 최고가(234,500원) 대비로는 하락한 위치에 있어 방향성 판단이 불확실합니다."", ""최근 1개월 수익률(-0.36%)과 거래량 변화율(-7.85%)이 모두 하락세를 나타내고 있어 단기적인 하락 압력이 존재합니다."", ""PER(29.2) 및 PBR(1.36) 지표는 시장 평균 대비 높은 수준으로 밸류에이션 부담이 존재하나, ROE(4.7%)는 낮은 수준으로 수익성 측면에서 매력도가 떨어집니다.""]",-1.5625,-1.6666666666666667,0.18095116157433666,0.8580685466881606
035420,네이버,2024-05-02,188800,Sell,65,"[""최근 1개월 수익률이 마이너스(-)를 기록하며 약세를 보이고 있습니다."", ""거래량 변화율이 마이너스(-)를 기록하며 투자자들의 관심이 줄어들고 있음을 시사합니다."", ""현재가가 52주 최고가 대비 상당 부분 하락한 위치에 있으며, 52주 내 현재 위치가 18.7%로 낮은 편입니다.""]",-5.292908530318603,-9.146968139773895,-7.1825981773747865,-8.604121351088114
035420,네이버,2024-06-03,172700,Sell,65,"[""최근 1개월 수익률이 -6.34%로 하락세를 보이고 있으며, 52주 최고가 대비 현재 위치가 3.9%로 낮은 편에 속해 추가 하락 가능성이 있습니다."", ""ROE가 6.7%로 낮은 수준이며, PER 17.8, PBR 1.20은 현재 시장 상황에서 매력적인 밸류에이션이라고 보기 어렵습니다."", ""거래량 변화율이 21.82%로 증가했으나, 이는 하락 추세 속에서 매도 물량이 증가했을 가능성을 시사합니다.""]",-4.751131221719457,-9.615384615384617,-7.233006433018813,-14.570495242333278
035420,네이버,2024-07-01,162900,Sell,75,"[""현재가가 52주 최저가와 동일한 수준으로, 기술적으로 추가 하락 가능성이 존재합니다."", ""최근 1개월 수익률이 마이너스(-)를 기록하고 있으며, 거래량 변화율 또한 감소하는 추세로 투자 심리가 위축된 것으로 판단됩니다."", ""ROE가 6.7%로 낮은 수준이며, PER 16.8배 대비 수익성이 부진하여 현재 주가 수준이 고평가되었을 가능성을 시사합니다.""]",6.75422138836773,8.380237648530331,3.64295365104906,9.914655058971707
035420,네이버,2024-08-01,175000,Buy,65,"[""최근 1개월 수익률이 9.51%로 양호한 상승세를 보이고 있으며, 이는 단기적인 매수 심리 개선을 시사합니다."", ""현재가가 52주 최저가 대비 20.4% 높은 수준으로, 과도한 하락 후 반등 가능성을 내포하고 있습니다."", ""거래량 변화율이 8.05%로 긍정적인 움직임을 보이며, 이는 시장 참여자들의 관심 증가 및 매수세 유입 가능성을 나타냅니다.""]",-4.492415402567095,-2.8004667444574096,-1.2131265628359764,-2.9801998725238006
035420,네이버,2024-09-02,166600,Sell,65,"[""최근 1개월 수익률이 -4.80%로 하락세를 보이고 있으며, 52주 최고가 대비 현재 위치가 13.9%로 하락 여력이 남아있다고 판단됩니다."", ""ROE가 7.0%로 낮은 수준이며, 이는 기업의 수익성이 현재 주가 수준을 정당화하기 어렵다는 신호일 수 있습니다."", ""거래량 변화율이 12.07%로 긍정적인 신호가 있으나, 전반적인 시장 상황 및 재무 지표의 약세를 고려할 때 주가 상승을 강하게 지지하기는 어렵습니다.""]",-3.8112522686025407,0.5444646098003629,1.4877948786561879,3.1816037247994426
035420,네이버,2024-10-02,168200,Neutral,55,"[""현재가(168,200원)는 52주 최저가(155,000원) 대비 상승했으나 52주 최고가(231,500원) 대비 상당한 하락폭을 보이며 52주 내 현재 위치가 17.2%로 낮은 편에 속해 상승 여력과 하락 위험이 공존합니다."", ""최근 1개월 수익률이 2.69%로 소폭 상승했으나, 거래량 변화율이 -6.83%로 감소하는 추세를 보여 단기적인 매수세 유입이 약화될 가능성을 시사합니다."", ""PER(16.6), PBR(1.16), ROE(7.0%) 등 재무 지표는 시장 평균 대비 우수하다고 단정하기 어렵고, 특별히 향후 20거래일 내 주가 상승을 강하게 지지할 만한 명확한 근거가 부족합니다.""]",0.4100761570005858,2.9291154071470418,-1.67498402488764,2.1796144907012263
035420,네이버,2024-11-01,169700,Neutral,55,"[""현재가(169,700원)는 52주 최저가(155,000원) 대비 상승했으나 52주 최고가(231,500원) 대비 상당한 하락폭을 보이며 52주 내 현재 위치가 19.2%로 낮은 편에 속해 상승 여력과 하락 위험이 공존합니다."", ""최근 1개월 수익률이 0.18%로 거의 보합세를 보이고 있으며, 거래량 변화율이 -11.65%로 감소하는 추세는 단기적인 매수세 약화를 시사합니다."", ""PER(16.7), PBR(1.17), ROE(7.0%) 등 재무 지표는 시장 평균 대비 우수하다고 단정하기 어렵고, 특별히 강한 상승 또는 하락을 지지하는 근거가 부족합니다.""]",0.1707455890722823,15.822424587364825,2.3843672223859147,21.01715453788568
035420,네이버,2024-12-02,203500,Buy,75,"[""최근 1개월 수익률이 19.92%로 강한 상승세를 보이고 있으며, 거래량 변화율 또한 72.11%로 증가하여 매수세 유입 가능성을 시사합니다."", ""현재가가 52주 최고가 대비 약 12% 하락한 수준으로, 기술적으로 추가 상승 여력이 존재할 수 있습니다."", ""PER 18.4, PBR 1.34는 시장 평균 대비 과도하게 고평가되었다고 보기 어려우며, ROE 7.3%는 수익성을 보여줍니다.""]",0.0,-4.0669856459330145,3.2902683892644204,-1.7398787302096501
035420,네이버,2025-01-02,193800,Sell,65,"[""최근 1개월 수익률이 -6.15%로 하락세를 보이고 있으며, 거래량 변화율 또한 -9.88%로 감소하여 투자 심리가 위축된 것으로 판단됩니다."", ""현재가가 52주 최고가 대비 약 16.7% 하락한 위치에 있으며, 52주 내 현재 위치가 50.7%로 중간 지점에 있지만 최근 하락 추세가 관찰됩니다."", ""ROE가 7.3%로 낮은 수준이며, PER 17.5, PBR 1.28은 시장 평균 대비 프리미엄이 있다고 볼 수 있으나, 최근 수익률 하락세를 고려할 때 추가적인 상승 동력이 약할 수 있습니다.""]",0.7481296758104738,15.710723192019952,-2.2765394370187804,11.827303587774114
035420,네이버,2025-02-03,217000,Sell,75,"[""현재가가 52주 최고가 대비 93.2% 수준으로, 단기 상승 여력이 제한적일 수 있습니다."", ""최근 1개월 수익률이 8.55%로 양호했으나, 거래량 변화율이 -37.08%로 감소하여 상승 모멘텀이 약화될 가능성이 있습니다."", ""PER 19.6, PBR 1.43, ROE 7.3% 등의 재무 지표는 시장 평균 대비 특별히 우수하다고 보기 어려워, 현재 주가 수준을 정당화하기 위한 추가적인 상승 동력이 부족할 수 있습니다.""]",4.576659038901601,-5.034324942791762,2.2653308714028353,-8.114484027931326
035420,네이버,2025-03-04,205500,Sell,75,"[""최근 1개월 수익률이 -5.08%로 하락세를 보이고 있으며, 이는 단기적인 투자 심리 위축을 시사합니다."", ""52주 최고가 대비 현재 위치가 65.6%로, 상승 여력보다는 하락 위험이 상대적으로 높아 보입니다."", ""거래량 변화율이 48.42%로 높게 나타나고 있으나, 최근 수익률 하락과 함께 나타나는 경우 매도 압력 증가를 동반할 수 있습니다.""]",3.132530120481928,-5.734939759036144,2.4801004159712092,-3.691650324957345
035420,네이버,2025-04-01,196700,Sell,65,"[""최근 1개월 수익률이 -4.98%로 하락세를 보이고 있으며, 거래량 변화율 또한 -36.38%로 감소하여 투자 심리가 위축된 것으로 판단됩니다."", ""현재가가 52주 최고가 대비 약 15.8% 하락한 위치에 있으며, 이는 단기적인 하락 압력이 존재함을 시사합니다."", ""ROE가 7.9%로 낮은 수준이며, 이는 기업의 수익 창출 능력이 상대적으로 약함을 나타내어 향후 주가 상승 동력이 제한적일 수 있습니다.""]",-9.560327198364007,2.505112474437628,-1.0937728018693793,0.47985966701821914
035420,네이버,2025-05-02,197400,Neutral,55,"[""현재가(197,400원)는 52주 최고가(232,000원) 대비 하락했으나 52주 최저가(155,000원) 대비로는 상승한 52주 내 현재 위치(55.1%)에 있어 상승 및 하락 가능성이 혼재합니다."", ""최근 1개월 수익률(0.92%)은 소폭 상승했으나, 거래량 변화율(-21.45%)은 감소하여 매수세가 약화되었음을 시사합니다."", ""PER(15.5), PBR(1.23), ROE(7.9%) 등 재무 지표는 시장 평균 대비 우수하다고 단정하기 어렵고, 뚜렷한 상승 동력을 제공하지 못합니다.""]",-3.9678553490708186,-3.9678553490708186,-6.562074014079753,-13.224596354587952
035420,네이버,2025-06-02,186500,Sell,65,"[""최근 1개월 수익률이 -5.09%로 하락세를 보이고 있으며, 이는 단기적인 매도 압력을 시사합니다."", ""현재가가 52주 최고가 대비 40.9% 낮은 수준에 위치해 있어 추가적인 하락 가능성을 배제할 수 없습니다."", ""거래량 변화율이 3.56%로 크지 않아 매수세가 강하게 유입되지 않는 상황에서 하락 추세가 이어질 가능성이 있습니다.""]",7.223719676549865,36.38814016172507,1.839431879347571,23.92152354005078
035420,네이버,2025-07-01,262000,Buy,75,"[""최근 1개월 수익률이 38.40%로 강한 상승세를 보이고 있으며, 거래량 변화율 또한 338.40%로 급증하여 매수세가 유입되고 있음을 시사합니다."", ""현재가가 52주 최고가 대비 약 10% 하락한 수준으로, 단기적인 조정 후 추가 상승 여력이 존재할 수 있습니다."", ""PER 21.6, PBR 1.57은 절대적으로 저평가되었다고 보기는 어렵지만, 최근의 강한 거래량과 수익률 상승세를 고려할 때 단기적인 추가 상승 가능성을 배제하기 어렵습니다.""]",0.7936507936507936,-7.142857142857142,-1.1146046550233732,-12.97721484644666
035420,네이버,2025-08-01,225000,Sell,65,"[""최근 1개월 수익률이 -11.07%로 하락세를 보이고 있으며, 거래량 변화율 또한 -59.92%로 감소하여 투자 심리가 위축된 것으로 판단됩니다."", ""현재 주가는 52주 최고가 대비 약 48.3% 하락한 수준으로, 기술적으로 추가 하락 가능성을 배제할 수 없습니다."", ""ROE가 7.3%로 낮은 수준이며, PER 18.6, PBR 1.35 대비 수익성이 높지 않아 단기적인 주가 상승 동력이 약하다고 판단됩니다.""]",-4.086021505376344,-3.225806451612903,-5.96101157765019,-4.0073170544244325
035420,네이버,2025-09-01,215500,Sell,65,"[""최근 1개월 수익률이 -8.30%로 하락세를 보이고 있으며, 거래량 변화율 또한 -14.86%로 감소하여 투자 심리가 위축된 것으로 판단됩니다."", ""현재가는 52주 최고가 대비 44.6% 낮은 수준에 위치해 있으나, 이는 하락 추세의 연장 가능성을 시사할 수 있습니다."", ""ROE가 7.9%로 낮은 수준이며, PER 16.4, PBR 1.29 대비 수익성이 부진하여 단기적인 주가 상승 동력이 약하다고 판단됩니다.""]",2.666666666666667,19.333333333333332,-0.09784544580516874,11.381814743013852
035420,네이버,2025-10-01,254500,Buy,75,"[""최근 1개월 수익률이 13.11%로 양호하며, 52주 최고가 대비 현재 위치가 72.4%로 상승 추세에 대한 기대감을 높입니다."", ""거래량 변화율이 126.08%로 크게 증가한 것은 시장의 관심이 집중되고 있음을 시사하며, 이는 단기적인 주가 상승 모멘텀으로 작용할 수 있습니다."", ""PER 19.4, PBR 1.53, ROE 7.9% 등의 재무 지표는 시장 평균 대비 과도하게 고평가되었다고 보기 어려우며, 이는 추가적인 상승 여력을 제공할 수 있습니다.""]",2.9644268774703555,4.3478260869565215,-2.646962699365049,-9.098546486094941
035420,네이버,2025-11-03,274500,Buy,75,"[""최근 1개월 수익률 7.02%와 거래량 변화율 13.69%는 긍정적인 모멘텀을 시사합니다."", ""현재가가 52주 최고가 대비 약 5.5% 하락한 수준으로, 추가 상승 여력이 존재할 수 있습니다."", ""PER 20.9, PBR 1.65는 시장 평균 대비 과도한 고평가 상태는 아니며, ROE 7.9%는 수익성을 보여줍니다.""]",-1.4981273408239701,-8.98876404494382,-1.1257118075783152,-5.91215076996772
035420,네이버,2025-12-01,243000,Sell,75,"[""최근 1개월 수익률이 -9.16%로 하락세를 보이고 있으며, 거래량 변화율 또한 -34.31%로 감소하여 투자 심리가 위축된 것으로 판단됩니다."", ""현재가는 52주 최고가 대비 약 16% 하락한 수준으로, 추가적인 하락 가능성을 배제할 수 없습니다."", ""ROE가 8.4%로 낮은 수준이며, 이는 기업의 수익성이 기대만큼 높지 않음을 시사합니다.""]",2.05761316872428,1.646090534979424,-1.6626022042609874,-6.231394176892881
051910,LG화학,2023-01-02,604000,Sell,75,"[""최근 1개월 수익률이 -16.34%로 하락세를 보이고 있으며, 거래량 변화율 또한 -29.00%로 감소하여 투자 심리가 위축된 것으로 판단됩니다."", ""현재가(604,000원)는 52주 최고가(773,000원) 대비 약 21.8% 하락한 수준으로, 추가 하락 가능성을 배제할 수 없습니다."", ""PER(12.8) 및 PBR(1.45) 지표는 시장 평균 대비 높은 수준은 아니지만, 최근의 부정적인 주가 흐름과 기술적 지표를 고려할 때 단기적인 반등 모멘텀이 약하다고 판단됩니다.""]",4.658901830282862,12.479201331114808,-1.318976908426646,1.202225832169475
051910,LG화학,2023-02-01,688000,Buy,75,"[""최근 1개월 수익률 14.67%로 단기 상승 모멘텀이 확인됩니다."", ""현재가가 52주 최고가 대비 약 17.3% 하락한 수준으로 추가 상승 여력이 존재합니다."", ""거래량 변화율 6.93%는 매수세 유입 가능성을 시사합니다.""]",0.591715976331361,3.9940828402366866,0.07974293592437998,5.485042303637092
051910,LG화학,2023-03-02,678000,Sell,75,"[""최근 1개월 수익률이 마이너스를 기록하며 약세를 보이고 있습니다."", ""현재 주가는 52주 최고가 대비 약 8.2% 하락한 수준으로, 추가 하락 가능성을 시사합니다."", ""거래량 변화율이 9.07%로 긍정적인 신호가 있으나, 최근 수익률 부진과 52주 최고가 대비 하락폭을 고려할 때 하락 추세가 이어질 가능성이 높습니다.""]",0.5689900426742532,1.2802275960170697,2.110064107154306,-0.5614134751692021
051910,LG화학,2023-04-03,712000,Sell,75,"[""현재가(712,000원)가 52주 최고가(740,000원)에 근접한 89.9% 수준에 위치하여 추가 상승 여력이 제한적일 수 있습니다."", ""최근 1개월 수익률(1.28%)이 상대적으로 낮은 수준으로, 단기적인 상승 모멘텀이 강하지 않음을 시사합니다."", ""PER(30.1) 및 PBR(1.77) 지표가 시장 평균 대비 높을 가능성이 있으며, ROE(5.9%)가 이를 뒷받침하지 못해 밸류에이션 부담이 존재할 수 있습니다.""]",11.634349030470915,0.554016620498615,8.919181585066546,-0.28814890191410947
051910,LG화학,2023-05-02,746000,Sell,75,"[""현재가(746,000원)가 52주 최고가(825,000원) 대비 약 10% 하락한 위치에 있으며, 52주 내 현재 위치(78.2%)는 높은 편이나 추가 상승 여력보다는 하락 가능성을 시사합니다."", ""최근 1개월 수익률(4.78%)은 긍정적이나, 거래량 변화율(55.00%)이 높다는 점은 단기적인 변동성 확대 가능성을 내포하며, 이는 하락 압력으로 작용할 수 있습니다."", ""PER(31.5)과 PBR(1.86) 지표는 시장 평균 대비 높은 수준으로 해석될 수 있으며, ROE(5.9%)가 상대적으로 낮은 점은 현재 주가 수준을 정당화하기 어렵게 만들어 하락 압력을 가중시킬 수 있습니다.""]",-4.820936639118457,-0.6887052341597797,-4.405169468733869,-4.684867383356231
051910,LG화학,2023-06-01,687000,Sell,75,"[""최근 1개월 수익률이 -7.16%로 하락세를 보이고 있으며, 거래량 변화율 또한 -43.46%로 감소하여 투자 심리가 위축된 것으로 판단됩니다."", ""현재가(687,000원)는 52주 최고가(825,000원) 대비 약 16.7% 하락한 수준으로, 추가 하락 가능성을 시사합니다."", ""ROE가 5.9%로 낮은 수준이며, PER 29.0은 동종 업계 평균 대비 높을 수 있어 밸류에이션 부담이 존재할 수 있습니다.""]",3.467406380027739,-4.160887656033287,2.3914307365181986,-4.203557644039548
051910,LG화학,2023-07-03,691000,Neutral,55,"[""현재가(691,000원)는 52주 최고가(825,000원) 대비 약 16% 하락한 수준으로, 추가 하락 여력과 반등 가능성이 공존합니다."", ""최근 1개월 수익률(0.58%)이 소폭 상승했으나, 거래량 변화율(8.13%)이 이를 강하게 지지하지 않아 상승 추세로 단정하기 어렵습니다."", ""PER(29.2) 및 PBR(1.71) 지표는 시장 평균 대비 높은 수준일 수 있으나, ROE(5.9%)가 이를 상회하는 강력한 상승 근거를 제시하지 못하고 있어 투자 매력도가 불확실합니다.""]",-3.823529411764706,-3.6764705882352944,-2.635086842230012,-6.520712117400732
051910,LG화학,2023-08-01,655000,Sell,75,"[""최근 1개월 수익률이 -5.21%로 하락세를 보이고 있으며, 52주 최고가 대비 현재 위치가 41.2%로 상승 여력 대비 하락 위험이 상대적으로 높아 보입니다."", ""거래량 변화율이 71.51%로 높게 나타나고 있으나, 이는 단기적인 변동성 확대 가능성을 시사하며, 재무 지표상 PER 27.7, ROE 5.8%는 시장 평균 대비 높은 편은 아닙니다."", ""현재가 655,000원은 52주 최저가 536,000원 대비 상당 부분 상승한 가격대로, 추가적인 상승 동력이 약할 경우 하락 압력이 작용할 수 있습니다.""]",-1.8691588785046727,-9.190031152647975,-1.4353683133539195,-6.889221282861591
051910,LG화학,2023-09-01,570000,Sell,75,"[""최근 1개월 수익률이 -11.21%로 하락세를 보이고 있으며, 이는 단기적인 매도 압력을 시사합니다."", ""거래량 변화율이 -42.80%로 크게 감소한 것은 투자자들의 관심 감소 또는 매도세의 약화로 해석될 수 있으며, 이는 추가 하락 가능성을 내포합니다."", ""현재 주가가 52주 최고가 대비 11.8% 하락한 위치에 있으며, 이는 하락 추세가 지속될 가능성을 시사합니다.""]",-4.266211604095563,-14.761092150170649,-3.1956190444623553,-7.958360533448196
051910,LG화학,2023-10-04,486000,Sell,75,"[""현재가가 52주 최저가와 동일하며, 최근 1개월 수익률이 -15.62%로 큰 폭의 하락세를 보이고 있어 추가 하락 가능성이 높습니다."", ""PER 20.5, PBR 1.19, ROE 5.8%의 재무 지표는 현재 주가 수준에서 매력적인 투자 기회를 제공한다고 보기 어렵습니다."", ""거래량 변화율이 14.08%로 증가했으나, 이는 하락 추세 속에서 매도 물량이 증가했음을 시사할 수 있습니다.""]",5.179282868525896,-6.175298804780876,2.992978991008831,-4.70833258744023
051910,LG화학,2023-11-01,431000,Sell,75,"[""최근 1개월 수익률이 -14.65%로 크게 하락하며 약세 흐름을 보이고 있습니다."", ""현재가가 52주 최저가에 근접한 426,000원에 위치하며 하락 압력이 지속될 가능성이 있습니다."", ""거래량 변화율이 33.69%로 증가한 것은 매도세 유입 가능성을 시사합니다.""]",2.634467618002195,9.989023051591657,-0.9487888946817495,1.7875651663787746
051910,LG화학,2023-12-01,486500,Sell,75,"[""최근 1개월 수익률이 6.81%로 양호하나, 거래량 변화율이 -18.70%로 감소하며 매도 압력이 감지됩니다."", ""52주 최고가 대비 현재 위치가 15.2%로, 상승 여력 대비 하락 위험이 상대적으로 높아 보입니다."", ""PER 20.6, PBR 1.17, ROE 5.7%의 재무 지표는 시장 평균 대비 특별히 매력적인 수준은 아니며, 현재가에서 추가적인 상승 동력을 찾기 어렵습니다.""]",0.5285412262156448,1.6913319238900635,0.1146164961017137,-1.174331409377006
051910,LG화학,2024-01-02,493500,Sell,65,"[""최근 1개월 수익률이 마이너스(-)를 기록하며 약세를 보이고 있으며, 거래량 변화율 또한 감소 추세를 나타내고 있습니다."", ""52주 최고가 대비 현재 위치가 16.9%로, 상승 여력보다는 하락 가능성이 상대적으로 높아 보입니다."", ""PER 20.9, PBR 1.18, ROE 5.7%의 재무 지표는 현재 시장에서 고평가 또는 저평가라고 단정하기 어렵지만, 기술적 지표에서 하락 신호가 더 강하게 나타나고 있습니다.""]",-3.329864724245578,-9.573361082206034,-0.8242171411043357,-5.346015657227808
051910,LG화학,2024-02-01,430000,Sell,75,"[""최근 1개월 수익률이 -10.51%로 하락세를 보이고 있으며, 52주 최고가 대비 현재 위치가 9.8%로 낮은 편이나 이는 하락 추세의 연장 가능성을 시사합니다."", ""PER 18.2, PBR 1.03, ROE 5.7%의 재무 지표는 현재 시장에서 고평가되었다고 보기는 어렵지만, 뚜렷한 상승 모멘텀을 보여주지는 못하고 있습니다."", ""거래량 변화율 25.28%는 단기적인 변동성을 나타낼 수 있으나, 최근 수익률 하락세를 감안할 때 매도 압력 증가 가능성에 무게를 둡니다.""]",2.1691973969631237,-4.229934924078091,0.8565423006265547,-5.230963482834025
051910,LG화학,2024-03-04,462000,Sell,65,"[""현재가(462,000원)는 52주 최고가(825,000원) 대비 상당한 하락폭을 보이고 있으나, 52주 최저가(387,000원) 대비로는 상승한 위치에 있어 추가 하락 가능성을 배제할 수 없습니다."", ""최근 1개월 수익률이 8.32%로 양수이나, 거래량 변화율이 53.12%로 높다는 점은 단기적인 수급 변동성이 크다는 것을 시사하며, 이는 향후 주가 방향성에 대한 불확실성을 높입니다."", ""PER 19.5, PBR 1.11, ROE 5.7%의 재무 지표는 시장 평균 대비 우수하다고 단정하기 어렵고, 특히 ROE가 낮은 점은 수익성 측면에서 매력도가 떨어질 수 있습니다.""]",-0.44198895027624313,-6.2983425414364635,-1.6652847908439132,-10.21470096221097
051910,LG화학,2024-04-01,430500,Sell,75,"[""최근 1개월 수익률이 -4.97%로 하락세를 보이고 있으며, 거래량 변화율 또한 -35.26%로 감소하여 투자 심리가 위축된 것으로 판단됩니다."", ""현재가(430,500원)가 52주 최저가(387,000원)에 근접한 9.9% 수준에 위치하여 추가 하락 가능성을 시사합니다."", ""ROE가 4.2%로 낮은 수준이며, PER 25.2 대비 PBR 1.05는 기업 가치 대비 주가가 다소 높게 형성되어 있을 가능성을 배제할 수 없습니다.""]",-6.839622641509433,-4.481132075471698,-5.096171479935097,-1.9563968621168706
051910,LG화학,2024-05-02,405000,Sell,65,"[""최근 1개월 수익률이 -5.92%로 하락세를 보이고 있으며, 52주 최고가 대비 현재 위치가 8.6%로 매우 낮은 수준에 머물러 있어 추가 하락 가능성이 있습니다."", ""PER 23.7, PBR 0.98, ROE 4.1%의 재무 지표는 현재 시장에서 LG화학의 가치가 고평가되지 않았음을 시사하지만, 뚜렷한 상승 동력을 보여주지는 못하고 있습니다."", ""거래량 변화율이 26.99%로 증가했으나, 이는 하락 추세 속에서 매도 물량이 증가했을 가능성을 배제할 수 없습니다.""]",-3.0978934324659235,-10.532837670384138,-4.987583079522107,-9.989990881698358
051910,LG화학,2024-06-03,357500,Sell,65,"[""최근 1개월 수익률이 -11.18%로 하락세를 보이고 있으며, 거래량 변화율 또한 -13.03%로 감소하는 추세입니다."", ""현재가가 52주 최저가에 근접한 1.7% 수준에 위치하여 추가 하락 가능성을 시사합니다."", ""ROE가 3.1%로 낮은 수준이며, PER 27.9는 시장 평균 대비 높은 편으로 밸류에이션 부담이 존재할 수 있습니다.""]",2.9085872576177287,-0.2770083102493075,0.426712046318372,-5.232118937197969
051910,LG화학,2024-07-01,355500,Sell,65,"[""현재가(355,500원)가 52주 최저가(344,000원)에 근접하며 기술적 반등 가능성이 있으나, 52주 최고가(728,000원) 대비 현저히 낮은 위치에 있어 상승 여력이 제한적입니다."", ""최근 1개월 수익률이 1.43%로 미미하며, 거래량 변화율이 -8.85%로 감소하는 추세는 매수세 약화를 시사합니다."", ""PER 27.7, ROE 3.1%는 현재 주가 수준에서 기업의 수익성 대비 고평가 가능성을 내포하며, PBR 0.85는 자산 가치 대비 소폭 할인된 수준이나 재무적 매력도가 두드러지지 않습니다.""]",2.6912181303116145,-13.59773371104816,-0.42004960700705585,-12.063316300606784
051910,LG화학,2024-08-01,314000,Sell,65,"[""최근 1개월 수익률이 -12.78%로 하락세를 보이고 있으며, 52주 최고가 대비 현재 위치가 매우 낮아 추가 하락 가능성이 있습니다."", ""PER 24.5, ROE 3.1%는 현재 기업 가치 대비 수익성이 낮음을 시사하며, 이는 주가 상승 동력 약화로 이어질 수 있습니다."", ""거래량 변화율이 4.08%로 소폭 증가했으나, 최근 수익률 하락세를 상쇄할 만큼 강한 매수세를 나타내지는 못하고 있습니다.""]",-7.293354943273905,10.21069692058347,-4.0140661035427865,10.03096379251708
051910,LG화학,2024-09-02,340000,Sell,65,"[""LG화학의 현재 PER 163.9는 동종 업계 평균 대비 높은 수준으로 밸류에이션 부담이 존재합니다."", ""ROE 0.5%는 낮은 수준으로 기업의 수익 창출 능력이 저조함을 시사합니다."", ""최근 1개월 수익률 8.28%와 거래량 변화율 16.55%는 단기적인 반등 가능성을 보여주지만, 52주 최고가 대비 현재 위치가 낮아 하락 추세가 지속될 가능성이 있습니다.""]",-7.957957957957958,8.408408408408409,-2.658910810699229,11.045547523407489
051910,LG화학,2024-10-02,353500,Sell,65,"[""LG화학의 현재 PER 170.4는 동종 업계 평균 대비 높은 수준으로 밸류에이션 부담이 존재합니다."", ""ROE 0.5%는 낮은 수익성을 시사하며, 이는 주가 상승 동력 약화로 이어질 수 있습니다."", ""최근 1개월 수익률 12.76%는 긍정적이나, 52주 최고가 대비 현재 위치가 27.0%로 여전히 높은 수준에 있어 추가 상승 여력이 제한적일 수 있습니다.""]",0.5738880918220948,-7.173601147776183,-1.511172090066131,-7.9231020642219985
051910,LG화학,2024-11-01,318000,Sell,65,"[""최근 1개월 수익률이 -10.80%로 하락세를 보이고 있으며, 거래량 변화율 또한 -13.49%로 감소하는 추세는 매도 압력을 시사합니다."", ""ROE가 0.5%로 매우 낮은 수준이며, 이는 기업의 수익 창출 능력이 저조함을 나타내어 주가 상승 동력이 약할 수 있습니다."", ""PER이 153.3으로 매우 높아 현재 주가가 기업의 이익 대비 고평가되었을 가능성이 있으며, 이는 향후 주가 하락 위험을 내포합니다.""]",-6.0278207109737245,-12.673879443585781,-3.814199077660092,-7.479149493064925
051910,LG화학,2024-12-02,282500,Sell,65,"[""현재가(282,500원)가 52주 최저가(272,500원)에 근접하며 하락 압력이 존재합니다."", ""최근 1개월 수익률이 -11.16%로 하락 추세를 보이고 있으며, 거래량 변화율 또한 마이너스를 기록하여 매도 심리가 우세함을 시사합니다."", ""PER 76.1, ROE 0.9%는 현재 주가 수준 대비 기업의 수익 창출 능력이 낮음을 나타내어 추가적인 주가 상승 동력이 약할 수 있습니다.""]",-5.132743362831858,-10.265486725663717,-1.842474973567438,-7.938379809940352
051910,LG화학,2025-01-02,242500,Sell,65,"[""현재가(242,500원)가 52주 최저가와 동일하며, 최근 1개월 수익률이 -14.61%로 하락 추세가 지속되고 있습니다."", ""PER 65.3배는 동종 업계 평균 대비 높은 수준으로 밸류에이션 부담이 존재합니다."", ""ROE 0.9%는 낮은 수준으로 기업의 수익성이 부진함을 시사합니다.""]",-3.353057199211045,-12.42603550295858,-6.377726312040299,-16.309455107204418
051910,LG화학,2025-02-03,222000,Sell,75,"[""현재가가 52주 최저가와 동일하며, 최근 1개월 수익률이 -10.48%로 하락세를 보이고 있습니다."", ""거래량 변화율이 -21.42%로 감소하고 있어 투자 심리가 위축된 것으로 판단됩니다."", ""PER 59.8, ROE 0.9%는 기업의 수익성에 비해 밸류에이션이 높은 편으로, 추가적인 상승 동력이 약할 수 있습니다.""]",3.9906103286384975,8.215962441314554,1.6792821611397315,5.135803356174989
051910,LG화학,2025-03-04,227500,Sell,65,"[""현재가(227,500원)가 52주 최저가(213,000원)에 근접하며, 52주 최고가(508,000원) 대비 상당한 하락폭을 보이고 있어 기술적 반등 가능성도 있으나, 최근 1개월 수익률이 -4.21%로 하락세를 이어가고 있습니다."", ""ROE가 0.9%로 매우 낮은 수준이며, PER이 61.2로 높아 수익 대비 고평가된 것으로 판단됩니다."", ""거래량 변화율이 35.82%로 높게 나타나고 있으나, 이는 하락 추세 속에서 매도 물량이 증가하고 있음을 시사할 수 있습니다.""]",8.893709327548807,0.8676789587852495,8.241279623038087,2.9109683928640484
051910,LG화학,2025-04-01,244000,Sell,65,"[""현재가 244,000원은 52주 최저가 213,000원 대비 상승했으나, 52주 최고가 460,500원 대비로는 여전히 낮은 수준으로 상승 여력이 제한적일 수 있습니다."", ""PBR 0.57은 장부가치 대비 저평가된 것으로 보일 수 있으나, PER이 없어 적자 상태임을 감안하면 추가 하락 가능성을 배제할 수 없습니다."", ""최근 1개월 수익률 4.05%와 거래량 변화율 17.76%는 단기적인 반등 가능성을 시사하지만, 근본적인 실적 개선이나 상승 동력이 부족한 상황에서 지속적인 상승을 기대하기는 어렵습니다.""]",-12.473118279569892,-7.096774193548387,-4.006563883075264,-9.122027000967796
051910,LG화학,2025-05-02,210000,Sell,65,"[""현재가(210,000원)가 52주 최저가(203,500원)에 근접해 있으나, 최근 1개월 수익률이 -9.68%로 하락세를 보이고 있습니다."", ""거래량 변화율이 -33.41%로 감소하고 있어 투자 심리가 위축되었음을 시사합니다."", ""PER이 '해당없음(적자)'으로 재무 상태가 좋지 않으며, PBR이 0.49로 자산 가치 대비 저평가된 측면은 있으나 적자 기업의 경우 추가 하락 가능성을 배제할 수 없습니다.""]",-2.1634615384615383,-3.125,-4.757680203470473,-12.381741005517133
051910,LG화학,2025-06-02,195300,Sell,65,"[""현재가 195,300원은 52주 최저가 182,400원에 근접하며, 52주 최고가 396,500원 대비 현저히 낮은 수준에 위치하고 있습니다."", ""최근 1개월 수익률이 -13.39%로 하락세를 보이고 있으며, 이는 단기적인 하락 압력이 지속될 가능성을 시사합니다."", ""PER이 '해당없음(적자)'으로 재무 상태가 좋지 않으며, 이는 주가 상승에 대한 근거를 약화시키는 요인입니다.""]",5.938600905888274,29.34071464519376,0.5543131086859798,16.874098023519473
051910,LG화학,2025-07-01,229000,Sell,75,"[""PER이 적자 상태로 산출되지 않아 기업의 수익성 대비 주가 수준을 평가하기 어렵습니다."", ""PBR이 1 미만인 0.54로, 장부가치 대비 저평가된 측면이 있으나 이는 현재 기업의 수익 창출 능력 부재를 반영할 수 있습니다."", ""최근 1개월 수익률이 14.90%로 양호하나, 52주 최고가 대비 현재 위치가 25.2%에 불과하며 거래량 변화율이 음수(-7.58%)인 점은 단기적인 상승 모멘텀 약화를 시사합니다.""]",8.333333333333332,27.500000000000004,6.425077884659165,21.665642296410486
051910,LG화학,2025-08-01,290000,Sell,75,"[""현재가 290,000원은 52주 최고가 361,000원 대비 하락한 위치에 있으며, 52주 내 현재 위치 60.2%는 상승 여력보다 하락 가능성을 시사합니다."", ""최근 1개월 수익률 12.84%로 단기 상승세를 보였으나, 거래량 변화율 -3.56%는 상승 동력 약화를 나타냅니다."", ""PER이 '해당없음(적자)'으로 재무적 불확실성이 존재하며, PBR 0.68은 자산 가치 대비 저평가 가능성도 있으나 적자 기업임을 감안하면 추가 하락 가능성을 배제할 수 없습니다.""]",-4.145077720207254,-6.90846286701209,-6.0200677924811,-7.689973469823619
051910,LG화학,2025-09-01,271500,Sell,75,"[""최근 1개월 수익률이 -9.95%로 하락세를 보이고 있으며, 거래량 변화율 또한 -32.84%로 감소하여 투자 심리가 위축된 것으로 판단됩니다."", ""PER이 '해당없음(적자)'으로 재무 상태가 좋지 않음을 시사하며, 이는 주가 하락 압력으로 작용할 수 있습니다."", ""현재가가 52주 최고가 대비 약 50% 지점에 위치하고 있어 추가 상승 여력보다는 하락 가능성이 상대적으로 높다고 판단됩니다.""]",8.719851576994433,3.153988868274583,5.955339464522597,-4.797529722044897
051910,LG화학,2025-10-01,281500,Neutral,55,"[""현재가(281,500원)가 52주 최고가(361,000원) 대비 약 22% 하락한 수준으로, 기술적 반등 가능성을 시사합니다."", ""최근 1개월 수익률이 4.45%로 양호한 흐름을 보이고 있으나, 거래량 변화율이 -9.49%로 감소하는 추세는 매수세 약화를 나타낼 수 있습니다."", ""PER이 '해당없음(적자)'이고 ROE가 N/A%로 재무 건전성에 대한 긍정적인 지표가 부재하여 향후 주가 상승을 강하게 지지하기 어렵습니다.""]",12.432432432432433,38.91891891891892,6.821042855597029,25.472546345867457
051910,LG화학,2025-11-03,393000,Buy,75,"[""최근 1개월 수익률이 39.12%로 강한 상승세를 보이고 있으며, 이는 단기적인 매수세 유입을 시사합니다."", ""거래량 변화율이 133.96%로 크게 증가한 것은 투자자들의 관심이 집중되고 있음을 나타내며, 이는 추가적인 주가 상승 동력으로 작용할 수 있습니다."", ""현재가가 52주 최고가 대비 약 10% 하락한 수준으로, 단기적인 조정 이후 추가 상승 여력이 존재할 가능성이 있습니다.""]",1.139240506329114,-5.949367088607595,1.511656039574769,-2.8727538136314936
051910,LG화학,2025-12-01,372000,Sell,75,"[""최근 1개월 수익률이 -6.42%로 하락세를 보이고 있으며, 거래량 변화율 또한 -32.01%로 감소하여 투자 심리가 위축된 것으로 판단됩니다."", ""PER이 '해당없음(적자)'으로 재무 상태가 좋지 않음을 시사하며, 이는 향후 주가 상승에 부정적인 요인으로 작용할 수 있습니다."", ""현재 주가가 52주 최고가 대비 80.0% 수준에 위치하여 단기적으로 상승 여력이 제한적일 수 있습니다.""]",2.1534320323014806,-13.189771197846568,-1.5667833406837866,-21.067255909718874
352820,HYBE,2023-01-02,169500,Sell,65,"[""현재가(169,500원)는 52주 최고가(358,000원) 대비 상당한 하락폭을 보이고 있으며, 52주 내 현재 위치(24.1%)는 낮은 편에 속하여 추가 하락 가능성을 시사합니다."", ""최근 1개월 수익률(10.42%)은 긍정적이나, 거래량 변화율(25.46%)이 동반되지 않은 상승은 지속 가능성이 낮을 수 있습니다."", ""PER(25.4) 및 PBR(2.12) 지표는 시장 평균 대비 높은 수준일 수 있으며, ROE(8.3%)가 이를 뒷받침하기에는 다소 낮은 수준으로 밸류에이션 부담이 존재할 수 있습니다.""]",-3.39943342776204,6.458923512747876,-9.377312166471548,-4.818051986197458
352820,HYBE,2023-02-01,189500,Sell,65,"[""현재가 189,500원은 52주 최고가 323,000원 대비 상당한 하락 수준에 위치해 있으나, 52주 최저가 109,500원 대비로는 상승한 상태로, 추가 상승 여력보다는 하락 가능성에 무게가 실립니다."", ""PER 28.4, PBR 2.37, ROE 8.3%의 재무 지표는 시장 평균 대비 고평가 가능성을 시사하며, 이는 향후 주가 상승에 부담으로 작용할 수 있습니다."", ""최근 1개월 수익률 9.22%와 거래량 변화율 9.81%는 단기적인 상승 모멘텀을 보여주지만, 전반적인 재무 및 기술적 위치를 고려할 때 지속적인 상승을 담보하기 어렵습니다.""]",5.534858967535923,-0.2660989888238425,5.022885927128942,1.2248604745765634
352820,HYBE,2023-03-02,187000,Sell,65,"[""최근 1개월 수익률이 마이너스(-)를 기록하며 약세를 보이고 있습니다."", ""거래량 변화율이 높게 나타나고 있으나, 이는 변동성 확대 가능성을 시사하며 상승 추세로 이어질 명확한 근거는 부족합니다."", ""PER 28.0, PBR 2.34, ROE 8.3%의 재무 지표는 현재 주가 수준에서 밸류에이션 매력이 두드러지지 않음을 시사합니다.""]",-1.9743863393810033,0.8004268943436499,-0.4333122749009506,-1.041214176842622
352820,HYBE,2023-04-03,184000,Sell,65,"[""현재 PER 145.4배는 동종 업계 평균 대비 높은 수준으로 밸류에이션 부담이 존재합니다."", ""최근 1개월 수익률이 -1.81%로 하락세를 보이고 있으며, 거래량 변화율 또한 -42.54%로 감소하여 투자 심리가 위축된 것으로 판단됩니다."", ""52주 최고가 대비 현재 주가 위치가 34.9%로, 상승 여력보다는 하락 위험이 상대적으로 높아 보입니다.""]",17.971623751970572,54.75564897530215,15.256456306566204,53.91348345288942
352820,HYBE,2023-05-02,284500,Sell,75,"[""현재가가 52주 최고가와 동일하며, 최근 1개월 수익률이 50.61%로 단기 급등 후 차익 실현 매물이 출회될 가능성이 높습니다."", ""PER 224.9, PBR 4.25, ROE 1.9% 등 재무 지표 대비 밸류에이션 부담이 높은 수준입니다."", ""거래량 변화율이 22.88%로 증가했으나, 이는 최고가 경신 시점에서의 매수세 유입보다는 기존 보유자들의 매도 물량 증가일 가능성을 시사합니다.""]",-5.772495755517826,-8.31918505942275,-5.356728585133238,-12.315347208619201
352820,HYBE,2023-06-01,277500,Sell,75,"[""현재가(277,500원)가 52주 최고가(294,500원)에 근접한 90.8% 수준으로, 단기 상승 여력이 제한적일 수 있습니다."", ""PER(260.6)이 매우 높아 현재 주가가 기업의 이익 대비 고평가되었을 가능성을 시사합니다."", ""최근 1개월 수익률(2.78%)은 양수이나, 거래량 변화율(-21.47%)이 음수임을 감안할 때 상승 모멘텀이 약화되었을 수 있습니다.""]",8.88888888888889,3.5185185185185186,7.812913245379349,3.4758485305122577
352820,HYBE,2023-07-03,279500,Sell,75,"[""현재 PER 262.4배는 동종 업계 평균 대비 높은 수준으로 밸류에이션 부담이 존재합니다."", ""ROE 1.6%는 낮은 수준으로 기업의 수익 창출 능력이 저조함을 시사합니다."", ""최근 1개월 수익률이 0.72%로 미미한 상승세를 보이고 있으나, 52주 최고가 대비 현재 위치가 86.1%로 높은 편이라 추가 상승 여력이 제한적일 수 있습니다.""]",-5.594405594405594,-11.188811188811188,-4.405963024870901,-14.033052717976627
352820,HYBE,2023-08-01,254000,Sell,75,"[""최근 1개월 수익률이 -9.12%로 하락세를 보이고 있으며, 이는 단기적인 투자 심리 위축을 시사합니다."", ""PER 238.5, PBR 3.70, ROE 1.6%의 재무 지표는 현재 주가가 기업의 수익성 대비 고평가되었을 가능성을 나타냅니다."", ""최근 1개월 수익률 하락에도 불구하고 거래량 변화율이 22.92%로 증가한 것은 매도 압력이 작용하고 있을 가능성을 시사합니다.""]",2.976190476190476,0.1984126984126984,3.409981041341229,2.4992225681990834
352820,HYBE,2023-09-01,249000,Sell,75,"[""현재 PER 163.8배는 동종 업계 평균 대비 높은 수준으로 밸류에이션 부담이 존재합니다."", ""최근 1개월 수익률이 -1.19%로 약세를 보이고 있으며, 거래량 변화율 또한 -11.83%로 감소하는 추세는 투자 심리 위축을 시사합니다."", ""52주 최고가 대비 현재 주가 위치가 70.6%로 상승 여력 대비 하락 위험이 상대적으로 높아 보입니다.""]",-2.3952095808383236,-8.582834331337326,-1.3246170212051158,-1.7801027146148725
352820,HYBE,2023-10-04,222500,Sell,75,"[""최근 1개월 수익률이 -9.37%로 하락세를 보이고 있으며, 거래량 변화율 또한 -44.60%로 감소하여 투자 심리가 위축된 것으로 판단됩니다."", ""PER 146.4배는 현재 주가가 기업의 이익 대비 고평가되었음을 시사하며, ROE 2.1%는 낮은 수익성을 나타내어 추가적인 주가 상승 동력이 약할 수 있습니다."", ""52주 최고가 대비 현재 위치가 57.2%로, 상승 여력보다는 하락 위험이 상대적으로 높아 보입니다.""]",7.709251101321586,-4.845814977973569,5.52294722380452,-3.3788487606329225
352820,HYBE,2023-11-01,230500,Sell,65,"[""현재 PER 151.6배는 동종 업계 평균 대비 높은 수준으로 밸류에이션 부담이 존재합니다."", ""최근 1개월 수익률이 -4.95%로 하락세를 보이고 있으며, 이는 단기적인 투자 심리 위축을 시사합니다."", ""52주 최고가 대비 현재 주가 위치가 60.2%로, 상승 여력보다는 하락 위험이 상대적으로 높아 보입니다.""]",-6.813186813186813,-5.274725274725275,-10.396443325870758,-13.476183159938156
352820,HYBE,2023-12-01,211500,Sell,65,"[""최근 1개월 수익률이 -7.03%로 하락세를 보이고 있으며, 이는 단기적인 투자 심리 위축을 시사합니다."", ""PER 116.3배는 동종 업계 평균 대비 높은 수준으로, 현재 주가가 기업의 이익 대비 고평가되었을 가능성을 내포합니다."", ""52주 최고가 대비 현재 위치가 43.5%로, 상승 여력보다는 하락 위험이 상대적으로 높아 보입니다.""]",13.875598086124402,15.07177033492823,13.46167335601047,12.20610700166116
352820,HYBE,2024-01-02,241500,Sell,75,"[""PER 132.8배는 현재 시장에서 높은 밸류에이션을 나타내며, 이는 향후 주가 상승 여력을 제한할 수 있습니다."", ""최근 1개월 수익률이 12.33%로 양호했으나, 거래량 변화율이 -56.42%로 크게 감소한 점은 투자 심리 위축 가능성을 시사합니다."", ""ROE 2.4%는 낮은 수준으로, 기업의 수익 창출 능력이 현재 주가 수준을 정당화하기 어렵다는 신호로 해석될 수 있습니다.""]",4.592901878914405,-15.866388308977037,7.098549462055647,-11.63904288399881
352820,HYBE,2024-02-01,199000,Sell,65,"[""최근 1개월 수익률이 -16.91%로 하락세를 보이고 있으며, 이는 단기적인 하방 압력을 시사합니다."", ""현재가(199,000원)는 52주 최고가(307,000원) 대비 상당한 하락 수준에 위치해 있으나, 52주 최저가(173,500원)와의 격차가 크지 않아 추가 하락 가능성을 배제할 수 없습니다."", ""PER 109.4, ROE 2.4%는 현재 주가 수준 대비 기업의 수익 창출 능력이 상대적으로 낮음을 나타내어 밸류에이션 부담이 존재합니다.""]",0.0,-8.75912408759124,-1.312655096336569,-9.760152646347176
352820,HYBE,2024-03-04,192700,Sell,65,"[""PER 105.9는 동종 업계 평균 대비 높은 수준으로 밸류에이션 부담이 존재합니다."", ""최근 1개월 수익률이 -5.77%로 하락세를 보이고 있으며, 52주 최고가 대비 현재 위치가 14.4%로 하락 여력이 남아있습니다."", ""거래량 변화율이 15.52%로 증가했으나, 이는 하락 추세 속에서 매도 물량이 출회될 가능성을 시사할 수 있습니다.""]",8.430540827147402,17.9745493107105,7.207244986579732,14.058190889935995
352820,HYBE,2024-04-01,226500,Sell,75,"[""PER 50.3은 동종 업계 평균 대비 높은 수준으로 밸류에이션 부담이 존재합니다."", ""최근 1개월 수익률 13.76%로 단기 상승 모멘텀이 있었으나, 52주 최고가 대비 현재 위치가 35.5%로 여전히 높은 편입니다."", ""거래량 변화율 10.66%는 긍정적이나, 재무 지표와 밸류에이션 부담을 고려할 때 추가 상승 여력이 제한적일 수 있습니다.""]",-2.696629213483146,-10.112359550561797,-0.9531780519088093,-7.58762433720697
352820,HYBE,2024-05-02,200000,Sell,65,"[""최근 1개월 수익률이 -11.70%로 하락세를 보이고 있으며, 이는 단기적인 하락 압력을 시사합니다."", ""현재가가 52주 최고가 대비 11.6% 하락한 위치에 있어 추가적인 하락 가능성을 배제할 수 없습니다."", ""PER 44.4, PBR 2.85, ROE 6.4%의 재무 지표는 현재 주가가 기업의 내재 가치 대비 다소 고평가되었을 가능성을 나타냅니다.""]",-5.257985257985258,-1.71990171990172,-7.147674905041441,-1.1770549312159395
352820,HYBE,2024-06-03,200500,Sell,65,"[""현재가(200,500원)가 52주 최저가(185,900원) 대비 상승했으나, 52주 최고가(307,000원) 대비로는 상당한 하락폭을 보이며 하락 추세의 가능성을 시사합니다."", ""최근 1개월 수익률이 -0.74%로 약보합세를 보이고 있으며, 거래량 변화율이 0%로 특별한 매수 또는 매도세가 감지되지 않아 뚜렷한 상승 동력이 부족합니다."", ""PER 46.3, PBR 2.81, ROE 6.1% 등의 재무 지표는 현재 주가 수준을 정당화하기에 다소 부담스러운 수준으로, 향후 주가 상승에 대한 기대감을 낮춥니다.""]",-0.44999999999999996,-1.5,-2.9318752112993565,-6.455110626948661
352820,HYBE,2024-07-01,200500,Sell,65,"[""최근 1개월 수익률이 -1.72%로 하락세를 보이고 있으며, 거래량 변화율 또한 -47.87%로 크게 감소하여 투자 심리가 위축되었음을 시사합니다."", ""현재가가 52주 최고가 대비 12.1% 하락한 수준에 머물러 있어 추가적인 상승 동력이 약할 수 있습니다."", ""PER 46.3, PBR 2.81, ROE 6.1%의 재무 지표는 시장 평균 대비 고평가 가능성을 배제할 수 없으며, 이는 향후 주가 상승에 부담으로 작용할 수 있습니다.""]",-1.4705882352941175,-12.778904665314403,-4.581855972612788,-11.244487254873027
352820,HYBE,2024-08-01,175300,Sell,75,"[""최근 1개월 수익률이 -11.02%로 하락세를 보이고 있으며, 이는 단기적인 투자 심리 위축을 시사합니다."", ""거래량 변화율이 -16.89%로 감소한 것은 매수세 약화 가능성을 나타내며, 주가 하락 압력으로 작용할 수 있습니다."", ""현재가가 52주 최저가에 근접한 170,300원 대비 4.8% 높은 수준으로, 추가적인 하락 가능성을 배제하기 어렵습니다.""]",-4.756637168141593,-0.5530973451327433,-1.4773483284104745,-0.7328304731991342
352820,HYBE,2024-09-02,179800,Sell,65,"[""PER 96.5배는 동종 업계 평균 대비 높은 수준으로 밸류에이션 부담이 존재합니다."", ""ROE 2.6%는 낮은 수준으로 수익성 측면에서 개선이 필요합니다."", ""최근 1개월 수익률이 2.57%로 소폭 상승했으나, 52주 최고가 대비 현재 위치가 18.0%로 하락 추세가 지속될 가능성이 있습니다.""]",-7.982261640798225,-0.8869179600886918,-2.683214493539497,1.750221154910388
352820,HYBE,2024-10-02,170100,Sell,75,"[""최근 1개월 수익률이 -6.54%로 하락세를 보이고 있으며, 거래량 변화율 또한 -20.98%로 감소하여 매도 압력이 존재함을 시사합니다."", ""현재가가 52주 최고가 대비 12.3% 낮은 수준에 위치해 있어 추가적인 하락 가능성을 배제할 수 없습니다."", ""PER 91.3, PBR 2.35, ROE 2.6%의 재무 지표는 현재 주가 수준이 기업의 수익성 대비 고평가되었을 가능성을 나타냅니다.""]",6.22478386167147,13.71757925072046,4.139723679783244,12.968078334274646
352820,HYBE,2024-11-01,186700,Sell,65,"[""PER 100.2는 현재 기업 가치 대비 높은 수준으로, 향후 주가 상승 여력이 제한적일 수 있음을 시사합니다."", ""ROE 2.6%는 낮은 수준으로, 기업의 수익 창출 능력이 기대에 미치지 못하고 있음을 나타냅니다."", ""최근 1개월 수익률은 10.60%로 긍정적이나, 거래량 변화율이 -13.77%로 감소하는 추세는 투자 심리 위축 가능성을 보여줍니다.""]",1.3684744044602128,-3.801317790167258,3.5820960377738453,1.3934121603535976
352820,HYBE,2024-12-02,189800,Neutral,55,"[""PER이 적자로 산출되지 않아 기업의 수익성 측면에서 현재 가치 평가가 어렵습니다."", ""최근 1개월 수익률이 소폭 상승했으나, 52주 최고가 대비 현재 위치가 32.5%로 하락 가능성도 배제할 수 없습니다."", ""거래량 변화율이 62.75%로 높게 나타나 단기적인 변동성이 확대될 수 있으나, 상승 또는 하락을 명확히 지지하는 근거는 부족합니다.""]",-0.9533366783743101,0.8529854490717512,2.33693171089011,3.1800923647951156
352820,HYBE,2025-01-02,196300,Sell,65,"[""PER이 적자 상태로 산출되지 않아 현재 기업 가치 평가에 어려움이 있으며, 이는 향후 수익성 개선에 대한 불확실성을 시사합니다."", ""최근 1개월 수익률이 0.56%로 매우 저조하며, 거래량 변화율이 -29.72%로 크게 감소한 점은 투자자들의 관심 감소 및 매도 압력을 나타낼 수 있습니다."", ""현재 주가가 52주 최고가 대비 약 60.9% 수준에 위치해 있어 추가적인 상승 여력보다는 하락 위험이 상대적으로 높아 보입니다.""]",7.213930348258707,17.91044776119403,4.189261235429452,14.027028156948191
352820,HYBE,2025-02-03,226500,Sell,75,"[""PER이 적자로 산출되지 않아 기업의 수익성 지표가 부진함을 시사합니다."", ""최근 1개월 수익률이 15.86%로 높았으나, 거래량 변화율이 -32.35%로 크게 감소하여 상승 동력이 약화되었음을 나타냅니다."", ""현재가가 52주 최고가 대비 94.5% 수준으로, 단기 급등 후 차익 실현 매물이 출회될 가능성이 있습니다.""]",5.36480686695279,7.725321888412018,3.053478699454024,4.645162803272454
352820,HYBE,2025-03-04,251000,Buy,75,"[""최근 1개월 수익률이 11.56%로 양호한 상승세를 보이고 있으며, 52주 최고가 대비 현재 위치가 89.0%로 상승 여력이 남아있다고 판단됩니다."", ""거래량 변화율이 29.99%로 증가하며 투자자들의 관심이 높아지고 있음을 시사합니다."", ""PER이 '해당없음(적자)'으로 재무적 부담이 존재하나, PBR 3.56배는 자산 가치 대비 과도한 고평가는 아닌 것으로 보입니다.""]",-7.171314741035857,-7.370517928286853,-7.823744445546576,-5.327228494208054
352820,HYBE,2025-04-01,235000,Sell,75,"[""PER이 1044.4로 매우 높아 현재 주가가 기업의 이익 대비 고평가되었음을 시사합니다."", ""최근 1개월 수익률이 -8.74%로 하락세를 보이고 있으며, 거래량 변화율 또한 -20.98%로 감소하여 투자 심리가 위축되었음을 나타냅니다."", ""현재 주가가 52주 최고가 대비 약 11.2% 하락한 위치에 있으며, 이는 단기적인 하락 압력이 존재할 가능성을 시사합니다.""]",-7.526881720430108,14.838709677419354,0.9396726760645198,12.813456869999946
352820,HYBE,2025-05-02,264500,Sell,75,"[""PER 1175.6배는 현재가 대비 기업의 이익 창출 능력에 비해 주가가 매우 고평가되었음을 시사합니다."", ""ROE 0.3%는 기업의 자본 대비 수익성이 매우 낮아 현재의 높은 주가 수준을 정당화하기 어렵습니다."", ""52주 최고가 대비 현재 위치가 97.7%로, 단기적으로 상승 여력이 제한적이며 차익 실현 매물이 출회될 가능성이 있습니다.""]",3.9697542533081283,7.561436672967864,1.375535588299193,-1.6953043325492692
352820,HYBE,2025-06-02,272000,Sell,75,"[""현재가(272,000원)가 52주 최고가(289,500원)에 근접한 수준으로, 추가 상승 여력이 제한적일 수 있습니다."", ""PER(215.9) 및 PBR(3.45) 지표가 상대적으로 높아 밸류에이션 부담이 존재합니다."", ""최근 1개월 수익률(7.51%)은 긍정적이나, 거래량 변화율(-12.19%)은 투자 심리 위축 가능성을 시사합니다.""]",7.473309608540925,3.3807829181494666,2.0890218113386307,-9.08583370352482
352820,HYBE,2025-07-01,313500,Sell,75,"[""현재가가 52주 최고가와 동일하며, 최근 1개월 수익률이 15.26%로 단기 상승 모멘텀이 강했음을 시사합니다."", ""PER 248.8, PBR 3.98, ROE 1.6%는 현재 주가가 기업의 내재가치 대비 고평가되었을 가능성을 높입니다."", ""거래량 변화율 12.68%는 긍정적이나, 재무 지표의 고평가와 52주 최고가 도달이라는 점을 고려할 때 단기 차익 실현 매물이 출회될 가능성이 있습니다.""]",-9.180327868852459,-17.868852459016395,-11.088583317526625,-23.703210162605913
352820,HYBE,2025-08-01,251000,Sell,75,"[""최근 1개월 수익률이 -13.60%로 하락세를 보이고 있으며, 거래량 변화율 또한 -9.71%로 감소하는 추세입니다."", ""PER 199.2배는 동종 업계 평균 대비 높은 수준으로 밸류에이션 부담이 존재합니다."", ""ROE 1.6%는 낮은 수준으로 기업의 수익 창출 능력이 저조함을 시사합니다.""]",10.9404990403071,9.021113243761997,9.065508968033255,8.239602640950467
352820,HYBE,2025-09-01,285000,Sell,75,"[""현재 PER 211.9배는 동종 업계 평균 대비 높은 수준으로 밸류에이션 부담이 존재합니다."", ""ROE 1.8%는 낮은 수준으로 기업의 수익성 개선이 더딘 것으로 판단됩니다."", ""최근 1개월 수익률 9.83%와 거래량 변화율 15.07%는 긍정적이나, 높은 밸류에이션과 낮은 수익성을 고려할 때 상승 동력이 약할 수 있습니다.""]",2.112676056338028,-6.338028169014084,-0.6518360561338077,-14.289546759333565
352820,HYBE,2025-10-01,268000,Sell,75,"[""현재 PER 199.3배는 동종 업계 평균 대비 높은 수준으로 밸류에이션 부담이 존재합니다."", ""최근 1개월 수익률이 -5.63%로 하락세를 보이고 있으며, 거래량 변화율 또한 -27.78%로 감소하여 투자 심리가 위축된 것으로 판단됩니다."", ""52주 최고가 대비 현재 위치가 70.7%로 상승 여력보다는 하락 위험이 상대적으로 높아 보입니다.""]",2.0560747663551404,19.439252336448597,-3.555314810480264,5.992879763397134
352820,HYBE,2025-11-03,342500,Sell,75,"[""현재가가 52주 최고가와 동일하며, 최근 1개월 수익률이 27.56%로 단기 급등 후 차익 실현 매물이 출회될 가능성이 높습니다."", ""PER 254.7배, PBR 4.50배, ROE 1.8%로 재무 지표상 고평가 상태이며, 이는 향후 주가 상승 여력을 제한하는 요인으로 작용할 수 있습니다."", ""거래량 변화율 66.23%는 단기적인 관심 집중을 시사하나, 재무 지표의 부담과 최고가 위치를 고려할 때 상승 동력이 약화될 수 있습니다.""]",-16.27565982404692,-12.609970674486803,-15.903244290801265,-9.533357399510702
352820,HYBE,2025-12-01,292000,Sell,75,"[""최근 1개월 수익률이 -14.37%로 하락세를 보이고 있으며, 거래량 변화율 또한 -10.53%로 감소하는 추세는 투자 심리 위축을 시사합니다."", ""PER이 '해당없음(적자)'으로 재무 건전성에 대한 우려가 존재하며, 이는 향후 주가 상승 동력을 약화시킬 수 있습니다."", ""현재가가 52주 최고가 대비 약 15% 하락한 수준이지만, 최근의 하락 추세와 재무 지표의 불확실성을 고려할 때 추가 하락 가능성이 존재합니다.""]",-2.348993288590604,16.10738255033557,-6.069208661575871,8.229897838463263
329180,HD현대중공업,2023-01-02,117500,Sell,65,"[""최근 1개월 수익률이 마이너스(-)를 기록하며 약세를 보이고 있습니다."", ""거래량 변화율이 크게 감소하여 시장의 관심이 줄어들고 있음을 시사합니다."", ""PER이 적자 상태로 재무적 불확실성이 존재하며, PBR이 1.86으로 자산 가치 대비 프리미엄이 붙어있으나 상승 동력이 약합니다.""]",-6.986899563318777,-2.8820960698689957,-12.964778302028286,-14.15907156881433
329180,HD현대중공업,2023-02-01,111300,Sell,75,"[""최근 1개월 수익률이 -4.05%로 하락세를 보이고 있으며, 52주 최고가 대비 현재 위치가 29.8%로 상승 여력이 제한적입니다."", ""PER이 '해당없음(적자)'으로 재무 건전성에 대한 우려가 존재합니다."", ""거래량 변화율이 46.73%로 높지만, 이는 단기적인 변동성 확대 가능성을 시사하며 하락 압력으로 작용할 수 있습니다.""]",-3.776978417266187,-6.294964028776978,-4.288951457673168,-4.804004565376572
329180,HD현대중공업,2023-03-02,105900,Sell,65,"[""최근 1개월 수익률이 -4.42%로 하락세를 보이고 있으며, 거래량 변화율 또한 -6.87%로 감소하는 추세입니다."", ""현재가가 52주 최고가 대비 3.8% 낮은 수준이지만, 이는 최근 하락세를 반영하는 것으로 해석될 수 있습니다."", ""PER이 '해당없음(적자)'으로 재무 건전성에 대한 우려가 존재하며, 이는 향후 주가 상승 동력을 약화시킬 수 있습니다.""]",-8.92514395393474,-4.030710172744722,-7.384069889454687,-5.872351243930994
329180,HD현대중공업,2023-04-03,100400,Sell,65,"[""최근 1개월 수익률이 -3.65%로 하락세를 보이고 있어 단기적인 약세가 예상됩니다."", ""현재가가 52주 최고가 대비 11.1% 낮은 수준이지만, PER이 없어 적자 기업임을 감안할 때 추가 하락 가능성이 있습니다."", ""거래량 변화율이 11.94%로 증가했으나, 이는 하락 추세 속에서 매도 물량이 증가했을 가능성을 시사합니다.""]",-2.9585798816568047,7.790927021696252,-5.673747327061173,6.948761499283528
329180,HD현대중공업,2023-05-02,110700,Buy,65,"[""최근 1개월 수익률이 10.70%로 양호한 상승세를 보이고 있습니다."", ""현재가는 52주 최고가 대비 약 26% 하락한 수준으로, 추가 상승 여력이 존재할 수 있습니다."", ""거래량 변화율이 음수이나, 최근 1개월 수익률이 이를 상쇄하며 긍정적인 모멘텀을 유지하고 있습니다.""]",5.397987191216835,7.410795974382434,5.813754361601423,3.4146338251859825
329180,HD현대중공업,2023-06-01,116600,Neutral,55,"[""현재가 116,600원은 52주 최고가 149,500원 대비 하락한 수준이나, 52주 최저가 93,800원 대비는 상승한 위치에 있어 명확한 방향성을 제시하지 못합니다."", ""최근 1개월 수익률 6.39%는 긍정적인 신호이나, 거래량 변화율 -11.06%는 투자 심리 위축 가능성을 시사하여 상반된 신호를 보냅니다."", ""PER이 '해당없음(적자)'이고 ROE가 'N/A%'로 재무 건전성에 대한 판단이 어렵고, PBR 1.97은 자산 가치 대비 프리미엄이 존재함을 나타내지만, 적자 기업임을 감안할 때 추가 상승 동력은 제한적일 수 있습니다.""]",6.643952299829642,12.095400340715502,5.567976656320101,12.05273035270924
329180,HD현대중공업,2023-07-03,131600,Buy,75,"[""최근 1개월 수익률이 12.86%로 강한 상승세를 보이고 있으며, 52주 최고가 대비 현재 위치가 67.9%로 상승 여력이 남아있습니다."", ""PBR 2.22는 현재 시장에서 기업 가치를 긍정적으로 평가하고 있음을 시사합니다."", ""거래량 변화율이 소폭 하락했으나, 최근 강한 상승세를 고려할 때 단기적인 조정 후 추가 상승 가능성이 있습니다.""]",2.941176470588235,2.4264705882352944,4.129619040122929,-0.41777094093014355
329180,HD현대중공업,2023-08-01,139300,Buy,75,"[""현재가가 52주 최고가 대비 약 6.8% 하락한 수준으로, 추가 상승 여력이 존재한다고 판단됩니다."", ""최근 1개월 수익률이 5.85%로 양호한 흐름을 보이고 있어 단기적인 상승 모멘텀이 유지될 가능성이 있습니다."", ""거래량 변화율이 음수(-7.76%)이나, 이는 최근 상승세를 이어가는 과정에서 나타날 수 있는 일시적인 조정으로 해석될 수 있습니다.""]",-2.8922631959508314,-5.42299349240781,-2.4584726308000784,-3.122183622621425
329180,HD현대중공업,2023-09-01,128000,Sell,65,"[""최근 1개월 수익률이 -7.45%로 하락세를 보이고 있으며, 거래량 변화율 또한 -28.81%로 감소하여 투자 심리가 위축되었음을 시사합니다."", ""PER이 '해당없음(적자)'으로 재무 상태가 불안정하며, PBR 2.15는 자산 가치 대비 고평가 가능성을 내포합니다."", ""52주 최고가 대비 현재 위치가 63.3%로 상승 여력이 제한적이며, 최근 하락 추세가 지속될 가능성이 있습니다.""]",-0.1551590380139643,-13.343677269200931,0.9154335216192435,-6.540945652478478
329180,HD현대중공업,2023-10-04,116500,Sell,65,"[""최근 1개월 수익률이 -11.41%로 하락세를 보이고 있으며, 거래량 변화율 또한 -31.26%로 감소하여 투자 심리가 위축되었음을 시사합니다."", ""PER이 '해당없음(적자)'으로 재무 건전성에 대한 우려가 존재하며, 이는 주가 상승 동력을 약화시키는 요인으로 작용할 수 있습니다."", ""현재가가 52주 최고가 대비 약 21.5% 하락한 위치에 있으며, 이는 단기적인 하락 압력이 지속될 가능성을 내포합니다.""]",1.607142857142857,-0.5357142857142857,-0.5791610203742084,0.9312519316263602
329180,HD현대중공업,2023-11-01,102800,Sell,65,"[""최근 1개월 수익률이 -14.55%로 하락세를 보이고 있으며, 이는 단기적인 매도 압력을 시사합니다."", ""PER이 '해당없음(적자)'으로 재무 상태가 좋지 않음을 나타내며, 이는 주가 상승에 부정적인 요인으로 작용할 수 있습니다."", ""52주 최고가 대비 현재 위치가 16.7%로, 상승 여력보다는 하락 가능성이 상대적으로 높아 보입니다.""]",2.4953789279112755,15.711645101663585,-1.0878775847726692,7.510187216450703
329180,HD현대중공업,2023-12-01,128900,Buy,75,"[""최근 1개월 수익률이 19.13%로 강한 상승세를 보이고 있어 단기적인 모멘텀이 유지될 가능성이 있습니다."", ""현재가가 52주 최고가 대비 약 12.9% 하락한 수준으로, 추가 상승 여력이 존재할 수 있습니다."", ""PBR 2.17은 현재 시장에서 기업 가치가 과도하게 저평가되지 않았음을 시사하며, 적자 상태임에도 불구하고 긍정적인 시장 평가를 받고 있습니다.""]",-9.043348281016444,-9.641255605381167,-9.457273011130376,-12.506918938648237
329180,HD현대중공업,2024-01-02,127000,Buy,65,"[""최근 1개월 수익률이 3.50%로 긍정적인 흐름을 보이고 있으며, 거래량 변화율도 14.22%로 증가 추세를 나타내고 있습니다."", ""현재가가 52주 최고가 대비 약 14% 하락한 수준으로, 기술적 반등 가능성을 시사합니다."", ""PBR이 2.14로 자산 가치 대비 상승 여력이 존재할 수 있습니다.""]",0.49382716049382713,-6.090534979423869,2.9994747436350693,-1.8631895544456425
329180,HD현대중공업,2024-02-01,112800,Sell,65,"[""최근 1개월 수익률이 -7.16%로 하락세를 보이고 있으며, 거래량 변화율 또한 -20.37%로 감소하여 투자 심리가 위축된 것으로 판단됩니다."", ""PER이 '해당없음(적자)'으로 재무 건전성에 대한 우려가 존재하며, 이는 향후 주가 상승 동력을 약화시킬 수 있습니다."", ""52주 최고가 대비 현재 위치가 35.2%로, 상승 여력보다는 하락 위험이 상대적으로 높아 보입니다.""]",-3.0728709394205445,-2.1071115013169446,-4.385526035757113,-3.1081400600728792
329180,HD현대중공업,2024-03-04,113600,Sell,65,"[""PER이 적자로 산출되지 않아 기업의 수익성 지표가 부재하며, 이는 향후 주가 상승 동력 약화를 시사합니다."", ""최근 1개월 수익률이 마이너스(-)를 기록하고 있어 단기적인 하락 추세가 관찰됩니다."", ""거래량 변화율이 67.25%로 높게 나타나지만, 이는 변동성 확대 가능성을 내포하며 상승 추세를 강하게 지지하지는 않습니다.""]",0.26714158504007124,11.219946571682991,-0.9561542555275989,7.303588150908485
329180,HD현대중공업,2024-04-01,121300,Sell,65,"[""현재 PER 436.3배는 동종 업계 평균 대비 매우 높은 수준으로 밸류에이션 부담이 존재합니다."", ""ROE 0.5%는 낮은 수익성을 시사하며, 이는 주가 상승 동력 약화로 이어질 수 있습니다."", ""최근 1개월 수익률이 2.88%로 소폭 상승했으나, 52주 최고가 대비 현재 위치가 47.7%로 절반 이상 하락한 상태이며, 거래량 변화율이 23.45%로 증가한 것은 단기적인 변동성 확대 가능성을 시사합니다.""]",-6.164931945556445,9.047237790232186,-4.421480783982108,11.571973003587013
329180,HD현대중공업,2024-05-02,136200,Sell,75,"[""현재 PER 489.9배는 동종 업계 평균 대비 매우 높은 수준으로 밸류에이션 부담이 존재합니다."", ""ROE 0.5%는 낮은 수준으로 기업의 수익 창출 능력이 저조함을 시사합니다."", ""최근 1개월 수익률 12.28%와 거래량 변화율 34.08%는 단기적인 상승 모멘텀을 보여주지만, 높은 밸류에이션과 낮은 수익성을 고려할 때 지속적인 상승 동력은 약하다고 판단됩니다.""]",7.410179640718563,-3.0688622754491015,5.5204899936623795,-2.5260154867633213
329180,HD현대중공업,2024-06-03,131800,Sell,65,"[""현재 PER 158.4배는 동종 업계 평균 대비 높은 수준으로 밸류에이션 부담이 존재합니다."", ""최근 1개월 수익률이 -4.28%로 하락세를 보이고 있으며, 이는 단기적인 매도 압력을 시사합니다."", ""거래량 변화율이 82.00%로 높게 나타나지만, 이는 최근 주가 하락과 맞물려 투매 가능성을 배제할 수 없습니다.""]",0.3861003861003861,17.2972972972973,-2.0957748251989705,12.342186670348637
329180,HD현대중공업,2024-07-01,155100,Sell,75,"[""현재가가 52주 최고가에 근접한 97.6% 수준으로, 단기 차익 실현 매물 출회 가능성이 높습니다."", ""최근 1개월 수익률이 17.41%로 높았으나, 거래량 변화율이 -38.49%로 감소하여 상승 동력이 약화되었음을 시사합니다."", ""PER 186.4, PBR 2.63, ROE 1.4% 등 재무 지표상 고평가 논란이 있으며, 이는 향후 주가 상승에 부담으로 작용할 수 있습니다.""]",-0.5870841487279843,33.39856490541422,-3.6983518860466544,34.9329823158556
329180,HD현대중공업,2024-08-01,214000,Sell,75,"[""현재가가 52주 최고가와 동일하며, 최근 1개월 수익률이 40.88%로 단기 급등 후 차익 실현 매물이 출회될 가능성이 높습니다."", ""PER 257.2, PBR 3.63, ROE 1.4%는 현재 주가 수준이 기업의 내재 가치 대비 고평가되었음을 시사합니다."", ""거래량 변화율 26.64%는 최근 매수세 유입을 나타내지만, 52주 최고가 도달이라는 저항선에 부딪혀 상승 동력이 약화될 수 있습니다.""]",1.4354066985645932,-11.24401913875598,4.714695538295711,-11.42375226682237
329180,HD현대중공업,2024-09-02,185500,Sell,75,"[""최근 1개월 수익률이 -13.32%로 하락세를 보이고 있으며, 이는 단기적인 매도 압력을 시사합니다."", ""PER 80.8배는 동종 업계 평균 대비 높은 수준으로, 현재 주가가 고평가되었을 가능성을 내포합니다."", ""52주 최고가 대비 현재 위치가 73.2%로, 상승 여력보다는 하락 위험이 상대적으로 높아 보입니다.""]",-5.039787798408488,-4.6684350132626,0.2592593488502404,-2.0312958982635196
329180,HD현대중공업,2024-10-02,183100,Sell,75,"[""최근 1개월 수익률이 -4.24%로 하락세를 보이고 있으며, 거래량 변화율 또한 -36.56%로 감소하여 투자 심리가 위축된 것으로 판단됩니다."", ""현재가(183,100원)는 52주 최고가(216,000원) 대비 약 71.1% 수준으로, 단기적으로 상승 여력보다는 하락 압력이 작용할 가능성이 있습니다."", ""ROE가 3.8%로 낮아 기업의 수익성이 현재 주가 수준을 정당화하기 어렵다는 점도 하락 가능성을 시사합니다.""]",0.1078167115902965,-5.660377358490567,-1.9772434702979291,-6.409878274936382
329180,HD현대중공업,2024-11-01,174200,Sell,65,"[""최근 1개월 수익률이 -5.63%로 하락세를 보이고 있으며, 거래량 변화율 또한 -19.26%로 감소하여 투자 심리가 위축된 것으로 판단됩니다."", ""PER 75.8배는 동종 업계 평균 대비 높은 수준일 가능성이 있으며, 이는 현재 주가가 기업의 수익성에 비해 고평가되었음을 시사할 수 있습니다."", ""ROE 3.8%는 낮은 수준으로, 기업의 수익 창출 능력이 기대에 미치지 못하고 있음을 나타냅니다.""]",21.142857142857142,20.57142857142857,23.356478776170775,25.766158521949425
329180,HD현대중공업,2024-12-02,211000,Sell,75,"[""최근 1개월 수익률이 21.13%로 높고 거래량 변화율이 135.11%로 급증한 것은 단기적인 과열 가능성을 시사합니다."", ""PER 65.5는 동종 업계 평균 대비 높은 수준으로 밸류에이션 부담이 존재합니다."", ""52주 최고가 대비 현재 위치가 76.6%로, 상승 여력이 제한적일 수 있습니다.""]",2.112676056338028,34.037558685446015,5.402944445602449,36.36466560116938
329180,HD현대중공업,2025-01-02,289000,Sell,75,"[""현재가가 52주 최고가에 근접한 95.2% 위치에 있어 추가 상승 여력이 제한적일 수 있습니다."", ""최근 1개월 수익률이 31.36%로 높았으나, 거래량 변화율이 -20.26%로 감소하여 단기 상승 모멘텀이 약화되었을 가능성이 있습니다."", ""PER 89.7, PBR 4.70, ROE 5.2% 지표는 현재 주가가 기업의 내재가치 대비 고평가되었음을 시사할 수 있습니다.""]",9.98248686514886,6.129597197898424,6.957817752319606,2.246177593652588
329180,HD현대중공업,2025-02-03,311500,Sell,75,"[""현재가(311,500원)가 52주 최고가(327,000원)에 근접한 92.9% 수준에 위치하여 추가 상승 여력이 제한적일 수 있습니다."", ""PER(96.7) 및 PBR(5.06) 지표가 상대적으로 높아 밸류에이션 부담이 존재합니다."", ""최근 1개월 수익률(4.53%)은 양호하나, 거래량 변화율(20.37%)이 긍정적인 신호로 해석되기에는 불확실성이 있습니다.""]",-4.5241809672386895,-1.0920436817472698,-6.835509134737455,-4.1722027668868344
329180,HD현대중공업,2025-03-04,314500,Sell,75,"[""현재가(314,500원)가 52주 최고가(366,000원) 대비 높은 수준(79.9%)에 위치하여 추가 상승 여력이 제한적일 수 있습니다."", ""PER(97.6) 및 PBR(5.11) 지표가 상대적으로 높아 밸류에이션 부담이 존재합니다."", ""최근 1개월 수익률(1.13%)이 낮은 수준으로, 단기적인 상승 모멘텀이 약한 것으로 판단됩니다.""]",-6.624605678233439,-8.201892744479496,-7.277035382744158,-6.1586033104006965
329180,HD현대중공업,2025-04-01,291000,Sell,75,"[""최근 1개월 수익률이 -1.69%로 하락세를 보이고 있으며, 거래량 변화율이 -54.18%로 크게 감소하여 투자 심리가 위축되었음을 시사합니다."", ""현재가(291,000원)가 52주 최고가(366,000원) 대비 약 21.6% 하락한 수준이지만, 52주 최저가(111,300원) 대비로는 여전히 높은 위치(70.5%)에 있어 추가 상승 여력이 제한적일 수 있습니다."", ""PER 41.6배는 동종 업계 평균 대비 높을 가능성이 있으며, 이는 현재 주가가 기업의 수익성에 비해 고평가되었을 가능성을 내포합니다.""]",0.859106529209622,38.144329896907216,9.32566092570425,36.11907708948781
329180,HD현대중공업,2025-05-02,408500,Sell,75,"[""현재가가 52주 최고가와 동일하며, 최근 1개월 수익률이 40.38%로 단기 급등 후 차익 실현 매물이 출회될 가능성이 높습니다."", ""PER 58.4, PBR 6.36은 동종 업계 평균 대비 높은 수준으로 밸류에이션 부담이 존재합니다."", ""거래량 변화율 39.83%는 단기 급등을 뒷받침하지만, 최고가 경신 후에는 매도 압력이 강해질 수 있습니다.""]",0.12033694344163659,2.286401925391095,-2.473881721567299,-6.970339080126038
329180,HD현대중공업,2025-06-02,428000,Sell,75,"[""현재가가 52주 최고가와 동일하며, 이는 단기적인 상승 모멘텀이 소진되었을 가능성을 시사합니다."", ""최근 1개월 수익률이 6.07%로 양호하나, 거래량 변화율이 -41.79%로 크게 감소한 것은 투자 심리 위축 또는 매도 압력 증가를 나타낼 수 있습니다."", ""PER 43.3, PBR 6.54는 동종 업계 평균 대비 고평가 구간일 가능성을 내포하며, 이는 향후 주가 상승 여력을 제한할 수 있습니다.""]",-1.9859813084112148,-7.943925233644859,-7.370269105613509,-20.410541855319146
329180,HD현대중공업,2025-07-01,420500,Buy,75,"[""현재가(420,500원)가 52주 최고가(463,500원) 대비 87.0% 수준으로, 상승 여력이 남아있다고 판단됩니다."", ""최근 1개월 수익률이 3.70%로 긍정적인 흐름을 보이고 있으며, 거래량 변화율이 44.53%로 증가하는 것은 매수세 유입 가능성을 시사합니다."", ""ROE가 15.1%로 양호한 수준이며, 이는 기업의 수익 창출 능력이 뒷받침되고 있음을 나타냅니다.""]",-3.067484662576687,15.58282208588957,-4.975740111250854,9.74846438230005
329180,HD현대중공업,2025-08-01,476500,Sell,75,"[""현재가(476,500원)가 52주 최고가(490,500원)에 근접한 95.7% 수준으로, 단기 상승 여력이 제한적일 수 있습니다."", ""최근 1개월 수익률이 20.94%로 높았으나, 거래량 변화율이 -17.40%로 감소하는 추세를 보여 추가적인 매수세 유입이 약할 가능성이 있습니다."", ""PER 48.2, PBR 7.29는 동종 업계 평균 대비 높은 수준일 수 있으며, 이는 현재 주가에 대한 밸류에이션 부담을 시사합니다.""]",0.10787486515641855,10.895361380798274,-1.7671152071174274,10.113850777986745
329180,HD현대중공업,2025-09-01,510000,Sell,75,"[""현재가(510,000원)가 52주 최고가(521,000원)에 근접한 96.8% 수준으로, 단기 상승 여력이 제한적일 수 있습니다."", ""PER 48.5, PBR 7.32는 동종 업계 평균 대비 높은 수준일 가능성이 있으며, 이는 현재 주가가 고평가되었음을 시사할 수 있습니다."", ""최근 1개월 수익률 3.98% 대비 거래량 변화율 18.89%는 단기적인 수급 불균형 가능성을 나타내며, 이는 가격 조정의 빌미가 될 수 있습니다.""]",-1.9455252918287937,0.19455252918287938,-4.710037404300629,-7.7569660611366
329180,HD현대중공업,2025-10-01,528000,Sell,75,"[""현재가가 52주 최고가와 동일하며, 이는 단기적인 상승 모멘텀이 약화되었을 가능성을 시사합니다."", ""최근 1개월 수익률이 2.72%로 소폭 상승했으나, 거래량 변화율이 -38.02%로 크게 감소한 점은 투자자들의 관심이 줄어들고 있음을 나타냅니다."", ""PER 50.2, PBR 7.58은 동종 업계 평균 대비 높은 수준일 가능성이 있으며, 이는 현재 주가가 기업의 내재가치 대비 고평가되었을 위험을 내포합니다.""]",-3.787878787878788,-0.5681818181818182,-9.399268364714192,-14.01455439123328
329180,HD현대중공업,2025-11-03,607000,Sell,75,"[""현재가(607,000원)가 52주 최고가(624,000원)에 근접한 96.2% 수준으로, 단기 상승 여력이 제한적일 수 있습니다."", ""최근 1개월 수익률이 23.50%로 높게 나타나 단기 차익 실현 매물이 출회될 가능성이 있습니다."", ""PER(57.7)과 PBR(8.72) 지표가 상대적으로 높아, 현재 주가 수준이 고평가되었을 가능성을 시사합니다.""]",-5.82010582010582,-8.289241622574956,-5.447690286860165,-5.212628347598855
329180,HD현대중공업,2025-12-01,515000,Sell,75,"[""최근 1개월 수익률이 -14.17%로 하락세를 보이고 있으며, 이는 단기적인 매도 압력을 시사합니다."", ""현재가가 52주 최고가 대비 약 16.2% 하락한 수준이지만, 최근 하락 추세가 지속될 가능성을 배제할 수 없습니다."", ""PER 35.4, PBR 7.07은 상대적으로 높은 밸류에이션 수준으로, 추가적인 상승 여력보다는 하락 위험이 더 부각될 수 있습니다.""]",10.961538461538462,-3.076923076923077,7.2413230885531945,-10.954407788795383
012450,한화에어로스페이스,2023-01-02,74972,Neutral,55,"[""현재가는 52주 최고가 대비 약 13.8% 하락한 수준으로, 추가 상승 여력과 하락 위험이 공존하는 위치에 있습니다."", ""최근 1개월 수익률은 소폭 상승했으나, 거래량 변화율이 크게 감소하여 시장의 관심이 줄어들었음을 시사합니다."", ""PER, PBR, ROE 등 재무 지표는 시장 평균 대비 우수하다고 단정하기 어렵고, 기술적 지표 또한 명확한 상승 또는 하락 추세를 보여주지 않아 방향성 판단이 어렵습니다.""]",-4.762690425122367,12.744046636968598,-10.740569163831875,1.4670711380232646
012450,한화에어로스페이스,2023-02-01,82307,Buy,75,"[""현재가가 52주 최고가 대비 약 5% 하락한 수준으로, 단기적인 상승 여력이 존재한다고 판단됩니다."", ""최근 1개월 수익률이 9.78%로 양호하며, 거래량 변화율이 66.60%로 높게 나타나 투자자들의 관심이 증가하고 있음을 시사합니다."", ""PER 16.6, PBR 1.36, ROE 8.2% 등의 재무 지표는 시장 평균 대비 과도하게 고평가되었다고 보기 어려우며, 향후 실적 개선 가능성을 고려할 때 긍정적인 요인으로 작용할 수 있습니다.""]",5.0938403190205,16.398580505115792,4.581867278613519,17.889539968516196
012450,한화에어로스페이스,2023-03-02,92595,Sell,75,"[""현재가가 52주 최고가에 근접한 97.4% 수준으로, 단기적인 추가 상승 여력이 제한적일 수 있습니다."", ""최근 1개월 수익률이 13.06%로 높았으나, 거래량 변화율이 -23.99%로 감소한 것은 투자 심리 위축 가능성을 시사합니다."", ""ROE 8.2%는 시장 평균 대비 우수하다고 단정하기 어렵고, PER 18.7, PBR 1.53은 현재 주가 수준이 재무적 가치 대비 다소 높게 평가될 가능성을 내포합니다.""]",2.027281870756852,5.86916436174671,3.5683559352369043,4.027523290560438
012450,한화에어로스페이스,2023-04-03,104513,Sell,75,"[""현재가가 52주 최고가와 동일한 수준으로, 단기적인 추가 상승 여력이 제한적일 수 있습니다."", ""최근 1개월 수익률이 9.50%로 양호했으나, 거래량 변화율이 -6.88%로 감소하는 추세는 매수세 약화를 시사합니다."", ""PER 26.4, PBR 1.85, ROE 7.0%의 재무 지표는 현재 주가 수준에서 밸류에이션 부담이 존재할 가능성을 나타냅니다.""]",4.65184238162641,-0.5579653897082325,1.9366749362220412,-1.4001309121209569
012450,한화에어로스페이스,2023-05-02,109607,Buy,75,"[""최근 1개월 수익률 8.47%와 52주 내 현재 위치 87.2%는 주가 상승 모멘텀이 강하게 작용하고 있음을 시사합니다."", ""거래량 변화율 58.41%는 시장의 관심이 증가하고 있으며, 이는 향후 주가 상승의 동력이 될 수 있습니다."", ""PER 27.6은 다소 높은 편이나, 52주 최고가 대비 현재 위치가 높아 추가 상승 여력이 존재할 가능성이 있습니다.""]",-0.3737579664627987,3.6475838889195,0.042009203921789584,-0.3485782602769514
012450,한화에어로스페이스,2023-06-01,110015,Buy,75,"[""현재가(110,015원)가 52주 최고가(119,488원)에 근접하며 52주 내 현재 위치가 87.7%로 강한 상승 추세를 시사합니다."", ""최근 1개월 수익률이 5.16%로 긍정적인 흐름을 보이고 있으며, 이는 단기적인 매수세를 뒷받침합니다."", ""ROE 17.7%는 기업의 수익성이 양호함을 나타내며, 이는 주가 상승의 잠재적 동력이 될 수 있습니다.""]",-2.3452589796750125,17.419772119150142,-3.421234623184553,17.377102131143882
012450,한화에어로스페이스,2023-07-03,132527,Buy,75,"[""최근 1개월 수익률이 20.46%로 강한 상승세를 보이고 있으며, 52주 최고가 대비 현재 위치가 87.7%로 상승 여력이 남아있습니다."", ""거래량 변화율이 17.92%로 증가하며 매수세가 유입되고 있음을 시사합니다."", ""ROE 17.7%는 양호한 수익성을 나타내며, PER 11.8은 시장 평균 대비 과도하게 고평가되지 않았음을 보여줍니다.""]",7.213190515589943,-7.745402774361383,8.401633085124637,-10.589644303526821
012450,한화에어로스페이스,2023-08-01,123766,Sell,75,"[""최근 1개월 수익률이 -6.61%로 하락세를 보이고 있으며, 거래량 변화율 또한 -13.52%로 감소하여 투자 심리가 위축된 것으로 판단됩니다."", ""현재 주가가 52주 최고가 대비 약 76.7% 수준에 위치해 있어 단기적인 차익 실현 매물이 출회될 가능성이 있습니다."", ""PER 11.0, PBR 1.95, ROE 17.8%의 재무 지표는 양호하나, 최근 시장의 부정적인 흐름과 기술적 지표의 하락 추세를 고려할 때 단기적인 하락 가능성이 더 높다고 판단됩니다.""]",-2.3177005030352777,-5.4634994677090365,-1.8839099378845245,-3.1626895979226517
012450,한화에어로스페이스,2023-09-01,116737,Sell,75,"[""최근 1개월 수익률이 -5.13%로 하락세를 보이고 있으며, 거래량 변화율 또한 -50.72%로 크게 감소하여 매도 압력이 존재함을 시사합니다."", ""현재 주가가 52주 최고가 대비 69.0% 수준에 위치해 있어 추가 상승 여력보다는 단기 차익 실현 매물이 출회될 가능성이 있습니다."", ""PER 7.3, PBR 1.70, ROE 23.2%의 재무 지표는 양호하나, 최근 기술적 지표의 하락 추세가 향후 20거래일 주가에 부정적인 영향을 미칠 가능성이 높습니다.""]",6.37539010254124,-13.712747350732194,7.445982662174448,-6.910015734009741
012450,한화에어로스페이스,2023-10-04,104107,Sell,75,"[""최근 1개월 수익률이 -11.28%로 하락세를 보이고 있으며, 거래량 변화율 또한 음수(-3.33%)로 매도 압력이 감지됩니다."", ""현재가가 52주 최고가 대비 약 44.8% 하락한 위치에 있으며, 이는 단기적인 하락 추세의 연장 가능성을 시사합니다."", ""PER 6.5, PBR 1.52, ROE 23.2% 등 재무 지표는 양호하나, 최근 기술적 지표의 하락 추세가 향후 20거래일 주가 하락 가능성을 높입니다.""]",7.395987706507793,21.580250842939698,5.209683828990727,23.047217060280342
012450,한화에어로스페이스,2023-11-01,115617,Buy,75,"[""최근 1개월 수익률 8.92%와 거래량 변화율 29.97%는 긍정적인 모멘텀을 시사합니다."", ""현재가가 52주 최고가 대비 35.9% 하락한 64.1% 수준에 위치하여 상승 여력이 존재합니다."", ""ROE 23.1%는 높은 수익성을 보여주며, PER 7.3은 상대적으로 저평가된 가능성을 내포합니다.""]",7.7122659566323275,9.098874550202888,4.129009443948383,0.8974166649900059
012450,한화에어로스페이스,2023-12-01,138537,Buy,75,"[""최근 1개월 수익률이 17.85%로 강한 상승세를 보이고 있으며, 현재 주가가 52주 최고가 대비 약 4.5% 하락한 수준으로 추가 상승 여력이 존재합니다."", ""ROE가 18.4%로 우수한 수익성을 나타내고 있으며, PER 10.9배는 시장 평균 대비 과도하게 고평가되지 않은 수준으로 판단됩니다."", ""거래량 변화율이 음수(-13.19%)인 점은 단기적인 매도 압력이 약화될 가능성을 시사하며, 이는 향후 주가 상승에 긍정적인 요인으로 작용할 수 있습니다.""]",-6.941417812448981,-4.337765032403694,-7.355342542562912,-7.203428365670764
012450,한화에어로스페이스,2024-01-02,132119,Buy,75,"[""현재가(132,119원)가 52주 최고가(145,158원) 대비 높은 위치(83.1%)에 있으나, 최근 1개월 수익률(5.36%)과 거래량 변화율(28.92%)이 긍정적인 흐름을 보이고 있어 단기 상승 가능성이 있습니다."", ""ROE(18.4%)가 양호한 수준으로 기업의 수익성이 뒷받침되고 있습니다."", ""PER(10.4) 및 PBR(1.92) 지표는 시장 평균 대비 과도하게 고평가되었다고 보기 어려워 추가적인 상승 여력을 고려할 수 있습니다.""]",2.250583634663112,3.601228394470752,4.756231217804354,7.8285738194489785
012450,한화에어로스페이스,2024-02-01,135074,Buy,75,"[""현재가(135,074원)는 52주 최고가(150,862원) 대비 약 10.4% 하락한 수준으로, 추가 상승 여력이 존재할 수 있습니다."", ""최근 1개월 수익률은 -0.53%로 소폭 하락했으나, 거래량 변화율이 25.68%로 증가한 점은 향후 주가 상승에 대한 잠재적 동력으로 해석될 수 있습니다."", ""PER 10.7, PBR 1.96, ROE 18.4%의 재무 지표는 시장 평균 대비 경쟁력 있는 수준으로 판단되며, 이는 주가 하락보다는 상승에 대한 기대를 높입니다.""]",2.798776231565503,54.31215006014881,1.4861211352289339,53.311121501392876
012450,한화에어로스페이스,2024-03-04,191099,Buy,75,"[""최근 1개월 수익률이 42.23%로 매우 높으며, 52주 최고가 대비 현재 위치가 93.6%로 상승 추세가 강하게 나타납니다."", ""거래량 변화율이 75.22%로 크게 증가하여 시장의 관심과 매수세가 유입되고 있음을 시사합니다."", ""ROE 18.4%는 양호한 수익성을 보여주며, PER 15.1, PBR 2.78은 현재 시장 상황 및 동종 업계 대비 과도하게 고평가되었다고 보기 어렵습니다.""]",0.0,30.059812351330017,-1.2232958405676702,26.14345393055551
012450,한화에어로스페이스,2024-04-01,212899,Buy,75,"[""최근 1개월 수익률이 11.47%로 양호한 상승세를 보이고 있으며, 52주 최고가 대비 현재 위치가 89.3%로 상승 여력이 남아있다고 판단됩니다."", ""ROE가 23.1%로 높은 수준을 유지하고 있어 기업의 수익성이 견조함을 시사합니다."", ""PER 13.2, PBR 3.05는 시장 평균 대비 과도하게 고평가되었다고 보기 어려우며, 향후 실적 개선 가능성을 고려할 때 추가 상승 여력이 존재할 수 있습니다.""]",-13.27837000044807,-8.506417593697682,-11.534918838873734,-5.981682380342855
012450,한화에어로스페이스,2024-05-02,224614,Buy,75,"[""현재가(224,614원)가 52주 최고가(246,006원) 대비 높은 수준(85.8%)에 위치하나, 최근 1개월 수익률이 5.50%로 긍정적인 흐름을 보이고 있습니다."", ""ROE 23.1%는 높은 수준으로 기업의 수익성을 뒷받침하며, PER 13.9, PBR 3.22는 시장 평균 대비 과도하게 고평가되었다고 보기 어렵습니다."", ""거래량 변화율이 -10.79%로 감소했으나, 이는 단기적인 수급 요인일 수 있으며 전반적인 재무 건전성과 최근 수익률을 고려할 때 상승 여력이 있다고 판단됩니다.""]",2.7837883391566183,-2.0886384446134993,0.8940986921004348,-1.5457916559277192
012450,한화에어로스페이스,2024-06-03,227160,Buy,75,"[""현재가가 52주 최고가 대비 약 7.5% 하락한 수준으로, 추가 상승 여력이 존재한다고 판단됩니다."", ""최근 1개월 수익률이 5.44%로 양호한 흐름을 보이고 있어 단기적인 상승 모멘텀이 유지될 가능성이 있습니다."", ""PER 29.2, PBR 3.31, ROE 11.3% 등의 재무 지표는 시장 평균 대비 고평가 논란의 여지는 있으나, 성장성을 고려할 때 현재 주가 수준이 과도하게 저평가되었다고 보기는 어렵습니다.""]",0.4740946142107418,10.426824729221721,-2.007780597088615,5.47171410227306
012450,한화에어로스페이스,2024-07-01,248043,Buy,75,"[""최근 1개월 수익률이 19.36%로 강한 상승세를 보이고 있으며, 52주 최고가 대비 현재 위치가 95.2%로 매우 높은 수준에 있어 추가 상승 여력이 존재합니다."", ""거래량 변화율이 89.15%로 급증하며 매수세가 유입되고 있음을 시사합니다."", ""PER 31.9, PBR 3.61은 다소 높은 수준이나, ROE 11.3%를 고려할 때 현재 주가 수준이 과도하게 고평가되었다고 단정하기 어렵습니다.""]",7.23398389198944,35.53203221602112,4.122716154670769,37.0664496264625
012450,한화에어로스페이스,2024-08-01,309163,Buy,75,"[""최근 1개월 수익률이 30.26%로 강한 상승세를 보이고 있으며, 52주 최고가 대비 현재 위치가 91.7%로 높은 수준을 유지하고 있습니다."", ""거래량 변화율이 50.87%로 증가하며 투자자들의 관심이 집중되고 있음을 시사합니다."", ""PER 39.7, PBR 4.51, ROE 11.3%의 재무 지표는 현재 주가 수준에 대한 프리미엄을 반영하고 있으나, 최근의 기술적 지표들이 긍정적인 흐름을 지지하고 있습니다.""]",5.017459713579173,0.3461371232913938,8.296748553310291,0.16640399522500293
012450,한화에어로스페이스,2024-09-02,295411,Sell,75,"[""최근 1개월 수익률이 -4.45%로 하락세를 보이고 있으며, 거래량 변화율 또한 -35.66%로 감소하여 투자 심리가 위축된 것으로 판단됩니다."", ""현재 주가가 52주 최고가 대비 85.8% 수준으로, 단기적으로 상승 여력보다는 차익 실현 매물 출회 가능성이 존재합니다."", ""PER 53.8, PBR 4.09로 밸류에이션 부담이 있는 상황에서 ROE 7.6%는 이를 상쇄할 만큼 높지 않아 추가적인 주가 상승 동력이 약하다고 판단됩니다.""]",0.0,21.500214954757947,5.299047147258729,24.137354069757027
012450,한화에어로스페이스,2024-10-02,304766,Sell,75,"[""현재가(304,766원)가 52주 최고가(328,517원)에 근접한 89.8% 수준에 위치하여 추가 상승 여력이 제한적일 수 있습니다."", ""최근 1개월 수익률(3.17%) 대비 거래량 변화율(-76.91%)이 크게 감소한 것은 단기적인 매수세 약화를 시사합니다."", ""PER 55.5, PBR 4.22는 동종 업계 평균 대비 높은 수준일 가능성이 있으며, 이는 현재 주가가 고평가되었을 가능성을 내포합니다.""]",5.629509716012012,8.740800028886255,3.5444495341237863,7.99129911244044
012450,한화에어로스페이스,2024-11-01,372711,Buy,75,"[""최근 1개월 수익률이 27.44%로 강한 상승세를 보이고 있으며, 52주 최고가 대비 현재 위치가 95.0%로 상승 추세가 지속될 가능성이 높습니다."", ""거래량 변화율이 196.24%로 급증하며 투자자들의 관심이 집중되고 있어 단기적인 주가 상승 동력이 될 수 있습니다."", ""PER 67.8은 다소 높은 편이나, 52주 최고가 근접 및 최근 강한 상승세를 고려할 때 향후 20거래일 내 추가 상승 여력이 있다고 판단됩니다.""]",13.351338039276452,-12.534208480105816,15.564959672590085,-7.3394785295849605
012450,한화에어로스페이스,2024-12-02,316090,Sell,75,"[""최근 1개월 수익률이 -15.19%로 하락세를 보이고 있으며, 이는 단기적인 매도 압력을 시사합니다."", ""현재가가 52주 최고가 대비 약 22.4% 하락한 수준에 있으며, 이는 추가적인 하락 가능성을 내포합니다."", ""거래량 변화율이 16.58%로 상승했으나, 최근 수익률 하락세를 상쇄할 만큼 강한 매수세를 동반하지는 않아 상승 전환의 동력으로 보기 어렵습니다.""]",-14.032377100821428,6.942536046225571,-10.742108711557007,9.269642961948936
012450,한화에어로스페이스,2025-01-02,357940,Buy,75,"[""최근 1개월 수익률이 16.32%로 강한 상승세를 보이고 있으며, 52주 최고가 대비 현재 위치가 81.8%로 상승 여력이 남아있다고 판단됩니다."", ""ROE가 19.8%로 양호한 수준이며, 이는 기업의 수익 창출 능력이 우수함을 시사합니다."", ""PER 30.1, PBR 5.96은 다소 높은 수준이지만, 최근의 강한 상승세와 양호한 ROE를 고려할 때 단기적인 추가 상승 가능성을 배제하기 어렵습니다.""]",4.5581168311998725,16.16016248530703,1.5334477183706183,12.276742881061192
012450,한화에어로스페이스,2025-02-03,386497,Buy,75,"[""최근 1개월 수익률이 21.33%로 강한 상승세를 보이고 있으며, 52주 최고가 대비 현재 위치가 91.6%로 상승 여력이 남아있습니다."", ""ROE 19.8%는 양호한 수익성을 나타내며, 이는 주가 상승의 긍정적인 요인으로 작용할 수 있습니다."", ""거래량 변화율이 음수(-29.48%)인 점은 단기적인 매도 압력이 약화될 가능성을 시사하며, 이는 향후 주가 상승에 유리하게 작용할 수 있습니다.""]",22.509380886475036,70.97196476484079,20.19805271897627,67.89180567970122
012450,한화에어로스페이스,2025-03-04,690278,Sell,75,"[""현재가가 52주 최고가와 동일하며, 최근 1개월 수익률이 75.25%로 매우 높아 단기 차익 실현 매물이 출회될 가능성이 있습니다."", ""거래량 변화율이 142.13%로 높다는 점은 단기 급등 후 변동성이 커질 수 있음을 시사합니다."", ""PER 58.0, PBR 11.49는 현재 주가가 기업의 이익 및 자산 가치 대비 고평가되었을 가능성을 나타냅니다.""]",-4.316524686938352,-4.604234551485307,-4.968954391449071,-2.5609451174065083
012450,한화에어로스페이스,2025-04-01,662707,Buy,75,"[""현재가(662,707원)가 52주 최고가(752,315원) 대비 84.2% 수준으로, 상승 여력이 남아있다고 판단됩니다."", ""최근 1개월 수익률이 13.30%로 양호한 상승세를 보이고 있어 단기적인 모멘텀이 유지될 가능성이 있습니다."", ""ROE가 41.9%로 매우 높아 기업의 수익 창출 능력이 뛰어나며, 이는 주가 상승의 긍정적인 요인으로 작용할 수 있습니다.""]",4.2231106209600835,20.211071286340104,12.689665017454711,18.185818478920694
012450,한화에어로스페이스,2025-05-02,805489,Sell,75,"[""최근 1개월 높은 수익률(23.38%) 이후 거래량 변화율(-40.16%)이 크게 감소하여 단기 상승 모멘텀 약화 가능성이 시사됩니다."", ""현재가가 52주 최고가(817,305원)에 근접한 98.1% 수준에 위치하여 추가적인 상승 여력이 제한적일 수 있습니다."", ""높은 ROE(41.9%)와 낮은 PER(17.5)은 긍정적이나, 단기적인 기술적 지표의 약세 신호가 향후 20거래일 주가 하락 가능성을 높입니다.""]",-7.865237771398056,3.2647640086354444,-10.459456436406992,-5.991976996881689
012450,한화에어로스페이스,2025-06-02,835000,Buy,75,"[""ROE 55.8%는 매우 높은 수준으로 기업의 수익성을 강하게 시사합니다."", ""현재가가 52주 최고가 대비 약 5.9% 하락한 835,000원으로, 단기 조정 후 상승 여력이 존재할 수 있습니다."", ""최근 1개월 수익률이 4.82%로 긍정적인 흐름을 보이고 있으며, 이는 향후 주가 상승에 대한 기대감을 높입니다.""]",12.781065088757396,-3.3136094674556213,7.396777291555102,-15.780226089129908
012450,한화에어로스페이스,2025-07-01,839000,Sell,75,"[""최근 1개월 수익률이 -2.10%로 하락세를 보이고 있으며, 52주 최고가 대비 현재 위치가 82.2%로 상승 여력이 제한적일 수 있습니다."", ""PER 17.4, PBR 9.73은 현재 주가가 기업의 이익 및 자산 가치 대비 다소 높게 평가되고 있음을 시사합니다."", ""거래량 변화율이 12.03%로 긍정적인 신호가 있으나, 최근 수익률 하락과 밸류에이션 부담을 고려할 때 단기적인 하락 가능성이 더 높다고 판단됩니다.""]",3.785103785103785,19.291819291819294,1.876848336429618,13.457461588229776
012450,한화에어로스페이스,2025-08-01,939000,Buy,75,"[""최근 1개월 수익률이 14.93%로 강한 상승세를 보이고 있으며, 52주 최고가 대비 현재 위치가 91.9%로 높은 수준을 유지하고 있어 추가 상승 여력이 존재합니다."", ""ROE가 55.8%로 매우 높아 기업의 수익 창출 능력이 탁월함을 시사합니다."", ""거래량 변화율이 음수(-14.24%)인 점은 단기적인 매도 압력이 약화되었음을 나타낼 수 있으며, 이는 향후 주가 상승에 긍정적인 요인으로 작용할 수 있습니다.""]",-6.183368869936034,-0.5330490405117271,-8.05835894220988,-1.3145596433232563
012450,한화에어로스페이스,2025-09-01,916000,Sell,75,"[""최근 1개월 수익률이 -8.03%로 하락세를 보이고 있으며, 거래량 변화율 또한 -20.62%로 감소하여 투자 심리가 위축되었음을 시사합니다."", ""현재 주가가 52주 최고가 대비 88.7% 수준으로, 단기적으로 상승 여력이 제한적일 수 있습니다."", ""PER 18.5, PBR 7.50은 절대적인 고평가 구간은 아니나, 최근의 하락 추세와 거래량 감소를 고려할 때 추가 하락 가능성에 무게를 둡니다.""]",1.2861736334405145,18.64951768488746,-1.4783384790313212,10.69799909456798
012450,한화에어로스페이스,2025-10-01,1099000,Sell,75,"[""현재가가 52주 최고가에 근접하여 추가 상승 여력이 제한적일 수 있습니다."", ""최근 1개월 수익률이 높음에도 불구하고 거래량 변화율이 음수(-)를 기록하며 상승 동력이 약화될 가능성을 시사합니다."", ""높은 PER(22.2)과 PBR(9.00)은 현재 주가가 기업의 내재가치 대비 고평가되었을 가능성을 내포하고 있습니다.""]",-14.676390154968095,-11.577028258887875,-20.2877797318035,-25.023400831939338
012450,한화에어로스페이스,2025-11-03,1042000,Sell,75,"[""현재가가 52주 최고가 대비 7.8% 낮은 수준으로, 단기적인 상승 모멘텀이 약화될 가능성이 있습니다."", ""최근 1개월 수익률이 -0.19%로 부진한 흐름을 보이고 있어, 향후 20거래일 내 추가 하락 가능성을 시사합니다."", ""거래량 변화율이 13.51%로 긍정적인 신호를 보이지만, 최근 수익률 부진과 52주 최고가 근접이라는 점을 고려할 때 하락 가능성에 무게를 둡니다.""]",-6.138613861386139,-18.415841584158414,-5.766198328140484,-15.339228309182314
012450,한화에어로스페이스,2025-12-01,813000,Sell,75,"[""최근 1개월 수익률이 -16.96%로 하락세를 보이고 있으며, 이는 단기적인 매도 압력을 시사합니다."", ""거래량 변화율이 -9.53%로 감소하는 추세는 투자자들의 관심 감소 또는 매도 심리 강화를 나타낼 수 있습니다."", ""현재 주가가 52주 최고가 대비 상당 부분 하락한 위치에 있으며, 최근 하락 추세가 지속될 가능성을 배제할 수 없습니다.""]",16.50485436893204,14.805825242718445,12.784638995946773,6.92834053084614
259960,크래프톤,2023-01-02,164000,Sell,75,"[""현재가가 52주 최저가와 동일하며, 52주 최고가 대비 현저히 낮은 수준에 위치하여 하락 추세가 지속될 가능성이 높습니다."", ""최근 1개월 수익률이 -25.45%로 큰 폭의 하락세를 보이고 있으며, 거래량 변화율 또한 음(-)의 값을 나타내어 매도 압력이 지속될 것으로 예상됩니다."", ""PER 13.6, PBR 1.49, ROE 10.9% 등의 재무 지표는 시장 평균 대비 특별히 매력적인 수준은 아니며, 기술적 지표의 하락 추세를 상쇄할 만한 강한 상승 근거를 제시하지 못합니다.""]",3.003003003003003,9.30930930930931,-2.9748757357065054,-1.9676661896360237
259960,크래프톤,2023-02-01,181000,Sell,75,"[""최근 1개월 수익률은 긍정적이나, 거래량 변화율이 -34.16%로 크게 감소하여 매수세 약화를 시사합니다."", ""현재가는 52주 최고가 대비 40.6% 하락한 수준이며, 52주 내 현재 위치가 12.1%로 낮은 편에 속해 추가 하락 가능성을 배제할 수 없습니다."", ""PER 15.1, PBR 1.64, ROE 10.9% 등의 재무 지표는 시장 평균 대비 특별히 우수하다고 보기 어려워 주가 상승을 강력하게 지지하는 근거가 부족합니다.""]",-0.5494505494505495,-6.7032967032967035,-1.0614235898575304,-5.212337239896297
259960,크래프톤,2023-03-02,169000,Sell,75,"[""최근 1개월 수익률이 -5.74%로 하락세를 보이고 있으며, 52주 최고가 대비 현재 위치가 3.7%로 매우 낮은 수준에 머물러 있어 추가 하락 가능성이 있습니다."", ""거래량 변화율이 25.37%로 증가했음에도 불구하고 주가 하락이 동반되고 있어 매도 압력이 강함을 시사합니다."", ""PER 14.1, PBR 1.53, ROE 10.9% 등의 재무 지표는 시장 평균 대비 특별히 매력적인 수준은 아니며, 현재 주가 하락 추세를 반전시킬 만한 강력한 상승 모멘텀을 제공하지 못하고 있습니다.""]",-4.652532391048291,8.06831566548881,-3.111458326568239,6.226674594302539
259960,크래프톤,2023-04-03,182800,Buy,65,"[""최근 1개월 수익률이 7.66%로 긍정적인 흐름을 보이고 있으며, 현재가는 52주 최저가 대비 높은 수준에 위치하여 추가 상승 여력이 존재할 수 있습니다."", ""PER 17.1, PBR 1.76, ROE 10.3%의 재무 지표는 시장 평균 대비 과도하게 고평가되었다고 보기 어렵습니다."", ""거래량 변화율이 -5.70%로 소폭 감소했으나, 최근 수익률 상승세를 고려할 때 단기적인 매도 압력은 제한적일 수 있습니다.""]",-2.0063357972544877,1.8479408658922916,-4.721503242658857,1.005775343479567
259960,크래프톤,2023-05-02,193600,Sell,75,"[""최근 1개월 수익률이 5.50%로 긍정적이나, 거래량 변화율이 -21.67%로 감소하며 매도 압력이 감지됩니다."", ""현재가가 52주 최고가 대비 31.1% 낮은 수준에 위치하여 추가 하락 가능성을 시사합니다."", ""PER 18.1, PBR 1.86, ROE 10.2%의 재무 지표는 시장 평균 대비 특별히 매력적인 수준은 아니며, 현재가 하락 압력을 상쇄할 만큼의 강한 상승 근거를 제시하지 못합니다.""]",3.0585795749092792,-2.021772939346812,3.4743467452938677,-6.017935088543263
259960,크래프톤,2023-06-01,189400,Sell,65,"[""최근 1개월 수익률이 마이너스를 기록하며 약세를 보이고 있습니다."", ""52주 최고가 대비 현재 주가 위치가 27.7%로, 상승 여력보다는 하락 위험이 상대적으로 높아 보입니다."", ""거래량 변화율이 소폭 증가했으나, 이는 하락 추세를 반전시키기에는 미미한 수준으로 판단됩니다.""]",8.201058201058201,2.91005291005291,7.1250825575486605,2.867382922046649
259960,크래프톤,2023-07-03,194500,Sell,65,"[""최근 1개월 수익률은 소폭 상승했으나, 거래량 변화율이 크게 하락하여 매수세 약화를 시사합니다."", ""52주 최고가 대비 현재 위치가 34.0%로, 상승 여력보다는 하락 위험이 상대적으로 높아 보입니다."", ""PER 17.5, PBR 1.77, ROE 10.1% 등의 재무 지표는 시장 평균 대비 특별히 매력적인 수준은 아닙니다.""]",-0.273224043715847,-2.677595628415301,0.9152185258188466,-5.521837157580739
259960,크래프톤,2023-08-01,178100,Sell,65,"[""최근 1개월 수익률이 -8.43%로 하락세를 보이고 있으며, 이는 단기적인 매도 압력을 시사합니다."", ""거래량 변화율이 -4.40%로 감소하는 추세는 투자자들의 관심 감소 또는 매도 심리 강화를 나타낼 수 있습니다."", ""현재가가 52주 최고가 대비 약 33.8% 하락한 위치에 있으며, 이는 추가적인 하락 가능성을 배제할 수 없음을 보여줍니다.""]",0.8675534991324465,-10.352805089647195,1.3013440642831997,-8.05199521986081
259960,크래프톤,2023-09-01,155500,Sell,75,"[""최근 1개월 수익률이 -10.06%로 하락세를 보이고 있으며, 52주 최고가 대비 현재 위치가 매우 낮아 추가 하락 가능성이 있습니다."", ""PER 15.9, PBR 1.42, ROE 8.9%는 시장 평균 대비 특별히 매력적인 수준으로 보이지 않아 밸류에이션 매력이 낮습니다."", ""거래량 변화율이 18.49%로 증가했으나, 이는 하락장에서 매도 물량이 증가했음을 시사할 수 있습니다.""]",-2.361199744735163,-4.6585832801531595,-1.2906071851019552,2.1441483365692937
259960,크래프톤,2023-10-04,146500,Sell,75,"[""현재가가 52주 최저가와 동일한 수준으로, 기술적으로 추가 하락 가능성이 존재합니다."", ""최근 1개월 수익률이 -6.57%로 하락세를 보이고 있으며, 거래량 변화율 또한 -25.17%로 감소하여 투자 심리가 위축된 것으로 판단됩니다."", ""PER 15.0, PBR 1.34, ROE 8.9% 등의 재무 지표는 시장 평균 대비 특별히 매력적인 수준으로 보이지 않아, 현재 주가 수준에서 적극적인 매수세를 유인하기 어렵습니다.""]",4.662162162162162,14.797297297297296,2.475858284645097,16.264263514637943
259960,크래프톤,2023-11-01,166000,Sell,75,"[""최근 1개월 수익률이 11.63%로 양호하나, 52주 최고가 대비 현재 위치가 21.7%로 하락 여력이 존재합니다."", ""거래량 변화율이 16.36%로 긍정적인 신호이나, PER 17.0, PBR 1.52, ROE 8.9% 등 재무 지표가 시장 평균 대비 특별히 우수하다고 보기 어렵습니다."", ""현재가 166,000원이 52주 최저가 146,500원 대비 상승 추세에 있으나, 52주 최고가 236,500원 대비 상당한 괴리가 있어 단기적인 추가 상승 동력이 약할 수 있습니다.""]",12.966252220248666,26.1101243339254,9.38299570756472,17.908666448712516
259960,크래프톤,2023-12-01,217500,Buy,75,"[""최근 1개월 수익률이 28.77%로 강한 상승세를 보이고 있으며, 52주 최고가 대비 현재 위치가 88.2%로 상승 여력이 남아있습니다."", ""거래량 변화율이 77.19%로 증가하며 매수세가 유입되고 있음을 시사합니다."", ""PER 22.9, PBR 1.90은 시장 평균 대비 높은 수준일 수 있으나, 최근의 강한 주가 상승 모멘텀과 거래량 증가를 고려할 때 단기적인 추가 상승 가능성을 배제하기 어렵습니다.""]",-2.293577981651376,-8.027522935779817,-2.7075027117653074,-10.893186269046886
259960,크래프톤,2024-01-02,195800,Sell,75,"[""최근 1개월 수익률이 -9.35%로 하락세를 보이고 있으며, 거래량 변화율 또한 -26.67%로 감소하여 투자 심리가 위축된 것으로 판단됩니다."", ""현재가가 52주 최고가 대비 약 10.2% 하락한 69.0% 수준에 위치해 있어 추가적인 하락 가능성을 배제할 수 없습니다."", ""PER 20.6, PBR 1.71, ROE 8.3%의 재무 지표는 시장 평균 대비 특별히 매력적인 수준은 아니며, 현재 주가 수준을 정당화할 만큼의 강력한 상승 모멘텀을 제시하지 못하고 있습니다.""]",4.209445585215605,10.1129363449692,6.715093168356848,14.340281769947426
259960,크래프톤,2024-02-01,214000,Sell,75,"[""현재가가 52주 최고가에 근접한 93.8% 수준에 위치하여 추가 상승 여력이 제한적일 수 있습니다."", ""최근 1개월 수익률은 9.86%로 양호하나, 거래량 변화율이 -30.22%로 크게 감소하여 매수세 약화를 시사합니다."", ""PER 22.5, PBR 1.87, ROE 8.3%의 재무 지표는 시장 평균 대비 특별히 매력적인 수준으로 보이지 않아 밸류에이션 부담이 존재할 수 있습니다.""]",3.1390134529147984,-4.484304932735426,1.8263583565782293,-5.48533349149136
259960,크래프톤,2024-03-04,217500,Sell,75,"[""최근 1개월 수익률이 -0.46%로 약세를 보이며, 52주 최고가 대비 현재 위치가 76.3%로 상승 여력이 제한적일 수 있습니다."", ""PER 22.9, PBR 1.90, ROE 8.3%의 재무 지표는 시장 평균 대비 우수하다고 단정하기 어렵습니다."", ""거래량 변화율이 6.58%로 소폭 증가했으나, 이는 주가 하락을 막기 위한 일시적인 움직임일 가능성도 배제할 수 없습니다.""]",7.339449541284404,15.59633027522936,6.116153700716734,11.679971854454854
259960,크래프톤,2024-04-01,250500,Buy,75,"[""최근 1개월 수익률이 10.35%로 양호하며, 52주 최고가 대비 현재 위치가 94.1%로 상승 추세가 지속될 가능성이 있습니다."", ""거래량 변화율이 19.71%로 증가하며 투자자들의 관심이 높아지고 있음을 시사합니다."", ""PER 19.6, PBR 2.18, ROE 11.2%는 시장 평균 대비 과도하게 고평가되었다고 보기 어렵고, ROE가 10%를 상회하여 일정 수준의 수익성을 보여주고 있습니다.""]",-3.968253968253968,-3.571428571428571,-2.224802806679631,-1.0466933580737439
259960,크래프톤,2024-05-02,243000,Sell,75,"[""최근 1개월 수익률이 -2.99%로 하락세를 보이고 있으며, 52주 최고가 대비 현재 위치가 85.0%로 상승 여력이 제한적일 수 있습니다."", ""거래량 변화율이 45.00%로 증가했으나, 이는 단기적인 변동성 확대일 가능성이 있으며, 최근 수익률 하락세를 상쇄할 만큼 강한 매수세를 뒷받침하지 못하고 있습니다."", ""PER 19.0, PBR 2.12, ROE 11.2% 등의 재무 지표는 시장 평균 대비 특별히 매력적인 수준으로 보이지 않아, 단기적인 주가 상승을 견인할 강력한 펀더멘털 모멘텀이 부족합니다.""]",3.386454183266932,-0.5976095617529881,1.4967645362107485,-0.05476277306720778
259960,크래프톤,2024-06-03,247500,Sell,75,"[""현재가가 52주 최고가 대비 86.3% 수준으로, 단기 상승 여력이 제한적일 수 있습니다."", ""최근 1개월 수익률은 3.34%로 긍정적이나, 거래량 변화율이 -23.78%로 감소하는 추세는 매도 압력을 시사합니다."", ""PER 16.8, PBR 2.02, ROE 12.0%의 재무 지표는 시장 평균 대비 특별히 매력적인 수준은 아니며, 밸류에이션 부담이 존재할 수 있습니다.""]",6.212424849699398,9.218436873747494,3.7305496384000416,4.263326246798833
259960,크래프톤,2024-07-01,273500,Buy,75,"[""최근 1개월 수익률이 8.96%로 긍정적인 흐름을 보이고 있으며, 52주 최고가 대비 현재 위치가 84.4%로 상승 여력이 남아있다고 판단됩니다."", ""PER 18.6, PBR 2.24, ROE 12.0%의 재무 지표는 시장 평균 대비 과도하게 고평가되었다고 보기 어렵습니다."", ""거래량 변화율이 1.86%로 소폭 증가하며 매수세가 유입되고 있음을 시사합니다.""]",6.826568265682657,7.9335793357933575,3.715300528363987,9.467996746234734
259960,크래프톤,2024-08-01,289500,Sell,75,"[""현재가가 52주 최고가 대비 95% 수준으로, 단기적으로 추가 상승 여력이 제한적일 수 있습니다."", ""최근 1개월 수익률은 양수이나, 거래량 변화율이 큰 폭으로 감소하여 투자 심리가 위축되었을 가능성이 있습니다."", ""PER 19.7, PBR 2.37, ROE 12.0% 등의 재무 지표는 시장 평균 대비 우수하다고 단정하기 어렵고, 밸류에이션 부담이 존재할 수 있습니다.""]",2.4347826086956523,12.347826086956522,5.71407144842677,12.168092958890131
259960,크래프톤,2024-09-02,323000,Buy,75,"[""최근 1개월 수익률 11.57%와 거래량 변화율 133.94%는 긍정적인 모멘텀을 시사합니다."", ""현재가가 52주 최고가 대비 약 7.4% 하락한 323,000원으로, 추가 상승 여력이 존재할 가능성이 있습니다."", ""ROE 15.4%는 양호한 수익성을 나타내며, 이는 주가 상승의 잠재적 기반이 될 수 있습니다.""]",1.1041009463722398,2.8391167192429023,6.403148093630969,5.476255834241982
259960,크래프톤,2024-10-02,338000,Sell,75,"[""현재가가 52주 최고가 대비 94.6% 수준으로, 단기적으로 추가 상승 여력이 제한적일 수 있습니다."", ""최근 1개월 수익률이 1.81%로 소폭 상승했으나, 거래량 변화율이 -46.23%로 크게 감소하여 상승 동력이 약화되었음을 시사합니다."", ""PER 17.4, PBR 2.68, ROE 15.4% 등의 재무 지표는 현재 시장에서 고평가 또는 평균 수준으로 판단될 수 있으며, 20거래일 내 급격한 주가 상승을 뒷받침할 만한 강력한 근거는 부족합니다.""]",-1.4903129657228018,0.5961251862891207,-3.5753731476110273,-0.1533757301566947
259960,크래프톤,2024-11-01,333500,Sell,75,"[""현재가가 52주 최고가 대비 92.0% 수준으로, 단기적으로 추가 상승 여력이 제한적일 수 있습니다."", ""최근 1개월 수익률이 -2.63%로 하락세를 보이고 있으며, 거래량 변화율 또한 -17.66%로 감소하여 투자 심리가 위축된 것으로 판단됩니다."", ""PER 17.2, PBR 2.65, ROE 15.4%의 재무 지표는 시장 평균 대비 우수하다고 볼 수 있으나, 기술적 지표의 하락 추세가 단기적인 주가 하락 가능성을 시사합니다.""]",-5.9259259259259265,-2.9629629629629632,-3.712304292612294,2.2317669875578923
259960,크래프톤,2024-12-02,327500,Sell,75,"[""최근 1개월 수익률이 -1.80%로 하락세를 보이고 있으며, 52주 최고가 대비 현재 위치가 86.4%로 상승 여력이 제한적일 수 있습니다."", ""거래량 변화율이 64.35%로 높게 나타나 단기적인 변동성 확대 가능성을 시사하지만, 이는 하락 압력으로 작용할 수도 있습니다."", ""PER 18.7, PBR 2.53, ROE 13.5% 등의 재무 지표는 시장 평균 대비 우수하다고 단정하기 어렵고, 특히 PBR이 2.53으로 다소 높은 편입니다.""]",-7.91476407914764,1.97869101978691,-4.62449568988322,4.305797935510275
259960,크래프톤,2025-01-02,316500,Sell,75,"[""현재가가 52주 최고가 대비 80% 수준에 위치하여 추가 상승 여력이 제한적일 수 있습니다."", ""최근 1개월 수익률이 1.44%로 미미하며, 거래량 변화율이 -21.36%로 감소하는 추세는 매도 압력을 시사합니다."", ""PER 18.1, PBR 2.45, ROE 13.6%의 재무 지표는 시장 평균 대비 프리미엄을 반영하고 있으나, 기술적 지표의 약세 신호가 더 우세합니다.""]",0.0,13.73134328358209,-3.024669112829254,9.847923679336255
259960,크래프톤,2025-02-03,360000,Sell,75,"[""현재가가 52주 최고가에 근접한 97.8% 수준에 위치하여 추가 상승 여력이 제한적일 수 있습니다."", ""최근 1개월 수익률이 17.26%로 단기 급등 후 차익 실현 매물이 출회될 가능성이 있습니다."", ""PER 20.5, PBR 2.78은 시장 평균 대비 높은 수준으로 밸류에이션 부담이 존재합니다.""]",3.4482758620689653,-5.103448275862069,1.1369476945701993,-8.183607361001634
259960,크래프톤,2025-03-04,334000,Sell,75,"[""최근 1개월 수익률이 -8.24%로 하락세를 보이고 있으며, 이는 단기적인 투자 심리 위축을 시사합니다."", ""거래량 변화율이 83.11%로 높게 나타나고 있으나, 이는 최근 하락세와 맞물려 매도 압력이 강하게 작용하고 있음을 의미할 수 있습니다."", ""현재가가 52주 최고가 대비 약 12.8% 하락한 수준에 위치해 있어 추가적인 하락 가능성을 배제할 수 없습니다.""]",0.436046511627907,0.872093023255814,-0.21638319288281194,2.915382457334613
259960,크래프톤,2025-04-01,340000,Sell,75,"[""최근 1개월 수익률이 마이너스이며 거래량 변화율 또한 크게 감소하여 투자 심리가 위축되었음을 시사합니다."", ""현재가가 52주 최고가 대비 약 10% 하락한 수준으로, 단기적인 추가 하락 가능성을 배제할 수 없습니다."", ""PER 11.9, PBR 2.39는 절대적으로 저평가되었다고 보기 어렵고, ROE 20.1%는 양호하나 이를 상쇄할 만큼의 강력한 상승 모멘텀이 현재 지표에서 드러나지 않습니다.""]",2.161383285302594,7.060518731988473,10.62793768179722,5.035265924569064
259960,크래프톤,2025-05-02,385000,Sell,75,"[""현재가가 52주 최고가에 근접한 99.4% 위치에 있어 추가 상승 여력이 제한적일 수 있습니다."", ""최근 1개월 수익률은 양호하나, 거래량 변화율이 음수(-)로 나타나 매수세가 약화될 가능성을 시사합니다."", ""PER 13.5, PBR 2.70, ROE 20.1% 등의 재무 지표는 양호하나, 기술적 지표상 단기 고점 도달 가능성이 높아 하락 가능성에 무게를 둡니다.""]",-3.24254215304799,-4.150453955901426,-5.836760818056925,-13.40719496141856
259960,크래프톤,2025-06-02,368000,Sell,75,"[""현재가가 52주 최고가 대비 12.7% 낮은 수준으로, 단기적인 상승 모멘텀이 약화되었음을 시사합니다."", ""최근 1개월 수익률이 -0.54%로 소폭 하락세를 보이고 있으며, 거래량 변화율 또한 -21.75%로 감소하여 투자 심리가 위축되었음을 나타냅니다."", ""PER 12.6, PBR 2.45, ROE 19.4%의 재무 지표는 양호하나, 기술적 지표에서 단기 하락 가능성이 엿보입니다.""]",3.9455782312925165,-0.5442176870748299,-1.4387095659097775,-13.010834308749118
259960,크래프톤,2025-07-01,362000,Sell,75,"[""최근 1개월 수익률이 -4.11%로 하락세를 보이고 있으며, 52주 최고가 대비 현재 위치가 79.1%로 상승 여력이 제한적일 수 있습니다."", ""거래량 변화율이 36.42%로 증가했으나, 이는 단기적인 변동성 확대 가능성을 시사하며 하락 압력으로 작용할 수 있습니다."", ""PER 12.4, PBR 2.41은 시장 평균 대비 높은 수준은 아니지만, ROE 19.4% 대비 밸류에이션 매력이 크지 않아 추가적인 상승 동력이 약할 수 있습니다.""]",0.41841004184100417,-8.92608089260809,-1.4898454068331628,-14.76043859619761
259960,크래프톤,2025-08-01,315500,Sell,65,"[""최근 1개월 수익률이 -13.68%로 하락세를 보이고 있으며, 거래량 변화율 또한 -28.62%로 감소하여 투자 심리가 위축된 것으로 판단됩니다."", ""현재 주가는 52주 최고가 대비 38.2% 낮은 수준에 위치해 있으나, 최근 하락 추세가 지속되고 있어 추가 하락 가능성을 배제할 수 없습니다."", ""PER 10.8, PBR 2.10, ROE 19.4%의 재무 지표는 양호한 편이나, 기술적 지표에서 나타나는 하락 신호가 향후 20거래일 내 주가 상승을 기대하기 어렵게 만듭니다.""]",1.4308426073131957,4.92845786963434,-0.4441474649606503,4.146947266822811
259960,크래프톤,2025-09-01,331000,Neutral,65,"[""현재가(331,000원)는 52주 최고가(386,000원) 대비 하락했으나, 52주 최저가(289,500원) 대비로는 상승하여 중간 지점에 위치하고 있습니다."", ""최근 1개월 수익률(0.76%)은 소폭 상승했으나, 거래량 변화율(-4.97%)은 하락하여 상승 모멘텀이 강하지 않음을 시사합니다."", ""PER(15.0), PBR(2.32), ROE(15.5%) 등 재무 지표는 시장 평균 대비 우수하다고 단정하기 어렵고, 뚜렷한 상승 또는 하락 근거를 제시하지 못합니다.""]",-2.272727272727273,-11.363636363636363,-5.037239385199109,-19.315154953955844
259960,크래프톤,2025-10-01,298500,Sell,75,"[""최근 1개월 수익률이 -9.55%로 하락세를 보이고 있으며, 이는 단기적인 하락 압력을 시사합니다."", ""거래량 변화율 또한 -9.51%로 감소하여 투자 심리가 위축되었음을 나타냅니다."", ""현재 주가가 52주 최고가 대비 9.3% 하락한 위치에 있어 추가적인 하락 가능성을 배제할 수 없습니다.""]",-3.0100334448160537,-11.872909698996656,-8.621423021651458,-25.31928227204812
259960,크래프톤,2025-11-03,279500,Sell,75,"[""최근 1개월 수익률이 -5.41%로 하락세를 보이고 있으며, 52주 최고가 대비 현재 위치가 7.4%로 하락 가능성이 열려있습니다."", ""거래량 변화율이 20.76%로 증가했으나, 이는 하락 추세 속에서 매도 물량이 증가했을 가능성을 시사합니다."", ""PER 12.7, PBR 1.96, ROE 15.5% 등의 재무 지표는 현재 시장에서 과대평가되었다고 보기는 어렵지만, 기술적 지표에서 하락 신호가 더 강하게 나타나고 있습니다.""]",-5.376344086021505,-9.31899641577061,-5.00392855277585,-6.242383140794509
259960,크래프톤,2025-12-01,252000,Sell,75,"[""현재가가 52주 최저가와 동일하며, 최근 1개월 수익률이 -8.70%로 하락세를 보이고 있습니다."", ""거래량 변화율이 -13.13%로 감소하는 추세는 매도 압력이 지속될 가능성을 시사합니다."", ""PER 9.1, PBR 1.71은 절대적으로 고평가라고 보기는 어렵지만, 기술적 지표의 하락 추세가 재무 지표의 긍정적 신호를 압도하고 있습니다.""]",-2.9644268774703555,-1.9762845849802373,-6.684642250455623,-9.853769296852542
247540,에코프로비엠,2023-01-02,93400,Sell,75,"[""최근 1개월 수익률이 -18.85%로 하락세를 보이고 있으며, 거래량 변화율 또한 -34.26%로 감소하여 투자 심리가 위축된 것으로 판단됩니다."", ""현재가가 52주 최고가 대비 약 31% 하락한 위치에 있으며, 52주 내 현재 위치가 25.5%로 낮은 편에 속해 추가 하락 가능성을 시사합니다."", ""ROE가 7.5%로 낮은 수준이며, PER 21.3, PBR 1.59 대비 수익성이 부진하여 현재 주가 수준이 고평가되었을 가능성이 있습니다.""]",3.5407725321888415,22.317596566523605,0.4146150390412142,9.032168016260629
247540,에코프로비엠,2023-02-01,109200,Sell,75,"[""최근 1개월 수익률이 18.57%로 높았으나, 거래량 변화율이 -5.35%로 감소하는 추세를 보이며 매도 압력이 존재할 가능성을 시사합니다."", ""현재가 109,200원은 52주 최고가 135,900원 대비 약 19.6% 하락한 수준으로, 단기적으로 상승 모멘텀이 약화될 수 있습니다."", ""PER 24.9, PBR 1.86, ROE 7.5%의 재무 지표는 시장 평균 대비 고평가 여부를 판단하기 어렵지만, 최근 주가 상승 이후 밸류에이션 부담이 작용할 수 있습니다.""]",14.649122807017545,59.73684210526316,12.038675787583049,54.79320997426999
247540,에코프로비엠,2023-03-02,159700,Sell,75,"[""최근 1개월 수익률이 60.02%로 매우 높으며, 52주 최고가 대비 현재 위치가 91.8%로 상승 여력이 제한적입니다."", ""거래량 변화율이 340.35%로 급증한 것은 단기적인 과열 신호일 수 있으며, 이는 향후 조정 가능성을 시사합니다."", ""PER 36.4, PBR 2.72, ROE 7.5%의 재무 지표는 현재 주가가 기업의 내재 가치 대비 고평가되었을 가능성을 보여줍니다.""]",6.315211422295441,23.28390993959363,8.037501494826028,17.663411946024176
247540,에코프로비엠,2023-04-03,232000,Sell,75,"[""현재가(232,000원)가 52주 최고가(235,000원)에 매우 근접하여 추가 상승 여력이 제한적일 수 있습니다."", ""PER(80.5) 및 PBR(16.64) 지표가 시장 평균 대비 높은 수준으로 밸류에이션 부담이 존재합니다."", ""최근 1개월 수익률(27.40%)이 높음에도 불구하고, 52주 내 현재 위치가 98.0%에 달해 단기 과열 가능성을 시사합니다.""]",31.180400890868597,11.1358574610245,26.308612001720448,12.769120019646959
247540,에코프로비엠,2023-05-02,267000,Sell,75,"[""현재가(267,000원)가 52주 최고가(296,000원) 대비 높은 수준(86.0%)에 위치하여 추가 상승 여력이 제한적일 수 있습니다."", ""PER(92.7) 및 PBR(19.15) 지표가 높아 현재 기업 가치가 고평가되었을 가능성이 있습니다."", ""최근 1개월 수익률(18.93%)이 높았으나, 거래량 변화율(-14.47%)이 감소하는 추세는 단기적인 매수세 약화를 시사할 수 있습니다.""]",-11.022044088176353,2.2044088176352705,-8.811365466766928,-0.7463253079369676
247540,에코프로비엠,2023-06-01,249500,Sell,75,"[""최근 1개월 수익률이 -6.55%로 하락세를 보이고 있으며, 거래량 변화율 또한 -63.34%로 감소하여 투자 심리가 위축된 것으로 판단됩니다."", ""현재가(249,500원)가 52주 최고가(296,000원) 대비 약 15.7% 하락한 수준이지만, 52주 최저가(88,100원) 대비로는 여전히 높은 수준에 위치하여 추가 하락 가능성을 배제할 수 없습니다."", ""PER 97.3, PBR 17.36 등 높은 밸류에이션 지표는 현재 주가 수준이 기업의 내재 가치 대비 고평가되었을 가능성을 시사하며, 이는 향후 주가 조정의 요인이 될 수 있습니다.""]",5.294117647058823,3.3333333333333335,3.2550880868901664,0.887649855232739
247540,에코프로비엠,2023-07-03,263500,Sell,75,"[""현재가(263,500원)가 52주 최고가(296,000원) 대비 84.4% 수준으로, 단기 상승 여력이 제한적일 수 있습니다."", ""PER(102.8) 및 PBR(18.33) 지표가 시장 평균 대비 높은 수준으로, 밸류에이션 부담이 존재합니다."", ""최근 1개월 수익률(5.61%)은 긍정적이나, 거래량 변화율(-6.87%)은 매도 압력이 존재할 가능성을 시사합니다.""]",7.468123861566485,48.816029143898,8.734415996397944,43.23513026749351
247540,에코프로비엠,2023-08-01,408500,Sell,75,"[""현재 PER 159.4, PBR 28.42는 높은 밸류에이션 부담을 시사하며, 이는 향후 주가 상승 여력을 제한할 수 있습니다."", ""최근 1개월 수익률 55.03%와 거래량 변화율 199.70%는 단기 급등 후 차익 실현 매물이 출회될 가능성을 높입니다."", ""52주 최고가 대비 현재 위치 85.7%는 추가 상승보다는 조정 가능성에 무게를 둡니다.""]",-9.724047306176084,-14.71747700394218,-9.638310408532753,-16.76636901941879
247540,에코프로비엠,2023-09-01,308500,Sell,75,"[""최근 1개월 수익률이 -18.92%로 하락세를 보이고 있으며, 거래량 변화율 또한 -69.43%로 감소하여 투자 심리가 위축되었음을 시사합니다."", ""현재 PER 129.1, PBR 20.54로 밸류에이션 부담이 높은 수준이며, 이는 향후 주가 상승 여력을 제한할 수 있습니다."", ""52주 최고가 대비 현재 위치가 59.0%로, 상승 추세가 둔화되었거나 조정 국면에 진입했을 가능성을 배제할 수 없습니다.""]",-5.691056910569105,-23.414634146341466,-4.971922048303557,-12.233773360406483
247540,에코프로비엠,2023-10-04,235000,Sell,75,"[""최근 1개월 수익률이 -27.58%로 큰 폭의 하락세를 보이고 있으며, 거래량 변화율 또한 -26.71%로 감소하는 추세는 투자 심리 위축을 시사합니다."", ""현재 PER 98.4배, PBR 15.64배는 코스닥 시장 평균 대비 높은 수준으로, 밸류에이션 부담이 존재합니다."", ""52주 최고가 대비 현재 위치가 39.3%로, 상당한 하락 조정을 거쳤음에도 불구하고 단기적인 반등 모멘텀이 약한 것으로 판단됩니다.""]",5.353319057815846,-1.4989293361884368,2.636782641746336,0.8693011699162831
247540,에코프로비엠,2023-11-01,188600,Sell,75,"[""최근 1개월 수익률이 -25.89%로 큰 폭의 하락세를 보이고 있어 단기적인 하락 추세가 지속될 가능성이 있습니다."", ""현재가(188,600원)는 52주 최고가(462,000원) 대비 26.1% 수준으로, 52주 내에서 상대적으로 높은 위치에 있지만 최근 하락세를 감안하면 추가 하락 가능성을 배제할 수 없습니다."", ""PER(79.0)과 PBR(12.55) 지표가 상대적으로 높아 밸류에이션 부담이 존재하며, 이는 향후 주가 상승 여력을 제한할 수 있습니다.""]",14.516129032258066,26.26728110599078,10.630460588595733,18.653803542717668
247540,에코프로비엠,2023-12-01,280000,Sell,75,"[""현재 PER 201.4배는 동종 업계 평균 대비 높은 수준으로 밸류에이션 부담이 존재합니다."", ""최근 1개월 수익률 29.03%와 거래량 변화율 41.77%는 단기 급등 후 차익 실현 매물이 출회될 가능성을 시사합니다."", ""52주 최고가 대비 현재 위치가 50.8%로, 상승 여력 대비 하락 위험이 상대적으로 높아 보입니다.""]",-1.238390092879257,-13.622291021671826,-2.0506818903011683,-18.176194367396736
247540,에코프로비엠,2024-01-02,283500,Sell,75,"[""현재 PER 204.0, PBR 18.57은 동종 업계 평균 대비 높은 수준으로 밸류에이션 부담이 존재합니다."", ""ROE 9.1%는 밸류에이션 수준에 비해 낮은 편으로, 수익성 대비 고평가 가능성을 시사합니다."", ""최근 1개월 수익률 5.19%는 긍정적이나, 52주 최고가 대비 현재 위치가 51.7%로 상승 여력 대비 하락 위험이 더 커 보입니다.""]",8.103130755064457,-21.36279926335175,7.65680974814591,-13.063982186123296
247540,에코프로비엠,2024-02-01,228000,Sell,65,"[""최근 1개월 수익률이 -16.02%로 하락세를 보이고 있으며, 52주 최고가 대비 현재 위치가 35.4%로 절반 이상 하락한 상태입니다."", ""PER 164.0, PBR 14.93으로 높은 밸류에이션 수준을 유지하고 있어 추가 상승 여력이 제한적일 수 있습니다."", ""거래량 변화율이 5.09%로 큰 변동성을 보이지 않아 단기적인 매수세 유입이 강하지 않음을 시사합니다.""]",4.8034934497816595,8.951965065502183,1.074833828047919,2.091133174293624
247540,에코프로비엠,2024-03-04,270000,Sell,75,"[""현재 PER 194.2, PBR 17.68은 높은 밸류에이션을 시사하며, 이는 향후 주가 상승에 부담으로 작용할 수 있습니다."", ""최근 1개월 수익률이 22.73%로 높았으나, 거래량 변화율이 -7.65%로 감소하는 추세는 단기적인 매수세 약화를 나타낼 수 있습니다."", ""52주 최고가 대비 현재 위치가 37.4%로, 상승 여력이 제한적일 수 있다는 점을 고려할 때 단기적인 하락 가능성을 배제할 수 없습니다.""]",2.5440313111545985,2.3483365949119372,-0.1499677885372228,-0.5626598615673992
247540,에코프로비엠,2024-04-01,270500,Sell,65,"[""현재가 270,500원은 52주 최고가 462,000원 대비 상당한 하락폭을 보이며, 52주 내 현재 위치가 30.0%로 낮은 편입니다."", ""최근 1개월 수익률이 1.50%로 미미한 수준이며, 거래량 변화율이 -28.36%로 감소하는 추세는 투자 심리 위축을 시사합니다."", ""PER이 '해당없음(적자)'이고 PBR이 19.29로 높은 수준임에도 불구하고, ROE가 N/A%로 수익성이 부재한 점은 밸류에이션 부담을 높입니다.""]",-9.560229445506693,-10.89866156787763,-5.9419744179716165,-8.194503827212076
247540,에코프로비엠,2024-05-02,233000,Sell,75,"[""최근 1개월 수익률이 -13.86%로 하락세를 보이고 있으며, 거래량 변화율 또한 -21.37%로 감소하여 투자 심리가 위축된 것으로 판단됩니다."", ""PER이 '해당없음(적자)'으로 재무 건전성에 대한 우려가 있으며, PBR이 16.62로 높은 수준임을 감안할 때 현재 주가 수준이 고평가되었을 가능성이 있습니다."", ""52주 최고가 대비 현재 위치가 16.2%로, 52주 내에서 상당한 하락을 경험했음에도 불구하고 최근 하락세가 지속되고 있어 추가 하락 가능성이 존재합니다.""]",-6.8584070796460175,-15.398230088495577,-5.569113072090468,-13.11654938516028
247540,에코프로비엠,2024-06-03,188000,Sell,75,"[""최근 1개월 수익률이 -21.17%로 큰 폭의 하락세를 보이고 있어 단기적인 하락 추세가 지속될 가능성이 있습니다."", ""현재가가 52주 최저가에 근접한 185,800원 대비 0.8% 높은 수준으로, 추가 하락 여력이 존재할 수 있습니다."", ""PER이 '해당없음(적자)'으로 재무 건전성에 대한 우려가 있으며, 이는 주가 하락 압력으로 작용할 수 있습니다.""]",9.571129707112972,-0.10460251046025104,6.635586341937533,1.0469155071317295
247540,에코프로비엠,2024-07-01,188500,Sell,65,"[""현재가(188,500원)가 52주 최저가(178,000원)에 근접해 있어 추가 하락 가능성이 존재합니다."", ""PER이 적자 상태로 재무적 안정성이 낮으며, PBR이 13.37로 높은 편입니다."", ""최근 1개월 수익률이 1.45%로 미미한 수준이며, 거래량 변화율이 26.37%로 변동성이 커지고 있습니다.""]",6.191780821917808,2.73972602739726,2.515478572276282,5.888260205802147
247540,에코프로비엠,2024-08-01,185100,Sell,65,"[""최근 1개월 수익률이 마이너스(-)를 기록하며 약세를 보이고 있습니다."", ""거래량 변화율 또한 마이너스(-)를 기록하며 매도 압력이 존재함을 시사합니다."", ""현재가가 52주 최고가 대비 상당 부분 하락한 위치에 있으며, 52주 내 현재 위치가 3.9%로 낮은 편입니다.""]",-3.604088219472835,-2.205486820871436,-1.6921895372714455,-0.9069355011480835
247540,에코프로비엠,2024-09-02,181800,Sell,65,"[""현재가(181,800원)가 52주 최저가(164,900원) 대비 높은 수준에 위치하며, 52주 최고가(344,500원) 대비로는 상당한 하락폭을 기록하고 있어 추가 하락 가능성을 시사합니다."", ""최근 1개월 수익률이 -1.78%로 약세를 보이고 있으며, 이는 단기적인 매도 압력이 존재함을 나타냅니다."", ""PER이 '해당없음(적자)'으로 재무 건전성에 대한 우려가 있으며, PBR이 12.69로 높은 수준임을 감안할 때 현재 주가 수준이 기업의 내재가치 대비 고평가되었을 가능성이 있습니다.""]",-14.785100286532952,10.601719197707736,-7.660937050213797,8.251547570736655
247540,에코프로비엠,2024-10-02,190100,Sell,65,"[""현재 PER이 적자 상태로 산출되지 않아 기업 가치 평가에 어려움이 있으며, PBR이 13.27로 높은 수준임을 고려할 때 밸류에이션 부담이 존재합니다."", ""52주 최고가 대비 현재 위치가 23.0%로, 52주 내에서 상승 여력보다는 하락 위험이 상대적으로 높아 보입니다."", ""최근 1개월 수익률이 15.14%로 단기 상승세를 보였으나, 이는 향후 20거래일 동안의 상승을 보장하는 근거가 되기 어렵고, 오히려 차익 실현 매물 출회 가능성을 시사합니다.""]",-4.089422028353326,-0.7633587786259541,-4.255876292443416,1.1742728892977858
247540,에코프로비엠,2024-11-01,169700,Sell,75,"[""최근 1개월 수익률이 -8.02%로 하락세를 보이고 있으며, 거래량 변화율 또한 -27.20%로 감소하여 투자 심리가 위축된 것으로 판단됩니다."", ""52주 최고가 대비 현재 주가 위치가 11.7%로, 52주 내에서 상대적으로 높은 수준에 위치하여 추가 상승 여력이 제한적일 수 있습니다."", ""PER이 '해당없음(적자)'으로 재무 건전성에 대한 우려가 존재하며, 이는 향후 주가 하락 압력으로 작용할 수 있습니다.""]",-16.0989010989011,-24.45054945054945,-12.751776125423483,-14.0749924804667
247540,에코프로비엠,2024-12-02,137500,Sell,75,"[""최근 1개월 수익률이 -18.97%로 하락세를 보이고 있으며, 이는 단기적인 하락 압력을 시사합니다."", ""52주 최고가 대비 현재 위치가 6.4%로, 52주 최저가(124,500원)에 근접해 있어 추가 하락 가능성을 배제할 수 없습니다."", ""PER이 '해당없음(적자)'으로 재무 건전성에 대한 우려가 있으며, 이는 투자 심리에 부정적인 영향을 미칠 수 있습니다.""]",-5.072463768115942,-18.115942028985508,-0.8440329632520278,-20.281547124526913
247540,에코프로비엠,2025-01-02,105500,Sell,75,"[""최근 1개월 수익률이 -21.97%로 큰 폭의 하락세를 보이고 있으며, 이는 단기적인 매도 압력이 작용하고 있음을 시사합니다."", ""현재가가 52주 최저가와 동일한 수준이며, 52주 최고가 대비 현저히 낮은 위치에 있어 추가적인 하락 가능성을 배제할 수 없습니다."", ""거래량 변화율이 -19.87%로 감소하고 있어 투자자들의 관심이 줄어들고 있으며, 이는 매수세 약화로 이어질 수 있습니다.""]",6.371681415929204,8.584070796460178,4.652966838735824,3.6872220093370682
247540,에코프로비엠,2025-02-03,119000,Sell,75,"[""현재가(119,000원)가 52주 최저가(105,500원)에 근접해 있으며, 52주 최고가 대비 상당한 하락폭을 기록하고 있어 추가 하락 가능성이 있습니다."", ""PER이 '해당없음(적자)'으로 재무 건전성에 대한 우려가 존재하며, 이는 주가 상승 동력을 약화시킬 수 있습니다."", ""최근 1개월 수익률이 8.28%로 소폭 상승했으나, 거래량 변화율(27.46%)이 높다는 점은 변동성 확대 가능성을 시사하며, 이는 하락 시 더 큰 폭의 하락으로 이어질 수 있습니다.""]",0.3325020781379884,-6.317539484621778,-3.7887891764458645,-10.072123327270974
247540,에코프로비엠,2025-03-04,111900,Sell,75,"[""최근 1개월 수익률이 -14.58%로 하락세를 보이고 있으며, 52주 최고가 대비 현재 위치가 3.4%로 매우 낮은 수준에 머물러 있어 추가 하락 가능성이 있습니다."", ""PER이 '해당없음(적자)'으로 재무 건전성에 대한 우려가 있으며, 이는 주가 하락 압력으로 작용할 수 있습니다."", ""거래량 변화율이 20.25%로 증가했으나, 이는 하락 추세 속에서 매도 물량이 증가했음을 시사할 수 있습니다.""]",5.944986690328305,-18.98846495119787,8.282492547480729,-10.674655459264002
247540,에코프로비엠,2025-04-01,95700,Sell,75,"[""최근 1개월 수익률이 -19.58%로 하락 추세를 보이고 있으며, 거래량 변화율 또한 -35.48%로 감소하여 매도 압력이 지속될 가능성이 높습니다."", ""현재가가 52주 최저가와 동일한 수준으로, 기술적으로 추가 하락 가능성을 시사합니다."", ""PER이 '해당없음(적자)'으로 재무 건전성에 대한 우려가 있으며, 이는 주가 하락의 요인이 될 수 있습니다.""]",3.723986856516977,11.171960569550931,9.777867268285982,6.442457758716444
247540,에코프로비엠,2025-05-02,104500,Sell,75,"[""최근 1개월 수익률이 14.46%로 양호하나, 52주 최고가 대비 현재 위치가 8.7%로 매우 낮아 추가 상승 여력이 제한적일 수 있습니다."", ""거래량 변화율이 -30.75%로 감소 추세를 보이며 이는 투자 심리 위축 또는 매도 압력 증가를 시사할 수 있습니다."", ""PER이 '해당없음(적자)'으로 재무 건전성에 대한 우려가 있으며, PBR 5.97은 기업의 순자산 가치 대비 높은 수준으로 평가될 수 있습니다.""]",-1.1928429423459244,-4.3737574552683895,-3.439629788128358,-8.99737915391673
247540,에코프로비엠,2025-06-02,89000,Sell,75,"[""최근 1개월 수익률이 -13.09%로 하락세를 보이고 있으며, 52주 최고가 대비 현재 위치가 낮아 추가 하락 가능성이 있습니다."", ""PER이 '해당없음(적자)'으로 재무 건전성에 대한 우려가 존재합니다."", ""PBR이 5.14로 자산 가치 대비 고평가된 측면이 있어 하락 압력으로 작용할 수 있습니다.""]",6.324972737186478,15.812431842966193,1.0944372871124974,10.064707872344634
247540,에코프로비엠,2025-07-01,102000,Sell,75,"[""현재가(102,000원)는 52주 최고가(198,900원) 대비 상당한 하락을 보였으나, 52주 최저가(81,200원) 대비로는 여전히 높은 수준에 위치하여 추가 하락 가능성을 시사합니다."", ""PER이 '해당없음(적자)'으로 재무 건전성에 대한 우려가 있으며, 이는 향후 주가 상승 동력 약화로 이어질 수 있습니다."", ""최근 1개월 수익률이 13.33%로 양호한 흐름을 보였으나, 거래량 변화율(27.41%)이 이를 뒷받침하는 강한 매수세를 의미한다고 단정하기 어렵고, 전반적인 재무 지표의 약세가 부담으로 작용할 수 있습니다.""]",-2.3255813953488373,10.852713178294573,-3.372668345756045,8.103950121670055
247540,에코프로비엠,2025-08-01,107300,Sell,65,"[""현재가 107,300원은 52주 최고가 194,000원 대비 상당한 하락폭을 보이며, 52주 내 현재 위치가 23.1%로 낮은 편입니다."", ""최근 1개월 수익률이 1.04%로 미미하며, 거래량 변화율이 -4.00%로 감소하는 추세는 매수세 약화를 시사합니다."", ""PER이 '해당없음(적자)'이고 ROE가 N/A%로 기업의 수익성이 부진한 상황에서 PBR 6.20배는 고평가 논란의 여지가 있습니다.""]",24.074074074074073,10.833333333333334,20.529702469860098,9.565573212934378
247540,에코프로비엠,2025-09-01,119900,Sell,75,"[""현재가(119,900원)는 52주 최고가(193,000원) 대비 상당한 하락폭을 보이고 있으며, 52주 내 현재 위치(34.6%)는 하락 추세의 가능성을 시사합니다."", ""최근 1개월 수익률(7.92%)은 긍정적이나, 거래량 변화율(38.12%)이 높다는 점은 단기적인 변동성 확대 및 차익 실현 매물 출회의 가능성을 내포합니다."", ""PER이 '해당없음(적자)'으로 재무 건전성에 대한 우려가 있으며, PBR 7.21은 기업의 순자산 가치 대비 높은 수준으로, 추가적인 하락 압력으로 작용할 수 있습니다.""]",-1.5037593984962405,-5.597326649958228,-5.385371489176347,-11.641407254492234
247540,에코프로비엠,2025-10-01,112600,Sell,75,"[""최근 1개월 수익률이 -5.93%로 하락세를 보이고 있으며, 거래량 변화율 또한 -40.04%로 감소하여 투자 심리가 위축된 것으로 판단됩니다."", ""현재가(112,600원)는 52주 최고가(193,000원) 대비 약 41.9% 하락한 수준으로, 추가적인 하락 가능성을 시사합니다."", ""PER이 '해당없음(적자)'으로 재무 건전성에 대한 우려가 있으며, PBR 6.77은 자산 가치 대비 고평가 가능성을 내포하고 있습니다.""]",22.957867583834908,35.85554600171969,21.651458453018407,30.714193938506348
247540,에코프로비엠,2025-11-03,164900,Sell,75,"[""현재가(164,900원)가 52주 최고가(182,000원) 대비 높은 수준(83.0%)에 위치하여 추가 상승 여력이 제한적일 수 있습니다."", ""최근 1개월 수익률(43.27%)과 거래량 변화율(280.12%)이 매우 높게 나타나 단기 급등 후 차익 실현 매물이 출회될 가능성이 있습니다."", ""PER이 '해당없음(적자)'으로 재무 건전성에 대한 우려가 존재하며, PBR 9.92배는 높은 수준으로 밸류에이션 부담이 있습니다.""]",-5.067985166872682,-1.6069221260815822,-0.5027607369861036,-1.806583241809472
247540,에코프로비엠,2025-12-01,158900,Sell,75,"[""현재가(158,900원)가 52주 최고가(174,100원) 대비 높은 수준(83.6%)에 위치하여 추가 상승 여력이 제한적일 수 있습니다."", ""최근 1개월 수익률이 -0.69%로 약세를 보이고 있으며, 거래량 변화율이 -65.77%로 급감한 것은 투자 심리 위축을 시사합니다."", ""PER 5125.8, PBR 9.27, ROE 0.2% 등 재무 지표가 매우 높은 밸류에이션을 나타내고 있어, 현재 주가 수준을 정당화할 만한 성장성이 단기적으로 뒷받침되지 못할 경우 하락 압력이 발생할 수 있습니다.""]",14.384422110552764,-10.992462311557789,14.068832183580051,-12.839686628138656
196170,알테오젠,2023-01-02,39600,Neutral,55,"[""현재가(39,600원)는 52주 최저가(28,694원) 대비 상승했으나 52주 최고가(63,810원) 대비로는 상당한 하락폭을 보이며, 52주 내 현재 위치가 31.1%로 하단에 가까워 상승 여력과 하락 위험이 공존합니다."", ""최근 1개월 수익률이 3.26%로 소폭 상승했으나 거래량 변화율이 -5.88%로 감소하여 상승 동력이 약화되었음을 시사합니다."", ""PER(101.8) 및 PBR(11.19) 지표는 현재 주가가 기업의 이익 및 자산 가치 대비 고평가되었음을 나타내며, 이는 향후 주가 상승에 부담으로 작용할 수 있습니다.""]",-4.40771349862259,14.049586776859504,-7.5338709917702165,0.7641582265965283
196170,알테오젠,2023-02-01,38050,Sell,75,"[""현재가 38,050원은 52주 최고가 63,810원 대비 상당한 하락 수준에 있으며, 52주 내 현재 위치가 26.6%로 낮은 편입니다."", ""최근 1개월 수익률이 -0.52%로 약세를 보이고 있으며, 거래량 변화율이 -39.91%로 크게 감소한 점은 투자 심리 위축을 시사합니다."", ""PER 97.8, PBR 10.75 등 높은 밸류에이션 지표 대비 ROE 11.0%는 상대적으로 낮은 수익성을 나타내어 추가 상승 여력이 제한적일 수 있습니다.""]",1.6908212560386473,-10.869565217391305,-0.9196257633958478,-15.81319734838447
196170,알테오젠,2023-03-02,36400,Sell,65,"[""현재가(36,400원)는 52주 최고가(63,810원) 대비 상당한 하락폭을 보이고 있으며, 52주 내 현재 위치(21.9%)는 낮은 편에 속합니다."", ""최근 1개월 수익률이 -0.82%로 약세를 보이고 있어 단기적인 추가 하락 가능성을 시사합니다."", ""PER(93.6)과 PBR(10.29) 지표가 높아 현재 주가가 기업의 내재가치 대비 고평가되었을 가능성이 있습니다.""]",-3.7940379403794036,7.452574525745257,-2.0717478678488166,1.832076532175802
196170,알테오젠,2023-04-03,39150,Buy,65,"[""최근 1개월 수익률이 6.10%로 긍정적인 흐름을 보이고 있으며, 거래량 변화율이 47.28%로 증가하며 매수세 유입 가능성을 시사합니다."", ""현재가가 52주 최저가 대비 약 36% 상승한 위치에 있어, 단기적인 반등 모멘텀이 작용할 수 있습니다."", ""PBR이 13.79로 높은 편이나, 적자 기업임을 감안할 때 현재가 수준에서 추가적인 급락보다는 기술적 반등을 기대해 볼 수 있습니다.""]",10.652173913043478,-8.478260869565217,5.780385023895329,-6.844998310942757
196170,알테오젠,2023-05-02,43550,Buy,75,"[""최근 1개월 수익률이 9.84%로 양호하며, 거래량 변화율이 100.13%로 크게 증가하여 매수세 유입 가능성을 시사합니다."", ""현재가가 52주 최고가 대비 약 32% 하락한 수준으로, 기술적 반등 가능성이 존재합니다."", ""PBR이 15.34로 다소 높은 편이나, 적자 기업임을 감안할 때 현재 주가 수준에서 추가적인 급락보다는 상승 여력이 있다고 판단됩니다.""]",5.225653206650831,23.040380047505938,7.436331828060256,20.0896459219337
196170,알테오젠,2023-06-01,52800,Buy,75,"[""최근 1개월 수익률이 21.38%로 강한 상승세를 보이고 있으며, 현재 주가가 52주 최고가 대비 68.7% 수준으로 상승 여력이 남아있습니다."", ""PBR이 19.61로 다소 높지만, 이는 성장성을 반영하는 지표로 해석될 수 있으며, 적자 기업임을 감안할 때 기술적 분석에 집중하는 것이 합리적입니다."", ""거래량 변화율이 음수(-47.21%)인 점은 단기적인 차익 실현 매물이 출회되었음을 시사하나, 최근 1개월의 긍정적인 수익률 추세를 고려할 때 추가 상승 가능성이 있습니다.""]",-11.96911196911197,-16.89189189189189,-14.008141529280627,-19.337575369992486
196170,알테오젠,2023-07-03,43050,Sell,65,"[""최근 1개월 수익률이 -18.47%로 하락세를 보이고 있으며, 거래량 변화율 또한 -19.13%로 감소하는 추세입니다."", ""현재가가 52주 최고가 대비 약 40.9% 낮은 수준에 위치해 있어 추가 하락 가능성을 시사합니다."", ""PER이 해당없음(적자)이고 PBR이 15.99로 높은 수준임을 고려할 때, 현재 주가 수준에 대한 재무적 부담이 존재합니다.""]",-5.4958183990442055,5.256869772998805,-4.229526264212747,-0.32402910340568436
196170,알테오젠,2023-08-01,44050,Neutral,55,"[""현재가(44,050원)가 52주 최저가(28,694원) 대비 상승했으나 52주 최고가(63,810원) 대비로는 상당한 하락폭을 보이며 방향성 판단이 유보됨."", ""최근 1개월 수익률(2.32%)과 거래량 변화율(6.38%)은 소폭 상승세를 나타내지만, 이는 향후 20거래일의 추세를 강하게 지지하기에는 제한적인 근거임."", ""PER이 해당없음(적자)이고 PBR이 16.36으로 높아 밸류에이션 부담이 존재하며, ROE 정보가 없어 수익성 측면에서의 명확한 판단이 어려움.""]",12.574139976275209,7.354685646500593,12.65987687391854,5.305793631023986
196170,알테오젠,2023-09-01,43750,Sell,65,"[""현재 PER 303.8배는 동종 업계 평균 대비 높은 수준으로 밸류에이션 부담이 존재합니다."", ""ROE 4.5%는 낮은 수준으로 기업의 수익성 개선이 더딘 것으로 판단됩니다."", ""최근 1개월 수익률은 양호하나, 거래량 변화율이 음수이며 52주 최고가 대비 현재 위치가 61.0%로 상승 여력이 제한적일 수 있습니다.""]",20.557491289198605,58.6527293844367,21.276626151464153,69.83359017037168
196170,알테오젠,2023-10-04,65300,Sell,75,"[""최근 1개월 수익률이 42.73%로 매우 높고, 거래량 변화율이 607.66%로 급증한 것은 단기 급등 후 차익 실현 매물이 출회될 가능성을 시사합니다."", ""현재가(65,300원)가 52주 최고가(81,000원) 대비 약 19% 하락한 수준이지만, 52주 내 현재 위치가 70.0%로 여전히 높은 편이며, 이는 추가 상승 여력보다는 단기 고점 형성 후 조정 가능성을 높입니다."", ""PER 453.5, PBR 20.40 등 밸류에이션 지표가 매우 높은 수준으로, 현재 주가 수준이 기업의 내재 가치 대비 과대평가되었을 가능성이 있으며, 이는 향후 주가 하락 압력으로 작용할 수 있습니다.""]",-4.798761609907121,6.5015479876160995,-7.515298025976632,8.869778493720819
196170,알테오젠,2023-11-01,62800,Sell,65,"[""최근 1개월 수익률이 -0.79%로 약세를 보이고 있으며, 거래량 변화율이 -56.39%로 크게 감소하여 투자 심리가 위축되었음을 시사합니다."", ""PER 436.1, PBR 19.62로 현재 주가가 기업의 이익 및 자산 가치 대비 상당히 고평가된 상태입니다."", ""ROE 4.5%로 낮은 수준이며, 52주 최고가 대비 현재 위치가 62.9%로 상승 여력 대비 하락 위험이 상대적으로 높아 보입니다.""]",-8.797653958944283,17.302052785923756,-12.683322402606615,9.688575222650645
196170,알테오젠,2023-12-01,82600,Sell,75,"[""현재가가 52주 최고가와 동일하며, 이는 단기적인 상승 모멘텀이 소진되었을 가능성을 시사합니다."", ""최근 1개월 수익률이 높음에도 불구하고 거래량 변화율이 음수(-)인 점은 추가적인 매수세 유입이 약화되고 있음을 나타냅니다."", ""PER 594.2, PBR 26.86 등 높은 밸류에이션 지표는 현재 주가에 대한 부담이 크다는 것을 보여주며, ROE 4.5% 대비 높은 밸류에이션은 재무적 성과 대비 고평가 가능성을 내포합니다.""]",-7.388535031847134,12.738853503184714,-8.200826829269046,8.184950157459806
196170,알테오젠,2024-01-02,91500,Buy,75,"[""최근 1개월 수익률이 16.41%로 강한 상승세를 보이고 있으며, 52주 최고가 대비 현재 위치가 89.5%로 상승 여력이 남아있습니다."", ""거래량 변화율이 6.09%로 긍정적인 움직임을 나타내고 있어 추가적인 주가 상승 가능성을 시사합니다."", ""PER 658.3, PBR 29.76, ROE 4.5% 등 재무 지표는 고평가 구간에 있으나, 기술적 지표의 긍정적인 흐름이 단기적인 주가 상승을 지지할 가능성이 있습니다.""]",7.513812154696133,-14.585635359116022,7.067491147777585,-6.286818281887568
196170,알테오젠,2024-02-01,71400,Sell,75,"[""최근 1개월 수익률이 -21.11%로 하락세를 보이고 있으며, 거래량 변화율 또한 -25.39%로 감소하여 투자 심리가 위축되었음을 시사합니다."", ""현재가(71,400원)가 52주 최고가(98,500원) 대비 약 27.5% 하락한 수준이지만, 52주 최저가(32,000원) 대비로는 여전히 높은 수준에 위치하여 추가 하락 가능성을 배제할 수 없습니다."", ""PER 513.7, PBR 23.22 등 높은 밸류에이션 지표는 현재 주가 수준이 기업의 내재 가치 대비 고평가되었을 가능성을 시사하며, 이는 향후 주가 조정의 요인이 될 수 있습니다.""]",13.350785340314136,154.18848167539267,9.622125718580396,147.3276497841841
196170,알테오젠,2024-03-04,167200,Sell,75,"[""현재가가 52주 최고가와 동일하며, 단기간 급등 후 추가 상승 동력이 약할 수 있습니다."", ""최근 1개월 수익률이 106.93%로 매우 높으며, 이는 단기 차익 실현 매물 출회 가능성을 시사합니다."", ""PER 1202.9, PBR 54.37 등 밸류에이션 지표가 매우 높아 현재 주가 수준이 과도하게 고평가되었을 가능성이 있습니다.""]",0.676378772112383,-11.550468262226847,-2.017620327579438,-14.461464718706184
196170,알테오젠,2024-04-01,186300,Buy,75,"[""최근 1개월 수익률이 16.00%로 강한 상승세를 보이고 있으며, 52주 최고가 대비 현재 위치가 81.8%로 상승 여력이 남아있다고 판단됩니다."", ""거래량 변화율이 -20.04%로 감소했으나, 이는 단기적인 조정일 수 있으며 이전의 강한 상승 모멘텀을 고려할 때 추가 상승 가능성이 있습니다."", ""PER이 '해당없음(적자)'이고 PBR이 66.68로 높은 편이나, 이는 성장주 특성을 반영하는 것으로 현재 주가 상승 모멘텀이 재무 지표의 부담을 상쇄할 수 있습니다.""]",1.8823529411764703,6.352941176470588,5.500607968711547,9.057098917136141
196170,알테오젠,2024-05-02,180800,Sell,75,"[""최근 1개월 수익률이 마이너스(-)를 기록하며 약세를 보이고 있습니다."", ""거래량 변화율이 마이너스(-)를 기록하며 투자 심리가 위축된 것으로 판단됩니다."", ""현재가가 52주 최고가 대비 높은 수준에 위치해 있어 추가 상승 여력이 제한적일 수 있습니다.""]",-7.223476297968396,31.772009029345373,-5.9341822904128465,34.05368973268067
196170,알테오젠,2024-06-03,199000,Sell,75,"[""현재가(199,000원)가 52주 최고가(219,500원) 대비 높은 수준(88.7%)에 위치하여 추가 상승 여력이 제한적일 수 있습니다."", ""PER(409.5) 및 PBR(62.27) 지표가 매우 높아 현재 주가가 기업의 내재가치 대비 고평가되었을 가능성을 시사합니다."", ""최근 1개월 수익률(12.49%)은 긍정적이나, 거래량 변화율(0.16%)이 미미하여 강한 상승 모멘텀을 확인하기 어렵습니다.""]",18.201284796573873,10.706638115631693,15.265741431398435,11.858156133223673
196170,알테오젠,2024-07-01,277500,Sell,75,"[""현재가(277,500원)가 52주 최고가(289,500원)에 근접한 95.2% 수준에 위치하여 단기 상승 여력이 제한적일 수 있습니다."", ""PER(571.0) 및 PBR(86.83) 지표가 매우 높아 현재 주가가 기업의 내재가치 대비 고평가되었을 가능성을 시사합니다."", ""최근 1개월 수익률(54.17%)이 매우 높게 나타나 단기 차익 실현 매물이 출회될 가능성이 있습니다.""]",0.0,22.095238095238095,-3.6763022496415263,25.243772273642982
196170,알테오젠,2024-08-01,319000,Sell,75,"[""현재가(319,000원)가 52주 최고가(320,500원)에 매우 근접하여 추가 상승 여력이 제한적일 수 있습니다."", ""최근 1개월 수익률이 23.40%로 높지만, 거래량 변화율이 -22.13%로 감소하는 추세는 매수세 약화를 시사합니다."", ""PER(656.4) 및 PBR(99.82) 지표가 매우 높아 현재 주가가 기업의 내재가치 대비 고평가되었을 가능성이 있습니다.""]",2.3728813559322033,9.152542372881356,4.284780038133593,10.45109369260471
196170,알테오젠,2024-09-02,322000,Sell,75,"[""현재가가 52주 최고가와 동일하며, 이는 단기적인 상승 모멘텀이 소진되었을 가능성을 시사합니다."", ""최근 1개월 수익률이 0.94%로 매우 낮고 거래량 변화율이 음수(-6.97%)인 점은 투자자들의 관심이 줄어들고 있음을 나타냅니다."", ""PBR이 91.91로 매우 높아 기업의 내재가치 대비 고평가 상태이며, 이는 향후 주가 하락 압력으로 작용할 수 있습니다.""]",-6.29800307219662,13.36405529953917,0.8261601641225349,11.01388367256809
196170,알테오젠,2024-10-02,336000,Sell,75,"[""현재가(336,000원)가 52주 최고가(363,000원)에 근접한 91.2% 수준에 위치하여 추가 상승 여력이 제한적일 수 있습니다."", ""최근 1개월 수익률(5.33%) 대비 거래량 변화율(-34.73%)이 큰 폭으로 하락하여 매도 압력이 존재할 가능성이 있습니다."", ""PER이 해당없음(적자)이고 PBR이 95.90으로 매우 높아 기업의 현재 재무 상태 대비 고평가 논란이 있을 수 있습니다.""]",6.320224719101124,9.410112359550562,6.153770455011034,11.347744027474302
196170,알테오젠,2024-11-01,356500,Buy,75,"[""최근 1개월 수익률이 9.02%로 긍정적인 흐름을 보이고 있습니다."", ""52주 최고가 대비 현재 위치가 88.0%로 상승 여력이 남아있다고 판단됩니다."", ""거래량 변화율이 음수(-34.58%)이나, 이는 단기적인 조정 후 상승을 위한 준비 과정일 수 있습니다.""]",14.377406931964057,-22.464698331193837,17.724531905441673,-12.089141361111087
196170,알테오젠,2024-12-02,302000,Sell,75,"[""최근 1개월 수익률이 -15.29%로 하락세를 보이고 있으며, 이는 단기적인 투자 심리 위축을 시사합니다."", ""PER이 '해당없음(적자)'으로 재무 건전성에 대한 우려가 존재하며, 이는 주가 상승 동력을 약화시킬 수 있습니다."", ""거래량 변화율이 247.35%로 급증했으나, 최근 수익률 하락과 함께 나타난 점은 매도 압력 증가 가능성을 시사합니다.""]",-2.1538461538461537,-2.0,2.074584651017761,-4.165605095541407
196170,알테오젠,2025-01-02,300000,Sell,75,"[""현재가(300,000원)가 52주 최고가(445,500원) 대비 상당 부분 하락한 위치에 있으며, 52주 최저가(71,400원) 대비로는 높은 수준이지만 최근 상승세가 둔화될 가능성을 시사합니다."", ""최근 1개월 수익률이 7.14%로 양수이나, 거래량 변화율이 -35.13%로 크게 감소한 것은 단기적인 매수세 약화 및 차익 실현 욕구 증가를 나타낼 수 있습니다."", ""PBR이 89.68로 매우 높아 기업의 내재가치 대비 고평가 논란이 있을 수 있으며, 적자 기업임을 감안할 때 추가적인 주가 상승 동력이 약할 수 있습니다.""]",-2.8257456828885403,23.076923076923077,-4.5444602600819195,18.18007428979997
196170,알테오젠,2025-02-03,352500,Buy,75,"[""최근 1개월 수익률이 16.92%로 강한 상승세를 보이고 있어 단기적인 모멘텀이 유지될 가능성이 있습니다."", ""현재가가 52주 최고가 대비 약 24.9% 하락한 수준이지만, 52주 최저가 대비로는 높은 위치에 있어 추가 상승 여력이 존재합니다."", ""거래량 변화율이 음수(-51.25%)인 점은 단기적인 차익 실현 매물이 출회되었음을 시사하나, 이는 오히려 가격 조정을 거친 후 재상승의 기회가 될 수 있습니다.""]",1.06951871657754,10.695187165775401,-3.051772538006313,6.940603323126205
196170,알테오젠,2025-03-04,400000,Buy,75,"[""최근 1개월 수익률이 7.67%로 긍정적인 흐름을 보이고 있습니다."", ""현재가가 52주 최고가 대비 약 12.7% 하락한 수준으로, 추가 상승 여력이 존재할 수 있습니다."", ""거래량 변화율이 4.99%로 긍정적인 수급 신호를 나타내고 있습니다.""]",-12.80193236714976,-12.439613526570048,-10.464426509997336,-4.125804034636181
196170,알테오젠,2025-04-01,371500,Sell,75,"[""현재 PER 317.0, PBR 72.40으로 밸류에이션 부담이 매우 높은 수준입니다."", ""최근 1개월 수익률이 -4.01%로 하락세를 보이고 있으며, 이는 단기적인 매도 압력을 시사합니다."", ""거래량 변화율이 65.23%로 높게 나타나지만, 이는 최근 주가 하락과 맞물려 매도세가 강하게 유입되었을 가능성을 배제할 수 없습니다.""]",-4.137931034482759,-3.1724137931034484,1.9159493772862461,-7.901916603937935
196170,알테오젠,2025-05-02,356500,Sell,65,"[""최근 1개월 수익률이 마이너스(-)를 기록하며 단기적인 하락 추세를 보이고 있습니다."", ""거래량 변화율이 크게 감소한 것은 투자 심리 위축 또는 매도세 약화 가능성을 시사합니다."", ""PER 304.2, PBR 69.48 등 높은 밸류에이션 지표는 현재 주가 수준에 대한 부담감을 나타냅니다.""]",-6.03085553997195,3.3660589060308554,-8.277642385754383,-1.2575627926174855
196170,알테오젠,2025-06-02,350000,Sell,65,"[""현재가 기준 52주 최고가 대비 하락폭이 크고, 최근 1개월 수익률이 마이너스를 기록하며 하락 추세가 관찰됩니다."", ""PER 149.8, PBR 50.67은 높은 밸류에이션을 시사하며, ROE 33.8% 대비 과도한 수준으로 판단됩니다."", ""거래량 변화율이 마이너스를 기록하며 투자자들의 관심이 다소 줄어들고 있음을 나타냅니다.""]",7.742782152230972,4.4619422572178475,2.5122467021569914,-1.2857817134037122
196170,알테오젠,2025-07-01,372500,Buy,75,"[""최근 1개월 수익률 11.36%로 단기 상승 모멘텀이 확인됩니다."", ""거래량 변화율 17.93%는 시장의 관심 증가 및 매수세 유입 가능성을 시사합니다."", ""현재가(372,500원)가 52주 최저가(255,000원) 대비 높은 수준이지만, 52주 최고가(445,500원) 대비로는 상승 여력이 남아있습니다.""]",7.898089171974522,15.031847133757962,6.851002221567315,12.283084077133443
196170,알테오젠,2025-08-01,422000,Buy,75,"[""ROE 33.8%는 높은 수익성을 시사하며, 이는 주가 상승의 긍정적 요인으로 작용할 수 있습니다."", ""최근 1개월 수익률 6.03%와 거래량 변화율 16.81%는 시장의 관심과 매수세가 유입되고 있음을 나타냅니다."", ""현재가가 52주 최고가 대비 약 13% 하락한 422,000원이며, 52주 내 현재 위치가 70.2%로 상승 여력이 남아있다고 판단됩니다.""]",-0.4629629629629629,7.060185185185184,-4.007334567176937,5.792425064786228
196170,알테오젠,2025-09-01,455000,Neutral,55,"[""현재가(455,000원)는 52주 최고가(490,000원) 대비 하락 여력이 있으나, 52주 최저가(277,000원) 대비로는 상당한 상승을 기록하여 밸류에이션 부담이 존재합니다."", ""PER(256.8) 및 PBR(70.63) 지표는 매우 높은 수준으로, 현재 주가가 기업의 내재가치 대비 고평가되었을 가능성을 시사합니다."", ""최근 1개월 수익률(0.22%)이 매우 낮고 거래량 변화율(-24.77%)이 음수임을 감안할 때, 단기적인 매수세 유입이 약하며 주가 상승 동력이 부족할 수 있습니다.""]",3.027027027027027,-0.9729729729729729,-0.8545850636530794,-7.017053577506979
196170,알테오젠,2025-10-01,458000,Sell,75,"[""현재가 458,000원은 52주 최고가 507,000원에 근접한 수준으로, 단기 차익 실현 매물 출회 가능성이 존재합니다."", ""최근 1개월 수익률이 -0.97%로 약세를 보이고 있으며, 이는 향후 주가 상승 동력이 약화될 수 있음을 시사합니다."", ""PER 258.5, PBR 71.09는 높은 밸류에이션을 나타내며, 이는 향후 주가 상승 여력을 제한할 수 있습니다.""]",-8.377518557794273,16.01272534464475,-9.683927688610776,10.87137328143141
196170,알테오젠,2025-11-03,523000,Sell,75,"[""현재가가 52주 최고가와 동일하며, 이는 단기적인 상승 모멘텀이 약화될 가능성을 시사합니다."", ""최근 1개월 수익률이 17.00%로 높지만, 거래량 변화율이 -6.77%로 감소하는 것은 매수세 약화를 나타낼 수 있습니다."", ""PER 295.1, PBR 81.18은 현재 주가가 기업의 이익 및 자산 가치 대비 상당히 고평가되었음을 보여주며, 이는 향후 조정 가능성을 높입니다.""]",-7.103825136612022,-5.100182149362477,-2.5386007067254432,-5.2998432650903675
196170,알테오젠,2025-12-01,542000,Sell,75,"[""현재가(542,000원)가 52주 최고가(559,000원)에 근접하여 추가 상승 여력이 제한적일 수 있습니다."", ""PER(229.2) 및 PBR(77.33) 지표가 매우 높아 현재 주가가 기업의 내재가치 대비 고평가되었을 가능성이 있습니다."", ""최근 1개월 수익률(10.95%)과 거래량 변화율(31.54%)은 긍정적이나, 52주 내 현재 위치(94.0%)와 높은 밸류에이션 지표를 고려할 때 단기 차익 실현 매물이 출회될 가능성이 있습니다.""]",-12.284069097888676,-12.284069097888676,-12.599659024861388,-14.131293414469543
034020,두산에너빌리티,2023-01-02,15250,Sell,75,"[""최근 1개월 수익률이 -8.96%로 하락세를 보이고 있으며, 거래량 변화율 또한 -36.72%로 감소하여 투자 심리가 위축된 것으로 판단됩니다."", ""현재가(15,250원)는 52주 최고가(23,350원) 대비 약 35% 하락한 수준이며, 52주 내 현재 위치가 24.6%로 낮은 편에 속해 추가 하락 가능성을 시사합니다."", ""ROE가 0.7%로 매우 낮은 수준이며, PER이 138.6으로 높아 기업의 수익성에 비해 고평가된 측면이 있어 향후 주가 상승 동력이 약할 것으로 예상됩니다.""]",8.609271523178808,9.933774834437086,2.6313927844693,-1.343200664508247
034020,두산에너빌리티,2023-02-01,16530,Neutral,60,"[""최근 1개월 수익률이 7.34%로 긍정적인 흐름을 보이고 있으며, 거래량 변화율도 14.73%로 증가하는 추세를 나타내고 있습니다."", ""현재가가 52주 최저가 대비 36.6% 상승한 위치에 있어 추가 상승 여력에 대한 불확실성이 존재합니다."", ""PER 150.3, ROE 0.7% 등 재무 지표상 밸류에이션 부담이 높고 수익성이 낮아 단기적인 주가 상승을 강하게 지지하기 어렵습니다.""]",-4.337349397590361,0.7228915662650602,-4.849322437997342,2.213851029665466
034020,두산에너빌리티,2023-03-02,16580,Sell,65,"[""현재 PER이 150.7로 매우 높아 밸류에이션 부담이 존재합니다."", ""ROE가 0.7%로 매우 낮아 수익성이 부진한 상황입니다."", ""최근 1개월 수익률이 -0.72%로 약세를 보이고 있으며, 거래량 변화율도 -13.17%로 감소하는 추세입니다.""]",6.997607655502393,1.674641148325359,8.538681719982446,-0.16699992286091292
034020,두산에너빌리티,2023-04-03,17060,Neutral,55,"[""PER이 적자 상태로 산출되지 않아 기업의 수익성 측면에서 현재 가치 평가가 어렵습니다."", ""52주 내 현재 위치가 44.4%로 중간 지점에 위치하며, 52주 최고가 대비 하락폭이 56%에 달해 상승 여력과 하락 위험이 공존합니다."", ""최근 1개월 수익률이 2.03%로 소폭 상승했으나, 거래량 변화율이 93.09%로 크게 증가한 점은 단기적인 변동성 확대 가능성을 시사하며 방향성을 명확히 판단하기 어렵습니다.""]",-1.7939814814814814,-9.895833333333332,-4.50914892688585,-10.737998855746056
034020,두산에너빌리티,2023-05-02,16130,Sell,65,"[""현재 PER이 적자 상태로 산출되지 않아 재무적 부담이 존재함을 시사합니다."", ""최근 1개월 수익률이 -5.12%로 하락세를 보이고 있어 단기적인 투자 심리가 위축되었음을 나타냅니다."", ""52주 최고가 대비 현재 위치가 35.1%로, 상승 여력보다는 하락 위험이 상대적으로 높아 보입니다.""]",-1.5414258188824663,5.5876685934489405,-1.1256586484978781,1.5915064442524893
034020,두산에너빌리티,2023-06-01,16200,Sell,65,"[""현재가(16,200원)가 52주 최고가(22,650원) 대비 상당한 하락폭을 보이고 있으며, 52주 내 현재 위치(35.8%) 또한 하단에 가까워 추가 하락 가능성을 시사합니다."", ""최근 1개월 수익률이 -2.94%로 마이너스를 기록하고 있으며, 거래량 변화율이 -49.60%로 크게 감소한 것은 투자 심리 위축 및 매도 압력을 나타낼 수 있습니다."", ""PER이 '해당없음(적자)'으로 재무 건전성에 대한 우려가 존재하며, 이는 주가 상승 동력을 약화시키는 요인으로 작용할 수 있습니다.""]",12.165450121654501,10.097323600973237,11.089474478144961,10.054653612966975
034020,두산에너빌리티,2023-07-03,18100,Buy,75,"[""최근 1개월 수익률이 11.73%로 양호하며, 거래량 변화율이 110.19%로 크게 증가하여 매수세 유입 가능성을 시사합니다."", ""현재가가 52주 최저가 대비 54.7% 지점에 위치하여 추가 상승 여력이 존재할 수 있습니다."", ""PBR 1.57은 자산 가치 대비 과도한 고평가는 아니며, 적자 기업임에도 불구하고 시장에서 일정 수준의 가치를 인정받고 있음을 나타냅니다.""]",5.189732142857143,-2.34375,6.378174712391837,-5.187991529165438
034020,두산에너빌리티,2023-08-01,17500,Sell,65,"[""최근 1개월 수익률이 마이너스이며 거래량 변화율 또한 감소하는 추세를 보여 단기적인 하락 압력이 존재합니다."", ""PER이 적자 상태로 재무적 불확실성이 존재하며, 이는 주가 상승 모멘텀을 약화시킬 수 있습니다."", ""52주 최고가 대비 현재 위치가 절반 수준에 머물러 있어 추가적인 상승 여력보다는 하락 가능성에 무게가 실립니다.""]",-3.900508762012436,2.996042962125495,-3.466718196861683,5.296852831911879
034020,두산에너빌리티,2023-09-01,17470,Neutral,55,"[""PER이 적자로 산출되지 않아 기업의 수익성 측면에서 현재 주가 수준의 적정성을 판단하기 어렵습니다."", ""PBR 1.50은 자산 가치 대비 주가가 높지 않으나, 적자 기업임을 감안할 때 추가 상승 여력은 제한적일 수 있습니다."", ""최근 1개월 수익률이 마이너스이고 거래량 변화율 또한 감소하여 단기적인 매도 압력이 존재할 수 있으나, 52주 내 현재 위치가 중간 수준에 있어 명확한 하락 추세로 단정하기는 어렵습니다.""]",0.17452006980802792,-10.180337405468295,1.2451126294412358,-3.377605788745842
034020,두산에너빌리티,2023-10-04,15770,Sell,65,"[""최근 1개월 수익률이 -11.15%로 하락세를 보이고 있어 단기적인 하락 압력이 존재합니다."", ""PER이 적자로 산출되지 않아 기업의 수익성이 불안정함을 시사합니다."", ""52주 최고가 대비 현재 위치가 47.3%로 절반 수준에 머물러 있어 추가적인 상승 동력이 약할 수 있습니다.""]",-6.439150032195751,-9.980682549903412,-8.625453909712816,-8.513716332562765
034020,두산에너빌리티,2023-11-01,13460,Sell,75,"[""최근 1개월 수익률이 -17.57%로 큰 폭의 하락세를 보이고 있으며, 이는 단기적인 매도 압력이 작용하고 있음을 시사합니다."", ""거래량 변화율이 -39.85%로 감소한 것은 투자자들의 관심이 줄어들고 있음을 나타내며, 이는 향후 주가 상승 동력 약화로 이어질 수 있습니다."", ""현재가가 52주 최저가에 근접한 12,950원 대비 8.0% 높은 수준으로, 추가적인 하락 가능성을 배제할 수 없습니다.""]",1.4378145219266714,13.587347232207044,-2.1454419907572735,5.385889346994162
034020,두산에너빌리티,2023-12-01,15270,Neutral,65,"[""최근 1개월 수익률이 9.78%로 긍정적인 흐름을 보이고 있으나, 거래량 변화율이 -23.98%로 감소하여 상승 동력 약화 가능성을 시사합니다."", ""PER이 적자 상태로 재무적 불확실성이 존재하며, PBR 1.30은 자산 가치 대비 프리미엄이 크지 않음을 나타냅니다."", ""52주 최고가 대비 현재 위치가 31.5%로 상승 여력이 남아있으나, 적자 기업이라는 점과 거래량 감소는 하락 가능성도 배제할 수 없게 합니다.""]",-0.6406149903907752,-0.25624599615631005,-1.0545397205047062,-3.1219093294233797
034020,두산에너빌리티,2024-01-02,16010,Neutral,55,"[""PER이 적자 상태로 산출되지 않아 기업의 수익성 측면에서 현재 가치 평가가 어렵습니다."", ""최근 1개월 수익률이 6.24%로 긍정적인 흐름을 보이고 있으나, 52주 최고가 대비 현재 위치가 44.0%로 상승 여력과 하락 위험이 공존합니다."", ""거래량 변화율이 0.18%로 미미하여 현재 시장 참여자들의 명확한 방향성을 파악하기 어렵습니다.""]",-2.628205128205128,-1.0256410256410255,-0.12255754506388605,3.201704399337201
034020,두산에너빌리티,2024-02-01,15380,Sell,65,"[""현재 PER이 적자 상태로 산출되지 않아 재무적 매력도가 낮습니다."", ""최근 1개월 수익률이 마이너스(-)를 기록하고 있으며, 거래량 변화율 또한 감소 추세를 보이고 있어 단기적인 하락 압력이 존재합니다."", ""현재 주가가 52주 최고가 대비 상당 부분 하락한 위치에 있지만, 52주 최저가 대비로는 중간 지점보다 높은 위치에 있어 추가 하락 가능성을 배제할 수 없습니다.""]",-2.375,-2.3125,-3.6876550963365693,-3.3135285587559347
034020,두산에너빌리티,2024-03-04,15770,Buy,75,"[""최근 1개월 수익률이 4.92%로 긍정적인 흐름을 보이고 있으며, 거래량 변화율이 39.06%로 증가하는 추세는 매수세 유입 가능성을 시사합니다."", ""현재가가 52주 최저가 대비 약 40% 지점에 위치하여 추가 상승 여력이 존재할 수 있습니다."", ""PBR 1.35는 자산 가치 대비 현재 주가가 과도하게 고평가되지 않았음을 나타냅니다.""]",10.155239327296249,8.538163001293661,8.931943486728578,4.621804580519155
034020,두산에너빌리티,2024-04-01,17270,Sell,75,"[""PER 198.5, ROE 0.8%는 현재 주가가 기업의 이익 창출 능력에 비해 고평가되었음을 시사합니다."", ""최근 1개월 수익률 6.34%는 긍정적이나, 52주 최고가 대비 현재 위치가 65.5%로 상승 여력이 제한적일 수 있습니다."", ""거래량 변화율 154.92%는 단기적인 관심 증가를 나타낼 수 있으나, 재무 지표의 부담으로 인해 상승 동력이 약할 수 있습니다.""]",-3.158522050059595,-1.66865315852205,-1.4150708884852585,0.8560820548327772
034020,두산에너빌리티,2024-05-02,16500,Sell,65,"[""최근 1개월 수익률이 -4.46%로 하락세를 보이고 있으며, 거래량 변화율 또한 -52.33%로 크게 감소하여 투자 심리가 위축되었음을 시사합니다."", ""현재 PER 189.7배는 동종 업계 평균 대비 높은 수준일 가능성이 있으며, ROE 0.8%는 낮은 수익성을 나타내어 밸류에이션 부담이 존재합니다."", ""52주 최고가 대비 현재 주가 위치가 52.6%로 중간 수준이지만, 최근 하락 추세와 낮은 수익성을 고려할 때 단기적인 추가 하락 가능성이 있습니다.""]",6.948640483383686,16.012084592145015,5.058950836327503,16.554931380830794
034020,두산에너빌리티,2024-06-03,20750,Buy,75,"[""최근 1개월 수익률이 23.51%로 강한 상승세를 보이고 있으며, 52주 최고가 대비 현재 위치가 87.5%로 상승 여력이 남아있습니다."", ""거래량 변화율이 275.13%로 급증하며 매수세가 유입되고 있음을 시사합니다."", ""PER 102.2, PBR 1.81, ROE 1.8% 등 재무 지표는 다소 부담스러울 수 있으나, 기술적 지표의 강한 상승 모멘텀이 단기적인 주가 상승을 지지할 것으로 판단됩니다.""]",4.166666666666666,0.3125,1.6847914553673093,-4.642610626948661
034020,두산에너빌리티,2024-07-01,19950,Sell,75,"[""현재 PER 98.3배는 동종 업계 평균 대비 높은 수준으로 밸류에이션 부담이 존재합니다."", ""최근 1개월 수익률이 -3.16%로 하락세를 보이고 있으며, 거래량 변화율 또한 -25.70%로 감소하여 투자 심리가 위축된 것으로 판단됩니다."", ""52주 최고가 대비 현재 주가 위치가 77.9%로 상승 여력이 제한적이며, 52주 최저가 대비 상승폭이 이미 상당 부분 반영되었습니다.""]",15.106052767718573,-3.983445421624418,11.994785030399903,-2.4490280111830414
034020,두산에너빌리티,2024-08-01,18710,Sell,75,"[""PER 92.2배, ROE 1.8%로 수익성 대비 밸류에이션이 높은 수준으로 판단됩니다."", ""최근 1개월 수익률이 -2.86%로 하락세를 보이고 있으며, 52주 최고가 대비 현재 위치가 59.9%로 상승 여력이 제한적일 수 있습니다."", ""거래량 변화율이 107.73%로 높게 나타나 단기적인 변동성 확대 가능성이 있으나, 긍정적인 상승 모멘텀으로 이어질지는 불확실합니다.""]",0.0,1.1305822498586773,3.279288839731118,0.9508491217922864
034020,두산에너빌리티,2024-09-02,17890,Sell,65,"[""최근 1개월 수익률이 -4.38%로 하락세를 보이고 있으며, 거래량 변화율이 -73.22%로 급감하여 투자 심리가 위축되었음을 시사합니다."", ""PER 72.1, ROE 2.1%는 현재 기업 가치 대비 수익성이 낮음을 나타내어 주가 상승 동력이 약할 수 있습니다."", ""52주 최고가 대비 현재 위치가 50.6%로 중간 수준에 머물러 있어, 단기적인 추가 상승보다는 조정 가능성이 존재합니다.""]",-6.175637393767705,4.079320113314448,-0.8765902465089761,6.716459228313528
034020,두산에너빌리티,2024-10-02,17310,Sell,65,"[""최근 1개월 수익률이 -6.33%로 하락세를 보이고 있으며, 거래량 변화율 또한 -26.67%로 감소하여 투자 심리가 위축된 것으로 판단됩니다."", ""PER 69.8배는 동종 업계 평균 대비 높은 수준으로, 현재 주가가 기업의 수익성에 비해 고평가되었을 가능성을 시사합니다."", ""ROE 2.1%는 낮은 수준으로, 기업의 수익 창출 능력이 저조함을 나타내며 이는 주가 상승 동력 약화로 이어질 수 있습니다.""]",6.0884549109707065,14.876507754164273,4.003394729082481,14.127006837718458
034020,두산에너빌리티,2024-11-01,19980,Buy,75,"[""최근 1개월 수익률 11.56%와 거래량 변화율 188.26%는 긍정적인 모멘텀을 시사합니다."", ""현재 주가가 52주 최고가 대비 약 25.7% 하락한 74.3% 위치에 있어 추가 상승 여력이 존재할 수 있습니다."", ""PER 80.6, PBR 1.69, ROE 2.1%는 현재 시장에서 높은 밸류에이션을 받고 있음을 나타내지만, 이는 향후 성장 기대감을 반영한 것일 수 있습니다.""]",4.5,3.5000000000000004,6.7136216333136325,8.694729950520856
034020,두산에너빌리티,2024-12-02,20700,Sell,75,"[""현재 PER 161.7배는 동종 업계 평균 대비 높은 수준으로 밸류에이션 부담이 존재합니다."", ""ROE 1.1%는 낮은 수준으로 기업의 수익성이 저조함을 시사합니다."", ""최근 1개월 수익률은 3.60%로 소폭 상승했으나, 거래량 변화율이 -12.90%로 감소하며 상승 동력이 약화될 가능성을 내포하고 있습니다.""]",-18.77068557919622,-13.947990543735225,-15.480417189931797,-11.62088362801186
034020,두산에너빌리티,2025-01-02,18060,Sell,75,"[""최근 1개월 수익률이 -14.61%로 하락세를 보이고 있으며, 거래량 변화율 또한 -9.28%로 감소하는 추세입니다."", ""PER 141.1, ROE 1.1%는 현재 주가가 기업의 수익성에 비해 고평가되었음을 시사합니다."", ""52주 최고가 대비 현재 위치가 46.0%로, 상승 여력보다는 하락 위험이 상대적으로 높아 보입니다.""]",9.89010989010989,31.868131868131865,6.865440777280636,27.984712263886028
034020,두산에너빌리티,2025-02-03,23350,Buy,75,"[""최근 1개월 수익률이 30.74%로 강한 상승세를 보이고 있으며, 52주 최고가 대비 현재 위치가 87.0%로 상승 여력이 남아있습니다."", ""거래량 변화율이 29.15%로 증가하며 매수세가 유입되고 있음을 시사합니다."", ""PER이 182.4로 다소 높지만, PBR 2.01과 ROE 1.1%는 현재 주가 수준에서 추가적인 상승 가능성을 배제하기 어렵게 합니다.""]",-3.483606557377049,10.245901639344263,-5.794934724875815,7.165742554204698
034020,두산에너빌리티,2025-03-04,25500,Buy,75,"[""최근 1개월 수익률 6.69%와 거래량 변화율 45.51%는 긍정적인 모멘텀을 시사합니다."", ""현재 주가가 52주 최고가 대비 약 15.8% 하락한 70% 수준에 위치하여 추가 상승 여력이 존재할 수 있습니다."", ""PER 199.2, PBR 2.20, ROE 1.1%는 다소 높은 밸류에이션을 나타내지만, 단기적인 기술적 지표의 강세가 이를 상쇄할 가능성이 있습니다.""]",-2.41635687732342,-10.966542750929369,-3.068786581834139,-8.92325331685057
034020,두산에너빌리티,2025-04-01,23850,Sell,65,"[""최근 1개월 수익률이 -6.10%로 하락세를 보이고 있으며, 거래량 변화율 또한 -40.81%로 감소하여 투자 심리가 위축된 것으로 판단됩니다."", ""PER 137.1, PBR 2.04, ROE 1.5%의 재무 지표는 현재 주가가 기업의 수익성에 비해 고평가되었을 가능성을 시사합니다."", ""52주 최고가 대비 현재 위치가 59.6%로, 상승 여력보다는 하락 위험이 상대적으로 높아 보입니다.""]",-15.866388308977037,20.876826722338205,-7.399833912482409,18.851573914918795
034020,두산에너빌리티,2025-05-02,27700,Sell,75,"[""PER 159.2, ROE 1.5%로 재무 지표상 고평가 및 낮은 수익성으로 인해 주가 상승 여력이 제한적입니다."", ""최근 1개월 수익률이 15.66%로 단기 급등 후 거래량 변화율이 -23.10%로 감소하며 차익 실현 매물이 출회될 가능성이 있습니다."", ""52주 최고가 대비 현재 위치가 83.3%로 높은 수준에 있어 추가 상승보다는 조정 가능성이 존재합니다.""]",14.652014652014653,68.13186813186813,12.057795987005719,58.875127126350996
034020,두산에너빌리티,2025-06-02,40950,Buy,75,"[""최근 1개월 수익률이 41.70%로 강한 상승세를 보이고 있으며, 52주 최고가 대비 현재 위치가 94.7%로 상승 여력이 남아있습니다."", ""거래량 변화율이 137.83%로 크게 증가하여 시장의 관심이 집중되고 있음을 시사합니다."", ""PBR이 3.45로 자산 가치 대비 높은 수준이지만, 최근의 강한 상승 모멘텀과 거래량 증가는 단기적인 추가 상승 가능성을 높입니다.""]",28.01875732708089,45.1348182883939,22.634469529878597,32.66820166671961
034020,두산에너빌리티,2025-07-01,62500,Buy,75,"[""최근 1개월 수익률이 48.10%로 매우 높은 상승세를 보이고 있으며, 52주 최고가 대비 현재 위치가 87.9%로 상승 추세가 강하게 나타나고 있습니다."", ""거래량 변화율이 12.30%로 긍정적인 흐름을 보이며, 이는 매수세 유입 가능성을 시사합니다."", ""PER이 해당없음(적자)이고 ROE가 N/A%로 재무 건전성에 대한 우려가 있으나, 기술적 지표 상의 강한 상승 모멘텀이 단기적인 주가 상승을 견인할 가능성이 높습니다.""]",4.545454545454546,3.4090909090909087,2.637199096780379,-2.42526679449861
034020,두산에너빌리티,2025-08-01,61400,Sell,65,"[""현재가가 52주 최고가 대비 85.9% 수준으로, 단기적으로 추가 상승 여력이 제한적일 수 있습니다."", ""최근 1개월 수익률이 -0.81%로 약세를 보이고 있으며, 거래량 변화율 또한 -40.87%로 감소하여 투자 심리가 위축되었을 가능성이 있습니다."", ""PER이 '해당없음(적자)'으로 재무 건전성에 대한 우려가 존재하며, 이는 주가 하락 압력으로 작용할 수 있습니다.""]",7.931570762052877,-6.065318818040436,6.056580689779031,-6.846829420851965
034020,두산에너빌리티,2025-09-01,59600,Sell,75,"[""최근 1개월 수익률이 -9.15%로 하락세를 보이고 있어 단기적인 하락 압력이 존재합니다."", ""PER이 '해당없음(적자)'으로 재무 건전성에 대한 우려가 있으며, 이는 주가 상승의 제약 요인이 될 수 있습니다."", ""52주 최고가 대비 현재 위치가 81.5%로 높은 편이지만, 최근 하락세를 감안할 때 추가적인 조정 가능성이 있습니다.""]",2.980132450331126,3.80794701986755,0.21562033785929025,-4.14357157045193
034020,두산에너빌리티,2025-10-01,64600,Buy,75,"[""52주 최고가 대비 현재 위치가 90.8%로 높은 수준을 유지하며 상승 추세를 지지하고 있습니다."", ""최근 1개월 수익률이 6.95%로 긍정적인 흐름을 보이고 있습니다."", ""거래량 변화율이 음수(-28.57%)이지만, 이는 단기적인 조정 가능성을 시사할 뿐 전반적인 상승 모멘텀을 훼손할 정도는 아닙니다.""]",29.166666666666668,22.376543209876544,23.555277089831264,8.930170636825082
034020,두산에너빌리티,2025-11-03,89500,Buy,75,"[""최근 1개월 수익률이 41.84%로 강한 상승세를 보이고 있으며, 52주 최고가 대비 현재 위치가 91.3%로 상승 여력이 남아있습니다."", ""거래량 변화율이 50.47%로 증가하며 매수세가 유입되고 있음을 시사합니다."", ""PBR이 7.56으로 다소 높지만, 이는 현재 시장에서 기업의 성장 기대감이 반영된 것으로 해석될 수 있습니다.""]",-12.625698324022347,-16.201117318435752,-12.253282790776693,-13.124504043459652
034020,두산에너빌리티,2025-12-01,74900,Sell,75,"[""최근 1개월 수익률이 -15.56%로 하락세를 보이고 있으며, 거래량 변화율 또한 -40.68%로 감소하여 투자 심리가 위축되었음을 시사합니다."", ""PER이 '해당없음(적자)'으로 재무 건전성에 대한 우려가 존재하며, 이는 향후 주가 상승 동력을 약화시킬 수 있습니다."", ""현재가가 52주 최고가 대비 약 72.9% 수준에 위치해 있어 단기적인 상승 여력이 제한적일 수 있습니다.""]",2.2666666666666666,0.26666666666666666,-1.4535487063186006,-7.610818045205638
