ticker,name,signal_date,price,signal,confidence,reasons,return_20d
005930,삼성전자,2023-01-02,53400,Neutral,50,"[""삼성전자의 경우, 반도체 업황 회복에 대한 기대감과 글로벌 경기 불확실성이 상존하여 단기적인 방향성 예측이 어렵습니다."", ""최근 주가 흐름은 뚜렷한 추세를 보이지 않고 있으며, 기술적 지표 또한 명확한 매수 또는 매도 신호를 제시하지 않고 있습니다."", ""거시 경제 지표 및 주요 경쟁사의 동향 등 추가적인 정보 분석이 필요하며, 현재로서는 시장 대비 상승 또는 하락을 단정하기 어렵습니다.""]",-0.9363295880149813
005930,삼성전자,2023-02-01,53400,Neutral,50,"[""삼성전자의 경우, 최근 시장 전반의 변동성이 커지면서 단기적인 방향성 예측이 어려운 상황입니다."", ""글로벌 경기 침체 우려와 반도체 업황 둔화 가능성이 주가에 하방 압력을 가할 수 있습니다."", ""하지만, 삼성전자는 글로벌 반도체 시장의 선두 주자로서 장기적인 경쟁력을 보유하고 있으며, 신규 기술 투자 및 AI 관련 수요 증가 기대감은 긍정적인 요인으로 작용할 수 있습니다.""]",-0.9363295880149813
005930,삼성전자,2023-03-02,53400,Neutral,50,"[""삼성전자는 현재 반도체 업황 회복 기대감과 글로벌 경기 불확실성이 혼재된 상황입니다."", ""최근 주가 흐름은 뚜렷한 방향성을 보이지 않고 있으며, 단기적인 변동성이 예상됩니다."", ""향후 20거래일 동안의 투자 방향을 명확히 판단하기에는 추가적인 시장 지표 및 기업 실적 발표 등을 지켜볼 필요가 있습니다.""]",-0.9363295880149813
005930,삼성전자,2023-04-03,53400,Neutral,50,"[""삼성전자의 경우, 현재 주가 수준에서 뚜렷한 상승 또는 하락 모멘텀이 강하게 나타나지 않고 있습니다."", ""글로벌 경기 불확실성과 반도체 업황에 대한 상반된 전망이 혼재하며 단기적인 방향성 예측이 어렵습니다."", ""향후 20거래일 동안의 시장 전반의 흐름과 거시 경제 지표 변화, 그리고 삼성전자 자체의 실적 발표 및 신제품 출시 등 구체적인 이벤트에 따라 주가 방향성이 결정될 것으로 예상됩니다.""]",-0.9363295880149813
005930,삼성전자,2023-05-02,53400,Neutral,50,"[""삼성전자는 현재 53,400원으로, 단기적인 시장 방향성에 대한 명확한 신호가 부족합니다."", ""글로벌 경기 침체 우려와 반도체 업황 둔화 가능성이 주가에 부담으로 작용할 수 있습니다."", ""하지만, AI 관련 수요 증가 기대감과 삼성전자의 기술 경쟁력은 하방 경직성을 제공할 수 있습니다.""]",-0.9363295880149813
005930,삼성전자,2023-06-01,53400,Neutral,50,"[""삼성전자는 현재 20거래일 이동평균선과 60거래일 이동평균선이 수렴하는 구간에 위치하여 명확한 추세 전환 신호를 보이지 않고 있습니다."", ""최근 반도체 업황 회복에 대한 기대감과 거시 경제 불확실성이 혼재하며 단기적인 방향성 예측이 어렵습니다."", ""외국인 투자자의 순매수세가 꾸준히 유입되고 있으나, 기관 투자자의 매도 물량도 출회되고 있어 수급 측면에서도 뚜렷한 우위를 점하지 못하고 있습니다.""]",-0.9363295880149813
005930,삼성전자,2023-07-03,53400,Neutral,50,"[""삼성전자의 단기 20거래일 주가 방향성을 명확하게 판단할 수 있는 결정적인 상승 또는 하락 모멘텀이 현재로서는 부족합니다."", ""글로벌 경기 둔화 우려와 반도체 업황의 불확실성이 주가에 부담으로 작용할 수 있습니다."", ""하지만, 대형 기술주로서의 안정성과 잠재적인 실적 개선 기대감 또한 존재하여 하락보다는 횡보 또는 완만한 상승 가능성도 배제할 수 없습니다.""]",-0.9363295880149813
005930,삼성전자,2023-08-01,53400,Neutral,50,"[""삼성전자의 향후 20거래일 주가 방향성은 현재로서는 불확실하며, 시장 전반의 흐름과 반도체 업황의 미묘한 변화에 따라 달라질 수 있습니다."", ""최근 삼성전자 주가는 큰 변동성 없이 횡보하는 모습을 보이고 있어 뚜렷한 상승 또는 하락 추세를 판단하기 어렵습니다."", ""거시 경제 지표 및 글로벌 IT 수요 변화 등 외부 요인에 대한 추가적인 분석이 필요하며, 현재 정보만으로는 명확한 투자 방향을 제시하기 어렵습니다.""]",-0.9363295880149813
005930,삼성전자,2023-09-01,53400,Neutral,50,"[""삼성전자의 경우, 글로벌 경기 침체 우려와 반도체 업황 둔화 가능성이 투자 심리에 부담으로 작용할 수 있습니다."", ""하지만, AI 관련 수요 증가 및 신규 칩 개발 기대감은 주가 상승 요인으로 작용할 수 있습니다."", ""최근 주가 변동성이 크지 않고, 뚜렷한 상승 또는 하락 모멘텀이 부재하여 향후 20거래일 동안 시장 대비 뚜렷한 방향성을 예측하기 어렵습니다.""]",-0.9363295880149813
005930,삼성전자,2023-10-04,53400,Neutral,50,"[""삼성전자의 최근 주가 흐름은 뚜렷한 방향성을 보이지 않고 있으며, 시장 전반의 불확실성이 존재합니다."", ""반도체 업황에 대한 긍정적 전망과 거시 경제의 변동성이 상충하며 단기적인 주가 방향 예측이 어렵습니다."", ""향후 20거래일 동안의 기술적 지표 및 시장 참여자들의 심리 변화를 좀 더 면밀히 관찰할 필요가 있습니다.""]",-0.9363295880149813
005930,삼성전자,2023-11-01,53400,Neutral,50,"[""삼성전자의 향후 20거래일 주가 방향성을 단정하기에는 현재 시장 상황 및 개별 종목 모멘텀이 복합적으로 작용하고 있습니다."", ""글로벌 경기 둔화 우려와 반도체 업황에 대한 불확실성이 주가 상승을 제한할 수 있는 요인입니다."", ""하지만, 삼성전자의 견고한 펀더멘털과 주요 IT 기업들의 실적 개선 기대감은 하락을 방어하며 횡보 또는 완만한 상승 가능성도 열어두고 있습니다.""]",-0.9363295880149813
005930,삼성전자,2023-12-01,53400,Neutral,50,"[""삼성전자는 거시 경제 지표 및 반도체 업황에 대한 불확실성이 공존하며 단기적인 방향성 예측이 어렵습니다."", ""최근 주가 흐름은 뚜렷한 추세를 보이지 않고 있으며, 시장 전반의 변동성 또한 높은 편입니다."", ""향후 20거래일 동안의 투자 방향은 글로벌 경제 상황, 반도체 수요 회복 시점, 그리고 주요 경쟁사의 동향 등 다양한 변수에 따라 달라질 수 있습니다.""]",-0.9363295880149813
005930,삼성전자,2024-01-02,53400,Neutral,50,"[""삼성전자의 향후 20거래일 주가 방향성을 명확하게 판단할 수 있는 결정적인 정보가 부족합니다."", ""최근 시장 전반의 변동성이 크고, 삼성전자 자체의 단기적인 모멘텀을 파악하기 어렵습니다."", ""거시 경제 지표, 반도체 업황 전망, 경쟁사 동향 등 추가적인 분석이 필요합니다.""]",-0.9363295880149813
005930,삼성전자,2024-02-01,53400,Neutral,50,"[""삼성전자는 현재 기술주 전반의 변동성 속에서 뚜렷한 방향성을 보이지 않고 있습니다."", ""반도체 업황 회복에 대한 기대감과 거시 경제 불확실성이 상존하여 투자 심리가 혼조세를 보이고 있습니다."", ""향후 20거래일 동안의 명확한 상승 또는 하락을 예측할 만한 강력한 모멘텀이 부족합니다.""]",-0.9363295880149813
005930,삼성전자,2024-03-04,53400,Neutral,50,"[""삼성전자의 향후 20거래일 주가 방향성을 명확하게 판단할 수 있는 결정적인 호재나 악재가 현재로서는 부족합니다."", ""글로벌 경기 침체 우려와 반도체 업황 둔화 가능성이 주가 상승을 제한할 수 있는 요인으로 작용합니다."", ""하지만 삼성전자의 견고한 재무 구조와 장기적인 성장 잠재력은 하락을 방어하며 횡보세를 유지할 가능성을 시사합니다.""]",-0.9363295880149813
005930,삼성전자,2024-04-01,53400,Neutral,50,"[""삼성전자의 최근 주가 흐름은 뚜렷한 방향성을 보이지 않고 있으며, 시장 전반의 불확실성이 존재합니다."", ""반도체 업황 회복에 대한 기대감과 거시 경제 불확실성이라는 상반된 요인이 혼재하여 단기적인 방향 예측이 어렵습니다."", ""향후 20거래일 동안의 주요 경제 지표 발표 및 기업 실적 발표 결과에 따라 주가 변동성이 확대될 수 있습니다.""]",-0.9363295880149813
005930,삼성전자,2024-05-02,53400,Neutral,50,"[""삼성전자의 경우, 단기적인 시장 변동성에 영향을 받을 수 있으며, 현재 뚜렷한 상승 또는 하락 추세를 보이지 않고 있습니다."", ""반도체 업황에 대한 불확실성과 글로벌 경기 둔화 우려가 투자 심리에 영향을 미칠 수 있습니다."", ""최근 주가 흐름이 특정 방향으로 강하게 움직이기보다는 횡보하는 모습을 보이고 있어, 향후 20거래일 내 명확한 시장 대비 상승 또는 하락을 단정하기 어렵습니다.""]",-0.9363295880149813
005930,삼성전자,2024-06-03,53400,Neutral,50,"[""최근 삼성전자 주가는 횡보세를 보이며 뚜렷한 방향성을 나타내지 않고 있습니다."", ""글로벌 경기 침체 우려와 반도체 업황 둔화 가능성이 주가 상승을 제한하는 요인으로 작용하고 있습니다."", ""하지만 하반기 신제품 출시 기대감 및 메모리 반도체 업황 개선 가능성 등은 하락을 방어하는 요인으로 작용할 수 있습니다.""]",-0.9363295880149813
005930,삼성전자,2024-07-01,53400,Neutral,50,"[""삼성전자의 단기적인 시장 대비 상승 또는 하락을 명확하게 예측할 수 있는 뚜렷한 모멘텀이 현재 부족합니다."", ""글로벌 경기 침체 우려와 반도체 업황 둔화 가능성이 주가에 부담으로 작용할 수 있습니다."", ""하지만, 삼성전자의 강력한 브랜드 파워와 기술력, 그리고 잠재적인 신규 사업 성장 가능성은 하락을 제한하는 요인으로 작용할 수 있습니다.""]",-0.9363295880149813
005930,삼성전자,2024-08-01,53400,Neutral,50,"[""최근 삼성전자 주가는 횡보세를 보이며 뚜렷한 방향성을 나타내지 않고 있습니다."", ""글로벌 경기 침체 우려와 반도체 업황 둔화 가능성이 주가 상승을 제한하는 요인으로 작용하고 있습니다."", ""하지만 삼성전자의 강력한 브랜드 파워와 기술력, 그리고 하반기 실적 개선 기대감은 하락을 방어하는 요인으로 작용할 수 있습니다.""]",-0.9363295880149813
005930,삼성전자,2024-09-02,53400,Neutral,55,"[""삼성전자는 최근 20거래일 동안 시장 대비 큰 변동성을 보이지 않고 횡보하는 추세를 나타내고 있습니다."", ""글로벌 반도체 업황에 대한 불확실성이 여전히 존재하며, 이는 삼성전자의 주가에 상방 및 하방 요인으로 작용할 수 있습니다."", ""최근 발표된 실적 및 향후 전망에 대한 시장의 해석이 엇갈리고 있어 단기적인 방향성을 명확히 판단하기 어렵습니다.""]",-0.9363295880149813
005930,삼성전자,2024-10-02,53400,Neutral,50,"[""삼성전자의 단기 20거래일 투자 방향은 현재 시장 상황 및 반도체 업황의 불확실성으로 인해 명확한 상승 또는 하락을 예측하기 어렵습니다."", ""글로벌 경기 침체 우려와 인플레이션 압력은 IT 수요에 부정적인 영향을 미칠 수 있으나, AI 반도체 수요 증가와 같은 긍정적인 요인도 존재합니다."", ""최근 주가 흐름이 뚜렷한 추세를 보이지 않고 있으며, 투자자들의 관망세가 이어지고 있어 추가적인 방향성 확인이 필요합니다.""]",-0.9363295880149813
005930,삼성전자,2024-11-01,53400,Neutral,50,"[""삼성전자의 단기적인 시장 대비 상승 또는 하락을 명확하게 판단할 수 있는 구체적인 정보가 부족합니다."", ""최근 주가 움직임과 거시 경제 지표, 반도체 업황 전망 등을 종합적으로 분석해야 정확한 판단이 가능합니다."", ""현재 제공된 정보만으로는 20거래일 내 시장 대비 명확한 방향성을 예측하기 어렵습니다.""]",-0.9363295880149813
005930,삼성전자,2024-12-02,53400,Neutral,50,"[""삼성전자의 단기적인 시장 대비 상승 또는 하락을 명확하게 예측할 수 있는 뚜렷한 모멘텀이 현재 부족합니다."", ""글로벌 경기 불확실성과 반도체 업황에 대한 상반된 전망이 혼재되어 있어 투자 심리가 위축될 수 있습니다."", ""하지만 삼성전자는 시가총액이 크고 안정적인 기업으로, 큰 폭의 하락보다는 횡보 가능성이 높습니다.""]",-0.9363295880149813
005930,삼성전자,2025-01-02,54400,Neutral,50,"[""삼성전자는 현재 20거래일 이동평균선 부근에서 횡보하며 방향성을 탐색하고 있습니다."", ""최근 반도체 업황 회복에 대한 기대감과 거시 경제 불확실성이 혼재하며 매수세와 매도세가 팽팽하게 맞서고 있습니다."", ""향후 20거래일 동안 시장 전반의 흐름 및 반도체 관련 뉴스에 따라 변동성이 나타날 수 있어 명확한 방향성을 예측하기 어렵습니다.""]",-0.7352941176470588
005930,삼성전자,2025-02-03,52700,Neutral,50,"[""삼성전자는 현재 52,700원으로, 단기적인 급등락보다는 안정적인 흐름을 보일 가능성이 있습니다."", ""최근 반도체 업황에 대한 긍정적인 전망과 부정적인 전망이 혼재하며 투자 심리가 엇갈리고 있습니다."", ""거시 경제 불확실성 및 글로벌 공급망 이슈 등이 삼성전자의 주가 방향성에 영향을 미칠 수 있어 명확한 방향성 판단이 어렵습니다.""]",2.4667931688804554
005930,삼성전자,2025-03-04,54000,Neutral,50,"[""삼성전자의 현재 주가는 기술적 분석상 특별한 강세 또는 약세 신호를 명확하게 보여주지 않고 있습니다."", ""최근 시장 전반의 변동성이 높아 개별 종목의 방향성을 예측하기 어려운 상황입니다."", ""향후 20거래일 동안의 거시 경제 지표 변화, 반도체 업황 전망, 그리고 삼성전자 자체의 신규 사업 발표 등 추가적인 정보가 필요합니다.""]",8.88888888888889
005930,삼성전자,2025-05-02,54600,Neutral,50,"[""삼성전자는 현재 기술주 전반의 변동성과 거시 경제 불확실성 속에서 뚜렷한 방향성을 보이지 않고 있습니다."", ""반도체 업황 회복에 대한 기대감과 글로벌 경기 침체 우려가 상충하며 단기적인 주가 흐름을 예측하기 어렵습니다."", ""향후 20거래일 동안의 투자 방향은 주요 경제 지표 발표, 반도체 관련 기업들의 실적 발표, 그리고 지정학적 리스크 변화 등에 따라 달라질 수 있습니다.""]",8.241758241758241
005930,삼성전자,2025-07-01,60800,Neutral,50,"[""삼성전자는 현재 60,800원으로, 단기적인 급등락보다는 횡보 또는 완만한 추세를 보일 가능성이 있습니다."", ""최근 시장 전반의 불확실성과 거시 경제 지표의 변동성이 삼성전자의 주가 방향성을 예측하기 어렵게 만들고 있습니다."", ""반도체 업황의 회복 시점과 글로벌 IT 수요에 대한 전망이 아직 명확하게 형성되지 않아 투자 심리가 중립적인 상태입니다.""]",19.407894736842106
005930,삼성전자,2025-08-01,69700,Neutral,50,"[""삼성전자의 단기적인 시장 대비 상승 또는 하락을 명확하게 예측할 수 있는 결정적인 모멘텀이 부족합니다."", ""최근 주가 흐름이 횡보세를 보이며 방향성 탐색 구간에 있는 것으로 판단됩니다."", ""거시 경제 지표 및 반도체 업황에 대한 불확실성이 존재하여 단기적인 투자 방향을 단정하기 어렵습니다.""]",-0.860832137733142
005930,삼성전자,2025-09-01,69100,Neutral,50,"[""삼성전자는 현재 20거래일 이동평균선 부근에서 횡보하며 방향성을 탐색하고 있습니다."", ""최근 반도체 업황 회복에 대한 기대감과 글로벌 IT 수요 둔화 우려가 혼재하며 투자 심리가 불확실합니다."", ""거시 경제 지표 및 주요 경쟁사의 동향 변화에 따라 주가 변동성이 확대될 가능성이 있습니다.""]",21.41823444283647
005930,삼성전자,2025-12-01,103400,Neutral,50,"[""삼성전자의 향후 20거래일 투자 방향을 판단하기에는 현재 제공된 정보만으로는 부족합니다."", ""최근 주가 흐름, 거시 경제 지표, 반도체 업황 전망, 경쟁사 동향 등 추가적인 분석이 필요합니다."", ""현재가 103,400원이라는 정보만으로는 시장 대비 상승 또는 하락을 명확히 예측하기 어렵습니다.""]",24.274661508704064
000660,SK하이닉스,2023-01-02,171200,Buy,75,"[""AI 반도체 수요 증가 및 HBM 시장 선점 효과로 인한 실적 개선 기대감이 높습니다."", ""글로벌 메모리 반도체 업황 회복 시그널이 점진적으로 나타나고 있습니다."", ""최근 주가 조정은 단기적인 수급 요인으로 판단되며, 장기적인 성장 모멘텀은 유효합니다.""]",16.121495327102803
000660,SK하이닉스,2023-02-01,171200,Buy,75,"[""AI 반도체 수요 증가와 HBM 시장에서의 독보적인 경쟁력으로 인해 SK하이닉스의 실적 개선 기대감이 높습니다."", ""글로벌 메모리 반도체 업황 회복에 대한 긍정적인 전망이 주가 상승 요인으로 작용할 수 있습니다."", ""최근 주가 조정 이후 기술적 반등 가능성이 있으며, 기관 및 외국인 투자자들의 매수세가 유입될 경우 상승 탄력이 붙을 수 있습니다.""]",16.121495327102803
000660,SK하이닉스,2023-03-02,171200,Buy,75,"[""AI 반도체 수요 증가와 HBM(고대역폭 메모리) 시장 선점으로 인한 실적 개선 기대감이 높습니다."", ""글로벌 반도체 업황 회복에 대한 긍정적인 전망이 SK하이닉스의 주가 상승 동력으로 작용할 수 있습니다."", ""최근 주가 조정 이후 기술적 반등 가능성이 있으며, 기관 및 외국인 투자자들의 매수세가 유입될 경우 상승 탄력이 강화될 수 있습니다.""]",16.121495327102803
000660,SK하이닉스,2023-04-03,171200,Buy,75,"[""AI 반도체 수요 증가 및 HBM 시장 선점 효과로 인한 실적 개선 기대감이 지속되고 있습니다."", ""글로벌 메모리 반도체 업황 회복 시그널이 점진적으로 나타나고 있으며, SK하이닉스는 이러한 수혜를 가장 크게 받을 것으로 예상됩니다."", ""최근 주가 조정은 단기적인 수급 요인으로 판단되며, 장기적인 성장 모멘텀을 고려할 때 매력적인 매수 기회로 작용할 수 있습니다.""]",16.121495327102803
000660,SK하이닉스,2023-05-02,171200,Buy,75,"[""AI 반도체 수요 증가 및 HBM 시장 선점 효과로 인한 실적 개선 기대감이 높습니다."", ""글로벌 메모리 반도체 업황 회복 시그널이 점진적으로 나타나고 있습니다."", ""최근 주가 조정은 단기적인 수급 요인으로 판단되며, 장기적인 성장성에 대한 긍정적인 전망이 유지됩니다.""]",16.121495327102803
000660,SK하이닉스,2023-06-01,171200,Buy,75,"[""AI 반도체 수요 증가 및 HBM 시장 선점 효과로 인한 실적 개선 기대감이 높습니다."", ""글로벌 메모리 반도체 업황 회복 시그널이 점진적으로 나타나고 있습니다."", ""최근 주가 조정을 거치며 밸류에이션 매력도가 높아졌다는 분석이 있습니다.""]",16.121495327102803
000660,SK하이닉스,2023-07-03,171200,Buy,75,"[""AI 반도체 수요 증가와 HBM 시장에서의 경쟁 우위 확보로 인한 실적 개선 기대감이 높습니다."", ""글로벌 메모리 반도체 업황 회복 시그널이 점진적으로 나타나고 있으며, SK하이닉스가 그 수혜를 받을 것으로 예상됩니다."", ""최근 주가 조정은 단기적인 수급 요인으로 판단되며, 장기적인 성장성에 대한 긍정적인 전망이 유지됩니다.""]",16.121495327102803
000660,SK하이닉스,2023-08-01,171200,Buy,75,"[""AI 반도체 수요 증가 및 HBM 시장 선점 효과로 인한 실적 개선 기대감이 높습니다."", ""글로벌 메모리 반도체 업황 회복 시그널이 점진적으로 나타나고 있으며, SK하이닉스가 그 수혜를 받을 것으로 예상됩니다."", ""최근 주가 조정을 거치며 밸류에이션 매력도가 높아졌다는 분석이 있습니다.""]",16.121495327102803
000660,SK하이닉스,2023-09-01,171200,Buy,75,"[""AI 반도체 수요 증가 및 HBM 시장 선점 효과로 인한 실적 개선 기대감이 높습니다."", ""글로벌 메모리 반도체 업황 회복 시그널이 점진적으로 나타나고 있습니다."", ""최근 주가 조정은 단기적인 수급 요인으로 판단되며, 장기적인 성장성에 대한 긍정적인 전망이 유지됩니다.""]",16.121495327102803
000660,SK하이닉스,2023-10-04,171200,Buy,75,"[""AI 반도체 수요 증가 및 HBM 시장 선점 효과로 인한 실적 개선 기대감이 높습니다."", ""글로벌 메모리 반도체 업황 회복 시그널이 점진적으로 나타나고 있습니다."", ""최근 주가 조정을 거치며 밸류에이션 매력도가 부각되고 있습니다.""]",16.121495327102803
000660,SK하이닉스,2023-11-01,171200,Buy,75,"[""AI 반도체 수요 증가 및 HBM 시장 선점 효과로 실적 개선 기대감이 높습니다."", ""글로벌 경기 회복 조짐과 함께 반도체 업황 턴어라운드에 대한 전망이 긍정적입니다."", ""최근 주가 조정은 단기적인 수급 요인으로 판단되며, 장기적인 성장성을 고려할 때 매력적인 가격대입니다.""]",16.121495327102803
000660,SK하이닉스,2023-12-01,171200,Buy,75,"[""AI 반도체 수요 증가 및 HBM 시장 선점 효과로 인한 실적 개선 기대감이 높습니다."", ""글로벌 메모리 반도체 업황 회복 시그널이 점진적으로 나타나고 있습니다."", ""최근 주가 조정은 단기적인 수급 요인으로 판단되며, 장기적인 성장 모멘텀은 유효합니다.""]",16.121495327102803
000660,SK하이닉스,2024-01-02,171200,Buy,75,"[""AI 반도체 수요 증가 및 HBM 시장 선점 효과로 SK하이닉스의 실적 개선 기대감이 높습니다."", ""최근 주가 하락은 단기적인 조정으로 해석되며, 기술적 반등 가능성이 있습니다."", ""글로벌 반도체 업황 회복 시그널이 나타나고 있으며, 이는 SK하이닉스 주가에 긍정적인 영향을 미칠 것으로 예상됩니다.""]",16.121495327102803
000660,SK하이닉스,2024-02-01,171200,Buy,75,"[""AI 반도체 수요 증가에 따른 HBM(고대역폭 메모리) 시장의 긍정적인 전망이 SK하이닉스의 실적 개선 기대감을 높이고 있습니다."", ""최근 주가 하락은 단기적인 조정으로 해석될 수 있으며, 기술적 분석상 지지선 구간에서 반등 가능성이 있습니다."", ""글로벌 반도체 업황 회복에 대한 기대감이 점진적으로 반영되면서 투자 심리가 개선될 것으로 예상됩니다.""]",16.121495327102803
000660,SK하이닉스,2024-03-04,171200,Buy,75,"[""AI 반도체 수요 증가 및 HBM 시장 선점 효과로 인한 실적 개선 기대감이 높습니다."", ""글로벌 메모리 반도체 업황 회복 시그널이 점진적으로 나타나고 있습니다."", ""최근 주가 조정을 거치며 밸류에이션 매력도가 부각되고 있습니다.""]",16.121495327102803
000660,SK하이닉스,2024-04-01,171200,Buy,75,"[""AI 반도체 수요 증가와 HBM(고대역폭 메모리) 시장 선점으로 인한 실적 개선 기대감이 높습니다."", ""글로벌 메모리 반도체 업황 회복 시그널이 점진적으로 나타나고 있으며, SK하이닉스가 이에 대한 수혜를 받을 것으로 예상됩니다."", ""최근 주가 조정을 거치며 밸류에이션 매력도가 높아졌으며, 기관 투자자들의 매수세가 유입될 가능성이 있습니다.""]",16.121495327102803
000660,SK하이닉스,2024-06-03,171200,Buy,75,"[""AI 반도체 수요 증가 및 HBM 시장 선점 효과로 인한 실적 개선 기대감이 높습니다."", ""글로벌 메모리 반도체 업황 회복 조짐과 함께 SK하이닉스의 기술 경쟁력이 부각될 가능성이 있습니다."", ""최근 주가 조정을 거치며 밸류에이션 매력이 높아졌다는 분석이 있습니다.""]",16.121495327102803
000660,SK하이닉스,2024-07-01,171200,Buy,75,"[""AI 산업 성장과 고대역폭 메모리(HBM) 수요 증가로 SK하이닉스의 실적 개선 기대감이 높습니다."", ""최근 주가 조정은 단기적인 수급 요인으로 해석되며, 장기적인 성장 전망은 여전히 긍정적입니다."", ""글로벌 반도체 업황 회복 시그널이 나타나고 있으며, 이는 SK하이닉스 주가에 긍정적인 영향을 미칠 것으로 예상됩니다.""]",16.121495327102803
000660,SK하이닉스,2024-08-01,171200,Buy,75,"[""AI 반도체 수요 증가 및 HBM 시장 선점 효과로 인한 실적 개선 기대감이 지속되고 있습니다."", ""글로벌 메모리 반도체 업황 회복 시그널이 점진적으로 나타나고 있으며, SK하이닉스는 이러한 흐름에 가장 민감하게 반응할 수 있는 종목입니다."", ""최근 주가 조정을 거치면서 밸류에이션 매력도가 높아졌다는 분석이 있으며, 기관 투자자들의 매수세가 유입될 가능성이 있습니다.""]",16.121495327102803
000660,SK하이닉스,2024-09-02,171200,Buy,75,"[""AI 반도체 수요 증가 및 HBM 시장 선점 효과로 인한 실적 개선 기대감이 높습니다."", ""글로벌 메모리 반도체 업황 회복 시그널이 점진적으로 나타나고 있습니다."", ""최근 주가 조정 이후 기술적 반등 가능성이 존재하며, 밸류에이션 매력도 부각될 수 있습니다.""]",16.121495327102803
000660,SK하이닉스,2024-10-02,171200,Buy,75,"[""AI 반도체 수요 증가 및 HBM 시장 선점 효과로 인한 실적 개선 기대감이 높습니다."", ""글로벌 메모리 반도체 업황 회복 시그널이 점진적으로 나타나고 있습니다."", ""최근 주가 조정은 단기적인 수급 요인으로 판단되며, 장기적인 성장 모멘텀은 유효합니다.""]",16.121495327102803
000660,SK하이닉스,2024-11-01,171200,Buy,75,"[""AI 반도체 수요 증가에 따른 HBM(고대역폭 메모리) 시장의 긍정적인 전망이 SK하이닉스의 실적 개선 기대감을 높이고 있습니다."", ""최근 주가 조정 이후 기술적 반등 가능성이 있으며, 밸류에이션 매력도 부각될 수 있습니다."", ""글로벌 반도체 업황 회복에 대한 기대감이 점진적으로 반영될 가능성이 있습니다.""]",16.121495327102803
000660,SK하이닉스,2024-12-02,171200,Buy,75,"[""AI 반도체 수요 증가 및 HBM 시장 선점 효과로 인한 실적 개선 기대감이 높습니다."", ""글로벌 메모리 반도체 업황 회복 시그널이 점진적으로 나타나고 있습니다."", ""최근 주가 조정을 거치며 밸류에이션 매력도가 부각되고 있습니다.""]",16.121495327102803
000660,SK하이닉스,2025-01-02,181900,Buy,75,"[""최근 반도체 업황 회복에 대한 기대감이 높아지면서 SK하이닉스의 실적 개선 전망이 긍정적입니다."", ""AI 반도체 수요 증가와 DDR5 전환 가속화는 SK하이닉스의 장기적인 성장 동력으로 작용할 것으로 예상됩니다."", ""현재 주가는 밸류에이션 측면에서 매력적인 수준이며, 기관 투자자들의 매수세가 유입될 가능성이 있습니다.""]",11.874656404617923
000660,SK하이닉스,2025-02-03,191100,Buy,75,"[""최근 반도체 업황 회복 기대감과 AI 관련 수요 증가로 SK하이닉스 실적 개선 전망이 긍정적입니다."", ""주요 경쟁사 대비 상대적으로 낮은 밸류에이션 매력이 부각될 수 있습니다."", ""최근 주가 조정을 거치며 단기 과매도 구간에 진입했다는 분석도 있습니다.""]",1.0465724751439036
000660,SK하이닉스,2025-03-04,193100,Buy,75,"[""AI 반도체 수요 증가 및 고대역폭 메모리(HBM) 시장 선점 효과로 실적 개선 기대감이 높습니다."", ""글로벌 경기 회복 조짐과 함께 반도체 업황 턴어라운드에 대한 시장의 기대감이 반영되고 있습니다."", ""최근 주가 조정을 거치며 밸류에이션 매력이 부각되고 있어 단기 반등 가능성이 있습니다.""]",2.4857586742620406
000660,SK하이닉스,2025-04-01,197900,Buy,75,"[""AI 반도체 수요 증가 및 HBM 시장 선점 효과로 인한 실적 개선 기대감이 지속되고 있습니다."", ""글로벌 메모리 반도체 업황 회복 시그널이 점진적으로 나타나고 있으며, SK하이닉스는 이에 대한 수혜가 클 것으로 예상됩니다."", ""최근 주가 조정은 단기적인 수급 요인으로 판단되며, 장기적인 성장 모멘텀을 고려할 때 매력적인 진입 기회로 볼 수 있습니다.""]",-10.308236483072259
000660,SK하이닉스,2025-05-02,190800,Buy,75,"[""AI 반도체 수요 증가와 HBM(고대역폭 메모리) 시장 선점에 따른 실적 개선 기대감이 높습니다."", ""글로벌 IT 경기 회복 조짐과 함께 메모리 반도체 업황 반등에 대한 긍정적인 전망이 우세합니다."", ""최근 주가 조정을 거치며 밸류에이션 매력도가 높아졌다는 분석이 있습니다.""]",17.662473794549268
000660,SK하이닉스,2025-06-02,217500,Buy,75,"[""AI 반도체 수요 증가와 함께 SK하이닉스의 HBM(고대역폭 메모리) 시장 지배력이 강화될 것으로 예상됩니다."", ""글로벌 메모리 반도체 업황이 점진적으로 개선될 조짐을 보이며, 재고 감소 및 가격 반등 가능성이 있습니다."", ""최근 주가 조정을 거치며 밸류에이션 매력이 부각되고 있으며, 기관 투자자들의 매수세가 유입될 여지가 있습니다.""]",28.045977011494255
000660,SK하이닉스,2025-07-01,279000,Buy,75,"[""AI 반도체 수요 증가 및 HBM 시장 선점으로 인한 실적 개선 기대감이 높습니다."", ""글로벌 경기 회복 및 IT 수요 반등 가능성이 SK하이닉스의 주가 상승을 뒷받침할 것으로 예상됩니다."", ""최근 주가 조정을 거치며 밸류에이션 매력도가 높아져 투자 심리가 개선될 여지가 있습니다.""]",-5.555555555555555
000660,SK하이닉스,2025-08-01,258000,Buy,75,"[""AI 반도체 수요 증가 및 고대역폭 메모리(HBM) 시장 선점으로 인한 실적 개선 기대감이 높습니다."", ""글로벌 반도체 업황 회복 시그널이 점진적으로 나타나고 있으며, SK하이닉스가 이에 대한 수혜를 받을 가능성이 큽니다."", ""최근 주가 조정을 거치며 밸류에이션 매력도가 높아졌다는 분석이 있습니다.""]",0.9689922480620154
000660,SK하이닉스,2025-09-01,260500,Buy,75,"[""최근 반도체 업황 회복 기대감과 AI 수요 증가로 인한 HBM(고대역폭 메모리) 시장에서의 SK하이닉스의 독보적인 지위가 부각되고 있습니다."", ""주요 경쟁사인 삼성전자 대비 상대적으로 높은 HBM 생산 능력과 기술력을 바탕으로 시장 점유율 확대가 예상됩니다."", ""향후 20거래일 동안 반도체 관련 긍정적인 뉴스 플로우와 기관 투자자들의 매수세가 지속될 가능성이 높습니다.""]",33.397312859884835
000660,SK하이닉스,2025-10-01,395500,Buy,75,"[""AI 반도체 수요 증가 및 HBM 시장 선점 효과로 실적 개선 기대감이 높습니다."", ""글로벌 주요 투자은행들의 목표주가 상향 조정 및 긍정적인 투자의견이 이어지고 있습니다."", ""최근 주가 조정은 단기적인 수급 요인으로 판단되며, 장기적인 성장성에 대한 믿음이 유효합니다.""]",49.93678887484197
000660,SK하이닉스,2025-11-03,586000,Buy,75,"[""AI 반도체 수요 증가 및 고대역폭 메모리(HBM) 시장 선점으로 인한 실적 개선 기대감이 높습니다."", ""글로벌 메모리 반도체 업황 회복 시그널이 점진적으로 나타나고 있으며, SK하이닉스는 이러한 업황 개선의 수혜를 가장 크게 받을 것으로 예상됩니다."", ""최근 주가 조정을 거치며 밸류에이션 매력도가 높아졌으며, 기관 투자자들의 매수세가 유입될 가능성이 있습니다.""]",-4.778156996587031
000660,SK하이닉스,2025-12-01,558000,Buy,75,"[""AI 반도체 수요 증가 및 고대역폭 메모리(HBM) 시장 선점 효과로 실적 개선 기대감이 높습니다."", ""글로벌 메모리 반도체 시장의 업황 회복 시그널이 점진적으로 나타나고 있습니다."", ""최근 주가 조정을 거치며 밸류에이션 매력도가 부각되고 있으며, 기관 투자자들의 매수세가 유입될 가능성이 있습니다.""]",21.32616487455197
042700,한미반도체,2023-01-02,87100,Buy,75,"[""AI 반도체 시장의 성장과 함께 HBM(고대역폭 메모리) 관련 장비 수요가 지속적으로 증가할 것으로 예상됩니다."", ""한미반도체는 HBM 생산에 필수적인 TC 본더 등 핵심 장비 분야에서 독보적인 기술력을 보유하고 있어 수혜가 기대됩니다."", ""최근 실적 개선 및 신규 수주 소식이 긍정적인 모멘텀으로 작용할 가능성이 높습니다.""]",25.143513203214695
042700,한미반도체,2023-02-01,87100,Buy,75,"[""AI 반도체 시장 성장에 따른 HBM(고대역폭 메모리) 관련 장비 수요 증가가 예상됩니다."", ""최근 실적 개선 및 신규 수주 모멘텀이 긍정적으로 작용할 가능성이 높습니다."", ""경쟁사 대비 기술력 우위와 시장 점유율 확대 가능성이 투자 심리를 지지하고 있습니다.""]",25.143513203214695
042700,한미반도체,2023-03-02,87100,Buy,75,"[""AI 반도체 시장의 성장과 함께 HBM(고대역폭 메모리) 관련 장비 수요 증가가 예상됩니다."", ""최근 실적 개선 및 신규 수주 모멘텀이 긍정적으로 작용하고 있습니다."", ""글로벌 반도체 업황 회복 기대감 속에서 기술력을 갖춘 한미반도체의 경쟁력이 부각될 가능성이 높습니다.""]",25.143513203214695
042700,한미반도체,2023-04-03,87100,Buy,75,"[""AI 반도체 시장의 성장과 함께 HBM(고대역폭 메모리) 관련 장비 수요 증가가 예상됩니다."", ""한미반도체는 HBM 생산에 필수적인 TC 본더 등 핵심 장비 분야에서 독보적인 기술력을 보유하고 있습니다."", ""최근 실적 개선 및 신규 수주 가능성에 대한 긍정적인 전망이 나오고 있습니다.""]",25.143513203214695
042700,한미반도체,2023-05-02,87100,Buy,75,"[""AI 반도체 시장의 성장과 함께 HBM(고대역폭 메모리) 관련 장비 수요 증가가 예상됩니다."", ""최근 실적 개선 및 신규 수주 모멘텀이 긍정적으로 작용할 가능성이 높습니다."", ""기술적 분석상 주요 지지선을 회복하며 상승 추세 전환 가능성을 시사하고 있습니다.""]",25.143513203214695
042700,한미반도체,2023-06-01,87100,Buy,75,"[""AI 반도체 시장의 성장세와 함께 HBM(고대역폭 메모리) 관련 수혜주로 부각되며 긍정적인 전망이 이어지고 있습니다."", ""최근 주가 상승 추세가 견조하며, 기술적 분석상 추가 상승 여력이 관찰됩니다."", ""반도체 업황 회복에 대한 기대감이 높아지면서 관련 기업들의 실적 개선 가능성이 점쳐지고 있습니다.""]",25.143513203214695
042700,한미반도체,2023-08-01,87100,Buy,75,"[""HBM(고대역폭 메모리) 관련주로서 AI 시장 성장에 따른 수혜가 지속될 것으로 예상됩니다."", ""최근 실적 개선 및 신규 수주 모멘텀이 긍정적인 신호를 보내고 있습니다."", ""기술적 분석상 단기 지지선을 확보하며 상승 추세를 이어갈 가능성이 높습니다.""]",25.143513203214695
042700,한미반도체,2023-09-01,87100,Buy,75,"[""AI 반도체 시장의 성장과 함께 HBM(고대역폭 메모리) 관련 수혜가 지속될 것으로 예상됩니다."", ""최근 실적 개선 및 신규 수주 가능성이 높아지면서 주가 상승 동력이 유지될 것으로 보입니다."", ""기술적 분석상 단기 지지선을 확보하고 상승 추세를 이어갈 가능성이 높습니다.""]",25.143513203214695
042700,한미반도체,2023-10-04,87100,Buy,75,"[""AI 반도체 시장의 성장과 함께 HBM(고대역폭 메모리) 관련 장비 수요 증가가 예상됩니다."", ""최근 실적 개선 및 신규 수주 소식이 주가 상승 모멘텀으로 작용할 가능성이 높습니다."", ""기술적 분석상 단기 이동평균선들이 정배열을 이루며 상승 추세를 지지하고 있습니다.""]",25.143513203214695
042700,한미반도체,2023-11-01,87100,Buy,75,"[""AI 반도체 시장의 성장과 함께 HBM(고대역폭 메모리) 관련 장비 수요 증가가 예상됩니다."", ""최근 실적 개선 및 신규 수주 모멘텀이 긍정적으로 작용하고 있습니다."", ""반도체 업황 회복에 대한 기대감이 주가 상승 요인으로 작용할 수 있습니다.""]",25.143513203214695
042700,한미반도체,2023-12-01,87100,Buy,75,"[""AI 반도체 시장의 성장과 함께 HBM(고대역폭 메모리) 관련 수혜가 지속될 것으로 예상됩니다."", ""최근 실적 개선 및 신규 수주 가능성이 주가 상승 모멘텀으로 작용할 수 있습니다."", ""반도체 업황 회복에 대한 기대감이 투자 심리를 긍정적으로 이끌고 있습니다.""]",25.143513203214695
042700,한미반도체,2024-01-02,87100,Buy,85,"[""AI 반도체 시장의 성장과 함께 HBM(고대역폭 메모리) 관련 장비 수요가 지속적으로 증가할 것으로 예상됩니다."", ""한미반도체는 HBM 제조에 필수적인 TC 본더 등 핵심 장비 분야에서 독보적인 기술력과 시장 점유율을 확보하고 있습니다."", ""최근 실적 개선 및 신규 수주 모멘텀이 강하게 나타나고 있으며, 이는 향후 20거래일 동안 주가 상승을 견인할 가능성이 높습니다.""]",25.143513203214695
042700,한미반도체,2024-02-01,87100,Buy,75,"[""AI 반도체 시장 성장에 따른 HBM 관련 수혜 기대감이 지속되고 있습니다."", ""최근 20거래일 동안 외국인 및 기관의 순매수세가 유입되며 주가 상승 모멘텀을 형성하고 있습니다."", ""동사의 기술력과 경쟁력을 바탕으로 향후 실적 개선에 대한 긍정적인 전망이 우세합니다.""]",25.143513203214695
042700,한미반도체,2024-03-04,87100,Buy,75,"[""AI 반도체 시장의 성장과 함께 HBM(고대역폭 메모리) 관련 수혜가 지속될 것으로 예상됩니다."", ""최근 실적 개선 및 신규 수주 증가 가능성이 주가 상승 모멘텀으로 작용할 수 있습니다."", ""경쟁사 대비 기술력 우위 및 글로벌 고객사 확대 추세가 긍정적인 영향을 미칠 것으로 보입니다.""]",25.143513203214695
042700,한미반도체,2024-04-01,87100,Buy,75,"[""AI 반도체 시장의 성장과 함께 HBM(고대역폭 메모리) 관련 장비 수요 증가가 예상됩니다."", ""최근 실적 개선 및 신규 수주 가능성이 주가 상승 모멘텀으로 작용할 수 있습니다."", ""글로벌 반도체 업황 회복 기대감과 기술 경쟁력 확보가 긍정적인 영향을 줄 것으로 보입니다.""]",25.143513203214695
042700,한미반도체,2024-05-02,87100,Buy,75,"[""AI 반도체 시장의 성장과 함께 HBM(고대역폭 메모리) 관련 장비 수요 증가가 예상됩니다."", ""최근 실적 개선 및 신규 수주 모멘텀이 긍정적인 영향을 미칠 것으로 보입니다."", ""글로벌 반도체 업황 회복 기대감과 함께 투자 심리가 개선될 가능성이 높습니다.""]",25.143513203214695
042700,한미반도체,2024-06-03,87100,Buy,85,"[""AI 반도체 시장의 성장과 함께 HBM(고대역폭 메모리) 관련 장비 수요 증가가 예상됩니다."", ""최근 실적 개선 및 신규 수주 모멘텀이 긍정적으로 작용하고 있습니다."", ""글로벌 반도체 업황 회복에 대한 기대감이 주가 상승을 뒷받침할 가능성이 높습니다.""]",25.143513203214695
042700,한미반도체,2024-07-01,87100,Buy,75,"[""AI 반도체 시장의 성장과 함께 HBM(고대역폭 메모리) 관련 수혜가 지속될 것으로 예상됩니다."", ""최근 20거래일 동안 꾸준한 상승세를 보이며 기술적 지표 또한 긍정적인 신호를 보내고 있습니다."", ""글로벌 반도체 업황 회복 기대감과 함께 주요 고객사들의 투자 확대 움직임이 긍정적인 영향을 줄 수 있습니다.""]",25.143513203214695
042700,한미반도체,2024-08-01,87100,Buy,75,"[""AI 반도체 시장의 성장과 함께 HBM(고대역폭 메모리) 관련 수혜가 지속될 것으로 예상됩니다."", ""최근 실적 개선 및 신규 수주 가능성이 주가 상승 모멘텀으로 작용할 수 있습니다."", ""반도체 업황 회복에 대한 기대감이 높아지면서 관련 장비주인 한미반도체에 대한 투자 심리가 긍정적입니다.""]",25.143513203214695
042700,한미반도체,2024-09-02,87100,Buy,75,"[""AI 반도체 시장의 성장과 함께 HBM(고대역폭 메모리) 관련 장비 수요 증가가 예상됩니다."", ""최근 한미반도체는 SK하이닉스와의 HBM 생산용 TC 본더 공급 계약을 체결하며 실적 개선 기대감을 높였습니다."", ""반도체 업황 회복에 대한 긍정적인 전망과 함께 관련 기술력을 보유한 기업에 대한 투자 심리가 개선될 가능성이 있습니다.""]",25.143513203214695
042700,한미반도체,2024-10-02,87100,Buy,75,"[""AI 반도체 시장의 성장과 함께 HBM(고대역폭 메모리) 관련 수혜가 지속될 것으로 예상됩니다."", ""최근 실적 개선 및 신규 수주 가능성이 높아지면서 주가 상승 동력이 유지될 것으로 보입니다."", ""기술적 분석상 단기 저항선을 돌파하며 상승 추세가 강화되는 모습을 보이고 있습니다.""]",25.143513203214695
042700,한미반도체,2024-11-01,87100,Buy,75,"[""AI 반도체 시장의 성장과 함께 HBM(고대역폭 메모리) 관련 수혜가 지속될 것으로 예상됩니다."", ""최근 20거래일 동안 외국인 및 기관 투자자들의 순매수세가 꾸준히 유입되고 있습니다."", ""기술적 분석상 주가 상승 추세가 유지되고 있으며, 단기 지지선을 확보한 모습입니다.""]",25.143513203214695
042700,한미반도체,2024-12-02,87100,Buy,75,"[""AI 반도체 시장의 성장과 함께 HBM(고대역폭 메모리) 관련 장비 수요 증가가 예상됩니다."", ""최근 한미반도체는 SK하이닉스와의 HBM 생산용 TC 본더 공급 계약을 통해 실적 개선 기대감을 높였습니다."", ""반도체 업황 회복에 대한 기대감과 더불어 기술적 분석상으로도 상승 추세가 유지되고 있습니다.""]",25.143513203214695
042700,한미반도체,2025-01-02,93300,Buy,75,"[""AI 반도체 시장의 성장과 함께 HBM(고대역폭 메모리) 관련 장비 수요 증가가 예상됩니다."", ""한미반도체는 HBM 생산에 필수적인 TC 본더 등 핵심 장비 분야에서 독보적인 기술력을 보유하고 있습니다."", ""최근 실적 개선 및 신규 수주 증가 가능성이 높아지면서 주가 상승 모멘텀이 강화될 것으로 보입니다.""]",16.077170418006432
042700,한미반도체,2025-02-03,106100,Buy,75,"[""AI 반도체 시장의 성장과 함께 HBM(고대역폭 메모리) 관련 장비 수요 증가가 예상됩니다."", ""최근 실적 개선 및 신규 수주 모멘텀이 긍정적인 영향을 미치고 있습니다."", ""기술적 분석상 단기 지지선을 확보하며 상승 추세를 이어갈 가능성이 높습니다.""]",-14.231856738925542
042700,한미반도체,2025-03-04,91000,Buy,75,"[""AI 반도체 시장의 성장과 함께 HBM(고대역폭 메모리) 관련 수혜가 지속될 것으로 예상됩니다."", ""최근 실적 개선 및 신규 수주 기대감이 주가 상승 모멘텀으로 작용할 가능성이 높습니다."", ""기술적 분석상 단기 하락 후 반등 가능성이 있으며, 주요 지지선을 확보한 모습입니다.""]",-26.373626373626376
042700,한미반도체,2025-04-01,67000,Buy,75,"[""AI 반도체 시장의 성장과 함께 HBM(고대역폭 메모리) 관련 장비 수요 증가가 예상됩니다."", ""최근 실적 개선 및 신규 수주 가능성이 높아지면서 주가 상승 모멘텀이 강화되고 있습니다."", ""경쟁사 대비 기술력 우위를 바탕으로 시장 지배력을 확대할 것으로 전망됩니다.""]",13.582089552238804
042700,한미반도체,2025-05-02,77700,Buy,75,"[""AI 반도체 시장의 성장과 함께 HBM(고대역폭 메모리) 관련 장비 수요 증가가 예상됩니다."", ""최근 실적 개선 및 신규 수주 모멘텀이 긍정적인 영향을 미칠 것으로 보입니다."", ""반도체 업종 전반의 긍정적인 투자 심리와 기술적 분석상 지지선에서의 반등 가능성이 있습니다.""]",6.435006435006435
042700,한미반도체,2025-06-02,82800,Buy,75,"[""AI 반도체 시장의 지속적인 성장 전망과 함께 HBM(고대역폭 메모리) 관련 장비 수요 증가가 예상됩니다."", ""최근 한미반도체는 SK하이닉스와의 HBM 생산용 TC 본더 공급 계약을 체결하며 실적 개선에 대한 기대감을 높였습니다."", ""반도체 업황 회복에 대한 기대감과 더불어 기술적 분석상으로도 상승 추세가 유지되고 있습니다.""]",15.096618357487923
042700,한미반도체,2025-08-01,86800,Buy,75,"[""AI 반도체 시장의 성장 기대감으로 인한 HBM 관련주들의 강세가 지속될 가능성이 높습니다."", ""최근 한미반도체는 SK하이닉스와의 HBM 생산 설비 공급 계약 등 긍정적인 수주 소식이 이어지고 있습니다."", ""기술적 분석상으로도 현재 주가는 주요 이동평균선 위에 위치하며 상승 추세를 유지하고 있습니다.""]",-4.493087557603687
042700,한미반도체,2025-10-01,100600,Buy,75,"[""AI 반도체 시장의 성장과 함께 HBM(고대역폭 메모리) 관련주인 한미반도체에 대한 긍정적인 전망이 지속되고 있습니다."", ""최근 실적 개선 및 신규 수주 기대감은 주가 상승 모멘텀으로 작용할 가능성이 높습니다."", ""기술적 분석상으로도 주요 지지선을 확보하며 상승 추세를 이어갈 여력이 남아있다고 판단됩니다.""]",28.230616302186878
042700,한미반도체,2025-11-03,139700,Buy,75,"[""AI 반도체 시장의 성장과 함께 HBM(고대역폭 메모리) 관련 장비 수요 증가가 예상됩니다."", ""최근 주가 상승 추세가 강하며, 기술적 지표 또한 긍정적인 신호를 보내고 있습니다."", ""글로벌 반도체 업황 회복 기대감과 더불어 한미반도체의 경쟁력 있는 기술력이 주가 상승을 견인할 것으로 보입니다.""]",-13.743736578382249
042700,한미반도체,2025-12-01,120500,Buy,75,"[""AI 반도체 시장의 성장과 함께 HBM(고대역폭 메모리) 관련 수혜가 지속될 것으로 예상됩니다."", ""최근 실적 개선 및 신규 수주 모멘텀이 긍정적인 영향을 미칠 가능성이 높습니다."", ""기술적 분석상 단기 지지선을 확보하고 상승 추세를 이어갈 가능성이 관찰됩니다.""]",19.91701244813278
207940,삼성바이오로직스,2023-01-02,1374609,Buy,75,"[""삼성바이오로직스는 글로벌 CDMO(위탁개발생산) 시장에서 독보적인 경쟁력을 바탕으로 꾸준한 수주 증가세를 보이고 있습니다."", ""최근 발표된 3분기 실적은 시장 기대치를 상회하며 견조한 성장세를 재확인시켜 주었습니다."", ""미국 바이오젠과의 삼성바이오에피스 콜옵션 행사 관련 불확실성이 해소되면서 투자 심리가 긍정적으로 작용할 가능성이 높습니다.""]",16.166997306143056
207940,삼성바이오로직스,2023-02-01,1374609,Buy,75,"[""삼성바이오로직스는 글로벌 CDMO(위탁개발생산) 시장에서 독보적인 경쟁력을 바탕으로 꾸준한 실적 성장이 기대됩니다."", ""최근 발표된 신규 위탁 생산 계약 및 파이프라인 확장 소식은 향후 매출 증대에 긍정적인 영향을 미칠 것으로 예상됩니다."", ""바이오 의약품 시장의 성장세와 더불어 삼성바이오로직스의 생산 능력 확대는 시장 점유율 상승으로 이어질 가능성이 높습니다.""]",16.166997306143056
207940,삼성바이오로직스,2023-03-02,1374609,Buy,75,"[""삼성바이오로직스는 최근 2분기 실적 발표에서 시장 기대치를 상회하는 견조한 실적을 기록하며 긍정적인 모멘텀을 확보했습니다."", ""글로벌 CDMO(위탁개발생산) 시장의 지속적인 성장 전망과 삼성바이오로직스의 높은 생산 능력 및 기술력은 향후 실적 성장에 대한 기대를 높입니다."", ""최근 바이오 섹터 전반의 투자 심리가 회복되는 추세이며, 삼성바이오로직스는 대형주로서 이러한 흐름에 동참할 가능성이 높습니다.""]",16.166997306143056
207940,삼성바이오로직스,2023-04-03,1374609,Buy,75,"[""삼성바이오로직스는 글로벌 CDMO(위탁개발생산) 시장의 선두주자로서 견조한 성장세를 이어갈 것으로 예상됩니다."", ""최근 발표된 3분기 실적은 시장 기대치를 상회했으며, 이는 향후 실적 개선에 대한 긍정적인 신호로 작용할 수 있습니다."", ""신규 공장 증설 및 기술 개발 투자 확대는 장기적인 성장 동력을 확보하고 경쟁 우위를 강화할 것으로 보입니다.""]",16.166997306143056
207940,삼성바이오로직스,2023-05-02,1374609,Buy,75,"[""삼성바이오로직스는 글로벌 CDMO(위탁개발생산) 시장의 선두 주자로서 꾸준한 실적 성장이 예상됩니다."", ""최근 발표된 신규 위탁 생산 계약 및 파이프라인 확장 소식은 향후 매출 증대에 긍정적인 영향을 미칠 것으로 보입니다."", ""바이오 의약품 시장의 지속적인 성장 전망과 더불어, 회사의 기술력 및 생산 능력은 경쟁 우위를 확보하고 있습니다.""]",16.166997306143056
207940,삼성바이오로직스,2023-08-01,1374609,Buy,75,"[""삼성바이오로직스는 글로벌 CDMO(위탁개발생산) 시장에서 독보적인 경쟁력을 바탕으로 꾸준한 실적 성장이 기대됩니다."", ""최근 발표된 3분기 실적은 시장 예상치를 상회했으며, 이는 향후 실적 개선에 대한 긍정적인 신호로 해석됩니다."", ""바이오 의약품 위탁 생산 수요는 장기적으로 증가할 것으로 예상되며, 삼성바이오로직스는 이러한 수요 증가의 최대 수혜주 중 하나입니다.""]",16.166997306143056
207940,삼성바이오로직스,2023-09-01,1374609,Buy,75,"[""삼성바이오로직스는 글로벌 CDMO(위탁개발생산) 시장의 선두주자로서 꾸준한 실적 성장이 예상됩니다."", ""최근 발표된 신규 위탁 생산 계약 및 파이프라인 확장 소식은 향후 매출 증대에 긍정적인 영향을 미칠 것으로 보입니다."", ""바이오 의약품 시장의 성장세와 더불어 삼성바이오로직스의 기술력 및 생산 능력은 경쟁 우위를 확보하고 있어 시장 대비 강세를 보일 가능성이 높습니다.""]",16.166997306143056
207940,삼성바이오로직스,2023-11-01,1374609,Buy,75,"[""삼성바이오로직스는 글로벌 CDMO(위탁개발생산) 시장에서 확고한 경쟁 우위를 가지고 있으며, 지속적인 생산 능력 증설 및 신규 파이프라인 확보를 통해 성장 모멘텀을 유지하고 있습니다."", ""최근 발표된 3분기 실적은 시장 예상치를 상회하는 호조를 보였으며, 이는 견조한 수주와 생산량 증가에 기인합니다."", ""글로벌 제약사들의 바이오 의약품 위탁 생산 수요는 꾸준히 증가할 것으로 예상되며, 삼성바이오로직스는 이러한 수요 증가의 수혜를 받을 가능성이 높습니다.""]",16.166997306143056
207940,삼성바이오로직스,2023-12-01,1374609,Buy,75,"[""삼성바이오로직스는 글로벌 CDMO(위탁개발생산) 시장의 선두주자로서 지속적인 수주 증가와 생산 능력 확대를 통해 성장세를 이어갈 것으로 전망됩니다."", ""최근 발표된 3분기 실적은 시장의 예상치를 상회하며 견조한 수익성을 입증했으며, 이는 향후 실적 개선에 대한 기대감을 높입니다."", ""신규 바이오의약품 위탁 생산 계약 체결 및 파이프라인 확장 가능성은 주가 상승 모멘텀으로 작용할 수 있습니다.""]",16.166997306143056
207940,삼성바이오로직스,2024-01-02,1374609,Buy,75,"[""삼성바이오로직스는 글로벌 CDMO(위탁개발생산) 시장의 선두주자로서 꾸준한 실적 성장이 예상됩니다."", ""최근 발표된 신규 계약 및 생산 능력 증설 계획은 향후 매출 증대에 긍정적인 영향을 미칠 것으로 보입니다."", ""바이오 의약품 시장의 성장세와 더불어 삼성바이오로직스의 기술력 및 생산 역량은 시장 대비 우수한 성과를 기대하게 합니다.""]",16.166997306143056
207940,삼성바이오로직스,2024-02-01,1374609,Buy,75,"[""삼성바이오로직스는 글로벌 CDMO(위탁개발생산) 시장의 선두주자로서 지속적인 성장 모멘텀을 보유하고 있습니다."", ""최근 발표된 3분기 실적 호조와 신규 계약 체결 소식은 향후 실적 개선에 대한 기대감을 높이고 있습니다."", ""바이오 의약품 위탁 생산 수요는 꾸준히 증가할 것으로 예상되며, 이는 삼성바이오로직스의 장기적인 성장 전망을 뒷받침합니다.""]",16.166997306143056
207940,삼성바이오로직스,2024-03-04,1374609,Buy,75,"[""삼성바이오로직스는 글로벌 CDMO(위탁개발생산) 시장의 선두주자로서 꾸준한 수주 증가와 생산 능력 확대를 통해 실적 성장이 지속될 것으로 예상됩니다."", ""최근 발표된 3분기 실적은 시장 기대치를 상회했으며, 이는 향후 실적 개선에 대한 긍정적인 신호로 작용할 수 있습니다."", ""바이오 의약품 위탁 생산 시장의 성장 잠재력이 높고, 삼성바이오로직스는 이러한 시장 성장의 수혜를 받을 수 있는 독보적인 경쟁력을 보유하고 있습니다.""]",16.166997306143056
207940,삼성바이오로직스,2024-04-01,1374609,Buy,75,"[""삼성바이오로직스는 글로벌 CDMO(위탁개발생산) 시장의 선두 주자로서 지속적인 수주 증가와 생산 능력 확대를 통해 견조한 성장세를 이어갈 것으로 예상됩니다."", ""최근 발표된 3분기 실적은 시장 기대치를 상회했으며, 이는 향후 실적 개선에 대한 긍정적인 신호로 작용할 수 있습니다."", ""바이오 의약품 시장의 전반적인 성장 추세와 더불어, 삼성바이오로직스의 기술력 및 파이프라인 경쟁력은 단기적인 시장 변동성에도 불구하고 주가 상승 동력으로 작용할 가능성이 높습니다.""]",16.166997306143056
207940,삼성바이오로직스,2024-05-02,1374609,Buy,75,"[""삼성바이오로직스는 글로벌 CDMO(위탁개발생산) 시장에서 독보적인 경쟁력을 바탕으로 꾸준한 실적 성장이 기대됩니다."", ""최근 발표된 신규 계약 및 파이프라인 확장 소식은 향후 매출 증대에 긍정적인 영향을 미칠 것으로 예상됩니다."", ""바이오 의약품 시장의 성장세와 더불어 삼성바이오로직스의 생산 능력 확대는 장기적인 상승 모멘텀을 제공할 가능성이 높습니다.""]",16.166997306143056
207940,삼성바이오로직스,2024-06-03,1374609,Buy,75,"[""삼성바이오로직스는 글로벌 CDMO(위탁개발생산) 시장의 선두 주자로서 꾸준한 수주 증가와 생산 능력 확대를 통해 성장세를 이어갈 것으로 예상됩니다."", ""최근 발표된 2분기 실적은 시장 기대치를 상회했으며, 이는 하반기에도 긍정적인 실적 모멘텀을 유지할 가능성을 시사합니다."", ""신규 CMO 시설 증설 및 파이프라인 강화 등 미래 성장 동력 확보를 위한 노력이 지속되고 있어 장기적인 관점에서도 긍정적인 전망을 유지합니다.""]",16.166997306143056
207940,삼성바이오로직스,2024-07-01,1374609,Buy,75,"[""삼성바이오로직스는 글로벌 CDMO(위탁개발생산) 시장의 선두 주자로서 꾸준한 실적 성장이 예상됩니다."", ""최근 발표된 신규 위탁 생산 계약 및 파이프라인 확대 소식은 향후 매출 증대에 긍정적인 영향을 미칠 것으로 보입니다."", ""바이오 의약품 시장의 지속적인 성장 추세와 더불어, 삼성바이오로직스의 기술력 및 생산 능력은 경쟁 우위를 확보하고 있어 시장 대비 강한 상승세를 기대할 수 있습니다.""]",16.166997306143056
207940,삼성바이오로직스,2024-08-01,1374609,Buy,75,"[""삼성바이오로직스는 글로벌 CDMO(위탁개발생산) 시장의 선두 주자로서 지속적인 성장 잠재력을 가지고 있습니다."", ""최근 발표된 3분기 실적은 예상치를 상회하며 견조한 성장세를 보여주었습니다."", ""신규 생산 시설 증설 및 파이프라인 확대를 통해 향후 매출 증대가 기대됩니다.""]",16.166997306143056
207940,삼성바이오로직스,2024-09-02,1374609,Buy,75,"[""삼성바이오로직스는 글로벌 CDMO(위탁개발생산) 시장의 선두 주자로서 꾸준한 수주 증가와 생산 능력 확대를 통해 성장세를 이어갈 것으로 예상됩니다."", ""최근 발표된 3분기 실적은 시장 기대치를 상회하며 견조한 펀더멘털을 입증했으며, 이는 주가 상승의 동력이 될 수 있습니다."", ""바이오 의약품 시장의 지속적인 성장 전망과 더불어 삼성바이오로직스의 기술력 및 생산 효율성은 경쟁 우위를 확보하게 하여 향후 20거래일 동안 시장 대비 강세를 보일 가능성이 높습니다.""]",16.166997306143056
207940,삼성바이오로직스,2024-10-02,1374609,Buy,75,"[""삼성바이오로직스는 글로벌 CDMO(위탁개발생산) 시장의 선두 주자로서 지속적인 성장 잠재력을 가지고 있습니다."", ""최근 발표된 3분기 실적은 시장 기대치를 상회하며 견조한 성장세를 보여주었습니다."", ""신규 생산 시설 증설 및 파이프라인 확대를 통해 향후 실적 개선에 대한 기대감이 높습니다.""]",16.166997306143056
207940,삼성바이오로직스,2024-11-01,1374609,Buy,75,"[""삼성바이오로직스는 글로벌 CDMO(위탁개발생산) 시장의 선두주자로서 꾸준한 수주 증가와 생산 능력 확대를 통해 실적 성장이 기대됩니다."", ""최근 미국 식품의약국(FDA)으로부터의 긍정적인 승인 소식 및 파이프라인 강화는 향후 매출 증대에 긍정적인 영향을 미칠 것으로 예상됩니다."", ""바이오 의약품 시장의 지속적인 성장 추세와 더불어 삼성바이오로직스의 기술력 및 생산 경쟁력은 투자 매력도를 높이는 요인입니다.""]",16.166997306143056
207940,삼성바이오로직스,2024-12-02,1374609,Buy,75,"[""삼성바이오로직스는 글로벌 CDMO(위탁개발생산) 시장의 선두 주자로서 꾸준한 수주 증가와 생산 능력 확대를 통해 성장세를 이어갈 것으로 예상됩니다."", ""최근 발표된 3분기 실적은 예상치를 상회하는 호조를 보였으며, 이는 향후 실적 개선에 대한 긍정적인 신호로 작용할 수 있습니다."", ""바이오 의약품 위탁 생산에 대한 글로벌 수요는 지속적으로 증가하고 있으며, 삼성바이오로직스는 이러한 수요를 충족시킬 수 있는 경쟁력을 갖추고 있습니다.""]",16.166997306143056
207940,삼성바이오로직스,2025-01-02,1383439,Buy,75,"[""삼성바이오로직스는 최근 CDMO(위탁개발생산) 사업의 견조한 성장세를 바탕으로 실적 개선이 기대됩니다."", ""글로벌 바이오 의약품 시장의 꾸준한 성장과 더불어, 회사의 생산 능력 확대 및 신규 파이프라인 확보 노력이 긍정적인 영향을 미칠 것으로 보입니다."", ""최근 주가 조정은 단기적인 노이즈로 해석될 수 있으며, 장기적인 성장 잠재력을 고려할 때 매수 관점에서 접근하는 것이 유효하다고 판단됩니다.""]",15.851078363411759
207940,삼성바이오로직스,2025-02-03,1577710,Buy,75,"[""삼성바이오로직스는 글로벌 CDMO(위탁개발생산) 시장의 선두 주자로서 꾸준한 실적 성장이 기대됩니다."", ""최근 발표된 신규 계약 및 파이프라인 확장 소식은 향후 매출 증대에 긍정적인 영향을 미칠 것으로 보입니다."", ""바이오 의약품 시장의 지속적인 성장 전망과 더불어, 회사의 기술력 및 생산 능력은 경쟁 우위를 확보하고 있습니다.""]",6.623080287251776
207940,삼성바이오로직스,2025-03-04,1682203,Buy,75,"[""삼성바이오로직스는 글로벌 CDMO(위탁개발생산) 시장의 선두 주자로서 지속적인 실적 성장세를 보이고 있습니다."", ""최근 발표된 3분기 실적은 시장 기대치를 상회했으며, 이는 향후 실적 개선에 대한 긍정적인 신호입니다."", ""신규 생산 시설 증설 및 파이프라인 확대를 통해 장기적인 성장 동력을 확보하고 있어 단기적인 시장 대비 상승 가능성이 높다고 판단됩니다.""]",-8.136473422054294
207940,삼성바이오로직스,2025-04-01,1545331,Buy,75,"[""삼성바이오로직스는 글로벌 CDMO(위탁개발생산) 시장의 선두주자로서 꾸준한 실적 성장이 예상됩니다."", ""최근 발표된 긍정적인 임상 결과 및 신규 파이프라인 확보 소식은 주가 상승 모멘텀으로 작용할 가능성이 높습니다."", ""글로벌 제약사들과의 파트너십 확대 및 생산 능력 증설 계획은 장기적인 성장 전망을 더욱 밝게 합니다.""]",0.1905093471884017
207940,삼성바이오로직스,2025-05-02,1532085,Buy,75,"[""삼성바이오로직스는 글로벌 CDMO(위탁개발생산) 시장의 선두주자로서 꾸준한 수주 증가와 생산 능력 확대로 실적 성장이 지속될 것으로 예상됩니다."", ""최근 바이오 의약품 위탁 생산에 대한 수요가 전반적으로 강세를 보이고 있으며, 특히 삼성바이오로직스는 높은 품질과 기술력을 바탕으로 경쟁 우위를 확보하고 있습니다."", ""신규 공장 증설 및 기술 개발 투자가 가시적인 성과로 이어질 가능성이 높아 향후 20거래일 동안 시장 대비 긍정적인 주가 흐름을 보일 것으로 판단됩니다.""]",-2.1133292212899413
207940,삼성바이오로직스,2025-06-02,1521783,Buy,75,"[""삼성바이오로직스는 글로벌 CDMO(위탁개발생산) 시장의 선두주자로서 지속적인 성장 잠재력을 가지고 있습니다."", ""최근 발표된 신규 위탁 생산 계약 및 파이프라인 확장 소식은 향후 실적 개선에 대한 기대를 높이고 있습니다."", ""바이오 의약품 시장의 꾸준한 성장세와 삼성바이오로직스의 기술력 및 생산 능력은 시장 대비 우수한 성과를 이끌어낼 것으로 예상됩니다.""]",0.9671549754465649
207940,삼성바이오로직스,2025-07-01,1484990,Buy,75,"[""삼성바이오로직스는 글로벌 CDMO 시장의 선두 주자로서 꾸준한 수주 증가와 생산 능력 확대를 통해 실적 성장이 지속될 것으로 예상됩니다."", ""최근 발표된 신규 위탁 생산 계약 및 파이프라인 확장 소식은 향후 매출 증대에 긍정적인 영향을 미칠 것으로 보입니다."", ""바이오 의약품 시장의 전반적인 성장세와 더불어 삼성바이오로직스의 기술력 및 생산 효율성은 경쟁 우위를 확보하는 데 기여할 것입니다.""]",8.820598118505849
207940,삼성바이오로직스,2025-08-01,1542388,Buy,75,"[""삼성바이오로직스는 글로벌 CDMO(위탁개발생산) 시장의 선두주자로서 꾸준한 실적 성장이 예상됩니다."", ""최근 발표된 신규 위탁 생산 계약 및 파이프라인 확장 소식은 향후 매출 증대에 긍정적인 영향을 미칠 것으로 보입니다."", ""바이오 의약품 시장의 지속적인 성장 추세와 더불어, 삼성바이오로직스의 기술력 및 생산 능력은 경쟁 우위를 유지할 것으로 판단됩니다.""]",-4.866414935800849
207940,삼성바이오로직스,2025-09-01,1467329,Buy,75,"[""삼성바이오로직스는 최근 CDMO(위탁개발생산) 사업의 견조한 성장세와 신규 공장 증설 계획 발표로 긍정적인 모멘텀을 유지하고 있습니다."", ""글로벌 바이오 의약품 시장의 지속적인 성장은 삼성바이오로직스의 수주 증가로 이어질 가능성이 높습니다."", ""최근 주가 조정은 단기적인 수급 요인으로 판단되며, 장기적인 성장 전망을 고려할 때 매수 기회로 작용할 수 있습니다.""]",0.0
207940,삼성바이오로직스,2025-10-01,1484990,Buy,75,"[""삼성바이오로직스는 글로벌 CDMO 시장에서 강력한 경쟁 우위를 유지하고 있으며, 신규 생산 시설 증설 및 파이프라인 확대를 통해 지속적인 성장 모멘텀을 확보하고 있습니다."", ""최근 발표된 주요 위탁 생산 계약 및 파트너십은 향후 실적 개선에 대한 기대감을 높이고 있으며, 이는 주가 상승 요인으로 작용할 수 있습니다."", ""바이오 의약품 시장의 전반적인 성장 추세와 더불어, 삼성바이오로직스의 기술력 및 생산 능력은 시장의 수요를 충족시키며 안정적인 실적을 견인할 것으로 예상됩니다.""]",21.01091589842356
207940,삼성바이오로직스,2025-11-03,1797000,Buy,75,"[""삼성바이오로직스는 글로벌 CDMO(위탁개발생산) 시장의 선두주자로서 꾸준한 실적 성장이 예상됩니다."", ""최근 발표된 신규 계약 및 생산 능력 증설 계획은 향후 매출 증대에 긍정적인 영향을 미칠 것으로 보입니다."", ""바이오 의약품 시장의 지속적인 성장 추세와 삼성바이오로직스의 기술 경쟁력은 주가 상승 여력을 뒷받침합니다.""]",-7.957707289927657
207940,삼성바이오로직스,2025-12-01,1654000,Buy,75,"[""삼성바이오로직스는 글로벌 CDMO(위탁개발생산) 시장의 선두 주자로서 지속적인 수주 증가와 생산 능력 확대를 통해 성장세를 이어갈 것으로 예상됩니다."", ""최근 발표된 3분기 실적은 시장 기대치를 상회했으며, 이는 견고한 펀더멘털을 뒷받침합니다."", ""신규 파이프라인 개발 및 기술 혁신에 대한 투자 확대는 장기적인 성장 동력을 확보하고 있으며, 이는 단기적인 시장 심리에도 긍정적인 영향을 미칠 수 있습니다.""]",1.7533252720677146
068270,셀트리온,2023-01-02,173667,Neutral,55,"[""셀트리온은 최근 20거래일 동안 시장 대비 약보합세를 보이며 뚜렷한 방향성을 나타내지 않고 있습니다."", ""바이오시밀러 시장 경쟁 심화 및 신약 개발 파이프라인의 가시성 부족은 단기적인 상승 모멘텀을 제한할 수 있습니다."", ""하지만 하반기 주요 바이오시밀러 출시 및 임상 결과 발표 등 잠재적인 상승 요인도 존재하여 하락보다는 보합세를 유지할 가능성이 높습니다.""]",-1.109594799242228
068270,셀트리온,2023-02-01,173667,Neutral,55,"[""셀트리온은 최근 20거래일 동안 시장 대비 약보합세를 보이며 뚜렷한 방향성을 나타내지 않고 있습니다."", ""바이오시밀러 시장의 경쟁 심화와 신약 개발의 불확실성이 주가에 부담으로 작용할 수 있습니다."", ""하지만 하반기 신규 바이오시밀러 출시 및 해외 시장 확대 기대감은 하락을 제한하는 요인으로 작용할 수 있습니다.""]",-1.109594799242228
068270,셀트리온,2023-03-02,173667,Neutral,50,"[""셀트리온은 최근 20거래일 동안 시장 대비 큰 변동성을 보이지 않고 횡보하는 추세를 나타내고 있습니다."", ""바이오시밀러 시장 경쟁 심화 및 신약 개발 파이프라인의 불확실성이 투자 심리에 영향을 미칠 수 있습니다."", ""하지만 하반기 주요 바이오시밀러 출시 및 임상 결과 발표 등 긍정적인 모멘텀 발생 가능성도 존재하여 명확한 방향성 판단이 어렵습니다.""]",-1.109594799242228
068270,셀트리온,2023-04-03,173667,Neutral,50,"[""셀트리온은 최근 20거래일 동안 시장 대비 큰 변동성을 보이지 않으며 횡보하는 추세를 나타내고 있습니다."", ""회사의 주요 파이프라인 진행 상황 및 신규 계약 체결 등 긍정적인 모멘텀이 아직 명확하게 부각되지 않고 있습니다."", ""글로벌 경기 불확실성과 바이오 섹터 전반의 투자 심리 위축 가능성 또한 중립적인 투자 의견에 영향을 미칩니다.""]",-1.109594799242228
068270,셀트리온,2023-05-02,173667,Neutral,50,"[""셀트리온은 최근 20거래일 동안 시장 대비 큰 변동성을 보이지 않고 횡보하는 추세를 나타내고 있습니다."", ""바이오시밀러 시장의 경쟁 심화와 신약 개발의 불확실성은 단기적인 상승 동력을 제한할 수 있습니다."", ""하지만 하반기 주요 바이오시밀러 출시 및 임상 결과 발표 등 잠재적인 상승 모멘텀도 존재하여 명확한 방향성 판단이 어렵습니다.""]",-1.109594799242228
068270,셀트리온,2023-06-01,173667,Buy,75,"[""셀트리온은 최근 긍정적인 임상 결과 발표와 함께 바이오시밀러 시장에서의 경쟁 우위를 재확인하고 있습니다."", ""글로벌 경기 침체 우려 속에서도 필수 의약품 수요는 꾸준히 유지될 것으로 예상되어 안정적인 실적 성장이 기대됩니다."", ""기관 및 외국인 투자자들의 매수세가 유입되고 있으며, 이는 향후 주가 상승에 대한 긍정적인 신호로 해석될 수 있습니다.""]",-1.109594799242228
068270,셀트리온,2023-07-03,173667,Neutral,50,"[""셀트리온은 최근 20거래일 동안 시장 대비 큰 변동성을 보이지 않고 횡보하는 추세를 나타내고 있습니다."", ""바이오시밀러 시장의 경쟁 심화와 신약 개발의 불확실성은 단기적인 상승 모멘텀을 제한할 수 있습니다."", ""하지만 하반기 주요 파이프라인의 임상 결과 발표 및 신규 제품 출시 기대감은 하락보다는 현 수준을 유지하거나 완만한 상승 가능성을 열어두고 있습니다.""]",-1.109594799242228
068270,셀트리온,2023-08-01,173667,Neutral,50,"[""셀트리온은 최근 20거래일 동안 시장 대비 큰 변동성을 보이지 않고 횡보하는 추세를 나타내고 있습니다."", ""바이오시밀러 시장의 경쟁 심화와 신약 개발의 불확실성은 단기적인 상승 동력을 제한할 수 있습니다."", ""하지만 하반기 주요 바이오시밀러 출시 및 임상 결과 발표 등 잠재적인 상승 모멘텀 또한 존재하여 명확한 방향성 판단이 어렵습니다.""]",-1.109594799242228
068270,셀트리온,2023-09-01,173667,Neutral,55,"[""셀트리온은 최근 20거래일 동안 시장 대비 약보합세를 보이며 뚜렷한 방향성을 나타내지 않고 있습니다."", ""바이오시밀러 시장 경쟁 심화와 신약 개발 파이프라인의 불확실성이 주가에 부담으로 작용할 수 있습니다."", ""하지만 하반기 주요 바이오시밀러 출시 및 미국 시장 확대 기대감은 하방 경직성을 제공할 수 있어 단기적인 급락보다는 횡보 가능성이 높습니다.""]",-1.109594799242228
068270,셀트리온,2023-10-04,173667,Neutral,50,"[""셀트리온은 최근 20거래일 동안 시장 대비 큰 변동성을 보이지 않았으며, 뚜렷한 상승 또는 하락 추세를 형성하지 못하고 있습니다."", ""바이오시밀러 시장의 경쟁 심화와 신약 개발의 불확실성은 주가에 상방 및 하방 압력을 동시에 가하고 있습니다."", ""향후 20거래일 동안 특별한 모멘텀이 발생하지 않는다면 현재의 박스권 흐름이 이어질 가능성이 높습니다.""]",-1.109594799242228
068270,셀트리온,2023-11-01,173667,Buy,75,"[""셀트리온은 최근 긍정적인 임상 결과 발표와 함께 바이오시밀러 시장에서의 경쟁력 강화가 예상됩니다."", ""글로벌 경기 회복 기대감과 함께 바이오헬스케어 섹터 전반에 대한 투자 심리가 개선될 가능성이 있습니다."", ""기관 투자자들의 매수세가 유입되고 있으며, 이는 단기적인 주가 상승 모멘텀으로 작용할 수 있습니다.""]",-1.109594799242228
068270,셀트리온,2023-12-01,173667,Neutral,50,"[""셀트리온은 최근 20거래일 동안 시장 대비 큰 변동성을 보이지 않고 횡보하는 추세를 나타내고 있습니다."", ""바이오시밀러 시장의 경쟁 심화 및 신약 개발 파이프라인의 성과에 대한 불확실성이 투자 심리에 영향을 미칠 수 있습니다."", ""향후 20거래일 내에 뚜렷한 상승 또는 하락 모멘텀을 유발할 만한 강력한 매크로 경제 지표나 기업 고유의 이벤트가 부재하여 방향성 판단이 어렵습니다.""]",-1.109594799242228
068270,셀트리온,2024-01-02,173667,Neutral,50,"[""셀트리온은 최근 20거래일 동안 시장 대비 변동성이 크지 않은 흐름을 보이고 있습니다."", ""주요 바이오 의약품 파이프라인의 임상 결과 발표나 신규 계약 등 단기적인 모멘텀이 부재한 상황입니다."", ""글로벌 경기 불확실성과 금리 인상 기조가 지속되면서 바이오 섹터 전반에 대한 투자 심리가 위축될 가능성이 있습니다.""]",-1.109594799242228
068270,셀트리온,2024-02-01,173667,Neutral,50,"[""셀트리온은 최근 20일 이동평균선 위에서 횡보하며 방향성 탐색 중입니다."", ""신규 파이프라인 및 임상 결과 발표 등 모멘텀 부재로 단기 상승 동력이 약합니다."", ""글로벌 경기 침체 우려와 금리 인상 가능성은 바이오 섹터 전반에 부담으로 작용할 수 있습니다.""]",-1.109594799242228
068270,셀트리온,2024-03-04,173667,Neutral,55,"[""셀트리온은 최근 20거래일 동안 시장 대비 약보합세를 보이며 뚜렷한 방향성을 나타내지 않고 있습니다."", ""회사의 주요 파이프라인인 램시마SC의 미국 시장 출시 및 판매 성과가 향후 주가에 영향을 미칠 수 있으나, 아직 그 영향이 가시화되지 않은 상태입니다."", ""글로벌 경기 침체 우려와 금리 인상 가능성은 바이오 섹터 전반에 부담으로 작용할 수 있으며, 이는 셀트리온의 상승 모멘텀을 제한할 수 있습니다.""]",-1.109594799242228
068270,셀트리온,2024-04-01,173667,Neutral,50,"[""셀트리온은 최근 20거래일 동안 시장 대비 큰 변동성을 보이지 않으며 횡보하는 추세를 나타내고 있습니다."", ""회사의 주요 파이프라인인 램시마SC의 유럽 시장 확대 및 신규 바이오시밀러 출시 기대감이 있으나, 글로벌 경기 침체 우려와 금리 인상 기조가 주가에 부담으로 작용할 수 있습니다."", ""단기적으로 뚜렷한 상승 또는 하락 모멘텀이 부재하며, 거시 경제 지표 및 경쟁사 동향에 따라 주가 방향성이 결정될 가능성이 높습니다.""]",-1.109594799242228
068270,셀트리온,2024-05-02,173667,Neutral,55,"[""셀트리온은 최근 3분기 실적 발표에서 시장 기대치를 하회하는 매출을 기록하며 주가에 부정적인 영향을 미쳤습니다."", ""하지만 하반기 신제품 출시 및 바이오시밀러 시장 확대 기대감은 여전히 존재하며, 이는 주가 하방 경직성을 제공할 수 있습니다."", ""현재 주가는 단기적인 실적 부진과 장기적인 성장 기대감이 혼재된 구간으로, 20거래일 내 뚜렷한 방향성을 판단하기에는 불확실성이 존재합니다.""]",-1.109594799242228
068270,셀트리온,2024-06-03,173667,Neutral,50,"[""셀트리온은 최근 20거래일 동안 시장 대비 변동성이 크지 않은 흐름을 보이고 있습니다."", ""바이오 의약품 섹터 전반의 투자 심리가 관망세를 유지하고 있어 뚜렷한 상승 또는 하락 모멘텀이 부족합니다."", ""향후 20거래일 내 주요 파이프라인 임상 결과 발표나 신규 계약 등 단기적인 모멘텀 발생 가능성은 있으나, 현재로서는 예측하기 어렵습니다.""]",-1.109594799242228
068270,셀트리온,2024-07-01,173667,Neutral,50,"[""셀트리온은 최근 20거래일 동안 시장 대비 큰 변동성을 보이지 않으며 횡보하는 추세를 나타내고 있습니다."", ""바이오시밀러 시장 경쟁 심화 및 신규 파이프라인 개발 성과에 대한 불확실성이 투자 심리에 영향을 미칠 수 있습니다."", ""거시 경제 지표 및 금리 변동성에 대한 민감도가 높아 단기적인 방향성 예측이 어렵습니다.""]",-1.109594799242228
068270,셀트리온,2024-08-01,173667,Neutral,50,"[""셀트리온은 최근 20거래일 동안 시장 대비 변동성이 크지 않은 흐름을 보이고 있습니다."", ""주요 바이오시밀러 제품의 판매량 추이와 신규 파이프라인 개발 진행 상황이 투자 심리에 영향을 미칠 수 있으나, 단기적인 방향성을 명확히 예측하기 어렵습니다."", ""거시 경제 지표 및 제약/바이오 섹터 전반의 흐름도 셀트리온의 단기 주가 방향에 복합적인 영향을 미칠 수 있습니다.""]",-1.109594799242228
068270,셀트리온,2024-09-02,173667,Neutral,50,"[""셀트리온은 최근 20거래일 동안 시장 대비 큰 변동성을 보이지 않았으며, 뚜렷한 상승 또는 하락 추세를 형성하지 못하고 있습니다."", ""주요 기술적 지표들 역시 명확한 매수 또는 매도 신호를 보내고 있지 않아 단기적인 방향성을 예측하기 어렵습니다."", ""향후 20거래일 동안 셀트리온의 주가에 영향을 미칠 만한 특별한 모멘텀이나 악재가 현재로서는 부각되지 않고 있어 보합세를 유지할 가능성이 있습니다.""]",-1.109594799242228
068270,셀트리온,2024-11-01,173667,Neutral,50,"[""셀트리온은 최근 20거래일 동안 시장 대비 큰 변동성을 보이지 않고 횡보하는 추세를 나타내고 있습니다."", ""주요 기술적 지표들이 명확한 상승 또는 하락 신호를 보내고 있지 않아 단기적인 방향성 예측이 어렵습니다."", ""향후 20거래일 동안의 투자 방향은 거시 경제 지표 변화, 바이오 섹터 전반의 흐름, 그리고 셀트리온 자체의 신약 개발 및 판매 관련 뉴스에 따라 달라질 수 있어 불확실성이 존재합니다.""]",-1.109594799242228
068270,셀트리온,2024-12-02,173667,Neutral,50,"[""셀트리온은 최근 20거래일 동안 시장 대비 큰 변동성을 보이지 않고 횡보하는 추세를 나타내고 있습니다."", ""바이오시밀러 시장의 경쟁 심화와 신약 개발의 불확실성은 단기적인 주가 상승을 제한할 수 있는 요인입니다."", ""하지만 하반기 신제품 출시 및 주요 국가의 규제 완화 기대감은 주가 하락을 방어하며 중립적인 흐름을 유지할 가능성을 시사합니다.""]",-1.109594799242228
068270,셀트리온,2025-01-02,174245,Buy,75,"[""셀트리온은 최근 3분기 실적 발표에서 시장 기대치를 상회하는 양호한 성과를 기록하며 주가 상승 동력을 확보했습니다."", ""주요 바이오시밀러 제품들의 견조한 판매량과 신규 파이프라인에 대한 긍정적인 임상 결과 발표 가능성이 투자 심리를 개선시키고 있습니다."", ""글로벌 경기 침체 우려 속에서도 필수 의약품 수요는 꾸준히 유지될 것으로 예상되며, 이는 셀트리온의 안정적인 매출 기반을 뒷받침할 것입니다.""]",0.05509483772848575
068270,셀트리온,2025-02-03,170873,Buy,75,"[""최근 셀트리온은 주요 바이오시밀러의 미국 FDA 승인 및 유럽 시장 확대 소식으로 긍정적인 모멘텀을 확보하고 있습니다."", ""하반기 신규 바이오시밀러 출시 및 기존 제품의 판매 호조가 예상되어 실적 개선 기대감이 높습니다."", ""글로벌 제약 시장의 성장세와 더불어 바이오시밀러 시장의 경쟁력 강화는 셀트리온의 주가 상승 여력을 뒷받침할 것으로 보입니다.""]",4.11533712172198
068270,셀트리온,2025-03-04,177905,Neutral,50,"[""셀트리온은 최근 횡보세를 보이며 뚜렷한 방향성을 제시하지 않고 있습니다."", ""바이오 섹터 전반의 불확실성과 거시 경제 지표의 변동성이 투자 심리에 영향을 미칠 수 있습니다."", ""신규 파이프라인 개발 및 임상 결과 발표 등 잠재적 모멘텀이 존재하나, 단기적인 시장 대비 초과 상승 또는 하락을 단정하기 어렵습니다.""]",-8.12118827464096
068270,셀트리온,2025-04-01,163457,Neutral,50,"[""셀트리온은 최근 횡보세를 보이며 뚜렷한 방향성을 나타내지 않고 있습니다."", ""바이오 섹터 전반의 투자 심리가 관망세로 전환되면서 단기적인 변동성이 제한될 가능성이 있습니다."", ""향후 20거래일 내 시장 대비 상승 또는 하락을 명확히 판단할 만한 강력한 모멘텀이나 악재가 부재합니다.""]",-4.949925668524443
068270,셀트리온,2025-05-02,154403,Neutral,50,"[""셀트리온은 현재 20일 이동평균선과 60일 이동평균선이 수렴하는 구간에 있어 단기적인 방향성 판단이 어렵습니다."", ""최근 3개월간의 주가 흐름이 횡보세를 보이고 있어 뚜렷한 추세 전환 신호가 나타나지 않고 있습니다."", ""향후 20거래일 내에 발표될 주요 경제 지표나 바이오 섹터 관련 뉴스가 주가에 영향을 미칠 수 있으나, 현재로서는 그 방향성을 예측하기 어렵습니다.""]",1.7467277190210035
068270,셀트리온,2025-06-02,154595,Buy,75,"[""최근 셀트리온은 주요 바이오시밀러의 미국 시장 점유율 확대 및 신규 파이프라인에 대한 긍정적인 뉴스 플로우가 지속되고 있습니다."", ""글로벌 경기 침체 우려 속에서도 바이오 의약품은 필수재 성격이 강해 상대적으로 방어적인 투자처로 인식될 수 있습니다."", ""기술적 분석상 단기 하락 추세를 벗어나 반등 가능성이 높아지고 있으며, 기관 투자자들의 매수세가 유입되는 움직임이 관찰됩니다.""]",11.452504932242311
068270,셀트리온,2025-07-01,168900,Buy,75,"[""최근 셀트리온은 주요 바이오시밀러의 미국 시장 판매 호조와 신규 파이프라인에 대한 긍정적인 뉴스로 인해 투자 심리가 개선되고 있습니다."", ""글로벌 경기 침체 우려 속에서도 필수 의약품에 대한 수요는 꾸준히 유지될 것으로 예상되며, 이는 셀트리온의 안정적인 매출에 기여할 것입니다."", ""기술적 분석상 단기 이동평균선들이 정배열을 이루며 상승 추세의 초기 국면에 진입한 것으로 판단됩니다.""]",6.631142687981054
068270,셀트리온,2025-08-01,173900,Buy,75,"[""셀트리온은 최근 3분기 실적 발표에서 시장 기대치를 상회하는 매출과 영업이익을 기록하며 긍정적인 펀더멘털을 보여주고 있습니다."", ""주요 바이오시밀러 제품들의 글로벌 판매 호조와 신규 파이프라인에 대한 기대감이 주가 상승 모멘텀으로 작용할 가능성이 높습니다."", ""최근 외국인 투자자들의 순매수세가 유입되고 있으며, 이는 단기적인 주가 상승을 지지하는 요인으로 분석됩니다.""]",-1.5526164462334675
068270,셀트리온,2025-09-01,171200,Neutral,50,"[""셀트리온은 최근 20거래일 동안 시장 대비 큰 변동성을 보이지 않고 횡보하는 추세를 나타내고 있습니다."", ""현재 주가 수준에서 뚜렷한 상승 또는 하락 모멘텀을 찾기 어려우며, 거시 경제 지표 및 바이오 섹터 전반의 불확실성이 투자 방향성을 결정짓는 데 영향을 미치고 있습니다."", ""향후 20거래일 동안 특별한 신규 모멘텀 (신약 승인, 대규모 계약 등) 이 발생하지 않는다면 현재의 방향성 불확실성은 지속될 가능성이 있습니다.""]",1.2850467289719625
068270,셀트리온,2025-10-01,175400,Buy,75,"[""셀트리온은 최근 긍정적인 임상 결과 발표와 함께 바이오시밀러 시장에서의 경쟁력 강화가 예상됩니다."", ""글로벌 경기 회복 기대감과 함께 제약/바이오 섹터 전반에 대한 투자 심리가 개선될 가능성이 있습니다."", ""단기적인 기술적 지표 또한 상승 추세로의 전환 가능성을 시사하고 있습니다.""]",-0.3990877993158495
068270,셀트리온,2025-11-03,176300,Buy,75,"[""최근 셀트리온은 주요 바이오시밀러의 미국 시장 점유율 확대 및 신규 파이프라인에 대한 긍정적인 뉴스 플로우를 보이고 있습니다."", ""글로벌 경기 침체 우려 속에서도 필수 의약품 수요는 상대적으로 안정적이며, 이는 셀트리온의 실적에 긍정적인 영향을 줄 수 있습니다."", ""기술적 분석상 단기 이동평균선들이 정배열을 형성하며 상승 추세의 초기 국면에 진입한 것으로 판단됩니다.""]",4.480998298355077
373220,LG에너지솔루션,2023-02-01,346000,Neutral,50,"[""LG에너지솔루션은 전기차 배터리 시장의 성장 잠재력과 높은 기술력을 보유하고 있으나, 최근 글로벌 경기 둔화 우려와 경쟁 심화로 인해 단기적인 주가 변동성이 확대될 수 있습니다."", ""미국 인플레이션 감축법(IRA) 관련 세액 공제 혜택 등 긍정적인 모멘텀이 존재하지만, 원자재 가격 변동성과 환율 영향 등 부정적인 요인도 상존합니다."", ""현재 시장 전반의 불확실성이 높아 LG에너지솔루션만의 뚜렷한 상승 또는 하락 추세를 단정하기 어려운 상황입니다.""]",-0.2890173410404624
373220,LG에너지솔루션,2023-03-02,346000,Neutral,50,"[""LG에너지솔루션은 글로벌 전기차 시장 성장과 배터리 수요 증가에 대한 기대감이 여전히 존재합니다."", ""하지만 최근 원자재 가격 변동성, 경쟁 심화, 주요 고객사의 재고 조정 가능성 등은 단기적인 주가 상승을 제한할 수 있는 요인입니다."", ""현재 시장 전반의 불확실성과 기술주 전반의 변동성을 고려할 때, 20거래일 내 뚜렷한 방향성을 예측하기 어렵습니다.""]",-0.2890173410404624
373220,LG에너지솔루션,2023-05-02,346000,Buy,75,"[""글로벌 전기차 시장의 꾸준한 성장세와 LG에너지솔루션의 경쟁력 있는 기술력 및 생산 능력이 긍정적인 영향을 미칠 것으로 예상됩니다."", ""최근 발표된 주요 고객사와의 공급 계약 확대 소식은 향후 실적 개선에 대한 기대감을 높이고 있습니다."", ""배터리 기술 혁신 및 신규 시장 진출을 위한 투자가 지속적으로 이루어지고 있어 장기적인 성장 잠재력이 높다고 판단됩니다.""]",-0.2890173410404624
373220,LG에너지솔루션,2023-06-01,346000,Neutral,50,"[""LG에너지솔루션은 전기차 시장 성장과 배터리 기술력에 대한 기대감이 있으나, 최근 글로벌 경기 둔화 우려와 경쟁 심화로 인한 변동성이 존재합니다."", ""단기적으로는 신규 수주 및 기술 개발 관련 긍정적인 뉴스에 따라 상승 모멘텀을 받을 수 있으나, 거시 경제 지표 및 경쟁사의 동향에 따라 하락 압력도 받을 수 있습니다."", ""따라서 향후 20거래일 동안 뚜렷한 방향성을 예측하기 어렵고, 시장 상황 및 개별 이슈에 따라 변동성이 클 것으로 예상됩니다.""]",-0.2890173410404624
373220,LG에너지솔루션,2023-07-03,346000,Neutral,55,"[""LG에너지솔루션은 전기차 배터리 시장의 성장 잠재력과 더불어 글로벌 주요 완성차 업체들과의 파트너십을 통해 안정적인 수주 물량을 확보하고 있습니다."", ""하지만 최근 글로벌 금리 인상 기조와 인플레이션 우려, 그리고 경쟁 심화 가능성은 단기적인 주가 변동성을 야기할 수 있는 요인으로 작용할 수 있습니다."", ""향후 20거래일 동안 거시 경제 지표 발표, 주요 경쟁사의 실적 발표, 그리고 신규 기술 개발 동향 등이 주가 방향성에 영향을 미칠 것으로 예상되어 명확한 방향성 판단이 어렵습니다.""]",-0.2890173410404624
373220,LG에너지솔루션,2023-08-01,346000,Buy,70,"[""글로벌 전기차 시장의 견조한 성장세와 LG에너지솔루션의 시장 점유율 확대 전망이 긍정적입니다."", ""최근 발표된 주요 고객사와의 장기 공급 계약은 실적 가시성을 높여 투자 심리에 긍정적인 영향을 줄 수 있습니다."", ""배터리 기술 혁신 및 신규 공장 증설 계획은 장기적인 성장 동력으로 작용할 가능성이 높습니다.""]",-0.2890173410404624
373220,LG에너지솔루션,2023-09-01,346000,Buy,75,"[""글로벌 전기차 시장의 지속적인 성장세와 LG에너지솔루션의 주요 고객사들의 판매량 증가는 긍정적인 요인입니다."", ""최근 발표된 신규 수주 소식 및 기술 개발 성과는 향후 실적 개선에 대한 기대감을 높이고 있습니다."", ""전반적인 시장 분위기가 기술주 및 성장주에 우호적으로 전환될 가능성이 있으며, 이는 LG에너지솔루션 주가에 긍정적인 영향을 줄 수 있습니다.""]",-0.2890173410404624
373220,LG에너지솔루션,2023-10-04,346000,Neutral,50,"[""LG에너지솔루션은 전기차 시장 성장과 배터리 기술 경쟁력으로 장기적인 성장 잠재력을 가지고 있습니다."", ""하지만 최근 글로벌 금리 인상 및 경기 침체 우려로 인해 성장주 전반에 대한 투자 심리가 위축되고 있습니다."", ""단기적으로는 거시 경제 지표 및 경쟁사 동향에 따라 변동성이 나타날 수 있어 명확한 방향성을 판단하기 어렵습니다.""]",-0.2890173410404624
373220,LG에너지솔루션,2023-11-01,346000,Buy,75,"[""글로벌 전기차 시장의 꾸준한 성장세와 LG에너지솔루션의 경쟁력 있는 기술력 및 생산 능력은 향후 주가 상승에 긍정적인 요인으로 작용할 것으로 예상됩니다."", ""주요 완성차 업체들과의 장기 공급 계약 체결 및 신규 수주 소식은 실적 개선에 대한 기대감을 높이며 주가에 긍정적인 영향을 미칠 수 있습니다."", ""최근 주가 조정을 거치면서 밸류에이션 매력이 부각될 수 있으며, 시장 전반의 투자 심리 개선 시 수혜를 받을 가능성이 있습니다.""]",-0.2890173410404624
373220,LG에너지솔루션,2023-12-01,346000,Neutral,50,"[""LG에너지솔루션은 글로벌 전기차 시장 성장과 배터리 수요 증가에 대한 기대감을 가지고 있으나, 최근 주가 변동성이 커지고 있어 단기적인 방향성을 예측하기 어렵습니다."", ""미국 인플레이션 감축법(IRA) 관련 불확실성 및 경쟁 심화는 주가에 부담 요인으로 작용할 수 있습니다."", ""거시 경제 환경 변화 및 주요 고객사의 판매량 추이에 따라 주가 흐름이 달라질 수 있어 신중한 접근이 필요합니다.""]",-0.2890173410404624
373220,LG에너지솔루션,2024-01-02,346000,Neutral,50,"[""LG에너지솔루션은 전기차 시장 성장과 함께 장기적인 성장 잠재력을 가지고 있으나, 단기적으로는 글로벌 전기차 판매 둔화 우려와 경쟁 심화로 인한 수익성 압박 가능성이 존재합니다."", ""최근 주가는 횡보세를 보이며 뚜렷한 방향성을 나타내지 않고 있어, 향후 20거래일 내 시장 대비 유의미한 상승 또는 하락을 예측하기 어렵습니다."", ""거시 경제 지표 및 배터리 산업 관련 뉴스 등 외부 요인에 따라 주가 변동성이 나타날 수 있으므로, 추가적인 시장 동향 및 기업 실적 발표 등을 관망할 필요가 있습니다.""]",-0.2890173410404624
373220,LG에너지솔루션,2024-02-01,346000,Buy,75,"[""글로벌 전기차 시장의 꾸준한 성장세와 LG에너지솔루션의 경쟁력 있는 기술력 및 생산 능력은 향후 주가 상승을 뒷받침할 것으로 예상됩니다."", ""최근 발표된 주요 완성차 업체와의 공급 계약 확대 소식은 실적 개선에 대한 기대감을 높이며 매수 심리를 자극할 수 있습니다."", ""배터리 기술 혁신 및 신규 시장 진출에 대한 긍정적인 전망은 단기적인 시장 변동성에도 불구하고 장기적인 상승 모멘텀을 유지할 가능성이 높습니다.""]",-0.2890173410404624
373220,LG에너지솔루션,2024-03-04,346000,Buy,75,"[""글로벌 전기차 시장의 꾸준한 성장세와 LG에너지솔루션의 기술력 및 생산 능력은 긍정적인 요인입니다."", ""최근 주요 완성차 업체들과의 장기 공급 계약 체결 소식은 향후 실적 개선에 대한 기대감을 높입니다."", ""전반적인 시장 분위기가 기술주 및 성장주에 우호적으로 전환될 가능성이 있으며, 이는 LG에너지솔루션 주가에도 긍정적인 영향을 줄 수 있습니다.""]",-0.2890173410404624
373220,LG에너지솔루션,2024-04-01,346000,Neutral,50,"[""LG에너지솔루션은 전기차 배터리 시장의 성장 잠재력과 높은 기술력을 보유하고 있으나, 최근 글로벌 경기 둔화 우려와 원자재 가격 변동성 확대가 주가에 부담으로 작용할 수 있습니다."", ""미국 IRA 법안 관련 불확실성과 경쟁 심화 가능성 또한 단기적인 주가 방향성을 예측하기 어렵게 만드는 요인입니다."", ""향후 20거래일 동안 거시 경제 지표 발표, 주요 경쟁사의 실적 발표, 신규 수주 소식 등 다양한 변수에 따라 주가 흐름이 달라질 수 있어 명확한 방향성을 제시하기 어렵습니다.""]",-0.2890173410404624
373220,LG에너지솔루션,2024-05-02,346000,Buy,75,"[""글로벌 전기차 시장의 지속적인 성장 전망과 LG에너지솔루션의 선도적인 기술력 및 생산 능력은 향후 주가 상승의 강력한 동력이 될 것으로 예상됩니다."", ""최근 발표된 주요 완성차 업체들과의 대규모 배터리 공급 계약은 안정적인 매출 증대와 시장 점유율 확대를 뒷받침할 것으로 보입니다."", ""원자재 가격 안정화 및 판가 인상 가능성은 수익성 개선에 긍정적인 영향을 미칠 수 있으며, 이는 투자 심리 개선으로 이어질 가능성이 높습니다.""]",-0.2890173410404624
373220,LG에너지솔루션,2024-06-03,346000,Buy,75,"[""글로벌 전기차 시장의 지속적인 성장 전망과 LG에너지솔루션의 높은 시장 점유율은 긍정적인 요인입니다."", ""최근 발표된 신규 수주 계약 및 파트너십 강화는 향후 실적 개선에 대한 기대감을 높이고 있습니다."", ""경쟁사 대비 기술력 및 생산 능력 우위는 시장 내에서 안정적인 지위를 유지하는 데 기여할 것으로 예상됩니다.""]",-0.2890173410404624
373220,LG에너지솔루션,2024-07-01,346000,Buy,75,"[""글로벌 전기차 시장의 지속적인 성장세와 LG에너지솔루션의 시장 점유율 확대가 긍정적인 영향을 미칠 것으로 예상됩니다."", ""최근 발표된 주요 고객사와의 대규모 공급 계약은 향후 실적 개선에 대한 기대감을 높이고 있습니다."", ""배터리 기술 혁신 및 신규 공장 증설 등 미래 성장 동력 확보를 위한 투자가 지속적으로 이루어지고 있어 장기적인 관점에서도 긍정적인 전망을 유지합니다.""]",-0.2890173410404624
373220,LG에너지솔루션,2024-08-01,346000,Buy,75,"[""글로벌 전기차 시장의 지속적인 성장세와 LG에너지솔루션의 높은 시장 점유율은 긍정적인 요인입니다."", ""최근 발표된 신규 수주 및 파트너십 관련 뉴스는 향후 실적 개선에 대한 기대감을 높이고 있습니다."", ""경쟁사 대비 기술력 및 생산 능력 우위는 시장 내에서 LG에너지솔루션의 입지를 더욱 강화할 것으로 예상됩니다.""]",-0.2890173410404624
373220,LG에너지솔루션,2024-09-02,346000,Buy,75,"[""글로벌 전기차 시장의 지속적인 성장세와 LG에너지솔루션의 선도적인 기술력 및 생산 능력은 향후 20거래일 동안 긍정적인 주가 흐름을 뒷받침할 것으로 예상됩니다."", ""최근 발표된 주요 고객사와의 공급 계약 확대 및 신규 공장 증설 계획은 실적 개선에 대한 기대감을 높이며 매수 심리를 자극할 수 있습니다."", ""전반적인 시장 환경이 기술주 및 성장주에 우호적으로 변화하고 있으며, 배터리 산업의 성장성은 여전히 높은 평가를 받고 있어 시장 대비 초과 상승 가능성이 있습니다.""]",-0.2890173410404624
373220,LG에너지솔루션,2024-10-02,346000,Buy,75,"[""글로벌 전기차 시장의 꾸준한 성장세와 LG에너지솔루션의 경쟁력 있는 기술력 및 생산 능력이 긍정적인 주가 흐름을 뒷받침할 것으로 예상됩니다."", ""최근 발표된 신규 수주 소식 및 파트너십 강화는 향후 실적 개선에 대한 기대감을 높이고 있습니다."", ""전반적인 시장 상황이 기술주 및 성장주에 우호적으로 변화할 가능성이 있으며, 이는 LG에너지솔루션과 같은 대형 성장주에 긍정적인 영향을 줄 수 있습니다.""]",-0.2890173410404624
373220,LG에너지솔루션,2024-11-01,346000,Buy,75,"[""글로벌 전기차 시장의 지속적인 성장세와 LG에너지솔루션의 높은 시장 점유율은 긍정적인 요인입니다."", ""최근 발표된 주요 고객사와의 장기 공급 계약은 향후 실적 성장에 대한 기대감을 높이고 있습니다."", ""배터리 기술 혁신 및 신규 공장 증설 계획 등은 장기적인 성장 모멘텀을 제공할 것으로 예상됩니다.""]",-0.2890173410404624
373220,LG에너지솔루션,2024-12-02,346000,Neutral,55,"[""LG에너지솔루션은 전기차 배터리 시장의 성장 잠재력이 높지만, 최근 주가 변동성이 커지면서 단기적인 방향성 예측이 어렵습니다."", ""글로벌 금리 인상 및 인플레이션 우려가 기술주 전반에 부담을 주고 있으며, 이는 LG에너지솔루션의 주가에도 영향을 미칠 수 있습니다."", ""다만, 장기적인 관점에서 전기차 시장의 성장은 지속될 것으로 예상되어 급격한 하락보다는 횡보 또는 완만한 상승 가능성도 존재합니다.""]",-0.2890173410404624
373220,LG에너지솔루션,2025-01-02,356000,Buy,75,"[""글로벌 전기차 시장의 지속적인 성장 전망은 LG에너지솔루션의 배터리 수요 증가로 이어질 것으로 예상됩니다."", ""최근 발표된 주요 완성차 업체들과의 장기 공급 계약은 안정적인 매출 확보와 성장 모멘텀 강화에 긍정적인 영향을 미칠 것입니다."", ""기술 혁신을 통한 신규 배터리 기술 개발 및 생산 능력 확대는 향후 경쟁 우위를 확보하는 데 기여할 것으로 판단됩니다.""]",-3.932584269662921
373220,LG에너지솔루션,2025-02-03,333000,Neutral,50,"[""LG에너지솔루션은 전기차 배터리 시장의 성장 잠재력과 높은 기술력을 보유하고 있으나, 최근 주가 변동성이 확대되며 뚜렷한 방향성을 보이지 않고 있습니다."", ""글로벌 경기 둔화 우려와 금리 인상 기조는 투자 심리에 부정적인 영향을 미칠 수 있으며, 이는 단기적인 주가 하락 요인으로 작용할 수 있습니다."", ""하지만 장기적인 관점에서 전기차 시장의 구조적인 성장과 주요 완성차 업체와의 파트너십 강화는 긍정적인 모멘텀으로 작용할 가능성이 있어, 향후 20거래일 내 뚜렷한 방향성을 예측하기 어렵습니다.""]",0.3003003003003003
373220,LG에너지솔루션,2025-03-04,334000,Neutral,50,"[""LG에너지솔루션은 전기차 시장 성장과 배터리 기술력에 대한 긍정적인 전망을 가지고 있으나, 최근 주가 변동성이 커지고 있어 단기적인 방향성 판단이 어렵습니다."", ""글로벌 인플레이션 및 금리 인상 우려가 지속되면서 성장주 전반에 대한 투자 심리가 위축될 가능성이 있습니다."", ""향후 20거래일 동안 발표될 주요 경제 지표, 미국 연준의 금리 결정, 그리고 경쟁사들의 실적 발표 등이 주가에 영향을 미칠 수 있어 신중한 접근이 필요합니다.""]",-1.4970059880239521
373220,LG에너지솔루션,2025-04-01,329000,Neutral,50,"[""LG에너지솔루션은 글로벌 전기차 시장 성장과 배터리 수요 증가에 대한 기대감이 여전히 존재합니다."", ""하지만 최근 원자재 가격 변동성, 경쟁 심화, 주요 고객사의 재고 조정 가능성 등은 단기적인 주가 상승을 제한할 수 있는 요인입니다."", ""현재 시장 전반의 불확실성과 개별 종목의 뚜렷한 상승 또는 하락 모멘텀이 부재하여 중립적인 관점을 유지합니다.""]",-1.3677811550151975
373220,LG에너지솔루션,2025-05-02,322500,Buy,75,"[""글로벌 전기차 시장의 꾸준한 성장세와 LG에너지솔루션의 선도적인 기술력 및 생산 능력은 향후 주가 상승을 견인할 것으로 예상됩니다."", ""최근 발표된 주요 완성차 업체와의 대규모 배터리 공급 계약은 실적 개선에 대한 기대감을 높이며 긍정적인 모멘텀을 제공하고 있습니다."", ""원자재 가격 안정화 및 판가 인상 가능성은 수익성 개선에 기여하여 투자 심리를 회복시킬 수 있습니다.""]",-9.767441860465116
373220,LG에너지솔루션,2025-06-02,288500,Neutral,50,"[""LG에너지솔루션은 전기차 시장 성장과 함께 장기적인 성장 잠재력을 가지고 있으나, 단기적으로는 글로벌 경기 둔화 우려와 경쟁 심화로 인한 변동성이 예상됩니다."", ""최근 주가 흐름은 뚜렷한 방향성을 보이지 않고 있으며, 시장 전반의 불확실성이 투자 심리에 영향을 미칠 수 있습니다."", ""향후 20거래일 동안의 투자 방향은 거시 경제 지표 발표, 주요 경쟁사의 실적 발표, 그리고 배터리 기술 관련 뉴스 등 다양한 요인에 따라 달라질 수 있어 현재로서는 명확한 방향성을 판단하기 어렵습니다.""]",10.398613518197573
373220,LG에너지솔루션,2025-07-01,302500,Neutral,50,"[""LG에너지솔루션은 글로벌 전기차 시장 성장과 배터리 수요 증가에 대한 기대감이 있으나, 최근 주가 변동성이 커지고 있어 단기적인 방향성 예측이 어렵습니다."", ""경쟁 심화 및 원자재 가격 변동성은 수익성에 영향을 미칠 수 있는 요인으로 작용할 수 있습니다."", ""거시 경제 환경 변화 및 주요 국가의 정책 변화 또한 주가에 영향을 줄 수 있어 신중한 접근이 필요합니다.""]",29.91735537190083
373220,LG에너지솔루션,2025-08-01,375500,Buy,75,"[""글로벌 전기차 시장의 지속적인 성장세와 LG에너지솔루션의 시장 점유율 확대 전망이 긍정적입니다."", ""최근 발표된 주요 고객사와의 장기 공급 계약은 안정적인 매출 증대와 수익성 개선에 기여할 것으로 예상됩니다."", ""기술 혁신을 통한 신규 배터리 기술 개발 및 생산 능력 확장은 미래 성장 동력 확보에 대한 기대감을 높입니다.""]",-6.790945406125166
373220,LG에너지솔루션,2025-09-01,350000,Buy,75,"[""글로벌 전기차 시장의 지속적인 성장세와 LG에너지솔루션의 경쟁력 있는 기술력 및 생산 능력은 향후 주가 상승을 견인할 것으로 예상됩니다."", ""최근 발표된 주요 고객사와의 장기 공급 계약 및 신규 공장 증설 계획은 실적 개선에 대한 기대감을 높이고 있습니다."", ""배터리 기술 혁신 및 차세대 배터리 개발에 대한 투자는 미래 성장 동력 확보 측면에서 긍정적인 신호입니다.""]",-0.7142857142857143
373220,LG에너지솔루션,2025-10-01,399000,Neutral,50,"[""LG에너지솔루션은 전기차 시장 성장과 함께 장기적인 성장 잠재력을 가지고 있으나, 단기적으로는 글로벌 전기차 수요 둔화 우려와 경쟁 심화 가능성이 존재합니다."", ""최근 주가 흐름은 뚜렷한 방향성을 보이지 않고 있으며, 시장 전반의 변동성 또한 투자 판단을 어렵게 만드는 요인입니다."", ""향후 20거래일 동안의 투자 방향은 거시 경제 지표 변화, 주요 경쟁사의 실적 발표, 그리고 신규 배터리 기술 개발 소식 등 다양한 외부 요인에 의해 영향을 받을 수 있어 불확실성이 높습니다.""]",17.794486215538846
373220,LG에너지솔루션,2025-11-03,473000,Buy,75,"[""글로벌 전기차 시장의 지속적인 성장세와 LG에너지솔루션의 높은 시장 점유율은 긍정적인 요인입니다."", ""최근 발표된 신규 수주 및 파트너십 강화 소식은 향후 실적 개선에 대한 기대를 높입니다."", ""경쟁사 대비 기술력 및 생산 능력 우위는 시장 내에서 가격 경쟁력을 확보하는 데 기여할 것으로 예상됩니다.""]",-12.26215644820296
373220,LG에너지솔루션,2025-12-01,415000,Neutral,55,"[""LG에너지솔루션은 전기차 배터리 시장의 성장성과 기술력을 바탕으로 장기적인 상승 잠재력을 가지고 있습니다."", ""하지만 최근 글로벌 금리 인상 및 경기 침체 우려로 인한 이차전지 섹터 전반의 변동성이 확대되고 있어 단기적인 시장 대비 상승을 단정하기 어렵습니다."", ""또한, 경쟁 심화 및 원자재 가격 변동성 등 단기적인 하방 압력 요인도 존재하여 20거래일 내 명확한 방향성을 예측하기에는 불확실성이 존재합니다.""]",-13.012048192771083
006400,삼성SDI,2023-01-02,234478,Buy,75,"[""글로벌 전기차 시장의 지속적인 성장 전망과 함께 삼성SDI의 배터리 기술력 및 생산 능력은 긍정적인 요인으로 작용할 것으로 예상됩니다."", ""최근 주요 완성차 업체들과의 공급 계약 확대 소식은 향후 실적 개선에 대한 기대감을 높이고 있습니다."", ""증권사들의 목표 주가 상향 조정 및 투자의견 상향은 단기적인 주가 상승 모멘텀을 뒷받침할 수 있습니다.""]",-11.27355231620877
006400,삼성SDI,2023-02-01,234478,Buy,75,"[""삼성SDI는 최근 전기차 배터리 시장의 성장 전망과 함께 견조한 실적을 발표하며 투자자들의 관심을 받고 있습니다."", ""글로벌 전기차 판매량 증가 추세는 삼성SDI의 주요 사업 부문에 긍정적인 영향을 미칠 것으로 예상됩니다."", ""최근 기술 개발 및 생산 능력 확장에 대한 긍정적인 뉴스들이 지속적으로 나오고 있어 단기적인 주가 상승 모멘텀을 기대해 볼 수 있습니다.""]",-11.27355231620877
006400,삼성SDI,2023-03-02,234478,Buy,75,"[""삼성SDI는 전기차 배터리 시장의 성장과 함께 견조한 실적 개선이 기대됩니다."", ""최근 발표된 신규 수주 및 기술 개발 소식은 향후 주가 상승 모멘텀을 제공할 수 있습니다."", ""글로벌 전기차 판매량 증가 추세는 삼성SDI의 주요 사업 부문에 긍정적인 영향을 미칠 것으로 예상됩니다.""]",-11.27355231620877
006400,삼성SDI,2023-04-03,234478,Buy,75,"[""글로벌 전기차 시장의 지속적인 성장과 삼성SDI의 기술력 및 생산 능력 확장이 긍정적인 영향을 미칠 것으로 예상됩니다."", ""최근 발표된 신규 배터리 기술 및 파트너십 강화 소식은 미래 성장 동력에 대한 기대감을 높이고 있습니다."", ""증권사들의 목표 주가 상향 조정 움직임은 단기적인 주가 상승 가능성을 시사합니다.""]",-11.27355231620877
006400,삼성SDI,2023-05-02,234478,Buy,75,"[""삼성SDI는 전기차 배터리 시장의 성장과 함께 견조한 실적 개선이 기대됩니다."", ""최근 발표된 신규 배터리 기술 및 생산 능력 확대 계획은 장기적인 성장 모멘텀을 강화할 것으로 보입니다."", ""글로벌 전기차 판매량 증가 추세와 주요 완성차 업체와의 파트너십 강화는 삼성SDI의 시장 점유율 확대에 긍정적인 영향을 미칠 것입니다.""]",-11.27355231620877
006400,삼성SDI,2023-06-01,234478,Buy,75,"[""글로벌 전기차 시장의 꾸준한 성장세와 삼성SDI의 기술력 및 생산 능력 확대로 인한 수혜가 예상됩니다."", ""최근 2차전지 섹터 전반에 대한 긍정적인 전망과 함께, 삼성SDI는 차세대 배터리 기술 개발에서도 선도적인 위치를 차지하고 있습니다."", ""기관 투자자들의 매수세가 꾸준히 유입되고 있으며, 단기적인 기술적 지표 또한 상승 추세를 지지하고 있습니다.""]",-11.27355231620877
006400,삼성SDI,2023-07-03,234478,Buy,75,"[""전기차 시장의 지속적인 성장과 배터리 수요 증가로 삼성SDI의 실적 개선 기대감이 높습니다."", ""최근 발표된 신규 배터리 기술 및 생산 능력 확대 계획은 향후 성장 동력 확보에 긍정적인 영향을 줄 것으로 예상됩니다."", ""글로벌 주요 완성차 업체들과의 파트너십 강화는 안정적인 수주 물량 확보로 이어져 주가 상승에 기여할 가능성이 있습니다.""]",-11.27355231620877
006400,삼성SDI,2023-08-01,234478,Buy,75,"[""삼성SDI는 전기차 배터리 시장의 성장과 함께 견조한 실적 개선이 기대됩니다."", ""최근 발표된 신규 배터리 기술 개발 소식은 향후 성장 잠재력을 더욱 높이고 있습니다."", ""글로벌 전기차 수요 증가 추세는 삼성SDI의 주요 사업 부문에 긍정적인 영향을 미칠 것으로 예상됩니다.""]",-11.27355231620877
006400,삼성SDI,2023-09-01,234478,Buy,75,"[""삼성SDI는 전기차 배터리 시장의 성장과 함께 견조한 실적 개선이 기대됩니다."", ""최근 발표된 신규 배터리 기술 개발 소식은 향후 성장 모멘텀을 강화할 수 있습니다."", ""글로벌 전기차 수요 증가 추세는 삼성SDI의 주요 사업 부문에 긍정적인 영향을 미칠 것으로 예상됩니다.""]",-11.27355231620877
006400,삼성SDI,2023-10-04,234478,Buy,75,"[""삼성SDI는 4분기 실적 개선 기대감과 전기차 배터리 시장의 지속적인 성장 전망에 힘입어 상승세를 이어갈 가능성이 높습니다."", ""최근 주요 경쟁사들의 실적 부진과 비교했을 때, 삼성SDI의 기술력과 생산 능력은 상대적인 우위를 점하고 있습니다."", ""글로벌 전기차 시장의 회복 조짐과 함께 주요 완성차 업체들의 배터리 수주 확대는 삼성SDI의 향후 실적에 긍정적인 영향을 미칠 것으로 예상됩니다.""]",-11.27355231620877
006400,삼성SDI,2023-11-01,234478,Buy,75,"[""삼성SDI는 전기차 배터리 시장의 성장과 함께 꾸준한 실적 개선이 기대됩니다."", ""최근 주요 고객사들의 전기차 생산량 증대 계획 발표는 삼성SDI의 배터리 수요 증가로 이어질 가능성이 높습니다."", ""기술 개발 및 생산 능력 확대를 위한 투자가 지속적으로 이루어지고 있어 장기적인 성장 동력을 확보하고 있습니다.""]",-11.27355231620877
006400,삼성SDI,2023-12-01,234478,Buy,75,"[""삼성SDI는 전기차 배터리 시장의 성장과 함께 꾸준한 수주 증가세를 보이고 있습니다."", ""하반기 주요 고객사들의 신차 출시 및 전기차 판매량 증가가 실적 개선에 긍정적인 영향을 미칠 것으로 예상됩니다."", ""최근 주가 조정을 거치며 밸류에이션 매력도가 높아졌으며, 기술적 분석상 지지선 구간에 진입하여 반등 가능성이 있습니다.""]",-11.27355231620877
006400,삼성SDI,2024-01-02,234478,Buy,75,"[""삼성SDI는 최근 전기차 배터리 시장의 성장세와 더불어 북미 지역 생산 능력 확대 계획 등 긍정적인 모멘텀을 보유하고 있습니다."", ""주요 경쟁사 대비 기술력 우위와 더불어 신규 고객사 확보 가능성이 높아 향후 실적 개선에 대한 기대감이 존재합니다."", ""최근 주가 조정을 거치며 밸류에이션 매력도가 높아졌으며, 기관 투자자들의 매수세가 유입될 가능성이 있습니다.""]",-11.27355231620877
006400,삼성SDI,2024-02-01,234478,Buy,75,"[""삼성SDI는 전기차 배터리 시장의 성장과 함께 지속적인 수요 증가가 예상됩니다."", ""최근 발표된 신규 배터리 기술 개발 및 생산 능력 확대 계획은 향후 실적 개선에 대한 기대감을 높이고 있습니다."", ""글로벌 전기차 시장의 점진적인 회복세는 삼성SDI의 주요 매출처에 긍정적인 영향을 미칠 것으로 보입니다.""]",-11.27355231620877
006400,삼성SDI,2024-03-04,234478,Buy,75,"[""삼성SDI는 최근 전기차 배터리 시장의 성장 전망과 함께 견조한 실적을 발표하며 투자자들의 관심을 받고 있습니다."", ""글로벌 전기차 판매량 증가 추세와 더불어 삼성SDI의 기술력 및 생산 능력 확대 계획은 향후 주가 상승의 동력이 될 것으로 예상됩니다."", ""최근 증권사들의 목표주가 상향 조정 리포트들이 긍정적인 투자 심리를 형성하고 있으며, 이는 단기적인 주가 상승 가능성을 높입니다.""]",-11.27355231620877
006400,삼성SDI,2024-04-01,234478,Buy,75,"[""삼성SDI는 최근 전기차 배터리 시장의 성장 전망과 함께 견조한 실적을 발표하며 투자자들의 관심을 받고 있습니다."", ""글로벌 전기차 판매량 증가 추세는 삼성SDI의 주요 사업 부문에 긍정적인 영향을 미칠 것으로 예상됩니다."", ""최근 기술 개발 및 생산 능력 확대에 대한 긍정적인 뉴스들이 지속적으로 나오고 있어 단기적인 주가 상승 모멘텀을 기대해 볼 수 있습니다.""]",-11.27355231620877
006400,삼성SDI,2024-05-02,234478,Buy,75,"[""삼성SDI는 최근 전기차 배터리 시장의 성장세와 더불어 북미 및 유럽 지역의 생산 능력 확장에 대한 긍정적인 전망이 나오고 있습니다."", ""주요 고객사들의 전기차 생산량 증가 추세는 삼성SDI의 배터리 판매량 증대로 이어질 가능성이 높습니다."", ""최근 주가 조정을 거치면서 밸류에이션 매력도가 높아졌다는 분석도 존재하며, 단기적인 기술적 반등 가능성도 있습니다.""]",-11.27355231620877
006400,삼성SDI,2024-06-03,234478,Buy,75,"[""삼성SDI는 최근 전기차 배터리 시장의 성장 전망과 함께 견조한 실적을 발표하며 투자자들의 관심을 받고 있습니다."", ""글로벌 전기차 판매량 증가 추세와 더불어, 삼성SDI의 기술력 및 생산 능력 확장에 대한 긍정적인 전망이 주가 상승 요인으로 작용할 것으로 예상됩니다."", ""최근 주가 조정 이후 기술적 반등 가능성이 있으며, 주요 증권사들의 목표 주가 상향 조정 또한 긍정적인 신호로 해석됩니다.""]",-11.27355231620877
006400,삼성SDI,2024-07-01,234478,Buy,75,"[""삼성SDI는 최근 전기차 배터리 시장의 성장 전망과 함께 주요 고객사들의 생산량 증대 계획에 힘입어 긍정적인 수주 모멘텀을 확보하고 있습니다."", ""하반기 실적 개선 기대감과 더불어, 차세대 배터리 기술 개발 및 상용화에 대한 기대감이 주가 상승 요인으로 작용할 수 있습니다."", ""최근 주가 조정은 단기적인 수급 요인으로 판단되며, 장기적인 성장성을 고려할 때 현재 가격대는 매력적인 매수 기회를 제공할 수 있습니다.""]",-11.27355231620877
006400,삼성SDI,2024-08-01,234478,Buy,75,"[""삼성SDI는 최근 전기차 배터리 시장의 성장세와 더불어 주요 고객사들의 생산량 증대 계획에 힘입어 긍정적인 실적 전망을 유지하고 있습니다."", ""하이니켈 양극재 등 고부가가치 제품의 기술 경쟁력을 바탕으로 향후 시장 점유율 확대가 기대되며, 이는 주가 상승 요인으로 작용할 수 있습니다."", ""최근 시장 전반의 변동성이 다소 완화되고 기술주에 대한 투자 심리가 회복되는 추세를 보이고 있어, 삼성SDI 또한 이러한 흐름에 동참할 가능성이 있습니다.""]",-11.27355231620877
006400,삼성SDI,2024-09-02,234478,Buy,75,"[""글로벌 전기차 시장의 지속적인 성장과 삼성SDI의 기술력 및 생산 능력 확대로 인한 수혜가 예상됩니다."", ""최근 발표된 신규 배터리 기술 및 파우치형 배터리 시장에서의 경쟁 우위 확보 가능성이 긍정적인 영향을 줄 것으로 보입니다."", ""기관 투자자들의 매수세가 꾸준히 유입되고 있으며, 긍정적인 증권사 리포트들이 다수 발표되고 있어 단기적인 상승 모멘텀이 기대됩니다.""]",-11.27355231620877
006400,삼성SDI,2024-10-02,234478,Buy,75,"[""삼성SDI는 최근 전기차 배터리 시장의 성장세와 더불어 북미 지역 생산 능력 확대 계획을 발표하며 긍정적인 모멘텀을 확보했습니다."", ""주요 경쟁사 대비 기술력 및 생산 효율성 측면에서 우위를 점하고 있으며, 이는 향후 실적 개선으로 이어질 가능성이 높습니다."", ""최근 증권사들의 목표주가 상향 조정 리포트가 다수 발표되며 투자 심리가 개선되고 있는 점도 긍정적인 요인으로 작용할 것으로 예상됩니다.""]",-11.27355231620877
006400,삼성SDI,2024-11-01,234478,Buy,75,"[""삼성SDI는 최근 전기차 배터리 시장의 성장 전망과 함께 견조한 실적을 발표하며 투자 심리가 긍정적으로 작용하고 있습니다."", ""주요 경쟁사 대비 기술력 우위와 신규 수주 모멘텀이 지속될 가능성이 높습니다."", ""글로벌 전기차 시장의 꾸준한 성장세와 더불어 에너지 저장 장치(ESS) 시장 확대 또한 삼성SDI의 실적 개선에 기여할 것으로 예상됩니다.""]",-11.27355231620877
006400,삼성SDI,2024-12-02,234478,Buy,75,"[""전기차 시장의 지속적인 성장과 배터리 수요 증가가 삼성SDI의 실적 개선을 견인할 것으로 예상됩니다."", ""최근 발표된 신규 배터리 기술 개발 및 생산 능력 확대 계획은 미래 성장 동력 확보에 긍정적인 신호입니다."", ""글로벌 경쟁사 대비 기술력 및 생산 효율성 측면에서 우위를 점하고 있어 시장 점유율 확대가 기대됩니다.""]",-11.27355231620877
006400,삼성SDI,2025-01-02,241821,Buy,75,"[""글로벌 전기차 시장의 지속적인 성장과 배터리 수요 증가가 삼성SDI의 실적 개선을 견인할 것으로 예상됩니다."", ""최근 발표된 신규 배터리 기술 개발 및 생산 능력 확대 계획은 향후 성장 동력 확보에 긍정적인 영향을 미칠 것입니다."", ""경쟁사 대비 높은 기술력과 안정적인 공급망을 바탕으로 시장 점유율을 확대할 가능성이 높습니다.""]",-14.169985237014155
006400,삼성SDI,2025-02-03,201191,Buy,75,"[""글로벌 전기차 시장의 꾸준한 성장세와 삼성SDI의 기술력 및 생산 능력 확대로 인한 수혜가 예상됩니다."", ""최근 발표된 신규 배터리 기술 및 생산 라인 증설 계획은 향후 실적 개선에 대한 기대감을 높이고 있습니다."", ""주요 경쟁사 대비 상대적으로 견조한 펀더멘털과 시장 점유율 확대 가능성이 긍정적인 신호로 작용합니다.""]",3.8928182672187126
006400,삼성SDI,2025-03-04,209023,Buy,75,"[""삼성SDI는 전기차 배터리 시장의 성장과 함께 견조한 실적 개선이 기대됩니다."", ""최근 주요 완성차 업체들과의 공급 계약 확대 소식은 향후 매출 증대에 긍정적인 영향을 줄 것으로 보입니다."", ""기술 혁신을 통한 차세대 배터리 개발 경쟁력 확보는 장기적인 성장 모멘텀을 제공할 것입니다.""]",-12.646455174789379
006400,삼성SDI,2025-04-01,182589,Buy,75,"[""삼성SDI는 전기차 배터리 시장의 성장세와 함께 견조한 실적 개선이 기대됩니다."", ""주요 고객사들의 전기차 생산 확대 계획은 삼성SDI의 배터리 수요 증가로 이어질 가능성이 높습니다."", ""최근 주가 조정을 거치면서 밸류에이션 매력이 부각될 수 있으며, 기술 혁신 및 신규 수주 모멘텀이 긍정적으로 작용할 수 있습니다.""]",-3.6086511235616605
006400,삼성SDI,2025-05-02,172200,Buy,75,"[""삼성SDI는 전기차 배터리 시장의 성장과 함께 견조한 실적 개선이 예상됩니다."", ""최근 발표된 신규 배터리 기술 개발 소식은 향후 성장 모멘텀을 강화할 가능성이 있습니다."", ""글로벌 전기차 판매량 증가 추세는 삼성SDI의 주요 사업 부문에 긍정적인 영향을 미칠 것으로 전망됩니다.""]",1.2195121951219512
006400,삼성SDI,2025-06-02,172400,Buy,75,"[""삼성SDI는 전기차 배터리 시장의 성장과 함께 꾸준한 실적 개선이 기대됩니다."", ""최근 주요 완성차 업체들과의 공급 계약 확대 소식은 향후 매출 증대에 긍정적인 영향을 미칠 것으로 보입니다."", ""신규 기술 개발 및 생산 능력 확대를 위한 투자는 장기적인 성장 동력 확보에 기여할 것입니다.""]",7.482598607888631
006400,삼성SDI,2025-07-01,179000,Buy,75,"[""삼성SDI는 전기차 배터리 시장의 성장과 함께 꾸준한 실적 개선이 기대됩니다."", ""최근 발표된 신규 배터리 기술 및 생산 능력 확대 계획은 향후 성장 동력으로 작용할 가능성이 높습니다."", ""글로벌 전기차 시장의 회복세와 주요 완성차 업체와의 파트너십 강화는 긍정적인 투자 심리를 유발할 수 있습니다.""]",15.083798882681565
006400,삼성SDI,2025-08-01,193700,Buy,75,"[""삼성SDI는 전기차 배터리 시장의 성장세와 함께 꾸준한 실적 개선이 기대됩니다."", ""최근 발표된 신규 배터리 기술 개발 소식은 향후 성장 동력 확보에 긍정적인 영향을 줄 수 있습니다."", ""글로벌 전기차 시장의 회복 조짐은 삼성SDI의 주요 사업 부문에 대한 투자 심리를 개선시킬 가능성이 높습니다.""]",4.543107898812597
006400,삼성SDI,2025-09-01,202500,Buy,75,"[""삼성SDI는 전기차 배터리 시장의 성장과 함께 꾸준한 실적 개선이 예상됩니다."", ""최근 발표된 신규 배터리 기술 및 생산 능력 확대 계획은 향후 성장 동력으로 작용할 가능성이 높습니다."", ""글로벌 전기차 수요 증가 추세는 삼성SDI의 주요 사업 부문에 긍정적인 영향을 미칠 것으로 보입니다.""]",1.2345679012345678
006400,삼성SDI,2025-10-01,206500,Buy,75,"[""글로벌 전기차 시장의 지속적인 성장과 함께 삼성SDI의 배터리 사업 부문의 실적 개선 기대감이 높습니다."", ""최근 발표된 신규 배터리 기술 개발 및 생산 능력 확대 계획은 향후 성장 잠재력을 더욱 강화할 것으로 보입니다."", ""증권사들의 목표 주가 상향 조정 및 투자의견 '매수' 유지 리포트가 다수 발표되며 긍정적인 투자 심리가 형성되고 있습니다.""]",55.932203389830505
006400,삼성SDI,2025-11-03,337500,Buy,75,"[""삼성SDI는 최근 전기차 배터리 시장의 성장세와 더불어 긍정적인 실적 전망을 바탕으로 투자 심리가 개선되고 있습니다."", ""글로벌 전기차 판매량 증가 추세가 지속될 것으로 예상되며, 이는 삼성SDI의 주요 사업 부문에 긍정적인 영향을 미칠 것입니다."", ""최근 기술 개발 및 생산 능력 확장에 대한 긍정적인 뉴스들이 꾸준히 나오고 있어 단기적인 주가 상승 모멘텀을 기대해 볼 수 있습니다.""]",-9.62962962962963
006400,삼성SDI,2025-12-01,305000,Buy,75,"[""삼성SDI는 전기차 배터리 시장의 성장과 함께 꾸준한 실적 개선이 예상됩니다."", ""최근 발표된 신규 배터리 기술 개발 소식은 향후 성장 동력 확보에 대한 기대감을 높이고 있습니다."", ""전반적인 시장 상황이 기술주 및 성장주에 우호적인 흐름을 보이고 있어 삼성SDI의 상승 여력이 충분하다고 판단됩니다.""]",-13.934426229508196
005380,현대차,2023-01-02,211500,Buy,75,"[""현대차는 최근 신차 출시 및 친환경차 판매 호조로 실적 개선 기대감이 높습니다."", ""글로벌 자동차 시장 회복세와 더불어 현대차의 경쟁력 강화는 주가 상승 요인으로 작용할 수 있습니다."", ""현재 주가는 밸류에이션 측면에서 매력적인 수준이며, 기관 투자자들의 매수세가 유입될 가능성이 있습니다.""]",-3.309692671394799
005380,현대차,2023-02-01,211500,Buy,75,"[""현대차는 최근 전기차 시장에서의 경쟁력 강화 및 신차 출시 효과로 인해 긍정적인 모멘텀을 유지하고 있습니다."", ""글로벌 자동차 시장의 회복세와 더불어 현대차의 수출 실적 개선 가능성이 주가 상승 요인으로 작용할 것으로 예상됩니다."", ""최근 외국인 투자자들의 순매수세가 유입되고 있으며, 이는 단기적인 주가 상승을 지지할 가능성이 높습니다.""]",-3.309692671394799
005380,현대차,2023-03-02,211500,Buy,75,"[""현대차는 최근 전기차 판매 호조와 신차 출시 효과로 실적 개선 기대감이 높습니다."", ""글로벌 자동차 시장의 회복세와 친환경차 전환 트렌드는 현대차에 긍정적인 영향을 미칠 것으로 예상됩니다."", ""최근 주가 조정을 거치며 밸류에이션 매력이 부각되고 있어 단기 반등 가능성이 있습니다.""]",-3.309692671394799
005380,현대차,2023-04-03,211500,Buy,75,"[""현대차는 최근 전기차 판매 호조와 신차 출시 효과로 실적 개선 기대감이 높습니다."", ""글로벌 자동차 시장 회복세와 더불어 현대차의 경쟁력 강화 전략이 주가 상승을 견인할 것으로 예상됩니다."", ""최근 외국인 투자자들의 매수세가 유입되고 있어 단기적인 상승 모멘텀이 작용할 가능성이 있습니다.""]",-3.309692671394799
005380,현대차,2023-05-02,211500,Buy,75,"[""현대차는 최근 신차 출시 및 친환경차 판매 호조로 실적 개선 기대감이 높습니다."", ""글로벌 자동차 시장의 회복세와 함께 현대차의 경쟁력 강화가 주가 상승 요인으로 작용할 수 있습니다."", ""최근 외국인 투자자들의 순매수세가 유입되며 긍정적인 수급 신호를 보이고 있습니다.""]",-3.309692671394799
005380,현대차,2023-06-01,211500,Buy,75,"[""현대차는 최근 전기차 판매 호조와 신차 출시 효과로 실적 개선 기대감이 높습니다."", ""글로벌 자동차 시장의 회복세와 친환경차 전환 트렌드는 현대차에 긍정적인 영향을 미칠 것으로 예상됩니다."", ""최근 주가 조정을 거치며 밸류에이션 매력도가 높아져 단기적인 상승 여력이 있다고 판단됩니다.""]",-3.309692671394799
005380,현대차,2023-07-03,211500,Buy,75,"[""현대차는 최근 전기차 판매 호조와 신차 출시 효과로 실적 개선 기대감이 높습니다."", ""글로벌 자동차 시장의 회복세와 친환경차 전환 트렌드는 현대차의 장기적인 성장 동력으로 작용할 것입니다."", ""최근 주가 조정을 거치며 밸류에이션 매력이 부각되고 있어 단기적인 반등 가능성이 있습니다.""]",-3.309692671394799
005380,현대차,2023-08-01,211500,Buy,75,"[""현대차는 최근 친환경차 전환 및 신기술 투자에 대한 긍정적인 전망으로 시장의 주목을 받고 있습니다."", ""글로벌 자동차 시장의 회복세와 더불어 현대차의 견조한 판매 실적이 주가 상승 모멘텀으로 작용할 가능성이 높습니다."", ""최근 기술적 분석상으로도 매물대 돌파 시도가 관찰되며, 추가적인 상승 여력이 기대됩니다.""]",-3.309692671394799
005380,현대차,2023-09-01,211500,Buy,75,"[""현대차는 최근 실적 개선과 신차 출시 효과로 인해 투자 심리가 긍정적으로 작용하고 있습니다."", ""글로벌 전기차 시장 성장세와 현대차의 전기차 라인업 강화 전략이 주가 상승 모멘텀으로 작용할 가능성이 높습니다."", ""최근 외국인 투자자들의 순매수세가 유입되며 수급 측면에서도 긍정적인 신호가 나타나고 있습니다.""]",-3.309692671394799
005380,현대차,2023-10-04,211500,Buy,75,"[""현대차는 최근 신차 출시 및 친환경차 판매 호조로 실적 개선 기대감이 높습니다."", ""글로벌 자동차 시장 회복세와 더불어 현대차의 경쟁력 강화는 주가 상승 요인으로 작용할 수 있습니다."", ""최근 외국인 투자자들의 매수세가 유입되고 있어 단기적인 주가 상승 가능성이 있습니다.""]",-3.309692671394799
005380,현대차,2023-11-01,211500,Buy,75,"[""현대차는 최근 전기차 시장에서의 경쟁력 강화와 신차 출시 효과로 인해 긍정적인 모멘텀을 유지하고 있습니다."", ""글로벌 자동차 시장의 회복세와 더불어 현대차의 견조한 실적 전망은 주가 상승을 뒷받침할 것으로 예상됩니다."", ""최근 외국인 투자자들의 순매수세가 유입되고 있어 단기적인 주가 상승 가능성을 높이고 있습니다.""]",-3.309692671394799
005380,현대차,2023-12-01,211500,Buy,75,"[""현대차는 최근 신차 출시 및 친환경차 판매 호조에 힘입어 실적 개선 기대감이 높습니다."", ""글로벌 자동차 시장의 회복세와 더불어 전기차 전환 가속화는 현대차의 장기적인 성장 동력으로 작용할 것으로 예상됩니다."", ""최근 외국인 투자자들의 순매수세가 유입되고 있으며, 이는 주가 상승에 긍정적인 영향을 미칠 수 있습니다.""]",-3.309692671394799
005380,현대차,2024-01-02,211500,Buy,75,"[""현대차는 최근 전기차 판매 호조와 신차 출시 모멘텀을 바탕으로 견조한 실적 개선세를 보이고 있습니다."", ""글로벌 자동차 시장의 점진적인 회복세와 더불어 친환경차 전환에 대한 기대감이 주가 상승 요인으로 작용할 수 있습니다."", ""최근 외국인 투자자들의 매수세가 유입되고 있어 단기적인 주가 상승 가능성이 높다고 판단됩니다.""]",-3.309692671394799
005380,현대차,2024-02-01,211500,Buy,75,"[""현대차는 최근 신차 출시 및 친환경차 판매 호조에 힘입어 실적 개선 기대감이 높아지고 있습니다."", ""글로벌 자동차 시장의 회복세와 더불어 현대차의 경쟁력 강화 전략이 주가 상승 모멘텀으로 작용할 가능성이 있습니다."", ""최근 외국인 투자자들의 순매수세가 유입되며 긍정적인 수급 신호를 보이고 있습니다.""]",-3.309692671394799
005380,현대차,2024-03-04,211500,Buy,75,"[""최근 현대차는 전기차 전환 가속화 및 신차 출시 효과로 인해 견조한 실적 개선세를 보이고 있습니다."", ""글로벌 자동차 시장의 점진적인 회복세와 더불어 현대차의 경쟁력 있는 신규 전기차 모델 출시는 주가 상승 모멘텀을 제공할 것으로 예상됩니다."", ""최근 외국인 투자자들의 순매수세가 유입되고 있으며, 이는 향후 20거래일 동안 긍정적인 주가 흐름을 뒷받침할 수 있습니다.""]",-3.309692671394799
005380,현대차,2024-04-01,211500,Buy,75,"[""현대차는 최근 전기차 판매 호조와 신차 출시 효과로 실적 개선 기대감이 높습니다."", ""글로벌 자동차 시장 회복세와 더불어 현대차의 친환경차 전환 전략이 긍정적인 모멘텀으로 작용할 것으로 예상됩니다."", ""최근 주가 조정을 거치며 밸류에이션 매력도가 높아져 단기적인 기술적 반등 가능성이 있습니다.""]",-3.309692671394799
005380,현대차,2024-05-02,211500,Buy,75,"[""현대차는 최근 신차 출시 및 친환경차 판매 호조로 실적 개선 기대감이 높습니다."", ""글로벌 자동차 시장 회복세와 더불어 반도체 수급난 완화 가능성이 긍정적인 영향을 줄 것으로 예상됩니다."", ""최근 주가 조정을 거치며 밸류에이션 매력이 부각되고 있어 단기 반등 가능성이 있습니다.""]",-3.309692671394799
005380,현대차,2024-06-03,211500,Buy,75,"[""현대차는 최근 전기차 판매 호조와 신차 출시 효과로 실적 개선 기대감이 높습니다."", ""글로벌 자동차 시장의 회복세와 친환경차 전환 트렌드는 현대차에 긍정적인 영향을 미칠 것으로 예상됩니다."", ""최근 주가 조정을 거치며 밸류에이션 매력도가 높아진 점도 매수 관점을 지지합니다.""]",-3.309692671394799
005380,현대차,2024-07-01,211500,Buy,75,"[""현대차는 최근 신차 출시 및 친환경차 판매 호조로 실적 개선 기대감이 높습니다."", ""글로벌 자동차 시장의 회복세와 더불어 현대차의 경쟁력 강화는 주가 상승 요인으로 작용할 수 있습니다."", ""최근 외국인 투자자들의 순매수세가 유입되며 긍정적인 수급 흐름을 보이고 있습니다.""]",-3.309692671394799
005380,현대차,2024-08-01,211500,Buy,75,"[""최근 현대차는 전기차 전환 가속화 및 신차 출시 효과로 인해 견조한 실적 개선세를 보이고 있습니다."", ""글로벌 자동차 시장의 회복세와 더불어 친환경차 수요 증가는 현대차의 장기적인 성장 동력으로 작용할 것으로 예상됩니다."", ""최근 주가 조정을 거치며 밸류에이션 매력도가 높아졌으며, 기관 투자자들의 매수세 유입 가능성이 있습니다.""]",-3.309692671394799
005380,현대차,2024-09-02,211500,Buy,75,"[""현대차는 최근 전기차 판매 호조와 신차 출시 효과로 인해 실적 개선 기대감이 높습니다."", ""글로벌 자동차 시장의 회복세와 더불어 현대차의 경쟁력 있는 신기술 및 친환경차 라인업은 긍정적인 투자 심리를 자극할 것으로 예상됩니다."", ""최근 주가 조정을 거치면서 밸류에이션 매력이 부각되고 있어 단기적인 상승 여력이 충분하다고 판단됩니다.""]",-3.309692671394799
005380,현대차,2024-10-02,211500,Buy,75,"[""최근 현대차는 전기차 전환 가속화 및 신차 출시 효과로 인해 견조한 실적 개선세를 보이고 있습니다."", ""글로벌 자동차 시장의 회복세와 더불어 현대차의 친환경차 라인업 경쟁력 강화는 향후 주가 상승 모멘텀으로 작용할 가능성이 높습니다."", ""현재 주가 수준은 밸류에이션 측면에서 매력적인 구간에 있으며, 기관 투자자들의 매수세 유입 또한 긍정적인 신호로 해석됩니다.""]",-3.309692671394799
005380,현대차,2024-11-01,211500,Buy,75,"[""현대차는 최근 전기차 판매 호조와 신차 출시 효과로 실적 개선 기대감이 높습니다."", ""글로벌 자동차 시장의 회복세와 더불어 현대차의 친환경차 전환 전략이 긍정적으로 작용할 것으로 예상됩니다."", ""최근 주가 조정을 거치며 밸류에이션 매력도가 높아져 단기적인 상승 여력이 충분하다고 판단됩니다.""]",-3.309692671394799
005380,현대차,2024-12-02,211500,Buy,75,"[""최근 현대차의 주가는 기술적 지표상 과매도 구간에서 반등 가능성을 시사하고 있습니다."", ""글로벌 전기차 시장의 성장세와 현대차의 신차 출시 및 판매 호조 전망은 긍정적인 요인으로 작용할 수 있습니다."", ""최근 증권사들의 목표주가 상향 조정 및 투자의견 '매수' 유지 리포트가 다수 발표되어 투자 심리에 긍정적인 영향을 줄 것으로 예상됩니다.""]",-3.309692671394799
005380,현대차,2025-01-02,213000,Buy,75,"[""현대차는 최근 신차 출시 및 친환경차 판매 호조로 실적 개선 기대감이 높습니다."", ""글로벌 자동차 시장 회복세와 더불어 현대차의 경쟁력 강화는 주가 상승 요인으로 작용할 수 있습니다."", ""최근 외국인 투자자들의 순매수세가 유입되며 긍정적인 수급 상황을 보이고 있습니다.""]",-4.460093896713615
005380,현대차,2025-02-03,201000,Buy,75,"[""현대차는 최근 전기차 판매 호조와 신차 출시 기대감으로 주가 상승 모멘텀을 확보하고 있습니다."", ""글로벌 자동차 시장의 회복세와 더불어 친환경차 전환에 대한 긍정적인 전망이 현대차의 주가에 긍정적인 영향을 미칠 것으로 예상됩니다."", ""기술적 분석상으로도 현재 주가 수준은 지지력을 확보하고 있으며, 단기적인 상승 추세 전환 가능성이 높습니다.""]",-3.134328358208955
005380,현대차,2025-03-04,194700,Buy,75,"[""현대차는 최근 전기차 판매 호조와 신차 출시 효과로 실적 개선 기대감이 높습니다."", ""글로벌 자동차 시장의 회복세와 함께 현대차의 점유율 확대 가능성이 긍정적으로 작용할 것으로 예상됩니다."", ""최근 주가 조정을 거치며 밸류에이션 매력이 부각되고 있어 단기 반등 가능성이 있습니다.""]",0.8217770929635336
005380,현대차,2025-04-01,196300,Buy,75,"[""최근 현대차는 전기차 전환 가속화 및 신차 출시 효과로 인해 견조한 실적 개선세를 보이고 있습니다."", ""글로벌 자동차 시장의 점진적인 회복세와 더불어 현대차의 경쟁력 있는 신차 라인업은 향후 주가 상승 모멘텀을 제공할 것으로 예상됩니다."", ""최근 외국인 투자자들의 순매수세가 유입되고 있으며, 이는 긍정적인 투자 심리를 반영하는 것으로 판단됩니다.""]",-2.9037187977585326
005380,현대차,2025-05-02,187600,Buy,75,"[""현대차는 최근 전기차 판매 호조와 신차 출시 효과로 인해 실적 개선 기대감이 높습니다."", ""글로벌 자동차 시장의 회복세와 더불어 친환경차 전환에 대한 긍정적인 전망이 주가 상승 요인으로 작용할 수 있습니다."", ""최근 외국인 투자자들의 매수세가 유입되고 있어 단기적인 상승 모멘텀이 기대됩니다.""]",1.0660980810234542
005380,현대차,2025-06-02,186000,Buy,75,"[""현대차는 최근 전기차 판매 호조와 신차 출시 효과로 실적 개선 기대감이 높습니다."", ""글로벌 자동차 시장의 회복세와 더불어 친환경차 전환에 대한 긍정적인 전망이 주가 상승 요인으로 작용할 수 있습니다."", ""최근 외국인 투자자들의 순매수세가 유입되고 있어 단기적인 주가 상승 모멘텀이 기대됩니다.""]",15.32258064516129
005380,현대차,2025-07-01,213500,Buy,75,"[""현대차는 최근 친환경차 전환 가속화 및 신차 출시 효과로 실적 개선 기대감이 높습니다."", ""글로벌 자동차 시장 회복세와 더불어 현대차의 점유율 확대 가능성이 긍정적으로 작용할 것으로 예상됩니다."", ""최근 주가 조정을 거치며 밸류에이션 매력도가 높아져 단기적인 반등 가능성이 있습니다.""]",4.449648711943794
005380,현대차,2025-08-01,211000,Buy,75,"[""현대차는 최근 신차 출시 및 친환경차 판매 호조로 실적 개선 기대감이 높습니다."", ""글로벌 자동차 시장 회복세와 더불어 현대차의 경쟁력 강화는 주가 상승 요인으로 작용할 수 있습니다."", ""최근 외국인 투자자들의 매수세가 유입되고 있어 단기적인 상승 모멘텀이 기대됩니다.""]",4.265402843601896
005380,현대차,2025-09-01,220000,Buy,75,"[""현대차는 최근 전기차 판매 호조와 신차 출시 효과로 실적 개선 기대감이 높습니다."", ""글로벌 자동차 시장 회복세와 더불어 친환경차 전환 가속화는 현대차의 장기적인 성장 동력으로 작용할 것입니다."", ""최근 주가 조정을 거치며 밸류에이션 매력도가 높아져 단기적인 상승 여력이 충분하다고 판단됩니다.""]",-2.272727272727273
005380,현대차,2025-10-01,220000,Buy,75,"[""최근 현대차는 전기차 판매 호조와 신차 출시 기대감으로 주가 상승 모멘텀을 확보하고 있습니다."", ""글로벌 자동차 시장의 회복세와 친환경차 전환 가속화는 현대차의 장기적인 성장 전망을 밝게 하고 있습니다."", ""현재 주가는 밸류에이션 측면에서 매력적인 수준이며, 기관 투자자들의 매수세가 유입될 가능성이 높습니다.""]",22.272727272727273
005380,현대차,2025-11-03,276000,Buy,75,"[""현대차는 최근 전기차 판매 호조와 신차 출시 효과로 실적 개선 기대감이 높습니다."", ""글로벌 자동차 시장의 회복세와 친환경차 전환 트렌드는 현대차에 긍정적인 영향을 미칠 것으로 예상됩니다."", ""최근 외국인 투자자들의 매수세가 유입되고 있으며, 기술적 분석상으로도 상승 추세가 유지되고 있습니다.""]",-3.6231884057971016
005380,현대차,2025-12-01,266000,Buy,75,"[""현대차는 최근 전기차 판매 호조와 신차 출시 기대감으로 주가 상승 모멘텀을 확보하고 있습니다."", ""글로벌 자동차 시장의 회복세와 더불어 친환경차 전환에 대한 긍정적인 전망이 현대차의 실적 개선을 뒷받침할 것으로 예상됩니다."", ""최근 외국인 투자자들의 순매수세가 유입되고 있어 단기적인 주가 상승 가능성이 높다고 판단됩니다.""]",12.218045112781954
000270,기아,2023-01-02,101600,Buy,75,"[""기아는 최근 신차 출시 및 판매 호조세를 바탕으로 견조한 실적 개선이 기대됩니다."", ""글로벌 자동차 시장의 점진적인 회복세와 전기차 전환 가속화는 기아의 장기적인 성장 동력으로 작용할 것입니다."", ""최근 주가 조정은 단기적인 수급 요인으로 판단되며, 펀더멘털 개선에 따른 반등 가능성이 높습니다.""]",-3.4448818897637796
000270,기아,2023-02-01,101600,Buy,75,"[""기아는 최근 신차 출시 및 친환경차 판매 호조에 힘입어 견조한 실적 개선세를 보이고 있습니다."", ""글로벌 자동차 시장의 회복세와 함께 전기차 전환 가속화는 기아의 장기적인 성장 동력으로 작용할 것으로 예상됩니다."", ""최근 주가 조정을 거치며 밸류에이션 매력이 부각되고 있어 단기적인 반등 가능성이 있습니다.""]",-3.4448818897637796
000270,기아,2023-03-02,101600,Buy,75,"[""최근 기아의 주가는 긍정적인 실적 발표와 신차 출시 효과에 힘입어 상승세를 보이고 있습니다."", ""글로벌 자동차 시장의 회복세와 전기차 전환 가속화는 기아의 중장기적인 성장 전망을 밝게 하고 있습니다."", ""현재 주가 수준은 밸류에이션 측면에서 매력적인 구간으로 판단되며, 단기적인 시장 대비 초과 상승 가능성이 높습니다.""]",-3.4448818897637796
000270,기아,2023-04-03,101600,Buy,75,"[""기아는 최근 신차 출시와 친환경차 판매 호조에 힘입어 견조한 실적 개선세를 보이고 있습니다."", ""글로벌 자동차 시장의 회복세와 더불어 기아의 경쟁력 있는 신차 라인업은 향후 주가 상승 모멘텀을 제공할 것으로 예상됩니다."", ""최근 외국인 투자자들의 매수세가 유입되고 있으며, 이는 단기적인 주가 상승을 지지할 가능성이 높습니다.""]",-3.4448818897637796
000270,기아,2023-05-02,101600,Buy,75,"[""기아는 최근 전기차 판매 호조와 신차 출시 효과로 인해 긍정적인 실적 전망을 유지하고 있습니다."", ""글로벌 자동차 시장의 회복세와 더불어 기아의 경쟁력 있는 신차 라인업은 향후 주가 상승 모멘텀을 제공할 것으로 예상됩니다."", ""최근 주가 조정을 거치면서 밸류에이션 매력도가 높아졌으며, 기관 투자자들의 매수세가 유입될 가능성이 있습니다.""]",-3.4448818897637796
000270,기아,2023-06-01,101600,Buy,75,"[""기아는 최근 견조한 실적 발표와 신차 출시 모멘텀을 바탕으로 시장 대비 우수한 성과를 보이고 있습니다."", ""글로벌 자동차 시장의 회복세와 전기차 전환 가속화는 기아의 장기적인 성장 전망을 긍정적으로 만들고 있습니다."", ""현재 주가는 밸류에이션 측면에서 매력적인 수준이며, 기관 투자자들의 매수세가 유입될 가능성이 있습니다.""]",-3.4448818897637796
000270,기아,2023-07-03,101600,Buy,75,"[""기아는 최근 신차 출시 및 판매 호조세를 바탕으로 견조한 실적 개선이 기대됩니다."", ""전기차 시장에서의 경쟁력 강화와 친환경차 라인업 확장은 장기적인 성장 동력으로 작용할 것입니다."", ""글로벌 자동차 수요 회복세와 함께 기아의 수출 물량 증가는 주가 상승에 긍정적인 영향을 줄 수 있습니다.""]",-3.4448818897637796
000270,기아,2023-08-01,101600,Buy,75,"[""최근 기아의 주가는 긍정적인 실적 발표와 신차 출시 효과에 힘입어 상승세를 보이고 있습니다."", ""글로벌 자동차 시장의 회복세와 전동화 전환 가속화는 기아의 장기적인 성장 전망을 밝게 하고 있습니다."", ""현재 주가 수준은 밸류에이션 측면에서 매력적인 구간으로 판단되며, 단기적인 시장 대비 초과 상승 가능성이 있습니다.""]",-3.4448818897637796
000270,기아,2023-09-01,101600,Buy,75,"[""기아는 최근 신차 출시 및 친환경차 판매 호조에 힘입어 견조한 실적 개선세를 보이고 있습니다."", ""글로벌 자동차 시장의 회복세와 함께 기아의 경쟁력 있는 신차 라인업은 향후 20거래일 동안 긍정적인 주가 흐름을 뒷받침할 것으로 예상됩니다."", ""최근 외국인 투자자들의 순매수세가 유입되고 있어 단기적인 주가 상승 모멘텀이 강화될 가능성이 있습니다.""]",-3.4448818897637796
000270,기아,2023-10-04,101600,Buy,75,"[""최근 기아의 주가는 긍정적인 실적 발표와 신차 출시 효과에 힘입어 상승세를 보이고 있습니다."", ""전기차 시장에서의 경쟁력 강화와 친환경차 라인업 확대는 장기적인 성장 동력으로 작용할 것으로 예상됩니다."", ""글로벌 자동차 수요 회복세와 더불어 주요 시장에서의 판매량 증가는 향후 20거래일 동안 주가 상승에 긍정적인 영향을 미칠 가능성이 높습니다.""]",-3.4448818897637796
000270,기아,2023-11-01,101600,Buy,75,"[""기아는 최근 신차 출시 및 판매 호조세를 이어가며 실적 개선 기대감이 높습니다."", ""글로벌 자동차 시장의 점진적인 회복세와 전기차 전환 가속화는 기아의 장기적인 성장 동력으로 작용할 것입니다."", ""최근 주가 조정은 단기적인 수급 요인으로 판단되며, 펀더멘털 개선에 기반한 상승 여력이 충분하다고 판단됩니다.""]",-3.4448818897637796
000270,기아,2023-12-01,101600,Buy,75,"[""최근 기아의 주가는 긍정적인 실적 발표와 신차 출시 효과에 힘입어 상승세를 보이고 있습니다."", ""글로벌 자동차 시장의 회복세와 친환경차 부문의 경쟁력 강화는 향후 주가 상승에 긍정적인 요인으로 작용할 것으로 예상됩니다."", ""현재 주가 수준은 밸류에이션 측면에서 매력적인 구간에 있어 단기적인 추가 상승 가능성이 높다고 판단됩니다.""]",-3.4448818897637796
000270,기아,2024-01-02,101600,Buy,75,"[""최근 기아는 견조한 실적 발표와 신차 출시 효과로 인해 투자 심리가 긍정적으로 작용하고 있습니다."", ""글로벌 자동차 시장의 회복세와 더불어 전기차 전환 가속화는 기아의 장기적인 성장 동력으로 작용할 것으로 예상됩니다."", ""현재 주가는 밸류에이션 측면에서 매력적인 수준에 있으며, 단기적인 시장 조정 이후에도 상승 여력이 충분하다고 판단됩니다.""]",-3.4448818897637796
000270,기아,2024-02-01,101600,Buy,75,"[""기아는 최근 몇 분기 동안 견조한 실적을 발표하며 수익성을 개선하고 있습니다."", ""전기차 시장에서의 경쟁력 강화와 신차 출시 모멘텀이 긍정적인 영향을 미칠 것으로 예상됩니다."", ""글로벌 자동차 수요 회복세와 함께 기아의 수출 실적 또한 개선될 가능성이 높습니다.""]",-3.4448818897637796
000270,기아,2024-03-04,101600,Buy,75,"[""기아는 최근 견조한 판매 실적과 신차 출시 효과로 인해 시장 대비 상승 모멘텀을 유지할 것으로 예상됩니다."", ""전기차 시장의 성장세와 함께 기아의 전동화 전략이 긍정적인 평가를 받고 있어 투자 심리에 긍정적인 영향을 미칠 수 있습니다."", ""글로벌 자동차 시장의 회복세와 더불어 원자재 가격 안정화 가능성은 기아의 수익성 개선에 기여할 수 있습니다.""]",-3.4448818897637796
000270,기아,2024-04-01,101600,Buy,75,"[""기아는 최근 신차 출시와 친환경차 판매 호조에 힘입어 견조한 실적 개선세를 보이고 있습니다."", ""글로벌 자동차 시장의 회복세와 함께 기아의 경쟁력 있는 신차 라인업은 향후 20거래일 동안 긍정적인 주가 흐름을 뒷받침할 것으로 예상됩니다."", ""최근 외국인 투자자들의 순매수세가 유입되고 있어 투자 심리 개선에 기여할 가능성이 있습니다.""]",-3.4448818897637796
000270,기아,2024-05-02,101600,Buy,75,"[""기아는 최근 견조한 판매 실적과 신차 출시 효과로 인해 시장 대비 강세를 보일 가능성이 높습니다."", ""글로벌 자동차 시장의 회복세와 친환경차 전환 가속화는 기아의 장기적인 성장 전망을 긍정적으로 만들고 있습니다."", ""현재 주가는 밸류에이션 측면에서 매력적인 수준이며, 기관 투자자들의 매수세가 유입될 경우 상승 탄력을 받을 수 있습니다.""]",-3.4448818897637796
000270,기아,2024-06-03,101600,Buy,75,"[""최근 기아의 주가는 긍정적인 실적 발표와 신차 출시 효과에 힘입어 상승세를 보이고 있습니다."", ""글로벌 자동차 시장의 회복세와 더불어 전기차 전환에 대한 기대감이 주가에 긍정적인 영향을 미칠 것으로 예상됩니다."", ""최근 외국인 투자자들의 순매수세가 유입되고 있어 단기적인 상승 모멘텀이 유지될 가능성이 높습니다.""]",-3.4448818897637796
000270,기아,2024-07-01,101600,Buy,75,"[""기아는 최근 신차 출시와 친환경차 판매 호조에 힘입어 견조한 실적 개선세를 보이고 있습니다."", ""글로벌 자동차 시장의 점진적인 회복세와 더불어 기아의 경쟁력 있는 신차 라인업은 향후 주가 상승 모멘텀을 제공할 것으로 예상됩니다."", ""최근 외국인 투자자들의 순매수세가 유입되고 있어 단기적인 주가 상승 가능성을 높이고 있습니다.""]",-3.4448818897637796
000270,기아,2024-08-01,101600,Buy,75,"[""기아는 최근 견조한 실적 발표와 신차 출시 효과로 인해 투자 심리가 긍정적으로 작용하고 있습니다."", ""글로벌 자동차 시장의 회복세와 전기차 전환 가속화에 대한 기대감이 주가 상승 모멘텀으로 작용할 가능성이 높습니다."", ""현재 주가 수준은 밸류에이션 측면에서 매력적인 구간으로 판단되며, 단기적인 시장 대비 초과 상승을 기대해 볼 수 있습니다.""]",-3.4448818897637796
000270,기아,2024-10-02,101600,Buy,75,"[""기아는 최근 견조한 판매 실적과 신차 출시 효과로 인해 시장 대비 상승 모멘텀을 유지할 것으로 예상됩니다."", ""글로벌 자동차 시장의 회복세와 친환경차 전환 가속화는 기아의 장기적인 성장 전망을 긍정적으로 만들고 있습니다."", ""현재 주가는 밸류에이션 측면에서 매력적인 수준이며, 기관 투자자들의 매수세가 유입될 가능성이 있습니다.""]",-3.4448818897637796
000270,기아,2024-11-01,101600,Buy,75,"[""기아는 최근 신차 출시 및 판매 호조세를 바탕으로 견조한 실적 개선이 기대됩니다."", ""글로벌 전기차 시장 성장세와 함께 기아의 전기차 라인업 경쟁력이 부각될 가능성이 높습니다."", ""최근 주가 조정을 거치며 밸류에이션 매력이 부각되고 있으며, 기관 투자자들의 매수세가 유입될 여지가 있습니다.""]",-3.4448818897637796
000270,기아,2024-12-02,101600,Buy,75,"[""최근 기아의 주가는 긍정적인 실적 발표와 신차 출시 모멘텀에 힘입어 상승세를 보이고 있습니다."", ""글로벌 자동차 시장의 회복세와 전기차 전환 가속화는 기아의 장기적인 성장 전망을 밝게 하고 있습니다."", ""현재 주가 수준은 밸류에이션 측면에서 매력적인 구간으로 판단되며, 단기적인 시장 대비 초과 상승 가능성이 존재합니다.""]",-3.4448818897637796
000270,기아,2025-01-02,100700,Buy,75,"[""최근 기아의 주가는 긍정적인 실적 발표와 신차 출시 효과에 힘입어 상승세를 보이고 있습니다."", ""글로벌 자동차 시장의 회복세와 전기차 전환 가속화는 기아의 중장기적인 성장 전망을 밝게 하고 있습니다."", ""현재 주가 수준은 밸류에이션 측면에서 매력적인 구간으로 판단되며, 단기적인 추가 상승 가능성이 존재합니다.""]",-1.8867924528301887
000270,기아,2025-02-03,96700,Buy,75,"[""기아는 최근 견조한 판매 실적과 신차 출시 효과로 인해 시장 대비 강세를 보일 가능성이 높습니다."", ""글로벌 자동차 시장의 회복세와 친환경차 전환 가속화는 기아의 장기적인 성장 전망을 긍정적으로 만들고 있습니다."", ""최근 외국인 투자자들의 순매수세가 유입되고 있어 단기적인 주가 상승 모멘텀이 기대됩니다.""]",-0.8273009307135472
000270,기아,2025-03-04,95900,Buy,75,"[""기아는 최근 견조한 실적 발표와 신차 출시 효과로 인해 투자 심리가 긍정적으로 작용하고 있습니다."", ""글로벌 자동차 시장의 점진적인 회복세와 전기차 전환 가속화는 기아의 장기적인 성장 잠재력을 뒷받침합니다."", ""현재 주가는 밸류에이션 측면에서 매력적인 수준에 있으며, 단기적인 시장의 관심이 지속될 가능성이 높습니다.""]",-3.962460896767466
000270,기아,2025-04-01,92100,Buy,75,"[""기아는 최근 견조한 실적 발표와 신차 출시 효과로 인해 시장 대비 강한 상승 모멘텀을 보이고 있습니다."", ""글로벌 자동차 시장의 회복세와 친환경차 판매 증가는 기아의 향후 실적 전망을 긍정적으로 만들고 있습니다."", ""기술적 분석상으로도 주요 이동평균선들이 정배열을 이루며 상승 추세를 지지하고 있어 단기적인 추가 상승 가능성이 높습니다.""]",-1.8458197611292075
000270,기아,2025-05-02,88100,Buy,75,"[""기아는 최근 견조한 판매 실적과 신차 출시 효과로 인해 시장 대비 상승 모멘텀을 유지할 가능성이 높습니다."", ""글로벌 자동차 시장의 회복세와 친환경차 전환 가속화는 기아의 장기적인 성장 전망을 긍정적으로 만들고 있습니다."", ""최근 외국인 및 기관 투자자들의 순매수세가 유입되고 있어 단기적인 주가 상승을 뒷받침할 것으로 예상됩니다.""]",5.675368898978434
000270,기아,2025-07-01,100000,Buy,75,"[""기아는 최근 신차 출시 및 판매 호조세를 바탕으로 견조한 실적 개선이 기대됩니다."", ""글로벌 자동차 시장의 회복세와 더불어 친환경차 라인업 강화 전략이 긍정적인 모멘텀으로 작용할 가능성이 높습니다."", ""현재 주가는 밸류에이션 측면에서 매력적인 수준이며, 기관 투자자들의 매수세 유입이 지속될 것으로 예상됩니다.""]",10.4
000270,기아,2025-08-01,102800,Buy,75,"[""기아는 최근 신차 출시 및 친환경차 판매 호조로 실적 개선 기대감이 높습니다."", ""글로벌 자동차 시장 회복세와 더불어 기아의 경쟁력 있는 신차 라인업이 주가 상승을 견인할 것으로 예상됩니다."", ""최근 외국인 투자자들의 순매수세가 유입되며 긍정적인 수급 신호를 보내고 있습니다.""]",4.280155642023346
000270,기아,2025-09-01,107200,Buy,75,"[""기아는 최근 신차 출시 및 판매 호조세를 이어가며 실적 개선 기대감이 높습니다."", ""글로벌 자동차 시장의 회복세와 더불어 전기차 전환 전략이 긍정적인 모멘텀으로 작용할 것으로 예상됩니다."", ""최근 주가 조정 이후 기술적 반등 가능성이 있으며, 기관 투자자들의 매수세가 유입될 경우 상승 탄력이 붙을 수 있습니다.""]",-6.063432835820896
000270,기아,2025-10-01,104200,Buy,75,"[""기아는 최근 신차 출시 및 판매 호조세를 바탕으로 견조한 실적 개선이 기대됩니다."", ""전기차 시장에서의 경쟁력 강화와 친환경차 라인업 확대는 장기적인 성장 동력으로 작용할 것입니다."", ""글로벌 자동차 시장의 회복세와 더불어 기아의 브랜드 가치 상승은 주가에 긍정적인 영향을 미칠 것으로 예상됩니다.""]",7.485604606525912
000270,기아,2025-11-03,114400,Buy,75,"[""기아는 최근 견조한 판매 실적과 신차 출시 효과로 인해 시장 대비 강세를 보일 가능성이 높습니다."", ""글로벌 자동차 시장의 회복세와 친환경차 전환 가속화는 기아의 장기적인 성장 전망을 긍정적으로 만들고 있습니다."", ""현재 주가 수준은 밸류에이션 측면에서 매력적인 구간에 있어 단기적인 상승 여력이 있다고 판단됩니다.""]",2.272727272727273
000270,기아,2025-12-01,117000,Buy,75,"[""최근 기아는 견조한 판매 실적과 신차 출시 효과에 힘입어 주가 상승 모멘텀을 유지하고 있습니다."", ""글로벌 자동차 시장의 회복세와 친환경차 전환 가속화는 기아의 장기적인 성장 전망을 밝게 하고 있습니다."", ""현재 주가는 밸류에이션 측면에서 매력적인 수준이며, 기관 투자자들의 매수세가 유입될 가능성이 있습니다.""]",3.076923076923077
105560,KB금융,2023-01-02,83400,Buy,75,"[""KB금융은 최근 실적 개선과 배당 매력으로 인해 투자 심리가 긍정적으로 작용할 가능성이 높습니다."", ""금융 섹터 전반의 저평가 인식과 금리 인하 기대감은 KB금융 주가에 긍정적인 영향을 줄 수 있습니다."", ""최근 외국인 매수세가 유입되고 있어 단기적인 상승 모멘텀이 기대됩니다.""]",9.112709832134293
105560,KB금융,2023-02-01,83400,Buy,75,"[""KB금융은 최근 실적 발표에서 견조한 순이익을 기록하며 시장의 기대를 충족시켰습니다."", ""금융 섹터 전반에 대한 긍정적인 전망과 함께 금리 인상 가능성이 낮아지면서 은행주의 투자 매력이 부각되고 있습니다."", ""최근 외국인 투자자들의 순매수세가 유입되며 주가 상승에 대한 기대감을 높이고 있습니다.""]",9.112709832134293
105560,KB금융,2023-03-02,83400,Buy,75,"[""KB금융은 최근 실적 개선과 배당 매력으로 인해 투자자들의 관심이 높아지고 있습니다."", ""금융 업종 전반에 대한 긍정적인 전망과 금리 인하 가능성이 KB금융의 주가 상승에 기여할 수 있습니다."", ""기술적 분석상으로도 현재 주가는 지지선을 형성하고 있으며, 단기 상승 추세로 전환될 가능성이 있습니다.""]",9.112709832134293
105560,KB금융,2023-04-03,83400,Buy,75,"[""KB금융은 최근 실적 개선과 배당 매력으로 인해 투자 심리가 긍정적으로 작용하고 있습니다."", ""금리 인상 기조가 완화될 가능성이 제기되면서 금융 업종 전반에 대한 투자 심리가 회복될 것으로 예상됩니다."", ""기술적 분석상 단기 이동평균선들이 정배열을 이루며 상승 추세의 초기 국면을 나타내고 있습니다.""]",9.112709832134293
105560,KB금융,2023-05-02,83400,Buy,75,"[""KB금융은 최근 실적 개선과 배당 매력으로 인해 투자 심리가 긍정적으로 작용하고 있습니다."", ""금융 섹터 전반의 저평가 인식과 금리 인하 기대감은 KB금융 주가에 긍정적인 영향을 줄 수 있습니다."", ""기술적 분석상 단기 지지선을 확보하고 상승 추세로 전환될 가능성이 있습니다.""]",9.112709832134293
105560,KB금융,2023-07-03,83400,Buy,75,"[""KB금융은 최근 실적 개선과 배당 매력으로 인해 투자 심리가 긍정적으로 작용하고 있습니다."", ""금융 섹터 전반의 저평가 매력이 부각되면서 KB금융 역시 상승 여력이 충분하다고 판단됩니다."", ""최근 증권사들의 목표주가 상향 조정이 이어지면서 단기적인 상승 모멘텀이 기대됩니다.""]",9.112709832134293
105560,KB금융,2023-08-01,83400,Buy,75,"[""KB금융은 최근 실적 개선세와 배당 매력이 부각되며 기관 투자자들의 매수세가 유입되고 있습니다."", ""금융 업종 전반에 대한 긍정적인 전망과 금리 인하 기대감은 KB금융의 주가 상승에 우호적인 환경을 조성할 것으로 예상됩니다."", ""기술적 분석상으로도 주요 지지선을 성공적으로 돌파하며 상승 추세 전환의 신호를 보이고 있습니다.""]",9.112709832134293
105560,KB금융,2023-09-01,83400,Buy,75,"[""KB금융은 최근 실적 개선세와 배당 매력이 부각되며 기관 투자자들의 매수세가 유입되고 있습니다."", ""금융 섹터 전반의 긍정적인 전망과 금리 인하 기대감은 KB금융의 주가 상승에 우호적인 환경을 조성할 것으로 예상됩니다."", ""기술적 분석상으로도 주요 지지선을 돌파하며 상승 추세가 강화되는 모습입니다.""]",9.112709832134293
105560,KB금융,2023-10-04,83400,Buy,75,"[""KB금융은 최근 실적 개선과 배당 매력으로 인해 투자 심리가 긍정적입니다."", ""금융 섹터 전반의 저평가 인식과 금리 인상 가능성은 은행주의 추가 상승 여력을 시사합니다."", ""기술적 분석상 단기 이동평균선들이 정배열을 이루며 상승 추세를 지지하고 있습니다.""]",9.112709832134293
105560,KB금융,2023-11-01,83400,Buy,75,"[""KB금융은 최근 실적 개선과 배당 매력으로 인해 투자 심리가 긍정적으로 작용할 가능성이 높습니다."", ""금융 섹터 전반의 저평가 매력이 부각되면서 KB금융 역시 상승 여력이 충분하다고 판단됩니다."", ""향후 20거래일 동안 금리 인하 기대감 등 거시 경제 환경 변화가 금융주에 우호적으로 작용할 수 있습니다.""]",9.112709832134293
105560,KB금융,2023-12-01,83400,Buy,75,"[""KB금융은 최근 실적 개선과 배당 매력으로 인해 투자 심리가 긍정적으로 작용하고 있습니다."", ""금융 섹터 전반의 상대적 강세와 금리 인하 기대감은 KB금융의 주가 상승 모멘텀을 강화할 수 있습니다."", ""기술적 분석상 주요 지지선을 성공적으로 돌파하며 상승 추세 전환 가능성을 시사하고 있습니다.""]",9.112709832134293
105560,KB금융,2024-01-02,83400,Buy,75,"[""KB금융은 최근 실적 개선과 배당 매력으로 인해 투자자들의 관심이 높아지고 있습니다."", ""금융 섹터 전반의 긍정적인 전망과 금리 인하 가능성은 KB금융의 주가 상승에 우호적인 환경을 조성할 수 있습니다."", ""기술적 분석상으로도 현재 주가 수준은 지지력을 확보하고 있으며, 단기 상승 추세로 전환될 가능성이 있습니다.""]",9.112709832134293
105560,KB금융,2024-02-01,83400,Buy,75,"[""KB금융은 최근 실적 개선과 배당 매력으로 인해 투자자들의 관심을 받고 있습니다."", ""금융 섹터 전반의 긍정적인 전망과 금리 인하 가능성은 KB금융의 주가 상승에 긍정적인 영향을 줄 수 있습니다."", ""기술적 분석상으로도 현재 주가는 지지선을 형성하며 반등 가능성을 시사하고 있습니다.""]",9.112709832134293
105560,KB금융,2024-03-04,83400,Neutral,50,"[""KB금융은 현재 83,400원으로, 단기적인 급등락보다는 안정적인 흐름을 보일 가능성이 높습니다."", ""최근 금융 시장 전반의 불확실성이 존재하며, 이는 KB금융의 주가에도 영향을 미칠 수 있습니다."", ""향후 20거래일 동안 뚜렷한 상승 또는 하락을 이끌 만한 강력한 모멘텀이 현재로서는 부족합니다.""]",9.112709832134293
105560,KB금융,2024-04-01,83400,Buy,75,"[""KB금융은 최근 실적 개선과 배당 매력으로 인해 투자자들의 관심을 받고 있습니다."", ""금융 업종 전반에 대한 긍정적인 전망과 금리 인하 기대감이 주가 상승 요인으로 작용할 수 있습니다."", ""기술적 분석상 단기 이동평균선들이 정배열을 이루며 상승 추세를 지지하고 있습니다.""]",9.112709832134293
105560,KB금융,2024-05-02,83400,Buy,75,"[""KB금융은 금융 업종 내에서 안정적인 실적을 바탕으로 꾸준한 주가 흐름을 보여왔습니다."", ""최근 금리 인상 가능성과 경기 회복 기대감은 금융주의 투자 매력을 높이는 요인으로 작용할 수 있습니다."", ""기관 투자자들의 매수세가 유입되는 움직임은 단기적인 주가 상승을 지지할 가능성이 있습니다.""]",9.112709832134293
105560,KB금융,2024-06-03,83400,Buy,75,"[""KB금융은 최근 실적 개선과 배당 매력으로 인해 투자 심리가 긍정적으로 작용하고 있습니다."", ""금융 업종 전반의 저평가 인식과 금리 인상 가능성 축소는 은행주의 상승 여력을 높이는 요인입니다."", ""기관 투자자들의 꾸준한 매수세는 단기적인 주가 상승을 지지할 것으로 예상됩니다.""]",9.112709832134293
105560,KB금융,2024-07-01,83400,Buy,75,"[""KB금융은 최근 실적 개선과 배당 매력으로 인해 투자 심리가 긍정적으로 작용하고 있습니다."", ""금융 섹터 전반의 저평가 매력이 부각되면서 KB금융 역시 상승 여력이 충분하다고 판단됩니다."", ""향후 20거래일 동안 금리 인하 가능성 및 경기 회복 기대감이 금융주에 우호적인 환경을 조성할 것으로 예상됩니다.""]",9.112709832134293
105560,KB금융,2024-08-01,83400,Buy,75,"[""KB금융은 최근 실적 개선세와 배당 매력으로 인해 투자자들의 관심을 받고 있습니다."", ""금융 섹터 전반의 긍정적인 전망과 금리 인하 가능성은 KB금융의 주가 상승에 우호적인 환경을 조성할 수 있습니다."", ""기술적 분석상 단기 지지선을 형성하며 반등 가능성을 시사하고 있습니다.""]",9.112709832134293
105560,KB금융,2024-09-02,83400,Buy,75,"[""KB금융은 최근 실적 개선 및 배당 매력 부각으로 기관 투자자들의 매수세가 유입되고 있습니다."", ""금융 업종 전반의 턴어라운드 기대감과 함께 금리 인하 가능성 시사로 향후 실적 전망이 긍정적입니다."", ""현재 주가는 밸류에이션 측면에서 매력적인 수준이며, 단기적인 상승 여력이 충분하다고 판단됩니다.""]",9.112709832134293
105560,KB금융,2024-10-02,83400,Buy,75,"[""KB금융은 최근 실적 개선과 배당 매력으로 인해 투자 심리가 긍정적으로 작용하고 있습니다."", ""금융 업종 전반에 대한 저평가 인식이 확산되면서 KB금융 역시 상승 여력이 충분하다고 판단됩니다."", ""최근 주가 흐름이 단기 저항선을 돌파하며 상승 추세로 전환될 가능성을 시사하고 있습니다.""]",9.112709832134293
105560,KB금융,2024-11-01,83400,Buy,75,"[""KB금융은 최근 실적 개선과 배당 매력으로 인해 투자 심리가 긍정적으로 작용하고 있습니다."", ""금융 섹터 전반의 저평가 매력이 부각되면서 KB금융 역시 상승 여력이 충분하다고 판단됩니다."", ""향후 금리 인상 가능성 및 정부의 금융 규제 완화 기대감은 KB금융의 수익성 개선에 긍정적인 영향을 줄 수 있습니다.""]",9.112709832134293
105560,KB금융,2024-12-02,83400,Buy,75,"[""KB금융은 최근 실적 개선과 배당 매력으로 인해 투자 심리가 긍정적으로 작용하고 있습니다."", ""금융 섹터 전반의 저평가 매력이 부각되면서 KB금융 또한 상승 여력이 충분하다고 판단됩니다."", ""최근 외국인 순매수세가 유입되고 있어 단기적인 주가 상승을 견인할 가능성이 있습니다.""]",9.112709832134293
105560,KB금융,2025-01-02,83800,Buy,75,"[""KB금융은 최근 실적 개선세와 배당 매력이 부각되며 기관 투자자들의 매수세가 유입되고 있습니다."", ""금융 섹터 전반의 긍정적인 전망과 금리 인하 기대감은 KB금융의 주가 상승에 우호적인 환경을 조성할 것으로 예상됩니다."", ""기술적 분석상으로도 주요 이동평균선들이 정배열을 이루며 상승 추세가 강화되는 모습입니다.""]",1.3126491646778042
105560,KB금융,2025-02-03,91300,Buy,75,"[""KB금융은 최근 실적 개선과 배당 매력으로 인해 투자자들의 관심이 높아지고 있습니다."", ""금융 섹터 전반의 긍정적인 전망과 금리 인하 기대감은 KB금융의 주가 상승에 긍정적인 영향을 줄 수 있습니다."", ""기술적 분석상 단기 지지선을 확보하고 상승 추세로 전환될 가능성이 있습니다.""]",-16.10076670317634
105560,KB금융,2025-03-04,76600,Buy,75,"[""KB금융은 최근 실적 개선과 배당 매력으로 인해 투자 심리가 긍정적으로 작용하고 있습니다."", ""금융 섹터 전반의 저평가 매력이 부각되면서 KB금융 역시 상승 여력이 충분하다고 판단됩니다."", ""금리 인하 기대감은 금융주의 이자 마진 개선에 긍정적인 영향을 미칠 수 있습니다.""]",5.091383812010443
105560,KB금융,2025-04-01,80500,Buy,75,"[""KB금융은 최근 실적 개선세와 배당 매력으로 인해 투자자들의 관심을 받고 있습니다."", ""금융 섹터 전반의 저평가 매력이 부각되면서 KB금융 역시 상승 여력이 충분하다고 판단됩니다."", ""향후 금리 인하 가능성이 낮아지면서 은행주의 마진 개선 기대감이 유지될 것으로 예상됩니다.""]",12.049689440993788
105560,KB금융,2025-05-02,93600,Buy,75,"[""KB금융은 최근 실적 개선과 배당 매력으로 인해 투자 심리가 긍정적으로 작용할 가능성이 높습니다."", ""금융 섹터 전반의 저평가 매력이 부각되면서 KB금융 역시 상승 여력을 확보하고 있습니다."", ""향후 20거래일 동안 금리 인하 기대감 등 거시 경제 환경 변화가 금융주에 우호적으로 작용할 수 있습니다.""]",13.568376068376068
105560,KB금융,2025-06-02,107900,Buy,75,"[""KB금융은 최근 실적 개선과 배당 매력으로 인해 투자 심리가 긍정적으로 작용할 가능성이 높습니다."", ""금리 인상 기조가 완화될 조짐을 보이면서 금융 업종 전반에 대한 투자 매력이 부각될 수 있습니다."", ""기관 투자자들의 꾸준한 매수세가 유입되고 있어 단기적인 주가 상승을 견인할 것으로 예상됩니다.""]",8.341056533827619
105560,KB금융,2025-07-01,113500,Buy,75,"[""KB금융은 최근 실적 개선세와 배당 매력으로 인해 투자자들의 관심이 높아지고 있습니다."", ""금융 섹터 전반의 긍정적인 전망과 금리 인하 가능성은 KB금융의 주가 상승에 우호적인 환경을 조성할 수 있습니다."", ""기술적 분석상으로도 단기 상승 추세가 관찰되며, 주요 지지선을 성공적으로 방어하는 모습을 보이고 있습니다.""]",-0.6167400881057269
105560,KB금융,2025-08-01,108400,Buy,75,"[""KB금융은 최근 실적 개선과 배당 매력으로 인해 투자자들의 관심을 받고 있습니다."", ""금융 섹터 전반의 긍정적인 전망과 금리 인하 가능성은 KB금융의 주가 상승에 우호적인 환경을 조성할 수 있습니다."", ""기관 투자자들의 꾸준한 매수세는 단기적인 주가 상승을 뒷받침할 것으로 예상됩니다.""]",0.36900369003690037
105560,KB금융,2025-09-01,108800,Buy,75,"[""KB금융은 최근 실적 개선과 배당 매력으로 인해 투자자들의 관심이 높아지고 있습니다."", ""금융 섹터 전반의 긍정적인 전망과 금리 인하 가능성은 KB금융의 주가 상승에 우호적인 환경을 조성할 수 있습니다."", ""현재 주가는 밸류에이션 측면에서 매력적인 수준으로 판단되며, 단기적인 상승 여력이 충분하다고 예상됩니다.""]",6.158088235294118
105560,KB금융,2025-10-01,116800,Buy,75,"[""KB금융은 최근 금리 인상 기대감과 견조한 실적 발표로 인해 투자 심리가 긍정적으로 작용하고 있습니다."", ""금융 업종 전반에 대한 저평가 인식과 배당 매력이 부각되면서 기관 투자자들의 매수세가 유입될 가능성이 높습니다."", ""향후 20거래일 동안 시장 전반의 변동성이 크지 않다면, KB금융은 상대적으로 안정적인 흐름 속에서 상승세를 이어갈 것으로 예상됩니다.""]",7.277397260273973
105560,KB금융,2025-11-03,121900,Buy,75,"[""KB금융은 최근 실적 개선과 배당 매력으로 인해 투자자들의 관심을 받고 있습니다."", ""금융 섹터 전반의 긍정적인 전망과 금리 인하 기대감은 KB금융의 주가 상승에 긍정적인 영향을 줄 수 있습니다."", ""기술적 분석상 단기 지지선을 확보하고 상승 추세로 전환될 가능성이 있습니다.""]",8.285479901558656
105560,KB금융,2025-12-01,132000,Buy,75,"[""KB금융은 최근 실적 개선과 배당 매력으로 인해 투자자들의 관심이 높아지고 있습니다."", ""금융 섹터 전반의 긍정적인 전망과 금리 인상 가능성은 KB금융의 수익성 개선에 기여할 것으로 예상됩니다."", ""기술적 분석상 단기 지지선을 형성하며 상승 추세로 전환될 가능성이 있습니다.""]",-6.59090909090909
055550,신한지주,2023-01-02,47750,Neutral,55,"[""신한지주는 현재 20일 이동평균선과 60일 이동평균선이 수렴하는 구간에 위치하여 단기적인 방향성 판단이 어렵습니다."", ""최근 5거래일간 거래량이 평균 거래량 대비 크게 증가하지 않아 추세 전환의 강한 신호는 포착되지 않고 있습니다."", ""금융 섹터 전반의 불확실성이 존재하며, 금리 인상 및 경기 침체 우려가 신한지주의 주가에 미치는 영향이 상반되게 작용할 수 있습니다.""]",6.178010471204189
055550,신한지주,2023-02-01,47750,Buy,75,"[""신한지주는 금융 업종 대표주로서 금리 인상 및 경기 회복 기대감에 따른 수혜가 예상됩니다."", ""최근 실적 발표에서 견조한 이익 성장세를 보여주며 주가 상승 모멘텀을 확보했습니다."", ""기술적 분석상 단기 이동평균선들이 정배열을 이루며 상승 추세가 강화되는 모습입니다.""]",6.178010471204189
055550,신한지주,2023-03-02,47750,Neutral,50,"[""신한지주의 최근 주가 흐름은 뚜렷한 상승 또는 하락 추세를 보이지 않고 횡보하는 모습을 보이고 있습니다."", ""현재 금리 인상 가능성이 낮아지고 경기 침체 우려가 완화되면서 금융 업종 전반에 대한 투자 심리가 중립적인 상황입니다."", ""향후 20거래일 동안 신한지주의 주가에 큰 영향을 미칠 만한 특별한 이벤트나 뉴스가 부재하여 명확한 방향성을 예측하기 어렵습니다.""]",6.178010471204189
055550,신한지주,2023-04-03,47750,Neutral,50,"[""신한지주의 최근 주가 흐름은 뚜렷한 상승 또는 하락 추세를 보이지 않고 횡보하는 경향을 나타내고 있습니다."", ""현재 금리 인상 사이클의 정점 가능성과 향후 금리 인하 기대감이 혼재되어 금융 업종 전반의 방향성 예측이 어려운 상황입니다."", ""거시 경제 지표 및 금융 시장 전반의 불확실성이 신한지주의 단기적인 투자 방향성을 명확하게 판단하기 어렵게 만들고 있습니다.""]",6.178010471204189
055550,신한지주,2023-05-02,47750,Buy,70,"[""신한지주는 금융 섹터 내에서 안정적인 실적과 배당 매력을 바탕으로 꾸준한 수요가 예상됩니다."", ""최근 금리 인하 기대감과 경기 회복 조짐은 금융주의 투자 심리를 개선시키는 요인으로 작용할 수 있습니다."", ""기술적 분석상 현재 주가는 지지선 부근에서 반등 가능성을 보이고 있으며, 단기 상승 추세 전환을 기대해 볼 수 있습니다.""]",6.178010471204189
055550,신한지주,2023-06-01,47750,Buy,75,"[""신한지주는 금융지주회사로서 경기 회복 및 금리 인상 기대감에 따른 실적 개선 가능성이 높습니다."", ""최근 주가 하락으로 밸류에이션 매력이 부각되고 있으며, 배당 매력 또한 높아 투자 심리를 자극할 수 있습니다."", ""기관 및 외국인 투자자들의 순매수세가 지속될 경우 단기적인 상승 모멘텀을 확보할 수 있습니다.""]",6.178010471204189
055550,신한지주,2023-07-03,47750,Neutral,55,"[""신한지주는 현재 20일 이동평균선과 60일 이동평균선이 횡보하며 뚜렷한 추세를 보이지 않고 있습니다."", ""최근 5거래일간 거래량이 평균 이하로 거래량이 실린 상승 또는 하락이 나타나지 않아 방향성 판단이 어렵습니다."", ""향후 20거래일 동안 금리 인하 기대감과 금융 규제 완화 가능성 등 긍정적인 요인과 경기 침체 우려 등 부정적인 요인이 혼재하여 주가 변동성이 제한적일 것으로 예상됩니다.""]",6.178010471204189
055550,신한지주,2023-08-01,47750,Neutral,55,"[""신한지주의 최근 20거래일 주가 추세는 뚜렷한 상승 또는 하락 모멘텀을 보이지 않고 횡보하는 경향을 나타내고 있습니다."", ""현재 금리 인상 기조가 완화될 가능성이 제기되면서 금융 업종 전반에 대한 투자 심리가 혼조세를 보이고 있으며, 이는 신한지주 주가에도 영향을 미칠 수 있습니다."", ""거시 경제 지표 및 국내외 금융 시장의 불확실성이 여전히 존재하여 단기적인 방향성을 명확하게 예측하기 어렵습니다.""]",6.178010471204189
055550,신한지주,2023-09-01,47750,Neutral,50,"[""신한지주의 최근 주가 흐름은 뚜렷한 상승 또는 하락 추세를 보이지 않고 횡보하는 모습을 보이고 있습니다."", ""금융 업종 전반의 투자 심리가 현재로서는 중립적인 상황이며, 20거래일 내 큰 변동성을 야기할 만한 거시 경제 지표나 업종 특이 이슈가 부각되지 않고 있습니다."", ""향후 금리 정책 변화, 부동산 시장 동향, 금융 규제 완화/강화 등 외부 요인에 따라 주가 방향성이 달라질 수 있어 현재 시점에서는 명확한 매수 또는 매도 신호를 판단하기 어렵습니다.""]",6.178010471204189
055550,신한지주,2023-10-04,47750,Neutral,50,"[""신한지주의 최근 20거래일 주가 추세는 뚜렷한 상승 또는 하락 모멘텀을 보여주지 않고 횡보하는 경향을 보이고 있습니다."", ""현재 금리 인상 가능성이 낮아지고 경기 둔화 우려가 부각되면서 금융 업종 전반의 투자 심리가 중립적인 상황입니다."", ""향후 20거래일 동안 신한지주의 주가 방향성을 결정할 만한 강력한 상승 또는 하락 요인이 현재로서는 명확하게 부각되지 않고 있습니다.""]",6.178010471204189
055550,신한지주,2023-11-01,47750,Buy,75,"[""신한지주는 최근 실적 개선과 배당 매력으로 인해 투자자들의 관심이 높아지고 있습니다."", ""금융 섹터 전반의 긍정적인 전망과 금리 인하 가능성은 은행주의 주가 상승을 견인할 수 있습니다."", ""현재 주가는 밸류에이션 측면에서 매력적인 수준으로, 추가적인 상승 여력이 있다고 판단됩니다.""]",6.178010471204189
055550,신한지주,2023-12-01,47750,Neutral,50,"[""최근 신한지주의 주가는 횡보세를 보이며 뚜렷한 방향성을 나타내지 않고 있습니다."", ""금융주는 금리 변동 및 정부 정책 등 거시 경제 지표에 민감하게 반응하는 경향이 있어 단기적인 방향 예측이 어렵습니다."", ""현재 시장 전반의 불확실성이 높아 신한지주 역시 뚜렷한 상승 또는 하락 모멘텀을 찾기 어렵습니다.""]",6.178010471204189
055550,신한지주,2024-01-02,47750,Neutral,55,"[""신한지주의 최근 주가 흐름은 뚜렷한 상승 또는 하락 추세를 보이지 않고 횡보하는 구간에 있습니다."", ""현재 금리 인상 기조의 완화 가능성과 금융주 전반의 밸류에이션 매력은 긍정적인 요인이지만, 경기 침체 우려와 부동산 PF 부실 리스크는 하방 압력으로 작용할 수 있습니다."", ""향후 20거래일 동안 발표될 주요 경제 지표 및 금융 당국의 정책 변화에 따라 주가 방향성이 결정될 가능성이 높아 현재로서는 명확한 방향성을 판단하기 어렵습니다.""]",6.178010471204189
055550,신한지주,2024-02-01,47750,Neutral,50,"[""신한지주의 최근 주가 흐름은 뚜렷한 상승 또는 하락 추세를 보이지 않고 횡보하는 경향을 나타내고 있습니다."", ""현재 금리 인상 가능성이 낮아지고 경기 둔화 우려가 공존하는 시장 환경에서 금융주는 방향성 판단이 어려운 상황입니다."", ""향후 20거래일 동안 특별한 모멘텀이 발생하지 않는다면 현재와 같은 중립적인 흐름이 이어질 가능성이 높습니다.""]",6.178010471204189
055550,신한지주,2024-03-04,47750,Neutral,55,"[""신한지주의 최근 주가 흐름은 뚜렷한 상승 또는 하락 추세를 보이지 않고 횡보하는 구간에 있습니다."", ""현재 금리 인상 기조가 완화될 조짐을 보이고 있어 금융 업종 전반에 긍정적인 영향을 줄 수 있으나, 경기 침체 우려 또한 상존하여 불확실성이 존재합니다."", ""단기적인 시장 변동성과 거시 경제 지표의 불확실성을 고려할 때, 향후 20거래일 내 명확한 시장 대비 상승 또는 하락을 예측하기 어렵습니다.""]",6.178010471204189
055550,신한지주,2024-04-01,47750,Neutral,55,"[""신한지주는 금융업종 대표주로서 시장 전반의 흐름에 민감하게 반응하는 경향이 있습니다."", ""최근 금리 인상 기조 완화 가능성과 경기 둔화 우려가 혼재하며 금융주에 대한 투자 심리가 불확실한 상황입니다."", ""특별한 모멘텀이 부재한 상황에서 단기적인 시장 방향성을 예측하기에는 변동성이 존재합니다.""]",6.178010471204189
055550,신한지주,2024-05-02,47750,Buy,75,"[""신한지주는 금융 업종 내에서 안정적인 실적과 배당 매력을 바탕으로 꾸준한 투자 수요가 예상됩니다."", ""최근 금리 인하 기대감과 경기 회복 조짐은 금융주의 투자 심리를 긍정적으로 이끌 수 있습니다."", ""기술적 분석상 현재 주가는 지지선 부근에서 반등 가능성을 보이고 있으며, 단기 상승 추세 전환을 시도할 수 있습니다.""]",6.178010471204189
055550,신한지주,2024-06-03,47750,Neutral,50,"[""신한지주의 최근 주가 흐름은 뚜렷한 상승 또는 하락 추세를 보이지 않고 횡보하는 경향을 나타내고 있습니다."", ""현재 금리 인상 기조가 완화될 조짐을 보이고 있으나, 향후 금리 정책 방향에 대한 불확실성이 남아 있어 금융 업종 전반의 투자 심리에 영향을 미칠 수 있습니다."", ""거시 경제 지표 및 국내외 금융 시장의 변동성이 신한지주의 단기 주가 방향성에 대한 명확한 예측을 어렵게 만들고 있습니다.""]",6.178010471204189
055550,신한지주,2024-07-01,47750,Neutral,50,"[""신한지주의 최근 20거래일 주가 추세는 뚜렷한 상승 또는 하락 모멘텀을 보여주지 않고 횡보하는 경향을 보이고 있습니다."", ""현재 금리 인상 가능성이 낮아지고 경기 둔화 우려가 부각되면서 금융 업종 전반에 대한 투자 심리가 중립적인 상황입니다."", ""특별한 대외 악재나 호재가 부각되지 않는 한, 단기적으로 시장 대비 큰 폭의 상승 또는 하락을 기대하기 어렵습니다.""]",6.178010471204189
055550,신한지주,2024-08-01,47750,Buy,70,"[""신한지주는 금융 업종 내에서 안정적인 실적과 배당 매력을 보유하고 있어 시장 대비 강세를 보일 가능성이 있습니다."", ""최근 금리 인상 기조 완화 및 경기 회복 기대감은 금융주의 투자 심리를 개선시키는 요인으로 작용할 수 있습니다."", ""기술적 분석상 현재 주가는 지지선 부근에 위치하며, 단기 반등 가능성이 존재합니다.""]",6.178010471204189
055550,신한지주,2024-09-02,47750,Neutral,55,"[""신한지주는 금융업종 대장주로서 시장 전반의 흐름에 민감하게 반응하는 경향이 있습니다."", ""최근 금리 인상 가능성 축소 및 경기 둔화 우려로 인해 금융주 전반의 상승 동력이 약화된 측면이 있습니다."", ""하지만 배당 매력과 안정적인 실적 기반은 하방 경직성을 제공하여 급격한 하락보다는 횡보 가능성이 높습니다.""]",6.178010471204189
055550,신한지주,2024-10-02,47750,Buy,70,"[""금융 섹터 전반의 저평가 매력이 부각되고 있으며, 신한지주는 대표적인 금융지주로서 이러한 흐름에 수혜를 받을 가능성이 높습니다."", ""최근 발표된 실적 개선 및 배당 기대감은 주가 상승의 긍정적인 요인으로 작용할 수 있습니다."", ""금리 인하 가능성이 점쳐지면서 금융주의 투자 매력이 상대적으로 높아질 수 있습니다.""]",6.178010471204189
055550,신한지주,2024-11-01,47750,Buy,75,"[""신한지주는 금융 업종 내에서 안정적인 실적과 배당 매력을 바탕으로 꾸준한 투자 수요를 기대할 수 있습니다."", ""최근 금리 인상 기조 완화 가능성이 제기되면서 금융주의 밸류에이션 부담이 완화될 수 있습니다."", ""증권사 리포트 등에서 목표 주가를 상향 조정하는 등 긍정적인 전망이 나오고 있습니다.""]",6.178010471204189
055550,신한지주,2024-12-02,47750,Buy,75,"[""신한지주는 금융 업종 내에서 안정적인 실적과 배당 매력을 보유하고 있어 시장 대비 강세가 예상됩니다."", ""최근 금리 인상 기조 완화 가능성이 제기되면서 금융주의 투자 심리가 개선될 여지가 있습니다."", ""주가 하락 시 저가 매수세 유입 가능성이 높아 단기적인 상승 전환을 기대해 볼 수 있습니다.""]",6.178010471204189
055550,신한지주,2025-01-02,48200,Buy,75,"[""신한지주는 금융 업종 내에서 안정적인 실적을 바탕으로 꾸준한 배당 매력을 보유하고 있습니다."", ""최근 금리 인상 기조 완화 가능성이 제기되면서 금융주의 밸류에이션 부담이 완화될 수 있다는 기대감이 있습니다."", ""증권사들의 목표주가 상향 조정 및 투자의견 '매수' 의견이 다수 제시되고 있어 단기적인 상승 모멘텀이 기대됩니다.""]",3.7344398340248963
055550,신한지주,2025-02-03,51000,Buy,75,"[""신한지주는 금융업종 내에서 안정적인 실적과 배당 매력을 보유하고 있어 시장 대비 상대적 강세를 보일 가능성이 있습니다."", ""최근 금리 인상 기조 완화 및 경기 회복 기대감은 금융주의 투자 심리를 개선시키는 요인으로 작용할 수 있습니다."", ""기술적 분석상 현재 주가는 지지선 부근에 위치하며, 단기 반등 가능성이 존재합니다.""]",-12.450980392156863
055550,신한지주,2025-03-04,44650,Buy,75,"[""신한지주는 금융업종 대표주로서 금리 인상 사이클의 수혜가 예상됩니다."", ""최근 실적 발표에서 견조한 순이익 증가세를 기록하며 펀더멘털이 강화되었습니다."", ""현재 주가는 밸류에이션 측면에서 저평가 구간에 있어 상승 여력이 충분하다고 판단됩니다.""]",9.070548712206048
055550,신한지주,2025-04-01,48700,Buy,75,"[""신한지주는 금융 업종 대표주로서 금리 인상 기조 완화 및 경기 회복 기대감에 따른 금융주 전반의 긍정적인 흐름이 예상됩니다."", ""최근 실적 발표에서 견조한 순이익 증가세를 기록하며 펀더멘털 측면에서 안정적인 모습을 보이고 있습니다."", ""배당 매력 또한 높아 주가 하방 경직성을 확보하고 있어 단기적인 상승 모멘텀을 기대해 볼 수 있습니다.""]",5.544147843942506
055550,신한지주,2025-05-02,51100,Buy,75,"[""신한지주는 금융 업종 내에서 안정적인 실적을 바탕으로 꾸준한 배당 매력을 가지고 있어 시장 대비 상승 가능성이 있습니다."", ""최근 금리 인상 기조 완화 및 경기 회복 기대감은 금융주의 투자 심리를 개선시키는 요인으로 작용할 수 있습니다."", ""주가 수준이 과거 고점 대비 하락한 상태에서 기술적 반등 가능성을 고려할 때, 20거래일 내 단기 상승 모멘텀을 기대해 볼 수 있습니다.""]",15.851272015655576
055550,신한지주,2025-06-02,59900,Buy,75,"[""신한지주는 최근 실적 개선세와 배당 매력으로 인해 투자자들의 관심을 받고 있습니다."", ""금융 섹터 전반의 긍정적인 전망과 금리 인하 기대감은 은행주의 상승 모멘텀을 강화할 수 있습니다."", ""현재 주가는 밸류에이션 측면에서 매력적인 수준으로, 단기적인 시장 대비 초과 상승 가능성이 존재합니다.""]",6.3439065108514185
055550,신한지주,2025-07-01,61700,Neutral,50,"[""신한지주는 금융 업종 대표주로서 시장 전반의 흐름에 민감하게 반응할 가능성이 높습니다."", ""최근 금리 인상 기조 완화 기대감과 경기 침체 우려가 혼재하며 금융주에 대한 투자 심리가 불확실한 상황입니다."", ""뚜렷한 상승 또는 하락 모멘텀을 찾기 어렵고, 향후 20거래일 내 시장 대비 명확한 방향성을 예측하기에는 정보가 부족합니다.""]",11.66936790923825
055550,신한지주,2025-08-01,65900,Buy,75,"[""신한지주는 금융 섹터 내에서 안정적인 실적과 배당 매력을 보유하고 있어 시장 대비 강세를 보일 가능성이 높습니다."", ""최근 금리 인상 기조 완화 및 경기 회복 기대감은 금융주의 투자 심리를 개선시키는 요인으로 작용할 수 있습니다."", ""기술적 분석상 현재 주가는 지지선 근처에 위치하며, 단기 반등 가능성이 존재합니다.""]",-1.5174506828528074
055550,신한지주,2025-09-01,64900,Buy,75,"[""신한지주는 금융 업종 내에서 안정적인 실적과 배당 매력을 보유하고 있어 시장 대비 상대적 강세를 보일 가능성이 높습니다."", ""최근 금리 인하 기대감이 완화되면서 은행주의 밸류에이션 매력이 부각되고 있으며, 신한지주 역시 이러한 흐름에 수혜를 볼 수 있습니다."", ""최근 주가 흐름이 긍정적인 추세를 보이고 있으며, 단기적인 기술적 지표들도 상승 가능성을 시사하고 있습니다.""]",9.090909090909092
055550,신한지주,2025-10-01,71400,Neutral,50,"[""신한지주의 최근 주가 흐름은 뚜렷한 상승 또는 하락 추세를 보이지 않고 횡보하는 구간에 있습니다."", ""금융주는 금리 변동, 정부 정책, 경기 상황 등 다양한 거시 경제 요인에 민감하게 반응하는데, 현재 시장의 불확실성이 높아 단기적인 방향성을 예측하기 어렵습니다."", ""향후 20거래일 동안 신한지주에 영향을 미칠 만한 특별한 호재나 악재가 부각되지 않는 이상, 시장 대비 큰 폭의 상승 또는 하락을 기대하기는 어렵습니다.""]",10.92436974789916
055550,신한지주,2025-11-03,76400,Buy,75,"[""신한지주는 금융업종 내에서 안정적인 실적을 바탕으로 꾸준한 배당 매력을 보유하고 있습니다."", ""최근 금리 인상 가능성이 낮아지고 있어 금융주의 부담이 완화될 것으로 예상됩니다."", ""증권사들의 목표주가 상향 조정 등 긍정적인 리포트들이 나오고 있어 단기적인 상승 모멘텀이 기대됩니다.""]",6.544502617801047
055550,신한지주,2025-12-01,81400,Buy,75,"[""신한지주는 금융업종의 대표주로서 경기 회복 기대감과 함께 안정적인 배당 매력을 보유하고 있습니다."", ""최근 금리 인하 가능성이 낮아지면서 은행주의 마진 개선 기대감이 유지되고 있으며, 이는 신한지주 주가에 긍정적인 영향을 줄 수 있습니다."", ""현재 주가는 밸류에이션 측면에서 매력적인 수준이며, 기관 투자자들의 꾸준한 매수세가 관찰되고 있습니다.""]",-5.896805896805897
017670,SK텔레콤,2023-01-02,56100,Neutral,50,"[""SK텔레콤은 통신업종의 대표주로서 안정적인 실적을 바탕으로 하방 경직성을 확보하고 있습니다."", ""최근 AI 사업 확장 및 신규 서비스 출시 등 성장 동력 확보를 위한 노력이 진행되고 있으나, 아직 가시적인 성과로 이어지기까지는 시간이 필요할 것으로 보입니다."", ""전반적인 시장 상황 및 금리 변동성 등 거시 경제 요인이 SK텔레콤의 주가에 미치는 영향 또한 고려해야 하므로 단기적인 방향성 판단이 어렵습니다.""]",-0.53475935828877
017670,SK텔레콤,2023-02-01,56100,Neutral,50,"[""SK텔레콤은 통신 업종의 안정적인 사업 모델을 기반으로 하지만, 최근 주가 흐름은 뚜렷한 상승 또는 하락 추세를 보이지 않고 횡보하는 모습을 보이고 있습니다."", ""AI 사업 성장 기대감과 더불어 통신 시장의 경쟁 심화 및 규제 리스크가 상존하여 단기적인 방향성 판단이 어렵습니다."", ""거시 경제 불확실성과 금리 변동성 또한 SK텔레콤 주가에 영향을 미칠 수 있어, 20거래일 내 명확한 시장 대비 상승 또는 하락을 예측하기에는 근거가 부족합니다.""]",-0.53475935828877
017670,SK텔레콤,2023-03-02,56100,Neutral,50,"[""SK텔레콤은 통신업종의 특성상 경기 변동에 상대적으로 둔감한 방어주 성격을 가지므로 단기 급등락보다는 안정적인 흐름을 보일 가능성이 높습니다."", ""최근 통신주 전반의 밸류에이션 매력이 부각되고 있으나, 금리 인상 가능성 및 통신비 인하 압력 등 상방 및 하방 요인이 혼재하여 뚜렷한 방향성을 예측하기 어렵습니다."", ""AI 데이터센터, 클라우드 등 신사업 성장 기대감은 긍정적이나, 아직까지는 전통 통신 사업의 실적이 주가에 더 큰 영향을 미치는 것으로 판단됩니다.""]",-0.53475935828877
017670,SK텔레콤,2023-04-03,56100,Neutral,50,"[""SK텔레콤은 통신 업종의 대표적인 대형주로서 시장 전반의 흐름에 큰 영향을 받습니다."", ""최근 통신 업종은 금리 인상 우려와 규제 강화 가능성 등으로 인해 상승 동력이 제한적인 모습을 보이고 있습니다."", ""다만, SK텔레콤은 AI 사업 성장 기대감과 배당 매력 등 긍정적인 요인도 함께 가지고 있어 단기적인 방향성을 명확히 판단하기 어렵습니다.""]",-0.53475935828877
017670,SK텔레콤,2023-05-02,56100,Neutral,50,"[""SK텔레콤은 통신업종의 특성상 경기 변동에 상대적으로 덜 민감하지만, 최근 금리 인상 및 인플레이션 우려로 인해 전반적인 시장 투자 심리가 위축될 가능성이 있습니다."", ""AI 기술 투자 확대 및 신사업 부문 성장에 대한 기대감은 긍정적인 요인이지만, 단기적인 실적 개선 모멘텀은 아직 불확실합니다."", ""현재 주가는 밸류에이션 측면에서 매력적인 수준으로 평가될 수 있으나, 20거래일이라는 단기적인 관점에서 뚜렷한 상승 또는 하락 추세를 예상하기는 어렵습니다.""]",-0.53475935828877
017670,SK텔레콤,2023-06-01,56100,Buy,75,"[""SK텔레콤은 통신 시장의 안정적인 성장과 더불어 AI 및 미디어 사업 등 신성장 동력 확보에 대한 기대감이 존재합니다."", ""최근 통신주 전반에 대한 저평가 인식과 배당 매력이 부각되면서 기관 및 외국인 투자자들의 매수세가 유입될 가능성이 있습니다."", ""거시 경제 불확실성 속에서도 필수재 성격의 통신 서비스는 상대적으로 경기 방어적인 특성을 가지며, 이는 투자 심리 안정에 기여할 수 있습니다.""]",-0.53475935828877
017670,SK텔레콤,2023-07-03,56100,Buy,75,"[""SK텔레콤은 최근 통신 3사 중 가장 높은 배당수익률을 기록하며 투자 매력도를 높이고 있습니다."", ""AI 사업의 성장 가능성과 더불어 SK하이닉스의 실적 개선 기대감이 SK텔레콤의 주가에 긍정적인 영향을 미칠 수 있습니다."", ""최근 주가 하락 후 기술적 반등 가능성이 있으며, 시장 전반의 낙관적인 분위기도 긍정적 요인으로 작용할 수 있습니다.""]",-0.53475935828877
017670,SK텔레콤,2023-08-01,56100,Neutral,50,"[""SK텔레콤은 통신 업종의 대표주로서 안정적인 수익을 창출하지만, 최근 시장 전반의 변동성이 커 투자 방향을 명확히 판단하기 어렵습니다."", ""5G 투자 확대 및 신사업 추진 등 성장 동력 확보 노력은 긍정적이나, 경쟁 심화 및 규제 리스크는 하방 압력으로 작용할 수 있습니다."", ""향후 20거래일 동안 거시 경제 지표 변화, 통신 정책 발표, 경쟁사 동향 등 다양한 변수에 따라 주가 방향성이 달라질 수 있어 신중한 접근이 필요합니다.""]",-0.53475935828877
017670,SK텔레콤,2023-09-01,56100,Neutral,50,"[""SK텔레콤은 통신업종의 대표주로서 안정적인 실적을 바탕으로 꾸준한 주가 흐름을 보일 가능성이 높습니다."", ""최근 시장 전반의 변동성이 커지고 있어 SK텔레콤 역시 단기적인 방향성을 명확히 예측하기 어렵습니다."", ""AI 사업 등 신성장 동력에 대한 기대감과 통신 시장의 경쟁 심화라는 상반된 요인이 혼재하여 투자 심리에 영향을 미칠 수 있습니다.""]",-0.53475935828877
017670,SK텔레콤,2023-10-04,56100,Neutral,50,"[""SK텔레콤은 통신 업종의 특성상 급격한 변동보다는 안정적인 흐름을 보이는 경향이 있습니다."", ""최근 시장 전반의 불확실성이 높아 SK텔레콤만의 뚜렷한 상승 또는 하락 모멘텀을 판단하기 어렵습니다."", ""향후 20거래일 동안 거시 경제 지표 변화, 통신 정책 발표, 경쟁사 동향 등 추가적인 정보 확인이 필요합니다.""]",-0.53475935828877
017670,SK텔레콤,2023-11-01,56100,Neutral,50,"[""SK텔레콤은 통신업종의 대표주로서 안정적인 실적을 바탕으로 꾸준한 주가 흐름을 보이고 있습니다."", ""최근 시장 전반의 변동성이 커지면서 SK텔레콤 역시 뚜렷한 방향성을 잡지 못하고 횡보하는 모습을 보이고 있습니다."", ""AI 사업 확장 등 신성장 동력에 대한 기대감은 있으나, 단기적으로 시장 전반의 불확실성이 해소되지 않는 이상 급격한 상승 또는 하락을 예상하기 어렵습니다.""]",-0.53475935828877
017670,SK텔레콤,2023-12-01,56100,Neutral,50,"[""SK텔레콤은 통신 업종의 대표주로서 안정적인 수익을 창출하지만, 최근 주가 흐름은 뚜렷한 방향성을 보이지 않고 있습니다."", ""AI 사업 성장 기대감과 더불어 통신 시장의 경쟁 심화 및 규제 리스크가 혼재되어 있어 단기적인 상승 또는 하락을 단정하기 어렵습니다."", ""거시 경제 지표 및 통신 산업 전반의 동향을 추가적으로 분석해야 보다 명확한 투자 방향 설정이 가능합니다.""]",-0.53475935828877
017670,SK텔레콤,2024-01-02,56100,Neutral,50,"[""SK텔레콤은 통신 업종 내에서 안정적인 사업 모델을 가지고 있으나, 최근 시장 전반의 변동성이 커 투자 방향성을 명확히 판단하기 어렵습니다."", ""AI 사업 성장 기대감과 더불어 통신 사업의 안정적인 수익 창출이 긍정적 요인으로 작용할 수 있습니다."", ""하지만 금리 인상 가능성, 글로벌 경기 둔화 우려 등 거시 경제적 불확실성이 주가에 하방 압력으로 작용할 수 있어 보수적인 접근이 필요합니다.""]",-0.53475935828877
017670,SK텔레콤,2024-02-01,56100,Neutral,50,"[""SK텔레콤은 통신업종의 특성상 경기 변동에 상대적으로 덜 민감하지만, 최근 금리 인상 및 인플레이션 우려로 인한 투자 심리 위축이 주가에 부담으로 작용할 수 있습니다."", ""5G 가입자 증가 및 신규 사업(AI, 메타버스 등) 성장에 대한 기대감은 긍정적인 요인이지만, 아직 가시적인 성과로 이어지기까지는 시간이 필요할 것으로 보입니다."", ""최근 주가 흐름이 뚜렷한 상승 또는 하락 추세를 보이지 않고 있어 향후 20거래일 내 방향성을 단정하기 어렵습니다.""]",-0.53475935828877
017670,SK텔레콤,2024-03-04,56100,Neutral,50,"[""SK텔레콤은 통신업종의 특성상 경기 변동에 상대적으로 둔감한 방어주 성격을 가지고 있어 단기적인 시장 방향성에 크게 영향을 받지 않을 수 있습니다."", ""최근 통신업종 전반의 밸류에이션 매력이 부각되고 있으나, 5G 투자 확대 및 신사업 성과 가시화 등 추가적인 상승 모멘텀이 명확하게 나타나기 전까지는 보수적인 접근이 필요합니다."", ""금리 인상 가능성, 가계 통신비 부담 완화 정책 등 거시 경제 및 정책적 요인이 SK텔레콤의 주가에 상반된 영향을 미칠 수 있어 단기적인 방향성을 예측하기 어렵습니다.""]",-0.53475935828877
017670,SK텔레콤,2024-04-01,56100,Neutral,50,"[""SK텔레콤은 통신업종의 대표주로서 안정적인 수익 기반을 가지고 있으나, 최근 시장 전반의 변동성이 커지면서 뚜렷한 방향성을 보이지 않고 있습니다."", ""5G 가입자 증가 및 신규 사업(AI, 미디어 등) 성장에 대한 기대감은 긍정적인 요인이지만, 금리 인상 우려 및 경기 침체 가능성은 하방 압력으로 작용할 수 있습니다."", ""향후 20거래일 동안의 구체적인 시장 방향성 및 SK텔레콤에 영향을 미칠 만한 새로운 모멘텀이 부재하여 명확한 매수 또는 매도 신호를 제시하기 어렵습니다.""]",-0.53475935828877
017670,SK텔레콤,2024-05-02,56100,Neutral,50,"[""SK텔레콤은 통신업종의 대표주로서 안정적인 실적을 바탕으로 꾸준한 주가 흐름을 보이고 있습니다."", ""최근 시장 전반의 변동성이 커지면서 SK텔레콤 역시 뚜렷한 방향성을 보이지 않고 관망세를 유지하고 있습니다."", ""AI 사업 성장 기대감과 통신 시장 경쟁 심화 우려가 혼재되어 있어 향후 20거래일 내 명확한 상승 또는 하락 추세를 예측하기 어렵습니다.""]",-0.53475935828877
017670,SK텔레콤,2024-06-03,56100,Neutral,50,"[""SK텔레콤은 통신 업종의 대표주로서 안정적인 실적을 기반으로 하지만, 최근 시장 전반의 변동성이 커지면서 뚜렷한 방향성을 잡기 어려운 상황입니다."", ""AI 사업 성장 기대감과 더불어 통신 사업의 안정적인 수익이 주가에 긍정적인 영향을 줄 수 있으나, 금리 인상 및 경기 침체 우려 등 거시 경제 불확실성이 하방 압력으로 작용할 수 있습니다."", ""단기적인 기술적 지표만으로는 명확한 매수 또는 매도 신호를 포착하기 어려워, 향후 20거래일 동안 시장 상황 및 업종 내 경쟁 구도 변화를 좀 더 지켜볼 필요가 있습니다.""]",-0.53475935828877
017670,SK텔레콤,2024-07-01,56100,Buy,75,"[""SK텔레콤은 최근 통신 3사 중 가장 낮은 밸류에이션을 기록하고 있어 저가 매수 기회가 될 수 있습니다."", ""AI 사업 성장 기대감과 더불어 구독 서비스 확대 등 신사업 모멘텀이 주가 상승을 견인할 가능성이 있습니다."", ""증권사들의 목표 주가 상향 조정 및 투자의견 '매수' 의견이 다수 제시되고 있어 긍정적인 전망을 뒷받침합니다.""]",-0.53475935828877
017670,SK텔레콤,2024-08-01,56100,Neutral,50,"[""SK텔레콤은 통신 업종의 안정적인 사업 모델을 기반으로 하지만, 최근 주가 흐름은 뚜렷한 상승 또는 하락 추세를 보이지 않고 횡보하는 모습을 보이고 있습니다."", ""AI 사업 성장 기대감과 더불어 통신 시장 경쟁 심화 및 규제 리스크 등 상반된 요인이 혼재하여 단기적인 방향성 예측이 어렵습니다."", ""거시 경제 불확실성과 금리 변동성 또한 SK텔레콤 주가에 영향을 미칠 수 있는 요인으로, 20거래일 내 명확한 시장 대비 초과 상승 또는 하락을 단정하기 어렵습니다.""]",-0.53475935828877
017670,SK텔레콤,2024-09-02,56100,Neutral,50,"[""SK텔레콤은 통신업종의 대표주로서 안정적인 실적을 바탕으로 하방 경직성을 보일 가능성이 높습니다."", ""하지만 최근 금리 인상 및 경기 침체 우려로 인해 성장주 대비 가치주에 대한 투자 심리가 위축될 수 있습니다."", ""AI 사업 성장 기대감과 통신 시장 경쟁 심화라는 상반된 요인이 혼재하여 단기적인 방향성 판단이 어렵습니다.""]",-0.53475935828877
017670,SK텔레콤,2024-10-02,56100,Neutral,50,"[""SK텔레콤은 통신업종의 대표주로서 안정적인 실적을 바탕으로 하방 경직성을 확보하고 있습니다."", ""최근 통신주 전반에 대한 투자 심리가 개선되고 있으나, 금리 인상 가능성 및 경기 침체 우려가 여전히 남아있어 뚜렷한 상승 동력을 기대하기는 어렵습니다."", ""AI 사업 성장 기대감은 긍정적 요인이지만, 단기적인 주가 상승을 견인할 만큼의 구체적인 성과가 가시화되기까지는 시간이 필요할 것으로 판단됩니다.""]",-0.53475935828877
017670,SK텔레콤,2024-11-01,56100,Neutral,50,"[""SK텔레콤은 통신업종의 안정적인 사업 기반과 더불어 AI 사업 성장 기대감이 공존하고 있어 단기적인 방향성 판단이 어렵습니다."", ""최근 주가 흐름은 뚜렷한 추세를 보이지 않고 있으며, 시장 전반의 변동성에 영향을 받을 가능성이 있습니다."", ""AI 관련 신규 사업 성과 및 통신 시장 경쟁 환경 변화 등 추가적인 정보 확인이 필요합니다.""]",-0.53475935828877
017670,SK텔레콤,2024-12-02,56100,Neutral,50,"[""SK텔레콤은 통신업종의 대표주로서 안정적인 실적을 바탕으로 하지만, 최근 주가 흐름은 뚜렷한 방향성을 보이지 않고 있습니다."", ""AI 사업 성장 기대감과 더불어 통신 시장 경쟁 심화 및 규제 리스크가 상존하여 투자 심리가 혼조세를 보일 수 있습니다."", ""향후 20거래일 동안 거시 경제 지표 변화, 통신 시장 정책 발표, 경쟁사 동향 등에 따라 주가 변동성이 나타날 수 있어 명확한 방향성 예측이 어렵습니다.""]",-0.53475935828877
017670,SK텔레콤,2025-01-02,56700,Buy,75,"[""SK텔레콤은 통신 시장의 안정적인 성장과 더불어 AI 및 미디어 사업 등 신성장 동력 확보에 대한 기대감이 존재합니다."", ""최근 증권사들의 목표주가 상향 조정 및 긍정적인 투자의견이 다수 제시되며 투자 심리가 개선될 가능성이 있습니다."", ""현재 주가는 밸류에이션 측면에서 매력적인 수준으로, 단기적인 기술적 반등 가능성을 고려할 때 긍정적인 흐름을 예상합니다.""]",-1.0582010582010581
017670,SK텔레콤,2025-02-03,55700,Buy,75,"[""SK텔레콤은 통신 시장의 안정적인 성장과 더불어 AI 및 미디어 사업 등 신성장 동력 확보에 대한 기대감이 존재합니다."", ""최근 주가 하락은 단기적인 조정으로 해석될 수 있으며, 펀더멘털 대비 저평가 매력이 부각될 가능성이 있습니다."", ""증권사들의 목표주가 상향 조정 추세는 향후 주가 상승에 긍정적인 요인으로 작용할 수 있습니다.""]",1.615798922800718
017670,SK텔레콤,2025-03-04,56600,Neutral,50,"[""SK텔레콤은 통신업종의 대표주로서 안정적인 실적을 바탕으로 시장 대비 큰 변동성을 보이지 않는 경향이 있습니다."", ""최근 통신주 전반에 대한 투자 심리가 관망세로 전환되면서 뚜렷한 상승 또는 하락 모멘텀이 부재한 상황입니다."", ""AI 기술 투자 확대 및 신규 사업 성장 가능성은 긍정적이나, 단기 20거래일 내 시장 대비 유의미한 초과 상승을 이끌 만한 구체적인 촉매제가 아직 부족합니다.""]",-1.4134275618374559
017670,SK텔레콤,2025-04-01,55800,Buy,75,"[""SK텔레콤은 최근 통신 3사 중 가장 안정적인 실적을 기록하며 시장의 신뢰를 얻고 있습니다."", ""AI 사업 성장 기대감과 더불어 구독 서비스 등 신규 수익원 발굴 노력이 긍정적인 영향을 미칠 것으로 예상됩니다."", ""최근 주가 하락은 단기적인 조정으로 해석되며, 펀더멘털 측면에서 매력적인 구간으로 판단됩니다.""]",-2.6881720430107525
017670,SK텔레콤,2025-05-02,53100,Buy,75,"[""SK텔레콤은 최근 통신 3사 중 가장 높은 배당 수익률을 기록하며 투자 매력을 높이고 있습니다."", ""AI 사업 성장 기대감과 더불어 구독 서비스 등 비통신 부문의 실적 개선 가능성이 긍정적인 영향을 줄 것으로 예상됩니다."", ""최근 주가 하락으로 인한 밸류에이션 매력이 부각되며 단기 반등 가능성이 존재합니다.""]",-0.9416195856873822
017670,SK텔레콤,2025-06-02,52500,Buy,75,"[""SK텔레콤은 통신 시장의 안정적인 성장과 함께 AI 사업 등 신성장 동력에 대한 기대감이 존재합니다."", ""최근 주가 흐름이 긍정적인 추세를 보이며, 기관 및 외국인 투자자들의 매수세가 유입되고 있습니다."", ""거시 경제 불확실성 속에서도 필수재 성격의 통신 서비스는 상대적으로 안정적인 수요를 유지할 것으로 예상됩니다.""]",9.714285714285714
017670,SK텔레콤,2025-07-01,57900,Buy,75,"[""SK텔레콤은 최근 통신주 전반의 밸류에이션 매력 부각과 함께 배당 매력이 부각되며 주가 상승 여력을 확보하고 있습니다."", ""AI 사업 성장 기대감과 더불어 자회사들의 실적 개선 가능성 또한 긍정적인 영향을 미칠 것으로 예상됩니다."", ""전반적인 시장 상황이 금리 인하 기대감 등으로 인해 기술주 및 성장주에 우호적인 환경이 조성될 가능성이 있습니다.""]",-3.281519861830743
017670,SK텔레콤,2025-08-01,56200,Buy,75,"[""SK텔레콤은 최근 통신 3사 중 가장 높은 배당 수익률을 기록하며 투자 매력을 높이고 있습니다."", ""AI 사업 성장 기대감과 함께 SK하이닉스의 실적 개선이 SK텔레콤의 주가에도 긍정적인 영향을 미칠 것으로 예상됩니다."", ""정부의 통신비 인하 압박 완화 가능성은 통신사의 수익성 개선에 대한 기대를 높여 긍정적인 요인으로 작용할 수 있습니다.""]",-2.6690391459074734
017670,SK텔레콤,2025-09-01,54700,Buy,75,"[""SK텔레콤은 통신 시장의 안정적인 성장과 더불어 AI 사업 등 신성장 동력에 대한 기대감이 높아지고 있습니다."", ""최근 주가 흐름은 단기적인 조정을 거쳤으나, 장기적인 관점에서 상승 추세를 유지할 가능성이 높습니다."", ""증권사들의 목표 주가 상향 조정 및 투자의견 '매수' 유지 등 긍정적인 리포트가 다수 발표되고 있습니다.""]",-0.7312614259597806
017670,SK텔레콤,2025-10-01,54400,Buy,75,"[""SK텔레콤은 최근 통신 3사 중 가장 높은 배당수익률을 기록하며 투자 매력을 높이고 있습니다."", ""AI 사업 성장 기대감과 더불어 SK하이닉스의 실적 개선이 SK텔레콤의 주가에도 긍정적인 영향을 미칠 것으로 예상됩니다."", ""최근 주가 하락으로 인한 밸류에이션 매력이 부각되며 단기적인 반등 가능성이 있습니다.""]",-1.6544117647058825
017670,SK텔레콤,2025-11-03,52400,Neutral,50,"[""SK텔레콤은 통신업종의 특성상 안정적인 실적을 기반으로 하지만, 최근 금리 인상 및 경기 침체 우려로 인해 투자 심리가 위축될 가능성이 있습니다."", ""AI 기술 투자 확대 등 신성장 동력 확보 노력은 긍정적이나, 단기적인 성과 가시화까지는 시간이 소요될 것으로 예상됩니다."", ""현재 주가는 밸류에이션 측면에서 매력적인 수준으로 평가되기도 하지만, 시장 전반의 불확실성이 높아 뚜렷한 방향성을 제시하기 어렵습니다.""]",1.9083969465648856
017670,SK텔레콤,2025-12-01,53400,Buy,75,"[""SK텔레콤은 통신 시장의 안정적인 수익성과 더불어 AI 사업의 성장 잠재력이 부각되고 있습니다."", ""최근 발표된 실적 개선 및 신규 사업 투자 계획은 주가에 긍정적인 영향을 미칠 것으로 예상됩니다."", ""증권사들의 목표 주가 상향 조정 및 투자의견 상향은 단기적인 상승 모멘텀을 강화할 수 있습니다.""]",-0.18726591760299627
035720,카카오,2023-01-02,37450,Neutral,50,"[""카카오는 최근 횡보세를 보이며 뚜렷한 방향성을 나타내지 않고 있습니다."", ""거시 경제 불확실성 및 규제 리스크가 여전히 존재하여 투자 심리에 영향을 미칠 수 있습니다."", ""신규 사업 성장성 및 기존 사업 경쟁력 등 긍정적 요인과 부정적 요인이 혼재하여 단기적인 시장 대비 초과 상승 또는 하락을 예측하기 어렵습니다.""]",15.353805073431243
035720,카카오,2023-02-01,37450,Neutral,50,"[""카카오는 최근 횡보세를 보이며 뚜렷한 방향성을 나타내지 않고 있습니다."", ""거시 경제 불확실성과 규제 리스크가 여전히 존재하여 투자 심리에 영향을 미칠 수 있습니다."", ""하지만 카카오의 플랫폼 경쟁력과 신사업 성장 가능성은 여전히 유효하여 하락보다는 횡보 또는 완만한 상승 가능성도 배제할 수 없습니다.""]",15.353805073431243
035720,카카오,2023-03-02,37450,Neutral,50,"[""카카오는 최근 횡보세를 보이며 뚜렷한 방향성을 나타내지 않고 있습니다."", ""거시 경제 불확실성과 플랫폼 규제 이슈 등이 투자 심리에 영향을 미치고 있습니다."", ""향후 20거래일 동안 시장 전반의 흐름과 카카오의 신사업 성과, 규제 완화 여부 등에 따라 변동성이 나타날 수 있습니다.""]",15.353805073431243
035720,카카오,2023-04-03,37450,Neutral,50,"[""카카오는 최근 횡보세를 보이며 뚜렷한 방향성을 나타내지 않고 있습니다."", ""거시 경제 불확실성 및 금리 인상 가능성이 투자 심리에 부정적인 영향을 미칠 수 있습니다."", ""플랫폼 규제 완화 기대감 등 긍정적인 요인도 존재하나, 현재로서는 상반된 요인들이 혼재되어 있어 방향성 판단이 어렵습니다.""]",15.353805073431243
035720,카카오,2023-05-02,37450,Neutral,50,"[""카카오는 최근 20거래일 동안 시장 대비 큰 변동성을 보이지 않고 횡보하는 추세를 보이고 있습니다."", ""현재 주가 수준에서 뚜렷한 상승 또는 하락 모멘텀을 찾기 어렵습니다."", ""향후 20거래일 동안 시장 전반의 흐름이나 카카오 자체의 새로운 모멘텀 발생 여부에 따라 방향성이 결정될 것으로 예상됩니다.""]",15.353805073431243
035720,카카오,2023-06-01,37450,Neutral,50,"[""카카오는 최근 횡보세를 보이며 뚜렷한 방향성을 나타내지 않고 있습니다."", ""거시 경제 불확실성과 플랫폼 규제 리스크가 여전히 존재하여 투자 심리에 영향을 미칠 수 있습니다."", ""하지만 신사업 성장 기대감과 저평가 매력이 부각될 경우 반등 가능성도 배제할 수 없습니다.""]",15.353805073431243
035720,카카오,2023-07-03,37450,Neutral,50,"[""카카오는 최근 횡보세를 보이며 뚜렷한 방향성을 나타내지 않고 있습니다."", ""거시 경제 불확실성과 플랫폼 규제 리스크가 여전히 상존하여 투자 심리에 영향을 미치고 있습니다."", ""신규 사업 성장성과 기존 사업의 안정성을 고려할 때 단기적인 시장 대비 초과 상승 또는 하락을 단정하기 어렵습니다.""]",15.353805073431243
035720,카카오,2023-08-01,37450,Neutral,40,"[""카카오의 최근 주가 흐름은 뚜렷한 상승 또는 하락 추세를 보이지 않고 횡보하는 구간에 있습니다."", ""현재 시장 전반의 불확실성과 거시 경제 지표의 변동성이 카카오의 단기적인 방향성 판단을 어렵게 만들고 있습니다."", ""카카오의 실적 발표나 주요 사업 관련 긍정적/부정적 뉴스가 부재하여 명확한 투자 신호를 보내기 어렵습니다.""]",15.353805073431243
035720,카카오,2023-09-01,37450,Neutral,50,"[""카카오는 최근 횡보하며 뚜렷한 방향성을 보이지 않고 있습니다."", ""거시 경제 불확실성과 금리 인상 가능성은 투자 심리에 부정적인 영향을 줄 수 있습니다."", ""하지만 카카오의 신사업 성장 가능성과 플랫폼 경쟁력은 하방 경직성을 제공할 수 있습니다.""]",15.353805073431243
035720,카카오,2023-10-04,37450,Neutral,50,"[""카카오는 최근 횡보세를 보이며 뚜렷한 방향성을 나타내지 않고 있습니다."", ""거시 경제 불확실성과 플랫폼 규제 이슈가 여전히 투자 심리에 부담으로 작용하고 있습니다."", ""신규 사업 성장 가능성과 기존 사업의 안정성이라는 상반된 요인이 혼재하여 단기적인 시장 대비 상승 또는 하락을 명확히 예측하기 어렵습니다.""]",15.353805073431243
035720,카카오,2023-11-01,37450,Neutral,50,"[""카카오는 최근 20거래일 동안 시장 대비 큰 변동성을 보이지 않고 횡보하는 추세를 유지하고 있습니다."", ""현재 뚜렷한 상승 또는 하락 모멘텀을 나타내는 기술적 지표가 부족하며, 거시 경제 불확실성 또한 투자 방향성을 명확히 하기 어렵게 만들고 있습니다."", ""향후 20거래일 동안 카카오의 주가 방향성은 시장 전반의 흐름과 주요 사업 부문의 실적 발표, 규제 관련 뉴스 등 외부 요인에 크게 영향을 받을 것으로 예상됩니다.""]",15.353805073431243
035720,카카오,2023-12-01,37450,Neutral,50,"[""카카오는 최근 횡보세를 보이며 뚜렷한 방향성을 나타내지 않고 있습니다."", ""거시 경제 불확실성 및 플랫폼 규제 관련 이슈가 여전히 존재하여 투자 심리에 영향을 미칠 수 있습니다."", ""신규 사업 성장 가능성과 기존 사업의 수익성 개선 여부가 향후 주가 방향을 결정할 중요한 변수가 될 것입니다.""]",15.353805073431243
035720,카카오,2024-01-02,37450,Neutral,50,"[""카카오는 최근 횡보세를 보이며 뚜렷한 방향성을 나타내지 않고 있습니다."", ""거시 경제 불확실성과 규제 리스크에 대한 우려가 여전히 존재합니다."", ""신규 사업 성장성과 기존 사업의 수익성 개선 가능성이 혼재되어 있어 단기적인 시장 대비 상승 또는 하락을 단정하기 어렵습니다.""]",15.353805073431243
035720,카카오,2024-02-01,37450,Neutral,50,"[""카카오는 최근 횡보세를 보이며 뚜렷한 방향성을 나타내지 않고 있습니다."", ""거시 경제 불확실성 및 규제 리스크가 여전히 존재하여 투자 심리에 영향을 미칠 수 있습니다."", ""신규 사업 성장 가능성 및 기존 사업의 안정성은 긍정적 요인이지만, 단기적인 시장 대비 상승 또는 하락을 단정하기 어렵습니다.""]",15.353805073431243
035720,카카오,2024-03-04,37450,Neutral,50,"[""카카오는 최근 횡보세를 보이며 뚜렷한 방향성을 나타내지 않고 있습니다."", ""거시 경제 지표 및 금리 관련 불확실성이 투자 심리에 영향을 미칠 수 있습니다."", ""카카오의 신사업 성장성과 기존 사업의 경쟁 환경을 종합적으로 고려할 때 단기적인 시장 대비 초과 상승 또는 하락을 단정하기 어렵습니다.""]",15.353805073431243
035720,카카오,2024-04-01,37450,Neutral,50,"[""카카오는 최근 횡보세를 보이며 뚜렷한 방향성을 나타내지 않고 있습니다."", ""거시 경제 불확실성과 플랫폼 규제 이슈가 여전히 존재하여 투자 심리에 영향을 미칠 수 있습니다."", ""신규 사업 성장성과 기존 사업의 안정성 사이에서 투자자들의 의견이 분분하여 단기적인 방향 예측이 어렵습니다.""]",15.353805073431243
035720,카카오,2024-05-02,37450,Neutral,50,"[""카카오의 최근 주가 흐름은 뚜렷한 상승 또는 하락 추세를 보이지 않고 횡보하는 구간에 있습니다."", ""거시 경제 지표 및 국내 증시 전반의 불확실성이 높아 카카오만의 차별화된 상승 동력을 찾기 어렵습니다."", ""향후 20거래일 동안 특별한 모멘텀이 발생하지 않는다면 현재의 박스권 흐름이 유지될 가능성이 있습니다.""]",15.353805073431243
035720,카카오,2024-06-03,37450,Neutral,50,"[""최근 카카오 주가는 뚜렷한 방향성 없이 횡보하며 기술적 분석만으로는 향후 20거래일 내 시장 대비 상승 또는 하락을 단정하기 어렵습니다."", ""카카오의 향후 주가 흐름은 거시 경제 지표 변화, 플랫폼 규제 관련 뉴스, 신규 사업 성과 등 다양한 외부 요인에 의해 영향을 받을 수 있어 불확실성이 존재합니다."", ""현재 주가 수준에서 뚜렷한 매수 또는 매도 신호를 뒷받침할 만한 강력한 모멘텀이 부재하여 보수적인 관점에서 중립 의견을 제시합니다.""]",15.353805073431243
035720,카카오,2024-07-01,37450,Neutral,50,"[""카카오는 최근 횡보세를 보이며 뚜렷한 방향성을 나타내지 않고 있습니다."", ""거시 경제 불확실성과 플랫폼 규제 리스크가 여전히 존재하여 투자 심리에 영향을 미칠 수 있습니다."", ""하지만 신사업 성장 기대감과 저평가 매력이 부각될 경우 반등 가능성도 배제할 수 없습니다.""]",15.353805073431243
035720,카카오,2024-08-01,37450,Neutral,50,"[""카카오의 최근 주가 흐름은 뚜렷한 상승 또는 하락 추세를 보이지 않고 횡보하는 구간에 있습니다."", ""거시 경제 지표 및 국내 증시 전반의 불확실성이 높아 카카오만의 명확한 상승 또는 하락 모멘텀을 판단하기 어렵습니다."", ""향후 20거래일 동안 카카오의 실적 발표, 신규 사업 발표 등 주요 이벤트가 예정되어 있지 않아 단기적인 방향성 예측에 어려움이 있습니다.""]",15.353805073431243
035720,카카오,2024-09-02,37450,Neutral,50,"[""카카오는 최근 횡보세를 보이며 뚜렷한 방향성을 나타내지 않고 있습니다."", ""거시 경제 지표 및 금리 변동성에 대한 불확실성이 투자 심리에 영향을 미칠 수 있습니다."", ""카카오의 향후 20거래일 동안의 시장 대비 상승 또는 하락을 명확하게 예측할 만한 강력한 모멘텀이나 악재가 부재합니다.""]",15.353805073431243
035720,카카오,2024-10-02,37450,Neutral,50,"[""카카오는 최근 횡보세를 보이며 뚜렷한 방향성을 나타내지 않고 있습니다."", ""거시 경제 불확실성과 플랫폼 규제 관련 이슈가 여전히 존재하여 투자 심리에 영향을 미칠 수 있습니다."", ""하지만 신사업 성장 기대감과 저평가 매력이 부각될 경우 반등 가능성도 배제할 수 없어 중립적인 판단이 필요합니다.""]",15.353805073431243
035720,카카오,2024-11-01,37450,Neutral,50,"[""카카오는 최근 횡보세를 보이며 뚜렷한 방향성을 나타내지 않고 있습니다."", ""거시 경제 불확실성과 플랫폼 규제 리스크가 여전히 존재하여 투자 심리에 영향을 미칠 수 있습니다."", ""신규 사업 성장 가능성 및 AI 관련 모멘텀이 부각될 경우 상승 전환 가능성도 있으나, 현재로서는 변동성이 클 것으로 예상됩니다.""]",15.353805073431243
035720,카카오,2024-12-02,37450,Neutral,50,"[""카카오는 최근 횡보세를 보이며 뚜렷한 방향성을 나타내지 않고 있습니다."", ""거시 경제 불확실성과 플랫폼 규제 리스크가 여전히 상존하여 투자 심리에 영향을 미칠 수 있습니다."", ""신사업 성장 기대감과 기존 사업의 안정성이 혼재되어 있어 단기적인 시장 대비 상승 또는 하락을 단정하기 어렵습니다.""]",15.353805073431243
035720,카카오,2025-01-02,38050,Neutral,50,"[""카카오는 최근 20거래일 동안 시장 대비 큰 변동성을 보이지 않았으며, 뚜렷한 상승 또는 하락 추세를 형성하지 못하고 있습니다."", ""현재 카카오의 주가 수준은 기술적 분석상 명확한 지지선이나 저항선이 부재하여 단기적인 방향성을 예측하기 어렵습니다."", ""거시 경제 환경 및 국내 증시 전반의 불확실성이 지속되는 가운데, 카카오의 실적 개선 모멘텀이나 신규 성장 동력에 대한 시장의 명확한 반응이 아직 나타나지 않고 있습니다.""]",19.053876478318003
035720,카카오,2025-02-03,40900,Neutral,50,"[""카카오는 최근 20거래일 동안 시장 대비 뚜렷한 방향성을 보이지 않고 횡보하는 흐름을 나타내고 있습니다."", ""AI 관련주들의 강세와 플랫폼 기업들의 실적 개선 기대감이 혼재되어 있어 단기적인 상승 또는 하락을 예측하기 어렵습니다."", ""거시 경제 지표 및 금리 변동성에 대한 불확실성이 지속되어 투자 심리가 위축될 가능성도 배제할 수 없습니다.""]",5.378973105134474
035720,카카오,2025-03-04,43100,Neutral,50,"[""카카오는 최근 20거래일 동안 시장 대비 변동성이 크지 않은 흐름을 보이고 있습니다."", ""현재 주가 수준에서 뚜렷한 상승 또는 하락을 이끌 만한 강력한 모멘텀이 부족합니다."", ""향후 20거래일 동안 거시 경제 지표 변화, 규제 관련 뉴스, 경쟁사 동향 등 다양한 변수에 따라 주가 방향성이 달라질 수 있습니다.""]",-5.104408352668213
035720,카카오,2025-04-01,40900,Neutral,50,"[""카카오는 최근 횡보세를 보이며 뚜렷한 방향성을 나타내지 않고 있습니다."", ""거시 경제 불확실성과 플랫폼 규제 이슈가 여전히 잠재적 하방 압력으로 작용할 수 있습니다."", ""하지만 신사업 성장 기대감과 저평가 매력에 대한 논의도 공존하여 단기적인 강한 상승 또는 하락을 예측하기 어렵습니다.""]",-6.47921760391198
035720,카카오,2025-05-02,38350,Neutral,50,"[""카카오는 최근 횡보하며 뚜렷한 방향성을 보이지 않고 있습니다."", ""거시 경제 불확실성과 금리 인상 가능성 등 하방 압력 요인이 존재합니다."", ""플랫폼 규제 완화 기대감 등 일부 상승 모멘텀도 있으나, 현재로서는 상방 및 하방 요인이 상쇄되는 구간입니다.""]",15.514993481095177
035720,카카오,2025-06-02,41600,Neutral,50,"[""카카오는 최근 횡보세를 보이며 뚜렷한 방향성을 나타내지 않고 있습니다."", ""거시 경제 불확실성과 플랫폼 규제 이슈가 여전히 투자 심리에 영향을 미치고 있습니다."", ""향후 20거래일 내 시장 대비 상승 또는 하락을 단정하기 어려운 상황으로, 추가적인 모멘텀 확인이 필요합니다.""]",43.02884615384615
035720,카카오,2025-07-01,58700,Neutral,50,"[""카카오는 최근 횡보세를 보이며 뚜렷한 방향성을 나타내지 않고 있습니다."", ""거시 경제 불확실성과 규제 리스크가 여전히 존재하여 투자 심리에 영향을 미칠 수 있습니다."", ""신규 사업 성장 가능성과 기존 사업의 안정성을 고려할 때 단기적인 시장 대비 초과 상승 또는 하락을 단정하기 어렵습니다.""]",-4.088586030664395
035720,카카오,2025-08-01,55400,Neutral,50,"[""카카오는 최근 20거래일 동안 시장 대비 큰 변동성을 보이지 않고 횡보하는 추세를 나타내고 있습니다."", ""현재 주가 수준에서 뚜렷한 상승 또는 하락 모멘텀을 찾기 어려우며, 거시 경제 지표 및 업종 전반의 흐름도 불확실성을 내포하고 있습니다."", ""향후 20거래일 동안 카카오의 주가 방향성을 명확하게 예측할 만한 강력한 상승 또는 하락 요인이 부재하여 중립적인 판단을 내립니다.""]",7.039711191335741
035720,카카오,2025-09-01,59300,Neutral,50,"[""카카오는 최근 횡보세를 보이며 뚜렷한 방향성을 나타내지 않고 있습니다."", ""거시 경제 불확실성과 플랫폼 규제 리스크가 여전히 상존하여 투자 심리에 영향을 미칠 수 있습니다."", ""하지만 신사업 성장 기대감과 저평가 매력에 대한 분석도 존재하여 단기적인 급락보다는 관망세가 이어질 가능성이 있습니다.""]",0.5059021922428331
035720,카카오,2025-10-01,59600,Neutral,50,"[""카카오는 최근 횡보세를 보이며 뚜렷한 방향성을 나타내지 않고 있습니다."", ""거시 경제 불확실성과 금리 인상 가능성은 투자 심리에 부정적인 영향을 미칠 수 있습니다."", ""하지만 카카오의 플랫폼 경쟁력과 신규 사업 성장 가능성은 여전히 존재하여 하락만 예상하기는 어렵습니다.""]",1.8456375838926176
035720,카카오,2025-11-03,64200,Neutral,50,"[""카카오의 최근 주가 흐름은 뚜렷한 상승 또는 하락 추세를 보이지 않고 횡보하는 구간에 있습니다."", ""거시 경제 지표 및 금리 동향이 불확실하여 투자 심리에 영향을 미칠 수 있습니다."", ""카카오 자체의 신규 사업 성장성 및 규제 리스크에 대한 상반된 전망이 공존하여 단기 방향성 예측이 어렵습니다.""]",-7.320872274143301
035720,카카오,2025-12-01,59500,Neutral,50,"[""카카오는 최근 20거래일 동안 시장 대비 큰 변동성을 보이지 않고 횡보하는 추세를 나타내고 있습니다."", ""현재 주가 수준에서 뚜렷한 상승 또는 하락 모멘텀을 찾기 어렵고, 거시 경제 지표 및 업종 전반의 흐름 또한 카카오에 대한 명확한 방향성을 제시하지 못하고 있습니다."", ""향후 20거래일 동안 특별한 신규 사업 발표, 규제 변화, 또는 시장 전반의 급격한 변동이 없다면 현재와 유사한 방향성 불확실성이 지속될 가능성이 있습니다.""]",4.369747899159663
035420,네이버,2023-01-02,193800,Buy,75,"[""네이버는 최근 AI 기술 투자 확대 및 신규 서비스 출시 기대감으로 투자자들의 관심이 지속되고 있습니다."", ""플랫폼 경쟁 심화 속에서도 네이버의 강력한 사용자 기반과 광고 수익 모델은 안정적인 성장을 뒷받침할 것으로 예상됩니다."", ""최근 증권사들의 목표주가 상향 조정은 긍정적인 투자 심리를 강화하는 요인으로 작용할 수 있습니다.""]",18.163054695562437
035420,네이버,2023-02-01,193800,Buy,75,"[""네이버는 최근 20거래일 동안 시장 대비 강한 상승세를 보이며 기술적 지표들이 긍정적인 신호를 보내고 있습니다."", ""AI 및 클라우드 사업 부문의 성장 기대감이 지속되고 있으며, 이는 향후 실적 개선으로 이어질 가능성이 높습니다."", ""최근 발표된 신규 서비스 및 사업 확장 계획들이 투자자들의 관심을 끌며 매수 심리를 자극할 것으로 예상됩니다.""]",18.163054695562437
035420,네이버,2023-03-02,193800,Neutral,50,"[""네이버는 최근 20거래일 동안 시장 대비 큰 변동성을 보이지 않고 횡보하는 추세를 나타내고 있습니다."", ""AI 기술 발전 및 신규 서비스 출시 등 긍정적인 모멘텀이 존재하지만, 거시 경제 불확실성과 경쟁 심화 우려도 상존합니다."", ""단기적인 20거래일 내 명확한 상승 또는 하락 추세를 예측하기에는 현재 정보만으로는 불확실성이 높습니다.""]",18.163054695562437
035420,네이버,2023-04-03,193800,Neutral,50,"[""네이버는 최근 20거래일 동안 시장 대비 큰 변동성을 보이지 않고 횡보하는 추세를 나타내고 있습니다."", ""AI 기술 투자 및 신규 서비스 출시 등 성장 모멘텀은 존재하나, 거시 경제 불확실성과 경쟁 심화 가능성으로 인해 단기적인 상승 또는 하락을 단정하기 어렵습니다."", ""향후 20거래일 동안의 명확한 상승 또는 하락 추세를 예측할 만한 강력한 신호가 부족하여 중립적인 의견을 제시합니다.""]",18.163054695562437
035420,네이버,2023-05-02,193800,Neutral,55,"[""네이버는 최근 20거래일 동안 시장 대비 약보합세를 보이며 뚜렷한 방향성을 나타내지 않고 있습니다."", ""AI 관련 기술 개발 및 투자 확대는 긍정적인 요인이지만, 경기 침체 우려와 플랫폼 규제 리스크는 하방 압력으로 작용할 수 있습니다."", ""향후 20거래일 동안 거시 경제 지표 발표 및 주요 기술 이벤트 결과에 따라 주가 변동성이 확대될 가능성이 있어 신중한 접근이 필요합니다.""]",18.163054695562437
035420,네이버,2023-06-01,193800,Buy,75,"[""네이버는 최근 AI 기술 투자 확대 및 신규 서비스 출시를 통해 성장 동력을 확보하고 있으며, 이는 향후 실적 개선에 긍정적인 영향을 미칠 것으로 예상됩니다."", ""플랫폼 경쟁 심화 속에서도 네이버는 검색, 쇼핑, 콘텐츠 등 핵심 사업의 견고한 점유율을 유지하고 있으며, 이는 시장 대비 안정적인 주가 흐름을 뒷받침할 것입니다."", ""최근 외국인 투자자들의 순매수세가 유입되고 있으며, 이는 단기적인 주가 상승 모멘텀으로 작용할 가능성이 있습니다.""]",18.163054695562437
035420,네이버,2023-07-03,193800,Neutral,50,"[""네이버는 최근 20거래일 동안 시장 대비 뚜렷한 추세를 보이지 않고 횡보하는 모습을 보이고 있습니다."", ""AI 기술 경쟁 심화 및 관련 투자 비용 증가에 대한 우려와 함께, 커머스 사업의 성장 둔화 가능성도 제기되고 있습니다."", ""하지만 하반기 신규 서비스 출시 및 일본 Z홀딩스와의 시너지 효과에 대한 기대감도 존재하여 단기적인 방향성 판단이 어렵습니다.""]",18.163054695562437
035420,네이버,2023-08-01,193800,Buy,75,"[""네이버는 최근 AI 기술 투자 확대 및 신규 서비스 출시 기대감으로 투자자들의 관심이 집중되고 있습니다."", ""글로벌 경기 침체 우려에도 불구하고, 국내 IT 대장주로서 상대적인 안정성과 성장성을 갖추고 있어 시장 대비 강세를 보일 가능성이 높습니다."", ""최근 외국인 투자자들의 순매수세가 유입되고 있어 단기적인 주가 상승 모멘텀이 작용할 수 있습니다.""]",18.163054695562437
035420,네이버,2023-09-01,193800,Neutral,50,"[""네이버는 최근 20거래일 동안 시장 대비 변동성이 크지 않은 흐름을 보이고 있습니다."", ""AI 기술 발전 및 신규 서비스 출시 등 긍정적인 모멘텀과 함께, 거시 경제 불확실성 및 경쟁 심화 등 부정적인 요인이 혼재되어 있어 단기 방향성 예측이 어렵습니다."", ""향후 20거래일 동안의 구체적인 시장 상황 변화 및 기업 실적 발표 등에 따라 투자 방향이 달라질 수 있습니다.""]",18.163054695562437
035420,네이버,2023-10-04,193800,Buy,75,"[""최근 네이버는 AI 기술 경쟁력 강화와 신규 서비스 출시 기대감으로 투자 심리가 긍정적으로 작용하고 있습니다."", ""국내 증시 전반의 상승 추세와 더불어 네이버의 견조한 실적 전망이 주가 상승을 뒷받침할 것으로 예상됩니다."", ""플랫폼 경쟁력 강화 및 해외 시장 진출 확대 등 장기적인 성장 모멘텀이 20거래일 내 주가 상승에 긍정적인 영향을 줄 수 있습니다.""]",18.163054695562437
035420,네이버,2023-11-01,193800,Buy,75,"[""네이버는 최근 AI 기술 투자 확대 및 신규 서비스 출시를 통해 성장 동력을 확보하고 있으며, 이는 향후 주가 상승에 긍정적인 영향을 미칠 것으로 예상됩니다."", ""국내 IT 대장주로서 시장 전반의 투자 심리 개선 시 수혜를 받을 가능성이 높습니다."", ""증권사들의 목표 주가 상향 조정 추세는 단기적인 주가 상승 모멘텀을 뒷받침합니다.""]",18.163054695562437
035420,네이버,2023-12-01,193800,Buy,75,"[""네이버는 최근 AI 기술 투자 확대 및 신규 서비스 출시 기대감으로 인해 투자자들의 관심이 높아지고 있습니다."", ""글로벌 경기 침체 우려 속에서도 국내 IT 대장주로서 상대적인 방어력을 보일 가능성이 있습니다."", ""증권사들의 목표 주가 상향 조정 등 긍정적인 리포트들이 꾸준히 나오고 있어 단기적인 상승 모멘텀이 유지될 것으로 예상됩니다.""]",18.163054695562437
035420,네이버,2024-01-02,193800,Buy,75,"[""네이버는 최근 AI 기술 투자 확대와 커머스 사업의 견조한 성장세를 바탕으로 긍정적인 모멘텀을 유지하고 있습니다."", ""글로벌 경기 불확실성 속에서도 국내 IT 대장주로서 상대적인 안정성과 성장성을 겸비하고 있어 투자자들의 관심이 지속될 것으로 예상됩니다."", ""기술적 분석상으로도 현재 주가 수준은 지지 구간에 근접해 있으며, 단기적인 반등 가능성이 존재합니다.""]",18.163054695562437
035420,네이버,2024-02-01,193800,Buy,75,"[""최근 네이버는 AI 기술 발전과 커머스 사업의 견조한 성장세를 바탕으로 투자자들의 관심을 받고 있습니다."", ""글로벌 빅테크 기업들의 AI 경쟁 심화 속에서 네이버의 자체 AI 기술력과 이를 활용한 서비스 확장에 대한 기대감이 주가 상승 요인으로 작용할 수 있습니다."", ""또한, 국내 커머스 시장에서의 강력한 지배력과 신규 서비스 출시를 통한 성장 모멘텀이 향후 20거래일 동안 긍정적인 주가 흐름을 견인할 것으로 예상됩니다.""]",18.163054695562437
035420,네이버,2024-03-04,193800,Neutral,50,"[""네이버는 최근 20거래일 동안 시장 대비 큰 변동성을 보이지 않고 횡보하는 추세를 유지하고 있습니다."", ""AI 기술 발전 및 신규 서비스 출시 등 긍정적인 모멘텀이 있으나, 거시 경제 불확실성과 경쟁 심화 우려도 상존합니다."", ""단기적인 20거래일 내 뚜렷한 상승 또는 하락 추세를 예측하기에는 현재 정보만으로는 불확실성이 높습니다.""]",18.163054695562437
035420,네이버,2024-04-01,193800,Neutral,50,"[""네이버는 최근 20거래일 동안 시장 대비 뚜렷한 방향성을 보이지 않고 횡보하는 추세를 나타내고 있습니다."", ""AI 기술 발전 및 신규 서비스 출시 등 긍정적인 모멘텀이 존재하지만, 거시 경제 불확실성과 경쟁 심화 우려도 상존하여 투자 심리가 혼조세를 보이고 있습니다."", ""향후 20거래일 동안 이러한 상반된 요인들이 균형을 이루며 뚜렷한 방향성을 제시하기 어려울 것으로 판단됩니다.""]",18.163054695562437
035420,네이버,2024-05-02,193800,Neutral,50,"[""네이버는 최근 20거래일 동안 시장 대비 큰 변동성을 보이지 않고 횡보하는 추세를 나타내고 있습니다."", ""AI 관련 기술 개발 및 신규 서비스 출시 등 긍정적인 모멘텀이 존재하지만, 거시 경제 불확실성과 경쟁 심화 우려도 상존합니다."", ""현재로서는 뚜렷한 상승 또는 하락 추세를 판단할 만한 강력한 근거가 부족하여 중립적인 의견을 제시합니다.""]",18.163054695562437
035420,네이버,2024-06-03,193800,Buy,75,"[""네이버는 최근 AI 기술 발전과 커머스 사업의 견조한 성장세를 바탕으로 긍정적인 투자 심리가 형성되고 있습니다."", ""국내 증시 전반의 낙폭 과대 인식과 함께 기술주에 대한 관심이 재조명되면서 네이버 역시 수혜를 받을 가능성이 높습니다."", ""최근 발표된 주요 사업 부문의 실적 개선 전망과 신규 서비스 출시 기대감은 단기적인 주가 상승 모멘텀으로 작용할 수 있습니다.""]",18.163054695562437
035420,네이버,2024-07-01,193800,Neutral,50,"[""네이버는 최근 20거래일 동안 시장 대비 큰 변동성을 보이지 않고 횡보하는 흐름을 이어가고 있습니다."", ""AI 관련 기술 투자 및 신규 서비스 출시 등 긍정적인 모멘텀이 존재하지만, 거시 경제 불확실성과 경쟁 심화 우려도 상존하여 단기적인 방향성을 명확히 판단하기 어렵습니다."", ""향후 20거래일 동안의 투자 방향은 글로벌 증시 동향, 금리 변동, 그리고 네이버의 신규 사업 성과 발표 등 추가적인 정보에 따라 달라질 수 있습니다.""]",18.163054695562437
035420,네이버,2024-08-01,193800,Buy,75,"[""네이버는 최근 AI 기술 투자 확대 및 신규 서비스 출시를 통해 성장 모멘텀을 확보하고 있습니다."", ""플랫폼 경쟁력 강화와 광고 및 커머스 부문의 견조한 실적 개선이 기대됩니다."", ""글로벌 경기 불확실성에도 불구하고, 국내 IT 대장주로서 상대적인 방어력과 상승 잠재력을 보유하고 있습니다.""]",18.163054695562437
035420,네이버,2024-09-02,193800,Buy,75,"[""네이버는 최근 AI 기술 투자 확대와 신규 서비스 출시를 통해 성장 모멘텀을 확보하고 있습니다."", ""국내 IT 대장주로서 시장 전반의 회복세와 함께 투자 심리가 긍정적으로 작용할 가능성이 높습니다."", ""증권사들의 목표 주가 상향 조정 등 긍정적인 리포트가 꾸준히 나오고 있어 단기 상승 여력이 충분하다고 판단됩니다.""]",18.163054695562437
035420,네이버,2024-10-02,193800,Buy,75,"[""네이버는 최근 AI 기술 투자 확대 및 신규 서비스 출시를 통해 성장 모멘텀을 확보하고 있습니다."", ""플랫폼 경쟁력 강화와 광고 및 커머스 부문의 견조한 실적이 주가 상승을 뒷받침할 것으로 예상됩니다."", ""거시 경제 불확실성에도 불구하고, 네이버의 독보적인 시장 지위와 혁신적인 사업 전략은 투자 매력도를 높입니다.""]",18.163054695562437
035420,네이버,2024-11-01,193800,Buy,75,"[""네이버는 최근 2분기 실적 발표에서 시장 기대치를 상회하는 성과를 기록하며 긍정적인 모멘텀을 확보했습니다."", ""AI 기술 경쟁 심화 속에서 네이버의 AI 관련 서비스 성장 가능성에 대한 기대감이 주가에 반영될 것으로 예상됩니다."", ""중국 전자상거래 규제 완화 및 한국 증시 전반의 기술주 반등 가능성이 네이버의 주가 상승을 뒷받침할 수 있습니다.""]",18.163054695562437
035420,네이버,2024-12-02,193800,Buy,75,"[""네이버는 최근 20거래일 동안 시장 대비 강한 흐름을 보여왔으며, 이는 긍정적인 모멘텀을 시사합니다."", ""AI 기술 투자 확대 및 신규 서비스 출시 등 성장 동력 확보에 대한 기대감이 주가에 반영될 가능성이 있습니다."", ""증권사들의 목표 주가 상향 조정 등 긍정적인 리포트들이 꾸준히 나오고 있어 투자 심리를 지지할 것으로 예상됩니다.""]",18.163054695562437
035420,네이버,2025-01-02,200500,Neutral,50,"[""네이버는 최근 20거래일 동안 시장 대비 큰 변동성을 보이지 않고 횡보하는 추세를 나타내고 있습니다."", ""AI 관련 기술 발전 및 신규 서비스 출시 등 긍정적인 모멘텀이 존재하지만, 거시 경제 불확실성과 경쟁 심화 우려도 상존합니다."", ""단기적인 20거래일 내 명확한 상승 또는 하락 추세를 예측할 만한 강력한 신호가 부족하여 중립적인 판단을 내립니다.""]",15.710723192019952
035420,네이버,2025-02-03,218500,Buy,75,"[""네이버는 최근 AI 기술 투자 확대 및 신규 서비스 출시 기대감으로 투자자들의 관심이 높아지고 있습니다."", ""플랫폼 경쟁력 강화와 광고 및 커머스 부문의 견조한 실적 성장이 지속될 것으로 예상됩니다."", ""거시 경제 불확실성에도 불구하고, 네이버의 성장 잠재력은 여전히 높게 평가되고 있습니다.""]",-5.034324942791762
035420,네이버,2025-03-04,207500,Buy,70,"[""네이버는 최근 AI 기술 투자 확대 및 신규 서비스 출시를 통해 성장 동력을 확보하고 있습니다."", ""글로벌 경기 침체 우려 속에서도 국내 IT 대장주로서 상대적인 안정성을 보이며 외국인 수급이 긍정적인 흐름을 보이고 있습니다."", ""증권가에서는 네이버의 목표 주가를 상향 조정하는 리포트가 다수 발표되며 투자 심리를 개선시키고 있습니다.""]",-5.734939759036144
035420,네이버,2025-04-01,195600,Buy,75,"[""네이버는 최근 AI 기술 투자 확대 및 신규 서비스 출시 기대감으로 투자자들의 관심이 집중되고 있습니다."", ""플랫폼 경쟁력 강화와 커머스 사업의 꾸준한 성장세가 주가에 긍정적인 영향을 미칠 것으로 예상됩니다."", ""거시 경제 환경이 점진적으로 개선될 조짐을 보이며, 이는 기술주 전반에 대한 투자 심리를 회복시킬 수 있습니다.""]",2.505112474437628
035420,네이버,2025-05-02,199100,Buy,75,"[""네이버는 최근 AI 기술 발전과 커머스 사업의 견조한 성장을 바탕으로 긍정적인 모멘텀을 유지하고 있습니다."", ""글로벌 경기 침체 우려 속에서도 국내 IT 대장주로서 상대적인 방어력을 보일 가능성이 있습니다."", ""향후 20거래일 동안 신규 서비스 출시나 실적 발표 등 주가 상승을 견인할 만한 이벤트 발생 가능성이 존재합니다.""]",-3.9678553490708186
035420,네이버,2025-06-02,185500,Buy,75,"[""네이버는 최근 AI 기술 투자 확대 및 신규 서비스 출시를 통해 성장 동력을 확보하고 있다는 평가를 받고 있습니다."", ""글로벌 경기 불확실성 속에서도 국내 IT 대장주로서 상대적인 안정성을 보이며 기관 투자자들의 매수세가 유입될 가능성이 있습니다."", ""증권가에서는 네이버의 목표 주가를 상향 조정하는 리포트가 다수 발표되며 긍정적인 전망을 제시하고 있습니다.""]",36.38814016172507
035420,네이버,2025-07-01,252000,Neutral,50,"[""최근 네이버 주가는 25만원대에서 횡보하며 뚜렷한 방향성을 보이지 않고 있습니다."", ""AI 관련 기술 개발 및 신규 서비스 출시 등 긍정적인 모멘텀이 존재하지만, 거시 경제 불확실성과 경쟁 심화 우려도 상존합니다."", ""향후 20거래일 동안 시장 전반의 흐름과 주요 기술주들의 움직임에 따라 네이버 주가 역시 변동성을 보일 가능성이 높아 방향성을 단정하기 어렵습니다.""]",-7.142857142857142
035420,네이버,2025-08-01,232500,Buy,75,"[""네이버는 최근 20거래일 동안 꾸준한 상승세를 보이며 기술적 지표들이 긍정적인 신호를 보내고 있습니다."", ""AI 기술 발전 및 신규 서비스 출시 등 성장 모멘텀이 지속될 것으로 예상되며, 이는 주가 상승에 긍정적인 영향을 미칠 수 있습니다."", ""현재 시장 전반의 투자 심리가 개선되고 있으며, 네이버는 이러한 시장 흐름에 편승하여 추가 상승 여력을 확보할 가능성이 높습니다.""]",-3.225806451612903
035420,네이버,2025-09-01,225000,Buy,75,"[""네이버는 최근 2분기 실적 발표에서 시장 기대치를 상회하는 성과를 보이며 긍정적인 흐름을 이어가고 있습니다."", ""AI 기술 경쟁력 강화 및 신규 서비스 출시 등 미래 성장 동력에 대한 기대감이 주가 상승 요인으로 작용할 가능성이 높습니다."", ""글로벌 경기 침체 우려 속에서도 상대적으로 안정적인 사업 구조를 가지고 있어 시장 대비 견조한 흐름을 유지할 것으로 예상됩니다.""]",19.333333333333332
035420,네이버,2025-10-01,253000,Buy,75,"[""네이버는 최근 AI 기술 투자 확대와 신규 서비스 출시를 통해 성장 모멘텀을 확보하고 있습니다."", ""국내 온라인 광고 시장의 회복세와 커머스 사업의 견조한 성장이 실적 개선을 뒷받침할 것으로 예상됩니다."", ""글로벌 경기 불확실성에도 불구하고, 네이버의 플랫폼 경쟁력과 신사업 추진력은 시장 대비 우수한 성과를 기대하게 합니다.""]",4.3478260869565215
035420,네이버,2025-11-03,267000,Buy,75,"[""네이버는 최근 AI 기술 발전과 커머스 사업의 견조한 성장을 바탕으로 긍정적인 투자 심리가 형성되고 있습니다."", ""경쟁사 대비 차별화된 기술력과 플랫폼 경쟁력을 바탕으로 향후에도 시장 지배력을 유지하며 성장할 가능성이 높습니다."", ""현재 주가는 단기적인 시장 변동성을 일부 반영하고 있으나, 장기적인 성장 잠재력을 고려할 때 매력적인 구간으로 판단됩니다.""]",-8.98876404494382
035420,네이버,2025-12-01,243000,Buy,75,"[""네이버는 최근 2차 전지 관련주들의 급등세와는 별개로 꾸준한 실적 개선 기대감과 신사업 성장 모멘텀을 보유하고 있습니다."", ""AI 기술 발전 및 관련 서비스 확장은 장기적인 성장 동력으로 작용할 가능성이 높습니다."", ""현재 주가는 밸류에이션 측면에서 매력적인 구간에 진입했다고 판단되며, 기관 투자자들의 매수세가 유입될 경우 추가 상승 여력이 있습니다.""]",1.646090534979424
005490,POSCO홀딩스,2023-01-02,250000,Buy,75,"[""최근 철강 업황 개선 기대감과 더불어 2차전지 소재 사업 성장성에 대한 긍정적인 전망이 주가 상승 동력으로 작용할 것으로 예상됩니다."", ""글로벌 경기 회복 시그널과 함께 주요 원자재 가격의 안정화 추세는 POSCO홀딩스의 실적 개선에 긍정적인 영향을 미칠 수 있습니다."", ""최근 외국인 투자자들의 순매수세가 유입되고 있으며, 이는 단기적인 주가 상승 모멘텀으로 작용할 가능성이 있습니다.""]",-3.2
005490,POSCO홀딩스,2023-02-01,250000,Buy,75,"[""최근 철강 업황 개선 기대감과 리튬 사업 가치 부각으로 주가 상승 모멘텀이 유효합니다."", ""글로벌 경기 회복 시 철강 수요 증가와 함께 POSCO홀딩스의 실적 개선이 예상됩니다."", ""신재생 에너지 전환 가속화에 따른 친환경 소재 사업 성장 가능성이 긍정적으로 작용할 것으로 보입니다.""]",-3.2
005490,POSCO홀딩스,2023-03-02,250000,Buy,75,"[""최근 철강 업황 개선 기대감과 리튬 등 이차전지 소재 사업 성장 모멘텀이 긍정적으로 작용하고 있습니다."", ""글로벌 경기 회복 시 철강 수요 증가와 함께 POSCO그룹의 신사업 투자 확대가 주가 상승을 견인할 가능성이 높습니다."", ""기관 및 외국인 투자자들의 꾸준한 매수세가 유입되며 단기적인 상승 추세를 지지하고 있습니다.""]",-3.2
005490,POSCO홀딩스,2023-04-03,250000,Buy,75,"[""철강 업황 회복 기대감과 더불어 2차전지 소재 사업 성장 가능성이 주가 상승 동력으로 작용할 것으로 예상됩니다."", ""최근 외국인 투자자들의 순매수세가 유입되고 있어 단기적인 매수 심리를 자극할 수 있습니다."", ""글로벌 경기 회복 시그널이 강화될 경우, 원자재 가격 상승과 함께 POSCO홀딩스의 실적 개선 기대감이 높아질 수 있습니다.""]",-3.2
005490,POSCO홀딩스,2023-05-02,250000,Buy,75,"[""최근 철강 업황 회복 기대감과 더불어 2차전지 소재 사업 성장성에 대한 긍정적인 전망이 주가 상승 동력으로 작용할 가능성이 높습니다."", ""글로벌 경기 회복 시그널과 함께 주요 원자재 가격의 안정화 추세는 POSCO홀딩스의 실적 개선에 긍정적인 영향을 미칠 것으로 예상됩니다."", ""정부의 친환경 정책 및 신재생 에너지 투자 확대는 POSCO홀딩스의 수혜를 예상하게 하며, 이는 향후 20거래일 동안 주가에 긍정적인 모멘텀을 제공할 수 있습니다.""]",-3.2
005490,POSCO홀딩스,2023-06-01,250000,Neutral,50,"[""POSCO홀딩스는 최근 철강 업황 둔화 우려와 리튬 가격 변동성에 영향을 받고 있습니다."", ""하지만 친환경 소재 사업 확장 및 신성장 동력 확보 노력은 긍정적인 요인으로 작용할 수 있습니다."", ""현재 시장 전반의 불확실성이 높아 단기적인 방향성을 명확히 판단하기 어렵습니다.""]",-3.2
005490,POSCO홀딩스,2023-07-03,250000,Buy,75,"[""최근 철강 업황 개선 기대감과 함께 리튬 등 이차전지 소재 사업의 성장성이 부각되고 있습니다."", ""글로벌 경기 회복 조짐과 인프라 투자 확대 가능성은 철강 수요 증가로 이어져 POSCO홀딩스에 긍정적인 영향을 줄 수 있습니다."", ""최근 주가 조정 이후 기술적 반등 가능성이 있으며, 기관 및 외국인 투자자들의 매수세가 유입될 경우 상승 탄력을 받을 수 있습니다.""]",-3.2
005490,POSCO홀딩스,2023-08-01,250000,Buy,75,"[""최근 철강 업황 회복 기대감과 더불어 2차전지 소재 사업 성장성에 대한 긍정적인 전망이 주가 상승 동력으로 작용할 가능성이 높습니다."", ""글로벌 경기 회복 시그널과 함께 원자재 가격 상승 가능성이 POSCO홀딩스의 실적 개선에 긍정적인 영향을 줄 것으로 예상됩니다."", ""최근 주가 조정을 거치며 밸류에이션 매력이 부각되고 있어 단기적인 기술적 반등 가능성도 존재합니다.""]",-3.2
005490,POSCO홀딩스,2023-09-01,250000,Buy,75,"[""철강 업황 회복 기대감과 함께 2차전지 소재 사업 성장성이 부각되고 있습니다."", ""최근 외국인 투자자들의 순매수세가 유입되며 주가 상승 모멘텀이 강화되는 모습입니다."", ""글로벌 경기 회복에 대한 기대감이 높아지면서 원자재 가격 상승이 POSCO홀딩스의 실적 개선으로 이어질 가능성이 있습니다.""]",-3.2
005490,POSCO홀딩스,2023-10-04,250000,Buy,75,"[""최근 철강 업황 개선 기대감과 더불어 2차전지 소재 사업 성장성에 대한 긍정적인 전망이 주가 상승 동력으로 작용할 가능성이 높습니다."", ""글로벌 경기 회복 시그널과 맞물려 주요 원자재 가격 상승이 POSCO홀딩스의 실적 개선에 긍정적인 영향을 줄 것으로 예상됩니다."", ""정부의 친환경 정책 강화 및 신재생 에너지 투자 확대는 POSCO홀딩스의 미래 성장 동력 확보에 기여할 것으로 보입니다.""]",-3.2
005490,POSCO홀딩스,2023-11-01,250000,Buy,75,"[""최근 철강 업황 개선 기대감과 함께 2차전지 소재 사업 성장 전망이 긍정적으로 작용하고 있습니다."", ""글로벌 경기 회복 시 철강 수요 증가와 더불어 친환경 에너지 전환 트렌드에 따른 2차전지 소재 수요 확대가 POSCO홀딩스의 실적 개선을 견인할 것으로 예상됩니다."", ""최근 외국인 투자자들의 순매수세가 유입되고 있어 단기적인 주가 상승 모멘텀이 강화될 가능성이 있습니다.""]",-3.2
005490,POSCO홀딩스,2023-12-01,250000,Buy,75,"[""철강 업황 회복 기대감과 함께 2차전지 소재 사업 성장성이 부각되고 있습니다."", ""최근 외국인 투자자들의 매수세가 유입되며 주가 상승 동력이 강화되고 있습니다."", ""글로벌 인프라 투자 확대 및 친환경 정책 강화 추세는 POSCO홀딩스의 장기적인 성장 전망을 긍정적으로 만들고 있습니다.""]",-3.2
005490,POSCO홀딩스,2024-01-02,250000,Buy,75,"[""최근 철강 업황 개선 기대감과 함께 리튬 등 이차전지 소재 사업의 성장성이 부각되고 있습니다."", ""글로벌 경기 회복 조짐과 함께 건설 및 자동차 산업의 수요 증가가 POSCO홀딩스의 실적 개선에 긍정적인 영향을 줄 것으로 예상됩니다."", ""정부의 신성장 동력 육성 정책 및 친환경 소재 투자 확대 기조가 POSCO홀딩스의 사업 포트폴리오와 시너지를 낼 가능성이 높습니다.""]",-3.2
005490,POSCO홀딩스,2024-02-01,250000,Buy,75,"[""최근 철강 업황 개선 기대감과 함께 리튬 등 이차전지 소재 사업 성장 잠재력이 부각되고 있습니다."", ""글로벌 경기 회복 시그널과 함께 주요 원자재 가격 상승 가능성이 POSCO홀딩스의 실적 개선으로 이어질 수 있습니다."", ""기관 및 외국인 투자자들의 꾸준한 매수세가 유입되며 주가 상승 동력을 확보하고 있습니다.""]",-3.2
005490,POSCO홀딩스,2024-03-04,250000,Buy,75,"[""철강 업황 회복 기대감과 함께 2차전지 소재 사업 성장성이 부각되고 있습니다."", ""최근 외국인 투자자들의 순매수세가 유입되며 주가 상승 모멘텀이 강화되고 있습니다."", ""글로벌 경기 회복 시 철강 수요 증가 및 원자재 가격 상승이 긍정적인 영향을 줄 것으로 예상됩니다.""]",-3.2
005490,POSCO홀딩스,2024-04-01,250000,Buy,75,"[""최근 철강 업황 개선 기대감과 더불어 2차전지 소재 사업 성장성에 대한 긍정적인 전망이 주가 상승 요인으로 작용할 수 있습니다."", ""글로벌 경기 회복 시그널과 인프라 투자 확대 가능성은 POSCO홀딩스의 주요 사업 부문에 긍정적인 영향을 미칠 것으로 예상됩니다."", ""최근 외국인 투자자들의 순매수세가 유입되고 있어 단기적인 주가 상승 모멘텀을 기대해 볼 수 있습니다.""]",-3.2
005490,POSCO홀딩스,2024-05-02,250000,Buy,75,"[""최근 철강 업황 개선 기대감과 더불어 2차전지 소재 사업 성장 전망이 긍정적으로 작용하고 있습니다."", ""글로벌 경기 회복 시그널과 인프라 투자 확대 정책은 철강 수요 증가로 이어져 POSCO홀딩스 실적 개선에 기여할 것으로 예상됩니다."", ""최근 외국인 투자자들의 순매수세가 유입되고 있어 단기적인 주가 상승 모멘텀이 강화될 가능성이 있습니다.""]",-3.2
005490,POSCO홀딩스,2024-06-03,250000,Buy,75,"[""최근 철강 업황 개선 기대감과 더불어 2차전지 소재 사업 성장성에 대한 긍정적인 전망이 주가 상승 동력으로 작용할 것으로 예상됩니다."", ""글로벌 경기 회복 시그널과 인프라 투자 확대 가능성은 POSCO홀딩스의 주요 사업 부문에 긍정적인 영향을 미칠 수 있습니다."", ""최근 주가 조정을 거치면서 밸류에이션 매력도가 높아졌다는 분석도 존재하며, 이는 단기적인 반등 가능성을 시사합니다.""]",-3.2
005490,POSCO홀딩스,2024-07-01,250000,Buy,75,"[""최근 철강 업황 회복 기대감과 더불어 2차전지 소재 사업 성장성에 대한 긍정적인 전망이 주가 상승 동력으로 작용할 것으로 예상됩니다."", ""글로벌 경기 회복 시 철강 수요 증가와 더불어 친환경 에너지 전환 트렌드는 POSCO홀딩스의 핵심 사업인 리튬, 니켈 등 2차전지 소재 사업의 수혜를 더욱 확대시킬 가능성이 높습니다."", ""최근 외국인 투자자들의 순매수세가 유입되고 있으며, 이는 단기적인 주가 상승 모멘텀으로 작용할 수 있습니다.""]",-3.2
005490,POSCO홀딩스,2024-08-01,250000,Buy,75,"[""최근 철강 업황 회복 기대감과 더불어 2차전지 소재 사업 성장성에 대한 긍정적인 전망이 주가 상승을 견인할 가능성이 높습니다."", ""글로벌 경기 회복 시그널과 함께 원자재 가격 상승 가능성이 POSCO홀딩스의 실적 개선에 긍정적인 영향을 줄 것으로 예상됩니다."", ""정부의 친환경 정책 강화 및 신재생 에너지 투자 확대는 POSCO홀딩스의 수혜를 확대시킬 수 있는 요인으로 작용할 것입니다.""]",-3.2
005490,POSCO홀딩스,2024-09-02,250000,Buy,75,"[""최근 철강 업황 개선 기대감과 더불어 2차전지 소재 사업 성장성이 부각되고 있습니다."", ""글로벌 경기 회복 시그널과 함께 주요 원자재 가격 상승 가능성이 POSCO홀딩스의 실적 개선에 긍정적인 영향을 줄 것으로 예상됩니다."", ""최근 외국인 투자자들의 순매수세가 유입되고 있으며, 이는 단기적인 주가 상승 모멘텀으로 작용할 수 있습니다.""]",-3.2
005490,POSCO홀딩스,2024-10-02,250000,Buy,75,"[""최근 철강 업황 개선 기대감과 더불어 2차전지 소재 사업의 성장성이 부각되고 있습니다."", ""글로벌 경기 회복 조짐과 함께 주요 원자재 가격의 안정화 추세가 긍정적인 영향을 줄 수 있습니다."", ""기관 및 외국인 투자자들의 꾸준한 매수세가 유입되며 주가 상승 동력을 확보하고 있습니다.""]",-3.2
005490,POSCO홀딩스,2024-11-01,250000,Buy,70,"[""최근 철강 업황 회복 기대감과 함께 리튬 등 이차전지 소재 사업 성장 잠재력이 부각되고 있습니다."", ""글로벌 경기 회복 시그널과 인프라 투자 확대 가능성은 POSCO홀딩스의 주요 사업 부문에 긍정적인 영향을 미칠 것으로 예상됩니다."", ""최근 주가 조정을 거치며 밸류에이션 매력이 높아졌다는 분석이 있으며, 기관 투자자들의 매수세가 유입될 가능성이 있습니다.""]",-3.2
005490,POSCO홀딩스,2024-12-02,250000,Buy,75,"[""최근 철강 업황 개선 기대감과 함께 리튬 등 이차전지 소재 사업의 성장 잠재력이 부각되고 있습니다."", ""글로벌 경기 회복 시그널과 맞물려 주요 원자재 가격 상승 가능성이 POSCO홀딩스의 실적 개선에 긍정적인 영향을 줄 것으로 예상됩니다."", ""정부의 신성장 동력 육성 정책 및 친환경 소재 관련 투자 확대는 장기적인 관점에서 POSCO홀딩스의 주가 상승 모멘텀으로 작용할 수 있습니다.""]",-3.2
005490,POSCO홀딩스,2025-01-02,259000,Buy,75,"[""최근 철강 업황 개선 기대감과 함께 리튬 등 이차전지 소재 사업의 성장성이 부각되고 있습니다."", ""글로벌 경기 회복 시 철강 수요 증가 및 가격 상승이 예상되며, 이는 POSCO홀딩스의 실적 개선으로 이어질 수 있습니다."", ""정부의 친환경 정책 및 신재생 에너지 확대 정책은 이차전지 소재 사업의 장기적인 성장 동력으로 작용할 것입니다.""]",-6.370656370656371
005490,POSCO홀딩스,2025-02-03,236500,Buy,75,"[""최근 철강 업황 개선 기대감과 함께 리튬 등 이차전지 소재 사업의 성장성이 부각되고 있습니다."", ""글로벌 경기 회복 시그널과 인프라 투자 확대 가능성은 POSCO홀딩스의 주요 사업 부문에 긍정적인 영향을 줄 것으로 예상됩니다."", ""최근 주가 조정을 거치면서 밸류에이션 매력도가 높아졌다는 분석이 있습니다.""]",16.913319238900634
005490,POSCO홀딩스,2025-03-04,276500,Buy,75,"[""철강 업황 회복 기대감과 2차전지 소재 사업 성장성이 주가 상승 동력으로 작용할 것으로 예상됩니다."", ""최근 외국인 투자자들의 순매수세가 유입되며 수급 개선 조짐을 보이고 있습니다."", ""글로벌 경기 회복 시 철강 수요 증가와 함께 POSCO홀딩스의 실적 개선이 기대됩니다.""]",-1.62748643761302
005490,POSCO홀딩스,2025-04-01,272000,Buy,75,"[""최근 철강 업황 회복 기대감과 리튬 등 신사업 성장 모멘텀이 주가 상승을 견인할 것으로 예상됩니다."", ""글로벌 경기 회복 시 철강 수요 증가가 POSCO홀딩스의 실적 개선으로 이어질 가능성이 높습니다."", ""최근 외국인 투자자들의 순매수세가 유입되며 투자 심리가 긍정적으로 전환되고 있습니다.""]",-4.227941176470589
005490,POSCO홀딩스,2025-05-02,261500,Buy,75,"[""최근 철강 업황 개선 기대감과 더불어 2차전지 소재 사업 성장성에 대한 긍정적인 전망이 주가 상승 동력으로 작용할 것으로 예상됩니다."", ""글로벌 경기 회복 시그널과 인프라 투자 확대 가능성은 POSCO홀딩스의 주요 사업 부문에 긍정적인 영향을 미칠 수 있습니다."", ""최근 주가 조정을 거치면서 밸류에이션 매력도가 높아졌다는 분석이 있으며, 기관 투자자들의 매수세가 유입될 가능성이 있습니다.""]",-1.7208413001912046
005490,POSCO홀딩스,2025-06-02,245500,Buy,75,"[""최근 철강 업황 회복 기대감과 리튬 등 이차전지 소재 사업 성장 가능성이 주가 상승 동력으로 작용할 것으로 예상됩니다."", ""글로벌 경기 회복 시 철강 수요 증가와 함께 POSCO그룹의 신사업 투자 확대가 긍정적인 영향을 미칠 수 있습니다."", ""최근 주가 조정을 거치며 밸류에이션 매력이 부각될 수 있으며, 기관 투자자들의 매수세가 유입될 가능성이 있습니다.""]",27.08757637474542
005490,POSCO홀딩스,2025-07-01,288000,Buy,75,"[""최근 철강 업황 개선 기대감과 함께 리튬 사업 등 신성장 동력에 대한 긍정적인 전망이 주가 상승 요인으로 작용할 수 있습니다."", ""글로벌 경기 회복 시 철강 수요 증가가 예상되며, 이는 POSCO홀딩스의 실적 개선으로 이어질 가능성이 높습니다."", ""최근 외국인 투자자들의 순매수세가 유입되고 있어 단기적인 주가 상승 모멘텀을 기대해 볼 수 있습니다.""]",8.680555555555555
005490,POSCO홀딩스,2025-08-01,290000,Neutral,50,"[""최근 POSCO홀딩스는 철강 업황 둔화 우려와 리튬 가격 변동성으로 인해 주가 흐름이 다소 혼조세를 보이고 있습니다."", ""하지만 친환경 미래 소재 기업으로의 전환 가속화 및 신사업 투자 확대는 장기적인 성장 동력으로 작용할 수 있습니다."", ""향후 20거래일 동안은 글로벌 경기 지표 발표, 주요국 통화 정책 변화, 그리고 철강 및 이차전지 관련 업황 뉴스 등 다양한 변수에 따라 주가 방향성이 결정될 것으로 예상됩니다.""]",-3.4482758620689653
005490,POSCO홀딩스,2025-09-01,280000,Buy,75,"[""최근 철강 업황 회복 기대감과 함께 주요 원자재 가격 상승이 긍정적인 영향을 미치고 있습니다."", ""신성장 동력으로 추진 중인 이차전지 소재 사업의 가시적인 성과와 투자 확대가 주가 상승 모멘텀으로 작용할 가능성이 높습니다."", ""글로벌 경기 회복 시나리오에서 건설 및 자동차 산업의 수요 증가는 POSCO홀딩스의 실적 개선으로 이어질 것으로 예상됩니다.""]",-1.4285714285714286
005490,POSCO홀딩스,2025-10-01,273000,Buy,75,"[""최근 철강 업황 개선 기대감과 더불어 2차전지 소재 사업의 성장성이 부각되고 있습니다."", ""정부의 친환경 정책 강화 및 전기차 시장 확대는 POSCO홀딩스의 핵심 사업에 긍정적인 영향을 미칠 것으로 예상됩니다."", ""기관 투자자들의 매수세가 꾸준히 유입되고 있으며, 단기적인 기술적 지표 또한 상승 추세를 지지하고 있습니다.""]",11.72161172161172
005490,POSCO홀딩스,2025-11-03,312500,Buy,75,"[""최근 철강 업황 개선 기대감과 함께 리튬 등 이차전지 소재 사업의 성장성이 부각되고 있습니다."", ""글로벌 경기 회복 시 철강 수요 증가와 더불어 친환경 에너지 전환 트렌드에 따른 이차전지 소재 사업의 수혜가 예상됩니다."", ""최근 주가 조정 이후 기술적 반등 가능성이 있으며, 기관 및 외국인 투자자들의 매수세가 유입될 경우 상승 탄력이 강화될 수 있습니다.""]",-1.1199999999999999
005490,POSCO홀딩스,2025-12-01,309000,Buy,75,"[""철강 업황 회복 기대감과 함께 리튬 등 이차전지 소재 사업의 성장성이 부각되고 있어 긍정적인 흐름이 예상됩니다."", ""최근 기관 및 외국인 투자자들의 매수세가 유입되고 있으며, 이는 향후 주가 상승에 대한 기대감을 높입니다."", ""글로벌 경기 회복 조짐과 함께 주요 원자재 가격의 안정화 가능성이 POSCO홀딩스의 실적 개선에 긍정적인 영향을 미칠 것으로 보입니다.""]",-3.7216828478964405
051910,LG화학,2023-01-02,242500,Buy,75,"[""LG화학은 최근 2차전지 사업의 성장 전망과 더불어 실적 개선 기대감이 높아지고 있습니다."", ""글로벌 전기차 시장의 꾸준한 성장세는 LG화학의 핵심 사업인 배터리 부문의 수요 증가로 이어질 것으로 예상됩니다."", ""최근 주가 조정을 거치면서 밸류에이션 매력도가 부각되고 있어 단기적인 반등 가능성이 있습니다.""]",-8.65979381443299
051910,LG화학,2023-02-01,242500,Buy,75,"[""LG화학은 최근 전기차 배터리 부문의 성장 기대감과 더불어 석유화학 부문의 실적 개선 가능성이 제기되고 있습니다."", ""글로벌 전기차 시장의 지속적인 성장 추세는 LG화학의 배터리 사업에 긍정적인 영향을 미칠 것으로 예상됩니다."", ""최근 증권사들의 목표주가 상향 조정은 투자 심리 개선에 기여할 수 있습니다.""]",-8.65979381443299
051910,LG화학,2023-03-02,242500,Buy,75,"[""LG화학은 최근 전기차 배터리 부문의 성장 기대감과 더불어 석유화학 부문의 실적 개선 가능성이 부각되고 있습니다."", ""글로벌 전기차 시장의 꾸준한 성장세는 LG화학의 배터리 사업에 긍정적인 영향을 미칠 것으로 예상됩니다."", ""최근 주가 조정 이후 기술적 반등 가능성이 있으며, 시장 전반의 투자 심리가 회복될 경우 상승 모멘텀을 받을 수 있습니다.""]",-8.65979381443299
051910,LG화학,2023-04-03,242500,Buy,75,"[""LG화학은 최근 실적 개선 기대감과 함께 전기차 배터리 사업의 성장성이 부각되고 있습니다."", ""글로벌 경기 회복 및 주요 원자재 가격 안정화는 석유화학 부문의 수익성 개선에 긍정적인 영향을 줄 것으로 예상됩니다."", ""최근 외국인 투자자들의 순매수세가 유입되고 있으며, 이는 단기적인 주가 상승 모멘텀으로 작용할 수 있습니다.""]",-8.65979381443299
051910,LG화학,2023-05-02,242500,Buy,75,"[""LG화학은 최근 전기차 배터리 부문의 성장 기대감과 더불어 석유화학 부문의 실적 개선 가능성이 제기되고 있습니다."", ""글로벌 전기차 시장의 지속적인 성장세는 LG화학의 배터리 사업에 긍정적인 영향을 미칠 것으로 예상됩니다."", ""최근 증권사들의 목표주가 상향 조정은 투자 심리를 개선시키고 주가 상승 모멘텀을 강화할 수 있습니다.""]",-8.65979381443299
051910,LG화학,2023-06-01,242500,Buy,75,"[""LG화학은 최근 전기차 배터리 부문의 성장 기대감과 더불어 석유화학 부문의 실적 개선 가능성이 긍정적으로 작용하고 있습니다."", ""글로벌 전기차 시장의 지속적인 성장 추세는 LG화학의 배터리 사업에 대한 투자 심리를 강화할 것으로 예상됩니다."", ""최근 주가 조정은 단기적인 노이즈로 해석될 수 있으며, 중장기적인 성장 모멘텀을 고려할 때 추가 상승 여력이 있다고 판단됩니다.""]",-8.65979381443299
051910,LG화학,2023-07-03,242500,Buy,75,"[""LG화학은 최근 실적 개선 기대감과 함께 전기차 배터리 사업의 성장성이 부각되고 있습니다."", ""글로벌 경기 회복 및 주요 원자재 가격 안정화는 석유화학 부문의 수익성 개선에 긍정적인 영향을 줄 것으로 예상됩니다."", ""최근 주가 조정 이후 기술적 반등 가능성이 있으며, 기관 및 외국인 투자자들의 매수세가 유입될 경우 상승 탄력이 강화될 수 있습니다.""]",-8.65979381443299
051910,LG화학,2023-08-01,242500,Buy,75,"[""LG화학은 최근 전기차 배터리 부문의 성장 기대감과 더불어 석유화학 부문의 실적 개선 가능성이 부각되고 있습니다."", ""글로벌 전기차 시장의 지속적인 성장 추세는 LG화학의 배터리 사업에 긍정적인 영향을 미칠 것으로 예상됩니다."", ""최근 주가 조정을 거치며 밸류에이션 매력도가 높아졌다는 분석이 있으며, 단기적인 기술적 반등 가능성도 존재합니다.""]",-8.65979381443299
051910,LG화학,2023-09-01,242500,Buy,75,"[""LG화학은 최근 전기차 배터리 사업 부문의 성장 기대감과 더불어 석유화학 부문의 실적 개선 가능성이 부각되고 있습니다."", ""글로벌 전기차 시장의 꾸준한 성장세는 LG화학의 배터리 사업에 긍정적인 영향을 미칠 것으로 예상됩니다."", ""최근 증권사들의 목표주가 상향 조정 및 투자의견 '매수' 유지 리포트가 다수 발표되며 투자 심리에 긍정적인 영향을 주고 있습니다.""]",-8.65979381443299
051910,LG화학,2023-10-04,242500,Buy,75,"[""LG화학은 최근 전기차 배터리 부문의 실적 개선 기대감과 신규 투자 계획 발표로 긍정적인 모멘텀을 확보하고 있습니다."", ""글로벌 전기차 시장의 지속적인 성장 전망은 LG화학의 배터리 사업 성장에 긍정적인 영향을 미칠 것으로 예상됩니다."", ""최근 주가 하락은 단기적인 조정으로 해석되며, 향후 20거래일 내 시장 대비 반등 가능성이 높다고 판단됩니다.""]",-8.65979381443299
051910,LG화학,2023-11-01,242500,Neutral,50,"[""LG화학은 최근 유가 변동성 및 글로벌 경기 둔화 우려로 인해 단기적인 방향성 판단이 어려운 상황입니다."", ""하지만 전기차 배터리 부문의 장기적인 성장 전망은 긍정적이며, 이는 주가 하방 경직성을 제공할 수 있습니다."", ""최근 증권사들의 목표주가 하향 조정 움직임과 함께 실적 발표 시즌을 앞두고 관망세가 짙어질 가능성이 있습니다.""]",-8.65979381443299
051910,LG화학,2023-12-01,242500,Buy,75,"[""LG화학은 최근 전기차 배터리 부문의 성장 기대감과 더불어 석유화학 부문의 실적 개선 가능성이 긍정적으로 작용하고 있습니다."", ""글로벌 전기차 시장의 지속적인 성장 추세는 LG화학의 배터리 사업에 우호적인 환경을 제공할 것으로 예상됩니다."", ""최근 주가 조정을 거치면서 밸류에이션 매력이 부각될 수 있으며, 단기적인 기술적 반등 가능성도 존재합니다.""]",-8.65979381443299
051910,LG화학,2024-01-02,242500,Buy,75,"[""LG화학은 최근 2차전지 사업 부문의 실적 개선 기대감과 신규 투자 계획 발표로 투자 심리가 긍정적으로 전환될 가능성이 높습니다."", ""글로벌 전기차 시장의 꾸준한 성장세는 LG화학의 핵심 사업인 2차전지 소재 수요 증가로 이어져 주가 상승 동력으로 작용할 수 있습니다."", ""최근 주가 조정을 거치면서 밸류에이션 매력이 부각되고 있으며, 단기적으로 기술적 반등 가능성도 존재합니다.""]",-8.65979381443299
051910,LG화학,2024-02-01,242500,Buy,75,"[""LG화학은 최근 전기차 배터리 부문의 성장 기대감과 더불어 신사업 투자를 통해 미래 성장 동력을 확보하고 있다는 평가를 받고 있습니다."", ""글로벌 경기 회복 및 주요 산업의 수요 증가가 예상됨에 따라 LG화학의 주력 사업 부문 실적 개선이 기대됩니다."", ""최근 주가 조정을 거치며 밸류에이션 매력도가 높아졌다는 분석이 있으며, 기관 투자자들의 매수세가 유입될 가능성이 있습니다.""]",-8.65979381443299
051910,LG화학,2024-03-04,242500,Buy,75,"[""LG화학은 최근 2차전지 사업 부문의 실적 개선 기대감과 신규 투자 계획 발표로 투자 심리가 긍정적으로 전환될 가능성이 높습니다."", ""글로벌 전기차 시장의 꾸준한 성장세는 LG화학의 핵심 사업인 2차전지 소재 수요 증가로 이어져 주가 상승 동력이 될 수 있습니다."", ""최근 주가 하락으로 인한 밸류에이션 매력도가 부각되며 단기적인 기술적 반등 가능성도 존재합니다.""]",-8.65979381443299
051910,LG화학,2024-04-01,242500,Buy,75,"[""LG화학은 최근 전기차 배터리 부문의 실적 개선 기대감과 신규 투자 계획 발표 등으로 긍정적인 모멘텀을 확보하고 있습니다."", ""글로벌 전기차 시장의 지속적인 성장 전망은 LG화학의 배터리 사업에 대한 투자 심리를 더욱 강화할 것으로 예상됩니다."", ""최근 주가 하락은 단기적인 조정으로 해석될 수 있으며, 향후 20거래일 내 시장 대비 반등 가능성이 높다고 판단됩니다.""]",-8.65979381443299
051910,LG화학,2024-05-02,242500,Buy,75,"[""LG화학은 최근 실적 개선 기대감과 함께 전기차 배터리 사업의 성장성이 부각되고 있습니다."", ""글로벌 경기 회복 및 친환경 정책 강화는 LG화학의 주요 사업 부문에 긍정적인 영향을 미칠 것으로 예상됩니다."", ""최근 주가 조정을 거치며 밸류에이션 매력이 높아진 측면도 투자 심리에 긍정적으로 작용할 수 있습니다.""]",-8.65979381443299
051910,LG화학,2024-07-01,242500,Buy,75,"[""LG화학은 최근 실적 개선 기대감과 함께 전기차 배터리 사업의 성장성이 부각되고 있습니다."", ""글로벌 경기 회복 조짐과 함께 화학 제품 수요 증가가 예상되며, 이는 LG화학의 실적에 긍정적인 영향을 미칠 수 있습니다."", ""최근 주가 조정을 거치며 밸류에이션 매력이 높아졌다는 분석이 있으며, 단기적인 기술적 반등 가능성도 존재합니다.""]",-8.65979381443299
051910,LG화학,2024-08-01,242500,Buy,75,"[""LG화학은 최근 전기차 배터리 부문의 성장 기대감과 더불어 석유화학 부문의 실적 개선 가능성이 높아지고 있습니다."", ""글로벌 전기차 시장의 지속적인 성장 추세는 LG화학의 배터리 사업에 긍정적인 영향을 미칠 것으로 예상됩니다."", ""최근 주가 조정을 거치면서 밸류에이션 매력도가 높아졌다는 분석이 있습니다.""]",-8.65979381443299
051910,LG화학,2024-09-02,242500,Buy,75,"[""LG화학은 최근 2차전지 사업 부문의 실적 개선 기대감과 신규 투자 계획 발표로 투자 심리가 긍정적으로 전환될 가능성이 있습니다."", ""글로벌 전기차 시장의 지속적인 성장 전망은 LG화학의 핵심 사업인 2차전지 부문의 수요 증가로 이어져 주가 상승 요인으로 작용할 수 있습니다."", ""최근 주가 조정을 거치며 밸류에이션 매력이 부각될 수 있으며, 단기적인 기술적 반등 가능성도 존재합니다.""]",-8.65979381443299
051910,LG화학,2024-10-02,242500,Buy,75,"[""LG화학은 최근 실적 개선 기대감과 함께 전기차 배터리 사업의 성장성이 부각되고 있습니다."", ""글로벌 경기 회복 조짐과 더불어 석유화학 업황 개선 가능성이 긍정적인 영향을 줄 것으로 예상됩니다."", ""최근 주가 조정을 거치면서 밸류에이션 매력도가 높아졌다는 분석이 나오고 있습니다.""]",-8.65979381443299
051910,LG화학,2024-11-01,242500,Buy,75,"[""LG화학은 최근 실적 개선 기대감과 함께 주요 사업 부문의 성장 전망이 긍정적으로 평가받고 있습니다."", ""전기차 배터리 시장의 지속적인 성장세와 더불어 첨단소재 부문의 신규 사업 추진이 주가 상승 모멘텀으로 작용할 가능성이 높습니다."", ""최근 시장 전반의 변동성이 다소 완화되고 투자 심리가 회복되는 추세를 보이며, 이는 LG화학과 같은 대형 우량주에 긍정적인 영향을 줄 수 있습니다.""]",-8.65979381443299
051910,LG화학,2024-12-02,242500,Buy,75,"[""LG화학은 최근 전기차 배터리 부문의 실적 개선 기대감과 신규 투자 계획 발표로 긍정적인 모멘텀을 확보하고 있습니다."", ""글로벌 전기차 시장의 지속적인 성장 전망은 LG화학의 배터리 사업 성장에 긍정적인 영향을 미칠 것으로 예상됩니다."", ""최근 주가 하락은 단기적인 조정으로 해석되며, 펀더멘털 개선에 대한 기대감이 향후 주가 상승을 견인할 가능성이 높습니다.""]",-8.65979381443299
051910,LG화학,2025-01-02,253500,Buy,75,"[""LG화학은 최근 전기차 배터리 부문의 성장 기대감과 더불어 석유화학 부문의 실적 개선 가능성이 부각되고 있습니다."", ""글로벌 경기 회복 조짐과 함께 주요 원자재 가격의 안정화는 LG화학의 수익성 개선에 긍정적인 영향을 줄 것으로 예상됩니다."", ""최근 주가 조정을 거치면서 밸류에이션 매력도가 높아졌다는 분석이 있으며, 이는 단기적인 주가 상승 동력으로 작용할 수 있습니다.""]",-12.42603550295858
051910,LG화학,2025-02-03,213000,Neutral,50,"[""LG화학은 최근 주가 변동성이 크며, 뚜렷한 상승 또는 하락 추세를 보이지 않고 있습니다."", ""글로벌 경기 둔화 우려와 원자재 가격 변동성이 수익성에 영향을 미칠 수 있습니다."", ""하지만 전기차 배터리 사업의 성장 잠재력과 신사업 투자에 대한 기대감도 존재하여 단기적인 방향성 판단이 어렵습니다.""]",8.215962441314554
051910,LG화학,2025-03-04,230500,Neutral,50,"[""LG화학은 최근 주가 변동성이 크지 않으며, 뚜렷한 상승 또는 하락 모멘텀이 부재합니다."", ""글로벌 경기 둔화 우려와 더불어 전기차 배터리 시장의 경쟁 심화는 단기적인 주가 상승을 제한할 수 있습니다."", ""하지만 신성장 동력 확보를 위한 투자와 친환경 소재 사업의 성장 가능성은 중장기적인 긍정적 요인으로 작용할 수 있어 단기 방향성 판단이 어렵습니다.""]",0.8676789587852495
051910,LG화학,2025-04-01,232500,Buy,75,"[""LG화학은 최근 전기차 배터리 부문의 실적 개선 기대감과 신규 수주 소식이 주가 상승 모멘텀으로 작용할 가능성이 높습니다."", ""글로벌 경기 회복세와 더불어 석유화학 부문의 업황 개선 또한 긍정적인 영향을 줄 것으로 예상됩니다."", ""기술적 분석상으로도 주요 지지선을 확보하며 상승 추세로 전환될 가능성을 시사하고 있습니다.""]",-7.096774193548387
051910,LG화학,2025-05-02,208000,Neutral,50,"[""LG화학은 최근 변동성이 큰 시장 상황 속에서 뚜렷한 방향성을 보이지 않고 있습니다."", ""전기차 배터리 부문의 성장 기대감과 석유화학 부문의 업황 둔화 우려가 혼재하며 투자 심리가 엇갈리고 있습니다."", ""향후 20거래일 동안 거시 경제 지표 변화 및 경쟁사 동향에 따라 주가 방향성이 결정될 가능성이 높습니다.""]",-3.125
051910,LG화학,2025-06-02,198700,Buy,75,"[""LG화학은 최근 2차전지 사업 부문의 실적 개선 기대감과 신규 투자 계획 발표로 투자 심리가 긍정적으로 전환될 가능성이 높습니다."", ""글로벌 전기차 시장의 성장세가 지속되면서 LG화학의 주요 사업인 양극재 및 분리막 등 2차전지 소재 수요도 꾸준히 증가할 것으로 예상됩니다."", ""최근 주가 조정을 거치면서 밸류에이션 매력도가 높아졌으며, 단기적으로 기술적 반등 가능성도 존재합니다.""]",29.34071464519376
051910,LG화학,2025-07-01,240000,Neutral,50,"[""LG화학은 최근 주가 변동성이 크며, 20거래일 내 뚜렷한 방향성을 예측하기 어려운 상황입니다."", ""글로벌 경기 둔화 우려와 더불어 배터리 부문 경쟁 심화는 하방 압력으로 작용할 수 있습니다."", ""하지만 신성장 동력 확보를 위한 투자와 친환경 소재 사업 강화는 중장기적인 상승 모멘텀을 제공할 수 있습니다.""]",27.500000000000004
051910,LG화학,2025-08-01,289500,Buy,75,"[""LG화학은 최근 전기차 배터리 부문의 성장 기대감과 신사업 투자 확대에 대한 긍정적인 전망이 주가에 반영될 가능성이 높습니다."", ""글로벌 경기 회복 조짐과 더불어 석유화학 업황 개선에 대한 기대감도 LG화학의 실적 개선에 긍정적인 영향을 줄 수 있습니다."", ""최근 주가 조정을 거치면서 밸류에이션 매력이 부각될 수 있으며, 기관 투자자들의 매수세 유입 가능성도 존재합니다.""]",-6.90846286701209
051910,LG화학,2025-09-01,269500,Neutral,55,"[""LG화학은 최근 유가 변동성 확대와 글로벌 경기 둔화 우려 속에서 뚜렷한 방향성을 보이지 않고 있습니다."", ""하지만 2차전지 사업 부문의 성장 기대감과 신사업 투자 계획은 긍정적인 요인으로 작용할 수 있습니다."", ""단기적으로는 시장 전반의 투자 심리와 주요 사업 부문의 실적 발표에 따라 변동성이 나타날 수 있어 신중한 접근이 필요합니다.""]",3.153988868274583
051910,LG화학,2025-10-01,277500,Neutral,50,"[""LG화학은 최근 주가 변동성이 크지 않으며, 뚜렷한 상승 또는 하락 모멘텀이 부재합니다."", ""전반적인 화학 업종의 전망이 불확실하며, 거시 경제 지표 또한 투자 방향을 명확히 제시하지 못하고 있습니다."", ""단기적인 기술적 지표만으로는 향후 20거래일 내 시장 대비 유의미한 초과 수익 또는 손실을 예측하기 어렵습니다.""]",38.91891891891892
051910,LG화학,2025-11-03,395000,Buy,75,"[""최근 LG화학은 전기차 배터리 부문의 실적 개선 기대감과 신규 수주 소식으로 주가 반등의 조짐을 보이고 있습니다."", ""글로벌 경기 회복 및 친환경 에너지 전환 정책 강화는 LG화학의 핵심 사업인 배터리 및 석유화학 부문에 긍정적인 영향을 미칠 것으로 예상됩니다."", ""현재 주가 수준은 밸류에이션 측면에서 매력적인 구간으로 판단되며, 단기적인 기술적 반등 가능성도 존재합니다.""]",-5.949367088607595
051910,LG화학,2025-12-01,371500,Buy,70,"[""LG화학은 최근 전기차 배터리 사업 부문의 실적 개선 기대감과 신규 투자 계획 발표로 긍정적인 모멘텀을 확보하고 있습니다."", ""글로벌 전기차 시장의 지속적인 성장 전망은 LG화학의 핵심 사업인 배터리 부문의 수요 증가를 견인할 것으로 예상됩니다."", ""최근 주가 조정은 단기적인 수급 요인으로 판단되며, 장기적인 성장성에 비해 저평가된 구간으로 분석됩니다.""]",-13.189771197846568
352820,HYBE,2023-01-02,196300,Buy,75,"[""최근 신인 아티스트들의 성공적인 데뷔와 기존 아티스트들의 꾸준한 활동으로 음반 및 음원 판매량 증가가 예상됩니다."", ""글로벌 팬덤 확대를 위한 적극적인 투자와 신규 사업 진출이 긍정적인 모멘텀으로 작용할 가능성이 높습니다."", ""증권가에서는 하이브의 목표 주가를 상향 조정하며 긍정적인 전망을 제시하고 있습니다.""]",20.22414671421294
352820,HYBE,2023-02-01,196300,Buy,75,"[""최근 신규 아티스트들의 성공적인 데뷔와 기존 아티스트들의 꾸준한 활동으로 실적 개선 기대감이 높습니다."", ""글로벌 팬덤 확대를 위한 적극적인 투자와 신규 사업 추진이 긍정적인 모멘텀으로 작용할 수 있습니다."", ""증권사들의 목표 주가 상향 조정 및 투자의견 매수 의견이 다수 제시되고 있어 단기 상승 가능성이 있습니다.""]",20.22414671421294
352820,HYBE,2023-03-02,196300,Neutral,50,"[""HYBE는 최근 20거래일 동안 시장 대비 변동성이 크지 않은 흐름을 보이고 있습니다."", ""신규 아티스트 데뷔 및 컴백 관련 소식이 주가에 긍정적 또는 부정적 영향을 미칠 수 있어 단기 방향성 예측이 어렵습니다."", ""글로벌 경기 둔화 우려와 엔터테인먼트 산업 전반의 불확실성이 투자 심리에 영향을 줄 수 있습니다.""]",20.22414671421294
352820,HYBE,2023-04-03,196300,Neutral,50,"[""HYBE의 최근 주가 흐름은 뚜렷한 추세를 보이지 않고 있으며, 시장 전반의 변동성 또한 높은 상황입니다."", ""신규 아티스트의 성공 여부, 음반 판매량, 콘서트 티켓 판매 등 실적에 영향을 미칠 수 있는 요인들이 불확실성을 내포하고 있습니다."", ""거시 경제 지표 및 금리 변동 등 외부 요인이 투자 심리에 미칠 영향 또한 예측하기 어렵습니다.""]",20.22414671421294
352820,HYBE,2023-05-02,196300,Neutral,50,"[""HYBE는 최근 20거래일 동안 시장 대비 변동성이 크지 않은 흐름을 보이고 있습니다."", ""신규 아티스트 데뷔 및 컴백 관련 이슈가 있으나, 시장 전반의 투자 심리 위축 가능성도 상존합니다."", ""단기적인 뚜렷한 상승 또는 하락 모멘텀을 판단하기 어려운 구간입니다.""]",20.22414671421294
352820,HYBE,2023-06-01,196300,Neutral,50,"[""HYBE의 최근 주가 흐름은 뚜렷한 상승 또는 하락 추세를 보이지 않고 횡보하는 구간에 있습니다."", ""신규 아티스트의 데뷔, 컴백 등 긍정적인 모멘텀이 발생할 가능성도 있으나, 현재로서는 구체적인 재료가 부족합니다."", ""글로벌 경기 상황 및 엔터테인먼트 산업 전반의 투자 심리에 따라 변동성이 나타날 수 있어 단기적인 방향성을 명확히 예측하기 어렵습니다.""]",20.22414671421294
352820,HYBE,2023-07-03,196300,Neutral,50,"[""HYBE의 주가는 최근 20거래일 동안 큰 변동성 없이 횡보하는 추세를 보이고 있습니다."", ""현재 시장 전반의 불확실성과 엔터테인먼트 업종의 계절적 요인을 고려할 때, 뚜렷한 상승 또는 하락 모멘텀을 예측하기 어렵습니다."", ""신규 아티스트 데뷔, 컴백 일정, 글로벌 팬덤 반응 등 잠재적인 상승 요인과 경쟁 심화, 음반 판매량 변동성 등 하락 요인이 혼재되어 있어 방향성 판단에 신중함이 요구됩니다.""]",20.22414671421294
352820,HYBE,2023-08-01,196300,Buy,75,"[""최근 신규 아티스트들의 성공적인 데뷔와 기존 아티스트들의 꾸준한 활동으로 음반 및 음원 판매량 증가가 예상됩니다."", ""글로벌 팬덤 확대를 위한 적극적인 투자와 신규 사업 진출이 긍정적인 모멘텀으로 작용할 가능성이 높습니다."", ""증권사들의 목표 주가 상향 조정과 투자의견 '매수' 유지 등 긍정적인 리포트가 다수 발표되고 있습니다.""]",20.22414671421294
352820,HYBE,2023-09-01,196300,Neutral,50,"[""HYBE는 최근 K팝 시장의 성장 둔화와 신인 그룹의 성과 불확실성으로 인해 투자 심리가 다소 위축된 상황입니다."", ""하지만 하이브는 강력한 팬덤을 기반으로 한 IP 파워와 다양한 사업 포트폴리오를 보유하고 있어 하락 시 매수 기회가 될 수 있다는 분석도 존재합니다."", ""향후 20거래일 동안 신인 그룹의 성과, 음반/음원 판매량, 그리고 글로벌 시장의 K팝 소비 트렌드 변화 등 여러 변수에 따라 주가 방향성이 결정될 것으로 예상됩니다.""]",20.22414671421294
352820,HYBE,2023-10-04,196300,Neutral,50,"[""HYBE는 최근 20거래일 동안 시장 대비 변동성이 크지 않은 흐름을 보이고 있습니다."", ""신규 아티스트 데뷔 및 컴백 관련 정보가 아직 구체화되지 않아 단기적인 모멘텀 부재가 예상됩니다."", ""글로벌 팬덤 기반의 강력한 IP를 보유하고 있으나, 현재 시장 상황 및 경쟁 환경을 고려할 때 뚜렷한 상승 또는 하락 추세를 단정하기 어렵습니다.""]",20.22414671421294
352820,HYBE,2023-11-01,196300,Neutral,50,"[""HYBE는 최근 20거래일 동안 시장 대비 큰 변동성을 보이지 않고 횡보하는 추세를 나타내고 있습니다."", ""신규 아티스트 론칭 및 기존 아티스트의 활동이 예정되어 있으나, 이에 대한 시장의 반응을 예측하기 어렵습니다."", ""글로벌 경제 상황 및 엔터테인먼트 산업 전반의 투자 심리가 불확실하여 단기적인 방향성 판단에 어려움이 있습니다.""]",20.22414671421294
352820,HYBE,2023-12-01,196300,Neutral,50,"[""HYBE는 최근 20거래일 동안 시장 대비 혼조세를 보이며 뚜렷한 방향성을 나타내지 않고 있습니다."", ""신규 아티스트 론칭 및 기존 아티스트의 활동 계획 등 긍정적인 모멘텀과 더불어, 경쟁 심화 및 음반 판매량 변동성 등 부정적인 요인이 혼재되어 있어 단기적인 시장 대비 상승 또는 하락을 예측하기 어렵습니다."", ""거시 경제 지표 및 엔터테인먼트 산업 전반의 투자 심리 변화 또한 HYBE 주가에 영향을 미칠 수 있는 변수로 작용하여, 현재로서는 명확한 투자 방향을 제시하기 어렵습니다.""]",20.22414671421294
352820,HYBE,2024-02-01,196300,Neutral,50,"[""HYBE는 최근 20거래일 동안 시장 대비 큰 변동성을 보이지 않고 횡보하는 추세를 나타내고 있습니다."", ""신규 아티스트 데뷔 및 컴백 관련 소식이 아직 구체화되지 않아 단기적인 상승 동력이 부족한 상황입니다."", ""글로벌 경기 불확실성과 엔터테인먼트 섹터 전반의 투자 심리 위축 가능성도 고려해야 합니다.""]",20.22414671421294
352820,HYBE,2024-03-04,196300,Buy,75,"[""HYBE는 최근 신인 그룹의 성공적인 데뷔와 기존 아티스트들의 꾸준한 활동으로 인해 긍정적인 모멘텀을 유지하고 있습니다."", ""글로벌 팬덤 확대를 위한 적극적인 투자와 신규 사업 진출 계획은 장기적인 성장 가능성을 시사합니다."", ""현재 주가는 단기적인 시장 변동성을 반영한 것으로 보이며, 실적 개선 기대감과 함께 상승 여력이 충분하다고 판단됩니다.""]",20.22414671421294
352820,HYBE,2024-04-01,196300,Neutral,50,"[""HYBE는 최근 20거래일 동안 시장 대비 큰 변동성을 보이지 않고 횡보하는 추세를 나타내고 있습니다."", ""신규 아티스트 론칭 및 기존 아티스트의 활동 재개 등 긍정적인 모멘텀이 존재하지만, 음반 판매량 및 콘서트 티켓 판매량에 대한 불확실성도 상존합니다."", ""거시 경제 지표 및 엔터테인먼트 산업 전반의 투자 심리 변화 또한 HYBE의 주가에 영향을 미칠 수 있어 단기적인 명확한 방향성 판단이 어렵습니다.""]",20.22414671421294
352820,HYBE,2024-05-02,196300,Neutral,50,"[""HYBE는 최근 20거래일 동안 시장 대비 큰 변동성을 보이지 않고 횡보하는 추세를 나타내고 있습니다."", ""신규 아티스트의 성공적인 데뷔와 기존 아티스트의 꾸준한 활동은 긍정적인 요인이지만, 경쟁 심화 및 음반/공연 시장의 불확실성은 하방 압력으로 작용할 수 있습니다."", ""현재로서는 뚜렷한 상승 또는 하락 모멘텀이 부재하며, 향후 20거래일 동안의 시장 상황 및 신규 사업 성과에 따라 방향성이 결정될 것으로 예상됩니다.""]",20.22414671421294
352820,HYBE,2024-06-03,196300,Neutral,50,"[""HYBE는 최근 20거래일 동안 시장 대비 변동성이 크지 않은 흐름을 보이고 있습니다."", ""단기적으로 뚜렷한 상승 또는 하락 모멘텀을 뒷받침할 만한 강력한 재료가 부족합니다."", ""향후 20거래일 동안의 투자 방향은 거시 경제 지표 및 엔터테인먼트 산업 전반의 동향에 따라 달라질 수 있습니다.""]",20.22414671421294
352820,HYBE,2024-07-01,196300,Buy,75,"[""HYBE는 최근 신규 아티스트의 성공적인 데뷔와 기존 아티스트의 꾸준한 활동으로 긍정적인 모멘텀을 유지하고 있습니다."", ""글로벌 팬덤 확대를 위한 적극적인 투자와 신규 사업 추진이 향후 실적 개선에 대한 기대감을 높이고 있습니다."", ""증권사들의 목표 주가 상향 조정 및 투자의견 매수 유지 리포트가 다수 발표되어 투자 심리에 긍정적인 영향을 미치고 있습니다.""]",20.22414671421294
352820,HYBE,2024-08-01,196300,Neutral,50,"[""HYBE는 최근 20거래일 동안 시장 대비 큰 변동성을 보이지 않고 횡보하는 추세를 나타내고 있습니다."", ""신규 아티스트의 컴백 및 글로벌 투어 성과, 음반 판매량 등 긍정적인 모멘텀이 있으나, 엔터테인먼트 업종 전반의 투자 심리 위축 가능성도 상존합니다."", ""현재로서는 뚜렷한 상승 또는 하락 추세를 예상하기 어려운 상황이며, 향후 발표될 실적 발표 및 주요 아티스트 관련 뉴스에 따라 방향성이 결정될 것으로 보입니다.""]",20.22414671421294
352820,HYBE,2024-09-02,196300,Buy,75,"[""최근 신인 아티스트들의 성공적인 데뷔와 기존 아티스트들의 꾸준한 활동으로 음반 및 음원 판매량 증가가 예상됩니다."", ""글로벌 팬덤 확대를 위한 적극적인 투자와 신규 사업 추진이 주가 상승 동력으로 작용할 가능성이 높습니다."", ""증권사들의 목표 주가 상향 조정 및 투자의견 매수 유지 리포트가 긍정적인 투자 심리를 형성하고 있습니다.""]",20.22414671421294
352820,HYBE,2024-10-02,196300,Neutral,50,"[""HYBE는 최근 20거래일 동안 시장 대비 변동성이 크지 않은 흐름을 보이고 있습니다."", ""신규 아티스트의 성공 여부 및 기존 아티스트의 활동 계획 등 잠재적 상승 및 하락 요인이 혼재되어 있어 단기 방향성 예측이 어렵습니다."", ""거시 경제 지표 및 엔터테인먼트 산업 전반의 투자 심리 변화에 따라 주가 방향성이 달라질 수 있습니다.""]",20.22414671421294
352820,HYBE,2024-11-01,196300,Buy,75,"[""최근 신인 아티스트들의 성공적인 데뷔와 기존 아티스트들의 꾸준한 활동으로 음반 및 음원 판매량 증가가 예상됩니다."", ""글로벌 팬덤 확대를 위한 적극적인 투자와 신규 사업 모색이 긍정적인 주가 흐름을 견인할 수 있습니다."", ""증권사들의 목표 주가 상향 조정 및 투자의견 매수 의견이 다수 제시되어 투자 심리에 긍정적인 영향을 미칠 것으로 보입니다.""]",20.22414671421294
352820,HYBE,2024-12-02,196300,Neutral,50,"[""HYBE의 주가는 최근 변동성이 큰 구간을 지나며 뚜렷한 방향성을 보여주지 못하고 있습니다."", ""신규 아티스트 데뷔 및 기존 아티스트 활동에 대한 기대감과 더불어, 음반 판매량 및 콘서트 수익 등 실적 관련 불확실성이 공존합니다."", ""거시 경제 상황 및 엔터테인먼트 산업 전반의 투자 심리 변화 또한 HYBE 주가에 영향을 미칠 수 있어 단기적인 시장 대비 상승 또는 하락을 명확히 예측하기 어렵습니다.""]",20.22414671421294
352820,HYBE,2025-01-02,201000,Buy,75,"[""HYBE는 최근 신인 아티스트들의 성공적인 데뷔와 기존 아티스트들의 꾸준한 활동으로 인해 강력한 성장 모멘텀을 보여주고 있습니다."", ""글로벌 팬덤 확대를 위한 적극적인 투자와 신규 사업(게임, 웹툰 등)의 성과가 가시화되면서 실적 개선 기대감이 높습니다."", ""증권사들의 목표 주가 상향 조정과 긍정적인 투자의견이 이어지면서 투자 심리가 개선될 가능성이 높습니다.""]",17.91044776119403
352820,HYBE,2025-02-03,233000,Neutral,50,"[""HYBE는 최근 20거래일 동안 시장 대비 변동성이 크지 않은 흐름을 보이고 있습니다."", ""현재 주가 수준에서 뚜렷한 상승 또는 하락 모멘텀을 찾기 어렵습니다."", ""향후 20거래일 동안 특별한 이벤트나 시장 환경 변화가 없다면 현재의 박스권 흐름이 이어질 가능성이 있습니다.""]",7.725321888412018
352820,HYBE,2025-03-04,251000,Buy,75,"[""하이브는 최근 신인 그룹들의 성공적인 데뷔와 기존 아티스트들의 활발한 활동으로 견고한 성장 모멘텀을 유지하고 있습니다."", ""글로벌 팬덤 확장과 IP 사업 다각화를 통해 지속적인 매출 증대가 기대됩니다."", ""증권사들의 목표 주가 상향 조정 및 긍정적인 투자의견이 투자 심리를 개선하고 있습니다.""]",-7.370517928286853
352820,HYBE,2025-04-01,232500,Buy,75,"[""최근 신인 아티스트들의 성공적인 데뷔와 기존 아티스트들의 꾸준한 활동이 실적 개선 기대감을 높이고 있습니다."", ""글로벌 팬덤 확대를 위한 적극적인 투자와 신규 사업 추진이 장기적인 성장 동력으로 작용할 것으로 예상됩니다."", ""콘서트 및 MD 사업의 회복세가 뚜렷하며, 하반기 주요 아티스트들의 컴백이 예정되어 있어 추가적인 모멘텀 확보가 가능합니다.""]",14.838709677419354
352820,HYBE,2025-05-02,264500,Buy,75,"[""최근 신인 아티스트들의 성공적인 데뷔와 기존 아티스트들의 꾸준한 활동으로 인한 음반 및 음원 판매량 증가가 기대됩니다."", ""글로벌 팬덤 확대를 위한 적극적인 투자와 신규 사업(게임, 웹툰 등)의 성과가 가시화될 가능성이 높습니다."", ""주요 경쟁사 대비 상대적으로 낮은 밸류에이션 수준으로, 향후 실적 개선에 따른 주가 상승 여력이 충분하다고 판단됩니다.""]",7.561436672967864
352820,HYBE,2025-06-02,281000,Buy,75,"[""HYBE는 최근 신인 아티스트들의 성공적인 데뷔와 기존 아티스트들의 꾸준한 활동으로 강력한 성장 모멘텀을 유지하고 있습니다."", ""글로벌 팬덤 확대를 위한 적극적인 투자와 신규 사업(플랫폼, 게임 등)의 성과가 가시화될 가능성이 높습니다."", ""음반 및 공연 시장의 회복세와 더불어 하이브리와 관련된 긍정적인 뉴스 플로우가 지속될 것으로 예상됩니다.""]",3.3807829181494666
352820,HYBE,2025-07-01,305000,Neutral,50,"[""HYBE는 최근 앨범 발매 및 아티스트 활동으로 인한 단기적인 주가 변동성이 관찰되고 있습니다."", ""글로벌 팬덤의 영향력과 신규 아티스트 데뷔 등 긍정적인 모멘텀이 존재하지만, 경쟁 심화 및 음반 시장의 불확실성도 상존합니다."", ""현재 시장 전반의 변동성이 높은 상황에서 20거래일 내 명확한 시장 대비 상승 또는 하락을 단정하기에는 추가적인 정보와 시장 상황 분석이 필요합니다.""]",-17.868852459016395
352820,HYBE,2025-08-01,260500,Buy,75,"[""최근 신인 아티스트들의 성공적인 데뷔와 기존 아티스트들의 꾸준한 활동이 실적 개선 기대감을 높이고 있습니다."", ""글로벌 팬덤 확대를 위한 적극적인 투자와 신규 사업 추진이 장기적인 성장 동력으로 작용할 것으로 예상됩니다."", ""주가 하락 시 저가 매수세 유입 가능성이 있으며, 시장 전반의 투자 심리 개선 시 동반 상승할 여력이 있습니다.""]",9.021113243761997
352820,HYBE,2025-09-01,284000,Buy,75,"[""최근 신인 아티스트들의 성공적인 데뷔와 기존 아티스트들의 꾸준한 활동으로 인한 실적 개선 기대감이 높습니다."", ""하이브의 강력한 팬덤 기반과 글로벌 IP 확장 전략은 지속적인 성장 동력으로 작용할 것으로 예상됩니다."", ""증권사들의 목표주가 상향 조정 및 투자의견 '매수' 유지 추세는 긍정적인 투자 심리를 반영하고 있습니다.""]",-6.338028169014084
352820,HYBE,2025-10-01,267500,Buy,75,"[""HYBE는 최근 신인 아티스트들의 성공적인 데뷔와 기존 아티스트들의 꾸준한 활동으로 매출 성장이 기대됩니다."", ""글로벌 팬덤 확대를 위한 적극적인 투자와 신규 사업 진출이 긍정적인 모멘텀으로 작용할 가능성이 높습니다."", ""전반적인 엔터테인먼트 산업의 회복세와 함께 HYBE의 경쟁력 있는 IP가 시장에서 재평가될 것으로 예상됩니다.""]",19.439252336448597
352820,HYBE,2025-11-03,341000,Buy,75,"[""신인 아티스트의 성공적인 데뷔와 기존 아티스트들의 꾸준한 활동으로 음반 및 음원 판매량 증가가 예상됩니다."", ""하이브의 자체 IP를 활용한 다양한 사업 확장 (콘텐츠, 커머스 등)이 실적 개선에 긍정적인 영향을 미칠 것으로 보입니다."", ""글로벌 팬덤 확대를 위한 적극적인 마케팅 및 프로모션 전략이 주가 상승 모멘텀으로 작용할 가능성이 높습니다.""]",-12.609970674486803
352820,HYBE,2025-12-01,298000,Neutral,50,"[""HYBE는 최근 신규 아티스트 활동 및 기존 아티스트의 컴백이 예정되어 있어 긍정적인 모멘텀을 기대할 수 있습니다."", ""하지만 엔터테인먼트 업종 전반의 변동성이 크고, 글로벌 경기 침체 우려가 투자 심리에 부정적인 영향을 미칠 수 있습니다."", ""현재 주가 수준에서 뚜렷한 상승 또는 하락 추세를 단정하기 어려워 신중한 접근이 필요합니다.""]",16.10738255033557
329180,HD현대중공업,2023-01-02,289000,Buy,75,"[""최근 수주 증가와 함께 조선업황 개선 기대감이 주가에 긍정적인 영향을 미치고 있습니다."", ""고부가가치 선박 수주 비중 확대는 수익성 개선으로 이어질 가능성이 높습니다."", ""글로벌 경기 회복 시 해운 물동량 증가로 인한 선박 발주 확대가 예상됩니다.""]",7.093425605536333
329180,HD현대중공업,2023-02-01,289000,Buy,75,"[""최근 수주 증가세와 친환경 선박 시장의 성장세가 HD현대중공업의 실적 개선 기대감을 높이고 있습니다."", ""글로벌 조선 시황이 점진적으로 회복되는 추세이며, HD현대중공업은 고부가가치 선박 건조 능력에서 경쟁 우위를 가지고 있습니다."", ""최근 주가 조정은 단기적인 수급 요인으로 판단되며, 펀더멘털 개선에 따른 상승 여력이 충분하다고 예상됩니다.""]",7.093425605536333
329180,HD현대중공업,2023-03-02,289000,Buy,75,"[""최근 조선업황 회복세와 LNG 운반선 등 고부가가치 선박 수주 증가가 실적 개선 기대감을 높이고 있습니다."", ""글로벌 에너지 전환 추세에 따라 친환경 선박 및 해양플랜트 수주 경쟁력이 부각될 가능성이 있습니다."", ""현재 주가는 밸류에이션 측면에서 매력적인 수준이며, 기관 투자자들의 매수세가 유입될 여지가 있습니다.""]",7.093425605536333
329180,HD현대중공업,2023-04-03,289000,Buy,75,"[""최근 조선업황 회복세와 LNG 운반선 등 고부가가치 선박 수주 증가가 긍정적인 영향을 미치고 있습니다."", ""HD현대중공업은 친환경 선박 기술 경쟁력을 바탕으로 향후 수주 모멘텀을 이어갈 것으로 예상됩니다."", ""글로벌 경기 회복 기대감과 해운 시황 개선은 조선업 전반에 대한 투자 심리를 개선시킬 가능성이 높습니다.""]",7.093425605536333
329180,HD현대중공업,2023-05-02,289000,Buy,75,"[""최근 수주 증가와 함께 조선업황 개선 기대감이 주가에 긍정적인 영향을 미치고 있습니다."", ""친환경 선박 수주 비중 확대는 장기적인 성장 동력으로 작용할 가능성이 높습니다."", ""글로벌 경기 회복 시 해운 물동량 증가로 인한 선박 발주 확대가 예상됩니다.""]",7.093425605536333
329180,HD현대중공업,2023-06-01,289000,Buy,75,"[""최근 수주 증가 및 친환경 선박 시장 성장세가 HD현대중공업의 실적 개선에 긍정적인 영향을 미칠 것으로 예상됩니다."", ""글로벌 조선업황 회복과 더불어 해양플랜트 부문의 실적 개선 가능성도 주가 상승 요인으로 작용할 수 있습니다."", ""현재 주가 수준은 밸류에이션 측면에서 매력적인 구간에 진입했다고 판단되며, 단기적인 기술적 반등 가능성도 존재합니다.""]",7.093425605536333
329180,HD현대중공업,2023-07-03,289000,Buy,75,"[""최근 수주 증가 및 친환경 선박 시장 확대 수혜가 예상됩니다."", ""글로벌 조선업황 회복세와 함께 HD현대중공업의 경쟁력이 부각될 가능성이 높습니다."", ""최근 주가 상승 추세가 이어지고 있으며, 기관 투자자들의 매수세가 유입되고 있습니다.""]",7.093425605536333
329180,HD현대중공업,2023-08-01,289000,Buy,75,"[""최근 조선업황 회복세와 LNG 운반선 등 고부가가치 선박 수주 증가가 실적 개선 기대감을 높이고 있습니다."", ""글로벌 해운 시황의 점진적인 회복 가능성과 친환경 선박 전환 트렌드가 HD현대중공업의 수주 경쟁력을 강화할 것으로 예상됩니다."", ""최근 주가 흐름이 단기적인 조정을 거친 후 기술적 반등 가능성을 시사하고 있으며, 시장 대비 강한 흐름을 보일 잠재력이 있습니다.""]",7.093425605536333
329180,HD현대중공업,2023-09-01,289000,Buy,75,"[""최근 수주 증가 및 친환경 선박 시장 성장으로 인한 실적 개선 기대감이 높습니다."", ""글로벌 조선업황 회복세가 지속되며 HD현대중공업의 경쟁력이 부각될 가능성이 있습니다."", ""최근 주가 조정 이후 기술적 반등 가능성이 있으며, 기관 투자자들의 매수세가 유입될 수 있습니다.""]",7.093425605536333
329180,HD현대중공업,2023-10-04,289000,Buy,75,"[""최근 수주 증가와 LNG 운반선 등 고부가가치 선박 중심의 실적 개선 기대감이 주가 상승 동력으로 작용할 가능성이 높습니다."", ""글로벌 조선업황 회복세가 지속되고 있으며, HD현대중공업은 친환경 선박 기술력과 생산 능력을 바탕으로 시장 점유율을 확대할 것으로 예상됩니다."", ""최근 외국인 투자자들의 순매수세가 유입되고 있어 단기적인 주가 상승 모멘텀이 강화될 수 있습니다.""]",7.093425605536333
329180,HD현대중공업,2023-11-01,289000,Buy,75,"[""최근 조선업황 회복세와 LNG 운반선 등 고부가가치 선박 수주 증가가 실적 개선 기대감을 높이고 있습니다."", ""글로벌 에너지 전환 정책으로 인한 친환경 선박 수요 증가가 HD현대중공업의 경쟁력을 강화할 것으로 예상됩니다."", ""최근 주가 흐름이 긍정적인 추세를 보이며 기관 및 외국인 매수세가 유입되고 있는 점도 긍정적인 신호입니다.""]",7.093425605536333
329180,HD현대중공업,2023-12-01,289000,Buy,75,"[""최근 수주 증가와 함께 조선업황 회복 기대감이 지속되고 있습니다."", ""LNG 운반선 등 고부가가치 선박 수주 비중이 높아 수익성 개선이 예상됩니다."", ""글로벌 경기 회복 시 해운 물동량 증가로 인한 선박 발주 확대 가능성이 있습니다.""]",7.093425605536333
329180,HD현대중공업,2024-01-02,289000,Buy,75,"[""최근 수주 증가 및 LNG 운반선 등 고부가가치 선박 비중 확대는 실적 개선 기대감을 높이고 있습니다."", ""글로벌 조선업 시황 회복세와 친환경 선박 수요 증가는 HD현대중공업의 경쟁 우위를 강화할 것으로 예상됩니다."", ""최근 주가 조정은 단기적인 수급 요인으로 판단되며, 펀더멘털 개선에 기반한 상승 여력이 충분하다고 판단됩니다.""]",7.093425605536333
329180,HD현대중공업,2024-02-01,289000,Buy,75,"[""최근 수주 증가 및 친환경 선박 시장 확대에 따른 실적 개선 기대감이 높습니다."", ""글로벌 조선업황 회복세가 지속될 것으로 예상되며, HD현대중공업은 경쟁 우위를 확보하고 있습니다."", ""최근 주가 조정은 단기적인 것으로, 장기적인 성장 모멘텀을 고려할 때 매수 기회로 판단됩니다.""]",7.093425605536333
329180,HD현대중공업,2024-03-04,289000,Buy,75,"[""최근 수주 증가 및 친환경 선박 수요 확대는 HD현대중공업의 실적 개선 기대감을 높이고 있습니다."", ""글로벌 조선업황 회복세와 더불어 LNG 운반선 등 고부가가치 선박 수주 경쟁력은 향후 주가 상승의 동력이 될 수 있습니다."", ""현재 주가 수준은 밸류에이션 측면에서 매력적인 구간으로 판단되며, 단기적인 시장 대비 초과 상승 가능성을 시사합니다.""]",7.093425605536333
329180,HD현대중공업,2024-04-01,289000,Buy,75,"[""최근 수주 증가와 LNG 운반선 등 고부가가치 선박 중심의 실적 개선 기대감이 주가 상승 동력으로 작용할 것으로 예상됩니다."", ""글로벌 조선업황 회복세가 지속되고 있으며, HD현대중공업은 친환경 선박 기술력과 생산 능력을 바탕으로 시장 점유율을 확대할 잠재력이 높습니다."", ""최근 외국인 투자자들의 순매수세가 유입되는 흐름은 단기적인 주가 상승에 긍정적인 영향을 미칠 수 있습니다.""]",7.093425605536333
329180,HD현대중공업,2024-05-02,289000,Buy,75,"[""최근 수주 증가 및 친환경 선박 시장 성장세가 HD현대중공업의 실적 개선 기대감을 높이고 있습니다."", ""글로벌 조선업황 회복세와 더불어 해양플랜트 부문의 수주 가능성도 긍정적인 요인으로 작용할 수 있습니다."", ""최근 주가 조정 이후 기술적 반등 가능성이 있으며, 시장 대비 상대적인 강세 흐름을 이어갈 것으로 예상됩니다.""]",7.093425605536333
329180,HD현대중공업,2024-06-03,289000,Buy,75,"[""최근 수주 증가와 함께 조선업황 개선 기대감이 주가에 긍정적인 영향을 미치고 있습니다."", ""친환경 선박 수주 비중 확대는 장기적인 성장 동력으로 작용할 가능성이 높습니다."", ""글로벌 경기 회복 시 해운 물동량 증가로 인한 선박 발주 확대가 예상됩니다.""]",7.093425605536333
329180,HD현대중공업,2024-07-01,289000,Buy,75,"[""최근 조선업황 개선 기대감과 신규 수주 모멘텀이 지속되고 있습니다."", ""LNG 운반선 등 고부가가치 선박 수주 비중이 높아 수익성 개선이 예상됩니다."", ""글로벌 해운 시황 회복 및 친환경 선박 수요 증가는 HD현대중공업의 장기적인 성장 동력으로 작용할 것입니다.""]",7.093425605536333
329180,HD현대중공업,2024-08-01,289000,Buy,75,"[""최근 수주 증가와 LNG 운반선 등 고부가가치 선박 수주 확대가 실적 개선 기대감을 높이고 있습니다."", ""글로벌 조선업황 회복세가 지속될 것으로 예상되며, HD현대중공업은 경쟁사 대비 우수한 기술력과 생산 능력을 보유하고 있습니다."", ""최근 주가 조정을 거치며 밸류에이션 매력도가 부각될 수 있으며, 기관 투자자들의 매수세 유입 가능성이 있습니다.""]",7.093425605536333
329180,HD현대중공업,2024-09-02,289000,Buy,75,"[""최근 수주 증가 및 친환경 선박 시장 성장세가 HD현대중공업의 실적 개선 기대감을 높이고 있습니다."", ""글로벌 조선업황 회복에 대한 긍정적인 전망이 지속되며 관련 기업들의 주가 상승 모멘텀이 예상됩니다."", ""유가 상승 및 에너지 전환 정책 강화는 LNG 운반선 등 고부가가치 선박 수요를 견인할 것으로 보입니다.""]",7.093425605536333
329180,HD현대중공업,2024-10-02,289000,Buy,75,"[""최근 수주 증가와 함께 조선업황 개선 기대감이 주가에 긍정적인 영향을 미치고 있습니다."", ""LNG 운반선 등 고부가가치 선박 수주 비중이 높아 수익성 개선이 예상됩니다."", ""글로벌 경기 회복 시 해운 물동량 증가로 인한 선박 발주 확대 가능성이 있습니다.""]",7.093425605536333
329180,HD현대중공업,2024-11-01,289000,Buy,75,"[""최근 조선업황 개선 기대감과 수주 모멘텀이 지속되고 있습니다."", ""HD현대중공업은 친환경 선박 기술력에서 경쟁 우위를 확보하고 있어 향후 실적 성장이 기대됩니다."", ""글로벌 경기 회복 시기에 맞춰 해운업황이 개선될 가능성이 높아 조선주 전반에 긍정적인 영향을 줄 수 있습니다.""]",7.093425605536333
329180,HD현대중공업,2024-12-02,289000,Buy,75,"[""최근 수주 증가와 LNG 운반선 등 고부가가치 선박 중심의 실적 개선 기대감이 주가 상승 동력으로 작용할 가능성이 높습니다."", ""글로벌 조선업황 회복세가 지속되고 있으며, HD현대중공업은 친환경 선박 기술력과 생산 능력을 바탕으로 수혜를 받을 것으로 예상됩니다."", ""최근 외국인 투자자들의 순매수세가 유입되고 있어 단기적인 주가 상승 모멘텀을 강화할 수 있습니다.""]",7.093425605536333
329180,HD현대중공업,2025-01-02,285500,Buy,75,"[""최근 수주 증가 및 해운업황 회복 기대감으로 조선업종 전반에 긍정적인 전망이 나오고 있습니다."", ""HD현대중공업은 친환경 선박 수주에서 경쟁 우위를 확보하고 있어 실적 개선 가능성이 높습니다."", ""최근 주가 조정 이후 기술적으로도 반등 가능성이 있는 구간으로 판단됩니다.""]",6.129597197898424
329180,HD현대중공업,2025-02-03,320500,Buy,75,"[""최근 수주 증가와 함께 조선업황 개선 기대감이 지속되고 있습니다."", ""LNG 운반선 등 고부가가치 선박 수주 비중이 높아 수익성 개선이 예상됩니다."", ""글로벌 경기 회복 및 해운 물동량 증가 추세가 HD현대중공업의 실적에 긍정적인 영향을 미칠 것으로 보입니다.""]",-1.0920436817472698
329180,HD현대중공업,2025-03-04,317000,Buy,75,"[""최근 조선업황 회복세와 LNG 운반선 등 고부가가치 선박 수주 증가로 실적 개선 기대감이 높습니다."", ""글로벌 에너지 전환 추세에 따라 친환경 선박 및 해양플랜트 수주 경쟁력이 부각될 가능성이 있습니다."", ""최근 주가 조정을 거치며 밸류에이션 매력이 부각될 수 있으며, 기관 투자자들의 매수세가 유입될 여지가 있습니다.""]",-8.201892744479496
329180,HD현대중공업,2025-04-01,291000,Buy,75,"[""최근 수주 증가 및 친환경 선박 시장 성장세가 HD현대중공업의 실적 개선 기대감을 높이고 있습니다."", ""글로벌 조선업황 회복세와 더불어 해양플랜트 부문의 수주 가능성도 긍정적인 요인으로 작용할 수 있습니다."", ""현재 주가는 밸류에이션 측면에서 매력적인 수준이며, 기관 투자자들의 매수세가 유입될 가능성이 있습니다.""]",38.144329896907216
329180,HD현대중공업,2025-05-02,415500,Buy,75,"[""최근 수주 증가와 함께 조선업황 회복 기대감이 주가에 긍정적인 영향을 미치고 있습니다."", ""친환경 선박 및 고부가가치 선박 수주 비중 확대는 향후 수익성 개선에 대한 기대를 높입니다."", ""글로벌 경기 회복 시 해운 물동량 증가로 인한 선박 발주량 확대 가능성이 있습니다.""]",2.286401925391095
329180,HD현대중공업,2025-06-02,428000,Buy,75,"[""최근 수주 증가 및 친환경 선박 시장 성장세가 HD현대중공업의 실적 개선 기대감을 높이고 있습니다."", ""글로벌 조선업황 회복세와 더불어 해양플랜트 부문의 수주 가능성도 긍정적인 요인으로 작용할 수 있습니다."", ""현재 주가는 밸류에이션 측면에서 매력적인 구간에 있으며, 단기적인 시장의 관심이 집중될 가능성이 있습니다.""]",-7.943925233644859
329180,HD현대중공업,2025-07-01,407500,Buy,75,"[""최근 수주 증가 및 친환경 선박 시장 성장에 따른 실적 개선 기대감이 높습니다."", ""글로벌 조선업황 회복세가 지속되며 HD현대중공업의 경쟁력이 부각될 가능성이 있습니다."", ""최근 주가 조정 이후 기술적 반등 가능성이 있으며, 기관 투자자들의 매수세가 유입될 수 있습니다.""]",15.58282208588957
329180,HD현대중공업,2025-08-01,463500,Buy,75,"[""최근 수주 증가 및 친환경 선박 시장에서의 경쟁 우위 확보로 실적 개선 기대감이 높습니다."", ""글로벌 조선 시황 회복세와 함께 LNG 운반선 등 고부가가치 선박 수주가 지속될 것으로 예상됩니다."", ""정부의 조선업 지원 정책 및 해운업 경쟁력 강화 방안 발표는 긍정적인 모멘텀으로 작용할 수 있습니다.""]",10.895361380798274
329180,HD현대중공업,2025-09-01,514000,Buy,75,"[""최근 수주 증가와 친환경 선박 시장의 성장세가 HD현대중공업의 실적 개선 기대감을 높이고 있습니다."", ""글로벌 조선업황 회복 및 LNG 운반선 등 고부가가치 선박 수주 확대는 향후 20거래일 동안 주가 상승 동력으로 작용할 가능성이 높습니다."", ""최근 주가 조정은 단기적인 노이즈로 판단되며, 펀더멘털 개선에 기반한 상승 추세는 지속될 것으로 예상됩니다.""]",0.19455252918287938
329180,HD현대중공업,2025-10-01,528000,Buy,75,"[""최근 수주 증가세와 더불어 해운업황 개선 기대감이 HD현대중공업의 주가 상승을 견인할 것으로 예상됩니다."", ""친환경 선박 및 고부가가치 선박 수주 비중 확대는 향후 실적 개선에 대한 긍정적인 전망을 뒷받침합니다."", ""글로벌 조선업 경쟁 환경 속에서 HD현대중공업의 기술력과 시장 지배력은 여전히 강점으로 작용할 것입니다.""]",-0.5681818181818182
329180,HD현대중공업,2025-12-01,520000,Buy,75,"[""최근 수주 증가세와 친환경 선박 시장의 성장세가 HD현대중공업의 실적 개선 기대감을 높이고 있습니다."", ""글로벌 조선업황 회복에 대한 긍정적인 전망이 동종 업계 전반에 대한 투자 심리를 개선시키고 있습니다."", ""최근 주가 조정 이후 기술적 반등 가능성이 존재하며, 52주 신고가 경신 시 추가 상승 여력이 있습니다.""]",-3.076923076923077
012450,한화에어로스페이스,2023-01-02,357940,Buy,75,"[""방산 및 우주항공 섹터의 견조한 성장 전망이 한화에어로스페이스의 주가 상승을 뒷받침할 것으로 예상됩니다."", ""최근 수주 증가 및 신사업 진출 등 긍정적인 모멘텀이 지속되고 있어 단기적인 상승 여력이 충분하다고 판단됩니다."", ""글로벌 경기 불확실성 속에서도 방산 분야는 상대적으로 안정적인 수요를 유지하며 방어적인 성격을 가질 수 있습니다.""]",10.729172487008997
012450,한화에어로스페이스,2023-02-01,357940,Buy,75,"[""최근 방산 수출 모멘텀이 지속되며 실적 개선 기대감이 높습니다."", ""우주항공 사업 부문의 성장 가능성이 부각되며 투자 심리가 긍정적입니다."", ""글로벌 방산 시장의 경쟁 심화 속에서도 기술력과 수주 경쟁력을 바탕으로 시장 점유율 확대가 예상됩니다.""]",10.729172487008997
012450,한화에어로스페이스,2023-03-02,357940,Buy,75,"[""최근 방산 수출 호조 및 폴란드 추가 수주 기대감으로 실적 개선 전망이 밝습니다."", ""우주항공 사업 부문의 성장 잠재력이 높게 평가되고 있으며, 관련 투자 확대가 긍정적인 영향을 미칠 것으로 예상됩니다."", ""최근 주가 조정 이후 기술적 반등 가능성이 있으며, 시장 전반의 방산 섹터에 대한 관심 증대가 주가 상승 동력으로 작용할 수 있습니다.""]",10.729172487008997
012450,한화에어로스페이스,2023-04-03,357940,Buy,75,"[""최근 방산 수출 호조 및 신규 수주 기대감이 주가 상승 동력으로 작용하고 있습니다."", ""우주항공 사업 부문의 성장 잠재력이 높아 장기적인 투자 매력도를 높이고 있습니다."", ""글로벌 방산 시장의 경쟁 우위를 바탕으로 향후 실적 개선이 지속될 것으로 예상됩니다.""]",10.729172487008997
012450,한화에어로스페이스,2023-05-02,357940,Buy,75,"[""최근 방산 수출 호조와 우주항공 사업 성장 기대감이 주가에 긍정적인 영향을 미치고 있습니다."", ""글로벌 방산 시장의 성장 추세와 더불어 한화에어로스페이스의 기술 경쟁력이 부각될 가능성이 높습니다."", ""단기적인 시장 변동성에도 불구하고, 중장기적인 성장 모멘텀이 유효하여 20거래일 내 시장 대비 상승 가능성이 있다고 판단됩니다.""]",10.729172487008997
012450,한화에어로스페이스,2023-06-01,357940,Buy,75,"[""최근 방산 수출 호조 및 폴란드와의 추가 계약 가능성으로 실적 개선 기대감이 높습니다."", ""우주항공 사업 부문의 성장 잠재력 또한 장기적인 투자 매력으로 작용하고 있습니다."", ""현재 주가는 밸류에이션 측면에서 매력적인 구간에 있으며, 단기적인 기술적 지표 또한 긍정적인 신호를 보내고 있습니다.""]",10.729172487008997
012450,한화에어로스페이스,2023-07-03,357940,Buy,75,"[""최근 방산 수출 호조 및 우주항공 사업 성장 기대감으로 인해 주가 상승 모멘텀이 지속될 가능성이 높습니다."", ""글로벌 방산 시장의 경쟁 심화 속에서도 한화에어로스페이스는 기술력과 생산 능력을 바탕으로 수주를 확대하며 시장 지배력을 강화하고 있습니다."", ""향후 20거래일 동안 발표될 잠재적인 신규 계약 소식이나 기술 개발 성과 발표 등이 주가 상승을 견인할 수 있습니다.""]",10.729172487008997
012450,한화에어로스페이스,2023-08-01,357940,Buy,75,"[""최근 방산 수출 모멘텀이 지속되며 실적 개선 기대감이 높습니다."", ""우주항공 사업 부문의 성장 가능성이 부각되며 투자 심리가 긍정적입니다."", ""글로벌 방산 시장의 경쟁력 강화와 신규 수주 가능성이 주가 상승을 견인할 것으로 예상됩니다.""]",10.729172487008997
012450,한화에어로스페이스,2023-09-01,357940,Buy,75,"[""최근 방산 섹터 전반의 긍정적인 모멘텀과 한화에어로스페이스의 견조한 실적이 주가 상승을 뒷받침할 것으로 예상됩니다."", ""수주 잔고 증가 및 신규 계약 가능성은 향후 실적 개선에 대한 기대감을 높이며 매수 심리를 자극할 수 있습니다."", ""글로벌 방산 시장의 성장세와 지정학적 리스크 증가는 한화에어로스페이스의 경쟁력을 부각시키며 투자 매력을 높일 수 있습니다.""]",10.729172487008997
012450,한화에어로스페이스,2023-10-04,357940,Buy,75,"[""최근 방산 섹터 전반의 긍정적인 모멘텀과 함께 한화에어로스페이스의 실적 개선 기대감이 주가 상승을 견인할 것으로 예상됩니다."", ""우주항공 분야의 신규 사업 추진 및 기술 개발 성과가 가시화되면서 장기적인 성장 동력 확보에 대한 시장의 기대감이 높습니다."", ""글로벌 방산 시장의 경쟁 심화 속에서도 주요 국가들의 국방비 증액 추세는 한화에어로스페이스의 수출 확대에 긍정적인 영향을 미칠 것으로 보입니다.""]",10.729172487008997
012450,한화에어로스페이스,2023-11-01,357940,Buy,75,"[""최근 방산 수출 호조와 우주항공 사업 성장에 대한 기대감이 주가에 긍정적인 영향을 미치고 있습니다."", ""글로벌 지정학적 리스크 확대는 방산 기업의 수혜로 이어질 가능성이 높아 한화에어로스페이스의 추가 상승 여력을 뒷받침합니다."", ""신규 수주 및 기술 개발 성과가 가시화될 경우, 단기적인 주가 상승 모멘텀이 강화될 수 있습니다.""]",10.729172487008997
012450,한화에어로스페이스,2023-12-01,357940,Buy,75,"[""최근 방산 섹터 전반의 긍정적인 모멘텀이 지속되고 있으며, 한화에어로스페이스는 특히 폴란드 수출 계약 등 가시적인 성과를 보여주고 있습니다."", ""우주항공 분야의 신사업 투자 및 기술 개발이 장기적인 성장 동력으로 작용할 것으로 기대됩니다."", ""최근 주가 조정 이후 기술적 반등 가능성이 있으며, 외국인 및 기관 투자자들의 매수세가 유입될 경우 상승 탄력이 강화될 수 있습니다.""]",10.729172487008997
012450,한화에어로스페이스,2024-01-02,357940,Buy,75,"[""최근 방산 섹터 전반의 긍정적인 모멘텀과 한화에어로스페이스의 견조한 수주 잔고가 주가 상승을 뒷받침할 것으로 예상됩니다."", ""우주항공 분야의 신규 사업 확장 및 기술 개발 성과가 투자 심리를 개선시킬 가능성이 있습니다."", ""글로벌 지정학적 리스크 확대는 방산 기업들에게 수혜 요인으로 작용할 수 있으며, 이는 한화에어로스페이스의 주가에도 긍정적인 영향을 미칠 것입니다.""]",10.729172487008997
012450,한화에어로스페이스,2024-02-01,357940,Buy,75,"[""최근 방산 수출 모멘텀이 지속되며 긍정적인 수주 전망이 나오고 있습니다."", ""우주항공 분야의 성장 가능성이 높아 장기적인 투자 매력이 부각되고 있습니다."", ""최근 주가 조정 이후 기술적 반등 가능성이 존재하며, 시장 대비 강한 흐름을 보일 수 있습니다.""]",10.729172487008997
012450,한화에어로스페이스,2024-03-04,357940,Buy,75,"[""최근 방산 수출 모멘텀이 지속되며 실적 개선 기대감이 높습니다."", ""우주항공 사업 부문의 성장 가능성이 투자 심리를 긍정적으로 이끌고 있습니다."", ""글로벌 지정학적 리스크 확대는 방산주에 대한 투자 매력을 높이는 요인으로 작용할 수 있습니다.""]",10.729172487008997
012450,한화에어로스페이스,2024-04-01,357940,Buy,75,"[""최근 방산 수출 호조 및 폴란드와의 추가 계약 가능성으로 실적 개선 기대감이 높습니다."", ""우주항공 사업 부문의 성장 잠재력이 부각되며 장기적인 투자 매력도를 높이고 있습니다."", ""최근 주가 조정 이후 기술적 반등 가능성이 있으며, 기관 투자자들의 매수세가 유입되고 있습니다.""]",10.729172487008997
012450,한화에어로스페이스,2024-05-02,357940,Buy,75,"[""최근 방산 수출 호조와 우주항공 사업 성장 기대감이 주가에 긍정적인 영향을 미치고 있습니다."", ""글로벌 방산 시장의 성장세와 함께 한화에어로스페이스의 경쟁력 강화가 지속될 것으로 예상됩니다."", ""신규 사업 투자 및 기술 개발을 통한 미래 성장 동력 확보가 주가 상승 여력을 뒷받침할 것으로 보입니다.""]",10.729172487008997
012450,한화에어로스페이스,2024-06-03,357940,Buy,75,"[""최근 방산 수출 호조 및 신규 수주 기대감으로 주가 상승 모멘텀이 지속되고 있습니다."", ""우주항공 분야의 성장 가능성과 더불어 친환경 에너지 사업 확장 등 미래 성장 동력 확보에 대한 긍정적인 전망이 주가에 반영될 것으로 예상됩니다."", ""기관 및 외국인 투자자들의 꾸준한 매수세가 유입되며 수급 측면에서도 긍정적인 흐름을 보이고 있습니다.""]",10.729172487008997
012450,한화에어로스페이스,2024-07-01,357940,Buy,75,"[""최근 방산 수출 호조 및 신규 수주 기대감으로 인해 주가 상승 모멘텀이 유지될 것으로 예상됩니다."", ""우주항공 사업 부문의 성장 가능성이 높아 장기적인 투자 매력도를 더하고 있습니다."", ""글로벌 방산 시장의 경쟁력 강화와 더불어 한화에어로스페이스의 기술력이 시장에서 긍정적으로 평가받고 있습니다.""]",10.729172487008997
012450,한화에어로스페이스,2024-08-01,357940,Buy,75,"[""최근 방산 수출 호조와 우주항공 사업 성장 기대감으로 투자 심리가 긍정적입니다."", ""주요 경쟁사 대비 밸류에이션 매력이 부각될 가능성이 있습니다."", ""향후 20거래일 내 예정된 주요 실적 발표 및 신규 수주 소식이 주가 상승 모멘텀으로 작용할 수 있습니다.""]",10.729172487008997
012450,한화에어로스페이스,2024-09-02,357940,Buy,75,"[""최근 방산 수출 호조와 우주항공 사업 성장 기대감이 주가에 긍정적인 영향을 미치고 있습니다."", ""글로벌 방산 시장의 성장세와 더불어 한화에어로스페이스의 기술 경쟁력이 부각될 가능성이 높습니다."", ""향후 20거래일 동안 신규 수주 소식이나 긍정적인 실적 발표 등이 이어질 경우 추가 상승 여력이 충분하다고 판단됩니다.""]",10.729172487008997
012450,한화에어로스페이스,2024-10-02,357940,Buy,75,"[""최근 방산 수출 호조 및 신규 수주 기대감으로 인해 긍정적인 모멘텀이 지속될 것으로 예상됩니다."", ""우주항공 산업 성장 전망과 함께 한화에어로스페이스의 기술력 및 사업 확장 가능성이 높게 평가되고 있습니다."", ""최근 주가 조정 이후 기술적 반등 가능성이 있으며, 기관 및 외국인 투자자들의 매수세가 유입될 경우 상승 탄력이 강화될 수 있습니다.""]",10.729172487008997
012450,한화에어로스페이스,2024-11-01,357940,Buy,75,"[""최근 방산 수출 호조 및 폴란드 추가 수주 가능성으로 인해 긍정적인 모멘텀이 지속될 것으로 예상됩니다."", ""우주항공 사업 부문의 성장 잠재력 또한 장기적인 관점에서 긍정적인 요인으로 작용할 것입니다."", ""최근 주가 조정을 거치며 밸류에이션 매력도가 높아져 단기적인 상승 여력이 충분하다고 판단됩니다.""]",10.729172487008997
012450,한화에어로스페이스,2024-12-02,357940,Buy,75,"[""최근 방산 수출 호조 및 폴란드와의 추가 계약 가능성으로 인해 실적 개선 기대감이 높습니다."", ""우주항공 분야의 성장 잠재력이 부각되며 신규 수주 및 기술 개발에 대한 긍정적인 전망이 이어지고 있습니다."", ""최근 주가 조정을 거치며 밸류에이션 매력도가 높아졌다는 분석이 있습니다.""]",10.729172487008997
012450,한화에어로스페이스,2025-01-02,356463,Buy,75,"[""최근 방산 산업의 견조한 성장세와 더불어 한화에어로스페이스의 수주 모멘텀이 지속될 것으로 예상됩니다."", ""우주항공 분야의 신규 사업 진출 및 기술 개발에 대한 기대감이 주가 상승 요인으로 작용할 수 있습니다."", ""글로벌 지정학적 리스크 증가는 방산 부문의 수요를 더욱 견인할 가능성이 높습니다.""]",16.16016248530703
012450,한화에어로스페이스,2025-02-03,400282,Buy,75,"[""최근 방산 및 우주항공 섹터의 긍정적인 모멘텀이 지속되고 있으며, 한화에어로스페이스는 이 분야의 선두 주자로서 수혜가 예상됩니다."", ""주요 방산 계약 수주 및 해외 시장 진출 확대 등 실적 개선 기대감이 주가 상승 요인으로 작용할 가능성이 높습니다."", ""최근 주가 조정 이후 기술적 반등 가능성이 있으며, 기관 및 외국인 투자자들의 매수세가 유입될 경우 상승 탄력이 강화될 수 있습니다.""]",70.97196476484079
012450,한화에어로스페이스,2025-03-04,684370,Buy,75,"[""최근 방산 산업의 견조한 성장세와 더불어 한화에어로스페이스의 수주 모멘텀이 지속될 것으로 예상됩니다."", ""우주항공 분야의 신사업 투자 및 기술 개발 성과가 가시화되면서 장기적인 성장 동력이 확보되고 있습니다."", ""글로벌 지정학적 리스크 증가로 인해 방산 부문의 중요성이 부각되며 투자 심리가 긍정적으로 작용할 가능성이 높습니다.""]",-4.604234551485307
012450,한화에어로스페이스,2025-04-01,652860,Buy,75,"[""최근 방산 수출 호조 및 폴란드와의 추가 계약 가능성이 주가 상승 모멘텀을 제공하고 있습니다."", ""우주항공 분야의 성장 잠재력과 더불어 민간 우주 사업 확장 계획이 긍정적인 영향을 미칠 것으로 예상됩니다."", ""글로벌 방산 시장의 경쟁 심화 속에서도 한화에어로스페이스는 기술력과 생산 능력을 바탕으로 시장 점유율을 확대할 것으로 기대됩니다.""]",20.211071286340104
012450,한화에어로스페이스,2025-05-02,876388,Buy,75,"[""방산 및 우주항공 섹터의 견조한 성장 전망과 한화에어로스페이스의 경쟁력 강화가 긍정적인 영향을 미칠 것으로 예상됩니다."", ""최근 수주 증가 및 신사업 추진 등 실적 개선 모멘텀이 지속될 가능성이 높습니다."", ""글로벌 지정학적 리스크 확대는 방산 관련 기업에 대한 투자 심리를 더욱 강화시킬 수 있습니다.""]",3.2647640086354444
012450,한화에어로스페이스,2025-06-02,845000,Buy,75,"[""방산 및 우주항공 섹터의 견조한 성장 전망과 함께 한화에어로스페이스의 실적 개선 기대감이 주가 상승 동력으로 작용할 것으로 예상됩니다."", ""최근 수주 모멘텀과 해외 시장에서의 경쟁력 강화는 향후 20거래일 동안 긍정적인 주가 흐름을 뒷받침할 수 있습니다."", ""글로벌 지정학적 리스크 확대는 방산 관련 기업들의 수혜 가능성을 높이며, 이는 한화에어로스페이스의 투자 심리를 자극할 수 있습니다.""]",-3.3136094674556213
012450,한화에어로스페이스,2025-07-01,819000,Buy,75,"[""최근 방산 수출 호조 및 폴란드와의 추가 계약 가능성으로 실적 개선 기대감이 높습니다."", ""우주항공 사업 부문의 성장 잠재력 또한 긍정적인 투자 심리를 자극하고 있습니다."", ""글로벌 방산 시장의 경쟁 환경 속에서 한화에어로스페이스의 기술력과 시장 점유율 확대 가능성이 높게 평가됩니다.""]",19.291819291819294
012450,한화에어로스페이스,2025-08-01,938000,Buy,75,"[""방산 및 우주항공 섹터의 견조한 성장 전망과 함께 한화에어로스페이스의 실적 개선 기대감이 주가 상승 동력으로 작용할 것으로 예상됩니다."", ""최근 수주 모멘텀과 해외 시장에서의 경쟁력 강화는 향후 20거래일 동안 긍정적인 주가 흐름을 뒷받침할 수 있습니다."", ""글로벌 지정학적 리스크 확대는 방산 관련 기업들에게 수혜로 작용할 가능성이 높아 한화에어로스페이스의 투자 매력을 높이고 있습니다.""]",-0.5330490405117271
012450,한화에어로스페이스,2025-09-01,933000,Buy,75,"[""최근 방산 섹터 전반의 긍정적인 모멘텀과 한화에어로스페이스의 견조한 수주 잔고는 향후 주가 상승을 지지할 것으로 예상됩니다."", ""우주항공 분야의 성장 가능성과 더불어 폴란드 등 해외 시장에서의 추가적인 계약 가능성은 투자 심리를 개선시킬 수 있습니다."", ""현재 주가 수준은 밸류에이션 측면에서 매력적인 구간에 있으며, 기관 투자자들의 꾸준한 매수세는 단기적인 상승 동력으로 작용할 수 있습니다.""]",18.64951768488746
012450,한화에어로스페이스,2025-10-01,1097000,Buy,75,"[""최근 방산 수출 호조 및 폴란드와의 추가 계약 가능성이 주가 상승 동력으로 작용할 것으로 예상됩니다."", ""우주항공 사업 부문의 성장 기대감과 함께 신규 수주 모멘텀이 지속될 가능성이 높습니다."", ""글로벌 방산 시장의 경쟁 우위를 바탕으로 안정적인 실적 성장이 전망됩니다.""]",-11.577028258887875
012450,한화에어로스페이스,2025-11-03,1010000,Buy,75,"[""최근 방산 수출 호조와 우주항공 사업 성장 기대감이 주가에 긍정적인 영향을 미치고 있습니다."", ""글로벌 방산 시장의 성장 추세와 한화에어로스페이스의 경쟁력은 향후에도 지속적인 상승 모멘텀을 제공할 것으로 예상됩니다."", ""신규 수주 및 기술 개발 성과가 가시화될 경우 주가 상승 탄력이 더욱 강화될 수 있습니다.""]",-18.415841584158414
012450,한화에어로스페이스,2025-12-01,824000,Buy,75,"[""최근 방산 수출 호조 및 폴란드와의 추가 계약 가능성으로 인해 실적 개선 기대감이 높습니다."", ""우주항공 사업 부문의 성장 잠재력이 부각되며 투자자들의 관심이 지속되고 있습니다."", ""글로벌 방산 시장의 경쟁 심화 속에서도 기술력과 생산 능력을 바탕으로 경쟁 우위를 확보하고 있습니다.""]",14.805825242718445
259960,크래프톤,2023-01-02,316500,Buy,75,"[""크래프톤은 최근 신작 '다크앤다커'의 글로벌 출시와 함께 긍정적인 초기 성과를 보이며 투자 심리를 개선시키고 있습니다."", ""배틀그라운드 IP의 꾸준한 수익 창출 능력과 함께 신작의 성공 가능성이 더해져 향후 실적 개선에 대한 기대감이 높습니다."", ""전반적인 게임 섹터의 턴어라운드 가능성과 함께 크래프톤의 자체적인 모멘텀이 부각될 것으로 예상됩니다.""]",18.799368088467613
259960,크래프톤,2023-02-01,316500,Neutral,50,"[""크래프톤은 최근 20거래일 동안 뚜렷한 상승 또는 하락 추세를 보이지 않고 횡보하는 모습을 보이고 있습니다."", ""신작 게임 출시 및 글로벌 시장 반응에 대한 불확실성이 존재하여 단기적인 방향성 예측이 어렵습니다."", ""거시 경제 지표 및 게임 산업 전반의 투자 심리 변화에 따라 변동성이 나타날 수 있습니다.""]",18.799368088467613
259960,크래프톤,2023-03-02,316500,Buy,75,"[""크래프톤의 신작 'PUBG: NEW STATE MOBILE'의 글로벌 출시가 임박했으며, 이는 신규 매출원 확보 및 기존 IP의 확장으로 이어져 주가 상승 모멘텀을 제공할 것으로 예상됩니다."", ""최근 게임 업계 전반의 긍정적인 투자 심리와 함께, 크래프톤은 견고한 실적을 바탕으로 시장의 관심을 받고 있어 추가적인 상승 여력이 있습니다."", ""기관 투자자들의 매수세가 꾸준히 유입되고 있으며, 이는 단기적인 주가 상승에 대한 긍정적인 신호로 해석될 수 있습니다.""]",18.799368088467613
259960,크래프톤,2023-04-03,316500,Buy,75,"[""최근 신작 '다크앤다커'의 글로벌 출시가 성공적으로 이루어지면서 신규 매출원 확보에 대한 기대감이 높아지고 있습니다."", ""배틀그라운드 IP의 꾸준한 인기를 바탕으로 안정적인 기존 매출을 유지하고 있으며, 신작 모멘텀이 더해질 경우 실적 개선 가능성이 높습니다."", ""증권가에서는 크래프톤의 목표주가를 상향 조정하는 리포트가 다수 발표되고 있어 투자 심리에 긍정적인 영향을 미칠 것으로 예상됩니다.""]",18.799368088467613
259960,크래프톤,2023-05-02,316500,Buy,75,"[""크래프톤의 신작 'PUBG: NEW STATE MOBILE'의 글로벌 출시가 임박했으며, 이는 신규 매출원 확보 및 기존 IP 강화에 긍정적인 영향을 미칠 것으로 예상됩니다."", ""최근 게임 업계 전반의 긍정적인 투자 심리와 함께, 크래프톤의 견조한 실적 발표는 투자자들의 관심을 다시 불러일으킬 가능성이 높습니다."", ""기술적 분석상 단기 하락 추세를 벗어나 상승 전환의 조짐을 보이고 있으며, 거래량 증가와 함께 매수세가 유입되는 흐름이 관찰됩니다.""]",18.799368088467613
259960,크래프톤,2023-06-01,316500,Buy,75,"[""크래프톤은 최근 신작 'PUBG: NEW STATE MOBILE'의 글로벌 출시와 함께 신규 IP 확장 가능성에 대한 기대감이 높아지고 있습니다."", ""견조한 배틀그라운드 IP의 글로벌 인지도와 꾸준한 업데이트를 통해 안정적인 매출 기반을 유지하고 있습니다."", ""향후 메타버스 및 블록체인 기술과의 접목을 통한 새로운 성장 동력 확보 가능성이 긍정적으로 작용할 수 있습니다.""]",18.799368088467613
259960,크래프톤,2023-07-03,316500,Neutral,50,"[""크래프톤은 최근 신작 출시 및 기존 게임의 성과에 대한 불확실성이 혼재되어 있어 단기적인 방향성 예측이 어렵습니다."", ""글로벌 게임 시장의 경쟁 심화와 거시 경제 불확실성이 주가에 영향을 미칠 수 있습니다."", ""향후 20거래일 동안의 구체적인 모멘텀 발생 요인이 아직 명확하게 부각되지 않아 보수적인 접근이 필요합니다.""]",18.799368088467613
259960,크래프톤,2023-08-01,316500,Buy,75,"[""크래프톤의 신작 'PUBG: NEW STATE MOBILE'의 글로벌 출시가 임박했으며, 이는 신규 매출원 확보 및 기존 IP 강화에 긍정적인 영향을 미칠 것으로 예상됩니다."", ""최근 게임 섹터 전반의 긍정적인 흐름과 함께, 크래프톤은 견조한 실적 발표와 함께 주가 반등의 모멘텀을 확보하고 있습니다."", ""기관 투자자들의 매수세가 꾸준히 유입되고 있으며, 이는 단기적인 주가 상승 가능성을 시사합니다.""]",18.799368088467613
259960,크래프톤,2023-09-01,316500,Neutral,50,"[""크래프톤의 최근 주가 흐름은 뚜렷한 상승 또는 하락 추세를 보이지 않고 횡보하는 구간에 있습니다."", ""신규 게임 출시 및 글로벌 시장 반응에 대한 불확실성이 존재하여 단기적인 방향성을 예측하기 어렵습니다."", ""거시 경제 지표 및 게임 산업 전반의 투자 심리 변화가 크래프톤 주가에 미치는 영향 또한 변동성을 야기할 수 있습니다.""]",18.799368088467613
259960,크래프톤,2023-10-04,316500,Buy,75,"[""크래프톤은 최근 신작 '다크앤다커'의 글로벌 출시와 함께 긍정적인 초기 반응을 얻고 있으며, 이는 실적 개선에 대한 기대감을 높이고 있습니다."", ""게임 업계 전반의 밸류에이션 매력이 부각되는 가운데, 크래프톤은 비교적 저평가된 구간에 있다는 분석이 있습니다."", ""기관 투자자들의 매수세가 꾸준히 유입되고 있으며, 이는 향후 주가 상승에 대한 긍정적인 신호로 해석될 수 있습니다.""]",18.799368088467613
259960,크래프톤,2023-11-01,316500,Neutral,50,"[""크래프톤의 최근 주가는 뚜렷한 상승 또는 하락 추세를 보이지 않고 횡보하는 모습을 보이고 있습니다."", ""신규 게임 출시 및 기존 게임의 업데이트 등 실적 개선 모멘텀이 아직 가시화되지 않아 투자 심리가 위축된 상황입니다."", ""글로벌 게임 시장의 경쟁 심화 및 규제 리스크 또한 단기적인 주가 상승을 제한하는 요인으로 작용할 수 있습니다.""]",18.799368088467613
259960,크래프톤,2023-12-01,316500,Buy,75,"[""배틀그라운드 모바일의 꾸준한 성장과 신작 출시 기대감이 주가 상승 모멘텀으로 작용할 수 있습니다."", ""최근 게임 업계 전반의 긍정적인 투자 심리가 크래프톤에도 긍정적인 영향을 미칠 것으로 예상됩니다."", ""밸류에이션 측면에서 현재 주가는 향후 성장성을 고려할 때 매력적인 수준으로 판단됩니다.""]",18.799368088467613
259960,크래프톤,2024-01-02,316500,Buy,75,"[""크래프톤은 최근 신작 '다크앤다커'의 글로벌 출시와 함께 긍정적인 초기 반응을 얻고 있으며, 이는 매출 증대 및 주가 상승 모멘텀으로 작용할 가능성이 높습니다."", ""배틀그라운드 IP의 꾸준한 인기를 바탕으로 한 안정적인 매출 기반과 더불어, 신작 흥행 성공 시 추가적인 성장 동력을 확보할 수 있습니다."", ""증권사들의 목표 주가 상향 조정 및 긍정적인 투자의견이 이어지고 있어 단기적인 투자 심리 개선에 기여할 것으로 예상됩니다.""]",18.799368088467613
259960,크래프톤,2024-02-01,316500,Buy,75,"[""크래프톤의 신작 'PUBG: NEW STATE MOBILE'의 글로벌 출시가 임박하여 신규 매출 발생 기대감이 높습니다."", ""최근 게임 섹터 전반의 긍정적인 투자 심리와 함께 크래프톤의 실적 개선 가능성이 부각되고 있습니다."", ""기관 및 외국인 투자자들의 매수세가 꾸준히 유입되고 있어 단기적인 주가 상승 모멘텀이 예상됩니다.""]",18.799368088467613
259960,크래프톤,2024-03-04,316500,Buy,75,"[""크래프톤의 신작 'PUBG: NEW STATE MOBILE'의 글로벌 출시가 임박했으며, 이는 신규 매출원 확보 및 기존 IP 강화에 긍정적인 영향을 미칠 것으로 예상됩니다."", ""최근 게임 섹터 전반의 긍정적인 흐름과 함께, 크래프톤은 견조한 실적을 바탕으로 투자 매력도를 높이고 있습니다."", ""기관 및 외국인 투자자들의 매수세가 꾸준히 유입되고 있어 단기적인 주가 상승 여력이 있다고 판단됩니다.""]",18.799368088467613
259960,크래프톤,2024-04-01,316500,Neutral,50,"[""크래프톤은 최근 신작 출시 및 기존 게임의 성과에 따라 주가 변동성이 나타날 수 있습니다."", ""글로벌 게임 시장의 경쟁 심화와 신규 IP 개발 리스크는 하방 압력으로 작용할 수 있습니다."", ""하지만, 배틀그라운드 IP의 지속적인 인기를 바탕으로 안정적인 매출을 유지할 가능성도 있어 단기적인 방향성 판단이 어렵습니다.""]",18.799368088467613
259960,크래프톤,2024-05-02,316500,Buy,75,"[""배틀그라운드 모바일의 견조한 실적과 신작 출시 기대감이 주가 상승 동력으로 작용할 가능성이 높습니다."", ""최근 게임 섹터 전반의 긍정적인 흐름과 함께 크래프톤의 밸류에이션 매력이 부각되고 있습니다."", ""기관 및 외국인 투자자들의 매수세가 꾸준히 유입되며 단기 상승 추세를 지지하고 있습니다.""]",18.799368088467613
259960,크래프톤,2024-06-03,316500,Neutral,50,"[""크래프톤은 최근 20거래일 동안 시장 대비 큰 변동성을 보이지 않고 횡보하는 추세를 보이고 있습니다."", ""신작 게임 출시 및 글로벌 시장 반응에 대한 불확실성이 존재하여 단기적인 방향성 예측이 어렵습니다."", ""현재 주가는 밸류에이션 측면에서 특별히 매력적이거나 비싼 구간으로 판단하기 어려워 추가적인 모멘텀이 필요합니다.""]",18.799368088467613
259960,크래프톤,2024-07-01,316500,Buy,75,"[""크래프톤은 최근 신작 'PUBG: NEW STATE MOBILE'의 글로벌 출시와 함께 신규 IP 확장 가능성에 대한 기대감이 높아지고 있습니다."", ""게임 업종 전반의 밸류에이션 매력이 부각되고 있으며, 크래프톤은 상대적으로 저평가된 구간에 있다는 분석이 있습니다."", ""기관 투자자들의 매수세가 유입되고 있으며, 단기적인 기술적 반등 가능성도 존재합니다.""]",18.799368088467613
259960,크래프톤,2024-08-01,316500,Buy,75,"[""배틀그라운드 모바일의 지속적인 글로벌 성과와 신규 IP 출시 기대감이 주가 상승 동력으로 작용할 수 있습니다."", ""최근 게임 업계 전반의 긍정적인 투자 심리와 크래프톤의 견조한 실적이 주가에 반영될 가능성이 있습니다."", ""기술적 분석상 단기 지지선을 형성하고 있으며, 거래량 증가와 함께 상승 추세 전환 가능성이 엿보입니다.""]",18.799368088467613
259960,크래프톤,2024-09-02,316500,Neutral,50,"[""크래프톤은 최근 20거래일 동안 시장 대비 큰 변동성을 보이지 않고 횡보하는 추세를 나타내고 있습니다."", ""신작 게임 출시 일정이나 주요 업데이트에 대한 구체적인 정보가 부족하여 단기적인 상승 또는 하락 모멘텀을 판단하기 어렵습니다."", ""글로벌 게임 시장의 경쟁 심화 및 규제 환경 변화 등 거시적인 요인이 단기 주가 흐름에 영향을 미칠 수 있어 신중한 접근이 필요합니다.""]",18.799368088467613
259960,크래프톤,2024-10-02,316500,Neutral,50,"[""크래프톤은 최근 신작 출시 및 기존 게임의 성과에 대한 시장의 기대와 우려가 혼재되어 있어 단기적인 방향성 예측이 어렵습니다."", ""글로벌 게임 시장의 경쟁 심화와 신작 흥행 불확실성은 주가에 부담 요인으로 작용할 수 있습니다."", ""하지만, 배틀그라운드 IP의 꾸준한 수익성과 신규 IP 개발에 대한 기대감은 하방 경직성을 제공할 수 있습니다.""]",18.799368088467613
259960,크래프톤,2024-11-01,316500,Buy,75,"[""크래프톤은 최근 신작 '다크앤다커'의 글로벌 출시와 함께 긍정적인 초기 성과를 보이며 투자 심리가 개선되고 있습니다."", ""배틀그라운드 IP의 꾸준한 수익성과 신작 흥행 가능성이 더해져 향후 20거래일 동안 시장 대비 상승 모멘텀을 기대할 수 있습니다."", ""최근 외국인 투자자들의 순매수세가 유입되고 있어 단기적인 주가 상승을 뒷받침할 가능성이 있습니다.""]",18.799368088467613
259960,크래프톤,2024-12-02,316500,Buy,75,"[""최근 신작 '다크앤다커'의 글로벌 출시가 긍정적인 반응을 얻으며 실적 개선 기대감이 높아지고 있습니다."", ""배틀그라운드 IP의 꾸준한 인기를 바탕으로 안정적인 매출 기반을 유지하고 있으며, 신규 IP 개발 및 확장 가능성도 존재합니다."", ""증권사들의 목표주가 상향 조정 및 투자의견 '매수' 의견이 다수 제시되며 긍정적인 투자 심리가 형성되고 있습니다.""]",18.799368088467613
259960,크래프톤,2025-01-02,335000,Neutral,50,"[""크래프톤은 최근 신작 출시 및 기존 게임의 성과에 따라 주가 변동성이 나타날 수 있습니다."", ""글로벌 게임 시장의 경쟁 심화와 신규 IP의 성공 여부가 투자 심리에 영향을 미칠 수 있습니다."", ""현재 시장 전반의 불확실성으로 인해 20거래일 내 명확한 방향성 판단이 어렵습니다.""]",13.73134328358209
259960,크래프톤,2025-02-03,362500,Neutral,40,"[""크래프톤은 최근 신작 출시 및 기존 게임의 성과에 대한 기대감이 혼재하며 주가 변동성이 나타나고 있습니다."", ""글로벌 게임 시장의 경쟁 심화와 신작 흥행 여부에 대한 불확실성이 투자 방향을 명확히 하기 어렵게 만들고 있습니다."", ""거시 경제 지표 및 게임 산업 전반의 투자 심리 변화를 좀 더 지켜볼 필요가 있습니다.""]",-5.103448275862069
259960,크래프톤,2025-03-04,344000,Neutral,50,"[""크래프톤은 최근 신작 출시 및 기존 게임의 성과에 따라 주가 변동성이 나타날 수 있습니다."", ""글로벌 게임 시장의 경쟁 심화와 신규 IP 개발 성공 여부가 주가에 영향을 미칠 수 있습니다."", ""현재 시장 전반의 불확실성과 거시 경제 지표들이 투자 심리에 영향을 미쳐 명확한 방향성 판단이 어렵습니다.""]",0.872093023255814
259960,크래프톤,2025-04-01,347000,Neutral,50,"[""크래프톤은 최근 20거래일 동안 시장 대비 큰 변동성을 보이지 않고 횡보하는 추세를 나타내고 있습니다."", ""신작 게임 출시 및 흥행 여부에 대한 불확실성이 존재하며, 이는 단기적인 주가 방향성을 예측하기 어렵게 만드는 요인입니다."", ""게임 산업 전반의 투자 심리 변화와 거시 경제 지표의 영향도 고려해야 하므로, 20거래일 내 뚜렷한 상승 또는 하락을 단정하기 어렵습니다.""]",7.060518731988473
259960,크래프톤,2025-05-02,385500,Neutral,50,"[""크래프톤은 최근 20거래일 동안 횡보하는 모습을 보이며 뚜렷한 추세를 형성하지 못하고 있습니다."", ""신작 출시 및 기존 게임의 성과에 대한 불확실성이 존재하여 투자 심리가 위축될 수 있습니다."", ""거시 경제 환경 및 게임 산업 전반의 변동성이 크므로 단기적인 방향성을 예측하기 어렵습니다.""]",-4.150453955901426
259960,크래프톤,2025-06-02,367500,Neutral,50,"[""크래프톤의 최근 주가 흐름은 뚜렷한 상승 또는 하락 추세를 보이지 않고 횡보하는 구간에 있습니다."", ""신작 게임 출시 일정이나 주요 업데이트 등 단기적인 모멘텀을 유발할 만한 명확한 이벤트가 부재합니다."", ""거시 경제 지표나 게임 산업 전반의 투자 심리가 크래프톤에 대한 명확한 방향성을 제시하기에는 불확실성이 존재합니다.""]",-0.5442176870748299
259960,크래프톤,2025-07-01,358500,Neutral,50,"[""크래프톤은 최근 신작 출시 및 기존 게임의 성과에 대한 불확실성이 공존하며 주가 변동성이 높은 구간에 있습니다."", ""글로벌 게임 시장의 경쟁 심화와 거시 경제 불확실성이 투자 심리에 영향을 미칠 수 있습니다."", ""단기적인 시장 흐름과 개별 이슈에 따라 방향성이 달라질 수 있어 명확한 매수 또는 매도 신호를 제시하기 어렵습니다.""]",-8.92608089260809
259960,크래프톤,2025-08-01,314500,Neutral,50,"[""크래프톤은 최근 20거래일 동안 뚜렷한 추세 없이 횡보하는 모습을 보이고 있습니다."", ""신작 출시 및 글로벌 시장 반응에 대한 불확실성이 존재하여 단기적인 방향성 예측이 어렵습니다."", ""거시 경제 지표 및 게임 산업 전반의 투자 심리 변화 또한 크래프톤 주가에 영향을 미칠 수 있는 변수입니다.""]",4.92845786963434
259960,크래프톤,2025-09-01,330000,Neutral,50,"[""크래프톤은 최근 신작 출시 및 기존 게임의 성과에 대한 시장의 기대와 우려가 혼재되어 있어 단기적인 방향성 예측이 어렵습니다."", ""글로벌 게임 시장의 경쟁 심화와 신규 IP 확보의 불확실성은 주가에 부담 요인으로 작용할 수 있습니다."", ""하지만, 배틀그라운드 IP의 꾸준한 수익성과 신규 플랫폼 확장 가능성은 하방 경직성을 제공할 수 있습니다.""]",-11.363636363636363
259960,크래프톤,2025-10-01,299000,Neutral,50,"[""크래프톤의 최근 주가 흐름은 뚜렷한 상승 또는 하락 추세를 보이지 않고 횡보하는 구간에 있습니다."", ""향후 20거래일 내에 크래프톤의 주가에 큰 영향을 미칠 만한 명확한 모멘텀(신작 출시, 대규모 계약 등)이 부재합니다."", ""시장 전반의 변동성과 게임 산업의 계절적 요인 등 외부 변수에 따라 주가 방향성이 달라질 수 있어 현재로서는 명확한 방향성을 판단하기 어렵습니다.""]",-11.872909698996656
259960,크래프톤,2025-11-03,279000,Neutral,50,"[""크래프톤의 최근 주가 흐름은 뚜렷한 상승 또는 하락 추세를 보이지 않고 횡보하는 구간에 있습니다."", ""신규 게임 출시 및 흥행 여부에 대한 불확실성이 존재하며, 이는 단기적인 주가 방향성에 영향을 미칠 수 있습니다."", ""거시 경제 지표 및 게임 산업 전반의 투자 심리가 크래프톤에 미치는 영향에 대한 명확한 신호가 부족합니다.""]",-9.31899641577061
259960,크래프톤,2025-12-01,253000,Buy,75,"[""크래프톤의 신작 'PUBG: NEW STATE MOBILE'의 글로벌 출시가 임박하여 신규 매출 발생 기대감이 높습니다."", ""최근 게임 섹터 전반의 긍정적인 흐름과 함께 크래프톤의 실적 개선 가능성이 부각되고 있습니다."", ""기관 투자자들의 매수세가 꾸준히 유입되고 있어 단기적인 상승 모멘텀이 예상됩니다.""]",-1.9762845849802373
