ticker,name,signal_date,price,signal,confidence,reasons,return_5d,return_20d
005930,삼성전자,2023-01-02,55400,Neutral,50,"[""삼성전자의 단기적인 시장 대비 상승 또는 하락을 명확하게 예측할 수 있는 뚜렷한 모멘텀이 현재 부족합니다."", ""글로벌 경기 불확실성과 반도체 업황에 대한 상반된 전망이 혼재되어 있어 투자 방향성을 판단하기 어렵습니다."", ""최근 주가 흐름이 특정 방향으로 강하게 움직이기보다는 횡보하는 모습을 보이고 있어 추가적인 시장 동향 및 기업 내부 정보를 확인해야 합니다.""]",9.025270758122744,14.620938628158845
005930,삼성전자,2023-02-01,63500,Neutral,50,"[""삼성전자는 현재 기술주 전반의 변동성과 거시 경제 불확실성 속에서 뚜렷한 상승 또는 하락 모멘텀을 찾기 어려운 상황입니다."", ""최근 반도체 업황 회복에 대한 기대감과 글로벌 경기 침체 우려가 상존하며 주가 방향성을 예측하기 어렵게 만들고 있습니다."", ""향후 20거래일 동안 발표될 주요 경제 지표 및 기업 실적 발표 결과에 따라 주가 방향이 달라질 수 있어 신중한 접근이 필요합니다.""]",-0.7874015748031495,-4.724409448818897
005930,삼성전자,2023-03-02,60500,Neutral,50,"[""삼성전자는 현재 60,500원으로, 단기적인 시장 방향성에 대한 명확한 신호가 부족합니다."", ""글로벌 경기 불확실성과 반도체 업황에 대한 상반된 전망이 혼재되어 있어 투자 심리가 엇갈리고 있습니다."", ""향후 20거래일 동안의 기술적 지표와 거시 경제 지표 변화를 좀 더 면밀히 관찰할 필요가 있습니다.""]",-1.6528925619834711,5.785123966942149
005930,삼성전자,2023-04-03,63600,Neutral,50,"[""삼성전자는 현재 63,600원으로, 단기적인 시장 방향성에 대한 명확한 신호가 부족합니다."", ""최근 반도체 업황의 불확실성과 글로벌 경제 상황이 삼성전자의 주가에 복합적인 영향을 미칠 수 있습니다."", ""향후 20거래일 동안의 기술적 지표 및 거시 경제 변수들을 추가적으로 분석해야 보다 명확한 투자 방향을 설정할 수 있습니다.""]",3.6163522012578615,2.8301886792452833
005930,삼성전자,2023-05-02,65400,Neutral,50,"[""삼성전자의 단기적인 주가 방향성을 명확하게 예측할 수 있는 뚜렷한 상승 또는 하락 모멘텀이 현재 부족합니다."", ""글로벌 경기 둔화 우려와 반도체 업황의 불확실성이 주가에 부담으로 작용할 수 있습니다."", ""하지만, AI 관련 수요 증가 기대감과 삼성전자의 기술력 및 시장 지배력은 하방 경직성을 제공할 수 있습니다.""]",-1.834862385321101,10.397553516819572
005930,삼성전자,2023-06-01,72200,Neutral,50,"[""삼성전자는 현재 72,200원으로, 단기적인 시장 방향성에 대한 명확한 신호가 부족합니다."", ""최근 반도체 업황에 대한 긍정적인 전망과 거시 경제 불확실성이 혼재되어 있어 투자 심리가 엇갈리고 있습니다."", ""향후 20거래일 동안의 기술적 지표 및 수급 동향을 추가적으로 분석해야 보다 명확한 투자 방향을 제시할 수 있습니다.""]",-1.662049861495845,1.10803324099723
005930,삼성전자,2023-07-03,73000,Neutral,55,"[""삼성전자의 최근 주가는 뚜렷한 방향성을 보이지 않고 횡보하는 흐름을 나타내고 있습니다."", ""글로벌 경기 침체 우려와 반도체 업황 둔화 가능성이 주가 상승을 제한하는 요인으로 작용하고 있습니다."", ""하지만, AI 관련 수요 증가 기대감과 삼성전자의 기술 경쟁력은 하락을 방어하며 중립적인 흐름을 유지할 가능성을 시사합니다.""]",-2.054794520547945,-2.6027397260273974
005930,삼성전자,2023-08-01,69900,Neutral,50,"[""삼성전자는 현재 20거래일 이동평균선 부근에서 횡보하며 방향성을 탐색하고 있습니다."", ""최근 반도체 업황 회복에 대한 기대감과 글로벌 경기 불확실성이 혼재하며 투자 심리가 엇갈리고 있습니다."", ""향후 20거래일 동안 발표될 주요 경제 지표 및 기업 실적 발표에 따라 주가 방향성이 결정될 가능성이 높습니다.""]",-1.4306151645207439,-4.291845493562231
005930,삼성전자,2023-09-01,71200,Neutral,50,"[""삼성전자는 현재 71,200원으로, 단기적인 급등락보다는 안정적인 흐름을 보일 가능성이 높습니다."", ""최근 반도체 업황 회복에 대한 기대감과 거시 경제 불확실성이 혼재되어 있어 뚜렷한 방향성을 예측하기 어렵습니다."", ""향후 20거래일 동안 발표될 주요 경제 지표 및 기업 실적 발표 결과에 따라 변동성이 나타날 수 있습니다.""]",-0.5617977528089888,-7.303370786516854
005930,삼성전자,2023-10-04,66700,Neutral,50,"[""삼성전자는 현재 66,700원으로, 단기적인 급등락보다는 완만한 흐름을 보일 가능성이 있습니다."", ""글로벌 경기 둔화 우려와 반도체 업황에 대한 불확실성이 여전히 존재하여 뚜렷한 상승 또는 하락 모멘텀을 찾기 어렵습니다."", ""하지만 삼성전자는 시가총액이 크고 시장 전반의 흐름에 영향을 많이 받기 때문에, 시장의 방향성에 따라 움직일 가능성이 높습니다.""]",1.9490254872563717,4.3478260869565215
005930,삼성전자,2023-11-01,69700,Neutral,50,"[""삼성전자는 현재 20거래일 이동평균선 부근에서 횡보하며 방향성을 탐색하고 있습니다."", ""최근 반도체 업황 회복 기대감과 글로벌 경기 불확실성이 혼재하며 단기적인 상승 및 하락 요인이 상충하고 있습니다."", ""거시 경제 지표 및 주요 경쟁사의 동향을 추가적으로 분석해야 명확한 투자 방향을 설정할 수 있습니다.""]",0.860832137733142,4.447632711621234
005930,삼성전자,2023-12-01,72600,Neutral,50,"[""삼성전자는 현재 72,600원으로, 단기적인 시장 방향성에 대한 명확한 신호가 부족합니다."", ""글로벌 반도체 업황 회복에 대한 기대감과 거시 경제 불확실성이 혼재되어 있어 주가 방향성을 예측하기 어렵습니다."", ""향후 20거래일 동안 발표될 주요 경제 지표 및 기업 실적 발표에 따라 주가 변동성이 나타날 수 있습니다.""]",0.5509641873278237,5.5096418732782375
005930,삼성전자,2024-01-02,77000,Neutral,55,"[""삼성전자는 최근 반도체 업황 회복 기대감과 AI 관련 수요 증가로 인해 상승세를 보였으나, 글로벌 경기 불확실성과 경쟁 심화 가능성도 상존합니다."", ""현재 주가는 밸류에이션 측면에서 매력적인 수준이지만, 단기적인 추가 상승 동력은 제한적일 수 있습니다."", ""향후 20거래일 동안 시장 전반의 흐름과 반도체 섹터의 미세한 변화에 따라 주가 방향성이 달라질 수 있어 명확한 시그널을 제시하기 어렵습니다.""]",-4.415584415584416,-5.584415584415584
005930,삼성전자,2024-02-01,75200,Neutral,50,"[""삼성전자는 현재 75,200원으로, 단기적인 시장 방향성에 대한 명확한 지표가 부족합니다."", ""최근 반도체 업황 회복에 대한 기대감과 거시 경제 불확실성이 혼재하며 주가 변동성이 나타나고 있습니다."", ""향후 20거래일 동안의 명확한 상승 또는 하락 추세를 판단할 만한 강력한 모멘텀이 부재하여 중립적인 의견을 제시합니다.""]",0.0,-3.0585106382978724
005930,삼성전자,2024-03-04,73700,Neutral,50,"[""삼성전자는 현재 73,700원으로, 단기적인 급등락보다는 완만한 흐름을 보일 가능성이 있습니다."", ""글로벌 경기 불확실성과 반도체 업황에 대한 상반된 전망이 혼재되어 있어 명확한 방향성을 예측하기 어렵습니다."", ""향후 20거래일 동안 발표될 주요 경제 지표 및 기업 실적 발표에 따라 변동성이 나타날 수 있습니다.""]",-0.5427408412483039,15.332428765264586
005930,삼성전자,2024-04-01,85000,Neutral,55,"[""삼성전자는 최근 반도체 업황 회복 기대감과 AI 관련 수요 증가로 인해 상승세를 보였으나, 글로벌 경기 불확실성과 경쟁 심화 우려가 상존합니다."", ""단기적으로는 20거래일 내 뚜렷한 시장 대비 상승 또는 하락을 단정하기 어려운 구간으로 판단됩니다."", ""거시 경제 지표 변화, 경쟁사 동향, 신규 기술 발표 등 추가적인 변수들을 관찰하며 투자 방향을 재설정할 필요가 있습니다.""]",-1.647058823529412,-8.235294117647058
005930,삼성전자,2024-05-02,77600,Neutral,55,"[""삼성전자의 최근 주가 흐름은 뚜렷한 상승 또는 하락 추세를 보이지 않고 횡보하는 구간에 있습니다."", ""글로벌 경제 불확실성과 반도체 업황에 대한 상반된 전망이 혼재하며 단기적인 방향성 예측을 어렵게 만들고 있습니다."", ""향후 20거래일 동안 중요한 기술적 지지선 및 저항선 돌파 여부, 또는 거시 경제 지표 및 기업 실적 발표에 따른 변동성이 나타날 수 있으나, 현재로서는 명확한 방향성을 판단하기 어렵습니다.""]",1.0309278350515463,-2.9639175257731956
005930,삼성전자,2024-06-03,75300,Neutral,55,"[""삼성전자는 최근 반도체 업황 회복 기대감과 AI 관련 수요 증가로 인해 상승세를 보였으나, 글로벌 경기 불확실성과 경쟁 심화 가능성이 상존합니다."", ""현재 주가는 기술적 분석상 중요한 지지선 부근에 위치하고 있어 단기적인 반등 가능성도 있으나, 뚜렷한 추가 상승 동력이 부족한 상황입니다."", ""향후 20거래일 동안 거시 경제 지표 발표, 주요 경쟁사의 실적 발표, 그리고 삼성전자의 신규 기술 발표 등 다양한 변수에 따라 주가 방향성이 결정될 것으로 예상됩니다.""]",1.593625498007968,8.632138114209829
005930,삼성전자,2024-07-01,81800,Neutral,50,"[""삼성전자는 현재 81,800원으로, 단기적인 추세 전환을 판단하기에는 애매한 위치에 있습니다."", ""최근 시장 전반의 변동성이 커지면서 삼성전자 역시 뚜렷한 방향성을 보이지 않고 있습니다."", ""향후 20거래일 동안 반도체 업황 개선 기대감과 거시 경제 불확실성이 상충하며 방향성 예측이 어렵습니다.""]",7.334963325183375,-0.9779951100244498
005930,삼성전자,2024-08-01,79600,Neutral,50,"[""삼성전자는 현재 79,600원에 거래되고 있으며, 단기적인 시장 대비 상승 또는 하락을 명확하게 예측할 만한 강한 모멘텀이 부족합니다."", ""글로벌 경기 둔화 우려와 반도체 업황에 대한 불확실성이 공존하며, 이는 삼성전자의 주가에 상반된 영향을 줄 수 있습니다."", ""최근 기술주 전반의 변동성이 커지고 있어, 삼성전자 역시 뚜렷한 방향성을 보이기보다는 시장 흐름에 따라 움직일 가능성이 높습니다.""]",-6.155778894472362,-6.532663316582915
005930,삼성전자,2024-09-02,72500,Neutral,55,"[""삼성전자는 최근 반도체 업황 회복 기대감과 AI 관련 수요 증가로 인해 상승세를 보였으나, 단기 급등에 따른 차익 실현 매물 출회 가능성도 존재합니다."", ""글로벌 거시 경제 불확실성 및 금리 인하 시점에 대한 전망이 엇갈리면서 투자 심리에 영향을 미칠 수 있습니다."", ""향후 20거래일 동안의 구체적인 실적 발표, 주요 IT 기업들의 동향, 그리고 반도체 수급 상황 변화 등을 면밀히 지켜볼 필요가 있습니다.""]",-8.689655172413794,-16.82758620689655
005930,삼성전자,2024-10-02,60600,Neutral,55,"[""삼성전자는 현재 60,600원으로, 단기적인 급등락보다는 완만한 추세를 보일 가능성이 높습니다."", ""글로벌 반도체 업황에 대한 불확실성이 여전히 존재하며, 이는 삼성전자의 주가에 상방 및 하방 요인으로 동시에 작용할 수 있습니다."", ""최근 기술주 전반의 변동성이 커지고 있어, 삼성전자 역시 뚜렷한 방향성을 제시하기 어려운 상황입니다.""]",0.33003300330033003,-3.1353135313531353
005930,삼성전자,2024-11-01,58700,Neutral,50,"[""삼성전자의 최근 주가 흐름은 뚜렷한 상승 또는 하락 추세를 보이지 않고 횡보하는 모습을 보이고 있습니다."", ""글로벌 경기 불확실성과 반도체 업황에 대한 상반된 전망이 혼재하며 투자 심리에 영향을 미치고 있습니다."", ""단기적인 시장 모멘텀이나 특별한 호재/악재가 부각되지 않아 향후 20거래일 내 시장 대비 명확한 방향성을 예측하기 어렵습니다.""]",-6.303236797274275,-8.68824531516184
005930,삼성전자,2024-12-02,53600,Neutral,50,"[""삼성전자의 최근 주가 흐름은 뚜렷한 상승 또는 하락 추세를 보이지 않고 횡보하는 구간에 있습니다."", ""글로벌 반도체 업황에 대한 전망이 엇갈리며 투자 심리에 영향을 미치고 있습니다."", ""향후 20거래일 내에 시장 대비 유의미한 상승 또는 하락을 이끌 만한 강력한 모멘텀이 현재로서는 부족합니다.""]",0.7462686567164178,1.4925373134328357
005930,삼성전자,2025-01-02,54400,Neutral,50,"[""삼성전자의 단기적인 시장 대비 상승 또는 하락을 명확하게 예측할 수 있는 뚜렷한 모멘텀이 현재 부족합니다."", ""최근 주가 흐름이 횡보세를 보이며 방향성 탐색 구간에 있는 것으로 판단됩니다."", ""향후 20거래일 동안의 투자 방향은 거시 경제 지표 변화, 반도체 업황 전망, 글로벌 IT 수요 동향 등 외부 요인에 크게 영향을 받을 것으로 예상됩니다.""]",1.6544117647058825,-0.7352941176470588
005930,삼성전자,2025-02-03,52700,Neutral,50,"[""삼성전자는 현재 52,700원으로, 단기적인 방향성을 명확하게 판단하기 어려운 구간에 있습니다."", ""최근 시장 전반의 불확실성과 반도체 업황에 대한 엇갈린 전망이 삼성전자의 주가에도 영향을 미칠 수 있습니다."", ""향후 20거래일 동안 발표될 주요 경제 지표, 기업 실적 발표, 그리고 글로벌 IT 수요 변화 등 추가적인 정보가 필요합니다.""]",5.692599620493358,2.4667931688804554
005930,삼성전자,2025-03-04,54000,Neutral,50,"[""삼성전자는 현재 54,000원 수준으로, 단기적인 급등락보다는 횡보 가능성이 있습니다."", ""글로벌 경기 불확실성과 반도체 업황에 대한 상반된 전망이 혼재되어 있어 명확한 방향성을 예측하기 어렵습니다."", ""향후 20거래일 동안 발표될 주요 경제 지표 및 기업 실적 발표에 따라 변동성이 나타날 수 있습니다.""]",1.6666666666666667,8.88888888888889
005930,삼성전자,2025-04-01,58800,Neutral,55,"[""삼성전자는 현재 58,800원으로, 최근 시장 전반의 변동성이 커지면서 뚜렷한 방향성을 보이지 않고 있습니다."", ""글로벌 경기 침체 우려와 반도체 업황 둔화 가능성이 주가에 부담으로 작용할 수 있으나, 동시에 대규모 투자 계획과 신기술 개발에 대한 기대감도 존재합니다."", ""향후 20거래일 동안 거시 경제 지표 발표, 주요국 통화 정책 변화, 그리고 삼성전자의 실적 발표 등 여러 변수에 따라 주가 방향이 결정될 것으로 예상되어 현재로서는 명확한 매수 또는 매도 신호를 판단하기 어렵습니다.""]",-9.863945578231291,-5.612244897959184
005930,삼성전자,2025-05-02,54600,Neutral,50,"[""삼성전자는 현재 반도체 업황 회복에 대한 기대감과 거시 경제 불확실성이 혼재된 상황입니다."", ""최근 주가 흐름은 뚜렷한 방향성을 보이지 않고 있으며, 20거래일 내 급격한 상승 또는 하락을 예상하기 어렵습니다."", ""향후 시장 전반의 흐름 및 주요 기술주들의 움직임, 그리고 삼성전자의 구체적인 실적 발표 내용에 따라 변동성이 나타날 수 있습니다.""]",5.128205128205128,8.241758241758241
005930,삼성전자,2025-06-02,57800,Neutral,50,"[""삼성전자의 단기적인 시장 대비 상승 또는 하락을 명확하게 판단할 수 있는 구체적인 정보가 부족합니다."", ""최근 주가 흐름, 거시 경제 지표, 반도체 업황 전망 등 추가적인 분석이 필요합니다."", ""현재 제공된 정보만으로는 20거래일 동안의 방향성을 확신하기 어렵습니다.""]",2.941176470588235,10.380622837370241
005930,삼성전자,2025-07-01,60800,Neutral,50,"[""삼성전자는 현재 60,800원으로, 단기적인 시장 방향성에 대한 명확한 신호가 부족합니다."", ""최근 반도체 업황에 대한 긍정적인 전망과 부정적인 전망이 혼재하며 투자 심리가 엇갈리고 있습니다."", ""거시 경제 지표 및 글로벌 IT 수요 변화 등 외부 요인에 따라 주가 변동성이 나타날 수 있어 신중한 접근이 필요합니다.""]",-0.6578947368421052,19.407894736842106
005930,삼성전자,2025-08-01,69700,Neutral,50,"[""삼성전자는 현재 20거래일 이동평균선 부근에서 횡보하며 방향성을 탐색하고 있습니다."", ""최근 반도체 업황에 대한 긍정적인 전망과 더불어, 글로벌 경기 불확실성이 공존하며 투자 심리가 혼조세를 보이고 있습니다."", ""향후 20거래일 동안의 기술적 지표와 거시 경제 지표 변화를 좀 더 지켜볼 필요가 있습니다.""]",1.8651362984218076,-0.860832137733142
005930,삼성전자,2025-09-01,69100,Neutral,50,"[""삼성전자는 현재 20거래일 이동평균선 부근에서 횡보하며 명확한 방향성을 보이지 않고 있습니다."", ""최근 반도체 업황 회복에 대한 기대감과 거시 경제 불확실성이 혼재하며 투자 심리가 엇갈리고 있습니다."", ""향후 20거래일 동안 발표될 주요 경제 지표 및 기업 실적 발표에 따라 주가 변동성이 확대될 수 있습니다.""]",3.4732272069464547,21.41823444283647
005930,삼성전자,2025-10-01,89000,Neutral,50,"[""삼성전자의 단기적인 시장 대비 상승 또는 하락을 명확하게 예측할 만한 강력한 모멘텀이나 명확한 하락 요인이 현재로서는 부족합니다."", ""글로벌 경기 불확실성과 반도체 업황의 변동성이 여전히 존재하여 투자 심리에 영향을 미칠 수 있습니다."", ""하지만 삼성전자는 대형 우량주로서 시장 전반의 흐름에 따라 움직일 가능성이 높으며, 뚜렷한 악재나 호재가 부각되지 않는 이상 횡보 또는 완만한 흐름을 보일 수 있습니다.""]",9.775280898876403,11.46067415730337
005930,삼성전자,2025-11-03,104900,Neutral,50,"[""삼성전자의 경우, 현재 주가 수준에서 뚜렷한 상승 또는 하락 모멘텀이 강하게 나타나지 않고 있어 단기적인 방향성 판단이 어렵습니다."", ""글로벌 경기 불확실성과 반도체 업황에 대한 상반된 전망이 혼재하며 투자 심리에 영향을 미치고 있습니다."", ""향후 20거래일 동안 발표될 주요 경제 지표 및 기업 실적 발표 결과에 따라 주가 방향성이 결정될 가능성이 높습니다.""]",-1.334604385128694,-1.4299332697807436
005930,삼성전자,2025-12-01,103400,Neutral,50,"[""삼성전자는 현재 103,400원으로, 단기적인 방향성을 명확하게 판단하기 어려운 구간에 있습니다."", ""최근 시장 전반의 변동성이 커지고 있으며, 거시 경제 지표 및 글로벌 IT 업황에 대한 불확실성이 존재합니다."", ""향후 20거래일 동안의 투자 방향은 기술적 지표, 수급 동향, 그리고 주요 경제 이벤트 결과에 따라 달라질 수 있어 신중한 접근이 필요합니다.""]",4.835589941972921,24.274661508704064
000660,SK하이닉스,2023-01-02,75600,Buy,75,"[""최근 반도체 업황 회복에 대한 기대감이 높아지면서 SK하이닉스의 실적 개선 가능성이 부각되고 있습니다."", ""AI 반도체 수요 증가와 고대역폭 메모리(HBM) 시장에서의 경쟁 우위는 SK하이닉스의 주가 상승 동력으로 작용할 수 있습니다."", ""현재 주가는 밸류에이션 측면에서 매력적인 수준이며, 기관 투자자들의 매수세가 유입될 경우 단기 상승 여력이 충분하다고 판단됩니다.""]",14.417989417989418,23.544973544973544
000660,SK하이닉스,2023-02-01,93400,Buy,75,"[""AI 반도체 수요 증가 및 고대역폭 메모리(HBM) 시장 선점으로 인한 실적 개선 기대감이 높습니다."", ""글로벌 증시의 낙폭 과대 인식과 함께 반도체 섹터 전반의 턴어라운드 가능성이 제기되고 있습니다."", ""최근 외국인 투자자들의 순매수세가 유입되며 주가 상승 동력이 강화되고 있습니다.""]",1.070663811563169,-6.5310492505353315
000660,SK하이닉스,2023-03-02,87300,Buy,75,"[""최근 반도체 업황 회복에 대한 기대감이 높아지면서 SK하이닉스의 실적 개선 전망이 긍정적으로 작용하고 있습니다."", ""AI 반도체 수요 증가와 고대역폭 메모리(HBM) 시장에서의 경쟁 우위는 SK하이닉스의 주가 상승 모멘텀을 강화할 것으로 예상됩니다."", ""글로벌 증시의 안정세와 더불어 반도체 섹터 전반의 투자 심리 개선은 SK하이닉스에 대한 매수세를 유입시킬 가능성이 높습니다.""]",-4.581901489117984,1.4891179839633446
000660,SK하이닉스,2023-04-03,84500,Buy,75,"[""AI 반도체 수요 증가와 HBM 시장 선점으로 인한 실적 개선 기대감이 높습니다."", ""글로벌 메모리 반도체 업황 회복 시그널이 점진적으로 나타나고 있습니다."", ""최근 주가 조정을 거치며 밸류에이션 매력도가 높아졌다는 분석이 있습니다.""]",8.63905325443787,6.272189349112427
000660,SK하이닉스,2023-05-02,89800,Buy,75,"[""AI 반도체 수요 증가와 고대역폭 메모리(HBM) 시장 선점으로 인한 실적 개선 기대감이 높습니다."", ""글로벌 경기 회복 조짐과 더불어 IT 업황 전반의 긍정적인 전망이 SK하이닉스 주가에 우호적으로 작용할 것으로 예상됩니다."", ""최근 주가 조정을 거치며 밸류에이션 매력도가 높아져 투자 심리가 개선될 가능성이 있습니다.""]",-3.8975501113585747,22.828507795100222
000660,SK하이닉스,2023-06-01,110300,Buy,75,"[""AI 반도체 수요 증가와 HBM(고대역폭 메모리) 시장에서의 독보적인 경쟁력으로 인해 SK하이닉스의 실적 개선 기대감이 높습니다."", ""글로벌 IT 경기 회복 조짐과 함께 반도체 업황 개선에 대한 긍정적인 전망이 주가 상승 요인으로 작용할 수 있습니다."", ""최근 주가 조정을 거치며 밸류에이션 매력도가 높아졌다는 분석이 있으며, 기관 투자자들의 매수세가 유입될 가능성이 있습니다.""]",4.0797824116047146,6.618313689936536
000660,SK하이닉스,2023-07-03,117900,Buy,75,"[""AI 반도체 수요 증가와 HBM 시장에서의 SK하이닉스의 독보적인 경쟁력이 향후 주가 상승을 견인할 것으로 예상됩니다."", ""글로벌 메모리 반도체 시장의 업황 회복 기대감이 높아지고 있으며, 이는 SK하이닉스 실적 개선으로 이어질 가능성이 큽니다."", ""최근 외국인 투자자들의 순매수세가 지속되고 있으며, 이는 긍정적인 투자 심리를 반영하는 것으로 판단됩니다.""]",-3.816793893129771,6.106870229007633
000660,SK하이닉스,2023-08-01,119500,Buy,75,"[""AI 반도체 수요 증가와 HBM 시장에서의 SK하이닉스의 독보적인 경쟁력이 향후 주가 상승을 견인할 것으로 예상됩니다."", ""글로벌 메모리 반도체 시장의 업황 회복 기대감이 높아지고 있으며, 이는 SK하이닉스 실적 개선으로 이어질 가능성이 큽니다."", ""최근 주가 조정은 단기적인 수급 요인으로 판단되며, 장기적인 성장 전망을 고려할 때 매수 기회로 작용할 수 있습니다.""]",-0.8368200836820083,1.9246861924686192
000660,SK하이닉스,2023-09-01,119200,Buy,75,"[""AI 반도체 수요 증가와 HBM 시장 선점 효과로 인한 실적 개선 기대감이 주가 상승을 견인할 것으로 예상됩니다."", ""글로벌 메모리 반도체 업황 회복 시그널이 나타나고 있으며, SK하이닉스는 이러한 업황 개선의 수혜를 가장 크게 받을 것으로 전망됩니다."", ""최근 주가 조정은 단기적인 수급 요인으로 판단되며, 장기적인 성장성을 고려할 때 현재 가격은 매력적인 매수 구간으로 볼 수 있습니다.""]",-2.7684563758389262,1.006711409395973
000660,SK하이닉스,2023-10-04,120200,Buy,75,"[""AI 반도체 수요 증가와 HBM 시장 선점으로 인한 실적 개선 기대감이 지속되고 있습니다."", ""글로벌 메모리 반도체 업황 회복 시그널이 점진적으로 나타나고 있습니다."", ""최근 주가 조정은 단기적인 수급 요인으로 판단되며, 장기적인 성장성은 여전히 유효합니다.""]",3.743760399334443,4.658901830282862
000660,SK하이닉스,2023-11-01,125300,Buy,75,"[""AI 반도체 수요 증가와 HBM 시장 선점으로 인한 실적 개선 기대감이 높습니다."", ""글로벌 메모리 반도체 업황 회복 시그널이 점진적으로 나타나고 있습니다."", ""최근 주가 조정을 거치며 밸류에이션 매력도가 부각되고 있습니다.""]",2.154828411811652,6.863527533918595
000660,SK하이닉스,2023-12-01,131100,Buy,75,"[""AI 반도체 수요 증가 및 고대역폭 메모리(HBM) 시장 선점 효과로 인한 실적 개선 기대감이 높습니다."", ""글로벌 메모리 반도체 업황 회복 시그널이 점진적으로 나타나고 있으며, SK하이닉스가 이에 대한 수혜를 받을 것으로 예상됩니다."", ""최근 주가 조정 이후 기술적 반등 가능성이 있으며, 밸류에이션 매력도도 일부 구간에서 부각될 수 있습니다.""]",-1.6781083142639208,4.0427154843630815
000660,SK하이닉스,2024-01-02,136800,Buy,75,"[""최근 반도체 업황 개선 기대감과 AI 관련 수요 증가가 SK하이닉스의 실적 개선을 견인할 것으로 예상됩니다."", ""주요 경쟁사 대비 높은 기술력과 시장 점유율을 바탕으로 긍정적인 주가 흐름을 이어갈 가능성이 높습니다."", ""최근 주가 조정을 거치며 밸류에이션 매력도가 높아졌다는 분석이 있으며, 단기적인 기술적 반등 가능성도 존재합니다.""]",-2.4122807017543857,-1.5350877192982455
000660,SK하이닉스,2024-02-01,134900,Buy,75,"[""AI 반도체 수요 증가 및 고대역폭 메모리(HBM) 시장 선점으로 인한 실적 개선 기대감이 높습니다."", ""글로벌 메모리 반도체 업황 회복 시그널이 점진적으로 나타나고 있으며, SK하이닉스가 이에 대한 수혜를 받을 것으로 예상됩니다."", ""최근 주가 조정을 거치며 밸류에이션 매력도가 부각되고 있어 단기 반등 가능성이 있습니다.""]",11.193476649369902,20.756115641215718
000660,SK하이닉스,2024-03-04,165800,Buy,75,"[""최근 메모리 반도체 업황 개선 기대감과 AI 관련 수요 증가가 SK하이닉스 주가에 긍정적인 영향을 미칠 것으로 예상됩니다."", ""글로벌 IT 기업들의 AI 투자 확대는 고대역폭 메모리(HBM) 시장의 성장을 견인할 것이며, SK하이닉스는 이 분야에서 선두 주자로서 수혜를 입을 가능성이 높습니다."", ""최근 주가 조정 이후 기술적 반등 가능성이 있으며, 밸류에이션 측면에서도 매력적인 구간에 진입했다는 분석이 있습니다.""]",-0.060313630880579006,12.364294330518698
000660,SK하이닉스,2024-04-01,186300,Buy,75,"[""AI 반도체 수요 증가 및 HBM 시장 선점 효과로 인한 실적 개선 기대감이 높습니다."", ""글로벌 메모리 반도체 업황 회복 시그널이 점진적으로 나타나고 있으며, SK하이닉스는 이러한 흐름에 가장 민감하게 반응할 수 있는 종목입니다."", ""최근 주가 조정을 거치며 밸류에이션 매력도가 높아졌다는 분석이 있습니다.""]",-1.8250134192163179,-6.816961889425658
000660,SK하이닉스,2024-05-02,173200,Buy,75,"[""AI 반도체 수요 증가와 HBM 시장 선점 효과로 SK하이닉스의 실적 개선 기대감이 높습니다."", ""최근 주가 조정을 거치며 밸류에이션 매력도가 부각되고 있어 단기 반등 가능성이 있습니다."", ""글로벌 반도체 업황 회복 시그널이 점진적으로 나타나고 있으며, 이는 SK하이닉스 주가에 긍정적인 영향을 미칠 수 있습니다.""]",6.1200923787528865,11.605080831408776
000660,SK하이닉스,2024-06-03,193300,Buy,75,"[""AI 반도체 수요 증가 및 HBM 시장 선점 효과로 인한 실적 개선 기대감이 높습니다."", ""글로벌 주요 IT 기업들의 투자 확대 계획이 SK하이닉스의 수주 증가로 이어질 가능성이 있습니다."", ""최근 주가 조정을 거치며 밸류에이션 매력이 부각되고 있어 단기 반등 가능성이 존재합니다.""]",11.226073460941542,22.090015519917227
000660,SK하이닉스,2024-07-01,232000,Buy,75,"[""AI 반도체 수요 증가 및 HBM 시장 선점 효과로 실적 개선 기대감이 높습니다."", ""글로벌 경기 회복 조짐과 함께 반도체 업황 반등 가능성이 점쳐지고 있습니다."", ""최근 주가 조정을 거치며 밸류에이션 매력도가 높아졌다는 분석이 있습니다.""]",2.8017241379310347,-18.57758620689655
000660,SK하이닉스,2024-08-01,173200,Buy,75,"[""AI 반도체 수요 증가 및 고대역폭 메모리(HBM) 시장 선점 효과로 인한 실적 개선 기대감이 높습니다."", ""글로벌 반도체 업황 회복에 대한 긍정적인 전망과 함께 SK하이닉스의 기술 경쟁력이 부각되고 있습니다."", ""최근 주가 조정 이후 기술적 반등 가능성이 있으며, 기관 투자자들의 매수세가 유입될 경우 상승 탄력이 강화될 수 있습니다.""]",-0.9815242494226328,0.4618937644341801
000660,SK하이닉스,2024-09-02,168300,Buy,75,"[""AI 반도체 수요 증가와 HBM 시장 선점으로 인한 실적 개선 기대감이 높습니다."", ""글로벌 경기 회복 조짐과 IT 수요 회복이 SK하이닉스의 주가 상승 모멘텀으로 작용할 수 있습니다."", ""최근 주가 조정을 거치며 밸류에이션 매력도가 높아졌다는 분석이 있습니다.""]",-7.605466428995841,5.763517528223411
000660,SK하이닉스,2024-10-02,174100,Buy,75,"[""AI 반도체 수요 증가 및 HBM 시장 선점 효과로 인한 실적 개선 기대감이 높습니다."", ""글로벌 메모리 반도체 업황 회복 시그널이 점진적으로 나타나고 있습니다."", ""최근 주가 조정을 거치며 밸류에이션 매력도가 부각되고 있습니다.""]",7.696726019529006,11.430212521539346
000660,SK하이닉스,2024-11-01,194000,Buy,75,"[""AI 반도체 수요 증가 및 고대역폭 메모리(HBM) 시장 선점으로 인한 실적 개선 기대감이 높습니다."", ""글로벌 경기 회복 조짐과 함께 반도체 업황 반등 가능성이 점쳐지고 있습니다."", ""최근 주가 조정은 단기적인 수급 요인으로 판단되며, 장기적인 성장성을 고려할 때 매력적인 매수 기회로 볼 수 있습니다.""]",-0.7216494845360825,-18.144329896907216
000660,SK하이닉스,2024-12-02,164900,Buy,75,"[""AI 반도체 수요 증가와 HBM 시장에서의 SK하이닉스의 독보적인 지위가 주가 상승을 견인할 것으로 예상됩니다."", ""글로벌 메모리 반도체 업황 회복에 대한 기대감이 높아지고 있으며, 이는 SK하이닉스 실적 개선으로 이어질 가능성이 큽니다."", ""최근 주가 조정은 단기적인 수급 요인으로 판단되며, 장기적인 성장 전망을 고려할 때 매수 기회로 작용할 수 있습니다.""]",3.3353547604608855,10.309278350515463
000660,SK하이닉스,2025-01-02,181900,Buy,75,"[""최근 반도체 업황 회복에 대한 기대감이 SK하이닉스 주가에 긍정적인 영향을 미치고 있습니다."", ""AI 시장의 성장과 함께 고대역폭 메모리(HBM) 수요가 지속적으로 증가할 것으로 예상되어 SK하이닉스의 실적 개선이 기대됩니다."", ""글로벌 주요 증권사들의 목표 주가 상향 조정은 향후 주가 상승 여력을 시사합니다.""]",11.874656404617923,11.874656404617923
000660,SK하이닉스,2025-02-03,191100,Buy,75,"[""최근 반도체 업황 회복 기대감과 AI 수요 증가로 인한 HBM(고대역폭 메모리) 시장의 긍정적인 전망이 SK하이닉스의 주가 상승을 견인할 것으로 예상됩니다."", ""글로벌 주요 IT 기업들의 AI 투자 확대는 SK하이닉스의 주력 제품인 메모리 반도체 수요 증가로 이어져 실적 개선에 대한 기대감을 높이고 있습니다."", ""현재 주가는 단기적인 변동성을 보이고 있으나, 장기적인 성장 모멘텀과 업황 회복 가능성을 고려할 때 향후 20거래일 내 시장 대비 상승 가능성이 높다고 판단됩니다.""]",4.500261643118786,1.0465724751439036
000660,SK하이닉스,2025-03-04,193100,Buy,75,"[""AI 반도체 수요 증가 및 고대역폭 메모리(HBM) 시장 선점으로 인한 실적 개선 기대감이 높습니다."", ""글로벌 메모리 반도체 업황 회복 시그널이 점진적으로 나타나고 있으며, SK하이닉스가 이에 대한 수혜를 받을 것으로 예상됩니다."", ""최근 주가 조정을 거치며 밸류에이션 매력이 부각되고 있으며, 기관 투자자들의 매수세가 유입될 가능성이 있습니다.""]",3.003625064733299,2.4857586742620406
000660,SK하이닉스,2025-04-01,197900,Buy,75,"[""AI 반도체 수요 증가 및 HBM 시장 선점 효과로 인한 실적 개선 기대감이 높습니다."", ""글로벌 메모리 반도체 업황 회복 시그널이 점진적으로 나타나고 있으며, SK하이닉스가 이에 대한 수혜를 받을 것으로 예상됩니다."", ""최근 주가 조정을 거치며 밸류에이션 매력도가 높아졌다는 분석이 있습니다.""]",-16.624557857503792,-10.308236483072259
000660,SK하이닉스,2025-05-02,190800,Buy,75,"[""AI 반도체 수요 증가 및 고대역폭 메모리(HBM) 시장 선점으로 인한 실적 개선 기대감이 높습니다."", ""글로벌 증시 전반의 낙관적인 분위기와 반도체 업황 회복에 대한 긍정적인 전망이 SK하이닉스 주가에 우호적으로 작용할 수 있습니다."", ""최근 주가 조정을 거치며 밸류에이션 매력도가 높아져 투자자들의 관심이 재집중될 가능성이 있습니다.""]",7.966457023060797,17.662473794549268
000660,SK하이닉스,2025-06-02,217500,Buy,75,"[""AI 반도체 수요 증가 및 HBM 시장 선점 효과로 인한 실적 개선 기대감이 높습니다."", ""글로벌 경기 회복 조짐과 더불어 메모리 반도체 업황 반등 가능성이 점쳐지고 있습니다."", ""최근 주가 조정을 거치며 밸류에이션 매력도가 높아져 투자 심리가 개선될 여지가 있습니다.""]",8.275862068965518,28.045977011494255
000660,SK하이닉스,2025-07-01,279000,Buy,75,"[""최근 반도체 업황 회복에 대한 기대감이 높아지면서 SK하이닉스의 실적 개선 전망이 긍정적으로 작용하고 있습니다."", ""AI 관련 수요 증가로 고대역폭 메모리(HBM) 시장에서의 경쟁 우위가 지속될 것으로 예상됩니다."", ""글로벌 주요 증권사들의 목표주가 상향 조정 추세가 투자 심리에 긍정적인 영향을 미칠 가능성이 높습니다.""]",0.7168458781362007,-5.555555555555555
000660,SK하이닉스,2025-08-01,258000,Buy,75,"[""AI 반도체 수요 증가 및 고대역폭 메모리(HBM) 시장 선점으로 인한 실적 개선 기대감이 높습니다."", ""글로벌 경기 회복 조짐과 함께 반도체 업황 턴어라운드에 대한 전망이 긍정적입니다."", ""최근 주가 조정을 거치며 밸류에이션 매력도가 높아졌다는 분석이 있습니다.""]",3.488372093023256,0.9689922480620154
000660,SK하이닉스,2025-09-01,260500,Buy,75,"[""반도체 업황 회복에 대한 기대감이 높아지고 있으며, SK하이닉스는 AI 반도체 시장에서 선도적인 위치를 차지하고 있습니다."", ""최근 발표된 실적 개선 및 향후 전망이 긍정적으로 평가되고 있으며, 이는 주가 상승의 동력이 될 수 있습니다."", ""글로벌 IT 수요 회복과 함께 메모리 반도체 가격 상승이 예상되어 SK하이닉스의 수익성 개선에 기여할 것으로 보입니다.""]",10.556621880998081,33.397312859884835
000660,SK하이닉스,2025-10-01,395500,Buy,75,"[""AI 반도체 수요 증가와 HBM 시장 선점으로 인한 실적 개선 기대감이 높습니다."", ""글로벌 경기 회복 조짐과 IT 업황 턴어라운드 가능성이 SK하이닉스 주가에 긍정적인 영향을 미칠 것으로 예상됩니다."", ""최근 주가 하락은 단기적인 조정으로 해석되며, 장기적인 성장성을 고려할 때 매수 기회로 판단됩니다.""]",14.412136536030342,49.93678887484197
000660,SK하이닉스,2025-11-03,586000,Buy,75,"[""AI 반도체 수요 증가와 고대역폭 메모리(HBM) 시장에서의 SK하이닉스의 독보적인 지위가 향후 주가 상승을 견인할 것으로 예상됩니다."", ""최근 증권사들의 목표주가 상향 조정과 긍정적인 실적 전망은 투자 심리를 개선시키는 요인으로 작용할 것입니다."", ""글로벌 반도체 업황 회복에 대한 기대감이 높아지면서 SK하이닉스와 같은 선도 기업에 대한 투자 매력이 부각될 가능성이 있습니다.""]",5.631399317406143,-4.778156996587031
000660,SK하이닉스,2025-12-01,558000,Buy,75,"[""AI 반도체 수요 증가와 HBM 시장 선점 효과로 인한 실적 개선 기대감이 높습니다."", ""글로벌 메모리 반도체 업황 회복 시그널이 감지되고 있으며, SK하이닉스는 이러한 흐름에 가장 민감하게 반응할 수 있는 종목입니다."", ""최근 주가 조정을 거치며 밸류에이션 매력도가 높아졌으며, 기관 투자자들의 매수세가 유입될 가능성이 있습니다.""]",1.4336917562724014,21.32616487455197
207940,삼성바이오로직스,2023-01-02,1181810,Buy,75,"[""삼성바이오로직스는 글로벌 CDMO(위탁개발생산) 시장의 선두주자로서 꾸준한 실적 성장이 예상됩니다."", ""최근 발표된 신규 계약 및 파이프라인 확장 소식은 향후 매출 증대에 긍정적인 영향을 미칠 것으로 보입니다."", ""바이오 의약품 시장의 성장세와 더불어 삼성바이오로직스의 기술력 및 생산 능력은 시장 대비 우수한 성과를 낼 가능성이 높습니다.""]",-0.49813421785227746,1.1208231441602288
207940,삼성바이오로직스,2023-02-01,1195056,Buy,75,"[""삼성바이오로직스는 글로벌 CDMO(위탁개발생산) 시장의 선두주자로서 꾸준한 수주 증가와 생산 능력 확대로 실적 성장이 기대됩니다."", ""최근 발표된 3분기 실적은 시장 예상치를 상회하며 견조한 성장세를 입증했으며, 이는 주가 상승 모멘텀으로 작용할 수 있습니다."", ""바이오 의약품 시장의 지속적인 성장 전망과 더불어, 회사의 기술력 및 생산 효율성은 경쟁 우위를 확보하며 향후에도 안정적인 실적을 뒷받침할 것으로 예상됩니다.""]",0.24634828828105126,-2.955677390850303
207940,삼성바이오로직스,2023-03-02,1159734,Buy,75,"[""삼성바이오로직스는 글로벌 CDMO(위탁개발생산) 시장의 성장과 함께 견조한 실적 개선이 예상됩니다."", ""최근 발표된 신규 계약 및 파이프라인 확장 소식은 향후 매출 증대에 긍정적인 영향을 줄 것으로 보입니다."", ""바이오 의약품 위탁 생산에 대한 수요는 지속적으로 증가할 것으로 예상되며, 이는 삼성바이오로직스의 시장 지배력을 강화할 것입니다.""]",-1.5228492050763365,0.0
207940,삼성바이오로직스,2023-04-03,1159734,Buy,75,"[""삼성바이오로직스는 글로벌 CDMO(위탁개발생산) 시장의 선두 주자로서 지속적인 수주 증가와 생산 능력 확대로 견조한 성장세를 이어갈 것으로 예상됩니다."", ""최근 발표된 신규 CMO 계약 및 파이프라인 확장 소식은 향후 실적 개선에 대한 기대감을 높이고 있습니다."", ""바이오 의약품 시장의 전반적인 성장 추세와 더불어, 삼성바이오로직스의 기술력 및 생산 효율성은 경쟁사 대비 우위를 점하게 할 것입니다.""]",3.045698410152673,-1.6497748621666692
207940,삼성바이오로직스,2023-05-02,1140601,Buy,75,"[""삼성바이오로직스는 글로벌 CDMO(위탁개발생산) 시장에서 확고한 선두 지위를 유지하고 있으며, 신규 설비 증설 및 파이프라인 확대를 통해 지속적인 성장 동력을 확보하고 있습니다."", ""최근 발표된 긍정적인 실적 발표와 주요 고객사와의 장기 계약 체결 소식은 향후 실적 개선에 대한 기대감을 높이고 있습니다."", ""바이오 의약품 시장의 꾸준한 성장세와 더불어, 삼성바이오로직스의 기술력 및 생산 능력은 경쟁사 대비 우위를 점하고 있어 시장 대비 초과 상승 가능성이 높다고 판단됩니다.""]",1.032262815831303,1.290372356327936
207940,삼성바이오로직스,2023-06-01,1155319,Buy,75,"[""삼성바이오로직스는 글로벌 CDMO(위탁개발생산) 시장의 선두주자로서 꾸준한 수주 증가와 생산 능력 확대를 통해 실적 성장을 이어갈 것으로 예상됩니다."", ""최근 발표된 신규 위탁생산 계약 및 파이프라인 확장 소식은 향후 매출 증대에 긍정적인 영향을 미칠 것으로 보입니다."", ""바이오 의약품 시장의 지속적인 성장 전망과 더불어, 삼성바이오로직스의 기술력 및 생산 경쟁력은 시장 대비 우수한 성과를 기대하게 합니다.""]",1.2738473097040732,-5.350297190646047
207940,삼성바이오로직스,2023-07-03,1097921,Buy,75,"[""삼성바이오로직스는 글로벌 CDMO(위탁개발생산) 시장의 선두주자로서 지속적인 수주 증가와 생산 능력 확대를 통해 성장세를 이어갈 것으로 예상됩니다."", ""최근 발표된 신규 공장 증설 계획은 향후 매출 증대에 대한 기대감을 높이며 주가 상승 요인으로 작용할 수 있습니다."", ""바이오 의약품 시장의 전반적인 성장 추세와 더불어 삼성바이오로직스의 기술력 및 파이프라인 경쟁력은 시장 대비 우수한 성과를 낼 가능성이 높습니다.""]",-3.0830997858680176,7.5067331802561394
207940,삼성바이오로직스,2023-08-01,1161206,Buy,75,"[""삼성바이오로직스는 글로벌 CDMO(위탁개발생산) 시장의 선두 주자로서 꾸준한 수주 증가와 생산 능력 확대를 통해 실적 성장이 지속될 것으로 예상됩니다."", ""최근 발표된 3분기 실적은 시장 기대치를 상회했으며, 이는 향후 실적 전망에 대한 긍정적인 신호로 작용할 수 있습니다."", ""바이오 의약품 시장의 성장세와 더불어 삼성바이오로직스의 기술력 및 생산 경쟁력은 단기적인 시장 변동성에도 불구하고 주가 상승 여력을 제공할 것으로 판단됩니다.""]",1.1407106060423386,-6.590647998718574
207940,삼성바이오로직스,2023-09-01,1083203,Buy,75,"[""삼성바이오로직스는 글로벌 CDMO 시장에서 압도적인 경쟁력을 바탕으로 지속적인 성장세를 보이고 있습니다."", ""최근 발표된 2분기 실적은 시장 예상치를 상회하며 견조한 매출 및 영업이익 성장을 증명했습니다."", ""신규 공장 증설 및 파이프라인 확대를 통해 미래 성장 동력을 확보하고 있으며, 이는 향후 주가 상승에 긍정적인 영향을 미칠 것으로 예상됩니다.""]",-0.27169422536680565,-0.6792817228164988
207940,삼성바이오로직스,2023-10-04,1064071,Buy,75,"[""삼성바이오로직스는 글로벌 CDMO(위탁개발생산) 시장의 선두주자로서 꾸준한 실적 성장이 예상됩니다."", ""최근 발표된 신규 생산 시설 증설 계획은 향후 생산 능력 확대와 매출 증대에 대한 기대감을 높이고 있습니다."", ""바이오 의약품 시장의 전반적인 성장 추세와 더불어, 회사의 기술력 및 파이프라인 경쟁력은 시장 대비 우수한 성과를 이끌어낼 가능성이 높습니다.""]",-0.27667326710341694,-2.4896834891656665
207940,삼성바이오로직스,2023-11-01,1047882,Buy,75,"[""삼성바이오로직스는 글로벌 CDMO(위탁개발생산) 시장의 선두주자로서 꾸준한 실적 성장이 예상됩니다."", ""최근 발표된 3분기 실적이 시장 기대치를 상회하며 투자 심리를 개선시켰습니다."", ""신규 생산 시설 증설 및 파이프라인 확대를 통해 장기적인 성장 동력을 확보하고 있습니다.""]",1.5449258599727833,1.8257780933349363
207940,삼성바이오로직스,2023-12-01,1047882,Buy,75,"[""삼성바이오로직스는 글로벌 CDMO 시장에서 선도적인 지위를 유지하고 있으며, 지속적인 생산 능력 확장과 신규 계약 확보를 통해 성장 모멘텀을 이어갈 것으로 예상됩니다."", ""최근 발표된 4분기 실적은 시장 기대치를 상회했으며, 이는 견조한 사업 펀더멘털을 뒷받침합니다."", ""바이오 의약품 위탁 생산에 대한 수요 증가는 장기적으로 삼성바이오로직스의 실적 개선에 긍정적인 영향을 미칠 것으로 전망됩니다.""]",-1.2640736266106298,8.146050795795711
207940,삼성바이오로직스,2024-01-02,1158262,Buy,75,"[""삼성바이오로직스는 글로벌 CDMO 시장에서 확고한 경쟁 우위를 가지고 있으며, 지속적인 생산 능력 확장과 신규 파이프라인 확보를 통해 성장 모멘텀을 유지하고 있습니다."", ""최근 발표된 긍정적인 임상 결과 및 파트너십 확대는 향후 실적 개선에 대한 기대를 높이며 주가 상승 요인으로 작용할 수 있습니다."", ""바이오 의약품 위탁 생산 시장의 구조적인 성장세와 더불어, 삼성바이오로직스의 기술력 및 생산 능력은 단기적인 시장 변동성에도 불구하고 견조한 주가 흐름을 보일 가능성이 높습니다.""]",-5.209615786411019,6.734486670546043
207940,삼성바이오로직스,2024-02-01,1264228,Buy,75,"[""삼성바이오로직스는 글로벌 CDMO(위탁개발생산) 시장의 선두주자로서 꾸준한 실적 성장이 예상됩니다."", ""최근 발표된 신규 생산 시설 증설 계획은 향후 생산 능력 확대 및 매출 증대에 대한 기대감을 높이고 있습니다."", ""바이오 의약품 시장의 지속적인 성장 추세와 더불어, 삼성바이오로직스의 기술력 및 파이프라인 경쟁력은 시장 대비 우수한 성과를 이끌어낼 가능성이 높습니다.""]",-2.4447330703006105,-8.614664443439
207940,삼성바이오로직스,2024-03-04,1147960,Buy,75,"[""삼성바이오로직스는 글로벌 CDMO(위탁개발생산) 시장에서 압도적인 경쟁력을 바탕으로 꾸준한 성장세를 이어갈 것으로 예상됩니다."", ""최근 발표된 3분기 실적은 시장 기대치를 상회하며 견조한 펀더멘털을 증명했습니다."", ""신규 공장 증설 및 파이프라인 확대를 통한 미래 성장 동력 확보는 주가 상승에 긍정적인 영향을 미칠 것입니다.""]",7.692341196557371,4.615404717934423
207940,삼성바이오로직스,2024-04-01,1200943,Buy,75,"[""삼성바이오로직스는 글로벌 CDMO(위탁개발생산) 시장의 성장과 함께 꾸준한 수주 증가세를 보이고 있습니다."", ""최근 발표된 3분기 실적은 시장 기대치를 상회하며 견조한 성장세를 입증했습니다."", ""신규 생산 시설 증설 및 기술 개발 투자는 장기적인 성장 동력을 확보하고 있으며, 이는 단기적인 시장 심리에도 긍정적인 영향을 미칠 것으로 예상됩니다.""]",-1.3480240111312527,-5.024551539914883
207940,삼성바이오로직스,2024-05-02,1134714,Buy,75,"[""삼성바이오로직스는 글로벌 CDMO(위탁개발생산) 시장에서 독보적인 경쟁력을 바탕으로 꾸준한 실적 성장이 기대됩니다."", ""최근 발표된 3분기 실적은 시장 예상치를 상회하며 견조한 수요를 증명했으며, 이는 향후 주가 상승 모멘텀으로 작용할 수 있습니다."", ""신규 공장 증설 및 파이프라인 확대를 통해 미래 성장 동력을 확보하고 있어 중장기적인 상승 여력이 충분하다고 판단됩니다.""]",1.297066926115303,-2.3345970879005637
207940,삼성바이오로직스,2024-06-03,1108223,Buy,75,"[""삼성바이오로직스는 글로벌 CDMO(위탁개발생산) 시장의 성장과 함께 꾸준한 수주 증가세를 보이고 있습니다."", ""최근 발표된 3분기 실적은 시장 기대치를 상회하며 견조한 성장세를 입증했습니다."", ""신규 공장 증설 및 기술 개발 투자는 장기적인 성장 동력 확보에 긍정적인 영향을 미칠 것으로 예상됩니다.""]",-1.4608070758322107,7.569776119066289
207940,삼성바이오로직스,2024-07-01,1192113,Buy,75,"[""삼성바이오로직스는 글로벌 CDMO 시장의 선두주자로서 꾸준한 수주 증가와 생산 능력 확대를 통해 성장세를 이어갈 것으로 예상됩니다."", ""최근 발표된 신규 위탁 생산 계약 및 파이프라인 확장 소식은 향후 실적 개선에 대한 기대감을 높이고 있습니다."", ""바이오 의약품 시장의 전반적인 성장 추세와 더불어, 삼성바이오로직스의 기술력 및 생산 효율성은 경쟁 우위를 확보하는 데 기여할 것입니다.""]",-1.7284435284238995,15.678966675139016
207940,삼성바이오로직스,2024-08-01,1340759,Buy,75,"[""글로벌 CDMO 시장의 지속적인 성장 전망과 삼성바이오로직스의 높은 생산 능력 및 기술력이 긍정적인 요인으로 작용할 것으로 예상됩니다."", ""최근 발표된 신규 계약 및 파이프라인 확장 소식은 향후 실적 개선에 대한 기대감을 높이고 있습니다."", ""기관 및 외국인 투자자들의 꾸준한 매수세는 단기적인 주가 상승을 지지할 가능성이 있습니다.""]",5.378669842977001,5.92753805866677
207940,삼성바이오로직스,2024-09-02,1414346,Buy,75,"[""삼성바이오로직스는 글로벌 CDMO(위탁개발생산) 시장의 선두 주자로서 지속적인 성장세를 보이고 있습니다."", ""최근 발표된 신규 위탁 생산 계약 및 파이프라인 확장 소식은 향후 실적 개선에 대한 기대를 높이고 있습니다."", ""바이오 의약품 시장의 꾸준한 성장 전망과 더불어, 회사의 기술력 및 생산 능력은 경쟁 우위를 유지할 것으로 판단됩니다.""]",3.6420366727802107,4.474506238218937
207940,삼성바이오로직스,2024-10-02,1470272,Buy,75,"[""삼성바이오로직스는 글로벌 CDMO(위탁개발생산) 시장의 선두주자로서 지속적인 수주 증가와 생산 능력 확대를 통해 성장세를 이어갈 것으로 예상됩니다."", ""최근 발표된 신규 공장 증설 계획은 향후 매출 증대에 대한 기대감을 높이며 주가에 긍정적인 영향을 미칠 수 있습니다."", ""바이오 의약품 시장의 꾸준한 성장과 더불어 삼성바이오로직스의 기술력 및 사업 포트폴리오 다각화는 장기적인 상승 모멘텀을 제공할 가능성이 높습니다.""]",3.703736451486528,1.8018434684194489
207940,삼성바이오로직스,2024-11-01,1496764,Buy,75,"[""삼성바이오로직스는 글로벌 CDMO(위탁개발생산) 시장에서 독보적인 경쟁력을 바탕으로 꾸준한 실적 성장이 예상됩니다."", ""최근 발표된 신규 위탁 생산 계약 및 파이프라인 확장 소식은 향후 매출 증대에 긍정적인 영향을 미칠 것으로 보입니다."", ""바이오 의약품 시장의 성장세와 더불어 삼성바이오로직스의 기술력 및 생산 능력은 시장 대비 우수한 성과를 기대하게 합니다.""]",-0.9833213519298967,-4.523157959437827
207940,삼성바이오로직스,2024-12-02,1423176,Buy,75,"[""삼성바이오로직스는 글로벌 CDMO(위탁개발생산) 시장의 선두 주자로서 꾸준한 수주 증가와 생산 능력 확대를 통해 성장세를 이어갈 것으로 예상됩니다."", ""최근 발표된 신규 위탁생산 계약 및 파이프라인 확장 소식은 향후 실적 개선에 대한 기대감을 높이고 있습니다."", ""바이오 의약품 시장의 지속적인 성장 전망과 더불어, 삼성바이오로직스의 기술력 및 생산 역량은 경쟁 우위를 확보하며 주가 상승을 견인할 가능성이 높습니다.""]",-0.8273045638768501,-2.792135336739799
207940,삼성바이오로직스,2025-01-02,1383439,Buy,75,"[""삼성바이오로직스는 최근 CDMO(위탁개발생산) 사업의 견조한 성장세를 바탕으로 실적 개선 기대감이 높습니다."", ""글로벌 바이오 의약품 시장의 꾸준한 성장과 더불어 주요 고객사와의 장기 계약 체결은 향후 매출 증대에 긍정적인 영향을 미칠 것으로 예상됩니다."", ""최근 주가 조정은 단기적인 수급 요인으로 해석되며, 펀더멘털 측면에서의 강점은 여전히 유효하여 시장 대비 상승 가능성이 높다고 판단됩니다.""]",6.3830064064985885,15.851078363411759
207940,삼성바이오로직스,2025-02-03,1577710,Buy,75,"[""삼성바이오로직스는 글로벌 CDMO(위탁개발생산) 시장의 선두 주자로서 견조한 성장세를 이어갈 것으로 예상됩니다."", ""최근 발표된 긍정적인 실적 발표와 신규 위탁 생산 계약 체결 소식은 주가 상승 모멘텀을 강화할 수 있습니다."", ""바이오 의약품 시장의 지속적인 성장 전망과 회사의 높은 기술력 및 생산 능력은 향후 20거래일 동안 시장 대비 우수한 성과를 기대하게 합니다.""]",9.514929866705542,6.623080287251776
207940,삼성바이오로직스,2025-03-04,1682203,Buy,75,"[""삼성바이오로직스는 최근 3분기 실적 발표에서 시장 예상치를 상회하는 견조한 실적을 기록하며 긍정적인 모멘텀을 확보했습니다."", ""글로벌 CDMO(위탁개발생산) 시장의 지속적인 성장 전망과 삼성바이오로직스의 높은 생산 능력 및 기술 경쟁력은 향후 실적 성장에 대한 기대를 높이고 있습니다."", ""최근 바이오 섹터 전반의 투자 심리가 회복되는 추세이며, 대형 제약바이오 기업으로서 시장의 주목을 받을 가능성이 높습니다.""]",-5.599264773633147,-8.136473422054294
207940,삼성바이오로직스,2025-04-01,1545331,Buy,75,"[""삼성바이오로직스는 글로벌 CDMO(위탁개발생산) 시장의 선두주자로서 지속적인 성장 모멘텀을 보유하고 있습니다."", ""최근 발표된 신규 계약 및 생산 능력 증설 계획은 향후 실적 개선에 대한 기대를 높이고 있습니다."", ""바이오 의약품 시장의 꾸준한 성장세와 더불어, 삼성바이오로직스의 기술력 및 생산 능력은 경쟁 우위를 유지할 것으로 예상됩니다.""]",-5.523800402632187,0.1905093471884017
207940,삼성바이오로직스,2025-05-02,1532085,Buy,75,"[""글로벌 CDMO 시장의 지속적인 성장 전망과 삼성바이오로직스의 높은 시장 점유율은 긍정적인 요인입니다."", ""최근 발표된 신규 공장 증설 계획 및 파이프라인 확장 소식은 향후 실적 개선에 대한 기대감을 높입니다."", ""바이오 의약품 위탁 생산 수요 증가 추세는 삼성바이오로직스의 안정적인 성장세를 뒷받침할 것으로 예상됩니다.""]",-3.4581632220144445,-2.1133292212899413
207940,삼성바이오로직스,2025-06-02,1521783,Buy,75,"[""삼성바이오로직스는 글로벌 CDMO(위탁개발생산) 시장의 선두주자로서 꾸준한 실적 성장이 예상됩니다."", ""최근 발표된 신규 위탁 생산 계약 및 파이프라인 확장 소식은 향후 매출 증대에 긍정적인 영향을 미칠 것으로 보입니다."", ""바이오 의약품 시장의 지속적인 성장 추세와 더불어, 삼성바이오로직스의 기술력 및 생산 능력은 경쟁 우위를 확보하고 있습니다.""]",-0.48351177533196255,0.9671549754465649
207940,삼성바이오로직스,2025-07-01,1484990,Buy,75,"[""삼성바이오로직스는 글로벌 CDMO 시장에서 확고한 지위를 유지하며 지속적인 성장세를 보이고 있습니다."", ""최근 발표된 신규 위탁 생산 계약 및 파이프라인 확장 소식은 향후 실적 개선에 대한 기대감을 높이고 있습니다."", ""바이오 의약품 위탁 생산 시장의 구조적인 성장과 더불어, 회사의 기술력 및 생산 능력은 경쟁 우위를 제공할 것으로 예상됩니다.""]",0.8919251981494825,8.820598118505849
207940,삼성바이오로직스,2025-08-01,1542388,Buy,75,"[""삼성바이오로직스는 글로벌 CDMO(위탁개발생산) 시장의 선두 주자로서 지속적인 수주 증가와 생산 능력 확대를 통해 성장세를 이어갈 것으로 예상됩니다."", ""최근 발표된 신규 위탁 생산 계약 및 파이프라인 강화 소식은 향후 실적 개선에 대한 기대감을 높이고 있습니다."", ""바이오 의약품 시장의 꾸준한 성장 전망과 더불어, 삼성바이오로직스의 기술력 및 생산 역량은 경쟁 우위를 확보하는 데 기여할 것입니다.""]",-1.5267234962927616,-4.866414935800849
207940,삼성바이오로직스,2025-09-01,1467329,Buy,75,"[""삼성바이오로직스는 글로벌 CDMO(위탁개발생산) 시장에서 선도적인 위치를 유지하고 있으며, 지속적인 생산 능력 확대와 신규 파이프라인 확보를 통해 성장 모멘텀을 이어갈 것으로 예상됩니다."", ""최근 발표된 긍정적인 임상 결과 및 신규 계약 소식은 단기적인 주가 상승 동력으로 작용할 수 있습니다."", ""글로벌 바이오 의약품 시장의 꾸준한 성장세와 더불어, 삼성바이오로직스의 기술력 및 생산 효율성은 경쟁사 대비 우위를 점하게 하여 시장 대비 초과 수익을 기대하게 합니다.""]",4.413188862211542,0.0
207940,삼성바이오로직스,2025-10-01,1484990,Buy,75,"[""삼성바이오로직스는 글로벌 CDMO 시장의 선두주자로서 꾸준한 수주 증가와 생산 능력 확대를 통해 성장세를 이어갈 것으로 예상됩니다."", ""최근 발표된 신규 공장 증설 계획은 향후 매출 증대에 대한 긍정적인 신호로 작용할 수 있습니다."", ""바이오 의약품 위탁 생산 시장의 높은 성장 잠재력과 삼성바이오로직스의 경쟁 우위를 고려할 때, 단기적인 시장 대비 초과 상승 가능성이 있습니다.""]",12.289375686031557,21.01091589842356
207940,삼성바이오로직스,2025-11-03,1797000,Buy,75,"[""삼성바이오로직스는 글로벌 CDMO(위탁개발생산) 시장의 선두주자로서 꾸준한 수주 증가와 생산 능력 확대를 통해 성장세를 이어갈 것으로 예상됩니다."", ""최근 발표된 3분기 실적은 시장 기대치를 상회하며 견조한 펀더멘털을 입증했고, 이는 주가 상승의 동력이 될 수 있습니다."", ""신규 공장 증설 및 기술 개발 투자는 장기적인 성장 잠재력을 높이며, 단기적으로도 투자 심리를 긍정적으로 작용할 가능성이 있습니다.""]",0.0,-7.957707289927657
207940,삼성바이오로직스,2025-12-01,1654000,Buy,75,"[""삼성바이오로직스는 글로벌 CDMO(위탁개발생산) 시장의 선두 주자로서 지속적인 성장 잠재력을 가지고 있습니다."", ""최근 발표된 3분기 실적은 시장 기대치를 상회했으며, 이는 향후 실적 개선에 대한 긍정적인 신호로 해석될 수 있습니다."", ""신규 공장 증설 및 파이프라인 확대를 통해 생산 능력과 사업 영역을 확장하고 있어 중장기적인 성장 모멘텀이 유효합니다.""]",0.36275695284159615,1.7533252720677146
068270,셀트리온,2023-01-02,146272,Buy,75,"[""셀트리온은 최근 긍정적인 임상 결과 발표와 함께 바이오시밀러 시장에서의 경쟁 우위를 재확인하며 투자 심리가 개선될 가능성이 높습니다."", ""글로벌 경기 침체 우려 속에서도 필수 의약품 수요는 꾸준히 유지될 것으로 예상되어 안정적인 실적 성장이 기대됩니다."", ""최근 외국인 투자자들의 순매수세가 유입되고 있어 단기적인 주가 상승 모멘텀으로 작용할 수 있습니다.""]",3.7737912929337125,6.541238241085101
068270,셀트리온,2023-02-01,155840,Buy,75,"[""셀트리온은 최근 긍정적인 임상 결과 발표와 바이오시밀러 시장 확대 기대감으로 상승 모멘텀을 확보했습니다."", ""글로벌 제약사들과의 파트너십 강화 및 신규 파이프라인 개발 소식이 투자 심리를 개선시키고 있습니다."", ""현재 주가 수준은 밸류에이션 측면에서 매력적인 구간으로 판단되며, 단기적인 시장 대비 초과 상승 가능성이 높습니다.""]",-2.2433264887063658,-11.098562628336756
068270,셀트리온,2023-03-02,138544,Buy,65,"[""셀트리온은 최근 3분기 실적 발표에서 시장 기대치를 상회하는 매출과 영업이익을 기록하며 긍정적인 펀더멘털을 보여주고 있습니다."", ""코로나19 항체 치료제 '렉키로나'의 글로벌 판매 호조와 함께 바이오시밀러 파이프라인의 지속적인 성장이 기대됩니다."", ""최근 외국인 투자자들의 순매수세가 유입되고 있으며, 이는 단기적인 주가 상승 모멘텀으로 작용할 수 있습니다.""]",2.7226007622127266,-0.5312391731146784
068270,셀트리온,2023-04-03,146272,Buy,75,"[""셀트리온은 최근 긍정적인 임상 결과 발표와 함께 바이오시밀러 시장에서의 경쟁 우위를 재확인하고 있습니다."", ""글로벌 경기 침체 우려 속에서도 필수 의약품에 대한 수요는 꾸준히 유지될 것으로 예상되며, 이는 셀트리온의 안정적인 매출 성장에 기여할 것입니다."", ""향후 20거래일 동안 추가적인 파이프라인 계약이나 기술 이전 소식이 나올 경우 주가 상승 모멘텀이 강화될 수 있습니다.""]",7.421105884926712,0.0
068270,셀트리온,2023-05-02,146272,Buy,75,"[""셀트리온은 최근 긍정적인 임상 결과 발표와 함께 바이오시밀러 시장에서의 경쟁 우위를 지속하고 있습니다."", ""글로벌 경기 침체 우려 속에서도 필수 의약품에 대한 수요는 꾸준히 유지될 것으로 예상되어 안정적인 실적 성장이 기대됩니다."", ""향후 20거래일 동안 신규 파이프라인에 대한 추가적인 긍정적 소식이 나올 경우 주가 상승 모멘텀이 강화될 수 있습니다.""]",6.03806606869394,9.119995624589805
068270,셀트리온,2023-06-01,159612,Neutral,50,"[""셀트리온은 최근 20거래일 동안 시장 대비 큰 변동성을 보이지 않으며 횡보하는 추세를 나타내고 있습니다."", ""회사의 주요 파이프라인인 짐펜트라의 미국 시장 출시 및 판매 성과가 향후 주가에 영향을 미칠 수 있으나, 아직 가시적인 성과가 충분히 확인되지 않았습니다."", ""글로벌 경기 침체 우려 및 금리 인상 기조가 지속될 경우 바이오 섹터 전반에 대한 투자 심리가 위축될 가능성이 있습니다.""]",-3.7465854697641783,-12.623111044282384
068270,셀트리온,2023-07-03,137901,Buy,75,"[""셀트리온은 최근 실적 개선 기대감과 함께 바이오시밀러 시장에서의 경쟁력 강화가 긍정적인 요인으로 작용하고 있습니다."", ""글로벌 경기 회복 및 의료 수요 증가 추세는 셀트리온의 주요 제품 판매에 긍정적인 영향을 미칠 것으로 예상됩니다."", ""기술적 분석상으로도 현재 주가 수준은 지지 구간에 근접해 있으며, 단기 반등 가능성이 존재합니다.""]",-2.2015793939130246,0.7331346400678748
068270,셀트리온,2023-08-01,136153,Neutral,50,"[""셀트리온은 최근 횡보하며 뚜렷한 방향성을 보이지 않고 있습니다."", ""바이오 섹터 전반의 불확실성과 거시 경제 지표의 변동성이 투자 심리에 영향을 미치고 있습니다."", ""신규 파이프라인 개발 및 임상 결과 발표 등 모멘텀이 부재한 상황에서 20거래일 내 뚜렷한 시장 대비 상승 또는 하락을 예측하기 어렵습니다.""]",4.6616673888933775,-2.770412697480041
068270,셀트리온,2023-09-01,133852,Buy,70,"[""셀트리온은 최근 3분기 실적 발표에서 시장 기대치를 상회하는 양호한 성과를 기록했습니다."", ""주요 바이오시밀러 제품들의 견조한 판매량 증가와 신규 파이프라인 개발에 대한 긍정적인 소식이 투자 심리를 개선시키고 있습니다."", ""글로벌 경기 침체 우려 속에서도 필수 의약품 수요는 꾸준히 유지될 것으로 예상되며, 이는 셀트리온의 안정적인 매출 기반을 뒷받침할 것입니다.""]",2.612587036428294,-5.841526462062577
068270,셀트리온,2023-10-04,121250,Neutral,50,"[""셀트리온은 최근 20거래일 동안 시장 대비 약보합세를 보이며 뚜렷한 방향성을 나타내지 않고 있습니다."", ""바이오시밀러 시장 경쟁 심화 및 신약 개발 파이프라인의 불확실성이 투자 심리에 영향을 미치고 있습니다."", ""향후 20거래일 동안 특별한 모멘텀이 발생하지 않는다면 현재의 박스권 흐름이 이어질 가능성이 높습니다.""]",9.18020618556701,13.73278350515464
068270,셀트리온,2023-11-01,137808,Neutral,50,"[""셀트리온은 최근 횡보세를 보이며 뚜렷한 방향성을 나타내지 않고 있습니다."", ""바이오 섹터 전반의 불확실성과 거시 경제 지표의 변동성이 투자 심리에 영향을 미칠 수 있습니다."", ""신규 파이프라인 및 임상 결과 발표 등 모멘텀이 발생할 경우 주가 변동성이 커질 수 있으나, 현재로서는 명확한 상승 또는 하락 신호가 부족합니다.""]",5.474283060489957,8.745500986880298
068270,셀트리온,2023-12-01,149584,Neutral,50,"[""최근 셀트리온은 합병 이슈와 함께 주가 변동성이 확대되는 모습을 보이고 있습니다."", ""하지만 합병 이후의 구체적인 사업 계획 및 시너지 효과에 대한 시장의 불확실성이 여전히 존재합니다."", ""글로벌 경기 침체 우려와 금리 인상 기조가 지속되면서 바이오 섹터 전반에 대한 투자 심리가 위축될 가능성도 배제할 수 없습니다.""]",9.286421007594395,34.07115734303134
068270,셀트리온,2024-01-02,212969,Buy,75,"[""최근 셀트리온은 바이오시밀러 시장에서의 경쟁력 강화와 신규 파이프라인 개발에 대한 기대감으로 주가 반등 가능성을 보여주고 있습니다."", ""글로벌 제약 시장의 회복세와 함께 셀트리온의 주요 제품 수요 증가가 예상되며, 이는 실적 개선으로 이어질 수 있습니다."", ""기술적 분석상으로도 현재 주가 수준은 지지 구간에 근접해 있으며, 단기적인 기술적 반등을 기대해볼 수 있는 구간입니다.""]",-11.01521817729341,-22.376026557855837
068270,셀트리온,2024-02-01,169271,Neutral,50,"[""셀트리온은 최근 20거래일 동안 시장 대비 큰 변동성을 보이지 않고 횡보하는 추세를 나타내고 있습니다."", ""바이오시밀러 시장의 경쟁 심화와 신약 개발 파이프라인의 불확실성이 투자 심리에 영향을 미칠 수 있습니다."", ""향후 20거래일 동안 특별한 모멘텀이 발생하지 않는다면 현재의 방향성 없는 흐름이 지속될 가능성이 있습니다.""]",1.9022750500676429,-1.8479243343514247
068270,셀트리온,2024-03-04,161728,Buy,75,"[""셀트리온은 최근 긍정적인 임상 결과 발표 및 신규 파이프라인에 대한 기대감으로 투자 심리가 개선될 가능성이 있습니다."", ""글로벌 바이오 의약품 시장의 성장세와 더불어 셀트리온의 주요 제품들의 시장 점유율 확대가 예상됩니다."", ""현재 주가 수준은 밸류에이션 매력이 부각될 수 있는 구간으로, 단기적인 기술적 반등 가능성도 존재합니다.""]",3.355634151167392,4.550232489117531
068270,셀트리온,2024-04-01,169087,Buy,75,"[""최근 셀트리온의 주가는 횡보세를 보이고 있으나, 바이오시밀러 시장의 성장성과 신규 파이프라인에 대한 기대감이 존재합니다."", ""글로벌 경기 침체 우려에도 불구하고, 필수 의약품인 바이오시밀러는 상대적으로 수요가 견조할 것으로 예상됩니다."", ""향후 20거래일 내에 긍정적인 임상 결과 발표나 규제 승인 소식이 있을 경우 주가 상승 모멘텀이 강화될 수 있습니다.""]",-1.3602465003223194,2.0131648204770323
068270,셀트리온,2024-05-02,173871,Neutral,50,"[""셀트리온은 최근 횡보세를 보이며 뚜렷한 방향성을 나타내지 않고 있습니다."", ""글로벌 경기 침체 우려와 금리 인상 기조가 투자 심리에 부담으로 작용할 수 있습니다."", ""하지만 바이오시밀러 시장에서의 경쟁력과 신약 개발 모멘텀은 잠재적인 상승 요인으로 작용할 수 있습니다.""]",0.9524302500129407,-0.47621512500647034
068270,셀트리온,2024-06-03,173043,Buy,75,"[""셀트리온은 최근 긍정적인 임상 결과 발표와 바이오시밀러 시장 확대 기대감으로 인해 투자 심리가 개선될 가능성이 높습니다."", ""글로벌 제약사들의 인수합병(M&A) 움직임 속에서 셀트리온의 기술력과 파이프라인이 재평가받을 수 있습니다."", ""현재 주가 수준은 단기적인 하락세를 반영하고 있으며, 향후 실적 개선 및 신규 파이프라인 모멘텀에 따라 상승 여력이 충분하다고 판단됩니다.""]",-0.2658298804343429,-3.349456493472721
068270,셀트리온,2024-07-01,169731,Neutral,50,"[""셀트리온은 최근 횡보세를 보이며 뚜렷한 방향성을 나타내지 않고 있습니다."", ""바이오 섹터 전반의 불확실성과 거시 경제 지표의 변동성이 투자 심리에 영향을 미칠 수 있습니다."", ""신규 파이프라인 개발 및 임상 결과 발표 등 모멘텀이 발생할 경우 주가 상승 가능성도 존재하나, 현재로서는 이를 뒷받침할 명확한 근거가 부족합니다.""]",1.4634922318256536,13.279247750852821
068270,셀트리온,2024-08-01,178102,Buy,75,"[""최근 3개월간의 주가 흐름과 거래량 분석 결과, 하락 추세에서 벗어나 상승 전환 가능성이 높아지고 있습니다."", ""회사의 3분기 실적이 시장 기대치를 상회하며, 4분기에도 견조한 실적을 이어갈 것으로 예상됩니다."", ""바이오시밀러 시장의 성장성과 셀트리온의 경쟁력 있는 파이프라인을 고려할 때, 향후 20거래일 동안 시장 대비 초과 상승을 기대할 수 있습니다.""]",1.2397390259514212,1.8079527461791558
068270,셀트리온,2024-09-02,181231,Neutral,50,"[""셀트리온의 최근 주가 흐름은 뚜렷한 방향성을 보이지 않고 있으며, 시장 전반의 불확실성 또한 높은 상황입니다."", ""바이오 섹터 내에서도 개별 기업의 실적 및 파이프라인 진행 상황에 따라 주가 변동성이 나타날 수 있어 단기적인 시장 대비 상승 또는 하락을 예측하기 어렵습니다."", ""향후 20거래일 동안의 투자 방향을 명확히 판단할 만한 강력한 매수 또는 매도 신호가 현재로서는 부족합니다.""]",-0.6097190877940308,-2.944308644768279
068270,셀트리온,2024-10-02,177275,Buy,75,"[""셀트리온은 최근 3분기 실적 발표에서 시장 기대치를 상회하는 매출과 영업이익을 기록하며 긍정적인 펀더멘털을 보여주고 있습니다."", ""주요 바이오시밀러 제품들의 견조한 판매량과 신규 파이프라인에 대한 기대감이 주가 상승 모멘텀으로 작용할 가능성이 높습니다."", ""최근 외국인 투자자들의 매수세가 유입되고 있으며, 이는 단기적인 주가 상승을 뒷받침할 수 있는 요인입니다.""]",1.6082357918488226,-2.750528839373854
068270,셀트리온,2024-11-01,172399,Buy,75,"[""셀트리온은 최근 긍정적인 임상 결과 발표 및 신규 파이프라인에 대한 기대감으로 투자 심리가 개선될 가능성이 높습니다."", ""글로벌 바이오시밀러 시장의 성장세와 더불어 셀트리온의 경쟁력 있는 제품 포트폴리오가 주가 상승 동력으로 작용할 수 있습니다."", ""최근 외국인 투자자들의 순매수세가 유입되고 있어 단기적인 주가 상승 모멘텀을 기대해 볼 수 있습니다.""]",-7.0974889645531585,-1.4942082030638228
068270,셀트리온,2024-12-02,171939,Buy,75,"[""셀트리온은 최근 실적 개선 기대감과 바이오시밀러 시장에서의 경쟁력 강화로 인해 투자 심리가 긍정적으로 작용하고 있습니다."", ""글로벌 경기 회복 및 주요 국가들의 백신 접종 확대는 바이오 의약품 수요 증가로 이어져 셀트리온의 실적에 긍정적인 영향을 줄 수 있습니다."", ""최근 주가 하락 후 기술적 반등 가능성이 있으며, 기관 및 외국인 투자자들의 매수세가 유입될 경우 상승 탄력을 받을 수 있습니다.""]",-2.5683527297471778,1.341173323097145
068270,셀트리온,2025-01-02,174245,Neutral,55,"[""셀트리온은 최근 횡보세를 보이며 뚜렷한 방향성을 나타내지 않고 있습니다."", ""바이오 섹터 전반의 불확실성과 금리 인상 가능성은 주가 상승에 부담으로 작용할 수 있습니다."", ""하지만 하반기 신규 파이프라인 및 바이오시밀러 판매 성과에 대한 기대감은 하락을 제한하는 요인으로 작용할 수 있습니다.""]",2.321443943872134,0.05509483772848575
068270,셀트리온,2025-02-03,170873,Buy,75,"[""최근 셀트리온은 주요 바이오시밀러의 미국 허가 및 판매 승인 기대감으로 인해 투자 심리가 개선되고 있습니다."", ""회사의 3분기 실적이 시장 예상치를 상회하며 재무 건전성을 입증했고, 이는 주가 상승의 긍정적인 요인으로 작용할 수 있습니다."", ""글로벌 경기 침체 우려 속에서도 바이오 섹터는 상대적으로 방어적인 성격을 가지며, 셀트리온의 안정적인 파이프라인은 투자 매력도를 높입니다.""]",1.2968696049112498,4.11533712172198
068270,셀트리온,2025-03-04,177905,Neutral,50,"[""셀트리온은 최근 횡보세를 보이며 뚜렷한 방향성을 제시하지 않고 있습니다."", ""바이오 섹터 전반의 불확실성과 거시 경제 지표의 변동성이 투자 심리에 영향을 미칠 수 있습니다."", ""단기적인 시장 대비 상승 또는 하락을 단정하기 어려운 상황으로, 추가적인 시장 동향 및 기업 관련 뉴스를 관찰할 필요가 있습니다.""]",1.1910851297040554,-8.12118827464096
068270,셀트리온,2025-04-01,163457,Neutral,50,"[""셀트리온은 최근 20거래일 동안 시장 대비 변동성이 크지 않은 흐름을 보이고 있습니다."", ""바이오시밀러 시장의 경쟁 심화와 신약 개발 파이프라인의 불확실성이 투자 심리에 영향을 미칠 수 있습니다."", ""향후 20거래일 동안 특별한 모멘텀이 발생하지 않는다면 현재의 박스권 흐름이 이어질 가능성이 있습니다.""]",-8.957095749952588,-4.949925668524443
068270,셀트리온,2025-05-02,154403,Buy,75,"[""최근 셀트리온은 바이오시밀러 시장에서의 경쟁력 강화와 신규 파이프라인 개발에 대한 긍정적인 소식들이 투자 심리를 개선시키고 있습니다."", ""글로벌 경기 침체 우려 속에서도 필수 의약품 수요는 꾸준히 유지될 것으로 예상되어 안정적인 실적 성장이 기대됩니다."", ""기술적 분석상으로도 현재 주가는 주요 지지선 부근에서 반등 가능성을 보여주고 있으며, 거래량 증가와 함께 상승 추세로 전환될 여지가 있습니다.""]",-3.7434505806234335,1.7467277190210035
068270,셀트리온,2025-06-02,154595,Buy,75,"[""셀트리온은 최근 긍정적인 임상 결과 발표와 함께 바이오시밀러 시장에서의 경쟁력 강화가 예상됩니다."", ""글로벌 경기 회복 기대감과 함께 제약/바이오 섹터 전반에 대한 투자 심리가 개선될 가능성이 있습니다."", ""현재 주가 수준은 밸류에이션 측면에서 매력적인 구간으로 판단되며, 기관 투자자들의 매수세 유입이 기대됩니다.""]",6.018952747501536,11.452504932242311
068270,셀트리온,2025-07-01,168900,Buy,75,"[""셀트리온은 최근 긍정적인 임상 결과 발표와 함께 바이오시밀러 시장에서의 경쟁 우위를 재확인하고 있습니다."", ""글로벌 경기 회복 기대감과 함께 제약/바이오 섹터 전반에 대한 투자 심리가 개선될 가능성이 있습니다."", ""현재 주가 수준은 펀더멘탈 대비 저평가되었다는 분석이 있으며, 단기적인 기술적 반등 가능성도 존재합니다.""]",4.262877442273535,6.631142687981054
068270,셀트리온,2025-08-01,173900,Buy,75,"[""셀트리온은 최근 3분기 실적 발표에서 시장 기대치를 상회하는 견조한 매출 성장세를 기록하며 투자 심리를 개선시켰습니다."", ""주요 바이오시밀러 제품들의 글로벌 판매 호조와 신규 파이프라인의 임상 진행 상황이 긍정적인 모멘텀으로 작용할 것으로 예상됩니다."", ""최근 외국인 투자자들의 순매수세가 유입되고 있어 단기적인 주가 상승 가능성이 높다고 판단됩니다.""]",-0.5175388154111558,-1.5526164462334675
068270,셀트리온,2025-09-01,171200,Buy,75,"[""셀트리온은 최근 3분기 실적 발표에서 시장 기대치를 상회하는 견조한 매출 성장을 기록하며 투자 심리를 개선시켰습니다."", ""주요 바이오시밀러 제품들의 글로벌 판매 호조와 신규 파이프라인에 대한 긍정적인 임상 결과 발표 가능성이 주가 상승 모멘텀으로 작용할 것으로 예상됩니다."", ""최근 외국인 투자자들의 순매수세가 유입되고 있으며, 이는 단기적인 주가 상승을 뒷받침할 수 있는 요인입니다.""]",-0.9929906542056074,1.2850467289719625
068270,셀트리온,2025-10-01,175400,Buy,75,"[""최근 셀트리온은 바이오시밀러 시장에서의 경쟁 우위를 바탕으로 실적 개선에 대한 기대감이 높아지고 있습니다."", ""신규 파이프라인 개발 및 기술 이전 등 성장 모멘텀이 부각될 가능성이 있습니다."", ""전반적인 시장 분위기가 바이오 섹터에 우호적으로 전환될 경우, 셀트리온의 주가 상승 탄력이 강화될 수 있습니다.""]",0.34207525655644244,-0.3990877993158495
068270,셀트리온,2025-11-03,176300,Buy,75,"[""셀트리온은 최근 긍정적인 임상 결과 발표와 신규 파이프라인에 대한 기대감으로 주가 상승 모멘텀을 확보하고 있습니다."", ""글로벌 바이오시밀러 시장의 성장세와 더불어 셀트리온의 주요 제품들이 견조한 판매량을 유지하며 실적 개선이 예상됩니다."", ""최근 외국인 투자자들의 순매수세가 유입되고 있어 단기적인 주가 상승을 뒷받침할 가능성이 높습니다.""]",-1.9852524106636416,4.480998298355077
068270,셀트리온,2025-12-01,184200,Buy,75,"[""최근 셀트리온은 바이오시밀러 시장에서의 경쟁 우위를 바탕으로 꾸준한 실적 개선세를 보이고 있습니다."", ""신규 파이프라인 개발 및 기술 이전 등 성장 모멘텀이 지속적으로 확보되고 있으며, 이는 향후 주가 상승에 긍정적인 영향을 미칠 것으로 예상됩니다."", ""글로벌 경기 침체 우려 속에서도 필수 의약품에 대한 수요는 안정적으로 유지될 가능성이 높아, 경기 방어적인 성격도 일부 보유하고 있습니다.""]",1.6829533116178068,9.93485342019544
373220,LG에너지솔루션,2023-01-02,440500,Neutral,55,"[""LG에너지솔루션은 전기차 시장 성장과 배터리 기술력에 대한 기대감으로 상승 모멘텀을 유지하고 있으나, 최근 글로벌 경기 둔화 우려와 경쟁 심화로 인한 수익성 악화 가능성이 투자 심리에 부담으로 작용하고 있습니다."", ""주요 고객사의 전기차 생산량 조절 및 재고 부담 증가 가능성은 LG에너지솔루션의 단기 실적에 부정적인 영향을 미칠 수 있습니다."", ""하지만 장기적인 관점에서 전기차 시장의 구조적인 성장과 에너지 저장 시스템(ESS) 시장 확대는 긍정적인 요인으로 작용할 수 있으며, 신규 수주 및 기술 개발 성과에 따라 주가 변동성이 나타날 수 있습니다.""]",7.491486946651532,20.998864926220204
373220,LG에너지솔루션,2023-02-01,533000,Neutral,55,"[""LG에너지솔루션은 전기차 배터리 시장의 성장 잠재력과 글로벌 점유율 확대로 긍정적인 전망을 가지고 있습니다."", ""하지만 최근 원자재 가격 변동성, 경쟁 심화, 금리 인상 가능성 등 거시 경제적 불확실성이 주가에 부담으로 작용할 수 있습니다."", ""단기적으로는 20거래일 내 뚜렷한 방향성을 예측하기 어려운 구간으로, 시장 전반의 흐름과 주요 경제 지표 발표를 주시하며 신중한 접근이 필요합니다.""]",3.189493433395872,0.9380863039399625
373220,LG에너지솔루션,2023-03-02,538000,Neutral,55,"[""LG에너지솔루션은 글로벌 전기차 시장 성장과 배터리 수요 증가에 대한 기대감이 여전히 존재합니다."", ""하지만 최근 원자재 가격 변동성, 경쟁 심화, 금리 인상 가능성 등 거시 경제 불확실성이 주가에 부담으로 작용할 수 있습니다."", ""단기적으로 뚜렷한 상승 또는 하락 모멘텀을 찾기 어려워 보이며, 시장 전반의 흐름과 개별적인 뉴스에 따라 변동성이 나타날 수 있습니다.""]",2.41635687732342,8.550185873605948
373220,LG에너지솔루션,2023-04-03,575000,Buy,75,"[""글로벌 전기차 시장의 지속적인 성장 전망과 LG에너지솔루션의 선도적인 기술력 및 생산 능력은 향후 주가 상승의 강력한 동력이 될 것으로 예상됩니다."", ""최근 발표된 주요 완성차 업체와의 대규모 배터리 공급 계약은 실적 개선에 대한 기대감을 높이며 주가에 긍정적인 영향을 미칠 가능성이 큽니다."", ""원자재 가격 안정화 및 판가 인상 가능성은 수익성 개선에 기여하여 투자 심리를 회복시킬 수 있습니다.""]",6.086956521739131,-1.391304347826087
373220,LG에너지솔루션,2023-05-02,567000,Buy,75,"[""글로벌 전기차 시장의 꾸준한 성장세와 LG에너지솔루션의 경쟁력 있는 기술력 및 생산 능력은 향후 주가 상승의 긍정적인 요인으로 작용할 것으로 예상됩니다."", ""최근 발표된 주요 고객사와의 장기 공급 계약 및 신규 공장 증설 계획은 실적 개선에 대한 기대감을 높이며 투자 심리를 자극할 수 있습니다."", ""전반적인 시장 환경이 금리 인상 속도 조절 및 인플레이션 완화 기대감으로 인해 기술주 및 성장주에 우호적으로 변화하고 있어, LG에너지솔루션 또한 이러한 흐름에 동참할 가능성이 있습니다.""]",-2.4691358024691357,3.7037037037037033
373220,LG에너지솔루션,2023-06-01,588000,Neutral,50,"[""LG에너지솔루션은 글로벌 전기차 시장 성장과 함께 꾸준한 수주 모멘텀을 확보하고 있으나, 최근 원자재 가격 변동성과 경쟁 심화에 대한 우려가 공존하고 있습니다."", ""단기적으로는 20거래일이라는 짧은 기간 동안 시장 대비 뚜렷한 방향성을 예측하기 어려운 상황이며, 거시 경제 지표 및 글로벌 배터리 산업 동향에 대한 추가적인 분석이 필요합니다."", ""현재 주가 수준에서 밸류에이션 부담과 성장 기대감이 혼재되어 있어, 명확한 매수 또는 매도 신호를 보내기에는 판단 근거가 다소 부족합니다.""]",4.081632653061225,-2.5510204081632653
373220,LG에너지솔루션,2023-07-03,569000,Buy,75,"[""글로벌 전기차 시장의 꾸준한 성장세와 LG에너지솔루션의 높은 시장 점유율은 긍정적인 요인입니다."", ""최근 발표된 신규 수주 및 파트너십 강화 소식은 향후 실적 개선에 대한 기대감을 높이고 있습니다."", ""경쟁사 대비 기술력 및 생산 능력 우위를 바탕으로 시장의 관심이 지속될 가능성이 높습니다.""]",-3.3391915641476277,-2.10896309314587
373220,LG에너지솔루션,2023-08-01,544000,Buy,75,"[""글로벌 전기차 시장의 지속적인 성장세와 LG에너지솔루션의 높은 시장 점유율은 긍정적인 요인입니다."", ""최근 발표된 주요 완성차 업체와의 대규모 배터리 공급 계약은 향후 실적 개선에 대한 기대감을 높이고 있습니다."", ""원자재 가격 안정화 및 생산 효율성 증대 노력은 수익성 개선에 기여할 것으로 예상됩니다.""]",1.6544117647058825,0.0
373220,LG에너지솔루션,2023-09-01,530000,Neutral,50,"[""LG에너지솔루션은 전기차 시장 성장과 배터리 기술력에 대한 기대감으로 상승 여력이 있으나, 최근 주가 상승에 따른 밸류에이션 부담과 글로벌 경기 불확실성이 하락 압력으로 작용할 수 있습니다."", ""경쟁사들의 기술 개발 및 시장 점유율 확대 경쟁이 심화되고 있어 향후 실적 변동성이 나타날 수 있습니다."", ""단기적인 시장 수급 및 거시 경제 지표 변화에 따라 주가 방향성이 유동적일 것으로 판단됩니다.""]",-4.150943396226415,-12.452830188679245
373220,LG에너지솔루션,2023-10-04,467500,Neutral,50,"[""LG에너지솔루션은 전기차 시장 성장과 함께 장기적인 성장 잠재력을 가지고 있으나, 단기적으로는 글로벌 경기 둔화 우려와 경쟁 심화로 인한 변동성이 예상됩니다."", ""최근 주가 흐름은 뚜렷한 방향성을 보이지 않고 있으며, 시장 전반의 불확실성이 투자 심리에 영향을 미치고 있습니다."", ""향후 20거래일 동안의 구체적인 시장 상황 변화나 기업 관련 주요 뉴스 발표에 따라 주가 방향성이 달라질 수 있어 신중한 접근이 필요합니다.""]",3.5294117647058822,-14.010695187165775
373220,LG에너지솔루션,2023-11-01,391500,Buy,75,"[""LG에너지솔루션은 글로벌 전기차 시장 성장과 함께 배터리 수요 증가 수혜가 예상됩니다."", ""최근 주요 완성차 업체들과의 장기 공급 계약 체결 소식은 실적 개선 기대감을 높이고 있습니다."", ""기술력과 생산 능력을 바탕으로 경쟁 우위를 유지하며 시장 점유율을 확대할 가능성이 높습니다.""]",9.578544061302683,16.091954022988507
373220,LG에너지솔루션,2023-12-01,430000,Neutral,55,"[""LG에너지솔루션은 전기차 시장 성장과 배터리 수요 증가라는 긍정적인 거시 경제 환경에 놓여 있습니다."", ""하지만 최근 글로벌 인플레이션 우려와 금리 인상 가능성은 성장주 전반에 대한 투자 심리를 위축시킬 수 있는 요인입니다."", ""또한, 경쟁 심화 및 원자재 가격 변동성은 수익성에 대한 불확실성을 야기할 수 있어 단기적인 방향성 판단이 어렵습니다.""]",-0.3488372093023256,-2.558139534883721
373220,LG에너지솔루션,2024-01-02,416000,Neutral,55,"[""LG에너지솔루션은 전기차 배터리 시장의 성장 잠재력과 글로벌 점유율 확대로 긍정적인 전망을 가지고 있습니다."", ""하지만 최근 원자재 가격 변동성, 경쟁 심화, 주요 고객사의 재고 조정 가능성 등은 단기적인 주가 변동성을 야기할 수 있습니다."", ""현재 시장 전반의 불확실성과 거시 경제 지표의 영향으로 인해 20거래일 내 뚜렷한 방향성을 예측하기 어렵습니다.""]",-1.3221153846153846,-8.413461538461538
373220,LG에너지솔루션,2024-02-01,387500,Buy,75,"[""글로벌 전기차 시장의 지속적인 성장세와 LG에너지솔루션의 경쟁력 있는 기술력 및 생산 능력이 긍정적인 주가 흐름을 뒷받침할 것으로 예상됩니다."", ""최근 주요 완성차 업체들과의 대규모 배터리 공급 계약 체결 소식은 향후 실적 개선에 대한 기대감을 높이며 주가 상승 모멘텀으로 작용할 가능성이 큽니다."", ""원자재 가격 안정화 및 공급망 이슈 완화는 수익성 개선에 기여하여 투자 심리를 회복시키는 요인이 될 수 있습니다.""]",1.5483870967741935,-0.12903225806451613
373220,LG에너지솔루션,2024-03-04,387500,Buy,75,"[""글로벌 전기차 시장의 꾸준한 성장세와 LG에너지솔루션의 시장 점유율 확대가 긍정적인 요인으로 작용할 것으로 예상됩니다."", ""최근 발표된 주요 고객사와의 장기 공급 계약은 안정적인 매출 확보와 더불어 향후 실적 개선에 대한 기대감을 높이고 있습니다."", ""신규 배터리 기술 개발 및 생산 능력 확대를 위한 투자가 지속적으로 이루어지고 있어 미래 성장 동력 확보에 긍정적인 전망을 제시합니다.""]",8.258064516129032,1.4193548387096775
373220,LG에너지솔루션,2024-04-01,393000,Buy,75,"[""글로벌 전기차 시장의 지속적인 성장 전망과 LG에너지솔루션의 높은 시장 점유율은 긍정적인 요인입니다."", ""최근 발표된 신규 수주 및 파트너십 관련 소식들은 향후 실적 개선에 대한 기대감을 높이고 있습니다."", ""전반적인 기술주 섹터의 회복세와 함께 배터리 산업에 대한 투자 심리가 개선될 가능성이 있습니다.""]",-4.8346055979643765,-1.0178117048346056
373220,LG에너지솔루션,2024-05-02,391000,Buy,75,"[""글로벌 전기차 시장의 꾸준한 성장세와 LG에너지솔루션의 경쟁력 있는 기술력 및 생산 능력은 향후 주가 상승을 뒷받침할 것으로 예상됩니다."", ""최근 발표된 주요 고객사와의 장기 공급 계약 및 신규 공장 증설 계획은 실적 개선에 대한 기대감을 높이고 있습니다."", ""배터리 기술 혁신 및 차세대 배터리 개발에 대한 지속적인 투자는 미래 성장 동력 확보 측면에서 긍정적인 신호입니다.""]",-2.4296675191815855,-13.938618925831204
373220,LG에너지솔루션,2024-06-03,336500,Neutral,50,"[""LG에너지솔루션은 전기차 시장 성장과 함께 장기적인 성장 잠재력을 가지고 있으나, 단기적으로는 글로벌 금리 인상 및 인플레이션 우려로 인한 투자 심리 위축이 주가에 부담으로 작용할 수 있습니다."", ""최근 발표된 주요 고객사들의 전기차 생산량 전망치 조정 및 배터리 가격 변동성 확대 가능성은 단기적인 주가 방향성을 예측하기 어렵게 만드는 요인입니다."", ""하지만, 회사의 기술력과 시장 지배력은 여전히 견고하며, 장기적인 관점에서는 긍정적인 전망을 유지할 수 있어 20거래일 내 뚜렷한 방향성을 판단하기에는 불확실성이 존재합니다.""]",4.457652303120357,6.389301634472511
373220,LG에너지솔루션,2024-07-01,343500,Buy,75,"[""글로벌 전기차 시장의 지속적인 성장 전망과 LG에너지솔루션의 높은 시장 점유율은 긍정적인 요인입니다."", ""최근 발표된 신규 수주 및 파트너십 관련 뉴스는 향후 실적 개선에 대한 기대감을 높이고 있습니다."", ""경쟁사 대비 기술력 및 생산 능력 우위는 시장 내에서 강력한 경쟁력을 유지할 것으로 예상됩니다.""]",5.676855895196507,-3.056768558951965
373220,LG에너지솔루션,2024-08-01,336000,Neutral,50,"[""LG에너지솔루션은 전기차 시장 성장과 배터리 기술력에 대한 기대감으로 상승 여력이 있으나, 최근 주가 상승에 따른 밸류에이션 부담과 글로벌 경기 둔화 우려가 하락 압력으로 작용할 수 있습니다."", ""경쟁 심화 및 원자재 가격 변동성 또한 실적에 영향을 미칠 수 있는 요인으로, 단기적인 시장 대비 명확한 방향성을 예측하기 어렵습니다."", ""향후 20거래일 동안의 구체적인 시장 상황 변화, 신규 수주 소식, 경쟁사 동향 등을 종합적으로 고려해야 보다 명확한 투자 판단이 가능할 것으로 보입니다.""]",-4.166666666666666,22.61904761904762
373220,LG에너지솔루션,2024-09-02,411000,Buy,75,"[""글로벌 전기차 시장의 꾸준한 성장세와 LG에너지솔루션의 선도적인 기술력 및 생산 능력이 향후 주가 상승을 견인할 것으로 예상됩니다."", ""최근 발표된 신규 수주 소식 및 파트너십 강화는 실적 개선에 대한 기대감을 높이며 긍정적인 모멘텀을 제공하고 있습니다."", ""원자재 가격 안정화 및 공급망 이슈 완화는 수익성 개선에 기여할 수 있으며, 이는 투자 심리 회복으로 이어질 가능성이 높습니다.""]",-7.664233576642336,6.204379562043796
373220,LG에너지솔루션,2024-10-02,403500,Neutral,50,"[""LG에너지솔루션은 전기차 시장 성장과 배터리 기술력에 대한 기대감으로 상승 모멘텀을 가지고 있으나, 최근 글로벌 경기 둔화 우려와 경쟁 심화로 인한 불확실성도 상존합니다."", ""주요 고객사의 전기차 판매량 추이와 신규 배터리 기술 개발 및 상용화 속도가 향후 주가 방향에 중요한 변수로 작용할 것입니다."", ""단기적으로는 20거래일 내 뚜렷한 시장 대비 상승 또는 하락을 단정하기 어려운 상황으로, 추가적인 시장 동향 및 기업 관련 뉴스를 관망할 필요가 있습니다.""]",0.6195786864931847,5.5762081784386615
373220,LG에너지솔루션,2024-11-01,426000,Neutral,50,"[""LG에너지솔루션은 전기차 배터리 시장의 성장 잠재력과 높은 기술력을 보유하고 있으나, 최근 글로벌 경기 둔화 우려와 경쟁 심화로 인해 단기적인 주가 변동성이 확대될 수 있습니다."", ""주요 고객사의 전기차 생산량 변화 및 신규 배터리 기술 개발 동향이 주가에 영향을 미칠 수 있으며, 이는 향후 20거래일 내 명확한 방향성을 예측하기 어렵게 만듭니다."", ""현재 주가는 밸류에이션 측면에서 다소 높은 수준으로 평가될 수 있어, 추가적인 상승 모멘텀 확보를 위해서는 긍정적인 실적 발표나 시장 환경 개선이 필요합니다.""]",-2.3474178403755865,-8.098591549295776
373220,LG에너지솔루션,2024-12-02,397000,Buy,75,"[""글로벌 전기차 시장의 지속적인 성장세와 LG에너지솔루션의 주요 고객사들의 생산량 증대 계획이 긍정적인 영향을 미칠 것으로 예상됩니다."", ""최근 발표된 신규 수주 및 파트너십 강화 소식은 향후 실적 개선에 대한 기대감을 높이고 있습니다."", ""배터리 기술 혁신 및 생산 능력 확장에 대한 투자가 지속적으로 이루어지고 있어 장기적인 성장 동력을 확보하고 있습니다.""]",-3.022670025188917,-10.327455919395465
373220,LG에너지솔루션,2025-01-02,356000,Buy,75,"[""글로벌 전기차 시장의 꾸준한 성장세와 LG에너지솔루션의 경쟁력 있는 기술력 및 생산 능력이 긍정적인 영향을 미칠 것으로 예상됩니다."", ""최근 발표된 주요 고객사와의 장기 공급 계약 및 신규 공장 증설 계획은 향후 실적 성장에 대한 기대감을 높이고 있습니다."", ""전반적인 시장 분위기가 기술주 및 성장주에 우호적으로 전환될 가능성이 있으며, 이는 LG에너지솔루션 주가에 긍정적인 모멘텀으로 작용할 수 있습니다.""]",-2.106741573033708,-3.932584269662921
373220,LG에너지솔루션,2025-02-03,333000,Neutral,50,"[""LG에너지솔루션은 전기차 시장 성장과 배터리 기술력에 대한 기대감이 있으나, 최근 주가 변동성이 크고 글로벌 경기 침체 우려가 투자 심리에 영향을 미치고 있습니다."", ""경쟁 심화 및 원자재 가격 변동성 또한 수익성에 부담으로 작용할 수 있는 요인입니다."", ""단기적인 20거래일 내 시장 대비 뚜렷한 상승 또는 하락을 예측하기에는 불확실성이 존재합니다.""]",3.003003003003003,0.3003003003003003
373220,LG에너지솔루션,2025-03-04,334000,Buy,75,"[""글로벌 전기차 시장의 지속적인 성장 전망과 LG에너지솔루션의 높은 시장 점유율은 긍정적인 요인입니다."", ""최근 배터리 기술 혁신 및 신규 수주 소식은 향후 실적 개선에 대한 기대감을 높이고 있습니다."", ""전반적인 시장 상황이 기술주 및 성장주에 우호적으로 전환될 가능성이 있으며, 이는 LG에너지솔루션 주가에 긍정적인 영향을 줄 수 있습니다.""]",4.341317365269461,-1.4970059880239521
373220,LG에너지솔루션,2025-04-01,329000,Buy,75,"[""글로벌 전기차 시장의 지속적인 성장 전망과 LG에너지솔루션의 선도적인 기술력 및 생산 능력이 긍정적인 영향을 미칠 것으로 예상됩니다."", ""최근 주요 완성차 업체들과의 장기 공급 계약 체결 소식은 향후 실적 개선에 대한 기대감을 높이고 있습니다."", ""증권사들의 목표 주가 상향 조정 및 투자의견 상향은 단기적인 주가 상승 모멘텀을 강화할 수 있습니다.""]",-4.5592705167173255,-1.3677811550151975
373220,LG에너지솔루션,2025-05-02,322500,Buy,75,"[""글로벌 전기차 시장의 꾸준한 성장세와 LG에너지솔루션의 경쟁력 있는 기술력 및 생산 능력이 긍정적인 주가 흐름을 뒷받침할 것으로 예상됩니다."", ""최근 2차전지 관련 산업에 대한 투자 심리가 회복되고 있으며, 주요 고객사들의 신규 계약 및 증설 계획 발표는 실적 개선에 대한 기대감을 높이고 있습니다."", ""단기적인 시장 변동성에도 불구하고, 장기적인 성장 잠재력과 밸류에이션 매력을 고려할 때 20거래일 내 시장 대비 상승 가능성이 높다고 판단됩니다.""]",-2.7906976744186047,-9.767441860465116
373220,LG에너지솔루션,2025-06-02,288500,Neutral,55,"[""LG에너지솔루션은 전기차 시장 성장과 함께 장기적인 성장 잠재력을 가지고 있습니다."", ""최근 주가 변동성이 크고, 글로벌 경기 침체 우려 및 경쟁 심화 가능성이 투자 심리에 영향을 미칠 수 있습니다."", ""단기적인 20거래일 내 시장 대비 명확한 상승 또는 하락 추세를 판단하기에는 불확실성이 존재합니다.""]",5.37261698440208,10.398613518197573
373220,LG에너지솔루션,2025-07-01,302500,Neutral,50,"[""LG에너지솔루션은 글로벌 전기차 시장 성장과 함께 꾸준한 수주 모멘텀을 기대할 수 있습니다."", ""하지만 최근 원자재 가격 변동성 및 경쟁 심화 가능성은 주가에 부담 요인으로 작용할 수 있습니다."", ""현재 시장 전반의 불확실성과 개별 기업의 뚜렷한 상승 또는 하락 모멘텀이 강하게 나타나지 않아 중립적인 관점을 유지합니다.""]",0.8264462809917356,29.91735537190083
373220,LG에너지솔루션,2025-08-01,375500,Buy,75,"[""글로벌 전기차 시장의 지속적인 성장 전망과 LG에너지솔루션의 주요 고객사들의 판매량 증가가 긍정적인 영향을 미칠 것으로 예상됩니다."", ""최근 발표된 신규 수주 소식 및 기술 개발 성과는 향후 실적 개선에 대한 기대감을 높이고 있습니다."", ""전반적인 시장 분위기가 기술주 및 성장주에 우호적으로 전환될 가능성이 있으며, 이는 LG에너지솔루션 주가에 긍정적으로 작용할 수 있습니다.""]",3.5952063914780292,-6.790945406125166
373220,LG에너지솔루션,2025-09-01,350000,Neutral,50,"[""LG에너지솔루션은 전기차 배터리 시장의 성장 잠재력과 높은 기술력을 보유하고 있으나, 최근 글로벌 경기 둔화 우려와 경쟁 심화로 인해 주가 변동성이 확대될 수 있습니다."", ""원자재 가격 변동 및 공급망 이슈는 수익성에 영향을 미칠 수 있는 요인으로 작용할 수 있습니다."", ""향후 20거래일 동안의 구체적인 시장 환경 변화 및 기업 실적 발표 등 추가적인 정보가 필요하여 현재로서는 명확한 방향성을 판단하기 어렵습니다.""]",-0.8571428571428572,-0.7142857142857143
373220,LG에너지솔루션,2025-10-01,399000,Neutral,50,"[""LG에너지솔루션은 글로벌 전기차 시장 성장과 함께 장기적인 성장 잠재력을 가지고 있습니다."", ""최근 주가 변동성이 커지고 있어 단기적인 방향성 예측이 어렵습니다."", ""거시 경제 불확실성과 경쟁 심화 등은 주가에 부담 요인으로 작용할 수 있습니다.""]",5.3884711779448615,17.794486215538846
373220,LG에너지솔루션,2025-11-03,473000,Neutral,55,"[""LG에너지솔루션은 글로벌 전기차 시장 성장과 배터리 수요 증가에 대한 기대감이 여전히 존재합니다."", ""하지만 최근 원자재 가격 변동성, 경쟁 심화, 주요 고객사의 재고 조정 가능성 등은 단기적인 주가 상승을 제한할 수 있는 요인입니다."", ""현재 시장 전반의 불확실성과 거시 경제 지표의 변동성을 고려할 때, 20거래일 내 뚜렷한 방향성을 예측하기 어렵습니다.""]",0.0,-12.26215644820296
373220,LG에너지솔루션,2025-12-01,415000,Neutral,55,"[""LG에너지솔루션은 전기차 시장 성장과 배터리 기술력에 대한 기대감으로 꾸준한 관심을 받고 있습니다."", ""하지만 최근 글로벌 경기 둔화 우려와 원자재 가격 변동성, 경쟁 심화 등은 주가에 부담으로 작용할 수 있습니다."", ""단기적으로는 20거래일 내 뚜렷한 시장 대비 상승 또는 하락을 예측하기 어려운 구간으로 판단됩니다.""]",6.8674698795180715,-13.012048192771083
006400,삼성SDI,2023-01-02,592315,Buy,75,"[""글로벌 전기차 시장의 지속적인 성장과 삼성SDI의 기술력 및 생산 능력 확대는 긍정적인 전망을 뒷받침합니다."", ""최근 발표된 신규 배터리 기술 및 파트너십은 미래 성장 동력 확보에 대한 기대감을 높이고 있습니다."", ""전반적인 시장 상황이 기술주 및 성장주에 우호적인 흐름을 보이고 있으며, 삼성SDI는 이러한 흐름에 수혜를 받을 가능성이 높습니다.""]",1.1569857255007894,18.346994420198712
006400,삼성SDI,2023-02-01,700987,Buy,75,"[""삼성SDI는 전기차 시장 성장과 배터리 기술 혁신에 힘입어 견조한 실적 개선이 기대됩니다."", ""최근 발표된 신규 배터리 기술 및 생산 능력 확대 계획은 장기적인 성장 모멘텀을 강화할 것으로 보입니다."", ""글로벌 전기차 수요 증가 추세와 주요 완성차 업체와의 파트너십 강화는 삼성SDI의 시장 점유율 확대에 긍정적인 영향을 미칠 것입니다.""]",3.0726675387703337,2.0950459851609233
006400,삼성SDI,2023-03-02,715673,Buy,75,"[""삼성SDI는 전기차 배터리 시장의 성장과 함께 견조한 실적 개선이 기대됩니다."", ""최근 발표된 신규 배터리 기술 개발 소식은 향후 성장 모멘텀을 강화할 수 있습니다."", ""글로벌 전기차 수요 증가 추세는 삼성SDI의 주요 사업 부문에 긍정적인 영향을 미칠 것으로 예상됩니다.""]",0.8207659084526033,0.5471772723017356
006400,삼성SDI,2023-04-03,710778,Buy,75,"[""삼성SDI는 전기차 배터리 시장의 성장세와 함께 꾸준한 실적 개선이 예상됩니다."", ""최근 발표된 신규 배터리 기술 개발 소식은 향후 성장 동력 확보에 대한 기대감을 높이고 있습니다."", ""글로벌 전기차 판매량 증가 추세는 삼성SDI의 주요 사업 부문에 긍정적인 영향을 미칠 것으로 전망됩니다.""]",5.647332922515891,-5.7852100093137375
006400,삼성SDI,2023-05-02,669658,Buy,75,"[""삼성SDI는 전기차 배터리 시장의 성장과 함께 견조한 실적 개선이 기대됩니다."", ""최근 발표된 신규 수주 및 기술 개발 소식은 향후 주가 상승 모멘텀을 제공할 수 있습니다."", ""글로벌 전기차 시장의 회복세와 주요 완성차 업체들의 전기차 전환 가속화는 삼성SDI의 수혜를 예상하게 합니다.""]",-2.046716383586846,4.532164179327358
006400,삼성SDI,2023-06-01,700008,Buy,75,"[""삼성SDI는 전기차 배터리 시장의 성장과 함께 꾸준한 실적 개선이 기대됩니다."", ""최근 기술 개발 및 생산 능력 확대에 대한 긍정적인 뉴스들이 투자 심리를 자극하고 있습니다."", ""글로벌 전기차 수요 증가 추세가 삼성SDI의 주요 사업 부문에 긍정적인 영향을 미칠 것으로 예상됩니다.""]",3.496531468211792,0.2797110890161255
006400,삼성SDI,2023-07-03,696092,Buy,75,"[""삼성SDI는 전기차 배터리 시장의 성장과 함께 꾸준한 실적 개선이 예상됩니다."", ""최근 발표된 신규 배터리 기술 개발 소식은 향후 성장 동력에 대한 기대감을 높이고 있습니다."", ""글로벌 전기차 시장의 회복세와 함께 관련 부품주인 삼성SDI에 대한 투자 심리가 긍정적으로 작용할 가능성이 높습니다.""]",-3.5162018813605096,-5.766479143561484
006400,삼성SDI,2023-08-01,636371,Buy,75,"[""삼성SDI는 전기차 배터리 시장의 성장과 함께 견조한 실적 개선이 기대됩니다."", ""최근 주요 고객사들의 전기차 생산 확대 계획 발표는 삼성SDI의 수주 증가로 이어질 가능성이 높습니다."", ""전고체 배터리 등 차세대 기술 개발에 대한 긍정적인 전망 또한 투자 심리를 자극할 수 있습니다.""]",-2.461457231709176,-5.538435912384442
006400,삼성SDI,2023-09-01,597210,Buy,75,"[""삼성SDI는 전기차 배터리 시장의 성장과 함께 꾸준한 실적 개선이 기대됩니다."", ""최근 발표된 신규 배터리 기술 개발 소식은 향후 성장 동력 확보에 긍정적인 영향을 줄 수 있습니다."", ""글로벌 전기차 수요 증가 추세는 삼성SDI의 주요 사업 부문에 지속적인 수혜를 가져올 것으로 예상됩니다.""]",-6.065538085430585,-21.147669998827883
006400,삼성SDI,2023-10-04,478747,Buy,75,"[""삼성SDI는 최근 전기차 배터리 시장의 성장세와 더불어 4분기 실적 개선에 대한 기대감이 높아지고 있습니다."", ""주요 경쟁사 대비 기술력과 생산 능력을 바탕으로 시장 점유율 확대가 예상됩니다."", ""최근 주가 조정을 거치며 밸류에이션 매력도가 부각되고 있어 단기 반등 가능성이 있습니다.""]",7.566418170766605,-7.157433884703194
006400,삼성SDI,2023-11-01,441543,Buy,75,"[""삼성SDI는 전기차 배터리 시장의 성장과 함께 꾸준한 실적 개선이 기대됩니다."", ""최근 발표된 신규 배터리 기술 개발 소식은 향후 성장 동력에 대한 긍정적인 전망을 제시합니다."", ""글로벌 전기차 시장의 회복세와 주요 완성차 업체와의 파트너십 강화는 삼성SDI의 수주 물량 증가로 이어질 가능성이 높습니다.""]",-2.5496950466885444,4.656398131099349
006400,삼성SDI,2023-12-01,430285,Buy,75,"[""글로벌 전기차 시장의 지속적인 성장세와 삼성SDI의 기술력 및 생산 능력 확장이 긍정적인 요인으로 작용할 것으로 예상됩니다."", ""최근 발표된 신규 배터리 기술 개발 및 공급 계약 소식은 향후 실적 개선에 대한 기대감을 높이고 있습니다."", ""전반적인 시장 분위기가 기술주 및 성장주에 우호적으로 전환될 가능성이 있으며, 삼성SDI는 이러한 흐름에 수혜를 받을 수 있습니다.""]",1.4787873153839897,1.2512636973168945
006400,삼성SDI,2024-01-02,437138,Buy,75,"[""글로벌 전기차 시장의 지속적인 성장과 함께 삼성SDI의 하이니켈 양극재 및 전고체 배터리 기술 경쟁력이 부각될 것으로 예상됩니다."", ""최근 주요 완성차 업체들과의 장기 공급 계약 체결 소식은 향후 실적 개선에 대한 기대감을 높이고 있습니다."", ""증권사들의 목표주가 상향 조정 추세는 긍정적인 투자 심리를 반영하며, 단기적인 주가 상승 모멘텀을 지지합니다.""]",-6.718930863937704,-16.57348480342592
006400,삼성SDI,2024-02-01,384760,Buy,75,"[""전기차 시장의 지속적인 성장과 배터리 수요 증가가 삼성SDI의 실적 개선을 견인할 것으로 예상됩니다."", ""최근 발표된 신규 배터리 기술 개발 및 생산 능력 확대 계획은 미래 성장 동력 확보에 긍정적인 신호입니다."", ""글로벌 경쟁사 대비 기술력 및 생산 효율성 측면에서 우위를 점하고 있어 시장 점유율 확대 가능성이 높습니다.""]",-0.5091485601413868,-7.252053227986277
006400,삼성SDI,2024-03-04,358815,Buy,75,"[""글로벌 전기차 시장의 지속적인 성장세와 삼성SDI의 기술력 및 생산 능력은 향후 주가 상승을 견인할 것으로 예상됩니다."", ""최근 발표된 신규 배터리 기술 개발 및 투자 계획은 미래 성장 동력 확보에 대한 긍정적인 신호로 작용할 수 있습니다."", ""주요 경쟁사 대비 상대적으로 양호한 밸류에이션 수준은 투자 매력도를 높이는 요인입니다.""]",25.375193344759833,23.60185610969441
006400,삼성SDI,2024-04-01,443502,Buy,75,"[""삼성SDI는 최근 전기차 배터리 시장의 성장세와 더불어 기술 혁신에 대한 기대감으로 투자자들의 관심을 받고 있습니다."", ""회사의 3분기 실적 발표가 예정되어 있으며, 시장 예상치를 상회하는 실적을 기록할 경우 주가 상승 모멘텀으로 작용할 수 있습니다."", ""글로벌 전기차 시장의 꾸준한 성장 전망과 더불어 삼성SDI의 차세대 배터리 기술 개발 성과는 향후 20거래일 동안 긍정적인 영향을 미칠 것으로 예상됩니다.""]",-9.271660556209442,-2.0971720533391056
006400,삼성SDI,2024-05-02,428816,Buy,75,"[""삼성SDI는 전기차 배터리 시장의 성장세와 함께 견조한 실적을 이어갈 것으로 예상됩니다."", ""최근 발표된 신규 배터리 기술 개발 소식은 향후 성장 동력 확보에 대한 기대감을 높이고 있습니다."", ""글로벌 전기차 시장의 점진적인 회복세는 삼성SDI의 주요 사업 부문에 긍정적인 영향을 미칠 것으로 보입니다.""]",-1.1415152419685832,-13.698649304130441
006400,삼성SDI,2024-06-03,370074,Buy,75,"[""글로벌 전기차 시장의 지속적인 성장과 배터리 수요 증가가 삼성SDI의 실적 개선을 뒷받침할 것으로 예상됩니다."", ""최근 발표된 신규 배터리 기술 개발 및 생산 능력 확대 계획은 미래 성장 동력 확보에 긍정적인 신호입니다."", ""주요 경쟁사 대비 기술력 및 생산 효율성 측면에서 우위를 점하고 있어 시장 점유율 확대 가능성이 높습니다.""]",4.1005312451023315,-3.0423645000729582
006400,삼성SDI,2024-07-01,344130,Buy,75,"[""글로벌 전기차 시장의 지속적인 성장세와 삼성SDI의 배터리 기술력 및 생산 능력 확대로 인한 수혜가 예상됩니다."", ""최근 발표된 신규 배터리 기술 개발 및 파트너십 강화는 미래 성장 동력 확보에 긍정적인 영향을 미칠 것으로 보입니다."", ""증권사들의 목표 주가 상향 조정 및 투자의견 상향은 단기적인 주가 상승 모멘텀을 뒷받침할 수 있습니다.""]",8.819341527910964,-5.974486385958794
006400,삼성SDI,2024-08-01,329444,Buy,75,"[""삼성SDI는 전기차 배터리 시장의 성장과 함께 꾸준한 수요 증가가 예상됩니다."", ""최근 발표된 신규 기술 개발 및 생산 능력 확대 계획은 향후 실적 개선에 대한 기대감을 높이고 있습니다."", ""글로벌 전기차 시장의 회복세와 주요 완성차 업체들과의 파트너십 강화는 긍정적인 투자 심리를 유발할 수 있습니다.""]",-7.875086509391581,9.658394142858876
006400,삼성SDI,2024-09-02,363221,Buy,75,"[""글로벌 전기차 시장의 지속적인 성장 전망과 함께 삼성SDI의 고성능 배터리 기술력이 부각될 것으로 예상됩니다."", ""최근 발표된 신규 투자 계획 및 기술 개발 성과는 향후 실적 개선에 대한 기대감을 높이고 있습니다."", ""경쟁사 대비 우수한 기술력과 생산 능력을 바탕으로 시장 점유율 확대 가능성이 높습니다.""]",-10.242524523637124,0.0
006400,삼성SDI,2024-10-02,353920,Buy,75,"[""글로벌 전기차 시장의 지속적인 성장과 삼성SDI의 배터리 기술 경쟁력 강화는 긍정적인 요인입니다."", ""최근 발표된 신규 투자 계획 및 기술 개발 성과는 향후 실적 개선에 대한 기대감을 높이고 있습니다."", ""전반적인 증시 상황이 기술주에 우호적인 흐름을 보이고 있으며, 삼성SDI 역시 이러한 흐름에 편승할 가능성이 있습니다.""]",-0.6916817359855334,-6.639070976491862
006400,삼성SDI,2024-11-01,330423,Buy,75,"[""글로벌 전기차 시장의 지속적인 성장과 삼성SDI의 기술력 및 생산 능력 확대는 긍정적인 모멘텀을 제공할 것으로 예상됩니다."", ""최근 발표된 신규 배터리 기술 개발 소식과 주요 완성차 업체와의 파트너십 강화는 향후 실적 개선에 대한 기대감을 높이고 있습니다."", ""전반적인 시장 상황이 기술주 및 성장주에 우호적인 흐름을 보이고 있으며, 삼성SDI는 이러한 흐름에 수혜를 받을 가능성이 높습니다.""]",-18.66667877236149,-23.25927674526289
006400,삼성SDI,2024-12-02,255527,Buy,75,"[""삼성SDI는 최근 전기차 배터리 시장의 성장세와 함께 견조한 실적을 기록하고 있으며, 이는 향후 주가 상승의 긍정적인 요인으로 작용할 것으로 예상됩니다."", ""글로벌 전기차 시장의 점진적인 회복세와 함께 주요 완성차 업체들의 배터리 수주 확대는 삼성SDI의 실적 개선에 대한 기대감을 높이고 있습니다."", ""최근 기술 개발 및 생산 능력 확대를 위한 투자 소식은 장기적인 성장 잠재력을 보여주며, 단기적으로도 투자 심리에 긍정적인 영향을 미칠 수 있습니다.""]",-3.256798694462816,-5.363816739522634
006400,삼성SDI,2025-01-02,241821,Buy,75,"[""글로벌 전기차 시장의 꾸준한 성장세와 삼성SDI의 기술력 및 생산 능력 확대로 인한 수혜가 예상됩니다."", ""최근 2차전지 관련 긍정적인 뉴스 및 증권사 목표주가 상향 조정 등이 주가 상승 모멘텀으로 작용할 가능성이 높습니다."", ""현재 주가 수준은 밸류에이션 측면에서 매력적인 구간으로 판단되며, 단기적인 시장 변동성에도 불구하고 상승 여력이 충분하다고 보입니다.""]",-5.263397306271995,-14.169985237014155
006400,삼성SDI,2025-02-03,201191,Buy,75,"[""글로벌 전기차 시장의 꾸준한 성장세와 삼성SDI의 기술력 및 생산 능력 확대로 인한 수혜가 예상됩니다."", ""최근 발표된 신규 배터리 기술 및 파우치형 배터리 시장에서의 경쟁 우위 확보 가능성이 긍정적인 영향을 줄 것으로 보입니다."", ""주요 경쟁사 대비 상대적으로 견조한 실적 흐름과 향후 실적 개선에 대한 기대감이 주가 상승 동력으로 작용할 수 있습니다.""]",2.4330114170116954,3.8928182672187126
006400,삼성SDI,2025-03-04,209023,Buy,75,"[""삼성SDI는 전기차 배터리 시장의 성장과 함께 견조한 실적 개선이 기대됩니다."", ""최근 발표된 신규 배터리 기술 개발 소식은 향후 성장 모멘텀을 강화할 수 있습니다."", ""글로벌 전기차 수요 증가 추세가 지속되면서 관련 부품 공급업체인 삼성SDI의 수혜가 예상됩니다.""]",-0.23394554666232903,-12.646455174789379
006400,삼성SDI,2025-04-01,182589,Buy,75,"[""글로벌 전기차 시장의 꾸준한 성장세와 삼성SDI의 기술력 및 생산 능력 확대로 인한 수혜가 예상됩니다."", ""최근 2차전지 관련 긍정적인 뉴스 및 증권사 목표주가 상향 조정 등 우호적인 투자 심리가 지속되고 있습니다."", ""전반적인 시장 흐름이 기술주 및 성장주에 긍정적인 만큼, 삼성SDI 역시 이러한 흐름에 동참할 가능성이 높습니다.""]",-7.935308260629063,-3.6086511235616605
006400,삼성SDI,2025-05-02,172200,Buy,75,"[""삼성SDI는 전기차 배터리 시장의 성장과 함께 꾸준한 실적 개선이 기대됩니다."", ""최근 발표된 신규 배터리 기술 개발 소식은 향후 성장 동력 확보에 긍정적인 영향을 줄 수 있습니다."", ""글로벌 전기차 수요 증가 추세는 삼성SDI의 주요 사업 부문에 지속적인 수혜를 가져올 것으로 예상됩니다.""]",0.4645760743321719,1.2195121951219512
006400,삼성SDI,2025-06-02,172400,Buy,75,"[""삼성SDI는 전기차 배터리 시장의 성장과 함께 꾸준한 수주 증가세를 보이고 있습니다."", ""최근 발표된 신규 배터리 기술 및 생산 능력 확대 계획은 향후 실적 개선에 대한 기대감을 높이고 있습니다."", ""글로벌 전기차 시장의 회복세와 주요 완성차 업체들의 전기차 전환 가속화는 삼성SDI의 배터리 수요 증가로 이어질 가능성이 높습니다.""]",1.3921113689095126,7.482598607888631
006400,삼성SDI,2025-07-01,179000,Buy,75,"[""삼성SDI는 전기차 배터리 시장의 성장과 함께 꾸준한 실적 개선이 기대됩니다."", ""최근 발표된 신규 배터리 기술 개발 및 생산 능력 확대 계획은 향후 주가 상승 모멘텀으로 작용할 수 있습니다."", ""글로벌 전기차 시장의 회복세와 주요 완성차 업체와의 파트너십 강화는 긍정적인 전망을 뒷받침합니다.""]",-4.972067039106146,15.083798882681565
006400,삼성SDI,2025-08-01,193700,Buy,75,"[""글로벌 전기차 시장의 지속적인 성장과 함께 삼성SDI의 배터리 기술력 및 생산 능력 확대가 긍정적인 영향을 미칠 것으로 예상됩니다."", ""최근 발표된 신규 배터리 기술 개발 및 파트너십 강화 소식은 향후 실적 개선에 대한 기대감을 높이고 있습니다."", ""현재 주가는 밸류에이션 측면에서 매력적인 수준이며, 단기적인 시장 변동성을 감안하더라도 상승 여력이 충분하다고 판단됩니다.""]",16.159008776458442,4.543107898812597
006400,삼성SDI,2025-09-01,202500,Buy,75,"[""삼성SDI는 전기차 배터리 시장의 성장과 함께 꾸준한 실적 개선이 기대됩니다."", ""최근 발표된 신규 배터리 기술 개발 소식은 향후 성장 동력 확보에 긍정적인 영향을 줄 수 있습니다."", ""글로벌 전기차 판매량 증가 추세는 삼성SDI의 주요 사업 부문에 대한 수요를 견인할 것으로 예상됩니다.""]",-0.49382716049382713,1.2345679012345678
006400,삼성SDI,2025-10-01,206500,Buy,75,"[""전기차 시장의 지속적인 성장과 배터리 수요 증가가 삼성SDI의 실적 개선을 견인할 것으로 예상됩니다."", ""최근 발표된 신규 배터리 기술 개발 및 생산 능력 확대 계획은 향후 성장 동력 확보에 긍정적인 영향을 미칠 것입니다."", ""글로벌 주요 완성차 업체들과의 파트너십 강화는 안정적인 수주 물량 확보와 시장 점유율 확대에 기여할 것으로 보입니다.""]",14.285714285714285,55.932203389830505
006400,삼성SDI,2025-11-03,337500,Buy,75,"[""전기차 배터리 시장의 지속적인 성장 전망과 삼성SDI의 기술력 및 생산 능력은 긍정적인 요인입니다."", ""최근 실적 개선 및 신규 수주 소식은 주가 상승 모멘텀을 강화할 수 있습니다."", ""글로벌 전기차 시장의 경쟁 심화에도 불구하고, 삼성SDI는 고성능 배터리 개발 및 공급망 안정화를 통해 경쟁 우위를 유지할 것으로 예상됩니다.""]",-4.592592592592593,-9.62962962962963
006400,삼성SDI,2025-12-01,305000,Buy,75,"[""삼성SDI는 전기차 배터리 시장의 성장과 함께 꾸준한 실적 개선이 기대됩니다."", ""최근 발표된 신규 배터리 기술 개발 소식은 향후 성장 모멘텀을 강화할 수 있습니다."", ""글로벌 전기차 수요 증가 추세는 삼성SDI의 주요 사업 부문에 긍정적인 영향을 미칠 것으로 예상됩니다.""]",1.639344262295082,-13.934426229508196
005380,현대차,2023-01-02,159000,Buy,75,"[""현대차는 최근 전기차 판매 호조와 신차 출시 효과로 실적 개선 기대감이 높습니다."", ""글로벌 자동차 시장의 회복세와 친환경차 전환 가속화는 현대차의 장기적인 성장 동력으로 작용할 것입니다."", ""최근 외국인 투자자들의 매수세가 유입되고 있어 단기적인 주가 상승 모멘텀이 기대됩니다.""]",2.515723270440252,6.855345911949685
005380,현대차,2023-02-01,169900,Buy,75,"[""현대차는 최근 신차 출시 및 친환경차 판매 호조로 실적 개선 기대감이 높습니다."", ""글로벌 전기차 시장 성장세와 맞물려 현대차의 경쟁력 강화가 예상됩니다."", ""최근 주가 조정을 거치며 밸류에이션 매력이 부각되고 있어 단기 반등 가능성이 있습니다.""]",1.5891701000588583,3.6492054149499706
005380,현대차,2023-03-02,176100,Buy,75,"[""현대차는 최근 전기차 판매량 증가와 신차 출시 효과로 인해 긍정적인 실적 전망을 보이고 있습니다."", ""글로벌 자동차 시장의 회복세와 더불어 현대차의 브랜드 가치 상승은 주가에 긍정적인 영향을 미칠 것으로 예상됩니다."", ""최근 기술주 중심의 시장 조정 이후 가치주에 대한 관심이 높아지면서 현대차와 같은 전통적인 제조업체에 대한 투자 심리가 개선될 가능성이 있습니다.""]",-0.6246450880181714,4.770017035775128
005380,현대차,2023-04-03,183800,Buy,75,"[""현대차는 최근 전기차 판매 호조와 신차 출시 기대감으로 상승 모멘텀을 유지하고 있습니다."", ""글로벌 자동차 시장의 회복세와 친환경차 전환 가속화는 현대차의 장기적인 성장 전망을 밝게 합니다."", ""최근 외국인 투자자들의 순매수세가 유입되며 주가 상승에 긍정적인 영향을 미치고 있습니다.""]",4.515778019586507,9.357997823721437
005380,현대차,2023-05-02,201000,Buy,75,"[""최근 현대차는 전기차 전환 가속화 및 신차 출시 효과로 인해 견조한 실적 개선세를 보이고 있습니다."", ""글로벌 자동차 시장의 점진적인 회복세와 더불어 친환경차 수요 증가는 현대차의 장기적인 성장 동력으로 작용할 것으로 예상됩니다."", ""최근 외국인 투자자들의 순매수세가 유입되고 있으며, 기술적 분석상으로도 상승 추세가 유지되고 있어 단기적인 추가 상승 가능성이 있습니다.""]",3.482587064676617,-0.7462686567164178
005380,현대차,2023-06-01,199500,Buy,75,"[""현대차는 최근 전기차 판매 호조와 신차 출시 효과로 실적 개선 기대감이 높습니다."", ""글로벌 자동차 시장의 회복세와 친환경차 전환 가속화는 현대차의 장기적인 성장 동력으로 작용할 것입니다."", ""최근 주가 조정을 거치면서 밸류에이션 매력도가 높아져 단기적인 반등 가능성이 있습니다.""]",-1.6541353383458646,4.511278195488721
005380,현대차,2023-07-03,208000,Buy,75,"[""현대차는 최근 전기차 판매 호조와 신차 출시 효과로 실적 개선 기대감이 높습니다."", ""글로벌 자동차 시장의 회복세와 더불어 현대차의 경쟁력 강화는 주가 상승 요인으로 작용할 수 있습니다."", ""최근 주가 조정을 거치며 밸류에이션 매력이 부각되고 있어 단기적인 반등 가능성이 있습니다.""]",-0.4807692307692308,-4.134615384615384
005380,현대차,2023-08-01,192500,Buy,75,"[""현대차는 최근 신차 출시 및 친환경차 판매 호조로 실적 개선 기대감이 높습니다."", ""글로벌 자동차 시장 회복세와 더불어 현대차의 경쟁력 강화는 주가 상승 요인으로 작용할 수 있습니다."", ""최근 외국인 투자자들의 순매수세가 유입되며 긍정적인 수급 흐름을 보이고 있습니다.""]",-1.6103896103896103,-1.7662337662337664
005380,현대차,2023-09-01,187300,Buy,75,"[""현대차는 최근 전기차 판매 호조와 신차 출시 효과로 실적 개선 기대감이 높습니다."", ""글로벌 자동차 시장의 회복세와 더불어 친환경차 전환에 대한 긍정적인 전망이 주가에 반영될 가능성이 있습니다."", ""최근 외국인 투자자들의 순매수세가 유입되며 수급 개선의 조짐을 보이고 있습니다.""]",-0.9610250934329952,2.616123865456487
005380,현대차,2023-10-04,190500,Buy,75,"[""현대차는 최근 전기차 판매 호조와 신차 출시 효과로 실적 개선 기대감이 높아지고 있습니다."", ""글로벌 자동차 시장의 점진적인 회복세와 더불어 친환경차 전환에 대한 긍정적인 전망이 주가 상승 요인으로 작용할 수 있습니다."", ""최근 주가 조정 이후 기술적 반등 가능성이 있으며, 기관 및 외국인 투자자들의 매수세가 유입될 경우 상승 탄력이 강화될 수 있습니다.""]",-1.7847769028871392,-8.976377952755906
005380,현대차,2023-11-01,172000,Buy,75,"[""현대차는 최근 신차 출시 및 친환경차 판매 호조로 실적 개선 기대감이 높습니다."", ""글로벌 자동차 시장 회복세와 더불어 현대차의 경쟁력 강화는 주가 상승 요인으로 작용할 수 있습니다."", ""최근 외국인 투자자들의 순매수세가 유입되고 있어 단기적인 주가 상승 모멘텀이 기대됩니다.""]",1.5697674418604652,7.151162790697674
005380,현대차,2023-12-01,181600,Buy,75,"[""현대차는 최근 전기차 판매 호조와 신차 출시 효과로 실적 개선 기대감이 높습니다."", ""글로벌 자동차 시장의 회복세와 친환경차 전환 가속화는 현대차에 긍정적인 요인으로 작용할 것입니다."", ""최근 주가 조정을 거치며 밸류에이션 매력이 부각되고 있어 단기 반등 가능성이 있습니다.""]",2.092511013215859,4.6255506607929515
005380,현대차,2024-01-02,193800,Buy,75,"[""현대차는 최근 전기차 판매 호조와 신차 출시 효과로 실적 개선 기대감이 높습니다."", ""글로벌 자동차 시장의 회복세와 더불어 친환경차 전환에 대한 긍정적인 전망이 주가 상승 요인으로 작용할 수 있습니다."", ""최근 외국인 투자자들의 순매수세가 유입되고 있어 단기적인 상승 모멘텀이 기대됩니다.""]",-3.663570691434469,0.41279669762641896
005380,현대차,2024-02-01,227000,Buy,75,"[""현대차는 최근 전기차 시장에서의 경쟁 심화에도 불구하고, 신차 출시 및 기술 개발에 대한 긍정적인 전망이 나오고 있습니다."", ""글로벌 자동차 시장의 회복세와 함께 현대차의 수출 실적 개선 가능성이 높게 점쳐지고 있습니다."", ""최근 주가 흐름이 하락세를 멈추고 반등의 조짐을 보이며, 기관 투자자들의 매수세가 유입되고 있는 점도 긍정적입니다.""]",9.691629955947137,10.572687224669604
005380,현대차,2024-03-04,249000,Buy,75,"[""현대차는 최근 전기차 판매 호조와 신차 출시 효과로 실적 개선 기대감이 높습니다."", ""글로벌 자동차 시장의 회복세와 친환경차 전환 가속화는 현대차의 장기적인 성장 동력으로 작용할 것입니다."", ""최근 외국인 투자자들의 매수세가 유입되고 있어 단기적인 주가 상승 여력이 있습니다.""]",-3.0120481927710845,-11.646586345381527
005380,현대차,2024-04-01,220000,Buy,75,"[""현대차는 최근 전기차 판매 호조와 신차 출시 효과로 실적 개선 기대감이 높습니다."", ""글로벌 자동차 시장의 회복세와 더불어 현대차의 경쟁력 강화는 주가 상승 요인으로 작용할 수 있습니다."", ""최근 외국인 투자자들의 매수세가 유입되고 있어 단기적인 주가 상승 가능성이 있습니다.""]",3.6363636363636362,13.18181818181818
005380,현대차,2024-05-02,241000,Buy,75,"[""현대차는 최근 전기차 판매 호조와 신차 출시 효과로 실적 개선 기대감이 높습니다."", ""글로벌 자동차 시장 회복세와 더불어 현대차의 친환경차 전환 전략이 긍정적으로 작용할 것으로 예상됩니다."", ""밸류에이션 측면에서도 현재 주가는 저평가 구간에 있다는 분석이 다수 존재합니다.""]",1.6597510373443984,7.468879668049793
005380,현대차,2024-06-03,259000,Buy,75,"[""현대차는 최근 전기차 판매 호조와 신차 출시 효과로 실적 개선 기대감이 높아지고 있습니다."", ""글로벌 자동차 시장의 회복세와 더불어 친환경차 전환에 대한 긍정적인 전망이 주가 상승 요인으로 작용할 수 있습니다."", ""최근 외국인 투자자들의 순매수세가 유입되고 있어 단기적인 주가 상승 모멘텀을 기대해 볼 수 있습니다.""]",4.247104247104247,6.563706563706563
005380,현대차,2024-07-01,272500,Buy,75,"[""최근 현대차는 전기차 판매 호조와 신차 출시 효과로 실적 개선 기대감이 높아지고 있습니다."", ""글로벌 자동차 시장의 회복세와 더불어 친환경차 전환 가속화는 현대차의 장기적인 성장 동력으로 작용할 것으로 예상됩니다."", ""현재 주가는 밸류에이션 측면에서 매력적인 수준이며, 기관 투자자들의 매수세가 유입되고 있어 단기 상승 가능성이 높다고 판단됩니다.""]",0.7339449541284404,-8.256880733944955
005380,현대차,2024-08-01,244000,Buy,75,"[""현대차는 최근 전기차 판매 호조와 신차 출시 효과로 실적 개선 기대감이 높습니다."", ""글로벌 자동차 시장의 회복세와 더불어 친환경차 전환에 대한 긍정적인 전망이 주가 상승 요인으로 작용할 수 있습니다."", ""최근 외국인 투자자들의 순매수세가 유입되고 있어 단기적인 주가 상승 가능성을 높입니다.""]",-0.4098360655737705,0.819672131147541
005380,현대차,2024-09-02,237500,Buy,75,"[""현대차는 최근 신차 출시 및 친환경차 판매 호조로 실적 개선 기대감이 높습니다."", ""글로벌 자동차 시장 회복세와 더불어 현대차의 경쟁력 강화는 주가 상승 요인으로 작용할 수 있습니다."", ""최근 외국인 투자자들의 순매수세가 유입되며 긍정적인 수급 흐름을 보이고 있습니다.""]",-2.736842105263158,3.578947368421052
005380,현대차,2024-10-02,239500,Buy,75,"[""현대차는 최근 견조한 실적 발표와 신차 출시 효과로 인해 투자 심리가 긍정적으로 작용하고 있습니다."", ""글로벌 전기차 시장 성장세와 더불어 현대차의 전동화 전환 전략이 가속화되면서 장기적인 성장 기대감이 높습니다."", ""최근 외국인 투자자들의 순매수세가 유입되고 있어 단기적인 주가 상승 모멘텀이 기대됩니다.""]",3.7578288100208765,-9.603340292275574
005380,현대차,2024-11-01,216500,Buy,75,"[""현대차는 최근 신차 출시 및 친환경차 판매 호조로 실적 개선 기대감이 높습니다."", ""글로벌 자동차 시장의 점진적인 회복세와 더불어 현대차의 경쟁력 강화 노력이 주가 상승 동력으로 작용할 수 있습니다."", ""최근 외국인 투자자들의 순매수세가 유입되며 긍정적인 수급 신호를 보이고 있습니다.""]",-2.5404157043879905,-0.23094688221709006
005380,현대차,2024-12-02,214500,Buy,75,"[""현대차는 최근 전기차 판매 호조와 신차 출시 효과로 긍정적인 실적 전망이 나오고 있습니다."", ""글로벌 자동차 시장의 회복세와 더불어 현대차의 친환경차 전환 전략이 시장에서 긍정적으로 평가받고 있습니다."", ""최근 주가 흐름이 단기 저항선을 돌파하며 상승 추세로 전환될 가능성을 보여주고 있습니다.""]",-1.8648018648018647,-0.6993006993006993
005380,현대차,2025-01-02,213000,Buy,75,"[""현대차는 최근 전기차 판매 호조와 신차 출시 효과로 실적 개선 기대감이 높습니다."", ""글로벌 자동차 시장의 회복세와 친환경차 전환 가속화는 현대차의 장기적인 성장 동력으로 작용할 것입니다."", ""최근 주가 조정을 거치며 밸류에이션 매력이 부각되고 있어 단기적인 반등 가능성이 있습니다.""]",6.103286384976526,-4.460093896713615
005380,현대차,2025-02-03,201000,Buy,75,"[""현대차는 최근 전기차 판매 호조와 신차 출시 효과로 실적 개선 기대감이 높습니다."", ""글로벌 자동차 시장의 점진적인 회복세와 친환경차 전환 트렌드는 현대차에 긍정적인 요인으로 작용할 것입니다."", ""최근 외국인 투자자들의 매수세가 유입되고 있어 단기적인 주가 상승 모멘텀이 기대됩니다.""]",-0.7960199004975124,-3.134328358208955
005380,현대차,2025-03-04,194700,Buy,75,"[""현대차는 최근 전기차 판매 호조와 신차 출시 기대감으로 상승세를 보이고 있습니다."", ""글로벌 자동차 시장의 회복세와 더불어 현대차의 경쟁력 강화 전략이 긍정적인 영향을 미칠 것으로 예상됩니다."", ""최근 외국인 투자자들의 매수세가 유입되고 있어 단기적인 상승 모멘텀이 유지될 가능성이 높습니다.""]",1.7976373908577297,0.8217770929635336
005380,현대차,2025-04-01,196300,Buy,75,"[""현대차는 최근 신차 출시 및 친환경차 판매 호조로 실적 개선 기대감이 높습니다."", ""글로벌 자동차 시장 회복세와 더불어 현대차의 경쟁력 강화는 주가 상승 요인으로 작용할 수 있습니다."", ""최근 외국인 투자자들의 순매수세가 유입되며 긍정적인 수급 신호가 관찰됩니다.""]",-9.322465613856343,-2.9037187977585326
005380,현대차,2025-05-02,187600,Buy,75,"[""현대차는 최근 신차 출시와 전기차 판매 호조에 힘입어 견조한 실적 개선세를 보이고 있습니다."", ""글로벌 자동차 시장의 회복세와 더불어 현대차의 경쟁력 있는 신차 라인업은 향후 주가 상승에 긍정적인 영향을 미칠 것으로 예상됩니다."", ""최근 외국인 투자자들의 매수세가 유입되고 있으며, 이는 단기적인 주가 상승 모멘텀으로 작용할 가능성이 높습니다.""]",5.063965884861407,1.0660980810234542
005380,현대차,2025-06-02,186000,Buy,75,"[""현대차는 최근 신차 출시 및 친환경차 판매 호조로 실적 개선 기대감이 높습니다."", ""글로벌 자동차 시장 회복세와 더불어 반도체 수급난 완화가 생산량 증대로 이어질 가능성이 있습니다."", ""최근 주가 조정을 거치며 밸류에이션 매력이 부각되고 있어 단기 반등 가능성이 있습니다.""]",8.333333333333332,15.32258064516129
005380,현대차,2025-07-01,213500,Buy,75,"[""현대차는 최근 전기차 판매 호조와 신차 출시 효과로 실적 개선 기대감이 높아지고 있습니다."", ""글로벌 자동차 시장의 회복세와 더불어 현대차의 친환경차 전환 전략이 긍정적인 모멘텀으로 작용할 것으로 예상됩니다."", ""최근 주가 조정을 거치면서 밸류에이션 매력도가 부각되고 있어 단기적인 상승 가능성이 있습니다.""]",-1.873536299765808,4.449648711943794
005380,현대차,2025-08-01,211000,Buy,75,"[""최근 현대차는 전기차 판매 호조와 신차 출시 기대감으로 인해 주가 상승 모멘텀을 확보하고 있습니다."", ""글로벌 자동차 시장의 회복세와 친환경차 전환 가속화는 현대차의 장기적인 성장 전망을 밝게 하고 있습니다."", ""현재 주가는 밸류에이션 측면에서 매력적인 수준이며, 기관 투자자들의 매수세가 유입될 가능성이 있습니다.""]",0.7109004739336493,4.265402843601896
005380,현대차,2025-09-01,220000,Buy,75,"[""현대차는 최근 전기차 판매 호조와 신차 출시 효과로 실적 개선 기대감이 높습니다."", ""글로벌 자동차 시장의 회복세와 더불어 친환경차 전환에 대한 긍정적인 전망이 주가 상승 요인으로 작용할 수 있습니다."", ""최근 외국인 투자자들의 순매수세가 유입되며 수급 개선의 조짐을 보이고 있습니다.""]",-0.45454545454545453,-2.272727272727273
005380,현대차,2025-10-01,220000,Buy,75,"[""현대차는 최근 실적 개선과 신차 출시 효과로 주가 상승 모멘텀을 확보하고 있습니다."", ""글로벌 전기차 시장 성장에 따른 수혜가 예상되며, 친환경차 전환 전략이 긍정적으로 평가받고 있습니다."", ""최근 외국인 투자자들의 매수세가 유입되고 있어 단기적인 주가 상승 가능성이 높습니다.""]",10.0,22.272727272727273
005380,현대차,2025-11-03,276000,Buy,75,"[""현대차는 최근 전기차 판매 호조와 신차 출시 효과로 인해 긍정적인 실적 전망이 나오고 있습니다."", ""글로벌 자동차 시장의 회복세와 친환경차 전환 트렌드는 현대차의 장기적인 성장 동력으로 작용할 것으로 예상됩니다."", ""최근 주가 조정을 거치면서 밸류에이션 매력이 부각되고 있으며, 기관 투자자들의 매수세가 유입될 가능성이 있습니다.""]",-2.536231884057971,-3.6231884057971016
005380,현대차,2025-12-01,266000,Buy,75,"[""현대차는 최근 전기차 판매 호조와 신차 출시 효과로 실적 개선 기대감이 높아지고 있습니다."", ""글로벌 자동차 시장의 회복세와 더불어 친환경차 전환 가속화는 현대차의 장기적인 성장 동력으로 작용할 것으로 예상됩니다."", ""최근 주가 조정을 거치면서 밸류에이션 매력도가 부각되고 있으며, 기관 투자자들의 매수세가 유입될 가능성이 있습니다.""]",15.413533834586465,12.218045112781954
000270,기아,2023-01-02,62400,Buy,75,"[""기아는 최근 신차 출시 및 친환경차 판매 호조로 실적 개선 기대감이 높습니다."", ""글로벌 자동차 시장 회복세와 함께 기아의 경쟁력 있는 신차 라인업이 주가 상승을 견인할 것으로 예상됩니다."", ""최근 외국인 투자자들의 순매수세가 유입되며 긍정적인 수급 신호를 보이고 있습니다.""]",2.403846153846154,11.698717948717949
000270,기아,2023-02-01,69700,Buy,75,"[""최근 기아의 주가는 긍정적인 실적 발표와 신차 출시 효과에 힘입어 상승세를 보이고 있습니다."", ""글로벌 자동차 시장의 회복세와 친환경차 전환 가속화는 기아의 장기적인 성장 전망을 밝게 하고 있습니다."", ""현재 주가 수준은 밸류에이션 측면에서 매력적인 구간으로 판단되며, 단기적인 시장 대비 초과 상승 가능성이 높습니다.""]",2.8694404591104736,12.195121951219512
000270,기아,2023-03-02,78200,Buy,75,"[""기아는 최근 신차 출시와 친환경차 판매 호조에 힘입어 견조한 실적 개선세를 보이고 있습니다."", ""글로벌 자동차 시장의 회복세와 더불어 기아의 경쟁력 있는 신차 라인업은 향후 주가 상승 모멘텀을 제공할 것으로 예상됩니다."", ""최근 외국인 투자자들의 순매수세가 유입되고 있어 단기적인 주가 상승 가능성이 높다고 판단됩니다.""]",-0.2557544757033248,3.580562659846547
000270,기아,2023-04-03,80100,Buy,75,"[""최근 기아의 주가는 견조한 실적 발표와 신차 출시 효과에 힘입어 상승세를 보이고 있습니다."", ""글로벌 자동차 시장의 회복세와 전기차 전환 가속화는 기아의 장기적인 성장 전망을 밝게 하고 있습니다."", ""현재 주가는 밸류에이션 측면에서 매력적인 수준이며, 향후 20거래일 동안 시장 대비 초과 상승 가능성이 높다고 판단됩니다.""]",6.117353308364544,7.990012484394507
000270,기아,2023-05-02,86500,Buy,75,"[""기아는 최근 신차 출시 및 판매 호조세를 바탕으로 실적 개선 기대감이 높습니다."", ""글로벌 전기차 시장 성장세와 함께 기아의 전기차 라인업 경쟁력이 부각되고 있습니다."", ""최근 주가 조정 이후 기술적 반등 가능성이 있으며, 시장 전반의 투자 심리 개선도 긍정적 요인입니다.""]",4.161849710982659,-1.5028901734104045
000270,기아,2023-06-01,85200,Buy,75,"[""기아는 최근 견조한 판매 실적과 신차 출시 효과로 인해 시장 대비 강세를 보일 가능성이 높습니다."", ""전기차 시장 성장세와 더불어 기아의 전동화 전환 전략이 긍정적인 투자 심리를 자극할 것으로 예상됩니다."", ""글로벌 자동차 수요 회복 기대감과 더불어 밸류에이션 매력도 부각될 수 있습니다.""]",-4.225352112676056,3.873239436619718
000270,기아,2023-07-03,88900,Buy,75,"[""기아는 최근 신차 출시 및 판매 호조에 힘입어 견조한 실적 개선세를 보이고 있습니다."", ""글로벌 자동차 시장의 회복세와 더불어 전기차 전환 가속화에 대한 기대감이 주가에 긍정적인 영향을 미칠 것으로 예상됩니다."", ""최근 외국인 투자자들의 순매수세가 유입되며 수급 개선의 조짐을 보이고 있습니다.""]",-0.44994375703037126,-6.299212598425196
000270,기아,2023-08-01,80000,Buy,75,"[""최근 기아는 신차 출시와 전기차 판매 호조에 힘입어 견조한 실적 개선세를 보이고 있습니다."", ""글로벌 자동차 시장의 점진적인 회복세와 더불어 친환경차 전환 가속화는 기아의 장기적인 성장 동력으로 작용할 것으로 예상됩니다."", ""현재 주가는 밸류에이션 측면에서 매력적인 수준이며, 향후 20거래일 동안 시장 대비 추가적인 상승 여력이 있다고 판단됩니다.""]",-1.375,0.25
000270,기아,2023-09-01,80000,Buy,75,"[""기아는 최근 신차 출시 및 판매 호조세를 바탕으로 견조한 실적 개선이 기대됩니다."", ""전기차 시장에서의 경쟁력 강화와 신규 모델 라인업 확장은 장기적인 성장 동력으로 작용할 것입니다."", ""글로벌 자동차 시장의 회복세와 더불어 기아의 수출 증대 가능성 또한 긍정적인 요인으로 작용할 수 있습니다.""]",-3.0,6.5
000270,기아,2023-10-04,83500,Buy,75,"[""기아는 최근 신차 출시 및 해외 판매 호조에 힘입어 견조한 실적 개선세를 보이고 있습니다."", ""전기차 시장에서의 경쟁력 강화와 신규 모델 출시에 대한 기대감이 주가 상승 요인으로 작용할 가능성이 높습니다."", ""글로벌 자동차 시장의 회복세와 더불어 기아의 브랜드 가치 상승 또한 긍정적인 투자 심리를 자극할 것으로 예상됩니다.""]",0.8383233532934131,-7.065868263473053
000270,기아,2023-11-01,78500,Buy,75,"[""기아는 최근 견조한 실적 발표와 신차 출시 효과로 인해 시장 대비 강한 상승 모멘텀을 보여주고 있습니다."", ""글로벌 자동차 시장의 회복세와 전기차 전환 가속화는 기아의 장기적인 성장 전망을 밝게 하고 있습니다."", ""현재 주가 수준은 밸류에이션 측면에서 매력적인 구간에 있으며, 기관 투자자들의 매수세가 유입될 가능성이 높습니다.""]",-1.2738853503184715,9.42675159235669
000270,기아,2023-12-01,84100,Buy,75,"[""기아는 최근 신차 출시와 판매 호조에 힘입어 견조한 실적 개선세를 보이고 있습니다."", ""글로벌 전기차 시장의 성장세와 함께 기아의 전기차 라인업 경쟁력이 부각되며 투자 심리가 긍정적으로 작용할 가능성이 높습니다."", ""최근 주가 흐름이 박스권을 돌파하려는 움직임을 보이고 있으며, 추가적인 상승 여력이 기대됩니다.""]",3.56718192627824,10.46373365041617
000270,기아,2024-01-02,93800,Buy,75,"[""기아는 최근 견조한 실적 발표와 신차 출시 모멘텀을 바탕으로 시장 대비 강한 흐름을 보이고 있습니다."", ""글로벌 자동차 시장의 회복세와 친환경차 판매 증가는 기아의 향후 실적에 긍정적인 영향을 미칠 것으로 예상됩니다."", ""현재 주가는 밸류에이션 측면에서 매력적인 수준이며, 기관 투자자들의 매수세가 유입될 가능성이 있습니다.""]",-3.518123667377399,9.701492537313433
000270,기아,2024-02-01,119500,Buy,75,"[""기아는 최근 견조한 판매 실적과 신차 출시 효과로 인해 시장 대비 강세를 보일 가능성이 높습니다."", ""글로벌 자동차 시장의 회복세와 전기차 전환 가속화는 기아의 성장 전망을 긍정적으로 만들고 있습니다."", ""현재 주가 수준은 밸류에이션 측면에서 매력적인 구간에 진입했다고 판단됩니다.""]",-1.9246861924686192,6.2761506276150625
000270,기아,2024-03-04,123000,Buy,75,"[""기아는 최근 신차 출시 및 판매 호조에 힘입어 견조한 실적 개선세를 보이고 있습니다."", ""글로벌 자동차 시장의 회복세와 친환경차 전환 가속화는 기아의 장기적인 성장 동력으로 작용할 것으로 예상됩니다."", ""현재 주가는 밸류에이션 측면에서 매력적인 수준이며, 기관 투자자들의 매수세가 유입될 가능성이 있습니다.""]",2.5203252032520327,-14.878048780487804
000270,기아,2024-04-01,104700,Buy,75,"[""기아는 최근 신차 출시 및 친환경차 판매 호조에 힘입어 견조한 실적 개선세를 보이고 있습니다."", ""글로벌 자동차 시장의 점진적인 회복세와 더불어 기아의 경쟁력 있는 신차 라인업은 향후 주가 상승 모멘텀으로 작용할 가능성이 높습니다."", ""최근 외국인 투자자들의 순매수세가 유입되고 있어 단기적인 주가 상승에 긍정적인 영향을 줄 것으로 예상됩니다.""]",3.151862464183381,14.231136580706782
000270,기아,2024-05-02,113900,Buy,75,"[""기아는 최근 견조한 실적 발표와 신차 출시 모멘텀을 바탕으로 시장 대비 강세를 보일 가능성이 높습니다."", ""글로벌 자동차 시장의 회복세와 전기차 전환 가속화는 기아의 장기적인 성장 전망을 긍정적으로 만들고 있습니다."", ""현재 주가는 밸류에이션 측면에서 매력적인 수준이며, 향후 20거래일 동안 추가 상승 여력이 있다고 판단됩니다.""]",0.35118525021949076,4.477611940298507
000270,기아,2024-06-03,119000,Buy,75,"[""최근 기아의 주가는 자동차 섹터 전반의 긍정적인 흐름과 함께 상승세를 보이고 있습니다."", ""신차 출시 및 친환경차 라인업 강화 등 미래 성장 동력에 대한 기대감이 주가에 긍정적인 영향을 미칠 것으로 예상됩니다."", ""글로벌 자동차 시장의 회복세와 더불어 수출 실적 개선 가능성 또한 주가 상승 요인으로 작용할 수 있습니다.""]",2.941176470588235,3.949579831932773
000270,기아,2024-07-01,123600,Buy,75,"[""기아는 최근 신차 출시 및 판매 호조에 힘입어 견조한 실적 개선세를 보이고 있습니다."", ""글로벌 전기차 시장 성장에 따른 수혜가 예상되며, 친환경차 라인업 강화는 긍정적인 모멘텀으로 작용할 것입니다."", ""최근 주가 조정은 단기적인 수급 요인으로 판단되며, 펀더멘털 개선 추세를 고려할 때 반등 가능성이 높습니다.""]",-0.889967637540453,-9.70873786407767
000270,기아,2024-08-01,107100,Buy,75,"[""기아는 최근 신차 출시 및 판매 호조세를 바탕으로 견조한 실적 개선이 예상됩니다."", ""글로벌 자동차 시장의 점진적인 회복세와 전기차 전환 가속화는 기아의 성장 모멘텀을 강화할 것으로 보입니다."", ""최근 주가 조정을 거치며 밸류에이션 매력이 부각되고 있어 단기적인 상승 가능성이 있습니다.""]",-4.855275443510738,-0.9337068160597572
000270,기아,2024-09-02,102200,Buy,75,"[""최근 기아의 주가는 견조한 실적 발표와 신차 출시 모멘텀에 힘입어 상승세를 보이고 있습니다."", ""글로벌 자동차 시장의 회복세와 친환경차 전환 가속화는 기아의 장기적인 성장 전망을 긍정적으로 만들고 있습니다."", ""현재 주가 수준은 밸류에이션 측면에서 매력적인 구간으로 판단되며, 단기적인 시장 대비 초과 상승 가능성이 높습니다.""]",-1.9569471624266144,-2.5440313111545985
000270,기아,2024-10-02,98000,Buy,75,"[""기아는 최근 신차 출시 및 판매 호조세를 바탕으로 견조한 실적 개선이 기대됩니다."", ""전기차 시장에서의 경쟁력 강화와 친환경차 라인업 확장은 장기적인 성장 동력으로 작용할 것입니다."", ""현재 주가는 밸류에이션 측면에서 매력적인 수준이며, 기관 투자자들의 매수세가 유입될 가능성이 있습니다.""]",2.6530612244897958,-0.6122448979591837
000270,기아,2024-11-01,97400,Buy,75,"[""기아는 최근 신차 출시 효과와 친환경차 판매 호조로 견조한 실적 개선세를 보이고 있습니다."", ""글로벌 자동차 시장의 회복세와 함께 기아의 수출 물량 증가가 예상되어 긍정적인 주가 흐름을 기대할 수 있습니다."", ""최근 주가 조정 이후 밸류에이션 매력이 부각되며 기관 투자자들의 매수세가 유입될 가능성이 있습니다.""]",-2.8747433264887063,-3.285420944558522
000270,기아,2024-12-02,98000,Buy,75,"[""기아는 최근 견조한 실적 발표와 신차 출시 효과로 인해 투자 심리가 긍정적으로 유지되고 있습니다."", ""글로벌 자동차 시장의 회복세와 전기차 전환 가속화에 대한 기대감이 주가 상승 모멘텀으로 작용할 가능성이 높습니다."", ""현재 주가 수준은 밸류에이션 측면에서 매력적인 구간으로 판단되며, 단기적인 시장 대비 초과 상승 가능성이 있습니다.""]",-2.2448979591836733,2.7551020408163267
000270,기아,2025-01-02,100700,Buy,75,"[""기아는 최근 견조한 판매 실적과 신차 출시 효과로 인해 시장 대비 강세를 보일 가능성이 높습니다."", ""글로벌 자동차 시장의 회복세와 친환경차 전환 가속화는 기아의 장기적인 성장 전망을 긍정적으로 만들고 있습니다."", ""현재 주가 수준은 밸류에이션 측면에서 매력적인 구간에 있으며, 기관 투자자들의 매수세 유입도 기대해 볼 수 있습니다.""]",4.865938430983118,-1.8867924528301887
000270,기아,2025-02-03,96700,Buy,75,"[""최근 기아의 주가는 견조한 실적 발표와 신차 출시 모멘텀에 힘입어 상승세를 유지하고 있습니다."", ""글로벌 자동차 시장의 회복세와 친환경차 판매 증가는 기아의 향후 실적에 긍정적인 영향을 미칠 것으로 예상됩니다."", ""현재 주가 수준은 밸류에이션 측면에서 매력적인 구간으로 판단되며, 단기적인 시장 대비 초과 상승 가능성이 존재합니다.""]",-2.998965873836608,-0.8273009307135472
000270,기아,2025-03-04,95900,Buy,75,"[""기아는 최근 전기차 판매 호조와 신차 출시 효과에 힘입어 견조한 실적 개선세를 보이고 있습니다."", ""글로벌 자동차 시장의 회복세와 더불어 친환경차 전환에 대한 긍정적인 전망이 주가 상승 모멘텀으로 작용할 가능성이 높습니다."", ""현재 주가 수준은 밸류에이션 측면에서 매력적인 구간에 있으며, 단기적인 시장 조정 시에도 상대적으로 방어적인 흐름을 보일 것으로 예상됩니다.""]",3.3368091762252345,-3.962460896767466
000270,기아,2025-04-01,92100,Buy,75,"[""기아는 최근 견조한 실적 발표와 신차 출시 효과로 인해 투자 심리가 긍정적으로 작용할 가능성이 높습니다."", ""글로벌 자동차 시장의 회복세와 친환경차 판매 증가는 기아의 향후 실적 개선에 대한 기대감을 높이고 있습니다."", ""현재 주가 수준은 밸류에이션 측면에서 매력적인 구간으로 판단되며, 단기적인 상승 모멘텀이 기대됩니다.""]",-9.011943539630836,-1.8458197611292075
000270,기아,2025-05-02,88100,Buy,75,"[""기아는 최근 신차 출시 및 친환경차 라인업 강화로 판매량 증가세를 보이고 있으며, 이는 향후 실적 개선에 긍정적인 영향을 미칠 것으로 예상됩니다."", ""글로벌 자동차 시장의 회복세와 함께 기아의 수출 물량 증가 가능성이 높아지고 있어 주가 상승 동력으로 작용할 수 있습니다."", ""최근 주가 조정 이후 기술적 반등 가능성이 있으며, 시장 전반의 투자 심리 회복 시 수혜를 받을 것으로 기대됩니다.""]",4.880817253121453,5.675368898978434
000270,기아,2025-06-02,89600,Buy,75,"[""최근 기아는 신차 출시 효과와 친환경차 판매 호조에 힘입어 견조한 실적 개선세를 보이고 있습니다."", ""글로벌 자동차 시장의 회복세와 더불어 기아의 경쟁력 있는 신차 라인업은 향후 주가 상승 모멘텀을 제공할 것으로 예상됩니다."", ""현재 주가는 밸류에이션 측면에서 매력적인 수준이며, 기관 투자자들의 매수세가 유입될 가능성이 높습니다.""]",9.821428571428571,11.71875
000270,기아,2025-07-01,100000,Buy,75,"[""기아는 최근 신차 출시 및 판매 호조세를 바탕으로 견조한 실적 개선이 기대됩니다."", ""글로벌 자동차 시장의 회복세와 친환경차 전환 가속화는 기아의 장기적인 성장 동력으로 작용할 것입니다."", ""현재 주가는 밸류에이션 측면에서 매력적인 수준이며, 기관 투자자들의 매수세가 유입될 가능성이 있습니다.""]",-0.4,10.4
000270,기아,2025-08-01,102800,Buy,75,"[""기아는 최근 신차 출시 및 친환경차 판매 호조로 긍정적인 실적 모멘텀을 이어가고 있습니다."", ""글로벌 자동차 시장의 회복세와 함께 기아의 경쟁력 있는 신차 라인업은 향후 20거래일 동안 주가 상승을 견인할 가능성이 높습니다."", ""최근 외국인 투자자들의 순매수세가 유입되고 있어 단기적인 주가 상승에 대한 기대감을 높이고 있습니다.""]",-1.1673151750972763,4.280155642023346
000270,기아,2025-09-01,107200,Buy,75,"[""기아는 최근 견조한 판매 실적과 신차 출시 효과로 인해 시장 대비 강세를 보일 가능성이 높습니다."", ""글로벌 자동차 시장의 회복세와 친환경차 전환 가속화는 기아의 장기적인 성장 전망을 긍정적으로 만들고 있습니다."", ""현재 주가 수준은 밸류에이션 측면에서 매력적인 구간에 있어 단기적인 상승 여력이 충분하다고 판단됩니다.""]",-1.585820895522388,-6.063432835820896
000270,기아,2025-10-01,104200,Buy,75,"[""최근 기아는 견조한 판매 실적과 신차 출시 효과에 힘입어 주가 상승 모멘텀을 유지하고 있습니다."", ""글로벌 자동차 시장의 회복세와 더불어 전기차 전환 가속화에 대한 기대감이 주가에 긍정적인 영향을 미칠 것으로 예상됩니다."", ""현재 주가 수준은 밸류에이션 측면에서 매력적인 구간에 있으며, 단기적인 시장 대비 초과 상승 가능성이 높다고 판단됩니다.""]",6.813819577735125,7.485604606525912
000270,기아,2025-11-03,114400,Buy,75,"[""기아는 최근 견조한 판매 실적과 신차 출시 효과에 힘입어 시장 대비 강세를 보일 가능성이 높습니다."", ""글로벌 자동차 시장의 회복세와 친환경차 라인업 강화는 향후 주가 상승에 긍정적인 요인으로 작용할 것입니다."", ""현재 주가 수준은 밸류에이션 측면에서 매력적인 구간으로 판단되며, 단기적인 상승 모멘텀이 기대됩니다.""]",1.3986013986013985,2.272727272727273
000270,기아,2025-12-01,117000,Buy,75,"[""기아는 최근 신차 출시 및 판매 호조에 힘입어 견조한 실적 개선세를 보이고 있습니다."", ""전기차 시장에서의 경쟁력 강화 및 신규 모델 출시에 대한 기대감이 주가 상승 요인으로 작용할 가능성이 높습니다."", ""글로벌 자동차 시장의 회복세와 더불어 기아의 수출 증가세도 긍정적인 영향을 미칠 것으로 예상됩니다.""]",5.811965811965812,3.076923076923077
105560,KB금융,2023-01-02,49050,Buy,75,"[""KB금융은 최근 실적 개선과 배당 매력으로 인해 투자자들의 관심이 지속되고 있습니다."", ""금리 인상 기조가 완화될 조짐을 보이면서 금융 업종 전반에 대한 긍정적인 전망이 나오고 있습니다."", ""증권사들의 목표주가 상향 조정이 이어지면서 단기적인 상승 모멘텀이 기대됩니다.""]",17.83893985728848,14.984709480122325
105560,KB금융,2023-02-01,56400,Buy,75,"[""KB금융은 최근 실적 개선과 배당 매력으로 인해 투자자들의 관심이 높아지고 있습니다."", ""금융 섹터 전반의 긍정적인 전망과 금리 인하 가능성은 KB금융의 주가 상승에 우호적인 환경을 조성합니다."", ""기술적 분석상 단기 지지선을 확보하고 있으며, 거래량 증가와 함께 상승 추세 전환 가능성이 엿보입니다.""]",-3.900709219858156,-11.347517730496454
105560,KB금융,2023-03-02,50000,Neutral,50,"[""KB금융은 금융 업종 전반의 시장 상황과 금리 변동성에 민감하게 반응할 수 있습니다."", ""최근 발표된 실적 및 향후 예상 실적에 대한 긍정적/부정적 요인이 혼재되어 있어 단기적인 방향성 예측이 어렵습니다."", ""거시 경제 지표 및 국내 증시 전반의 흐름에 따라 KB금융의 주가도 영향을 받을 수 있어, 명확한 상승 또는 하락 추세를 판단하기에는 근거가 부족합니다.""]",-0.6,-4.7
105560,KB금융,2023-04-03,47750,Buy,75,"[""KB금융은 최근 실적 개선과 배당 매력으로 인해 투자 심리가 긍정적으로 작용하고 있습니다."", ""금융 섹터 전반의 저평가 인식과 금리 인하 기대감은 KB금융의 주가 상승 여력을 높일 수 있습니다."", ""최근 외국인 투자자들의 순매수세가 유입되고 있어 단기적인 주가 상승 모멘텀을 기대해 볼 수 있습니다.""]",-1.6753926701570683,1.1518324607329842
105560,KB금융,2023-05-02,48300,Buy,75,"[""KB금융은 최근 실적 개선과 배당 매력으로 인해 투자자들의 관심을 받고 있습니다."", ""금리 인상 기조가 완화될 조짐을 보이면서 금융 업종 전반에 대한 투자 심리가 긍정적으로 전환될 가능성이 있습니다."", ""현재 주가는 밸류에이션 측면에서 매력적인 수준으로, 추가 상승 여력이 있다고 판단됩니다.""]",1.8633540372670807,-1.7598343685300208
105560,KB금융,2023-06-01,47450,Buy,75,"[""KB금융은 최근 실적 개선과 배당 매력으로 인해 투자자들의 관심이 높아지고 있습니다."", ""금융 섹터 전반의 긍정적인 전망과 금리 인하 가능성은 KB금융 주가에 상승 동력으로 작용할 수 있습니다."", ""기술적 분석상으로도 현재 주가는 지지선 부근에 위치하며 반등 가능성이 엿보입니다.""]",2.73972602739726,2.528977871443625
105560,KB금융,2023-07-03,48400,Buy,75,"[""KB금융은 최근 실적 개선과 배당 매력으로 인해 투자자들의 관심을 받고 있습니다."", ""금융 섹터 전반의 긍정적인 전망과 금리 인하 가능성이 KB금융의 주가 상승을 뒷받침할 수 있습니다."", ""기술적 분석상 단기 지지선을 형성하고 있으며, 거래량 증가와 함께 상승 추세로 전환될 가능성이 있습니다.""]",-2.37603305785124,9.090909090909092
105560,KB금융,2023-08-01,52600,Buy,75,"[""KB금융은 최근 실적 개선과 배당 매력으로 인해 투자자들의 관심을 받고 있습니다."", ""금융 섹터 전반의 저평가 매력이 부각되면서 KB금융 역시 상승 여력이 충분하다고 판단됩니다."", ""금리 인상 가능성과 경기 회복 기대감은 금융주의 투자 심리를 긍정적으로 이끌 수 있습니다.""]",-3.4220532319391634,2.8517110266159698
105560,KB금융,2023-09-01,54000,Buy,75,"[""KB금융은 최근 실적 개선세를 보이며 안정적인 배당 매력을 가지고 있습니다."", ""금리 인상 기조가 완화될 조짐을 보이면서 금융 업종 전반에 대한 투자 심리가 개선될 가능성이 있습니다."", ""최근 주가 하락으로 밸류에이션 매력이 부각되고 있어 단기 반등을 기대해 볼 수 있습니다.""]",2.2222222222222223,3.3333333333333335
105560,KB금융,2023-10-04,53600,Buy,75,"[""KB금융은 최근 실적 개선과 배당 매력으로 인해 투자 심리가 긍정적입니다."", ""금융 섹터 전반의 저평가 매력이 부각되면서 KB금융도 상승 여력이 충분하다고 판단됩니다."", ""향후 20거래일 동안 금리 인상 가능성 및 경기 회복 기대감은 금융주의 투자 심리를 더욱 강화시킬 수 있습니다.""]",5.597014925373134,-1.8656716417910446
105560,KB금융,2023-11-01,51000,Buy,75,"[""KB금융은 최근 실적 발표에서 견조한 순이익을 기록하며 시장의 기대를 상회했습니다."", ""금융 업종 전반에 대한 긍정적인 전망과 함께 금리 인하 가능성이 KB금융의 수익성 개선에 기여할 것으로 예상됩니다."", ""최근 외국인 투자자들의 매수세가 유입되고 있어 단기적인 주가 상승 모멘텀이 기대됩니다.""]",4.705882352941177,2.7450980392156863
105560,KB금융,2023-12-01,51500,Buy,75,"[""KB금융은 최근 실적 개선과 배당 매력으로 인해 투자자들의 관심을 받고 있습니다."", ""금융 섹터 전반의 저평가 인식과 금리 인상 기대감이 주가 상승 요인으로 작용할 수 있습니다."", ""최근 주가 흐름이 긍정적인 추세를 보이며, 단기적으로 추가 상승 여력이 있다고 판단됩니다.""]",0.1941747572815534,0.3883495145631068
105560,KB금융,2024-01-02,52600,Buy,75,"[""KB금융은 최근 실적 개선세와 배당 매력이 부각되며 기관 투자자들의 매수세가 유입되고 있습니다."", ""한국은행의 기준금리 인하 가능성이 낮아지면서 금융주의 이자 마진 개선 기대감이 유지되고 있습니다."", ""증권사들의 목표주가 상향 조정 리포트가 긍정적인 투자 심리를 자극하고 있습니다.""]",-2.4714828897338403,7.604562737642586
105560,KB금융,2024-02-01,66300,Buy,75,"[""KB금융은 최근 실적 개선세와 배당 매력이 부각되며 기관 투자자들의 매수세가 유입되고 있습니다."", ""금융 섹터 전반의 긍정적인 전망과 금리 인하 기대감은 KB금융의 주가 상승에 우호적인 환경을 조성할 수 있습니다."", ""기술적 분석상 단기 이동평균선들이 정배열을 이루며 상승 추세가 강화되는 모습을 보이고 있습니다.""]",5.128205128205128,5.279034690799397
105560,KB금융,2024-03-04,69500,Buy,75,"[""KB금융은 최근 실적 개선과 배당 매력으로 인해 투자 심리가 긍정적으로 작용하고 있습니다."", ""금융 섹터 전반의 저평가 매력이 부각되면서 KB금융 역시 상승 여력이 충분하다고 판단됩니다."", ""향후 20거래일 동안 금리 인하 기대감 등 거시 경제 환경 변화가 금융주에 우호적으로 작용할 가능성이 있습니다.""]",5.323741007194244,-0.8633093525179856
105560,KB금융,2024-04-01,68900,Buy,75,"[""KB금융은 최근 실적 개선과 배당 매력으로 인해 투자 심리가 긍정적으로 작용할 가능성이 높습니다."", ""금융 섹터 전반의 저평가 매력이 부각되면서 KB금융 역시 상대적인 강세를 보일 수 있습니다."", ""금리 인하 기대감이 금융주의 주가 상승 모멘텀으로 작용할 수 있으며, 이는 KB금융의 주가에도 긍정적인 영향을 줄 것으로 예상됩니다.""]",0.29027576197387517,4.934687953555878
105560,KB금융,2024-05-02,73700,Buy,75,"[""KB금융은 최근 실적 개선과 배당 매력으로 인해 투자자들의 관심이 높아지고 있습니다."", ""금융업종 전반의 저평가 인식이 확산되면서 KB금융 역시 밸류에이션 매력이 부각될 가능성이 있습니다."", ""향후 금리 인하 기대감이 낮아지고 금융 시장의 안정성이 확보될 경우, KB금융의 주가 상승 여력이 충분하다고 판단됩니다.""]",10.719131614654003,5.291723202170964
105560,KB금융,2024-06-03,77600,Buy,75,"[""KB금융은 최근 실적 개선과 배당 매력으로 인해 투자자들의 관심을 받고 있습니다."", ""금융 섹터 전반의 긍정적인 전망과 금리 인하 가능성은 KB금융 주가에 우호적인 요인으로 작용할 수 있습니다."", ""기술적 분석상으로도 현재 주가 수준은 지지력을 확보하고 있으며, 상승 추세로 전환될 가능성이 있습니다.""]",1.9329896907216495,8.762886597938143
105560,KB금융,2024-07-01,83200,Buy,75,"[""KB금융은 최근 실적 개선과 배당 매력으로 인해 투자자들의 관심이 높아지고 있습니다."", ""금융 섹터 전반의 긍정적인 전망과 금리 인하 가능성이 KB금융의 주가 상승에 기여할 수 있습니다."", ""기술적 분석상 단기 지지선을 형성하며 반등 가능성을 시사하고 있습니다.""]",2.403846153846154,7.331730769230769
105560,KB금융,2024-08-01,83200,Buy,75,"[""KB금융은 현재 저평가된 수준으로 판단되며, 향후 실적 개선 기대감이 주가 상승을 견인할 가능성이 높습니다."", ""최근 금융 섹터 전반의 긍정적인 흐름과 금리 인하 가능성 시사 등 우호적인 매크로 환경이 KB금융 주가에 긍정적인 영향을 줄 것으로 예상됩니다."", ""배당 매력 또한 높아 기관 투자자들의 꾸준한 매수세가 유입될 것으로 전망됩니다.""]",-1.5625,5.408653846153847
105560,KB금융,2024-09-02,87000,Buy,75,"[""KB금융은 금융업종 내에서 안정적인 실적과 배당 매력을 보유하고 있어 시장 대비 꾸준한 흐름을 이어갈 가능성이 높습니다."", ""최근 금리 인상 기조 완화 기대감은 금융주의 밸류에이션 부담을 완화시켜 투자 심리를 개선할 수 있습니다."", ""증권사들의 목표주가 상향 조정 리포트가 꾸준히 나오고 있어 단기적인 상승 모멘텀을 기대해 볼 수 있습니다.""]",-4.712643678160919,2.7586206896551726
105560,KB금융,2024-10-02,82600,Buy,75,"[""KB금융은 최근 실적 개선세와 배당 매력이 부각되며 기관 투자자들의 매수세가 유입되고 있습니다."", ""금융 섹터 전반의 긍정적인 전망과 금리 인하 기대감은 KB금융 주가에 우호적인 영향을 줄 수 있습니다."", ""현재 주가는 밸류에이션 측면에서 매력적인 수준으로, 단기적인 상승 여력이 충분하다고 판단됩니다.""]",17.675544794188863,9.806295399515738
105560,KB금융,2024-11-01,90700,Buy,75,"[""KB금융은 최근 실적 개선과 배당 매력으로 인해 투자 심리가 긍정적인 흐름을 보이고 있습니다."", ""금융 섹터 전반의 저평가 매력이 부각되면서 KB금융 역시 상승 여력이 충분하다고 판단됩니다."", ""향후 20거래일 동안 금리 인하 기대감 등 거시 경제 환경 변화가 금융주에 우호적으로 작용할 가능성이 있습니다.""]",2.2050716648291067,6.284454244762955
105560,KB금융,2024-12-02,101200,Buy,75,"[""KB금융은 최근 실적 개선세와 배당 매력으로 인해 투자자들의 관심이 지속되고 있습니다."", ""금융 섹터 전반의 상승 추세와 금리 인하 기대감은 KB금융의 주가 상승에 긍정적인 영향을 줄 수 있습니다."", ""기술적 분석상 단기 지지선을 확보하고 있으며, 거래량 증가와 함께 상승 모멘텀이 강화될 가능성이 있습니다.""]",-17.687747035573125,-17.193675889328063
105560,KB금융,2025-01-02,83800,Buy,75,"[""KB금융은 최근 실적 개선과 배당 매력으로 인해 투자자들의 관심을 받고 있습니다."", ""금융 섹터 전반의 긍정적인 전망과 금리 인하 가능성은 KB금융의 주가 상승에 우호적인 환경을 조성할 수 있습니다."", ""기술적 분석상 단기 지지선을 확보하고 있으며, 거래량 증가와 함께 상승 추세로 전환될 가능성이 있습니다.""]",4.77326968973747,1.3126491646778042
105560,KB금융,2025-02-03,91300,Buy,75,"[""KB금융은 최근 실적 개선과 배당 매력으로 투자 심리가 긍정적입니다."", ""금융 섹터 전반의 저평가 인식과 금리 인하 기대감이 주가 상승 요인으로 작용할 수 있습니다."", ""기관 투자자들의 꾸준한 매수세가 유입되며 단기적인 상승 모멘텀을 지지하고 있습니다.""]",-7.776560788608982,-16.10076670317634
105560,KB금융,2025-03-04,76600,Buy,75,"[""KB금융은 최근 실적 개선과 배당 매력으로 기관 투자자들의 매수세가 유입되고 있습니다."", ""금융 섹터 전반의 긍정적인 전망과 금리 인하 기대감은 KB금융의 주가 상승에 우호적인 환경을 조성하고 있습니다."", ""기술적 분석상 단기 이동평균선들이 정배열을 이루며 상승 추세가 강화되는 모습입니다.""]",0.39164490861618795,5.091383812010443
105560,KB금융,2025-04-01,80500,Buy,75,"[""KB금융은 최근 실적 개선과 배당 매력으로 인해 투자자들의 관심을 받고 있습니다."", ""금융 섹터 전반의 저평가 인식과 금리 인상 기대감은 KB금융 주가에 긍정적인 영향을 줄 수 있습니다."", ""기술적 분석상으로도 단기 지지선을 형성하며 상승 전환 가능성을 보여주고 있습니다.""]",-11.925465838509316,12.049689440993788
105560,KB금융,2025-05-02,93600,Buy,75,"[""KB금융은 최근 실적 개선과 배당 매력으로 인해 투자자들의 관심을 받고 있습니다."", ""금융 섹터 전반의 긍정적인 전망과 금리 인하 기대감은 KB금융 주가에 긍정적인 영향을 줄 수 있습니다."", ""기술적 분석상 단기 지지선을 형성하며 반등 가능성을 시사하고 있습니다.""]",-0.2136752136752137,13.568376068376068
105560,KB금융,2025-06-02,107900,Buy,75,"[""KB금융은 최근 실적 개선과 배당 매력으로 인해 투자 심리가 긍정적으로 작용하고 있습니다."", ""금융 섹터 전반의 상승 추세와 금리 인하 기대감은 KB금융의 주가 상승에 우호적인 환경을 조성할 수 있습니다."", ""기술적 분석상 주요 지지선을 성공적으로 돌파하며 상승 모멘텀을 확보한 것으로 판단됩니다.""]",-1.8535681186283595,8.341056533827619
105560,KB금융,2025-07-01,113500,Neutral,50,"[""KB금융은 현재 113,500원으로, 단기적인 시장 대비 상승 또는 하락을 명확하게 예측할 만한 뚜렷한 모멘텀이 부족합니다."", ""최근 금융 시장 전반의 불확실성과 금리 변동성 등이 KB금융의 주가 방향성에 영향을 미칠 수 있어 예측이 어렵습니다."", ""향후 20거래일 동안 발표될 실적 발표, 금융 정책 변화, 거시 경제 지표 등 추가적인 정보가 주가 방향성을 결정하는 데 중요한 역할을 할 것입니다.""]",4.317180616740088,-0.6167400881057269
105560,KB금융,2025-08-01,108400,Buy,75,"[""KB금융은 최근 실적 개선과 배당 매력으로 인해 투자자들의 관심을 받고 있습니다."", ""금융 섹터 전반의 긍정적인 전망과 금리 인하 가능성은 KB금융의 주가 상승에 우호적인 환경을 조성할 수 있습니다."", ""기술적 분석상 현재 주가는 지지선 부근에 위치하며 반등 가능성을 시사하고 있습니다.""]",3.9667896678966788,0.36900369003690037
105560,KB금융,2025-09-01,108800,Buy,75,"[""KB금융은 최근 실적 개선과 배당 매력으로 인해 투자자들의 관심이 높아지고 있습니다."", ""금융 섹터 전반의 긍정적인 전망과 금리 인하 가능성은 KB금융의 주가 상승에 우호적인 환경을 조성할 수 있습니다."", ""기술적 분석상 주요 지지선을 돌파하며 상승 추세를 이어갈 가능성이 있습니다.""]",1.0110294117647058,6.158088235294118
105560,KB금융,2025-10-01,116800,Buy,75,"[""KB금융은 최근 실적 개선과 배당 매력으로 인해 투자자들의 관심을 받고 있습니다."", ""금융 섹터 전반의 긍정적인 전망과 금리 인하 기대감이 KB금융 주가에 긍정적인 영향을 줄 수 있습니다."", ""기술적 분석상 단기 지지선을 형성하며 상승 전환 가능성을 보여주고 있습니다.""]",-2.654109589041096,7.277397260273973
105560,KB금융,2025-11-03,121900,Buy,75,"[""KB금융은 최근 실적 개선세와 배당 매력으로 인해 투자자들의 관심을 받고 있습니다."", ""금융 섹터 전반의 긍정적인 전망과 금리 인하 기대감은 KB금융의 주가 상승에 우호적인 환경을 조성할 수 있습니다."", ""기술적 분석상 단기 지지선을 확보하고 있으며, 추가 상승 여력이 관찰됩니다.""]",7.219031993437245,8.285479901558656
105560,KB금융,2025-12-01,132000,Buy,75,"[""KB금융은 최근 실적 개선과 배당 매력으로 인해 투자자들의 관심을 받고 있습니다."", ""금융 섹터 전반의 긍정적인 전망과 금리 인하 가능성은 KB금융의 주가 상승에 우호적인 환경을 조성할 수 있습니다."", ""기술적 분석상으로도 단기 지지선을 형성하며 반등 가능성을 시사하고 있습니다.""]",-4.545454545454546,-6.59090909090909
055550,신한지주,2023-01-02,35000,Neutral,50,"[""신한지주의 최근 주가 흐름은 뚜렷한 상승 또는 하락 추세를 보이지 않고 횡보하는 구간에 있습니다."", ""현재 시장 전반의 불확실성이 높아 금융 업종의 방향성을 예측하기 어려운 상황입니다."", ""향후 20거래일 내 특별한 모멘텀이 발생하지 않는다면 현재의 박스권 흐름이 이어질 가능성이 있습니다.""]",16.857142857142858,17.857142857142858
055550,신한지주,2023-02-01,41250,Buy,70,"[""신한지주는 금융 업종 대표주로서 금리 인상 기조가 이어질 경우 순이자마진(NIM) 개선 기대감이 주가에 긍정적으로 작용할 수 있습니다."", ""최근 실적 발표에서 견조한 이익 성장세를 보여주며 투자 심리를 개선시키고 있습니다."", ""배당 매력 또한 꾸준히 유지되고 있어 단기적인 주가 하방 경직성을 확보할 수 있습니다.""]",-3.0303030303030303,-10.181818181818182
055550,신한지주,2023-03-02,37050,Neutral,50,"[""신한지주의 최근 20거래일 주가 흐름은 뚜렷한 상승 또는 하락 추세를 보이지 않고 횡보하는 경향을 나타내고 있습니다."", ""현재 시장 전반의 불확실성이 높아 금융 업종 전반에 대한 투자 심리가 유보적인 상황입니다."", ""향후 20거래일 동안 금리 변동, 금융 규제 변화 등 외부 요인에 따라 주가 방향성이 달라질 수 있어 명확한 방향성 판단이 어렵습니다.""]",-3.3738191632928474,-4.588394062078273
055550,신한지주,2023-04-03,35150,Neutral,50,"[""신한지주의 최근 주가 흐름은 뚜렷한 상승 또는 하락 추세를 보이지 않고 횡보하는 구간에 있습니다."", ""현재 금리 인상 기조가 완화될 가능성이 제기되고 있으나, 금융 시장 전반의 불확실성이 여전히 남아 있어 신한지주에 대한 명확한 방향성을 제시하기 어렵습니다."", ""향후 20거래일 동안 발표될 경제 지표 및 금융 당국의 정책 변화에 따라 주가 변동성이 나타날 수 있으므로, 현재로서는 보수적인 관점에서 중립적인 신호를 제시합니다.""]",-1.422475106685633,-0.8534850640113799
055550,신한지주,2023-05-02,34850,Neutral,50,"[""신한지주의 최근 20거래일 주가 추세는 뚜렷한 상승 또는 하락 모멘텀을 보이지 않고 횡보하는 경향을 나타내고 있습니다."", ""현재 금리 인상 사이클의 정점 혹은 완화 가능성에 대한 시장의 기대감이 혼재되어 있어 금융업종 전반의 방향성 예측이 어려운 상황입니다."", ""거시 경제 지표의 불확실성과 더불어 국내 증시 전반의 변동성이 높아 신한지주 역시 단기적인 방향성을 명확히 판단하기 어렵습니다.""]",1.291248206599713,0.2869440459110474
055550,신한지주,2023-06-01,34950,Neutral,50,"[""신한지주의 최근 20거래일 주가 흐름은 뚜렷한 추세를 보이지 않고 횡보하는 모습을 나타내고 있습니다."", ""현재 금리 인상 사이클의 정점 가능성과 경기 침체 우려가 혼재하며 금융 업종 전반에 대한 투자 심리가 불확실한 상황입니다."", ""향후 20거래일 동안 발표될 주요 경제 지표 및 금융 정책 변화에 따라 주가 방향성이 결정될 가능성이 높아 현재로서는 명확한 매수 또는 매도 신호를 판단하기 어렵습니다.""]",0.8583690987124464,-1.2875536480686696
055550,신한지주,2023-07-03,34100,Buy,75,"[""신한지주는 금융업종 내에서 안정적인 실적을 바탕으로 꾸준한 배당 매력을 가지고 있습니다."", ""최근 금리 인상 기조 완화 및 경기 회복 기대감은 금융주 전반에 긍정적인 영향을 미칠 수 있습니다."", ""기술적 분석상 현재 주가는 지지선 부근에 위치하며 반등 가능성이 존재합니다.""]",-2.785923753665689,5.425219941348973
055550,신한지주,2023-08-01,35600,Buy,75,"[""신한지주는 금융 섹터 내에서 안정적인 실적과 배당 매력을 보유하고 있어 시장 대비 상대적 강세를 보일 가능성이 높습니다."", ""최근 금리 인하 기대감이 완화되고 있지만, 금융주 전반의 밸류에이션 매력이 부각될 수 있습니다."", ""기관 투자자들의 꾸준한 매수세가 유입되고 있으며, 이는 단기적인 주가 상승 동력으로 작용할 수 있습니다.""]",-1.4044943820224718,-0.1404494382022472
055550,신한지주,2023-09-01,35700,Neutral,50,"[""신한지주의 최근 20거래일간 주가 흐름은 뚜렷한 상승 또는 하락 추세를 보이지 않고 횡보하는 경향을 나타내고 있습니다."", ""현재 시장 전반의 불확실성이 존재하며, 금융 업종에 대한 투자 심리가 명확하게 형성되지 않은 상황입니다."", ""향후 20거래일 동안 신한지주의 주가에 영향을 미칠 만한 특별한 모멘텀이나 부정적인 요인이 현재로서는 두드러지지 않아 방향성 판단이 어렵습니다.""]",2.100840336134454,-0.9803921568627451
055550,신한지주,2023-10-04,34300,Buy,75,"[""신한지주는 금융 업종 내에서 안정적인 실적을 바탕으로 꾸준한 배당 매력을 가지고 있어 시장 대비 강세를 보일 가능성이 높습니다."", ""최근 금리 인상 기조 완화 및 경기 회복 기대감은 금융주의 투자 심리를 개선시키는 요인으로 작용할 수 있습니다."", ""기술적 분석상 현재 주가는 주요 지지선 부근에 위치하며, 단기 반등 가능성을 시사하고 있습니다.""]",3.498542274052478,1.749271137026239
055550,신한지주,2023-11-01,34500,Neutral,50,"[""신한지주의 최근 20거래일 주가 추세는 뚜렷한 상승 또는 하락 모멘텀을 보이지 않고 횡보하는 경향을 나타내고 있습니다."", ""현재 금리 인상 사이클의 정점 가능성과 향후 금리 인하 기대감이 혼재되어 금융 업종 전반의 방향성 예측이 불확실한 상황입니다."", ""거시 경제 지표의 변동성과 국내외 정치적 이벤트 등 외부 요인이 신한지주의 주가에 미칠 영향에 대한 명확한 예측이 어렵습니다.""]",0.8695652173913043,6.956521739130435
055550,신한지주,2023-12-01,36750,Neutral,50,"[""신한지주의 최근 20거래일 주가 흐름은 뚜렷한 상승 또는 하락 추세를 보이지 않고 횡보하는 경향을 나타내고 있습니다."", ""현재 금리 인상 가능성이 낮아지고 경기 둔화 우려가 부각되면서 금융 업종 전반에 대한 투자 심리가 중립적인 상황입니다."", ""특별한 대외 변수나 신한지주 자체의 강력한 호재 또는 악재가 부재하여 단기적인 방향성을 예측하기 어렵습니다.""]",-0.40816326530612246,1.4965986394557822
055550,신한지주,2024-01-02,37900,Buy,75,"[""신한지주는 금융 업종 내에서 안정적인 실적을 바탕으로 꾸준한 배당 매력을 가지고 있습니다."", ""최근 금리 인상 기조가 완화될 조짐을 보이며 금융주의 부담이 줄어들 가능성이 있습니다."", ""증시 전반의 낙폭 과대 인식과 함께 저가 매수세 유입 가능성이 존재합니다.""]",-3.034300791556728,7.783641160949868
055550,신한지주,2024-02-01,45300,Buy,75,"[""신한지주는 금융 업종 내에서 안정적인 실적을 바탕으로 꾸준한 배당 매력을 가지고 있어 시장 대비 강세가 예상됩니다."", ""최근 금리 인상 가능성 축소 및 경기 회복 기대감은 금융주의 투자 심리를 개선시키는 요인으로 작용할 수 있습니다."", ""기술적 분석상 현재 주가는 지지선 부근에서 반등 가능성을 시사하고 있으며, 거래량 증가와 함께 상승 추세 전환을 기대해 볼 수 있습니다.""]",-1.7660044150110374,0.6622516556291391
055550,신한지주,2024-03-04,44050,Neutral,50,"[""신한지주의 최근 20거래일 주가 추세는 뚜렷한 상승 또는 하락 모멘텀을 보여주지 않고 횡보하는 경향을 보이고 있습니다."", ""현재 금리 인상 기조가 완화될 가능성이 제기되면서 금융주 전반에 대한 투자 심리가 혼조세를 보이고 있으며, 이는 신한지주에도 영향을 미칠 수 있습니다."", ""향후 20거래일 동안 발표될 주요 경제 지표 및 금융 시장의 변동성에 따라 신한지주의 주가 방향성이 결정될 것으로 예상되므로, 현재로서는 명확한 방향성을 판단하기 어렵습니다.""]",3.2917139614074915,1.9296254256526675
055550,신한지주,2024-04-01,44900,Buy,75,"[""신한지주는 현재 저평가된 수준으로 판단되며, 향후 금리 인하 기대감 및 금융 섹터 전반의 긍정적인 전망이 주가 상승을 견인할 가능성이 있습니다."", ""최근 실적 발표에서 견조한 순이익을 기록하며 재무 건전성을 입증하였고, 이는 투자 심리 개선에 긍정적인 영향을 미칠 것으로 예상됩니다."", ""기관 투자자들의 꾸준한 매수세가 유입되고 있으며, 이는 단기적인 주가 상승 모멘텀으로 작용할 수 있습니다.""]",-2.89532293986637,2.0044543429844097
055550,신한지주,2024-05-02,46450,Neutral,50,"[""신한지주의 최근 20거래일간 주가 흐름은 뚜렷한 상승 또는 하락 추세를 보이지 않고 횡보하는 경향을 나타내고 있습니다."", ""현재 금리 인상 기조가 완화될 가능성이 제기되면서 금융 업종 전반에 대한 투자 심리가 혼조세를 보이고 있어 신한지주 역시 명확한 방향성을 잡기 어려운 상황입니다."", ""향후 20거래일 동안 발표될 국내외 경제 지표 및 금융 시장 변동성에 따라 주가 방향성이 달라질 수 있어 현재로서는 중립적인 관점을 유지하는 것이 합리적입니다.""]",2.798708288482239,-2.2604951560818085
055550,신한지주,2024-06-03,45400,Buy,75,"[""신한지주는 금융업종 내에서 안정적인 실적과 배당 매력을 보유하고 있어 시장 대비 우수한 성과를 기대할 수 있습니다."", ""최근 금리 인상 기조 완화 가능성이 제기되면서 금융주의 투자 심리가 개선될 여지가 있습니다."", ""최근 주가 하락은 단기적인 조정으로 해석되며, 펀더멘털 대비 저평가 구간에 진입했을 가능성이 있습니다.""]",5.286343612334802,12.555066079295155
055550,신한지주,2024-07-01,49500,Neutral,50,"[""신한지주는 금융 업종 전반의 흐름과 금리 변동성에 영향을 많이 받는 종목으로, 향후 20거래일 내 뚜렷한 시장 대비 상승 또는 하락을 단정하기 어렵습니다."", ""최근 금융주들은 금리 인상 기대감과 경기 침체 우려가 혼재하며 변동성을 보이고 있어 신한지주 역시 이러한 흐름을 따를 가능성이 높습니다."", ""특별한 악재나 호재가 부각되지 않는 한, 단기적인 시장 흐름에 따라 등락을 반복하며 뚜렷한 방향성을 보이지 않을 것으로 예상됩니다.""]",4.040404040404041,20.2020202020202
055550,신한지주,2024-08-01,57100,Neutral,50,"[""신한지주의 최근 주가 흐름은 뚜렷한 상승 또는 하락 추세를 보이지 않고 횡보하는 구간에 있습니다."", ""금리 인상 및 인하에 대한 시장의 불확실성이 금융 업종 전반의 투자 심리에 영향을 미칠 수 있습니다."", ""향후 20거래일 동안의 구체적인 시장 상황 변화나 신한지주 관련 주요 뉴스 발표 여부에 따라 주가 방향성이 달라질 수 있어 현재로서는 명확한 판단이 어렵습니다.""]",-5.42907180385289,-1.4010507880910683
055550,신한지주,2024-09-02,57200,Buy,75,"[""최근 금융 섹터 전반의 긍정적인 흐름과 금리 인하 기대감은 은행주에 우호적인 환경을 조성하고 있습니다."", ""신한지주는 견조한 순이익 성장세를 유지하고 있으며, 배당 매력 또한 투자 심리를 자극할 수 있습니다."", ""현재 주가는 밸류에이션 측면에서 매력적인 수준으로, 단기적인 시장 상승 시 수혜를 받을 가능성이 높습니다.""]",-1.048951048951049,-3.146853146853147
055550,신한지주,2024-10-02,54900,Buy,75,"[""신한지주는 금융 섹터 내에서 안정적인 실적을 바탕으로 꾸준한 배당 매력을 가지고 있어 시장 대비 상대적인 강세를 보일 가능성이 높습니다."", ""최근 금리 인하 기대감과 더불어 금융주의 밸류에이션 매력이 부각되면서 투자 심리가 긍정적으로 작용할 것으로 예상됩니다."", ""최근 주가 흐름이 횡보세를 보이며 매물 소화 과정을 거친 후 상승 모멘텀을 기대해 볼 수 있는 구간입니다.""]",5.828779599271402,-0.7285974499089253
055550,신한지주,2024-11-01,54500,Buy,75,"[""신한지주는 금융 업종 내에서 안정적인 실적을 바탕으로 꾸준한 배당 매력을 보유하고 있습니다."", ""최근 금리 인하 기대감과 함께 금융주의 밸류에이션 매력이 부각될 가능성이 있습니다."", ""기관 투자자들의 꾸준한 매수세가 유입되고 있어 단기적인 상승 모멘텀을 기대해 볼 수 있습니다.""]",3.669724770642202,-1.1009174311926606
055550,신한지주,2024-12-02,56400,Buy,75,"[""신한지주는 금융 업종 대표주로서 금리 인상 기조가 이어질 경우 순이자마진(NIM) 개선 기대감이 작용할 수 있습니다."", ""최근 증시 전반의 변동성이 확대되고 있으나, 금융주는 상대적으로 안정적인 배당 매력을 바탕으로 방어주 성격이 부각될 수 있습니다."", ""향후 20거래일 동안 발표될 경제 지표 및 금리 관련 뉴스가 신한지주의 주가에 긍정적인 영향을 미칠 가능성이 있습니다.""]",-11.436170212765957,-14.539007092198581
055550,신한지주,2025-01-02,48200,Neutral,50,"[""신한지주의 최근 20거래일 주가 추세는 뚜렷한 상승 또는 하락 모멘텀을 보이지 않고 횡보하는 경향을 나타내고 있습니다."", ""현재 금리 인상 사이클의 정점 가능성과 금융 시장의 불확실성이 공존하며, 이는 금융주 전반에 대한 투자 심리에 혼조세를 유발할 수 있습니다."", ""향후 20거래일 동안 발표될 주요 경제 지표 및 금융 정책 변화에 따라 주가 방향성이 달라질 수 있어 현재로서는 명확한 방향성을 판단하기 어렵습니다.""]",3.423236514522822,3.7344398340248963
055550,신한지주,2025-02-03,51000,Neutral,50,"[""신한지주는 금융 업종 대표주로서 거시 경제 지표 및 금리 변동에 민감하게 반응할 수 있습니다."", ""최근 주가 흐름은 뚜렷한 방향성을 보이지 않고 있으며, 시장 전반의 불확실성이 존재합니다."", ""향후 20거래일 동안 특별한 모멘텀이 발생하지 않는다면 현재 수준에서 횡보할 가능성이 있습니다.""]",-3.7254901960784315,-12.450980392156863
055550,신한지주,2025-03-04,44650,Neutral,50,"[""신한지주는 금융 섹터 내에서 안정적인 실적을 보이고 있으나, 최근 금리 인상 기조의 불확실성과 경기 둔화 우려가 주가에 상방 및 하방 압력을 동시에 가하고 있습니다."", ""향후 20거래일 동안 발표될 주요 경제 지표 및 금융 정책 관련 뉴스가 신한지주의 주가 방향성에 중요한 영향을 미칠 것으로 예상되나, 현재로서는 명확한 방향성을 예측하기 어렵습니다."", ""기술적 분석 측면에서도 뚜렷한 추세가 나타나지 않아, 시장 전반의 흐름과 거시 경제 변수를 추가적으로 관찰하며 신중한 접근이 필요합니다.""]",1.1198208286674132,9.070548712206048
055550,신한지주,2025-04-01,48700,Buy,75,"[""신한지주는 금융 업종 내에서 안정적인 실적과 배당 매력을 바탕으로 꾸준한 수요가 예상됩니다."", ""최근 금리 인상 기조 완화 가능성이 제기되면서 금융주의 밸류에이션 매력이 부각될 수 있습니다."", ""주요 경쟁사 대비 상대적으로 양호한 재무 건전성과 자산 건전성이 투자 심리에 긍정적인 영향을 미칠 것으로 보입니다.""]",-10.472279260780287,5.544147843942506
055550,신한지주,2025-05-02,51100,Buy,75,"[""신한지주는 금융업종 내에서 안정적인 실적을 바탕으로 꾸준한 배당 매력을 보유하고 있습니다."", ""최근 금리 인상 기조 완화 기대감은 은행주의 밸류에이션에 긍정적인 영향을 줄 수 있습니다."", ""향후 20거래일 동안 시장 전반의 변동성이 크지 않다면, 상대적으로 안정적인 흐름을 보일 가능성이 높습니다.""]",1.36986301369863,15.851272015655576
055550,신한지주,2025-06-02,59900,Buy,75,"[""신한지주는 금융 업종 대표주로서 금리 인상 기조 속에서 순이자마진(NIM) 개선 기대감이 존재합니다."", ""최근 증권사 리포트에서 목표주가 상향 조정이 이어지며 긍정적인 전망을 제시하고 있습니다."", ""외국인 투자자들의 꾸준한 매수세가 유입되며 주가 상승 동력으로 작용할 가능성이 높습니다.""]",-2.1702838063439067,6.3439065108514185
055550,신한지주,2025-07-01,61700,Buy,75,"[""신한지주는 금융업종 내에서 안정적인 실적을 바탕으로 꾸준한 배당 매력을 보유하고 있어 시장 대비 상승 가능성이 높습니다."", ""최근 금리 인상 기조 완화 및 경기 회복 기대감은 금융주의 투자 심리를 개선시키는 요인으로 작용할 수 있습니다."", ""기술적 분석상 현재 주가는 지지선 부근에 위치하며, 단기 반등 가능성을 시사하고 있습니다.""]",13.12803889789303,11.66936790923825
055550,신한지주,2025-08-01,65900,Buy,75,"[""신한지주는 금융 업종 내에서 안정적인 실적과 배당 매력을 보유하고 있어 시장 대비 상승 가능성이 있습니다."", ""최근 금리 인하 기대감은 금융주의 주가 상승 모멘텀으로 작용할 수 있습니다."", ""최근 주가 흐름이 긍정적인 추세를 보이고 있으며, 기관 투자자들의 매수세가 유입되고 있습니다.""]",5.311077389984825,-1.5174506828528074
055550,신한지주,2025-09-01,64900,Buy,75,"[""신한지주는 금융 업종 내에서 안정적인 실적과 배당 매력을 보유하고 있어 시장 대비 상승 가능성이 있습니다."", ""최근 금리 인상 기조 완화 및 경기 회복 기대감은 금융주의 투자 심리를 개선시키는 요인으로 작용할 수 있습니다."", ""기술적 분석상 현재 주가는 지지선 부근에 위치하며, 단기 반등 가능성을 시사하고 있습니다.""]",0.6163328197226503,9.090909090909092
055550,신한지주,2025-10-01,71400,Neutral,50,"[""신한지주의 최근 20거래일 주가 추세는 뚜렷한 상승 또는 하락 모멘텀을 보이지 않고 횡보하는 경향을 나타내고 있습니다."", ""현재 금리 인상 사이클의 막바지 혹은 금리 동결 가능성이 제기되면서 금융 업종 전반의 투자 심리가 불확실한 상황입니다."", ""거시 경제 지표 및 국내 증시 전반의 방향성이 명확하게 결정되지 않아 신한지주 역시 뚜렷한 방향성을 제시하기 어려운 상황입니다.""]",1.8207282913165268,10.92436974789916
055550,신한지주,2025-11-03,76400,Buy,75,"[""신한지주는 금융 업종 내에서 안정적인 실적과 배당 매력을 보유하고 있어 시장 대비 강세를 보일 가능성이 높습니다."", ""최근 금리 인상 기조 완화 및 경기 회복 기대감은 금융주의 투자 심리를 개선시키는 요인으로 작용할 수 있습니다."", ""기술적 분석상 현재 주가는 지지선 부근에 위치하며, 단기 반등 가능성을 시사하고 있습니다.""]",2.094240837696335,6.544502617801047
055550,신한지주,2025-12-01,81400,Buy,75,"[""신한지주는 금융업종 내에서 안정적인 실적을 바탕으로 꾸준한 배당 매력을 가지고 있습니다."", ""최근 금리 인상 기조가 완화될 가능성이 제기되면서 금융주의 밸류에이션 부담이 완화될 수 있습니다."", ""증권사 리포트 등에서 목표 주가를 상향 조정하는 등 긍정적인 전망이 나오고 있습니다.""]",-3.6855036855036856,-5.896805896805897
035720,카카오,2023-01-02,53300,Neutral,50,"[""카카오는 최근 20거래일 동안 시장 대비 큰 변동성을 보이지 않고 횡보하는 흐름을 이어가고 있습니다."", ""AI 관련 성장 기대감과 플랫폼 사업의 안정적인 수익 창출 가능성이 상존하지만, 규제 리스크 및 경쟁 심화 우려도 여전히 존재합니다."", ""현재로서는 뚜렷한 상승 또는 하락 모멘텀이 부재하여 향후 20거래일 동안 시장 대비 방향성을 명확히 판단하기 어렵습니다.""]",13.883677298311445,21.013133208255162
035720,카카오,2023-02-01,64500,Neutral,50,"[""카카오는 최근 횡보세를 보이며 뚜렷한 방향성을 나타내지 않고 있습니다."", ""거시 경제 불확실성 및 금리 인상 가능성 등이 투자 심리에 부정적인 영향을 미칠 수 있습니다."", ""플랫폼 규제 완화 기대감 등 긍정적인 요인도 존재하나, 현재로서는 상반된 요인들이 혼재되어 있어 명확한 방향성 판단이 어렵습니다.""]",9.922480620155039,-5.426356589147287
035720,카카오,2023-03-02,61000,Neutral,50,"[""카카오는 최근 횡보세를 보이며 뚜렷한 방향성을 나타내지 않고 있습니다."", ""거시 경제 불확실성과 플랫폼 규제 리스크가 여전히 존재하여 투자 심리에 영향을 미칠 수 있습니다."", ""신규 사업 성장 가능성과 기존 사업의 안정성이 상충하며 단기적인 주가 방향 예측이 어렵습니다.""]",-4.754098360655737,0.16393442622950818
035720,카카오,2023-04-03,60700,Neutral,50,"[""카카오의 최근 주가 흐름은 뚜렷한 상승 또는 하락 추세를 보이지 않고 횡보하는 구간에 있습니다."", ""거시 경제 지표나 금리 관련 불확실성이 여전히 존재하며, 이는 카카오와 같은 성장주에 부담으로 작용할 수 있습니다."", ""카카오의 신사업 성장성 및 기존 사업의 수익성 개선에 대한 기대감과 규제 리스크 및 경쟁 심화 우려가 상존하여 단기적인 방향성 판단이 어렵습니다.""]",-2.3064250411861615,-3.9538714991762767
035720,카카오,2023-05-02,58300,Neutral,50,"[""카카오는 최근 20거래일 동안 시장 대비 큰 변동성을 보이지 않고 횡보하는 추세를 나타내고 있습니다."", ""현재 주가 수준은 단기적인 방향성을 명확히 판단하기 어려운 구간에 있으며, 뚜렷한 상승 또는 하락 모멘텀이 부재합니다."", ""향후 20거래일 동안 카카오의 주가 방향은 거시 경제 지표 변화, 플랫폼 사업 성장성, 규제 리스크 등 다양한 요인에 의해 영향을 받을 수 있어 예측이 어렵습니다.""]",-3.9451114922813035,-1.8867924528301887
035720,카카오,2023-06-01,57200,Neutral,50,"[""카카오는 최근 횡보세를 보이며 뚜렷한 방향성을 제시하지 않고 있습니다."", ""거시 경제 불확실성과 금리 인상 기조가 투자 심리에 부담으로 작용할 수 있습니다."", ""하지만 카카오의 핵심 사업 부문(플랫폼, 콘텐츠)의 성장 잠재력은 여전히 존재하며, 단기적인 모멘텀 부재에도 불구하고 중장기적인 관점에서는 긍정적인 요인으로 작용할 수 있습니다.""]",-1.048951048951049,-10.839160839160838
035720,카카오,2023-07-03,49950,Neutral,50,"[""카카오는 최근 횡보세를 보이며 뚜렷한 방향성을 나타내지 않고 있습니다."", ""거시 경제 불확실성과 금리 인상 가능성 등은 투자 심리에 부정적인 영향을 미칠 수 있습니다."", ""하지만 플랫폼 경쟁력과 신사업 성장 가능성은 여전히 존재하며, 이는 주가 하락을 제한하는 요인이 될 수 있습니다.""]",1.5015015015015014,9.90990990990991
035720,카카오,2023-08-01,53200,Neutral,50,"[""카카오는 최근 횡보세를 보이며 뚜렷한 방향성을 나타내지 않고 있습니다."", ""거시 경제 지표 및 금리 변동성에 대한 불확실성이 투자 심리에 영향을 미칠 수 있습니다."", ""카카오의 사업 부문별 실적 발표 및 향후 성장 전략에 대한 추가 정보가 필요합니다.""]",-0.7518796992481203,-9.586466165413533
035720,카카오,2023-09-01,49100,Neutral,50,"[""카카오는 최근 횡보세를 보이며 뚜렷한 방향성을 나타내지 않고 있습니다."", ""거시 경제 불확실성 및 금리 인상 가능성 등 하방 압력 요인이 존재합니다."", ""하지만 플랫폼 사업의 견조한 성장성과 신규 사업에 대한 기대감이 하단을 지지할 수 있습니다.""]",-1.7311608961303464,-14.358452138492872
035720,카카오,2023-10-04,40850,Neutral,50,"[""카카오의 최근 주가 흐름은 뚜렷한 상승 또는 하락 추세를 보이지 않고 횡보하는 구간에 있습니다."", ""거시 경제 지표나 시장 전반의 투자 심리가 불확실하여 카카오만의 독자적인 강세 또는 약세 요인을 판단하기 어렵습니다."", ""향후 20거래일 동안 카카오의 실적 발표, 신규 사업 발표 등 중요한 이벤트가 예정되어 있지 않아 단기적인 방향성을 예측하기 어렵습니다.""]",5.752753977968176,1.101591187270502
035720,카카오,2023-11-01,38550,Neutral,50,"[""카카오는 최근 횡보세를 보이며 뚜렷한 방향성을 나타내지 않고 있습니다."", ""거시 경제 불확실성과 플랫폼 규제 리스크가 여전히 존재하여 투자 심리에 영향을 미칠 수 있습니다."", ""하지만 신사업 성장 기대감과 저평가 매력에 대한 논의도 있어 단기적인 급락보다는 제한적인 움직임을 보일 가능성이 있습니다.""]",18.28793774319066,30.99870298313878
035720,카카오,2023-12-01,50800,Neutral,50,"[""카카오는 최근 횡보세를 보이며 뚜렷한 방향성을 나타내지 않고 있습니다."", ""거시 경제 불확실성과 규제 리스크가 여전히 존재하여 투자 심리에 영향을 미칠 수 있습니다."", ""신규 사업 성장 모멘텀과 기존 사업의 안정성을 고려할 때 단기적인 시장 대비 상승 또는 하락을 단정하기 어렵습니다.""]",2.559055118110236,12.598425196850393
035720,카카오,2024-01-02,56600,Neutral,50,"[""카카오는 최근 횡보세를 보이며 뚜렷한 방향성을 나타내지 않고 있습니다."", ""거시 경제 불확실성 및 금리 인상 가능성이 투자 심리에 부담으로 작용할 수 있습니다."", ""하지만 카카오의 핵심 사업 부문(플랫폼, 콘텐츠)의 성장 잠재력은 여전히 존재하며, 이는 하방 경직성을 제공할 수 있습니다.""]",4.593639575971731,-7.243816254416961
035720,카카오,2024-02-01,56300,Neutral,50,"[""카카오는 최근 20거래일 동안 뚜렷한 추세를 보이지 않고 횡보하는 모습을 보이고 있습니다."", ""거시 경제 불확실성과 플랫폼 규제 리스크가 여전히 존재하여 투자 심리에 영향을 미칠 수 있습니다."", ""하지만 신사업 성장 기대감과 저평가 매력에 대한 분석도 공존하여 단기적인 방향성을 예측하기 어렵습니다.""]",-2.841918294849023,-7.8152753108348145
035720,카카오,2024-03-04,51700,Neutral,50,"[""카카오는 최근 횡보세를 보이며 뚜렷한 방향성을 나타내지 않고 있습니다."", ""거시 경제 불확실성과 금리 인상 가능성은 투자 심리에 부정적인 영향을 미칠 수 있습니다."", ""하지만 카카오의 플랫폼 경쟁력과 신사업 성장 가능성은 하락을 제한하는 요인으로 작용할 수 있습니다.""]",7.930367504835589,-0.9671179883945842
035720,카카오,2024-04-01,51200,Neutral,50,"[""카카오는 최근 횡보세를 보이며 뚜렷한 방향성을 나타내지 않고 있습니다."", ""거시 경제 불확실성과 플랫폼 규제 이슈가 여전히 존재하여 투자 심리에 영향을 미칠 수 있습니다."", ""하지만 신사업 성장 기대감과 저평가 매력이 부각될 경우 반등 가능성도 배제할 수 없습니다.""]",-3.80859375,-5.6640625
035720,카카오,2024-05-02,49200,Neutral,50,"[""카카오는 최근 횡보세를 보이며 뚜렷한 방향성을 나타내지 않고 있습니다."", ""거시 경제 지표 및 금리 변동성에 대한 불확실성이 투자 심리에 영향을 미칠 수 있습니다."", ""카카오의 신사업 성장성과 기존 사업의 수익성 개선 여부가 향후 주가 방향을 결정할 주요 요인이 될 것입니다.""]",-4.471544715447155,-9.34959349593496
035720,카카오,2024-06-03,44600,Neutral,50,"[""카카오는 최근 횡보세를 보이며 뚜렷한 방향성을 나타내지 않고 있습니다."", ""거시 경제 불확실성과 플랫폼 규제 이슈가 여전히 투자 심리에 부담으로 작용하고 있습니다."", ""하지만 신규 사업 성장 가능성과 AI 관련 모멘텀에 대한 기대감도 존재하여 단기적인 하락보다는 보합세를 유지할 가능성이 있습니다.""]",-3.4753363228699556,-10.089686098654708
035720,카카오,2024-07-01,40000,Neutral,50,"[""카카오는 최근 횡보세를 보이며 뚜렷한 방향성을 나타내지 않고 있습니다."", ""거시 경제 불확실성과 플랫폼 규제 이슈가 여전히 잠재적 하방 압력으로 작용할 수 있습니다."", ""하지만 신사업 성장 기대감과 저평가 매력에 대한 논의도 공존하여 단기적인 급락보다는 변동성이 제한될 가능성이 있습니다.""]",6.125,-2.375
035720,카카오,2024-08-01,39550,Neutral,50,"[""카카오의 최근 주가 흐름은 뚜렷한 상승 또는 하락 추세를 보이지 않고 횡보하는 구간에 있습니다."", ""거시 경제 지표 및 국내 증시 전반의 불확실성이 높아 카카오만의 명확한 상승 또는 하락 모멘텀을 판단하기 어렵습니다."", ""향후 20거래일 동안 카카오의 실적 발표, 신규 사업 발표 등 주요 이벤트가 예정되어 있지 않아 단기적인 방향성 예측에 어려움이 있습니다.""]",-6.447534766118837,-6.700379266750948
035720,카카오,2024-09-02,36200,Neutral,50,"[""카카오는 최근 횡보세를 보이며 뚜렷한 방향성을 나타내지 않고 있습니다."", ""거시 경제 불확실성과 플랫폼 규제 이슈가 여전히 투자 심리에 부담으로 작용할 수 있습니다."", ""하지만 신사업 성장 기대감과 저평가 매력이 부각될 경우 반등 가능성도 존재하여 단기적인 방향성 예측이 어렵습니다.""]",-5.939226519337017,2.209944751381215
035720,카카오,2024-10-02,36700,Neutral,50,"[""카카오는 최근 횡보세를 보이며 뚜렷한 방향성을 제시하지 않고 있습니다."", ""거시 경제 불확실성 및 금리 인상 가능성은 카카오 주가에 하방 압력으로 작용할 수 있습니다."", ""하지만 카카오의 플랫폼 경쟁력과 신사업 성장 가능성은 하락을 제한하는 요인으로 작용할 수 있습니다.""]",-0.544959128065395,1.7711171662125342
035720,카카오,2024-11-01,37350,Neutral,50,"[""카카오는 최근 횡보세를 보이며 뚜렷한 방향성을 나타내지 않고 있습니다."", ""거시 경제 불확실성과 플랫폼 규제 이슈 등이 투자 심리에 영향을 미칠 수 있습니다."", ""신규 사업 성장성과 기존 사업의 안정성 사이에서 투자자들의 고민이 이어질 것으로 예상됩니다.""]",-9.772423025435073,12.851405622489958
035720,카카오,2024-12-02,42950,Neutral,50,"[""카카오는 최근 횡보세를 보이며 뚜렷한 방향성을 제시하지 않고 있습니다."", ""거시 경제 불확실성과 플랫폼 규제 이슈가 여전히 잠재적 하방 압력으로 작용할 수 있습니다."", ""하지만 신사업 성장 기대감과 저평가 매력이 부각될 경우 반등 가능성도 존재하여 방향성 판단이 어렵습니다.""]",2.0954598370197903,-11.40861466821886
035720,카카오,2025-01-02,38050,Neutral,50,"[""카카오는 최근 20거래일 동안 시장 대비 큰 변동성을 보이지 않았으며, 뚜렷한 상승 또는 하락 추세를 형성하지 못하고 있습니다."", ""거시 경제 불확실성과 플랫폼 규제 관련 이슈가 여전히 존재하여 투자 심리에 영향을 미칠 수 있습니다."", ""신규 사업 성장성과 기존 사업의 안정성 사이에서 투자자들의 의견이 분분하여 단기적인 방향성 예측이 어렵습니다.""]",-3.942181340341656,19.053876478318003
035720,카카오,2025-02-03,40900,Neutral,50,"[""카카오는 최근 횡보세를 보이며 뚜렷한 방향성을 나타내지 않고 있습니다."", ""거시 경제 불확실성과 플랫폼 규제 이슈 등이 투자 심리에 영향을 미칠 수 있습니다."", ""향후 20거래일 동안 긍정적 또는 부정적 모멘텀을 유발할 만한 명확한 재료가 부족하여 중립적인 의견을 제시합니다.""]",4.767726161369193,5.378973105134474
035720,카카오,2025-03-04,43100,Neutral,50,"[""카카오는 최근 횡보세를 보이며 뚜렷한 방향성을 나타내지 않고 있습니다."", ""거시 경제 지표 및 금리 변동성에 대한 불확실성이 투자 심리에 영향을 미칠 수 있습니다."", ""카카오의 신사업 성장성 및 기존 사업의 수익성 개선 여부가 향후 주가 방향을 결정할 주요 요인이 될 것입니다.""]",2.320185614849188,-5.104408352668213
035720,카카오,2025-04-01,40900,Neutral,50,"[""카카오는 최근 횡보세를 보이며 뚜렷한 방향성을 제시하지 않고 있습니다."", ""거시 경제 불확실성 및 규제 리스크가 여전히 존재하여 투자 심리에 영향을 미칠 수 있습니다."", ""신규 사업 성장성 및 기존 사업의 안정성 등 긍정적 요인과 부정적 요인이 혼재하여 단기적인 방향 예측이 어렵습니다.""]",-9.168704156479219,-6.47921760391198
035720,카카오,2025-05-02,38350,Neutral,50,"[""카카오는 최근 횡보세를 보이며 뚜렷한 방향성을 나타내지 않고 있습니다."", ""거시 경제 불확실성과 규제 리스크에 대한 우려가 여전히 남아있어 투자 심리가 위축될 수 있습니다."", ""하지만 신사업 성장 기대감 및 플랫폼 경쟁력 강화 노력은 하방 경직성을 제공할 수 있습니다.""]",-1.0430247718383312,15.514993481095177
035720,카카오,2025-06-02,41600,Neutral,50,"[""카카오의 최근 주가 흐름은 뚜렷한 상승 또는 하락 추세를 보이지 않고 횡보하는 구간에 있습니다."", ""거시 경제 환경 및 금리 변동성에 대한 불확실성이 지속되어 투자 심리가 위축될 가능성이 있습니다."", ""카카오의 사업 부문별 성장 전망 및 경쟁 환경 변화에 대한 추가적인 정보가 필요합니다.""]",21.394230769230766,43.02884615384615
035720,카카오,2025-07-01,58700,Neutral,50,"[""카카오는 최근 횡보하며 뚜렷한 방향성을 보이지 않고 있습니다."", ""거시 경제 불확실성으로 인해 시장 전반의 변동성이 높은 상황입니다."", ""신규 사업 성장성과 기존 사업의 수익성 개선 여부가 투자 방향을 결정할 주요 요인이 될 것입니다.""]",3.0664395229982966,-4.088586030664395
035720,카카오,2025-08-01,55400,Neutral,50,"[""카카오는 최근 횡보세를 보이며 뚜렷한 방향성을 나타내지 않고 있습니다."", ""거시 경제 불확실성과 플랫폼 규제 이슈가 여전히 투자 심리에 영향을 미치고 있습니다."", ""신규 사업 성장성과 기존 사업의 안정성 사이에서 투자자들의 고민이 지속될 것으로 예상됩니다.""]",15.884476534296029,7.039711191335741
035720,카카오,2025-09-01,59300,Neutral,50,"[""카카오는 최근 횡보세를 보이며 뚜렷한 방향성을 나타내지 않고 있습니다."", ""거시 경제 불확실성과 규제 리스크가 여전히 존재하여 투자 심리에 영향을 미칠 수 있습니다."", ""신규 사업 성장성 및 기존 사업 경쟁력 강화 등 긍정적인 요인도 있으나, 단기적인 시장 대비 상승/하락을 명확히 예측하기 어렵습니다.""]",0.5059021922428331,0.5059021922428331
035720,카카오,2025-10-01,59600,Neutral,50,"[""카카오는 최근 횡보세를 보이며 뚜렷한 방향성을 나타내지 않고 있습니다."", ""거시 경제 불확실성과 플랫폼 규제 이슈가 여전히 존재하여 투자 심리에 영향을 미칠 수 있습니다."", ""신규 사업 성장 가능성과 기존 사업의 안정성이라는 상반된 요인이 공존하여 단기적인 시장 대비 상승 또는 하락을 단정하기 어렵습니다.""]",-1.6778523489932886,1.8456375838926176
035720,카카오,2025-11-03,64200,Neutral,50,"[""카카오는 최근 횡보세를 보이며 뚜렷한 방향성을 제시하지 않고 있습니다."", ""거시 경제 불확실성과 플랫폼 규제 이슈가 여전히 잠재적 하방 압력으로 작용할 수 있습니다."", ""하지만 신사업 성장 기대감과 저평가 매력이 부각될 경우 반등 가능성도 존재하여 단기 방향성 판단이 어렵습니다.""]",-0.1557632398753894,-7.320872274143301
035720,카카오,2025-12-01,59500,Neutral,50,"[""카카오는 최근 20거래일 동안 시장 대비 큰 변동성을 보이지 않고 횡보하는 추세를 나타내고 있습니다."", ""현재 주가 수준에서 뚜렷한 상승 또는 하락 모멘텀을 유발할 만한 강력한 신규 정보가 부족합니다."", ""거시 경제 환경 및 금리 관련 불확실성이 지속되어 투자 심리가 위축될 가능성도 배제할 수 없습니다.""]",2.1848739495798317,4.369747899159663
035420,네이버,2023-01-02,178500,Neutral,50,"[""네이버는 최근 20거래일 동안 시장 대비 큰 변동성을 보이지 않고 횡보하는 추세를 보이고 있습니다."", ""AI 관련 기술 투자 및 신규 서비스 출시 등 긍정적인 모멘텀이 있으나, 거시 경제 불확실성과 경쟁 심화 우려도 상존합니다."", ""향후 20거래일 동안 뚜렷한 상승 또는 하락 추세를 예측하기에는 현재 정보만으로는 부족하며, 추가적인 시장 상황 및 기업 발표를 지켜볼 필요가 있습니다.""]",8.123249299719888,18.487394957983195
035420,네이버,2023-02-01,211500,Buy,75,"[""네이버는 최근 AI 기술 투자 확대와 신규 서비스 출시를 통해 성장 모멘텀을 확보하고 있습니다."", ""커머스 사업의 견조한 성장세와 핀테크 부문의 수익성 개선이 주가 상승을 뒷받침할 것으로 예상됩니다."", ""글로벌 경기 불확실성에도 불구하고, 국내 IT 대장주로서의 안정성과 성장 잠재력을 고려할 때 긍정적인 흐름을 기대할 수 있습니다.""]",8.747044917257684,-2.8368794326241136
035420,네이버,2023-03-02,205500,Neutral,50,"[""네이버는 최근 20거래일 동안 시장 대비 큰 변동성을 보이지 않고 횡보하는 추세를 나타내고 있습니다."", ""AI 관련 기술 개발 및 투자 소식이 긍정적인 영향을 줄 수 있으나, 거시 경제 불확실성과 플랫폼 규제 리스크가 하방 압력으로 작용할 수 있습니다."", ""단기적인 뚜렷한 상승 또는 하락 모멘텀이 부족하여 향후 20거래일 동안 시장 대비 방향성을 명확하게 예측하기 어렵습니다.""]",-2.7737226277372264,-1.70316301703163
035420,네이버,2023-04-03,201000,Neutral,55,"[""네이버는 최근 20거래일 동안 시장 대비 큰 변동성을 보이지 않고 횡보하는 추세를 나타내고 있습니다."", ""AI 기술 발전 및 신규 서비스 출시 등 긍정적인 모멘텀이 존재하지만, 거시 경제 불확실성과 경쟁 심화 우려도 상존합니다."", ""단기적인 20거래일 동안 뚜렷한 상승 또는 하락 추세를 예상하기 어려운 상황으로, 시장 상황 및 개별 이슈에 따라 변동성이 나타날 수 있습니다.""]",-0.5472636815920399,-4.179104477611941
035420,네이버,2023-05-02,192600,Buy,75,"[""최근 네이버는 AI 관련 기술 개발 및 사업 확장 발표로 투자자들의 긍정적인 반응을 얻고 있습니다."", ""증권사들의 목표 주가 상향 조정이 이어지면서 단기적인 상승 모멘텀이 기대됩니다."", ""전반적인 기술주 섹터의 회복세와 함께 네이버의 견조한 실적 전망이 긍정적인 영향을 미칠 것으로 보입니다.""]",9.553478712357217,6.178608515057113
035420,네이버,2023-06-01,204500,Buy,75,"[""네이버는 최근 AI 기술 투자 확대 및 신규 서비스 출시를 통해 성장 모멘텀을 확보하고 있습니다."", ""경쟁사 대비 견조한 실적 흐름과 안정적인 광고 및 커머스 사업 부문의 성장이 기대됩니다."", ""글로벌 경기 둔화 우려에도 불구하고, 국내 IT 대장주로서의 위상과 밸류에이션 매력이 부각될 가능성이 있습니다.""]",-1.9559902200488997,-7.432762836185819
035420,네이버,2023-07-03,188700,Neutral,50,"[""네이버는 최근 20거래일 동안 시장 대비 뚜렷한 추세를 보이지 않고 횡보하는 모습을 보이고 있습니다."", ""AI 관련 기술 발전 및 신규 서비스 출시 등 긍정적인 모멘텀이 있으나, 거시 경제 불확실성과 경쟁 심화 우려도 상존합니다."", ""단기적인 시장 변동성과 투자 심리에 따라 방향성이 달라질 수 있어 명확한 매수 또는 매도 신호를 판단하기 어렵습니다.""]",4.610492845786964,23.476417594064653
035420,네이버,2023-08-01,227500,Buy,75,"[""네이버는 최근 AI 기술 투자 확대 및 신규 서비스 출시를 통해 성장 모멘텀을 확보하고 있습니다."", ""플랫폼 경쟁력 강화와 광고 및 커머스 사업의 견조한 실적이 주가 상승을 뒷받침할 것으로 예상됩니다."", ""증권가에서는 네이버의 목표 주가를 상향 조정하는 등 긍정적인 전망이 우세합니다.""]",0.0,-5.714285714285714
035420,네이버,2023-09-01,211500,Buy,75,"[""네이버는 최근 AI 기술 발전과 관련하여 긍정적인 모멘텀을 보여주고 있으며, 이는 향후 주가 상승에 기여할 수 있습니다."", ""커머스 사업 부문의 견조한 성장세와 신규 서비스 출시 가능성은 투자 심리를 자극할 수 있습니다."", ""현재 주가는 기술적 분석상 지지선에 근접해 있어 반등 가능성이 존재합니다.""]",0.0,-9.739952718676124
035420,네이버,2023-10-04,189400,Buy,75,"[""네이버는 최근 AI 기술 투자 확대 및 신규 서비스 출시 기대감으로 투자 심리가 긍정적으로 작용하고 있습니다."", ""글로벌 경기 침체 우려 속에서도 상대적으로 안정적인 사업 구조를 보유하고 있어 시장 대비 방어적인 성격도 기대됩니다."", ""증권사들의 목표 주가 상향 조정 리포트가 꾸준히 나오고 있어 단기적인 상승 모멘텀을 지지하고 있습니다.""]",1.2671594508975714,5.860612460401267
035420,네이버,2023-11-01,190800,Buy,75,"[""네이버는 최근 AI 기술 투자 확대와 신규 서비스 출시 기대감으로 투자자들의 관심이 집중되고 있습니다."", ""글로벌 경기 침체 우려 속에서도 국내 IT 대장주로서 상대적인 방어력을 보여줄 가능성이 있습니다."", ""증권사들의 목표 주가 상향 조정이 이어지면서 긍정적인 투자 심리가 유지될 것으로 예상됩니다.""]",3.878406708595388,9.014675052410901
035420,네이버,2023-12-01,210500,Buy,75,"[""최근 네이버는 AI 기술 경쟁력 강화와 신규 서비스 출시를 통해 성장 모멘텀을 확보하고 있습니다."", ""커머스 사업 부문의 견조한 성장세와 핀테크 사업의 확장 가능성이 긍정적인 영향을 줄 것으로 예상됩니다."", ""글로벌 경기 침체 우려에도 불구하고, 국내 IT 대장주로서의 안정성과 기술 혁신에 대한 시장의 기대감이 주가 상승을 견인할 수 있습니다.""]",3.32541567695962,5.938242280285035
035420,네이버,2024-01-02,222000,Buy,75,"[""네이버는 최근 AI 기술 투자 확대 및 신규 서비스 출시를 통해 성장 모멘텀을 확보하고 있습니다."", ""경쟁사 대비 견조한 실적 성장세를 유지하며 시장 점유율을 확대할 가능성이 높습니다."", ""증권가에서는 네이버의 목표 주가를 상향 조정하는 등 긍정적인 전망을 제시하고 있습니다.""]",4.054054054054054,-9.684684684684685
035420,네이버,2024-02-01,221500,Buy,75,"[""네이버는 최근 AI 기술 투자 확대 및 신규 서비스 출시를 통해 성장 동력을 확보하고 있으며, 이는 향후 주가 상승에 긍정적인 영향을 미칠 것으로 예상됩니다."", ""국내 IT 대장주로서 시장 전반의 투자 심리 회복 시 수혜를 받을 가능성이 높습니다."", ""최근 증권사들의 목표주가 상향 조정 리포트가 다수 발표되며 투자자들의 관심을 다시 받고 있습니다.""]",-7.44920993227991,-14.311512415349886
035420,네이버,2024-03-04,188700,Neutral,50,"[""네이버는 최근 20거래일 동안 시장 대비 뚜렷한 우위나 열위를 보이지 않고 횡보하는 추세를 보이고 있습니다."", ""AI 기술 경쟁 심화 및 관련 투자 비용 증가에 대한 우려와 함께, 커머스 사업의 성장 둔화 가능성도 투자 심리에 영향을 미칠 수 있습니다."", ""하지만 하반기 신규 서비스 출시 및 기존 서비스의 경쟁력 강화 노력, 그리고 국내 IT 대장주로서의 안정적인 펀더멘털은 하락을 제한하는 요인으로 작용할 수 있습니다.""]",0.9538950715421303,1.7488076311605723
035420,네이버,2024-04-01,192000,Buy,75,"[""네이버는 최근 AI 기술 투자 확대 및 신규 서비스 출시를 통해 성장 동력을 확보하고 있으며, 이는 향후 주가 상승에 긍정적인 영향을 미칠 것으로 예상됩니다."", ""글로벌 경기 침체 우려 속에서도 광고 및 커머스 부문의 견조한 실적 흐름이 지속될 것으로 전망되어, 시장 대비 방어적인 성격과 함께 상승 여력을 갖추고 있습니다."", ""최근 외국인 투자자들의 순매수세가 유입되고 있으며, 이는 단기적인 주가 상승 모멘텀으로 작용할 가능성이 높습니다.""]",-1.5625,-1.6666666666666667
035420,네이버,2024-05-02,194600,Buy,75,"[""네이버는 최근 AI 기술 투자 확대 및 신규 서비스 출시를 통해 성장 모멘텀을 확보하고 있습니다."", ""글로벌 경기 침체 우려 속에서도 국내 IT 대장주로서 상대적인 안정성을 유지하며 시장 대비 우수한 성과를 기대할 수 있습니다."", ""증권사들의 목표 주가 상향 조정이 이어지며 긍정적인 투자 심리가 형성되고 있습니다.""]",-5.292908530318603,-9.146968139773895
035420,네이버,2024-06-03,176800,Neutral,50,"[""네이버는 최근 20거래일 동안 시장 대비 큰 변동성을 보이지 않고 횡보하는 추세를 나타내고 있습니다."", ""AI 관련 기술 발전 및 신규 서비스 출시 등 긍정적인 모멘텀이 있으나, 거시 경제 불확실성과 경쟁 심화 우려도 상존합니다."", ""단기적인 뚜렷한 상승 또는 하락 추세를 판단할 만한 강력한 신호가 부족하여 중립적인 관점을 유지합니다.""]",-4.751131221719457,-9.615384615384617
035420,네이버,2024-07-01,159900,Neutral,50,"[""네이버는 최근 20거래일 동안 시장 대비 큰 변동성을 보이지 않고 횡보하는 추세를 유지하고 있습니다."", ""AI 기술 경쟁 심화 및 관련 투자 비용 증가에 대한 우려와 함께, 커머스 사업의 성장 둔화 가능성도 제기되고 있어 단기적인 상승 동력이 약합니다."", ""하지만 검색 광고 및 클라우드 사업의 견조한 실적과 신규 서비스 출시 가능성 등은 하락을 제한하는 요인으로 작용할 수 있습니다.""]",6.75422138836773,8.380237648530331
035420,네이버,2024-08-01,171400,Neutral,50,"[""네이버는 최근 20거래일 동안 시장 대비 큰 변동성을 보이지 않고 횡보하는 추세를 나타내고 있습니다."", ""AI 기술 발전 및 신규 서비스 출시 등 긍정적인 모멘텀이 존재하지만, 거시 경제 불확실성과 경쟁 심화 우려도 상존합니다."", ""향후 20거래일 동안 뚜렷한 상승 또는 하락을 이끌 만한 강력한 매크로 요인이나 기업 고유의 이벤트가 부재하여 방향성 판단이 어렵습니다.""]",-4.492415402567095,-2.8004667444574096
035420,네이버,2024-09-02,165300,Neutral,50,"[""네이버는 최근 20거래일 동안 시장 대비 뚜렷한 추세를 보이지 않고 횡보하는 모습을 보이고 있습니다."", ""AI 관련 신기술 도입 및 사업 확장 기대감과 더불어, 경쟁 심화 및 규제 리스크에 대한 우려가 상존하여 투자 심리가 혼조세를 보이고 있습니다."", ""향후 20거래일 동안 거시 경제 지표 변화, 경쟁사 동향, 그리고 네이버의 신규 사업 성과 발표 등 추가적인 정보가 필요하여 명확한 방향성 판단이 어렵습니다.""]",-3.8112522686025407,0.5444646098003629
035420,네이버,2024-10-02,170700,Buy,75,"[""네이버는 최근 AI 기술 투자 확대 및 신규 서비스 출시 기대감으로 투자자들의 관심이 집중되고 있습니다."", ""글로벌 경기 회복 조짐과 함께 플랫폼 기업들의 실적 개선 가능성이 높아지고 있어 네이버의 주가 상승 여력이 충분하다고 판단됩니다."", ""기술적 분석상으로도 현재 주가 수준은 지지선에 근접해 있으며, 단기 반등 가능성이 높은 구간으로 분석됩니다.""]",0.4100761570005858,2.9291154071470418
035420,네이버,2024-11-01,175700,Buy,75,"[""최근 네이버는 AI 관련 기술 개발 및 서비스 확장에 대한 긍정적인 뉴스들이 지속적으로 나오고 있으며, 이는 투자 심리에 긍정적인 영향을 미칠 것으로 예상됩니다."", ""주요 경쟁사 대비 상대적으로 견조한 실적 발표와 성장 가능성에 대한 증권사들의 목표 주가 상향 조정이 이어지고 있습니다."", ""현재 주가는 기술적 분석상 지지선 구간에 근접해 있으며, 단기적인 반등 가능성이 존재합니다.""]",0.1707455890722823,15.822424587364825
035420,네이버,2024-12-02,209000,Neutral,50,"[""네이버는 최근 20거래일 동안 시장 대비 큰 변동성을 보이지 않고 횡보하는 추세를 나타내고 있습니다."", ""AI 기술 발전 및 신규 서비스 출시 등 긍정적인 모멘텀이 존재하지만, 거시 경제 불확실성과 경쟁 심화 우려도 상존합니다."", ""단기적인 20거래일 동안 뚜렷한 상승 또는 하락 추세를 예측하기 어려운 상황으로, 추가적인 시장 동향 및 기업 실적 발표 등을 지켜볼 필요가 있습니다.""]",0.0,-4.0669856459330145
035420,네이버,2025-01-02,200500,Buy,75,"[""최근 네이버는 AI 기술 경쟁력 강화 및 신규 서비스 출시 기대감으로 투자 심리가 개선되고 있습니다."", ""플랫폼 경쟁 심화 속에서도 네이버의 검색 및 커머스 사업의 견조한 성장세가 지속될 것으로 예상됩니다."", ""증권가에서는 네이버의 목표 주가를 상향 조정하는 리포트가 다수 발표되며 긍정적인 전망을 제시하고 있습니다.""]",0.7481296758104738,15.710723192019952
035420,네이버,2025-02-03,218500,Buy,75,"[""최근 네이버는 AI 기술 발전과 커머스 사업의 견조한 성장세를 바탕으로 투자자들의 관심이 다시 높아지고 있습니다."", ""글로벌 빅테크 기업들의 AI 투자 확대 추세는 네이버의 AI 관련 사업에도 긍정적인 영향을 미칠 것으로 예상됩니다."", ""현재 주가 수준은 단기적인 시장 변동성을 감안하더라도 장기적인 성장 잠재력을 고려할 때 매력적인 구간으로 판단됩니다.""]",4.576659038901601,-5.034324942791762
035420,네이버,2025-03-04,207500,Buy,75,"[""네이버는 최근 20거래일 동안 시장 대비 상대적으로 견조한 흐름을 보이며 기술적 지지선을 확보했습니다."", ""AI 및 클라우드 사업 부문의 성장이 지속될 것이라는 기대감이 주가에 긍정적인 영향을 미칠 것으로 예상됩니다."", ""증권사들의 목표주가 상향 조정 리포트가 꾸준히 발표되고 있어 투자 심리가 개선될 가능성이 높습니다.""]",3.132530120481928,-5.734939759036144
035420,네이버,2025-04-01,195600,Buy,75,"[""최근 네이버는 AI 기술 경쟁력 강화 및 신규 서비스 출시 기대감으로 투자 심리가 개선되고 있습니다."", ""경기 침체 우려 속에서도 네이버의 플랫폼 경쟁력과 안정적인 수익 구조는 상대적으로 매력적인 투자처로 부각될 수 있습니다."", ""증권사들의 목표 주가 상향 조정 및 투자의견 '매수' 유지 기조가 긍정적인 영향을 미칠 것으로 예상됩니다.""]",-9.560327198364007,2.505112474437628
035420,네이버,2025-05-02,199100,Buy,75,"[""네이버는 최근 AI 기술 투자 확대 및 신규 서비스 출시를 통해 성장 동력을 확보하고 있으며, 이는 향후 주가 상승에 긍정적인 영향을 미칠 것으로 예상됩니다."", ""글로벌 경기 침체 우려에도 불구하고 국내 IT 대형주는 상대적으로 안정적인 흐름을 보이고 있으며, 네이버 역시 이러한 흐름 속에서 시장 대비 선방할 가능성이 높습니다."", ""최근 외국인 투자자들의 순매수세가 유입되고 있어 단기적인 주가 상승 모멘텀이 작용할 수 있습니다.""]",-3.9678553490708186,-3.9678553490708186
035420,네이버,2025-06-02,185500,Buy,75,"[""네이버는 최근 AI 기술 투자 확대 및 신규 서비스 출시를 통해 성장 모멘텀을 확보하고 있습니다."", ""커머스 부문의 견조한 실적과 광고 사업의 회복세가 주가 상승을 뒷받침할 것으로 예상됩니다."", ""글로벌 빅테크 기업들의 AI 경쟁 심화 속에서 네이버의 기술력과 시장 지배력은 긍정적인 요인으로 작용할 것입니다.""]",7.223719676549865,36.38814016172507
035420,네이버,2025-07-01,252000,Buy,75,"[""네이버는 최근 AI 기술 투자 확대 및 신규 서비스 출시를 통해 성장 모멘텀을 확보하고 있습니다."", ""국내 온라인 광고 시장의 회복세와 커머스 사업의 견조한 성장세가 실적 개선을 뒷받침할 것으로 예상됩니다."", ""글로벌 경기 불확실성에도 불구하고, 네이버의 플랫폼 경쟁력과 신사업 추진력은 시장 대비 우수한 성과를 기대하게 합니다.""]",0.7936507936507936,-7.142857142857142
035420,네이버,2025-08-01,232500,Buy,75,"[""네이버는 최근 2분기 실적 발표에서 시장 기대치를 상회하는 성과를 보였으며, 특히 커머스 부문의 견조한 성장세가 지속될 것으로 예상됩니다."", ""AI 기술 투자 확대 및 신규 서비스 출시 계획은 장기적인 성장 동력으로 작용할 가능성이 높습니다."", ""현재 주가는 밸류에이션 측면에서 매력적인 수준이며, 기관 투자자들의 매수세가 유입되고 있어 단기적인 상승 모멘텀이 기대됩니다.""]",-4.086021505376344,-3.225806451612903
035420,네이버,2025-09-01,225000,Buy,75,"[""네이버는 최근 AI 기술 투자 확대 및 신규 서비스 출시를 통해 성장 모멘텀을 강화하고 있습니다."", ""플랫폼 경쟁력과 광고 사업의 안정적인 수익 창출 능력을 바탕으로 시장 대비 견조한 흐름을 이어갈 것으로 예상됩니다."", ""최근 증권사들의 목표주가 상향 조정 등 긍정적인 리포트들이 다수 발표되며 투자 심리가 개선되고 있습니다.""]",2.666666666666667,19.333333333333332
035420,네이버,2025-10-01,253000,Buy,75,"[""네이버는 최근 2차 전지 관련주들의 급등세가 진정되면서 성장주에 대한 관심이 다시 높아지고 있으며, 네이버는 이러한 흐름 속에서 상대적으로 저평가된 성장주로 부각될 가능성이 있습니다."", ""AI 기술 발전과 함께 네이버의 검색 및 클라우드 사업의 성장 잠재력이 높게 평가되고 있으며, 이는 향후 주가 상승의 동력이 될 수 있습니다."", ""최근 외국인 투자자들의 순매수세가 유입되고 있는 점은 긍정적인 신호로 해석될 수 있습니다.""]",2.9644268774703555,4.3478260869565215
035420,네이버,2025-11-03,267000,Buy,75,"[""네이버는 최근 AI 기술 투자 확대와 신규 서비스 출시를 통해 성장 모멘텀을 확보하고 있습니다."", ""플랫폼 경쟁력 강화 및 광고 수익 개선 가능성이 높아 향후 20거래일 내 시장 대비 상승을 기대해 볼 수 있습니다."", ""최근 증권사들의 목표주가 상향 조정 리포트가 긍정적인 투자 심리를 자극할 수 있습니다.""]",-1.4981273408239701,-8.98876404494382
035420,네이버,2025-12-01,243000,Buy,75,"[""네이버는 최근 AI 기술 투자 확대 및 신규 서비스 출시 기대감으로 투자자들의 관심을 받고 있습니다."", ""국내 IT 대장주로서 시장 전반의 긍정적인 흐름에 동반 상승할 가능성이 높습니다."", ""증권가에서는 네이버의 목표 주가를 상향 조정하는 리포트가 다수 발표되고 있어 긍정적인 전망을 뒷받침합니다.""]",2.05761316872428,1.646090534979424
051910,LG화학,2023-01-02,601000,Neutral,50,"[""LG화학은 최근 실적 발표 이후 주가 변동성이 커지고 있으며, 20거래일 내 뚜렷한 상승 또는 하락 추세를 예측하기 어렵습니다."", ""글로벌 경기 둔화 우려와 더불어 전기차 배터리 시장의 경쟁 심화는 LG화학의 주가에 상방 및 하방 요인으로 동시에 작용할 수 있습니다."", ""최근 유가 변동성 및 원자재 가격 추이 또한 LG화학의 수익성에 영향을 미칠 수 있어 단기적인 투자 방향을 명확히 판단하기에는 불확실성이 존재합니다.""]",4.658901830282862,12.479201331114808
051910,LG화학,2023-02-01,676000,Neutral,55,"[""LG화학은 최근 실적 발표 이후 주가 변동성이 커지고 있으며, 시장 전반의 불확실성 또한 높은 상황입니다."", ""전기차 배터리 부문의 성장 기대감은 여전히 유효하나, 원자재 가격 변동 및 경쟁 심화 우려가 상존합니다."", ""단기적인 시장 방향성을 명확히 예측하기 어려운 국면으로, 추가적인 시장 지표 및 기업 펀더멘털 변화를 관망할 필요가 있습니다.""]",0.591715976331361,3.9940828402366866
051910,LG화학,2023-03-02,703000,Neutral,50,"[""LG화학은 최근 주가 변동성이 크며, 20거래일 내 뚜렷한 방향성을 예측하기 어렵습니다."", ""글로벌 경기 둔화 우려와 원자재 가격 변동성이 실적에 미치는 영향이 불확실합니다."", ""배터리 사업의 성장 기대감과 석유화학 부문의 업황 둔화 가능성이 상존하여 투자 심리가 혼조세를 보이고 있습니다.""]",0.5689900426742532,1.2802275960170697
051910,LG화학,2023-04-03,722000,Neutral,55,"[""LG화학은 최근 주가 변동성이 크며, 20거래일 내 뚜렷한 방향성을 예측하기 어려운 상황입니다."", ""전기차 배터리 부문의 성장 기대감과 더불어 원자재 가격 변동성 및 글로벌 경기 침체 우려가 상존하고 있습니다."", ""단기적인 시장 수급 및 기술적 지표 또한 명확한 추세를 보여주지 않아 신중한 접근이 필요합니다.""]",11.634349030470915,0.554016620498615
051910,LG화학,2023-05-02,726000,Neutral,50,"[""LG화학은 최근 주가 변동성이 크며, 20거래일 내 뚜렷한 상승 또는 하락 추세를 예측하기 어려운 상황입니다."", ""글로벌 경기 둔화 우려와 더불어 전기차 배터리 시장의 경쟁 심화는 LG화학의 실적에 불확실성을 더하고 있습니다."", ""하지만, 친환경 소재 및 바이오 사업 등 신성장 동력에 대한 기대감은 하락 요인을 상쇄할 수 있는 잠재력을 가지고 있습니다.""]",-4.820936639118457,-0.6887052341597797
051910,LG화학,2023-06-01,721000,Neutral,50,"[""LG화학은 최근 실적 발표 이후 단기적인 변동성을 보이고 있으며, 2차전지 섹터 전반의 투자 심리가 혼조세를 나타내고 있습니다."", ""글로벌 경기 둔화 우려와 원자재 가격 변동성은 LG화학의 수익성에 영향을 미칠 수 있는 요인입니다."", ""하지만 장기적인 관점에서 전기차 시장의 성장과 신사업 투자는 긍정적인 모멘텀으로 작용할 수 있어 단기적인 방향성 판단이 어렵습니다.""]",3.467406380027739,-4.160887656033287
051910,LG화학,2023-07-03,680000,Buy,75,"[""LG화학은 최근 전기차 배터리 부문의 실적 개선 기대감과 신규 투자 계획 발표로 긍정적인 모멘텀을 확보하고 있습니다."", ""글로벌 전기차 시장의 지속적인 성장 전망은 LG화학의 배터리 사업 성장에 대한 낙관적인 시각을 뒷받침합니다."", ""최근 주가 조정은 단기적인 수급 불균형에 의한 것으로 판단되며, 펀더멘털 개선에 기반한 상승 여력이 충분하다고 분석됩니다.""]",-3.823529411764706,-3.6764705882352944
051910,LG화학,2023-08-01,642000,Buy,75,"[""LG화학은 최근 전기차 배터리 부문의 성장 기대감과 신사업 투자 확대에 대한 긍정적인 전망이 나오고 있습니다."", ""글로벌 경기 회복 및 주요 원자재 가격 안정화 가능성은 석유화학 부문의 실적 개선에도 기여할 수 있습니다."", ""최근 주가 조정을 거치면서 밸류에이션 매력도가 높아졌다는 분석도 존재합니다.""]",-1.8691588785046727,-9.190031152647975
051910,LG화학,2023-09-01,586000,Neutral,50,"[""LG화학의 최근 주가 흐름은 뚜렷한 방향성을 보이지 않고 있으며, 시장 전반의 불확실성 또한 존재합니다."", ""주요 사업 부문의 실적 전망이 혼재되어 있어 단기적인 상승 또는 하락을 예측하기 어렵습니다."", ""거시 경제 지표 및 지정학적 리스크 등 외부 요인이 주가에 미치는 영향이 불확실하여 보수적인 접근이 필요합니다.""]",-4.266211604095563,-14.761092150170649
051910,LG화학,2023-10-04,502000,Neutral,50,"[""LG화학은 최근 2차전지 관련 긍정적인 뉴스에도 불구하고, 전반적인 시장의 불확실성과 높은 밸류에이션 부담으로 인해 뚜렷한 방향성을 보이지 않고 있습니다."", ""글로벌 경기 침체 우려와 금리 인상 가능성은 LG화학의 실적 및 주가에 부담으로 작용할 수 있습니다."", ""하지만, 2차전지 시장의 장기적인 성장 전망과 신사업 투자 확대는 하방 경직성을 제공할 수 있어, 단기적인 방향성 판단이 어렵습니다.""]",5.179282868525896,-6.175298804780876
051910,LG화학,2023-11-01,455500,Neutral,50,"[""LG화학은 최근 주가 변동성이 크지 않아 뚜렷한 상승 또는 하락 추세를 보이지 않고 있습니다."", ""글로벌 경기 둔화 우려와 원자재 가격 변동성이 투자 심리에 영향을 미칠 수 있습니다."", ""하지만 배터리 사업 부문의 성장 기대감과 신사업 투자 계획은 긍정적인 요인으로 작용할 수 있습니다.""]",2.634467618002195,9.989023051591657
051910,LG화학,2023-12-01,473000,Neutral,55,"[""LG화학은 최근 실적 발표 이후 불확실성이 일부 해소되었으나, 글로벌 경기 둔화 우려와 원자재 가격 변동성이 여전히 투자 심리에 영향을 미치고 있습니다."", ""전기차 배터리 부문의 성장 기대감은 긍정적 요인이지만, 경쟁 심화와 기술 개발 비용 증가 등은 부담으로 작용할 수 있습니다."", ""단기적으로는 뚜렷한 상승 또는 하락 모멘텀이 부재하며, 시장 전반의 방향성에 따라 움직일 가능성이 높아 보입니다.""]",0.5285412262156448,1.6913319238900635
051910,LG화학,2024-01-02,480500,Neutral,50,"[""LG화학은 최근 변동성이 큰 흐름을 보이며 뚜렷한 방향성을 설정하지 못하고 있습니다."", ""글로벌 경기 둔화 우려와 더불어 석유화학 업황의 불확실성이 주가에 부담으로 작용하고 있습니다."", ""하지만 전기차 배터리 사업의 성장 기대감은 여전히 남아있어 하방 경직성을 확보할 가능성도 있습니다.""]",-3.329864724245578,-9.573361082206034
051910,LG화학,2024-02-01,461000,Buy,75,"[""LG화학은 최근 전기차 배터리 부문의 실적 개선 기대감과 신규 투자 계획 발표로 긍정적인 모멘텀을 확보하고 있습니다."", ""글로벌 전기차 시장의 지속적인 성장 전망은 LG화학의 배터리 사업 성장에 대한 기대감을 높이고 있습니다."", ""최근 주가 하락은 단기적인 조정으로 해석될 수 있으며, 향후 실적 개선 및 신사업 성장 가능성을 고려할 때 반등 가능성이 높다고 판단됩니다.""]",2.1691973969631237,-4.229934924078091
051910,LG화학,2024-03-04,452500,Neutral,50,"[""LG화학은 최근 주가 변동성이 크지 않으며, 뚜렷한 상승 또는 하락 추세를 보이지 않고 있습니다."", ""글로벌 경기 둔화 우려와 더불어 배터리 사업의 경쟁 심화 가능성이 주가에 부담으로 작용할 수 있습니다."", ""하지만 신성장 동력 확보를 위한 투자와 친환경 소재 사업의 성장 잠재력은 긍정적인 요인으로 작용할 수 있어 단기적인 방향성 판단이 어렵습니다.""]",-0.44198895027624313,-6.2983425414364635
051910,LG화학,2024-04-01,424000,Neutral,50,"[""LG화학은 최근 주가 변동성이 크며, 20거래일 내 뚜렷한 방향성을 예측하기 어려운 상황입니다."", ""글로벌 경기 둔화 우려와 원자재 가격 변동성이 실적에 미치는 영향이 불확실합니다."", ""신성장 동력 확보를 위한 투자는 긍정적이나, 단기적인 시장 흐름에 미치는 영향은 제한적일 수 있습니다.""]",-6.839622641509433,-4.481132075471698
051910,LG화학,2024-05-02,403500,Neutral,50,"[""LG화학은 최근 주가 변동성이 크며, 20거래일 내 뚜렷한 상승 또는 하락 추세를 예측하기 어렵습니다."", ""글로벌 경기 둔화 우려와 더불어 전기차 배터리 시장의 경쟁 심화는 LG화학의 주가에 상반된 영향을 미칠 수 있습니다."", ""최근 발표된 실적 및 향후 사업 계획에 대한 시장의 반응이 아직 명확하게 반영되지 않아 투자 방향성을 판단하기에는 불확실성이 존재합니다.""]",-3.0978934324659235,-10.532837670384138
051910,LG화학,2024-06-03,361000,Buy,75,"[""LG화학은 최근 전기차 배터리 부문의 실적 개선 기대감과 신규 수주 소식이 주가 상승 모멘텀으로 작용할 가능성이 높습니다."", ""글로벌 경기 회복 및 친환경 에너지 전환 추세는 LG화학의 주요 사업 부문에 긍정적인 영향을 미칠 것으로 예상됩니다."", ""기술적 분석상 단기 지지선을 확보하고 있으며, 거래량 증가와 함께 상승 추세로 전환될 가능성을 시사하고 있습니다.""]",2.9085872576177287,-0.2770083102493075
051910,LG화학,2024-07-01,353000,Neutral,50,"[""LG화학은 최근 실적 발표 이후 변동성이 확대되었으나, 2차전지 사업의 성장성과 석유화학 부문의 수익성 개선 가능성이 혼재되어 있어 단기적인 방향성 판단이 어렵습니다."", ""글로벌 경기 둔화 우려와 인플레이션 압력은 LG화학의 원자재 가격 및 수요에 부정적인 영향을 미칠 수 있습니다."", ""하지만, 전기차 시장의 지속적인 성장과 신성장 동력 확보를 위한 노력은 장기적인 관점에서 긍정적인 요인으로 작용할 수 있어 20거래일 내 명확한 방향성을 예측하기에는 불확실성이 존재합니다.""]",2.6912181303116145,-13.59773371104816
051910,LG화학,2024-08-01,308500,Neutral,50,"[""LG화학은 최근 실적 부진과 전기차 배터리 부문의 경쟁 심화로 인해 단기적인 상승 모멘텀이 약화되었습니다."", ""하지만 장기적인 성장 동력인 첨단소재 및 바이오 사업에 대한 기대감은 여전히 존재하며, 이는 주가 하락을 제한할 수 있습니다."", ""현재 시장 전반의 불확실성과 거시 경제 지표의 변동성을 고려할 때, LG화학의 향후 20거래일 동안 뚜렷한 방향성을 예측하기 어렵습니다.""]",-7.293354943273905,10.21069692058347
051910,LG화학,2024-09-02,333000,Neutral,50,"[""LG화학은 최근 주가 변동성이 크며, 20거래일 내 뚜렷한 상승 또는 하락 추세를 예측하기 어렵습니다."", ""글로벌 경기 둔화 우려와 더불어 배터리 부문 경쟁 심화는 하방 압력으로 작용할 수 있습니다."", ""하지만 신성장 동력 확보 노력과 긍정적인 실적 전망은 상승 모멘텀으로 작용할 가능성도 존재합니다.""]",-7.957957957957958,8.408408408408409
051910,LG화학,2024-10-02,348500,Neutral,50,"[""LG화학은 최근 실적 발표에서 시장 기대치를 하회하는 성적을 기록하며 주가에 부담으로 작용하고 있습니다."", ""하지만 전기차 배터리 부문의 성장 전망은 여전히 긍정적이며, 이는 향후 주가 반등의 요인이 될 수 있습니다."", ""현재 시장 전반의 변동성이 크고, LG화학 자체의 명확한 상승 또는 하락 모멘텀이 부재하여 단기적인 방향성 판단이 어렵습니다.""]",0.5738880918220948,-7.173601147776183
051910,LG화학,2024-11-01,323500,Neutral,50,"[""LG화학은 최근 주가 변동성이 크며, 20거래일 내 뚜렷한 방향성을 예측하기 어렵습니다."", ""글로벌 경기 둔화 우려와 원자재 가격 변동성이 주가에 상반된 영향을 미칠 수 있습니다."", ""신성장 동력 확보를 위한 투자와 실적 개선 기대감이 있으나, 단기적인 시장 수급 요인도 고려해야 합니다.""]",-6.0278207109737245,-12.673879443585781
051910,LG화학,2024-12-02,282500,Buy,75,"[""LG화학은 최근 실적 개선 기대감과 함께 전기차 배터리 사업의 성장성이 부각되며 투자 심리가 긍정적으로 작용하고 있습니다."", ""글로벌 경기 회복 조짐과 더불어 주요 원자재 가격의 안정화 가능성은 석유화학 부문의 수익성 개선에 기여할 것으로 예상됩니다."", ""최근 외국인 투자자들의 순매수세가 유입되고 있어 단기적인 주가 상승 모멘텀을 지지할 가능성이 높습니다.""]",-5.132743362831858,-10.265486725663717
051910,LG화학,2025-01-02,253500,Neutral,50,"[""LG화학은 최근 2차전지 관련 이슈와 더불어 석유화학 부문의 실적 변동성이 혼재되어 있어 단기적인 방향성 예측이 어렵습니다."", ""글로벌 경기 침체 우려와 금리 인상 기조가 지속될 경우, 원자재 가격 변동 및 수요 둔화 가능성이 투자 심리에 부정적인 영향을 미칠 수 있습니다."", ""하지만, 전기차 시장의 장기적인 성장 전망과 LG화학의 기술력 및 신사업 투자 계획은 긍정적인 요인으로 작용할 수 있어, 향후 20거래일 내 뚜렷한 방향성을 단정하기 어렵습니다.""]",-3.353057199211045,-12.42603550295858
051910,LG화학,2025-02-03,213000,Neutral,50,"[""LG화학은 최근 유가 상승 및 전기차 배터리 수요 증가 기대감으로 주가 반등 가능성이 있으나, 글로벌 경기 침체 우려와 경쟁 심화로 인한 수익성 악화 가능성도 상존합니다."", ""최근 증권사들의 목표주가 하향 조정 움직임이 관찰되어 단기적인 상승 모멘텀이 약화될 수 있습니다."", ""하지만 신성장 동력 확보를 위한 투자 확대 및 신기술 개발 소식이 긍정적인 영향을 줄 수 있어, 향후 20거래일 동안 시장 대비 뚜렷한 방향성을 예측하기 어렵습니다.""]",3.9906103286384975,8.215962441314554
051910,LG화학,2025-03-04,230500,Buy,75,"[""LG화학은 최근 전기차 배터리 사업 부문의 실적 개선 기대감과 신규 투자 계획 발표로 긍정적인 모멘텀을 확보하고 있습니다."", ""글로벌 전기차 시장의 지속적인 성장 전망은 LG화학의 배터리 사업 성장에 대한 기대감을 높이며 주가 상승 요인으로 작용할 수 있습니다."", ""최근 주가 조정을 거치며 밸류에이션 매력이 부각되고 있어 단기적인 반등 가능성이 존재합니다.""]",8.893709327548807,0.8676789587852495
051910,LG화학,2025-04-01,232500,Buy,75,"[""LG화학은 최근 전기차 배터리 부문에서의 긍정적인 뉴스 및 실적 개선 기대감으로 인해 투자 심리가 회복되고 있습니다."", ""글로벌 경기 회복 및 친환경 에너지 전환 추세는 LG화학의 핵심 사업인 배터리 및 석유화학 부문에 긍정적인 영향을 미칠 것으로 예상됩니다."", ""최근 주가 하락으로 인한 밸류에이션 매력도가 높아져 단기적인 반등 가능성이 존재합니다.""]",-12.473118279569892,-7.096774193548387
051910,LG화학,2025-05-02,208000,Neutral,50,"[""LG화학은 최근 주가 변동성이 크며, 20거래일 내 뚜렷한 상승 또는 하락 추세를 예측하기 어렵습니다."", ""글로벌 경기 둔화 우려와 원자재 가격 변동성이 실적에 미치는 영향이 불확실합니다."", ""신성장 동력 확보를 위한 투자 확대는 긍정적이나, 단기적인 주가 상승 동력으로 작용하기까지 시간이 필요할 수 있습니다.""]",-2.1634615384615383,-3.125
051910,LG화학,2025-06-02,198700,Buy,75,"[""LG화학은 최근 실적 개선 기대감과 함께 전기차 배터리 사업의 성장성이 부각되고 있습니다."", ""글로벌 경기 회복 및 친환경 정책 강화 추세는 LG화학의 주요 사업 부문에 긍정적인 영향을 미칠 것으로 예상됩니다."", ""최근 주가 조정을 거치면서 밸류에이션 매력도가 높아졌다는 분석이 있습니다.""]",5.938600905888274,29.34071464519376
051910,LG화학,2025-07-01,240000,Neutral,50,"[""LG화학은 최근 유가 상승 및 전기차 배터리 수요 증가 기대감으로 주가 반등 가능성이 있으나, 글로벌 경기 침체 우려 및 경쟁 심화로 인한 불확실성도 상존합니다."", ""단기적으로는 20거래일 내 뚜렷한 방향성을 제시할 만한 강력한 모멘텀이 부족하며, 시장 전반의 변동성에 영향을 받을 가능성이 높습니다."", ""따라서 현재 시점에서는 매수 또는 매도 신호를 명확히 부여하기 어렵고, 시장 상황 및 기업 내부 요인을 추가적으로 관찰할 필요가 있습니다.""]",8.333333333333332,27.500000000000004
051910,LG화학,2025-08-01,289500,Buy,75,"[""LG화학은 최근 실적 개선과 신사업(배터리, 첨단소재)에 대한 기대감으로 주가 상승 모멘텀을 확보하고 있습니다."", ""글로벌 전기차 시장의 성장세가 지속되면서 LG에너지솔루션의 실적 개선이 LG화학의 주가에도 긍정적인 영향을 미칠 것으로 예상됩니다."", ""최근 증권사들의 목표주가 상향 조정 등 긍정적인 리포트들이 다수 발표되며 투자 심리가 개선되고 있습니다.""]",-4.145077720207254,-6.90846286701209
051910,LG화학,2025-09-01,269500,Neutral,50,"[""LG화학은 최근 주가 변동성이 크며, 20거래일 내 뚜렷한 상승 또는 하락 추세를 예측하기 어렵습니다."", ""글로벌 경기 둔화 우려와 원자재 가격 변동성이 실적에 미치는 영향이 불확실합니다."", ""전기차 배터리 부문의 성장 기대감과 석유화학 부문의 업황 둔화 우려가 상존하여 투자 심리가 혼조세를 보이고 있습니다.""]",8.719851576994433,3.153988868274583
051910,LG화학,2025-10-01,277500,Neutral,55,"[""LG화학은 최근 실적 발표에서 시장 기대치를 하회하는 성적을 기록하며 주가에 부정적인 영향을 미쳤습니다."", ""하지만 전기차 배터리 부문의 성장 전망은 여전히 긍정적이며, 이는 향후 주가 반등의 요인이 될 수 있습니다."", ""현재 시장 전반의 불확실성이 높아 LG화학의 단기적인 방향성을 명확하게 판단하기 어렵습니다.""]",12.432432432432433,38.91891891891892
051910,LG화학,2025-11-03,395000,Neutral,50,"[""LG화학은 최근 실적 발표 이후 변동성이 확대되고 있으며, 향후 20거래일 동안 시장 대비 뚜렷한 상승 또는 하락을 예측하기 어려운 상황입니다."", ""글로벌 경기 둔화 우려와 더불어 전기차 배터리 시장의 경쟁 심화는 LG화학의 주가에 부담 요인으로 작용할 수 있습니다."", ""하지만 석유화학 부문의 실적 개선 가능성과 신성장 동력 확보 노력은 주가 하방을 지지할 수 있는 요인으로 작용할 수 있어, 단기적인 방향성 판단이 어렵습니다.""]",1.139240506329114,-5.949367088607595
051910,LG화학,2025-12-01,371500,Buy,75,"[""LG화학은 최근 전기차 배터리 사업의 성장 기대감과 더불어 석유화학 부문의 실적 개선 가능성이 높아지고 있습니다."", ""글로벌 전기차 시장의 꾸준한 성장세는 LG화학의 배터리 사업에 긍정적인 영향을 미칠 것으로 예상됩니다."", ""최근 주가 조정 이후 기술적 반등 가능성이 있으며, 시장 전반의 투자 심리 개선 시 수혜를 받을 수 있습니다.""]",2.1534320323014806,-13.189771197846568
352820,HYBE,2023-01-02,176500,Buy,75,"[""최근 신규 아티스트들의 성공적인 데뷔와 기존 아티스트들의 꾸준한 음반 판매량이 실적 개선 기대감을 높이고 있습니다."", ""글로벌 팬덤 확대를 위한 적극적인 투자와 신규 사업(게임, 웹툰 등)의 성과가 가시화될 가능성이 있습니다."", ""현재 주가 수준은 밸류에이션 매력이 부각될 수 있는 구간으로, 단기적인 시장 반등 시 수혜를 받을 것으로 예상됩니다.""]",-3.39943342776204,6.458923512747876
352820,HYBE,2023-02-01,187900,Neutral,50,"[""HYBE는 최근 앨범 판매량 호조와 신인 그룹의 성공적인 데뷔로 긍정적인 모멘텀을 유지하고 있습니다."", ""하지만 글로벌 경제 불확실성과 엔터테인먼트 산업의 경쟁 심화는 주가에 부담 요인으로 작용할 수 있습니다."", ""향후 20거래일 동안의 구체적인 시장 상황 변화 및 신규 사업 발표 여부에 따라 주가 방향성이 달라질 수 있어 신중한 접근이 필요합니다.""]",5.534858967535923,-0.2660989888238425
352820,HYBE,2023-03-02,187400,Neutral,50,"[""HYBE는 최근 앨범 판매량 호조와 신인 그룹의 성공적인 데뷔로 긍정적인 모멘텀을 유지하고 있습니다."", ""하지만 글로벌 금리 인상 기조와 경기 침체 우려가 엔터테인먼트 산업 전반에 부담으로 작용할 수 있습니다."", ""향후 20거래일 동안 신규 아티스트 활동 및 컴백 일정, 그리고 거시 경제 지표 변화에 따라 주가 방향성이 결정될 것으로 예상됩니다.""]",-1.9743863393810033,0.8004268943436499
352820,HYBE,2023-04-03,190300,Buy,75,"[""최근 신규 아티스트들의 성공적인 데뷔와 기존 아티스트들의 꾸준한 활동으로 음반 및 음원 판매량 증가가 예상됩니다."", ""글로벌 팬덤 확대를 위한 적극적인 마케팅 및 사업 다각화 전략이 주가 상승 모멘텀으로 작용할 가능성이 높습니다."", ""증권가에서는 하반기 실적 개선 전망과 함께 목표 주가를 상향 조정하는 리포트들이 나오고 있어 긍정적인 투자 심리가 유지될 것으로 보입니다.""]",17.971623751970572,54.75564897530215
352820,HYBE,2023-05-02,294500,Buy,75,"[""최근 신인 아티스트들의 성공적인 데뷔와 기존 아티스트들의 꾸준한 활동으로 인한 실적 개선 기대감이 높습니다."", ""글로벌 팬덤 확대를 위한 플랫폼 투자 및 신규 사업 추진 등 장기적인 성장 동력 확보 노력이 긍정적으로 작용할 것으로 예상됩니다."", ""음반 및 음원 판매량 증가와 더불어 MD, 공연 등 부가 사업에서의 매출 증대 가능성이 높아 투자 매력도가 상승하고 있습니다.""]",-5.772495755517826,-8.31918505942275
352820,HYBE,2023-06-01,270000,Buy,75,"[""HYBE는 최근 신규 아티스트의 성공적인 데뷔와 기존 아티스트들의 꾸준한 활동으로 음반 및 음원 판매량 증가가 예상됩니다."", ""글로벌 팬덤 확대를 위한 적극적인 투자와 신규 사업(콘텐츠, 플랫폼 등)의 성과가 가시화될 가능성이 높습니다."", ""증권사들의 목표주가 상향 조정 및 투자의견 '매수' 의견이 다수 제시되며 긍정적인 전망이 우세합니다.""]",8.88888888888889,3.5185185185185186
352820,HYBE,2023-07-03,286000,Buy,75,"[""HYBE는 최근 신규 아티스트들의 성공적인 데뷔와 기존 아티스트들의 꾸준한 활동으로 강력한 성장 모멘텀을 보여주고 있습니다."", ""글로벌 팬덤 확대를 위한 적극적인 투자와 신규 사업(게임, 웹툰 등)의 성과가 가시화되면서 추가적인 상승 여력이 기대됩니다."", ""현재 주가는 밸류에이션 측면에서 매력적인 수준이며, 향후 20거래일 내 시장 대비 초과 상승 가능성이 높다고 판단됩니다.""]",-5.594405594405594,-11.188811188811188
352820,HYBE,2023-08-01,252000,Buy,75,"[""HYBE는 최근 신인 아티스트들의 성공적인 데뷔와 기존 아티스트들의 꾸준한 활동으로 견고한 성장세를 보이고 있습니다."", ""글로벌 팬덤 확대를 위한 적극적인 투자와 신규 사업 진출이 향후 실적 개선에 긍정적인 영향을 미칠 것으로 예상됩니다."", ""음반 판매량 증가와 콘서트 재개 등 엔터테인먼트 산업 회복세가 HYBE의 주가 상승 모멘텀으로 작용할 가능성이 높습니다.""]",2.976190476190476,0.1984126984126984
352820,HYBE,2023-09-01,250500,Buy,75,"[""최근 신인 아티스트들의 성공적인 데뷔와 기존 아티스트들의 꾸준한 음반 판매량은 HYBE의 매출 성장을 견인할 것으로 예상됩니다."", ""글로벌 팬덤 확대를 위한 적극적인 투자와 신규 사업(게임, 웹툰 등)의 성과 가시화는 주가 상승 모멘텀을 제공할 수 있습니다."", ""현재 주가는 밸류에이션 측면에서 매력적인 수준이며, 향후 실적 개선 기대감과 함께 상승 여력이 충분하다고 판단됩니다.""]",-2.3952095808383236,-8.582834331337326
352820,HYBE,2023-10-04,227000,Buy,75,"[""최근 BTS 멤버들의 솔로 활동 및 그룹 활동 재개 가능성이 투자 심리를 긍정적으로 작용할 것으로 예상됩니다."", ""신규 걸그룹 데뷔 및 보이그룹 활동 확대로 인한 신규 수익원 확보 기대감이 주가 상승 요인으로 작용할 수 있습니다."", ""글로벌 팬덤 확장 및 IP 사업 다각화를 통해 장기적인 성장 잠재력을 보유하고 있어 단기적인 시장 대비 초과 상승 가능성이 있습니다.""]",7.709251101321586,-4.845814977973569
352820,HYBE,2023-11-01,227500,Neutral,50,"[""HYBE는 최근 20거래일 동안 시장 대비 큰 변동성을 보이지 않고 횡보하는 추세를 나타내고 있습니다."", ""향후 20거래일 동안 특별한 신규 모멘텀이나 악재가 부각되지 않는다면 현재의 추세가 이어질 가능성이 있습니다."", ""글로벌 경제 상황 및 엔터테인먼트 산업 전반의 불확실성이 존재하여 명확한 상승 또는 하락 방향을 예측하기 어렵습니다.""]",-6.813186813186813,-5.274725274725275
352820,HYBE,2023-12-01,209000,Buy,75,"[""HYBE는 최근 신규 아티스트 데뷔 및 컴백 활동을 통해 음반 및 음원 판매량 증가가 예상됩니다."", ""글로벌 팬덤 확대를 위한 적극적인 투자와 마케팅 전략이 긍정적인 주가 흐름을 견인할 것으로 보입니다."", ""엔터테인먼트 산업 전반의 회복세와 함께 HYBE의 강력한 IP 경쟁력이 부각될 가능성이 높습니다.""]",13.875598086124402,15.07177033492823
352820,HYBE,2024-01-02,239500,Neutral,50,"[""HYBE는 최근 앨범 판매량 호조와 신인 아티스트의 성공적인 데뷔로 긍정적인 모멘텀을 유지하고 있습니다."", ""하지만 글로벌 경기 침체 우려와 금리 인상 가능성은 엔터테인먼트 산업 전반에 대한 투자 심리를 위축시킬 수 있습니다."", ""또한, 소속 아티스트들의 군 복무 이슈 등 잠재적인 리스크 요인들이 존재하여 단기적인 방향성 판단에 불확실성을 더하고 있습니다.""]",4.592901878914405,-15.866388308977037
352820,HYBE,2024-02-01,205500,Neutral,50,"[""HYBE는 최근 K팝 시장의 성장세와 더불어 신규 아티스트들의 활약으로 긍정적인 모멘텀을 유지하고 있습니다."", ""하지만 글로벌 금리 인상 및 경기 침체 우려 등 거시 경제 불확실성이 투자 심리에 부정적인 영향을 미칠 수 있습니다."", ""신규 앨범 발매 및 콘서트 일정 등 구체적인 이벤트가 20거래일 내에 예정되어 있지 않아 단기적인 방향성 판단이 어렵습니다.""]",0.0,-8.75912408759124
352820,HYBE,2024-03-04,188600,Neutral,50,"[""HYBE는 최근 앨범 판매량 호조와 신인 그룹의 성공적인 데뷔로 긍정적인 모멘텀을 유지하고 있습니다."", ""하지만 글로벌 경기 둔화 우려와 금리 인상 가능성은 엔터테인먼트 업종 전반에 부담으로 작용할 수 있습니다."", ""또한, 특정 아티스트의 활동 계획이나 글로벌 팬덤의 반응 등 예측하기 어려운 변수들이 존재하여 단기적인 방향성 판단이 어렵습니다.""]",8.430540827147402,17.9745493107105
352820,HYBE,2024-04-01,222500,Buy,75,"[""하이브는 최근 신규 아티스트들의 성공적인 데뷔와 기존 아티스트들의 꾸준한 활동으로 강력한 성장 모멘텀을 보여주고 있습니다."", ""글로벌 팬덤 확대를 위한 적극적인 투자와 신규 사업 진출이 향후 실적 개선에 긍정적인 영향을 미칠 것으로 예상됩니다."", ""증권사들의 목표 주가 상향 조정과 투자의견 상향이 이어지면서 투자 심리가 개선되고 있습니다.""]",-2.696629213483146,-10.112359550561797
352820,HYBE,2024-05-02,203500,Neutral,50,"[""HYBE의 최근 주가 흐름은 뚜렷한 상승 또는 하락 추세를 보이지 않고 횡보하는 구간에 있습니다."", ""단기적인 시장 모멘텀이나 특별한 호재/악재가 부각되지 않아 향후 20거래일 동안 시장 대비 명확한 방향성을 예측하기 어렵습니다."", ""향후 신규 아티스트 데뷔, 컴백 일정, 글로벌 팬덤 반응 등 추가적인 정보가 주가 방향성에 영향을 미칠 수 있습니다.""]",-5.257985257985258,-1.71990171990172
352820,HYBE,2024-06-03,200000,Buy,75,"[""HYBE는 최근 신규 아티스트들의 성공적인 데뷔와 기존 아티스트들의 꾸준한 활동으로 음반 및 음원 판매량 증가가 예상됩니다."", ""글로벌 팬덤 확대를 위한 적극적인 투자와 신규 사업 (콘텐츠, 플랫폼 등)의 성과가 가시화될 가능성이 높습니다."", ""증권사들의 목표 주가 상향 조정 및 투자의견 긍정적 전망이 주가 상승 모멘텀으로 작용할 수 있습니다.""]",-0.44999999999999996,-1.5
352820,HYBE,2024-07-01,197200,Buy,75,"[""최근 신규 아티스트들의 성공적인 데뷔와 기존 아티스트들의 꾸준한 활동으로 인한 실적 개선 기대감이 높습니다."", ""글로벌 팬덤 확대를 위한 적극적인 투자와 신규 사업 추진이 긍정적인 모멘텀으로 작용할 가능성이 있습니다."", ""엔터테인먼트 산업 전반의 회복세와 함께 HYBE의 경쟁력 있는 IP 포트폴리오가 시장 대비 우수한 성과를 이끌 것으로 예상됩니다.""]",-1.4705882352941175,-12.778904665314403
352820,HYBE,2024-08-01,180800,Buy,75,"[""하이브는 최근 신인 그룹들의 성공적인 데뷔와 기존 아티스트들의 꾸준한 활동으로 견조한 실적 개선이 기대됩니다."", ""글로벌 팬덤 확대를 위한 적극적인 투자와 신규 사업 진출이 주가 상승 모멘텀으로 작용할 가능성이 높습니다."", ""증권사들의 목표주가 상향 조정과 긍정적인 투자의견이 지속적으로 나오고 있어 단기적인 상승세를 이어갈 것으로 예상됩니다.""]",-4.756637168141593,-0.5530973451327433
352820,HYBE,2024-09-02,180400,Neutral,50,"[""HYBE는 최근 앨범 판매량 호조와 신인 그룹의 성공적인 데뷔로 긍정적인 모멘텀을 유지하고 있습니다."", ""하지만 엔터테인먼트 산업 특성상 신규 아티스트의 성과, 글로벌 팬덤의 변동성, 경쟁사의 신규 콘텐츠 출시 등 예측하기 어려운 변수들이 존재합니다."", ""현재 시장 전반의 불확실성과 금리 인상 가능성 등 거시 경제 요인도 투자 심리에 영향을 미칠 수 있어 단기적인 방향성을 명확히 판단하기 어렵습니다.""]",-7.982261640798225,-0.8869179600886918
352820,HYBE,2024-10-02,173500,Buy,75,"[""BTS 멤버들의 솔로 활동 및 그룹 활동 재개 가능성이 주가 상승 모멘텀으로 작용할 수 있습니다."", ""신인 그룹의 성공적인 데뷔와 기존 아티스트들의 꾸준한 음반 및 공연 판매가 실적 개선에 기여할 것으로 예상됩니다."", ""하이브의 자체 IP 확장 및 플랫폼 사업 강화 전략이 장기적인 성장 동력으로 작용할 가능성이 있습니다.""]",6.22478386167147,13.71757925072046
352820,HYBE,2024-11-01,197300,Buy,75,"[""HYBE는 최근 신규 아티스트의 성공적인 데뷔와 기존 아티스트의 꾸준한 활동으로 인해 강력한 성장 모멘텀을 보여주고 있습니다."", ""글로벌 팬덤 확장 및 신규 사업 (게임, 웹툰 등)의 성과가 가시화되면서 실적 개선 기대감이 높아지고 있습니다."", ""현재 주가는 이러한 성장 잠재력 대비 저평가된 측면이 있어 단기적인 상승 여력이 충분하다고 판단됩니다.""]",1.3684744044602128,-3.801317790167258
352820,HYBE,2024-12-02,199300,Buy,75,"[""HYBE는 최근 신규 아티스트의 성공적인 데뷔와 기존 아티스트의 꾸준한 음반 판매량으로 인해 긍정적인 모멘텀을 유지하고 있습니다."", ""글로벌 팬덤 확대를 위한 적극적인 투자와 신규 사업(게임, 웹툰 등)의 성과가 가시화될 가능성이 높아 장기적인 성장 기대감이 유효합니다."", ""현재 주가는 단기적인 시장 변동성을 반영한 것으로 보이며, 기업의 펀더멘털과 성장 잠재력을 고려할 때 향후 20거래일 내 시장 대비 상승 가능성이 높다고 판단됩니다.""]",-0.9533366783743101,0.8529854490717512
352820,HYBE,2025-01-02,201000,Buy,75,"[""HYBE는 최근 신규 아티스트들의 성공적인 데뷔와 기존 아티스트들의 꾸준한 활동으로 음반 및 음원 판매량 증가가 예상됩니다."", ""글로벌 팬덤 확대를 위한 적극적인 투자와 신규 사업(콘텐츠, 게임 등)의 성과가 가시화될 가능성이 높습니다."", ""증권사들의 목표 주가 상향 조정 및 투자의견 '매수' 의견이 다수 제시되며 긍정적인 전망이 우세합니다.""]",7.213930348258707,17.91044776119403
352820,HYBE,2025-02-03,233000,Neutral,50,"[""HYBE는 최근 앨범 판매량 호조와 신인 그룹의 성공적인 데뷔로 긍정적인 모멘텀을 유지하고 있습니다."", ""하지만 글로벌 경기 침체 우려와 금리 인상 가능성은 엔터테인먼트 산업 전반에 부담으로 작용할 수 있습니다."", ""향후 20거래일 동안 신규 앨범 발매, 아티스트 활동, 그리고 거시 경제 지표 변화 등 다양한 변수에 따라 주가 방향성이 달라질 수 있어 명확한 상승 또는 하락 추세를 예측하기 어렵습니다.""]",5.36480686695279,7.725321888412018
352820,HYBE,2025-03-04,251000,Buy,75,"[""하이브는 최근 신규 아티스트들의 성공적인 데뷔와 기존 아티스트들의 꾸준한 활동으로 매출 및 이익 성장이 기대됩니다."", ""글로벌 팬덤 확대를 위한 적극적인 투자와 신규 사업(게임, 웹툰 등)의 성과가 가시화될 가능성이 높습니다."", ""증권사들의 목표주가 상향 조정 및 긍정적인 투자의견이 이어지고 있어 단기적인 주가 상승 모멘텀이 작용할 수 있습니다.""]",-7.171314741035857,-7.370517928286853
352820,HYBE,2025-04-01,232500,Buy,75,"[""최근 신규 아티스트들의 성공적인 데뷔와 기존 아티스트들의 꾸준한 활동으로 인한 음반 및 음원 판매량 증가가 기대됩니다."", ""하이브의 플랫폼 사업(위버스 등)의 성장세가 지속되며 추가적인 수익 창출 가능성이 높습니다."", ""글로벌 팬덤 확대를 위한 적극적인 투자와 마케팅 활동이 주가 상승 모멘텀으로 작용할 수 있습니다.""]",-7.526881720430108,14.838709677419354
352820,HYBE,2025-05-02,264500,Buy,75,"[""최근 신규 아티스트들의 성공적인 데뷔와 기존 아티스트들의 꾸준한 활동으로 인한 음반 및 음원 판매량 증가가 기대됩니다."", ""글로벌 팬덤 확대를 위한 적극적인 투자와 신규 사업(콘텐츠, 플랫폼 등)의 성과 가시화가 주가 상승 모멘텀으로 작용할 수 있습니다."", ""현재 주가 수준은 밸류에이션 측면에서 매력적인 구간으로 판단되며, 향후 실적 개선에 대한 기대감이 반영될 가능성이 높습니다.""]",3.9697542533081283,7.561436672967864
352820,HYBE,2025-06-02,281000,Buy,75,"[""HYBE는 최근 신인 아티스트들의 성공적인 데뷔와 기존 아티스트들의 꾸준한 활동으로 매출 성장세를 이어갈 것으로 예상됩니다."", ""글로벌 팬덤 확장 및 신규 사업(IP 기반 콘텐츠, 게임 등)의 성과가 가시화될 경우 주가 상승 모멘텀이 강화될 수 있습니다."", ""현재 주가는 밸류에이션 측면에서 매력적인 수준이며, 향후 실적 개선 기대감과 함께 시장 대비 초과 상승 가능성이 존재합니다.""]",7.473309608540925,3.3807829181494666
352820,HYBE,2025-07-01,305000,Neutral,50,"[""HYBE는 최근 앨범 판매량 호조와 신인 그룹의 성공적인 데뷔로 긍정적인 모멘텀을 유지하고 있으나, 엔터테인먼트 산업 특성상 신규 콘텐츠 출시 및 아티스트 활동에 따른 변동성이 존재합니다."", ""글로벌 금리 인상 및 경기 침체 우려가 지속되면서 투자 심리가 위축될 가능성이 있으며, 이는 엔터테인먼트 주가에도 부정적인 영향을 미칠 수 있습니다."", ""현재 주가는 밸류에이션 측면에서 고평가 논란과 저평가 논란이 공존하며, 향후 20거래일 내 뚜렷한 방향성을 제시할 만한 강력한 매크로 또는 기업 자체 이벤트가 부재하여 보수적인 접근이 필요합니다.""]",-9.180327868852459,-17.868852459016395
352820,HYBE,2025-08-01,260500,Buy,75,"[""하이브는 최근 신인 그룹의 성공적인 데뷔와 기존 아티스트들의 꾸준한 활동으로 실적 개선 기대감이 높습니다."", ""글로벌 팬덤 확대를 위한 적극적인 투자와 신규 사업 추진이 주가 상승 모멘텀으로 작용할 수 있습니다."", ""증권사 목표주가 상향 조정 등 긍정적인 리포트들이 다수 발표되며 투자 심리가 개선되고 있습니다.""]",10.9404990403071,9.021113243761997
352820,HYBE,2025-09-01,284000,Buy,75,"[""최근 신규 아티스트들의 성공적인 데뷔와 기존 아티스트들의 꾸준한 활동으로 인한 음반 및 음원 판매량 증가가 기대됩니다."", ""글로벌 팬덤 확대를 위한 적극적인 투자와 신규 사업 추진이 주가 상승 모멘텀으로 작용할 가능성이 높습니다."", ""증권사들의 목표 주가 상향 조정 및 투자의견 긍정적 전망이 이어지고 있어 단기적인 상승 여력이 충분하다고 판단됩니다.""]",2.112676056338028,-6.338028169014084
352820,HYBE,2025-10-01,267500,Buy,75,"[""최근 신인 아티스트들의 성공적인 데뷔와 기존 아티스트들의 꾸준한 활동으로 인한 실적 개선 기대감이 높습니다."", ""글로벌 팬덤 확장 및 신규 IP 사업 추진 등 성장 동력이 지속적으로 확보되고 있습니다."", ""증권가에서는 목표 주가를 상향 조정하며 긍정적인 투자의견을 제시하는 곳이 늘어나고 있습니다.""]",2.0560747663551404,19.439252336448597
352820,HYBE,2025-11-03,341000,Buy,75,"[""HYBE는 최근 신인 그룹의 성공적인 데뷔와 기존 아티스트들의 꾸준한 활동으로 음반 및 음원 판매 호조를 보이고 있습니다."", ""글로벌 팬덤 확대를 위한 적극적인 투자와 신규 사업(콘텐츠, 게임 등) 진출이 가시적인 성과를 내고 있어 성장 모멘텀이 유지될 것으로 예상됩니다."", ""증권사들의 목표 주가 상향 조정 및 투자의견 '매수' 유지 등 긍정적인 리포트들이 다수 발표되고 있어 단기적인 주가 상승 여력이 충분하다고 판단됩니다.""]",-16.27565982404692,-12.609970674486803
352820,HYBE,2025-12-01,298000,Buy,75,"[""HYBE는 최근 신인 아티스트들의 성공적인 데뷔와 기존 아티스트들의 꾸준한 활동으로 인해 견고한 성장 모멘텀을 유지하고 있습니다."", ""글로벌 팬덤 확대를 위한 적극적인 투자와 신규 사업(플랫폼, 게임 등)의 성과가 가시화될 가능성이 높아 긍정적인 주가 흐름이 예상됩니다."", ""음반 판매량 및 콘서트 티켓 판매량 등 주요 사업 지표들이 시장 기대치를 상회할 것으로 전망되며, 이는 주가 상승 요인으로 작용할 것입니다.""]",-2.348993288590604,16.10738255033557
329180,HD현대중공업,2023-01-02,114500,Buy,75,"[""최근 수주 증가 및 친환경 선박 시장의 성장세가 HD현대중공업의 실적 개선 기대감을 높이고 있습니다."", ""글로벌 조선업황 회복에 대한 긍정적인 전망과 더불어, 해양플랜트 부문의 수주 모멘텀도 지속될 것으로 예상됩니다."", ""최근 주가 조정을 거치며 밸류에이션 매력이 부각되고 있으며, 기관 투자자들의 매수세가 유입될 가능성이 있습니다.""]",-6.986899563318777,-2.8820960698689957
329180,HD현대중공업,2023-02-01,111200,Buy,75,"[""최근 수주 증가와 LNG 운반선 등 고부가가치 선박 중심의 선별 수주 전략이 실적 개선 기대감을 높이고 있습니다."", ""글로벌 조선 시황이 견조한 흐름을 유지하고 있으며, 친환경 선박으로의 전환 추세가 HD현대중공업의 경쟁력을 강화할 것으로 예상됩니다."", ""최근 주가 조정을 거치면서 밸류에이션 매력이 부각될 수 있으며, 기관 투자자들의 매수세가 유입될 가능성이 있습니다.""]",-3.776978417266187,-6.294964028776978
329180,HD현대중공업,2023-03-02,104200,Buy,75,"[""최근 수주 증가세와 함께 조선업황 개선 기대감이 주가에 긍정적인 영향을 미칠 것으로 예상됩니다."", ""글로벌 친환경 선박 수요 증가 추세는 HD현대중공업의 경쟁력 강화로 이어져 주가 상승 동력이 될 수 있습니다."", ""최근 주가 조정 이후 기술적 반등 가능성이 있으며, 긍정적인 수급 흐름이 관찰될 경우 추가 상승 여력이 있습니다.""]",-8.92514395393474,-4.030710172744722
329180,HD현대중공업,2023-04-03,101400,Buy,75,"[""최근 수주 증가 및 친환경 선박 시장 성장세가 HD현대중공업의 실적 개선 기대감을 높이고 있습니다."", ""글로벌 조선업황 회복세와 더불어 해양플랜트 부문의 수주 가능성도 긍정적인 요인으로 작용할 수 있습니다."", ""최근 주가 조정 이후 기술적으로도 반등 가능성이 나타나고 있으며, 시장 전반의 투자 심리 개선 시 수혜를 받을 수 있습니다.""]",-2.9585798816568047,7.790927021696252
329180,HD현대중공업,2023-05-02,109300,Buy,75,"[""최근 수주 증가 및 친환경 선박 시장 성장세가 HD현대중공업의 실적 개선 기대감을 높이고 있습니다."", ""글로벌 조선 시황 회복세와 더불어 해양 플랜트 수주 가능성도 긍정적인 요인으로 작용할 수 있습니다."", ""최근 주가 조정 이후 기술적 반등 가능성이 있으며, 시장 대비 상대적 강세를 보일 수 있습니다.""]",5.397987191216835,7.410795974382434
329180,HD현대중공업,2023-06-01,117400,Buy,75,"[""최근 수주 증가 및 친환경 선박 시장 성장세가 HD현대중공업의 실적 개선 기대감을 높이고 있습니다."", ""글로벌 조선업황 회복 추세와 더불어 해양플랜트 부문 수주 가능성도 긍정적인 요인으로 작용할 수 있습니다."", ""현재 주가는 밸류에이션 측면에서 매력적인 수준이며, 기관 투자자들의 매수세가 유입될 경우 추가 상승 여력이 있습니다.""]",6.643952299829642,12.095400340715502
329180,HD현대중공업,2023-07-03,136000,Buy,75,"[""최근 조선업황 회복 및 수주 증가세가 지속되며 HD현대중공업의 실적 개선 기대감이 높습니다."", ""친환경 선박 및 고부가가치 선박 수주 비중이 늘어나면서 수익성 개선이 예상됩니다."", ""글로벌 에너지 전환 추세에 따라 해양 플랜트 등 신사업 부문의 성장 잠재력도 긍정적으로 평가됩니다.""]",2.941176470588235,2.4264705882352944
329180,HD현대중공업,2023-08-01,138300,Buy,75,"[""최근 조선업황 개선 및 수주 증가세가 HD현대중공업의 실적 개선 기대감을 높이고 있습니다."", ""친환경 선박 및 고부가가치 선박 수주 비중 확대는 향후 수익성 증대에 긍정적인 영향을 미칠 것으로 예상됩니다."", ""글로벌 경기 회복 조짐과 함께 해운 물동량 증가가 조선업 전반에 대한 투자 심리를 개선시키고 있습니다.""]",-2.8922631959508314,-5.42299349240781
329180,HD현대중공업,2023-09-01,128900,Buy,75,"[""최근 수주 증가 및 친환경 선박 발주 확대 추세가 실적 개선 기대감을 높이고 있습니다."", ""조선업 전반의 업황 회복 시그널과 함께 HD현대중공업의 기술 경쟁력이 부각될 가능성이 있습니다."", ""글로벌 경기 회복 및 해운 물동량 증가 전망은 조선업체들에게 긍정적인 요인으로 작용할 수 있습니다.""]",-0.1551590380139643,-13.343677269200931
329180,HD현대중공업,2023-10-04,112000,Buy,75,"[""최근 수주 증가와 LNG 운반선 등 고부가가치 선박 중심의 선별 수주 전략이 실적 개선 기대감을 높이고 있습니다."", ""글로벌 조선 시황이 견조하게 유지되고 있으며, 특히 친환경 선박에 대한 수요 증가가 긍정적인 요인으로 작용할 것으로 예상됩니다."", ""현재 주가는 밸류에이션 측면에서 매력적인 수준이며, 향후 실적 개선에 따른 주가 상승 여력이 충분하다고 판단됩니다.""]",1.607142857142857,-0.5357142857142857
329180,HD현대중공업,2023-11-01,108200,Buy,75,"[""최근 수주 증가와 함께 조선업황 개선 기대감이 주가에 긍정적인 영향을 미치고 있습니다."", ""LNG 운반선 등 고부가가치 선박 수주 비중이 높아 수익성 개선이 예상됩니다."", ""글로벌 해운 시황 회복 및 친환경 선박 수요 증가는 HD현대중공업의 중장기적인 성장 동력으로 작용할 것입니다.""]",2.4953789279112755,15.711645101663585
329180,HD현대중공업,2023-12-01,133800,Buy,75,"[""최근 수주 증가와 함께 조선업황 회복 기대감이 주가 상승 동력으로 작용하고 있습니다."", ""LNG 운반선 등 고부가가치 선박 수주 비중이 높아 수익성 개선에 대한 긍정적인 전망이 우세합니다."", ""글로벌 에너지 전환 추세에 따른 친환경 선박 수요 증가가 장기적인 성장 모멘텀을 제공할 것으로 예상됩니다.""]",-9.043348281016444,-9.641255605381167
329180,HD현대중공업,2024-01-02,121500,Buy,75,"[""최근 수주 증가와 친환경 선박 시장에서의 경쟁 우위 확보는 HD현대중공업의 실적 개선 기대감을 높이고 있습니다."", ""글로벌 조선업황 회복세와 더불어 LNG 운반선 등 고부가가치 선박 수주가 지속될 것으로 예상되어 긍정적인 주가 흐름을 뒷받침할 수 있습니다."", ""최근 주가 조정을 거치면서 밸류에이션 매력도가 높아졌다는 분석도 존재하며, 이는 단기적인 매수 심리를 자극할 수 있습니다.""]",0.49382716049382713,-6.090534979423869
329180,HD현대중공업,2024-02-01,113900,Buy,75,"[""최근 수주 증가 및 친환경 선박 시장의 성장세가 HD현대중공업의 실적 개선 기대감을 높이고 있습니다."", ""글로벌 조선업황 회복세와 더불어 해양플랜트 부문의 수주 가능성도 긍정적인 요인으로 작용할 수 있습니다."", ""현재 주가는 밸류에이션 측면에서 매력적인 수준이며, 단기적인 기술적 지표 또한 상승 추세를 시사하고 있습니다.""]",-3.0728709394205445,-2.1071115013169446
329180,HD현대중공업,2024-03-04,112300,Buy,75,"[""최근 수주 증가와 함께 조선업황 회복 기대감이 주가에 긍정적인 영향을 미치고 있습니다."", ""LNG 운반선 등 고부가가치 선박 수주 비중 확대는 수익성 개선에 대한 기대를 높입니다."", ""글로벌 해운 시황 회복 및 친환경 선박 수요 증가는 HD현대중공업의 장기적인 성장 동력으로 작용할 가능성이 높습니다.""]",0.26714158504007124,11.219946571682991
329180,HD현대중공업,2024-04-01,124900,Buy,75,"[""최근 수주 증가 및 친환경 선박 전환 추세로 인한 실적 개선 기대감이 높습니다."", ""글로벌 조선업황 회복세가 지속되며 HD현대중공업의 경쟁력이 부각될 가능성이 있습니다."", ""최근 주가 조정을 거치며 밸류에이션 매력도가 높아졌다는 분석이 있습니다.""]",-6.164931945556445,9.047237790232186
329180,HD현대중공업,2024-05-02,133600,Buy,75,"[""최근 수주 증가와 함께 조선업황 회복 기대감이 주가 상승 동력으로 작용하고 있습니다."", ""친환경 선박 기술 선도 기업으로서의 입지가 강화되며 장기적인 성장 잠재력이 높게 평가됩니다."", ""글로벌 경기 회복 시 해운 물동량 증가로 인한 선박 발주 확대 가능성이 긍정적인 영향을 줄 것으로 예상됩니다.""]",7.410179640718563,-3.0688622754491015
329180,HD현대중공업,2024-06-03,129500,Buy,75,"[""최근 수주 모멘텀이 지속되며 실적 개선 기대감이 높습니다."", ""글로벌 조선업황 회복세가 HD현대중공업의 수혜로 이어질 가능성이 큽니다."", ""친환경 선박 수주 확대는 장기적인 성장 동력으로 작용할 것입니다.""]",0.3861003861003861,17.2972972972973
329180,HD현대중공업,2024-07-01,153300,Buy,75,"[""최근 수주 증가 및 친환경 선박 시장 확대에 따른 실적 개선 기대감이 높습니다."", ""글로벌 조선업황 회복세가 지속될 것으로 예상되며, HD현대중공업은 경쟁 우위를 확보하고 있습니다."", ""최근 주가 조정을 거치며 밸류에이션 매력이 부각되고 있어 단기 반등 가능성이 있습니다.""]",-0.5870841487279843,33.39856490541422
329180,HD현대중공업,2024-08-01,209000,Buy,75,"[""최근 수주 증가 및 친환경 선박 시장 성장에 따른 실적 개선 기대감이 높습니다."", ""글로벌 조선업황 회복세가 지속될 것으로 예상되며, HD현대중공업은 대형 LNG 운반선 등 고부가가치 선박 수주에서 경쟁 우위를 보이고 있습니다."", ""최근 주가 조정을 거치며 밸류에이션 매력도가 부각되고 있으며, 기관 투자자들의 매수세가 유입될 가능성이 있습니다.""]",1.4354066985645932,-11.24401913875598
329180,HD현대중공업,2024-09-02,188500,Buy,75,"[""최근 수주 증가와 친환경 선박 시장에서의 경쟁 우위 확보는 HD현대중공업의 실적 개선 기대감을 높이고 있습니다."", ""글로벌 조선업황 회복세와 더불어 LNG 운반선 등 고부가가치 선박 수주 확대는 향후 실적 성장의 주요 동력이 될 것으로 예상됩니다."", ""최근 주가 조정은 단기적인 노이즈로 해석될 수 있으며, 중장기적인 성장 전망을 고려할 때 현재 가격은 매력적인 투자 기회를 제공할 수 있습니다.""]",-5.039787798408488,-4.6684350132626
329180,HD현대중공업,2024-10-02,185500,Buy,75,"[""최근 수주 증가 및 친환경 선박 수요 확대에 따른 실적 개선 기대감이 높습니다."", ""글로벌 조선업황 회복세가 지속되며 HD현대중공업의 경쟁력이 부각될 가능성이 있습니다."", ""최근 주가 조정 이후 기술적 반등 가능성이 있으며, 기관 및 외국인 매수세가 유입될 경우 상승 탄력을 받을 수 있습니다.""]",0.1078167115902965,-5.660377358490567
329180,HD현대중공업,2024-11-01,175000,Buy,75,"[""최근 수주 증가 및 친환경 선박 시장 성장세가 HD현대중공업의 실적 개선 기대감을 높이고 있습니다."", ""글로벌 조선업황 회복세와 더불어 해양플랜트 부문 수주 가능성도 긍정적인 요인으로 작용할 수 있습니다."", ""현재 주가는 밸류에이션 측면에서 매력적인 수준이며, 기관 투자자들의 매수세가 유입될 경우 추가 상승 여력이 있습니다.""]",21.142857142857142,20.57142857142857
329180,HD현대중공업,2024-12-02,213000,Buy,75,"[""최근 조선업황 개선 기대감과 수주 모멘텀이 지속되고 있습니다."", ""친환경 선박 및 고부가가치 선박 수주 비중 확대는 수익성 개선에 긍정적인 영향을 미칠 것으로 예상됩니다."", ""글로벌 경기 회복 시 해운 물동량 증가로 인한 선박 발주량 확대 가능성이 높습니다.""]",2.112676056338028,34.037558685446015
329180,HD현대중공업,2025-01-02,285500,Buy,75,"[""최근 조선업황 회복세와 LNG 운반선 등 고부가가치 선박 수주 증가로 실적 개선 기대감이 높습니다."", ""글로벌 에너지 전환 추세에 따라 친환경 선박 및 해양플랜트 수주 경쟁력이 부각되고 있습니다."", ""최근 주가 조정을 거치며 밸류에이션 매력도가 높아져 단기 반등 가능성이 있습니다.""]",9.98248686514886,6.129597197898424
329180,HD현대중공업,2025-02-03,320500,Buy,75,"[""최근 수주 증가와 LNG 운반선 등 고부가가치 선박 중심의 수주 믹스 개선으로 실적 개선 기대감이 높습니다."", ""글로벌 조선 시황 회복세가 지속되고 있으며, HD현대중공업은 기술력과 생산 능력을 바탕으로 시장 점유율을 확대할 것으로 예상됩니다."", ""친환경 선박 전환 트렌드에 따라 액화수소 운반선 등 미래 선박 시장에서의 경쟁 우위를 확보하고 있어 장기적인 성장 잠재력이 긍정적입니다.""]",-4.5241809672386895,-1.0920436817472698
329180,HD현대중공업,2025-03-04,317000,Buy,75,"[""최근 수주 증가와 LNG 운반선 등 고부가가치 선박 수주 비중 확대는 실적 개선 기대감을 높이고 있습니다."", ""글로벌 조선 시황 회복세와 친환경 선박 수요 증가는 HD현대중공업의 경쟁력을 더욱 강화할 것으로 예상됩니다."", ""최근 주가 조정은 단기적인 수급 요인으로 판단되며, 펀더멘털 개선에 따른 상승 여력이 충분하다고 분석됩니다.""]",-6.624605678233439,-8.201892744479496
329180,HD현대중공업,2025-04-01,291000,Buy,75,"[""최근 수주 증가와 친환경 선박 시장의 성장세가 HD현대중공업의 실적 개선 기대감을 높이고 있습니다."", ""글로벌 조선업황 회복 및 고부가가치 선박 수주 확대는 향후 20거래일 동안 주가 상승 동력으로 작용할 수 있습니다."", ""최근 주가 조정을 거치며 밸류에이션 매력이 부각되고 있어 기관 투자자들의 매수세 유입 가능성이 있습니다.""]",0.859106529209622,38.144329896907216
329180,HD현대중공업,2025-05-02,415500,Buy,75,"[""최근 수주 증가와 친환경 선박 전환 트렌드로 인한 실적 개선 기대감이 높습니다."", ""글로벌 조선업황 회복세가 지속되며 HD현대중공업의 경쟁력이 부각될 가능성이 있습니다."", ""최근 주가 조정에도 불구하고 기관 투자자들의 매수세가 유입되는 움직임을 보이고 있습니다.""]",0.12033694344163659,2.286401925391095
329180,HD현대중공업,2025-06-02,428000,Buy,75,"[""최근 수주 증가 및 친환경 선박 시장 성장으로 인한 실적 개선 기대감이 높습니다."", ""글로벌 조선업황 회복세가 지속될 것으로 예상되며, HD현대중공업은 경쟁 우위를 확보하고 있습니다."", ""최근 주가 조정은 일시적인 현상으로 보이며, 펀더멘털 개선에 따른 상승 여력이 충분합니다.""]",-1.9859813084112148,-7.943925233644859
329180,HD현대중공업,2025-07-01,407500,Buy,75,"[""최근 조선업황 개선 기대감과 수주 모멘텀이 지속되고 있어 긍정적인 흐름이 예상됩니다."", ""글로벌 친환경 선박 발주 증가 추세가 HD현대중공업의 경쟁력과 맞물려 주가 상승을 견인할 가능성이 높습니다."", ""최근 주가 조정 이후 기술적 반등 가능성도 존재하며, 4분기 실적 개선 기대감도 투자 심리에 긍정적인 영향을 줄 수 있습니다.""]",-3.067484662576687,15.58282208588957
329180,HD현대중공업,2025-08-01,463500,Buy,75,"[""최근 수주 증가 및 친환경 선박 시장의 성장세가 HD현대중공업의 실적 개선 기대감을 높이고 있습니다."", ""글로벌 조선업황 회복세와 더불어 해양플랜트 부문의 수주 가능성도 긍정적인 영향을 줄 것으로 예상됩니다."", ""현재 주가는 밸류에이션 측면에서 매력적인 수준이며, 단기적인 시장의 관심이 집중될 가능성이 있습니다.""]",0.10787486515641855,10.895361380798274
329180,HD현대중공업,2025-09-01,514000,Buy,75,"[""최근 수주 증가와 함께 조선업황 개선 기대감이 주가에 긍정적인 영향을 미치고 있습니다."", ""친환경 선박 수주 비중 확대는 HD현대중공업의 미래 성장 동력으로 작용할 것으로 예상됩니다."", ""글로벌 경기 회복 시 해운 물동량 증가로 이어져 조선업체들의 실적 개선이 가속화될 가능성이 높습니다.""]",-1.9455252918287937,0.19455252918287938
329180,HD현대중공업,2025-10-01,528000,Buy,75,"[""최근 조선업황 개선 및 수주 증가세가 지속되며 HD현대중공업의 실적 개선 기대감이 높아지고 있습니다."", ""고부가가치 선박인 LNG 운반선, 암모니아 운반선 등 친환경 선박 수주가 늘어나면서 수익성 개선에 긍정적인 영향을 미칠 것으로 예상됩니다."", ""글로벌 에너지 전환 추세에 따라 해상풍력 등 신재생에너지 관련 사업 확장 가능성도 투자 매력도를 높이는 요인입니다.""]",-3.787878787878788,-0.5681818181818182
329180,HD현대중공업,2025-11-03,567000,Buy,75,"[""최근 수주 증가 및 친환경 선박 시장 확대에 따른 실적 개선 기대감이 높습니다."", ""글로벌 조선업황 회복세가 지속될 것으로 예상되며, HD현대중공업은 경쟁 우위를 확보하고 있습니다."", ""최근 주가 조정 이후 기술적 반등 가능성이 있으며, 기관 투자자들의 매수세가 유입될 수 있습니다.""]",-5.82010582010582,-8.289241622574956
329180,HD현대중공업,2025-12-01,520000,Buy,75,"[""최근 수주 증가 및 친환경 선박 시장 성장세가 HD현대중공업의 실적 개선 기대감을 높이고 있습니다."", ""글로벌 조선업황 회복 및 고부가가치 선박 수주 확대는 향후 주가 상승 모멘텀으로 작용할 가능성이 높습니다."", ""현재 주가는 밸류에이션 측면에서 매력적인 수준이며, 기관 투자자들의 매수세가 유입될 경우 추가 상승 여력이 있습니다.""]",10.961538461538462,-3.076923076923077
012450,한화에어로스페이스,2023-01-02,72732,Buy,75,"[""방산 및 우주항공 섹터의 견조한 성장 전망과 함께 한화에어로스페이스의 실적 개선 기대감이 주가 상승 동력으로 작용할 가능성이 높습니다."", ""최근 수주 증가 및 해외 시장 확대 등 긍정적인 사업 모멘텀이 지속되고 있으며, 이는 단기적인 주가 상승으로 이어질 수 있습니다."", ""글로벌 지정학적 리스크 확대는 방산 관련 기업들에게 수혜로 작용할 수 있으며, 한화에어로스페이스 역시 이러한 흐름에 편승할 것으로 예상됩니다.""]",-4.762690425122367,12.744046636968598
012450,한화에어로스페이스,2023-02-01,82001,Buy,75,"[""최근 방산 수출 호조 및 폴란드와의 추가 계약 기대감으로 주가 상승 모멘텀이 지속될 것으로 예상됩니다."", ""우주항공 사업 부문의 성장 가능성이 높으며, 이는 장기적인 주가 상승 요인으로 작용할 수 있습니다."", ""현재 주가 수준은 밸류에이션 측면에서 매력적인 구간에 있어 기관 투자자들의 매수세 유입이 기대됩니다.""]",5.0938403190205,16.398580505115792
012450,한화에어로스페이스,2023-03-02,95448,Buy,75,"[""방산 및 우주항공 섹터의 견조한 성장 전망과 함께 한화에어로스페이스의 실적 개선 기대감이 주가 상승 동력으로 작용할 것으로 예상됩니다."", ""최근 수주 모멘텀과 해외 시장에서의 경쟁력 강화는 긍정적인 투자 심리를 유지하는 데 기여할 것입니다."", ""글로벌 지정학적 리스크 확대는 방산 관련 기업들에게 수혜로 작용할 가능성이 높아, 단기적인 주가 상승 여력을 제공할 수 있습니다.""]",2.027281870756852,5.86916436174671
012450,한화에어로스페이스,2023-04-03,109505,Buy,75,"[""최근 방산 수출 호조 및 폴란드와의 추가 계약 가능성이 주가 상승 모멘텀으로 작용할 것으로 예상됩니다."", ""우주항공 사업 부문의 성장 잠재력과 더불어 한화오션과의 시너지 효과에 대한 기대감이 존재합니다."", ""최근 외국인 투자자들의 순매수세가 유입되고 있어 단기적인 주가 상승 가능성을 높이고 있습니다.""]",4.65184238162641,-0.5579653897082325
012450,한화에어로스페이스,2023-05-02,108894,Buy,75,"[""최근 방산 및 우주항공 섹터 전반의 긍정적인 모멘텀이 지속되고 있으며, 한화에어로스페이스는 이러한 흐름 속에서 수혜를 받을 가능성이 높습니다."", ""주요 사업 부문인 자주포, 발사체 등의 수출 증가와 더불어 민간 우주 발사체 사업의 성장 기대감이 주가에 긍정적인 영향을 미칠 것으로 예상됩니다."", ""최근 기술적 분석상으로도 지지선을 형성하며 상승 추세를 이어갈 가능성을 보여주고 있습니다.""]",-0.3737579664627987,3.6475838889195
012450,한화에어로스페이스,2023-06-01,112866,Buy,75,"[""최근 한화에어로스페이스는 방산 부문의 견조한 실적과 우주항공 사업의 성장 기대감으로 인해 강한 상승세를 보이고 있습니다."", ""주요 방산 계약 수주 소식과 함께 폴란드 등 해외 시장에서의 추가 수주 가능성이 높아 투자 심리를 긍정적으로 유지하고 있습니다."", ""전반적인 방산 및 우주항공 섹터의 투자 매력도가 높아지고 있으며, 이는 한화에어로스페이스의 주가 상승을 뒷받침할 것으로 예상됩니다.""]",-2.3452589796750125,17.419772119150142
012450,한화에어로스페이스,2023-07-03,134157,Buy,75,"[""방산 및 우주항공 섹터의 견조한 성장 전망과 함께 한화에어로스페이스의 실적 개선 기대감이 주가 상승 동력으로 작용할 것으로 예상됩니다."", ""최근 수주 모멘텀과 신사업(우주항공, 친환경 에너지) 투자 확대는 장기적인 성장 잠재력을 높이며 투자 심리를 자극할 수 있습니다."", ""글로벌 지정학적 리스크 확대는 방산 부문의 수요 증가로 이어져 한화에어로스페이스의 실적에 긍정적인 영향을 미칠 가능성이 높습니다.""]",7.213190515589943,-7.745402774361383
012450,한화에어로스페이스,2023-08-01,123053,Buy,75,"[""최근 방산 수출 호조와 폴란드와의 추가 계약 가능성이 주가 상승 모멘텀으로 작용할 것으로 예상됩니다."", ""우주항공 사업 부문의 성장 잠재력 또한 장기적인 투자 매력으로 작용하고 있습니다."", ""현재 주가는 밸류에이션 측면에서 매력적인 수준이며, 기관 투자자들의 매수세가 유입될 가능성이 높습니다.""]",-2.3177005030352777,-5.4634994677090365
012450,한화에어로스페이스,2023-09-01,116636,Buy,75,"[""최근 방산 수출 호조 및 폴란드와의 추가 계약 기대감으로 주가 상승 모멘텀이 유지되고 있습니다."", ""누리호 3차 발사 성공으로 우주항공 사업 부문의 성장 가능성이 부각되고 있습니다."", ""글로벌 방산 시장의 성장 추세와 한화에어로스페이스의 경쟁력은 향후 주가 상승을 뒷받침할 것으로 예상됩니다.""]",6.37539010254124,-13.712747350732194
012450,한화에어로스페이스,2023-10-04,100541,Buy,75,"[""방산 및 우주항공 섹터의 견조한 성장 전망과 한화에어로스페이스의 수주 모멘텀이 지속될 것으로 예상됩니다."", ""최근 실적 개선 추세와 더불어 신사업(우주항공, 친환경 에너지)에 대한 기대감이 주가 상승 동력으로 작용할 가능성이 높습니다."", ""글로벌 지정학적 리스크 확대는 방산 부문의 수혜로 이어져 단기적인 주가 상승을 뒷받침할 수 있습니다.""]",7.395987706507793,21.580250842939698
012450,한화에어로스페이스,2023-11-01,117553,Buy,75,"[""최근 방산 섹터 전반의 긍정적인 모멘텀과 한화에어로스페이스의 견조한 수주 잔고는 향후 주가 상승을 뒷받침할 것으로 예상됩니다."", ""우주항공 분야의 성장 잠재력과 신사업 추진은 장기적인 관점에서 긍정적인 요인으로 작용할 수 있습니다."", ""최근 주가 조정 이후 기술적 반등 가능성이 있으며, 시장 대비 상대적인 강세를 보일 가능성이 있습니다.""]",7.7122659566323275,9.098874550202888
012450,한화에어로스페이스,2023-12-01,140879,Buy,75,"[""최근 방산 수출 호조 및 폴란드와의 추가 계약 가능성이 주가 상승 모멘텀으로 작용할 것으로 예상됩니다."", ""우주항공 사업 부문의 성장 기대감과 더불어 한화오션과의 시너지 효과도 긍정적으로 작용할 수 있습니다."", ""현재 주가 수준은 밸류에이션 측면에서 매력적인 구간에 있으며, 기관 투자자들의 매수세가 지속될 가능성이 높습니다.""]",-6.941417812448981,-4.337765032403694
012450,한화에어로스페이스,2024-01-02,135787,Buy,75,"[""최근 방산 수출 호조 및 폴란드와의 추가 계약 기대감으로 주가 상승 모멘텀이 유지되고 있습니다."", ""우주항공 사업 부문의 성장 가능성이 높게 평가되며, 이는 장기적인 주가 상승 요인으로 작용할 수 있습니다."", ""글로벌 방산 시장의 경쟁 심화에도 불구하고, 한화에어로스페이스는 기술력과 생산 능력을 바탕으로 시장 점유율을 확대할 것으로 예상됩니다.""]",2.250583634663112,3.601228394470752
012450,한화에어로스페이스,2024-02-01,134666,Buy,75,"[""최근 방산 수출 호조 및 폴란드 추가 수주 기대감으로 주가 상승 모멘텀이 유지되고 있습니다."", ""우주항공 부문의 성장성 또한 장기적인 관점에서 긍정적인 영향을 미칠 것으로 예상됩니다."", ""최근 외국인 및 기관 투자자들의 순매수세가 유입되며 수급 개선 가능성을 보여주고 있습니다.""]",2.798776231565503,54.31215006014881
012450,한화에어로스페이스,2024-03-04,188757,Buy,75,"[""최근 방산 수출 호조와 폴란드 추가 수주 기대감으로 주가 상승 모멘텀이 유지되고 있습니다."", ""우주항공 사업 부문의 성장 가능성이 높게 평가되며, 장기적인 성장 동력으로 작용할 것으로 예상됩니다."", ""글로벌 방산 시장의 경쟁력 강화와 신규 사업 진출 등 긍정적인 요인들이 주가 상승을 지지할 것으로 판단됩니다.""]",0.0,30.059812351330017
012450,한화에어로스페이스,2024-04-01,245497,Buy,75,"[""최근 방산 수출 호조와 우주항공 사업 성장 기대감이 주가에 긍정적인 영향을 미치고 있습니다."", ""글로벌 방산 시장의 성장세와 함께 한화에어로스페이스의 기술력 및 경쟁력이 부각될 가능성이 높습니다."", ""신규 수주 가능성과 사업 다각화 전략이 향후 주가 상승 모멘텀으로 작용할 것으로 예상됩니다.""]",-13.27837000044807,-8.506417593697682
012450,한화에어로스페이스,2024-05-02,219521,Buy,75,"[""최근 방산 수출 호조와 우주항공 사업 성장 기대감이 주가에 긍정적인 영향을 미치고 있습니다."", ""향후 20거래일 동안 주요 방산 계약 체결 소식이나 신규 우주 사업 관련 발표가 있을 경우 추가 상승 모멘텀을 확보할 수 있습니다."", ""현재 주가 수준은 밸류에이션 측면에서 매력적인 구간으로 판단되며, 기관 투자자들의 매수세가 유입될 가능성이 높습니다.""]",2.7837883391566183,-2.0886384446134993
012450,한화에어로스페이스,2024-06-03,214936,Buy,75,"[""최근 방산 수출 호조 및 폴란드와의 추가 계약 가능성이 주가 상승 모멘텀을 제공하고 있습니다."", ""우주항공 사업 부문의 성장 기대감과 함께 신사업 진출 가능성도 긍정적인 영향을 미칠 것으로 예상됩니다."", ""글로벌 방산 시장의 성장 추세와 한화에어로스페이스의 경쟁력은 향후 20거래일 동안 시장 대비 우수한 성과를 기대하게 합니다.""]",0.4740946142107418,10.426824729221721
012450,한화에어로스페이스,2024-07-01,239384,Buy,75,"[""최근 방산 수출 호조 및 폴란드와의 추가 계약 가능성이 주가 상승 동력으로 작용하고 있습니다."", ""우주항공 사업 부문의 성장 기대감 또한 긍정적인 투자 심리를 자극할 것으로 예상됩니다."", ""최근 20거래일 동안의 주가 흐름이 강한 상승 추세를 보이며, 단기적인 모멘텀이 유지될 가능성이 높습니다.""]",7.23398389198944,35.53203221602112
012450,한화에어로스페이스,2024-08-01,294392,Buy,75,"[""최근 방산 수출 호조와 우주항공 사업 성장 기대감이 주가에 긍정적인 영향을 미치고 있습니다."", ""글로벌 지정학적 리스크 확대는 방산 관련 기업인 한화에어로스페이스에 수혜 요인으로 작용할 가능성이 높습니다."", ""신규 사업인 우주항공 부문의 성과 가시화 및 투자 확대는 장기적인 성장 동력으로 작용할 것으로 예상됩니다.""]",5.017459713579173,0.3461371232913938
012450,한화에어로스페이스,2024-09-02,295411,Buy,75,"[""최근 방산 부문의 견조한 수주 모멘텀과 우주항공 사업의 성장 잠재력이 부각되고 있습니다."", ""글로벌 지정학적 리스크 확대는 방산 기업들에게 긍정적인 요인으로 작용할 가능성이 높습니다."", ""신규 사업 투자 및 기술 개발에 대한 기대감이 주가 상승 동력으로 작용할 수 있습니다.""]",0.0,21.500214954757947
012450,한화에어로스페이스,2024-10-02,332338,Buy,75,"[""최근 실적 개선 및 방산 수출 호조세가 지속될 것으로 예상됩니다."", ""우주항공 사업 부문의 성장 잠재력이 높게 평가되고 있습니다."", ""기관 및 외국인 투자자들의 매수세가 유입되고 있는 점이 긍정적입니다.""]",5.629509716012012,8.740800028886255
012450,한화에어로스페이스,2024-11-01,361387,Buy,75,"[""최근 방산 수출 호조와 우주항공 사업 성장 기대감이 주가 상승 동력으로 작용하고 있습니다."", ""폴란드와의 대규모 계약 연장 가능성이 제기되며 추가적인 모멘텀을 기대할 수 있습니다."", ""글로벌 방산 시장의 성장세와 한화에어로스페이스의 경쟁력 강화를 고려할 때 단기적인 상승 여력이 충분하다고 판단됩니다.""]",13.351338039276452,-12.534208480105816
012450,한화에어로스페이스,2024-12-02,333322,Buy,75,"[""최근 방산 섹터 전반의 긍정적인 모멘텀과 한화에어로스페이스의 견조한 실적 전망이 주가 상승을 지지할 것으로 예상됩니다."", ""폴란드와의 대규모 수출 계약 등 주요 수주 모멘텀이 지속될 가능성이 높아 투자 심리에 긍정적인 영향을 미칠 것입니다."", ""우주항공 및 방산 분야의 성장 잠재력에 대한 시장의 기대감이 여전히 높으며, 이는 단기적인 주가 상승 동력으로 작용할 수 있습니다.""]",-14.032377100821428,6.942536046225571
012450,한화에어로스페이스,2025-01-02,356463,Buy,75,"[""방산 및 우주항공 섹터의 견조한 성장 전망과 함께 한화에어로스페이스의 실적 개선 기대감이 주가 상승 동력으로 작용할 것으로 예상됩니다."", ""최근 수주 증가 및 신규 사업 진출 소식은 향후 실적 성장에 대한 긍정적인 신호를 보내고 있습니다."", ""글로벌 방산 시장의 확대 추세와 더불어 한화에어로스페이스의 기술 경쟁력은 시장 대비 우수한 성과를 낼 가능성을 높입니다.""]",4.5581168311998725,16.16016248530703
012450,한화에어로스페이스,2025-02-03,400282,Buy,75,"[""최근 방산 수출 호조와 우주항공 사업 성장 기대감이 주가에 긍정적인 영향을 미치고 있습니다."", ""글로벌 방산 시장의 성장 추세와 한화에어로스페이스의 기술 경쟁력이 향후 주가 상승을 뒷받침할 것으로 예상됩니다."", ""최근 외국인 투자자들의 순매수세가 유입되며 투자 심리가 개선되고 있는 점도 긍정적인 신호입니다.""]",22.509380886475036,70.97196476484079
012450,한화에어로스페이스,2025-03-04,684370,Buy,75,"[""최근 방산 산업의 견조한 성장세와 더불어 한화에어로스페이스의 수주 모멘텀이 지속될 것으로 예상됩니다."", ""우주항공 분야의 신규 사업 진출 및 기술 개발 성과는 장기적인 성장 동력으로 작용할 가능성이 높습니다."", ""글로벌 지정학적 리스크 확대는 방산 부문의 수요 증가로 이어져 주가에 긍정적인 영향을 미칠 수 있습니다.""]",-4.316524686938352,-4.604234551485307
012450,한화에어로스페이스,2025-04-01,652860,Buy,75,"[""최근 방산 수출 호조 및 폴란드 추가 수주 기대감으로 주가 상승 모멘텀이 지속될 것으로 예상됩니다."", ""우주항공 사업 부문의 성장 가능성과 한화그룹의 신사업 투자 확대가 긍정적인 영향을 줄 것으로 보입니다."", ""글로벌 방산 시장의 성장 추세와 지정학적 리스크 확대는 한화에어로스페이스의 수혜를 강화할 수 있습니다.""]",4.2231106209600835,20.211071286340104
012450,한화에어로스페이스,2025-05-02,876388,Buy,75,"[""최근 방산 부문의 견조한 실적과 폴란드 수출 계약 등 긍정적인 모멘텀이 지속되고 있습니다."", ""우주항공 부문의 성장 잠재력 또한 향후 주가 상승에 대한 기대를 높이고 있습니다."", ""글로벌 방산 시장의 성장 추세와 지정학적 리스크는 한화에어로스페이스의 수혜를 예상하게 합니다.""]",-7.865237771398056,3.2647640086354444
012450,한화에어로스페이스,2025-06-02,845000,Buy,75,"[""최근 방산 섹터 전반의 긍정적인 모멘텀과 한화에어로스페이스의 수주 모멘텀이 지속될 가능성이 높습니다."", ""우주항공 및 방산 분야의 글로벌 수요 증가 추세는 장기적으로 동사의 실적 성장을 뒷받침할 것으로 예상됩니다."", ""신규 사업(우주항공, 친환경 에너지 등)의 성장 잠재력 또한 투자 심리에 긍정적인 영향을 미칠 수 있습니다.""]",12.781065088757396,-3.3136094674556213
012450,한화에어로스페이스,2025-07-01,819000,Buy,75,"[""방산 및 우주항공 섹터의 견조한 성장 전망이 지속되고 있으며, 한화에어로스페이스는 이 분야의 선두 주자로서 수혜가 예상됩니다."", ""최근 수주 모멘텀과 신규 사업 진출 등 긍정적인 뉴스 플로우가 주가 상승 동력으로 작용할 가능성이 높습니다."", ""글로벌 경기 불확실성 속에서도 방산 부문의 안정적인 수요는 한화에어로스페이스의 주가 하방을 지지하는 요인이 될 수 있습니다.""]",3.785103785103785,19.291819291819294
012450,한화에어로스페이스,2025-08-01,938000,Buy,75,"[""방산 산업의 견조한 성장세와 함께 폴란드 등 해외 수출 모멘텀이 지속될 것으로 예상됩니다."", ""우주항공 부문의 신규 사업 추진 및 기술 개발 성과가 주가에 긍정적인 영향을 미칠 가능성이 높습니다."", ""최근 외국인 투자자들의 순매수세가 유입되며 수급 개선의 조짐을 보이고 있습니다.""]",-6.183368869936034,-0.5330490405117271
012450,한화에어로스페이스,2025-09-01,933000,Buy,75,"[""최근 방산 수출 호조 및 폴란드와의 추가 계약 가능성이 주가 상승 모멘텀으로 작용할 것으로 예상됩니다."", ""우주항공 사업 부문의 성장 기대감과 더불어 민간 우주 발사체 사업 진출 등 신성장 동력 확보가 긍정적인 영향을 미칠 것입니다."", ""글로벌 방산 시장의 경쟁 우위를 바탕으로 안정적인 실적 성장이 지속될 것으로 전망되어 시장 대비 초과 상승 가능성이 높습니다.""]",1.2861736334405145,18.64951768488746
012450,한화에어로스페이스,2025-10-01,1097000,Buy,75,"[""최근 방산 수출 호조 및 폴란드와의 추가 계약 가능성이 주가 상승 모멘텀으로 작용하고 있습니다."", ""우주항공 분야의 성장 잠재력과 더불어 민간 우주 발사체 사업 진출 등 신사업에 대한 기대감이 높습니다."", ""글로벌 방산 시장의 경쟁 우위를 바탕으로 안정적인 실적 성장이 예상되며, 이는 향후 20거래일 동안 시장 대비 강한 흐름을 보일 가능성을 높입니다.""]",-14.676390154968095,-11.577028258887875
012450,한화에어로스페이스,2025-11-03,1010000,Buy,75,"[""최근 방산 수출 호조와 우주항공 사업 성장 기대감으로 주가 상승 모멘텀이 유지되고 있습니다."", ""글로벌 방산 시장의 경쟁 심화 속에서도 한화에어로스페이스는 기술력과 수주 경쟁력을 바탕으로 시장 점유율을 확대할 것으로 예상됩니다."", ""신규 사업인 우주항공 분야의 성과 가시화는 장기적인 성장 동력으로 작용하여 주가에 긍정적인 영향을 미칠 가능성이 높습니다.""]",-6.138613861386139,-18.415841584158414
012450,한화에어로스페이스,2025-12-01,824000,Buy,75,"[""최근 방산 수출 호조와 폴란드와의 추가 계약 가능성이 주가 상승 모멘텀으로 작용하고 있습니다."", ""우주항공 사업 부문의 성장성 또한 장기적인 관점에서 긍정적인 영향을 미칠 것으로 예상됩니다."", ""글로벌 방산 시장의 경쟁 심화에도 불구하고, 한화에어로스페이스는 기술력과 생산 능력을 바탕으로 점유율을 확대할 것으로 보입니다.""]",16.50485436893204,14.805825242718445
259960,크래프톤,2023-01-02,166500,Buy,75,"[""크래프톤의 신작 'PUBG: NEW STATE MOBILE'의 글로벌 출시가 임박했으며, 이는 신규 매출원 확보 및 기존 IP의 확장 가능성을 시사합니다."", ""최근 게임 업계 전반의 밸류에이션 매력이 부각되고 있으며, 크래프톤 역시 이러한 흐름 속에서 재평가될 가능성이 있습니다."", ""기관 투자자들의 매수세가 꾸준히 유입되고 있어 단기적인 주가 상승 모멘텀이 기대됩니다.""]",3.003003003003003,9.30930930930931
259960,크래프톤,2023-02-01,182000,Buy,75,"[""배틀그라운드 모바일의 글로벌 성과 지속 및 신작 출시 기대감으로 인한 실적 개선 전망이 긍정적입니다."", ""최근 주가 조정으로 밸류에이션 매력도가 높아졌으며, 기관 투자자들의 매수세가 유입되고 있습니다."", ""게임 산업 전반의 회복세와 함께 크래프톤의 IP 경쟁력이 부각될 가능성이 있습니다.""]",-0.5494505494505495,-6.7032967032967035
259960,크래프톤,2023-03-02,169800,Buy,75,"[""크래프톤은 최근 신작 출시 및 기존 게임의 꾸준한 성과를 바탕으로 실적 개선 기대감이 높아지고 있습니다."", ""글로벌 게임 시장의 회복세와 함께 크래프톤의 주요 게임 IP(배틀그라운드 등)에 대한 긍정적인 전망이 투자 심리를 자극할 수 있습니다."", ""최근 주가 하락으로 밸류에이션 매력이 부각될 수 있으며, 기관 투자자들의 매수세가 유입될 가능성이 있습니다.""]",-4.652532391048291,8.06831566548881
259960,크래프톤,2023-04-03,189400,Buy,75,"[""최근 신작 게임 '다크앤다커'의 글로벌 출시와 함께 긍정적인 초기 반응이 나타나고 있으며, 이는 실적 개선 기대감을 높이고 있습니다."", ""배틀그라운드 IP의 꾸준한 글로벌 인기를 바탕으로 안정적인 매출 기반을 유지하고 있으며, 신규 콘텐츠 업데이트 및 e스포츠 활성화를 통해 모멘텀을 이어갈 가능성이 있습니다."", ""증권사들의 목표주가 상향 조정 및 투자의견 '매수' 유지 리포트가 다수 발표되며 투자 심리가 개선되고 있습니다.""]",-2.0063357972544877,1.8479408658922916
259960,크래프톤,2023-05-02,192900,Neutral,50,"[""크래프톤의 최근 주가 흐름은 뚜렷한 상승 또는 하락 추세를 보이지 않고 횡보하는 구간에 있습니다."", ""신규 게임 출시 및 기존 게임 업데이트 관련 긍정적인 모멘텀이 아직 구체화되지 않아 단기적인 상승 동력이 부족합니다."", ""글로벌 게임 시장의 경쟁 심화 및 규제 리스크는 잠재적인 하락 요인으로 작용할 수 있어 신중한 접근이 필요합니다.""]",3.0585795749092792,-2.021772939346812
259960,크래프톤,2023-06-01,189000,Neutral,50,"[""크래프톤은 최근 신작 출시 및 기존 게임의 성과에 대한 기대감과 우려가 혼재되어 있어 단기적인 방향성 예측이 어렵습니다."", ""글로벌 게임 시장의 경쟁 심화 및 규제 환경 변화 가능성도 투자 심리에 영향을 미칠 수 있습니다."", ""향후 20거래일 동안의 뚜렷한 상승 또는 하락 모멘텀을 뒷받침할 만한 강력한 신규 정보가 부족하여 보수적인 관점에서 Neutral 의견을 제시합니다.""]",8.201058201058201,2.91005291005291
259960,크래프톤,2023-07-03,183000,Buy,75,"[""크래프톤은 최근 신작 출시 및 기존 게임의 꾸준한 성과를 바탕으로 실적 개선 기대감이 높아지고 있습니다."", ""글로벌 게임 시장의 성장세와 함께 크래프톤의 IP 경쟁력이 부각될 가능성이 있습니다."", ""최근 주가 조정을 거치며 밸류에이션 매력도가 높아져 단기적인 반등 가능성이 존재합니다.""]",-0.273224043715847,-2.677595628415301
259960,크래프톤,2023-08-01,172900,Neutral,50,"[""크래프톤은 최근 20거래일 동안 시장 대비 큰 변동성을 보이지 않았으며, 뚜렷한 상승 또는 하락 추세를 형성하지 못하고 있습니다."", ""신작 게임 출시 및 흥행 여부에 대한 불확실성이 존재하며, 이는 향후 주가 방향성에 대한 예측을 어렵게 만드는 요인입니다."", ""거시 경제 환경 및 게임 산업 전반의 투자 심리 변화 또한 크래프톤의 주가에 영향을 미칠 수 있어 단기적인 방향성 판단이 어렵습니다.""]",0.8675534991324465,-10.352805089647195
259960,크래프톤,2023-09-01,156700,Neutral,50,"[""크래프톤의 최근 주가 흐름은 뚜렷한 상승 또는 하락 추세를 보이지 않고 횡보하는 구간에 있습니다."", ""신규 게임 출시 및 기존 게임의 업데이트 등 모멘텀이 될 만한 명확한 이벤트가 단기적으로 부재한 상황입니다."", ""거시 경제 환경 및 게임 산업 전반의 투자 심리 변화에 따라 주가 방향성이 결정될 가능성이 높아 현재로서는 명확한 투자 방향을 제시하기 어렵습니다.""]",-2.361199744735163,-4.6585832801531595
259960,크래프톤,2023-10-04,148000,Buy,75,"[""배틀그라운드 모바일의 견조한 실적과 신규 게임 출시 기대감이 주가 상승 모멘텀을 제공할 것으로 예상됩니다."", ""최근 기관 투자자들의 매수세가 유입되고 있어 단기적인 주가 상승 가능성이 높습니다."", ""글로벌 게임 시장의 성장 추세와 크래프톤의 IP 경쟁력을 고려할 때, 향후 20거래일 동안 시장 대비 초과 성과를 기대할 수 있습니다.""]",4.662162162162162,14.797297297297296
259960,크래프톤,2023-11-01,168900,Buy,75,"[""크래프톤의 신작 'PUBG: NEW STATE MOBILE'의 글로벌 출시가 임박했으며, 이는 신규 매출원 확보 및 기존 IP의 확장 가능성을 시사합니다."", ""최근 게임 업계 전반의 밸류에이션 매력이 부각되고 있으며, 크래프톤 역시 이러한 흐름 속에서 재평가될 가능성이 있습니다."", ""기관 투자자들의 매수세가 꾸준히 유입되고 있으며, 이는 향후 주가 상승에 대한 긍정적인 전망을 뒷받침합니다.""]",12.966252220248666,26.1101243339254
259960,크래프톤,2023-12-01,218000,Neutral,50,"[""크래프톤의 최근 주가 흐름은 뚜렷한 상승 또는 하락 추세를 보이지 않고 횡보하는 구간에 있습니다."", ""신규 게임 출시 및 업데이트 관련 긍정적인 모멘텀이 아직 가시화되지 않아 투자 심리가 관망세를 유지하고 있습니다."", ""글로벌 게임 시장의 경쟁 심화 및 규제 리스크는 단기적인 주가 상승을 제한할 수 있는 요인으로 작용할 수 있습니다.""]",-2.293577981651376,-8.027522935779817
259960,크래프톤,2024-01-02,194800,Neutral,50,"[""크래프톤은 최근 20거래일 동안 시장 대비 큰 변동성을 보이지 않고 횡보하는 추세를 나타내고 있습니다."", ""신작 출시 및 글로벌 시장 반응에 대한 불확실성이 존재하여 단기적인 상승 또는 하락 모멘텀을 명확하게 판단하기 어렵습니다."", ""향후 20거래일 동안 특별한 모멘텀이 발생하지 않는다면 현재의 박스권 흐름이 이어질 가능성이 있습니다.""]",4.209445585215605,10.1129363449692
259960,크래프톤,2024-02-01,223000,Neutral,50,"[""크래프톤은 최근 신작 출시 및 기존 게임의 성과에 대한 불확실성이 공존하며, 거시 경제 환경 또한 변동성이 커 투자 방향을 명확히 판단하기 어렵습니다."", ""신작 '다크앤다커'의 글로벌 출시 및 흥행 여부가 주가에 큰 영향을 미칠 수 있으나, 현재로서는 그 성과를 예측하기 어렵습니다."", ""전반적인 게임 섹터의 투자 심리가 위축된 상황에서 크래프톤만의 뚜렷한 상승 동력이 부재하여 단기적인 시장 대비 초과 상승을 기대하기 어렵습니다.""]",3.1390134529147984,-4.484304932735426
259960,크래프톤,2024-03-04,218000,Neutral,50,"[""크래프톤은 최근 20거래일 동안 시장 대비 큰 변동성을 보이지 않고 횡보하는 추세를 나타내고 있습니다."", ""신작 게임 '다크앤다커'의 출시 일정 및 성과에 대한 불확실성이 투자 심리에 영향을 미칠 수 있습니다."", ""글로벌 게임 시장의 경쟁 심화와 거시 경제 불확실성 또한 단기적인 주가 방향성을 예측하기 어렵게 만드는 요인입니다.""]",7.339449541284404,15.59633027522936
259960,크래프톤,2024-04-01,252000,Neutral,50,"[""크래프톤의 최근 주가 흐름은 뚜렷한 상승 또는 하락 추세를 보이지 않고 횡보하는 구간에 있습니다."", ""신규 게임 출시 및 기존 게임의 업데이트 등 모멘텀이 될 만한 이벤트가 단기적으로 부재하여 명확한 방향성을 제시하기 어렵습니다."", ""글로벌 게임 시장의 경쟁 심화 및 규제 리스크 등 불확실성이 존재하여 투자 심리에 영향을 미칠 수 있습니다.""]",-3.968253968253968,-3.571428571428571
259960,크래프톤,2024-05-02,251000,Buy,75,"[""최근 신작 '다크앤다커'의 글로벌 출시 기대감으로 주가 상승 모멘텀이 형성되고 있습니다."", ""배틀그라운드 IP의 꾸준한 수익 창출 능력과 신규 IP 확장에 대한 긍정적인 전망이 주가에 반영될 가능성이 높습니다."", ""증권사들의 목표 주가 상향 조정 리포트가 다수 발표되며 투자 심리가 개선되고 있습니다.""]",3.386454183266932,-0.5976095617529881
259960,크래프톤,2024-06-03,249500,Buy,75,"[""크래프톤의 신작 'PUBG: NEW STATE MOBILE'의 글로벌 출시가 임박했으며, 이는 신규 매출원 확보 및 기존 IP의 확장 가능성을 시사합니다."", ""최근 게임 업계 전반의 밸류에이션 매력이 부각되고 있으며, 크래프톤 역시 이러한 흐름 속에서 재평가될 가능성이 있습니다."", ""기관 투자자들의 매수세가 꾸준히 유입되고 있으며, 이는 단기적인 주가 상승 모멘텀으로 작용할 수 있습니다.""]",6.212424849699398,9.218436873747494
259960,크래프톤,2024-07-01,271000,Neutral,50,"[""크래프톤의 최근 주가 흐름은 뚜렷한 상승 또는 하락 추세를 보이지 않고 횡보하는 구간에 있습니다."", ""신규 게임 출시 및 기존 게임의 업데이트 등 모멘텀이 될 만한 이벤트에 대한 구체적인 정보가 부족하여 단기적인 방향성을 예측하기 어렵습니다."", ""거시 경제 지표나 게임 산업 전반의 동향이 크래프톤에 미치는 영향 또한 불확실하여 투자 심리가 혼조세를 보일 가능성이 있습니다.""]",6.826568265682657,7.9335793357933575
259960,크래프톤,2024-08-01,287500,Buy,75,"[""크래프톤의 신작 'PUBG: NEW STATE MOBILE'의 글로벌 출시가 임박했으며, 이는 신규 매출원 확보 및 기존 IP의 확장 가능성을 높여 긍정적인 모멘텀을 제공할 것으로 예상됩니다."", ""최근 게임 섹터 전반의 밸류에이션 매력이 부각되고 있으며, 크래프톤 역시 이러한 흐름 속에서 상대적으로 저평가된 구간에 있다는 분석이 있습니다."", ""기관 투자자들의 매수세가 꾸준히 유입되고 있으며, 이는 단기적인 주가 상승에 대한 기대감을 높이는 요인으로 작용하고 있습니다.""]",2.4347826086956523,12.347826086956522
259960,크래프톤,2024-09-02,317000,Neutral,50,"[""크래프톤의 최근 주가 흐름은 뚜렷한 상승 또는 하락 추세를 보이지 않고 횡보하는 구간에 있습니다."", ""신규 게임 출시 및 기존 게임의 업데이트 등 모멘텀이 될 만한 재료들이 있으나, 시장 전반의 불확실성 또한 존재하여 주가 방향성을 예측하기 어렵습니다."", ""향후 20거래일 동안의 투자 방향은 거시 경제 지표 변화, 경쟁사 동향, 그리고 크래프톤의 신작 출시 관련 뉴스에 따라 달라질 수 있어 현재로서는 중립적인 판단이 합리적입니다.""]",1.1041009463722398,2.8391167192429023
259960,크래프톤,2024-10-02,335500,Neutral,50,"[""크래프톤의 최근 주가 흐름은 뚜렷한 상승 또는 하락 추세를 보이지 않고 횡보하는 구간에 있습니다."", ""신작 게임 출시 일정이나 주요 업데이트에 대한 시장의 기대감이 현재로서는 크지 않아 단기적인 모멘텀이 부족합니다."", ""글로벌 게임 시장의 경쟁 심화 및 경기 침체 우려가 투자 심리에 영향을 미칠 수 있어 보수적인 접근이 필요합니다.""]",-1.4903129657228018,0.5961251862891207
259960,크래프톤,2024-11-01,337500,Neutral,50,"[""크래프톤은 최근 신작 출시 및 기존 게임의 성과에 대한 시장의 기대와 우려가 혼재되어 있어 단기적인 방향성 예측이 어렵습니다."", ""글로벌 게임 시장의 경쟁 심화와 규제 환경 변화 가능성은 투자 심리에 영향을 미칠 수 있는 요인입니다."", ""향후 20거래일 동안의 구체적인 신작 출시 일정, 업데이트 효과, 경쟁사 동향 등 추가적인 정보가 필요하여 현재로서는 명확한 매수 또는 매도 신호를 판단하기 어렵습니다.""]",-5.9259259259259265,-2.9629629629629632
259960,크래프톤,2024-12-02,328500,Buy,75,"[""최근 실적 개선 및 신작 출시 기대감으로 투자 심리가 긍정적으로 전환될 가능성이 높습니다."", ""글로벌 게임 시장의 성장세와 크래프톤의 IP 경쟁력을 고려할 때, 추가적인 상승 여력이 존재합니다."", ""현재 주가 수준은 밸류에이션 측면에서 매력적인 구간으로 판단됩니다.""]",-7.91476407914764,1.97869101978691
259960,크래프톤,2025-01-02,335000,Neutral,50,"[""크래프톤은 최근 신작 출시 및 기존 게임의 성과에 따라 주가 변동성이 나타날 수 있습니다."", ""글로벌 게임 시장의 경쟁 심화와 신규 IP 개발 성공 여부가 향후 주가에 영향을 미칠 수 있습니다."", ""거시 경제 지표 및 게임 산업 전반의 투자 심리 변화 또한 크래프톤의 주가 방향성에 영향을 줄 수 있습니다.""]",0.0,13.73134328358209
259960,크래프톤,2025-02-03,362500,Buy,75,"[""크래프톤은 최근 신작 'PUBG: NEW STATE MOBILE'의 글로벌 출시와 함께 신규 이용자 확보 및 매출 증대에 대한 기대감이 반영되고 있습니다."", ""전반적인 게임 섹터의 긍정적인 흐름과 더불어, 크래프톤의 자체 IP 파워 및 글로벌 시장에서의 경쟁력은 향후 주가 상승을 견인할 수 있는 요인입니다."", ""최근 외국인 투자자들의 순매수세가 유입되는 움직임은 단기적인 매수 심리를 자극할 수 있습니다.""]",3.4482758620689653,-5.103448275862069
259960,크래프톤,2025-03-04,344000,Neutral,50,"[""크래프톤의 최근 주가 흐름은 뚜렷한 상승 또는 하락 추세를 보이지 않고 횡보하는 구간에 있습니다."", ""신규 게임 출시 및 기존 게임의 업데이트 등 긍정적인 모멘텀이 있으나, 글로벌 경기 침체 우려 및 경쟁 심화 등 부정적인 요인도 상존합니다."", ""향후 20거래일 동안 시장 전반의 흐름과 크래프톤 자체의 신규 사업 성과에 따라 주가 방향성이 결정될 것으로 예상되어 명확한 투자 방향을 제시하기 어렵습니다.""]",0.436046511627907,0.872093023255814
259960,크래프톤,2025-04-01,347000,Neutral,50,"[""크래프톤은 최근 몇 달간 뚜렷한 상승 또는 하락 추세 없이 횡보하는 모습을 보이고 있습니다."", ""신작 출시 및 기존 게임의 성과에 대한 불확실성이 존재하여 단기적인 강한 상승 또는 하락 모멘텀을 기대하기 어렵습니다."", ""거시 경제 환경 및 게임 산업 전반의 투자 심리 변화에 따라 변동성이 나타날 수 있으나, 현재로서는 명확한 방향성을 제시하기 어렵습니다.""]",2.161383285302594,7.060518731988473
259960,크래프톤,2025-05-02,385500,Neutral,50,"[""크래프톤은 최근 20거래일 동안 뚜렷한 추세 없이 횡보하는 모습을 보이고 있습니다."", ""신작 출시 및 글로벌 시장 반응에 대한 불확실성이 투자 심리에 영향을 미칠 수 있습니다."", ""거시 경제 지표 및 게임 산업 전반의 동향을 좀 더 면밀히 관찰할 필요가 있습니다.""]",-3.24254215304799,-4.150453955901426
259960,크래프톤,2025-06-02,367500,Buy,75,"[""크래프톤의 신작 'PUBG: NEW STATE MOBILE'의 글로벌 출시가 임박했으며, 이는 신규 매출원 확보 및 기존 IP 강화에 기여할 것으로 예상됩니다."", ""최근 게임 섹터 전반의 긍정적인 흐름과 함께, 크래프톤의 견조한 실적 발표는 투자 심리를 개선시킬 수 있습니다."", ""현재 주가 수준은 밸류에이션 측면에서 매력적인 구간에 진입했으며, 향후 실적 개선 기대감과 맞물려 상승 여력이 충분하다고 판단됩니다.""]",3.9455782312925165,-0.5442176870748299
259960,크래프톤,2025-07-01,358500,Buy,75,"[""배틀그라운드 모바일의 꾸준한 매출 성장과 신규 IP '눈물을 마시는 새'에 대한 기대감이 주가 상승 동력으로 작용할 수 있습니다."", ""최근 주가 하락으로 밸류에이션 매력이 부각되고 있으며, 기관 투자자들의 매수세가 유입될 가능성이 있습니다."", ""글로벌 게임 시장의 회복세와 함께 크래프톤의 신작 출시 및 업데이트 모멘텀이 긍정적인 영향을 줄 것으로 예상됩니다.""]",0.41841004184100417,-8.92608089260809
259960,크래프톤,2025-08-01,314500,Neutral,50,"[""크래프톤은 최근 20거래일 동안 뚜렷한 추세 없이 횡보하는 모습을 보이고 있습니다."", ""신작 출시 및 게임 흥행에 대한 기대감과 게임 시장 경쟁 심화 및 규제 리스크가 상존하여 투자 심리가 혼조세를 보이고 있습니다."", ""향후 20거래일 동안 시장 전반의 흐름 및 크래프톤의 신작 관련 뉴스에 따라 방향성이 결정될 가능성이 높아, 현재로서는 명확한 매수 또는 매도 신호를 판단하기 어렵습니다.""]",1.4308426073131957,4.92845786963434
259960,크래프톤,2025-09-01,330000,Neutral,50,"[""크래프톤은 최근 신작 출시 및 기존 게임의 성과에 대한 시장의 기대와 우려가 혼재되어 있어 단기적인 방향성 예측이 어렵습니다."", ""글로벌 게임 시장의 경쟁 심화와 규제 환경 변화 가능성은 투자 심리에 영향을 미칠 수 있습니다."", ""거시 경제 지표 및 금리 변동성은 주식 시장 전반에 영향을 미치므로 크래프톤의 주가에도 간접적인 영향을 줄 수 있습니다.""]",-2.272727272727273,-11.363636363636363
259960,크래프톤,2025-10-01,299000,Neutral,50,"[""크래프톤의 최근 주가 흐름은 뚜렷한 상승 또는 하락 추세를 보이지 않고 횡보하는 구간에 있습니다."", ""신규 게임 출시 및 업데이트에 대한 시장의 기대감과 실제 성과에 대한 불확실성이 공존하고 있습니다."", ""거시 경제 지표 및 게임 산업 전반의 투자 심리가 크래프톤에 미치는 영향에 대한 명확한 방향성이 아직 나타나지 않고 있습니다.""]",-3.0100334448160537,-11.872909698996656
259960,크래프톤,2025-11-03,279000,Buy,75,"[""크래프톤의 신작 'PUBG: NEW STATE MOBILE'의 글로벌 출시가 임박하여 신규 매출 발생 기대감이 높습니다."", ""최근 게임 섹터 전반의 긍정적인 흐름과 함께 크래프톤의 실적 개선 가능성이 부각되고 있습니다."", ""기관 투자자들의 매수세가 꾸준히 유입되고 있어 단기적인 주가 상승 모멘텀이 작용할 것으로 예상됩니다.""]",-5.376344086021505,-9.31899641577061
259960,크래프톤,2025-12-01,253000,Neutral,50,"[""크래프톤의 최근 주가 흐름은 뚜렷한 상승 또는 하락 추세를 보이지 않고 횡보하는 구간에 있습니다."", ""신규 게임 출시 및 흥행 여부에 대한 불확실성이 존재하며, 이는 향후 주가 방향성에 영향을 미칠 수 있습니다."", ""거시 경제 지표 및 게임 산업 전반의 투자 심리가 크래프톤의 주가에 미치는 영향 또한 복합적이어서 단기적인 방향성을 명확히 예측하기 어렵습니다.""]",-2.9644268774703555,-1.9762845849802373
247540,에코프로비엠,2023-01-02,93200,Buy,75,"[""최근 2차전지 섹터 전반의 밸류에이션 부담 완화 및 실적 개선 기대감이 반영되고 있습니다."", ""에코프로비엠은 주요 고객사들의 전기차 생산량 증가에 따른 수혜가 예상되며, 하반기 실적 개선 모멘텀이 강하게 작용할 가능성이 높습니다."", ""기술적으로도 9만원 초반대의 지지력을 확인하고 반등 시도를 하고 있어, 단기적으로 추가 상승 여력이 있다고 판단됩니다.""]",3.5407725321888415,22.317596566523605
247540,에코프로비엠,2023-02-01,114000,Neutral,50,"[""에코프로비엠은 최근 변동성이 큰 흐름을 보이며 뚜렷한 방향성을 설정하지 못하고 있습니다."", ""전기차 시장의 성장 전망은 긍정적이나, 최근 금리 인상 및 경기 침체 우려가 투자 심리에 부담을 주고 있습니다."", ""단기적으로는 기술적 지지선과 저항선 사이에서 횡보할 가능성이 있으며, 추가적인 모멘텀이 발생하기 전까지는 보수적인 접근이 필요합니다.""]",14.649122807017545,59.73684210526316
247540,에코프로비엠,2023-03-02,182100,Buy,75,"[""최근 2차전지 섹터 전반의 밸류에이션 부담 완화 및 실적 개선 기대감이 반영되고 있습니다."", ""에코프로비엠은 양극재 시장 점유율 확대와 신규 고객사 확보를 통해 꾸준한 성장세를 이어갈 것으로 전망됩니다."", ""글로벌 전기차 시장의 성장세와 배터리 재활용 사업 등 신사업 모멘텀이 주가 상승을 견인할 가능성이 높습니다.""]",6.315211422295441,23.28390993959363
247540,에코프로비엠,2023-04-03,224500,Buy,75,"[""최근 2차전지 섹터 전반의 긍정적인 수급이 에코프로비엠에도 긍정적인 영향을 미칠 가능성이 높습니다."", ""전기차 시장의 꾸준한 성장 전망은 에코프로비엠의 핵심 사업인 양극재 수요 증가로 이어질 것으로 예상됩니다."", ""최근 주가 조정을 거치면서 밸류에이션 매력도가 높아졌다는 분석이 있습니다.""]",31.180400890868597,11.1358574610245
247540,에코프로비엠,2023-05-02,249500,Buy,75,"[""최근 전기차 시장의 회복 조짐과 함께 2차전지 섹터 전반의 긍정적인 분위기가 에코프로비엠의 주가 상승을 견인할 가능성이 높습니다."", ""회사의 3분기 실적이 시장 기대치를 상회할 것으로 예상되며, 이는 단기적인 주가 모멘텀으로 작용할 수 있습니다."", ""글로벌 주요 배터리 제조사들의 양극재 공급 계약 확대 소식이 긍정적인 영향을 미칠 것으로 보입니다.""]",-11.022044088176353,2.2044088176352705
247540,에코프로비엠,2023-06-01,255000,Neutral,50,"[""에코프로비엠은 2차전지 소재 시장의 선두주자로서 장기적인 성장 잠재력을 가지고 있습니다."", ""최근 주가 변동성이 커지고 있으며, 시장 전반의 투자 심리 및 거시 경제 지표에 따라 단기적인 방향성이 유동적입니다."", ""향후 20거래일 동안의 명확한 상승 또는 하락 추세를 판단할 만한 구체적인 촉매나 악재가 현재로서는 부족합니다.""]",5.294117647058823,3.3333333333333335
247540,에코프로비엠,2023-07-03,274500,Buy,75,"[""최근 2차전지 섹터 전반의 긍정적인 수급과 함께 에코프로비엠의 실적 개선 기대감이 주가 상승 동력으로 작용할 가능성이 높습니다."", ""글로벌 전기차 시장의 꾸준한 성장세와 주요 고객사들의 생산량 증대 계획은 에코프로비엠의 중장기적인 실적 전망을 밝게 하고 있습니다."", ""최근 주가 조정을 거치며 밸류에이션 매력도가 높아졌다는 분석이 있으며, 기관 투자자들의 매수세가 유입될 경우 단기적인 상승 탄력을 받을 수 있습니다.""]",7.468123861566485,48.816029143898
247540,에코프로비엠,2023-08-01,380500,Buy,75,"[""에코프로비엠은 2차전지 소재 시장의 선두 주자로서 지속적인 성장 잠재력을 가지고 있습니다."", ""최근 전기차 시장의 회복세와 함께 관련 소재 수요 증가가 예상됩니다."", ""회사의 기술력과 생산 능력은 경쟁 우위를 확보하고 있으며, 이는 향후 주가 상승 동력으로 작용할 수 있습니다.""]",-9.724047306176084,-14.71747700394218
247540,에코프로비엠,2023-09-01,307500,Buy,75,"[""에코프로비엠은 2차전지 소재 시장의 선두주자로서 꾸준한 수요 증가가 예상됩니다."", ""최근 증설 및 기술 개발 투자 발표는 향후 실적 개선에 대한 기대감을 높이고 있습니다."", ""글로벌 전기차 시장의 성장세와 맞물려 에코프로비엠의 실적 모멘텀은 지속될 가능성이 높습니다.""]",-5.691056910569105,-23.414634146341466
247540,에코프로비엠,2023-10-04,233500,Buy,75,"[""에코프로비엠은 최근 2차전지 섹터 전반의 긍정적인 수급과 함께 기술적 반등 가능성이 높아지고 있습니다."", ""전기차 시장의 꾸준한 성장 전망은 에코프로비엠의 핵심 사업인 양극재 수요 증가로 이어질 것으로 예상됩니다."", ""최근 주가 하락으로 인한 밸류에이션 매력도가 부각될 수 있으며, 기관 및 외국인 투자자들의 매수세 유입 가능성이 있습니다.""]",5.353319057815846,-1.4989293361884368
247540,에코프로비엠,2023-11-01,217000,Neutral,50,"[""최근 에코프로비엠의 주가는 변동성이 큰 흐름을 보이고 있으며, 뚜렷한 상승 또는 하락 추세를 형성하지 못하고 있습니다."", ""전기차 시장의 성장 전망은 긍정적이나, 최근 원자재 가격 변동 및 경쟁 심화 가능성 등 불확실성 요인이 존재합니다."", ""향후 20거래일 동안 시장 전반의 흐름과 더불어 주요 투자 지표 및 뉴스에 대한 면밀한 모니터링이 필요하며, 현재로서는 명확한 방향성을 판단하기 어렵습니다.""]",14.516129032258066,26.26728110599078
247540,에코프로비엠,2023-12-01,323000,Buy,75,"[""에코프로비엠은 최근 2차전지 섹터 전반의 긍정적인 수급과 함께 기술적 반등 가능성이 높은 구간에 진입했습니다."", ""글로벌 전기차 시장의 꾸준한 성장 전망은 에코프로비엠의 핵심 사업인 양극재 수요 증가로 이어질 것으로 예상됩니다."", ""최근 주가 하락으로 밸류에이션 매력도가 높아졌으며, 기관 및 외국인 투자자들의 매수세가 유입될 경우 단기 상승 모멘텀이 강화될 수 있습니다.""]",-1.238390092879257,-13.622291021671826
247540,에코프로비엠,2024-01-02,271500,Neutral,55,"[""에코프로비엠은 최근 변동성이 큰 흐름을 보이며 뚜렷한 추세가 나타나지 않고 있습니다."", ""전기차 시장의 성장성은 여전히 긍정적이나, 최근 공급망 이슈 및 경쟁 심화 가능성이 투자 심리에 영향을 미칠 수 있습니다."", ""단기적으로는 기술적 지지선 및 저항선 구간에서의 공방이 예상되며, 시장 전반의 흐름에 따라 방향성이 결정될 가능성이 높습니다.""]",8.103130755064457,-21.36279926335175
247540,에코프로비엠,2024-02-01,229000,Buy,75,"[""에코프로비엠은 2차전지 소재 시장에서 선도적인 위치를 유지하고 있으며, 주요 고객사들의 전기차 생산량 증가에 따른 수혜가 예상됩니다."", ""최근 주가 조정을 거치면서 밸류에이션 매력도가 높아졌다는 분석이 있습니다."", ""전기차 시장의 장기적인 성장 전망과 함께, 배터리 기술 발전 및 신규 시장 개척 가능성이 긍정적인 요인으로 작용할 수 있습니다.""]",4.8034934497816595,8.951965065502183
247540,에코프로비엠,2024-03-04,255500,Buy,75,"[""에코프로비엠은 전기차 시장 성장과 함께 양극재 수요 증가가 지속될 것으로 예상됩니다."", ""최근 2차전지 섹터 전반의 밸류에이션 부담이 일부 해소되면서 투자 심리가 개선될 가능성이 있습니다."", ""회사의 기술력과 생산 능력 확장은 장기적인 성장 동력으로 작용할 것이며, 단기적으로도 긍정적인 모멘텀을 기대할 수 있습니다.""]",2.5440313111545985,2.3483365949119372
247540,에코프로비엠,2024-04-01,261500,Buy,75,"[""에코프로비엠은 최근 2차전지 섹터 전반의 긍정적인 수급과 함께 기술적 반등 가능성이 높은 구간에 진입했습니다."", ""글로벌 전기차 시장의 꾸준한 성장세와 더불어 주요 고객사들의 생산량 증대 계획은 에코프로비엠의 실적 개선에 대한 기대감을 높이고 있습니다."", ""최근 주가 하락으로 밸류에이션 부담이 일부 해소되었으며, 기관 투자자들의 매수세가 유입될 경우 단기적인 상승 모멘텀이 강화될 수 있습니다.""]",-9.560229445506693,-10.89866156787763
247540,에코프로비엠,2024-05-02,226000,Buy,75,"[""에코프로비엠은 2차전지 소재 시장의 선두 주자로서 지속적인 수요 증가가 예상됩니다."", ""최근 주가 조정은 단기적인 수급 불균형에 기인하며, 펀더멘털은 여전히 견고합니다."", ""글로벌 전기차 시장의 성장세와 맞물려 에코프로비엠의 실적 개선 기대감이 높아지고 있습니다.""]",-6.8584070796460175,-15.398230088495577
247540,에코프로비엠,2024-06-03,191200,Neutral,50,"[""에코프로비엠은 최근 변동성이 큰 흐름을 보이고 있어 단기적인 방향성 예측이 어렵습니다."", ""전반적인 2차전지 섹터의 투자 심리가 위축된 가운데, 개별 종목의 강한 상승 모멘텀을 찾기 어렵습니다."", ""향후 20거래일 동안 시장 전반의 흐름과 주요 업황 변화에 따라 주가 방향성이 결정될 가능성이 높습니다.""]",9.571129707112972,-0.10460251046025104
247540,에코프로비엠,2024-07-01,182500,Buy,75,"[""에코프로비엠은 2차전지 소재 시장의 선두 주자로서 지속적인 수요 증가가 예상됩니다."", ""최근 주가 조정을 거치면서 밸류에이션 매력도가 높아졌다는 분석이 있습니다."", ""정부의 배터리 산업 육성 정책 및 글로벌 전기차 시장의 성장세가 긍정적인 영향을 미칠 것으로 보입니다.""]",6.191780821917808,2.73972602739726
247540,에코프로비엠,2024-08-01,185900,Buy,75,"[""최근 주가 조정 이후 기술적 반등 가능성이 존재합니다."", ""글로벌 전기차 시장의 성장세와 2차전지 소재 수요 증가는 에코프로비엠의 실적 개선 기대감을 높입니다."", ""정부의 2차전지 산업 육성 정책 및 관련 투자 확대는 긍정적인 모멘텀으로 작용할 수 있습니다.""]",-3.604088219472835,-2.205486820871436
247540,에코프로비엠,2024-09-02,174500,Neutral,50,"[""에코프로비엠은 최근 변동성이 큰 흐름을 보이고 있어 단기적인 방향성 예측이 어렵습니다."", ""전기차 시장의 성장성은 긍정적이나, 경쟁 심화 및 원자재 가격 변동성이 주가에 영향을 미칠 수 있습니다."", ""현재 시장 전반의 불확실성이 높아 투자 심리가 위축될 가능성도 배제할 수 없습니다.""]",-14.785100286532952,10.601719197707736
247540,에코프로비엠,2024-10-02,183400,Neutral,50,"[""에코프로비엠은 최근 변동성이 큰 흐름을 보이며 뚜렷한 방향성을 설정하지 못하고 있습니다."", ""전기차 시장의 성장성은 여전히 긍정적이나, 최근 원자재 가격 변동 및 경쟁 심화 우려가 투자 심리에 영향을 미치고 있습니다."", ""향후 20거래일 동안 시장 전반의 흐름과 더불어 주요 고객사의 신규 계약 발표, 리튬 가격 추이 등 추가적인 정보 확인이 필요합니다.""]",-4.089422028353326,-0.7633587786259541
247540,에코프로비엠,2024-11-01,182000,Neutral,55,"[""에코프로비엠은 2차전지 섹터의 대표적인 종목으로, 최근 시장 변동성에 영향을 받고 있습니다."", ""글로벌 전기차 시장의 성장 전망은 긍정적이나, 경쟁 심화 및 원자재 가격 변동성은 주가에 부담 요인으로 작용할 수 있습니다."", ""단기적인 기술적 지표는 혼조세를 보이며, 20거래일 내 뚜렷한 방향성을 예측하기에는 불확실성이 존재합니다.""]",-16.0989010989011,-24.45054945054945
247540,에코프로비엠,2024-12-02,138000,Buy,75,"[""에코프로비엠은 최근 2차전지 섹터 전반의 긍정적인 수급과 함께 기술적 반등 가능성이 높은 구간에 진입했습니다."", ""양극재 시장의 성장 전망과 더불어 주요 고객사들의 전기차 생산량 증대 계획은 에코프로비엠의 실적 개선에 대한 기대감을 높이고 있습니다."", ""최근 주가 하락으로 밸류에이션 매력도가 높아졌으며, 기관 투자자들의 매수세가 유입될 경우 단기 상승 모멘텀이 강화될 수 있습니다.""]",-5.072463768115942,-18.115942028985508
247540,에코프로비엠,2025-01-02,113000,Neutral,50,"[""에코프로비엠은 2차전지 소재 시장의 선두 주자로서 장기적인 성장 잠재력을 가지고 있습니다."", ""최근 주가 변동성이 커지고 있어 단기적인 방향성 예측이 어렵습니다."", ""거시 경제 지표 및 2차전지 산업 전반의 수급 상황 변화에 따라 주가 흐름이 달라질 수 있습니다.""]",6.371681415929204,8.584070796460178
247540,에코프로비엠,2025-02-03,120300,Neutral,50,"[""에코프로비엠은 최근 변동성이 큰 흐름을 보이며 명확한 추세 전환 신호가 부족합니다."", ""전기차 시장의 성장성은 여전히 긍정적이나, 단기적인 수급 및 매크로 환경 변화에 따른 불확실성이 존재합니다."", ""현재 가격대는 기술적 지지 및 저항 구간이 혼재되어 있어 추가적인 방향성 확인이 필요합니다.""]",0.3325020781379884,-6.317539484621778
247540,에코프로비엠,2025-03-04,112700,Buy,75,"[""에코프로비엠은 최근 2차전지 섹터 전반의 긍정적인 모멘텀과 함께 실적 개선 기대감이 주가 상승을 견인할 가능성이 높습니다."", ""글로벌 전기차 시장의 꾸준한 성장세는 에코프로비엠의 핵심 사업인 양극재 수요 증가로 이어져 실적 성장을 뒷받침할 것으로 예상됩니다."", ""최근 주가 조정을 거치면서 밸류에이션 매력도가 높아졌으며, 기관 투자자들의 매수세가 유입될 경우 단기적인 상승 탄력을 받을 수 있습니다.""]",5.944986690328305,-18.98846495119787
247540,에코프로비엠,2025-04-01,91300,Neutral,50,"[""에코프로비엠은 최근 변동성이 큰 흐름을 보이며 뚜렷한 방향성을 잡지 못하고 있습니다."", ""전기차 시장 성장 기대감과 2차전지 섹터 전반의 투자 심리가 긍정적일 수 있으나, 단기적인 수급 불균형 및 기술적 저항 구간에 대한 우려도 존재합니다."", ""향후 20거래일 동안 거시 경제 지표 변화, 경쟁사 동향, 주요 고객사 발주량 등 추가적인 정보와 시장 상황을 면밀히 관찰하며 방향성을 판단해야 합니다.""]",3.723986856516977,11.171960569550931
247540,에코프로비엠,2025-05-02,100600,Neutral,50,"[""에코프로비엠은 최근 2차전지 섹터 전반의 변동성이 확대되며 단기적인 방향성 판단이 어려운 상황입니다."", ""주요 경쟁사의 기술 개발 및 시장 점유율 변화, 그리고 글로벌 전기차 시장의 수요 변동성이 향후 주가에 영향을 미칠 수 있습니다."", ""현재로서는 뚜렷한 상승 또는 하락 추세를 뒷받침할 만한 강력한 모멘텀이 부족하여 중립적인 관점을 유지합니다.""]",-1.1928429423459244,-4.3737574552683895
247540,에코프로비엠,2025-06-02,91700,Neutral,50,"[""에코프로비엠은 최근 변동성이 큰 흐름을 보이며 뚜렷한 방향성을 설정하지 못하고 있습니다."", ""전반적인 2차전지 섹터의 투자 심리가 위축된 가운데, 개별 종목의 상승 모멘텀이 약화된 상황입니다."", ""향후 20거래일 동안 시장 상황 및 2차전지 섹터 전반의 흐름에 따라 주가 방향성이 결정될 가능성이 높아 신중한 접근이 필요합니다.""]",6.324972737186478,15.812431842966193
247540,에코프로비엠,2025-07-01,103200,Neutral,50,"[""에코프로비엠은 최근 변동성이 큰 흐름을 보이고 있어 단기적인 방향성 예측이 어렵습니다."", ""전기차 시장의 성장성은 긍정적이나, 경쟁 심화 및 원자재 가격 변동성이 주가에 영향을 미칠 수 있습니다."", ""현재 시장 전반의 불확실성이 높아 특정 종목의 20거래일 내 명확한 상승 또는 하락을 단정하기 어렵습니다.""]",-2.3255813953488373,10.852713178294573
247540,에코프로비엠,2025-08-01,108000,Neutral,50,"[""에코프로비엠은 최근 변동성이 큰 흐름을 보이며 뚜렷한 방향성을 설정하지 못하고 있습니다."", ""전반적인 2차전지 섹터의 투자 심리가 위축된 가운데, 개별 종목의 강한 상승 모멘텀을 기대하기 어려운 상황입니다."", ""향후 20거래일 동안 시장 상황 및 2차전지 섹터 전반의 수급 변화에 따라 주가 방향성이 결정될 것으로 예상되어 현재로서는 명확한 매수 또는 매도 신호를 판단하기 어렵습니다.""]",24.074074074074073,10.833333333333334
247540,에코프로비엠,2025-09-01,119700,Neutral,50,"[""에코프로비엠은 최근 변동성이 큰 흐름을 보이고 있어 단기적인 방향성 예측이 어렵습니다."", ""전기차 시장의 성장성은 긍정적이나, 경쟁 심화 및 원자재 가격 변동성이 주가에 영향을 미칠 수 있습니다."", ""현재 시장 전반의 불확실성이 높아 투자 심리가 위축되어 있어 뚜렷한 상승 또는 하락 모멘텀을 찾기 어렵습니다.""]",-1.5037593984962405,-5.597326649958228
247540,에코프로비엠,2025-10-01,116300,Neutral,50,"[""에코프로비엠은 최근 변동성이 큰 모습을 보이며 뚜렷한 방향성을 설정하지 못하고 있습니다."", ""전기차 시장의 성장 전망은 긍정적이나, 경쟁 심화 및 원자재 가격 변동성 등 불확실성 요인이 존재합니다."", ""현재 시장 전반의 불확실성과 개별 종목의 기술적 지표가 혼조세를 보여 20거래일 내 명확한 방향성을 예측하기 어렵습니다.""]",22.957867583834908,35.85554600171969
247540,에코프로비엠,2025-11-03,161800,Buy,75,"[""최근 2차전지 섹터 전반의 긍정적인 수급과 함께 에코프로비엠의 실적 개선 기대감이 주가 상승 동력으로 작용할 것으로 예상됩니다."", ""글로벌 전기차 시장의 성장세가 지속되고 있으며, 에코프로비엠은 핵심 소재 공급사로서 수혜를 받을 가능성이 높습니다."", ""기술적 분석상 현재 주가 수준은 단기적인 저점 구간으로 판단되며, 추가적인 상승 여력이 존재할 수 있습니다.""]",-5.067985166872682,-1.6069221260815822
247540,에코프로비엠,2025-12-01,159200,Buy,75,"[""최근 2차전지 섹터 전반의 긍정적인 수급이 에코프로비엠에도 긍정적인 영향을 미칠 것으로 예상됩니다."", ""전기차 시장의 지속적인 성장 전망은 동사의 핵심 사업인 양극재 수요 증가로 이어질 가능성이 높습니다."", ""기관 및 외국인 투자자들의 꾸준한 매수세가 단기적인 주가 상승 동력으로 작용할 수 있습니다.""]",14.384422110552764,-10.992462311557789
196170,알테오젠,2023-01-02,36300,Buy,75,"[""알테오젠은 최근 기술 이전 계약 체결 및 파이프라인 확장 가능성으로 인해 긍정적인 모멘텀을 확보하고 있습니다."", ""주요 파이프라인의 임상 결과 발표 및 신약 허가 관련 뉴스가 향후 20거래일 내에 긍정적인 영향을 미칠 가능성이 있습니다."", ""바이오 의약품 섹터 전반의 투자 심리 개선 및 성장주에 대한 선호도 증가 추세가 알테오젠의 주가 상승을 뒷받침할 것으로 예상됩니다.""]",-4.40771349862259,14.049586776859504
196170,알테오젠,2023-02-01,41400,Buy,75,"[""알테오젠은 최근 기술 수출 계약 체결 및 임상 결과 발표 등으로 긍정적인 모멘텀을 확보하고 있습니다."", ""주요 파이프라인의 임상 진행 상황이 순조롭게 이어지고 있으며, 이는 향후 실적 개선에 대한 기대감을 높이고 있습니다."", ""바이오 의약품 섹터 전반의 투자 심리가 회복되는 추세이며, 알테오젠은 이러한 흐름 속에서 시장 대비 초과 상승할 가능성이 있습니다.""]",1.6908212560386473,-10.869565217391305
196170,알테오젠,2023-03-02,36900,Buy,75,"[""알테오젠은 최근 주요 기술 이전 계약 체결 및 임상 결과 발표 등으로 긍정적인 모멘텀을 확보하고 있습니다."", ""하반기 추가적인 파이프라인 성과 발표 가능성이 높아 투자 심리에 긍정적인 영향을 줄 것으로 예상됩니다."", ""바이오 섹터 전반의 투자 심리 개선과 함께 알테오젠의 독자적인 기술력에 대한 시장의 기대감이 지속되고 있습니다.""]",-3.7940379403794036,7.452574525745257
196170,알테오젠,2023-04-03,46000,Buy,75,"[""알테오젠은 최근 기술 이전 및 임상 결과 발표 등 긍정적인 모멘텀을 확보하고 있습니다."", ""주요 파이프라인의 임상 진행 상황이 순조롭게 이어지고 있으며, 이는 향후 실적 개선에 대한 기대감을 높입니다."", ""바이오 의약품 섹터 전반의 투자 심리가 회복되는 추세이며, 알테오젠은 이러한 흐름 속에서 주목받을 가능성이 높습니다.""]",10.652173913043478,-8.478260869565217
196170,알테오젠,2023-05-02,42100,Buy,75,"[""알테오젠은 최근 기술이전 계약 체결 등 긍정적인 모멘텀을 확보하며 주가 상승 가능성이 높습니다."", ""바이오 의약품 시장의 성장세와 더불어 알테오젠의 독자적인 플랫폼 기술은 경쟁 우위를 제공할 것으로 예상됩니다."", ""기관 및 외국인 투자자들의 꾸준한 매수세는 향후 20거래일 동안 주가 상승을 지지할 가능성이 있습니다.""]",5.225653206650831,23.040380047505938
196170,알테오젠,2023-06-01,51800,Buy,85,"[""알테오젠은 최근 기술 수출 계약 체결 등 긍정적인 모멘텀을 이어가고 있으며, 이는 향후 주가 상승에 대한 기대감을 높입니다."", ""주요 파이프라인의 임상 진행 상황 및 추가적인 기술 이전 가능성은 단기적인 주가 상승 동력으로 작용할 수 있습니다."", ""바이오 의약품 섹터 전반의 투자 심리 개선 또한 알테오젠 주가에 긍정적인 영향을 미칠 것으로 예상됩니다.""]",-11.96911196911197,-16.89189189189189
196170,알테오젠,2023-07-03,41850,Buy,85,"[""알테오젠은 최근 미국 식품의약국(FDA)으로부터 SC 제형의 허셉틴 바이오시밀러 'ALT-L9'에 대한 임상 3상 시험계획(IND)을 승인받으며 긍정적인 모멘텀을 확보했습니다."", ""이는 기존의 정맥주사(IV) 제형 대비 환자 편의성을 크게 개선한 SC 제형의 경쟁력을 입증하는 결과로, 향후 시장 확대에 대한 기대감을 높입니다."", ""또한, 알테오젠은 지속적인 파이프라인 확장과 기술 수출을 통해 성장 잠재력을 보여주고 있어 단기적인 시장 대비 상승 가능성이 높다고 판단됩니다.""]",-5.4958183990442055,5.256869772998805
196170,알테오젠,2023-08-01,42150,Buy,85,"[""알테오젠은 최근 기술이전 및 파이프라인 관련 긍정적인 뉴스가 지속적으로 나오고 있어 투자 심리가 개선될 가능성이 높습니다."", ""주요 파이프라인의 임상 결과 발표가 예정되어 있어, 긍정적인 결과 시 주가 상승 모멘텀이 강하게 작용할 수 있습니다."", ""최근 외국인 및 기관 투자자들의 매수세가 유입되고 있어 단기적인 수급 개선이 기대됩니다.""]",12.574139976275209,7.354685646500593
196170,알테오젠,2023-09-01,43050,Buy,75,"[""알테오젠은 최근 주요 기술 이전 계약 체결 및 파이프라인 임상 진행에 대한 긍정적인 뉴스가 지속적으로 나오고 있어 투자 심리에 긍정적인 영향을 미치고 있습니다."", ""회사의 주요 파이프라인인 하이브로자임의 글로벌 시장 확대 가능성이 높게 평가되며, 이는 향후 실적 개선에 대한 기대감을 높이고 있습니다."", ""최근 주가 흐름이 단기 조정을 거친 후 상승 추세로 전환될 가능성을 시사하고 있으며, 시장 전반의 바이오 섹터에 대한 관심도 증가 추세입니다.""]",20.557491289198605,58.6527293844367
196170,알테오젠,2023-10-04,64600,Buy,75,"[""알테오젠은 최근 기술 이전 계약 체결 및 파이프라인 임상 진행 상황에 대한 긍정적인 뉴스 플로우가 지속되고 있어 투자 심리가 개선될 가능성이 높습니다."", ""주요 기술인 SC 제형 변경 기술의 시장 잠재력이 높게 평가받고 있으며, 이는 향후 매출 증대로 이어질 수 있다는 기대감을 형성하고 있습니다."", ""현재 주가는 단기적인 변동성을 보이고 있으나, 장기적인 성장 모멘텀을 고려할 때 20거래일 내 시장 대비 상승 여력이 있다고 판단됩니다.""]",-4.798761609907121,6.5015479876160995
196170,알테오젠,2023-11-01,68200,Buy,75,"[""알테오젠은 최근 임상 결과 발표 및 기술 이전 계약 체결 가능성으로 인해 시장의 긍정적인 관심을 받고 있습니다."", ""주요 파이프라인의 임상 진행 상황이 순조롭고, 잠재적인 신약 승인 기대감이 주가 상승 모멘텀으로 작용할 수 있습니다."", ""전반적인 바이오 섹터의 투자 심리가 개선되고 있으며, 알테오젠은 해당 섹터 내에서 차별화된 성장 잠재력을 보여주고 있습니다.""]",-8.797653958944283,17.302052785923756
196170,알테오젠,2023-12-01,78500,Buy,85,"[""알테오젠은 최근 기술 이전 및 파이프라인 업데이트 등 긍정적인 모멘텀을 지속하고 있습니다."", ""주요 파이프라인의 임상 결과 발표 및 신규 계약 체결 가능성이 투자 심리를 자극할 것으로 예상됩니다."", ""글로벌 바이오 의약품 시장의 성장세와 더불어 알테오젠의 기술 경쟁력이 부각될 가능성이 높습니다.""]",-7.388535031847134,12.738853503184714
196170,알테오젠,2024-01-02,90500,Buy,85,"[""알테오젠은 최근 주요 바이오 의약품 위탁개발생산(CDMO) 기업과의 계약 체결 및 기술 이전 소식으로 인해 시장의 긍정적인 반응을 얻고 있습니다."", ""피하주사 제형 변경 기술의 상용화 가능성이 높아지면서, 기존 정맥주사 방식의 약물들을 피하주사 방식으로 전환하여 환자 편의성을 높이고 시장 점유율을 확대할 수 있다는 기대감이 형성되고 있습니다."", ""글로벌 제약사들과의 파이프라인 협력 강화는 향후 추가적인 기술 이전 및 라이선스 아웃 계약으로 이어질 가능성이 높아, 지속적인 성장 동력을 확보할 것으로 예상됩니다.""]",7.513812154696133,-14.585635359116022
196170,알테오젠,2024-02-01,76400,Buy,85,"[""알테오젠은 최근 기술 이전 계약 체결 및 파이프라인 확장 가능성으로 인해 긍정적인 모멘텀을 유지하고 있습니다."", ""주요 파이프라인의 임상 진행 상황과 잠재적인 신약 승인 기대감이 투자 심리를 견인할 것으로 예상됩니다."", ""바이오 의약품 섹터 전반의 투자 심리 개선 또한 알테오젠의 주가 상승에 긍정적인 영향을 미칠 수 있습니다.""]",13.350785340314136,154.18848167539267
196170,알테오젠,2024-03-04,192200,Buy,75,"[""알테오젠은 최근 주요 기술 이전 계약 체결 및 파이프라인 임상 진행 상황에 대한 긍정적인 뉴스가 지속적으로 발표되고 있어 투자 심리가 개선될 가능성이 높습니다."", ""회사의 핵심 기술인 하이브로자임 플랫폼은 다양한 바이오 의약품의 피하주사 제형 전환을 가능하게 하여 시장 잠재력이 크다는 평가를 받고 있습니다."", ""최근 주가 상승 추세가 뚜렷하며, 단기적인 기술적 지표 또한 상승세를 지지하고 있어 향후 20거래일 내 시장 대비 추가 상승 여력이 있다고 판단됩니다.""]",0.676378772112383,-11.550468262226847
196170,알테오젠,2024-04-01,170000,Buy,85,"[""알테오젠은 최근 주요 기술 이전 계약 체결 및 파이프라인 임상 진행 가속화에 대한 기대감이 높습니다."", ""바이오 의약품 시장의 성장세와 함께 알테오젠의 독자적인 플랫폼 기술은 경쟁 우위를 확보하고 있습니다."", ""기관 및 외국인 투자자들의 꾸준한 매수세가 유입되며 주가 상승 동력을 제공하고 있습니다.""]",1.8823529411764703,6.352941176470588
196170,알테오젠,2024-05-02,177200,Buy,85,"[""알테오젠은 최근 주요 바이오 의약품 위탁개발생산(CDMO) 기업들과의 파트너십 체결 및 기술 이전 계약을 통해 성장 모멘텀을 확보했습니다."", ""하반기 주요 임상 결과 발표 및 신약 파이프라인의 임상 진전 가능성이 높아 투자 심리에 긍정적인 영향을 미칠 것으로 예상됩니다."", ""글로벌 제약사들의 항체-약물 접합체(ADC) 및 이중항체 기술에 대한 관심 증가 추세는 알테오젠의 핵심 기술 경쟁력을 부각시키며 주가 상승을 견인할 수 있습니다.""]",-7.223476297968396,31.772009029345373
196170,알테오젠,2024-06-03,233500,Buy,85,"[""알테오젠은 최근 주요 기술 수출 계약 체결 및 파이프라인 확장에 대한 긍정적인 뉴스가 지속적으로 나오고 있어 투자 심리에 긍정적인 영향을 미치고 있습니다."", ""회사의 주요 파이프라인인 하이브로자(Hyaluronidase) 플랫폼 기술은 다양한 바이오 의약품의 피하주사 제형 개발에 활용될 수 있어 높은 성장 잠재력을 가지고 있습니다."", ""최근 시장 전반의 바이오 섹터에 대한 관심이 증가하고 있으며, 알테오젠은 이러한 흐름 속에서 주목받는 종목 중 하나로, 시장 대비 초과 상승 가능성이 높다고 판단됩니다.""]",18.201284796573873,10.706638115631693
196170,알테오젠,2024-07-01,262500,Buy,85,"[""알테오젠은 최근 미국 식품의약국(FDA)으로부터 SC 제형 허가 승인을 받은 주요 파이프라인의 긍정적인 임상 결과 발표로 투자 심리가 개선될 가능성이 높습니다."", ""글로벌 제약사와의 대규모 기술이전 계약 체결 가능성이 지속적으로 제기되고 있으며, 이는 주가 상승의 강력한 모멘텀으로 작용할 수 있습니다."", ""바이오 의약품 시장의 성장 전망과 더불어 알테오젠의 독자적인 플랫폼 기술 경쟁력이 부각되면서 기관 및 외국인 투자자들의 매수세가 유입될 것으로 예상됩니다.""]",0.0,22.095238095238095
196170,알테오젠,2024-08-01,295000,Buy,85,"[""알테오젠은 최근 미국 식품의약국(FDA)으로부터 SC 제형 허가 신청을 승인받으며 기술력과 성장성을 다시 한번 입증했습니다."", ""주요 파이프라인의 임상 진행 상황 및 글로벌 빅파마와의 파트너십 확대 가능성이 긍정적인 투자 심리를 유지할 것으로 예상됩니다."", ""바이오 의약품 시장의 전반적인 성장 추세와 더불어 알테오젠의 독자적인 플랫폼 기술은 향후에도 높은 시장 경쟁력을 확보할 것으로 보입니다.""]",2.3728813559322033,9.152542372881356
196170,알테오젠,2024-09-02,325500,Buy,75,"[""알테오젠은 최근 미국 식품의약국(FDA)으로부터 SC 제형 허가 관련 긍정적인 소식이 있었으며, 이는 향후 실적 개선에 대한 기대감을 높이고 있습니다."", ""주요 파이프라인의 임상 진행 상황이 순조롭게 이어지고 있으며, 이는 장기적인 성장 동력으로 작용할 가능성이 높습니다."", ""최근 시장 전반의 변동성에도 불구하고, 알테오젠은 견조한 수급을 바탕으로 상대적인 강세를 보이고 있어 단기적인 상승 여력이 남아있다고 판단됩니다.""]",-6.29800307219662,13.36405529953917
196170,알테오젠,2024-10-02,356000,Buy,85,"[""알테오젠은 최근 기술 수출 계약 체결 및 파이프라인 확장 가능성으로 인해 긍정적인 모멘텀을 유지하고 있습니다."", ""주요 파이프라인의 임상 결과 발표 및 추가적인 기술 이전 계약에 대한 기대감이 주가 상승을 견인할 수 있습니다."", ""바이오 의약품 섹터 전반의 투자 심리 개선 또한 알테오젠의 주가에 긍정적인 영향을 미칠 것으로 예상됩니다.""]",6.320224719101124,9.410112359550562
196170,알테오젠,2024-11-01,389500,Buy,85,"[""알테오젠은 최근 주요 기술 이전 계약 체결 및 파이프라인 확장 가능성으로 인해 긍정적인 모멘텀을 유지하고 있습니다."", ""주요 경쟁사 대비 기술적 우위와 시장 점유율 확대 기대감이 주가 상승 요인으로 작용할 것으로 예상됩니다."", ""최근 외국인 및 기관 투자자들의 순매수세가 지속되며 수급 측면에서도 긍정적인 신호가 나타나고 있습니다.""]",14.377406931964057,-22.464698331193837
196170,알테오젠,2024-12-02,325000,Buy,75,"[""알테오젠은 최근 미국 식품의약국(FDA)으로부터 SC 제형 허가 승인을 받으며 기술력을 입증받았습니다."", ""주요 파이프라인인 하이브리자(HyQvia)의 미국 시장 출시가 임박했으며, 이는 매출 증대에 긍정적인 영향을 미칠 것으로 예상됩니다."", ""글로벌 제약사와의 파트너십 확대 가능성이 높아 추가적인 성장 동력을 확보할 것으로 보입니다.""]",-2.1538461538461537,-2.0
196170,알테오젠,2025-01-02,318500,Buy,85,"[""알테오젠은 최근 주요 기술 이전 계약 체결 및 파이프라인의 임상 진행 상황에 대한 긍정적인 뉴스가 지속적으로 발표되고 있어 투자 심리가 개선될 가능성이 높습니다."", ""글로벌 제약사와의 파트너십 강화는 향후 매출 증대 및 기술력에 대한 시장의 신뢰도를 높여 주가 상승 동력으로 작용할 수 있습니다."", ""바이오 의약품 섹터 전반의 투자 심리가 회복되는 추세이며, 알테오젠은 해당 섹터 내에서 차별화된 기술력을 보유하고 있어 시장 대비 초과 상승이 기대됩니다.""]",-2.8257456828885403,23.076923076923077
196170,알테오젠,2025-02-03,374000,Buy,85,"[""알테오젠은 최근 주요 기술 이전 계약 체결 및 파이프라인 임상 진행에 대한 긍정적인 뉴스가 지속적으로 나오고 있어 투자 심리가 개선될 가능성이 높습니다."", ""회사의 핵심 기술인 하이브로자임 플랫폼은 지속형 바이오의약품 개발에 필수적인 요소로, 향후 글로벌 제약사들과의 추가적인 파트너십 기대감이 존재합니다."", ""현재 주가는 단기적인 변동성을 보이고 있으나, 장기적인 성장 잠재력과 기술력을 고려할 때 20거래일 내 시장 대비 상승 가능성이 높다고 판단됩니다.""]",1.06951871657754,10.695187165775401
196170,알테오젠,2025-03-04,414000,Buy,85,"[""알테오젠은 최근 미국 식품의약국(FDA)으로부터 SC 제형 허가 승인을 받으며 주요 파이프라인의 상업화 기대감이 높아졌습니다."", ""하반기 예정된 주요 임상 결과 발표 및 기술 이전 계약 체결 가능성이 주가 상승 모멘텀으로 작용할 수 있습니다."", ""글로벌 바이오 의약품 시장의 성장세와 더불어 알테오젠의 독자적인 플랫폼 기술은 경쟁 우위를 확보하고 있어 시장 대비 강한 상승 흐름을 이어갈 것으로 예상됩니다.""]",-12.80193236714976,-12.439613526570048
196170,알테오젠,2025-04-01,362500,Buy,75,"[""알테오젠은 최근 주요 기술 이전 계약 체결 및 파이프라인의 임상 진행 상황에 대한 긍정적인 뉴스가 지속적으로 발표되고 있습니다."", ""바이오 의약품 섹터 전반의 투자 심리가 개선되고 있으며, 특히 알테오젠은 차세대 항체-약물 접합체(ADC) 기술에 대한 기대감이 높습니다."", ""기술적 분석상으로도 최근 주가 조정을 거친 후 상승 추세로 전환될 가능성을 시사하는 패턴이 관찰됩니다.""]",-4.137931034482759,-3.1724137931034484
196170,알테오젠,2025-05-02,356500,Buy,85,"[""알테오젠은 최근 주요 글로벌 제약사와의 계약 체결 및 기술 이전 가능성으로 인해 성장 모멘텀이 강화되고 있습니다."", ""하반기 임상 결과 발표 및 신규 파이프라인에 대한 기대감이 주가 상승을 견인할 것으로 예상됩니다."", ""전반적인 바이오 섹터의 투자 심리 회복과 함께 알테오젠의 독보적인 기술력은 시장 대비 초과 수익을 기대하게 합니다.""]",-6.03085553997195,3.3660589060308554
196170,알테오젠,2025-06-02,381000,Buy,75,"[""알테오젠은 최근 주요 기술 이전 계약 체결 및 파이프라인 확장 가능성으로 인해 긍정적인 모멘텀을 유지하고 있습니다."", ""하반기 임상 결과 발표 및 신규 계약 체결에 대한 기대감이 주가 상승 요인으로 작용할 수 있습니다."", ""글로벌 바이오 의약품 시장의 성장세와 더불어 알테오젠의 기술 경쟁력이 부각될 가능성이 높습니다.""]",7.742782152230972,4.4619422572178475
196170,알테오젠,2025-07-01,392500,Buy,85,"[""알테오젠은 최근 주요 기술이전 계약 체결 및 파이프라인 확대 가능성으로 인해 투자자들의 관심이 집중되고 있습니다."", ""글로벌 제약사와의 파트너십 강화는 향후 매출 증대 및 신약 개발 성공 가능성을 높여 주가 상승 동력으로 작용할 것으로 예상됩니다."", ""바이오 의약품 시장의 성장세와 더불어 알테오젠의 독자적인 기술력은 경쟁 우위를 확보하며 시장 대비 초과 수익을 기대하게 합니다.""]",7.898089171974522,15.031847133757962
196170,알테오젠,2025-08-01,432000,Buy,85,"[""알테오젠은 최근 주요 기술 이전 계약 체결 및 파이프라인 가치 상승 가능성으로 인해 투자자들의 관심이 집중되고 있습니다."", ""하반기 추가적인 기술 이전 계약 체결 및 임상 결과 발표에 대한 기대감이 주가 상승 동력으로 작용할 수 있습니다."", ""현재 주가 수준은 이러한 긍정적인 모멘텀을 충분히 반영하지 못했을 가능성이 있으며, 단기적으로 시장 대비 초과 상승을 기대해 볼 수 있습니다.""]",-0.4629629629629629,7.060185185185184
196170,알테오젠,2025-09-01,462500,Buy,85,"[""알테오젠은 최근 주요 기술 이전 계약 체결 및 파이프라인 임상 진행 가속화에 대한 기대감이 높습니다."", ""글로벌 제약사와의 파트너십 강화는 향후 매출 증대 및 기술 가치 상승으로 이어질 가능성이 큽니다."", ""바이오 의약품 섹터 전반의 긍정적인 시장 분위기와 더불어, 알테오젠의 독자적인 기술력은 차별화된 경쟁력을 제공합니다.""]",3.027027027027027,-0.9729729729729729
196170,알테오젠,2025-10-01,471500,Buy,85,"[""알테오젠은 지속적인 기술 개발과 파이프라인 확대를 통해 성장 잠재력을 보여주고 있습니다."", ""최근 주요 파이프라인의 임상 진행 상황 및 긍정적인 결과 발표는 투자 심리를 자극할 수 있습니다."", ""글로벌 바이오 의약품 시장의 성장세와 더불어 알테오젠의 기술력은 시장에서 높은 평가를 받을 가능성이 있습니다.""]",-8.377518557794273,16.01272534464475
196170,알테오젠,2025-11-03,549000,Buy,85,"[""알테오젠은 최근 미국 식품의약국(FDA)으로부터 SC 제형 허가를 받은 주요 파이프라인의 긍정적인 임상 결과 발표로 시장의 주목을 받고 있습니다."", ""글로벌 제약사와의 대규모 기술이전 계약 체결 가능성이 지속적으로 제기되며 투자 심리를 자극하고 있습니다."", ""바이오 섹터 전반의 투자 심리 개선과 함께 알테오젠의 독보적인 기술력은 단기적인 시장 대비 초과 상승 가능성을 높입니다.""]",-7.103825136612022,-5.100182149362477
196170,알테오젠,2025-12-01,521000,Buy,85,"[""알테오젠은 최근 주요 기술 이전 계약 체결 및 임상 결과 발표 등 긍정적인 모멘텀을 이어가고 있습니다."", ""하반기 추가적인 기술 이전 계약 가능성이 제기되며 성장 기대감이 높은 상황입니다."", ""글로벌 제약사와의 파이프라인 확장 및 상업화 기대감이 주가 상승 동력으로 작용할 것으로 예상됩니다.""]",-12.284069097888676,-12.284069097888676
034020,두산에너빌리티,2023-01-02,15100,Buy,75,"[""최근 원전 관련 긍정적인 뉴스 및 정책 기대감이 주가 상승 모멘텀으로 작용할 가능성이 높습니다."", ""글로벌 에너지 전환 트렌드에 따라 신재생 에너지 사업 부문의 성장 잠재력이 부각되고 있습니다."", ""최근 주가 하락 후 기술적 반등 가능성이 있으며, 15,000원 부근에서 지지력을 확보하는 모습입니다.""]",8.609271523178808,9.933774834437086
034020,두산에너빌리티,2023-02-01,16600,Buy,75,"[""최근 원전 관련 긍정적인 뉴스 및 정책 지원 기대감이 주가 상승 동력으로 작용하고 있습니다."", ""글로벌 에너지 전환 추세 속에서 두산에너빌리티의 사업 포트폴리오가 장기적인 성장 잠재력을 가지고 있습니다."", ""최근 외국인 및 기관 투자자들의 순매수세가 유입되며 수급 개선 조짐을 보이고 있습니다.""]",-4.337349397590361,0.7228915662650602
034020,두산에너빌리티,2023-03-02,16720,Buy,75,"[""원자력 발전 및 신재생 에너지 사업의 성장 전망이 긍정적입니다."", ""최근 수주 증가 및 대형 프로젝트 참여 소식이 주가에 긍정적인 영향을 미칠 것으로 예상됩니다."", ""글로벌 에너지 전환 트렌드에 따라 두산에너빌리티의 사업 경쟁력이 부각될 가능성이 높습니다.""]",6.997607655502393,1.674641148325359
034020,두산에너빌리티,2023-04-03,17280,Buy,75,"[""원자력 발전 및 신재생 에너지 사업의 성장 전망이 긍정적입니다."", ""최근 수주 증가 및 해외 시장 진출 확대 소식이 주가 상승 모멘텀으로 작용할 수 있습니다."", ""글로벌 에너지 전환 트렌드에 따른 수혜가 예상됩니다.""]",-1.7939814814814814,-9.895833333333332
034020,두산에너빌리티,2023-05-02,15570,Buy,75,"[""최근 원전 관련 정책 기대감과 수주 모멘텀이 긍정적으로 작용하고 있습니다."", ""글로벌 에너지 전환 추세 속에서 원자력 발전의 중요성이 부각되며 장기적인 성장 가능성이 높습니다."", ""현재 주가는 밸류에이션 측면에서 매력적인 수준이며, 단기적인 기술적 반등 가능성도 존재합니다.""]",-1.5414258188824663,5.5876685934489405
034020,두산에너빌리티,2023-06-01,16440,Buy,75,"[""최근 원전 관련 긍정적인 뉴스 및 수주 기대감이 주가에 반영되고 있습니다."", ""글로벌 에너지 전환 트렌드 속에서 원자력 발전의 중요성이 부각되며 장기적인 성장 동력을 확보하고 있습니다."", ""최근 주가 조정을 거치며 기술적으로도 반등 가능성이 높아지고 있습니다.""]",12.165450121654501,10.097323600973237
034020,두산에너빌리티,2023-07-03,17920,Buy,75,"[""최근 원전 관련 긍정적인 뉴스 및 정책 지원 기대감으로 수주 모멘텀이 강화되고 있습니다."", ""글로벌 에너지 전환 추세 속에서 원자력 발전의 중요성이 부각되며 장기적인 성장 전망이 긍정적입니다."", ""최근 주가 조정 이후 기술적 반등 가능성이 있으며, 기관 및 외국인 매수세가 유입될 경우 상승 탄력이 붙을 수 있습니다.""]",5.189732142857143,-2.34375
034020,두산에너빌리티,2023-08-01,17690,Buy,75,"[""최근 원전 관련 긍정적인 뉴스 및 수주 기대감이 주가에 반영되고 있습니다."", ""글로벌 에너지 전환 트렌드 속에서 원자력 발전의 중요성이 부각되며 장기적인 성장 동력을 확보하고 있습니다."", ""현재 주가는 기술적 지지선을 형성하며 반등 가능성을 시사하고 있습니다.""]",-3.900508762012436,2.996042962125495
034020,두산에너빌리티,2023-09-01,17190,Buy,75,"[""최근 원전 관련 긍정적인 뉴스 및 정책 기대감이 주가에 반영될 가능성이 높습니다."", ""글로벌 에너지 전환 트렌드 속에서 두산에너빌리티의 사업 포트폴리오가 매력적으로 부각될 수 있습니다."", ""최근 주가 조정을 거치며 밸류에이션 매력이 높아져 단기 반등 가능성이 있습니다.""]",0.17452006980802792,-10.180337405468295
034020,두산에너빌리티,2023-10-04,15530,Buy,75,"[""최근 원전 관련 정책 기대감 및 수주 모멘텀이 긍정적으로 작용하고 있습니다."", ""글로벌 에너지 전환 트렌드 속에서 두산에너빌리티의 사업 포트폴리오가 장기적인 성장 동력을 갖추고 있습니다."", ""최근 주가 조정을 거치며 밸류에이션 매력도가 높아졌다는 분석이 있습니다.""]",-6.439150032195751,-9.980682549903412
034020,두산에너빌리티,2023-11-01,13910,Buy,75,"[""최근 원전 관련 긍정적인 뉴스 및 정책 지원 기대감이 주가에 반영되고 있습니다."", ""글로벌 에너지 전환 추세 속에서 원자력 발전의 중요성이 부각되며 장기적인 성장 동력을 확보하고 있습니다."", ""최근 주가 하락 이후 기술적 반등 가능성이 있으며, 14,000원 돌파 시 추가 상승 여력이 있습니다.""]",1.4378145219266714,13.587347232207044
034020,두산에너빌리티,2023-12-01,15610,Buy,75,"[""최근 원자력 발전 및 신재생 에너지 관련 수주 모멘텀이 긍정적으로 작용하고 있습니다."", ""글로벌 에너지 전환 정책 강화 추세는 장기적으로 두산에너빌리티의 사업 전망을 밝게 하고 있습니다."", ""현재 주가는 밸류에이션 측면에서 매력적인 수준에 도달했으며, 단기적인 기술적 반등 가능성이 존재합니다.""]",-0.6406149903907752,-0.25624599615631005
034020,두산에너빌리티,2024-01-02,15600,Buy,75,"[""최근 원자력 발전 관련 긍정적인 뉴스 및 정책 지원 기대감이 주가 상승 동력으로 작용하고 있습니다."", ""해외 원전 수주 가능성이 지속적으로 제기되며 실적 개선에 대한 기대감이 높아지고 있습니다."", ""전반적인 시장 분위기가 친환경 에너지 및 방산 관련 섹터에 우호적으로 형성되고 있습니다.""]",-2.628205128205128,-1.0256410256410255
034020,두산에너빌리티,2024-02-01,16000,Buy,75,"[""최근 원전 관련 수주 모멘텀이 지속되고 있으며, 이는 실적 개선 기대감으로 이어질 가능성이 높습니다."", ""글로벌 에너지 전환 정책 강화 추세 속에서 두산에너빌리티의 친환경 에너지 사업 부문 성장이 예상됩니다."", ""최근 주가 조정을 거치면서 밸류에이션 매력도가 높아졌다는 분석이 있습니다.""]",-2.375,-2.3125
034020,두산에너빌리티,2024-03-04,15460,Buy,75,"[""최근 원전 관련 긍정적인 뉴스 및 수주 모멘텀이 지속되고 있습니다."", ""글로벌 에너지 전환 트렌드에 따라 원자력 발전의 중요성이 부각되고 있으며, 이는 두산에너빌리티의 장기적인 성장 동력으로 작용할 것입니다."", ""현재 주가 수준은 밸류에이션 측면에서 매력적인 구간으로 판단되며, 단기적인 시장 대비 초과 상승 가능성이 높습니다.""]",10.155239327296249,8.538163001293661
034020,두산에너빌리티,2024-04-01,16780,Buy,75,"[""최근 원전 관련 긍정적인 뉴스 및 정책 기대감이 주가 상승 모멘텀으로 작용하고 있습니다."", ""글로벌 에너지 전환 추세 속에서 원자력 발전의 중요성이 부각되며 장기적인 성장 가능성이 높게 평가됩니다."", ""최근 외국인 투자자들의 순매수세가 유입되며 수급 개선의 신호가 나타나고 있습니다.""]",-3.158522050059595,-1.66865315852205
034020,두산에너빌리티,2024-05-02,16550,Buy,75,"[""원자력 발전 및 신재생 에너지 사업의 성장 기대감이 주가에 긍정적인 영향을 미칠 것으로 예상됩니다."", ""최근 수주 증가 및 해외 시장 진출 확대는 실적 개선에 대한 기대감을 높이고 있습니다."", ""글로벌 에너지 전환 트렌드에 부합하는 사업 포트폴리오는 장기적인 성장 동력을 제공할 것입니다.""]",6.948640483383686,16.012084592145015
034020,두산에너빌리티,2024-06-03,19200,Buy,75,"[""원자력 발전 및 신재생 에너지 사업 부문의 성장 기대감이 지속되고 있습니다."", ""최근 수주 증가 및 해외 시장에서의 긍정적인 성과가 주가 상승 모멘텀으로 작용할 가능성이 높습니다."", ""글로벌 에너지 전환 트렌드에 따른 수혜가 예상되며, 밸류에이션 매력도 부각될 수 있습니다.""]",4.166666666666666,0.3125
034020,두산에너빌리티,2024-07-01,19330,Buy,75,"[""최근 원전 관련 긍정적인 뉴스 및 정책 지원 기대감이 주가 상승 모멘텀으로 작용하고 있습니다."", ""글로벌 에너지 전환 추세 속에서 두산에너빌리티의 사업 포트폴리오가 장기적인 성장성을 갖추고 있다는 평가가 많습니다."", ""단기적으로는 20거래일 동안 시장 전반의 변동성이 있겠지만, 현재의 긍정적인 수급 및 실적 개선 전망을 고려할 때 시장 대비 초과 상승 가능성이 높다고 판단됩니다.""]",15.106052767718573,-3.983445421624418
034020,두산에너빌리티,2024-08-01,17690,Buy,75,"[""최근 원전 관련 긍정적인 뉴스 및 수주 기대감이 주가에 반영되고 있습니다."", ""글로벌 에너지 전환 트렌드 속에서 원자력 발전의 중요성이 부각되며 장기적인 성장 동력을 확보하고 있습니다."", ""현재 주가 수준은 밸류에이션 측면에서 매력적인 구간으로 판단됩니다.""]",0.0,1.1305822498586773
034020,두산에너빌리티,2024-09-02,17650,Buy,75,"[""최근 원전 관련 긍정적인 뉴스 및 정책 기대감이 주가 상승 모멘텀으로 작용하고 있습니다."", ""글로벌 에너지 전환 추세 속에서 두산에너빌리티의 사업 포트폴리오가 장기적인 성장성을 갖추고 있다는 평가가 많습니다."", ""최근 외국인 및 기관 투자자들의 순매수세가 유입되며 수급 개선의 조짐을 보이고 있습니다.""]",-6.175637393767705,4.079320113314448
034020,두산에너빌리티,2024-10-02,17410,Buy,75,"[""최근 원전 관련 긍정적인 뉴스 및 정책 기대감이 주가에 반영되고 있습니다."", ""글로벌 에너지 전환 추세 속에서 두산에너빌리티의 사업 포트폴리오가 장기적인 성장 잠재력을 가지고 있습니다."", ""최근 외국인 및 기관 투자자들의 순매수세가 유입되며 수급 개선의 조짐을 보이고 있습니다.""]",6.0884549109707065,14.876507754164273
034020,두산에너빌리티,2024-11-01,20000,Buy,75,"[""두산에너빌리티는 최근 원자력 발전 및 신재생 에너지 관련 수주 모멘텀이 강화되고 있으며, 이는 향후 실적 개선에 대한 기대감을 높이고 있습니다."", ""글로벌 에너지 전환 트렌드에 따라 친환경 에너지 사업 부문의 성장이 예상되며, 이는 장기적인 주가 상승 동력으로 작용할 수 있습니다."", ""현재 주가는 밸류에이션 측면에서 매력적인 수준으로 판단되며, 단기적인 시장 변동성에도 불구하고 상승 여력이 충분하다고 분석됩니다.""]",4.5,3.5000000000000004
034020,두산에너빌리티,2024-12-02,21150,Buy,75,"[""최근 원전 관련 긍정적인 뉴스 및 정책 기대감이 주가에 반영될 가능성이 높습니다."", ""글로벌 에너지 전환 트렌드에 따라 친환경 에너지 사업 부문의 성장성이 부각될 것으로 예상됩니다."", ""기관 및 외국인 투자자들의 매수세가 유입될 경우 단기적인 상승 모멘텀이 강화될 수 있습니다.""]",-18.77068557919622,-13.947990543735225
034020,두산에너빌리티,2025-01-02,18200,Buy,75,"[""최근 원전 관련 긍정적인 뉴스 및 정책 지원 기대감이 주가 상승 동력으로 작용하고 있습니다."", ""글로벌 에너지 전환 트렌드 속에서 두산에너빌리티의 사업 포트폴리오가 장기적인 성장 잠재력을 가지고 있습니다."", ""현재 주가 수준은 밸류에이션 측면에서 매력적인 구간으로 판단되며, 단기적인 기술적 반등 가능성도 존재합니다.""]",9.89010989010989,31.868131868131865
034020,두산에너빌리티,2025-02-03,24400,Buy,75,"[""최근 원전 관련 수주 모멘텀이 지속되며 실적 개선 기대감이 높아지고 있습니다."", ""글로벌 에너지 전환 추세 속에서 원자력 발전의 중요성이 부각되며 장기적인 성장 동력을 확보하고 있습니다."", ""최근 주가 조정을 거치며 밸류에이션 매력도가 높아져 단기 반등 가능성이 있습니다.""]",-3.483606557377049,10.245901639344263
034020,두산에너빌리티,2025-03-04,26900,Buy,75,"[""최근 원전 관련 정책 기대감 및 수주 모멘텀이 긍정적으로 작용하고 있습니다."", ""글로벌 에너지 전환 추세 속에서 두산에너빌리티의 사업 포트폴리오가 장기적인 성장성을 보유하고 있습니다."", ""최근 주가 조정을 거치며 밸류에이션 매력도가 부각될 가능성이 있습니다.""]",-2.41635687732342,-10.966542750929369
034020,두산에너빌리티,2025-04-01,23950,Buy,75,"[""최근 원전 관련 긍정적인 뉴스 및 정책 지원 기대감이 주가 상승 모멘텀으로 작용하고 있습니다."", ""글로벌 에너지 전환 추세 속에서 두산에너빌리티의 친환경 에너지 사업 포트폴리오가 부각될 가능성이 높습니다."", ""현재 주가 수준은 밸류에이션 측면에서 매력적인 구간으로 판단되며, 기관 투자자들의 매수세가 유입될 여지가 있습니다.""]",-15.866388308977037,20.876826722338205
034020,두산에너빌리티,2025-05-02,27300,Buy,75,"[""최근 원전 관련 긍정적인 뉴스 및 정책 기대감이 주가에 반영되고 있습니다."", ""글로벌 에너지 전환 트렌드 속에서 두산에너빌리티의 사업 경쟁력이 부각될 가능성이 높습니다."", ""최근 주가 하락 후 기술적 반등 가능성이 있으며, 기관 투자자들의 매수세가 유입될 경우 상승 탄력이 붙을 수 있습니다.""]",14.652014652014653,68.13186813186813
034020,두산에너빌리티,2025-06-02,42650,Buy,75,"[""최근 수주 증가 및 원전 사업의 지속적인 성장 가능성이 주가 상승 동력으로 작용할 것으로 예상됩니다."", ""글로벌 에너지 전환 트렌드에 따라 신재생 에너지 사업 부문의 성과도 긍정적인 영향을 미칠 것으로 보입니다."", ""현재 주가 수준은 밸류에이션 측면에서 매력적인 구간으로 판단되어 단기적인 상승 여력이 있다고 분석됩니다.""]",28.01875732708089,45.1348182883939
034020,두산에너빌리티,2025-07-01,61600,Buy,75,"[""최근 수주 증가 및 원전 사업 가시화로 실적 개선 기대감이 높습니다."", ""글로벌 에너지 전환 트렌드에 따른 수혜가 예상됩니다."", ""최근 주가 조정을 거치며 밸류에이션 매력도가 부각되고 있습니다.""]",4.545454545454546,3.4090909090909087
034020,두산에너빌리티,2025-08-01,64300,Buy,75,"[""최근 원전 관련 긍정적인 뉴스 및 수주 모멘텀이 지속되고 있습니다."", ""글로벌 에너지 전환 추세 속에서 원자력 발전의 중요성이 부각되며 장기적인 성장 기대감이 높습니다."", ""최근 주가 상승 추세가 견조하며 기관 및 외국인 매수세가 유입되고 있어 단기적인 상승 여력이 있다고 판단됩니다.""]",7.931570762052877,-6.065318818040436
034020,두산에너빌리티,2025-09-01,60400,Buy,75,"[""최근 원전 관련 긍정적인 뉴스 및 수주 기대감이 주가에 반영될 가능성이 높습니다."", ""글로벌 에너지 전환 트렌드 속에서 원자력 발전의 중요성이 부각되며 장기적인 성장 모멘텀을 확보하고 있습니다."", ""현재 주가 수준은 밸류에이션 측면에서 매력적인 구간으로 판단되며, 기관 투자자들의 매수세가 유입될 여지가 있습니다.""]",2.980132450331126,3.80794701986755
034020,두산에너빌리티,2025-10-01,64800,Buy,75,"[""두산에너빌리티는 최근 원자력 발전 및 신재생 에너지 사업 부문에서 긍정적인 수주 소식이 이어지고 있으며, 이는 향후 실적 개선에 대한 기대감을 높이고 있습니다."", ""글로벌 에너지 전환 트렌드에 따라 원자력 및 친환경 에너지 관련 기업들의 투자 매력이 부각되고 있으며, 두산에너빌리티는 이러한 흐름의 수혜를 받을 것으로 예상됩니다."", ""최근 주가 흐름이 단기적인 조정을 거친 후 반등의 조짐을 보이고 있어, 긍정적인 모멘텀이 이어질 가능성이 있습니다.""]",29.166666666666668,22.376543209876544
034020,두산에너빌리티,2025-11-03,89500,Buy,75,"[""최근 원전 관련 긍정적인 뉴스 및 정책 기대감이 주가 상승 동력으로 작용하고 있습니다."", ""글로벌 에너지 전환 추세 속에서 원자력 발전의 중요성이 부각되며 장기적인 성장 전망이 긍정적입니다."", ""최근 외국인 투자자들의 순매수세가 유입되며 수급 측면에서도 긍정적인 신호가 나타나고 있습니다.""]",-12.625698324022347,-16.201117318435752
034020,두산에너빌리티,2025-12-01,75000,Buy,75,"[""최근 원전 관련 수주 모멘텀이 지속되며 실적 개선 기대감이 높습니다."", ""글로벌 에너지 전환 정책 강화로 친환경 에너지 사업 부문의 성장 잠재력이 부각되고 있습니다."", ""최근 주가 상승 추세가 강하게 나타나고 있으며, 단기적인 추가 상승 여력이 있다고 판단됩니다.""]",2.2666666666666666,0.26666666666666666
005930,삼성전자,2026-03-03,172200,Neutral,50,"[""삼성전자는 현재 반도체 업황 회복에 대한 기대감과 글로벌 경기 불확실성이 혼재된 상황입니다."", ""최근 주가 흐름은 뚜렷한 방향성을 보이지 않고 있으며, 단기적인 모멘텀 부재가 관찰됩니다."", ""향후 20거래일 동안의 투자 방향은 거시 경제 지표 발표, 주요국 중앙은행의 통화 정책, 그리고 반도체 관련 기업들의 실적 발표 등 다양한 변수에 의해 영향을 받을 것으로 예상됩니다.""]",10.336817653890824,10.104529616724738
000660,SK하이닉스,2026-03-03,849000,Buy,75,"[""AI 반도체 수요 증가 및 HBM 시장 선점 효과로 인한 실적 개선 기대감이 높습니다."", ""글로벌 메모리 반도체 업황 회복 시그널이 점진적으로 나타나고 있습니다."", ""최근 주가 조정은 단기적인 수급 요인으로 판단되며, 장기적인 성장성은 여전히 유효합니다.""]",12.48527679623086,5.1825677267373385
207940,삼성바이오로직스,2026-03-03,1516000,Buy,75,"[""삼성바이오로직스는 글로벌 CDMO 시장의 선두주자로서 지속적인 수주 증가와 생산 능력 확대로 견조한 성장세를 이어갈 것으로 예상됩니다."", ""최근 발표된 신규 위탁 생산 계약 및 파이프라인 확장 소식은 향후 실적 개선에 대한 기대감을 높이고 있습니다."", ""바이오 의약품 위탁 생산 시장의 구조적인 성장세와 삼성바이오로직스의 경쟁 우위를 고려할 때, 단기적인 시장 변동성에도 불구하고 상승 여력이 충분하다고 판단됩니다.""]",9.300791556728234,3.6939313984168867
