ticker,name,signal_date,avg_target,cur_price,gap_pct,return_pct,excess_return_pct
005930,삼성전자,2023-01-06,75333.0,59000,27.68,3.95,-1.72
005930,삼성전자,2023-01-09,73333.0,60700,20.81,4.3,-1.23
005930,삼성전자,2023-01-09,70667.0,60700,16.42,4.3,-1.23
005930,삼성전자,2023-01-09,75667.0,60700,24.66,4.3,-1.23
005930,삼성전자,2023-01-09,77667.0,60700,27.95,4.3,-1.23
005930,삼성전자,2023-01-09,82667.0,60700,36.19,4.3,-1.23
005930,삼성전자,2023-01-09,77000.0,60700,26.85,4.3,-1.23
005930,삼성전자,2023-01-09,78333.0,60700,29.05,4.3,-1.23
005930,삼성전자,2023-01-16,76667.0,61100,25.48,4.43,0.39
005930,삼성전자,2023-02-01,78333.0,61800,26.75,-4.72,-3.23
005930,삼성전자,2023-02-01,76000.0,61800,22.98,-4.72,-3.23
005930,삼성전자,2023-02-01,81000.0,61800,31.07,-4.72,-3.23
005930,삼성전자,2023-02-01,79000.0,61800,27.83,-4.72,-3.23
005930,삼성전자,2023-02-01,75667.0,61800,22.44,-4.72,-3.23
005930,삼성전자,2023-02-01,72333.0,61800,17.04,-4.72,-3.23
005930,삼성전자,2023-02-01,75667.0,61800,22.44,-4.72,-3.23
005930,삼성전자,2023-02-03,80667.0,63800,26.44,-1.46,-2.49
005930,삼성전자,2023-02-03,80667.0,63800,26.44,-1.46,-2.49
005930,삼성전자,2023-03-08,77667.0,60300,28.8,3.66,2.0
005930,삼성전자,2023-03-14,75000.0,59000,27.12,10.37,3.19
005930,삼성전자,2023-03-15,75000.0,59800,25.42,10.35,2.62
005930,삼성전자,2023-03-20,75667.0,60200,25.69,8.79,1.14
005930,삼성전자,2023-03-23,79000.0,62300,26.81,4.29,-1.07
005930,삼성전자,2023-03-29,78333.0,62700,24.93,2.22,0.48
005930,삼성전자,2023-03-30,80000.0,63200,26.58,2.34,1.35
005930,삼성전자,2023-04-10,79333.0,65700,20.75,-2.58,-0.35
005930,삼성전자,2023-04-10,80000.0,65700,21.77,-2.58,-0.35
005930,삼성전자,2023-04-10,79333.0,65700,20.75,-2.58,-0.35
005930,삼성전자,2023-04-10,79333.0,65700,20.75,-2.58,-0.35
005930,삼성전자,2023-04-10,80467.0,65700,22.48,-2.58,-0.35
005930,삼성전자,2023-04-10,80467.0,65700,22.48,-2.58,-0.35
005930,삼성전자,2023-04-10,81133.0,65700,23.49,-2.58,-0.35
005930,삼성전자,2023-04-28,79333.0,65500,21.12,7.91,6.14
005930,삼성전자,2023-04-28,80000.0,65500,22.14,7.91,6.14
005930,삼성전자,2023-04-28,79333.0,65500,21.12,7.91,6.14
005930,삼성전자,2023-04-28,80000.0,65500,22.14,7.91,6.14
005930,삼성전자,2023-04-28,80000.0,65500,22.14,7.91,6.14
005930,삼성전자,2023-04-28,80000.0,65500,22.14,7.91,6.14
005930,삼성전자,2023-04-28,80667.0,65500,23.16,7.91,6.14
005930,삼성전자,2023-04-28,82000.0,65500,25.19,7.91,6.14
005930,삼성전자,2023-04-28,85333.0,65500,30.28,7.91,6.14
005930,삼성전자,2023-04-28,85333.0,65500,30.28,7.91,6.14
005930,삼성전자,2023-05-03,84667.0,65400,29.46,10.14,5.56
005930,삼성전자,2023-05-31,84667.0,71400,18.58,1.83,2.02
005930,삼성전자,2023-06-29,84000.0,72400,16.02,-2.22,-3.93
005930,삼성전자,2023-07-03,86667.0,73000,18.72,-2.6,-5.45
005930,삼성전자,2023-07-10,86667.0,69500,24.7,-5.45,-5.9
005930,삼성전자,2023-07-10,86000.0,69500,23.74,-5.45,-5.9
005930,삼성전자,2023-07-10,86000.0,69500,23.74,-5.45,-5.9
005930,삼성전자,2023-07-10,87667.0,69500,26.14,-5.45,-5.9
005930,삼성전자,2023-07-10,90333.0,69500,29.98,-5.45,-5.9
005930,삼성전자,2023-07-10,90333.0,69500,29.98,-5.45,-5.9
005930,삼성전자,2023-07-28,90333.0,70600,27.95,-4.3,-1.24
005930,삼성전자,2023-07-28,91667.0,70600,29.84,-4.3,-1.24
005930,삼성전자,2023-07-28,93333.0,70600,32.2,-4.3,-1.24
005930,삼성전자,2023-07-28,91667.0,70600,29.84,-4.3,-1.24
005930,삼성전자,2023-07-28,93000.0,70600,31.73,-4.3,-1.24
005930,삼성전자,2023-07-28,93000.0,70600,31.73,-4.3,-1.24
005930,삼성전자,2023-07-28,93000.0,70600,31.73,-4.3,-1.24
005930,삼성전자,2023-07-28,90000.0,70600,27.48,-4.3,-1.24
005930,삼성전자,2023-07-31,87333.0,69800,25.12,-5.63,-1.66
005930,삼성전자,2023-07-31,87333.0,69800,25.12,-5.63,-1.66
005930,삼성전자,2023-09-06,89000.0,70000,27.14,-2.13,0.56
005930,삼성전자,2023-09-15,90000.0,72000,25.0,-2.56,5.89
005930,삼성전자,2023-09-19,90000.0,69800,28.94,-2.3,5.38
005930,삼성전자,2023-09-19,90000.0,69800,28.94,-2.3,5.38
005930,삼성전자,2023-09-26,91667.0,68600,33.62,0.29,6.93
005930,삼성전자,2023-09-27,93333.0,68400,36.45,3.26,5.86
005930,삼성전자,2023-10-04,96667.0,67500,43.21,4.35,5.81
005930,삼성전자,2023-10-10,95000.0,66400,43.07,2.49,3.65
005930,삼성전자,2023-10-12,95000.0,68900,37.88,3.68,5.57
005930,삼성전자,2023-10-12,91667.0,68900,33.04,3.68,5.57
005930,삼성전자,2023-10-12,91667.0,68900,33.04,3.68,5.57
005930,삼성전자,2023-10-12,90000.0,68900,30.62,3.68,5.57
005930,삼성전자,2023-10-12,91667.0,68900,33.04,3.68,5.57
005930,삼성전자,2023-10-12,93000.0,68900,34.98,3.68,5.57
005930,삼성전자,2023-11-01,93000.0,68600,35.57,4.45,-3.75
005930,삼성전자,2023-11-01,93000.0,68600,35.57,4.45,-3.75
005930,삼성전자,2023-11-01,91667.0,68600,33.62,4.45,-3.75
005930,삼성전자,2023-11-01,91667.0,68600,33.62,4.45,-3.75
005930,삼성전자,2023-11-01,91333.0,68600,33.14,4.45,-3.75
005930,삼성전자,2023-11-01,91333.0,68600,33.14,4.45,-3.75
005930,삼성전자,2023-11-01,87000.0,68600,26.82,4.45,-3.75
005930,삼성전자,2023-11-01,85667.0,68600,24.88,4.45,-3.75
005930,삼성전자,2023-11-01,85667.0,68600,24.88,4.45,-3.75
005930,삼성전자,2023-11-06,93333.0,70900,31.64,0.42,-1.64
005930,삼성전자,2023-11-13,95000.0,70400,34.94,3.81,-0.38
005930,삼성전자,2023-11-28,92667.0,72700,27.46,7.98,2.6
005930,삼성전자,2023-11-30,88333.0,72800,21.34,6.94,2.86
005930,삼성전자,2023-12-08,86667.0,72600,19.38,0.27,-0.32
005930,삼성전자,2024-01-02,88667.0,79600,11.39,-5.58,-1.36
005930,삼성전자,2024-01-05,93000.0,76600,21.41,-2.88,-3.79
005930,삼성전자,2024-01-05,96000.0,76600,25.33,-2.88,-3.79
005930,삼성전자,2024-01-05,99667.0,76600,30.11,-2.88,-3.79
005930,삼성전자,2024-01-10,101333.0,73600,37.68,1.23,-1.92
005930,삼성전자,2024-01-10,99333.0,73600,34.96,1.23,-1.92
005930,삼성전자,2024-01-10,96000.0,73600,30.43,1.23,-1.92
005930,삼성전자,2024-01-10,90000.0,73600,22.28,1.23,-1.92
005930,삼성전자,2024-01-10,92000.0,73600,25.0,1.23,-1.92
005930,삼성전자,2024-02-01,92000.0,73600,25.0,-3.06,-4.06
005930,삼성전자,2024-02-01,98000.0,73600,33.15,-3.06,-4.06
005930,삼성전자,2024-02-01,95000.0,73600,29.08,-3.06,-4.06
005930,삼성전자,2024-02-01,95000.0,73600,29.08,-3.06,-4.06
005930,삼성전자,2024-02-01,90333.0,73600,22.74,-3.06,-4.06
005930,삼성전자,2024-02-01,93667.0,73600,27.26,-3.06,-4.06
005930,삼성전자,2024-02-01,95000.0,73600,29.08,-3.06,-4.06
005930,삼성전자,2024-02-01,97667.0,73600,32.7,-3.06,-4.06
005930,삼성전자,2024-02-01,96000.0,73600,30.43,-3.06,-4.06
005930,삼성전자,2024-02-01,93667.0,73600,27.26,-3.06,-4.06
005930,삼성전자,2024-02-05,92333.0,74300,24.27,-1.48,-5.52
005930,삼성전자,2024-03-14,94000.0,74300,26.51,13.69,13.56
005930,삼성전자,2024-03-27,96333.0,79800,20.72,-5.07,-1.82
005930,삼성전자,2024-03-28,98000.0,80800,21.29,-6.92,-4.76
005930,삼성전자,2024-04-01,98000.0,82000,19.51,-8.24,-5.71
005930,삼성전자,2024-04-01,98333.0,82000,19.92,-8.24,-5.71
005930,삼성전자,2024-04-01,100667.0,82000,22.76,-8.24,-5.71
005930,삼성전자,2024-04-02,100667.0,85000,18.43,-7.73,-6.61
005930,삼성전자,2024-04-08,102333.0,84500,21.1,-5.26,-6.09
005930,삼성전자,2024-04-08,103333.0,84500,22.29,-5.26,-6.09
005930,삼성전자,2024-04-08,105000.0,84500,24.26,-5.26,-6.09
005930,삼성전자,2024-04-08,107333.0,84500,27.02,-5.26,-6.09
005930,삼성전자,2024-04-08,103667.0,84500,22.68,-5.26,-6.09
005930,삼성전자,2024-04-08,107000.0,84500,26.63,-5.26,-6.09
005930,삼성전자,2024-04-08,104667.0,84500,23.87,-5.26,-6.09
005930,삼성전자,2024-04-08,108000.0,84500,27.81,-5.26,-6.09
005930,삼성전자,2024-04-08,103000.0,84500,21.89,-5.26,-6.09
005930,삼성전자,2024-05-02,105333.0,78000,35.04,-2.96,-2.42
005930,삼성전자,2024-05-02,102333.0,78000,31.2,-2.96,-2.42
005930,삼성전자,2024-05-02,102333.0,78000,31.2,-2.96,-2.42
005930,삼성전자,2024-05-02,98333.0,78000,26.07,-2.96,-2.42
005930,삼성전자,2024-05-02,101667.0,78000,30.34,-2.96,-2.42
005930,삼성전자,2024-05-02,103333.0,78000,32.48,-2.96,-2.42
005930,삼성전자,2024-05-02,108333.0,78000,38.89,-2.96,-2.42
005930,삼성전자,2024-05-02,105000.0,78000,34.62,-2.96,-2.42
005930,삼성전자,2024-05-02,103333.0,78000,32.48,-2.96,-2.42
005930,삼성전자,2024-05-02,102000.0,78000,30.77,-2.96,-2.42
005930,삼성전자,2024-05-02,107000.0,78000,37.18,-2.96,-2.42
005930,삼성전자,2024-05-02,105333.0,78000,35.04,-2.96,-2.42
005930,삼성전자,2024-05-02,106333.0,78000,36.32,-2.96,-2.42
005930,삼성전자,2024-06-05,104667.0,77400,35.23,12.68,7.55
005930,삼성전자,2024-06-07,106333.0,77300,37.56,15.46,9.66
005930,삼성전자,2024-06-24,108333.0,80600,34.41,3.84,3.84
005930,삼성전자,2024-06-25,108000.0,80800,33.66,0.86,2.06
005930,삼성전자,2024-06-27,111333.0,81600,36.44,-0.74,1.62
005930,삼성전자,2024-07-04,109667.0,84600,29.63,-8.61,-2.11
005930,삼성전자,2024-07-05,110000.0,87100,26.29,-18.31,-3.74
005930,삼성전자,2024-07-08,112333.0,87400,28.53,-17.43,-5.39
005930,삼성전자,2024-07-08,112333.0,87400,28.53,-17.43,-5.39
005930,삼성전자,2024-07-08,114000.0,87400,30.43,-17.43,-5.39
005930,삼성전자,2024-07-08,111667.0,87400,27.77,-17.43,-5.39
005930,삼성전자,2024-07-08,115000.0,87400,31.58,-17.43,-5.39
005930,삼성전자,2024-07-08,110333.0,87400,26.24,-17.43,-5.39
005930,삼성전자,2024-07-08,110333.0,87400,26.24,-17.43,-5.39
005930,삼성전자,2024-07-08,107000.0,87400,22.43,-17.43,-5.39
005930,삼성전자,2024-07-09,110000.0,87800,25.28,-14.92,-4.47
005930,삼성전자,2024-08-01,113333.0,83100,36.38,-6.53,-6.71
005930,삼성전자,2024-08-01,113000.0,83100,35.98,-6.53,-6.71
005930,삼성전자,2024-08-01,113000.0,83100,35.98,-6.53,-6.71
005930,삼성전자,2024-08-01,112000.0,83100,34.78,-6.53,-6.71
005930,삼성전자,2024-08-01,114000.0,83100,37.18,-6.53,-6.71
005930,삼성전자,2024-08-01,114000.0,83100,37.18,-6.53,-6.71
005930,삼성전자,2024-08-01,111667.0,83100,34.38,-6.53,-6.71
005930,삼성전자,2024-08-01,105667.0,83100,27.16,-6.53,-6.71
005930,삼성전자,2024-08-01,105667.0,83100,27.16,-6.53,-6.71
005930,삼성전자,2024-08-01,105667.0,83100,27.16,-6.53,-6.71
005930,삼성전자,2024-08-01,110000.0,83100,32.37,-6.53,-6.71
005930,삼성전자,2024-08-06,113333.0,72500,56.32,-7.63,-7.91
005930,삼성전자,2024-09-02,113333.0,74400,52.33,-16.83,-14.19
005930,삼성전자,2024-09-12,110000.0,66300,65.91,-8.39,-9.53
005930,삼성전자,2024-09-12,100333.0,66300,51.33,-8.39,-9.53
005930,삼성전자,2024-09-19,97000.0,63100,53.72,-6.19,-6.43
005930,삼성전자,2024-09-24,95333.0,63200,50.84,-6.59,-7.21
005930,삼성전자,2024-09-24,96000.0,63200,51.9,-6.59,-7.21
005930,삼성전자,2024-10-02,94333.0,61300,53.89,-3.14,-3.88
005930,삼성전자,2024-10-04,91333.0,60600,50.72,-5.57,-4.29
005930,삼성전자,2024-10-04,92000.0,60600,51.82,-5.57,-4.29
005930,삼성전자,2024-10-10,90333.0,58900,53.37,-3.88,-2.5
005930,삼성전자,2024-10-10,93333.0,58900,58.46,-3.88,-2.5
005930,삼성전자,2024-10-10,93333.0,58900,58.46,-3.88,-2.5
005930,삼성전자,2024-10-10,88667.0,58900,50.54,-3.88,-2.5
005930,삼성전자,2024-10-10,84333.0,58900,43.18,-3.88,-2.5
005930,삼성전자,2024-10-10,86000.0,58900,46.01,-3.88,-2.5
005930,삼성전자,2024-11-01,92333.0,58300,58.38,-8.69,-3.49
005930,삼성전자,2024-11-01,95000.0,58300,62.95,-8.69,-3.49
005930,삼성전자,2024-11-01,91667.0,58300,57.23,-8.69,-3.49
005930,삼성전자,2024-11-01,90000.0,58300,54.37,-8.69,-3.49
005930,삼성전자,2024-11-01,85333.0,58300,46.37,-8.69,-3.49
005930,삼성전자,2024-11-01,85333.0,58300,46.37,-8.69,-3.49
005930,삼성전자,2024-11-01,82667.0,58300,41.8,-8.69,-3.49
005930,삼성전자,2024-11-01,89000.0,58300,52.66,-8.69,-3.49
005930,삼성전자,2024-11-01,89000.0,58300,52.66,-8.69,-3.49
005930,삼성전자,2024-11-01,92667.0,58300,58.95,-8.69,-3.49
005930,삼성전자,2024-11-14,86000.0,49900,72.34,4.86,1.65
005930,삼성전자,2024-11-14,84000.0,49900,68.34,4.86,1.65
005930,삼성전자,2024-11-18,81667.0,56700,44.03,-3.73,-3.12
005930,삼성전자,2024-11-18,80667.0,56700,42.27,-3.73,-3.12
005930,삼성전자,2024-12-09,78333.0,53400,46.69,2.41,-1.64
005930,삼성전자,2024-12-10,74000.0,54000,37.04,0.19,-1.74
005930,삼성전자,2024-12-17,74333.0,54200,37.15,-2.73,-4.17
005930,삼성전자,2024-12-18,76000.0,54900,38.43,0.75,-2.62
005930,삼성전자,2024-12-24,75333.0,54400,38.48,-2.24,-5.85
005930,삼성전자,2024-12-30,76000.0,53200,42.86,-0.94,-5.54
005930,삼성전자,2024-12-31,75000.0,53200,40.98,-0.94,-5.54
005930,삼성전자,2025-01-02,79333.0,53400,48.56,-0.74,-4.62
005930,삼성전자,2025-01-02,80333.0,53400,50.44,-0.74,-4.62
005930,삼성전자,2025-01-06,79667.0,55900,42.52,0.36,-0.81
005930,삼성전자,2025-01-06,79667.0,55900,42.52,0.36,-0.81
005930,삼성전자,2025-01-06,79333.0,55900,41.92,0.36,-0.81
005930,삼성전자,2025-01-07,78667.0,55400,42.0,-2.79,-3.51
005930,삼성전자,2025-01-07,76333.0,55400,37.79,-2.79,-3.51
005930,삼성전자,2025-01-07,75000.0,55400,35.38,-2.79,-3.51
005930,삼성전자,2025-01-09,76000.0,56100,35.47,0.9,-1.77
005930,삼성전자,2025-01-09,75333.0,56100,34.28,0.9,-1.77
005930,삼성전자,2025-01-09,75333.0,56100,34.28,0.9,-1.77
005930,삼성전자,2025-01-09,77333.0,56100,37.85,0.9,-1.77
005930,삼성전자,2025-01-09,75000.0,56100,33.69,0.9,-1.77
005930,삼성전자,2025-01-13,78000.0,54100,44.18,3.9,-0.63
005930,삼성전자,2025-02-03,74333.0,51000,45.75,2.47,-0.61
005930,삼성전자,2025-02-03,75000.0,51000,47.06,2.47,-0.61
005930,삼성전자,2025-02-03,71667.0,51000,40.52,2.47,-0.61
005930,삼성전자,2025-02-03,71667.0,51000,40.52,2.47,-0.61
005930,삼성전자,2025-02-03,71000.0,51000,39.22,2.47,-0.61
005930,삼성전자,2025-02-03,72000.0,51000,41.18,2.47,-0.61
005930,삼성전자,2025-02-03,72000.0,51000,41.18,2.47,-0.61
005930,삼성전자,2025-02-03,73000.0,51000,43.14,2.47,-0.61
005930,삼성전자,2025-02-03,76000.0,51000,49.02,2.47,-0.61
005930,삼성전자,2025-02-03,76667.0,51000,50.33,2.47,-0.61
005930,삼성전자,2025-03-04,76667.0,54500,40.67,8.89,10.93
005930,삼성전자,2025-03-04,71333.0,54500,30.89,8.89,10.93
005930,삼성전자,2025-03-28,71667.0,60200,19.05,-3.46,-6.19
005930,삼성전자,2025-04-02,73667.0,58800,25.28,-5.73,-8.67
005930,삼성전자,2025-04-03,76667.0,57600,33.1,-2.67,-7.07
005930,삼성전자,2025-04-04,79333.0,56100,41.41,2.63,-8.16
005930,삼성전자,2025-04-09,81667.0,53000,54.09,0.89,-5.79
005930,삼성전자,2025-04-09,79333.0,53000,49.69,0.89,-5.79
005930,삼성전자,2025-04-09,74667.0,53000,40.88,0.89,-5.79
005930,삼성전자,2025-04-09,71667.0,53000,35.22,0.89,-5.79
005930,삼성전자,2025-04-09,72667.0,53000,37.11,0.89,-5.79
005930,삼성전자,2025-05-02,76000.0,54300,39.96,8.24,-1.01
005930,삼성전자,2025-05-02,74333.0,54300,36.89,8.24,-1.01
005930,삼성전자,2025-05-02,75000.0,54300,38.12,8.24,-1.01
005930,삼성전자,2025-05-02,74000.0,54300,36.28,8.24,-1.01
005930,삼성전자,2025-05-02,74000.0,54300,36.28,8.24,-1.01
005930,삼성전자,2025-05-02,73333.0,54300,35.05,8.24,-1.01
005930,삼성전자,2025-05-02,71333.0,54300,31.37,8.24,-1.01
005930,삼성전자,2025-05-02,76000.0,54300,39.96,8.24,-1.01
005930,삼성전자,2025-05-02,75667.0,54300,39.35,8.24,-1.01
005930,삼성전자,2025-05-07,78667.0,54600,44.08,9.52,-1.19
005930,삼성전자,2025-05-21,75333.0,55700,35.25,6.03,-10.19
005930,삼성전자,2025-06-13,77667.0,58300,33.22,9.27,0.6
005930,삼성전자,2025-06-18,75667.0,59800,26.53,12.67,5.46
005930,삼성전자,2025-06-30,77333.0,59800,29.32,17.28,12.71
005930,삼성전자,2025-07-02,74667.0,60800,22.81,11.91,7.77
005930,삼성전자,2025-07-04,76667.0,63300,21.12,12.97,10.08
005930,삼성전자,2025-07-04,77000.0,63300,21.64,12.97,10.08
005930,삼성전자,2025-07-09,80000.0,60400,32.45,15.57,14.18
005930,삼성전자,2025-07-09,78000.0,60400,29.14,15.57,14.18
005930,삼성전자,2025-07-09,75333.0,60400,24.72,15.57,14.18
005930,삼성전자,2025-07-09,73667.0,60400,21.96,15.57,14.18
005930,삼성전자,2025-07-09,75333.0,60400,24.72,15.57,14.18
005930,삼성전자,2025-07-09,78000.0,60400,29.14,15.57,14.18
005930,삼성전자,2025-07-09,77667.0,60400,28.59,15.57,14.18
005930,삼성전자,2025-07-09,75333.0,60400,24.72,15.57,14.18
005930,삼성전자,2025-07-14,74667.0,62500,19.47,11.62,12.41
005930,삼성전자,2025-07-21,79667.0,67800,17.5,6.82,8.08
005930,삼성전자,2025-07-29,83667.0,70600,18.51,-4.13,-2.35
005930,삼성전자,2025-07-29,87000.0,70600,23.23,-4.13,-2.35
005930,삼성전자,2025-07-29,82333.0,70600,16.62,-4.13,-2.35
005930,삼성전자,2025-08-01,81333.0,68900,18.05,-0.86,-1.64
005930,삼성전자,2025-08-01,82000.0,68900,19.01,-0.86,-1.64
005930,삼성전자,2025-08-01,85000.0,68900,23.37,-0.86,-1.64
005930,삼성전자,2025-08-01,86000.0,68900,24.82,-0.86,-1.64
005930,삼성전자,2025-08-01,84000.0,68900,21.92,-0.86,-1.64
005930,삼성전자,2025-08-01,84000.0,68900,21.92,-0.86,-1.64
005930,삼성전자,2025-08-01,85333.0,68900,23.85,-0.86,-1.64
005930,삼성전자,2025-08-01,86667.0,68900,25.79,-0.86,-1.64
005930,삼성전자,2025-08-01,88333.0,68900,28.21,-0.86,-1.64
005930,삼성전자,2025-08-01,89000.0,68900,29.17,-0.86,-1.64
005930,삼성전자,2025-08-22,89667.0,71400,25.58,16.78,8.72
005930,삼성전자,2025-09-15,92000.0,76500,20.26,22.8,11.95
005930,삼성전자,2025-09-17,98667.0,78200,26.17,19.88,8.77
005930,삼성전자,2025-09-17,100333.0,78200,28.3,19.88,8.77
005930,삼성전자,2025-09-19,105000.0,79700,31.74,22.16,5.6
005930,삼성전자,2025-09-22,105333.0,83500,26.15,17.47,2.44
005930,삼성전자,2025-09-23,108667.0,84700,28.3,17.68,0.14
005930,삼성전자,2025-09-30,110333.0,83900,31.51,16.98,1.1
005930,삼성전자,2025-10-15,113333.0,95000,19.3,5.22,-6.05
005930,삼성전자,2025-10-15,115000.0,95000,21.05,5.22,-6.05
005930,삼성전자,2025-10-15,113333.0,95000,19.3,5.22,-6.05
005930,삼성전자,2025-10-15,110000.0,95000,15.79,5.22,-6.05
005930,삼성전자,2025-10-15,115667.0,95000,21.75,5.22,-6.05
005930,삼성전자,2025-10-15,115667.0,95000,21.75,5.22,-6.05
005930,삼성전자,2025-10-31,129000.0,107500,20.0,-9.27,-2.13
005930,삼성전자,2025-10-31,133333.0,107500,24.03,-9.27,-2.13
005930,삼성전자,2025-10-31,141000.0,107500,31.16,-9.27,-2.13
005930,삼성전자,2025-10-31,138333.0,107500,28.68,-9.27,-2.13
005930,삼성전자,2025-10-31,135000.0,107500,25.58,-9.27,-2.13
005930,삼성전자,2025-10-31,135667.0,107500,26.2,-9.27,-2.13
005930,삼성전자,2025-10-31,131667.0,107500,22.48,-9.27,-2.13
005930,삼성전자,2025-10-31,131000.0,107500,21.86,-9.27,-2.13
005930,삼성전자,2025-10-31,132667.0,107500,23.41,-9.27,-2.13
005930,삼성전자,2025-11-03,131000.0,111100,17.91,-1.43,1.65
005930,삼성전자,2025-11-03,137333.0,111100,23.61,-1.43,1.65
005930,삼성전자,2025-12-03,137333.0,104500,31.42,32.16,19.82
005930,삼성전자,2025-12-10,142333.0,108000,31.79,28.24,14.08
005930,삼성전자,2025-12-17,145000.0,107900,34.38,34.94,12.63
005930,삼성전자,2025-12-17,145000.0,107900,34.38,34.94,12.63
000660,SK하이닉스,2023-01-16,110000.0,85800,28.21,8.02,3.98
000660,SK하이닉스,2023-01-26,113333.0,92300,22.79,-0.55,1.89
000660,SK하이닉스,2023-02-02,115000.0,93400,23.13,-2.71,-1.99
000660,SK하이닉스,2023-02-02,116667.0,93400,24.91,-2.71,-1.99
000660,SK하이닉스,2023-02-02,115000.0,93400,23.13,-2.71,-1.99
000660,SK하이닉스,2023-02-02,111667.0,93400,19.56,-2.71,-1.99
000660,SK하이닉스,2023-02-02,115000.0,93400,23.13,-2.71,-1.99
000660,SK하이닉스,2023-02-02,113333.0,93400,21.34,-2.71,-1.99
000660,SK하이닉스,2023-02-02,116667.0,93400,24.91,-2.71,-1.99
000660,SK하이닉스,2023-02-22,113333.0,89100,27.2,-5.83,-4.84
000660,SK하이닉스,2023-03-15,116667.0,79100,47.49,12.28,4.55
000660,SK하이닉스,2023-03-15,113333.0,79100,43.28,12.28,4.55
000660,SK하이닉스,2023-03-17,116667.0,84000,38.89,5.73,-2.53
000660,SK하이닉스,2023-03-20,113333.0,83700,35.4,4.78,-2.87
000660,SK하이닉스,2023-03-30,113333.0,88800,27.63,1.02,0.02
000660,SK하이닉스,2023-04-04,113333.0,84500,34.12,4.85,4.62
000660,SK하이닉스,2023-04-05,115000.0,84600,35.93,5.85,3.65
000660,SK하이닉스,2023-04-27,115000.0,88800,29.5,21.34,18.32
000660,SK하이닉스,2023-04-27,111667.0,88800,25.75,21.34,18.32
000660,SK하이닉스,2023-04-27,113333.0,88800,27.63,21.34,18.32
000660,SK하이닉스,2023-04-27,113333.0,88800,27.63,21.34,18.32
000660,SK하이닉스,2023-04-27,113333.0,88800,27.63,21.34,18.32
000660,SK하이닉스,2023-04-27,110000.0,88800,23.87,21.34,18.32
000660,SK하이닉스,2023-04-27,113333.0,88800,27.63,21.34,18.32
000660,SK하이닉스,2023-04-27,113333.0,88800,27.63,21.34,18.32
000660,SK하이닉스,2023-04-27,116667.0,88800,31.38,21.34,18.32
000660,SK하이닉스,2023-04-27,115000.0,88800,29.5,21.34,18.32
000660,SK하이닉스,2023-04-27,116667.0,88800,31.38,21.34,18.32
000660,SK하이닉스,2023-05-17,116667.0,91900,26.95,22.65,18.91
000660,SK하이닉스,2023-05-31,121667.0,108600,12.03,4.44,4.63
000660,SK하이닉스,2023-06-05,128333.0,108700,18.06,8.06,9.45
000660,SK하이닉스,2023-06-12,138333.0,114800,20.5,-5.1,-2.24
000660,SK하이닉스,2023-06-21,145000.0,115100,25.98,2.54,2.29
000660,SK하이닉스,2023-06-26,150000.0,113500,32.16,0.35,-1.78
000660,SK하이닉스,2023-06-30,150000.0,115200,30.21,4.93,3.77
000660,SK하이닉스,2023-07-05,138333.0,116700,18.54,5.45,3.53
000660,SK하이닉스,2023-07-27,144000.0,124000,16.13,-9.45,-6.96
000660,SK하이닉스,2023-07-27,152667.0,124000,23.12,-9.45,-6.96
000660,SK하이닉스,2023-07-27,149333.0,124000,20.43,-9.45,-6.96
000660,SK하이닉스,2023-07-27,152667.0,124000,23.12,-9.45,-6.96
000660,SK하이닉스,2023-07-27,143333.0,124000,15.59,-9.45,-6.96
000660,SK하이닉스,2023-07-27,140000.0,124000,12.9,-9.45,-6.96
000660,SK하이닉스,2023-09-14,137333.0,122200,12.38,3.1,11.8
000660,SK하이닉스,2023-09-19,147333.0,119200,23.6,8.05,15.73
000660,SK하이닉스,2023-09-26,151667.0,115000,31.88,4.88,11.52
000660,SK하이닉스,2023-10-10,155000.0,119500,29.71,7.05,8.21
000660,SK하이닉스,2023-10-17,159333.0,130000,22.56,3.15,2.18
000660,SK하이닉스,2023-10-27,156000.0,119100,30.98,9.74,1.73
000660,SK하이닉스,2023-10-27,155333.0,119100,30.42,9.74,1.73
000660,SK하이닉스,2023-10-27,149333.0,119100,25.38,9.74,1.73
000660,SK하이닉스,2023-10-27,152667.0,119100,28.18,9.74,1.73
000660,SK하이닉스,2023-10-27,153333.0,119100,28.74,9.74,1.73
000660,SK하이닉스,2023-10-27,148000.0,119100,24.27,9.74,1.73
000660,SK하이닉스,2023-10-27,148000.0,119100,24.27,9.74,1.73
000660,SK하이닉스,2023-10-30,142333.0,119100,19.51,12.98,2.28
000660,SK하이닉스,2023-11-07,154333.0,130400,18.35,-1.57,-4.61
000660,SK하이닉스,2023-11-13,154333.0,131800,17.1,0.77,-3.42
000660,SK하이닉스,2023-11-28,148333.0,131400,12.89,8.51,3.14
000660,SK하이닉스,2023-12-11,148333.0,128900,15.08,2.37,2.77
000660,SK하이닉스,2023-12-14,151000.0,136700,10.46,-6.43,-1.45
000660,SK하이닉스,2023-12-29,167000.0,141500,18.02,-3.86,2.54
000660,SK하이닉스,2024-01-15,177000.0,134100,31.99,12.57,7.91
000660,SK하이닉스,2024-01-22,182667.0,142600,28.1,11.15,3.66
000660,SK하이닉스,2024-01-23,176000.0,140800,25.0,14.06,6.05
000660,SK하이닉스,2024-01-26,169333.0,136000,24.51,17.04,10.97
000660,SK하이닉스,2024-01-26,163667.0,136000,20.34,17.04,10.97
000660,SK하이닉스,2024-01-26,172667.0,136000,26.96,17.04,10.97
000660,SK하이닉스,2024-01-26,176000.0,136000,29.41,17.04,10.97
000660,SK하이닉스,2024-01-26,176000.0,136000,29.41,17.04,10.97
000660,SK하이닉스,2024-01-26,169333.0,136000,24.51,17.04,10.97
000660,SK하이닉스,2024-01-26,172667.0,136000,26.96,17.04,10.97
000660,SK하이닉스,2024-01-26,158333.0,136000,16.42,17.04,10.97
000660,SK하이닉스,2024-01-26,163333.0,136000,20.1,17.04,10.97
000660,SK하이닉스,2024-01-26,151667.0,136000,11.52,17.04,10.97
000660,SK하이닉스,2024-01-29,167667.0,135000,24.2,14.1,8.35
000660,SK하이닉스,2024-01-31,164667.0,134700,22.25,24.94,20.74
000660,SK하이닉스,2024-03-14,188667.0,161900,16.53,16.75,16.61
000660,SK하이닉스,2024-03-22,199000.0,169800,17.2,0.94,5.13
000660,SK하이닉스,2024-03-27,212333.0,181200,17.18,-0.22,3.03
000660,SK하이닉스,2024-04-02,212333.0,186300,13.97,-3.35,-2.23
000660,SK하이닉스,2024-04-15,230000.0,188200,22.21,6.03,1.62
000660,SK하이닉스,2024-04-26,233333.0,177800,31.23,11.26,13.19
000660,SK하이닉스,2024-04-26,233333.0,177800,31.23,11.26,13.19
000660,SK하이닉스,2024-04-26,230000.0,177800,29.36,11.26,13.19
000660,SK하이닉스,2024-04-26,223333.0,177800,25.61,11.26,13.19
000660,SK하이닉스,2024-04-26,226667.0,177800,27.48,11.26,13.19
000660,SK하이닉스,2024-04-26,220000.0,177800,23.73,11.26,13.19
000660,SK하이닉스,2024-04-26,215000.0,177800,20.92,11.26,13.19
000660,SK하이닉스,2024-04-26,211667.0,177800,19.05,11.26,13.19
000660,SK하이닉스,2024-04-26,205000.0,177800,15.3,11.26,13.19
000660,SK하이닉스,2024-04-26,213333.0,177800,19.99,11.26,13.19
000660,SK하이닉스,2024-04-26,216667.0,177800,21.86,11.26,13.19
000660,SK하이닉스,2024-04-26,210000.0,177800,18.11,11.26,13.19
000660,SK하이닉스,2024-05-07,206667.0,179600,15.07,16.57,17.39
000660,SK하이닉스,2024-06-24,278333.0,223000,24.81,-8.89,-8.89
000660,SK하이닉스,2024-07-09,293333.0,238500,22.99,-29.16,-18.72
000660,SK하이닉스,2024-07-11,293333.0,241000,21.72,-26.39,-16.99
000660,SK하이닉스,2024-07-26,293333.0,191800,52.94,-10.53,-7.77
000660,SK하이닉스,2024-07-26,263333.0,191800,37.3,-10.53,-7.77
000660,SK하이닉스,2024-07-26,263333.0,191800,37.3,-10.53,-7.77
000660,SK하이닉스,2024-07-26,260000.0,191800,35.56,-10.53,-7.77
000660,SK하이닉스,2024-07-26,276667.0,191800,44.25,-10.53,-7.77
000660,SK하이닉스,2024-07-26,286667.0,191800,49.46,-10.53,-7.77
000660,SK하이닉스,2024-07-26,273333.0,191800,42.51,-10.53,-7.77
000660,SK하이닉스,2024-07-26,250000.0,191800,30.34,-10.53,-7.77
000660,SK하이닉스,2024-07-26,246667.0,191800,28.61,-10.53,-7.77
000660,SK하이닉스,2024-07-26,253333.0,191800,32.08,-10.53,-7.77
000660,SK하이닉스,2024-07-26,275000.0,191800,43.38,-10.53,-7.77
000660,SK하이닉스,2024-07-26,247333.0,191800,28.95,-10.53,-7.77
000660,SK하이닉스,2024-07-29,274000.0,195600,40.08,-5.08,-3.32
000660,SK하이닉스,2024-08-06,252333.0,163700,54.14,-5.85,-6.12
000660,SK하이닉스,2024-09-20,266667.0,157100,69.74,22.35,23.15
000660,SK하이닉스,2024-09-24,250000.0,163500,52.91,18.57,17.95
000660,SK하이닉스,2024-09-26,283333.0,180900,56.62,6.09,8.21
000660,SK하이닉스,2024-10-02,293333.0,169100,73.47,11.43,10.68
000660,SK하이닉스,2024-10-04,296667.0,174100,70.4,4.49,5.77
000660,SK하이닉스,2024-10-11,285000.0,186000,53.23,2.72,6.21
000660,SK하이닉스,2024-10-17,276667.0,196000,41.16,-4.86,1.96
000660,SK하이닉스,2024-10-25,276667.0,201000,37.65,-9.69,-6.7
000660,SK하이닉스,2024-10-25,285000.0,201000,41.79,-9.69,-6.7
000660,SK하이닉스,2024-10-25,283333.0,201000,40.96,-9.69,-6.7
000660,SK하이닉스,2024-10-25,263333.0,201000,31.01,-9.69,-6.7
000660,SK하이닉스,2024-10-25,256667.0,201000,27.69,-9.69,-6.7
000660,SK하이닉스,2024-10-25,256667.0,201000,27.69,-9.69,-6.7
000660,SK하이닉스,2024-10-25,244333.0,201000,21.56,-9.69,-6.7
000660,SK하이닉스,2024-10-25,247667.0,201000,23.22,-9.69,-6.7
000660,SK하이닉스,2024-10-25,247667.0,201000,23.22,-9.69,-6.7
000660,SK하이닉스,2024-10-25,276667.0,201000,37.65,-9.69,-6.7
000660,SK하이닉스,2024-10-31,271667.0,186300,45.82,-12.24,-8.84
000660,SK하이닉스,2024-11-22,255000.0,176700,44.31,-4.18,-0.54
000660,SK하이닉스,2024-11-27,241667.0,168300,43.59,8.32,12.31
000660,SK하이닉스,2024-11-28,233333.0,161100,44.84,8.76,11.05
000660,SK하이닉스,2024-11-28,263333.0,161100,63.46,8.76,11.05
000660,SK하이닉스,2024-12-09,253333.0,168900,49.99,19.42,15.37
000660,SK하이닉스,2025-01-06,273333.0,199800,36.8,1.59,0.42
000660,SK하이닉스,2025-01-10,270000.0,203500,32.68,8.08,4.0
000660,SK하이닉스,2025-01-20,293333.0,212000,38.36,-5.96,-11.02
000660,SK하이닉스,2025-01-24,290000.0,221000,31.22,-4.52,-5.13
000660,SK하이닉스,2025-01-24,290000.0,221000,31.22,-4.52,-5.13
000660,SK하이닉스,2025-01-24,293333.0,221000,32.73,-4.52,-5.13
000660,SK하이닉스,2025-01-24,276667.0,221000,25.19,-4.52,-5.13
000660,SK하이닉스,2025-01-24,268333.0,221000,21.42,-4.52,-5.13
000660,SK하이닉스,2025-01-24,255000.0,221000,15.38,-4.52,-5.13
000660,SK하이닉스,2025-01-24,267333.0,221000,20.97,-4.52,-5.13
000660,SK하이닉스,2025-01-24,272333.0,221000,23.23,-4.52,-5.13
000660,SK하이닉스,2025-01-24,282333.0,221000,27.75,-4.52,-5.13
000660,SK하이닉스,2025-01-24,276667.0,221000,25.19,-4.52,-5.13
000660,SK하이닉스,2025-01-31,270000.0,199200,35.54,-2.51,-5.57
000660,SK하이닉스,2025-03-04,240000.0,186100,28.96,2.49,4.53
000660,SK하이닉스,2025-03-12,250000.0,198900,25.69,-8.26,-3.27
000660,SK하이닉스,2025-04-03,270000.0,194600,38.75,4.72,0.32
000660,SK하이닉스,2025-04-04,303333.0,182200,66.48,15.47,4.68
000660,SK하이닉스,2025-04-08,293333.0,169500,73.06,18.18,4.51
000660,SK하이닉스,2025-04-10,283333.0,183200,54.66,13.94,5.39
000660,SK하이닉스,2025-04-15,280000.0,180600,55.04,14.6,8.22
000660,SK하이닉스,2025-04-25,290000.0,184400,57.27,16.48,9.74
000660,SK하이닉스,2025-04-25,290000.0,184400,57.27,16.48,9.74
000660,SK하이닉스,2025-04-25,293333.0,184400,59.07,16.48,9.74
000660,SK하이닉스,2025-04-25,303333.0,184400,64.5,16.48,9.74
000660,SK하이닉스,2025-04-25,273333.0,184400,48.23,16.48,9.74
000660,SK하이닉스,2025-04-25,260000.0,184400,41.0,16.48,9.74
000660,SK하이닉스,2025-04-25,234667.0,184400,27.26,16.48,9.74
000660,SK하이닉스,2025-04-25,264667.0,184400,43.53,16.48,9.74
000660,SK하이닉스,2025-04-25,264667.0,184400,43.53,16.48,9.74
000660,SK하이닉스,2025-04-28,270000.0,182000,48.35,13.11,7.95
000660,SK하이닉스,2025-05-21,266667.0,200500,33.0,31.79,15.57
000660,SK하이닉스,2025-06-18,280000.0,246500,13.59,9.55,2.35
000660,SK하이닉스,2025-06-27,313333.0,284000,10.33,-10.27,-14.76
000660,SK하이닉스,2025-06-30,346667.0,292000,18.72,-8.06,-12.62
000660,SK하이닉스,2025-06-30,355000.0,292000,21.58,-8.06,-12.62
000660,SK하이닉스,2025-07-14,335000.0,300000,11.67,-9.88,-9.09
000660,SK하이닉스,2025-07-25,333333.0,266000,25.31,-0.19,0.75
000660,SK하이닉스,2025-07-25,353333.0,266000,32.83,-0.19,0.75
000660,SK하이닉스,2025-07-25,343333.0,266000,29.07,-0.19,0.75
000660,SK하이닉스,2025-07-25,320000.0,266000,20.3,-0.19,0.75
000660,SK하이닉스,2025-07-25,310000.0,266000,16.54,-0.19,0.75
000660,SK하이닉스,2025-07-25,323333.0,266000,21.55,-0.19,0.75
000660,SK하이닉스,2025-07-25,356667.0,266000,34.09,-0.19,0.75
000660,SK하이닉스,2025-07-25,356667.0,266000,34.09,-0.19,0.75
000660,SK하이닉스,2025-07-28,340000.0,262000,29.77,-0.95,0.39
000660,SK하이닉스,2025-07-31,321667.0,273500,17.61,-0.78,-1.53
000660,SK하이닉스,2025-09-09,321667.0,288000,11.69,38.98,28.64
000660,SK하이닉스,2025-09-17,396667.0,333500,18.94,35.55,24.45
000660,SK하이닉스,2025-09-23,436667.0,361000,20.96,56.08,38.54
000660,SK하이닉스,2025-09-25,456667.0,356500,28.1,66.12,44.82
000660,SK하이닉스,2025-09-30,431667.0,347500,24.22,60.83,44.96
000660,SK하이닉스,2025-09-30,448333.0,347500,29.02,60.83,44.96
000660,SK하이닉스,2025-10-14,475000.0,411500,15.43,46.04,32.55
000660,SK하이닉스,2025-10-17,516667.0,465500,10.99,24.82,17.62
000660,SK하이닉스,2025-10-21,533333.0,479000,11.34,16.72,15.54
000660,SK하이닉스,2025-10-30,640000.0,568000,12.68,-5.19,-0.78
000660,SK하이닉스,2025-10-30,690000.0,568000,21.48,-5.19,-0.78
000660,SK하이닉스,2025-10-30,690000.0,568000,21.48,-5.19,-0.78
000660,SK하이닉스,2025-10-30,703333.0,568000,23.83,-5.19,-0.78
000660,SK하이닉스,2025-10-30,703333.0,568000,23.83,-5.19,-0.78
000660,SK하이닉스,2025-10-30,703333.0,568000,23.83,-5.19,-0.78
000660,SK하이닉스,2025-10-30,676667.0,568000,19.13,-5.19,-0.78
000660,SK하이닉스,2025-10-30,660000.0,568000,16.2,-5.19,-0.78
000660,SK하이닉스,2025-10-31,656667.0,559000,17.47,-13.23,-6.08
000660,SK하이닉스,2025-11-04,740000.0,586000,26.28,-4.66,-5.46
000660,SK하이닉스,2025-11-19,766667.0,562000,36.42,-3.33,-3.07
000660,SK하이닉스,2025-12-08,786667.0,577000,36.34,31.45,20.76
207940,삼성바이오로직스,2025-11-25,2066667.0,1627000,27.02,2.42,-1.31
207940,삼성바이오로직스,2025-12-18,2233333.0,1738000,28.5,8.08,-14.04
207940,삼성바이오로직스,2025-12-23,2163333.0,1720000,25.78,6.86,-13.61
068270,셀트리온,2023-03-06,220000.0,139648,57.54,2.32,1.62
068270,셀트리온,2023-03-06,210000.0,139648,50.38,2.32,1.62
068270,셀트리온,2023-03-06,213333.0,139648,52.77,2.32,1.62
068270,셀트리온,2023-04-06,220000.0,146732,49.93,7.71,6.92
068270,셀트리온,2023-04-07,220000.0,146732,49.93,3.11,3.73
068270,셀트리온,2023-04-10,216667.0,150780,43.7,-1.29,0.94
068270,셀트리온,2023-04-12,211667.0,164487,28.68,-6.23,-3.02
068270,셀트리온,2023-05-09,211667.0,158047,33.93,0.0,-5.79
068270,셀트리온,2023-05-09,211667.0,158047,33.93,0.0,-5.79
068270,셀트리온,2023-05-09,210000.0,158047,32.87,0.0,-5.79
068270,셀트리온,2023-05-09,213333.0,158047,34.98,0.0,-5.79
068270,셀트리온,2023-05-09,220000.0,158047,39.2,0.0,-5.79
068270,셀트리온,2023-05-25,233333.0,159244,46.53,-12.88,-13.77
068270,셀트리온,2023-05-30,230000.0,158508,45.1,-10.98,-9.92
068270,셀트리온,2023-06-28,230000.0,139648,64.7,-5.51,-7.62
068270,셀트리온,2023-07-17,230000.0,143420,60.37,-2.87,0.28
068270,셀트리온,2023-07-19,230000.0,137901,66.79,0.2,3.88
068270,셀트리온,2023-07-26,216667.0,131001,65.39,-0.42,2.84
068270,셀트리온,2023-08-16,203333.0,134036,51.7,2.79,0.68
068270,셀트리온,2023-08-16,200000.0,134036,49.21,2.79,0.68
068270,셀트리온,2023-08-16,203333.0,134036,51.7,2.79,0.68
068270,셀트리온,2023-08-16,206667.0,134036,54.19,2.79,0.68
068270,셀트리온,2023-08-16,213333.0,134036,59.16,2.79,0.68
068270,셀트리온,2023-08-16,211667.0,134036,57.92,2.79,0.68
068270,셀트리온,2023-08-18,215000.0,138360,55.39,0.9,-1.73
068270,셀트리온,2023-10-04,215000.0,125021,71.97,13.73,15.2
068270,셀트리온,2023-10-25,216667.0,138085,56.91,15.5,6.11
068270,셀트리온,2023-11-08,213333.0,144892,47.24,-0.25,-2.93
068270,셀트리온,2023-11-08,213333.0,144892,47.24,-0.25,-2.93
068270,셀트리온,2023-11-08,206667.0,144892,42.63,-0.25,-2.93
068270,셀트리온,2023-12-01,203333.0,150044,35.52,34.07,31.21
068270,셀트리온,2024-03-04,203333.0,162003,25.51,4.55,0.63
068270,셀트리온,2024-03-04,223333.0,162003,37.86,4.55,0.63
068270,셀트리온,2024-03-06,223333.0,166143,34.42,1.41,-2.15
068270,셀트리온,2024-04-09,223333.0,166787,33.9,6.3,5.55
068270,셀트리온,2024-04-15,220000.0,164303,33.9,11.34,6.93
068270,셀트리온,2024-05-10,236667.0,177459,33.36,-1.68,-1.71
068270,셀트리온,2024-05-13,236667.0,175527,34.83,-4.35,-5.25
068270,셀트리온,2024-05-23,233333.0,168811,38.22,-0.5,-3.37
068270,셀트리온,2024-05-24,233333.0,165499,40.99,-0.67,-2.56
068270,셀트리온,2024-05-27,233333.0,165223,41.22,-2.27,-4.81
068270,셀트리온,2024-05-30,233333.0,163107,43.06,4.48,-1.88
068270,셀트리온,2024-05-31,233333.0,162096,43.95,3.07,-0.59
068270,셀트리온,2024-06-12,243333.0,172583,40.99,1.75,-3.2
068270,셀트리온,2024-06-12,256667.0,172583,48.72,1.75,-3.2
068270,셀트리온,2024-07-01,266667.0,169363,57.45,13.28,14.81
068270,셀트리온,2024-07-11,273333.0,170926,59.91,3.81,13.21
068270,셀트리온,2024-08-08,266667.0,180035,48.12,-1.99,0.04
068270,셀트리온,2024-08-08,260000.0,180035,44.42,-1.99,0.04
068270,셀트리온,2024-08-08,253333.0,180035,40.71,-1.99,0.04
068270,셀트리온,2024-08-08,250000.0,180035,38.86,-1.99,0.04
068270,셀트리온,2024-08-08,246667.0,180035,37.01,-1.99,0.04
068270,셀트리온,2024-08-08,246667.0,180035,37.01,-1.99,0.04
068270,셀트리온,2024-08-08,250000.0,180035,38.86,-1.99,0.04
068270,셀트리온,2024-08-08,256667.0,180035,42.56,-1.99,0.04
068270,셀트리온,2024-08-26,256667.0,188590,36.1,-2.84,-1.38
068270,셀트리온,2024-09-26,260000.0,185830,39.91,-3.64,-1.53
068270,셀트리온,2024-11-11,256667.0,160163,60.25,9.76,12.37
068270,셀트리온,2024-11-11,256667.0,160163,60.25,9.76,12.37
068270,셀트리온,2024-11-11,253333.0,160163,58.17,9.76,12.37
068270,셀트리온,2024-11-11,250000.0,160163,56.09,9.76,12.37
068270,셀트리온,2024-11-11,253333.0,160163,58.17,9.76,12.37
068270,셀트리온,2024-11-11,253333.0,160163,58.17,9.76,12.37
068270,셀트리온,2024-11-12,250000.0,152620,63.81,11.5,10.45
068270,셀트리온,2024-11-21,246667.0,159796,54.36,10.95,14.83
068270,셀트리온,2024-11-28,250000.0,171479,45.79,4.98,7.28
068270,셀트리온,2025-02-10,243333.0,172415,41.13,4.01,2.6
068270,셀트리온,2025-02-26,240000.0,182336,31.63,-3.07,-0.63
068270,셀트리온,2025-02-26,230000.0,182336,26.14,-3.07,-0.63
068270,셀트리온,2025-02-26,240000.0,182336,31.63,-3.07,-0.63
068270,셀트리온,2025-02-26,240000.0,182336,31.63,-3.07,-0.63
068270,셀트리온,2025-02-27,243333.0,175978,38.27,-8.15,-6.11
068270,셀트리온,2025-02-27,243333.0,175978,38.27,-8.15,-6.11
068270,셀트리온,2025-02-28,243333.0,177231,37.3,-4.74,-4.44
068270,셀트리온,2025-04-15,240000.0,153921,55.92,-3.21,-9.58
068270,셀트리온,2025-04-15,233333.0,153921,51.59,-3.21,-9.58
068270,셀트리온,2025-04-22,233333.0,151802,53.71,-4.32,-9.02
068270,셀트리온,2025-05-12,230000.0,146215,57.3,10.28,-1.67
068270,셀트리온,2025-05-12,226667.0,146215,55.02,10.28,-1.67
068270,셀트리온,2025-05-12,220000.0,146215,50.46,10.28,-1.67
068270,셀트리온,2025-05-12,220000.0,146215,50.46,10.28,-1.67
068270,셀트리온,2025-05-30,223333.0,155077,44.01,8.91,-5.02
068270,셀트리온,2025-05-30,226667.0,155077,46.16,8.91,-5.02
068270,셀트리온,2025-07-10,230000.0,178600,28.78,-2.52,-3.6
068270,셀트리온,2025-07-14,227180.0,177000,28.35,-3.47,-2.68
068270,셀트리온,2025-07-22,223846.0,180900,23.74,-4.73,-3.41
068270,셀트리온,2025-07-22,227180.0,180900,25.58,-4.73,-3.41
068270,셀트리온,2025-08-07,226667.0,172500,31.4,-2.35,-2.65
068270,셀트리온,2025-08-07,226667.0,172500,31.4,-2.35,-2.65
068270,셀트리온,2025-08-07,220000.0,172500,27.54,-2.35,-2.65
068270,셀트리온,2025-08-11,223333.0,173000,29.09,-1.57,-5.47
068270,셀트리온,2025-08-13,226667.0,176000,28.79,-1.89,-7.15
068270,셀트리온,2025-08-29,230000.0,167600,37.23,5.18,-3.99
068270,셀트리온,2025-09-24,233333.0,176900,31.9,-1.57,-19.31
068270,셀트리온,2025-10-30,230000.0,175100,31.35,5.69,10.1
068270,셀트리온,2025-11-05,226667.0,174900,29.6,4.52,4.47
068270,셀트리온,2025-11-05,223333.0,174900,27.69,4.52,4.47
068270,셀트리온,2025-11-05,226667.0,174900,29.6,4.52,4.47
068270,셀트리온,2025-11-05,230000.0,174900,31.5,4.52,4.47
068270,셀트리온,2025-11-26,230000.0,187400,22.73,-2.81,-6.39
373220,LG에너지솔루션,2023-01-10,613333.0,473500,29.53,14.23,9.56
373220,LG에너지솔루션,2023-01-10,646000.0,473500,36.43,14.23,9.56
373220,LG에너지솔루션,2023-01-10,659333.0,473500,39.25,14.23,9.56
373220,LG에너지솔루션,2023-01-10,626000.0,473500,32.21,14.23,9.56
373220,LG에너지솔루션,2023-01-17,626000.0,458000,36.68,16.38,12.88
373220,LG에너지솔루션,2023-01-30,612667.0,510000,20.13,0.38,0.89
373220,LG에너지솔루션,2023-01-30,646000.0,510000,26.67,0.38,0.89
373220,LG에너지솔루션,2023-01-30,613333.0,510000,20.26,0.38,0.89
373220,LG에너지솔루션,2023-01-30,613333.0,510000,20.26,0.38,0.89
373220,LG에너지솔루션,2023-01-30,606667.0,510000,18.95,0.38,0.89
373220,LG에너지솔루션,2023-01-30,610000.0,510000,19.61,0.38,0.89
373220,LG에너지솔루션,2023-01-30,616667.0,510000,20.92,0.38,0.89
373220,LG에너지솔루션,2023-01-30,590000.0,510000,15.69,0.38,0.89
373220,LG에너지솔루션,2023-01-30,593333.0,510000,16.34,0.38,0.89
373220,LG에너지솔루션,2023-01-30,626000.0,510000,22.75,0.38,0.89
373220,LG에너지솔루션,2023-01-30,702667.0,510000,37.78,0.38,0.89
373220,LG에너지솔루션,2023-01-31,716000.0,521000,37.43,2.49,3.39
373220,LG에너지솔루션,2023-02-01,701667.0,522000,34.42,0.94,2.43
373220,LG에너지솔루션,2023-03-22,701667.0,573000,22.45,0.87,-4.85
373220,LG에너지솔루션,2023-03-27,695000.0,574000,21.08,-4.51,-6.73
373220,LG에너지솔루션,2023-03-27,686667.0,574000,19.63,-4.51,-6.73
373220,LG에너지솔루션,2023-03-30,670000.0,588000,13.95,-0.51,-1.51
373220,LG에너지솔루션,2023-04-10,670000.0,596000,12.42,-9.34,-7.11
373220,LG에너지솔루션,2023-04-10,686667.0,596000,15.21,-9.34,-7.11
373220,LG에너지솔루션,2023-04-10,703333.0,596000,18.01,-9.34,-7.11
373220,LG에너지솔루션,2023-04-10,733333.0,596000,23.04,-9.34,-7.11
373220,LG에너지솔루션,2023-04-10,800000.0,596000,34.23,-9.34,-7.11
373220,LG에너지솔루션,2023-04-10,806667.0,596000,35.35,-9.34,-7.11
373220,LG에너지솔루션,2023-04-10,800667.0,596000,34.34,-9.34,-7.11
373220,LG에너지솔루션,2023-04-10,740000.0,596000,24.16,-9.34,-7.11
373220,LG에너지솔루션,2023-04-10,716667.0,596000,20.25,-9.34,-7.11
373220,LG에너지솔루션,2023-04-11,726333.0,610000,19.07,-7.29,-4.34
373220,LG에너지솔루션,2023-04-27,731000.0,587000,24.53,3.1,0.08
373220,LG에너지솔루션,2023-04-27,741000.0,587000,26.24,3.1,0.08
373220,LG에너지솔루션,2023-04-27,720667.0,587000,22.77,3.1,0.08
373220,LG에너지솔루션,2023-04-27,733333.0,587000,24.93,3.1,0.08
373220,LG에너지솔루션,2023-04-27,740000.0,587000,26.06,3.1,0.08
373220,LG에너지솔루션,2023-04-27,750000.0,587000,27.77,3.1,0.08
373220,LG에너지솔루션,2023-04-27,743333.0,587000,26.63,3.1,0.08
373220,LG에너지솔루션,2023-04-27,726667.0,587000,23.79,3.1,0.08
373220,LG에너지솔루션,2023-04-27,733333.0,587000,24.93,3.1,0.08
373220,LG에너지솔루션,2023-05-23,710000.0,574000,23.69,-3.76,-3.86
373220,LG에너지솔루션,2023-06-23,720000.0,563000,27.89,5.85,4.06
373220,LG에너지솔루션,2023-07-03,720000.0,573000,25.65,-2.11,-4.95
373220,LG에너지솔루션,2023-07-05,726667.0,567000,28.16,-3.89,-5.81
373220,LG에너지솔루션,2023-07-06,733333.0,565000,29.79,-3.91,-6.93
373220,LG에너지솔루션,2023-07-07,730000.0,562000,29.89,-6.55,-8.93
373220,LG에너지솔루션,2023-07-10,740667.0,550000,34.67,-4.55,-4.99
373220,LG에너지솔루션,2023-07-10,740667.0,550000,34.67,-4.55,-4.99
373220,LG에너지솔루션,2023-07-10,737333.0,550000,34.06,-4.55,-4.99
373220,LG에너지솔루션,2023-07-10,743333.0,550000,35.15,-4.55,-4.99
373220,LG에너지솔루션,2023-07-28,743333.0,542000,37.15,-1.43,1.63
373220,LG에너지솔루션,2023-07-28,733333.0,542000,35.3,-1.43,1.63
373220,LG에너지솔루션,2023-07-28,726667.0,542000,34.07,-1.43,1.63
373220,LG에너지솔루션,2023-07-28,703333.0,542000,29.77,-1.43,1.63
373220,LG에너지솔루션,2023-07-28,720000.0,542000,32.84,-1.43,1.63
373220,LG에너지솔루션,2023-07-28,710000.0,542000,31.0,-1.43,1.63
373220,LG에너지솔루션,2023-07-28,733333.0,542000,35.3,-1.43,1.63
373220,LG에너지솔루션,2023-07-28,783333.0,542000,44.53,-1.43,1.63
373220,LG에너지솔루션,2023-07-28,820000.0,542000,51.29,-1.43,1.63
373220,LG에너지솔루션,2023-07-28,810000.0,542000,49.45,-1.43,1.63
373220,LG에너지솔루션,2023-08-29,760000.0,552000,37.68,-13.83,-10.08
373220,LG에너지솔루션,2023-09-25,743667.0,476000,56.23,-18.93,-11.42
373220,LG에너지솔루션,2023-09-27,723667.0,476500,51.87,-14.14,-11.54
373220,LG에너지솔루션,2023-10-12,713667.0,493500,44.61,-15.08,-13.19
373220,LG에너지솔루션,2023-10-12,676667.0,493500,37.12,-15.08,-13.19
373220,LG에너지솔루션,2023-10-12,700000.0,493500,41.84,-15.08,-13.19
373220,LG에너지솔루션,2023-10-12,710000.0,493500,43.87,-15.08,-13.19
373220,LG에너지솔루션,2023-10-12,747000.0,493500,51.37,-15.08,-13.19
373220,LG에너지솔루션,2023-10-26,720333.0,399500,80.31,10.62,2.21
373220,LG에너지솔루션,2023-10-26,670333.0,399500,67.79,10.62,2.21
373220,LG에너지솔루션,2023-10-26,578333.0,399500,44.76,10.62,2.21
373220,LG에너지솔루션,2023-10-26,568333.0,399500,42.26,10.62,2.21
373220,LG에너지솔루션,2023-10-26,551667.0,399500,38.09,10.62,2.21
373220,LG에너지솔루션,2023-10-26,610000.0,399500,52.69,10.62,2.21
373220,LG에너지솔루션,2023-10-26,570000.0,399500,42.68,10.62,2.21
373220,LG에너지솔루션,2023-10-26,570000.0,399500,42.68,10.62,2.21
373220,LG에너지솔루션,2023-10-26,553333.0,399500,38.51,10.62,2.21
373220,LG에너지솔루션,2023-11-08,590000.0,437500,34.86,-0.58,-3.26
373220,LG에너지솔루션,2023-11-21,606667.0,447000,35.72,-2.15,-6.23
373220,LG에너지솔루션,2023-11-28,580333.0,435000,33.41,-4.36,-9.74
373220,LG에너지솔루션,2023-12-14,570333.0,422500,34.99,-7.58,-2.6
373220,LG에너지솔루션,2024-01-10,537000.0,410500,30.82,-5.17,-8.33
373220,LG에너지솔루션,2024-01-10,526667.0,410500,28.3,-5.17,-8.33
373220,LG에너지솔루션,2024-01-10,510000.0,410500,24.24,-5.17,-8.33
373220,LG에너지솔루션,2024-01-10,550000.0,410500,33.98,-5.17,-8.33
373220,LG에너지솔루션,2024-01-26,550000.0,381000,44.36,6.09,0.03
373220,LG에너지솔루션,2024-01-29,540667.0,377500,43.22,7.07,1.32
373220,LG에너지솔루션,2024-01-29,507333.0,377500,34.39,7.07,1.32
373220,LG에너지솔루션,2024-01-29,507333.0,377500,34.39,7.07,1.32
373220,LG에너지솔루션,2024-01-29,516667.0,377500,36.87,7.07,1.32
373220,LG에너지솔루션,2024-01-29,505000.0,377500,33.77,7.07,1.32
373220,LG에너지솔루션,2024-01-29,505000.0,377500,33.77,7.07,1.32
373220,LG에너지솔루션,2024-01-29,495000.0,377500,31.13,7.07,1.32
373220,LG에너지솔루션,2024-01-31,500000.0,381000,31.23,1.57,-2.63
373220,LG에너지솔루션,2024-02-06,493333.0,377000,30.86,3.76,1.83
373220,LG에너지솔루션,2024-04-01,496667.0,395500,25.58,-1.02,1.51
373220,LG에너지솔루션,2024-04-02,496667.0,393000,26.38,3.99,5.11
373220,LG에너지솔루션,2024-04-08,513667.0,373000,37.71,2.54,1.71
373220,LG에너지솔루션,2024-04-08,517000.0,373000,38.61,2.54,1.71
373220,LG에너지솔루션,2024-04-08,517667.0,373000,38.78,2.54,1.71
373220,LG에너지솔루션,2024-04-26,500667.0,372000,34.59,-13.34,-11.41
373220,LG에너지솔루션,2024-04-26,487333.0,372000,31.0,-13.34,-11.41
373220,LG에너지솔루션,2024-04-26,493333.0,372000,32.62,-13.34,-11.41
373220,LG에너지솔루션,2024-04-26,513333.0,372000,37.99,-13.34,-11.41
373220,LG에너지솔루션,2024-04-26,490000.0,372000,31.72,-13.34,-11.41
373220,LG에너지솔루션,2024-04-26,483333.0,372000,29.93,-13.34,-11.41
373220,LG에너지솔루션,2024-04-26,456667.0,372000,22.76,-13.34,-11.41
373220,LG에너지솔루션,2024-04-26,470000.0,372000,26.34,-13.34,-11.41
373220,LG에너지솔루션,2024-04-26,465000.0,372000,25.0,-13.34,-11.41
373220,LG에너지솔루션,2024-04-29,481667.0,378500,27.26,-14.91,-12.85
373220,LG에너지솔루션,2024-05-07,508667.0,391500,29.93,-8.65,-7.84
373220,LG에너지솔루션,2024-05-28,513667.0,360000,42.69,-4.09,-8.08
373220,LG에너지솔루션,2024-06-24,510333.0,331000,54.18,-1.51,-1.51
373220,LG에너지솔루션,2024-06-26,513333.0,331000,55.09,1.37,4.01
373220,LG에너지솔루션,2024-06-27,503333.0,328000,53.46,-0.46,1.9
373220,LG에너지솔루션,2024-07-03,480000.0,358000,34.08,-7.1,-5.43
373220,LG에너지솔루션,2024-07-09,466667.0,363000,28.56,-10.36,0.09
373220,LG에너지솔루션,2024-07-09,476667.0,363000,31.31,-10.36,0.09
373220,LG에너지솔루션,2024-07-09,470000.0,363000,29.48,-10.36,0.09
373220,LG에너지솔루션,2024-07-09,476667.0,363000,31.31,-10.36,0.09
373220,LG에너지솔루션,2024-07-09,470000.0,363000,29.48,-10.36,0.09
373220,LG에너지솔루션,2024-07-09,470000.0,363000,29.48,-10.36,0.09
373220,LG에너지솔루션,2024-07-26,456667.0,325000,40.51,14.26,17.02
373220,LG에너지솔루션,2024-07-26,428333.0,325000,31.79,14.26,17.02
373220,LG에너지솔루션,2024-07-26,438333.0,325000,34.87,14.26,17.02
373220,LG에너지솔루션,2024-07-26,418333.0,325000,28.72,14.26,17.02
373220,LG에너지솔루션,2024-07-26,420000.0,325000,29.23,14.26,17.02
373220,LG에너지솔루션,2024-07-26,423333.0,325000,30.26,14.26,17.02
373220,LG에너지솔루션,2024-07-26,433333.0,325000,33.33,14.26,17.02
373220,LG에너지솔루션,2024-07-26,443333.0,325000,36.41,14.26,17.02
373220,LG에너지솔루션,2024-07-26,433333.0,325000,33.33,14.26,17.02
373220,LG에너지솔루션,2024-07-26,420000.0,325000,29.23,14.26,17.02
373220,LG에너지솔루션,2024-09-30,456667.0,414500,10.17,0.98,1.73
373220,LG에너지솔루션,2024-09-30,490000.0,414500,18.21,0.98,1.73
373220,LG에너지솔루션,2024-10-04,496667.0,403500,23.09,0.0,1.28
373220,LG에너지솔루션,2024-10-07,503333.0,420000,19.84,-10.54,-9.35
373220,LG에너지솔루션,2024-10-10,503333.0,427000,17.88,-3.04,-1.66
373220,LG에너지솔루션,2024-10-10,503333.0,427000,17.88,-3.04,-1.66
373220,LG에너지솔루션,2024-10-10,513667.0,427000,20.3,-3.04,-1.66
373220,LG에너지솔루션,2024-10-10,510333.0,427000,19.52,-3.04,-1.66
373220,LG에너지솔루션,2024-10-29,475333.0,409000,16.22,-2.67,0.82
373220,LG에너지솔루션,2024-10-29,465000.0,409000,13.69,-2.67,0.82
373220,LG에너지솔루션,2024-10-29,466667.0,409000,14.1,-2.67,0.82
373220,LG에너지솔루션,2024-10-29,461667.0,409000,12.88,-2.67,0.82
373220,LG에너지솔루션,2024-10-29,495000.0,409000,21.03,-2.67,0.82
373220,LG에너지솔루션,2024-10-29,495000.0,409000,21.03,-2.67,0.82
373220,LG에너지솔루션,2024-10-30,493333.0,411500,19.89,-1.23,0.79
373220,LG에너지솔루션,2024-11-20,486667.0,400500,21.51,-7.12,-5.31
373220,LG에너지솔루션,2024-12-11,486667.0,378000,28.75,-11.5,-12.11
373220,LG에너지솔루션,2025-01-06,486667.0,361500,34.62,-5.2,-6.37
373220,LG에너지솔루션,2025-01-07,460000.0,365500,25.85,-8.17,-8.88
373220,LG에너지솔루션,2025-01-09,450000.0,358500,25.52,2.73,0.05
373220,LG에너지솔루션,2025-01-10,450000.0,348500,29.12,1.58,-2.49
373220,LG에너지솔루션,2025-01-10,460000.0,348500,31.99,1.58,-2.49
373220,LG에너지솔루션,2025-01-10,470000.0,348500,34.86,1.58,-2.49
373220,LG에너지솔루션,2025-01-31,487000.0,352000,38.35,-1.34,-4.39
373220,LG에너지솔루션,2025-01-31,510333.0,352000,44.98,-1.34,-4.39
373220,LG에너지솔루션,2025-01-31,477000.0,352000,35.51,-1.34,-4.39
373220,LG에너지솔루션,2025-01-31,412000.0,352000,17.05,-1.34,-4.39
373220,LG에너지솔루션,2025-01-31,388667.0,352000,10.42,-1.34,-4.39
373220,LG에너지솔루션,2025-01-31,405333.0,352000,15.15,-1.34,-4.39
373220,LG에너지솔루션,2025-01-31,446667.0,352000,26.89,-1.34,-4.39
373220,LG에너지솔루션,2025-01-31,463333.0,352000,31.63,-1.34,-4.39
373220,LG에너지솔루션,2025-03-13,473333.0,340500,39.01,2.76,7.96
373220,LG에너지솔루션,2025-03-28,486667.0,356000,36.7,3.44,0.71
373220,LG에너지솔루션,2025-03-31,470000.0,334500,40.51,6.71,4.96
373220,LG에너지솔루션,2025-04-01,476667.0,328000,45.33,-1.37,-3.39
373220,LG에너지솔루션,2025-04-02,460000.0,329000,39.82,1.75,-1.19
373220,LG에너지솔루션,2025-04-08,466667.0,318000,46.75,2.39,-11.29
373220,LG에너지솔루션,2025-04-08,443333.0,318000,39.41,2.39,-11.29
373220,LG에너지솔루션,2025-04-09,453333.0,314000,44.37,-10.73,-17.41
373220,LG에너지솔루션,2025-05-02,436667.0,320500,36.25,-9.77,-19.02
373220,LG에너지솔루션,2025-05-02,436667.0,320500,36.25,-9.77,-19.02
373220,LG에너지솔루션,2025-05-02,388667.0,320500,21.27,-9.77,-19.02
373220,LG에너지솔루션,2025-05-02,395333.0,320500,23.35,-9.77,-19.02
373220,LG에너지솔루션,2025-05-02,402000.0,320500,25.43,-9.77,-19.02
373220,LG에너지솔루션,2025-05-02,436667.0,320500,36.25,-9.77,-19.02
373220,LG에너지솔루션,2025-05-02,433333.0,320500,35.21,-9.77,-19.02
373220,LG에너지솔루션,2025-05-14,416667.0,313500,32.91,-4.56,-16.97
373220,LG에너지솔루션,2025-06-09,403333.0,285000,41.52,6.41,-2.05
373220,LG에너지솔루션,2025-06-26,400000.0,297000,34.68,26.22,21.63
373220,LG에너지솔루션,2025-07-08,410000.0,307000,33.55,25.9,23.85
373220,LG에너지솔루션,2025-07-08,416667.0,307000,35.72,25.9,23.85
373220,LG에너지솔루션,2025-07-08,416667.0,307000,35.72,25.9,23.85
373220,LG에너지솔루션,2025-07-08,406667.0,307000,32.46,25.9,23.85
373220,LG에너지솔루션,2025-07-08,396667.0,307000,29.21,25.9,23.85
373220,LG에너지솔루션,2025-07-08,375333.0,307000,22.26,25.9,23.85
373220,LG에너지솔루션,2025-07-21,382000.0,331000,15.41,13.19,14.45
373220,LG에너지솔루션,2025-07-28,430000.0,380500,13.01,-4.72,-3.38
373220,LG에너지솔루션,2025-07-28,467000.0,380500,22.73,-4.72,-3.38
373220,LG에너지솔루션,2025-07-28,472000.0,380500,24.05,-4.72,-3.38
373220,LG에너지솔루션,2025-07-28,475333.0,380500,24.92,-4.72,-3.38
373220,LG에너지솔루션,2025-07-28,441667.0,380500,16.08,-4.72,-3.38
373220,LG에너지솔루션,2025-07-28,433333.0,380500,13.89,-4.72,-3.38
373220,LG에너지솔루션,2025-07-28,440000.0,380500,15.64,-4.72,-3.38
373220,LG에너지솔루션,2025-07-28,436667.0,380500,14.76,-4.72,-3.38
373220,LG에너지솔루션,2025-07-29,466667.0,392000,19.05,-7.38,-5.59
373220,LG에너지솔루션,2025-09-08,460000.0,343500,33.92,10.95,1.69
373220,LG에너지솔루션,2025-10-01,453333.0,347500,30.46,17.79,4.35
373220,LG에너지솔루션,2025-10-14,426667.0,385000,10.82,23.03,9.54
373220,LG에너지솔루션,2025-10-14,426667.0,385000,10.82,23.03,9.54
373220,LG에너지솔루션,2025-10-14,436667.0,385000,13.42,23.03,9.54
373220,LG에너지솔루션,2025-10-14,436667.0,385000,13.42,23.03,9.54
373220,LG에너지솔루션,2025-10-14,433333.0,385000,12.55,23.03,9.54
373220,LG에너지솔루션,2025-10-15,466667.0,386500,20.74,15.22,3.95
373220,LG에너지솔루션,2025-10-20,493667.0,432500,14.14,1.37,-2.02
373220,LG에너지솔루션,2025-10-27,557000.0,495000,12.53,-18.92,-15.12
373220,LG에너지솔루션,2025-10-31,577000.0,473000,21.99,-13.14,-6.0
373220,LG에너지솔루션,2025-10-31,586667.0,473000,24.03,-13.14,-6.0
373220,LG에너지솔루션,2025-10-31,576667.0,473000,21.92,-13.14,-6.0
373220,LG에너지솔루션,2025-10-31,580000.0,473000,22.62,-13.14,-6.0
373220,LG에너지솔루션,2025-10-31,580000.0,473000,22.62,-13.14,-6.0
373220,LG에너지솔루션,2025-10-31,575000.0,473000,21.56,-13.14,-6.0
373220,LG에너지솔루션,2025-10-31,565000.0,473000,19.45,-13.14,-6.0
373220,LG에너지솔루션,2025-10-31,564667.0,473000,19.38,-13.14,-6.0
373220,LG에너지솔루션,2025-10-31,563000.0,473000,19.03,-13.14,-6.0
006400,삼성SDI,2023-01-17,847333.0,603084,40.5,14.68,11.18
006400,삼성SDI,2023-01-31,870667.0,670637,29.83,-1.39,-0.49
006400,삼성SDI,2023-01-31,860667.0,670637,28.34,-1.39,-0.49
006400,삼성SDI,2023-01-31,923333.0,670637,37.68,-1.39,-0.49
006400,삼성SDI,2023-01-31,903333.0,670637,34.7,-1.39,-0.49
006400,삼성SDI,2023-01-31,936667.0,670637,39.67,-1.39,-0.49
006400,삼성SDI,2023-01-31,943333.0,670637,40.66,-1.39,-0.49
006400,삼성SDI,2023-01-31,956667.0,670637,42.65,-1.39,-0.49
006400,삼성SDI,2023-01-31,954000.0,670637,42.25,-1.39,-0.49
006400,삼성SDI,2023-01-31,870667.0,670637,29.83,-1.39,-0.49
006400,삼성SDI,2023-02-21,884000.0,677490,30.48,9.06,8.78
006400,삼성SDI,2023-03-30,890000.0,705882,26.08,-5.99,-6.98
006400,삼성SDI,2023-04-03,913333.0,729379,25.22,-5.79,-6.63
006400,삼성SDI,2023-04-04,910000.0,710778,28.03,-12.08,-12.31
006400,삼성SDI,2023-04-11,916000.0,750918,21.98,-12.96,-10.01
006400,삼성SDI,2023-04-28,876000.0,676511,29.49,1.14,-0.63
006400,삼성SDI,2023-04-28,936000.0,676511,38.36,1.14,-0.63
006400,삼성SDI,2023-04-28,993333.0,676511,46.83,1.14,-0.63
006400,삼성SDI,2023-04-28,1023333.0,676511,51.27,1.14,-0.63
006400,삼성SDI,2023-04-28,970000.0,676511,43.38,1.14,-0.63
006400,삼성SDI,2023-04-28,906667.0,676511,34.02,1.14,-0.63
006400,삼성SDI,2023-04-28,919333.0,676511,35.89,1.14,-0.63
006400,삼성SDI,2023-04-28,912667.0,676511,34.91,1.14,-0.63
006400,삼성SDI,2023-04-28,929333.0,676511,37.37,1.14,-0.63
006400,삼성SDI,2023-05-23,915667.0,695113,31.73,-4.34,-4.44
006400,삼성SDI,2023-06-21,915667.0,680428,34.57,-1.44,-1.69
006400,삼성SDI,2023-06-30,902333.0,654973,37.77,-7.25,-8.41
006400,삼성SDI,2023-07-03,906667.0,701966,29.16,-5.77,-8.61
006400,삼성SDI,2023-07-05,906667.0,693155,30.8,-9.1,-11.02
006400,삼성SDI,2023-07-06,900000.0,688260,30.76,-8.9,-11.91
006400,삼성SDI,2023-07-28,900000.0,649099,38.65,-10.38,-7.32
006400,삼성SDI,2023-07-28,960000.0,649099,47.9,-10.38,-7.32
006400,삼성SDI,2023-07-28,966667.0,649099,48.92,-10.38,-7.32
006400,삼성SDI,2023-07-28,966667.0,649099,48.92,-10.38,-7.32
006400,삼성SDI,2023-07-28,973333.0,649099,49.95,-10.38,-7.32
006400,삼성SDI,2023-07-28,966667.0,649099,48.92,-10.38,-7.32
006400,삼성SDI,2023-07-28,966667.0,649099,48.92,-10.38,-7.32
006400,삼성SDI,2023-08-11,890000.0,619728,43.61,-8.52,-7.19
006400,삼성SDI,2023-08-29,860000.0,583503,47.39,-15.51,-11.76
006400,삼성SDI,2023-09-12,860000.0,546300,57.42,-8.24,-5.4
006400,삼성SDI,2023-09-22,870000.0,521824,66.72,-13.24,-5.82
006400,삼성SDI,2023-10-06,900000.0,470914,91.12,-4.9,-6.62
006400,삼성SDI,2023-10-10,909333.0,479726,89.55,-11.94,-10.78
006400,삼성SDI,2023-10-27,809333.0,442523,82.89,0.33,-7.68
006400,삼성SDI,2023-10-27,736000.0,442523,66.32,0.33,-7.68
006400,삼성SDI,2023-10-27,700000.0,442523,58.18,0.33,-7.68
006400,삼성SDI,2023-10-27,726667.0,442523,64.21,0.33,-7.68
006400,삼성SDI,2023-10-27,860000.0,442523,94.34,0.33,-7.68
006400,삼성SDI,2023-10-27,803333.0,442523,81.53,0.33,-7.68
006400,삼성SDI,2023-10-27,826667.0,442523,86.81,0.33,-7.68
006400,삼성SDI,2023-11-01,683333.0,416578,64.03,4.66,-3.55
006400,삼성SDI,2023-11-08,683333.0,440564,55.1,0.91,-1.77
006400,삼성SDI,2023-11-21,633333.0,456229,38.82,-2.01,-6.1
006400,삼성SDI,2023-11-28,636667.0,445460,42.92,0.11,-5.27
006400,삼성SDI,2023-12-12,670000.0,436159,53.61,-6.87,-7.48
006400,삼성SDI,2024-01-08,703333.0,426858,64.77,-13.43,-14.01
006400,삼성SDI,2024-01-10,756667.0,407767,85.56,-7.56,-10.71
006400,삼성SDI,2024-01-18,673333.0,368605,82.67,5.62,-1.87
006400,삼성SDI,2024-01-31,606667.0,364689,66.35,-2.91,-7.12
006400,삼성SDI,2024-01-31,566667.0,364689,55.38,-2.91,-7.12
006400,삼성SDI,2024-01-31,566667.0,364689,55.38,-2.91,-7.12
006400,삼성SDI,2024-01-31,573333.0,364689,57.21,-2.91,-7.12
006400,삼성SDI,2024-01-31,530000.0,364689,45.33,-2.91,-7.12
006400,삼성SDI,2024-01-31,563333.0,364689,54.47,-2.91,-7.12
006400,삼성SDI,2024-03-08,573333.0,417068,37.47,1.57,-0.6
006400,삼성SDI,2024-03-12,653333.0,449865,45.23,-11.32,-11.81
006400,삼성SDI,2024-03-26,653333.0,463082,41.08,-13.94,-9.35
006400,삼성SDI,2024-04-02,670000.0,443502,51.07,2.34,3.46
006400,삼성SDI,2024-05-02,600000.0,434201,38.18,-13.7,-13.16
006400,삼성SDI,2024-05-02,633333.0,434201,45.86,-13.7,-13.16
006400,삼성SDI,2024-05-02,703333.0,434201,61.98,-13.7,-13.16
006400,삼성SDI,2024-05-02,686667.0,434201,58.14,-13.7,-13.16
006400,삼성SDI,2024-05-02,673333.0,434201,55.07,-13.7,-13.16
006400,삼성SDI,2024-05-02,603333.0,434201,38.95,-13.7,-13.16
006400,삼성SDI,2024-05-02,640000.0,434201,47.4,-13.7,-13.16
006400,삼성SDI,2024-05-07,640000.0,425879,50.28,-8.7,-7.88
006400,삼성SDI,2024-05-28,640000.0,396018,61.61,-6.23,-10.22
006400,삼성SDI,2024-06-24,620000.0,369585,67.76,-8.96,-8.95
006400,삼성SDI,2024-07-10,627333.0,365179,71.79,-22.21,-10.63
006400,삼성SDI,2024-07-31,627333.0,312801,100.55,5.99,9.71
006400,삼성SDI,2024-07-31,577333.0,312801,84.57,5.99,9.71
006400,삼성SDI,2024-07-31,510000.0,312801,63.04,5.99,9.71
006400,삼성SDI,2024-07-31,470000.0,312801,50.26,5.99,9.71
006400,삼성SDI,2024-07-31,520000.0,312801,66.24,5.99,9.71
006400,삼성SDI,2024-07-31,540000.0,312801,72.63,5.99,9.71
006400,삼성SDI,2024-07-31,521667.0,312801,66.77,5.99,9.71
006400,삼성SDI,2024-07-31,537000.0,312801,71.67,5.99,9.71
006400,삼성SDI,2024-07-31,517000.0,312801,65.28,5.99,9.71
006400,삼성SDI,2024-08-20,522000.0,304479,71.44,15.37,19.04
006400,삼성SDI,2024-10-07,466667.0,359794,29.7,-19.54,-18.35
006400,삼성SDI,2024-10-10,456667.0,361752,26.24,-23.73,-22.35
006400,삼성SDI,2024-10-11,490000.0,365179,34.18,-23.54,-20.04
006400,삼성SDI,2024-10-15,530000.0,343640,54.23,-24.85,-17.45
006400,삼성SDI,2024-10-31,556667.0,320143,73.88,-23.23,-19.83
006400,삼성SDI,2024-10-31,533333.0,320143,66.59,-23.23,-19.83
006400,삼성SDI,2024-10-31,483333.0,320143,50.97,-23.23,-19.83
006400,삼성SDI,2024-10-31,462333.0,320143,44.41,-23.23,-19.83
006400,삼성SDI,2024-10-31,465667.0,320143,45.46,-23.23,-19.83
006400,삼성SDI,2024-10-31,475667.0,320143,48.58,-23.23,-19.83
006400,삼성SDI,2024-11-01,493333.0,324549,52.01,-23.26,-18.06
006400,삼성SDI,2024-11-20,493333.0,254059,94.18,-3.97,-2.17
006400,삼성SDI,2024-12-19,466667.0,248674,87.66,-3.43,-9.37
006400,삼성SDI,2025-01-07,423333.0,241331,75.42,-15.63,-16.35
006400,삼성SDI,2025-01-09,380000.0,233988,62.4,-8.55,-11.23
006400,삼성SDI,2025-01-09,380000.0,233988,62.4,-8.55,-11.23
006400,삼성SDI,2025-01-10,353333.0,229093,54.23,-6.97,-11.05
006400,삼성SDI,2025-01-31,353333.0,217345,62.57,2.4,-0.65
006400,삼성SDI,2025-01-31,330000.0,217345,51.83,2.4,-0.65
006400,삼성SDI,2025-01-31,356667.0,217345,64.1,2.4,-0.65
006400,삼성SDI,2025-01-31,319333.0,217345,46.92,2.4,-0.65
006400,삼성SDI,2025-01-31,326000.0,217345,49.99,2.4,-0.65
006400,삼성SDI,2025-01-31,299333.0,217345,37.72,2.4,-0.65
006400,삼성SDI,2025-03-17,333333.0,186407,78.82,-2.25,2.92
006400,삼성SDI,2025-03-20,310000.0,198254,56.37,-8.3,-2.26
006400,삼성SDI,2025-04-02,306667.0,182589,67.95,-3.21,-6.15
006400,삼성SDI,2025-04-10,286667.0,177200,61.78,-1.48,-10.02
006400,삼성SDI,2025-04-15,280000.0,182600,53.34,-4.29,-10.67
006400,삼성SDI,2025-04-28,263333.0,184200,42.96,-8.01,-13.16
006400,삼성SDI,2025-04-28,260000.0,184200,41.15,-8.01,-13.16
006400,삼성SDI,2025-04-28,273333.0,184200,48.39,-8.01,-13.16
006400,삼성SDI,2025-04-28,276667.0,184200,50.2,-8.01,-13.16
006400,삼성SDI,2025-04-28,270000.0,184200,46.58,-8.01,-13.16
006400,삼성SDI,2025-04-28,263333.0,184200,42.96,-8.01,-13.16
006400,삼성SDI,2025-04-28,266667.0,184200,44.77,-8.01,-13.16
006400,삼성SDI,2025-04-28,253333.0,184200,37.53,-8.01,-13.16
006400,삼성SDI,2025-04-29,243333.0,183600,32.53,-1.82,-7.39
006400,삼성SDI,2025-06-09,231667.0,170800,35.64,2.76,-5.71
006400,삼성SDI,2025-07-16,248333.0,176100,41.02,25.14,24.09
006400,삼성SDI,2025-07-17,241667.0,179000,35.01,20.27,20.61
006400,삼성SDI,2025-08-01,228333.0,190000,20.18,4.54,3.76
006400,삼성SDI,2025-08-01,225000.0,190000,18.42,4.54,3.76
006400,삼성SDI,2025-08-01,241667.0,190000,27.19,4.54,3.76
006400,삼성SDI,2025-08-01,256667.0,190000,35.09,4.54,3.76
006400,삼성SDI,2025-08-01,256667.0,190000,35.09,4.54,3.76
006400,삼성SDI,2025-08-01,263333.0,190000,38.6,4.54,3.76
006400,삼성SDI,2025-08-01,263333.0,190000,38.6,4.54,3.76
006400,삼성SDI,2025-08-01,256667.0,190000,35.09,4.54,3.76
006400,삼성SDI,2025-08-04,240000.0,193700,23.9,-5.62,-5.2
006400,삼성SDI,2025-08-26,265000.0,221000,19.91,-6.59,-15.53
006400,삼성SDI,2025-10-01,271667.0,204000,33.17,55.93,42.49
006400,삼성SDI,2025-10-29,386667.0,331000,16.82,-6.91,-4.47
006400,삼성SDI,2025-10-29,383333.0,331000,15.81,-6.91,-4.47
006400,삼성SDI,2025-10-29,400000.0,331000,20.85,-6.91,-4.47
006400,삼성SDI,2025-10-29,400000.0,331000,20.85,-6.91,-4.47
006400,삼성SDI,2025-10-29,403333.0,331000,21.85,-6.91,-4.47
006400,삼성SDI,2025-10-29,386667.0,331000,16.82,-6.91,-4.47
006400,삼성SDI,2025-10-29,370000.0,331000,11.78,-6.91,-4.47
006400,삼성SDI,2025-11-06,373333.0,322000,15.94,0.49,-3.21
006400,삼성SDI,2025-11-11,390000.0,322000,21.12,-1.24,-0.87
005380,현대차,2023-01-17,236667.0,166000,42.57,8.81,5.31
005380,현대차,2023-01-27,228333.0,173900,31.3,1.94,3.89
005380,현대차,2023-01-27,228333.0,173900,31.3,1.94,3.89
005380,현대차,2023-01-27,221667.0,173900,27.47,1.94,3.89
005380,현대차,2023-01-27,223333.0,173900,28.43,1.94,3.89
005380,현대차,2023-01-27,223333.0,173900,28.43,1.94,3.89
005380,현대차,2023-01-27,233333.0,173900,34.18,1.94,3.89
005380,현대차,2023-01-27,233333.0,173900,34.18,1.94,3.89
005380,현대차,2023-01-27,233333.0,173900,34.18,1.94,3.89
005380,현대차,2023-02-09,225000.0,172600,30.36,1.5,3.89
005380,현대차,2023-02-21,221667.0,178200,24.39,3.62,3.34
005380,현대차,2023-04-05,231667.0,186700,24.08,9.4,7.21
005380,현대차,2023-04-06,243333.0,185100,31.46,10.75,9.96
005380,현대차,2023-04-10,253333.0,185900,36.27,8.28,10.51
005380,현대차,2023-04-10,253333.0,185900,36.27,8.28,10.51
005380,현대차,2023-04-26,266667.0,201500,32.34,-0.74,-4.34
005380,현대차,2023-04-26,293333.0,201500,45.57,-0.74,-4.34
005380,현대차,2023-04-26,293333.0,201500,45.57,-0.74,-4.34
005380,현대차,2023-04-26,276667.0,201500,37.3,-0.74,-4.34
005380,현대차,2023-04-26,250000.0,201500,24.07,-0.74,-4.34
005380,현대차,2023-04-26,250000.0,201500,24.07,-0.74,-4.34
005380,현대차,2023-04-26,260000.0,201500,29.03,-0.74,-4.34
005380,현대차,2023-04-26,266667.0,201500,32.34,-0.74,-4.34
005380,현대차,2023-04-26,273333.0,201500,35.65,-0.74,-4.34
005380,현대차,2023-05-31,286667.0,200000,43.33,4.56,4.75
005380,현대차,2023-06-21,286667.0,204000,40.52,-0.74,-0.99
005380,현대차,2023-06-21,290000.0,204000,42.16,-0.74,-0.99
005380,현대차,2023-06-21,266667.0,204000,30.72,-0.74,-0.99
005380,현대차,2023-06-21,260000.0,204000,27.45,-0.74,-0.99
005380,현대차,2023-06-21,273333.0,204000,33.99,-0.74,-0.99
005380,현대차,2023-06-22,290000.0,202000,43.56,0.05,-1.49
005380,현대차,2023-06-30,306667.0,206500,48.51,-6.0,-7.15
005380,현대차,2023-07-07,300000.0,204000,47.06,-8.52,-10.9
005380,현대차,2023-07-11,306667.0,207000,48.15,-6.93,-8.11
005380,현대차,2023-07-11,316667.0,207000,52.98,-6.93,-8.11
005380,현대차,2023-07-27,313333.0,197800,58.41,-5.79,-3.3
005380,현대차,2023-07-27,296667.0,197800,49.98,-5.79,-3.3
005380,현대차,2023-07-27,270000.0,197800,36.5,-5.79,-3.3
005380,현대차,2023-07-27,273333.0,197800,38.19,-5.79,-3.3
005380,현대차,2023-07-27,266667.0,197800,34.82,-5.79,-3.3
005380,현대차,2023-07-27,270000.0,197800,36.5,-5.79,-3.3
005380,현대차,2023-07-27,256667.0,197800,29.76,-5.79,-3.3
005380,현대차,2023-07-27,266667.0,197800,34.82,-5.79,-3.3
005380,현대차,2023-07-27,280000.0,197800,41.56,-5.79,-3.3
005380,현대차,2023-08-07,293333.0,188000,56.03,-0.9,-0.49
005380,현대차,2023-09-13,296667.0,189800,56.3,-0.94,5.16
005380,현대차,2023-09-19,306667.0,190000,61.4,-6.62,1.06
005380,현대차,2023-09-27,306667.0,191100,60.47,-9.85,-7.25
005380,현대차,2023-10-06,310000.0,192200,61.29,-6.53,-8.25
005380,현대차,2023-10-10,290000.0,188400,53.93,-7.71,-6.55
005380,현대차,2023-10-17,270000.0,188500,43.24,-4.85,-5.83
005380,현대차,2023-10-18,263333.0,191800,37.3,-2.17,-5.17
005380,현대차,2023-10-27,273333.0,175600,55.66,7.19,-0.82
005380,현대차,2023-10-27,293333.0,175600,67.05,7.19,-0.82
005380,현대차,2023-10-27,283333.0,175600,61.35,7.19,-0.82
005380,현대차,2023-10-27,273333.0,175600,55.66,7.19,-0.82
005380,현대차,2023-10-27,266667.0,175600,51.86,7.19,-0.82
005380,현대차,2023-10-27,270000.0,175600,53.76,7.19,-0.82
005380,현대차,2023-10-27,260000.0,175600,48.06,7.19,-0.82
005380,현대차,2023-10-27,261667.0,175600,49.01,7.19,-0.82
005380,현대차,2023-10-27,271667.0,175600,54.71,7.19,-0.82
005380,현대차,2023-11-13,278333.0,173300,60.61,5.94,1.74
005380,현대차,2023-11-28,280000.0,185700,50.78,10.12,4.74
005380,현대차,2023-12-04,283333.0,181600,56.02,3.25,-0.11
005380,현대차,2023-12-04,286667.0,181600,57.86,3.25,-0.11
005380,현대차,2023-12-05,276667.0,181400,52.52,1.53,-1.37
005380,현대차,2023-12-19,271667.0,192200,41.35,-9.54,-3.81
005380,현대차,2024-01-08,270000.0,185700,45.4,26.89,26.3
005380,현대차,2024-01-11,270000.0,187000,44.39,33.87,28.94
005380,현대차,2024-01-11,275000.0,187000,47.06,33.87,28.94
005380,현대차,2024-01-16,273333.0,186200,46.8,38.89,30.15
005380,현대차,2024-01-17,270000.0,181800,48.51,40.12,30.28
005380,현대차,2024-01-26,253333.0,187300,35.26,26.79,20.73
005380,현대차,2024-01-26,253333.0,187300,35.26,26.79,20.73
005380,현대차,2024-01-26,260000.0,187300,38.81,26.79,20.73
005380,현대차,2024-01-26,270000.0,187300,44.15,26.79,20.73
005380,현대차,2024-01-26,266667.0,187300,42.37,26.79,20.73
005380,현대차,2024-01-26,270000.0,187300,44.15,26.79,20.73
005380,현대차,2024-01-26,270000.0,187300,44.15,26.79,20.73
005380,현대차,2024-01-26,273333.0,187300,45.93,26.79,20.73
005380,현대차,2024-01-26,260000.0,187300,38.81,26.79,20.73
005380,현대차,2024-01-26,263333.0,187300,40.59,26.79,20.73
005380,현대차,2024-01-26,276667.0,187300,47.71,26.79,20.73
005380,현대차,2024-01-26,285000.0,187300,52.16,26.79,20.73
005380,현대차,2024-01-29,271667.0,195600,38.89,31.84,26.1
005380,현대차,2024-02-05,268333.0,238000,12.75,7.43,3.39
005380,현대차,2024-02-05,273333.0,238000,14.85,7.43,3.39
005380,현대차,2024-02-29,290000.0,250500,15.77,-10.96,-13.71
005380,현대차,2024-04-03,290000.0,216000,34.26,7.08,7.36
005380,현대차,2024-04-04,296667.0,226000,31.27,7.32,6.18
005380,현대차,2024-04-08,290000.0,232500,24.73,5.92,5.09
005380,현대차,2024-04-23,300000.0,249500,20.24,5.15,3.38
005380,현대차,2024-04-26,300000.0,249500,20.24,2.19,4.12
005380,현대차,2024-04-26,313333.0,249500,25.58,2.19,4.12
005380,현대차,2024-04-26,303333.0,249500,21.58,2.19,4.12
005380,현대차,2024-04-26,300000.0,249500,20.24,2.19,4.12
005380,현대차,2024-04-26,303333.0,249500,21.58,2.19,4.12
005380,현대차,2024-04-26,316667.0,249500,26.92,2.19,4.12
005380,현대차,2024-04-26,316667.0,249500,26.92,2.19,4.12
005380,현대차,2024-04-26,310000.0,249500,24.25,2.19,4.12
005380,현대차,2024-04-26,306667.0,249500,22.91,2.19,4.12
005380,현대차,2024-04-26,316667.0,249500,26.92,2.19,4.12
005380,현대차,2024-04-26,323333.0,249500,29.59,2.19,4.12
005380,현대차,2024-04-29,333333.0,251500,32.54,0.8,2.86
005380,현대차,2024-06-13,336667.0,269000,25.15,1.31,-2.27
005380,현대차,2024-06-18,343333.0,283000,21.32,-6.28,-7.93
005380,현대차,2024-07-01,360000.0,286000,25.87,-8.26,-6.72
005380,현대차,2024-07-04,371667.0,277500,33.93,-13.17,-6.67
005380,현대차,2024-07-04,371667.0,277500,33.93,-13.17,-6.67
005380,현대차,2024-07-08,348333.0,283000,23.09,-14.39,-2.35
005380,현대차,2024-07-09,336667.0,274500,22.65,-14.03,-3.58
005380,현대차,2024-07-09,348333.0,274500,26.9,-14.03,-3.58
005380,현대차,2024-07-09,361667.0,274500,31.75,-14.03,-3.58
005380,현대차,2024-07-11,385000.0,278500,38.24,-10.5,-1.1
005380,현대차,2024-07-16,370000.0,274500,34.79,-10.24,-3.25
005380,현대차,2024-07-26,380000.0,243500,56.06,-3.13,-0.37
005380,현대차,2024-07-26,370000.0,243500,51.95,-3.13,-0.37
005380,현대차,2024-07-26,376667.0,243500,54.69,-3.13,-0.37
005380,현대차,2024-07-26,363333.0,243500,49.21,-3.13,-0.37
005380,현대차,2024-07-26,368333.0,243500,51.27,-3.13,-0.37
005380,현대차,2024-07-26,358333.0,243500,47.16,-3.13,-0.37
005380,현대차,2024-07-26,348333.0,243500,43.05,-3.13,-0.37
005380,현대차,2024-07-26,336667.0,243500,38.26,-3.13,-0.37
005380,현대차,2024-07-26,336667.0,243500,38.26,-3.13,-0.37
005380,현대차,2024-07-26,348333.0,243500,43.05,-3.13,-0.37
005380,현대차,2024-07-26,345000.0,243500,41.68,-3.13,-0.37
005380,현대차,2024-07-29,348333.0,255500,36.33,3.6,5.37
005380,현대차,2024-08-13,350000.0,243000,44.03,-3.73,-1.0
005380,현대차,2024-08-29,356667.0,258500,37.98,-6.26,-2.35
005380,현대차,2024-08-29,363333.0,258500,40.55,-6.26,-2.35
005380,현대차,2024-08-29,368333.0,258500,42.49,-6.26,-2.35
005380,현대차,2024-08-29,375000.0,258500,45.07,-6.26,-2.35
005380,현대차,2024-08-29,376667.0,258500,45.71,-6.26,-2.35
005380,현대차,2024-08-29,358333.0,258500,38.62,-6.26,-2.35
005380,현대차,2024-09-13,341667.0,237000,44.16,-4.67,-4.28
005380,현대차,2024-10-14,341667.0,248500,37.49,-15.85,-10.12
005380,현대차,2024-10-16,341667.0,247000,38.33,-14.44,-7.14
005380,현대차,2024-10-18,355000.0,234500,51.39,-8.44,-3.22
005380,현대차,2024-10-21,361667.0,237000,52.6,-8.1,-4.26
005380,현대차,2024-10-22,355000.0,234500,51.39,-9.34,-4.82
005380,현대차,2024-10-23,345000.0,241000,43.15,-5.69,-1.8
005380,현대차,2024-10-25,326667.0,225500,44.86,-3.31,-0.32
005380,현대차,2024-10-25,333333.0,225500,47.82,-3.31,-0.32
005380,현대차,2024-10-25,340000.0,225500,50.78,-3.31,-0.32
005380,현대차,2024-10-25,350000.0,225500,55.21,-3.31,-0.32
005380,현대차,2024-10-25,361667.0,225500,60.38,-3.31,-0.32
005380,현대차,2024-10-25,345000.0,225500,52.99,-3.31,-0.32
005380,현대차,2024-10-25,338333.0,225500,50.04,-3.31,-0.32
005380,현대차,2024-10-25,330000.0,225500,46.34,-3.31,-0.32
005380,현대차,2024-11-04,353333.0,216500,63.2,-0.23,2.75
005380,현대차,2024-11-19,350000.0,215500,62.41,-0.92,-1.0
005380,현대차,2024-11-28,340000.0,219000,55.25,-2.97,-0.68
005380,현대차,2024-11-29,326667.0,218500,49.5,-2.08,0.18
005380,현대차,2025-01-10,326667.0,226000,44.54,-6.36,-10.44
005380,현대차,2025-01-13,316667.0,220000,43.94,-10.0,-14.53
005380,현대차,2025-01-13,300000.0,220000,36.36,-10.0,-14.53
005380,현대차,2025-01-14,301667.0,222000,35.89,-9.07,-14.28
005380,현대차,2025-01-24,305000.0,205000,48.78,-6.31,-6.92
005380,현대차,2025-01-24,318333.0,205000,55.28,-6.31,-6.92
005380,현대차,2025-01-24,300000.0,205000,46.34,-6.31,-6.92
005380,현대차,2025-01-24,310000.0,205000,51.22,-6.31,-6.92
005380,현대차,2025-01-24,310000.0,205000,51.22,-6.31,-6.92
005380,현대차,2025-01-24,320000.0,205000,56.1,-6.31,-6.92
005380,현대차,2025-01-24,333333.0,205000,62.6,-6.31,-6.92
005380,현대차,2025-01-24,350000.0,205000,70.73,-6.31,-6.92
005380,현대차,2025-01-24,350000.0,205000,70.73,-6.31,-6.92
005380,현대차,2025-01-24,323333.0,205000,57.72,-6.31,-6.92
005380,현대차,2025-01-24,310000.0,205000,51.22,-6.31,-6.92
005380,현대차,2025-01-24,288333.0,205000,40.65,-6.31,-6.92
005380,현대차,2025-03-27,298333.0,212500,40.39,-7.9,-7.45
005380,현대차,2025-04-08,275000.0,179200,53.46,10.0,-3.67
005380,현대차,2025-04-11,283333.0,177500,59.62,7.59,0.85
005380,현대차,2025-04-25,253333.0,188800,34.18,1.06,-5.68
005380,현대차,2025-04-25,253333.0,188800,34.18,1.06,-5.68
005380,현대차,2025-04-25,256667.0,188800,35.95,1.06,-5.68
005380,현대차,2025-04-25,266667.0,188800,41.24,1.06,-5.68
005380,현대차,2025-04-25,286667.0,188800,51.84,1.06,-5.68
005380,현대차,2025-04-25,286667.0,188800,51.84,1.06,-5.68
005380,현대차,2025-04-25,310000.0,188800,64.19,1.06,-5.68
005380,현대차,2025-04-25,283333.0,188800,50.07,1.06,-5.68
005380,현대차,2025-04-25,280000.0,188800,48.31,1.06,-5.68
005380,현대차,2025-04-25,276667.0,188800,46.54,1.06,-5.68
005380,현대차,2025-06-27,281667.0,205000,37.4,7.37,2.88
005380,현대차,2025-07-01,281667.0,210000,34.13,4.45,-1.38
005380,현대차,2025-07-07,271667.0,208500,30.3,-0.24,-2.9
005380,현대차,2025-07-10,273333.0,208000,31.41,2.16,1.09
005380,현대차,2025-07-10,273333.0,208000,31.41,2.16,1.09
005380,현대차,2025-07-14,256667.0,217000,18.28,0.95,1.74
005380,현대차,2025-07-16,256667.0,207500,23.69,3.57,2.53
005380,현대차,2025-07-25,246667.0,216500,13.93,0.0,0.94
005380,현대차,2025-07-25,260000.0,216500,20.09,0.0,0.94
005380,현대차,2025-07-25,263333.0,216500,21.63,0.0,0.94
005380,현대차,2025-07-25,290000.0,216500,33.95,0.0,0.94
005380,현대차,2025-07-25,286667.0,216500,32.41,0.0,0.94
005380,현대차,2025-07-25,283333.0,216500,30.87,0.0,0.94
005380,현대차,2025-07-25,266667.0,216500,23.17,0.0,0.94
005380,현대차,2025-07-25,263333.0,216500,21.63,0.0,0.94
005380,현대차,2025-07-25,263333.0,216500,21.63,0.0,0.94
005380,현대차,2025-07-28,263333.0,218500,20.52,0.92,2.26
005380,현대차,2025-09-02,280000.0,220000,27.27,-2.71,-11.23
005380,현대차,2025-09-19,280000.0,214000,30.84,16.74,0.19
005380,현대차,2025-09-19,280000.0,214000,30.84,16.74,0.19
005380,현대차,2025-09-22,263333.0,218000,20.8,14.38,-0.65
005380,현대차,2025-09-22,263333.0,218000,20.8,14.38,-0.65
005380,현대차,2025-09-23,260000.0,219000,18.72,18.62,1.08
005380,현대차,2025-09-23,276667.0,219000,26.33,18.62,1.08
005380,현대차,2025-09-23,276667.0,219000,26.33,18.62,1.08
005380,현대차,2025-10-01,285000.0,215500,32.25,22.27,8.83
005380,현대차,2025-10-02,275000.0,220000,25.0,21.66,12.15
005380,현대차,2025-10-13,275000.0,218500,25.86,20.63,5.34
005380,현대차,2025-10-13,270000.0,218500,23.57,20.63,5.34
005380,현대차,2025-10-16,270000.0,242000,11.57,12.14,5.13
005380,현대차,2025-10-20,275000.0,248000,10.89,3.12,-0.28
005380,현대차,2025-10-31,325000.0,290000,12.07,-12.69,-5.55
005380,현대차,2025-10-31,330000.0,290000,13.79,-12.69,-5.55
005380,현대차,2025-10-31,330000.0,290000,13.79,-12.69,-5.55
005380,현대차,2025-10-31,323333.0,290000,11.49,-12.69,-5.55
005380,현대차,2025-10-31,320000.0,290000,10.34,-12.69,-5.55
005380,현대차,2025-11-24,323333.0,257500,25.57,11.46,4.73
000270,기아,2023-01-30,100000.0,68600,45.77,12.72,13.23
000270,기아,2023-01-30,103333.0,68600,50.63,12.72,13.23
000270,기아,2023-01-30,96667.0,68600,40.91,12.72,13.23
000270,기아,2023-01-30,95000.0,68600,38.48,12.72,13.23
000270,기아,2023-01-30,98333.0,68600,43.34,12.72,13.23
000270,기아,2023-01-30,98333.0,68600,43.34,12.72,13.23
000270,기아,2023-01-30,95000.0,68600,38.48,12.72,13.23
000270,기아,2023-01-30,91667.0,68600,33.62,12.72,13.23
000270,기아,2023-03-14,95000.0,76300,24.51,8.17,0.98
000270,기아,2023-03-16,101667.0,79100,28.53,6.36,-0.98
000270,기아,2023-04-05,110000.0,81300,35.3,7.53,5.34
000270,기아,2023-04-06,113333.0,81000,39.92,9.36,8.57
000270,기아,2023-04-06,120000.0,81000,48.15,9.36,8.57
000270,기아,2023-04-06,116667.0,81000,44.03,9.36,8.57
000270,기아,2023-04-06,113333.0,81000,39.92,9.36,8.57
000270,기아,2023-04-06,106667.0,81000,31.69,9.36,8.57
000270,기아,2023-04-10,108333.0,81000,33.74,6.0,8.23
000270,기아,2023-04-10,108333.0,81000,33.74,6.0,8.23
000270,기아,2023-04-27,120000.0,86600,38.57,1.66,-1.36
000270,기아,2023-04-27,120000.0,86600,38.57,1.66,-1.36
000270,기아,2023-04-27,126667.0,86600,46.27,1.66,-1.36
000270,기아,2023-04-27,120000.0,86600,38.57,1.66,-1.36
000270,기아,2023-04-27,120000.0,86600,38.57,1.66,-1.36
000270,기아,2023-04-27,116667.0,86600,34.72,1.66,-1.36
000270,기아,2023-04-27,123333.0,86600,42.42,1.66,-1.36
000270,기아,2023-04-27,125000.0,86600,44.34,1.66,-1.36
000270,기아,2023-04-27,121667.0,86600,40.49,1.66,-1.36
000270,기아,2023-05-31,118333.0,85900,37.76,5.11,5.3
000270,기아,2023-06-07,113333.0,82000,38.21,9.34,11.43
000270,기아,2023-06-30,131667.0,88500,48.78,-6.55,-7.71
000270,기아,2023-07-06,131667.0,89000,47.94,-8.3,-11.32
000270,기아,2023-07-07,138333.0,87900,57.38,-11.31,-13.69
000270,기아,2023-07-11,130000.0,88500,46.89,-10.75,-11.93
000270,기아,2023-07-28,126667.0,84200,50.44,-3.02,0.03
000270,기아,2023-07-28,125000.0,84200,48.46,-3.02,0.03
000270,기아,2023-07-28,133333.0,84200,58.35,-3.02,0.03
000270,기아,2023-07-28,126667.0,84200,50.44,-3.02,0.03
000270,기아,2023-07-28,128333.0,84200,52.41,-3.02,0.03
000270,기아,2023-07-28,113333.0,84200,34.6,-3.02,0.03
000270,기아,2023-07-28,126667.0,84200,50.44,-3.02,0.03
000270,기아,2023-07-28,126667.0,84200,50.44,-3.02,0.03
000270,기아,2023-07-28,126667.0,84200,50.44,-3.02,0.03
000270,기아,2023-10-04,131667.0,81900,60.77,-7.07,-5.6
000270,기아,2023-10-06,130000.0,85200,52.58,-7.85,-9.57
000270,기아,2023-10-11,133333.0,84500,57.79,-8.28,-6.16
000270,기아,2023-10-13,133333.0,84200,58.35,-8.22,-6.89
000270,기아,2023-10-17,128333.0,82300,55.93,-2.86,-3.84
000270,기아,2023-10-19,131667.0,84100,56.56,4.28,0.29
000270,기아,2023-10-30,121667.0,78100,55.78,10.01,-0.69
000270,기아,2023-10-30,128333.0,78100,64.32,10.01,-0.69
000270,기아,2023-10-30,126667.0,78100,62.19,10.01,-0.69
000270,기아,2023-10-30,125000.0,78100,60.05,10.01,-0.69
000270,기아,2023-10-30,118333.0,78100,51.52,10.01,-0.69
000270,기아,2023-10-30,120000.0,78100,53.65,10.01,-0.69
000270,기아,2023-10-30,120000.0,78100,53.65,10.01,-0.69
000270,기아,2023-10-30,135000.0,78100,72.86,10.01,-0.69
000270,기아,2023-10-30,125000.0,78100,60.05,10.01,-0.69
000270,기아,2023-10-30,125000.0,78100,60.05,10.01,-0.69
000270,기아,2023-11-13,116667.0,77000,51.52,11.76,7.57
000270,기아,2023-11-27,123333.0,84100,46.65,14.66,11.02
000270,기아,2023-11-28,123333.0,84600,45.78,16.28,10.9
000270,기아,2023-12-05,123333.0,84100,46.65,5.21,2.3
000270,기아,2023-12-19,125000.0,89300,39.98,-8.21,-2.47
000270,기아,2024-01-08,126667.0,88900,42.48,25.25,24.67
000270,기아,2024-01-11,120000.0,89700,33.78,32.73,27.8
000270,기아,2024-01-12,130000.0,88300,47.23,29.37,25.63
000270,기아,2024-01-16,125000.0,89800,39.2,31.74,23.0
000270,기아,2024-01-17,128333.0,87900,46.0,34.71,24.86
000270,기아,2024-01-26,113333.0,94400,20.06,17.82,11.75
000270,기아,2024-01-26,116667.0,94400,23.59,17.82,11.75
000270,기아,2024-01-26,116667.0,94400,23.59,17.82,11.75
000270,기아,2024-01-26,131667.0,94400,39.48,17.82,11.75
000270,기아,2024-01-26,135000.0,94400,43.01,17.82,11.75
000270,기아,2024-01-26,130000.0,94400,37.71,17.82,11.75
000270,기아,2024-01-26,121667.0,94400,28.88,17.82,11.75
000270,기아,2024-01-26,120000.0,94400,27.12,17.82,11.75
000270,기아,2024-01-26,125000.0,94400,32.42,17.82,11.75
000270,기아,2024-01-26,121667.0,94400,28.88,17.82,11.75
000270,기아,2024-01-26,120000.0,94400,27.12,17.82,11.75
000270,기아,2024-01-26,120000.0,94400,27.12,17.82,11.75
000270,기아,2024-01-26,120000.0,94400,27.12,17.82,11.75
000270,기아,2024-03-20,136667.0,115700,18.12,-4.58,1.34
000270,기아,2024-04-05,148333.0,105000,41.27,2.95,3.15
000270,기아,2024-04-08,143333.0,108500,32.1,5.65,4.82
000270,기아,2024-04-08,136667.0,108500,25.96,5.65,4.82
000270,기아,2024-04-08,130000.0,108500,19.82,5.65,4.82
000270,기아,2024-04-08,130000.0,108500,19.82,5.65,4.82
000270,기아,2024-04-08,130000.0,108500,19.82,5.65,4.82
000270,기아,2024-04-23,130000.0,115900,12.17,5.42,3.66
000270,기아,2024-04-29,135000.0,118300,14.12,-0.25,1.81
000270,기아,2024-04-29,140000.0,118300,18.34,-0.25,1.81
000270,기아,2024-04-29,141667.0,118300,19.75,-0.25,1.81
000270,기아,2024-04-29,145000.0,118300,22.57,-0.25,1.81
000270,기아,2024-04-29,148333.0,118300,25.39,-0.25,1.81
000270,기아,2024-04-29,153333.0,118300,29.61,-0.25,1.81
000270,기아,2024-04-29,150000.0,118300,26.8,-0.25,1.81
000270,기아,2024-04-29,148333.0,118300,25.39,-0.25,1.81
000270,기아,2024-04-29,143333.0,118300,21.16,-0.25,1.81
000270,기아,2024-04-29,141667.0,118300,19.75,-0.25,1.81
000270,기아,2024-04-29,145000.0,118300,22.57,-0.25,1.81
000270,기아,2024-04-29,153333.0,118300,29.61,-0.25,1.81
000270,기아,2024-07-04,155000.0,125600,23.41,-15.2,-8.7
000270,기아,2024-07-08,160000.0,124200,28.82,-16.16,-4.12
000270,기아,2024-07-09,160000.0,122500,30.61,-16.72,-6.28
000270,기아,2024-07-11,160000.0,122300,30.83,-15.99,-6.59
000270,기아,2024-07-23,158333.0,120500,31.4,-13.51,-11.66
000270,기아,2024-07-29,153333.0,113700,34.86,-6.27,-4.51
000270,기아,2024-07-29,156667.0,113700,37.79,-6.27,-4.51
000270,기아,2024-07-29,156667.0,113700,37.79,-6.27,-4.51
000270,기아,2024-07-29,161667.0,113700,42.19,-6.27,-4.51
000270,기아,2024-07-29,158333.0,113700,39.26,-6.27,-4.51
000270,기아,2024-07-29,155000.0,113700,36.32,-6.27,-4.51
000270,기아,2024-07-29,153333.0,113700,34.86,-6.27,-4.51
000270,기아,2024-07-29,168333.0,113700,48.05,-6.27,-4.51
000270,기아,2024-07-29,168333.0,113700,48.05,-6.27,-4.51
000270,기아,2024-07-30,166667.0,111600,49.34,-4.91,-0.99
000270,기아,2024-10-14,151667.0,100600,50.76,-7.82,-2.09
000270,기아,2024-10-16,151667.0,97800,55.08,-2.84,4.46
000270,기아,2024-10-22,143333.0,92500,54.95,5.48,10.0
000270,기아,2024-10-22,146667.0,92500,58.56,5.48,10.0
000270,기아,2024-10-28,143333.0,95500,50.09,3.84,7.56
000270,기아,2024-10-28,150000.0,95500,57.07,3.84,7.56
000270,기아,2024-10-28,146667.0,95500,53.58,3.84,7.56
000270,기아,2024-10-28,155000.0,95500,62.3,3.84,7.56
000270,기아,2024-10-28,158333.0,95500,65.79,3.84,7.56
000270,기아,2024-10-28,158333.0,95500,65.79,3.84,7.56
000270,기아,2024-10-28,153333.0,95500,60.56,3.84,7.56
000270,기아,2024-10-29,153333.0,93700,63.64,0.21,3.71
000270,기아,2024-11-04,153333.0,97400,57.43,1.03,4.01
000270,기아,2024-11-19,153333.0,95300,60.9,3.77,3.69
000270,기아,2024-12-04,140000.0,98100,42.71,5.43,3.37
000270,기아,2024-12-04,140000.0,98100,42.71,5.43,3.37
000270,기아,2024-12-04,136667.0,98100,39.31,5.43,3.37
000270,기아,2024-12-04,146667.0,98100,49.51,5.43,3.37
000270,기아,2024-12-04,150000.0,98100,52.91,5.43,3.37
000270,기아,2025-01-10,153333.0,105600,45.2,-9.87,-13.94
000270,기아,2025-01-13,146667.0,105400,39.15,-11.62,-16.15
000270,기아,2025-01-13,133333.0,105400,26.5,-11.62,-16.15
000270,기아,2025-01-14,126667.0,106700,18.71,-9.1,-14.31
000270,기아,2025-01-14,130000.0,106700,21.84,-9.1,-14.31
000270,기아,2025-01-31,136667.0,102000,33.99,-2.91,-5.97
000270,기아,2025-01-31,143333.0,102000,40.52,-2.91,-5.97
000270,기아,2025-01-31,151667.0,102000,48.69,-2.91,-5.97
000270,기아,2025-01-31,148333.0,102000,45.42,-2.91,-5.97
000270,기아,2025-01-31,148333.0,102000,45.42,-2.91,-5.97
000270,기아,2025-01-31,143333.0,102000,40.52,-2.91,-5.97
000270,기아,2025-01-31,146667.0,102000,43.79,-2.91,-5.97
000270,기아,2025-01-31,146667.0,102000,43.79,-2.91,-5.97
000270,기아,2025-01-31,143333.0,102000,40.52,-2.91,-5.97
000270,기아,2025-01-31,146667.0,102000,43.79,-2.91,-5.97
000270,기아,2025-03-17,146667.0,98800,48.45,-11.0,-5.83
000270,기아,2025-03-17,146667.0,98800,48.45,-11.0,-5.83
000270,기아,2025-03-21,143333.0,95700,49.77,-10.84,-5.38
000270,기아,2025-03-27,140000.0,97900,43.0,-7.45,-6.99
000270,기아,2025-04-08,135000.0,84300,60.14,10.26,-3.41
000270,기아,2025-04-10,135000.0,88200,53.06,12.68,4.14
000270,기아,2025-04-10,133333.0,88200,51.17,12.68,4.14
000270,기아,2025-04-10,138333.0,88200,56.84,12.68,4.14
000270,기아,2025-04-10,141667.0,88200,60.62,12.68,4.14
000270,기아,2025-04-11,136667.0,82000,66.67,9.88,3.14
000270,기아,2025-04-28,130000.0,88700,46.56,-1.32,-6.48
000270,기아,2025-04-28,121667.0,88700,37.17,-1.32,-6.48
000270,기아,2025-04-28,128333.0,88700,44.68,-1.32,-6.48
000270,기아,2025-04-28,133333.0,88700,50.32,-1.32,-6.48
000270,기아,2025-04-28,131667.0,88700,48.44,-1.32,-6.48
000270,기아,2025-04-28,131667.0,88700,48.44,-1.32,-6.48
000270,기아,2025-04-28,128333.0,88700,44.68,-1.32,-6.48
000270,기아,2025-04-28,126667.0,88700,42.8,-1.32,-6.48
000270,기아,2025-07-01,121667.0,98700,23.27,10.4,4.57
000270,기아,2025-07-07,120000.0,98600,21.7,2.32,-0.35
000270,기아,2025-07-08,118333.0,99100,19.41,2.21,0.15
000270,기아,2025-07-10,120000.0,100100,19.88,1.09,0.01
000270,기아,2025-07-10,121667.0,100100,21.55,1.09,0.01
000270,기아,2025-07-11,128333.0,100800,27.31,-1.36,-1.51
000270,기아,2025-07-14,126000.0,103000,22.33,1.8,2.59
000270,기아,2025-07-28,126000.0,105500,19.43,-2.08,-0.74
000270,기아,2025-07-28,124333.0,105500,17.85,-2.08,-0.74
000270,기아,2025-07-28,128333.0,105500,21.64,-2.08,-0.74
000270,기아,2025-07-28,136667.0,105500,29.54,-2.08,-0.74
000270,기아,2025-07-28,141667.0,105500,34.28,-2.08,-0.74
000270,기아,2025-07-28,136667.0,105500,29.54,-2.08,-0.74
000270,기아,2025-07-28,130000.0,105500,23.22,-2.08,-0.74
000270,기아,2025-07-28,125000.0,105500,18.48,-2.08,-0.74
000270,기아,2025-09-02,125000.0,107200,16.6,-5.98,-14.5
000270,기아,2025-10-02,123333.0,104200,18.36,9.44,-0.06
000270,기아,2025-10-13,122667.0,101100,21.33,13.17,-2.12
000270,기아,2025-10-14,124333.0,102500,21.3,14.26,0.78
000270,기아,2025-10-15,121000.0,103800,16.57,6.02,-5.25
000270,기아,2025-10-16,123333.0,111300,10.81,4.37,-2.64
000270,기아,2025-11-03,135000.0,117700,14.7,2.27,5.35
000270,기아,2025-11-03,140000.0,117700,18.95,2.27,5.35
000270,기아,2025-11-03,141667.0,117700,20.36,2.27,5.35
000270,기아,2025-11-03,148333.0,117700,26.03,2.27,5.35
000270,기아,2025-11-03,150000.0,117700,27.44,2.27,5.35
000270,기아,2025-11-03,153333.0,117700,30.27,2.27,5.35
000270,기아,2025-11-03,145000.0,117700,23.19,2.27,5.35
000270,기아,2025-11-03,141667.0,117700,20.36,2.27,5.35
000270,기아,2025-11-03,131667.0,117700,11.87,2.27,5.35
000270,기아,2025-11-24,140000.0,111100,26.01,8.09,1.37
105560,KB금융,2023-02-08,68333.0,55700,22.68,-8.3,-4.8
105560,KB금융,2023-02-08,71000.0,55700,27.47,-8.3,-4.8
105560,KB금융,2023-02-08,69333.0,55700,24.48,-8.3,-4.8
105560,KB금융,2023-02-08,70000.0,55700,25.67,-8.3,-4.8
105560,KB금융,2023-02-08,67333.0,55700,20.89,-8.3,-4.8
105560,KB금융,2023-02-08,69000.0,55700,23.88,-8.3,-4.8
105560,KB금융,2023-02-08,67000.0,55700,20.29,-8.3,-4.8
105560,KB금융,2023-03-30,69667.0,47200,47.6,3.88,2.89
105560,KB금융,2023-04-05,66333.0,47850,38.63,5.57,3.38
105560,KB금융,2023-04-11,65000.0,46950,38.45,3.62,6.57
105560,KB금융,2023-04-28,64000.0,49500,29.29,-5.45,-7.23
105560,KB금융,2023-04-28,68000.0,49500,37.37,-5.45,-7.23
105560,KB금융,2023-04-28,67333.0,49500,36.03,-5.45,-7.23
105560,KB금융,2023-04-28,64667.0,49500,30.64,-5.45,-7.23
105560,KB금융,2023-04-28,61667.0,49500,24.58,-5.45,-7.23
105560,KB금융,2023-04-28,61667.0,49500,24.58,-5.45,-7.23
105560,KB금융,2023-05-04,61667.0,48700,26.63,-1.73,-5.8
105560,KB금융,2023-06-21,60667.0,46900,29.35,0.84,0.59
105560,KB금융,2023-06-28,61667.0,48150,28.07,9.77,7.66
105560,KB금융,2023-06-30,61667.0,47750,29.14,4.83,3.67
105560,KB금융,2023-07-21,62667.0,48650,28.81,9.55,13.84
105560,KB금융,2023-07-26,65667.0,49600,32.39,1.55,4.8
105560,KB금융,2023-07-26,66000.0,49600,33.06,1.55,4.8
105560,KB금융,2023-07-26,64333.0,49600,29.7,1.55,4.8
105560,KB금융,2023-07-26,60333.0,49600,21.64,1.55,4.8
105560,KB금융,2023-07-26,61333.0,49600,23.66,1.55,4.8
105560,KB금융,2023-07-26,62667.0,49600,26.34,1.55,4.8
105560,KB금융,2023-07-26,63333.0,49600,27.69,1.55,4.8
105560,KB금융,2023-07-26,62333.0,49600,25.67,1.55,4.8
105560,KB금융,2023-07-26,62667.0,49600,26.34,1.55,4.8
105560,KB금융,2023-07-27,65333.0,51700,26.37,2.94,5.42
105560,KB금융,2023-08-11,67667.0,51600,31.14,6.2,7.54
105560,KB금융,2023-09-11,69333.0,55200,25.6,2.92,5.93
105560,KB금융,2023-10-10,69333.0,56600,22.5,-6.29,-5.13
105560,KB금융,2023-10-25,68667.0,54400,26.23,1.88,-7.51
105560,KB금융,2023-10-25,68000.0,54400,25.0,1.88,-7.51
105560,KB금융,2023-10-25,68667.0,54400,26.23,1.88,-7.51
105560,KB금융,2023-10-25,69333.0,54400,27.45,1.88,-7.51
105560,KB금융,2023-10-25,69667.0,54400,28.06,1.88,-7.51
105560,KB금융,2023-10-25,69000.0,54400,26.84,1.88,-7.51
105560,KB금융,2023-10-25,69667.0,54400,28.06,1.88,-7.51
105560,KB금융,2023-10-25,70667.0,54400,29.9,1.88,-7.51
105560,KB금융,2023-10-25,68333.0,54400,25.61,1.88,-7.51
105560,KB금융,2023-11-09,67667.0,53400,26.72,-3.18,-7.67
105560,KB금융,2024-01-12,66000.0,51000,29.41,30.43,26.69
105560,KB금융,2024-02-08,75000.0,67600,10.95,11.19,9.53
105560,KB금융,2024-02-08,78333.0,67600,15.88,11.19,9.53
105560,KB금융,2024-02-08,76333.0,67600,12.92,11.19,9.53
105560,KB금융,2024-02-08,76333.0,67600,12.92,11.19,9.53
105560,KB금융,2024-02-08,78667.0,67600,16.37,11.19,9.53
105560,KB금융,2024-02-08,79333.0,67600,17.36,11.19,9.53
105560,KB금융,2024-02-13,79000.0,69700,13.34,16.79,13.04
105560,KB금융,2024-02-13,78333.0,69700,12.39,16.79,13.04
105560,KB금융,2024-03-19,80667.0,72500,11.26,-13.28,-11.22
105560,KB금융,2024-04-09,86333.0,69100,24.94,19.47,18.72
105560,KB금융,2024-04-26,87333.0,76000,14.91,2.74,4.68
105560,KB금융,2024-04-26,88000.0,76000,15.79,2.74,4.68
105560,KB금융,2024-04-26,89000.0,76000,17.11,2.74,4.68
105560,KB금융,2024-04-26,92333.0,76000,21.49,2.74,4.68
105560,KB금융,2024-04-26,94000.0,76000,23.68,2.74,4.68
105560,KB금융,2024-04-26,88667.0,76000,16.67,2.74,4.68
105560,KB금융,2024-04-26,85667.0,76000,12.72,2.74,4.68
105560,KB금융,2024-05-09,86000.0,76600,12.27,-1.13,-0.32
105560,KB금융,2024-07-15,97667.0,85700,13.96,0.59,9.13
105560,KB금융,2024-07-24,105000.0,84600,24.11,3.33,3.66
105560,KB금융,2024-07-24,109667.0,84600,29.63,3.33,3.66
105560,KB금융,2024-07-24,110333.0,84600,30.42,3.33,3.66
105560,KB금융,2024-07-24,110333.0,84600,30.42,3.33,3.66
105560,KB금융,2024-07-24,106667.0,84600,26.08,3.33,3.66
105560,KB금융,2024-07-24,105000.0,84600,24.11,3.33,3.66
105560,KB금융,2024-07-24,103333.0,84600,22.14,3.33,3.66
105560,KB금융,2024-07-24,103000.0,84600,21.75,3.33,3.66
105560,KB금융,2024-07-24,106333.0,84600,25.69,3.33,3.66
105560,KB금융,2024-09-24,106333.0,82000,29.67,23.18,22.55
105560,KB금융,2024-09-27,108333.0,83800,29.28,11.62,13.05
105560,KB금융,2024-10-11,111667.0,91300,22.31,-4.63,-1.14
105560,KB금융,2024-10-25,118667.0,101000,17.49,1.87,4.86
105560,KB금융,2024-10-25,118667.0,101000,17.49,1.87,4.86
105560,KB금융,2024-10-25,117000.0,101000,15.84,1.87,4.86
105560,KB금융,2024-10-25,113333.0,101000,12.21,1.87,4.86
105560,KB금융,2024-10-25,115000.0,101000,13.86,1.87,4.86
105560,KB금융,2024-10-25,113667.0,101000,12.54,1.87,4.86
105560,KB금융,2024-10-25,112000.0,101000,10.89,1.87,4.86
105560,KB금융,2024-10-31,111333.0,90300,23.29,4.79,8.19
105560,KB금융,2024-11-04,114333.0,90700,26.06,11.21,14.19
105560,KB금융,2024-11-11,117000.0,92700,26.21,-10.14,-7.53
105560,KB금융,2025-01-13,119333.0,89300,33.63,-8.78,-13.31
105560,KB금융,2025-01-15,117667.0,89900,30.89,-9.07,-14.77
105560,KB금융,2025-02-06,120333.0,84900,41.74,-8.72,-10.64
105560,KB금융,2025-02-06,118667.0,84900,39.77,-8.72,-10.64
105560,KB금융,2025-02-06,117000.0,84900,37.81,-8.72,-10.64
105560,KB금융,2025-02-06,115000.0,84900,35.45,-8.72,-10.64
105560,KB금융,2025-02-06,116000.0,84900,36.63,-8.72,-10.64
105560,KB금융,2025-02-06,117667.0,84900,38.59,-8.72,-10.64
105560,KB금융,2025-02-06,116000.0,84900,36.63,-8.72,-10.64
105560,KB금융,2025-04-02,118667.0,80500,47.41,20.88,17.94
105560,KB금융,2025-04-09,118667.0,70900,67.37,22.0,15.32
105560,KB금융,2025-04-25,118667.0,86900,36.56,18.59,11.85
105560,KB금융,2025-04-25,111667.0,86900,28.5,18.59,11.85
105560,KB금융,2025-04-25,113333.0,86900,30.42,18.59,11.85
105560,KB금융,2025-04-25,112333.0,86900,29.27,18.59,11.85
105560,KB금융,2025-04-25,115667.0,86900,33.1,18.59,11.85
105560,KB금융,2025-04-25,114000.0,86900,31.19,18.59,11.85
105560,KB금융,2025-04-28,118667.0,86600,37.03,18.79,13.64
105560,KB금융,2025-04-28,117667.0,86600,35.87,18.79,13.64
105560,KB금융,2025-05-08,117667.0,94500,24.51,20.54,9.11
105560,KB금융,2025-06-19,120667.0,106700,13.09,6.48,0.98
105560,KB금융,2025-06-27,126667.0,110600,14.53,-0.36,-4.85
105560,KB금융,2025-07-04,136667.0,112100,21.91,-5.24,-8.13
105560,KB금융,2025-07-14,147333.0,118500,24.33,-4.6,-3.81
105560,KB금융,2025-07-25,152333.0,118800,28.23,-1.99,-1.05
105560,KB금융,2025-07-25,153000.0,118800,28.79,-1.99,-1.05
105560,KB금융,2025-07-25,144667.0,118800,21.77,-1.99,-1.05
105560,KB금융,2025-07-25,143333.0,118800,20.65,-1.99,-1.05
105560,KB금융,2025-07-25,138333.0,118800,16.44,-1.99,-1.05
105560,KB금융,2025-07-25,146667.0,118800,23.46,-1.99,-1.05
105560,KB금융,2025-07-25,145333.0,118800,22.33,-1.99,-1.05
105560,KB금융,2025-07-25,144667.0,118800,21.77,-1.99,-1.05
105560,KB금융,2025-07-25,139000.0,118800,17.0,-1.99,-1.05
105560,KB금융,2025-08-07,139000.0,115000,20.87,-5.99,-6.29
105560,KB금융,2025-10-10,144667.0,112800,28.25,15.59,1.96
105560,KB금융,2025-10-31,143667.0,116600,23.21,7.03,14.18
105560,KB금융,2025-10-31,146333.0,116600,25.5,7.03,14.18
105560,KB금융,2025-10-31,147333.0,116600,26.36,7.03,14.18
105560,KB금융,2025-10-31,146667.0,116600,25.79,7.03,14.18
105560,KB금융,2025-10-31,141667.0,116600,21.5,7.03,14.18
105560,KB금융,2025-10-31,142333.0,116600,22.07,7.03,14.18
105560,KB금융,2025-11-03,155333.0,118000,31.64,8.29,11.36
055550,신한지주,2023-02-09,51667.0,40000,29.17,-12.29,-9.89
055550,신한지주,2023-02-09,53000.0,40000,32.5,-12.29,-9.89
055550,신한지주,2023-02-09,50667.0,40000,26.67,-12.29,-9.89
055550,신한지주,2023-02-09,52333.0,40000,30.83,-12.29,-9.89
055550,신한지주,2023-02-09,50333.0,40000,25.83,-12.29,-9.89
055550,신한지주,2023-04-05,48667.0,35050,38.85,4.23,2.03
055550,신한지주,2023-04-11,45000.0,34650,29.87,-0.14,2.8
055550,신한지주,2023-04-28,46000.0,34950,31.62,-2.12,-3.89
055550,신한지주,2023-04-28,46667.0,34950,33.52,-2.12,-3.89
055550,신한지주,2023-04-28,45333.0,34950,29.71,-2.12,-3.89
055550,신한지주,2023-04-28,42667.0,34950,22.08,-2.12,-3.89
055550,신한지주,2023-04-28,42000.0,34950,20.17,-2.12,-3.89
055550,신한지주,2023-05-02,45000.0,35450,26.94,0.29,-3.71
055550,신한지주,2023-05-04,45000.0,35050,28.39,-1.54,-5.61
055550,신한지주,2023-06-20,45000.0,34600,30.06,-2.04,-3.04
055550,신한지주,2023-07-28,44667.0,34900,27.98,1.57,4.62
055550,신한지주,2023-07-28,45333.0,34900,29.89,1.57,4.62
055550,신한지주,2023-07-28,44333.0,34900,27.03,1.57,4.62
055550,신한지주,2023-07-28,42667.0,34900,22.25,1.57,4.62
055550,신한지주,2023-07-28,43667.0,34900,25.12,1.57,4.62
055550,신한지주,2023-07-28,44667.0,34900,27.98,1.57,4.62
055550,신한지주,2023-07-28,46000.0,34900,31.81,1.57,4.62
055550,신한지주,2023-07-28,44333.0,34900,27.03,1.57,4.62
055550,신한지주,2023-07-31,44333.0,35050,26.49,-1.53,2.44
055550,신한지주,2023-08-11,45333.0,34800,30.27,3.0,4.34
055550,신한지주,2023-09-26,46000.0,35600,29.21,-1.69,4.95
055550,신한지주,2023-10-30,48000.0,34100,40.76,6.47,-4.23
055550,신한지주,2023-10-30,46333.0,34100,35.87,6.47,-4.23
055550,신한지주,2023-10-30,47333.0,34100,38.81,6.47,-4.23
055550,신한지주,2023-10-30,44333.0,34100,30.01,6.47,-4.23
055550,신한지주,2023-10-30,43667.0,34100,28.05,6.47,-4.23
055550,신한지주,2023-10-30,43667.0,34100,28.05,6.47,-4.23
055550,신한지주,2023-10-30,44667.0,34100,30.99,6.47,-4.23
055550,신한지주,2023-10-30,46000.0,34100,34.9,6.47,-4.23
055550,신한지주,2023-10-30,44333.0,34100,30.01,6.47,-4.23
055550,신한지주,2023-11-02,44333.0,34500,28.5,4.3,-1.47
055550,신한지주,2023-11-09,43000.0,34800,23.56,3.82,-0.67
055550,신한지주,2024-01-12,44000.0,36650,20.05,17.74,14.0
055550,신한지주,2024-02-13,50333.0,44500,13.11,17.58,13.83
055550,신한지주,2024-02-13,54333.0,44500,22.1,17.58,13.83
055550,신한지주,2024-02-13,56000.0,44500,25.84,17.58,13.83
055550,신한지주,2024-02-13,55000.0,44500,23.6,17.58,13.83
055550,신한지주,2024-02-13,52000.0,44500,16.85,17.58,13.83
055550,신한지주,2024-02-13,50000.0,44500,12.36,17.58,13.83
055550,신한지주,2024-02-13,51000.0,44500,14.61,17.58,13.83
055550,신한지주,2024-03-19,53667.0,47850,12.16,-14.14,-12.08
055550,신한지주,2024-04-12,57000.0,41850,36.2,14.23,11.14
055550,신한지주,2024-04-29,58000.0,46850,23.8,1.07,3.13
055550,신한지주,2024-04-29,58500.0,46850,24.87,1.07,3.13
055550,신한지주,2024-04-29,59833.0,46850,27.71,1.07,3.13
055550,신한지주,2024-04-29,59833.0,46850,27.71,1.07,3.13
055550,신한지주,2024-04-29,60333.0,46850,28.78,1.07,3.13
055550,신한지주,2024-04-29,59667.0,46850,27.36,1.07,3.13
055550,신한지주,2024-05-09,59667.0,46500,28.32,-3.25,-2.43
055550,신한지주,2024-07-19,61667.0,53400,15.48,6.18,8.6
055550,신한지주,2024-07-29,70000.0,60700,15.32,-3.19,-1.43
055550,신한지주,2024-07-29,72000.0,60700,18.62,-3.19,-1.43
055550,신한지주,2024-07-29,71333.0,60700,17.52,-3.19,-1.43
055550,신한지주,2024-07-29,71667.0,60700,18.07,-3.19,-1.43
055550,신한지주,2024-07-29,71333.0,60700,17.52,-3.19,-1.43
055550,신한지주,2024-07-29,73333.0,60700,20.81,-3.19,-1.43
055550,신한지주,2024-07-29,72333.0,60700,19.17,-3.19,-1.43
055550,신한지주,2024-10-28,72667.0,56000,29.76,-4.23,-0.51
055550,신한지주,2024-10-28,73000.0,56000,30.36,-4.23,-0.51
055550,신한지주,2024-10-28,73667.0,56000,31.55,-4.23,-0.51
055550,신한지주,2024-10-28,74000.0,56000,32.14,-4.23,-0.51
055550,신한지주,2024-10-28,73667.0,56000,31.55,-4.23,-0.51
055550,신한지주,2024-10-28,73667.0,56000,31.55,-4.23,-0.51
055550,신한지주,2024-11-04,72667.0,54500,33.33,4.06,7.04
055550,신한지주,2024-11-11,72000.0,56500,27.43,-10.48,-7.88
055550,신한지주,2025-01-13,71333.0,50000,42.67,-2.12,-6.65
055550,신한지주,2025-02-07,73333.0,49250,48.9,-8.91,-9.55
055550,신한지주,2025-02-07,73000.0,49250,48.22,-8.91,-9.55
055550,신한지주,2025-02-07,75000.0,49250,52.28,-8.91,-9.55
055550,신한지주,2025-02-07,74333.0,49250,50.93,-8.91,-9.55
055550,신한지주,2025-02-07,74000.0,49250,50.25,-8.91,-9.55
055550,신한지주,2025-02-07,72667.0,49250,47.55,-8.91,-9.55
055550,신한지주,2025-02-18,72333.0,48450,49.29,-1.86,-0.57
055550,신한지주,2025-04-28,72333.0,49350,46.57,15.28,10.12
055550,신한지주,2025-04-28,71667.0,49350,45.22,15.28,10.12
055550,신한지주,2025-04-28,71667.0,49350,45.22,15.28,10.12
055550,신한지주,2025-04-28,73000.0,49350,47.92,15.28,10.12
055550,신한지주,2025-04-28,75000.0,49350,51.98,15.28,10.12
055550,신한지주,2025-04-30,71333.0,51400,38.78,16.99,8.75
055550,신한지주,2025-06-27,71000.0,60500,17.36,9.45,4.96
055550,신한지주,2025-07-04,72667.0,63000,15.34,-0.15,-3.04
055550,신한지주,2025-07-14,84333.0,71800,17.46,-1.13,-0.34
055550,신한지주,2025-07-28,91000.0,67200,35.42,-4.51,-3.16
055550,신한지주,2025-07-28,91667.0,67200,36.41,-4.51,-3.16
055550,신한지주,2025-07-28,91667.0,67200,36.41,-4.51,-3.16
055550,신한지주,2025-07-28,86667.0,67200,28.97,-4.51,-3.16
055550,신한지주,2025-07-28,89000.0,67200,32.44,-4.51,-3.16
055550,신한지주,2025-07-28,87667.0,67200,30.46,-4.51,-3.16
055550,신한지주,2025-07-30,89167.0,68900,29.41,-3.97,-2.14
055550,신한지주,2025-08-07,86833.0,69200,25.48,-6.94,-7.23
055550,신한지주,2025-10-29,86167.0,74400,15.82,6.82,9.27
055550,신한지주,2025-10-29,88000.0,74400,18.28,6.82,9.27
055550,신한지주,2025-10-29,91333.0,74400,22.76,6.82,9.27
055550,신한지주,2025-10-29,90333.0,74400,21.42,6.82,9.27
055550,신한지주,2025-10-29,92000.0,74400,23.66,6.82,9.27
055550,신한지주,2025-11-03,96333.0,74100,30.0,6.54,9.62
035720,카카오,2023-01-17,74000.0,61800,19.74,2.76,-0.74
035720,카카오,2023-01-18,70667.0,61600,14.72,5.59,2.45
035720,카카오,2023-02-13,73333.0,64300,14.05,-8.77,-5.28
035720,카카오,2023-02-13,79000.0,64300,22.86,-8.77,-5.28
035720,카카오,2023-02-13,84000.0,64300,30.64,-8.77,-5.28
035720,카카오,2023-02-13,82333.0,64300,28.05,-8.77,-5.28
035720,카카오,2023-02-13,80667.0,64300,25.45,-8.77,-5.28
035720,카카오,2023-02-13,79333.0,64300,23.38,-8.77,-5.28
035720,카카오,2023-02-13,81000.0,64300,25.97,-8.77,-5.28
035720,카카오,2023-02-16,78667.0,64200,22.53,-3.63,-0.7
035720,카카오,2023-03-03,80000.0,61000,31.15,-5.35,-5.74
035720,카카오,2023-03-14,81667.0,59400,37.49,-1.01,-8.19
035720,카카오,2023-04-10,82667.0,58100,42.28,-5.56,-3.33
035720,카카오,2023-04-18,81333.0,59000,37.85,-1.19,0.25
035720,카카오,2023-04-20,82000.0,57900,41.62,0.17,-0.74
035720,카카오,2023-05-08,81000.0,57700,40.38,-1.74,-5.75
035720,카카오,2023-05-08,80667.0,57700,39.8,-1.74,-5.75
035720,카카오,2023-05-08,76667.0,57700,32.87,-1.74,-5.75
035720,카카오,2023-05-08,76667.0,57700,32.87,-1.74,-5.75
035720,카카오,2023-05-08,76667.0,57700,32.87,-1.74,-5.75
035720,카카오,2023-05-08,76333.0,57700,32.29,-1.74,-5.75
035720,카카오,2023-05-08,78000.0,57700,35.18,-1.74,-5.75
035720,카카오,2023-05-08,77333.0,57700,34.03,-1.74,-5.75
035720,카카오,2023-05-08,79667.0,57700,38.07,-1.74,-5.75
035720,카카오,2023-05-09,79000.0,57500,37.39,-0.18,-5.97
035720,카카오,2023-06-09,75333.0,56400,33.57,-11.93,-7.79
035720,카카오,2023-07-07,73333.0,49850,47.11,5.72,3.34
035720,카카오,2023-07-11,73333.0,50700,44.64,2.33,1.14
035720,카카오,2023-07-13,75667.0,51900,45.79,-2.27,-0.86
035720,카카오,2023-07-14,75667.0,52800,43.31,-3.8,-1.96
035720,카카오,2023-07-17,71000.0,52700,34.72,-2.9,0.25
035720,카카오,2023-07-19,69667.0,50400,38.23,-4.06,-0.38
035720,카카오,2023-08-04,68000.0,51800,31.27,-7.21,-7.27
035720,카카오,2023-08-04,71667.0,51800,38.35,-7.21,-7.27
035720,카카오,2023-08-04,73000.0,51800,40.93,-7.21,-7.27
035720,카카오,2023-08-04,68333.0,51800,31.92,-7.21,-7.27
035720,카카오,2023-08-04,69333.0,51800,33.85,-7.21,-7.27
035720,카카오,2023-08-04,69667.0,51800,34.49,-7.21,-7.27
035720,카카오,2023-08-04,73333.0,51800,41.57,-7.21,-7.27
035720,카카오,2023-08-04,72333.0,51800,39.64,-7.21,-7.27
035720,카카오,2023-08-04,72000.0,51800,39.0,-7.21,-7.27
035720,카카오,2023-08-14,74667.0,50700,47.27,-4.97,-5.33
035720,카카오,2023-09-06,74667.0,49050,52.23,-10.46,-7.78
035720,카카오,2023-09-20,75000.0,47100,59.24,-17.52,-8.94
035720,카카오,2023-09-21,70667.0,45650,54.8,-16.2,-8.02
035720,카카오,2023-10-13,69000.0,43200,59.72,4.29,5.62
035720,카카오,2023-10-16,65667.0,43150,52.18,8.29,9.39
035720,카카오,2023-10-16,66333.0,43150,53.73,8.29,9.39
035720,카카오,2023-10-17,64667.0,42800,51.09,15.55,14.57
035720,카카오,2023-10-26,64000.0,37650,69.99,33.77,25.36
035720,카카오,2023-11-07,66000.0,43750,50.86,14.9,11.86
035720,카카오,2023-11-10,65000.0,45650,42.39,15.78,10.72
035720,카카오,2023-11-10,66000.0,45650,44.58,15.78,10.72
035720,카카오,2023-11-10,64333.0,45650,40.93,15.78,10.72
035720,카카오,2023-11-10,63000.0,45650,38.01,15.78,10.72
035720,카카오,2023-11-10,62667.0,45650,37.28,15.78,10.72
035720,카카오,2023-11-10,62667.0,45650,37.28,15.78,10.72
035720,카카오,2023-11-10,65000.0,45650,42.39,15.78,10.72
035720,카카오,2023-11-13,58333.0,45000,29.63,11.76,7.57
035720,카카오,2024-01-09,66667.0,58700,13.57,-9.12,-11.78
035720,카카오,2024-01-12,76000.0,60400,25.83,-10.15,-13.89
035720,카카오,2024-01-12,72667.0,60400,20.31,-10.15,-13.89
035720,카카오,2024-01-15,69667.0,61100,14.02,-0.67,-5.32
035720,카카오,2024-01-15,68667.0,61100,12.38,-0.67,-5.32
035720,카카오,2024-01-16,72000.0,59600,20.81,1.57,-7.17
035720,카카오,2024-02-16,73333.0,58400,25.57,-10.65,-9.75
035720,카카오,2024-02-16,73333.0,58400,25.57,-10.65,-9.75
035720,카카오,2024-02-16,72000.0,58400,23.29,-10.65,-9.75
035720,카카오,2024-02-16,71333.0,58400,22.15,-10.65,-9.75
035720,카카오,2024-02-16,71667.0,58400,22.72,-10.65,-9.75
035720,카카오,2024-02-16,75333.0,58400,29.0,-10.65,-9.75
035720,카카오,2024-02-16,76000.0,58400,30.14,-10.65,-9.75
035720,카카오,2024-02-16,77333.0,58400,32.42,-10.65,-9.75
035720,카카오,2024-02-19,68000.0,58200,16.84,-9.88,-11.1
035720,카카오,2024-02-19,67667.0,58200,16.27,-9.88,-11.1
035720,카카오,2024-02-19,70333.0,58200,20.85,-9.88,-11.1
035720,카카오,2024-03-25,78333.0,53800,45.6,-12.39,-9.44
035720,카카오,2024-04-01,79667.0,53800,48.08,-5.66,-3.14
035720,카카오,2024-04-02,75667.0,51200,47.79,-3.53,-2.41
035720,카카오,2024-04-04,73667.0,49300,49.43,2.15,1.02
035720,카카오,2024-04-04,72000.0,49300,46.04,2.15,1.02
035720,카카오,2024-04-05,72333.0,48750,48.38,-1.12,-0.92
035720,카카오,2024-04-16,69667.0,46750,49.02,-1.81,-7.92
035720,카카오,2024-05-10,69333.0,47800,45.05,-8.4,-8.44
035720,카카오,2024-05-10,68333.0,47800,42.96,-8.4,-8.44
035720,카카오,2024-05-10,68333.0,47800,42.96,-8.4,-8.44
035720,카카오,2024-05-10,68333.0,47800,42.96,-8.4,-8.44
035720,카카오,2024-05-10,68667.0,47800,43.65,-8.4,-8.44
035720,카카오,2024-05-10,70000.0,47800,46.44,-8.4,-8.44
035720,카카오,2024-05-10,70333.0,47800,47.14,-8.4,-8.44
035720,카카오,2024-05-10,73000.0,47800,52.72,-8.4,-8.44
035720,카카오,2024-05-10,72000.0,47800,50.63,-8.4,-8.44
035720,카카오,2024-05-10,71333.0,47800,49.23,-8.4,-8.44
035720,카카오,2024-06-10,64000.0,43100,48.49,-1.62,-7.61
035720,카카오,2024-07-04,62333.0,40300,54.67,-4.7,1.8
035720,카카오,2024-07-04,58667.0,40300,45.57,-4.7,1.8
035720,카카오,2024-07-09,60000.0,42450,41.34,-10.41,0.04
035720,카카오,2024-07-11,60000.0,42350,41.68,-12.43,-3.03
035720,카카오,2024-07-16,60667.0,40900,48.33,-10.68,-3.69
035720,카카오,2024-07-19,62333.0,41350,50.75,-11.08,-8.66
035720,카카오,2024-07-29,60000.0,39950,50.19,-4.87,-3.1
035720,카카오,2024-08-08,56000.0,38450,45.64,-8.11,-6.08
035720,카카오,2024-08-09,52000.0,37000,40.54,-8.22,-4.6
035720,카카오,2024-08-09,50333.0,37000,36.04,-8.22,-4.6
035720,카카오,2024-08-09,50667.0,37000,36.94,-8.22,-4.6
035720,카카오,2024-08-09,50667.0,37000,36.94,-8.22,-4.6
035720,카카오,2024-08-09,54667.0,37000,47.75,-8.22,-4.6
035720,카카오,2024-08-09,54667.0,37000,47.75,-8.22,-4.6
035720,카카오,2024-08-09,56333.0,37000,52.25,-8.22,-4.6
035720,카카오,2024-08-12,54667.0,37100,47.35,-5.36,-1.23
035720,카카오,2024-10-07,54667.0,36750,48.75,-1.22,-0.03
035720,카카오,2024-10-10,51333.0,37350,37.44,-6.42,-5.04
035720,카카오,2024-10-11,50000.0,37400,33.69,-7.67,-4.18
035720,카카오,2024-10-11,53000.0,37400,41.71,-7.67,-4.18
035720,카카오,2024-10-14,55000.0,36500,50.68,-11.69,-5.96
035720,카카오,2024-10-16,54667.0,37600,45.39,-12.18,-4.88
035720,카카오,2024-10-23,54667.0,37700,45.0,-6.14,-2.25
035720,카카오,2024-11-07,52000.0,36550,42.27,27.14,32.34
035720,카카오,2024-11-08,52333.0,35000,49.52,25.52,32.28
035720,카카오,2024-11-08,45667.0,35000,30.48,25.52,32.28
035720,카카오,2024-11-08,46000.0,35000,31.43,25.52,32.28
035720,카카오,2024-11-08,45667.0,35000,30.48,25.52,32.28
035720,카카오,2024-11-08,50000.0,35000,42.86,25.52,32.28
035720,카카오,2024-11-08,52333.0,35000,49.52,25.52,32.28
035720,카카오,2025-01-06,53000.0,39150,35.38,9.96,8.79
035720,카카오,2025-01-07,51333.0,38650,32.82,14.57,13.86
035720,카카오,2025-01-09,50000.0,37200,34.41,9.99,7.31
035720,카카오,2025-01-13,48667.0,36500,33.33,5.97,1.44
035720,카카오,2025-01-14,49333.0,36850,33.88,5.27,0.06
035720,카카오,2025-01-15,50333.0,37000,36.04,6.5,0.81
035720,카카오,2025-01-16,51333.0,36900,39.11,9.2,4.03
035720,카카오,2025-01-22,49667.0,36300,36.82,17.76,12.77
035720,카카오,2025-01-31,45000.0,38350,17.34,0.24,-2.82
035720,카카오,2025-02-14,51667.0,38750,33.33,12.68,12.6
035720,카카오,2025-02-14,51667.0,38750,33.33,12.68,12.6
035720,카카오,2025-02-14,52000.0,38750,34.19,12.68,12.6
035720,카카오,2025-02-14,51000.0,38750,31.61,12.68,12.6
035720,카카오,2025-02-14,49667.0,38750,28.17,12.68,12.6
035720,카카오,2025-02-14,51667.0,38750,33.33,12.68,12.6
035720,카카오,2025-02-14,51000.0,38750,31.61,12.68,12.6
035720,카카오,2025-02-14,52667.0,38750,35.91,12.68,12.6
035720,카카오,2025-02-14,50667.0,38750,30.75,12.68,12.6
035720,카카오,2025-02-21,54333.0,39900,36.17,6.7,7.81
035720,카카오,2025-02-24,56333.0,39550,42.44,7.92,7.41
035720,카카오,2025-03-06,57333.0,45100,27.12,-4.34,-0.52
035720,카카오,2025-03-07,55333.0,43750,26.48,-10.46,-1.04
035720,카카오,2025-03-18,53333.0,44000,21.21,-12.82,-5.92
035720,카카오,2025-03-19,52000.0,43300,20.09,-10.43,-4.11
035720,카카오,2025-04-14,51000.0,39000,30.77,-3.73,-9.77
035720,카카오,2025-04-15,51000.0,38850,31.27,-3.44,-9.82
035720,카카오,2025-04-17,57667.0,38200,50.96,-3.97,-9.7
035720,카카오,2025-05-08,57667.0,37000,55.86,35.32,23.89
035720,카카오,2025-05-09,56667.0,36950,53.36,34.91,23.41
035720,카카오,2025-05-09,56667.0,36950,53.36,34.91,23.41
035720,카카오,2025-05-09,57667.0,36950,56.07,34.91,23.41
035720,카카오,2025-05-09,57000.0,36950,54.26,34.91,23.41
035720,카카오,2025-05-09,50333.0,36950,36.22,34.91,23.41
035720,카카오,2025-05-09,50333.0,36950,36.22,34.91,23.41
035720,카카오,2025-05-09,51667.0,36950,39.83,34.91,23.41
035720,카카오,2025-05-09,51667.0,36950,39.83,34.91,23.41
035720,카카오,2025-05-09,51000.0,36950,38.02,34.91,23.41
035720,카카오,2025-05-09,51000.0,36950,38.02,34.91,23.41
035720,카카오,2025-07-09,72167.0,60500,19.28,4.61,3.21
035720,카카오,2025-07-14,72167.0,58300,23.79,11.36,12.15
035720,카카오,2025-08-01,78000.0,55500,40.54,7.04,6.26
035720,카카오,2025-08-07,81333.0,63600,27.88,-7.21,-7.51
035720,카카오,2025-08-08,78667.0,63800,23.3,-7.17,-8.83
035720,카카오,2025-08-08,79000.0,63800,23.82,-7.17,-8.83
035720,카카오,2025-08-08,77000.0,63800,20.69,-7.17,-8.83
035720,카카오,2025-08-08,79667.0,63800,24.87,-7.17,-8.83
035720,카카오,2025-08-08,75667.0,63800,18.6,-7.17,-8.83
035720,카카오,2025-08-08,77667.0,63800,21.73,-7.17,-8.83
035720,카카오,2025-08-08,75000.0,63800,17.55,-7.17,-8.83
035720,카카오,2025-08-08,75333.0,63800,18.08,-7.17,-8.83
035720,카카오,2025-08-08,75333.0,63800,18.08,-7.17,-8.83
035720,카카오,2025-08-11,85333.0,64200,32.92,-5.97,-9.87
035720,카카오,2025-08-27,89000.0,64100,38.85,-0.47,-9.07
035720,카카오,2025-09-01,95667.0,61200,56.32,0.51,-7.45
035720,카카오,2025-09-10,91333.0,59900,52.48,-2.17,-14.26
035720,카카오,2025-09-18,89000.0,64700,37.56,-11.64,-26.05
035720,카카오,2025-09-24,89000.0,62800,41.72,0.47,-17.27
035720,카카오,2025-09-24,84667.0,62800,34.82,0.47,-17.27
035720,카카오,2025-09-24,87000.0,62800,38.54,0.47,-17.27
035720,카카오,2025-09-24,82333.0,62800,31.1,0.47,-17.27
035720,카카오,2025-09-24,84333.0,62800,34.29,0.47,-17.27
035720,카카오,2025-09-24,78667.0,62800,25.27,0.47,-17.27
035720,카카오,2025-09-24,75333.0,62800,19.96,0.47,-17.27
035720,카카오,2025-10-01,74667.0,60000,24.44,1.85,-11.6
035720,카카오,2025-10-10,80000.0,62100,28.82,4.18,-9.45
035720,카카오,2025-10-14,83667.0,59600,40.38,7.77,-5.71
035720,카카오,2025-10-20,86667.0,58800,47.39,-7.7,-11.1
035720,카카오,2025-11-07,85333.0,62800,35.88,-0.48,-2.49
035720,카카오,2025-11-07,84667.0,62800,34.82,-0.48,-2.49
035720,카카오,2025-11-10,80000.0,62300,28.41,-5.15,-6.05
035720,카카오,2025-11-10,81667.0,62300,31.09,-5.15,-6.05
035720,카카오,2025-11-10,78000.0,62300,25.2,-5.15,-6.05
035720,카카오,2025-11-10,80333.0,62300,28.95,-5.15,-6.05
035720,카카오,2025-11-10,76333.0,62300,22.53,-5.15,-6.05
035720,카카오,2025-11-10,77000.0,62300,23.6,-5.15,-6.05
035720,카카오,2025-11-18,77667.0,57500,35.07,-2.06,-5.29
035420,네이버,2023-02-06,270667.0,215500,25.6,-7.74,-6.94
035420,네이버,2023-02-06,276333.0,215500,28.23,-7.74,-6.94
035420,네이버,2023-02-06,286333.0,215500,32.87,-7.74,-6.94
035420,네이버,2023-02-06,276667.0,215500,28.38,-7.74,-6.94
035420,네이버,2023-02-06,270000.0,215500,25.29,-7.74,-6.94
035420,네이버,2023-02-06,263333.0,215500,22.2,-7.74,-6.94
035420,네이버,2023-02-06,273333.0,215500,26.84,-7.74,-6.94
035420,네이버,2023-02-06,280000.0,215500,29.93,-7.74,-6.94
035420,네이버,2023-02-08,286667.0,230500,24.37,-13.13,-9.63
035420,네이버,2023-03-30,290000.0,201000,44.28,-4.8,-5.8
035420,네이버,2023-04-10,296667.0,193000,53.71,5.55,7.78
035420,네이버,2023-04-17,293000.0,197000,48.73,10.22,12.38
035420,네이버,2023-04-21,306333.0,190300,60.97,6.84,5.1
035420,네이버,2023-04-25,289667.0,186100,55.65,7.66,4.68
035420,네이버,2023-05-09,289667.0,211000,37.28,-4.52,-10.32
035420,네이버,2023-05-09,269667.0,211000,27.8,-4.52,-10.32
035420,네이버,2023-05-09,279667.0,211000,32.54,-4.52,-10.32
035420,네이버,2023-05-09,275000.0,211000,30.33,-4.52,-10.32
035420,네이버,2023-05-09,268333.0,211000,27.17,-4.52,-10.32
035420,네이버,2023-05-09,278333.0,211000,31.91,-4.52,-10.32
035420,네이버,2023-05-09,276667.0,211000,31.12,-4.52,-10.32
035420,네이버,2023-05-09,286667.0,211000,35.86,-4.52,-10.32
035420,네이버,2023-05-09,283333.0,211000,34.28,-4.52,-10.32
035420,네이버,2023-06-09,286667.0,200500,42.98,-3.64,0.49
035420,네이버,2023-07-07,286667.0,195000,47.01,21.38,19.0
035420,네이버,2023-07-07,286667.0,195000,47.01,21.38,19.0
035420,네이버,2023-07-11,293333.0,197400,48.6,12.62,11.44
035420,네이버,2023-07-13,310000.0,199700,55.23,8.56,9.97
035420,네이버,2023-07-14,303333.0,204500,48.33,7.02,8.86
035420,네이버,2023-08-07,316667.0,234500,35.04,-4.04,-3.62
035420,네이버,2023-08-07,300000.0,234500,27.93,-4.04,-3.62
035420,네이버,2023-08-07,306667.0,234500,30.77,-4.04,-3.62
035420,네이버,2023-08-07,289667.0,234500,23.53,-4.04,-3.62
035420,네이버,2023-08-07,266333.0,234500,13.57,-4.04,-3.62
035420,네이버,2023-08-07,266333.0,234500,13.57,-4.04,-3.62
035420,네이버,2023-08-07,263333.0,234500,12.3,-4.04,-3.62
035420,네이버,2023-08-07,281667.0,234500,20.11,-4.04,-3.62
035420,네이버,2023-08-07,285000.0,234500,21.54,-4.04,-3.62
035420,네이버,2023-08-14,288333.0,221000,30.47,-0.22,-0.58
035420,네이버,2023-08-25,288333.0,211000,36.65,-3.28,-1.41
035420,네이버,2023-08-25,284667.0,211000,34.91,-3.28,-1.41
035420,네이버,2023-08-25,301333.0,211000,42.81,-3.28,-1.41
035420,네이버,2023-08-25,306333.0,211000,45.18,-3.28,-1.41
035420,네이버,2023-08-28,303333.0,213500,42.08,-7.8,-4.3
035420,네이버,2023-08-29,286667.0,218000,31.5,-7.36,-3.6
035420,네이버,2023-10-10,290000.0,191200,51.67,2.28,3.44
035420,네이버,2023-10-16,310000.0,189700,63.42,5.36,6.45
035420,네이버,2023-10-16,300000.0,189700,58.14,5.36,6.45
035420,네이버,2023-10-17,296667.0,188500,57.38,10.31,9.33
035420,네이버,2023-10-18,279667.0,186300,50.12,11.91,8.91
035420,네이버,2023-11-06,289667.0,205500,40.96,6.23,4.18
035420,네이버,2023-11-06,289333.0,205500,40.79,6.23,4.18
035420,네이버,2023-11-06,284667.0,205500,38.52,6.23,4.18
035420,네이버,2023-11-06,254667.0,205500,23.93,6.23,4.18
035420,네이버,2023-11-06,255000.0,205500,24.09,6.23,4.18
035420,네이버,2023-11-06,263333.0,205500,28.14,6.23,4.18
035420,네이버,2023-11-06,283333.0,205500,37.88,6.23,4.18
035420,네이버,2023-11-06,283333.0,205500,37.88,6.23,4.18
035420,네이버,2023-11-07,283333.0,200500,41.31,8.16,5.11
035420,네이버,2023-11-29,310000.0,207500,49.4,9.38,4.07
035420,네이버,2024-01-08,326667.0,226500,44.22,-10.46,-11.04
035420,네이버,2024-01-09,323333.0,229500,40.89,-11.47,-14.13
035420,네이버,2024-01-09,300000.0,229500,30.72,-11.47,-14.13
035420,네이버,2024-01-10,286667.0,231000,24.1,-11.02,-14.17
035420,네이버,2024-01-12,286333.0,230500,24.22,-11.76,-15.5
035420,네이버,2024-01-15,293000.0,229500,27.67,-11.52,-16.17
035420,네이버,2024-02-05,286333.0,208000,37.66,-8.52,-12.56
035420,네이버,2024-02-05,290000.0,208000,39.42,-8.52,-12.56
035420,네이버,2024-02-05,283333.0,208000,36.22,-8.52,-12.56
035420,네이버,2024-02-05,286667.0,208000,37.82,-8.52,-12.56
035420,네이버,2024-02-05,283000.0,208000,36.06,-8.52,-12.56
035420,네이버,2024-02-05,289667.0,208000,39.26,-8.52,-12.56
035420,네이버,2024-02-05,293000.0,208000,40.87,-8.52,-12.56
035420,네이버,2024-02-05,263333.0,208000,26.6,-8.52,-12.56
035420,네이버,2024-02-05,280000.0,208000,34.62,-8.52,-12.56
035420,네이버,2024-02-05,283333.0,208000,36.22,-8.52,-12.56
035420,네이버,2024-02-05,313333.0,208000,50.64,-8.52,-12.56
035420,네이버,2024-02-05,293333.0,208000,41.03,-8.52,-12.56
035420,네이버,2024-03-25,276667.0,188000,47.16,-2.75,0.2
035420,네이버,2024-04-02,266667.0,192000,38.89,0.62,1.74
035420,네이버,2024-04-03,260000.0,193400,34.44,0.26,0.54
035420,네이버,2024-04-05,269667.0,193100,39.65,-0.84,-0.64
035420,네이버,2024-04-16,276333.0,179500,53.95,2.45,-3.66
035420,네이버,2024-04-17,276333.0,179600,53.86,1.38,-2.01
035420,네이버,2024-05-07,276667.0,194800,42.03,-8.12,-7.3
035420,네이버,2024-05-07,250000.0,194800,28.34,-8.12,-7.3
035420,네이버,2024-05-07,263333.0,194800,35.18,-8.12,-7.3
035420,네이버,2024-05-07,246667.0,194800,26.63,-8.12,-7.3
035420,네이버,2024-05-07,273333.0,194800,40.31,-8.12,-7.3
035420,네이버,2024-05-07,269667.0,194800,38.43,-8.12,-7.3
035420,네이버,2024-05-07,276333.0,194800,41.85,-8.12,-7.3
035420,네이버,2024-05-07,276333.0,194800,41.85,-8.12,-7.3
035420,네이버,2024-05-07,266667.0,194800,36.89,-8.12,-7.3
035420,네이버,2024-05-07,273333.0,194800,40.31,-8.12,-7.3
035420,네이버,2024-05-07,270000.0,194800,38.6,-8.12,-7.3
035420,네이버,2024-05-07,280000.0,194800,43.74,-8.12,-7.3
035420,네이버,2024-05-13,271667.0,184300,47.4,-7.86,-8.76
035420,네이버,2024-06-03,268333.0,172700,55.38,-9.62,-14.57
035420,네이버,2024-07-03,251667.0,159800,57.49,9.51,11.18
035420,네이버,2024-07-04,253333.0,159800,58.53,1.96,8.46
035420,네이버,2024-07-04,246667.0,159800,54.36,1.96,8.46
035420,네이버,2024-07-05,246667.0,168100,46.74,-8.45,6.12
035420,네이버,2024-07-08,240000.0,170500,40.76,-7.21,4.83
035420,네이버,2024-07-11,244667.0,176100,38.94,-6.35,3.05
035420,네이버,2024-07-25,246333.0,178000,38.39,-2.35,-1.11
035420,네이버,2024-08-09,253000.0,163700,54.55,-0.81,2.81
035420,네이버,2024-08-12,248333.0,160300,54.92,0.0,4.12
035420,네이버,2024-08-12,240000.0,160300,49.72,0.0,4.12
035420,네이버,2024-08-12,233333.0,160300,45.56,0.0,4.12
035420,네이버,2024-08-12,233333.0,160300,45.56,0.0,4.12
035420,네이버,2024-08-12,246667.0,160300,53.88,0.0,4.12
035420,네이버,2024-08-12,246667.0,160300,53.88,0.0,4.12
035420,네이버,2024-08-12,251333.0,160300,56.79,0.0,4.12
035420,네이버,2024-08-12,244667.0,160300,52.63,0.0,4.12
035420,네이버,2024-09-27,244667.0,170400,43.58,0.35,1.79
035420,네이버,2024-10-07,244667.0,166100,47.3,6.08,7.27
035420,네이버,2024-10-10,244667.0,172400,41.92,0.75,2.13
035420,네이버,2024-10-10,251333.0,172400,45.78,0.75,2.13
035420,네이버,2024-10-10,246667.0,172400,43.08,0.75,2.13
035420,네이버,2024-10-11,246667.0,173300,42.34,2.68,6.18
035420,네이버,2024-11-08,253333.0,174600,45.09,14.49,21.25
035420,네이버,2024-11-11,260000.0,176000,47.73,15.21,17.82
035420,네이버,2024-11-11,260000.0,176000,47.73,15.21,17.82
035420,네이버,2024-11-11,226667.0,176000,28.79,15.21,17.82
035420,네이버,2024-11-11,220000.0,176000,25.0,15.21,17.82
035420,네이버,2024-11-11,220000.0,176000,25.0,15.21,17.82
035420,네이버,2024-11-11,244667.0,176000,39.02,15.21,17.82
035420,네이버,2024-11-12,244667.0,181400,34.88,19.65,18.6
035420,네이버,2024-11-12,244667.0,181400,34.88,19.65,18.6
035420,네이버,2024-12-18,256667.0,212500,20.78,-2.39,-5.76
035420,네이버,2025-01-07,270000.0,208000,29.81,10.39,9.67
035420,네이버,2025-01-09,270000.0,202500,33.33,8.91,6.23
035420,네이버,2025-01-10,263333.0,202000,30.36,8.33,4.26
035420,네이버,2025-01-13,253333.0,204000,24.18,9.41,4.88
035420,네이버,2025-01-15,260000.0,206500,25.91,7.51,1.81
035420,네이버,2025-01-15,266667.0,206500,29.14,7.51,1.81
035420,네이버,2025-01-16,268000.0,206500,29.78,5.98,0.81
035420,네이버,2025-01-24,271333.0,204000,33.01,-4.39,-5.0
035420,네이버,2025-02-10,271333.0,227500,19.27,-6.35,-7.75
035420,네이버,2025-02-10,281667.0,227500,23.81,-6.35,-7.75
035420,네이버,2025-02-10,281667.0,227500,23.81,-6.35,-7.75
035420,네이버,2025-02-10,281667.0,227500,23.81,-6.35,-7.75
035420,네이버,2025-02-10,276667.0,227500,21.61,-6.35,-7.75
035420,네이버,2025-02-10,280000.0,227500,23.08,-6.35,-7.75
035420,네이버,2025-02-10,260000.0,227500,14.29,-6.35,-7.75
035420,네이버,2025-02-10,266667.0,227500,17.22,-6.35,-7.75
035420,네이버,2025-02-10,270000.0,227500,18.68,-6.35,-7.75
035420,네이버,2025-02-10,293333.0,227500,28.94,-6.35,-7.75
035420,네이버,2025-02-10,283333.0,227500,24.54,-6.35,-7.75
035420,네이버,2025-03-06,280000.0,219000,27.85,-7.14,-3.31
035420,네이버,2025-03-06,283333.0,219000,29.38,-7.14,-3.31
035420,네이버,2025-03-07,293333.0,213000,37.72,-10.79,-1.37
035420,네이버,2025-03-11,300000.0,212500,41.18,-17.34,-6.42
035420,네이버,2025-03-18,296667.0,209000,41.95,-11.35,-4.45
035420,네이버,2025-03-19,293333.0,208000,41.03,-11.73,-5.41
035420,네이버,2025-04-10,293333.0,183900,59.51,4.48,-4.06
035420,네이버,2025-04-14,286667.0,182700,56.91,2.12,-3.91
035420,네이버,2025-04-21,286667.0,187500,52.89,-5.47,-9.71
035420,네이버,2025-04-21,286667.0,187500,52.89,-5.47,-9.71
035420,네이버,2025-04-21,283333.0,187500,51.11,-5.47,-9.71
035420,네이버,2025-04-24,260000.0,191500,35.77,-3.0,-7.86
035420,네이버,2025-05-12,260000.0,190200,36.7,5.69,-6.26
035420,네이버,2025-05-12,265000.0,190200,39.33,5.69,-6.26
035420,네이버,2025-05-12,285000.0,190200,49.84,5.69,-6.26
035420,네이버,2025-05-12,281667.0,190200,48.09,5.69,-6.26
035420,네이버,2025-05-12,276667.0,190200,45.46,5.69,-6.26
035420,네이버,2025-05-12,256667.0,190200,34.95,5.69,-6.26
035420,네이버,2025-05-12,263333.0,190200,38.45,5.69,-6.26
035420,네이버,2025-05-12,273333.0,190200,43.71,5.69,-6.26
035420,네이버,2025-05-12,296667.0,190200,55.98,5.69,-6.26
035420,네이버,2025-05-12,293333.0,190200,54.22,5.69,-6.26
035420,네이버,2025-05-12,286667.0,190200,50.72,5.69,-6.26
035420,네이버,2025-05-21,293333.0,184800,58.73,58.3,42.07
035420,네이버,2025-05-30,290000.0,187500,54.67,35.12,21.19
035420,네이버,2025-06-10,300000.0,200000,50.0,26.37,18.57
035420,네이버,2025-07-02,323333.0,252000,28.31,-7.11,-11.26
035420,네이버,2025-07-07,330000.0,256000,28.91,-10.08,-12.74
035420,네이버,2025-07-08,330000.0,258000,27.91,-10.04,-12.09
035420,네이버,2025-07-09,326667.0,254000,28.61,-9.25,-10.64
035420,네이버,2025-08-08,320000.0,229500,39.43,3.59,1.93
035420,네이버,2025-08-11,326667.0,223000,46.49,4.71,0.8
035420,네이버,2025-08-11,330000.0,223000,47.98,4.71,0.8
035420,네이버,2025-08-11,336667.0,223000,50.97,4.71,0.8
035420,네이버,2025-08-11,330000.0,223000,47.98,4.71,0.8
035420,네이버,2025-08-11,326667.0,223000,46.49,4.71,0.8
035420,네이버,2025-08-11,300000.0,223000,34.53,4.71,0.8
035420,네이버,2025-08-11,286667.0,223000,28.55,4.71,0.8
035420,네이버,2025-08-11,296667.0,223000,33.03,4.71,0.8
035420,네이버,2025-08-11,320000.0,223000,43.5,4.71,0.8
035420,네이버,2025-08-14,330000.0,224500,46.99,3.54,-3.7
035420,네이버,2025-09-18,323333.0,238500,35.57,5.56,-8.85
035420,네이버,2025-09-29,323333.0,274500,17.79,-0.56,-20.92
035420,네이버,2025-09-30,353333.0,268500,31.6,9.43,-6.44
035420,네이버,2025-10-10,350000.0,267500,30.84,-0.95,-14.59
035420,네이버,2025-10-14,350000.0,258000,35.66,1.93,-11.55
035420,네이버,2025-10-20,300000.0,258000,16.28,-2.16,-5.56
035420,네이버,2025-11-03,323333.0,274500,17.79,-8.99,-5.91
035420,네이버,2025-11-05,350000.0,278500,25.67,-6.44,-6.49
035420,네이버,2025-11-06,373333.0,264000,41.41,-4.04,-7.74
035420,네이버,2025-11-06,360000.0,264000,36.36,-4.04,-7.74
035420,네이버,2025-11-06,340000.0,264000,28.79,-4.04,-7.74
035420,네이버,2025-11-06,343333.0,264000,30.05,-4.04,-7.74
035420,네이버,2025-11-06,343333.0,264000,30.05,-4.04,-7.74
035420,네이버,2025-11-06,346667.0,264000,31.31,-4.04,-7.74
035420,네이버,2025-11-06,353333.0,264000,33.84,-4.04,-7.74
035420,네이버,2025-11-18,370000.0,249000,48.59,-7.04,-10.27
035420,네이버,2025-11-28,353333.0,244000,44.81,-0.21,-7.7
035420,네이버,2025-11-28,353333.0,244000,44.81,-0.21,-7.7
035420,네이버,2025-11-28,350000.0,244000,43.44,-0.21,-7.7
051910,LG화학,2023-02-01,836667.0,688000,21.61,3.99,5.49
051910,LG화학,2023-02-01,886667.0,688000,28.88,3.99,5.49
051910,LG화학,2023-02-01,883333.0,688000,28.39,3.99,5.49
051910,LG화학,2023-02-01,846667.0,688000,23.06,3.99,5.49
051910,LG화학,2023-02-01,816667.0,688000,18.7,3.99,5.49
051910,LG화학,2023-02-17,820000.0,689000,19.01,1.5,4.22
051910,LG화학,2023-03-08,846667.0,715000,18.41,0.85,-0.81
051910,LG화학,2023-03-15,866667.0,721000,20.2,9.86,2.14
051910,LG화학,2023-03-28,893333.0,704000,26.89,3.12,1.45
051910,LG화학,2023-04-18,910000.0,825000,10.3,-11.65,-10.2
051910,LG화학,2023-04-28,903333.0,740000,22.07,-7.91,-9.68
051910,LG화학,2023-04-28,903333.0,740000,22.07,-7.91,-9.68
051910,LG화학,2023-04-28,936667.0,740000,26.58,-7.91,-9.68
051910,LG화학,2023-04-28,953333.0,740000,28.83,-7.91,-9.68
051910,LG화학,2023-04-28,1023000.0,740000,38.24,-7.91,-9.68
051910,LG화학,2023-04-28,989667.0,740000,33.74,-7.91,-9.68
051910,LG화학,2023-04-28,1006333.0,740000,35.99,-7.91,-9.68
051910,LG화학,2023-05-03,960000.0,726000,32.23,-1.09,-5.67
051910,LG화학,2023-07-12,993333.0,653000,52.12,-5.37,-5.77
051910,LG화학,2023-07-28,966667.0,650000,48.72,-13.58,-10.53
051910,LG화학,2023-07-28,883333.0,650000,35.9,-13.58,-10.53
051910,LG화학,2023-07-28,826667.0,650000,27.18,-13.58,-10.53
051910,LG화학,2023-07-28,826667.0,650000,27.18,-13.58,-10.53
051910,LG화학,2023-07-28,886667.0,650000,36.41,-13.58,-10.53
051910,LG화학,2023-07-28,943333.0,650000,45.13,-13.58,-10.53
051910,LG화학,2023-07-28,936667.0,650000,44.1,-13.58,-10.53
051910,LG화학,2023-07-28,886667.0,650000,36.41,-13.58,-10.53
051910,LG화학,2023-07-31,820000.0,648000,26.54,-12.06,-8.09
051910,LG화학,2023-09-26,793333.0,505000,57.1,-13.19,-6.56
051910,LG화학,2023-10-11,750000.0,518000,44.79,-11.63,-9.5
051910,LG화학,2023-10-17,750000.0,516000,45.35,-5.14,-6.12
051910,LG화학,2023-10-31,706667.0,440000,60.61,16.94,7.45
051910,LG화학,2023-10-31,723333.0,440000,64.39,16.94,7.45
051910,LG화학,2023-10-31,676667.0,440000,53.79,16.94,7.45
051910,LG화학,2023-10-31,686667.0,440000,56.06,16.94,7.45
051910,LG화학,2023-10-31,660000.0,440000,50.0,16.94,7.45
051910,LG화학,2023-10-31,676667.0,440000,53.79,16.94,7.45
051910,LG화학,2023-10-31,640000.0,440000,45.45,16.94,7.45
051910,LG화학,2024-01-15,650000.0,438500,48.23,11.92,7.27
051910,LG화학,2024-01-16,680000.0,432000,57.41,23.38,14.64
051910,LG화학,2024-02-01,650000.0,430000,51.16,-4.23,-5.23
051910,LG화학,2024-02-01,623333.0,430000,44.96,-4.23,-5.23
051910,LG화학,2024-02-01,556667.0,430000,29.46,-4.23,-5.23
051910,LG화학,2024-02-01,606667.0,430000,41.09,-4.23,-5.23
051910,LG화학,2024-02-01,583333.0,430000,35.66,-4.23,-5.23
051910,LG화학,2024-02-01,600000.0,430000,39.53,-4.23,-5.23
051910,LG화학,2024-02-01,566667.0,430000,31.78,-4.23,-5.23
051910,LG화학,2024-02-01,576667.0,430000,34.11,-4.23,-5.23
051910,LG화학,2024-02-08,526667.0,470500,11.94,-4.46,-6.12
051910,LG화학,2024-03-14,543333.0,440000,23.48,-8.47,-8.6
051910,LG화학,2024-03-15,566667.0,431000,31.48,-13.18,-10.34
051910,LG화학,2024-04-09,666667.0,395000,68.78,1.03,0.29
051910,LG화학,2024-04-15,650000.0,394500,64.77,4.19,-0.22
051910,LG화학,2024-04-23,577667.0,372000,55.29,3.93,2.17
051910,LG화학,2024-05-02,494333.0,405000,22.06,-10.53,-9.99
051910,LG화학,2024-05-02,501000.0,405000,23.7,-10.53,-9.99
051910,LG화학,2024-05-02,556667.0,405000,37.45,-10.53,-9.99
051910,LG화학,2024-05-02,573333.0,405000,41.56,-10.53,-9.99
051910,LG화학,2024-05-02,573333.0,405000,41.56,-10.53,-9.99
051910,LG화학,2024-06-28,580000.0,345500,67.87,-13.36,-11.98
051910,LG화학,2024-07-02,553333.0,353000,56.75,-15.14,-14.3
051910,LG화학,2024-07-09,583333.0,362500,60.92,-18.54,-8.09
051910,LG화학,2024-07-10,560000.0,356000,57.3,-24.56,-12.98
051910,LG화학,2024-07-17,503333.0,335500,50.02,-12.29,-7.79
051910,LG화학,2024-07-26,456667.0,307000,48.75,3.57,6.33
051910,LG화학,2024-07-26,456667.0,307000,48.75,3.57,6.33
051910,LG화학,2024-07-26,480000.0,307000,56.35,3.57,6.33
051910,LG화학,2024-07-26,441667.0,307000,43.87,3.57,6.33
051910,LG화학,2024-07-26,408333.0,307000,33.01,3.57,6.33
051910,LG화학,2024-08-27,488333.0,319000,53.08,13.72,17.31
051910,LG화학,2024-09-04,536667.0,324000,65.64,10.26,9.43
051910,LG화학,2024-09-11,566667.0,315500,79.61,2.5,1.65
051910,LG화학,2024-09-27,503333.0,357500,40.79,-12.06,-10.63
051910,LG화학,2024-10-15,470000.0,342000,37.43,-14.75,-7.34
051910,LG화학,2024-10-29,473333.0,318500,48.61,-6.08,-2.59
051910,LG화학,2024-10-29,466667.0,318500,46.52,-6.08,-2.59
051910,LG화학,2024-10-29,456667.0,318500,43.38,-6.08,-2.59
051910,LG화학,2024-10-29,440000.0,318500,38.15,-6.08,-2.59
051910,LG화학,2024-10-29,456667.0,318500,43.38,-6.08,-2.59
051910,LG화학,2024-10-29,466667.0,318500,46.52,-6.08,-2.59
051910,LG화학,2024-10-29,473333.0,318500,48.61,-6.08,-2.59
051910,LG화학,2025-01-21,443333.0,240500,84.34,1.02,-2.25
051910,LG화학,2025-02-04,406667.0,213000,90.92,5.19,2.53
051910,LG화학,2025-02-04,350000.0,213000,64.32,5.19,2.53
051910,LG화학,2025-02-04,330000.0,213000,54.93,5.19,2.53
051910,LG화학,2025-02-04,323333.0,213000,51.8,5.19,2.53
051910,LG화학,2025-02-04,330000.0,213000,54.93,5.19,2.53
051910,LG화학,2025-02-04,390000.0,213000,83.1,5.19,2.53
051910,LG화학,2025-02-04,380000.0,213000,78.4,5.19,2.53
051910,LG화학,2025-03-19,380000.0,242000,57.02,-14.01,-7.69
051910,LG화학,2025-04-03,320000.0,223000,43.5,-9.37,-13.76
051910,LG화학,2025-04-08,400000.0,211500,89.13,3.44,-10.23
051910,LG화학,2025-05-02,383333.0,210000,82.54,-3.12,-12.38
051910,LG화학,2025-05-02,366667.0,210000,74.6,-3.12,-12.38
051910,LG화학,2025-05-02,290000.0,210000,38.1,-3.12,-12.38
051910,LG화학,2025-05-02,296667.0,210000,41.27,-3.12,-12.38
051910,LG화학,2025-05-02,303333.0,210000,44.44,-3.12,-12.38
051910,LG화학,2025-07-08,310000.0,254500,21.81,15.77,13.71
051910,LG화학,2025-07-09,313333.0,260000,20.51,6.75,5.36
051910,LG화학,2025-07-11,316667.0,272000,16.42,1.46,1.31
051910,LG화학,2025-07-11,316667.0,272000,16.42,1.46,1.31
051910,LG화학,2025-07-15,383333.0,273000,40.42,6.07,4.88
051910,LG화학,2025-07-21,386667.0,287000,34.73,-1.9,-0.65
051910,LG화학,2025-08-08,400000.0,276500,44.67,5.59,3.92
051910,LG화학,2025-08-08,356667.0,276500,28.99,5.59,3.92
051910,LG화학,2025-08-08,363333.0,276500,31.4,5.59,3.92
051910,LG화학,2025-08-08,353333.0,276500,27.79,5.59,3.92
051910,LG화학,2025-08-08,350000.0,276500,26.58,5.59,3.92
051910,LG화학,2025-08-08,320000.0,276500,15.73,5.59,3.92
051910,LG화학,2025-09-09,376667.0,293000,28.56,2.44,-7.9
051910,LG화학,2025-11-03,493333.0,393000,25.53,-5.95,-2.87
051910,LG화학,2025-11-03,486667.0,393000,23.83,-5.95,-2.87
051910,LG화학,2025-11-03,486667.0,393000,23.83,-5.95,-2.87
051910,LG화학,2025-11-03,466667.0,393000,18.74,-5.95,-2.87
051910,LG화학,2025-11-03,473333.0,393000,20.44,-5.95,-2.87
352820,HYBE,2023-02-10,218667.0,195300,11.96,-8.1,-3.87
352820,HYBE,2023-02-13,241667.0,189000,27.87,-14.11,-10.62
352820,HYBE,2023-02-13,288333.0,189000,52.56,-14.11,-10.62
352820,HYBE,2023-02-13,281667.0,189000,49.03,-14.11,-10.62
352820,HYBE,2023-02-22,266667.0,187700,42.07,-0.11,0.88
352820,HYBE,2023-02-22,266667.0,187700,42.07,-0.11,0.88
352820,HYBE,2023-02-22,273333.0,187700,45.62,-0.11,0.88
352820,HYBE,2023-02-22,266667.0,187700,42.07,-0.11,0.88
352820,HYBE,2023-02-22,220000.0,187700,17.21,-0.11,0.88
352820,HYBE,2023-02-22,220000.0,187700,17.21,-0.11,0.88
352820,HYBE,2023-02-22,226667.0,187700,20.76,-0.11,0.88
352820,HYBE,2023-04-24,333333.0,259000,28.7,2.5,-0.14
352820,HYBE,2023-04-24,331333.0,259000,27.93,2.5,-0.14
352820,HYBE,2023-05-03,344667.0,294500,17.03,-9.4,-13.98
352820,HYBE,2023-05-03,331333.0,294500,12.51,-9.4,-13.98
352820,HYBE,2023-05-03,343333.0,294500,16.58,-9.4,-13.98
352820,HYBE,2023-05-03,325000.0,294500,10.36,-9.4,-13.98
352820,HYBE,2023-05-03,325000.0,294500,10.36,-9.4,-13.98
352820,HYBE,2023-05-03,325000.0,294500,10.36,-9.4,-13.98
352820,HYBE,2023-05-03,335000.0,294500,13.75,-9.4,-13.98
352820,HYBE,2023-05-03,335000.0,294500,13.75,-9.4,-13.98
352820,HYBE,2023-05-30,338333.0,276000,22.58,2.01,3.06
352820,HYBE,2023-06-29,343333.0,279500,22.84,-8.17,-9.89
352820,HYBE,2023-07-04,343333.0,286000,20.05,-10.16,-11.61
352820,HYBE,2023-07-10,335000.0,267000,25.47,0.74,0.29
352820,HYBE,2023-07-11,330000.0,270000,22.22,-1.33,-2.51
352820,HYBE,2023-07-18,335000.0,264500,26.65,-9.11,-5.72
352820,HYBE,2023-07-19,340000.0,263500,29.03,-12.08,-8.4
352820,HYBE,2023-07-21,345000.0,256500,34.5,-9.92,-5.63
352820,HYBE,2023-08-09,335000.0,259500,29.09,-4.29,-2.22
352820,HYBE,2023-08-09,335000.0,259500,29.09,-4.29,-2.22
352820,HYBE,2023-08-09,325000.0,259500,25.24,-4.29,-2.22
352820,HYBE,2023-08-09,335000.0,259500,29.09,-4.29,-2.22
352820,HYBE,2023-08-09,335000.0,259500,29.09,-4.29,-2.22
352820,HYBE,2023-08-09,338333.0,259500,30.38,-4.29,-2.22
352820,HYBE,2023-08-09,333333.0,259500,28.45,-4.29,-2.22
352820,HYBE,2023-10-10,328333.0,223500,46.91,-5.25,-4.09
352820,HYBE,2023-10-20,321667.0,224500,43.28,-15.55,-21.24
352820,HYBE,2023-10-20,321667.0,224500,43.28,-15.55,-21.24
352820,HYBE,2023-11-03,321667.0,216000,48.92,-8.13,-8.63
352820,HYBE,2023-11-03,330000.0,216000,52.78,-8.13,-8.63
352820,HYBE,2023-11-03,333333.0,216000,54.32,-8.13,-8.63
352820,HYBE,2023-11-03,338333.0,216000,56.64,-8.13,-8.63
352820,HYBE,2023-11-03,333333.0,216000,54.32,-8.13,-8.63
352820,HYBE,2023-11-03,326667.0,216000,51.23,-8.13,-8.63
352820,HYBE,2023-11-15,326667.0,211000,54.82,13.38,11.13
352820,HYBE,2023-11-22,330000.0,200000,65.0,8.73,5.34
352820,HYBE,2023-11-28,330000.0,213000,54.93,8.6,3.23
352820,HYBE,2023-12-28,330000.0,233500,41.33,-15.32,-8.92
352820,HYBE,2024-01-16,320000.0,228500,40.04,-6.71,-15.45
352820,HYBE,2024-02-13,320000.0,205500,55.72,-8.47,-12.22
352820,HYBE,2024-02-27,310000.0,202000,53.47,13.37,9.84
352820,HYBE,2024-02-27,303333.0,202000,50.17,13.37,9.84
352820,HYBE,2024-02-27,300000.0,202000,48.51,13.37,9.84
352820,HYBE,2024-02-27,306667.0,202000,51.82,13.37,9.84
352820,HYBE,2024-02-27,320000.0,202000,58.42,13.37,9.84
352820,HYBE,2024-02-27,320000.0,202000,58.42,13.37,9.84
352820,HYBE,2024-02-27,318333.0,202000,57.59,13.37,9.84
352820,HYBE,2024-02-27,313333.0,202000,55.12,13.37,9.84
352820,HYBE,2024-03-28,320000.0,229000,39.74,-10.87,-8.71
352820,HYBE,2024-04-05,325000.0,224000,45.09,-7.88,-7.68
352820,HYBE,2024-04-16,325000.0,223000,45.74,-12.69,-18.81
352820,HYBE,2024-04-16,318333.0,223000,42.75,-12.69,-18.81
352820,HYBE,2024-04-18,315000.0,228500,37.86,-18.96,-24.04
352820,HYBE,2024-04-30,320000.0,202000,58.42,0.25,0.29
352820,HYBE,2024-05-03,316667.0,203500,55.61,-2.93,-1.29
352820,HYBE,2024-05-03,306667.0,203500,50.7,-2.93,-1.29
352820,HYBE,2024-05-03,300000.0,203500,47.42,-2.93,-1.29
352820,HYBE,2024-05-03,306667.0,203500,50.7,-2.93,-1.29
352820,HYBE,2024-05-03,320000.0,203500,57.25,-2.93,-1.29
352820,HYBE,2024-05-03,321667.0,203500,58.07,-2.93,-1.29
352820,HYBE,2024-05-03,328333.0,203500,61.34,-2.93,-1.29
352820,HYBE,2024-06-03,325000.0,200500,62.09,-1.5,-6.46
352820,HYBE,2024-06-04,325000.0,200000,62.5,1.26,-3.78
352820,HYBE,2024-07-05,315000.0,197400,59.57,-13.35,1.22
352820,HYBE,2024-07-08,308333.0,196300,57.07,-11.79,0.25
352820,HYBE,2024-07-12,293333.0,189700,54.63,-8.55,-0.07
352820,HYBE,2024-07-16,286667.0,186300,53.87,-10.63,-3.64
352820,HYBE,2024-08-02,290000.0,180800,60.4,6.06,-3.08
352820,HYBE,2024-08-08,296667.0,183800,61.41,-4.18,-2.15
352820,HYBE,2024-08-08,296667.0,183800,61.41,-4.18,-2.15
352820,HYBE,2024-08-08,293333.0,183800,59.59,-4.18,-2.15
352820,HYBE,2024-08-08,296667.0,183800,61.41,-4.18,-2.15
352820,HYBE,2024-08-08,300000.0,183800,63.22,-4.18,-2.15
352820,HYBE,2024-08-08,290000.0,183800,57.78,-4.18,-2.15
352820,HYBE,2024-08-08,290000.0,183800,57.78,-4.18,-2.15
352820,HYBE,2024-08-29,290000.0,187500,54.67,-5.91,-2.0
352820,HYBE,2024-10-04,296667.0,173500,70.99,16.71,18.0
352820,HYBE,2024-10-11,296667.0,176100,68.46,8.52,12.01
352820,HYBE,2024-10-14,286667.0,184300,55.54,5.26,10.99
352820,HYBE,2024-11-06,280000.0,202000,38.61,-4.47,0.32
352820,HYBE,2024-11-06,280000.0,202000,38.61,-4.47,0.32
352820,HYBE,2024-11-06,280000.0,202000,38.61,-4.47,0.32
352820,HYBE,2024-11-06,290000.0,202000,43.56,-4.47,0.32
352820,HYBE,2024-11-11,275000.0,200000,37.5,1.65,4.26
352820,HYBE,2024-12-04,278333.0,196800,41.43,7.41,5.35
352820,HYBE,2025-01-09,263333.0,201500,30.69,14.85,12.17
352820,HYBE,2025-01-10,278333.0,215500,29.16,15.89,11.81
352820,HYBE,2025-01-20,275000.0,220500,24.72,12.84,7.79
352820,HYBE,2025-01-23,286667.0,217000,32.1,18.51,15.16
352820,HYBE,2025-02-26,293333.0,253000,15.94,-8.38,-5.95
352820,HYBE,2025-02-26,306667.0,253000,21.21,-8.38,-5.95
352820,HYBE,2025-02-26,310000.0,253000,22.53,-8.38,-5.95
352820,HYBE,2025-02-26,310000.0,253000,22.53,-8.38,-5.95
352820,HYBE,2025-02-26,306667.0,253000,21.21,-8.38,-5.95
352820,HYBE,2025-02-26,310000.0,253000,22.53,-8.38,-5.95
352820,HYBE,2025-02-27,306667.0,262500,16.83,-8.54,-6.5
352820,HYBE,2025-04-09,306667.0,215000,42.64,16.34,9.66
352820,HYBE,2025-04-09,310000.0,215000,44.19,16.34,9.66
352820,HYBE,2025-04-10,313333.0,229500,36.53,21.68,13.14
352820,HYBE,2025-04-11,313333.0,226000,38.64,22.65,15.91
352820,HYBE,2025-04-21,306667.0,230000,33.33,23.86,19.62
352820,HYBE,2025-04-30,310000.0,267000,16.1,6.24,-2.01
352820,HYBE,2025-04-30,316667.0,267000,18.6,6.24,-2.01
352820,HYBE,2025-04-30,320000.0,267000,19.85,6.24,-2.01
352820,HYBE,2025-04-30,320000.0,267000,19.85,6.24,-2.01
352820,HYBE,2025-04-30,320000.0,267000,19.85,6.24,-2.01
352820,HYBE,2025-04-30,323333.0,267000,21.1,6.24,-2.01
352820,HYBE,2025-04-30,316667.0,267000,18.6,6.24,-2.01
352820,HYBE,2025-06-23,345000.0,303000,13.86,-12.8,-14.94
352820,HYBE,2025-06-24,371667.0,312500,18.93,-13.85,-16.28
352820,HYBE,2025-07-10,375000.0,274500,36.61,7.38,6.3
352820,HYBE,2025-07-10,373333.0,274500,36.0,7.38,6.3
352820,HYBE,2025-07-14,366667.0,272500,34.56,4.06,4.85
352820,HYBE,2025-07-14,373333.0,272500,37.0,4.06,4.85
352820,HYBE,2025-07-15,376667.0,271000,38.99,4.88,3.69
352820,HYBE,2025-08-07,370000.0,277500,33.33,0.34,0.05
352820,HYBE,2025-08-07,350000.0,277500,26.13,0.34,0.05
352820,HYBE,2025-08-07,356667.0,277500,28.53,0.34,0.05
352820,HYBE,2025-08-07,360000.0,277500,29.73,0.34,0.05
352820,HYBE,2025-08-07,373333.0,277500,34.53,0.34,0.05
352820,HYBE,2025-08-07,366667.0,277500,32.13,0.34,0.05
352820,HYBE,2025-08-07,370000.0,277500,33.33,0.34,0.05
352820,HYBE,2025-08-07,356667.0,277500,28.53,0.34,0.05
352820,HYBE,2025-10-13,356667.0,284000,25.59,5.16,-10.13
352820,HYBE,2025-10-13,363333.0,284000,27.93,5.16,-10.13
352820,HYBE,2025-10-13,373333.0,284000,31.46,5.16,-10.13
352820,HYBE,2025-10-21,373333.0,281000,32.86,2.13,0.95
352820,HYBE,2025-10-30,365000.0,324500,12.48,-12.17,-7.77
352820,HYBE,2025-10-31,378333.0,341000,10.95,-14.74,-7.6
352820,HYBE,2025-11-11,388333.0,285500,36.02,2.75,3.12
352820,HYBE,2025-11-11,390000.0,285500,36.6,2.75,3.12
352820,HYBE,2025-11-11,393333.0,285500,37.77,2.75,3.12
352820,HYBE,2025-11-11,393333.0,285500,37.77,2.75,3.12
352820,HYBE,2025-11-11,396667.0,285500,38.94,2.75,3.12
352820,HYBE,2025-11-11,393333.0,285500,37.77,2.75,3.12
352820,HYBE,2025-11-17,391667.0,294500,32.99,0.68,-0.47
352820,HYBE,2025-12-18,401667.0,305500,31.48,15.15,-6.97
329180,HD현대중공업,2023-02-08,149667.0,107800,38.84,-11.31,-7.81
329180,HD현대중공업,2023-04-18,142667.0,105400,35.36,2.64,4.08
329180,HD현대중공업,2023-04-28,142667.0,109600,30.17,5.33,3.56
329180,HD현대중공업,2023-04-28,142667.0,109600,30.17,5.33,3.56
329180,HD현대중공업,2023-04-28,146333.0,109600,33.52,5.33,3.56
329180,HD현대중공업,2023-05-24,146000.0,120300,21.36,9.62,8.55
329180,HD현대중공업,2023-07-28,158667.0,135700,16.92,-4.51,-1.45
329180,HD현대중공업,2023-07-28,164000.0,135700,20.85,-4.51,-1.45
329180,HD현대중공업,2023-07-28,169000.0,135700,24.54,-4.51,-1.45
329180,HD현대중공업,2023-10-19,170000.0,111600,52.33,1.46,-2.54
329180,HD현대중공업,2023-10-27,168333.0,110000,53.03,15.11,7.1
329180,HD현대중공업,2023-10-27,155000.0,110000,40.91,15.11,7.1
329180,HD현대중공업,2023-10-27,153000.0,110000,39.09,15.11,7.1
329180,HD현대중공업,2023-10-27,154667.0,110000,40.61,15.11,7.1
329180,HD현대중공업,2024-01-15,159667.0,121200,31.74,-7.49,-12.14
329180,HD현대중공업,2024-01-23,159667.0,119000,34.17,-5.11,-13.13
329180,HD현대중공업,2024-02-07,158000.0,113600,39.08,0.54,-1.81
329180,HD현대중공업,2024-02-07,159667.0,113600,40.55,0.54,-1.81
329180,HD현대중공업,2024-02-07,155333.0,113600,36.74,0.54,-1.81
329180,HD현대중공업,2024-03-25,153333.0,124700,22.96,6.46,9.41
329180,HD현대중공업,2024-04-15,151667.0,118300,28.21,16.25,11.84
329180,HD현대중공업,2024-04-26,158333.0,139500,13.5,-6.18,-4.24
329180,HD현대중공업,2024-04-26,161333.0,139500,15.65,-6.18,-4.24
329180,HD현대중공업,2024-04-26,161333.0,139500,15.65,-6.18,-4.24
329180,HD현대중공업,2024-04-26,162667.0,139500,16.61,-6.18,-4.24
329180,HD현대중공업,2024-05-17,161667.0,130200,24.17,4.29,3.5
329180,HD현대중공업,2024-05-17,161667.0,130200,24.17,4.29,3.5
329180,HD현대중공업,2024-07-08,169333.0,152000,11.4,34.51,46.55
329180,HD현대중공업,2024-07-10,180333.0,155300,16.12,37.32,48.89
329180,HD현대중공업,2024-07-26,228667.0,207500,10.2,-8.22,-5.46
329180,HD현대중공업,2024-08-30,235333.0,193800,21.43,-3.56,-0.92
329180,HD현대중공업,2024-10-07,234000.0,178900,30.8,0.78,1.97
329180,HD현대중공업,2024-10-14,236000.0,185700,27.09,6.64,12.37
329180,HD현대중공업,2024-11-01,241000.0,174200,38.35,20.57,25.77
329180,HD현대중공업,2024-11-01,243000.0,174200,39.49,20.57,25.77
329180,HD현대중공업,2024-11-11,249000.0,212000,17.45,5.84,8.45
329180,HD현대중공업,2025-01-20,377667.0,308500,22.42,-8.72,-13.77
329180,HD현대중공업,2025-01-21,377667.0,327000,15.49,-1.91,-5.18
329180,HD현대중공업,2025-02-07,378667.0,311000,21.76,-1.16,-1.81
329180,HD현대중공업,2025-02-07,367667.0,311000,18.22,-1.16,-1.81
329180,HD현대중공업,2025-02-07,364333.0,311000,17.15,-1.16,-1.81
329180,HD현대중공업,2025-02-18,396667.0,331500,19.66,-13.54,-12.26
329180,HD현대중공업,2025-03-27,400000.0,276500,44.67,43.93,44.39
329180,HD현대중공업,2025-04-11,405000.0,342500,18.25,19.86,13.12
329180,HD현대중공업,2025-04-16,398333.0,353000,12.84,8.47,3.15
329180,HD현대중공업,2025-04-25,482667.0,403000,19.77,1.5,-5.24
329180,HD현대중공업,2025-04-25,482667.0,403000,19.77,1.5,-5.24
329180,HD현대중공업,2025-04-25,472667.0,403000,17.29,1.5,-5.24
329180,HD현대중공업,2025-04-28,450000.0,399500,12.64,0.5,-4.66
329180,HD현대중공업,2025-04-28,503333.0,399500,25.99,0.5,-4.66
329180,HD현대중공업,2025-05-23,503333.0,389000,29.39,5.94,-11.6
329180,HD현대중공업,2025-05-28,520667.0,397500,30.99,5.67,-7.23
329180,HD현대중공업,2025-07-01,503000.0,420500,19.62,15.58,9.75
329180,HD현대중공업,2025-07-07,543000.0,377500,43.84,19.13,16.46
329180,HD현대중공업,2025-07-08,542333.0,389500,39.24,18.1,16.05
329180,HD현대중공업,2025-07-08,506667.0,389500,30.08,18.1,16.05
329180,HD현대중공업,2025-07-16,486667.0,401500,21.21,19.1,18.06
329180,HD현대중공업,2025-07-16,503333.0,401500,25.36,19.1,18.06
329180,HD현대중공업,2025-08-01,543333.0,476500,14.03,10.9,10.11
329180,HD현대중공업,2025-08-01,564333.0,476500,18.43,10.9,10.11
329180,HD현대중공업,2025-08-01,577333.0,476500,21.16,10.9,10.11
329180,HD현대중공업,2025-08-01,570667.0,476500,19.76,10.9,10.11
329180,HD현대중공업,2025-08-01,579667.0,476500,21.65,10.9,10.11
329180,HD현대중공업,2025-08-04,586667.0,463500,26.57,8.84,9.26
329180,HD현대중공업,2025-08-28,623333.0,503000,23.92,-5.48,-11.76
329180,HD현대중공업,2025-10-02,640000.0,528000,21.21,1.17,-8.34
329180,HD현대중공업,2025-10-02,656000.0,528000,24.24,1.17,-8.34
329180,HD현대중공업,2025-10-13,662667.0,517000,28.18,7.66,-7.63
329180,HD현대중공업,2025-10-15,666000.0,507000,31.36,11.81,0.55
329180,HD현대중공업,2025-10-22,676667.0,581000,16.47,1.04,-3.1
329180,HD현대중공업,2025-10-28,710333.0,594000,19.58,-6.89,-3.94
329180,HD현대중공업,2025-11-04,737000.0,567000,29.98,1.14,0.34
329180,HD현대중공업,2025-11-04,753667.0,567000,32.92,1.14,0.34
329180,HD현대중공업,2025-11-04,750000.0,567000,32.28,1.14,0.34
012450,한화에어로스페이스,2023-04-20,128333.0,109709,16.98,4.13,3.22
012450,한화에어로스페이스,2023-04-28,139333.0,104616,33.19,0.37,-1.4
012450,한화에어로스페이스,2023-04-28,137667.0,104616,31.59,0.37,-1.4
012450,한화에어로스페이스,2023-04-28,139000.0,104616,32.87,0.37,-1.4
012450,한화에어로스페이스,2023-05-30,138333.0,107570,28.6,18.0,19.05
012450,한화에어로스페이스,2023-07-28,168333.0,117654,43.07,-7.28,-4.23
012450,한화에어로스페이스,2023-09-21,170000.0,111237,52.83,-7.75,0.43
012450,한화에어로스페이스,2023-10-16,154333.0,103291,49.42,27.42,28.51
012450,한화에어로스페이스,2023-11-01,138333.0,115617,19.65,9.1,0.9
012450,한화에어로스페이스,2023-11-01,132667.0,115617,14.75,9.1,0.9
012450,한화에어로스페이스,2023-11-03,138333.0,122238,13.17,13.64,13.14
012450,한화에어로스페이스,2023-11-28,147667.0,121729,21.31,1.14,-4.24
012450,한화에어로스페이스,2024-02-26,190000.0,169301,12.23,24.51,19.56
012450,한화에어로스페이스,2024-03-22,231667.0,205769,12.59,16.22,20.4
012450,한화에어로스페이스,2024-04-08,251333.0,215955,16.38,4.31,3.48
012450,한화에어로스페이스,2024-04-15,258000.0,213918,20.61,-1.42,-5.83
012450,한화에어로스페이스,2024-04-15,284333.0,213918,32.92,-1.42,-5.83
012450,한화에어로스페이스,2024-05-02,284333.0,224614,26.59,-2.09,-1.55
012450,한화에어로스페이스,2024-05-02,276667.0,224614,23.17,-2.09,-1.55
012450,한화에어로스페이스,2024-05-02,272000.0,224614,21.1,-2.09,-1.55
012450,한화에어로스페이스,2024-05-02,269000.0,224614,19.76,-2.09,-1.55
012450,한화에어로스페이스,2024-05-02,276667.0,224614,23.17,-2.09,-1.55
012450,한화에어로스페이스,2024-05-02,273333.0,224614,21.69,-2.09,-1.55
012450,한화에어로스페이스,2024-05-28,263333.0,227160,15.92,7.8,3.81
012450,한화에어로스페이스,2024-07-16,314000.0,274529,14.38,12.0,18.99
012450,한화에어로스페이스,2024-08-01,344333.0,309163,11.38,0.35,0.17
012450,한화에어로스페이스,2024-08-01,360000.0,309163,16.44,0.35,0.17
012450,한화에어로스페이스,2024-08-01,363333.0,309163,17.52,0.35,0.17
012450,한화에어로스페이스,2024-08-01,356667.0,309163,15.37,0.35,0.17
012450,한화에어로스페이스,2024-08-01,353333.0,309163,14.29,0.35,0.17
012450,한화에어로스페이스,2024-08-01,356000.0,309163,15.15,0.35,0.17
012450,한화에어로스페이스,2024-08-08,361000.0,298976,20.75,-4.45,-2.42
012450,한화에어로스페이스,2024-08-28,369333.0,295411,25.02,3.17,6.95
012450,한화에어로스페이스,2024-10-10,394333.0,345139,14.25,13.18,14.56
012450,한화에어로스페이스,2024-10-16,416000.0,376650,10.45,2.67,9.97
012450,한화에어로스페이스,2024-11-01,451000.0,372711,21.01,-12.53,-7.34
012450,한화에어로스페이스,2024-11-01,453333.0,372711,21.63,-12.53,-7.34
012450,한화에어로스페이스,2024-11-01,466667.0,372711,25.21,-12.53,-7.34
012450,한화에어로스페이스,2024-11-01,450000.0,372711,20.74,-12.53,-7.34
012450,한화에어로스페이스,2024-11-01,453333.0,372711,21.63,-12.53,-7.34
012450,한화에어로스페이스,2024-11-01,440000.0,372711,18.05,-12.53,-7.34
012450,한화에어로스페이스,2024-11-01,460000.0,372711,23.42,-12.53,-7.34
012450,한화에어로스페이스,2024-11-04,466667.0,361387,29.13,-6.49,-3.51
012450,한화에어로스페이스,2024-11-12,486667.0,407175,19.52,-25.87,-26.92
012450,한화에어로스페이스,2024-12-16,466667.0,315105,48.1,25.2,22.49
012450,한화에어로스페이스,2025-01-16,473333.0,387974,22.0,68.63,63.46
012450,한화에어로스페이스,2025-01-16,493333.0,387974,27.16,68.63,63.46
012450,한화에어로스페이스,2025-01-20,510000.0,371726,37.2,70.99,65.94
012450,한화에어로스페이스,2025-01-20,533333.0,371726,43.47,70.99,65.94
012450,한화에어로스페이스,2025-01-21,503333.0,383542,31.23,74.81,71.54
012450,한화에어로스페이스,2025-02-12,593333.0,512047,15.87,36.63,37.28
012450,한화에어로스페이스,2025-02-12,683333.0,512047,33.45,36.63,37.28
012450,한화에어로스페이스,2025-02-12,691667.0,512047,35.08,36.63,37.28
012450,한화에어로스페이스,2025-02-12,678333.0,512047,32.47,36.63,37.28
012450,한화에어로스페이스,2025-02-12,648333.0,512047,26.62,36.63,37.28
012450,한화에어로스페이스,2025-02-12,633333.0,512047,23.69,36.63,37.28
012450,한화에어로스페이스,2025-02-12,633333.0,512047,23.69,36.63,37.28
012450,한화에어로스페이스,2025-02-12,610000.0,512047,19.13,36.63,37.28
012450,한화에어로스페이스,2025-02-14,623333.0,524848,18.76,32.41,32.34
012450,한화에어로스페이스,2025-04-09,753333.0,680431,10.71,8.65,1.97
012450,한화에어로스페이스,2025-04-09,866667.0,680431,27.37,8.65,1.97
012450,한화에어로스페이스,2025-04-11,893333.0,767085,16.46,3.79,-2.95
012450,한화에어로스페이스,2025-04-14,960000.0,779887,23.09,9.08,3.05
012450,한화에어로스페이스,2025-05-02,980000.0,805489,21.67,3.26,-5.99
012450,한화에어로스페이스,2025-05-02,973333.0,805489,20.84,3.26,-5.99
012450,한화에어로스페이스,2025-05-02,1040000.0,805489,29.11,3.26,-5.99
012450,한화에어로스페이스,2025-05-02,1020000.0,805489,26.63,3.26,-5.99
012450,한화에어로스페이스,2025-05-02,1030000.0,805489,27.87,3.26,-5.99
012450,한화에어로스페이스,2025-05-02,996667.0,805489,23.73,3.26,-5.99
012450,한화에어로스페이스,2025-05-02,1010000.0,805489,25.39,3.26,-5.99
012450,한화에어로스페이스,2025-05-14,1020000.0,807458,26.32,19.84,7.43
012450,한화에어로스페이스,2025-07-09,1026667.0,850000,20.78,9.26,7.87
012450,한화에어로스페이스,2025-08-01,1166667.0,939000,24.25,-0.53,-1.31
012450,한화에어로스페이스,2025-08-01,1233333.0,939000,31.35,-0.53,-1.31
012450,한화에어로스페이스,2025-08-01,1350000.0,939000,43.77,-0.53,-1.31
012450,한화에어로스페이스,2025-08-01,1293333.0,939000,37.74,-0.53,-1.31
012450,한화에어로스페이스,2025-08-01,1286667.0,939000,37.03,-0.53,-1.31
012450,한화에어로스페이스,2025-08-01,1236667.0,939000,31.7,-0.53,-1.31
012450,한화에어로스페이스,2025-08-01,1280000.0,939000,36.32,-0.53,-1.31
012450,한화에어로스페이스,2025-08-01,1280000.0,939000,36.32,-0.53,-1.31
012450,한화에어로스페이스,2025-08-29,1313333.0,884000,48.57,15.61,6.44
012450,한화에어로스페이스,2025-09-22,1286667.0,1022000,25.9,-0.8,-15.83
012450,한화에어로스페이스,2025-09-23,1260000.0,1004000,25.5,-6.14,-23.68
012450,한화에어로스페이스,2025-10-15,1236667.0,954000,29.63,2.14,-9.13
012450,한화에어로스페이스,2025-10-31,1276667.0,979000,30.41,-21.98,-14.84
012450,한화에어로스페이스,2025-11-04,1326667.0,1010000,31.35,-8.84,-9.64
012450,한화에어로스페이스,2025-11-04,1326667.0,1010000,31.35,-8.84,-9.64
012450,한화에어로스페이스,2025-11-04,1286667.0,1010000,27.39,-8.84,-9.64
012450,한화에어로스페이스,2025-11-04,1323333.0,1010000,31.02,-8.84,-9.64
012450,한화에어로스페이스,2025-11-04,1323333.0,1010000,31.02,-8.84,-9.64
012450,한화에어로스페이스,2025-11-04,1356667.0,1010000,34.32,-8.84,-9.64
012450,한화에어로스페이스,2025-11-04,1296667.0,1010000,28.38,-8.84,-9.64
012450,한화에어로스페이스,2025-11-04,1353333.0,1010000,33.99,-8.84,-9.64
012450,한화에어로스페이스,2025-11-13,1360000.0,956000,42.26,0.63,-3.25
259960,크래프톤,2023-01-19,196667.0,172500,14.01,1.16,-1.5
259960,크래프톤,2023-01-31,206667.0,179300,15.26,-6.63,-5.73
259960,크래프톤,2023-02-09,233333.0,181000,28.91,-7.68,-5.29
259960,크래프톤,2023-02-09,240000.0,181000,32.6,-7.68,-5.29
259960,크래프톤,2023-02-09,226667.0,181000,25.23,-7.68,-5.29
259960,크래프톤,2023-02-09,216667.0,181000,19.71,-7.68,-5.29
259960,크래프톤,2023-02-09,206667.0,181000,14.18,-7.68,-5.29
259960,크래프톤,2023-02-09,220000.0,181000,21.55,-7.68,-5.29
259960,크래프톤,2023-02-09,220000.0,181000,21.55,-7.68,-5.29
259960,크래프톤,2023-02-09,230000.0,181000,27.07,-7.68,-5.29
259960,크래프톤,2023-03-24,220000.0,173000,27.17,9.21,4.46
259960,크래프톤,2023-04-07,220000.0,183500,19.89,9.56,10.18
259960,크래프톤,2023-04-25,230000.0,191500,20.1,-2.88,-5.86
259960,크래프톤,2023-04-25,226667.0,191500,18.36,-2.88,-5.86
259960,크래프톤,2023-05-10,236667.0,200500,18.04,2.87,-2.69
259960,크래프톤,2023-05-10,236667.0,200500,18.04,2.87,-2.69
259960,크래프톤,2023-05-10,253333.0,200500,26.35,2.87,-2.69
259960,크래프톤,2023-05-10,260000.0,200500,29.68,2.87,-2.69
259960,크래프톤,2023-05-10,260000.0,200500,29.68,2.87,-2.69
259960,크래프톤,2023-05-11,266667.0,198800,34.14,1.25,-5.32
259960,크래프톤,2023-05-22,260000.0,200500,29.68,2.11,1.09
259960,크래프톤,2023-05-24,266667.0,186900,42.68,8.8,7.72
259960,크래프톤,2023-06-30,263333.0,194800,35.18,-11.67,-12.83
259960,크래프톤,2023-07-10,266667.0,175200,52.21,-5.97,-6.42
259960,크래프톤,2023-07-14,260000.0,194600,33.61,-15.53,-13.7
259960,크래프톤,2023-07-14,253333.0,194600,30.18,-15.53,-13.7
259960,크래프톤,2023-08-10,250000.0,161100,55.18,-6.19,-4.87
259960,크래프톤,2023-08-10,256667.0,161100,59.32,-6.19,-4.87
259960,크래프톤,2023-08-10,250000.0,161100,55.18,-6.19,-4.87
259960,크래프톤,2023-08-10,253333.0,161100,57.25,-6.19,-4.87
259960,크래프톤,2023-08-10,223333.0,161100,38.63,-6.19,-4.87
259960,크래프톤,2023-08-10,236667.0,161100,46.91,-6.19,-4.87
259960,크래프톤,2023-09-22,206667.0,148600,39.08,8.8,16.22
259960,크래프톤,2023-10-04,223333.0,146500,52.45,14.8,16.26
259960,크래프톤,2023-10-12,206667.0,154000,34.2,24.53,26.42
259960,크래프톤,2023-10-19,210000.0,153000,37.25,21.14,17.15
259960,크래프톤,2023-10-23,196667.0,155500,26.47,27.75,22.43
259960,크래프톤,2023-10-25,206667.0,164800,25.4,28.76,19.37
259960,크래프톤,2023-11-07,230000.0,172500,33.33,11.11,8.07
259960,크래프톤,2023-11-08,260000.0,190800,36.27,11.37,8.7
259960,크래프톤,2023-11-08,250000.0,190800,31.03,11.37,8.7
259960,크래프톤,2023-11-08,236667.0,190800,24.04,11.37,8.7
259960,크래프톤,2023-11-08,210000.0,190800,10.06,11.37,8.7
259960,크래프톤,2023-11-14,243333.0,193000,26.08,3.68,2.71
259960,크래프톤,2023-12-26,260000.0,181200,43.49,11.14,16.3
259960,크래프톤,2024-01-08,270000.0,201000,34.33,2.42,1.84
259960,크래프톤,2024-01-10,250000.0,203000,23.15,6.47,3.32
259960,크래프톤,2024-01-17,233333.0,186000,25.45,27.37,17.53
259960,크래프톤,2024-01-22,240000.0,196000,22.45,10.29,2.8
259960,크래프톤,2024-01-23,256667.0,204000,25.82,8.19,0.18
259960,크래프톤,2024-01-24,256667.0,207500,23.69,5.07,-2.08
259960,크래프톤,2024-01-29,273333.0,212500,28.63,3.89,-1.85
259960,크래프톤,2024-02-13,273333.0,230000,18.84,-1.88,-5.63
259960,크래프톤,2024-02-13,286667.0,230000,24.64,-1.88,-5.63
259960,크래프톤,2024-02-13,283333.0,230000,23.19,-1.88,-5.63
259960,크래프톤,2024-02-13,276667.0,230000,20.29,-1.88,-5.63
259960,크래프톤,2024-02-13,270000.0,230000,17.39,-1.88,-5.63
259960,크래프톤,2024-02-13,256667.0,230000,11.59,-1.88,-5.63
259960,크래프톤,2024-02-13,260000.0,230000,13.04,-1.88,-5.63
259960,크래프톤,2024-02-13,253333.0,230000,10.14,-1.88,-5.63
259960,크래프톤,2024-02-13,280000.0,230000,21.74,-1.88,-5.63
259960,크래프톤,2024-02-13,286667.0,230000,24.64,-1.88,-5.63
259960,크래프톤,2024-02-19,293333.0,235000,24.82,2.37,1.15
259960,크래프톤,2024-03-18,276667.0,238000,16.25,6.75,9.46
259960,크래프톤,2024-04-01,276667.0,250500,10.45,-3.57,-1.05
259960,크래프톤,2024-04-01,286667.0,250500,14.44,-3.57,-1.05
259960,크래프톤,2024-04-08,290000.0,243500,19.1,7.02,6.19
259960,크래프톤,2024-04-09,290000.0,242000,19.83,4.85,4.1
259960,크래프톤,2024-04-12,276667.0,238500,16.0,4.66,1.56
259960,크래프톤,2024-04-15,280000.0,247000,13.36,1.57,-2.83
259960,크래프톤,2024-04-17,286667.0,253000,13.31,-2.88,-6.28
259960,크래프톤,2024-04-26,313333.0,229500,36.53,4.58,6.52
259960,크래프톤,2024-05-09,310000.0,263500,17.65,-1.35,-0.53
259960,크래프톤,2024-05-09,320000.0,263500,21.44,-1.35,-0.53
259960,크래프톤,2024-05-09,320000.0,263500,21.44,-1.35,-0.53
259960,크래프톤,2024-05-09,336667.0,263500,27.77,-1.35,-0.53
259960,크래프톤,2024-05-09,333333.0,263500,26.5,-1.35,-0.53
259960,크래프톤,2024-05-09,330000.0,263500,25.24,-1.35,-0.53
259960,크래프톤,2024-05-09,326667.0,263500,23.97,-1.35,-0.53
259960,크래프톤,2024-05-09,336667.0,263500,27.77,-1.35,-0.53
259960,크래프톤,2024-05-10,336667.0,259000,29.99,2.12,2.08
259960,크래프톤,2024-05-30,340000.0,251000,35.46,9.4,3.04
259960,크래프톤,2024-06-13,336667.0,265500,26.8,2.94,-0.63
259960,크래프톤,2024-06-18,336667.0,276500,21.76,-4.66,-6.3
259960,크래프톤,2024-07-08,360000.0,278000,29.5,-1.38,10.66
259960,크래프톤,2024-07-23,370000.0,292000,26.71,20.56,22.41
259960,크래프톤,2024-08-13,396667.0,331000,19.84,-3.17,-0.43
259960,크래프톤,2024-08-13,410000.0,331000,23.87,-3.17,-0.43
259960,크래프톤,2024-08-13,413333.0,331000,24.87,-3.17,-0.43
259960,크래프톤,2024-08-13,400000.0,331000,20.85,-3.17,-0.43
259960,크래프톤,2024-08-13,406667.0,331000,22.86,-3.17,-0.43
259960,크래프톤,2024-08-13,406667.0,331000,22.86,-3.17,-0.43
259960,크래프톤,2024-08-13,433333.0,331000,30.92,-3.17,-0.43
259960,크래프톤,2024-08-13,413333.0,331000,24.87,-3.17,-0.43
259960,크래프톤,2024-08-13,396667.0,331000,19.84,-3.17,-0.43
259960,크래프톤,2024-09-05,386667.0,324000,19.34,2.32,-0.78
259960,크래프톤,2024-09-10,406667.0,320500,26.89,2.92,-0.89
259960,크래프톤,2024-09-13,403333.0,338000,19.33,-2.16,-1.76
259960,크래프톤,2024-09-24,416667.0,348500,19.56,1.92,1.3
259960,크래프톤,2024-10-04,416667.0,335500,24.19,4.23,5.52
259960,크래프톤,2024-10-10,450000.0,324500,38.67,-1.96,-0.58
259960,크래프톤,2024-10-17,436667.0,334500,30.54,-14.98,-8.16
259960,크래프톤,2024-10-18,440000.0,340500,29.22,-13.99,-8.78
259960,크래프톤,2024-11-08,426667.0,325000,31.28,-5.2,1.56
259960,크래프톤,2024-11-08,430000.0,325000,32.31,-5.2,1.56
259960,크래프톤,2024-11-08,426667.0,325000,31.28,-5.2,1.56
259960,크래프톤,2024-11-08,426667.0,325000,31.28,-5.2,1.56
259960,크래프톤,2024-11-08,436667.0,325000,34.36,-5.2,1.56
259960,크래프톤,2024-11-08,456667.0,325000,40.51,-5.2,1.56
259960,크래프톤,2024-11-08,470000.0,325000,44.62,-5.2,1.56
259960,크래프톤,2024-12-24,480000.0,306000,56.86,18.57,14.96
259960,크래프톤,2025-01-06,473333.0,346500,36.6,14.05,12.88
259960,크래프톤,2025-01-06,473333.0,346500,36.6,14.05,12.88
259960,크래프톤,2025-01-07,466667.0,331000,40.99,15.38,14.67
259960,크래프톤,2025-01-09,466667.0,326000,43.15,-5.37,-8.05
259960,크래프톤,2025-01-15,443333.0,336000,31.94,1.06,-4.64
259960,크래프톤,2025-01-16,426667.0,331500,28.71,-2.78,-7.95
259960,크래프톤,2025-02-12,423333.0,322500,31.27,12.3,12.95
259960,크래프톤,2025-02-12,450000.0,322500,39.53,12.3,12.95
259960,크래프톤,2025-02-12,476667.0,322500,47.8,12.3,12.95
259960,크래프톤,2025-02-12,490000.0,322500,51.94,12.3,12.95
259960,크래프톤,2025-02-12,466667.0,322500,44.7,12.3,12.95
259960,크래프톤,2025-02-12,453333.0,322500,40.57,12.3,12.95
259960,크래프톤,2025-02-12,460000.0,322500,42.64,12.3,12.95
259960,크래프톤,2025-02-12,466667.0,322500,44.7,12.3,12.95
259960,크래프톤,2025-02-13,440000.0,317000,38.8,14.58,13.83
259960,크래프톤,2025-03-06,440000.0,348000,26.44,6.59,10.42
259960,크래프톤,2025-03-19,456667.0,348000,31.23,16.89,23.22
259960,크래프톤,2025-03-21,490000.0,325000,50.77,14.61,20.06
259960,크래프톤,2025-03-31,483333.0,334500,44.49,8.82,7.08
259960,크래프톤,2025-03-31,503333.0,334500,50.47,8.82,7.08
259960,크래프톤,2025-04-01,513333.0,340000,50.98,7.06,5.04
259960,크래프톤,2025-04-01,500000.0,340000,47.06,7.06,5.04
259960,크래프톤,2025-04-14,480000.0,375500,27.83,3.66,-2.37
259960,크래프톤,2025-04-17,463333.0,384000,20.66,0.0,-5.72
259960,크래프톤,2025-04-30,486667.0,371500,31.0,-4.55,-12.79
259960,크래프톤,2025-04-30,486667.0,371500,31.0,-4.55,-12.79
259960,크래프톤,2025-04-30,516667.0,371500,39.08,-4.55,-12.79
259960,크래프톤,2025-04-30,493333.0,371500,32.79,-4.55,-12.79
259960,크래프톤,2025-04-30,493333.0,371500,32.79,-4.55,-12.79
259960,크래프톤,2025-04-30,480000.0,371500,29.21,-4.55,-12.79
259960,크래프톤,2025-04-30,520000.0,371500,39.97,-4.55,-12.79
259960,크래프톤,2025-05-02,503333.0,385000,30.74,-4.15,-13.41
259960,크래프톤,2025-05-23,503333.0,379500,32.63,-6.67,-24.21
259960,크래프톤,2025-05-30,466667.0,369000,26.47,-2.58,-16.52
259960,크래프톤,2025-06-10,483333.0,375500,28.72,-3.36,-11.15
259960,크래프톤,2025-06-23,463333.0,350500,32.19,-2.49,-4.63
259960,크래프톤,2025-06-23,490000.0,350500,39.8,-2.49,-4.63
259960,크래프톤,2025-06-25,500000.0,357000,40.06,-4.88,-8.48
259960,크래프톤,2025-06-26,540000.0,358500,50.63,-5.31,-9.9
259960,크래프톤,2025-07-01,536667.0,362000,48.25,-8.93,-14.76
259960,크래프톤,2025-07-02,530000.0,358500,47.84,-10.12,-14.27
259960,크래프톤,2025-07-03,510000.0,365500,39.53,-12.24,-14.37
259960,크래프톤,2025-07-11,516667.0,353500,46.16,-8.07,-8.22
259960,크래프톤,2025-07-30,526667.0,326500,61.31,-0.3,1.53
259960,크래프톤,2025-07-30,526667.0,326500,61.31,-0.3,1.53
259960,크래프톤,2025-07-30,513333.0,326500,57.22,-0.3,1.53
259960,크래프톤,2025-07-30,510000.0,326500,56.2,-0.3,1.53
259960,크래프톤,2025-07-30,490000.0,326500,50.08,-0.3,1.53
259960,크래프톤,2025-07-30,473333.0,326500,44.97,-0.3,1.53
259960,크래프톤,2025-07-30,446667.0,326500,36.8,-0.3,1.53
259960,크래프톤,2025-07-30,470000.0,326500,43.95,-0.3,1.53
259960,크래프톤,2025-08-26,500000.0,337500,48.15,-10.77,-19.71
259960,크래프톤,2025-09-02,526667.0,330000,59.6,-9.27,-17.79
259960,크래프톤,2025-10-01,506667.0,298500,69.74,-11.87,-25.32
259960,크래프톤,2025-10-14,480000.0,290500,65.23,-7.01,-20.49
259960,크래프톤,2025-10-22,450000.0,290000,55.17,-11.23,-15.37
259960,크래프톤,2025-10-30,430000.0,271000,58.67,-6.7,-2.3
259960,크래프톤,2025-11-05,410000.0,263000,55.89,-7.59,-7.64
259960,크래프톤,2025-11-05,410000.0,263000,55.89,-7.59,-7.64
259960,크래프톤,2025-11-05,456667.0,263000,73.64,-7.59,-7.64
259960,크래프톤,2025-11-05,476667.0,263000,81.24,-7.59,-7.64
259960,크래프톤,2025-11-05,456667.0,263000,73.64,-7.59,-7.64
259960,크래프톤,2025-11-05,406667.0,263000,54.63,-7.59,-7.64
259960,크래프톤,2025-11-05,393333.0,263000,49.56,-7.59,-7.64
259960,크래프톤,2025-11-06,386667.0,263500,46.74,-4.07,-7.77
259960,크래프톤,2025-11-12,386667.0,272000,42.16,-12.18,-10.74
259960,크래프톤,2025-12-01,346667.0,252000,37.57,-1.98,-9.85
247540,에코프로비엠,2023-01-25,156000.0,101700,53.39,47.25,41.25
247540,에코프로비엠,2023-01-27,152000.0,104300,45.73,61.32,55.67
247540,에코프로비엠,2023-01-27,152667.0,104300,46.37,61.32,55.67
247540,에코프로비엠,2023-02-06,152667.0,118700,28.62,71.59,66.27
247540,에코프로비엠,2023-02-06,153333.0,118700,29.18,71.59,66.27
247540,에코프로비엠,2023-02-06,150000.0,118700,26.37,71.59,66.27
247540,에코프로비엠,2023-02-06,160833.0,118700,35.5,71.59,66.27
247540,에코프로비엠,2023-02-06,160167.0,118700,34.93,71.59,66.27
247540,에코프로비엠,2023-02-06,172667.0,118700,45.46,71.59,66.27
247540,에코프로비엠,2023-02-06,171833.0,118700,44.76,71.59,66.27
247540,에코프로비엠,2023-02-06,165833.0,118700,39.71,71.59,66.27
247540,에코프로비엠,2023-02-06,154333.0,118700,30.02,71.59,66.27
247540,에코프로비엠,2023-02-06,154333.0,118700,30.02,71.59,66.27
247540,에코프로비엠,2023-02-06,167667.0,118700,41.25,71.59,66.27
247540,에코프로비엠,2023-02-17,186667.0,146800,27.16,38.83,37.1
247540,에코프로비엠,2023-05-03,288667.0,249500,15.7,3.0,0.02
247540,에코프로비엠,2023-05-03,298333.0,249500,19.57,3.0,0.02
247540,에코프로비엠,2023-05-03,298333.0,249500,19.57,3.0,0.02
247540,에코프로비엠,2023-05-03,278333.0,249500,11.56,3.0,0.02
247540,에코프로비엠,2023-05-08,293333.0,242000,21.21,12.87,8.05
247540,에코프로비엠,2023-08-29,398333.0,330500,20.52,-22.03,-13.07
247540,에코프로비엠,2023-09-25,331667.0,261500,26.83,-22.91,-11.83
247540,에코프로비엠,2023-10-16,273333.0,242500,12.71,0.0,3.19
247540,에코프로비엠,2023-11-08,290000.0,255500,13.5,21.33,20.04
247540,에코프로비엠,2023-11-08,290000.0,255500,13.5,21.33,20.04
247540,에코프로비엠,2023-11-08,320000.0,255500,25.24,21.33,20.04
247540,에코프로비엠,2023-11-08,332333.0,255500,30.07,21.33,20.04
247540,에코프로비엠,2023-11-21,312333.0,245500,27.22,32.99,27.05
247540,에코프로비엠,2024-02-08,289000.0,243500,18.69,10.21,4.91
247540,에코프로비엠,2024-02-20,315667.0,253500,24.52,10.84,6.19
247540,에코프로비엠,2024-05-07,292333.0,223000,31.09,-0.45,0.27
247540,에코프로비엠,2024-05-07,266667.0,223000,19.58,-0.45,0.27
247540,에코프로비엠,2024-05-07,253333.0,223000,13.6,-0.45,0.27
247540,에코프로비엠,2024-05-07,253333.0,223000,13.6,-0.45,0.27
247540,에코프로비엠,2024-05-07,299000.0,223000,34.08,-0.45,0.27
247540,에코프로비엠,2024-05-28,249000.0,198600,25.38,-5.07,-5.09
247540,에코프로비엠,2024-11-20,196667.0,129800,51.52,-10.36,-10.9
247540,에코프로비엠,2025-01-15,183333.0,129300,41.79,2.97,-4.49
247540,에코프로비엠,2025-01-16,178333.0,131300,35.82,4.23,-1.79
247540,에코프로비엠,2025-01-17,148333.0,130100,14.01,-0.43,-6.89
247540,에코프로비엠,2025-01-20,161667.0,138000,17.15,11.66,5.15
247540,에코프로비엠,2025-02-12,148333.0,121200,22.39,-14.19,-12.18
247540,에코프로비엠,2025-02-12,148333.0,121200,22.39,-14.19,-12.18
247540,에코프로비엠,2025-02-12,133333.0,121200,10.01,-14.19,-12.18
247540,에코프로비엠,2025-04-02,123333.0,91300,35.09,14.71,9.1
247540,에코프로비엠,2025-04-30,111667.0,101500,10.02,-12.25,-16.18
247540,에코프로비엠,2025-04-30,116667.0,101500,14.94,-12.25,-16.18
247540,에코프로비엠,2025-04-30,135000.0,101500,33.0,-12.25,-16.18
247540,에코프로비엠,2025-04-30,130000.0,101500,28.08,-12.25,-16.18
247540,에코프로비엠,2025-04-30,130000.0,101500,28.08,-12.25,-16.18
247540,에코프로비엠,2025-04-30,118333.0,101500,16.58,-12.25,-16.18
247540,에코프로비엠,2025-08-06,150000.0,125900,19.14,-6.57,-7.26
247540,에코프로비엠,2025-08-06,157000.0,125900,24.7,-6.57,-7.26
247540,에코프로비엠,2025-08-06,157000.0,125900,24.7,-6.57,-7.26
247540,에코프로비엠,2025-11-05,180000.0,157900,14.0,-0.06,-3.59
247540,에코프로비엠,2025-11-05,180000.0,157900,14.0,-0.06,-3.59
247540,에코프로비엠,2025-11-05,182333.0,157900,15.47,-0.06,-3.59
196170,알테오젠,2023-01-03,56000.0,36300,54.27,15.73,3.57
196170,알테오젠,2023-04-26,57667.0,45300,27.3,3.95,3.8
196170,알테오젠,2023-06-19,57000.0,46000,23.91,-6.48,-9.61
196170,알테오젠,2023-07-10,64333.0,38100,68.85,13.65,12.1
196170,알테오젠,2024-05-22,246667.0,192300,28.27,51.16,50.44
196170,알테오젠,2024-07-08,300000.0,272500,10.09,6.29,21.11
196170,알테오젠,2024-11-13,468333.0,421500,11.11,-29.22,-29.48
196170,알테오젠,2024-11-20,611667.0,350500,74.51,-17.32,-17.86
196170,알테오젠,2024-11-25,730000.0,331000,120.54,-0.34,1.54
196170,알테오젠,2024-11-26,620000.0,297000,108.75,-1.31,1.05
196170,알테오젠,2025-01-15,620000.0,303500,104.28,24.04,16.58
196170,알테오젠,2025-03-18,620000.0,443500,39.8,-12.53,-7.22
196170,알테오젠,2025-03-31,730000.0,356000,105.06,-2.29,-7.35
196170,알테오젠,2025-04-18,730000.0,393000,85.75,-16.3,-16.61
196170,알테오젠,2025-05-27,730000.0,344000,112.21,14.09,6.85
196170,알테오젠,2025-06-04,730000.0,381000,91.6,1.9,-0.69
196170,알테오젠,2025-06-04,633333.0,381000,66.23,1.9,-0.69
196170,알테오젠,2025-06-16,633333.0,405500,56.19,17.99,13.19
196170,알테오젠,2025-07-08,573333.0,419000,36.83,3.78,2.12
196170,알테오젠,2025-09-08,670000.0,478000,40.17,-6.4,-9.21
196170,알테오젠,2025-09-10,670000.0,486000,37.86,-8.67,-12.34
196170,알테오젠,2025-09-22,730000.0,507000,43.98,-1.24,-4.81
196170,알테오젠,2025-09-22,670000.0,507000,32.15,-1.24,-4.81
196170,알테오젠,2025-11-20,640000.0,557000,14.9,-17.19,-23.13
196170,알테오젠,2025-12-08,610000.0,458000,33.19,11.82,10.04
196170,알테오젠,2025-12-15,640000.0,436000,46.79,22.31,18.11
196170,알테오젠,2025-12-29,670000.0,455000,47.25,-4.34,-30.16
034020,두산에너빌리티,2024-05-03,23000.0,16550,38.97,11.94,13.58
034020,두산에너빌리티,2024-07-09,25333.0,22250,13.86,-22.88,-12.44
034020,두산에너빌리티,2024-07-29,26333.0,18530,42.11,-0.43,1.34
034020,두산에너빌리티,2024-07-29,26333.0,18530,42.11,-0.43,1.34
034020,두산에너빌리티,2024-09-10,25000.0,16560,50.97,29.2,25.38
034020,두산에너빌리티,2024-10-31,24667.0,20050,23.03,5.86,9.26
034020,두산에너빌리티,2025-01-23,29000.0,23850,21.59,9.51,6.17
034020,두산에너빌리티,2025-02-18,37000.0,30300,22.11,-14.57,-13.28
034020,두산에너빌리티,2025-04-07,38333.0,20650,85.63,34.22,23.8
034020,두산에너빌리티,2025-05-02,40000.0,27700,44.4,68.13,58.88
034020,두산에너빌리티,2025-05-02,39333.0,27700,42.0,68.13,58.88
034020,두산에너빌리티,2025-05-02,37333.0,27700,34.78,68.13,58.88
034020,두산에너빌리티,2025-07-28,79333.0,63500,24.93,-3.07,-1.73
034020,두산에너빌리티,2025-07-28,95000.0,63500,49.61,-3.07,-1.73
034020,두산에너빌리티,2025-07-28,88667.0,63500,39.63,-3.07,-1.73
034020,두산에너빌리티,2025-07-28,80667.0,63500,27.03,-3.07,-1.73
034020,두산에너빌리티,2025-07-31,78333.0,65600,19.41,-2.93,-3.69
034020,두산에너빌리티,2025-08-04,84667.0,64300,31.67,-3.7,-3.28
034020,두산에너빌리티,2025-10-10,92667.0,74500,24.38,2.58,-11.06
034020,두산에너빌리티,2025-11-06,108333.0,79300,36.61,3.21,-0.49
034020,두산에너빌리티,2025-11-06,111667.0,79300,40.82,3.21,-0.49
034020,두산에너빌리티,2025-11-06,110667.0,79300,39.55,3.21,-0.49
034020,두산에너빌리티,2025-11-12,102333.0,78400,30.53,-6.98,-5.54
034020,두산에너빌리티,2025-11-13,107333.0,83100,29.16,1.66,-2.22
034020,두산에너빌리티,2025-11-27,105667.0,77600,36.17,0.13,-7.36
