ticker,name,signal_date,price,signal,confidence,reasons
005930,삼성전자,2023-01-02,55500,Neutral,42,"[""현재가 55,500원만으로는 20거래일 내 방향성을 판단할 수 있는 추세·모멘텀 정보가 제공되지 않았습니다."", ""재무, 실적, 수급, 기술적 지표 등 향후 주가 방향을 뒷받침할 추가 데이터가 없어 상승·하락 근거를 비교할 수 없습니다."", ""제공된 정보가 종목명, 현재가, 시장 구분에 한정되어 있어 확신 가능한 매수·매도 신호를 도출하기 어렵습니다.""]"
005930,삼성전자,2023-02-01,61800,Neutral,42,"[""현재가 61,800원만으로는 20거래일 내 상승·하락 방향을 판단할 수 있는 추세, 모멘텀, 밸류에이션, 실적 데이터가 제공되지 않았습니다."", ""종목 정보가 삼성전자와 KOSPI, 현재가뿐이라 기술적 지표나 수급 지표에 근거한 매수·매도 우위를 확인할 수 없습니다."", ""제공된 데이터만을 근거로 해야 하므로 방향성을 확신할 수 없어 적극적 중립 판단이 적절합니다.""]"
005930,삼성전자,2023-03-02,60800,Neutral,42,"[""현재가 60,800원만으로는 20거래일 내 상승·하락 방향을 판단할 수 있는 추세, 모멘텀, 밸류에이션 정보가 제공되지 않았습니다."", ""종목 정보에 시장과 가격만 있고 거래량, 실적, 수급, 기술적 지표 등 방향성을 뒷받침할 데이터가 없어 Buy 또는 Sell 근거가 부족합니다."", ""제공된 데이터만 근거로 판단해야 하므로, 상승과 하락 어느 쪽도 우위라고 확신할 수 없어 Neutral이 적절합니다.""]"
005930,삼성전자,2023-04-03,63100,Neutral,42,"[""현재가 63,100원에 대한 추가 기술적·수급·실적 데이터가 제공되지 않아 20거래일 방향성을 판단할 근거가 부족합니다."", ""종목명과 시장 정보만으로는 상승 또는 하락 우위를 뒷받침할 수 있는 정량적 신호를 확인할 수 없습니다."", ""제공된 데이터만을 근거로 해야 하므로, 확신 가능한 매수·매도 판단보다 방향 불명확에 해당하는 Neutral이 적절합니다.""]"
005930,삼성전자,2023-05-02,65700,Neutral,50,"[""현재가 65,700원만으로는 향후 20거래일 방향을 판단할 수 있는 추세·모멘텀 정보가 제공되지 않았습니다."", ""거래량, 이동평균, 수급, 실적, 밸류에이션 등 상승·하락 근거가 되는 핵심 데이터가 없어 Buy 또는 Sell을 단정하기 어렵습니다."", ""제공된 정보가 종목명, 시장, 현재가에 한정되어 있어 방향성이 불명확하므로 Neutral이 가장 적절합니다.""]"
005930,삼성전자,2023-06-01,70900,Neutral,42,"[""제공된 정보가 종목명, 현재가, 시장 구분뿐이라 20거래일 방향성을 판단할 수 있는 가격 추세·거래량·실적·밸류에이션 데이터가 없다."", ""상승과 하락을 가늠할 수 있는 기술적 지표나 수급 지표가 전혀 없어 Buy 또는 Sell 근거를 만들 수 없다."", ""주어진 데이터만으로는 방향성이 불명확하므로 적극적 판단으로는 Neutral이 가장 적절하다.""]"
005930,삼성전자,2023-07-03,73000,Neutral,42,"[""현재가 73,000원만으로는 향후 20거래일 방향을 판단할 수 있는 추세·모멘텀 정보가 제공되지 않았습니다."", ""매출, 이익, 밸류에이션, 수급, 기술적 지표 등 상승 또는 하락을 뒷받침할 추가 데이터가 없어 근거가 부족합니다."", ""제공된 정보가 종목명, 시장, 현재가에 한정되어 있어 Buy와 Sell 중 어느 쪽도 우위라고 보기 어렵습니다.""]"
005930,삼성전자,2023-08-01,71100,Neutral,41,"[""현재가 71,100원만으로는 향후 20거래일 방향성을 판단할 수 있는 추세·모멘텀 정보가 제공되지 않았습니다."", ""재무, 실적, 수급, 거래량, 기술적 지표 등 상승 또는 하락을 지지하는 추가 데이터가 없어 Buy 또는 Sell 근거가 부족합니다."", ""제공된 정보가 종목명, 현재가, 시장 구분에 한정되어 있어 상승·하락 근거가 균형을 이루기보다 방향성 자체를 확신할 수 없습니다.""]"
005930,삼성전자,2023-09-01,71000,Neutral,50,"[""현재가 71,000원만 제시되어 있어 20거래일 방향을 판단할 수 있는 추세, 모멘텀, 변동성 데이터가 부족합니다."", ""기업 실적, 수급, 기술적 지표 등 상승·하락 근거가 제공되지 않아 Buy 또는 Sell을 우선할 만한 정보가 없습니다."", ""제공된 데이터만으로는 상승과 하락 가능성을 균형 있게 배제할 수 없어 방향성 확신이 어렵습니다.""]"
005930,삼성전자,2023-10-04,67500,Neutral,50,"[""현재가 67,500원만으로는 향후 20거래일 방향을 판단할 수 있는 추세·모멘텀 정보가 제공되지 않았습니다."", ""거래량, 이동평균, 실적, 수급, 변동성 등 방향성을 뒷받침할 추가 데이터가 없어 상승·하락 근거를 비교할 수 없습니다."", ""제공된 데이터만을 근거로 하면 확신 가능한 우위가 없으므로 적극적 판단은 Neutral이 적절합니다.""]"
005930,삼성전자,2023-11-01,68600,Neutral,42,"[""현재가 68,600원만으로는 20거래일 내 상승·하락 방향을 판단할 수 있는 추세 정보가 제공되지 않았습니다."", ""재무, 실적, 수급, 기술적 지표 등 방향성을 뒷받침할 추가 데이터가 없어 Buy 또는 Sell 근거가 부족합니다."", ""제공된 정보가 종목명, 현재가, 시장 구분에 한정되어 있어 확신 가능한 예측이 불가능하므로 Neutral이 적절합니다.""]"
005930,삼성전자,2023-12-01,72000,Neutral,50,"[""현재가 72,000원만으로는 향후 20거래일 방향을 판단할 수 있는 추세·모멘텀·밸류에이션 정보가 제공되지 않았습니다."", ""매출, 이익, 수급, 거래량, 기술적 지표 등 상승 또는 하락을 지지하는 핵심 데이터가 없어 Buy와 Sell 중 우위를 둘 근거가 부족합니다."", ""제공된 정보가 종목명, 시장, 현재가에 한정되어 있어 방향성 확신이 불가능하므로 Neutral이 가장 적절합니다.""]"
005930,삼성전자,2024-01-02,79600,Neutral,50,"[""현재가 79,600원만으로는 향후 20거래일 방향을 판단할 수 있는 추세·모멘텀 정보가 제공되지 않았습니다."", ""상승 또는 하락을 지지하는 재무, 수급, 기술적 지표가 제시되지 않아 Buy와 Sell 중 우위를 정하기 어렵습니다."", ""제공된 데이터가 종목명, 현재가, 시장 정보에 한정되어 있어 방향성 확신이 부족하므로 Neutral이 적절합니다.""]"
005930,삼성전자,2024-02-01,73600,Neutral,50,"[""종목 정보로는 현재가와 시장 구분만 제공되어 20거래일 방향성을 판단할 수 있는 추세·모멘텀·밸류에이션 근거가 부족합니다."", ""상승 또는 하락을 지지하는 기술적 지표, 실적, 수급, 이벤트 데이터가 없어 Buy와 Sell 중 어느 쪽도 우위라고 보기 어렵습니다."", ""제공된 데이터만 근거로 할 때 방향성 확신이 낮아 적극적 중립 판단이 가장 적절합니다.""]"
005930,삼성전자,2024-03-04,74900,Neutral,42,"[""현재가 74,900원만으로는 20거래일 내 상승·하락 방향을 판단할 수 있는 추세, 밸류에이션, 실적 모멘텀 데이터가 제공되지 않았습니다."", ""종목명과 시장 정보 외에 거래량, 이동평균, 수급, 실적, 업황 등 방향성을 지지하는 추가 근거가 없어 Buy 또는 Sell을 단정하기 어렵습니다."", ""제공된 데이터만을 근거로 해야 하므로, 방향성이 불명확한 상황에 해당해 Neutral이 가장 적절합니다.""]"
005930,삼성전자,2024-04-01,82000,Neutral,42,"[""현재가 82,000원만 제시되어 있어 20거래일 방향을 판단할 수 있는 추세, 모멘텀, 거래량, 실적 관련 데이터가 없다."", ""상승·하락을 가늠할 기술적 지표나 밸류에이션 비교 정보가 제공되지 않아 Buy 또는 Sell 근거가 모두 부족하다."", ""제공된 데이터만으로는 향후 20거래일 내 주가가 상승 또는 하락할 우위를 확정할 수 없으므로 Neutral이 적절하다.""]"
005930,삼성전자,2024-05-02,78000,Neutral,42,"[""현재가 78,000원만으로는 향후 20거래일 방향을 판단할 수 있는 추세·모멘텀 정보가 제공되지 않았습니다."", ""거래량, 재무지표, 실적 추정치, 수급, 기술적 지표 등 상승·하락 판단에 필요한 핵심 데이터가 없어 근거가 부족합니다."", ""제공된 정보가 종목명, 현재가, 시장 구분에 한정되어 있어 상승과 하락 어느 쪽도 우위라고 결론내리기 어렵습니다.""]"
005930,삼성전자,2024-06-03,75700,Neutral,41,"[""제공된 정보가 종목명, 현재가, 시장 구분뿐이라 20거래일 방향성을 판단할 수 있는 가격·거래량·실적·수급 데이터가 없다."", ""상승과 하락을 가늠할 수 있는 기술적 지표나 펀더멘털 지표가 전혀 없어 Buy 또는 Sell 근거를 만들 수 없다."", ""주어진 데이터만으로는 방향성이 불명확하므로 적극적 선택으로서 Neutral이 가장 적절하다.""]"
005930,삼성전자,2024-07-01,81800,Neutral,42,"[""현재 제공된 정보는 종목명, 현재가, 시장 구분뿐이며 20거래일 방향성을 판단할 수 있는 가격 추세·거래량·실적·밸류에이션 데이터가 없다."", ""상승과 하락을 가늠할 수 있는 기술적 지표나 수급 정보가 전혀 없어 Buy 또는 Sell을 지지할 근거가 부족하다."", ""제공된 데이터만으로는 방향성이 불명확하므로 적극적 판단으로는 Neutral이 가장 적절하다.""]"
005930,삼성전자,2024-08-01,83100,Neutral,42,"[""현재 제공된 정보는 종목명, 현재가, 시장 구분뿐이며 20거래일 방향성을 판단할 수 있는 가격 추세·거래량·실적·수급 데이터가 없다."", ""상승과 하락을 가늠할 수 있는 기술적 지표나 이벤트 정보가 전혀 없어 Buy 또는 Sell을 정당화할 근거가 부족하다."", ""주어진 데이터만으로는 방향성이 불명확하므로 적극적 선택으로서 Neutral이 가장 적절하다.""]"
005930,삼성전자,2024-09-02,74400,Neutral,50,"[""현재가 74,400원만으로는 향후 20거래일 방향을 판단할 수 있는 추세·모멘텀 정보가 제공되지 않았습니다."", ""매출, 이익, 밸류에이션, 수급, 기술적 지표 등 상승 또는 하락을 지지하는 추가 데이터가 없어 우위 판단이 어렵습니다."", ""제공된 정보가 종목명, 현재가, 시장 구분에 한정되어 있어 Buy와 Sell 중 어느 쪽도 근거가 충분하지 않습니다.""]"
005930,삼성전자,2024-10-02,61300,Neutral,50,"[""현재가 61,300원만으로는 향후 20거래일 방향을 판단할 수 있는 추세·모멘텀 정보가 제공되지 않았습니다."", ""거래량, 이동평균, 수급, 실적, 밸류에이션 등 상승·하락 판단에 필요한 핵심 데이터가 없어 근거가 부족합니다."", ""제공된 정보가 종목명, 현재가, 시장 구분에 한정되어 있어 상승과 하락 어느 쪽도 우위라고 결론내리기 어렵습니다.""]"
005930,삼성전자,2024-11-01,58300,Neutral,42,"[""제공된 정보가 종목명, 현재가, 상장 시장뿐이라 20거래일 방향성을 판단할 수 있는 가격·거래량·실적·수급 데이터가 없다."", ""상승과 하락을 가늠할 수 있는 기술적 지표나 최근 추세가 제시되지 않아 Buy 또는 Sell 근거가 부족하다."", ""주어진 데이터만으로는 방향성이 불명확하므로 적극적 판단으로는 Neutral이 가장 적절하다.""]"
005930,삼성전자,2024-12-02,53600,Neutral,50,"[""현재가 53,600원만으로는 향후 20거래일 방향을 판단할 수 있는 추세·모멘텀 정보가 제공되지 않았습니다."", ""재무, 실적, 수급, 거래량, 기술적 지표 등 상승 또는 하락을 지지하는 추가 데이터가 없어 근거가 부족합니다."", ""제공된 정보만 기준으로는 상승과 하락 어느 쪽도 우세하다고 보기 어려워 Neutral이 적절합니다.""]"
005930,삼성전자,2025-01-02,53400,Neutral,50,"[""현재가 53,400원만 제공되어 추세, 거래량, 변동성, 수급 등 20거래일 방향성을 판단할 핵심 데이터가 부족합니다."", ""상승과 하락을 구분할 수 있는 기술적 지표나 실적·가이던스 정보가 없어 Buy 또는 Sell을 강하게 선택할 근거가 없습니다."", ""제공된 정보만으로는 방향성이 불명확하므로 적극적 중립 판단이 가장 타당합니다.""]"
005930,삼성전자,2025-02-03,51000,Neutral,50,"[""현재가 51,000원만 제시되어 있어 20거래일 방향을 판단할 수 있는 추세·모멘텀·밸류에이션 데이터가 부족합니다."", ""상승 또는 하락을 지지하는 기술적 지표, 거래량, 실적, 수급 정보가 제공되지 않아 Buy와 Sell 중 우위를 둘 근거가 없습니다."", ""제공된 데이터만으로는 방향성이 불명확하므로 적극적 선택으로서 Neutral이 가장 적절합니다.""]"
005930,삼성전자,2025-03-04,54500,Neutral,42,"[""제공된 정보가 종목명, 현재가, 시장 구분뿐이라 20거래일 방향성을 판단할 수 있는 가격 추세·거래량·실적·밸류에이션 데이터가 없다."", ""상승 또는 하락을 지지하는 기술적 지표나 수급 지표가 전혀 제시되지 않아 Buy와 Sell 중 어느 쪽도 우위라고 보기 어렵다."", ""브랜드 이미지와 과거 명성은 배제해야 하므로, 현재 제공 데이터만으로는 방향성 확신이 부족해 Neutral이 적절하다.""]"
005930,삼성전자,2025-04-01,58800,Neutral,42,"[""현재가 58,800원만으로는 20거래일 내 상승·하락 방향을 판단할 수 있는 추세, 밸류에이션, 실적, 수급 데이터가 제공되지 않았습니다."", ""종목 정보에는 삼성전자와 KOSPI 상장 사실만 있어, 향후 주가 방향을 지지하는 정량적 근거가 부족합니다."", ""제공된 데이터만을 근거로 해야 하므로 상승과 하락 어느 쪽도 우위라고 확신할 수 없어 Neutral이 적절합니다.""]"
005930,삼성전자,2025-05-02,54300,Neutral,41,"[""현재가 54,300원에 대한 추가 기술적·수급·실적 데이터가 제공되지 않아 20거래일 방향성을 판단할 핵심 근거가 부족합니다."", ""종목 정보만으로는 상승과 하락을 가르는 추세, 모멘텀, 변동성, 거래량 신호를 확인할 수 없습니다."", ""제공된 데이터만을 근거로 할 때 Buy 또는 Sell을 단정할 만한 우위가 없어 Neutral이 가장 적절합니다.""]"
005930,삼성전자,2025-06-02,56800,Neutral,50,"[""현재가 56,800원만으로는 20거래일 내 상승·하락 방향을 판단할 수 있는 추세, 모멘텀, 밸류에이션 비교 데이터가 제공되지 않았습니다."", ""종목명과 시장 정보 외에 실적, 수급, 기술적 지표, 업황 데이터가 없어 Buy 또는 Sell을 지지할 근거가 부족합니다."", ""제공된 데이터만 근거로 할 때 방향성이 불명확하므로 적극적 판단으로는 Neutral이 가장 적절합니다.""]"
005930,삼성전자,2025-07-01,60200,Neutral,42,"[""현재가 60,200원만 제시되어 있어 추세, 모멘텀, 거래량, 변동성 등 20거래일 방향성을 판단할 핵심 데이터가 부족합니다."", ""기업 실적, 밸류에이션, 수급, 기술적 지표가 제공되지 않아 상승 또는 하락 근거를 데이터로 확인할 수 없습니다."", ""제공된 정보만으로는 Buy와 Sell 중 어느 쪽도 우위라고 보기 어려워 방향성 확신이 불가능합니다.""]"
005930,삼성전자,2025-08-01,68900,Neutral,42,"[""현재가 68,900원만으로는 향후 20거래일 방향을 판단할 수 있는 추세·모멘텀 정보가 제공되지 않았습니다."", ""재무, 실적, 수급, 기술적 지표 등 상승 또는 하락 근거가 되는 추가 데이터가 없어 Buy와 Sell 중 우위를 둘 수 없습니다."", ""제공된 정보가 종목명, 현재가, 시장 구분에 한정되어 있어 방향성 확신이 불가능하므로 Neutral이 적절합니다.""]"
005930,삼성전자,2025-09-01,67600,Neutral,50,"[""현재가 67,600원만으로는 향후 20거래일 방향성을 판단할 수 있는 추세·모멘텀 정보가 제공되지 않았습니다."", ""기업 실적, 밸류에이션, 수급, 기술적 지표 등 매수·매도 판단에 필요한 핵심 데이터가 제시되지 않았습니다."", ""제공된 정보가 종목명, 시장, 현재가에 한정되어 있어 상승·하락 근거가 균형을 이루기보다 아예 부족하므로 Neutral이 적절합니다.""]"
005930,삼성전자,2025-10-01,86000,Neutral,42,"[""제공된 정보가 종목명, 현재가, 시장 구분뿐이라 20거래일 방향성을 판단할 수 있는 가격·거래량·실적·수급 데이터가 없다."", ""상승과 하락을 가늠할 수 있는 기술적 지표나 펀더멘털 지표가 전혀 없어 Buy 또는 Sell 근거가 부족하다."", ""주어진 데이터만으로는 방향성이 불명확하므로 적극적 판단으로는 Neutral이 가장 적절하다.""]"
005930,삼성전자,2025-11-03,111100,Neutral,42,"[""현재가 111,100원만으로는 20거래일 내 상승·하락 방향을 판단할 수 있는 추세, 모멘텀, 밸류에이션 비교 데이터가 제공되지 않았습니다."", ""종목명과 시장 정보 외에 실적, 수급, 기술적 지표, 업황 데이터가 없어 Buy 또는 Sell을 지지할 근거가 부족합니다."", ""제공된 데이터만을 근거로 해야 하므로 방향성이 불명확한 상황에 해당해 Neutral이 가장 적절합니다.""]"
005930,삼성전자,2025-12-01,100800,Neutral,50,"[""현재가 100,800원만 제공되어 추세, 모멘텀, 거래량, 실적, 밸류에이션 등 20거래일 방향성을 판단할 핵심 데이터가 없다."", ""상승과 하락을 구분할 수 있는 기술적·수급·펀더멘털 근거가 제시되지 않아 Buy 또는 Sell을 단정하기 어렵다."", ""제공된 정보만으로는 향후 20거래일 내 주가 방향의 우위가 확인되지 않으므로 Neutral이 가장 적절하다.""]"
000660,SK하이닉스,2023-01-02,75700,Neutral,42,"[""현재가 75,700원만으로는 20거래일 내 상승·하락 방향을 판단할 수 있는 추세, 밸류에이션, 실적, 수급 데이터가 제공되지 않았습니다."", ""종목명과 시장 정보 외에 기술적 지표나 최근 가격 흐름이 없어 단기 모멘텀의 우위 여부를 확인할 수 없습니다."", ""제공된 데이터만 근거로 해야 하므로 상승과 하락 중 어느 쪽도 우세하다고 결론내릴 근거가 부족합니다.""]"
000660,SK하이닉스,2023-02-01,91400,Neutral,42,"[""제공된 정보가 종목명, 현재가, 시장 구분뿐이라 20거래일 방향성을 판단할 수 있는 가격·거래량·실적·밸류에이션 데이터가 없다."", ""상승과 하락을 가늠할 수 있는 기술적 지표나 수급 지표가 전혀 없어 Buy 또는 Sell 근거가 부족하다."", ""브랜드 이미지나 과거 명성은 배제해야 하므로, 현재 제공 데이터만으로는 방향성 확신이 불가능해 Neutral이 적절하다.""]"
000660,SK하이닉스,2023-03-02,88100,Neutral,50,"[""현재가 88,100원만으로는 향후 20거래일 방향을 판단할 수 있는 추세·모멘텀·밸류에이션 정보가 제공되지 않았습니다."", ""상승 또는 하락을 지지하는 기술적 지표, 실적, 수급, 거래량 데이터가 없어 Buy와 Sell 중 우위를 둘 근거가 부족합니다."", ""제공된 데이터가 종목명, 현재가, 시장 정보에 한정되어 있어 방향성 확신이 불가능하므로 Neutral이 적절합니다.""]"
000660,SK하이닉스,2023-04-03,87200,Neutral,42,"[""현재가 87,200원만으로는 20거래일 내 상승·하락 방향을 판단할 수 있는 추세, 밸류에이션, 실적, 수급 데이터가 제공되지 않았습니다."", ""종목명과 시장 정보 외에 기술적 지표나 최근 가격 흐름이 없어 매수·매도 우위를 뒷받침할 근거가 부족합니다."", ""제공된 데이터만 근거로 해야 하므로 방향성을 확신할 수 없어 Neutral이 가장 적절합니다.""]"
000660,SK하이닉스,2023-05-02,90200,Neutral,50,"[""현재가 90,200원만으로는 향후 20거래일 방향을 판단할 수 있는 추세·모멘텀 정보가 제공되지 않았습니다."", ""재무, 실적, 밸류에이션, 수급, 기술적 지표 등 방향성을 뒷받침할 데이터가 없어 상승·하락 근거를 비교할 수 없습니다."", ""제공된 정보가 종목명, 현재가, 시장 구분에 한정되어 있어 확신 가능한 Buy 또는 Sell 판단 근거가 부족합니다.""]"
000660,SK하이닉스,2023-06-01,110300,Neutral,42,"[""현재가 110,300원만으로는 향후 20거래일 방향을 판단할 수 있는 추세·밸류에이션·실적 데이터가 제공되지 않았습니다."", ""상승과 하락을 가를 기술적 지표, 거래량, 수급, 실적 전망 등 핵심 근거가 없어 Buy 또는 Sell을 단정하기 어렵습니다."", ""제공된 정보가 종목명, 시장, 현재가에 한정되어 있어 방향성 확신이 부족하므로 Neutral이 적절합니다.""]"
000660,SK하이닉스,2023-07-03,117600,Neutral,41,"[""현재가 117,600원만으로는 향후 20거래일 방향을 판단할 수 있는 추세·밸류에이션·실적 데이터가 제공되지 않았습니다."", ""상승 또는 하락을 지지하는 기술적 지표, 수급, 실적 모멘텀 정보가 없어 Buy와 Sell 중 어느 쪽도 우세하다고 보기 어렵습니다."", ""제공된 데이터가 종목명과 현재가뿐이므로 방향성 확신이 부족해 Neutral이 가장 적절합니다.""]"
000660,SK하이닉스,2023-08-01,125100,Neutral,50,"[""현재가 125,100원만 제공되어 추세, 거래량, 변동성, 수급 등 20거래일 방향성을 판단할 핵심 데이터가 없다."", ""기업 실적, 밸류에이션, 기술적 지표, 시장 대비 상대강도 정보가 없어 상승·하락 근거를 균형 있게 비교할 수 없다."", ""제공된 정보만으로는 향후 20거래일 내 주가 방향을 확신할 수 없으므로 적극적 중립 판단이 적절하다.""]"
000660,SK하이닉스,2023-09-01,120000,Neutral,42,"[""제공된 정보가 종목명, 현재가, 시장 구분뿐이라 20거래일 방향성을 판단할 수 있는 가격·거래량·실적·수급 데이터가 없다."", ""상승과 하락을 가늠할 수 있는 기술적 지표나 펀더멘털 지표가 전혀 없어 Buy 또는 Sell 근거를 만들 수 없다."", ""주어진 데이터만 근거로 해야 하므로 방향성 확신이 불가능해 Neutral이 가장 적절하다.""]"
000660,SK하이닉스,2023-10-04,115400,Neutral,42,"[""현재가 115,400원만으로는 향후 20거래일 방향을 판단할 수 있는 추세·모멘텀·밸류에이션 정보가 제공되지 않았습니다."", ""종목명과 시장 정보 외에 실적, 수급, 기술적 지표, 업황 데이터가 없어 상승 또는 하락 근거를 데이터로 확인할 수 없습니다."", ""제공된 데이터만을 근거로 하면 Buy와 Sell 중 어느 쪽도 우위가 없으므로 방향성 확신이 부족해 Neutral이 적절합니다.""]"
000660,SK하이닉스,2023-11-01,120300,Neutral,50,"[""현재가 120,300원 정보만으로는 향후 20거래일 방향을 판단할 수 있는 추세·모멘텀·밸류에이션 데이터가 제공되지 않았습니다."", ""거래량, 실적, 수급, 기술적 지표 등 상승 또는 하락 근거가 되는 핵심 데이터가 없어 Buy와 Sell 중 어느 쪽도 우세하다고 보기 어렵습니다."", ""제공된 데이터만 근거로 할 때 방향성이 불명확하므로 적극적 판단으로는 Neutral이 적절합니다.""]"
000660,SK하이닉스,2023-12-01,132600,Neutral,42,"[""현재가 132,600원만으로는 향후 20거래일 방향을 판단할 수 있는 추세·모멘텀 정보가 제공되지 않았습니다."", ""재무, 실적, 수급, 밸류에이션, 기술적 지표 등 상승 또는 하락을 지지하는 추가 데이터가 없어 근거가 부족합니다."", ""제공된 정보가 종목명과 현재가뿐이므로 Buy와 Sell 중 어느 쪽도 우위라고 보기 어렵습니다.""]"
000660,SK하이닉스,2024-01-02,142400,Neutral,42,"[""제공된 정보가 종목명, 현재가, 시장 구분뿐이라 20거래일 방향성을 판단할 수 있는 가격 추세·거래량·실적·밸류에이션 데이터가 없다."", ""상승과 하락을 가를 수 있는 기술적 지표나 수급 정보가 전혀 없어 Buy 또는 Sell을 지지할 근거가 부족하다."", ""주어진 데이터만으로는 방향성이 불명확하므로 적극적 판단으로는 Neutral이 가장 적절하다.""]"
000660,SK하이닉스,2024-02-01,132700,Neutral,42,"[""현재가 132,700원만으로는 20거래일 내 상승·하락 방향을 판단할 수 있는 추세, 밸류에이션, 실적, 수급 데이터가 제공되지 않았습니다."", ""종목 정보에는 시장과 현재가만 있어 기술적 모멘텀이나 펀더멘털 우위 여부를 확인할 근거가 없습니다."", ""제공된 데이터만 근거로 해야 하므로 상승과 하락 중 어느 쪽도 우세하다고 결론내리기 어렵습니다.""]"
000660,SK하이닉스,2024-03-04,166500,Neutral,0,"[""종목명, 현재가, 상장 시장 외에 주가 방향을 판단할 수 있는 재무·수급·기술적 데이터가 제공되지 않았습니다."", ""향후 20거래일 상승 또는 하락을 지지하는 근거를 제공된 정보만으로는 확인할 수 없습니다."", ""브랜드 이미지나 과거 명성은 배제해야 하므로, 현재 입력만으로는 Buy 또는 Sell을 선택할 근거가 부족합니다.""]"
000660,SK하이닉스,2024-04-01,185500,Neutral,50,"[""현재가 185,500원만으로는 향후 20거래일 방향을 판단할 수 있는 추세·모멘텀 정보가 제공되지 않았습니다."", ""재무, 실적, 밸류에이션, 수급, 기술적 지표 등 상승 또는 하락을 뒷받침할 추가 데이터가 없어 근거가 부족합니다."", ""제공된 정보가 종목명과 현재가뿐이므로 Buy와 Sell 중 어느 쪽도 우위라고 보기 어렵습니다.""]"
000660,SK하이닉스,2024-05-02,173600,Neutral,42,"[""현재가 173,600원만으로는 20거래일 내 상승·하락 방향을 판단할 수 있는 추세, 밸류에이션, 실적, 수급 데이터가 제공되지 않았습니다."", ""종목명과 시장 정보 외에 기술적 지표나 최근 가격 흐름이 없어 Buy 또는 Sell을 지지할 근거가 부족합니다."", ""제공된 데이터만을 근거로 해야 하므로 방향성을 확신할 수 없어 Neutral이 가장 적절합니다.""]"
000660,SK하이닉스,2024-06-03,194200,Neutral,41,"[""제공된 정보가 종목명, 현재가, 시장 구분뿐이라 20거래일 방향성을 판단할 수 있는 가격 추세·거래량·실적·밸류에이션 데이터가 없다."", ""상승과 하락을 가늠할 수 있는 기술적 지표나 수급 정보가 전혀 없어 Buy 또는 Sell을 지지할 근거가 부족하다."", ""주어진 데이터만으로는 방향성이 불명확하므로 적극적 판단으로는 Neutral이 가장 적절하다.""]"
000660,SK하이닉스,2024-07-01,235500,Neutral,50,"[""현재가 235,500원만으로는 향후 20거래일 방향을 판단할 수 있는 추세·모멘텀 정보가 제공되지 않았습니다."", ""재무, 실적, 수급, 기술적 지표 등 방향성을 뒷받침할 추가 데이터가 없어 상승·하락 근거를 비교할 수 없습니다."", ""제공된 정보가 종목명, 현재가, 시장 구분에 한정되어 있어 Buy 또는 Sell을 선택할 만큼의 확신을 가질 수 없습니다.""]"
000660,SK하이닉스,2024-08-01,193300,Neutral,42,"[""제공된 정보가 종목명, 현재가, 시장 구분뿐이라 20거래일 방향성을 판단할 수 있는 가격 추세·거래량·실적·밸류에이션 데이터가 없다."", ""상승과 하락을 가를 수 있는 기술적 지표나 수급 정보가 전혀 없어 Buy 또는 Sell을 지지할 근거가 부족하다."", ""브랜드 이미지나 과거 명성은 배제해야 하므로, 현재 제공 데이터만으로는 방향성이 불명확해 Neutral이 가장 적절하다.""]"
000660,SK하이닉스,2024-09-02,174000,Neutral,42,"[""현재가 174,000원만으로는 20거래일 내 상승·하락 방향을 판단할 수 있는 추세, 밸류에이션, 실적, 수급 데이터가 제공되지 않았습니다."", ""종목명과 시장 정보 외에 기술적 지표나 거래량, 이동평균, 모멘텀 관련 데이터가 없어 방향성 우위를 확인할 근거가 없습니다."", ""제공된 데이터만을 근거로 해야 하므로 상승과 하락 중 어느 쪽도 확신할 수 없어 Neutral이 적절합니다.""]"
000660,SK하이닉스,2024-10-02,169100,Neutral,42,"[""현재가 169,100원만으로는 향후 20거래일 방향을 판단할 수 있는 추세·밸류에이션·실적 데이터가 제공되지 않았습니다."", ""상승 또는 하락을 지지하는 기술적 지표, 거래량, 수급, 실적 모멘텀 정보가 없어 Buy와 Sell 중 우위를 둘 근거가 부족합니다."", ""제공된 데이터가 종목명과 현재가뿐이므로 방향성 확신이 낮아 Neutral이 가장 적절합니다.""]"
000660,SK하이닉스,2024-11-01,182200,Neutral,50,"[""현재가 정보만 제공되어 20거래일 내 상승 또는 하락을 판단할 수 있는 추세·모멘텀 데이터가 없습니다."", ""재무지표, 실적, 밸류에이션, 수급, 기술적 지표 등 방향성을 뒷받침할 추가 데이터가 제공되지 않았습니다."", ""제공된 데이터만으로는 상승·하락 근거가 균형을 이루는지조차 확인할 수 없어 적극적 판단은 Neutral이 적절합니다.""]"
000660,SK하이닉스,2024-12-02,158800,Neutral,42,"[""현재가 158,800원만으로는 향후 20거래일 방향을 판단할 수 있는 추세·모멘텀 정보가 제공되지 않았습니다."", ""재무, 실적, 밸류에이션, 수급, 기술적 지표 등 방향성을 뒷받침할 데이터가 없어 상승·하락 근거를 비교할 수 없습니다."", ""제공된 정보가 종목명과 시장 구분에 한정되어 있어 확신 가능한 매매 신호를 낼 수 없으므로 Neutral이 적절합니다.""]"
000660,SK하이닉스,2025-01-02,171200,Neutral,42,"[""현재가 171,200원만으로는 향후 20거래일 방향을 판단할 수 있는 추세·모멘텀·밸류에이션 정보가 제공되지 않았습니다."", ""상승 또는 하락을 지지하는 기술적 지표, 실적 추정치, 수급 데이터가 없어 Buy와 Sell 중 어느 쪽도 우위라고 보기 어렵습니다."", ""제공된 데이터가 종목명, 현재가, 시장 정보에 한정되어 있어 방향성 확신이 불가능하므로 Neutral이 적절합니다.""]"
000660,SK하이닉스,2025-02-03,190900,Neutral,41,"[""제공된 정보가 종목명, 현재가, 시장 구분뿐이라 20거래일 방향성을 판단할 수 있는 가격 추세·거래량·실적·밸류에이션 데이터가 없다."", ""상승과 하락을 가늠할 수 있는 기술적 지표나 수급 지표가 전혀 없어 Buy 또는 Sell을 지지할 근거가 부족하다."", ""주어진 데이터만으로는 방향성이 불명확하므로 적극적 선택으로서 Neutral이 가장 타당하다.""]"
000660,SK하이닉스,2025-03-04,186100,Neutral,50,"[""현재가 186,100원만 제공되어 추세, 거래량, 변동성, 수급 등 20거래일 방향성을 판단할 핵심 데이터가 없다."", ""기업 실적, 밸류에이션, 기술적 지표가 제시되지 않아 상승과 하락 어느 쪽도 우위라고 결론내릴 근거가 부족하다."", ""제공된 정보만으로는 방향성이 불명확하므로 적극적 판단은 Neutral이 적절하다.""]"
000660,SK하이닉스,2025-04-01,197000,Neutral,50,"[""현재가 197,000원만 제공되어 추세, 변동성, 거래량, 수급 등 20거래일 방향성을 판단할 핵심 데이터가 부족합니다."", ""상승·하락을 지지하는 기술적 지표나 실적/밸류에이션 정보가 없어 Buy 또는 Sell을 선택할 근거가 충분하지 않습니다."", ""제공된 정보만으로는 향후 20거래일 내 주가 방향을 확신할 수 없어 Neutral이 가장 적절합니다.""]"
000660,SK하이닉스,2025-05-02,186000,Neutral,42,"[""현재가 186,000원만 제공되어 추세, 변동성, 거래량, 실적, 밸류에이션 등 20거래일 방향성을 판단할 핵심 데이터가 부족합니다."", ""제공된 정보에는 상승을 지지하는 기술적·수급적 근거와 하락을 지지하는 근거가 모두 없어 Buy 또는 Sell을 단정할 수 없습니다."", ""브랜드 이미지나 과거 명성은 배제해야 하므로, 현재 주어진 데이터만으로는 향후 20거래일 주가 방향을 확신하기 어렵습니다.""]"
000660,SK하이닉스,2025-06-02,207500,Neutral,42,"[""현재가 207,500원만으로는 향후 20거래일 방향을 판단할 수 있는 추세·밸류에이션·실적 데이터가 제공되지 않았습니다."", ""상승 또는 하락을 지지하는 기술적 지표, 거래량, 수급, 실적 모멘텀 정보가 없어 Buy와 Sell 중 우위를 둘 근거가 부족합니다."", ""제공된 데이터가 종목명, 현재가, 시장 정보에 한정되어 있어 방향성 확신이 불가능하므로 Neutral이 가장 적절합니다.""]"
000660,SK하이닉스,2025-07-01,285500,Neutral,42,"[""현재가 285,500원만 제시되어 있어 추세, 변동성, 거래량, 수급 등 20거래일 방향성을 판단할 핵심 데이터가 부족합니다."", ""제공된 정보에는 실적, 밸류에이션, 기술적 지표, 시장 대비 상대강도 같은 상승·하락 근거가 없어 Buy 또는 Sell을 정당화하기 어렵습니다."", ""브랜드나 과거 명성을 배제하고 제공 데이터만 사용해야 하므로, 현재 입력만으로는 방향성을 확신할 수 없어 Neutral이 적절합니다.""]"
000660,SK하이닉스,2025-08-01,258000,Neutral,50,"[""현재가 258,000원만 제공되어 추세, 변동성, 거래량, 수급 등 20거래일 방향성을 판단할 핵심 데이터가 부족합니다."", ""기업의 브랜드 이미지나 과거 명성은 배제해야 하므로, 제공된 정보만으로는 상승 또는 하락 우위를 정할 근거가 없습니다."", ""Buy와 Sell 중 어느 쪽도 데이터 기반으로 우세하다고 보기 어려워 방향성 불명확에 해당하는 Neutral이 적절합니다.""]"
000660,SK하이닉스,2025-09-01,256000,Neutral,50,"[""현재가 256,000원만 제공되어 추세, 변동성, 거래량, 수급, 실적 등 20거래일 방향성을 판단할 핵심 데이터가 없다."", ""상승과 하락을 가늠할 수 있는 기술적 지표나 펀더멘털 지표가 전혀 없어 Buy 또는 Sell을 단정할 근거가 부족하다."", ""제공된 정보만으로는 방향성이 불명확하므로 적극적 판단으로는 Neutral이 가장 적절하다.""]"
000660,SK하이닉스,2025-10-01,360000,Neutral,41,"[""현재가 360,000원만으로는 향후 20거래일 방향을 판단할 수 있는 추세·밸류에이션·실적 데이터가 제공되지 않았습니다."", ""상승 또는 하락을 지지하는 기술적 지표, 거래량, 수급, 실적 모멘텀 정보가 없어 Buy와 Sell 중 우위를 둘 근거가 부족합니다."", ""제공된 정보가 종목명, 현재가, 시장 구분에 한정되어 있어 방향성 확신이 불가능하므로 Neutral이 적절합니다.""]"
000660,SK하이닉스,2025-11-03,620000,Neutral,50,"[""현재가 620,000원만 제공되어 추세, 거래량, 실적, 밸류에이션 등 20거래일 방향성을 판단할 핵심 데이터가 없다."", ""제공된 정보에는 상승을 지지하는 기술적·수급적 근거와 하락을 지지하는 근거가 모두 없어 Buy와 Sell 중 우위를 정하기 어렵다."", ""브랜드 이미지나 과거 명성은 배제해야 하므로, 종목명 외 추가 데이터가 없는 상황에서는 방향성을 확신할 수 없어 Neutral이 적절하다.""]"
000660,SK하이닉스,2025-12-01,538000,Neutral,42,"[""현재가 538,000원만으로는 향후 20거래일 방향을 판단할 수 있는 추세·밸류에이션·실적 데이터가 제공되지 않았습니다."", ""매수·매도 우위를 가를 기술적 지표, 거래량, 수급, 실적 전망 등 핵심 근거가 없어 상승 또는 하락을 확신하기 어렵습니다."", ""제공된 정보가 종목명, 현재가, 시장 구분에 한정되어 있어 방향성 판단은 불명확하므로 Neutral이 적절합니다.""]"
207940,삼성바이오로직스,2023-01-02,1217132,Neutral,42,"[""제공된 정보가 종목명, 현재가, 시장 구분뿐이라 20거래일 방향성을 판단할 수 있는 가격·거래량·실적·수급 데이터가 없다."", ""상승 또는 하락을 지지하는 정량적 근거가 전혀 제시되지 않아 Buy와 Sell 중 어느 쪽도 우위라고 보기 어렵다."", ""브랜드 이미지·과거 명성은 배제해야 하므로, 현재 제공 데이터만으로는 방향성 확신이 불가능하다.""]"
207940,삼성바이오로직스,2023-02-01,1183282,Neutral,42,"[""현재가 정보만 제공되어 20거래일 내 상승·하락을 판단할 수 있는 추세, 모멘텀, 거래량, 밸류에이션 비교 데이터가 없다."", ""종목명과 시장 정보 외에 실적, 수급, 기술적 지표, 이벤트 일정 등 방향성을 결정할 근거가 제시되지 않았다."", ""제공된 데이터만을 근거로 하면 상승과 하락 어느 쪽도 우위라고 보기 어려워 방향성 확신이 불가능하다.""]"
207940,삼성바이오로직스,2023-03-02,1136186,Neutral,41,"[""현재가 1,136,186원에 대한 추가 기술적·수급·실적 데이터가 제공되지 않아 향후 20거래일 방향성을 판단할 근거가 부족합니다."", ""종목명과 시장 정보(KOSPI) 외에 추세, 거래량, 변동성, 밸류에이션, 실적 모멘텀 등의 핵심 판단 자료가 없어 상승·하락 우위를 가를 수 없습니다."", ""제공된 데이터만을 근거로 해야 하므로 확신 가능한 매수 또는 매도 신호를 만들 수 없어 Neutral이 가장 적절합니다.""]"
207940,삼성바이오로직스,2023-04-03,1145017,Neutral,52,"[""제공된 정보가 종목명, 현재가, 시장 구분뿐이라 20거래일 방향성을 판단할 수 있는 가격·거래량·실적·밸류에이션 데이터가 없다."", ""상승 또는 하락을 지지하는 기술적 지표나 수급 지표가 전혀 없어 Buy와 Sell 중 어느 쪽도 우세하다고 보기 어렵다."", ""브랜드 이미지와 과거 명성을 배제해야 하므로, 현재 주어진 데이터만으로는 방향성 확신이 부족해 Neutral이 적절하다.""]"
207940,삼성바이오로직스,2023-05-02,1128828,Neutral,42,"[""제공된 정보가 종목명, 현재가, 시장 구분뿐이라 20거래일 방향성을 판단할 수 있는 가격·거래량·실적·수급 데이터가 없다."", ""상승과 하락을 가늠할 수 있는 기술적 지표나 펀더멘털 지표가 전혀 없어 Buy 또는 Sell 근거가 부족하다."", ""주어진 데이터만으로는 방향성이 불명확하므로 적극적 판단으로는 Neutral이 가장 적절하다.""]"
207940,삼성바이오로직스,2023-06-01,1159734,Neutral,42,"[""현재가 1,159,734원만으로는 20거래일 내 상승 또는 하락 방향을 판단할 수 있는 추세·모멘텀 데이터가 제공되지 않았습니다."", ""종목 정보에 시장(KOSPI)과 종목명만 있고, 재무·실적·수급·기술적 지표가 없어 Buy 또는 Sell을 지지할 근거가 부족합니다."", ""제공된 데이터 범위 내에서는 상승·하락 근거가 균형을 이루는 수준이 아니라 아예 방향성을 확정할 수 없어 Neutral이 적절합니다.""]"
207940,삼성바이오로직스,2023-07-03,1093506,Neutral,42,"[""현재가 1,093,506원만으로는 향후 20거래일 방향을 판단할 수 있는 추세·모멘텀 정보가 제공되지 않았습니다."", ""매출, 이익, 밸류에이션, 수급, 기술적 지표 등 상승 또는 하락을 지지하는 핵심 데이터가 제시되지 않았습니다."", ""제공된 정보가 종목명, 시장, 현재가에 한정되어 있어 Buy와 Sell 중 어느 쪽도 우위라고 결론내리기 어렵습니다.""]"
207940,삼성바이오로직스,2023-08-01,1180339,Neutral,42,"[""제공된 정보가 종목명, 현재가, 상장 시장뿐이라 20거래일 방향성을 판단할 수 있는 가격·거래량·실적·수급 데이터가 없다."", ""상승과 하락을 가늠할 수 있는 기술적 지표나 최근 추세 정보가 전혀 없어 Buy 또는 Sell 근거가 부족하다."", ""주어진 데이터만으로는 방향성이 불명확하므로 적극적 판단으로는 Neutral이 가장 적절하다.""]"
207940,삼성바이오로직스,2023-09-01,1078788,Neutral,42,"[""현재가 정보만 제공되어 20거래일 내 상승·하락을 판단할 수 있는 추세, 거래량, 변동성, 수급 데이터가 없다."", ""기업 실적, 밸류에이션, 기술적 지표 등 방향성을 뒷받침할 핵심 근거가 제시되지 않았다."", ""제공된 데이터만으로는 상승과 하락 어느 쪽도 우위라고 보기 어려워 Neutral이 적절하다.""]"
207940,삼성바이오로직스,2023-10-04,1016975,Neutral,41,"[""제공된 정보가 종목명과 현재가뿐이라 20거래일 방향성을 판단할 수 있는 가격·거래량·실적·수급 데이터가 없다."", ""상승과 하락을 가늠할 수 있는 기술적 지표나 최근 추세가 전혀 제시되지 않아 Buy 또는 Sell 근거가 부족하다."", ""브랜드 이미지나 과거 명성은 배제해야 하므로, 현재 제공 데이터만으로는 방향성에 대한 확신을 가질 수 없다.""]"
207940,삼성바이오로직스,2023-11-01,1034636,Neutral,42,"[""현재가 1,034,636원만으로는 20거래일 내 상승·하락 방향을 판단할 수 있는 추세 정보가 제공되지 않았습니다."", ""거래량, 이동평균, 수급, 실적, 밸류에이션 등 방향성을 뒷받침할 핵심 데이터가 없어 매수·매도 우위를 가를 근거가 부족합니다."", ""브랜드 이미지나 과거 명성은 배제해야 하므로, 제공된 정보만 기준으로는 확신 가능한 상승 또는 하락 시그널이 없습니다.""]"
207940,삼성바이오로직스,2023-12-01,1046410,Neutral,42,"[""현재가 1,046,410원만 제시되어 있어 최근 추세, 변동성, 거래량 등 20거래일 방향성을 판단할 핵심 가격 데이터가 부족합니다."", ""기업 실적, 밸류에이션, 수급, 기술적 지표가 제공되지 않아 상승 또는 하락 근거를 데이터로 확인할 수 없습니다."", ""제공된 정보만으로는 Buy와 Sell 중 어느 쪽도 우위라고 보기 어려워 방향성 확신이 불가능합니다.""]"
207940,삼성바이오로직스,2024-01-02,1161206,Neutral,42,"[""종목 정보에 현재가와 시장 구분만 있고, 20거래일 방향을 판단할 수 있는 가격 추세·거래량·수급·실적 관련 데이터가 제공되지 않았습니다."", ""제공된 데이터만으로는 상승과 하락 어느 쪽의 우위도 확인할 수 없어 Buy 또는 Sell 근거가 부족합니다."", ""브랜드 이미지나 과거 명성은 배제해야 하므로, 현재 입력된 정보만 기준으로는 방향성을 확신하기 어렵습니다.""]"
207940,삼성바이오로직스,2024-02-01,1220076,Neutral,41,"[""제공된 정보가 종목명, 현재가, 시장 구분뿐이라 20거래일 방향성을 판단할 수 있는 가격·거래량·실적·수급 데이터가 없다."", ""상승과 하락을 가늠할 수 있는 기술적 지표나 밸류에이션, 이벤트 정보가 전혀 없어 Buy 또는 Sell 근거가 부족하다."", ""주어진 데이터만으로는 방향성이 불명확하므로 적극적 판단으로는 Neutral이 가장 적절하다.""]"
207940,삼성바이오로직스,2024-03-04,1139130,Neutral,42,"[""제공된 정보가 종목명, 현재가, 시장 구분뿐이라 20거래일 방향을 판단할 수 있는 가격·거래량·실적·수급 데이터가 없다."", ""상승 또는 하락을 지지하는 기술적 지표나 펀더멘털 지표가 제시되지 않아 Buy와 Sell 중 어느 쪽도 우세하다고 보기 어렵다."", ""브랜드 이미지·과거 명성은 배제해야 하므로, 현재 제공 데이터만으로는 방향성 확신이 불가능해 Neutral이 적절하다.""]"
207940,삼성바이오로직스,2024-04-01,1200943,Neutral,50,"[""제공된 정보가 종목명, 현재가, 시장 구분뿐이라 20거래일 방향성을 판단할 수 있는 가격 추세나 수급 데이터가 없다."", ""상승·하락을 가늠할 재무, 실적, 밸류에이션, 거래량, 변동성 등의 근거가 전혀 제시되지 않았다."", ""브랜드 이미지나 과거 명성은 배제해야 하므로, 현재 제공 데이터만으로는 Buy 또는 Sell을 정당화할 수 없다.""]"
207940,삼성바이오로직스,2024-05-02,1140601,Neutral,41,"[""제공된 정보가 종목명, 현재가, 시장 구분뿐이라 20거래일 방향성을 판단할 수 있는 가격 추세·거래량·실적·밸류에이션 데이터가 없다."", ""상승과 하락을 가늠할 수 있는 기술적 지표나 수급 지표가 전혀 없어 Buy 또는 Sell을 지지할 근거가 부족하다."", ""브랜드 이미지나 과거 명성은 배제해야 하므로, 현재 제공 데이터만으로는 방향성이 불명확해 Neutral이 가장 적절하다.""]"
207940,삼성바이오로직스,2024-06-03,1106751,Neutral,0,"[""종목명, 현재가, 상장 시장 외에 주가 방향을 판단할 수 있는 재무·수급·기술적 데이터가 제공되지 않았습니다."", ""향후 20거래일 상승 또는 하락을 지지하는 근거가 데이터상 전혀 확인되지 않아 Buy/Sell 판단이 불가능합니다."", ""제공된 정보만으로는 방향성을 확신할 수 없으므로 Neutral이 가장 적절합니다.""]"
207940,삼성바이오로직스,2024-07-01,1117054,Neutral,42,"[""종목 정보로는 현재가와 시장 구분만 제공되어 있어 20거래일 방향성을 판단할 수 있는 추세·모멘텀·밸류에이션 근거가 부족합니다."", ""상승 또는 하락을 지지하는 기술적 지표, 실적, 수급, 이벤트 데이터가 전혀 없어 Buy와 Sell 중 어느 쪽도 우세하다고 보기 어렵습니다."", ""제공된 데이터만 기준으로는 방향성 확신이 불가능하므로 적극적 중립 판단이 가장 타당합니다.""]"
207940,삼성바이오로직스,2024-08-01,1361363,Neutral,42,"[""현재가 1,361,363원만으로는 20거래일 내 상승·하락 방향을 판단할 수 있는 추세 정보가 제공되지 않았습니다."", ""재무, 실적, 밸류에이션, 수급, 거래량, 기술적 지표 등 방향성을 판단할 핵심 데이터가 제시되지 않았습니다."", ""제공된 정보가 종목명과 시장 구분에 한정되어 있어 상승과 하락 근거가 균형을 이루기보다 아예 부족하므로 Neutral이 적절합니다.""]"
207940,삼성바이오로직스,2024-09-02,1420233,Neutral,50,"[""종목 정보로는 현재가와 시장 구분만 제공되어 있어 20거래일 방향성을 판단할 수 있는 추세·모멘텀·밸류에이션 근거가 부족합니다."", ""상승 또는 하락을 지지하는 재무, 실적, 수급, 기술적 지표가 제시되지 않아 Buy와 Sell 중 어느 쪽도 우위라고 보기 어렵습니다."", ""제공된 데이터만을 근거로 하면 방향성이 불명확하므로 적극적 선택으로서 Neutral이 가장 타당합니다.""]"
207940,삼성바이오로직스,2024-10-02,1437894,Neutral,42,"[""현재가 정보만 제공되어 20거래일 내 상승 또는 하락을 판단할 수 있는 추세·모멘텀 데이터가 없다."", ""재무, 실적, 수급, 거래량, 기술적 지표가 전혀 없어 방향성을 지지하는 근거가 부족하다."", ""제공된 데이터만으로는 상승·하락 어느 쪽도 우위라고 보기 어려워 Neutral이 적절하다.""]"
207940,삼성바이오로직스,2024-11-01,1468800,Neutral,42,"[""제공된 정보가 종목명, 현재가, 시장 구분뿐이라 20거래일 방향성을 판단할 수 있는 가격 추세·거래량·실적·밸류에이션 데이터가 없다."", ""상승과 하락을 가늠할 수 있는 기술적 지표나 수급 정보가 전혀 없어 Buy 또는 Sell 근거를 만들 수 없다."", ""주어진 데이터만으로는 방향성이 불명확하므로 적극적 선택은 Neutral이 적절하다.""]"
207940,삼성바이오로직스,2024-12-02,1429063,Neutral,50,"[""제공된 정보가 종목명, 현재가, 시장 구분뿐이라 20거래일 방향성을 판단할 수 있는 가격·거래량·실적·밸류에이션 데이터가 없다."", ""상승과 하락을 가늠할 수 있는 기술적 지표나 수급 정보가 전혀 없어 Buy 또는 Sell 근거를 만들 수 없다."", ""브랜드 이미지와 과거 명성은 배제해야 하므로, 현재 주어진 데이터만으로는 방향성이 불명확해 Neutral이 적절하다.""]"
207940,삼성바이오로직스,2025-01-02,1374609,Neutral,42,"[""제공된 정보가 종목명, 현재가, 시장 구분뿐이라 20거래일 방향을 판단할 수 있는 가격 추세·실적·수급 데이터가 없다."", ""상승 또는 하락을 지지하는 기술적 지표, 거래량 변화, 변동성 정보가 전혀 없어 방향성 우위를 확인할 근거가 없다."", ""브랜드 이미지나 과거 명성은 배제해야 하므로, 현재 제공 데이터만으로는 Buy나 Sell을 선택할 만한 객관적 근거가 부족하다.""]"
207940,삼성바이오로직스,2025-02-03,1611560,Neutral,42,"[""현재가 1,611,560원만으로는 20거래일 내 상승·하락 방향을 판단할 수 있는 추세 정보가 제공되지 않았습니다."", ""거래량, 이동평균, 수급, 실적, 밸류에이션 등 방향성을 뒷받침할 핵심 데이터가 없어 매수·매도 우위를 가리기 어렵습니다."", ""브랜드 이미지나 과거 명성은 배제해야 하므로, 제공된 정보만 기준으로는 확신 가능한 투자 방향을 도출할 수 없습니다.""]"
207940,삼성바이오로직스,2025-03-04,1648353,Neutral,42,"[""현재가 1,648,353원만으로는 향후 20거래일 방향을 판단할 수 있는 추세·밸류에이션·수급 정보가 제공되지 않았습니다."", ""종목명과 시장 정보(KOSPI) 외에 실적, 차트, 거래량, 수급, 이벤트 등 상승 또는 하락 근거가 없어 매수·매도 우위를 정하기 어렵습니다."", ""제공된 데이터만을 근거로 해야 하므로 방향성이 불명확한 상황에 해당해 Neutral이 가장 적절합니다.""]"
207940,삼성바이오로직스,2025-04-01,1557105,Neutral,42,"[""제공된 정보가 종목명과 현재가뿐이라 20거래일 내 상승·하락을 판단할 수 있는 추세, 밸류에이션, 실적, 수급 데이터가 없다."", ""KOSPI 상장 정보만으로는 단기 방향성을 지지하는 충분한 근거가 되지 않으며, 브랜드나 과거 명성은 판단에서 배제해야 한다."", ""상승과 하락 어느 쪽도 데이터상 우위를 확인할 수 없어 적극적 선택은 Neutral이 적절하다.""]"
207940,삼성바이오로직스,2025-05-02,1596842,Neutral,42,"[""제공된 정보가 종목명, 현재가, 시장 구분뿐이라 20거래일 방향성을 판단할 수 있는 가격·거래량·추세 데이터가 없습니다."", ""상승 또는 하락을 지지하는 기술적 지표, 실적 추정치, 수급 정보가 전혀 없어 Buy와 Sell 중 어느 쪽도 우위라고 보기 어렵습니다."", ""브랜드 이미지나 과거 명성은 배제해야 하므로, 현재 주어진 데이터만으로는 방향성 확신이 불가능해 Neutral이 적절합니다.""]"
207940,삼성바이오로직스,2025-06-02,1517368,Neutral,42,"[""현재가 1,517,368원이라는 절대 가격 정보만으로는 향후 20거래일 방향성을 판단할 수 있는 추세·밸류에이션·수급 근거가 제공되지 않았습니다."", ""종목명과 시장(KOSPI) 정보 외에 실적, 거래량, 이동평균, 변동성, 수급 등 방향 판단에 필요한 데이터가 없어 상승 또는 하락 우위를 정하기 어렵습니다."", ""제공된 데이터만을 근거로 해야 하므로, 확실한 매수·매도 신호가 없을 때의 적절한 선택은 Neutral입니다.""]"
207940,삼성바이오로직스,2025-07-01,1476159,Neutral,50,"[""제공된 정보는 종목명, 현재가, 시장 구분뿐이며 20거래일 방향성을 판단할 수 있는 가격 추세·거래량·실적·밸류에이션 데이터가 없다."", ""상승과 하락을 가늠할 수 있는 기술적 지표나 수급 정보가 없어 Buy 또는 Sell을 우위로 둘 근거가 부족하다."", ""주어진 데이터만으로는 향후 20거래일 내 주가 방향이 불명확하므로 Neutral이 가장 적절하다.""]"
207940,삼성바이오로직스,2025-08-01,1521783,Neutral,50,"[""현재가 1,521,783원만 제공되어 추세, 변동성, 거래량, 수급, 실적 등 20거래일 방향 판단에 필요한 핵심 데이터가 없다."", ""제공된 정보에는 상승을 지지하는 기술적 신호나 하락을 지지하는 기술적 신호가 없어 Buy 또는 Sell 근거를 만들 수 없다."", ""브랜드 이미지나 과거 명성은 배제해야 하므로, 종목명만으로는 향후 주가 방향성을 판단할 수 없다.""]"
207940,삼성바이오로직스,2025-09-01,1465857,Neutral,32,"[""종목 정보로는 현재가와 시장 구분만 제공되어 있어 20거래일 방향을 판단할 수 있는 추세·모멘텀·밸류에이션 근거가 부족합니다."", ""상승 또는 하락을 지지하는 재무, 실적, 수급, 기술적 지표가 전혀 제시되지 않아 Buy와 Sell 중 어느 쪽도 우세하다고 보기 어렵습니다."", ""제공된 데이터만을 근거로 하면 방향성이 불명확하므로 적극적 판단으로는 Neutral이 가장 적절합니다.""]"
207940,삼성바이오로직스,2025-10-01,1479103,Neutral,41,"[""제공된 정보가 종목명, 현재가, 시장 구분뿐이라 20거래일 방향성을 판단할 수 있는 가격·거래량·실적·수급 데이터가 없다."", ""상승 또는 하락을 지지하는 정량적 근거가 전혀 제시되지 않아 Buy와 Sell 중 어느 쪽도 우세하다고 볼 수 없다."", ""주어진 데이터만 근거로 하면 방향성 확신이 불가능하므로 적극적 중립 판단이 적절하다.""]"
207940,삼성바이오로직스,2025-11-03,1797000,Neutral,42,"[""현재가 1,797,000원만 제시되어 있어 최근 추세, 거래량, 변동성, 수급 등 20거래일 방향성을 판단할 핵심 데이터가 부족합니다."", ""상장 시장이 KOSPI라는 정보 외에 실적, 밸류에이션, 기술적 지표가 없어 상승 또는 하락 근거를 우세하게 만들 수 없습니다."", ""제공된 데이터만으로는 향후 20거래일 내 주가가 상승하거나 하락할 확률을 구분할 수 없어 Neutral이 가장 적절합니다.""]"
207940,삼성바이오로직스,2025-12-01,1649000,Neutral,50,"[""제공된 정보가 종목명, 현재가, 시장 구분뿐이라 20거래일 방향성을 판단할 수 있는 가격·거래량·실적·수급 데이터가 없다."", ""상승 또는 하락을 지지하는 정량적 근거가 전혀 제시되지 않아 Buy와 Sell 중 어느 쪽도 우위라고 보기 어렵다."", ""주어진 데이터만을 근거로 하면 방향성 확신이 불가능하므로 적극적 중립 판단이 가장 타당하다.""]"
068270,셀트리온,2023-01-02,147192,Neutral,42,"[""제공된 정보가 종목명, 현재가, 시장 구분뿐이라 20거래일 방향성을 판단할 수 있는 가격 추세·거래량·실적·밸류에이션 데이터가 없다."", ""상승과 하락을 가를 수 있는 기술적 지표나 수급 정보가 전혀 없어 Buy 또는 Sell을 강하게 선택할 근거가 부족하다."", ""브랜드 이미지나 과거 명성은 배제해야 하므로, 현재 제공 데이터만으로는 방향성이 불명확해 Neutral이 가장 적절하다.""]"
068270,셀트리온,2023-02-01,156208,Neutral,42,"[""제공된 정보가 종목명, 현재가, 시장 구분뿐이라 20거래일 방향성을 판단할 수 있는 가격 추세·거래량·실적·수급 데이터가 없다."", ""상승과 하락을 가를 기술적·기본적 근거가 전혀 제시되지 않아 Buy 또는 Sell을 선택할 만한 객관적 근거가 부족하다."", ""주어진 데이터만 기준으로는 방향성이 불명확하므로 적극적 판단으로는 Neutral이 가장 적절하다.""]"
068270,셀트리온,2023-03-02,132197,Neutral,42,"[""현재가 132,197원만으로는 20거래일 내 상승·하락 방향을 판단할 수 있는 추세, 모멘텀, 밸류에이션 정보가 제공되지 않았습니다."", ""종목명과 시장 정보(KOSPI) 외에 거래량, 이동평균, 실적, 수급, 변동성 등 방향성을 결정할 핵심 데이터가 없어 우위 판단이 어렵습니다."", ""제공된 데이터만을 근거로 해야 하므로 상승과 하락 근거가 모두 부족해 적극적 선택은 Neutral이 적절합니다.""]"
068270,셀트리온,2023-04-03,137992,Neutral,42,"[""제공된 정보가 종목명, 현재가, 시장 구분뿐이라 20거래일 방향성을 판단할 수 있는 가격·거래량·실적·수급 데이터가 없다."", ""상승과 하락을 가늠할 수 있는 기술적 지표나 이벤트 정보가 없어 Buy 또는 Sell 근거가 모두 부족하다."", ""주어진 데이터만으로는 방향성이 불명확하므로 적극적 판단으로는 Neutral이 가장 적절하다.""]"
068270,셀트리온,2023-05-02,147560,Neutral,42,"[""제공된 정보가 종목명, 현재가, 시장 구분뿐이라 20거래일 방향성을 판단할 수 있는 가격 추세·거래량·실적·밸류에이션 데이터가 없다."", ""상승과 하락을 지지하는 정량 지표가 전혀 없어 Buy 또는 Sell을 선택할 근거가 부족하다."", ""브랜드 이미지나 과거 명성을 배제해야 하므로, 현재 제공 데이터만으로는 방향성 확신이 불가능하다.""]"
068270,셀트리온,2023-06-01,161360,Neutral,52,"[""제공된 정보가 종목명, 현재가, 시장 구분뿐이라 20거래일 방향을 판단할 수 있는 가격·거래량·실적·수급 데이터가 없다."", ""상승과 하락을 가늠할 기술적 지표나 펀더멘털 지표가 전혀 없어 Buy 또는 Sell을 강하게 선택할 근거가 부족하다."", ""주어진 데이터만 기준으로 하면 방향성 우위가 확인되지 않으므로 Neutral이 가장 적절하다.""]"
068270,셀트리온,2023-07-03,139464,Neutral,41,"[""제공된 정보가 종목명, 현재가, 시장 구분뿐이라 20거래일 방향성을 판단할 수 있는 가격 추세·거래량·실적·밸류에이션 데이터가 없다."", ""상승과 하락을 가늠할 수 있는 기술적 지표나 수급 정보가 전혀 없어 Buy 또는 Sell을 지지할 근거가 부족하다."", ""브랜드 이미지나 과거 명성은 배제해야 하므로, 현재 제공 데이터만으로는 방향성이 불명확해 Neutral이 가장 적절하다.""]"
068270,셀트리온,2023-08-01,138912,Neutral,42,"[""제공된 정보가 종목명, 현재가, 상장 시장뿐이라 20거래일 방향성을 판단할 수 있는 가격 추세·실적·수급·밸류에이션 데이터가 없다."", ""상승과 하락을 가늠할 기술적 지표나 이벤트 정보가 전혀 없어 Buy 또는 Sell을 지지할 근거가 부족하다."", ""주어진 데이터만으로는 방향성이 불명확하므로 적극적 판단으로는 Neutral이 가장 적절하다.""]"
068270,셀트리온,2023-09-01,132381,Neutral,41,"[""제공된 정보가 종목명, 현재가, 시장 구분뿐이라 20거래일 방향성을 판단할 수 있는 가격 추세·거래량·실적·밸류에이션 데이터가 없다."", ""상승과 하락을 가늠할 수 있는 기술적 지표나 수급 지표가 전혀 없어 Buy 또는 Sell을 지지할 근거가 부족하다."", ""주어진 데이터만으로는 방향성이 불명확하므로 적극적 판단으로는 Neutral이 가장 적절하다.""]"
068270,셀트리온,2023-10-04,125021,Neutral,50,"[""현재가 125,021원만 제공되어 추세, 거래량, 변동성, 수급 등 20거래일 방향성을 판단할 핵심 데이터가 없다."", ""상장 시장이 KOSPI라는 정보 외에 기술적·재무적·수급적 근거가 없어 상승 또는 하락 우위를 정하기 어렵다."", ""제공된 데이터만으로는 Buy와 Sell 중 어느 쪽도 우세하다고 볼 수 없어 방향성 불명확에 해당한다.""]"
068270,셀트리온,2023-11-01,137440,Neutral,50,"[""제공된 정보가 종목명, 현재가, 시장 구분뿐이라 20거래일 방향성을 판단할 수 있는 가격·거래량·실적·수급 데이터가 없다."", ""상승과 하락을 가늠할 기술적 지표나 이벤트 정보가 없어 Buy와 Sell 중 어느 쪽도 우위라고 보기 어렵다."", ""브랜드 이미지와 과거 명성을 배제해야 하므로, 현재 주어진 데이터만으로는 방향성 확신이 불가능하다.""]"
068270,셀트리온,2023-12-01,150044,Neutral,42,"[""현재가 정보만 제공되어 20거래일 내 상승·하락을 판단할 수 있는 추세, 모멘텀, 거래량, 실적 관련 근거가 없다."", ""종목명과 시장 정보 외에 기술적 지표나 수급 데이터가 없어 Buy 또는 Sell을 지지할 만한 객관적 신호가 확인되지 않는다."", ""제공된 데이터만으로는 방향성이 불명확하므로 적극적 판단은 Neutral이 적절하다.""]"
068270,셀트리온,2024-01-02,212969,Neutral,41,"[""제공된 정보가 종목명, 현재가, 시장 구분뿐이라 20거래일 방향성을 판단할 수 있는 가격·거래량·실적·수급 데이터가 없다."", ""상승과 하락을 가늠할 수 있는 기술적 지표나 이벤트 정보가 없어 Buy 또는 Sell을 정당화할 근거가 부족하다."", ""주어진 데이터만으로는 방향성이 불명확하므로 적극적 판단으로는 Neutral이 가장 적절하다.""]"
068270,셀트리온,2024-02-01,164395,Neutral,42,"[""현재가 164,395원만으로는 20거래일 내 상승·하락 방향을 판단할 수 있는 추세, 모멘텀, 밸류에이션 정보가 제공되지 않았습니다."", ""종목명과 시장 정보 외에 실적, 수급, 기술적 지표, 이벤트 등 방향성을 결정할 근거 데이터가 없어 Buy 또는 Sell을 정당화하기 어렵습니다."", ""제공된 데이터만을 근거로 하면 상승과 하락 어느 쪽도 우위라고 볼 수 없어 Neutral이 가장 적절합니다.""]"
068270,셀트리온,2024-03-04,162003,Neutral,42,"[""제공된 정보가 종목명, 현재가, 시장 구분뿐이라 20거래일 방향성을 판단할 수 있는 가격 추세·거래량·실적·밸류에이션 데이터가 없다."", ""상승과 하락을 가를 수 있는 기술적 지표나 수급 지표가 전혀 없어 Buy 또는 Sell을 선택할 근거가 부족하다."", ""브랜드 이미지나 과거 명성은 배제해야 하므로, 현재 제공 데이터만으로는 방향성이 불명확해 Neutral이 가장 적절하다.""]"
068270,셀트리온,2024-04-01,173043,Neutral,50,"[""현재가 173,043원만으로는 향후 20거래일 방향을 판단할 수 있는 추세·모멘텀·밸류에이션 정보가 제공되지 않았습니다."", ""상장 시장이 KOSPI라는 사실은 유동성 정보일 뿐, 단기 주가 상승 또는 하락을 직접적으로 지지하는 근거가 아닙니다."", ""제공된 데이터가 종목명과 현재가에 한정되어 있어 상승·하락 근거가 균형을 이루기보다 아예 부족하므로 Neutral이 가장 적절합니다.""]"
068270,셀트리온,2024-05-02,172491,Neutral,42,"[""현재가 172,491원만으로는 향후 20거래일 방향을 판단할 수 있는 추세·모멘텀·밸류에이션 정보가 제공되지 않았습니다."", ""상승과 하락을 가를 수 있는 거래량, 실적, 수급, 기술적 지표 등 핵심 데이터가 없어 Buy 또는 Sell 근거가 부족합니다."", ""제공된 정보가 종목명, 시장, 현재가에 한정되어 있어 방향성 확신이 낮으므로 Neutral이 가장 적절합니다.""]"
068270,셀트리온,2024-06-03,164671,Neutral,42,"[""현재가 정보만 제공되어 20거래일 내 상승·하락을 판단할 수 있는 추세, 모멘텀, 밸류에이션 근거가 부족합니다."", ""거래량, 재무지표, 실적 추정치, 수급, 기술적 지표 등 방향성을 뒷받침할 추가 데이터가 없어 Buy 또는 Sell을 확정하기 어렵습니다."", ""제공된 데이터만으로는 상승과 하락 중 어느 쪽 우위도 확인되지 않아 Neutral이 가장 적절합니다.""]"
068270,셀트리온,2024-07-01,169363,Neutral,42,"[""현재가 169,363원만으로는 20거래일 방향성을 판단할 수 있는 추세·모멘텀·밸류에이션 데이터가 제공되지 않았습니다."", ""상승 또는 하락을 지지하는 거래량, 실적, 수급, 기술적 지표가 없어 Buy와 Sell 중 어느 쪽도 우세하다고 보기 어렵습니다."", ""제공된 정보가 종목명, 시장, 현재가에 한정되어 있어 방향성 확신이 낮으므로 Neutral이 가장 적절합니다.""]"
068270,셀트리온,2024-08-01,183990,Neutral,50,"[""현재가 183,990원만으로는 향후 20거래일 방향을 판단할 수 있는 추세·모멘텀·밸류에이션 정보가 제공되지 않았습니다."", ""상승 또는 하락을 지지하는 거래량, 실적, 수급, 기술적 지표가 제시되지 않아 Buy와 Sell 중 우위를 둘 근거가 부족합니다."", ""제공된 데이터가 종목명, 현재가, 시장 구분에 한정되어 있어 방향성이 불명확하므로 Neutral이 가장 적절합니다.""]"
068270,셀트리온,2024-09-02,181322,Neutral,42,"[""제공된 정보가 종목명, 현재가, 시장 구분뿐이라 20거래일 방향성을 판단할 수 있는 가격·거래량·실적·수급 데이터가 없다."", ""상승과 하락을 가늠할 수 있는 기술적 지표나 펀더멘털 지표가 전혀 없어 Buy 또는 Sell 근거가 부족하다."", ""주어진 데이터만으로는 방향성이 불명확하므로 적극적 판단으로는 Neutral이 가장 적절하다.""]"
068270,셀트리온,2024-10-02,175711,Neutral,42,"[""제공된 정보가 종목명, 현재가, 시장 구분뿐이라 20거래일 방향성을 판단할 수 있는 가격·거래량·실적·수급 데이터가 없다."", ""상승 또는 하락을 지지하는 기술적 지표나 펀더멘털 지표가 전혀 제시되지 않아 Buy와 Sell 중 우위를 둘 근거가 부족하다."", ""브랜드 이미지와 과거 명성을 배제해야 하므로, 현재 제공 데이터만으로는 방향성 확신이 불가능해 Neutral이 적절하다.""]"
068270,셀트리온,2024-11-01,166604,Neutral,42,"[""현재가 166,604원만으로는 향후 20거래일 방향을 판단할 수 있는 추세·모멘텀 정보가 제공되지 않았습니다."", ""재무, 실적, 수급, 기술적 지표 등 방향성을 뒷받침할 추가 데이터가 없어 상승·하락 근거를 비교할 수 없습니다."", ""제공된 정보가 종목명, 현재가, 시장 구분에 한정되어 있어 Buy 또는 Sell을 선택할 만큼의 확신이 없습니다.""]"
068270,셀트리온,2024-12-02,169823,Neutral,42,"[""현재가 169,823원만으로는 향후 20거래일 방향을 판단할 수 있는 추세·모멘텀·밸류에이션 정보가 제공되지 않았습니다."", ""상장 시장이 KOSPI라는 사실 외에 거래량, 이동평균, 실적, 수급, 변동성 등 방향성을 뒷받침할 데이터가 없습니다."", ""제공된 데이터만 근거로 하면 상승과 하락 어느 쪽도 우세하다고 보기 어려워 적극적 판단은 Neutral이 적절합니다.""]"
068270,셀트리온,2025-01-02,173667,Neutral,42,"[""제공된 정보가 종목명, 현재가, 시장 구분뿐이라 20거래일 방향성을 판단할 수 있는 가격·거래량·실적·수급 데이터가 없다."", ""상승과 하락을 가늠할 수 있는 기술적 지표나 펀더멘털 지표가 전혀 없어 Buy 또는 Sell 근거가 부족하다."", ""주어진 데이터만으로는 방향성이 불명확하므로 적극적 판단으로는 Neutral이 가장 적절하다.""]"
068270,셀트리온,2025-02-03,169525,Neutral,42,"[""제공된 정보가 종목명, 현재가, 시장 구분뿐이라 20거래일 방향성을 판단할 수 있는 가격·거래량·실적·밸류에이션 데이터가 없다."", ""상승과 하락을 가늠할 수 있는 기술적 지표나 수급 지표가 전혀 없어 Buy 또는 Sell 근거가 부족하다."", ""브랜드 이미지와 과거 명성은 배제해야 하므로, 현재 제공 데이터만으로는 방향성이 불명확해 Neutral이 적절하다.""]"
068270,셀트리온,2025-03-04,176749,Neutral,41,"[""제공된 정보가 종목명, 현재가, 시장 구분뿐이라 20거래일 방향을 판단할 수 있는 가격·거래량·실적·수급 데이터가 없다."", ""상승 또는 하락을 지지하는 기술적 지표나 펀더멘털 근거가 전혀 제시되지 않아 Buy와 Sell 중 우위를 둘 수 없다."", ""주어진 데이터만으로는 방향성이 불명확하므로 적극적 판단으로는 Neutral이 가장 적절하다.""]"
068270,셀트리온,2025-04-01,168369,Neutral,41,"[""제공된 정보가 종목명, 현재가, 시장 구분뿐이라 20거래일 방향성을 판단할 수 있는 가격 추세·거래량·실적·밸류에이션 데이터가 없다."", ""상승과 하락을 가늠할 수 있는 기술적 지표나 수급 정보가 전혀 없어 Buy 또는 Sell을 지지할 근거가 부족하다."", ""브랜드 이미지나 과거 명성은 배제해야 하므로, 현재 제공 데이터만으로는 방향성 확신이 불가능해 Neutral이 적절하다.""]"
068270,셀트리온,2025-05-02,156425,Neutral,52,"[""제공된 정보가 종목명, 현재가, 시장 구분뿐이라 20거래일 방향성을 판단할 수 있는 가격 추세·거래량·실적·밸류에이션 데이터가 없다."", ""상승과 하락을 가를 수 있는 기술적 지표나 수급 지표가 전혀 없어 Buy 또는 Sell을 강하게 선택할 근거가 부족하다."", ""브랜드 이미지나 과거 명성은 배제해야 하므로, 현재 주어진 데이터만으로는 방향성이 불명확해 Neutral이 가장 적절하다.""]"
068270,셀트리온,2025-06-02,155077,Neutral,42,"[""제공된 정보가 종목명, 현재가, 시장 구분뿐이라 20거래일 방향을 판단할 수 있는 가격·거래량·실적·수급 데이터가 없다."", ""상승과 하락을 가를 기술적 또는 펀더멘털 근거가 전혀 제시되지 않아 Buy와 Sell 중 어느 쪽도 우위라고 보기 어렵다."", ""주어진 데이터만으로는 방향성이 불명확하므로 적극적 판단은 Neutral이 적절하다.""]"
068270,셀트리온,2025-07-01,160400,Neutral,41,"[""제공된 정보가 종목명, 현재가, 시장 구분뿐이라 20거래일 방향성을 판단할 수 있는 가격·거래량·실적·수급 데이터가 없다."", ""상승 또는 하락을 지지하는 기술적 지표나 펀더멘털 지표가 전혀 제시되지 않아 Buy와 Sell 중 우위를 둘 근거가 부족하다."", ""브랜드 이미지와 과거 명성을 배제하고 제공 데이터만 사용해야 하므로, 현재 입력만으로는 방향성 확신이 불가능해 Neutral이 적절하다.""]"
068270,셀트리온,2025-08-01,171300,Neutral,42,"[""제공된 정보가 종목명, 현재가, 시장 구분뿐이라 20거래일 방향성을 판단할 수 있는 가격·거래량·실적·수급 데이터가 없다."", ""상승과 하락을 가늠할 기술적 지표나 펀더멘털 지표가 전혀 없어 Buy 또는 Sell 근거를 만들 수 없다."", ""주어진 데이터만으로는 방향성이 불명확하므로 적극적 판단은 Neutral이 적절하다.""]"
068270,셀트리온,2025-09-01,169800,Neutral,42,"[""제공된 정보가 종목명, 현재가, 상장 시장뿐이라 20거래일 방향성을 판단할 수 있는 가격·거래량·실적·수급 데이터가 없다."", ""상승과 하락을 가늠할 수 있는 기술적 지표나 펀더멘털 지표가 전혀 없어 Buy 또는 Sell 근거가 부족하다."", ""주어진 데이터만으로는 방향성이 불명확하므로 적극적 판단으로는 Neutral이 가장 적절하다.""]"
068270,셀트리온,2025-10-01,175100,Neutral,42,"[""현재가 175,100원만으로는 20거래일 방향성을 판단할 수 있는 추세·밸류에이션·수급 데이터가 제공되지 않았습니다."", ""상승 또는 하락을 지지하는 기술적 지표, 실적 추정치, 거래량, 외국인·기관 수급 정보가 없어 근거가 부족합니다."", ""제공된 정보가 종목명, 시장, 현재가에 한정되어 있어 Buy와 Sell 중 어느 쪽도 우위라고 보기 어렵습니다.""]"
068270,셀트리온,2025-11-03,174600,Neutral,42,"[""현재가 174,600원만으로는 향후 20거래일 방향을 판단할 수 있는 추세·모멘텀 정보가 제공되지 않았습니다."", ""거래량, 재무지표, 실적 추정치, 수급, 기술적 지표 등 상승·하락 판단에 필요한 핵심 데이터가 없어 우위 방향을 정하기 어렵습니다."", ""제공된 정보가 종목명과 시장 구분뿐이므로 상승과 하락 근거가 균형을 이루는 것이 아니라 아예 방향성 판단 근거가 부족합니다.""]"
068270,셀트리온,2025-12-01,185800,Neutral,42,"[""제공된 정보가 종목명과 현재가뿐이라 20거래일 방향성을 판단할 수 있는 가격 추세, 거래량, 실적, 수급 데이터가 없다."", ""상승·하락을 지지하는 정량적 근거가 전혀 없어 Buy 또는 Sell을 선택할 만한 우위가 확인되지 않는다."", ""브랜드 이미지나 과거 명성은 배제해야 하므로, 현재 제공 데이터만으로는 방향성 확신이 불가능하다.""]"
373220,LG에너지솔루션,2023-01-02,446000,Neutral,42,"[""제공된 데이터가 종목명, 현재가, 상장 시장뿐이라 20거래일 방향을 판단할 수 있는 가격·거래량·실적·수급 정보가 없다."", ""상승 또는 하락을 지지하는 정량 지표가 전혀 없어 Buy와 Sell 중 어느 쪽도 우위라고 보기 어렵다."", ""주어진 정보만으로는 방향성을 확신할 수 없으므로 적극적 판단으로는 Neutral이 가장 적절하다.""]"
373220,LG에너지솔루션,2023-02-01,522000,Neutral,42,"[""제공된 정보가 종목명, 현재가, 시장 구분뿐이라 20거래일 방향성을 판단할 수 있는 가격·실적·수급·밸류에이션 데이터가 없다."", ""상승과 하락을 가늠할 수 있는 기술적 지표나 최근 추세 정보가 없어 Buy 또는 Sell 근거를 만들 수 없다."", ""브랜드 이미지와 과거 명성은 배제해야 하므로, 현재 제공 데이터만으로는 방향성이 불명확해 Neutral이 가장 적절하다.""]"
373220,LG에너지솔루션,2023-03-02,535000,Neutral,52,"[""제공된 정보가 종목명, 현재가, 시장 구분뿐이라 20거래일 방향성을 판단할 수 있는 가격·거래량·실적·수급 데이터가 없다."", ""상승과 하락을 가늠할 수 있는 기술적 지표나 펀더멘털 지표가 전혀 없어 Buy 또는 Sell 근거가 부족하다."", ""주어진 데이터만으로는 방향성이 불명확하므로 적극적 판단으로는 Neutral이 가장 적절하다.""]"
373220,LG에너지솔루션,2023-04-03,586000,Neutral,50,"[""판단에 필요한 재무·실적·밸류에이션·수급·기술적 지표가 제공되지 않아 20거래일 방향성을 데이터로 검증할 수 없습니다."", ""현재가 586,000원과 상장 시장 정보만으로는 상승 또는 하락 우위를 뒷받침할 근거가 부족합니다."", ""제공된 데이터만을 근거로 해야 하므로, 확신 가능한 매수·매도 신호가 없어 Neutral이 가장 적절합니다.""]"
373220,LG에너지솔루션,2023-05-02,591000,Neutral,42,"[""제공된 정보가 종목명과 현재가뿐이라 20거래일 방향성을 판단할 수 있는 가격 추세, 거래량, 실적, 밸류에이션 데이터가 없다."", ""상승과 하락을 가를 수 있는 기술적·펀더멘털 근거가 전혀 제시되지 않아 Buy 또는 Sell을 선택할 만한 우위가 없다."", ""주어진 데이터만으로는 방향성이 불명확하므로 적극적 판단으로는 Neutral이 가장 적절하다.""]"
373220,LG에너지솔루션,2023-06-01,584000,Neutral,42,"[""제공된 정보가 종목명, 현재가, 시장 구분뿐이라 20거래일 방향을 판단할 수 있는 가격 추세·거래량·실적·밸류에이션 데이터가 없다."", ""상승과 하락을 가를 수 있는 기술적 지표나 수급 정보가 전혀 없어 Buy 또는 Sell 근거를 만들 수 없다."", ""주어진 데이터만으로는 방향성이 불명확하므로 적극적 선택으로서 Neutral이 가장 적절하다.""]"
373220,LG에너지솔루션,2023-07-03,573000,Neutral,42,"[""현재가 573,000원만으로는 20거래일 내 방향성을 판단할 수 있는 추세·모멘텀·밸류에이션 데이터가 제공되지 않았습니다."", ""종목 정보에 시장과 가격만 있고 실적, 수급, 기술적 지표, 이벤트 등 상승·하락 근거가 없어 Buy 또는 Sell을 단정하기 어렵습니다."", ""제공된 데이터만 근거로 하면 상승과 하락 가능성을 비교할 정보가 부족하므로 방향성 확신이 낮아 Neutral이 적절합니다.""]"
373220,LG에너지솔루션,2023-08-01,557000,Neutral,42,"[""현재가 557,000원만으로는 향후 20거래일 방향을 판단할 수 있는 추세·모멘텀 정보가 제공되지 않았습니다."", ""재무, 실적, 수급, 기술적 지표 등 상승 또는 하락을 뒷받침할 추가 데이터가 없어 Buy와 Sell 중 우위를 정하기 어렵습니다."", ""제공된 정보가 종목명, 현재가, 시장 구분에 한정되어 있어 방향성 확신이 낮으므로 Neutral이 적절합니다.""]"
373220,LG에너지솔루션,2023-09-01,522000,Neutral,52,"[""제공된 데이터가 종목명, 현재가, 시장 정보뿐이라 20거래일 방향을 판단할 수 있는 가격·거래량·실적·수급 근거가 없다."", ""상승과 하락을 가를 기술적 지표나 펀더멘털 수치가 전혀 없어 Buy 또는 Sell을 단정할 근거가 부족하다."", ""주어진 정보만으로는 방향성이 불명확하므로 적극적 선택으로서 Neutral이 가장 적절하다.""]"
373220,LG에너지솔루션,2023-10-04,456000,Neutral,42,"[""현재가 456,000원만 제시되어 있어 추세, 모멘텀, 변동성, 거래량 등 20거래일 방향성을 판단할 핵심 데이터가 부족합니다."", ""기업 실적, 밸류에이션, 수급, 기술적 지표가 제공되지 않아 상승 또는 하락 근거를 데이터로 검증할 수 없습니다."", ""제공된 정보만으로는 Buy와 Sell 중 어느 쪽도 우위라고 보기 어려워 방향성 확신이 불가능합니다.""]"
373220,LG에너지솔루션,2023-11-01,377500,Neutral,42,"[""제공된 정보가 종목명, 현재가, 시장 구분뿐이라 20거래일 방향성을 판단할 수 있는 가격 추세·거래량·실적·밸류에이션 데이터가 없다."", ""상승과 하락을 가늠할 수 있는 기술적 지표나 수급 정보가 전혀 없어 Buy 또는 Sell을 지지할 근거가 부족하다."", ""주어진 데이터만으로는 방향성이 불명확하므로 적극적 판단으로는 Neutral이 가장 적절하다.""]"
373220,LG에너지솔루션,2023-12-01,428500,Neutral,42,"[""제공된 정보가 종목명, 현재가, 상장 시장뿐이라 20거래일 방향을 판단할 수 있는 가격 추세·실적·수급 데이터가 없다."", ""상승과 하락을 가늠할 기술적 지표나 밸류에이션, 이벤트 정보가 없어 Buy 또는 Sell 근거를 만들 수 없다."", ""주어진 데이터만으로는 방향성이 불명확하므로 적극적 판단으로는 Neutral이 가장 적절하다.""]"
373220,LG에너지솔루션,2024-01-02,429500,Neutral,42,"[""제공된 정보가 종목명, 현재가, 시장 구분뿐이라 20거래일 방향성을 판단할 수 있는 가격·거래량·실적 데이터가 없다."", ""상승 또는 하락을 지지하는 기술적 지표나 펀더멘털 수치가 전혀 없어 Buy와 Sell 중 어느 쪽도 근거가 부족하다."", ""브랜드 이미지와 과거 명성을 배제해야 하므로, 현재 제공 데이터만으로는 방향성 확신이 불가능해 Neutral이 적절하다.""]"
373220,LG에너지솔루션,2024-02-01,381500,Neutral,42,"[""제공된 정보가 종목명, 현재가, 시장 구분뿐이라 20거래일 방향성을 판단할 수 있는 가격·실적·수급 데이터가 없다."", ""상승 또는 하락을 지지하는 기술적 지표, 밸류에이션, 실적 추정치, 이벤트 정보가 전혀 없어 Buy와 Sell 중 우위를 둘 근거가 부족하다."", ""주어진 데이터만으로는 방향성이 불명확하므로 적극적 판단으로는 Neutral이 가장 적절하다.""]"
373220,LG에너지솔루션,2024-03-04,398500,Neutral,42,"[""제공된 정보가 종목명과 현재가뿐이라 20거래일 방향성을 판단할 수 있는 재무·실적·수급·기술적 데이터가 없다."", ""상승과 하락을 가늠할 수 있는 비교 기준이 전혀 없어 Buy 또는 Sell을 선택할 근거가 부족하다."", ""브랜드 이미지나 과거 명성은 배제해야 하므로, 현재 제공 데이터만으로는 방향성 확신이 불가능하다.""]"
373220,LG에너지솔루션,2024-04-01,395500,Neutral,42,"[""현재가 395,500원만으로는 향후 20거래일 방향을 판단할 수 있는 추세·모멘텀·밸류에이션 정보가 제공되지 않았습니다."", ""거래량, 실적, 수급, 기술적 지표 등 상승 또는 하락 근거가 되는 핵심 데이터가 없어 Buy 또는 Sell을 정당화하기 어렵습니다."", ""제공된 정보가 종목명, 시장, 현재가에 한정되어 있어 상승·하락 근거가 균형을 이루기보다 방향성 자체를 확신할 수 없는 상태입니다.""]"
373220,LG에너지솔루션,2024-05-02,389000,Neutral,52,"[""제공된 정보가 종목명, 현재가, 상장 시장뿐이라 20거래일 방향을 판단할 수 있는 가격·거래량·실적·수급 데이터가 없다."", ""상승과 하락을 가늠할 수 있는 기술적 지표나 펀더멘털 근거가 전혀 제시되지 않아 Buy 또는 Sell을 정당화하기 어렵다."", ""주어진 데이터만으로는 방향성이 불명확하므로 적극적 선택으로서 Neutral이 가장 적절하다.""]"
373220,LG에너지솔루션,2024-06-03,332000,Neutral,41,"[""제공된 정보가 종목명, 현재가, 상장 시장뿐이라 20거래일 방향성을 판단할 수 있는 가격·거래량·실적·수급 데이터가 없다."", ""상승과 하락을 가늠할 수 있는 기술적 지표나 펀더멘털 근거가 전혀 없어 Buy 또는 Sell을 선택할 만한 우위가 없다."", ""주어진 데이터만으로는 방향성이 불명확하므로 적극적 판단으로는 Neutral이 가장 적절하다.""]"
373220,LG에너지솔루션,2024-07-01,347000,Neutral,42,"[""제공된 정보가 종목명, 현재가, 시장 구분뿐이라 20거래일 방향성을 판단할 수 있는 가격·거래량·실적·수급 데이터가 없다."", ""상승과 하락을 가를 기술적 지표나 펀더멘털 근거가 전혀 없어 Buy 또는 Sell을 선택할 만한 우위가 없다."", ""주어진 데이터만으로는 방향성이 불명확하므로 적극적 판단으로는 Neutral이 가장 적절하다.""]"
373220,LG에너지솔루션,2024-08-01,333500,Neutral,50,"[""현재가 333,500원만으로는 향후 20거래일 방향을 판단할 수 있는 추세·밸류에이션·수급 데이터가 제공되지 않았습니다."", ""종목명과 시장 정보 외에 실적, 기술적 지표, 거래량, 외국인·기관 수급 등 상승 또는 하락 근거가 없어 Buy/Sell 우위를 정하기 어렵습니다."", ""제공된 데이터만을 근거로 해야 하므로 방향성이 불명확한 상황에 해당해 Neutral이 가장 적절합니다.""]"
373220,LG에너지솔루션,2024-09-02,412000,Neutral,42,"[""제공된 정보가 종목명, 현재가, 시장 구분뿐이라 20거래일 방향성을 판단할 수 있는 가격·거래량·실적·수급 데이터가 없다."", ""상승과 하락을 가늠할 수 있는 기술적 지표나 펀더멘털 지표가 전혀 없어 Buy 또는 Sell 근거를 만들 수 없다."", ""주어진 데이터만으로는 방향성이 불명확하므로 적극적 판단은 Neutral이 적절하다.""]"
373220,LG에너지솔루션,2024-10-02,408500,Neutral,42,"[""현재가 408,500원만으로는 향후 20거래일 방향을 판단할 수 있는 추세·모멘텀·밸류에이션 데이터가 제공되지 않았습니다."", ""상승 또는 하락을 지지하는 재무, 수급, 기술적 지표가 없어 Buy와 Sell 중 어느 쪽도 우세하다고 보기 어렵습니다."", ""제공된 정보가 종목명, 시장, 현재가에 한정되어 있어 방향성 확신이 부족하므로 Neutral이 가장 적절합니다.""]"
373220,LG에너지솔루션,2024-11-01,412500,Neutral,42,"[""제공된 정보가 종목명, 현재가, 상장 시장뿐이라 20거래일 주가 방향을 판단할 수 있는 재무·수급·기술적 근거가 없다."", ""상승과 하락을 가늠할 수 있는 실적, 밸류에이션, 거래량, 추세, 이벤트 데이터가 전혀 없어 Buy 또는 Sell을 정당화하기 어렵다."", ""주어진 데이터만으로는 방향성이 불명확하므로 적극적 판단으로는 Neutral이 가장 적절하다.""]"
373220,LG에너지솔루션,2024-12-02,391500,Neutral,42,"[""제공된 정보가 종목명, 현재가, 상장 시장뿐이라 20거래일 방향성을 판단할 수 있는 가격 추세·실적·수급 데이터가 없다."", ""상승과 하락을 가늠할 기술적 지표나 밸류에이션, 이벤트 정보가 전혀 없어 Buy 또는 Sell 근거를 만들 수 없다."", ""주어진 데이터만으로는 방향성이 불명확하므로 적극적 판단으로는 Neutral이 가장 적절하다.""]"
373220,LG에너지솔루션,2025-01-02,346000,Neutral,52,"[""제공된 정보가 종목명, 현재가, 시장 구분뿐이라 20거래일 방향성을 판단할 수 있는 가격·거래량·실적·수급 데이터가 없다."", ""상승과 하락을 가늠할 수 있는 기술적 지표나 펀더멘털 지표가 전혀 없어 Buy 또는 Sell을 강하게 선택할 근거가 부족하다."", ""주어진 데이터만으로는 방향성이 불명확하므로 적극적 판단으로는 Neutral이 가장 적절하다.""]"
373220,LG에너지솔루션,2025-02-03,336500,Neutral,42,"[""제공된 종목 정보에는 현재가와 시장 구분만 있고, 20거래일 방향성을 판단할 수 있는 실적·밸류에이션·수급·기술적 지표가 없어 상승 또는 하락 근거를 확인할 수 없습니다."", ""LG에너지솔루션의 브랜드 이미지나 과거 명성은 판단에서 배제해야 하므로, 이를 근거로 한 매수 논리는 사용할 수 없습니다."", ""주어진 데이터만으로는 향후 20거래일 내 주가가 상승할지 하락할지 우위를 가를 수 없어 Neutral이 가장 적절합니다.""]"
373220,LG에너지솔루션,2025-03-04,332000,Neutral,42,"[""제공된 정보가 종목명, 현재가, 시장 구분뿐이라 20거래일 방향성을 판단할 수 있는 가격·거래량·실적·수급 데이터가 없다."", ""상승 또는 하락을 지지하는 정량적 근거가 전혀 제시되지 않아 Buy와 Sell 중 어느 쪽도 우위라고 보기 어렵다."", ""주어진 데이터만을 근거로 해야 하므로 불확실성이 매우 높아 방향성 확신이 불가능하다.""]"
373220,LG에너지솔루션,2025-04-01,328000,Neutral,42,"[""현재가 328,000원만으로는 향후 20거래일 방향을 판단할 수 있는 추세·밸류에이션·실적 데이터가 제공되지 않았습니다."", ""상승 또는 하락을 지지하는 기술적 지표, 거래량, 수급, 실적 전망 등 핵심 근거가 없어 Buy와 Sell 중 어느 쪽도 우세하다고 보기 어렵습니다."", ""제공된 정보가 종목명, 현재가, 시장 구분에 한정되어 있어 방향성 확신이 불가능하므로 Neutral이 가장 적절합니다.""]"
373220,LG에너지솔루션,2025-05-02,320500,Neutral,52,"[""제공된 정보가 현재가와 종목명뿐이라 20거래일 방향성을 판단할 수 있는 추세·실적·밸류에이션·수급 데이터가 없다."", ""상승과 하락을 가를 기술적 지표나 이벤트 정보가 없어 Buy 또는 Sell을 강하게 선택할 근거가 부족하다."", ""주어진 데이터만으로는 방향성이 불명확하므로 적극적 중립 판단이 가장 타당하다.""]"
373220,LG에너지솔루션,2025-06-02,284500,Neutral,42,"[""제공된 정보가 종목명, 현재가, 상장 시장뿐이라 20거래일 방향성을 판단할 수 있는 가격 추세·거래량·실적·밸류에이션 데이터가 없다."", ""상승 또는 하락을 지지하는 기술적·기본적 근거가 전혀 제시되지 않아 Buy와 Sell 중 어느 쪽도 우위라고 보기 어렵다."", ""주어진 데이터만으로는 변동성이나 수급 방향을 추정할 수 없어 방향성 확신이 부족하므로 Neutral이 적절하다.""]"
373220,LG에너지솔루션,2025-07-01,297500,Neutral,42,"[""현재가 297,500원만으로는 향후 20거래일 방향을 판단할 수 있는 추세·모멘텀·밸류에이션 데이터가 제공되지 않았습니다."", ""상승 또는 하락을 지지하는 재무지표, 실적 추정치, 수급, 기술적 지표가 없어 Buy와 Sell 중 어느 쪽도 우세하다고 보기 어렵습니다."", ""제공된 정보가 종목명, 시장, 현재가에 한정되어 있어 방향성 확신이 부족하므로 Neutral이 가장 적절합니다.""]"
373220,LG에너지솔루션,2025-08-01,373000,Neutral,52,"[""제공된 정보가 종목명, 현재가, 시장 구분뿐이라 20거래일 방향을 판단할 수 있는 가격·거래량·실적·수급 데이터가 없다."", ""상승과 하락을 가늠할 수 있는 정량 근거가 전혀 없어 Buy 또는 Sell을 선택할 만한 우위가 없다."", ""주어진 데이터만 근거로 하면 방향성 확신이 불가능하므로 적극적 중립 판단이 가장 타당하다.""]"
373220,LG에너지솔루션,2025-09-01,349000,Neutral,42,"[""현재가 349,000원만으로는 향후 20거래일 방향을 판단할 수 있는 추세·모멘텀 정보가 제공되지 않았습니다."", ""재무, 실적, 수급, 밸류에이션, 기술적 지표 등 상승 또는 하락 근거가 되는 데이터가 없어 Buy/Sell 우위를 정하기 어렵습니다."", ""제공된 정보가 종목명, 현재가, 시장 구분에 한정되어 있어 방향성 확신이 불가능하므로 Neutral이 적절합니다.""]"
373220,LG에너지솔루션,2025-10-01,347500,Neutral,42,"[""제공된 정보가 종목명, 현재가, 시장 구분뿐이라 20거래일 방향을 판단할 수 있는 가격·거래량·실적·수급 데이터가 없다."", ""상승 또는 하락을 지지하는 정량적 근거가 전혀 제시되지 않아 Buy와 Sell 중 어느 쪽도 우세하다고 보기 어렵다."", ""브랜드 이미지나 과거 명성은 배제해야 하므로, 현재 입력만으로는 방향성 확신이 불가능해 Neutral이 적절하다.""]"
373220,LG에너지솔루션,2025-11-03,475500,Neutral,42,"[""제공된 정보가 종목명, 현재가, 시장 구분뿐이라 20거래일 방향성을 판단할 수 있는 가격·거래량·실적·수급 데이터가 없다."", ""상승 또는 하락을 지지하는 기술적 지표나 펀더멘털 근거가 전혀 제시되지 않아 Buy와 Sell 중 어느 쪽도 우위라고 보기 어렵다."", ""브랜드 이미지·과거 명성은 배제해야 하므로, 현재 제공 데이터만으로는 방향성 확신이 불가능해 Neutral이 적절하다.""]"
373220,LG에너지솔루션,2025-12-01,413000,Neutral,52,"[""제공된 정보가 종목명, 현재가, 시장 구분뿐이라 20거래일 방향성을 판단할 수 있는 가격 추세·거래량·실적·밸류에이션 데이터가 없다."", ""상승과 하락을 가늠할 수 있는 기술적 지표나 수급 정보가 전혀 없어 Buy 또는 Sell을 지지할 근거가 부족하다."", ""주어진 데이터만으로는 방향성이 불명확하므로 적극적 판단으로는 Neutral이 가장 적절하다.""]"
006400,삼성SDI,2023-01-02,589377,Neutral,50,"[""현재가 589,377원만으로는 20거래일 방향성을 판단할 수 있는 추세·밸류에이션·수급 데이터가 제공되지 않았습니다."", ""상승 또는 하락을 지지하는 기술적 지표, 실적 추정치, 거래량 정보가 없어 Buy와 Sell 중 우위를 정하기 어렵습니다."", ""제공된 정보가 종목명, 시장, 현재가에 한정되어 있어 방향성 확신이 부족하므로 Neutral이 적절합니다.""]"
006400,삼성SDI,2023-02-01,704903,Neutral,42,"[""현재가 704,903원만으로는 20거래일 방향성을 판단할 수 있는 추세·모멘텀·밸류에이션 정보가 제공되지 않았습니다."", ""상승 또는 하락을 지지하는 거래량, 실적, 수급, 기술적 지표가 없어 Buy와 Sell 중 어느 쪽도 우세하다고 보기 어렵습니다."", ""제공된 데이터가 종목명, 현재가, 시장 정보에 한정되어 있어 방향성 확신이 부족하므로 Neutral이 가장 적절합니다.""]"
006400,삼성SDI,2023-03-02,695113,Neutral,50,"[""현재 제공된 데이터가 종목명, 현재가, 시장 정보뿐이라 20거래일 방향성을 판단할 수 있는 가격·거래량·실적·수급 근거가 부족합니다."", ""상승과 하락을 가를 수 있는 기술적 지표나 최근 추세 정보가 없어 Buy 또는 Sell을 우선할 만한 근거가 없습니다."", ""제공된 정보만으로는 방향성이 불명확하므로 적극적 선택으로서 Neutral이 가장 적절합니다.""]"
006400,삼성SDI,2023-04-03,729379,Neutral,50,"[""현재가 729,379원만 제공되어 추세, 변동성, 거래량, 수급 등 20거래일 방향성을 판단할 핵심 데이터가 부족합니다."", ""상승과 하락을 가늠할 수 있는 기술적 지표나 실적·밸류에이션 정보가 없어 Buy 또는 Sell 근거를 만들기 어렵습니다."", ""제공된 정보만으로는 방향성이 불명확하므로 적극적 판단으로는 Neutral이 가장 적절합니다.""]"
006400,삼성SDI,2023-05-02,685323,Neutral,50,"[""현재가 685,323원만 제공되어 추세, 변동성, 거래량, 수급, 실적 등 20거래일 방향성을 판단할 핵심 데이터가 부족합니다."", ""제공된 정보에는 상승 또는 하락을 뒷받침하는 기술적·기본적 근거가 없어 Buy와 Sell 중 어느 쪽도 우위라고 보기 어렵습니다."", ""브랜드 이미지나 과거 명성은 배제해야 하므로, 현 데이터만으로는 방향성을 확신할 수 없어 Neutral이 적절합니다.""]"
006400,삼성SDI,2023-06-01,693155,Neutral,42,"[""현재가 693,155원만으로는 20거래일 방향성을 판단할 수 있는 추세·모멘텀·밸류에이션 정보가 제공되지 않았습니다."", ""상승 또는 하락을 지지하는 기술적 지표, 실적 추정치, 수급 데이터가 없어 Buy와 Sell 중 우위를 둘 근거가 부족합니다."", ""제공된 데이터가 종목명, 현재가, 시장 정보에 한정되어 있어 방향성 확신이 낮으므로 Neutral이 적절합니다.""]"
006400,삼성SDI,2023-07-03,701966,Neutral,41,"[""제공된 정보가 종목명, 현재가, 시장 구분뿐이라 20거래일 방향성을 판단할 수 있는 가격 추세·거래량·실적·밸류에이션 데이터가 없다."", ""상승과 하락을 가를 수 있는 기술적 지표나 수급 정보가 전혀 없어 Buy 또는 Sell을 지지할 근거가 부족하다."", ""주어진 데이터만으로는 방향성이 불명확하므로 적극적 판단으로는 Neutral이 가장 적절하다.""]"
006400,삼성SDI,2023-08-01,655952,Neutral,42,"[""제공된 정보가 종목명, 현재가, 시장 구분뿐이라 20거래일 방향성을 판단할 수 있는 가격·거래량·실적·수급 데이터가 없다."", ""상승과 하락을 가늠할 수 있는 기술적 지표나 최근 추세가 제시되지 않아 Buy 또는 Sell 근거가 부족하다."", ""브랜드 이미지나 과거 명성은 배제해야 하므로, 현재 제공 데이터만으로는 방향성 확신이 불가능해 Neutral이 적절하다.""]"
006400,삼성SDI,2023-09-01,583503,Neutral,50,"[""현재가 583,503원만 제시되어 있어 최근 추세, 변동성, 거래량, 수급 등 20거래일 방향성을 판단할 핵심 데이터가 부족합니다."", ""제공된 정보에는 실적, 밸류에이션, 기술적 지표, 시장 대비 상대강도 같은 상승·하락 근거가 없어 Buy 또는 Sell을 단정할 수 없습니다."", ""브랜드 이미지와 과거 명성은 배제해야 하므로, 현재 제공 데이터만으로는 방향성이 불명확해 Neutral이 가장 적절합니다.""]"
006400,삼성SDI,2023-10-04,474341,Neutral,42,"[""제공된 정보가 종목명, 현재가, 시장 구분뿐이라 20거래일 방향성을 판단할 수 있는 가격 추세·거래량·실적·밸류에이션 데이터가 없다."", ""상승과 하락을 가늠할 수 있는 기술적 지표나 수급 지표가 전혀 없어 Buy 또는 Sell을 지지할 근거가 부족하다."", ""주어진 데이터만으로는 방향성이 불명확하므로 적극적 중립 판단이 적절하다.""]"
006400,삼성SDI,2023-11-01,416578,Neutral,50,"[""현재 제공된 정보는 종목명, 현재가, 상장 시장뿐이라 20거래일 방향성을 판단할 수 있는 가격·거래량·실적·수급 데이터가 없다."", ""상승과 하락을 구분할 수 있는 기술적 지표나 펀더멘털 변화가 제시되지 않아 Buy 또는 Sell 근거가 부족하다."", ""제공된 데이터만을 근거로 해야 하므로 방향성 확신이 불가능해 Neutral이 가장 적절하다.""]"
006400,삼성SDI,2023-12-01,437627,Neutral,50,"[""현재가 437,627원만 제공되어 추세, 모멘텀, 변동성, 거래량 등 20거래일 방향성을 판단할 핵심 데이터가 부족합니다."", ""상승 또는 하락을 지지하는 재무·수급·기술적 지표가 제시되지 않아 Buy와 Sell 중 어느 쪽도 우위라고 보기 어렵습니다."", ""제공된 정보만으로는 향후 20거래일 주가 방향을 확신할 수 없어 Neutral이 가장 적절합니다.""]"
006400,삼성SDI,2024-01-02,457208,Neutral,50,"[""현재가 457,208원만 제공되어 추세, 모멘텀, 변동성, 거래량 등 20거래일 방향성을 판단할 핵심 데이터가 부족합니다."", ""상승과 하락을 가늠할 수 있는 재무·수급·기술적 지표가 없어 Buy 또는 Sell을 우선할 근거가 없습니다."", ""제공된 정보만으로는 향후 20거래일 내 주가 방향을 확신할 수 없으므로 Neutral이 가장 적절합니다.""]"
006400,삼성SDI,2024-02-01,369585,Neutral,52,"[""제공된 데이터가 종목명과 현재가뿐이라 20거래일 방향성을 판단할 수 있는 추세·실적·수급·밸류에이션 정보가 없다."", ""상승과 하락을 가를 기술적 지표나 최근 가격 흐름이 없어 Buy 또는 Sell을 지지할 근거가 부족하다."", ""주어진 정보만으로는 방향성이 불명확하므로 적극적 중립 판단이 가장 타당하다.""]"
006400,삼성SDI,2024-03-04,366647,Neutral,42,"[""현재가 366,647원만으로는 20거래일 내 상승·하락 방향을 판단할 수 있는 추세, 모멘텀, 밸류에이션 정보가 제공되지 않았습니다."", ""종목명과 시장 정보 외에 거래량, 실적, 수급, 기술적 지표가 없어 Buy 또는 Sell을 지지할 근거가 부족합니다."", ""제공된 데이터만을 근거로 해야 하므로 방향성이 불명확한 상황에 해당해 Neutral이 가장 적절합니다.""]"
006400,삼성SDI,2024-04-01,444481,Neutral,50,"[""현재가 444,481원만으로는 20거래일 방향성을 판단할 수 있는 추세·모멘텀 정보가 제공되지 않았습니다."", ""거래량, 재무지표, 실적 추정치, 수급, 기술적 지표 등 상승·하락 근거가 되는 데이터가 없어 우위 판단이 어렵습니다."", ""제공된 정보가 종목명, 시장, 현재가에 한정되어 있어 Buy 또는 Sell을 선택할 만큼의 근거가 부족합니다.""]"
006400,삼성SDI,2024-05-02,434201,Neutral,50,"[""현재 제공된 데이터가 종목명, 현재가, 상장 시장뿐이라 20거래일 방향성을 판단할 수 있는 가격·거래량·실적·수급 정보가 없다."", ""상승과 하락을 가늠할 수 있는 기술적 지표나 펀더멘털 지표가 전혀 없어 Buy 또는 Sell 근거를 만들 수 없다."", ""주어진 정보만으로는 방향성이 불명확하므로 적극적 중립 판단이 가장 타당하다.""]"
006400,삼성SDI,2024-06-03,369095,Neutral,50,"[""현재가 369,095원만 제공되어 추세, 모멘텀, 변동성, 거래량 등 20거래일 방향성을 판단할 핵심 데이터가 부족합니다."", ""상승·하락을 가늠할 수 있는 재무지표, 실적, 수급, 기술적 지표가 없어 Buy 또는 Sell 근거를 만들 수 없습니다."", ""제공된 정보만으로는 방향성이 불명확하므로 적극적 판단으로는 Neutral이 가장 적절합니다.""]"
006400,삼성SDI,2024-07-01,359305,Neutral,50,"[""현재가 359,305원만으로는 20거래일 방향성을 판단할 수 있는 추세·모멘텀·밸류에이션 데이터가 제공되지 않았습니다."", ""상승 또는 하락을 지지하는 기술적 지표, 실적 추정치, 수급 정보가 없어 Buy와 Sell 중 우위를 정하기 어렵습니다."", ""제공된 정보가 종목명, 시장, 현재가에 한정되어 있어 방향성 확신이 불가능하므로 Neutral이 가장 적절합니다.""]"
006400,삼성SDI,2024-08-01,326997,Neutral,50,"[""현재가 326,997원만으로는 20거래일 방향성을 판단할 수 있는 추세·모멘텀 정보가 제공되지 않았습니다."", ""상승·하락을 가늠할 재무, 수급, 거래량, 기술적 지표가 없어 Buy 또는 Sell 근거가 모두 부족합니다."", ""제공된 데이터가 종목명, 시장, 현재가에 한정되어 있어 방향성 확신이 불가능하므로 Neutral이 적절합니다.""]"
006400,삼성SDI,2024-09-02,361263,Neutral,50,"[""현재가 361,263원만으로는 20거래일 방향성을 판단할 수 있는 추세·모멘텀 정보가 제공되지 않았습니다."", ""거래량, 재무지표, 실적 추정치, 수급, 기술적 지표 등 상승·하락 판단에 필요한 핵심 데이터가 없어 근거가 부족합니다."", ""제공된 정보가 종목명, 시장, 현재가에 한정되어 있어 상승과 하락 어느 쪽도 우위라고 결론내리기 어렵습니다.""]"
006400,삼성SDI,2024-10-02,363710,Neutral,50,"[""현재가 363,710원만으로는 20거래일 방향성을 판단할 수 있는 추세·모멘텀 데이터가 제공되지 않았습니다."", ""상승 또는 하락을 뒷받침할 재무, 수급, 거래량, 기술적 지표가 없어 Buy와 Sell 중 우위를 정하기 어렵습니다."", ""제공된 정보가 종목명, 시장, 현재가에 한정되어 있어 방향성 확신이 부족하므로 Neutral이 적절합니다.""]"
006400,삼성SDI,2024-11-01,324549,Neutral,50,"[""현재 제공된 정보는 종목명, 현재가, 시장 구분뿐이며 20거래일 방향성을 판단할 수 있는 가격 추세·거래량·실적·밸류에이션 데이터가 없다."", ""상승과 하락을 가늠할 수 있는 기술적 지표나 수급 지표가 전혀 제시되지 않아 Buy 또는 Sell 근거가 부족하다."", ""제공된 데이터만으로는 방향성이 불명확하므로 적극적 판단으로는 Neutral이 가장 적절하다.""]"
006400,삼성SDI,2024-12-02,253569,Neutral,50,"[""현재 제공된 데이터는 종목명, 현재가, 시장 정보뿐이라 20거래일 방향을 판단할 수 있는 가격·거래량·실적·수급 근거가 부족합니다."", ""상승과 하락을 가를 기술적 지표나 추세 정보가 전혀 없어 Buy 또는 Sell을 우선할 만한 근거가 없습니다."", ""제공된 정보만으로는 방향성이 불명확하므로 적극적 중립 판단이 가장 적절합니다.""]"
006400,삼성SDI,2025-01-02,234478,Neutral,50,"[""현재가 정보만 제공되어 추세, 모멘텀, 거래량, 변동성 등 20거래일 방향성을 판단할 핵심 데이터가 부족합니다."", ""상승과 하락을 구분할 수 있는 재무·수급·기술적 지표가 없어 Buy 또는 Sell을 우위로 둘 근거가 없습니다."", ""제공된 데이터만으로는 향후 20거래일 주가 방향을 확신할 수 없어 Neutral이 가장 적절합니다.""]"
006400,삼성SDI,2025-02-03,203638,Neutral,50,"[""현재가 203,638원만 제공되어 추세, 변동성, 거래량, 수급 등 20거래일 방향성을 판단할 핵심 데이터가 부족합니다."", ""상승·하락을 뒷받침할 기술적 지표나 실적/밸류에이션 정보가 없어 Buy 또는 Sell로 단정할 근거가 없습니다."", ""제공된 정보만으로는 방향성이 불명확하므로, 기준상 적극적 선택인 Neutral이 가장 적절합니다.""]"
006400,삼성SDI,2025-03-04,208534,Neutral,42,"[""현재가 208,534원만으로는 20거래일 내 상승·하락 방향을 판단할 수 있는 추세, 밸류에이션, 실적, 수급 데이터가 제공되지 않았습니다."", ""종목명과 시장 정보 외에 기술적 지표나 거래량, 모멘텀 관련 근거가 없어 Buy 또는 Sell을 지지할 만한 객관적 신호가 없습니다."", ""제공된 데이터만을 근거로 해야 하므로 방향성을 확신할 수 없어 Neutral이 가장 적절합니다.""]"
006400,삼성SDI,2025-04-01,189540,Neutral,50,"[""현재가 189,540원만으로는 20거래일 내 상승·하락 방향을 판단할 수 있는 추세, 모멘텀, 밸류에이션 정보가 제공되지 않았습니다."", ""종목명과 시장 정보 외에 거래량, 이동평균, 실적, 수급, 변동성 등 방향성을 뒷받침할 데이터가 없어 Buy 또는 Sell 근거가 부족합니다."", ""제공된 데이터만을 근거로 해야 하므로, 상승과 하락 중 어느 쪽도 우위라고 확신할 수 없어 Neutral이 적절합니다.""]"
006400,삼성SDI,2025-05-02,173600,Neutral,42,"[""현재가 173,600원만 제공되어 추세, 거래량, 변동성, 수급 등 20거래일 방향성을 판단할 핵심 데이터가 부족합니다."", ""제공된 정보에는 실적, 밸류에이션, 기술적 지표가 없어 상승 또는 하락 근거를 우위로 두기 어렵습니다."", ""브랜드 이미지·과거 명성은 배제해야 하므로, 현재 제공 데이터만으로는 Buy나 Sell을 정당화할 수 없습니다.""]"
006400,삼성SDI,2025-06-02,172800,Neutral,50,"[""현재 제공된 데이터는 종목명, 현재가, 상장 시장뿐이라 20거래일 방향성을 판단할 수 있는 가격 추세나 실적 지표가 없다."", ""상승·하락을 가늠할 수 있는 기술적 지표, 수급, 밸류에이션, 이벤트 정보가 없어 Buy 또는 Sell 근거가 부족하다."", ""제공된 정보만으로는 방향성이 불명확하므로 적극적 판단으로는 Neutral이 가장 적절하다.""]"
006400,삼성SDI,2025-07-01,178200,Neutral,50,"[""현재가 178,200원만으로는 20거래일 내 상승·하락 방향을 판단할 수 있는 추세, 모멘텀, 밸류에이션 정보가 제공되지 않았습니다."", ""거래량, 실적, 수급, 기술적 지표 등 방향성을 뒷받침할 핵심 데이터가 없어 Buy 또는 Sell 근거가 부족합니다."", ""제공된 정보가 종목명과 현재가에 한정되어 있어, 방향성이 불명확한 상황에 해당하므로 Neutral이 가장 적절합니다.""]"
006400,삼성SDI,2025-08-01,190000,Neutral,42,"[""현재가 190,000원만으로는 20거래일 내 방향성을 판단할 수 있는 추세·모멘텀 정보가 제공되지 않았습니다."", ""재무, 실적, 수급, 기술적 지표 등 상승 또는 하락을 뒷받침할 추가 데이터가 없어 Buy/Sell 근거가 부족합니다."", ""제공된 정보가 종목명, 시장, 현재가에 한정되어 있어 상승·하락 가능성을 균형 있게 비교하기 어렵습니다.""]"
006400,삼성SDI,2025-09-01,203000,Neutral,50,"[""현재가 203,000원만 제시되어 있어 20거래일 방향성을 판단할 수 있는 추세·모멘텀·밸류에이션 데이터가 부족합니다."", ""상승 또는 하락을 지지하는 기술적 지표, 실적 추정치, 수급 정보가 제공되지 않아 Buy와 Sell 중 우위를 정하기 어렵습니다."", ""제공된 데이터만으로는 방향성이 불명확하므로 적극적 판단으로는 Neutral이 가장 적절합니다.""]"
006400,삼성SDI,2025-10-01,204000,Neutral,50,"[""현재 제공된 정보는 종목명, 현재가, 시장 구분뿐이며 20거래일 방향성을 판단할 수 있는 가격 추세·거래량·실적·밸류에이션 데이터가 없다."", ""상승과 하락을 지지하는 정량 근거가 전혀 제시되지 않아 Buy 또는 Sell 중 하나를 선택할 만한 우위가 확인되지 않는다."", ""제공 데이터만으로는 방향성이 불명확하므로 적극적 판단으로는 Neutral이 가장 적절하다.""]"
006400,삼성SDI,2025-11-03,327000,Neutral,52,"[""제공된 정보가 종목명, 현재가, 시장 구분뿐이라 20거래일 방향성을 판단할 수 있는 가격·거래량·실적·수급 데이터가 없다."", ""상승과 하락을 가늠할 수 있는 기술적 지표나 펀더멘털 지표가 전혀 없어 Buy 또는 Sell 근거가 부족하다."", ""주어진 데이터만으로는 방향성이 불명확하므로 적극적 판단으로는 Neutral이 가장 적절하다.""]"
006400,삼성SDI,2025-12-01,299000,Neutral,52,"[""제공된 정보가 종목명, 현재가, 시장 구분뿐이라 20거래일 방향성을 판단할 수 있는 가격 추세·거래량·실적·밸류에이션 데이터가 없다."", ""상승과 하락을 가늠할 수 있는 기술적 지표나 수급 정보가 전혀 없어 Buy 또는 Sell 근거가 부족하다."", ""주어진 데이터만으로는 방향성이 불명확하므로 적극적 판단으로는 Neutral이 가장 적절하다.""]"
005380,현대차,2023-01-02,157000,Neutral,50,"[""현재가 157,000원만 제시되어 있어 20거래일 방향을 판단할 수 있는 추세·모멘텀·밸류에이션 데이터가 부족합니다."", ""상승 또는 하락을 지지하는 기술적 지표, 실적, 수급, 변동성 정보가 제공되지 않아 Buy와 Sell 중 우위를 정하기 어렵습니다."", ""제공된 데이터만 근거로 하면 방향성이 불명확하므로 적극적 판단은 Neutral이 적절합니다.""]"
005380,현대차,2023-02-01,170000,Neutral,42,"[""현재가 170,000원만 제시되어 있어 추세, 모멘텀, 거래량, 변동성 등 20거래일 방향성을 판단할 핵심 데이터가 부족합니다."", ""상승 또는 하락을 지지하는 재무·실적·수급·기술적 지표가 제공되지 않아 Buy와 Sell 중 어느 쪽도 우위라고 보기 어렵습니다."", ""제공된 정보만으로는 향후 20거래일 내 주가 방향을 확신할 수 없으므로 Neutral이 가장 적절합니다.""]"
005380,현대차,2023-03-02,178500,Neutral,42,"[""제공된 정보가 종목명, 현재가, 시장 구분뿐이라 20거래일 방향성을 판단할 수 있는 가격 추세·거래량·실적·밸류에이션 데이터가 없다."", ""상승과 하락을 가늠할 수 있는 기술적 지표나 수급 정보가 전혀 없어 Buy 또는 Sell을 정당화할 근거가 부족하다."", ""주어진 데이터만으로는 방향성이 불명확하므로 적극적 판단으로는 Neutral이 가장 적절하다.""]"
005380,현대차,2023-04-03,183600,Neutral,50,"[""제공된 정보가 종목명, 현재가, 시장 구분뿐이라 20거래일 방향성을 판단할 수 있는 가격·거래량·실적·밸류에이션 데이터가 없다."", ""상승과 하락을 가늠할 수 있는 기술적 지표나 수급 지표가 전혀 없어 Buy 또는 Sell 근거가 부족하다."", ""주어진 데이터만으로는 방향성이 불명확하므로 적극적 판단으로는 Neutral이 가장 적절하다.""]"
005380,현대차,2023-05-02,201500,Neutral,50,"[""현재가 201,500원만 제시되어 있어 20거래일 방향을 판단할 수 있는 추세·모멘텀·밸류에이션 데이터가 부족합니다."", ""상승 또는 하락을 지지하는 기술적 지표, 실적, 수급, 변동성 정보가 제공되지 않아 Buy와 Sell 중 우위를 정하기 어렵습니다."", ""제공된 데이터만 근거로 하면 방향성이 불명확하므로 적극적 판단으로는 Neutral이 가장 적절합니다.""]"
005380,현대차,2023-06-01,197500,Neutral,50,"[""현재가 197,500원만 제시되어 있어 추세, 변동성, 거래량, 수급 등 20거래일 방향성을 판단할 핵심 데이터가 부족합니다."", ""제공된 정보에는 실적, 밸류에이션, 기술적 지표, 시장 대비 상대강도 같은 상승·하락 근거가 없어 Buy 또는 Sell을 우선할 수 없습니다."", ""브랜드 이미지나 과거 명성은 배제해야 하므로, 현재 제공 데이터만으로는 방향성이 불명확해 Neutral이 가장 적절합니다.""]"
005380,현대차,2023-07-03,208500,Neutral,42,"[""현재가 208,500원만으로는 20거래일 내 상승·하락 방향을 판단할 수 있는 추세 정보가 제공되지 않았습니다."", ""거래량, 이동평균, 수급, 실적, 밸류에이션 등 방향성을 뒷받침할 핵심 데이터가 없어 매수·매도 우위를 가리기 어렵습니다."", ""제공된 정보가 종목명과 시장 구분에 한정되어 있어, 주가 방향에 대한 확신을 가질 근거가 부족합니다.""]"
005380,현대차,2023-08-01,199400,Neutral,42,"[""제공된 정보가 종목명, 현재가, 상장 시장뿐이라 20거래일 방향성을 판단할 수 있는 가격·거래량·실적·수급 데이터가 없다."", ""상승과 하락을 가늠할 기술적 지표나 펀더멘털 지표가 전혀 없어 Buy 또는 Sell을 정당화할 근거가 부족하다."", ""주어진 데이터만으로는 방향성이 불명확하므로 적극적 판단으로는 Neutral이 가장 타당하다.""]"
005380,현대차,2023-09-01,187400,Neutral,42,"[""현재가 187,400원만으로는 20거래일 내 상승·하락 방향을 판단할 수 있는 추세, 모멘텀, 밸류에이션 비교 데이터가 제공되지 않았습니다."", ""거래량, 이동평균, 실적, 수급, 업황 등 방향성을 뒷받침할 핵심 지표가 없어 Buy 또는 Sell을 강하게 선택할 근거가 부족합니다."", ""제공된 정보가 종목명·시장·현재가에 한정되어 있어 상승과 하락 가능성이 균형적이며, 확신 가능한 방향성을 도출하기 어렵습니다.""]"
005380,현대차,2023-10-04,190800,Neutral,42,"[""제공된 정보가 종목명, 현재가, 시장 구분뿐이라 20거래일 방향성을 판단할 수 있는 가격 추세·거래량·실적·밸류에이션 데이터가 없다."", ""상승과 하락을 가늠할 수 있는 기술적 지표나 수급 정보가 전혀 없어 Buy 또는 Sell 근거를 만들 수 없다."", ""주어진 데이터만으로는 방향성이 불명확하므로 적극적 판단으로는 Neutral이 가장 적절하다.""]"
005380,현대차,2023-11-01,170300,Neutral,42,"[""제공된 정보가 종목명과 현재가뿐이라 20거래일 방향성을 판단할 수 있는 가격 추세, 거래량, 실적, 밸류에이션 데이터가 없다."", ""상승과 하락을 가를 수 있는 기술적·펀더멘털 근거가 전혀 제시되지 않아 Buy 또는 Sell을 선택할 만한 우위가 없다."", ""주어진 데이터만으로는 방향성이 불명확하므로 적극적 판단으로는 Neutral이 가장 적절하다.""]"
005380,현대차,2023-12-01,182800,Neutral,42,"[""현재 제공된 정보는 종목명, 현재가, 상장 시장뿐이며 20거래일 방향성을 판단할 수 있는 가격 추세·거래량·실적·밸류에이션 데이터가 없다."", ""상승과 하락을 가늠할 수 있는 기술적 지표나 수급 정보가 전혀 없어 Buy 또는 Sell 근거가 부족하다."", ""제공된 데이터만으로는 방향성이 불명확하므로 적극적 판단으로는 Neutral이 가장 적절하다.""]"
005380,현대차,2024-01-02,200500,Neutral,42,"[""현재가 200,500원만 제공되어 추세, 모멘텀, 거래량, 변동성 등 20거래일 방향성을 판단할 핵심 데이터가 부족합니다."", ""기업 실적, 밸류에이션, 수급, 기술적 지표가 제시되지 않아 상승·하락 어느 쪽도 우위라고 결론내릴 근거가 없습니다."", ""제공된 정보만으로는 향후 20거래일 내 주가 방향을 확신할 수 없어 Neutral이 가장 적절합니다.""]"
005380,현대차,2024-02-01,208000,Neutral,42,"[""현재가 208,000원만으로는 20거래일 내 상승·하락 방향을 판단할 수 있는 추세, 밸류에이션, 실적, 수급 데이터가 제공되지 않았습니다."", ""종목명과 시장 정보 외에 기술적 지표나 거래량, 이동평균, 모멘텀 관련 데이터가 없어 방향성 우위를 확인할 근거가 없습니다."", ""제공된 데이터만을 근거로 해야 하므로 상승과 하락 중 어느 쪽도 우세하다고 결론내릴 수 없어 Neutral이 적절합니다.""]"
005380,현대차,2024-03-04,255500,Neutral,42,"[""제공된 정보가 종목명과 현재가뿐이라 20거래일 방향성을 판단할 수 있는 가격 추세, 거래량, 실적, 밸류에이션 데이터가 없다."", ""상승과 하락을 가를 수 있는 기술적·기본적 근거가 모두 부재하여 Buy 또는 Sell을 선택할 만한 우위가 없다."", ""주어진 데이터만으로는 방향성이 불명확하므로 적극적 판단으로는 Neutral이 가장 적절하다.""]"
005380,현대차,2024-04-01,227500,Neutral,52,"[""제공된 정보가 종목명, 현재가, 시장 구분뿐이라 20거래일 방향성을 판단할 수 있는 가격·거래량·실적·수급 데이터가 없다."", ""상승과 하락을 가늠할 수 있는 기술적 지표나 이벤트 정보가 없어 Buy 또는 Sell을 강하게 선택할 근거가 부족하다."", ""주어진 데이터만으로는 방향성이 불명확하므로 적극적 중립 판단이 가장 적절하다.""]"
005380,현대차,2024-05-02,249000,Neutral,42,"[""제공된 정보가 종목명, 현재가, 시장 구분뿐이라 20거래일 방향성을 판단할 수 있는 가격 추세나 수급·실적 데이터가 없다."", ""상승과 하락을 가늠할 기술적 지표, 거래량, 변동성, 밸류에이션 비교가 전혀 없어 Buy 또는 Sell 근거가 부족하다."", ""주어진 데이터만으로는 방향성이 불명확하므로 적극적 판단으로는 Neutral이 가장 적절하다.""]"
005380,현대차,2024-06-03,265000,Neutral,42,"[""현재가 265,000원만 제시되어 있어 추세, 변동성, 거래량, 실적 등 20거래일 방향성을 판단할 핵심 데이터가 부족합니다."", ""제공된 정보에는 상승 또는 하락을 뒷받침하는 기술적·수급적 근거가 없어 Buy나 Sell을 단정할 수 없습니다."", ""브랜드 이미지나 과거 명성은 배제해야 하므로, 현재 제공 데이터만으로는 방향성 우위를 확인하기 어렵습니다.""]"
005380,현대차,2024-07-01,286000,Neutral,42,"[""현재가 286,000원에 대한 추가 기술적·실적·수급 데이터가 제공되지 않아 20거래일 방향성을 판단할 핵심 근거가 부족합니다."", ""제공된 정보는 종목명, 현재가, 시장 구분뿐이어서 상승·하락을 지지하는 정량 신호를 확인할 수 없습니다."", ""브랜드 이미지나 과거 명성은 배제해야 하므로, 현재 제공 데이터만으로는 Buy 또는 Sell을 선택할 만큼의 확신이 없습니다.""]"
005380,현대차,2024-08-01,253500,Neutral,42,"[""현재가 253,500원만으로는 20거래일 내 상승·하락 방향을 판단할 수 있는 추세, 밸류에이션, 실적, 수급 데이터가 제공되지 않았습니다."", ""종목명과 시장 정보(KOSPI) 외에 기술적 지표나 최근 가격 흐름이 없어 Buy 또는 Sell을 지지할 근거가 부족합니다."", ""제공된 데이터만을 근거로 하면 방향성이 불명확하므로 적극적 선택으로는 Neutral이 가장 적절합니다.""]"
005380,현대차,2024-09-02,246000,Neutral,42,"[""현재가 246,000원만으로는 20거래일 내 상승·하락 방향을 판단할 수 있는 추세, 밸류에이션, 실적, 수급 데이터가 제공되지 않았습니다."", ""종목 정보는 현대차와 KOSPI 상장 여부뿐이라 모멘텀이나 변동성 우위 여부를 확인할 근거가 없습니다."", ""제공된 데이터만 근거로 해야 하므로 방향성을 확신할 수 없어 Neutral이 가장 적절합니다.""]"
005380,현대차,2024-10-02,237000,Neutral,42,"[""현재가 237,000원만으로는 20거래일 내 상승·하락 방향을 판단할 수 있는 추세, 밸류에이션, 실적, 수급 데이터가 제공되지 않았습니다."", ""종목명과 시장 정보 외에 기술적 지표나 최근 거래량/변동성 정보가 없어 단기 방향성 우위를 뒷받침할 근거가 부족합니다."", ""제공된 데이터만을 근거로 해야 하므로 상승과 하락 중 어느 쪽도 확신할 수 없어 Neutral이 적절합니다.""]"
005380,현대차,2024-11-01,213500,Neutral,42,"[""현재가 213,500원만으로는 20거래일 내 상승·하락 방향을 판단할 수 있는 추세, 밸류에이션, 실적, 수급 데이터가 제공되지 않았습니다."", ""종목명과 시장 정보 외에 기술적 지표나 거래량, 이동평균, 모멘텀 관련 데이터가 없어 매수·매도 우위를 정할 근거가 부족합니다."", ""제공된 데이터만을 근거로 해야 하므로 방향성이 불명확한 상황에 해당해 Neutral이 가장 적절합니다.""]"
005380,현대차,2024-12-02,216000,Neutral,42,"[""현재가 216,000원만으로는 20거래일 내 상승·하락 방향을 판단할 수 있는 추세, 모멘텀, 밸류에이션 비교 데이터가 제공되지 않았습니다."", ""거래량, 이동평균, 실적, 수급, 변동성 등 방향성을 뒷받침할 핵심 지표가 없어 Buy 또는 Sell을 선택할 근거가 부족합니다."", ""제공된 정보가 종목명, 현재가, 시장 구분에 한정되어 있어 상승과 하락 근거가 균형을 이루기보다 아예 판별 불가에 가깝습니다.""]"
005380,현대차,2025-01-02,211500,Neutral,42,"[""현재가 211,500원만 제시되어 있어 추세, 모멘텀, 거래량, 변동성 등 20거래일 방향성을 판단할 핵심 데이터가 부족합니다."", ""제공된 정보에는 실적, 밸류에이션, 수급, 기술적 지표가 없어 상승 또는 하락 근거를 우위로 두기 어렵습니다."", ""브랜드 이미지나 과거 명성은 배제해야 하므로, 종목명만으로는 Buy 또는 Sell을 정당화할 수 없습니다.""]"
005380,현대차,2025-02-03,202000,Neutral,42,"[""현재가 202,000원만으로는 20거래일 내 상승·하락 방향을 판단할 수 있는 추세, 밸류에이션, 실적, 수급 데이터가 제공되지 않았습니다."", ""종목 정보에는 시장 구분(KOSPI)과 현재가만 있어 모멘텀이나 변동성 우위 여부를 확인할 근거가 부족합니다."", ""제공된 데이터만 근거로 해야 하므로 상승과 하락 중 어느 쪽도 우세하다고 결론내리기 어려워 Neutral이 적절합니다.""]"
005380,현대차,2025-03-04,190300,Neutral,42,"[""현재가 190,300원만으로는 20거래일 방향성을 판단할 수 있는 추세·모멘텀·밸류에이션 정보가 제공되지 않았습니다."", ""상승 또는 하락을 지지하는 기술적 지표, 거래량 변화, 실적 추정치, 수급 데이터가 없어 Buy와 Sell 중 우위를 정하기 어렵습니다."", ""제공된 데이터가 종목명, 시장, 현재가에 한정되어 있어 방향성 확신이 부족하므로 Neutral이 가장 적절합니다.""]"
005380,현대차,2025-04-01,198600,Neutral,42,"[""제공된 데이터가 종목명과 현재가뿐이라 20거래일 방향성을 판단할 수 있는 추세·실적·밸류에이션·수급 정보가 없다."", ""상승과 하락 어느 쪽도 지지하는 정량 근거가 없어 Buy 또는 Sell을 선택할 근거가 부족하다."", ""주어진 정보만으로는 기대수익과 하방위험의 우열을 가릴 수 없어 Neutral이 가장 적절하다.""]"
005380,현대차,2025-05-02,189400,Neutral,50,"[""현재가 189,400원만으로는 향후 20거래일 방향성을 판단할 수 있는 추세·모멘텀 정보가 제공되지 않았습니다."", ""거래량, 이동평균, 실적, 밸류에이션, 수급 등 상승·하락 판단에 필요한 핵심 데이터가 없어 근거가 부족합니다."", ""제공된 정보가 종목명, 현재가, 시장 구분에 한정되어 있어 Buy 또는 Sell을 선택할 만큼의 확신을 가질 수 없습니다.""]"
005380,현대차,2025-06-02,184000,Neutral,42,"[""현재가 184,000원만으로는 20거래일 내 상승·하락 방향을 판단할 수 있는 추세, 밸류에이션, 실적, 수급 데이터가 제공되지 않았습니다."", ""종목 정보에는 시장(KOSPI)과 가격만 있어 모멘텀이나 변동성 우위 여부를 확인할 근거가 부족합니다."", ""제공된 데이터만 근거로 해야 하므로 상승과 하락 중 어느 쪽도 우세하다고 확신할 수 없어 Neutral이 적절합니다.""]"
005380,현대차,2025-07-01,210000,Neutral,42,"[""현재가 210,000원만 제시되어 있어 20거래일 방향을 판단할 수 있는 추세·모멘텀·변동성 정보가 부족합니다."", ""재무, 실적, 수급, 기술적 지표 등 상승 또는 하락 근거가 되는 추가 데이터가 제공되지 않았습니다."", ""제공된 정보만으로는 상승·하락 어느 쪽도 우위라고 보기 어려워 방향성 확신이 낮습니다.""]"
005380,현대차,2025-08-01,210000,Neutral,42,"[""제공된 정보가 종목명, 현재가, 시장 구분뿐이라 20거래일 방향성을 판단할 수 있는 가격 추세·거래량·실적·밸류에이션 데이터가 없다."", ""상승 또는 하락을 지지하는 기술적·펀더멘털 근거가 전혀 제시되지 않아 Buy와 Sell 중 어느 쪽도 우위라고 보기 어렵다."", ""주어진 데이터만으로는 방향성이 불명확하므로 적극적 판단으로는 Neutral이 가장 적절하다.""]"
005380,현대차,2025-09-01,220500,Neutral,42,"[""현재가 220,500원만으로는 20거래일 내 상승·하락 방향을 판단할 수 있는 추세, 밸류에이션, 실적, 수급 데이터가 제공되지 않았습니다."", ""종목 정보에는 시장 구분(KOSPI)과 가격만 있어 모멘텀이나 변동성 우위 여부를 확인할 근거가 부족합니다."", ""제공된 데이터만을 근거로 해야 하므로 방향성을 확신할 수 없어 Neutral이 가장 적절합니다.""]"
005380,현대차,2025-10-01,215500,Neutral,50,"[""제공된 정보가 종목명, 현재가, 시장 구분뿐이라 20거래일 방향성을 판단할 수 있는 가격·거래량·실적·수급 데이터가 없다."", ""상승과 하락을 가늠할 수 있는 기술적 지표나 펀더멘털 근거가 전혀 없어 Buy 또는 Sell을 선택할 근거가 부족하다."", ""주어진 데이터만 기준으로 보면 방향성이 불명확하므로 적극적 판단으로는 Neutral이 가장 적절하다.""]"
005380,현대차,2025-11-03,291500,Neutral,42,"[""현재가 291,500원만 제시되어 있어 추세, 밸류에이션, 거래량, 실적 등 20거래일 방향성을 판단할 핵심 데이터가 부족합니다."", ""제공된 정보에는 상승을 지지할 기술적·수급적 근거와 하락을 지지할 근거가 모두 없어 Buy 또는 Sell을 단정하기 어렵습니다."", ""브랜드 이미지나 과거 명성은 배제해야 하므로, 현재 제공 데이터만으로는 방향성이 불명확해 Neutral이 가장 적절합니다.""]"
005380,현대차,2025-12-01,254500,Neutral,42,"[""제공된 정보가 종목명, 현재가, 시장 구분뿐이라 20거래일 방향성을 판단할 수 있는 가격·거래량·실적·수급 데이터가 없다."", ""상승 또는 하락을 지지하는 기술적 지표나 펀더멘털 지표가 전혀 제시되지 않아 Buy와 Sell 중 어느 쪽도 우위라고 보기 어렵다."", ""주어진 데이터만으로는 방향성 확신이 불가능하므로 적극적 중립 판단이 가장 적절하다.""]"
000270,기아,2023-01-02,61500,Neutral,50,"[""현재가 61,500원만으로는 20거래일 내 방향성을 판단할 수 있는 추세·모멘텀 정보가 제공되지 않았습니다."", ""재무, 실적, 밸류에이션, 수급, 기술적 지표 등 상승 또는 하락을 뒷받침할 추가 데이터가 없어 우위 판단이 어렵습니다."", ""제공된 정보가 종목명과 현재가에 한정되어 있어 Buy와 Sell 중 어느 쪽도 근거가 충분하지 않습니다.""]"
000270,기아,2023-02-01,69500,Neutral,42,"[""현재가 69,500원만으로는 20거래일 내 상승·하락 방향을 판단할 수 있는 추세 정보가 제공되지 않았습니다."", ""재무, 실적, 수급, 기술적 지표 등 방향성을 뒷받침할 추가 데이터가 없어 Buy 또는 Sell 근거가 부족합니다."", ""제공된 정보가 종목명과 현재가뿐이므로 상승·하락 근거가 균형을 이루기보다 아예 불충분하여 Neutral이 적절합니다.""]"
000270,기아,2023-03-02,77800,Neutral,42,"[""현재가 77,800원만으로는 20거래일 내 상승·하락 방향을 판단할 수 있는 추세 정보가 제공되지 않았습니다."", ""재무, 실적, 수급, 밸류에이션, 기술적 지표 등 방향성을 뒷받침할 추가 데이터가 없어 Buy 또는 Sell 근거가 부족합니다."", ""제공된 정보가 종목명, 시장, 현재가에 한정되어 있어 상승과 하락 가능성을 균형 있게 배제할 수 없으므로 Neutral이 적절합니다.""]"
000270,기아,2023-04-03,81200,Neutral,42,"[""현재가 81,200원만으로는 20거래일 내 상승·하락 방향을 판단할 수 있는 추세 정보가 제공되지 않았습니다."", ""재무, 실적, 수급, 기술적 지표 등 방향성을 뒷받침할 추가 데이터가 없어 Buy 또는 Sell 근거가 부족합니다."", ""제공된 정보가 종목명, 시장, 현재가에 한정되어 있어 방향성 확신이 불가능하므로 Neutral이 적절합니다.""]"
000270,기아,2023-05-02,86900,Neutral,42,"[""현재가 86,900원만으로는 20거래일 내 상승·하락 방향을 판단할 수 있는 추세 정보가 제공되지 않았습니다."", ""재무, 실적, 수급, 기술적 지표 등 방향성을 뒷받침할 추가 데이터가 없어 Buy 또는 Sell 근거가 부족합니다."", ""제공된 정보가 종목명, 시장, 현재가에 한정되어 있어 상승·하락 기대를 균형 있게 비교할 수 없습니다.""]"
000270,기아,2023-06-01,84200,Neutral,42,"[""현재가 84,200원만으로는 20거래일 내 상승·하락 방향을 판단할 수 있는 추세, 밸류에이션, 실적, 수급 데이터가 제공되지 않았습니다."", ""종목명과 시장 정보 외에 기술적 지표나 거래량 정보가 없어 매수·매도 우위를 뒷받침할 근거가 부족합니다."", ""제공된 데이터만 근거로 해야 하므로 방향성을 확신할 수 없어 Neutral이 가장 적절합니다.""]"
000270,기아,2023-07-03,88500,Neutral,42,"[""현재가 88,500원만으로는 20거래일 내 상승·하락 방향을 판단할 수 있는 추세, 밸류에이션, 실적, 수급 데이터가 제공되지 않았습니다."", ""종목 정보는 기아와 KOSPI 상장 사실뿐이며, 판단 기준에 필요한 기술적 지표나 최근 변동성 정보가 없어 방향성 근거가 부족합니다."", ""제공된 데이터만 근거로 해야 하므로 상승과 하락 어느 쪽도 우세하다고 보기 어려워 Neutral이 가장 적절합니다.""]"
000270,기아,2023-08-01,83300,Neutral,50,"[""현재가 83,300원만으로는 20거래일 내 상승·하락 방향을 판단할 수 있는 추세 정보가 제공되지 않았습니다."", ""재무, 실적, 밸류에이션, 수급, 기술적 지표 등 방향성을 뒷받침할 추가 데이터가 없어 Buy 또는 Sell 근거가 부족합니다."", ""제공된 정보가 종목명, 현재가, 시장 구분에 한정되어 있어 방향성 확신이 불가능하므로 Neutral이 적절합니다.""]"
000270,기아,2023-09-01,79700,Neutral,50,"[""현재가 79,700원만으로는 향후 20거래일 방향을 판단할 수 있는 추세·모멘텀 정보가 제공되지 않았습니다."", ""재무, 실적, 밸류에이션, 수급, 기술적 지표 등 상승 또는 하락 근거가 되는 데이터가 제시되지 않았습니다."", ""제공된 정보가 종목명과 현재가에 한정되어 있어 Buy와 Sell 중 어느 쪽도 우위라고 보기 어렵습니다.""]"
000270,기아,2023-10-04,81900,Neutral,50,"[""현재가 81,900원만으로는 향후 20거래일 방향을 판단할 수 있는 추세·모멘텀 정보가 제공되지 않았습니다."", ""재무, 실적, 수급, 밸류에이션, 기술적 지표 등 상승 또는 하락 근거가 되는 추가 데이터가 없어 우위 방향을 확정하기 어렵습니다."", ""제공된 정보가 종목명, 시장, 현재가에 한정되어 있어 Buy와 Sell 중 어느 쪽도 강하게 지지할 근거가 없습니다.""]"
000270,기아,2023-11-01,77400,Neutral,42,"[""현재가 77,400원만으로는 20거래일 내 상승·하락 방향을 판단할 수 있는 추세, 밸류에이션, 실적, 수급 데이터가 제공되지 않았습니다."", ""종목 정보가 기아와 현재가, 시장(KOSPI)뿐이라 모멘텀이나 변동성 우위 여부를 확인할 근거가 없습니다."", ""제공된 데이터만 근거로 해야 하므로 상승과 하락 중 어느 쪽도 우세하다고 결론내리기 어렵습니다.""]"
000270,기아,2023-12-01,85800,Neutral,42,"[""제공된 정보가 종목명, 현재가, 상장 시장뿐이라 20거래일 방향성을 판단할 수 있는 가격 추세·실적·수급 데이터가 없다."", ""상승과 하락을 가늠할 기술적 지표나 밸류에이션, 모멘텀 관련 근거가 전혀 제시되지 않아 Buy 또는 Sell을 정당화하기 어렵다."", ""주어진 데이터만으로는 방향성이 불명확하므로 적극적 판단으로는 Neutral이 가장 적절하다.""]"
000270,기아,2024-01-02,97600,Neutral,42,"[""현재가 97,600원만으로는 20거래일 내 방향성을 판단할 수 있는 추세·모멘텀 정보가 제공되지 않았습니다."", ""재무, 실적, 밸류에이션, 수급, 기술적 지표 등 상승 또는 하락을 지지하는 추가 데이터가 없어 근거가 부족합니다."", ""제공된 정보가 종목명, 시장, 현재가에 한정되어 있어 Buy와 Sell 중 어느 쪽도 우위라고 보기 어렵습니다.""]"
000270,기아,2024-02-01,106300,Neutral,42,"[""현재가 106,300원만으로는 20거래일 방향성을 판단할 수 있는 추세·모멘텀 정보가 제공되지 않았습니다."", ""재무, 실적, 밸류에이션, 수급, 기술적 지표 등 상승·하락 근거가 되는 데이터가 없어 우위 판단이 어렵습니다."", ""제공된 정보가 종목명, 시장, 현재가에 한정되어 있어 Buy 또는 Sell을 선택할 만큼의 확신을 형성할 수 없습니다.""]"
000270,기아,2024-03-04,125600,Neutral,42,"[""종목 정보에 현재가와 시장 구분만 제공되어 있어 20거래일 방향성을 판단할 수 있는 추세·실적·밸류에이션·수급 데이터가 없다."", ""상승과 하락을 가늠할 수 있는 기술적 지표나 이벤트 정보가 전혀 없어 Buy 또는 Sell 근거를 만들 수 없다."", ""제공된 데이터만을 근거로 해야 하므로, 방향성이 불명확한 상황에 해당해 Neutral이 가장 적절하다.""]"
000270,기아,2024-04-01,108700,Neutral,42,"[""현재가 108,700원만으로는 향후 20거래일 방향을 판단할 수 있는 추세·모멘텀 정보가 제공되지 않았습니다."", ""매출, 이익, 밸류에이션, 수급, 기술적 지표 등 상승·하락 판단에 필요한 핵심 데이터가 없어 근거가 부족합니다."", ""제공된 정보가 종목명, 시장, 현재가에 한정되어 있어 Buy 또는 Sell을 확정할 만한 우위가 없습니다.""]"
000270,기아,2024-05-02,119600,Neutral,42,"[""현재가 119,600원만으로는 향후 20거래일 방향성을 판단할 수 있는 추세·모멘텀 정보가 제공되지 않았습니다."", ""매출, 이익, 밸류에이션, 수급, 기술적 지표 등 상승 또는 하락을 뒷받침할 핵심 데이터가 없어 근거가 부족합니다."", ""제공된 정보가 종목명과 현재가뿐이므로 상승·하락 어느 쪽도 우위라고 보기 어려워 Neutral이 적절합니다.""]"
000270,기아,2024-06-03,120700,Neutral,50,"[""현재가 120,700원만 제공되어 추세, 거래량, 변동성, 수급 등 20거래일 방향성을 판단할 핵심 데이터가 없다."", ""기업 실적, 밸류에이션, 기술적 지표가 제시되지 않아 상승·하락 어느 쪽도 우위라고 결론내릴 근거가 부족하다."", ""제공된 정보만으로는 방향성이 불명확하므로 적극적 판단으로는 Neutral이 가장 적절하다.""]"
000270,기아,2024-07-01,128600,Neutral,52,"[""제공된 정보가 종목명, 현재가, 시장 구분뿐이라 20거래일 방향을 판단할 수 있는 가격·거래량·실적·수급 데이터가 없다."", ""상승과 하락을 가늠할 수 있는 기술적 지표나 펀더멘털 지표가 전혀 없어 Buy 또는 Sell 근거가 부족하다."", ""주어진 데이터만으로는 방향성이 불명확하므로 적극적 판단으로는 Neutral이 가장 적절하다.""]"
000270,기아,2024-08-01,112100,Neutral,42,"[""현재가 112,100원만으로는 향후 20거래일 방향을 판단할 수 있는 추세·모멘텀·밸류에이션 정보가 제공되지 않았습니다."", ""매출, 이익, 수급, 거래량, 기술적 지표 등 상승 또는 하락을 뒷받침할 핵심 데이터가 없어 Buy 또는 Sell 근거가 부족합니다."", ""제공된 데이터만을 근거로 하면 상승·하락 우위를 확정하기 어려워 방향성 불명확에 해당하는 Neutral이 적절합니다.""]"
000270,기아,2024-09-02,106100,Neutral,50,"[""현재가 106,100원만으로는 20거래일 내 상승·하락 방향을 판단할 수 있는 추세 정보가 제공되지 않았습니다."", ""거래량, 이동평균, 실적, 밸류에이션, 수급 등 방향성을 뒷받침할 추가 데이터가 없어 매수·매도 우위를 가리기 어렵습니다."", ""제공된 정보가 종목명과 현재가에 한정되어 있어 상승 근거와 하락 근거가 균형이 아니라 모두 부족하므로 Neutral이 적절합니다.""]"
000270,기아,2024-10-02,98700,Neutral,50,"[""현재가 98,700원만으로는 향후 20거래일 방향성을 판단할 수 있는 추세·밸류에이션·실적 데이터가 제공되지 않았습니다."", ""상승 또는 하락을 지지하는 기술적 지표, 거래량, 수급, 실적 모멘텀 정보가 없어 Buy와 Sell 중 우위를 둘 근거가 부족합니다."", ""제공된 데이터가 종목명, 현재가, 시장 정보에 한정되어 있어 방향성 확신이 불가능하므로 Neutral이 적절합니다.""]"
000270,기아,2024-11-01,94300,Neutral,50,"[""현재가 94,300원만으로는 20거래일 내 상승·하락 방향을 판단할 수 있는 추세 정보가 제공되지 않았습니다."", ""재무, 실적, 수급, 밸류에이션, 기술적 지표 등 방향성을 뒷받침할 추가 데이터가 없어 Buy 또는 Sell 근거가 부족합니다."", ""제공된 정보가 종목명·시장·현재가에 한정되어 있어, 방향성 확신이 어려운 상황이므로 Neutral이 적절합니다.""]"
000270,기아,2024-12-02,94200,Neutral,50,"[""현재가 94,200원만으로는 향후 20거래일 방향성을 판단할 수 있는 추세·모멘텀 정보가 제공되지 않았습니다."", ""재무, 실적, 수급, 밸류에이션, 기술적 지표 등 상승 또는 하락 근거가 되는 추가 데이터가 없어 Buy/Sell 우위를 정하기 어렵습니다."", ""제공된 정보 범위 내에서는 상승·하락 근거가 균형이 아니라 아예 부족하므로, 방향성 확신이 불가능해 Neutral이 적절합니다.""]"
000270,기아,2025-01-02,101600,Neutral,50,"[""현재가 101,600원만으로는 20거래일 내 상승·하락 방향을 판단할 수 있는 추세 정보가 제공되지 않았습니다."", ""재무, 실적, 수급, 밸류에이션, 기술적 지표 등 방향성을 뒷받침할 추가 데이터가 없어 Buy 또는 Sell 근거가 부족합니다."", ""제공된 정보가 종목명, 현재가, 시장 구분에 한정되어 있어 방향성 확신이 불가능하므로 Neutral이 적절합니다.""]"
000270,기아,2025-02-03,96100,Neutral,50,"[""현재가 96,100원만으로는 향후 20거래일 방향성을 판단할 수 있는 추세·모멘텀 정보가 제공되지 않았습니다."", ""재무, 실적, 수급, 밸류에이션, 기술적 지표 등 상승 또는 하락 근거가 되는 데이터가 제시되지 않았습니다."", ""제공된 정보가 종목명과 현재가뿐이므로 Buy와 Sell 중 어느 쪽도 우위라고 보기 어려워 Neutral이 적절합니다.""]"
000270,기아,2025-03-04,93300,Neutral,42,"[""제공된 정보가 종목명, 현재가, 상장 시장뿐이라 20거래일 방향성을 판단할 수 있는 가격·실적·수급 데이터가 없다."", ""상승과 하락을 가늠할 기술적 지표나 밸류에이션, 모멘텀 관련 근거가 전혀 제시되지 않았다."", ""브랜드 이미지와 과거 명성을 배제해야 하므로, 현재 제공 데이터만으로는 Buy 또는 Sell을 정당화할 수 없다.""]"
000270,기아,2025-04-01,93200,Neutral,50,"[""현재 제공된 데이터가 종목명과 현재가뿐이라 20거래일 방향성을 판단할 수 있는 추세·실적·밸류에이션·수급 정보가 없다."", ""상승과 하락을 가늠할 기술적 지표나 최근 가격 흐름이 없어 Buy 또는 Sell을 지지할 근거가 부족하다."", ""제공된 정보만으로는 방향성이 불명확하므로 적극적 판단으로는 Neutral이 가장 적절하다.""]"
000270,기아,2025-05-02,89400,Neutral,42,"[""현재가 89,400원만으로는 20거래일 내 상승·하락 방향을 판단할 수 있는 추세 정보가 제공되지 않았습니다."", ""재무, 실적, 밸류에이션, 수급, 기술적 지표 등 방향성을 뒷받침할 추가 데이터가 없어 우위 판단이 어렵습니다."", ""제공된 정보가 종목명과 현재가에 한정되어 있어 Buy 또는 Sell을 선택할 만큼의 근거가 부족합니다.""]"
000270,기아,2025-06-02,88400,Neutral,42,"[""현재가 88,400원만으로는 20거래일 내 상승·하락 방향을 판단할 수 있는 추세 정보가 제공되지 않았습니다."", ""재무, 실적, 수급, 밸류에이션, 기술적 지표 등 방향성을 뒷받침할 추가 데이터가 없어 매수·매도 우위를 가리기 어렵습니다."", ""제공된 정보가 종목명, 시장, 현재가에 한정되어 있어 확신 가능한 상승 또는 하락 근거가 부족하므로 Neutral이 적절합니다.""]"
000270,기아,2025-07-01,98700,Neutral,50,"[""현재가 98,700원만 제공되어 추세, 거래량, 변동성, 수급 등 20거래일 방향성을 판단할 핵심 데이터가 부족합니다."", ""제공된 정보에는 실적, 밸류에이션, 기술적 지표가 없어 상승 또는 하락 근거를 우위로 둘 수 없습니다."", ""브랜드 이미지·과거 명성은 판단에서 배제해야 하므로, 현재 제공 데이터만으로는 Buy 또는 Sell을 확정하기 어렵습니다.""]"
000270,기아,2025-08-01,100800,Neutral,50,"[""현재가 100,800원만으로는 향후 20거래일 방향을 판단할 수 있는 추세·모멘텀 정보가 제공되지 않았습니다."", ""재무, 실적, 밸류에이션, 수급, 기술적 지표 등 상승 또는 하락 근거가 되는 데이터가 제시되지 않았습니다."", ""제공된 데이터가 가격 수준 하나뿐이어서 Buy와 Sell 중 어느 쪽도 우위라고 보기 어려워 Neutral이 적절합니다.""]"
000270,기아,2025-09-01,106500,Neutral,42,"[""현재가 106,500원만으로는 20거래일 내 상승·하락 방향을 판단할 수 있는 추세 정보가 제공되지 않았습니다."", ""재무, 실적, 밸류에이션, 수급, 기술적 지표 등 방향성을 뒷받침할 추가 데이터가 없어 Buy 또는 Sell 근거가 부족합니다."", ""제공된 정보가 종목명과 현재가에 한정되어 있어 상승·하락 근거가 균형을 이루기보다 아예 불충분하므로 Neutral이 적절합니다.""]"
000270,기아,2025-10-01,100600,Neutral,50,"[""현재가 100,600원만 제공되어 추세, 모멘텀, 변동성, 거래량 등 20거래일 방향성을 판단할 핵심 데이터가 부족합니다."", ""제공된 정보에는 실적, 밸류에이션, 수급, 기술적 지표가 없어 상승 또는 하락 근거를 우위로 둘 수 없습니다."", ""브랜드 이미지나 과거 명성은 배제해야 하므로, 현재 제공 데이터만으로는 Buy 또는 Sell을 정당화하기 어렵습니다.""]"
000270,기아,2025-11-03,117700,Neutral,42,"[""현재가 117,700원만으로는 20거래일 내 상승·하락 방향을 판단할 수 있는 추세 정보가 제공되지 않았습니다."", ""재무, 실적, 밸류에이션, 수급, 기술적 지표 등 방향성을 뒷받침할 추가 데이터가 없어 Buy 또는 Sell 근거가 부족합니다."", ""제공된 정보가 종목명, 시장, 현재가에 한정되어 있어 방향성 확신이 불가능하므로 Neutral이 가장 적절합니다.""]"
000270,기아,2025-12-01,112300,Neutral,42,"[""현재가 112,300원만으로는 20거래일 내 상승·하락 방향을 판단할 수 있는 추세, 밸류에이션, 실적, 수급 데이터가 제공되지 않았습니다."", ""종목명과 시장 정보 외에 기술적 지표나 거래량, 이동평균, 모멘텀 관련 데이터가 없어 매수·매도 우위를 정할 근거가 부족합니다."", ""제공된 데이터만을 근거로 해야 하므로 방향성을 확신할 수 없어 Neutral이 가장 적절합니다.""]"
105560,KB금융,2023-01-02,47600,Neutral,50,"[""현재가 47,600원만 제공되어 추세, 모멘텀, 변동성, 거래량 등 20거래일 방향성을 판단할 핵심 데이터가 부족합니다."", ""기업의 브랜드나 과거 명성은 배제해야 하므로, 제공된 정보만으로는 상승 또는 하락 우위를 정할 근거가 없습니다."", ""KOSPI 상장 정보와 종목명 외에 추가 수치가 없어 Buy 또는 Sell을 선택할 만큼의 정량적 신호가 확인되지 않습니다.""]"
105560,KB금융,2023-02-01,57400,Neutral,42,"[""현재가 57,400원에 대한 추가 기술적·수급·실적 데이터가 제공되지 않아 20거래일 방향성을 판단할 핵심 근거가 부족합니다."", ""제공된 정보는 종목명, 현재가, 시장 구분뿐이어서 상승 또는 하락을 지지하는 정량적 신호를 확인할 수 없습니다."", ""브랜드 이미지나 과거 명성은 배제해야 하므로, 현재 주어진 데이터만으로는 Buy와 Sell 중 어느 쪽도 우위라고 보기 어렵습니다.""]"
105560,KB금융,2023-03-02,50600,Neutral,50,"[""현재가 50,600원에 대한 추가 기술적·수급·실적 데이터가 제공되지 않아 20거래일 방향성을 판단할 근거가 부족합니다."", ""종목 정보는 KB금융과 KOSPI 상장 사실뿐이며, 상승 또는 하락을 지지하는 정량 지표가 제시되지 않았습니다."", ""제공된 데이터만으로는 Buy와 Sell 중 어느 쪽도 우위라고 보기 어려워 Neutral이 가장 적절합니다.""]"
105560,KB금융,2023-04-03,47300,Neutral,50,"[""현재가 47,300원만으로는 20거래일 내 상승·하락 방향을 판단할 수 있는 추세 정보가 제공되지 않았습니다."", ""거래량, 재무지표, 수급, 기술적 지표 등 방향성을 뒷받침할 추가 데이터가 없어 Buy 또는 Sell 근거가 부족합니다."", ""제공된 정보가 종목명, 현재가, 시장 구분에 한정되어 있어 상승과 하락 근거가 균형을 이루기보다 아예 판별 근거가 부족합니다.""]"
105560,KB금융,2023-05-02,49500,Neutral,52,"[""제공된 정보가 종목명, 현재가, 상장 시장뿐이라 20거래일 방향을 판단할 수 있는 가격 추세·거래량·실적·밸류에이션 데이터가 없다."", ""상승과 하락을 가늠할 수 있는 기술적 지표나 수급 정보가 전혀 없어 Buy 또는 Sell을 강하게 지지할 근거가 부족하다."", ""주어진 데이터만으로는 방향성이 불명확하므로 적극적 중립 판단이 가장 타당하다.""]"
105560,KB금융,2023-06-01,46800,Neutral,52,"[""제공된 정보가 종목명과 현재가뿐이라 20거래일 방향을 판단할 수 있는 추세·실적·수급·밸류에이션 데이터가 없다."", ""상승과 하락을 가를 기술적 지표나 최근 가격 흐름이 없어 Buy 또는 Sell을 강하게 지지할 근거가 부족하다."", ""주어진 데이터만으로는 방향성이 불명확하므로 적극적 선택으로서 Neutral이 가장 적절하다.""]"
105560,KB금융,2023-07-03,48650,Neutral,50,"[""현재가 48,650원만으로는 20거래일 내 상승·하락 방향을 판단할 수 있는 추세 정보가 제공되지 않았습니다."", ""거래량, 이동평균, 수급, 실적, 밸류에이션 등 방향성을 뒷받침할 핵심 데이터가 없어 Buy 또는 Sell 근거가 부족합니다."", ""제공된 정보가 종목명과 현재가에 한정되어 있어 상승·하락 근거가 균형이 아니라 아예 불충분하므로 Neutral이 가장 적절합니다.""]"
105560,KB금융,2023-08-01,52800,Neutral,50,"[""현재가 52,800원만으로는 향후 20거래일 방향성을 판단할 수 있는 추세·모멘텀 정보가 제공되지 않았습니다."", ""거래량, 이동평균, 수급, 실적, 밸류에이션 등 상승·하락 근거가 되는 핵심 데이터가 없어 Buy 또는 Sell을 단정하기 어렵습니다."", ""제공된 정보가 종목명, 시장, 현재가에 한정되어 있어 상승과 하락 근거가 균형을 이루는 것이 아니라 아예 방향성 판단 근거가 부족하므로 Neutral이 적절합니다.""]"
105560,KB금융,2023-09-01,53600,Neutral,42,"[""현재가 53,600원만으로는 향후 20거래일 방향을 판단할 수 있는 추세·모멘텀 정보가 제공되지 않았습니다."", ""상장 시장이 KOSPI라는 정보 외에 거래량, 이동평균, 실적, 수급, 변동성 등 방향성을 판단할 핵심 데이터가 없습니다."", ""제공된 데이터만 근거로 하면 상승과 하락 어느 쪽도 우세하다고 볼 수 없어 적극적 판단은 Neutral이 적절합니다.""]"
105560,KB금융,2023-10-04,54700,Neutral,50,"[""현재가 54,700원만으로는 향후 20거래일 방향을 판단할 수 있는 추세·모멘텀 정보가 제공되지 않았습니다."", ""거래량, 이동평균, 수급, 실적, 밸류에이션 등 상승·하락 판단에 필요한 핵심 데이터가 없어 근거가 부족합니다."", ""제공된 정보가 종목명, 현재가, 시장 구분에 한정되어 있어 Buy와 Sell 중 어느 쪽도 우위라고 보기 어렵습니다.""]"
105560,KB금융,2023-11-01,51300,Neutral,52,"[""제공된 종목 정보는 현재가와 시장 구분뿐이라 20거래일 방향성을 판단할 수 있는 추세·밸류에이션·실적·수급 데이터가 없다."", ""상승과 하락을 가를 기술적 지표나 거래량 정보가 없어 Buy 또는 Sell을 강하게 선택할 근거가 부족하다."", ""주어진 데이터만으로는 방향성이 불명확하므로 적극적 중립 판단이 가장 적절하다.""]"
105560,KB금융,2023-12-01,51900,Neutral,52,"[""제공된 정보가 종목명, 현재가, 시장 구분뿐이라 20거래일 방향성을 판단할 수 있는 가격 추세·거래량·실적·밸류에이션 데이터가 없다."", ""상승과 하락을 가늠할 수 있는 기술적 지표나 수급 정보가 없어 Buy 또는 Sell을 강하게 선택할 근거가 부족하다."", ""주어진 데이터만으로는 방향성이 불명확하므로 적극적 판단으로는 Neutral이 가장 적절하다.""]"
105560,KB금융,2024-01-02,53600,Neutral,42,"[""현재가 53,600원만으로는 20거래일 내 상승·하락 방향을 판단할 수 있는 추세 정보가 제공되지 않았습니다."", ""거래량, 이동평균, 실적, 밸류에이션, 수급 등 방향성을 뒷받침할 핵심 데이터가 없어 Buy 또는 Sell 근거가 부족합니다."", ""제공된 정보가 종목명, 현재가, 시장 구분에 한정되어 있어 방향성 확신이 불가능하므로 Neutral이 적절합니다.""]"
105560,KB금융,2024-02-01,61300,Neutral,42,"[""현재가 61,300원만으로는 20거래일 내 상승·하락 방향을 판단할 수 있는 추세, 밸류에이션, 수급, 실적 데이터가 제공되지 않았습니다."", ""종목 정보가 KB금융과 현재가뿐이라 기술적 지표나 모멘텀 근거가 없어 Buy 또는 Sell을 강하게 지지할 수 없습니다."", ""제공된 데이터만을 근거로 해야 하므로 방향성을 확신할 수 없어 Neutral이 가장 적절합니다.""]"
105560,KB금융,2024-03-04,69000,Neutral,50,"[""현재가 69,000원만으로는 향후 20거래일 방향을 판단할 수 있는 추세·모멘텀 정보가 제공되지 않았습니다."", ""재무, 수급, 밸류에이션, 기술적 지표 등 상승 또는 하락 근거가 되는 추가 데이터가 없어 Buy/Sell 우위를 정하기 어렵습니다."", ""제공된 정보가 종목명, 시장, 현재가에 한정되어 있어 방향성이 불명확하므로 Neutral이 가장 적절합니다.""]"
105560,KB금융,2024-04-01,68400,Neutral,42,"[""현재 제공된 정보는 종목명, 현재가, 시장 구분뿐이며 20거래일 방향성을 판단할 수 있는 가격 추세·거래량·실적·밸류에이션 데이터가 없다."", ""상승과 하락을 가늠할 수 있는 기술적 지표나 수급 정보가 전혀 없어 Buy 또는 Sell을 지지할 근거가 부족하다."", ""제공 데이터만으로는 방향성이 불명확하므로 적극적 판단으로는 Neutral이 가장 적절하다.""]"
105560,KB금융,2024-05-02,72300,Neutral,42,"[""현재 제공된 정보는 종목명, 현재가, 시장 구분뿐이라 20거래일 방향성을 판단할 수 있는 가격 추세·거래량·실적·밸류에이션 데이터가 없다."", ""상승과 하락을 가늠할 수 있는 기술적 지표나 수급 지표가 전혀 없어 Buy 또는 Sell을 지지할 근거가 부족하다."", ""제공 데이터만으로는 방향성이 불명확하므로 적극적 판단으로는 Neutral이 가장 적절하다.""]"
105560,KB금융,2024-06-03,79300,Neutral,52,"[""제공된 종목 정보에는 현재가와 시장 구분만 있고, 20거래일 방향을 판단할 수 있는 재무·수급·기술적 지표가 없어 상승 또는 하락 근거가 부족합니다."", ""KB금융의 기업 이미지나 과거 명성은 판단에서 배제해야 하므로, 현재 제공 데이터만으로는 Buy 또는 Sell을 정당화할 수 없습니다."", ""방향성이 확인되지 않는 상황이므로 적극적 선택으로서 Neutral이 가장 적절합니다.""]"
105560,KB금융,2024-07-01,79600,Neutral,42,"[""현재가 79,600원만으로는 20거래일 내 상승·하락 방향을 판단할 수 있는 추세 정보가 제공되지 않았습니다."", ""거래량, 이동평균, 수급, 실적, 밸류에이션 등 방향성을 뒷받침할 핵심 데이터가 없어 매수·매도 우위를 가리기 어렵습니다."", ""제공된 정보가 종목명, 현재가, 시장 구분에 한정되어 있어 확신 가능한 상승 또는 하락 근거가 부족합니다.""]"
105560,KB금융,2024-08-01,88300,Neutral,42,"[""현재가 88,300원만으로는 20거래일 내 상승·하락 방향을 판단할 수 있는 추세 정보가 제공되지 않았습니다."", ""거래량, 이동평균, 수급, 실적, 밸류에이션 등 방향성을 뒷받침할 핵심 데이터가 없어 매수·매도 우위를 가리기 어렵습니다."", ""제공된 정보가 종목명, 시장, 현재가에 한정되어 있어 확신 가능한 상승 또는 하락 근거가 부족하므로 Neutral이 적절합니다.""]"
105560,KB금융,2024-09-02,87700,Neutral,42,"[""제공된 정보가 종목명, 현재가, 시장 구분뿐이라 20거래일 방향성을 판단할 수 있는 가격·거래량·실적·밸류에이션 데이터가 없다."", ""상승과 하락을 가늠할 수 있는 기술적 지표나 수급 정보가 없어 Buy 또는 Sell 근거가 모두 부족하다."", ""주어진 데이터만으로는 방향성이 불명확하므로 적극적 판단으로는 Neutral이 가장 적절하다.""]"
105560,KB금융,2024-10-02,81300,Neutral,50,"[""현재가 81,300원만으로는 20거래일 내 상승·하락 방향을 판단할 수 있는 추세 정보가 제공되지 않았습니다."", ""거래량, 이동평균, 수급, 실적, 밸류에이션 등 방향성을 뒷받침할 핵심 데이터가 없어 매수·매도 우위를 가리기 어렵습니다."", ""제공된 정보가 종목명, 시장, 현재가에 한정되어 있어 확신 가능한 상승 또는 하락 근거가 부족합니다.""]"
105560,KB금융,2024-11-01,91800,Neutral,42,"[""현재가 91,800원만으로는 20거래일 내 상승·하락 방향을 판단할 수 있는 추세 정보가 제공되지 않았습니다."", ""거래량, 이동평균, 수급, 실적, 밸류에이션 등 방향성을 뒷받침할 핵심 데이터가 없어 매수·매도 우위를 가리기 어렵습니다."", ""제공된 정보가 종목명, 현재가, 시장 구분에 한정되어 있어 상승 또는 하락 근거가 균형을 이루기보다 아예 부족하므로 Neutral이 적절합니다.""]"
105560,KB금융,2024-12-02,96400,Neutral,52,"[""제공된 정보에는 현재가와 종목명만 있어 20거래일 방향성을 판단할 수 있는 추세·밸류에이션·실적·수급 데이터가 없다."", ""상승 또는 하락을 지지하는 기술적 지표나 이벤트 정보가 전혀 없어 Buy와 Sell 중 우위를 둘 근거가 부족하다."", ""주어진 데이터만으로는 방향성이 불명확하므로 적극적 선택으로서 Neutral이 가장 적절하다.""]"
105560,KB금융,2025-01-02,83400,Neutral,52,"[""현재가 83,400원만으로는 20거래일 내 상승·하락 방향을 판단할 수 있는 추세 정보가 제공되지 않았습니다."", ""거래량, 이동평균, 수급, 실적, 밸류에이션 등 방향성을 뒷받침할 핵심 데이터가 없어 Buy 또는 Sell 근거가 부족합니다."", ""제공된 정보가 종목명, 현재가, 시장 구분에 한정되어 있어 상승·하락 근거가 균형이라기보다 방향성 자체가 불명확합니다.""]"
105560,KB금융,2025-02-03,88800,Neutral,52,"[""제공된 정보가 현재가와 종목명뿐이라 20거래일 방향성을 판단할 수 있는 추세·밸류에이션·수급 데이터가 없다."", ""상승과 하락을 가를 기술적 지표, 실적, 업황, 거래량 정보가 없어 Buy 또는 Sell 근거가 모두 부족하다."", ""주어진 데이터만으로는 방향성이 불명확하므로 적극적 판단으로는 Neutral이 가장 타당하다.""]"
105560,KB금융,2025-03-04,77900,Neutral,42,"[""현재가 77,900원만으로는 20거래일 내 방향성을 판단할 수 있는 추세·모멘텀 정보가 제공되지 않았습니다."", ""상장 시장과 종목명 외에 실적, 밸류에이션, 수급, 기술적 지표 등 판단 근거가 없어 상승·하락 우위를 가를 수 없습니다."", ""제공된 데이터만을 근거로 해야 하므로 확신 가능한 매수·매도 신호가 없어 Neutral이 적절합니다.""]"
105560,KB금융,2025-04-01,79600,Neutral,42,"[""현재가 79,600원만으로는 향후 20거래일 방향을 판단할 수 있는 추세·밸류에이션·수급 데이터가 제공되지 않았습니다."", ""상승 또는 하락을 지지하는 기술적 지표, 실적 추정치, 거래량, 외국인·기관 수급 정보가 없어 근거가 부족합니다."", ""제공된 데이터가 종목명, 현재가, 시장 구분에 한정되어 있어 Buy와 Sell 중 어느 쪽도 우위라고 보기 어렵습니다.""]"
105560,KB금융,2025-05-02,93200,Neutral,50,"[""현재가 93,200원에 대한 추가 기술적·수급·실적 데이터가 제공되지 않아 20거래일 방향성을 판단할 근거가 부족합니다."", ""제공된 정보는 종목명, 현재가, 시장 구분뿐이어서 상승과 하락 중 어느 쪽도 우위라고 볼 만한 정량적 신호가 없습니다."", ""브랜드 이미지나 과거 명성을 배제하고 제공 데이터만 사용해야 하므로, 현 시점에서는 적극적 매수·매도보다 중립 판단이 타당합니다.""]"
105560,KB금융,2025-06-02,100000,Neutral,50,"[""현재가 100,000원만 제공되어 추세, 밸류에이션, 실적, 수급 등 20거래일 방향성을 판단할 핵심 데이터가 부족합니다."", ""제공된 정보에는 상승 또는 하락을 뒷받침하는 기술적 지표나 이벤트가 없어 Buy와 Sell 중 한쪽을 우세하게 선택할 근거가 없습니다."", ""브랜드 이미지나 과거 명성은 배제해야 하므로, 현재 제공 데이터만으로는 방향성을 확신할 수 없어 Neutral이 적절합니다.""]"
105560,KB금융,2025-07-01,110800,Neutral,50,"[""현재가 110,800원만으로는 20거래일 내 상승·하락 방향을 판단할 수 있는 추세 정보가 제공되지 않았습니다."", ""거래량, 이동평균, 수급, 실적, 밸류에이션 등 방향성을 뒷받침할 핵심 데이터가 없어 매수·매도 우위를 가리기 어렵습니다."", ""제공된 정보가 종목명, 시장, 현재가에 한정되어 있어 확신 가능한 상승 또는 하락 근거가 부족합니다.""]"
105560,KB금융,2025-08-01,106000,Neutral,50,"[""현재가 106,000원만으로는 향후 20거래일 방향을 판단할 수 있는 추세·모멘텀 정보가 제공되지 않았습니다."", ""기업 실적, 밸류에이션, 수급, 기술적 지표 등 매수·매도 판단에 필요한 핵심 데이터가 없어 상승 또는 하락 근거를 우열로 가를 수 없습니다."", ""제공된 정보가 종목명, 현재가, 시장 구분에 한정되어 있어 방향성이 불명확하므로 Neutral이 가장 적절합니다.""]"
105560,KB금융,2025-09-01,107100,Neutral,52,"[""제공된 정보가 종목명, 현재가, 시장 구분뿐이라 20거래일 방향을 판단할 수 있는 가격 추세·거래량·실적·밸류에이션 데이터가 없다."", ""상승과 하락을 가늠할 수 있는 기술적 지표나 수급 정보가 전혀 없어 Buy 또는 Sell 근거가 부족하다."", ""주어진 데이터만으로는 방향성이 불명확하므로 적극적 판단으로는 Neutral이 가장 타당하다.""]"
105560,KB금융,2025-10-01,116300,Neutral,0,"[""판단에 필요한 재무·수급·기술적 데이터가 제공되지 않아 20거래일 방향성을 근거 있게 추정할 수 없습니다."", ""현재가 116,300원 외에는 상승 또는 하락을 지지하는 정량 정보가 없어 Buy와 Sell 중 우위를 둘 수 없습니다."", ""제공된 데이터만을 근거로 해야 하므로, 불확실성이 매우 커 Neutral이 가장 적절합니다.""]"
105560,KB금융,2025-11-03,118000,Neutral,50,"[""현재가 118,000원에 대한 추가 기술적·수급·실적 데이터가 제공되지 않아 20거래일 방향성을 판단할 근거가 부족합니다."", ""종목명과 시장(KOSPI) 정보만으로는 상승·하락 우위를 가를 수 있는 정량적 신호가 없습니다."", ""제공된 데이터만을 근거로 해야 하므로, 확신 가능한 Buy 또는 Sell 판단 대신 Neutral이 적절합니다.""]"
105560,KB금융,2025-12-01,126300,Neutral,42,"[""현재가 126,300원만으로는 20거래일 내 상승·하락 방향을 판단할 수 있는 추세 정보가 제공되지 않았습니다."", ""재무, 실적, 수급, 기술적 지표 등 방향성을 뒷받침할 추가 데이터가 없어 Buy 또는 Sell 근거가 부족합니다."", ""제공된 정보가 종목명, 시장, 현재가에 한정되어 있어 방향성 확신이 불가능하므로 Neutral이 적절합니다.""]"
055550,신한지주,2023-01-02,34300,Neutral,42,"[""제공된 정보가 종목명, 현재가, 시장 구분뿐이라 20거래일 방향성을 판단할 수 있는 가격·거래량·실적·수급 데이터가 없다."", ""상승과 하락을 가늠할 수 있는 기술적 지표나 이벤트 정보가 없어 Buy 또는 Sell을 지지할 근거가 부족하다."", ""주어진 데이터만으로는 방향성이 불명확하므로 적극적 판단은 Neutral이 적절하다.""]"
055550,신한지주,2023-02-01,42450,Neutral,42,"[""현재가 42,450원만 제시되어 있어 추세, 모멘텀, 변동성 등 20거래일 방향성을 판단할 핵심 데이터가 부족합니다."", ""재무지표, 실적, 수급, 기술적 지표가 제공되지 않아 상승 또는 하락 근거를 데이터로 확인할 수 없습니다."", ""제공된 정보만으로는 방향성을 확신할 수 없으므로 적극적 판단으로는 Neutral이 가장 적절합니다.""]"
055550,신한지주,2023-03-02,37700,Neutral,42,"[""제공된 정보가 종목명과 현재가뿐이라 20거래일 방향성을 판단할 수 있는 가격·거래량·실적·밸류에이션 데이터가 없다."", ""상승과 하락을 가늠할 수 있는 기술적 지표나 수급 정보가 없어 Buy 또는 Sell 근거를 만들 수 없다."", ""주어진 데이터만으로는 방향성이 불명확하므로 적극적 판단으로는 Neutral이 가장 적절하다.""]"
055550,신한지주,2023-04-03,34550,Neutral,50,"[""현재가 34,550원만으로는 향후 20거래일 방향을 판단할 수 있는 추세·모멘텀 정보가 제공되지 않았습니다."", ""거래량, 이동평균, 수급, 실적, 밸류에이션 등 상승·하락 판단에 필요한 핵심 데이터가 없어 근거가 부족합니다."", ""제공된 정보가 종목명, 시장, 현재가에 한정되어 있어 상승과 하락 어느 쪽도 우위라고 결론내리기 어렵습니다.""]"
055550,신한지주,2023-05-02,35450,Neutral,50,"[""현재가 35,450원만으로는 향후 20거래일 방향을 판단할 수 있는 추세·모멘텀 정보가 제공되지 않았습니다."", ""종목명과 시장 정보 외에 실적, 밸류에이션, 수급, 기술적 지표 등 방향성을 뒷받침할 데이터가 없습니다."", ""제공된 데이터만을 근거로 하면 상승과 하락 어느 쪽도 우위라고 보기 어려워 Neutral이 적절합니다.""]"
055550,신한지주,2023-06-01,34700,Neutral,42,"[""제공된 정보가 종목명, 현재가, 시장 구분뿐이라 20거래일 방향성을 판단할 수 있는 가격·거래량·실적·밸류에이션 데이터가 없다."", ""상승과 하락을 가늠할 수 있는 기술적 지표나 수급 정보가 전혀 없어 Buy 또는 Sell 근거가 부족하다."", ""주어진 데이터만으로는 방향성이 불명확하므로 적극적 선택으로는 Neutral이 가장 적절하다.""]"
055550,신한지주,2023-07-03,34500,Neutral,52,"[""제공된 정보가 종목명, 현재가, 시장 구분뿐이라 20거래일 방향성을 판단할 수 있는 가격·거래량·실적·밸류에이션 데이터가 없다."", ""상승과 하락을 가늠할 수 있는 기술적 지표나 수급 지표가 전혀 없어 Buy 또는 Sell 근거가 부족하다."", ""주어진 데이터만으로는 방향성이 불명확하므로 적극적 판단으로는 Neutral이 가장 적절하다.""]"
055550,신한지주,2023-08-01,35950,Neutral,52,"[""제공된 정보가 종목명, 현재가, 시장 구분뿐이라 20거래일 방향성을 판단할 수 있는 가격·거래량·실적·수급 데이터가 없다."", ""상승과 하락을 가늠할 기술적 지표나 이벤트 정보가 전혀 없어 Buy 또는 Sell 근거가 부족하다."", ""주어진 데이터만으로는 방향성이 불명확하므로 적극적 판단으로는 Neutral이 가장 적절하다.""]"
055550,신한지주,2023-09-01,35450,Neutral,42,"[""제공된 종목 정보에는 현재가와 시장 구분만 있고, 20거래일 방향성을 판단할 수 있는 가격 추세·거래량·실적·밸류에이션 데이터가 없다."", ""상승 또는 하락을 지지하는 기술적·펀더멘털 근거가 제시되지 않아 Buy와 Sell 중 어느 쪽도 우세하다고 보기 어렵다."", ""주어진 데이터만으로는 향후 20거래일 내 방향성을 확신할 수 없어 Neutral이 가장 적절하다.""]"
055550,신한지주,2023-10-04,35050,Neutral,50,"[""현재가 35,050원만으로는 향후 20거래일 방향을 판단할 수 있는 추세·모멘텀 정보가 제공되지 않았습니다."", ""재무, 실적, 수급, 기술적 지표 등 상승 또는 하락을 뒷받침할 추가 데이터가 없어 우위 판단이 어렵습니다."", ""제공된 정보가 종목명, 시장, 현재가에 한정되어 있어 Buy와 Sell 중 어느 쪽도 근거가 충분하지 않습니다.""]"
055550,신한지주,2023-11-01,35000,Neutral,42,"[""제공된 정보가 종목명, 현재가, 상장 시장뿐이라 20거래일 방향성을 판단할 수 있는 가격·거래량·실적·수급 데이터가 없다."", ""상승과 하락을 가를 기술적 또는 펀더멘털 근거가 전혀 제시되지 않아 Buy와 Sell 중 어느 쪽도 우세하다고 보기 어렵다."", ""주어진 데이터만 근거로 하면 방향성 확신이 불가능하므로 적극적 선택은 Neutral이 적절하다.""]"
055550,신한지주,2023-12-01,36400,Neutral,52,"[""제공된 정보가 종목명, 현재가, 시장 구분뿐이라 20거래일 방향성을 판단할 수 있는 가격·거래량·실적·수급 데이터가 없다."", ""상승과 하락을 가를 기술적 또는 펀더멘털 근거가 전혀 제시되지 않아 Buy와 Sell 중 어느 쪽도 우위라고 보기 어렵다."", ""주어진 데이터만으로는 방향성이 불명확하므로 적극적 선택으로서 Neutral이 가장 타당하다.""]"
055550,신한지주,2024-01-02,39350,Neutral,50,"[""제공된 정보가 종목명, 현재가, 시장 구분뿐이라 20거래일 방향성을 판단할 수 있는 가격·거래량·실적·밸류에이션 데이터가 없다."", ""상승 또는 하락을 지지하는 기술적 지표나 수급 정보가 전혀 없어 Buy와 Sell 중 우위를 둘 근거가 부족하다."", ""브랜드 이미지나 과거 명성은 배제해야 하므로, 현재 주어진 데이터만으로는 방향성이 불명확해 Neutral이 가장 적절하다.""]"
055550,신한지주,2024-02-01,42500,Neutral,52,"[""제공된 정보가 종목명과 현재가뿐이라 20거래일 방향성을 판단할 수 있는 가격·거래량·실적·밸류에이션 데이터가 없다."", ""상승과 하락을 가늠할 수 있는 기술적 지표나 수급 정보가 없어 Buy 또는 Sell 근거가 부족하다."", ""주어진 데이터만으로는 방향성이 불명확하므로 적극적 판단으로는 Neutral이 가장 적절하다.""]"
055550,신한지주,2024-03-04,44200,Neutral,42,"[""제공된 정보가 종목명, 현재가, 상장 시장뿐이라 20거래일 방향성을 판단할 수 있는 가격·거래량·실적·수급 데이터가 없다."", ""상승 또는 하락을 지지하는 기술적 지표나 펀더멘털 지표가 전혀 제시되지 않아 Buy와 Sell 중 어느 쪽도 우위라고 보기 어렵다."", ""브랜드 이미지·과거 명성은 배제해야 하므로, 현재 제공 데이터만으로는 방향성 확신이 불가능해 Neutral이 적절하다.""]"
055550,신한지주,2024-04-01,45550,Neutral,42,"[""현재가 45,550원만으로는 20거래일 내 상승·하락 방향을 판단할 수 있는 추세 정보가 제공되지 않았습니다."", ""거래량, 이동평균, 수급, 실적, 밸류에이션 등 방향성을 뒷받침할 핵심 데이터가 없어 매수·매도 우위를 가리기 어렵습니다."", ""제공된 정보가 종목명과 현재가에 한정되어 있어 상승 근거와 하락 근거가 균형을 이루기보다 아예 부족하므로 Neutral이 적절합니다.""]"
055550,신한지주,2024-05-02,45800,Neutral,50,"[""현재가 45,800원만으로는 20거래일 내 상승·하락 방향을 판단할 수 있는 추세 정보가 제공되지 않았습니다."", ""거래량, 수급, 실적, 밸류에이션, 기술적 지표 등 방향성을 뒷받침할 핵심 데이터가 없어 Buy 또는 Sell 근거가 부족합니다."", ""제공된 정보가 종목명, 시장, 현재가에 한정되어 있어 상승과 하락 가능성을 균형 있게 볼 수밖에 없어 Neutral이 적절합니다.""]"
055550,신한지주,2024-06-03,47000,Neutral,42,"[""제공된 데이터가 종목명, 현재가, 시장 정보뿐이라 20거래일 방향을 판단할 수 있는 가격·거래량·실적·수급 근거가 없다."", ""상승과 하락을 가늠할 기술적 지표나 펀더멘털 수치가 전혀 없어 Buy 또는 Sell을 선택할 만한 객관적 근거가 부족하다."", ""주어진 정보만으로는 방향성이 불명확하므로 적극적 판단으로는 Neutral이 가장 적절하다.""]"
055550,신한지주,2024-07-01,47850,Neutral,56,"[""제공된 정보가 종목명, 현재가, 시장 구분뿐이라 20거래일 방향을 판단할 수 있는 가격·거래량·실적·수급 데이터가 없다."", ""상승과 하락을 가를 기술적 지표나 펀더멘털 근거가 전혀 없어 Buy 또는 Sell을 선택할 만한 우위가 확인되지 않는다."", ""주어진 데이터만으로는 방향성이 불명확하므로 적극적 판단으로는 Neutral이 가장 타당하다.""]"
055550,신한지주,2024-08-01,60700,Neutral,52,"[""현재가 60,700원에 대한 추가 기술적 지표나 추세 데이터가 제공되지 않아 20거래일 방향성을 강하게 판단하기 어렵습니다."", ""종목 정보만으로는 상승·하락을 가를 수 있는 모멘텀, 거래량, 변동성, 수급 관련 근거가 없어 Buy 또는 Sell 우위를 둘 수 없습니다."", ""제공된 데이터가 현재가와 종목명뿐이므로, 방향성 판단은 가능하더라도 확신 수준은 낮아 Neutral이 가장 적절합니다.""]"
055550,신한지주,2024-09-02,56300,Neutral,42,"[""제공된 종목 정보에는 현재가와 시장 구분만 있고, 20거래일 방향성을 판단할 수 있는 재무·수급·기술적 지표가 없어 상승/하락 근거를 만들기 어렵습니다."", ""신한지주는 KOSPI 대형 금융주이지만, 요청 조건상 브랜드나 과거 명성은 배제해야 하므로 이를 근거로 Buy 판단을 할 수 없습니다."", ""제공 데이터만으로는 단기 추세, 모멘텀, 변동성, 거래량 변화가 확인되지 않아 상승과 하락 가능성을 균형적으로 볼 수밖에 없습니다.""]"
055550,신한지주,2024-10-02,55900,Neutral,52,"[""제공된 정보가 종목명, 현재가, 시장 구분뿐이라 20거래일 방향성을 판단할 수 있는 가격·거래량·실적·수급 데이터가 없다."", ""상승과 하락을 가를 기술적·펀더멘털 근거가 전혀 제시되지 않아 Buy 또는 Sell을 선택할 만한 우위가 없다."", ""주어진 데이터만 기준으로 하면 방향성 확신이 부족하므로 적극적 판단은 Neutral이 적절하다.""]"
055550,신한지주,2024-11-01,54000,Neutral,42,"[""현재가 54,000원만으로는 향후 20거래일 방향을 판단할 수 있는 추세·모멘텀 정보가 제공되지 않았습니다."", ""종목명과 시장 정보 외에 실적, 밸류에이션, 수급, 기술적 지표 등 방향성을 뒷받침할 데이터가 없습니다."", ""제공된 데이터만 근거로 하면 상승과 하락 어느 쪽도 우위라고 보기 어려워 Neutral이 적절합니다.""]"
055550,신한지주,2024-12-02,53900,Neutral,42,"[""제공된 데이터가 종목명과 현재가뿐이라 20거래일 방향성을 판단할 수 있는 추세·밸류에이션·실적·수급 정보가 없다."", ""상승과 하락을 가를 기술적 지표나 최근 가격 흐름이 없어 Buy 또는 Sell을 지지할 근거가 부족하다."", ""주어진 정보만으로는 방향성이 불명확하므로 적극적 판단으로는 Neutral이 가장 적절하다.""]"
055550,신한지주,2025-01-02,47750,Neutral,42,"[""제공된 정보가 종목명, 현재가, 시장 구분뿐이라 20거래일 방향성을 판단할 수 있는 가격·거래량·실적·밸류에이션 데이터가 없다."", ""상승과 하락을 가늠할 수 있는 기술적 지표나 수급 지표가 전혀 없어 Buy 또는 Sell 근거가 부족하다."", ""주어진 데이터만으로는 방향성이 불명확하므로 적극적 판단으로는 Neutral이 가장 적절하다.""]"
055550,신한지주,2025-02-03,50200,Neutral,42,"[""제공된 정보가 종목명, 현재가, 시장 구분뿐이라 20거래일 방향성을 판단할 수 있는 가격·거래량·실적·밸류에이션 데이터가 없다."", ""상승과 하락을 가늠할 수 있는 기술적 지표나 수급 정보가 전혀 없어 Buy 또는 Sell 근거를 만들 수 없다."", ""주어진 데이터만으로는 방향성이 불명확하므로 적극적 판단으로는 Neutral이 가장 적절하다.""]"
055550,신한지주,2025-03-04,46150,Neutral,42,"[""제공된 정보가 종목명, 현재가, 시장 구분뿐이라 20거래일 방향성을 판단할 수 있는 가격·거래량·실적·밸류에이션 데이터가 없다."", ""상승과 하락을 가늠할 수 있는 기술적 지표나 수급 정보가 없어 Buy 또는 Sell 근거를 만들 수 없다."", ""브랜드 이미지나 과거 명성은 배제해야 하므로, 현재 제공 데이터만으로는 방향성 확신이 불가능하다.""]"
055550,신한지주,2025-04-01,48100,Neutral,52,"[""제공된 정보가 종목명과 현재가뿐이라 20거래일 방향을 판단할 수 있는 가격·수급·실적·밸류에이션 데이터가 없다."", ""상승과 하락을 가를 기술적 지표나 최근 추세가 제시되지 않아 Buy 또는 Sell을 지지할 근거가 부족하다."", ""주어진 데이터만으로는 방향성이 불명확하므로 적극적 판단으로는 Neutral이 가장 타당하다.""]"
055550,신한지주,2025-05-02,51200,Neutral,42,"[""제공된 정보가 종목명, 현재가, 상장 시장뿐이라 20거래일 방향성을 판단할 수 있는 가격·거래량·실적·수급 데이터가 없다."", ""상승과 하락을 가를 기술적 또는 펀더멘털 근거가 전혀 제시되지 않아 Buy와 Sell 중 어느 쪽도 우위라고 보기 어렵다."", ""주어진 데이터만 근거로 하면 방향성 확신이 불가능하므로 적극적 선택으로는 Neutral이 적절하다.""]"
055550,신한지주,2025-06-02,55800,Neutral,52,"[""제공된 정보가 종목명, 현재가, 시장 구분뿐이라 20거래일 방향성을 판단할 수 있는 가격·거래량·실적·수급 데이터가 없다."", ""상승과 하락을 가를 기술적 또는 펀더멘털 근거가 제시되지 않아 Buy와 Sell 중 어느 쪽도 우위라고 보기 어렵다."", ""주어진 데이터만으로는 방향성이 불명확하므로 적극적 판단으로는 Neutral이 가장 적절하다.""]"
055550,신한지주,2025-07-01,62200,Neutral,50,"[""제공된 정보가 종목명, 현재가, 상장 시장뿐이라 20거래일 방향성을 판단할 수 있는 가격·거래량·실적·수급 데이터가 없다."", ""상승과 하락을 가늠할 수 있는 기술적 지표나 밸류에이션, 모멘텀 근거가 전혀 제시되지 않았다."", ""브랜드 이미지나 과거 명성은 배제해야 하므로, 현재 제공 데이터만으로는 Buy와 Sell 중 어느 쪽도 우위라고 보기 어렵다.""]"
055550,신한지주,2025-08-01,65100,Neutral,42,"[""제공된 정보가 종목명, 현재가, 시장 구분뿐이라 20거래일 방향을 판단할 수 있는 가격·거래량·실적·수급 데이터가 없다."", ""상승과 하락을 가를 기술적 지표나 최근 추세가 제시되지 않아 Buy 또는 Sell 근거가 모두 부족하다."", ""주어진 데이터만으로는 방향성이 불명확하므로 적극적 판단은 Neutral이 적절하다.""]"
055550,신한지주,2025-09-01,64000,Neutral,52,"[""제공된 정보가 종목명, 현재가, 시장 구분뿐이라 20거래일 방향성을 판단할 수 있는 가격·거래량·실적·수급 데이터가 없다."", ""상승과 하락을 가늠할 수 있는 기술적 지표나 이벤트 정보가 없어 Buy 또는 Sell을 단정할 근거가 부족하다."", ""주어진 데이터만으로는 방향성이 불명확하므로 적극적 판단으로는 Neutral이 가장 적절하다.""]"
055550,신한지주,2025-10-01,70500,Neutral,42,"[""제공된 정보가 종목명, 현재가, 시장 구분뿐이라 20거래일 방향성을 판단할 수 있는 가격·거래량·실적·밸류에이션 데이터가 없다."", ""상승 또는 하락을 지지하는 기술적 지표나 펀더멘털 근거가 전혀 제시되지 않아 Buy와 Sell 중 우위를 둘 수 없다."", ""브랜드 이미지·과거 명성은 배제해야 하므로, 현재 제공 데이터만으로는 방향성 확신이 부족해 Neutral이 적절하다.""]"
055550,신한지주,2025-11-03,74100,Neutral,52,"[""제공된 정보가 종목명, 현재가, 시장 구분뿐이라 20거래일 방향성을 판단할 수 있는 가격·거래량·실적·수급 데이터가 없다."", ""상승과 하락을 가늠할 수 있는 기술적 지표나 밸류에이션, 이벤트 정보가 없어 Buy 또는 Sell 근거가 부족하다."", ""주어진 데이터만으로는 방향성이 불명확하므로 적극적 판단으로는 Neutral이 가장 적절하다.""]"
055550,신한지주,2025-12-01,79700,Neutral,52,"[""제공된 정보가 종목명, 현재가, 상장 시장뿐이라 20거래일 방향을 판단할 수 있는 가격 추세·거래량·실적·밸류에이션 데이터가 없다."", ""상승과 하락을 가늠할 수 있는 기술적 지표나 수급 지표가 전혀 없어 Buy 또는 Sell 근거가 부족하다."", ""주어진 데이터만으로는 방향성이 불명확하므로 적극적 판단으로는 Neutral이 가장 적절하다.""]"
035720,카카오,2023-01-02,52700,Neutral,50,"[""현재 제공된 정보는 종목명, 현재가, 상장 시장뿐이며 20거래일 방향성을 판단할 수 있는 가격 추세·거래량·실적·밸류에이션 데이터가 없다."", ""상승과 하락을 가늠할 수 있는 기술적 지표나 수급 정보가 전혀 없어 Buy 또는 Sell을 우세하게 선택할 근거가 부족하다."", ""제공된 데이터만을 근거로 하면 방향성이 불명확하므로 적극적 판단으로는 Neutral이 가장 적절하다.""]"
035720,카카오,2023-02-01,62200,Neutral,50,"[""현재가 62,200원만으로는 향후 20거래일 방향을 판단할 수 있는 추세·모멘텀 정보가 제공되지 않았습니다."", ""재무, 실적, 수급, 거래량, 기술적 지표 등 상승 또는 하락을 뒷받침할 데이터가 제시되지 않았습니다."", ""제공된 정보가 종목명, 시장, 현재가에 한정되어 있어 Buy와 Sell 중 우위를 둘 근거가 부족합니다.""]"
035720,카카오,2023-03-02,61200,Neutral,42,"[""현재가 61,200원에 대한 추가 기술적·실적·수급 데이터가 제공되지 않아 20거래일 방향성을 판단할 근거가 부족합니다."", ""상승과 하락을 가를 추세, 모멘텀, 거래량, 변동성 정보가 없어 Buy 또는 Sell을 강하게 선택할 수 없습니다."", ""제공된 정보가 종목명, 시장, 현재가뿐이므로 방향성 확신이 낮아 Neutral이 가장 적절합니다.""]"
035720,카카오,2023-04-03,60200,Neutral,42,"[""종목 정보에 현재가와 시장 구분만 제공되어 있어 20거래일 방향성을 판단할 수 있는 추세·실적·수급 데이터가 없습니다."", ""상승과 하락을 가늠할 기술적 지표, 거래량, 변동성, 이벤트 정보가 없어 Buy 또는 Sell 근거가 부족합니다."", ""제공된 데이터만으로는 방향성이 불명확하므로 적극적 판단으로는 Neutral이 가장 적절합니다.""]"
035720,카카오,2023-05-02,58500,Neutral,42,"[""현재가 58,500원만으로는 향후 20거래일 방향을 판단할 수 있는 추세·밸류에이션·실적 데이터가 제공되지 않았습니다."", ""상승 또는 하락을 지지하는 기술적 지표, 거래량, 수급, 실적 모멘텀 정보가 없어 Buy와 Sell 중 우위를 둘 근거가 부족합니다."", ""제공된 데이터가 종목명, 시장, 현재가에 한정되어 있어 방향성 확신이 낮으므로 Neutral이 가장 적절합니다.""]"
035720,카카오,2023-06-01,56100,Neutral,50,"[""현재가 56,100원에 대한 추가 기술적·수급·실적 데이터가 제공되지 않아 20거래일 방향성을 판단할 근거가 부족합니다."", ""상승과 하락을 가를 추세, 모멘텀, 변동성 정보가 없어 Buy 또는 Sell 중 하나를 우세하게 선택하기 어렵습니다."", ""제공된 정보만으로는 기대수익과 하방위험의 우열을 확정할 수 없어 Neutral이 가장 적절합니다.""]"
035720,카카오,2023-07-03,51000,Neutral,42,"[""현재가 51,000원만으로는 20거래일 내 상승 또는 하락 방향을 판단할 수 있는 추세·모멘텀 데이터가 제공되지 않았습니다."", ""재무, 실적, 수급, 거래량, 기술적 지표 등 방향성을 뒷받침할 핵심 데이터가 없어 Buy 또는 Sell 근거가 부족합니다."", ""제공된 정보가 종목명, 시장, 현재가에 한정되어 있어 상승·하락 기대를 균형 있게 비교할 수 없으므로 Neutral이 적절합니다.""]"
035720,카카오,2023-08-01,54900,Neutral,42,"[""현재가 54,900원만으로는 20거래일 내 방향성을 판단할 수 있는 추세·모멘텀 정보가 제공되지 않았습니다."", ""재무, 실적, 수급, 밸류에이션, 기술적 지표 등 상승 또는 하락을 뒷받침할 추가 데이터가 없어 근거가 부족합니다."", ""제공된 데이터만 기준으로는 상승과 하락 어느 쪽도 우세하다고 보기 어려워 방향성 확신이 낮습니다.""]"
035720,카카오,2023-09-01,48950,Neutral,42,"[""현재가 48,950원만으로는 20거래일 내 방향성을 판단할 수 있는 추세·모멘텀 정보가 제공되지 않았습니다."", ""재무, 실적, 수급, 기술적 지표 등 상승 또는 하락을 뒷받침할 추가 데이터가 없어 근거가 부족합니다."", ""제공된 정보가 종목명, 시장, 현재가에 한정되어 있어 Buy와 Sell 중 어느 쪽도 우위라고 보기 어렵습니다.""]"
035720,카카오,2023-10-04,41600,Neutral,42,"[""제공된 종목 정보는 현재가와 시장 구분뿐이라 20거래일 방향성을 판단할 수 있는 추세·실적·수급 데이터가 없다."", ""상승과 하락을 가늠할 기술적 지표, 거래량, 변동성, 밸류에이션 비교 정보가 없어 Buy 또는 Sell 근거가 부족하다."", ""주어진 데이터만으로는 방향성이 불명확하므로 적극적 판단은 Neutral이 적절하다.""]"
035720,카카오,2023-11-01,37600,Neutral,42,"[""현재가 37,600원만으로는 20거래일 내 상승·하락 방향을 판단할 수 있는 추세 정보가 제공되지 않았습니다."", ""재무, 실적, 수급, 기술적 지표 등 방향성을 뒷받침할 추가 데이터가 없어 Buy 또는 Sell 근거가 부족합니다."", ""제공된 정보가 종목명과 시장 구분에 한정되어 있어 상승·하락 근거가 균형을 이루기보다 아예 불충분하므로 Neutral이 적절합니다.""]"
035720,카카오,2023-12-01,49700,Neutral,50,"[""제공된 정보가 종목명, 현재가, 상장 시장뿐이라 20거래일 방향성을 판단할 수 있는 가격·실적·수급 데이터가 없다."", ""상승과 하락을 가늠할 기술적 지표나 펀더멘털 지표가 전혀 없어 Buy 또는 Sell 근거를 만들 수 없다."", ""주어진 데이터만으로는 방향성이 불명확하므로 적극적 선택으로 Neutral이 적절하다.""]"
035720,카카오,2024-01-02,57900,Neutral,42,"[""현재가 57,900원만으로는 20거래일 내 상승·하락 방향을 판단할 수 있는 추세 정보가 제공되지 않았습니다."", ""거래량, 이동평균, 수급, 실적, 밸류에이션 등 방향성을 뒷받침할 핵심 데이터가 없어 Buy 또는 Sell 근거가 부족합니다."", ""제공된 정보가 종목명, 시장, 현재가에 한정되어 있어 방향성 확신이 낮으므로 Neutral이 가장 적절합니다.""]"
035720,카카오,2024-02-01,52700,Neutral,50,"[""현재가 52,700원만으로는 향후 20거래일 방향을 판단할 수 있는 추세·모멘텀 정보가 제공되지 않았습니다."", ""재무, 실적, 수급, 기술적 지표 등 상승 또는 하락을 뒷받침할 추가 데이터가 없어 Buy/Sell 근거가 부족합니다."", ""제공된 정보 범위 내에서는 상승·하락 근거가 균형이 아니라 아예 부족하므로 방향성을 확신하기 어려워 Neutral이 적절합니다.""]"
035720,카카오,2024-03-04,53100,Neutral,42,"[""현재가 53,100원만으로는 20거래일 내 상승·하락 방향을 판단할 수 있는 추세 정보가 제공되지 않았습니다."", ""거래량, 이동평균, 수급, 실적, 밸류에이션 등 방향성을 뒷받침할 핵심 데이터가 없어 매수·매도 우위를 가를 근거가 부족합니다."", ""제공된 정보가 종목명, 시장, 현재가에 한정되어 있어 상승 또는 하락을 확신하기 어려우므로 Neutral이 적절합니다.""]"
035720,카카오,2024-04-01,53800,Neutral,42,"[""제공된 정보가 종목명, 현재가, 시장 구분뿐이라 20거래일 방향성을 판단할 수 있는 가격 추세·거래량·실적·밸류에이션 데이터가 없다."", ""상승과 하락을 가늠할 수 있는 기술적 지표나 수급 정보가 전혀 없어 Buy 또는 Sell을 정당화할 근거가 부족하다."", ""주어진 데이터만을 근거로 하면 방향성 확신이 불가능하므로 적극적 중립 판단이 가장 타당하다.""]"
035720,카카오,2024-05-02,48300,Neutral,0,"[""판단에 필요한 재무·실적·수급·기술적 데이터가 제공되지 않아 20거래일 방향성을 근거 있게 추정할 수 없습니다."", ""현재가 48,300원 외에는 상승 또는 하락을 지지하는 정량 정보가 없어 Buy와 Sell 중 어느 쪽도 우위라고 볼 수 없습니다."", ""제공된 데이터만을 근거로 해야 하므로, 방향성이 불명확한 상황에 해당해 Neutral이 가장 적절합니다.""]"
035720,카카오,2024-06-03,44300,Neutral,50,"[""현재가 44,300원만으로는 20거래일 내 상승 또는 하락 방향을 판단할 수 있는 추세·모멘텀 정보가 제공되지 않았습니다."", ""재무, 실적, 수급, 기술적 지표 등 방향성을 뒷받침할 추가 데이터가 없어 Buy 또는 Sell 근거가 부족합니다."", ""제공된 정보가 종목명, 시장, 현재가에 한정되어 있어 상승·하락 근거가 균형을 이루기보다 아예 불충분하므로 Neutral이 적절합니다.""]"
035720,카카오,2024-07-01,41000,Neutral,42,"[""제공된 정보가 종목명, 현재가, 시장 구분뿐이라 20거래일 방향을 판단할 수 있는 가격·거래량·실적·수급 데이터가 없다."", ""상승 또는 하락을 지지하는 정량적 근거가 전혀 없어 Buy와 Sell 중 어느 쪽도 우위라고 보기 어렵다."", ""주어진 데이터만으로는 방향성이 불명확하므로 적극적 선택으로서 Neutral이 가장 적절하다.""]"
035720,카카오,2024-08-01,39800,Neutral,42,"[""제공된 데이터가 종목명과 현재가뿐이라 20거래일 방향성을 판단할 수 있는 가격·거래량·실적·수급 정보가 없다."", ""상승과 하락을 가늠할 수 있는 기술적 지표나 펀더멘털 지표가 전혀 제시되지 않아 Buy 또는 Sell 근거가 부족하다."", ""주어진 정보만으로는 방향성이 불명확하므로 적극적 판단으로는 Neutral이 가장 적절하다.""]"
035720,카카오,2024-09-02,36900,Neutral,42,"[""현재가 36,900원에 대한 추가 기술적·실적·수급 데이터가 제공되지 않아 20거래일 방향성을 판단할 근거가 부족합니다."", ""상승과 하락을 가를 수 있는 추세, 모멘텀, 거래량, 변동성 정보가 없어 Buy 또는 Sell을 우위로 둘 수 없습니다."", ""제공된 정보만으로는 주가가 상승 또는 하락할 확률을 정량적으로 우세하게 판단하기 어려워 Neutral이 가장 적절합니다.""]"
035720,카카오,2024-10-02,36000,Neutral,42,"[""제공된 정보가 종목명, 현재가, 상장 시장뿐이라 20거래일 방향성을 판단할 수 있는 가격 추세·실적·수급 데이터가 없다."", ""상승과 하락을 가늠할 기술적 지표나 밸류에이션, 거래량, 모멘텀 정보가 없어 Buy 또는 Sell 근거가 부족하다."", ""주어진 데이터만으로는 방향성이 불명확하므로 적극적 선택으로는 Neutral이 가장 적절하다.""]"
035720,카카오,2024-11-01,36150,Neutral,50,"[""현재가 36,150원만으로는 향후 20거래일 방향을 판단할 수 있는 추세·모멘텀 정보가 제공되지 않았습니다."", ""재무, 실적, 수급, 기술적 지표 등 상승 또는 하락을 지지하는 추가 데이터가 없어 Buy/Sell 근거가 모두 부족합니다."", ""제공된 정보가 종목명, 현재가, 시장 구분에 한정되어 있어 방향성 확신이 불가능하므로 Neutral이 적절합니다.""]"
035720,카카오,2024-12-02,42150,Neutral,42,"[""현재가 42,150원만으로는 향후 20거래일 방향을 판단할 수 있는 추세·모멘텀 정보가 제공되지 않았습니다."", ""매출, 이익, 밸류에이션, 수급, 기술적 지표 등 상승 또는 하락을 지지하는 핵심 데이터가 없어 근거가 부족합니다."", ""제공된 정보가 종목명·시장·현재가에 한정되어 있어 Buy와 Sell 중 어느 쪽도 우위라고 보기 어렵습니다.""]"
035720,카카오,2025-01-02,37450,Neutral,50,"[""현재가 37,450원만으로는 20거래일 내 상승·하락 방향을 판단할 수 있는 추세 정보가 제공되지 않았습니다."", ""재무, 실적, 수급, 기술적 지표 등 방향성을 뒷받침할 추가 데이터가 없어 Buy 또는 Sell 근거가 부족합니다."", ""제공된 정보 범위 내에서는 상승과 하락 가능성을 구분할 만한 우위가 없어 Neutral이 가장 적절합니다.""]"
035720,카카오,2025-02-03,41800,Neutral,50,"[""현재가 41,800원만으로는 향후 20거래일 방향을 판단할 수 있는 추세·모멘텀 정보가 제공되지 않았습니다."", ""재무, 실적, 수급, 기술적 지표 등 상승 또는 하락을 지지하는 추가 데이터가 없어 근거가 균형을 이루지 못합니다."", ""제공된 정보가 종목명, 시장, 현재가에 한정되어 있어 Buy 또는 Sell을 선택할 만큼의 확신을 가질 수 없습니다.""]"
035720,카카오,2025-03-04,41900,Neutral,50,"[""현재가 41,900원만으로는 20거래일 내 상승·하락 방향을 판단할 수 있는 추세 정보가 제공되지 않았습니다."", ""거래량, 이동평균, 수급, 실적, 밸류에이션 등 방향성을 뒷받침할 핵심 데이터가 없어 Buy 또는 Sell 근거가 부족합니다."", ""제공된 정보가 종목명, 현재가, 상장 시장에 한정되어 있어 방향성이 불명확하므로 Neutral이 가장 적절합니다.""]"
035720,카카오,2025-04-01,42200,Neutral,50,"[""현재가 42,200원만으로는 향후 20거래일 방향을 판단할 수 있는 추세·밸류에이션·수급 데이터가 제공되지 않았습니다."", ""상승 또는 하락을 지지하는 기술적 지표, 실적 추정치, 거래량, 외국인·기관 수급 정보가 없어 근거가 부족합니다."", ""제공된 데이터가 종목명과 현재가뿐이므로 Buy와 Sell 중 어느 쪽도 우위라고 보기 어렵습니다.""]"
035720,카카오,2025-05-02,38050,Neutral,42,"[""종목 정보로는 현재가와 시장 구분만 제공되어 있어 20거래일 방향성을 판단할 수 있는 추세·실적·수급 데이터가 없다."", ""상승 또는 하락을 지지하는 기술적 지표, 거래량 변화, 재무지표, 이벤트 정보가 전혀 없어 Buy와 Sell 중 우위를 둘 근거가 부족하다."", ""제공된 데이터만 근거로 하면 방향성이 불명확하므로 적극적 선택은 Neutral이 적절하다.""]"
035720,카카오,2025-06-02,43150,Neutral,50,"[""현재가 43,150원만 제공되어 추세, 변동성, 거래량, 수급 등 20거래일 방향성을 판단할 핵심 데이터가 부족합니다."", ""제공된 정보에는 실적, 밸류에이션, 기술적 지표, 시장 대비 상대강도 같은 상승·하락 근거가 없어 Buy 또는 Sell을 단정할 수 없습니다."", ""브랜드 이미지나 과거 명성은 배제해야 하므로, 현재 제공 데이터만으로는 상승과 하락 근거가 균형을 이루거나 방향성을 확신할 수 없어 Neutral이 적절합니다.""]"
035720,카카오,2025-07-01,60100,Neutral,42,"[""제공된 데이터가 종목명과 현재가뿐이라 20거래일 방향성을 판단할 수 있는 추세·실적·밸류에이션·수급 정보가 없다."", ""상승과 하락을 가늠할 기술적 지표나 최근 가격 흐름이 없어 Buy 또는 Sell 근거를 만들 수 없다."", ""주어진 정보만으로는 방향성이 불명확하므로 적극적 판단으로는 Neutral이 가장 적절하다.""]"
035720,카카오,2025-08-01,55500,Neutral,42,"[""현재가 55,500원에 대한 추가 기술적·수급·실적 데이터가 제공되지 않아 20거래일 방향성을 판단할 핵심 근거가 부족합니다."", ""브랜드 이미지·과거 명성은 판단에서 배제해야 하므로, 종목명만으로는 상승 또는 하락 우위를 정할 수 없습니다."", ""제공된 정보가 가격과 시장 구분에 한정되어 있어 상승·하락 근거가 균형을 이루기보다 아예 부족한 상태이므로 Neutral이 적절합니다.""]"
035720,카카오,2025-09-01,61200,Neutral,41,"[""현재가 61,200원만으로는 20거래일 내 상승·하락 방향을 판단할 수 있는 추세, 밸류에이션, 실적, 수급 데이터가 제공되지 않았습니다."", ""종목명과 시장 정보 외에 기술적 지표나 거래량, 이동평균, 모멘텀 관련 근거가 없어 Buy 또는 Sell을 지지할 만한 객관적 신호가 부족합니다."", ""제공된 데이터만 근거로 할 때 방향성이 불명확하므로 적극적 판단은 Neutral이 가장 적절합니다.""]"
035720,카카오,2025-10-01,60000,Neutral,50,"[""현재가 60,000원만으로는 향후 20거래일 방향을 판단할 수 있는 추세·모멘텀·밸류에이션 정보가 제공되지 않았습니다."", ""매출, 이익, 수급, 거래량, 기술적 지표 등 상승 또는 하락을 지지하는 핵심 데이터가 없어 Buy/Sell 근거가 부족합니다."", ""제공된 정보가 종목명, 시장, 현재가에 한정되어 있어 방향성이 불명확하므로 Neutral이 가장 적절합니다.""]"
035720,카카오,2025-11-03,64500,Neutral,42,"[""제공된 정보가 종목명, 현재가, 시장 구분뿐이라 20거래일 방향성을 판단할 수 있는 가격·실적·수급·밸류에이션 데이터가 없다."", ""상승과 하락을 지지하는 정량 근거가 전혀 제시되지 않아 Buy 또는 Sell을 선택할 근거가 부족하다."", ""주어진 데이터만으로는 방향성이 불명확하므로 적극적 중립 판단이 가장 타당하다.""]"
035720,카카오,2025-12-01,59500,Neutral,50,"[""현재가 59,500원만으로는 향후 20거래일 방향을 판단할 수 있는 추세·모멘텀 정보가 제공되지 않았습니다."", ""재무, 실적, 수급, 밸류에이션, 기술적 지표 등 상승 또는 하락을 지지하는 추가 데이터가 없어 근거가 부족합니다."", ""제공된 정보만으로는 상승과 하락 중 어느 쪽 우위도 확인되지 않아 방향성을 확신하기 어렵습니다.""]"
035420,네이버,2023-01-02,179500,Neutral,42,"[""현재가 179,500원만으로는 20거래일 내 상승·하락 방향을 판단할 수 있는 추세, 모멘텀, 밸류에이션 비교 데이터가 제공되지 않았습니다."", ""종목명과 시장 정보 외에 실적, 수급, 기술적 지표, 이벤트 일정 등 방향성을 뒷받침할 근거가 없어 Buy 또는 Sell을 단정하기 어렵습니다."", ""제공된 데이터만 근거로 하면 상승과 하락 중 어느 쪽도 우세하다고 보기 어려워 Neutral이 가장 적절합니다.""]"
035420,네이버,2023-02-01,205500,Neutral,42,"[""현재가 205,500원만으로는 20거래일 내 상승·하락 방향을 판단할 수 있는 추세 정보가 제공되지 않았습니다."", ""재무, 실적, 수급, 기술적 지표 등 방향성을 뒷받침할 추가 데이터가 없어 Buy 또는 Sell 근거가 부족합니다."", ""제공된 정보가 종목명, 현재가, 시장 구분에 한정되어 있어 방향성 확신이 불가능하므로 Neutral이 적절합니다.""]"
035420,네이버,2023-03-02,206000,Neutral,50,"[""현재가 206,000원만 제공되어 추세, 변동성, 거래량, 수급 등 20거래일 방향성을 판단할 핵심 데이터가 부족합니다."", ""상승·하락을 가늠할 재무지표나 실적, 밸류에이션, 기술적 지표가 없어 Buy 또는 Sell을 단정할 근거가 없습니다."", ""제공된 정보만으로는 방향성이 불명확하므로 적극적 판단으로는 Neutral이 가장 적절합니다.""]"
035420,네이버,2023-04-03,198200,Neutral,42,"[""현재가 198,200원만 제시되어 있어 20거래일 방향을 판단할 수 있는 추세·모멘텀·변동성 정보가 부족합니다."", ""매출, 이익, 밸류에이션, 수급, 기술적 지표 등 상승 또는 하락 근거가 되는 핵심 데이터가 제공되지 않았습니다."", ""제공된 정보만으로는 상승·하락 어느 쪽도 우위라고 보기 어려워 방향성을 확신할 수 없습니다.""]"
035420,네이버,2023-05-02,193200,Neutral,42,"[""현재가 193,200원만으로는 20거래일 내 상승 또는 하락 방향을 뒷받침할 수 있는 추세·모멘텀 정보가 제공되지 않았습니다."", ""기업 실적, 밸류에이션, 수급, 기술적 지표 등 판단에 필요한 핵심 데이터가 없어 Buy 또는 Sell 근거를 확정하기 어렵습니다."", ""제공된 정보 범위에서는 상승·하락 우위가 확인되지 않아 방향성을 단정하기보다 Neutral이 적절합니다.""]"
035420,네이버,2023-06-01,204000,Neutral,42,"[""현재가 204,000원만 제시되어 있어 추세, 모멘텀, 거래량, 변동성 등 20거래일 방향성을 판단할 핵심 데이터가 부족합니다."", ""기업의 브랜드나 과거 명성은 판단에서 배제해야 하므로, 제공된 정보만으로는 상승 또는 하락 우위를 정할 근거가 없습니다."", ""KOSPI 상장 정보는 시장 구분일 뿐이며, 현재 제공된 데이터만으로는 네이버의 향후 20거래일 주가 방향을 확신할 수 없습니다.""]"
035420,네이버,2023-07-03,189300,Neutral,42,"[""제공된 정보가 종목명, 현재가, 상장 시장뿐이라 20거래일 방향성을 판단할 수 있는 가격 추세·거래량·실적·밸류에이션 데이터가 없다."", ""상승과 하락을 가늠할 수 있는 기술적 지표나 수급 지표가 전혀 없어 Buy 또는 Sell 근거가 부족하다."", ""브랜드 이미지와 과거 명성을 배제해야 하므로, 현재 제공 데이터만으로는 방향성 확신이 불가능해 Neutral이 적절하다.""]"
035420,네이버,2023-08-01,233000,Neutral,42,"[""현재 제공된 정보는 종목명, 현재가, 상장 시장뿐이며 20거래일 방향성을 판단할 수 있는 가격 추세·거래량·실적·밸류에이션 데이터가 없다."", ""상승과 하락을 지지하는 정량적 근거가 모두 부재하여 Buy 또는 Sell을 선택할 만한 우위가 확인되지 않는다."", ""제공된 데이터만을 근거로 하면 방향성 확신이 불가능하므로 적극적 중립 판단이 적절하다.""]"
035420,네이버,2023-09-01,214500,Neutral,50,"[""제공된 정보가 종목명, 현재가, 상장 시장뿐이라 20거래일 방향성을 판단할 수 있는 가격·거래량·실적·수급 데이터가 없다."", ""상승과 하락을 가늠할 수 있는 기술적 지표나 이벤트 정보가 없어 Buy 또는 Sell 근거가 모두 부족하다."", ""주어진 데이터만으로는 방향성이 불명확하므로 적극적 판단으로는 Neutral이 가장 적절하다.""]"
035420,네이버,2023-10-04,191200,Neutral,42,"[""현재가 191,200원만 제공되어 추세, 모멘텀, 거래량, 변동성 등 20거래일 방향성을 판단할 핵심 데이터가 부족합니다."", ""기업의 브랜드 이미지나 과거 명성은 판단에서 배제해야 하므로, 종목명만으로는 상승·하락 근거를 만들 수 없습니다."", ""제공된 정보가 상장 시장과 현재가에 한정되어 있어 Buy 또는 Sell을 선택할 만큼의 근거가 형성되지 않습니다.""]"
035420,네이버,2023-11-01,187700,Neutral,42,"[""제공된 정보가 종목명, 현재가, 시장 구분뿐이라 20거래일 방향성을 판단할 수 있는 가격 추세나 실적·수급 데이터가 없다."", ""상승과 하락을 가늠할 기술적 지표, 거래량, 변동성, 이벤트 정보가 전혀 없어 Buy 또는 Sell 근거가 부족하다."", ""주어진 데이터만으로는 방향성이 불명확하므로 적극적 판단으로는 Neutral이 가장 적절하다.""]"
035420,네이버,2023-12-01,206000,Neutral,50,"[""제공된 정보가 종목명, 현재가, 시장 구분뿐이라 20거래일 방향성을 판단할 수 있는 가격·거래량·실적·수급 데이터가 없다."", ""상승과 하락을 가늠할 수 있는 기술적 지표나 펀더멘털 지표가 전혀 없어 Buy 또는 Sell 근거가 부족하다."", ""주어진 데이터만으로는 방향성이 불명확하므로 적극적 판단으로는 Neutral이 가장 적절하다.""]"
035420,네이버,2024-01-02,227500,Neutral,42,"[""제공된 데이터가 종목명과 현재가뿐이라 20거래일 방향성을 판단할 수 있는 추세·실적·밸류에이션·수급 정보가 없다."", ""상승과 하락을 가늠할 기술적 지표나 최근 가격 흐름이 없어 Buy 또는 Sell 근거를 만들 수 없다."", ""주어진 정보만으로는 방향성이 불명확하므로 적극적 판단으로는 Neutral이 가장 적절하다.""]"
035420,네이버,2024-02-01,202500,Neutral,42,"[""현재가 202,500원만으로는 20거래일 내 상승·하락 방향을 판단할 수 있는 추세, 밸류에이션, 실적, 수급 데이터가 제공되지 않았습니다."", ""종목 정보에는 시장과 현재가만 있어 기술적 모멘텀이나 변동성, 거래량 같은 방향성 판단 근거가 부족합니다."", ""제공된 데이터만 근거로 해야 하므로 상승과 하락 중 어느 쪽도 우위라고 보기 어려워 Neutral이 적절합니다.""]"
035420,네이버,2024-03-04,192000,Neutral,50,"[""현재가 192,000원 정보만으로는 향후 20거래일 주가 방향을 판단할 수 있는 추세·모멘텀·밸류에이션 근거가 제공되지 않았습니다."", ""상장 시장이 KOSPI라는 사실만으로는 단기 상승 또는 하락 우위를 뒷받침하기에 충분한 데이터가 아닙니다."", ""제공된 데이터가 종목명과 현재가에 한정되어 있어 Buy 또는 Sell을 선택할 만큼의 방향성 근거가 부족합니다.""]"
035420,네이버,2024-04-01,194300,Neutral,42,"[""현재 제공된 데이터가 종목명과 현재가뿐이라 20거래일 방향성을 판단할 수 있는 추세·실적·밸류에이션·수급 정보가 없다."", ""상승과 하락을 가를 기술적 지표나 최근 가격 흐름이 제시되지 않아 Buy 또는 Sell 근거를 만들 수 없다."", ""브랜드 이미지와 과거 명성은 배제해야 하므로, 주어진 정보만으로는 방향성 확신이 부족해 Neutral이 적절하다.""]"
035420,네이버,2024-05-02,188800,Neutral,42,"[""제공된 정보가 종목명과 현재가뿐이라 20거래일 방향성을 판단할 수 있는 가격 추세, 거래량, 실적, 밸류에이션 데이터가 없다."", ""상승과 하락을 가를 수 있는 기술적 지표나 수급 정보가 전혀 없어 Buy 또는 Sell을 지지할 근거가 부족하다."", ""주어진 데이터만으로는 방향성이 불명확하므로 적극적 판단으로는 Neutral이 가장 적절하다.""]"
035420,네이버,2024-06-03,172700,Neutral,42,"[""현재가 172,700원만으로는 20거래일 내 상승·하락 방향을 판단할 수 있는 추세 정보가 제공되지 않았습니다."", ""거래량, 이동평균, 실적, 밸류에이션, 수급 등 방향성을 판단할 핵심 데이터가 없어 매수·매도 우위를 가릴 근거가 부족합니다."", ""제공된 정보가 종목명, 시장, 현재가에 한정되어 있어 상승 또는 하락을 확신할 수 없으므로 Neutral이 적절합니다.""]"
035420,네이버,2024-07-01,162900,Neutral,42,"[""제공된 정보가 종목명, 현재가, 상장 시장뿐이라 20거래일 방향을 판단할 수 있는 가격 추세·실적·수급·밸류에이션 데이터가 없다."", ""상승 또는 하락을 지지하는 정량 지표가 전혀 없어 Buy와 Sell 중 어느 쪽도 우위라고 보기 어렵다."", ""주어진 데이터만으로는 방향성 확신이 불가능하므로 적극적 판단으로는 Neutral이 적절하다.""]"
035420,네이버,2024-08-01,175000,Neutral,50,"[""제공된 정보가 종목명, 현재가, 시장 구분뿐이라 20거래일 방향성을 판단할 수 있는 가격·실적·수급 데이터가 없습니다."", ""상승과 하락을 가늠할 기술적 지표나 밸류에이션, 거래량, 추세 정보가 없어 Buy 또는 Sell 근거가 부족합니다."", ""주어진 데이터만으로는 방향성이 불명확하므로 적극적 판단으로는 Neutral이 가장 적절합니다.""]"
035420,네이버,2024-09-02,166600,Neutral,42,"[""제공된 정보가 종목명, 현재가, 시장 구분뿐이라 20거래일 방향성을 판단할 수 있는 가격·거래량·실적·수급 데이터가 없다."", ""상승과 하락을 지지하는 정량적 근거가 전혀 제시되지 않아 Buy 또는 Sell을 선택할 만한 우위가 없다."", ""브랜드 이미지나 과거 명성은 배제해야 하므로, 현재 제공 데이터만으로는 방향성 확신이 불가능하다.""]"
035420,네이버,2024-10-02,168200,Neutral,42,"[""제공된 데이터가 종목명과 현재가뿐이라 20거래일 방향성을 판단할 수 있는 추세·실적·밸류에이션·수급 정보가 없다."", ""상승과 하락을 가를 기술적 지표나 최근 가격 흐름이 없어 Buy 또는 Sell을 지지할 근거가 부족하다."", ""브랜드나 과거 명성을 배제하고 제공 데이터만 사용해야 하므로, 현재 정보만으로는 방향성 확신이 불가능하다.""]"
035420,네이버,2024-11-01,169700,Neutral,42,"[""현재가 169,700원만으로는 20거래일 내 상승·하락 방향을 판단할 수 있는 추세 정보가 제공되지 않았습니다."", ""재무, 실적, 밸류에이션, 수급, 기술적 지표 등 방향성을 뒷받침할 추가 데이터가 없어 Buy 또는 Sell 근거가 부족합니다."", ""제공된 정보가 종목명, 현재가, 시장 구분에 한정되어 있어 상승·하락 근거가 균형을 이루기보다 아예 불충분하므로 Neutral이 적절합니다.""]"
035420,네이버,2024-12-02,203500,Neutral,41,"[""현재 제공된 정보는 종목명, 현재가, 상장 시장뿐이며 20거래일 방향성을 판단할 수 있는 가격 추세·거래량·실적·밸류에이션 데이터가 없다."", ""상승과 하락을 가늠할 수 있는 기술적 지표나 수급 지표가 전혀 없어 Buy 또는 Sell을 지지할 근거가 부족하다."", ""제공 데이터만으로는 방향성이 불명확하므로 적극적 선택으로서 Neutral이 가장 적절하다.""]"
035420,네이버,2025-01-02,193800,Neutral,42,"[""제공된 데이터가 종목명과 현재가뿐이라 20거래일 방향성을 판단할 수 있는 추세·실적·수급 정보가 없다."", ""상승과 하락을 가늠할 기술적 지표나 밸류에이션, 거래량, 모멘텀 데이터가 없어 Buy 또는 Sell 근거가 부족하다."", ""주어진 정보만으로는 방향성이 불명확하므로 적극적 중립 판단이 가장 적절하다.""]"
035420,네이버,2025-02-03,217000,Neutral,50,"[""현재가 217,000원만 제공되어 추세, 거래량, 수급, 실적 등 20거래일 방향성을 판단할 핵심 데이터가 부족합니다."", ""상승 또는 하락을 지지하는 기술적·펀더멘털 근거가 제시되지 않아 Buy와 Sell 중 우위를 둘 수 없습니다."", ""제공된 정보만으로는 방향성이 불명확하므로 적극적 판단으로는 Neutral이 가장 적절합니다.""]"
035420,네이버,2025-03-04,205500,Neutral,42,"[""제공된 정보가 종목명, 현재가, 시장 구분뿐이라 20거래일 방향성을 판단할 수 있는 가격·거래량·실적·수급 데이터가 없다."", ""상승과 하락을 가늠할 기술적 지표나 밸류에이션, 모멘텀 관련 근거가 전혀 제시되지 않았다."", ""브랜드 이미지와 과거 명성을 배제해야 하므로, 현재 제공 데이터만으로는 Buy 또는 Sell을 정당화하기 어렵다.""]"
035420,네이버,2025-04-01,196700,Neutral,50,"[""종목 정보에 현재가와 시장 구분만 있고, 향후 20거래일 방향을 판단할 수 있는 실적·밸류에이션·수급·기술적 지표가 제공되지 않았습니다."", ""상승과 하락을 비교할 수 있는 정량 데이터가 없어 Buy 또는 Sell을 우선할 근거가 부족합니다."", ""제공된 데이터만을 근거로 하면 방향성 확신이 불가능하므로 Neutral이 가장 적절합니다.""]"
035420,네이버,2025-05-02,197400,Neutral,42,"[""제공된 정보가 종목명, 현재가, 상장 시장뿐이라 20거래일 방향성을 판단할 수 있는 가격·거래량·실적·수급 데이터가 없다."", ""상승과 하락을 가늠할 기술적 지표나 펀더멘털 지표가 전혀 없어 Buy 또는 Sell을 정당화할 근거가 부족하다."", ""주어진 데이터만 기준으로는 방향성이 불명확하므로 적극적 선택은 Neutral이 적절하다.""]"
035420,네이버,2025-06-02,186500,Neutral,42,"[""제공된 정보가 종목명, 현재가, 상장 시장뿐이라 20거래일 방향성을 판단할 수 있는 가격·거래량·실적·수급 데이터가 없다."", ""상승과 하락을 가늠할 수 있는 기술적 지표나 펀더멘털 지표가 전혀 제시되지 않아 Buy 또는 Sell 근거가 부족하다."", ""주어진 데이터만으로는 방향성이 불명확하므로 적극적 판단은 Neutral이 적절하다.""]"
035420,네이버,2025-07-01,262000,Neutral,50,"[""제공된 데이터가 종목명과 현재가뿐이라 20거래일 방향성을 판단할 수 있는 가격·거래량·추세 정보가 없습니다."", ""상승 또는 하락을 지지하는 기술적·수급·실적 관련 근거가 제시되지 않아 Buy와 Sell 중 우위를 둘 수 없습니다."", ""주어진 정보만으로는 방향성이 불명확하므로 적극적 판단으로는 Neutral이 가장 적절합니다.""]"
035420,네이버,2025-08-01,225000,Neutral,42,"[""현재 제공된 데이터가 종목명과 현재가뿐이라 20거래일 방향성을 판단할 수 있는 추세·실적·밸류에이션·수급 정보가 없다."", ""상승과 하락을 가를 기술적 지표나 최근 가격 흐름이 제시되지 않아 Buy 또는 Sell 근거를 만들 수 없다."", ""제공된 정보만으로는 방향성이 불명확하므로 적극적 판단은 Neutral이 적절하다.""]"
035420,네이버,2025-09-01,215500,Neutral,42,"[""제공된 정보가 종목명, 현재가, 시장 구분뿐이라 20거래일 방향성을 판단할 수 있는 가격·거래량·실적·수급 데이터가 없다."", ""상승과 하락을 가늠할 수 있는 기술적 지표나 펀더멘털 지표가 전혀 없어 Buy 또는 Sell 근거를 만들 수 없다."", ""주어진 데이터만 기준으로 하면 방향성 확신이 불가능하므로 적극적 판단은 Neutral이 적절하다.""]"
035420,네이버,2025-10-01,254500,Neutral,42,"[""제공된 정보가 종목명, 현재가, 시장 구분뿐이라 20거래일 방향성을 판단할 수 있는 가격 추세·거래량·실적·밸류에이션 데이터가 없다."", ""상승과 하락을 가를 수 있는 기술적 지표나 수급 정보가 전혀 없어 Buy 또는 Sell을 선택할 근거가 부족하다."", ""주어진 데이터만으로는 방향성이 불명확하므로 적극적 판단으로는 Neutral이 가장 적절하다.""]"
035420,네이버,2025-11-03,274500,Neutral,50,"[""현재가 274,500원만 제시되어 있어 20거래일 방향을 판단할 수 있는 추세·모멘텀·밸류에이션 비교 데이터가 없습니다."", ""상승 또는 하락을 지지하는 기술적 지표, 실적, 수급, 거래량 정보가 제공되지 않아 Buy와 Sell 중 우위를 둘 근거가 부족합니다."", ""제공된 데이터만으로는 방향성이 불명확하므로 적극적 판단으로는 Neutral이 가장 적절합니다.""]"
035420,네이버,2025-12-01,243000,Neutral,42,"[""제공된 정보가 종목명, 현재가, 상장 시장뿐이라 20거래일 방향성을 판단할 수 있는 가격 추세·실적·수급 데이터가 없다."", ""상승과 하락을 가늠할 기술적 지표나 펀더멘털 지표가 전혀 없어 Buy 또는 Sell을 정당화할 근거가 부족하다."", ""주어진 데이터만으로는 방향성이 불명확하므로 적극적 판단으로는 Neutral이 가장 적절하다.""]"
051910,LG화학,2023-01-02,604000,Neutral,0,"[""종목 정보에 현재가와 시장 구분만 제공되어 있어 20거래일 방향을 판단할 수 있는 추세·모멘텀·밸류에이션·실적 데이터가 없습니다."", ""상승 또는 하락을 지지하는 기술적 지표, 거래량, 수급, 재무지표가 전혀 제시되지 않아 Buy와 Sell 중 우위를 둘 근거가 없습니다."", ""제공된 데이터만을 근거로 판단해야 하므로 방향성이 불명확한 경우에 해당하며, 따라서 Neutral이 적절합니다.""]"
051910,LG화학,2023-02-01,688000,Neutral,50,"[""현재가 688,000원만 제공되어 추세, 모멘텀, 변동성, 거래량 등 20거래일 방향성을 판단할 핵심 데이터가 부족합니다."", ""기업 실적, 밸류에이션, 수급, 업황 같은 주가 방향 결정에 필요한 정량 정보가 없어 상승·하락 근거를 비교할 수 없습니다."", ""제공된 정보만으로는 Buy 또는 Sell을 정당화할 만큼의 우위가 확인되지 않아 Neutral이 가장 적절합니다.""]"
051910,LG화학,2023-03-02,678000,Neutral,0,"[""종목명과 현재가 외에 추세, 실적, 밸류에이션, 수급 등 향후 20거래일 방향을 판단할 추가 데이터가 제공되지 않았습니다."", ""제공된 정보만으로는 상승과 하락 중 어느 쪽의 기대수익이 우위인지 근거를 만들 수 없습니다."", ""브랜드 이미지나 과거 명성은 배제해야 하므로, 현재 입력만으로는 적극적 Buy 또는 Sell 판단이 불가능합니다.""]"
051910,LG화학,2023-04-03,712000,Neutral,50,"[""현재가 712,000원만으로는 20거래일 내 상승·하락 방향을 판단할 수 있는 추세 정보가 제공되지 않았습니다."", ""재무, 실적, 수급, 밸류에이션, 기술적 지표 등 방향성을 뒷받침할 추가 데이터가 없어 Buy 또는 Sell 근거가 부족합니다."", ""제공된 정보가 종목명, 시장, 현재가에 한정되어 있어 방향성 확신이 불가능하므로 Neutral이 적절합니다.""]"
051910,LG화학,2023-05-02,746000,Neutral,42,"[""현재가 746,000원만 제공되어 추세, 거래량, 변동성, 수급 등 20거래일 방향성을 판단할 핵심 데이터가 부족합니다."", ""기업의 브랜드 이미지나 과거 명성은 배제해야 하므로, 제공된 정보만으로는 상승·하락 어느 쪽의 우위도 확인할 수 없습니다."", ""주가 수준 외에 비교 기준이나 최근 실적·기술적 지표가 없어 Buy 또는 Sell을 선택할 근거가 충분하지 않습니다.""]"
051910,LG화학,2023-06-01,687000,Neutral,0,"[""종목명과 현재가 외에 추세, 실적, 밸류에이션, 수급 등 향후 20거래일 방향을 판단할 추가 데이터가 제공되지 않았습니다."", ""제공된 정보만으로는 상승과 하락 어느 쪽의 근거도 우위에 있다고 볼 수 없어 Buy 또는 Sell을 선택할 수 없습니다."", ""판단 기준상 방향성을 확신할 수 없는 경우 Neutral이 적절하며, 현재는 그 수준의 정보 부족 상태입니다.""]"
051910,LG화학,2023-07-03,691000,Neutral,50,"[""현재가 691,000원만 제공되어 추세, 거래량, 변동성, 수급 등 20거래일 방향성을 판단할 핵심 데이터가 없다."", ""상승 또는 하락을 지지하는 기술적·재무적 지표가 제시되지 않아 Buy와 Sell 중 어느 쪽도 우세하다고 보기 어렵다."", ""제공된 정보만으로는 향후 20거래일 내 주가 방향을 확신할 수 없어 Neutral이 가장 적절하다.""]"
051910,LG화학,2023-08-01,655000,Neutral,50,"[""현재 제공된 데이터는 종목명, 현재가, 시장 정보뿐이며 20거래일 방향성을 판단할 수 있는 가격 추세·거래량·실적·밸류에이션 데이터가 없다."", ""상승과 하락을 가늠할 수 있는 기술적 지표나 수급 정보가 전혀 없어 Buy 또는 Sell을 우위로 둘 근거가 부족하다."", ""제공된 정보만으로는 방향성이 불명확하므로 적극적 판단으로는 Neutral이 가장 적절하다.""]"
051910,LG화학,2023-09-01,570000,Neutral,50,"[""현재가 570,000원만 제공되어 추세, 변동성, 거래량, 수급, 실적 등 20거래일 방향성을 판단할 핵심 데이터가 부족합니다."", ""상승과 하락을 구분할 수 있는 기술적 지표나 펀더멘털 변화 정보가 없어 Buy 또는 Sell을 단정할 근거가 없습니다."", ""제공된 데이터만으로는 방향성이 불명확하므로 적극적 중립 판단이 가장 적절합니다.""]"
051910,LG화학,2023-10-04,486000,Neutral,50,"[""현재가 486,000원만 제공되어 추세, 거래량, 변동성, 수급 등 20거래일 방향성을 판단할 핵심 데이터가 부족합니다."", ""상승·하락을 지지하는 기술적 지표나 재무/실적 관련 정보가 없어 Buy 또는 Sell을 우선할 근거가 없습니다."", ""제공된 데이터만으로는 향후 20거래일 내 주가 방향을 확신할 수 없어 Neutral이 가장 적절합니다.""]"
051910,LG화학,2023-11-01,431000,Neutral,42,"[""현재가 431,000원만 제시되어 있어 추세, 모멘텀, 거래량 등 20거래일 방향성을 판단할 핵심 데이터가 부족합니다."", ""기업 실적, 밸류에이션, 수급, 기술적 지표가 제공되지 않아 상승·하락 근거를 비교할 수 없습니다."", ""제공된 정보만으로는 향후 20거래일 내 주가가 어느 방향으로 움직일지 확신할 수 없어 Neutral이 적절합니다.""]"
051910,LG화학,2023-12-01,486500,Neutral,42,"[""제공된 정보가 종목명과 현재가뿐이라 20거래일 방향성을 판단할 수 있는 가격 추세, 거래량, 실적, 밸류에이션 데이터가 없다."", ""상승과 하락을 가를 수 있는 기술적·기본적 근거가 모두 부재해 Buy 또는 Sell을 선택할 만한 우위가 없다."", ""주어진 데이터만으로는 향후 20거래일 내 주가 방향의 확률적 우열을 확신할 수 없어 Neutral이 가장 적절하다.""]"
051910,LG화학,2024-01-02,493500,Neutral,50,"[""현재가 493,500원만 제공되어 추세, 거래량, 변동성, 수급 등 20거래일 방향성을 판단할 핵심 데이터가 없다."", ""LG화학의 브랜드나 과거 명성은 배제해야 하므로, 제공된 정보만으로는 상승·하락 우위를 정할 근거가 없다."", ""따라서 향후 20거래일 주가 방향은 확신할 수 없으며 Neutral이 가장 적절하다.""]"
051910,LG화학,2024-02-01,430000,Neutral,50,"[""현재가 430,000원만 제시되어 있어 20거래일 방향을 판단할 수 있는 추세·모멘텀·밸류에이션 정보가 부족합니다."", ""상승 또는 하락을 지지하는 기술적 지표, 실적, 수급, 거래량 데이터가 제공되지 않아 우위 방향을 확정하기 어렵습니다."", ""제공된 데이터만으로는 Buy와 Sell 중 어느 쪽도 우세하다고 보기 어려워 Neutral이 가장 적절합니다.""]"
051910,LG화학,2024-03-04,462000,Neutral,52,"[""제공된 정보가 종목명과 현재가뿐이라 20거래일 방향성을 판단할 수 있는 추세·실적·수급·밸류에이션 데이터가 없다."", ""상승과 하락을 가를 기술적 지표나 최근 거래량, 변동성 정보가 없어 Buy 또는 Sell 근거가 부족하다."", ""주어진 데이터만으로는 방향성이 불명확하므로 적극적 선택으로 Neutral이 가장 적절하다.""]"
051910,LG화학,2024-04-01,430500,Neutral,42,"[""현재가 430,500원만으로는 20거래일 내 상승·하락 방향을 판단할 수 있는 추세, 밸류에이션, 실적, 수급 데이터가 제공되지 않았습니다."", ""종목 정보에 시장 구분(KOSPI)과 가격만 있어 모멘텀이나 변동성 우위 여부를 확인할 수 없어 Buy 또는 Sell 근거가 부족합니다."", ""제공된 데이터만 근거로 해야 하므로 방향성을 확신할 수 없고, 이는 Neutral 선택이 적절합니다.""]"
051910,LG화학,2024-05-02,405000,Neutral,52,"[""현재가 405,000원만으로는 20거래일 내 방향성을 판단할 수 있는 추세·모멘텀 정보가 제공되지 않았습니다."", ""재무, 실적, 수급, 기술적 지표 등 상승 또는 하락을 뒷받침할 추가 데이터가 없어 Buy/Sell 근거가 모두 부족합니다."", ""제공된 정보가 종목명, 시장, 현재가에 한정되어 있어 방향성 확신이 낮으므로 Neutral이 가장 적절합니다.""]"
051910,LG화학,2024-06-03,357500,Neutral,42,"[""현재가 357,500원에 대한 추가 기술적·수급·실적 데이터가 제공되지 않아 20거래일 방향성을 판단할 핵심 근거가 부족합니다."", ""종목명과 시장 정보만으로는 상승 또는 하락 우위를 뒷받침할 수 있는 정량적 신호를 확인할 수 없습니다."", ""제공된 데이터만을 근거로 하면 매수·매도 어느 쪽도 우세하다고 보기 어려워 방향성 불명확에 해당합니다.""]"
051910,LG화학,2024-07-01,355500,Neutral,50,"[""현재가 355,500원만으로는 20거래일 방향성을 판단할 수 있는 추세·모멘텀·밸류에이션 데이터가 제공되지 않았습니다."", ""상승 또는 하락을 지지하는 거래량, 실적, 수급, 기술적 지표가 없어 Buy와 Sell 중 어느 쪽도 우세하다고 보기 어렵습니다."", ""제공된 정보가 종목명, 시장, 현재가에 한정되어 있어 방향성 확신이 불가능하므로 Neutral이 가장 적절합니다.""]"
051910,LG화학,2024-08-01,314000,Neutral,50,"[""현재가 314,000원만 제공되어 추세, 거래량, 변동성, 수급 등 20거래일 방향성을 판단할 핵심 데이터가 부족합니다."", ""상승 또는 하락을 지지하는 기술적·펀더멘털 근거가 제시되지 않아 Buy와 Sell 중 우위를 둘 수 없습니다."", ""제공된 정보만으로는 향후 20거래일 내 주가 방향을 확신할 수 없어 Neutral이 가장 적절합니다.""]"
051910,LG화학,2024-09-02,340000,Neutral,50,"[""현재가 340,000원만으로는 향후 20거래일 방향을 판단할 수 있는 추세·모멘텀 정보가 제공되지 않았습니다."", ""재무, 실적, 수급, 밸류에이션, 기술적 지표 등 상승·하락 판단에 필요한 핵심 데이터가 제시되지 않았습니다."", ""제공된 정보가 종목명과 시장, 현재가에 한정되어 있어 Buy와 Sell 중 어느 쪽도 우위라고 결론내리기 어렵습니다.""]"
051910,LG화학,2024-10-02,353500,Neutral,50,"[""현재가 353,500원만 제공되어 추세, 모멘텀, 변동성, 거래량 등 20거래일 방향성을 판단할 핵심 데이터가 부족합니다."", ""상승·하락을 뒷받침할 재무지표, 실적 전망, 수급, 기술적 지표가 없어 Buy 또는 Sell을 우선할 근거가 없습니다."", ""제공된 정보만으로는 방향성이 불명확하므로 적극적 판단으로는 Neutral이 가장 적절합니다.""]"
051910,LG화학,2024-11-01,318000,Neutral,50,"[""현재 제공된 데이터는 종목명, 현재가, 시장 정보뿐이며 20거래일 방향을 판단할 수 있는 가격 추세·거래량·실적·밸류에이션 정보가 없다."", ""상승과 하락을 가늠할 수 있는 기술적 지표나 수급 데이터가 없어 Buy 또는 Sell을 우세하게 선택할 근거가 부족하다."", ""제공된 정보만으로는 방향성이 불명확하므로, 기준상 적극적 중립 판단인 Neutral이 적절하다.""]"
051910,LG화학,2024-12-02,282500,Neutral,50,"[""현재 제공된 정보는 종목명, 현재가, 시장 구분뿐이며 20거래일 방향성을 판단할 수 있는 가격 추세·거래량·실적·밸류에이션 데이터가 없다."", ""상승과 하락을 가늠할 수 있는 기술적 지표나 수급 정보가 전혀 없어 Buy 또는 Sell을 우위로 둘 근거가 부족하다."", ""제공된 데이터만으로는 방향성이 불명확하므로 적극적 판단으로는 Neutral이 가장 적절하다.""]"
051910,LG화학,2025-01-02,242500,Neutral,50,"[""현재가 242,500원만 제공되어 추세, 모멘텀, 변동성, 거래량 등 20거래일 방향성을 판단할 핵심 데이터가 부족합니다."", ""기업의 브랜드나 과거 명성은 배제해야 하므로, 제공된 정보만으로는 상승 또는 하락 우위를 정할 근거가 없습니다."", ""KOSPI 상장 정보와 종목명 외에 재무·수급·기술적 지표가 없어 Buy 또는 Sell을 확정하기 어렵습니다.""]"
051910,LG화학,2025-02-03,222000,Neutral,50,"[""현재가 222,000원만으로는 20거래일 내 상승·하락 방향을 판단할 수 있는 추세 정보가 제공되지 않았습니다."", ""거래량, 실적, 밸류에이션, 수급, 기술적 지표 등 방향성을 뒷받침할 추가 데이터가 없어 매수·매도 우위를 가리기 어렵습니다."", ""제공된 정보가 종목명과 현재가뿐이므로 상승과 하락 근거가 균형을 이루는 것이 아니라 아예 부족해 Neutral이 가장 적절합니다.""]"
051910,LG화학,2025-03-04,227500,Neutral,50,"[""현재 제공된 정보는 종목명, 현재가, 상장 시장뿐이며 20거래일 방향성을 판단할 수 있는 가격 추세·거래량·실적·밸류에이션 데이터가 없다."", ""상승과 하락을 가늠할 수 있는 기술적 지표나 수급 정보가 전혀 없어 Buy 또는 Sell을 우위로 둘 근거가 부족하다."", ""제공된 데이터만을 근거로 해야 하므로 방향성이 불명확한 상황에 해당해 Neutral이 가장 적절하다.""]"
051910,LG화학,2025-04-01,244000,Neutral,50,"[""현재가 244,000원만으로는 20거래일 내 상승·하락 방향을 판단할 수 있는 추세, 모멘텀, 밸류에이션 정보가 제공되지 않았습니다."", ""종목명과 시장 정보 외에 실적, 수급, 기술적 지표, 이벤트 등 방향성을 뒷받침할 데이터가 없어 Buy 또는 Sell 근거가 부족합니다."", ""제공된 데이터만을 근거로 할 때 상승과 하락 가능성을 구분할 수 없어 Neutral이 가장 적절합니다.""]"
051910,LG화학,2025-05-02,210000,Neutral,50,"[""현재가 210,000원만 제공되어 추세, 변동성, 거래량, 수급 등 20거래일 방향성을 판단할 핵심 데이터가 없다."", ""상승·하락을 지지하는 기술적 지표나 실적 관련 수치가 없어 Buy 또는 Sell을 선택할 근거가 부족하다."", ""제공된 정보만으로는 방향성이 불명확하므로 적극적 중립 판단이 가장 적절하다.""]"
051910,LG화학,2025-06-02,195300,Neutral,50,"[""현재가 195,300원만 제공되어 추세, 거래량, 변동성, 수급 등 20거래일 방향성을 판단할 핵심 데이터가 부족합니다."", ""기업의 브랜드 이미지나 과거 명성은 배제해야 하므로, 제공된 정보만으로는 상승 또는 하락 우위를 정할 근거가 없습니다."", ""Buy와 Sell을 대등하게 보더라도, 현재 입력 데이터에서는 방향성을 확신할 수 없어 Neutral이 가장 적절합니다.""]"
051910,LG화학,2025-07-01,229000,Neutral,50,"[""현재가 229,000원만으로는 20거래일 내 상승·하락 방향을 판단할 수 있는 추세, 모멘텀, 밸류에이션 정보가 제공되지 않았습니다."", ""종목명과 시장 정보 외에 거래량, 이동평균, 실적, 수급, 변동성 등 방향성을 뒷받침할 데이터가 없어 Buy 또는 Sell 근거가 부족합니다."", ""제공된 데이터만을 근거로 해야 하므로 상승과 하락 중 어느 쪽도 우위라고 확신할 수 없어 Neutral이 가장 적절합니다.""]"
051910,LG화학,2025-08-01,290000,Neutral,42,"[""제공된 데이터가 종목명, 현재가, 상장 시장뿐이라 20거래일 방향성을 판단할 수 있는 가격·거래량·실적·수급 정보가 없다."", ""상승과 하락을 가늠할 기술적 지표나 펀더멘털 지표가 전혀 없어 Buy 또는 Sell 근거를 만들 수 없다."", ""주어진 정보만으로는 방향성이 불명확하므로 적극적 판단으로는 Neutral이 가장 적절하다.""]"
051910,LG화학,2025-09-01,271500,Neutral,50,"[""현재가 271,500원만 제공되어 추세, 거래량, 실적, 밸류에이션 등 20거래일 방향성을 판단할 핵심 데이터가 없다."", ""상승과 하락을 가늠할 수 있는 기술적 지표나 수급 정보가 없어 Buy 또는 Sell을 우세하게 선택할 근거가 부족하다."", ""제공된 정보만으로는 방향성이 불명확하므로 적극적 판단으로는 Neutral이 가장 적절하다.""]"
051910,LG화학,2025-10-01,281500,Neutral,50,"[""현재 제공된 정보는 종목명, 현재가, 시장 구분뿐이며 20거래일 방향성을 판단할 수 있는 가격 추세·거래량·실적·밸류에이션 데이터가 없다."", ""상승과 하락을 가늠할 수 있는 기술적 지표나 수급 정보가 전혀 없어 Buy 또는 Sell을 우위로 둘 근거가 부족하다."", ""제공된 데이터만을 근거로 할 때 방향성이 불명확하므로 적극적 선택으로서 Neutral이 가장 적절하다.""]"
051910,LG화학,2025-11-03,393000,Neutral,50,"[""현재가 393,000원만 제공되어 추세, 모멘텀, 변동성, 거래량 등 20거래일 방향성을 판단할 핵심 데이터가 부족합니다."", ""상승·하락을 지지하는 재무, 실적, 수급, 기술적 지표가 제시되지 않아 Buy 또는 Sell 근거를 만들 수 없습니다."", ""제공된 정보만으로는 향후 20거래일 내 주가 방향을 확신할 수 없어 Neutral이 가장 적절합니다.""]"
051910,LG화학,2025-12-01,372000,Neutral,50,"[""현재가 372,000원만으로는 20거래일 내 방향성을 판단할 수 있는 추세·모멘텀 정보가 제공되지 않았습니다."", ""재무, 실적, 수급, 밸류에이션, 기술적 지표 등 상승·하락 근거가 되는 데이터가 없어 Buy 또는 Sell을 단정하기 어렵습니다."", ""제공된 정보가 종목명, 시장, 현재가에 한정되어 있어 상승과 하락 근거가 균형이 아니라 아예 부족하므로 Neutral이 가장 적절합니다.""]"
352820,HYBE,2023-01-02,169500,Neutral,42,"[""제공된 데이터가 종목명과 현재가뿐이라 20거래일 방향성을 판단할 수 있는 가격·거래량·실적·수급 정보가 없다."", ""상승과 하락을 가늠할 수 있는 기술적 지표나 이벤트 정보가 없어 Buy와 Sell 중 어느 쪽도 우위라고 보기 어렵다."", ""주어진 정보만으로는 방향성 확신이 불가능하므로 적극적 중립 판단이 적절하다.""]"
352820,HYBE,2023-02-01,189500,Neutral,42,"[""제공된 정보가 종목명, 현재가, 상장 시장뿐이라 20거래일 방향성을 판단할 수 있는 가격 추세·거래량·실적·밸류에이션 데이터가 없다."", ""상승과 하락을 가늠할 수 있는 기술적 지표나 수급 정보가 전혀 없어 Buy 또는 Sell 근거가 부족하다."", ""브랜드 이미지나 과거 명성은 배제해야 하므로, 현재 제공 데이터만으로는 방향성 확신이 불가능해 Neutral이 적절하다.""]"
352820,HYBE,2023-03-02,187000,Neutral,52,"[""제공된 종목 정보에는 현재가와 시장 구분만 있고, 20거래일 방향을 판단할 수 있는 실적·밸류에이션·수급·기술적 지표가 없어 상승/하락 근거를 확정하기 어렵습니다."", ""브랜드 이미지·인지도·과거 명성은 판단에서 배제해야 하므로 HYBE에 대한 정성적 기대만으로 Buy 또는 Sell을 선택할 근거가 없습니다."", ""주어진 데이터만으로는 향후 20거래일 내 주가의 우위 방향을 확인할 수 없어 Neutral이 가장 적절합니다.""]"
352820,HYBE,2023-04-03,184000,Neutral,41,"[""제공된 데이터가 종목명과 현재가뿐이라 20거래일 방향성을 판단할 수 있는 추세·실적·수급 정보가 없다."", ""상승과 하락을 가늠할 기술적 지표나 밸류에이션, 거래량, 이벤트 정보가 없어 Buy 또는 Sell 근거가 부족하다."", ""주어진 기준상 방향을 확신할 수 없는 경우 Neutral이 적절하며, 현재는 그 수준의 정보만 제공되었다.""]"
352820,HYBE,2023-05-02,284500,Neutral,42,"[""제공된 정보가 종목명, 현재가, 시장 구분뿐이라 20거래일 방향성을 판단할 수 있는 가격·거래량·실적·수급 데이터가 없다."", ""상승과 하락을 가늠할 수 있는 기술적 지표나 펀더멘털 지표가 전혀 없어 Buy 또는 Sell 근거가 부족하다."", ""주어진 데이터만으로는 방향성이 불명확하므로 적극적 판단으로는 Neutral이 가장 적절하다.""]"
352820,HYBE,2023-06-01,277500,Neutral,50,"[""현재 제공된 데이터가 종목명과 현재가뿐이라 20거래일 방향성을 판단할 수 있는 가격·거래량·실적·수급 정보가 부족합니다."", ""상승과 하락을 구분할 수 있는 기술적 지표나 펀더멘털 근거가 제시되지 않아 Buy 또는 Sell을 정당화하기 어렵습니다."", ""주어진 정보만으로는 방향성이 불명확하므로 적극적 판단으로는 Neutral이 가장 적절합니다.""]"
352820,HYBE,2023-07-03,279500,Neutral,42,"[""제공된 정보가 현재가와 종목명뿐이라 20거래일 방향성을 판단할 수 있는 추세·실적·밸류에이션·수급 데이터가 없다."", ""상승과 하락을 가를 기술적 지표나 이벤트 정보가 없어 Buy 또는 Sell을 정당화할 근거가 부족하다."", ""주어진 데이터만으로는 방향성이 불명확하므로 적극적 판단으로는 Neutral이 가장 적절하다.""]"
352820,HYBE,2023-08-01,254000,Neutral,42,"[""제공된 종목 정보에는 현재가와 시장 구분만 있고, 20거래일 방향성을 판단할 수 있는 실적·수급·기술적 지표가 없어 상승/하락 근거를 확정하기 어렵습니다."", ""브랜드 이미지·인지도·과거 명성은 판단에서 배제해야 하므로, HYBE에 대한 정성적 호재나 악재를 근거로 매수·매도 판단을 할 수 없습니다."", ""현재 제공 데이터만으로는 기대수익과 하락위험 중 어느 쪽이 우세한지 확인되지 않아 Neutral이 가장 적절합니다.""]"
352820,HYBE,2023-09-01,249000,Neutral,50,"[""현재 제공된 데이터가 종목명, 현재가, 상장 시장뿐이라 20거래일 방향성을 판단할 수 있는 가격·거래량·실적·수급 정보가 없다."", ""상승과 하락을 가늠할 기술적 지표나 펀더멘털 지표가 전혀 제시되지 않아 Buy 또는 Sell 근거가 부족하다."", ""주어진 정보만으로는 방향성이 불명확하므로 적극적 판단으로는 Neutral이 가장 적절하다.""]"
352820,HYBE,2023-10-04,222500,Neutral,42,"[""제공된 정보가 종목명과 현재가뿐이라 20거래일 방향성을 판단할 수 있는 가격 추세, 거래량, 실적, 수급 데이터가 없다."", ""상승과 하락을 가를 수 있는 기술적·펀더멘털 근거가 전혀 제시되지 않아 Buy 또는 Sell을 선택할 만한 우위가 없다."", ""주어진 데이터만으로는 방향성이 불명확하므로 적극적 판단으로는 Neutral이 가장 적절하다.""]"
352820,HYBE,2023-11-01,230500,Neutral,42,"[""제공된 데이터가 종목명과 현재가뿐이라 20거래일 방향성을 판단할 수 있는 가격 추세, 거래량, 실적, 수급 정보가 없습니다."", ""상승과 하락을 가늠할 수 있는 기술적·기본적 근거가 전혀 없어 Buy 또는 Sell을 선택할 만한 우위가 없습니다."", ""주어진 정보만으로는 방향성이 불명확하므로 적극적 판단으로는 Neutral이 가장 적절합니다.""]"
352820,HYBE,2023-12-01,211500,Neutral,50,"[""현재가 211,500원에 대한 추가 기술적·실적·수급 데이터가 제공되지 않아 20거래일 방향성을 판단할 근거가 부족합니다."", ""상승과 하락을 가를 추세, 모멘텀, 거래량, 변동성 정보가 없어 Buy 또는 Sell 중 하나를 우세하게 선택하기 어렵습니다."", ""제공된 데이터만을 근거로 해야 하므로, 확실한 우위가 없는 상황에서는 Neutral이 가장 적절합니다.""]"
352820,HYBE,2024-01-02,241500,Neutral,42,"[""현재 제공된 데이터가 종목명과 현재가뿐이라 20거래일 방향성을 판단할 수 있는 추세·실적·밸류에이션·수급 정보가 없다."", ""상승과 하락을 구분할 기술적 지표나 최근 가격 흐름이 제시되지 않아 Buy 또는 Sell 근거를 만들 수 없다."", ""제공된 정보만으로는 방향성이 불명확하므로 적극적 판단은 Neutral이 적절하다.""]"
352820,HYBE,2024-02-01,199000,Neutral,42,"[""제공된 정보가 종목명, 현재가, 시장 구분뿐이라 20거래일 방향성을 판단할 수 있는 가격 추세·실적·수급 데이터가 없다."", ""상승과 하락을 가를 기술적 지표나 밸류에이션, 거래량, 이벤트 정보가 전혀 없어 Buy 또는 Sell 근거가 부족하다."", ""주어진 데이터만으로는 방향성이 불명확하므로 적극적 판단으로는 Neutral이 가장 적절하다.""]"
352820,HYBE,2024-03-04,192700,Neutral,0,"[""판단에 필요한 재무·수급·기술적 데이터가 제공되지 않아 20거래일 방향성을 근거 있게 추정할 수 없습니다."", ""현재가 192,700원 외에는 상승 또는 하락을 지지하는 정량 정보가 없어 Buy와 Sell 중 우위를 둘 수 없습니다."", ""제공된 데이터만을 근거로 해야 하므로, 정보 부족 상황에서는 방향성 확신이 불가능해 Neutral이 적절합니다.""]"
352820,HYBE,2024-04-01,226500,Neutral,42,"[""제공된 정보가 현재가와 종목명뿐이라 20거래일 방향성을 판단할 수 있는 추세·실적·수급·밸류에이션 데이터가 없다."", ""상승과 하락을 지지하는 정량 지표가 전혀 없어 Buy 또는 Sell을 선택할 근거가 부족하다."", ""브랜드 이미지나 과거 명성은 배제해야 하므로, 현재 제공 데이터만으로는 방향성 확신이 불가능하다.""]"
352820,HYBE,2024-05-02,200000,Neutral,41,"[""제공된 데이터가 종목명, 현재가, 상장 시장뿐이라 20거래일 방향성을 판단할 수 있는 가격·거래량·실적·수급 정보가 없다."", ""상승과 하락을 가를 기술적 지표나 펀더멘털 근거가 전혀 없어 Buy 또는 Sell을 정당화할 수 없다."", ""주어진 정보만으로는 방향성이 불명확하므로 적극적 판단으로는 Neutral이 가장 적절하다.""]"
352820,HYBE,2024-06-03,200500,Neutral,50,"[""종목 정보에 현재가와 시장 구분만 있고, 20거래일 방향을 판단할 수 있는 가격 추세·거래량·실적·밸류에이션 데이터가 제공되지 않았습니다."", ""상승과 하락을 가늠할 수 있는 기술적 지표나 수급 지표가 없어 Buy 또는 Sell을 우위로 둘 근거가 부족합니다."", ""제공된 데이터만으로는 방향성이 불명확하므로, 기준상 적극적 선택인 Neutral이 가장 적절합니다.""]"
352820,HYBE,2024-07-01,200500,Neutral,50,"[""현재가 200,500원만 제시되어 있어 추세, 변동성, 거래량, 수급 등 20거래일 방향성을 판단할 핵심 데이터가 부족합니다."", ""상승과 하락을 가늠할 수 있는 재무지표, 실적 전망, 기술적 지표가 제공되지 않아 Buy 또는 Sell 근거를 우위로 둘 수 없습니다."", ""제공된 정보만으로는 방향성이 불명확하므로 적극적 판단으로는 Neutral이 가장 적절합니다.""]"
352820,HYBE,2024-08-01,175300,Neutral,50,"[""현재 제공된 데이터가 종목명, 현재가, 시장 정보뿐이라 20거래일 방향성을 판단할 수 있는 가격·거래량·실적·수급 근거가 없다."", ""상승과 하락을 가를 기술적 또는 펀더멘털 지표가 제시되지 않아 Buy와 Sell 중 어느 쪽도 우위라고 보기 어렵다."", ""제공된 정보만으로는 방향성이 불명확하므로 적극적 판단으로는 Neutral이 가장 적절하다.""]"
352820,HYBE,2024-09-02,179800,Neutral,42,"[""제공된 종목 정보에는 현재가와 시장 정보만 있고, 20거래일 방향을 판단할 수 있는 실적·밸류에이션·수급·기술적 지표가 없다."", ""상승과 하락을 가늠할 수 있는 추가 데이터가 전혀 없어 Buy 또는 Sell을 지지할 근거가 부족하다."", ""주어진 정보만으로는 방향성이 불명확하므로 적극적 판단으로는 Neutral이 가장 적절하다.""]"
352820,HYBE,2024-10-02,170100,Neutral,42,"[""제공된 종목 정보에는 현재가와 시장 구분만 있고, 20거래일 방향을 판단할 수 있는 실적·밸류에이션·수급·기술적 지표가 제시되지 않았습니다."", ""상승 또는 하락을 지지하는 정량 데이터가 전혀 없어 Buy와 Sell 중 어느 쪽도 우위라고 보기 어렵습니다."", ""주어진 데이터만으로는 향후 20거래일 내 방향성을 확신할 근거가 부족하므로 Neutral이 가장 적절합니다.""]"
352820,HYBE,2024-11-01,186700,Neutral,42,"[""현재가 186,700원만으로는 20거래일 내 상승·하락 방향을 판단할 수 있는 추세 정보가 제공되지 않았습니다."", ""거래량, 재무지표, 실적 추정치, 수급, 기술적 지표 등 방향성을 뒷받침할 추가 데이터가 없어 Buy 또는 Sell 근거가 부족합니다."", ""제공된 정보가 종목명, 시장, 현재가에 한정되어 있어 상승과 하락 가능성이 균형적이며 확신 가능한 결론을 내리기 어렵습니다.""]"
352820,HYBE,2024-12-02,189800,Neutral,52,"[""제공된 정보가 현재가와 종목명뿐이라 20거래일 방향성을 판단할 수 있는 추세·실적·밸류에이션·수급 데이터가 없다."", ""상승과 하락을 가를 기술적 지표나 이벤트 정보가 없어 Buy 또는 Sell을 우선할 근거가 부족하다."", ""주어진 데이터만으로는 방향성이 불명확하므로 적극적 선택으로는 Neutral이 가장 타당하다.""]"
352820,HYBE,2025-01-02,196300,Neutral,50,"[""판단에 필요한 재무·실적·수급·기술적 데이터가 제공되지 않아 20거래일 방향성을 우위 있게 추정하기 어렵습니다."", ""현재가 196,300원만으로는 상승·하락 기대를 가를 만한 상대적 저평가 또는 과열 여부를 확인할 수 없습니다."", ""제공된 정보가 종목명과 시장 구분에 한정되어 있어 Buy 또는 Sell을 지지할 근거가 부족하므로 Neutral이 가장 적절합니다.""]"
352820,HYBE,2025-02-03,226500,Neutral,42,"[""제공된 정보가 종목명, 현재가, 상장 시장뿐이라 20거래일 방향성을 판단할 수 있는 가격·거래량·실적·수급 데이터가 없다."", ""상승과 하락을 가늠할 기술적 지표나 펀더멘털 지표가 전혀 제시되지 않아 Buy 또는 Sell 근거가 부족하다."", ""주어진 데이터만으로는 방향성이 불명확하므로 적극적 판단으로는 Neutral이 가장 적절하다.""]"
352820,HYBE,2025-03-04,251000,Neutral,41,"[""제공된 종목 정보에는 현재가와 시장 구분만 있고, 20거래일 방향을 판단할 수 있는 가격 추세·거래량·실적·수급 데이터가 없습니다."", ""상승 또는 하락을 지지하는 정량적 근거가 전혀 제시되지 않아 Buy와 Sell 중 어느 쪽도 우위라고 보기 어렵습니다."", ""브랜드 이미지나 과거 명성은 배제해야 하므로, 현재 제공된 데이터만으로는 방향성을 확신할 수 없어 Neutral이 적절합니다.""]"
352820,HYBE,2025-04-01,235000,Neutral,42,"[""제공된 정보가 종목명, 현재가, 시장 구분뿐이라 20거래일 방향성을 판단할 수 있는 가격·거래량·실적·수급 데이터가 없다."", ""상승과 하락을 가늠할 수 있는 기술적 지표나 펀더멘털 지표가 전혀 없어 Buy 또는 Sell 근거가 부족하다."", ""주어진 데이터만으로는 방향성이 불명확하므로 적극적 판단으로는 Neutral이 가장 적절하다.""]"
352820,HYBE,2025-05-02,264500,Neutral,52,"[""제공된 데이터가 종목명과 현재가뿐이라 20거래일 방향성을 판단할 수 있는 가격·거래량·실적·수급 정보가 없다."", ""상승과 하락을 가늠할 기술적 지표나 이벤트 정보가 없어 Buy와 Sell 중 어느 쪽도 우위라고 보기 어렵다."", ""주어진 정보만으로는 방향성이 불명확하므로 적극적 중립 판단이 가장 타당하다.""]"
352820,HYBE,2025-06-02,272000,Neutral,50,"[""현재 제공된 데이터가 종목명과 현재가뿐이라 20거래일 방향성을 판단할 수 있는 가격·거래량·실적·수급 정보가 없다."", ""상승과 하락을 가늠할 기술적 지표나 최근 추세가 제시되지 않아 Buy 또는 Sell 근거가 부족하다."", ""제공된 정보만으로는 방향성이 불명확하므로 적극적 판단으로는 Neutral이 가장 적절하다.""]"
352820,HYBE,2025-07-01,313500,Neutral,42,"[""현재 제공된 데이터가 종목명, 현재가, 상장 시장뿐이라 20거래일 방향성을 판단할 수 있는 가격·거래량·실적·수급 정보가 없다."", ""상승과 하락을 가를 기술적 지표나 펀더멘털 근거가 전혀 없어 Buy 또는 Sell을 선택할 만한 객관적 근거가 부족하다."", ""제공 데이터만 기준으로는 방향성이 불명확하므로 적극적 판단으로는 Neutral이 가장 적절하다.""]"
352820,HYBE,2025-08-01,251000,Neutral,46,"[""제공된 정보가 종목명, 현재가, 시장 구분뿐이라 20거래일 방향성을 판단할 수 있는 가격·실적·수급 데이터가 없다."", ""상승과 하락을 가늠할 기술적 지표나 펀더멘털 지표가 전혀 없어 Buy 또는 Sell 근거가 부족하다."", ""브랜드 이미지와 과거 명성은 배제해야 하므로, 현재 제공 데이터만으로는 방향성 우위를 확정할 수 없다.""]"
352820,HYBE,2025-09-01,285000,Neutral,42,"[""제공된 데이터가 종목명과 현재가뿐이라 20거래일 방향성을 판단할 수 있는 가격·거래량·실적·수급 정보가 없다."", ""상승과 하락을 가늠할 기술적 지표나 펀더멘털 지표가 전혀 없어 Buy 또는 Sell 근거를 만들 수 없다."", ""주어진 정보만으로는 방향성이 불명확하므로 적극적 선택은 Neutral이 적절하다.""]"
352820,HYBE,2025-10-01,268000,Neutral,50,"[""제공된 데이터가 종목명, 현재가, 상장 시장뿐이라 20거래일 방향성을 판단할 수 있는 가격·거래량·실적·수급 정보가 없다."", ""상승과 하락을 가늠할 기술적 지표나 펀더멘털 지표가 제시되지 않아 Buy 또는 Sell 근거가 부족하다."", ""주어진 정보만으로는 방향성이 불명확하므로 적극적 판단으로는 Neutral이 가장 적절하다.""]"
352820,HYBE,2025-11-03,342500,Neutral,41,"[""현재 제공된 정보는 종목명, 현재가, 시장 구분뿐이며 20거래일 방향성을 판단할 수 있는 가격 추세·거래량·실적·밸류에이션 데이터가 없다."", ""상승과 하락을 가를 수 있는 기술적 지표나 수급 정보가 전혀 없어 Buy 또는 Sell을 지지할 근거가 부족하다."", ""제공된 데이터만으로는 향후 20거래일 내 주가의 우위 방향을 확신할 수 없으므로 Neutral이 가장 적절하다.""]"
352820,HYBE,2025-12-01,292000,Neutral,42,"[""현재 제공된 정보는 종목명, 현재가, 상장 시장뿐이며 20거래일 방향성을 판단할 수 있는 가격 추세·거래량·실적·밸류에이션 데이터가 없다."", ""상승과 하락을 가늠할 수 있는 기술적 지표나 수급 정보가 전혀 없어 Buy 또는 Sell을 지지할 근거가 부족하다."", ""제공 데이터만으로는 방향성이 불명확하므로 적극적 판단으로는 Neutral이 가장 적절하다.""]"
329180,HD현대중공업,2023-01-02,117500,Neutral,42,"[""제공된 데이터가 종목명과 현재가뿐이라 20거래일 방향성을 판단할 수 있는 추세·실적·수급·밸류에이션 정보가 없다."", ""상승과 하락을 가를 기술적 지표나 최근 가격 흐름이 없어 Buy 또는 Sell을 지지할 근거가 부족하다."", ""주어진 정보만으로는 방향성이 불명확하므로 적극적 판단으로는 Neutral이 가장 적절하다.""]"
329180,HD현대중공업,2023-02-01,111300,Neutral,42,"[""제공된 정보가 종목명과 현재가뿐이라 20거래일 방향성을 판단할 수 있는 가격·거래량·실적·밸류에이션 데이터가 없다."", ""상승과 하락을 가늠할 수 있는 기술적 지표나 수급 정보가 없어 Buy 또는 Sell 근거를 만들 수 없다."", ""브랜드 이미지와 과거 명성을 배제해야 하므로, 현재 제공 데이터만으로는 방향성 확신이 부족해 Neutral이 적절하다.""]"
329180,HD현대중공업,2023-03-02,105900,Neutral,42,"[""제공된 정보가 종목명, 현재가, 시장 구분뿐이라 20거래일 방향성을 판단할 수 있는 가격·거래량·실적·수급 데이터가 없다."", ""상승과 하락을 가늠할 수 있는 기술적 지표나 최근 추세가 제시되지 않아 Buy 또는 Sell 근거가 부족하다."", ""브랜드 이미지나 과거 명성은 배제해야 하므로, 현재 제공 데이터만으로는 방향성 확신이 불가능하다.""]"
329180,HD현대중공업,2023-04-03,100400,Neutral,52,"[""제공된 정보가 종목명, 현재가, 상장 시장뿐이라 20거래일 방향을 판단할 수 있는 가격·거래량·실적·수급 데이터가 없다."", ""상승 또는 하락을 지지하는 기술적 지표나 펀더멘털 지표가 전혀 제시되지 않아 Buy와 Sell 중 우위를 둘 근거가 부족하다."", ""브랜드 이미지·과거 명성은 배제해야 하므로, 현재 제공 데이터만으로는 방향성이 불명확해 Neutral이 가장 적절하다.""]"
329180,HD현대중공업,2023-05-02,110700,Neutral,42,"[""제공된 데이터가 종목명과 현재가뿐이라 20거래일 방향성을 판단할 수 있는 가격 추세, 거래량, 실적, 밸류에이션 정보가 없다."", ""상승과 하락을 가늠할 수 있는 기술적 지표나 수급 데이터가 없어 Buy 또는 Sell을 지지할 근거가 부족하다."", ""주어진 정보만으로는 방향성이 불명확하므로 적극적 판단으로는 Neutral이 가장 적절하다.""]"
329180,HD현대중공업,2023-06-01,116600,Neutral,42,"[""제공된 정보가 종목명, 현재가, 시장 구분뿐이라 20거래일 방향성을 판단할 수 있는 가격·거래량·실적·밸류에이션 데이터가 없다."", ""상승과 하락을 가늠할 수 있는 기술적 지표나 수급 지표가 전혀 없어 Buy 또는 Sell 근거가 부족하다."", ""브랜드 이미지나 과거 명성은 배제해야 하므로, 현재 제공 데이터만으로는 방향성 확신이 불가능해 Neutral이 적절하다.""]"
329180,HD현대중공업,2023-07-03,131600,Neutral,42,"[""제공된 데이터가 종목명과 현재가뿐이라 20거래일 방향성을 판단할 수 있는 가격·거래량·실적·수급 근거가 없습니다."", ""상승과 하락 중 어느 쪽도 우위를 보이는 정량 지표가 없어 Buy 또는 Sell을 선택할 근거가 부족합니다."", ""주어진 정보만으로는 향후 변동성이나 추세를 추정할 수 없으므로 방향성 확신이 낮아 Neutral이 적절합니다.""]"
329180,HD현대중공업,2023-08-01,139300,Neutral,42,"[""제공된 정보가 종목명과 현재가뿐이라 20거래일 방향성을 판단할 수 있는 가격 추세, 거래량, 실적, 수급 데이터가 없다."", ""상승과 하락을 가늠할 수 있는 기술적 지표나 이벤트 정보가 전혀 없어 Buy 또는 Sell 근거가 부족하다."", ""브랜드·인지도·과거 명성은 배제해야 하므로, 현재 제공 데이터만으로는 방향성 확신이 불가능하다.""]"
329180,HD현대중공업,2023-09-01,128000,Neutral,42,"[""제공된 정보가 종목명, 현재가, 시장 구분뿐이라 20거래일 방향성을 판단할 수 있는 가격·거래량·실적·수급 데이터가 없다."", ""상승과 하락을 가늠할 수 있는 기술적 지표나 밸류에이션, 이벤트 정보가 전혀 없어 Buy 또는 Sell 근거가 부족하다."", ""주어진 데이터만으로는 방향성이 불명확하므로 적극적 판단으로는 Neutral이 가장 적절하다.""]"
329180,HD현대중공업,2023-10-04,116500,Neutral,42,"[""제공된 데이터가 종목명과 현재가뿐이라 20거래일 방향을 판단할 수 있는 가격·거래량·실적·수급 정보가 없다."", ""상승과 하락을 가늠할 기술적 지표나 펀더멘털 지표가 전혀 없어 Buy 또는 Sell 근거를 만들 수 없다."", ""주어진 정보만으로는 방향성이 불명확하므로 적극적 판단으로는 Neutral이 가장 적절하다.""]"
329180,HD현대중공업,2023-11-01,102800,Neutral,42,"[""제공된 정보가 종목명, 현재가, 시장 구분뿐이라 20거래일 방향성을 판단할 수 있는 가격·거래량·실적·수급 데이터가 없다."", ""상승과 하락을 가늠할 수 있는 기술적 지표나 펀더멘털 지표가 전혀 없어 Buy 또는 Sell 근거가 부족하다."", ""주어진 데이터만으로는 방향성이 불명확하므로 적극적 판단으로는 Neutral이 가장 적절하다.""]"
329180,HD현대중공업,2023-12-01,128900,Neutral,42,"[""제공된 정보가 현재가와 종목명뿐이라 20거래일 방향성을 판단할 수 있는 추세·실적·밸류에이션·수급 데이터가 없다."", ""상승과 하락을 가를 기술적 지표나 거래량, 변동성, 시장 대비 상대강도 정보가 없어 매수·매도 우위를 정하기 어렵다."", ""브랜드 이미지나 과거 명성은 배제해야 하므로, 현재 제공 데이터만으로는 적극적 Buy 또는 Sell 근거가 부족하다.""]"
329180,HD현대중공업,2024-01-02,127000,Neutral,42,"[""제공된 정보가 종목명, 현재가, 시장 구분뿐이라 20거래일 방향성을 판단할 수 있는 가격·거래량·실적·수급 데이터가 없다."", ""상승과 하락을 비교할 수 있는 기술적 지표나 최근 추세가 없어 Buy 또는 Sell 근거를 만들 수 없다."", ""주어진 데이터만으로는 방향성이 불명확하므로 적극적 판단은 Neutral이 적절하다.""]"
329180,HD현대중공업,2024-02-01,112800,Neutral,42,"[""현재가 112,800원만으로는 향후 20거래일 방향을 판단할 수 있는 추세·밸류에이션·실적 데이터가 제공되지 않았습니다."", ""상승 또는 하락을 지지하는 기술적 지표, 거래량, 수급, 실적 모멘텀 정보가 없어 Buy와 Sell 중 우위를 둘 근거가 부족합니다."", ""제공된 데이터가 종목명과 현재가뿐이므로 방향성이 불명확한 상황에 해당해 Neutral이 가장 적절합니다.""]"
329180,HD현대중공업,2024-03-04,113600,Neutral,42,"[""제공된 정보가 종목명, 현재가, 시장 구분뿐이라 20거래일 방향을 판단할 수 있는 가격·거래량·실적·수급 데이터가 없다."", ""상승 또는 하락을 지지하는 정량적 근거가 전혀 없어 Buy와 Sell 중 어느 쪽도 우위라고 보기 어렵다."", ""브랜드 이미지나 과거 명성은 배제해야 하므로, 현재 제공된 데이터만으로는 방향성 확신이 불가능하다.""]"
329180,HD현대중공업,2024-04-01,121300,Neutral,42,"[""제공된 정보가 종목명, 현재가, 시장 구분뿐이라 20거래일 방향성을 판단할 수 있는 가격 추세·거래량·실적·밸류에이션 데이터가 없다."", ""상승과 하락을 가를 수 있는 기술적 지표나 수급 정보가 전혀 없어 Buy 또는 Sell을 지지할 근거가 부족하다."", ""주어진 데이터만으로는 방향성이 불명확하므로 적극적 판단으로는 Neutral이 가장 적절하다.""]"
329180,HD현대중공업,2024-05-02,136200,Neutral,50,"[""현재가 136,200원만 제공되어 추세, 거래량, 변동성, 수급 등 20거래일 방향성을 판단할 핵심 데이터가 부족합니다."", ""제공된 정보에는 실적, 밸류에이션, 업황, 기술적 지표가 없어 상승 또는 하락 근거를 우위로 둘 수 없습니다."", ""브랜드 이미지나 과거 명성은 배제해야 하므로, 현재 주어진 데이터만으로는 Buy와 Sell 중 어느 쪽도 확신하기 어렵습니다.""]"
329180,HD현대중공업,2024-06-03,131800,Neutral,41,"[""제공된 정보가 종목명, 현재가, 시장 구분뿐이라 20거래일 방향성을 판단할 수 있는 가격·거래량·실적·밸류에이션 데이터가 없다."", ""상승과 하락을 가늠할 수 있는 기술적 지표나 수급, 모멘텀 관련 근거가 전혀 제시되지 않았다."", ""브랜드 이미지나 과거 명성은 배제해야 하므로, 현재 제공 데이터만으로는 Buy 또는 Sell을 정당화할 근거가 부족하다.""]"
329180,HD현대중공업,2024-07-01,155100,Neutral,42,"[""제공된 정보가 종목명, 현재가, 시장 구분뿐이라 20거래일 방향성을 판단할 수 있는 가격·거래량·실적·밸류에이션 데이터가 없다."", ""상승과 하락을 가늠할 수 있는 기술적 지표나 수급 정보가 전혀 없어 Buy 또는 Sell 근거를 만들 수 없다."", ""브랜드 이미지와 과거 명성을 배제해야 하므로, 현재 주어진 데이터만으로는 방향성 확신이 불가능해 Neutral이 적절하다.""]"
329180,HD현대중공업,2024-08-01,214000,Neutral,42,"[""현재가 214,000원만으로는 향후 20거래일 방향을 판단할 수 있는 추세·밸류에이션·실적 데이터가 제공되지 않았습니다."", ""상승 또는 하락을 지지하는 기술적 지표, 거래량, 수급, 실적 모멘텀 정보가 없어 Buy와 Sell 중 우위를 둘 근거가 부족합니다."", ""제공된 데이터가 종목명, 현재가, 시장 구분에 한정되어 있어 방향성 확신이 불가능하므로 Neutral이 적절합니다.""]"
329180,HD현대중공업,2024-09-02,185500,Neutral,42,"[""제공된 정보가 종목명과 현재가뿐이라 20거래일 방향성을 판단할 수 있는 가격·거래량·실적·수급 데이터가 없다."", ""상승과 하락을 가늠할 기술적 지표나 밸류에이션, 모멘텀 관련 근거가 전혀 제시되지 않았다."", ""브랜드 이미지나 과거 명성은 배제해야 하므로, 현재 제공 데이터만으로는 Buy 또는 Sell을 선택할 근거가 부족하다.""]"
329180,HD현대중공업,2024-10-02,183100,Neutral,42,"[""제공된 정보가 종목명과 현재가뿐이라 20거래일 방향성을 판단할 수 있는 가격 추세, 거래량, 실적, 밸류에이션 데이터가 없다."", ""상승·하락을 지지하는 기술적 지표나 수급 지표가 전혀 없어 Buy 또는 Sell을 선택할 근거가 부족하다."", ""브랜드 이미지와 과거 명성은 배제해야 하므로, 현재 제공 데이터만으로는 방향성이 불명확해 Neutral이 가장 적절하다.""]"
329180,HD현대중공업,2024-11-01,174200,Neutral,42,"[""제공된 데이터가 종목명과 현재가뿐이라 20거래일 방향성을 판단할 수 있는 추세·실적·수급·밸류에이션 정보가 없다."", ""상승과 하락을 가를 기술적 지표나 거래량, 시장 대비 상대강도 데이터가 없어 Buy 또는 Sell 근거가 부족하다."", ""브랜드·과거 명성을 배제하고 제공 데이터만 사용해야 하므로, 현재 정보만으로는 적극적 방향 판단보다 Neutral이 적절하다.""]"
329180,HD현대중공업,2024-12-02,211000,Neutral,52,"[""제공된 정보가 종목명, 현재가, 시장 구분뿐이라 20거래일 방향을 판단할 수 있는 가격·거래량·실적·수급 데이터가 없다."", ""상승과 하락을 가를 기술적 지표나 펀더멘털 근거가 전혀 없어 Buy 또는 Sell을 단정할 근거가 부족하다."", ""주어진 데이터만 기준으로는 방향성이 불명확하므로 적극적 선택으로서 Neutral이 가장 적절하다.""]"
329180,HD현대중공업,2025-01-02,289000,Neutral,52,"[""제공된 정보가 종목명, 현재가, 시장 구분뿐이라 20거래일 방향성을 판단할 수 있는 가격·거래량·실적·수급 데이터가 없다."", ""상승과 하락을 가늠할 수 있는 기술적 지표나 펀더멘털 근거가 전혀 없어 Buy 또는 Sell을 단정하기 어렵다."", ""주어진 데이터만으로는 방향성이 불명확하므로 적극적 판단으로는 Neutral이 가장 적절하다.""]"
329180,HD현대중공업,2025-02-03,311500,Neutral,42,"[""현재가 311,500원만으로는 향후 20거래일 방향을 판단할 수 있는 추세·밸류에이션·실적 데이터가 제공되지 않았습니다."", ""상승 또는 하락을 지지하는 기술적 지표, 거래량, 수급, 실적 모멘텀 정보가 없어 Buy와 Sell 중 우위를 정하기 어렵습니다."", ""제공된 데이터가 종목명과 현재가뿐이므로 방향성 확신이 부족해 Neutral이 가장 적절합니다.""]"
329180,HD현대중공업,2025-03-04,314500,Neutral,42,"[""제공된 정보가 종목명, 현재가, 시장 구분뿐이라 20거래일 방향성을 판단할 수 있는 가격 추세·실적·밸류에이션·수급 데이터가 없다."", ""상승과 하락을 가늠할 수 있는 기술적 지표나 이벤트 정보가 전혀 없어 Buy 또는 Sell을 정당화할 근거가 부족하다."", ""주어진 데이터만으로는 방향성이 불명확하므로 적극적 선택은 Neutral이 가장 타당하다.""]"
329180,HD현대중공업,2025-04-01,291000,Neutral,41,"[""제공된 정보가 종목명, 현재가, 시장 구분뿐이라 20거래일 방향성을 판단할 수 있는 가격·거래량·실적·밸류에이션 데이터가 없다."", ""상승 또는 하락을 지지하는 기술적 지표나 펀더멘털 근거가 전혀 제시되지 않아 Buy와 Sell 중 우위를 둘 수 없다."", ""브랜드 이미지·과거 명성은 배제해야 하므로, 현재 제공 데이터만으로는 확신 가능한 투자 신호를 만들 수 없다.""]"
329180,HD현대중공업,2025-05-02,408500,Neutral,46,"[""제공된 데이터가 종목명과 현재가뿐이라 20거래일 방향성을 판단할 수 있는 추세·실적·밸류에이션·수급 정보가 없다."", ""상승과 하락을 가를 기술적 지표나 거래량, 시장 대비 상대강도 같은 근거가 전혀 제시되지 않았다."", ""근거가 부족한 상황이므로 Buy나 Sell을 단정하기보다 방향성이 불명확한 Neutral이 적절하다.""]"
329180,HD현대중공업,2025-06-02,428000,Neutral,42,"[""제공된 정보가 종목명, 현재가, 시장 구분뿐이라 20거래일 방향성을 판단할 수 있는 가격·거래량·실적·수급 데이터가 없다."", ""상승과 하락을 가늠할 수 있는 기술적 지표나 펀더멘털 근거가 전혀 없어 Buy 또는 Sell을 선택할 근거가 부족하다."", ""주어진 데이터만으로는 방향성이 불명확하므로 적극적 판단으로는 Neutral이 가장 적절하다.""]"
329180,HD현대중공업,2025-07-01,420500,Neutral,42,"[""현재가 420,500원에 대한 추가 기술적·실적·수급 데이터가 제공되지 않아 20거래일 방향성을 판단할 핵심 근거가 부족합니다."", ""종목명과 시장 정보만으로는 상승 또는 하락 우위를 가를 수 있는 정량 신호가 없으므로 Buy/Sell 중 하나를 선택할 근거가 없습니다."", ""제공된 데이터만을 근거로 해야 하므로, 방향성이 불명확한 상황에 해당하는 Neutral이 가장 적절합니다.""]"
329180,HD현대중공업,2025-08-01,476500,Neutral,42,"[""제공된 정보가 종목명과 현재가뿐이라 20거래일 방향성을 판단할 수 있는 가격 추세, 거래량, 실적, 밸류에이션 데이터가 없다."", ""상승과 하락을 가늠할 수 있는 기술적 지표나 수급 지표가 전혀 없어 Buy 또는 Sell을 지지할 근거가 부족하다."", ""주어진 데이터만으로는 방향성이 불명확하므로 적극적 판단으로는 Neutral이 가장 적절하다.""]"
329180,HD현대중공업,2025-09-01,510000,Neutral,42,"[""제공된 종목 정보에는 현재가와 시장 구분만 있어 20거래일 방향성을 판단할 수 있는 추세·실적·밸류에이션·수급 데이터가 없다."", ""상승과 하락을 가늠할 기술적 지표나 거래량 정보가 전혀 없어 Buy 또는 Sell을 지지할 근거가 부족하다."", ""주어진 데이터만으로는 방향성이 불명확하므로 적극적 판단으로는 Neutral이 가장 적절하다.""]"
329180,HD현대중공업,2025-10-01,528000,Neutral,42,"[""제공된 정보가 종목명과 현재가뿐이라 20거래일 방향성을 판단할 수 있는 가격 추세, 거래량, 실적, 수급 데이터가 없다."", ""상승과 하락을 가늠할 수 있는 기술적·기본적 근거가 모두 부재해 Buy 또는 Sell을 선택할 만한 우위가 없다."", ""주어진 데이터만으로는 방향성이 불명확하므로 적극적 판단으로는 Neutral이 가장 적절하다.""]"
329180,HD현대중공업,2025-11-03,607000,Neutral,52,"[""제공된 정보가 종목명, 현재가, 시장 구분뿐이라 20거래일 방향성을 판단할 수 있는 가격·거래량·실적·밸류에이션 데이터가 없다."", ""상승과 하락을 가늠할 수 있는 기술적 지표나 수급 지표가 전혀 없어 Buy 또는 Sell 근거가 부족하다."", ""주어진 데이터만으로는 방향성이 불명확하므로 적극적 판단으로는 Neutral이 가장 적절하다.""]"
329180,HD현대중공업,2025-12-01,515000,Neutral,42,"[""제공된 정보가 종목명, 현재가, 시장 구분뿐이라 20거래일 방향을 판단할 수 있는 가격·거래량·실적·수급 데이터가 없다."", ""상승과 하락을 가늠할 기술적 지표나 펀더멘털 근거가 전혀 없어 Buy 또는 Sell을 선택할 만한 우위가 없다."", ""주어진 데이터만으로는 방향성이 불명확하므로 적극적 판단으로는 Neutral이 가장 적절하다.""]"
012450,한화에어로스페이스,2023-01-02,74972,Neutral,50,"[""종목 정보로는 현재가와 시장 구분만 제공되어 있어 20거래일 방향성을 판단할 수 있는 추세·모멘텀·밸류에이션 근거가 부족합니다."", ""상승과 하락을 가늠할 재무, 실적, 수급, 기술적 지표가 전혀 없어 Buy 또는 Sell을 우위로 둘 만한 데이터가 없습니다."", ""제공된 데이터만 근거로 하면 방향성이 불명확하므로 적극적 판단으로는 Neutral이 가장 적절합니다.""]"
012450,한화에어로스페이스,2023-02-01,82307,Neutral,50,"[""현재 제공된 데이터는 종목명, 현재가, 상장 시장뿐이며 20거래일 방향성을 판단할 수 있는 가격 추세·거래량·실적·밸류에이션 정보가 없다."", ""상승과 하락을 가늠할 수 있는 기술적 지표나 수급 데이터가 없어 Buy 또는 Sell을 우위로 둘 근거가 부족하다."", ""제공된 정보만으로는 방향성이 불명확하므로 적극적 판단으로는 Neutral이 가장 적절하다.""]"
012450,한화에어로스페이스,2023-03-02,92595,Neutral,42,"[""현재가 92,595원만으로는 향후 20거래일 방향성을 판단할 수 있는 추세·밸류에이션·수급 데이터가 제공되지 않았습니다."", ""상승 또는 하락을 지지하는 기술적 지표, 실적 추정치, 거래량, 외국인·기관 수급 정보가 없어 Buy/Sell 근거가 모두 부족합니다."", ""제공된 정보가 종목명, 시장, 현재가에 한정되어 있어 방향성 확신이 불가능하므로 Neutral이 가장 적절합니다.""]"
012450,한화에어로스페이스,2023-04-03,104513,Neutral,42,"[""현재가 104,513원만으로는 20거래일 방향성을 판단할 수 있는 추세·밸류에이션·수급 데이터가 제공되지 않았습니다."", ""상승 또는 하락을 지지하는 기술적 지표, 실적 추정치, 거래량, 외국인·기관 수급 정보가 없어 Buy/Sell 근거가 부족합니다."", ""제공된 정보가 종목명, 현재가, 시장 구분에 한정되어 있어 방향성 확신이 불가능하므로 Neutral이 적절합니다.""]"
012450,한화에어로스페이스,2023-05-02,109607,Neutral,50,"[""현재가 109,607원만 제공되어 추세, 거래량, 변동성, 수급 등 20거래일 방향성을 판단할 핵심 데이터가 부족합니다."", ""상승과 하락을 가늠할 수 있는 재무지표, 실적, 밸류에이션, 기술적 지표가 없어 Buy 또는 Sell 근거를 만들 수 없습니다."", ""제공된 정보만으로는 방향성이 불명확하므로 적극적 판단으로는 Neutral이 가장 적절합니다.""]"
012450,한화에어로스페이스,2023-06-01,110015,Neutral,42,"[""제공된 정보가 종목명, 현재가, 시장 구분뿐이라 20거래일 방향을 판단할 수 있는 가격·거래량·실적·수급 데이터가 없다."", ""상승과 하락을 가늠할 수 있는 기술적 지표나 펀더멘털 지표가 전혀 없어 Buy 또는 Sell 근거를 만들 수 없다."", ""주어진 데이터만으로는 방향성이 불명확하므로 적극적 판단으로는 Neutral이 가장 적절하다.""]"
012450,한화에어로스페이스,2023-07-03,132527,Neutral,42,"[""현재가 132,527원만 제공되어 추세, 밸류에이션, 실적, 수급 등 20거래일 방향 판단에 필요한 핵심 데이터가 없어 상승·하락 우위를 정하기 어렵습니다."", ""제공된 정보에는 최근 가격 흐름이나 거래량이 없어 단기 모멘텀의 존재 여부를 확인할 수 없습니다."", ""종목명과 시장 정보 외에 비교 가능한 정량 지표가 없으므로 Buy 또는 Sell을 단정할 근거가 부족합니다.""]"
012450,한화에어로스페이스,2023-08-01,123766,Neutral,42,"[""현재가 정보만 제공되어 20거래일 내 상승·하락을 판단할 수 있는 추세, 모멘텀, 밸류에이션 근거가 부족합니다."", ""거래량, 실적, 수급, 기술적 지표 등 방향성을 지지하는 추가 데이터가 없어 Buy 또는 Sell을 단정하기 어렵습니다."", ""제공된 데이터만으로는 상승과 하락 어느 쪽도 우위라고 보기 어려워 Neutral이 가장 적절합니다.""]"
012450,한화에어로스페이스,2023-09-01,116737,Neutral,42,"[""제공된 정보가 종목명, 현재가, 시장 구분뿐이라 20거래일 방향성을 판단할 수 있는 가격·거래량·실적·수급 데이터가 없다."", ""상승과 하락을 가늠할 수 있는 기술적 지표나 펀더멘털 지표가 전혀 없어 Buy 또는 Sell 근거가 부족하다."", ""주어진 데이터만으로는 방향성이 불명확하므로 적극적 판단으로는 Neutral이 가장 적절하다.""]"
012450,한화에어로스페이스,2023-10-04,104107,Neutral,50,"[""현재가 104,107원만 제공되어 추세, 거래량, 변동성, 수급 등 20거래일 방향성을 판단할 핵심 데이터가 부족합니다."", ""상승과 하락을 가늠할 수 있는 기술적·재무적 지표가 없어 Buy 또는 Sell을 우선 선택할 근거가 없습니다."", ""제공된 정보만으로는 향후 20거래일 내 주가 방향성을 확신할 수 없어 Neutral이 가장 적절합니다.""]"
012450,한화에어로스페이스,2023-11-01,115617,Neutral,50,"[""종목 정보로는 현재가와 시장 구분만 제공되어 있어 20거래일 방향성을 판단할 수 있는 추세·밸류에이션·실적·수급 데이터가 없습니다."", ""상승과 하락을 가늠할 기술적 지표나 최근 거래량, 변동성 정보가 없어 Buy 또는 Sell을 우위로 둘 근거가 부족합니다."", ""제공된 데이터만 근거로 하면 방향성이 불명확하므로 적극적 판단은 Neutral이 가장 적절합니다.""]"
012450,한화에어로스페이스,2023-12-01,138537,Neutral,41,"[""제공된 정보가 종목명, 현재가, 상장 시장뿐이라 20거래일 방향성을 판단할 수 있는 가격·거래량·실적·밸류에이션 데이터가 없다."", ""상승과 하락을 가늠할 수 있는 기술적 지표나 수급 지표가 전혀 없어 Buy 또는 Sell 근거를 만들 수 없다."", ""주어진 데이터만으로는 방향성이 불명확하므로 적극적 판단으로는 Neutral이 가장 적절하다.""]"
012450,한화에어로스페이스,2024-01-02,132119,Neutral,41,"[""제공된 정보가 종목명과 현재가뿐이라 20거래일 방향성을 판단할 수 있는 가격 추세, 거래량, 실적, 밸류에이션 데이터가 없다."", ""상승과 하락을 가늠할 수 있는 기술적 지표나 수급 정보가 전혀 없어 Buy 또는 Sell을 지지할 근거가 부족하다."", ""주어진 데이터만으로는 방향성이 불명확하므로 적극적 판단으로는 Neutral이 가장 적절하다.""]"
012450,한화에어로스페이스,2024-02-01,135074,Neutral,42,"[""제공된 정보가 종목명, 현재가, 시장 구분뿐이라 20거래일 방향성을 판단할 수 있는 가격 추세·거래량·실적·밸류에이션 데이터가 없다."", ""상승과 하락을 가늠할 수 있는 기술적 지표나 수급 지표가 전혀 없어 Buy 또는 Sell 근거가 부족하다."", ""주어진 데이터만으로는 방향성이 불명확하므로 적극적 판단은 Neutral이 적절하다.""]"
012450,한화에어로스페이스,2024-03-04,191099,Neutral,42,"[""제공된 정보가 종목명, 현재가, 시장 구분뿐이라 20거래일 방향성을 판단할 수 있는 가격·거래량·실적·수급 데이터가 없다."", ""상승과 하락을 가늠할 수 있는 기술적 지표나 펀더멘털 지표가 전혀 없어 Buy 또는 Sell 근거를 만들 수 없다."", ""주어진 데이터만으로는 방향성이 불명확하므로 적극적 판단은 Neutral이 적절하다.""]"
012450,한화에어로스페이스,2024-04-01,212899,Neutral,50,"[""현재가 212,899원만 제공되어 추세, 거래량, 변동성, 수급 등 20거래일 방향성을 판단할 핵심 데이터가 부족합니다."", ""상승·하락을 지지하는 기술적 지표나 실적/밸류에이션 정보가 없어 Buy 또는 Sell을 우선할 근거가 없습니다."", ""제공된 정보만으로는 향후 20거래일 내 주가 방향을 확신할 수 없어 Neutral이 가장 적절합니다.""]"
012450,한화에어로스페이스,2024-05-02,224614,Neutral,42,"[""현재가만 제공되어 추세, 모멘텀, 거래량, 변동성 등 20거래일 방향성을 판단할 핵심 데이터가 부족합니다."", ""기업 실적, 밸류에이션, 수급, 기술적 지표가 없어 상승 또는 하락 근거를 데이터로 검증할 수 없습니다."", ""제공된 정보만으로는 Buy와 Sell 중 어느 쪽도 우세하다고 보기 어려워 방향성 판단을 확신할 수 없습니다.""]"
012450,한화에어로스페이스,2024-06-03,227160,Neutral,42,"[""현재 제공된 정보는 종목명, 현재가, 시장 구분뿐이며 20거래일 방향성을 판단할 수 있는 가격 추세·거래량·실적·밸류에이션 데이터가 없다."", ""상승 또는 하락을 지지하는 정량 지표가 전혀 제시되지 않아 Buy와 Sell 중 어느 쪽도 우세하다고 보기 어렵다."", ""제공 데이터만으로는 방향성 확신이 불가능하므로 적극적 판단으로는 Neutral이 적절하다.""]"
012450,한화에어로스페이스,2024-07-01,248043,Neutral,50,"[""현재가 정보만 제공되어 20거래일 내 상승 또는 하락을 판단할 수 있는 추세·모멘텀·밸류에이션 근거가 부족합니다."", ""거래량, 재무지표, 실적 추정치, 수급, 기술적 지표 등 방향성을 판단할 핵심 데이터가 제시되지 않았습니다."", ""제공된 데이터만으로는 상승과 하락 어느 쪽도 우위라고 볼 수 없어 Neutral이 가장 적절합니다.""]"
012450,한화에어로스페이스,2024-08-01,309163,Neutral,42,"[""현재가 309,163원만으로는 20거래일 내 상승·하락 방향을 판단할 수 있는 추세, 밸류에이션, 실적, 수급 데이터가 제공되지 않았습니다."", ""종목명과 시장 정보(KOSPI) 외에 거래량, 이동평균, 모멘텀, 변동성 등 방향성을 뒷받침할 지표가 없어 Buy 또는 Sell 근거가 부족합니다."", ""제공된 데이터만 근거로 해야 하므로, 상승과 하락 어느 쪽도 우위라고 보기 어려워 Neutral이 가장 적절합니다.""]"
012450,한화에어로스페이스,2024-09-02,295411,Neutral,41,"[""제공된 정보가 종목명, 현재가, 시장 구분뿐이라 20거래일 방향성을 판단할 수 있는 가격·거래량·실적·수급 데이터가 없다."", ""상승 또는 하락을 지지하는 정량적 근거가 전혀 제시되지 않아 Buy와 Sell 중 어느 쪽도 우위라고 보기 어렵다."", ""브랜드 이미지나 과거 명성은 배제해야 하므로, 현재 제공된 데이터만으로는 방향성 확신이 불가능하다.""]"
012450,한화에어로스페이스,2024-10-02,304766,Neutral,50,"[""현재가 304,766원만으로는 향후 20거래일 방향을 판단할 수 있는 추세·밸류에이션·수급 데이터가 제공되지 않았습니다."", ""상승 또는 하락을 지지하는 기술적 지표, 실적 추정치, 거래량 변화, 이벤트 정보가 없어 근거가 균형을 이루기보다 아예 부족합니다."", ""제공된 데이터만을 근거로 해야 하므로 확신 가능한 Buy 또는 Sell 판단이 불가능해 Neutral이 적절합니다.""]"
012450,한화에어로스페이스,2024-11-01,372711,Neutral,42,"[""제공된 정보가 종목명, 현재가, 시장 구분뿐이라 20거래일 방향성을 판단할 수 있는 가격·거래량·실적·밸류에이션 데이터가 없다."", ""상승 또는 하락을 지지하는 기술적 지표나 펀더멘털 지표가 전혀 제시되지 않아 Buy와 Sell 중 어느 쪽도 근거가 부족하다."", ""브랜드 이미지·과거 명성은 배제해야 하므로, 현재 제공 데이터만으로는 방향성 확신이 불가능해 Neutral이 적절하다.""]"
012450,한화에어로스페이스,2024-12-02,316090,Neutral,42,"[""현재 제공된 정보는 종목명, 현재가, 시장 구분뿐이며 20거래일 방향성을 판단할 수 있는 가격 추세·거래량·실적·밸류에이션 데이터가 없다."", ""상승과 하락을 가늠할 수 있는 기술적 지표나 수급 정보가 전혀 없어 Buy 또는 Sell을 정당화할 근거가 부족하다."", ""제공 데이터만으로는 방향성이 불명확하므로, 기준상 소극적 판단이 아닌 Neutral이 적절하다.""]"
012450,한화에어로스페이스,2025-01-02,357940,Neutral,42,"[""제공된 정보가 종목명, 현재가, 시장 구분뿐이라 20거래일 방향성을 판단할 수 있는 가격 추세·거래량·실적·밸류에이션 데이터가 없다."", ""상승과 하락을 가늠할 수 있는 기술적 지표나 수급 지표가 전혀 없어 Buy 또는 Sell 근거를 만들 수 없다."", ""브랜드 이미지나 과거 명성은 배제해야 하므로, 현재 제공 데이터만으로는 방향성이 불명확해 Neutral이 가장 적절하다.""]"
012450,한화에어로스페이스,2025-02-03,386497,Neutral,42,"[""제공된 정보가 종목명과 현재가뿐이라 20거래일 방향을 판단할 수 있는 가격·거래량·실적·수급 데이터가 없다."", ""상승과 하락을 가늠할 수 있는 기술적 지표나 추세 정보가 없어 Buy 또는 Sell 근거가 부족하다."", ""주어진 데이터만으로는 방향성이 불명확하므로 적극적 판단으로는 Neutral이 가장 적절하다.""]"
012450,한화에어로스페이스,2025-03-04,690278,Neutral,42,"[""현재가 690,278원만으로는 20거래일 내 상승·하락 방향을 판단할 수 있는 추세, 밸류에이션, 실적, 수급 데이터가 제공되지 않았습니다."", ""종목명과 시장 정보 외에 기술적 지표나 거래량, 변동성, 모멘텀 관련 데이터가 없어 Buy 또는 Sell 근거를 만들 수 없습니다."", ""제공된 데이터만을 근거로 해야 하므로 방향성이 불명확한 상황에 해당해 Neutral이 가장 적절합니다.""]"
012450,한화에어로스페이스,2025-04-01,662707,Neutral,50,"[""현재가 662,707원만으로는 20거래일 방향성을 판단할 수 있는 추세·밸류에이션·수급 데이터가 제공되지 않았습니다."", ""상승 또는 하락을 지지하는 기술적 지표, 실적 추정치, 거래량 변화 등 핵심 근거가 없어 Buy와 Sell 중 우위를 둘 수 없습니다."", ""제공된 정보가 종목명, 시장, 현재가에 한정되어 있어 방향성 확신이 부족하므로 Neutral이 가장 적절합니다.""]"
012450,한화에어로스페이스,2025-05-02,805489,Neutral,50,"[""현재 제공된 데이터는 종목명, 현재가, 상장 시장뿐이며 20거래일 방향성을 판단할 수 있는 가격 추세·거래량·실적·밸류에이션 정보가 없다."", ""상승과 하락을 가늠할 수 있는 기술적 지표나 수급 데이터가 전혀 없어 Buy 또는 Sell을 우위로 둘 근거가 부족하다."", ""제공된 정보만으로는 방향성이 불명확하므로 적극적 판단으로는 Neutral이 가장 적절하다.""]"
012450,한화에어로스페이스,2025-06-02,835000,Neutral,42,"[""현재가 835,000원만 제공되어 추세, 거래량, 변동성, 수급 등 20거래일 방향성을 판단할 핵심 데이터가 부족합니다."", ""상승·하락을 가늠할 재무지표, 실적 전망, 기술적 지표가 없어 Buy 또는 Sell을 강하게 선택할 근거가 없습니다."", ""제공된 정보만으로는 방향성이 불명확하므로 적극적 판단으로는 Neutral이 가장 적절합니다.""]"
012450,한화에어로스페이스,2025-07-01,839000,Neutral,42,"[""현재가 839,000원만으로는 20거래일 방향성을 판단할 수 있는 추세·모멘텀·밸류에이션 데이터가 제공되지 않았습니다."", ""상승 또는 하락을 지지하는 거래량, 실적, 수급, 기술적 지표가 없어 Buy와 Sell 중 어느 쪽도 우세하다고 보기 어렵습니다."", ""제공된 정보가 종목명, 현재가, 시장 구분에 한정되어 있어 방향성 확신이 불가능하므로 Neutral이 가장 적절합니다.""]"
012450,한화에어로스페이스,2025-08-01,939000,Neutral,42,"[""제공된 정보가 종목명, 현재가, 시장 구분뿐이라 20거래일 방향성을 판단할 수 있는 가격·거래량·실적·밸류에이션 데이터가 없다."", ""상승과 하락을 가늠할 수 있는 기술적 지표나 수급 지표가 전혀 없어 Buy 또는 Sell 근거를 만들 수 없다."", ""주어진 데이터만으로는 방향성이 불명확하므로 적극적 판단으로는 Neutral이 가장 적절하다.""]"
012450,한화에어로스페이스,2025-09-01,916000,Neutral,42,"[""제공된 정보가 종목명, 현재가, 시장 구분뿐이라 20거래일 방향성을 판단할 수 있는 가격·거래량·실적·수급 데이터가 없다."", ""상승과 하락을 가를 기술적 지표나 펀더멘털 근거가 전혀 없어 Buy 또는 Sell을 선택할 만한 우위가 확인되지 않는다."", ""주어진 데이터만으로는 방향성이 불명확하므로 적극적 중립 판단이 가장 적절하다.""]"
012450,한화에어로스페이스,2025-10-01,1099000,Neutral,50,"[""현재가 1,099,000원만 제시되어 있어 추세, 변동성, 거래량, 수급 등 20거래일 방향성을 판단할 핵심 데이터가 부족합니다."", ""기업 실적, 밸류에이션, 기술적 지표, 시장 대비 상대강도 정보가 없어 상승 또는 하락 근거를 데이터로 확인할 수 없습니다."", ""제공된 정보만으로는 Buy와 Sell 중 어느 쪽도 우위라고 보기 어려워 방향성 불명확에 해당하는 Neutral이 적절합니다.""]"
012450,한화에어로스페이스,2025-11-03,1042000,Neutral,0,"[""판단에 필요한 재무·실적·수급·기술적 데이터가 제공되지 않아 20거래일 방향성을 근거 있게 추정할 수 없습니다."", ""현재가와 종목명 외에는 상승 또는 하락을 지지하는 정량 정보가 없어 Buy와 Sell 중 어느 쪽도 우위라고 보기 어렵습니다."", ""제공된 데이터만을 근거로 해야 하므로 불확실성이 매우 높아 Neutral이 가장 적절합니다.""]"
012450,한화에어로스페이스,2025-12-01,813000,Neutral,50,"[""현재가 813,000원만 제공되어 추세, 거래량, 변동성, 수급 등 20거래일 방향성을 판단할 핵심 데이터가 부족합니다."", ""제공된 정보에는 실적, 밸류에이션, 기술적 지표가 없어 상승 또는 하락 근거를 데이터로 확인할 수 없습니다."", ""브랜드 이미지·과거 명성은 배제해야 하므로, 현재 주어진 데이터만으로는 Buy나 Sell을 정당화하기 어렵습니다.""]"
259960,크래프톤,2023-01-02,164000,Neutral,42,"[""현재가 164,000원만으로는 향후 20거래일 방향을 판단할 수 있는 추세·모멘텀·밸류에이션 데이터가 제공되지 않았습니다."", ""상승과 하락을 가를 수 있는 거래량, 실적 추정치, 수급, 기술적 지표 등 핵심 근거가 없어 Buy 또는 Sell을 단정하기 어렵습니다."", ""제공된 정보가 종목명, 시장, 현재가에 한정되어 있어 방향성 확신이 부족하므로 Neutral이 가장 적절합니다.""]"
259960,크래프톤,2023-02-01,181000,Neutral,50,"[""제공된 데이터가 종목명, 현재가, 상장 시장뿐이라 20거래일 방향성을 판단할 수 있는 가격·실적·수급 정보가 없다."", ""상승 또는 하락을 지지하는 기술적 지표, 거래량, 밸류에이션, 실적 추정치가 제시되지 않아 Buy/Sell 근거가 부족하다."", ""브랜드 이미지와 과거 명성을 배제하고 제공 데이터만 사용해야 하므로, 현재 정보만으로는 방향성이 불명확해 Neutral이 적절하다.""]"
259960,크래프톤,2023-03-02,169000,Neutral,50,"[""현재가 169,000원만 제공되어 추세, 변동성, 거래량, 수급 등 20거래일 방향성을 판단할 핵심 데이터가 부족합니다."", ""기업의 브랜드 이미지나 과거 명성은 배제해야 하므로, 제공된 정보만으로는 상승·하락 어느 쪽의 우위도 확인할 수 없습니다."", ""KOSPI 상장 정보 외에 재무, 실적, 기술적 지표가 없어 Buy 또는 Sell을 선택할 근거가 충분하지 않습니다.""]"
259960,크래프톤,2023-04-03,182800,Neutral,42,"[""현재 제공된 정보는 종목명, 현재가, 상장 시장뿐이며 20거래일 방향성을 판단할 수 있는 재무·실적·밸류에이션·수급·기술적 지표가 없다."", ""상승과 하락을 지지하는 정량 데이터가 전혀 없어 Buy 또는 Sell 중 하나를 선택할 근거가 부족하다."", ""제공된 데이터만을 근거로 해야 하므로, 방향성이 불명확한 상황에 해당하는 Neutral이 가장 적절하다.""]"
259960,크래프톤,2023-05-02,193600,Neutral,50,"[""현재가 193,600원만으로는 향후 20거래일 방향을 판단할 수 있는 추세·모멘텀·밸류에이션 정보가 제공되지 않았습니다."", ""상장 시장이 KOSPI라는 정보 외에 거래량, 수급, 실적, 기술적 지표가 없어 상승 또는 하락 근거를 우열로 가르기 어렵습니다."", ""제공된 데이터만을 근거로 해야 하므로, 방향성이 불명확한 상황에 해당해 Neutral이 가장 적절합니다.""]"
259960,크래프톤,2023-06-01,189400,Neutral,50,"[""현재가 189,400원에 대한 추가 기술적·수급·실적 데이터가 제공되지 않아 향후 20거래일 방향성을 판단할 근거가 부족합니다."", ""종목명과 시장 정보만으로는 상승·하락 우위를 가를 수 있는 정량적 신호가 없으므로 Buy 또는 Sell을 단정하기 어렵습니다."", ""제공된 데이터만을 근거로 해야 하므로, 방향성이 불명확한 상황에 해당해 Neutral이 가장 적절합니다.""]"
259960,크래프톤,2023-07-03,194500,Neutral,42,"[""제공된 데이터가 종목명, 현재가, 시장 정보뿐이라 20거래일 방향성을 판단할 수 있는 가격·거래량·실적·수급 근거가 없다."", ""상승과 하락을 가를 수 있는 기술적 지표나 펀더멘털 지표가 전혀 없어 Buy 또는 Sell을 정당화하기 어렵다."", ""주어진 정보만으로는 방향성이 불명확하므로 적극적 선택으로서 Neutral이 가장 적절하다.""]"
259960,크래프톤,2023-08-01,178100,Neutral,42,"[""제공된 데이터가 종목명, 현재가, 시장 정보뿐이라 20거래일 방향성을 판단할 수 있는 추세·실적·수급·밸류에이션 근거가 없다."", ""상승과 하락을 가를 기술적 지표나 거래량, 최근 변동성 정보가 없어 Buy 또는 Sell을 지지할 객관적 신호가 없다."", ""브랜드 이미지나 과거 명성은 배제해야 하므로, 현재 제공 정보만으로는 방향성이 불명확해 Neutral이 가장 적절하다.""]"
259960,크래프톤,2023-09-01,155500,Neutral,42,"[""현재가 155,500원만으로는 20거래일 내 상승·하락 방향을 판단할 수 있는 추세, 밸류에이션, 실적, 수급 데이터가 제공되지 않았습니다."", ""종목명과 시장 정보 외에 기술적 지표나 거래량, 이동평균, 모멘텀 관련 데이터가 없어 단기 방향성 근거가 부족합니다."", ""제공된 데이터만을 근거로 해야 하므로 상승과 하락 중 어느 쪽도 우위라고 확정하기 어려워 Neutral이 적절합니다.""]"
259960,크래프톤,2023-10-04,146500,Neutral,42,"[""제공된 정보가 종목명, 현재가, 상장 시장뿐이라 20거래일 방향성을 판단할 수 있는 가격·실적·수급 데이터가 없다."", ""상승 또는 하락을 지지하는 기술적 지표, 거래량, 추세, 밸류에이션 정보가 전혀 없어 Buy와 Sell 중 우위를 둘 근거가 부족하다."", ""브랜드 이미지와 과거 명성은 배제해야 하므로, 현재 제공 데이터만으로는 방향성이 불명확해 Neutral이 가장 적절하다.""]"
259960,크래프톤,2023-11-01,166000,Neutral,42,"[""현재가 166,000원만으로는 20거래일 내 상승·하락 방향을 판단할 수 있는 추세 정보가 제공되지 않았습니다."", ""재무, 실적, 수급, 밸류에이션, 기술적 지표 등 방향성을 뒷받침할 추가 데이터가 없어 Buy 또는 Sell 근거가 부족합니다."", ""제공된 정보가 종목명·시장·현재가에 한정되어 있어 상승과 하락 가능성을 대등하게 볼 수밖에 없습니다.""]"
259960,크래프톤,2023-12-01,217500,Neutral,50,"[""제공된 데이터가 종목명, 현재가, 상장 시장뿐이라 20거래일 방향성을 판단할 수 있는 가격·거래량·실적·수급 정보가 없다."", ""상승과 하락을 가를 기술적 지표나 펀더멘털 근거가 전혀 없어 Buy 또는 Sell을 선택할 만한 우위가 없다."", ""주어진 정보만으로는 방향성이 불명확하므로 적극적 중립 판단이 가장 적절하다.""]"
259960,크래프톤,2024-01-02,195800,Neutral,42,"[""현재가 195,800원만으로는 20거래일 방향성을 판단할 수 있는 추세·모멘텀 정보가 제공되지 않았습니다."", ""매출, 이익, 밸류에이션, 수급, 거래량, 기술적 지표 등 상승·하락 판단에 필요한 핵심 데이터가 없어 근거가 부족합니다."", ""제공된 정보가 종목명, 시장, 현재가에 한정되어 있어 상승과 하락 어느 쪽도 우위라고 확신할 수 없습니다.""]"
259960,크래프톤,2024-02-01,214000,Neutral,42,"[""현재가 214,000원만으로는 20거래일 내 상승·하락 방향을 판단할 수 있는 추세 정보가 제공되지 않았습니다."", ""재무, 실적, 수급, 밸류에이션, 기술적 지표 등 방향성을 뒷받침할 추가 데이터가 없어 Buy 또는 Sell 근거가 부족합니다."", ""제공된 정보가 종목명, 현재가, 시장 구분에 한정되어 있어 방향성 확신이 불가능하므로 Neutral이 적절합니다.""]"
259960,크래프톤,2024-03-04,217500,Neutral,42,"[""현재가 217,500원만으로는 20거래일 내 상승·하락 방향을 판단할 수 있는 추세 정보가 제공되지 않았습니다."", ""재무, 실적, 수급, 밸류에이션, 기술적 지표 등 방향성을 뒷받침할 추가 데이터가 없어 Buy 또는 Sell 근거가 부족합니다."", ""제공된 정보가 종목명·시장·현재가에 한정되어 있어 상승과 하락 가능성을 균형 있게 배제할 수 없으므로 Neutral이 적절합니다.""]"
259960,크래프톤,2024-04-01,250500,Neutral,42,"[""현재가 250,500원만으로는 20거래일 방향성을 판단할 수 있는 추세·모멘텀·밸류에이션 데이터가 제공되지 않았습니다."", ""상장 시장이 KOSPI라는 정보 외에 거래량, 실적, 수급, 기술적 지표가 없어 상승 또는 하락 근거를 우세하게 만들 수 없습니다."", ""제공된 데이터만 근거로 해야 하므로, 방향성이 불명확한 상황에 해당해 Buy나 Sell을 선택할 확증이 부족합니다.""]"
259960,크래프톤,2024-05-02,243000,Neutral,42,"[""제공된 정보가 종목명, 현재가, 상장 시장뿐이라 20거래일 방향성을 판단할 수 있는 가격 추세·실적·수급 데이터가 없다."", ""상승과 하락을 가늠할 기술적 지표나 밸류에이션, 거래량, 모멘텀 정보가 없어 Buy 또는 Sell 근거가 부족하다."", ""주어진 데이터만으로는 방향성이 불명확하므로 적극적 판단으로는 Neutral이 가장 적절하다.""]"
259960,크래프톤,2024-06-03,247500,Neutral,42,"[""제공된 데이터가 종목명, 현재가, 시장 정보뿐이라 20거래일 방향성을 판단할 수 있는 가격·실적·수급·밸류에이션 근거가 없다."", ""상승과 하락을 가늠할 기술적 지표나 최근 추세 정보가 없어 Buy 또는 Sell을 지지할 만한 객관적 신호가 없다."", ""브랜드 이미지나 과거 명성은 배제해야 하므로, 현재 제공 정보만으로는 방향성 확신이 불가능해 Neutral이 적절하다.""]"
259960,크래프톤,2024-07-01,273500,Neutral,42,"[""제공된 정보가 종목명, 현재가, 시장 구분뿐이라 20거래일 방향을 판단할 수 있는 가격·실적·수급·밸류에이션 데이터가 없다."", ""상승과 하락을 가를 기술적 지표나 펀더멘털 근거가 전혀 없어 Buy 또는 Sell을 정당화하기 어렵다."", ""주어진 데이터만으로는 방향성이 불명확하므로 적극적 판단으로는 Neutral이 가장 적절하다.""]"
259960,크래프톤,2024-08-01,289500,Neutral,42,"[""현재가 289,500원만으로는 20거래일 내 상승·하락 방향을 판단할 수 있는 추세, 밸류에이션, 실적, 수급 데이터가 제공되지 않았습니다."", ""종목 정보가 크래프톤과 현재가, 시장(KOSPI)뿐이라 모멘텀이나 변동성 우위 여부를 확인할 근거가 없습니다."", ""제공된 데이터만 근거로 해야 하므로 상승과 하락 중 어느 쪽도 우세하다고 결론내릴 수 없어 Neutral이 적절합니다.""]"
259960,크래프톤,2024-09-02,323000,Neutral,50,"[""현재가 323,000원에 대한 추가 기술적·실적·수급 데이터가 제공되지 않아 향후 20거래일 방향성을 우위 있게 판단할 근거가 부족합니다."", ""종목명과 시장 정보만으로는 상승·하락을 가를 수 있는 정량 신호가 없으므로 Buy 또는 Sell을 선택할 만한 근거가 없습니다."", ""제공된 데이터만을 근거로 해야 하므로, 방향성이 불명확한 상황에 해당하는 Neutral이 가장 적절합니다.""]"
259960,크래프톤,2024-10-02,338000,Neutral,52,"[""제공된 데이터가 종목명, 현재가, 상장 시장뿐이라 20거래일 내 상승·하락을 판단할 수 있는 재무, 수급, 기술적 지표가 없다."", ""현재가 338,000원이라는 가격 정보만으로는 추세 방향이나 과열·저평가 여부를 확인할 수 없다."", ""상장 시장이 KOSPI라는 사실은 시장 구분 정보일 뿐이며, 향후 주가 방향에 대한 직접적인 근거가 되지 않는다.""]"
259960,크래프톤,2024-11-01,333500,Neutral,42,"[""제공된 정보가 종목명, 현재가, 시장 구분뿐이라 20거래일 방향성을 판단할 수 있는 가격·실적·수급 데이터가 없다."", ""상승과 하락을 가늠할 기술적 지표, 밸류에이션, 실적 추정치, 거래량 추세가 전혀 제시되지 않았다."", ""근거가 부족한 상황이므로 Buy나 Sell을 단정하기보다 방향성 불명확에 해당하는 Neutral이 적절하다.""]"
259960,크래프톤,2024-12-02,327500,Neutral,52,"[""제공된 정보가 종목명, 현재가, 상장 시장뿐이라 20거래일 방향을 판단할 수 있는 가격·거래량·실적·수급 데이터가 없다."", ""상승과 하락을 가를 기술적 지표나 펀더멘털 근거가 전혀 없어 Buy 또는 Sell을 단정할 수 없다."", ""주어진 데이터만으로는 방향성이 불명확하므로 적극적 중립 판단이 가장 타당하다.""]"
259960,크래프톤,2025-01-02,316500,Neutral,50,"[""현재가 316,500원만으로는 향후 20거래일 방향을 판단할 수 있는 추세·밸류에이션·실적 데이터가 제공되지 않았습니다."", ""상승 또는 하락을 지지하는 기술적 지표, 수급, 거래량, 실적 모멘텀 정보가 없어 Buy/Sell 근거가 모두 부족합니다."", ""제공된 데이터가 종목명, 현재가, 상장 시장에 한정되어 있어 방향성 확신이 불가능하므로 Neutral이 가장 적절합니다.""]"
259960,크래프톤,2025-02-03,360000,Neutral,42,"[""제공된 정보가 종목명, 현재가, 상장 시장뿐이라 20거래일 방향성을 판단할 수 있는 가격 추세·실적·수급 데이터가 없다."", ""상승 또는 하락을 지지하는 기술적 지표, 밸류에이션, 거래량, 모멘텀 정보가 전혀 없어 Buy와 Sell 중 우위를 둘 근거가 부족하다."", ""브랜드 이미지나 과거 명성은 배제해야 하므로, 현재 제공 데이터만으로는 방향성이 불명확해 Neutral이 가장 적절하다.""]"
259960,크래프톤,2025-03-04,334000,Neutral,42,"[""현재가 334,000원만 제공되어 추세, 거래량, 변동성, 수급 등 20거래일 방향성을 판단할 핵심 데이터가 부족합니다."", ""제공된 정보에는 실적, 밸류에이션, 기술적 지표, 시장 대비 상대강도 같은 상승·하락 근거가 없어 Buy 또는 Sell을 정당화하기 어렵습니다."", ""브랜드 이미지나 과거 명성은 배제해야 하므로, 현재 주어진 데이터만으로는 방향성을 확신할 수 없어 Neutral이 가장 적절합니다.""]"
259960,크래프톤,2025-04-01,340000,Neutral,42,"[""제공된 정보가 종목명, 현재가, 상장 시장뿐이라 20거래일 방향성을 판단할 수 있는 가격 추세·실적·수급 데이터가 없다."", ""상승 또는 하락을 지지하는 기술적 지표, 밸류에이션, 거래량, 모멘텀 정보가 전혀 없어 Buy와 Sell 중 우위를 둘 근거가 부족하다."", ""브랜드 이미지나 과거 명성은 배제해야 하므로, 현재 제공 데이터만으로는 방향성이 불명확해 Neutral이 가장 적절하다.""]"
259960,크래프톤,2025-05-02,385000,Neutral,42,"[""제공된 정보가 종목명, 현재가, 상장 시장뿐이라 20거래일 방향성을 판단할 수 있는 가격·실적·수급·기술적 데이터가 없다."", ""상승과 하락을 가를 근거가 모두 부재하므로 Buy 또는 Sell을 선택할 만큼의 확신이 없다."", ""브랜드 이미지나 과거 명성은 배제해야 하므로, 현재 주어진 데이터만으로는 중립 판단이 가장 타당하다.""]"
259960,크래프톤,2025-06-02,368000,Neutral,50,"[""현재 제공된 정보는 종목명, 현재가, 상장 시장뿐이며 20거래일 방향성을 판단할 수 있는 실적, 수급, 밸류에이션, 기술적 지표가 없다."", ""상승과 하락을 가늠할 수 있는 정량 데이터가 전혀 없어 Buy 또는 Sell을 우세하게 선택할 근거가 부족하다."", ""제공된 데이터만을 근거로 해야 하므로 방향성이 불명확한 상황에 해당해 Neutral이 가장 적절하다.""]"
259960,크래프톤,2025-07-01,362000,Neutral,42,"[""현재가 362,000원만으로는 20거래일 내 상승·하락 방향을 판단할 수 있는 추세, 밸류에이션, 실적, 수급 데이터가 제공되지 않았습니다."", ""판단 기준상 Buy/Sell은 향후 주가 방향에 대한 근거가 필요하지만, 제공된 정보에는 이를 지지할 기술적·펀더멘털 지표가 없습니다."", ""브랜드 이미지나 과거 명성은 배제해야 하므로 종목명과 시장 정보만으로는 방향성을 확신할 수 없어 Neutral이 적절합니다.""]"
259960,크래프톤,2025-08-01,315500,Neutral,42,"[""제공된 데이터가 종목명과 현재가뿐이라 20거래일 방향성을 판단할 수 있는 추세·실적·밸류에이션·수급 정보가 없다."", ""상승과 하락을 가를 기술적 지표나 최근 가격 흐름이 없어 Buy 또는 Sell 근거를 만들 수 없다."", ""주어진 정보만으로는 방향성이 불명확하므로 적극적 판단은 Neutral이 적절하다.""]"
259960,크래프톤,2025-09-01,331000,Neutral,50,"[""현재 제공된 정보는 종목명, 현재가, 상장 시장뿐이며 20거래일 방향성을 판단할 수 있는 재무·실적·수급·기술적 지표가 없다."", ""상승과 하락을 가늠할 수 있는 비교 기준 데이터가 전혀 없어 Buy 또는 Sell을 정당화할 근거가 부족하다."", ""제공된 데이터만을 근거로 할 때 방향성의 우열을 확정할 수 없으므로 Neutral이 가장 적절하다.""]"
259960,크래프톤,2025-10-01,298500,Neutral,41,"[""현재가 298,500원만으로는 향후 20거래일 방향을 판단할 수 있는 추세·모멘텀·밸류에이션 정보가 제공되지 않았습니다."", ""상승 또는 하락을 지지하는 재무지표, 실적 추정치, 수급, 기술적 지표가 없어 Buy와 Sell 중 어느 쪽도 우세하다고 보기 어렵습니다."", ""제공된 데이터가 종목명, 현재가, 시장 구분에 한정되어 있어 방향성 확신이 불가능하므로 Neutral이 가장 적절합니다.""]"
259960,크래프톤,2025-11-03,279500,Neutral,42,"[""현재가 279,500원만으로는 향후 20거래일 방향을 판단할 수 있는 추세·모멘텀·밸류에이션 정보가 제공되지 않았습니다."", ""매출, 이익, 가이던스, 수급, 기술적 지표 등 상승 또는 하락 근거가 되는 핵심 데이터가 없어 Buy와 Sell 중 우위를 정하기 어렵습니다."", ""제공된 정보가 종목명, 시장, 현재가에 한정되어 있어 방향성이 불명확하므로 Neutral이 가장 적절합니다.""]"
259960,크래프톤,2025-12-01,252000,Neutral,50,"[""제공된 데이터가 종목명, 현재가, 상장 시장뿐이라 20거래일 방향성을 판단할 수 있는 가격·실적·수급 정보가 없다."", ""상승 또는 하락을 지지하는 기술적 지표, 밸류에이션, 실적 추정치, 거래량 데이터가 전혀 없어 Buy/Sell 근거가 부족하다."", ""브랜드 이미지와 과거 명성을 배제해야 하므로, 현재 제공 정보만으로는 방향성이 불명확해 Neutral이 적절하다.""]"
247540,에코프로비엠,2023-01-02,93400,Neutral,42,"[""제공된 정보가 종목명, 현재가, 시장 구분뿐이라 20거래일 방향성을 판단할 수 있는 가격·거래량·실적·수급 데이터가 없다."", ""상승과 하락을 비교할 수 있는 기술적 지표나 펀더멘털 근거가 전혀 없어 Buy 또는 Sell을 선택할 근거가 부족하다."", ""주어진 데이터만으로는 방향성이 불명확하므로 적극적 판단으로는 Neutral이 가장 적절하다.""]"
247540,에코프로비엠,2023-02-01,109200,Neutral,42,"[""제공된 정보가 종목명, 현재가, 시장 구분뿐이라 20거래일 방향성을 판단할 수 있는 가격·거래량·실적·수급 데이터가 없다."", ""상승과 하락을 가늠할 수 있는 기술적 지표나 펀더멘털 지표가 전혀 없어 Buy 또는 Sell 근거가 부족하다."", ""주어진 데이터만으로는 방향성이 불명확하므로 적극적 판단으로는 Neutral이 가장 적절하다.""]"
247540,에코프로비엠,2023-03-02,159700,Neutral,42,"[""제공된 정보가 종목명, 현재가, 시장 구분뿐이라 20거래일 방향성을 판단할 수 있는 가격·거래량·실적·수급 데이터가 없다."", ""상승과 하락을 가늠할 기술적 지표나 펀더멘털 지표가 전혀 없어 Buy 또는 Sell을 지지할 근거가 부족하다."", ""주어진 데이터만으로는 방향성이 불명확하므로 적극적 판단으로는 Neutral이 가장 적절하다.""]"
247540,에코프로비엠,2023-04-03,232000,Neutral,42,"[""제공된 정보가 종목명, 현재가, 시장 구분뿐이라 20거래일 방향을 판단할 수 있는 가격·거래량·실적·수급 데이터가 없다."", ""상승과 하락을 가를 기술적 또는 펀더멘털 근거가 전혀 제시되지 않아 Buy와 Sell 중 어느 쪽도 우위라고 보기 어렵다."", ""브랜드 이미지·과거 명성은 배제해야 하므로, 현재 주어진 데이터만으로는 방향성 확신이 불가능해 Neutral이 적절하다.""]"
247540,에코프로비엠,2023-05-02,267000,Neutral,42,"[""제공된 정보가 종목명, 현재가, 시장 구분뿐이라 20거래일 방향성을 판단할 수 있는 가격·거래량·실적·수급 데이터가 없다."", ""상승과 하락을 가늠할 수 있는 기술적 지표나 펀더멘털 근거가 전혀 없어 Buy 또는 Sell을 선택할 근거가 부족하다."", ""주어진 데이터만 기준으로는 방향성이 불명확하므로 적극적 판단으로는 Neutral이 가장 적절하다.""]"
247540,에코프로비엠,2023-06-01,249500,Neutral,42,"[""제공된 정보가 종목명, 현재가, 시장 구분뿐이라 20거래일 방향성을 판단할 수 있는 가격·거래량·실적·수급 데이터가 없다."", ""상승과 하락을 가늠할 기술적 지표나 펀더멘털 지표가 전혀 없어 Buy 또는 Sell을 지지할 근거가 부족하다."", ""주어진 데이터만으로는 방향성이 불명확하므로 적극적 판단으로는 Neutral이 가장 적절하다.""]"
247540,에코프로비엠,2023-07-03,263500,Neutral,42,"[""제공된 정보가 종목명, 현재가, 시장 구분뿐이라 20거래일 방향을 판단할 수 있는 가격·실적·수급·기술적 지표가 없다."", ""상승 또는 하락을 지지하는 정량 데이터가 전혀 없어 Buy와 Sell 중 어느 쪽도 우위라고 볼 근거가 부족하다."", ""브랜드 이미지나 과거 명성은 배제해야 하므로, 현재 주어진 데이터만으로는 방향성 확신이 불가능하다.""]"
247540,에코프로비엠,2023-08-01,408500,Neutral,41,"[""현재가 408,500원만으로는 20거래일 내 방향성을 판단할 수 있는 추세·밸류에이션·실적 데이터가 제공되지 않았습니다."", ""상승 또는 하락을 지지하는 기술적 지표, 거래량, 수급, 실적 모멘텀 정보가 없어 근거가 한쪽으로 기울지 않습니다."", ""제공된 데이터가 종목명, 현재가, 시장 구분에 한정되어 있어 Buy 또는 Sell을 선택할 만큼의 확신을 가질 수 없습니다.""]"
247540,에코프로비엠,2023-09-01,308500,Neutral,42,"[""현재가 308,500원에 대한 추가 기술적·수급·실적 데이터가 제공되지 않아 향후 20거래일 방향성을 판단할 핵심 근거가 부족합니다."", ""종목명과 시장 정보만으로는 상승 또는 하락 우위를 뒷받침할 수 있는 정량적 신호를 확인할 수 없습니다."", ""제공된 데이터만을 근거로 해야 하므로, 확신 가능한 Buy 또는 Sell 판단보다 방향 불명확에 해당하는 Neutral이 적절합니다.""]"
247540,에코프로비엠,2023-10-04,235000,Neutral,42,"[""제공된 정보가 종목명, 현재가, 시장 구분뿐이라 20거래일 방향성을 판단할 수 있는 가격 추세·거래량·실적·밸류에이션 데이터가 없다."", ""상승과 하락을 가늠할 수 있는 기술적 지표나 수급 지표가 전혀 없어 Buy 또는 Sell 근거를 만들 수 없다."", ""브랜드 이미지나 과거 명성은 배제해야 하므로, 현재 제공 데이터만으로는 방향성 확신이 불가능해 Neutral이 적절하다.""]"
247540,에코프로비엠,2023-11-01,188600,Neutral,42,"[""현재가 188,600원에 대한 추가 기술적·실적·수급 데이터가 제공되지 않아 향후 20거래일 방향성을 판단할 근거가 부족합니다."", ""브랜드 이미지나 과거 명성은 배제해야 하므로, 종목명만으로는 상승 또는 하락 우위를 정할 수 없습니다."", ""제공된 정보가 가격 수준 외에 없어 Buy와 Sell 중 어느 쪽도 우세하다고 보기 어려워 Neutral이 적절합니다.""]"
247540,에코프로비엠,2023-12-01,280000,Neutral,42,"[""제공된 종목 정보에는 현재가와 시장 구분만 있고, 20거래일 방향성을 판단할 수 있는 실적·수급·기술적 지표가 없어 상승 또는 하락 근거를 확인할 수 없습니다."", ""브랜드 이미지·과거 명성은 판단에서 배제해야 하므로, 에코프로비엠에 대한 정성적 인식만으로는 Buy 또는 Sell을 정당화할 수 없습니다."", ""주어진 데이터만으로는 기대수익과 하락위험 중 어느 쪽이 우세한지 판별할 수 없어 Neutral이 가장 적절합니다.""]"
247540,에코프로비엠,2024-01-02,283500,Neutral,42,"[""제공된 정보가 종목명, 현재가, 시장 구분뿐이라 20거래일 방향성을 판단할 수 있는 가격 추세·거래량·실적·밸류에이션 데이터가 없다."", ""상승과 하락을 가늠할 수 있는 기술적 지표나 수급 지표가 전혀 없어 Buy 또는 Sell 근거가 부족하다."", ""브랜드 이미지나 과거 명성은 배제해야 하므로, 현재 제공 데이터만으로는 방향성 확신이 불가능해 Neutral이 적절하다.""]"
247540,에코프로비엠,2024-02-01,228000,Neutral,42,"[""현재가 228,000원만으로는 향후 20거래일 방향을 판단할 수 있는 추세·밸류에이션·실적 데이터가 제공되지 않았습니다."", ""상승 또는 하락을 지지하는 기술적 지표, 거래량, 수급, 실적 모멘텀 정보가 없어 Buy와 Sell 중 우위를 둘 근거가 부족합니다."", ""제공된 데이터가 종목명, 시장, 현재가에 한정되어 있어 방향성 확신이 낮으므로 Neutral이 가장 적절합니다.""]"
247540,에코프로비엠,2024-03-04,270000,Neutral,42,"[""현재가 270,000원만으로는 20거래일 내 상승·하락 방향을 판단할 수 있는 추세, 밸류에이션, 실적, 수급 데이터가 제공되지 않았습니다."", ""종목명과 시장 정보 외에 기술적 지표나 거래량, 변동성, 최근 수익률 같은 방향성 판단 근거가 없어 Buy 또는 Sell을 단정하기 어렵습니다."", ""제공된 데이터만을 근거로 해야 하므로 방향성이 불명확한 상황에 해당해 Neutral이 가장 적절합니다.""]"
247540,에코프로비엠,2024-04-01,270500,Neutral,42,"[""제공된 데이터가 종목명, 현재가, 시장 정보뿐이라 20거래일 방향을 판단할 수 있는 가격·거래량·실적·수급 근거가 없습니다."", ""상승과 하락을 가늠할 기술적 지표나 펀더멘털 지표가 전혀 없어 Buy 또는 Sell을 선택할 만한 우위가 없습니다."", ""주어진 정보만으로는 방향성이 불명확하므로 적극적 판단으로는 Neutral이 가장 적절합니다.""]"
247540,에코프로비엠,2024-05-02,233000,Neutral,42,"[""제공된 정보가 종목명, 현재가, 시장 구분뿐이라 20거래일 방향성을 판단할 수 있는 가격·거래량·실적·수급 데이터가 없다."", ""상승과 하락을 가늠할 수 있는 기술적 지표나 펀더멘털 지표가 전혀 없어 Buy 또는 Sell 근거가 부족하다."", ""브랜드 이미지나 과거 명성은 배제해야 하므로, 현재 제공 데이터만으로는 방향성 확신이 불가능해 Neutral이 적절하다.""]"
247540,에코프로비엠,2024-06-03,188000,Neutral,42,"[""현재가 188,000원만으로는 향후 20거래일 방향을 판단할 수 있는 추세·밸류에이션·실적 데이터가 제공되지 않았습니다."", ""상승과 하락을 가를 기술적 지표, 거래량, 수급, 실적 모멘텀 정보가 없어 Buy 또는 Sell 근거가 부족합니다."", ""제공된 정보가 종목명, 시장, 현재가에 한정되어 있어 방향성을 확신할 수 없으므로 Neutral이 적절합니다.""]"
247540,에코프로비엠,2024-07-01,188500,Neutral,42,"[""제공된 정보가 현재가와 종목명뿐이라 20거래일 방향성을 판단할 수 있는 추세·실적·수급·밸류에이션 데이터가 없다."", ""상승과 하락을 가를 기술적 지표나 거래량, 시장 대비 상대강도 정보가 없어 Buy 또는 Sell 근거를 만들 수 없다."", ""브랜드 이미지나 과거 명성은 배제해야 하므로, 현재 제공 데이터만으로는 방향성 확신이 부족해 Neutral이 적절하다.""]"
247540,에코프로비엠,2024-08-01,185100,Neutral,42,"[""제공된 종목 정보에는 현재가와 시장 구분만 있고, 20거래일 방향을 판단할 수 있는 실적·수급·기술적 지표가 없어 상승 또는 하락 근거를 확인할 수 없습니다."", ""브랜드 이미지·과거 명성은 판단에서 배제해야 하므로, 현재 제공된 정보만으로는 Buy나 Sell을 정당화할 만한 객관적 근거가 부족합니다."", ""방향성이 불명확한 상황이므로 적극적 선택으로서 Neutral이 가장 적절합니다.""]"
247540,에코프로비엠,2024-09-02,181800,Neutral,42,"[""제공된 정보가 현재가와 종목명뿐이라 20거래일 방향성을 판단할 수 있는 추세·실적·밸류에이션·수급 데이터가 없다."", ""상승과 하락을 가를 기술적 지표나 거래량, 변동성 정보가 없어 매수·매도 우위를 근거로 제시할 수 없다."", ""브랜드나 과거 명성은 배제해야 하므로, 현재 제공 데이터만으로는 적극적 Buy 또는 Sell 판단이 불가능하다.""]"
247540,에코프로비엠,2024-10-02,190100,Neutral,42,"[""제공된 정보가 종목명, 현재가, 시장 구분뿐이라 20거래일 방향성을 판단할 수 있는 가격·거래량·실적·수급 데이터가 없다."", ""상승과 하락을 가늠할 기술적 지표나 펀더멘털 지표가 전혀 없어 Buy 또는 Sell을 지지할 근거가 부족하다."", ""주어진 데이터만으로는 방향성이 불명확하므로 적극적 선택으로는 Neutral이 가장 적절하다.""]"
247540,에코프로비엠,2024-11-01,169700,Neutral,42,"[""제공된 정보가 종목명, 현재가, 시장 구분뿐이라 20거래일 방향성을 판단할 수 있는 가격 추세·실적·수급 데이터가 없다."", ""상승과 하락을 가늠할 수 있는 기술적 지표나 밸류에이션, 거래량, 이벤트 정보가 없어 Buy 또는 Sell 근거가 부족하다."", ""주어진 데이터만으로는 방향성이 불명확하므로 적극적 판단으로는 Neutral이 가장 적절하다.""]"
247540,에코프로비엠,2024-12-02,137500,Neutral,46,"[""제공된 정보가 종목명, 현재가, 시장 구분뿐이라 20거래일 방향성을 판단할 수 있는 가격 추세·거래량·실적·밸류에이션 데이터가 없다."", ""상승과 하락을 가늠할 수 있는 기술적 지표나 수급 정보가 전혀 없어 Buy 또는 Sell을 정당화할 근거가 부족하다."", ""주어진 데이터만으로는 방향성이 불명확하므로 적극적 판단으로는 Neutral이 가장 적절하다.""]"
247540,에코프로비엠,2025-01-02,105500,Neutral,42,"[""제공된 정보가 종목명, 현재가, 시장 구분뿐이라 20거래일 방향성을 판단할 수 있는 가격·거래량·실적·수급 데이터가 없다."", ""상승과 하락을 가늠할 수 있는 기술적 지표나 펀더멘털 지표가 전혀 없어 Buy 또는 Sell 근거가 부족하다."", ""주어진 데이터만으로는 방향성이 불명확하므로 적극적 선택으로서 Neutral이 가장 적절하다.""]"
247540,에코프로비엠,2025-02-03,119000,Neutral,42,"[""제공된 정보가 종목명, 현재가, 시장 구분뿐이라 20거래일 방향성을 판단할 수 있는 가격·거래량·실적·수급 데이터가 없다."", ""상승과 하락을 가를 기술적 지표나 펀더멘털 근거가 전혀 없어 Buy 또는 Sell을 선택할 만한 객관적 근거가 부족하다."", ""주어진 데이터만으로는 향후 20거래일 내 주가의 방향성을 확신할 수 없으므로 Neutral이 가장 적절하다.""]"
247540,에코프로비엠,2025-03-04,111900,Neutral,42,"[""현재가 111,900원만으로는 향후 20거래일 방향을 판단할 수 있는 추세·모멘텀·밸류에이션 데이터가 제공되지 않았습니다."", ""상장 시장이 KOSDAQ이라는 정보 외에 거래량, 수급, 실적, 기술적 지표가 없어 상승 또는 하락 근거를 우열로 가르기 어렵습니다."", ""제공된 데이터만 근거로 할 때 방향성이 불명확하므로 Buy나 Sell을 단정할 수 없습니다.""]"
247540,에코프로비엠,2025-04-01,95700,Neutral,42,"[""제공된 정보가 종목명, 현재가, 시장 구분뿐이라 20거래일 방향성을 판단할 수 있는 가격·거래량·실적·수급 데이터가 없다."", ""상승과 하락을 가늠할 수 있는 기술적 지표나 펀더멘털 근거가 전혀 제시되지 않아 Buy 또는 Sell을 정당화하기 어렵다."", ""주어진 데이터만으로는 방향성이 불명확하므로 적극적 선택은 Neutral이 적절하다.""]"
247540,에코프로비엠,2025-05-02,104500,Neutral,42,"[""제공된 정보가 종목명, 현재가, 시장 구분뿐이라 20거래일 방향성을 판단할 수 있는 가격 추세·거래량·실적·밸류에이션 데이터가 없다."", ""상승과 하락을 가늠할 수 있는 기술적 지표나 수급 정보가 전혀 없어 Buy 또는 Sell을 지지할 근거가 부족하다."", ""브랜드 이미지·과거 명성은 배제해야 하므로, 현재 제공 데이터만으로는 방향성이 불명확해 Neutral이 가장 적절하다.""]"
247540,에코프로비엠,2025-06-02,89000,Neutral,42,"[""현재가 89,000원만으로는 향후 20거래일 방향을 판단할 수 있는 추세·밸류에이션·실적 데이터가 제공되지 않았습니다."", ""상장 시장이 KOSDAQ이라는 정보 외에 거래량, 수급, 기술적 지표, 실적 모멘텀 등 상승·하락 근거가 없어 방향성 우위를 확인하기 어렵습니다."", ""제공된 데이터만 근거로 해야 하므로, 상승과 하락 중 어느 쪽도 확신할 수 없어 Neutral이 가장 적절합니다.""]"
247540,에코프로비엠,2025-07-01,102000,Neutral,42,"[""제공된 정보가 종목명, 현재가, 시장 구분뿐이라 20거래일 방향성을 판단할 수 있는 가격·거래량·실적·수급 데이터가 없다."", ""상승 또는 하락을 지지하는 기술적 지표나 펀더멘털 지표가 전혀 제시되지 않아 Buy와 Sell 중 우위를 둘 근거가 부족하다."", ""주어진 데이터만으로는 방향성이 불명확하므로 적극적 선택은 Neutral이 가장 타당하다.""]"
247540,에코프로비엠,2025-08-01,107300,Neutral,42,"[""현재가 107,300원만으로는 향후 20거래일 방향을 판단할 수 있는 추세·모멘텀 정보가 제공되지 않았습니다."", ""매출, 이익, 밸류에이션, 수급, 기술적 지표 등 상승 또는 하락 근거가 되는 핵심 데이터가 없어 우위 판단이 어렵습니다."", ""제공된 정보가 종목명, 현재가, 시장 구분에 한정되어 있어 Buy 또는 Sell을 선택할 만큼의 근거가 부족합니다.""]"
247540,에코프로비엠,2025-09-01,119900,Neutral,52,"[""제공된 정보가 종목명, 현재가, 시장 구분뿐이라 20거래일 방향을 판단할 수 있는 가격 추세·거래량·실적·밸류에이션 데이터가 없다."", ""상승과 하락을 가를 수 있는 기술적 지표나 수급 정보가 전혀 없어 Buy 또는 Sell을 강하게 선택할 근거가 부족하다."", ""주어진 데이터만으로는 방향성이 불명확하므로 적극적 판단으로는 Neutral이 가장 타당하다.""]"
247540,에코프로비엠,2025-10-01,112600,Neutral,42,"[""제공된 정보가 현재가와 종목명뿐이라 20거래일 방향성을 판단할 수 있는 가격 추세, 거래량, 실적, 수급 데이터가 없다."", ""상승과 하락을 가늠할 수 있는 기술적 지표나 이벤트 정보가 없어 Buy 또는 Sell을 선택할 근거가 부족하다."", ""브랜드 이미지나 과거 명성은 배제해야 하므로, 현재 제공 데이터만으로는 방향성이 불명확해 Neutral이 적절하다.""]"
247540,에코프로비엠,2025-11-03,164900,Neutral,50,"[""현재가 164,900원만으로는 향후 20거래일 방향을 판단할 수 있는 추세·모멘텀·밸류에이션 정보가 제공되지 않았습니다."", ""상승 또는 하락을 지지하는 거래량, 실적, 수급, 기술적 지표 등 핵심 데이터가 없어 Buy와 Sell 중 우위를 정하기 어렵습니다."", ""제공된 정보가 종목명, 현재가, 시장 구분에 한정되어 있어 방향성 확신이 불가능하므로 Neutral이 가장 적절합니다.""]"
247540,에코프로비엠,2025-12-01,158900,Neutral,42,"[""현재가 158,900원만으로는 향후 20거래일 방향을 판단할 수 있는 추세·밸류에이션·실적 데이터가 제공되지 않았습니다."", ""상장 시장이 KOSDAQ이라는 정보 외에 거래량, 수급, 기술적 지표, 실적 모멘텀 등 상승·하락 근거가 없어 방향성 우위를 확인하기 어렵습니다."", ""제공된 데이터만 근거로 해야 하므로, 상승과 하락 중 어느 쪽도 확신할 수 없어 Neutral이 가장 적절합니다.""]"
196170,알테오젠,2023-01-02,39600,Neutral,42,"[""제공된 데이터가 종목명, 현재가, 상장 시장뿐이라 20거래일 방향성을 판단할 수 있는 가격·거래량·실적·수급 정보가 없다."", ""상승과 하락을 가늠할 기술적 지표나 펀더멘털 지표가 전혀 없어 Buy 또는 Sell 근거를 만들 수 없다."", ""주어진 정보만으로는 방향성이 불명확하므로 적극적 판단으로는 Neutral이 가장 적절하다.""]"
196170,알테오젠,2023-02-01,38050,Neutral,42,"[""제공된 정보가 현재가와 종목명뿐이라 20거래일 방향성을 판단할 수 있는 가격·거래량·실적·수급 데이터가 없다."", ""상승과 하락을 가를 기술적 지표나 펀더멘털 근거가 전혀 없어 Buy 또는 Sell을 정당화하기 어렵다."", ""주어진 데이터만으로는 방향성이 불명확하므로 적극적 판단으로는 Neutral이 가장 적절하다.""]"
196170,알테오젠,2023-03-02,36400,Neutral,41,"[""제공된 정보가 종목명과 현재가뿐이라 20거래일 방향성을 판단할 수 있는 가격 추세, 거래량, 실적, 수급 데이터가 없다."", ""상승과 하락을 가늠할 수 있는 기술적 지표나 이벤트 정보가 없어 Buy 또는 Sell을 지지할 근거가 부족하다."", ""주어진 데이터만으로는 방향성이 불명확하므로 적극적 판단으로는 Neutral이 가장 적절하다.""]"
196170,알테오젠,2023-04-03,39150,Neutral,42,"[""제공된 데이터가 종목명, 현재가, 상장 시장뿐이라 20거래일 방향성을 판단할 수 있는 가격·거래량·실적·수급 정보가 없다."", ""상승과 하락을 가늠할 수 있는 기술적 지표나 펀더멘털 지표가 전혀 없어 Buy 또는 Sell 근거가 부족하다."", ""주어진 정보만으로는 방향성이 불명확하므로 적극적 판단은 Neutral이 가장 적절하다.""]"
196170,알테오젠,2023-05-02,43550,Neutral,50,"[""현재가 43,550원만으로는 20거래일 내 방향성을 판단할 수 있는 추세·모멘텀·밸류에이션 정보가 제공되지 않았습니다."", ""상승 또는 하락을 지지하는 거래량, 실적, 수급, 기술적 지표가 제시되지 않아 Buy와 Sell 중 우위를 둘 근거가 부족합니다."", ""제공된 데이터가 종목명, 현재가, 시장 구분에 한정되어 있어 방향성 확신이 불가능하므로 Neutral이 가장 적절합니다.""]"
196170,알테오젠,2023-06-01,52800,Neutral,42,"[""제공된 정보가 현재가와 종목명뿐이라 20거래일 방향성을 판단할 수 있는 가격·거래량·실적·수급 데이터가 없다."", ""상승과 하락을 가를 기술적 지표나 펀더멘털 근거가 전혀 없어 Buy 또는 Sell을 정당화하기 어렵다."", ""주어진 데이터만으로는 기대수익과 위험의 우열을 확정할 수 없어 Neutral이 가장 적절하다.""]"
196170,알테오젠,2023-07-03,43050,Neutral,42,"[""제공된 정보가 종목명, 현재가, 시장 구분뿐이라 20거래일 방향성을 판단할 수 있는 가격·거래량·실적·수급 데이터가 없다."", ""상승과 하락을 가를 기술적 지표나 펀더멘털 근거가 전혀 없어 Buy 또는 Sell을 정당화하기 어렵다."", ""주어진 데이터만으로는 방향성이 불명확하므로 적극적 판단으로는 Neutral이 가장 적절하다.""]"
196170,알테오젠,2023-08-01,44050,Neutral,41,"[""제공된 데이터가 종목명, 현재가, 상장 시장뿐이라 20거래일 방향성을 판단할 수 있는 가격·거래량·실적·수급 정보가 없다."", ""상승과 하락을 가를 기술적 지표나 펀더멘털 근거가 전혀 없어 Buy 또는 Sell을 정당화하기 어렵다."", ""주어진 정보만으로는 방향성이 불명확하므로 적극적 판단으로는 Neutral이 가장 적절하다.""]"
196170,알테오젠,2023-09-01,43750,Neutral,50,"[""현재가 43,750원만 제공되어 추세, 변동성, 거래량, 수급 등 20거래일 방향성을 판단할 핵심 데이터가 없다."", ""상승·하락을 지지하는 기술적 지표나 재무/실적 데이터가 없어 Buy 또는 Sell을 선택할 근거가 부족하다."", ""제공된 정보만으로는 향후 20거래일 내 주가 방향을 확신할 수 없어 Neutral이 가장 적절하다.""]"
196170,알테오젠,2023-10-04,65300,Neutral,42,"[""제공된 정보가 종목명과 현재가뿐이라 20거래일 방향성을 판단할 수 있는 가격 추세, 거래량, 변동성, 수급 데이터가 없다."", ""상장 시장이 KOSDAQ이라는 사실만으로는 향후 20거래일 상승 또는 하락을 우위 있게 결론내릴 근거가 부족하다."", ""브랜드 이미지·과거 명성은 배제해야 하므로, 현재 제공 데이터만으로는 Buy와 Sell 중 어느 쪽도 우세하다고 보기 어렵다.""]"
196170,알테오젠,2023-11-01,62800,Neutral,41,"[""제공된 데이터가 종목명과 현재가뿐이라 20거래일 방향성을 판단할 수 있는 가격 추세, 거래량, 실적, 수급 정보가 없다."", ""상승·하락을 지지하는 기술적 지표나 펀더멘털 지표가 전혀 제시되지 않아 Buy 또는 Sell 근거가 부족하다."", ""주어진 정보만으로는 방향성이 불명확하므로 적극적 판단으로는 Neutral이 가장 적절하다.""]"
196170,알테오젠,2023-12-01,82600,Neutral,42,"[""현재가 82,600원에 대한 추가 기술적·수급·실적 데이터가 제공되지 않아 향후 20거래일 방향성을 판단할 근거가 부족합니다."", ""종목명과 시장 정보만으로는 상승 또는 하락을 지지하는 객관적 신호를 도출할 수 없으며, 브랜드·과거 명성은 판단에서 배제해야 합니다."", ""제공된 데이터가 가격 수준 외에 없어 Buy와 Sell 중 어느 쪽도 우위라고 보기 어려워 Neutral이 가장 적절합니다.""]"
196170,알테오젠,2024-01-02,91500,Neutral,50,"[""현재가 91,500원만으로는 향후 20거래일 방향성을 판단할 수 있는 추세·밸류에이션·수급 데이터가 제공되지 않았습니다."", ""상승과 하락을 가를 기술적 지표, 실적 추정치, 거래량 변화 등 핵심 근거가 없어 Buy 또는 Sell을 단정하기 어렵습니다."", ""제공된 정보가 종목명, 시장, 현재가에 한정되어 있어 방향성 판단의 근거가 균형이 아니라 사실상 부족한 상태이므로 Neutral이 적절합니다.""]"
196170,알테오젠,2024-02-01,71400,Neutral,50,"[""제공된 정보가 종목명, 현재가, 시장 구분뿐이라 20거래일 방향성을 판단할 수 있는 가격·거래량·실적·수급 데이터가 없다."", ""상승 또는 하락을 지지하는 정량적 근거가 전혀 제시되지 않아 Buy와 Sell 중 어느 쪽도 우위라고 보기 어렵다."", ""브랜드 이미지나 과거 명성은 배제해야 하므로, 현재 제공된 데이터만으로는 방향성 확신이 불가능해 Neutral이 적절하다.""]"
196170,알테오젠,2024-03-04,167200,Neutral,0,"[""종목명과 현재가, 상장 시장 정보만 제공되어 20거래일 방향성을 판단할 수 있는 가격 추세·거래량·실적·밸류에이션 데이터가 없습니다."", ""상승 또는 하락을 지지하는 정량 지표가 전혀 없어 Buy와 Sell 중 어느 쪽도 근거를 확보할 수 없습니다."", ""제공된 데이터만을 근거로 판단해야 하므로 방향성 확신이 불가능해 Neutral이 적절합니다.""]"
196170,알테오젠,2024-04-01,186300,Neutral,50,"[""현재가 186,300원만으로는 향후 20거래일 방향을 판단할 수 있는 추세·모멘텀·밸류에이션 정보가 제공되지 않았습니다."", ""거래량, 수급, 실적, 기술적 지표 등 상승 또는 하락을 지지하는 추가 데이터가 없어 Buy와 Sell 중 우위를 정하기 어렵습니다."", ""제공된 정보가 종목명과 현재가뿐이므로 방향성이 불명확한 상황에 해당해 Neutral이 가장 적절합니다.""]"
196170,알테오젠,2024-05-02,180800,Neutral,42,"[""제공된 정보가 종목명, 현재가, 시장 구분뿐이라 20거래일 방향성을 판단할 수 있는 가격·거래량·실적·수급 데이터가 없다."", ""상승과 하락을 가를 수 있는 기술적 지표나 펀더멘털 근거가 전혀 제시되지 않아 Buy 또는 Sell을 정당화하기 어렵다."", ""주어진 데이터만을 근거로 하면 방향성 확신이 불가능하므로 적극적 중립 판단이 가장 타당하다.""]"
196170,알테오젠,2024-06-03,199000,Neutral,42,"[""현재가 199,000원만으로는 20거래일 내 상승·하락 방향을 판단할 수 있는 추세, 거래량, 변동성, 수급 데이터가 제공되지 않았습니다."", ""종목명과 시장 정보(KOSDAQ) 외에 실적, 밸류에이션, 기술적 지표 등 방향성을 지지할 추가 근거가 없어 Buy 또는 Sell을 단정하기 어렵습니다."", ""제공된 데이터만을 근거로 해야 하므로 상승과 하락 근거가 모두 부족해 방향성 확신이 낮아 Neutral이 적절합니다.""]"
196170,알테오젠,2024-07-01,277500,Neutral,42,"[""현재가 277,500원만으로는 20거래일 내 상승·하락 방향을 판단할 수 있는 추세, 밸류에이션, 실적, 수급 데이터가 제공되지 않았습니다."", ""종목명과 시장 정보(KOSDAQ) 외에 거래량, 이동평균, 모멘텀, 재무지표가 없어 Buy 또는 Sell을 지지할 근거가 부족합니다."", ""제공된 데이터만을 근거로 해야 하므로 방향성이 불명확한 상황에 해당해 Neutral이 가장 적절합니다.""]"
196170,알테오젠,2024-08-01,319000,Neutral,41,"[""제공된 정보가 종목명, 현재가, 시장 구분뿐이라 20거래일 방향성을 판단할 수 있는 가격·거래량·실적·수급 데이터가 없다."", ""상승과 하락을 가를 기술적 지표나 펀더멘털 근거가 전혀 없어 Buy 또는 Sell을 선택할 만한 객관적 근거가 부족하다."", ""주어진 데이터만으로는 향후 20거래일 내 주가의 우위 방향을 확신할 수 없으므로 Neutral이 가장 적절하다.""]"
196170,알테오젠,2024-09-02,322000,Neutral,42,"[""제공된 종목 정보에는 현재가와 시장 구분만 있고, 20거래일 방향을 판단할 수 있는 실적·수급·기술적 지표가 없어 상승 또는 하락 근거를 확인할 수 없습니다."", ""브랜드 이미지·과거 명성은 판단에서 배제해야 하므로, 알테오젠에 대한 정성적 인식만으로 Buy 또는 Sell을 선택할 근거가 없습니다."", ""주어진 데이터만으로는 향후 20거래일 내 주가의 우위 방향을 확신할 수 없어 Neutral이 가장 적절합니다.""]"
196170,알테오젠,2024-10-02,336000,Neutral,0,"[""종목 정보로는 현재가와 시장 구분만 제공되어 있어 20거래일 방향성을 판단할 수 있는 추세·실적·수급·밸류에이션 데이터가 없습니다."", ""상승 또는 하락을 지지하는 정량적 근거가 전혀 제시되지 않아 Buy와 Sell 중 어느 쪽도 우위라고 볼 수 없습니다."", ""제공된 데이터만을 근거로 해야 하므로, 방향성 확신이 불가능한 상황에 해당해 Neutral이 적절합니다.""]"
196170,알테오젠,2024-11-01,356500,Neutral,50,"[""현재가 356,500원에 대한 추가적인 추세·거래량·수급·실적 데이터가 제공되지 않아 20거래일 방향성을 판단할 근거가 부족합니다."", ""제공된 정보는 종목명, 현재가, 시장 구분뿐이어서 상승 또는 하락을 지지하는 정량적 신호를 확인할 수 없습니다."", ""브랜드 이미지나 과거 명성은 배제해야 하므로, 현재 제공 데이터만으로는 Buy와 Sell 중 어느 쪽도 우위라고 보기 어렵습니다.""]"
196170,알테오젠,2024-12-02,302000,Neutral,42,"[""현재가 302,000원에 대한 추가 기술적·수급·실적 데이터가 제공되지 않아 향후 20거래일 방향성을 판단할 근거가 부족합니다."", ""종목명과 시장 정보만으로는 상승 또는 하락 우위를 가를 수 있는 정량적 신호가 없으므로 Buy/Sell 중 하나를 선택하기 어렵습니다."", ""제공된 데이터만을 근거로 해야 하므로, 확신 수준이 50 미만인 상황에 해당해 Neutral이 가장 적절합니다.""]"
196170,알테오젠,2025-01-02,300000,Neutral,0,"[""종목명과 현재가, 상장 시장 정보만 제공되어 20거래일 방향성을 판단할 수 있는 가격·거래량·실적·수급 데이터가 없습니다."", ""상승 또는 하락을 지지하는 정량적 근거가 전혀 없어 Buy와 Sell 중 어느 쪽도 선택할 수 없습니다."", ""제공된 데이터만을 근거로 해야 하므로 방향성 확신이 불가능해 Neutral이 적절합니다.""]"
196170,알테오젠,2025-02-03,352500,Neutral,42,"[""제공된 데이터가 종목명, 현재가, 상장 시장뿐이라 20거래일 방향성을 판단할 수 있는 가격 추세·거래량·실적·수급 정보가 없다."", ""상승과 하락을 가를 핵심 지표가 전혀 없어 Buy 또는 Sell을 선택할 근거가 부족하다."", ""주어진 정보만으로는 향후 20거래일 내 주가의 방향성을 확신할 수 없으므로 Neutral이 가장 적절하다.""]"
196170,알테오젠,2025-03-04,400000,Neutral,0,"[""판단에 필요한 가격·거래량·재무·수급 등 구체적 데이터가 제공되지 않아 20거래일 방향성을 근거 있게 추정할 수 없습니다."", ""현재가 400,000원과 상장 시장 정보만으로는 상승·하락 우위를 가늠할 수 있는 정량 신호가 없습니다."", ""제공된 데이터만을 근거로 판단해야 하므로, 확신 가능한 매수·매도 근거가 없어 Neutral이 적절합니다.""]"
196170,알테오젠,2025-04-01,371500,Neutral,0,"[""종목명과 현재가, 상장 시장 정보만 제공되어 20거래일 방향성을 판단할 수 있는 가격·거래량·실적·수급 데이터가 없습니다."", ""상승 또는 하락을 지지하는 정량적 근거가 전혀 제시되지 않아 Buy와 Sell 중 어느 쪽도 우위라고 볼 수 없습니다."", ""제공된 데이터만을 근거로 해야 하므로, 방향성 확신이 불가능한 경우에 해당해 Neutral이 적절합니다.""]"
196170,알테오젠,2025-05-02,356500,Neutral,42,"[""제공된 데이터가 종목명, 현재가, 상장 시장뿐이라 20거래일 방향성을 판단할 수 있는 가격·거래량·실적·수급 정보가 없다."", ""상승과 하락을 가늠할 기술적 지표나 펀더멘털 지표가 전혀 없어 Buy 또는 Sell 근거를 만들 수 없다."", ""주어진 정보만으로는 방향성이 불명확하므로 적극적 판단으로는 Neutral이 가장 적절하다.""]"
196170,알테오젠,2025-06-02,350000,Neutral,42,"[""제공된 정보가 종목명, 현재가, 시장 구분뿐이라 20거래일 방향성을 판단할 수 있는 가격·거래량·실적·수급 데이터가 없다."", ""상승과 하락을 가늠할 수 있는 기술적 지표나 이벤트 정보가 전혀 없어 Buy 또는 Sell 근거를 만들 수 없다."", ""주어진 데이터만으로는 방향성이 불명확하므로 적극적 판단으로는 Neutral이 가장 적절하다.""]"
196170,알테오젠,2025-07-01,372500,Neutral,41,"[""현재가 372,500원만으로는 20거래일 내 상승·하락 방향을 판단할 수 있는 추세, 밸류에이션, 실적, 수급 데이터가 제공되지 않았습니다."", ""종목명과 시장 정보 외에 기술적 지표나 거래량, 이동평균, 변동성 같은 방향성 판단 근거가 없어 Buy 또는 Sell을 단정하기 어렵습니다."", ""제공된 데이터가 극히 제한적이어서 상승과 하락 근거가 균형을 이루는 수준이 아니라 아예 방향성을 확정할 수 없는 상태입니다.""]"
196170,알테오젠,2025-08-01,422000,Neutral,41,"[""현재가 422,000원에 대한 추가 기술적·수급·실적 데이터가 제공되지 않아 향후 20거래일 방향성을 판단할 핵심 근거가 부족합니다."", ""종목명과 시장 정보(KOSDAQ) 외에는 추세, 거래량, 변동성, 밸류에이션, 실적 모멘텀 관련 데이터가 없어 상승·하락 어느 쪽도 우세하다고 보기 어렵습니다."", ""제공된 데이터만으로는 Buy 또는 Sell을 정당화할 만큼의 근거가 없으므로 방향성 불명확에 해당하는 Neutral이 적절합니다.""]"
196170,알테오젠,2025-09-01,455000,Neutral,0,"[""종목 정보에 현재가와 시장 구분만 있고, 20거래일 방향을 판단할 수 있는 가격 추세·거래량·실적·밸류에이션 데이터가 제공되지 않았습니다."", ""상승과 하락을 비교할 수 있는 정량 지표가 전혀 없어 Buy 또는 Sell을 선택할 근거가 없습니다."", ""제공된 데이터만을 근거로 해야 하므로 방향성을 확신할 수 없는 경우에 해당해 Neutral이 적절합니다.""]"
196170,알테오젠,2025-10-01,458000,Neutral,42,"[""현재가 458,000원만 제시되어 있어 추세, 변동성, 거래량, 수급 등 20거래일 방향성을 판단할 핵심 데이터가 부족합니다."", ""상승·하락을 뒷받침할 기술적 지표나 실적·밸류에이션 정보가 제공되지 않아 Buy 또는 Sell을 단정할 근거가 없습니다."", ""제공된 정보만으로는 방향성이 불명확하므로 적극적 판단으로는 Neutral이 가장 적절합니다.""]"
196170,알테오젠,2025-11-03,523000,Neutral,42,"[""제공된 종목 정보에는 현재가와 시장 구분만 있고, 20거래일 방향을 판단할 수 있는 가격 추세·거래량·실적·수급 데이터가 없다."", ""상승 또는 하락을 지지하는 정량적 근거가 전혀 제시되지 않아 Buy와 Sell 중 어느 쪽도 우위라고 보기 어렵다."", ""브랜드 이미지나 과거 명성은 배제해야 하므로, 현재 제공된 정보만으로는 방향성을 확신할 수 없어 Neutral이 적절하다.""]"
196170,알테오젠,2025-12-01,542000,Neutral,41,"[""현재가 542,000원에 대한 추가 기술적·수급·실적 데이터가 제공되지 않아 향후 20거래일 방향성을 판단할 근거가 부족합니다."", ""종목명과 시장 정보만으로는 상승 또는 하락을 지지하는 정량적 신호를 확인할 수 없습니다."", ""제공된 데이터만을 근거로 해야 하므로, 확신 가능한 매수·매도 근거가 없어 Neutral이 가장 적절합니다.""]"
034020,두산에너빌리티,2023-01-02,15250,Neutral,42,"[""제공된 정보가 종목명과 현재가뿐이라 20거래일 방향성을 판단할 수 있는 가격 추세, 거래량, 실적, 밸류에이션 데이터가 없다."", ""상승과 하락을 가를 수 있는 기술적·기본적 근거가 모두 부재하여 Buy 또는 Sell을 선택할 만한 우위가 없다."", ""주어진 데이터만으로는 방향성이 불명확하므로 적극적 판단으로는 Neutral이 가장 적절하다.""]"
034020,두산에너빌리티,2023-02-01,16530,Neutral,46,"[""제공된 종목 정보에는 현재가와 시장 구분만 있고, 20거래일 방향성을 판단할 수 있는 재무·실적·수급·기술적 지표가 전혀 없어 상승/하락 근거를 만들기 어렵습니다."", ""브랜드 이미지나 과거 명성은 판단에서 배제해야 하므로, 현재 제공 데이터만으로는 두산에너빌리티의 단기 주가 우위 방향을 확정할 수 없습니다."", ""상승과 하락 중 어느 쪽도 데이터상 우세하지 않아, 방향성이 불명확한 상황에 해당하므로 Neutral이 가장 적절합니다.""]"
034020,두산에너빌리티,2023-03-02,16580,Neutral,42,"[""제공된 정보가 종목명, 현재가, 시장 구분뿐이라 20거래일 방향성을 판단할 수 있는 가격 추세·거래량·실적·밸류에이션 데이터가 없다."", ""상승과 하락을 가늠할 수 있는 기술적 지표나 수급 지표가 전혀 없어 Buy 또는 Sell을 정당화할 근거가 부족하다."", ""브랜드 이미지나 과거 명성은 배제해야 하므로, 현재 주어진 데이터만으로는 방향성이 불명확해 Neutral이 가장 적절하다.""]"
034020,두산에너빌리티,2023-04-03,17060,Neutral,42,"[""제공된 정보가 현재가와 종목명뿐이라 20거래일 방향성을 판단할 수 있는 추세·실적·밸류에이션·수급 데이터가 없다."", ""상승과 하락을 가늠할 기술적 지표나 거래량, 변동성, 시장 대비 상대강도 정보가 없어 Buy 또는 Sell 근거가 부족하다."", ""브랜드 이미지나 과거 명성을 배제하고 제공 데이터만 사용해야 하므로, 현재 자료만으로는 방향성 확신이 불가능해 Neutral이 적절하다.""]"
034020,두산에너빌리티,2023-05-02,16130,Neutral,42,"[""제공된 종목 정보에는 현재가와 시장 구분만 있고, 20거래일 방향성을 판단할 수 있는 가격 추세·거래량·실적·밸류에이션 데이터가 없다."", ""상승과 하락을 가늠할 수 있는 기술적 지표나 수급 정보가 전혀 없어 Buy 또는 Sell을 지지할 근거가 부족하다."", ""브랜드 이미지·과거 명성은 배제해야 하므로, 현재 제공 데이터만으로는 방향성을 확신할 수 없어 Neutral이 적절하다.""]"
034020,두산에너빌리티,2023-06-01,16200,Neutral,52,"[""제공된 정보가 종목명, 현재가, 시장 구분뿐이라 20거래일 방향성을 판단할 수 있는 가격·거래량·실적·수급 데이터가 없다."", ""상승과 하락을 가늠할 수 있는 기술적 지표나 펀더멘털 근거가 전혀 없어 Buy 또는 Sell을 단정하기 어렵다."", ""주어진 데이터만으로는 방향성 우위가 확인되지 않으므로 적극적 판단으로는 Neutral이 가장 적절하다.""]"
034020,두산에너빌리티,2023-07-03,18100,Neutral,42,"[""제공된 종목 정보에는 현재가와 시장 구분만 있고, 20거래일 방향성을 판단할 수 있는 실적·수급·기술적 지표가 없어 상승 또는 하락 근거를 확정하기 어렵습니다."", ""브랜드 이미지·과거 명성은 판단에서 배제해야 하므로, 두산에너빌리티에 대한 정성적 선호만으로 Buy나 Sell을 선택할 근거가 없습니다."", ""주어진 데이터만으로는 기대수익과 하방위험의 우열을 가릴 수 없어 방향성 불명확에 해당하는 Neutral이 가장 적절합니다.""]"
034020,두산에너빌리티,2023-08-01,17500,Neutral,42,"[""제공된 정보가 종목명, 현재가, 시장 구분뿐이라 20거래일 방향을 판단할 수 있는 가격·거래량·실적·수급 데이터가 없다."", ""상승과 하락을 가를 기술적 지표나 펀더멘털 근거가 전혀 없어 Buy 또는 Sell을 선택할 만한 우위가 확인되지 않는다."", ""주어진 데이터만으로는 방향성이 불명확하므로 적극적 판단으로는 Neutral이 가장 적절하다.""]"
034020,두산에너빌리티,2023-09-01,17470,Neutral,42,"[""제공된 종목 정보에는 현재가와 시장 구분만 있고, 향후 20거래일 방향을 판단할 수 있는 재무·실적·수급·기술적 지표가 없어 상승 또는 하락 근거를 확인할 수 없습니다."", ""브랜드 이미지·인지도·과거 명성은 판단에서 배제해야 하므로, 현재 제공된 정보만으로는 Buy 또는 Sell을 정당화할 추가 근거가 없습니다."", ""방향성이 불명확한 상황이므로 적극적 선택으로서 Neutral이 가장 적절합니다.""]"
034020,두산에너빌리티,2023-10-04,15770,Neutral,42,"[""제공된 정보가 종목명과 현재가뿐이라 20거래일 방향성을 판단할 수 있는 가격 추세, 거래량, 실적, 밸류에이션 데이터가 없다."", ""상승과 하락을 가늠할 수 있는 기술적·기본적 근거가 모두 부재해 Buy 또는 Sell을 우선 선택할 만한 근거가 없다."", ""주어진 데이터만으로는 방향성이 불명확하므로 적극적 판단으로는 Neutral이 가장 적절하다.""]"
034020,두산에너빌리티,2023-11-01,13460,Neutral,41,"[""제공된 정보가 종목명과 현재가뿐이라 20거래일 방향성을 판단할 수 있는 가격 추세, 거래량, 실적, 수급 데이터가 없다."", ""상승과 하락을 가늠할 수 있는 기술적 지표나 펀더멘털 근거가 전혀 제시되지 않아 Buy 또는 Sell을 정당화하기 어렵다."", ""주어진 데이터만으로는 방향성이 불명확하므로 적극적 선택으로서 Neutral이 가장 타당하다.""]"
034020,두산에너빌리티,2023-12-01,15270,Neutral,42,"[""제공된 정보가 종목명, 현재가, 시장 구분뿐이라 20거래일 방향성을 판단할 수 있는 가격 추세·거래량·실적·밸류에이션 데이터가 없다."", ""상승 또는 하락을 지지하는 기술적 지표나 수급 정보가 전혀 없어 Buy와 Sell 중 어느 쪽도 우세하다고 보기 어렵다."", ""브랜드 이미지나 과거 명성은 배제해야 하므로, 현재 주어진 데이터만으로는 방향성 확신이 부족해 Neutral이 적절하다.""]"
034020,두산에너빌리티,2024-01-02,16010,Neutral,42,"[""제공된 정보가 종목명과 현재가뿐이라 20거래일 방향성을 판단할 수 있는 가격·거래량·실적·수급 데이터가 없다."", ""상승과 하락을 가늠할 기술적 지표나 추세 정보가 전혀 없어 Buy 또는 Sell을 지지할 근거가 부족하다."", ""주어진 데이터만으로는 방향성이 불명확하므로 적극적 판단으로는 Neutral이 가장 적절하다.""]"
034020,두산에너빌리티,2024-02-01,15380,Neutral,50,"[""제공된 정보가 현재가와 종목명뿐이라 20거래일 방향성을 판단할 수 있는 가격·거래량·실적·수급 데이터가 없다."", ""상승과 하락을 가를 기술적 지표나 펀더멘털 근거가 전혀 없어 Buy 또는 Sell을 선택할 만한 우위가 없다."", ""주어진 데이터만으로는 방향성이 불명확하므로 적극적 판단으로는 Neutral이 가장 적절하다.""]"
034020,두산에너빌리티,2024-03-04,15770,Neutral,42,"[""제공된 종목 정보에는 현재가와 시장 구분만 있고, 20거래일 방향성을 판단할 수 있는 가격 추세·거래량·실적·밸류에이션 데이터가 없다."", ""브랜드 이미지나 과거 명성은 판단에서 배제해야 하므로, 현재 제공된 정보만으로는 상승 또는 하락 우위를 정할 근거가 부족하다."", ""상승·하락 근거가 균형을 이루는 수준이 아니라 아예 방향성 판단 재료가 부족하므로, 적극적 선택으로서 Neutral이 적절하다.""]"
034020,두산에너빌리티,2024-04-01,17270,Neutral,42,"[""제공된 정보가 종목명, 현재가, 시장 구분뿐이라 20거래일 방향성을 판단할 수 있는 가격·거래량·실적·수급 데이터가 없다."", ""상승과 하락을 가를 기술적 또는 펀더멘털 근거가 전혀 제시되지 않아 Buy와 Sell 중 어느 쪽도 우위라고 보기 어렵다."", ""주어진 데이터만 근거로 하면 방향성 확신이 불가능하므로 적극적 중립 판단이 적절하다.""]"
034020,두산에너빌리티,2024-05-02,16500,Neutral,42,"[""제공된 종목 정보에는 현재가와 시장 구분만 있고, 20거래일 방향성을 판단할 수 있는 가격 추세·거래량·실적·밸류에이션 데이터가 없다."", ""상승 또는 하락을 지지하는 정량 지표가 전혀 제시되지 않아 Buy와 Sell 중 어느 쪽도 우세하다고 보기 어렵다."", ""브랜드 이미지·과거 명성은 배제해야 하므로, 현재 제공된 정보만으로는 방향성을 확신할 수 없어 Neutral이 적절하다.""]"
034020,두산에너빌리티,2024-06-03,20750,Neutral,46,"[""제공된 정보가 종목명과 현재가뿐이라 20거래일 방향성을 판단할 수 있는 가격 추세, 거래량, 실적, 수급 데이터가 없다."", ""상승·하락을 지지하는 정량 지표가 전혀 없어 Buy 또는 Sell을 선택할 근거가 부족하다."", ""브랜드 이미지나 과거 명성은 배제해야 하므로, 현재 제공 데이터만으로는 방향성이 불명확해 Neutral이 가장 적절하다.""]"
034020,두산에너빌리티,2024-07-01,19950,Neutral,42,"[""제공된 정보가 종목명과 현재가뿐이라 20거래일 방향성을 판단할 수 있는 가격·거래량·실적·수급 데이터가 없다."", ""상승과 하락을 가늠할 수 있는 기술적 지표나 펀더멘털 근거가 전혀 제시되지 않아 Buy 또는 Sell을 정당화하기 어렵다."", ""주어진 데이터만으로는 방향성이 불명확하므로 적극적 선택으로는 Neutral이 가장 타당하다.""]"
034020,두산에너빌리티,2024-08-01,18710,Neutral,42,"[""제공된 정보가 현재가와 종목명뿐이라 20거래일 방향을 판단할 수 있는 추세·실적·수급·밸류에이션 데이터가 없다."", ""상승과 하락을 가를 기술적 지표나 거래량, 변동성, 시장 대비 상대강도 정보가 없어 Buy 또는 Sell 근거가 부족하다."", ""브랜드 이미지나 과거 명성은 배제해야 하므로, 현재 제공 데이터만으로는 방향성이 불명확해 Neutral이 가장 적절하다.""]"
034020,두산에너빌리티,2024-09-02,17890,Neutral,50,"[""판단에 필요한 재무·실적·수급·기술적 데이터가 제공되지 않아 20거래일 방향성을 우위로 판단할 근거가 부족합니다."", ""현재가 17,890원이라는 가격 정보만으로는 상승·하락 기대를 비교할 수 있는 기준이 없어 매수 또는 매도 우위를 정하기 어렵습니다."", ""브랜드 이미지와 과거 명성은 배제해야 하므로, 제공된 정보만 기준으로는 확신 가능한 방향성이 없어 Neutral이 적절합니다.""]"
034020,두산에너빌리티,2024-10-02,17310,Neutral,52,"[""제공된 정보가 종목명과 현재가뿐이라 20거래일 방향을 판단할 수 있는 가격·거래량·실적·수급 데이터가 없다."", ""상승 또는 하락을 지지하는 정량적 근거가 전혀 없어 Buy와 Sell 중 어느 쪽도 우위라고 보기 어렵다."", ""브랜드 이미지나 과거 명성은 배제해야 하므로, 현재 주어진 데이터만으로는 방향성 확신이 불가능하다.""]"
034020,두산에너빌리티,2024-11-01,19980,Neutral,42,"[""제공된 정보가 종목명과 현재가뿐이라 20거래일 방향을 판단할 수 있는 가격 추세, 거래량, 실적, 수급 데이터가 없다."", ""상승·하락을 지지하는 정량적 근거가 전혀 없어 Buy 또는 Sell을 선택할 만한 우위가 확인되지 않는다."", ""브랜드 이미지나 과거 명성은 배제해야 하므로, 현재 제공 데이터만으로는 방향성이 불명확해 Neutral이 적절하다.""]"
034020,두산에너빌리티,2024-12-02,20700,Neutral,52,"[""제공된 데이터가 종목명과 현재가뿐이라 20거래일 방향성을 판단할 수 있는 추세·실적·밸류에이션·수급 정보가 없다."", ""상승과 하락을 가를 기술적 지표나 이벤트 정보가 없어 Buy 또는 Sell을 우선할 근거가 부족하다."", ""주어진 판단 기준상 방향성이 불명확한 경우 Neutral이 적절하다.""]"
034020,두산에너빌리티,2025-01-02,18060,Neutral,46,"[""제공된 데이터가 종목명과 현재가뿐이라 20거래일 방향성을 판단할 수 있는 가격·거래량·실적·수급 정보가 없다."", ""상승과 하락을 가를 기술적 지표나 펀더멘털 근거가 전혀 없어 Buy 또는 Sell을 정당화하기 어렵다."", ""주어진 정보만으로는 방향성이 불명확하므로 적극적 판단으로는 Neutral이 가장 적절하다.""]"
034020,두산에너빌리티,2025-02-03,23350,Neutral,42,"[""제공된 종목 정보에는 현재가와 시장 구분만 있고, 20거래일 방향성을 판단할 수 있는 가격 추세·거래량·실적·밸류에이션 데이터가 없다."", ""상승과 하락을 가늠할 수 있는 기술적 지표나 수급 정보가 전혀 제시되지 않아 Buy 또는 Sell 근거를 만들 수 없다."", ""브랜드 이미지·과거 명성은 배제해야 하므로, 현재 제공된 데이터만으로는 방향성이 불명확해 Neutral이 가장 적절하다.""]"
034020,두산에너빌리티,2025-03-04,25500,Neutral,42,"[""제공된 정보가 종목명, 현재가, 상장 시장뿐이라 20거래일 방향성을 판단할 수 있는 가격·거래량·실적·수급 데이터가 없다."", ""상승과 하락을 가늠할 수 있는 기술적 지표나 펀더멘털 지표가 전혀 제시되지 않아 Buy 또는 Sell 근거가 부족하다."", ""주어진 데이터만으로는 방향성이 불명확하므로 적극적 판단은 Neutral이 적절하다.""]"
034020,두산에너빌리티,2025-04-01,23850,Neutral,52,"[""제공된 정보가 현재가와 종목명뿐이라 20거래일 내 상승·하락을 판단할 수 있는 추세, 실적, 밸류에이션, 수급 데이터가 없다."", ""브랜드 이미지·과거 명성은 배제해야 하므로, 현재 주가 방향을 지지할 수 있는 정성적 보조 근거도 사용할 수 없다."", ""상승과 하락 어느 쪽도 데이터상 우위를 확인할 수 없어 방향성 확신이 부족하므로 Neutral이 적절하다.""]"
034020,두산에너빌리티,2025-05-02,27700,Neutral,42,"[""제공된 정보가 현재가와 종목명뿐이라 20거래일 방향성을 판단할 수 있는 가격 추세, 거래량, 실적, 수급 데이터가 없다."", ""상승·하락을 지지하는 정량적 근거가 전혀 없어 Buy 또는 Sell을 선택할 만한 우위가 확인되지 않는다."", ""브랜드 이미지나 과거 명성은 배제해야 하므로, 현재 제공 데이터만으로는 방향성 확신이 불가능하다.""]"
034020,두산에너빌리티,2025-06-02,40950,Neutral,42,"[""제공된 정보가 종목명과 현재가뿐이라 20거래일 방향성을 판단할 수 있는 가격·거래량·실적·수급 데이터가 없다."", ""상승과 하락을 가를 기술적 지표나 밸류에이션, 모멘텀 관련 근거가 전혀 제시되지 않았다."", ""브랜드 이미지나 과거 명성은 배제해야 하므로, 현재 제공 데이터만으로는 Buy 또는 Sell을 정당화할 수 없다.""]"
034020,두산에너빌리티,2025-07-01,62500,Neutral,42,"[""현재가 62,500원만으로는 20거래일 내 상승·하락 방향을 판단할 수 있는 추세, 밸류에이션, 실적, 수급 데이터가 제공되지 않았습니다."", ""종목명과 시장 정보 외에 기술적 지표나 거래량, 모멘텀 관련 근거가 없어 Buy 또는 Sell을 지지할 만한 객관적 신호가 부족합니다."", ""제공된 데이터만을 근거로 해야 하므로 방향성을 확신할 수 없으며, 이 경우 Neutral이 가장 적절합니다.""]"
034020,두산에너빌리티,2025-08-01,61400,Neutral,42,"[""현재가 61,400원만 제시되어 있어 추세, 거래량, 변동성, 수급 등 20거래일 방향성을 판단할 핵심 데이터가 부족합니다."", ""제공된 정보에는 실적, 밸류에이션, 기술적 지표가 없어 상승 또는 하락 근거를 어느 한쪽으로 우세하게 만들 수 없습니다."", ""브랜드 이미지나 과거 명성은 배제해야 하므로, 현재 제공 데이터만으로는 Buy 또는 Sell을 정당화하기 어렵습니다.""]"
034020,두산에너빌리티,2025-09-01,59600,Neutral,41,"[""제공된 정보가 종목명과 현재가뿐이라 20거래일 방향성을 판단할 수 있는 가격 추세, 거래량, 실적, 밸류에이션 데이터가 없다."", ""상승과 하락을 가를 수 있는 기술적 지표나 수급 정보가 전혀 없어 Buy 또는 Sell을 지지할 근거가 부족하다."", ""주어진 데이터만으로는 방향성이 불명확하므로 적극적 판단으로는 Neutral이 가장 적절하다.""]"
034020,두산에너빌리티,2025-10-01,64600,Neutral,42,"[""제공된 정보가 현재가와 종목명뿐이라 20거래일 방향성을 판단할 수 있는 추세·실적·밸류에이션·수급 데이터가 없다."", ""상승과 하락을 가늠할 기술적 지표나 거래량, 이동평균, 변동성 정보가 없어 Buy 또는 Sell 근거를 만들 수 없다."", ""브랜드 이미지나 과거 명성을 배제해야 하므로, 현재 제공 데이터만으로는 방향성 확신이 부족해 Neutral이 적절하다.""]"
034020,두산에너빌리티,2025-11-03,89500,Neutral,42,"[""현재가 89,500원에 대한 추가 기술적·수급·실적 데이터가 제공되지 않아 20거래일 방향성을 우위 있게 판단할 근거가 부족합니다."", ""종목명과 시장 정보만으로는 상승 또는 하락을 지지하는 정량적 신호를 도출할 수 없어 Buy/Sell 중 하나를 선택할 확신이 낮습니다."", ""제공된 데이터만을 근거로 해야 하므로, 방향성이 불명확한 상황에 해당해 Neutral이 가장 적절합니다.""]"
034020,두산에너빌리티,2025-12-01,74900,Neutral,42,"[""제공된 정보가 종목명, 현재가, 시장 구분뿐이라 20거래일 방향을 판단할 수 있는 가격 추세·실적·밸류에이션·수급 데이터가 없다."", ""상승 또는 하락을 지지하는 기술적 지표나 펀더멘털 근거가 전혀 제시되지 않아 Buy와 Sell 중 어느 쪽도 우위라고 보기 어렵다."", ""브랜드 이미지나 과거 명성은 배제해야 하므로, 현재 제공 데이터만으로는 방향성 확신이 부족해 Neutral이 적절하다.""]"
