ticker,name,signal_date,price,signal,confidence,reasons,return_5d,return_20d
5930,삼성전자,2023-01-02,55400,Neutral,50,"[""현재가는 52주 최저가에 근접해 있어 하방 경직성이 기대되지만, 52주 최고가 대비 상당한 하락폭을 기록하며 최근 1개월 수익률도 부진하여 투자 심리가 위축된 상태입니다."", ""분기 실적은 매출과 영업이익 모두 전년 대비 큰 폭으로 증가하며 견조한 성장세를 보여주고 있으나, 이는 이미 주가에 상당 부분 반영되었을 가능성이 있습니다."", ""기술적 지표상 거래량 감소는 매도세 약화를 시사할 수 있으나, 명확한 반등 신호로 보기에는 부족하며 시장 전반의 불확실성이 존재합니다.""]",9.025270758122744,14.620938628158845
5930,삼성전자,2023-02-01,63500,Buy,75,"[""최근 1개월 수익률이 11.75%로 양호하며, 거래량 변화율도 47.34%로 높아 투자자들의 관심이 증가하고 있음을 시사합니다."", ""애널리스트 리포트에서 제시된 목표주가들이 현재가(63,500원) 대비 상승 여력이 충분하며, '저점 분할 매수' 의견이 다수 존재합니다."", ""연간 실적에서 매출과 영업이익이 전년 대비 큰 폭으로 증가했으며, 영업이익률도 18.5%로 견조한 모습을 보여주고 있습니다.""]",-0.7874015748031495,-4.724409448818897
5930,삼성전자,2023-03-02,60500,Neutral,60,"[""최근 1개월 수익률이 소폭 하락하고 거래량 변화율이 감소한 점은 단기적인 매도 압력을 시사합니다."", ""애널리스트 리포트에서 제시된 목표주가 평균이 현재가보다 높지만, 감산 관련 불확실성으로 인해 목표주가 범위가 넓게 분포하고 있습니다."", ""연간 실적은 견조한 성장세를 보였으나, 현재가 기준으로 52주 최고가 대비 상당한 하락폭을 기록하고 있어 추가 상승 여력에 대한 판단이 유보적입니다.""]",-1.6528925619834711,5.785123966942149
5930,삼성전자,2023-04-03,63600,Buy,75,"[""최근 애널리스트 리포트에서 목표주가가 현재가 대비 상향 조정되었으며, 전반적으로 긍정적인 전망을 제시하고 있습니다."", ""PER 7.8배, PBR 1.05배로 밸류에이션 부담이 낮으며, ROE 13.4%로 양호한 수익성을 보여주고 있습니다."", ""최근 1개월 수익률이 4.30%로 상승세를 보이고 있으며, 거래량 변화율도 긍정적인 신호를 나타내고 있습니다.""]",3.6163522012578615,2.8301886792452837
5930,삼성전자,2023-05-02,65400,Buy,75,"[""최근 애널리스트 리포트에서 일관되게 목표주가를 현재가 대비 높게 제시하며 긍정적인 전망을 내놓고 있습니다."", ""52주 최고가 대비 현재 위치가 84.5%로, 상승 여력이 남아있음을 시사합니다."", ""최근 1개월 수익률이 2.66%로 소폭 상승세를 보이고 있으며, 거래량 변화율도 18.24%로 증가하며 투자 심리가 개선되고 있음을 나타냅니다.""]",-1.834862385321101,10.397553516819572
5930,삼성전자,2023-06-01,72200,Buy,75,"[""최근 1개월 수익률이 8.24%로 양호하며, 52주 최고가에 근접한 강한 상승 추세를 보이고 있습니다."", ""하반기 DDR5 점유율 회복 및 목표주가 상향 조정 리포트가 긍정적인 투자 심리를 자극할 수 있습니다."", ""PER 8.8배, PBR 1.18배로 밸류에이션 부담이 크지 않으며, 2.5%의 배당수익률은 하방 경직성을 제공할 수 있습니다.""]",-1.662049861495845,1.10803324099723
5930,삼성전자,2023-07-03,73000,Neutral,60,"[""현재가 52주 최고가와 일치하며 기술적 저항 가능성이 존재합니다."", ""최근 1개월 수익률은 긍정적이나, 거래량 변화율은 감소 추세로 매수세 약화를 시사합니다."", ""2분기 실적 부진 전망 리포트가 목표주가 상향 조정과 상반되어 투자 심리에 혼란을 줄 수 있습니다.""]",-2.054794520547945,-2.602739726027397
5930,삼성전자,2023-08-01,69900,Buy,75,"[""최근 애널리스트 리포트에서 제시된 목표주가 평균이 현재가 대비 상당한 상승 여력을 시사하고 있습니다."", ""기술적 지표상 52주 최고가 대비 현재 위치가 높아 단기적인 상승 모멘텀이 기대됩니다."", ""최근 1개월 수익률은 하락했으나, 거래량 변화율이 긍정적인 점은 향후 주가 상승에 대한 기대감을 높입니다.""]",-1.430615164520744,-4.291845493562231
5930,삼성전자,2023-09-01,71200,Neutral,60,"[""삼성전자는 현재 52주 최고가에 근접한 위치에 있으며, 최근 1개월 수익률은 소폭 상승했으나 거래량 변화율은 하락하여 상승 동력이 약화된 모습을 보입니다."", ""연간 실적은 매출이 증가했으나 영업이익은 감소하여 수익성 둔화 우려가 존재하며, 이는 단기적인 주가 상승을 제한할 수 있습니다."", ""PER, PBR 등 재무 지표는 시장 평균 대비 매력적인 수준은 아니지만, PBR 1.18배는 자산 가치 대비 저평가 가능성을 시사하며, 2.5%의 배당수익률은 하방 경직성을 제공할 수 있습니다.""]",-0.5617977528089888,-7.303370786516854
5930,삼성전자,2023-10-04,66700,Buy,75,"[""최근 애널리스트 리포트들이 일관되게 메모리 반도체 업황 회복 및 DRAM 이익 개선을 전망하며 긍정적인 목표주가를 제시하고 있습니다."", ""현재 주가는 52주 최고가 대비 약 71.6% 수준으로, 업황 회복 시 추가 상승 여력이 존재합니다."", ""PER 8.4배는 과거 평균 및 동종 업계 대비 낮은 수준으로 밸류에이션 매력이 있습니다.""]",1.949025487256372,4.3478260869565215
5930,삼성전자,2023-11-01,69700,Buy,75,"[""최근 애널리스트 리포트에서 메모리 반도체 턴어라운드 및 3분기 실적 호조에 대한 긍정적인 전망과 함께 목표주가가 현재가 대비 높게 제시되었습니다."", ""PER 8.5배, PBR 1.14배는 역사적 평균 대비 저평가 구간에 있다는 분석이 가능하며, ROE 13.4%는 양호한 수익성을 보여줍니다."", ""최근 1개월 수익률은 0%로 정체되어 있으나, 52주 최고가 대비 약 5% 하락한 위치는 추가 상승 여력이 있음을 시사합니다.""]",0.860832137733142,4.447632711621234
5930,삼성전자,2023-12-01,72600,Buy,75,"[""최근 애널리스트 리포트에서 On Device AI 모멘텀, 수요 회복 및 메모리 실적 개선 전망 등 긍정적인 의견이 다수 제시되었으며, 목표주가 상향 조정 리포트가 존재합니다."", ""현재가는 52주 최고가에 근접한 수준이지만, 52주 내 위치가 92.3%로 여전히 상승 여력이 남아있습니다."", ""최근 1개월 수익률이 3.30%로 양호한 흐름을 보이고 있으며, 배당수익률 2.5%는 주가 하방 경직성을 제공할 수 있습니다.""]",0.5509641873278237,5.5096418732782375
5930,삼성전자,2024-01-02,77000,Buy,75,"[""최근 1개월 수익률이 9.49%로 양호하며, 52주 최고가 근접 및 거래량 증가 추세는 긍정적입니다."", ""HBM3 고객 확대 본격화 전망은 향후 실적 개선에 대한 기대감을 높입니다."", ""PER 9.9배는 시장 평균 대비 저평가된 수준으로 판단되며, 배당수익률 2.5%는 하방 경직성을 제공합니다.""]",-4.415584415584416,-5.584415584415584
5930,삼성전자,2024-02-01,75200,Neutral,55,"[""최근 1개월 수익률이 마이너스(-)를 기록하며 단기적인 하락세를 보이고 있습니다."", ""애널리스트들의 목표주가가 현재가 대비 상승 여력을 시사하지만, 4분기 실적이 기대에 미치지 못했다는 분석이 혼재되어 있습니다."", ""기술적 지표상 52주 최고가 대비 높은 위치에 있으나, 최근 거래량 증가가 긍정적인 신호로 해석될 수도 있습니다.""]",0.0,-3.0585106382978724
5930,삼성전자,2024-03-04,73700,Buy,75,"[""메모리 반도체 업황 회복에 대한 기대감과 함께 애널리스트의 긍정적인 목표주가 제시가 지속적인 상승 동력으로 작용할 수 있습니다."", ""현재가 52주 최고가 대비 약 7.4% 하락한 수준으로, 추가적인 상승 여력이 존재할 가능성이 있습니다."", ""낮은 PER과 PBR은 현재 주가가 기업 가치 대비 저평가되었음을 시사하며, 이는 향후 주가 상승의 잠재력을 높입니다.""]",-0.5427408412483039,15.332428765264586
5930,삼성전자,2024-04-01,85000,Buy,75,"[""최근 애널리스트 리포트에서 긍정적인 전망과 함께 목표주가가 현재가 대비 상승 여력을 시사하고 있습니다."", ""최근 1개월 수익률이 11.72%로 양호하며, 거래량 변화율도 38.21%로 증가하는 등 매수세가 유입되고 있습니다."", ""52주 최고가에 근접한 위치(98.0%)는 강한 상승 모멘텀을 나타내며, 메모리 업황 개선 기대감이 주가에 긍정적인 영향을 미칠 것으로 예상됩니다.""]",-1.647058823529412,-8.235294117647058
5930,삼성전자,2024-05-02,77600,Buy,75,"[""최근 5건의 애널리스트 리포트 모두 긍정적인 전망과 함께 100,000원 이상의 목표주가를 제시하고 있어 단기 상승 여력이 충분하다고 판단됩니다."", ""메모리 반도체 업황 회복에 대한 기대감이 높아지고 있으며, 특히 NAND 부문의 실적 개선이 예상되는 점은 긍정적인 요인입니다."", ""최근 1개월 수익률은 하락했지만, 52주 최고가 대비 현재 위치가 66.4%로 여전히 상승 여력이 남아있으며, 거래량 변화율이 크지 않아 급격한 하락보다는 점진적인 회복을 기대해볼 수 있습니다.""]",1.0309278350515465,-2.963917525773196
5930,삼성전자,2024-06-03,75300,Neutral,55,"[""최근 1개월 수익률이 마이너스를 기록하며 단기적인 하락세를 보이고 있으나, 52주 최고가 대비 현재 위치가 중간 지점에 있어 추가 하락보다는 반등 가능성도 존재합니다."", ""연간 실적에서 매출과 영업이익이 전년 대비 큰 폭으로 감소한 점은 부정적인 요인이지만, 부채비율이 낮고 영업현금흐름이 양호하여 재무 안정성은 우수합니다."", ""PER이 35.5로 다소 높은 편이지만, PBR이 1.23으로 자산 가치 대비 저평가 가능성도 있어 단기적인 방향성을 명확히 판단하기 어렵습니다.""]",1.593625498007968,8.632138114209829
5930,삼성전자,2024-07-01,81800,Buy,75,"[""최근 애널리스트 리포트에서 일관되게 긍정적인 전망과 높은 목표주가를 제시하고 있으며, 특히 AI 모멘텀 확대 및 HBM에서의 성과에 대한 기대감이 높습니다."", ""최근 1개월 수익률이 11.29%로 양호한 흐름을 보이고 있으며, 52주 최고가 대비 현재 위치가 81.9%로 상승 여력이 남아있습니다."", ""부채비율이 25.4%로 낮아 재무 안정성이 우수하며, 영업현금흐름이 양호하여 실적 개선 가능성을 뒷받침합니다.""]",7.334963325183375,-0.9779951100244498
5930,삼성전자,2024-08-01,79600,Buy,85,"[""최근 애널리스트 리포트들이 일제히 긍정적인 전망과 함께 높은 목표주가를 제시하고 있어 투자 심리에 긍정적인 영향을 미칠 것으로 예상됩니다."", ""메모리 업사이클에 대한 기대감이 높아지고 있으며, 이는 삼성전자의 실적 개선으로 이어질 가능성이 높습니다."", ""현재 주가가 52주 최고가 대비 하락한 위치에 있지만, 기술적 지표상 52주 내에서 높은 위치를 차지하고 있으며 최근 1개월 수익률도 소폭 상승하는 등 반등의 조짐을 보이고 있습니다.""]",-6.155778894472362,-6.532663316582915
5930,삼성전자,2024-09-02,72500,Buy,65,"[""최근 1개월 수익률이 -10.47%로 하락했으나, 애널리스트 리포트에서 과도한 주가 급락으로 매수 기회로 판단하고 목표주가 120,000원을 제시했습니다."", ""현재가(72,500원)는 52주 최저가(66,000원) 대비 높은 수준이지만, 52주 최고가(87,800원) 대비로는 하락하여 반등 가능성을 시사합니다."", ""부채비율이 25.4%로 낮고 영업현금흐름이 양호하여 재무 안정성이 뒷받침되고 있습니다.""]",-8.689655172413794,-16.82758620689655
5930,삼성전자,2024-10-02,60600,Buy,75,"[""최근 1개월 수익률이 -19.76%로 부진했으나, 애널리스트 리포트에서 목표주가 하향 조정 없이 긍정적인 전망을 제시하고 있습니다."", ""52주 최저가에 근접한 현재가 수준에서 기술적 반등 가능성이 있으며, 거래량 변화율이 45.60%로 증가한 점은 매수세 유입을 시사합니다."", ""매출 및 영업이익 감소에도 불구하고 높은 영업현금흐름과 낮은 부채비율은 재무 안정성을 보여주며, 이는 향후 실적 개선에 대한 기대감을 높입니다.""]",0.33003300330033,-3.1353135313531357
5930,삼성전자,2024-11-01,58700,Neutral,60,"[""최근 1개월 수익률이 마이너스(-)를 기록하며 단기적인 하락세를 보이고 있습니다."", ""애널리스트 리포트에서 HBM3E 8단 인증 성공 여부와 파운드리 적자 확대 등 불확실한 요인이 언급되고 있습니다."", ""PER이 27.4로 다소 높은 편이지만, PBR이 0.95로 낮아 저평가 가능성도 존재하여 방향성 판단이 어렵습니다.""]",-6.303236797274275,-8.68824531516184
5930,삼성전자,2024-12-02,53600,Neutral,60,"[""최근 1개월 수익률이 마이너스(-)를 기록하며 하락세를 보이고 있으나, 52주 최저가 대비 현재 위치가 9.8%로 상대적으로 낮은 수준에 있어 추가 하락보다는 반등 가능성도 존재합니다."", ""애널리스트 리포트에서 목표주가 제시 범위가 넓고, '아직 본격 매수 시기는 아닌 듯'이라는 의견이 있어 단기적인 상승 모멘텀이 강하지 않음을 시사합니다."", ""연간 실적에서 매출과 영업이익이 전년 대비 큰 폭으로 감소한 점은 부정적인 요인이지만, 부채비율이 낮고 영업현금흐름이 양호하여 재무 안정성은 유지되고 있습니다.""]",0.7462686567164178,1.4925373134328357
5930,삼성전자,2025-01-02,54400,Sell,65,"[""최근 애널리스트 리포트에서 목표주가가 하향 조정되고 있으며, 4분기 실적에 대한 기대 이하 전망이 나오고 있습니다."", ""연간 실적이 매출과 영업이익 모두 전년 대비 큰 폭으로 감소했으며, 영업이익률 또한 낮은 수준입니다."", ""최근 1개월 수익률이 마이너스를 기록하고 거래량 변화율이 감소하는 등 기술적으로도 약세 흐름을 보이고 있습니다.""]",1.6544117647058825,-0.7352941176470588
5930,삼성전자,2025-02-03,52700,Neutral,60,"[""최근 4분기 실적이 예상치를 하회하며 단기적인 하방 압력이 존재합니다."", ""하지만 애널리스트 리포트에서 바닥론이 제기되고 있으며, 장기적인 성장 동력(HBM, 2nm)에 대한 기대감도 존재합니다."", ""현재 주가는 52주 최저가에 근접해 있어 추가적인 큰 하락보다는 관망세가 짙어질 가능성이 있습니다.""]",5.692599620493358,2.4667931688804554
5930,삼성전자,2025-03-04,54000,Neutral,60,"[""최근 애널리스트 리포트들은 HBM 성장에 대한 긍정적인 전망과 함께 분기 실적 저점 통과 가능성을 언급하고 있으나, 전반적인 사업 부진 및 목표주가 하향 조정 가능성도 존재하여 단기적인 방향성 판단이 어렵습니다."", ""현재가는 52주 최저가 대비 소폭 상승했으나 최고가 대비로는 여전히 낮은 수준에 머물러 있어, 추가 상승 여력과 하락 위험이 공존하는 상황입니다."", ""PER, PBR 등 재무지표는 시장 평균 대비 낮은 수준으로 저평가 매력이 있을 수 있으나, 최근 연간 실적 감소폭이 크고 영업이익률이 낮은 점은 부담 요인으로 작용할 수 있습니다.""]",1.6666666666666667,8.88888888888889
5930,삼성전자,2025-04-01,58800,Buy,75,"[""최근 1개월 수익률이 7.89%로 긍정적인 흐름을 보이고 있으며, 52주 최고가 대비 현재 위치가 23.5%로 상승 여력이 남아있습니다."", ""애널리스트 리포트에서 메모리 시장 회복 및 목표주가 상향 조정 의견이 제시되어 긍정적인 전망을 뒷받침합니다."", ""전년 대비 매출 및 영업이익이 크게 증가했으며, 영업이익률 개선과 높은 영업현금흐름은 재무 건전성을 보여줍니다.""]",-9.863945578231291,-5.612244897959184
5930,삼성전자,2025-05-02,54600,Neutral,55,"[""최근 1개월 수익률이 -7.65%로 하락세를 보이고 있으며, 거래량 변화율도 -28.84%로 감소하여 단기적인 투자 심리가 위축된 것으로 판단됩니다."", ""애널리스트 리포트 상 목표주가가 70,000원에서 84,000원 사이로 제시되어 현재가(54,600원) 대비 상승 여력은 존재하나, 리포트 간 편차가 크고 최근 1개월 하락세를 상쇄할 만큼 강력한 상승 모멘텀은 아직 확인되지 않았습니다."", ""연간 실적은 매출 및 영업이익이 큰 폭으로 증가하며 매우 긍정적인 모습을 보였으나, 현재 주가는 52주 최고가 대비 상당 부분 하락한 상태이며, 단기적인 시장 상황 및 투자 심리 변화에 따라 방향성이 결정될 것으로 예상됩니다.""]",5.128205128205128,8.241758241758241
5930,삼성전자,2025-06-02,57800,Buy,75,"[""최근 애널리스트 리포트에서 긍정적인 목표주가 상향 조정이 있었습니다."", ""연간 실적에서 매출 및 영업이익이 큰 폭으로 증가하며 펀더멘털 개선을 보여주고 있습니다."", ""낮은 부채비율과 양호한 영업현금흐름은 재무 안정성을 뒷받침합니다.""]",2.941176470588235,10.38062283737024
5930,삼성전자,2025-07-01,60800,Buy,75,"[""최근 애널리스트 리포트에서 목표주가가 현재가 대비 높게 제시되고 있으며, 하반기 실적 개선에 대한 긍정적인 전망이 나오고 있습니다."", ""최근 1개월 수익률이 7.31%로 양호한 흐름을 보이고 있으며, 거래량 변화율도 35.36%로 증가하여 투자 심리가 개선되고 있음을 시사합니다."", ""연간 실적에서 매출과 영업이익이 큰 폭으로 증가했으며, 영업이익률 및 순이익도 개선된 모습을 보여 기업 펀더멘탈이 견조합니다.""]",-0.6578947368421052,19.407894736842103
5930,삼성전자,2025-08-01,69700,Buy,75,"[""최근 애널리스트 리포트에서 긍정적인 목표주가 제시 및 Top Pick 의견이 다수 확인되었습니다."", ""최근 1개월 수익률이 7.99%로 양호하며, 거래량 변화율도 9.72%로 긍정적인 수급 신호를 보이고 있습니다."", ""연간 실적에서 매출 및 영업이익이 큰 폭으로 증가했으며, 영업이익률 개선과 높은 영업현금흐름은 재무 건전성을 뒷받침합니다.""]",1.865136298421808,-0.860832137733142
5930,삼성전자,2025-09-01,69100,Buy,75,"[""최근 애널리스트 리포트에서 HBM 출하량 급증과 실적 서프라이즈를 예상하며 목표주가를 상향 조정했습니다."", ""연간 실적에서 매출과 영업이익이 큰 폭으로 증가했으며, 영업이익률도 개선되는 등 견조한 재무 성과를 보여주고 있습니다."", ""부채비율이 낮고 영업현금흐름이 양호하여 재무 안정성이 뛰어나며, 배당수익률 또한 매력적인 수준입니다.""]",3.4732272069464547,21.41823444283647
5930,삼성전자,2025-10-01,89000,Buy,85,"[""최근 1개월 수익률이 24.46%로 매우 높으며, 52주 최고가에 근접한 99.7% 위치에 있어 상승 모멘텀이 강하게 유지되고 있습니다."", ""애널리스트 리포트에서 제시된 목표주가들이 현재가(89,000원) 대비 상당한 상승 여력을 시사하며, 특히 메모리 빅사이클과 파운드리 회복에 대한 긍정적인 전망이 지배적입니다."", ""연간 실적에서 매출과 영업이익이 전년 대비 큰 폭으로 증가했으며, 영업이익률 개선과 견조한 영업현금흐름은 기업의 펀더멘털이 매우 우수함을 보여줍니다.""]",9.775280898876405,11.46067415730337
5930,삼성전자,2025-11-03,104900,Buy,85,"[""최근 1개월 수익률이 33.37%로 강한 상승세를 보이고 있으며, 거래량 변화율도 39.20%로 증가하여 투자 심리가 긍정적입니다."", ""애널리스트 리포트에서 일관되게 긍정적인 전망과 함께 목표주가를 상향 제시하고 있으며, 특히 반도체 부문의 폭발적인 이익 증가와 AI 관련 수혜가 기대됩니다."", ""연간 실적에서 매출과 영업이익이 큰 폭으로 증가했으며, 영업이익률 개선과 견조한 영업현금흐름은 기업의 펀더멘털이 매우 우수함을 시사합니다.""]",-1.334604385128694,-1.4299332697807436
5930,삼성전자,2025-12-01,103400,Buy,75,"[""최근 1개월 수익률 하락에도 불구하고, 애널리스트들의 긍정적인 목표주가 상향 리포트가 다수 존재하며, 이는 향후 주가 상승에 대한 기대감을 높입니다."", ""연간 실적에서 매출과 영업이익이 큰 폭으로 증가했으며, 영업이익률 또한 개선된 점은 기업의 체질 개선과 성장성을 시사합니다."", ""부채비율이 낮고 영업현금흐름이 양호하여 재무 안정성이 뛰어나며, 배당수익률 또한 투자 매력을 더합니다.""]",4.835589941972921,24.274661508704064
5930,삼성전자,2026-03-03,172200,Buy,85,"[""최근 1개월 수익률이 22.32%로 강한 상승세를 보이고 있으며, 52주 최고가 대비 현재 위치가 86.1%로 상승 여력이 남아있습니다."", ""애널리스트 리포트에서 긍정적인 목표주가 제시와 함께 재평가 필요, 국민 1등 주식 등의 호평이 이어지고 있습니다."", ""연간 실적에서 매출 및 영업이익이 큰 폭으로 증가했으며, 영업이익률 개선과 함께 영업현금흐름이 양호하여 재무 안정성이 높습니다.""]",10.336817653890824,10.104529616724738
660,SK하이닉스,2023-01-02,75600,Neutral,60,"[""SK하이닉스는 현재 52주 최저가에 근접한 가격에 거래되고 있으며, 이는 단기적인 반등 가능성을 시사합니다."", ""최근 1개월 수익률이 마이너스를 기록하고 거래량 변화율도 하락세를 보이고 있어 투자 심리가 위축된 상태입니다."", ""연간 실적은 매우 긍정적이지만, 현재 시장 상황과 기술적 지표들이 명확한 방향성을 제시하지 못하고 있어 보수적인 접근이 필요합니다.""]",14.417989417989418,23.544973544973544
660,SK하이닉스,2023-02-01,93400,Buy,75,"[""최근 1개월 수익률이 21.87%로 강한 상승세를 보이고 있으며, 거래량 변화율도 31.44%로 긍정적인 흐름을 나타내고 있습니다."", ""PER 6.5, PBR 1.05 등 현재 주가는 과거 실적 대비 저평가된 구간으로 판단되며, ROE 16.1%는 양호한 수익성을 보여줍니다."", ""애널리스트 리포트에서 제시된 목표주가들이 현재가 대비 상승 여력을 시사하고 있으며, 비관적인 전망 속에서도 부담되지 않는다는 의견이 있습니다.""]",1.070663811563169,-6.531049250535332
660,SK하이닉스,2023-03-02,87300,Neutral,60,"[""최근 애널리스트 리포트에서 목표주가가 현재가 대비 상승 여력을 제시하고 있으나, 가장 최근 리포트에서는 DRAM 수요 및 가격 하락을 예상하며 부정적인 전망을 내놓고 있습니다."", ""최근 1개월 수익률이 소폭 하락했으며 거래량 변화율도 감소하여 단기적인 투자 심리가 위축된 것으로 보입니다."", ""기술적으로 52주 최저가 대비 높은 수준에 위치해 있으나, 52주 최고가 대비로는 상당한 하락폭을 기록하고 있어 방향성 판단이 어렵습니다.""]",-4.581901489117984,1.4891179839633446
660,SK하이닉스,2023-04-03,84500,Buy,75,"[""최근 애널리스트 리포트들이 일제히 목표주가를 상향하며 바닥 통과 및 상승 전환을 예상하고 있습니다."", ""현재 주가가 52주 최저가 대비 약 14% 상승한 수준으로, 기술적으로도 반등 가능성이 있습니다."", ""거래량 변화율이 42.23%로 높게 나타나고 있어 투자자들의 관심이 증가하고 있음을 시사합니다.""]",8.63905325443787,6.272189349112427
660,SK하이닉스,2023-05-02,89800,Buy,75,"[""최근 애널리스트 리포트들이 일제히 실적 하향 조정 종료 및 1분기 실적 호조를 언급하며 목표주가를 상향 조정하고 있어 긍정적인 전망을 제시하고 있습니다."", ""현재 주가는 52주 최고가 대비 약 20.7% 하락한 수준으로, 기술적으로는 반등 가능성이 있는 구간에 위치하고 있습니다."", ""최근 1개월 수익률이 소폭 상승했으며, 거래량 변화율이 31.25%로 증가한 점은 투자 심리 개선의 신호일 수 있습니다.""]",-3.897550111358575,22.828507795100226
660,SK하이닉스,2023-06-01,110300,Buy,75,"[""최근 1개월간 23.24%의 높은 수익률과 52주 최고가에 도달한 강한 상승 모멘텀을 보이고 있습니다."", ""HBM3에 대한 높은 경쟁력을 언급하며 목표주가를 상향 조정한 애널리스트 리포트가 긍정적인 영향을 미칠 것으로 예상됩니다."", ""반도체 업황 회복에 대한 기대감과 SK하이닉스의 기술력이 향후 주가 상승을 견인할 가능성이 높습니다.""]",4.0797824116047146,6.618313689936536
660,SK하이닉스,2023-07-03,117900,Buy,75,"[""최근 애널리스트 리포트에서 일관되게 긍정적인 전망과 목표주가 상향이 나타나고 있습니다."", ""현재 주가가 52주 최고가에 근접해 있지만, 여전히 상승 여력이 있다는 분석이 지배적입니다."", ""최근 1개월 수익률이 긍정적인 흐름을 보이고 있으며, 이는 투자 심리 개선에 기여할 수 있습니다.""]",-3.816793893129771,6.106870229007633
660,SK하이닉스,2023-08-01,119500,Buy,75,"[""최근 애널리스트 리포트에서 제시된 목표주가들이 현재가 대비 상당한 상승 여력을 시사하고 있습니다."", ""52주 최고가 대비 현재 위치가 높지만, 최근 1개월 수익률이 긍정적인 흐름을 보여주고 있습니다."", ""부채비율이 64.1%로 재무 안정성이 양호한 편이며, 배당수익률도 1.5%로 투자 매력을 더합니다.""]",-0.8368200836820083,1.9246861924686192
660,SK하이닉스,2023-09-01,119200,Neutral,55,"[""SK하이닉스의 최근 1개월 수익률이 0.42%로 소폭 상승했으나, 거래량 변화율이 -20.07%로 감소한 점은 투자 심리 위축을 시사합니다."", ""연간 실적에서 매출은 소폭 증가했으나 영업이익이 큰 폭으로 감소한 점은 수익성 악화에 대한 우려를 남깁니다."", ""현재 주가가 52주 최고가 대비 약 15% 하락한 수준이지만, 52주 최저가 대비로는 높은 위치에 있어 추가 상승 여력과 하락 위험이 공존합니다.""]",-2.7684563758389262,1.006711409395973
660,SK하이닉스,2023-10-04,120200,Buy,70,"[""최근 애널리스트 리포트에서 긍정적인 전망과 함께 목표주가가 현재가 대비 높게 제시되고 있습니다."", ""메모리 반도체 고정가격 상승 전환 가능성이 언급되며 실적 개선에 대한 기대감이 존재합니다."", ""52주 최고가 대비 현재 위치가 76.2%로, 상승 여력이 남아있다고 판단됩니다.""]",3.743760399334443,4.658901830282862
660,SK하이닉스,2023-11-01,125300,Buy,70,"[""최근 애널리스트 리포트에서 긍정적인 전망과 함께 목표주가가 현재가 대비 상승 여력을 시사하고 있습니다."", ""HBM 시장 성장 잠재력에 대한 긍정적인 분석이 SK하이닉스의 미래 성장 동력으로 작용할 것으로 예상됩니다."", ""최근 1개월 수익률이 4.61%로 양호한 흐름을 보이고 있으며, 거래량 변화율도 높아 투자자들의 관심이 증가하고 있음을 나타냅니다.""]",2.154828411811652,6.863527533918595
660,SK하이닉스,2023-12-01,131100,Neutral,60,"[""현재가 52주 최고가에 근접하여 단기 상승 여력이 제한적일 수 있다는 분석이 있습니다."", ""최근 1개월 수익률은 긍정적이나, 거래량 변화율이 감소하여 투자 심리가 위축될 가능성도 있습니다."", ""애널리스트 리포트 내 목표주가 편차가 크고, 일부 리포트에서는 단기 상승 가능성이 낮다고 언급하고 있습니다.""]",-1.6781083142639208,4.0427154843630815
660,SK하이닉스,2024-01-02,136800,Buy,75,"[""최근 1개월 수익률이 9.20%로 양호하며, 52주 최고가에 근접한 강한 상승세를 보이고 있습니다."", ""최근 애널리스트 리포트들이 긍정적인 전망과 함께 목표주가를 상향 조정하고 있어 추가 상승 여력이 기대됩니다."", ""메모리 시장의 회복 기대감과 SK하이닉스의 시장 지배력을 고려할 때 단기적인 상승 추세가 이어질 가능성이 높습니다.""]",-2.4122807017543857,-1.5350877192982455
660,SK하이닉스,2024-02-01,134900,Buy,75,"[""다수의 애널리스트 리포트에서 긍정적인 목표주가를 제시하며 향후 상승 가능성을 시사하고 있습니다."", ""52주 최고가 대비 현재 위치가 높아 추가 상승 여력이 제한적일 수 있으나, 최근 1개월 수익률 하락은 단기적 조정으로 해석될 수 있습니다."", ""메모리 반도체 시장의 회복 기대감과 SK하이닉스의 기술 경쟁력은 장기적인 관점에서 긍정적인 요인으로 작용할 수 있습니다.""]",11.193476649369902,20.75611564121572
660,SK하이닉스,2024-03-04,165800,Buy,75,"[""SK하이닉스는 최근 1개월간 21.62%의 높은 수익률을 기록하며 강한 상승세를 보이고 있으며, 52주 최고가에 근접한 100.0% 위치에 있어 추가 상승 여력이 기대됩니다."", ""최근 애널리스트 리포트에서 엔비디아 효과를 반영한 긍정적인 전망과 함께 목표주가 180,000원을 제시하며 시장의 기대감을 높이고 있습니다."", ""거래량 변화율이 46.11%로 높게 나타나고 있어 투자자들의 관심이 집중되고 있으며, 이는 향후 주가 상승의 동력이 될 수 있습니다.""]",-0.060313630880579,12.364294330518698
660,SK하이닉스,2024-04-01,186300,Buy,75,"[""최근 3건의 애널리스트 리포트 모두 목표주가를 현재가 대비 상향 조정하며 긍정적인 전망을 제시하고 있습니다."", ""최근 1개월 수익률이 18.76%로 강한 상승세를 보이고 있으며, 52주 최고가에 근접한 100% 위치에 있어 추가 상승 여력이 기대됩니다."", ""영업이익은 적자 상태이나, 매출은 전년 대비 감소했음에도 불구하고 영업 현금 흐름이 긍정적인 점은 재무적 안정성을 일부 보여줍니다.""]",-1.8250134192163177,-6.816961889425658
660,SK하이닉스,2024-05-02,173200,Buy,75,"[""최근 애널리스트 리포트에서 일관되게 긍정적인 전망과 높은 목표주가를 제시하고 있어 단기 상승 가능성이 높습니다."", ""52주 최고가 대비 현재 위치가 높아 추가 상승 여력이 제한적일 수 있으나, 기술적 지표상 긍정적인 흐름을 보이고 있습니다."", ""최근 1개월 수익률이 하락했음에도 불구하고, NAND 사업 턴어라운드 및 AI 관련 메모리 수요 증가 기대감이 주가에 긍정적인 영향을 미칠 것으로 예상됩니다.""]",6.120092378752887,11.605080831408776
660,SK하이닉스,2024-06-03,193300,Buy,70,"[""최근 1개월 수익률이 11.48%로 양호한 흐름을 보이고 있으며, 52주 최고가 대비 현재 위치가 92.1%로 상승 여력이 남아있습니다."", ""TSMC와의 패키징 기술협력에 대한 긍정적인 애널리스트 리포트가 목표주가 상향 가능성을 시사하고 있습니다."", ""영업이익은 적자이나, 매출 감소폭이 줄어들고 영업현금흐름이 양(+)으로 전환된 점은 긍정적인 신호로 해석될 수 있습니다.""]",11.226073460941542,22.090015519917227
660,SK하이닉스,2024-07-01,232000,Buy,75,"[""최근 1개월 수익률이 20.34%로 강한 상승세를 보이고 있으며, 52주 최고가 대비 현재 위치가 98.4%로 매우 근접해 있어 추가 상승 여력이 있습니다."", ""애널리스트들의 목표주가가 현재가 대비 상향 제시되고 있으며, HBM 경쟁 우위 효과 지속에 대한 긍정적인 전망이 나오고 있습니다."", ""연간 실적은 적자 상태이나, 영업현금흐름이 흑자를 기록하고 있으며 부채비율도 87.5%로 재무 안정성이 양호한 편입니다.""]",2.8017241379310347,-18.57758620689655
660,SK하이닉스,2024-08-01,173200,Buy,70,"[""최근 애널리스트 리포트에서 '낙폭 과대' 및 '목표주가 상향' 의견이 다수 제시되며 긍정적인 전망을 내비치고 있습니다."", ""2분기 실적이 컨센서스를 상회하고 분기 최대 실적을 기록했다는 점은 긍정적인 신호입니다."", ""최근 1개월 수익률이 -18.09%로 하락했지만, 52주 최저가 대비 현재 위치가 62.7%로 회복 가능성이 존재합니다.""]",-0.9815242494226328,0.4618937644341801
660,SK하이닉스,2024-09-02,168300,Buy,65,"[""최근 애널리스트 리포트에서 투자 의견 상향 및 목표주가 제시가 긍정적인 신호로 작용할 수 있습니다."", ""현재 주가는 52주 최고가 대비 상당한 하락폭을 보이고 있어 기술적 반등 가능성이 존재합니다."", ""영업현금흐름이 흑자를 기록하고 있으며, 부채비율이 안정적인 수준으로 재무 건전성은 양호한 편입니다.""]",-7.605466428995841,5.763517528223411
660,SK하이닉스,2024-10-02,174100,Neutral,60,"[""현재 주가는 52주 최고가 대비 상당한 하락폭을 보이고 있으나, 최근 1개월 수익률은 하락세를 나타내고 있습니다."", ""애널리스트 리포트에서는 장기 전망은 유효하며 HBM 관련 긍정적인 시각이 제시되고 있으나, 단기적인 눈높이 조정이 언급되었습니다."", ""연간 실적은 큰 폭의 적자를 기록하고 있으며, PER이 해당되지 않는 상황은 투자 매력도를 낮추는 요인입니다.""]",7.696726019529006,11.430212521539346
660,SK하이닉스,2024-11-01,194000,Buy,75,"[""최근 애널리스트 리포트에서 목표주가가 현재가 대비 상향 조정되는 추세이며, 특히 HBM 관련 긍정적인 전망이 다수 제시되었습니다."", ""최근 1개월 수익률이 4.35%로 양호한 흐름을 보이고 있으며, 52주 최고가 대비 현재 위치가 중간 이상에 있어 추가 상승 여력이 존재합니다."", ""영업이익률은 낮지만, 영업현금흐름이 긍정적이며 부채비율이 안정적인 수준으로 재무 건전성은 양호한 편입니다.""]",-0.7216494845360825,-18.144329896907216
660,SK하이닉스,2024-12-02,164900,Buy,70,"[""최근 애널리스트 리포트에서 목표주가가 현재가 대비 상향 조정되는 추세이며, 긍정적인 전망이 제시되고 있습니다."", ""HBM 등 고부가가치 제품 경쟁력에 대한 기대감이 존재하며, 이는 향후 실적 개선의 동력이 될 수 있습니다."", ""최근 1개월 수익률은 하락했으나, 52주 최저가 대비 현재 위치는 상승 여력이 남아있다고 판단됩니다.""]",3.335354760460885,10.309278350515465
660,SK하이닉스,2025-01-02,181900,Neutral,60,"[""SK하이닉스는 현재 적자 상태이며 PER이 없어 가치평가에 어려움이 있습니다."", ""최근 1개월 수익률은 긍정적이나, 거래량 변화율은 감소 추세로 투자 심리가 위축될 수 있습니다."", ""애널리스트 목표주가는 현재가 대비 상승 여력을 시사하지만, '초현실적 리스크' 언급은 불확실성을 내포합니다.""]",11.874656404617925,11.874656404617925
660,SK하이닉스,2025-02-03,191100,Buy,75,"[""최근 1개월 수익률이 12.23%로 양호하며, 거래량 변화율도 38.34%로 높아 투자자들의 관심이 증가하고 있음을 시사합니다."", ""최근 30일간 애널리스트 리포트들이 일관되게 긍정적인 전망과 함께 260,000원 이상의 목표주가를 제시하고 있어 향후 주가 상승에 대한 기대감을 높입니다."", ""비록 현재 적자 상태이지만, PBR 2.54배는 업종 평균 대비 높은 수준은 아니며, 영업현금흐름이 흑자를 기록하고 있어 재무적인 부분에서 급격한 악화 가능성은 낮습니다.""]",4.500261643118786,1.0465724751439036
660,SK하이닉스,2025-03-04,193100,Neutral,60,"[""SK하이닉스는 현재 적자 상태이며, 최근 1개월 수익률과 거래량 변화율이 부정적인 흐름을 보이고 있습니다."", ""하지만 52주 최저가 대비 현재 위치가 41.7%로, 주가 반등의 여력도 존재합니다."", ""반도체 업황 회복에 대한 기대감과 대규모 투자 집행으로 인한 단기적인 변동성이 예상되어 명확한 방향성 판단이 어렵습니다.""]",3.003625064733299,2.485758674262041
660,SK하이닉스,2025-04-01,197900,Buy,75,"[""최근 애널리스트 리포트에서 긍정적인 전망과 함께 목표주가가 현재가 대비 상승 여력을 시사하고 있습니다."", ""연간 실적이 전년 대비 큰 폭으로 성장하며 견조한 재무 상태를 보여주고 있습니다."", ""52주 최고가 대비 현재 위치가 중간 지점에 있어 추가 상승 가능성을 배제할 수 없습니다.""]",-16.624557857503792,-10.30823648307226
660,SK하이닉스,2025-05-02,190800,Buy,85,"[""최근 애널리스트 리포트에서 제시된 목표주가들이 현재가 대비 상당한 상승 여력을 보여주고 있습니다."", ""연간 실적에서 매출과 영업이익이 전년 대비 큰 폭으로 성장했으며, 영업이익률 또한 매우 높은 수준을 유지하고 있습니다."", ""PER 6.5, PBR 1.79, ROE 27.7% 등 재무 지표들이 양호하며, 부채비율도 62.1%로 안정적인 수준입니다.""]",7.966457023060797,17.662473794549268
660,SK하이닉스,2025-06-02,217500,Buy,75,"[""최근 1개월 동안 14.77%의 높은 수익률을 기록하며 상승세를 이어가고 있습니다."", ""연간 실적에서 매출과 영업이익이 전년 대비 큰 폭으로 증가하며 견조한 성장세를 보여주고 있습니다."", ""애널리스트 리포트에서 목표주가 상향 조정이 있었으며, 이는 향후 주가 상승에 대한 긍정적인 전망을 시사합니다.""]",8.275862068965518,28.04597701149425
660,SK하이닉스,2025-07-01,279000,Buy,85,"[""최근 1개월 동안 34.67%의 높은 수익률과 50.28%의 거래량 변화율은 강한 상승 모멘텀을 시사합니다."", ""애널리스트들의 목표주가가 현재가 대비 상당한 상승 여력을 보여주고 있으며, 긍정적인 투자의견이 지배적입니다."", ""전년 대비 매출 및 영업이익이 크게 증가하는 등 견조한 실적 개선세를 보이고 있으며, 높은 ROE와 낮은 부채비율은 재무 건전성을 뒷받침합니다.""]",0.7168458781362007,-5.555555555555555
660,SK하이닉스,2025-08-01,258000,Buy,75,"[""최근 애널리스트 리포트에서 제시된 목표주가들이 현재가 대비 상당한 상승 여력을 시사하고 있습니다."", ""연간 실적에서 매출과 영업이익이 전년 대비 크게 증가하며 견조한 성장세를 보여주고 있습니다."", ""PER, PBR 등 재무지표가 업종 평균 대비 매력적인 수준은 아니지만, 높은 ROE와 견조한 실적 성장세를 고려할 때 긍정적인 측면이 있습니다.""]",3.488372093023256,0.9689922480620154
660,SK하이닉스,2025-09-01,260500,Neutral,50,"[""최근 1개월 수익률 하락 및 거래량 감소는 단기적인 매도 압력을 시사합니다."", ""하지만 SK하이닉스는 높은 ROE와 견조한 연간 실적 성장세를 보여 장기적인 투자 매력은 여전히 유효합니다."", ""현재 주가는 52주 최고가 대비 하락했지만, 52주 내 위치는 여전히 높은 편으로 추가 상승 여력과 하락 위험이 공존합니다.""]",10.55662188099808,33.397312859884835
660,SK하이닉스,2025-10-01,395500,Buy,85,"[""최근 1개월 수익률이 38.20%로 매우 높으며, 52주 최고가에 근접한 99.5% 위치는 강한 상승 모멘텀을 시사합니다."", ""최근 애널리스트 리포트들이 일관되게 긍정적인 전망과 함께 목표주가를 현재가 대비 상향 제시하고 있어 추가 상승 여력이 충분합니다."", ""연간 실적에서 매출과 영업이익이 전년 대비 큰 폭으로 증가했으며, 높은 영업이익률과 ROE는 견조한 펀더멘털을 뒷받침합니다.""]",14.412136536030342,49.93678887484197
660,SK하이닉스,2025-11-03,586000,Buy,90,"[""최근 1개월간 84.25%의 높은 수익률과 52주 최고가에 근접한 현재 위치는 강한 상승 모멘텀을 시사합니다."", ""애널리스트 리포트에서 제시된 목표주가들이 현재가 대비 상당한 상승 여력을 보여주며, 긍정적인 전망을 뒷받침합니다."", ""전년 대비 매출 및 영업이익이 폭발적으로 증가하는 등 견조한 실적 개선세를 보이고 있으며, 높은 영업이익률과 ROE는 기업의 수익성을 증명합니다.""]",5.631399317406143,-4.778156996587031
660,SK하이닉스,2025-12-01,558000,Buy,85,"[""최근 애널리스트 리포트에서 2026년 영업이익 전망치 상향 및 목표주가 상향 조정이 긍정적인 시그널을 제시하고 있습니다."", ""52주 최고가 대비 현재 위치가 높아 상승 여력이 남아있으며, 최근 1개월 수익률 하락은 단기 조정으로 해석될 수 있습니다."", ""전년 대비 폭발적인 매출 및 영업이익 성장은 SK하이닉스의 견조한 펀더멘털을 뒷받침합니다.""]",1.4336917562724014,21.32616487455197
660,SK하이닉스,2026-03-03,849000,Buy,85,"[""최근 1개월 수익률이 17.38%로 강한 상승세를 보이고 있으며, 52주 최고가 대비 현재 위치가 82.9%로 상승 여력이 충분합니다."", ""애널리스트들의 목표주가가 현재가 대비 높게 제시되고 있으며, 긍정적인 전망이 우세합니다."", ""전년 대비 매출 및 영업이익이 폭발적으로 증가하는 등 견고한 실적 개선세를 보이고 있으며, 재무 안정성 또한 양호합니다.""]",12.48527679623086,5.1825677267373385
207940,삼성바이오로직스,2023-01-02,1181810,Neutral,60,"[""삼성바이오로직스는 견조한 실적 성장과 안정적인 재무 구조를 보여주고 있으나, 현재 52주 최고가 대비 상당한 하락폭과 최근 1개월 수익률 하락은 단기적인 투자 심리 위축을 시사합니다."", ""높은 PER과 PBR은 현재 주가가 기업의 내재가치 대비 고평가되었을 가능성을 나타내며, 이는 향후 상승 여력을 제한할 수 있습니다."", ""거래량 감소는 투자자들의 관망세를 반영하며, 20거래일 내 뚜렷한 방향성을 예측하기 어려운 상황입니다.""]",-0.4981342178522774,1.1208231441602288
207940,삼성바이오로직스,2023-02-01,1195056,Neutral,60,"[""최근 1개월 수익률이 소폭 하락했으나, 거래량 변화율이 높아 변동성이 확대될 가능성이 있습니다."", ""애널리스트들의 목표주가 평균이 현재가와 유사하거나 다소 낮은 수준으로 제시되어 단기적인 상승 여력이 제한적일 수 있습니다."", ""연간 실적은 견조한 성장세를 보였으나, 현재 주가 수준이 52주 최고가에 근접해 있어 추가 상승을 위해서는 긍정적인 모멘텀이 필요합니다.""]",0.2463482882810512,-2.955677390850303
207940,삼성바이오로직스,2023-03-02,1159734,Neutral,55,"[""삼성바이오로직스는 견조한 매출 및 영업이익 성장세를 보이고 있으나, 높은 밸류에이션 지표(PER, PBR)는 단기적인 상승 여력을 제한할 수 있습니다."", ""최근 1개월 수익률이 마이너스를 기록하고 거래량 변화율이 감소한 점은 투자 심리 위축 가능성을 시사합니다."", ""52주 최고가 대비 현재 위치가 상대적으로 낮지만, 52주 최저가 대비로는 상승폭이 제한적이며, 20거래일이라는 단기적인 관점에서 뚜렷한 방향성을 예측하기 어렵습니다.""]",-1.5228492050763365,0.0
207940,삼성바이오로직스,2023-04-03,1159734,Neutral,50,"[""최근 1개월 수익률이 마이너스를 기록하며 단기적인 약세를 보이고 있으나, 52주 최저가 대비 현재 위치가 15.4%로 상승 여력이 남아있습니다."", ""연간 실적은 매출 및 영업이익이 크게 증가하며 견조한 성장세를 보여주고 있습니다."", ""애널리스트 리포트에서 제시된 목표주가(1,100,000원)가 현재가(1,159,734원)보다 낮아 단기적인 상승 모멘텀이 약할 수 있습니다.""]",3.045698410152673,-1.6497748621666692
207940,삼성바이오로직스,2023-05-02,1140601,Neutral,60,"[""최근 애널리스트 리포트에서 제시된 목표주가들이 현재가 대비 하락 가능성을 시사하고 있습니다."", ""최근 1개월 수익률이 마이너스를 기록하며 단기적인 약세 흐름을 보이고 있습니다."", ""하지만 연간 실적 성장률이 매우 높고 영업이익률 및 영업현금흐름이 견조하여 장기적인 성장성은 여전히 유효합니다.""]",1.032262815831303,1.290372356327936
207940,삼성바이오로직스,2023-06-01,1155319,Neutral,50,"[""최근 1개월 수익률이 0.90%로 소폭 상승했으나, 거래량 변화율이 -35.39%로 크게 감소하여 투자 심리가 위축되었음을 시사합니다."", ""PER 101.4, PBR 5.98은 현재 주가가 고평가되었을 가능성을 나타내며, ROE 5.9%는 이에 비해 낮은 수익성을 보여주고 있습니다."", ""애널리스트 리포트에서 목표주가 1,000,000원을 제시한 것은 현재가 1,155,319원 대비 하락 가능성을 시사하며, 52주 최고가 대비 현재 위치도 21.8%로 하락 여력이 남아있습니다.""]",1.2738473097040732,-5.350297190646047
207940,삼성바이오로직스,2023-07-03,1097921,Neutral,60,"[""최근 1개월 수익률이 마이너스를 기록하며 단기적인 하락 압력이 존재합니다."", ""연간 실적은 매우 긍정적이나, 2분기 실적에 대한 목표주가 하향 조정 리포트가 있어 단기적인 투자 심리에 부정적인 영향을 줄 수 있습니다."", ""현재가가 52주 최저가에 근접해 있어 기술적으로는 반등 가능성도 있으나, 명확한 상승 모멘텀이 부족합니다.""]",-3.0830997858680176,7.5067331802561394
207940,삼성바이오로직스,2023-08-01,1161206,Neutral,60,"[""최근 애널리스트 리포트들의 목표주가가 현재가 대비 하향 조정되었거나 유사한 수준에 머물러 있어 단기 상승 모멘텀이 제한적일 수 있습니다."", ""최근 1개월 수익률이 7.94%로 양호하나, 52주 최고가 대비 현재 위치가 46.5%로 중간 수준에 머물러 있어 추가 상승 여력에 대한 판단이 엇갈릴 수 있습니다."", ""연간 실적은 매우 긍정적이나, PER이 103.2로 높아 밸류에이션 부담이 존재하며, 이는 단기 주가 상승을 제한하는 요인이 될 수 있습니다.""]",1.1407106060423386,-6.590647998718574
207940,삼성바이오로직스,2023-09-01,1083203,Neutral,60,"[""최근 1개월 수익률이 마이너스이고 거래량 변화율도 큰 폭으로 하락하여 단기적인 하방 압력이 존재합니다."", ""연간 실적이 매우 큰 폭으로 성장하고 영업이익률도 높아 재무적인 펀더멘털은 견고합니다."", ""애널리스트들의 목표주가가 현재가와 유사하거나 소폭 낮은 수준으로 제시되어 있어 단기적인 급등보다는 횡보 가능성이 있습니다.""]",-0.2716942253668056,-0.6792817228164988
207940,삼성바이오로직스,2023-10-04,1064071,Buy,75,"[""최근 1개월 수익률 하락에도 불구하고, 전년 대비 폭발적인 매출 및 영업이익 성장은 긍정적인 투자 심리를 자극할 수 있습니다."", ""영업이익률 32.8%와 높은 영업현금흐름은 견고한 수익성과 재무 안정성을 시사하며, 이는 주가 상승의 기반이 될 수 있습니다."", ""현재가가 52주 최저가에 근접한 수준이며, 거래량 변화율이 긍정적인 점은 단기적인 반등 가능성을 높입니다.""]",-0.2766732671034169,-2.4896834891656665
207940,삼성바이오로직스,2023-11-01,1047882,Buy,75,"[""최근 애널리스트 리포트에서 목표주가가 현재가 대비 소폭 상승 여력을 제시하고 있으며, 긍정적인 전망이 다수입니다."", ""최근 1개월 수익률이 3.38%로 양호하며, 거래량 변화율이 40.04%로 증가하는 등 매수세 유입 가능성을 시사합니다."", ""연간 실적에서 매출과 영업이익이 전년 대비 큰 폭으로 성장했으며, 영업이익률 또한 32.8%로 견조한 모습을 보입니다.""]",1.5449258599727833,1.8257780933349363
207940,삼성바이오로직스,2023-12-01,1047882,Neutral,55,"[""최근 1개월 수익률이 마이너스이고 거래량 변화율도 감소하는 등 단기적인 모멘텀이 약화된 모습을 보이고 있습니다."", ""애널리스트들의 목표주가가 현재가와 비슷하거나 소폭 낮은 수준으로 제시되어 있어, 단기적인 상승 여력이 제한적일 수 있습니다."", ""연간 실적은 매우 긍정적이지만, 현재가 기준으로 PER이 높아 단기적인 밸류에이션 부담이 존재합니다.""]",-1.2640736266106298,8.146050795795711
207940,삼성바이오로직스,2024-01-02,1158262,Buy,75,"[""삼성바이오로직스는 최근 1개월 동안 8.23%의 높은 수익률을 기록하며 긍정적인 모멘텀을 보여주고 있습니다."", ""연간 실적에서 매출과 영업이익이 전년 대비 각각 91.4%와 83.1%로 크게 증가했으며, 높은 영업이익률(32.8%)을 유지하고 있어 견조한 펀더멘털을 뒷받침합니다."", ""현재 주가는 52주 최고가 대비 약 72.7% 수준으로, 여전히 상승 여력이 남아있으며 거래량 변화율(49.84%) 또한 증가 추세를 시사합니다.""]",-5.209615786411019,6.734486670546043
207940,삼성바이오로직스,2024-02-01,1264228,Sell,70,"[""최근 애널리스트 리포트에서 제시된 목표주가들이 현재가 대비 하락 가능성을 시사하고 있습니다."", ""PER이 106.6으로 높아 밸류에이션 부담이 존재하며, ROE 5.9% 대비 높은 PBR 6.29는 추가 상승 여력을 제한할 수 있습니다."", ""52주 최고가 근접 및 52주 내 현재 위치 93.1%는 단기적인 차익 실현 매물 출회 가능성을 높입니다.""]",-2.4447330703006105,-8.614664443439
207940,삼성바이오로직스,2024-03-04,1147960,Neutral,50,"[""연간 실적은 매우 긍정적이나, 현재가 기준 PER이 높아 단기적인 밸류에이션 부담이 존재합니다."", ""최근 1개월 수익률이 마이너스이며 거래량 변화율도 감소하는 등 단기적인 투자 심리가 위축된 모습입니다."", ""52주 최고가 대비 현재 위치가 중간 지점에 있어 추가 상승 및 하락 가능성이 혼재되어 있어 명확한 방향성을 판단하기 어렵습니다.""]",7.692341196557371,4.615404717934423
207940,삼성바이오로직스,2024-04-01,1200943,Buy,75,"[""삼성바이오로직스는 견조한 매출 및 영업이익 성장세를 보이며, 높은 영업이익률과 긍정적인 영업현금흐름을 기록하고 있어 재무적으로 안정적인 모습을 보여줍니다."", ""현재 주가는 52주 최고가 대비 약 4.7% 하락한 수준으로, 기술적으로는 여전히 52주 내 높은 위치에 있으며 최근 1개월 수익률도 긍정적인 흐름을 유지하고 있습니다."", ""바이오 의약품 위탁생산(CMO) 시장의 성장 전망과 삼성바이오로직스의 글로벌 경쟁력을 고려할 때, 단기적인 시장 대비 상승 가능성이 높다고 판단됩니다.""]",-1.3480240111312527,-5.024551539914883
207940,삼성바이오로직스,2024-05-02,1134714,Sell,65,"[""최근 1개월 수익률이 -5.02%로 하락세를 보이고 있으며, 거래량 변화율 또한 -28.83%로 감소하여 투자 심리가 위축된 것으로 판단됩니다."", ""최근 30일간 발표된 애널리스트 리포트들의 목표주가가 현재가(1,134,714원) 대비 하향 조정되었거나, 현재가에 근접한 수준으로 제시되어 상승 여력이 제한적입니다."", ""PER 94.7, PBR 5.37 등 현재 밸류에이션 지표가 다소 높은 수준이며, ROE 5.7%는 이를 정당화하기에 다소 낮은 수치입니다.""]",1.297066926115303,-2.334597087900564
207940,삼성바이오로직스,2024-06-03,1108223,Neutral,60,"[""최근 1개월 수익률이 마이너스(-)를 기록하며 단기적인 하락 압력이 존재합니다."", ""PER이 91.8배로 높은 수준이며, 52주 최고가 대비 현재 위치가 40.2%로 상승 여력이 제한적일 수 있습니다."", ""연간 실적은 견조한 성장세를 보이고 있으며, 부채비율이 낮아 재무 안정성은 우수하나, 목표주가 하향 리포트가 존재하여 투자 심리에 영향을 줄 수 있습니다.""]",-1.4608070758322107,7.569776119066289
207940,삼성바이오로직스,2024-07-01,1192113,Neutral,60,"[""최근 1개월 수익률은 긍정적이나, 52주 최고가 대비 현재 위치가 44.1%로 상승 여력이 제한적일 수 있습니다."", ""PER 92.7배는 높은 수준으로, 현재가 1,192,113원에 대한 목표주가 1,100,000원 하향 조정 리포트가 존재하여 단기 하락 가능성을 시사합니다."", ""연간 실적은 긍정적이고 재무 안정성도 양호하나, 단기적인 투자 심리 및 기술적 지표 상 상승 모멘텀이 강하게 나타나지 않아 방향성 판단이 어렵습니다.""]",-1.7284435284238997,15.678966675139016
207940,삼성바이오로직스,2024-08-01,1340759,Neutral,60,"[""최근 1개월 수익률이 14.20%로 양호한 흐름을 보이고 있으나, 52주 최고가에 근접한 위치에 있어 추가 상승 여력이 제한적일 수 있습니다."", ""최근 애널리스트 리포트들의 목표주가가 현재가 대비 하향 조정되었으며, 이는 단기적인 투자 심리에 부정적인 영향을 줄 수 있습니다."", ""연간 실적은 견조한 성장세를 보이고 있으나, PER이 113.0으로 높아 밸류에이션 부담이 존재합니다.""]",5.378669842977001,5.92753805866677
207940,삼성바이오로직스,2024-09-02,1414346,Neutral,60,"[""최근 1개월 수익률은 긍정적이나, 애널리스트 리포트의 목표주가가 현재가보다 낮아 상승 여력이 제한적일 수 있습니다."", ""기술적으로 52주 최고가에 근접해 있어 단기 차익 실현 매물이 출회될 가능성이 있습니다."", ""연간 실적은 견조한 성장세를 보이고 재무 안정성도 우수하지만, 시장 대비 상승을 확신하기에는 불확실성이 존재합니다.""]",3.6420366727802103,4.474506238218937
207940,삼성바이오로직스,2024-10-02,1470272,Neutral,50,"[""최근 1개월 수익률이 마이너스이고 거래량 변화율도 감소하는 등 단기적인 하락 압력이 존재합니다."", ""52주 최고가 대비 현재 위치가 73.0%로 여전히 높은 편이지만, 애널리스트 목표주가가 현재가보다 낮게 제시되어 있어 상승 여력에 대한 의문이 있습니다."", ""연간 실적은 견조한 성장세를 보이고 재무 안정성도 양호하지만, 단기적인 기술적 지표와 목표주가 하향 조정이 투자 방향성을 불확실하게 만들고 있습니다.""]",3.703736451486528,1.8018434684194489
207940,삼성바이오로직스,2024-11-01,1496764,Sell,75,"[""최근 30일간 애널리스트 리포트에서 제시된 목표주가 평균이 현재가 대비 하락 가능성을 시사하고 있습니다."", ""52주 최고가 대비 현재 위치가 76.3%로, 추가 상승 여력보다는 단기 고점 형성 후 조정 가능성이 있습니다."", ""최근 1개월 수익률은 2.15%로 양호하나, 거래량 변화율이 -23.04%로 감소하고 있어 투자 심리가 위축될 수 있습니다.""]",-0.9833213519298968,-4.523157959437827
207940,삼성바이오로직스,2024-12-02,1423176,Neutral,60,"[""삼성바이오로직스는 견조한 매출 및 영업이익 성장세를 보이고 있으며, 높은 영업이익률과 긍정적인 영업현금흐름은 재무 건전성을 뒷받침합니다."", ""현재가는 52주 최고가 대비 약 11.4% 하락한 수준으로, 기술적으로는 추가 하락보다는 반등 가능성을 시사하지만, 최근 1개월 수익률이 마이너스인 점은 단기적인 약세 심리를 반영합니다."", ""PER과 PBR 지표가 다소 높은 수준으로 밸류에이션 부담이 존재하며, 배당수익률이 없어 주주환원 측면에서의 매력은 제한적입니다. 따라서 단기 20거래일 내 뚜렷한 방향성을 예측하기 어렵습니다.""]",-0.8273045638768501,-2.792135336739799
207940,삼성바이오로직스,2025-01-02,1383439,Neutral,50,"[""삼성바이오로직스는 견조한 매출 및 영업이익 성장세를 보이고 있으나, 높은 PER과 PBR은 밸류에이션 부담을 시사합니다."", ""최근 1개월 수익률 하락과 거래량 감소는 단기적인 투자 심리 위축을 나타낼 수 있습니다."", ""52주 최고가 대비 현재 위치가 59.4%로 상승 여력과 하락 위험이 공존하는 구간에 있어 명확한 방향성 판단이 어렵습니다.""]",6.3830064064985885,15.85107836341176
207940,삼성바이오로직스,2025-02-03,1577710,Sell,70,"[""현재 주가는 52주 최고가에 근접해 있으며, 기술적 과열 신호가 감지됩니다."", ""최근 애널리스트 리포트들의 목표주가가 현재가 대비 하향 조정되었으며, 이는 향후 주가 상승 여력에 대한 의구심을 나타냅니다."", ""PER 133.7배는 동종 업계 평균 대비 높은 수준으로, 밸류에이션 부담이 존재합니다.""]",9.514929866705542,6.623080287251776
207940,삼성바이오로직스,2025-03-04,1682203,Buy,75,"[""삼성바이오로직스는 견조한 매출 및 영업이익 성장세를 보이며, 높은 영업이익률과 긍정적인 영업현금흐름을 기록하고 있어 재무적으로 안정적인 모습을 유지하고 있습니다."", ""현재 주가는 52주 최고가에 근접해 있으나, 52주 내 현재 위치가 85.8%로 여전히 상승 여력이 남아있음을 시사합니다."", ""최근 1개월 수익률이 3.61%로 긍정적인 흐름을 보이고 있으며, 거래량 변화율도 크지 않아 급격한 하락보다는 점진적인 상승 가능성에 무게를 둡니다.""]",-5.599264773633147,-8.136473422054294
207940,삼성바이오로직스,2025-04-01,1545331,Neutral,60,"[""연간 실적은 견조한 성장세를 보이고 있으나, 현재 PER이 높아 단기적인 밸류에이션 부담이 존재합니다."", ""최근 1개월 수익률이 마이너스를 기록하며 기술적으로는 약세 흐름을 보이고 있습니다."", ""52주 최고가 대비 현재 위치가 높지 않고 거래량 변화율이 감소한 점은 추가 상승 모멘텀이 약함을 시사합니다.""]",-5.523800402632187,0.1905093471884017
207940,삼성바이오로직스,2025-05-02,1532085,Sell,65,"[""최근 애널리스트 리포트들의 목표주가가 현재가 대비 하향 조정되었으며, 이는 단기적인 하락 압력으로 작용할 수 있습니다."", ""PER 104.9, PBR 6.78은 현재 주가가 기업의 내재가치 대비 고평가되었음을 시사하며, 이는 향후 주가 상승 여력을 제한할 수 있습니다."", ""최근 1개월 수익률은 3.33%로 양호하나, 52주 최고가 대비 현재 위치가 78.2%로 높은 편이며, 이는 차익 실현 매물 출현 가능성을 높입니다.""]",-3.4581632220144445,-2.1133292212899413
207940,삼성바이오로직스,2025-06-02,1521783,Sell,70,"[""최근 애널리스트 리포트에서 제시된 목표주가(130만원~135만원)가 현재가(152만원)보다 현저히 낮아 단기적인 하락 압력이 예상됩니다."", ""PER 99.7배는 동종 업계 평균 대비 높은 수준으로 밸류에이션 부담이 존재합니다."", ""최근 1개월 수익률이 -2.09%로 약세를 보이고 있으며, 이는 투자 심리 위축으로 이어질 수 있습니다.""]",-0.4835117753319625,0.9671549754465648
207940,삼성바이오로직스,2025-07-01,1484990,Neutral,55,"[""삼성바이오로직스는 견조한 매출 및 영업이익 성장세를 보이고 있으나, 높은 PER과 PBR은 밸류에이션 부담으로 작용할 수 있습니다."", ""최근 1개월 수익률이 마이너스를 기록하고 거래량 변화율도 감소한 점은 단기적인 투자 심리 위축을 시사합니다."", ""52주 최고가 대비 현재 위치가 60.3% 수준으로, 추가 상승 여력과 하락 위험이 공존하는 구간으로 판단됩니다.""]",0.8919251981494825,8.820598118505849
207940,삼성바이오로직스,2025-08-01,1542388,Sell,70,"[""최근 30일간 발표된 애널리스트 리포트들의 목표주가가 현재가 대비 하향 조정되었으며, 평균 목표주가 또한 현재가보다 낮습니다."", ""PER 100.0은 높은 밸류에이션을 시사하며, 이는 단기적인 주가 상승에 부담으로 작용할 수 있습니다."", ""최근 1개월 수익률이 -0.96%로 소폭 하락세를 보이고 있으며, 이는 투자 심리 위축 가능성을 나타냅니다.""]",-1.5267234962927616,-4.866414935800849
207940,삼성바이오로직스,2025-09-01,1467329,Neutral,50,"[""최근 1개월 수익률이 마이너스이고 거래량 변화율이 크게 감소하여 단기적인 하락 압력이 존재합니다."", ""하지만 연간 실적이 매출과 영업이익 모두 큰 폭으로 성장하고 있으며, 영업이익률과 영업현금흐름이 매우 긍정적인 점은 장기적인 상승 여력을 시사합니다."", ""현재 주가가 52주 최고가 대비 약 15.8% 하락한 수준이며, 52주 최저가 대비로는 약 32.0% 상승한 위치에 있어 단기적인 방향성을 판단하기 어렵습니다.""]",4.413188862211542,0.0
207940,삼성바이오로직스,2025-10-01,1484990,Neutral,60,"[""최근 1개월 수익률이 0.80%로 소폭 상승했으나, 52주 최고가 대비 약 15% 하락한 위치에 있어 상승 모멘텀이 강하지 않습니다."", ""최근 애널리스트 리포트에서 제시된 목표주가 1,300,000원이 현재가 1,484,990원보다 낮아 단기적인 하락 가능성을 시사합니다."", ""거래량 변화율이 48.09%로 높게 나타나 변동성이 커질 수 있으나, 명확한 상승 또는 하락 추세를 판단하기에는 정보가 부족합니다.""]",12.289375686031557,21.01091589842356
207940,삼성바이오로직스,2025-11-03,1797000,Sell,70,"[""최근 30일간 발표된 애널리스트 리포트들의 목표주가가 현재가(1,797,000원) 대비 하향 조정되는 경향을 보이며, 평균 목표주가(1,500,000원) 또한 현재가보다 현저히 낮습니다."", ""기술적 지표상 52주 최고가에 근접한 96.5% 위치에 있으며, 최근 1개월 수익률이 22.10%로 단기 급등 후 차익 실현 매물이 출회될 가능성이 있습니다."", ""PER 118.1배는 높은 수준으로, 현재 주가에 대한 밸류에이션 부담이 존재하며 향후 실적 성장률이 이를 뒷받침하지 못할 경우 주가 조정 가능성이 있습니다.""]",0.0,-7.957707289927657
207940,삼성바이오로직스,2025-12-01,1654000,Buy,75,"[""최근 애널리스트 리포트에서 목표주가를 상향하며 긍정적인 전망을 제시하고 있습니다."", ""연간 실적이 매출과 영업이익 모두 큰 폭으로 성장했으며, 영업이익률도 높은 수준을 유지하고 있습니다."", ""부채비율이 낮고 영업현금흐름이 양호하여 재무 안정성이 뛰어납니다.""]",0.3627569528415961,1.7533252720677146
207940,삼성바이오로직스,2026-03-03,1516000,Neutral,55,"[""삼성바이오로직스는 견조한 매출 및 영업이익 성장세를 보이고 있으나, 높은 PER과 PBR은 밸류에이션 부담을 시사합니다."", ""최근 1개월 수익률이 마이너스를 기록하고 거래량 변화율도 감소하는 등 단기적인 투자 심리가 위축된 모습을 보입니다."", ""52주 최고가 대비 현재 위치가 절반 이상 상승한 상태이며, 52주 최저가와의 격차도 크지 않아 기술적으로는 방향성 판단이 어려운 구간입니다.""]",9.300791556728234,3.693931398416887
68270,셀트리온,2023-01-02,146272,Neutral,50,"[""셀트리온은 견조한 재무 지표와 안정적인 영업 현금 흐름을 보이지만, 최근 1개월 수익률이 마이너스를 기록하며 단기적인 하락 압력을 받고 있습니다."", ""현재 주가는 52주 최고가 대비 상당 부분 하락한 위치에 있으나, 52주 최저가 대비로는 높은 수준을 유지하고 있어 명확한 방향성을 제시하기 어렵습니다."", ""거래량 변화율이 음수이고, PER 및 PBR 지표가 상대적으로 높은 편이어서 추가적인 상승 모멘텀이 약할 수 있다는 점을 고려해야 합니다.""]",3.773791292933713,6.541238241085101
68270,셀트리온,2023-02-01,155840,Neutral,60,"[""최근 1개월 수익률은 긍정적이나, 거래량 변화율은 감소 추세를 보여 단기적인 상승 동력이 약화될 수 있습니다."", ""PER과 PBR 지표가 다소 높은 편으로, 현재가 대비 추가적인 상승 여력에 대한 의문이 제기될 수 있습니다."", ""애널리스트 리포트에서 목표주가 상향 조정 가능성을 시사하지만, 4분기 실적에 대한 아쉬움이 언급되어 불확실성이 존재합니다.""]",-2.2433264887063658,-11.098562628336756
68270,셀트리온,2023-03-02,138544,Neutral,60,"[""최근 1개월 수익률이 -11.08%로 하락세를 보이고 있으나, 52주 최저가 대비 현재 위치가 11.4%로 상승 여력이 남아있습니다."", ""매출 및 영업이익이 전년 대비 소폭 성장하고 영업이익률이 39.6%로 높은 수준을 유지하는 등 재무 건전성은 양호합니다."", ""거래량 변화율이 57.92%로 높게 나타나 향후 주가 변동성을 시사하며, 20거래일 내 뚜렷한 상승 또는 하락 추세를 단정하기 어렵습니다.""]",2.7226007622127266,-0.5312391731146784
68270,셀트리온,2023-04-03,146272,Buy,75,"[""다수의 애널리스트 리포트에서 긍정적인 전망과 함께 목표주가를 현재가 대비 높게 제시하고 있습니다."", ""서정진 회장의 복귀는 경영 정상화 및 성장 동력 강화에 대한 기대감을 높이며 긍정적인 시그널로 작용할 수 있습니다."", ""최근 1개월 수익률은 소폭 하락했지만, 52주 최고가 대비 현재 위치가 낮아 추가 상승 여력이 존재합니다.""]",7.421105884926712,0.0
68270,셀트리온,2023-05-02,146272,Buy,75,"[""최근 애널리스트 리포트에서 긍정적인 전망과 함께 목표주가가 현재가 대비 상승 여력을 시사하고 있습니다."", ""최근 1개월 수익률이 7.08%로 양호한 흐름을 보이고 있으며, 거래량 변화율도 11.80%로 긍정적인 신호를 보내고 있습니다."", ""램시마 SC를 통한 이익률 개선 전망과 본격적인 호실적 구간 진입 가능성이 제기되어 향후 실적 개선에 대한 기대감이 높습니다.""]",6.03806606869394,9.119995624589803
68270,셀트리온,2023-06-01,159612,Buy,75,"[""최근 애널리스트 리포트에서 제시된 목표주가가 현재가 대비 상당한 상승 여력을 시사하며, 긍정적인 전망이 우세합니다."", ""최근 1개월 수익률이 9.22%로 양호한 흐름을 보이고 있으며, 이는 시장의 관심이 지속되고 있음을 나타냅니다."", ""연간 실적에서 매출이 큰 폭으로 증가했으며, 영업현금흐름이 양호하고 부채비율이 낮아 재무 안정성이 뒷받침되고 있습니다.""]",-3.7465854697641774,-12.623111044282384
68270,셀트리온,2023-07-03,137901,Buy,65,"[""최근 1개월 수익률 하락에도 불구하고, 애널리스트 리포트에서 목표주가 상향 조정과 함께 현 주가 수준이 우려를 지나치게 반영했다는 분석이 있습니다."", ""매출은 전년 대비 20.6% 증가하며 견조한 성장세를 보이고 있으며, 높은 영업이익률과 안정적인 부채비율은 재무 건전성을 뒷받침합니다."", ""현재가는 52주 최저가 대비 높은 수준이지만, 52주 최고가 대비로는 아직 하락 여력이 남아있어 단기 반등 가능성이 있습니다.""]",-2.2015793939130246,0.7331346400678748
68270,셀트리온,2023-08-01,136153,Buy,75,"[""최근 애널리스트 리포트에서 목표주가를 상향하며 긍정적인 전망을 제시하고 있습니다."", ""52주 최저가 대비 현재 위치가 낮아 추가 상승 여력이 존재하며, 거래량 변화율도 긍정적인 신호를 보입니다."", ""매출은 견조한 성장세를 유지하고 있으며, 부채비율이 낮아 재무 안정성이 우수합니다.""]",4.6616673888933775,-2.770412697480041
68270,셀트리온,2023-09-01,133852,Buy,65,"[""셀트리온-헬스케어 합병에 대한 긍정적인 전망과 목표주가 상향 조정 리포트가 다수 존재합니다."", ""2분기 실적은 다소 아쉬웠으나, 모멘텀은 여전히 유효하다는 분석이 있습니다."", ""현재 주가는 52주 최저가 대비 소폭 상승한 수준으로, 상승 여력이 남아있다고 판단됩니다.""]",2.612587036428294,-5.841526462062577
68270,셀트리온,2023-10-04,121250,Neutral,50,"[""최근 1개월 수익률이 마이너스이고 거래량 변화율도 크게 하락하여 단기적인 하락 압력이 존재합니다."", ""하지만 연간 매출이 크게 성장했고 영업이익률도 양호하며, 부채비율이 낮고 영업현금흐름이 긍정적인 점은 긍정적인 요인입니다."", ""현재 주가가 52주 최저가에 근접해 있어 기술적으로는 반등 가능성도 있으나, 52주 최고가 대비 하락폭이 크고 시장 대비 상승을 확신하기 어려운 상황입니다.""]",9.18020618556701,13.73278350515464
68270,셀트리온,2023-11-01,137808,Buy,75,"[""최근 애널리스트 리포트에서 합병 성공 및 호실적 전망과 함께 긍정적인 목표주가가 제시되었습니다."", ""최근 1개월 수익률이 9.37%로 양호하며, 거래량 변화율도 43.02%로 증가하여 투자 심리가 개선되고 있음을 시사합니다."", ""매출이 전년 대비 20.6% 증가하는 등 외형 성장이 지속되고 있으며, 부채비율이 37.8%로 낮아 재무 안정성이 우수합니다.""]",5.474283060489957,8.745500986880298
68270,셀트리온,2023-12-01,149584,Buy,75,"[""최근 1개월 수익률이 8.88%로 양호하며, 거래량 변화율도 15.46%로 긍정적인 흐름을 보이고 있습니다."", ""애널리스트들의 목표주가가 현재가 대비 상승 여력을 시사하고 있으며, 특히 3분기 실적 발표 이후에도 긍정적인 리포트가 다수 발표되었습니다."", ""연간 매출액이 전년 대비 20.6% 증가하는 등 외형 성장을 지속하고 있으며, 부채비율이 37.8%로 낮아 재무 안정성이 우수합니다.""]",9.286421007594395,34.07115734303134
68270,셀트리온,2024-01-02,212969,Buy,75,"[""최근 1개월간 43.17%의 높은 수익률과 97.45%의 거래량 변화율은 강한 매수세를 시사합니다."", ""현재가가 52주 최고가에 도달하며 상승 추세가 지속될 가능성을 보여줍니다."", ""견조한 매출 성장률과 낮은 부채비율은 기업의 펀더멘탈이 양호함을 나타냅니다.""]",-11.01521817729341,-22.37602655785584
68270,셀트리온,2024-02-01,169271,Neutral,50,"[""최근 1개월 수익률이 -22.81%로 크게 하락하였으나, 연간 매출은 20.6% 증가하는 등 외형 성장은 지속되고 있습니다."", ""영업이익은 전년 대비 감소하였으나, 영업이익률은 28.3%로 높은 수준을 유지하고 있으며 부채비율 37.8%로 재무 안정성은 양호합니다."", ""기술적으로는 52주 최고가 대비 현재 위치가 47.0%로 하락폭이 컸으나, 최근 1개월 급락으로 인해 단기 반등 가능성과 추가 하락 가능성이 공존하여 방향성 판단이 어렵습니다.""]",1.9022750500676429,-1.847924334351425
68270,셀트리온,2024-03-04,161728,Neutral,60,"[""연간 매출은 크게 성장했으나 영업이익은 감소하여 실적 모멘텀에 대한 불확실성이 존재합니다."", ""현재가는 52주 최고가 대비 상당 부분 하락한 위치에 있으나, 최근 1개월 수익률과 거래량 변화율이 부정적이어서 단기 하락 압력이 감지됩니다."", ""PER, PBR 등 밸류에이션 지표가 높은 편이지만, ROE와 영업현금흐름은 양호하여 투자 매력도를 판단하기 어려운 상황입니다.""]",3.355634151167392,4.550232489117531
68270,셀트리온,2024-04-01,169087,Buy,70,"[""최근 애널리스트 리포트에서 제시된 목표주가들이 현재가 대비 상승 여력을 시사하고 있습니다."", ""최근 1개월 수익률이 4.67%로 긍정적인 흐름을 보이고 있으며, 거래량 변화율도 7.26%로 증가 추세에 있습니다."", ""연간 실적에서 매출은 소폭 감소했으나 영업이익은 소폭 증가하며 안정적인 영업이익률(29.9%)과 높은 영업현금흐름을 기록하고 있습니다.""]",-1.3602465003223194,2.0131648204770323
68270,셀트리온,2024-05-02,173871,Buy,70,"[""2분기부터 짐펜트라 매출 확인 가능성에 대한 긍정적인 애널리스트 리포트가 목표주가 상향과 함께 제시되고 있습니다."", ""현재 주가는 52주 최고가 대비 하락한 위치에 있으며, 52주 내 중간값(55.9%)에 있어 추가 상승 여력이 존재합니다."", ""부채비율이 16.3%로 매우 낮고 영업현금흐름이 양호하여 재무 안정성이 뛰어나 투자 매력도를 높입니다.""]",0.9524302500129408,-0.4762151250064703
68270,셀트리온,2024-06-03,173043,Buy,75,"[""최근 애널리스트 리포트에서 제시된 목표주가들이 현재가 대비 상당한 상승 여력을 시사하고 있습니다."", ""연간 실적은 매출 감소에도 불구하고 영업이익이 소폭 증가했으며, 영업이익률 및 영업현금흐름이 양호한 수준을 유지하고 있어 재무 안정성이 높습니다."", ""52주 최고가 대비 현재 위치가 절반 수준에 머물러 있어 기술적으로도 상승 여력이 존재하며, 최근 1개월 수익률 하락은 단기적인 조정으로 해석될 수 있습니다.""]",-0.2658298804343429,-3.349456493472721
68270,셀트리온,2024-07-01,169731,Buy,75,"[""최근 애널리스트 리포트에서 긍정적인 목표주가 상향 조정과 함께 긍정적인 전망이 제시되었습니다."", ""최근 1개월 수익률이 3.84%로 양호하며, 거래량 변화율이 35.28%로 증가하는 것은 투자 심리 개선 및 매수세 유입 가능성을 시사합니다."", ""부채비율이 16.3%로 매우 낮고 영업현금흐름이 양호하여 재무 안정성이 뛰어나 투자 매력도를 높입니다.""]",1.4634922318256536,13.27924775085282
68270,셀트리온,2024-08-01,178102,Buy,75,"[""최근 1개월 수익률이 10.01%로 양호하며, 거래량 변화율도 29.96%로 증가하는 추세를 보이고 있습니다."", ""애널리스트 리포트에서 2분기 실적에 대한 긍정적인 전망과 함께 목표주가 270,000원을 제시하고 있어 상승 여력이 있다고 판단됩니다."", ""연간 실적은 매출이 소폭 감소했으나 영업이익은 소폭 증가했으며, 영업이익률이 29.9%로 높은 수준을 유지하고 있고 부채비율이 16.3%로 재무 안정성이 우수합니다.""]",1.2397390259514212,1.807952746179156
68270,셀트리온,2024-09-02,181231,Buy,75,"[""최근 애널리스트 리포트에서 짐펜트라의 미국 시장 진출 본격화와 2분기 호실적을 바탕으로 긍정적인 전망과 함께 목표주가가 현재가 대비 상승 여력이 있음을 시사하고 있습니다."", ""연간 실적에서 매출 감소에도 불구하고 영업이익이 소폭 증가했으며, 높은 영업이익률과 안정적인 재무 구조(낮은 부채비율, 양호한 영업현금흐름)는 기업의 펀더멘털이 견조함을 보여줍니다."", ""최근 1개월 수익률은 소폭 하락했으나, 52주 최고가 대비 현재 위치가 65.5% 수준으로, 향후 실적 개선 및 신규 파이프라인 모멘텀에 따라 상승 가능성이 존재합니다.""]",-0.6097190877940308,-2.944308644768279
68270,셀트리온,2024-10-02,177275,Neutral,50,"[""최근 1개월 수익률이 마이너스이고 거래량 변화율도 하락세를 보이고 있어 단기적인 하락 압력이 존재합니다."", ""연간 실적은 매출 감소에도 불구하고 영업이익이 소폭 증가했으며, 영업이익률과 부채비율, 영업현금흐름 등 재무 안정성은 긍정적인 편입니다."", ""애널리스트 리포트에서 제시된 목표주가 260,000원은 현재가 대비 상승 여력을 시사하지만, 20거래일이라는 단기적인 관점에서는 불확실성이 존재합니다.""]",1.6082357918488226,-2.750528839373854
68270,셀트리온,2024-11-01,172399,Neutral,50,"[""최근 1개월 수익률이 마이너스이고 거래량 변화율도 감소하는 등 단기적인 하락 압력이 존재합니다."", ""하지만 연간 실적에서 매출 감소에도 불구하고 영업이익이 소폭 증가했으며, 영업이익률 및 부채비율, 영업현금흐름 등 재무 안정성은 양호한 편입니다."", ""현재 주가는 52주 최고가 대비 하락한 위치에 있지만, 52주 최저가 대비로는 중간 지점에 있어 명확한 방향성을 판단하기 어렵습니다.""]",-7.097488964553159,-1.4942082030638228
68270,셀트리온,2024-12-02,171939,Buy,75,"[""최근 애널리스트 리포트에서 제시된 목표주가들이 현재가 대비 상당한 상승 여력을 시사하고 있습니다."", ""최근 1개월 수익률이 긍정적이며 거래량 변화율도 증가하는 추세는 투자 심리 개선을 나타냅니다."", ""연간 실적에서 매출은 소폭 감소했으나 영업이익과 순이익이 개선되었고, 영업이익률 및 영업현금흐름이 견조하여 재무 안정성이 높습니다.""]",-2.5683527297471778,1.341173323097145
68270,셀트리온,2025-01-02,174245,Neutral,50,"[""최근 1개월 수익률이 소폭 상승했으나, 52주 최고가 대비 상당한 하락폭을 보이고 있어 상승 모멘텀이 강하지 않습니다."", ""매출은 감소했으나 영업이익은 소폭 증가하며 영업이익률은 양호한 수준을 유지하고 있어 실적 자체는 견조함을 보입니다."", ""거래량 변화율이 높다는 점은 투자자들의 관심이 증가하고 있음을 시사하지만, 이것이 반드시 상승 추세로 이어질지는 불확실합니다.""]",2.321443943872134,0.0550948377284857
68270,셀트리온,2025-02-03,170873,Neutral,50,"[""최근 1개월 수익률이 마이너스를 기록하며 단기적인 약세를 보이고 있으나, 52주 최저가 대비 현재 위치가 43.5%로 상승 여력이 남아있습니다."", ""매출은 소폭 감소했지만 영업이익은 소폭 증가하며 영업이익률은 29.9%로 높은 수준을 유지하고 있어 기업의 수익성은 견고합니다."", ""부채비율이 16.3%로 매우 낮고 영업현금흐름이 양호하여 재무 안정성은 뛰어나지만, 배당수익률이 없어 주가 상승을 견인할 요인이 부족합니다.""]",1.2968696049112498,4.11533712172198
68270,셀트리온,2025-03-04,177905,Buy,75,"[""최근 애널리스트 리포트에서 목표주가가 현재가 대비 상당한 상승 여력을 보여주고 있으며, 유럽 및 미국 시장에서의 성장 전망이 긍정적입니다."", ""연간 실적은 매출 감소에도 불구하고 영업이익이 소폭 증가했으며, 높은 영업이익률과 안정적인 영업현금흐름은 재무 건전성을 시사합니다."", ""기술적 지표상 52주 최고가 대비 현재 위치가 61.5% 수준으로, 추가 상승 여력이 존재하며 최근 1개월 수익률과 거래량 변화율도 긍정적인 흐름을 보이고 있습니다.""]",1.1910851297040554,-8.12118827464096
68270,셀트리온,2025-04-01,163457,Neutral,50,"[""매출은 큰 폭으로 증가했으나 영업이익은 감소하여 실적 성장성에 대한 의문이 제기됩니다."", ""PER이 82.2로 높아 밸류에이션 부담이 존재하며, 최근 1개월 수익률이 마이너스를 기록하며 하락세를 보이고 있습니다."", ""52주 최고가 대비 현재 위치가 40.7%로 하락 추세가 지속될 가능성도 있으나, 부채비율이 낮고 영업현금흐름이 양호하여 재무 안정성은 확보되어 있습니다.""]",-8.957095749952588,-4.949925668524443
68270,셀트리온,2025-05-02,154403,Neutral,60,"[""최근 1개월 수익률이 마이너스(-)를 기록하며 단기적인 하락 압력이 존재합니다."", ""애널리스트 리포트에서 1분기 실적에 대한 아쉬움이 언급되었으나, 하반기 및 장기적인 성장 기대감과 목표주가 상향 조정은 긍정적인 요인입니다."", ""PER, PBR 지표가 다소 높은 편이나, 매출액이 큰 폭으로 증가하고 부채비율이 낮아 재무 안정성은 양호한 편입니다. 다만, 영업이익이 감소한 점은 고려해야 합니다.""]",-3.7434505806234335,1.7467277190210035
68270,셀트리온,2025-06-02,154595,Buy,75,"[""최근 애널리스트 리포트에서 목표주가가 현재가 대비 상향 조정되었으며, 긍정적인 전망이 제시되고 있습니다."", ""연간 실적에서 매출이 큰 폭으로 증가했으며, 영업현금흐름 또한 안정적인 수준을 유지하고 있습니다."", ""최근 1개월 수익률은 소폭 하락했으나, 거래량 변화율이 긍정적인 신호를 보내고 있으며 52주 최저가 대비 상승 여력이 남아있습니다.""]",6.018952747501536,11.452504932242311
68270,셀트리온,2025-07-01,168900,Neutral,55,"[""매출은 큰 폭으로 성장했으나 영업이익은 감소하여 실적 성장성에 대한 의문이 존재합니다."", ""현재가는 52주 최고가 대비 하락한 위치에 있으며, 최근 1개월 수익률은 긍정적이나 거래량 감소는 매수세 약화를 시사합니다."", ""PER, PBR 지표는 다소 높은 편이나 부채비율이 낮고 영업현금흐름이 양호하여 재무 안정성은 확보되어 있습니다.""]",4.262877442273535,6.631142687981054
68270,셀트리온,2025-08-01,173900,Buy,75,"[""최근 애널리스트 리포트에서 제시된 목표주가가 현재가 대비 상당한 상승 여력을 보여주고 있으며, 전반적으로 긍정적인 전망을 유지하고 있습니다."", ""연간 실적에서 매출이 큰 폭으로 증가했으며, 영업현금흐름 또한 양호하여 재무적인 안정성을 뒷받침하고 있습니다."", ""기술적으로 52주 최저가 대비 현재 위치가 중간 이상에 있으며, 최근 1개월 수익률은 소폭 하락했지만 전반적인 추세 반등 가능성을 배제할 수 없습니다.""]",-0.5175388154111558,-1.5526164462334675
68270,셀트리온,2025-09-01,171200,Buy,75,"[""최근 애널리스트 리포트에서 일관되게 긍정적인 목표주가(220,000원 ~ 230,000원)를 제시하고 있으며, 이는 현재가(171,200원) 대비 상승 여력을 시사합니다."", ""연간 실적에서 매출이 전년 대비 63.5% 크게 성장했으며, 영업현금흐름 또한 매우 긍정적인 수준을 유지하고 있어 기업의 성장성과 재무 건전성이 양호함을 보여줍니다."", ""부채비율이 19.8%로 매우 낮아 재무 안정성이 뛰어나며, 이는 시장 변동성에 대한 방어력을 높여줍니다.""]",-0.9929906542056074,1.2850467289719625
68270,셀트리온,2025-10-01,175400,Buy,75,"[""최근 애널리스트 리포트에서 미국 생산기지 확보로 인한 관세 해소 및 성장 동력 확보에 대한 긍정적인 전망이 제시되었습니다."", ""최근 1개월 수익률이 소폭 상승했으며, 거래량 변화율이 높다는 점은 투자자들의 관심이 증가하고 있음을 시사합니다."", ""연간 매출이 전년 대비 큰 폭으로 증가했으며, 부채비율이 낮고 영업현금흐름이 양호하여 재무 안정성이 뛰어납니다.""]",0.3420752565564424,-0.3990877993158495
68270,셀트리온,2025-11-03,176300,Neutral,55,"[""최근 1개월 수익률이 소폭 하락했으나, 52주 최고가 대비 현재 위치가 74.7%로 상승 여력이 남아있습니다."", ""연간 실적에서 매출은 크게 증가했지만 영업이익은 감소하여 실적의 질에 대한 의문이 제기될 수 있습니다."", ""애널리스트 리포트에서 목표주가 상향 가능성을 제시하고 있으나, 실적 가시성에 대한 언급은 불확실성을 내포하고 있습니다.""]",-1.9852524106636416,4.480998298355077
68270,셀트리온,2025-12-01,184200,Buy,75,"[""최근 애널리스트 리포트에서 전반적으로 긍정적인 전망과 함께 목표주가가 현재가 대비 상승 여력을 보여주고 있습니다."", ""최근 1개월 수익률이 5.81%로 양호한 흐름을 보이고 있으며, 거래량 변화율이 81.74%로 증가하며 투자자들의 관심이 높아지고 있음을 시사합니다."", ""연간 실적에서 매출이 큰 폭으로 증가했으며, 부채비율이 낮고 영업현금흐름이 양호하여 재무 안정성이 뒷받침되고 있습니다.""]",1.6829533116178068,9.93485342019544
373220,LG에너지솔루션,2023-01-02,440500,Neutral,50,"[""LG에너지솔루션은 최근 1개월 수익률이 -23.76%로 하락세를 보이고 있으며, 거래량 변화율도 음수(-)를 기록하여 단기적인 매도 압력이 존재합니다."", ""하지만 연간 실적에서 매출과 영업이익이 전년 대비 큰 폭으로 성장했으며, 영업이익률도 개선되는 등 펀더멘털은 긍정적인 모습을 유지하고 있습니다."", ""현재 주가는 52주 최고가 대비 상당 부분 하락했지만, 52주 최저가 대비로는 여전히 높은 수준에 위치해 있어 추가적인 하락보다는 반등 가능성도 배제할 수 없어 단기적인 방향성 판단이 어렵습니다.""]",7.491486946651532,20.998864926220204
373220,LG에너지솔루션,2023-02-01,533000,Buy,75,"[""최근 1개월 수익률이 19.86%로 강한 상승세를 보이고 있으며, 거래량 변화율도 20.10%로 긍정적인 흐름을 뒷받침하고 있습니다."", ""애널리스트 리포트에서 제시된 목표주가 평균이 현재가(533,000원)보다 높아 향후 상승 여력이 충분하다고 판단됩니다."", ""연간 실적에서 매출과 영업이익이 전년 대비 크게 증가하며 성장성을 보여주고 있으며, 영업현금흐름도 양호한 수준입니다.""]",3.189493433395872,0.9380863039399624
373220,LG에너지솔루션,2023-03-02,538000,Buy,75,"[""최근 애널리스트 리포트에서 제시된 목표주가가 현재가 대비 상승 여력을 시사하고 있습니다."", ""연간 실적에서 매출과 영업이익이 전년 대비 큰 폭으로 성장하며 견조한 성장세를 보여주고 있습니다."", ""52주 최고가 대비 현재 위치가 66.8%로, 상승 여력이 남아있을 가능성이 있습니다.""]",2.41635687732342,8.550185873605948
373220,LG에너지솔루션,2023-04-03,575000,Buy,85,"[""최근 애널리스트 리포트에서 목표주가를 상향 조정하며 긍정적인 전망을 제시하고 있습니다."", ""미국 애리조나 투자 확대 결정 및 AMPC 기대감 고조 등 사업 확장 및 성장 모멘텀이 부각되고 있습니다."", ""최근 1개월 수익률이 8.92%로 양호하며, 52주 최고가 대비 현재 위치가 높아 추가 상승 여력이 존재합니다.""]",6.086956521739131,-1.391304347826087
373220,LG에너지솔루션,2023-05-02,567000,Buy,85,"[""최근 애널리스트 리포트에서 일제히 긍정적인 전망과 함께 높은 목표주가를 제시하고 있어 투자 심리에 긍정적인 영향을 미칠 것으로 예상됩니다."", ""전년 대비 매출 및 영업이익이 큰 폭으로 성장하며 견조한 실적 개선세를 보이고 있으며, 이는 주가 상승의 기반이 될 수 있습니다."", ""52주 최고가 대비 현재 주가 위치가 높아 단기적인 차익 실현 매물이 나올 가능성도 있으나, 전반적인 시장의 긍정적 전망과 성장성을 고려할 때 상승 여력이 더 크다고 판단됩니다.""]",-2.469135802469136,3.7037037037037033
373220,LG에너지솔루션,2023-06-01,588000,Buy,70,"[""최근 1개월 수익률이 소폭 상승세를 보이며 기술적 반등 가능성을 시사합니다."", ""52주 최고가 대비 현재 위치가 높아 추가 상승 여력이 존재하며, 애널리스트 목표주가 상향 리포트가 긍정적인 신호로 작용합니다."", ""연간 실적에서 매출과 영업이익이 큰 폭으로 성장하며 기업의 펀더멘털이 견조함을 보여줍니다.""]",4.081632653061225,-2.5510204081632653
373220,LG에너지솔루션,2023-07-03,569000,Neutral,60,"[""LG에너지솔루션은 52주 최고가 대비 높은 위치에 있으나, 최근 1개월 수익률은 소폭 하락하며 단기적인 모멘텀이 약화된 모습을 보입니다."", ""연간 실적은 긍정적인 성장세를 기록했으나, PER이 173.3배로 높아 밸류에이션 부담이 존재합니다."", ""애널리스트 리포트에서 우호적인 업황을 언급하지만 AMPC 불확실성을 지적하며 목표주가 상향 여부에 대한 신중론이 제기되고 있습니다.""]",-3.339191564147628,-2.10896309314587
373220,LG에너지솔루션,2023-08-01,544000,Buy,70,"[""다수의 애널리스트 리포트에서 목표주가를 현재가 대비 높게 제시하며 긍정적인 전망을 유지하고 있습니다."", ""최근 1개월 수익률은 소폭 하락했으나, 52주 최고가 대비 현재 위치가 70.9%로 여전히 높은 수준이며, 거래량 변화율이 높아 투자자들의 관심이 지속되고 있습니다."", ""연간 실적에서 매출과 영업이익이 전년 대비 큰 폭으로 성장했으며, 영업이익률도 개선되는 추세를 보이고 있어 기업의 펀더멘털은 견고합니다.""]",1.6544117647058825,0.0
373220,LG에너지솔루션,2023-09-01,530000,Buy,65,"[""연간 실적에서 매출과 영업이익이 전년 대비 큰 폭으로 성장하며 긍정적인 실적 모멘텀을 보여주고 있습니다."", ""애널리스트 리포트에서 제시된 목표주가 750,000원은 현재가 대비 상당한 상승 여력을 시사합니다."", ""52주 내 현재 위치가 48.4%로, 최저가 대비 상승했지만 최고가에는 아직 도달하지 않아 추가 상승 가능성이 있습니다.""]",-4.150943396226415,-12.452830188679243
373220,LG에너지솔루션,2023-10-04,467500,Neutral,60,"[""최근 1개월 수익률이 -17.54%로 하락세를 보이고 있으며, 거래량 변화율 또한 감소하고 있어 단기적인 하락 압력이 존재합니다."", ""PER 137.9, PBR 5.18로 밸류에이션 부담이 높은 편이나, 연간 실적은 전년 대비 큰 폭의 성장세를 기록했습니다."", ""애널리스트 리포트에서 목표주가가 현재가 대비 높게 제시되고 있으나, 3분기 실적 둔화 가능성이 언급되어 투자 방향성이 혼재되어 있습니다.""]",3.5294117647058822,-14.010695187165776
373220,LG에너지솔루션,2023-11-01,391500,Neutral,60,"[""최근 1개월 수익률이 -20.61%로 하락세를 보이고 있으며, 52주 최저가에 근접한 위치에 있어 기술적 반등 가능성과 추가 하락 가능성이 공존합니다."", ""애널리스트 리포트에서 목표주가가 현재가 대비 높게 제시되고 있으나, 전방 수요 약세 및 완성차 전동화 속도 조절 등 부정적인 요인도 함께 언급되어 투자 방향성에 대한 엇갈린 시각을 보여줍니다."", ""연간 실적은 매출과 영업이익이 크게 성장했으나, 영업이익률이 4.7%로 높지 않고 영업현금흐름이 마이너스인 점은 재무 안정성 측면에서 고려해야 할 부분입니다.""]",9.578544061302685,16.091954022988507
373220,LG에너지솔루션,2023-12-01,430000,Buy,75,"[""최근 애널리스트 리포트에서 목표주가를 상향하며 긍정적인 전망을 제시하고 있습니다."", ""최근 1개월 수익률이 9.45%로 양호한 흐름을 보이고 있으며, 52주 최고가 대비 하락폭이 제한적입니다."", ""연간 실적에서 매출과 영업이익이 큰 폭으로 성장하는 등 견조한 펀더멘탈을 보여주고 있습니다.""]",-0.3488372093023256,-2.558139534883721
373220,LG에너지솔루션,2024-01-02,416000,Neutral,60,"[""LG에너지솔루션은 긍정적인 연간 실적 성장률을 기록했으나, 최근 1개월 수익률 하락과 거래량 감소는 단기적인 투자 심리 위축을 시사합니다."", ""PER 129.9배는 현재 시장에서 높은 밸류에이션을 반영하고 있으며, 이는 향후 주가 상승에 부담으로 작용할 수 있습니다."", ""애널리스트 리포트에서 4분기 실적 부진 가능성을 언급하며 목표주가를 제시했으나, 이는 향후 20거래일 내 급격한 상승 또는 하락을 예측하기 어려운 상황을 보여줍니다.""]",-1.3221153846153846,-8.413461538461538
373220,LG에너지솔루션,2024-02-01,387500,Buy,65,"[""최근 애널리스트 리포트에서 목표주가가 현재가 대비 상승 여력이 있음을 시사하며, 단기 저점 접근 및 불확실성 돌파에 대한 긍정적인 의견이 다수 존재합니다."", ""최근 1개월 수익률은 하락했으나, 52주 최저가 대비 현재 위치가 5.5% 수준으로, 기술적으로는 반등 가능성을 내포하고 있습니다."", ""연간 실적에서 매출과 영업이익이 전년 대비 큰 폭으로 성장했으며, 영업이익률도 개선되는 등 펀더멘탈은 견조한 모습을 보이고 있습니다.""]",1.5483870967741935,-0.1290322580645161
373220,LG에너지솔루션,2024-03-04,387500,Neutral,50,"[""LG에너지솔루션은 52주 최저가 대비 높은 수준에 위치해 있으나, 52주 최고가 대비로는 상당한 하락 여력이 남아있습니다."", ""최근 1개월 수익률은 긍정적이나, 거래량 변화율은 소폭 하락하여 투자 심리가 강하게 반영되지 않고 있습니다."", ""애널리스트 리포트에서 1분기 어려운 업황을 전망하고 있으며, 목표주가 480,000원은 현재가 대비 상승 여력이 있지만, 실적 개선에 대한 불확실성이 존재합니다."", ""매출 및 영업이익은 큰 폭으로 성장했으나, 영업이익률이 4.7%로 낮은 수준이며, 영업현금흐름이 마이너스인 점은 재무 안정성에 대한 우려를 야기합니다."", ""PER 120.5배는 높은 편으로, 현재 주가에 대한 밸류에이션 부담이 존재합니다.""]",8.258064516129032,1.4193548387096775
373220,LG에너지솔루션,2024-04-01,393000,Neutral,50,"[""LG에너지솔루션은 높은 매출 성장률과 영업이익 증가세를 보이고 있으나, 현재 주가는 52주 최고가 대비 상당한 하락폭을 기록하고 있으며 기술적 지표상 약세를 나타내고 있습니다."", ""PER 74.8배는 다소 높은 수준으로, 단기적인 시장의 평가가 엇갈릴 수 있는 요인으로 작용할 수 있습니다."", ""최근 1개월 수익률 하락과 거래량 감소는 투자 심리 위축을 시사하며, 향후 20거래일 동안 뚜렷한 방향성을 예측하기 어렵습니다.""]",-4.8346055979643765,-1.0178117048346056
373220,LG에너지솔루션,2024-05-02,391000,Neutral,60,"[""최근 애널리스트 리포트에서 제시된 목표주가 평균은 현재가 대비 상승 여력을 시사하지만, '불확실한 수요 환경 지속', 'Still winter' 등의 부정적인 언급도 존재하여 단기적인 방향성 판단이 어렵습니다."", ""최근 1개월 수익률이 소폭 하락했으나, 52주 최저가 대비로는 9.9% 높은 수준으로, 기술적으로는 하락보다는 횡보 또는 완만한 상승 가능성도 존재합니다."", ""연간 실적은 매출과 영업이익 모두 큰 폭으로 성장하며 긍정적인 모습을 보였으나, 현재 PER이 73.6배로 높아 밸류에이션 부담이 존재하며, 이는 단기적인 주가 상승을 제한할 수 있는 요인입니다.""]",-2.429667519181585,-13.938618925831204
373220,LG에너지솔루션,2024-06-03,336500,Buy,70,"[""연간 실적에서 매출 및 영업이익이 전년 대비 큰 폭으로 성장하며 견조한 성장세를 보여주고 있습니다."", ""최근 애널리스트 리포트에서 목표주가가 현재가 대비 높게 제시되고 있으며, 하반기 실적 개선에 대한 기대감이 반영되고 있습니다."", ""현재가가 52주 최저가 대비 소폭 높은 수준으로, 기술적으로는 반등 가능성을 열어두고 있습니다.""]",4.457652303120357,6.389301634472511
373220,LG에너지솔루션,2024-07-01,343500,Buy,75,"[""최근 애널리스트 리포트에서 제시된 목표주가들이 현재가 대비 상승 여력을 시사하고 있습니다."", ""최근 1개월 수익률이 긍정적이며, 거래량 변화율도 증가 추세를 보여 투자 심리가 개선되고 있음을 나타냅니다."", ""연간 실적에서 매출과 영업이익이 큰 폭으로 성장했으며, 영업이익률도 개선되는 등 펀더멘털 측면에서 긍정적인 흐름을 보이고 있습니다.""]",5.676855895196507,-3.056768558951965
373220,LG에너지솔루션,2024-08-01,336000,Sell,70,"[""최근 애널리스트 리포트들이 일제히 목표주가를 하향 조정하며 부정적인 전망을 제시하고 있습니다."", ""최근 1개월 수익률이 -6.84%로 하락세를 보이고 있으며, 52주 최고가 대비 현재 위치가 낮아 추가 하락 가능성이 있습니다."", ""PER 63.1, PBR 3.20으로 밸류에이션 부담이 존재하며, ROE 5.1%는 낮은 수준으로 기업의 수익성이 기대에 미치지 못하고 있습니다.""]",-4.166666666666666,22.61904761904762
373220,LG에너지솔루션,2024-09-02,411000,Buy,75,"[""최근 1개월 동안 23.54%의 높은 수익률을 기록하며 상승세를 보이고 있으며, 거래량 변화율 또한 42.59%로 증가하여 투자 심리가 긍정적임을 시사합니다."", ""연간 실적에서 매출과 영업이익이 전년 대비 각각 31.8%, 78.2% 크게 증가하며 견조한 성장세를 나타내고 있습니다."", ""부채비율이 86.4%로 안정적인 수준이며, 영업현금흐름이 양(+)의 값을 기록하고 있어 재무 건전성이 양호합니다.""]",-7.664233576642336,6.204379562043796
373220,LG에너지솔루션,2024-10-02,403500,Buy,75,"[""최근 1개월 수익률이 10.85%로 양호하며, 거래량 변화율도 23.86%로 긍정적인 수급 신호를 보이고 있습니다."", ""애널리스트 리포트에서 단기 실적 우려에도 불구하고 2025년 방향성에 주목하며 목표주가를 현재가 대비 상향 제시하고 있습니다."", ""연간 실적에서 매출과 영업이익이 전년 대비 큰 폭으로 성장했으며, 영업이익률도 개선되는 추세를 보이고 있습니다.""]",0.6195786864931847,5.5762081784386615
373220,LG에너지솔루션,2024-11-01,426000,Neutral,60,"[""최근 1개월 수익률이 소폭 하락했으나, 52주 최고가 대비 현재 위치는 중간 수준으로 추가 상승 여력이 존재합니다."", ""애널리스트 리포트에서 목표주가 범위가 넓게 분포하며, 단기 부진과 중장기 성장 모멘텀에 대한 상반된 의견이 공존합니다."", ""연간 실적은 매출과 영업이익이 크게 성장했으나, PER이 높아 단기적인 밸류에이션 부담이 존재합니다.""]",-2.3474178403755865,-8.098591549295776
373220,LG에너지솔루션,2024-12-02,397000,Buy,75,"[""최근 1개월 수익률은 하락했으나, 52주 최고가 대비 현재 위치는 중간 이상으로 상승 여력이 존재합니다."", ""연간 실적에서 매출과 영업이익이 크게 성장했으며, 영업이익률도 개선되는 긍정적인 흐름을 보이고 있습니다."", ""애널리스트 리포트에서 목표주가 상향 조정이 있었으며, 이는 향후 주가 상승에 대한 기대감을 높입니다.""]",-3.022670025188917,-10.327455919395463
373220,LG에너지솔루션,2025-01-02,356000,Buy,75,"[""최근 1개월 수익률 하락에도 불구하고 연간 실적은 매출 및 영업이익에서 큰 폭의 성장을 기록하며 견조한 펀더멘털을 보여주고 있습니다."", ""영업이익률 개선과 긍정적인 영업현금흐름은 재무 안정성을 뒷받침하며, 이는 향후 주가 상승의 동력이 될 수 있습니다."", ""애널리스트 리포트에서 제시된 높은 목표주가(500,000원)는 현재가 대비 상당한 상승 여력을 시사하며, 이는 단기적인 시장 대비 상승 가능성을 높입니다.""]",-2.106741573033708,-3.932584269662921
373220,LG에너지솔루션,2025-02-03,333000,Neutral,60,"[""최근 1개월 수익률이 마이너스이고 거래량 변화율도 감소하는 등 단기적인 하락 압력이 존재합니다."", ""애널리스트 리포트 내 목표주가가 현재가 대비 상승 여력을 시사하지만, 일부 리포트에서는 가격 부담을 언급하며 엇갈리는 시각을 보입니다."", ""연간 실적은 긍정적이나, PER이 높아 단기적인 추가 상승보다는 조정 가능성도 배제할 수 없어 방향성 판단이 어렵습니다.""]",3.003003003003003,0.3003003003003003
373220,LG에너지솔루션,2025-03-04,334000,Neutral,50,"[""LG에너지솔루션은 견조한 매출 및 영업이익 성장세를 보이고 있으나, 높은 PER과 PBR은 밸류에이션 부담을 시사합니다."", ""최근 1개월 수익률이 마이너스를 기록하며 단기적인 하락 압력이 존재하지만, 52주 최저가 대비 높은 위치에 있어 추가 하락 여력은 제한적일 수 있습니다."", ""부채비율이 안정적인 수준이고 영업현금흐름이 양호한 점은 긍정적이나, 배당 정보가 없어 주주환원 측면에서의 매력도는 낮습니다.""]",4.341317365269461,-1.497005988023952
373220,LG에너지솔루션,2025-04-01,329000,Buy,70,"[""최근 1개월 수익률은 하락했으나, 52주 최고가 대비 현재 위치가 6.1%로 하락폭이 제한적이며 기술적 반등 가능성이 있습니다."", ""애널리스트 리포트에서 제시된 목표주가들이 현재가 대비 상당한 상승 여력을 보여주고 있으며, 긍정적인 전망이 우세합니다."", ""매출 감소 및 영업이익 하락에도 불구하고 영업현금흐름이 양호하며, 부채비율이 안정적인 수준을 유지하고 있어 재무 건전성은 양호한 편입니다.""]",-4.5592705167173255,-1.3677811550151977
373220,LG에너지솔루션,2025-05-02,322500,Neutral,60,"[""최근 1개월 수익률이 마이너스이고 거래량 변화율도 하락세를 보이고 있어 단기적인 하락 압력이 존재합니다."", ""애널리스트 리포트에서는 목표주가가 현재가 대비 높게 제시되고 있으며, 탄탄한 고객 포트폴리오 기반 성장세 전망 등 긍정적인 의견도 다수 존재합니다."", ""연간 실적은 매출과 영업이익이 전년 대비 큰 폭으로 감소했으나, 영업이익률은 2.2%를 기록하며 수익성을 유지하고 있으며, 영업현금흐름은 양호한 수준입니다.""]",-2.7906976744186047,-9.767441860465116
373220,LG에너지솔루션,2025-06-02,288500,Neutral,50,"[""최근 1개월 수익률이 -18.71%로 하락세를 보이고 있으며, 연간 실적 또한 매출 및 영업이익이 크게 감소하여 단기적인 투자 심리에 부정적인 영향을 미칠 수 있습니다."", ""하지만 52주 최저가 대비 현재 위치가 9.8%로, 주가 하락폭이 제한적일 가능성도 존재합니다."", ""애널리스트 리포트에서 목표주가 400,000원을 제시하며 정책 불확실성 속 단기 조정기를 언급하고 있어, 향후 20거래일 내 뚜렷한 방향성을 예측하기 어렵습니다.""]",5.37261698440208,10.398613518197571
373220,LG에너지솔루션,2025-07-01,302500,Neutral,55,"[""최근 1개월 수익률은 긍정적이나, 거래량 변화율이 마이너스인 점은 매수세 약화를 시사합니다."", ""연간 실적에서 매출과 영업이익이 전년 대비 큰 폭으로 감소한 점은 부정적인 요인입니다."", ""애널리스트 리포트에서 제시된 목표주가 400,000원은 현재가 대비 상승 여력을 보여주지만, 북미 전기차 수요 둔화 가능성 등 불확실성도 언급되어 있어 단기적인 방향성 판단이 어렵습니다.""]",0.8264462809917356,29.91735537190083
373220,LG에너지솔루션,2025-08-01,375500,Buy,75,"[""최근 1개월 수익률이 17.11%로 양호하며, 거래량 변화율도 49.32%로 높아 투자자들의 관심이 증가하고 있습니다."", ""애널리스트 리포트에서 ESS 사업에 대한 긍정적인 전망과 함께 목표주가가 현재가 대비 상승 여력을 시사하고 있습니다."", ""52주 최고가 대비 현재 위치가 62.3%로, 상승 여력이 남아있다고 판단됩니다.""]",3.595206391478029,-6.790945406125166
373220,LG에너지솔루션,2025-09-01,350000,Neutral,50,"[""LG에너지솔루션은 최근 1개월 수익률이 -8.76%로 하락세를 보이고 있으며, 거래량 변화율도 -48.02%로 감소하여 단기적인 투자 심리가 위축된 것으로 판단됩니다."", ""연간 실적에서 매출과 영업이익이 전년 대비 큰 폭으로 감소했으며, 영업이익률도 2.2%로 낮은 수준을 기록하여 기업의 수익성에 대한 우려가 존재합니다."", ""PER이 해당없음(적자)으로 표시되어 있어 전통적인 가치평가 지표를 활용하기 어렵고, PBR 2.64배는 현재 주가가 자산 가치 대비 높은 수준임을 시사합니다.""]",-0.8571428571428572,-0.7142857142857143
373220,LG에너지솔루션,2025-10-01,399000,Neutral,50,"[""LG에너지솔루션은 현재 적자 상태로 PER 지표가 없어 직접적인 밸류에이션 판단이 어렵습니다."", ""최근 1개월 수익률이 소폭 하락했지만, 52주 최고가 대비 현재 위치는 중간 수준으로 추가 상승 여력과 하락 위험이 공존합니다."", ""애널리스트 리포트에서 목표주가 430,000원을 제시했으나, 이는 현재가 대비 소폭 상승에 그쳐 강력한 매수 신호로 보기에는 부족하며, 연간 실적 감소폭이 커 투자 심리에 부정적인 영향을 줄 수 있습니다.""]",5.3884711779448615,17.794486215538846
373220,LG에너지솔루션,2025-11-03,473000,Buy,75,"[""최근 1개월 수익률이 36.25%로 강한 상승세를 보이고 있으며, 거래량 변화율도 148.31%로 매우 높습니다."", ""애널리스트 리포트에서 제시된 목표주가들이 현재가 대비 상당한 상승 여력을 보여주고 있으며, 전반적으로 긍정적인 전망을 유지하고 있습니다."", ""52주 최고가 대비 현재 위치가 84.3%로, 최고가 경신에 대한 기대감이 존재합니다.""]",0.0,-12.26215644820296
373220,LG에너지솔루션,2025-12-01,415000,Neutral,50,"[""LG에너지솔루션은 최근 1개월 수익률이 -12.69%로 하락세를 보이고 있으며, 거래량 변화율도 -34.12%로 감소하여 투자 심리가 위축된 것으로 판단됩니다."", ""연간 실적에서 매출과 영업이익이 전년 대비 큰 폭으로 감소했으며, 영업이익률도 2.2%로 낮은 수준을 기록하고 있어 단기적인 실적 개선에 대한 기대감이 낮습니다."", ""PER이 해당 없음(적자)으로 표시되어 있어 현재 기업 가치 평가에 어려움이 있으며, 52주 최고가 대비 현재 위치가 58.9%로 절반 이상 하락한 상태이지만, PBR이 3.12로 여전히 높은 편이라 추가 하락 가능성과 반등 가능성이 혼재하고 있습니다.""]",6.867469879518072,-13.012048192771084
6400,삼성SDI,2023-01-02,592315,Neutral,50,"[""최근 1개월 수익률이 -17.08%로 하락세를 보이고 있으며, 거래량 변화율 또한 감소하여 단기적인 투자 심리가 위축된 것으로 판단됩니다."", ""연간 실적은 매출과 영업이익 모두 큰 폭으로 성장하며 긍정적인 모습을 보였으나, 현재가는 52주 최고가 대비 상당한 하락폭을 기록하고 있어 추가 하락 가능성과 반등 가능성이 혼재되어 있습니다."", ""PER이 '해당없음(적자)'으로 표시되어 있어 전통적인 가치평가 지표로는 판단이 어렵고, PBR 3.13은 현재 주가가 자산 가치 대비 높은 수준임을 시사합니다.""]",1.1569857255007894,18.346994420198712
6400,삼성SDI,2023-02-01,700987,Buy,85,"[""최근 1개월 수익률이 21.83%로 강한 상승세를 보이고 있으며, 52주 최고가 대비 85.7% 수준으로 상승 여력이 남아있습니다."", ""애널리스트들의 목표주가가 현재가 대비 상향 조정되었으며, 2023년 EV향 성장 지속 및 투자 증가세에 대한 긍정적인 전망이 지배적입니다."", ""연간 실적에서 매출 및 영업이익이 큰 폭으로 성장했으며, 영업이익률 개선과 함께 영업현금흐름이 양호하여 재무 안정성이 뒷받침되고 있습니다.""]",3.0726675387703337,2.0950459851609238
6400,삼성SDI,2023-03-02,715673,Buy,75,"[""최근 애널리스트 리포트들이 전반적으로 긍정적인 전망과 높은 목표주가를 제시하고 있습니다."", ""연간 실적에서 매출과 영업이익이 큰 폭으로 성장했으며, 영업이익률 또한 개선되는 추세를 보이고 있습니다."", ""현재 주가가 52주 최고가 대비 높은 위치에 있지만, 여전히 상승 여력이 있다고 판단되는 목표주가들이 존재합니다.""]",0.8207659084526033,0.5471772723017356
6400,삼성SDI,2023-04-03,710778,Buy,75,"[""최근 1개월 수익률이 1.92%로 긍정적인 흐름을 보이고 있으며, 거래량 변화율도 7.85%로 증가하는 추세입니다."", ""52주 최고가 대비 현재 위치가 83.3%로, 여전히 상승 여력이 남아있음을 시사합니다."", ""애널리스트 리포트에서 제시된 목표주가 910,000원은 현재가 대비 상당한 상승 가능성을 보여줍니다."", ""연간 실적에서 매출과 영업이익이 전년 대비 큰 폭으로 증가했으며, 영업이익률도 9.0%로 양호한 수준입니다."", ""부채비율 75.7%와 영업현금흐름 +2641096.2조원으로 재무 안정성 또한 우수합니다.""]",5.647332922515891,-5.7852100093137375
6400,삼성SDI,2023-05-02,669658,Buy,85,"[""최근 30일간 애널리스트 리포트에서 제시된 목표주가들이 현재가 대비 상당한 상승 여력을 시사하고 있으며, 최고 목표주가는 1,100,000원으로 현재가 대비 약 64% 상승 여력이 있습니다."", ""연간 실적에서 매출과 영업이익이 전년 대비 각각 48.5%, 69.4% 크게 증가하며 견조한 성장세를 보이고 있으며, 영업이익률 또한 9.0%로 양호한 수준입니다."", ""부채비율 75.7%와 영업현금흐름 2.6조원 이상은 재무 안정성이 우수함을 나타내며, 이는 투자 심리에 긍정적인 영향을 줄 수 있습니다.""]",-2.046716383586846,4.532164179327358
6400,삼성SDI,2023-06-01,700008,Buy,75,"[""최근 1개월 수익률이 2.46%로 긍정적인 흐름을 보이고 있으며, 52주 최고가 대비 70.4% 수준으로 상승 여력이 남아있습니다."", ""연간 실적에서 매출 및 영업이익이 크게 성장했으며, 영업이익률과 영업현금흐름 또한 양호한 수준을 유지하고 있습니다."", ""국내 ESS 1위 기업으로서 목표주가가 현재가 대비 상승 여력을 시사하고 있으며, 부채비율도 안정적인 수준입니다.""]",3.496531468211792,0.2797110890161255
6400,삼성SDI,2023-07-03,696092,Buy,75,"[""최근 애널리스트 리포트에서 긍정적인 전망과 함께 높은 목표주가(900,000원 ~ 920,000원)가 제시되고 있습니다."", ""연간 실적에서 매출과 영업이익이 전년 대비 큰 폭으로 성장했으며, 영업이익률과 영업현금흐름 또한 긍정적인 지표를 보입니다."", ""현재 주가는 52주 최고가 대비 약 73.5% 수준으로, 추가 상승 여력이 남아있다고 판단됩니다.""]",-3.5162018813605096,-5.766479143561484
6400,삼성SDI,2023-08-01,636371,Buy,85,"[""최근 30일간 발표된 애널리스트 리포트에서 제시된 목표주가가 현재가 대비 상당한 상승 여력을 시사하고 있습니다."", ""연간 실적에서 매출 및 영업이익이 전년 대비 큰 폭으로 성장했으며, 영업이익률도 양호한 수준을 유지하고 있습니다."", ""부채비율이 낮고 영업현금흐름이 긍정적인 점은 재무 안정성을 뒷받침하며, 이는 투자 심리에 긍정적인 영향을 줄 수 있습니다.""]",-2.461457231709176,-5.538435912384442
6400,삼성SDI,2023-09-01,597210,Buy,75,"[""최근 애널리스트 리포트에서 긍정적인 목표 주가 상향 및 호실적 전망이 제시되었습니다."", ""연간 실적에서 매출과 영업이익이 큰 폭으로 증가하며 견조한 성장세를 보이고 있습니다."", ""영업 현금 흐름이 양호하며 부채 비율이 안정적인 수준으로 재무 건전성이 뒷받침되고 있습니다.""]",-6.065538085430585,-21.147669998827883
6400,삼성SDI,2023-10-04,478747,Buy,75,"[""최근 1개월 수익률 하락에도 불구하고, 연간 실적은 매출 및 영업이익에서 큰 폭의 성장을 기록하며 견조한 펀더멘털을 보여주고 있습니다."", ""애널리스트 리포트에서 제시된 높은 목표주가(900,000원)는 현재 주가 대비 상당한 상승 여력을 시사합니다."", ""영업현금흐름이 양호하고 부채비율이 안정적인 수준으로 재무 건전성이 뒷받침되고 있습니다.""]",7.566418170766605,-7.157433884703194
6400,삼성SDI,2023-11-01,441543,Buy,85,"[""최근 30일간 애널리스트 리포트에서 제시된 목표주가 평균이 현재가 대비 상당한 상승 여력을 시사하고 있으며, 최고 목표주가는 현재가의 두 배 이상입니다."", ""연간 실적에서 매출과 영업이익이 전년 대비 큰 폭으로 성장했으며, 영업이익률 또한 양호한 수준을 유지하고 있습니다."", ""최근 1개월 수익률이 -18.49%로 하락했지만, 거래량 변화율이 68.36%로 높게 나타나 이는 단기적인 조정 후 반등 가능성을 시사할 수 있습니다.""]",-2.5496950466885444,4.656398131099349
6400,삼성SDI,2023-12-01,430285,Buy,75,"[""다수의 애널리스트 리포트에서 긍정적인 전망과 함께 높은 목표주가를 제시하고 있습니다."", ""연간 실적에서 매출과 영업이익이 전년 대비 큰 폭으로 성장했으며, 영업이익률 또한 양호한 수준입니다."", ""부채비율이 낮고 영업현금흐름이 긍정적인 점은 재무 안정성을 뒷받침합니다.""]",1.4787873153839897,1.2512636973168945
6400,삼성SDI,2024-01-02,437138,Buy,70,"[""삼성SDI는 2023년 연간 실적에서 매출과 영업이익이 각각 48.5%, 69.4% 증가하며 견조한 성장세를 보였습니다."", ""영업이익률 9.0%와 부채비율 75.7%는 안정적인 재무 상태를 나타내며, 영업현금흐름 또한 긍정적입니다."", ""최근 애널리스트 리포트에서 목표주가 750,000원을 제시하며 긍정적인 전망을 내놓고 있어 향후 상승 여력이 있습니다.""]",-6.718930863937704,-16.57348480342592
6400,삼성SDI,2024-02-01,384760,Buy,75,"[""최근 2차전지 섹터 전반의 과매도 국면에서 삼성SDI는 현저히 저평가되었다는 분석이 다수 존재하며, 목표주가 상향 리포트가 긍정적인 투자 심리를 자극할 수 있습니다."", ""최근 1개월 수익률은 하락했으나, 이는 단기적인 조정으로 해석될 수 있으며, 52주 최저가 대비 현재 위치가 상대적으로 높아 추가적인 하락보다는 반등 가능성에 무게가 실립니다."", ""연간 실적에서 매출과 영업이익이 전년 대비 큰 폭으로 증가했으며, 영업이익률 및 영업현금흐름도 양호한 수준을 유지하고 있어 기업의 펀더멘털은 견조한 것으로 판단됩니다.""]",-0.5091485601413868,-7.252053227986277
6400,삼성SDI,2024-03-04,358815,Neutral,50,"[""연간 실적은 긍정적이나, 현재가 52주 최저가 대비 높은 수준에 위치하고 있어 단기 상승 모멘텀이 약할 수 있습니다."", ""최근 1개월 수익률이 0%이며 거래량 변화율이 감소한 점은 투자 심리 위축을 시사합니다."", ""PER이 '해당없음(적자)'으로 표기되어 있어 현재 재무 상태에 대한 명확한 평가가 어렵습니다.""]",25.375193344759836,23.60185610969441
6400,삼성SDI,2024-04-01,443502,Buy,75,"[""최근 1개월 동안 20.42%의 높은 수익률과 174.23%의 거래량 변화율은 긍정적인 투자 심리를 시사합니다."", ""애널리스트 리포트에서 제시된 목표주가들이 현재가 대비 상당한 상승 여력을 보여주고 있으며, 특히 1분기 실적에 대한 긍정적인 전망이 있습니다."", ""매출은 전년 대비 성장세를 보이고 있으며, 영업현금흐름이 양호하고 부채비율이 안정적인 수준을 유지하고 있어 재무 건전성이 뒷받침되고 있습니다.""]",-9.271660556209442,-2.0971720533391056
6400,삼성SDI,2024-05-02,428816,Neutral,60,"[""최근 1개월 수익률이 소폭 하락하고 거래량 변화율이 크게 감소하여 단기적인 매도 압력이 존재합니다."", ""연간 실적은 매출이 증가했으나 영업이익이 감소하여 수익성 개선에 대한 의문이 제기됩니다."", ""애널리스트 리포트에서 목표주가 상향 조정이 있었으나, 현재가 대비 상승 여력이 제한적이며 PER이 없어 가치 평가에 어려움이 있습니다.""]",-1.1415152419685832,-13.69864930413044
6400,삼성SDI,2024-06-03,370074,Buy,70,"[""최근 1개월 수익률은 하락했으나, 52주 최저가 대비 현재 위치가 7.5%로 회복 가능성이 존재합니다."", ""애널리스트들의 목표주가가 현재가 대비 높아 긍정적인 전망을 제시하고 있습니다."", ""매출은 성장세를 유지하고 있으며, 영업현금흐름이 양호하여 재무 안정성이 뒷받침되고 있습니다.""]",4.100531245102332,-3.0423645000729582
6400,삼성SDI,2024-07-01,344130,Neutral,55,"[""주력 전기차 고객사들의 판매 부진 영향이 단기적으로 주가에 하방 압력을 가할 수 있습니다."", ""하지만 52주 최저가에 근접한 현재 주가는 기술적으로 반등 가능성을 내포하고 있습니다."", ""연간 매출 성장세는 긍정적이나 영업이익 감소는 투자 심리에 부담으로 작용할 수 있어 명확한 방향성 판단이 어렵습니다.""]",8.819341527910964,-5.974486385958794
6400,삼성SDI,2024-08-01,329444,Neutral,60,"[""최근 1개월 수익률이 마이너스(-)를 기록하며 단기적인 하락세를 보이고 있습니다."", ""애널리스트 리포트에서 제시된 목표주가 범위가 넓고, 2분기 실적 부진 및 3분기 전망에 대한 부정적인 의견이 일부 존재합니다."", ""하지만 PBR 1.32배는 자산 가치 대비 저평가 가능성을 시사하며, 영업현금흐름이 양호하고 부채비율이 안정적인 점은 긍정적인 요인입니다.""]",-7.875086509391581,9.658394142858876
6400,삼성SDI,2024-09-02,363221,Buy,75,"[""최근 1개월 수익률이 10.48%로 긍정적인 흐름을 보이고 있으며, 거래량 변화율도 9.12%로 증가 추세입니다."", ""애널리스트 리포트에서 Deep Value 영역 진입 및 목표주가 440,000원을 제시하며 긍정적인 전망을 내놓았습니다."", ""연간 실적에서 매출이 12.8% 증가하는 등 성장세를 유지하고 있으며, 부채비율 71.0%와 영업현금흐름 흑자는 재무 안정성을 뒷받침합니다.""]",-10.242524523637124,0.0
6400,삼성SDI,2024-10-02,353920,Buy,75,"[""최근 1개월 수익률이 9.43%로 양호한 흐름을 보이고 있으며, 52주 최저가 대비 현재 주가 위치가 25.9%로 상승 여력이 남아있습니다."", ""매출이 전년 대비 12.8% 증가하는 등 외형 성장은 지속되고 있으며, 영업현금흐름이 양호하여 재무 안정성이 뒷받침되고 있습니다."", ""비록 영업이익은 감소했으나, 이는 투자 확대에 따른 일시적인 현상일 수 있으며, 전기차 배터리 시장의 성장 전망을 고려할 때 장기적인 상승 모멘텀을 기대할 수 있습니다.""]",-0.6916817359855334,-6.639070976491862
6400,삼성SDI,2024-11-01,330423,Neutral,60,"[""최근 1개월 수익률이 -12.42%로 하락세를 보이고 있으며, 거래량 변화율도 감소하여 단기적인 투자 심리가 위축된 것으로 판단됩니다."", ""애널리스트 리포트에서는 4분기 실적 저점 이후 개선세를 전망하는 의견과 재고 조정 영향으로 기대치를 하회할 것이라는 상반된 전망이 공존하여 방향성 판단이 어렵습니다."", ""PER이 '해당없음(적자)'으로 표시되어 있어 현재 기업 가치 평가에 어려움이 있으며, PBR 1.31은 자산 가치 대비 소폭 프리미엄을 반영하고 있으나, 적자 기업임을 감안할 때 추가적인 상승 동력 확보가 중요합니다.""]",-18.66667877236149,-23.25927674526289
6400,삼성SDI,2024-12-02,255527,Buy,70,"[""최근 1개월 수익률이 -21.87%로 하락했지만, 52주 최저가 대비 현재 위치가 5.2%로 반등 가능성이 존재합니다."", ""유럽 가동률 회복 기대감과 함께 목표주가 480,000원을 제시한 애널리스트 리포트가 긍정적인 신호입니다."", ""매출은 전년 대비 12.8% 증가했으며, 영업현금흐름이 양호하고 부채비율이 71.0%로 안정적인 재무 구조를 유지하고 있습니다.""]",-3.256798694462816,-5.363816739522634
6400,삼성SDI,2025-01-02,241821,Sell,65,"[""최근 1개월 수익률이 -5.89%로 하락세를 보이고 있으며, 거래량 변화율도 -41.17%로 감소하여 투자 심리가 위축된 것으로 판단됩니다."", ""애널리스트 리포트에서 전기차 배터리 셀 수요 회복세 지연을 언급하며 목표주가를 제시했으나, 이는 단기적인 하방 압력으로 작용할 수 있습니다."", ""현재가(241,821원)가 52주 최저가(234,478원)에 근접해 있어 추가 하락 가능성을 배제할 수 없습니다.""]",-5.263397306271995,-14.169985237014156
6400,삼성SDI,2025-02-03,201191,Sell,70,"[""최근 1개월 수익률이 -15.79%로 부진하며, 52주 최저가에 근접한 가격대에서 거래되고 있습니다."", ""최근 애널리스트 리포트들이 일제히 목표주가를 하향 조정하며 부정적인 전망을 내놓고 있습니다."", ""4분기 실적이 컨센서스를 하회하고 영업 적자를 기록하는 등 단기적인 실적 개선 모멘텀이 부족합니다.""]",2.4330114170116954,3.8928182672187126
6400,삼성SDI,2025-03-04,209023,Neutral,50,"[""삼성SDI는 현재 52주 최저가에 근접한 수준으로, 기술적으로는 반등 가능성이 있으나 최근 1개월 수익률이 마이너스인 점은 부담 요인입니다."", ""연간 매출은 성장했으나 영업이익은 감소하여 수익성 악화 우려가 존재하며, PER이 '해당없음(적자)'으로 표시되어 현재 재무 상태만으로는 밸류에이션 판단이 어렵습니다."", ""부채비율이 71.0%로 안정적인 수준이고 영업현금흐름이 양호한 점은 긍정적이나, 단기 20거래일 내 시장 대비 뚜렷한 상승 또는 하락을 예측할 만한 강력한 모멘텀이 부족합니다.""]",-0.233945546662329,-12.64645517478938
6400,삼성SDI,2025-04-01,182589,Sell,70,"[""최근 1개월 수익률이 -13.57%로 하락세를 보이고 있으며, 52주 최고가 대비 현재 위치가 매우 낮아 추가 하락 가능성이 있습니다."", ""연간 실적이 매출, 영업이익, 순이익 모두 전년 대비 큰 폭으로 감소했으며, 영업이익률도 2.2%로 낮은 수준입니다."", ""영업현금흐름이 마이너스(-)를 기록하고 있어 재무적인 부담이 존재하며, 이는 주가에 부정적인 영향을 미칠 수 있습니다.""]",-7.935308260629063,-3.608651123561661
6400,삼성SDI,2025-05-02,172200,Sell,65,"[""최근 1개월 수익률이 -4.92%로 하락세를 보이고 있으며, 거래량 변화율 또한 -49.22%로 감소하여 투자 심리가 위축된 것으로 판단됩니다."", ""연간 실적에서 매출이 전년 대비 -22.6% 감소하고 영업이익은 -76.5% 급감하는 등 수익성 악화가 두드러지고 있습니다."", ""애널리스트 리포트에서도 '대외 불확실성과 경쟁 심화', '수익성 악화', 'Q 회복에 대한 가시성 부족' 등 부정적인 의견이 일부 포함되어 있어 단기적인 하락 압력이 존재할 수 있습니다.""]",0.4645760743321719,1.2195121951219512
6400,삼성SDI,2025-06-02,172400,Sell,70,"[""최근 1개월 수익률이 마이너스이며, 52주 최고가 대비 현재 위치가 매우 낮은 점은 하락 추세가 지속될 가능성을 시사합니다."", ""연간 실적에서 매출과 영업이익이 전년 대비 큰 폭으로 감소했으며, 영업이익률 또한 낮은 수준으로 재무 건전성에 대한 우려가 있습니다."", ""영업현금흐름이 마이너스인 점은 기업의 현금 창출 능력에 문제가 있음을 나타내며, 이는 주가 하락 압력으로 작용할 수 있습니다.""]",1.3921113689095126,7.482598607888631
6400,삼성SDI,2025-07-01,179000,Sell,65,"[""최근 애널리스트 리포트에서 2분기 실적 부진 가능성이 언급되었으며, 이는 단기적인 주가 하락 요인으로 작용할 수 있습니다."", ""연간 실적이 매출 및 영업이익 모두 큰 폭으로 감소한 것으로 나타나, 재무 건전성에 대한 우려가 제기될 수 있습니다."", ""영업 현금 흐름이 마이너스를 기록하고 있어, 기업의 현금 창출 능력에 대한 의문이 제기됩니다.""]",-4.972067039106146,15.083798882681563
6400,삼성SDI,2025-08-01,193700,Neutral,60,"[""최근 1개월 수익률이 소폭 상승했으나, 전년 대비 매출 및 영업이익 감소, 영업현금흐름 마이너스 등 부정적인 실적 지표가 부담으로 작용합니다."", ""애널리스트 목표주가가 현재가 대비 상승 여력을 시사하지만, '어려운 대외환경 지속'이라는 언급은 단기적인 상승 모멘텀을 제한할 수 있습니다."", ""52주 최고가 대비 현재 위치가 낮아 저가 매수 기회로 볼 수도 있으나, 명확한 상승 트리거가 부재하고 실적 개선에 대한 불확실성이 존재하여 보수적인 접근이 필요합니다.""]",16.159008776458442,4.543107898812597
6400,삼성SDI,2025-09-01,202500,Neutral,50,"[""최근 1개월 수익률이 소폭 상승했으나, 거래량 변화율이 감소하여 투자 심리가 위축된 것으로 보입니다."", ""연간 실적에서 매출과 영업이익이 전년 대비 큰 폭으로 감소했으며, 영업이익률도 낮은 수준입니다."", ""애널리스트 리포트에서 목표주가가 현재가 대비 상승 여력을 제시하고 있으나, 4분기 흑전 기대감 등 불확실한 요소가 존재합니다.""]",-0.4938271604938271,1.2345679012345678
6400,삼성SDI,2025-10-01,206500,Neutral,50,"[""최근 1개월 수익률이 소폭 상승했으나, 거래량 변화율이 마이너스인 점은 매수세 약화를 시사합니다."", ""연간 실적이 매출 및 영업이익 모두 큰 폭으로 감소했으며, 영업이익률도 낮은 수준으로 재무 건전성에 대한 우려가 있습니다."", ""현재 주가는 52주 최저가 대비로는 높지만 최고가 대비로는 크게 하락한 상태로, 기술적으로도 뚜렷한 방향성을 제시하지 않고 있습니다.""]",14.285714285714285,55.932203389830505
6400,삼성SDI,2025-11-03,337500,Neutral,60,"[""최근 1개월 수익률이 61.48%로 매우 높고 52주 최고가에 근접해 있어 단기 급등에 따른 차익 실현 매물 출회 가능성이 있습니다."", ""애널리스트 리포트 내 목표주가 범위가 268,000원에서 450,000원으로 넓고, 실적 부진에 대한 우려와 ESS 사업 기대감이 혼재되어 있어 투자 방향성이 명확하지 않습니다."", ""연간 실적에서 매출과 영업이익이 큰 폭으로 감소했으며, 영업현금흐름이 마이너스를 기록하는 등 재무 건전성에 대한 우려가 존재합니다.""]",-4.592592592592593,-9.62962962962963
6400,삼성SDI,2025-12-01,305000,Neutral,60,"[""최근 1개월 수익률이 마이너스이고 거래량 변화율도 크게 하락하여 단기적인 하락 압력이 존재합니다."", ""하지만 애널리스트 리포트에서는 ESS 부문의 높은 성장과 북미 수주 기대감으로 목표주가를 상향 조정하고 있어 중장기적인 상승 여력이 있습니다."", ""연간 실적은 매출과 영업이익이 크게 감소했으나, 현재가 52주 최고가 대비 낮은 수준에 위치하고 있어 밸류에이션 매력은 제한적입니다.""]",1.639344262295082,-13.934426229508196
5380,현대차,2023-01-02,159000,Neutral,50,"[""현대차는 견조한 매출 및 영업이익 성장세를 보였으나, 높은 부채비율과 마이너스 영업현금흐름은 재무 안정성에 대한 우려를 야기합니다."", ""현재가는 52주 최저가에 근접해 있어 하방 경직성이 기대되지만, 최근 1개월 수익률 하락 및 거래량 감소는 단기적인 매도 압력을 시사합니다."", ""PER과 PBR 지표는 저평가 가능성을 보여주지만, ROE가 낮은 점과 순이익 정보 부재는 투자 매력도를 판단하기 어렵게 만듭니다.""]",2.515723270440252,6.855345911949685
5380,현대차,2023-02-01,169900,Buy,85,"[""최근 1개월 수익률이 12.58%로 양호하며, 거래량 변화율도 12.89%로 긍정적인 흐름을 보이고 있습니다."", ""다수의 애널리스트 리포트에서 긍정적인 전망과 함께 220,000원 ~ 250,000원의 높은 목표주가를 제시하고 있어 상승 여력이 충분하다고 판단됩니다."", ""연간 실적에서 매출과 영업이익이 전년 대비 큰 폭으로 증가했으며, 특히 영업이익률 개선이 두드러져 기업 펀더멘탈이 강화되고 있음을 시사합니다.""]",1.5891701000588585,3.64920541494997
5380,현대차,2023-03-02,176100,Buy,70,"[""최근 1개월 수익률이 6.89%로 긍정적인 흐름을 보이고 있으며, 애널리스트들의 목표주가가 현재가 대비 상승 여력이 충분함을 시사합니다."", ""연간 실적에서 매출과 영업이익이 큰 폭으로 증가하며 견조한 성장세를 나타내고 있습니다."", ""PER 9.4배, PBR 0.44배로 저평가 매력이 존재하며, 52주 최고가 대비 현재 위치가 중간 수준으로 추가 상승 가능성이 있습니다.""]",-0.6246450880181714,4.770017035775128
5380,현대차,2023-04-03,183800,Buy,75,"[""현대차는 견조한 실적 성장과 함께 낮은 PER 및 PBR 수준을 보여 밸류에이션 매력이 높습니다."", ""최근 1개월 수익률이 긍정적이며, 52주 최고가 대비 현재 위치가 63.9%로 상승 여력이 남아있습니다."", ""높은 영업현금흐름과 4.5%의 배당수익률은 주주환원에 대한 기대감을 높여 투자 심리에 긍정적인 영향을 줄 수 있습니다.""]",4.515778019586507,9.357997823721435
5380,현대차,2023-05-02,201000,Buy,85,"[""최근 1개월 수익률이 9.21%로 양호하며, 52주 최고가에 근접한 강한 상승세를 보이고 있습니다."", ""애널리스트들의 목표주가가 현재가 대비 상당한 상승 여력을 시사하며, 긍정적인 전망이 지배적입니다."", ""역대급 실적 지속, 높은 영업이익 증가율, 견조한 영업현금흐름 등 펀더멘탈 측면에서 매우 긍정적인 신호가 나타나고 있습니다.""]",3.482587064676617,-0.7462686567164178
5380,현대차,2023-06-01,199500,Buy,75,"[""현대차는 PER 6.9배, PBR 0.44배로 저평가된 것으로 판단되며, ROE 6.4%는 개선 여지가 있습니다."", ""최근 1개월 수익률은 0%로 정체되었으나, 52주 최고가 대비 78.8% 수준으로 상승 여력이 남아있습니다."", ""최근 애널리스트 리포트에서 'pent up demand와 카플레이션 최대 수혜 기업'으로 언급되며 목표주가 320,000원을 제시한 점은 긍정적입니다."", ""연간 실적에서 매출 및 영업이익이 전년 대비 큰 폭으로 성장했으며, 영업이익률 또한 개선되었습니다."", ""배당수익률 4.5%는 투자 매력도를 높이는 요인입니다.""]",-1.6541353383458646,4.511278195488721
5380,현대차,2023-07-03,208000,Buy,85,"[""최근 애널리스트 리포트에서 제시된 목표주가가 현재가 대비 상당한 상승 여력을 시사하며, 전반적으로 긍정적인 전망을 유지하고 있습니다."", ""견조한 연간 실적 성장과 높은 영업이익률은 기업의 펀더멘털이 탄탄함을 보여주며, 이는 주가 상승의 기반이 될 수 있습니다."", ""높은 배당수익률은 단기적으로 투자 매력도를 높여 매수세를 유입시킬 가능성이 있습니다.""]",-0.4807692307692308,-4.134615384615384
5380,현대차,2023-08-01,192500,Buy,85,"[""최근 애널리스트 리포트들이 일제히 긍정적인 전망과 함께 높은 목표주가를 제시하고 있습니다."", ""2분기 실적 발표 이후 연간 가이던스 상향 등 견조한 성장세가 지속될 것이라는 분석이 지배적입니다."", ""PER, PBR 등 재무지표가 저평가 구간에 있으며, 배당수익률 또한 매력적인 수준입니다.""]",-1.6103896103896105,-1.7662337662337664
5380,현대차,2023-09-01,187300,Buy,70,"[""현대차는 PER 6.6배, PBR 0.42배로 저평가된 것으로 판단됩니다."", ""최근 1개월 수익률은 하락했지만, 52주 최고가 대비 현재 위치가 61.7%로 상승 여력이 남아있습니다."", ""연간 실적에서 매출과 영업이익이 전년 대비 크게 증가했으며, 영업이익률도 양호한 수준입니다."", ""애널리스트 리포트에서 목표주가 300,000원을 제시하며 긍정적인 전망을 내놓고 있습니다."", ""배당수익률 4.5%는 투자 매력을 더하는 요소입니다.""]",-0.9610250934329952,2.616123865456487
5380,현대차,2023-10-04,190500,Buy,75,"[""최근 애널리스트 리포트에서 제시된 목표주가가 현재가 대비 상당한 상승 여력을 시사하고 있습니다."", ""연간 실적에서 매출과 영업이익이 전년 대비 큰 폭으로 증가하며 견조한 성장세를 보여주고 있습니다."", ""PER 6.7배, PBR 0.43배로 낮은 밸류에이션 수준을 유지하고 있으며, 배당수익률 4.5%는 투자 매력도를 높입니다.""]",-1.7847769028871392,-8.976377952755906
5380,현대차,2023-11-01,172000,Buy,85,"[""최근 애널리스트 리포트들이 일제히 긍정적인 실적 전망과 함께 높은 목표주가를 제시하고 있어 단기 상승 모멘텀이 기대됩니다."", ""PER 6.0, PBR 0.38로 저평가된 구간에 있으며, 52주 최저가 대비 현재 위치가 32.7%로 상승 여력이 충분해 보입니다."", ""최근 1개월 수익률은 하락했으나, 거래량 변화율이 34.16%로 증가한 점은 투자자들의 관심이 다시 높아지고 있음을 시사합니다.""]",1.5697674418604652,7.151162790697674
5380,현대차,2023-12-01,181600,Buy,75,"[""최근 1개월 수익률이 긍정적이며, 애널리스트들의 목표주가가 현재가 대비 상당한 상승 여력을 시사하고 있습니다."", ""연간 실적에서 매출과 영업이익이 전년 대비 큰 폭으로 증가하며 견조한 성장세를 보여주고 있습니다."", ""PER과 PBR 지표가 낮아 저평가 매력이 있으며, 배당수익률 또한 투자 매력도를 높이고 있습니다.""]",2.092511013215859,4.625550660792952
5380,현대차,2024-01-02,193800,Buy,75,"[""최근 애널리스트 리포트에서 제시된 목표주가가 현재가 대비 상당한 상승 여력을 시사하고 있습니다."", ""최근 1개월 수익률이 8.50%로 양호하며, 거래량 변화율도 25.44%로 긍정적인 수급 신호를 보여주고 있습니다."", ""연간 실적에서 매출과 영업이익이 전년 대비 큰 폭으로 증가했으며, 영업이익률도 개선되는 추세입니다.""]",-3.663570691434469,0.4127966976264189
5380,현대차,2024-02-01,227000,Buy,75,"[""최근 1개월 수익률이 7.33%로 양호하며, 거래량 변화율도 29.05%로 증가하는 추세입니다."", ""애널리스트 리포트에서 제시된 목표주가 평균이 현재가 대비 상당한 상승 여력을 시사하고 있습니다."", ""연간 실적에서 매출과 영업이익이 큰 폭으로 증가했으며, 영업이익률도 개선되는 등 펀더멘털이 견조합니다.""]",9.691629955947135,10.572687224669604
5380,현대차,2024-03-04,249000,Buy,85,"[""최근 1개월간 34.47%의 높은 수익률과 391.99%의 거래량 변화율은 강한 매수세를 시사합니다."", ""애널리스트들의 목표주가가 현재가 대비 상당한 상승 여력을 보여주며, 긍정적인 전망을 뒷받침합니다."", ""매출 및 영업이익의 견조한 성장세와 높은 영업현금흐름은 기업의 펀더멘털이 긍정적임을 나타냅니다.""]",-3.0120481927710845,-11.646586345381529
5380,현대차,2024-04-01,220000,Neutral,50,"[""현대차는 PER, PBR 등 밸류에이션 지표상 저평가된 것으로 보이나, 최근 1개월 수익률 하락 및 거래량 감소는 단기적인 투자 심리 위축을 시사합니다."", ""연간 실적은 매출 및 영업이익이 크게 증가하며 긍정적인 모습을 보였으나, 순이익 정보가 없어 최종 수익성을 판단하기 어렵습니다."", ""부채비율이 다소 높고 영업현금흐름이 마이너스인 점은 재무 안정성 측면에서 우려 요인으로 작용할 수 있습니다.""]",3.636363636363636,13.18181818181818
5380,현대차,2024-05-02,241000,Buy,75,"[""최근 애널리스트 리포트들이 일관되게 긍정적인 목표주가를 제시하며 상승 여력을 시사하고 있습니다."", ""PER 5.2, PBR 0.50 등 낮은 밸류에이션 지표는 현재 주가가 저평가되어 있을 가능성을 보여줍니다."", ""최근 1개월 수익률이 9.45%로 양호하며, 52주 최고가 대비 현재 위치가 높아 추가 상승에 대한 기대감을 높입니다.""]",1.6597510373443984,7.468879668049793
5380,현대차,2024-06-03,259000,Buy,75,"[""현대차는 견조한 실적 성장과 함께 낮은 PER 및 PBR 수준을 보여 밸류에이션 매력이 높습니다."", ""최근 1개월 수익률이 긍정적이며, 52주 최고가 대비 현재 위치가 높아 추가 상승 여력이 기대됩니다."", ""높은 배당수익률은 주가 하방 경직성을 제공하며 투자 매력을 높입니다.""]",4.247104247104247,6.563706563706563
5380,현대차,2024-07-01,272500,Buy,75,"[""최근 1개월 수익률이 11.28%로 양호하며, 52주 최고가 대비 현재 위치가 높아 상승 모멘텀이 유지되고 있습니다."", ""애널리스트 리포트에서 제시된 목표주가(330,000원 ~ 350,000원)가 현재가(272,500원) 대비 상당한 상승 여력을 시사합니다."", ""연간 실적에서 매출과 영업이익이 전년 대비 큰 폭으로 증가했으며, 영업이익률도 개선되어 기업 펀더멘탈이 견조합니다."", ""배당수익률이 4.7%로 높아 주주환원에 대한 기대감이 투자 심리에 긍정적인 영향을 미칠 수 있습니다.""]",0.7339449541284404,-8.256880733944955
5380,현대차,2024-08-01,244000,Buy,75,"[""최근 애널리스트 리포트에서 일관되게 긍정적인 전망과 높은 목표주가를 제시하고 있습니다."", ""연간 실적에서 매출 및 영업이익이 전년 대비 크게 증가하며 견조한 성장세를 보여주고 있습니다."", ""현재 주가가 52주 최고가 대비 하락한 위치에 있어 상승 여력이 존재하며, 배당수익률 또한 매력적입니다.""]",-0.4098360655737705,0.819672131147541
5380,현대차,2024-09-02,237500,Buy,85,"[""최근 30일간 발표된 애널리스트 리포트에서 제시된 목표주가가 현재가 대비 상당한 상승 여력을 보여주고 있으며, 대부분 긍정적인 전망을 제시하고 있습니다."", ""연간 실적에서 매출과 영업이익이 전년 대비 큰 폭으로 증가하며 견조한 성장세를 나타내고 있습니다."", ""PER 5.2, PBR 0.49 등 낮은 밸류에이션 지표는 현재 주가가 저평가되어 있을 가능성을 시사하며, 4.7%의 배당수익률은 투자 매력도를 높입니다.""]",-2.736842105263158,3.578947368421052
5380,현대차,2024-10-02,239500,Neutral,50,"[""최근 1개월 수익률이 마이너스로 하락세를 보이고 있으나, 연간 실적은 매출과 영업이익 모두 큰 폭으로 증가하며 견조한 성장세를 나타내고 있습니다."", ""PER 5.0, PBR 0.48은 저평가 매력을 시사하지만, 부채비율 177.4%와 마이너스 영업현금흐름은 재무 안정성에 대한 우려를 남깁니다."", ""GM과의 파트너십 관련 긍정적인 리포트와 높은 배당수익률은 투자 매력을 더하지만, 단기적인 기술적 지표의 하락세와 불확실한 시장 상황을 고려할 때 명확한 방향성을 판단하기 어렵습니다.""]",3.757828810020877,-9.603340292275574
5380,현대차,2024-11-01,216500,Buy,75,"[""다수의 애널리스트 리포트에서 목표주가가 현재가 대비 상당한 상승 여력을 제시하고 있으며, 이는 긍정적인 투자 심리를 반영합니다."", ""PER 4.5, PBR 0.43 등 낮은 밸류에이션 지표는 현재 주가가 저평가되었을 가능성을 시사합니다."", ""최근 1개월 수익률이 -12.50%로 하락했지만, 이는 단기적인 조정일 수 있으며, 견조한 연간 실적 성장세와 높은 배당수익률은 장기적인 투자 매력을 높입니다.""]",-2.5404157043879905,-0.23094688221709
5380,현대차,2024-12-02,214500,Buy,85,"[""최근 1개월 수익률이 1.17%로 소폭 상승세를 보이고 있으며, 거래량 변화율도 15.43%로 긍정적인 흐름을 나타내고 있습니다."", ""애널리스트 리포트에서 제시된 목표주가들이 현재가(214,500원) 대비 상당한 상승 여력을 시사하고 있으며, 특히 자사주 매입 공시는 주가 부양에 긍정적인 영향을 줄 수 있습니다."", ""PER 4.5, PBR 0.43 등 낮은 밸류에이션 지표는 현재 주가가 저평가되어 있을 가능성을 시사하며, 4.7%의 배당수익률은 투자 매력을 더합니다.""]",-1.8648018648018647,-0.6993006993006993
5380,현대차,2025-01-02,213000,Neutral,55,"[""현대차는 견조한 연간 실적 성장에도 불구하고 최근 1개월 수익률 하락과 거래량 감소세를 보이고 있어 단기적인 방향성 판단이 어렵습니다."", ""낮은 PER과 PBR은 저평가 매력을 시사하지만, 높은 부채비율과 마이너스 영업현금흐름은 재무 안정성에 대한 우려를 남깁니다."", ""높은 배당수익률은 투자 매력도를 높이지만, 52주 최고가 대비 상당한 하락폭과 현재 위치는 추가 하락 가능성도 배제할 수 없게 합니다.""]",6.103286384976526,-4.460093896713615
5380,현대차,2025-02-03,201000,Neutral,55,"[""최근 1개월 수익률이 마이너스로 부진했으나, 연간 실적은 매출과 영업이익 모두 큰 폭으로 성장했습니다."", ""애널리스트 리포트에서 목표주가 하향 의견이 일부 존재하지만, 전반적으로는 현재가 대비 상승 여력을 시사하는 의견이 다수입니다."", ""기술적으로는 52주 최저가 대비 상승했으나 최고가 대비로는 상당한 괴리가 있어 단기적인 방향성 판단이 어렵습니다.""]",-0.7960199004975124,-3.134328358208955
5380,현대차,2025-03-04,194700,Neutral,50,"[""현재가 52주 최저가에 근접해 있어 하방 경직성이 기대되지만, 최근 1개월 수익률이 마이너스인 점은 부담 요인입니다."", ""매출과 영업이익이 큰 폭으로 성장했으나, 순이익 정보가 없고 영업현금흐름이 마이너스인 점은 재무 건전성에 대한 의문을 제기합니다."", ""인도법인 IPO 관련 자사주 매입 조기 완료 소식은 긍정적일 수 있으나, 목표주가가 제시되지 않아 투자 방향을 명확히 판단하기 어렵습니다.""]",1.7976373908577297,0.8217770929635336
5380,현대차,2025-04-01,196300,Buy,65,"[""현대차는 현재 52주 최저가에 근접한 수준으로, 밸류에이션 매력이 높습니다."", ""최근 1개월 수익률이 긍정적이며, 애널리스트 리포트에서 목표주가 상향 조정 가능성을 시사하고 있습니다."", ""높은 배당수익률은 주가 하방 경직성을 제공할 수 있습니다.""]",-9.322465613856345,-2.9037187977585326
5380,현대차,2025-05-02,187600,Buy,75,"[""다수의 애널리스트 리포트에서 목표주가가 현재가 대비 높게 제시되어 있어 상승 여력이 존재합니다."", ""PER 4.0, PBR 0.32로 낮은 밸류에이션 수준을 보이며, 이는 저평가 매력을 시사합니다."", ""52주 최저가 대비 현재 위치가 9.9%로, 상승 초기 국면일 가능성을 배제할 수 없습니다.""]",5.063965884861407,1.0660980810234542
5380,현대차,2025-06-02,186000,Neutral,50,"[""현대차의 현재 주가는 52주 최저가에 근접한 수준으로 저평가 매력이 존재합니다."", ""하지만 최근 1개월 수익률 하락과 거래량 감소는 투자 심리 위축을 시사하며, 영업이익 감소와 높은 부채비율은 재무적 부담 요인으로 작용합니다."", ""배당수익률은 매력적이나, 단기적인 시장 대비 상승 또는 하락을 명확히 판단하기에는 긍정적 및 부정적 요인이 혼재되어 있습니다.""]",8.333333333333332,15.32258064516129
5380,현대차,2025-07-01,213500,Buy,75,"[""최근 1개월 수익률이 9.95%로 양호하며, 거래량 변화율도 43.09%로 높아 투자자들의 관심이 증가하고 있음을 시사합니다."", ""PER 4.4, PBR 0.36 등 낮은 밸류에이션 지표는 현재 주가가 저평가되어 있을 가능성을 나타냅니다."", ""최근 애널리스트 리포트에서 '관세 해결, 가치평가 정상화의 시작점'이라는 긍정적인 전망과 함께 목표주가 265,000원을 제시하여 추가 상승 여력을 기대할 수 있습니다.""]",-1.873536299765808,4.449648711943794
5380,현대차,2025-08-01,211000,Buy,75,"[""대부분의 애널리스트 리포트에서 목표주가를 현재가 대비 높게 제시하며 긍정적인 전망을 내놓고 있습니다."", ""PER 4.4, PBR 0.36 등 낮은 밸류에이션 지표는 현재 주가가 저평가되었을 가능성을 시사합니다."", ""최근 1개월 수익률은 소폭 하락했으나, 거래량 변화율이 11.63%로 증가하며 투자 심리 회복 가능성을 보여줍니다.""]",0.7109004739336493,4.265402843601896
5380,현대차,2025-09-01,220000,Neutral,55,"[""현대차의 PER과 PBR은 시장 평균 대비 낮은 수준으로 저평가 매력이 존재하나, 영업이익 감소와 불안정한 영업현금흐름은 부정적인 요인입니다."", ""최근 1개월 수익률은 긍정적이나, 거래량 감소는 투자 심리 위축을 시사하며 향후 상승 동력 약화를 우려하게 합니다."", ""52주 최고가 대비 현재 위치는 중간 수준이며, 20거래일 내 뚜렷한 상승 또는 하락을 단정하기 어려운 상황입니다.""]",-0.4545454545454545,-2.272727272727273
5380,현대차,2025-10-01,220000,Buy,75,"[""최근 애널리스트 리포트에서 제시된 목표주가들이 현재가 대비 상당한 상승 여력을 시사하고 있습니다."", ""PER 4.5, PBR 0.37 등 낮은 밸류에이션 지표는 저평가 가능성을 나타냅니다."", ""최근 1개월 수익률은 소폭 하락했으나, 거래량 변화율이 긍정적인 점은 투자 심리 회복 가능성을 보여줍니다.""]",10.0,22.272727272727277
5380,현대차,2025-11-03,276000,Buy,85,"[""최근 1개월 수익률이 35.90%로 매우 높으며, 거래량 변화율도 119.08%로 강한 매수세를 시사합니다."", ""최근 30일간 애널리스트 리포트들이 모두 긍정적인 전망과 함께 목표주가를 현재가 대비 상향 제시하고 있습니다."", ""PER 6.2, PBR 0.50으로 저평가 구간에 있으며, 52주 최고가에 근접한 강한 상승 모멘텀을 보여주고 있습니다.""]",-2.536231884057971,-3.6231884057971016
5380,현대차,2025-12-01,266000,Neutral,55,"[""최근 1개월 수익률이 -12.24%로 하락세를 보이고 있으며, 거래량 변화율도 -48.06%로 감소하여 단기적인 투자 심리가 위축된 것으로 판단됩니다."", ""PER 5.4, PBR 0.43은 현재 주가가 저평가되어 있을 가능성을 시사하지만, ROE 8.0%는 다소 낮은 수준입니다."", ""미국 시장 MS 사상 최고치 돌파 관련 애널리스트 리포트가 긍정적인 목표주가(330,000원)를 제시하고 있으나, 연간 영업이익이 전년 대비 감소한 점과 높은 부채비율, 마이너스 영업현금흐름은 투자에 부담으로 작용할 수 있습니다.""]",15.413533834586463,12.218045112781954
270,기아,2023-01-02,62400,Buy,75,"[""기아는 PER 5.2배, PBR 0.69배로 저평가 구간에 있으며, ROE 13.3%로 양호한 수익성을 보여주고 있습니다."", ""최근 1개월 수익률은 하락했으나, 이는 단기적인 조정으로 해석될 수 있으며 52주 최저가 대비 현재 위치가 8.0%로 상승 여력이 충분합니다."", ""연간 실적에서 매출과 영업이익이 크게 증가했으며, 영업이익률 또한 개선되어 기업의 펀더멘털은 견고합니다."", ""부채비율 91.5%는 안정적인 수준이며, 영업현금흐름이 양호하여 재무 건전성이 뒷받침되고 있습니다."", ""3.6%의 배당수익률은 투자 매력도를 높이는 요인으로 작용할 수 있습니다.""]",2.403846153846154,11.698717948717947
270,기아,2023-02-01,69700,Buy,85,"[""최근 1개월 수익률이 17.20%로 강한 상승세를 보이고 있으며, 거래량 변화율도 29.43%로 긍정적인 흐름을 나타내고 있습니다."", ""애널리스트들의 목표주가가 현재가 대비 상당한 상승 여력을 시사하며, 긍정적인 전망이 지배적입니다."", ""견조한 연간 실적 성장과 높은 영업이익률, 안정적인 재무구조는 향후 주가 상승의 기반이 될 수 있습니다.""]",2.8694404591104736,12.195121951219512
270,기아,2023-03-02,78200,Buy,75,"[""기아는 PER 6.5배, PBR 0.87배로 저평가된 것으로 판단되며, ROE 13.3%로 양호한 수익성을 보여주고 있습니다."", ""최근 1개월 수익률이 16.47%로 강한 상승세를 보였으며, 52주 최고가 대비 현재 위치가 68.5%로 추가 상승 여력이 있습니다."", ""연간 실적에서 매출과 영업이익이 큰 폭으로 성장했으며, 영업이익률 또한 개선되는 추세입니다.""]",-0.2557544757033248,3.580562659846547
270,기아,2023-04-03,80100,Buy,75,"[""기아는 견조한 실적 성장과 함께 높은 영업이익률을 기록하고 있으며, 이는 주가 상승의 긍정적인 요인입니다."", ""PER 6.0, PBR 0.81은 현재 주가가 기업 가치 대비 저평가되어 있을 가능성을 시사하며, 향후 상승 여력을 보여줍니다."", ""최근 애널리스트 리포트에서 목표주가가 현재가 대비 높게 제시되고 있어 추가 상승에 대한 기대감을 높이고 있습니다."", ""52주 최고가 대비 현재 위치가 높지만, 여전히 상승 추세를 이어갈 가능성이 있으며, 5.5%의 배당수익률은 주가 하방을 지지하는 역할을 할 수 있습니다.""]",6.117353308364544,7.990012484394507
270,기아,2023-05-02,86500,Buy,85,"[""최근 1개월 수익률이 7.28%로 양호하며, 52주 최고가에 근접한 강한 상승 모멘텀을 보여주고 있습니다."", ""애널리스트 리포트에서 제시된 목표주가들이 현재가 대비 상당한 상승 여력을 시사하고 있으며, 긍정적인 전망이 지배적입니다."", ""견조한 연간 실적 성장과 높은 영업이익률, 안정적인 재무구조 및 긍정적인 영업현금흐름은 기업의 펀더멘탈이 탄탄함을 보여줍니다.""]",4.161849710982659,-1.5028901734104043
270,기아,2023-06-01,85200,Buy,75,"[""기아는 견조한 실적 성장과 함께 낮은 PER, PBR 수준을 보여 밸류에이션 매력이 높습니다."", ""EV 전환 가속화에 대한 기대감으로 브랜드 가치 상승이 예상되며, 이는 목표주가 상향 조정의 근거가 됩니다."", ""높은 배당수익률은 주가 하방 경직성을 제공하며, 최근 단기 조정을 거쳤지만 장기적인 상승 추세는 유지될 가능성이 높습니다.""]",-4.225352112676056,3.873239436619718
270,기아,2023-07-03,88900,Buy,85,"[""기아는 현재 52주 최고가에 근접한 수준으로, 기술적으로 상승 모멘텀이 강하게 나타나고 있습니다."", ""최근 애널리스트 리포트에서 긍정적인 전망과 함께 목표주가가 현재가 대비 높게 제시되어 있어 추가 상승 여력이 충분합니다."", ""견조한 연간 실적 성장과 높은 영업이익률, 안정적인 재무 구조는 기업의 펀더멘털이 탄탄함을 시사합니다.""]",-0.4499437570303712,-6.299212598425196
270,기아,2023-08-01,80000,Buy,85,"[""최근 30일간 애널리스트 리포트에서 제시된 목표주가 평균이 현재가 대비 상당한 상승 여력을 시사하고 있습니다."", ""PER 6.2, PBR 0.83은 현재 주가가 기업의 내재가치 대비 저평가되어 있음을 나타냅니다."", ""견조한 매출 및 영업이익 성장률과 높은 영업현금흐름은 기업의 펀더멘탈이 긍정적임을 보여줍니다."", ""5.5%의 배당수익률은 주가 하방 경직성을 제공할 수 있는 요인입니다.""]",-1.375,0.25
270,기아,2023-09-01,80000,Buy,75,"[""기아는 PER 5.9배, PBR 0.79배로 저평가 구간에 있으며, ROE 13.4%로 양호한 수익성을 보여주고 있습니다."", ""최근 1개월 수익률은 소폭 하락했으나, 52주 최고가 대비 66.2% 위치는 추가 상승 여력을 시사합니다."", ""전년 대비 매출 및 영업이익이 큰 폭으로 증가했으며, 영업이익률 또한 개선되는 등 견조한 실적 성장세를 이어가고 있습니다."", ""부채비율 87.3%로 재무 안정성이 양호하며, 영업현금흐름이 긍정적인 점은 긍정적입니다."", ""배당수익률 5.5%는 주주환원 정책에 대한 기대감을 높여 투자 매력도를 더합니다.""]",-3.0,6.5
270,기아,2023-10-04,83500,Buy,75,"[""기아는 현재가 83,500원으로 52주 최고가 90,100원에 근접해 있으나, 52주 내 위치가 73.4%로 상승 여력이 남아있습니다."", ""매출과 영업이익이 전년 대비 각각 23.9%, 42.8% 크게 성장하며 견조한 실적 개선세를 보이고 있습니다."", ""PER 6.1배, PBR 0.81배로 저평가 매력이 있으며, ROE 13.3%로 양호한 수익성을 나타냅니다."", ""배당수익률 5.5%는 투자 매력도를 높이는 요인으로 작용할 수 있습니다.""]",0.8383233532934131,-7.065868263473053
270,기아,2023-11-01,78500,Buy,85,"[""최근 30일간 애널리스트 리포트에서 제시된 목표주가가 현재가 대비 상당한 상승 여력을 보여주고 있으며, 전반적으로 긍정적인 전망을 유지하고 있습니다."", ""PER 5.7배, PBR 0.77배로 동종 업계 대비 저평가된 것으로 판단되며, ROE 13.4%는 양호한 수익성을 시사합니다."", ""최근 1개월 수익률은 다소 하락했지만, 거래량 변화율이 42.99%로 증가한 점은 투자자들의 관심이 다시 높아지고 있음을 나타낼 수 있습니다.""]",-1.2738853503184715,9.42675159235669
270,기아,2023-12-01,84100,Buy,85,"[""최근 애널리스트 리포트에서 전기차 라인업 확장 및 PBV 공장 가시화 등 긍정적인 전망과 함께 높은 목표주가가 제시되고 있습니다."", ""견조한 매출 및 영업이익 성장률과 함께 양호한 영업현금흐름은 재무 안정성을 뒷받침하며, 이는 주가 상승의 기반이 될 수 있습니다."", ""현재 주가가 52주 최고가 대비 하락한 위치에 있지만, 최근 1개월 수익률이 긍정적인 점과 높은 배당수익률은 투자 매력도를 높입니다.""]",3.56718192627824,10.46373365041617
270,기아,2024-01-02,93800,Buy,85,"[""최근 1개월 수익률이 13.49%로 강한 상승세를 보이고 있으며, 52주 최고가 대비 현재 위치가 94.1%로 상승 여력이 남아있습니다."", ""애널리스트 리포트에서 제시된 목표주가(125,000원 ~ 130,000원)가 현재가(93,800원) 대비 상당한 상승 여력을 시사합니다."", ""매출 및 영업이익이 전년 대비 큰 폭으로 증가했으며, 영업이익률 개선, 견조한 영업현금흐름, 낮은 부채비율 등 재무 건전성이 우수합니다."", ""높은 배당수익률(5.5%)은 주가 하방 경직성을 제공하며 투자 매력도를 높입니다.""]",-3.518123667377399,9.701492537313433
270,기아,2024-02-01,119500,Buy,75,"[""최근 1개월 수익률이 13.33%로 양호하며, 거래량 변화율도 33.67%로 증가세를 보이고 있어 투자 심리가 긍정적입니다."", ""연간 실적에서 매출과 영업이익이 전년 대비 큰 폭으로 증가했으며, 영업이익률도 개선되어 기업의 펀더멘털이 견조함을 보여줍니다."", ""다수의 애널리스트 리포트에서 목표주가를 현재가 대비 상향 제시하거나 유지하고 있으며, 특히 주주환원 정책에 대한 긍정적인 평가가 많습니다.""]",-1.9246861924686192,6.276150627615063
270,기아,2024-03-04,123000,Buy,85,"[""기아는 52주 최고가에 근접한 수준에서 거래되고 있으며, 최근 1개월 수익률이 28.16%로 강한 상승세를 보이고 있습니다."", ""연간 실적에서 매출과 영업이익이 전년 대비 큰 폭으로 증가했으며, 영업이익률 또한 개선되는 등 펀더멘털이 견조합니다."", ""애널리스트 리포트에서 목표주가 150,000원을 제시하며 긍정적인 전망을 내놓고 있어 추가 상승 여력이 존재합니다.""]",2.5203252032520327,-14.878048780487804
270,기아,2024-04-01,104700,Buy,70,"[""기아는 PER 4.9배, PBR 0.91배로 저평가된 것으로 판단됩니다."", ""ROE 18.6%로 높은 수익성을 보여주고 있으며, 영업이익률 11.6%로 견조한 이익 창출 능력을 갖추고 있습니다."", ""최근 1개월 수익률은 하락했지만, 이는 단기적인 조정으로 해석될 수 있으며, 연간 실적 성장률(+15.3%)과 영업이익 성장률(+60.5%)은 긍정적입니다."", ""부채비율 73.2%로 재무 안정성이 양호하며, 배당수익률 5.6%는 주주환원 정책에 대한 기대감을 높입니다."", ""애널리스트 리포트에서 목표주가 140,000원을 제시하며 상승 여력을 시사하고 있습니다.""]",3.151862464183381,14.231136580706782
270,기아,2024-05-02,113900,Buy,85,"[""최근 애널리스트 리포트에서 일관되게 긍정적인 전망과 함께 높은 목표주가(135,000원 ~ 150,000원)가 제시되고 있습니다."", ""1분기 실적이 시장 예상치를 상회하는 '서프라이즈'를 기록하며, 매출 및 영업이익이 전년 대비 큰 폭으로 성장했습니다."", ""PER 5.4, PBR 1.00 등 낮은 밸류에이션 지표와 18.5%의 높은 ROE는 현재 주가가 저평가되어 있음을 시사합니다."", ""최근 1개월 수익률이 10.03%로 양호하며, 52주 최고가 대비 현재 위치가 82.8%로 상승 여력이 남아있습니다."", ""73.2%의 낮은 부채비율과 양호한 영업현금흐름은 재무 안정성을 뒷받침하며, 5.6%의 배당수익률은 주가 하방 경직성을 제공할 수 있습니다.""]",0.3511852502194907,4.477611940298507
270,기아,2024-06-03,119000,Buy,75,"[""기아는 견조한 실적 성장과 높은 ROE를 바탕으로 저평가 매력이 있습니다."", ""PER 5.4배, PBR 1.01배는 동종 업계 및 시장 평균 대비 낮은 수준으로 상승 여력이 있습니다."", ""최근 1개월 수익률이 양호하며, 52주 최고가 대비 현재 위치가 높아 추가 상승에 대한 기대감이 있습니다.""]",2.941176470588235,3.949579831932773
270,기아,2024-07-01,123600,Buy,75,"[""기아는 견조한 실적 성장과 높은 ROE를 바탕으로 저평가된 것으로 판단됩니다."", ""최근 1개월 수익률이 양호하며 52주 최고가에 근접한 강한 상승 추세를 보이고 있습니다."", ""배당수익률이 높아 투자 매력도를 더하며, 부채비율도 안정적인 수준입니다.""]",-0.889967637540453,-9.70873786407767
270,기아,2024-08-01,107100,Buy,75,"[""최근 애널리스트 리포트에서 제시된 목표주가 평균이 현재가 대비 상당한 상승 여력을 시사하고 있습니다."", ""견조한 연간 실적 성장률과 높은 영업이익률, 안정적인 재무구조는 긍정적인 펀더멘털을 뒷받침합니다."", ""5.6%의 배당수익률은 주가 하방 경직성을 제공하며, 52주 최저가 대비 현재 위치가 높아 추가 상승 가능성을 기대해 볼 수 있습니다.""]",-4.855275443510738,-0.9337068160597572
270,기아,2024-09-02,102200,Buy,75,"[""기아는 견조한 매출 및 영업이익 성장세를 보이며, 높은 ROE와 낮은 PER, PBR은 저평가 매력을 시사합니다."", ""최근 1개월 수익률은 하락했으나, 52주 최고가 대비 현재 위치는 중간 수준이며 거래량 변화율은 긍정적인 신호입니다."", ""높은 배당수익률은 주주 가치 제고 의지를 보여주며, 안정적인 영업현금흐름과 낮은 부채비율은 재무 건전성을 뒷받침합니다.""]",-1.9569471624266144,-2.5440313111545985
270,기아,2024-10-02,98000,Buy,75,"[""기아는 PER 4.5배, PBR 0.83배로 저평가된 것으로 판단되며, ROE 18.6%로 높은 수익성을 보여주고 있습니다."", ""최근 1개월 수익률은 하락했지만, 거래량 변화율이 26.37%로 증가하며 매수세 유입 가능성을 시사합니다."", ""연간 실적에서 매출과 영업이익이 큰 폭으로 증가했으며, 영업이익률 또한 양호한 수준을 유지하고 있습니다. 또한, 부채비율이 73.2%로 안정적이며, 영업현금흐름이 긍정적인 점은 재무 건전성을 뒷받침합니다."", ""5.6%의 배당수익률은 투자 매력도를 높이는 요인으로 작용할 수 있습니다.""]",2.653061224489796,-0.6122448979591837
270,기아,2024-11-01,97400,Buy,75,"[""최근 애널리스트 리포트에서 일회성 비용을 제외하면 견조한 실적을 예상하며 목표주가를 현재가 대비 높게 제시하고 있습니다."", ""PER 4.2, PBR 0.79로 저평가 구간에 있으며, ROE 18.6%로 높은 수익성을 보여주고 있습니다."", ""최근 1개월 수익률은 하락했으나, 이는 일회성 비용 반영으로 인한 것으로 보이며, 향후 실적 개선 기대감으로 반등 가능성이 있습니다.""]",-2.8747433264887063,-3.285420944558522
270,기아,2024-12-02,98000,Buy,75,"[""최근 애널리스트 리포트에서 목표주가 150,000원을 제시하며 긍정적인 전망을 유지하고 있습니다."", ""PER 4.2, PBR 0.79로 현재 주가가 기업 가치 대비 저평가되어 있다는 분석이 가능합니다."", ""전년 대비 매출 및 영업이익이 큰 폭으로 증가했으며, 영업이익률 또한 양호한 수준을 유지하고 있습니다."", ""부채비율이 73.2%로 안정적인 재무 구조를 보이며, 배당수익률 5.6%는 투자 매력을 더합니다.""]",-2.2448979591836733,2.7551020408163267
270,기아,2025-01-02,100700,Buy,85,"[""최근 1개월 수익률이 9.36%로 양호하며, 52주 최고가 대비 현재 위치가 31.9%로 상승 여력이 존재합니다."", ""최근 30일간 발표된 다수의 애널리스트 리포트에서 긍정적인 목표주가 상향 조정과 함께 '밸류업 공시', '가치 제고 계획 발표' 등 주가 상승을 견인할 요인들이 제시되었습니다."", ""매출 및 영업이익의 높은 성장률과 견조한 영업이익률, 낮은 부채비율 등 재무 건전성이 우수하며, 높은 배당수익률은 주주가치 제고에 대한 기대를 높입니다.""]",4.865938430983118,-1.8867924528301887
270,기아,2025-02-03,96700,Buy,75,"[""다수의 애널리스트 리포트에서 목표주가를 현재가 대비 높게 제시하며 긍정적인 전망을 유지하고 있습니다."", ""견조한 연간 실적 성장과 높은 영업이익률, 안정적인 재무구조는 긍정적인 투자 심리를 뒷받침합니다."", ""상대적으로 낮은 PER과 PBR은 현재 주가가 저평가되어 있을 가능성을 시사하며, 배당수익률 또한 매력적인 수준입니다.""]",-2.998965873836608,-0.8273009307135472
270,기아,2025-03-04,95900,Buy,75,"[""기아는 현재 52주 최저가 대비 높은 수준에 위치해 있으며, 최근 1개월 하락에도 불구하고 견조한 재무 지표와 높은 영업이익률을 유지하고 있습니다."", ""매출과 영업이익의 큰 폭 성장, 안정적인 부채비율 및 긍정적인 영업현금흐름은 기업의 펀더멘탈이 강함을 시사합니다."", ""높은 배당수익률은 단기적인 주가 하락 시 투자 매력도를 높여 하방 경직성을 제공할 수 있으며, 20거래일 내 기술적 반등 가능성을 높입니다.""]",3.3368091762252345,-3.962460896767466
270,기아,2025-04-01,92100,Buy,85,"[""최근 애널리스트 리포트에서 신차 효과, 펀더멘털 개선, 자기주식 취득 및 소각 예정 등 긍정적인 전망과 함께 목표주가가 현재가 대비 높게 제시되었습니다."", ""PER 3.7, PBR 0.65로 저평가 매력이 있으며, ROE 17.4%로 견조한 수익성을 보여주고 있습니다."", ""매출 및 영업이익이 전년 대비 성장했으며, 영업현금흐름도 양호하고 부채비율이 낮아 재무 안정성이 우수합니다."", ""배당수익률 6.5%로 주주환원 정책이 매력적이며, 최근 거래량 변화율이 25.67%로 증가하며 투자 심리가 개선될 가능성이 있습니다.""]",-9.011943539630836,-1.8458197611292075
270,기아,2025-05-02,88100,Buy,75,"[""기아는 현재 PER 3.6배, PBR 0.63배로 저평가 구간에 있으며, ROE 17.6%로 높은 수익성을 보여주고 있습니다."", ""최근 애널리스트 리포트들은 목표주가를 현재가 대비 상당 부분 상향 제시하며 긍정적인 전망을 내놓고 있습니다."", ""연간 실적은 매출과 영업이익이 전년 대비 증가했으며, 영업이익률 또한 양호한 수준을 유지하고 있습니다. 또한, 부채비율이 낮고 영업현금흐름이 긍정적이며, 6.5%의 배당수익률은 주가 하방을 지지하는 요인으로 작용할 수 있습니다.""]",4.880817253121453,5.675368898978434
270,기아,2025-06-02,89600,Buy,75,"[""기아는 현재 PER 3.5배, PBR 0.62배로 저평가된 것으로 판단됩니다."", ""ROE 17.5%로 높은 수익성을 기록하고 있으며, 부채비율 66.1%로 재무 안정성도 양호합니다."", ""최근 1개월 수익률은 소폭 하락했으나, 52주 최저가 대비 현재 위치가 12.7%로 상승 여력이 충분하며, 배당수익률 6.5%는 투자 매력도를 높입니다.""]",9.821428571428571,11.71875
270,기아,2025-07-01,100000,Buy,75,"[""기아는 현재 PER 4.0, PBR 0.69로 저평가 구간에 있으며, ROE 17.4%로 높은 수익성을 보여주고 있습니다."", ""연간 실적에서 매출과 영업이익이 전년 대비 꾸준히 성장하고 있으며, 영업이익률 또한 11.8%로 양호한 수준입니다."", ""부채비율 66.1%와 영업현금흐름이 양호하여 재무 안정성이 뒷받침되고 있으며, 6.5%의 배당수익률은 주주환원 정책에 대한 긍정적인 신호입니다."", ""최근 1개월 수익률 5.90%와 거래량 변화율 21.02%는 시장의 관심이 증가하고 있음을 시사하며, 52주 최고가 대비 현재 위치가 33.2%로 상승 여력이 남아있습니다.""]",-0.4,10.4
270,기아,2025-08-01,102800,Buy,75,"[""최근 애널리스트 리포트에서 목표주가가 현재가 대비 상승 여력이 높다고 제시되고 있으며, 대부분 125,000원 이상으로 설정되어 있습니다."", ""PER 4.0, PBR 0.70으로 밸류에이션 매력이 높으며, ROE 17.3%로 견조한 수익성을 보여주고 있습니다."", ""최근 1개월 수익률은 소폭 상승세를 보였고, 거래량 변화율도 긍정적인 신호를 나타내고 있어 단기적인 상승 가능성이 있습니다.""]",-1.1673151750972763,4.280155642023346
270,기아,2025-09-01,107200,Buy,75,"[""기아는 현재 52주 최고가에 근접한 수준으로, 강한 상승 모멘텀을 보여주고 있습니다."", ""견조한 연간 실적 성장과 높은 영업이익률, 안정적인 재무 구조는 긍정적인 투자 심리를 뒷받침합니다."", ""높은 배당수익률은 단기적인 주가 하락 위험을 완충하고 투자 매력을 높이는 요인으로 작용할 수 있습니다.""]",-1.585820895522388,-6.063432835820896
270,기아,2025-10-01,104200,Buy,75,"[""기아는 현재 PER 4.0, PBR 0.70으로 저평가된 것으로 판단됩니다."", ""ROE 17.3%는 양호한 수익성을 보여주며, 부채비율 66.1%로 재무 안정성도 우수합니다."", ""최근 1개월 수익률은 하락했지만, 52주 최고가 대비 현재 위치가 65.5%로 상승 여력이 남아있으며, 애널리스트 목표주가 120,000원은 현재가 대비 상승 가능성을 시사합니다.""]",6.813819577735125,7.485604606525912
270,기아,2025-11-03,114400,Neutral,60,"[""최근 1개월 수익률이 높고 거래량 변화율이 크지만, 3분기 실적 부진 예상 리포트들이 혼재되어 있어 단기 방향성 판단이 어렵습니다."", ""현재 주가가 52주 최고가에 근접해 있어 추가 상승 여력이 제한적일 수 있습니다."", ""안정적인 재무 구조와 높은 배당수익률은 긍정적이나, 단기적인 시장 심리 변화에 따라 변동성이 나타날 수 있습니다.""]",1.3986013986013983,2.272727272727273
270,기아,2025-12-01,117000,Buy,75,"[""최근 애널리스트 리포트에서 제시된 목표주가 평균이 현재가 대비 상당한 상승 여력을 시사하고 있습니다."", ""PER 4.5, PBR 0.79 등 현재 주가는 재무 지표상 저평가된 구간으로 판단됩니다."", ""연간 실적 성장세와 견조한 영업현금흐름, 그리고 높은 배당수익률은 투자 매력도를 높입니다.""]",5.811965811965812,3.076923076923077
105560,KB금융,2023-01-02,49050,Neutral,40,"[""제공된 재무 및 실적 정보가 부족하여 기업의 본질적인 가치 판단이 어렵습니다."", ""기술적 지표상 최근 1개월 수익률이 마이너스이고 거래량 변화율도 감소하여 단기적인 하락 압력이 존재합니다."", ""52주 최고가 대비 현재 위치가 낮고 배당수익률이 매력적이지만, 명확한 상승 또는 하락 추세를 판단할 수 있는 추가 정보가 필요합니다.""]",17.83893985728848,14.984709480122325
105560,KB금융,2023-02-01,56400,Buy,75,"[""최근 1개월 수익률이 18.35%로 강한 상승세를 보이고 있으며, 거래량 변화율도 58.72%로 높아 투자자들의 관심이 집중되고 있습니다."", ""52주 최고가 대비 현재 위치가 62.0%로, 아직 상승 여력이 남아있다고 판단됩니다."", ""5.2%의 배당수익률은 안정적인 주주환원 정책을 시사하며, 이는 투자 매력도를 높이는 요인입니다.""]",-3.900709219858156,-11.347517730496454
105560,KB금융,2023-03-02,50000,Buy,75,"[""최근 1개월 수익률이 -9.48%로 하락했지만, 이는 단기적인 조정일 가능성이 높습니다."", ""애널리스트 리포트에서 전반적으로 긍정적인 의견과 함께 목표주가가 현재가 대비 높게 제시되고 있어 상승 여력이 충분하다고 판단됩니다."", ""5.2%의 배당수익률은 투자 매력을 높이는 요인이며, 주주환원 정책에 대한 기대감이 지속될 것으로 보입니다.""]",-0.6,-4.7
105560,KB금융,2023-04-03,47750,Neutral,40,"[""제공된 재무 및 기술 지표에 적자, N/A 값이 많아 현재 기업의 펀더멘털 및 기술적 분석에 대한 명확한 판단이 어렵습니다."", ""최근 1개월 수익률이 마이너스이고 거래량 변화율도 하락세를 보여 단기적인 투자 심리가 위축되었을 가능성이 있습니다."", ""유일한 애널리스트 리포트에서는 긍정적인 전망과 높은 목표주가를 제시하고 있으나, 이는 30일 이전의 정보이며 현재 시장 상황을 반영하지 못할 수 있습니다.""]",-1.6753926701570685,1.1518324607329842
105560,KB금융,2023-05-02,48300,Buy,70,"[""다수의 애널리스트 리포트에서 긍정적인 전망과 함께 목표주가를 현재가 대비 높게 제시하고 있습니다."", ""5.8%의 배당수익률은 투자 매력도를 높이는 요인입니다."", ""최근 1개월 수익률이 3.88%로 양호한 흐름을 보이고 있으며, 52주 최저가 대비 현재 위치가 34.7%로 상승 여력이 남아있습니다.""]",1.8633540372670807,-1.7598343685300208
105560,KB금융,2023-06-01,47450,Buy,60,"[""최근 1개월 수익률은 하락했지만, 52주 최고가 대비 현재 위치가 상대적으로 낮아 반등 가능성이 있습니다."", ""애널리스트 리포트에서 목표주가 62,000원을 제시하며 긍정적인 전망을 내놓았습니다."", ""5.8%의 배당수익률은 주가 하락 시에도 투자 매력을 유지시켜주는 요인입니다.""]",2.73972602739726,2.528977871443625
105560,KB금융,2023-07-03,48400,Buy,75,"[""최근 애널리스트 리포트에서 긍정적인 전망과 함께 목표주가가 현재가 대비 상승 여력을 시사하고 있습니다."", ""5.8%의 배당수익률은 주주환원 정책이 양호함을 나타내며, 이는 투자 매력도를 높이는 요인입니다."", ""현재 주가는 52주 최저가 대비 높은 수준이지만, 52주 최고가 대비로는 아직 상승 여력이 남아있어 추가 상승 가능성을 배제할 수 없습니다.""]",-2.37603305785124,9.090909090909092
105560,KB금융,2023-08-01,52600,Buy,75,"[""최근 1개월 수익률이 8.53%로 양호하며, 거래량 변화율도 26.96%로 긍정적인 흐름을 보이고 있습니다."", ""최근 30일 이내 애널리스트 리포트에서 모두 긍정적인 의견과 함께 목표주가가 현재가 대비 상승 여력을 시사하고 있습니다."", ""5.8%의 배당수익률은 주주환원 매력을 높여 투자 심리에 긍정적인 영향을 줄 수 있습니다.""]",-3.4220532319391634,2.8517110266159698
105560,KB금융,2023-09-01,54000,Buy,65,"[""최근 1개월 수익률이 1.90%로 긍정적인 흐름을 보이고 있으며, 52주 최고가 대비 현재 위치가 60.7%로 상승 여력이 남아있습니다."", ""애널리스트 리포트에서 목표주가 70,000원을 제시하며 긍정적인 전망을 내놓고 있습니다."", ""5.8%의 배당수익률은 주가 하락 시 방어적인 역할을 할 수 있으며, 이는 투자 매력도를 높입니다.""]",2.2222222222222223,3.333333333333333
105560,KB금융,2023-10-04,53600,Buy,70,"[""최근 1개월 수익률 3.99%로 긍정적인 흐름을 보이고 있으며, 거래량 변화율도 7.82%로 증가하는 추세입니다."", ""애널리스트 리포트에서 NIM 상승 추세 지속과 지배구조 불확실성 해소 가능성을 언급하며 목표주가 68,000원을 제시했습니다. 이는 현재가 53,600원 대비 상승 여력이 있음을 시사합니다."", ""5.8%의 배당수익률은 안정적인 주주환원 정책을 기대하게 하며, 이는 투자 매력도를 높이는 요인입니다.""]",5.597014925373134,-1.8656716417910448
105560,KB금융,2023-11-01,51000,Buy,75,"[""최근 30일간 애널리스트 리포트에서 제시된 목표주가 평균이 현재가 대비 상당한 상승 여력을 시사하며, 모두 긍정적인 전망을 내놓고 있습니다."", ""5.8%의 배당수익률은 안정적인 주주환원 정책을 보여주며, 이는 투자 매력도를 높이는 요인입니다."", ""최근 1개월 수익률은 하락했지만, 52주 최고가 대비 현재 위치가 40.8%로 여전히 상승 여력이 남아있으며, 거래량 변화율이 9.27%로 긍정적인 움직임을 보이고 있습니다.""]",4.705882352941177,2.7450980392156863
105560,KB금융,2023-12-01,51500,Buy,65,"[""KB금융은 5.8%의 높은 배당수익률을 제공하며 이는 투자 매력도를 높입니다."", ""최근 1개월 수익률이 1.76%로 소폭 상승세를 보이고 있으며, 52주 최고가 대비 현재 위치가 40% 수준으로 상승 여력이 남아있습니다."", ""애널리스트 리포트에서 목표주가 70,000원을 제시하며 긍정적인 전망을 내놓고 있습니다.""]",0.1941747572815534,0.3883495145631068
105560,KB금융,2024-01-02,52600,Neutral,40,"[""제공된 재무 및 실적 정보가 부족하여 기업의 내재가치 및 성장성을 판단하기 어렵습니다."", ""기술적 지표상 52주 최고가 대비 하락한 위치에 있으나, 최근 1개월 수익률은 긍정적인 모습을 보이고 있습니다."", ""배당수익률은 매력적이나, PER, PBR, ROE 등 핵심 재무 지표의 부재로 인해 투자 매력도를 명확히 평가하기 어렵습니다.""]",-2.4714828897338403,7.604562737642586
105560,KB금융,2024-02-01,66300,Buy,70,"[""KB금융은 52주 최고가에 근접하며 강한 상승 모멘텀을 보여주고 있습니다."", ""최근 1개월 수익률이 16.54%로 양호하며, 거래량 변화율 또한 79.35%로 증가하여 투자 심리가 개선되고 있음을 시사합니다."", ""배당수익률이 5.8%로 높아 안정적인 주주환원 정책에 대한 기대감이 있습니다.""]",5.128205128205128,5.279034690799397
105560,KB금융,2024-03-04,69500,Buy,85,"[""KB금융은 52주 최고가 근접 및 최근 1개월 높은 수익률을 기록하며 강한 상승세를 보이고 있습니다."", ""애널리스트들의 목표주가가 현재가 대비 상향 제시되어 있어 추가 상승 여력이 충분하다고 판단됩니다."", ""높은 배당수익률과 우수한 자본력, 확고한 이익 체력은 투자 매력도를 높이는 요인입니다.""]",5.323741007194244,-0.8633093525179856
105560,KB금융,2024-04-01,68900,Buy,75,"[""KB금융은 낮은 PER(5.9)과 PBR(0.43)을 기록하며 저평가 매력이 존재합니다."", ""최근 1개월 수익률이 7.72%로 양호하며, 애널리스트 리포트에서도 견조한 주주 환원과 함께 86,000원의 목표주가를 제시하고 있습니다."", ""배당수익률 4.9%는 안정적인 현금 흐름을 기대하게 하며, 영업이익의 큰 폭 성장(+21.7%)은 긍정적인 신호입니다.""]",0.2902757619738751,4.934687953555878
105560,KB금융,2024-05-02,73700,Buy,85,"[""최근 30일간 애널리스트들의 목표주가가 현재가 대비 상향 조정되었으며, 전반적으로 긍정적인 전망을 제시하고 있습니다."", ""PER 6.2, PBR 0.46으로 저평가 구간에 있으며, ROE 7.4%는 양호한 수준입니다."", ""최근 1개월 수익률이 5.70%로 시장 대비 양호한 흐름을 보이고 있으며, 52주 최고가 대비 80.4% 수준으로 상승 여력이 남아있습니다.""]",10.719131614654003,5.291723202170964
105560,KB금융,2024-06-03,77600,Buy,75,"[""KB금융은 현재 52주 최고가 대비 약 4.9% 하락한 수준으로, 추가 상승 여력이 존재합니다."", ""최근 1개월 수익률이 4.89%로 양호하며, 이는 시장 대비 강한 흐름을 보여줍니다."", ""애널리스트 리포트에서 목표주가 88,000원을 제시하며 긍정적인 전망을 내놓고 있습니다.""]",1.9329896907216493,8.762886597938143
105560,KB금융,2024-07-01,83200,Buy,75,"[""KB금융은 현재가 83,200원으로 52주 최고가 81,600원을 상회하며 강한 상승세를 보이고 있습니다."", ""PER 6.9, PBR 0.50으로 저평가 매력이 있으며, ROE 7.3%는 양호한 수익성을 나타냅니다."", ""배당수익률 4.9%는 투자 매력도를 높이며, 전년 대비 21.7% 증가한 영업이익은 긍정적인 실적 흐름을 보여줍니다.""]",2.403846153846154,7.331730769230769
105560,KB금융,2024-08-01,83200,Buy,90,"[""최근 30일간 애널리스트 리포트에서 모두 긍정적인 실적 전망과 함께 목표주가를 상향 제시하며 매수 의견을 유지하고 있습니다."", ""현재 주가는 52주 최고가 대비 약 8.4% 하락한 수준으로, 긍정적인 실적 발표 이후 추가 상승 여력이 충분하다고 판단됩니다."", ""높은 배당수익률(4.9%)은 안정적인 주주환원을 기대하게 하며, 이는 단기적인 주가 지지 요인으로 작용할 수 있습니다.""]",-1.5625,5.408653846153847
105560,KB금융,2024-09-02,87000,Neutral,50,"[""KB금융은 현재 52주 최고가에 근접한 높은 가격대에 위치하고 있어 추가 상승 여력이 제한적일 수 있습니다."", ""최근 1개월 수익률이 소폭 하락하고 거래량 변화율이 감소한 점은 단기적인 투자 심리 위축을 시사합니다."", ""하지만 낮은 PER과 PBR, 높은 배당수익률은 여전히 매력적인 투자 포인트로 작용할 수 있으며, 영업이익의 큰 폭 증가는 긍정적인 요인입니다.""]",-4.712643678160919,2.7586206896551726
105560,KB금융,2024-10-02,82600,Buy,75,"[""KB금융은 낮은 PER과 PBR을 기록하며 저평가 매력이 부각되고 있습니다."", ""최근 애널리스트 리포트에서 긍정적인 목표주가 상향 조정과 밸류업 기대감이 제시되었습니다."", ""높은 배당수익률은 단기적인 주가 하방 경직성을 제공할 수 있습니다.""]",17.675544794188863,9.806295399515738
105560,KB금융,2024-11-01,90700,Buy,85,"[""최근 애널리스트 리포트에서 제시된 목표주가들이 현재가 대비 상당한 상승 여력을 시사하고 있습니다."", ""KB금융은 밸류업 프로그램 관련 긍정적인 공시와 함께 주주환원 정책에 대한 기대감이 높아지고 있습니다."", ""최근 1개월 수익률이 13.47%로 양호한 흐름을 보이고 있으며, 52주 최고가 대비 현재 위치가 높아 추가 상승 가능성을 내포하고 있습니다.""]",2.2050716648291067,6.284454244762955
105560,KB금융,2024-12-02,101200,Buy,75,"[""현재 주가는 52주 최고가에 근접해 있으나, PBR 0.61은 저평가 구간으로 판단됩니다."", ""최근 애널리스트 리포트에서 목표주가 상향 조정이 이루어졌으며, 이는 긍정적인 투자 심리를 반영합니다."", ""연간 영업이익 및 순이익이 전년 대비 큰 폭으로 증가했으며, 이는 기업의 견조한 실적 성장세를 시사합니다."", ""4.9%의 배당수익률은 안정적인 주주환원 정책을 보여주며, 이는 주가 하방 경직성에 기여할 수 있습니다.""]",-17.687747035573125,-17.193675889328063
105560,KB금융,2025-01-02,83800,Neutral,50,"[""KB금융은 현재 52주 최고가 대비 낮은 수준에 위치해 있으며, 최근 1개월 수익률이 마이너스를 기록하며 단기적인 하락 압력을 받고 있습니다."", ""하지만 PER과 PBR 지표가 낮아 저평가 매력이 존재하며, 높은 배당수익률은 투자 매력도를 높이는 요인입니다."", ""영업이익이 전년 대비 크게 증가했음에도 불구하고, 부채비율이 매우 높아 재무 안정성에 대한 우려가 존재하며, 이는 투자 심리에 부정적인 영향을 미칠 수 있습니다.""]",4.77326968973747,1.3126491646778042
105560,KB금융,2025-02-03,91300,Buy,75,"[""최근 애널리스트 리포트에서 목표주가가 현재가 대비 상승 여력이 있음을 시사하고 있으며, 특히 외국인 투자자들의 긍정적인 움직임이 언급되고 있습니다."", ""PER 7.7배, PBR 0.56배는 금융업종 내에서 상대적으로 저평가된 수준으로 판단되며, 52주 최고가 대비 현재 위치가 76.1%로 상승 추세의 여력이 남아있습니다."", ""4.9%의 배당수익률은 안정적인 주주환원 정책을 기대하게 하며, 이는 단기적인 주가 하방 경직성을 제공할 수 있습니다.""]",-7.776560788608982,-16.10076670317634
105560,KB금융,2025-03-04,76600,Neutral,60,"[""최근 1개월 수익률이 -15.05%로 하락세를 보였으나, 거래량 변화율이 93.79%로 크게 증가하여 변동성 확대 가능성이 있습니다."", ""애널리스트들의 목표주가는 현재가 대비 상승 여력을 시사하지만, 최근 리포트 내용에서 자본정책 및 자본비율에 대한 아쉬움이 언급되어 투자 심리에 영향을 줄 수 있습니다."", ""PER, PBR 등 밸류에이션 지표는 낮은 편이나, 부채비율이 높고 영업현금흐름 정보가 없어 재무 안정성에 대한 추가적인 확인이 필요합니다.""]",0.3916449086161879,5.091383812010443
105560,KB금융,2025-04-01,80500,Buy,70,"[""KB금융은 현재가 80,500원으로 52주 최고가 101,200원 대비 낮은 수준에 있어 상승 여력이 존재합니다."", ""PER 6.2, PBR 0.50은 동종 업계 대비 저평가된 것으로 판단되며, 이는 향후 주가 상승의 요인이 될 수 있습니다."", ""영업이익이 전년 대비 26.0% 증가하는 등 견조한 실적 개선세를 보이고 있어 투자 매력도를 높입니다.""]",-11.925465838509316,12.049689440993788
105560,KB금융,2025-05-02,93600,Buy,85,"[""최근 애널리스트 리포트에서 제시된 목표주가가 현재가 대비 상당한 상승 여력을 시사하고 있습니다."", ""최근 1개월 수익률이 15.78%로 강한 상승세를 보이고 있으며, 52주 최고가 대비 현재 위치가 높아 추가 상승 가능성을 내포하고 있습니다."", ""영업이익이 전년 대비 26.0% 증가하는 등 견조한 실적 개선세를 보이고 있으며, 이는 주가 상승의 긍정적인 요인으로 작용할 수 있습니다.""]",-0.2136752136752137,13.568376068376068
105560,KB금융,2025-06-02,107900,Buy,75,"[""KB금융은 현재가 107,900원으로 52주 최고가 104,300원을 상회하며 강한 상승 추세를 보이고 있습니다."", ""최근 1개월 수익률 13.90%는 단기적으로 투자자들의 관심이 집중되고 있음을 시사합니다."", ""PER 7.8, PBR 0.62는 동종 업계 대비 저평가 가능성을 나타내며, 향후 상승 여력이 있다고 판단됩니다.""]",-1.8535681186283597,8.341056533827619
105560,KB금융,2025-07-01,113500,Buy,75,"[""KB금융은 52주 최고가에 근접한 수준으로 강한 상승세를 보이고 있으며, 최근 1개월 수익률도 긍정적입니다."", ""애널리스트 리포트에서 목표주가를 현재가 대비 높게 제시하고 있으며, 주주환원 확대에 대한 기대감이 반영되고 있습니다."", ""영업이익이 전년 대비 큰 폭으로 증가하는 등 견조한 실적 개선세를 보이고 있습니다.""]",4.317180616740088,-0.6167400881057269
105560,KB금융,2025-08-01,108400,Buy,85,"[""최근 5건의 애널리스트 리포트 모두 긍정적인 전망과 함께 목표주가를 상향 제시하고 있습니다."", ""2분기 실적이 호조를 보였으며, 총주주환원율 50% 달성 가능성이 높아 주주 가치 제고에 대한 기대감이 높습니다."", ""현재 주가는 52주 최고가 대비 하락한 위치에 있으며, 재무 지표상 저평가 매력이 존재합니다.""]",3.966789667896679,0.3690036900369003
105560,KB금융,2025-09-01,108800,Neutral,50,"[""KB금융은 현재 52주 최고가 대비 약 10% 하락한 위치에 있으며, 최근 1개월 수익률이 마이너스를 기록하는 등 단기적으로는 약세를 보이고 있습니다."", ""하지만 PER 8.3배, PBR 0.67배는 금융업종 내에서 저평가된 수준으로 볼 수 있으며, 긍정적인 영업이익 증가율을 기록하고 있습니다."", ""최근 애널리스트 리포트에서 목표주가 상향 조정이 있었으나, 부채비율이 높고 배당수익률 정보가 없어 투자 매력도를 명확히 판단하기 어렵습니다.""]",1.0110294117647058,6.158088235294118
105560,KB금융,2025-10-01,116800,Buy,75,"[""KB금융은 현재 52주 최고가 대비 낮은 가격에 위치해 있으며, 최근 1개월 수익률이 긍정적인 흐름을 보이고 있습니다."", ""전년 대비 26.0% 증가한 영업이익은 견조한 실적 개선세를 나타내며, 이는 주가 상승의 잠재력을 시사합니다."", ""PER 9.0, PBR 0.72는 금융업종 내에서 상대적으로 저평가된 구간으로 판단되며, 향후 20거래일 내 시장 대비 상승 가능성이 높다고 예상됩니다.""]",-2.654109589041096,7.277397260273973
105560,KB금융,2025-11-03,121900,Buy,85,"[""KB금융은 현재 52주 최고가에 근접한 수준으로, 최근 1개월 수익률도 긍정적인 흐름을 보이고 있습니다."", ""최근 30일간 애널리스트 리포트들이 일관되게 긍정적인 전망과 함께 목표주가를 현재가 대비 상향 제시하고 있습니다."", ""영업이익이 전년 대비 26.0% 증가하는 등 견조한 실적 개선세를 보이고 있으며, 특히 주주환원 정책에 대한 기대감이 높습니다.""]",7.219031993437245,8.285479901558656
105560,KB금융,2025-12-01,132000,Buy,75,"[""KB금융은 현재 52주 최고가에 근접한 수준으로, 최근 1개월 수익률이 8.32%로 양호하며 거래량 변화율도 19.80%로 증가하는 등 긍정적인 기술적 흐름을 보이고 있습니다."", ""연간 영업이익이 전년 대비 26.0% 증가하는 등 견조한 실적 성장세를 나타내고 있으며, 이는 주가 상승의 기반이 될 수 있습니다."", ""애널리스트 리포트에서 제시된 목표주가 184,000원은 현재가 대비 상당한 상승 여력을 시사하며, 이는 향후 20거래일 동안 긍정적인 투자 심리를 유발할 수 있습니다.""]",-4.545454545454546,-6.59090909090909
55550,신한지주,2023-01-02,35000,Neutral,40,"[""제공된 재무 및 실적 정보가 부족하여 기업의 본질적인 가치 판단이 어렵습니다."", ""기술적 지표상 52주 최저가에 근접해 있으나, 최근 1개월 수익률과 거래량 변화율이 부정적이어서 하락 압력이 존재합니다."", ""높은 배당수익률은 투자 매력을 높일 수 있으나, 전반적인 정보 부족으로 인해 명확한 상승 또는 하락 방향을 예측하기 어렵습니다.""]",16.857142857142858,17.857142857142858
55550,신한지주,2023-02-01,41250,Buy,75,"[""최근 1개월 수익률이 20.60%로 강한 상승세를 보이고 있으며, 거래량 변화율도 89.65%로 높게 나타나 투자자들의 관심이 집중되고 있음을 시사합니다."", ""52주 최고가 대비 현재 위치가 78.7%로, 아직 상승 여력이 남아있다고 판단됩니다."", ""애널리스트 리포트에서 목표주가가 현재가 대비 높게 제시되고 있으며, 전향적인 배당 정책에 대한 긍정적인 평가가 있습니다. (비록 PER, PBR, ROE 등 기본적인 재무지표 정보가 부족하지만, 이는 금융업종의 특성상 일부 지표의 해석이 제한적일 수 있습니다.)""]",-3.0303030303030303,-10.181818181818182
55550,신한지주,2023-03-02,37050,Neutral,55,"[""최근 1개월 수익률이 -9.27%로 하락세를 보이고 있으며, 거래량 변화율도 -20.26%로 감소하여 단기적인 투자 심리가 위축된 것으로 판단됩니다."", ""하지만 애널리스트 리포트에서 제시된 목표주가 평균이 현재가 대비 상당한 상승 여력을 시사하고 있으며, 9년 연속 이익 증가라는 긍정적인 전망도 존재합니다."", ""PER, PBR, ROE 등 핵심 재무 지표가 '해당없음' 또는 'N/A'로 표시되어 있어 현재 기업 가치 평가에 어려움이 있으며, 이는 투자 방향성 판단에 불확실성을 더합니다.""]",-3.373819163292848,-4.588394062078273
55550,신한지주,2023-04-03,35150,Neutral,40,"[""제공된 재무 및 실적 정보가 부족하여 신한지주의 내재 가치 판단이 어렵습니다."", ""기술적 지표상 52주 최저가에 근접해 있으나, 최근 1개월 수익률이 하락세를 보이고 있어 추가 하락 가능성도 배제할 수 없습니다."", ""높은 배당수익률은 투자 매력도를 높일 수 있으나, 현재 시장 상황 및 기업의 실질적인 펀더멘털 개선 여부가 불확실하여 명확한 방향성 제시가 어렵습니다.""]",-1.422475106685633,-0.8534850640113799
55550,신한지주,2023-05-02,34850,Buy,65,"[""다수의 애널리스트 리포트에서 긍정적인 목표주가를 제시하며 업종 내 Top picks로 선정하고 있습니다."", ""적극적인 주주환원 정책과 자사주 매입/소각은 주가에 긍정적인 영향을 미칠 수 있습니다."", ""현재가는 52주 최저가 대비 소폭 상승한 수준으로, 추가 상승 여력이 있다고 판단됩니다.""]",1.291248206599713,0.2869440459110474
55550,신한지주,2023-06-01,34950,Neutral,50,"[""신한지주는 현재 PER, PBR, ROE, 영업이익, 순이익 등 핵심 재무 지표가 '해당없음' 또는 'N/A'로 표기되어 있어 기업의 기본적인 수익성과 가치 평가가 어렵습니다."", ""최근 1개월 수익률이 소폭 하락했으나, 거래량 변화율이 23.44%로 증가한 점은 투자자들의 관심이 증가하고 있음을 시사하지만, 이것이 상승 추세로 이어질지는 불확실합니다."", ""애널리스트 리포트에서 목표주가가 현재가 대비 높게 제시되고 있으나, 배당수익률 하락에 대한 언급이 있어 투자 매력도에 대한 상반된 시각이 존재하며, 자사주 매입 및 소각이라는 불확실한 이벤트에 대한 기대감이 반영되어 있어 단기적인 방향성을 명확히 판단하기 어렵습니다.""]",0.8583690987124464,-1.2875536480686696
55550,신한지주,2023-07-03,34100,Buy,65,"[""최근 1개월 수익률이 소폭 하락했지만, 52주 최저가 대비 현재 위치가 9.6%로 상승 여력이 남아있습니다."", ""애널리스트 리포트에서 2분기 P와 Q 모두 성장 전망과 함께 목표주가 43,000원을 제시하여 긍정적인 시그널을 보여줍니다."", ""5.5%의 배당수익률은 주가 하락 시 하방 경직성을 제공하며 투자 매력을 높입니다.""]",-2.785923753665689,5.425219941348973
55550,신한지주,2023-08-01,35600,Buy,70,"[""최근 1개월 수익률이 4.20%로 긍정적인 흐름을 보이고 있으며, 거래량 변화율도 20.57%로 증가 추세입니다."", ""애널리스트 리포트에서 제시된 목표주가 평균이 현재가 대비 상승 여력을 시사합니다."", ""5.5%의 배당수익률은 안정적인 주주환원 정책을 기대하게 하며, 이는 투자 매력도를 높입니다.""]",-1.4044943820224718,-0.1404494382022472
55550,신한지주,2023-09-01,35700,Neutral,40,"[""제공된 재무 및 기술 지표에 적자, N/A 값이 많아 명확한 투자 판단 근거가 부족합니다."", ""최근 1개월 수익률이 소폭 하락했으나, 52주 최고가 대비 현재 위치가 낮아 추가 하락보다는 반등 가능성도 존재합니다."", ""애널리스트 리포트에서 긍정적인 NIM 상승과 목표주가 50,000원을 제시했으나, 이는 2분기 실적에 대한 분석이며 향후 20거래일의 단기적인 방향성을 확신하기에는 정보가 제한적입니다.""]",2.100840336134454,-0.9803921568627452
55550,신한지주,2023-10-04,34300,Neutral,40,"[""제공된 재무 및 실적 정보가 부족하여 명확한 투자 판단 근거가 부족합니다."", ""PER, PBR, ROE, 매출, 영업이익 등 핵심 재무 지표가 '해당없음' 또는 'N/A'로 표시되어 기업의 현재 가치 및 수익성을 평가하기 어렵습니다."", ""최근 1개월 수익률이 소폭 하락했으나, 52주 최저가 대비 높은 수준에 위치하고 있으며 배당수익률은 긍정적인 요소로 작용할 수 있습니다.""]",3.498542274052478,1.749271137026239
55550,신한지주,2023-11-01,34500,Neutral,50,"[""신한지주의 PER, PBR, ROE, 연간 실적, 재무 안정성 지표가 제공되지 않아 기업의 내재가치 및 재무 건전성을 판단하기 어렵습니다."", ""최근 1개월 수익률이 마이너스이고 거래량 변화율도 감소하는 등 단기적인 투자 심리가 위축된 모습을 보입니다."", ""애널리스트 리포트에서 제시된 목표주가 범위가 넓고, 일부 리포트에서는 추가 비용 발생 가능성을 언급하여 상승 여부에 대한 불확실성이 존재합니다.""]",0.8695652173913043,6.956521739130435
55550,신한지주,2023-12-01,36750,Buy,70,"[""최근 애널리스트 리포트에서 목표주가 43,000원을 제시하며 긍정적인 전망을 유지하고 있습니다."", ""5.5%의 배당수익률은 주가 하방 경직성을 제공할 수 있습니다."", ""최근 1개월 수익률이 5.51%로 양호한 흐름을 보이고 있으며, 52주 최저가 대비 높은 위치에 있습니다.""]",-0.4081632653061224,1.4965986394557822
55550,신한지주,2024-01-02,37900,Neutral,40,"[""제공된 재무 및 실적 정보가 부족하여 기업의 내재가치 판단이 어렵습니다."", ""기술적 지표상 52주 최고가 대비 중간 위치에 있으며 최근 1개월 수익률은 긍정적이나, 거래량 변화율은 소폭 하락하여 추세 판단이 명확하지 않습니다."", ""높은 배당수익률은 투자 매력을 높일 수 있으나, 현재 시장 상황 및 기타 변수를 고려할 때 20거래일 내 명확한 방향성을 예측하기 어렵습니다.""]",-3.034300791556728,7.783641160949868
55550,신한지주,2024-02-01,45300,Buy,75,"[""신한지주는 52주 최고가에 근접한 80.7% 위치에 있으며, 최근 1개월 수익률이 12.14%로 강한 상승세를 보이고 있습니다."", ""거래량 변화율이 83.02%로 크게 증가하여 투자자들의 관심이 집중되고 있음을 시사합니다."", ""최근 애널리스트 리포트에서 목표주가 46,000원을 제시하며 긍정적인 전망을 내놓았고, 5.5%의 배당수익률은 안정적인 주주 환원 정책을 기대하게 합니다.""]",-1.7660044150110374,0.6622516556291391
55550,신한지주,2024-03-04,44050,Buy,85,"[""최근 1개월 수익률이 10.64%로 양호하며, 52주 최고가 대비 현재 위치가 높아 상승 모멘텀이 유지될 가능성이 있습니다."", ""애널리스트 리포트에서 목표주가가 현재가 대비 높게 제시되고 있으며, 주주환원 강화에 대한 기대감이 긍정적인 영향을 미칠 것으로 예상됩니다."", ""배당수익률이 5.5%로 매력적인 수준이며, 이는 주가 하방 경직성을 제공할 수 있습니다.""]",3.2917139614074915,1.9296254256526677
55550,신한지주,2024-04-01,44900,Buy,75,"[""신한지주는 현재가 44,900원으로 52주 최고가 51,500원 대비 약 12.8% 하락한 위치에 있어 상승 여력이 존재합니다."", ""PER 5.7, PBR 0.38은 금융업종 내에서 상대적으로 저평가되어 있음을 시사하며, 애널리스트 리포트에서도 '상대적으로 저평가 심' 의견과 함께 목표주가 57,000원을 제시하고 있습니다."", ""최근 1개월 수익률 4.59%와 거래량 변화율 26.38%는 시장의 관심이 증가하고 있으며 긍정적인 모멘텀이 작용하고 있음을 나타냅니다.""]",-2.89532293986637,2.0044543429844097
55550,신한지주,2024-05-02,46450,Buy,75,"[""최근 애널리스트 리포트들이 일제히 긍정적인 전망과 함께 높은 목표주가를 제시하고 있으며, 이는 단기적인 상승 모멘텀을 시사합니다."", ""PER 5.7배, PBR 0.39배로 금융업종 내에서 저평가 매력이 부각되고 있으며, 52주 최고가 대비 현재 위치가 70% 수준으로 추가 상승 여력이 존재합니다."", ""4.8%의 배당수익률은 주가 하방 경직성을 제공하며, 자사주 매입 및 소각 계획은 주주 가치 제고를 통해 투자 심리를 개선할 수 있습니다.""]",2.798708288482239,-2.2604951560818085
55550,신한지주,2024-06-03,45400,Buy,75,"[""신한지주는 낮은 PER과 PBR 수준으로 저평가 매력이 존재하며, 52주 최고가 대비 현재 위치가 높아 추가 상승 여력이 있습니다."", ""최근 1개월 수익률이 소폭 상승세를 보이고 있으며, 애널리스트 리포트에서 목표주가를 현재가보다 높게 제시하고 있어 긍정적인 전망을 뒷받침합니다."", ""4.8%의 배당수익률은 안정적인 주주환원을 기대하게 하며, 이는 투자 심리에 긍정적인 영향을 줄 수 있습니다.""]",5.286343612334802,12.555066079295155
55550,신한지주,2024-07-01,49500,Buy,70,"[""신한지주는 현재가 49,500원으로 52주 최고가 51,500원에 근접해 있으며, 52주 내 현재 위치 80.8%로 강한 상승 추세를 보이고 있습니다."", ""PER 6.0, PBR 0.40으로 저평가 구간에 있으며, 배당수익률 4.8%는 투자 매력을 높입니다."", ""최근 1개월 수익률 4.02%로 시장 대비 양호한 흐름을 이어가고 있으며, 영업이익이 전년 대비 증가하는 긍정적인 실적 흐름을 보이고 있습니다.""]",4.040404040404041,20.2020202020202
55550,신한지주,2024-08-01,57100,Buy,85,"[""최근 애널리스트 리포트에서 일관되게 긍정적인 전망과 함께 목표주가가 현재가 대비 높은 수준으로 제시되고 있습니다."", ""최근 1개월 수익률이 18.79%로 강한 상승세를 보이고 있으며, 거래량 변화율도 29.25%로 증가하여 투자 심리가 개선되고 있음을 시사합니다."", ""PER 7.5, PBR 0.51 등 낮은 밸류에이션 지표와 4.8%의 배당수익률은 저평가 매력과 안정적인 주주환원을 기대하게 합니다.""]",-5.42907180385289,-1.4010507880910683
55550,신한지주,2024-09-02,57200,Neutral,50,"[""신한지주의 현재가는 52주 최고가 대비 하락한 수준이지만, 52주 최저가 대비로는 높은 위치에 있어 추세 판단이 어렵습니다."", ""최근 1개월 수익률이 마이너스이고 거래량 변화율도 감소하는 등 단기적인 하락 압력이 존재합니다."", ""하지만 낮은 PER과 PBR, 그리고 안정적인 배당수익률은 밸류에이션 매력을 시사하며, 영업이익이 전년 대비 소폭 증가한 점은 긍정적입니다.""]",-1.048951048951049,-3.146853146853147
55550,신한지주,2024-10-02,54900,Neutral,50,"[""신한지주의 현재가(54,900원)는 52주 최고가(61,400원) 대비 약 10.6% 하락한 수준으로, 52주 내 위치(79.8%)는 비교적 높은 편입니다."", ""PER(7.0)과 PBR(0.47)은 낮은 수준으로 저평가 매력이 있으나, ROE(6.8%)는 다소 낮은 편입니다."", ""최근 1개월 수익률(-2.95%)과 거래량 변화율(-5.85%)은 하락세를 나타내고 있어 단기적인 하락 압력이 존재할 수 있습니다."", ""영업이익이 전년 대비 소폭 증가했으나, 부채비율(1128.3%)이 매우 높아 재무 안정성에 대한 우려가 있습니다."", ""배당수익률(4.8%)은 매력적인 수준이지만, 단기적인 시장 방향성을 예측하기에는 재무 및 기술적 지표가 혼재되어 있습니다.""]",5.828779599271402,-0.7285974499089253
55550,신한지주,2024-11-01,54500,Buy,75,"[""최근 애널리스트 리포트에서 제시된 목표주가 평균이 현재가 대비 상당한 상승 여력을 시사합니다."", ""낮은 PER과 PBR은 현재 주가가 기업의 내재가치 대비 저평가되어 있음을 나타냅니다."", ""4.8%의 배당수익률은 안정적인 현금 흐름과 주주 환원 정책을 기대하게 합니다.""]",3.669724770642202,-1.1009174311926606
55550,신한지주,2024-12-02,56400,Buy,75,"[""최근 애널리스트 리포트에서 목표주가 상향 조정과 함께 밸류업 프로그램 순항에 대한 긍정적인 전망이 제시되었습니다."", ""현재 주가는 52주 최고가 대비 약 70% 수준으로, 추가 상승 여력이 존재하며 PBR 0.45로 저평가 매력이 있습니다."", ""4.8%의 배당수익률은 주가 하방 경직성을 제공하며, 시장 대비 안정적인 흐름을 기대하게 합니다.""]",-11.436170212765957,-14.53900709219858
55550,신한지주,2025-01-02,48200,Neutral,50,"[""신한지주의 현재가(48,200원)는 52주 최고가(61,400원) 대비 낮은 수준이지만, 52주 최저가(36,350원) 대비로는 중간 지점에 위치하여 명확한 상승 또는 하락 추세를 판단하기 어렵습니다."", ""PER 5.9, PBR 0.40, ROE 6.8%는 저평가 구간으로 해석될 수 있으나, 최근 1개월 수익률이 -9.91%로 하락세를 보이고 있어 투자 심리가 위축되었을 가능성이 있습니다."", ""배당수익률 4.8%는 매력적인 수준이지만, 높은 부채비율(1128.3%)은 재무 안정성에 대한 우려를 제기하며, 명확한 상승 동력이 부족한 상황에서 20거래일 내 시장 대비 뚜렷한 방향성을 예측하기 어렵습니다.""]",3.423236514522822,3.734439834024896
55550,신한지주,2025-02-03,51000,Buy,75,"[""신한지주는 현재 저평가된 PER(6.2) 및 PBR(0.42) 수준으로, 밸류업 프로그램 기대감과 함께 상승 여력이 충분합니다."", ""최근 1개월 수익률이 2.66%로 긍정적인 흐름을 보이고 있으며, 52주 최고가 대비 현재 위치가 55.3%로 상승 추세에 대한 기대감을 높입니다."", ""4.8%의 배당수익률은 안정적인 주주환원 정책을 시사하며, 이는 투자 매력도를 높여 매수세를 유입시킬 수 있습니다.""]",-3.725490196078432,-12.450980392156865
55550,신한지주,2025-03-04,44650,Buy,75,"[""다수의 애널리스트 리포트에서 목표주가를 현재가 대비 높게 제시하며 긍정적인 전망을 내놓고 있습니다."", ""PER 5.7, PBR 0.39로 낮은 밸류에이션 매력이 부각되고 있으며, 이는 향후 주가 상승 여력을 시사합니다."", ""최근 1개월 수익률은 하락했지만, 거래량 변화율이 60.60%로 높다는 점은 투자자들의 관심이 증가하고 있음을 나타냅니다.""]",1.1198208286674132,9.070548712206048
55550,신한지주,2025-04-01,48700,Buy,70,"[""신한지주의 PER 5.7은 금융업종 평균 대비 낮은 수준으로 저평가 가능성을 시사합니다."", ""최근 1개월 수익률 4.91%는 시장 대비 양호한 흐름을 보여주고 있습니다."", ""배당수익률 4.3%는 투자 매력도를 높이는 요인으로 작용할 수 있습니다.""]",-10.472279260780288,5.544147843942506
55550,신한지주,2025-05-02,51100,Buy,85,"[""최근 애널리스트 리포트에서 제시된 높은 목표주가와 긍정적인 전망은 향후 주가 상승 가능성을 시사합니다."", ""주주 환원 강화 및 CET1 비율 상승 등 재무 건전성 개선에 대한 긍정적인 분석은 투자 매력을 높입니다."", ""현재 주가가 52주 최고가 대비 약 16.8% 하락한 수준이며, 최근 1개월 수익률이 5.13%로 상승세를 보이고 있어 추가 상승 여력이 있습니다.""]",1.36986301369863,15.851272015655576
55550,신한지주,2025-06-02,59900,Buy,75,"[""신한지주는 현재 52주 최고가에 근접해 있으나, 최근 1개월 수익률이 10.71%로 견조한 상승세를 보이고 있습니다."", ""PER 6.6배는 금융업종 평균 대비 저평가 가능성을 시사하며, 4.3%의 배당수익률은 투자 매력도를 높입니다."", ""영업이익이 전년 대비 5.9% 증가하며 실적 개선세를 보여주고 있어 향후 주가 상승에 긍정적인 영향을 줄 수 있습니다.""]",-2.1702838063439067,6.3439065108514185
55550,신한지주,2025-07-01,61700,Buy,75,"[""신한지주는 52주 최고가에 근접한 수준으로, 최근 1개월 수익률이 8.17%로 양호하며 거래량 변화율도 높아 상승 모멘텀이 유지될 가능성이 있습니다."", ""애널리스트 리포트에서 카드 업황 부진에도 불구하고 다소 과도한 저평가 상태이며 목표주가 75,000원을 제시한 점은 긍정적인 신호입니다."", ""배당수익률 4.3%는 안정적인 주주환원 정책을 시사하며, 이는 투자 매력도를 높이는 요인으로 작용할 수 있습니다.""]",13.12803889789303,11.66936790923825
55550,신한지주,2025-08-01,65900,Buy,85,"[""최근 애널리스트 리포트에서 목표주가가 현재가 대비 상당한 상승 여력을 제시하고 있으며, 긍정적인 전망이 우세합니다."", ""주주환원 확대에 대한 긍정적인 언급이 많아 주가 상승 모멘텀으로 작용할 가능성이 높습니다."", ""PER 7.7배는 금융업종 내에서 상대적으로 매력적인 밸류에이션 수준으로 판단됩니다.""]",5.311077389984825,-1.5174506828528074
55550,신한지주,2025-09-01,64900,Buy,75,"[""신한지주의 현재 PER 7.6은 낮은 수준으로 밸류에이션 매력이 존재합니다."", ""최근 1개월 수익률은 하락했지만, 52주 최고가 대비 현재 위치는 72.3%로 상승 여력이 남아있습니다."", ""애널리스트 리포트에서 목표주가 83,000원을 제시하며 밸류에이션 갭 축소에 대한 긍정적인 전망을 내놓고 있습니다.""]",0.6163328197226503,9.090909090909092
55550,신한지주,2025-10-01,71400,Buy,75,"[""신한지주는 52주 최고가에 근접한 강한 상승 추세를 보이고 있으며, 최근 1개월 수익률도 긍정적입니다."", ""PER 8.3배는 동종 업계 대비 매력적인 밸류에이션을 시사하며, 4.3%의 배당수익률은 안정적인 투자 매력을 더합니다."", ""영업이익이 전년 대비 증가하는 등 견조한 실적 흐름을 유지하고 있어 향후 주가 상승 여력이 있다고 판단됩니다.""]",1.8207282913165268,10.92436974789916
55550,신한지주,2025-11-03,76400,Buy,85,"[""최근 1개월 수익률이 7.08%로 긍정적인 흐름을 보이고 있으며, 52주 최고가에 근접한 98.7% 위치는 상승 모멘텀을 시사합니다."", ""최근 30일간 발표된 5건의 애널리스트 리포트 모두 긍정적인 내용과 함께 목표주가를 제시하고 있으며, 제시된 목표주가 평균은 현재가 대비 상당한 상승 여력을 보여줍니다."", ""연간 영업이익이 전년 대비 5.9% 증가하는 등 견조한 실적 개선세를 보이고 있으며, 4.3%의 배당수익률은 투자 매력을 더합니다.""]",2.094240837696335,6.544502617801047
55550,신한지주,2025-12-01,81400,Buy,75,"[""신한지주는 52주 최고가에 근접한 수준으로, 최근 1개월 수익률이 8.73%로 양호한 상승세를 보이고 있습니다."", ""애널리스트 리포트에서 주주환원율 50% 조기 달성 및 목표주가 106,000원을 제시하며 긍정적인 전망을 내놓았습니다."", ""연간 실적에서 영업이익이 전년 대비 5.9% 증가했으며, 배당수익률 또한 4.3%로 매력적인 수준입니다.""]",-3.6855036855036856,-5.896805896805897
35720,카카오,2023-01-02,53300,Neutral,50,"[""카카오는 52주 최저가 대비 높은 수준에 위치하고 있으나, 52주 최고가 대비로는 상당한 하락폭을 기록하며 현재가 53,300원은 52주 최저가 47,300원에서 약 12.7% 상승한 수준입니다."", ""최근 1개월 수익률이 -8.98%로 하락세를 보이고 있으며, 거래량 변화율 역시 -51.43%로 감소하여 투자 심리가 위축된 것으로 판단됩니다."", ""연간 실적은 매출과 영업이익 모두 큰 폭으로 성장하며 긍정적인 모습을 보이고 있으나, PER 16.4, PBR 1.72는 시장 평균 대비 높은 수준으로 밸류에이션 부담이 존재합니다. 또한, 배당수익률이 0%인 점은 단기적인 주가 상승 동력으로 작용하기 어렵습니다.""]",13.883677298311444,21.01313320825516
35720,카카오,2023-02-01,64500,Buy,75,"[""최근 1개월 수익률이 17.14%로 강한 상승세를 보이고 있으며, 거래량 변화율도 44.97%로 증가하여 투자 심리가 개선되고 있음을 시사합니다."", ""애널리스트 리포트에서 제시된 목표주가들이 현재가 대비 상승 여력을 보여주고 있으며, 긍정적인 전망을 유지하고 있습니다."", ""연간 실적에서 매출과 영업이익이 전년 대비 큰 폭으로 성장했으며, 영업이익률과 영업현금흐름 또한 양호한 수준을 유지하고 있어 기업의 펀더멘털이 견조함을 나타냅니다.""]",9.92248062015504,-5.426356589147287
35720,카카오,2023-03-02,61000,Buy,75,"[""최근 애널리스트 리포트에서 목표주가가 현재가 대비 상승 여력을 시사하고 있으며, 특히 톡비즈 사업의 진화와 개편에 대한 긍정적인 전망이 다수 존재합니다."", ""연간 실적에서 매출과 영업이익이 전년 대비 큰 폭으로 성장했으며, 영업이익률도 견조한 수준을 유지하고 있어 펀더멘털 측면에서 긍정적입니다."", ""부채비율이 낮고 영업현금흐름이 양호하여 재무 안정성이 뒷받침되고 있으며, 이는 향후 주가 상승의 기반이 될 수 있습니다.""]",-4.754098360655737,0.1639344262295081
35720,카카오,2023-04-03,60700,Buy,65,"[""카카오엔터테인먼트 상장 가시화는 긍정적인 모멘텀으로 작용할 수 있습니다."", ""현재 주가는 52주 최저가 대비 높은 수준이지만, 최고가 대비로는 여전히 낮은 위치에 있어 상승 여력이 존재합니다."", ""연간 실적에서 매출이 큰 폭으로 증가했으며, 영업현금흐름도 양호한 수준을 유지하고 있습니다.""]",-2.306425041186161,-3.9538714991762767
35720,카카오,2023-05-02,58300,Neutral,55,"[""최근 1개월 수익률이 마이너스이고 거래량 변화율도 하락세를 보이고 있어 단기적인 하락 압력이 존재합니다."", ""애널리스트들의 목표주가가 현재가 대비 상승 여력을 시사하고 있으며, 연간 실적은 매출 성장세를 유지하고 있습니다."", ""PER, PBR 등 재무 지표가 시장 평균 대비 높지 않고 부채비율도 안정적인 수준이지만, 영업이익이 소폭 감소한 점은 고려해야 합니다.""]",-3.945111492281304,-1.8867924528301887
35720,카카오,2023-06-01,57200,Neutral,50,"[""최근 1개월 수익률이 마이너스를 기록하며 단기적인 투자 심리가 위축된 모습을 보이고 있습니다."", ""애널리스트들의 목표주가가 현재가 대비 상승 여력을 시사하지만, AI 사업에 대한 엇갈린 시각과 실적 눈높이 하향 조정 가능성은 불확실성을 더합니다."", ""재무 지표는 안정적인 편이나, 영업이익이 소폭 감소한 점과 낮은 배당수익률은 투자 매력도를 높이는 데 한계가 있습니다.""]",-1.048951048951049,-10.839160839160838
35720,카카오,2023-07-03,49950,Neutral,55,"[""최근 1개월 수익률이 -9.09%로 하락세를 보이고 있으나, 52주 최저가 대비 현재 위치가 10.2%로 상승 여력이 남아있습니다."", ""매출은 전년 대비 15.0% 증가했으나 영업이익은 3.1% 감소하여 실적 개선에 대한 불확실성이 존재합니다."", ""애널리스트 리포트에서 목표주가 67,000원을 제시하며 긍정적인 전망을 내놓았으나, 경기 반등이라는 변수에 따라 주가 방향성이 달라질 수 있습니다.""]",1.5015015015015014,9.90990990990991
35720,카카오,2023-08-01,53200,Neutral,60,"[""최근 애널리스트 리포트들이 목표주가를 상향 조정하고 있으나, '재정비의 시간', '체질 개선의 기간' 등 단기적인 불확실성을 언급하며 신중한 시각을 유지하고 있습니다."", ""연간 실적에서 매출은 큰 폭으로 성장했으나 영업이익은 소폭 감소하며 수익성 개선에 대한 의문이 제기되고 있습니다."", ""현재 주가는 52주 최저가 대비로는 상승했으나 최고가 대비로는 상당한 하락폭을 보이고 있어, 기술적으로도 명확한 상승 또는 하락 추세를 판단하기 어렵습니다.""]",-0.7518796992481203,-9.586466165413531
35720,카카오,2023-09-01,49100,Buy,70,"[""최근 애널리스트 리포트에서 제시된 목표주가들이 현재가 대비 상당한 상승 여력을 시사하고 있습니다."", ""연간 실적에서 매출이 전년 대비 15.0% 증가하는 등 성장세를 유지하고 있으며, 영업현금흐름도 양호한 수준입니다."", ""52주 최저가 대비 현재 위치가 6.3%로, 기술적으로는 반등 가능성을 시사하는 구간에 있습니다.""]",-1.7311608961303464,-14.358452138492872
35720,카카오,2023-10-04,40850,Neutral,50,"[""최근 1개월 수익률이 -15.10%로 하락세를 보이고 있으며, 52주 최저가에 근접한 수준으로 기술적 반등 가능성과 추가 하락 가능성이 공존합니다."", ""애널리스트 리포트에서 제시된 목표주가는 현재가 대비 상승 여력을 시사하지만, 최근 실적에서 영업이익이 감소한 점은 부담 요인입니다."", ""톡 개편 및 헬스케어 등 신사업 모색은 긍정적이나, 단기 20거래일 내 뚜렷한 방향성을 판단하기에는 불확실성이 존재합니다.""]",5.752753977968176,1.101591187270502
35720,카카오,2023-11-01,38550,Neutral,55,"[""최근 1개월 수익률이 -14.06%로 부진했으나, 52주 최저가 부근에서 거래량이 증가하며 반등 가능성을 시사합니다."", ""애널리스트 리포트에서 목표주가가 현재가 대비 높게 제시되고 있어 긍정적인 시각이 존재하지만, '내부 정비 필요', '톡비즈 성장률 회복이 관건', '아직 더딘 회복 시그널' 등 단기적인 불확실성 요인도 언급되고 있습니다."", ""매출은 전년 대비 성장했으나 영업이익은 감소했으며, 영업이익률 또한 낮은 수준으로 단기적인 실적 개선 모멘텀이 강하지는 않습니다. 다만, 부채비율이 낮고 영업현금흐름이 양호하여 재무 안정성은 확보된 상태입니다.""]",18.28793774319066,30.99870298313878
35720,카카오,2023-12-01,50800,Buy,75,"[""최근 1개월 수익률이 28.92%로 강한 상승세를 보이고 있으며, 거래량 변화율도 13.03%로 긍정적인 신호를 보내고 있습니다."", ""애널리스트 리포트에서 목표주가가 현재가(50,800원) 대비 상향 제시된 리포트가 다수 존재하며, 재성장 및 수익성 개선에 대한 기대감이 반영되고 있습니다."", ""연간 실적에서 매출이 15.0% 증가하는 등 외형 성장을 지속하고 있으며, 영업현금흐름이 양호하여 재무 안정성이 뒷받침되고 있습니다.""]",2.559055118110236,12.598425196850393
35720,카카오,2024-01-02,56600,Neutral,55,"[""최근 1개월 수익률이 양호하나, 거래량 변화율이 감소하며 상승 동력이 약화될 가능성이 있습니다."", ""PER, PBR 지표는 시장 평균 대비 높은 편은 아니지만, ROE가 10.2%로 시장 평균을 상회하는 점은 긍정적입니다."", ""매출은 큰 폭으로 증가했으나 영업이익이 감소한 점은 수익성 개선에 대한 의문점을 남깁니다.""]",4.593639575971731,-7.243816254416961
35720,카카오,2024-02-01,56300,Buy,70,"[""최근 애널리스트 리포트에서 제시된 목표주가가 현재가 대비 상당한 상승 여력을 시사하고 있습니다."", ""최근 1개월 수익률은 하락했지만, 거래량 변화율이 긍정적인 점은 투자 심리 회복 가능성을 보여줍니다."", ""연간 실적에서 매출이 큰 폭으로 성장했으며, 영업현금흐름이 양호하여 재무 안정성이 뒷받침되고 있습니다.""]",-2.841918294849023,-7.8152753108348145
35720,카카오,2024-03-04,51700,Buy,75,"[""최근 애널리스트 리포트에서 제시된 목표주가 평균이 현재가 대비 상당한 상승 여력을 시사하고 있습니다."", ""연간 실적에서 매출이 15.0% 증가하는 등 외형 성장은 긍정적이며, 영업이익률 8.4%와 부채비율 69.9%는 재무 안정성을 보여줍니다."", ""52주 최고가 대비 현재 위치가 59.6%로, 아직 상승 여력이 남아있으며 최근 1개월 수익률 하락은 단기적인 조정으로 해석될 수 있습니다.""]",7.930367504835589,-0.9671179883945842
35720,카카오,2024-04-01,51200,Neutral,50,"[""카카오는 현재 적자 상태로 PER 산정이 어렵고, 순이익이 큰 폭으로 마이너스를 기록하고 있어 단기적인 투자 매력은 낮습니다."", ""최근 1개월 수익률이 소폭 상승했으나 거래량 변화율이 크게 감소한 점은 투자 심리가 위축되었음을 시사합니다."", ""애널리스트 리포트에서 목표주가 상향이 제시되었지만, 전반적인 재무 지표와 기술적 지표들이 명확한 상승 또는 하락 신호를 보내고 있지 않아 방향성 판단이 어렵습니다.""]",-3.80859375,-5.6640625
35720,카카오,2024-05-02,49200,Neutral,60,"[""최근 1개월 수익률이 -10.22%로 하락세를 보이고 있으나, 52주 최고가 대비 현재 위치는 45.5%로 여전히 상승 여력이 존재합니다."", ""애널리스트 리포트에서 제시된 목표주가들이 현재가 대비 높게 형성되어 있어 긍정적인 전망을 시사합니다."", ""연간 실적에서 매출은 증가했으나 영업이익과 순이익은 감소했으며, PER이 없어 적자 상태임을 감안할 때 단기적인 투자 방향을 명확히 판단하기 어렵습니다.""]",-4.471544715447155,-9.34959349593496
35720,카카오,2024-06-03,44600,Neutral,55,"[""최근 1개월 수익률이 마이너스로 단기적인 하락 압력이 존재합니다."", ""애널리스트들의 목표주가는 현재가 대비 상승 여력을 시사하지만, '모멘텀 부족', '불확실성 남아있는 구간' 등의 부정적인 의견도 혼재되어 있습니다."", ""연간 실적에서 매출은 성장했으나 영업이익과 순이익이 감소한 점은 투자 심리에 부담을 줄 수 있습니다.""]",-3.475336322869956,-10.089686098654708
35720,카카오,2024-07-01,40000,Neutral,50,"[""카카오는 현재 적자 상태이며 PER이 없어 가치 평가가 어렵습니다."", ""최근 1개월 수익률이 마이너스이고 거래량 변화율도 하락세를 보이고 있어 단기적인 하락 압력이 존재합니다."", ""애널리스트 리포트에서 목표주가 상향이 제시되었으나, 전반적인 재무 지표와 기술적 지표가 혼조세를 보여 명확한 방향성을 판단하기 어렵습니다.""]",6.125,-2.375
35720,카카오,2024-08-01,39550,Buy,65,"[""최근 애널리스트 리포트에서 제시된 목표주가 평균이 현재가 대비 상당한 상승 여력을 시사하고 있습니다."", ""기술적 지표상 52주 최저가 대비 현재 위치가 높아 반등 가능성을 일부 내포하고 있습니다."", ""거래량 변화율이 21.66%로 긍정적인 움직임을 보여주고 있으며, 이는 투자자들의 관심 증가를 나타낼 수 있습니다.""]",-6.447534766118837,-6.700379266750948
35720,카카오,2024-09-02,36200,Neutral,60,"[""최근 1개월 수익률이 마이너스(-)를 기록하며 단기적인 하락세를 보이고 있으나, 52주 최저가 대비 현재 위치가 매우 낮아 반등 가능성도 존재합니다."", ""애널리스트 리포트에서 제시된 목표주가들이 현재가 대비 높은 수준을 유지하고 있어, 향후 상승에 대한 기대감을 나타내고 있습니다."", ""매출은 성장세를 보이고 있으나 영업이익이 감소하고 순이익이 적자를 기록하는 등 재무적인 불확실성이 존재하여 투자 방향을 명확히 판단하기 어렵습니다.""]",-5.939226519337017,2.209944751381215
35720,카카오,2024-10-02,36700,Neutral,50,"[""카카오의 현재가는 52주 최저가에 근접해 있어 기술적 반등 가능성이 있으나, 최근 1개월 수익률 하락 및 거래량 감소는 투자 심리 위축을 시사합니다."", ""연간 실적에서 매출은 성장했으나 영업이익과 순이익이 크게 감소하며 적자 전환한 점은 부정적인 요인입니다."", ""부채비율은 양호한 수준이나, PER이 없어 적자 기업이라는 점과 낮은 배당수익률은 투자 매력을 저해하는 요소입니다.""]",-0.544959128065395,1.7711171662125342
35720,카카오,2024-11-01,37350,Neutral,55,"[""최근 1개월 수익률이 0.00%로 횡보세를 보이며 뚜렷한 방향성을 나타내지 않고 있습니다."", ""애널리스트들의 목표주가가 50,000원에서 60,000원 사이로 제시되고 있으나, 현재가 대비 상승 여력은 있으나 목표주가 도달까지는 불확실성이 존재합니다."", ""연간 실적에서 매출은 증가했으나 영업이익이 감소하고 순이익이 적자를 기록하는 등 수익성 악화가 관찰되어 투자 심리에 부정적인 영향을 미칠 수 있습니다.""]",-9.772423025435073,12.851405622489958
35720,카카오,2024-12-02,42950,Neutral,60,"[""최근 1개월 수익률이 16.60%로 양호한 흐름을 보이고 있으나, 애널리스트 리포트에서 목표주가가 하향 조정되는 추세가 나타나고 있습니다."", ""연간 실적에서 매출은 증가했으나 영업이익이 감소하고 순이익이 적자를 기록하는 등 재무적인 부담이 존재합니다."", ""기술적으로는 52주 최저가 대비 높은 위치에 있으나, 52주 최고가 대비로는 여전히 상당한 하락폭을 보이고 있어 명확한 상승 모멘텀을 찾기 어렵습니다.""]",2.0954598370197903,-11.40861466821886
35720,카카오,2025-01-02,38050,Neutral,50,"[""카카오는 현재 적자 상태로 PER 지표가 없어 가치 평가에 어려움이 있습니다."", ""최근 1개월 수익률이 마이너스(-)를 기록하며 단기적인 하락 압력을 받고 있습니다."", ""거래량 변화율이 높다는 점은 투자자들의 관심이 증가하고 있음을 시사하지만, 실적 개선 여부가 불확실하여 방향성 판단이 어렵습니다.""]",-3.942181340341656,19.053876478318003
35720,카카오,2025-02-03,40900,Neutral,55,"[""최근 1개월 수익률은 긍정적이나, 거래량 변화율은 감소 추세로 투자 심리 위축 가능성이 있습니다."", ""애널리스트 리포트 목표주가 평균이 현재가보다 높지만, 일부 리포트에서는 저성장 지속 및 시장 부진을 언급하며 목표주가를 하향 조정하는 경향을 보입니다."", ""연간 실적에서 매출은 증가했으나 영업이익과 순이익이 감소한 점은 부정적인 요인으로 작용할 수 있습니다.""]",4.767726161369193,5.378973105134474
35720,카카오,2025-03-04,43100,Buy,70,"[""최근 애널리스트 리포트에서 목표주가가 현재가 대비 상승 여력을 제시하고 있으며, 긍정적인 전망이 다수 존재합니다."", ""최근 1개월 수익률이 9.26%로 양호한 흐름을 보이고 있으며, 거래량 변화율이 125.76%로 증가하며 투자자들의 관심이 높아지고 있습니다."", ""연간 실적에서 매출이 전년 대비 증가했으나, 영업이익과 순이익은 감소했습니다. 하지만 AI 서비스 강화 등 미래 성장 동력에 대한 기대감이 주가에 긍정적인 영향을 미칠 수 있습니다.""]",2.320185614849188,-5.104408352668213
35720,카카오,2025-04-01,40900,Neutral,55,"[""최근 1개월 수익률이 마이너스이고 거래량 변화율이 크게 감소하여 단기적인 하락 압력이 존재합니다."", ""다수의 애널리스트 리포트에서 긍정적인 목표주가를 제시하며 성장성에 대한 기대감을 나타내고 있습니다."", ""PER, PBR, ROE 등 재무 지표상 고평가 논란이 있을 수 있으나, 시가총액 규모와 영업현금흐름은 긍정적인 측면도 있습니다.""]",-9.16870415647922,-6.47921760391198
35720,카카오,2025-05-02,38350,Neutral,50,"[""카카오의 PER이 302.0으로 매우 높아 현재 주가가 고평가되었을 가능성이 있습니다."", ""최근 1개월 수익률이 -6.97%로 하락세를 보이고 있으나, 거래량 변화율이 14.41%로 증가하여 투자자들의 관심이 높아지고 있음을 시사합니다."", ""애널리스트들의 목표주가가 현재가 대비 상승 여력을 제시하고 있으나, 영업이익이 소폭 감소하고 순이익이 적자 전환한 점은 부정적인 요인으로 작용할 수 있습니다.""]",-1.0430247718383312,15.514993481095177
35720,카카오,2025-06-02,41600,Buy,70,"[""최근 애널리스트 리포트에서 제시된 목표주가 평균이 현재가 대비 상승 여력을 시사하고 있습니다."", ""최근 1개월 수익률이 12.22%로 양호한 상승세를 보이고 있으며, 52주 최고가 대비 현재 위치가 75% 수준으로 추가 상승 가능성이 있습니다."", ""영업현금흐름이 양(+)의 값을 기록하며 재무 안정성을 뒷받침하고 있으며, 매출 성장률 또한 긍정적인 신호를 보내고 있습니다.""]",21.394230769230766,43.02884615384615
35720,카카오,2025-07-01,58700,Neutral,55,"[""최근 1개월간 높은 수익률과 거래량 증가율은 긍정적이나, PER이 매우 높아 밸류에이션 부담이 존재합니다."", ""영업이익이 소폭 감소하고 순이익이 적자 전환한 점은 부정적인 요인입니다."", ""52주 최고가 대비 현재 위치가 높지만, 52주 최저가 대비로는 여전히 상승 여력이 남아있어 단기적인 방향성 판단이 어렵습니다.""]",3.0664395229982966,-4.088586030664395
35720,카카오,2025-08-01,55400,Buy,65,"[""최근 애널리스트 리포트에서 긍정적인 목표주가 제시와 함께 B2C 영역 확장 및 AI 도입을 통한 매출 회복 기대감이 나타나고 있습니다."", ""현재가는 52주 최고가 대비 약 21% 하락한 수준으로, 기술적으로는 반등 가능성이 존재합니다."", ""연간 실적에서 매출은 소폭 성장했으나, 영업이익은 소폭 감소하고 순이익이 적자 전환한 점은 부담 요인이지만, 영업현금흐름은 양호한 수준을 유지하고 있습니다.""]",15.884476534296027,7.039711191335741
35720,카카오,2025-09-01,59300,Buy,75,"[""최근 애널리스트 리포트에서 목표주가가 현재가 대비 상향 제시되고 있으며, AI 사업 성장 기대감이 반영되고 있습니다."", ""52주 최고가 대비 현재 위치가 75.5%로, 상승 여력이 남아있다는 기술적 분석이 가능합니다."", ""최근 1개월 수익률이 5.52%로 양호하며, 거래량 변화율이 66.48%로 증가하는 것은 긍정적인 신호로 해석될 수 있습니다.""]",0.5059021922428331,0.5059021922428331
35720,카카오,2025-10-01,59600,Buy,70,"[""최근 애널리스트 리포트에서 목표주가가 현재가 대비 상승 여력을 시사하고 있으며, 특히 'if(kakao)' 개편 및 AI 관련 긍정적인 전망이 다수 제시되었습니다."", ""52주 최고가 대비 현재 위치가 72.3%로, 아직 상승 여력이 남아있음을 기술적으로 보여줍니다."", ""연간 실적에서 매출이 전년 대비 성장세를 보였으며, 영업현금흐름이 양호한 점은 긍정적인 신호입니다.""]",-1.6778523489932886,1.8456375838926176
35720,카카오,2025-11-03,64200,Buy,75,"[""최근 애널리스트 리포트에서 AI 도입 효과에 대한 긍정적인 전망과 함께 목표주가가 현재가 대비 상승 여력이 있음을 시사하고 있습니다."", ""최근 1개월 수익률이 8.77%로 양호한 흐름을 보이고 있으며, 거래량 변화율도 15.40%로 증가하는 추세는 매수 심리가 개선되고 있음을 나타냅니다."", ""52주 최고가 대비 현재 위치가 84.3%로, 상승 추세가 이어질 경우 추가적인 상승 가능성이 존재합니다.""]",-0.1557632398753894,-7.320872274143301
35720,카카오,2025-12-01,59500,Buy,75,"[""최근 애널리스트 리포트에서 일관되게 긍정적인 전망과 함께 목표주가가 현재가 대비 높은 수준으로 제시되고 있습니다."", ""52주 최고가 대비 현재 위치가 69.1%로, 아직 상승 여력이 남아있음을 시사합니다."", ""최근 1개월 수익률은 하락했지만, 거래량 변화율이 23.28%로 증가한 것은 투자자들의 관심이 다시 높아지고 있음을 나타낼 수 있습니다.""]",2.184873949579832,4.369747899159663
35420,네이버,2023-01-02,178500,Neutral,50,"[""연간 실적은 매출과 영업이익 모두 성장세를 보이고 있으나, PER이 해당없음(적자)으로 표기되어 있어 수익성 측면에서 불확실성이 존재합니다."", ""기술적으로 52주 최저가 대비 상승했지만, 52주 최고가 대비로는 크게 하락한 상태이며 최근 1개월 수익률과 거래량 변화율이 부정적인 흐름을 보이고 있습니다."", ""부채비율이 낮고 영업현금흐름이 양호하여 재무 안정성은 갖추고 있으나, 단기적인 시장 대비 상승 또는 하락을 명확히 판단할 만한 강한 모멘텀이 부족합니다.""]",8.123249299719888,18.487394957983195
35420,네이버,2023-02-01,211500,Buy,75,"[""최근 1개월 수익률이 15.77%로 강한 상승세를 보이고 있으며, 거래량 변화율 또한 27.44%로 긍정적인 흐름을 나타내고 있습니다."", ""애널리스트 리포트에서 AI와 솔루션 성장 스토리에 대한 기대감과 포쉬마크 인수 완료에 따른 목표주가 상향 조정이 긍정적인 영향을 미칠 것으로 예상됩니다."", ""연간 실적에서 매출과 영업이익이 모두 증가했으며, 영업이익률 또한 19.4%로 견조한 수준을 유지하고 있어 기업 펀더멘탈이 양호합니다.""]",8.747044917257684,-2.8368794326241136
35420,네이버,2023-03-02,205500,Buy,75,"[""최근 애널리스트 리포트에서 제시된 목표주가 평균이 현재가 대비 상당한 상승 여력을 보여주고 있습니다."", ""연간 실적에서 매출과 영업이익이 모두 견조하게 성장했으며, 영업이익률 또한 양호한 수준을 유지하고 있습니다."", ""부채비율이 낮고 영업현금흐름이 긍정적인 점은 재무 안정성을 뒷받침하며, 이는 투자 심리에 긍정적인 영향을 줄 수 있습니다.""]",-2.7737226277372264,-1.70316301703163
35420,네이버,2023-04-03,201000,Neutral,50,"[""최근 1개월 수익률이 마이너스이고 거래량 변화율도 감소하여 단기적인 하락 압력이 존재합니다."", ""52주 최고가 대비 현재 위치가 낮아 추가 상승 여력이 있지만, 52주 최저가 대비로는 높은 수준이라 급격한 상승을 기대하기는 어렵습니다."", ""애널리스트 리포트에서 목표주가 300,000원을 제시하며 긍정적인 전망을 내놓았으나, PER이 해당 없음(적자)으로 표기되어 있어 투자 매력도를 판단하기 어렵습니다.""]",-0.5472636815920399,-4.179104477611941
35420,네이버,2023-05-02,192600,Neutral,55,"[""최근 1개월 수익률이 마이너스로 기술적 하락 압력이 존재합니다."", ""애널리스트 리포트에서 목표주가가 현재가 대비 상승 여력을 시사하고 있으나, 의견이 다소 엇갈립니다."", ""연간 실적은 매출 성장을 기록했으나 영업이익이 소폭 감소하며 성장 둔화에 대한 우려가 있습니다.""]",9.553478712357215,6.178608515057113
35420,네이버,2023-06-01,204500,Buy,85,"[""최근 애널리스트 리포트들이 일제히 긍정적인 전망과 함께 높은 목표주가를 제시하고 있어 투자 심리에 긍정적인 영향을 미칠 것으로 예상됩니다."", ""최근 1개월 수익률이 6.08%로 양호하며, 거래량 변화율도 12.45%로 증가 추세를 보이고 있어 추가 상승 가능성을 시사합니다."", ""연간 실적에서 매출이 20.6% 증가하는 등 성장세를 유지하고 있으며, 영업이익률 15.9%와 양호한 영업현금흐름은 재무 건전성을 뒷받침합니다.""]",-1.9559902200489,-7.432762836185819
35420,네이버,2023-07-03,188700,Buy,70,"[""최근 1개월 수익률은 하락했지만, 52주 최저가 대비 현재 위치는 26.8%로 상승 여력이 존재합니다."", ""하반기 실적 개선 기대감과 함께 긍정적 모멘텀이 풍부하다는 애널리스트 리포트가 있습니다."", ""매출은 전년 대비 20.6% 증가했으며, 영업현금흐름이 양호하여 재무 안정성이 뒷받침됩니다.""]",4.610492845786964,23.476417594064653
35420,네이버,2023-08-01,227500,Buy,75,"[""최근 1개월 수익률이 23.09%로 강한 상승세를 보이고 있으며, 거래량 변화율도 56.02%로 증가하여 투자자들의 관심이 집중되고 있습니다."", ""애널리스트들의 목표주가가 현재가 대비 상향 조정되고 있으며, 하반기 이익 성장 및 AI 모멘텀에 대한 기대감이 높습니다."", ""연간 실적에서 매출이 20.6% 증가하는 등 성장세를 유지하고 있으며, 부채비율이 44.6%로 낮아 재무 안정성이 양호합니다.""]",0.0,-5.714285714285714
35420,네이버,2023-09-01,211500,Buy,75,"[""최근 애널리스트 리포트에서 HyperCLOVA X 공개 및 AI 사업 전략 구체화에 대한 긍정적인 전망과 함께 높은 목표주가(275,000원 ~ 290,000원)가 제시되었습니다."", ""연간 실적에서 매출이 전년 대비 20.6% 증가하며 견조한 성장세를 보였고, 영업이익률도 15.9%로 양호한 수준을 유지하고 있습니다."", ""부채비율이 44.6%로 낮고 영업현금흐름이 양호하여 재무 안정성이 뒷받침되고 있습니다.""]",0.0,-9.739952718676124
35420,네이버,2023-10-04,189400,Neutral,50,"[""최근 1개월 수익률이 -12.09%로 하락세를 보이고 있으며, 거래량 변화율도 -43.04%로 감소하여 단기적인 투자 심리가 위축된 것으로 판단됩니다."", ""연간 실적은 매출이 크게 증가했으나 영업이익이 소폭 감소하여 성장성과 수익성 측면에서 엇갈리는 모습을 보이고 있습니다."", ""현재 주가는 52주 최고가 대비 상당 부분 하락한 상태이며, 52주 최저가 대비로는 중간 지점에 위치하여 추가적인 상승 또는 하락 가능성을 동시에 내포하고 있습니다.""]",1.2671594508975714,5.860612460401267
35420,네이버,2023-11-01,190800,Buy,75,"[""다수의 애널리스트 리포트에서 긍정적인 목표주가를 제시하며 상승 여력을 시사하고 있습니다."", ""연간 매출이 전년 대비 20.6% 증가하는 등 견조한 성장세를 보이고 있습니다."", ""부채비율이 44.6%로 낮고 영업현금흐름이 양호하여 재무 안정성이 우수합니다.""]",3.878406708595388,9.0146750524109
35420,네이버,2023-12-01,210500,Buy,75,"[""최근 애널리스트 리포트에서 일관되게 긍정적인 목표주가 상향 및 밸류업 가능성을 제시하고 있습니다."", ""최근 1개월 수익률이 7.97%로 양호한 흐름을 보이고 있으며, 52주 최고가 대비 중간 위치에 있어 추가 상승 여력이 있습니다."", ""매출이 전년 대비 20.6% 크게 성장했으며, 영업이익률 15.9%와 낮은 부채비율(44.6%), 양호한 영업현금흐름은 재무 안정성을 뒷받침합니다.""]",3.32541567695962,5.938242280285035
35420,네이버,2024-01-02,222000,Buy,75,"[""최근 1개월 수익률이 9.64%로 양호하며, 52주 최고가 대비 현재 위치가 87.7%로 상승 추세에 대한 기대감을 높입니다."", ""매출이 전년 대비 20.6% 크게 증가했으며, 영업현금흐름이 양호하여 재무적인 안정성을 보여줍니다."", ""거래량 변화율이 19.43%로 증가하며 투자자들의 관심이 높아지고 있음을 시사합니다.""]",4.054054054054054,-9.684684684684685
35420,네이버,2024-02-01,221500,Buy,70,"[""최근 애널리스트 리포트에서 제시된 목표주가 평균이 현재가 대비 상당한 상승 여력을 시사하고 있습니다."", ""연간 실적에서 매출이 20.6% 증가하며 성장세를 유지하고 있으며, 영업이익률 또한 15.9%로 견조한 수준입니다."", ""부채비율이 44.6%로 낮고 영업현금흐름이 양호하여 재무 안정성이 뒷받침되고 있습니다.""]",-7.44920993227991,-14.311512415349886
35420,네이버,2024-03-04,188700,Neutral,60,"[""최근 1개월 수익률이 마이너스를 기록하며 단기적인 하락세를 보이고 있으나, 52주 최저가 대비 높은 수준에서 거래되고 있습니다."", ""애널리스트들의 목표주가가 현재가 대비 상승 여력을 시사하고 있으며, 특히 B2B 사업 성과 가시화 및 네이버웹툰 IPO에 대한 기대감이 존재합니다."", ""연간 실적은 매출이 크게 증가했으나 영업이익이 소폭 감소하며 성장성 둔화 우려가 있으며, PER이 해당 없음(적자)으로 표기되어 있어 현재 재무 상태만으로는 명확한 방향성을 판단하기 어렵습니다.""]",0.9538950715421304,1.7488076311605725
35420,네이버,2024-04-01,192000,Buy,70,"[""최근 애널리스트 리포트에서 긍정적인 목표주가 상향 조정이 있었습니다."", ""연간 실적에서 매출과 영업이익이 견조한 성장세를 보이며 재무 건전성이 우수합니다."", ""현재 주가는 52주 최고가 대비 하락한 상태로, 기술적 반등 가능성이 있습니다.""]",-1.5625,-1.6666666666666667
35420,네이버,2024-05-02,194600,Buy,75,"[""최근 애널리스트 리포트에서 목표주가가 현재가 대비 높게 제시되며 긍정적인 전망을 유지하고 있습니다."", ""연간 실적에서 매출과 영업이익이 전년 대비 견조한 성장세를 보이며 기업 펀더멘털이 양호합니다."", ""부채비율이 낮고 영업현금흐름이 긍정적인 점은 재무 안정성을 뒷받침합니다.""]",-5.292908530318603,-9.146968139773897
35420,네이버,2024-06-03,176800,Buy,75,"[""최근 애널리스트 리포트에서 긍정적인 실적 전망과 함께 목표주가가 현재가 대비 상당한 상승 여력을 보여주고 있습니다."", ""최근 1개월 수익률은 하락했으나, 52주 최저가 대비 현재 위치가 3.9%로 낮은 수준이며, 거래량 변화율이 21.82%로 증가한 점은 매수세 유입 가능성을 시사합니다."", ""연간 실적에서 매출과 영업이익이 전년 대비 견조하게 성장했으며, 영업이익률과 영업현금흐름 또한 양호한 수준을 유지하고 있어 기업의 펀더멘털은 긍정적입니다.""]",-4.751131221719457,-9.615384615384617
35420,네이버,2024-07-01,159900,Neutral,60,"[""네이버의 웹툰 엔터테인먼트 나스닥 상장 추진은 긍정적인 모멘텀을 제공할 수 있으나, 현재가 52주 최저가에 근접한 위치는 하방 경직성을 시사합니다."", ""최근 1개월 수익률이 마이너스이고 거래량 변화율도 감소한 점은 단기적인 투자 심리가 위축되었음을 나타냅니다."", ""전반적인 재무 지표는 안정적이나, 20거래일이라는 단기적인 관점에서 뚜렷한 상승 또는 하락 모멘텀을 판단하기에는 추가적인 시장 상황 및 기업 내부 요인 분석이 필요합니다.""]",6.75422138836773,8.380237648530331
35420,네이버,2024-08-01,171400,Buy,75,"[""최근 1개월 수익률이 9.51%로 양호하며, 거래량 변화율도 8.05%로 긍정적인 흐름을 보이고 있습니다."", ""애널리스트 리포트에서 제시된 목표주가들이 현재가 대비 상승 여력이 충분하며, 특히 큐텐 사태 반사이익에 대한 긍정적인 전망이 있습니다."", ""연간 실적에서 매출과 영업이익이 전년 대비 성장세를 보였고, 부채비율이 낮아 재무 안정성이 우수합니다.""]",-4.492415402567095,-2.8004667444574096
35420,네이버,2024-09-02,165300,Buy,75,"[""최근 애널리스트 리포트에서 일관되게 긍정적인 전망과 높은 목표주가를 제시하고 있습니다."", ""연간 실적 성장률이 견조하며, 영업이익률 및 영업현금흐름 또한 안정적인 모습을 보이고 있습니다."", ""최근 1개월 수익률은 하락했지만, 52주 최저가 대비 현재 위치가 상대적으로 높아 추가 상승 여력이 존재합니다.""]",-3.8112522686025407,0.5444646098003629
35420,네이버,2024-10-02,170700,Buy,75,"[""최근 애널리스트 리포트에서 컨센서스 상회 전망과 함께 목표주가 240,000원을 제시하며 긍정적인 시각을 유지하고 있습니다."", ""연간 실적에서 매출과 영업이익이 전년 대비 각각 17.6%, 14.1% 증가하며 견조한 성장세를 보이고 있습니다."", ""부채비율 47.5%와 양호한 영업현금흐름(+2002233.3조원)은 재무 안정성을 뒷받침하며 향후 투자 여력을 확보하고 있습니다.""]",0.4100761570005858,2.9291154071470418
35420,네이버,2024-11-01,175700,Buy,75,"[""최근 애널리스트 리포트에서 일관되게 긍정적인 전망과 높은 목표주가를 제시하고 있습니다."", ""연간 실적에서 매출과 영업이익이 전년 대비 견조하게 성장하고 있으며, 영업이익률도 양호한 수준을 유지하고 있습니다."", ""부채비율이 낮고 영업현금흐름이 긍정적인 점은 재무 안정성을 뒷받침합니다.""]",0.1707455890722823,15.822424587364823
35420,네이버,2024-12-02,209000,Buy,85,"[""최근 1개월간 19.92%의 높은 수익률과 72.11%의 거래량 변화율은 긍정적인 투자 심리를 시사합니다."", ""최근 30일간 발표된 5건의 애널리스트 리포트 모두 긍정적인 전망과 함께 목표주가를 현재가 대비 상향 제시하고 있습니다."", ""연간 실적에서 매출과 영업이익이 전년 대비 각각 17.6%, 14.1% 증가하며 견조한 성장세를 보이고 있으며, 부채비율이 47.5%로 낮아 재무 안정성 또한 우수합니다.""]",0.0,-4.066985645933015
35420,네이버,2025-01-02,200500,Buy,70,"[""최근 1개월 수익률은 하락했지만, 52주 내 현재 위치가 중간 수준이며, 긍정적인 애널리스트 리포트가 존재합니다."", ""매출과 영업이익이 전년 대비 큰 폭으로 성장했으며, 영업이익률과 영업현금흐름 또한 양호하여 기업의 펀더멘털은 견고합니다."", ""부채비율이 낮아 재무 안정성이 우수하며, 이는 향후 성장 동력 확보 및 투자 여력에 긍정적인 영향을 줄 수 있습니다.""]",0.7481296758104738,15.710723192019952
35420,네이버,2025-02-03,218500,Buy,85,"[""최근 애널리스트 리포트에서 제시된 목표주가들이 현재가 대비 상당한 상승 여력을 시사하고 있으며, 대부분 긍정적인 전망을 유지하고 있습니다."", ""연간 실적에서 매출과 영업이익이 전년 대비 견조한 성장세를 보였으며, 영업이익률 또한 양호한 수준을 유지하고 있습니다."", ""기술적 지표상 52주 최고가에 근접한 위치에 있으며, 최근 1개월 수익률도 긍정적인 흐름을 보여주고 있어 추가 상승 가능성이 있습니다.""]",4.576659038901601,-5.034324942791762
35420,네이버,2025-03-04,207500,Buy,85,"[""최근 30일간 애널리스트 리포트에서 일관되게 긍정적인 전망과 높은 목표주가를 제시하고 있습니다."", ""AI를 통한 코어 비즈니스 성장 가속화 및 광고 매출 증대 기대감이 주가 상승 요인으로 작용할 가능성이 높습니다."", ""연간 실적에서 매출과 영업이익이 견조하게 성장했으며, 영업이익률 및 영업현금흐름 또한 안정적인 재무 상태를 보여주고 있습니다.""]",3.132530120481928,-5.734939759036144
35420,네이버,2025-04-01,195600,Buy,75,"[""최근 애널리스트 리포트에서 제시된 목표주가가 현재가 대비 상당한 상승 여력을 시사하며, 전반적으로 긍정적인 전망을 유지하고 있습니다."", ""연간 실적에서 매출과 영업이익이 전년 대비 큰 폭으로 성장했으며, 영업이익률 또한 견조한 수준을 유지하고 있어 기업 펀더멘탈이 양호합니다."", ""부채비율이 낮고 영업현금흐름이 긍정적인 점은 재무 안정성을 뒷받침하며, 이는 주가 하방 경직성에 기여할 수 있습니다.""]",-9.560327198364009,2.505112474437628
35420,네이버,2025-05-02,199100,Buy,75,"[""최근 애널리스트 리포트에서 컬리 제휴와 관련된 긍정적인 전망과 함께 목표주가가 상향 조정되는 추세가 나타나고 있습니다."", ""연간 실적에서 매출과 영업이익이 전년 대비 큰 폭으로 성장했으며, 영업이익률 또한 견조한 수준을 유지하고 있어 펀더멘털 측면에서 긍정적입니다."", ""부채비율이 낮고 영업현금흐름이 양호하여 재무 안정성이 뒷받침되고 있으며, 이는 향후 성장 동력 확보에 유리한 환경을 제공합니다.""]",-3.9678553490708186,-3.9678553490708186
35420,네이버,2025-06-02,185500,Buy,75,"[""최근 애널리스트 리포트들이 일관되게 긍정적인 목표주가를 제시하며 하반기 성장 기대감을 높이고 있습니다."", ""연간 실적에서 매출과 영업이익이 견조하게 성장했으며, 영업이익률 또한 양호한 수준을 유지하고 있습니다."", ""부채비율이 낮고 영업현금흐름이 긍정적인 등 재무 안정성이 우수하여 투자 매력도를 높입니다.""]",7.223719676549865,36.38814016172507
35420,네이버,2025-07-01,252000,Buy,85,"[""최근 1개월간 38.40%의 높은 수익률과 338.40%의 거래량 변화율은 강한 매수세를 시사합니다."", ""애널리스트 리포트에서 긍정적인 전망과 함께 310,000원 ~ 320,000원의 목표주가를 제시하고 있어 추가 상승 여력이 있습니다."", ""전년 대비 매출 및 영업이익이 크게 증가했으며, 영업이익률 또한 18.4%로 견조한 실적을 보여주고 있습니다.""]",0.7936507936507936,-7.142857142857142
35420,네이버,2025-08-01,232500,Buy,75,"[""최근 1개월 수익률은 하락했으나, 애널리스트 리포트에서 제시된 목표주가들이 현재가 대비 상당한 상승 여력을 보여주고 있습니다."", ""연간 실적에서 매출과 영업이익이 전년 대비 높은 성장률을 기록했으며, 영업이익률 또한 견조한 수준을 유지하고 있습니다."", ""부채비율이 낮고 영업현금흐름이 양호하여 재무 안정성이 뛰어나며, 이는 향후 성장 동력 확보 및 주주 가치 제고에 긍정적인 영향을 줄 수 있습니다.""]",-4.086021505376344,-3.225806451612903
35420,네이버,2025-09-01,225000,Buy,75,"[""최근 애널리스트 리포트에서 제시된 목표주가들이 현재가 대비 상당한 상승 여력을 시사하고 있습니다."", ""연간 실적에서 매출과 영업이익이 전년 대비 큰 폭으로 성장했으며, 영업이익률 또한 견조한 수준을 유지하고 있습니다."", ""부채비율이 낮고 영업현금흐름이 양호하여 재무 안정성이 뛰어나며, 이는 투자 매력도를 높입니다.""]",2.666666666666667,19.33333333333333
35420,네이버,2025-10-01,253000,Buy,85,"[""최근 1개월 수익률이 13.11%로 강한 상승세를 보이고 있으며, 거래량 변화율도 126.08%로 매우 높아 투자자들의 관심이 집중되고 있습니다."", ""애널리스트 리포트에서 제시된 목표주가들이 현재가 대비 상당한 상승 여력을 시사하며, 특히 가상자산 사업 결합, 두나무 합병설, 스테이블코인 및 웹툰 등 신성장 동력에 대한 긍정적인 전망이 제시되고 있습니다."", ""연간 실적에서 매출과 영업이익이 전년 대비 큰 폭으로 증가했으며, 영업이익률 또한 18.4%로 견조한 수익성을 보여주고 있습니다. 또한, 부채비율이 41.4%로 낮고 영업현금흐름이 양호하여 재무 안정성이 우수합니다.""]",2.9644268774703555,4.3478260869565215
35420,네이버,2025-11-03,267000,Buy,75,"[""최근 1개월 수익률이 7.02%로 양호하며, 거래량 변화율도 13.69%로 긍정적인 흐름을 보이고 있습니다."", ""연간 실적에서 매출과 영업이익이 전년 대비 각각 11.0%, 32.9% 증가하며 견조한 성장세를 나타내고 있습니다."", ""애널리스트 리포트에서 목표주가 상향 의견이 다수 존재하며, 신사업 및 성장 옵션에 대한 기대감이 반영되고 있습니다.""]",-1.49812734082397,-8.98876404494382
35420,네이버,2025-12-01,243000,Buy,75,"[""최근 1개월 수익률은 하락했으나, 애널리스트들의 목표주가 상향 및 긍정적인 리포트들이 다수 존재합니다."", ""연간 실적에서 매출과 영업이익이 전년 대비 큰 폭으로 성장했으며, 영업이익률 또한 양호한 수준을 유지하고 있습니다."", ""부채비율이 낮고 영업현금흐름이 긍정적인 점은 재무 안정성을 뒷받침하며, 이는 향후 주가 상승의 기반이 될 수 있습니다.""]",2.05761316872428,1.646090534979424
51910,LG화학,2023-01-02,601000,Neutral,55,"[""최근 1개월 수익률이 -16.34%로 하락세를 보이고 있으며, 거래량 변화율도 감소하여 단기적인 하방 압력이 존재합니다."", ""하지만 LG화학의 연간 매출이 전년 대비 41.9% 크게 증가했고, 순이익 또한 상당한 규모를 기록하며 기업의 성장성은 긍정적으로 평가됩니다."", ""PER, PBR, ROE 등의 재무 지표는 시장 평균 대비 양호한 수준을 유지하고 있으며, 부채비율도 관리 가능한 수준으로 재무 안정성은 비교적 견고합니다.""]",4.658901830282862,12.479201331114808
51910,LG화학,2023-02-01,676000,Buy,75,"[""최근 1개월 수익률이 14.67%로 양호하며, 52주 최고가 대비 현재 위치가 높아 상승 모멘텀이 유지될 가능성이 있습니다."", ""애널리스트 리포트에서 긍정적인 전망과 함께 목표주가 상향이 제시되어 추가 상승 여력이 기대됩니다."", ""연간 매출이 전년 대비 크게 증가했으며, 영업현금흐름이 양호하여 재무 건전성이 뒷받침되고 있습니다.""]",0.591715976331361,3.994082840236687
51910,LG화학,2023-03-02,703000,Buy,75,"[""최근 애널리스트 리포트에서 일관되게 긍정적인 전망과 함께 목표주가가 현재가 대비 높은 수준으로 제시되고 있습니다."", ""미국 리튬 광산 투자 등 미래 성장 동력에 대한 기대감이 주가에 긍정적인 영향을 미칠 수 있습니다."", ""연간 실적에서 매출액이 큰 폭으로 증가했으며, 영업이익률은 공개되지 않았으나 순이익 증가와 영업현금흐름이 양호한 점은 긍정적입니다.""]",0.5689900426742532,1.2802275960170697
51910,LG화학,2023-04-03,722000,Buy,75,"[""최근 애널리스트 리포트에서 제시된 목표주가들이 현재가 대비 상당한 상승 여력을 시사하고 있습니다."", ""52주 최고가 대비 현재 위치가 높아 단기적인 상승 추세가 이어질 가능성이 있습니다."", ""최근 1개월 수익률과 거래량 변화율이 긍정적인 흐름을 보이고 있어 투자 심리가 개선되고 있음을 나타냅니다.""]",11.634349030470917,0.554016620498615
51910,LG화학,2023-05-02,726000,Buy,85,"[""최근 30일간 발표된 애널리스트 리포트에서 일관되게 긍정적인 전망과 함께 높은 목표주가를 제시하고 있습니다."", ""최근 1개월 수익률이 4.78%로 양호하며, 거래량 변화율이 55%로 증가한 것은 투자자들의 관심이 높아지고 있음을 시사합니다."", ""LG화학의 52주 최고가 대비 현재 위치가 78.2%로, 여전히 상승 여력이 남아있다고 판단됩니다.""]",-4.820936639118457,-0.6887052341597797
51910,LG화학,2023-06-01,721000,Neutral,55,"[""최근 1개월 수익률이 마이너스이고 거래량 변화율도 감소하여 단기적인 하락 압력이 존재합니다."", ""연간 실적에서 매출은 크게 증가했으나 영업이익은 감소하여 수익성 악화에 대한 우려가 있습니다."", ""배터리 사업에 대한 긍정적인 전망과 목표주가 상향 리포트가 존재하지만, 현재 주가 위치와 재무 지표를 고려할 때 단기적인 방향성을 명확히 판단하기 어렵습니다.""]",3.467406380027739,-4.160887656033287
51910,LG화학,2023-07-03,680000,Neutral,55,"[""LG화학은 매출액이 크게 증가했으나 영업이익은 감소하여 실적 개선에 대한 불확실성이 존재합니다."", ""현재 주가는 52주 최고가 대비 상당 부분 하락한 위치에 있으나, 52주 최저가 대비로는 높은 수준으로 추가 하락 가능성과 반등 가능성이 공존합니다."", ""최근 1개월 수익률이 소폭 상승하고 거래량 변화율이 긍정적인 신호를 보이지만, 전반적인 시장 상황 및 거시 경제 변수에 따라 투자 방향성이 달라질 수 있습니다.""]",-3.823529411764706,-3.6764705882352944
51910,LG화학,2023-08-01,642000,Neutral,60,"[""최근 1개월 수익률이 마이너스(-)를 기록하며 단기적인 하락세를 보이고 있으나, 52주 최저가 대비 현재 위치가 41.2%로 상승 여력이 남아있습니다."", ""애널리스트 리포트에서 제시된 목표주가 평균이 현재가 대비 상당한 상승 여력을 시사하고 있습니다."", ""연간 실적에서 매출은 크게 증가했으나 영업이익이 감소한 점, 그리고 이차전지 실적 둔화 우려가 단기적인 투자 심리에 부정적인 영향을 미칠 수 있습니다.""]",-1.8691588785046729,-9.190031152647975
51910,LG화학,2023-09-01,586000,Neutral,60,"[""최근 1개월 수익률이 -11.21%로 하락세를 보이고 있으며, 거래량 변화율 또한 -42.80%로 감소하여 단기적인 투자 심리가 위축된 것으로 판단됩니다."", ""연간 실적에서 매출은 크게 증가했으나 영업이익은 감소하여 수익성 악화에 대한 우려가 존재합니다."", ""현재 주가는 52주 최저가 대비 소폭 높은 수준이지만, 최고가 대비로는 상당한 하락폭을 보여 밸류에이션 매력과 하락 리스크가 공존하고 있습니다.""]",-4.266211604095563,-14.761092150170647
51910,LG화학,2023-10-04,502000,Buy,65,"[""최근 1개월 수익률이 -15.62%로 하락했지만, 52주 최저가 대비 현재 위치가 0.0%로 바닥권에 근접해 있어 반등 가능성이 있습니다."", ""애널리스트 리포트에서 3분기 실적이 괜찮음에도 불구하고 주가가 급락했다는 점과 목표주가 800,000원을 제시한 점은 향후 상승 여력을 시사합니다."", ""매출은 전년 대비 21.8% 증가했으나 영업이익이 감소한 점은 부담 요인이지만, 부채비율 81.3%와 영업현금흐름이 양호한 점은 재무 안정성을 보여줍니다.""]",5.179282868525896,-6.175298804780876
51910,LG화학,2023-11-01,455500,Neutral,60,"[""최근 1개월 수익률이 -14.65%로 하락세를 보이고 있으나, 52주 최저가 대비 현재 위치가 1.2%로 소폭 상승한 상태입니다."", ""애널리스트 리포트에서 제시된 목표주가 평균은 640,000원으로 현재가 대비 상승 여력이 있으나, 4분기 실적 눈높이 하향 조정 의견도 존재합니다."", ""연간 매출은 증가했으나 영업이익이 크게 감소한 점은 부담 요인이며, 재무 안정성은 양호한 편입니다.""]",2.634467618002195,9.989023051591657
51910,LG화학,2023-12-01,473000,Neutral,55,"[""최근 1개월 수익률은 긍정적이나, 거래량 변화율이 감소하고 있어 단기적인 상승 동력이 약화될 수 있습니다."", ""연간 실적에서 매출은 크게 증가했으나 영업이익은 감소하여 수익성 악화에 대한 우려가 존재합니다."", ""현재 주가는 52주 최저가 대비 높은 수준이지만, 최고가 대비로는 상당한 하락폭을 기록하고 있어 방향성 판단이 어렵습니다.""]",0.5285412262156448,1.6913319238900637
51910,LG화학,2024-01-02,480500,Neutral,50,"[""LG화학은 매출은 크게 증가했으나 영업이익은 감소하여 수익성 개선이 필요한 상황입니다."", ""현재 주가는 52주 최저가 대비 높은 수준이지만, 최고가 대비로는 상당한 하락폭을 기록하며 기술적으로는 반등 가능성을 내포하고 있습니다."", ""최근 1개월 수익률과 거래량 변화율이 부정적인 신호를 보이고 있으며, 명확한 상승 또는 하락 추세를 판단할 만한 추가적인 정보가 부족합니다.""]",-3.329864724245578,-9.573361082206034
51910,LG화학,2024-02-01,461000,Buy,65,"[""최근 1개월 수익률은 하락했으나, 52주 최저가 대비 현재 위치가 9.8%로 상승 여력이 존재합니다."", ""애널리스트 리포트에서 긍정적인 전망과 함께 목표주가가 현재가 대비 높게 제시되었습니다."", ""연간 매출은 크게 증가했으나 영업이익은 감소한 점은 우려되지만, 영업현금흐름이 양호하고 부채비율이 안정적인 수준입니다.""]",2.169197396963124,-4.229934924078091
51910,LG화학,2024-03-04,452500,Buy,70,"[""최근 1개월 수익률이 8.32%로 양호하며, 거래량 변화율도 53.12%로 증가하는 추세입니다."", ""GM과의 양극재 대규모 공급계약 관련 긍정적인 애널리스트 리포트가 목표주가 500,000원을 제시하며 상승 여력을 시사하고 있습니다."", ""현재 주가는 52주 최저가 대비 높은 수준이지만, 52주 최고가 대비로는 아직 하락폭이 커 반등 가능성이 존재합니다.""]",-0.4419889502762431,-6.298342541436464
51910,LG화학,2024-04-01,424000,Neutral,50,"[""최근 1개월 수익률이 마이너스이고 거래량 변화율도 하락세를 보이고 있어 단기적인 하락 압력이 존재합니다."", ""52주 최고가 대비 현재 위치가 낮지만, 52주 최저가 대비로는 높은 수준으로 기술적으로는 중립적인 위치에 있습니다."", ""애널리스트 리포트에서 제시된 목표주가 600,000원은 현재가 대비 상승 여력을 시사하지만, 최근 실적에서 영업이익이 감소한 점은 부담 요인입니다.""]",-6.839622641509433,-4.481132075471698
51910,LG화학,2024-05-02,403500,Neutral,60,"[""최근 1개월 수익률이 마이너스(-)를 기록하며 단기적인 하락세를 보이고 있으나, 52주 최저가 대비 현재 위치가 8.6%로 낮은 편에 속합니다."", ""애널리스트 리포트에서 목표주가 상향 의견과 하향 의견이 혼재되어 있어 단기 방향성 판단이 어렵습니다."", ""연간 실적은 매출이 증가했으나 영업이익은 감소하여 실적 개선에 대한 불확실성이 존재합니다.""]",-3.0978934324659235,-10.532837670384138
51910,LG화학,2024-06-03,361000,Sell,65,"[""최근 1개월 수익률이 -11.18%로 하락세를 보이고 있으며, 거래량 변화율 또한 -13.03%로 감소하여 투자 심리가 위축된 것으로 판단됩니다."", ""52주 최고가 대비 현재 주가 위치가 1.7%로 매우 낮은 수준이지만, 이는 최근 주가 하락 추세를 반영하는 것으로 해석될 수 있습니다."", ""매출은 증가했으나 영업이익이 감소한 점은 수익성 악화에 대한 우려를 나타내며, 이는 단기적인 주가 하락 압력으로 작용할 수 있습니다.""]",2.9085872576177287,-0.2770083102493075
51910,LG화학,2024-07-01,353000,Buy,65,"[""최근 애널리스트 리포트에서 업황 개선세가 서서히 나타나고 있으며, 목표주가 상향 가능성을 시사하고 있습니다."", ""현재 주가는 52주 최저가에 근접한 수준으로, 기술적 반등 가능성이 존재합니다."", ""연간 실적에서 매출은 증가세를 보이고 있으며, 영업현금흐름이 양호한 점은 긍정적입니다.""]",2.6912181303116145,-13.59773371104816
51910,LG화학,2024-08-01,308500,Neutral,60,"[""최근 1개월 수익률이 -12.78%로 부진했으나, 52주 최저가 대비 현재 위치가 2.1%로 바닥권에 근접해 있어 추가 하락보다는 반등 가능성도 존재합니다."", ""애널리스트 리포트에서 제시된 목표주가 평균이 현재가 대비 상당한 상승 여력을 보여주고 있으며, '악재가 충분히 반영된 주가'라는 의견도 있습니다."", ""연간 매출은 증가했으나 영업이익이 감소한 점, 그리고 전지소재 투자 속도 조절에 대한 언급 등은 단기적인 불확실성을 야기하며 투자 방향성을 명확히 하기 어렵게 만듭니다.""]",-7.293354943273905,10.21069692058347
51910,LG화학,2024-09-02,333000,Buy,75,"[""최근 1개월 수익률이 8.28%로 긍정적인 흐름을 보이고 있으며, 거래량 변화율도 16.55%로 증가 추세입니다."", ""애널리스트 리포트에서 3분기 실적 우상향 기대와 함께 높은 목표주가(660,000원)를 제시하고 있습니다."", ""현재 주가가 52주 최저가 대비 높은 수준에 위치하며 52주 최고가 대비 하락폭이 크지만, PBR 0.59로 자산 가치 대비 저평가 가능성이 있습니다.""]",-7.957957957957958,8.408408408408409
51910,LG화학,2024-10-02,348500,Buy,75,"[""최근 1개월 수익률이 12.76%로 양호하며, 거래량 변화율도 14.69%로 긍정적인 수급 신호를 보이고 있습니다."", ""애널리스트 리포트에서 제시된 목표주가들이 현재가 대비 상당한 상승 여력을 시사하고 있으며, '바닥을 다지는 구간'이라는 분석은 추가 상승 가능성을 높입니다."", ""현재 주가는 52주 최저가 대비 높은 수준에 위치하며, 52주 최고가 대비로는 아직 하락폭이 크지만, 최근 상승 추세와 긍정적인 리포트들을 고려할 때 단기적인 상승 모멘텀이 기대됩니다.""]",0.5738880918220948,-7.173601147776183
51910,LG화학,2024-11-01,323500,Neutral,60,"[""최근 1개월 수익률이 -10.80%로 하락세를 보이고 있으며, 거래량 변화율도 감소하여 단기적인 투자 심리가 위축된 것으로 판단됩니다."", ""애널리스트 리포트에서 목표주가는 현재가 대비 상승 여력을 제시하고 있으나, '쉬어가는 구간', '아직 가시화되지 않은 실적 개선세' 등의 표현은 단기적인 모멘텀 부재를 시사합니다."", ""연간 실적에서 매출은 증가했으나 영업이익이 감소한 점은 수익성 개선에 대한 의문점을 남기며, 재무 안정성 지표(부채비율)가 제시되지 않아 추가적인 분석이 필요합니다.""]",-6.0278207109737245,-12.67387944358578
51910,LG화학,2024-12-02,282500,Sell,65,"[""최근 1개월 수익률이 -11.16%로 하락세를 보이고 있으며, 52주 최저가에 근접한 위치는 추가 하락 가능성을 시사합니다."", ""매출은 증가했으나 영업이익이 전년 대비 15.1% 감소한 점은 수익성 악화에 대한 우려를 높입니다."", ""거래량 변화율이 음수(-)를 기록하고 있어 매도 압력이 우세한 상황으로 판단됩니다.""]",-5.132743362831858,-10.265486725663717
51910,LG화학,2025-01-02,253500,Sell,65,"[""최근 1개월 수익률이 -14.61%로 하락세를 보이고 있으며, 이는 단기적인 투자 심리 위축을 시사합니다."", ""연간 실적에서 매출은 증가했으나 영업이익이 15.1% 감소한 점은 수익성 악화에 대한 우려를 제기합니다."", ""현재가가 52주 최저가에 근접해 있으며, 52주 최고가 대비 큰 폭으로 하락한 상태로 추가 하락 가능성을 배제할 수 없습니다.""]",-3.353057199211045,-12.42603550295858
51910,LG화학,2025-02-03,213000,Neutral,50,"[""LG화학은 현재 52주 최저가 수준에 근접해 있으며, 최근 1개월 수익률이 마이너스를 기록하며 기술적으로는 하락 압력이 존재합니다."", ""하지만, 애널리스트 리포트에서 목표주가를 현재가 대비 높게 제시하고 있으며, 이는 향후 상승 가능성을 시사합니다."", ""연간 실적에서 매출은 증가했으나 영업이익이 감소한 점과 부채비율 정보가 없는 점은 투자 판단에 있어 불확실성을 더합니다.""]",3.9906103286384975,8.215962441314554
51910,LG화학,2025-03-04,230500,Sell,70,"[""최근 애널리스트 리포트에서 단기 주가 약세 및 어려운 업황 지속 전망이 다수 제시되었습니다."", ""최근 1개월 수익률이 -4.21%로 하락세를 보이고 있으며, 52주 최고가 대비 현재 위치가 매우 낮습니다."", ""연간 실적에서 매출은 증가했으나 영업이익은 감소하여 수익성 둔화 우려가 있습니다.""]",8.893709327548807,0.8676789587852495
51910,LG화학,2025-04-01,232500,Buy,75,"[""최근 1개월 수익률이 4.05%로 긍정적인 흐름을 보이고 있으며, 거래량 변화율도 17.76%로 증가 추세입니다."", ""최근 애널리스트 리포트에서 시장 기대치를 상회하는 1분기 실적 전망과 함께 목표주가 320,000원을 제시하여 상승 여력이 충분함을 시사합니다."", ""현재 주가가 52주 최저가 대비 높은 수준에 위치하고 있으며, PBR 0.36으로 저평가 매력이 존재합니다.""]",-12.473118279569892,-7.096774193548387
51910,LG화학,2025-05-02,208000,Neutral,50,"[""LG화학은 현재 52주 최저가에 근접한 수준으로, 기술적으로는 반등 가능성이 있으나 최근 1개월 수익률 하락과 거래량 감소는 투자 심리 위축을 시사합니다."", ""재무적으로는 적자 상태이며 PBR이 낮아 저평가 매력이 있을 수 있으나, PER이 없어 기업 가치 판단에 어려움이 있습니다."", ""최근 애널리스트 리포트에서는 긍정적인 전망과 목표주가 상향이 제시되었으나, 이는 2025년 상반기 실적 개선에 대한 기대감으로 단기 20거래일 내 방향성을 확신하기 어렵습니다.""]",-2.1634615384615383,-3.125
51910,LG화학,2025-06-02,198700,Neutral,40,"[""LG화학은 현재 52주 최저가에 근접한 수준으로, 기술적으로는 반등 가능성이 있으나 최근 1개월 수익률이 크게 하락하며 투자 심리가 위축된 상태입니다."", ""연간 실적에서 매출과 영업이익이 전년 대비 큰 폭으로 감소했으며, 영업이익률도 낮은 수준으로 재무적인 개선 모멘텀이 아직 명확하지 않습니다."", ""PER이 '해당없음(적자)'이고 ROE가 N/A%로 표시되는 등 현재 재무 상태가 좋지 않아 단기적인 투자 방향을 명확히 판단하기 어렵습니다.""]",5.938600905888274,29.34071464519376
51910,LG화학,2025-07-01,240000,Neutral,50,"[""LG화학은 최근 1개월 수익률이 14.90%로 양호한 흐름을 보였으나, 연간 실적은 매출과 영업이익이 감소하며 부진한 모습을 나타냈습니다."", ""PER이 '해당없음(적자)'으로 표시되는 등 재무 지표상 불안정성이 존재하며, PBR이 0.34로 낮은 것은 저평가 가능성을 시사하지만 적자 기업이라는 점은 투자 위험 요인입니다."", ""기술적으로는 52주 최고가 대비 현재 위치가 25.2%로 낮지만, 거래량 변화율이 마이너스인 점은 매수세 약화를 나타낼 수 있어 향후 20거래일 동안 뚜렷한 상승 또는 하락 방향성을 판단하기 어렵습니다.""]",8.333333333333332,27.500000000000004
51910,LG화학,2025-08-01,289500,Buy,75,"[""최근 1개월 수익률이 12.84%로 양호하며, 52주 최고가 대비 현재 위치가 60.2%로 상승 여력이 남아있습니다."", ""다수의 애널리스트 리포트에서 목표주가를 현재가 대비 상향 제시하며 긍정적인 전망을 내놓고 있습니다."", ""PBR 0.43으로 저평가 구간에 있으며, 영업현금흐름이 양호한 점은 긍정적입니다.""]",-4.145077720207254,-6.90846286701209
51910,LG화학,2025-09-01,269500,Neutral,60,"[""LG화학은 현재 52주 최고가 대비 절반 수준에 위치하며, 최근 1개월 수익률이 마이너스를 기록하는 등 단기적으로는 약세를 보이고 있습니다."", ""애널리스트 리포트에서는 본업의 하반기 부진을 언급하는 의견과 자회사 및 LGES 지분 활용에 대한 기대감을 동시에 제시하며 목표주가 범위가 넓게 분포하고 있어 투자 방향성에 대한 불확실성이 존재합니다."", ""연간 실적은 매출과 영업이익이 전년 대비 감소했으며, 영업이익률도 낮은 수준을 기록하고 있어 재무적인 개선이 단기간에 이루어지기는 어려울 것으로 판단됩니다.""]",8.719851576994433,3.153988868274583
51910,LG화학,2025-10-01,277500,Buy,70,"[""최근 1개월 수익률이 4.45%로 긍정적인 흐름을 보이고 있습니다."", ""PBR 0.41로 자산 가치 대비 저평가 가능성이 있습니다."", ""애널리스트 리포트에서 목표주가 500,000원을 제시하며 긍정적인 전망을 내놓고 있습니다.""]",12.432432432432432,38.91891891891892
51910,LG화학,2025-11-03,395000,Buy,75,"[""최근 1개월 동안 39.12%의 높은 수익률과 133.96%의 거래량 변화율은 강한 상승 모멘텀을 시사합니다."", ""현재가가 52주 최고가에 근접한 89.8% 수준에 위치하며, 이는 추가적인 상승 여력이 존재할 가능성을 나타냅니다."", ""매출 감소에도 불구하고 영업현금흐름이 긍정적인 점은 재무적 안정성을 보여주며, 이는 투자 심리에 긍정적인 영향을 줄 수 있습니다.""]",1.139240506329114,-5.949367088607595
51910,LG화학,2025-12-01,371500,Buy,70,"[""다수의 애널리스트 리포트에서 목표주가를 현재가 대비 상향 제시하며 긍정적인 전망을 내놓고 있습니다."", ""PBR 0.55는 자산가치 대비 저평가 가능성을 시사하며, 향후 실적 개선 시 주가 상승 여력이 있습니다."", ""최근 1개월 수익률은 하락했으나, 52주 최고가 대비 현재 위치가 높아 추가 상승에 대한 기대감이 존재합니다.""]",2.1534320323014806,-13.189771197846568
352820,HYBE,2023-01-02,176500,Buy,75,"[""최근 1개월 수익률이 10.42%로 긍정적인 흐름을 보이고 있으며, 거래량 변화율도 25.46%로 증가 추세에 있습니다."", ""연간 실적에서 매출과 영업이익이 전년 대비 큰 폭으로 성장했으며, 영업이익률과 영업현금흐름도 양호한 수준을 유지하고 있습니다."", ""현재 주가는 52주 최고가 대비 상당한 하락폭을 보이고 있어 기술적 반등 가능성이 존재합니다.""]",-3.39943342776204,6.458923512747876
352820,HYBE,2023-02-01,187900,Buy,75,"[""최근 1개월 수익률이 9.22%로 긍정적인 흐름을 보이고 있으며, 거래량 변화율도 9.81%로 증가하는 추세입니다."", ""애널리스트 리포트에서 제시된 목표주가(평균 213,000원)가 현재가(187,900원) 대비 상승 여력을 시사합니다."", ""연간 실적에서 매출과 영업이익이 전년 대비 큰 폭으로 성장했으며, 영업이익률과 부채비율, 영업현금흐름 등 재무 안정성 지표도 양호한 편입니다.""]",5.534858967535923,-0.2660989888238425
352820,HYBE,2023-03-02,187400,Buy,75,"[""최근 애널리스트 리포트에서 제시된 목표주가 평균이 현재가 대비 상승 여력을 시사합니다."", ""연간 실적에서 매출과 영업이익이 전년 대비 큰 폭으로 성장하며 견조한 성장세를 보여주고 있습니다."", ""부채비율이 낮고 영업현금흐름이 양호하여 재무 안정성이 뒷받침되고 있습니다.""]",-1.9743863393810035,0.8004268943436499
352820,HYBE,2023-04-03,190300,Neutral,50,"[""매출과 영업이익이 전년 대비 크게 성장했으나, 현재 PER이 높아 밸류에이션 부담이 존재합니다."", ""52주 최고가 대비 현재 주가는 많이 하락한 상태이지만, 최근 1개월 수익률과 거래량 변화율이 좋지 않아 단기적인 상승 모멘텀이 약합니다."", ""부채비율이 낮고 영업현금흐름이 양호하여 재무 안정성은 좋으나, 배당 정보가 없어 주주환원 측면에서의 매력은 불확실합니다.""]",17.971623751970572,54.75564897530215
352820,HYBE,2023-05-02,294500,Buy,75,"[""최근 1개월 수익률이 50.61%로 매우 강한 상승 모멘텀을 보여주고 있으며, 52주 최고가에 근접한 수준에서 거래되고 있습니다."", ""최근 애널리스트 리포트에서 제시된 목표주가들이 현재가 대비 상승 여력을 시사하고 있으며, 특히 370,000원의 목표주가는 상당한 상승 잠재력을 보여줍니다."", ""연간 실적에서 매출과 영업이익이 전년 대비 큰 폭으로 성장했으며, 영업이익률과 영업현금흐름도 긍정적인 수준을 유지하고 있어 기업의 펀더멘탈이 견고함을 나타냅니다.""]",-5.772495755517826,-8.31918505942275
352820,HYBE,2023-06-01,270000,Buy,75,"[""최근 애널리스트 리포트에서 제시된 목표주가들이 현재가 대비 상당한 상승 여력을 보여주고 있습니다."", ""연간 실적에서 매출과 영업이익이 전년 대비 큰 폭으로 성장했으며, 영업이익률 또한 양호한 수준을 유지하고 있습니다."", ""52주 최고가 대비 현재 위치가 높아 단기적인 차익 실현 매물이 나올 가능성도 있으나, 전반적인 성장성과 긍정적인 애널리스트 전망을 고려할 때 상승 추세가 이어질 가능성이 높습니다.""]",8.88888888888889,3.5185185185185186
352820,HYBE,2023-07-03,286000,Buy,75,"[""최근 1개월 수익률이 0.72%로 소폭 상승세를 보이며 시장 대비 긍정적인 흐름을 나타내고 있습니다."", ""52주 최고가 대비 현재 위치가 86.1%로, 상승 여력이 남아있음을 시사합니다."", ""최근 애널리스트 리포트에서 목표주가 360,000원을 제시하며 긍정적인 전망을 내놓고 있습니다."", ""연간 실적에서 매출과 영업이익이 전년 대비 큰 폭으로 성장했으며, 영업이익률도 양호한 수준을 유지하고 있습니다."", ""부채비율이 66.3%로 재무 안정성이 양호하며, 영업현금흐름도 긍정적인 점은 투자 매력도를 높입니다.""]",-5.594405594405594,-11.188811188811188
352820,HYBE,2023-08-01,252000,Buy,75,"[""최근 애널리스트 리포트에서 제시된 목표주가들이 현재가 대비 상당한 상승 여력을 시사하고 있으며, 대부분 긍정적인 전망을 유지하고 있습니다."", ""최근 1개월 수익률은 하락했으나, 52주 최고가 대비 현재 위치가 73.2%로 여전히 높은 수준이며, 거래량 변화율이 22.92%로 증가하는 것은 매수세 유입 가능성을 시사합니다."", ""연간 실적에서 매출과 영업이익이 전년 대비 큰 폭으로 성장했으며, 영업이익률과 부채비율, 영업현금흐름 등 재무 안정성 지표도 양호한 편입니다.""]",2.976190476190476,0.1984126984126984
352820,HYBE,2023-09-01,250500,Buy,75,"[""최근 애널리스트 리포트에서 제시된 목표주가(315,000원 ~ 330,000원)가 현재가(250,500원) 대비 상당한 상승 여력을 시사하고 있습니다."", ""연간 실적에서 매출과 영업이익이 전년 대비 큰 폭으로 성장했으며, 영업이익률 또한 양호한 수준을 유지하고 있어 기업의 펀더멘털이 견조함을 보여줍니다."", ""부채비율이 66.3%로 안정적인 수준이며, 영업현금흐름이 양(+)의 값을 기록하고 있어 재무 건전성이 뒷받침되고 있습니다.""]",-2.395209580838324,-8.582834331337326
352820,HYBE,2023-10-04,227000,Neutral,50,"[""최근 1개월 수익률이 -9.37%로 하락세를 보이고 있으며, 거래량 변화율 또한 -44.60%로 감소하여 단기적인 투자 심리가 위축된 것으로 판단됩니다."", ""PER 175.9, PBR 3.27, ROE 1.9%는 현재 주가가 기업의 실제 가치 대비 다소 고평가되었을 가능성을 시사합니다."", ""연간 실적은 매출과 영업이익이 큰 폭으로 성장했으나, 재무지표 상의 고평가 가능성과 최근의 하락세를 고려할 때 향후 20거래일 내 뚜렷한 상승 또는 하락 방향성을 예측하기 어렵습니다.""]",7.709251101321586,-4.845814977973569
352820,HYBE,2023-11-01,227500,Buy,70,"[""최근 애널리스트 리포트에서 제시된 목표주가(315,000원 ~ 330,000원)가 현재가(227,500원) 대비 상당한 상승 여력을 시사하고 있습니다."", ""연간 실적에서 매출과 영업이익이 전년 대비 큰 폭으로 성장했으며, 영업이익률 및 영업현금흐름도 양호한 수준을 유지하고 있어 기업의 펀더멘탈이 견조함을 보여줍니다."", ""최근 1개월 수익률은 다소 하락했지만, 52주 최고가 대비 현재 위치가 60.2%로 여전히 상승 여력이 남아있으며, 거래량 변화율이 23.51%로 증가하는 것은 투자자들의 관심이 다시 높아지고 있음을 나타낼 수 있습니다.""]",-6.813186813186813,-5.274725274725275
352820,HYBE,2023-12-01,209000,Buy,75,"[""최근 30일간 애널리스트 리포트에서 제시된 목표주가 평균이 현재가 대비 상당한 상승 여력을 시사하며, 전반적으로 긍정적인 전망을 유지하고 있습니다."", ""연간 실적에서 매출과 영업이익이 전년 대비 큰 폭으로 성장했으며, 영업이익률 또한 양호한 수준을 기록하여 기업의 성장성을 뒷받침하고 있습니다."", ""부채비율이 66.3%로 안정적인 수준이며, 영업현금흐름이 긍정적인 점은 재무 건전성을 보여주어 투자 매력도를 높입니다.""]",13.875598086124402,15.07177033492823
352820,HYBE,2024-01-02,239500,Buy,70,"[""최근 1개월 수익률이 12.33%로 양호한 흐름을 보이고 있으며, 52주 최고가 대비 현재 위치가 52.9%로 상승 여력이 남아있습니다."", ""연간 실적에서 매출과 영업이익이 전년 대비 큰 폭으로 성장했으며, 영업이익률 또한 13.3%로 견조한 모습을 보입니다."", ""애널리스트 리포트에서 목표주가 330,000원을 제시하며 긍정적인 전망을 내놓고 있습니다.""]",4.592901878914405,-15.866388308977037
352820,HYBE,2024-02-01,205500,Buy,70,"[""최근 1개월 수익률 하락에도 불구하고, 52주 최고가 대비 현재 위치가 19.1%로 상승 여력이 남아있습니다."", ""연간 실적에서 매출과 영업이익이 큰 폭으로 증가했으며, 영업이익률도 양호한 수준을 유지하고 있습니다."", ""애널리스트 리포트에서 목표주가 310,000원을 제시하며 긍정적인 전망을 내놓고 있습니다.""]",0.0,-8.75912408759124
352820,HYBE,2024-03-04,188600,Buy,85,"[""최근 애널리스트 리포트에서 일관되게 긍정적인 전망과 높은 목표주가를 제시하고 있습니다."", ""연간 실적에서 매출과 영업이익이 큰 폭으로 성장했으며, 영업이익률도 양호한 수준을 유지하고 있습니다."", ""현재 주가가 52주 최저가 대비 높은 수준이지만, 52주 최고가 대비로는 아직 상승 여력이 남아있으며 거래량 변화율도 긍정적인 신호를 보이고 있습니다.""]",8.430540827147402,17.9745493107105
352820,HYBE,2024-04-01,222500,Buy,75,"[""UMG와의 글로벌 음반원 독점 유통 계약 체결은 향후 실적 개선에 대한 기대감을 높이며 목표주가 상향 조정의 근거가 되고 있습니다."", ""최근 1개월 수익률이 13.76%로 양호한 흐름을 보이고 있으며, 거래량 변화율도 긍정적인 신호를 보내고 있습니다."", ""연간 실적에서 매출과 영업이익이 전년 대비 큰 폭으로 성장했으며, 영업이익률 또한 견조한 수준을 유지하고 있습니다.""]",-2.696629213483146,-10.112359550561797
352820,HYBE,2024-05-02,203500,Buy,75,"[""애널리스트들의 목표주가가 현재가 대비 상당한 상승 여력을 시사하고 있습니다."", ""최근 1개월 수익률은 하락했으나, 거래량 변화율이 높다는 점은 투자자들의 관심이 재집중될 가능성을 보여줍니다."", ""연간 실적에서 매출과 영업이익이 전년 대비 견조하게 성장했으며, 영업이익률 및 영업현금흐름도 긍정적인 모습을 보이고 있습니다.""]",-5.257985257985258,-1.71990171990172
352820,HYBE,2024-06-03,200000,Neutral,50,"[""연간 실적은 견조한 성장세를 보였으나, 현재 PER이 높아 단기적인 추가 상승 여력이 제한적일 수 있습니다."", ""52주 최고가 대비 현재 위치가 낮아 반등 가능성도 있지만, 최근 1개월 수익률이 부진하고 거래량 변화가 없어 방향성을 예측하기 어렵습니다."", ""재무 안정성은 양호한 편이나, 주주환원 정책이 적극적이지 않아 투자 매력도를 높이는 데 한계가 있습니다.""]",-0.4499999999999999,-1.5
352820,HYBE,2024-07-01,197200,Buy,70,"[""최근 애널리스트 리포트에서 제시된 목표주가가 현재가 대비 상당한 상승 여력을 시사하고 있습니다."", ""연간 실적이 매출과 영업이익 모두 전년 대비 높은 성장률을 기록하며 견조한 펀더멘털을 보여주고 있습니다."", ""부채비율이 71.9%로 안정적인 수준이며, 영업현금흐름이 양호하여 재무 건전성이 뒷받침되고 있습니다.""]",-1.4705882352941175,-12.778904665314403
352820,HYBE,2024-08-01,180800,Buy,75,"[""최근 1개월 수익률 하락에도 불구하고, 애널리스트들의 목표주가는 현재가 대비 상당한 상승 여력을 시사하고 있습니다."", ""연간 실적에서 매출과 영업이익이 전년 대비 높은 성장률을 기록하며 견조한 펀더멘털을 보여주고 있습니다."", ""부채비율이 71.9%로 안정적인 수준이며, 영업현금흐름이 양호하여 재무 건전성이 뒷받침되고 있습니다.""]",-4.756637168141593,-0.5530973451327433
352820,HYBE,2024-09-02,180400,Buy,75,"[""최근 애널리스트 리포트에서 일관되게 긍정적인 목표주가와 비중 확대 의견이 제시되고 있습니다."", ""2분기 역대 최대 매출 달성 등 견조한 실적 성장세를 보이고 있으며, 영업이익률 또한 양호합니다."", ""최근 1개월 수익률이 긍정적이고 거래량 변화율이 높은 점은 투자 심리 개선 및 추가 상승 가능성을 시사합니다.""]",-7.982261640798225,-0.8869179600886918
352820,HYBE,2024-10-02,173500,Neutral,50,"[""최근 1개월 수익률이 마이너스이고 거래량 변화율도 감소하는 등 단기적인 하락 압력이 관찰됩니다."", ""하지만 연간 실적은 매출과 영업이익 모두 견조한 성장세를 보이고 있으며, 영업이익률과 영업현금흐름도 긍정적인 수준입니다."", ""현재 주가는 52주 최고가 대비 상당 부분 하락한 상태이지만, 52주 최저가 대비로는 높은 위치에 있어 추가 하락 여력과 반등 가능성이 공존합니다.""]",6.22478386167147,13.71757925072046
352820,HYBE,2024-11-01,197300,Buy,75,"[""최근 애널리스트 리포트에서 목표주가가 현재가 대비 상향 조정되었으며, 긍정적인 전망을 제시하고 있습니다."", ""최근 1개월 수익률이 10.60%로 양호한 흐름을 보이고 있으며, 이는 단기적인 매수 심리가 유입되고 있음을 시사합니다."", ""연간 실적이 매출과 영업이익 모두 전년 대비 큰 폭으로 성장했으며, 영업이익률 및 영업현금흐름도 견조한 모습을 보여 기업 펀더멘털이 긍정적입니다.""]",1.3684744044602128,-3.801317790167258
352820,HYBE,2024-12-02,199300,Buy,85,"[""최근 30일간 애널리스트 리포트에서 전반적으로 긍정적인 전망과 함께 목표주가가 현재가 대비 상승 여력이 충분함을 제시하고 있습니다."", ""최근 1개월 수익률이 1.66%로 소폭 상승세를 보이고 있으며, 거래량 변화율이 62.75%로 증가한 것은 투자자들의 관심이 높아지고 있음을 시사합니다."", ""연간 실적에서 매출과 영업이익이 전년 대비 큰 폭으로 성장했으며, 영업이익률 및 영업현금흐름도 양호한 수준을 유지하고 있어 기업의 펀더멘털이 견고함을 보여줍니다.""]",-0.95333667837431,0.8529854490717512
352820,HYBE,2025-01-02,201000,Buy,70,"[""최근 애널리스트 리포트에서 '절대적인 비중확대 구간'이라는 긍정적인 의견과 함께 높은 목표주가가 제시되었습니다."", ""연간 실적이 매출 및 영업이익에서 전년 대비 높은 성장률을 기록하며 견조한 실적 개선세를 보이고 있습니다."", ""부채비율이 71.9%로 안정적인 수준이며, 영업현금흐름도 양호하여 재무 건전성이 뒷받침되고 있습니다.""]",7.213930348258707,17.91044776119403
352820,HYBE,2025-02-03,233000,Buy,75,"[""최근 애널리스트 리포트들이 전반적으로 긍정적인 전망과 함께 목표주가를 상향 제시하고 있습니다."", ""최근 1개월 수익률이 15.86%로 양호한 상승세를 보이고 있으며, 52주 최고가에 근접한 위치는 추가 상승에 대한 기대감을 높입니다."", ""연간 실적 성장률이 높고 영업이익률 및 영업현금흐름이 안정적인 모습을 보여 기업 펀더멘탈이 견조합니다.""]",5.36480686695279,7.725321888412018
352820,HYBE,2025-03-04,251000,Buy,85,"[""최근 애널리스트 리포트에서 일관되게 긍정적인 목표주가 상향 조정 및 신규 아티스트 데뷔, BTS 컴백 등 성장 모멘텀이 제시되었습니다."", ""최근 1개월 수익률이 11.56%로 양호한 흐름을 보이고 있으며, 52주 최고가 대비 현재 위치가 높아 추가 상승 여력이 기대됩니다."", ""연간 실적에서 매출과 영업이익이 전년 대비 큰 폭으로 성장했으며, 영업현금흐름 또한 긍정적인 수준을 유지하고 있어 재무 건전성이 뒷받침되고 있습니다.""]",-7.171314741035857,-7.370517928286853
352820,HYBE,2025-04-01,232500,Sell,65,"[""최근 1개월 수익률이 -8.74%로 하락세를 보이고 있으며, 거래량 변화율 또한 -20.98%로 감소하여 투자 심리가 위축된 것으로 판단됩니다."", ""연간 실적에서 영업이익이 전년 대비 -37.8% 감소하고 순이익이 적자로 전환된 점은 부정적인 신호입니다."", ""PER이 1044.4로 매우 높아 현재 주가가 고평가되었을 가능성이 있으며, 이는 향후 주가 하락 압력으로 작용할 수 있습니다.""]",-7.526881720430108,14.838709677419354
352820,HYBE,2025-05-02,264500,Buy,85,"[""최근 1개월 수익률이 13.76%로 양호하며, 52주 최고가에 근접한 강한 상승세를 보이고 있습니다."", ""최근 30일 내 애널리스트 리포트들이 일관되게 긍정적인 전망과 함께 310,000원 ~ 330,000원의 목표주가를 제시하고 있습니다."", ""거래량 변화율이 37.06%로 증가하며 투자자들의 관심이 집중되고 있으며, 이는 향후 주가 상승 모멘텀으로 작용할 가능성이 높습니다.""]",3.969754253308128,7.561436672967864
352820,HYBE,2025-06-02,281000,Neutral,50,"[""PER이 매우 높아 단기적인 밸류에이션 부담이 존재합니다."", ""최근 1개월 수익률은 긍정적이나, 거래량 변화율은 감소세를 보이고 있어 투자 심리 위축 가능성이 있습니다."", ""연간 실적에서 매출은 증가했으나 영업이익과 순이익이 큰 폭으로 감소하여 재무 건전성에 대한 우려가 있습니다.""]",7.473309608540925,3.380782918149466
352820,HYBE,2025-07-01,305000,Buy,75,"[""최근 1개월 수익률이 15.26%로 강한 상승세를 보이고 있으며, 52주 최고가에 근접한 100% 위치에 있습니다."", ""애널리스트들의 목표주가가 현재가 대비 상승 여력을 시사하며, 특히 BTS 컴백 관련 긍정적인 전망이 제시되고 있습니다."", ""매출은 소폭 성장했으나 영업이익률이 하락한 점은 우려되나, 영업현금흐름이 양호하고 거래량 변화율도 긍정적인 신호를 보내고 있습니다.""]",-9.18032786885246,-17.868852459016395
352820,HYBE,2025-08-01,260500,Neutral,60,"[""최근 1개월 수익률이 -13.60%로 하락세를 보이고 있으나, 애널리스트들의 목표주가는 현재가 대비 상당한 상승 여력을 시사하고 있습니다."", ""PER이 1115.6으로 매우 높아 밸류에이션 부담이 존재하지만, 영업현금흐름은 긍정적인 수준을 유지하고 있습니다."", ""연간 실적에서 매출은 소폭 성장했으나 영업이익과 순이익이 큰 폭으로 감소한 점은 단기적인 투자 심리에 부정적인 영향을 줄 수 있습니다.""]",10.9404990403071,9.021113243761995
352820,HYBE,2025-09-01,284000,Buy,70,"[""최근 1개월 수익률이 9.83%로 양호하며, 52주 최고가 대비 현재 위치가 81.7%로 상승 여력이 남아있습니다."", ""애널리스트들의 목표주가가 현재가 대비 상향 제시되고 있으며, BTS 완전체 투어 등 긍정적인 이벤트가 기대됩니다."", ""영업이익률은 다소 하락했으나, 매출은 꾸준히 증가하고 있으며 영업현금흐름이 양호한 점은 긍정적입니다.""]",2.112676056338028,-6.338028169014084
352820,HYBE,2025-10-01,267500,Neutral,50,"[""PER이 매우 높아 밸류에이션 부담이 존재하며, 최근 1개월 수익률이 마이너스이고 거래량 변화율도 하락한 점은 단기적인 하방 압력을 시사합니다."", ""하지만 52주 최고가 대비 현재 위치가 70.7%로 여전히 상승 여력이 남아있으며, 영업현금흐름이 양호한 점은 긍정적인 요소입니다."", ""연간 실적에서 매출은 증가했으나 영업이익과 순이익이 큰 폭으로 감소한 점은 투자 심리에 부정적인 영향을 미칠 수 있어 명확한 방향성을 판단하기 어렵습니다.""]",2.0560747663551404,19.4392523364486
352820,HYBE,2025-11-03,341000,Buy,75,"[""최근 1개월 수익률이 27.56%로 강한 상승 모멘텀을 보여주고 있으며, 52주 최고가에 근접한 위치는 추가 상승 가능성을 시사합니다."", ""애널리스트들의 목표주가가 현재가 대비 상향 조정되었으며, 대부분 360,000원 이상으로 제시되어 긍정적인 전망을 뒷받침합니다."", ""거래량 변화율이 66.23%로 높게 나타나 투자자들의 관심이 집중되고 있으며, 이는 향후 주가 상승에 긍정적인 영향을 줄 수 있습니다.""]",-16.27565982404692,-12.609970674486805
352820,HYBE,2025-12-01,298000,Neutral,50,"[""최근 1개월 수익률이 마이너스로 기술적 하락 압력이 존재합니다."", ""애널리스트 리포트 상 목표주가가 현재가 대비 상승 여력을 시사하지만, 실적 부진 및 높은 PER은 부담 요인입니다."", ""연간 실적에서 매출은 소폭 증가했으나 영업이익이 큰 폭으로 감소하고 순이익이 마이너스를 기록하는 등 재무 상태에 대한 우려가 있습니다.""]",-2.348993288590604,16.10738255033557
329180,HD현대중공업,2023-01-02,114500,Sell,65,"[""최근 1개월 수익률이 마이너스를 기록하고 거래량 변화율도 감소하여 단기적인 매도 압력이 감지됩니다."", ""연간 실적에서 영업이익이 큰 폭으로 감소하고 영업이익률이 마이너스를 기록하는 등 재무적인 부담이 존재합니다."", ""PER이 해당 없음(적자)으로 표시되는 등 현재 기업의 수익성이 좋지 않아 투자 매력이 떨어집니다.""]",-6.986899563318777,-2.882096069868996
329180,HD현대중공업,2023-02-01,111200,Neutral,50,"[""현재 PER이 적자로 산출되지 않아 기업의 수익성 대비 고평가 여부를 판단하기 어렵습니다."", ""최근 1개월 수익률이 마이너스(-)를 기록하며 단기적인 약세를 보이고 있습니다."", ""거래량 변화율이 높다는 점은 시장의 관심이 증가하고 있음을 시사하지만, 이것이 반드시 상승으로 이어질지는 불확실합니다.""]",-3.776978417266187,-6.294964028776978
329180,HD현대중공업,2023-03-02,104200,Buy,65,"[""최근 애널리스트 리포트에서 긍정적인 실적 개선과 목표주가 상향이 다수 제시되었습니다."", ""현재 주가는 52주 최저가에 근접한 수준으로, 기술적 반등 가능성이 있습니다."", ""연간 실적은 적자를 기록했으나, 4분기 실적 개선 추세가 관찰됩니다.""]",-8.92514395393474,-4.030710172744722
329180,HD현대중공업,2023-04-03,101400,Neutral,40,"[""현재 PER, PBR, ROE 등 주요 재무지표가 적자 또는 정보 부족으로 인해 분석에 한계가 있습니다."", ""최근 1개월 수익률이 마이너스를 기록하고 있으나, 거래량 변화율은 소폭 상승하며 투자 심리가 혼조세를 보이고 있습니다."", ""연간 실적에서 매출은 증가했으나 영업이익과 순이익은 여전히 큰 폭의 적자를 기록하고 있어 단기적인 상승 동력을 찾기 어렵습니다.""]",-2.9585798816568047,7.790927021696252
329180,HD현대중공업,2023-05-02,109300,Buy,70,"[""최근 1개월 수익률이 10.70%로 긍정적인 흐름을 보이고 있습니다."", ""애널리스트 리포트에서 목표주가가 현재가 대비 상향 조정되었으며, 흑자기조 유지 및 순항 중이라는 긍정적인 전망이 제시되었습니다."", ""52주 최고가 대비 현재 위치가 30.3%로, 상승 여력이 남아있을 가능성이 있습니다.""]",5.397987191216835,7.410795974382434
329180,HD현대중공업,2023-06-01,117400,Neutral,50,"[""현재 PER, PBR, ROE 등 주요 재무지표가 적자 또는 N/A로 분석에 한계가 있습니다."", ""최근 1개월 수익률은 긍정적이나 거래량 변화율은 하락세를 보여 투자 심리가 혼재되어 있습니다."", ""52주 최고가 대비 현재 위치는 중간 수준이지만, 애널리스트 목표주가와 현재가 간의 격차가 크지 않아 추가 상승 여력이 제한적일 수 있습니다.""]",6.643952299829642,12.095400340715502
329180,HD현대중공업,2023-07-03,136000,Buy,75,"[""최근 1개월 수익률이 12.86%로 양호한 상승세를 보이고 있으며, 52주 최고가 대비 현재 위치가 67.9%로 상승 여력이 남아있습니다."", ""연간 실적에서 매출이 전년 대비 8.8% 증가하며 외형 성장을 지속하고 있으며, 영업이익 적자 폭이 63.9% 감소하며 수익성 개선의 조짐을 보이고 있습니다."", ""현재 PER이 '해당없음(적자)'으로 재무 지표상으로는 부정적이나, 조선업 특성상 수주 산업의 특성을 고려할 때 향후 실적 개선 기대감으로 주가 상승이 가능합니다.""]",2.941176470588235,2.4264705882352944
329180,HD현대중공업,2023-08-01,138300,Buy,75,"[""최근 애널리스트 리포트에서 긍정적인 전망과 함께 목표주가가 현재가 대비 높게 제시되고 있습니다."", ""최근 1개월 수익률이 5.85%로 양호한 흐름을 보이고 있으며, 52주 최고가 대비 현재 위치가 81.7%로 상승 여력이 남아있습니다."", ""연간 실적에서 영업이익이 전년 대비 큰 폭으로 개선되었으며, 흑자기조 지속 전망이 나오고 있습니다.""]",-2.892263195950832,-5.42299349240781
329180,HD현대중공업,2023-09-01,128900,Neutral,40,"[""현재 PER, PBR, ROE 지표가 없어 기업 가치 평가에 어려움이 있습니다."", ""최근 1개월 수익률 하락 및 거래량 감소는 단기적인 투자 심리 위축을 시사합니다."", ""매출은 증가했으나 여전히 큰 폭의 영업이익 및 순이익 적자를 기록하고 있어 재무 개선 여부가 불확실합니다.""]",-0.1551590380139643,-13.343677269200931
329180,HD현대중공업,2023-10-04,112000,Sell,65,"[""현재 PER, PBR, ROE 지표가 적자 또는 N/A로 재무 건전성에 대한 긍정적인 신호를 찾기 어렵습니다."", ""최근 1개월 수익률이 -11.41%로 하락세를 보이고 있으며, 거래량 변화율도 -31.26%로 감소하여 투자 심리가 위축된 것으로 판단됩니다."", ""연간 실적에서 매출은 증가했으나, 영업이익 및 순이익이 대규모 적자를 기록하고 있어 단기적인 주가 반등 동력이 부족할 수 있습니다.""]",1.607142857142857,-0.5357142857142857
329180,HD현대중공업,2023-11-01,108200,Buy,75,"[""최근 애널리스트 리포트에서 일관되게 긍정적인 전망과 높은 목표주가를 제시하고 있습니다."", ""최근 1개월 수익률은 하락했지만, 거래량 변화율이 높아 투자자들의 관심이 증가하고 있음을 시사합니다."", ""연간 실적에서 매출이 증가하고 영업이익 적자 폭이 줄어드는 등 개선의 조짐을 보이고 있습니다.""]",2.4953789279112755,15.711645101663583
329180,HD현대중공업,2023-12-01,133800,Neutral,40,"[""현재 PER, PBR, ROE, 부채비율, 영업현금흐름, 배당수익률 등 핵심 재무 및 안정성 지표가 부재하여 투자 판단에 어려움이 있습니다."", ""연간 실적에서 매출은 증가했으나 여전히 큰 폭의 영업이익 및 순이익 적자를 기록하고 있어 재무 건전성에 대한 우려가 존재합니다."", ""최근 1개월 수익률은 긍정적이나, 52주 최고가 대비 현재 위치가 65% 수준이고 거래량 변화율이 소폭 하락한 점은 상승 모멘텀이 약화될 가능성을 시사합니다.""]",-9.043348281016444,-9.641255605381168
329180,HD현대중공업,2024-01-02,121500,Neutral,40,"[""현재 PER, PBR, ROE 등 주요 재무지표가 적자 또는 정보 없음으로 인해 분석이 어렵습니다."", ""매출은 증가했으나 여전히 큰 폭의 영업이익 및 순이익 적자를 기록하고 있어 단기적인 실적 개선 기대감은 낮습니다."", ""최근 1개월 수익률이 소폭 상승하고 거래량 변화율이 긍정적인 신호를 보이지만, 52주 최고가 대비 현재 위치가 61.5%로 여전히 높은 편이라 추가 상승 여력에 대한 확신이 부족합니다.""]",0.4938271604938271,-6.090534979423869
329180,HD현대중공업,2024-02-01,113900,Buy,65,"[""최근 애널리스트 리포트에서 긍정적인 전망과 함께 목표주가가 현재가 대비 상승 여력을 시사하고 있습니다."", ""연간 실적에서 영업이익이 전년 대비 큰 폭으로 개선되었으며, 이는 향후 흑자 전환에 대한 기대를 높입니다."", ""현재 주가가 52주 최저가 대비 높은 수준이지만, 52주 최고가 대비로는 아직 상승 여력이 남아있습니다.""]",-3.0728709394205445,-2.1071115013169446
329180,HD현대중공업,2024-03-04,112300,Buy,70,"[""최근 애널리스트 리포트에서 2H24 본격적인 수익성 개선 및 경상 흑자 기조 유지에 대한 긍정적인 전망이 제시되었으며, 목표주가가 현재가 대비 상승 여력을 시사하고 있습니다."", ""최근 1개월 수익률은 소폭 하락했으나, 거래량 변화율이 67.25%로 높게 나타나 투자자들의 관심이 증가하고 있음을 보여줍니다."", ""52주 최고가 대비 현재 위치가 36.7%로, 향후 상승 여력이 남아있을 가능성이 있습니다.""]",0.2671415850400712,11.219946571682993
329180,HD현대중공업,2024-04-01,124900,Buy,75,"[""최근 1개월 수익률이 2.88%로 긍정적인 흐름을 보이고 있으며, 거래량 변화율도 23.45%로 증가 추세입니다."", ""연간 실적에서 매출과 영업이익이 전년 대비 크게 증가하며 성장세를 보여주고 있습니다."", ""애널리스트 리포트에서 목표주가 154,000원을 제시하며 긍정적인 전망을 내놓고 있습니다.""]",-6.164931945556445,9.047237790232186
329180,HD현대중공업,2024-05-02,133600,Buy,85,"[""최근 1개월 수익률이 12.28%로 양호하며, 거래량 변화율도 34.08%로 증가하는 추세입니다."", ""최근 30일간 애널리스트 리포트들이 일제히 긍정적인 전망과 함께 160,000원 이상의 목표주가를 제시하고 있습니다."", ""연간 실적에서 매출과 영업이익이 전년 대비 큰 폭으로 증가했으며, 영업이익률도 개선되는 모습을 보이고 있습니다.""]",7.410179640718563,-3.068862275449101
329180,HD현대중공업,2024-06-03,129500,Buy,75,"[""최근 애널리스트 리포트에서 긍정적인 목표주가 상향 조정이 있었습니다."", ""연간 실적에서 매출과 영업이익이 큰 폭으로 성장하며 견조한 펀더멘털을 보여주고 있습니다."", ""최근 1개월 수익률은 하락했지만, 52주 최고가 대비 현재 위치가 65.0%로 상승 여력이 남아있습니다.""]",0.3861003861003861,17.2972972972973
329180,HD현대중공업,2024-07-01,153300,Buy,75,"[""최근 1개월간 17.41%의 높은 수익률을 기록하며 강한 상승세를 보이고 있습니다."", ""연간 실적에서 매출과 영업이익이 전년 대비 큰 폭으로 증가하며 기업의 펀더멘털 개선을 시사합니다."", ""현재가가 52주 최고가에 근접해 있어 추가적인 상승 모멘텀을 기대할 수 있습니다.""]",-0.5870841487279843,33.39856490541422
329180,HD현대중공업,2024-08-01,209000,Buy,85,"[""최근 2분기 실적이 시장 예상치를 큰 폭 상회하며, 애널리스트들의 목표주가가 현재가 대비 상향 조정되고 있어 긍정적인 전망이 우세합니다."", ""최근 1개월 수익률이 40.88%로 매우 높으며, 52주 최고가에 근접한 현재 위치는 강한 상승 모멘텀을 시사합니다."", ""연간 매출 및 영업이익이 전년 대비 크게 증가했으며, 영업이익률 개선과 함께 영업현금흐름이 양호한 점은 기업의 펀더멘탈 개선을 뒷받침합니다.""]",1.4354066985645932,-11.24401913875598
329180,HD현대중공업,2024-09-02,188500,Buy,75,"[""최근 1개월 수익률이 마이너스지만, 연간 실적에서 매출과 영업이익이 큰 폭으로 증가하며 긍정적인 실적 개선세를 보이고 있습니다."", ""애널리스트 리포트에서 시리즈 발주 증가와 신조선가 상승을 근거로 목표주가 230,000원을 제시하며 긍정적인 전망을 내놓고 있습니다."", ""현재 주가가 52주 최고가 대비 약 26.8% 하락한 수준으로, 실적 개선 모멘텀과 목표주가를 고려할 때 단기 반등 가능성이 있습니다.""]",-5.039787798408488,-4.6684350132626
329180,HD현대중공업,2024-10-02,185500,Neutral,50,"[""매출 및 영업이익의 큰 폭 성장에도 불구하고 높은 PER과 PBR, 낮은 ROE는 밸류에이션 부담을 시사합니다."", ""최근 1개월 수익률 하락과 거래량 감소는 단기적인 투자 심리 위축을 나타냅니다."", ""52주 최고가 대비 현재 위치는 상승 여력이 남아있음을 보여주지만, 높은 부채비율은 재무 안정성에 대한 우려를 제기합니다.""]",0.1078167115902965,-5.660377358490567
329180,HD현대중공업,2024-11-01,175000,Buy,75,"[""최근 30일 내 애널리스트 리포트에서 긍정적인 목표주가 상향 조정이 있었으며, 이는 향후 주가 상승에 대한 기대감을 반영합니다."", ""연간 실적에서 매출과 영업이익이 전년 대비 큰 폭으로 증가하며 견조한 성장세를 보이고 있으며, 특히 영업이익률 개선은 긍정적인 신호입니다."", ""52주 최고가 대비 현재 주가 위치가 63.3%로, 아직 상승 여력이 남아있다고 판단됩니다.""]",21.142857142857142,20.57142857142857
329180,HD현대중공업,2024-12-02,213000,Buy,75,"[""최근 1개월 동안 21.13%의 높은 수익률과 135.11%의 거래량 변화율은 긍정적인 투자 심리를 시사합니다."", ""연간 실적에서 매출과 영업이익이 전년 대비 크게 증가했으며, 특히 영업이익률이 개선된 점은 긍정적입니다."", ""52주 최고가 대비 현재 위치가 76.6%로, 아직 상승 여력이 남아있다고 판단됩니다.""]",2.112676056338028,34.037558685446015
329180,HD현대중공업,2025-01-02,285500,Buy,75,"[""최근 1개월 수익률이 31.36%로 매우 강한 상승세를 보이고 있으며, 52주 최고가에 근접한 위치는 추가 상승에 대한 기대감을 높입니다."", ""연간 실적에서 매출과 영업이익이 전년 대비 큰 폭으로 증가하며 견조한 성장세를 시현하고 있습니다."", ""영업현금흐름이 플러스(+)로 양호한 수준을 유지하고 있어 재무적인 뒷받침이 가능합니다.""]",9.98248686514886,6.129597197898424
329180,HD현대중공업,2025-02-03,320500,Buy,85,"[""최근 애널리스트 리포트에서 일관되게 긍정적인 전망과 높은 목표주가를 제시하고 있습니다."", ""최근 1개월 수익률이 양호하며, 52주 최고가에 근접한 강한 상승 모멘텀을 보여주고 있습니다."", ""연간 실적에서 매출과 영업이익이 큰 폭으로 증가하며 견조한 성장세를 나타내고 있습니다.""]",-4.5241809672386895,-1.0920436817472698
329180,HD현대중공업,2025-03-04,317000,Buy,75,"[""최근 애널리스트 리포트들이 전반적으로 긍정적인 전망과 함께 목표주가를 현재가 대비 상향 제시하고 있습니다."", ""연간 실적에서 매출과 영업이익이 전년 대비 큰 폭으로 증가하며 견조한 성장세를 보여주고 있습니다."", ""52주 최고가 대비 현재 위치가 79.9%로, 상승 여력이 남아있을 가능성이 있습니다.""]",-6.624605678233439,-8.201892744479496
329180,HD현대중공업,2025-04-01,291000,Buy,75,"[""최근 1개월 수익률은 소폭 하락했으나, 52주 최고가 대비 현재 위치가 70.5%로 여전히 상승 여력이 남아있습니다."", ""연간 실적에서 매출과 영업이익이 큰 폭으로 증가했으며, 특히 영업이익률 개선은 긍정적인 신호입니다."", ""애널리스트 리포트에서 목표주가 360,000원을 제시하고 있어 현재가 대비 상승 가능성을 시사합니다.""]",0.859106529209622,38.144329896907216
329180,HD현대중공업,2025-05-02,415500,Buy,85,"[""최근 애널리스트 리포트에서 일관되게 긍정적인 전망과 함께 목표주가가 현재가 대비 상승 여력이 있음을 제시하고 있습니다."", ""최근 1개월 수익률이 40.38%로 매우 높으며, 52주 최고가에 근접한 강한 상승세를 보이고 있어 단기적인 모멘텀이 유지될 가능성이 높습니다."", ""연간 실적에서 매출과 영업이익이 큰 폭으로 증가하며 견조한 성장세를 보여주고 있으며, 특히 영업이익률 개선이 두드러집니다.""]",0.1203369434416365,2.286401925391095
329180,HD현대중공업,2025-06-02,428000,Buy,75,"[""최근 애널리스트 리포트에서 긍정적인 목표주가 상향 조정과 함께 '대장주', '완벽한 삼각형' 등의 표현으로 상승 여력을 시사하고 있습니다."", ""연간 실적에서 매출과 영업이익이 전년 대비 큰 폭으로 증가했으며, 특히 영업이익률 개선은 수익성 증대를 보여줍니다."", ""현재가가 52주 최고가와 동일한 수준이지만, 이는 강력한 상승 추세를 반영하며 단기적인 추가 상승 가능성을 시사합니다.""]",-1.9859813084112148,-7.943925233644859
329180,HD현대중공업,2025-07-01,407500,Buy,75,"[""최근 1개월 수익률이 3.70%로 양호하며, 52주 최고가 대비 현재 위치가 87%로 상승 추세가 이어질 가능성이 있습니다."", ""전년 대비 매출액과 영업이익이 각각 21.1%, 294.8%로 크게 증가하며 실적 개선이 뚜렷하게 나타나고 있습니다."", ""거래량 변화율이 44.53%로 높아 투자자들의 관심이 증가하고 있으며, 이는 주가 상승 모멘텀으로 작용할 수 있습니다.""]",-3.067484662576687,15.58282208588957
329180,HD현대중공업,2025-08-01,463500,Buy,75,"[""최근 1개월 수익률이 20.94%로 강한 상승세를 보이고 있으며, 52주 최고가에 근접한 위치는 추가 상승 여력을 시사합니다."", ""애널리스트 리포트에서 제시된 목표주가 평균이 현재가보다 높아 긍정적인 전망을 뒷받침합니다."", ""연간 실적에서 매출과 영업이익이 큰 폭으로 증가하며 견조한 성장세를 보여주고 있습니다.""]",0.1078748651564185,10.895361380798274
329180,HD현대중공업,2025-09-01,514000,Buy,85,"[""최근 1개월 수익률이 3.98%로 양호한 흐름을 보이고 있으며, 52주 최고가에 근접한 위치는 상승 모멘텀을 시사합니다."", ""현대미포와의 흡수합병 이슈와 더불어 하반기 실적 개선 기대감이 목표주가 상향 조정으로 이어지고 있어 긍정적인 투자 심리를 형성하고 있습니다."", ""전년 대비 매출 및 영업이익이 큰 폭으로 성장하며 견조한 실적 개선세를 보이고 있어 향후 주가 상승 여력이 충분하다고 판단됩니다.""]",-1.9455252918287935,0.1945525291828793
329180,HD현대중공업,2025-10-01,528000,Buy,70,"[""HD현대중공업은 52주 최고가에 위치하며, 이는 강한 상승 모멘텀을 시사합니다."", ""전년 대비 매출과 영업이익이 크게 증가하는 등 견조한 실적 개선세를 보이고 있습니다."", ""최근 1개월 수익률이 양수이며, 이는 단기적인 상승 추세를 유지하고 있음을 나타냅니다.""]",-3.787878787878788,-0.5681818181818182
329180,HD현대중공업,2025-11-03,567000,Buy,75,"[""최근 1개월 수익률이 23.50%로 강한 상승세를 보이고 있으며, 52주 최고가 대비 현재 위치가 96.2%로 상승 여력이 남아있습니다."", ""애널리스트 리포트에서 제시된 목표주가들이 현재가 대비 상당한 상승 여력을 시사하고 있습니다."", ""연간 실적에서 매출과 영업이익이 전년 대비 큰 폭으로 증가하며 견조한 성장세를 나타내고 있습니다.""]",-5.82010582010582,-8.289241622574956
329180,HD현대중공업,2025-12-01,520000,Buy,75,"[""최근 30일간 애널리스트 리포트에서 긍정적인 전망과 높은 목표주가가 제시되었습니다."", ""연간 실적에서 매출 및 영업이익이 큰 폭으로 증가하며 견조한 성장세를 보이고 있습니다."", ""최근 1개월 수익률은 하락했지만, 52주 최고가 대비 현재 위치가 높아 추가 상승 여력이 존재합니다.""]",10.961538461538462,-3.076923076923077
12450,한화에어로스페이스,2023-01-02,72732,Buy,75,"[""연간 실적에서 매출과 영업이익이 전년 대비 큰 폭으로 증가하며 견조한 성장세를 보이고 있습니다."", ""영업이익률이 6.0%로 개선되었으며, 영업현금흐름이 긍정적인 점은 재무 건전성을 뒷받침합니다."", ""현재 주가는 52주 최고가 대비 하락한 위치에 있어 추가 상승 여력이 존재할 수 있습니다.""]",-4.762690425122367,12.744046636968598
12450,한화에어로스페이스,2023-02-01,82001,Buy,75,"[""최근 1개월 수익률이 9.78%로 양호하며, 52주 최고가 대비 현재 위치가 89.5%로 상승 추세가 이어지고 있습니다."", ""연간 실적에서 매출과 영업이익이 각각 20.6%, 57.0%로 크게 성장하며 견조한 펀더멘털을 보여주고 있습니다."", ""거래량 변화율이 66.60%로 높게 나타나 투자자들의 관심이 증가하고 있으며, 이는 주가 상승 모멘텀으로 작용할 수 있습니다.""]",5.0938403190205,16.398580505115792
12450,한화에어로스페이스,2023-03-02,95448,Buy,75,"[""최근 애널리스트 리포트에서 긍정적인 전망과 함께 높은 목표주가가 제시되었습니다."", ""연간 실적에서 매출과 영업이익이 큰 폭으로 성장하며 견조한 펀더멘털을 보여주고 있습니다."", ""현재 주가가 52주 최고가에 근접해 있지만, 최근 1개월 수익률이 긍정적이며 거래량 변화율은 음수이나 이는 단기적인 조정 가능성을 시사할 뿐 추세 전환을 의미하지는 않습니다.""]",2.027281870756852,5.86916436174671
12450,한화에어로스페이스,2023-04-03,109505,Buy,75,"[""최근 1개월 수익률이 9.50%로 양호하며, 52주 최고가에 근접한 강한 상승 추세를 보이고 있습니다."", ""연간 실적에서 매출과 영업이익이 전년 대비 큰 폭으로 성장하며 견조한 펀더멘털을 뒷받침하고 있습니다."", ""영업현금흐름이 매우 긍정적인 수준으로, 재무 안정성 측면에서도 긍정적인 신호를 보내고 있습니다.""]",4.65184238162641,-0.5579653897082325
12450,한화에어로스페이스,2023-05-02,108894,Buy,85,"[""최근 애널리스트 리포트들이 일관되게 긍정적인 실적 전망과 함께 높은 목표주가를 제시하고 있습니다."", ""최근 1개월 수익률이 8.47%로 양호하며, 거래량 변화율도 58.41%로 높아 투자자들의 관심이 증가하고 있음을 시사합니다."", ""연간 실적에서 매출과 영업이익이 전년 대비 큰 폭으로 성장했으며, 영업이익률도 개선되는 추세를 보이고 있습니다.""]",-0.3737579664627987,3.6475838889195
12450,한화에어로스페이스,2023-06-01,112866,Buy,75,"[""최근 애널리스트 리포트에서 긍정적인 전망과 함께 높은 목표주가가 제시되었습니다."", ""연간 실적에서 매출과 영업이익이 전년 대비 큰 폭으로 성장하며 견조한 실적 개선세를 보이고 있습니다."", ""52주 최고가 대비 현재 위치가 높아 추가 상승 여력이 기대됩니다.""]",-2.3452589796750125,17.419772119150142
12450,한화에어로스페이스,2023-07-03,134157,Buy,85,"[""최근 1개월 수익률 20.46%로 강한 상승 모멘텀을 보여주고 있으며, 52주 최고가 대비 현재 위치가 87.7%로 상승 여력이 남아있습니다."", ""최근 애널리스트 리포트에서 실적 성장과 모멘텀을 모두 보유하고 있으며, 목표주가 180,000원을 제시하여 긍정적인 전망을 나타내고 있습니다."", ""연간 실적에서 매출과 영업이익이 전년 대비 크게 증가했으며, 영업이익률도 개선되는 추세를 보이고 있습니다.""]",7.213190515589943,-7.745402774361383
12450,한화에어로스페이스,2023-08-01,123053,Buy,75,"[""최근 1개월 수익률은 하락했으나, 52주 최고가 대비 현재 위치가 높아 추가 상승 여력이 존재합니다."", ""연간 실적에서 매출과 영업이익이 크게 증가했으며, 영업이익률도 개선되어 기업 펀더멘탈이 견조합니다."", ""애널리스트 리포트에서 지상방산 부문 수출 확대에 주목하며 긍정적인 목표주가를 제시하고 있어 향후 주가 상승을 기대할 수 있습니다.""]",-2.3177005030352777,-5.4634994677090365
12450,한화에어로스페이스,2023-09-01,116636,Buy,75,"[""최근 1개월 수익률 하락과 거래량 감소는 단기적인 조정으로 해석될 수 있으며, 이는 향후 반등 가능성을 시사합니다."", ""연간 실적에서 매출과 영업이익이 전년 대비 큰 폭으로 증가하며 견조한 성장세를 보여주고 있습니다."", ""부채비율이 다소 높지만, 영업현금흐름이 이를 상회하며 재무 안정성을 뒷받침하고 있습니다.""]",6.37539010254124,-13.712747350732194
12450,한화에어로스페이스,2023-10-04,100541,Buy,70,"[""최근 1개월 수익률은 하락했지만, 연간 실적은 매출과 영업이익 모두 큰 폭으로 성장하며 긍정적인 추세를 보이고 있습니다."", ""애널리스트 리포트에서 목표주가 150,000원을 제시하며 향후 상승 여력을 시사하고 있습니다."", ""영업현금흐름이 양호하며, 부채비율이 다소 높지만 영업이익률 개선과 함께 재무 안정성이 점진적으로 개선될 가능성이 있습니다.""]",7.395987706507793,21.580250842939694
12450,한화에어로스페이스,2023-11-01,117553,Buy,75,"[""최근 1개월 수익률이 8.92%로 양호하며, 거래량 변화율도 29.97%로 증가 추세를 보이고 있어 투자 심리가 긍정적입니다."", ""연간 실적에서 매출과 영업이익이 전년 대비 큰 폭으로 성장했으며, 영업이익률도 개선되는 추세를 보여 기업의 펀더멘털이 견고합니다."", ""애널리스트 리포트에서 제시된 목표주가 133,000원은 현재가 117,553원 대비 상승 여력이 있음을 시사합니다.""]",7.712265956632327,9.098874550202888
12450,한화에어로스페이스,2023-12-01,140879,Buy,75,"[""최근 1개월 수익률이 17.85%로 강한 상승세를 보이고 있으며, 52주 최고가에 근접한 위치는 추가 상승 여력을 시사합니다."", ""최근 애널리스트 리포트에서 목표주가가 현재가 대비 상향 조정되는 긍정적인 전망이 다수 제시되었습니다."", ""연간 실적에서 매출과 영업이익이 큰 폭으로 증가하며 견조한 성장세를 보여주고 있습니다.""]",-6.941417812448981,-4.337765032403694
12450,한화에어로스페이스,2024-01-02,135787,Buy,75,"[""최근 1개월 수익률 5.36%와 거래량 변화율 28.92%는 긍정적인 모멘텀을 시사합니다."", ""연간 실적에서 매출과 영업이익이 전년 대비 각각 18.0%, 36.1% 증가하며 견조한 성장세를 보이고 있습니다."", ""52주 최고가 대비 현재 위치가 83.1%로 상승 여력이 남아있으며, 52주 최저가 대비 높은 수준을 유지하고 있습니다.""]",2.250583634663112,3.601228394470752
12450,한화에어로스페이스,2024-02-01,134666,Buy,75,"[""연간 실적에서 매출과 영업이익이 전년 대비 큰 폭으로 성장하며 견조한 펀더멘털을 보여주고 있습니다."", ""영업이익률 개선과 영업현금흐름의 긍정적인 흐름은 기업의 수익 창출 능력이 강화되고 있음을 시사합니다."", ""최근 1개월 수익률은 소폭 하락했지만, 52주 최고가 대비 현재 위치가 78.2%로 여전히 상승 여력이 남아있으며, 거래량 변화율이 25.68%로 증가한 것은 투자자들의 관심이 높아지고 있음을 나타냅니다.""]",2.798776231565503,54.31215006014881
12450,한화에어로스페이스,2024-03-04,188757,Buy,75,"[""최근 1개월 수익률이 42.23%로 매우 높으며, 52주 최고가에 근접한 93.6% 위치에 있어 상승 모멘텀이 강하게 유지되고 있습니다."", ""애널리스트 리포트에서 제시된 목표주가들이 현재가(188,757원) 대비 상승 여력을 시사하고 있으며, 특히 200,000원 이상의 목표주가도 존재합니다."", ""연간 실적에서 매출과 영업이익이 전년 대비 각각 18.0%, 36.1% 크게 증가했으며, 영업이익률도 개선되는 등 견조한 성장세를 보이고 있습니다.""]",0.0,30.059812351330017
12450,한화에어로스페이스,2024-04-01,245497,Buy,75,"[""최근 1개월 수익률이 11.47%로 양호하며, 52주 최고가 대비 현재 위치가 89.3%로 상승 추세가 이어질 가능성이 높습니다."", ""연간 실적에서 매출과 영업이익이 전년 대비 큰 폭으로 증가했으며, 영업이익률도 개선되는 등 펀더멘탈이 견조합니다."", ""두 건의 애널리스트 리포트 모두 목표주가를 현재가보다 높게 제시하고 있어 추가 상승 여력이 있다고 판단됩니다.""]",-13.27837000044807,-8.506417593697682
12450,한화에어로스페이스,2024-05-02,219521,Buy,80,"[""최근 애널리스트 리포트에서 제시된 목표주가 평균이 현재가 대비 상당한 상승 여력을 시사하고 있습니다."", ""연간 실적에서 매출과 영업이익이 전년 대비 큰 폭으로 성장하며 견조한 펀더멘털을 보여주고 있습니다."", ""52주 최고가 대비 현재 위치가 높아 단기적인 조정 가능성도 있으나, 전반적인 상승 추세와 긍정적인 실적 모멘텀이 지속될 가능성이 높습니다.""]",2.7837883391566183,-2.0886384446135
12450,한화에어로스페이스,2024-06-03,214936,Buy,75,"[""최근 1개월 수익률이 5.44%로 긍정적인 흐름을 보이고 있으며, 52주 최고가 대비 현재 위치가 87.5%로 상승 여력이 남아있습니다."", ""연간 실적에서 매출과 영업이익이 전년 대비 큰 폭으로 증가하며 견조한 성장세를 보여주고 있습니다."", ""K-방산 섹터의 대표적인 종목으로, 관련 산업의 성장 기대감이 지속될 가능성이 높습니다.""]",0.4740946142107418,10.42682472922172
12450,한화에어로스페이스,2024-07-01,239384,Buy,85,"[""최근 1개월 수익률이 19.36%로 강한 상승세를 보이고 있으며, 52주 최고가 대비 현재 위치가 95.2%로 매우 높은 수준입니다."", ""연간 실적에서 매출과 영업이익이 전년 대비 각각 32.6%, 72.6% 크게 증가하며 견조한 성장세를 시사하고 있습니다."", ""거래량 변화율이 89.15%로 높다는 것은 시장의 관심이 집중되고 있으며 추가적인 상승 동력이 될 수 있습니다.""]",7.23398389198944,35.53203221602112
12450,한화에어로스페이스,2024-08-01,294392,Buy,85,"[""최근 1개월 30.26%의 높은 수익률과 50.87%의 거래량 변화율은 긍정적인 모멘텀을 시사합니다."", ""애널리스트 리포트에서 제시된 목표주가들이 현재가(294,392원) 대비 상승 여력을 보여주고 있으며, 2분기 실적 개선 및 성장세에 대한 기대감이 높습니다."", ""연간 실적에서 매출과 영업이익이 전년 대비 큰 폭으로 증가했으며, 영업이익률 또한 개선되는 추세를 보이고 있습니다.""]",5.017459713579173,0.3461371232913938
12450,한화에어로스페이스,2024-09-02,295411,Buy,75,"[""최근 애널리스트 리포트에서 긍정적인 전망과 함께 높은 목표주가(375,000원)가 제시되었습니다."", ""연간 실적에서 매출과 영업이익이 전년 대비 큰 폭으로 성장하며 견조한 실적 개선세를 보이고 있습니다."", ""현재 주가가 52주 최고가 대비 약 14% 하락한 수준으로, 기술적으로는 반등 가능성이 존재합니다.""]",0.0,21.500214954757947
12450,한화에어로스페이스,2024-10-02,332338,Buy,75,"[""최근 1개월 수익률이 3.17%로 긍정적인 흐름을 보이고 있으며, 52주 최고가에 근접한 높은 위치에 있어 상승 모멘텀이 유지될 가능성이 있습니다."", ""연간 실적에서 매출과 영업이익이 전년 대비 큰 폭으로 증가하며 견조한 성장세를 보여주고 있습니다."", ""영업현금흐름이 매우 긍정적인 수치를 기록하고 있어 재무 건전성이 양호함을 시사합니다.""]",5.629509716012012,8.740800028886255
12450,한화에어로스페이스,2024-11-01,361387,Buy,85,"[""최근 1개월 수익률이 27.44%로 높은 상승세를 보이고 있으며, 52주 최고가 대비 95.0% 수준으로 상승 여력이 남아있습니다."", ""최근 애널리스트 리포트에서 긍정적인 전망과 함께 목표주가가 현재가 대비 상향 조정되었습니다."", ""연간 실적에서 매출과 영업이익이 전년 대비 큰 폭으로 증가하며 견조한 성장세를 보여주고 있습니다.""]",13.351338039276452,-12.534208480105816
12450,한화에어로스페이스,2024-12-02,333322,Buy,75,"[""최근 30일 내 애널리스트 리포트에서 긍정적인 목표주가 상향 조정이 이루어졌으며, 이는 향후 주가 상승에 대한 기대감을 높입니다."", ""연간 실적에서 매출과 영업이익이 전년 대비 큰 폭으로 성장했으며, 특히 영업이익률 개선은 수익성 증대를 시사합니다."", ""최근 1개월 수익률이 -15.19%로 하락했지만, 52주 최고가 대비 현재 위치가 67.6%로 여전히 높은 수준이며, 거래량 변화율이 16.58%로 증가한 것은 매수세 유입 가능성을 시사합니다.""]",-14.032377100821428,6.942536046225571
12450,한화에어로스페이스,2025-01-02,356463,Buy,75,"[""최근 1개월 수익률이 16.32%로 강한 상승세를 보이고 있으며, 52주 최고가 대비 현재 위치가 81.8%로 상승 여력이 남아있습니다."", ""연간 실적에서 매출과 영업이익이 전년 대비 각각 32.6%, 72.6% 크게 증가하며 견조한 성장세를 증명하고 있습니다."", ""애널리스트 리포트에서 목표주가 430,000원을 제시하며 긍정적인 전망을 내놓고 있습니다.""]",4.5581168311998725,16.16016248530703
12450,한화에어로스페이스,2025-02-03,400282,Buy,85,"[""최근 애널리스트 리포트에서 전반적으로 긍정적인 전망과 함께 목표주가가 현재가 대비 높게 제시되고 있습니다."", ""최근 1개월 수익률이 21.33%로 강한 상승세를 보이고 있으며, 52주 최고가에 근접한 위치는 추가 상승 여력을 시사합니다."", ""연간 실적에서 매출과 영업이익이 큰 폭으로 증가하며 견조한 성장세를 보여주고 있습니다.""]",22.50938088647504,70.97196476484079
12450,한화에어로스페이스,2025-03-04,684370,Buy,75,"[""최근 1개월간 75.25%의 높은 수익률과 142.13%의 거래량 변화율은 강한 상승 모멘텀을 시사합니다."", ""연간 실적에서 매출과 영업이익이 각각 32.6%, 72.6% 증가하며 견조한 성장세를 보이고 있습니다."", ""다수의 애널리스트 리포트에서 긍정적인 전망과 함께 목표주가가 현재가 대비 상승 여력을 보여주고 있습니다.""]",-4.316524686938352,-4.604234551485307
12450,한화에어로스페이스,2025-04-01,652860,Neutral,60,"[""최근 1개월 수익률은 양호하나, 3.6조원 규모의 유상증자 발표로 인한 단기적인 불확실성이 존재합니다."", ""애널리스트 리포트 내 목표주가 제시 범위가 넓어 향후 주가 방향성에 대한 컨센서스가 형성되지 않았습니다."", ""최근 거래량 변화율이 감소한 점은 투자 심리 위축 가능성을 시사합니다.""]",4.223110620960084,20.211071286340104
12450,한화에어로스페이스,2025-05-02,876388,Buy,85,"[""최근 1개월 수익률이 23.38%로 강한 상승세를 보이고 있으며, 52주 최고가 대비 현재 위치가 98.1%로 매우 근접해 있어 추가 상승 여력이 기대됩니다."", ""애널리스트들의 목표주가가 현재가(876,388원) 대비 상향 조정되고 있으며, 대부분 900,000원 이상으로 제시되어 긍정적인 전망을 뒷받침합니다."", ""연간 실적에서 매출과 영업이익이 전년 대비 큰 폭으로 증가했으며, 영업이익률도 15.4%로 양호한 수준을 유지하고 있어 기업의 펀더멘탈이 견조함을 보여줍니다.""]",-7.865237771398056,3.2647640086354444
12450,한화에어로스페이스,2025-06-02,845000,Buy,75,"[""최근 1개월 수익률이 4.82%로 긍정적인 흐름을 보이고 있으며, 52주 최고가 대비 현재 위치가 92.4%로 상승 여력이 남아있습니다."", ""연간 실적에서 매출과 영업이익이 전년 대비 크게 증가하며 견조한 성장세를 보여주고 있습니다."", ""애널리스트 리포트에서 목표주가를 현재가보다 높게 제시하며 긍정적인 전망을 내놓고 있습니다.""]",12.781065088757396,-3.3136094674556213
12450,한화에어로스페이스,2025-07-01,819000,Buy,75,"[""최근 1개월 수익률은 소폭 하락했지만, 52주 최고가 대비 현재 위치가 높아 상승 여력이 남아있습니다."", ""연간 실적에서 매출과 영업이익이 큰 폭으로 증가하며 견조한 성장세를 보여주고 있습니다."", ""애널리스트 리포트에서 제시된 목표주가 1,100,000원은 현재가 대비 상당한 상승 여력을 시사합니다.""]",3.785103785103785,19.29181929181929
12450,한화에어로스페이스,2025-08-01,938000,Buy,85,"[""최근 1개월 수익률이 14.93%로 강한 상승세를 보이고 있으며, 52주 최고가 대비 현재 위치가 91.9%로 상승 여력이 남아있습니다."", ""연간 실적에서 매출과 영업이익이 전년 대비 각각 42.5%, 191.4%로 크게 증가하며 기업의 성장성을 입증하고 있습니다."", ""애널리스트 리포트에서 목표주가 1,000,000원을 제시하며 긍정적인 전망을 내놓고 있습니다.""]",-6.183368869936034,-0.5330490405117271
12450,한화에어로스페이스,2025-09-01,933000,Buy,75,"[""최근 1개월 수익률 하락에도 불구하고 52주 최고가 대비 현재 위치가 높아 추가 상승 여력이 존재합니다."", ""연간 실적에서 매출과 영업이익이 큰 폭으로 증가하며 기업의 성장성을 보여주고 있습니다."", ""애널리스트 리포트에서 제시된 목표주가 1,300,000원은 현재가 대비 상당한 상승 여력을 시사합니다.""]",1.2861736334405145,18.64951768488746
12450,한화에어로스페이스,2025-10-01,1097000,Buy,85,"[""최근 1개월 17.79%의 높은 수익률과 52주 최고가 근접은 강한 상승 모멘텀을 시사합니다."", ""최근 애널리스트 리포트에서 제시된 목표주가 120만 원 이상은 현재가 대비 상승 여력이 있음을 보여줍니다."", ""연간 실적에서 매출과 영업이익이 큰 폭으로 성장했으며, 영업이익률 또한 양호하여 기업 펀더멘털이 견조합니다.""]",-14.676390154968097,-11.577028258887877
12450,한화에어로스페이스,2025-11-03,1010000,Buy,75,"[""최근 30일 내 애널리스트 리포트에서 긍정적인 목표주가 상향 조정이 있었습니다."", ""연간 실적에서 매출과 영업이익이 큰 폭으로 성장했으며, 영업이익률도 양호합니다."", ""52주 최고가 대비 현재 주가 위치가 높아 추가 상승 여력이 기대됩니다.""]",-6.138613861386139,-18.41584158415841
12450,한화에어로스페이스,2025-12-01,824000,Buy,85,"[""최근 30일간 애널리스트 리포트에서 제시된 목표주가 평균이 현재가 대비 상당한 상승 여력을 시사하고 있습니다."", ""연간 실적에서 매출과 영업이익이 전년 대비 큰 폭으로 성장했으며, 영업이익률 또한 견조한 수준을 유지하고 있습니다."", ""최근 1개월 수익률이 마이너스를 기록하며 단기적인 조정이 있었으나, 이는 향후 상승을 위한 기회로 해석될 수 있습니다.""]",16.50485436893204,14.805825242718443
259960,크래프톤,2023-01-02,166500,Sell,65,"[""최근 1개월 수익률이 -25.45%로 크게 하락하며 약세 흐름을 보이고 있습니다."", ""52주 최고가 대비 현재 위치가 0.0%로, 52주 최저가에 근접한 상황은 추가 하락 가능성을 시사합니다."", ""연간 실적에서 매출은 증가했으나 영업이익이 감소한 점은 수익성 악화에 대한 우려를 줍니다.""]",3.003003003003003,9.30930930930931
259960,크래프톤,2023-02-01,182000,Neutral,55,"[""최근 1개월 수익률은 긍정적이나, 거래량 변화율이 감소하며 투자 심리가 위축된 모습을 보입니다."", ""애널리스트 리포트에서 목표주가 하향 조정 의견이 다수 존재하며, 주가 바닥에 대한 불확실성이 제기되고 있습니다."", ""연간 실적에서 매출은 증가했으나 영업이익이 감소한 점은 부담 요인으로 작용할 수 있습니다.""]",-0.5494505494505495,-6.703296703296704
259960,크래프톤,2023-03-02,169800,Buy,70,"[""최근 애널리스트 리포트에서 일관되게 긍정적인 목표주가와 함께 '도움닫기의 해', '주가 상승 트리거 대기' 등 상승 여력을 시사하고 있습니다."", ""PUBG M 하향세 둔화 및 중국 매출 회복세 긍정적 전망은 향후 실적 개선에 대한 기대감을 높입니다."", ""현재 주가가 52주 최저가에 근접한 수준이며, 최근 거래량 변화율이 긍정적인 점은 매수세 유입 가능성을 시사합니다.""]",-4.652532391048291,8.06831566548881
259960,크래프톤,2023-04-03,189400,Buy,75,"[""최근 1개월 수익률이 7.66%로 긍정적인 흐름을 보이고 있으며, 52주 최고가 대비 하락폭이 상당하여 반등 가능성이 있습니다."", ""애널리스트 리포트에서 목표주가 220,000원을 제시하며 긍정적인 전망을 내놓았습니다."", ""영업이익이 전년 대비 15.5% 증가하고 영업이익률이 40.5%로 매우 높아 견조한 수익성을 보여주고 있습니다.""]",-2.006335797254488,1.847940865892292
259960,크래프톤,2023-05-02,192900,Buy,70,"[""최근 애널리스트 리포트들이 긍정적인 전망과 함께 목표주가를 현재가 대비 상향 제시하고 있습니다."", ""연간 실적에서 영업이익이 전년 대비 증가했으며, 영업이익률이 40.5%로 매우 높은 수준을 유지하고 있습니다."", ""부채비율이 17.9%로 낮고 영업현금흐름이 양호하여 재무 안정성이 뛰어납니다.""]",3.0585795749092792,-2.021772939346812
259960,크래프톤,2023-06-01,189000,Buy,75,"[""최근 애널리스트 리포트에서 일관되게 긍정적인 목표주가 상향 및 투자 포인트를 제시하고 있습니다."", ""인도 서비스 재개, PC 트래픽 수익화 전환 등 신규 성장 동력에 대한 기대감이 높습니다."", ""견조한 영업이익 성장률과 높은 영업이익률, 안정적인 재무 구조는 긍정적인 투자 심리를 뒷받침합니다.""]",8.201058201058201,2.91005291005291
259960,크래프톤,2023-07-03,183000,Neutral,50,"[""최근 1개월 수익률은 소폭 상승했으나, 거래량 변화율이 크게 감소하여 투자 심리가 위축되었을 가능성이 있습니다."", ""PER, PBR 등의 재무 지표는 시장 평균 대비 높은 편은 아니지만, ROE가 9.9%로 다소 낮은 수준입니다."", ""애널리스트 리포트에서 목표주가 270,000원을 제시하며 긍정적인 전망을 내놓았지만, 신작 부재에 대한 우려도 존재하여 단기적인 방향성을 예측하기 어렵습니다.""]",-0.273224043715847,-2.677595628415301
259960,크래프톤,2023-08-01,172900,Buy,65,"[""최근 2분기 실적은 쉬어갔지만, 견조한 이익 체력과 높은 영업이익률(40.5%)은 긍정적입니다."", ""애널리스트들의 목표주가가 현재가 대비 상당한 상승 여력을 시사하고 있습니다 (평균 253,333원)."", ""낮은 부채비율(17.9%)과 양호한 영업현금흐름은 재무 안정성을 뒷받침합니다.""]",0.8675534991324465,-10.352805089647196
259960,크래프톤,2023-09-01,156700,Neutral,60,"[""현재 주가는 52주 최저가에 근접해 있어 하방 경직성이 기대되지만, 최근 1개월 수익률이 마이너스를 기록하며 약세를 보이고 있습니다."", ""애널리스트 리포트에서 목표주가 범위가 넓게 분포하며 의견이 엇갈리고 있어 단기 방향성 판단이 어렵습니다."", ""연간 실적은 매출 감소에도 불구하고 영업이익과 영업이익률이 개선되었고, 재무 안정성도 양호하나, 주주환원 정책이 불확실하여 투자 매력도를 높이기에는 부족합니다.""]",-2.361199744735163,-4.65858328015316
259960,크래프톤,2023-10-04,148000,Neutral,50,"[""현재가가 52주 최저가와 거의 동일한 수준으로, 기술적으로는 반등 가능성이 있으나 최근 1개월 수익률과 거래량 변화율이 부정적인 점은 하락 압력으로 작용할 수 있습니다."", ""PER, PBR 지표는 시장 평균 대비 높은 편은 아니지만, ROE가 9.9%로 다소 낮은 수준이며, 배당수익률이 없는 점은 투자 매력을 제한할 수 있습니다."", ""연간 실적은 매출 감소에도 불구하고 영업이익과 영업이익률이 크게 증가했으며, 영업현금흐름 또한 양호한 점은 긍정적이나, 애널리스트 목표주가 170,000원 대비 현재 주가가 낮은 수준임에도 불구하고 20거래일 내 뚜렷한 상승을 단정하기는 어렵습니다.""]",4.662162162162162,14.797297297297296
259960,크래프톤,2023-11-01,168900,Buy,75,"[""최근 애널리스트 리포트에서 목표주가가 현재가 대비 상향 조정되었으며, 신작 출시 및 인도 매출 회복에 대한 긍정적인 전망이 제시되고 있습니다."", ""최근 1개월 수익률이 11.63%로 양호하며, 거래량 변화율도 16.36%로 증가 추세를 보이고 있어 투자 심리가 개선되고 있음을 시사합니다."", ""연간 실적에서 매출은 소폭 감소했으나 영업이익은 15.5% 증가했으며, 높은 영업이익률과 안정적인 부채비율, 양호한 영업현금흐름은 재무 건전성을 뒷받침합니다.""]",12.966252220248666,26.1101243339254
259960,크래프톤,2023-12-01,218000,Buy,75,"[""최근 1개월 수익률이 28.77%로 강한 상승세를 보이고 있으며, 52주 최고가 대비 현재 위치가 88.2%로 상승 여력이 남아있습니다."", ""애널리스트 리포트에서 신작 출시 기대감과 모바일 매출 반등, 인도 시장 회복 등에 대한 긍정적인 전망이 다수 제시되었으며, 목표주가 상향 조정 리포트가 많습니다."", ""영업이익이 전년 대비 15.5% 증가하고 영업이익률이 40.5%로 높은 수준을 유지하는 등 견조한 실적 개선세를 보이고 있습니다.""]",-2.293577981651376,-8.027522935779817
259960,크래프톤,2024-01-02,194800,Buy,70,"[""최근 1개월 수익률 하락에도 불구하고 연간 영업이익이 전년 대비 15.5% 증가하며 견조한 성장세를 보이고 있습니다."", ""부채비율이 17.9%로 매우 낮아 재무 안정성이 뛰어나며, 영업현금흐름도 양호합니다."", ""최근 애널리스트 리포트에서 중국 게임 규제안에 대한 과도한 우려를 지적하며 목표주가를 상향한 점은 긍정적인 신호입니다.""]",4.209445585215605,10.1129363449692
259960,크래프톤,2024-02-01,223000,Buy,75,"[""최근 애널리스트 리포트 대부분이 매수 의견과 함께 긍정적인 목표주가를 제시하고 있습니다."", ""52주 최고가 대비 현재 위치가 높아 단기 차익 실현 매물이 나올 수 있으나, 최근 1개월 수익률이 양호하며 영업이익이 전년 대비 증가하는 등 펀더멘탈 개선이 기대됩니다."", ""낮은 부채비율과 높은 영업현금흐름은 재무 안정성을 뒷받침하며, 이는 향후 주가 상승의 기반이 될 수 있습니다.""]",3.1390134529147984,-4.484304932735426
259960,크래프톤,2024-03-04,218000,Buy,85,"[""최근 애널리스트 리포트에서 일관되게 긍정적인 전망과 높은 목표주가를 제시하고 있습니다."", ""영업이익이 전년 대비 15.5% 증가하며 견조한 성장세를 보이고 있으며, 높은 영업이익률과 안정적인 재무구조를 유지하고 있습니다."", ""현재 주가가 52주 최고가 대비 약 23.7% 하락한 수준으로, 추가 상승 여력이 존재한다고 판단됩니다.""]",7.339449541284404,15.59633027522936
259960,크래프톤,2024-04-01,252000,Buy,75,"[""최근 1개월 수익률이 10.35%로 양호하며, 52주 최고가에 근접한 94.1% 위치에 있어 상승 모멘텀이 유지될 가능성이 있습니다."", ""애널리스트 리포트에서 목표주가 280,000원을 제시하며 긍정적인 전망을 내놓았습니다."", ""견고한 재무 구조(부채비율 15.9%, 높은 영업이익률 40.2%)와 안정적인 영업현금흐름을 바탕으로 시장 대비 상승 여력이 있다고 판단됩니다.""]",-3.968253968253968,-3.571428571428571
259960,크래프톤,2024-05-02,251000,Buy,75,"[""다수의 애널리스트 리포트에서 목표주가를 현재가 대비 상향 제시하며 매수 의견을 유지하고 있습니다."", ""최근 1개월 수익률은 소폭 하락했으나, 52주 최고가 대비 현재 위치가 높아 추가 상승 여력이 존재합니다."", ""견고한 재무 구조와 높은 영업이익률을 바탕으로 신작 출시 및 기존 게임의 성장세가 지속될 경우 주가 상승을 견인할 수 있습니다.""]",3.386454183266932,-0.5976095617529881
259960,크래프톤,2024-06-03,249500,Buy,85,"[""최근 애널리스트 리포트에서 일관되게 긍정적인 전망과 높은 목표주가를 제시하고 있으며, 이는 향후 주가 상승에 대한 기대감을 높입니다."", ""52주 최고가 대비 현재 위치가 높아 추가 상승 여력이 제한적일 수 있으나, 최근 1개월 수익률이 긍정적이며 52주 최저가 대비 높은 수준을 유지하고 있어 견조한 주가 흐름을 보여주고 있습니다."", ""견고한 재무 지표(높은 영업이익률, 낮은 부채비율, 양호한 영업현금흐름)와 안정적인 실적 성장세를 바탕으로 기업 펀더멘탈이 긍정적입니다.""]",6.212424849699398,9.218436873747494
259960,크래프톤,2024-07-01,271000,Buy,75,"[""최근 애널리스트 리포트에서 긍정적인 전망과 함께 목표주가가 현재가 대비 상승 여력을 시사하고 있습니다."", ""최근 1개월 수익률이 8.96%로 양호한 흐름을 보이고 있으며, 52주 최고가 대비 현재 위치가 높아 추가 상승에 대한 기대감을 높입니다."", ""견고한 재무 구조(낮은 부채비율, 높은 영업이익률)와 안정적인 영업 현금 흐름은 기업의 펀더멘털이 탄탄함을 보여줍니다.""]",6.826568265682657,7.933579335793357
259960,크래프톤,2024-08-01,287500,Buy,75,"[""최근 애널리스트 리포트에서 긍정적인 목표주가 제시와 함께 '여전히 싸다'는 평가가 나오고 있어 상승 여력이 충분하다고 판단됩니다."", ""52주 최고가 대비 현재 위치가 95% 수준으로, 신고가 경신에 대한 기대감이 존재합니다."", ""견고한 재무 건전성(낮은 부채비율, 높은 영업이익률 및 영업현금흐름)은 투자 매력도를 높이는 요인입니다.""]",2.4347826086956523,12.347826086956522
259960,크래프톤,2024-09-02,317000,Buy,85,"[""최근 애널리스트 리포트에서 일관되게 긍정적인 전망과 높은 목표주가를 제시하고 있습니다."", ""최근 1개월 수익률이 11.57%로 양호하며, 거래량 변화율이 133.94%로 증가하는 것은 투자 심리 개선을 시사합니다."", ""52주 최고가 대비 현재 위치가 87.2%로, 상승 여력이 남아있음을 나타냅니다."", ""견고한 재무 안정성(낮은 부채비율, 양호한 영업현금흐름)은 실적 개선을 뒷받침할 수 있습니다.""]",1.1041009463722398,2.8391167192429023
259960,크래프톤,2024-10-02,335500,Buy,85,"[""최근 애널리스트 리포트에서 제시된 목표주가들이 현재가 대비 상당한 상승 여력을 보여주고 있습니다."", ""52주 최고가 대비 현재 위치가 높아 단기적인 차익 실현 매물이 나올 수 있으나, 견조한 실적과 신작 기대감이 이를 상쇄할 가능성이 높습니다."", ""낮은 부채비율과 높은 영업이익률, 안정적인 영업현금흐름 등 재무 건전성이 우수하여 시장 변동성에 대한 방어력이 높습니다.""]",-1.4903129657228018,0.5961251862891207
259960,크래프톤,2024-11-01,337500,Buy,75,"[""다수의 애널리스트 리포트에서 긍정적인 전망과 함께 높은 목표주가를 제시하고 있습니다."", ""52주 최고가 대비 현재 위치가 높아 추가 상승 여력이 존재하며, 긍정적인 시장 평가를 받고 있습니다."", ""견고한 재무 안정성과 높은 영업이익률은 향후 실적 개선에 대한 기대감을 높입니다.""]",-5.925925925925927,-2.9629629629629632
259960,크래프톤,2024-12-02,328500,Buy,85,"[""최근 애널리스트 리포트들이 일제히 긍정적인 목표주가를 제시하며 상승 여력을 높게 평가하고 있습니다."", ""52주 최고가 대비 현재 위치가 높아 추가 상승에 대한 기대감이 존재합니다."", ""견고한 재무 구조와 높은 영업이익률을 바탕으로 안정적인 실적 성장이 예상됩니다.""]",-7.91476407914764,1.97869101978691
259960,크래프톤,2025-01-02,335000,Buy,75,"[""최근 1개월 수익률이 소폭 상승세를 보이고 있으며, 52주 최고가 대비 현재 위치가 80% 수준으로 상승 여력이 남아있습니다."", ""연간 실적이 매출 및 영업이익 모두 전년 대비 증가했으며, 높은 영업이익률과 안정적인 재무 구조를 유지하고 있습니다."", ""최근 애널리스트 리포트에서 긍정적인 전망과 함께 높은 목표주가가 제시되어 투자 심리에 긍정적인 영향을 줄 수 있습니다.""]",0.0,13.73134328358209
259960,크래프톤,2025-02-03,362500,Buy,85,"[""최근 애널리스트 리포트에서 일관되게 긍정적인 전망과 함께 높은 목표주가가 제시되고 있습니다."", ""52주 최고가에 근접한 높은 현재가와 최근 1개월의 강한 상승세는 추가적인 상승 모멘텀을 시사합니다."", ""견고한 재무 구조와 높은 영업이익률, 긍정적인 영업현금흐름은 기업의 안정적인 성장 가능성을 뒷받침합니다.""]",3.4482758620689653,-5.103448275862069
259960,크래프톤,2025-03-04,344000,Buy,75,"[""최근 애널리스트 리포트에서 제시된 목표주가들이 현재가 대비 상당한 상승 여력을 보여주고 있습니다."", ""공격적인 중기 성장 로드맵과 신규 투자 결정 등 긍정적인 사업 전망이 제시되고 있습니다."", ""연간 실적은 소폭 성장했으나 높은 영업이익률과 안정적인 재무 구조를 유지하고 있습니다.""]",0.436046511627907,0.872093023255814
259960,크래프톤,2025-04-01,347000,Buy,85,"[""최근 애널리스트 리포트들이 일관되게 긍정적인 전망과 높은 목표주가를 제시하고 있습니다."", ""연간 실적에서 매출과 영업이익이 전년 대비 큰 폭으로 성장했으며, 영업이익률도 매우 높아 수익성이 뛰어납니다."", ""부채비율이 낮고 영업현금흐름이 양호하여 재무 안정성이 우수합니다.""]",2.161383285302594,7.060518731988473
259960,크래프톤,2025-05-02,385500,Buy,85,"[""최근 1개월 수익률이 10.95%로 양호하며, 52주 최고가에 근접한 강한 상승세를 보이고 있습니다."", ""최근 30일 내 애널리스트 리포트들이 일제히 긍정적인 전망과 함께 높은 목표주가를 제시하고 있어 추가 상승 여력이 충분하다고 판단됩니다."", ""매출과 영업이익이 전년 대비 큰 폭으로 성장했으며, 높은 영업이익률과 안정적인 재무 구조를 바탕으로 견조한 실적 개선이 지속될 것으로 예상됩니다.""]",-3.24254215304799,-4.150453955901426
259960,크래프톤,2025-06-02,367500,Buy,75,"[""최근 애널리스트 리포트에서 긍정적인 목표주가 상향이 제시되었으며, 이는 향후 주가 상승에 대한 기대감을 높입니다."", ""연간 실적이 매출, 영업이익, 순이익 모두 큰 폭으로 증가했으며, 영업이익률 또한 매우 높아 견조한 펀더멘털을 보여줍니다."", ""부채비율이 낮고 영업현금흐름이 양호하여 재무 안정성이 뛰어나 투자 리스크가 낮습니다.""]",3.945578231292517,-0.5442176870748299
259960,크래프톤,2025-07-01,358500,Buy,85,"[""최근 애널리스트 리포트들이 일관되게 긍정적인 전망과 함께 목표주가를 상향 제시하고 있으며, 이는 향후 주가 상승에 대한 기대감을 높입니다."", ""연간 실적에서 매출과 영업이익이 전년 대비 큰 폭으로 성장했으며, 높은 영업이익률과 안정적인 재무 구조(낮은 부채비율, 양호한 영업현금흐름)는 기업의 펀더멘탈이 견고함을 시사합니다."", ""현재 주가가 52주 최고가 대비 약 79.1% 수준에 위치하며, 최근 1개월 수익률은 다소 하락했지만 거래량 변화율이 36.42%로 증가한 점은 향후 상승 모멘텀을 기대해 볼 수 있는 요인입니다.""]",0.4184100418410041,-8.92608089260809
259960,크래프톤,2025-08-01,314500,Buy,85,"[""최근 30일간 애널리스트들의 목표주가 상향 및 긍정적인 리포트가 다수 발표되어 투자 심리에 긍정적인 영향을 미칠 것으로 예상됩니다."", ""연간 실적에서 매출과 영업이익이 전년 대비 큰 폭으로 증가했으며, 높은 영업이익률과 안정적인 재무 구조를 보여주고 있습니다."", ""현재 주가가 52주 최저가 대비 높은 수준이지만, 52주 최고가 대비로는 아직 상승 여력이 남아있으며, 최근 1개월 수익률 하락은 단기적인 조정으로 해석될 수 있습니다.""]",1.4308426073131957,4.92845786963434
259960,크래프톤,2025-09-01,330000,Buy,75,"[""크래프톤은 압도적인 매출 및 영업이익 성장률을 기록하며 견조한 실적을 보여주고 있습니다."", ""높은 영업이익률과 안정적인 재무구조(낮은 부채비율, 양호한 영업현금흐름)는 긍정적인 투자 심리를 뒷받침합니다."", ""최근 애널리스트 리포트에서 'Buy and Hold' 의견과 함께 높은 목표주가(540,000원)가 제시되어 향후 상승 여력이 충분하다고 판단됩니다.""]",-2.272727272727273,-11.363636363636363
259960,크래프톤,2025-10-01,299000,Buy,75,"[""최근 1개월 수익률 하락에도 불구하고, 52주 최저가 대비 9.3% 상승한 위치는 기술적 반등 가능성을 시사합니다."", ""전년 대비 매출 및 영업이익이 큰 폭으로 성장했으며, 높은 영업이익률과 안정적인 재무 구조는 긍정적인 투자 심리를 유발할 수 있습니다."", ""애널리스트 리포트에서 제시된 높은 목표주가(530,000원)는 현재 주가 대비 상당한 상승 여력을 보여줍니다.""]",-3.0100334448160537,-11.872909698996656
259960,크래프톤,2025-11-03,279000,Neutral,60,"[""최근 1개월 수익률이 마이너스를 기록하며 단기적인 모멘텀 약화 가능성이 제기되고 있습니다."", ""애널리스트 리포트에서 신작 기대감 하락, 향후 성장성 부재에 대한 언급이 있어 추가 상승 동력이 제한적일 수 있습니다."", ""하지만 연간 실적은 전년 대비 큰 폭으로 성장했으며, 영업이익률과 영업현금흐름이 매우 양호하고 부채비율이 낮아 재무적으로는 안정적인 모습을 보이고 있습니다.""]",-5.376344086021505,-9.31899641577061
259960,크래프톤,2025-12-01,253000,Neutral,60,"[""현재가는 52주 최저가 수준으로 하방 경직성이 기대되나, 최근 1개월 수익률이 마이너스이고 거래량 변화율도 감소하여 단기적인 상승 모멘텀은 약합니다."", ""애널리스트 리포트들은 전반적으로 긍정적인 목표주가를 제시하고 있으나, '시간이 필요하다', '성과 확인에 시간 소요' 등의 언급으로 단기 급등보다는 중장기적인 관점을 시사합니다."", ""연간 실적은 매우 우수하고 재무 안정성도 뛰어나지만, 기술적 지표와 최근 시장 반응이 이를 즉각적으로 반영하지 못하고 있어 향후 20거래일 내 뚜렷한 방향성을 예측하기 어렵습니다.""]",-2.9644268774703555,-1.9762845849802373
247540,에코프로비엠,2023-01-02,93200,Sell,65,"[""최근 1개월 수익률이 -18.85%로 하락세를 보이고 있으며, 거래량 변화율 또한 -34.26%로 감소하여 투자 심리가 위축된 것으로 판단됩니다."", ""52주 최고가 대비 현재 위치가 25.5%로, 여전히 높은 수준이지만 최근 하락세를 감안할 때 단기적인 추가 하락 가능성이 존재합니다."", ""부채비율 139.2%와 영업현금흐름 -100889.3조원은 재무 안정성에 대한 우려를 제기하며, 이는 단기 주가에 부정적인 영향을 미칠 수 있습니다.""]",3.540772532188841,22.317596566523605
247540,에코프로비엠,2023-02-01,114000,Buy,75,"[""최근 1개월 수익률이 18.57%로 강한 상승세를 보이고 있으며, 이는 투자자들의 긍정적인 심리를 반영합니다."", ""애널리스트 리포트에서 제시된 목표주가들이 현재가 대비 상승 여력을 시사하고 있어, 향후 주가 상승에 대한 기대감을 높입니다."", ""연간 실적에서 매출과 영업이익이 큰 폭으로 성장하는 등 견조한 성장세를 유지하고 있으며, 이는 기업의 펀더멘털이 긍정적임을 보여줍니다.""]",14.649122807017545,59.73684210526316
247540,에코프로비엠,2023-03-02,182100,Neutral,60,"[""최근 1개월 수익률이 60%로 매우 높고 52주 최고가에 근접해 있어 단기 급등에 따른 차익 실현 매물 출회 가능성이 있습니다."", ""애널리스트 리포트에서 목표주가가 현재가 대비 하향 조정되는 추세가 나타나고 있으며, 일부 리포트에서는 컨센서스 하회 및 스프레드 축소 국면을 언급하고 있습니다."", ""연간 실적은 크게 성장했으나, 영업이익률이 7.7%로 높지 않고 영업현금흐름이 마이너스인 점은 재무 안정성 측면에서 부담 요인으로 작용할 수 있습니다.""]",6.315211422295441,23.28390993959363
247540,에코프로비엠,2023-04-03,224500,Sell,75,"[""현재가 224,500원은 52주 최고가 235,000원에 근접한 98.0% 수준으로, 단기적인 추가 상승 여력이 제한적일 수 있습니다."", ""최근 1개월 수익률이 27.40%로 높지만, 이는 단기 급등으로 인한 과열 가능성을 시사합니다."", ""애널리스트 리포트에서 '주가 과열권'을 언급하며 목표주가 200,000원을 제시한 점은 향후 하락 가능성을 시사합니다.""]",31.1804008908686,11.1358574610245
247540,에코프로비엠,2023-05-02,249500,Neutral,60,"[""최근 1개월 수익률이 높지만, 거래량 변화율이 감소하고 있어 상승 모멘텀이 약화될 가능성이 있습니다."", ""PER과 PBR이 높은 수준으로 밸류에이션 부담이 존재하며, 이는 단기적인 주가 상승을 제한할 수 있습니다."", ""애널리스트들의 목표주가가 현재가와 큰 차이가 없어 단기적인 급등보다는 박스권 흐름을 예상해 볼 수 있습니다.""]",-11.022044088176353,2.2044088176352705
247540,에코프로비엠,2023-06-01,255000,Neutral,60,"[""최근 1개월 수익률 하락 및 거래량 감소는 단기적인 투자 심리 위축을 시사합니다."", ""애널리스트 리포트 내 목표주가 및 투자의견이 극명하게 엇갈려 향후 방향성에 대한 불확실성이 높습니다."", ""연간 실적은 매우 긍정적이나, 높은 PER과 PBR은 여전히 밸류에이션 부담으로 작용할 수 있습니다.""]",5.294117647058823,3.333333333333333
247540,에코프로비엠,2023-07-03,274500,Neutral,50,"[""에코프로비엠은 높은 PER과 PBR에도 불구하고 높은 ROE와 폭발적인 매출 및 영업이익 성장을 보여주고 있어 긍정적인 측면과 부담스러운 측면이 공존합니다."", ""52주 최고가 대비 현재 위치가 높아 추가 상승 여력에 대한 경계감이 존재하며, 최근 1개월 수익률은 양호하나 거래량 변화율이 감소하는 추세는 매수세 약화를 시사할 수 있습니다."", ""부채비율이 다소 높은 편이고 영업현금흐름이 마이너스인 점은 재무 안정성 측면에서 주의가 필요하며, 배당수익률이 낮은 점은 단기적인 주가 부양 요인으로 작용하기 어렵습니다.""]",7.468123861566485,48.816029143898
247540,에코프로비엠,2023-08-01,380500,Buy,75,"[""최근 1개월 55.03%의 높은 수익률과 199.70%의 거래량 변화율은 강한 매수세를 시사합니다."", ""연간 실적에서 매출과 영업이익이 각각 260.6%, 230.9%로 크게 성장하며 긍정적인 실적 모멘텀을 보여주고 있습니다."", ""52주 최고가 대비 현재 위치가 85.7%로, 여전히 상승 여력이 남아있다고 판단됩니다.""]",-9.724047306176084,-14.71747700394218
247540,에코프로비엠,2023-09-01,307500,Sell,70,"[""최근 1개월 수익률이 -18.92%로 하락세를 보이고 있으며, 거래량 변화율 또한 -69.43%로 감소하여 투자 심리가 위축된 것으로 판단됩니다."", ""PER 107.1, PBR 20.28로 높은 밸류에이션 부담이 존재하며, 애널리스트 리포트에서도 '비정상(밸류에이션)의 정상화', '높은 밸류에이션 부담' 등의 의견이 제시되어 밸류에이션 조정 가능성이 있습니다."", ""영업현금흐름이 -241250.2조원으로 마이너스를 기록하고 있어 재무 안정성에 대한 우려가 존재하며, 이는 단기적인 주가 하락 요인으로 작용할 수 있습니다.""]",-5.691056910569105,-23.414634146341463
247540,에코프로비엠,2023-10-04,233500,Sell,75,"[""최근 1개월 수익률이 -27.58%로 크게 하락했으며, 거래량 변화율 또한 감소하여 하락 추세가 지속될 가능성이 있습니다."", ""최근 애널리스트 리포트에서 판가 하락을 반영하여 실적 하향 및 목표주가 200,000원을 제시한 점은 부정적인 신호입니다."", ""PER 81.6, PBR 15.45로 밸류에이션 부담이 높은 편이며, 영업현금흐름이 마이너스(-)를 기록하고 있어 재무 건전성에 대한 우려가 있습니다.""]",5.353319057815846,-1.4989293361884368
247540,에코프로비엠,2023-11-01,217000,Sell,70,"[""최근 1개월 수익률이 -25.89%로 크게 하락했으며, 이는 단기적인 하락 추세가 지속될 가능성을 시사합니다."", ""애널리스트 리포트 중 하나에서 목표주가를 현재가보다 낮은 200,000원으로 제시하며 부정적인 전망을 내놓았습니다."", ""PER 65.5, PBR 12.40은 높은 밸류에이션을 나타내며, 최근 실적 성장세 둔화 가능성 및 경쟁 심화 우려와 맞물려 주가 하방 압력으로 작용할 수 있습니다.""]",14.516129032258066,26.26728110599078
247540,에코프로비엠,2023-12-01,323000,Sell,70,"[""최근 애널리스트 리포트에서 목표주가가 현재가 대비 하향 조정되는 추세가 나타나고 있으며, 일부 리포트에서는 '잠시 쉬어갈 때'라는 의견도 제시되었습니다."", ""PER 97.2, PBR 18.41로 밸류에이션 부담이 높은 수준이며, 이는 단기적인 주가 상승에 제약 요인이 될 수 있습니다."", ""최근 1개월 수익률이 29.03%로 높았으나, 거래량 변화율 41.77%와 함께 단기 급등 후 차익 실현 매물이 출회될 가능성이 있습니다.""]",-1.238390092879257,-13.622291021671826
247540,에코프로비엠,2024-01-02,271500,Neutral,60,"[""최근 1개월 수익률이 긍정적이나, 52주 최고가 대비 현재 위치가 절반 수준에 머물러 있어 상승 여력에 대한 불확실성이 존재합니다."", ""대규모 공급 계약 및 IRA 규정 변화 관련 리포트가 있으나, 목표주가가 현재가와 유사하거나 하회하는 수준으로 제시되어 투자 심리에 부정적인 영향을 줄 수 있습니다."", ""매출 및 영업이익의 폭발적인 성장에도 불구하고, 높은 PER과 PBR 지표는 현재 주가가 고평가되었을 가능성을 시사하며, 영업현금흐름의 마이너스 수치는 재무 안정성에 대한 우려를 제기합니다.""]",8.103130755064457,-21.36279926335175
247540,에코프로비엠,2024-02-01,229000,Sell,70,"[""최근 1개월 수익률이 -16.02%로 하락세를 보이고 있으며, 애널리스트 리포트에서도 수요 부진을 반영하여 실적 추정치 하향 및 목표주가 하향 조정이 있었습니다."", ""현재 PER 79.1, PBR 14.99는 높은 수준으로 밸류에이션 부담이 존재하며, 이는 향후 주가 상승에 제약 요인이 될 수 있습니다."", ""영업이익률 7.1% 대비 높은 부채비율 126.7%와 마이너스 영업현금흐름은 재무 안정성에 대한 우려를 제기하며, 이는 단기적인 투자 심리에 부정적인 영향을 미칠 수 있습니다.""]",4.80349344978166,8.951965065502183
247540,에코프로비엠,2024-03-04,255500,Neutral,55,"[""최근 1개월 수익률이 22.73%로 양호한 흐름을 보이고 있으나, 52주 최고가 대비 현재 위치가 37.4%로 여전히 높은 수준입니다."", ""애널리스트 리포트에서 목표주가가 200,000원에서 337,000원까지 다양하게 제시되고 있으며, 일부 리포트에서는 밸류에이션 부담을 지적하고 있어 상방 및 하방 요인이 혼재합니다."", ""연간 실적은 큰 폭의 성장을 기록했으나, 영업현금흐름이 마이너스를 기록하고 부채비율이 126.7%로 다소 높아 재무 안정성에 대한 고려가 필요합니다.""]",2.5440313111545985,2.348336594911937
247540,에코프로비엠,2024-04-01,261500,Neutral,50,"[""에코프로비엠은 매출은 크게 증가했지만 영업이익은 큰 폭으로 감소하며 수익성이 악화된 모습을 보이고 있습니다."", ""현재 주가는 52주 최고가 대비 상당 부분 하락한 상태이지만, PBR이 16.55로 여전히 높은 수준을 유지하고 있어 밸류에이션 부담이 존재합니다."", ""최근 1개월 수익률이 소폭 상승했으나 거래량 변화율이 크게 감소한 점은 투자 심리 위축 가능성을 시사합니다.""]",-9.560229445506693,-10.89866156787763
247540,에코프로비엠,2024-05-02,226000,Sell,65,"[""최근 1개월 수익률이 -13.86%로 하락세를 보이고 있으며, 거래량 변화율 또한 -21.37%로 감소하여 투자 심리가 위축된 것으로 판단됩니다."", ""연간 실적에서 매출은 증가했으나 영업이익이 59.0% 감소한 것은 수익성 악화를 시사하며, 이는 주가에 부정적인 영향을 미칠 수 있습니다."", ""현재 PBR이 14.25로 높은 수준이며, 52주 최고가 대비 현재 위치가 16.2%로 여전히 높은 편이지만 최근 하락세를 감안할 때 추가 하락 가능성이 있습니다.""]",-6.8584070796460175,-15.398230088495575
247540,에코프로비엠,2024-06-03,191200,Sell,65,"[""최근 1개월 수익률이 -21.17%로 하락세를 보이고 있으며, 52주 최고가 대비 현재 위치가 매우 낮아 추가 하락 가능성이 있습니다."", ""애널리스트 리포트에서 밸류에이션 정상화 과정이 필요하다는 의견과 함께 목표주가를 현재가보다 낮게 제시하는 리포트가 존재합니다."", ""영업이익이 전년 대비 큰 폭으로 감소했으며, PER이 해당 없음(적자)으로 재무적으로 불안정한 모습을 보이고 있습니다.""]",9.571129707112972,-0.104602510460251
247540,에코프로비엠,2024-07-01,182500,Sell,65,"[""최근 애널리스트 리포트에서 목표주가를 현재가보다 낮게 제시하며 부정적인 전망을 내놓았습니다."", ""영업이익이 전년 대비 큰 폭으로 감소했으며, PER이 없어 적자 상태임을 감안할 때 현재 주가 수준이 부담스러울 수 있습니다."", ""52주 최고가 대비 현재 위치가 낮지만, 52주 최저가에 근접한 수준으로 하방 압력이 존재할 가능성이 있습니다.""]",6.191780821917808,2.73972602739726
247540,에코프로비엠,2024-08-01,185900,Sell,65,"[""최근 1개월 수익률이 마이너스이며 거래량 변화율도 감소하는 추세로 단기적인 매도 압력이 존재합니다."", ""연간 실적에서 매출은 증가했으나 영업이익이 큰 폭으로 감소하며 수익성이 악화된 점은 부정적인 요인입니다."", ""현재 주가는 52주 최저가에 근접해 있으며, PER이 없어 적자 기업이라는 점은 투자 매력도를 낮춥니다.""]",-3.604088219472835,-2.205486820871436
247540,에코프로비엠,2024-09-02,174500,Neutral,50,"[""에코프로비엠은 현재 52주 최저가에 근접한 수준으로 기술적 반등 가능성이 있으나, 최근 1개월 수익률이 마이너스를 기록하며 투자 심리가 위축된 상황입니다."", ""매출은 큰 폭으로 증가했으나 영업이익이 큰 폭으로 감소하며 수익성 악화가 두드러져 향후 실적 개선에 대한 불확실성이 존재합니다."", ""높은 부채비율은 재무 안정성에 대한 우려를 제기하며, 적자 상태로 PER 지표가 없어 밸류에이션 판단이 어렵습니다.""]",-14.785100286532952,10.601719197707736
247540,에코프로비엠,2024-10-02,183400,Neutral,50,"[""에코프로비엠은 현재 52주 최고가 대비 낮은 수준에 위치해 있으며, 최근 1개월 수익률이 긍정적인 흐름을 보이고 있습니다."", ""하지만 연간 실적에서 영업이익이 전년 대비 큰 폭으로 감소한 점은 투자 심리에 부담으로 작용할 수 있습니다."", ""높은 부채비율과 적자 상태로 인한 PER 산정 불가 등 재무적 불안정성은 단기적인 상승 모멘텀을 제한할 수 있습니다.""]",-4.089422028353326,-0.7633587786259541
247540,에코프로비엠,2024-11-01,182000,Sell,65,"[""최근 1개월 수익률이 -8.02%로 하락세를 보이고 있으며, 거래량 변화율 또한 -27.20%로 감소하며 투자 심리가 위축된 것으로 판단됩니다."", ""연간 영업이익이 전년 대비 -59.0% 크게 감소한 점은 수익성 악화에 대한 우려를 높입니다."", ""높은 부채비율(172.7%)은 재무 건전성에 대한 부담 요인으로 작용할 수 있습니다.""]",-16.0989010989011,-24.45054945054945
247540,에코프로비엠,2024-12-02,138000,Neutral,60,"[""최근 1개월 수익률이 -18.97%로 부진했으나, 52주 최저가 대비 6.4% 수준으로 하방 경직성을 기대해 볼 수 있습니다."", ""애널리스트 리포트에서 목표주가가 현재가 대비 상승 여력을 제시하고 있으나, 3분기 실적 부진 및 업황 부진 지속에 대한 우려도 존재합니다."", ""매출은 증가했으나 영업이익이 크게 감소하며 적자 상태에 가까운 PER과 높은 PBR은 투자 매력도를 낮추는 요인입니다.""]",-5.072463768115942,-18.115942028985508
247540,에코프로비엠,2025-01-02,113000,Sell,65,"[""최근 1개월 수익률이 -21.97%로 하락세를 보이고 있으며, 52주 최고가 대비 현재 위치가 0.0%라는 점은 상당한 하락이 있었음을 시사합니다."", ""연간 실적에서 매출은 증가했으나 영업이익이 크게 감소(-59.0%)하여 수익성이 악화된 점은 부정적인 요인입니다."", ""부채비율이 172.7%로 다소 높은 수준이며, PER이 '해당없음(적자)'이라는 점은 재무적인 부담과 성장성에 대한 의문을 제기합니다.""]",6.371681415929204,8.584070796460178
247540,에코프로비엠,2025-02-03,120300,Neutral,55,"[""최근 애널리스트 리포트에서 투자의견 상향과 목표주가 상향이 있었으나, 일부 리포트에서는 회복 가시성 부족 및 컨센서스 하회 전망도 존재하여 상반된 의견이 혼재하고 있습니다."", ""연간 실적에서 매출은 크게 증가했으나 영업이익은 큰 폭으로 감소하여 수익성 악화가 관찰되며, 이는 PER이 '해당없음(적자)'으로 표시되는 이유와 연결됩니다."", ""현재 주가는 52주 최저가 대비 높은 수준이지만 최고가 대비로는 상당한 하락폭을 기록하고 있으며, 최근 1개월 수익률은 긍정적이나 거래량 변화율이 높다는 점은 변동성 확대 가능성을 시사합니다.""]",0.3325020781379884,-6.317539484621778
247540,에코프로비엠,2025-03-04,112700,Neutral,55,"[""최근 1개월 수익률이 -14.58%로 하락세를 보이고 있으며, 52주 최고가 대비 현재 위치가 3.4%로 낮아 기술적 반등 가능성이 있으나, 애널리스트 리포트에서 목표주가가 현재가와 큰 차이가 없거나 하회하는 경우가 많아 상승 동력이 약합니다."", ""연간 실적에서 매출은 크게 증가했으나 영업이익이 큰 폭으로 감소하여 수익성 악화가 우려되며, PER이 '해당없음(적자)'인 점은 부정적인 요인입니다."", ""부채비율이 172.7%로 다소 높은 편이나, 영업현금흐름은 긍정적인 모습을 보이고 있어 재무 안정성에 대한 판단이 엇갈립니다.""]",5.944986690328305,-18.98846495119787
247540,에코프로비엠,2025-04-01,91300,Sell,70,"[""최근 1개월 수익률이 -19.58%로 크게 하락했으며, 거래량 변화율도 -35.48%로 감소하여 투자 심리가 위축된 것으로 보입니다."", ""연간 실적에서 매출이 전년 대비 59.9% 감소하고 영업이익 및 순이익이 적자를 기록하며 큰 폭으로 악화된 점은 부정적인 요인입니다."", ""현재가가 52주 최저가에 근접해 있으며, 52주 최고가 대비 큰 폭으로 하락한 상태로 추가 하락 가능성이 존재합니다.""]",3.723986856516977,11.171960569550931
247540,에코프로비엠,2025-05-02,100600,Neutral,55,"[""최근 1개월 수익률은 긍정적이나, 거래량 감소는 매수세 약화를 시사합니다."", ""애널리스트 리포트 내 목표주가가 90,000원에서 140,000원까지 넓게 분포하며 의견이 엇갈리고 있습니다."", ""연간 실적은 큰 폭의 매출 감소와 영업이익 적자를 기록했으나, 영업현금흐름은 긍정적인 점은 재무 안정성에 대한 긍정적 신호입니다.""]",-1.1928429423459244,-4.3737574552683895
247540,에코프로비엠,2025-06-02,91700,Sell,70,"[""최근 1개월 수익률이 -13.09%로 하락세를 보이고 있으며, 이는 투자 심리 위축을 시사합니다."", ""연간 실적에서 매출과 영업이익이 전년 대비 큰 폭으로 감소했으며, 영업이익률 또한 마이너스를 기록하여 수익성 악화가 심각합니다."", ""PER이 '해당없음(적자)'으로 표시되어 있어 현재 기업 가치 대비 수익성이 매우 낮은 상태이며, 이는 주가 하락 압력으로 작용할 수 있습니다.""]",6.324972737186478,15.812431842966191
247540,에코프로비엠,2025-07-01,103200,Neutral,60,"[""최근 1개월 수익률이 13.33%로 긍정적인 흐름을 보이고 있으나, 연간 실적은 매출 및 영업이익이 큰 폭으로 감소하며 적자를 기록하고 있어 투자 심리에 부담으로 작용할 수 있습니다."", ""LIB 소재 가격 안정 및 물량 증가로 턴어라운드를 예상하는 애널리스트 리포트가 있으나, 구체적인 목표주가가 제시되지 않아 단기적인 방향성 판단에 한계가 있습니다."", ""현재가 103,200원은 52주 최고가 198,900원 대비 낮은 수준이지만, 52주 최저가 81,200원 대비로는 높은 편에 속하여 추가적인 상승 여력과 하락 위험을 동시에 내포하고 있습니다.""]",-2.3255813953488373,10.852713178294572
247540,에코프로비엠,2025-08-01,108000,Sell,65,"[""연간 실적에서 매출과 영업이익이 전년 대비 큰 폭으로 감소하며 적자를 기록하고 있어 부정적인 재무 상태를 보여줍니다."", ""PER이 해당없음(적자)으로 표시되어 있어 현재 기업 가치 대비 수익성을 평가하기 어렵습니다."", ""최근 1개월 수익률은 소폭 상승했으나 거래량 변화율이 감소하고 있어 투자 심리가 위축될 가능성이 있습니다.""]",24.074074074074076,10.833333333333334
247540,에코프로비엠,2025-09-01,119700,Neutral,60,"[""최근 1개월 수익률은 긍정적이나, 연간 실적은 매출 및 영업이익이 큰 폭으로 감소하며 적자를 기록하고 있어 재무적 부담이 존재합니다."", ""애널리스트 리포트 내 목표주가 범위가 110,000원에서 180,000원으로 넓게 분포되어 있어 향후 방향성에 대한 의견이 엇갈리고 있습니다."", ""현재 주가는 52주 최고가 대비 상당 부분 하락한 위치에 있으나, 52주 최저가 대비로는 상승한 상태로 기술적 반등 가능성과 밸류에이션 부담이 공존합니다.""]",-1.5037593984962403,-5.597326649958228
247540,에코프로비엠,2025-10-01,116300,Sell,65,"[""최근 1개월 수익률이 마이너스(-)를 기록하며 약세를 보이고 있으며, 거래량 변화율 또한 크게 감소하여 투자 심리가 위축된 것으로 판단됩니다."", ""연간 실적에서 매출과 영업이익이 전년 대비 큰 폭으로 감소했으며, 영업이익률 또한 마이너스(-)를 기록하는 등 재무 상태가 좋지 않습니다."", ""PER이 '해당없음(적자)'으로 표시되는 등 현재 기업 가치 대비 수익성이 매우 낮은 상황이며, 이는 향후 주가 상승에 부담으로 작용할 수 있습니다.""]",22.957867583834908,35.85554600171969
247540,에코프로비엠,2025-11-03,161800,Neutral,50,"[""최근 1개월 높은 수익률과 거래량 증가에도 불구하고, 연간 실적 악화 및 적자 상태는 투자 심리에 부담으로 작용할 수 있습니다."", ""PBR이 8.16으로 높은 편이며, 52주 최고가 대비 현재 위치가 높아 추가 상승 여력이 제한적일 수 있습니다."", ""부채비율이 118.7%로 다소 높은 편이나, 영업현금흐름이 긍정적인 점은 재무 안정성 측면에서 긍정적입니다.""]",-5.067985166872682,-1.6069221260815822
247540,에코프로비엠,2025-12-01,159200,Sell,70,"[""최근 1개월 수익률이 마이너스이며 거래량 변화율도 크게 감소하여 단기 모멘텀이 부족한 상황입니다."", ""애널리스트 리포트에서 회복 가시성이 불투명하다는 의견과 본업 적자 지속, 부족한 단기 모멘텀에 대한 언급이 다수 존재합니다."", ""연간 실적에서 매출과 영업이익이 큰 폭으로 감소했으며, 영업이익률이 마이너스를 기록하는 등 재무 상태가 좋지 않습니다.""]",14.384422110552764,-10.992462311557787
196170,알테오젠,2023-01-02,36300,Neutral,40,"[""알테오젠은 현재 적자 상태이며, 매출 및 영업이익 감소 추세를 보이고 있어 재무적으로는 부정적인 요인이 많습니다."", ""하지만 52주 최고가 대비 현재 위치가 낮고 최근 1개월 수익률이 소폭 상승한 점은 긍정적인 신호로 해석될 수 있습니다."", ""거래량 변화율이 음수이고 PBR이 높은 점은 투자 심리가 위축될 가능성을 시사하며, 명확한 상승 또는 하락 추세를 판단하기 어렵습니다.""]",-4.40771349862259,14.049586776859504
196170,알테오젠,2023-02-01,41400,Buy,75,"[""최근 애널리스트 리포트에서 긍정적인 전망과 목표주가가 제시되고 있으며, 특히 Sandoz와의 추가 계약 가능성이 언급되어 성장 기대감이 높습니다."", ""바이오 플랫폼 기술의 성공 확률이 높다는 평가와 함께 기술이전 가능성이 열려 있어 향후 실적 개선에 대한 잠재력이 있습니다."", ""현재 주가는 52주 최고가 대비 낮은 수준이지만, 기술적 반등 가능성과 함께 시장의 관심이 재조명될 여지가 있습니다.""]",1.6908212560386473,-10.869565217391305
196170,알테오젠,2023-03-02,36900,Neutral,50,"[""알테오젠은 현재 적자 상태이며, 매출 및 영업이익 감소 추세를 보이고 있어 재무적으로 불안정한 모습을 보입니다."", ""기술적으로는 52주 최저가 대비 상승했지만, 52주 최고가 대비로는 여전히 낮은 수준에 머물러 있어 상승 동력이 약할 수 있습니다."", ""최근 1개월 수익률이 마이너스이고 거래량 변화율이 높다는 점은 변동성이 크다는 것을 시사하지만, 명확한 상승 또는 하락 추세를 판단하기에는 근거가 부족합니다.""]",-3.794037940379404,7.452574525745257
196170,알테오젠,2023-04-03,46000,Buy,65,"[""최근 1개월 수익률이 6.10%로 긍정적인 흐름을 보이고 있으며, 거래량 변화율도 47.28%로 증가하여 투자자들의 관심이 높아지고 있음을 시사합니다."", ""현재 주가는 52주 최고가 대비 약 29.8% 수준으로, 추가 상승 여력이 존재할 가능성이 있습니다."", ""적자 기업임에도 불구하고 PBR이 14.42로 높다는 점은 시장에서 성장성에 대한 기대감이 반영되고 있음을 나타냅니다.""]",10.652173913043478,-8.478260869565217
196170,알테오젠,2023-05-02,42100,Buy,65,"[""최근 1개월 수익률이 9.84%로 긍정적인 흐름을 보이고 있으며, 거래량 변화율이 100.13%로 급증하며 투자자들의 관심이 높아지고 있음을 시사합니다."", ""52주 최고가 대비 현재 위치가 42.3%로, 아직 상승 여력이 남아있다고 판단됩니다."", ""최근 애널리스트 리포트에서 목표주가 70,000원을 제시하며 긍정적인 전망을 내놓고 있습니다.""]",5.225653206650831,23.040380047505938
196170,알테오젠,2023-06-01,51800,Buy,70,"[""최근 1개월간 21.38%의 높은 수익률을 기록하며 강한 상승 모멘텀을 보여주고 있습니다."", ""52주 최고가 대비 현재 위치가 68.7%로, 아직 상승 여력이 남아있을 가능성이 있습니다."", ""적자 기업임에도 불구하고 높은 PBR은 미래 성장성에 대한 시장의 기대를 반영하며, 이는 단기적인 주가 상승 요인이 될 수 있습니다.""]",-11.96911196911197,-16.89189189189189
196170,알테오젠,2023-07-03,41850,Buy,65,"[""최근 1개월 수익률이 마이너스이나, 2023년 6월 19일 리포트에서 기술료 유입으로 2분기 호실적 전망 및 목표주가 53,000원을 제시하며 긍정적인 시그널을 보이고 있습니다."", ""현재가 41,850원은 52주 최고가 63,810원 대비 상당한 하락폭을 보이고 있어, 기술료 유입에 따른 실적 개선 기대감이 반영될 경우 반등 가능성이 있습니다."", ""부채비율 68.9%는 재무 안정성 측면에서 우려할 만한 수준은 아니며, 적자 기업임에도 불구하고 PBR 15.85는 시장에서 성장성에 대한 기대감을 반영하고 있다고 볼 수 있습니다.""]",-5.4958183990442055,5.256869772998805
196170,알테오젠,2023-08-01,42150,Buy,70,"[""최근 애널리스트 리포트에서 목표주가 70,000원을 제시하며 긍정적인 전망을 내놓았습니다."", ""현재 주가는 52주 최고가 대비 상당한 할인율을 보이고 있어 상승 여력이 존재합니다."", ""최근 1개월 수익률이 소폭 상승하고 거래량 변화율도 긍정적인 점은 투자 심리 개선 가능성을 시사합니다.""]",12.574139976275209,7.354685646500593
196170,알테오젠,2023-09-01,43050,Neutral,50,"[""알테오젠은 현재 적자 상태이며, 매출 및 영업이익이 전년 대비 감소하는 등 재무적으로 불안정한 모습을 보이고 있습니다."", ""기술적으로는 52주 최고가 대비 61.0% 수준에 위치하며 최근 1개월 수익률은 소폭 상승했으나, 거래량 변화율은 감소하여 상승 동력이 약화될 가능성이 있습니다."", ""높은 PBR과 적자 상태임에도 불구하고 시가총액이 2.3조원에 달하는 점은 현재 주가에 대한 부담 요인이 될 수 있으며, 명확한 상승 또는 하락 추세를 판단하기 어렵습니다.""]",20.557491289198605,58.6527293844367
196170,알테오젠,2023-10-04,64600,Buy,75,"[""최근 1개월간 42.73%의 높은 수익률과 607.66%의 거래량 변화율은 강한 매수세를 시사합니다."", ""현재가가 52주 최고가 대비 약 20% 하락한 수준으로, 추가 상승 여력이 존재할 수 있습니다."", ""적자 기업임에도 불구하고 높은 PBR은 미래 성장성에 대한 시장의 기대감을 반영하며, 이는 단기적인 주가 상승 동력으로 작용할 수 있습니다.""]",-4.798761609907121,6.5015479876161
196170,알테오젠,2023-11-01,68200,Neutral,40,"[""알테오젠은 현재 적자 상태이며, 매출 및 영업이익 감소 추세를 보이고 있어 단기적인 재무 개선 기대감은 낮습니다."", ""기술적으로는 52주 최고가 대비 상당 부분 하락했지만, 최근 1개월 수익률이 마이너스이고 거래량 변화율도 크게 감소하여 상승 모멘텀이 약합니다."", ""높은 PBR은 현재 기업 가치 대비 주가가 고평가되었을 가능성을 시사하며, 뚜렷한 투자 모멘텀이나 재무 개선 신호가 없어 향후 20거래일 내 명확한 방향성을 판단하기 어렵습니다.""]",-8.797653958944283,17.302052785923756
196170,알테오젠,2023-12-01,78500,Buy,75,"[""알테오젠은 52주 최고가에 근접한 100% 위치에 있으며, 최근 1개월 수익률이 21.11%로 강한 상승세를 보이고 있습니다."", ""현재 PER이 '해당없음(적자)'으로 표시되지만, PBR이 30.42로 높은 것은 시장이 미래 성장성을 높게 평가하고 있음을 시사합니다."", ""비록 연간 실적은 적자를 기록하고 있으나, 부채비율이 68.9%로 비교적 안정적인 재무 구조를 유지하고 있으며, 이는 향후 연구개발 및 사업 확장에 긍정적인 영향을 줄 수 있습니다.""]",-7.388535031847134,12.738853503184714
196170,알테오젠,2024-01-02,90500,Buy,75,"[""알테오젠은 현재 52주 최고가에 근접한 90,500원에 거래되고 있으며, 52주 내 최고가 대비 89.5% 수준으로 높은 위치에 있습니다."", ""최근 1개월 수익률이 16.41%로 양호한 상승세를 보이고 있으며, 거래량 변화율도 6.09%로 긍정적인 흐름을 나타내고 있습니다."", ""현재 PER이 해당 없음(적자)이고 PBR이 33.69로 높은 편이나, 이는 바이오 섹터의 성장성을 반영하는 것으로 해석될 수 있으며, 기술적 지표와 최근 모멘텀을 고려할 때 단기적인 상승 가능성이 높다고 판단됩니다.""]",7.513812154696133,-14.585635359116022
196170,알테오젠,2024-02-01,76400,Neutral,50,"[""알테오젠은 현재 적자 상태이며, 매출 및 영업이익 감소 추세를 보이고 있어 단기적인 실적 개선에 대한 불확실성이 존재합니다."", ""최근 1개월 수익률이 -21.11%로 하락세를 보이고 있으며, 거래량 변화율 또한 감소하여 투자 심리가 위축된 것으로 판단됩니다."", ""하지만 52주 최고가 대비 현재 위치가 59.2% 수준으로, 여전히 상승 여력이 남아있다는 점과 부채비율이 68.9%로 비교적 안정적인 재무 구조를 유지하고 있다는 점은 긍정적인 요인으로 작용할 수 있습니다.""]",13.350785340314136,154.1884816753927
196170,알테오젠,2024-03-04,192200,Buy,70,"[""최근 1개월 수익률이 106.93%로 매우 높으며, 52주 최고가 대비 현재 위치가 100%라는 점은 강한 상승 모멘텀을 시사합니다."", ""거래량 변화율이 132.99%로 높다는 것은 시장의 관심이 집중되고 있음을 나타내며, 이는 추가적인 상승 가능성을 높입니다."", ""머크와의 독점 계약 코멘트 등 긍정적인 뉴스 플로우가 존재하며, 이는 향후 실적 개선에 대한 기대감을 높여줍니다.""]",0.676378772112383,-11.550468262226849
196170,알테오젠,2024-04-01,170000,Buy,75,"[""최근 1개월 수익률 16%로 강한 상승세를 보이고 있으며, 52주 최고가 대비 현재 위치가 높아 추가 상승 여력이 있습니다."", ""머크와의 파이프라인 계약 관련 긍정적인 애널리스트 리포트가 목표주가 30만원으로 제시되어 투자 심리를 자극할 수 있습니다."", ""매출이 전년 대비 235.1% 급증하며 성장성을 보여주고 있으며, 이는 향후 실적 개선에 대한 기대감을 높입니다.""]",1.8823529411764703,6.352941176470588
196170,알테오젠,2024-05-02,177200,Neutral,50,"[""알테오젠은 현재 적자 상태이며 PER 지표가 없어 가치 평가가 어렵습니다."", ""PBR이 65.47로 매우 높아 기업의 장부가치 대비 주가가 상당히 고평가된 것으로 보입니다."", ""최근 1개월 수익률이 마이너스이고 거래량 변화율도 감소하여 단기적인 투자 심리가 위축될 가능성이 있습니다."", ""연간 매출은 큰 폭으로 증가했으나 영업이익 및 순이익은 여전히 큰 적자를 기록하고 있어 수익성 개선이 시급합니다."", ""부채비율은 양호한 편이나 영업현금흐름이 마이너스인 점은 재무 안정성에 대한 우려를 남깁니다.""]",-7.223476297968396,31.772009029345373
196170,알테오젠,2024-06-03,233500,Buy,75,"[""최근 1개월 수익률이 12.49%로 양호하며, 52주 최고가 대비 현재 위치가 88.7%로 상승 추세가 이어지고 있습니다."", ""최근 애널리스트 리포트에서 머크 자체 SC 실패 발표에도 불구하고 목표주가 300,000원을 제시하며 긍정적인 전망을 내놓았습니다."", ""매출이 전년 대비 235.1% 급증하는 등 외형 성장이 두드러지고 있으며, 이는 향후 기업 가치 상승에 대한 기대감을 높입니다.""]",18.201284796573876,10.706638115631693
196170,알테오젠,2024-07-01,262500,Buy,75,"[""최근 1개월간 54.17%의 높은 수익률을 기록하며 강한 상승 모멘텀을 보여주고 있습니다."", ""52주 최고가 대비 현재 위치가 95.2%로, 상승 여력이 아직 남아있을 가능성이 있습니다."", ""매출이 전년 대비 235.1%로 크게 증가한 점은 긍정적인 신호로 해석될 수 있습니다.""]",0.0,22.09523809523809
196170,알테오젠,2024-08-01,295000,Buy,85,"[""최근 긍정적인 계약 확대 및 승인 완료 소식과 함께 목표주가가 현재가 대비 상승 여력을 시사하고 있습니다."", ""52주 최고가 대비 현재 위치가 매우 높아 추가 상승에 대한 기대감이 존재합니다."", ""매출이 큰 폭으로 증가하고 있어 성장 잠재력이 높으며, 적자 상태임에도 불구하고 시장의 관심이 지속되고 있습니다.""]",2.3728813559322037,9.152542372881356
196170,알테오젠,2024-09-02,325500,Buy,75,"[""알테오젠은 52주 최고가에 근접하며 강한 상승 모멘텀을 보여주고 있습니다."", ""매출이 전년 대비 235.1% 급증하며 성장성을 입증하고 있습니다."", ""영업이익 적자 폭이 전년 대비 축소되고 있으며, 이는 점진적인 수익성 개선 가능성을 시사합니다.""]",-6.29800307219662,13.36405529953917
196170,알테오젠,2024-10-02,356000,Buy,75,"[""알테오젠은 52주 최고가에 근접한 강한 상승 추세를 보이고 있으며, 최근 1개월 수익률도 긍정적입니다."", ""매출이 전년 대비 235.1% 급증하는 등 폭발적인 성장세를 기록하고 있어 향후 실적 개선 기대감이 높습니다."", ""영업이익 적자 폭이 전년 대비 축소되고 있으며, 부채비율이 73.2%로 재무 안정성 측면에서 큰 우려는 없어 보입니다.""]",6.320224719101124,9.410112359550562
196170,알테오젠,2024-11-01,389500,Buy,75,"[""알테오젠은 52주 최고가에 근접한 397,500원 대비 현재 389,500원으로 높은 위치에 있으며, 이는 강한 상승 추세를 시사합니다."", ""최근 1개월 수익률이 9.02%로 양호한 흐름을 보이고 있으며, 이는 단기적인 매수세가 유입되고 있음을 나타냅니다."", ""매출이 전년 대비 235.1% 증가하는 등 폭발적인 성장세를 보이고 있어, 적자 상태임에도 불구하고 미래 성장성에 대한 기대감이 주가에 반영될 가능성이 높습니다.""]",14.377406931964057,-22.46469833119384
196170,알테오젠,2024-12-02,325000,Buy,85,"[""최근 30일 내 애널리스트 리포트에서 긍정적인 목표주가 상향 및 기술 이전 성공 발표가 다수 존재합니다."", ""최근 1개월 수익률은 하락했지만, 52주 최고가 대비 현재 위치는 62.0%로 여전히 상승 여력이 남아있습니다."", ""거래량 변화율이 247.35%로 높게 나타나 투자자들의 관심이 집중되고 있으며, 이는 향후 주가 상승의 동력이 될 수 있습니다.""]",-2.1538461538461537,-2.0
196170,알테오젠,2025-01-02,318500,Buy,75,"[""알테오젠은 높은 매출 성장률을 기록하고 있으며, 이는 신약 개발 및 파이프라인에 대한 시장의 기대를 반영합니다."", ""현재 주가는 52주 최고가 대비 하락한 위치에 있어 추가 상승 여력이 존재합니다."", ""최근 1개월 수익률이 긍정적인 흐름을 보이고 있으며, 이는 단기적인 매수세 유입 가능성을 시사합니다.""]",-2.8257456828885403,23.07692307692308
196170,알테오젠,2025-02-03,374000,Buy,85,"[""JP모건의 730,000원 목표주가 제시 및 연내 머크의 신약 출시 기대감은 긍정적인 투자 심리를 자극할 수 있습니다."", ""최근 1개월 수익률이 16.92%로 강한 상승세를 보이고 있으며, 52주 최고가 대비 현재 위치가 75.1%로 상승 여력이 남아있습니다."", ""매출이 전년 대비 235.1% 크게 증가하며 성장성을 보여주고 있으며, 부채비율이 73.2%로 재무 안정성 측면에서 우려할 만한 수준은 아닙니다.""]",1.06951871657754,10.6951871657754
196170,알테오젠,2025-03-04,414000,Buy,75,"[""알테오젠은 52주 최고가 대비 현재 위치가 87.3%로 높은 수준이지만, 최근 1개월 수익률이 7.67%로 긍정적인 흐름을 보이고 있습니다."", ""매출이 전년 대비 235.1% 급증하며 성장성을 보여주고 있으며, 이는 향후 실적 개선에 대한 기대감을 높입니다."", ""부채비율이 73.2%로 재무 안정성이 양호한 편이며, 이는 적자 상태에서도 기업 운영에 큰 무리가 없을 가능성을 시사합니다.""]",-12.80193236714976,-12.439613526570048
196170,알테오젠,2025-04-01,362500,Buy,85,"[""최근 애널리스트 리포트에서 목표주가를 상향하며 긍정적인 전망을 제시하고 있습니다."", ""연간 실적에서 매출 및 영업이익이 큰 폭으로 성장했으며, 영업이익률 또한 높은 수준을 유지하고 있습니다."", ""부채비율이 낮고 영업현금흐름이 양호하여 재무 안정성이 뛰어납니다."", ""최근 1개월 수익률은 소폭 하락했지만, 52주 최고가 대비 현재 위치가 74% 수준으로 상승 여력이 남아있습니다.""]",-4.137931034482759,-3.1724137931034484
196170,알테오젠,2025-05-02,356500,Buy,75,"[""최근 애널리스트 리포트에서 긍정적인 목표주가 제시 및 기술력에 대한 호평이 있었습니다."", ""연간 실적에서 매출 및 영업이익이 크게 증가하며 견조한 성장세를 보여주고 있습니다."", ""높은 영업이익률과 안정적인 부채비율, 긍정적인 영업현금흐름은 재무 건전성을 뒷받침합니다.""]",-6.03085553997195,3.3660589060308554
196170,알테오젠,2025-06-02,381000,Buy,75,"[""최근 1개월 수익률은 소폭 하락했으나, 52주 최고가 대비 현재 위치는 64% 수준으로 추가 상승 여력이 존재합니다."", ""연간 실적에서 매출 및 영업이익이 크게 증가했으며, 특히 영업이익률이 24.7%로 매우 높습니다."", ""IRA 약가 인하 및 특허 이슈 분석 리포트에서 목표주가 730,000원을 제시하며 긍정적인 전망을 내놓고 있습니다.""]",7.742782152230972,4.461942257217848
196170,알테오젠,2025-07-01,392500,Buy,85,"[""최근 애널리스트 리포트에서 긍정적인 목표주가 상향 및 신규 임상 개시, 기술 이전 기대감이 지속적으로 제시되고 있습니다."", ""연간 실적에서 매출 및 영업이익이 큰 폭으로 증가했으며, 영업이익률 또한 높은 수준을 유지하고 있어 기업의 성장성이 돋보입니다."", ""기술적 지표상 52주 최고가 대비 현재 위치가 61.7%로 상승 여력이 남아있으며, 최근 1개월 수익률과 거래량 변화율 또한 긍정적인 흐름을 보이고 있습니다.""]",7.898089171974522,15.031847133757962
196170,알테오젠,2025-08-01,432000,Buy,85,"[""최근 애널리스트 리포트에서 목표주가 상향 조정과 함께 긍정적인 시장 확대 전망이 제시되었습니다."", ""연간 실적에서 매출 및 영업이익이 큰 폭으로 성장했으며, 특히 영업이익률 개선이 두드러져 기업의 수익성이 강화되었습니다."", ""부채비율이 낮고 영업현금흐름이 양호하여 재무 안정성이 뛰어나며, 이는 향후 성장 동력 확보에 긍정적인 영향을 미칠 수 있습니다.""]",-0.4629629629629629,7.060185185185184
196170,알테오젠,2025-09-01,462500,Buy,75,"[""알테오젠은 높은 영업이익률과 긍정적인 영업현금흐름을 바탕으로 견조한 재무 안정성을 보여주고 있습니다."", ""전년 대비 폭발적인 영업이익 증가율은 향후 성장 가능성을 시사하며, 현재 주가가 52주 최고가에 근접해 있음에도 불구하고 추가 상승 여력이 있을 것으로 판단됩니다."", ""최근 1개월 수익률은 소폭 상승에 그쳤으나, 이는 단기적인 조정일 수 있으며, 시장 대비 강한 흐름을 이어갈 가능성이 높습니다.""]",3.027027027027027,-0.9729729729729728
196170,알테오젠,2025-10-01,471500,Buy,85,"[""최근 애널리스트 리포트에서 FDA 및 CHMP 승인 권고, 글로벌 로열티 기대감 등으로 목표주가가 상향 조정되며 긍정적인 전망이 제시되었습니다."", ""연간 실적에서 매출 및 영업이익이 크게 증가했으며, 영업이익률 또한 높은 수준을 유지하고 있어 기업의 성장성이 부각됩니다."", ""52주 최고가 대비 현재 위치가 높아 상승 여력이 제한적일 수 있으나, 기술적 지표 상 거래량 변화율이 긍정적인 신호를 보내고 있습니다.""]",-8.377518557794273,16.01272534464475
196170,알테오젠,2025-11-03,549000,Buy,75,"[""알테오젠은 52주 최고가를 경신하며 강한 상승 모멘텀을 보여주고 있습니다."", ""최근 1개월 수익률이 17%로 양호하며, 영업이익이 전년 대비 360.9% 급증하는 등 견조한 실적 개선세를 나타내고 있습니다."", ""부채비율이 49.2%로 낮고 영업현금흐름이 양호하여 재무 안정성 또한 우수합니다.""]",-7.103825136612022,-5.100182149362477
196170,알테오젠,2025-12-01,521000,Buy,85,"[""유럽 시판 허가 획득 및 연내 추가 L/O 가능성 언급 등 긍정적인 애널리스트 리포트가 존재합니다."", ""최근 1개월 수익률이 10.95%로 양호하며, 52주 최고가 대비 현재 위치가 94.0%로 상승 추세가 강하게 나타나고 있습니다."", ""매출 및 영업이익이 큰 폭으로 증가했으며, 영업이익률과 영업현금흐름도 긍정적인 지표를 보이고 있어 기업의 펀더멘탈이 견조합니다.""]",-12.284069097888676,-12.284069097888676
34020,두산에너빌리티,2023-01-02,15100,Neutral,50,"[""최근 1개월 수익률이 마이너스이고 거래량 변화율도 하락세를 보이며 단기적인 하락 압력이 존재합니다."", ""하지만 연간 실적에서 매출과 영업이익이 큰 폭으로 증가했으며, 영업이익률 개선과 긍정적인 영업현금흐름은 펀더멘털 측면에서 긍정적인 요인입니다."", ""현재 주가가 52주 최저가 대비로는 상승했지만 최고가 대비로는 상당한 하락폭을 기록하고 있어, 향후 20거래일 내 명확한 방향성을 판단하기 어렵습니다.""]",8.609271523178808,9.933774834437086
34020,두산에너빌리티,2023-02-01,16600,Buy,75,"[""최근 1개월 수익률이 7.34%로 긍정적인 흐름을 보이고 있으며, 거래량 변화율도 14.73%로 증가 추세에 있어 투자 심리가 개선되고 있음을 시사합니다."", ""연간 실적에서 매출과 영업이익이 전년 대비 큰 폭으로 증가하며 가파른 성장세를 기록하고 있어 기업 펀더멘털이 견조함을 보여줍니다."", ""현재 주가가 52주 최저가 대비 36.6% 상승한 위치에 있지만, 52주 최고가와의 격차가 여전히 존재하여 추가 상승 여력이 있다고 판단됩니다.""]",-4.337349397590361,0.7228915662650602
34020,두산에너빌리티,2023-03-02,16720,Buy,70,"[""전년 대비 매출 및 영업이익의 폭발적인 성장세를 기록하며 실적 개선이 뚜렷하게 나타나고 있습니다."", ""영업이익률이 7.8%로 개선되었으며, 영업현금흐름이 양(+)의 값을 기록하며 재무 건전성이 양호한 편입니다."", ""현재 주가는 52주 최고가 대비 하락한 위치에 있어 추가 상승 여력이 존재하며, 기술적 반등을 기대해볼 수 있습니다.""]",6.997607655502393,1.674641148325359
34020,두산에너빌리티,2023-04-03,17280,Buy,75,"[""연간 실적에서 매출과 영업이익이 전년 대비 큰 폭으로 증가하며 긍정적인 성장세를 보이고 있습니다."", ""영업이익률이 7.2%로 개선되었으며, 영업현금흐름 또한 긍정적인 것으로 나타나 재무 건전성이 회복되고 있음을 시사합니다."", ""최근 1개월 수익률이 소폭 상승했고, 거래량 변화율이 93.09%로 크게 증가한 것은 투자자들의 관심이 높아지고 있음을 나타내며, 이는 향후 주가 상승의 동력이 될 수 있습니다.""]",-1.7939814814814814,-9.895833333333332
34020,두산에너빌리티,2023-05-02,15570,Buy,65,"[""매출 및 영업이익의 큰 폭 성장과 긍정적인 영업현금흐름은 기업 펀더멘털 개선을 시사합니다."", ""현재가가 52주 최저가 대비 높은 수준에 위치하며, 최근 1개월 수익률 하락은 단기적인 조정으로 해석될 수 있습니다."", ""거래량 변화율이 긍정적인 점은 투자자들의 관심이 다시 살아날 가능성을 보여줍니다.""]",-1.5414258188824663,5.5876685934489405
34020,두산에너빌리티,2023-06-01,16440,Neutral,50,"[""연간 실적은 매출과 영업이익이 크게 증가하며 긍정적인 모습을 보였으나, 순이익은 적자를 기록하며 재무 건전성에 대한 우려가 존재합니다."", ""현재가는 52주 최고가 대비 상당 부분 하락한 상태이며, 최근 1개월 수익률과 거래량 변화율이 부정적인 점은 단기적인 하락 압력을 시사합니다."", ""PBR이 1.03으로 자산 가치 대비 크게 고평가 또는 저평가되었다고 보기 어려우며, PER이 없어 밸류에이션 판단이 어렵고 ROE도 확인되지 않아 투자 매력도를 명확히 판단하기 어렵습니다.""]",12.1654501216545,10.097323600973237
34020,두산에너빌리티,2023-07-03,17920,Buy,75,"[""최근 1개월 수익률이 11.73%로 양호하며, 거래량 변화율이 110.19%로 크게 증가하여 투자 심리가 개선되고 있음을 시사합니다."", ""연간 실적에서 매출과 영업이익이 전년 대비 각각 40.3%, 27.2% 증가하며 긍정적인 성장세를 보이고 있습니다."", ""영업이익률 7.2%와 영업현금흐름이 긍정적인 점은 재무 건전성 측면에서 긍정적인 신호입니다.""]",5.189732142857143,-2.34375
34020,두산에너빌리티,2023-08-01,17690,Neutral,50,"[""연간 실적은 매출과 영업이익이 크게 증가하며 긍정적인 모습을 보였으나, 순이익은 적자를 기록하며 재무 건전성에 대한 우려가 존재합니다."", ""현재가는 52주 최고가 대비 하락한 위치에 있으며, 최근 1개월 수익률과 거래량 변화율이 부정적인 점은 단기적인 하락 압력을 시사합니다."", ""PER이 해당 없음(적자)이고 ROE가 N/A%로 재무 건전성 지표가 부재하며, 부채비율이 128.7%로 다소 높은 점은 투자 매력도를 낮추는 요인입니다.""]",-3.900508762012436,2.996042962125495
34020,두산에너빌리티,2023-09-01,17190,Neutral,50,"[""연간 실적은 매출과 영업이익이 크게 성장했으나, 순이익은 적자를 기록하며 재무 건전성에 대한 우려가 존재합니다."", ""현재가는 52주 최고가 대비 하락한 위치에 있으며, 최근 1개월 수익률과 거래량 변화율이 부정적인 흐름을 보이고 있습니다."", ""PER이 없어 적자 기업임을 감안할 때, 단기적인 투자 방향성을 명확히 판단하기 어려운 상황입니다.""]",0.1745200698080279,-10.180337405468295
34020,두산에너빌리티,2023-10-04,15530,Neutral,50,"[""연간 실적은 매출과 영업이익이 큰 폭으로 증가하며 긍정적인 모습을 보였으나, 순이익 적자 상태는 투자 심리에 부담으로 작용할 수 있습니다."", ""현재가는 52주 최고가 대비 하락한 위치에 있으며 최근 1개월 수익률 또한 마이너스를 기록하여 단기적인 하락 압력이 존재합니다."", ""거래량 변화율이 긍정적인 신호를 보이고 있으나, PER이 없어 가치 평가가 어렵고 부채비율이 다소 높아 재무 안정성에 대한 추가적인 분석이 필요합니다.""]",-6.439150032195751,-9.980682549903412
34020,두산에너빌리티,2023-11-01,13910,Neutral,50,"[""연간 실적은 매출과 영업이익이 큰 폭으로 증가하며 긍정적인 모습을 보였으나, 순이익은 적자를 기록하여 재무 건전성에 대한 우려가 존재합니다."", ""현재가는 52주 최저가에 근접한 수준으로 하방 경직성이 나타날 수 있으나, 최근 1개월 수익률이 큰 폭으로 하락하고 거래량 변화율도 감소하여 투자 심리가 위축된 것으로 보입니다."", ""PER이 없어 적정 가치 판단이 어렵고, PBR이 1 미만이어서 자산 가치 대비 저평가 가능성도 있지만, 기술적 지표와 재무 지표의 상반된 신호로 인해 단기적인 방향성 판단이 어렵습니다.""]",1.4378145219266714,13.587347232207044
34020,두산에너빌리티,2023-12-01,15610,Buy,75,"[""최근 1개월 수익률이 9.78%로 양호한 흐름을 보이고 있으며, 52주 최고가 대비 현재 위치가 31.5%로 상승 여력이 남아있습니다."", ""연간 실적에서 매출과 영업이익이 전년 대비 큰 폭으로 증가했으며, 영업이익률도 개선되는 모습을 보였습니다."", ""애널리스트 리포트에서 정책 모멘텀에 대비할 시점이라는 긍정적인 전망과 함께 목표주가 23,000원을 제시했습니다.""]",-0.6406149903907752,-0.25624599615631
34020,두산에너빌리티,2024-01-02,15600,Buy,70,"[""최근 1개월 수익률이 6.24%로 양호하며, 52주 최고가 대비 현재 위치가 44.0%로 상승 여력이 남아있습니다."", ""연간 매출 및 영업이익이 전년 대비 크게 증가했으며, 영업이익률도 7.2%로 개선되는 추세를 보이고 있습니다."", ""영업현금흐름이 긍정적인 수준이며, 부채비율이 128.7%로 재무 안정성 측면에서 큰 우려는 없어 보입니다.""]",-2.628205128205128,-1.0256410256410255
34020,두산에너빌리티,2024-02-01,16000,Neutral,50,"[""연간 실적은 매출과 영업이익이 큰 폭으로 증가하며 긍정적인 모습을 보였으나, 순이익 적자 상태는 투자 심리에 부담으로 작용할 수 있습니다."", ""PER이 해당되지 않고 ROE가 N/A%인 점은 현재 기업 가치 평가에 어려움을 시사하며, PBR 0.98은 자산 가치 대비 소폭 할인된 수준입니다."", ""최근 1개월 수익률이 마이너스이고 거래량 변화율도 감소한 점은 단기적인 투자 심리 위축을 나타내지만, 52주 최고가 대비 현재 위치가 33.3%로 상승 여력도 존재합니다.""]",-2.375,-2.3125
34020,두산에너빌리티,2024-03-04,15460,Buy,70,"[""최근 1개월 수익률이 4.92%로 긍정적인 흐름을 보이고 있으며, 거래량 변화율도 39.06%로 증가하는 추세입니다."", ""애널리스트 리포트에서 점진적인 수익성 개선과 함께 목표주가 23,000원을 제시하며 긍정적인 전망을 내놓고 있습니다."", ""연간 실적에서 매출과 영업이익이 전년 대비 큰 폭으로 증가했으며, 영업이익률도 7.2%로 개선되었습니다. 또한, 영업현금흐름이 긍정적인 점은 재무 안정성에 대한 기대를 높입니다.""]",10.155239327296249,8.538163001293661
34020,두산에너빌리티,2024-04-01,16780,Buy,75,"[""최근 1개월 수익률이 6.34%로 양호하며, 거래량 변화율이 154.92%로 크게 증가하여 투자 심리가 개선되고 있음을 시사합니다."", ""연간 실적에서 매출과 영업이익이 전년 대비 각각 14.1%, 32.6% 증가하며 견조한 성장세를 보이고 있습니다."", ""현재가가 52주 최고가 대비 약 13% 하락한 수준으로, 추가 상승 여력이 존재할 가능성이 있습니다.""]",-3.158522050059595,-1.66865315852205
34020,두산에너빌리티,2024-05-02,16550,Neutral,60,"[""연간 실적은 매출과 영업이익 모두 큰 폭으로 증가하며 긍정적인 신호를 보이고 있습니다."", ""하지만 높은 PER과 낮은 ROE는 현재 주가가 고평가되었을 가능성을 시사하며, 재무 안정성 지표인 부채비율이 다소 높은 편입니다."", ""최근 1개월 수익률 하락과 거래량 감소는 단기적인 투자 심리 위축을 나타내며, 52주 최고가 대비 현재 위치는 중간 수준으로 뚜렷한 상승 또는 하락 추세를 보이지 않습니다.""]",6.948640483383686,16.012084592145015
34020,두산에너빌리티,2024-06-03,19200,Buy,75,"[""최근 1개월 수익률이 23.51%로 강한 상승세를 보이고 있으며, 거래량 변화율 또한 275.13%로 급증하여 투자자들의 관심이 집중되고 있음을 시사합니다."", ""연간 실적에서 매출과 영업이익이 전년 대비 각각 14.1%, 32.6% 증가하며 견조한 성장세를 나타내고 있습니다."", ""현재 주가가 52주 최고가 대비 약 12.5% 하락한 수준이지만, 52주 최저가 대비로는 높은 위치에 있어 추가 상승 여력이 존재한다고 판단됩니다.""]",4.166666666666666,0.3125
34020,두산에너빌리티,2024-07-01,19330,Buy,70,"[""두산에너빌리티는 최근 1개월 수익률이 소폭 하락했으나, 연간 실적에서 매출과 영업이익이 큰 폭으로 증가하며 견조한 성장세를 보이고 있습니다."", ""영업이익률 8.3%와 영업현금흐름이 양(+)의 값을 기록하며 재무 건전성이 양호한 편입니다."", ""현재 주가는 52주 최고가 대비 약 12% 하락한 수준으로, 기술적으로는 반등 가능성을 내포하고 있습니다.""]",15.106052767718571,-3.983445421624418
34020,두산에너빌리티,2024-08-01,17690,Buy,75,"[""최근 애널리스트 리포트에서 대형 원전 수주 가능성과 글로벌 원전 시장 공략의 최대 수혜주로 언급되며 긍정적인 전망이 제시되었습니다."", ""연간 실적에서 매출과 영업이익이 전년 대비 큰 폭으로 증가했으며, 영업이익률도 개선되는 추세를 보이고 있습니다."", ""최근 1개월 수익률은 소폭 하락했지만, 거래량 변화율이 높다는 점은 투자자들의 관심이 증가하고 있음을 시사하며, 이는 향후 주가 상승의 동력이 될 수 있습니다.""]",0.0,1.1305822498586773
34020,두산에너빌리티,2024-09-02,17650,Neutral,50,"[""연간 실적은 매출과 영업이익 모두 큰 폭으로 증가하며 긍정적인 모습을 보이고 있습니다."", ""하지만 현재 PER이 205.6으로 매우 높아 밸류에이션 부담이 상당하며, 최근 1개월 수익률이 마이너스이고 거래량 변화율이 크게 감소한 점은 투자 심리 위축을 시사합니다."", ""부채비율이 127.3%로 다소 높은 편이며, 배당수익률 정보가 없는 점도 투자 매력도를 낮추는 요인으로 작용할 수 있습니다.""]",-6.175637393767705,4.079320113314448
34020,두산에너빌리티,2024-10-02,17410,Buy,70,"[""최근 1개월 수익률은 하락했으나, 연간 실적은 매출과 영업이익 모두 큰 폭으로 성장하며 긍정적인 추세를 보이고 있습니다."", ""영업이익률 8.3%와 영업현금흐름이 양(+)의 값을 기록하며 재무 건전성이 양호한 편입니다."", ""애널리스트 리포트에서 목표주가 26,000원을 제시하며 현재가 대비 상승 여력을 시사하고 있습니다.""]",6.0884549109707065,14.876507754164273
34020,두산에너빌리티,2024-11-01,20000,Buy,75,"[""최근 1개월 수익률이 11.56%로 양호하며, 거래량 변화율이 188.26%로 크게 증가하여 투자 심리가 개선되고 있음을 시사합니다."", ""연간 실적에서 매출과 영업이익이 전년 대비 크게 증가했으며, 영업이익률도 8.3%로 견조한 모습을 보이고 있습니다."", ""애널리스트 리포트에서 목표주가 25,000원을 제시하며 긍정적인 전망을 내놓고 있으며, 이는 현재가 대비 상승 여력이 있음을 의미합니다.""]",4.5,3.5000000000000004
34020,두산에너빌리티,2024-12-02,21150,Buy,75,"[""최근 1개월 수익률이 3.60%로 긍정적인 흐름을 보이고 있으며, 52주 최고가 대비 현재 위치가 78.5%로 상승 여력이 남아있습니다."", ""애널리스트 리포트에서 '글로벌 원전 크레센도의 최대 수혜'라는 긍정적인 전망이 제시되었습니다."", ""연간 실적에서 매출과 영업이익이 전년 대비 큰 폭으로 증가했으며, 영업이익률도 개선되는 등 펀더멘털 개선이 확인됩니다.""]",-18.77068557919622,-13.947990543735225
34020,두산에너빌리티,2025-01-02,18200,Buy,65,"[""최근 1개월 수익률 하락에도 불구하고, 연간 실적에서 매출과 영업이익이 큰 폭으로 증가하며 견조한 성장세를 보이고 있습니다."", ""영업이익률 개선과 긍정적인 영업현금흐름은 기업의 펀더멘털이 양호함을 시사합니다."", ""현재 주가는 52주 최고가 대비 상당 부분 하락한 상태로, 기술적 반등 가능성을 고려할 수 있습니다.""]",9.89010989010989,31.868131868131865
34020,두산에너빌리티,2025-02-03,24400,Buy,75,"[""최근 1개월 수익률이 30.74%로 강한 상승세를 보이고 있으며, 52주 최고가에 근접한 위치는 추가 상승 여력을 시사합니다."", ""연간 실적에서 매출과 영업이익이 전년 대비 큰 폭으로 증가했으며, 영업이익률도 개선되어 펀더멘탈이 긍정적입니다."", ""애널리스트 리포트에서 긍정적인 전망과 함께 높은 목표주가(36,000원)가 제시되어 투자 심리에 긍정적인 영향을 줄 수 있습니다.""]",-3.483606557377049,10.245901639344265
34020,두산에너빌리티,2025-03-04,26900,Buy,75,"[""최근 애널리스트 리포트에서 긍정적인 실적 전망과 함께 목표주가가 현재가 대비 상승 여력을 시사하고 있습니다."", ""최근 1개월 수익률이 6.69%로 양호하며, 거래량 변화율이 45.51%로 증가하는 것은 투자 심리 개선 및 상승 동력으로 작용할 수 있습니다."", ""연간 실적에서 매출과 영업이익이 크게 증가했으며, 영업이익률도 개선되는 등 펀더멘탈이 견조한 모습을 보이고 있습니다.""]",-2.41635687732342,-10.966542750929367
34020,두산에너빌리티,2025-04-01,23950,Neutral,50,"[""최근 1개월 수익률이 마이너스이고 거래량 변화율도 하락세를 보이고 있어 단기적인 하락 압력이 존재합니다."", ""PER이 137.1로 매우 높아 밸류에이션 부담이 있으며, ROE가 1.0%로 낮은 점은 수익성이 좋지 않음을 시사합니다."", ""하지만 52주 최고가 대비 현재 위치가 59.6%로 여전히 상승 여력이 남아있고, 영업현금흐름이 긍정적인 점은 긍정적인 요인으로 작용할 수 있습니다.""]",-15.866388308977037,20.876826722338205
34020,두산에너빌리티,2025-05-02,27300,Buy,75,"[""최근 1개월 수익률이 15.66%로 강한 상승세를 보이고 있으며, 52주 최고가 대비 현재 위치가 83.3%로 상승 여력이 남아있습니다."", ""애널리스트 리포트에서 1분기 실적 발표를 앞두고 '다시 한번 찾아온 탑승 기회'라는 긍정적인 전망과 함께 목표주가 40,000원을 제시했습니다."", ""영업이익이 전년 대비 감소했으나, 매출 규모가 매우 크고 영업현금흐름이 양(+)의 값을 기록하고 있어 재무적 안정성을 일부 확보하고 있습니다.""]",14.652014652014651,68.13186813186813
34020,두산에너빌리티,2025-06-02,42650,Buy,75,"[""최근 1개월 수익률이 41.70%로 강한 상승세를 보이고 있으며, 52주 최고가에 근접한 위치는 추가 상승에 대한 기대감을 높입니다."", ""애널리스트 리포트에서 2H25 가스터빈/원자력 수주 분출 및 원전 관련 수주 가시화 등 긍정적인 전망이 제시되었습니다."", ""거래량 변화율이 137.83%로 크게 증가한 것은 투자자들의 관심이 집중되고 있음을 시사하며, 이는 단기적인 상승 동력으로 작용할 수 있습니다.""]",28.01875732708089,45.1348182883939
34020,두산에너빌리티,2025-07-01,61600,Buy,75,"[""최근 1개월 수익률이 48.10%로 매우 높으며, 52주 최고가 대비 현재 위치가 87.9%로 상승 추세가 강하게 나타나고 있습니다."", ""거래량 변화율이 12.30%로 긍정적인 신호를 보이며, 이는 투자자들의 관심 증가를 시사합니다."", ""연간 실적은 매출과 영업이익이 감소했지만, 영업이익률 6.3%와 영업현금흐름 +242204.0조원은 여전히 견조한 사업 운영 능력을 보여줍니다.""]",4.545454545454546,3.4090909090909087
34020,두산에너빌리티,2025-08-01,64300,Buy,75,"[""최근 애널리스트 리포트에서 제시된 목표주가들이 현재가 대비 높은 수준이며, 전반적으로 긍정적인 전망을 유지하고 있습니다."", ""52주 최고가 대비 현재 위치가 85.9%로, 상승 여력이 남아있음을 시사합니다."", ""2분기 실적 리뷰에서 수익성 개선 지속 전망이 나오고 있으며, 이는 향후 주가 상승의 동력이 될 수 있습니다.""]",7.931570762052877,-6.065318818040436
34020,두산에너빌리티,2025-09-01,60400,Buy,70,"[""최근 1개월 수익률은 하락했으나, 52주 최고가 대비 현재 위치가 높아 추가 상승 여력이 존재합니다."", ""애널리스트 리포트에서 원전 수주 증가 및 긍정적인 전망이 제시되었으며, 목표주가 100,000원은 현재가 대비 상당한 상승 여력을 시사합니다."", ""매출 감소에도 불구하고 영업이익률이 6.3%를 유지하고 있으며, 영업현금흐름이 양(+)으로 안정적인 재무 상태를 보여줍니다.""]",2.980132450331126,3.80794701986755
34020,두산에너빌리티,2025-10-01,64800,Neutral,50,"[""현재가 52주 최고가에 근접해 있어 단기 상승 여력이 제한적일 수 있습니다."", ""최근 1개월 수익률은 양호하나, 거래량 변화율이 감소하고 있어 매수세가 약화될 가능성이 있습니다."", ""연간 실적은 매출과 영업이익이 감소세를 보이고 있어 투자 심리에 부정적인 영향을 줄 수 있습니다.""]",29.166666666666668,22.376543209876544
34020,두산에너빌리티,2025-11-03,89500,Buy,75,"[""최근 1개월 수익률이 41.84%로 강한 상승세를 보이고 있으며, 52주 최고가 대비 현재 위치가 91.3%로 높은 편입니다."", ""애널리스트 리포트에서 원전 및 가스터빈 투트랙 성장 기대와 함께 목표주가 100,000원을 제시하며 긍정적인 전망을 내놓고 있습니다."", ""거래량 변화율이 50.47%로 증가하며 투자자들의 관심이 높아지고 있음을 시사합니다.""]",-12.625698324022348,-16.201117318435752
34020,두산에너빌리티,2025-12-01,75000,Neutral,60,"[""최근 1개월 수익률이 -15.56%로 하락세를 보이고 있으며, 거래량 변화율 또한 -40.68%로 감소하여 단기적인 투자 심리가 위축된 것으로 판단됩니다."", ""PER이 430.5배로 매우 높아 현재 주가가 고평가되었을 가능성이 있으며, ROE가 0.9%로 낮은 점은 수익성이 좋지 않음을 시사합니다."", ""애널리스트 리포트에서는 목표주가가 현재가 대비 상승 여력을 보여주고 있으나, 연간 실적은 매출과 영업이익이 모두 감소하는 추세를 보이고 있어 투자 방향을 명확히 판단하기 어렵습니다.""]",2.2666666666666666,0.2666666666666666
