ticker,name,signal_date,avg_target,cur_price,gap_pct,return_pct,excess_return_pct
005930,삼성전자,2023-01-06,75333.0,60700,24.11,3.95,-1.72
005930,삼성전자,2023-01-09,73333.0,60400,21.41,4.3,-1.23
005930,삼성전자,2023-01-09,70667.0,60400,17.0,4.3,-1.23
005930,삼성전자,2023-01-09,75667.0,60400,25.28,4.3,-1.23
005930,삼성전자,2023-01-09,77667.0,60400,28.59,4.3,-1.23
005930,삼성전자,2023-01-09,82667.0,60400,36.87,4.3,-1.23
005930,삼성전자,2023-01-09,77000.0,60400,27.48,4.3,-1.23
005930,삼성전자,2023-01-09,78333.0,60400,29.69,4.3,-1.23
005930,삼성전자,2023-01-16,76667.0,61000,25.68,4.43,0.39
005930,삼성전자,2023-02-01,78333.0,63500,23.36,-4.72,-3.23
005930,삼성전자,2023-02-01,76000.0,63500,19.69,-4.72,-3.23
005930,삼성전자,2023-02-01,81000.0,63500,27.56,-4.72,-3.23
005930,삼성전자,2023-02-01,79000.0,63500,24.41,-4.72,-3.23
005930,삼성전자,2023-02-01,75667.0,63500,19.16,-4.72,-3.23
005930,삼성전자,2023-02-01,72333.0,63500,13.91,-4.72,-3.23
005930,삼성전자,2023-02-01,75667.0,63500,19.16,-4.72,-3.23
005930,삼성전자,2023-02-03,80667.0,61600,30.95,-1.46,-2.49
005930,삼성전자,2023-02-03,80667.0,61600,30.95,-1.46,-2.49
005930,삼성전자,2023-03-08,77667.0,60100,29.23,3.66,2.0
005930,삼성전자,2023-03-14,75000.0,59800,25.42,10.37,3.19
005930,삼성전자,2023-03-15,75000.0,59900,25.21,10.35,2.62
005930,삼성전자,2023-03-20,75667.0,60300,25.48,8.79,1.14
005930,삼성전자,2023-03-23,79000.0,63000,25.4,4.29,-1.07
005930,삼성전자,2023-03-29,78333.0,63200,23.95,2.22,0.48
005930,삼성전자,2023-03-30,80000.0,64000,25.0,2.34,1.35
005930,삼성전자,2023-04-10,79333.0,65900,20.38,-2.58,-0.35
005930,삼성전자,2023-04-10,80000.0,65900,21.4,-2.58,-0.35
005930,삼성전자,2023-04-10,79333.0,65900,20.38,-2.58,-0.35
005930,삼성전자,2023-04-10,79333.0,65900,20.38,-2.58,-0.35
005930,삼성전자,2023-04-10,80467.0,65900,22.1,-2.58,-0.35
005930,삼성전자,2023-04-10,80467.0,65900,22.1,-2.58,-0.35
005930,삼성전자,2023-04-10,81133.0,65900,23.12,-2.58,-0.35
005930,삼성전자,2023-04-28,79333.0,65700,20.75,7.91,6.14
005930,삼성전자,2023-04-28,80000.0,65700,21.77,7.91,6.14
005930,삼성전자,2023-04-28,79333.0,65700,20.75,7.91,6.14
005930,삼성전자,2023-04-28,80000.0,65700,21.77,7.91,6.14
005930,삼성전자,2023-04-28,80000.0,65700,21.77,7.91,6.14
005930,삼성전자,2023-04-28,80000.0,65700,21.77,7.91,6.14
005930,삼성전자,2023-04-28,80667.0,65700,22.78,7.91,6.14
005930,삼성전자,2023-04-28,82000.0,65700,24.81,7.91,6.14
005930,삼성전자,2023-04-28,85333.0,65700,29.88,7.91,6.14
005930,삼성전자,2023-04-28,85333.0,65700,29.88,7.91,6.14
005930,삼성전자,2023-05-03,84667.0,65100,30.06,10.14,5.56
005930,삼성전자,2023-05-31,84667.0,70900,19.42,1.83,2.02
005930,삼성전자,2023-06-29,84000.0,72200,16.34,-2.22,-3.93
005930,삼성전자,2023-07-03,86667.0,73000,18.72,-2.6,-5.45
005930,삼성전자,2023-07-10,86667.0,71500,21.21,-5.45,-5.9
005930,삼성전자,2023-07-10,86000.0,71500,20.28,-5.45,-5.9
005930,삼성전자,2023-07-10,86000.0,71500,20.28,-5.45,-5.9
005930,삼성전자,2023-07-10,87667.0,71500,22.61,-5.45,-5.9
005930,삼성전자,2023-07-10,90333.0,71500,26.34,-5.45,-5.9
005930,삼성전자,2023-07-10,90333.0,71500,26.34,-5.45,-5.9
005930,삼성전자,2023-07-28,90333.0,69800,29.42,-4.3,-1.24
005930,삼성전자,2023-07-28,91667.0,69800,31.33,-4.3,-1.24
005930,삼성전자,2023-07-28,93333.0,69800,33.72,-4.3,-1.24
005930,삼성전자,2023-07-28,91667.0,69800,31.33,-4.3,-1.24
005930,삼성전자,2023-07-28,93000.0,69800,33.24,-4.3,-1.24
005930,삼성전자,2023-07-28,93000.0,69800,33.24,-4.3,-1.24
005930,삼성전자,2023-07-28,93000.0,69800,33.24,-4.3,-1.24
005930,삼성전자,2023-07-28,90000.0,69800,28.94,-4.3,-1.24
005930,삼성전자,2023-07-31,87333.0,71100,22.83,-5.63,-1.66
005930,삼성전자,2023-07-31,87333.0,71100,22.83,-5.63,-1.66
005930,삼성전자,2023-09-06,89000.0,70400,26.42,-2.13,0.56
005930,삼성전자,2023-09-15,90000.0,70200,28.21,-2.56,5.89
005930,삼성전자,2023-09-19,90000.0,69600,29.31,-2.3,5.38
005930,삼성전자,2023-09-19,90000.0,69600,29.31,-2.3,5.38
005930,삼성전자,2023-09-26,91667.0,68400,34.02,0.29,6.93
005930,삼성전자,2023-09-27,93333.0,67500,38.27,3.26,5.86
005930,삼성전자,2023-10-04,96667.0,66700,44.93,4.35,5.81
005930,삼성전자,2023-10-10,95000.0,68200,39.3,2.49,3.65
005930,삼성전자,2023-10-12,95000.0,68000,39.71,3.68,5.57
005930,삼성전자,2023-10-12,91667.0,68000,34.8,3.68,5.57
005930,삼성전자,2023-10-12,91667.0,68000,34.8,3.68,5.57
005930,삼성전자,2023-10-12,90000.0,68000,32.35,3.68,5.57
005930,삼성전자,2023-10-12,91667.0,68000,34.8,3.68,5.57
005930,삼성전자,2023-10-12,93000.0,68000,36.76,3.68,5.57
005930,삼성전자,2023-11-01,93000.0,69700,33.43,4.45,-3.75
005930,삼성전자,2023-11-01,93000.0,69700,33.43,4.45,-3.75
005930,삼성전자,2023-11-01,91667.0,69700,31.52,4.45,-3.75
005930,삼성전자,2023-11-01,91667.0,69700,31.52,4.45,-3.75
005930,삼성전자,2023-11-01,91333.0,69700,31.04,4.45,-3.75
005930,삼성전자,2023-11-01,91333.0,69700,31.04,4.45,-3.75
005930,삼성전자,2023-11-01,87000.0,69700,24.82,4.45,-3.75
005930,삼성전자,2023-11-01,85667.0,69700,22.91,4.45,-3.75
005930,삼성전자,2023-11-01,85667.0,69700,22.91,4.45,-3.75
005930,삼성전자,2023-11-06,93333.0,70900,31.64,0.42,-1.64
005930,삼성전자,2023-11-13,95000.0,70800,34.18,3.81,-0.38
005930,삼성전자,2023-11-28,92667.0,72700,27.46,7.98,2.6
005930,삼성전자,2023-11-30,88333.0,72000,22.69,6.94,2.86
005930,삼성전자,2023-12-08,86667.0,73000,18.72,0.27,-0.32
005930,삼성전자,2024-01-02,88667.0,77000,15.15,-5.58,-1.36
005930,삼성전자,2024-01-05,93000.0,76500,21.57,-2.88,-3.79
005930,삼성전자,2024-01-05,96000.0,76500,25.49,-2.88,-3.79
005930,삼성전자,2024-01-05,99667.0,76500,30.28,-2.88,-3.79
005930,삼성전자,2024-01-10,101333.0,73200,38.43,1.23,-1.92
005930,삼성전자,2024-01-10,99333.0,73200,35.7,1.23,-1.92
005930,삼성전자,2024-01-10,96000.0,73200,31.15,1.23,-1.92
005930,삼성전자,2024-01-10,90000.0,73200,22.95,1.23,-1.92
005930,삼성전자,2024-01-10,92000.0,73200,25.68,1.23,-1.92
005930,삼성전자,2024-02-01,92000.0,75200,22.34,-3.06,-4.06
005930,삼성전자,2024-02-01,98000.0,75200,30.32,-3.06,-4.06
005930,삼성전자,2024-02-01,95000.0,75200,26.33,-3.06,-4.06
005930,삼성전자,2024-02-01,95000.0,75200,26.33,-3.06,-4.06
005930,삼성전자,2024-02-01,90333.0,75200,20.12,-3.06,-4.06
005930,삼성전자,2024-02-01,93667.0,75200,24.56,-3.06,-4.06
005930,삼성전자,2024-02-01,95000.0,75200,26.33,-3.06,-4.06
005930,삼성전자,2024-02-01,97667.0,75200,29.88,-3.06,-4.06
005930,삼성전자,2024-02-01,96000.0,75200,27.66,-3.06,-4.06
005930,삼성전자,2024-02-01,93667.0,75200,24.56,-3.06,-4.06
005930,삼성전자,2024-02-05,92333.0,74400,24.1,-1.48,-5.52
005930,삼성전자,2024-03-14,94000.0,72300,30.01,13.69,13.56
005930,삼성전자,2024-03-27,96333.0,80800,19.22,-5.07,-1.82
005930,삼성전자,2024-03-28,98000.0,82400,18.93,-6.92,-4.76
005930,삼성전자,2024-04-01,98000.0,85000,15.29,-8.24,-5.71
005930,삼성전자,2024-04-01,98333.0,85000,15.69,-8.24,-5.71
005930,삼성전자,2024-04-01,100667.0,85000,18.43,-8.24,-5.71
005930,삼성전자,2024-04-02,100667.0,84100,19.7,-7.73,-6.61
005930,삼성전자,2024-04-08,102333.0,83600,22.41,-5.26,-6.09
005930,삼성전자,2024-04-08,103333.0,83600,23.6,-5.26,-6.09
005930,삼성전자,2024-04-08,105000.0,83600,25.6,-5.26,-6.09
005930,삼성전자,2024-04-08,107333.0,83600,28.39,-5.26,-6.09
005930,삼성전자,2024-04-08,103667.0,83600,24.0,-5.26,-6.09
005930,삼성전자,2024-04-08,107000.0,83600,27.99,-5.26,-6.09
005930,삼성전자,2024-04-08,104667.0,83600,25.2,-5.26,-6.09
005930,삼성전자,2024-04-08,108000.0,83600,29.19,-5.26,-6.09
005930,삼성전자,2024-04-08,103000.0,83600,23.21,-5.26,-6.09
005930,삼성전자,2024-05-02,105333.0,77600,35.74,-2.96,-2.42
005930,삼성전자,2024-05-02,102333.0,77600,31.87,-2.96,-2.42
005930,삼성전자,2024-05-02,102333.0,77600,31.87,-2.96,-2.42
005930,삼성전자,2024-05-02,98333.0,77600,26.72,-2.96,-2.42
005930,삼성전자,2024-05-02,101667.0,77600,31.01,-2.96,-2.42
005930,삼성전자,2024-05-02,103333.0,77600,33.16,-2.96,-2.42
005930,삼성전자,2024-05-02,108333.0,77600,39.6,-2.96,-2.42
005930,삼성전자,2024-05-02,105000.0,77600,35.31,-2.96,-2.42
005930,삼성전자,2024-05-02,103333.0,77600,33.16,-2.96,-2.42
005930,삼성전자,2024-05-02,102000.0,77600,31.44,-2.96,-2.42
005930,삼성전자,2024-05-02,107000.0,77600,37.89,-2.96,-2.42
005930,삼성전자,2024-05-02,105333.0,77600,35.74,-2.96,-2.42
005930,삼성전자,2024-05-02,106333.0,77600,37.03,-2.96,-2.42
005930,삼성전자,2024-06-05,104667.0,77300,35.4,12.68,7.55
005930,삼성전자,2024-06-07,106333.0,75700,40.47,15.46,9.66
005930,삼성전자,2024-06-24,108333.0,80800,34.08,3.84,3.84
005930,삼성전자,2024-06-25,108000.0,81300,32.84,0.86,2.06
005930,삼성전자,2024-06-27,111333.0,81500,36.61,-0.74,1.62
005930,삼성전자,2024-07-04,109667.0,87100,25.91,-8.61,-2.11
005930,삼성전자,2024-07-05,110000.0,87400,25.86,-18.31,-3.74
005930,삼성전자,2024-07-08,112333.0,87800,27.94,-17.43,-5.39
005930,삼성전자,2024-07-08,112333.0,87800,27.94,-17.43,-5.39
005930,삼성전자,2024-07-08,114000.0,87800,29.84,-17.43,-5.39
005930,삼성전자,2024-07-08,111667.0,87800,27.18,-17.43,-5.39
005930,삼성전자,2024-07-08,115000.0,87800,30.98,-17.43,-5.39
005930,삼성전자,2024-07-08,110333.0,87800,25.66,-17.43,-5.39
005930,삼성전자,2024-07-08,110333.0,87800,25.66,-17.43,-5.39
005930,삼성전자,2024-07-08,107000.0,87800,21.87,-17.43,-5.39
005930,삼성전자,2024-07-09,110000.0,87800,25.28,-14.92,-4.47
005930,삼성전자,2024-08-01,113333.0,79600,42.38,-6.53,-6.71
005930,삼성전자,2024-08-01,113000.0,79600,41.96,-6.53,-6.71
005930,삼성전자,2024-08-01,113000.0,79600,41.96,-6.53,-6.71
005930,삼성전자,2024-08-01,112000.0,79600,40.7,-6.53,-6.71
005930,삼성전자,2024-08-01,114000.0,79600,43.22,-6.53,-6.71
005930,삼성전자,2024-08-01,114000.0,79600,43.22,-6.53,-6.71
005930,삼성전자,2024-08-01,111667.0,79600,40.28,-6.53,-6.71
005930,삼성전자,2024-08-01,105667.0,79600,32.75,-6.53,-6.71
005930,삼성전자,2024-08-01,105667.0,79600,32.75,-6.53,-6.71
005930,삼성전자,2024-08-01,105667.0,79600,32.75,-6.53,-6.71
005930,삼성전자,2024-08-01,110000.0,79600,38.19,-6.53,-6.71
005930,삼성전자,2024-08-06,113333.0,74700,51.72,-7.63,-7.91
005930,삼성전자,2024-09-02,113333.0,72500,56.32,-16.83,-14.19
005930,삼성전자,2024-09-12,110000.0,64400,70.81,-8.39,-9.53
005930,삼성전자,2024-09-12,100333.0,64400,55.8,-8.39,-9.53
005930,삼성전자,2024-09-19,97000.0,63000,53.97,-6.19,-6.43
005930,삼성전자,2024-09-24,95333.0,62200,53.27,-6.59,-7.21
005930,삼성전자,2024-09-24,96000.0,62200,54.34,-6.59,-7.21
005930,삼성전자,2024-10-02,94333.0,60600,55.67,-3.14,-3.88
005930,삼성전자,2024-10-04,91333.0,61000,49.73,-5.57,-4.29
005930,삼성전자,2024-10-04,92000.0,61000,50.82,-5.57,-4.29
005930,삼성전자,2024-10-10,90333.0,59300,52.33,-3.88,-2.5
005930,삼성전자,2024-10-10,93333.0,59300,57.39,-3.88,-2.5
005930,삼성전자,2024-10-10,93333.0,59300,57.39,-3.88,-2.5
005930,삼성전자,2024-10-10,88667.0,59300,49.52,-3.88,-2.5
005930,삼성전자,2024-10-10,84333.0,59300,42.21,-3.88,-2.5
005930,삼성전자,2024-10-10,86000.0,59300,45.03,-3.88,-2.5
005930,삼성전자,2024-11-01,92333.0,58700,57.3,-8.69,-3.49
005930,삼성전자,2024-11-01,95000.0,58700,61.84,-8.69,-3.49
005930,삼성전자,2024-11-01,91667.0,58700,56.16,-8.69,-3.49
005930,삼성전자,2024-11-01,90000.0,58700,53.32,-8.69,-3.49
005930,삼성전자,2024-11-01,85333.0,58700,45.37,-8.69,-3.49
005930,삼성전자,2024-11-01,85333.0,58700,45.37,-8.69,-3.49
005930,삼성전자,2024-11-01,82667.0,58700,40.83,-8.69,-3.49
005930,삼성전자,2024-11-01,89000.0,58700,51.62,-8.69,-3.49
005930,삼성전자,2024-11-01,89000.0,58700,51.62,-8.69,-3.49
005930,삼성전자,2024-11-01,92667.0,58700,57.86,-8.69,-3.49
005930,삼성전자,2024-11-14,86000.0,53500,60.75,4.86,1.65
005930,삼성전자,2024-11-14,84000.0,53500,57.01,4.86,1.65
005930,삼성전자,2024-11-18,81667.0,56300,45.06,-3.73,-3.12
005930,삼성전자,2024-11-18,80667.0,56300,43.28,-3.73,-3.12
005930,삼성전자,2024-12-09,78333.0,54000,45.06,2.41,-1.64
005930,삼성전자,2024-12-10,74000.0,54000,37.04,0.19,-1.74
005930,삼성전자,2024-12-17,74333.0,54900,35.4,-2.73,-4.17
005930,삼성전자,2024-12-18,76000.0,53100,43.13,0.75,-2.62
005930,삼성전자,2024-12-24,75333.0,53600,40.55,-2.24,-5.85
005930,삼성전자,2024-12-30,76000.0,53400,42.32,-0.94,-5.54
005930,삼성전자,2024-12-31,75000.0,53400,40.45,-0.94,-5.54
005930,삼성전자,2025-01-02,79333.0,54400,45.83,-0.74,-4.62
005930,삼성전자,2025-01-02,80333.0,54400,47.67,-0.74,-4.62
005930,삼성전자,2025-01-06,79667.0,55400,43.8,0.36,-0.81
005930,삼성전자,2025-01-06,79667.0,55400,43.8,0.36,-0.81
005930,삼성전자,2025-01-06,79333.0,55400,43.2,0.36,-0.81
005930,삼성전자,2025-01-07,78667.0,57300,37.29,-2.79,-3.51
005930,삼성전자,2025-01-07,76333.0,57300,33.22,-2.79,-3.51
005930,삼성전자,2025-01-07,75000.0,57300,30.89,-2.79,-3.51
005930,삼성전자,2025-01-09,76000.0,55300,37.43,0.9,-1.77
005930,삼성전자,2025-01-09,75333.0,55300,36.23,0.9,-1.77
005930,삼성전자,2025-01-09,75333.0,55300,36.23,0.9,-1.77
005930,삼성전자,2025-01-09,77333.0,55300,39.84,0.9,-1.77
005930,삼성전자,2025-01-09,75000.0,55300,35.62,0.9,-1.77
005930,삼성전자,2025-01-13,78000.0,53900,44.71,3.9,-0.63
005930,삼성전자,2025-02-03,74333.0,52700,41.05,2.47,-0.61
005930,삼성전자,2025-02-03,75000.0,52700,42.31,2.47,-0.61
005930,삼성전자,2025-02-03,71667.0,52700,35.99,2.47,-0.61
005930,삼성전자,2025-02-03,71667.0,52700,35.99,2.47,-0.61
005930,삼성전자,2025-02-03,71000.0,52700,34.72,2.47,-0.61
005930,삼성전자,2025-02-03,72000.0,52700,36.62,2.47,-0.61
005930,삼성전자,2025-02-03,72000.0,52700,36.62,2.47,-0.61
005930,삼성전자,2025-02-03,73000.0,52700,38.52,2.47,-0.61
005930,삼성전자,2025-02-03,76000.0,52700,44.21,2.47,-0.61
005930,삼성전자,2025-02-03,76667.0,52700,45.48,2.47,-0.61
005930,삼성전자,2025-03-04,76667.0,54000,41.98,8.89,10.93
005930,삼성전자,2025-03-04,71333.0,54000,32.1,8.89,10.93
005930,삼성전자,2025-03-28,71667.0,57800,23.99,-3.46,-6.19
005930,삼성전자,2025-04-02,73667.0,57600,27.89,-5.73,-8.67
005930,삼성전자,2025-04-03,76667.0,56100,36.66,-2.67,-7.07
005930,삼성전자,2025-04-04,79333.0,53200,49.12,2.63,-8.16
005930,삼성전자,2025-04-09,81667.0,56400,44.8,0.89,-5.79
005930,삼성전자,2025-04-09,79333.0,56400,40.66,0.89,-5.79
005930,삼성전자,2025-04-09,74667.0,56400,32.39,0.89,-5.79
005930,삼성전자,2025-04-09,71667.0,56400,27.07,0.89,-5.79
005930,삼성전자,2025-04-09,72667.0,56400,28.84,0.89,-5.79
005930,삼성전자,2025-05-02,76000.0,54600,39.19,8.24,-1.01
005930,삼성전자,2025-05-02,74333.0,54600,36.14,8.24,-1.01
005930,삼성전자,2025-05-02,75000.0,54600,37.36,8.24,-1.01
005930,삼성전자,2025-05-02,74000.0,54600,35.53,8.24,-1.01
005930,삼성전자,2025-05-02,74000.0,54600,35.53,8.24,-1.01
005930,삼성전자,2025-05-02,73333.0,54600,34.31,8.24,-1.01
005930,삼성전자,2025-05-02,71333.0,54600,30.65,8.24,-1.01
005930,삼성전자,2025-05-02,76000.0,54600,39.19,8.24,-1.01
005930,삼성전자,2025-05-02,75667.0,54600,38.58,8.24,-1.01
005930,삼성전자,2025-05-07,78667.0,54600,44.08,9.52,-1.19
005930,삼성전자,2025-05-21,75333.0,54700,37.72,6.03,-10.19
005930,삼성전자,2025-06-13,77667.0,57200,35.78,9.27,0.6
005930,삼성전자,2025-06-18,75667.0,59200,27.82,12.67,5.46
005930,삼성전자,2025-06-30,77333.0,60200,28.46,17.28,12.71
005930,삼성전자,2025-07-02,74667.0,63800,17.03,11.91,7.77
005930,삼성전자,2025-07-04,76667.0,61700,24.26,12.97,10.08
005930,삼성전자,2025-07-04,77000.0,61700,24.8,12.97,10.08
005930,삼성전자,2025-07-09,80000.0,61000,31.15,15.57,14.18
005930,삼성전자,2025-07-09,78000.0,61000,27.87,15.57,14.18
005930,삼성전자,2025-07-09,75333.0,61000,23.5,15.57,14.18
005930,삼성전자,2025-07-09,73667.0,61000,20.77,15.57,14.18
005930,삼성전자,2025-07-09,75333.0,61000,23.5,15.57,14.18
005930,삼성전자,2025-07-09,78000.0,61000,27.87,15.57,14.18
005930,삼성전자,2025-07-09,77667.0,61000,27.32,15.57,14.18
005930,삼성전자,2025-07-09,75333.0,61000,23.5,15.57,14.18
005930,삼성전자,2025-07-14,74667.0,63700,17.22,11.62,12.41
005930,삼성전자,2025-07-21,79667.0,66000,20.71,6.82,8.08
005930,삼성전자,2025-07-29,83667.0,72600,15.24,-4.13,-2.35
005930,삼성전자,2025-07-29,87000.0,72600,19.83,-4.13,-2.35
005930,삼성전자,2025-07-29,82333.0,72600,13.41,-4.13,-2.35
005930,삼성전자,2025-08-01,81333.0,69700,16.69,-0.86,-1.64
005930,삼성전자,2025-08-01,82000.0,69700,17.65,-0.86,-1.64
005930,삼성전자,2025-08-01,85000.0,69700,21.95,-0.86,-1.64
005930,삼성전자,2025-08-01,86000.0,69700,23.39,-0.86,-1.64
005930,삼성전자,2025-08-01,84000.0,69700,20.52,-0.86,-1.64
005930,삼성전자,2025-08-01,84000.0,69700,20.52,-0.86,-1.64
005930,삼성전자,2025-08-01,85333.0,69700,22.43,-0.86,-1.64
005930,삼성전자,2025-08-01,86667.0,69700,24.34,-0.86,-1.64
005930,삼성전자,2025-08-01,88333.0,69700,26.73,-0.86,-1.64
005930,삼성전자,2025-08-01,89000.0,69700,27.69,-0.86,-1.64
005930,삼성전자,2025-08-22,89667.0,71500,25.41,16.78,8.72
005930,삼성전자,2025-09-15,92000.0,79400,15.87,22.8,11.95
005930,삼성전자,2025-09-17,98667.0,80500,22.57,19.88,8.77
005930,삼성전자,2025-09-17,100333.0,80500,24.64,19.88,8.77
005930,삼성전자,2025-09-19,105000.0,83500,25.75,22.16,5.6
005930,삼성전자,2025-09-22,105333.0,84700,24.36,17.47,2.44
005930,삼성전자,2025-09-23,108667.0,85400,27.24,17.68,0.14
005930,삼성전자,2025-09-30,110333.0,86000,28.29,16.98,1.1
005930,삼성전자,2025-10-15,113333.0,97700,16.0,5.22,-6.05
005930,삼성전자,2025-10-15,115000.0,97700,17.71,5.22,-6.05
005930,삼성전자,2025-10-15,113333.0,97700,16.0,5.22,-6.05
005930,삼성전자,2025-10-15,110000.0,97700,12.59,5.22,-6.05
005930,삼성전자,2025-10-15,115667.0,97700,18.39,5.22,-6.05
005930,삼성전자,2025-10-15,115667.0,97700,18.39,5.22,-6.05
005930,삼성전자,2025-10-31,129000.0,111100,16.11,-9.27,-2.13
005930,삼성전자,2025-10-31,133333.0,111100,20.01,-9.27,-2.13
005930,삼성전자,2025-10-31,141000.0,111100,26.91,-9.27,-2.13
005930,삼성전자,2025-10-31,138333.0,111100,24.51,-9.27,-2.13
005930,삼성전자,2025-10-31,135000.0,111100,21.51,-9.27,-2.13
005930,삼성전자,2025-10-31,135667.0,111100,22.11,-9.27,-2.13
005930,삼성전자,2025-10-31,131667.0,111100,18.51,-9.27,-2.13
005930,삼성전자,2025-10-31,131000.0,111100,17.91,-9.27,-2.13
005930,삼성전자,2025-10-31,132667.0,111100,19.41,-9.27,-2.13
005930,삼성전자,2025-11-03,131000.0,104900,24.88,-1.43,1.65
005930,삼성전자,2025-11-03,137333.0,104900,30.92,-1.43,1.65
005930,삼성전자,2025-12-03,137333.0,105100,30.67,32.16,19.82
005930,삼성전자,2025-12-10,142333.0,107300,32.65,28.24,14.08
005930,삼성전자,2025-12-17,145000.0,107600,34.76,34.94,12.63
005930,삼성전자,2025-12-17,145000.0,107600,34.76,34.94,12.63
005930,삼성전자,2026-01-05,156000.0,138900,12.31,20.59,3.74
005930,삼성전자,2026-01-06,161000.0,141000,14.18,19.93,1.91
005930,삼성전자,2026-01-07,171000.0,138800,23.2,14.77,1.34
005930,삼성전자,2026-01-09,173333.0,138800,24.88,19.88,5.33
005930,삼성전자,2026-01-09,176667.0,138800,27.28,19.88,5.33
005930,삼성전자,2026-01-09,180000.0,138800,29.68,19.88,5.33
005930,삼성전자,2026-01-09,177333.0,138800,27.76,19.88,5.33
005930,삼성전자,2026-01-09,169000.0,138800,21.76,19.88,5.33
005930,삼성전자,2026-01-12,171333.0,137600,24.52,20.49,7.52
005930,삼성전자,2026-01-23,180667.0,152100,18.78,43.33,15.9
005930,삼성전자,2026-01-28,215667.0,160700,34.2,7.16,9.6
005930,삼성전자,2026-01-30,220000.0,150400,46.28,25.13,12.3
005930,삼성전자,2026-01-30,221333.0,150400,47.16,25.13,12.3
005930,삼성전자,2026-01-30,204667.0,150400,36.08,25.13,12.3
005930,삼성전자,2026-01-30,218000.0,150400,44.95,25.13,12.3
005930,삼성전자,2026-01-30,232333.0,150400,54.48,25.13,12.3
005930,삼성전자,2026-01-30,239000.0,150400,58.91,25.13,12.3
005930,삼성전자,2026-01-30,233000.0,150400,54.92,25.13,12.3
005930,삼성전자,2026-01-30,224000.0,150400,48.94,25.13,12.3
005930,삼성전자,2026-01-30,208333.0,150400,38.52,25.13,12.3
005930,삼성전자,2026-01-30,201000.0,150400,33.64,25.13,12.3
005930,삼성전자,2026-02-10,197667.0,167800,17.8,15.55,10.21
005930,삼성전자,2026-02-23,226667.0,200000,13.33,-1.95,3.53
005930,삼성전자,2026-02-24,260000.0,203500,27.76,-11.5,-1.25
005930,삼성전자,2026-03-03,276667.0,172200,60.67,10.1,2.54
005930,삼성전자,2026-03-05,278333.0,188200,47.89,-1.06,2.65
005930,삼성전자,2026-03-10,270000.0,190000,42.11,10.79,6.11
005930,삼성전자,2026-03-13,283333.0,188700,50.15,6.52,1.86
005930,삼성전자,2026-03-16,281667.0,193900,45.26,6.5,0.7
005930,삼성전자,2026-03-18,290000.0,200500,44.64,8.48,0.45
005930,삼성전자,2026-03-23,290000.0,187600,54.58,16.74,1.71
000660,SK하이닉스,2023-01-16,110000.0,86000,27.91,8.02,3.98
000660,SK하이닉스,2023-01-26,113333.0,91500,23.86,-0.55,1.89
000660,SK하이닉스,2023-02-02,115000.0,92200,24.73,-2.71,-1.99
000660,SK하이닉스,2023-02-02,116667.0,92200,26.54,-2.71,-1.99
000660,SK하이닉스,2023-02-02,115000.0,92200,24.73,-2.71,-1.99
000660,SK하이닉스,2023-02-02,111667.0,92200,21.11,-2.71,-1.99
000660,SK하이닉스,2023-02-02,115000.0,92200,24.73,-2.71,-1.99
000660,SK하이닉스,2023-02-02,113333.0,92200,22.92,-2.71,-1.99
000660,SK하이닉스,2023-02-02,116667.0,92200,26.54,-2.71,-1.99
000660,SK하이닉스,2023-02-22,113333.0,92700,22.26,-5.83,-4.84
000660,SK하이닉스,2023-03-15,116667.0,79000,47.68,12.28,4.55
000660,SK하이닉스,2023-03-15,113333.0,79000,43.46,12.28,4.55
000660,SK하이닉스,2023-03-17,116667.0,83700,39.39,5.73,-2.53
000660,SK하이닉스,2023-03-20,113333.0,83600,35.57,4.78,-2.87
000660,SK하이닉스,2023-03-30,113333.0,88600,27.92,1.02,0.02
000660,SK하이닉스,2023-04-04,113333.0,84600,33.96,4.85,4.62
000660,SK하이닉스,2023-04-05,115000.0,83800,37.23,5.85,3.65
000660,SK하이닉스,2023-04-27,115000.0,89500,28.49,21.34,18.32
000660,SK하이닉스,2023-04-27,111667.0,89500,24.77,21.34,18.32
000660,SK하이닉스,2023-04-27,113333.0,89500,26.63,21.34,18.32
000660,SK하이닉스,2023-04-27,113333.0,89500,26.63,21.34,18.32
000660,SK하이닉스,2023-04-27,113333.0,89500,26.63,21.34,18.32
000660,SK하이닉스,2023-04-27,110000.0,89500,22.91,21.34,18.32
000660,SK하이닉스,2023-04-27,113333.0,89500,26.63,21.34,18.32
000660,SK하이닉스,2023-04-27,113333.0,89500,26.63,21.34,18.32
000660,SK하이닉스,2023-04-27,116667.0,89500,30.35,21.34,18.32
000660,SK하이닉스,2023-04-27,115000.0,89500,28.49,21.34,18.32
000660,SK하이닉스,2023-04-27,116667.0,89500,30.35,21.34,18.32
000660,SK하이닉스,2023-05-17,116667.0,93600,24.64,22.65,18.91
000660,SK하이닉스,2023-05-31,121667.0,110300,10.31,4.44,4.63
000660,SK하이닉스,2023-06-05,128333.0,108000,18.83,8.06,9.45
000660,SK하이닉스,2023-06-12,138333.0,119500,15.76,-5.1,-2.24
000660,SK하이닉스,2023-06-21,145000.0,114000,27.19,2.54,2.29
000660,SK하이닉스,2023-06-26,150000.0,113000,32.74,0.35,-1.78
000660,SK하이닉스,2023-06-30,150000.0,117600,27.55,4.93,3.77
000660,SK하이닉스,2023-07-05,138333.0,113800,21.56,5.45,3.53
000660,SK하이닉스,2023-07-27,144000.0,128000,12.5,-9.45,-6.96
000660,SK하이닉스,2023-07-27,152667.0,128000,19.27,-9.45,-6.96
000660,SK하이닉스,2023-07-27,149333.0,128000,16.67,-9.45,-6.96
000660,SK하이닉스,2023-07-27,152667.0,128000,19.27,-9.45,-6.96
000660,SK하이닉스,2023-07-27,143333.0,128000,11.98,-9.45,-6.96
000660,SK하이닉스,2023-09-14,137333.0,122400,12.2,3.1,11.8
000660,SK하이닉스,2023-09-19,147333.0,118000,24.86,8.05,15.73
000660,SK하이닉스,2023-09-26,151667.0,114700,32.23,4.88,11.52
000660,SK하이닉스,2023-10-10,155000.0,119200,30.03,7.05,8.21
000660,SK하이닉스,2023-10-17,159333.0,130000,22.56,3.15,2.18
000660,SK하이닉스,2023-10-27,156000.0,119100,30.98,9.74,1.73
000660,SK하이닉스,2023-10-27,155333.0,119100,30.42,9.74,1.73
000660,SK하이닉스,2023-10-27,149333.0,119100,25.38,9.74,1.73
000660,SK하이닉스,2023-10-27,152667.0,119100,28.18,9.74,1.73
000660,SK하이닉스,2023-10-27,153333.0,119100,28.74,9.74,1.73
000660,SK하이닉스,2023-10-27,148000.0,119100,24.27,9.74,1.73
000660,SK하이닉스,2023-10-27,148000.0,119100,24.27,9.74,1.73
000660,SK하이닉스,2023-10-30,142333.0,116300,22.38,12.98,2.28
000660,SK하이닉스,2023-11-07,154333.0,127600,20.95,-1.57,-4.61
000660,SK하이닉스,2023-11-13,154333.0,130000,18.72,0.77,-3.42
000660,SK하이닉스,2023-11-28,148333.0,130400,13.75,8.51,3.14
000660,SK하이닉스,2023-12-11,148333.0,131000,13.23,2.37,2.77
000660,SK하이닉스,2023-12-29,167000.0,142400,17.28,-3.86,2.54
000660,SK하이닉스,2024-01-15,177000.0,132100,33.99,12.57,7.91
000660,SK하이닉스,2024-01-22,182667.0,140800,29.73,11.15,3.66
000660,SK하이닉스,2024-01-23,176000.0,141500,24.38,14.06,6.05
000660,SK하이닉스,2024-01-26,169333.0,135000,25.43,17.04,10.97
000660,SK하이닉스,2024-01-26,163667.0,135000,21.23,17.04,10.97
000660,SK하이닉스,2024-01-26,172667.0,135000,27.9,17.04,10.97
000660,SK하이닉스,2024-01-26,176000.0,135000,30.37,17.04,10.97
000660,SK하이닉스,2024-01-26,176000.0,135000,30.37,17.04,10.97
000660,SK하이닉스,2024-01-26,169333.0,135000,25.43,17.04,10.97
000660,SK하이닉스,2024-01-26,172667.0,135000,27.9,17.04,10.97
000660,SK하이닉스,2024-01-26,158333.0,135000,17.28,17.04,10.97
000660,SK하이닉스,2024-01-26,163333.0,135000,20.99,17.04,10.97
000660,SK하이닉스,2024-01-26,151667.0,135000,12.35,17.04,10.97
000660,SK하이닉스,2024-01-29,167667.0,136900,22.47,14.1,8.35
000660,SK하이닉스,2024-01-31,164667.0,132700,24.09,24.94,20.74
000660,SK하이닉스,2024-02-26,173000.0,153800,12.48,17.82,12.86
000660,SK하이닉스,2024-03-14,188667.0,161200,17.04,16.75,16.61
000660,SK하이닉스,2024-03-22,199000.0,169400,17.47,0.94,5.13
000660,SK하이닉스,2024-03-27,212333.0,178200,19.15,-0.22,3.03
000660,SK하이닉스,2024-04-02,212333.0,179200,18.49,-3.35,-2.23
000660,SK하이닉스,2024-04-15,230000.0,179100,28.42,6.03,1.62
000660,SK하이닉스,2024-04-26,233333.0,175900,32.65,11.26,13.19
000660,SK하이닉스,2024-04-26,233333.0,175900,32.65,11.26,13.19
000660,SK하이닉스,2024-04-26,230000.0,175900,30.76,11.26,13.19
000660,SK하이닉스,2024-04-26,223333.0,175900,26.97,11.26,13.19
000660,SK하이닉스,2024-04-26,226667.0,175900,28.86,11.26,13.19
000660,SK하이닉스,2024-04-26,220000.0,175900,25.07,11.26,13.19
000660,SK하이닉스,2024-04-26,215000.0,175900,22.23,11.26,13.19
000660,SK하이닉스,2024-04-26,211667.0,175900,20.33,11.26,13.19
000660,SK하이닉스,2024-04-26,205000.0,175900,16.54,11.26,13.19
000660,SK하이닉스,2024-04-26,213333.0,175900,21.28,11.26,13.19
000660,SK하이닉스,2024-04-26,216667.0,175900,23.18,11.26,13.19
000660,SK하이닉스,2024-04-26,210000.0,175900,19.39,11.26,13.19
000660,SK하이닉스,2024-05-07,206667.0,178000,16.1,16.57,17.39
000660,SK하이닉스,2024-06-24,278333.0,225000,23.7,-8.89,-8.89
000660,SK하이닉스,2024-07-09,293333.0,239000,22.73,-29.16,-18.72
000660,SK하이닉스,2024-07-11,293333.0,233000,25.89,-26.39,-16.99
000660,SK하이닉스,2024-07-26,293333.0,195600,49.97,-10.53,-7.77
000660,SK하이닉스,2024-07-26,263333.0,195600,34.63,-10.53,-7.77
000660,SK하이닉스,2024-07-26,263333.0,195600,34.63,-10.53,-7.77
000660,SK하이닉스,2024-07-26,260000.0,195600,32.92,-10.53,-7.77
000660,SK하이닉스,2024-07-26,276667.0,195600,41.45,-10.53,-7.77
000660,SK하이닉스,2024-07-26,286667.0,195600,46.56,-10.53,-7.77
000660,SK하이닉스,2024-07-26,273333.0,195600,39.74,-10.53,-7.77
000660,SK하이닉스,2024-07-26,250000.0,195600,27.81,-10.53,-7.77
000660,SK하이닉스,2024-07-26,246667.0,195600,26.11,-10.53,-7.77
000660,SK하이닉스,2024-07-26,253333.0,195600,29.52,-10.53,-7.77
000660,SK하이닉스,2024-07-26,275000.0,195600,40.59,-10.53,-7.77
000660,SK하이닉스,2024-07-26,247333.0,195600,26.45,-10.53,-7.77
000660,SK하이닉스,2024-07-29,274000.0,188900,45.05,-5.08,-3.32
000660,SK하이닉스,2024-08-06,252333.0,169300,49.05,-5.85,-6.12
000660,SK하이닉스,2024-09-20,266667.0,162000,64.61,22.35,23.15
000660,SK하이닉스,2024-09-24,250000.0,165300,51.24,18.57,17.95
000660,SK하이닉스,2024-09-26,283333.0,183800,54.15,6.09,8.21
000660,SK하이닉스,2024-10-02,293333.0,174100,68.49,11.43,10.68
000660,SK하이닉스,2024-10-04,296667.0,184900,60.45,4.49,5.77
000660,SK하이닉스,2024-10-11,285000.0,187500,52.0,2.72,6.21
000660,SK하이닉스,2024-10-17,276667.0,187300,47.71,-4.86,1.96
000660,SK하이닉스,2024-10-25,276667.0,196000,41.16,-9.69,-6.7
000660,SK하이닉스,2024-10-25,285000.0,196000,45.41,-9.69,-6.7
000660,SK하이닉스,2024-10-25,283333.0,196000,44.56,-9.69,-6.7
000660,SK하이닉스,2024-10-25,263333.0,196000,34.35,-9.69,-6.7
000660,SK하이닉스,2024-10-25,256667.0,196000,30.95,-9.69,-6.7
000660,SK하이닉스,2024-10-25,256667.0,196000,30.95,-9.69,-6.7
000660,SK하이닉스,2024-10-25,244333.0,196000,24.66,-9.69,-6.7
000660,SK하이닉스,2024-10-25,247667.0,196000,26.36,-9.69,-6.7
000660,SK하이닉스,2024-10-25,247667.0,196000,26.36,-9.69,-6.7
000660,SK하이닉스,2024-10-25,276667.0,196000,41.16,-9.69,-6.7
000660,SK하이닉스,2024-10-31,271667.0,182200,49.1,-12.24,-8.84
000660,SK하이닉스,2024-11-22,255000.0,177000,44.07,-4.18,-0.54
000660,SK하이닉스,2024-11-27,241667.0,161100,50.01,8.32,12.31
000660,SK하이닉스,2024-11-28,233333.0,159900,45.92,8.76,11.05
000660,SK하이닉스,2024-11-28,263333.0,159900,64.69,8.76,11.05
000660,SK하이닉스,2024-12-09,253333.0,170400,48.67,19.42,15.37
000660,SK하이닉스,2025-01-06,273333.0,195000,40.17,1.59,0.42
000660,SK하이닉스,2025-01-10,270000.0,194300,38.96,8.08,4.0
000660,SK하이닉스,2025-01-20,293333.0,218000,34.56,-5.96,-11.02
000660,SK하이닉스,2025-01-24,290000.0,199200,45.58,-4.52,-5.13
000660,SK하이닉스,2025-01-24,290000.0,199200,45.58,-4.52,-5.13
000660,SK하이닉스,2025-01-24,293333.0,199200,47.26,-4.52,-5.13
000660,SK하이닉스,2025-01-24,276667.0,199200,38.89,-4.52,-5.13
000660,SK하이닉스,2025-01-24,268333.0,199200,34.71,-4.52,-5.13
000660,SK하이닉스,2025-01-24,255000.0,199200,28.01,-4.52,-5.13
000660,SK하이닉스,2025-01-24,267333.0,199200,34.2,-4.52,-5.13
000660,SK하이닉스,2025-01-24,272333.0,199200,36.71,-4.52,-5.13
000660,SK하이닉스,2025-01-24,282333.0,199200,41.73,-4.52,-5.13
000660,SK하이닉스,2025-01-24,276667.0,199200,38.89,-4.52,-5.13
000660,SK하이닉스,2025-01-31,270000.0,190900,41.44,-2.51,-5.57
000660,SK하이닉스,2025-03-04,240000.0,193100,24.29,2.49,4.53
000660,SK하이닉스,2025-03-12,250000.0,199700,25.19,-8.26,-3.27
000660,SK하이닉스,2025-04-03,270000.0,182200,48.19,4.72,0.32
000660,SK하이닉스,2025-04-04,303333.0,164800,84.06,15.47,4.68
000660,SK하이닉스,2025-04-08,293333.0,165000,77.78,18.18,4.51
000660,SK하이닉스,2025-04-10,283333.0,180800,56.71,13.94,5.39
000660,SK하이닉스,2025-04-15,280000.0,174000,60.92,14.6,8.22
000660,SK하이닉스,2025-04-25,290000.0,182000,59.34,16.48,9.74
000660,SK하이닉스,2025-04-25,290000.0,182000,59.34,16.48,9.74
000660,SK하이닉스,2025-04-25,293333.0,182000,61.17,16.48,9.74
000660,SK하이닉스,2025-04-25,303333.0,182000,66.67,16.48,9.74
000660,SK하이닉스,2025-04-25,273333.0,182000,50.18,16.48,9.74
000660,SK하이닉스,2025-04-25,260000.0,182000,42.86,16.48,9.74
000660,SK하이닉스,2025-04-25,234667.0,182000,28.94,16.48,9.74
000660,SK하이닉스,2025-04-25,264667.0,182000,45.42,16.48,9.74
000660,SK하이닉스,2025-04-25,264667.0,182000,45.42,16.48,9.74
000660,SK하이닉스,2025-04-28,270000.0,180800,49.34,13.11,7.95
000660,SK하이닉스,2025-05-21,266667.0,196900,35.43,31.79,15.57
000660,SK하이닉스,2025-06-18,280000.0,246000,13.82,9.55,2.35
000660,SK하이닉스,2025-06-30,346667.0,285500,21.42,-8.06,-12.62
000660,SK하이닉스,2025-06-30,355000.0,285500,24.34,-8.06,-12.62
000660,SK하이닉스,2025-07-14,335000.0,298500,12.23,-9.88,-9.09
000660,SK하이닉스,2025-07-16,325000.0,269500,20.59,2.6,1.55
000660,SK하이닉스,2025-07-25,333333.0,262000,27.23,-0.19,0.75
000660,SK하이닉스,2025-07-25,353333.0,262000,34.86,-0.19,0.75
000660,SK하이닉스,2025-07-25,343333.0,262000,31.04,-0.19,0.75
000660,SK하이닉스,2025-07-25,320000.0,262000,22.14,-0.19,0.75
000660,SK하이닉스,2025-07-25,310000.0,262000,18.32,-0.19,0.75
000660,SK하이닉스,2025-07-25,323333.0,262000,23.41,-0.19,0.75
000660,SK하이닉스,2025-07-25,356667.0,262000,36.13,-0.19,0.75
000660,SK하이닉스,2025-07-25,356667.0,262000,36.13,-0.19,0.75
000660,SK하이닉스,2025-07-28,340000.0,262500,29.52,-0.95,0.39
000660,SK하이닉스,2025-07-31,321667.0,258000,24.68,-0.78,-1.53
000660,SK하이닉스,2025-09-17,396667.0,353000,12.37,35.55,24.45
000660,SK하이닉스,2025-09-23,436667.0,357500,22.14,56.08,38.54
000660,SK하이닉스,2025-09-25,456667.0,336500,35.71,66.12,44.82
000660,SK하이닉스,2025-09-30,431667.0,360000,19.91,60.83,44.96
000660,SK하이닉스,2025-09-30,448333.0,360000,24.54,60.83,44.96
000660,SK하이닉스,2025-10-14,475000.0,422500,12.43,46.04,32.55
000660,SK하이닉스,2025-10-21,533333.0,481500,10.76,16.72,15.54
000660,SK하이닉스,2025-10-30,640000.0,559000,14.49,-5.19,-0.78
000660,SK하이닉스,2025-10-30,690000.0,559000,23.43,-5.19,-0.78
000660,SK하이닉스,2025-10-30,690000.0,559000,23.43,-5.19,-0.78
000660,SK하이닉스,2025-10-30,703333.0,559000,25.82,-5.19,-0.78
000660,SK하이닉스,2025-10-30,703333.0,559000,25.82,-5.19,-0.78
000660,SK하이닉스,2025-10-30,703333.0,559000,25.82,-5.19,-0.78
000660,SK하이닉스,2025-10-30,676667.0,559000,21.05,-5.19,-0.78
000660,SK하이닉스,2025-10-30,660000.0,559000,18.07,-5.19,-0.78
000660,SK하이닉스,2025-11-04,740000.0,579000,27.81,-4.66,-5.46
000660,SK하이닉스,2025-11-19,766667.0,571000,34.27,-3.33,-3.07
000660,SK하이닉스,2025-12-08,786667.0,566000,38.99,31.45,20.76
000660,SK하이닉스,2026-01-05,810000.0,726000,11.57,24.93,8.08
000660,SK하이닉스,2026-01-07,860000.0,756000,13.76,11.38,-2.05
000660,SK하이닉스,2026-01-14,953333.0,749000,27.28,18.56,3.45
000660,SK하이닉스,2026-01-20,985333.0,740000,33.15,28.51,9.45
000660,SK하이닉스,2026-01-21,1022000.0,755000,35.36,33.11,12.58
000660,SK하이닉스,2026-01-28,1148667.0,861000,33.41,-1.39,1.05
000660,SK하이닉스,2026-01-30,1263333.0,830000,52.21,11.33,-1.51
000660,SK하이닉스,2026-01-30,1350000.0,830000,62.65,11.33,-1.51
000660,SK하이닉스,2026-01-30,1236667.0,830000,49.0,11.33,-1.51
000660,SK하이닉스,2026-01-30,1153333.0,830000,38.96,11.33,-1.51
000660,SK하이닉스,2026-01-30,1126667.0,830000,35.74,11.33,-1.51
000660,SK하이닉스,2026-01-30,1106667.0,830000,33.33,11.33,-1.51
000660,SK하이닉스,2026-01-30,1146333.0,830000,38.11,11.33,-1.51
000660,SK하이닉스,2026-01-30,1183000.0,830000,42.53,11.33,-1.51
000660,SK하이닉스,2026-01-30,1139667.0,830000,37.31,11.33,-1.51
000660,SK하이닉스,2026-01-30,1206667.0,830000,45.38,11.33,-1.51
000660,SK하이닉스,2026-02-02,1113333.0,907000,22.75,-7.83,-7.14
000660,SK하이닉스,2026-02-23,1273333.0,1005000,26.7,3.08,8.57
000660,SK하이닉스,2026-02-24,1350000.0,1018000,32.61,-8.35,1.9
000660,SK하이닉스,2026-03-03,1450000.0,849000,70.79,5.18,-2.38
000660,SK하이닉스,2026-03-05,1480000.0,924000,60.17,-5.19,-1.48
000660,SK하이닉스,2026-03-16,1430000.0,970000,47.42,13.71,7.91
000660,SK하이닉스,2026-03-16,1510000.0,970000,55.67,13.71,7.91
000660,SK하이닉스,2026-03-23,1510000.0,986000,53.14,24.14,9.11
000660,SK하이닉스,2026-03-25,1540000.0,933000,65.06,31.3,12.7
207940,삼성바이오로직스,2025-11-25,2066667.0,1651000,25.18,2.42,-1.31
207940,삼성바이오로직스,2025-12-18,2233333.0,1733000,28.87,8.08,-14.04
207940,삼성바이오로직스,2025-12-23,2163333.0,1691000,27.93,6.86,-13.61
207940,삼성바이오로직스,2026-01-07,2130000.0,1885000,13.0,-9.81,-23.24
207940,삼성바이오로직스,2026-01-07,2096667.0,1885000,11.23,-9.81,-23.24
207940,삼성바이오로직스,2026-01-07,2083333.0,1885000,10.52,-9.81,-23.24
207940,삼성바이오로직스,2026-01-09,2116667.0,1859000,13.86,-8.88,-23.43
207940,삼성바이오로직스,2026-01-22,2150000.0,1802000,19.31,-4.11,-26.03
068270,셀트리온,2023-03-06,220000.0,142961,53.89,2.32,1.62
068270,셀트리온,2023-03-06,210000.0,142961,46.89,2.32,1.62
068270,셀트리온,2023-03-06,213333.0,142961,49.22,2.32,1.62
068270,셀트리온,2023-04-06,220000.0,146732,49.93,7.71,6.92
068270,셀트리온,2023-04-07,220000.0,150780,45.91,3.11,3.73
068270,셀트리온,2023-04-10,216667.0,157127,37.89,-1.29,0.94
068270,셀트리온,2023-04-12,211667.0,165407,27.97,-6.23,-3.02
068270,셀트리온,2023-05-09,211667.0,155472,36.14,0.0,-5.79
068270,셀트리온,2023-05-09,211667.0,155472,36.14,0.0,-5.79
068270,셀트리온,2023-05-09,210000.0,155472,35.07,0.0,-5.79
068270,셀트리온,2023-05-09,213333.0,155472,37.22,0.0,-5.79
068270,셀트리온,2023-05-09,220000.0,155472,41.5,0.0,-5.79
068270,셀트리온,2023-05-25,233333.0,159244,46.53,-12.88,-13.77
068270,셀트리온,2023-05-30,230000.0,157588,45.95,-10.98,-9.92
068270,셀트리온,2023-06-28,230000.0,140292,63.94,-5.51,-7.62
068270,셀트리온,2023-07-17,230000.0,137992,66.68,-2.87,0.28
068270,셀트리온,2023-07-19,230000.0,138085,66.56,0.2,3.88
068270,셀트리온,2023-07-26,216667.0,132565,63.44,-0.42,2.84
068270,셀트리온,2023-08-16,203333.0,132105,53.92,2.79,0.68
068270,셀트리온,2023-08-16,200000.0,132105,51.39,2.79,0.68
068270,셀트리온,2023-08-16,203333.0,132105,53.92,2.79,0.68
068270,셀트리온,2023-08-16,206667.0,132105,56.44,2.79,0.68
068270,셀트리온,2023-08-16,213333.0,132105,61.49,2.79,0.68
068270,셀트리온,2023-08-16,211667.0,132105,60.23,2.79,0.68
068270,셀트리온,2023-08-18,215000.0,133484,61.07,0.9,-1.73
068270,셀트리온,2023-10-04,215000.0,121250,77.32,13.73,15.2
068270,셀트리온,2023-10-25,216667.0,137717,57.33,15.5,6.11
068270,셀트리온,2023-11-08,213333.0,145352,46.77,-0.25,-2.93
068270,셀트리온,2023-11-08,213333.0,145352,46.77,-0.25,-2.93
068270,셀트리온,2023-11-08,206667.0,145352,42.18,-0.25,-2.93
068270,셀트리온,2023-12-01,203333.0,149584,35.93,34.07,31.21
068270,셀트리온,2024-03-04,203333.0,161728,25.73,4.55,0.63
068270,셀트리온,2024-03-04,223333.0,161728,38.09,4.55,0.63
068270,셀트리온,2024-03-06,223333.0,162923,37.08,1.41,-2.15
068270,셀트리온,2024-04-09,223333.0,165131,35.25,6.3,5.55
068270,셀트리온,2024-04-15,220000.0,158231,39.04,11.34,6.93
068270,셀트리온,2024-05-10,236667.0,175527,34.83,-1.68,-1.71
068270,셀트리온,2024-05-13,236667.0,175618,34.76,-4.35,-5.25
068270,셀트리온,2024-05-23,233333.0,165499,40.99,-0.5,-3.37
068270,셀트리온,2024-05-24,233333.0,165223,41.22,-0.67,-2.56
068270,셀트리온,2024-05-27,233333.0,166420,40.21,-2.27,-4.81
068270,셀트리온,2024-05-30,233333.0,162096,43.95,4.48,-1.88
068270,셀트리온,2024-05-31,233333.0,164671,41.7,3.07,-0.59
068270,셀트리온,2024-06-12,243333.0,167983,44.86,1.75,-3.2
068270,셀트리온,2024-06-12,256667.0,167983,52.79,1.75,-3.2
068270,셀트리온,2024-07-01,266667.0,169731,57.11,13.28,14.81
068270,셀트리온,2024-07-11,273333.0,173687,57.37,3.81,13.21
068270,셀트리온,2024-08-08,266667.0,180310,47.89,-1.99,0.04
068270,셀트리온,2024-08-08,260000.0,180310,44.2,-1.99,0.04
068270,셀트리온,2024-08-08,253333.0,180310,40.5,-1.99,0.04
068270,셀트리온,2024-08-08,250000.0,180310,38.65,-1.99,0.04
068270,셀트리온,2024-08-08,246667.0,180310,36.8,-1.99,0.04
068270,셀트리온,2024-08-08,246667.0,180310,36.8,-1.99,0.04
068270,셀트리온,2024-08-08,250000.0,180310,38.65,-1.99,0.04
068270,셀트리온,2024-08-08,256667.0,180310,42.35,-1.99,0.04
068270,셀트리온,2024-08-26,256667.0,184450,39.15,-2.84,-1.38
068270,셀트리온,2024-09-26,260000.0,179206,45.08,-3.64,-1.53
068270,셀트리온,2024-11-11,256667.0,152620,68.17,9.76,12.37
068270,셀트리온,2024-11-11,256667.0,152620,68.17,9.76,12.37
068270,셀트리온,2024-11-11,253333.0,152620,65.99,9.76,12.37
068270,셀트리온,2024-11-11,250000.0,152620,63.81,9.76,12.37
068270,셀트리온,2024-11-11,253333.0,152620,65.99,9.76,12.37
068270,셀트리온,2024-11-11,253333.0,152620,65.99,9.76,12.37
068270,셀트리온,2024-11-12,250000.0,151976,64.5,11.5,10.45
068270,셀트리온,2024-11-21,246667.0,159612,54.54,10.95,14.83
068270,셀트리온,2024-11-28,250000.0,172031,45.32,4.98,7.28
068270,셀트리온,2025-02-10,243333.0,173089,40.58,4.01,2.6
068270,셀트리온,2025-02-26,240000.0,175978,36.38,-3.07,-0.63
068270,셀트리온,2025-02-26,230000.0,175978,30.7,-3.07,-0.63
068270,셀트리온,2025-02-26,240000.0,175978,36.38,-3.07,-0.63
068270,셀트리온,2025-02-26,240000.0,175978,36.38,-3.07,-0.63
068270,셀트리온,2025-02-27,243333.0,177231,37.3,-8.15,-6.11
068270,셀트리온,2025-02-27,243333.0,177231,37.3,-8.15,-6.11
068270,셀트리온,2025-02-28,243333.0,176749,37.67,-4.74,-4.44
068270,셀트리온,2025-04-15,240000.0,153247,56.61,-3.21,-9.58
068270,셀트리온,2025-04-15,233333.0,153247,52.26,-3.21,-9.58
068270,셀트리온,2025-04-22,233333.0,154017,51.5,-4.32,-9.02
068270,셀트리온,2025-05-12,230000.0,148623,54.75,10.28,-1.67
068270,셀트리온,2025-05-12,226667.0,148623,52.51,10.28,-1.67
068270,셀트리온,2025-05-12,220000.0,148623,48.03,10.28,-1.67
068270,셀트리온,2025-05-12,220000.0,148623,48.03,10.28,-1.67
068270,셀트리온,2025-05-30,223333.0,155077,44.01,8.91,-5.02
068270,셀트리온,2025-05-30,226667.0,155077,46.16,8.91,-5.02
068270,셀트리온,2025-07-10,230000.0,178600,28.78,-2.52,-3.6
068270,셀트리온,2025-07-14,227180.0,178600,27.2,-3.47,-2.68
068270,셀트리온,2025-07-22,223846.0,179800,24.5,-4.73,-3.41
068270,셀트리온,2025-07-22,227180.0,179800,26.35,-4.73,-3.41
068270,셀트리온,2025-08-07,226667.0,174100,30.19,-2.35,-2.65
068270,셀트리온,2025-08-07,226667.0,174100,30.19,-2.35,-2.65
068270,셀트리온,2025-08-07,220000.0,174100,26.36,-2.35,-2.65
068270,셀트리온,2025-08-11,223333.0,172400,29.54,-1.57,-5.47
068270,셀트리온,2025-08-13,226667.0,175000,29.52,-1.89,-7.15
068270,셀트리온,2025-08-29,230000.0,169800,35.45,5.18,-3.99
068270,셀트리온,2025-09-24,233333.0,177900,31.16,-1.57,-19.31
068270,셀트리온,2025-10-30,230000.0,175600,30.98,5.69,10.1
068270,셀트리온,2025-11-05,226667.0,174700,29.75,4.52,4.47
068270,셀트리온,2025-11-05,223333.0,174700,27.84,4.52,4.47
068270,셀트리온,2025-11-05,226667.0,174700,29.75,4.52,4.47
068270,셀트리온,2025-11-05,230000.0,174700,31.65,4.52,4.47
068270,셀트리온,2025-11-26,230000.0,185200,24.19,-2.81,-6.39
068270,셀트리온,2026-01-02,236667.0,209500,12.97,-3.1,-14.14
068270,셀트리온,2026-01-05,243333.0,213000,14.24,-2.58,-19.43
068270,셀트리온,2026-01-05,250000.0,213000,17.37,-2.58,-19.43
068270,셀트리온,2026-01-05,250000.0,213000,17.37,-2.58,-19.43
068270,셀트리온,2026-01-05,246667.0,213000,15.81,-2.58,-19.43
068270,셀트리온,2026-01-06,250000.0,211000,18.48,1.66,-16.36
068270,셀트리온,2026-02-06,253333.0,230000,10.14,-10.65,-14.22
068270,셀트리온,2026-02-06,270000.0,230000,17.39,-10.65,-14.22
068270,셀트리온,2026-02-06,266667.0,230000,15.94,-10.65,-14.22
068270,셀트리온,2026-02-06,270000.0,230000,17.39,-10.65,-14.22
068270,셀트리온,2026-02-12,280000.0,238000,17.65,-15.13,-19.78
373220,LG에너지솔루션,2023-01-10,613333.0,474500,29.26,14.23,9.56
373220,LG에너지솔루션,2023-01-10,646000.0,474500,36.14,14.23,9.56
373220,LG에너지솔루션,2023-01-10,659333.0,474500,38.95,14.23,9.56
373220,LG에너지솔루션,2023-01-10,626000.0,474500,31.93,14.23,9.56
373220,LG에너지솔루션,2023-01-17,626000.0,458000,36.68,16.38,12.88
373220,LG에너지솔루션,2023-01-30,612667.0,521000,17.59,0.38,0.89
373220,LG에너지솔루션,2023-01-30,646000.0,521000,23.99,0.38,0.89
373220,LG에너지솔루션,2023-01-30,613333.0,521000,17.72,0.38,0.89
373220,LG에너지솔루션,2023-01-30,613333.0,521000,17.72,0.38,0.89
373220,LG에너지솔루션,2023-01-30,606667.0,521000,16.44,0.38,0.89
373220,LG에너지솔루션,2023-01-30,610000.0,521000,17.08,0.38,0.89
373220,LG에너지솔루션,2023-01-30,616667.0,521000,18.36,0.38,0.89
373220,LG에너지솔루션,2023-01-30,590000.0,521000,13.24,0.38,0.89
373220,LG에너지솔루션,2023-01-30,593333.0,521000,13.88,0.38,0.89
373220,LG에너지솔루션,2023-01-30,626000.0,521000,20.15,0.38,0.89
373220,LG에너지솔루션,2023-01-30,702667.0,521000,34.87,0.38,0.89
373220,LG에너지솔루션,2023-01-31,716000.0,522000,37.16,2.49,3.39
373220,LG에너지솔루션,2023-02-01,701667.0,533000,31.64,0.94,2.43
373220,LG에너지솔루션,2023-03-22,701667.0,575000,22.03,0.87,-4.85
373220,LG에너지솔루션,2023-03-27,695000.0,577000,20.45,-4.51,-6.73
373220,LG에너지솔루션,2023-03-27,686667.0,577000,19.01,-4.51,-6.73
373220,LG에너지솔루션,2023-03-30,670000.0,584000,14.73,-0.51,-1.51
373220,LG에너지솔루션,2023-04-10,686667.0,610000,12.57,-9.34,-7.11
373220,LG에너지솔루션,2023-04-10,703333.0,610000,15.3,-9.34,-7.11
373220,LG에너지솔루션,2023-04-10,733333.0,610000,20.22,-9.34,-7.11
373220,LG에너지솔루션,2023-04-10,800000.0,610000,31.15,-9.34,-7.11
373220,LG에너지솔루션,2023-04-10,806667.0,610000,32.24,-9.34,-7.11
373220,LG에너지솔루션,2023-04-10,800667.0,610000,31.26,-9.34,-7.11
373220,LG에너지솔루션,2023-04-10,740000.0,610000,21.31,-9.34,-7.11
373220,LG에너지솔루션,2023-04-10,716667.0,610000,17.49,-9.34,-7.11
373220,LG에너지솔루션,2023-04-11,726333.0,590000,23.11,-7.29,-4.34
373220,LG에너지솔루션,2023-04-27,731000.0,581000,25.82,3.1,0.08
373220,LG에너지솔루션,2023-04-27,741000.0,581000,27.54,3.1,0.08
373220,LG에너지솔루션,2023-04-27,720667.0,581000,24.04,3.1,0.08
373220,LG에너지솔루션,2023-04-27,733333.0,581000,26.22,3.1,0.08
373220,LG에너지솔루션,2023-04-27,740000.0,581000,27.37,3.1,0.08
373220,LG에너지솔루션,2023-04-27,750000.0,581000,29.09,3.1,0.08
373220,LG에너지솔루션,2023-04-27,743333.0,581000,27.94,3.1,0.08
373220,LG에너지솔루션,2023-04-27,726667.0,581000,25.07,3.1,0.08
373220,LG에너지솔루션,2023-04-27,733333.0,581000,26.22,3.1,0.08
373220,LG에너지솔루션,2023-05-23,710000.0,585000,21.37,-3.76,-3.86
373220,LG에너지솔루션,2023-06-23,720000.0,564000,27.66,5.85,4.06
373220,LG에너지솔루션,2023-07-03,720000.0,569000,26.54,-2.11,-4.95
373220,LG에너지솔루션,2023-07-05,726667.0,565000,28.61,-3.89,-5.81
373220,LG에너지솔루션,2023-07-06,733333.0,562000,30.49,-3.91,-6.93
373220,LG에너지솔루션,2023-07-07,730000.0,550000,32.73,-6.55,-8.93
373220,LG에너지솔루션,2023-07-10,740667.0,550000,34.67,-4.55,-4.99
373220,LG에너지솔루션,2023-07-10,740667.0,550000,34.67,-4.55,-4.99
373220,LG에너지솔루션,2023-07-10,737333.0,550000,34.06,-4.55,-4.99
373220,LG에너지솔루션,2023-07-10,743333.0,550000,35.15,-4.55,-4.99
373220,LG에너지솔루션,2023-07-28,743333.0,560000,32.74,-1.43,1.63
373220,LG에너지솔루션,2023-07-28,733333.0,560000,30.95,-1.43,1.63
373220,LG에너지솔루션,2023-07-28,726667.0,560000,29.76,-1.43,1.63
373220,LG에너지솔루션,2023-07-28,703333.0,560000,25.6,-1.43,1.63
373220,LG에너지솔루션,2023-07-28,720000.0,560000,28.57,-1.43,1.63
373220,LG에너지솔루션,2023-07-28,710000.0,560000,26.79,-1.43,1.63
373220,LG에너지솔루션,2023-07-28,733333.0,560000,30.95,-1.43,1.63
373220,LG에너지솔루션,2023-07-28,783333.0,560000,39.88,-1.43,1.63
373220,LG에너지솔루션,2023-07-28,820000.0,560000,46.43,-1.43,1.63
373220,LG에너지솔루션,2023-07-28,810000.0,560000,44.64,-1.43,1.63
373220,LG에너지솔루션,2023-08-29,760000.0,553000,37.43,-13.83,-10.08
373220,LG에너지솔루션,2023-09-25,743667.0,475500,56.4,-18.93,-11.42
373220,LG에너지솔루션,2023-09-27,723667.0,456000,58.7,-14.14,-11.54
373220,LG에너지솔루션,2023-10-12,713667.0,484000,47.45,-15.08,-13.19
373220,LG에너지솔루션,2023-10-12,676667.0,484000,39.81,-15.08,-13.19
373220,LG에너지솔루션,2023-10-12,700000.0,484000,44.63,-15.08,-13.19
373220,LG에너지솔루션,2023-10-12,710000.0,484000,46.69,-15.08,-13.19
373220,LG에너지솔루션,2023-10-12,747000.0,484000,54.34,-15.08,-13.19
373220,LG에너지솔루션,2023-10-26,720333.0,400000,80.08,10.62,2.21
373220,LG에너지솔루션,2023-10-26,670333.0,400000,67.58,10.62,2.21
373220,LG에너지솔루션,2023-10-26,578333.0,400000,44.58,10.62,2.21
373220,LG에너지솔루션,2023-10-26,568333.0,400000,42.08,10.62,2.21
373220,LG에너지솔루션,2023-10-26,551667.0,400000,37.92,10.62,2.21
373220,LG에너지솔루션,2023-10-26,610000.0,400000,52.5,10.62,2.21
373220,LG에너지솔루션,2023-10-26,570000.0,400000,42.5,10.62,2.21
373220,LG에너지솔루션,2023-10-26,570000.0,400000,42.5,10.62,2.21
373220,LG에너지솔루션,2023-10-26,553333.0,400000,38.33,10.62,2.21
373220,LG에너지솔루션,2023-11-08,590000.0,429000,37.53,-0.58,-3.26
373220,LG에너지솔루션,2023-11-21,606667.0,442000,37.25,-2.15,-6.23
373220,LG에너지솔루션,2023-11-28,580333.0,447000,29.83,-4.36,-9.74
373220,LG에너지솔루션,2023-12-14,570333.0,422000,35.15,-7.58,-2.6
373220,LG에너지솔루션,2024-01-10,537000.0,415500,29.24,-5.17,-8.33
373220,LG에너지솔루션,2024-01-10,526667.0,415500,26.75,-5.17,-8.33
373220,LG에너지솔루션,2024-01-10,510000.0,415500,22.74,-5.17,-8.33
373220,LG에너지솔루션,2024-01-10,550000.0,415500,32.37,-5.17,-8.33
373220,LG에너지솔루션,2024-01-26,550000.0,377500,45.7,6.09,0.03
373220,LG에너지솔루션,2024-01-29,540667.0,375000,44.18,7.07,1.32
373220,LG에너지솔루션,2024-01-29,507333.0,375000,35.29,7.07,1.32
373220,LG에너지솔루션,2024-01-29,507333.0,375000,35.29,7.07,1.32
373220,LG에너지솔루션,2024-01-29,516667.0,375000,37.78,7.07,1.32
373220,LG에너지솔루션,2024-01-29,505000.0,375000,34.67,7.07,1.32
373220,LG에너지솔루션,2024-01-29,505000.0,375000,34.67,7.07,1.32
373220,LG에너지솔루션,2024-01-29,495000.0,375000,32.0,7.07,1.32
373220,LG에너지솔루션,2024-01-31,500000.0,381500,31.06,1.57,-2.63
373220,LG에너지솔루션,2024-02-06,493333.0,386000,27.81,3.76,1.83
373220,LG에너지솔루션,2024-04-01,496667.0,393000,26.38,-1.02,1.51
373220,LG에너지솔루션,2024-04-02,496667.0,376000,32.09,3.99,5.11
373220,LG에너지솔루션,2024-04-08,513667.0,374000,37.34,2.54,1.71
373220,LG에너지솔루션,2024-04-08,517000.0,374000,38.24,2.54,1.71
373220,LG에너지솔루션,2024-04-08,517667.0,374000,38.41,2.54,1.71
373220,LG에너지솔루션,2024-04-26,500667.0,378500,32.28,-13.34,-11.41
373220,LG에너지솔루션,2024-04-26,487333.0,378500,28.75,-13.34,-11.41
373220,LG에너지솔루션,2024-04-26,493333.0,378500,30.34,-13.34,-11.41
373220,LG에너지솔루션,2024-04-26,513333.0,378500,35.62,-13.34,-11.41
373220,LG에너지솔루션,2024-04-26,490000.0,378500,29.46,-13.34,-11.41
373220,LG에너지솔루션,2024-04-26,483333.0,378500,27.7,-13.34,-11.41
373220,LG에너지솔루션,2024-04-26,456667.0,378500,20.65,-13.34,-11.41
373220,LG에너지솔루션,2024-04-26,470000.0,378500,24.17,-13.34,-11.41
373220,LG에너지솔루션,2024-04-26,465000.0,378500,22.85,-13.34,-11.41
373220,LG에너지솔루션,2024-04-29,481667.0,389000,23.82,-14.91,-12.85
373220,LG에너지솔루션,2024-05-07,508667.0,393000,29.43,-8.65,-7.84
373220,LG에너지솔루션,2024-05-28,513667.0,342000,50.19,-4.09,-8.08
373220,LG에너지솔루션,2024-06-24,510333.0,331000,54.18,-1.51,-1.51
373220,LG에너지솔루션,2024-06-26,513333.0,328000,56.5,1.37,4.01
373220,LG에너지솔루션,2024-06-27,503333.0,326500,54.16,-0.46,1.9
373220,LG에너지솔루션,2024-07-03,480000.0,359000,33.7,-7.1,-5.43
373220,LG에너지솔루션,2024-07-09,466667.0,362000,28.91,-10.36,0.09
373220,LG에너지솔루션,2024-07-09,476667.0,362000,31.68,-10.36,0.09
373220,LG에너지솔루션,2024-07-09,470000.0,362000,29.83,-10.36,0.09
373220,LG에너지솔루션,2024-07-09,476667.0,362000,31.68,-10.36,0.09
373220,LG에너지솔루션,2024-07-09,470000.0,362000,29.83,-10.36,0.09
373220,LG에너지솔루션,2024-07-09,470000.0,362000,29.83,-10.36,0.09
373220,LG에너지솔루션,2024-07-26,456667.0,329500,38.59,14.26,17.02
373220,LG에너지솔루션,2024-07-26,428333.0,329500,29.99,14.26,17.02
373220,LG에너지솔루션,2024-07-26,438333.0,329500,33.03,14.26,17.02
373220,LG에너지솔루션,2024-07-26,418333.0,329500,26.96,14.26,17.02
373220,LG에너지솔루션,2024-07-26,420000.0,329500,27.47,14.26,17.02
373220,LG에너지솔루션,2024-07-26,423333.0,329500,28.48,14.26,17.02
373220,LG에너지솔루션,2024-07-26,433333.0,329500,31.51,14.26,17.02
373220,LG에너지솔루션,2024-07-26,443333.0,329500,34.55,14.26,17.02
373220,LG에너지솔루션,2024-07-26,433333.0,329500,31.51,14.26,17.02
373220,LG에너지솔루션,2024-07-26,420000.0,329500,27.47,14.26,17.02
373220,LG에너지솔루션,2024-09-05,436667.0,395000,10.55,2.78,-0.32
373220,LG에너지솔루션,2024-09-30,456667.0,408500,11.79,0.98,1.73
373220,LG에너지솔루션,2024-09-30,490000.0,408500,19.95,0.98,1.73
373220,LG에너지솔루션,2024-10-04,496667.0,420000,18.25,0.0,1.28
373220,LG에너지솔루션,2024-10-07,503333.0,436500,15.31,-10.54,-9.35
373220,LG에너지솔루션,2024-10-10,503333.0,411000,22.47,-3.04,-1.66
373220,LG에너지솔루션,2024-10-10,503333.0,411000,22.47,-3.04,-1.66
373220,LG에너지솔루션,2024-10-10,513667.0,411000,24.98,-3.04,-1.66
373220,LG에너지솔루션,2024-10-10,510333.0,411000,24.17,-3.04,-1.66
373220,LG에너지솔루션,2024-10-29,475333.0,411500,15.51,-2.67,0.82
373220,LG에너지솔루션,2024-10-29,465000.0,411500,13.0,-2.67,0.82
373220,LG에너지솔루션,2024-10-29,466667.0,411500,13.41,-2.67,0.82
373220,LG에너지솔루션,2024-10-29,461667.0,411500,12.19,-2.67,0.82
373220,LG에너지솔루션,2024-10-29,495000.0,411500,20.29,-2.67,0.82
373220,LG에너지솔루션,2024-10-29,495000.0,411500,20.29,-2.67,0.82
373220,LG에너지솔루션,2024-10-30,493333.0,407500,21.06,-1.23,0.79
373220,LG에너지솔루션,2024-11-20,486667.0,400500,21.51,-7.12,-5.31
373220,LG에너지솔루션,2024-12-11,486667.0,404500,20.31,-11.5,-12.11
373220,LG에너지솔루션,2025-01-06,486667.0,365500,33.15,-5.2,-6.37
373220,LG에너지솔루션,2025-01-07,460000.0,373500,23.16,-8.17,-8.88
373220,LG에너지솔루션,2025-01-09,450000.0,348500,29.12,2.73,0.05
373220,LG에너지솔루션,2025-01-10,450000.0,347500,29.5,1.58,-2.49
373220,LG에너지솔루션,2025-01-10,460000.0,347500,32.37,1.58,-2.49
373220,LG에너지솔루션,2025-01-10,470000.0,347500,35.25,1.58,-2.49
373220,LG에너지솔루션,2025-01-31,487000.0,336500,44.73,-1.34,-4.39
373220,LG에너지솔루션,2025-01-31,510333.0,336500,51.66,-1.34,-4.39
373220,LG에너지솔루션,2025-01-31,477000.0,336500,41.75,-1.34,-4.39
373220,LG에너지솔루션,2025-01-31,412000.0,336500,22.44,-1.34,-4.39
373220,LG에너지솔루션,2025-01-31,388667.0,336500,15.5,-1.34,-4.39
373220,LG에너지솔루션,2025-01-31,405333.0,336500,20.46,-1.34,-4.39
373220,LG에너지솔루션,2025-01-31,446667.0,336500,32.74,-1.34,-4.39
373220,LG에너지솔루션,2025-01-31,463333.0,336500,37.69,-1.34,-4.39
373220,LG에너지솔루션,2025-03-13,473333.0,326500,44.97,2.76,7.96
373220,LG에너지솔루션,2025-03-28,486667.0,334500,45.49,3.44,0.71
373220,LG에너지솔루션,2025-03-31,470000.0,328000,43.29,6.71,4.96
373220,LG에너지솔루션,2025-04-01,476667.0,329000,44.88,-1.37,-3.39
373220,LG에너지솔루션,2025-04-02,460000.0,315000,46.03,1.75,-1.19
373220,LG에너지솔루션,2025-04-08,466667.0,314000,48.62,2.39,-11.29
373220,LG에너지솔루션,2025-04-08,443333.0,314000,41.19,2.39,-11.29
373220,LG에너지솔루션,2025-04-09,453333.0,349500,29.71,-10.73,-17.41
373220,LG에너지솔루션,2025-05-02,436667.0,322500,35.4,-9.77,-19.02
373220,LG에너지솔루션,2025-05-02,436667.0,322500,35.4,-9.77,-19.02
373220,LG에너지솔루션,2025-05-02,388667.0,322500,20.52,-9.77,-19.02
373220,LG에너지솔루션,2025-05-02,395333.0,322500,22.58,-9.77,-19.02
373220,LG에너지솔루션,2025-05-02,402000.0,322500,24.65,-9.77,-19.02
373220,LG에너지솔루션,2025-05-02,436667.0,322500,35.4,-9.77,-19.02
373220,LG에너지솔루션,2025-05-02,433333.0,322500,34.37,-9.77,-19.02
373220,LG에너지솔루션,2025-05-14,416667.0,307000,35.72,-4.56,-16.97
373220,LG에너지솔루션,2025-06-09,403333.0,288500,39.8,6.41,-2.05
373220,LG에너지솔루션,2025-06-26,400000.0,288000,38.89,26.22,21.63
373220,LG에너지솔루션,2025-07-08,410000.0,305000,34.43,25.9,23.85
373220,LG에너지솔루션,2025-07-08,416667.0,305000,36.61,25.9,23.85
373220,LG에너지솔루션,2025-07-08,416667.0,305000,36.61,25.9,23.85
373220,LG에너지솔루션,2025-07-08,406667.0,305000,33.33,25.9,23.85
373220,LG에너지솔루션,2025-07-08,396667.0,305000,30.05,25.9,23.85
373220,LG에너지솔루션,2025-07-08,375333.0,305000,23.06,25.9,23.85
373220,LG에너지솔루션,2025-07-21,382000.0,333500,14.54,13.19,14.45
373220,LG에너지솔루션,2025-07-28,467000.0,392000,19.13,-4.72,-3.38
373220,LG에너지솔루션,2025-07-28,472000.0,392000,20.41,-4.72,-3.38
373220,LG에너지솔루션,2025-07-28,475333.0,392000,21.26,-4.72,-3.38
373220,LG에너지솔루션,2025-07-28,441667.0,392000,12.67,-4.72,-3.38
373220,LG에너지솔루션,2025-07-28,433333.0,392000,10.54,-4.72,-3.38
373220,LG에너지솔루션,2025-07-28,440000.0,392000,12.24,-4.72,-3.38
373220,LG에너지솔루션,2025-07-28,436667.0,392000,11.39,-4.72,-3.38
373220,LG에너지솔루션,2025-07-29,466667.0,393000,18.74,-7.38,-5.59
373220,LG에너지솔루션,2025-09-08,460000.0,347000,32.56,10.95,1.69
373220,LG에너지솔루션,2025-10-01,453333.0,399000,13.62,17.79,4.35
373220,LG에너지솔루션,2025-10-14,426667.0,386500,10.39,23.03,9.54
373220,LG에너지솔루션,2025-10-14,426667.0,386500,10.39,23.03,9.54
373220,LG에너지솔루션,2025-10-14,436667.0,386500,12.98,23.03,9.54
373220,LG에너지솔루션,2025-10-14,436667.0,386500,12.98,23.03,9.54
373220,LG에너지솔루션,2025-10-14,433333.0,386500,12.12,23.03,9.54
373220,LG에너지솔루션,2025-10-15,466667.0,420500,10.98,15.22,3.95
373220,LG에너지솔루션,2025-10-20,493667.0,437000,12.97,1.37,-2.02
373220,LG에너지솔루션,2025-10-31,577000.0,475500,21.35,-13.14,-6.0
373220,LG에너지솔루션,2025-10-31,586667.0,475500,23.38,-13.14,-6.0
373220,LG에너지솔루션,2025-10-31,576667.0,475500,21.28,-13.14,-6.0
373220,LG에너지솔루션,2025-10-31,580000.0,475500,21.98,-13.14,-6.0
373220,LG에너지솔루션,2025-10-31,580000.0,475500,21.98,-13.14,-6.0
373220,LG에너지솔루션,2025-10-31,575000.0,475500,20.93,-13.14,-6.0
373220,LG에너지솔루션,2025-10-31,565000.0,475500,18.82,-13.14,-6.0
373220,LG에너지솔루션,2025-10-31,564667.0,475500,18.75,-13.14,-6.0
373220,LG에너지솔루션,2025-10-31,563000.0,475500,18.4,-13.14,-6.0
373220,LG에너지솔루션,2026-01-05,546333.0,378000,44.53,3.44,-13.41
373220,LG에너지솔루션,2026-01-07,530000.0,366000,44.81,7.92,-5.5
373220,LG에너지솔루션,2026-01-07,510000.0,366000,39.34,7.92,-5.5
373220,LG에너지솔루션,2026-01-12,523000.0,394000,32.74,-0.89,-13.87
373220,LG에너지솔루션,2026-01-12,519667.0,394000,31.9,-0.89,-13.87
373220,LG에너지솔루션,2026-01-12,523000.0,394000,32.74,-0.89,-13.87
373220,LG에너지솔루션,2026-01-12,473333.0,394000,20.14,-0.89,-13.87
373220,LG에너지솔루션,2026-01-30,503333.0,380000,32.46,-0.66,-13.49
373220,LG에너지솔루션,2026-01-30,520000.0,380000,36.84,-0.66,-13.49
373220,LG에너지솔루션,2026-01-30,570000.0,380000,50.0,-0.66,-13.49
373220,LG에너지솔루션,2026-01-30,533333.0,380000,40.35,-0.66,-13.49
373220,LG에너지솔루션,2026-01-30,516667.0,380000,35.96,-0.66,-13.49
373220,LG에너지솔루션,2026-01-30,507000.0,380000,33.42,-0.66,-13.49
373220,LG에너지솔루션,2026-01-30,519667.0,380000,36.75,-0.66,-13.49
373220,LG에너지솔루션,2026-01-30,549667.0,380000,44.65,-0.66,-13.49
373220,LG에너지솔루션,2026-01-30,539333.0,380000,41.93,-0.66,-13.49
373220,LG에너지솔루션,2026-02-02,546667.0,391000,39.81,-8.06,-7.37
373220,LG에너지솔루션,2026-02-02,535000.0,391000,36.83,-8.06,-7.37
373220,LG에너지솔루션,2026-02-03,541667.0,402500,34.58,-8.82,-11.83
373220,LG에너지솔루션,2026-03-19,535000.0,375500,42.48,11.32,4.21
006400,삼성SDI,2023-01-17,847333.0,600147,41.19,14.68,11.18
006400,삼성SDI,2023-01-31,870667.0,704903,23.52,-1.39,-0.49
006400,삼성SDI,2023-01-31,860667.0,704903,22.1,-1.39,-0.49
006400,삼성SDI,2023-01-31,923333.0,704903,30.99,-1.39,-0.49
006400,삼성SDI,2023-01-31,903333.0,704903,28.15,-1.39,-0.49
006400,삼성SDI,2023-01-31,936667.0,704903,32.88,-1.39,-0.49
006400,삼성SDI,2023-01-31,943333.0,704903,33.82,-1.39,-0.49
006400,삼성SDI,2023-01-31,956667.0,704903,35.72,-1.39,-0.49
006400,삼성SDI,2023-01-31,954000.0,704903,35.34,-1.39,-0.49
006400,삼성SDI,2023-01-31,870667.0,704903,23.52,-1.39,-0.49
006400,삼성SDI,2023-02-21,884000.0,669658,32.01,9.06,8.78
006400,삼성SDI,2023-03-30,890000.0,719589,23.68,-5.99,-6.98
006400,삼성SDI,2023-04-03,913333.0,710778,28.5,-5.79,-6.63
006400,삼성SDI,2023-04-04,910000.0,761687,19.47,-12.08,-12.31
006400,삼성SDI,2023-04-11,916000.0,747981,22.46,-12.96,-10.01
006400,삼성SDI,2023-04-28,876000.0,685323,27.82,1.14,-0.63
006400,삼성SDI,2023-04-28,936000.0,685323,36.58,1.14,-0.63
006400,삼성SDI,2023-04-28,993333.0,685323,44.94,1.14,-0.63
006400,삼성SDI,2023-04-28,1023333.0,685323,49.32,1.14,-0.63
006400,삼성SDI,2023-04-28,970000.0,685323,41.54,1.14,-0.63
006400,삼성SDI,2023-04-28,906667.0,685323,32.3,1.14,-0.63
006400,삼성SDI,2023-04-28,919333.0,685323,34.15,1.14,-0.63
006400,삼성SDI,2023-04-28,912667.0,685323,33.17,1.14,-0.63
006400,삼성SDI,2023-04-28,929333.0,685323,35.61,1.14,-0.63
006400,삼성SDI,2023-05-23,915667.0,699029,30.99,-4.34,-4.44
006400,삼성SDI,2023-06-21,915667.0,680428,34.57,-1.44,-1.69
006400,삼성SDI,2023-06-30,902333.0,701966,28.54,-7.25,-8.41
006400,삼성SDI,2023-07-03,906667.0,696092,30.25,-5.77,-8.61
006400,삼성SDI,2023-07-05,906667.0,688260,31.73,-9.1,-11.02
006400,삼성SDI,2023-07-06,900000.0,682386,31.89,-8.9,-11.91
006400,삼성SDI,2023-07-28,900000.0,651057,38.24,-10.38,-7.32
006400,삼성SDI,2023-07-28,960000.0,651057,47.45,-10.38,-7.32
006400,삼성SDI,2023-07-28,966667.0,651057,48.48,-10.38,-7.32
006400,삼성SDI,2023-07-28,966667.0,651057,48.48,-10.38,-7.32
006400,삼성SDI,2023-07-28,973333.0,651057,49.5,-10.38,-7.32
006400,삼성SDI,2023-07-28,966667.0,651057,48.48,-10.38,-7.32
006400,삼성SDI,2023-07-28,966667.0,651057,48.48,-10.38,-7.32
006400,삼성SDI,2023-08-11,890000.0,597210,49.03,-8.52,-7.19
006400,삼성SDI,2023-08-29,860000.0,593294,44.95,-15.51,-11.76
006400,삼성SDI,2023-09-12,860000.0,546300,57.42,-8.24,-5.4
006400,삼성SDI,2023-09-22,870000.0,510076,70.56,-13.24,-5.82
006400,삼성SDI,2023-10-06,900000.0,479726,87.61,-4.9,-6.62
006400,삼성SDI,2023-10-10,909333.0,500285,81.76,-11.94,-10.78
006400,삼성SDI,2023-10-27,809333.0,442523,82.89,0.33,-7.68
006400,삼성SDI,2023-10-27,736000.0,442523,66.32,0.33,-7.68
006400,삼성SDI,2023-10-27,700000.0,442523,58.18,0.33,-7.68
006400,삼성SDI,2023-10-27,726667.0,442523,64.21,0.33,-7.68
006400,삼성SDI,2023-10-27,860000.0,442523,94.34,0.33,-7.68
006400,삼성SDI,2023-10-27,803333.0,442523,81.53,0.33,-7.68
006400,삼성SDI,2023-10-27,826667.0,442523,86.81,0.33,-7.68
006400,삼성SDI,2023-11-01,683333.0,441543,54.76,4.66,-3.55
006400,삼성SDI,2023-11-08,683333.0,430285,58.81,0.91,-1.77
006400,삼성SDI,2023-11-21,633333.0,461614,37.2,-2.01,-6.1
006400,삼성SDI,2023-11-28,636667.0,461614,37.92,0.11,-5.27
006400,삼성SDI,2023-12-12,670000.0,420494,59.34,-6.87,-7.48
006400,삼성SDI,2024-01-08,703333.0,422942,66.3,-13.43,-14.01
006400,삼성SDI,2024-01-10,756667.0,407767,85.56,-7.56,-10.71
006400,삼성SDI,2024-01-18,673333.0,366158,83.89,5.62,-1.87
006400,삼성SDI,2024-01-31,606667.0,369585,64.15,-2.91,-7.12
006400,삼성SDI,2024-01-31,566667.0,369585,53.33,-2.91,-7.12
006400,삼성SDI,2024-01-31,566667.0,369585,53.33,-2.91,-7.12
006400,삼성SDI,2024-01-31,573333.0,369585,55.13,-2.91,-7.12
006400,삼성SDI,2024-01-31,530000.0,369585,43.4,-2.91,-7.12
006400,삼성SDI,2024-01-31,563333.0,369585,52.42,-2.91,-7.12
006400,삼성SDI,2024-03-08,573333.0,404830,41.62,1.57,-0.6
006400,삼성SDI,2024-03-12,653333.0,449865,45.23,-11.32,-11.81
006400,삼성SDI,2024-03-26,653333.0,470425,38.88,-13.94,-9.35
006400,삼성SDI,2024-04-02,670000.0,419026,59.89,2.34,3.46
006400,삼성SDI,2024-05-02,600000.0,428816,39.92,-13.7,-13.16
006400,삼성SDI,2024-05-02,633333.0,428816,47.69,-13.7,-13.16
006400,삼성SDI,2024-05-02,703333.0,428816,64.02,-13.7,-13.16
006400,삼성SDI,2024-05-02,686667.0,428816,60.13,-13.7,-13.16
006400,삼성SDI,2024-05-02,673333.0,428816,57.02,-13.7,-13.16
006400,삼성SDI,2024-05-02,603333.0,428816,40.7,-13.7,-13.16
006400,삼성SDI,2024-05-02,640000.0,428816,49.25,-13.7,-13.16
006400,삼성SDI,2024-05-07,640000.0,427837,49.59,-8.7,-7.88
006400,삼성SDI,2024-05-28,640000.0,376927,69.79,-6.23,-10.22
006400,삼성SDI,2024-06-24,620000.0,360773,71.85,-8.96,-8.95
006400,삼성SDI,2024-07-10,627333.0,381333,64.51,-22.21,-10.63
006400,삼성SDI,2024-07-31,627333.0,326997,91.85,5.99,9.71
006400,삼성SDI,2024-07-31,577333.0,326997,76.56,5.99,9.71
006400,삼성SDI,2024-07-31,510000.0,326997,55.96,5.99,9.71
006400,삼성SDI,2024-07-31,470000.0,326997,43.73,5.99,9.71
006400,삼성SDI,2024-07-31,520000.0,326997,59.02,5.99,9.71
006400,삼성SDI,2024-07-31,540000.0,326997,65.14,5.99,9.71
006400,삼성SDI,2024-07-31,521667.0,326997,59.53,5.99,9.71
006400,삼성SDI,2024-07-31,537000.0,326997,64.22,5.99,9.71
006400,삼성SDI,2024-07-31,517000.0,326997,58.11,5.99,9.71
006400,삼성SDI,2024-08-20,522000.0,321612,62.31,15.37,19.04
006400,삼성SDI,2024-10-07,466667.0,363221,28.48,-19.54,-18.35
006400,삼성SDI,2024-10-10,456667.0,365179,25.05,-23.73,-22.35
006400,삼성SDI,2024-10-11,490000.0,351472,39.41,-23.54,-20.04
006400,삼성SDI,2024-10-15,530000.0,332871,59.22,-24.85,-17.45
006400,삼성SDI,2024-10-31,556667.0,324549,71.52,-23.23,-19.83
006400,삼성SDI,2024-10-31,533333.0,324549,64.33,-23.23,-19.83
006400,삼성SDI,2024-10-31,483333.0,324549,48.92,-23.23,-19.83
006400,삼성SDI,2024-10-31,462333.0,324549,42.45,-23.23,-19.83
006400,삼성SDI,2024-10-31,465667.0,324549,43.48,-23.23,-19.83
006400,삼성SDI,2024-10-31,475667.0,324549,46.56,-23.23,-19.83
006400,삼성SDI,2024-11-01,493333.0,330423,49.3,-23.26,-18.06
006400,삼성SDI,2024-11-20,493333.0,258954,90.51,-3.97,-2.17
006400,삼성SDI,2024-12-19,466667.0,242800,92.2,-3.43,-9.37
006400,삼성SDI,2025-01-07,423333.0,244268,73.31,-15.63,-16.35
006400,삼성SDI,2025-01-09,380000.0,229093,65.87,-8.55,-11.23
006400,삼성SDI,2025-01-09,380000.0,229093,65.87,-8.55,-11.23
006400,삼성SDI,2025-01-10,353333.0,224688,57.26,-6.97,-11.05
006400,삼성SDI,2025-01-31,353333.0,203638,73.51,2.4,-0.65
006400,삼성SDI,2025-01-31,330000.0,203638,62.05,2.4,-0.65
006400,삼성SDI,2025-01-31,356667.0,203638,75.15,2.4,-0.65
006400,삼성SDI,2025-01-31,319333.0,203638,56.81,2.4,-0.65
006400,삼성SDI,2025-01-31,326000.0,203638,60.09,2.4,-0.65
006400,삼성SDI,2025-01-31,299333.0,203638,46.99,2.4,-0.65
006400,삼성SDI,2025-03-17,333333.0,186799,78.44,-2.25,2.92
006400,삼성SDI,2025-03-20,310000.0,196296,57.92,-8.3,-2.26
006400,삼성SDI,2025-04-02,306667.0,179358,70.98,-3.21,-6.15
006400,삼성SDI,2025-04-10,286667.0,175600,63.25,-1.48,-10.02
006400,삼성SDI,2025-04-15,280000.0,177000,58.19,-4.29,-10.67
006400,삼성SDI,2025-04-28,263333.0,183600,43.43,-8.01,-13.16
006400,삼성SDI,2025-04-28,260000.0,183600,41.61,-8.01,-13.16
006400,삼성SDI,2025-04-28,273333.0,183600,48.87,-8.01,-13.16
006400,삼성SDI,2025-04-28,276667.0,183600,50.69,-8.01,-13.16
006400,삼성SDI,2025-04-28,270000.0,183600,47.06,-8.01,-13.16
006400,삼성SDI,2025-04-28,263333.0,183600,43.43,-8.01,-13.16
006400,삼성SDI,2025-04-28,266667.0,183600,45.24,-8.01,-13.16
006400,삼성SDI,2025-04-28,253333.0,183600,37.98,-8.01,-13.16
006400,삼성SDI,2025-04-29,243333.0,176000,38.26,-1.82,-7.39
006400,삼성SDI,2025-06-09,231667.0,170300,36.03,2.76,-5.71
006400,삼성SDI,2025-07-16,248333.0,179000,38.73,25.14,24.09
006400,삼성SDI,2025-07-17,241667.0,182500,32.42,20.27,20.61
006400,삼성SDI,2025-08-01,228333.0,193700,17.88,4.54,3.76
006400,삼성SDI,2025-08-01,225000.0,193700,16.16,4.54,3.76
006400,삼성SDI,2025-08-01,241667.0,193700,24.76,4.54,3.76
006400,삼성SDI,2025-08-01,256667.0,193700,32.51,4.54,3.76
006400,삼성SDI,2025-08-01,256667.0,193700,32.51,4.54,3.76
006400,삼성SDI,2025-08-01,263333.0,193700,35.95,4.54,3.76
006400,삼성SDI,2025-08-01,263333.0,193700,35.95,4.54,3.76
006400,삼성SDI,2025-08-01,256667.0,193700,32.51,4.54,3.76
006400,삼성SDI,2025-08-04,240000.0,213500,12.41,-5.62,-5.2
006400,삼성SDI,2025-08-26,265000.0,220000,20.45,-6.59,-15.53
006400,삼성SDI,2025-10-01,271667.0,206500,31.56,55.93,42.49
006400,삼성SDI,2025-10-29,386667.0,325500,18.79,-6.91,-4.47
006400,삼성SDI,2025-10-29,383333.0,325500,17.77,-6.91,-4.47
006400,삼성SDI,2025-10-29,400000.0,325500,22.89,-6.91,-4.47
006400,삼성SDI,2025-10-29,400000.0,325500,22.89,-6.91,-4.47
006400,삼성SDI,2025-10-29,403333.0,325500,23.91,-6.91,-4.47
006400,삼성SDI,2025-10-29,386667.0,325500,18.79,-6.91,-4.47
006400,삼성SDI,2025-10-29,370000.0,325500,13.67,-6.91,-4.47
006400,삼성SDI,2025-11-06,373333.0,306000,22.0,0.49,-3.21
006400,삼성SDI,2025-11-11,390000.0,321500,21.31,-1.24,-0.87
006400,삼성SDI,2026-01-07,373333.0,271000,37.76,42.25,28.82
006400,삼성SDI,2026-01-20,400000.0,324000,23.46,20.83,1.77
006400,삼성SDI,2026-02-03,443333.0,391500,13.24,3.07,0.06
006400,삼성SDI,2026-02-03,443333.0,391500,13.24,3.07,0.06
006400,삼성SDI,2026-02-03,440000.0,391500,12.39,3.07,0.06
006400,삼성SDI,2026-02-03,431667.0,391500,10.26,3.07,0.06
006400,삼성SDI,2026-02-03,460000.0,391500,17.5,3.07,0.06
006400,삼성SDI,2026-02-20,510000.0,391500,30.27,1.53,6.53
006400,삼성SDI,2026-02-20,523000.0,391500,33.59,1.53,6.53
006400,삼성SDI,2026-03-19,556333.0,400500,38.91,28.09,20.99
005380,현대차,2023-01-17,236667.0,164500,43.87,8.81,5.31
005380,현대차,2023-01-27,228333.0,170000,34.31,1.94,3.89
005380,현대차,2023-01-27,228333.0,170000,34.31,1.94,3.89
005380,현대차,2023-01-27,221667.0,170000,30.39,1.94,3.89
005380,현대차,2023-01-27,223333.0,170000,31.37,1.94,3.89
005380,현대차,2023-01-27,223333.0,170000,31.37,1.94,3.89
005380,현대차,2023-01-27,233333.0,170000,37.25,1.94,3.89
005380,현대차,2023-01-27,233333.0,170000,37.25,1.94,3.89
005380,현대차,2023-01-27,233333.0,170000,37.25,1.94,3.89
005380,현대차,2023-02-09,225000.0,173400,29.76,1.5,3.89
005380,현대차,2023-02-21,221667.0,174200,27.25,3.62,3.34
005380,현대차,2023-04-05,231667.0,185100,25.16,9.4,7.21
005380,현대차,2023-04-06,243333.0,185100,31.46,10.75,9.96
005380,현대차,2023-04-10,253333.0,192100,31.88,8.28,10.51
005380,현대차,2023-04-10,253333.0,192100,31.88,8.28,10.51
005380,현대차,2023-04-26,266667.0,202000,32.01,-0.74,-4.34
005380,현대차,2023-04-26,293333.0,202000,45.21,-0.74,-4.34
005380,현대차,2023-04-26,293333.0,202000,45.21,-0.74,-4.34
005380,현대차,2023-04-26,276667.0,202000,36.96,-0.74,-4.34
005380,현대차,2023-04-26,250000.0,202000,23.76,-0.74,-4.34
005380,현대차,2023-04-26,250000.0,202000,23.76,-0.74,-4.34
005380,현대차,2023-04-26,260000.0,202000,28.71,-0.74,-4.34
005380,현대차,2023-04-26,266667.0,202000,32.01,-0.74,-4.34
005380,현대차,2023-04-26,273333.0,202000,35.31,-0.74,-4.34
005380,현대차,2023-05-31,286667.0,197500,45.15,4.56,4.75
005380,현대차,2023-06-21,286667.0,202000,41.91,-0.74,-0.99
005380,현대차,2023-06-21,290000.0,202000,43.56,-0.74,-0.99
005380,현대차,2023-06-21,266667.0,202000,32.01,-0.74,-0.99
005380,현대차,2023-06-21,260000.0,202000,28.71,-0.74,-0.99
005380,현대차,2023-06-21,273333.0,202000,35.31,-0.74,-0.99
005380,현대차,2023-06-22,290000.0,199900,45.07,0.05,-1.49
005380,현대차,2023-06-30,306667.0,208500,47.08,-6.0,-7.15
005380,현대차,2023-07-07,300000.0,205500,45.99,-8.52,-10.9
005380,현대차,2023-07-11,306667.0,203500,50.7,-6.93,-8.11
005380,현대차,2023-07-11,316667.0,203500,55.61,-6.93,-8.11
005380,현대차,2023-07-27,313333.0,196800,59.21,-5.79,-3.3
005380,현대차,2023-07-27,296667.0,196800,50.75,-5.79,-3.3
005380,현대차,2023-07-27,270000.0,196800,37.2,-5.79,-3.3
005380,현대차,2023-07-27,273333.0,196800,38.89,-5.79,-3.3
005380,현대차,2023-07-27,266667.0,196800,35.5,-5.79,-3.3
005380,현대차,2023-07-27,270000.0,196800,37.2,-5.79,-3.3
005380,현대차,2023-07-27,256667.0,196800,30.42,-5.79,-3.3
005380,현대차,2023-07-27,266667.0,196800,35.5,-5.79,-3.3
005380,현대차,2023-07-27,280000.0,196800,42.28,-5.79,-3.3
005380,현대차,2023-08-07,293333.0,188400,55.7,-0.9,-0.49
005380,현대차,2023-09-13,296667.0,190700,55.57,-0.94,5.16
005380,현대차,2023-09-19,306667.0,194900,57.35,-6.62,1.06
005380,현대차,2023-09-27,306667.0,190800,60.73,-9.85,-7.25
005380,현대차,2023-10-06,310000.0,188400,64.54,-6.53,-8.25
005380,현대차,2023-10-10,290000.0,189400,53.12,-7.71,-6.55
005380,현대차,2023-10-17,270000.0,191800,40.77,-4.85,-5.83
005380,현대차,2023-10-18,263333.0,188900,39.4,-2.17,-5.17
005380,현대차,2023-10-27,273333.0,172500,58.45,7.19,-0.82
005380,현대차,2023-10-27,293333.0,172500,70.05,7.19,-0.82
005380,현대차,2023-10-27,283333.0,172500,64.25,7.19,-0.82
005380,현대차,2023-10-27,273333.0,172500,58.45,7.19,-0.82
005380,현대차,2023-10-27,266667.0,172500,54.59,7.19,-0.82
005380,현대차,2023-10-27,270000.0,172500,56.52,7.19,-0.82
005380,현대차,2023-10-27,260000.0,172500,50.72,7.19,-0.82
005380,현대차,2023-10-27,261667.0,172500,51.69,7.19,-0.82
005380,현대차,2023-10-27,271667.0,172500,57.49,7.19,-0.82
005380,현대차,2023-11-13,278333.0,175200,58.87,5.94,1.74
005380,현대차,2023-11-28,280000.0,184800,51.52,10.12,4.74
005380,현대차,2023-12-04,283333.0,181400,56.19,3.25,-0.11
005380,현대차,2023-12-04,286667.0,181400,58.03,3.25,-0.11
005380,현대차,2023-12-05,276667.0,182900,51.27,1.53,-1.37
005380,현대차,2023-12-19,271667.0,199100,36.45,-9.54,-3.81
005380,현대차,2024-01-08,270000.0,185600,45.47,26.89,26.3
005380,현대차,2024-01-11,270000.0,186000,45.16,33.87,28.94
005380,현대차,2024-01-11,275000.0,186000,47.85,33.87,28.94
005380,현대차,2024-01-16,273333.0,181800,50.35,38.89,30.15
005380,현대차,2024-01-17,270000.0,180200,49.83,40.12,30.28
005380,현대차,2024-01-26,253333.0,195600,29.52,26.79,20.73
005380,현대차,2024-01-26,253333.0,195600,29.52,26.79,20.73
005380,현대차,2024-01-26,260000.0,195600,32.92,26.79,20.73
005380,현대차,2024-01-26,270000.0,195600,38.04,26.79,20.73
005380,현대차,2024-01-26,266667.0,195600,36.33,26.79,20.73
005380,현대차,2024-01-26,270000.0,195600,38.04,26.79,20.73
005380,현대차,2024-01-26,270000.0,195600,38.04,26.79,20.73
005380,현대차,2024-01-26,273333.0,195600,39.74,26.79,20.73
005380,현대차,2024-01-26,260000.0,195600,32.92,26.79,20.73
005380,현대차,2024-01-26,263333.0,195600,34.63,26.79,20.73
005380,현대차,2024-01-26,276667.0,195600,41.45,26.79,20.73
005380,현대차,2024-01-26,285000.0,195600,45.71,26.79,20.73
005380,현대차,2024-01-29,271667.0,190000,42.98,31.84,26.1
005380,현대차,2024-02-05,268333.0,235500,13.94,7.43,3.39
005380,현대차,2024-02-05,273333.0,235500,16.07,7.43,3.39
005380,현대차,2024-02-29,290000.0,255500,13.5,-10.96,-13.71
005380,현대차,2024-04-03,290000.0,226000,28.32,7.08,7.36
005380,현대차,2024-04-04,296667.0,225500,31.56,7.32,6.18
005380,현대차,2024-04-08,290000.0,228000,27.19,5.92,5.09
005380,현대차,2024-04-23,300000.0,252500,18.81,5.15,3.38
005380,현대차,2024-04-26,300000.0,251500,19.28,2.19,4.12
005380,현대차,2024-04-26,313333.0,251500,24.59,2.19,4.12
005380,현대차,2024-04-26,303333.0,251500,20.61,2.19,4.12
005380,현대차,2024-04-26,300000.0,251500,19.28,2.19,4.12
005380,현대차,2024-04-26,303333.0,251500,20.61,2.19,4.12
005380,현대차,2024-04-26,316667.0,251500,25.91,2.19,4.12
005380,현대차,2024-04-26,316667.0,251500,25.91,2.19,4.12
005380,현대차,2024-04-26,310000.0,251500,23.26,2.19,4.12
005380,현대차,2024-04-26,306667.0,251500,21.94,2.19,4.12
005380,현대차,2024-04-26,316667.0,251500,25.91,2.19,4.12
005380,현대차,2024-04-26,323333.0,251500,28.56,2.19,4.12
005380,현대차,2024-04-29,333333.0,251000,32.8,0.8,2.86
005380,현대차,2024-06-13,336667.0,268000,25.62,1.31,-2.27
005380,현대차,2024-06-18,343333.0,286500,19.84,-6.28,-7.93
005380,현대차,2024-07-01,360000.0,272500,32.11,-8.26,-6.72
005380,현대차,2024-07-04,371667.0,281000,32.27,-13.17,-6.67
005380,현대차,2024-07-04,371667.0,281000,32.27,-13.17,-6.67
005380,현대차,2024-07-08,348333.0,274500,26.9,-14.39,-2.35
005380,현대차,2024-07-09,336667.0,274500,22.65,-14.03,-3.58
005380,현대차,2024-07-09,348333.0,274500,26.9,-14.03,-3.58
005380,현대차,2024-07-09,361667.0,274500,31.75,-14.03,-3.58
005380,현대차,2024-07-11,385000.0,271500,41.8,-10.5,-1.1
005380,현대차,2024-07-16,370000.0,268500,37.8,-10.24,-3.25
005380,현대차,2024-07-26,380000.0,255500,48.73,-3.13,-0.37
005380,현대차,2024-07-26,370000.0,255500,44.81,-3.13,-0.37
005380,현대차,2024-07-26,376667.0,255500,47.42,-3.13,-0.37
005380,현대차,2024-07-26,363333.0,255500,42.2,-3.13,-0.37
005380,현대차,2024-07-26,368333.0,255500,44.16,-3.13,-0.37
005380,현대차,2024-07-26,358333.0,255500,40.25,-3.13,-0.37
005380,현대차,2024-07-26,348333.0,255500,36.33,-3.13,-0.37
005380,현대차,2024-07-26,336667.0,255500,31.77,-3.13,-0.37
005380,현대차,2024-07-26,336667.0,255500,31.77,-3.13,-0.37
005380,현대차,2024-07-26,348333.0,255500,36.33,-3.13,-0.37
005380,현대차,2024-07-26,345000.0,255500,35.03,-3.13,-0.37
005380,현대차,2024-07-29,348333.0,250000,39.33,3.6,5.37
005380,현대차,2024-08-13,350000.0,241000,45.23,-3.73,-1.0
005380,현대차,2024-08-29,356667.0,255500,39.6,-6.26,-2.35
005380,현대차,2024-08-29,363333.0,255500,42.2,-6.26,-2.35
005380,현대차,2024-08-29,368333.0,255500,44.16,-6.26,-2.35
005380,현대차,2024-08-29,375000.0,255500,46.77,-6.26,-2.35
005380,현대차,2024-08-29,376667.0,255500,47.42,-6.26,-2.35
005380,현대차,2024-08-29,358333.0,255500,40.25,-6.26,-2.35
005380,현대차,2024-09-13,341667.0,246000,38.89,-4.67,-4.28
005380,현대차,2024-10-14,341667.0,246000,38.89,-15.85,-10.12
005380,현대차,2024-10-16,341667.0,235500,45.08,-14.44,-7.14
005380,현대차,2024-10-18,355000.0,237000,49.79,-8.44,-3.22
005380,현대차,2024-10-21,361667.0,234500,54.23,-8.1,-4.26
005380,현대차,2024-10-22,355000.0,241000,47.3,-9.34,-4.82
005380,현대차,2024-10-23,345000.0,228500,50.98,-5.69,-1.8
005380,현대차,2024-10-25,326667.0,226500,44.22,-3.31,-0.32
005380,현대차,2024-10-25,333333.0,226500,47.17,-3.31,-0.32
005380,현대차,2024-10-25,340000.0,226500,50.11,-3.31,-0.32
005380,현대차,2024-10-25,350000.0,226500,54.53,-3.31,-0.32
005380,현대차,2024-10-25,361667.0,226500,59.68,-3.31,-0.32
005380,현대차,2024-10-25,345000.0,226500,52.32,-3.31,-0.32
005380,현대차,2024-10-25,338333.0,226500,49.37,-3.31,-0.32
005380,현대차,2024-10-25,330000.0,226500,45.7,-3.31,-0.32
005380,현대차,2024-11-04,353333.0,215000,64.34,-0.23,2.75
005380,현대차,2024-11-19,350000.0,218500,60.18,-0.92,-1.0
005380,현대차,2024-11-28,340000.0,218500,55.61,-2.97,-0.68
005380,현대차,2024-11-29,326667.0,216000,51.23,-2.08,0.18
005380,현대차,2025-01-10,326667.0,220000,48.48,-6.36,-10.44
005380,현대차,2025-01-13,316667.0,222000,42.64,-10.0,-14.53
005380,현대차,2025-01-13,300000.0,222000,35.14,-10.0,-14.53
005380,현대차,2025-01-14,301667.0,220500,36.81,-9.07,-14.28
005380,현대차,2025-01-24,305000.0,206000,48.06,-6.31,-6.92
005380,현대차,2025-01-24,318333.0,206000,54.53,-6.31,-6.92
005380,현대차,2025-01-24,300000.0,206000,45.63,-6.31,-6.92
005380,현대차,2025-01-24,310000.0,206000,50.49,-6.31,-6.92
005380,현대차,2025-01-24,310000.0,206000,50.49,-6.31,-6.92
005380,현대차,2025-01-24,320000.0,206000,55.34,-6.31,-6.92
005380,현대차,2025-01-24,333333.0,206000,61.81,-6.31,-6.92
005380,현대차,2025-01-24,350000.0,206000,69.9,-6.31,-6.92
005380,현대차,2025-01-24,350000.0,206000,69.9,-6.31,-6.92
005380,현대차,2025-01-24,323333.0,206000,56.96,-6.31,-6.92
005380,현대차,2025-01-24,310000.0,206000,50.49,-6.31,-6.92
005380,현대차,2025-01-24,288333.0,206000,39.97,-6.31,-6.92
005380,현대차,2025-03-27,298333.0,205000,45.53,-7.9,-7.45
005380,현대차,2025-04-08,275000.0,178000,54.49,10.0,-3.67
005380,현대차,2025-04-11,283333.0,179300,58.02,7.59,0.85
005380,현대차,2025-04-25,253333.0,189000,34.04,1.06,-5.68
005380,현대차,2025-04-25,253333.0,189000,34.04,1.06,-5.68
005380,현대차,2025-04-25,256667.0,189000,35.8,1.06,-5.68
005380,현대차,2025-04-25,266667.0,189000,41.09,1.06,-5.68
005380,현대차,2025-04-25,286667.0,189000,51.68,1.06,-5.68
005380,현대차,2025-04-25,286667.0,189000,51.68,1.06,-5.68
005380,현대차,2025-04-25,310000.0,189000,64.02,1.06,-5.68
005380,현대차,2025-04-25,283333.0,189000,49.91,1.06,-5.68
005380,현대차,2025-04-25,280000.0,189000,48.15,1.06,-5.68
005380,현대차,2025-04-25,276667.0,189000,46.38,1.06,-5.68
005380,현대차,2025-06-27,281667.0,203500,38.41,7.37,2.88
005380,현대차,2025-07-01,281667.0,213500,31.93,4.45,-1.38
005380,현대차,2025-07-07,271667.0,211000,28.75,-0.24,-2.9
005380,현대차,2025-07-10,273333.0,208000,31.41,2.16,1.09
005380,현대차,2025-07-10,273333.0,208000,31.41,2.16,1.09
005380,현대차,2025-07-14,256667.0,211000,21.64,0.95,1.74
005380,현대차,2025-07-16,256667.0,210000,22.22,3.57,2.53
005380,현대차,2025-07-25,246667.0,218500,12.89,0.0,0.94
005380,현대차,2025-07-25,260000.0,218500,18.99,0.0,0.94
005380,현대차,2025-07-25,263333.0,218500,20.52,0.0,0.94
005380,현대차,2025-07-25,290000.0,218500,32.72,0.0,0.94
005380,현대차,2025-07-25,286667.0,218500,31.2,0.0,0.94
005380,현대차,2025-07-25,283333.0,218500,29.67,0.0,0.94
005380,현대차,2025-07-25,266667.0,218500,22.04,0.0,0.94
005380,현대차,2025-07-25,263333.0,218500,20.52,0.0,0.94
005380,현대차,2025-07-25,263333.0,218500,20.52,0.0,0.94
005380,현대차,2025-07-28,263333.0,218000,20.8,0.92,2.26
005380,현대차,2025-09-02,280000.0,221500,26.41,-2.71,-11.23
005380,현대차,2025-09-19,280000.0,218000,28.44,16.74,0.19
005380,현대차,2025-09-19,280000.0,218000,28.44,16.74,0.19
005380,현대차,2025-09-22,263333.0,219000,20.24,14.38,-0.65
005380,현대차,2025-09-22,263333.0,219000,20.24,14.38,-0.65
005380,현대차,2025-09-23,260000.0,217500,19.54,18.62,1.08
005380,현대차,2025-09-23,276667.0,217500,27.2,18.62,1.08
005380,현대차,2025-09-23,276667.0,217500,27.2,18.62,1.08
005380,현대차,2025-10-01,285000.0,220000,29.55,22.27,8.83
005380,현대차,2025-10-02,275000.0,217000,26.73,21.66,12.15
005380,현대차,2025-10-13,275000.0,223000,23.32,20.63,5.34
005380,현대차,2025-10-13,270000.0,223000,21.08,20.63,5.34
005380,현대차,2025-10-16,270000.0,243000,11.11,12.14,5.13
005380,현대차,2025-10-31,325000.0,291500,11.49,-12.69,-5.55
005380,현대차,2025-10-31,330000.0,291500,13.21,-12.69,-5.55
005380,현대차,2025-10-31,330000.0,291500,13.21,-12.69,-5.55
005380,현대차,2025-10-31,323333.0,291500,10.92,-12.69,-5.55
005380,현대차,2025-11-24,323333.0,257500,25.57,11.46,4.73
005380,현대차,2026-01-15,470000.0,413000,13.8,20.82,7.06
005380,현대차,2026-01-26,556667.0,488500,13.95,37.97,15.17
005380,현대차,2026-01-30,590000.0,478000,23.43,15.69,2.86
005380,현대차,2026-01-30,636667.0,478000,33.19,15.69,2.86
005380,현대차,2026-01-30,703333.0,478000,47.14,15.69,2.86
005380,현대차,2026-01-30,703333.0,478000,47.14,15.69,2.86
005380,현대차,2026-01-30,696667.0,478000,45.75,15.69,2.86
005380,현대차,2026-01-30,646667.0,478000,35.29,15.69,2.86
005380,현대차,2026-01-30,650000.0,478000,35.98,15.69,2.86
005380,현대차,2026-01-30,636667.0,478000,33.19,15.69,2.86
005380,현대차,2026-01-30,643333.0,478000,34.59,15.69,2.86
005380,현대차,2026-01-30,640000.0,478000,33.89,15.69,2.86
005380,현대차,2026-01-30,650000.0,478000,35.98,15.69,2.86
005380,현대차,2026-02-19,643333.0,509000,26.39,-4.72,2.22
005380,현대차,2026-03-03,736667.0,501000,47.04,-2.59,-10.16
005380,현대차,2026-03-16,740000.0,522000,41.76,-5.84,-11.65
000270,기아,2023-01-30,100000.0,66800,49.7,12.72,13.23
000270,기아,2023-01-30,103333.0,66800,54.69,12.72,13.23
000270,기아,2023-01-30,96667.0,66800,44.71,12.72,13.23
000270,기아,2023-01-30,95000.0,66800,42.22,12.72,13.23
000270,기아,2023-01-30,98333.0,66800,47.21,12.72,13.23
000270,기아,2023-01-30,98333.0,66800,47.21,12.72,13.23
000270,기아,2023-01-30,95000.0,66800,42.22,12.72,13.23
000270,기아,2023-01-30,91667.0,66800,37.23,12.72,13.23
000270,기아,2023-03-14,95000.0,79600,19.35,8.17,0.98
000270,기아,2023-03-16,101667.0,80200,26.77,6.36,-0.98
000270,기아,2023-04-05,110000.0,81000,35.8,7.53,5.34
000270,기아,2023-04-06,113333.0,80100,41.49,9.36,8.57
000270,기아,2023-04-06,120000.0,80100,49.81,9.36,8.57
000270,기아,2023-04-06,116667.0,80100,45.65,9.36,8.57
000270,기아,2023-04-06,113333.0,80100,41.49,9.36,8.57
000270,기아,2023-04-06,106667.0,80100,33.17,9.36,8.57
000270,기아,2023-04-10,108333.0,85000,27.45,6.0,8.23
000270,기아,2023-04-10,108333.0,85000,27.45,6.0,8.23
000270,기아,2023-04-27,120000.0,84500,42.01,1.66,-1.36
000270,기아,2023-04-27,120000.0,84500,42.01,1.66,-1.36
000270,기아,2023-04-27,126667.0,84500,49.9,1.66,-1.36
000270,기아,2023-04-27,120000.0,84500,42.01,1.66,-1.36
000270,기아,2023-04-27,120000.0,84500,42.01,1.66,-1.36
000270,기아,2023-04-27,116667.0,84500,38.07,1.66,-1.36
000270,기아,2023-04-27,123333.0,84500,45.96,1.66,-1.36
000270,기아,2023-04-27,125000.0,84500,47.93,1.66,-1.36
000270,기아,2023-04-27,121667.0,84500,43.98,1.66,-1.36
000270,기아,2023-05-31,118333.0,84200,40.54,5.11,5.3
000270,기아,2023-06-07,113333.0,81400,39.23,9.34,11.43
000270,기아,2023-06-30,131667.0,88500,48.78,-6.55,-7.71
000270,기아,2023-07-06,131667.0,87900,49.79,-8.3,-11.32
000270,기아,2023-07-07,138333.0,87500,58.1,-11.31,-13.69
000270,기아,2023-07-11,130000.0,88400,47.06,-10.75,-11.93
000270,기아,2023-07-28,126667.0,82700,53.16,-3.02,0.03
000270,기아,2023-07-28,125000.0,82700,51.15,-3.02,0.03
000270,기아,2023-07-28,133333.0,82700,61.23,-3.02,0.03
000270,기아,2023-07-28,126667.0,82700,53.16,-3.02,0.03
000270,기아,2023-07-28,128333.0,82700,55.18,-3.02,0.03
000270,기아,2023-07-28,113333.0,82700,37.04,-3.02,0.03
000270,기아,2023-07-28,126667.0,82700,53.16,-3.02,0.03
000270,기아,2023-07-28,126667.0,82700,53.16,-3.02,0.03
000270,기아,2023-07-28,126667.0,82700,53.16,-3.02,0.03
000270,기아,2023-10-04,131667.0,83500,57.68,-7.07,-5.6
000270,기아,2023-10-06,130000.0,84100,54.58,-7.85,-9.57
000270,기아,2023-10-11,133333.0,84500,57.79,-8.28,-6.16
000270,기아,2023-10-13,133333.0,83900,58.92,-8.22,-6.89
000270,기아,2023-10-17,128333.0,83900,52.96,-2.86,-3.84
000270,기아,2023-10-19,131667.0,81700,61.16,4.28,0.29
000270,기아,2023-10-30,121667.0,76900,58.21,10.01,-0.69
000270,기아,2023-10-30,128333.0,76900,66.88,10.01,-0.69
000270,기아,2023-10-30,126667.0,76900,64.72,10.01,-0.69
000270,기아,2023-10-30,125000.0,76900,62.55,10.01,-0.69
000270,기아,2023-10-30,118333.0,76900,53.88,10.01,-0.69
000270,기아,2023-10-30,120000.0,76900,56.05,10.01,-0.69
000270,기아,2023-10-30,120000.0,76900,56.05,10.01,-0.69
000270,기아,2023-10-30,135000.0,76900,75.55,10.01,-0.69
000270,기아,2023-10-30,125000.0,76900,62.55,10.01,-0.69
000270,기아,2023-10-30,125000.0,76900,62.55,10.01,-0.69
000270,기아,2023-11-13,116667.0,78200,49.19,11.76,7.57
000270,기아,2023-11-27,123333.0,84600,45.78,14.66,11.02
000270,기아,2023-11-28,123333.0,86000,43.41,16.28,10.9
000270,기아,2023-12-05,123333.0,84500,45.96,5.21,2.3
000270,기아,2023-12-19,125000.0,95000,31.58,-8.21,-2.47
000270,기아,2024-01-08,126667.0,89100,42.16,25.25,24.67
000270,기아,2024-01-11,120000.0,88300,35.9,32.73,27.8
000270,기아,2024-01-12,130000.0,90900,43.01,29.37,25.63
000270,기아,2024-01-16,125000.0,87900,42.21,31.74,23.0
000270,기아,2024-01-17,128333.0,87300,47.0,34.71,24.86
000270,기아,2024-01-26,113333.0,99900,13.45,17.82,11.75
000270,기아,2024-01-26,116667.0,99900,16.78,17.82,11.75
000270,기아,2024-01-26,116667.0,99900,16.78,17.82,11.75
000270,기아,2024-01-26,131667.0,99900,31.8,17.82,11.75
000270,기아,2024-01-26,135000.0,99900,35.14,17.82,11.75
000270,기아,2024-01-26,130000.0,99900,30.13,17.82,11.75
000270,기아,2024-01-26,121667.0,99900,21.79,17.82,11.75
000270,기아,2024-01-26,120000.0,99900,20.12,17.82,11.75
000270,기아,2024-01-26,125000.0,99900,25.13,17.82,11.75
000270,기아,2024-01-26,121667.0,99900,21.79,17.82,11.75
000270,기아,2024-01-26,120000.0,99900,20.12,17.82,11.75
000270,기아,2024-01-26,120000.0,99900,20.12,17.82,11.75
000270,기아,2024-01-26,120000.0,99900,20.12,17.82,11.75
000270,기아,2024-02-05,130000.0,111600,16.49,15.05,11.01
000270,기아,2024-03-20,136667.0,115700,18.12,-4.58,1.34
000270,기아,2024-04-05,148333.0,108500,36.71,2.95,3.15
000270,기아,2024-04-08,143333.0,108000,32.72,5.65,4.82
000270,기아,2024-04-08,136667.0,108000,26.54,5.65,4.82
000270,기아,2024-04-08,130000.0,108000,20.37,5.65,4.82
000270,기아,2024-04-08,130000.0,108000,20.37,5.65,4.82
000270,기아,2024-04-08,130000.0,108000,20.37,5.65,4.82
000270,기아,2024-04-23,130000.0,116200,11.88,5.42,3.66
000270,기아,2024-04-29,135000.0,118000,14.41,-0.25,1.81
000270,기아,2024-04-29,140000.0,118000,18.64,-0.25,1.81
000270,기아,2024-04-29,141667.0,118000,20.06,-0.25,1.81
000270,기아,2024-04-29,145000.0,118000,22.88,-0.25,1.81
000270,기아,2024-04-29,148333.0,118000,25.71,-0.25,1.81
000270,기아,2024-04-29,153333.0,118000,29.94,-0.25,1.81
000270,기아,2024-04-29,150000.0,118000,27.12,-0.25,1.81
000270,기아,2024-04-29,148333.0,118000,25.71,-0.25,1.81
000270,기아,2024-04-29,143333.0,118000,21.47,-0.25,1.81
000270,기아,2024-04-29,141667.0,118000,20.06,-0.25,1.81
000270,기아,2024-04-29,145000.0,118000,22.88,-0.25,1.81
000270,기아,2024-04-29,153333.0,118000,29.94,-0.25,1.81
000270,기아,2024-07-04,155000.0,126300,22.72,-15.2,-8.7
000270,기아,2024-07-08,160000.0,122500,30.61,-16.16,-4.12
000270,기아,2024-07-09,160000.0,122000,31.15,-16.72,-6.28
000270,기아,2024-07-11,160000.0,121300,31.9,-15.99,-6.59
000270,기아,2024-07-23,158333.0,118400,33.73,-13.51,-11.66
000270,기아,2024-07-29,153333.0,111600,37.4,-6.27,-4.51
000270,기아,2024-07-29,156667.0,111600,40.38,-6.27,-4.51
000270,기아,2024-07-29,156667.0,111600,40.38,-6.27,-4.51
000270,기아,2024-07-29,161667.0,111600,44.86,-6.27,-4.51
000270,기아,2024-07-29,158333.0,111600,41.88,-6.27,-4.51
000270,기아,2024-07-29,155000.0,111600,38.89,-6.27,-4.51
000270,기아,2024-07-29,153333.0,111600,37.4,-6.27,-4.51
000270,기아,2024-07-29,168333.0,111600,50.84,-6.27,-4.51
000270,기아,2024-07-29,168333.0,111600,50.84,-6.27,-4.51
000270,기아,2024-07-30,166667.0,112100,48.68,-4.91,-0.99
000270,기아,2024-10-14,151667.0,99700,52.12,-7.82,-2.09
000270,기아,2024-10-16,151667.0,95200,59.31,-2.84,4.46
000270,기아,2024-10-22,143333.0,93000,54.12,5.48,10.0
000270,기아,2024-10-22,146667.0,93000,57.71,5.48,10.0
000270,기아,2024-10-28,143333.0,93700,52.97,3.84,7.56
000270,기아,2024-10-28,150000.0,93700,60.09,3.84,7.56
000270,기아,2024-10-28,146667.0,93700,56.53,3.84,7.56
000270,기아,2024-10-28,155000.0,93700,65.42,3.84,7.56
000270,기아,2024-10-28,158333.0,93700,68.98,3.84,7.56
000270,기아,2024-10-28,158333.0,93700,68.98,3.84,7.56
000270,기아,2024-10-28,153333.0,93700,63.64,3.84,7.56
000270,기아,2024-10-29,153333.0,94100,62.95,0.21,3.71
000270,기아,2024-11-04,153333.0,97000,58.08,1.03,4.01
000270,기아,2024-11-19,153333.0,98100,56.3,3.77,3.69
000270,기아,2024-12-04,140000.0,94000,48.94,5.43,3.37
000270,기아,2024-12-04,140000.0,94000,48.94,5.43,3.37
000270,기아,2024-12-04,136667.0,94000,45.39,5.43,3.37
000270,기아,2024-12-04,146667.0,94000,56.03,5.43,3.37
000270,기아,2024-12-04,150000.0,94000,59.57,5.43,3.37
000270,기아,2025-01-10,153333.0,105400,45.48,-9.87,-13.94
000270,기아,2025-01-13,146667.0,106700,37.46,-11.62,-16.15
000270,기아,2025-01-13,133333.0,106700,24.96,-11.62,-16.15
000270,기아,2025-01-14,126667.0,103300,22.62,-9.1,-14.31
000270,기아,2025-01-14,130000.0,103300,25.85,-9.1,-14.31
000270,기아,2025-01-31,136667.0,96100,42.21,-2.91,-5.97
000270,기아,2025-01-31,143333.0,96100,49.15,-2.91,-5.97
000270,기아,2025-01-31,151667.0,96100,57.82,-2.91,-5.97
000270,기아,2025-01-31,148333.0,96100,54.35,-2.91,-5.97
000270,기아,2025-01-31,148333.0,96100,54.35,-2.91,-5.97
000270,기아,2025-01-31,143333.0,96100,49.15,-2.91,-5.97
000270,기아,2025-01-31,146667.0,96100,52.62,-2.91,-5.97
000270,기아,2025-01-31,146667.0,96100,52.62,-2.91,-5.97
000270,기아,2025-01-31,143333.0,96100,49.15,-2.91,-5.97
000270,기아,2025-01-31,146667.0,96100,52.62,-2.91,-5.97
000270,기아,2025-03-17,146667.0,96400,52.14,-11.0,-5.83
000270,기아,2025-03-17,146667.0,96400,52.14,-11.0,-5.83
000270,기아,2025-03-21,143333.0,98700,45.22,-10.84,-5.38
000270,기아,2025-03-27,140000.0,95300,46.9,-7.45,-6.99
000270,기아,2025-04-08,135000.0,83800,61.1,10.26,-3.41
000270,기아,2025-04-10,135000.0,82000,64.63,12.68,4.14
000270,기아,2025-04-10,133333.0,82000,62.6,12.68,4.14
000270,기아,2025-04-10,138333.0,82000,68.7,12.68,4.14
000270,기아,2025-04-10,141667.0,82000,72.76,12.68,4.14
000270,기아,2025-04-11,136667.0,83000,64.66,9.88,3.14
000270,기아,2025-04-28,130000.0,90600,43.49,-1.32,-6.48
000270,기아,2025-04-28,121667.0,90600,34.29,-1.32,-6.48
000270,기아,2025-04-28,128333.0,90600,41.65,-1.32,-6.48
000270,기아,2025-04-28,133333.0,90600,47.17,-1.32,-6.48
000270,기아,2025-04-28,131667.0,90600,45.33,-1.32,-6.48
000270,기아,2025-04-28,131667.0,90600,45.33,-1.32,-6.48
000270,기아,2025-04-28,128333.0,90600,41.65,-1.32,-6.48
000270,기아,2025-04-28,126667.0,90600,39.81,-1.32,-6.48
000270,기아,2025-07-01,121667.0,100000,21.67,10.4,4.57
000270,기아,2025-07-07,120000.0,99100,21.09,2.32,-0.35
000270,기아,2025-07-08,118333.0,99600,18.81,2.21,0.15
000270,기아,2025-07-10,120000.0,100800,19.05,1.09,0.01
000270,기아,2025-07-10,121667.0,100800,20.7,1.09,0.01
000270,기아,2025-07-11,128333.0,103000,24.6,-1.36,-1.51
000270,기아,2025-07-14,126000.0,100000,26.0,1.8,2.59
000270,기아,2025-07-28,126000.0,105700,19.21,-2.08,-0.74
000270,기아,2025-07-28,124333.0,105700,17.63,-2.08,-0.74
000270,기아,2025-07-28,128333.0,105700,21.41,-2.08,-0.74
000270,기아,2025-07-28,136667.0,105700,29.3,-2.08,-0.74
000270,기아,2025-07-28,141667.0,105700,34.03,-2.08,-0.74
000270,기아,2025-07-28,136667.0,105700,29.3,-2.08,-0.74
000270,기아,2025-07-28,130000.0,105700,22.99,-2.08,-0.74
000270,기아,2025-07-28,125000.0,105700,18.26,-2.08,-0.74
000270,기아,2025-09-02,125000.0,107000,16.82,-5.98,-14.5
000270,기아,2025-10-02,123333.0,100600,22.6,9.44,-0.06
000270,기아,2025-10-13,122667.0,102500,19.67,13.17,-2.12
000270,기아,2025-10-14,124333.0,103800,19.78,14.26,0.78
000270,기아,2025-10-16,123333.0,112100,10.02,4.37,-2.64
000270,기아,2025-11-03,126667.0,114400,10.72,2.27,5.35
000270,기아,2025-11-03,135000.0,114400,18.01,2.27,5.35
000270,기아,2025-11-03,140000.0,114400,22.38,2.27,5.35
000270,기아,2025-11-03,141667.0,114400,23.83,2.27,5.35
000270,기아,2025-11-03,148333.0,114400,29.66,2.27,5.35
000270,기아,2025-11-03,150000.0,114400,31.12,2.27,5.35
000270,기아,2025-11-03,153333.0,114400,34.03,2.27,5.35
000270,기아,2025-11-03,145000.0,114400,26.75,2.27,5.35
000270,기아,2025-11-03,141667.0,114400,23.83,2.27,5.35
000270,기아,2025-11-03,131667.0,114400,15.09,2.27,5.35
000270,기아,2025-11-24,140000.0,111200,25.9,8.09,1.37
000270,기아,2026-01-06,143333.0,129300,10.85,21.27,3.25
000270,기아,2026-01-12,156333.0,136000,14.95,13.75,0.77
000270,기아,2026-01-29,185000.0,152600,21.23,9.04,2.16
000270,기아,2026-01-29,196667.0,152600,28.88,9.04,2.16
000270,기아,2026-01-29,188333.0,152600,23.42,9.04,2.16
000270,기아,2026-01-29,198333.0,152600,29.97,9.04,2.16
000270,기아,2026-01-29,191667.0,152600,25.6,9.04,2.16
000270,기아,2026-01-29,210000.0,152600,37.61,9.04,2.16
000270,기아,2026-01-29,213333.0,152600,39.8,9.04,2.16
000270,기아,2026-01-29,206667.0,152600,35.43,9.04,2.16
000270,기아,2026-01-29,196667.0,152600,28.88,9.04,2.16
000270,기아,2026-01-29,203333.0,152600,33.25,9.04,2.16
000270,기아,2026-01-29,213333.0,152600,39.8,9.04,2.16
000270,기아,2026-01-29,206333.0,152600,35.21,9.04,2.16
000270,기아,2026-01-29,193000.0,152600,26.47,9.04,2.16
000270,기아,2026-02-04,193000.0,156200,23.56,3.71,-4.93
105560,KB금융,2023-02-08,68333.0,54200,26.08,-8.3,-4.8
105560,KB금융,2023-02-08,71000.0,54200,31.0,-8.3,-4.8
105560,KB금융,2023-02-08,69333.0,54200,27.92,-8.3,-4.8
105560,KB금융,2023-02-08,70000.0,54200,29.15,-8.3,-4.8
105560,KB금융,2023-02-08,67333.0,54200,24.23,-8.3,-4.8
105560,KB금융,2023-02-08,69000.0,54200,27.31,-8.3,-4.8
105560,KB금융,2023-02-08,67000.0,54200,23.62,-8.3,-4.8
105560,KB금융,2023-03-30,69667.0,47650,46.2,3.88,2.89
105560,KB금융,2023-04-05,66333.0,46650,42.19,5.57,3.38
105560,KB금융,2023-04-11,65000.0,46900,38.59,3.62,6.57
105560,KB금융,2023-04-28,64000.0,49500,29.29,-5.45,-7.23
105560,KB금융,2023-04-28,68000.0,49500,37.37,-5.45,-7.23
105560,KB금융,2023-04-28,67333.0,49500,36.03,-5.45,-7.23
105560,KB금융,2023-04-28,64667.0,49500,30.64,-5.45,-7.23
105560,KB금융,2023-04-28,61667.0,49500,24.58,-5.45,-7.23
105560,KB금융,2023-04-28,61667.0,49500,24.58,-5.45,-7.23
105560,KB금융,2023-05-04,61667.0,49250,25.21,-1.73,-5.8
105560,KB금융,2023-06-21,60667.0,47800,26.92,0.84,0.59
105560,KB금융,2023-06-28,61667.0,47100,30.93,9.77,7.66
105560,KB금융,2023-06-30,61667.0,48650,26.76,4.83,3.67
105560,KB금융,2023-07-21,62667.0,47650,31.51,9.55,13.84
105560,KB금융,2023-07-26,65667.0,51700,27.01,1.55,4.8
105560,KB금융,2023-07-26,66000.0,51700,27.66,1.55,4.8
105560,KB금융,2023-07-26,64333.0,51700,24.44,1.55,4.8
105560,KB금융,2023-07-26,60333.0,51700,16.7,1.55,4.8
105560,KB금융,2023-07-26,61333.0,51700,18.63,1.55,4.8
105560,KB금융,2023-07-26,62667.0,51700,21.21,1.55,4.8
105560,KB금융,2023-07-26,63333.0,51700,22.5,1.55,4.8
105560,KB금융,2023-07-26,62333.0,51700,20.57,1.55,4.8
105560,KB금융,2023-07-26,62667.0,51700,21.21,1.55,4.8
105560,KB금융,2023-07-27,65333.0,51100,27.85,2.94,5.42
105560,KB금융,2023-08-11,67667.0,51600,31.14,6.2,7.54
105560,KB금융,2023-09-11,69333.0,54800,26.52,2.92,5.93
105560,KB금융,2023-10-10,69333.0,55600,24.7,-6.29,-5.13
105560,KB금융,2023-10-25,68667.0,53300,28.83,1.88,-7.51
105560,KB금융,2023-10-25,68000.0,53300,27.58,1.88,-7.51
105560,KB금융,2023-10-25,68667.0,53300,28.83,1.88,-7.51
105560,KB금융,2023-10-25,69333.0,53300,30.08,1.88,-7.51
105560,KB금융,2023-10-25,69667.0,53300,30.71,1.88,-7.51
105560,KB금융,2023-10-25,69000.0,53300,29.46,1.88,-7.51
105560,KB금융,2023-10-25,69667.0,53300,30.71,1.88,-7.51
105560,KB금융,2023-10-25,70667.0,53300,32.58,1.88,-7.51
105560,KB금융,2023-10-25,68333.0,53300,28.21,1.88,-7.51
105560,KB금융,2023-11-09,67667.0,53500,26.48,-3.18,-7.67
105560,KB금융,2024-01-12,66000.0,51600,27.91,30.43,26.69
105560,KB금융,2024-02-08,78333.0,69700,12.39,11.19,9.53
105560,KB금융,2024-02-08,78667.0,69700,12.86,11.19,9.53
105560,KB금융,2024-02-08,79333.0,69700,13.82,11.19,9.53
105560,KB금융,2024-02-13,79000.0,67300,17.38,16.79,13.04
105560,KB금융,2024-02-13,78333.0,67300,16.39,16.79,13.04
105560,KB금융,2024-04-09,86333.0,68300,26.4,19.47,18.72
105560,KB금융,2024-04-26,87333.0,76600,14.01,2.74,4.68
105560,KB금융,2024-04-26,88000.0,76600,14.88,2.74,4.68
105560,KB금융,2024-04-26,89000.0,76600,16.19,2.74,4.68
105560,KB금융,2024-04-26,92333.0,76600,20.54,2.74,4.68
105560,KB금융,2024-04-26,94000.0,76600,22.72,2.74,4.68
105560,KB금융,2024-04-26,88667.0,76600,15.75,2.74,4.68
105560,KB금융,2024-04-26,85667.0,76600,11.84,2.74,4.68
105560,KB금융,2024-07-15,97667.0,84100,16.13,0.59,9.13
105560,KB금융,2024-07-24,105000.0,84000,25.0,3.33,3.66
105560,KB금융,2024-07-24,109667.0,84000,30.56,3.33,3.66
105560,KB금융,2024-07-24,110333.0,84000,31.35,3.33,3.66
105560,KB금융,2024-07-24,110333.0,84000,31.35,3.33,3.66
105560,KB금융,2024-07-24,106667.0,84000,26.98,3.33,3.66
105560,KB금융,2024-07-24,105000.0,84000,25.0,3.33,3.66
105560,KB금융,2024-07-24,103333.0,84000,23.02,3.33,3.66
105560,KB금융,2024-07-24,103000.0,84000,22.62,3.33,3.66
105560,KB금융,2024-07-24,106333.0,84000,26.59,3.33,3.66
105560,KB금융,2024-09-24,106333.0,78100,36.15,23.18,22.55
105560,KB금융,2024-09-27,108333.0,80900,33.91,11.62,13.05
105560,KB금융,2024-10-11,111667.0,97200,14.88,-4.63,-1.14
105560,KB금융,2024-10-25,118667.0,96200,23.35,1.87,4.86
105560,KB금융,2024-10-25,118667.0,96200,23.35,1.87,4.86
105560,KB금융,2024-10-25,117000.0,96200,21.62,1.87,4.86
105560,KB금융,2024-10-25,113333.0,96200,17.81,1.87,4.86
105560,KB금융,2024-10-25,115000.0,96200,19.54,1.87,4.86
105560,KB금융,2024-10-25,113667.0,96200,18.16,1.87,4.86
105560,KB금융,2024-10-25,112000.0,96200,16.42,1.87,4.86
105560,KB금융,2024-10-31,111333.0,91800,21.28,4.79,8.19
105560,KB금융,2024-11-04,114333.0,91000,25.64,11.21,14.19
105560,KB금융,2024-11-11,117000.0,92700,26.21,-10.14,-7.53
105560,KB금융,2025-01-13,119333.0,88800,34.38,-8.78,-13.31
105560,KB금융,2025-01-15,117667.0,90400,30.16,-9.07,-14.77
105560,KB금융,2025-02-06,120333.0,86000,39.92,-8.72,-10.64
105560,KB금융,2025-02-06,118667.0,86000,37.98,-8.72,-10.64
105560,KB금융,2025-02-06,117000.0,86000,36.05,-8.72,-10.64
105560,KB금융,2025-02-06,115000.0,86000,33.72,-8.72,-10.64
105560,KB금융,2025-02-06,116000.0,86000,34.88,-8.72,-10.64
105560,KB금융,2025-02-06,117667.0,86000,36.82,-8.72,-10.64
105560,KB금융,2025-02-06,116000.0,86000,34.88,-8.72,-10.64
105560,KB금융,2025-04-02,118667.0,77100,53.91,20.88,17.94
105560,KB금융,2025-04-09,118667.0,75900,56.35,22.0,15.32
105560,KB금융,2025-04-25,118667.0,86600,37.03,18.59,11.85
105560,KB금융,2025-04-25,111667.0,86600,28.95,18.59,11.85
105560,KB금융,2025-04-25,113333.0,86600,30.87,18.59,11.85
105560,KB금융,2025-04-25,112333.0,86600,29.72,18.59,11.85
105560,KB금융,2025-04-25,115667.0,86600,33.56,18.59,11.85
105560,KB금융,2025-04-25,114000.0,86600,31.64,18.59,11.85
105560,KB금융,2025-04-28,118667.0,87800,35.16,18.79,13.64
105560,KB금융,2025-04-28,117667.0,87800,34.02,18.79,13.64
105560,KB금융,2025-05-08,117667.0,92000,27.9,20.54,9.11
105560,KB금융,2025-06-19,120667.0,106500,13.3,6.48,0.98
105560,KB금융,2025-06-27,126667.0,110900,14.22,-0.36,-4.85
105560,KB금융,2025-07-04,136667.0,114400,19.46,-5.24,-8.13
105560,KB금융,2025-07-14,147333.0,119600,23.19,-4.6,-3.81
105560,KB금융,2025-07-25,152333.0,110500,37.86,-1.99,-1.05
105560,KB금융,2025-07-25,153000.0,110500,38.46,-1.99,-1.05
105560,KB금융,2025-07-25,144667.0,110500,30.92,-1.99,-1.05
105560,KB금융,2025-07-25,143333.0,110500,29.71,-1.99,-1.05
105560,KB금융,2025-07-25,138333.0,110500,25.19,-1.99,-1.05
105560,KB금융,2025-07-25,146667.0,110500,32.73,-1.99,-1.05
105560,KB금융,2025-07-25,145333.0,110500,31.52,-1.99,-1.05
105560,KB금융,2025-07-25,144667.0,110500,30.92,-1.99,-1.05
105560,KB금융,2025-07-25,139000.0,110500,25.79,-1.99,-1.05
105560,KB금융,2025-08-07,139000.0,113500,22.47,-5.99,-6.29
105560,KB금융,2025-10-10,144667.0,111600,29.63,15.59,1.96
105560,KB금융,2025-10-31,143667.0,118000,21.75,7.03,14.18
105560,KB금융,2025-10-31,146333.0,118000,24.01,7.03,14.18
105560,KB금융,2025-10-31,147333.0,118000,24.86,7.03,14.18
105560,KB금융,2025-10-31,146667.0,118000,24.29,7.03,14.18
105560,KB금융,2025-10-31,141667.0,118000,20.06,7.03,14.18
105560,KB금융,2025-10-31,142333.0,118000,20.62,7.03,14.18
105560,KB금융,2025-11-03,155333.0,121900,27.43,8.29,11.36
105560,KB금융,2026-01-14,171333.0,130100,31.69,29.52,14.41
105560,KB금융,2026-01-27,176667.0,137900,28.11,11.31,-0.7
105560,KB금융,2026-02-06,178667.0,151400,18.01,-1.65,-5.22
105560,KB금융,2026-02-06,174333.0,151400,15.15,-1.65,-5.22
105560,KB금융,2026-02-06,190333.0,151400,25.72,-1.65,-5.22
105560,KB금융,2026-02-06,190333.0,151400,25.72,-1.65,-5.22
105560,KB금융,2026-02-06,195333.0,151400,29.02,-1.65,-5.22
105560,KB금융,2026-02-06,182667.0,151400,20.65,-1.65,-5.22
105560,KB금융,2026-02-06,179667.0,151400,18.67,-1.65,-5.22
055550,신한지주,2023-02-09,51667.0,41100,25.71,-12.29,-9.89
055550,신한지주,2023-02-09,53000.0,41100,28.95,-12.29,-9.89
055550,신한지주,2023-02-09,50667.0,41100,23.28,-12.29,-9.89
055550,신한지주,2023-02-09,52333.0,41100,27.33,-12.29,-9.89
055550,신한지주,2023-02-09,50333.0,41100,22.47,-12.29,-9.89
055550,신한지주,2023-04-05,48667.0,34300,41.89,4.23,2.03
055550,신한지주,2023-04-11,45000.0,34700,29.68,-0.14,2.8
055550,신한지주,2023-04-28,46000.0,35450,29.76,-2.12,-3.89
055550,신한지주,2023-04-28,46667.0,35450,31.64,-2.12,-3.89
055550,신한지주,2023-04-28,45333.0,35450,27.88,-2.12,-3.89
055550,신한지주,2023-04-28,42667.0,35450,20.36,-2.12,-3.89
055550,신한지주,2023-04-28,42000.0,35450,18.48,-2.12,-3.89
055550,신한지주,2023-05-02,45000.0,34850,29.12,0.29,-3.71
055550,신한지주,2023-05-04,45000.0,35750,25.87,-1.54,-5.61
055550,신한지주,2023-06-20,45000.0,34250,31.39,-2.04,-3.04
055550,신한지주,2023-07-28,44667.0,35050,27.44,1.57,4.62
055550,신한지주,2023-07-28,45333.0,35050,29.34,1.57,4.62
055550,신한지주,2023-07-28,44333.0,35050,26.49,1.57,4.62
055550,신한지주,2023-07-28,42667.0,35050,21.73,1.57,4.62
055550,신한지주,2023-07-28,43667.0,35050,24.58,1.57,4.62
055550,신한지주,2023-07-28,44667.0,35050,27.44,1.57,4.62
055550,신한지주,2023-07-28,46000.0,35050,31.24,1.57,4.62
055550,신한지주,2023-07-28,44333.0,35050,26.49,1.57,4.62
055550,신한지주,2023-07-31,44333.0,35950,23.32,-1.53,2.44
055550,신한지주,2023-08-11,45333.0,34950,29.71,3.0,4.34
055550,신한지주,2023-09-26,46000.0,35600,29.21,-1.69,4.95
055550,신한지주,2023-10-30,48000.0,34750,38.13,6.47,-4.23
055550,신한지주,2023-10-30,46333.0,34750,33.33,6.47,-4.23
055550,신한지주,2023-10-30,47333.0,34750,36.21,6.47,-4.23
055550,신한지주,2023-10-30,44333.0,34750,27.58,6.47,-4.23
055550,신한지주,2023-10-30,43667.0,34750,25.66,6.47,-4.23
055550,신한지주,2023-10-30,43667.0,34750,25.66,6.47,-4.23
055550,신한지주,2023-10-30,44667.0,34750,28.54,6.47,-4.23
055550,신한지주,2023-10-30,46000.0,34750,32.37,6.47,-4.23
055550,신한지주,2023-10-30,44333.0,34750,27.58,6.47,-4.23
055550,신한지주,2023-11-02,44333.0,34900,27.03,4.3,-1.47
055550,신한지주,2023-11-09,43000.0,35300,21.81,3.82,-0.67
055550,신한지주,2024-01-12,44000.0,37200,18.28,17.74,14.0
055550,신한지주,2024-02-13,50333.0,43800,14.92,17.58,13.83
055550,신한지주,2024-02-13,54333.0,43800,24.05,17.58,13.83
055550,신한지주,2024-02-13,56000.0,43800,27.85,17.58,13.83
055550,신한지주,2024-02-13,55000.0,43800,25.57,17.58,13.83
055550,신한지주,2024-02-13,52000.0,43800,18.72,17.58,13.83
055550,신한지주,2024-02-13,50000.0,43800,14.16,17.58,13.83
055550,신한지주,2024-02-13,51000.0,43800,16.44,17.58,13.83
055550,신한지주,2024-04-12,57000.0,42150,35.23,14.23,11.14
055550,신한지주,2024-04-29,58000.0,46650,24.33,1.07,3.13
055550,신한지주,2024-04-29,58500.0,46650,25.4,1.07,3.13
055550,신한지주,2024-04-29,59833.0,46650,28.26,1.07,3.13
055550,신한지주,2024-04-29,59833.0,46650,28.26,1.07,3.13
055550,신한지주,2024-04-29,60333.0,46650,29.33,1.07,3.13
055550,신한지주,2024-04-29,59667.0,46650,27.9,1.07,3.13
055550,신한지주,2024-05-09,59667.0,47750,24.96,-3.25,-2.43
055550,신한지주,2024-07-19,61667.0,55000,12.12,6.18,8.6
055550,신한지주,2024-07-29,70000.0,59500,17.65,-3.19,-1.43
055550,신한지주,2024-07-29,72000.0,59500,21.01,-3.19,-1.43
055550,신한지주,2024-07-29,71333.0,59500,19.89,-3.19,-1.43
055550,신한지주,2024-07-29,71667.0,59500,20.45,-3.19,-1.43
055550,신한지주,2024-07-29,71333.0,59500,19.89,-3.19,-1.43
055550,신한지주,2024-07-29,73333.0,59500,23.25,-3.19,-1.43
055550,신한지주,2024-07-29,72333.0,59500,21.57,-3.19,-1.43
055550,신한지주,2024-10-28,72667.0,56700,28.16,-4.23,-0.51
055550,신한지주,2024-10-28,73000.0,56700,28.75,-4.23,-0.51
055550,신한지주,2024-10-28,73667.0,56700,29.92,-4.23,-0.51
055550,신한지주,2024-10-28,74000.0,56700,30.51,-4.23,-0.51
055550,신한지주,2024-10-28,73667.0,56700,29.92,-4.23,-0.51
055550,신한지주,2024-10-28,73667.0,56700,29.92,-4.23,-0.51
055550,신한지주,2024-11-04,72667.0,54200,34.07,4.06,7.04
055550,신한지주,2024-11-11,72000.0,55800,29.03,-10.48,-7.88
055550,신한지주,2025-01-13,71333.0,49500,44.11,-2.12,-6.65
055550,신한지주,2025-02-07,73333.0,49400,48.45,-8.91,-9.55
055550,신한지주,2025-02-07,73000.0,49400,47.77,-8.91,-9.55
055550,신한지주,2025-02-07,75000.0,49400,51.82,-8.91,-9.55
055550,신한지주,2025-02-07,74333.0,49400,50.47,-8.91,-9.55
055550,신한지주,2025-02-07,74000.0,49400,49.8,-8.91,-9.55
055550,신한지주,2025-02-07,72667.0,49400,47.1,-8.91,-9.55
055550,신한지주,2025-02-18,72333.0,48450,49.29,-1.86,-0.57
055550,신한지주,2025-04-28,72333.0,50400,43.52,15.28,10.12
055550,신한지주,2025-04-28,71667.0,50400,42.2,15.28,10.12
055550,신한지주,2025-04-28,71667.0,50400,42.2,15.28,10.12
055550,신한지주,2025-04-28,73000.0,50400,44.84,15.28,10.12
055550,신한지주,2025-04-28,75000.0,50400,48.81,15.28,10.12
055550,신한지주,2025-04-30,71333.0,51200,39.32,16.99,8.75
055550,신한지주,2025-06-27,71000.0,61400,15.64,9.45,4.96
055550,신한지주,2025-07-04,72667.0,66000,10.1,-0.15,-3.04
055550,신한지주,2025-07-14,84333.0,70800,19.11,-1.13,-0.34
055550,신한지주,2025-07-28,91000.0,68800,32.27,-4.51,-3.16
055550,신한지주,2025-07-28,91667.0,68800,33.24,-4.51,-3.16
055550,신한지주,2025-07-28,91667.0,68800,33.24,-4.51,-3.16
055550,신한지주,2025-07-28,86667.0,68800,25.97,-4.51,-3.16
055550,신한지주,2025-07-28,89000.0,68800,29.36,-4.51,-3.16
055550,신한지주,2025-07-28,87667.0,68800,27.42,-4.51,-3.16
055550,신한지주,2025-07-30,89167.0,68000,31.13,-3.97,-2.14
055550,신한지주,2025-08-07,86833.0,69200,25.48,-6.94,-7.23
055550,신한지주,2025-10-29,86167.0,73300,17.55,6.82,9.27
055550,신한지주,2025-10-29,88000.0,73300,20.05,6.82,9.27
055550,신한지주,2025-10-29,91333.0,73300,24.6,6.82,9.27
055550,신한지주,2025-10-29,90333.0,73300,23.24,6.82,9.27
055550,신한지주,2025-10-29,92000.0,73300,25.51,6.82,9.27
055550,신한지주,2025-11-03,96333.0,76400,26.09,6.54,9.62
055550,신한지주,2026-01-21,104333.0,82900,25.85,21.71,1.18
055550,신한지주,2026-02-06,116333.0,93400,24.55,-2.78,-6.35
055550,신한지주,2026-02-06,121000.0,93400,29.55,-2.78,-6.35
055550,신한지주,2026-02-06,123667.0,93400,32.41,-2.78,-6.35
055550,신한지주,2026-02-06,117333.0,93400,25.62,-2.78,-6.35
055550,신한지주,2026-02-06,113667.0,93400,21.7,-2.78,-6.35
055550,신한지주,2026-02-09,109667.0,97900,12.02,-8.07,-12.75
035720,카카오,2023-01-17,74000.0,61600,20.13,2.76,-0.74
035720,카카오,2023-01-18,70667.0,60800,16.23,5.59,2.45
035720,카카오,2023-02-13,73333.0,65000,12.82,-8.77,-5.28
035720,카카오,2023-02-13,79000.0,65000,21.54,-8.77,-5.28
035720,카카오,2023-02-13,84000.0,65000,29.23,-8.77,-5.28
035720,카카오,2023-02-13,82333.0,65000,26.67,-8.77,-5.28
035720,카카오,2023-02-13,80667.0,65000,24.1,-8.77,-5.28
035720,카카오,2023-02-13,79333.0,65000,22.05,-8.77,-5.28
035720,카카오,2023-02-13,81000.0,65000,24.62,-8.77,-5.28
035720,카카오,2023-02-16,78667.0,63300,24.28,-3.63,-0.7
035720,카카오,2023-03-03,80000.0,63600,25.79,-5.35,-5.74
035720,카카오,2023-03-14,81667.0,59300,37.72,-1.01,-8.19
035720,카카오,2023-04-10,82667.0,59300,39.4,-5.56,-3.33
035720,카카오,2023-04-18,81333.0,58600,38.79,-1.19,0.25
035720,카카오,2023-04-20,82000.0,57900,41.62,0.17,-0.74
035720,카카오,2023-05-08,81000.0,57500,40.87,-1.74,-5.75
035720,카카오,2023-05-08,80667.0,57500,40.29,-1.74,-5.75
035720,카카오,2023-05-08,76667.0,57500,33.33,-1.74,-5.75
035720,카카오,2023-05-08,76667.0,57500,33.33,-1.74,-5.75
035720,카카오,2023-05-08,76667.0,57500,33.33,-1.74,-5.75
035720,카카오,2023-05-08,76333.0,57500,32.75,-1.74,-5.75
035720,카카오,2023-05-08,78000.0,57500,35.65,-1.74,-5.75
035720,카카오,2023-05-08,77333.0,57500,34.49,-1.74,-5.75
035720,카카오,2023-05-08,79667.0,57500,38.55,-1.74,-5.75
035720,카카오,2023-05-09,79000.0,56500,39.82,-0.18,-5.97
035720,카카오,2023-06-09,75333.0,56600,33.1,-11.93,-7.79
035720,카카오,2023-07-07,73333.0,49850,47.11,5.72,3.34
035720,카카오,2023-07-11,73333.0,51600,42.12,2.33,1.14
035720,카카오,2023-07-13,75667.0,52800,43.31,-2.27,-0.86
035720,카카오,2023-07-14,75667.0,52700,43.58,-3.8,-1.96
035720,카카오,2023-07-17,71000.0,51800,37.07,-2.9,0.25
035720,카카오,2023-07-19,69667.0,50500,37.95,-4.06,-0.38
035720,카카오,2023-08-04,68000.0,52700,29.03,-7.21,-7.27
035720,카카오,2023-08-04,71667.0,52700,35.99,-7.21,-7.27
035720,카카오,2023-08-04,73000.0,52700,38.52,-7.21,-7.27
035720,카카오,2023-08-04,68333.0,52700,29.66,-7.21,-7.27
035720,카카오,2023-08-04,69333.0,52700,31.56,-7.21,-7.27
035720,카카오,2023-08-04,69667.0,52700,32.19,-7.21,-7.27
035720,카카오,2023-08-04,73333.0,52700,39.15,-7.21,-7.27
035720,카카오,2023-08-04,72333.0,52700,37.25,-7.21,-7.27
035720,카카오,2023-08-04,72000.0,52700,36.62,-7.21,-7.27
035720,카카오,2023-08-14,74667.0,50300,48.44,-4.97,-5.33
035720,카카오,2023-09-06,74667.0,48750,53.16,-10.46,-7.78
035720,카카오,2023-09-20,75000.0,45650,64.29,-17.52,-8.94
035720,카카오,2023-09-21,70667.0,45050,56.86,-16.2,-8.02
035720,카카오,2023-10-13,69000.0,43150,59.91,4.29,5.62
035720,카카오,2023-10-16,65667.0,42800,53.43,8.29,9.39
035720,카카오,2023-10-16,66333.0,42800,54.98,8.29,9.39
035720,카카오,2023-10-17,64667.0,41800,54.7,15.55,14.57
035720,카카오,2023-10-26,64000.0,37750,69.54,33.77,25.36
035720,카카오,2023-11-07,66000.0,43950,50.17,14.9,11.86
035720,카카오,2023-11-10,65000.0,45000,44.44,15.78,10.72
035720,카카오,2023-11-10,66000.0,45000,46.67,15.78,10.72
035720,카카오,2023-11-10,64333.0,45000,42.96,15.78,10.72
035720,카카오,2023-11-10,63000.0,45000,40.0,15.78,10.72
035720,카카오,2023-11-10,62667.0,45000,39.26,15.78,10.72
035720,카카오,2023-11-10,62667.0,45000,39.26,15.78,10.72
035720,카카오,2023-11-10,65000.0,45000,44.44,15.78,10.72
035720,카카오,2023-11-13,58333.0,46350,25.85,11.76,7.57
035720,카카오,2024-01-09,66667.0,59200,12.61,-9.12,-11.78
035720,카카오,2024-01-12,76000.0,61100,24.39,-10.15,-13.89
035720,카카오,2024-01-12,72667.0,61100,18.93,-10.15,-13.89
035720,카카오,2024-01-15,69667.0,59600,16.89,-0.67,-5.32
035720,카카오,2024-01-15,68667.0,59600,15.21,-0.67,-5.32
035720,카카오,2024-01-16,72000.0,57500,25.22,1.57,-7.17
035720,카카오,2024-02-16,73333.0,58200,26.0,-10.65,-9.75
035720,카카오,2024-02-16,73333.0,58200,26.0,-10.65,-9.75
035720,카카오,2024-02-16,72000.0,58200,23.71,-10.65,-9.75
035720,카카오,2024-02-16,71333.0,58200,22.57,-10.65,-9.75
035720,카카오,2024-02-16,71667.0,58200,23.14,-10.65,-9.75
035720,카카오,2024-02-16,75333.0,58200,29.44,-10.65,-9.75
035720,카카오,2024-02-16,76000.0,58200,30.58,-10.65,-9.75
035720,카카오,2024-02-16,77333.0,58200,32.88,-10.65,-9.75
035720,카카오,2024-02-19,68000.0,58700,15.84,-9.88,-11.1
035720,카카오,2024-02-19,67667.0,58700,15.28,-9.88,-11.1
035720,카카오,2024-02-19,70333.0,58700,19.82,-9.88,-11.1
035720,카카오,2024-03-25,78333.0,54900,42.68,-12.39,-9.44
035720,카카오,2024-04-01,79667.0,51200,55.6,-5.66,-3.14
035720,카카오,2024-04-02,75667.0,51000,48.37,-3.53,-2.41
035720,카카오,2024-04-04,73667.0,48750,51.11,2.15,1.02
035720,카카오,2024-04-04,72000.0,48750,47.69,2.15,1.02
035720,카카오,2024-04-05,72333.0,49150,47.17,-1.12,-0.92
035720,카카오,2024-04-16,69667.0,46900,48.54,-1.81,-7.92
035720,카카오,2024-05-10,69333.0,47000,47.52,-8.4,-8.44
035720,카카오,2024-05-10,68333.0,47000,45.39,-8.4,-8.44
035720,카카오,2024-05-10,68333.0,47000,45.39,-8.4,-8.44
035720,카카오,2024-05-10,68333.0,47000,45.39,-8.4,-8.44
035720,카카오,2024-05-10,68667.0,47000,46.1,-8.4,-8.44
035720,카카오,2024-05-10,70000.0,47000,48.94,-8.4,-8.44
035720,카카오,2024-05-10,70333.0,47000,49.65,-8.4,-8.44
035720,카카오,2024-05-10,73000.0,47000,55.32,-8.4,-8.44
035720,카카오,2024-05-10,72000.0,47000,53.19,-8.4,-8.44
035720,카카오,2024-05-10,71333.0,47000,51.77,-8.4,-8.44
035720,카카오,2024-06-10,64000.0,43150,48.32,-1.62,-7.61
035720,카카오,2024-07-04,62333.0,41500,50.2,-4.7,1.8
035720,카카오,2024-07-04,58667.0,41500,41.37,-4.7,1.8
035720,카카오,2024-07-09,60000.0,42750,40.35,-10.41,0.04
035720,카카오,2024-07-11,60000.0,42250,42.01,-12.43,-3.03
035720,카카오,2024-07-16,60667.0,41200,47.25,-10.68,-3.69
035720,카카오,2024-07-19,62333.0,41050,51.85,-11.08,-8.66
035720,카카오,2024-07-29,60000.0,39050,53.65,-4.87,-3.1
035720,카카오,2024-08-08,56000.0,37000,51.35,-8.11,-6.08
035720,카카오,2024-08-09,52000.0,37100,40.16,-8.22,-4.6
035720,카카오,2024-08-09,50333.0,37100,35.67,-8.22,-4.6
035720,카카오,2024-08-09,50667.0,37100,36.57,-8.22,-4.6
035720,카카오,2024-08-09,50667.0,37100,36.57,-8.22,-4.6
035720,카카오,2024-08-09,54667.0,37100,47.35,-8.22,-4.6
035720,카카오,2024-08-09,54667.0,37100,47.35,-8.22,-4.6
035720,카카오,2024-08-09,56333.0,37100,51.84,-8.22,-4.6
035720,카카오,2024-08-12,54667.0,36400,50.18,-5.36,-1.23
035720,카카오,2024-10-07,54667.0,37000,47.75,-1.22,-0.03
035720,카카오,2024-10-10,51333.0,37400,37.25,-6.42,-5.04
035720,카카오,2024-10-11,50000.0,36500,36.99,-7.67,-4.18
035720,카카오,2024-10-11,53000.0,36500,45.21,-7.67,-4.18
035720,카카오,2024-10-14,55000.0,37650,46.08,-11.69,-5.96
035720,카카오,2024-10-16,54667.0,37350,46.36,-12.18,-4.88
035720,카카오,2024-10-23,54667.0,37450,45.97,-6.14,-2.25
035720,카카오,2024-11-07,52000.0,35000,48.57,27.14,32.34
035720,카카오,2024-11-08,52333.0,33700,55.29,25.52,32.28
035720,카카오,2024-11-08,45667.0,33700,35.51,25.52,32.28
035720,카카오,2024-11-08,46000.0,33700,36.5,25.52,32.28
035720,카카오,2024-11-08,45667.0,33700,35.51,25.52,32.28
035720,카카오,2024-11-08,50000.0,33700,48.37,25.52,32.28
035720,카카오,2024-11-08,52333.0,33700,55.29,25.52,32.28
035720,카카오,2025-01-06,53000.0,38650,37.13,9.96,8.79
035720,카카오,2025-01-07,51333.0,37400,37.25,14.57,13.86
035720,카카오,2025-01-09,50000.0,36550,36.8,9.99,7.31
035720,카카오,2025-01-13,48667.0,36850,32.07,5.97,1.44
035720,카카오,2025-01-14,49333.0,37000,33.33,5.27,0.06
035720,카카오,2025-01-15,50333.0,36900,36.4,6.5,0.81
035720,카카오,2025-01-16,51333.0,36400,41.03,9.2,4.03
035720,카카오,2025-01-22,49667.0,35750,38.93,17.76,12.77
035720,카카오,2025-02-14,51667.0,39050,32.31,12.68,12.6
035720,카카오,2025-02-14,51667.0,39050,32.31,12.68,12.6
035720,카카오,2025-02-14,52000.0,39050,33.16,12.68,12.6
035720,카카오,2025-02-14,51000.0,39050,30.6,12.68,12.6
035720,카카오,2025-02-14,49667.0,39050,27.19,12.68,12.6
035720,카카오,2025-02-14,51667.0,39050,32.31,12.68,12.6
035720,카카오,2025-02-14,51000.0,39050,30.6,12.68,12.6
035720,카카오,2025-02-14,52667.0,39050,34.87,12.68,12.6
035720,카카오,2025-02-14,50667.0,39050,29.75,12.68,12.6
035720,카카오,2025-02-21,54333.0,39550,37.38,6.7,7.81
035720,카카오,2025-02-24,56333.0,39750,41.72,7.92,7.41
035720,카카오,2025-03-06,57333.0,43750,31.05,-4.34,-0.52
035720,카카오,2025-03-07,55333.0,45400,21.88,-10.46,-1.04
035720,카카오,2025-03-18,53333.0,43300,23.17,-12.82,-5.92
035720,카카오,2025-03-19,52000.0,42650,21.92,-10.43,-4.11
035720,카카오,2025-04-14,51000.0,38850,31.27,-3.73,-9.77
035720,카카오,2025-04-15,51000.0,37750,35.1,-3.44,-9.82
035720,카카오,2025-04-17,57667.0,39000,47.86,-3.97,-9.7
035720,카카오,2025-05-08,57667.0,36950,56.07,35.32,23.89
035720,카카오,2025-05-09,56667.0,38100,48.73,34.91,23.41
035720,카카오,2025-05-09,56667.0,38100,48.73,34.91,23.41
035720,카카오,2025-05-09,57667.0,38100,51.36,34.91,23.41
035720,카카오,2025-05-09,57000.0,38100,49.61,34.91,23.41
035720,카카오,2025-05-09,50333.0,38100,32.11,34.91,23.41
035720,카카오,2025-05-09,50333.0,38100,32.11,34.91,23.41
035720,카카오,2025-05-09,51667.0,38100,35.61,34.91,23.41
035720,카카오,2025-05-09,51667.0,38100,35.61,34.91,23.41
035720,카카오,2025-05-09,51000.0,38100,33.86,34.91,23.41
035720,카카오,2025-05-09,51000.0,38100,33.86,34.91,23.41
035720,카카오,2025-07-09,72167.0,60800,18.7,4.61,3.21
035720,카카오,2025-07-14,72167.0,57200,26.17,11.36,12.15
035720,카카오,2025-08-01,78000.0,55400,40.79,7.04,6.26
035720,카카오,2025-08-07,81333.0,63800,27.48,-7.21,-7.51
035720,카카오,2025-08-08,78667.0,64200,22.53,-7.17,-8.83
035720,카카오,2025-08-08,79000.0,64200,23.05,-7.17,-8.83
035720,카카오,2025-08-08,77000.0,64200,19.94,-7.17,-8.83
035720,카카오,2025-08-08,79667.0,64200,24.09,-7.17,-8.83
035720,카카오,2025-08-08,75667.0,64200,17.86,-7.17,-8.83
035720,카카오,2025-08-08,77667.0,64200,20.98,-7.17,-8.83
035720,카카오,2025-08-08,75000.0,64200,16.82,-7.17,-8.83
035720,카카오,2025-08-08,75333.0,64200,17.34,-7.17,-8.83
035720,카카오,2025-08-08,75333.0,64200,17.34,-7.17,-8.83
035720,카카오,2025-08-11,85333.0,63700,33.96,-5.97,-9.87
035720,카카오,2025-08-27,89000.0,63500,40.16,-0.47,-9.07
035720,카카오,2025-09-01,95667.0,59300,61.33,0.51,-7.45
035720,카카오,2025-09-10,91333.0,59900,52.48,-2.17,-14.26
035720,카카오,2025-09-18,89000.0,67000,32.84,-11.64,-26.05
035720,카카오,2025-09-24,89000.0,63200,40.82,0.47,-17.27
035720,카카오,2025-09-24,84667.0,63200,33.97,0.47,-17.27
035720,카카오,2025-09-24,87000.0,63200,37.66,0.47,-17.27
035720,카카오,2025-09-24,82333.0,63200,30.27,0.47,-17.27
035720,카카오,2025-09-24,84333.0,63200,33.44,0.47,-17.27
035720,카카오,2025-09-24,78667.0,63200,24.47,0.47,-17.27
035720,카카오,2025-09-24,75333.0,63200,19.2,0.47,-17.27
035720,카카오,2025-10-01,74667.0,59600,25.28,1.85,-11.6
035720,카카오,2025-10-10,80000.0,59800,33.78,4.18,-9.45
035720,카카오,2025-10-14,83667.0,59200,41.33,7.77,-5.71
035720,카카오,2025-10-20,86667.0,62300,39.11,-7.7,-11.1
035720,카카오,2025-11-07,85333.0,62300,36.97,-0.48,-2.49
035720,카카오,2025-11-07,84667.0,62300,35.9,-0.48,-2.49
035720,카카오,2025-11-10,80000.0,64100,24.8,-5.15,-6.05
035720,카카오,2025-11-10,81667.0,64100,27.41,-5.15,-6.05
035720,카카오,2025-11-10,78000.0,64100,21.68,-5.15,-6.05
035720,카카오,2025-11-10,80333.0,64100,25.33,-5.15,-6.05
035720,카카오,2025-11-10,76333.0,64100,19.08,-5.15,-6.05
035720,카카오,2025-11-10,77000.0,64100,20.12,-5.15,-6.05
035720,카카오,2025-11-18,77667.0,58200,33.45,-2.06,-5.29
035720,카카오,2026-01-12,77667.0,59300,30.97,-1.69,-14.67
035720,카카오,2026-01-12,77000.0,59300,29.85,-1.69,-14.67
035720,카카오,2026-01-12,76333.0,59300,28.72,-1.69,-14.67
035720,카카오,2026-01-12,78333.0,59300,32.1,-1.69,-14.67
035720,카카오,2026-01-15,82667.0,57300,44.27,0.17,-13.59
035720,카카오,2026-01-16,84333.0,56600,49.0,1.77,-13.99
035720,카카오,2026-01-20,82667.0,57300,44.27,1.4,-17.67
035720,카카오,2026-01-26,90333.0,62200,45.23,0.16,-22.64
035720,카카오,2026-02-13,88000.0,57600,52.78,-13.19,-15.03
035720,카카오,2026-02-13,99333.0,57600,72.45,-13.19,-15.03
035720,카카오,2026-02-13,91667.0,57600,59.14,-13.19,-15.03
035720,카카오,2026-02-13,92333.0,57600,60.3,-13.19,-15.03
035720,카카오,2026-02-13,84000.0,57600,45.83,-13.19,-15.03
035720,카카오,2026-02-13,80000.0,57600,38.89,-13.19,-15.03
035720,카카오,2026-02-13,78667.0,57600,36.57,-13.19,-15.03
035420,네이버,2023-02-06,270667.0,219500,23.31,-7.74,-6.94
035420,네이버,2023-02-06,276333.0,219500,25.89,-7.74,-6.94
035420,네이버,2023-02-06,286333.0,219500,30.45,-7.74,-6.94
035420,네이버,2023-02-06,276667.0,219500,26.04,-7.74,-6.94
035420,네이버,2023-02-06,270000.0,219500,23.01,-7.74,-6.94
035420,네이버,2023-02-06,263333.0,219500,19.97,-7.74,-6.94
035420,네이버,2023-02-06,273333.0,219500,24.53,-7.74,-6.94
035420,네이버,2023-02-06,280000.0,219500,27.56,-7.74,-6.94
035420,네이버,2023-02-08,286667.0,230000,24.64,-13.13,-9.63
035420,네이버,2023-03-30,290000.0,202000,43.56,-4.8,-5.8
035420,네이버,2023-04-10,296667.0,199900,48.41,5.55,7.78
035420,네이버,2023-04-17,293000.0,192800,51.97,10.22,12.38
035420,네이버,2023-04-21,306333.0,190000,61.23,6.84,5.1
035420,네이버,2023-04-25,289667.0,188100,54.0,7.66,4.68
035420,네이버,2023-05-09,289667.0,210000,37.94,-4.52,-10.32
035420,네이버,2023-05-09,269667.0,210000,28.41,-4.52,-10.32
035420,네이버,2023-05-09,279667.0,210000,33.17,-4.52,-10.32
035420,네이버,2023-05-09,275000.0,210000,30.95,-4.52,-10.32
035420,네이버,2023-05-09,268333.0,210000,27.78,-4.52,-10.32
035420,네이버,2023-05-09,278333.0,210000,32.54,-4.52,-10.32
035420,네이버,2023-05-09,276667.0,210000,31.75,-4.52,-10.32
035420,네이버,2023-05-09,286667.0,210000,36.51,-4.52,-10.32
035420,네이버,2023-05-09,283333.0,210000,34.92,-4.52,-10.32
035420,네이버,2023-06-09,286667.0,200500,42.98,-3.64,0.49
035420,네이버,2023-07-07,286667.0,193200,48.38,21.38,19.0
035420,네이버,2023-07-07,286667.0,193200,48.38,21.38,19.0
035420,네이버,2023-07-11,293333.0,202000,45.21,12.62,11.44
035420,네이버,2023-07-13,310000.0,204500,51.59,8.56,9.97
035420,네이버,2023-07-14,303333.0,206500,46.89,7.02,8.86
035420,네이버,2023-08-07,316667.0,223000,42.0,-4.04,-3.62
035420,네이버,2023-08-07,300000.0,223000,34.53,-4.04,-3.62
035420,네이버,2023-08-07,306667.0,223000,37.52,-4.04,-3.62
035420,네이버,2023-08-07,289667.0,223000,29.9,-4.04,-3.62
035420,네이버,2023-08-07,266333.0,223000,19.43,-4.04,-3.62
035420,네이버,2023-08-07,266333.0,223000,19.43,-4.04,-3.62
035420,네이버,2023-08-07,263333.0,223000,18.09,-4.04,-3.62
035420,네이버,2023-08-07,281667.0,223000,26.31,-4.04,-3.62
035420,네이버,2023-08-07,285000.0,223000,27.8,-4.04,-3.62
035420,네이버,2023-08-14,288333.0,222500,29.59,-0.22,-0.58
035420,네이버,2023-08-25,288333.0,213500,35.05,-3.28,-1.41
035420,네이버,2023-08-25,284667.0,213500,33.33,-3.28,-1.41
035420,네이버,2023-08-25,301333.0,213500,41.14,-3.28,-1.41
035420,네이버,2023-08-25,306333.0,213500,43.48,-3.28,-1.41
035420,네이버,2023-08-28,303333.0,218000,39.14,-7.8,-4.3
035420,네이버,2023-08-29,286667.0,217500,31.8,-7.36,-3.6
035420,네이버,2023-10-10,290000.0,193000,50.26,2.28,3.44
035420,네이버,2023-10-16,310000.0,188500,64.46,5.36,6.45
035420,네이버,2023-10-16,300000.0,188500,59.15,5.36,6.45
035420,네이버,2023-10-17,296667.0,186300,59.24,10.31,9.33
035420,네이버,2023-10-18,279667.0,181400,54.17,11.91,8.91
035420,네이버,2023-11-06,289667.0,200500,44.47,6.23,4.18
035420,네이버,2023-11-06,289333.0,200500,44.31,6.23,4.18
035420,네이버,2023-11-06,284667.0,200500,41.98,6.23,4.18
035420,네이버,2023-11-06,254667.0,200500,27.02,6.23,4.18
035420,네이버,2023-11-06,255000.0,200500,27.18,6.23,4.18
035420,네이버,2023-11-06,263333.0,200500,31.34,6.23,4.18
035420,네이버,2023-11-06,283333.0,200500,41.31,6.23,4.18
035420,네이버,2023-11-06,283333.0,200500,41.31,6.23,4.18
035420,네이버,2023-11-07,283333.0,197400,43.53,8.16,5.11
035420,네이버,2023-11-29,310000.0,208000,49.04,9.38,4.07
035420,네이버,2024-01-08,326667.0,229500,42.34,-10.46,-11.04
035420,네이버,2024-01-09,323333.0,231000,39.97,-11.47,-14.13
035420,네이버,2024-01-09,300000.0,231000,29.87,-11.47,-14.13
035420,네이버,2024-01-10,286667.0,231500,23.83,-11.02,-14.17
035420,네이버,2024-01-12,286333.0,229500,24.76,-11.76,-15.5
035420,네이버,2024-01-15,293000.0,230000,27.39,-11.52,-16.17
035420,네이버,2024-02-05,286333.0,205500,39.33,-8.52,-12.56
035420,네이버,2024-02-05,290000.0,205500,41.12,-8.52,-12.56
035420,네이버,2024-02-05,283333.0,205500,37.88,-8.52,-12.56
035420,네이버,2024-02-05,286667.0,205500,39.5,-8.52,-12.56
035420,네이버,2024-02-05,283000.0,205500,37.71,-8.52,-12.56
035420,네이버,2024-02-05,289667.0,205500,40.96,-8.52,-12.56
035420,네이버,2024-02-05,293000.0,205500,42.58,-8.52,-12.56
035420,네이버,2024-02-05,263333.0,205500,28.14,-8.52,-12.56
035420,네이버,2024-02-05,280000.0,205500,36.25,-8.52,-12.56
035420,네이버,2024-02-05,283333.0,205500,37.88,-8.52,-12.56
035420,네이버,2024-02-05,313333.0,205500,52.47,-8.52,-12.56
035420,네이버,2024-02-05,293333.0,205500,42.74,-8.52,-12.56
035420,네이버,2024-03-25,276667.0,188900,46.46,-2.75,0.2
035420,네이버,2024-04-02,266667.0,193400,37.88,0.62,1.74
035420,네이버,2024-04-03,260000.0,194300,33.81,0.26,0.54
035420,네이버,2024-04-05,269667.0,189900,42.0,-0.84,-0.64
035420,네이버,2024-04-16,276333.0,179600,53.86,2.45,-3.66
035420,네이버,2024-04-17,276333.0,180700,52.92,1.38,-2.01
035420,네이버,2024-05-07,276667.0,190900,44.93,-8.12,-7.3
035420,네이버,2024-05-07,250000.0,190900,30.96,-8.12,-7.3
035420,네이버,2024-05-07,263333.0,190900,37.94,-8.12,-7.3
035420,네이버,2024-05-07,246667.0,190900,29.21,-8.12,-7.3
035420,네이버,2024-05-07,273333.0,190900,43.18,-8.12,-7.3
035420,네이버,2024-05-07,269667.0,190900,41.26,-8.12,-7.3
035420,네이버,2024-05-07,276333.0,190900,44.75,-8.12,-7.3
035420,네이버,2024-05-07,276333.0,190900,44.75,-8.12,-7.3
035420,네이버,2024-05-07,266667.0,190900,39.69,-8.12,-7.3
035420,네이버,2024-05-07,273333.0,190900,43.18,-8.12,-7.3
035420,네이버,2024-05-07,270000.0,190900,41.44,-8.12,-7.3
035420,네이버,2024-05-07,280000.0,190900,46.67,-8.12,-7.3
035420,네이버,2024-05-13,271667.0,184400,47.32,-7.86,-8.76
035420,네이버,2024-06-03,268333.0,176800,51.77,-9.62,-14.57
035420,네이버,2024-07-03,251667.0,159800,57.49,9.51,11.18
035420,네이버,2024-07-04,253333.0,168100,50.7,1.96,8.46
035420,네이버,2024-07-04,246667.0,168100,46.74,1.96,8.46
035420,네이버,2024-07-05,246667.0,170500,44.67,-8.45,6.12
035420,네이버,2024-07-08,240000.0,170700,40.6,-7.21,4.83
035420,네이버,2024-07-11,244667.0,174800,39.97,-6.35,3.05
035420,네이버,2024-07-25,246333.0,174800,40.92,-2.35,-1.11
035420,네이버,2024-08-09,253000.0,160300,57.83,-0.81,2.81
035420,네이버,2024-08-12,248333.0,156400,58.78,0.0,4.12
035420,네이버,2024-08-12,240000.0,156400,53.45,0.0,4.12
035420,네이버,2024-08-12,233333.0,156400,49.19,0.0,4.12
035420,네이버,2024-08-12,233333.0,156400,49.19,0.0,4.12
035420,네이버,2024-08-12,246667.0,156400,57.72,0.0,4.12
035420,네이버,2024-08-12,246667.0,156400,57.72,0.0,4.12
035420,네이버,2024-08-12,251333.0,156400,60.7,0.0,4.12
035420,네이버,2024-08-12,244667.0,156400,56.44,0.0,4.12
035420,네이버,2024-09-27,244667.0,169400,44.43,0.35,1.79
035420,네이버,2024-10-07,244667.0,166200,47.21,6.08,7.27
035420,네이버,2024-10-10,244667.0,173300,41.18,0.75,2.13
035420,네이버,2024-10-10,251333.0,173300,45.03,0.75,2.13
035420,네이버,2024-10-10,246667.0,173300,42.34,0.75,2.13
035420,네이버,2024-10-11,246667.0,171400,43.91,2.68,6.18
035420,네이버,2024-11-08,253333.0,176000,43.94,14.49,21.25
035420,네이버,2024-11-11,260000.0,181400,43.33,15.21,17.82
035420,네이버,2024-11-11,260000.0,181400,43.33,15.21,17.82
035420,네이버,2024-11-11,226667.0,181400,24.95,15.21,17.82
035420,네이버,2024-11-11,220000.0,181400,21.28,15.21,17.82
035420,네이버,2024-11-11,220000.0,181400,21.28,15.21,17.82
035420,네이버,2024-11-11,244667.0,181400,34.88,15.21,17.82
035420,네이버,2024-11-12,244667.0,182200,34.28,19.65,18.6
035420,네이버,2024-11-12,244667.0,182200,34.28,19.65,18.6
035420,네이버,2024-12-18,256667.0,209500,22.51,-2.39,-5.76
035420,네이버,2025-01-07,270000.0,207000,30.43,10.39,9.67
035420,네이버,2025-01-09,270000.0,202000,33.66,8.91,6.23
035420,네이버,2025-01-10,263333.0,204000,29.08,8.33,4.26
035420,네이버,2025-01-13,253333.0,202000,25.41,9.41,4.88
035420,네이버,2025-01-15,260000.0,206500,25.91,7.51,1.81
035420,네이버,2025-01-15,266667.0,206500,29.14,7.51,1.81
035420,네이버,2025-01-16,268000.0,209000,28.23,5.98,0.81
035420,네이버,2025-01-24,271333.0,216500,25.33,-4.39,-5.0
035420,네이버,2025-02-10,271333.0,228500,18.75,-6.35,-7.75
035420,네이버,2025-02-10,281667.0,228500,23.27,-6.35,-7.75
035420,네이버,2025-02-10,281667.0,228500,23.27,-6.35,-7.75
035420,네이버,2025-02-10,281667.0,228500,23.27,-6.35,-7.75
035420,네이버,2025-02-10,276667.0,228500,21.08,-6.35,-7.75
035420,네이버,2025-02-10,280000.0,228500,22.54,-6.35,-7.75
035420,네이버,2025-02-10,260000.0,228500,13.79,-6.35,-7.75
035420,네이버,2025-02-10,266667.0,228500,16.7,-6.35,-7.75
035420,네이버,2025-02-10,270000.0,228500,18.16,-6.35,-7.75
035420,네이버,2025-02-10,293333.0,228500,28.37,-6.35,-7.75
035420,네이버,2025-02-10,283333.0,228500,24.0,-6.35,-7.75
035420,네이버,2025-03-06,280000.0,213000,31.46,-7.14,-3.31
035420,네이버,2025-03-06,283333.0,213000,33.02,-7.14,-3.31
035420,네이버,2025-03-07,293333.0,215000,36.43,-10.79,-1.37
035420,네이버,2025-03-11,300000.0,214000,40.19,-17.34,-6.42
035420,네이버,2025-03-18,296667.0,208000,42.63,-11.35,-4.45
035420,네이버,2025-03-19,293333.0,208000,41.03,-11.73,-5.41
035420,네이버,2025-04-10,293333.0,183000,60.29,4.48,-4.06
035420,네이버,2025-04-14,286667.0,183900,55.88,2.12,-3.91
035420,네이버,2025-04-21,286667.0,193700,48.0,-5.47,-9.71
035420,네이버,2025-04-21,286667.0,193700,48.0,-5.47,-9.71
035420,네이버,2025-04-21,283333.0,193700,46.27,-5.47,-9.71
035420,네이버,2025-04-24,260000.0,193500,34.37,-3.0,-7.86
035420,네이버,2025-05-12,260000.0,188200,38.15,5.69,-6.26
035420,네이버,2025-05-12,265000.0,188200,40.81,5.69,-6.26
035420,네이버,2025-05-12,285000.0,188200,51.43,5.69,-6.26
035420,네이버,2025-05-12,281667.0,188200,49.66,5.69,-6.26
035420,네이버,2025-05-12,276667.0,188200,47.01,5.69,-6.26
035420,네이버,2025-05-12,256667.0,188200,36.38,5.69,-6.26
035420,네이버,2025-05-12,263333.0,188200,39.92,5.69,-6.26
035420,네이버,2025-05-12,273333.0,188200,45.24,5.69,-6.26
035420,네이버,2025-05-12,296667.0,188200,57.63,5.69,-6.26
035420,네이버,2025-05-12,293333.0,188200,55.86,5.69,-6.26
035420,네이버,2025-05-12,286667.0,188200,52.32,5.69,-6.26
035420,네이버,2025-05-21,293333.0,183200,60.12,58.3,42.07
035420,네이버,2025-05-30,290000.0,186500,55.5,35.12,21.19
035420,네이버,2025-06-10,300000.0,201000,49.25,26.37,18.57
035420,네이버,2025-07-02,323333.0,253000,27.8,-7.11,-11.26
035420,네이버,2025-07-07,330000.0,258000,27.91,-10.08,-12.74
035420,네이버,2025-07-08,330000.0,254000,29.92,-10.04,-12.09
035420,네이버,2025-07-09,326667.0,259500,25.88,-9.25,-10.64
035420,네이버,2025-08-08,320000.0,223000,43.5,3.59,1.93
035420,네이버,2025-08-11,326667.0,223000,46.49,4.71,0.8
035420,네이버,2025-08-11,330000.0,223000,47.98,4.71,0.8
035420,네이버,2025-08-11,336667.0,223000,50.97,4.71,0.8
035420,네이버,2025-08-11,330000.0,223000,47.98,4.71,0.8
035420,네이버,2025-08-11,326667.0,223000,46.49,4.71,0.8
035420,네이버,2025-08-11,300000.0,223000,34.53,4.71,0.8
035420,네이버,2025-08-11,286667.0,223000,28.55,4.71,0.8
035420,네이버,2025-08-11,296667.0,223000,33.03,4.71,0.8
035420,네이버,2025-08-11,320000.0,223000,43.5,4.71,0.8
035420,네이버,2025-08-14,330000.0,226000,46.02,3.54,-3.7
035420,네이버,2025-09-18,323333.0,234000,38.18,5.56,-8.85
035420,네이버,2025-09-29,323333.0,268500,20.42,-0.56,-20.92
035420,네이버,2025-09-30,353333.0,254500,38.83,9.43,-6.44
035420,네이버,2025-10-10,350000.0,262500,33.33,-0.95,-14.59
035420,네이버,2025-10-14,350000.0,258500,35.4,1.93,-11.55
035420,네이버,2025-10-20,300000.0,254500,17.88,-2.16,-5.56
035420,네이버,2025-11-03,323333.0,267000,21.1,-8.99,-5.91
035420,네이버,2025-11-05,350000.0,264000,32.58,-6.44,-6.49
035420,네이버,2025-11-06,373333.0,260000,43.59,-4.04,-7.74
035420,네이버,2025-11-06,360000.0,260000,38.46,-4.04,-7.74
035420,네이버,2025-11-06,340000.0,260000,30.77,-4.04,-7.74
035420,네이버,2025-11-06,343333.0,260000,32.05,-4.04,-7.74
035420,네이버,2025-11-06,343333.0,260000,32.05,-4.04,-7.74
035420,네이버,2025-11-06,346667.0,260000,33.33,-4.04,-7.74
035420,네이버,2025-11-06,353333.0,260000,35.9,-4.04,-7.74
035420,네이버,2025-11-18,370000.0,248500,48.89,-7.04,-10.27
035420,네이버,2025-11-28,353333.0,243000,45.4,-0.21,-7.7
035420,네이버,2025-11-28,353333.0,243000,45.4,-0.21,-7.7
035420,네이버,2025-11-28,350000.0,243000,44.03,-0.21,-7.7
035420,네이버,2026-01-12,340000.0,264500,28.54,-3.97,-16.95
035420,네이버,2026-01-12,336667.0,264500,27.28,-3.97,-16.95
035420,네이버,2026-01-12,336667.0,264500,27.28,-3.97,-16.95
035420,네이버,2026-01-14,356667.0,247500,44.11,3.23,-11.87
035420,네이버,2026-01-15,363333.0,245500,48.0,2.85,-10.91
035420,네이버,2026-01-15,346667.0,245500,41.21,2.85,-10.91
035420,네이버,2026-01-15,356667.0,245500,45.28,2.85,-10.91
035420,네이버,2026-02-09,343333.0,254000,35.17,-14.17,-18.85
035420,네이버,2026-02-09,346667.0,254000,36.48,-14.17,-18.85
035420,네이버,2026-02-09,340000.0,254000,33.86,-14.17,-18.85
035420,네이버,2026-02-09,366667.0,254000,44.36,-14.17,-18.85
035420,네이버,2026-02-09,356667.0,254000,40.42,-14.17,-18.85
035420,네이버,2026-02-09,363333.0,254000,43.04,-14.17,-18.85
035420,네이버,2026-02-09,346667.0,254000,36.48,-14.17,-18.85
035420,네이버,2026-02-09,353333.0,254000,39.11,-14.17,-18.85
035420,네이버,2026-02-09,366667.0,254000,44.36,-14.17,-18.85
035420,네이버,2026-02-09,363333.0,254000,43.04,-14.17,-18.85
035420,네이버,2026-02-10,336667.0,257500,30.74,-13.01,-18.35
051910,LG화학,2023-02-01,836667.0,676000,23.77,3.99,5.49
051910,LG화학,2023-02-01,886667.0,676000,31.16,3.99,5.49
051910,LG화학,2023-02-01,883333.0,676000,30.67,3.99,5.49
051910,LG화학,2023-02-01,846667.0,676000,25.25,3.99,5.49
051910,LG화학,2023-02-01,816667.0,676000,20.81,3.99,5.49
051910,LG화학,2023-02-17,820000.0,667000,22.94,1.5,4.22
051910,LG화학,2023-03-08,846667.0,710000,19.25,0.85,-0.81
051910,LG화학,2023-03-15,866667.0,730000,18.72,9.86,2.14
051910,LG화학,2023-03-28,893333.0,705000,26.71,3.12,1.45
051910,LG화학,2023-04-18,910000.0,790000,15.19,-11.65,-10.2
051910,LG화학,2023-04-28,903333.0,746000,21.09,-7.91,-9.68
051910,LG화학,2023-04-28,903333.0,746000,21.09,-7.91,-9.68
051910,LG화학,2023-04-28,936667.0,746000,25.56,-7.91,-9.68
051910,LG화학,2023-04-28,953333.0,746000,27.79,-7.91,-9.68
051910,LG화학,2023-04-28,1023000.0,746000,37.13,-7.91,-9.68
051910,LG화학,2023-04-28,989667.0,746000,32.66,-7.91,-9.68
051910,LG화학,2023-04-28,1006333.0,746000,34.9,-7.91,-9.68
051910,LG화학,2023-05-03,960000.0,731000,31.33,-1.09,-5.67
051910,LG화학,2023-07-12,993333.0,670000,48.26,-5.37,-5.77
051910,LG화학,2023-07-28,966667.0,648000,49.18,-13.58,-10.53
051910,LG화학,2023-07-28,883333.0,648000,36.32,-13.58,-10.53
051910,LG화학,2023-07-28,826667.0,648000,27.57,-13.58,-10.53
051910,LG화학,2023-07-28,826667.0,648000,27.57,-13.58,-10.53
051910,LG화학,2023-07-28,886667.0,648000,36.83,-13.58,-10.53
051910,LG화학,2023-07-28,943333.0,648000,45.58,-13.58,-10.53
051910,LG화학,2023-07-28,936667.0,648000,44.55,-13.58,-10.53
051910,LG화학,2023-07-28,886667.0,648000,36.83,-13.58,-10.53
051910,LG화학,2023-07-31,820000.0,655000,25.19,-12.06,-8.09
051910,LG화학,2023-09-26,793333.0,496500,59.79,-13.19,-6.56
051910,LG화학,2023-10-11,750000.0,529000,41.78,-11.63,-9.5
051910,LG화학,2023-10-17,750000.0,506000,48.22,-5.14,-6.12
051910,LG화학,2023-10-31,706667.0,431000,63.96,16.94,7.45
051910,LG화학,2023-10-31,723333.0,431000,67.83,16.94,7.45
051910,LG화학,2023-10-31,676667.0,431000,57.0,16.94,7.45
051910,LG화학,2023-10-31,686667.0,431000,59.32,16.94,7.45
051910,LG화학,2023-10-31,660000.0,431000,53.13,16.94,7.45
051910,LG화학,2023-10-31,676667.0,431000,57.0,16.94,7.45
051910,LG화학,2023-10-31,640000.0,431000,48.49,16.94,7.45
051910,LG화학,2024-01-15,650000.0,432000,50.46,11.92,7.27
051910,LG화학,2024-01-16,680000.0,408500,66.46,23.38,14.64
051910,LG화학,2024-02-01,650000.0,461000,41.0,-4.23,-5.23
051910,LG화학,2024-02-01,623333.0,461000,35.21,-4.23,-5.23
051910,LG화학,2024-02-01,556667.0,461000,20.75,-4.23,-5.23
051910,LG화학,2024-02-01,606667.0,461000,31.6,-4.23,-5.23
051910,LG화학,2024-02-01,583333.0,461000,26.54,-4.23,-5.23
051910,LG화학,2024-02-01,600000.0,461000,30.15,-4.23,-5.23
051910,LG화학,2024-02-01,566667.0,461000,22.92,-4.23,-5.23
051910,LG화학,2024-02-01,576667.0,461000,25.09,-4.23,-5.23
051910,LG화학,2024-02-08,526667.0,471000,11.82,-4.46,-6.12
051910,LG화학,2024-03-14,543333.0,431000,26.06,-8.47,-8.6
051910,LG화학,2024-03-15,566667.0,440000,28.79,-13.18,-10.34
051910,LG화학,2024-04-09,666667.0,387000,72.27,1.03,0.29
051910,LG화학,2024-04-15,650000.0,382000,70.16,4.19,-0.22
051910,LG화학,2024-04-23,577667.0,381500,51.42,3.93,2.17
051910,LG화학,2024-05-02,494333.0,403500,22.51,-10.53,-9.99
051910,LG화학,2024-05-02,501000.0,403500,24.16,-10.53,-9.99
051910,LG화학,2024-05-02,556667.0,403500,37.96,-10.53,-9.99
051910,LG화학,2024-05-02,573333.0,403500,42.09,-10.53,-9.99
051910,LG화학,2024-05-02,573333.0,403500,42.09,-10.53,-9.99
051910,LG화학,2024-06-28,580000.0,355500,63.15,-13.36,-11.98
051910,LG화학,2024-07-02,553333.0,360000,53.7,-15.14,-14.3
051910,LG화학,2024-07-09,583333.0,356000,63.86,-18.54,-8.09
051910,LG화학,2024-07-10,560000.0,366500,52.8,-24.56,-12.98
051910,LG화학,2024-07-17,503333.0,333500,50.92,-12.29,-7.79
051910,LG화학,2024-07-26,456667.0,308000,48.27,3.57,6.33
051910,LG화학,2024-07-26,456667.0,308000,48.27,3.57,6.33
051910,LG화학,2024-07-26,480000.0,308000,55.84,3.57,6.33
051910,LG화학,2024-07-26,441667.0,308000,43.4,3.57,6.33
051910,LG화학,2024-07-26,408333.0,308000,32.58,3.57,6.33
051910,LG화학,2024-08-27,488333.0,313500,55.77,13.72,17.31
051910,LG화학,2024-09-04,536667.0,321500,66.93,10.26,9.43
051910,LG화학,2024-09-11,566667.0,320500,76.81,2.5,1.65
051910,LG화학,2024-09-27,503333.0,356500,41.19,-12.06,-10.63
051910,LG화학,2024-10-15,470000.0,339000,38.64,-14.75,-7.34
051910,LG화학,2024-10-29,473333.0,320500,47.69,-6.08,-2.59
051910,LG화학,2024-10-29,466667.0,320500,45.61,-6.08,-2.59
051910,LG화학,2024-10-29,456667.0,320500,42.49,-6.08,-2.59
051910,LG화학,2024-10-29,440000.0,320500,37.29,-6.08,-2.59
051910,LG화학,2024-10-29,456667.0,320500,42.49,-6.08,-2.59
051910,LG화학,2024-10-29,466667.0,320500,45.61,-6.08,-2.59
051910,LG화학,2024-10-29,473333.0,320500,47.69,-6.08,-2.59
051910,LG화학,2025-01-21,443333.0,246000,80.22,1.02,-2.25
051910,LG화학,2025-02-04,406667.0,221500,83.6,5.19,2.53
051910,LG화학,2025-02-04,350000.0,221500,58.01,5.19,2.53
051910,LG화학,2025-02-04,330000.0,221500,48.98,5.19,2.53
051910,LG화학,2025-02-04,323333.0,221500,45.97,5.19,2.53
051910,LG화학,2025-02-04,330000.0,221500,48.98,5.19,2.53
051910,LG화학,2025-02-04,390000.0,221500,76.07,5.19,2.53
051910,LG화학,2025-02-04,380000.0,221500,71.56,5.19,2.53
051910,LG화학,2025-03-19,380000.0,257000,47.86,-14.01,-7.69
051910,LG화학,2025-04-03,320000.0,229500,39.43,-9.37,-13.76
051910,LG화학,2025-04-08,400000.0,203500,96.56,3.44,-10.23
051910,LG화학,2025-05-02,383333.0,208000,84.29,-3.12,-12.38
051910,LG화학,2025-05-02,366667.0,208000,76.28,-3.12,-12.38
051910,LG화학,2025-05-02,290000.0,208000,39.42,-3.12,-12.38
051910,LG화학,2025-05-02,296667.0,208000,42.63,-3.12,-12.38
051910,LG화학,2025-05-02,303333.0,208000,45.83,-3.12,-12.38
051910,LG화학,2025-07-08,310000.0,260000,19.23,15.77,13.71
051910,LG화학,2025-07-09,313333.0,274000,14.36,6.75,5.36
051910,LG화학,2025-07-11,316667.0,273500,15.78,1.46,1.31
051910,LG화학,2025-07-11,316667.0,273500,15.78,1.46,1.31
051910,LG화학,2025-07-15,383333.0,263500,45.48,6.07,4.88
051910,LG화학,2025-07-21,386667.0,289000,33.79,-1.9,-0.65
051910,LG화학,2025-08-08,400000.0,277500,44.14,5.59,3.92
051910,LG화학,2025-08-08,356667.0,277500,28.53,5.59,3.92
051910,LG화학,2025-08-08,363333.0,277500,30.93,5.59,3.92
051910,LG화학,2025-08-08,353333.0,277500,27.33,5.59,3.92
051910,LG화학,2025-08-08,350000.0,277500,26.13,5.59,3.92
051910,LG화학,2025-08-08,320000.0,277500,15.32,5.59,3.92
051910,LG화학,2025-09-09,376667.0,287000,31.24,2.44,-7.9
051910,LG화학,2025-11-03,493333.0,395000,24.89,-5.95,-2.87
051910,LG화학,2025-11-03,486667.0,395000,23.21,-5.95,-2.87
051910,LG화학,2025-11-03,486667.0,395000,23.21,-5.95,-2.87
051910,LG화학,2025-11-03,466667.0,395000,18.14,-5.95,-2.87
051910,LG화학,2025-11-03,473333.0,395000,19.83,-5.95,-2.87
051910,LG화학,2026-01-19,463333.0,339000,36.68,-0.59,-19.48
051910,LG화학,2026-01-30,473333.0,296500,59.64,10.12,-2.72
051910,LG화학,2026-01-30,463333.0,296500,56.27,10.12,-2.72
051910,LG화학,2026-01-30,456667.0,296500,54.02,10.12,-2.72
051910,LG화학,2026-01-30,433333.0,296500,46.15,10.12,-2.72
051910,LG화학,2026-01-30,396667.0,296500,33.78,10.12,-2.72
051910,LG화학,2026-01-30,403333.0,296500,36.03,10.12,-2.72
352820,HYBE,2023-02-10,218667.0,189000,15.7,-8.1,-3.87
352820,HYBE,2023-02-13,241667.0,202000,19.64,-14.11,-10.62
352820,HYBE,2023-02-13,288333.0,202000,42.74,-14.11,-10.62
352820,HYBE,2023-02-13,281667.0,202000,39.44,-14.11,-10.62
352820,HYBE,2023-02-22,266667.0,187700,42.07,-0.11,0.88
352820,HYBE,2023-02-22,266667.0,187700,42.07,-0.11,0.88
352820,HYBE,2023-02-22,273333.0,187700,45.62,-0.11,0.88
352820,HYBE,2023-02-22,266667.0,187700,42.07,-0.11,0.88
352820,HYBE,2023-02-22,220000.0,187700,17.21,-0.11,0.88
352820,HYBE,2023-02-22,220000.0,187700,17.21,-0.11,0.88
352820,HYBE,2023-02-22,226667.0,187700,20.76,-0.11,0.88
352820,HYBE,2023-04-24,333333.0,260500,27.96,2.5,-0.14
352820,HYBE,2023-04-24,331333.0,260500,27.19,2.5,-0.14
352820,HYBE,2023-05-03,344667.0,292500,17.83,-9.4,-13.98
352820,HYBE,2023-05-03,331333.0,292500,13.28,-9.4,-13.98
352820,HYBE,2023-05-03,343333.0,292500,17.38,-9.4,-13.98
352820,HYBE,2023-05-03,325000.0,292500,11.11,-9.4,-13.98
352820,HYBE,2023-05-03,325000.0,292500,11.11,-9.4,-13.98
352820,HYBE,2023-05-03,325000.0,292500,11.11,-9.4,-13.98
352820,HYBE,2023-05-03,335000.0,292500,14.53,-9.4,-13.98
352820,HYBE,2023-05-03,335000.0,292500,14.53,-9.4,-13.98
352820,HYBE,2023-05-30,338333.0,274000,23.48,2.01,3.06
352820,HYBE,2023-06-29,343333.0,281500,21.97,-8.17,-9.89
352820,HYBE,2023-07-04,343333.0,280500,22.4,-10.16,-11.61
352820,HYBE,2023-07-10,335000.0,270000,24.07,0.74,0.29
352820,HYBE,2023-07-11,330000.0,263000,25.48,-1.33,-2.51
352820,HYBE,2023-07-18,335000.0,263500,27.13,-9.11,-5.72
352820,HYBE,2023-07-19,340000.0,269000,26.39,-12.08,-8.4
352820,HYBE,2023-07-21,345000.0,262000,31.68,-9.92,-5.63
352820,HYBE,2023-08-09,335000.0,256500,30.6,-4.29,-2.22
352820,HYBE,2023-08-09,335000.0,256500,30.6,-4.29,-2.22
352820,HYBE,2023-08-09,325000.0,256500,26.71,-4.29,-2.22
352820,HYBE,2023-08-09,335000.0,256500,30.6,-4.29,-2.22
352820,HYBE,2023-08-09,335000.0,256500,30.6,-4.29,-2.22
352820,HYBE,2023-08-09,338333.0,256500,31.9,-4.29,-2.22
352820,HYBE,2023-08-09,333333.0,256500,29.95,-4.29,-2.22
352820,HYBE,2023-10-10,328333.0,228500,43.69,-5.25,-4.09
352820,HYBE,2023-10-20,321667.0,229000,40.47,-15.55,-21.24
352820,HYBE,2023-10-20,321667.0,229000,40.47,-15.55,-21.24
352820,HYBE,2023-11-03,321667.0,227500,41.39,-8.13,-8.63
352820,HYBE,2023-11-03,330000.0,227500,45.05,-8.13,-8.63
352820,HYBE,2023-11-03,333333.0,227500,46.52,-8.13,-8.63
352820,HYBE,2023-11-03,338333.0,227500,48.72,-8.13,-8.63
352820,HYBE,2023-11-03,333333.0,227500,46.52,-8.13,-8.63
352820,HYBE,2023-11-03,326667.0,227500,43.59,-8.13,-8.63
352820,HYBE,2023-11-15,326667.0,205500,58.96,13.38,11.13
352820,HYBE,2023-11-22,330000.0,212000,55.66,8.73,5.34
352820,HYBE,2023-11-28,330000.0,215000,53.49,8.6,3.23
352820,HYBE,2023-12-28,330000.0,241500,36.65,-15.32,-8.92
352820,HYBE,2024-01-16,320000.0,223500,43.18,-6.71,-15.45
352820,HYBE,2024-02-13,320000.0,218500,46.45,-8.47,-12.22
352820,HYBE,2024-02-27,310000.0,202000,53.47,13.37,9.84
352820,HYBE,2024-02-27,303333.0,202000,50.17,13.37,9.84
352820,HYBE,2024-02-27,300000.0,202000,48.51,13.37,9.84
352820,HYBE,2024-02-27,310000.0,202000,53.47,13.37,9.84
352820,HYBE,2024-02-27,316667.0,202000,56.77,13.37,9.84
352820,HYBE,2024-02-27,318333.0,202000,57.59,13.37,9.84
352820,HYBE,2024-02-27,313333.0,202000,55.12,13.37,9.84
352820,HYBE,2024-02-27,316667.0,202000,56.77,13.37,9.84
352820,HYBE,2024-03-28,321667.0,230000,39.86,-10.87,-8.71
352820,HYBE,2024-04-05,326667.0,217000,50.54,-7.88,-7.68
352820,HYBE,2024-04-15,1220001.0,223000,447.09,-13.05,-17.46
352820,HYBE,2024-04-16,1215001.0,219000,454.79,-12.69,-18.81
352820,HYBE,2024-04-16,1208334.0,219000,451.75,-12.69,-18.81
352820,HYBE,2024-04-18,315000.0,230500,36.66,-18.96,-24.04
352820,HYBE,2024-04-30,320000.0,200000,60.0,0.25,0.29
352820,HYBE,2024-05-03,316667.0,204500,54.85,-2.93,-1.29
352820,HYBE,2024-05-03,306667.0,204500,49.96,-2.93,-1.29
352820,HYBE,2024-05-03,300000.0,204500,46.7,-2.93,-1.29
352820,HYBE,2024-05-03,306667.0,204500,49.96,-2.93,-1.29
352820,HYBE,2024-05-03,320000.0,204500,56.48,-2.93,-1.29
352820,HYBE,2024-05-03,321667.0,204500,57.29,-2.93,-1.29
352820,HYBE,2024-05-03,328333.0,204500,60.55,-2.93,-1.29
352820,HYBE,2024-06-03,325000.0,200000,62.5,-1.5,-6.46
352820,HYBE,2024-06-04,325000.0,198500,63.73,1.26,-3.78
352820,HYBE,2024-07-05,315000.0,196300,60.47,-13.35,1.22
352820,HYBE,2024-07-08,308333.0,194300,58.69,-11.79,0.25
352820,HYBE,2024-07-12,293333.0,188200,55.86,-8.55,-0.07
352820,HYBE,2024-07-16,286667.0,182500,57.08,-10.63,-3.64
352820,HYBE,2024-08-02,290000.0,170100,70.49,6.06,-3.08
352820,HYBE,2024-08-08,296667.0,172200,72.28,-4.18,-2.15
352820,HYBE,2024-08-08,296667.0,172200,72.28,-4.18,-2.15
352820,HYBE,2024-08-08,283333.0,172200,64.54,-4.18,-2.15
352820,HYBE,2024-08-08,286667.0,172200,66.47,-4.18,-2.15
352820,HYBE,2024-08-08,290000.0,172200,68.41,-4.18,-2.15
352820,HYBE,2024-08-08,300000.0,172200,74.22,-4.18,-2.15
352820,HYBE,2024-08-08,300000.0,172200,74.22,-4.18,-2.15
352820,HYBE,2024-08-29,300000.0,184400,62.69,-5.91,-2.0
352820,HYBE,2024-10-04,296667.0,173500,70.99,16.71,18.0
352820,HYBE,2024-10-11,296667.0,184300,60.97,8.52,12.01
352820,HYBE,2024-10-14,286667.0,184500,55.37,5.26,10.99
352820,HYBE,2024-11-06,280000.0,199300,40.49,-4.47,0.32
352820,HYBE,2024-11-06,280000.0,199300,40.49,-4.47,0.32
352820,HYBE,2024-11-06,280000.0,199300,40.49,-4.47,0.32
352820,HYBE,2024-11-06,290000.0,199300,45.51,-4.47,0.32
352820,HYBE,2024-11-11,275000.0,194200,41.61,1.65,4.26
352820,HYBE,2024-12-04,278333.0,190400,46.18,7.41,5.35
352820,HYBE,2025-01-09,263333.0,215500,22.2,14.85,12.17
352820,HYBE,2025-01-10,278333.0,214000,30.06,15.89,11.81
352820,HYBE,2025-01-20,275000.0,218000,26.15,12.84,7.79
352820,HYBE,2025-01-23,286667.0,221500,29.42,18.51,15.16
352820,HYBE,2025-02-26,290000.0,262500,10.48,-8.38,-5.95
352820,HYBE,2025-02-26,306667.0,262500,16.83,-8.38,-5.95
352820,HYBE,2025-02-26,310000.0,262500,18.1,-8.38,-5.95
352820,HYBE,2025-02-26,313333.0,262500,19.37,-8.38,-5.95
352820,HYBE,2025-02-26,306667.0,262500,16.83,-8.38,-5.95
352820,HYBE,2025-02-26,310000.0,262500,18.1,-8.38,-5.95
352820,HYBE,2025-02-27,306667.0,257500,19.09,-8.54,-6.5
352820,HYBE,2025-04-09,306667.0,229500,33.62,16.34,9.66
352820,HYBE,2025-04-09,310000.0,229500,35.08,16.34,9.66
352820,HYBE,2025-04-10,313333.0,226000,38.64,21.68,13.14
352820,HYBE,2025-04-11,313333.0,223000,40.51,22.65,15.91
352820,HYBE,2025-04-21,306667.0,230500,33.04,23.86,19.62
352820,HYBE,2025-04-30,310000.0,264500,17.2,6.24,-2.01
352820,HYBE,2025-04-30,316667.0,264500,19.72,6.24,-2.01
352820,HYBE,2025-04-30,320000.0,264500,20.98,6.24,-2.01
352820,HYBE,2025-04-30,320000.0,264500,20.98,6.24,-2.01
352820,HYBE,2025-04-30,320000.0,264500,20.98,6.24,-2.01
352820,HYBE,2025-04-30,323333.0,264500,22.24,6.24,-2.01
352820,HYBE,2025-04-30,316667.0,264500,19.72,6.24,-2.01
352820,HYBE,2025-06-23,345000.0,312500,10.4,-12.8,-14.94
352820,HYBE,2025-06-24,371667.0,310500,19.7,-13.85,-16.28
352820,HYBE,2025-07-10,375000.0,271000,38.38,7.38,6.3
352820,HYBE,2025-07-10,373333.0,271000,37.76,7.38,6.3
352820,HYBE,2025-07-14,366667.0,271000,35.3,4.06,4.85
352820,HYBE,2025-07-14,373333.0,271000,37.76,4.06,4.85
352820,HYBE,2025-07-15,376667.0,266500,41.34,4.88,3.69
352820,HYBE,2025-08-07,370000.0,291000,27.15,0.34,0.05
352820,HYBE,2025-08-07,350000.0,291000,20.27,0.34,0.05
352820,HYBE,2025-08-07,356667.0,291000,22.57,0.34,0.05
352820,HYBE,2025-08-07,360000.0,291000,23.71,0.34,0.05
352820,HYBE,2025-08-07,373333.0,291000,28.29,0.34,0.05
352820,HYBE,2025-08-07,366667.0,291000,26.0,0.34,0.05
352820,HYBE,2025-08-07,370000.0,291000,27.15,0.34,0.05
352820,HYBE,2025-08-07,356667.0,291000,22.57,0.34,0.05
352820,HYBE,2025-10-13,356667.0,271500,31.37,5.16,-10.13
352820,HYBE,2025-10-13,363333.0,271500,33.82,5.16,-10.13
352820,HYBE,2025-10-13,373333.0,271500,37.51,5.16,-10.13
352820,HYBE,2025-10-21,373333.0,281500,32.62,2.13,0.95
352820,HYBE,2025-10-31,378333.0,342500,10.46,-14.74,-7.6
352820,HYBE,2025-11-11,388333.0,291000,33.45,2.75,3.12
352820,HYBE,2025-11-11,390000.0,291000,34.02,2.75,3.12
352820,HYBE,2025-11-11,393333.0,291000,35.17,2.75,3.12
352820,HYBE,2025-11-11,393333.0,291000,35.17,2.75,3.12
352820,HYBE,2025-11-11,396667.0,291000,36.31,2.75,3.12
352820,HYBE,2025-11-11,393333.0,291000,35.17,2.75,3.12
352820,HYBE,2025-11-17,391667.0,294000,33.22,0.68,-0.47
352820,HYBE,2025-12-18,401667.0,313500,28.12,15.15,-6.97
352820,HYBE,2026-01-13,405000.0,331000,22.36,15.71,2.34
352820,HYBE,2026-01-14,413333.0,338500,22.11,12.41,-2.7
352820,HYBE,2026-01-14,416667.0,338500,23.09,12.41,-2.7
352820,HYBE,2026-01-15,430000.0,336500,27.79,15.9,2.14
352820,HYBE,2026-01-19,430000.0,370000,16.22,7.7,-11.18
352820,HYBE,2026-01-22,430000.0,380000,13.16,4.34,-17.58
352820,HYBE,2026-01-26,426667.0,379000,12.58,2.24,-20.56
352820,HYBE,2026-02-13,446667.0,404500,10.42,-14.96,-16.79
352820,HYBE,2026-02-13,450000.0,404500,11.25,-14.96,-16.79
352820,HYBE,2026-02-13,460000.0,404500,13.72,-14.96,-16.79
352820,HYBE,2026-02-13,456667.0,404500,12.9,-14.96,-16.79
352820,HYBE,2026-02-13,453333.0,404500,12.07,-14.96,-16.79
352820,HYBE,2026-02-13,445000.0,404500,10.01,-14.96,-16.79
352820,HYBE,2026-02-13,448333.0,404500,10.84,-14.96,-16.79
352820,HYBE,2026-03-18,461667.0,354500,30.23,-24.4,-32.43
352820,HYBE,2026-03-19,460000.0,344000,33.72,-23.69,-30.8
329180,HD현대중공업,2023-02-08,149667.0,107000,39.88,-11.31,-7.81
329180,HD현대중공업,2023-04-18,142667.0,110000,29.7,2.64,4.08
329180,HD현대중공업,2023-04-28,142667.0,110700,28.88,5.33,3.56
329180,HD현대중공업,2023-04-28,142667.0,110700,28.88,5.33,3.56
329180,HD현대중공업,2023-04-28,146333.0,110700,32.19,5.33,3.56
329180,HD현대중공업,2023-05-24,146000.0,119500,22.18,9.62,8.55
329180,HD현대중공업,2023-07-28,158667.0,139700,13.58,-4.51,-1.45
329180,HD현대중공업,2023-07-28,164000.0,139700,17.39,-4.51,-1.45
329180,HD현대중공업,2023-07-28,169000.0,139700,20.97,-4.51,-1.45
329180,HD현대중공업,2023-10-19,170000.0,109800,54.83,1.46,-2.54
329180,HD현대중공업,2023-10-27,168333.0,107900,56.01,15.11,7.1
329180,HD현대중공업,2023-10-27,155000.0,107900,43.65,15.11,7.1
329180,HD현대중공업,2023-10-27,153000.0,107900,41.8,15.11,7.1
329180,HD현대중공업,2023-10-27,154667.0,107900,43.34,15.11,7.1
329180,HD현대중공업,2024-01-15,159667.0,118900,34.29,-7.49,-12.14
329180,HD현대중공업,2024-01-23,159667.0,117400,36.0,-5.11,-13.13
329180,HD현대중공업,2024-02-07,158000.0,112000,41.07,0.54,-1.81
329180,HD현대중공업,2024-02-07,159667.0,112000,42.56,0.54,-1.81
329180,HD현대중공업,2024-02-07,155333.0,112000,38.69,0.54,-1.81
329180,HD현대중공업,2024-03-25,153333.0,122300,25.37,6.46,9.41
329180,HD현대중공업,2024-04-15,151667.0,112000,35.42,16.25,11.84
329180,HD현대중공업,2024-04-26,158333.0,140800,12.45,-6.18,-4.24
329180,HD현대중공업,2024-04-26,161333.0,140800,14.58,-6.18,-4.24
329180,HD현대중공업,2024-04-26,161333.0,140800,14.58,-6.18,-4.24
329180,HD현대중공업,2024-04-26,162667.0,140800,15.53,-6.18,-4.24
329180,HD현대중공업,2024-05-17,161667.0,128100,26.2,4.29,3.5
329180,HD현대중공업,2024-05-17,161667.0,128100,26.2,4.29,3.5
329180,HD현대중공업,2024-07-08,169333.0,152400,11.11,34.51,46.55
329180,HD현대중공업,2024-07-10,180333.0,157300,14.64,37.32,48.89
329180,HD현대중공업,2024-08-30,235333.0,185500,26.86,-3.56,-0.92
329180,HD현대중공업,2024-10-07,234000.0,179700,30.22,0.78,1.97
329180,HD현대중공업,2024-10-14,236000.0,192700,22.47,6.64,12.37
329180,HD현대중공업,2024-11-01,241000.0,175000,37.71,20.57,25.77
329180,HD현대중공업,2024-11-01,243000.0,175000,38.86,20.57,25.77
329180,HD현대중공업,2024-11-11,249000.0,205500,21.17,5.84,8.45
329180,HD현대중공업,2025-01-20,377667.0,327000,15.49,-8.72,-13.77
329180,HD현대중공업,2025-01-21,377667.0,314000,20.28,-1.91,-5.18
329180,HD현대중공업,2025-02-07,378667.0,301000,25.8,-1.16,-1.81
329180,HD현대중공업,2025-02-07,367667.0,301000,22.15,-1.16,-1.81
329180,HD현대중공업,2025-02-07,364333.0,301000,21.04,-1.16,-1.81
329180,HD현대중공업,2025-02-18,396667.0,347000,14.31,-13.54,-12.26
329180,HD현대중공업,2025-03-27,400000.0,280000,42.86,43.93,44.39
329180,HD현대중공업,2025-04-11,405000.0,347500,16.55,19.86,13.12
329180,HD현대중공업,2025-04-25,482667.0,399500,20.82,1.5,-5.24
329180,HD현대중공업,2025-04-25,482667.0,399500,20.82,1.5,-5.24
329180,HD현대중공업,2025-04-25,472667.0,399500,18.31,1.5,-5.24
329180,HD현대중공업,2025-04-28,450000.0,403500,11.52,0.5,-4.66
329180,HD현대중공업,2025-04-28,503333.0,403500,24.74,0.5,-4.66
329180,HD현대중공업,2025-05-23,503333.0,412500,22.02,5.94,-11.6
329180,HD현대중공업,2025-05-28,520667.0,405500,28.4,5.67,-7.23
329180,HD현대중공업,2025-07-01,503000.0,407500,23.44,15.58,9.75
329180,HD현대중공업,2025-07-07,543000.0,389500,39.41,19.13,16.46
329180,HD현대중공업,2025-07-08,542333.0,395000,37.3,18.1,16.05
329180,HD현대중공업,2025-07-08,506667.0,395000,28.27,18.1,16.05
329180,HD현대중공업,2025-07-16,486667.0,400500,21.51,19.1,18.06
329180,HD현대중공업,2025-07-16,503333.0,400500,25.68,19.1,18.06
329180,HD현대중공업,2025-08-01,543333.0,463500,17.22,10.9,10.11
329180,HD현대중공업,2025-08-01,564333.0,463500,21.75,10.9,10.11
329180,HD현대중공업,2025-08-01,577333.0,463500,24.56,10.9,10.11
329180,HD현대중공업,2025-08-01,570667.0,463500,23.12,10.9,10.11
329180,HD현대중공업,2025-08-01,579667.0,463500,25.06,10.9,10.11
329180,HD현대중공업,2025-08-04,586667.0,464000,26.44,8.84,9.26
329180,HD현대중공업,2025-08-28,623333.0,520000,19.87,-5.48,-11.76
329180,HD현대중공업,2025-10-02,640000.0,515000,24.27,1.17,-8.34
329180,HD현대중공업,2025-10-02,656000.0,515000,27.38,1.17,-8.34
329180,HD현대중공업,2025-10-13,662667.0,496000,33.6,7.66,-7.63
329180,HD현대중공업,2025-10-15,666000.0,508000,31.1,11.81,0.55
329180,HD현대중공업,2025-10-22,676667.0,577000,17.27,1.04,-3.1
329180,HD현대중공업,2025-10-28,710333.0,595000,19.38,-6.89,-3.94
329180,HD현대중공업,2025-11-04,737000.0,528000,39.58,1.14,0.34
329180,HD현대중공업,2025-11-04,753667.0,528000,42.74,1.14,0.34
329180,HD현대중공업,2025-11-04,750000.0,528000,42.05,1.14,0.34
329180,HD현대중공업,2026-01-14,790000.0,631000,25.2,-14.58,-29.69
329180,HD현대중공업,2026-01-19,803333.0,641000,25.33,-6.08,-24.97
329180,HD현대중공업,2026-01-23,806667.0,605000,33.33,-2.15,-29.58
329180,HD현대중공업,2026-01-28,760000.0,588000,29.25,-13.1,-10.65
329180,HD현대중공업,2026-02-10,786667.0,537000,46.49,9.31,3.97
329180,HD현대중공업,2026-02-10,786667.0,537000,46.49,9.31,3.97
329180,HD현대중공업,2026-02-10,836667.0,537000,55.8,9.31,3.97
329180,HD현대중공업,2026-02-10,810000.0,537000,50.84,9.31,3.97
329180,HD현대중공업,2026-02-10,796667.0,537000,48.36,9.31,3.97
329180,HD현대중공업,2026-02-11,776667.0,539000,44.09,9.46,2.17
012450,한화에어로스페이스,2023-04-20,128333.0,108487,18.29,4.13,3.22
012450,한화에어로스페이스,2023-04-28,139333.0,109607,27.12,0.37,-1.4
012450,한화에어로스페이스,2023-04-28,137667.0,109607,25.6,0.37,-1.4
012450,한화에어로스페이스,2023-04-28,139000.0,109607,26.82,0.37,-1.4
012450,한화에어로스페이스,2023-05-30,138333.0,108079,27.99,18.0,19.05
012450,한화에어로스페이스,2023-07-28,168333.0,124479,35.23,-7.28,-4.23
012450,한화에어로스페이스,2023-09-21,170000.0,107774,57.74,-7.75,0.43
012450,한화에어로스페이스,2023-10-16,154333.0,102171,51.05,27.42,28.51
012450,한화에어로스페이스,2023-11-01,138333.0,117553,17.68,9.1,0.9
012450,한화에어로스페이스,2023-11-01,132667.0,117553,12.86,9.1,0.9
012450,한화에어로스페이스,2023-11-03,138333.0,123970,11.59,13.64,13.14
012450,한화에어로스페이스,2023-11-28,147667.0,125396,17.76,1.14,-4.24
012450,한화에어로스페이스,2024-03-22,231667.0,207297,11.76,16.22,20.4
012450,한화에어로스페이스,2024-04-08,251333.0,212899,18.05,4.31,3.48
012450,한화에어로스페이스,2024-04-15,258000.0,214936,20.04,-1.42,-5.83
012450,한화에어로스페이스,2024-04-15,284333.0,214936,32.29,-1.42,-5.83
012450,한화에어로스페이스,2024-05-02,284333.0,219521,29.52,-2.09,-1.55
012450,한화에어로스페이스,2024-05-02,276667.0,219521,26.03,-2.09,-1.55
012450,한화에어로스페이스,2024-05-02,272000.0,219521,23.91,-2.09,-1.55
012450,한화에어로스페이스,2024-05-02,269000.0,219521,22.54,-2.09,-1.55
012450,한화에어로스페이스,2024-05-02,276667.0,219521,26.03,-2.09,-1.55
012450,한화에어로스페이스,2024-05-02,273333.0,219521,24.51,-2.09,-1.55
012450,한화에어로스페이스,2024-05-28,263333.0,222067,18.58,7.8,3.81
012450,한화에어로스페이스,2024-07-16,314000.0,280131,12.09,12.0,18.99
012450,한화에어로스페이스,2024-08-01,344333.0,294392,16.96,0.35,0.17
012450,한화에어로스페이스,2024-08-01,360000.0,294392,22.29,0.35,0.17
012450,한화에어로스페이스,2024-08-01,363333.0,294392,23.42,0.35,0.17
012450,한화에어로스페이스,2024-08-01,356667.0,294392,21.15,0.35,0.17
012450,한화에어로스페이스,2024-08-01,353333.0,294392,20.02,0.35,0.17
012450,한화에어로스페이스,2024-08-01,356000.0,294392,20.93,0.35,0.17
012450,한화에어로스페이스,2024-08-08,361000.0,309163,16.77,-4.45,-2.42
012450,한화에어로스페이스,2024-08-28,369333.0,295411,25.02,3.17,6.95
012450,한화에어로스페이스,2024-10-10,394333.0,351047,12.33,13.18,14.56
012450,한화에어로스페이스,2024-11-01,451000.0,361387,24.8,-12.53,-7.34
012450,한화에어로스페이스,2024-11-01,453333.0,361387,25.44,-12.53,-7.34
012450,한화에어로스페이스,2024-11-01,466667.0,361387,29.13,-12.53,-7.34
012450,한화에어로스페이스,2024-11-01,450000.0,361387,24.52,-12.53,-7.34
012450,한화에어로스페이스,2024-11-01,453333.0,361387,25.44,-12.53,-7.34
012450,한화에어로스페이스,2024-11-01,440000.0,361387,21.75,-12.53,-7.34
012450,한화에어로스페이스,2024-11-01,460000.0,361387,27.29,-12.53,-7.34
012450,한화에어로스페이스,2024-11-04,466667.0,356463,30.92,-6.49,-3.51
012450,한화에어로스페이스,2024-11-12,486667.0,395851,22.94,-25.87,-26.92
012450,한화에어로스페이스,2024-12-16,466667.0,300827,55.13,25.2,22.49
012450,한화에어로스페이스,2025-01-16,473333.0,376650,25.67,68.63,63.46
012450,한화에어로스페이스,2025-01-16,493333.0,376650,30.98,68.63,63.46
012450,한화에어로스페이스,2025-01-20,510000.0,383542,32.97,70.99,65.94
012450,한화에어로스페이스,2025-01-20,533333.0,383542,39.05,70.99,65.94
012450,한화에어로스페이스,2025-01-21,503333.0,383050,31.4,74.81,71.54
012450,한화에어로스페이스,2025-02-12,593333.0,508108,16.77,36.63,37.28
012450,한화에어로스페이스,2025-02-12,683333.0,508108,34.49,36.63,37.28
012450,한화에어로스페이스,2025-02-12,691667.0,508108,36.13,36.63,37.28
012450,한화에어로스페이스,2025-02-12,678333.0,508108,33.5,36.63,37.28
012450,한화에어로스페이스,2025-02-12,648333.0,508108,27.6,36.63,37.28
012450,한화에어로스페이스,2025-02-12,633333.0,508108,24.65,36.63,37.28
012450,한화에어로스페이스,2025-02-12,633333.0,508108,24.65,36.63,37.28
012450,한화에어로스페이스,2025-02-12,610000.0,508108,20.05,36.63,37.28
012450,한화에어로스페이스,2025-03-27,703333.0,620364,13.37,30.79,31.25
012450,한화에어로스페이스,2025-04-09,866667.0,728682,18.94,8.65,1.97
012450,한화에어로스페이스,2025-04-11,893333.0,779887,14.55,3.79,-2.95
012450,한화에어로스페이스,2025-04-14,960000.0,759208,26.45,9.08,3.05
012450,한화에어로스페이스,2025-05-02,980000.0,876388,11.82,3.26,-5.99
012450,한화에어로스페이스,2025-05-02,973333.0,876388,11.06,3.26,-5.99
012450,한화에어로스페이스,2025-05-02,1040000.0,876388,18.67,3.26,-5.99
012450,한화에어로스페이스,2025-05-02,1020000.0,876388,16.39,3.26,-5.99
012450,한화에어로스페이스,2025-05-02,1030000.0,876388,17.53,3.26,-5.99
012450,한화에어로스페이스,2025-05-02,996667.0,876388,13.72,3.26,-5.99
012450,한화에어로스페이스,2025-05-02,1010000.0,876388,15.25,3.26,-5.99
012450,한화에어로스페이스,2025-05-14,1020000.0,809428,26.01,19.84,7.43
012450,한화에어로스페이스,2025-06-10,1020000.0,905000,12.71,-6.08,-13.88
012450,한화에어로스페이스,2025-07-09,1026667.0,853000,20.36,9.26,7.87
012450,한화에어로스페이스,2025-08-01,1166667.0,938000,24.38,-0.53,-1.31
012450,한화에어로스페이스,2025-08-01,1233333.0,938000,31.49,-0.53,-1.31
012450,한화에어로스페이스,2025-08-01,1350000.0,938000,43.92,-0.53,-1.31
012450,한화에어로스페이스,2025-08-01,1293333.0,938000,37.88,-0.53,-1.31
012450,한화에어로스페이스,2025-08-01,1286667.0,938000,37.17,-0.53,-1.31
012450,한화에어로스페이스,2025-08-01,1236667.0,938000,31.84,-0.53,-1.31
012450,한화에어로스페이스,2025-08-01,1280000.0,938000,36.46,-0.53,-1.31
012450,한화에어로스페이스,2025-08-01,1280000.0,938000,36.46,-0.53,-1.31
012450,한화에어로스페이스,2025-08-29,1313333.0,916000,43.38,15.61,6.44
012450,한화에어로스페이스,2025-09-22,1286667.0,1004000,28.15,-0.8,-15.83
012450,한화에어로스페이스,2025-09-23,1260000.0,1058000,19.09,-6.14,-23.68
012450,한화에어로스페이스,2025-10-15,1236667.0,936000,32.12,2.14,-9.13
012450,한화에어로스페이스,2025-10-31,1276667.0,1042000,22.52,-21.98,-14.84
012450,한화에어로스페이스,2025-11-04,1326667.0,950000,39.65,-8.84,-9.64
012450,한화에어로스페이스,2025-11-04,1326667.0,950000,39.65,-8.84,-9.64
012450,한화에어로스페이스,2025-11-04,1286667.0,950000,35.44,-8.84,-9.64
012450,한화에어로스페이스,2025-11-04,1323333.0,950000,39.3,-8.84,-9.64
012450,한화에어로스페이스,2025-11-04,1323333.0,950000,39.3,-8.84,-9.64
012450,한화에어로스페이스,2025-11-04,1356667.0,950000,42.81,-8.84,-9.64
012450,한화에어로스페이스,2025-11-04,1296667.0,950000,36.49,-8.84,-9.64
012450,한화에어로스페이스,2025-11-04,1353333.0,950000,42.46,-8.84,-9.64
012450,한화에어로스페이스,2025-11-13,1360000.0,955000,42.41,0.63,-3.25
012450,한화에어로스페이스,2026-01-19,1476667.0,1309000,12.81,-5.12,-24.01
012450,한화에어로스페이스,2026-01-22,1560000.0,1255000,24.3,-3.43,-25.35
012450,한화에어로스페이스,2026-02-10,1623333.0,1130000,43.66,23.54,18.2
012450,한화에어로스페이스,2026-02-10,1623333.0,1130000,43.66,23.54,18.2
012450,한화에어로스페이스,2026-02-10,1573333.0,1130000,39.23,23.54,18.2
012450,한화에어로스페이스,2026-02-10,1480000.0,1130000,30.97,23.54,18.2
012450,한화에어로스페이스,2026-02-10,1523333.0,1130000,34.81,23.54,18.2
012450,한화에어로스페이스,2026-02-10,1573333.0,1130000,39.23,23.54,18.2
012450,한화에어로스페이스,2026-02-10,1676667.0,1130000,48.38,23.54,18.2
012450,한화에어로스페이스,2026-02-10,1596667.0,1130000,41.3,23.54,18.2
012450,한화에어로스페이스,2026-02-11,1596667.0,1131000,41.17,22.9,15.61
259960,크래프톤,2023-01-19,196667.0,172500,14.01,1.16,-1.5
259960,크래프톤,2023-01-31,206667.0,181000,14.18,-6.63,-5.73
259960,크래프톤,2023-02-09,233333.0,177100,31.75,-7.68,-5.29
259960,크래프톤,2023-02-09,240000.0,177100,35.52,-7.68,-5.29
259960,크래프톤,2023-02-09,226667.0,177100,27.99,-7.68,-5.29
259960,크래프톤,2023-02-09,216667.0,177100,22.34,-7.68,-5.29
259960,크래프톤,2023-02-09,206667.0,177100,16.69,-7.68,-5.29
259960,크래프톤,2023-02-09,220000.0,177100,24.22,-7.68,-5.29
259960,크래프톤,2023-02-09,220000.0,177100,24.22,-7.68,-5.29
259960,크래프톤,2023-02-09,230000.0,177100,29.87,-7.68,-5.29
259960,크래프톤,2023-03-24,220000.0,174900,25.79,9.21,4.46
259960,크래프톤,2023-04-07,220000.0,183000,20.22,9.56,10.18
259960,크래프톤,2023-04-25,230000.0,190700,20.61,-2.88,-5.86
259960,크래프톤,2023-04-25,226667.0,190700,18.86,-2.88,-5.86
259960,크래프톤,2023-05-10,236667.0,198800,19.05,2.87,-2.69
259960,크래프톤,2023-05-10,236667.0,198800,19.05,2.87,-2.69
259960,크래프톤,2023-05-10,253333.0,198800,27.43,2.87,-2.69
259960,크래프톤,2023-05-10,260000.0,198800,30.78,2.87,-2.69
259960,크래프톤,2023-05-10,260000.0,198800,30.78,2.87,-2.69
259960,크래프톤,2023-05-11,266667.0,200500,33.0,1.25,-5.32
259960,크래프톤,2023-05-22,260000.0,199300,30.46,2.11,1.09
259960,크래프톤,2023-05-24,266667.0,187500,42.22,8.8,7.72
259960,크래프톤,2023-06-30,263333.0,194500,35.39,-11.67,-12.83
259960,크래프톤,2023-07-10,266667.0,182500,46.12,-5.97,-6.42
259960,크래프톤,2023-07-14,260000.0,191200,35.98,-15.53,-13.7
259960,크래프톤,2023-07-14,253333.0,191200,32.5,-15.53,-13.7
259960,크래프톤,2023-08-10,250000.0,163100,53.28,-6.19,-4.87
259960,크래프톤,2023-08-10,256667.0,163100,57.37,-6.19,-4.87
259960,크래프톤,2023-08-10,250000.0,163100,53.28,-6.19,-4.87
259960,크래프톤,2023-08-10,253333.0,163100,55.32,-6.19,-4.87
259960,크래프톤,2023-08-10,223333.0,163100,36.93,-6.19,-4.87
259960,크래프톤,2023-08-10,236667.0,163100,45.11,-6.19,-4.87
259960,크래프톤,2023-09-22,206667.0,148900,38.8,8.8,16.22
259960,크래프톤,2023-10-04,223333.0,148000,50.9,14.8,16.26
259960,크래프톤,2023-10-12,206667.0,154900,33.42,24.53,26.42
259960,크래프톤,2023-10-19,210000.0,159400,31.74,21.14,17.15
259960,크래프톤,2023-10-23,196667.0,163600,20.21,27.75,22.43
259960,크래프톤,2023-10-25,206667.0,163100,26.71,28.76,19.37
259960,크래프톤,2023-11-07,230000.0,190800,20.55,11.11,8.07
259960,크래프톤,2023-11-08,260000.0,190800,36.27,11.37,8.7
259960,크래프톤,2023-11-08,250000.0,190800,31.03,11.37,8.7
259960,크래프톤,2023-11-08,236667.0,190800,24.04,11.37,8.7
259960,크래프톤,2023-11-08,210000.0,190800,10.06,11.37,8.7
259960,크래프톤,2023-11-14,243333.0,204000,19.28,3.68,2.71
259960,크래프톤,2023-12-26,260000.0,189400,37.28,11.14,16.3
259960,크래프톤,2024-01-08,270000.0,206500,30.75,2.42,1.84
259960,크래프톤,2024-01-10,250000.0,201000,24.38,6.47,3.32
259960,크래프톤,2024-01-17,233333.0,184500,26.47,27.37,17.53
259960,크래프톤,2024-01-22,240000.0,204000,17.65,10.29,2.8
259960,크래프톤,2024-01-23,256667.0,207500,23.69,8.19,0.18
259960,크래프톤,2024-01-24,256667.0,207000,23.99,5.07,-2.08
259960,크래프톤,2024-01-29,273333.0,218500,25.1,3.89,-1.85
259960,크래프톤,2024-02-13,273333.0,239500,14.13,-1.88,-5.63
259960,크래프톤,2024-02-13,286667.0,239500,19.69,-1.88,-5.63
259960,크래프톤,2024-02-13,283333.0,239500,18.3,-1.88,-5.63
259960,크래프톤,2024-02-13,276667.0,239500,15.52,-1.88,-5.63
259960,크래프톤,2024-02-13,270000.0,239500,12.73,-1.88,-5.63
259960,크래프톤,2024-02-13,280000.0,239500,16.91,-1.88,-5.63
259960,크래프톤,2024-02-13,286667.0,239500,19.69,-1.88,-5.63
259960,크래프톤,2024-02-19,293333.0,232000,26.44,2.37,1.15
259960,크래프톤,2024-03-18,276667.0,237000,16.74,6.75,9.46
259960,크래프톤,2024-04-01,286667.0,252000,13.76,-3.57,-1.05
259960,크래프톤,2024-04-08,290000.0,242000,19.83,7.02,6.19
259960,크래프톤,2024-04-09,290000.0,247500,17.17,4.85,4.1
259960,크래프톤,2024-04-12,276667.0,247000,12.01,4.66,1.56
259960,크래프톤,2024-04-15,280000.0,254000,10.24,1.57,-2.83
259960,크래프톤,2024-04-17,286667.0,260000,10.26,-2.88,-6.28
259960,크래프톤,2024-04-26,313333.0,240000,30.56,4.58,6.52
259960,크래프톤,2024-05-09,310000.0,259000,19.69,-1.35,-0.53
259960,크래프톤,2024-05-09,320000.0,259000,23.55,-1.35,-0.53
259960,크래프톤,2024-05-09,320000.0,259000,23.55,-1.35,-0.53
259960,크래프톤,2024-05-09,336667.0,259000,29.99,-1.35,-0.53
259960,크래프톤,2024-05-09,333333.0,259000,28.7,-1.35,-0.53
259960,크래프톤,2024-05-09,330000.0,259000,27.41,-1.35,-0.53
259960,크래프톤,2024-05-09,326667.0,259000,26.13,-1.35,-0.53
259960,크래프톤,2024-05-09,336667.0,259000,29.99,-1.35,-0.53
259960,크래프톤,2024-05-10,336667.0,259500,29.74,2.12,2.08
259960,크래프톤,2024-05-30,340000.0,250000,36.0,9.4,3.04
259960,크래프톤,2024-06-13,336667.0,272000,23.77,2.94,-0.63
259960,크래프톤,2024-06-18,336667.0,290000,16.09,-4.66,-6.3
259960,크래프톤,2024-07-08,360000.0,289500,24.35,-1.38,10.66
259960,크래프톤,2024-07-23,370000.0,287000,28.92,20.56,22.41
259960,크래프톤,2024-08-13,396667.0,331500,19.66,-3.17,-0.43
259960,크래프톤,2024-08-13,410000.0,331500,23.68,-3.17,-0.43
259960,크래프톤,2024-08-13,413333.0,331500,24.69,-3.17,-0.43
259960,크래프톤,2024-08-13,400000.0,331500,20.66,-3.17,-0.43
259960,크래프톤,2024-08-13,406667.0,331500,22.67,-3.17,-0.43
259960,크래프톤,2024-08-13,406667.0,331500,22.67,-3.17,-0.43
259960,크래프톤,2024-08-13,433333.0,331500,30.72,-3.17,-0.43
259960,크래프톤,2024-08-13,413333.0,331500,24.69,-3.17,-0.43
259960,크래프톤,2024-08-13,396667.0,331500,19.66,-3.17,-0.43
259960,크래프톤,2024-09-05,386667.0,323000,19.71,2.32,-0.78
259960,크래프톤,2024-09-10,406667.0,325000,25.13,2.92,-0.89
259960,크래프톤,2024-09-13,403333.0,348000,15.9,-2.16,-1.76
259960,크래프톤,2024-09-24,416667.0,339000,22.91,1.92,1.3
259960,크래프톤,2024-10-04,416667.0,319000,30.62,4.23,5.52
259960,크래프톤,2024-10-10,450000.0,331500,35.75,-1.96,-0.58
259960,크래프톤,2024-10-17,436667.0,340500,28.24,-14.98,-8.16
259960,크래프톤,2024-10-18,440000.0,343000,28.28,-13.99,-8.78
259960,크래프톤,2024-11-08,426667.0,317500,34.38,-5.2,1.56
259960,크래프톤,2024-11-08,430000.0,317500,35.43,-5.2,1.56
259960,크래프톤,2024-11-08,426667.0,317500,34.38,-5.2,1.56
259960,크래프톤,2024-11-08,426667.0,317500,34.38,-5.2,1.56
259960,크래프톤,2024-11-08,436667.0,317500,37.53,-5.2,1.56
259960,크래프톤,2024-11-08,456667.0,317500,43.83,-5.2,1.56
259960,크래프톤,2024-11-08,470000.0,317500,48.03,-5.2,1.56
259960,크래프톤,2024-12-24,480000.0,307000,56.35,18.57,14.96
259960,크래프톤,2025-01-06,473333.0,331000,43.0,14.05,12.88
259960,크래프톤,2025-01-06,473333.0,331000,43.0,14.05,12.88
259960,크래프톤,2025-01-07,466667.0,325000,43.59,15.38,14.67
259960,크래프톤,2025-01-09,466667.0,335000,39.3,-5.37,-8.05
259960,크래프톤,2025-01-15,443333.0,331500,33.74,1.06,-4.64
259960,크래프톤,2025-01-16,426667.0,341500,24.94,-2.78,-7.95
259960,크래프톤,2025-02-12,423333.0,317000,33.54,12.3,12.95
259960,크래프톤,2025-02-12,450000.0,317000,41.96,12.3,12.95
259960,크래프톤,2025-02-12,476667.0,317000,50.37,12.3,12.95
259960,크래프톤,2025-02-12,490000.0,317000,54.57,12.3,12.95
259960,크래프톤,2025-02-12,466667.0,317000,47.21,12.3,12.95
259960,크래프톤,2025-02-12,453333.0,317000,43.01,12.3,12.95
259960,크래프톤,2025-02-12,460000.0,317000,45.11,12.3,12.95
259960,크래프톤,2025-02-12,466667.0,317000,47.21,12.3,12.95
259960,크래프톤,2025-02-13,440000.0,312000,41.03,14.58,13.83
259960,크래프톤,2025-03-06,440000.0,349000,26.07,6.59,10.42
259960,크래프톤,2025-03-19,456667.0,328500,39.02,16.89,23.22
259960,크래프톤,2025-03-21,490000.0,335500,46.05,14.61,20.06
259960,크래프톤,2025-03-31,483333.0,340000,42.16,8.82,7.08
259960,크래프톤,2025-03-31,503333.0,340000,48.04,8.82,7.08
259960,크래프톤,2025-04-01,513333.0,347000,47.93,7.06,5.04
259960,크래프톤,2025-04-01,500000.0,347000,44.09,7.06,5.04
259960,크래프톤,2025-04-14,480000.0,369000,30.08,3.66,-2.37
259960,크래프톤,2025-04-17,463333.0,386000,20.03,0.0,-5.72
259960,크래프톤,2025-04-30,486667.0,385000,26.41,-4.55,-12.79
259960,크래프톤,2025-04-30,486667.0,385000,26.41,-4.55,-12.79
259960,크래프톤,2025-04-30,516667.0,385000,34.2,-4.55,-12.79
259960,크래프톤,2025-04-30,493333.0,385000,28.14,-4.55,-12.79
259960,크래프톤,2025-04-30,493333.0,385000,28.14,-4.55,-12.79
259960,크래프톤,2025-04-30,480000.0,385000,24.68,-4.55,-12.79
259960,크래프톤,2025-04-30,520000.0,385000,35.06,-4.55,-12.79
259960,크래프톤,2025-05-02,503333.0,385500,30.57,-4.15,-13.41
259960,크래프톤,2025-05-23,503333.0,382500,31.59,-6.67,-24.21
259960,크래프톤,2025-05-30,466667.0,368000,26.81,-2.58,-16.52
259960,크래프톤,2025-06-10,483333.0,372500,29.75,-3.36,-11.15
259960,크래프톤,2025-06-23,463333.0,361500,28.17,-2.49,-4.63
259960,크래프톤,2025-06-23,490000.0,361500,35.55,-2.49,-4.63
259960,크래프톤,2025-06-25,500000.0,358500,39.47,-4.88,-8.48
259960,크래프톤,2025-06-26,540000.0,357500,51.05,-5.31,-9.9
259960,크래프톤,2025-07-01,536667.0,358500,49.7,-8.93,-14.76
259960,크래프톤,2025-07-02,530000.0,365500,45.01,-10.12,-14.27
259960,크래프톤,2025-07-03,510000.0,359500,41.86,-12.24,-14.37
259960,크래프톤,2025-07-11,516667.0,347000,48.9,-8.07,-8.22
259960,크래프톤,2025-07-30,526667.0,328500,60.32,-0.3,1.53
259960,크래프톤,2025-07-30,526667.0,328500,60.32,-0.3,1.53
259960,크래프톤,2025-07-30,513333.0,328500,56.27,-0.3,1.53
259960,크래프톤,2025-07-30,510000.0,328500,55.25,-0.3,1.53
259960,크래프톤,2025-07-30,490000.0,328500,49.16,-0.3,1.53
259960,크래프톤,2025-07-30,473333.0,328500,44.09,-0.3,1.53
259960,크래프톤,2025-07-30,446667.0,328500,35.97,-0.3,1.53
259960,크래프톤,2025-07-30,470000.0,328500,43.07,-0.3,1.53
259960,크래프톤,2025-08-26,500000.0,339000,47.49,-10.77,-19.71
259960,크래프톤,2025-09-02,526667.0,329000,60.08,-9.27,-17.79
259960,크래프톤,2025-10-01,506667.0,299000,69.45,-11.87,-25.32
259960,크래프톤,2025-10-14,480000.0,292500,64.1,-7.01,-20.49
259960,크래프톤,2025-10-22,450000.0,285000,57.89,-11.23,-15.37
259960,크래프톤,2025-10-30,430000.0,276000,55.8,-6.7,-2.3
259960,크래프톤,2025-11-05,410000.0,263500,55.6,-7.59,-7.64
259960,크래프톤,2025-11-05,410000.0,263500,55.6,-7.59,-7.64
259960,크래프톤,2025-11-05,456667.0,263500,73.31,-7.59,-7.64
259960,크래프톤,2025-11-05,476667.0,263500,80.9,-7.59,-7.64
259960,크래프톤,2025-11-05,456667.0,263500,73.31,-7.59,-7.64
259960,크래프톤,2025-11-05,406667.0,263500,54.33,-7.59,-7.64
259960,크래프톤,2025-11-05,393333.0,263500,49.27,-7.59,-7.64
259960,크래프톤,2025-11-06,386667.0,258000,49.87,-4.07,-7.77
259960,크래프톤,2025-11-12,386667.0,275000,40.61,-12.18,-10.74
259960,크래프톤,2025-12-01,346667.0,253000,37.02,-1.98,-9.85
259960,크래프톤,2026-01-07,350000.0,229500,52.51,3.92,-9.5
259960,크래프톤,2026-01-08,333333.0,230000,44.93,3.48,-7.49
259960,크래프톤,2026-01-09,363333.0,236000,53.95,0.21,-14.35
259960,크래프톤,2026-01-12,380000.0,235000,61.7,4.89,-8.09
259960,크래프톤,2026-01-23,385333.0,255500,50.82,-0.59,-28.02
259960,크래프톤,2026-01-26,385333.0,265500,45.13,-6.4,-29.2
259960,크래프톤,2026-02-10,355333.0,259000,37.19,-10.23,-15.57
259960,크래프톤,2026-02-10,360000.0,259000,39.0,-10.23,-15.57
259960,크래프톤,2026-02-10,353333.0,259000,36.42,-10.23,-15.57
259960,크래프톤,2026-02-10,383333.0,259000,48.01,-10.23,-15.57
259960,크래프톤,2026-02-10,390000.0,259000,50.58,-10.23,-15.57
259960,크래프톤,2026-02-10,366667.0,259000,41.57,-10.23,-15.57
259960,크래프톤,2026-02-10,342000.0,259000,32.05,-10.23,-15.57
259960,크래프톤,2026-02-11,315333.0,258000,22.22,-9.3,-16.6
247540,에코프로비엠,2023-01-25,156000.0,105400,48.01,47.25,41.25
247540,에코프로비엠,2023-01-27,152000.0,103400,47.0,61.32,55.67
247540,에코프로비엠,2023-01-27,152667.0,103400,47.65,61.32,55.67
247540,에코프로비엠,2023-02-06,152667.0,121800,25.34,71.59,66.27
247540,에코프로비엠,2023-02-06,153333.0,121800,25.89,71.59,66.27
247540,에코프로비엠,2023-02-06,150000.0,121800,23.15,71.59,66.27
247540,에코프로비엠,2023-02-06,160833.0,121800,32.05,71.59,66.27
247540,에코프로비엠,2023-02-06,160167.0,121800,31.5,71.59,66.27
247540,에코프로비엠,2023-02-06,172667.0,121800,41.76,71.59,66.27
247540,에코프로비엠,2023-02-06,171833.0,121800,41.08,71.59,66.27
247540,에코프로비엠,2023-02-06,165833.0,121800,36.15,71.59,66.27
247540,에코프로비엠,2023-02-06,154333.0,121800,26.71,71.59,66.27
247540,에코프로비엠,2023-02-06,154333.0,121800,26.71,71.59,66.27
247540,에코프로비엠,2023-02-06,167667.0,121800,37.66,71.59,66.27
247540,에코프로비엠,2023-02-17,186667.0,147300,26.73,38.83,37.1
247540,에코프로비엠,2023-05-03,288667.0,250000,15.47,3.0,0.02
247540,에코프로비엠,2023-05-03,298333.0,250000,19.33,3.0,0.02
247540,에코프로비엠,2023-05-03,298333.0,250000,19.33,3.0,0.02
247540,에코프로비엠,2023-05-03,278333.0,250000,11.33,3.0,0.02
247540,에코프로비엠,2023-05-08,293333.0,237000,23.77,12.87,8.05
247540,에코프로비엠,2023-08-29,398333.0,324500,22.75,-22.03,-13.07
247540,에코프로비엠,2023-09-25,331667.0,254500,30.32,-22.91,-11.83
247540,에코프로비엠,2023-11-08,290000.0,248500,16.7,21.33,20.04
247540,에코프로비엠,2023-11-08,290000.0,248500,16.7,21.33,20.04
247540,에코프로비엠,2023-11-08,276667.0,248500,11.33,21.33,20.04
247540,에코프로비엠,2023-11-08,276667.0,248500,11.33,21.33,20.04
247540,에코프로비엠,2023-11-08,320000.0,248500,28.77,21.33,20.04
247540,에코프로비엠,2023-11-08,332333.0,248500,33.74,21.33,20.04
247540,에코프로비엠,2023-11-21,312333.0,239500,30.41,32.99,27.05
247540,에코프로비엠,2024-02-08,289000.0,240000,20.42,10.21,4.91
247540,에코프로비엠,2024-02-20,315667.0,249000,26.77,10.84,6.19
247540,에코프로비엠,2024-05-07,292333.0,223000,31.09,-0.45,0.27
247540,에코프로비엠,2024-05-07,266667.0,223000,19.58,-0.45,0.27
247540,에코프로비엠,2024-05-07,253333.0,223000,13.6,-0.45,0.27
247540,에코프로비엠,2024-05-07,253333.0,223000,13.6,-0.45,0.27
247540,에코프로비엠,2024-05-07,299000.0,223000,34.08,-0.45,0.27
247540,에코프로비엠,2024-05-28,249000.0,187500,32.8,-5.07,-5.09
247540,에코프로비엠,2024-06-17,212333.0,191600,10.82,-4.38,-2.13
247540,에코프로비엠,2024-11-20,196667.0,132300,48.65,-10.36,-10.9
247540,에코프로비엠,2025-01-15,183333.0,131300,39.63,2.97,-4.49
247540,에코프로비엠,2025-01-16,178333.0,130100,37.07,4.23,-1.79
247540,에코프로비엠,2025-01-20,161667.0,126100,28.21,11.66,5.15
247540,에코프로비엠,2025-02-12,148333.0,131100,13.15,-14.19,-12.18
247540,에코프로비엠,2025-02-12,148333.0,131100,13.15,-14.19,-12.18
247540,에코프로비엠,2025-04-02,123333.0,91100,35.38,14.71,9.1
247540,에코프로비엠,2025-04-30,116667.0,104500,11.64,-12.25,-16.18
247540,에코프로비엠,2025-04-30,135000.0,104500,29.19,-12.25,-16.18
247540,에코프로비엠,2025-04-30,130000.0,104500,24.4,-12.25,-16.18
247540,에코프로비엠,2025-04-30,130000.0,104500,24.4,-12.25,-16.18
247540,에코프로비엠,2025-04-30,118333.0,104500,13.24,-12.25,-16.18
247540,에코프로비엠,2025-08-06,150000.0,124800,20.19,-6.57,-7.26
247540,에코프로비엠,2025-08-06,157000.0,124800,25.8,-6.57,-7.26
247540,에코프로비엠,2025-08-06,157000.0,124800,25.8,-6.57,-7.26
247540,에코프로비엠,2025-11-05,180000.0,158000,13.92,-0.06,-3.59
247540,에코프로비엠,2025-11-05,180000.0,158000,13.92,-0.06,-3.59
247540,에코프로비엠,2025-11-05,182333.0,158000,15.4,-0.06,-3.59
247540,에코프로비엠,2026-01-14,169000.0,150600,12.22,37.45,19.07
196170,알테오젠,2023-01-03,56000.0,35600,57.3,15.73,3.57
196170,알테오젠,2023-04-26,57667.0,44300,30.17,3.95,3.8
196170,알테오젠,2023-06-19,57000.0,44000,29.55,-6.48,-9.61
196170,알테오젠,2023-07-10,64333.0,39550,62.66,13.65,12.1
196170,알테오젠,2024-05-22,246667.0,185900,32.69,51.16,50.44
196170,알테오젠,2024-07-08,300000.0,262500,14.29,6.29,21.11
196170,알테오젠,2024-11-20,611667.0,346500,76.53,-17.32,-17.86
196170,알테오젠,2024-11-25,730000.0,297000,145.79,-0.34,1.54
196170,알테오젠,2024-11-26,620000.0,305500,102.95,-1.31,1.05
196170,알테오젠,2025-01-15,620000.0,312000,98.72,24.04,16.58
196170,알테오젠,2025-03-18,620000.0,419000,47.97,-12.53,-7.22
196170,알테오젠,2025-03-31,730000.0,371500,96.5,-2.29,-7.35
196170,알테오젠,2025-04-18,730000.0,386500,88.87,-16.3,-16.61
196170,알테오젠,2025-05-27,730000.0,333500,118.89,14.09,6.85
196170,알테오젠,2025-06-04,730000.0,368500,98.1,1.9,-0.69
196170,알테오젠,2025-06-04,633333.0,368500,71.87,1.9,-0.69
196170,알테오젠,2025-06-16,633333.0,397500,59.33,17.99,13.19
196170,알테오젠,2025-07-08,573333.0,423500,35.38,3.78,2.12
196170,알테오젠,2025-09-08,670000.0,476500,40.61,-6.4,-9.21
196170,알테오젠,2025-09-10,670000.0,473000,41.65,-8.67,-12.34
196170,알테오젠,2025-09-22,730000.0,482000,51.45,-1.24,-4.81
196170,알테오젠,2025-09-22,670000.0,482000,39.0,-1.24,-4.81
196170,알테오젠,2025-11-20,640000.0,541000,18.3,-17.19,-23.13
196170,알테오젠,2025-12-08,610000.0,457000,33.48,11.82,10.04
196170,알테오젠,2025-12-15,640000.0,423500,51.12,22.31,18.11
196170,알테오젠,2025-12-29,670000.0,449500,49.05,-4.34,-30.16
196170,알테오젠,2026-01-21,670000.0,370000,81.08,10.27,-9.79
196170,알테오젠,2026-01-21,646667.0,370000,74.77,10.27,-9.79
196170,알테오젠,2026-01-22,596667.0,387500,53.98,3.74,-13.49
196170,알테오젠,2026-02-19,576667.0,402000,43.45,-17.79,-12.84
196170,알테오젠,2026-02-23,576667.0,408000,41.34,-12.13,-11.66
034020,두산에너빌리티,2024-05-03,23000.0,17080,34.66,11.94,13.58
034020,두산에너빌리티,2024-07-09,25333.0,21850,15.94,-22.88,-12.44
034020,두산에너빌리티,2024-07-29,26333.0,18560,41.88,-0.43,1.34
034020,두산에너빌리티,2024-07-29,26333.0,18560,41.88,-0.43,1.34
034020,두산에너빌리티,2024-09-10,25000.0,16370,52.72,29.2,25.38
034020,두산에너빌리티,2024-10-31,24667.0,19980,23.46,5.86,9.26
034020,두산에너빌리티,2025-01-23,29000.0,24700,17.41,9.51,6.17
034020,두산에너빌리티,2025-02-18,37000.0,29850,23.95,-14.57,-13.28
034020,두산에너빌리티,2025-04-07,38333.0,20750,84.74,34.22,23.8
034020,두산에너빌리티,2025-05-02,40000.0,27300,46.52,68.13,58.88
034020,두산에너빌리티,2025-05-02,39333.0,27300,44.08,68.13,58.88
034020,두산에너빌리티,2025-05-02,37333.0,27300,36.75,68.13,58.88
034020,두산에너빌리티,2025-07-28,79333.0,65100,21.86,-3.07,-1.73
034020,두산에너빌리티,2025-07-28,95000.0,65100,45.93,-3.07,-1.73
034020,두산에너빌리티,2025-07-28,88667.0,65100,36.2,-3.07,-1.73
034020,두산에너빌리티,2025-07-28,80667.0,65100,23.91,-3.07,-1.73
034020,두산에너빌리티,2025-07-31,78333.0,61400,27.58,-2.93,-3.69
034020,두산에너빌리티,2025-08-04,84667.0,64800,30.66,-3.7,-3.28
034020,두산에너빌리티,2025-10-10,92667.0,77600,19.42,2.58,-11.06
034020,두산에너빌리티,2025-11-06,108333.0,77900,39.07,3.21,-0.49
034020,두산에너빌리티,2025-11-06,111667.0,77900,43.35,3.21,-0.49
034020,두산에너빌리티,2025-11-06,110667.0,77900,42.06,3.21,-0.49
034020,두산에너빌리티,2025-11-12,102333.0,83100,23.14,-6.98,-5.54
034020,두산에너빌리티,2025-11-13,107333.0,78400,36.9,1.66,-2.22
034020,두산에너빌리티,2025-11-27,105667.0,76400,38.31,0.13,-7.36
034020,두산에너빌리티,2026-01-13,107333.0,89600,19.79,6.58,-6.78
034020,두산에너빌리티,2026-01-16,107333.0,95400,12.51,3.14,-12.61
034020,두산에너빌리티,2026-02-13,129000.0,98400,31.1,11.38,9.55
034020,두산에너빌리티,2026-02-13,135667.0,98400,37.87,11.38,9.55
034020,두산에너빌리티,2026-02-13,124667.0,98400,26.69,11.38,9.55
034020,두산에너빌리티,2026-02-13,111000.0,98400,12.8,11.38,9.55
034020,두산에너빌리티,2026-02-13,124333.0,98400,26.36,11.38,9.55
034020,두산에너빌리티,2026-02-13,134333.0,98400,36.52,11.38,9.55
034020,두산에너빌리티,2026-02-19,133333.0,103500,28.82,-2.71,4.23
034020,두산에너빌리티,2026-02-25,121667.0,103800,17.21,-5.49,8.28
