ticker,name,signal_date,price,signal,confidence,reasons,return_5d,return_20d,excess_return_5d,excess_return_20d
005930,삼성전자,2023-01-02,55500,Sell,78,"[""최근 1개월 수익률이 -11.34%로 단기 추세가 뚜렷하게 약세이며, 향후 20거래일에도 모멘텀 약화가 이어질 가능성이 높습니다."", ""현재 주가는 52주 최고가 대비 10.4% 수준으로 연중 고점권에서 크게 이탈해 있어 반등보다 약세 추세 지속 신호가 우세합니다."", ""거래량 변화율이 -18.94%로 수급이 둔화된 상태이며, PER 9.0과 PBR 1.12는 밸류에이션 부담은 낮지만 단기 주가 상승을 뒷받침할 강한 촉매로 보기 어렵습니다.""]",9.025270758122744,14.620938628158845,3.047392019413236,3.3439631292135115
005930,삼성전자,2023-02-01,61800,Buy,74,"[""최근 1개월 수익률이 11.75%로 단기 상승 모멘텀이 확인되고, 거래량 변화율도 47.34%로 수급 개선이 동반되고 있습니다."", ""현재 주가는 52주 최고가 대비 아직 40.4% 수준에 있어 추가 상승 여지가 남아 있으며, 과열 구간으로 보기는 어렵습니다."", ""PER 10.0과 PBR 1.25는 ROE 12.5% 대비 무난한 수준으로, 20거래일 관점에서 밸류에이션 부담이 크지 않아 상승 쪽에 더 무게가 실립니다.""]",-0.7874015748031495,-4.724409448818897,-1.2993746152101306,-3.233449985418491
005930,삼성전자,2023-03-02,60800,Neutral,61,"[""PER 9.9와 PBR 1.23, ROE 12.5%는 밸류에이션과 수익성 측면에서 과도하게 비싸지 않지만, 이것만으로 향후 20거래일 상승을 강하게 뒷받침하진 않습니다."", ""주가는 52주 최고가 대비 40.4% 위치로 중간 이하 구간에 있어 추세적 반등 여지는 있으나, 최근 1개월 수익률이 -0.33%로 단기 모멘텀은 약합니다."", ""거래량 변화율이 -18.98%로 수급이 둔화된 모습이라 단기 방향성을 확신하기 어렵고, 상승·하락 근거가 균형에 가깝습니다.""]",-1.6528925619834711,5.785123966942149,-0.11181849750341843,3.943482895755877
005930,삼성전자,2023-04-03,63100,Neutral,61,"[""PER 7.8과 PBR 1.24는 밸류에이션 부담이 크지 않고 ROE 15.8%로 수익성은 양호해 중기적으로는 하방을 강하게 시사하지 않습니다."", ""최근 1개월 수익률이 4.30%로 단기 모멘텀은 우호적이지만, 52주 최고가 대비 현재 위치가 60.7%에 불과해 추세가 강하게 상단 돌파 국면이라고 보기는 어렵습니다."", ""거래량 변화율 3.55%는 강한 수급 확증으로 보기엔 제한적이어서, 향후 20거래일 방향성을 Buy 또는 Sell로 단정하기에는 근거가 부족합니다.""]",3.6163522012578615,2.8301886792452833,0.9011847558534929,1.9880231568325588
005930,삼성전자,2023-05-02,65700,Neutral,61,"[""PER 8.2와 ROE 15.8%는 밸류에이션과 수익성 측면에서 무난하지만, PBR 1.29와 시가총액 384.1조원은 추가 상승을 강하게 뒷받침할 만큼 저평가 신호가 뚜렷하지 않습니다."", ""현재 주가는 52주 최고가 68,100원 대비 84.5% 위치로 고점권에 가까워 단기적으로는 상승 여력이 제한될 수 있습니다."", ""최근 1개월 수익률이 2.66%로 완만하고 거래량 변화율이 18.24%로 수급 개선 신호는 있으나, 20거래일 방향성을 단정할 만큼 강한 추세 신호는 아닙니다.""]",-1.834862385321101,10.397553516819572,-1.4190952149365128,6.4013913676231216
005930,삼성전자,2023-06-01,70900,Neutral,66,"[""PER 10.7, PBR 1.38, ROE 12.9%는 밸류에이션과 수익성이 무난해 중립적이지만, 이것만으로 향후 20거래일 상승을 강하게 뒷받침하진 않습니다."", ""현재가 70,900원은 52주 최고가 72,300원 대비 92.9% 수준으로 고점 근처에 있어 추가 상승 여력보다 단기 과열·저항 부담이 존재합니다."", ""최근 1개월 수익률이 8.24%로 이미 상승이 진행된 반면 거래량 변화율이 -8.10%로 수급 확장이 확인되지 않아, 단기 방향성을 확신하기 어렵습니다.""]",-1.662049861495845,1.10803324099723,-2.7380255050053854,1.065363252990969
005930,삼성전자,2023-07-03,73000,Neutral,66,"[""현재가가 52주 최고가 73,000원과 정확히 일치해 단기적으로는 강한 추세가 이미 반영된 상태로 추가 상승 여력이 제한적일 수 있습니다."", ""최근 1개월 수익률이 2.96%로 완만한 상승이었지만 거래량 변화율이 -8.80%로 수급 강도가 약해 상승 지속성을 강하게 뒷받침하지는 않습니다."", ""PER 11.0, PBR 1.42, ROE 12.9%는 무난한 수준이지만, 향후 20거래일 방향을 단정할 만큼 강한 저평가 또는 고성장 신호로 보기는 어렵습니다.""]",-2.054794520547945,-2.6027397260273974,-0.8663519510132514,-5.446981255192835
005930,삼성전자,2023-08-01,71100,Neutral,66,"[""PER 10.7과 ROE 12.9%는 밸류에이션과 수익성 측면에서 무난하지만, 이것만으로 향후 20거래일 내 주가 상승을 강하게 뒷받침하기에는 근거가 제한적입니다."", ""현재가 71,100원은 52주 최고가 73,400원 대비 88.9% 수준으로 고점권에 근접해 있어 추가 상승 여력보다 단기 저항 부담이 존재합니다."", ""최근 1개월 수익률이 -2.60%로 단기 모멘텀이 약한 반면 거래량 변화율 19.54%는 관심 증가 신호이지만 방향성이 명확하지 않아 상승·하락 판단이 균형적입니다.""]",-1.4306151645207439,-4.291845493562231,-0.9968245993699907,-1.9910356237758466
005930,삼성전자,2023-09-01,71000,Neutral,61,"[""현재 주가는 52주 최고가 73,400원 대비 88.5% 수준으로 고점 근처에 있어 추가 상승 여력보다 단기 과열·저항 부담이 존재합니다."", ""최근 1개월 수익률이 1.57%로 상승 탄력이 강하지 않은 반면 거래량 변화율이 -19.74%로 수급 모멘텀이 약화된 모습입니다."", ""PER 13.6, PBR 1.38, ROE 10.2%는 극단적으로 비싸거나 싸지 않은 중립적 수준이라 20거래일 내 뚜렷한 방향성을 강하게 지지하지 않습니다.""]",-0.5617977528089888,-7.303370786516854,0.508794806824219,-0.5006391697944004
005930,삼성전자,2023-10-04,67500,Neutral,61,"[""PER 12.9, PBR 1.31, ROE 10.2%는 밸류에이션과 수익성이 무난하지만, 이것만으로 향후 20거래일 내 주가 상승을 강하게 뒷받침하진 않습니다."", ""현재 주가는 52주 최고가 73,400원 대비 71.6% 수준으로 고점 부담은 크지 않지만, 최근 1개월 수익률이 0.60%에 그쳐 단기 추세의 강한 상승 신호는 약합니다."", ""거래량 변화율 32.09%는 관심 증가를 시사하지만 방향성이 명확하지 않아, 상승·하락 어느 쪽도 우세하다고 단정하기 어렵습니다.""]",1.9490254872563717,4.3478260869565215,-0.23727839026069364,5.814792304297168
005930,삼성전자,2023-11-01,68600,Neutral,61,"[""PER 13.1과 PBR 1.34, ROE 10.2%는 밸류에이션과 수익성이 극단적으로 나쁘지 않아 방향성은 중립적입니다."", ""현재가는 52주 최고가 대비 73.5% 수준으로 고점 부담은 크지 않지만, 최근 1개월 수익률이 0.00%로 단기 추세 모멘텀이 뚜렷하지 않습니다."", ""거래량 변화율 1.45%는 수급 변화가 크지 않음을 시사해 향후 20거래일 내 상승·하락 어느 쪽도 강하게 확신하기 어렵습니다.""]",0.860832137733142,4.447632711621234,-2.7224243749508026,-3.7538251735916477
005930,삼성전자,2023-12-01,72000,Neutral,61,"[""현재가 72,000원은 52주 최고가 73,400원 대비 92.3% 수준으로 고점 부근에 위치해 있어 추가 상승 여력보다 단기 과열·저항 부담이 먼저 보입니다."", ""최근 1개월 수익률이 3.30%로 이미 상승이 진행된 상태인 반면, 거래량 변화율이 -16.55%로 수급 확장이 동반되지 않아 추세 지속 신호가 강하지 않습니다."", ""PER 15.3, PBR 1.38, ROE 9.0%는 극단적으로 저평가되거나 고평가된 수준은 아니어서 20거래일 내 방향성을 강하게 단정할 만한 재무적 우위가 제한적입니다.""]",0.5509641873278237,5.5096418732782375,0.1370394572138926,2.643978540011168
005930,삼성전자,2024-01-02,79600,Neutral,61,"[""주가가 52주 최고가 79,600원에 도달해 52주 내 현재 위치가 100.0%로, 단기적으로는 추가 상승 여력이 제한될 수 있습니다."", ""최근 1개월 수익률이 9.49%로 이미 단기 상승이 진행되었고 거래량 변화율도 11.79%로 높아 추세 지속과 과열 가능성이 동시에 존재합니다."", ""PER 16.9, PBR 1.53, ROE 9.0%는 극단적으로 저평가되거나 고평가된 수준으로 보기 어려워, 향후 20거래일 방향을 강하게 단정할 만한 재무적 우위가 뚜렷하지 않습니다.""]",-4.415584415584416,-5.584415584415584,-1.9099368324431736,-1.3570701594373578
005930,삼성전자,2024-02-01,73600,Neutral,61,"[""현재 주가는 52주 최고가 79,600원 대비 70.9% 수준으로 고점 대비 부담은 크지 않지만, 최근 1개월 수익률이 -4.42%로 단기 모멘텀은 약합니다."", ""거래량 변화율이 25.71%로 수급 관심은 증가했으나, 이것이 상승 추세 전환인지 하락 중 변동성 확대인지 데이터만으로는 단정하기 어렵습니다."", ""PER 15.7, PBR 1.41, ROE 9.0%는 극단적으로 저평가되거나 고평가된 신호가 아니어서 향후 20거래일 방향성을 강하게 지지하지 못합니다.""]",0.0,-3.0585106382978724,-1.312655096336569,-4.059539197053807
005930,삼성전자,2024-03-04,74900,Neutral,61,"[""현재 주가는 52주 최고가 대비 77.2% 수준으로 고점 부담이 완전히 해소되지 않았지만, 52주 최저가 대비로는 상당히 회복된 위치라 단기 방향성이 뚜렷하지 않습니다."", ""최근 1개월 수익률이 0.81%로 거의 정체되어 있어 20거래일 내 강한 상승 모멘텀을 뒷받침하는 근거가 약합니다."", ""거래량 변화율이 -10.20%로 수급 확장 신호가 부족하고, PER 15.9와 PBR 1.44는 극단적으로 저평가된 수준도 아니라서 명확한 Buy 또는 Sell 근거가 부족합니다.""]",-0.5427408412483039,15.332428765264586,-1.766036681815974,11.41607034449008
005930,삼성전자,2024-04-01,82000,Sell,78,"[""현재가 82,000원이 52주 최고가 82,400원의 98.0% 수준으로, 단기적으로 가격이 상단에 매우 근접해 추가 상승 여력이 제한적입니다."", ""최근 1개월 수익률이 11.72%로 이미 강한 단기 상승이 반영되어 있어, 향후 20거래일에는 차익실현 압력이 커질 가능성이 있습니다."", ""PER 38.5와 ROE 4.1% 조합은 수익성 대비 밸류에이션 부담이 큰 편이며, 거래량 변화율 38.21%는 단기 과열 신호로 해석될 수 있습니다.""]",-1.647058823529412,-8.235294117647058,0.09639233804492475,-5.710558904292231
005930,삼성전자,2024-05-02,78000,Sell,74,"[""최근 1개월 수익률이 -4.88%로 단기 추세가 약세이며, 향후 20거래일에도 모멘텀 둔화가 이어질 가능성이 있습니다."", ""거래량 변화율이 -3.63%로 수급이 위축된 상태라 단기 반등의 신뢰도가 높지 않습니다."", ""현재 주가 78,000원은 52주 최고가 85,300원 대비 아직 여유가 있지만, PER 36.6과 ROE 4.1% 조합은 수익성 대비 밸류에이션 부담이 있어 상승 근거가 약합니다.""]",1.0309278350515463,-2.9639175257731956,-0.8587618120046372,-2.4210707370874154
005930,삼성전자,2024-06-03,75700,Neutral,61,"[""최근 1개월 수익률이 -2.32%로 단기 모멘텀이 약하고, 거래량 변화율도 -6.31%로 수급 개선 신호가 뚜렷하지 않습니다."", ""현재 주가는 52주 최고가 85,300원 대비 낮고 52주 내 위치가 50.3%로 중립 구간에 있어 강한 추세 방향성을 확인하기 어렵습니다."", ""PER 26.1과 PBR 1.42는 절대적으로 매우 저평가로 보기 어렵고 ROE 5.4%도 높지 않아, 향후 20거래일 내 뚜렷한 상승 근거가 제한적입니다.""]",1.593625498007968,8.632138114209829,-0.8882497132913887,3.6770274872611672
005930,삼성전자,2024-07-01,81800,Neutral,61,"[""최근 1개월 수익률이 11.29%로 단기 상승 모멘텀은 확인되지만, 52주 최고가 85,300원 대비 현재가 81,800원으로 추가 상승 여력은 크지 않습니다."", ""현재 주가는 52주 내 위치가 81.9%로 고점권에 가까워 추격 매수의 기대수익 대비 부담이 존재합니다."", ""거래량 변화율이 -13.74%로 상승 추세를 뒷받침하는 수급 강도가 약해 향후 20거래일 방향성을 강하게 단정하기 어렵습니다.""]",7.334963325183375,-0.9779951100244498,4.223695587864704,0.556422300416927
005930,삼성전자,2024-08-01,83100,Neutral,61,"[""현재가는 52주 최고가 87,800원 대비 78.4% 수준으로 고점 근처에 위치해 있어 추가 상승 여력보다 단기 부담이 상대적으로 크지만, 아직 추세가 명확히 꺾였다고 볼 수준은 아닙니다."", ""최근 1개월 수익률이 1.59%로 강한 상승 모멘텀은 아니며, 거래량 변화율 9.73%는 관심 증가를 시사하지만 방향성을 단정할 만큼 강하지 않습니다."", ""PER 28.7과 PBR 1.56은 절대적으로 저평가로 보기 어렵고 ROE 5.4%도 수익성 매력이 높지 않아, 향후 20거래일 내 뚜렷한 상승 근거가 제한적입니다.""]",-6.155778894472362,-6.532663316582915,-2.8764900547412435,-6.712396444649306
005930,삼성전자,2024-09-02,74400,Sell,78,"[""최근 1개월 수익률이 -10.47%로 단기 추세가 뚜렷하게 약세이며, 향후 20거래일에도 모멘텀 약화가 이어질 가능성이 높습니다."", ""거래량 변화율이 -7.31%로 수급이 둔화된 상태라 반등 탄력이 강하게 붙기 어려운 환경입니다."", ""현재 주가는 52주 최고가 대비 낮고(52주 내 현재 위치 38.5%), PER 18.2와 ROE 7.4%를 감안하면 단기적으로는 밸류에이션 대비 성장 모멘텀이 강하다고 보기 어렵습니다.""]",-8.689655172413794,-16.82758620689655,-3.390608025155065,-14.190447091897472
005930,삼성전자,2024-10-02,61300,Sell,82,"[""현재가가 52주 최저가(61,300원)와 동일해 52주 내 위치가 0.0%로, 기술적으로 매우 약한 구간에 있습니다."", ""최근 1개월 수익률이 -19.76%로 단기 추세가 뚜렷하게 하락하고 있어 향후 20거래일 내 추가 약세 가능성을 높입니다."", ""거래량 변화율이 45.60%로 급증했는데도 주가가 52주 최저 수준에 머물러 있어, 매도 압력이 우세한 흐름으로 해석됩니다.""]",0.33003300330033003,-3.1353135313531353,-1.7550271785878957,-3.884814447798951
005930,삼성전자,2024-11-01,58300,Sell,74,"[""현재가 58,300원은 52주 최고가 87,800원 대비 크게 낮고 52주 내 현재 위치가 7.5%에 불과해 중기 추세가 약한 편입니다."", ""최근 1개월 수익률이 -5.20%로 단기 모멘텀이 부정적이며, 거래량 변화율도 -5.98%로 수급 개선 신호가 약합니다."", ""PER 14.2, PBR 1.06, ROE 7.4%는 극단적으로 저평가되거나 강한 성장 기대를 뒷받침하는 수준은 아니어서, 향후 20거래일 내 반등 근거보다 약세 지속 가능성이 더 큽니다.""]",-6.303236797274275,-8.68824531516184,-4.089615163960643,-3.4935153646409844
005930,삼성전자,2024-12-02,53600,Neutral,66,"[""PER 11.3, PBR 0.97, ROE 8.6%는 밸류에이션과 수익성 측면에서 극단적으로 나쁘지 않아 20거래일 내 급락을 단정할 근거는 약합니다."", ""최근 1개월 수익률이 -8.06%로 단기 모멘텀은 약세이며, 현재가가 52주 최고가 대비 크게 낮아 추세 반전 신호가 아직 강하지 않습니다."", ""52주 내 현재 위치가 9.8%로 저점권에 가깝고 거래량 변화율이 9.54%로 수급 변화 가능성은 있으나, 상승·하락 어느 쪽도 우세하다고 보기엔 근거가 부족합니다.""]",0.7462686567164178,1.4925373134328357,4.036537045980838,3.8196442291562
005930,삼성전자,2025-01-02,53400,Neutral,61,"[""PER 11.3, PBR 0.96, ROE 8.5%는 밸류에이션과 수익성이 극단적으로 나쁘지 않아 하방을 강하게 단정하기 어렵습니다."", ""현재 주가는 52주 최저가 49,900원에 매우 가까운 52주 내 위치 9.2%로 기술적으로는 저점권에 있으나, 이것만으로 20거래일 상승을 확신하기는 어렵습니다."", ""최근 1개월 수익률 -1.48%와 거래량 변화율 -32.84%는 단기 모멘텀과 수급이 약함을 시사하지만, 하락 추세가 강하게 가속된 수준으로 보이진 않아 방향성이 불명확합니다.""]",1.6544117647058825,-0.7352941176470588,-1.3702573481233717,-4.618713721892895
005930,삼성전자,2025-02-03,51000,Sell,78,"[""현재가 51,000원이 52주 최저가 49,900원에 매우 근접해 있고 52주 내 현재 위치가 2.9%로 바닥권에 있어 단기 추세가 약합니다."", ""최근 1개월 수익률이 -4.85%로 음수이며 거래량 변화율도 -2.86%로 감소해 단기 수급과 모멘텀이 약한 편입니다."", ""PER 10.8과 PBR 0.92, ROE 8.5%는 극단적으로 저평가되거나 강한 상승 촉매를 보여주지 못해 향후 20거래일 내 반등 근거가 충분하지 않습니다.""]",5.692599620493358,2.4667931688804554,3.3812714529945924,-0.613365916259109
005930,삼성전자,2025-03-04,54500,Neutral,61,"[""PER 11.5와 PBR 0.98은 밸류에이션 부담이 크지 않아 하방을 강하게 지지하지도, 즉각적인 상승 모멘텀을 강하게 보장하지도 않습니다."", ""ROE 8.5%는 수익성은 양호하지만 매우 강한 수준은 아니어서 향후 20거래일 내 주가를 뚜렷하게 끌어올릴 근거로는 제한적입니다."", ""주가는 52주 최고가 대비 12.1% 위치로 저점권에 가깝고 최근 1개월 수익률 4.01% 및 거래량 변화율 5.92%는 단기 반등 신호를 시사하지만, 상승 추세가 강하다고 단정하기에는 근거가 부족합니다.""]",1.6666666666666667,8.88888888888889,1.0142369621559477,10.932178322967689
005930,삼성전자,2025-04-01,58800,Neutral,61,"[""PER 11.9배와 PBR 1.02배는 밸류에이션 부담이 크지 않지만, ROE 8.6%로 수익성 개선이 강하게 확인되지는 않아 상승 근거가 제한적입니다."", ""현재 주가는 52주 최고가 대비 23.5% 수준으로 고점 대비 여전히 낮지만, 최근 1개월 수익률이 7.89%로 이미 단기 반등이 진행되어 추가 상승 여력은 불확실합니다."", ""거래량 변화율이 0.02%로 거의 변동이 없어 추세 강화 신호가 약하므로, 향후 20거래일 방향성을 확신하기 어렵습니다.""]",-9.863945578231291,-5.612244897959184,-1.3973911817366638,-7.637497705378593
005930,삼성전자,2025-05-02,54300,Sell,78,"[""최근 1개월 수익률이 -7.65%로 단기 추세가 하락 방향이며, 향후 20거래일에도 약세 흐름이 이어질 가능성을 시사합니다."", ""거래량 변화율이 -28.84%로 수급이 둔화되고 있어 반등 탄력이 약한 상태로 해석됩니다."", ""현재가가 52주 최고가 대비 크게 낮고 52주 내 위치가 11.6%에 불과해, 기술적으로도 아직 강한 추세 전환 신호가 확인되지 않습니다.""]",5.128205128205128,8.241758241758241,2.5339864631961926,-1.0149827637588924
005930,삼성전자,2025-06-02,56800,Neutral,61,"[""PER 11.0과 PBR 0.97은 밸류에이션 부담이 크지 않지만, 이것만으로 향후 20거래일 상승을 강하게 뒷받침하기에는 부족합니다."", ""현재 주가는 52주 최고가 대비 18.2% 수준으로 고점 대비 크게 낮아 반등 여지는 있으나, 최근 1개월 수익률이 1.79%에 그쳐 단기 모멘텀이 강하다고 보기 어렵습니다."", ""거래량 변화율이 -4.79%로 수급 확장이 확인되지 않고, ROE 8.8%도 양호하나 단기 방향성을 결정할 만큼 강한 신호는 아닙니다.""]",2.941176470588235,10.380622837370241,-2.443111326614059,-2.085993784304046
005930,삼성전자,2025-07-01,60200,Buy,67,"[""PER 11.7배와 PBR 1.03배는 절대적으로 과열된 밸류에이션으로 보이지 않아 20거래일 내 추가 하락 압력이 크다고 단정하기 어렵습니다."", ""최근 1개월 수익률이 7.31%로 단기 모멘텀이 양호하고 거래량 변화율도 35.36%로 증가해 수급 개선 신호가 확인됩니다."", ""52주 최고가 대비 현재 위치가 27.2%에 불과해 중장기 고점 대비 여전히 낮은 구간이며, 단기 반등 여지가 남아 있습니다.""]",-0.6578947368421052,19.407894736842106,-2.566150185516272,13.573537033252588
005930,삼성전자,2025-08-01,68900,Neutral,61,"[""최근 1개월 수익률이 7.99%로 단기 모멘텀은 양호하지만, 52주 최고가 대비 현재 위치가 51.4%에 불과해 추세가 강한 상승 국면이라고 보기는 어렵습니다."", ""거래량 변화율이 9.72%로 수급 개선 신호는 있으나, 향후 20거래일 상승을 단정할 만큼 강한 기술적 돌파 근거는 제공되지 않았습니다."", ""PER 13.3, PBR 1.18, ROE 8.8%는 극단적으로 저평가되거나 고평가된 수준은 아니어서, 제공된 데이터만으로는 명확한 상승 또는 하락 우위를 확정하기 어렵습니다.""]",1.8651362984218076,-0.860832137733142,-0.009853773852038339,-1.642342740544671
005930,삼성전자,2025-09-01,67600,Neutral,61,"[""최근 1개월 수익률이 -5.32%로 단기 모멘텀이 약해 향후 20거래일 상승을 강하게 기대하기 어렵습니다."", ""거래량 변화율이 -37.16%로 수급이 둔화된 모습이라 단기 추세 반전의 신뢰도가 높지 않습니다."", ""현재 주가는 52주 최고가 대비 중간 수준(52주 내 현재 위치 58.4%)이고 PER 15.1, PBR 1.18은 극단적 저평가나 고평가로 보기 어려워 방향성을 단정하기 어렵습니다.""]",3.4732272069464547,21.41823444283647,0.708715094474619,13.466715852516991
005930,삼성전자,2025-10-01,86000,Sell,78,"[""현재가 86,000원이 52주 최고가 86,100원 대비 99.7% 수준으로, 단기적으로 가격이 상단에 거의 도달해 추가 상승 여력이 제한적으로 보입니다."", ""최근 1개월 수익률이 24.46%로 이미 강한 상승이 진행되었고, 거래량 변화율 51.93%도 단기 과열 및 차익실현 가능성을 높이는 신호로 해석됩니다."", ""PER 19.2와 PBR 1.50은 ROE 7.8% 대비 밸류에이션 부담이 완전히 낮다고 보기 어렵고, 향후 20거래일 기준으로는 상승 근거보다 조정 가능성이 더 우세합니다.""]",9.775280898876403,11.46067415730337,4.163891322040999,-1.985698415748093
005930,삼성전자,2025-11-03,111100,Sell,78,"[""현재가가 52주 최고가 111,100원과 정확히 일치해 52주 내 위치가 100.0%로, 단기적으로는 상승 여력이 제한되고 차익실현 압력이 커질 수 있습니다."", ""최근 1개월 수익률이 33.37%로 매우 가파른 상승을 보였고 거래량 변화율도 39.20%로 급증해, 향후 20거래일 관점에서는 과열 이후 되돌림 가능성을 경계해야 합니다."", ""PER 24.8과 PBR 1.94는 ROE 7.8% 대비 밸류에이션 부담이 완전히 낮다고 보기 어렵고, 현재 시가총액 649.5조원 규모를 감안하면 추가 상승을 정당화할 강한 근거가 부족합니다.""]",-1.334604385128694,-1.4299332697807436,-0.962188851883039,1.6466800051953574
005930,삼성전자,2025-12-01,100800,Sell,74,"[""최근 1개월 수익률이 -6.23%로 단기 추세가 하락 방향이며, 향후 20거래일에도 약세 흐름이 이어질 가능성을 시사합니다."", ""거래량 변화율이 -14.56%로 감소해 반등을 뒷받침할 수급 강도가 약한 상태입니다."", ""현재 주가는 52주 최고가 대비 아직 높은 위치(52주 내 현재 위치 82.9%)에 있지만, PER 20.8과 PBR 1.70 대비 ROE 8.2%는 단기적으로 강한 상승 근거를 제공하지 못합니다.""]",4.835589941972921,24.274661508704064,1.1153745689876535,16.397176796831758
000660,SK하이닉스,2023-01-02,75700,Neutral,74,"[""현재가 75,700원은 52주 최저가 75,000원 대비 1.2% 상단에 불과해 단기적으로는 과매도 구간에 근접했지만, 추가 하락 여지도 남아 있어 방향성이 단정적이지 않습니다."", ""최근 1개월 수익률이 -10.63%로 약세 추세가 확인되며, 거래량 변화율도 -17.96%로 수급 동력이 약해 단기 반등 신호가 강하지 않습니다."", ""PER 5.6, PBR 0.80, ROE 14.3%는 밸류에이션과 수익성 측면에서 부담이 크지 않지만, 이는 중장기 매력에 가깝고 향후 20거래일 주가 방향을 강하게 보장하지는 않습니다.""]",14.417989417989418,23.544973544973544,8.44011067927991,12.267998046028211
000660,SK하이닉스,2023-02-01,91400,Buy,74,"[""PER 6.8과 PBR 0.97은 밸류에이션 부담이 낮은 편이고 ROE 14.3%로 수익성도 양호해 20거래일 관점에서 하방보다 상방 여지가 있습니다."", ""최근 1개월 수익률이 21.87%로 강한 모멘텀이 확인되며, 거래량 변화율 31.44%도 수급 개선이 동반된 상승 흐름을 시사합니다."", ""52주 최고가 대비 현재 위치가 28.3%로 고점 대비 여전히 낮아 추가 회복 여지가 남아 있어 단기적으로 상승 방향에 더 무게를 둘 수 있습니다.""]",1.070663811563169,-6.5310492505353315,0.558690771156188,-5.040089787134925
000660,SK하이닉스,2023-03-02,88100,Neutral,61,"[""PER 6.5와 PBR 0.93은 밸류에이션 부담이 크지 않아 하방을 강하게 단정하기 어렵습니다."", ""ROE 14.2%는 수익성은 양호하지만, 최근 1개월 수익률 -0.45%와 거래량 변화율 -15.46%는 단기 모멘텀이 약함을 시사합니다."", ""현재 주가는 52주 최고가 대비 24.3% 수준으로 고점 대비 여유가 있으나, 최근 가격·거래량 흐름만으로는 향후 20거래일 방향성을 확신하기 어렵습니다.""]",-4.581901489117984,1.4891179839633446,-3.040827424637931,-0.35252308722292724
000660,SK하이닉스,2023-04-03,87200,Neutral,61,"[""현재 주가는 52주 최고가 대비 26.5% 수준으로 고점 대비 크게 낮아 추가 반등 여지는 있으나, 52주 최저가 75,000원과의 거리도 크지 않아 방향성이 강하게 우상향이라고 보기 어렵습니다."", ""최근 1개월 수익률이 -0.11%로 사실상 횡보에 가깝고, 단기 추세상 뚜렷한 상승 모멘텀이나 하락 추세가 모두 강하지 않습니다."", ""거래량 변화율이 42.23%로 수급 변화는 감지되지만, PER 26.9와 ROE 3.7% 조합만으로는 향후 20거래일 내 주가 방향을 단정할 만큼 강한 근거가 부족합니다.""]",8.63905325443787,6.272189349112427,5.923885809033502,5.430023826699703
000660,SK하이닉스,2023-05-02,90200,Neutral,61,"[""현재 주가는 52주 최고가 대비 39.5% 수준으로 고점 대비 부담은 낮지만, 52주 최저가 대비로는 이미 상당 부분 회복된 위치라 단기 방향성이 뚜렷하지 않습니다."", ""최근 1개월 수익률이 1.81%로 상승 탄력이 강하지 않고, 거래량 변화율 31.25%는 관심 증가를 시사하지만 추세 전환을 단정할 만큼 강한 가격 신호는 아닙니다."", ""PER 27.8과 ROE 3.7% 조합은 수익성 대비 밸류에이션이 가볍다고 보기 어렵고, PBR 1.04는 중립적 수준이라 향후 20거래일 상승·하락 어느 쪽도 강하게 지지하지 않습니다.""]",-3.8975501113585747,22.828507795100222,-3.481782940973986,18.83234564590377
000660,SK하이닉스,2023-06-01,110300,Neutral,66,"[""주가가 52주 최고가 110,300원에 도달해 52주 내 현재 위치가 100.0%로, 단기적으로는 상승 여력이 제한될 수 있습니다."", ""최근 1개월 수익률이 23.24%로 이미 강한 상승이 반영되어 있어 향후 20거래일 추가 상승의 기대와 되돌림 위험이 공존합니다."", ""거래량 변화율이 -4.20%로 상승 추세를 뒷받침하는 수급 확장이 확인되지 않아 방향성을 강하게 단정하기 어렵습니다.""]",4.0797824116047146,6.618313689936536,3.003806768095174,6.575643701930275
000660,SK하이닉스,2023-07-03,117600,Sell,67,"[""현재가 117,600원이 52주 최고가 119,500원의 95.7% 수준으로 고점 부근에 위치해 있어 단기 추가 상승 여력이 제한적으로 보입니다."", ""최근 1개월 수익률이 6.62%로 이미 단기 상승이 진행된 상태이며, 추격 매수보다 차익실현 압력이 우세할 가능성이 있습니다."", ""거래량 변화율이 -13.43%로 상승 추세를 뒷받침하는 수급 강도가 약해 보여 향후 20거래일 내 상승 지속 근거가 충분하지 않습니다.""]",-3.816793893129771,6.106870229007633,-2.6283513235950773,3.262628699842195
000660,SK하이닉스,2023-08-01,125100,Neutral,66,"[""현재가 125,100원은 52주 최고가 128,000원의 94.5% 수준으로 단기적으로는 고점 부근에 위치해 추가 상승 여력이 제한적으로 보입니다."", ""최근 1개월 수익률이 6.38%로 이미 단기 상승이 진행된 상태라 20거래일 내 추가 상승과 조정 가능성이 함께 존재합니다."", ""거래량 변화율이 2.39%로 크지 않아 강한 추세 확장 신호가 부족하고, PER이 해당없음(적자)이라 이익 기반의 방향성 판단도 어렵습니다.""]",-0.8368200836820083,1.9246861924686192,-0.4030295185312552,4.225496062255004
000660,SK하이닉스,2023-09-01,120000,Neutral,58,"[""현재가 120,000원은 52주 최고가 128,000원 대비 약 6.3% 낮아 단기 추가 상승 여력은 있으나, 52주 내 현재 위치가 84.9%로 이미 상단 구간에 있어 추격 매수 근거는 강하지 않습니다."", ""최근 1개월 수익률이 0.42%로 사실상 횡보 수준이며, 거래량 변화율이 -20.07%로 수급 모멘텀이 약해 향후 20거래일 방향성을 강하게 지지하지 않습니다."", ""PER은 적자로 산출 불가하고 ROE도 N/A로 수익성 판단이 제한되며, PBR 1.52와 시가총액 85.5조원만으로는 단기 주가 상승 또는 하락을 명확히 단정하기 어렵습니다.""]",-2.7684563758389262,1.006711409395973,-1.6978638162057185,7.8094430261184264
000660,SK하이닉스,2023-10-04,115400,Neutral,61,"[""현재 주가는 52주 최고가 대비 76.2% 수준으로 고점 대비 조정은 있었지만, 아직 52주 범위의 상단 구간에 있어 추가 방향성을 단정하기 어렵습니다."", ""최근 1개월 수익률이 -3.35%로 단기 모멘텀이 약하고 거래량 변화율도 -3.60%로 수급 개선 신호가 뚜렷하지 않습니다."", ""PER은 적자로 산출 불가하고 ROE도 N/A로 수익성 판단이 제한되며, PBR 1.46만으로는 향후 20거래일 주가 방향을 강하게 지지할 근거가 부족합니다.""]",3.743760399334443,4.658901830282862,1.5574565218173775,6.125868047623508
000660,SK하이닉스,2023-11-01,120300,Neutral,61,"[""현재 주가는 52주 최고가 130,000원 대비 82.4% 수준으로 고점권에 근접해 있어 추가 상승 여력은 제한적으로 보입니다."", ""최근 1개월 수익률이 4.61%로 단기 모멘텀은 양호하지만, 향후 20거래일 상승을 강하게 뒷받침할 만큼 압도적이지는 않습니다."", ""거래량 변화율이 39.30%로 수급 개선 신호는 있으나, PER이 해당없음(적자)이고 ROE도 N/A로 표시되어 재무 기반의 방향성 판단이 어렵습니다.""]",2.154828411811652,6.863527533918595,-1.4284281008722925,-1.337930351294287
000660,SK하이닉스,2023-12-01,132600,Sell,72,"[""현재가 132,600원은 52주 최고가 134,100원의 97.5% 수준으로, 단기적으로 고점 부근에 위치해 추가 상승 여력이 제한적으로 보입니다."", ""최근 1개월 수익률이 5.83%로 이미 단기 상승이 진행된 상태인 반면, 거래량 변화율이 -26.28%로 수급 강도가 약해 상승 추세의 지속성을 뒷받침하기 어렵습니다."", ""PER은 적자로 산출 불가하고 ROE도 N/A로 수익성 확인이 어려우며, PBR 1.75는 고점권 주가를 정당화할 만큼 강한 저평가 신호로 보기 어렵습니다.""]",-1.6781083142639208,4.0427154843630815,-2.092033044377852,1.177052151096012
000660,SK하이닉스,2024-01-02,142400,Neutral,61,"[""주가는 52주 최고가 142,400원에 도달해 52주 내 현재 위치가 100.0%로, 단기적으로는 추가 상승 여력이 제한될 수 있습니다."", ""최근 1개월 수익률이 9.20%로 이미 단기 상승이 진행되었고, 거래량 변화율 12.04%는 추세 지속 가능성을 시사하지만 과열 여부를 단정할 만큼 강하지는 않습니다."", ""PER은 적자로 산출 불가하고 ROE도 N/A로 수익성 판단이 제한되어, 향후 20거래일 방향을 강하게 Buy 또는 Sell로 단정할 근거가 부족합니다.""]",-2.4122807017543857,-1.5350877192982455,0.09336688138685645,2.692257705679981
000660,SK하이닉스,2024-02-01,132700,Neutral,58,"[""현재 주가는 52주 최고가 142,600원 대비 84.4% 수준으로 고점권에 근접해 있어 추가 상승 여력이 제한적으로 보입니다."", ""최근 1개월 수익률이 -3.00%이고 거래량 변화율도 -2.06%로, 단기 모멘텀과 수급이 동시에 약화된 모습입니다."", ""PBR 1.75는 극단적으로 저평가된 수준은 아니며, PER은 적자라 수익성 기반의 강한 상승 근거를 제공하지 못합니다.""]",11.193476649369902,20.756115641215718,9.880821553033334,19.755087082459784
000660,SK하이닉스,2024-03-04,166500,Neutral,66,"[""현재가가 52주 최고가와 동일해 52주 내 위치가 100.0%로, 단기적으로는 이미 강한 상승이 상당 부분 반영된 상태로 보입니다."", ""최근 1개월 수익률이 21.62%로 급등했고 거래량 변화율도 46.11%로 높아 추세는 강하지만, 이런 구간은 추가 상승 여력보다 단기 과열·되돌림 위험도 함께 커집니다."", ""PER은 적자로 산출 불가하고 ROE도 N/A라서 밸류에이션과 수익성 측면의 추가 상승 근거가 제한적이며, PBR 2.20만으로는 20거래일 방향성을 강하게 단정하기 어렵습니다.""]",-0.060313630880579006,12.364294330518698,-1.283609471448249,8.447935909744192
000660,SK하이닉스,2024-04-01,185500,Neutral,61,"[""주가가 52주 최고가(185,500원)와 동일해 단기 모멘텀은 매우 강하지만, 이미 고점권에 위치해 추가 상승 여력은 데이터상 제한적으로 보입니다."", ""최근 1개월 수익률이 18.76%로 강한 상승 추세를 보이지만, 거래량 변화율이 -4.76%로 상승 추세의 확산 강도는 다소 약해졌습니다."", ""PER은 적자로 산출 불가하고 ROE도 N/A로 수익성 판단 근거가 부족해, 향후 20거래일 방향을 단정하기에는 재무지표의 지지력이 약합니다.""]",-1.8250134192163179,-6.816961889425658,-0.08156225764198122,-4.292226676070831
000660,SK하이닉스,2024-05-02,173600,Neutral,61,"[""현재 주가는 52주 최고가 188,400원 대비 85.6% 수준으로 고점권에 근접해 있어 추가 상승 여력이 제한적일 수 있습니다."", ""최근 1개월 수익률이 -6.42%로 단기 모멘텀이 약하며, 거래량 변화율도 -0.70%로 수급 개선 신호가 뚜렷하지 않습니다."", ""PER은 적자로 산출 불가하고 ROE도 N/A로 수익성 판단이 제한되어, 향후 20거래일 방향성을 강하게 단정하기 어렵습니다.""]",6.1200923787528865,11.605080831408776,4.230402731696703,12.147927620094556
000660,SK하이닉스,2024-06-03,194200,Neutral,61,"[""주가가 52주 최고가 202,500원 대비 92.1% 수준으로 고점 근처에 있어 추가 상승 여력보다 단기 과열 부담이 먼저 보입니다."", ""최근 1개월 수익률이 11.48%로 이미 강한 상승이 반영된 상태라 20거래일 내 추가 상승을 단정하기 어렵습니다."", ""거래량 변화율이 -20.43%로 상승 추세를 뒷받침하는 수급 확장이 확인되지 않아 방향성을 강하게 확신하기 어렵습니다.""]",11.226073460941542,22.090015519917227,8.744198249642185,17.134904892968564
000660,SK하이닉스,2024-07-01,235500,Sell,74,"[""현재가 235,500원이 52주 최고가 237,500원의 98.4% 수준으로, 단기적으로 가격이 고점권에 매우 근접해 추가 상승 여력이 제한적으로 보입니다."", ""최근 1개월 수익률이 20.34%로 이미 강한 상승이 진행되어 있어, 향후 20거래일 동안은 차익실현 압력이 커질 가능성이 있습니다."", ""거래량 변화율이 0.60%로 크지 않아 고점 돌파를 뒷받침하는 추가 수급 확증이 약하며, PBR 3.09는 현재 주가가 자산가치 대비 낮지 않음을 시사합니다.""]",2.8017241379310347,-18.57758620689655,-0.30954359938763565,-17.043168796455173
000660,SK하이닉스,2024-08-01,193300,Sell,78,"[""최근 1개월 수익률이 -18.09%로 단기 추세가 뚜렷하게 약세이며, 향후 20거래일에도 반등보다 추가 조정 가능성이 더 높습니다."", ""현재 주가는 52주 최고가 대비 상당히 낮은 수준(52주 내 현재 위치 62.7%)으로, 강한 추세 회복 신호가 확인되지 않은 상태입니다."", ""거래량 변화율이 49.75%로 급증했지만 가격은 하락 중이어서, 매도 압력 확대 또는 변동성 확대 국면으로 해석하는 것이 더 타당합니다.""]",-0.9815242494226328,0.4618937644341801,2.2977645903084856,0.28216063636778926
000660,SK하이닉스,2024-09-02,174000,Sell,74,"[""최근 1개월 수익률이 -9.98%로 단기 모멘텀이 약해 향후 20거래일에도 약세 흐름이 이어질 가능성이 있습니다."", ""현재 주가는 52주 최고가 241,000원 대비 크게 낮아 고점 대비 회복력이 부족한 상태이며, 52주 내 위치도 47.4%로 추세 우위가 뚜렷하지 않습니다."", ""PER 48.0과 PBR 2.12는 현재 ROE 4.4% 대비 밸류에이션 부담이 큰 편이라 단기적으로 주가 상승 근거보다 조정 압력이 더 강합니다.""]",-7.605466428995841,5.763517528223411,-2.3064192817371127,8.40065664322249
000660,SK하이닉스,2024-10-02,169100,Neutral,61,"[""최근 1개월 수익률이 -5.69%로 단기 모멘텀이 약하고, 거래량 변화율도 -8.28%로 수급 개선 신호가 뚜렷하지 않습니다."", ""현재 주가는 52주 최고가 대비 43.1% 수준으로 고점 대비 부담은 줄었지만, 52주 최저가 대비로는 아직 충분한 추세 반전 근거가 확인되지 않습니다."", ""PER 46.6과 PBR 2.06은 밸류에이션 부담이 있는 편인데 ROE 4.4%는 이를 강하게 정당화하지 못해 향후 20거래일 방향성을 확신하기 어렵습니다.""]",7.696726019529006,11.430212521539346,5.61166583764078,10.680711605093531
000660,SK하이닉스,2024-11-01,182200,Neutral,61,"[""최근 1개월 수익률이 4.35%로 단기 모멘텀은 플러스이지만, 거래량 변화율이 -27.49%로 상승 추세의 신뢰도는 높지 않습니다."", ""현재 주가는 52주 최고가 대비 중간 수준인 52.9% 위치에 있어 과열도 아니고 강한 저평가 신호도 뚜렷하지 않습니다."", ""PER 50.3과 PBR 2.22는 밸류에이션 부담이 있는 편이지만 ROE 4.4%가 낮아 고평가를 정당화할 만큼의 수익성도 부족해 방향성을 단정하기 어렵습니다.""]",-0.7216494845360825,-18.144329896907216,1.49197214877755,-12.94959994638636
000660,SK하이닉스,2024-12-02,158800,Neutral,62,"[""PER 10.5와 ROE 16.9%는 밸류에이션과 수익성 측면에서 과도하게 비싸다고 보긴 어렵지만, 이것만으로 향후 20거래일 상승을 강하게 뒷받침하진 않습니다."", ""현재 주가는 52주 최고가 대비 28.8% 수준으로 고점 대비 크게 낮지만, 최근 1개월 수익률이 -12.84%로 약세 추세가 이미 진행 중입니다."", ""거래량 변화율이 -8.26%로 수급 동력이 약해 보이며, 기술적으로 반등과 추가 하락 중 어느 쪽도 우세하다고 단정하기 어렵습니다.""]",3.3353547604608855,10.309278350515463,6.625623149725306,12.636385266238827
000660,SK하이닉스,2025-01-02,171200,Neutral,61,"[""PER 11.3배와 ROE 16.9%는 밸류에이션과 수익성 측면에서 무난하지만, PBR 1.91배와 시가총액 122.0조원은 이미 상당 부분의 기대가 반영된 수준으로 추가 상승 여력이 제한적일 수 있습니다."", ""현재 주가는 52주 최고가 대비 36.5% 위치에 있어 고점 부담은 낮지만, 최근 1개월 수익률이 7.07%로 단기 반등이 이미 진행된 상태입니다."", ""거래량 변화율이 -10.81%로 수급 동력이 약해 보이며, 상승 추세를 강하게 뒷받침할 추가 근거가 부족해 20거래일 방향성을 확신하기 어렵습니다.""]",11.874656404617923,11.874656404617923,8.849987291788668,7.991236800372087
000660,SK하이닉스,2025-02-03,190900,Buy,74,"[""최근 1개월 수익률이 12.23%로 단기 모멘텀이 양호하고, 거래량 변화율도 38.34%로 상승 추세에 힘이 실린 모습입니다."", ""현재 주가는 52주 최고가 대비 아직 여유가 있고(52주 내 현재 위치 54.5%), 추가 상승 여지가 남아 있는 구간으로 해석됩니다."", ""PER 12.6과 ROE 16.9%는 수익성 대비 밸류에이션이 과도하게 비싸지 않음을 시사해, 20거래일 관점에서 하방보다 상방 기대가 우세합니다.""]",4.500261643118786,1.0465724751439036,2.18893347562002,-2.0335866099956608
000660,SK하이닉스,2025-03-04,186100,Neutral,61,"[""PER 12.3과 ROE 16.8%는 수익성 대비 밸류에이션이 과도하게 비싸 보이지 않아 중립적이지만, 이것만으로 20거래일 내 상승을 강하게 뒷받침하진 않습니다."", ""최근 1개월 수익률이 -6.58%로 단기 모멘텀이 약하고, 거래량 변화율도 -31.91%로 수급 개선 신호가 부족합니다."", ""현재 주가는 52주 최고가 대비 낮고 52주 내 위치가 41.7%로 중간 이하 구간에 있어 방향성은 있으나, 반등과 추가 하락 근거가 혼재해 확신하기 어렵습니다.""]",3.003625064733299,2.4857586742620406,2.3511953602225804,4.52904810834084
000660,SK하이닉스,2025-04-01,197000,Neutral,61,"[""PER 6.9와 ROE 28.3%는 밸류에이션과 수익성 측면에서 우호적이지만, 이는 이미 상당 부분 주가에 반영됐을 가능성을 배제할 수 없습니다."", ""현재 주가는 52주 최고가 대비 낮고 52주 내 위치가 50.1%로 중립권에 있어, 향후 20거래일 내 강한 추세 방향성을 단정하기 어렵습니다."", ""최근 1개월 수익률이 3.58%로 완만한 상승이었으나 거래량 변화율이 -12.14%로 수급 강도가 약해 보여 추가 상승 확신이 제한됩니다.""]",-16.624557857503792,-10.308236483072259,-8.158003461009164,-12.333489290491666
000660,SK하이닉스,2025-05-02,186000,Neutral,61,"[""PER 6.5와 ROE 28.3%는 밸류에이션과 수익성 측면에서 우호적이지만, 이것만으로 향후 20거래일 주가 상승을 단정하기에는 부족합니다."", ""현재 주가는 52주 최고가 대비 37.6% 수준으로 고점 대비 여전히 낮지만, 최근 1개월 수익률이 -6.01%로 단기 모멘텀은 약합니다."", ""거래량 변화율이 27.74%로 수급 관심은 증가했으나, 방향성이 상승인지 하락인지 데이터만으로는 명확하지 않아 적극적 매수·매도 판단이 어렵습니다.""]",7.966457023060797,17.662473794549268,5.372238358051861,8.405732789032134
000660,SK하이닉스,2025-06-02,207500,Neutral,66,"[""PER 5.5와 ROE 33.8%는 밸류에이션과 수익성 측면에서 우호적이지만, 이것만으로 향후 20거래일 주가 상승을 단정하기에는 근거가 제한적입니다."", ""최근 1개월 수익률이 14.77%로 단기 상승 모멘텀은 존재하지만, 거래량 변화율이 -28.67%로 상승 추세의 지속성을 뒷받침하는 수급 강도는 약합니다."", ""현재 주가는 52주 최고가 대비 62.0% 수준으로 고점 부담은 크지 않지만, 이미 단기 반등이 진행된 상태라 상승과 조정 가능성이 균형을 이루어 방향성을 확신하기 어렵습니다.""]",8.275862068965518,28.045977011494255,2.891574271763224,15.579360389819968
000660,SK하이닉스,2025-07-01,285500,Neutral,67,"[""PER 7.6과 ROE 33.7%는 수익성 대비 밸류에이션이 과도하게 비싸지 않음을 시사하지만, PBR 2.55와 시가총액 203.5조원은 추가 상승 여력이 제한될 수 있음을 보여줍니다."", ""현재 주가는 52주 최고가 293,000원 대비 94.7% 수준으로 고점권에 근접해 있어 단기적으로 추격 매수의 기대수익이 크지 않습니다."", ""최근 1개월 수익률이 34.67%로 매우 강하고 거래량도 50.28% 증가했지만, 이미 단기 급등이 진행된 상태라 향후 20거래일 방향성을 확신하기 어렵습니다.""]",0.7168458781362007,-5.555555555555555,-1.1914095705379664,-11.389913259145075
000660,SK하이닉스,2025-08-01,258000,Neutral,61,"[""PER 6.8과 ROE 33.8%는 수익성 대비 밸류에이션이 과도하게 비싸 보이지 않아 중립 이상 요인이지만, 이것만으로 20거래일 내 상승을 단정하기는 어렵습니다."", ""최근 1개월 수익률이 -7.36%로 단기 모멘텀이 약하고 거래량 변화율도 -16.35%로 수급이 둔화되어 있어 단기 반등 신호가 강하지 않습니다."", ""현재 주가는 52주 최고가 대비 71.5% 수준으로 고점 대비 여유는 있으나, 이미 조정이 진행된 상태라 상승·하락 어느 한 방향의 우위를 확신하기 어렵습니다.""]",3.488372093023256,0.9689922480620154,1.6133820207494098,0.18748164525048627
000660,SK하이닉스,2025-09-01,256000,Neutral,66,"[""PER 6.1과 ROE 35.0%는 밸류에이션과 수익성 측면에서 우호적이지만, 이는 이미 주가에 상당 부분 반영됐을 가능성을 배제할 수 없습니다."", ""최근 1개월 수익률이 -6.40%로 단기 모멘텀이 약하고, 거래량 변화율도 -23.39%로 수급 개선 신호가 부족합니다."", ""현재 주가는 52주 최고가 대비 70.1% 수준으로 고점 부담은 낮지 않지만, 20거래일 내 상승·하락을 단정할 만큼 강한 방향성 신호는 부족합니다.""]",10.556621880998081,33.397312859884835,7.792109768526245,25.445794269565354
000660,SK하이닉스,2025-10-01,360000,Sell,78,"[""현재가 360,000원이 52주 최고가 361,000원의 99.5% 수준으로, 단기적으로 가격이 고점권에 매우 근접해 추가 상승 여력이 제한적입니다."", ""최근 1개월 수익률이 38.20%로 급등했고 거래량 변화율도 38.07%로 높아, 향후 20거래일 내에는 과열 이후 되돌림 압력이 커질 수 있습니다."", ""PER 8.6과 ROE 35.0%는 펀더멘털이 양호함을 시사하지만, 이미 주가가 강하게 반영된 상태라 단기 방향성은 하락 쪽이 더 우세합니다.""]",14.412136536030342,49.93678887484197,8.800746959194939,36.49041630179051
000660,SK하이닉스,2025-11-03,620000,Neutral,66,"[""현재가가 52주 최고가 620,000원과 동일해 52주 내 위치가 100.0%로, 단기적으로는 추가 상승 여력이 제한될 수 있는 고점권 상태입니다."", ""최근 1개월 수익률이 84.25%로 매우 가파른 상승을 보여 추세는 강하지만, 단기 과열 이후 20거래일 관점에서는 되돌림 위험도 함께 커집니다."", ""PER 14.8과 ROE 35.0%는 수익성 대비 밸류에이션이 과도하게 비싸다고 단정하기 어렵지만, PBR 5.18과 시가총액 441.9조원은 이미 기대가 상당 부분 반영된 상태로 해석됩니다.""]",5.631399317406143,-4.778156996587031,6.003814850651798,-1.7015437216109297
000660,SK하이닉스,2025-12-01,538000,Neutral,61,"[""PER 10.4와 ROE 37.7%는 수익성 대비 밸류에이션이 과도하게 비싸다고 보긴 어렵지만, PBR 3.92와 시가총액 383.4조원은 이미 기대가 상당 부분 반영된 상태로 해석됩니다."", ""52주 최고가 대비 현재 위치가 82.2%로 고점권에 가까워 추가 상승 여력이 제한적일 수 있으나, 최근 1개월 수익률 -3.76%는 단기 조정이 진행 중임을 보여 방향성이 혼재됩니다."", ""거래량 변화율 11.86%는 관심 증가 신호로 볼 수 있지만, 가격은 약세 흐름이고 기술적 과열·조정 신호가 동시에 존재해 20거래일 방향을 단정하기 어렵습니다.""]",1.4336917562724014,21.32616487455197,-2.2865236167128655,13.448680162679665
207940,삼성바이오로직스,2023-01-02,1217132,Sell,78,"[""최근 1개월 수익률이 -6.45%로 단기 추세가 하락 방향이며, 향후 20거래일에도 약세 흐름이 이어질 가능성을 시사합니다."", ""거래량 변화율이 -7.93%로 수급이 둔화되고 있어 반등 탄력이 강하게 붙기 어려운 환경입니다."", ""PER 164.6과 PBR 9.35는 현재 주가가 재무지표 대비 매우 높은 수준임을 보여주며, ROE 5.7%는 밸류에이션을 정당화할 만큼 강하지 않아 추가 상승 근거가 약합니다.""]",-0.49813421785227746,1.1208231441602288,-6.476012956561786,-10.156152354785105
207940,삼성바이오로직스,2023-02-01,1183282,Neutral,61,"[""최근 1개월 수익률이 -2.07%로 단기 모멘텀이 약해 20거래일 내 강한 상승 근거가 부족합니다."", ""현재 주가는 52주 최고가 대비 낮고 52주 내 위치가 48.6%로 중립 구간에 있어 방향성이 뚜렷하지 않습니다."", ""PER 160.0과 PBR 9.09는 밸류에이션 부담이 큰 반면 ROE 5.7%는 수익성 개선이 충분히 강하지 않아 상승·하락 판단이 엇갈립니다.""]",0.24634828828105126,-2.955677390850303,-0.26562475212592973,-1.464717927449897
207940,삼성바이오로직스,2023-03-02,1136186,Sell,74,"[""PER 153.7과 PBR 8.73은 현재 주가가 실적과 자산가치 대비 매우 높은 수준임을 시사해, 20거래일 내 추가 상승 여력이 제한적입니다."", ""최근 1개월 수익률이 -2.65%로 단기 추세가 약하고, 거래량 변화율도 -29.77%로 수급 동력이 둔화된 모습입니다."", ""52주 최고가 대비 현재 위치가 13.2%에 불과하고 현재가가 52주 최저가(1,105,434원)에 근접해 있어, 단기적으로는 하방 압력이 우세하다고 판단됩니다.""]",-1.5228492050763365,0.0,0.01822485940371621,-1.8416410711862718
207940,삼성바이오로직스,2023-04-03,1145017,Neutral,61,"[""현재가 1,145,017원은 52주 최저가 1,109,695원에 매우 근접해 있어 단기 반등 여지는 있으나, 52주 최고가 1,339,287원 대비 아직 크게 낮아 추세 전환을 확신하기 어렵습니다."", ""최근 1개월 수익률이 -1.27%로 약세이며, 20.11%의 거래량 증가는 방향성 강화 신호일 수 있지만 상승·하락 어느 쪽인지 데이터만으로 단정하기 어렵습니다."", ""PER 100.1과 PBR 9.07은 밸류에이션 부담이 큰 수준이고 ROE 9.1%는 이를 강하게 정당화할 만큼 높지 않아, 향후 20거래일 내 뚜렷한 상승 근거가 제한적입니다.""]",3.045698410152673,-1.6497748621666692,0.33053096474830435,-2.4919403845793937
207940,삼성바이오로직스,2023-05-02,1128828,Neutral,61,"[""현재 주가는 52주 최고가 대비 8.3% 수준으로 고점권에서 크게 이탈해 있어 단기 반등 여지는 있으나, 이것만으로 상승 추세 전환을 확정하기는 어렵습니다."", ""최근 1개월 수익률이 -2.66%로 단기 모멘텀이 약하고, 52주 최저가(1,109,695원)와 현재가(1,128,828원)가 매우 가까워 하방 리스크와 반등 기대가 공존합니다."", ""PER 98.7과 PBR 8.94는 밸류에이션 부담이 큰 편인 반면 ROE 9.1%는 수익성 대비 가격 부담을 충분히 상쇄하지 못해 20거래일 방향성을 단정하기 어렵습니다.""]",1.032262815831303,1.290372356327936,1.4480299862158912,-2.705789792868515
207940,삼성바이오로직스,2023-06-01,1159734,Neutral,61,"[""현재 주가는 52주 최고가 대비 21.8% 낮아 기술적으로는 반등 여지가 있지만, 최근 1개월 수익률이 0.90%로 상승 탄력이 매우 약합니다."", ""거래량 변화율이 -35.39%로 수급이 둔화된 상태라 단기 추세 전환의 신뢰도가 높지 않습니다."", ""PER 103.4와 PBR 9.04는 밸류에이션 부담이 큰 편이지만 ROE 8.7%는 수익성의 완충 역할을 해 방향성을 단정하기 어렵습니다.""]",1.2738473097040732,-5.350297190646047,0.19787166619453278,-5.392967178652308
207940,삼성바이오로직스,2023-07-03,1093506,Sell,78,"[""현재가가 52주 최저가 1,092,034원에 매우 근접해 52주 내 현재 위치가 0.6%에 불과해, 단기적으로 추가 하락 압력 또는 약세 추세 지속 가능성이 높습니다."", ""최근 1개월 수익률이 -5.71%로 이미 약세 흐름이 확인되며, 향후 20거래일에도 반등보다 추세 연장 가능성을 더 크게 봐야 합니다."", ""PER 97.5와 PBR 8.53은 밸류에이션 부담이 큰 수준인데 ROE 8.8%는 이를 충분히 정당화하기 어려워, 현재 가격대에서 상승 근거가 약합니다.""]",-3.0830997858680176,7.5067331802561394,-1.894657216333324,4.6624916510907015
207940,삼성바이오로직스,2023-08-01,1180339,Neutral,61,"[""최근 1개월 수익률이 7.94%로 단기 모멘텀은 양호하지만, 52주 최고가 대비 현재 위치가 46.5%에 불과해 추세가 강하게 상단 돌파 국면이라고 보기는 어렵습니다."", ""거래량 변화율이 45.50%로 수급 개선 신호는 있으나, 이를 20거래일 추가 상승으로 연결할 만큼의 강한 가격 추세 확인은 부족합니다."", ""PER 105.3과 PBR 9.21은 밸류에이션 부담이 큰 수준이고 ROE 8.8%는 이를 충분히 정당화할 만큼 높지 않아, 상승 기대와 하락 부담이 균형을 이룹니다.""]",1.1407106060423386,-6.590647998718574,1.5745011711930919,-4.289838128932189
207940,삼성바이오로직스,2023-09-01,1078788,Sell,78,"[""최근 1개월 수익률이 -7.10%로 단기 추세가 하락 방향이며, 향후 20거래일에도 약세 흐름이 이어질 가능성을 시사합니다."", ""거래량 변화율이 -56.30%로 수급이 크게 위축되어 있어 반등 탄력이 약한 상태로 해석됩니다."", ""현재 주가가 52주 최고가 대비 낮고 52주 내 위치가 12.6%에 불과해, 기술적으로도 상단 돌파보다 추가 약세 또는 박스권 하단 재시험 가능성이 더 높습니다.""]",-0.27169422536680565,-0.6792817228164988,0.7988983342664021,6.1234498939059545
207940,삼성바이오로직스,2023-10-04,1016975,Sell,78,"[""현재가가 52주 최저가(1,000,786원) 부근인 52주 내 위치 4.8%에 있어 단기적으로도 약세 구간에 머물러 있습니다."", ""최근 1개월 수익률이 -8.48%로 추세가 하락 방향이며, 20거래일 관점에서 반등보다 약세 연장이 더 우세합니다."", ""PER 87.3과 PBR 7.77은 밸류에이션 부담이 큰 수준인데 ROE 8.9%가 이를 충분히 뒷받침하지 못해 주가 상승 근거가 약합니다.""]",-0.27667326710341694,-2.4896834891656665,-2.4629771446204822,-1.0227172718250206
207940,삼성바이오로직스,2023-11-01,1034636,Neutral,61,"[""현재 주가는 52주 최저가 1,000,786원에 매우 근접해 52주 내 위치가 10.1%로 낮아 기술적으로는 반등 여지가 있으나, 아직 추세 전환을 확정할 만큼 강한 신호는 아닙니다."", ""최근 1개월 수익률이 3.38%로 완만한 상승세이고 거래량 변화율이 40.04%로 수급 개선 가능성은 보이지만, 단기 상승을 단정할 만큼 강한 모멘텀으로 보기에는 제한적입니다."", ""PER 88.8과 PBR 7.91은 밸류에이션 부담이 큰 수준이며 ROE 8.9%는 이를 충분히 정당화한다고 보기 어려워, 향후 20거래일 방향성은 상승·하락 근거가 혼재합니다.""]",1.5449258599727833,1.8257780933349363,-2.0383306527111613,-6.375679791877946
207940,삼성바이오로직스,2023-12-01,1046410,Sell,74,"[""현재가 1,046,410원은 52주 최고가 대비 크게 낮고 52주 내 현재 위치가 13.9%에 불과해 중기 추세가 약한 편입니다."", ""최근 1개월 수익률이 -0.14%로 사실상 정체이며, 거래량 변화율도 -22.48%로 수급 동력이 약합니다."", ""PER 79.2와 PBR 7.80은 높은 밸류에이션 부담을 시사하는 반면 ROE 9.8%는 이를 강하게 정당화할 수준은 아니어서 향후 20거래일 상승 근거가 약합니다.""]",-1.2640736266106298,8.146050795795711,-1.6779983567245609,5.280387462528641
207940,삼성바이오로직스,2024-01-02,1161206,Neutral,61,"[""최근 1개월 수익률이 8.23%로 단기 모멘텀은 양호하고 거래량 변화율도 49.84%로 수급 개선 신호가 있어 20거래일 내 추가 상승 가능성을 완전히 배제하기 어렵습니다."", ""현재 주가는 52주 최고가 대비 아직 여유가 있지만 52주 내 위치가 72.7%로 이미 상단 구간에 있어 추가 상승 여력보다 단기 과열·숨고르기 가능성도 함께 존재합니다."", ""PER 87.9와 PBR 8.66은 밸류에이션 부담이 큰 수준이고 ROE 9.8%는 이를 강하게 정당화할 만큼 높지 않아 상승과 하락 근거가 혼재합니다.""]",-5.209615786411019,6.734486670546043,-2.703968203269777,10.961832095524269
207940,삼성바이오로직스,2024-02-01,1220076,Neutral,61,"[""현재가가 52주 최고가의 93.1% 수준으로 고점 부근에 위치해 있어 추가 상승 여력보다 단기 과열·되돌림 가능성도 함께 존재합니다."", ""최근 1개월 수익률이 5.34%로 양호하고 거래량 변화율도 16.92% 증가해 단기 모멘텀은 우호적이지만, 이미 상당 부분 주가에 반영됐을 가능성이 있습니다."", ""PER 92.3과 PBR 9.10은 밸류에이션 부담이 큰 편이며 ROE 9.8%는 이를 강하게 정당화할 만큼 압도적이지 않아 20거래일 방향성을 확신하기 어렵습니다.""]",-2.4447330703006105,-8.614664443439,-3.7573881666371793,-9.615693002194934
207940,삼성바이오로직스,2024-03-04,1139130,Sell,74,"[""최근 1개월 수익률이 -5.95%로 단기 추세가 약세이며, 향후 20거래일에도 모멘텀 둔화가 이어질 가능성이 있습니다."", ""거래량 변화율이 -5.46%로 수급이 위축된 상태라 단기 반등의 신뢰도가 높지 않습니다."", ""PER 86.2와 PBR 8.49는 밸류에이션 부담이 큰 수준인데 ROE 9.8%가 이를 충분히 상쇄하지 못해, 현재 주가 수준에서 추가 상승 근거가 약합니다.""]",7.692341196557371,4.615404717934423,6.469045355989701,0.6990462971599172
207940,삼성바이오로직스,2024-04-01,1200943,Neutral,61,"[""현재 주가는 52주 최고가 대비 76.0% 수준으로 고점권에 가까워 추가 상승 여력보다 단기 과열 부담이 상대적으로 커 보입니다."", ""최근 1개월 수익률이 5.43%로 단기 모멘텀은 양호하지만, 거래량 변화율이 -7.48%로 상승 추세를 뒷받침하는 수급 강도는 약합니다."", ""PER 99.7과 PBR 8.69은 밸류에이션 부담이 큰 편이며, ROE 8.7%는 이를 충분히 정당화할 만큼 강한 수익성으로 보기 어렵습니다.""]",-1.3480240111312527,-5.024551539914883,0.39542715044308396,-2.499816326560056
207940,삼성바이오로직스,2024-05-02,1140601,Sell,78,"[""최근 1개월 수익률이 -5.02%로 단기 추세가 약하고, 20거래일 관점에서도 모멘텀 둔화가 이어질 가능성이 높습니다."", ""거래량 변화율이 -28.83%로 수급 참여가 줄어든 상태라 단기 반등의 신뢰도가 낮습니다."", ""PER 94.7과 PBR 8.26은 밸류에이션 부담이 큰 반면 ROE 8.7%는 이를 충분히 정당화하지 못해 추가 상승 근거가 약합니다.""]",1.297066926115303,-2.3345970879005637,-0.5926227209408805,-1.7917502992147836
207940,삼성바이오로직스,2024-06-03,1106751,Neutral,61,"[""최근 1개월 수익률이 -3.71%로 단기 모멘텀이 약해 20거래일 내 즉각적인 상승 근거가 강하지 않습니다."", ""현재 주가는 52주 최고가 대비 낮고 52주 내 위치가 40.2%로 중립권에 있어 추세 방향성이 뚜렷하지 않습니다."", ""PER 88.0과 PBR 7.87은 밸류에이션 부담이 큰 편이지만 ROE 8.9%와 거래량 변화율 16.66%는 상반된 신호라 방향성을 확신하기 어렵습니다.""]",-1.4608070758322107,7.569776119066289,-3.9426822871315674,2.614665492117628
207940,삼성바이오로직스,2024-07-01,1117054,Neutral,58,"[""현재 주가는 52주 최고가 대비 낮고(52주 내 현재 위치 44.1%), 최근 1개월 수익률도 3.69%로 단기 추세가 강한 상승 모멘텀이라고 보기에는 부족합니다."", ""PER 88.8과 PBR 7.94는 밸류에이션 부담이 큰 수준이며, ROE 8.9%는 이 높은 평가를 강하게 정당화할 만큼 압도적이지 않습니다."", ""거래량 변화율 1.45%로 수급 변화가 크지 않아 향후 20거래일 방향성을 강하게 확신할 만한 추가 신호가 부족합니다.""]",-1.7284435284238995,15.678966675139016,-4.83971126574257,17.213384085580394
207940,삼성바이오로직스,2024-08-01,1361363,Sell,74,"[""현재가가 52주 최고가의 94.2% 수준으로 고점권에 근접해 있어, 향후 20거래일 내 추가 상승 여력보다 차익실현 압력이 더 크게 작용할 가능성이 있습니다."", ""최근 1개월 수익률이 14.20%로 단기간 급등했고 거래량 변화율도 48.99%로 확대되어, 단기 과열 이후 되돌림이 나타날 위험이 있습니다."", ""PER 108.2와 PBR 9.68은 밸류에이션 부담이 큰 수준인데 ROE 8.9%는 이를 충분히 정당화하기에 약해, 현재 가격대에서 상승 근거보다 하락 리스크가 우세합니다.""]",5.378669842977001,5.92753805866677,8.657958682708118,5.747804930600379
207940,삼성바이오로직스,2024-09-02,1420233,Sell,74,"[""현재 주가가 52주 최고가의 91.6% 수준으로 고점 부근에 위치해 있어, 향후 20거래일 내 추가 상승 여력보다 단기 조정 위험이 상대적으로 크다."", ""PER 98.3배와 PBR 9.79배는 재무지표 기준으로 밸류에이션 부담이 매우 큰 수준이라, 현재 가격에서의 상승 근거가 제한적이다."", ""최근 1개월 수익률이 4.32%로 이미 상승이 진행된 상태인데 거래량 변화율도 8.69%에 그쳐 강한 추세 확장 신호로 보기 어렵다.""]",3.6420366727802107,4.474506238218937,8.941083820038939,7.111645353218017
207940,삼성바이오로직스,2024-10-02,1437894,Sell,74,"[""최근 1개월 수익률이 -1.41%로 단기 모멘텀이 약하고, 향후 20거래일에도 추세 반전 근거가 충분하지 않습니다."", ""거래량 변화율이 -14.66%로 수급이 둔화된 상태라 단기 상승 탄력이 제한될 가능성이 큽니다."", ""현재 주가는 52주 최고가 대비 73.0% 위치에 있으나 PER 99.5와 PBR 9.91로 밸류에이션 부담이 커, 단기적으로는 추가 상승보다 조정 위험이 더 크게 보입니다.""]",3.703736451486528,1.8018434684194489,1.6186762695983021,1.0523425519736334
207940,삼성바이오로직스,2024-11-01,1468800,Neutral,61,"[""현재 주가는 52주 최고가 대비 76.3% 수준으로 고점 부담이 완전히 해소되지 않았지만, 최근 1개월 수익률이 2.15%로 단기 추세가 강하게 하락한다고 보기도 어렵습니다."", ""거래량 변화율이 -23.04%로 수급 동력이 약해 보이며, 향후 20거래일 내 강한 상승을 뒷받침할 모멘텀이 제한적입니다."", ""PER 101.7과 PBR 10.12는 밸류에이션 부담이 큰 편이지만 ROE 10.0%는 수익성의 완전한 부진을 의미하지 않아 상승·하락 근거가 혼재합니다.""]",-0.9833213519298967,-4.523157959437827,1.2303002813837358,0.6715719910830282
207940,삼성바이오로직스,2024-12-02,1429063,Neutral,61,"[""최근 1개월 수익률이 -2.71%로 단기 모멘텀이 약해 20거래일 내 강한 상승 신호로 보기 어렵습니다."", ""현재 주가는 52주 최고가 대비 69.5% 수준으로 고점 부담은 완화됐지만, 아직 뚜렷한 저평가 신호를 주는 수준은 아닙니다."", ""PER 96.6과 PBR 9.60은 밸류에이션 부담이 큰 편이고 ROE 9.9%는 이를 강하게 정당화하기에 충분히 높다고 보기 어려워 방향성을 확신하기 어렵습니다.""]",-0.8273045638768501,-2.792135336739799,2.46296382538757,-0.4650284210164348
207940,삼성바이오로직스,2025-01-02,1374609,Sell,74,"[""최근 1개월 수익률이 -4.21%로 단기 모멘텀이 약하고, 향후 20거래일에도 추세 반전 근거가 충분하지 않습니다."", ""거래량 변화율이 -31.19%로 수급이 둔화된 상태라 단기 주가 상승 동력이 약합니다."", ""PER 93.0과 PBR 9.24는 밸류에이션 부담이 큰 수준인데 ROE 9.9%는 이를 강하게 정당화하기에 부족해 하방 압력이 우세합니다.""]",6.3830064064985885,15.851078363411759,3.3583372936693343,11.967658759165921
207940,삼성바이오로직스,2025-02-03,1611560,Sell,78,"[""현재가가 52주 최고가와 동일해 52주 내 위치가 100.0%로, 단기적으로는 추가 상승 여력보다 고점 부담이 큰 구간입니다."", ""최근 1개월 수익률이 16.86%로 이미 강한 상승이 반영되어 있어, 향후 20거래일 동안은 차익실현 압력이 우세할 가능성이 있습니다."", ""PER 109.0과 PBR 10.83은 밸류에이션 부담이 큰 수준인데 ROE 9.9%는 이를 충분히 정당화하기에 제한적이어서, 현재 가격대에서 상승 근거가 약합니다.""]",9.514929866705542,6.623080287251776,7.203601699206775,3.5429212021122116
207940,삼성바이오로직스,2025-03-04,1648353,Neutral,61,"[""현재 주가는 52주 최고가 대비 85.8% 수준으로 고점권에 근접해 있어 추가 상승 여력보다 단기 과열·되돌림 가능성도 함께 존재합니다."", ""최근 1개월 수익률이 3.61%로 완만한 상승세이지만 거래량 변화율이 0.59%에 그쳐 상승 추세를 강하게 뒷받침하는 수급 신호는 약합니다."", ""PER 111.5와 PBR 11.08은 밸류에이션 부담이 큰 수준이어서 향후 20거래일 내 추가 상승을 단정하기 어렵고, 반대로 ROE 9.9%는 펀더멘털이 완전히 약한 것도 아니라 방향성이 혼재됩니다.""]",-5.599264773633147,-8.136473422054294,-6.2516944781438655,-6.093183987975495
207940,삼성바이오로직스,2025-04-01,1557105,Sell,78,"[""최근 1개월 수익률이 -5.20%로 단기 추세가 약세이며, 향후 20거래일에도 모멘텀 둔화가 이어질 가능성이 있습니다."", ""거래량 변화율이 -32.10%로 수급이 위축되어 있어 단기 반등의 신뢰도가 낮습니다."", ""현재 주가는 52주 최고가 대비 72.3% 수준이지만 PER 102.3, PBR 10.16으로 밸류에이션 부담이 커서 단기 상승 여력보다 조정 위험이 더 크게 보입니다.""]",-5.523800402632187,0.1905093471884017,2.942753993862441,-1.834743460231007
207940,삼성바이오로직스,2025-05-02,1596842,Neutral,61,"[""최근 1개월 수익률이 3.33%로 단기 모멘텀은 플러스지만, 상승 폭이 크지 않아 향후 20거래일 추가 상승을 강하게 뒷받침하진 않습니다."", ""현재 주가는 52주 최고가 대비 78.2% 수준으로 고점권에 근접해 있어 추격 매수 근거는 약하고, 단기적으로는 상승 여력이 제한될 수 있습니다."", ""PER 104.9와 PBR 10.42는 밸류에이션 부담이 큰 편이지만 ROE 9.9%와 거래량 변화율 43.01%는 수급·실적 측면의 지지 요인도 있어 방향성이 한쪽으로 확정되지 않습니다.""]",-3.4581632220144445,-2.1133292212899413,-6.05238188702338,-11.370070226807075
207940,삼성바이오로직스,2025-06-02,1517368,Neutral,61,"[""PER 84.4와 PBR 9.57은 밸류에이션 부담이 큰 수준이라 20거래일 내 추가 상승 여력이 제한될 수 있습니다."", ""최근 1개월 수익률이 -2.09%로 단기 모멘텀이 약하고, 현재 주가가 52주 최고가 대비 아직 66.4% 위치에 있어 강한 추세 돌파 신호도 뚜렷하지 않습니다."", ""거래량 변화율이 7.21%로 수급 개선 가능성은 있으나, ROE 11.3%와 대형 시가총액 70.2조원을 감안하면 상승·하락 어느 한쪽으로 강하게 기울 근거는 부족합니다.""]",-0.48351177533196255,0.9671549754465649,-5.867799572534256,-11.499461646227722
207940,삼성바이오로직스,2025-07-01,1476159,Neutral,61,"[""최근 1개월 수익률이 -2.24%로 단기 모멘텀이 약하고, 거래량 변화율도 -24.79%로 수급 개선 신호가 뚜렷하지 않습니다."", ""현재 주가는 52주 최고가 대비 60.3% 수준으로 고점 부담은 완화됐지만, 아직 강한 추세 반전 근거로 보기에는 부족합니다."", ""PER 82.1과 PBR 9.31은 밸류에이션 부담이 큰 편이어서 향후 20거래일 내 상승을 강하게 단정하기 어렵습니다.""]",0.8919251981494825,8.820598118505849,-1.0163302505246845,2.98624041491633
207940,삼성바이오로직스,2025-08-01,1521783,Neutral,61,"[""최근 1개월 수익률이 -0.96%로 단기 모멘텀이 약해 20거래일 내 상승을 강하게 기대하기 어렵습니다."", ""현재 주가는 52주 최고가 대비 중간 수준(52주 내 현재 위치 56.9%)에 있어 추세가 강한 상승 구간도, 급락 구간도 아닌 애매한 위치입니다."", ""거래량 변화율이 30.91%로 수급 변화 신호는 있으나, PER 84.7과 PBR 9.60의 높은 밸류에이션이 상승 여력을 제한할 수 있어 방향성을 단정하기 어렵습니다.""]",-1.5267234962927616,-4.866414935800849,-3.4017135685666076,-5.647925538612379
207940,삼성바이오로직스,2025-09-01,1465857,Sell,74,"[""최근 1개월 수익률이 -6.65%로 단기 추세가 하락 방향이며, 향후 20거래일에도 약세 흐름이 이어질 가능성이 있습니다."", ""거래량 변화율이 -51.36%로 급감해 매수세 유입이 약하고, 반등을 뒷받침할 수급 동력이 부족합니다."", ""현재 주가는 52주 최고가 대비 32.0% 수준으로 고점 대비 조정이 진행 중이며, PER 81.1과 PBR 8.99는 밸류에이션 부담을 보여 단기 상승 근거가 약합니다.""]",4.413188862211542,0.0,1.6486767497397063,-7.95151859031948
207940,삼성바이오로직스,2025-10-01,1479103,Neutral,58,"[""현재 주가는 52주 최고가 대비 33.1% 위치로 고점 부담은 낮지만, 52주 최저가 대비로는 이미 상당 부분 회복된 구간이라 추가 상승 여력이 데이터상 뚜렷하지 않습니다."", ""최근 1개월 수익률이 0.80%로 거의 횡보에 가깝고, 단기 방향성을 강하게 시사하는 모멘텀이 부족합니다."", ""거래량 변화율이 48.09%로 증가했지만, PER 81.9와 PBR 9.07은 밸류에이션 부담을 보여 상승 근거와 하락 부담이 동시에 존재합니다.""]",12.289375686031557,21.01091589842356,6.677986109196152,7.564543325372096
207940,삼성바이오로직스,2025-11-03,1797000,Sell,78,"[""현재가가 52주 최고가의 96.5% 수준으로 고점권에 위치해 있어 20거래일 내 추가 상승 여력보다 차익실현 압력이 더 크게 작용할 가능성이 있습니다."", ""최근 1개월 수익률이 22.10%로 단기간 급등했고 거래량 변화율도 48.84%로 높아, 단기 과열 이후 되돌림 위험이 존재합니다."", ""PER 99.5와 PBR 11.02는 밸류에이션 부담이 큰 수준이며, ROE 11.1%가 이를 충분히 상쇄한다고 보기 어려워 향후 주가 상승 근거가 약합니다.""]",0.0,-7.957707289927657,0.37241553324565485,-4.881094014951556
207940,삼성바이오로직스,2025-12-01,1649000,Sell,74,"[""최근 1개월 수익률이 -8.24%로 단기 추세가 이미 약세이며, 향후 20거래일에도 반등보다 추가 조정 가능성이 더 높습니다."", ""거래량 변화율이 -18.97%로 수급이 둔화된 상태라 단기 상승 모멘텀을 뒷받침하기 어렵습니다."", ""현재 주가는 52주 최고가 대비 64.7% 수준으로 고점 대비 여전히 낮지만, PER 73.5와 PBR 9.64는 밸류에이션 부담이 커서 단기적으로는 상승 근거보다 하락 리스크가 더 큽니다.""]",0.36275695284159615,1.7533252720677146,-3.3574584201436712,-6.124159439804591
068270,셀트리온,2023-01-02,147192,Neutral,61,"[""현재 주가는 52주 최고가 대비 35.1% 수준으로 고점 대비 조정이 진행됐지만, 이것만으로 향후 20거래일 반등을 단정하기는 어렵습니다."", ""최근 1개월 수익률이 -6.95%로 단기 모멘텀이 약하고 거래량 변화율도 -1.26%로 수급 개선 신호가 뚜렷하지 않습니다."", ""PER 32.6과 PBR 4.72는 밸류에이션 부담을 시사하지만 ROE 14.5%는 수익성은 양호해 상승·하락 근거가 혼재되어 있습니다.""]",3.7737912929337125,6.541238241085101,-2.2040874457757957,-4.735737257860232
068270,셀트리온,2023-02-01,156208,Neutral,61,"[""현재 주가는 52주 최고가 대비 낮고 52주 내 위치가 49.3%로 중립권에 있어, 향후 20거래일 방향성을 강하게 단정하기 어렵습니다."", ""최근 1개월 수익률이 5.80%로 단기 모멘텀은 양호하지만, 거래량 변화율이 -14.28%로 상승 추세의 확산 강도는 약합니다."", ""PER 34.6과 PBR 5.00은 밸류에이션 부담이 있는 편이지만 ROE 14.5%는 수익성은 양호해 상승·하락 근거가 혼재합니다.""]",-2.2433264887063658,-11.098562628336756,-2.755299529113347,-9.60760316493635
068270,셀트리온,2023-03-02,132197,Neutral,61,"[""현재 주가는 52주 최고가 대비 크게 낮고 52주 내 위치가 11.4%로 기술적으로는 저점권에 가까워 추가 하락만을 단정하기 어렵습니다."", ""최근 1개월 수익률이 -11.08%로 단기 모멘텀은 약하지만, 거래량 변화율이 57.92%로 커져 추세 전환 가능성과 하락 지속 가능성이 동시에 존재합니다."", ""PER 29.3과 PBR 4.23은 밸류에이션 부담이 있으나 ROE 14.4%는 수익성은 양호해 20거래일 방향을 한쪽으로 강하게 확정하기 어렵습니다.""]",2.7226007622127266,-0.5312391731146784,4.263674826692779,-2.3728802443009505
068270,셀트리온,2023-04-03,137992,Neutral,61,"[""현재 주가는 52주 최고가 대비 20.6% 낮아 기술적으로는 반등 여지가 있지만, 최근 1개월 수익률이 -0.40%로 단기 모멘텀이 강하지 않습니다."", ""거래량 변화율이 2.36%로 크지 않아 향후 20거래일 내 추세 전환을 강하게 뒷받침하는 수급 신호는 제한적입니다."", ""PER 33.8과 PBR 4.47은 밸류에이션 부담이 있는 편이지만 ROE 13.2%는 수익성은 양호해 상승·하락 근거가 혼재합니다.""]",7.421105884926712,0.0,4.705938439522344,-0.8421655224127245
068270,셀트리온,2023-05-02,147560,Neutral,61,"[""최근 1개월 수익률이 7.08%로 단기 모멘텀은 양호하지만, 52주 최고가 대비 현재 위치가 35.7%에 불과해 추가 상승 여력과 추세 지속성을 단정하기 어렵습니다."", ""거래량 변화율이 11.80%로 관심은 증가했으나, 이를 뒷받침할 만큼 강한 추세 신호로 보기에는 정보가 제한적입니다."", ""PER 36.1과 PBR 4.78은 밸류에이션 부담이 있는 편이지만 ROE 13.2%는 수익성은 양호해, 향후 20거래일 방향을 상승 또는 하락으로 확신하기에는 근거가 엇갈립니다.""]",6.03806606869394,9.119995624589805,6.453833239078528,5.123833475393354
068270,셀트리온,2023-06-01,161360,Neutral,61,"[""최근 1개월 수익률이 9.22%로 단기 모멘텀은 양호하지만, 52주 최고가 대비 현재 위치가 52.0% 수준이라 추가 상승 여력과 추세 지속성을 단정하기 어렵습니다."", ""거래량 변화율이 -26.92%로 상승을 뒷받침하는 수급 확장이 확인되지 않아, 최근 주가 강세의 신뢰도가 제한적입니다."", ""PER 36.6과 PBR 5.22는 밸류에이션 부담이 있는 편이지만 ROE 14.2%는 수익성은 양호해 상승·하락 근거가 혼재되어 있습니다.""]",-3.7465854697641783,-12.623111044282384,-4.822561113273719,-12.665781032288645
068270,셀트리온,2023-07-03,139464,Neutral,62,"[""최근 1개월 수익률이 -13.57%로 단기 추세가 약세이지만, 52주 최고가 대비 현재 위치가 12.9%로 과매도 구간에 가까워 추가 하락과 반등 가능성이 동시에 존재합니다."", ""거래량 변화율이 12.08%로 수급 변화 신호는 있으나, 방향성이 상승인지 하락인지 데이터만으로는 확정하기 어렵습니다."", ""PER 31.7과 PBR 4.51은 밸류에이션 부담이 있는 편이지만 ROE 14.2%는 수익성은 양호해 상하방 근거가 혼재합니다.""]",-2.2015793939130246,0.7331346400678748,-1.013136824378331,-2.111106889097563
068270,셀트리온,2023-08-01,138912,Neutral,61,"[""현재 주가는 52주 최고가 대비 크게 낮고(52주 내 현재 위치 13.8%), 최근 1개월 수익률도 -0.40%로 단기 추세가 강한 상승 신호를 보여주지 않습니다."", ""거래량 변화율이 26.78%로 증가해 단기 관심은 높아졌지만, 가격 방향이 상승인지 하락인지 데이터만으로는 확정하기 어렵습니다."", ""PER 31.6과 PBR 4.50은 밸류에이션 부담이 있는 편이지만 ROE 14.3%는 수익성은 양호해 상승·하락 근거가 혼재되어 있습니다.""]",4.6616673888933775,-2.770412697480041,5.0954579540441305,-0.46960282769365636
068270,셀트리온,2023-09-01,132381,Sell,74,"[""현재가가 52주 최고가 대비 5.5% 수준에 불과해 단기적으로는 고점권 부담이 크고 추가 상승 여력이 제한적으로 보입니다."", ""최근 1개월 수익률이 -2.77%로 약세이며, 거래량 변화율도 -11.79%로 수급 동력이 약화된 모습입니다."", ""PER 32.3과 PBR 4.17은 밸류에이션 부담이 있는 편인데, 이를 상쇄할 만큼 20거래일 내 강한 상승 근거가 제공되지 않습니다.""]",2.612587036428294,-5.841526462062577,3.683179596061502,0.9612051546598765
068270,셀트리온,2023-10-04,125021,Sell,74,"[""최근 1개월 수익률이 -7.86%로 단기 추세가 하락 방향이며, 향후 20거래일에도 약세 흐름이 이어질 가능성을 시사합니다."", ""거래량 변화율이 -47.39%로 수급이 크게 위축되어 있어 반등 동력이 약한 상태로 해석됩니다."", ""현재가가 52주 최저가 119,165원에 매우 근접한 52주 내 현재 위치 0.0%로, 기술적으로도 추가 하락 압력이 우세한 구간입니다.""]",9.18020618556701,13.73278350515464,6.993902308049945,15.199749722495286
068270,셀트리온,2023-11-01,137440,Buy,66,"[""최근 1개월 수익률이 9.37%로 단기 추세가 우상향이며, 거래량 변화율도 43.02%로 증가해 매수세 유입 신호가 확인됩니다."", ""현재 주가는 52주 최고가 대비 아직 여유가 있고(52주 내 현재 위치 33.1%), 최근 상승 이후에도 추가 상승 여지가 남아 있습니다."", ""PER 33.6과 PBR 4.33은 부담이 있으나 ROE 12.9%로 수익성은 양호해, 20거래일 관점에서는 모멘텀이 밸류에이션 부담을 일부 상쇄할 가능성이 있습니다.""]",5.474283060489957,8.745500986880298,1.8910265478060122,0.5440431016674161
068270,셀트리온,2023-12-01,150044,Neutral,61,"[""최근 1개월 수익률이 8.88%로 단기 모멘텀은 양호하지만, 52주 최고가 157,660원 대비 현재가 150,044원으로 추가 상승 여력은 크지 않아 보입니다."", ""현재 주가는 52주 내 위치 65.2%로 중상단 구간에 있어 추세는 살아 있으나, 이미 상당 부분 반영된 상태일 가능성이 있습니다."", ""PER 33.6과 PBR 4.65는 밸류에이션 부담이 있는 편이지만 ROE 13.8%와 거래량 변화율 15.46%는 수급과 수익성 측면에서 상반된 신호를 보여 방향성을 단정하기 어렵습니다.""]",9.286421007594395,34.07115734303134,8.872496277480463,31.20549400976427
068270,셀트리온,2024-01-02,212969,Sell,78,"[""현재가 212,969원은 52주 최고가 202,994원을 이미 상회해 52주 내 현재 위치가 100.0%로 표시되므로, 단기적으로는 가격이 과열 구간에 있어 추가 상승 여력이 제한적입니다."", ""최근 1개월 수익률이 43.17%로 매우 가파르고 거래량 변화율도 97.45%로 급증해 단기 급등 이후 차익실현 압력이 커질 가능성이 높습니다."", ""PER 47.7과 PBR 6.59는 밸류에이션 부담이 큰 수준인데, 향후 20거래일 관점에서는 이러한 고평가 부담이 주가 하락 쪽으로 더 작용할 가능성이 있습니다.""]",-11.01521817729341,-22.376026557855837,-8.509570594152168,-18.148681132877613
068270,셀트리온,2024-02-01,164395,Sell,78,"[""최근 1개월 수익률이 -22.81%로 단기 추세가 뚜렷하게 약세이며, 향후 20거래일에도 하락 압력이 이어질 가능성이 높습니다."", ""거래량 변화율이 -30.93%로 수급이 둔화된 상태라 반등 동력이 약한 편입니다."", ""현재 주가는 52주 최고가 대비 낮은 수준이지만 52주 내 위치가 47.0%로 중립권에 가깝고, PER 36.8과 PBR 5.09는 단기적으로 밸류에이션 부담을 완화해줄 만큼 저렴하지 않습니다.""]",1.9022750500676429,-1.8479243343514247,0.5896199537310738,-2.8489528931073593
068270,셀트리온,2024-03-04,162003,Neutral,61,"[""현재 주가는 52주 최고가 대비 44.4% 수준으로 고점 대비 부담은 줄었지만, 최근 1개월 수익률이 -1.95%로 단기 모멘텀이 약합니다."", ""거래량 변화율이 -22.78%로 수급이 둔화된 모습이라 향후 20거래일 내 강한 상승 추세를 뒷받침하기 어렵습니다."", ""PER 36.3과 PBR 5.02는 밸류에이션 부담이 있는 편이지만 ROE 13.8%는 수익성은 양호해 상승·하락 근거가 혼재되어 방향성을 확신하기 어렵습니다.""]",3.355634151167392,4.550232489117531,2.132338310599722,0.6338740683430251
068270,셀트리온,2024-04-01,173043,Neutral,61,"[""최근 1개월 수익률이 4.67%로 단기 모멘텀은 플러스지만, 52주 최고가 대비 현재 위치가 56.5%에 불과해 강한 추세 추종 신호로 보기에는 중간 수준입니다."", ""거래량 변화율이 7.26%로 수급 개선 가능성은 있으나, 이를 뒷받침할 만큼 강한 가격 돌파나 추세 가속 데이터는 제공되지 않았습니다."", ""PER 43.9와 PBR 2.14는 밸류에이션 부담이 있는 편이고 ROE 4.9%는 자본효율성이 높지 않아, 향후 20거래일 상승·하락 어느 쪽도 단정하기 어렵습니다.""]",-1.3602465003223194,2.0131648204770323,0.38320466125201724,4.53790003383186
068270,셀트리온,2024-05-02,172491,Neutral,58,"[""현재 주가는 52주 최고가 대비 55.9% 수준으로 중간권에 위치해 있어 추세적으로 강한 상승 모멘텀이나 과열 신호가 뚜렷하지 않습니다."", ""최근 1개월 수익률이 -0.32%로 사실상 횡보에 가깝고, 거래량 변화율도 -24.81%로 수급 개선 신호가 약합니다."", ""PER 43.7과 PBR 2.13은 밸류에이션 부담이 있는 반면 ROE 4.9%는 수익성 측면에서 강한 상승 근거를 제공하지 못해 20거래일 방향성을 확신하기 어렵습니다.""]",0.9524302500129407,-0.47621512500647034,-0.9372593970432428,0.06663166367930995
068270,셀트리온,2024-06-03,164671,Sell,72,"[""최근 1개월 수익률이 -5.29%로 단기 추세가 하락 방향이며, 향후 20거래일에도 약세 흐름이 이어질 가능성을 시사합니다."", ""거래량 변화율이 -3.01%로 수급이 둔화되고 있어 반등 동력이 강하지 않은 모습입니다."", ""PER 57.9와 PBR 2.05는 현재가가 실적 대비 높게 형성된 편인데 ROE가 3.5%로 낮아 밸류에이션을 정당화할 성장·수익성 근거가 약합니다.""]",-0.2658298804343429,-3.349456493472721,-2.7477050917336996,-8.304567120421382
068270,셀트리온,2024-07-01,169363,Neutral,61,"[""현재 주가는 52주 최고가 대비 낮고 52주 내 위치가 52.5%로 중립권에 있어, 단기 방향성이 강하게 한쪽으로 기울었다고 보기 어렵습니다."", ""최근 1개월 수익률이 3.84%로 완만한 상승세이지만, 상승 탄력이 강하다고 판단할 수준은 아닙니다."", ""PER 59.5와 PBR 2.11은 밸류에이션 부담이 있는 반면 ROE 3.5%는 수익성 대비 가격 부담을 뒷받침해, 20거래일 내 상승·하락 근거가 균형적입니다.""]",1.4634922318256536,13.279247750852821,-1.6477755054930168,14.813665161294198
068270,셀트리온,2024-08-01,183990,Neutral,66,"[""최근 1개월 수익률이 10.01%로 단기 모멘텀은 양호하고 거래량 변화율도 29.96%로 수급 개선 신호가 있어 20거래일 내 추가 상승 가능성을 완전히 배제하기 어렵습니다."", ""다만 현재 주가는 52주 최고가 대비 아직 68.4% 수준에 머물러 있어 추세가 강한 돌파 구간이라고 보기 어렵고, 단기 상승이 이미 일부 반영됐을 가능성이 있습니다."", ""PER 64.7과 PBR 2.29는 밸류에이션 부담이 크고 ROE 3.5%는 수익성 대비 가격이 높게 형성된 모습이라 상승과 하락 근거가 혼재되어 방향성을 확신하기 어렵습니다.""]",1.2397390259514212,1.8079527461791558,4.519027865682539,1.628219618112765
068270,셀트리온,2024-09-02,181322,Neutral,61,"[""PER 84.1과 PBR 2.26은 밸류에이션 부담이 큰 편이지만, ROE 2.7%로 수익성은 낮아 현재 가격을 정당화할 성장·수익 모멘텀이 데이터상 뚜렷하지 않습니다."", ""주가는 52주 최고가 대비 아직 65.5% 위치에 있어 추세적으로 과열은 아니지만, 최근 1개월 수익률이 -1.45%로 단기 방향성이 약합니다."", ""거래량 변화율 17.78%는 관심 증가를 시사하지만, 현재가가 52주 고점 대비 크게 낮지 않은 상황에서 상승·하락 어느 쪽도 강하게 단정할 근거가 부족합니다.""]",-0.6097190877940308,-2.944308644768279,4.689328059464698,-0.3071695297691992
068270,셀트리온,2024-10-02,175711,Sell,78,"[""최근 1개월 수익률이 -5.21%로 단기 추세가 약하고, 향후 20거래일에도 약세 흐름이 이어질 가능성이 높습니다."", ""거래량 변화율이 -40.97%로 수급이 크게 위축되어 있어 반등 동력이 약한 상태로 해석됩니다."", ""현재 주가는 52주 최고가 대비 아직 여유가 있지만 PER 81.5와 ROE 2.7% 조합은 밸류에이션 부담 대비 수익성 개선 근거가 약해 상승 기대보다 하방 리스크가 더 큽니다.""]",1.6082357918488226,-2.750528839373854,-0.47682439003940313,-3.5000297558196696
068270,셀트리온,2024-11-01,166604,Sell,78,"[""최근 1개월 수익률이 -7.32%로 단기 추세가 이미 하락 방향이며, 향후 20거래일에도 약세 흐름이 이어질 가능성이 있습니다."", ""거래량 변화율이 -16.68%로 수급 동력이 약해져 있어 반등을 뒷받침할 매수세가 충분하지 않아 보입니다."", ""PER 77.3과 ROE 2.7%는 이익 대비 밸류에이션 부담이 큰 반면 수익성은 낮아, 현재 주가 수준을 정당화할 상승 근거가 약합니다.""]",-7.0974889645531585,-1.4942082030638228,-4.883867331239526,3.7005217474570324
068270,셀트리온,2024-12-02,169823,Neutral,61,"[""PER 178.7과 PBR 2.11은 밸류에이션 부담이 큰 편이지만, ROE 1.2%로 수익성은 낮아 현재 가격을 정당화할 성장·이익 근거가 약합니다."", ""현재 주가는 52주 최고가 대비 낮고 52주 내 위치가 36.5%로 중간 이하 구간에 있어 추세적으로 강한 상승 신호도, 명확한 하락 추세도 확인되지 않습니다."", ""최근 1개월 수익률이 1.93%로 소폭 플러스이고 거래량 변화율이 10.97%로 수급 변화는 있으나, 방향성을 단정할 만큼 강한 모멘텀은 아닙니다.""]",-2.5683527297471778,1.341173323097145,0.7219156595172427,3.6682802388205094
068270,셀트리온,2025-01-02,173667,Neutral,61,"[""PER 182.7과 PBR 2.16은 밸류에이션 부담이 큰 편이지만, ROE 1.2%로 수익성은 낮아 현재 가격을 정당화할 실적 모멘텀이 약합니다."", ""현재 주가는 52주 최고가 대비 35.6% 위치로 고점 대비 여유는 있으나, 최근 1개월 수익률이 0.95%에 그쳐 단기 추세의 방향성이 뚜렷하지 않습니다."", ""거래량 변화율 59.12%는 관심 증가를 시사하지만, 시가총액 38.5조원 규모와 낮은 ROE를 함께 보면 향후 20거래일 내 상승·하락을 단정할 만큼 강한 근거는 부족합니다.""]",2.321443943872134,0.05509483772848575,-0.7032251689571201,-3.8283247665173508
068270,셀트리온,2025-02-03,169525,Sell,78,"[""PER 178.3과 PBR 2.11 대비 ROE 1.2%로 수익성 대비 밸류에이션 부담이 매우 커 20거래일 내 주가 상승 근거가 약합니다."", ""최근 1개월 수익률이 -3.77%로 단기 추세가 약세이며, 거래량 변화율 -51.86%는 매수세 둔화를 시사합니다."", ""현재가가 52주 최고가 대비 낮고 52주 내 위치가 43.5%에 불과해 강한 모멘텀 구간으로 보기 어렵고, 단기 반등보다 추가 약세 가능성을 더 높게 봅니다.""]",1.2968696049112498,4.11533712172198,-1.0144585625875162,1.035178036582416
068270,셀트리온,2025-03-04,176749,Neutral,61,"[""PER 185.9와 PBR 2.20은 밸류에이션 부담이 큰 편이지만, 이는 단기 20거래일 방향성을 직접적으로 단정하기에는 부족합니다."", ""ROE 1.2%로 수익성은 매우 낮아 펀더멘털 측면의 강한 상승 근거가 약합니다."", ""주가는 52주 최고가 대비 61.5% 위치에 있고 최근 1개월 수익률이 2.11%로 완만한 상승세이며 거래량 변화율 33.39%로 수급 개선 신호도 있어, 상승·하락 근거가 혼재합니다.""]",1.1910851297040554,-8.12118827464096,0.5386554251933365,-6.0778988405621615
068270,셀트리온,2025-04-01,168369,Sell,78,"[""최근 1개월 수익률이 -5.00%로 단기 추세가 약세이며, 향후 20거래일에도 반등보다 추가 조정 가능성이 더 높습니다."", ""거래량 변화율이 -29.54%로 수급이 둔화된 상태라 단기 주가 상승을 뒷받침할 힘이 약합니다."", ""PER 78.4와 PBR 2.00 대비 ROE 2.5%로 밸류에이션 부담이 큰 반면 수익성은 낮아, 현재가 168,369원이 52주 최고가(183,265원)에 근접한 구간에서 상방 여력이 제한적입니다.""]",-8.957095749952588,-4.949925668524443,-0.4905413534579601,-6.975178475943852
068270,셀트리온,2025-05-02,156425,Neutral,61,"[""현재 주가는 52주 최고가 대비 17.5% 낮아 기술적으로는 반등 여지가 있으나, 최근 1개월 수익률이 -4.30%로 단기 추세는 약세입니다."", ""PER 72.8은 매우 높은 편인데 ROE가 2.5%에 그쳐 이익 대비 밸류에이션 부담이 크므로 20거래일 내 강한 상승 근거로 보기 어렵습니다."", ""거래량 변화율이 6.92%로 수급 개선 신호는 있으나, 시가총액 34.7조원과 낮은 수익성, 부진한 최근 수익률을 함께 보면 방향성을 확신하기 어렵습니다.""]",-3.7434505806234335,1.7467277190210035,-6.337669245632369,-7.51001328649613
068270,셀트리온,2025-06-02,155077,Neutral,61,"[""현재 주가는 52주 최고가 대비 19.2% 위치로 고점 부담은 크지 않지만, 최근 1개월 수익률이 -1.83%로 단기 모멘텀은 약합니다."", ""거래량 변화율이 14.64%로 수급 관심은 늘었으나, 가격 방향이 상승으로 확인될 만큼 강하지는 않습니다."", ""PER 59.8과 ROE 3.1% 조합은 밸류에이션 대비 수익성 매력이 높다고 보기 어려워 20거래일 내 뚜렷한 상승 근거가 제한적입니다.""]",6.018952747501536,11.452504932242311,0.6346649502992419,-1.0141116894319762
068270,셀트리온,2025-07-01,160400,Neutral,62,"[""현재 주가는 52주 최고가 대비 30.8% 낮아 기술적으로는 추가 반등 여지가 있지만, 이미 최근 1개월 수익률이 4.93%로 단기 상승이 선반영된 상태입니다."", ""거래량 변화율이 -20.08%로 수급 강도가 약해 보여 향후 20거래일 내 상승 추세의 지속성을 강하게 뒷받침하지 못합니다."", ""PER 61.9와 PBR 1.94는 밸류에이션 부담이 있는 반면 ROE 3.1%는 수익성 개선이 충분히 강하지 않아, 상승·하락 어느 한쪽으로 확신하기 어렵습니다.""]",4.262877442273535,6.631142687981054,2.354621993599368,0.7967849843915351
068270,셀트리온,2025-08-01,171300,Neutral,61,"[""현재 주가는 52주 최고가 대비 54.5% 수준으로 고점 부담은 크지 않지만, 최근 1개월 수익률이 -0.58%로 단기 추세가 강하지 않습니다."", ""거래량 변화율이 -17.99%로 수급 동력이 약화된 모습이라 향후 20거래일 내 뚜렷한 상승 모멘텀을 확신하기 어렵습니다."", ""PER 66.1과 ROE 3.1%는 밸류에이션 대비 수익성 매력이 높다고 보기 어려워, 상승과 하락 근거가 혼재되어 있습니다.""]",-0.5175388154111558,-1.5526164462334675,-2.3925288876850015,-2.3341270490449966
068270,셀트리온,2025-09-01,169800,Sell,74,"[""최근 1개월 수익률이 -5.09%로 단기 추세가 약세이며, 향후 20거래일에도 반등보다 추가 조정 가능성이 더 높습니다."", ""거래량 변화율이 -21.42%로 수급 동력이 둔화되어 있어 상승 추세 전환의 신뢰도가 낮습니다."", ""PER 68.3과 PBR 2.13은 현재가에 비해 밸류에이션 부담이 큰 편인데 ROE가 3.1%로 낮아, 단기적으로 주가를 지지할 실적 효율성이 약합니다.""]",-0.9929906542056074,1.2850467289719625,-3.757502766677443,-6.666471861347517
068270,셀트리온,2025-10-01,175100,Neutral,61,"[""현재가 175,100원은 52주 최고가 180,196원 대비 약 2.8% 낮아 단기적으로는 고점 부근에 위치해 추가 상승 여력이 크다고 보기 어렵습니다."", ""최근 1개월 수익률이 2.28%로 완만한 상승에 그쳐 강한 추세 모멘텀은 확인되지 않지만, 거래량 변화율 49.43%는 관심 증가를 시사해 방향성을 단정하기 어렵습니다."", ""PER 70.5와 PBR 2.19는 밸류에이션 부담이 있는 반면 ROE 3.1%는 수익성 측면에서 강하지 않아, 향후 20거래일 내 상승·하락 근거가 균형적입니다.""]",0.34207525655644244,-0.3990877993158495,-5.269314320278962,-13.845460372367311
068270,셀트리온,2025-11-03,174600,Sell,78,"[""현재가 174,600원은 52주 최고가 175,573원에 매우 근접해 있어 단기적으로 추가 상승 여력이 제한적이고, 고점 부근 부담이 큽니다."", ""PER 70.2와 PBR 2.19는 밸류에이션 부담이 큰 수준인데 ROE는 3.1%로 낮아, 현재 주가를 정당화할 성장·수익성 근거가 약합니다."", ""최근 1개월 수익률이 -1.91%로 약세이고, 거래량 변화율 15.85%는 변동성 확대 신호일 수 있으나 추세 반전의 명확한 상승 근거로 보기는 어렵습니다.""]",-1.9852524106636416,4.480998298355077,-1.6128368774179866,7.557611573331178
068270,셀트리온,2025-12-01,185800,Neutral,61,"[""현재가 185,800원이 52주 최고가 186,915원에 매우 근접해 있어 단기적으로 추가 상승 여력이 크다고 보기 어렵고, 고점 부근 부담이 존재합니다."", ""최근 1개월 수익률이 5.81%로 양호하고 거래량 변화율도 81.74%로 증가해 단기 모멘텀은 살아 있으나, 이미 상당 부분 주가에 반영됐을 가능성이 있습니다."", ""PER 51.1과 PBR 2.30은 밸류에이션 부담이 있는 반면 ROE 4.5%는 수익성 대비 매력이 크지 않아, 향후 20거래일 방향성을 강하게 한쪽으로 단정하기 어렵습니다.""]",1.6829533116178068,9.93485342019544,-2.0372620613674606,2.0573687083231347
373220,LG에너지솔루션,2023-01-02,446000,Sell,86,"[""PER 185.1과 PBR 4.62는 현재 주가가 실적과 자산가치 대비 매우 높은 수준임을 시사해 20거래일 내 추가 상승 여력이 제한적입니다."", ""ROE 2.5%로 수익성 대비 밸류에이션 부담이 크며, 시가총액 104.4조원 규모에서 단기 재평가를 이끌 강한 실적 모멘텀이 보이지 않습니다."", ""최근 1개월 수익률이 -23.76%로 급락했고 거래량 변화율도 -4.64%로 약세 흐름이 이어져 단기적으로 하락 추세가 우세합니다.""]",7.491486946651532,20.998864926220204,1.513608207942024,9.72188942727487
373220,LG에너지솔루션,2023-02-01,522000,Neutral,62,"[""최근 1개월 수익률이 19.86%로 단기 모멘텀은 양호하지만, 이미 52주 최고가 대비 상당 부분 상승한 상태여서 추가 상승 여력은 제한적으로 보입니다."", ""PER 216.7과 PBR 5.40은 현재 주가가 재무지표 대비 매우 높은 수준임을 시사하며, ROE 2.5%는 밸류에이션을 정당화할 만큼 수익성이 강하지 않습니다."", ""거래량 변화율 20.10%는 관심 증가를 보여주지만, 52주 내 현재 위치 61.9%는 강한 추세 추종 구간이라기보다 중간권에 가까워 향후 20거래일 방향성을 확신하기 어렵습니다.""]",3.189493433395872,0.9380863039399625,2.677520392988891,2.4290457673403685
373220,LG에너지솔루션,2023-03-02,535000,Sell,74,"[""PER 222.1과 PBR 5.54는 현재 주가가 실적과 자산가치 대비 매우 높은 수준임을 시사해 20거래일 내 추가 상승 여력이 제한적입니다."", ""ROE 2.5%로 수익성 대비 밸류에이션 부담이 크며, 이는 단기적으로 주가 재평가 압력보다 조정 압력을 키울 수 있습니다."", ""최근 1개월 수익률은 2.69%로 강한 추세가 아니고 거래량 변화율이 -22.56%로 수급 동력이 약해 단기 하락 가능성을 더 높게 봅니다.""]",2.41635687732342,8.550185873605948,3.957430941803473,6.708544802419675
373220,LG에너지솔루션,2023-04-03,586000,Sell,74,"[""PER 177.2와 PBR 7.32는 현재 주가가 이익과 자산 대비 매우 높은 수준에 있어 20거래일 내 추가 상승 여력이 제한적으로 보입니다."", ""ROE 4.1%는 자본효율성이 낮아 높은 밸류에이션을 정당화할 만큼의 수익성 개선 신호가 약합니다."", ""주가는 52주 최고가의 85.8%까지 올라와 있고 최근 1개월 수익률이 8.92%로 단기 상승이 이미 진행된 상태라, 추가 상승보다 되돌림 위험이 더 커 보입니다.""]",6.086956521739131,-1.391304347826087,3.371789076334762,-2.233469870238811
373220,LG에너지솔루션,2023-05-02,591000,Sell,74,"[""현재 주가는 52주 최고가 624,000원 대비 87.7% 수준으로 고점권에 근접해 있어, 향후 20거래일 내 추가 상승 여력이 제한적으로 보입니다."", ""PER 178.8과 PBR 7.38은 절대적으로 높은 편인데 ROE는 4.1%에 그쳐, 밸류에이션 부담에 비해 수익성 개선이 충분히 뒷받침되지 않습니다."", ""최근 1개월 수익률이 1.20%로 강한 추세가 아니고 거래량 변화율도 -8.22%로 수급 동력이 약해 단기 하락 또는 조정 가능성이 더 높습니다.""]",-2.4691358024691357,3.7037037037037033,-2.0533686320845472,-0.2924584454927479
373220,LG에너지솔루션,2023-06-01,584000,Sell,74,"[""현재가 584,000원은 52주 최고가 624,000원 대비 약 6.4% 낮아 단기적으로 추가 상승 여력이 크지 않은 고점권 구간에 위치합니다."", ""최근 1개월 수익률이 0.52%로 사실상 정체되어 있어 20거래일 내 강한 상승 추세를 뒷받침하는 모멘텀이 약합니다."", ""거래량 변화율이 -40.17%로 크게 감소해 수급 동력이 약화된 상태로 해석되며, 이는 단기 주가 하락 가능성을 높입니다.""]",4.081632653061225,-2.5510204081632653,3.005657009551684,-2.593690396169526
373220,LG에너지솔루션,2023-07-03,573000,Neutral,58,"[""현재가가 52주 최고가 624,000원 대비 낮지만 52주 내 위치가 81.0%로 고점권에 있어 추가 상승 여력과 단기 조정 가능성이 동시에 존재합니다."", ""최근 1개월 수익률이 -1.88%로 단기 모멘텀이 약한 반면, 거래량 변화율 44.84%는 변동성 확대 신호로 방향성을 단정하기 어렵습니다."", ""PER 0.0과 ROE N/A는 재무지표 해석에 제약이 크고, PBR 6.82는 밸류에이션 부담을 시사해 20거래일 내 뚜렷한 상승 근거가 충분하지 않습니다.""]",-3.3391915641476277,-2.10896309314587,-2.1507489946129343,-4.953204622311308
373220,LG에너지솔루션,2023-08-01,557000,Neutral,58,"[""현재가가 52주 최고가 대비 70.9% 수준으로 고점 대비 여유는 있으나, 최근 1개월 수익률이 -2.79%로 단기 추세가 약합니다."", ""거래량 변화율이 97.57%로 급증해 변동성 확대 가능성은 있으나, 방향성이 상승인지 하락인지 데이터만으로는 확정하기 어렵습니다."", ""PER 0.0과 ROE N/A는 수익성·밸류에이션 판단에 필요한 핵심 해석이 불가능해 20거래일 방향성을 강하게 단정하기 어렵습니다.""]",1.6544117647058825,0.0,2.0882023298566357,2.300809869786385
373220,LG에너지솔루션,2023-09-01,522000,Sell,74,"[""최근 1개월 수익률이 -4.04%로 단기 추세가 약세이며, 향후 20거래일에도 반등보다 추가 조정 가능성이 더 높습니다."", ""거래량 변화율이 -46.63%로 수급이 크게 위축되어 있어 상승 모멘텀 형성이 약합니다."", ""52주 최고가 대비 현재 위치가 48.4%로 고점 대비 중간 수준이지만, PER 0.0과 ROE N/A는 이익 기반의 저평가·성장 판단을 할 수 없게 만들어 상승 근거가 부족합니다.""]",-4.150943396226415,-12.452830188679245,-3.0803508365932073,-5.650098571956792
373220,LG에너지솔루션,2023-10-04,456000,Sell,82,"[""최근 1개월 수익률이 -17.54%로 단기 추세가 뚜렷하게 약세이며, 향후 20거래일에도 약세 흐름이 이어질 가능성이 높습니다."", ""현재 주가는 52주 최고가 대비 크게 낮고 52주 내 위치가 14.9%에 불과해, 기술적으로도 고점 회복보다 하방 압력이 우세한 구간으로 보입니다."", ""거래량 변화율이 -12.69%로 수급이 둔화된 상태이며, PER 0.0과 ROE N/A는 이 데이터만으로는 실적 기반의 상승 근거를 제공하지 못합니다.""]",3.5294117647058822,-14.010695187165775,1.343107887188817,-12.543728969825128
373220,LG에너지솔루션,2023-11-01,377500,Sell,82,"[""현재가가 52주 최저가와 동일해 52주 내 위치가 0.0%로, 기술적으로도 추가 하락 압력이 우세한 구간으로 해석됩니다."", ""최근 1개월 수익률이 -20.61%로 단기 추세가 매우 약하며, 20거래일 관점에서도 약세 흐름이 이어질 가능성이 높습니다."", ""거래량 변화율이 31.53%로 증가했지만 가격은 하락 중이어서, 매수세 유입보다 하락 국면에서의 거래 활성화로 보는 것이 더 타당합니다.""]",9.578544061302683,16.091954022988507,5.995287548618738,7.890496137775624
373220,LG에너지솔루션,2023-12-01,428500,Neutral,61,"[""최근 1개월 수익률이 9.45%로 단기 모멘텀은 양호하지만, 52주 최고가 대비 현재 위치가 21.8%에 불과해 추가 상승 여력과 추세 지속성을 단정하기 어렵습니다."", ""거래량 변화율이 -16.09%로 상승을 뒷받침하는 수급 확장이 확인되지 않아, 최근 주가 강세의 신뢰도가 제한적입니다."", ""PER 0.0과 ROE N/A는 제공된 데이터만으로 밸류에이션과 수익성 판단이 불가능하며, PBR 4.89는 자산가치 대비 부담이 있어 방향성을 강하게 Buy로 보기 어렵습니다.""]",-0.3488372093023256,-2.558139534883721,-0.7627619394162567,-5.423802868150791
373220,LG에너지솔루션,2024-01-02,429500,Sell,74,"[""최근 1개월 수익률이 -3.92%로 단기 추세가 약세이며, 향후 20거래일에도 반등보다 추가 조정 가능성이 더 높습니다."", ""거래량 변화율이 -39.69%로 수급이 위축된 상태라 단기 주가 상승을 뒷받침할 힘이 부족합니다."", ""현재 주가는 52주 최고가 대비 낮고 52주 내 위치가 22.2%에 불과해, 기술적으로도 강한 상승 추세보다는 약세 구간에 가깝습니다.""]",-1.3221153846153846,-8.413461538461538,1.1835321985258576,-4.186116113483312
373220,LG에너지솔루션,2024-02-01,381500,Sell,78,"[""최근 1개월 수익률이 -8.29%로 단기 추세가 하락 방향이며, 향후 20거래일에도 약세 흐름이 이어질 가능성을 시사합니다."", ""현재 주가가 52주 최고가 대비 크게 낮고 52주 내 위치가 5.5%에 불과해, 기술적으로도 강한 반등 신호보다 약세 구간에 더 가깝습니다."", ""거래량 변화율이 12.22%로 증가했지만 가격은 하락 중이어서, 매수 우위보다는 하락 국면에서의 거래 활성화로 해석하는 것이 더 타당합니다.""]",1.5483870967741935,-0.12903225806451613,0.23573200043762443,-1.1300608168204507
373220,LG에너지솔루션,2024-03-04,398500,Neutral,61,"[""현재가가 52주 최저가(368,000원) 대비는 높지만 52주 최고가(612,000원) 대비 현재 위치가 12.5%에 불과해 중장기 추세상 강한 상승 모멘텀으로 보기 어렵습니다."", ""최근 1개월 수익률이 6.27%로 단기 반등은 확인되지만, 거래량 변화율이 -0.51%로 수급 확장이 동반되지 않아 상승 지속 근거가 제한적입니다."", ""PER 0.0과 ROE N/A는 제공된 데이터만으로는 밸류에이션과 수익성 판단이 불가능하고, PBR 4.55는 자산가치 대비 부담이 있어 방향성을 단정하기 어렵습니다.""]",8.258064516129032,1.4193548387096775,7.034768675561362,-2.497003582064828
373220,LG에너지솔루션,2024-04-01,395500,Sell,74,"[""현재가가 52주 최고가 대비 크게 낮고(52주 내 현재 위치 11.3%), 최근 1개월 수익률도 -1.49%로 단기 추세가 약합니다."", ""거래량 변화율이 -14.50%로 수급 동력이 둔화된 모습이라 향후 20거래일 내 반등 지속 근거가 약합니다."", ""PER 74.8과 PBR 4.58은 밸류에이션 부담이 큰 편인데 ROE 6.1%는 이를 충분히 정당화하기 어려워 주가 하방 압력이 우세합니다.""]",-4.8346055979643765,-1.0178117048346056,-3.09115443639004,1.5069235085202217
373220,LG에너지솔루션,2024-05-02,389000,Neutral,62,"[""현재 주가는 52주 최고가 대비 크게 낮고 52주 내 위치가 9.9%로 기술적으로는 저점권에 가까워 단기 반등 가능성은 있으나, 이것만으로 상승 추세를 확정하기는 어렵습니다."", ""최근 1개월 수익률이 -1.64%로 단기 모멘텀이 약하고, 거래량 변화율 4.27%도 뚜렷한 추세 전환 신호로 보기에는 강도가 제한적입니다."", ""PER 73.6과 PBR 4.51은 밸류에이션 부담이 큰 편인데 ROE 6.1%는 이를 충분히 뒷받침하지 못해, 향후 20거래일 방향성을 상승 또는 하락 한쪽으로 강하게 단정하기 어렵습니다.""]",-2.4296675191815855,-13.938618925831204,-4.3193571662377686,-13.395772137145423
373220,LG에너지솔루션,2024-06-03,332000,Sell,78,"[""현재가 332,000원은 52주 최저가 328,000원에 매우 근접해 52주 내 현재 위치가 1.4%에 불과해 단기적으로도 약세 흐름이 우세합니다."", ""최근 1개월 수익률이 -14.65%로 뚜렷한 하락 추세가 확인되며, 20거래일 관점에서 추세 반전 근거가 아직 약합니다."", ""PER은 적자로 산출 불가하고 PBR 3.75는 낮지 않은 수준인데도 시가총액이 77.7조원으로 큰 편이라, 제공된 데이터만 보면 하방을 방어할 뚜렷한 상승 모멘텀이 부족합니다.""]",4.457652303120357,6.389301634472511,1.975777091821,1.4341910075238493
373220,LG에너지솔루션,2024-07-01,347000,Neutral,61,"[""현재 주가는 52주 최저가 326,500원에 매우 근접해 52주 내 위치가 7.6%로 낮아 단기 반등 여지는 있으나, 이것만으로 20거래일 상승을 확정하기는 어렵습니다."", ""최근 1개월 수익률이 5.79%로 이미 단기 회복이 진행 중이고 거래량 변화율도 12.92%로 수급 개선 신호가 있으나, 상승 추세의 강도가 충분히 검증되었다고 보기는 어렵습니다."", ""PER은 적자로 산출 불가하고 PBR 3.92는 낮지 않은 수준이라 밸류에이션 측면의 강한 저평가 근거가 부족해, 상승·하락 어느 쪽도 우세하다고 단정하기 어렵습니다.""]",5.676855895196507,-3.056768558951965,2.5655881578778366,-1.5223511485105883
373220,LG에너지솔루션,2024-08-01,333500,Neutral,61,"[""현재가가 52주 최저가 321,500원에 매우 근접해 52주 내 위치가 4.4%로 낮아 기술적으로는 반등 여지가 있으나, 이것만으로 20거래일 상승을 확신하기는 어렵습니다."", ""최근 1개월 수익률이 -6.84%로 단기 추세가 약세이며, 거래량 변화율 1.28%도 추세 전환을 강하게 뒷받침할 만큼 크지 않습니다."", ""PER은 적자로 산출 불가하고 ROE도 N/A로 수익성 판단이 제한되며, PBR 3.77과 시가총액 78.0조원만으로는 향후 20거래일 방향성을 명확히 결정하기 어렵습니다.""]",-4.166666666666666,22.61904761904762,-0.8873778269355479,22.43931449098123
373220,LG에너지솔루션,2024-09-02,412000,Buy,74,"[""최근 1개월 수익률이 23.54%로 강한 상승 추세가 확인되어 20거래일 내에도 모멘텀이 이어질 가능성이 있습니다."", ""거래량 변화율이 42.59%로 증가해 가격 상승을 뒷받침하는 수급 개선 신호로 해석할 수 있습니다."", ""현재 주가는 52주 최고가 대비 아직 39.2% 수준에 머물러 있어, 단기적으로 추가 상승 여지가 남아 있습니다.""]",-7.664233576642336,6.204379562043796,-2.3651864293836073,8.841518677042876
373220,LG에너지솔루션,2024-10-02,408500,Neutral,61,"[""최근 1개월 수익률이 10.85%로 단기 모멘텀은 양호하지만, 20거래일 추가 상승을 확정할 만큼 강한 추세 신호로 보기는 어렵습니다."", ""현재 주가는 52주 최고가 대비 낮고 52주 내 위치가 47.0%로 중립권에 있어, 과열도 아니지만 강한 저평가 신호도 아닙니다."", ""PER이 적자로 산출되지 않고 PBR 4.63은 높은 편이며, 시가총액 95.6조원인 대형주라는 점을 감안하면 밸류에이션 측면에서 추가 상승 근거가 제한적입니다.""]",0.6195786864931847,5.5762081784386615,-1.465481495395041,4.826707261992846
373220,LG에너지솔루션,2024-11-01,412500,Neutral,61,"[""현재 주가는 52주 최고가 493,500원 대비 낮고 52주 내 위치가 53.0%로 중립권에 있어, 강한 추세 상승 또는 하락 신호로 보기 어렵습니다."", ""최근 1개월 수익률이 -0.48%로 사실상 횡보에 가깝고 거래량 변화율도 -5.33%로 약세 모멘텀이 강하지는 않지만 뚜렷한 매수 신호도 확인되지 않습니다."", ""PER은 적자로 산출되지 않고 PBR 4.67, 시가총액 96.5조원이라는 정보만으로는 향후 20거래일 내 방향성을 확정하기 어려워 적극적 중립 판단이 적절합니다.""]",-2.3474178403755865,-8.098591549295776,-0.13379620706195405,-2.9038615987749203
373220,LG에너지솔루션,2024-12-02,391500,Neutral,61,"[""최근 1개월 수익률이 -5.09%로 단기 추세가 약세이지만, 52주 최고가 대비 현재 위치가 52.8%로 극단적 저점 구간은 아닙니다."", ""거래량 변화율이 7.11%로 수급 개선 신호는 있으나, 이를 뒷받침할 실적 모멘텀은 적자 상태(PER 해당없음, ROE N/A)라 방향성을 단정하기 어렵습니다."", ""PBR 4.53과 시가총액 91.6조원은 밸류에이션 부담을 시사하지만, 현재가가 52주 범위 중간 수준이라 향후 20거래일 내 상승·하락 근거가 균형적입니다.""]",-3.022670025188917,-10.327455919395465,0.2675983640755035,-8.0003490036721
373220,LG에너지솔루션,2025-01-02,346000,Sell,78,"[""최근 1개월 수익률이 -9.31%로 단기 추세가 이미 약세이며, 향후 20거래일에도 반등보다 추가 조정 가능성이 더 높습니다."", ""거래량 변화율이 -33.78%로 수급이 둔화된 상태라 하락 추세의 신뢰도가 높고, 단기 반전 동력도 약합니다."", ""52주 최고가 대비 현재 위치가 21.6%에 불과해 고점 대비 큰 폭으로 밀린 상태이며, 적자 기업이라 PER과 ROE로도 상승 근거를 확인할 수 없습니다.""]",-2.106741573033708,-3.932584269662921,-5.131410685862962,-7.816003873908757
373220,LG에너지솔루션,2025-02-03,336500,Neutral,61,"[""현재 주가는 52주 최고가 대비 크게 낮고 52주 내 위치가 13.4%로 저점권에 가까워 기술적으로는 반등 여지가 있으나, 이것만으로 상승 추세를 확정하기는 어렵습니다."", ""최근 1개월 수익률이 -2.32%로 단기 모멘텀이 약하고 거래량 변화율도 -10.54%로 수급 개선 신호가 부족합니다."", ""PER은 적자로 산출 불가하고 ROE도 N/A이며 PBR 3.89는 낮지 않아, 제공된 데이터만으로는 향후 20거래일 방향성을 강하게 Buy 또는 Sell로 단정하기 어렵습니다.""]",3.003003003003003,0.3003003003003003,0.6916748355042368,-2.779858784839264
373220,LG에너지솔루션,2025-03-04,332000,Sell,74,"[""현재가 332,000원은 52주 최저가 321,000원에 매우 근접해 있어 최근 약세 흐름이 이어진 상태로 해석됩니다."", ""최근 1개월 수익률이 -5.68%이고 거래량 변화율도 -7.16%로, 가격 하락과 수급 둔화가 동시에 나타나 단기 반등 근거가 약합니다."", ""PER이 적자로 산출되지 않고 PBR 3.84로 자산가치 대비 부담이 있는 편인데, 실적 기반의 하방 방어 논리가 데이터상 충분하지 않습니다.""]",4.341317365269461,-1.4970059880239521,3.688887660758742,0.5462834460548467
373220,LG에너지솔루션,2025-04-01,328000,Sell,74,"[""현재 주가는 52주 최저가 321,000원에 매우 근접해 52주 내 현재 위치가 6.1%에 불과해 기술적으로 약세 구간에 있습니다."", ""최근 1개월 수익률이 -6.82%로 단기 추세가 하락 방향이며, 향후 20거래일 내 반등 근거보다 약세 연속성 가능성이 더 큽니다."", ""거래량 변화율이 28.04%로 높아졌지만, 적자 상태로 PER이 산출되지 않고 PBR 3.63만으로는 단기 주가 하락 위험을 상쇄할 명확한 상승 근거가 부족합니다.""]",-4.5592705167173255,-1.3677811550151975,3.907283879777302,-3.393033962434606
373220,LG에너지솔루션,2025-05-02,320500,Sell,74,"[""현재 주가가 52주 최저가 314,000원에 매우 근접해 52주 내 위치가 5.3%에 불과해, 단기 추세가 약세 구간에 머물러 있습니다."", ""최근 1개월 수익률이 -2.58%로 부진하고 거래량 변화율도 -15.42%로 감소해, 20거래일 내 반등을 뒷받침할 수급 개선 신호가 약합니다."", ""PER이 적자로 산출되지 않고 PBR 3.55, 시가총액 75.0조원인 점을 감안하면 밸류에이션 부담이 존재하는데, 제공된 데이터상 이를 상쇄할 상승 모멘텀이 확인되지 않습니다.""]",-2.7906976744186047,-9.767441860465116,-5.38491633942754,-19.024182865982247
373220,LG에너지솔루션,2025-06-02,284500,Sell,78,"[""최근 1개월 수익률이 -18.71%로 단기 추세가 뚜렷하게 약세이며, 향후 20거래일에도 반등보다 추가 약세 가능성이 더 높습니다."", ""현재 주가는 52주 최고가 대비 크게 하락한 상태이지만 52주 내 현재 위치가 9.8%로 저점권에 가까워, 아직 추세 전환 신호보다 하락 추세 지속 신호가 우세합니다."", ""PER은 적자로 산출 불가하고 ROE도 N/A인 반면 PBR 3.15과 시가총액 66.6조원은 밸류에이션 부담을 완화해줄 만큼의 수익성 근거를 제공하지 못합니다.""]",5.37261698440208,10.398613518197573,-0.011670812800214314,-2.0680031034767143
373220,LG에너지솔루션,2025-07-01,297500,Neutral,61,"[""현재 주가는 52주 최고가 대비 크게 낮고 52주 내 위치가 17.5%로 저점권에 가까워 기술적으로는 반등 여지가 있으나, 이것만으로 20거래일 상승을 확정하기는 어렵습니다."", ""최근 1개월 수익률이 3.30%로 단기 모멘텀은 플러스지만, 거래량 변화율이 -9.90%로 상승 추세의 신뢰도를 강하게 뒷받침하지는 않습니다."", ""PER은 적자로 산출 불가하고 ROE도 N/A이며 PBR 3.29는 낮지 않아, 제공된 재무지표만으로는 저평가 또는 강한 상승 근거를 명확히 확인하기 어렵습니다.""]",0.8264462809917356,29.91735537190083,-1.0818091676824313,24.08299766831131
373220,LG에너지솔루션,2025-08-01,373000,Neutral,66,"[""최근 1개월 수익률이 17.11%로 단기 모멘텀은 강하지만, 이미 52주 최고가 대비 14.6% 낮아 추가 상승 여력은 데이터만으로 확신하기 어렵습니다."", ""거래량 변화율이 49.32%로 수급 개선 신호는 있으나, 이는 단기 과열 또는 추세 지속의 양면 해석이 가능해 방향성을 단정하기 어렵습니다."", ""PER과 ROE가 모두 유효하지 않고 PBR 4.12만으로는 적자 기업의 향후 20거래일 주가 방향을 판단하기에 근거가 제한적입니다.""]",3.5952063914780292,-6.790945406125166,1.7202163192041833,-7.572456008936696
373220,LG에너지솔루션,2025-09-01,349000,Sell,78,"[""최근 1개월 수익률이 -8.76%로 단기 추세가 하락 방향이며, 향후 20거래일에도 약세 흐름이 이어질 가능성이 높습니다."", ""거래량 변화율이 -48.02%로 수급이 크게 위축되어 있어 반등 탄력이 약한 상태로 해석됩니다."", ""현재 주가는 52주 최고가 대비 낮고 52주 내 위치가 48.1%로 중립권이지만, 적자 상태로 PER이 없고 PBR 4.16은 부담 요인이라 상승 근거보다 하락 리스크가 더 큽니다.""]",-0.8571428571428572,-0.7142857142857143,-3.621654969614693,-8.665804304605194
373220,LG에너지솔루션,2025-10-01,347500,Neutral,61,"[""PER이 적자로 산출되지 않고 ROE도 N/A로 수익성 판단이 어려워, 현재 재무지표만으로 20거래일 방향성을 강하게 단정하기 어렵습니다."", ""주가는 52주 최고가 대비 크게 낮고(현재 47.2% 위치), 최근 1개월 수익률도 -0.71%로 단기 추세가 강한 상승 신호는 아닙니다."", ""거래량 변화율이 7.38%로 수급 변화 가능성은 있으나, 방향성이 명확하지 않아 상승·하락 어느 쪽도 우세하다고 보기 어렵습니다.""]",5.3884711779448615,17.794486215538846,-0.22291839889054277,4.348113642487384
373220,LG에너지솔루션,2025-11-03,475500,Sell,72,"[""최근 1개월 수익률이 36.25%로 단기간 급등해 20거래일 관점에서는 차익실현 압력이 커질 수 있습니다."", ""현재 주가가 52주 최고가 514,000원 대비 84.3% 위치에 있어 상승 여력이 제한적이며 고점 근접 부담이 있습니다."", ""거래량 변화율이 148.31%로 급증해 추세가 강하긴 하지만, 이미 큰 폭 상승한 뒤의 과열 신호로 해석될 여지도 있어 추가 상승보다 조정 가능성을 더 크게 봅니다.""]",0.0,-12.26215644820296,0.37241553324565485,-9.18554317322686
373220,LG에너지솔루션,2025-12-01,413000,Sell,78,"[""최근 1개월 수익률이 -12.69%로 단기 추세가 이미 약세이며, 향후 20거래일에도 모멘텀 둔화가 이어질 가능성이 높습니다."", ""거래량 변화율이 -34.12%로 수급 참여가 줄어드는 모습이라 반등 탄력이 약하고 추가 하락 압력에 취약합니다."", ""52주 최고가 대비 현재 위치가 58.9%로 고점 대비 조정이 진행 중인 가운데, 적자 상태로 PER이 없고 ROE도 제시되지 않아 밸류에이션을 지지할 실적 근거가 부족합니다.""]",6.8674698795180715,-13.012048192771083,3.1472545065328044,-20.88953290464339
006400,삼성SDI,2023-01-02,589377,Sell,82,"[""최근 1개월 수익률이 -17.08%로 단기 추세가 뚜렷하게 약세이며, 향후 20거래일에도 모멘텀 약화가 이어질 가능성이 높습니다."", ""거래량 변화율이 -16.43%로 감소해 하락 추세를 지지하는 수급 개선 신호가 부족합니다."", ""52주 최고가 대비 현재 위치가 43.4%에 불과하고, PER이 적자로 산출되지 않는 상황에서 PBR 2.54는 단기 반등을 강하게 뒷받침할 저평가 신호로 보기 어렵습니다.""]",1.1569857255007894,18.346994420198712,-4.820893013208719,7.070018921253379
006400,삼성SDI,2023-02-01,704903,Neutral,66,"[""최근 1개월 수익률이 21.83%로 단기 모멘텀은 강하지만, 이미 52주 최고가의 85.7% 수준까지 올라와 추가 상승 여력이 제한될 수 있습니다."", ""거래량 변화율이 11.25%로 수급 개선 신호는 있으나, 현재가가 704,903원으로 52주 최고가 744,065원에 근접해 추격 매수의 기대수익 대비 위험이 커 보입니다."", ""PER은 적자로 산출 불가하고 ROE도 N/A로 수익성 판단이 어려워, PBR 3.04만으로는 향후 20거래일 방향성을 강하게 단정하기 어렵습니다.""]",3.0726675387703337,2.0950459851609233,2.5606944983633526,3.5860054485613295
006400,삼성SDI,2023-03-02,695113,Neutral,61,"[""현재 주가는 52주 최고가 대비 82.1% 수준으로 고점권에 가까워 추가 상승 여력이 제한될 수 있습니다."", ""최근 1개월 수익률이 3.65%로 단기 모멘텀은 플러스지만, 거래량 변화율이 -5.18%로 상승 추세의 강도는 약합니다."", ""PER은 적자로 산출되지 않고 PBR 2.99는 낮지 않은 편이라, 제공된 데이터만으로는 20거래일 내 뚜렷한 상승 또는 하락 우위를 확정하기 어렵습니다.""]",0.8207659084526033,0.5471772723017356,2.361839972932656,-1.2944637988845362
006400,삼성SDI,2023-04-03,729379,Neutral,61,"[""현재 주가는 52주 최고가 대비 83.3% 수준으로 고점권에 가까워 추가 상승 여력이 크다고 보기 어렵지만, 아직 추세 반전 신호로 단정할 수준의 약세도 확인되지 않습니다."", ""최근 1개월 수익률이 1.92%로 상승 폭이 크지 않아 단기 모멘텀이 강하다고 보기 어렵고, 거래량 변화율 7.85%는 방향성을 확정할 만큼 충분히 강한 신호는 아닙니다."", ""PER은 적자로 산출 불가하고 ROE도 N/A로 수익성 판단이 제한되며, PBR 3.11은 자산가치 대비 밸류에이션 부담이 있어 20거래일 내 뚜렷한 상승 근거가 약합니다.""]",5.647332922515891,-5.7852100093137375,2.932165477111522,-6.627375531726462
006400,삼성SDI,2023-05-02,685323,Neutral,61,"[""최근 1개월 수익률이 -4.76%로 단기 모멘텀이 약해 향후 20거래일 상승을 강하게 기대하기 어렵습니다."", ""현재 주가는 52주 최고가 대비 67.6% 수준으로 고점 대비 조정은 있었지만, 아직 뚜렷한 반등 신호로 보기에는 근거가 부족합니다."", ""PER이 적자로 산출되지 않고 PBR 2.93, 거래량 변화율 2.75%만으로는 방향성을 단정할 만한 재무·수급 우위가 확인되지 않습니다.""]",-2.046716383586846,4.532164179327358,-1.6309492132022576,0.536002030130907
006400,삼성SDI,2023-06-01,693155,Neutral,61,"[""현재 주가는 52주 최고가 대비 70.4% 수준으로 고점 대비 조정은 있었지만, 아직 극단적 저평가 구간이라고 보기 어려워 방향성이 뚜렷하지 않습니다."", ""최근 1개월 수익률이 2.46%로 단기 반등 신호는 있으나, 거래량 변화율이 -38.11%로 수급 강도는 약해 상승 추세의 신뢰도가 높지 않습니다."", ""PER은 적자로 산출 불가하고 ROE도 N/A로 수익성 판단이 제한되며, PBR 2.83은 자산가치 대비 부담이 있어 20거래일 내 강한 상승·하락을 단정하기 어렵습니다.""]",3.496531468211792,0.2797110890161255,2.4205558247022516,0.23704110100986447
006400,삼성SDI,2023-07-03,701966,Neutral,58,"[""PER이 적자로 산출되지 않아 이익 기반 밸류에이션 판단이 어렵고, PBR 2.87은 자산가치 대비 저평가 신호로 보기에는 다소 높은 편입니다."", ""주가는 52주 최고가 대비 73.5% 위치로 중간 이상이지만, 최근 1개월 수익률이 1.27%에 그쳐 단기 상승 모멘텀이 강하다고 보기 어렵습니다."", ""거래량 변화율 9.41%는 관심 증가를 시사하지만, 방향성이 명확할 정도의 강한 추세 신호는 아니어서 향후 20거래일 내 상승·하락을 단정하기 어렵습니다.""]",-3.5162018813605096,-5.766479143561484,-2.327759311825816,-8.610720672726922
006400,삼성SDI,2023-08-01,655952,Sell,72,"[""최근 1개월 수익률이 -6.55%로 단기 추세가 하락 방향이며, 향후 20거래일에도 약세 흐름이 이어질 가능성이 있습니다."", ""현재 주가는 52주 최고가 대비 크게 낮고 52주 내 현재 위치가 50.2%로 중간 수준에 머물러 있어 강한 상승 모멘텀이 확인되지 않습니다."", ""PER이 적자로 산출되지 않고 ROE도 N/A인 점은 수익성 기반의 재평가 근거가 약하며, PBR 2.68은 하락 리스크를 상쇄할 만큼 저평가로 보기 어렵습니다.""]",-2.461457231709176,-5.538435912384442,-2.027666666558423,-3.2376260425980576
006400,삼성SDI,2023-09-01,583503,Sell,78,"[""최근 1개월 수익률이 -8.31%로 단기 추세가 하락 방향이며, 향후 20거래일에도 약세 흐름이 이어질 가능성을 시사합니다."", ""거래량 변화율이 -39.36%로 수급이 크게 위축되어 있어 반등 탄력이 약한 상태로 해석됩니다."", ""52주 최고가 대비 현재 위치가 20.2%에 불과하고, 적자 상태로 PER이 산출되지 않아 밸류에이션 측면에서 즉각적인 상승 근거가 제한적입니다.""]",-6.065538085430585,-21.147669998827883,-4.994945525797378,-14.344938382105429
006400,삼성SDI,2023-10-04,474341,Sell,84,"[""현재가가 52주 최저가와 동일해 52주 내 위치가 0.0%로, 기술적으로도 추가 하락 압력이 완전히 해소됐다고 보기 어렵습니다."", ""최근 1개월 수익률이 -20.05%로 단기 추세가 매우 약해 향후 20거래일 내 반등보다 약세 연장이 더 우세합니다."", ""거래량 변화율이 39.11%로 급증했는데, 하락 구간에서의 거래량 확대는 매도 압력 강화 신호로 해석될 가능성이 큽니다.""]",7.566418170766605,-7.157433884703194,5.380114293249539,-5.690467667362548
006400,삼성SDI,2023-11-01,416578,Sell,84,"[""현재가가 52주 최저가 414,131원에 매우 근접해 52주 내 현재 위치가 0.7%에 불과해, 단기적으로도 약세 추세가 강하게 반영된 상태입니다."", ""최근 1개월 수익률이 -18.49%로 급락했고, 이는 향후 20거래일에도 추세 지속 가능성을 높이는 부정적 신호입니다."", ""거래량 변화율이 68.36%로 크게 증가해 변동성 확대 국면으로 보이며, 적자 상태로 PER이 산출되지 않는 점까지 감안하면 반등 근거보다 추가 하락 리스크가 더 큽니다.""]",-2.5496950466885444,4.656398131099349,-6.132951559372489,-3.5450597541135327
006400,삼성SDI,2023-12-01,437627,Sell,74,"[""현재 주가는 52주 최고가 대비 크게 낮지만 52주 내 위치가 8.0%로 최저가 부근에 가까워, 단기적으로는 약세 추세가 우세한 상태로 해석됩니다."", ""최근 1개월 수익률이 -0.89%로 부진하고 거래량 변화율도 -3.17%로 감소해, 향후 20거래일 내 반등을 뒷받침할 수 있는 수급 개선 신호가 약합니다."", ""PER은 적자로 산출 불가하고 ROE도 제시되지 않아 이익 기반의 상승 근거가 부족하며, PBR 1.69만으로는 단기 주가 하락 위험을 상쇄하기 어렵습니다.""]",1.4787873153839897,1.2512636973168945,1.0648625852700586,-1.614399635950175
006400,삼성SDI,2024-01-02,457208,Neutral,61,"[""현재 주가는 52주 최고가 대비 크게 낮고(52주 내 현재 위치 13.3%), 단기적으로는 과매도 반등 가능성과 추세 약세가 동시에 존재합니다."", ""최근 1개월 수익률이 -0.95%로 약세이며 거래량 변화율도 -16.23%로 수급 개선 신호가 약해 20거래일 내 뚜렷한 상승 근거가 부족합니다."", ""PER은 적자로 산출 불가하고 PBR 1.76은 극단적으로 저평가라고 보기 어려워, 현재 제공된 데이터만으로는 Buy 또는 Sell을 강하게 단정하기 어렵습니다.""]",-6.718930863937704,-16.57348480342592,-4.213283280796462,-12.346139378447694
006400,삼성SDI,2024-02-01,369585,Sell,82,"[""최근 1개월 수익률이 -15.45%로 단기 추세가 명확히 하락 방향이며, 향후 20거래일에도 약세 흐름이 이어질 가능성이 높습니다."", ""현재 주가가 52주 최고가 대비 크게 낮고 52주 내 위치가 6.7%에 불과해, 기술적으로도 추세 반전 신호가 확인되지 않은 약세 구간입니다."", ""거래량 변화율이 53.59%로 급증했지만 가격은 하락 중이어서, 매수세 유입보다 변동성 확대와 매도 압력 우위로 해석하는 것이 합리적입니다.""]",-0.5091485601413868,-7.252053227986277,-1.8218036564779558,-8.25308178674221
006400,삼성SDI,2024-03-04,366647,Neutral,61,"[""현재 주가는 52주 최고가 대비 6.1% 수준으로 바닥권에 가까워 기술적으로는 반등 여지가 있으나, 이것만으로 상승을 단정하기는 어렵습니다."", ""최근 1개월 수익률이 0.00%로 모멘텀이 없고 거래량 변화율도 -28.53%로 수급 약화가 확인되어 단기 상승 근거가 강하지 않습니다."", ""PER은 적자로 산출 불가하고 ROE도 N/A로 수익성 판단이 제한되며, PBR 1.41은 극단적 저평가로 보기 어려워 20거래일 방향성을 확신하기 어렵습니다.""]",25.375193344759833,23.60185610969441,24.151897504192164,19.685497688919902
006400,삼성SDI,2024-04-01,444481,Neutral,62,"[""최근 1개월 수익률이 20.42%로 단기 모멘텀은 강하지만, 이미 52주 최고가 대비 현재 위치가 24.7%에 불과해 추가 상승 여력과 과열 부담이 동시에 존재합니다."", ""거래량 변화율이 174.23%로 급증해 추세 전환 또는 강한 관심을 시사하지만, 이는 상승 지속 신호일 수도 있고 단기 과열 신호일 수도 있어 방향성을 단정하기 어렵습니다."", ""PER이 적자로 산출되지 않고 ROE도 N/A인 상태라 펀더멘털 기반의 상승 근거가 제한적이며, PBR 1.57은 극단적으로 저평가된 수준도 아니어서 20거래일 방향을 확신하기 어렵습니다.""]",-9.271660556209442,-2.0971720533391056,-7.528209394635105,0.4275631600157217
006400,삼성SDI,2024-05-02,434201,Sell,78,"[""최근 1개월 수익률이 -2.31%로 단기 모멘텀이 약하고, 향후 20거래일에도 추세 반전 근거가 아직 뚜렷하지 않습니다."", ""거래량 변화율이 -56.64%로 크게 감소해 매수세 유입이 약한 상태로 해석되며, 단기 주가 상승 동력이 제한적입니다."", ""52주 최고가 대비 현재 위치가 24.3%에 불과해 중장기 고점 대비 약세 구간에 머물러 있고, 적자 상태로 PER이 없어 밸류에이션 측면의 강한 매수 근거도 부족합니다.""]",-1.1415152419685832,-13.698649304130441,-3.0312048890247665,-13.15580251544466
006400,삼성SDI,2024-06-03,369095,Sell,84,"[""최근 1개월 수익률이 -13.13%로 단기 추세가 이미 하락 방향이며, 향후 20거래일에도 약세 흐름이 이어질 가능성이 높습니다."", ""거래량 변화율이 -27.95%로 수급이 둔화되고 있어 반등 동력이 약한 상태로 해석됩니다."", ""현재 주가가 52주 최고가 대비 크게 낮고 52주 내 위치가 7.5%에 불과해 기술적으로도 약세 구간에 머물러 있습니다.""]",4.1005312451023315,-3.0423645000729582,1.6186560338029747,-7.99747512702162
006400,삼성SDI,2024-07-01,359305,Neutral,66,"[""현재 주가는 52주 최고가 대비 크게 하락해 52주 내 위치가 5.3%에 불과해 기술적으로는 과매도 구간에 가까워 반등 여지는 있으나, 이것만으로 상승을 단정하기는 어렵습니다."", ""최근 1개월 수익률이 -3.17%로 단기 추세가 약하고, 적자 상태로 PER과 ROE가 의미 있게 작동하지 않아 펀더멘털 기반의 상승 근거가 제한적입니다."", ""거래량 변화율이 26.64%로 수급 변화는 감지되지만 방향성이 명확하지 않고, PBR 1.23은 극단적 저평가로 보기 어려워 20거래일 내 뚜렷한 상승·하락 우위를 확신하기 어렵습니다.""]",8.819341527910964,-5.974486385958794,5.7080737905922945,-4.440068975517418
006400,삼성SDI,2024-08-01,326997,Sell,78,"[""현재 주가는 52주 최고가 대비 크게 하락해 52주 내 위치가 3.7%에 불과하며, 이는 추세적으로 약세 구간에 있음을 시사합니다."", ""최근 1개월 수익률이 -8.87%로 단기 모멘텀이 부정적이어서 향후 20거래일 내 추가 약세 가능성을 높입니다."", ""PER은 적자로 산출 불가하고 ROE도 N/A인 반면 PBR 1.12는 저평가를 강하게 뒷받침할 만큼 낮지 않아, 현재 데이터만으로 반등 근거가 약합니다.""]",-7.875086509391581,9.658394142858876,-4.595797669660463,9.478661014792486
006400,삼성SDI,2024-09-02,361263,Neutral,61,"[""최근 1개월 수익률이 10.48%로 단기 모멘텀은 양호하지만, 52주 최고가 대비 현재 위치가 21.1%에 불과해 중기 추세 회복이 아직 완전하지 않습니다."", ""거래량 변화율이 9.12%로 수급 개선 신호는 있으나, 상승 지속을 강하게 뒷받침할 만큼 압도적인 수준은 아닙니다."", ""PER과 ROE가 모두 적자 상태로 확인되어 이익 기반의 밸류에이션 판단이 어렵고, PBR 1.20은 과도한 저평가나 강한 상승 여력을 단정하기에는 애매합니다.""]",-10.242524523637124,0.0,-4.943477376378396,2.63713911499908
006400,삼성SDI,2024-10-02,363710,Neutral,61,"[""최근 1개월 수익률이 9.43%로 단기 모멘텀은 양호하지만, 거래량 변화율이 -0.61%로 상승 추세의 강도는 뚜렷하지 않습니다."", ""현재 주가는 52주 최고가 대비 25.9% 수준으로 고점 대비 여전히 크게 낮아 추가 반등 여지는 있으나, 이를 뒷받침할 실적 지표(PER, ROE)가 부재해 방향성을 단정하기 어렵습니다."", ""PBR 1.21은 과도한 고평가 신호는 아니지만, 적자 상태로 인해 펀더멘털 기반의 상승 근거가 제한적이어서 20거래일 전망은 상승·하락 근거가 혼재됩니다.""]",-0.6916817359855334,-6.639070976491862,-2.776741917873759,-7.388571892937677
006400,삼성SDI,2024-11-01,324549,Sell,82,"[""최근 1개월 수익률이 -12.42%로 단기 추세가 명확히 약세이며, 향후 20거래일에도 반등보다 추가 조정 가능성이 더 높습니다."", ""거래량 변화율이 -25.96%로 수급이 위축된 상태라 하락 추세의 신뢰도가 높고, 단기 매수세 유입 근거가 약합니다."", ""현재 주가가 52주 최고가 대비 크게 낮고 52주 내 위치가 14.0%에 불과해 기술적으로도 약세 구간에 머물러 있습니다.""]",-18.66667877236149,-23.25927674526289,-16.453057139047857,-18.064546794742036
006400,삼성SDI,2024-12-02,253569,Sell,78,"[""최근 1개월 수익률이 -21.87%로 단기 추세가 뚜렷하게 약세이며, 향후 20거래일에도 반등보다 추가 하락 가능성을 더 높게 봅니다."", ""현재 주가가 52주 최고가 대비 크게 낮고 52주 내 위치가 5.2%에 불과해, 기술적으로도 약세 구간에 머물러 있습니다."", ""거래량 변화율이 92.83%로 급증했는데, 이는 변동성 확대와 함께 하락 추세가 강화되는 국면일 가능성을 시사합니다.""]",-3.256798694462816,-5.363816739522634,0.033469694801604444,-3.03670982379927
006400,삼성SDI,2025-01-02,234478,Neutral,66,"[""현재가가 52주 최저가와 동일해 52주 내 위치가 0.0%로 극단적 저점 구간이지만, 이는 추가 하락 여지와 기술적 반등 가능성이 동시에 존재해 방향성을 단정하기 어렵습니다."", ""최근 1개월 수익률이 -5.89%로 단기 추세가 약하고 거래량 변화율도 -41.17%로 수급 동력이 둔화되어 있어 상승 신호가 강하지 않습니다."", ""PBR 0.78은 저평가 가능성을 시사하지만 PER과 ROE가 모두 유효하지 않아 실적 기반의 상승 근거가 부족하므로 20거래일 방향을 확신하기 어렵습니다.""]",-5.263397306271995,-14.169985237014155,-8.288066419101249,-18.05340484125999
006400,삼성SDI,2025-02-03,203638,Sell,84,"[""현재가가 52주 최저가와 동일해 52주 내 위치가 0.0%로, 기술적으로도 약세 추세의 끝단에 있어 추가 하락 압력이 우세합니다."", ""최근 1개월 수익률이 -15.79%로 단기 모멘텀이 뚜렷하게 악화되어 있으며, 20거래일 관점에서도 반등보다 약세 연장이 더 자연스럽습니다."", ""PER이 적자로 산출되지 않고 ROE도 N/A인 반면 PBR 0.68은 낮지만, 제공된 데이터만으로는 저평가가 상승 촉매로 연결된다는 근거가 부족합니다.""]",2.4330114170116954,3.8928182672187126,0.12168324951292941,0.8126591820791482
006400,삼성SDI,2025-03-04,208534,Sell,78,"[""현재 주가가 52주 최고가 대비 2.7% 수준으로 연중 저점권에 머물러 있어 추세적으로 약세 국면이 지속되고 있습니다."", ""최근 1개월 수익률이 -4.05%로 단기 모멘텀이 부정적이며, 향후 20거래일 내 반등 근거가 강하지 않습니다."", ""거래량 변화율이 27.46%로 높아졌지만 이는 하락 구간에서의 변동성 확대 신호로도 해석될 수 있고, 적자 상태로 PER이 없으며 ROE도 제시되지 않아 펀더멘털 측면의 상승 근거가 약합니다.""]",-0.23394554666232903,-12.646455174789379,-0.8863752511730479,-10.60316574071058
006400,삼성SDI,2025-04-01,189540,Sell,82,"[""현재가가 52주 최저가 184,547원에 매우 근접해 52주 내 현재 위치가 1.7%에 불과해, 단기 추세가 약세 구간에 머물러 있습니다."", ""최근 1개월 수익률이 -13.57%로 부진하고, 거래량 변화율 45.38%는 하락 국면에서 변동성이 확대되고 있음을 시사합니다."", ""PER 23.1 대비 ROE 2.7%로 수익성 대비 밸류에이션 부담이 크고, PBR 0.62는 저평가처럼 보이지만 강한 반등 근거로 보기에는 실적 효율성이 약합니다.""]",-7.935308260629063,-3.6086511235616605,0.5312461358655645,-5.633903930981069
006400,삼성SDI,2025-05-02,173600,Sell,78,"[""현재가가 52주 최고가 대비 크게 하락해 있고 52주 내 현재 위치가 2.1%로 저점권에 근접해 있어, 단기적으로도 추세 반전 신호가 약합니다."", ""최근 1개월 수익률이 -4.92%로 부진하고 거래량 변화율도 -49.22%로 감소해 매수세 유입이 약한 상태로 해석됩니다."", ""PER 21.2에 비해 ROE 2.7%가 낮아 수익성 대비 밸류에이션 부담이 존재하며, PBR 0.57은 저평가처럼 보이지만 단기 주가 반등을 뒷받침할 강한 근거로는 부족합니다.""]",0.4645760743321719,1.2195121951219512,-2.129642590676763,-8.037228810395183
006400,삼성SDI,2025-06-02,172800,Sell,74,"[""현재 주가는 52주 최고가 대비 크게 하락해 있으나 52주 내 현재 위치가 4.9%로 최저점 부근에 가까워, 단기적으로 추가 약세가 이어질 가능성을 배제하기 어렵습니다."", ""최근 1개월 수익률이 -5.88%로 이미 약세 추세가 확인되며, 이는 향후 20거래일에도 반등보다 하락 추세 연장이 더 우세하다는 신호로 해석됩니다."", ""PER 21.1과 ROE 2.6% 조합은 수익성 대비 밸류에이션 부담이 크고, PBR 0.56은 저평가처럼 보이지만 낮은 ROE를 감안하면 강한 상승 근거로 보기 어렵습니다.""]",1.3921113689095126,7.482598607888631,-3.9921764282927814,-4.984018013785656
006400,삼성SDI,2025-07-01,178200,Neutral,61,"[""현재 주가는 52주 최고가 대비 크게 낮고 52주 내 위치가 8.0%로 바닥권에 가까워 기술적으로는 반등 여지가 있으나, 이것만으로 20거래일 상승을 확신하기는 어렵습니다."", ""최근 1개월 수익률이 2.18%로 완만한 플러스이고 거래량 변화율이 20.71%로 수급 개선 신호가 있으나, 추세 강도는 아직 강하지 않습니다."", ""PER 21.8과 ROE 2.7%는 수익성 대비 밸류에이션 매력이 강하다고 보기 어렵고, PBR 0.58은 저평가 신호지만 실적 모멘텀 부족을 상쇄할 만큼 충분히 강한 근거는 아닙니다.""]",-4.972067039106146,15.083798882681565,-6.880322487780313,9.249441179092045
006400,삼성SDI,2025-08-01,190000,Neutral,61,"[""현재 주가는 52주 최고가 대비 13.6% 수준으로 저점권에 가까워 기술적으로는 반등 여지가 있으나, 이것만으로 20거래일 상승을 단정하기는 어렵습니다."", ""최근 1개월 수익률이 2.54%로 완만한 플러스이고 거래량 변화율도 8.65%로 급격한 추세 전환 신호는 아니어서, 단기 방향성이 강하게 형성되었다고 보기 어렵습니다."", ""PER 23.2와 ROE 2.7%는 수익성 대비 밸류에이션 부담이 남아 있어 상승 근거와 하락 근거가 혼재하며, PBR 0.62의 저평가 신호만으로는 명확한 Buy 판단이 부족합니다.""]",16.159008776458442,4.543107898812597,14.284018704184597,3.7615972960010677
006400,삼성SDI,2025-09-01,203000,Neutral,61,"[""현재 주가는 52주 최고가 대비 19.5% 수준으로 저점권에 가깝지만, 최근 1개월 수익률이 0.99%에 그쳐 단기 반등 모멘텀이 강하다고 보기 어렵습니다."", ""거래량 변화율이 -19.23%로 수급이 약화된 모습이라 향후 20거래일 내 상승 추세 전환을 강하게 지지하지 않습니다."", ""PER 24.8과 ROE 2.5%는 수익성 대비 밸류에이션 부담이 완전히 해소된 상태로 보기 어렵고, PBR 0.63은 저평가 신호이지만 방향성을 단정할 만큼 강하지 않습니다.""]",-0.49382716049382713,1.2345679012345678,-3.258339272965663,-6.7169506890849116
006400,삼성SDI,2025-10-01,204000,Neutral,61,"[""현재 주가는 52주 최고가 대비 20.0% 수준으로 저점권에 가깝지만, 최근 1개월 수익률이 0.74%에 그쳐 단기 반등 모멘텀이 강하다고 보기 어렵습니다."", ""거래량 변화율이 -9.46%로 수급 개선 신호가 약해 향후 20거래일 내 뚜렷한 상승 추세를 확신하기 어렵습니다."", ""PBR 0.63은 저평가 가능성을 시사하지만 PER 24.9와 ROE 2.5% 조합은 수익성 대비 밸류에이션 매력이 강하다고 단정하기 어려워 방향성이 혼재됩니다.""]",14.285714285714285,55.932203389830505,8.674324708878881,42.48583081677904
006400,삼성SDI,2025-11-03,327000,Sell,82,"[""현재가가 52주 최고가의 92.2% 수준으로 고점권에 위치해 있어, 향후 20거래일 내 추가 상승 여력보다 단기 과열 해소 압력이 더 크게 보입니다."", ""최근 1개월 수익률이 61.48%로 매우 가파르고 거래량 변화율도 184.83%로 급증해, 단기 급등 이후 되돌림 가능성을 시사합니다."", ""PER 39.9는 높고 ROE 2.5%는 낮아 밸류에이션 대비 수익성 지표가 약해, 현재 주가 수준을 정당화할 추가 상승 근거가 제한적입니다.""]",-4.592592592592593,-9.62962962962963,-4.220177059346938,-6.553016354653529
006400,삼성SDI,2025-12-01,299000,Sell,78,"[""최근 1개월 수익률이 -7.14%로 단기 추세가 하락 방향이며, 향후 20거래일에도 약세 흐름이 이어질 가능성을 시사합니다."", ""거래량 변화율이 -49.40%로 급감해 매수세 유입이 약하고, 반등을 뒷받침할 수급 동력이 부족합니다."", ""현재 주가가 52주 최고가 대비 78.3% 수준으로 고점 대비 여전히 낮지만, PER 36.5와 ROE 2.5% 조합은 수익성 대비 밸류에이션 부담이 있어 상승 근거가 약합니다.""]",1.639344262295082,-13.934426229508196,-2.080871110690185,-21.8119109413805
005380,현대차,2023-01-02,157000,Sell,78,"[""현재가 157,000원은 52주 최저가 151,000원에 매우 근접하고 52주 내 현재 위치가 9.3%에 불과해 단기적으로 약세 구간에 머물러 있습니다."", ""최근 1개월 수익률이 -8.45%로 부진하고 거래량 변화율도 -13.60%로 감소해 하락 추세를 지지하는 수급 신호가 나타납니다."", ""PER 6.5와 PBR 0.52는 저평가처럼 보이지만, ROE 8.0%가 강한 성장·수익성 모멘텀을 보여주지 못해 향후 20거래일 반등 근거로는 부족합니다.""]",2.515723270440252,6.855345911949685,-3.4621554682692564,-4.421629586995648
005380,현대차,2023-02-01,170000,Buy,72,"[""PER 7.1과 PBR 0.56은 절대적으로 낮은 밸류에이션으로, 현재가가 실적과 자산가치 대비 과도하게 비싸지 않다는 점이 향후 하방을 제한할 가능성을 시사합니다."", ""최근 1개월 수익률이 12.58%로 양호하고 거래량 변화율도 12.89% 증가해 단기 모멘텀이 살아 있는 상태로 해석됩니다."", ""52주 최고가 202,000원 대비 현재가 170,000원은 아직 고점 대비 여유가 있고, 52주 내 현재 위치 37.2%로 과열 구간이 아니어서 20거래일 내 추가 상승 여지가 있습니다.""]",1.5891701000588583,3.6492054149499706,1.0771970596518772,5.140164878350377
005380,현대차,2023-03-02,178500,Neutral,61,"[""PER 7.4와 PBR 0.59는 밸류에이션 부담이 낮아 하방을 완전히 강하게 보기는 어렵지만, 이것만으로 20거래일 내 상승을 단정할 근거도 충분하지 않습니다."", ""최근 1개월 수익률이 6.89%로 단기 모멘텀은 양호하지만, 거래량 변화율이 -17.21%로 상승 추세의 신뢰도를 약화시킵니다."", ""현재 주가는 52주 최고가 대비 여전히 낮고 52주 내 위치가 53.9%로 중립권에 있어, 단기 방향성이 뚜렷하게 한쪽으로 기울었다고 보기 어렵습니다.""]",-0.6246450880181714,4.770017035775128,0.9164289764618813,2.928375964588856
005380,현대차,2023-04-03,183600,Neutral,61,"[""PER 6.4와 PBR 0.62는 밸류에이션 부담이 낮아 하방을 강하게 지지하지는 않지만, 이것만으로 향후 20거래일 상승을 단정할 근거도 충분하지 않습니다."", ""최근 1개월 수익률이 4.26%로 단기 모멘텀은 양호하나, 거래량 변화율이 -1.96%로 수급 확산이 확인되지 않아 상승 추세의 신뢰도가 제한적입니다."", ""52주 최고가 대비 현재 위치가 63.9%로 중간권에 머물러 있어 강한 추세 전환 신호도, 뚜렷한 약세 신호도 부족해 방향성을 확신하기 어렵습니다.""]",4.515778019586507,9.357997823721437,1.800610574182138,8.515832301308713
005380,현대차,2023-05-02,201500,Sell,74,"[""현재가 201,500원은 52주 최고가 202,000원 대비 99.0% 수준으로, 단기적으로 가격이 상단 저항 구간에 매우 근접해 추가 상승 여력이 제한적입니다."", ""최근 1개월 수익률이 9.21%로 이미 단기 상승이 진행된 상태이며, 거래량 변화율 63.11%는 단기 과열 또는 추세 후반부 가능성을 시사합니다."", ""PER 7.1과 PBR 0.68은 밸류에이션 부담이 크지 않지만, 향후 20거래일 관점에서는 저평가 자체보다 현재 위치가 고점 부근이라는 기술적 부담이 더 크게 작용합니다.""]",3.482587064676617,-0.7462686567164178,3.8983542350612055,-4.7424308059128695
005380,현대차,2023-06-01,197500,Neutral,61,"[""PER 5.6과 PBR 0.64는 밸류에이션 부담이 낮아 하방을 완전히 강하게 지지하지는 않지만, 이것만으로 향후 20거래일 상승을 단정할 근거도 부족합니다."", ""주가가 52주 최고가 대비 아직 78.8% 위치에 있어 추세적으로는 고점권 부담이 크지 않지만, 최근 1개월 수익률이 0.00%로 단기 모멘텀이 뚜렷하지 않습니다."", ""거래량 변화율이 -23.36%로 수급 강도가 약해 보이며, ROE 11.4%는 양호하나 단기 주가 방향성을 강하게 뒷받침할 정도의 추가 신호는 아닙니다.""]",-1.6541353383458646,4.511278195488721,-2.730110981855405,4.46860820748246
005380,현대차,2023-07-03,208500,Neutral,66,"[""PER 6.0과 PBR 0.68은 밸류에이션 부담이 낮아 하방을 완전히 강하게 보기는 어렵습니다."", ""ROE 11.4%는 수익성은 양호하지만, 현재가가 52주 최고가 210,000원 대비 97.5% 수준으로 단기 상승 여력은 제한적으로 보입니다."", ""최근 1개월 수익률이 5.57%로 이미 상승한 상태인데 거래량 변화율이 -15.85%로 수급 모멘텀이 약해 향후 20거래일 방향성을 확신하기 어렵습니다.""]",-0.4807692307692308,-4.134615384615384,0.7076733387654628,-6.978856913780822
005380,현대차,2023-08-01,199400,Neutral,66,"[""PER 5.7과 PBR 0.65는 밸류에이션 부담이 낮아 하방을 완전히 강하게 보기는 어렵지만, 이것만으로 향후 20거래일 상승을 단정할 근거도 부족합니다."", ""최근 1개월 수익률이 -4.36%로 단기 모멘텀이 약하고, 현재가가 52주 최고가 대비 82.0% 수준이라 추세적으로 강한 돌파 구간이라고 보기 어렵습니다."", ""거래량 변화율이 18.49%로 수급 변화 신호는 있으나 방향성이 명확하지 않아 상승·하락 어느 쪽도 우세하다고 판단하기 어렵습니다.""]",-1.6103896103896103,-1.7662337662337664,-1.176599045238857,0.5345761035526184
005380,현대차,2023-09-01,187400,Neutral,66,"[""PER 5.1과 PBR 0.59는 밸류에이션 부담이 낮아 하방을 완전히 강하게 보기는 어렵지만, 이것만으로 20거래일 내 상승을 단정할 근거도 부족합니다."", ""최근 1개월 수익률이 -2.65%로 단기 모멘텀이 약하고, 거래량 변화율 -36.97%는 수급 둔화를 시사해 단기 상승 신호로 보기 어렵습니다."", ""52주 최고가 대비 현재 위치가 61.7%로 극단적 저점은 아니어서 반등 여력은 있으나, 명확한 추세 전환 신호가 없어 방향성을 확신하기 어렵습니다.""]",-0.9610250934329952,2.616123865456487,0.10956746620021252,9.418855482178941
005380,현대차,2023-10-04,190800,Neutral,61,"[""PER 5.2와 PBR 0.60은 밸류에이션 부담이 낮아 하방을 강하게 지지하지는 않지만, 이것만으로 향후 20거래일 상승을 단정할 근거도 충분하지 않습니다."", ""ROE 11.5%는 수익성 측면에서 양호하나, 최근 1개월 수익률이 1.60%로 강한 모멘텀이 아니어서 단기 추세의 상승 신호가 뚜렷하지 않습니다."", ""현재 주가는 52주 최고가 대비 중간 이상 위치(67.5%)에 있고 거래량 변화율이 -13.36%로 수급 확장이 확인되지 않아, 단기 방향성을 확신하기 어렵습니다.""]",-1.7847769028871392,-8.976377952755906,-3.9710807804042045,-7.509411735415259
005380,현대차,2023-11-01,170300,Neutral,66,"[""PER 4.7과 PBR 0.53은 밸류에이션 부담이 낮아 하방을 완전히 단정하기는 어렵지만, 이것만으로 20거래일 내 상승을 강하게 기대할 근거도 부족합니다."", ""최근 1개월 수익률이 -10.70%로 단기 추세가 약하고, 52주 최고가 대비 현재 위치가 32.7%에 불과해 아직 강한 추세 반전 신호로 보기 어렵습니다."", ""거래량 변화율이 34.16%로 수급 변화 가능성은 있으나 방향성이 명확히 제시되지 않아 상승·하락 어느 쪽도 우세하다고 판단하기 어렵습니다.""]",1.5697674418604652,7.151162790697674,-2.0134890708234794,-1.0502950945152083
005380,현대차,2023-12-01,182800,Neutral,61,"[""PER 4.2와 PBR 0.55는 밸류에이션 측면에서 저평가 신호로 해석될 수 있어 하방을 단정하기 어렵습니다."", ""최근 1개월 수익률이 6.28%로 단기 모멘텀은 양호하지만, 거래량 변화율이 -27.08%로 상승 추세의 지속성을 강하게 뒷받침하지는 않습니다."", ""52주 최고가 대비 현재 위치가 53.9%로 중간 수준이며, ROE 13.2%는 양호하지만 향후 20거래일 내 뚜렷한 상승 또는 하락 우위를 확정할 만큼의 방향성은 부족합니다.""]",2.092511013215859,4.6255506607929515,1.678586283101928,1.759887327525882
005380,현대차,2024-01-02,200500,Neutral,66,"[""PER 4.6과 PBR 0.60은 밸류에이션 부담이 낮아 하방을 강하게 지지하지는 않지만, 이것만으로 향후 20거래일 상승을 단정할 근거도 충분하지 않습니다."", ""ROE 13.1%는 수익성은 양호함을 보여주지만, 현재가가 52주 최고가의 83.9% 수준까지 올라와 있어 단기 추가 상승 여력은 제한적으로 보입니다."", ""최근 1개월 수익률이 8.50%이고 거래량도 25.44% 증가해 단기 모멘텀은 긍정적이지만, 이미 단기 상승이 진행된 상태라 추세 지속과 되돌림 가능성이 균형을 이룹니다.""]",-3.663570691434469,0.41279669762641896,-1.1579231082932266,4.6401421226046455
005380,현대차,2024-02-01,208000,Neutral,66,"[""PER 4.8과 PBR 0.63은 밸류에이션 측면에서 저평가 신호지만, 이것만으로 향후 20거래일 내 주가 상승을 단정하기는 어렵습니다."", ""현재가 208,000원은 52주 최고가 210,000원 대비 95.3% 수준으로 고점 부근에 위치해 있어 단기 추가 상승 여력보다 되돌림 위험도 함께 존재합니다."", ""최근 1개월 수익률 7.33%와 거래량 변화율 29.05%는 단기 모멘텀을 지지하지만, 이미 강한 상승이 반영된 상태라 상승·하락 근거가 균형적입니다.""]",9.691629955947137,10.572687224669604,8.378974859610569,9.57165866591367
005380,현대차,2024-03-04,255500,Neutral,66,"[""PER 5.8과 PBR 0.77은 밸류에이션 부담이 낮아 하방을 어느 정도 완충하지만, 이것만으로 향후 20거래일 상승을 단정하기는 어렵습니다."", ""최근 1개월 수익률이 34.47%로 매우 강하고 52주 최고가 255,500원에 도달해 단기 모멘텀은 우호적이지만, 이미 고점권이라 추가 상승 여력은 불확실합니다."", ""거래량 변화율 391.99%는 강한 수급 유입을 시사하나, 52주 내 현재 위치가 100.0%인 점은 단기 과열 가능성도 함께 보여 상승·하락 근거가 균형적입니다.""]",-3.0120481927710845,-11.646586345381527,-4.235344033338754,-15.562944766156033
005380,현대차,2024-04-01,227500,Neutral,66,"[""PER 4.8과 PBR 0.67은 밸류에이션 부담이 낮아 하방을 완전히 지지하지는 않지만, 이것만으로 향후 20거래일 상승을 강하게 뒷받침하진 않습니다."", ""최근 1개월 수익률이 -9.18%로 단기 모멘텀이 약하고, 거래량 변화율도 -55.28%로 수급 동력이 둔화된 모습입니다."", ""현재 주가는 52주 최고가 대비 아직 여유가 있으나 52주 내 위치가 67.4%로 중간 이상 구간에 있어, 단기 방향성을 확신할 만큼 강한 상승·하락 신호가 동시에 보이지 않습니다.""]",3.6363636363636362,13.18181818181818,5.379814797937973,15.706553395173007
005380,현대차,2024-05-02,249000,Neutral,66,"[""PER 5.2와 PBR 0.74는 밸류에이션 부담이 낮아 하방을 강하게 시사하지는 않지만, 이것만으로 향후 20거래일 상승을 단정하기는 어렵습니다."", ""ROE 14.2%는 수익성 측면에서 양호하나, 현재가가 52주 최고가의 92.4% 수준으로 단기적으로는 상승 여력이 제한될 수 있습니다."", ""최근 1개월 수익률이 9.45%로 이미 단기 상승이 반영된 반면 거래량 변화율이 -1.62%로 수급 확장이 뚜렷하지 않아 방향성을 확신하기 어렵습니다.""]",1.6597510373443984,7.468879668049793,-0.22993860971178504,8.011726456735573
005380,현대차,2024-06-03,265000,Neutral,61,"[""PER 5.6과 PBR 0.76은 밸류에이션 부담이 낮아 하방을 강하게 지지하지는 않지만, 이것만으로 향후 20거래일 상승을 단정할 근거도 충분하지 않습니다."", ""ROE 13.6%는 수익성은 양호함을 보여주지만, 현재가가 52주 최고가의 88.8% 수준으로 고점권에 근접해 있어 추가 상승 여력은 제한적으로 보입니다."", ""최근 1개월 수익률이 5.58%로 단기 모멘텀은 긍정적이나 거래량 변화율이 -15.95%로 수급 확장이 동반되지 않아 방향성을 강하게 확신하기 어렵습니다.""]",4.247104247104247,6.563706563706563,1.7652290358048899,1.6085959367579017
005380,현대차,2024-07-01,286000,Neutral,66,"[""PER 6.0과 PBR 0.82는 밸류에이션 부담이 낮아 하방을 완전히 강하게 보기는 어렵지만, 이것만으로 향후 20거래일 상승을 단정할 근거도 충분하지 않습니다."", ""최근 1개월 수익률이 11.28%로 단기 모멘텀은 양호하나, 현재가가 52주 최고가의 90.7% 수준에 있어 추가 상승 여력보다 단기 과열·저항 부담이 함께 존재합니다."", ""거래량 변화율 10.88%는 관심 증가를 시사하지만, 이미 1개월간 상당히 오른 상태라 상승 지속과 되돌림 가능성이 균형을 이루어 방향성을 확신하기 어렵습니다.""]",0.7339449541284404,-8.256880733944955,-2.37732278319023,-6.722463323503579
005380,현대차,2024-08-01,253500,Neutral,62,"[""PER 5.4와 PBR 0.73은 밸류에이션 부담이 낮아 하방을 완전히 강하게 보기는 어렵지만, 이것만으로 20거래일 내 상승을 단정할 근거도 충분하지 않습니다."", ""최근 1개월 수익률이 -8.15%로 단기 모멘텀이 약하고, 거래량 변화율도 -17.88%로 수급 개선 신호가 뚜렷하지 않습니다."", ""52주 내 현재 위치가 65.3%로 고점 대비 과열은 아니지만 저점 반등 초기라고 보기에도 애매해, 상승·하락 방향성이 균형적입니다.""]",-0.4098360655737705,0.819672131147541,2.869452774157348,0.6399390030811501
005380,현대차,2024-09-02,246000,Neutral,61,"[""PER 4.9와 PBR 0.68은 밸류에이션 부담이 낮아 하방을 완전히 단정하기는 어렵지만, 이것만으로 20거래일 내 상승을 강하게 기대할 근거도 충분하지 않습니다."", ""최근 1개월 수익률이 -2.96%로 단기 모멘텀이 약하고, 거래량 변화율도 -5.72%로 수급 개선 신호가 뚜렷하지 않습니다."", ""52주 내 현재 위치가 59.5%로 고점 대비 과열은 아니지만 저점 대비 강한 추세 전환도 확인되지 않아, 단기 방향성은 상승·하락 근거가 균형적입니다.""]",-2.736842105263158,3.578947368421052,2.5622050419955706,6.216086483420132
005380,현대차,2024-10-02,237000,Neutral,66,"[""PER 4.7과 PBR 0.65는 밸류에이션 부담이 낮아 하방을 완전히 단정하기는 어렵지만, 이것만으로 20거래일 내 상승을 강하게 뒷받침하진 않습니다."", ""최근 1개월 수익률이 -8.49%로 단기 모멘텀이 약하고 거래량 변화율도 -1.11%로 수급 개선 신호가 뚜렷하지 않습니다."", ""현재 주가는 52주 최고가 대비 크게 낮고 52주 내 위치가 52.5%로 중립권에 있어, 단기 방향성을 확신할 만한 강한 추세 신호가 부족합니다.""]",3.7578288100208765,-9.603340292275574,1.6727686281326508,-10.352841208721388
005380,현대차,2024-11-01,213500,Neutral,66,"[""PER 4.3과 PBR 0.59는 밸류에이션 측면에서 저평가 신호지만, 이것만으로 향후 20거래일 내 주가 상승을 단정하기는 어렵습니다."", ""최근 1개월 수익률이 -12.50%로 단기 추세가 약하고, 거래량 변화율도 -9.50%로 수급 개선 신호가 뚜렷하지 않습니다."", ""52주 최고가 대비 현재 위치가 34.1%로 고점 대비 크게 낮아 반등 여지는 있으나, 단기 모멘텀과 수급이 약해 상승·하락 근거가 균형적입니다.""]",-2.5404157043879905,-0.23094688221709006,-0.326794071074358,4.963783068303766
005380,현대차,2024-12-02,216000,Buy,67,"[""PER 4.4와 PBR 0.58은 절대적으로 낮은 밸류에이션으로, 현재 주가가 실적과 자산가치 대비 크게 할인되어 있어 하방보다 반등 여지가 큽니다."", ""ROE 13.2%는 자본효율성이 양호한 수준이라 저평가가 단순한 가치함정일 가능성을 일부 낮춰줍니다."", ""주가가 52주 최고가 대비 30.4% 위치에 있고 최근 1개월 수익률이 1.17%로 과열이 아니며, 거래량 변화율 15.43%는 단기 관심 증가로 20거래일 내 기술적 반등 가능성을 지지합니다.""]",-1.8648018648018647,-0.6993006993006993,1.4254665244625557,1.6278062164226652
005380,현대차,2025-01-02,211500,Neutral,66,"[""PER 4.3과 PBR 0.57은 밸류에이션 부담이 낮아 하방을 완전히 단정하기는 어렵지만, 이것만으로 향후 20거래일 상승을 강하게 뒷받침하진 않습니다."", ""최근 1개월 수익률이 -3.20%로 단기 모멘텀이 약하고, 거래량 변화율도 -26.84%로 수급 개선 신호가 부족합니다."", ""현재 주가는 52주 최고가 대비 26.6% 수준으로 고점 대비 크게 낮지만, 52주 최저가 180,100원 대비로는 아직 완전한 추세 반전 근거가 부족해 방향성이 뚜렷하지 않습니다.""]",6.103286384976526,-4.460093896713615,3.0786172721472718,-8.343513500959451
005380,현대차,2025-02-03,202000,Neutral,62,"[""PER 4.1과 PBR 0.55은 밸류에이션 부담이 낮아 하방을 완전히 단정하기 어렵지만, 이것만으로 20거래일 내 상승을 강하게 기대할 근거도 부족합니다."", ""ROE 13.4%는 수익성은 양호함을 시사하지만, 최근 1개월 수익률이 -7.13%로 단기 모멘텀은 약한 편입니다."", ""현재 주가가 52주 최고가 대비 18.6% 수준에 머물러 있고 거래량 변화율이 30.38%로 변동성은 커졌지만, 방향성은 상승·하락 어느 쪽도 확신하기 어렵습니다.""]",-0.7960199004975124,-3.134328358208955,-3.1073480679962784,-6.214487443348519
005380,현대차,2025-03-04,190300,Neutral,61,"[""PER 3.9, PBR 0.52, ROE 13.5%로 밸류에이션과 수익성은 양호해 하방을 완전히 지지하는 신호는 아닙니다."", ""현재가가 52주 최저가와 동일하고 52주 내 현재 위치가 0.0%로 기술적으로는 과매도/저점 구간일 수 있어 단기 반등 가능성도 존재합니다."", ""다만 최근 1개월 수익률이 -7.62%로 약세 흐름이 이어지고 있어 20거래일 내 방향성을 상승 또는 하락 한쪽으로 확신하기 어렵습니다.""]",1.7976373908577297,0.8217770929635336,1.1452076863470109,2.8650665270423326
005380,현대차,2025-04-01,198600,Neutral,66,"[""PER 4.2와 PBR 0.49는 밸류에이션 부담이 낮아 하방을 완전히 단정하기는 어렵지만, 이것만으로 20거래일 내 상승을 강하게 기대할 근거도 부족합니다."", ""주가가 52주 최고가 대비 크게 낮고 현재 52주 내 위치가 7.7%로 저점권에 가까워 기술적으로는 반등 여지가 있으나, 최근 1개월 수익률 2.90%와 거래량 변화율 -4.62%는 추세 강도가 강하지 않음을 시사합니다."", ""ROE 11.7%는 수익성은 양호한 편이지만, 현재 데이터만으로는 단기 모멘텀의 방향성이 뚜렷하지 않아 Buy 또는 Sell로 단정하기 어렵습니다.""]",-9.322465613856343,-2.9037187977585326,-0.8559112173617152,-4.928971605177941
005380,현대차,2025-05-02,189400,Neutral,62,"[""PER 4.0과 PBR 0.47은 밸류에이션 측면에서 저평가 신호지만, 이것만으로 향후 20거래일 내 주가 상승을 단정하기에는 부족합니다."", ""주가는 52주 최고가 대비 크게 낮지만 52주 내 현재 위치가 9.9%로 저점권에 가까워 추가 하락 여력과 반등 가능성이 동시에 존재합니다."", ""최근 1개월 수익률이 -3.52%이고 거래량 변화율도 -2.08%로 단기 모멘텀이 약해 방향성을 확신하기 어렵습니다.""]",5.063965884861407,1.0660980810234542,2.4697472198524717,-8.190642924493678
005380,현대차,2025-06-02,184000,Neutral,62,"[""PER 3.9와 PBR 0.45는 밸류에이션 부담이 낮아 하방을 완전히 단정하기는 어렵지만, 이것만으로 20거래일 내 상승을 강하게 기대하기는 부족합니다."", ""현재 주가가 52주 최저가 177,500원에 매우 근접한 52주 내 위치 5.4%에 있어 기술적으로는 과매도 반등 여지가 있으나, 최근 1개월 수익률 -4.56%로 추세는 아직 약합니다."", ""거래량 변화율 -21.94%는 수급 약화를 시사해 단기 방향성을 확신하기 어렵고, ROE 11.5%는 양호하지만 단기 주가 모멘텀을 직접적으로 지지하는 신호는 아닙니다.""]",8.333333333333332,15.32258064516129,2.949045536131038,2.8559640234870027
005380,현대차,2025-07-01,210000,Buy,74,"[""PER 4.5와 PBR 0.52는 절대적으로 낮은 밸류에이션으로, 현재 주가가 자산가치와 이익 대비 크게 할인되어 있어 하방보다 상방 여지가 더 큽니다."", ""ROE 11.7%는 낮은 PBR을 정당화할 만큼 수익성이 뒷받침되고 있어, 단순 저평가가 아니라 이익창출력 대비 가격 매력이 존재합니다."", ""최근 1개월 수익률 9.95%와 거래량 변화율 43.09%는 단기 모멘텀이 살아 있음을 시사하며, 52주 최고가 대비 현재 위치 27.0%로 아직 추세 회복 여지도 남아 있습니다.""]",-1.873536299765808,4.449648711943794,-3.781791748439975,-1.3847089916457245
005380,현대차,2025-08-01,210000,Neutral,61,"[""PER 4.5와 PBR 0.52는 밸류에이션 부담이 낮아 하방을 완전히 단정하기 어렵지만, 이것만으로 향후 20거래일 상승을 강하게 뒷받침하진 않습니다."", ""ROE 11.7%는 수익성은 양호한 편이지만, 최근 1개월 수익률이 -2.10%로 단기 모멘텀은 약한 상태입니다."", ""현재 주가는 52주 최고가 대비 37.8% 수준으로 고점 대비 여유가 있으나, 거래량 변화율 11.63%는 방향성을 확정할 만큼 강한 추세 신호로 보기 어렵습니다.""]",0.7109004739336493,4.265402843601896,-1.1640895983401967,3.4838922407903667
005380,현대차,2025-09-01,220500,Neutral,61,"[""PER 5.1과 PBR 0.54는 밸류에이션 부담이 낮아 하방을 강하게 시사하지는 않지만, 이것만으로 20거래일 내 상승을 단정하기는 어렵습니다."", ""ROE 10.7%는 수익성 측면에서 양호하나, 최근 1개월 수익률 3.52%로 단기 모멘텀은 강하지 않아 추가 상승 근거가 제한적입니다."", ""거래량 변화율 -47.25%는 수급 동력이 약해졌음을 시사하며, 현재가가 52주 범위의 중간 수준(52.8%)에 있어 방향성이 뚜렷하지 않습니다.""]",-0.45454545454545453,-2.272727272727273,-3.2190575670172903,-10.224245863046752
005380,현대차,2025-10-01,215500,Neutral,61,"[""PER 4.9와 PBR 0.53은 밸류에이션 부담이 낮아 하방은 제한될 수 있지만, 이것만으로 향후 20거래일 상승을 강하게 뒷받침하진 않습니다."", ""ROE 10.7%는 수익성은 양호한 편이지만, 최근 1개월 수익률이 -2.05%로 단기 모멘텀은 약한 상태입니다."", ""현재 주가는 52주 최고가 대비 중간 이하(46.6%)에 위치하고 거래량 변화율이 11.60%로 수급 변화는 있으나, 방향성이 상승·하락 어느 쪽으로도 충분히 확정적이지 않습니다.""]",10.0,22.272727272727273,4.388610423164596,8.82635469967581
005380,현대차,2025-11-03,291500,Neutral,66,"[""PER 6.7, PBR 0.72, ROE 10.8%로 밸류에이션과 수익성은 양호해 하방을 강하게 지지하는 재무적 악재는 보이지 않습니다."", ""다만 현재가가 52주 최고가와 동일하고 52주 내 현재 위치가 100.0%로, 이미 단기 상승이 크게 진행된 상태라 추가 상승 여력은 제한적으로 보입니다."", ""최근 1개월 수익률이 35.90%이고 거래량 변화율도 119.08%로 급등·과열 신호가 있어 향후 20거래일 방향성을 단정하기 어렵습니다.""]",-2.536231884057971,-3.6231884057971016,-2.1638163508123163,-0.5465751308210005
005380,현대차,2025-12-01,254500,Neutral,66,"[""PER 6.2와 PBR 0.61은 밸류에이션 부담이 낮아 하방을 완전히 단정하기는 어렵지만, 이것만으로 20거래일 내 상승을 강하게 기대할 근거도 부족합니다."", ""최근 1개월 수익률이 -12.24%로 단기 추세가 약하고, 거래량 변화율도 -48.06%로 수급 모멘텀이 둔화된 모습입니다."", ""52주 내 현재 위치가 67.5%로 고점 대비 조정은 있었지만 극단적 저점 구간은 아니어서, 단기 방향성이 상승·하락 어느 쪽으로도 뚜렷하게 기울었다고 보기 어렵습니다.""]",15.413533834586465,12.218045112781954,11.693318461601198,4.3405604009096495
000270,기아,2023-01-02,61500,Neutral,66,"[""PER 5.3, PBR 0.63, ROE 11.8%로 밸류에이션과 수익성은 양호해 하방을 완전히 단정하기는 어렵습니다."", ""최근 1개월 수익률이 -10.35%이고 거래량 변화율도 -11.90%로 단기 모멘텀과 수급이 약해 20거래일 내 강한 상승 근거는 부족합니다."", ""현재가가 52주 최저가 59,300원에 매우 근접하고 52주 내 현재 위치가 8.0%에 불과해 기술적으로는 반등 여지도 있으나, 추세 전환을 확신할 만큼의 강한 신호는 아닙니다.""]",2.403846153846154,11.698717948717949,-3.574032584863354,0.42174244977261566
000270,기아,2023-02-01,69500,Buy,74,"[""PER 6.0과 PBR 0.72는 절대적으로 낮은 밸류에이션으로, 현재 주가가 실적과 자산가치 대비 과도하게 비싸지 않다는 점에서 20거래일 내 추가 상승 여지가 있습니다."", ""ROE 11.9%로 수익성은 양호한 편이며, 저평가 지표와 결합될 경우 단기적으로 매수 우위 해석이 가능합니다."", ""최근 1개월 수익률이 17.20%이고 거래량 변화율도 29.43%로 증가해 단기 모멘텀이 살아 있어, 향후 20거래일 동안 상승 추세가 이어질 가능성이 있습니다.""]",2.8694404591104736,12.195121951219512,2.3574674187034925,13.686081414619919
000270,기아,2023-03-02,77800,Neutral,66,"[""PER 6.8과 PBR 0.80은 밸류에이션 부담이 낮아 하방을 강하게 지지하지는 않지만, 이것만으로 향후 20거래일 상승을 단정할 근거도 충분하지 않습니다."", ""ROE 11.8%는 수익성 측면에서 양호하나, 최근 1개월 수익률이 16.47%로 이미 단기 상승이 진행된 상태여서 추가 상승 여력은 제한적으로 보입니다."", ""52주 최고가 대비 현재 위치가 68.5%로 중간 이상 구간이며, 거래량 변화율이 -15.62%로 수급 확장이 확인되지 않아 방향성을 강하게 확신하기 어렵습니다.""]",-0.2557544757033248,3.580562659846547,1.285319588776728,1.7389215886602754
000270,기아,2023-04-03,81200,Neutral,62,"[""PER 6.0과 PBR 0.84는 밸류에이션 부담이 낮아 하방을 완전히 강하게 보기는 어렵지만, 이것만으로 20거래일 내 상승을 단정할 근거도 충분하지 않습니다."", ""ROE 13.9%는 수익성 측면에서 양호해 중립보다 약간 우호적이지만, 현재가가 52주 최고가의 81.1% 수준으로 이미 연중 고점권에 가까워 추가 상승 여력은 제한적으로 보입니다."", ""최근 1개월 수익률이 3.84%로 단기 모멘텀은 플러스이나 거래량 변화율이 -2.97%로 수급 확산이 약해 상승·하락 어느 쪽도 강하게 확신하기 어렵습니다.""]",6.117353308364544,7.990012484394507,3.4021858629601756,7.147846961981783
000270,기아,2023-05-02,86900,Neutral,66,"[""PER 6.4와 PBR 0.90은 밸류에이션 부담이 크지 않고 ROE 14.0%로 수익성도 양호해 중기적으로는 하방을 제한할 수 있습니다."", ""다만 현재가가 52주 최고가와 동일해 52주 내 위치가 100.0%로 이미 강한 상승이 상당 부분 반영된 상태입니다."", ""최근 1개월 수익률 7.28%와 거래량 변화율 32.70%는 모멘텀을 지지하지만, 고점 부근이라는 점 때문에 향후 20거래일 방향성을 단정하기 어렵습니다.""]",4.161849710982659,-1.5028901734104045,4.577616881367247,-5.499052322606856
000270,기아,2023-06-01,84200,Neutral,61,"[""PER 5.2와 PBR 0.85은 밸류에이션 부담이 낮아 하방을 강하게 지지하지는 않지만, 이것만으로 향후 20거래일 상승을 단정하기는 어렵습니다."", ""ROE 16.4%는 수익성은 양호함을 보여주지만, 최근 1개월 수익률이 -0.35%로 단기 모멘텀이 약합니다."", ""현재 주가는 52주 최고가 대비 80.8% 수준으로 고점 부담은 크지 않지만, 거래량 변화율 -22.23%가 수급 둔화를 시사해 방향성을 확신하기 어렵습니다.""]",-4.225352112676056,3.873239436619718,-5.3013277561855965,3.830569448613457
000270,기아,2023-07-03,88500,Neutral,61,"[""PER 5.5와 PBR 0.90은 밸류에이션 부담이 낮아 하방 리스크를 일부 완충하지만, 이것만으로 향후 20거래일 상승을 강하게 뒷받침하진 않습니다."", ""ROE 16.5%는 수익성은 양호함을 보여주지만, 현재가 88,500원이 52주 최고가 90,100원의 94.8% 수준에 있어 단기적으로는 추가 상승 여력이 제한적으로 보입니다."", ""최근 1개월 수익률이 5.11%로 이미 단기 상승이 진행됐고 거래량 변화율도 2.16%로 크지 않아, 추세 지속과 단기 조정 가능성이 균형을 이뤄 방향성을 확신하기 어렵습니다.""]",-0.44994375703037126,-6.299212598425196,0.7384988125043224,-9.143454127590633
000270,기아,2023-08-01,83300,Neutral,66,"[""PER 5.1과 PBR 0.84는 밸류에이션 부담이 낮아 하방을 강하게 단정하기 어렵지만, 이것만으로 20거래일 내 상승을 확신할 근거도 충분하지 않습니다."", ""최근 1개월 수익률이 -5.88%로 단기 모멘텀이 약하고, 거래량 변화율도 -13.38%로 수급 개선 신호가 뚜렷하지 않습니다."", ""현재 주가는 52주 최고가 대비 77.9% 위치로 고점 부담은 크지 않지만, 52주 범위 중간 이상 구간에 있어 방향성이 명확하게 한쪽으로 기울었다고 보기 어렵습니다.""]",-1.375,0.25,-0.9412094348492468,2.550809869786385
000270,기아,2023-09-01,79700,Neutral,61,"[""PER 4.3, PBR 0.75, ROE 17.6%로 밸류에이션과 수익성은 양호해 하방을 강하게 지지하지는 않습니다."", ""현재 주가는 52주 최고가 대비 66.2% 수준으로 고점 대비 부담은 줄었지만, 최근 1개월 수익률이 -0.38%로 단기 모멘텀은 약합니다."", ""거래량 변화율이 -24.07%로 수급이 둔화된 상태라 향후 20거래일 내 뚜렷한 상승 또는 하락 방향을 확신하기 어렵습니다.""]",-3.0,6.5,-1.9294074403667922,13.302731616722454
000270,기아,2023-10-04,81900,Neutral,61,"[""PER 4.4와 PBR 0.77은 밸류에이션 부담이 낮아 하방을 강하게 지지하지는 않지만, 이것만으로 20거래일 내 상승을 단정할 근거도 충분하지 않습니다."", ""ROE 17.6%는 수익성은 우수함을 보여주지만, 최근 1개월 수익률이 1.87%로 강한 모멘텀이 아니어서 단기 상승 추세가 뚜렷하다고 보기 어렵습니다."", ""현재 주가는 52주 최고가 대비 73.4% 수준으로 중간 이상 구간에 있고 거래량 변화율이 -8.60%로 수급 탄력이 약해 보여, 상승과 하락 어느 쪽도 확신하기 어렵습니다.""]",0.8383233532934131,-7.065868263473053,-1.3479805242236522,-5.598902046132407
000270,기아,2023-11-01,77400,Neutral,66,"[""PER 4.1과 PBR 0.73은 밸류에이션 측면에서 저평가 가능성을 시사하지만, 이것만으로 향후 20거래일 주가 상승을 단정하기는 어렵습니다."", ""ROE 17.6%는 수익성은 양호함을 보여주지만, 최근 1개월 수익률이 -4.33%로 단기 모멘텀은 약한 편입니다."", ""현재 주가는 52주 최고가 대비 중간 수준(52주 내 현재 위치 58.8%)이고 거래량 변화율 42.99%로 수급 변화는 있으나, 방향성이 상승·하락 어느 쪽으로도 충분히 확정적이지 않습니다.""]",-1.2738853503184715,9.42675159235669,-4.857141863002417,1.2252937071438073
000270,기아,2023-12-01,85800,Neutral,66,"[""PER 3.7과 PBR 0.77은 밸류에이션 측면에서 저평가 신호지만, 이는 향후 20거래일 내 주가 상승을 직접 보장하지는 않습니다."", ""ROE 20.8%로 수익성은 우수하나, 현재 주가가 52주 최고가의 86.0% 수준에 있어 단기적으로는 추가 상승 여력이 제한될 수 있습니다."", ""최근 1개월 수익률이 9.30%로 이미 상승이 진행된 반면 거래량 변화율이 -2.78%로 수급 확장이 뚜렷하지 않아, 단기 방향성을 강하게 확신하기 어렵습니다.""]",3.56718192627824,10.46373365041617,3.1532571961643088,7.598070317149101
000270,기아,2024-01-02,97600,Sell,72,"[""현재 주가는 52주 최고가 100,000원 대비 94.1% 수준으로 이미 고점권에 근접해 있어, 향후 20거래일 내 추가 상승 여력이 제한적입니다."", ""최근 1개월 수익률이 13.49%로 단기 급등한 상태라 단기 차익실현 압력이 커질 수 있어 상승 지속보다 조정 가능성이 더 높습니다."", ""PER 4.2와 PBR 0.87, ROE 20.7%는 펀더멘털이 양호함을 보여주지만, 이미 주가가 강하게 반영된 구간이어서 단기 방향성은 하방 리스크가 우세합니다.""]",-3.518123667377399,9.701492537313433,-1.0124760842361566,13.92883796229166
000270,기아,2024-02-01,106300,Sell,74,"[""현재가 106,300원이 52주 최고가와 정확히 일치해 52주 내 위치가 100.0%로, 단기적으로는 추가 상승 여력이 제한되고 차익실현 압력이 커질 수 있습니다."", ""최근 1개월 수익률이 13.33%로 이미 단기간에 상당히 상승했기 때문에, 향후 20거래일 관점에서는 추세 둔화 또는 되돌림 가능성을 경계해야 합니다."", ""PER 4.6과 PBR 0.95, ROE 20.7%는 펀더멘털이 나쁘지 않지만, 이미 가격이 고점권에 있어 밸류에이션 매력만으로 추가 상승을 강하게 뒷받침하기는 어렵습니다.""]",-1.9246861924686192,6.2761506276150625,-3.2373412888051885,5.275122068859128
000270,기아,2024-03-04,125600,Neutral,66,"[""PER 5.4와 PBR 1.12는 밸류에이션 부담이 크지 않고 ROE 20.7%로 수익성은 우수해 중기적으로는 하방을 강하게 지지하지 않습니다."", ""다만 현재가가 52주 최고가와 동일해 52주 내 위치가 100.0%로 이미 가격이 상단에 도달해 있어, 향후 20거래일 추가 상승 여력은 제한적으로 보입니다."", ""최근 1개월 수익률이 28.16%이고 거래량 변화율도 107.80%로 단기 모멘텀은 강하지만, 급등 이후 추격 매수 구간일 수 있어 상승과 조정 가능성이 균형을 이룹니다.""]",2.5203252032520327,-14.878048780487804,1.2970293626843625,-18.79440720126231
000270,기아,2024-04-01,108700,Neutral,66,"[""PER 4.9와 PBR 0.94는 밸류에이션 부담이 낮아 하방을 완전히 강하게 보기는 어렵습니다."", ""최근 1개월 수익률이 -12.69%이고 거래량 변화율도 -41.08%로, 단기 모멘텀과 수급이 약해 20거래일 내 상승 근거가 충분하지 않습니다."", ""ROE 19.2%로 수익성은 양호하지만, 현재가가 52주 고점 대비 낮고 중간 이상 위치(62.3%)에 있어 방향성이 상승·하락 어느 쪽으로도 강하게 기울었다고 보기 어렵습니다.""]",3.151862464183381,14.231136580706782,4.8953136257577174,16.75587179406161
000270,기아,2024-05-02,119600,Neutral,61,"[""PER 5.4와 PBR 1.03은 밸류에이션 부담이 크지 않고 ROE 19.1%도 높아 중장기적으로는 하방을 강하게 지지하는 재무 신호가 있습니다."", ""최근 1개월 수익률이 10.03%로 단기 상승 모멘텀은 존재하지만, 현재 주가가 52주 최고가의 82.8% 수준까지 올라와 추가 상승 여력은 제한적으로 보입니다."", ""거래량 변화율이 -8.92%로 상승 추세를 뒷받침하는 수급 확장이 확인되지 않아, 향후 20거래일 방향성을 단정하기 어렵습니다.""]",0.35118525021949076,4.477611940298507,-1.5385043968366927,5.020458728984288
000270,기아,2024-06-03,120700,Neutral,62,"[""PER 5.0과 PBR 1.03은 밸류에이션 부담이 크지 않고 ROE 20.4%로 수익성은 우수해 중기적으로는 하방을 강하게 단정하기 어렵습니다."", ""현재 주가는 52주 최고가 128,500원 대비 84.9% 수준으로 고점 근처에 있어 추가 상승 여력은 있으나, 단기적으로는 추세 확장보다 저항 구간 접근 가능성이 있습니다."", ""최근 1개월 수익률이 2.29%로 상승 탄력이 크지 않은 반면 거래량 변화율이 -28.11%로 수급이 약해 향후 20거래일 방향성을 강하게 확신하기 어렵습니다.""]",2.941176470588235,3.949579831932773,0.4593012592888783,-1.0055307950158885
000270,기아,2024-07-01,128600,Neutral,66,"[""PER 5.4와 PBR 1.09는 밸류에이션 부담이 크지 않고 ROE 20.3%로 수익성은 우수해 중장기적으로는 긍정적입니다."", ""다만 현재가 128,600원은 52주 최고가 132,300원 대비 93.3% 수준으로 고점권에 근접해 있어 20거래일 내 추가 상승 여력은 제한적으로 보입니다."", ""최근 1개월 수익률이 9.26%로 이미 단기 상승이 진행된 반면 거래량 변화율이 -1.70%로 수급 확장이 뚜렷하지 않아 방향성을 강하게 확신하기 어렵습니다.""]",-0.889967637540453,-9.70873786407767,-4.001235374859124,-8.174320453636293
000270,기아,2024-08-01,112100,Neutral,66,"[""PER 4.7과 PBR 0.95는 밸류에이션 부담이 낮아 하방을 강하게 단정하기는 어렵습니다."", ""ROE 20.3%는 수익성 측면에서 양호하지만, 최근 1개월 수익률이 -9.38%로 단기 모멘텀은 약합니다."", ""현재 주가는 52주 최고가 대비 낮고(52주 내 위치 63.5%), 거래량 변화율도 -22.05%로 수급이 둔화되어 향후 20거래일 방향성을 확신하기 어렵습니다.""]",-4.855275443510738,-0.9337068160597572,-1.57598660377962,-1.113439944126148
000270,기아,2024-09-02,106100,Neutral,61,"[""PER 4.3과 PBR 0.84는 밸류에이션 부담이 낮아 하방을 강하게 지지하지는 않지만, 이것만으로 향후 20거래일 상승을 단정할 근거도 충분하지 않습니다."", ""ROE 19.3%는 수익성 측면에서 긍정적이지만, 최근 1개월 수익률이 -5.35%로 단기 모멘텀은 약한 편입니다."", ""현재 주가는 52주 범위의 중간 수준(52.7%)에 위치하고 거래량 변화율이 10.16%로 수급 변화는 있으나, 방향성이 상승·하락 어느 쪽으로도 뚜렷하게 기울었다고 보기 어렵습니다.""]",-1.9569471624266144,-2.5440313111545985,3.3420999848321142,0.09310780384448147
000270,기아,2024-10-02,98700,Neutral,66,"[""PER 4.0과 PBR 0.78은 밸류에이션 부담이 낮아 하방을 완전히 단정하기는 어렵지만, 이것만으로 20거래일 내 상승을 강하게 기대할 근거도 충분하지 않습니다."", ""ROE 19.3%는 수익성 측면에서 긍정적이지만, 최근 1개월 수익률이 -5.64%로 단기 모멘텀은 약한 편입니다."", ""현재 주가는 52주 최고가 대비 39.4% 수준으로 고점 대비 여유가 있으나, 거래량 변화율 26.37%는 방향성 강화 신호로 보기에는 해석이 제한적이어서 상승·하락 근거가 균형적입니다.""]",2.6530612244897958,-0.6122448979591837,0.56800104260157,-1.361745814404999
000270,기아,2024-11-01,94300,Neutral,66,"[""PER 3.9와 PBR 0.75는 밸류에이션 부담이 낮아 하방을 완전히 지지하지는 않지만, 이것만으로 향후 20거래일 상승을 단정하기는 어렵습니다."", ""ROE 19.4%는 수익성은 우수함을 보여주지만, 최근 1개월 수익률이 -5.61%로 단기 모멘텀은 약한 편입니다."", ""현재 주가는 52주 최고가 대비 31.4% 수준으로 고점 대비 크게 낮지만, 거래량 변화율 4.95%는 방향성을 강하게 확정할 만큼 충분한 신호는 아닙니다.""]",-2.8747433264887063,-3.285420944558522,-0.6611216931750739,1.9093090059623337
000270,기아,2024-12-02,94200,Neutral,61,"[""PER 3.8과 PBR 0.72는 밸류에이션 부담이 낮아 하방을 강하게 단정하기 어렵지만, 이것만으로 20거래일 내 상승을 확신할 근거도 부족합니다."", ""ROE 18.8%는 수익성 측면에서 양호하나, 최근 1개월 수익률이 -0.11%로 단기 모멘텀이 거의 없고 방향성이 뚜렷하지 않습니다."", ""현재 주가는 52주 최고가 대비 크게 낮은 22.6% 위치에 있으나 거래량 변화율이 -24.56%로 수급이 약해 단기 반등과 추가 하락이 균형을 이룹니다.""]",-2.2448979591836733,2.7551020408163267,1.0453704300807471,5.0822089565396915
000270,기아,2025-01-02,101600,Buy,74,"[""PER 4.1과 PBR 0.78은 절대적으로 낮은 밸류에이션으로, 제공된 데이터만 보면 20거래일 내 추가 하락보다 반등 여지가 더 크게 보입니다."", ""ROE 18.8%는 자본효율성이 높다는 뜻이며, 낮은 밸류에이션과 결합될 때 주가 하방보다 상방 논리를 강화합니다."", ""최근 1개월 수익률이 9.36%로 양호하고 거래량 변화율도 7.01%로 증가해 단기 모멘텀이 우호적이며, 현재가가 52주 최고가 대비 31.9% 낮아 추가 회복 여지가 남아 있습니다.""]",4.865938430983118,-1.8867924528301887,1.8412693181538642,-5.770212057076025
000270,기아,2025-02-03,96100,Neutral,62,"[""PER 3.9과 PBR 0.74는 밸류에이션 측면에서 저평가 신호지만, 이것만으로 향후 20거래일 내 주가 상승을 단정하기는 어렵습니다."", ""ROE 18.9%는 수익성은 양호함을 보여주지만, 최근 1개월 수익률이 -6.61%로 단기 모멘텀은 약한 편입니다."", ""현재 주가는 52주 최고가 대비 19.7% 수준이고 거래량 변화율도 -3.48%로 수급 탄력이 강하지 않아, 상승·하락 어느 쪽도 확신하기 어렵습니다.""]",-2.998965873836608,-0.8273009307135472,-5.310294041335374,-3.9074600158531116
000270,기아,2025-03-04,93300,Neutral,67,"[""PER 3.8과 PBR 0.72는 밸류에이션 측면에서 저평가 신호지만, 이것만으로 향후 20거래일 상승을 단정하기는 어렵습니다."", ""ROE 18.9%로 수익성은 양호하나, 최근 1개월 수익률이 -8.53%로 단기 모멘텀은 약세입니다."", ""현재가가 52주 최저가 90,800원에 매우 가까운 52주 내 위치 6.0%에 있어 반등 여지는 있으나, 추세 전환을 확인할 추가 근거가 부족합니다.""]",3.3368091762252345,-3.962460896767466,2.6843794717145157,-1.9191714626886673
000270,기아,2025-04-01,93200,Neutral,61,"[""PER 3.7과 PBR 0.66은 밸류에이션 측면에서 저평가 신호지만, 이것만으로 향후 20거래일 내 주가 상승을 단정하기는 어렵습니다."", ""현재가 93,200원은 52주 최저가 90,800원에 매우 근접해 있어 단기적으로는 하방이 제한될 수 있으나, 52주 최고가 132,300원 대비 여전히 크게 낮아 추세 전환 근거는 약합니다."", ""최근 1개월 수익률이 0.00%로 모멘텀이 없고, 거래량 변화율 25.67%는 관심 증가를 시사하지만 방향성이 명확하지 않아 상승·하락 판단이 균형적입니다.""]",-9.011943539630836,-1.8458197611292075,-0.5453891431362088,-3.871072568548616
000270,기아,2025-05-02,89400,Neutral,67,"[""PER 3.6, PBR 0.64, ROE 17.8%로 밸류에이션과 수익성은 양호해 하방을 완전히 단정하기는 어렵습니다."", ""현재 주가는 52주 최고가 대비 14.7% 수준으로 저점권에 가깝지만, 최근 1개월 수익률이 -2.93%로 단기 모멘텀은 약합니다."", ""거래량 변화율이 -32.81%로 수급이 둔화된 모습이라 단기 반등과 추가 하락 가능성이 혼재되어 방향성을 확신하기 어렵습니다.""]",4.880817253121453,5.675368898978434,2.286598588112518,-3.5813721065386996
000270,기아,2025-06-02,88400,Neutral,66,"[""PER 3.7과 PBR 0.63은 밸류에이션 측면에서 저평가 신호로 해석될 수 있어 하방을 단정하기는 어렵습니다."", ""ROE 17.0%는 수익성은 양호하지만, 최근 1개월 수익률이 -2.43%이고 거래량 변화율도 -3.64%로 단기 모멘텀은 약합니다."", ""현재 주가는 52주 최고가 대비 크게 낮지만 52주 최저가 82,000원에 근접한 52주 내 위치 12.7%로, 반등 여지도 있으나 추가 약세 가능성도 함께 존재합니다.""]",9.821428571428571,11.71875,4.437140774226277,-0.7478666216742873
000270,기아,2025-07-01,98700,Buy,74,"[""PER 4.1과 PBR 0.70은 밸류에이션 부담이 낮아 20거래일 관점에서 하방보다 반등 여지가 더 크다."", ""ROE 16.9%로 수익성은 양호한 편이며, 저평가 구간에서 이익창출력이 뒷받침되고 있다."", ""최근 1개월 수익률 5.90%와 거래량 변화율 21.02%는 단기 모멘텀이 살아 있음을 시사하며, 52주 최고가 대비 현재 위치 33.2%도 추가 회복 여지를 남긴다.""]",-0.4,10.4,-2.308255448674167,4.5656422964104815
000270,기아,2025-08-01,100800,Neutral,61,"[""PER 4.2와 PBR 0.72는 밸류에이션 부담이 낮아 하방을 강하게 지지하지는 않지만, 이것만으로 향후 20거래일 상승을 단정할 근거도 충분하지 않습니다."", ""ROE 17.0%는 수익성은 양호함을 보여주지만, 최근 1개월 수익률이 0.70%로 거의 정체되어 있어 단기 모멘텀이 강하다고 보기 어렵습니다."", ""현재 주가는 52주 범위의 48.8% 수준으로 중립적 위치에 있고, 거래량 변화율 14.88%는 관심 증가 신호일 수 있으나 방향성을 확정할 정도로 강하지 않습니다.""]",-1.1673151750972763,4.280155642023346,-3.0423052473711225,3.498645039211817
000270,기아,2025-09-01,106500,Neutral,66,"[""PER 4.8과 PBR 0.74는 밸류에이션 부담이 낮아 하방을 강하게 지지하지는 않지만, 이것만으로 향후 20거래일 상승을 단정할 근거도 충분하지 않습니다."", ""ROE 15.3%는 수익성 측면에서 양호하지만, 최근 1개월 수익률 4.11% 이후 추가 상승 여력은 기술적으로 강하게 확인되지 않습니다."", ""현재가가 52주 최고가의 86.3% 수준으로 고점 근처에 있고 거래량 변화율이 -50.21%로 수급이 약화되어 있어 상승·하락 어느 한 방향으로도 확신하기 어렵습니다.""]",-1.585820895522388,-6.063432835820896,-4.350333007994224,-14.014951426140374
000270,기아,2025-10-01,100600,Neutral,61,"[""PER 4.5와 PBR 0.70은 밸류에이션 부담이 낮아 하방을 완전히 강하게 보기는 어렵지만, 이것만으로 20거래일 내 상승을 단정할 근거도 충분하지 않습니다."", ""최근 1개월 수익률이 -6.16%로 단기 추세가 약세이며, 이는 향후 20거래일 방향성에 부정적 신호로 작용합니다."", ""현재 주가는 52주 최고가 대비 65.5% 수준이고 거래량 변화율이 52.30%로 높아 변동성은 커졌지만, 상승·하락 어느 쪽으로도 명확히 우세한 신호로 보기 어렵습니다.""]",6.813819577735125,7.485604606525912,1.2024300008997209,-5.960767966525551
000270,기아,2025-11-03,117700,Neutral,67,"[""PER 5.3과 PBR 0.82는 밸류에이션 부담이 낮아 하방을 강하게 지지하지는 않지만, 이것만으로 향후 20거래일 상승을 단정할 근거도 충분하지 않습니다."", ""ROE 15.4%는 수익성 측면에서 양호해 중기적으로는 긍정적이지만, 현재가 117,700원이 52주 최고가 119,900원의 94.2% 수준이라 단기 추가 상승 여력은 제한적으로 보입니다."", ""최근 1개월 수익률 17.47%와 거래량 변화율 48.96%는 단기 모멘텀이 강함을 시사하지만, 이미 단기간 급등한 상태라 추세 지속과 차익실현 압력이 균형을 이뤄 방향성을 확신하기 어렵습니다.""]",1.3986013986013985,2.272727272727273,1.7710169318470534,5.349340547703374
000270,기아,2025-12-01,112300,Neutral,67,"[""PER 5.6과 PBR 0.76은 밸류에이션 부담이 낮아 하방을 완전히 단정하기는 어렵지만, 이것만으로 향후 20거래일 상승을 강하게 뒷받침하진 않습니다."", ""최근 1개월 수익률이 -6.34%로 단기 모멘텀이 약하고, 거래량 변화율도 -39.27%로 수급 동력이 둔화된 모습입니다."", ""52주 최고가 대비 현재 위치가 80.0%로 고점 부담은 크지 않지만, 52주 범위 내 중상단에 있어 추가 상승과 조정 가능성이 공존해 방향성을 확신하기 어렵습니다.""]",5.811965811965812,3.076923076923077,2.0917504389805446,-4.8005616349492275
105560,KB금융,2023-01-02,47600,Sell,82,"[""최근 1개월 수익률이 -11.03%로 단기 추세가 뚜렷하게 하락 방향입니다."", ""거래량 변화율이 -8.09%로 매수 참여가 줄어드는 모습이라 반등 동력이 약합니다."", ""현재가 47,600원은 52주 최고가 대비 크게 낮고 52주 내 위치도 17.6%에 불과해, 향후 20거래일 내 추가 약세 가능성을 더 높게 봅니다.""]",17.83893985728848,14.984709480122325,11.861061118578972,3.7077339811769914
105560,KB금융,2023-02-01,57400,Neutral,61,"[""최근 1개월 수익률이 18.35%로 단기 모멘텀은 강하지만, 이미 상당 부분 반영됐을 가능성이 있어 향후 20거래일 추가 상승을 단정하기 어렵습니다."", ""현재 주가는 52주 최고가 대비 낮지만 52주 내 위치가 62.0%로 중간 이상 수준이라 추세 지속과 되돌림 가능성이 동시에 존재합니다."", ""거래량 변화율이 58.72%로 수급 개선 신호는 있으나, PER·PBR·ROE가 모두 제공되지 않아 밸류에이션과 수익성 근거로 방향성을 확정할 수 없습니다.""]",-3.900709219858156,-11.347517730496454,-4.412682260265137,-9.856558267096048
105560,KB금융,2023-03-02,50600,Sell,78,"[""최근 1개월 수익률이 -9.48%로 단기 추세가 이미 약세 방향을 보이고 있어 향후 20거래일에도 반등보다 추가 약세 가능성이 높습니다."", ""현재 주가는 52주 최고가 대비 크게 낮고 52주 내 위치가 37.9%에 불과해, 강한 상승 모멘텀이 형성된 상태로 보기 어렵습니다."", ""거래량 변화율이 -2.13%로 수급 개선 신호가 약하며, 제공된 재무지표도 적자 상태로 표시되어 주가를 지지할 근거가 제한적입니다.""]",-0.6,-4.7,0.9410740644800527,-6.541641071186272
105560,KB금융,2023-04-03,47300,Sell,78,"[""최근 1개월 수익률이 -5.40%로 단기 추세가 하락 방향이며, 향후 20거래일에도 약세 흐름이 이어질 가능성이 있습니다."", ""거래량 변화율이 -21.70%로 수급이 둔화되고 있어 반등 동력이 약한 상태로 해석됩니다."", ""현재 주가는 52주 최고가 대비 크게 낮고 52주 내 현재 위치가 19.8%에 불과해, 강한 추세 전환 신호가 확인되지 않습니다.""]",-1.6753926701570683,1.1518324607329842,-4.390560115561437,0.3096669383202597
105560,KB금융,2023-05-02,49500,Neutral,58,"[""최근 1개월 수익률이 3.88%로 단기 모멘텀은 플러스이지만, 상승 강도가 크다고 보기에는 제한적입니다."", ""현재 주가는 52주 최고가 대비 낮고 52주 내 위치가 34.7%로 중간 이하 구간에 있어 추세 전환의 강한 확인 신호는 부족합니다."", ""거래량 변화율이 -12.04%로 수급 확장 없이 가격만 오른 모습에 가까워 향후 20거래일 방향성을 확신하기 어렵습니다.""]",1.8633540372670807,-1.7598343685300208,2.279121207651669,-5.755996517726472
105560,KB금융,2023-06-01,46800,Neutral,61,"[""현재가 46,800원은 52주 최고가 60,400원 대비 크게 낮고 52주 내 위치도 18.6%로 낮아 기술적으로는 반등 여지가 있으나, 이것만으로 상승 추세 전환을 확정하기는 어렵습니다."", ""최근 1개월 수익률이 -5.45%로 단기 모멘텀이 약한 편이어서 향후 20거래일 내 강한 상승 신호로 보기에는 근거가 제한적입니다."", ""거래량 변화율이 4.04%로 크지 않아 추세 강화나 급변 가능성을 뒷받침하는 신호가 약하므로, 상승·하락 어느 쪽도 우세하다고 단정하기 어렵습니다.""]",2.73972602739726,2.528977871443625,1.6637503838877197,2.486307883437364
105560,KB금융,2023-07-03,48650,Neutral,58,"[""현재 주가는 52주 최고가 60,000원 대비 낮고 52주 내 위치가 30.4%로 중하단 구간이어서 추가 상승 여력은 있으나, 강한 추세 전환 신호로 보기에는 아직 제한적입니다."", ""최근 1개월 수익률이 3.95%로 단기 반등은 확인되지만, 거래량 변화율이 -14.51%로 수급 확장이 동반되지 않아 상승 지속성을 강하게 뒷받침하지 못합니다."", ""PER, PBR, ROE가 모두 제공되지 않거나 N/A로 재무 기반의 방향성 판단이 불가능해, 향후 20거래일 주가 방향을 확신하기 어렵습니다.""]",-2.37603305785124,9.090909090909092,-1.1875904883165462,6.246667561743654
105560,KB금융,2023-08-01,52800,Buy,72,"[""최근 1개월 수익률이 8.53%로 양호해 단기 추세가 우상향으로 해석됩니다."", ""거래량 변화율이 26.96%로 증가해 최근 주가 움직임에 대한 시장 참여가 확대된 모습입니다."", ""현재 주가는 52주 최고가 대비 여전히 55.8% 수준으로, 추가 상승 여력이 남아 있는 구간으로 볼 수 있습니다.""]",-3.4220532319391634,2.8517110266159698,-2.9882626667884105,5.152520896402354
105560,KB금융,2023-09-01,53600,Neutral,58,"[""현재 주가는 52주 최고가 60,000원 대비 60.7% 수준으로 중간권에 위치해 있어 단기 방향성을 강하게 지지하는 가격 신호가 뚜렷하지 않습니다."", ""최근 1개월 수익률이 1.90%로 소폭 플러스이지만 상승 탄력이 강하다고 보기 어렵고, 향후 20거래일 추가 상승 근거로는 제한적입니다."", ""거래량 변화율이 -35.92%로 감소해 매수세 확장 신호가 약하며, 상승·하락 어느 한쪽으로 확신하기 어려운 상태입니다.""]",2.2222222222222223,3.3333333333333335,3.29281478185543,10.136064950055786
105560,KB금융,2023-10-04,54700,Neutral,58,"[""현재가가 52주 최고가 60,000원 대비 아직 67.5% 수준으로 고점 부담은 완전히 해소되지 않았지만, 동시에 52주 최저가 43,700원 대비로는 상당히 회복된 상태여서 방향성이 단정적이지 않습니다."", ""최근 1개월 수익률이 3.99%로 완만한 상승 흐름은 있으나, 상승 강도가 크지 않아 향후 20거래일 추가 상승을 강하게 뒷받침하는 신호로 보기에는 제한적입니다."", ""거래량 변화율이 7.82%로 수급 개선 가능성은 보이지만, PER·PBR·ROE가 모두 유효하지 않아 밸류에이션과 수익성 근거를 함께 확인할 수 없어 Buy 또는 Sell로 단정하기 어렵습니다.""]",5.597014925373134,-1.8656716417910446,3.410711047856069,-0.3987054244503987
105560,KB금융,2023-11-01,51300,Neutral,61,"[""최근 1개월 수익률이 -7.90%로 단기 추세가 약세이지만, 52주 최저가(45,300원) 대비 현재가(51,300원)는 여전히 하단 구간을 벗어난 수준이라 추가 하락만을 단정하기 어렵습니다."", ""현재 주가는 52주 최고가 60,000원 대비 낮고 52주 내 위치가 40.8%로 중립 이하 구간에 있어 상승 추세의 강한 확인 신호도 부족합니다."", ""거래량 변화율이 9.27%로 수급 변화 가능성은 있으나, 방향성을 결정할 만큼 충분히 강한 단서가 아니어서 20거래일 전망은 상승·하락 근거가 균형적입니다.""]",4.705882352941177,2.7450980392156863,1.122625840257232,-5.456359845997196
105560,KB금융,2023-12-01,51900,Neutral,58,"[""현재 주가는 52주 최고가 60,000원 대비 낮고 52주 내 위치가 40.0%로 중간 이하 수준이어서 강한 추세 상승 신호로 보기 어렵습니다."", ""최근 1개월 수익률이 1.76%로 플러스이지만 상승 폭이 크지 않아 향후 20거래일의 방향성을 강하게 지지하지는 않습니다."", ""거래량 변화율이 -6.38%로 수급 모멘텀이 약해 보이며, PBR 0.36은 저평가 가능성을 시사하지만 단기 주가 상승 근거로는 부족합니다.""]",0.1941747572815534,0.3883495145631068,-0.2197499728323777,-2.477313818703963
105560,KB금융,2024-01-02,53600,Neutral,58,"[""PBR 0.37은 자산가치 대비 매우 낮아 하방은 제한될 수 있지만, 제공된 데이터만으로는 20거래일 내 재평가 상승을 뒷받침할 강한 촉매가 확인되지 않습니다."", ""최근 1개월 수익률이 3.67%로 단기 모멘텀은 플러스이나, 거래량 변화율이 -7.56%로 상승 추세의 신뢰도는 다소 약합니다."", ""52주 내 현재 위치가 52.6%로 중립적 구간에 있어 과열도 저평가도 극단적이지 않으므로, 상승·하락 어느 한쪽으로 확신하기 어렵습니다.""]",-2.4714828897338403,7.604562737642586,0.0341646934074018,11.831908162620813
105560,KB금융,2024-02-01,61300,Neutral,66,"[""현재가가 52주 최고가와 동일해 52주 내 위치가 100.0%로, 단기적으로는 추가 상승 여력이 제한될 수 있는 고점권 상태입니다."", ""최근 1개월 수익률이 16.54%로 이미 강한 상승이 반영되어 있어, 향후 20거래일 동안 추세 지속보다 차익실현 압력이 나타날 가능성도 있습니다."", ""PBR 0.43은 낮아 밸류에이션 측면의 지지 요인이 있으나, PER과 ROE가 모두 유효하게 제시되지 않아 수익성 기반의 추가 상승 근거는 부족합니다.""]",5.128205128205128,5.279034690799397,3.8155500318685585,4.278006132043462
105560,KB금융,2024-03-04,69000,Sell,78,"[""현재가 69,000원이 52주 최고가 69,700원의 97.0% 수준으로, 단기적으로 상승 여력이 매우 제한적입니다."", ""최근 1개월 수익률이 23.43%로 이미 강한 단기 상승이 진행되어 있어 향후 20거래일에는 차익실현 압력이 커질 수 있습니다."", ""거래량 변화율이 113.51%로 급증한 상태는 과열 신호로 해석될 수 있으며, PBR 0.48은 저평가처럼 보이지만 현재 주가가 이미 고점권에 있어 추가 상승 근거로는 약합니다.""]",5.323741007194244,-0.8633093525179856,4.100445166626574,-4.779667773292491
105560,KB금융,2024-04-01,68400,Neutral,62,"[""PER 5.9와 PBR 0.47은 밸류에이션 측면에서 저평가 신호가 강해 하방을 단정하기는 어렵습니다."", ""최근 1개월 수익률이 7.72%로 단기 모멘텀은 양호하지만, 거래량 변화율이 -30.70%로 상승 추세의 신뢰도는 다소 약합니다."", ""현재 주가가 52주 최고가 대비 아직 여유가 있고 52주 내 위치도 68.2%로 중간 이상이어서, 향후 20거래일 방향성을 강하게 한쪽으로 확정하기 어렵습니다.""]",0.29027576197387517,4.934687953555878,2.033726923548212,7.459423166910705
105560,KB금융,2024-05-02,72300,Neutral,66,"[""PER 6.2와 PBR 0.50은 밸류에이션 부담이 낮아 하방은 제한적일 수 있지만, 이것만으로 향후 20거래일 상승을 강하게 뒷받침하진 않습니다."", ""ROE 8.0%는 수익성은 무난하나 매우 강한 성장 모멘텀으로 보기 어렵고, 시가총액 25.6조원인 대형주 특성상 단기 급등 근거도 제한적입니다."", ""최근 1개월 수익률이 5.70%로 이미 상승한 상태에서 거래량 변화율이 -25.53%로 수급 동력이 약해 보여 추가 상승과 조정 가능성이 균형적입니다.""]",10.719131614654003,5.291723202170964,8.82944196759782,5.834569990856744
105560,KB금융,2024-06-03,79300,Sell,72,"[""현재가 79,300원은 52주 최고가 81,600원의 93.5% 수준으로, 단기적으로 상승 여력이 제한된 고점 근접 구간에 위치해 있습니다."", ""최근 1개월 수익률이 4.89%로 이미 단기 상승이 진행된 반면 거래량 변화율이 -8.99%로 수급 확장이 동반되지 않아 추가 상승 탄력이 약합니다."", ""PER 6.8과 PBR 0.54는 저평가 신호일 수 있지만 ROE 7.9%가 높지 않아, 향후 20거래일 기준으로는 밸류에이션보다 가격 모멘텀 둔화 가능성이 더 크게 보입니다.""]",1.9329896907216495,8.762886597938143,-0.5488855205777072,3.807775970989482
105560,KB금융,2024-07-01,79600,Sell,67,"[""현재가 79,600원은 52주 최고가 81,600원의 94.3% 수준으로 고점 부근에 위치해 있어 향후 20거래일 내 추가 상승 여력이 제한적으로 보입니다."", ""최근 1개월 수익률이 1.14%로 상승 탄력이 크지 않은 반면 거래량 변화율이 -20.08%로 수급 강도가 약해 단기 추세 지속 신호가 약합니다."", ""PER 6.9와 PBR 0.54는 저평가처럼 보이지만 ROE 7.9%가 높지 않아 밸류에이션 매력이 주가 상승으로 즉시 연결될 근거가 충분하지 않습니다.""]",2.403846153846154,7.331730769230769,-0.7074215834725162,8.866148179672146
105560,KB금융,2024-08-01,88300,Neutral,66,"[""PER 7.6과 PBR 0.60은 밸류에이션 부담이 크지 않아 하방을 강하게 지지하지는 않지만, 이것만으로 20거래일 내 추가 상승을 단정할 근거도 충분하지 않습니다."", ""주가가 52주 최고가의 94.2% 수준에 위치해 있어 단기적으로는 상단 저항에 근접한 상태로 보이며, 추가 상승 여력보다 되돌림 가능성도 함께 존재합니다."", ""최근 1개월 수익률이 4.62%로 이미 상승이 진행된 상태이고 거래량 변화율도 4.06%로 크지 않아, 강한 추세 지속이나 급락 신호 어느 쪽도 뚜렷하지 않습니다.""]",-1.5625,5.408653846153847,1.7167888397311182,5.228920718087456
105560,KB금융,2024-09-02,87700,Neutral,66,"[""PER 7.6, PBR 0.59은 밸류에이션 측면에서 저평가 성격이지만, 이것만으로 향후 20거래일 내 상승을 강하게 뒷받침하진 않습니다."", ""현재 주가가 52주 최고가 90,800원 대비 92.5% 수준으로 고점 부근에 있어 추가 상승 여력이 제한적으로 보입니다."", ""최근 1개월 수익률이 -0.68%이고 거래량 변화율도 -16.24%로 수급 모멘텀이 약해 단기 방향성을 확신하기 어렵습니다.""]",-4.712643678160919,2.7586206896551726,0.5864034690978093,5.3957598046542525
105560,KB금융,2024-10-02,81300,Neutral,66,"[""PER 7.0과 PBR 0.55은 밸류에이션 부담이 낮아 하방을 완전히 강하게 보기는 어렵지만, 이것만으로 20거래일 내 상승을 단정할 근거도 충분하지 않습니다."", ""최근 1개월 수익률이 -5.24%로 단기 모멘텀이 약하고, 현재 주가가 52주 최고가 대비 77.1% 위치에 있어 추세적으로 강한 돌파 신호는 확인되지 않습니다."", ""거래량 변화율 27.15%는 관심 증가를 시사하지만 방향성이 명확하지 않고, ROE 7.8%는 양호하나 강한 재평가를 이끌 수준으로 보기에는 제한적입니다.""]",17.675544794188863,9.806295399515738,15.590484612300637,9.056794483069924
105560,KB금융,2024-11-01,91800,Neutral,66,"[""PER 7.9, PBR 0.62는 밸류에이션 부담이 크지 않아 하방을 강하게 지지하지는 않지만, 이것만으로 향후 20거래일 상승을 단정할 근거도 충분하지 않습니다."", ""최근 1개월 수익률이 13.47%로 단기 모멘텀은 양호하지만, 52주 최고가 대비 현재 위치가 82.2%로 이미 상당 부분 반등한 상태라 추가 상승 여력은 제한적으로 보입니다."", ""거래량 변화율이 -0.82%로 수급 확장이 확인되지 않아, 단기 추세 지속을 강하게 뒷받침하는 신호가 부족합니다.""]",2.2050716648291067,6.284454244762955,4.418693298142739,11.47918419528381
105560,KB금융,2024-12-02,96400,Neutral,61,"[""PER 8.3, PBR 0.65은 밸류에이션 부담이 크지 않지만, ROE 7.8%로 수익성 개선 강도가 강하다고 보기는 어렵습니다."", ""현재 주가는 52주 최고가 대비 91.1% 수준으로 고점권에 근접해 있어 추가 상승 여력보다 단기 과열·저항 가능성이 함께 존재합니다."", ""최근 1개월 수익률은 5.01%로 양호하지만 거래량 변화율이 -24.07%로 수급 확장이 확인되지 않아 향후 20거래일 방향성을 강하게 단정하기 어렵습니다.""]",-17.687747035573125,-17.193675889328063,-14.397478646308704,-14.866568973604698
105560,KB금융,2025-01-02,83400,Neutral,66,"[""PER 7.2와 PBR 0.56은 밸류에이션 부담이 낮아 하방을 완전히 강하게 보기는 어렵지만, 이것만으로 20거래일 상승을 단정할 근거도 부족합니다."", ""최근 1개월 수익률이 -13.31%로 단기 추세가 약하고, 52주 최고가 대비 현재 위치가 65.7% 수준이라 강한 모멘텀 회복 신호로 보기에는 애매합니다."", ""거래량 변화율 79.45%는 관심 증가를 시사하지만 방향성이 명확하지 않고, ROE 7.8%는 수익성 측면에서 매우 강한 상승 촉매로 보기 어렵습니다.""]",4.77326968973747,1.3126491646778042,1.7486005769082156,-2.570770439568032
105560,KB금융,2025-02-03,88800,Neutral,66,"[""PER 7.7과 PBR 0.60은 밸류에이션 측면에서 부담이 크지 않아 하방을 완전히 강하게 지지하지는 않지만, 이것만으로 향후 20거래일 상승을 단정할 근거도 부족합니다."", ""ROE 7.8%는 수익성은 양호하나 매우 강한 성장 모멘텀으로 보기에는 제한적이며, 현재가가 52주 최고가 대비 아직 76.1% 수준이라 추가 상승 여력과 단기 과열 여부가 동시에 혼재합니다."", ""최근 1개월 수익률이 3.86%로 완만한 상승세이지만 거래량 변화율이 -56.79%로 수급 동력이 약해 보여, 단기 방향성을 확신하기 어렵습니다.""]",-7.776560788608982,-16.10076670317634,-10.087888956107747,-19.180925788315903
105560,KB금융,2025-03-04,77900,Neutral,66,"[""PER 6.7과 PBR 0.52는 밸류에이션 부담이 낮아 하방을 완전히 단정하기 어렵지만, 이것만으로 향후 20거래일 상승을 강하게 뒷받침하진 않습니다."", ""최근 1개월 수익률이 -15.05%로 단기 추세가 약하고, 52주 최고가 대비 현재 위치가 40.1% 수준이라 강한 모멘텀 회복 신호로 보기 어렵습니다."", ""거래량 변화율이 93.79%로 급증해 변동성 확대 가능성은 있으나, 방향성 자체는 상승·하락 어느 쪽도 데이터만으로 확정하기 어렵습니다.""]",0.39164490861618795,5.091383812010443,-0.26078479589453096,7.134673246089243
105560,KB금융,2025-04-01,79600,Neutral,62,"[""PER 6.2와 PBR 0.52는 밸류에이션 측면에서 저평가 신호이지만, 이것만으로 향후 20거래일 주가 상승을 단정하기는 어렵습니다."", ""ROE 8.4%는 수익성은 양호하나 압도적으로 강한 수준은 아니어서 단기 주가 모멘텀을 강하게 지지한다고 보기 어렵습니다."", ""최근 1개월 수익률이 1.66%로 제한적이고 거래량 변화율이 -23.14%로 수급이 약해 보여, 상승과 하락 어느 쪽도 확신하기 어려운 상황입니다.""]",-11.925465838509316,12.049689440993788,-3.4589114420146885,10.024436633574378
105560,KB금융,2025-05-02,93200,Neutral,66,"[""PER 7.2와 PBR 0.61은 밸류에이션 부담이 낮아 하방을 완전히 열어두기보다는 방어적 해석이 가능하지만, 이것만으로 20거래일 상승을 강하게 뒷받침하진 않습니다."", ""최근 1개월 수익률이 15.78%로 단기 상승 모멘텀은 존재하지만, 현재 주가가 52주 최고가 대비 78.7% 수준까지 올라와 추가 상승 여력과 추격 매수 부담이 동시에 존재합니다."", ""거래량 변화율이 -6.00%로 상승 추세의 확산 강도가 약해 보이며, ROE 8.4%는 양호하나 단기 주가 방향성을 결정할 만큼 강한 신호는 아닙니다.""]",-0.2136752136752137,13.568376068376068,-2.807893878684149,4.311635062858935
105560,KB금융,2025-06-02,100000,Neutral,66,"[""PER 6.8과 PBR 0.65는 밸류에이션 부담이 낮아 하방은 제한적일 수 있지만, 이것만으로 향후 20거래일 상승을 강하게 뒷받침하진 않습니다."", ""최근 1개월 수익률이 13.90%로 단기 상승 모멘텀은 존재하나, 현재 주가가 52주 최고가의 87.3% 수준까지 올라와 추가 상승 여력은 다소 제한적으로 보입니다."", ""거래량 변화율이 -2.40%로 상승 추세를 강하게 확인해주지 못해, 단기 방향성을 Buy 또는 Sell로 단정하기 어렵습니다.""]",-1.8535681186283595,8.341056533827619,-7.237855915830654,-4.125560087846669
105560,KB금융,2025-07-01,110800,Neutral,66,"[""PER 7.5와 PBR 0.73은 밸류에이션 부담이 크지 않아 하방을 강하게 지지하지는 않지만, 이것만으로 20거래일 내 추가 상승을 단정하기에는 근거가 제한적입니다."", ""현재가 110,800원은 52주 최고가 112,300원의 96.4% 수준으로 이미 고점권에 근접해 있어 단기 추가 상승 여력보다 차익실현 압력이 우세할 수 있습니다."", ""최근 1개월 수익률이 7.89%로 양호하고 거래량 변화율도 37.41%로 증가했지만, 단기 급등 이후의 추세 지속 여부는 불확실해 상승·하락 어느 쪽도 확신하기 어렵습니다.""]",4.317180616740088,-0.6167400881057269,2.408925168065921,-6.451097791695246
105560,KB금융,2025-08-01,106000,Neutral,61,"[""PER 7.2와 PBR 0.69은 밸류에이션 부담이 낮아 하방을 완전히 강하게 보기는 어렵습니다."", ""최근 1개월 수익률이 -9.32%이고 거래량 변화율도 -15.86%로, 단기 모멘텀과 수급이 약한 편입니다."", ""52주 최고가 대비 현재 위치가 68.9%로 중간 이상 구간이지만, 상승 추세를 뒷받침할 강한 기술적 신호는 부족해 20거래일 방향성을 확신하기 어렵습니다.""]",3.9667896678966788,0.36900369003690037,2.091799595622833,-0.4125069127746288
105560,KB금융,2025-09-01,107100,Neutral,61,"[""PER 7.2와 PBR 0.69은 밸류에이션 부담이 낮아 하방은 제한될 수 있지만, 이것만으로 향후 20거래일 상승을 강하게 뒷받침하진 않습니다."", ""최근 1개월 수익률이 -3.43%로 단기 모멘텀이 약하고, 거래량 변화율도 -32.57%로 수급 개선 신호가 부족합니다."", ""현재 주가는 52주 최고가 대비 낮은 71.1% 수준이지만, 52주 최저가 대비로는 이미 상당히 회복된 상태여서 추가 방향성을 단정하기 어렵습니다.""]",1.0110294117647058,6.158088235294118,-1.7534827007071299,-1.7934303550253619
105560,KB금융,2025-10-01,116300,Neutral,66,"[""PER 7.8과 PBR 0.75는 밸류에이션 부담이 크지 않아 하방을 완전히 지지하지는 않지만, 이것만으로 향후 20거래일 상승을 강하게 단정하기는 어렵습니다."", ""최근 1개월 수익률이 6.89%로 단기 모멘텀은 양호하고 거래량 변화율도 10.14%로 수급 개선 신호가 있으나, 52주 최고가 대비 현재 위치가 88.9%로 이미 고점권에 근접해 추가 상승 여력은 제한적으로 보입니다."", ""ROE 9.6%는 무난한 수준이지만 압도적으로 강한 성장 신호는 아니어서, 단기적으로 상승과 조정 가능성이 균형을 이루는 구간으로 판단됩니다.""]",-2.654109589041096,7.277397260273973,-8.2654991658765,-6.16897531277749
105560,KB금융,2025-11-03,118000,Neutral,62,"[""PER 7.9과 PBR 0.76은 밸류에이션 부담이 크지 않지만, 이것만으로 향후 20거래일 내 추가 상승을 강하게 뒷받침하진 않습니다."", ""현재 주가는 52주 최고가 122,000원 대비 92.2% 수준으로 고점권에 근접해 있어 단기 추가 상승 여력보다 차익실현 압력이 더 의식될 수 있습니다."", ""최근 1개월 수익률이 4.70%로 이미 상승이 진행됐고 거래량 변화율도 16.89%로 늘었지만, 방향성은 우상향이나 단기 과열 여부를 단정할 만큼 강한 신호는 아닙니다.""]",7.219031993437245,8.285479901558656,7.5914475266829,11.362093176534756
105560,KB금융,2025-12-01,126300,Neutral,66,"[""PER 8.3과 PBR 0.81은 밸류에이션 부담이 크지 않지만, 이것만으로 향후 20거래일 상승을 강하게 뒷받침하기에는 근거가 제한적입니다."", ""ROE 9.8%는 수익성은 양호한 편이나 압도적으로 높은 수준은 아니어서 단기 주가 모멘텀을 확정적으로 지지한다고 보기 어렵습니다."", ""최근 1개월 수익률 8.32%와 거래량 변화율 19.80%는 단기 상승 흐름을 시사하지만, 현재가가 52주 최고가의 86.9% 수준에 있어 추가 상승 여력과 단기 과열 가능성이 동시에 존재합니다.""]",-4.545454545454546,-6.59090909090909,-8.265669918439812,-14.468393802781396
055550,신한지주,2023-01-02,34300,Sell,78,"[""최근 1개월 수익률이 -10.56%로 단기 추세가 뚜렷하게 약세이며, 향후 20거래일에도 약세 흐름이 이어질 가능성이 높습니다."", ""현재 주가 34,300원은 52주 최저가 33,400원에 매우 근접해 있어 하방 압력이 아직 충분히 해소되지 않은 상태로 보입니다."", ""거래량 변화율이 -5.19%로 감소해 반등을 뒷받침할 수급 개선 신호가 약합니다.""]",16.857142857142858,17.857142857142858,10.87926411843335,6.580167358197524
055550,신한지주,2023-02-01,42450,Neutral,66,"[""최근 1개월 수익률이 20.60%로 단기 모멘텀은 강하지만, 이미 52주 최고가 44,900원 대비 현재가 42,450원이 근접해 추가 상승 여력은 제한적으로 보입니다."", ""52주 내 현재 위치가 78.7%로 고점 구간에 가까워 추격 매수의 기대수익 대비 부담이 커 보입니다."", ""거래량 변화율이 89.65%로 급증해 추세 지속 가능성은 있으나, 재무지표가 적자 상태로 표시되어 펀더멘털 근거가 부족해 방향성을 확신하기 어렵습니다.""]",-3.0303030303030303,-10.181818181818182,-3.5422760707100114,-8.690858718417775
055550,신한지주,2023-03-02,37700,Sell,78,"[""최근 1개월 수익률이 -9.27%로 단기 추세가 이미 약세이며, 20거래일 관점에서도 하방 모멘텀이 이어질 가능성이 높습니다."", ""거래량 변화율이 -20.26%로 감소해 반등을 뒷받침할 수급 개선 신호가 부족합니다."", ""현재 주가는 52주 최고가 대비 크게 낮고(52주 내 현재 위치 37.4%), 뚜렷한 상승 전환 근거가 제공되지 않아 단기적으로는 하락 우위로 판단됩니다.""]",-3.3738191632928474,-4.588394062078273,-1.8327450988127947,-6.430035133264545
055550,신한지주,2023-04-03,34550,Sell,78,"[""현재가 34,550원은 52주 최고가 44,900원 대비 크게 낮고 52주 내 위치도 10.0%로 하단권에 있어 추세적으로 약세 구간에 있습니다."", ""최근 1개월 수익률이 -6.75%로 단기 모멘텀이 부정적이며, 향후 20거래일 내 반등 근거보다 하락 추세 지속 가능성이 더 높습니다."", ""거래량 변화율이 5.79%로 급격한 추세 전환을 시사할 만큼 강하지 않아, 현재 제공된 데이터만으로는 상승 전환 신호가 충분하지 않습니다.""]",-1.422475106685633,-0.8534850640113799,-4.137642552090002,-1.6956505864241045
055550,신한지주,2023-05-02,35450,Neutral,61,"[""현재가 35,450원은 52주 최저가 33,400원 대비 크게 높지 않고 52주 최고가 44,900원 대비 17.8% 위치에 있어 추세 방향성이 강하게 형성됐다고 보기 어렵습니다."", ""최근 1개월 수익률이 0.28%로 사실상 횡보에 가깝고, 단기 모멘텀만으로 향후 20거래일 상승을 확신하기 어렵습니다."", ""거래량 변화율이 -35.05%로 수급이 약화된 모습이어서 상승·하락 어느 한쪽으로 강하게 기울었다고 판단하기 어렵습니다.""]",1.291248206599713,0.2869440459110474,1.7070153769843013,-3.7092181032854037
055550,신한지주,2023-06-01,34700,Neutral,61,"[""현재가 34,700원은 52주 최저가 33,400원에 매우 근접하고 52주 최고가 44,900원 대비 11.3% 수준에 불과해 기술적으로는 저점권이지만, 이것만으로 20거래일 상승을 단정하기는 어렵습니다."", ""최근 1개월 수익률이 -0.72%로 약세 흐름이 이어졌고, 단기 모멘텀이 강하게 개선되었다고 보기 어렵습니다."", ""거래량 변화율이 23.44%로 수급 변화 신호는 있으나 방향성이 명확하지 않고, 재무지표도 PER/PBR/ROE가 모두 유효하지 않아 추가적인 방향 판단 근거가 제한적입니다.""]",0.8583690987124464,-1.2875536480686696,-0.21760654479709407,-1.3302236360749307
055550,신한지주,2023-07-03,34500,Sell,74,"[""현재가 34,500원은 52주 최고가 44,900원 대비 크게 낮고 52주 내 현재 위치가 9.6%에 불과해 중기 추세가 약세 구간에 머물러 있습니다."", ""최근 1개월 수익률이 -0.58%로 부진하고 거래량 변화율도 -28.19%로 감소해 단기 수급 모멘텀이 약합니다."", ""재무지표가 PER 해당없음(적자), PBR N/A, ROE N/A로 제시되어 있어 제공된 데이터만으로는 실적 기반의 상승 근거를 확인하기 어렵습니다.""]",-2.785923753665689,5.425219941348973,-1.5974811841309953,2.5809784121835353
055550,신한지주,2023-08-01,35950,Buy,66,"[""현재 주가는 52주 최고가 대비 낮고 52주 내 위치가 27.8%로, 아직 고점 회복 여지가 남아 있는 구간입니다."", ""최근 1개월 수익률이 4.20%로 플러스이며 거래량 변화율도 20.57%로 증가해 단기 모멘텀이 완전히 꺾인 모습은 아닙니다."", ""다만 PER, PBR, ROE가 모두 제공되지 않아 밸류에이션과 수익성 근거가 부족하므로 상승 확신은 제한적입니다.""]",-1.4044943820224718,-0.1404494382022472,-0.9707038168717186,2.1603604315841376
055550,신한지주,2023-09-01,35450,Neutral,58,"[""현재 주가는 52주 최고가 44,900원 대비 크게 낮고 52주 내 위치가 23.8%로 낮아 단기 반등 여지는 있으나, 이것만으로 상승 추세를 확정하기는 어렵습니다."", ""최근 1개월 수익률이 -0.42%로 사실상 횡보에 가깝고, 거래량 변화율이 -25.32%로 수급 모멘텀이 약해 향후 20거래일 방향성을 강하게 지지하지 않습니다."", ""PER, PBR, ROE가 모두 제공되지 않거나 N/A로 표시되어 있어 재무가치 측면의 판단 근거가 부족하므로, 제공된 데이터만으로는 Buy 또는 Sell을 단정하기 어렵습니다.""]",2.100840336134454,-0.9803921568627451,3.1714328957676616,5.822339459859708
055550,신한지주,2023-10-04,35050,Neutral,58,"[""현재 주가는 52주 최고가 44,900원 대비 크게 낮고 52주 내 위치가 20.6%로 저점권에 가까워 추가 하락 여지는 제한적이지만, 이것만으로 단기 반등을 확신하기는 어렵습니다."", ""최근 1개월 수익률이 -0.99%로 약세 흐름이 이어졌으나 하락 폭이 크지 않아 뚜렷한 추세 하락 신호로 보기는 어렵습니다."", ""거래량 변화율이 0.43%로 거의 변동이 없어 강한 매수·매도 에너지 모두 확인되지 않으며, 제공된 재무지표도 적자 상태로 방향성을 지지할 근거가 부족합니다.""]",3.498542274052478,1.749271137026239,1.3122383965354127,3.2162373543668847
055550,신한지주,2023-11-01,35000,Sell,72,"[""현재가 35,000원은 52주 최고가 44,900원 대비 크게 낮아 추세적으로 고점 회복 모멘텀이 약한 편입니다."", ""52주 내 현재 위치가 20.2%로 저점권에 가까워 추가 하락 여지가 남아 있는 구간으로 해석됩니다."", ""최근 1개월 수익률이 -1.69%이고 거래량 변화율도 -10.57%로, 가격과 수급이 동시에 약세를 보여 향후 20거래일 내 반등 근거가 부족합니다.""]",0.8695652173913043,6.956521739130435,-2.7136912952926404,-1.2449361460824475
055550,신한지주,2023-12-01,36400,Neutral,61,"[""최근 1개월 수익률이 5.51%로 단기 모멘텀은 양호하지만, 52주 최고가 대비 현재 위치가 31.4%에 불과해 추세가 강하게 상방으로 전개됐다고 보기는 어렵습니다."", ""PBR 0.36은 절대적으로 낮아 저평가 가능성을 시사하지만, PER과 ROE가 제공되지 않아 수익성 개선이나 밸류에이션 재평가를 뒷받침할 추가 근거가 부족합니다."", ""거래량 변화율이 -3.58%로 수급 확장 신호가 약해 향후 20거래일 내 뚜렷한 상승 또는 하락 방향성을 확신하기 어렵습니다.""]",-0.40816326530612246,1.4965986394557822,-0.8220879954200535,-1.3690646938112874
055550,신한지주,2024-01-02,39350,Neutral,61,"[""현재 주가는 52주 최고가 대비 낮고(55.2% 위치), 최근 1개월 수익률이 8.40%로 단기 반등 흐름은 확인되지만 추가 상승 여력은 데이터만으로 강하게 확정하기 어렵습니다."", ""PBR 0.39은 낮아 저평가 가능성을 시사하지만, PER과 ROE가 모두 유효하게 제시되지 않아 수익성 개선이나 밸류에이션 재평가를 뒷받침할 근거가 제한적입니다."", ""거래량 변화율이 -0.97%로 수급 확장 신호가 약해 20거래일 내 방향성을 강하게 지지하는 모멘텀이 부족합니다.""]",-3.034300791556728,7.783641160949868,-0.528653208415486,12.010986585928094
055550,신한지주,2024-02-01,42500,Neutral,61,"[""최근 1개월 수익률이 12.14%로 단기 상승 모멘텀은 확인되지만, 이미 52주 최고가 대비 80.7% 위치에 있어 추가 상승 여력은 제한적으로 보입니다."", ""거래량 변화율이 83.02%로 급증해 관심은 높아졌으나, 이는 추세 지속과 단기 과열을 동시에 시사해 방향성을 단정하기 어렵습니다."", ""PBR 0.42는 저평가 신호일 수 있지만 PER과 ROE가 적자·N/A로 제시되어 펀더멘털 기반의 상승 근거가 충분히 강하다고 보기 어렵습니다.""]",-1.7660044150110374,0.6622516556291391,-3.0786595113476065,-0.33877690312679554
055550,신한지주,2024-03-04,44200,Neutral,66,"[""현재가 44,200원은 52주 최고가 45,300원 대비 매우 근접해 있어 단기 추가 상승 여력은 제한적으로 보입니다."", ""최근 1개월 수익률이 10.64%로 이미 단기 상승이 진행되었고, 52주 내 현재 위치도 91.4%로 고점권에 있습니다."", ""거래량 변화율 148.02%는 관심 확대를 시사하지만, PER이 해당없음(적자)이고 ROE도 N/A로 표시되어 펀더멘털 기반의 추가 상승 근거는 부족합니다.""]",3.2917139614074915,1.9296254256526675,2.068418120839821,-1.9867329951218382
055550,신한지주,2024-04-01,45550,Neutral,61,"[""PER 5.7과 PBR 0.41은 밸류에이션 부담이 낮아 하방을 완전히 강하게 보기는 어렵습니다."", ""ROE 7.2%는 수익성이 무난하지만 매우 강한 성장 모멘텀을 시사하지는 않아 20거래일 내 뚜렷한 상승 근거로는 부족합니다."", ""최근 1개월 수익률이 4.59%로 양호하고 거래량 변화율도 26.38%로 개선됐지만, 52주 최고가 대비 아직 68.7% 수준이라 추세 전환의 확신은 제한적입니다.""]",-2.89532293986637,2.0044543429844097,-1.1518717782920331,4.529189556339237
055550,신한지주,2024-05-02,45800,Neutral,61,"[""PER 5.7과 PBR 0.42는 밸류에이션 측면에서 저평가 신호이지만, 이것만으로 향후 20거래일 내 주가 상승을 단정하기는 어렵습니다."", ""ROE 7.4%는 수익성은 양호하나 압도적으로 강한 수준은 아니어서 단기 주가 모멘텀을 강하게 지지하지는 않습니다."", ""최근 1개월 수익률이 0.55%로 거의 정체되어 있고 거래량 변화율이 -48.94%로 수급 동력이 약해 단기 방향성을 확신하기 어렵습니다.""]",2.798708288482239,-2.2604951560818085,0.9090186414260555,-1.7176483673960283
055550,신한지주,2024-06-03,47000,Neutral,62,"[""PER 5.8과 PBR 0.44는 절대적으로 저평가처럼 보이지만, 제공된 데이터만으로는 향후 20거래일 내 주가 상승 촉매를 확인할 수 없습니다."", ""ROE 7.5%는 수익성은 양호하나 압도적이지 않아 단기 주가를 강하게 끌어올릴 수준의 근거로 보기 어렵습니다."", ""현재 주가는 52주 고점 대비 높은 구간(76.3%)에 있고 최근 1개월 수익률이 0.75%로 미미하며 거래량도 -33.54% 감소해 단기 방향성이 뚜렷하지 않습니다.""]",5.286343612334802,12.555066079295155,2.8044684010354453,7.599955452346494
055550,신한지주,2024-07-01,47850,Neutral,61,"[""PER 6.0과 PBR 0.45는 밸류에이션 부담이 낮아 하방을 완전히 강하게 보기는 어렵지만, 이것만으로 20거래일 내 상승을 단정할 근거도 충분하지 않습니다."", ""ROE 7.6%는 수익성이 무난한 수준이지만 매우 강한 성장 모멘텀으로 보기에는 제한적이며, 시가총액 22.7조원은 단기 급등을 뒷받침할 만큼의 명확한 촉매로 해석하기 어렵습니다."", ""현재 주가는 52주 최고가 대비 80.8% 위치로 고점권에 가깝고 최근 1개월 수익률은 +4.02%인 반면 거래량 변화율은 -18.40%로, 가격은 올랐지만 수급 강도는 약해 방향성이 뚜렷하지 않습니다.""]",4.040404040404041,20.2020202020202,0.9291363030853703,21.73643761246158
055550,신한지주,2024-08-01,60700,Neutral,66,"[""PER 7.5와 PBR 0.57은 밸류에이션 부담이 낮아 하방 리스크를 일부 완충하지만, 이것만으로 향후 20거래일 상승을 강하게 뒷받침하진 않습니다."", ""ROE 7.6%는 수익성은 양호한 편이지만 압도적으로 높은 수준은 아니어서 단기 주가 재평가의 강한 근거로 보기 어렵습니다."", ""주가가 52주 최고가(60,700원)와 동일하고 최근 1개월 수익률이 18.79%로 이미 강한 상승을 반영했으며, 거래량도 29.25% 증가해 단기 과열과 추세 지속이 동시에 존재해 방향성을 단정하기 어렵습니다.""]",-5.42907180385289,-1.4010507880910683,-2.1497829641217714,-1.580783916157459
055550,신한지주,2024-09-02,56300,Neutral,66,"[""PER 7.0과 PBR 0.53은 밸류에이션 부담이 낮아 하방을 어느 정도 완충하지만, 이것만으로 향후 20거래일 상승을 강하게 뒷받침하진 않습니다."", ""ROE 7.6%는 수익성은 양호한 편이나 매우 강한 성장 모멘텀으로 보기에는 부족해 단기 주가 상승 근거가 제한적입니다."", ""최근 1개월 수익률이 -7.25%이고 거래량 변화율도 -13.27%로 약세 흐름이 이어지고 있으나, 52주 최고가 대비 81.3% 수준이라 추가 하락과 반등 가능성이 혼재해 방향성을 확신하기 어렵습니다.""]",-1.048951048951049,-3.146853146853147,4.250096098307679,-0.5097140318540672
055550,신한지주,2024-10-02,55900,Neutral,61,"[""PER 7.0과 PBR 0.52는 밸류에이션 부담이 낮아 하방을 완전히 강하게 보기는 어렵습니다."", ""ROE 7.5%는 수익성은 양호하지만 매우 강한 성장 모멘텀으로 보기에는 제한적입니다."", ""주가가 52주 최고가 대비 79.8% 수준에 있고 최근 1개월 수익률이 -2.95%, 거래량 변화율도 -5.85%로 단기 방향성이 약해 상승·하락 근거가 균형적입니다.""]",5.828779599271402,-0.7285974499089253,3.7437194173831765,-1.4780983663547407
055550,신한지주,2024-11-01,54000,Neutral,61,"[""PER 6.7과 PBR 0.50은 밸류에이션 부담이 낮아 하방을 완전히 강하게 보기는 어렵지만, 이것만으로 20거래일 내 상승을 단정할 근거도 부족합니다."", ""ROE 7.5%는 수익성은 양호한 편이나 압도적으로 강한 수준은 아니어서 단기 주가 모멘텀을 강하게 지지한다고 보기 어렵습니다."", ""최근 1개월 수익률 -2.70%와 거래량 변화율 -8.87%는 단기 추세와 수급이 약한 신호이지만, 52주 최고가 대비 현재 위치 72.9%는 과열 부담이 크지 않아 방향성이 엇갈립니다.""]",3.669724770642202,-1.1009174311926606,5.8833464039558345,4.0938125193281945
055550,신한지주,2024-12-02,53900,Neutral,61,"[""PER 6.7, PBR 0.49로 밸류에이션은 낮지만, 이는 향후 20거래일 내 주가 상승을 직접적으로 보장하는 신호는 아니다."", ""ROE 7.3%는 수익성은 무난하나 강한 성장 모멘텀으로 보기 어렵고, 최근 1개월 수익률이 -0.19%로 단기 추세가 뚜렷하게 우상향하지 않았다."", ""52주 최고가 대비 현재 위치가 70.1%로 중간 이상 구간이며 거래량 변화율도 -2.65%로 수급 확장 신호가 약해 방향성을 확신하기 어렵다.""]",-11.436170212765957,-14.539007092198581,-8.145901823501536,-12.211900176475217
055550,신한지주,2025-01-02,47750,Neutral,61,"[""PER 5.9와 PBR 0.44는 밸류에이션 부담이 낮아 하방은 제한될 수 있지만, 이것만으로 향후 20거래일 상승을 강하게 뒷받침하진 않습니다."", ""ROE 7.4%는 수익성은 양호하나 매우 강한 수준은 아니어서 단기 주가 모멘텀을 확실히 만들 정도의 근거로 보기 어렵습니다."", ""최근 1개월 수익률이 -9.91%로 약세 흐름이 이어졌고, 거래량 변화율 26.04%는 변동성 확대 신호일 수 있어 방향성을 단정하기 어렵습니다.""]",3.423236514522822,3.7344398340248963,0.39856740169356764,-0.1489797702209401
055550,신한지주,2025-02-03,50200,Neutral,61,"[""PER 6.2와 PBR 0.46은 밸류에이션 부담이 낮아 하방을 완전히 강하게 보기는 어렵지만, 이것만으로 20거래일 내 상승을 단정할 근거도 충분하지 않습니다."", ""ROE 7.4%는 수익성은 양호하나 매우 강한 성장 모멘텀으로 보기에는 제한적이며, 최근 1개월 수익률 2.66%도 단기 추세가 강하게 우상향한다고 보기엔 약합니다."", ""52주 내 현재 위치가 55.3%로 중립권이고 거래량 변화율이 -38.12%로 수급 동력이 약해 보여, 향후 20거래일 방향성을 확신하기 어렵습니다.""]",-3.7254901960784315,-12.450980392156863,-6.036818363577197,-15.531139477296428
055550,신한지주,2025-03-04,46150,Neutral,61,"[""PER 5.7과 PBR 0.42는 밸류에이션 부담이 낮아 하방을 완전히 단정하기는 어렵지만, 이것만으로 20거래일 내 상승을 강하게 뒷받침하진 않습니다."", ""최근 1개월 수익률이 -9.69%로 단기 추세가 약하고, 52주 최고가 대비 현재 위치가 26.9%에 불과해 아직 뚜렷한 반등 추세로 보기 어렵습니다."", ""거래량 변화율이 60.60%로 수급 변화 신호는 있으나 방향성이 명확하지 않아 상승·하락 어느 쪽도 우세하다고 확신하기 어렵습니다.""]",1.1198208286674132,9.070548712206048,0.46739112415669426,11.113838146284847
055550,신한지주,2025-04-01,48100,Neutral,61,"[""PER 5.7과 PBR 0.43은 밸류에이션 부담이 낮아 하방을 완전히 강하게 보기는 어렵지만, 이것만으로 향후 20거래일 상승을 단정할 근거도 부족합니다."", ""ROE 7.5%는 수익성은 양호하나 매우 강한 성장 모멘텀으로 보기에는 제한적이며, 현재가가 52주 최고가 대비 36.2% 수준이라 추세 회복 여지는 있으나 아직 중간 이하 위치입니다."", ""최근 1개월 수익률이 4.91%로 단기 반등은 있었지만 거래량 변화율이 -23.20%로 수급 확장이 확인되지 않아 상승·하락 어느 쪽도 강하게 확신하기 어렵습니다.""]",-10.472279260780287,5.544147843942506,-2.005724864285659,3.518895036523097
055550,신한지주,2025-05-02,51200,Neutral,61,"[""PER 6.1과 PBR 0.46은 밸류에이션 부담이 낮아 하방을 강하게 지지하지는 않지만, 이것만으로 향후 20거래일 상승을 단정할 근거도 부족합니다."", ""ROE 7.6%는 수익성은 양호하나 매우 강한 수준은 아니어서 주가의 뚜렷한 추세 상승 근거로 보기에는 제한적입니다."", ""주가는 52주 최고가 대비 중간 수준(48.1%)이고 최근 1개월 수익률이 5.13%로 단기 모멘텀은 있으나, 거래량 변화율 6.41%가 크지 않아 방향성을 확신하기 어렵습니다.""]",1.36986301369863,15.851272015655576,-1.224355651310305,6.594531010138443
055550,신한지주,2025-06-02,55800,Neutral,62,"[""PER 6.3과 PBR 0.49는 밸류에이션 부담이 낮아 하방은 제한적일 수 있지만, 이것만으로 향후 20거래일 상승을 강하게 뒷받침하진 않습니다."", ""최근 1개월 수익률이 10.71%로 단기 상승 모멘텀은 존재하지만, 거래량 변화율이 -12.20%로 동반 수급 강도는 약해 추세 지속 신뢰도가 높지 않습니다."", ""현재 주가가 52주 최고가 대비 아직 68.5% 수준에 머물러 있어 추가 상승 여지는 있으나, ROE 7.8%는 강한 성장 신호로 보기 어려워 방향성을 단정하기 어렵습니다.""]",-2.1702838063439067,6.3439065108514185,-7.554571603546201,-6.122710110822869
055550,신한지주,2025-07-01,62200,Neutral,66,"[""PER 7.0과 PBR 0.55은 밸류에이션 부담이 낮아 하방을 완전히 강하게 보기는 어렵지만, 이것만으로 향후 20거래일 상승을 단정할 근거도 충분하지 않습니다."", ""현재 주가가 52주 최고가 62,200원으로 52주 내 위치가 100.0%에 도달해 있어 단기적으로는 추가 상승 여력이 제한적일 수 있습니다."", ""최근 1개월 수익률이 8.17%이고 거래량 변화율이 119.98%로 모멘텀은 양호하지만, 이미 고점권에 위치해 있어 상승과 조정 가능성이 함께 존재합니다.""]",13.12803889789303,11.66936790923825,11.219783449218863,5.835010205648731
055550,신한지주,2025-08-01,65100,Neutral,61,"[""PER 7.4와 PBR 0.58은 밸류에이션 부담이 낮아 하방을 완전히 강하게 보기는 어렵지만, 이것만으로 20거래일 내 상승을 단정할 근거도 충분하지 않습니다."", ""ROE 7.9%는 수익성이 무난한 수준이지만 매우 강한 성장 모멘텀으로 보기에는 제한적이어서 주가의 단기 방향성을 강하게 지지하지 않습니다."", ""최근 1개월 수익률이 2.20%로 완만한 상승세이나 거래량 변화율이 -32.11%로 수급 동력이 약해 보여, 상승과 하락 근거가 균형을 이루는 상황입니다.""]",5.311077389984825,-1.5174506828528074,3.436087317710979,-2.2989612856643364
055550,신한지주,2025-09-01,64000,Neutral,61,"[""PER 7.0과 PBR 0.56은 밸류에이션 부담이 낮아 하방을 완전히 강하게 보기는 어렵지만, 이것만으로 20거래일 내 상승을 단정할 근거도 충분하지 않습니다."", ""최근 1개월 수익률이 -5.88%로 단기 추세가 약하고, 거래량 변화율도 -23.58%로 수급 모멘텀이 둔화된 모습입니다."", ""현재 주가는 52주 최고가 대비 낮은 72.3% 수준이지만 ROE 8.1%는 양호한 편이라 상승·하락 근거가 혼재되어 방향성을 확신하기 어렵습니다.""]",0.6163328197226503,9.090909090909092,-2.1481792927491856,1.139390500589612
055550,신한지주,2025-10-01,70500,Sell,62,"[""현재가 70,500원은 52주 최고가 71,800원 대비 매우 근접한 95.4% 위치로, 단기적으로 추가 상승 여력이 제한적입니다."", ""최근 1개월 수익률이 8.63%로 이미 단기 상승이 진행된 상태이며, 거래량 변화율 16.11%도 단기 과열 또는 추세 후반 가능성을 시사합니다."", ""PER 7.7과 PBR 0.62는 저평가 신호일 수 있지만, 향후 20거래일의 주가 방향을 직접적으로 밀어올릴 촉매로는 부족해 보입니다.""]",1.8207282913165268,10.92436974789916,-3.7906612855188775,-2.5220028251523026
055550,신한지주,2025-11-03,74100,Neutral,66,"[""PER 8.1배와 PBR 0.65배는 밸류에이션 부담이 크지 않아 하방을 강하게 지지하지는 않지만, 이것만으로 20거래일 내 상승을 단정하기는 어렵습니다."", ""현재가 74,100원은 52주 최고가 74,500원 대비 98.7% 수준으로 단기적으로 고점권에 근접해 있어 추가 상승 여력이 제한적으로 보입니다."", ""최근 1개월 수익률이 7.08%로 이미 상승이 진행된 상태인 반면 거래량 변화율이 -3.89%로 수급 확장이 확인되지 않아 방향성을 확신하기 어렵습니다.""]",2.094240837696335,6.544502617801047,2.46665637094199,9.621115892777148
055550,신한지주,2025-12-01,79700,Neutral,61,"[""PER 8.3배와 PBR 0.69배는 밸류에이션 부담이 크지 않아 하방을 강하게 시사하지는 않지만, 이것만으로 향후 20거래일 상승을 단정하기는 어렵습니다."", ""현재 주가는 52주 최고가 81,400원 대비 95.5% 수준으로 단기적으로 고점권에 근접해 있어 추가 상승 여력보다 되돌림 가능성도 함께 고려해야 합니다."", ""최근 1개월 수익률이 8.73%로 이미 단기 상승이 진행됐고 거래량 변화율도 2.10%에 그쳐, 추세 지속을 강하게 뒷받침하는 신호는 제한적입니다.""]",-3.6855036855036856,-5.896805896805897,-7.405719058488953,-13.774290608678202
035720,카카오,2023-01-02,52700,Sell,78,"[""최근 1개월 수익률이 -8.98%로 단기 추세가 이미 약세이며, 향후 20거래일에도 반등보다 추가 조정 가능성이 더 높습니다."", ""거래량 변화율이 -51.43%로 수급이 크게 위축되어 있어 상승 추세 전환의 신뢰도가 낮습니다."", ""현재 주가가 52주 최고가 대비 8.0% 수준에 불과하고 PER 35.5, PBR 2.05 대비 ROE 5.8%로 밸류에이션 부담에 비해 수익성 개선 근거가 약합니다.""]",13.883677298311445,21.013133208255162,7.905798559601937,9.736157709309829
035720,카카오,2023-02-01,62200,Neutral,61,"[""최근 1개월 수익률이 17.14%로 단기 모멘텀은 양호하고 거래량 변화율도 44.97%로 수급 개선 신호가 있어 추가 상승 여지는 있습니다."", ""다만 현재 주가는 52주 최고가 대비 24.4% 수준에 불과해 중장기 고점 회복 추세로 보기에는 아직 거리감이 있고, 단기 급등 이후 탄력 둔화 가능성도 배제하기 어렵습니다."", ""PER 41.9와 PBR 2.42는 밸류에이션 부담이 있는 반면 ROE 5.8%는 수익성 대비 가격 매력이 강하지 않아, 향후 20거래일 방향을 확신하기에는 상승·하락 근거가 혼재합니다.""]",9.922480620155039,-5.426356589147287,9.410507579748058,-3.9353971257468805
035720,카카오,2023-03-02,61200,Neutral,61,"[""현재 주가는 52주 최고가 대비 22.7% 수준으로 고점 대비 크게 낮아 기술적으로는 반등 여지가 있으나, 최근 1개월 수익률이 -0.33%로 뚜렷한 상승 추세는 확인되지 않습니다."", ""거래량 변화율이 17.91%로 수급 관심은 증가했지만, 이것만으로 향후 20거래일 방향성을 단정하기에는 부족합니다."", ""PER 41.2와 PBR 2.38은 밸류에이션 부담이 있는 반면 ROE 5.8%는 수익성 개선 강도가 강하지 않아, 상승과 하락 근거가 혼재합니다.""]",-4.754098360655737,0.16393442622950818,-3.2130242961756847,-1.6777066449567637
035720,카카오,2023-04-03,60200,Neutral,61,"[""PER 19.3, PBR 2.69, ROE 13.9%로 수익성은 양호하지만 밸류에이션이 아주 저렴하다고 보기 어려워 단기 상승 여력이 강하게 확인되지는 않습니다."", ""현재 주가는 52주 최고가 대비 21.4% 수준으로 고점 대비 크게 낮지만, 최근 1개월 수익률이 -1.31%로 모멘텀이 약합니다."", ""거래량 변화율이 -15.86%로 수급이 둔화된 모습이라 향후 20거래일 내 뚜렷한 방향성을 확신하기 어렵습니다.""]",-2.3064250411861615,-3.9538714991762767,-5.02159248659053,-4.796037021589001
035720,카카오,2023-05-02,58500,Neutral,66,"[""현재 주가는 52주 최고가 대비 26.3% 수준으로 저점권에 가까워 추가 하락 여력보다 반등 여지가 일부 존재하지만, 이것만으로 상승 추세를 확정하기는 어렵습니다."", ""최근 1개월 수익률이 -4.26%로 단기 모멘텀이 약하고 거래량 변화율도 -16.96%로 수급 개선 신호가 부족합니다."", ""PER 18.8, PBR 2.61, ROE 13.9%는 수익성은 양호하나 밸류에이션이 아주 저렴하다고 보기 어려워 20거래일 내 뚜렷한 상승 근거가 강하지 않습니다.""]",-3.9451114922813035,-1.8867924528301887,-3.529344321896715,-5.88295460202664
035720,카카오,2023-06-01,56100,Sell,84,"[""PER 192.1과 PBR 2.34는 현재 주가가 이익과 자산가치 대비 높게 평가되어 있어, 단기적으로 추가 상승 여력이 제한적입니다."", ""ROE 1.2%로 수익성 효율이 매우 낮아 밸류에이션을 정당화할 성장·이익 모멘텀이 부족합니다."", ""최근 1개월 수익률이 -3.44%이고 거래량 변화율도 -22.05%로, 가격 약세와 수급 둔화가 동시에 나타나 20거래일 내 하락 가능성이 더 높습니다.""]",-1.048951048951049,-10.839160839160838,-2.1249266924605896,-10.8818308271671
035720,카카오,2023-07-03,51000,Sell,84,"[""최근 1개월 수익률이 -9.09%로 단기 추세가 이미 약세이며, 향후 20거래일에도 반등보다 추가 조정 가능성이 더 높습니다."", ""현재 주가는 52주 최고가 대비 크게 낮고 52주 내 위치가 10.2%에 불과해, 기술적으로도 하단 구간에 머물러 있어 추세 전환 신호가 약합니다."", ""PER 174.7과 ROE 1.2%는 이익 대비 밸류에이션 부담이 매우 큰 반면 수익성은 낮아, 현재 가격을 지지할 펀더멘털 근거가 약합니다.""]",1.5015015015015014,9.90990990990991,2.6899440710361953,7.065668380744472
035720,카카오,2023-08-01,54900,Neutral,61,"[""최근 1개월 수익률이 7.65%로 단기 모멘텀은 양호하고 거래량 변화율도 34.43%로 증가해 추가 상승 여지는 있으나, 이는 이미 단기 반등이 진행 중임을 시사합니다."", ""현재 주가는 52주 최고가 대비 20.9% 수준으로 고점 대비 크게 낮아 기술적 반등 여지는 있지만, 52주 최저가 47,300원과의 거리도 크지 않아 방향성이 강하게 확정되었다고 보기 어렵습니다."", ""PER 188.0과 ROE 1.2%는 밸류에이션 대비 수익성 효율이 매우 낮아 상승 근거를 약화시키지만, 단기적으로는 최근 가격·거래량 개선이 이를 일부 상쇄해 Buy 또는 Sell을 단정하기 어렵습니다.""]",-0.7518796992481203,-9.586466165413533,-0.3180891340973671,-7.285656295627149
035720,카카오,2023-09-01,48950,Sell,84,"[""최근 1개월 수익률이 -7.99%로 단기 추세가 하락 방향이며, 향후 20거래일에도 약세 흐름이 이어질 가능성이 높습니다."", ""거래량 변화율이 -31.76%로 수급이 둔화되고 있어 반등 탄력이 약한 상태로 해석됩니다."", ""52주 최고가 대비 현재 위치가 6.3%에 불과하고 52주 최저가 47,300원에 근접해 있어 기술적으로 하방 압력이 우세합니다.""]",-1.7311608961303464,-14.358452138492872,-0.6605683364971386,-7.555720521770419
035720,카카오,2023-10-04,41600,Sell,84,"[""현재가가 52주 최저가와 동일해 52주 내 위치가 0.0%로, 기술적으로도 약세 추세의 끝단에 있어 추가 하락 위험이 우세합니다."", ""최근 1개월 수익률이 -15.10%로 단기 모멘텀이 매우 부정적이며, 거래량 변화율도 -9.47%로 반등을 뒷받침할 수 있는 수급 개선이 확인되지 않습니다."", ""PER 155.8과 ROE 1.1%는 이익 대비 밸류에이션 부담이 큰 반면 수익성은 매우 낮아, 향후 20거래일 내 주가 상승 근거가 약합니다.""]",5.752753977968176,1.101591187270502,3.5664501004511107,2.568557404611148
035720,카카오,2023-11-01,37600,Sell,84,"[""최근 1개월 수익률이 -14.06%로 단기 추세가 이미 약세이며, 향후 20거래일에도 하방 압력이 이어질 가능성이 높습니다."", ""현재가 37,600원이 52주 최저가와 같아 52주 내 현재 위치가 0.0%로, 기술적으로도 지지선이 약한 최저권 구간입니다."", ""PER 140.8은 매우 높고 ROE 1.1%는 낮아 밸류에이션 대비 수익창출력이 약하며, 이는 주가 반등의 근거보다 부담 요인이 더 큽니다.""]",18.28793774319066,30.99870298313878,14.704681230506715,22.7972450979259
035720,카카오,2023-12-01,49700,Neutral,66,"[""최근 1개월 수익률이 28.92%로 단기 모멘텀은 강하지만, 이미 52주 최고가 대비 상당 부분 조정된 상태가 아니라 추가 상승 여력은 데이터만으로 확신하기 어렵습니다."", ""PER 502.0과 ROE 0.4%는 이익 대비 밸류에이션 부담이 매우 크고 수익성도 낮아, 향후 20거래일 상승을 뒷받침하는 фундамент적 근거가 약합니다."", ""거래량 변화율이 13.03%로 수급 개선 신호는 있으나, 현재가가 52주 범위의 36.3% 수준에 머물러 있어 추세 지속과 되돌림 가능성이 혼재합니다.""]",2.559055118110236,12.598425196850393,2.145130387996305,9.732761863583324
035720,카카오,2024-01-02,57900,Sell,78,"[""PER 584.9와 ROE 0.4%는 현재 주가가 이익 창출력 대비 매우 높게 평가되어 있어 20거래일 내 추가 상승 여력이 제한적입니다."", ""PBR 2.40과 시가총액 25.6조원은 이미 상당한 기대가 반영된 수준으로, 실적 개선이 동반되지 않으면 밸류에이션 부담이 큽니다."", ""최근 1개월 수익률은 14.65%로 단기 반등이 있었지만 거래량 변화율이 -23.10%로 수급이 약해져 단기 추세 지속성보다 되돌림 가능성이 더 큽니다.""]",4.593639575971731,-7.243816254416961,7.099287159112974,-3.0164708294387346
035720,카카오,2024-02-01,52700,Sell,82,"[""PER 532.3과 ROE 0.4%는 현재 주가가 이익 창출력 대비 매우 높게 평가되고 있음을 보여 20거래일 내 추가 상승 근거가 약합니다."", ""최근 1개월 수익률이 -6.89%로 단기 추세가 하락 방향이며, 이는 향후 20거래일에도 약세 흐름이 이어질 가능성을 시사합니다."", ""현재 주가는 52주 최고가 대비 45.4% 수준으로 고점 대비 크게 낮지만, 거래량 변화율 25.22%는 변동성 확대 신호일 뿐 상승 반전의 확실한 근거로 보기 어렵습니다.""]",-2.841918294849023,-7.8152753108348145,-4.154573391185592,-8.81630386959075
035720,카카오,2024-03-04,53100,Sell,82,"[""PER 536.4과 ROE 0.4%는 현재 주가가 이익 창출력 대비 매우 높게 평가되고 있음을 보여 20거래일 내 추가 상승 여력이 제한적입니다."", ""최근 1개월 수익률이 -2.21%로 단기 모멘텀이 약하고, 거래량 변화율도 -4.26%로 수급 개선 신호가 확인되지 않습니다."", ""52주 최고가 대비 아직 여유가 있지만 현재가가 52주 범위의 59.6% 수준에 머물러 있고, 펀더멘털 대비 밸류에이션 부담이 커 단기 하락 쪽이 더 우세합니다.""]",7.930367504835589,-0.9671179883945842,6.707071664267919,-4.88347640916909
035720,카카오,2024-04-01,53800,Neutral,61,"[""현재 주가는 52주 최고가 대비 67.5% 수준으로 고점 대비 여유가 있지만, 최근 1개월 수익률이 0.94%에 그쳐 단기 상승 모멘텀이 강하다고 보기 어렵습니다."", ""거래량 변화율이 -41.38%로 크게 감소해 있어 향후 20거래일 내 추세 확장이나 강한 방향성 형성 신호가 약합니다."", ""PER은 적자로 산출 불가하고 PBR 2.45는 존재하나 ROE가 N/A로 수익성 확인이 어려워, 현재 데이터만으로는 상승·하락 어느 쪽도 확신하기 어렵습니다.""]",-3.80859375,-5.6640625,-2.0651425884256636,-3.1393272866451727
035720,카카오,2024-05-02,48300,Sell,78,"[""최근 1개월 수익률이 -10.22%로 단기 추세가 뚜렷하게 약세이며, 향후 20거래일에도 모멘텀 약화가 이어질 가능성이 높습니다."", ""현재 주가는 52주 최고가 대비 크게 낮고 52주 내 위치도 45.5%에 불과해 강한 상승 추세 구간으로 보기 어렵습니다."", ""PER이 적자로 산출되지 않고 ROE도 N/A인 점은 이익 기반의 재평가 근거가 약하다는 뜻이며, PBR 2.20은 하락 리스크를 상쇄할 만큼 저평가로 보기 어렵습니다.""]",-4.471544715447155,-9.34959349593496,-6.361234362503338,-8.806746707249179
035720,카카오,2024-06-03,44300,Sell,74,"[""최근 1개월 수익률이 -8.85%로 단기 추세가 이미 약세이며, 향후 20거래일에도 반등보다 추가 조정 가능성이 더 높습니다."", ""현재 주가는 52주 최고가 대비 크게 낮고 52주 내 위치가 28.5%에 불과해, 강한 추세 전환 신호가 확인되지 않은 상태입니다."", ""PER이 적자로 산출되지 않고 ROE도 N/A인 반면 PBR이 2.00으로 낮은 편은 아니어서, 실적 기반의 상승 근거가 부족합니다.""]",-3.4753363228699556,-10.089686098654708,-5.957211534169312,-15.04479672560337
035720,카카오,2024-07-01,41000,Sell,78,"[""최근 1개월 수익률이 -6.07%로 단기 추세가 하락 방향이며, 향후 20거래일에도 약세 흐름이 이어질 가능성을 시사합니다."", ""거래량 변화율이 -7.92%로 수급이 둔화되고 있어 반등 탄력보다 추가 약세 가능성에 더 무게가 실립니다."", ""현재 주가가 52주 최고가 대비 14.5% 수준에 불과하고, PER이 적자로 산출되지 않아 실적 기반의 상승 근거가 약한 반면 PBR 1.85는 하방 방어를 강하게 뒷받침할 수준은 아닙니다.""]",6.125,-2.375,3.0137322626813297,-0.8405825895586232
035720,카카오,2024-08-01,39800,Neutral,61,"[""현재 주가는 52주 최저가 37,600원에 매우 근접한 39,800원으로 52주 내 위치가 9.4%에 불과해 기술적으로는 과매도 반등 가능성이 있으나, 이것만으로 상승 추세 전환을 확정하기는 어렵습니다."", ""최근 1개월 수익률이 -0.75%로 약세 흐름이 이어졌고, 적자 상태로 PER과 ROE가 유효하지 않아 펀더멘털 기반의 명확한 상승 근거를 제시하기 어렵습니다."", ""거래량 변화율이 21.66%로 높아 변동성 확대 신호는 있으나 방향성이 상승인지 하락인지 데이터만으로 단정할 수 없어 20거래일 전망은 중립이 적절합니다.""]",-6.447534766118837,-6.700379266750948,-3.1682459263877187,-6.880112394817339
035720,카카오,2024-09-02,36900,Sell,78,"[""현재가 36,900원이 52주 최저가 36,300원에 매우 근접해 52주 내 현재 위치가 2.4%에 불과해, 단기적으로 약세 추세가 이어지고 있음을 시사합니다."", ""최근 1개월 수익률이 -7.29%로 부진하고 거래량 변화율도 -0.36%로 감소해, 반등을 뒷받침할 수급 개선 신호가 약합니다."", ""PER이 적자로 산출되지 않고 ROE도 N/A인 점은 수익성 기반의 재평가 근거가 부족하다는 뜻이며, 제공된 데이터만 보면 20거래일 내 상승보다 하락 가능성이 더 높습니다.""]",-5.939226519337017,2.209944751381215,-0.640179372078288,4.847083866380295
035720,카카오,2024-10-02,36000,Sell,78,"[""현재가 36,000원은 52주 최저가 34,000원에 매우 근접해 52주 내 현재 위치가 7.4%에 불과해, 단기적으로 약세 추세가 이어질 가능성이 높습니다."", ""최근 1개월 수익률이 -3.10%로 음수이고 거래량 변화율도 -14.97%로 감소해, 반등을 뒷받침할 수급 개선 신호가 약합니다."", ""PER은 적자로 산출 불가하고 ROE도 N/A로 수익성 확인이 어려운 반면 PBR 1.61은 낮은 가격 메리트만으로 강한 상승 근거를 만들기에는 부족합니다.""]",-0.544959128065395,1.7711171662125342,-2.630019309953621,1.0216162497667187
035720,카카오,2024-11-01,36150,Neutral,62,"[""현재가 36,150원은 52주 최저가 34,000원에 매우 근접해 있어 단기 반등 여지는 있으나, 52주 최고가 61,100원 대비로는 여전히 크게 낮아 추세 전환을 확신하기 어렵습니다."", ""최근 1개월 수익률이 0.00%로 모멘텀이 부재하고, 거래량 변화율이 -6.47%로 수급 개선 신호도 뚜렷하지 않습니다."", ""PER은 적자로 산출 불가하고 ROE도 N/A로 수익성 판단이 제한되며, PBR 1.61은 극단적으로 저평가된 수준이라고 보기 어려워 방향성을 강하게 단정하기 어렵습니다.""]",-9.772423025435073,12.851405622489958,-7.55880139212144,18.046135573010815
035720,카카오,2024-12-02,42150,Neutral,62,"[""최근 1개월 수익률이 16.60%로 단기 모멘텀은 양호해 향후 20거래일에도 추세가 이어질 가능성이 있습니다."", ""거래량 변화율이 58.75%로 증가해 관심도와 변동성이 확대된 상태지만, 이는 상승 지속과 조정 가능성을 동시에 내포합니다."", ""현재 주가는 52주 최고가 대비 33.0% 수준으로 고점 대비 여전히 낮지만, 적자 상태로 PER과 ROE가 유효하지 않아 펀더멘털만으로 추가 상승을 강하게 확신하기 어렵습니다.""]",2.0954598370197903,-11.40861466821886,5.385728226284211,-9.081507752495495
035720,카카오,2025-01-02,37450,Neutral,66,"[""현재 주가는 52주 최고가 61,100원 대비 16.4% 수준으로 낮아 기술적으로는 반등 여지가 있지만, 이것만으로 상승 추세를 확정하기는 어렵습니다."", ""최근 1개월 수익률이 -6.61%로 단기 모멘텀이 약하며, 향후 20거래일 내 추가 하락 가능성도 배제하기 어렵습니다."", ""거래량 변화율이 93.25%로 급증해 변동성 확대 신호는 있으나, 방향성이 상승인지 하락인지 데이터만으로는 명확하지 않습니다.""]",-3.942181340341656,19.053876478318003,-6.96685045317091,15.170456874072165
035720,카카오,2025-02-03,41800,Neutral,61,"[""최근 1개월 수익률이 8.43%로 단기 모멘텀은 양호하지만, 거래량 변화율이 -35.20%로 상승 추세의 신뢰도는 약합니다."", ""현재 주가는 52주 최고가 대비 낮고 52주 내 위치가 34.1%로 중간 이하 구간에 있어 추가 상승 여력과 추세 지속성을 데이터만으로 강하게 확신하기 어렵습니다."", ""적자 상태로 PER과 ROE가 유효하지 않고 PBR 1.83은 극단적으로 저평가된 수준은 아니어서, 향후 20거래일 방향을 Buy 또는 Sell로 단정할 근거가 부족합니다.""]",4.767726161369193,5.378973105134474,2.4563979938704272,2.2988140199949094
035720,카카오,2025-03-04,41900,Buy,67,"[""최근 1개월 수익률이 9.26%로 단기 상승 추세가 확인되어 향후 20거래일에도 모멘텀이 이어질 가능성이 있습니다."", ""거래량 변화율이 125.76%로 크게 증가해 가격 상승을 뒷받침하는 수급 개선 신호로 해석할 수 있습니다."", ""현재 주가가 52주 최고가 대비 낮고(52주 내 현재 위치 35.1%), PBR 1.83으로 극단적 고평가 구간은 아니어서 추가 상승 여지가 남아 있습니다.""]",2.320185614849188,-5.104408352668213,1.6677559103384691,-3.0611189185894143
035720,카카오,2025-04-01,42200,Sell,82,"[""PER 334.9배와 ROE 0.6%는 현재 주가가 이익창출력 대비 매우 높게 평가되어 있어 20거래일 내 추가 상승 여력이 제한적으로 보입니다."", ""최근 1개월 수익률이 -2.20%로 약세이며 거래량 변화율도 -59.48%로 수급이 둔화되어 단기 반등 동력이 약합니다."", ""현재 주가는 52주 최고가 대비 낮지만 52주 내 위치가 42.5%에 불과해 강한 추세 상단 돌파 신호가 없고, PBR 1.85배도 낮은 수익성 대비 매력적이라고 보기 어렵습니다.""]",-9.168704156479219,-6.47921760391198,-0.7021497599845912,-8.50447041133139
035720,카카오,2025-05-02,38050,Sell,82,"[""PER 302.0과 ROE 0.6% 조합은 이익 대비 밸류에이션 부담이 매우 크고, 현재 주가를 정당화할 성장 근거가 약합니다."", ""최근 1개월 수익률이 -6.97%로 단기 추세가 약세이며, 52주 최고가 대비 현재 위치가 30.9%에 불과해 반등보다 약세 흐름이 우세합니다."", ""거래량 변화율 14.41%는 관심 증가는 시사하지만, 낮은 수익성·높은 밸류에이션을 상쇄할 만큼의 상승 신호로 보기 어렵습니다.""]",-1.0430247718383312,15.514993481095177,-3.6372434368472666,6.258252475578043
035720,카카오,2025-06-02,43150,Sell,74,"[""PER 123.6과 ROE 1.5% 조합은 이익 대비 밸류에이션 부담이 매우 크고, 현재가 43,150원은 52주 최고가 46,600원 대비 이미 높은 구간(52주 내 75.0%)에 위치해 추가 상승 여력이 제한적으로 보입니다."", ""최근 1개월 수익률이 12.22%로 단기 반등은 있었지만, 거래량 변화율이 -12.40%로 수급 확장이 동반되지 않아 상승 추세의 지속성을 강하게 뒷받침하지 못합니다."", ""시가총액 19.1조원 규모에서 낮은 ROE와 높은 PER이 동시에 나타나 향후 20거래일 내에는 기대수익보다 차익실현 압력이 더 우세할 가능성이 높습니다.""]",21.394230769230766,43.02884615384615,16.009942972028472,30.562229532171866
035720,카카오,2025-07-01,60100,Sell,78,"[""PER 172.2와 PBR 2.57은 현재 주가가 실적 대비 매우 높은 수준임을 시사하는 반면 ROE 1.5%로 수익성은 낮아 밸류에이션 부담이 큽니다."", ""최근 1개월 수익률이 36.59%로 단기간 급등했고 거래량 변화율도 280.54%로 과열 신호가 강해 20거래일 내 되돌림 가능성이 높습니다."", ""52주 최고가 대비 현재 위치가 72.6%로 고점권에 근접해 있어 추가 상승 여력보다 차익실현 압력이 더 우세해 보입니다.""]",3.0664395229982966,-4.088586030664395,1.1581840743241296,-9.922943734253913
035720,카카오,2025-08-01,55500,Sell,82,"[""PER 159.0과 PBR 2.37은 현재 이익 대비 밸류에이션 부담이 큰 수준인데 ROE가 1.5%에 불과해 수익성 대비 가격 메리트가 약합니다."", ""최근 1개월 수익률이 -6.72%로 단기 추세가 약하고, 거래량 변화율이 -71.02%로 수급 동력도 크게 둔화되어 있습니다."", ""52주 최고가 대비 아직 여지가 있지만 현재가가 52주 범위의 60.4% 수준에 머물러 있고, 펀더멘털과 수급 지표가 동시에 약해 향후 20거래일 내 추가 하락 가능성이 더 높습니다.""]",15.884476534296029,7.039711191335741,14.009486462022183,6.258200588524211
035720,카카오,2025-09-01,61200,Neutral,61,"[""최근 1개월 수익률이 5.52%로 단기 모멘텀은 양호하지만, 52주 최고가 대비 현재 위치가 75.5%로 추가 상승 여력은 제한적으로 보입니다."", ""거래량 변화율이 66.48%로 수급 개선 신호는 있으나, 이를 뒷받침할 만큼 강한 추세 지표는 제공되지 않았습니다."", ""PER 126.2와 ROE 2.0%는 밸류에이션 부담 대비 수익성 개선이 약해 향후 20거래일 방향을 상승으로 단정하기 어렵습니다.""]",0.5059021922428331,0.5059021922428331,-2.2586099202290026,-7.4456163980766465
035720,카카오,2025-10-01,60000,Sell,78,"[""PER 123.7과 PBR 2.52는 현재 주가가 실적과 자산가치 대비 높게 평가되어 있어 20거래일 내 추가 상승 여력이 제한적으로 보입니다."", ""ROE 2.0%로 수익성은 낮은 편인데 시가총액이 26.6조원으로 커서 단기적으로 밸류에이션 부담이 더 크게 작용할 수 있습니다."", ""52주 최고가 대비 현재 위치가 72.3%로 고점권에 가깝지만 최근 1개월 수익률이 1.18%에 그치고 거래량 변화율이 -18.29%로 수급 모멘텀이 약합니다.""]",-1.6778523489932886,1.8456375838926176,-7.2892419258286925,-11.600734989158845
035720,카카오,2025-11-03,64500,Sell,74,"[""PER 133.0과 PBR 2.71은 현재 주가가 실적과 자산가치 대비 높게 평가되어 있어 20거래일 내 추가 상승 여력이 제한적입니다."", ""ROE 2.0%로 수익성 효율이 매우 낮아 고평가를 정당화할 만한 이익 창출력이 부족합니다."", ""최근 1개월 수익률 8.77%와 거래량 변화율 15.40%는 단기 반등 흐름이지만, 52주 최고가 대비 현재 위치가 84.3%로 상단 구간에 있어 추격 매수보다 되돌림 위험이 더 큽니다.""]",-0.1557632398753894,-7.320872274143301,0.21665229337026545,-4.244258999167201
035720,카카오,2025-12-01,59500,Sell,78,"[""최근 1개월 수익률이 -8.60%로 단기 추세가 약세이며, 향후 20거래일에도 반등보다 추가 조정 가능성이 더 높게 보입니다."", ""현재 주가는 52주 최고가 대비 아직 여유가 있지만 52주 내 위치가 69.1%로 상단 구간에 있어, 강한 상승 모멘텀보다는 부담이 남아 있습니다."", ""PER 112.7과 PBR 2.49는 이익 대비 밸류에이션 부담이 큰 반면 ROE 2.2%는 수익성도 낮아, 현재 가격을 정당화할 근거가 약합니다.""]",2.1848739495798317,4.369747899159663,-1.5353414234054354,-3.5077368127126416
035420,네이버,2023-01-02,179500,Sell,78,"[""현재 주가는 52주 최고가 대비 9.3% 수준으로 연중 고점권에서 크게 이탈해 있어 추세적으로 약세 구간에 가깝습니다."", ""최근 1개월 수익률이 -4.27%로 단기 모멘텀이 부정적이며, 향후 20거래일 내 반등보다 약세 연장이 더 우세합니다."", ""거래량 변화율이 -40.58%로 수급이 위축된 상태라 상승 추세 전환의 신뢰도가 낮습니다.""]",8.123249299719888,18.487394957983195,2.1453705610103793,7.210419459037862
035420,네이버,2023-02-01,205500,Buy,72,"[""최근 1개월 수익률이 15.77%로 단기 모멘텀이 양호해 향후 20거래일에도 추세 연장 가능성이 있습니다."", ""거래량 변화율이 27.44%로 증가해 가격 상승을 뒷받침하는 수급 개선 신호로 해석할 수 있습니다."", ""현재 주가가 52주 최고가 대비 낮고 52주 내 위치가 25.1%에 불과해 추가 상승 여지가 남아 있습니다.""]",8.747044917257684,-2.8368794326241136,8.235071876850704,-1.3459199692237076
035420,네이버,2023-03-02,206000,Neutral,61,"[""현재 주가는 52주 최고가 대비 크게 낮고 52주 내 위치가 25.4%로 저점권에 가까워 추가 하락 여력과 반등 여력이 동시에 존재해 방향성이 뚜렷하지 않습니다."", ""최근 1개월 수익률이 1.73%로 강한 추세 상승을 보여주지 못해 20거래일 내 상승을 뒷받침하는 모멘텀이 약합니다."", ""거래량 변화율이 29.49%로 증가해 관심은 높아졌지만, PER이 적자라 해석 불가이고 ROE도 N/A여서 재무 기반의 방향성 판단 근거가 제한적입니다.""]",-2.7737226277372264,-1.70316301703163,-1.2326485632571738,-3.544804088217902
035420,네이버,2023-04-03,198200,Sell,74,"[""최근 1개월 수익률이 -3.55%로 단기 추세가 약세이며, 향후 20거래일에도 반등보다 약세 연장이 더 우세한 신호로 해석됩니다."", ""거래량 변화율이 -29.09%로 수급이 둔화된 상태라 단기 주가 상승을 뒷받침할 매수 에너지가 부족합니다."", ""현재 주가는 52주 최고가 대비 21.6% 수준으로 고점 대비 크게 낮지만, 적자 상태로 PER이 산출되지 않아 이를 만회할 명확한 펀더멘털 모멘텀이 제공되지 않습니다.""]",-0.5472636815920399,-4.179104477611941,-3.2624311269964084,-5.021270000024665
035420,네이버,2023-05-02,193200,Neutral,61,"[""현재 주가는 52주 최고가 대비 크게 낮고(52주 내 현재 위치 26.4%), 최근 1개월 수익률도 -4.36%로 단기 추세가 약합니다."", ""거래량 변화율이 -0.67%로 수급 개선 신호가 뚜렷하지 않아 향후 20거래일 내 강한 반등 근거가 제한적입니다."", ""PER이 적자로 산출되지 않고 PBR 1.39 수준인 점은 극단적 저평가 신호도 아니어서 상승·하락 어느 쪽도 확신하기 어렵습니다.""]",9.553478712357217,6.178608515057113,9.969245882741806,2.182446365860662
035420,네이버,2023-06-01,204000,Neutral,61,"[""현재 주가는 52주 최고가 대비 34.6% 수준으로 고점 대비 크게 조정된 상태라 추가 하락보다 반등 여지도 있으나, 방향성을 단정할 만큼 강한 추세 신호는 아닙니다."", ""최근 1개월 수익률이 6.08%로 단기 모멘텀은 양호하고 거래량 변화율도 12.45%로 수급 개선 가능성을 시사하지만, 20거래일 상승을 확정할 정도로 강한 근거는 아닙니다."", ""PER이 적자로 산출되지 않고 ROE도 N/A인 점은 이익 기반의 밸류에이션 판단을 어렵게 하며, PBR 1.43은 극단적으로 저평가된 수준이라고 보기 어려워 상승·하락 근거가 균형적입니다.""]",-1.9559902200488997,-7.432762836185819,-3.0319658635584403,-7.4754328241920796
035420,네이버,2023-07-03,189300,Sell,78,"[""최근 1개월 수익률이 -7.21%로 단기 추세가 하락 방향이며, 향후 20거래일에도 약세 흐름이 이어질 가능성이 있습니다."", ""거래량 변화율이 -18.26%로 감소해 반등을 뒷받침할 수급 강도가 약한 상태입니다."", ""현재 주가는 52주 최고가 대비 크게 낮고(52주 내 현재 위치 26.8%), 52주 최저가 158,500원에 가까운 구간에 있어 기술적으로도 하방 압력이 우세합니다.""]",4.610492845786964,23.476417594064653,5.798935415321657,20.632176064899216
035420,네이버,2023-08-01,233000,Neutral,61,"[""최근 1개월 수익률이 23.09%로 단기 모멘텀은 강하지만, 이미 상당 부분 반영됐을 가능성이 있어 향후 20거래일 추가 상승을 단정하기 어렵습니다."", ""현재 주가는 52주 최고가 대비 64.8% 수준으로 고점 부담은 완화됐지만, 절대적으로는 최근 급등 이후의 추세 지속 여부를 확인해야 하는 구간입니다."", ""거래량 변화율이 56.02%로 수급 개선 신호는 있으나, PER이 적자로 산출되지 않고 ROE도 N/A인 점에서 펀더멘털 기반의 방향성 판단 근거는 제한적입니다.""]",0.0,-5.714285714285714,0.43379056515075315,-3.4134758444993296
035420,네이버,2023-09-01,214500,Neutral,61,"[""현재 주가는 52주 최고가 240,000원 대비 아직 68.7% 수준으로 고점 대비 추가 상승 여지는 있으나, 최근 1개월 수익률이 -5.71%로 단기 추세는 약합니다."", ""거래량 변화율이 18.15%로 수급 관심은 증가했지만, 방향성이 상승인지 하락인지 데이터만으로는 확정하기 어렵습니다."", ""PER은 적자로 산출 불가하고 ROE도 N/A로 수익성 판단이 제한되며, PBR 1.56은 극단적으로 저평가된 수준이라고 보기 어려워 강한 매수 근거가 부족합니다.""]",0.0,-9.739952718676124,1.0705925596332078,-2.9372211019536705
035420,네이버,2023-10-04,191200,Sell,82,"[""최근 1개월 수익률이 -12.09%로 단기 추세가 뚜렷하게 약세이며, 향후 20거래일에도 모멘텀 둔화가 이어질 가능성이 높습니다."", ""거래량 변화율이 -43.04%로 급감해 하락 추세를 지지하는 수급이 약하고, 반등을 뒷받침할 매수 에너지도 부족합니다."", ""52주 최고가 대비 현재 위치가 43.0%에 불과해 고점 대비 크게 밀린 상태이고, PER이 아닌 적자 상태라 실적 기반의 강한 재평가 근거도 제한적입니다.""]",1.2671594508975714,5.860612460401267,-0.9191444266194939,7.327578677741913
035420,네이버,2023-11-01,187700,Sell,74,"[""최근 1개월 수익률이 -6.62%로 단기 추세가 하락 방향이며, 향후 20거래일에도 약세 흐름이 이어질 가능성을 시사합니다."", ""거래량 변화율이 -14.13%로 수급이 둔화되고 있어 반등 탄력보다 추가 약세 가능성에 더 무게가 실립니다."", ""현재 주가는 52주 최고가 대비 크게 낮고(52주 내 현재 위치 37.6%), 적자 상태로 PER이 산출되지 않아 강한 상승 근거보다 보수적 판단이 우세합니다.""]",3.878406708595388,9.014675052410901,0.29515019591144354,0.8132171671980188
035420,네이버,2023-12-01,206000,Neutral,61,"[""최근 1개월 수익률이 7.97%로 단기 모멘텀은 양호하지만, 52주 내 현재 위치가 50.0%로 중립 구간에 있어 추가 상승 추세가 강하게 확인되지는 않습니다."", ""거래량 변화율이 -13.42%로 상승을 뒷받침하는 수급 확장이 나타나지 않아, 최근 주가 강세의 지속성을 확신하기 어렵습니다."", ""PER이 적자로 산출 불가하고 ROE도 N/A로 수익성 판단이 제한되며, PBR 1.48은 극단적으로 저평가된 수준은 아니어서 방향성을 단정하기 어렵습니다.""]",3.32541567695962,5.938242280285035,2.9114909468456887,3.0725789470179654
035420,네이버,2024-01-02,227500,Sell,74,"[""현재가 227,500원은 52주 최고가 234,500원 대비 약 3% 낮아 단기적으로 고점 부근에 위치해 추가 상승 여력이 제한적으로 보입니다."", ""최근 1개월 수익률이 9.64%로 이미 단기 상승이 진행되었고, 52주 내 현재 위치가 87.7%로 높아 향후 20거래일 동안은 차익실현 압력이 우세할 수 있습니다."", ""거래량 변화율이 19.43%로 증가했지만 PER이 해당없음(적자)이고 ROE도 N/A로 표시되어 있어, 현재 주가를 지지할 명확한 실적 기반이 제공되지 않습니다.""]",4.054054054054054,-9.684684684684685,6.559701637195296,-5.457339259706458
035420,네이버,2024-02-01,202500,Sell,74,"[""최근 1개월 수익률이 -8.78%로 단기 추세가 하락 방향이며, 향후 20거래일에도 약세 흐름이 이어질 가능성을 시사합니다."", ""현재 주가는 52주 최고가 대비 낮고 52주 내 위치가 43.1%로 중간 이하 구간에 있어 강한 상승 모멘텀이 확인되지 않습니다."", ""거래량 변화율이 0.60%로 미미해 추세 전환을 뒷받침할 수 있는 수급 개선 신호가 약합니다.""]",-7.44920993227991,-14.311512415349886,-8.761865028616478,-15.312540974105822
035420,네이버,2024-03-04,192000,Sell,78,"[""최근 1개월 수익률이 -8.35%로 단기 추세가 하락 방향이며, 향후 20거래일에도 약세 흐름이 이어질 가능성이 높습니다."", ""현재 주가는 52주 최고가 대비 낮고 52주 내 현재 위치가 24.4%에 불과해, 강한 추세 반전 신호가 확인되지 않습니다."", ""거래량 변화율이 37.23%로 증가했지만 가격은 하락 중이어서 매수 우위보다는 변동성 확대 속 약세 가능성을 시사합니다.""]",0.9538950715421303,1.7488076311605723,-0.2694007690255399,-2.1675507896139337
035420,네이버,2024-04-01,194300,Neutral,61,"[""현재 주가는 52주 최고가 대비 낮고 52주 내 위치가 28.5%로 중하단에 있어 반등 여지는 있으나, 이를 뒷받침할 강한 상승 모멘텀은 제공된 데이터에서 확인되지 않습니다."", ""최근 1개월 수익률이 -0.36%로 사실상 정체되어 있고 거래량 변화율도 -7.85%로 감소해 단기 추세의 방향성이 뚜렷하지 않습니다."", ""PER 29.2와 ROE 4.7% 조합은 수익성 대비 밸류에이션 부담이 있어 향후 20거래일 내 강한 상승을 단정하기 어렵고, 동시에 급락을 시사할 만큼의 약세 신호도 제한적입니다.""]",-1.5625,-1.6666666666666667,0.18095116157433666,0.8580685466881606
035420,네이버,2024-05-02,188800,Neutral,61,"[""현재 주가는 52주 최고가 대비 18.7% 수준으로 저점권에 가깝지만, 이것만으로 20거래일 내 반등을 확정하기에는 근거가 부족합니다."", ""최근 1개월 수익률이 -2.83%로 단기 모멘텀이 약하고, 거래량 변화율도 -22.38%로 수급 개선 신호가 뚜렷하지 않습니다."", ""PER 28.3은 높고 ROE 4.7%는 낮은 편이어서 밸류에이션 대비 수익성 매력이 강하지 않지만, PBR 1.32는 극단적 고평가로 보이진 않아 방향성을 단정하기 어렵습니다.""]",-5.292908530318603,-9.146968139773895,-7.1825981773747865,-8.604121351088114
035420,네이버,2024-06-03,172700,Sell,74,"[""현재가 172,700원은 52주 최저가 170,200원에 매우 근접해 52주 내 현재 위치가 3.9%에 불과해 단기적으로 약세 흐름이 우세합니다."", ""최근 1개월 수익률이 -6.34%로 이미 하락 추세가 확인되며, 향후 20거래일에도 반등보다 약세 연장이 더 자연스럽습니다."", ""거래량 변화율이 21.82%로 증가했지만 가격은 약세권에 머물러 있어 매수세 유입보다 변동성 확대와 하방 압력 가능성을 더 크게 봅니다.""]",-4.751131221719457,-9.615384615384617,-7.233006433018813,-14.570495242333278
035420,네이버,2024-07-01,162900,Sell,78,"[""현재가가 52주 최저가와 동일해 52주 내 위치가 0.0%로, 기술적으로 추가 하락 압력이 남아 있거나 최소한 반등 신호가 아직 확인되지 않습니다."", ""최근 1개월 수익률이 -4.40%로 단기 추세가 약하고, 거래량 변화율도 -11.28%로 수급 개선이 동반되지 않아 상승 전환 근거가 약합니다."", ""PER 16.8, PBR 1.13, ROE 6.7%는 극단적으로 저평가되거나 강한 성장성을 시사하는 수준이 아니어서, 향후 20거래일 내 주가 상승을 뒷받침할 재료가 제한적입니다.""]",6.75422138836773,8.380237648530331,3.64295365104906,9.914655058971707
035420,네이버,2024-08-01,175000,Neutral,61,"[""최근 1개월 수익률이 9.51%로 단기 모멘텀은 양호하지만, 52주 최고가 대비 현재 위치가 20.4%에 불과해 추가 상승 여력과 추세 지속성을 단정하기 어렵습니다."", ""PER 18.1과 PBR 1.21은 극단적으로 비싸지는 않지만, ROE 6.7%로 수익성 효율이 높다고 보기 어려워 밸류에이션이 강한 상승 근거를 제공하지는 않습니다."", ""거래량 변화율이 8.05%로 수급 개선 신호는 있으나, 재무와 기술 지표가 상승·하락을 강하게 한 방향으로 밀지 않아 20거래일 방향성은 불명확합니다.""]",-4.492415402567095,-2.8004667444574096,-1.2131265628359764,-2.9801998725238006
035420,네이버,2024-09-02,166600,Neutral,61,"[""현재 주가는 52주 최고가 대비 크게 낮고 52주 내 위치가 13.9%로 바닥권에 가까워 기술적으로는 반등 여지가 있으나, 이것만으로 상승 추세 전환을 확정하기는 어렵습니다."", ""최근 1개월 수익률이 -4.80%로 단기 모멘텀이 약하고, 향후 20거래일 내 추세 반전을 뒷받침할 강한 상승 신호는 제공된 데이터에서 확인되지 않습니다."", ""PER 16.4와 PBR 1.15는 극단적으로 비싸지 않지만 ROE 7.0%가 높지 않아 밸류에이션과 수익성 측면에서 뚜렷한 매수 우위도, 명확한 매도 우위도 아닙니다.""]",-3.8112522686025407,0.5444646098003629,1.4877948786561879,3.1816037247994426
035420,네이버,2024-10-02,168200,Neutral,62,"[""현재 주가는 52주 최고가 대비 크게 낮고 52주 내 위치가 17.2%로 저점권에 가까워 기술적으로는 반등 여지가 있으나, 이것만으로 상승 추세를 확정하기는 어렵습니다."", ""최근 1개월 수익률이 2.69%로 단기 모멘텀은 플러스지만 거래량 변화율이 -6.83%로 수급 확장이 동반되지 않아 상승 신뢰도가 제한적입니다."", ""PER 16.6, PBR 1.16, ROE 7.0%는 극단적으로 저평가되거나 강한 성장성을 보여주는 수준은 아니어서 향후 20거래일 방향성을 강하게 지지하지 않습니다.""]",0.4100761570005858,2.9291154071470418,-1.67498402488764,2.1796144907012263
035420,네이버,2024-11-01,169700,Neutral,61,"[""현재 주가는 52주 최고가 대비 크게 낮고(52주 내 현재 위치 19.2%), 최근 1개월 수익률도 0.18%로 모멘텀이 강하지 않아 단기 상승 근거가 제한적입니다."", ""거래량 변화율이 -11.65%로 수급이 약화된 모습이라 향후 20거래일 내 강한 추세 상승을 기대하기 어렵습니다."", ""PER 16.7, PBR 1.17, ROE 7.0%는 극단적으로 고평가·저평가 어느 쪽도 아니어서 방향성을 단정할 만한 재무 신호가 부족합니다.""]",0.1707455890722823,15.822424587364825,2.3843672223859147,21.01715453788568
035420,네이버,2024-12-02,203500,Neutral,66,"[""최근 1개월 수익률이 19.92%로 단기 모멘텀은 강하지만, 이미 52주 최고가 대비 63.4% 수준까지 올라와 추가 상승 여력은 제한적으로 보입니다."", ""거래량 변화율이 72.11%로 수급 개선 신호는 있으나, 단기 급등 이후의 추세 지속 여부를 확신할 만큼 추가 근거는 부족합니다."", ""PER 18.4, PBR 1.34, ROE 7.3%는 극단적으로 저평가되거나 고평가된 수준은 아니어서, 향후 20거래일 방향을 단정하기 어렵습니다.""]",0.0,-4.0669856459330145,3.2902683892644204,-1.7398787302096501
035420,네이버,2025-01-02,193800,Neutral,61,"[""최근 1개월 수익률이 -6.15%로 단기 모멘텀이 약해 20거래일 내 추가 상승을 강하게 기대하기 어렵습니다."", ""거래량 변화율이 -9.88%로 수급이 둔화된 모습이라 단기 추세 반전의 신뢰도가 높지 않습니다."", ""PER 17.5, PBR 1.28, ROE 7.3%는 극단적으로 저평가되거나 고평가된 수준은 아니어서 방향성을 단정할 만한 재무 신호가 부족합니다.""]",0.7481296758104738,15.710723192019952,-2.2765394370187804,11.827303587774114
035420,네이버,2025-02-03,217000,Neutral,66,"[""현재가 217,000원은 52주 최고가 221,500원 대비 매우 근접해 있어 단기적으로 추가 상승 여력이 제한될 수 있습니다."", ""최근 1개월 수익률이 8.55%로 이미 단기 상승이 진행된 상태이지만, 거래량 변화율이 -37.08%로 수급 강도는 약화된 모습입니다."", ""PER 19.6, PBR 1.43, ROE 7.3%는 극단적으로 저평가되거나 고평가된 수준은 아니어서 20거래일 방향성을 강하게 지지할 만한 재무 신호가 부족합니다.""]",4.576659038901601,-5.034324942791762,2.2653308714028353,-8.114484027931326
035420,네이버,2025-03-04,205500,Neutral,61,"[""PER 18.5와 PBR 1.35는 극단적으로 비싸지는 않지만 ROE 7.3%로 수익성 매력이 강하지 않아 20거래일 내 강한 상승 근거가 제한적입니다."", ""최근 1개월 수익률이 -5.08%로 단기 모멘텀이 약하고, 현재 주가가 52주 최고가 대비 65.6% 수준이라 추세가 강하게 우상향한다고 보기 어렵습니다."", ""거래량 변화율이 48.42%로 수급 변화 신호는 있으나 방향성이 명확하지 않아 상승·하락 어느 쪽도 확신하기 어렵습니다.""]",3.132530120481928,-5.734939759036144,2.4801004159712092,-3.691650324957345
035420,네이버,2025-04-01,196700,Neutral,61,"[""PER 15.5와 PBR 1.22는 절대적으로 과열된 수준은 아니어서 밸류에이션 측면의 급락 신호는 약하지만, ROE 7.9%로 수익성 개선 모멘텀이 강하다고 보기도 어렵습니다."", ""최근 1개월 수익률이 -4.98%로 단기 추세가 약하고, 거래량 변화율도 -36.38%로 수급 동력이 둔화된 모습입니다."", ""52주 최고가 대비 현재 위치가 54.2%로 중립권에 있어 방향성이 뚜렷하지 않으며, 상승·하락 근거가 혼재해 20거래일 전망을 단정하기 어렵습니다.""]",-9.560327198364007,2.505112474437628,-1.0937728018693793,0.47985966701821914
035420,네이버,2025-05-02,197400,Neutral,61,"[""PER 15.5와 PBR 1.23은 절대적으로 과열된 수준은 아니어서 밸류에이션 측면의 하방 압력은 크지 않지만, ROE 7.9%로 수익성 개선이 강하게 확인되지는 않습니다."", ""현재 주가는 52주 최고가 대비 낮고 52주 내 위치가 55.1%로 중립권에 있어 뚜렷한 추세 우위가 보이지 않습니다."", ""최근 1개월 수익률이 0.92%로 거의 정체 수준이고 거래량 변화율이 -21.45%로 수급 모멘텀이 약해 향후 20거래일 방향성을 강하게 확신하기 어렵습니다.""]",-3.9678553490708186,-3.9678553490708186,-6.562074014079753,-13.224596354587952
035420,네이버,2025-06-02,186500,Neutral,61,"[""PER 15.4와 PBR 1.12는 절대적으로 과도한 고평가로 보이진 않지만, ROE 7.3%는 수익성 측면에서 강한 상승 모멘텀을 뒷받침할 수준은 아닙니다."", ""현재 주가는 52주 최고가 대비 크게 낮고 52주 내 위치도 40.9%로 중립권이지만, 최근 1개월 수익률이 -5.09%로 단기 추세는 약세입니다."", ""거래량 변화율 3.56%는 뚜렷한 추세 전환 신호로 보기엔 제한적이어서, 향후 20거래일 방향성을 강하게 단정하기 어렵습니다.""]",7.223719676549865,36.38814016172507,1.839431879347571,23.92152354005078
035420,네이버,2025-07-01,262000,Sell,72,"[""최근 1개월 수익률이 38.40%로 단기간 급등해 20거래일 관점에서는 차익실현 압력이 커질 수 있습니다."", ""현재 주가는 52주 최고가의 79.0% 수준으로 고점권에 근접해 있어 추가 상승 여력보다 되돌림 위험이 상대적으로 큽니다."", ""거래량 변화율이 338.40%로 급증해 추세가 과열 국면일 가능성이 있으며, PER 21.6과 ROE 7.3%는 현재 가격을 강하게 지지할 만큼의 저평가 신호로 보기 어렵습니다.""]",0.7936507936507936,-7.142857142857142,-1.1146046550233732,-12.97721484644666
035420,네이버,2025-08-01,225000,Neutral,67,"[""최근 1개월 수익률이 -11.07%로 단기 모멘텀이 약하고, 거래량 변화율도 -59.92%로 수급 동력이 둔화된 상태입니다."", ""52주 최고가 대비 현재 위치가 51.7%로 중간 수준이라 과매도 반등이나 강한 추세 지속을 뒷받침할 명확한 기술적 신호가 부족합니다."", ""PER 18.6, PBR 1.35, ROE 7.3%는 극단적으로 저평가되거나 고평가된 수준은 아니어서, 향후 20거래일 방향성을 단정할 만큼 재무지표의 우위가 뚜렷하지 않습니다.""]",-4.086021505376344,-3.225806451612903,-5.96101157765019,-4.0073170544244325
035420,네이버,2025-09-01,215500,Sell,74,"[""최근 1개월 수익률이 -8.30%로 단기 모멘텀이 약하고, 향후 20거래일에도 약세 흐름이 이어질 가능성을 시사합니다."", ""거래량 변화율이 -14.86%로 감소해 매수세 유입이 둔화된 상태이며, 단기 반등 동력이 강하지 않습니다."", ""52주 내 현재 위치가 44.6%로 고점 대비 중간 이하 구간에 머물러 있고, PER 16.4와 ROE 7.9% 조합은 강한 재평가 근거로 보기 어렵습니다.""]",2.666666666666667,19.333333333333332,-0.09784544580516874,11.381814743013852
035420,네이버,2025-10-01,254500,Neutral,61,"[""최근 1개월 수익률이 13.11%로 단기 상승 모멘텀은 확인되지만, 52주 최고가 대비 현재 위치가 72.4%로 추가 상승 여력과 추세 지속성을 단정하기는 어렵습니다."", ""거래량 변화율이 126.08%로 매수 관심 확대 신호는 있으나, 이는 단기 과열 가능성도 함께 내포해 향후 20거래일 방향을 일방적으로 판단하기 어렵습니다."", ""PER 19.4, PBR 1.53, ROE 7.9%는 극단적으로 저평가되거나 고평가된 수준은 아니어서, 현재 데이터만으로 강한 상승 또는 하락 근거가 충분하지 않습니다.""]",2.9644268774703555,4.3478260869565215,-2.646962699365049,-9.098546486094941
035420,네이버,2025-11-03,274500,Neutral,62,"[""최근 1개월 수익률이 7.02%로 단기 상승 모멘텀은 있으나, 52주 최고가 대비 현재 위치가 87.0%로 이미 고점권에 가까워 추가 상승 여력이 제한적일 수 있습니다."", ""거래량 변화율이 13.69%로 수급 개선 신호는 보이지만, PER 20.9와 PBR 1.65은 상승을 강하게 뒷받침할 만큼 저평가로 보기 어렵습니다."", ""ROE 7.9%는 수익성은 양호하나 매우 강한 수준은 아니어서, 향후 20거래일 방향을 단정할 만큼의 명확한 우위 신호는 부족합니다.""]",-1.4981273408239701,-8.98876404494382,-1.1257118075783152,-5.91215076996772
035420,네이버,2025-12-01,243000,Sell,78,"[""최근 1개월 수익률이 -9.16%로 단기 추세가 약세이며, 향후 20거래일에도 모멘텀 부진이 이어질 가능성이 있습니다."", ""거래량 변화율이 -34.31%로 감소해 하락 구간에서 매수세 유입이 약한 모습이며 반등 신호로 보기 어렵습니다."", ""현재 주가는 52주 최고가 대비 중간 이하 수준(52주 내 현재 위치 58.2%)이지만, PER 16.7과 ROE 8.4%는 강한 저평가나 고성장 근거로 보기 어려워 상승 근거가 제한적입니다.""]",2.05761316872428,1.646090534979424,-1.6626022042609874,-6.231394176892881
051910,LG화학,2023-01-02,604000,Sell,74,"[""최근 1개월 수익률이 -16.34%로 단기 추세가 뚜렷하게 약세이며, 향후 20거래일에도 약세 흐름이 이어질 가능성을 시사합니다."", ""거래량 변화율이 -29.00%로 감소해 하락 추세를 지지하는 매수세 유입이 약한 상태로 해석됩니다."", ""52주 최고가 대비 현재 위치가 49.4%에 불과해 중립 구간이지만, 현재가가 52주 고점에서 크게 이탈한 상태에서 단기 모멘텀이 약해 상승 근거보다 하락 근거가 우세합니다.""]",4.658901830282862,12.479201331114808,-1.318976908426646,1.202225832169475
051910,LG화학,2023-02-01,688000,Neutral,61,"[""PER 14.6, PBR 1.66, ROE 11.4%는 밸류에이션과 수익성이 극단적으로 나쁘지 않아 20거래일 내 급락을 단정할 근거는 약합니다."", ""최근 1개월 수익률이 14.67%로 단기 상승 모멘텀은 존재하지만, 현재가가 52주 최고가의 82.7% 수준까지 올라와 추가 상승 여력과 추격 매수 매력은 제한적으로 보입니다."", ""거래량 변화율 6.93%는 수급 개선 신호로 볼 수 있으나, 52주 고점 근접 구간에서는 상승 지속과 단기 조정 가능성이 함께 존재해 방향성을 확신하기 어렵습니다.""]",0.591715976331361,3.9940828402366866,0.07974293592437998,5.485042303637092
051910,LG화학,2023-03-02,678000,Neutral,61,"[""PER 14.4와 ROE 11.3%는 수익성 대비 밸류에이션이 과도하게 비싸 보이지 않아 중립적이지만, 이것만으로 20거래일 상승을 강하게 뒷받침하진 않습니다."", ""주가는 52주 최고가 대비 79.4% 수준으로 고점권에 가까워 추가 상승 여력이 제한적으로 보이는 반면, 52주 최저가 대비로는 이미 상당 부분 회복된 상태입니다."", ""최근 1개월 수익률이 -1.74%로 단기 모멘텀이 약하고 거래량 변화율 9.07%는 방향성을 확정할 만큼 강한 신호로 보기 어려워 상승·하락 근거가 균형적입니다.""]",0.5689900426742532,1.2802275960170697,2.110064107154306,-0.5614134751692021
051910,LG화학,2023-04-03,712000,Sell,67,"[""현재 주가가 52주 최고가의 89.9% 수준으로 고점권에 근접해 있어, 향후 20거래일 내 추가 상승 여력이 제한적일 수 있습니다."", ""최근 1개월 수익률이 1.28%로 매우 낮아 단기 상승 모멘텀이 강하지 않고, 방향성 우위가 뚜렷하지 않습니다."", ""PER 30.1과 PBR 1.77은 현재 ROE 5.9% 대비 밸류에이션 부담이 있는 편이며, 거래량 변화율 16.95%는 변동성 확대 가능성을 시사합니다.""]",11.634349030470915,0.554016620498615,8.919181585066546,-0.28814890191410947
051910,LG화학,2023-05-02,746000,Neutral,61,"[""최근 1개월 수익률이 4.78%로 단기 모멘텀은 양호하지만, 52주 최고가 대비 현재 위치가 78.2%로 이미 상단 구간에 있어 추가 상승 여력은 제한적으로 보입니다."", ""거래량 변화율이 55.00%로 수급 개선 신호는 있으나, 이를 뒷받침할 만큼 강한 추세 지표가 제공되지 않아 20거래일 방향성을 단정하기 어렵습니다."", ""PER 31.5와 PBR 1.86은 ROE 5.9% 대비 밸류에이션 부담이 존재해 상승 근거와 하락 부담이 혼재되어 있습니다.""]",-4.820936639118457,-0.6887052341597797,-4.405169468733869,-4.684867383356231
051910,LG화학,2023-06-01,687000,Sell,78,"[""최근 1개월 수익률이 -7.16%로 단기 추세가 하락 방향이며, 향후 20거래일에도 약세 흐름이 이어질 가능성이 높습니다."", ""거래량 변화율이 -43.46%로 수급이 크게 위축되어 있어 반등 탄력이 약한 상태로 해석됩니다."", ""현재 주가는 52주 최고가 대비 중간 수준(52주 내 현재 위치 57.5%)이지만, PER 29.0과 PBR 1.70 대비 ROE 5.9%로 밸류에이션 부담에 비해 수익성 개선 근거가 충분하지 않습니다.""]",3.467406380027739,-4.160887656033287,2.3914307365181986,-4.203557644039548
051910,LG화학,2023-07-03,691000,Neutral,58,"[""PER 29.2와 PBR 1.71은 절대적으로 저평가된 수준으로 보기 어렵고, ROE 5.9%도 자본효율이 강하다고 판단하기 어려워 밸류에이션 측면의 상승 근거가 제한적입니다."", ""최근 1개월 수익률이 0.58%로 사실상 횡보에 가깝고, 52주 최고가 대비 현재 위치가 58.8%로 중간권이라 단기 추세의 강한 방향성을 확인하기 어렵습니다."", ""거래량 변화율 8.13%는 관심 증가 신호일 수 있으나 가격 모멘텀이 뚜렷하지 않아 향후 20거래일 내 상승·하락을 단정하기에는 근거가 균형적입니다.""]",-3.823529411764706,-3.6764705882352944,-2.635086842230012,-6.520712117400732
051910,LG화학,2023-08-01,655000,Neutral,61,"[""PER 27.7과 PBR 1.62는 절대적으로 저평가된 수준으로 보기 어렵고, ROE 5.8%도 자본효율이 강하다고 판단하기에는 제한적입니다."", ""최근 1개월 수익률이 -5.21%로 단기 모멘텀이 약하며, 52주 최고가 대비 현재 위치가 41.2%로 중간 이하 구간에 있어 강한 추세 반전 신호는 보이지 않습니다."", ""거래량 변화율이 71.51%로 급증해 방향성 확대 가능성은 있으나, 가격 하락과 결합된 수급 변화인지 상승 전환인지 데이터만으로 단정하기 어려워 20거래일 방향성은 불명확합니다.""]",-1.8691588785046727,-9.190031152647975,-1.4353683133539195,-6.889221282861591
051910,LG화학,2023-09-01,570000,Sell,82,"[""최근 1개월 수익률이 -11.21%로 단기 추세가 뚜렷하게 약세이며, 향후 20거래일에도 모멘텀 약화가 이어질 가능성이 높습니다."", ""거래량 변화율이 -42.80%로 수급 참여가 크게 줄어들어 반등 탄력이 약한 상태로 해석됩니다."", ""현재 주가가 52주 최고가 대비 11.8% 수준에 불과하고 52주 최저가 536,000원에 근접해 있어 기술적으로도 하방 압력이 우세합니다.""]",-4.266211604095563,-14.761092150170649,-3.1956190444623553,-7.958360533448196
051910,LG화학,2023-10-04,486000,Sell,78,"[""현재가가 52주 최저가(486,000원)와 동일해 52주 내 위치가 0.0%로, 기술적으로 약세 추세의 하단에 머물러 있습니다."", ""최근 1개월 수익률이 -15.62%로 단기 모멘텀이 뚜렷하게 하락 방향이며, 20거래일 내 반등보다 추가 약세 가능성을 더 크게 봐야 합니다."", ""PER 20.5와 ROE 5.8% 조합은 수익성 대비 밸류에이션 부담이 완전히 해소된 상태로 보기 어렵고, 거래량 변화율 14.08%는 하락 국면에서 변동성 확대 신호로 해석될 수 있습니다.""]",5.179282868525896,-6.175298804780876,2.992978991008831,-4.70833258744023
051910,LG화학,2023-11-01,431000,Sell,82,"[""현재가 431,000원이 52주 최저가 426,000원에 매우 근접해 52주 내 현재 위치가 1.2%로, 단기적으로 약세 추세가 극단적으로 진행된 상태입니다."", ""최근 1개월 수익률이 -14.65%로 부진하고, 이는 향후 20거래일에도 추가 약세가 이어질 가능성을 시사합니다."", ""거래량 변화율이 33.69%로 증가해 하락 구간에서 매도 압력이 강화된 신호로 해석될 수 있으며, PER 18.2와 ROE 5.8%는 현재 주가를 강하게 지지할 만큼 매력적인 수준으로 보기 어렵습니다.""]",2.634467618002195,9.989023051591657,-0.9487888946817495,1.7875651663787746
051910,LG화학,2023-12-01,486500,Neutral,61,"[""현재 주가는 52주 최고가 대비 15.2% 수준으로 저점권에 가깝지만, 이것만으로 향후 20거래일 상승을 단정할 근거는 부족합니다."", ""최근 1개월 수익률이 6.81%로 단기 반등 흐름은 있으나 거래량 변화율이 -18.70%로 수급 확산이 확인되지 않아 추세 지속 신뢰도가 높지 않습니다."", ""PER 20.6, PBR 1.17, ROE 5.7%는 극단적으로 저평가되거나 강한 성장성을 보여주는 수준은 아니어서 상승·하락 어느 한쪽으로 강하게 기울기 어렵습니다.""]",0.5285412262156448,1.6913319238900635,0.1146164961017137,-1.174331409377006
051910,LG화학,2024-01-02,493500,Neutral,61,"[""현재 주가는 52주 최고가 대비 크게 낮고 52주 내 위치도 16.9%로 바닥권에 가까워 기술적으로는 반등 여지가 있으나, 이것만으로 상승을 단정하기는 어렵습니다."", ""최근 1개월 수익률이 -2.08%로 약세이고 거래량 변화율도 -13.86%로 수급이 둔화되어 단기 상승 모멘텀은 강하지 않습니다."", ""PER 20.9와 PBR 1.18, ROE 5.7%는 극단적으로 저평가되거나 강한 성장성을 보여주는 수준이 아니어서 향후 20거래일 방향성을 명확히 지지하지 않습니다.""]",-3.329864724245578,-9.573361082206034,-0.8242171411043357,-5.346015657227808
051910,LG화학,2024-02-01,430000,Neutral,66,"[""최근 1개월 수익률이 -10.51%로 단기 모멘텀이 약하고, 52주 최고가 대비 현재 위치가 9.8%에 불과해 추세적으로도 약세 구간에 있습니다."", ""거래량 변화율이 25.28%로 높아 변동성 확대 신호는 있으나, 이는 상승 추세 확인보다 하락 추세 지속 또는 변곡 가능성을 모두 열어두는 신호입니다."", ""PER 18.2, PBR 1.03, ROE 5.7%는 극단적 저평가나 강한 수익성 개선을 뒷받침하지 못해 20거래일 내 뚜렷한 상승 근거가 부족합니다.""]",2.1691973969631237,-4.229934924078091,0.8565423006265547,-5.230963482834025
051910,LG화학,2024-03-04,462000,Buy,67,"[""최근 1개월 수익률이 8.32%로 단기 모멘텀이 양호하고, 거래량 변화율도 53.12%로 증가해 20거래일 내 추가 상승 여지가 있습니다."", ""현재 주가는 52주 최고가 대비 낮고 52주 내 위치가 17.1%에 불과해, 절대 고점 부담보다는 회복 구간에 있는 흐름으로 해석됩니다."", ""PER 19.5와 PBR 1.11은 극단적으로 비싼 수준은 아니며, ROE 5.7%가 낮지만 현재 데이터만 보면 단기 하락을 강하게 시사하는 신호는 제한적입니다.""]",-0.44198895027624313,-6.2983425414364635,-1.6652847908439132,-10.21470096221097
051910,LG화학,2024-04-01,430500,Sell,78,"[""최근 1개월 수익률이 -4.97%로 단기 추세가 약세이며, 향후 20거래일에도 반등보다 추가 조정 가능성이 더 높습니다."", ""거래량 변화율이 -35.26%로 수급이 위축되어 있어 상승 추세 전환의 신뢰도가 낮습니다."", ""현재 주가가 52주 최고가 대비 9.9% 수준에 불과해 장기 고점 대비 크게 낮지만, PER 25.2와 ROE 4.2% 조합은 밸류에이션 대비 수익성이 강하지 않아 단기 매수 근거가 약합니다.""]",-6.839622641509433,-4.481132075471698,-5.096171479935097,-1.9563968621168706
051910,LG화학,2024-05-02,405000,Neutral,61,"[""현재 주가는 52주 최고가 대비 8.6% 수준으로 저점권에 가깝지만, 최근 1개월 수익률이 -5.92%로 단기 추세는 여전히 약합니다."", ""거래량 변화율이 26.99%로 높아 관심은 증가했지만, 이것만으로 향후 20거래일 상승 방향을 확정하기에는 부족합니다."", ""PER 23.7과 ROE 4.1%는 수익성 대비 밸류에이션 매력이 강하다고 보기 어렵고, PBR 0.98은 저평가 신호이지만 방향성을 단정할 만큼 강하지 않습니다.""]",-3.0978934324659235,-10.532837670384138,-4.987583079522107,-9.989990881698358
051910,LG화학,2024-06-03,357500,Sell,82,"[""최근 1개월 수익률이 -11.18%로 단기 추세가 이미 약세이며, 향후 20거래일에도 하방 압력이 이어질 가능성이 높습니다."", ""현재 주가가 52주 최고가 대비 크게 하락해 있고 52주 내 현재 위치가 1.7%로 최저점 부근에 있어 기술적으로도 약세 구간에 있습니다."", ""거래량 변화율이 -13.03%로 수급 동력이 약한 가운데 PER 27.9 대비 ROE 3.1%로 수익성 대비 밸류에이션 부담이 있어 반등 근거가 약합니다.""]",2.9085872576177287,-0.2770083102493075,0.426712046318372,-5.232118937197969
051910,LG화학,2024-07-01,355500,Sell,74,"[""현재가 355,500원은 52주 최저가 344,000원에 매우 근접해 52주 내 현재 위치가 3.0%로, 단기적으로 약세 구간에 머물러 있습니다."", ""최근 1개월 수익률이 1.43%로 상승 탄력이 크지 않은 반면 거래량 변화율이 -8.85%로 수급 개선 신호가 약해 20거래일 내 추가 상승 근거가 제한적입니다."", ""PER 27.7은 ROE 3.1% 대비 높아 수익성 대비 밸류에이션 부담이 존재하며, PBR 0.85는 저평가처럼 보이지만 이를 뒷받침할 강한 실적 모멘텀이 데이터상 확인되지 않습니다.""]",2.6912181303116145,-13.59773371104816,-0.42004960700705585,-12.063316300606784
051910,LG화학,2024-08-01,314000,Sell,78,"[""현재가 314,000원은 52주 최저가 305,000원에 매우 근접하고 52주 내 현재 위치가 2.1%로 극단적 저점 구간에 있어, 단기적으로도 약세 추세가 이어질 가능성이 높습니다."", ""최근 1개월 수익률이 -12.78%로 하락 모멘텀이 뚜렷하며, 거래량 변화율 4.08%는 반등을 강하게 뒷받침할 만큼 충분히 크지 않습니다."", ""PER 24.5는 ROE 3.1% 대비 부담이 크고, PBR 0.75는 저평가처럼 보이지만 수익성 약세가 동반되어 있어 향후 20거래일 내 주가 상승 근거로는 약합니다.""]",-7.293354943273905,10.21069692058347,-4.0140661035427865,10.03096379251708
051910,LG화학,2024-09-02,340000,Neutral,61,"[""PER 163.9와 ROE 0.5%는 이익 대비 밸류에이션 부담이 매우 크고 수익성도 낮아, 20거래일 내 강한 상승 근거로 보기 어렵습니다."", ""PBR 0.81은 자산가치 대비 저평가 신호일 수 있으나, 현재가가 52주 최저가 대비는 높고 52주 최고가 대비 21.1% 수준에 머물러 있어 방향성이 아직 뚜렷하지 않습니다."", ""최근 1개월 수익률 8.28%와 거래량 변화율 16.55%는 단기 모멘텀 개선을 시사하지만, 펀더멘털 약점이 커서 상승·하락 판단이 균형적입니다.""]",-7.957957957957958,8.408408408408409,-2.658910810699229,11.045547523407489
051910,LG화학,2024-10-02,353500,Sell,78,"[""PER 170.4배와 ROE 0.5%는 이익 대비 밸류에이션 부담이 매우 크고 수익성도 극히 낮아, 향후 20거래일 내 추가 상승을 정당화할 근거가 약합니다."", ""현재 주가는 52주 최고가 대비 27.0% 수준으로 고점 대비 크게 낮지만, 최근 1개월 수익률이 12.76%로 단기 반등이 이미 진행되어 추가 상승 여력이 제한될 수 있습니다."", ""거래량 변화율 14.69%는 단기 관심 증가를 시사하지만, PBR 0.85와 시가총액 25.0조원 대비 실적 지표가 약해 단기 모멘텀이 이어지기보다 되돌림 위험이 더 큽니다.""]",0.5738880918220948,-7.173601147776183,-1.511172090066131,-7.9231020642219985
051910,LG화학,2024-11-01,318000,Sell,84,"[""최근 1개월 수익률이 -10.80%로 단기 추세가 이미 약세이며, 향후 20거래일에도 하방 압력이 이어질 가능성이 높습니다."", ""거래량 변화율이 -13.49%로 수급이 둔화되고 있어 반등 동력이 약한 상태로 해석됩니다."", ""PER 153.3과 ROE 0.5%는 이익 대비 밸류에이션 부담이 매우 큰 반면 수익성은 극히 낮아, 현재 주가를 지지할 근거가 약합니다.""]",-6.0278207109737245,-12.673879443585781,-3.814199077660092,-7.479149493064925
051910,LG화학,2024-12-02,282500,Sell,82,"[""최근 1개월 수익률이 -11.16%로 단기 추세가 이미 약세이며, 향후 20거래일에도 하락 압력이 이어질 가능성이 높습니다."", ""현재 주가가 52주 최고가 대비 크게 낮고 52주 내 위치가 4.1%에 불과해, 기술적으로도 약세 구간에 머물러 있습니다."", ""거래량 변화율이 -3.05%로 수급 개선 신호가 약하고, ROE 0.9%와 PER 76.1은 수익성 대비 밸류에이션 부담이 커 반등 근거가 약합니다.""]",-5.132743362831858,-10.265486725663717,-1.842474973567438,-7.938379809940352
051910,LG화학,2025-01-02,242500,Sell,84,"[""현재가가 52주 최저가(242,500원)와 동일해 52주 내 위치가 0.0%로, 기술적으로도 약세 추세의 바닥권에 머물러 있어 추가 하락 위험을 배제하기 어렵습니다."", ""최근 1개월 수익률이 -14.61%로 단기 모멘텀이 뚜렷하게 악화되어 있으며, 향후 20거래일 내 반등 근거보다 약세 연속성의 가능성이 더 큽니다."", ""PER 65.3은 높고 ROE 0.9%는 매우 낮아 밸류에이션 대비 수익창출력이 약하며, PBR 0.58은 저평가처럼 보이지만 이는 실적 부진을 반영한 값으로 해석되는 편이 타당합니다.""]",-3.353057199211045,-12.42603550295858,-6.377726312040299,-16.309455107204418
051910,LG화학,2025-02-03,222000,Sell,84,"[""현재가가 52주 최저가(222,000원)와 동일해 52주 내 위치가 0.0%로, 기술적으로도 약세 흐름의 끝단에 있어 추가 하락 압력을 배제하기 어렵습니다."", ""최근 1개월 수익률이 -10.48%로 부진하고 거래량 변화율도 -21.42%로 감소해, 단기 수급과 모멘텀이 모두 약한 상태입니다."", ""PER 59.8은 높은 반면 ROE는 0.9%에 불과해 이익 대비 밸류에이션 부담이 크고, PBR 0.53은 저평가처럼 보이지만 수익성 부진을 충분히 상쇄하지 못합니다.""]",3.9906103286384975,8.215962441314554,1.6792821611397315,5.135803356174989
051910,LG화학,2025-03-04,227500,Sell,78,"[""현재가가 52주 최고가 대비 크게 낮고 52주 내 위치가 4.9%에 불과해 기술적으로도 약세 구간에 머물러 있습니다."", ""최근 1개월 수익률이 -4.21%로 단기 모멘텀이 부정적이며, 향후 20거래일 반등 근거가 강하지 않습니다."", ""PER 61.2에 비해 ROE가 0.9%로 수익성 대비 밸류에이션 부담이 크고, PBR 0.54는 저평가처럼 보이지만 낮은 ROE를 감안하면 주가 상승의 직접적 근거로 보기 어렵습니다.""]",8.893709327548807,0.8676789587852495,8.241279623038087,2.9109683928640484
051910,LG화학,2025-04-01,244000,Neutral,61,"[""현재 주가는 52주 최고가 대비 12.5% 수준으로 저점권에 가까워 기술적으로는 반등 여지가 있으나, 이것만으로 20거래일 상승을 단정하기는 어렵습니다."", ""최근 1개월 수익률이 4.05%로 단기 모멘텀은 플러스이며 거래량 변화율도 17.76%로 수급 개선 신호가 있으나, 강한 추세 전환을 입증할 정도로 충분히 강하지는 않습니다."", ""PER은 적자로 산출 불가하고 ROE도 N/A이며 PBR 0.57은 저평가 가능성을 시사하지만, 실적 기반의 상승 근거가 부족해 방향성을 확신하기 어렵습니다.""]",-12.473118279569892,-7.096774193548387,-4.006563883075264,-9.122027000967796
051910,LG화학,2025-05-02,210000,Sell,82,"[""현재가가 52주 최고가 405,000원 대비 크게 낮고 52주 내 위치가 3.2%로 연중 저점권에 있어 추세적으로 약세 흐름이 우세합니다."", ""최근 1개월 수익률이 -9.68%로 단기 모멘텀이 부정적이며, 향후 20거래일 내 반등보다 추가 약세 가능성이 더 높게 해석됩니다."", ""거래량 변화율이 -33.41%로 수급이 위축된 상태이고, PER이 적자라 밸류에이션 측면에서도 즉각적인 상승 근거가 약합니다.""]",-2.1634615384615383,-3.125,-4.757680203470473,-12.381741005517133
051910,LG화학,2025-06-02,195300,Neutral,61,"[""현재 주가는 52주 최고가 대비 크게 하락해 52주 내 위치가 6.0%로 매우 낮아 기술적으로는 과매도 반등 가능성이 있으나, 이것만으로 상승 방향을 확정하기는 어렵습니다."", ""최근 1개월 수익률이 -13.39%로 약세 추세가 뚜렷해 향후 20거래일 내 추가 하락 압력도 배제하기 어렵습니다."", ""PBR 0.46은 저평가 신호로 볼 수 있지만 PER이 적자라 가치평가의 신뢰도가 제한적이며, 거래량 변화율 30.00%는 방향성보다 변동성 확대를 시사해 단정적 판단이 어렵습니다.""]",5.938600905888274,29.34071464519376,0.5543131086859798,16.874098023519473
051910,LG화학,2025-07-01,229000,Neutral,61,"[""최근 1개월 수익률이 14.90%로 단기 모멘텀은 양호해 향후 20거래일에도 추가 상승 가능성을 일부 시사합니다."", ""다만 거래량 변화율이 -7.58%로 상승 추세를 뒷받침하는 수급 강도가 약해, 단기 추세 지속 확신은 제한적입니다."", ""PER이 적자로 산출 불가하고 ROE도 N/A인 반면 PBR 0.54, 52주 내 현재 위치 25.2%는 저평가·저점권 신호와 약세 잔존 신호가 혼재해 방향성을 단정하기 어렵습니다.""]",8.333333333333332,27.500000000000004,6.425077884659165,21.665642296410486
051910,LG화학,2025-08-01,290000,Neutral,61,"[""PBR 0.68로 자산가치 대비 저평가 구간처럼 보이지만, PER이 적자라 수익성 기반의 상승 근거는 제공되지 않습니다."", ""최근 1개월 수익률이 12.84%로 단기 모멘텀은 양호하지만, 거래량 변화율이 -3.56%로 상승 추세의 강도는 다소 약합니다."", ""현재 주가는 52주 최고가 대비 아직 여유가 있고 52주 내 위치도 60.2%로 중간 이상이어서 추가 상승과 조정 가능성이 공존합니다.""]",-4.145077720207254,-6.90846286701209,-6.0200677924811,-7.689973469823619
051910,LG화학,2025-09-01,271500,Sell,74,"[""최근 1개월 수익률이 -9.95%로 단기 추세가 하락 방향이며, 향후 20거래일에도 약세 흐름이 이어질 가능성을 시사합니다."", ""거래량 변화율이 -32.84%로 수급 참여가 줄어든 상태라 반등 탄력이 약할 수 있습니다."", ""현재 주가가 52주 최고가 대비 크게 낮고 52주 내 위치가 49.9%로 중립권이지만, 적자 상태로 PER이 산출되지 않아 밸류에이션만으로 상승 근거를 만들기 어렵습니다.""]",8.719851576994433,3.153988868274583,5.955339464522597,-4.797529722044897
051910,LG화학,2025-10-01,281500,Neutral,61,"[""PBR 0.70으로 자산가치 대비 저평가 구간처럼 보이지만, PER이 적자라 수익성 기반의 상승 근거는 제공되지 않습니다."", ""최근 1개월 수익률이 4.45%로 단기 모멘텀은 양호하지만, 거래량 변화율이 -9.49%로 상승 추세의 신뢰도는 다소 약합니다."", ""52주 최고가 대비 크게 낮고(현재 55.5% 위치) 52주 최저가 대비는 상당히 회복된 상태여서, 추가 상승과 조정 가능성이 공존해 방향성을 단정하기 어렵습니다.""]",12.432432432432433,38.91891891891892,6.821042855597029,25.472546345867457
051910,LG화학,2025-11-03,393000,Sell,78,"[""최근 1개월 수익률이 39.12%로 단기간 급등해 20거래일 관점에서는 차익실현 압력이 커질 가능성이 높습니다."", ""현재 주가가 52주 최고가의 89.8% 수준에 위치해 있어 추가 상승 여력이 제한적인 반면, 고점 부근 부담이 존재합니다."", ""거래량 변화율이 133.96%로 급증해 추세 지속 신호일 수도 있지만, 이미 큰 폭 상승한 뒤의 과열 구간일 가능성도 함께 시사합니다.""]",1.139240506329114,-5.949367088607595,1.511656039574769,-2.8727538136314936
051910,LG화학,2025-12-01,372000,Sell,78,"[""최근 1개월 수익률이 -6.42%로 단기 추세가 이미 약세이며, 향후 20거래일에도 모멘텀 둔화가 이어질 가능성이 있습니다."", ""거래량 변화율이 -32.01%로 수급 참여가 줄어든 상태라 반등 탄력이 약하고 하락 추세가 지속될 위험이 있습니다."", ""현재 주가는 52주 최고가 대비 80.0% 수준으로 고점권 부담이 남아 있으나, 적자 상태로 PER이 없고 ROE도 제시되지 않아 상승을 뒷받침할 실적 근거가 부족합니다.""]",2.1534320323014806,-13.189771197846568,-1.5667833406837866,-21.067255909718874
352820,HYBE,2023-01-02,169500,Neutral,61,"[""최근 1개월 수익률이 10.42%로 단기 모멘텀은 양호하지만, 52주 최고가 대비 현재 위치가 24.1%에 불과해 중기 추세 회복이 충분히 진행됐다고 보기 어렵습니다."", ""거래량 변화율이 25.46%로 수급 개선 신호는 있으나, 이를 20거래일 추가 상승으로 연결할 만큼 강한 추세 확인 지표는 제공되지 않았습니다."", ""PER 25.4와 PBR 2.12는 절대적으로 과도하다고 단정하기 어렵지만 ROE 8.3%가 높지 않아 밸류에이션과 수익성의 조합만으로 명확한 상승 우위를 판단하기 어렵습니다.""]",-3.39943342776204,6.458923512747876,-9.377312166471548,-4.818051986197458
352820,HYBE,2023-02-01,189500,Neutral,61,"[""최근 1개월 수익률이 9.22%로 단기 모멘텀은 양호하지만, 20거래일 추가 상승을 확신할 만큼 강한 추세 신호로 보기는 어렵습니다."", ""현재 주가는 52주 최고가 대비 크게 낮은 37.5% 위치에 있어 반등 여지는 있으나, 동시에 고점 회복을 뒷받침할 추가 근거는 제한적입니다."", ""PER 28.4와 PBR 2.37은 밸류에이션 부담이 있는 편이고 ROE 8.3%는 수익성 대비 가격 매력이 강하다고 보기 어려워 상승·하락 근거가 혼재합니다.""]",5.534858967535923,-0.2660989888238425,5.022885927128942,1.2248604745765634
352820,HYBE,2023-03-02,187000,Neutral,61,"[""현재가가 52주 최고가 대비 크게 낮고(52주 내 현재 위치 36.3%), 최근 1개월 수익률도 -2.45%로 단기 추세가 강하지 않아 상승 신호가 뚜렷하지 않습니다."", ""거래량 변화율이 96.64%로 급증해 단기 변동성 확대 가능성은 있으나, 이것만으로 20거래일 방향성을 상승 또는 하락으로 단정하기 어렵습니다."", ""PER 28.0과 PBR 2.34는 시장이 일정 수준의 기대를 반영한 상태로 보이지만, ROE 8.3%가 이를 강하게 뒷받침한다고 보기 어려워 명확한 Buy 근거가 부족합니다.""]",-1.9743863393810033,0.8004268943436499,-0.4333122749009506,-1.041214176842622
352820,HYBE,2023-04-03,184000,Sell,78,"[""PER 145.4와 PBR 2.75는 현재 주가가 이익과 자산 대비 높게 평가되어 있어, 단기적으로 추가 상승 여력이 제한적입니다."", ""ROE 1.9%로 수익성 효율이 낮아 밸류에이션을 정당화할 성장 근거가 약합니다."", ""최근 1개월 수익률이 -1.81%이고 거래량 변화율도 -42.54%로 약세 흐름과 수급 둔화가 동시에 나타나 20거래일 내 하락 가능성이 더 높습니다.""]",17.971623751970572,54.75564897530215,15.256456306566204,53.91348345288942
352820,HYBE,2023-05-02,284500,Sell,84,"[""현재가가 52주 최고가와 동일해 52주 내 위치가 100.0%로, 단기적으로는 상승 여력이 제한되고 차익실현 압력이 커질 수 있습니다."", ""최근 1개월 수익률이 50.61%로 매우 가파른 상승을 보였고 거래량도 22.88% 증가해 단기 과열 이후 되돌림 가능성을 시사합니다."", ""PER 224.9, PBR 4.25, ROE 1.9%는 이익 대비 밸류에이션 부담이 크고 수익성은 낮아, 향후 20거래일 관점에서 추가 상승 근거가 약합니다.""]",-5.772495755517826,-8.31918505942275,-5.356728585133238,-12.315347208619201
352820,HYBE,2023-06-01,277500,Sell,78,"[""PER 260.6, PBR 4.04, ROE 1.6%로 이익 대비 밸류에이션이 높고 수익성은 낮아 20거래일 내 추가 상승 여력이 제한적으로 보입니다."", ""현재가가 52주 최고가 294,500원 대비 90.8% 수준으로 고점권에 위치해 있어 단기적으로는 상승보다 차익실현 압력이 우세할 가능성이 있습니다."", ""최근 1개월 수익률은 2.78%로 상승 탄력이 크지 않은 반면 거래량 변화율이 -21.47%로 수급이 약화되어 단기 하락 쪽 신호가 더 강합니다.""]",8.88888888888889,3.5185185185185186,7.812913245379349,3.4758485305122577
352820,HYBE,2023-07-03,279500,Sell,78,"[""PER 262.4배와 PBR 4.07배는 현재 주가가 실적과 자산가치 대비 상당히 높은 수준임을 시사해 20거래일 내 추가 상승 여력이 제한적입니다."", ""ROE 1.6%로 수익성은 낮은데 시가총액은 12.0조원으로 커서, 제공된 재무지표만 보면 고평가 부담이 더 크게 보입니다."", ""현재가가 52주 최고가 307,000원 대비 86.1% 위치에 있어 단기적으로 고점권에 가깝고, 최근 1개월 수익률 0.72%와 거래량 변화율 1.94%도 강한 상승 모멘텀을 보여주지 못합니다.""]",-5.594405594405594,-11.188811188811188,-4.405963024870901,-14.033052717976627
352820,HYBE,2023-08-01,254000,Sell,78,"[""PER 238.5와 PBR 3.70은 현재 주가가 실적과 자산가치 대비 매우 높은 수준임을 시사하는 반면 ROE 1.6%로 수익성은 낮아 밸류에이션 부담이 큽니다."", ""최근 1개월 수익률이 -9.12%로 단기 추세가 약하고, 52주 최고가 대비 현재 위치가 73.2%로 고점권에서 충분히 조정되지 않았습니다."", ""거래량 변화율 22.92%로 변동성은 커졌지만, 이를 뒷받침할 상승 모멘텀 지표가 부족해 향후 20거래일 내 추가 하락 가능성을 더 높게 봅니다.""]",2.976190476190476,0.1984126984126984,3.409981041341229,2.4992225681990834
352820,HYBE,2023-09-01,249000,Sell,78,"[""PER 163.8과 PBR 3.42는 현재 주가가 이익과 자산 대비 매우 높은 수준에 형성되어 있어 20거래일 내 추가 상승 여력이 제한적으로 보입니다."", ""ROE 2.1%로 수익성 대비 밸류에이션 부담이 크며, 실적 기반의 주가 상승 근거가 약합니다."", ""최근 1개월 수익률이 -1.19%이고 거래량 변화율도 -11.83%로 약세 흐름과 수급 둔화가 함께 나타나 단기 하락 가능성을 더 높입니다.""]",-2.3952095808383236,-8.582834331337326,-1.3246170212051158,-1.7801027146148725
352820,HYBE,2023-10-04,222500,Sell,84,"[""최근 1개월 수익률이 -9.37%로 단기 추세가 이미 약세이며, 향후 20거래일에도 반등보다 추가 조정 가능성이 더 높습니다."", ""거래량 변화율이 -44.60%로 수급이 크게 위축되어 있어 상승 모멘텀 형성이 어렵습니다."", ""PER 146.4와 PBR 3.06 대비 ROE 2.1%로 밸류에이션 부담이 크고 수익성은 낮아, 현재 주가를 지지할 근거가 약합니다.""]",7.709251101321586,-4.845814977973569,5.52294722380452,-3.3788487606329225
352820,HYBE,2023-11-01,230500,Sell,78,"[""PER 151.6과 PBR 3.17은 현재 주가가 이익과 자산 대비 상당히 높은 수준임을 시사하는 반면 ROE 2.1%는 수익성 대비 밸류에이션 부담이 큽니다."", ""최근 1개월 수익률이 -4.95%로 단기 추세가 약하고, 52주 최고가 대비 현재 위치가 60.2%로 고점 대비 모멘텀이 둔화된 상태입니다."", ""거래량 변화율 23.51%는 변동성 확대 가능성을 보여주지만, 이를 뒷받침할 상승 근거보다 고평가와 약한 수익성 신호가 더 강합니다.""]",-6.813186813186813,-5.274725274725275,-10.396443325870758,-13.476183159938156
352820,HYBE,2023-12-01,211500,Sell,78,"[""최근 1개월 수익률이 -7.03%로 단기 추세가 이미 약세이며, 향후 20거래일에도 반등보다 추가 조정 가능성이 더 높습니다."", ""PER 116.3은 현재 이익 대비 주가가 매우 비싸다는 뜻인데 ROE가 2.4%에 불과해 밸류에이션을 정당화할 성장·수익성 근거가 약합니다."", ""현재 주가는 52주 최고가 대비 43.5% 수준으로 고점 대비 크게 낮고, 거래량 변화율 110.35%는 변동성 확대 신호로 해석되어 단기 방향성은 하방 쪽이 우세합니다.""]",13.875598086124402,15.07177033492823,13.46167335601047,12.20610700166116
352820,HYBE,2024-01-02,241500,Neutral,61,"[""최근 1개월 수익률이 12.33%로 단기 모멘텀은 양호하지만, 거래량 변화율이 -56.42%로 상승 추세의 지속성을 뒷받침하는 수급 강도는 약합니다."", ""PER 132.8과 PBR 3.17은 현재가에 높은 기대가 반영된 수준인데 ROE가 2.4%로 낮아 밸류에이션을 정당화할 이익 효율성이 부족합니다."", ""현재 주가는 52주 최고가 대비 중간 수준(52.9%)에 위치해 방향성이 애매하며, 상승과 하락 근거가 혼재되어 20거래일 전망을 단정하기 어렵습니다.""]",4.592901878914405,-15.866388308977037,7.098549462055647,-11.63904288399881
352820,HYBE,2024-02-01,199000,Sell,82,"[""최근 1개월 수익률이 -16.91%로 단기 추세가 뚜렷하게 약세이며, 향후 20거래일에도 반등보다 추가 조정 가능성이 더 높습니다."", ""현재 주가는 52주 최고가 대비 크게 낮고 52주 내 현재 위치가 19.1%에 불과해, 기술적으로도 고점 회복 모멘텀이 약한 구간입니다."", ""PER 109.4와 ROE 2.4%는 이익 대비 밸류에이션 부담이 큰 반면 수익성은 낮아, 현재 가격을 지지할 펀더멘털 근거가 약합니다.""]",0.0,-8.75912408759124,-1.312655096336569,-9.760152646347176
352820,HYBE,2024-03-04,192700,Sell,82,"[""PER 105.9와 PBR 2.53은 현재 주가가 이익과 자산 대비 높게 평가되어 있어 20거래일 내 추가 상승 여력이 제한적으로 보입니다."", ""ROE 2.4%로 수익성 대비 밸류에이션 부담이 크며, 이는 단기적으로 주가 재평가 압력보다 조정 압력을 키우는 요인입니다."", ""최근 1개월 수익률이 -5.77%이고 52주 최고가 대비 현재 위치가 14.4%에 불과해 단기 추세가 약하며, 거래량 변화율 15.52%는 변동성 확대 가능성을 시사합니다.""]",8.430540827147402,17.9745493107105,7.207244986579732,14.058190889935995
352820,HYBE,2024-04-01,226500,Neutral,61,"[""최근 1개월 수익률이 13.76%로 단기 모멘텀은 양호하지만, 52주 최고가 대비 현재 위치가 35.5%에 불과해 추가 상승 여력과 추세 지속성을 단정하기 어렵습니다."", ""PER 50.3과 PBR 3.23은 밸류에이션 부담이 있는 수준이며, ROE 6.4%는 현재 주가 수준을 강하게 정당화할 만큼 높은 수익성으로 보기 어렵습니다."", ""거래량 변화율이 10.66%로 수급 개선 신호는 있으나, 시가총액 9.8조원 대형주 특성상 단기 상승과 밸류에이션 부담이 서로 상쇄되어 20거래일 방향성을 확신하기 어렵습니다.""]",-2.696629213483146,-10.112359550561797,-0.9531780519088093,-7.58762433720697
352820,HYBE,2024-05-02,200000,Sell,78,"[""최근 1개월 수익률이 -11.70%로 단기 추세가 이미 약세이며, 향후 20거래일에도 반등보다 추가 조정 가능성을 더 높게 봅니다."", ""현재 주가는 52주 최고가 대비 크게 낮고 52주 내 현재 위치가 11.6%에 불과해, 기술적으로도 강한 추세 전환 신호가 확인되지 않습니다."", ""PER 44.4와 PBR 2.85는 현재 ROE 6.4% 대비 밸류에이션 부담이 큰 편이라, 실적 대비 주가 하방 압력이 우세합니다.""]",-5.257985257985258,-1.71990171990172,-7.147674905041441,-1.1770549312159395
352820,HYBE,2024-06-03,200500,Neutral,61,"[""현재 주가는 52주 최고가 대비 크게 낮고(52주 내 현재 위치 12.1%), 최근 1개월 수익률도 -0.74%로 단기 추세가 강하지 않아 상승 모멘텀이 뚜렷하지 않습니다."", ""거래량 변화율이 -0.00%로 수급 변화가 거의 없어 향후 20거래일 내 방향성을 강하게 뒷받침하는 신호가 부족합니다."", ""PER 46.3과 PBR 2.81은 밸류에이션 부담이 있는 반면 ROE 6.1%는 수익성 개선을 강하게 입증하지 못해, 상승·하락 어느 쪽도 확신하기 어렵습니다.""]",-0.44999999999999996,-1.5,-2.9318752112993565,-6.455110626948661
352820,HYBE,2024-07-01,200500,Sell,78,"[""현재 주가는 52주 최고가 대비 12.1% 수준에 불과해 중장기 고점 대비 약세 구간에 머물러 있습니다."", ""최근 1개월 수익률이 -1.72%로 단기 모멘텀이 약하고, 거래량 변화율도 -47.87%로 수급 둔화가 확인됩니다."", ""PER 46.3과 PBR 2.81은 밸류에이션 부담이 있는 반면 ROE 6.1%는 이를 강하게 정당화하지 못해 20거래일 내 반등 근거가 약합니다.""]",-1.4705882352941175,-12.778904665314403,-4.581855972612788,-11.244487254873027
352820,HYBE,2024-08-01,175300,Sell,82,"[""최근 1개월 수익률이 -11.02%로 단기 추세가 이미 약세이며, 20거래일 관점에서도 하방 모멘텀이 이어질 가능성이 높습니다."", ""현재가 175,300원은 52주 최저가 170,300원에 매우 근접해 52주 내 현재 위치가 4.8%에 불과해, 추가 하락 시 지지선이 약한 구간입니다."", ""거래량 변화율이 -16.89%로 수급이 둔화된 가운데 PER 40.5와 PBR 2.46은 현재 실적 대비 밸류에이션 부담을 완전히 해소했다고 보기 어렵습니다.""]",-4.756637168141593,-0.5530973451327433,-1.4773483284104745,-0.7328304731991342
352820,HYBE,2024-09-02,179800,Neutral,61,"[""현재가가 52주 최고가 대비 18.0% 수준으로 고점 대비 크게 조정된 상태라 단기 반등 여지는 있으나, 방향성을 단정할 만큼 강한 추세 신호는 아닙니다."", ""최근 1개월 수익률이 2.57%로 완만한 플러스이지만, 거래량 변화율 32.01%는 수급 변화 가능성을 시사해도 상승 지속을 확정할 정도의 근거는 아닙니다."", ""PER 96.5와 ROE 2.6%는 밸류에이션 부담 대비 수익성 효율이 낮아 상승 근거를 약화시키며, 반대로 52주 최저가 163,100원 위에 있어 즉각적인 하락 추세로도 단정하기 어렵습니다.""]",-7.982261640798225,-0.8869179600886918,-2.683214493539497,1.750221154910388
352820,HYBE,2024-10-02,170100,Sell,78,"[""최근 1개월 수익률이 -6.54%로 단기 추세가 하락 방향이며, 향후 20거래일에도 약세 흐름이 이어질 가능성이 있습니다."", ""거래량 변화율이 -20.98%로 수급이 둔화되고 있어 반등 탄력이 강하게 형성되기 어려운 상태입니다."", ""현재 주가는 52주 최고가 대비 12.3% 수준으로 고점 대비 크게 낮지만, PER 91.3과 ROE 2.6%는 밸류에이션 대비 수익성 매력이 약해 상승 근거가 제한적입니다.""]",6.22478386167147,13.71757925072046,4.139723679783244,12.968078334274646
352820,HYBE,2024-11-01,186700,Neutral,61,"[""최근 1개월 수익률이 10.60%로 단기 모멘텀은 양호하지만, 거래량 변화율이 -13.77%로 상승 추세의 지속성을 강하게 뒷받침하지는 않습니다."", ""현재 주가는 52주 최고가 대비 낮고 52주 내 위치가 29.3%로 중하단 구간에 있어 추가 상승 여력은 있으나, 방향성을 확정할 만큼 강한 추세 신호는 아닙니다."", ""PER 100.2와 ROE 2.6%는 밸류에이션 부담 대비 수익성 효율이 낮아 향후 20거래일 내 뚜렷한 상승 근거로 보기 어렵습니다.""]",1.3684744044602128,-3.801317790167258,3.5820960377738453,1.3934121603535976
352820,HYBE,2024-12-02,189800,Neutral,61,"[""현재 주가는 52주 최고가 대비 크게 낮고(52주 내 현재 위치 32.5%), 최근 1개월 수익률도 1.66%로 강한 상승 추세가 확인되지 않습니다."", ""거래량 변화율이 62.75%로 높아 단기 변동성 확대 가능성은 있으나, 이것만으로 향후 20거래일 방향을 일관되게 판단하기는 어렵습니다."", ""PER은 적자로 산출 불가하고 ROE도 N/A로 수익성 기반의 상승 근거가 부족하며, PBR 2.69은 저평가를 강하게 시사하는 수준도 아닙니다.""]",-0.9533366783743101,0.8529854490717512,2.33693171089011,3.1800923647951156
352820,HYBE,2025-01-02,196300,Neutral,61,"[""현재 주가는 52주 최고가 대비 39.1% 수준으로 고점 대비 부담은 줄었지만, 52주 최저가 158,000원 대비로는 아직 충분한 추세 반전 신호가 확인되지 않습니다."", ""최근 1개월 수익률이 0.56%로 사실상 횡보에 가깝고, 거래량 변화율이 -29.72%로 수급 동력이 약해 향후 20거래일 내 뚜렷한 상승 근거가 제한적입니다."", ""PER은 적자로 산출 불가하고 ROE도 N/A로 수익성 판단이 어렵지만, PBR 2.79과 시가총액 8.5조원은 밸류에이션이 아주 저렴하다고 보기 어려워 방향성을 강하게 Buy 또는 Sell로 단정하기 어렵습니다.""]",7.213930348258707,17.91044776119403,4.189261235429452,14.027028156948191
352820,HYBE,2025-02-03,226500,Sell,74,"[""현재가 226,500원은 52주 최고가 230,500원 대비 매우 근접한 94.5% 위치로, 단기적으로 추가 상승 여력이 제한되고 차익실현 압력이 커질 수 있습니다."", ""최근 1개월 수익률이 15.86%로 이미 강한 단기 상승이 반영된 상태인데, 거래량 변화율이 -32.35%로 동반 수급 확장이 확인되지 않아 상승 지속 신호가 약합니다."", ""PER은 적자로 산출 불가하고 PBR 3.22는 높은 편이라, 현재 제공된 지표만 보면 20거래일 내 추가 상승을 뒷받침할 저평가 근거가 부족합니다.""]",5.36480686695279,7.725321888412018,3.053478699454024,4.645162803272454
352820,HYBE,2025-03-04,251000,Sell,67,"[""현재가 251,000원은 52주 최고가 262,500원 대비 약 4.4% 낮아 단기적으로 상단 저항 구간에 근접해 추가 상승 여력이 제한적으로 보입니다."", ""최근 1개월 수익률이 11.56%로 이미 단기 상승이 진행된 상태이며, 향후 20거래일 관점에서는 추세 둔화 또는 차익실현 압력이 나타날 가능성을 배제하기 어렵습니다."", ""거래량 변화율이 29.99%로 증가했지만, PER이 적자라 밸류에이션 지표로 상승을 뒷받침하기 어렵고 PBR 3.56은 기대가 이미 상당 부분 반영된 수준으로 해석됩니다.""]",-7.171314741035857,-7.370517928286853,-7.823744445546576,-5.327228494208054
352820,HYBE,2025-04-01,235000,Sell,84,"[""PER 1044.4와 ROE 0.3%는 현재 주가가 이익 창출력 대비 매우 높게 평가되고 있음을 보여 20거래일 내 추가 상승 여력이 제한적으로 보입니다."", ""최근 1개월 수익률이 -8.74%로 약세 흐름이며, 거래량 변화율도 -20.98%로 수급 둔화가 동반되어 단기 반등 신호가 약합니다."", ""현재가 235,000원은 52주 최고가 262,500원 대비 높은 구간(52주 내 73.7%)에 위치해 있어, 상승보다는 조정 가능성을 더 크게 봅니다.""]",-7.526881720430108,14.838709677419354,0.9396726760645198,12.813456869999946
352820,HYBE,2025-05-02,264500,Sell,82,"[""현재가 264,500원은 52주 최고가 267,000원의 97.7% 수준으로, 단기적으로 이미 고점권에 근접해 추가 상승 여력이 제한적입니다."", ""PER 1175.6과 PBR 3.43은 밸류에이션 부담이 큰 편인데 ROE가 0.3%에 불과해 현재 주가를 정당화할 이익 창출력이 매우 약합니다."", ""최근 1개월 수익률이 13.76%로 이미 상승이 진행된 상태이며 거래량 변화율 37.06%도 단기 과열 가능성을 시사해 향후 20거래일 내 조정 위험이 더 큽니다.""]",3.9697542533081283,7.561436672967864,1.375535588299193,-1.6953043325492692
352820,HYBE,2025-06-02,272000,Sell,74,"[""PER 215.9과 PBR 3.45는 현재 주가가 이익과 자산 대비 상당히 높은 수준에 형성되어 있어 20거래일 내 추가 상승 여력이 제한적으로 보입니다."", ""ROE 1.6%로 수익성 대비 밸류에이션 부담이 크며, 이는 단기적으로 주가를 지지할 근거가 약하다는 의미입니다."", ""52주 내 현재 위치가 86.7%로 고점권에 가깝고 최근 1개월 수익률이 7.51%인 반면 거래량 변화율이 -12.19%로 수급 탄력이 약해 단기 조정 가능성이 있습니다.""]",7.473309608540925,3.3807829181494666,2.0890218113386307,-9.08583370352482
352820,HYBE,2025-07-01,313500,Sell,82,"[""현재가가 52주 최고가(313,500원)와 동일해 52주 내 위치가 100.0%로, 단기적으로는 고점권 부담이 큰 상태입니다."", ""최근 1개월 수익률이 15.26%로 이미 강한 상승이 반영되어 있어, 향후 20거래일 내 추가 상승 여력보다 되돌림 위험이 더 커 보입니다."", ""PER 248.8과 PBR 3.98은 밸류에이션 부담이 큰 반면 ROE는 1.6%로 낮아, 현재 주가 수준을 정당화할 실적 효율성이 약합니다.""]",-9.180327868852459,-17.868852459016395,-11.088583317526625,-23.703210162605913
352820,HYBE,2025-08-01,251000,Sell,82,"[""최근 1개월 수익률이 -13.60%로 단기 추세가 이미 약세이며, 향후 20거래일에도 하방 압력이 이어질 가능성이 높습니다."", ""거래량 변화율이 -9.71%로 수급이 둔화되고 있어 반등 동력이 약한 상태로 해석됩니다."", ""PER 199.2와 ROE 1.6%는 이익 대비 밸류에이션 부담이 큰 반면 수익성은 낮아, 현재 주가를 지지할 펀더멘털 근거가 약합니다.""]",10.9404990403071,9.021113243761997,9.065508968033255,8.239602640950467
352820,HYBE,2025-09-01,285000,Sell,78,"[""PER 211.9배와 PBR 3.74배는 현재 주가가 실적과 자산가치 대비 상당히 높은 수준임을 시사하며, ROE 1.8%로 수익성도 낮아 20거래일 내 추가 상승 여력이 제한적입니다."", ""현재가 285,000원은 52주 최고가 313,500원 대비 이미 81.7% 수준까지 올라와 있어 단기적으로 추세 연장보다 차익실현 압력이 커질 수 있습니다."", ""최근 1개월 수익률이 9.83%로 단기 상승은 있었지만, 거래량 변화율 15.07%가 동반된 상태에서 고평가 지표가 우세해 향후 20거래일 방향은 하방 우위로 판단됩니다.""]",2.112676056338028,-6.338028169014084,-0.6518360561338077,-14.289546759333565
352820,HYBE,2025-10-01,268000,Sell,78,"[""PER 199.3과 PBR 3.52는 현재 주가가 실적과 자산가치 대비 높게 형성되어 있어 단기적으로 추가 상승 여력이 제한적으로 보입니다."", ""ROE 1.8%로 수익성 효율이 낮아 고평가를 정당화할 만큼의 이익 창출력이 충분하지 않습니다."", ""최근 1개월 수익률이 -5.63%이고 거래량 변화율도 -27.78%로, 가격 약세와 수급 둔화가 동시에 나타나 향후 20거래일 내 하락 가능성이 더 높습니다.""]",2.0560747663551404,19.439252336448597,-3.555314810480264,5.992879763397134
352820,HYBE,2025-11-03,342500,Sell,78,"[""현재가가 52주 최고가와 동일하고 52주 내 현재 위치가 100.0%로, 단기적으로 가격이 상단에 과도하게 위치해 추가 상승 여력이 제한적입니다."", ""최근 1개월 수익률이 27.56%로 이미 강한 단기 상승이 반영되어 있어, 향후 20거래일 동안은 차익실현 압력이 커질 가능성이 있습니다."", ""PER 254.7과 PBR 4.50은 높은 편인데 ROE가 1.8%에 불과해 밸류에이션 대비 수익성 근거가 약하며, 거래량 변화율 66.23%는 과열 국면의 변동성 확대 신호로 해석됩니다.""]",-16.27565982404692,-12.609970674486803,-15.903244290801265,-9.533357399510702
352820,HYBE,2025-12-01,292000,Sell,78,"[""최근 1개월 수익률이 -14.37%로 단기 추세가 뚜렷하게 약세이며, 향후 20거래일에도 약세 흐름이 이어질 가능성을 시사합니다."", ""거래량 변화율이 -10.53%로 수급이 둔화되고 있어 반등 탄력이 강하게 붙기 어려운 환경입니다."", ""현재 주가는 52주 최고가 대비 67.9% 수준으로 고점 대비 조정이 진행된 상태인데, 적자(PER 해당없음)와 높은 PBR 3.82를 감안하면 단기적으로 밸류에이션 지지가 강하다고 보기 어렵습니다.""]",-2.348993288590604,16.10738255033557,-6.069208661575871,8.229897838463263
329180,HD현대중공업,2023-01-02,117500,Neutral,58,"[""현재 주가는 52주 최고가 대비 크게 낮고(40.8% 위치), 절대적으로는 중간 이하 구간에 있어 추가 하락과 반등 가능성이 모두 열려 있습니다."", ""최근 1개월 수익률이 -0.84%로 약세이며 거래량 변화율도 -22.02%로 수급 모멘텀이 약해 단기 상승 근거가 강하지 않습니다."", ""PER은 적자로 산출 불가하고 ROE도 제시되지 않아 이익 기반의 방향성 판단이 어렵고, PBR 1.86만으로는 20거래일 내 명확한 상승·하락 우위를 확정하기 어렵습니다.""]",-6.986899563318777,-2.8820960698689957,-12.964778302028286,-14.15907156881433
329180,HD현대중공업,2023-02-01,111300,Neutral,61,"[""현재 주가는 52주 최고가 대비 29.8% 수준으로 고점 대비 크게 조정된 상태라 단기 반등 여지는 있으나, 이것만으로 상승을 단정하기는 어렵습니다."", ""최근 1개월 수익률이 -4.05%로 단기 추세가 약하고, 향후 20거래일 내 뚜렷한 상승 신호로 보기에는 부족합니다."", ""거래량 변화율이 46.73%로 급증해 변동성 확대 가능성은 있으나, 적자 상태로 PER이 없고 ROE도 제시되지 않아 펀더멘털 기반의 방향성 판단이 제한됩니다.""]",-3.776978417266187,-6.294964028776978,-4.288951457673168,-4.804004565376572
329180,HD현대중공업,2023-03-02,105900,Sell,74,"[""현재가 105,900원은 52주 최저가 104,000원에 매우 근접해 52주 내 현재 위치가 3.8%에 불과해, 단기적으로 약세 구간에 머물러 있습니다."", ""최근 1개월 수익률이 -4.42%로 음수이고 거래량 변화율도 -6.87%로 감소해, 가격 하락과 수급 둔화가 동시에 나타납니다."", ""PER이 적자로 산출되지 않고 ROE도 N/A인 반면 PBR은 1.68로 존재해, 제공된 데이터만 보면 저평가를 강하게 뒷받침할 만한 이익 기반 신호가 부족합니다.""]",-8.92514395393474,-4.030710172744722,-7.384069889454687,-5.872351243930994
329180,HD현대중공업,2023-04-03,100400,Neutral,61,"[""현재 주가는 52주 최고가 대비 크게 낮고(52주 내 현재 위치 11.1%), 최근 1개월 수익률도 -3.65%로 단기 추세가 약합니다."", ""다만 현재가 100,400원은 52주 최저가 93,800원에 비교적 근접해 있어 추가 하락 여력과 반등 가능성이 동시에 존재합니다."", ""PER·PBR·ROE가 모두 유효하지 않아 펀더멘털 기반의 방향성 판단이 어렵고, 거래량 변화율 11.94%만으로는 20거래일 방향을 확신하기 부족합니다.""]",-2.9585798816568047,7.790927021696252,-5.673747327061173,6.948761499283528
329180,HD현대중공업,2023-05-02,110700,Neutral,61,"[""최근 1개월 수익률이 10.70%로 단기 모멘텀은 양호해 향후 20거래일 추가 상승 가능성을 완전히 배제하기 어렵습니다."", ""다만 현재 주가가 52주 최고가 대비 30.3% 수준에 머물러 있어 추세가 강한 돌파 구간이라고 보기에는 아직 거리감이 있습니다."", ""거래량 변화율이 -9.71%로 상승을 뒷받침하는 수급 확장이 확인되지 않고, 재무지표도 적자 상태라 방향성을 강하게 확신하기 어렵습니다.""]",5.397987191216835,7.410795974382434,5.813754361601423,3.4146338251859825
329180,HD현대중공업,2023-06-01,116600,Neutral,61,"[""현재 주가는 52주 최고가 대비 크게 낮고(52주 내 현재 위치 40.9%), 최근 1개월 수익률도 6.39%로 단기 반등 흐름은 있으나 강한 추세 전환으로 보기에는 아직 중간 수준입니다."", ""거래량 변화율이 -11.06%로 감소해 상승 추세의 신뢰도를 높여주지 못하며, 단기 모멘텀의 지속성을 확신하기 어렵습니다."", ""PER이 적자로 산출되지 않고 ROE도 N/A인 점에서 이익 기반의 명확한 밸류에이션 판단이 어렵고, PBR 1.97은 극단적으로 저평가된 수준도 아니어서 20거래일 방향성을 단정하기 어렵습니다.""]",6.643952299829642,12.095400340715502,5.567976656320101,12.05273035270924
329180,HD현대중공업,2023-07-03,131600,Neutral,61,"[""최근 1개월 수익률이 12.86%로 단기 상승 모멘텀은 존재하지만, 20거래일 추가 상승을 확정할 만큼 강한 추세 신호로 보기는 어렵습니다."", ""현재 주가는 52주 최고가 대비 아직 여유가 있으나 52주 내 위치가 67.9%로 중상단에 있어 추가 상승 여력과 단기 과열 부담이 동시에 존재합니다."", ""거래량 변화율이 -1.40%로 상승을 뒷받침하는 수급 확장이 확인되지 않고, 적자로 인해 PER과 ROE가 부재해 펀더멘털 기반의 방향성 판단도 제한적입니다.""]",2.941176470588235,2.4264705882352944,4.129619040122929,-0.41777094093014355
329180,HD현대중공업,2023-08-01,139300,Neutral,61,"[""현재 주가는 52주 최고가 149,500원 대비 81.7% 수준으로 고점 부담은 크지 않지만, 이미 최근 1개월 수익률이 5.85%로 단기 상승이 진행된 상태라 추가 상승 여력은 제한적으로 보입니다."", ""거래량 변화율이 -7.76%로 수급 강도가 약해진 모습이어서, 향후 20거래일 내 추세 지속을 강하게 뒷받침하는 신호는 부족합니다."", ""PER은 적자로 산출 불가하고 ROE도 N/A로 수익성 판단이 제한되며, PBR 2.35는 자산가치 대비 저평가 신호로 보기 어려워 방향성을 확신하기 어렵습니다.""]",-2.8922631959508314,-5.42299349240781,-2.4584726308000784,-3.122183622621425
329180,HD현대중공업,2023-09-01,128000,Sell,74,"[""최근 1개월 수익률이 -7.45%로 단기 추세가 이미 약세이며, 향후 20거래일에도 반등보다 추가 조정 가능성이 더 높습니다."", ""거래량 변화율이 -28.81%로 수급이 둔화된 상태라 하락 추세의 신뢰도가 높고, 단기 매수세 유입 근거가 약합니다."", ""현재 주가는 52주 최고가 대비 63.3% 수준으로 고점 대비 여전히 낮지만, 적자 상태로 PER이 없고 ROE도 제시되지 않아 상승을 뒷받침할 재무적 근거가 부족합니다.""]",-0.1551590380139643,-13.343677269200931,0.9154335216192435,-6.540945652478478
329180,HD현대중공업,2023-10-04,116500,Sell,78,"[""최근 1개월 수익률이 -11.41%로 단기 추세가 이미 약세이며, 향후 20거래일에도 반등보다 추가 조정 가능성이 더 높습니다."", ""거래량 변화율이 -31.26%로 수급이 둔화된 상태라 하락 추세의 신뢰도가 높아 보입니다."", ""현재 주가는 52주 최고가 대비 크게 낮고(52주 내 현재 위치 42.0%), 적자 상태로 PER과 ROE가 유효하지 않아 상승을 뒷받침할 재무적 근거가 제한적입니다.""]",1.607142857142857,-0.5357142857142857,-0.5791610203742084,0.9312519316263602
329180,HD현대중공업,2023-11-01,102800,Sell,78,"[""최근 1개월 수익률이 -14.55%로 단기 추세가 명확한 하락 국면이며, 향후 20거래일에도 약세 흐름이 이어질 가능성이 높습니다."", ""현재 주가는 52주 최고가 대비 크게 낮고 52주 내 위치가 16.7%에 불과해, 기술적으로도 고점 회복보다 하방 압력이 우세한 구간으로 보입니다."", ""거래량 변화율이 56.59%로 급증해 변동성은 커졌지만, 적자 상태로 PER이 없고 ROE도 확인되지 않아 상승을 뒷받침할 재무적 근거가 제한적입니다.""]",2.4953789279112755,15.711645101663585,-1.0878775847726692,7.510187216450703
329180,HD현대중공업,2023-12-01,128900,Neutral,61,"[""최근 1개월 수익률이 19.13%로 단기 모멘텀은 강하지만, 이미 52주 최고가 대비 현재 위치가 65.0% 수준이라 추가 상승 여력은 제한적으로 보입니다."", ""거래량 변화율이 -1.78%로 상승 추세를 뒷받침하는 수급 확장이 확인되지 않아, 최근 주가 강세의 지속성을 강하게 확신하기 어렵습니다."", ""PER이 적자로 산출되지 않고 PBR 2.17은 시장이 일정 수준의 기대를 반영하고 있음을 시사하지만, ROE가 N/A이고 실적 기반의 방향성을 판단할 수 없어 20거래일 전망은 중립적입니다.""]",-9.043348281016444,-9.641255605381167,-9.457273011130376,-12.506918938648237
329180,HD현대중공업,2024-01-02,127000,Neutral,58,"[""현재 주가는 52주 최고가 대비 61.5% 수준으로 고점 부담은 크지 않지만, 이미 1개월 수익률이 3.50%로 단기 상승이 선반영된 상태입니다."", ""거래량 변화율이 14.22%로 수급 개선 신호는 있으나, 이를 뒷받침할 실적 지표가 없고 PER도 적자라서 밸류에이션 판단이 제한됩니다."", ""PBR 2.14는 자산가치 대비 낮다고 보기 어려운 수준이며, 20거래일 내 추가 상승 또는 하락을 단정할 만큼 방향성이 강하게 한쪽으로 치우치지 않습니다.""]",0.49382716049382713,-6.090534979423869,2.9994747436350693,-1.8631895544456425
329180,HD현대중공업,2024-02-01,112800,Sell,74,"[""최근 1개월 수익률이 -7.16%로 단기 추세가 하락 방향이며, 향후 20거래일에도 약세 흐름이 이어질 가능성을 시사합니다."", ""거래량 변화율이 -20.37%로 수급이 둔화된 상태라 반등 탄력이 강하게 붙기 어려운 환경입니다."", ""52주 최고가 대비 현재 위치가 35.2%에 불과해 고점 대비 회복 여지가 있지만, 현재는 적자 상태로 PER이 없고 ROE도 확인되지 않아 상승 근거보다 불확실성이 더 큽니다.""]",-3.0728709394205445,-2.1071115013169446,-4.385526035757113,-3.1081400600728792
329180,HD현대중공업,2024-03-04,113600,Neutral,61,"[""현재 주가는 52주 최고가 대비 크게 낮고(36.7% 위치), 중장기적으로는 반등 여지가 있으나 방향성을 단정할 수준은 아닙니다."", ""최근 1개월 수익률이 -1.39%로 단기 모멘텀은 약하지만, 하락 폭이 크지 않아 강한 약세 추세로 보기도 어렵습니다."", ""거래량 변화율이 67.25%로 급증해 변동성 확대 신호는 있으나, 상승·하락 어느 쪽으로도 해석 가능해 20거래일 방향을 확신하기 어렵습니다.""]",0.26714158504007124,11.219946571682991,-0.9561542555275989,7.303588150908485
329180,HD현대중공업,2024-04-01,121300,Neutral,61,"[""PER 436.3과 ROE 0.5%는 현재 주가가 이익 창출력 대비 매우 높게 평가되고 있음을 시사해 20거래일 내 추가 상승 근거가 약합니다."", ""최근 1개월 수익률이 2.88%로 완만한 상승세이지만, 52주 최고가 대비 현재 위치가 47.7%에 불과해 강한 추세 돌파 신호로 보기에는 부족합니다."", ""거래량 변화율 23.45%는 관심 증가를 보여주지만, PBR 2.07과 낮은 ROE를 함께 보면 상승과 하락 근거가 혼재되어 방향성을 확신하기 어렵습니다.""]",-6.164931945556445,9.047237790232186,-4.421480783982108,11.571973003587013
329180,HD현대중공업,2024-05-02,136200,Neutral,61,"[""최근 1개월 수익률이 12.28%로 단기 모멘텀은 양호하지만, 52주 최고가 147,800원 대비 현재가 136,200원은 이미 고점권(52주 내 74.6%)에 위치해 추가 상승 여력이 제한적으로 보입니다."", ""PER 489.9와 ROE 0.5%는 현재 이익 대비 밸류에이션 부담이 매우 크고 수익성도 낮아, 향후 20거래일 상승을 강하게 지지하는 재무 근거가 약합니다."", ""거래량 변화율 34.08%로 수급 개선 신호는 있으나, 고평가·저수익성 요인과 단기 상승 모멘텀이 서로 상충해 방향성을 확신하기 어렵습니다.""]",7.410179640718563,-3.0688622754491015,5.5204899936623795,-2.5260154867633213
329180,HD현대중공업,2024-06-03,131800,Sell,78,"[""PER 158.4와 PBR 2.24는 현재 주가가 이익과 자산 대비 높게 평가되어 있어, 향후 20거래일 내 추가 상승 여력이 제한적으로 보입니다."", ""ROE 1.4%로 수익성 효율이 낮아 밸류에이션을 정당화할 만한 펀더멘털 모멘텀이 약합니다."", ""최근 1개월 수익률이 -4.28%로 약세이고, 52주 최고가 대비 현재 위치가 65.0%에 불과해 단기 추세가 강하게 우상향한다고 보기 어렵습니다.""]",0.3861003861003861,17.2972972972973,-2.0957748251989705,12.342186670348637
329180,HD현대중공업,2024-07-01,155100,Sell,78,"[""현재가 155,100원이 52주 최고가 156,400원의 97.6% 수준으로 이미 고점권에 근접해 있어, 향후 20거래일 내 추가 상승 여력보다 되돌림 위험이 더 크게 보입니다."", ""최근 1개월 수익률이 17.41%로 단기 급등한 반면 거래량 변화율은 -38.49%로 수급 확장이 동반되지 않아 상승 지속성에 대한 신뢰도가 낮습니다."", ""PER 186.4, PBR 2.63, ROE 1.4%는 이익 대비 밸류에이션 부담이 크고 수익성도 낮아, 현재 주가 수준을 정당화할 근거가 약합니다.""]",-0.5870841487279843,33.39856490541422,-3.6983518860466544,34.9329823158556
329180,HD현대중공업,2024-08-01,214000,Sell,84,"[""현재 주가가 52주 최고가 214,000원에 도달해 52주 내 위치가 100.0%로, 단기적으로는 상승 여력이 제한되고 차익실현 압력이 커질 수 있습니다."", ""최근 1개월 수익률이 40.88%로 매우 가파른 상승을 보였고 거래량도 26.64% 증가해 과열 이후 되돌림 가능성을 배제하기 어렵습니다."", ""PER 257.2와 PBR 3.63은 현재 이익과 자산 대비 밸류에이션 부담이 큰 수준인데 ROE가 1.4%에 불과해 향후 20거래일 내 추가 상승을 뒷받침할 근거가 약합니다.""]",1.4354066985645932,-11.24401913875598,4.714695538295711,-11.42375226682237
329180,HD현대중공업,2024-09-02,185500,Sell,84,"[""최근 1개월 수익률이 -13.32%로 단기 추세가 뚜렷하게 약세이며, 향후 20거래일에도 반등보다 추가 조정 가능성이 더 높습니다."", ""현재 주가는 52주 최고가 대비 아직 73.2% 수준이지만, 고점 대비 충분히 조정되지 않은 상태에서 모멘텀이 약해 추세 전환 근거가 약합니다."", ""PER 80.8과 PBR 3.06은 ROE 3.8% 대비 밸류에이션 부담이 큰 편이고, 거래량 변화율도 -2.99%로 수급 개선 신호가 약합니다.""]",-5.039787798408488,-4.6684350132626,0.2592593488502404,-2.0312958982635196
329180,HD현대중공업,2024-10-02,183100,Sell,74,"[""최근 1개월 수익률이 -4.24%로 단기 추세가 약하고, 향후 20거래일에도 모멘텀 회복 근거가 뚜렷하지 않습니다."", ""거래량 변화율이 -36.56%로 수급 참여가 줄어든 상태라 단기 반등의 신뢰도가 낮습니다."", ""PER 79.7과 PBR 3.02는 밸류에이션 부담이 큰 반면 ROE 3.8%는 수익성 대비 가격 부담을 뒷받침하지 못합니다.""]",0.1078167115902965,-5.660377358490567,-1.9772434702979291,-6.409878274936382
329180,HD현대중공업,2024-11-01,174200,Sell,78,"[""최근 1개월 수익률이 -5.63%로 단기 추세가 약하고, 향후 20거래일에도 모멘텀 약세가 이어질 가능성이 있습니다."", ""거래량 변화율이 -19.26%로 감소해 매수세 유입이 둔화된 모습이며, 단기 반등 동력이 강하지 않습니다."", ""PER 75.8과 PBR 2.87은 밸류에이션 부담이 큰 반면 ROE 3.8%는 수익성 대비 가격 부담을 충분히 정당화하지 못합니다.""]",21.142857142857142,20.57142857142857,23.356478776170775,25.766158521949425
329180,HD현대중공업,2024-12-02,211000,Neutral,66,"[""최근 1개월 수익률이 21.13%로 단기 모멘텀은 강하지만, 이미 52주 최고가 대비 76.6% 수준까지 올라와 추가 상승 여력은 제한적으로 보입니다."", ""거래량 변화율이 135.11%로 수급 유입은 확인되지만, PER 65.5와 PBR 3.43은 현재 주가가 실적 대비 비싸게 평가되고 있음을 시사합니다."", ""ROE 5.2%는 자본효율성이 높다고 보기 어렵고, 시가총액 22.1조원 규모를 감안하면 향후 20거래일 내 방향성을 강하게 단정할 만한 근거가 부족합니다.""]",2.112676056338028,34.037558685446015,5.402944445602449,36.36466560116938
329180,HD현대중공업,2025-01-02,289000,Sell,74,"[""현재가 289,000원은 52주 최고가 298,000원 대비 약 95.2% 수준으로, 단기적으로 이미 고점권에 근접해 추가 상승 여력이 제한적입니다."", ""최근 1개월 수익률이 31.36%로 급등한 반면 거래량 변화율은 -20.26%로 감소해, 상승 추세의 지속성보다 단기 과열 및 둔화 가능성이 더 크게 보입니다."", ""PER 89.7과 PBR 4.70은 현재 ROE 5.2% 대비 밸류에이션 부담이 큰 편이라, 향후 20거래일 관점에서 주가 하락 압력이 우세합니다.""]",9.98248686514886,6.129597197898424,6.957817752319606,2.246177593652588
329180,HD현대중공업,2025-02-03,311500,Sell,74,"[""현재 주가는 52주 최고가의 92.9% 수준으로 이미 고점권에 근접해 있어, 향후 20거래일 내 추가 상승 여력보다 되돌림 위험이 더 크게 보입니다."", ""PER 96.7과 PBR 5.06은 밸류에이션 부담이 큰 수준인데 ROE 5.2%는 이를 충분히 정당화하기 어려워 단기 주가 상단을 제한할 가능성이 있습니다."", ""최근 1개월 수익률이 4.53%로 이미 상승이 진행된 상태이며 거래량 변화율 20.37%는 단기 과열 또는 차익실현 구간 진입 가능성을 시사합니다.""]",-4.5241809672386895,-1.0920436817472698,-6.835509134737455,-4.1722027668868344
329180,HD현대중공업,2025-03-04,314500,Neutral,61,"[""PER 97.6과 PBR 5.11은 현재 주가가 실적·자산 대비 상당히 높은 수준임을 시사해 20거래일 내 추가 상승 여력이 제한적입니다."", ""ROE 5.2%는 자본효율성이 높다고 보기 어려워, 높은 밸류에이션을 정당화할 만큼의 강한 펀더멘털 모멘텀이 확인되지 않습니다."", ""52주 고점 대비 현재 위치가 79.9%로 고점권에 가깝고 최근 1개월 수익률도 1.13%에 그쳐 추세가 강하지 않지만, 거래량 변화율 56.01%는 방향성을 단정하기엔 해석이 엇갈립니다.""]",-6.624605678233439,-8.201892744479496,-7.277035382744158,-6.1586033104006965
329180,HD현대중공업,2025-04-01,291000,Neutral,61,"[""현재 주가는 52주 최고가 대비 70.5% 수준으로 고점 대비 조정은 있었지만, 아직 52주 범위의 중상단에 위치해 있어 단기 방향성이 뚜렷하지 않습니다."", ""최근 1개월 수익률이 -1.69%이고 거래량 변화율이 -54.18%로, 가격 약세와 수급 둔화가 동시에 나타나 20거래일 내 강한 상승 근거가 부족합니다."", ""PER 41.6과 PBR 4.53은 밸류에이션 부담이 있는 편이지만 ROE 10.9%는 수익성은 양호해, 하락 압력과 펀더멘털 지지가 혼재되어 있습니다.""]",0.859106529209622,38.144329896907216,9.32566092570425,36.11907708948781
329180,HD현대중공업,2025-05-02,408500,Neutral,66,"[""현재가가 52주 최고가와 동일하고 52주 내 현재 위치가 100.0%로, 단기적으로는 이미 강한 상승이 상당 부분 반영된 상태입니다."", ""최근 1개월 수익률이 40.38%로 매우 높아 추세는 강하지만, 향후 20거래일 추가 상승 여력은 기술적으로 과열 부담이 존재합니다."", ""PER 58.4와 PBR 6.36은 밸류에이션 부담이 큰 편이어서, ROE 10.9%가 양호하더라도 추가 상승을 강하게 뒷받침한다고 보기 어렵습니다.""]",0.12033694344163659,2.286401925391095,-2.473881721567299,-6.970339080126038
329180,HD현대중공업,2025-06-02,428000,Neutral,66,"[""현재가가 52주 최고가와 동일해 52주 내 위치가 100.0%로, 단기적으로는 추가 상승 여력이 제한될 수 있어 추격 매수 근거가 약합니다."", ""최근 1개월 수익률이 6.07%로 단기 모멘텀은 양호하지만, 거래량 변화율이 -41.79%로 상승 추세의 신뢰도는 다소 약합니다."", ""PER 43.3과 PBR 6.54는 높은 편이라 밸류에이션 부담이 존재하지만, ROE 15.1%는 수익성 측면에서 이를 일부 상쇄해 방향성을 단정하기 어렵습니다.""]",-1.9859813084112148,-7.943925233644859,-7.370269105613509,-20.410541855319146
329180,HD현대중공업,2025-07-01,420500,Sell,67,"[""현재 주가는 52주 최고가의 87.0% 수준으로 고점권에 근접해 있어, 향후 20거래일 내 추가 상승 여력이 제한될 가능성이 있습니다."", ""PER 42.6배와 PBR 6.43배는 절대적으로 높은 편이라 단기적으로 밸류에이션 부담이 주가 상단을 제약할 수 있습니다."", ""최근 1개월 수익률은 3.70%로 이미 상승이 진행된 상태인데, 거래량 변화율 44.53%는 단기 과열 또는 변동성 확대 신호로 해석될 수 있어 조정 가능성을 배제하기 어렵습니다.""]",-3.067484662576687,15.58282208588957,-4.975740111250854,9.74846438230005
329180,HD현대중공업,2025-08-01,476500,Sell,74,"[""현재가 476,500원은 52주 최고가 490,500원의 95.7% 수준으로, 단기적으로 이미 고점권에 근접해 추가 상승 여력이 제한적입니다."", ""최근 1개월 수익률이 20.94%로 강한 단기 상승이 이미 반영되어 있어 20거래일 관점에서는 차익실현 압력이 커질 수 있습니다."", ""거래량 변화율이 -17.40%로 상승 추세 대비 수급 동력이 약해졌고, PER 48.2와 PBR 7.29는 현재 주가가 높은 기대를 상당 부분 반영하고 있음을 시사합니다.""]",0.10787486515641855,10.895361380798274,-1.7671152071174274,10.113850777986745
329180,HD현대중공업,2025-09-01,510000,Sell,74,"[""현재가 510,000원은 52주 최고가 521,000원 대비 매우 근접해 52주 내 현재 위치가 96.8%로, 단기적으로 추가 상승 여력이 제한적입니다."", ""PER 48.5와 PBR 7.32는 절대 수준이 높은 편이라 향후 20거래일 내 주가가 더 오르기 위해서는 강한 추가 모멘텀이 필요한데, 제공된 데이터에서는 그 근거가 충분하지 않습니다."", ""최근 1개월 수익률이 3.98%로 이미 상승이 진행된 상태이고 거래량 변화율 18.89%도 과열 또는 단기 소진 가능성을 시사해, 단기 조정 위험이 상승 가능성보다 더 커 보입니다.""]",-1.9455252918287937,0.19455252918287938,-4.710037404300629,-7.7569660611366
329180,HD현대중공업,2025-10-01,528000,Neutral,66,"[""주가가 52주 최고가(528,000원)와 동일해 52주 내 현재 위치가 100.0%로, 단기적으로 추가 상승 여력이 제한될 수 있습니다."", ""최근 1개월 수익률이 2.72%로 상승세는 있으나 크지 않고, 거래량 변화율이 -38.02%로 수급 강도가 약해 보입니다."", ""PER 50.2와 PBR 7.58은 높은 편이지만 ROE 15.1%로 수익성은 양호해, 고평가 부담과 실적 질이 서로 상쇄되어 방향성을 단정하기 어렵습니다.""]",-3.787878787878788,-0.5681818181818182,-9.399268364714192,-14.01455439123328
329180,HD현대중공업,2025-11-03,607000,Sell,74,"[""현재가 607,000원은 52주 최고가 624,000원 대비 매우 근접해 52주 내 현재 위치가 96.2%로, 단기적으로 추가 상승 여력이 제한적입니다."", ""최근 1개월 수익률이 23.50%로 이미 강한 단기 상승이 반영되어 있어 향후 20거래일 동안은 차익실현 압력이 커질 수 있습니다."", ""PER 57.7과 PBR 8.72는 밸류에이션 부담이 큰 수준이며, 시가총액 63.7조원인 대형주에서 이런 고평가 구간은 추가 상승보다 조정 가능성을 더 높입니다.""]",-5.82010582010582,-8.289241622574956,-5.447690286860165,-5.212628347598855
329180,HD현대중공업,2025-12-01,515000,Neutral,66,"[""ROE 20.0%로 수익성은 양호하지만 PER 35.4배와 PBR 7.07배는 이미 높은 기대가 반영된 수준이라 추가 상승 여력이 제한적일 수 있습니다."", ""최근 1개월 수익률이 -14.17%로 단기 모멘텀이 약하고, 52주 최고가 대비 현재 위치가 73.8%로 고점권에서 조정이 진행된 상태입니다."", ""거래량 변화율이 56.75%로 수급 변화는 감지되지만, 방향성이 상승 전환인지 하락 지속인지 데이터만으로는 확신하기 어렵습니다.""]",10.961538461538462,-3.076923076923077,7.2413230885531945,-10.954407788795383
012450,한화에어로스페이스,2023-01-02,74972,Neutral,61,"[""PER 15.2와 PBR 1.24는 절대적으로 과열된 수준은 아니지만, ROE 8.2%로 수익성 개선이 강하게 확인되지는 않아 밸류에이션만으로 상승을 단정하기 어렵습니다."", ""현재 주가는 52주 최고가 대비 하단에서 멀지 않은 73.0% 위치에 있어 추가 상승 여력은 남아 있으나, 최근 1개월 수익률이 1.94%로 강한 모멘텀은 아닙니다."", ""거래량 변화율이 -39.07%로 수급이 약화된 모습이라 단기 20거래일 내 뚜렷한 상승 추세를 확신하기 어렵고, 동시에 급락을 시사할 만큼의 명확한 악재도 부족합니다.""]",-4.762690425122367,12.744046636968598,-10.740569163831875,1.4670711380232646
012450,한화에어로스페이스,2023-02-01,82307,Neutral,66,"[""현재 주가는 52주 최고가의 89.5% 수준으로 고점 부근에 위치해 있어 추가 상승 여력보다 단기 과열·저항 부담이 존재합니다."", ""최근 1개월 수익률이 9.78%로 이미 단기 상승이 진행되었고, 거래량 변화율 66.60%는 추세 지속 가능성을 시사하지만 동시에 단기 변동성 확대 신호로도 해석됩니다."", ""PER 16.6, PBR 1.36, ROE 8.2%는 극단적으로 저평가되거나 고평가된 수준은 아니어서 향후 20거래일 방향을 강하게 단정할 만한 재무적 우위가 뚜렷하지 않습니다.""]",5.0938403190205,16.398580505115792,4.581867278613519,17.889539968516196
012450,한화에어로스페이스,2023-03-02,92595,Sell,78,"[""현재가 92,595원은 52주 최고가 93,920원의 97.4% 수준으로, 단기적으로 이미 고점권에 근접해 추가 상승 여력이 제한적입니다."", ""최근 1개월 수익률이 13.06%로 강한 상승이 선반영된 반면 거래량 변화율이 -23.99%로 수급 동력이 약해져 단기 추세 지속성이 떨어질 수 있습니다."", ""PER 18.7과 PBR 1.53은 극단적으로 저평가된 수준이 아니고 ROE 8.2%도 강한 재평가를 정당화할 만큼 높지 않아, 향후 20거래일 내 추가 상승 근거보다 조정 가능성이 더 큽니다.""]",2.027281870756852,5.86916436174671,3.5683559352369043,4.027523290560438
012450,한화에어로스페이스,2023-04-03,104513,Sell,74,"[""현재가가 52주 최고가와 동일해 52주 내 위치가 100.0%로, 단기적으로는 고점권 부담이 큰 상태입니다."", ""최근 1개월 수익률이 9.50%로 이미 단기 상승이 진행된 반면 거래량 변화율이 -6.88%로 수급 확장이 동반되지 않아 추가 상승 탄력이 약해 보입니다."", ""PER 26.4와 PBR 1.85는 현재 ROE 7.0% 대비 밸류에이션 부담이 있는 편이라, 향후 20거래일 기준으로는 상승 여력보다 조정 가능성을 더 크게 봅니다.""]",4.65184238162641,-0.5579653897082325,1.9366749362220412,-1.4001309121209569
012450,한화에어로스페이스,2023-05-02,109607,Neutral,66,"[""최근 1개월 수익률이 8.47%로 단기 모멘텀은 양호하지만, 52주 최고가 대비 현재 위치가 87.2%로 이미 고점권에 가까워 추가 상승 여력은 제한적으로 보입니다."", ""거래량 변화율이 58.41%로 수급 개선 신호는 있으나, 현재가 109,607원이 52주 최고가 119,488원에 근접해 있어 추격 매수의 기대수익 대비 위험이 커 보입니다."", ""PER 27.6과 PBR 1.94는 시장이 일정 수준의 성장 기대를 반영한 상태로 해석되며, ROE 7.0%는 밸류에이션을 강하게 정당화할 만큼 높은 수익성은 아닙니다.""]",-0.3737579664627987,3.6475838889195,0.042009203921789584,-0.3485782602769514
012450,한화에어로스페이스,2023-06-01,110015,Neutral,66,"[""PER 9.8과 ROE 17.7%는 수익성 대비 밸류에이션이 과도하게 비싸지 않음을 시사해 하방을 강하게 단정하기는 어렵습니다."", ""현재 주가는 52주 최고가의 87.7% 수준으로 고점권에 근접해 있어 추가 상승 여력은 제한적일 수 있으나, 아직 추세가 완전히 꺾였다고 보긴 어렵습니다."", ""최근 1개월 수익률은 5.16%로 양호하지만 거래량 변화율이 -29.89%로 수급 동력이 약해 보여 향후 20거래일 방향성을 확신하기 어렵습니다.""]",-2.3452589796750125,17.419772119150142,-3.421234623184553,17.377102131143882
012450,한화에어로스페이스,2023-07-03,132527,Neutral,66,"[""최근 1개월 수익률이 20.46%로 단기 상승 모멘텀은 강하지만, 52주 최고가 대비 현재 위치가 87.7%로 이미 고점권에 근접해 추가 상승 여력이 제한적일 수 있습니다."", ""PER 11.8과 ROE 17.7%는 수익성 대비 밸류에이션이 과도하게 비싸 보이지 않지만, PBR 2.08은 자산가치 대비 프리미엄이 존재해 단기적으로는 추격 매수 근거가 강하지 않습니다."", ""거래량 변화율이 17.92%로 수급 개선 신호는 있으나, 현재가가 52주 최고가 145,158원에 가까워 향후 20거래일 방향성을 단정하기에는 상승과 조정 가능성이 균형을 이룹니다.""]",7.213190515589943,-7.745402774361383,8.401633085124637,-10.589644303526821
012450,한화에어로스페이스,2023-08-01,123766,Neutral,61,"[""PER 11.0과 ROE 17.8%는 밸류에이션과 수익성 측면에서 과도하게 비싸다고 보긴 어렵지만, 이것만으로 향후 20거래일 주가 상승을 강하게 뒷받침하진 않습니다."", ""주가는 52주 최고가 대비 아직 76.7% 수준으로 고점 부담이 완전히 해소되지 않았고, 최근 1개월 수익률이 -6.61%로 단기 모멘텀은 약합니다."", ""거래량 변화율이 -13.52%로 수급이 둔화된 모습이라 단기 반등 또는 추가 하락 중 어느 쪽도 확신하기 어려워 Neutral이 적절합니다.""]",-2.3177005030352777,-5.4634994677090365,-1.8839099378845245,-3.1626895979226517
012450,한화에어로스페이스,2023-09-01,116737,Neutral,61,"[""PER 7.3과 ROE 23.2%는 밸류에이션과 수익성 측면에서 우호적이지만, 이것만으로 향후 20거래일 주가 상승을 단정하기는 어렵습니다."", ""최근 1개월 수익률이 -5.13%로 단기 모멘텀이 약하고, 거래량 변화율이 -50.72%로 수급 동력도 둔화된 상태입니다."", ""현재 주가는 52주 최고가 대비 69.0% 수준으로 중간 이상 위치에 있어 추가 상승 여력과 단기 조정 가능성이 함께 존재해 방향성이 뚜렷하지 않습니다.""]",6.37539010254124,-13.712747350732194,7.445982662174448,-6.910015734009741
012450,한화에어로스페이스,2023-10-04,104107,Neutral,61,"[""PER 6.5와 ROE 23.2%는 수익성 대비 밸류에이션이 과도하게 비싸지 않음을 시사해 중기적으로는 하방을 강하게 단정하기 어렵습니다."", ""다만 최근 1개월 수익률이 -11.28%로 약세 흐름이 뚜렷하고 거래량 변화율도 -3.33%로 수급 개선 신호가 약합니다."", ""52주 최고가 대비 현재 위치가 55.2%로 극단적 고점·저점 구간은 아니어서, 상승·하락 어느 한 방향의 근거가 압도적이지 않습니다.""]",7.395987706507793,21.580250842939698,5.209683828990727,23.047217060280342
012450,한화에어로스페이스,2023-11-01,115617,Buy,78,"[""PER 7.3과 PBR 1.68은 현재 주가가 이익과 자산 대비 과도하게 비싸지 않음을 시사해 20거래일 내 추가 상승 여지가 있습니다."", ""ROE 23.1%로 수익성은 높은 편이며, 이는 밸류에이션을 지지하는 기본 체력으로 작용합니다."", ""최근 1개월 수익률이 8.92%로 양호하고 거래량 변화율도 29.97%로 증가해 단기 모멘텀이 우호적입니다.""]",7.7122659566323275,9.098874550202888,4.129009443948383,0.8974166649900059
012450,한화에어로스페이스,2023-12-01,138537,Neutral,66,"[""PER 10.9와 ROE 18.4%는 수익성 대비 밸류에이션이 과도하게 비싸 보이지 않아 중립적이지만, 이것만으로 향후 20거래일 상승을 강하게 뒷받침하진 않습니다."", ""주가가 52주 최고가의 91.5% 수준에 위치해 단기적으로는 강한 추세가 이어졌을 가능성이 있으나, 현재가가 고점권에 근접해 추가 상승 여력과 되돌림 위험이 동시에 존재합니다."", ""최근 1개월 수익률이 17.85%로 강했지만 거래량 변화율이 -13.19%로 수급 확장이 확인되지 않아, 상승 지속과 단기 조정 가능성이 균형을 이룹니다.""]",-6.941417812448981,-4.337765032403694,-7.355342542562912,-7.203428365670764
012450,한화에어로스페이스,2024-01-02,132119,Buy,74,"[""PER 10.4와 ROE 18.4%는 수익성 대비 밸류에이션이 과도하게 비싸지 않아 20거래일 관점에서 하방 압력보다 지지 요인으로 해석됩니다."", ""현재 주가는 52주 최고가 대비 아직 83.1% 수준으로 고점 부근이지만, 최근 1개월 수익률이 5.36%로 상승 추세가 이어지고 있습니다."", ""거래량 변화율이 28.92%로 증가해 단기 모멘텀이 살아 있는 모습이며, 이는 향후 20거래일 내 추가 상승 가능성을 뒷받침합니다.""]",2.250583634663112,3.601228394470752,4.756231217804354,7.8285738194489785
012450,한화에어로스페이스,2024-02-01,135074,Neutral,61,"[""PER 10.7과 ROE 18.4%는 밸류에이션과 수익성 측면에서 무난하지만, PBR 1.96과 시가총액 7.0조원만으로는 향후 20거래일 내 추가 상승 여력을 강하게 뒷받침하기 어렵습니다."", ""현재 주가는 52주 최고가 대비 78.2% 수준으로 고점 대비 여유가 있으나, 최근 1개월 수익률이 -0.53%로 단기 모멘텀이 뚜렷하게 우상향한다고 보기 어렵습니다."", ""거래량 변화율 25.68%는 관심 증가 신호일 수 있지만, 가격 방향성이 확인되지 않아 상승과 하락 근거가 균형을 이루는 구간으로 판단됩니다.""]",2.798776231565503,54.31215006014881,1.4861211352289339,53.311121501392876
012450,한화에어로스페이스,2024-03-04,191099,Sell,74,"[""현재가 191,099원은 52주 최고가 198,128원의 93.6% 수준으로 고점 부근에 위치해 있어, 향후 20거래일 내 추가 상승 여력이 제한적입니다."", ""최근 1개월 수익률이 42.23%로 단기간 급등한 상태라 단기 과열 및 차익실현 압력이 커질 가능성이 있습니다."", ""거래량 변화율이 75.22%로 급증했지만, 이미 높은 가격대에서의 거래 증가라는 점은 추세 지속보다 변동성 확대와 되돌림 위험을 더 크게 시사합니다.""]",0.0,30.059812351330017,-1.2232958405676702,26.14345393055551
012450,한화에어로스페이스,2024-04-01,212899,Neutral,66,"[""PER 13.2와 ROE 23.1%는 수익성 대비 밸류에이션이 과도하게 비싸다고 보긴 어렵지만, PBR 3.05와 시가총액 11.0조원은 이미 상당한 기대가 반영된 수준입니다."", ""현재 주가는 52주 최고가 227,160원 대비 89.3% 위치로 고점권에 근접해 있어 추가 상승 여력보다 단기 과열 부담이 먼저 보입니다."", ""최근 1개월 수익률이 11.47%로 강세이지만 거래량 변화율이 -11.92%로 동반되지 않아 상승 추세의 지속성을 강하게 확신하기 어렵습니다.""]",-13.27837000044807,-8.506417593697682,-11.534918838873734,-5.981682380342855
012450,한화에어로스페이스,2024-05-02,224614,Neutral,66,"[""PER 13.9와 ROE 23.1%는 수익성 대비 밸류에이션이 과도하게 비싸다고 보긴 어렵지만, PBR 3.22와 시가총액 11.6조원은 이미 상당한 기대가 반영된 수준으로 추가 상승 여력 판단이 제한적입니다."", ""현재 주가는 52주 최고가의 85.8% 수준으로 고점권에 근접해 있어 추세가 강하다고 볼 수 있으나, 최근 1개월 수익률 5.50%는 상승 탄력이 매우 강한 수준은 아닙니다."", ""거래량 변화율이 -10.79%로 수급이 둔화된 모습이라 단기 20거래일 내 추가 상승을 강하게 확신하기 어렵고, 동시에 뚜렷한 하락 신호도 부족해 Neutral이 적절합니다.""]",2.7837883391566183,-2.0886384446134993,0.8940986921004348,-1.5457916559277192
012450,한화에어로스페이스,2024-06-03,227160,Neutral,66,"[""현재 주가는 52주 최고가의 87.5% 수준으로 고점권에 위치해 있어 추가 상승 여력보다 단기 과열·숨고르기 가능성이 함께 존재합니다."", ""최근 1개월 수익률은 5.44%로 상승 추세는 유지되고 있으나, 거래량 변화율이 -44.37%로 수급 강도가 약해 추세 지속 신뢰도는 제한적입니다."", ""PER 29.2와 PBR 3.31은 밸류에이션 부담이 있는 편이지만 ROE 11.3%는 수익성은 양호해 상승·하락 근거가 혼재되어 방향성을 확신하기 어렵습니다.""]",0.4740946142107418,10.426824729221721,-2.007780597088615,5.47171410227306
012450,한화에어로스페이스,2024-07-01,248043,Neutral,66,"[""현재 주가는 52주 최고가의 95.2% 수준으로 고점 부근에 위치해 있어 추가 상승 여력보다 단기 과열·차익실현 부담이 커 보입니다."", ""최근 1개월 수익률이 19.36%로 강한 상승세를 보였고 거래량 변화율도 89.15%로 급증해 모멘텀은 긍정적이지만, 이미 상당 부분 반영됐을 가능성이 있습니다."", ""PER 31.9와 PBR 3.61은 밸류에이션 부담이 있는 편이며 ROE 11.3%는 양호하지만 현재 가격 수준을 정당화할 만큼 압도적이라고 보긴 어렵습니다.""]",7.23398389198944,35.53203221602112,4.122716154670769,37.0664496264625
012450,한화에어로스페이스,2024-08-01,309163,Neutral,66,"[""주가가 52주 최고가의 91.7% 수준에 위치해 있어 단기적으로는 상승 여력이 제한적일 수 있으나, 추세가 이미 강하게 형성된 상태로 방향성은 여전히 열려 있습니다."", ""최근 1개월 수익률이 30.26%로 매우 높고 거래량도 50.87% 증가해 모멘텀은 강하지만, 이런 급등 이후 20거래일 구간에서는 추가 상승과 되돌림 가능성이 함께 존재합니다."", ""PER 39.7과 PBR 4.51은 밸류에이션 부담을 시사하지만 ROE 11.3%는 수익성은 양호함을 보여주어, 상승·하락 근거가 균형을 이루는 상황입니다.""]",5.017459713579173,0.3461371232913938,8.296748553310291,0.16640399522500293
012450,한화에어로스페이스,2024-09-02,295411,Sell,74,"[""현재 주가는 52주 최고가 대비 85.8% 수준으로 고점권에 위치해 있어, 향후 20거래일 내 추가 상승 여력보다 되돌림 위험이 더 크게 보입니다."", ""최근 1개월 수익률이 -4.45%로 단기 모멘텀이 약하고, 거래량 변화율도 -35.66%로 수급 둔화가 확인됩니다."", ""PER 53.8과 PBR 4.09는 현재가가 실적·자산 대비 높은 편인데 ROE는 7.6%에 그쳐 밸류에이션 부담을 정당화할 성장/수익성 근거가 제한적입니다.""]",0.0,21.500214954757947,5.299047147258729,24.137354069757027
012450,한화에어로스페이스,2024-10-02,304766,Neutral,61,"[""현재 주가는 52주 최고가의 89.8% 수준으로 고점권에 위치해 있어 추가 상승 여력보다 단기 과열·저항 부담이 상대적으로 커 보입니다."", ""최근 1개월 수익률은 3.17%로 상승세가 있긴 하지만 강한 추세라고 보기에는 제한적이며, 향후 20거래일 방향성을 단정하기 어렵습니다."", ""거래량 변화율이 -76.91%로 크게 감소해 상승 추세의 신뢰도가 약하고, PER 55.5와 PBR 4.22는 밸류에이션 부담을 시사하지만 ROE 7.6%는 이를 강하게 상쇄할 만큼 높지 않습니다.""]",5.629509716012012,8.740800028886255,3.5444495341237863,7.99129911244044
012450,한화에어로스페이스,2024-11-01,372711,Sell,78,"[""현재가가 52주 최고가의 95.0% 수준으로 이미 고점권에 위치해 있어, 향후 20거래일 내 추가 상승 여력보다 단기 조정 위험이 더 크게 보입니다."", ""최근 1개월 수익률이 27.44%로 단기간 급등했고 거래량 변화율도 196.24%로 과열 신호가 강해, 상승 지속보다는 차익실현 압력이 우세할 가능성이 있습니다."", ""PER 67.8과 PBR 5.16은 현재 주가가 재무지표 대비 높은 평가를 받고 있음을 시사하는 반면 ROE 7.6%는 그 밸류에이션을 강하게 정당화하기에는 부족합니다.""]",13.351338039276452,-12.534208480105816,15.564959672590085,-7.3394785295849605
012450,한화에어로스페이스,2024-12-02,316090,Neutral,62,"[""ROE 19.8%로 수익성은 양호하지만 PER 26.5배와 PBR 5.26배는 이미 높은 밸류에이션을 시사해 추가 상승 여력이 제한적일 수 있습니다."", ""최근 1개월 수익률이 -15.19%로 단기 추세가 약세이며, 52주 최고가 대비 현재 위치가 67.6%로 고점 대비 조정이 진행된 상태입니다."", ""거래량 변화율이 16.58%로 수급 변화는 있으나, 가격 하락 추세를 반전시킬 만큼 강한 방향성 신호로 보기에는 근거가 부족합니다.""]",-14.032377100821428,6.942536046225571,-10.742108711557007,9.269642961948936
012450,한화에어로스페이스,2025-01-02,357940,Neutral,62,"[""최근 1개월 수익률이 16.32%로 단기 상승 모멘텀은 있으나, 52주 최고가 대비 현재 위치가 81.8%로 이미 고점권에 가까워 추가 상승 여력이 제한될 수 있습니다."", ""PER 30.1과 PBR 5.96은 밸류에이션 부담이 있는 수준이어서, 향후 20거래일 내 추가 상승을 강하게 뒷받침하기에는 근거가 약합니다."", ""ROE 19.8%로 수익성은 양호하지만 거래량 변화율이 -2.94%로 수급 확장 신호가 약해 상승·하락 어느 한쪽으로도 확신하기 어렵습니다.""]",4.5581168311998725,16.16016248530703,1.5334477183706183,12.276742881061192
012450,한화에어로스페이스,2025-02-03,386497,Sell,74,"[""현재 주가가 52주 최고가의 91.6% 수준으로 고점권에 위치해 있어 20거래일 내 추가 상승 여력이 제한적입니다."", ""최근 1개월 수익률이 21.33%로 단기 급등한 반면 거래량 변화율은 -29.48%로 감소해 상승 추세의 지속성이 약해 보입니다."", ""PER 32.5와 PBR 6.43은 높은 밸류에이션 부담을 시사하며, 현재 가격 수준에서 추가 매수 근거보다 조정 가능성이 더 큽니다.""]",22.509380886475036,70.97196476484079,20.19805271897627,67.89180567970122
012450,한화에어로스페이스,2025-03-04,690278,Sell,82,"[""현재가가 52주 최고가와 동일하고 52주 내 현재 위치가 100.0%로, 단기적으로 가격이 극단적 고점 구간에 있어 추가 상승 여력이 제한적입니다."", ""최근 1개월 수익률이 75.25%로 매우 가파른 상승을 보였고 거래량 변화율도 142.13%로 급증해, 단기 과열 및 차익실현 압력이 커질 가능성이 높습니다."", ""PER 58.0과 PBR 11.49는 높은 밸류에이션 수준이며, ROE 19.8%가 양호하더라도 현재 주가에는 이미 상당 부분 반영된 것으로 해석됩니다.""]",-4.316524686938352,-4.604234551485307,-4.968954391449071,-2.5609451174065083
012450,한화에어로스페이스,2025-04-01,662707,Neutral,61,"[""최근 1개월 수익률이 13.30%로 단기 모멘텀은 양호하지만, 거래량 변화율이 -23.04%로 상승 추세의 신뢰도는 다소 약합니다."", ""현재 주가는 52주 최고가 대비 84.2% 수준으로 고점권에 근접해 있어 추가 상승 여력보다 단기 과열·숨고르기 가능성도 함께 존재합니다."", ""PER 14.4와 ROE 41.9%는 수익성 측면에서 긍정적이지만, PBR 6.05와 시가총액 34.2조원은 이미 높은 기대가 반영된 상태로 보여 20거래일 방향성을 단정하기 어렵습니다.""]",4.2231106209600835,20.211071286340104,12.689665017454711,18.185818478920694
012450,한화에어로스페이스,2025-05-02,805489,Sell,78,"[""현재가가 52주 최고가의 98.1% 수준으로 이미 고점권에 근접해 있어 향후 20거래일 내 추가 상승 여력이 제한적입니다."", ""최근 1개월 수익률이 23.38%로 단기간 급등한 상태라 단기 과열 및 차익실현 압력이 커질 수 있습니다."", ""거래량 변화율이 -40.16%로 상승 추세를 뒷받침하는 수급 확장이 약해, 고점 부근에서 추세 지속 신뢰도가 낮습니다.""]",-7.865237771398056,3.2647640086354444,-10.459456436406992,-5.991976996881689
012450,한화에어로스페이스,2025-06-02,835000,Sell,72,"[""현재가 835,000원은 52주 최고가 887,000원 대비 92.4% 수준으로 고점권에 위치해 있어 20거래일 내 추가 상승 여력이 제한적으로 보입니다."", ""최근 1개월 수익률이 4.82%로 이미 단기 상승이 반영된 반면, 거래량 변화율이 -21.17%로 수급 강도가 약해 추세 지속 신호가 강하지 않습니다."", ""PER 17.4와 PBR 9.69는 높은 밸류에이션 부담을 시사하는데, 현재 주가 수준에서 이를 추가로 정당화할 단기 모멘텀이 데이터상 뚜렷하지 않습니다.""]",12.781065088757396,-3.3136094674556213,7.396777291555102,-15.780226089129908
012450,한화에어로스페이스,2025-07-01,839000,Neutral,61,"[""ROE 55.8%와 PER 17.4는 수익성 대비 밸류에이션이 과도하게 비싸다고만 보긴 어렵지만, PBR 9.73과 시가총액 43.3조원은 이미 높은 기대가 상당 부분 반영된 상태로 해석됩니다."", ""52주 최고가 대비 현재 위치가 82.2%로 고점권에 가까워 추가 상승 여력이 제한적일 수 있으나, 52주 최저가 대비로는 여전히 크게 올라온 구간이라 추세 판단이 단순하지 않습니다."", ""최근 1개월 수익률이 -2.10%로 단기 모멘텀은 약하지만 거래량 변화율 12.03%는 관심 증가 신호로도 볼 수 있어, 향후 20거래일 방향성을 단정하기 어렵습니다.""]",3.785103785103785,19.291819291819294,1.876848336429618,13.457461588229776
012450,한화에어로스페이스,2025-08-01,939000,Sell,72,"[""현재가가 52주 최고가의 91.9% 수준으로 고점권에 위치해 있어 향후 20거래일 내 추가 상승 여력이 제한적입니다."", ""최근 1개월 수익률이 14.93%로 단기 급등 이후의 피로감이 나타날 수 있는 구간이며, 추세 연장보다 되돌림 가능성을 더 경계해야 합니다."", ""거래량 변화율이 -14.24%로 상승 구간에서 수급 강도가 약해졌고, PER 19.5와 PBR 10.89는 현재 주가에 높은 기대가 반영된 상태로 해석됩니다.""]",-6.183368869936034,-0.5330490405117271,-8.05835894220988,-1.3145596433232563
012450,한화에어로스페이스,2025-09-01,916000,Sell,78,"[""현재가가 52주 최고가의 88.7% 수준으로 고점권에 위치해 있어 20거래일 내 추가 상승 여력이 제한적으로 보입니다."", ""최근 1개월 수익률이 -8.03%로 약세이며 거래량 변화율도 -20.62%로 수급 둔화가 확인되어 단기 하락 압력이 우세합니다."", ""PER 18.5와 PBR 7.50은 높은 밸류에이션 부담을 시사하는 반면, 이러한 부담을 상쇄할 만큼의 단기 상승 근거는 제공된 데이터에서 충분히 확인되지 않습니다.""]",1.2861736334405145,18.64951768488746,-1.4783384790313212,10.69799909456798
012450,한화에어로스페이스,2025-10-01,1099000,Sell,78,"[""현재가 1,099,000원은 52주 최고가 1,107,000원의 99.0% 수준으로, 단기적으로 추가 상승 여력이 매우 제한적입니다."", ""최근 1개월 수익률이 17.79%로 이미 강한 상승이 선반영되어 있어 향후 20거래일 내 차익실현 압력이 커질 수 있습니다."", ""거래량 변화율이 -4.04%로 상승 추세를 뒷받침하는 수급 확장이 확인되지 않아 고점 부근에서의 추세 지속 신뢰도가 낮습니다.""]",-14.676390154968095,-11.577028258887875,-20.2877797318035,-25.023400831939338
012450,한화에어로스페이스,2025-11-03,1042000,Neutral,61,"[""현재 주가는 52주 최고가의 92.2% 수준으로 고점권에 위치해 있어 추가 상승 여력보다 단기 과열·차익실현 부담이 상대적으로 커 보입니다."", ""최근 1개월 수익률이 -0.19%로 사실상 횡보이며, 뚜렷한 상승 추세나 하락 추세를 확인하기 어려워 20거래일 방향성을 강하게 단정하기 어렵습니다."", ""ROE 40.5%와 PER 21.1은 수익성은 우수하나 밸류에이션 부담도 존재하고, 거래량 변화율 13.51%는 방향성 확증보다는 관심 증가 수준으로 해석되어 상·하방 근거가 균형적입니다.""]",-6.138613861386139,-18.415841584158414,-5.766198328140484,-15.339228309182314
012450,한화에어로스페이스,2025-12-01,813000,Sell,74,"[""최근 1개월 수익률이 -16.96%로 단기 추세가 뚜렷하게 약세이며, 향후 20거래일에도 모멘텀 둔화가 이어질 가능성이 있습니다."", ""거래량 변화율이 -9.53%로 수급이 위축된 상태라 반등 탄력이 강하게 붙기 어려운 환경입니다."", ""현재 주가는 52주 최고가 대비 상당히 낮은 수준이지만 52주 내 위치가 64.7%로 중간 이상이고, PER 15.5와 PBR 4.12는 단기적으로 저평가 신호로 보기 어렵습니다.""]",16.50485436893204,14.805825242718445,12.784638995946773,6.92834053084614
259960,크래프톤,2023-01-02,164000,Sell,84,"[""현재가가 52주 최저가(164,000원)와 동일해 52주 내 위치가 0.0%로, 기술적으로 약세 추세의 바닥권이지만 아직 반등 확인이 전혀 없습니다."", ""최근 1개월 수익률이 -25.45%로 급락했고 거래량 변화율도 -7.58%로 감소해, 단기 모멘텀과 수급이 모두 약한 상태입니다."", ""PER 13.6, PBR 1.49, ROE 10.9%는 극단적으로 비싸진 않지만, 향후 20거래일 내 상승을 뒷받침할 만큼 강한 저평가 신호는 아니어서 단기적으로는 하락 우위로 판단됩니다.""]",3.003003003003003,9.30930930930931,-2.9748757357065054,-1.9676661896360237
259960,크래프톤,2023-02-01,181000,Neutral,61,"[""PER 15.1, PBR 1.64, ROE 10.9%는 밸류에이션과 수익성이 극단적으로 나쁘지 않아 하방만 강하게 보는 근거는 제한적입니다."", ""현재 주가는 52주 최고가 대비 크게 낮고 52주 내 위치가 12.1%로 저점권에 가까워 기술적으로는 반등 여지가 있으나, 이것만으로 20거래일 상승을 확정하기는 어렵습니다."", ""최근 1개월 수익률이 7.74%로 단기 모멘텀은 양호하지만 거래량 변화율이 -34.16%로 수급 확산이 약해 상승 지속성과 하락 전환 가능성이 함께 존재합니다.""]",-0.5494505494505495,-6.7032967032967035,-1.0614235898575304,-5.212337239896297
259960,크래프톤,2023-03-02,169000,Neutral,61,"[""PER 14.1, PBR 1.53, ROE 10.9%는 밸류에이션과 수익성이 극단적으로 나쁘지 않아 하방만을 강하게 시사하지는 않습니다."", ""현재가가 52주 최저가 164,000원에 매우 근접하고 52주 내 현재 위치가 3.7%로 바닥권에 있어 기술적으로는 반등 여지도 있으나, 최근 1개월 수익률 -5.74%는 단기 추세가 약함을 보여줍니다."", ""거래량 변화율 25.37%로 수급 관심은 증가했지만, 52주 최고가 대비 큰 폭 하락 상태라 향후 20거래일 방향성을 상승 또는 하락으로 단정하기에는 근거가 엇갈립니다.""]",-4.652532391048291,8.06831566548881,-3.111458326568239,6.226674594302539
259960,크래프톤,2023-04-03,182800,Neutral,61,"[""PER 17.1배와 PBR 1.76배, ROE 10.3%는 극단적으로 비싸거나 저평가된 수준은 아니어서 20거래일 내 강한 방향성을 단정하기 어렵습니다."", ""주가는 52주 최고가 대비 18.8% 위치로 고점 부담은 낮지만, 최근 1개월 수익률이 7.66%로 이미 단기 반등이 진행되어 추가 상승 여력과 되돌림 가능성이 공존합니다."", ""거래량 변화율이 -5.70%로 수급 확장이 확인되지 않아, 단기 추세 지속을 뒷받침하는 근거가 충분하지 않습니다.""]",-2.0063357972544877,1.8479408658922916,-4.721503242658857,1.005775343479567
259960,크래프톤,2023-05-02,193600,Neutral,61,"[""현재 주가는 52주 최고가 대비 31.1% 수준으로 고점 대비 크게 조정된 상태라 추가 상승 여력은 있으나, 이것만으로 20거래일 내 방향성을 단정하기는 어렵습니다."", ""최근 1개월 수익률이 5.50%로 단기 모멘텀은 양호하지만, 거래량 변화율이 -21.67%로 수급 강도는 약해 상승 추세의 신뢰도가 제한적입니다."", ""PER 18.1, PBR 1.86, ROE 10.2%는 극단적으로 저평가 또는 고평가로 보기 어려워 재무지표만으로 강한 Buy/Sell 근거가 부족합니다.""]",3.0585795749092792,-2.021772939346812,3.4743467452938677,-6.017935088543263
259960,크래프톤,2023-06-01,189400,Neutral,61,"[""PER 17.0과 PBR 1.72는 KOSPI 대형주 기준으로 극단적으로 저렴하지도 비싸지도 않아, 20거래일 내 강한 방향성을 만들 만큼의 밸류에이션 신호가 약합니다."", ""현재 주가는 52주 최고가 대비 27.7% 수준으로 고점 대비 크게 낮지만, 최근 1개월 수익률이 -1.41%로 단기 모멘텀이 약해 즉각적인 상승 추세 전환 근거가 부족합니다."", ""거래량 변화율이 7.79%로 수급 개선 가능성은 있으나, ROE 10.1%와 시가총액 8.7조원만으로는 향후 20거래일 내 뚜렷한 상승 또는 하락을 단정하기 어렵습니다.""]",8.201058201058201,2.91005291005291,7.1250825575486605,2.867382922046649
259960,크래프톤,2023-07-03,194500,Neutral,61,"[""PER 17.5와 PBR 1.77은 극단적으로 저평가된 수준은 아니어서, 현재가 기준으로 강한 상승 여력을 단정하기 어렵습니다."", ""52주 최고가 대비 현재 위치가 34.0%로 중간 이하 구간이지만, 최근 1개월 수익률이 2.69%에 그쳐 단기 추세의 강한 상승 신호는 약합니다."", ""거래량 변화율이 -35.05%로 수급 동력이 둔화된 모습이라 향후 20거래일 내 뚜렷한 방향성을 확신하기 어렵습니다.""]",-0.273224043715847,-2.677595628415301,0.9152185258188466,-5.521837157580739
259960,크래프톤,2023-08-01,178100,Neutral,61,"[""PER 16.0, PBR 1.62, ROE 10.1%는 밸류에이션과 수익성이 극단적으로 나쁘지는 않지만, 향후 20거래일 주가 방향을 강하게 밀어줄 만큼 저평가 신호도 뚜렷하지 않습니다."", ""주가가 52주 최고가 대비 현재 위치 19.5%로 고점 대비 크게 낮고 최근 1개월 수익률이 -8.43%로 약세 흐름이 이어져 단기 반등 근거와 추가 하락 위험이 동시에 존재합니다."", ""거래량 변화율이 -4.40%로 수급 개선 신호가 약해 단기 추세 전환을 확신하기 어렵기 때문에 상승·하락 어느 한쪽으로 단정하기 어렵습니다.""]",0.8675534991324465,-10.352805089647195,1.3013440642831997,-8.05199521986081
259960,크래프톤,2023-09-01,155500,Neutral,62,"[""현재가 155,500원이 52주 최저가 155,000원에 매우 근접해 있어 단기적으로는 기술적 반등 여지가 있지만, 동시에 추세 전환 신호로 보기에는 아직 근거가 약합니다."", ""최근 1개월 수익률이 -10.06%로 약세 흐름이 확인되며, 이는 향후 20거래일에도 상승보다 추가 조정 가능성을 완전히 배제하기 어렵게 합니다."", ""PER 15.9, PBR 1.42, ROE 8.9%는 극단적으로 저평가되거나 고평가된 수준은 아니어서, 제공된 재무지표만으로는 뚜렷한 상승 또는 하락 방향성을 확정하기 어렵습니다.""]",-2.361199744735163,-4.6585832801531595,-1.2906071851019552,2.1441483365692937
259960,크래프톤,2023-10-04,146500,Neutral,58,"[""현재가가 52주 최저가(146,500원)와 동일해 기술적으로는 과매도 반등 가능성도 있지만, 추가 하락 여지도 함께 존재해 방향성이 뚜렷하지 않습니다."", ""최근 1개월 수익률이 -6.57%로 약세 흐름이며 거래량 변화율도 -25.17%로 수급 동력이 약해 단기 상승 근거가 강하지 않습니다."", ""PER 15.0, PBR 1.34, ROE 8.9%는 극단적으로 비싸거나 저평가된 수준은 아니어서, 20거래일 내 주가 방향을 결정할 만큼 강한 재평가 신호로 보기 어렵습니다.""]",4.662162162162162,14.797297297297296,2.475858284645097,16.264263514637943
259960,크래프톤,2023-11-01,166000,Buy,72,"[""최근 1개월 수익률이 11.63%로 단기 모멘텀이 양호하고, 거래량 변화율도 16.36%로 수급 개선 신호가 확인됩니다."", ""현재 주가는 52주 최고가 대비 21.7% 수준으로 고점 대비 여전히 여유가 있어, 단기적으로 추가 상승 여지가 남아 있습니다."", ""PER 17.0, PBR 1.52, ROE 8.9%는 과열된 밸류에이션으로 보이지 않으며, 최근 상승 추세를 뒷받침하는 수준입니다.""]",12.966252220248666,26.1101243339254,9.38299570756472,17.908666448712516
259960,크래프톤,2023-12-01,217500,Neutral,61,"[""최근 1개월 수익률이 28.77%로 단기 모멘텀은 강하지만, 이미 52주 최고가 227,000원 대비 현재가 217,500원이 88.2% 위치에 있어 추가 상승 여력은 제한적으로 보입니다."", ""거래량 변화율이 77.19%로 급증해 추세 지속 가능성을 시사하지만, 단기 급등 이후에는 차익실현 압력도 함께 커질 수 있어 방향성이 단정적이지 않습니다."", ""PER 22.9와 PBR 1.90은 극단적으로 저평가된 수준은 아니고 ROE 8.3%도 강한 펀더멘털 확신을 주기에는 부족해, 향후 20거래일 내 상승·하락을 명확히 단정하기 어렵습니다.""]",-2.293577981651376,-8.027522935779817,-2.7075027117653074,-10.893186269046886
259960,크래프톤,2024-01-02,195800,Sell,74,"[""최근 1개월 수익률이 -9.35%로 단기 추세가 약세이며, 향후 20거래일에도 모멘텀 둔화가 이어질 가능성이 있습니다."", ""거래량 변화율이 -26.67%로 수급 참여가 줄어든 상태라 반등 탄력이 강하게 붙기 어려운 환경입니다."", ""현재 주가는 52주 최고가 대비 아직 여유가 있지만 52주 내 위치가 69.0%로 고점권에 가까운 편이어서, 단기적으로는 추가 상승보다 조정 위험이 더 크게 보입니다.""]",4.209445585215605,10.1129363449692,6.715093168356848,14.340281769947426
259960,크래프톤,2024-02-01,214000,Sell,72,"[""현재가 214,000원은 52주 최고가 218,500원의 93.8% 수준으로 고점 부근에 위치해 있어, 향후 20거래일 내 추가 상승 여력보다 되돌림 위험이 더 크게 보입니다."", ""최근 1개월 수익률이 9.86%로 단기 상승이 이미 진행된 반면 거래량 변화율이 -30.22%로 수급 강도가 약해져 상승 추세의 지속성을 뒷받침하는 힘이 부족합니다."", ""PER 22.5와 PBR 1.87은 절대적으로 매우 저렴한 수준은 아니고, ROE 8.3%도 자본효율이 강하게 매력적인 수준은 아니어서 현재 주가를 추가로 밀어올릴 명확한 근거가 제한적입니다.""]",3.1390134529147984,-4.484304932735426,1.8263583565782293,-5.48533349149136
259960,크래프톤,2024-03-04,217500,Neutral,58,"[""현재 주가는 52주 최고가 대비 76.3% 수준으로 고점 대비 조정은 있었지만, 최근 1개월 수익률이 -0.46%로 뚜렷한 상승 모멘텀도 확인되지 않습니다."", ""PER 22.9배와 PBR 1.90배는 시장 대비 과도하게 저렴하다고 보기 어렵고, ROE 8.3%는 밸류에이션을 강하게 정당화할 만큼 높은 수준은 아닙니다."", ""거래량 변화율이 6.58%로 수급 변화는 있으나 방향성이 명확하지 않아 향후 20거래일 주가의 상승·하락을 단정하기 어렵습니다.""]",7.339449541284404,15.59633027522936,6.116153700716734,11.679971854454854
259960,크래프톤,2024-04-01,250500,Neutral,66,"[""현재 주가는 52주 최고가 257,000원 대비 94.1% 수준으로 고점 부근에 위치해 있어 추가 상승 여력보다 단기 과열·저항 부담이 커 보입니다."", ""최근 1개월 수익률이 10.35%로 이미 단기 상승이 진행되었고, 거래량 변화율 19.71%도 추세 지속 가능성을 시사하지만 동시에 단기 피로 누적 가능성도 함께 보여줍니다."", ""PER 19.6, PBR 2.18, ROE 11.2%는 극단적으로 저평가되거나 고평가된 수준은 아니어서, 향후 20거래일 방향을 강하게 단정할 만한 재무적 우위가 부족합니다.""]",-3.968253968253968,-3.571428571428571,-2.224802806679631,-1.0466933580737439
259960,크래프톤,2024-05-02,243000,Neutral,61,"[""PER 19.0과 PBR 2.12는 시장이 이미 일정 수준의 성장 기대를 반영한 밸류에이션으로 보여, 20거래일 내 추가 상승 여력이 크다고 단정하기 어렵습니다."", ""주가가 52주 최고가의 85.0% 수준에 위치해 있어 추세상 고점권에 가깝지만, 최근 1개월 수익률이 -2.99%로 단기 모멘텀은 약합니다."", ""거래량 변화율이 45.00%로 유동성은 개선됐지만, ROE 11.2%는 양호하나 시가총액 11.2조원 규모를 감안하면 단기 방향성을 강하게 지지할 만큼의 결정적 근거는 부족합니다.""]",3.386454183266932,-0.5976095617529881,1.4967645362107485,-0.05476277306720778
259960,크래프톤,2024-06-03,247500,Neutral,61,"[""PER 16.8, PBR 2.02, ROE 12.0%는 수익성과 밸류에이션이 극단적으로 나쁘지 않아 방향성은 중립에 가깝습니다."", ""주가가 52주 최고가의 86.3% 수준으로 고점권에 위치해 있어 추가 상승 여력은 제한적으로 보이지만, 아직 추세 훼손 신호로 단정할 수준은 아닙니다."", ""최근 1개월 수익률은 3.34%로 완만한 상승이었으나 거래량 변화율이 -23.78%로 수급 강도가 약해 향후 20거래일 방향을 확신하기 어렵습니다.""]",6.212424849699398,9.218436873747494,3.7305496384000416,4.263326246798833
259960,크래프톤,2024-07-01,273500,Neutral,61,"[""현재가는 52주 최고가의 84.4% 수준으로 추세상 강세 구간에 있으나, 최고가(297,000원)와의 괴리가 크지 않아 추가 상승 여력은 제한적으로 보입니다."", ""최근 1개월 수익률이 8.96%로 단기 모멘텀은 양호하지만, 거래량 변화율이 1.86%에 그쳐 상승 추세를 강하게 뒷받침하는 수급 확증은 약합니다."", ""PER 18.6, PBR 2.24, ROE 12.0%는 극단적으로 저평가 또는 고평가로 보기 어려워, 향후 20거래일 방향을 단정할 만큼 재무지표의 우위가 뚜렷하지 않습니다.""]",6.826568265682657,7.9335793357933575,3.715300528363987,9.467996746234734
259960,크래프톤,2024-08-01,289500,Neutral,66,"[""현재 주가는 52주 최고가의 95.0% 수준으로 단기적으로는 고점 부근에 위치해 있어 추가 상승 여력이 제한될 수 있습니다."", ""최근 1개월 수익률이 6.24%로 단기 모멘텀은 양호하지만, 거래량 변화율이 -42.53%로 상승 추세의 신뢰도는 약해 보입니다."", ""PER 19.7, PBR 2.37, ROE 12.0%는 극단적으로 저평가도 고평가도 아닌 수준으로, 향후 20거래일 방향을 강하게 단정할 만한 재무적 우위가 뚜렷하지 않습니다.""]",2.4347826086956523,12.347826086956522,5.71407144842677,12.168092958890131
259960,크래프톤,2024-09-02,323000,Neutral,66,"[""PER 16.6, PBR 2.56, ROE 15.4%는 수익성과 밸류에이션이 무난한 수준이지만, 제공된 데이터만으로 20거래일 내 추가 상승 여력을 강하게 뒷받침하진 않습니다."", ""주가는 52주 최고가 대비 87.2% 위치로 고점권에 근접해 있어 단기적으로는 상승 여력보다 부담이 더 크게 작용할 수 있습니다."", ""최근 1개월 수익률이 11.57%로 이미 상승이 진행됐고 거래량 변화율도 133.94%로 높아 단기 모멘텀은 있으나, 과열 이후 조정 가능성과 추가 추세 지속 가능성이 균형을 이룹니다.""]",1.1041009463722398,2.8391167192429023,6.403148093630969,5.476255834241982
259960,크래프톤,2024-10-02,338000,Neutral,62,"[""현재가가 52주 최고가의 94.6% 수준으로 고점권에 위치해 있어 추가 상승 여력보다 단기 과열·저항 부담이 커 보입니다."", ""최근 1개월 수익률은 1.81%로 상승 모멘텀이 강하지 않은 반면, 거래량 변화율이 -46.23%로 수급 확장 신호가 약합니다."", ""PER 17.4, PBR 2.68, ROE 15.4%는 무난한 수준이지만, 20거래일 내 방향성을 결정할 만큼 강한 저평가 또는 강한 추세 신호로 보기 어렵습니다.""]",-1.4903129657228018,0.5961251862891207,-3.5753731476110273,-0.1533757301566947
259960,크래프톤,2024-11-01,333500,Sell,74,"[""현재가가 52주 최고가의 92.0% 수준으로 고점권에 위치해 있어, 향후 20거래일 내 추가 상승 여력보다 차익실현 압력이 더 크게 작용할 가능성이 있습니다."", ""최근 1개월 수익률이 -2.63%로 단기 모멘텀이 약하고, 거래량 변화율도 -17.66%로 수급 둔화 신호가 나타납니다."", ""PER 17.2와 PBR 2.65는 ROE 15.4%를 감안해도 이미 일정 수준의 밸류에이션이 반영된 상태로 보이며, 단기적으로는 상승 근거보다 조정 가능성이 더 우세합니다.""]",-5.9259259259259265,-2.9629629629629632,-3.712304292612294,2.2317669875578923
259960,크래프톤,2024-12-02,327500,Neutral,61,"[""현재 주가는 52주 최고가의 86.4% 수준으로 고점권에 가까워 추가 상승 여력이 크다고 단정하기 어렵습니다."", ""최근 1개월 수익률이 -1.80%로 단기 모멘텀이 약한 반면, 거래량 변화율 64.35%는 변동성 확대 신호일 수 있어 방향성을 확신하기 어렵습니다."", ""PER 18.7, PBR 2.53, ROE 13.5%는 수익성은 양호하지만 밸류에이션 부담도 함께 존재해 향후 20거래일 내 뚜렷한 상승·하락 우위를 판단하기 어렵습니다.""]",-7.91476407914764,1.97869101978691,-4.62449568988322,4.305797935510275
259960,크래프톤,2025-01-02,316500,Neutral,61,"[""PER 18.1배와 PBR 2.45배는 절대적으로 저평가된 수준은 아니어서 20거래일 내 강한 추가 상승 근거로는 부족합니다."", ""주가가 52주 최고가 대비 80.0% 위치에 있어 추세상 상단 구간에 근접해 있으나, 최근 1개월 수익률이 1.44%로 상승 탄력이 크지 않습니다."", ""거래량 변화율이 -21.36%로 수급이 약화된 모습이라 단기 방향성을 강하게 매수 또는 매도로 단정하기 어렵습니다.""]",0.0,13.73134328358209,-3.024669112829254,9.847923679336255
259960,크래프톤,2025-02-03,360000,Sell,74,"[""현재가 360,000원이 52주 최고가 364,000원의 97.8% 수준으로, 단기적으로 이미 고점권에 근접해 추가 상승 여력이 제한적입니다."", ""최근 1개월 수익률이 17.26%로 단기간에 크게 상승해 차익실현 압력이 커질 수 있는 구간입니다."", ""거래량 변화율이 8.36%로 강한 추세 확장 신호가 뚜렷하지 않고, PER 20.5와 PBR 2.78은 밸류에이션 부담을 완화해줄 만큼 낮지 않습니다.""]",3.4482758620689653,-5.103448275862069,1.1369476945701993,-8.183607361001634
259960,크래프톤,2025-03-04,334000,Neutral,61,"[""현재 주가는 52주 최고가 대비 71.2% 수준으로 고점 대비 조정은 있었지만, 아직 52주 범위의 중상단에 위치해 있어 추가 상승·하락 방향성이 뚜렷하지 않습니다."", ""최근 1개월 수익률이 -8.24%로 단기 모멘텀은 약하지만, 거래량 변화율이 83.11%로 급증해 추세 전환 가능성과 단기 변동성 확대가 동시에 나타납니다."", ""PER 19.1, PBR 2.58, ROE 13.5%는 수익성은 양호하나 밸류에이션 부담도 존재하는 수준이라 20거래일 내 명확한 상승 근거로 보기 어렵습니다.""]",0.436046511627907,0.872093023255814,-0.21638319288281194,2.915382457334613
259960,크래프톤,2025-04-01,340000,Neutral,61,"[""PER 11.9와 ROE 20.1%는 수익성 대비 밸류에이션이 과도하게 비싸 보이지 않아 중립 이상 요인이지만, 이것만으로 20거래일 상승을 강하게 뒷받침하진 않습니다."", ""주가는 52주 최고가 대비 72.7% 위치로 고점 부담은 크지 않지만, 최근 1개월 수익률이 -1.02%로 단기 모멘텀이 약합니다."", ""거래량 변화율이 -29.93%로 수급이 둔화된 모습이라 단기 방향성을 확신하기 어렵고, 상승·하락 근거가 혼재합니다.""]",2.161383285302594,7.060518731988473,10.62793768179722,5.035265924569064
259960,크래프톤,2025-05-02,385000,Sell,74,"[""현재가 385,000원은 52주 최고가 386,000원 대비 99.4% 수준으로, 단기적으로 상승 여력이 매우 제한된 고점 부근에 위치해 있습니다."", ""최근 1개월 수익률이 10.95%로 이미 단기 상승이 진행된 상태인데 거래량 변화율은 -6.77%로 수급 확장이 동반되지 않아 추가 상승 지속성이 약합니다."", ""PER 13.5와 ROE 20.1%는 재무적으로 양호하지만, 현재 주가가 이미 강한 기대를 상당 부분 반영한 위치라 향후 20거래일 기준으로는 하락/조정 가능성이 더 우세합니다.""]",-3.24254215304799,-4.150453955901426,-5.836760818056925,-13.40719496141856
259960,크래프톤,2025-06-02,368000,Neutral,62,"[""PER 12.6과 ROE 19.4%는 수익성 대비 밸류에이션이 과도하게 비싸 보이지 않아 중립 이상을 지지하지만, 이것만으로 20거래일 상승을 단정하기는 어렵습니다."", ""현재 주가는 52주 최고가의 87.3% 수준으로 고점권에 근접해 있어 추가 상승 여력보다 단기 과열·저항 부담이 존재합니다."", ""최근 1개월 수익률이 -0.54%로 약세이고 거래량 변화율도 -21.75%로 감소해 단기 모멘텀이 강하지 않아 방향성을 확신하기 어렵습니다.""]",3.9455782312925165,-0.5442176870748299,-1.4387095659097775,-13.010834308749118
259960,크래프톤,2025-07-01,362000,Neutral,61,"[""PER 12.4와 ROE 19.4%는 수익성 대비 밸류에이션이 과도하게 비싸 보이지 않아 중립적으로 해석되지만, 이것만으로 20거래일 내 상승을 강하게 뒷받침하진 않습니다."", ""현재 주가는 52주 최고가의 79.1% 수준으로 고점 대비 여유가 있으나, 최근 1개월 수익률이 -4.11%로 단기 모멘텀은 약합니다."", ""거래량 변화율이 36.42%로 수급 관심은 늘어난 모습이지만, 가격은 아직 뚜렷한 추세 전환을 확인하기 어려워 상승·하락 근거가 균형적입니다.""]",0.41841004184100417,-8.92608089260809,-1.4898454068331628,-14.76043859619761
259960,크래프톤,2025-08-01,315500,Neutral,66,"[""PER 10.8과 ROE 19.4%는 밸류에이션과 수익성 측면에서 과도하게 비싸다고 보긴 어렵지만, 이것만으로 향후 20거래일 주가 상승을 강하게 뒷받침하진 않습니다."", ""최근 1개월 수익률이 -13.68%로 단기 모멘텀이 약하고, 거래량 변화율도 -28.62%로 수급 개선 신호가 확인되지 않습니다."", ""현재 주가는 52주 최고가 대비 낮고 52주 내 위치가 38.2%로 중간 이하 구간이어서 반등 여지는 있으나, 하락 추세가 완전히 꺾였다고 판단할 근거도 부족합니다.""]",1.4308426073131957,4.92845786963434,-0.4441474649606503,4.146947266822811
259960,크래프톤,2025-09-01,331000,Neutral,58,"[""PER 15.0과 ROE 15.5%는 수익성 대비 밸류에이션이 과도하게 비싸 보이지 않지만, 이것만으로 향후 20거래일 주가 상승을 강하게 뒷받침하진 않습니다."", ""주가는 52주 최고가 대비 43.0% 위치로 중간 수준이며, 최근 1개월 수익률이 0.76%에 그쳐 단기 추세의 방향성이 뚜렷하지 않습니다."", ""거래량 변화율이 -4.97%로 수급 모멘텀이 약해 보이지만, 52주 최저가 대비로는 아직 크게 이탈하지 않아 하락을 단정할 근거도 부족합니다.""]",-2.272727272727273,-11.363636363636363,-5.037239385199109,-19.315154953955844
259960,크래프톤,2025-10-01,298500,Neutral,61,"[""PER 13.5, PBR 2.09, ROE 15.4%는 수익성 대비 밸류에이션이 과도하게 비싸 보이진 않지만, 이것만으로 향후 20거래일 상승을 강하게 뒷받침하진 않습니다."", ""최근 1개월 수익률이 -9.55%로 단기 모멘텀이 약하고, 거래량 변화율도 -9.51%로 수급 개선 신호가 뚜렷하지 않습니다."", ""현재 주가는 52주 최고가 대비 크게 낮고 52주 내 위치가 9.3%로 바닥권에 가깝지만, 52주 최저가 289,500원에 근접해 있어 반등과 추가 하락 가능성이 함께 존재합니다.""]",-3.0100334448160537,-11.872909698996656,-8.621423021651458,-25.31928227204812
259960,크래프톤,2025-11-03,279500,Neutral,61,"[""PER 12.7과 ROE 15.5%는 수익성 대비 밸류에이션이 과도하게 비싸 보이지 않아 중립 이상을 지지하지만, 이것만으로 20거래일 상승을 강하게 단정하기는 어렵습니다."", ""현재 주가는 52주 최고가 대비 7.4% 위치로 고점권에서 크게 이탈해 있고 최근 1개월 수익률이 -5.41%로 단기 모멘텀이 약해 하락 추세가 완전히 꺾였다고 보기 어렵습니다."", ""거래량 변화율 20.76%는 관심 증가 신호일 수 있으나 방향성이 상승인지 하락인지 데이터만으로 확정하기 어려워, 상승·하락 근거가 균형을 이룬다고 판단합니다.""]",-5.376344086021505,-9.31899641577061,-5.00392855277585,-6.242383140794509
259960,크래프톤,2025-12-01,252000,Neutral,61,"[""PER 9.1과 ROE 18.8%는 밸류에이션과 수익성 측면에서 과도하게 비싸다고 보긴 어렵지만, 이것만으로 향후 20거래일 상승을 강하게 뒷받침하진 않습니다."", ""현재가가 52주 최저가 252,000원과 동일해 52주 내 위치가 0.0%로 기술적으로는 약세 구간의 하단에 있으나, 추가 하락 여력과 반등 가능성이 동시에 존재합니다."", ""최근 1개월 수익률 -8.70%와 거래량 변화율 -13.13%는 단기 모멘텀과 수급이 약함을 시사하지만, 하락 추세가 확정적이라고 단정할 만큼의 추가 정보는 부족합니다.""]",-2.9644268774703555,-1.9762845849802373,-6.684642250455623,-9.853769296852542
247540,에코프로비엠,2023-01-02,93400,Sell,78,"[""최근 1개월 수익률이 -18.85%로 단기 추세가 뚜렷하게 약세이며, 향후 20거래일에도 반등보다 추가 조정 가능성이 더 높습니다."", ""거래량 변화율이 -34.26%로 수급이 위축된 상태라 하락 추세의 신뢰도가 높고, 단기 매수세 유입 근거가 약합니다."", ""현재 주가는 52주 최고가 대비 크게 낮지만 52주 내 위치가 25.5%에 불과해 아직 바닥 확인 신호가 충분하지 않으며, PER 21.3과 PBR 1.59 대비 ROE 7.5%는 강한 재평가 모멘텀을 주기 어렵습니다.""]",3.5407725321888415,22.317596566523605,0.4146150390412142,9.032168016260629
247540,에코프로비엠,2023-02-01,109200,Neutral,61,"[""최근 1개월 수익률이 18.57%로 단기 모멘텀은 양호해 향후 20거래일에도 추세가 이어질 가능성을 시사합니다."", ""다만 현재 주가는 52주 최고가 대비 중간 수준(52주 내 현재 위치 53.2%)에 있어 추가 상승 여력과 조정 가능성이 동시에 존재합니다."", ""PER 24.9, PBR 1.86, ROE 7.5%는 극단적으로 저평가되거나 고평가된 수준은 아니지만, 거래량 변화율 -5.35%로 수급 확장 신호가 약해 방향성을 강하게 확신하기 어렵습니다.""]",14.649122807017545,59.73684210526316,12.038675787583049,54.79320997426999
247540,에코프로비엠,2023-03-02,159700,Sell,74,"[""현재가가 52주 최고가의 91.8% 수준으로 이미 고점권에 근접해 있어, 향후 20거래일 내 추가 상승 여력이 제한적입니다."", ""최근 1개월 수익률이 60.02%로 단기간 급등했고 거래량 변화율도 340.35%로 과열 신호가 강해, 단기적으로는 차익실현 압력이 우세할 가능성이 있습니다."", ""PER 36.4와 PBR 2.72는 밸류에이션 부담이 있는 편인데 ROE 7.5%는 이를 충분히 정당화할 만큼 강하지 않아, 현재 가격 수준에서 상승 근거가 약합니다.""]",6.315211422295441,23.28390993959363,8.037501494826028,17.663411946024176
247540,에코프로비엠,2023-04-03,232000,Sell,78,"[""현재가 232,000원은 52주 최고가 235,000원 대비 98.0% 수준으로, 단기적으로 이미 고점권에 근접해 추가 상승 여력이 제한적입니다."", ""최근 1개월 수익률이 27.40%로 강한 단기 상승이 이미 반영되어 있어, 향후 20거래일에는 차익실현 압력이 커질 가능성이 있습니다."", ""PER 80.5와 PBR 16.64는 절대적으로 높은 편이며 시가총액 22.7조원까지 감안하면 밸류에이션 부담이 커서 추가 상승보다 조정 가능성을 더 높게 봅니다.""]",31.180400890868597,11.1358574610245,26.308612001720448,12.769120019646959
247540,에코프로비엠,2023-05-02,267000,Neutral,62,"[""현재가가 52주 최고가 296,000원 대비 86.0% 수준으로 고점권에 근접해 있어 추가 상승 여력은 제한적으로 보입니다."", ""최근 1개월 수익률이 18.93%로 단기 모멘텀은 양호하지만, 거래량 변화율이 -14.47%로 상승 추세의 확산 강도는 약해 보입니다."", ""PER 92.7과 PBR 19.15는 밸류에이션 부담이 매우 큰 수준이라 향후 20거래일 내 추가 상승을 강하게 단정하기 어렵습니다.""]",-11.022044088176353,2.2044088176352705,-8.811365466766928,-0.7463253079369676
247540,에코프로비엠,2023-06-01,249500,Sell,78,"[""최근 1개월 수익률이 -6.55%로 단기 모멘텀이 약하고, 향후 20거래일에도 약세 흐름이 이어질 가능성을 시사합니다."", ""거래량 변화율이 -63.34%로 급감해 수급 동력이 둔화된 상태이며, 단기 반등을 뒷받침할 매수세가 약합니다."", ""현재 주가는 52주 최고가 대비 77.6% 수준으로 고점권 부담이 남아 있고, PER 97.3과 PBR 17.36은 밸류에이션 부담이 커 추가 상승 근거가 제한적입니다.""]",5.294117647058823,3.3333333333333335,3.2550880868901664,0.887649855232739
247540,에코프로비엠,2023-07-03,263500,Sell,74,"[""현재 PER 102.8과 PBR 18.33은 절대적으로 높은 수준이라 20거래일 내 추가 상승을 정당화할 밸류에이션 여력이 제한적입니다."", ""주가가 52주 최고가의 84.4% 위치에 있어 단기적으로 고점권 부담이 크고, 최근 1개월 수익률 5.61%로 이미 반등이 진행된 상태입니다."", ""거래량 변화율이 -6.87%로 수급 동력이 약해 보이며, 현재가 263,500원은 52주 최고가 296,000원에 근접해 단기 조정 위험이 상대적으로 큽니다.""]",7.468123861566485,48.816029143898,8.734415996397944,43.23513026749351
247540,에코프로비엠,2023-08-01,408500,Sell,78,"[""현재가가 52주 최고가의 85.7% 수준으로 고점권에 위치해 있어, 향후 20거래일 동안 추가 상승 여력보다 차익실현 압력이 커질 가능성이 있습니다."", ""최근 1개월 수익률이 55.03%로 매우 가파르고 거래량 변화율도 199.70%로 급증해 단기 과열 신호가 강하게 나타납니다."", ""PER 159.4와 PBR 28.42는 밸류에이션 부담이 매우 큰 수준이며, 시가총액 40.0조원 규모를 감안하면 단기적으로 기대 대비 실망 리스크가 더 크다고 판단됩니다.""]",-9.724047306176084,-14.71747700394218,-9.638310408532753,-16.76636901941879
247540,에코프로비엠,2023-09-01,308500,Sell,82,"[""최근 1개월 수익률이 -18.92%로 단기 추세가 뚜렷하게 약세이며, 향후 20거래일에도 반등보다 추가 조정 가능성이 더 높습니다."", ""거래량 변화율이 -69.43%로 급감해 매수세 유입이 약하고, 주가 회복을 뒷받침할 수급 동력이 부족합니다."", ""PER 129.1과 PBR 20.54는 현재 주가가 높은 기대를 상당 부분 반영한 수준인데, 현재가가 52주 최고가 대비 낮아도 단기 모멘텀 부재를 감안하면 상승 근거보다 하락 리스크가 우세합니다.""]",-5.691056910569105,-23.414634146341466,-4.971922048303557,-12.233773360406483
247540,에코프로비엠,2023-10-04,235000,Sell,84,"[""최근 1개월 수익률이 -27.58%로 단기 추세가 뚜렷하게 약세이며, 향후 20거래일에도 반등보다 추가 조정 가능성이 더 높습니다."", ""거래량 변화율이 -26.71%로 수급이 위축된 상태라 단기 상승 모멘텀 형성이 어렵습니다."", ""PER 98.4와 PBR 15.64는 밸류에이션 부담이 매우 큰 수준인데, 현재가가 52주 최고가 대비 크게 낮아도 아직 고평가 부담이 남아 있어 단기적으로는 하방 압력이 우세합니다.""]",5.353319057815846,-1.4989293361884368,2.636782641746336,0.8693011699162831
247540,에코프로비엠,2023-11-01,188600,Sell,82,"[""최근 1개월 수익률이 -25.89%로 단기 추세가 뚜렷하게 약세이며, 향후 20거래일에도 추가 하락 압력이 이어질 가능성이 높습니다."", ""현재 주가는 52주 최고가 대비 크게 낮고 52주 내 위치도 26.1%에 불과해, 반등보다 약세 추세 지속 신호로 해석하는 것이 더 타당합니다."", ""PER 79.0과 PBR 12.55는 밸류에이션 부담이 큰 수준인데 최근 거래량 변화율 16.30%까지 동반되어 변동성 확대 속 조정 가능성을 높입니다.""]",14.516129032258066,26.26728110599078,10.630460588595733,18.653803542717668
247540,에코프로비엠,2023-12-01,280000,Neutral,61,"[""최근 1개월 수익률이 29.03%로 단기 모멘텀은 강하지만, 향후 20거래일 추가 상승을 단정할 만큼의 근거로는 부족합니다."", ""현재 주가는 52주 최고가 대비 중간 수준(52주 내 현재 위치 50.8%)에 있어 과열도 아니지만 강한 추세 지속 신호도 제한적입니다."", ""PER 201.4와 PBR 18.34는 밸류에이션 부담이 매우 크고, 시가총액 27.4조원 규모를 감안하면 추가 상승 여력에 대한 확신이 약합니다.""]",-1.238390092879257,-13.622291021671826,-2.0506818903011683,-18.176194367396736
247540,에코프로비엠,2024-01-02,283500,Sell,74,"[""PER 204.0과 PBR 18.57은 현재 주가가 실적과 자산가치 대비 매우 높은 수준임을 시사해, 20거래일 내 추가 상승 여력이 제한적입니다."", ""ROE 9.1%는 수익성은 있으나 밸류에이션 부담을 정당화할 만큼 강하지 않아, 고평가 구간에서의 조정 위험이 더 큽니다."", ""52주 최고가 대비 현재 위치가 51.7%이고 최근 1개월 수익률이 5.19%로 단기 반등은 있었지만, 거래량 변화율 1.79%가 낮아 추세 확장 신호는 약합니다.""]",8.103130755064457,-21.36279926335175,7.65680974814591,-13.063982186123296
247540,에코프로비엠,2024-02-01,228000,Sell,82,"[""PER 164.0과 PBR 14.93은 현재 주가가 실적과 자산가치 대비 매우 높은 수준임을 시사해 20거래일 내 추가 상승 여력이 제한적으로 보입니다."", ""최근 1개월 수익률이 -16.02%로 단기 추세가 이미 약세이며, 52주 최고가 대비 현재 위치도 35.4%에 불과해 고점 대비 회복 탄력이 약합니다."", ""ROE 9.1%는 수익성은 있으나 시가총액 22.3조원과 높은 밸류에이션을 정당화할 만큼 강하지 않고, 거래량 변화율 5.09%도 추세 반전을 강하게 뒷받침하지 못합니다.""]",4.8034934497816595,8.951965065502183,1.074833828047919,2.091133174293624
247540,에코프로비엠,2024-03-04,270000,Neutral,61,"[""최근 1개월 수익률이 22.73%로 단기 모멘텀은 양호하지만, 52주 최고가 대비 현재 위치가 37.4%에 불과해 추가 상승 여력과 추세 지속성을 단정하기 어렵습니다."", ""PER 194.2와 PBR 17.68은 현재 주가가 실적과 자산가치 대비 매우 높은 수준임을 시사해, 향후 20거래일 내 추가 상승을 뒷받침하는 밸류에이션 근거가 약합니다."", ""거래량 변화율이 -7.65%로 상승세를 지지하는 수급 확장이 확인되지 않아, 단기 방향성을 강하게 Buy 또는 Sell로 확정하기 어렵습니다.""]",2.5440313111545985,2.3483365949119372,-0.1499677885372228,-0.5626598615673992
247540,에코프로비엠,2024-04-01,270500,Neutral,61,"[""현재 주가는 52주 최고가 대비 30.0% 수준으로 고점 대비 크게 조정된 상태라 추가 하락 여력과 반등 여력이 모두 공존합니다."", ""최근 1개월 수익률이 1.50%로 방향성이 강하지 않고, 거래량 변화율이 -28.36%로 수급 모멘텀이 약해 단기 추세를 확신하기 어렵습니다."", ""적자 기업으로 PER과 ROE가 의미 있게 작동하지 않으며, PBR 19.29와 시가총액 26.5조원은 밸류에이션 부담을 시사하지만 이를 근거로 20거래일 내 하락을 단정할 만큼 기술적 약세가 뚜렷하지는 않습니다.""]",-9.560229445506693,-10.89866156787763,-5.9419744179716165,-8.194503827212076
247540,에코프로비엠,2024-05-02,233000,Sell,82,"[""최근 1개월 수익률이 -13.86%로 단기 추세가 하락 방향이며, 향후 20거래일에도 약세 흐름이 이어질 가능성이 높습니다."", ""거래량 변화율이 -21.37%로 감소해 하락 추세를 지지하는 수급 약화 신호가 나타납니다."", ""현재 주가는 52주 최고가 대비 16.2% 수준에 불과하고, 적자 상태로 PER이 산출되지 않으며 PBR 16.62는 높은 편이라 반등을 뒷받침할 명확한 저평가 근거가 약합니다.""]",-6.8584070796460175,-15.398230088495577,-5.569113072090468,-13.11654938516028
247540,에코프로비엠,2024-06-03,188000,Sell,82,"[""최근 1개월 수익률이 -21.17%로 단기 추세가 뚜렷하게 약세이며, 향후 20거래일에도 약세 흐름이 이어질 가능성을 시사합니다."", ""현재 주가가 52주 최저가 185,800원에 매우 근접해 52주 내 현재 위치가 0.8%에 불과해, 기술적으로 추가 하락 여지가 상대적으로 더 크게 보입니다."", ""PER이 적자로 산출 불가하고 PBR이 13.34로 높아, 실적 대비 밸류에이션 부담이 큰 상태에서 반등 근거가 제한적입니다.""]",9.571129707112972,-0.10460251046025104,6.635586341937533,1.0469155071317295
247540,에코프로비엠,2024-07-01,188500,Neutral,61,"[""현재가 188,500원은 52주 최저가 178,000원 대비 3.7% 상단에 불과해 단기적으로는 저점 근처라는 점이 지지 요인이지만, 동시에 뚜렷한 추세 반전 신호로 보기에는 아직 근거가 약합니다."", ""최근 1개월 수익률이 1.45%로 상승 폭이 매우 제한적이고, 52주 최고가 462,000원 대비 큰 폭으로 낮아 중기 추세 회복이 확인되지 않았습니다."", ""거래량 변화율 26.37%는 관심 증가를 시사하지만, 적자 상태로 PER이 없고 PBR 13.37로 밸류에이션 부담이 커 향후 20거래일 방향성을 단정하기 어렵습니다.""]",6.191780821917808,2.73972602739726,2.515478572276282,5.888260205802147
247540,에코프로비엠,2024-08-01,185100,Sell,78,"[""현재가 185,100원은 52주 최저가 174,000원 대비 3.9% 상단에 불과해 주가가 저점권에 머물러 있으나, 이는 반등 여력보다 약세 추세 지속 가능성을 더 크게 시사합니다."", ""최근 1개월 수익률이 -3.09%로 음수이고 거래량 변화율도 -11.86%로 감소해 단기 모멘텀과 수급이 동시에 약화된 모습입니다."", ""PER는 적자로 산출 불가하고 PBR 13.13, 시가총액 18.1조원은 높은 밸류에이션 부담을 보여주며, 제공된 데이터만으로는 향후 20거래일 내 상승 근거가 부족합니다.""]",-3.604088219472835,-2.205486820871436,-1.6921895372714455,-0.9069355011480835
247540,에코프로비엠,2024-09-02,181800,Neutral,61,"[""현재 주가는 52주 최고가 대비 크게 하락해 52주 내 위치가 9.4%로 낮아 기술적으로는 반등 여지가 있지만, 이것만으로 20거래일 상승을 확정하기는 어렵습니다."", ""최근 1개월 수익률이 -1.78%로 단기 모멘텀이 약하고, 거래량 변화율 15.03%는 관심 증가 신호일 수 있으나 방향성을 단정할 정도로 강하지 않습니다."", ""적자 상태로 PER과 ROE가 유효하지 않고 PBR 12.69, 시가총액 17.8조원은 밸류에이션 부담을 시사하지만, 제공된 데이터만으로는 향후 20거래일 내 하락 우위까지는 확신하기 어렵습니다.""]",-14.785100286532952,10.601719197707736,-7.660937050213797,8.251547570736655
247540,에코프로비엠,2024-10-02,190100,Neutral,61,"[""최근 1개월 수익률이 15.14%로 단기 모멘텀은 양호해 향후 20거래일 추가 상승 가능성을 일부 지지합니다."", ""현재 주가가 52주 최고가 대비 23.0% 수준에 머물러 있어 추세 회복 여지는 있으나, 이미 최근 반등이 진행된 상태라 추가 상승 여력은 제한적으로 보입니다."", ""PER이 적자로 산출되지 않고 PBR이 13.27로 높아 밸류에이션 부담이 큰 반면, 거래량 변화율 3.41%는 강한 추세 확증으로 보기 어려워 방향성을 단정하기 어렵습니다.""]",-4.089422028353326,-0.7633587786259541,-4.255876292443416,1.1742728892977858
247540,에코프로비엠,2024-11-01,169700,Sell,78,"[""현재 주가는 52주 최고가 대비 11.7% 수준으로 고점 대비 크게 낮아 추세적으로 약세 구간에 위치해 있습니다."", ""최근 1개월 수익률이 -8.02%로 단기 모멘텀이 부정적이며, 거래량 변화율도 -27.20%로 수급 약화 신호가 확인됩니다."", ""적자 상태로 PER과 ROE가 의미 있게 해석되지 않는 가운데 PBR 11.84는 높은 편이라, 현재 가격을 지지할 실적 기반 대비 밸류에이션 부담이 큽니다.""]",-16.0989010989011,-24.45054945054945,-12.751776125423483,-14.0749924804667
247540,에코프로비엠,2024-12-02,137500,Sell,78,"[""최근 1개월 수익률이 -18.97%로 단기 추세가 뚜렷하게 약세이며, 향후 20거래일에도 반등보다 추가 조정 가능성이 더 높습니다."", ""현재 주가는 52주 최고가 대비 6.4% 수준으로 연중 저점권에 근접해 있으나, 이는 추세 전환 신호라기보다 약세 흐름의 연장으로 해석하는 것이 더 타당합니다."", ""적자 상태로 PER과 ROE가 의미 있게 제시되지 않고 PBR도 10.38로 높아, 실적 기반의 주가 방어 논리가 약한 반면 거래량 변화율 27.55%는 변동성 확대를 시사합니다.""]",-5.072463768115942,-18.115942028985508,-0.8440329632520278,-20.281547124526913
247540,에코프로비엠,2025-01-02,105500,Sell,84,"[""현재가가 52주 최저가와 동일해 52주 내 위치가 0.0%로, 기술적으로도 약세 추세의 바닥권에 머물러 있습니다."", ""최근 1개월 수익률이 -21.97%로 단기 모멘텀이 매우 부정적이며, 향후 20거래일 내 추가 하락 압력을 시사합니다."", ""거래량 변화율이 -19.87%로 수급이 둔화된 상태이고, 적자 기업이라 PER과 ROE로도 상승 근거를 확인할 수 없습니다.""]",6.371681415929204,8.584070796460178,4.652966838735824,3.6872220093370682
247540,에코프로비엠,2025-02-03,119000,Neutral,61,"[""현재가가 52주 최저가 105,500원 대비 크게 반등해 있고 52주 내 현재 위치가 7.2%로 저점권에 가까워 단기 기술적 반등 여지는 있으나, 이미 최근 1개월 수익률이 8.28%로 선반영된 측면도 있습니다."", ""거래량 변화율이 27.46%로 증가해 수급 개선 신호는 보이지만, 52주 최고가 292,500원 대비 여전히 크게 낮아 추세 전환이 확정됐다고 보기에는 근거가 부족합니다."", ""적자 기업으로 PER과 ROE가 의미 있게 작동하지 않고 PBR 8.98은 밸류에이션 부담을 시사해, 향후 20거래일 방향을 Buy 또는 Sell로 단정하기보다 중립이 더 적절합니다.""]",0.3325020781379884,-6.317539484621778,-3.7887891764458645,-10.072123327270974
247540,에코프로비엠,2025-03-04,111900,Sell,78,"[""현재가가 52주 최고가 대비 크게 하락해 있고 52주 내 현재 위치가 3.4%로 바닥권에 가까워, 추세상 약세가 우세합니다."", ""최근 1개월 수익률이 -14.58%로 단기 모멘텀이 명확히 부정적이어서 향후 20거래일 내 추가 하락 가능성을 높게 봅니다."", ""거래량 변화율이 20.25%로 변동성은 커졌지만, 적자 상태로 PER이 없고 PBR 8.44의 높은 밸류에이션 부담이 있어 반등 근거보다 하방 리스크가 더 큽니다.""]",5.944986690328305,-18.98846495119787,8.282492547480729,-10.674655459264002
247540,에코프로비엠,2025-04-01,95700,Sell,84,"[""현재가가 52주 최저가(95,700원)와 동일해 52주 내 위치가 0.0%로, 기술적으로도 약세 추세의 바닥권에 머물러 있어 추가 하락 위험을 배제하기 어렵습니다."", ""최근 1개월 수익률이 -19.58%로 단기 모멘텀이 뚜렷하게 악화되어 있으며, 향후 20거래일 내 반등 근거보다 약세 연속성 신호가 더 강합니다."", ""거래량 변화율이 -35.48%로 수급이 위축된 상태이고, 적자 기업이라 PER과 ROE로 실적 기반의 상승 논리를 확인할 수 없어 단기 매수 근거가 약합니다.""]",3.723986856516977,11.171960569550931,9.777867268285982,6.442457758716444
247540,에코프로비엠,2025-05-02,104500,Neutral,61,"[""현재 주가는 52주 최저가 91,100원 대비는 높지만 52주 최고가 245,500원 대비 8.7% 수준에 불과해 추세 반전 여부를 아직 확신하기 어렵습니다."", ""최근 1개월 수익률이 14.46%로 단기 반등 흐름은 있으나, 거래량 변화율이 -30.75%로 상승을 뒷받침하는 수급 강도는 약합니다."", ""적자 상태로 PER과 ROE가 의미 있게 제시되지 않고 PBR 5.97, 시가총액 10.2조원은 밸류에이션 부담을 시사하지만, 20거래일 내 방향성을 단정할 만큼 하락 신호가 압도적이지는 않습니다.""]",-1.1928429423459244,-4.3737574552683895,-3.439629788128358,-8.99737915391673
247540,에코프로비엠,2025-06-02,89000,Sell,78,"[""현재 주가는 52주 최고가 대비 크게 낮고 52주 내 위치가 5.5%에 불과해 중기 추세가 약세 구간에 머물러 있습니다."", ""최근 1개월 수익률이 -13.09%로 단기 모멘텀이 명확히 하락 방향이며, 향후 20거래일에도 반등보다 약세 연장이 더 우세합니다."", ""적자 기업이라 PER과 ROE로 수익성 개선을 확인할 수 없고, PBR 5.14와 시가총액 8.7조원은 현재 주가가 실적 대비 부담스러운 수준으로 해석됩니다.""]",6.324972737186478,15.812431842966193,1.0944372871124974,10.064707872344634
247540,에코프로비엠,2025-07-01,102000,Neutral,61,"[""현재 주가는 52주 최고가 대비 17.7% 수준으로 고점 대비 크게 조정된 상태라 추가 반등 여지는 있으나, 이 자체만으로 20거래일 상승을 단정하기는 어렵습니다."", ""최근 1개월 수익률이 13.33%로 단기 모멘텀은 양호하고 거래량도 27.41% 증가해 수급 개선 신호는 있으나, 이미 단기 상승이 진행된 뒤라 추세 지속 여부는 불확실합니다."", ""적자 기업으로 PER과 ROE가 유효하지 않고 PBR 5.89, 시가총액 10조원은 밸류에이션 부담을 시사해 상승 근거와 하락 부담이 혼재합니다.""]",-2.3255813953488373,10.852713178294573,-3.372668345756045,8.103950121670055
247540,에코프로비엠,2025-08-01,107300,Neutral,58,"[""현재 주가는 52주 최고가 대비 크게 낮고(52주 내 현재 위치 23.1%), 단기적으로는 추가 반등 여지가 있으나 방향성을 강하게 뒷받침할 추세 신호는 부족합니다."", ""최근 1개월 수익률이 1.04%로 사실상 횡보에 가깝고, 거래량 변화율이 -4.00%로 수급 확장도 확인되지 않아 20거래일 상승 근거가 강하지 않습니다."", ""적자 기업으로 PER과 ROE가 의미 있게 작동하지 않으며, PBR 6.20과 시가총액 10.5조원은 밸류에이션 부담을 시사하지만 이를 근거로 단기 하락을 단정할 만큼의 추가 데이터도 부족합니다.""]",24.074074074074073,10.833333333333334,20.529702469860098,9.565573212934378
247540,에코프로비엠,2025-09-01,119900,Neutral,61,"[""최근 1개월 수익률이 7.92%로 단기 모멘텀은 양호하지만, 52주 최고가 대비 현재 위치가 34.6%에 불과해 중기 추세 회복이 충분히 확인되지는 않았습니다."", ""거래량 변화율이 38.12%로 매매 관심은 증가했으나, 이는 상승 지속의 확정 신호라기보다 변동성 확대 가능성도 함께 시사합니다."", ""PER이 적자로 산출되지 않고 PBR이 7.21로 높아 밸류에이션 부담이 존재하므로, 향후 20거래일 내 상승·하락 방향을 단정하기 어렵습니다.""]",-1.5037593984962405,-5.597326649958228,-5.385371489176347,-11.641407254492234
247540,에코프로비엠,2025-10-01,112600,Sell,78,"[""최근 1개월 수익률이 -5.93%로 단기 추세가 약세이며, 향후 20거래일에도 반등보다 추가 조정 가능성이 더 높습니다."", ""거래량 변화율이 -40.04%로 수급이 크게 위축되어 있어 상승 모멘텀 형성이 쉽지 않습니다."", ""52주 최고가 대비 현재 위치가 28.1%에 불과하고, 적자 상태로 PER 산출이 불가한 가운데 PBR 6.77은 밸류에이션 부담을 키워 단기 매수 근거가 약합니다.""]",22.957867583834908,35.85554600171969,21.651458453018407,30.714193938506348
247540,에코프로비엠,2025-11-03,164900,Neutral,61,"[""최근 1개월 수익률이 43.27%로 매우 강한 단기 상승 모멘텀이 확인되지만, 이미 52주 최고가 182,000원 대비 현재가 164,900원이 83.0% 수준까지 올라 추가 상승 여력은 제한적으로 보입니다."", ""거래량 변화율이 280.12%로 급증해 추세 지속 가능성을 시사하지만, 급등 이후에는 단기 과열 및 차익실현 압력도 함께 커질 수 있습니다."", ""PER가 적자로 산출되지 않고 PBR이 9.92로 높아 밸류에이션 부담이 큰 편이어서, 향후 20거래일 방향을 상승으로 단정하기에는 근거가 충분하지 않습니다.""]",-5.067985166872682,-1.6069221260815822,-0.5027607369861036,-1.806583241809472
247540,에코프로비엠,2025-12-01,158900,Sell,84,"[""PER 5125.8, PBR 9.27, ROE 0.2%로 밸류에이션 대비 수익성 개선이 거의 없어 현재 주가를 정당화할 근거가 약합니다."", ""현재가 158,900원은 52주 최고가 174,100원 대비 높은 수준이지만 최근 1개월 수익률이 -0.69%로 단기 모멘텀이 약합니다."", ""거래량 변화율이 -65.77%로 급감해 수급 동력이 둔화된 모습이며, 향후 20거래일 내 추가 상승보다는 조정 가능성이 더 높습니다.""]",14.384422110552764,-10.992462311557789,14.068832183580051,-12.839686628138656
196170,알테오젠,2023-01-02,39600,Neutral,58,"[""현재 주가는 52주 최고가 대비 31.1% 수준으로 고점 대비 크게 조정된 상태라 단기 반등 여지는 있으나, 이것만으로 상승 추세 전환을 확정하기는 어렵습니다."", ""최근 1개월 수익률이 3.26%로 완만한 플러스이지만 거래량 변화율이 -5.88%로 수급 확장이 확인되지 않아 향후 20거래일 방향성을 강하게 지지하지 못합니다."", ""PER 101.8과 PBR 11.19는 밸류에이션 부담이 큰 편이지만 ROE 11.0%는 수익성은 존재함을 보여주어, 상승·하락 근거가 혼재되어 있습니다.""]",-4.40771349862259,14.049586776859504,-7.5338709917702165,0.7641582265965283
196170,알테오젠,2023-02-01,38050,Neutral,61,"[""현재 주가는 52주 최고가 대비 26.6% 수준으로 고점 대비 크게 낮아 기술적으로는 반등 여지가 있지만, 최근 1개월 수익률이 -0.52%로 뚜렷한 상승 모멘텀은 확인되지 않습니다."", ""거래량 변화율이 -39.91%로 수급이 약화된 상태라 단기적으로 강한 추세 전환 신호로 보기 어렵습니다."", ""PER 97.8과 PBR 10.75는 밸류에이션 부담이 큰 편이지만 ROE 11.0%는 수익성은 유지되고 있어, 향후 20거래일 방향을 단정할 만큼 상승·하락 근거가 한쪽으로 강하게 쏠리지는 않습니다.""]",1.6908212560386473,-10.869565217391305,-0.9196257633958478,-15.81319734838447
196170,알테오젠,2023-03-02,36400,Neutral,61,"[""현재 주가는 52주 최고가 대비 21.9% 수준으로 고점 대비 크게 조정되어 있어 단기 반등 여지는 있으나, 최근 1개월 수익률이 -0.82%로 추세 전환이 확인되지는 않습니다."", ""거래량 변화율이 29.68%로 증가해 관심도는 높아졌지만, 이것만으로 향후 20거래일 상승 방향을 확정하기에는 부족합니다."", ""PER 93.6과 PBR 10.29는 밸류에이션 부담이 큰 편이며 ROE 11.0%는 수익성은 있으나 현재 가격을 강하게 지지할 만큼 압도적이지 않아 상승·하락 근거가 혼재합니다.""]",-3.7940379403794036,7.452574525745257,-2.0717478678488166,1.832076532175802
196170,알테오젠,2023-04-03,39150,Neutral,61,"[""현재 주가는 52주 최고가 대비 29.8% 수준으로 고점 대비 크게 조정된 상태라 단기 반등 여지는 있으나, 이것만으로 상승 추세 전환을 확정하기는 어렵습니다."", ""최근 1개월 수익률이 6.10%로 단기 모멘텀은 양호하지만, 상승 폭이 크지 않아 향후 20거래일 추가 상승을 강하게 뒷받침하는 수준은 아닙니다."", ""거래량 변화율이 47.28%로 관심은 증가했지만, 적자 상태로 PER이 없고 PBR 13.79로 밸류에이션 부담이 커 상승과 하락 근거가 혼재합니다.""]",10.652173913043478,-8.478260869565217,5.780385023895329,-6.844998310942757
196170,알테오젠,2023-05-02,43550,Neutral,61,"[""최근 1개월 수익률이 9.84%로 단기 모멘텀은 양호하지만, 20거래일 추가 상승을 단정할 만큼 강한 추세 신호로 보기는 어렵습니다."", ""거래량 변화율이 100.13%로 급증해 관심은 높아졌지만, 이는 상승 지속과 조정 가능성을 동시에 내포해 방향성을 확정하기 어렵습니다."", ""현재 주가는 52주 최고가 대비 42.3% 수준이고 PBR 15.34로 밸류에이션 부담이 큰 편이어서 상승 기대와 조정 위험이 균형을 이룹니다.""]",5.225653206650831,23.040380047505938,7.436331828060256,20.0896459219337
196170,알테오젠,2023-06-01,52800,Neutral,61,"[""최근 1개월 수익률이 21.38%로 단기 모멘텀은 양호해 향후 20거래일에도 추세가 이어질 가능성이 있습니다."", ""다만 거래량 변화율이 -47.21%로 상승 추세를 뒷받침하는 수급 강도가 약해, 추가 상승의 신뢰도는 제한적입니다."", ""현재 주가는 52주 최고가 대비 68.7% 수준이고 PBR이 19.61로 높아 밸류에이션 부담이 존재해, 상승과 하락 근거가 혼재합니다.""]",-11.96911196911197,-16.89189189189189,-14.008141529280627,-19.337575369992486
196170,알테오젠,2023-07-03,43050,Sell,78,"[""최근 1개월 수익률이 -18.47%로 단기 추세가 뚜렷하게 약세이며, 향후 20거래일에도 약세 흐름이 이어질 가능성을 시사합니다."", ""거래량 변화율이 -19.13%로 수급이 둔화된 상태라 반등 동력이 강하다고 보기 어렵습니다."", ""현재 주가는 52주 최고가 대비 크게 낮고(52주 내 현재 위치 40.9%), 적자 상태로 PER이 없으며 PBR 15.99로 밸류에이션 부담이 큰 편이라 상승 근거보다 하방 리스크가 더 큽니다.""]",-5.4958183990442055,5.256869772998805,-4.229526264212747,-0.32402910340568436
196170,알테오젠,2023-08-01,44050,Neutral,58,"[""현재 주가는 52주 최고가 대비 크게 낮고(52주 내 위치 43.7%), 최근 1개월 수익률도 2.32%로 강한 추세 상승 신호는 확인되지 않습니다."", ""거래량 변화율 6.38%는 관심 증가를 시사하지만, 방향성이 뚜렷할 정도의 강한 모멘텀으로 보기에는 제한적입니다."", ""적자 기업으로 PER과 ROE가 유효하지 않고 PBR 16.36, 시가총액 2.4조원은 밸류에이션 부담을 보여 향후 20거래일 상승·하락을 단정하기 어렵습니다.""]",12.574139976275209,7.354685646500593,12.65987687391854,5.305793631023986
196170,알테오젠,2023-09-01,43750,Neutral,61,"[""현재 주가는 52주 최고가 대비 61.0% 수준으로 고점 대비 조정이 진행된 상태지만, 아직 추세 전환을 강하게 뒷받침할 만큼의 추가 상승 근거는 제한적입니다."", ""최근 1개월 수익률이 3.80%로 단기 모멘텀은 플러스이나, 거래량 변화율이 -7.22%로 수급 확장 신호가 약해 상승 지속성을 확신하기 어렵습니다."", ""PER 303.8과 PBR 13.67은 밸류에이션 부담이 매우 크고 ROE 4.5%는 자본효율성이 높지 않아, 향후 20거래일 내 뚜렷한 상승 또는 하락을 단정하기 어렵습니다.""]",20.557491289198605,58.6527293844367,21.276626151464153,69.83359017037168
196170,알테오젠,2023-10-04,65300,Sell,78,"[""PER 453.5와 PBR 20.40은 현재 주가가 실적과 자산가치 대비 매우 높은 수준임을 시사해 20거래일 내 추가 상승 여력이 제한적입니다."", ""최근 1개월 수익률이 42.73%로 단기간 급등했고 거래량 변화율도 607.66%로 과열 신호가 강해 단기 차익실현 압력이 커질 수 있습니다."", ""52주 최고가 81,000원 대비 현재가 65,300원은 고점권에 가까운 70.0% 위치이며, ROE 4.5%는 높은 밸류에이션을 정당화할 만큼 강하지 않습니다.""]",-4.798761609907121,6.5015479876160995,-7.515298025976632,8.869778493720819
196170,알테오젠,2023-11-01,62800,Sell,78,"[""PER 436.1과 PBR 19.62는 현재 주가가 실적과 자산가치 대비 매우 높은 수준임을 보여 20거래일 내 추가 상승 여력이 제한적입니다."", ""ROE 4.5%로 수익성은 낮은 편인데 시가총액이 3.4조원으로 커서, 단기적으로 밸류에이션 부담을 해소할 강한 모멘텀이 부족합니다."", ""최근 1개월 수익률이 -0.79%이고 거래량 변화율이 -56.39%로 약세 흐름과 수급 둔화가 동시에 나타나 단기 하락 가능성이 더 높습니다.""]",-8.797653958944283,17.302052785923756,-12.683322402606615,9.688575222650645
196170,알테오젠,2023-12-01,82600,Sell,84,"[""현재가가 52주 최고가와 동일해 52주 내 위치가 100.0%로, 단기적으로는 추가 상승 여력보다 고점 부담이 더 크게 작용할 가능성이 있습니다."", ""최근 1개월 수익률이 21.11%로 이미 강한 상승이 반영된 상태인데 거래량 변화율은 -14.37%로 수급 확장이 동반되지 않아 추세 지속 신뢰도가 낮습니다."", ""PER 594.2와 PBR 26.86은 현재 주가가 실적과 자산가치 대비 매우 높은 수준임을 시사하며, ROE 4.5%는 밸류에이션을 정당화할 만큼 강하지 않습니다.""]",-7.388535031847134,12.738853503184714,-8.200826829269046,8.184950157459806
196170,알테오젠,2024-01-02,91500,Sell,78,"[""현재가 91,500원은 52주 최고가 98,500원의 89.5% 수준으로 고점권에 위치해 있어, 향후 20거래일 내 추가 상승 여력보다 되돌림 위험이 상대적으로 큽니다."", ""최근 1개월 수익률이 16.41%로 단기간에 이미 상당한 상승이 반영되어 있어, 추가 상승을 뒷받침할 데이터보다 차익실현 압력이 더 우세합니다."", ""PER 658.3, PBR 29.76은 밸류에이션 부담이 매우 크고 ROE 4.5%는 자본효율성이 낮아 현재 주가 수준을 정당화할 근거가 약합니다.""]",7.513812154696133,-14.585635359116022,7.067491147777585,-6.286818281887568
196170,알테오젠,2024-02-01,71400,Sell,82,"[""최근 1개월 수익률이 -21.11%로 단기 추세가 뚜렷하게 약세이며, 향후 20거래일에도 하방 압력이 이어질 가능성이 높습니다."", ""거래량 변화율이 -25.39%로 감소해 반등을 뒷받침할 수급 동력이 약한 상태입니다."", ""PER 513.7과 PBR 23.22는 현재 주가가 실적 대비 매우 고평가된 수준인데 ROE는 4.5%에 그쳐, 밸류에이션 부담이 단기 주가 하락 요인으로 작용할 수 있습니다.""]",13.350785340314136,154.18848167539267,9.622125718580396,147.3276497841841
196170,알테오젠,2024-03-04,167200,Sell,84,"[""현재가가 52주 최고가(167,200원)와 동일하고 52주 내 위치가 100.0%로, 단기적으로는 고점권 부담이 매우 큰 상태입니다."", ""최근 1개월 수익률이 106.93%로 급등했고 거래량 변화율도 132.99%로 과열 신호가 강해, 향후 20거래일 내 되돌림 가능성이 높습니다."", ""PER 1202.9, PBR 54.37은 밸류에이션 부담이 극단적으로 크고 ROE 4.5%는 이 평가를 정당화할 만큼의 수익성 근거가 약합니다.""]",0.676378772112383,-11.550468262226847,-2.017620327579438,-14.461464718706184
196170,알테오젠,2024-04-01,186300,Neutral,61,"[""최근 1개월 수익률이 16.00%로 단기 모멘텀은 양호하지만, 52주 최고가 대비 현재 위치가 81.8%로 이미 상단 구간에 있어 추가 상승 여력은 제한적으로 보입니다."", ""거래량 변화율이 -20.04%로 상승 추세를 뒷받침하는 수급 강도가 약해, 최근 주가 상승의 지속성을 강하게 확신하기 어렵습니다."", ""PER은 적자로 산출되지 않고 PBR이 66.68로 매우 높아 밸류에이션 부담이 크지만, 이를 근거로 20거래일 내 하락을 단정할 만큼의 직접적인 약세 신호도 부족합니다.""]",1.8823529411764703,6.352941176470588,5.500607968711547,9.057098917136141
196170,알테오젠,2024-05-02,180800,Sell,74,"[""현재가가 52주 최고가 대비 낮은 편이지만 52주 내 위치가 78.7%로 고점권에 가까워, 단기적으로 추가 상승 여력이 제한될 수 있습니다."", ""최근 1개월 수익률이 -2.95%로 약세이며, 거래량 변화율도 -28.05%로 수급 둔화 신호가 나타납니다."", ""적자 기업으로 PER과 ROE가 의미 있게 평가되지 않고 PBR 64.71, 시가총액 9.7조원은 기대가 이미 상당 부분 반영된 고평가 부담으로 해석됩니다.""]",-7.223476297968396,31.772009029345373,-5.9341822904128465,34.05368973268067
196170,알테오젠,2024-06-03,199000,Sell,72,"[""현재가 199,000원은 52주 최고가 219,500원 대비 약 9% 낮아 단기적으로 고점권 부담이 남아 있습니다."", ""52주 내 현재 위치가 88.7%로 매우 높고 최근 1개월 수익률이 12.49%로 이미 강한 상승이 반영되어 있어 향후 20거래일 추가 상승 여력보다 되돌림 위험이 더 커 보입니다."", ""PER 409.5와 PBR 62.27은 밸류에이션 부담이 매우 큰 수준이며, 거래량 변화율 0.16%로 수급 확장도 뚜렷하지 않아 상승 추세의 지속 근거가 약합니다.""]",18.201284796573873,10.706638115631693,15.265741431398435,11.858156133223673
196170,알테오젠,2024-07-01,277500,Sell,78,"[""현재가가 52주 최고가의 95.2% 수준으로 고점권에 위치해 있어, 향후 20거래일 내 추가 상승 여력보다 차익실현 압력이 더 크게 작용할 가능성이 있습니다."", ""최근 1개월 수익률이 54.17%로 매우 가파른 단기 급등 구간이며, 거래량 변화율 16.69%도 단기 과열 이후 변동성 확대 가능성을 시사합니다."", ""PER 571.0과 PBR 86.83은 현재 주가가 실적·자산 대비 매우 높은 평가를 받고 있음을 의미해, 단기적으로는 밸류에이션 부담이 하방 리스크로 작용할 수 있습니다.""]",0.0,22.095238095238095,-3.6763022496415263,25.243772273642982
196170,알테오젠,2024-08-01,319000,Sell,84,"[""현재가 319,000원은 52주 최고가 320,500원 대비 99.5% 수준으로, 단기적으로 가격이 고점 부근에 위치해 추가 상승 여력이 제한적입니다."", ""최근 1개월 수익률이 23.40%로 이미 강한 상승이 반영된 상태이며, 향후 20거래일 관점에서는 차익실현 압력이 커질 수 있습니다."", ""PER 656.4와 PBR 99.82는 밸류에이션 부담이 매우 크고, 거래량 변화율 -22.13%는 상승 추세의 힘이 약해지고 있음을 시사합니다.""]",2.3728813559322033,9.152542372881356,4.284780038133593,10.45109369260471
196170,알테오젠,2024-09-02,322000,Neutral,58,"[""현재가가 52주 최고가와 동일해 52주 내 위치가 100.0%로, 단기적으로 추가 상승 여력이 제한될 수 있어 추격 매수 근거가 약합니다."", ""PBR 91.91은 자산가치 대비 극단적으로 높은 수준이며, PER도 적자라서 현재 제공된 재무지표만으로는 밸류에이션 부담을 완화할 근거가 없습니다."", ""최근 1개월 수익률이 0.94%로 거의 정체되어 있고 거래량 변화율도 -6.97%로 수급 확장이 확인되지 않아 향후 20거래일 방향성을 강하게 단정하기 어렵습니다.""]",-6.29800307219662,13.36405529953917,0.8261601641225349,11.01388367256809
196170,알테오젠,2024-10-02,336000,Neutral,62,"[""현재가 336,000원은 52주 최고가 363,000원 대비 약 7.4% 낮아 단기적으로 추가 상승 여력은 있으나, 52주 내 현재 위치가 91.2%로 이미 고점권에 근접해 있어 추격 매수 근거는 강하지 않습니다."", ""최근 1개월 수익률이 5.33%로 상승 추세는 유지되고 있지만, 거래량 변화율이 -34.73%로 수급 동력이 약화된 모습이라 향후 20거래일 상승 지속성을 확신하기 어렵습니다."", ""PER은 적자로 산출 불가하고 PBR이 95.90으로 매우 높아 밸류에이션 부담이 크며, 이는 주가 하락 리스크와 상승 기대를 동시에 키워 방향성을 단정하기 어렵게 만듭니다.""]",6.320224719101124,9.410112359550562,6.153770455011034,11.347744027474302
196170,알테오젠,2024-11-01,356500,Neutral,61,"[""현재 주가는 52주 최고가의 88.0% 수준으로 고점권에 위치해 있어 추가 상승 여력보다 단기 과열·차익실현 부담이 상대적으로 커 보입니다."", ""최근 1개월 수익률이 9.02%로 이미 상승이 진행된 상태인 반면, 거래량 변화율이 -34.58%로 수급 확장이 동반되지 않아 추세 지속 신호가 강하지 않습니다."", ""적자 기업으로 PER과 ROE가 의미 있게 해석되지 않고 PBR이 101.75로 매우 높아, 제공된 데이터만으로는 향후 20거래일 내 추가 상승을 강하게 지지하기 어렵습니다.""]",14.377406931964057,-22.464698331193837,17.724531905441673,-12.089141361111087
196170,알테오젠,2024-12-02,302000,Neutral,66,"[""최근 1개월 수익률이 -15.29%로 단기 추세는 약세지만, 52주 최고가 대비 현재 위치가 62.0%로 극단적 저점 구간은 아니어서 추가 하락을 단정하기 어렵습니다."", ""거래량 변화율이 247.35%로 급증해 변동성 확대 신호는 강하지만, 이는 상승·하락 어느 방향으로도 해석될 수 있어 방향성 판단 근거로는 불충분합니다."", ""적자 기업으로 PER과 ROE가 의미를 갖기 어렵고 PBR 90.27, 시가총액 16.2조원은 밸류에이션 부담을 시사하지만, 제공된 데이터만으로 20거래일 내 하락 우위를 확정할 만큼의 추가 약세 근거는 부족합니다.""]",-2.1538461538461537,-2.0,2.074584651017761,-4.165605095541407
196170,알테오젠,2025-01-02,300000,Neutral,58,"[""최근 1개월 수익률이 7.14%로 단기 모멘텀은 양호하지만, 52주 최고가 대비 현재 위치가 61.1%에 불과해 추가 상승 여력과 추세 지속성을 단정하기 어렵습니다."", ""거래량 변화율이 -35.13%로 수급 강도가 약화된 모습이라 향후 20거래일 내 상승 추세를 강하게 지지하는 신호로 보기 어렵습니다."", ""PER은 적자로 산출되지 않고 PBR이 89.68로 매우 높아 밸류에이션 부담이 크지만, 이를 근거로 단기 하락을 단정할 만큼의 추가 악화 신호도 제공되지 않아 방향성이 불명확합니다.""]",-2.8257456828885403,23.076923076923077,-4.5444602600819195,18.18007428979997
196170,알테오젠,2025-02-03,352500,Neutral,62,"[""최근 1개월 수익률이 16.92%로 단기 모멘텀은 양호하지만, 52주 최고가 대비 현재 위치가 75.1%로 추가 상승 여력은 제한적으로 보입니다."", ""거래량 변화율이 -51.25%로 강한 가격 상승에도 수급 동력이 약해졌을 가능성이 있어 향후 20거래일 추세 지속을 확신하기 어렵습니다."", ""PER이 없고 PBR이 105.37로 매우 높아 현재 주가가 재무지표 대비 고평가되어 보이므로, 상승과 하락 근거가 혼재해 방향성을 단정하기 어렵습니다.""]",1.06951871657754,10.695187165775401,-3.051772538006313,6.940603323126205
196170,알테오젠,2025-03-04,400000,Sell,74,"[""현재가 400,000원은 52주 최고가 445,500원 대비 약 10% 낮아 단기적으로 추가 상승 여력이 제한된 고점권 구간으로 해석됩니다."", ""최근 1개월 수익률이 7.67%로 이미 상승이 진행된 상태이며, 20거래일 관점에서는 추격 매수보다 되돌림 위험을 더 경계해야 합니다."", ""PER이 적자로 산출되지 않고 PBR이 119.57, 시가총액이 21.4조원으로 매우 높아 제공된 데이터만 보면 밸류에이션 부담이 크고 추가 상승 근거가 약합니다.""]",-12.80193236714976,-12.439613526570048,-10.464426509997336,-4.125804034636181
196170,알테오젠,2025-04-01,371500,Neutral,58,"[""현재 주가는 52주 최고가 대비 74.0% 수준으로 고점 부담이 완전히 해소되지 않았지만, 절대적으로는 고점권에서 크게 이탈한 상태도 아니라 방향성이 뚜렷하지 않습니다."", ""최근 1개월 수익률이 -4.01%로 단기 모멘텀은 약하지만, 거래량 변화율이 65.23%로 커져 있어 하락 추세의 지속과 반등 가능성이 동시에 존재합니다."", ""PER 317.0과 PBR 72.40은 밸류에이션 부담이 매우 크지만 ROE 22.8%는 수익성은 양호함을 보여주어, 향후 20거래일 방향을 단정하기 어렵습니다.""]",-4.137931034482759,-3.1724137931034484,1.9159493772862461,-7.901916603937935
196170,알테오젠,2025-05-02,356500,Sell,78,"[""PER 304.2와 PBR 69.48은 현재 주가가 실적과 자산가치 대비 매우 높은 수준임을 시사해 20거래일 내 추가 상승 여력이 제한적입니다."", ""최근 1개월 수익률이 -1.66%로 약세이고 거래량 변화율도 -57.76%로 급감해 단기 모멘텀이 둔화된 모습입니다."", ""52주 최고가 대비 현재 위치가 68.3%로 고점권에서 완전히 멀지 않은데도 수급이 약해, 단기적으로는 하방 압력이 우세하다고 판단됩니다.""]",-6.03085553997195,3.3660589060308554,-8.277642385754383,-1.2575627926174855
196170,알테오젠,2025-06-02,350000,Neutral,61,"[""PER 149.8과 PBR 50.67은 현재 주가가 매우 높은 기대를 반영하고 있어, 향후 20거래일 내 추가 상승 여력이 제한될 수 있습니다."", ""최근 1개월 수익률이 -3.58%이고 거래량 변화율도 -5.98%로, 단기 모멘텀과 수급이 약화된 모습입니다."", ""ROE 33.8%는 수익성은 우수하지만, 시가총액 18.8조원과 높은 밸류에이션을 감안하면 상승과 하락 근거가 혼재되어 방향성을 단정하기 어렵습니다.""]",7.742782152230972,4.4619422572178475,2.5122467021569914,-1.2857817134037122
196170,알테오젠,2025-07-01,372500,Neutral,62,"[""최근 1개월 수익률이 11.36%로 단기 모멘텀은 양호하지만, 52주 최고가 대비 현재 위치가 61.7%에 그쳐 추가 상승 여력과 단기 추세 강도를 단정하기 어렵습니다."", ""거래량 변화율이 17.93%로 수급 개선 신호는 있으나, 이를 20거래일 내 지속 상승으로 연결할 만큼 강한 추세 확인은 부족합니다."", ""PER 159.4와 PBR 53.92는 밸류에이션 부담이 매우 큰 수준이라 상승 기대와 조정 위험이 공존해 방향성을 확신하기 어렵습니다.""]",7.898089171974522,15.031847133757962,6.851002221567315,12.283084077133443
196170,알테오젠,2025-08-01,422000,Neutral,58,"[""ROE 33.8%로 수익성은 매우 높지만 PER 180.6, PBR 61.09로 밸류에이션 부담이 극단적으로 커 향후 20거래일 상승 여력이 가격에 상당 부분 반영된 상태로 보입니다."", ""현재 주가는 52주 최고가 490,000원 대비 70.2% 위치에 있어 추세상 고점권은 아니지만, 최근 1개월 수익률 6.03%와 거래량 변화율 16.81%는 강한 방향성을 확정할 만큼 충분히 크지 않습니다."", ""시가총액 22.6조원인 대형 KOSDAQ 종목으로 단기적으로는 실적 우수성이 지지 요인이 될 수 있으나, 초고평가 지표가 이를 상쇄해 상승·하락 어느 쪽도 단정하기 어렵습니다.""]",-0.4629629629629629,7.060185185185184,-4.007334567176937,5.792425064786228
196170,알테오젠,2025-09-01,455000,Neutral,61,"[""현재가가 52주 최고가의 83.6% 수준으로 고점권에 위치해 있어 추가 상승 여력보다 단기 과열 부담이 상대적으로 크지만, 아직 최고가를 크게 이탈한 상태는 아닙니다."", ""최근 1개월 수익률이 0.22%로 사실상 횡보에 가깝고 거래량 변화율이 -24.77%로 수급 모멘텀이 약해 향후 20거래일 방향성을 강하게 지지하는 신호가 부족합니다."", ""PER 256.8, PBR 70.63은 매우 높은 밸류에이션이지만 ROE 27.5%는 수익성은 양호함을 보여주어, 고평가 부담과 실적 질의 강점이 서로 상쇄됩니다.""]",3.027027027027027,-0.9729729729729729,-0.8545850636530794,-7.017053577506979
196170,알테오젠,2025-10-01,458000,Neutral,61,"[""현재가가 52주 최고가 대비 78.7% 수준으로 고점권에 가까워 추가 상승 여력은 제한적으로 보이지만, 아직 52주 최고가를 크게 이탈한 상태는 아닙니다."", ""최근 1개월 수익률이 -0.97%로 단기 모멘텀이 약하고, 거래량 변화율 17.33%는 방향성보다 변동성 확대 신호에 가깝습니다."", ""PER 258.5와 PBR 71.09는 매우 높은 수준이라 밸류에이션 부담이 크지만, ROE 27.5%는 수익성은 양호해 상승·하락 근거가 혼재합니다.""]",-8.377518557794273,16.01272534464475,-9.683927688610776,10.87137328143141
196170,알테오젠,2025-11-03,523000,Sell,74,"[""현재가가 52주 최고가(523,000원)와 동일해 52주 내 위치가 100.0%로, 단기적으로는 고점권 부담이 매우 큰 상태입니다."", ""최근 1개월 수익률이 17.00%로 이미 강한 상승이 반영된 반면 거래량 변화율이 -6.77%로 수급 확장이 확인되지 않아 추가 상승 탄력이 약해 보입니다."", ""PER 295.1과 PBR 81.18은 절대적으로 높은 밸류에이션이며, 향후 20거래일 관점에서는 기대수익 대비 조정 위험이 더 커 보입니다.""]",-7.103825136612022,-5.100182149362477,-2.5386007067254432,-5.2998432650903675
196170,알테오젠,2025-12-01,542000,Sell,74,"[""현재가 542,000원은 52주 최고가 559,000원 대비 매우 근접해 52주 내 현재 위치가 94.0%로, 단기적으로 추가 상승 여력이 제한적입니다."", ""최근 1개월 수익률이 10.95%로 이미 단기 상승이 진행된 상태이며, 거래량 변화율 31.54%는 추세가 과열 구간에 가까울 가능성을 시사합니다."", ""PER 229.2와 PBR 77.33은 밸류에이션 부담이 매우 크고, 향후 20거래일 관점에서는 높은 기대치가 이미 주가에 반영되어 하락 리스크가 더 크다고 판단됩니다.""]",-12.284069097888676,-12.284069097888676,-12.599659024861388,-14.131293414469543
034020,두산에너빌리티,2023-01-02,15250,Sell,84,"[""최근 1개월 수익률이 -8.96%로 단기 추세가 하락 방향이며, 향후 20거래일에도 약세 흐름이 이어질 가능성이 높습니다."", ""거래량 변화율이 -36.72%로 수급이 둔화되어 있어 반등 탄력이 약한 상태로 해석됩니다."", ""PER 138.6에 비해 ROE가 0.7%로 매우 낮아 이익 대비 밸류에이션 부담이 크고, 현재가가 52주 최고가 대비 낮아도 이를 정당화할 실적 모멘텀이 부족합니다.""]",8.609271523178808,9.933774834437086,2.6313927844693,-1.343200664508247
034020,두산에너빌리티,2023-02-01,16530,Neutral,61,"[""최근 1개월 수익률이 7.34%로 단기 모멘텀은 양호하지만, 52주 최고가 대비 현재 위치가 36.6%에 불과해 추세가 강한 상승 국면이라고 보기는 어렵습니다."", ""PER 150.3과 ROE 0.7%는 이익 대비 밸류에이션 부담이 매우 크고 수익성도 낮아, 향후 20거래일 상승을 뒷받침하는 펀더멘털 근거가 약합니다."", ""PBR 1.07은 자산가치 대비 과도한 고평가는 아니지만, 거래량 변화율 14.73% 외에 방향성을 강하게 확정할 추가 신호가 부족해 상승·하락 판단이 균형적입니다.""]",-4.337349397590361,0.7228915662650602,-4.849322437997342,2.213851029665466
034020,두산에너빌리티,2023-03-02,16580,Sell,74,"[""PER 150.7과 ROE 0.7% 조합은 현재 주가가 이익창출력 대비 매우 비싸게 평가되고 있음을 시사해 20거래일 내 추가 상승 근거가 약합니다."", ""최근 1개월 수익률이 -0.72%로 약세이고 거래량 변화율도 -13.17%로 감소해 단기 수급 모멘텀이 둔화된 모습입니다."", ""현재 주가는 52주 최고가 대비 37.0% 수준으로 고점 대비 크게 낮지만, PBR 1.08은 저평가를 강하게 뒷받침하지 못해 반등보다 약세 지속 가능성을 더 높게 봅니다.""]",6.997607655502393,1.674641148325359,8.538681719982446,-0.16699992286091292
034020,두산에너빌리티,2023-04-03,17060,Neutral,61,"[""현재 주가는 52주 최고가 대비 44.4% 수준으로 고점 대비 부담은 줄었지만, 아직 52주 범위의 중간 구간에 있어 강한 추세 전환 신호로 보기에는 부족합니다."", ""최근 1개월 수익률이 2.03%로 완만한 플러스이나 상승 탄력이 크지 않고, 거래량 변화율 93.09%는 수급 관심 확대를 시사하지만 방향성이 상승으로 확정되었다고 단정하기 어렵습니다."", ""PER은 적자로 산출 불가하고 ROE도 N/A로 수익성 판단이 제한되며, PBR 1.53은 극단적으로 저평가된 수준은 아니어서 20거래일 내 뚜렷한 상승·하락 우위를 확신하기 어렵습니다.""]",-1.7939814814814814,-9.895833333333332,-4.50914892688585,-10.737998855746056
034020,두산에너빌리티,2023-05-02,16130,Neutral,61,"[""최근 1개월 수익률이 -5.12%로 단기 모멘텀이 약해 20거래일 내 추가 상승을 강하게 기대하기 어렵습니다."", ""현재 주가는 52주 최고가 대비 낮고 52주 내 위치가 35.1%로 중간 이하 구간에 있어 방향성이 아직 뚜렷하게 전환됐다고 보기 어렵습니다."", ""거래량 변화율이 10.44%로 수급 개선 신호는 있으나, 적자 상태로 PER과 ROE가 유효하지 않아 이를 뒷받침할 펀더멘털 근거가 제한적입니다.""]",-1.5414258188824663,5.5876685934489405,-1.1256586484978781,1.5915064442524893
034020,두산에너빌리티,2023-06-01,16200,Sell,74,"[""최근 1개월 수익률이 -2.94%로 단기 모멘텀이 약해 향후 20거래일 내 추가 약세 가능성을 시사합니다."", ""거래량 변화율이 -49.60%로 급감해 매수세 유입이 둔화된 상태로 해석되며, 단기 반등 동력이 약합니다."", ""현재 주가는 52주 최고가 대비 낮고(52주 내 현재 위치 35.8%), 적자 상태로 PER이 산출되지 않아 실적 기반의 강한 상승 근거도 부족합니다.""]",12.165450121654501,10.097323600973237,11.089474478144961,10.054653612966975
034020,두산에너빌리티,2023-07-03,18100,Buy,74,"[""최근 1개월 수익률이 11.73%로 양호해 단기 상승 모멘텀이 확인됩니다."", ""거래량 변화율이 110.19%로 크게 증가해 주가 움직임에 대한 시장 참여가 확대된 상태입니다."", ""현재 주가는 52주 최고가 대비 아직 54.7% 수준에 머물러 있어 추가 상승 여지가 남아 있습니다.""]",5.189732142857143,-2.34375,6.378174712391837,-5.187991529165438
034020,두산에너빌리티,2023-08-01,17500,Neutral,58,"[""PER이 적자로 산출되지 않아 이익 기반 밸류에이션 판단이 어렵고, PBR 1.52는 극단적으로 저평가된 수준은 아니다."", ""최근 1개월 수익률이 -3.31%로 단기 모멘텀이 약하며, 거래량 변화율 -26.89%는 수급 둔화를 시사한다."", ""52주 최고가 대비 현재 위치가 48.8%로 중립적 구간에 있어, 향후 20거래일 방향을 강하게 단정할 만한 가격 신호가 부족하다.""]",-3.900508762012436,2.996042962125495,-3.466718196861683,5.296852831911879
034020,두산에너빌리티,2023-09-01,17470,Neutral,58,"[""현재 주가는 52주 최고가 대비 중간 수준(52주 내 현재 위치 51.0%)으로 과열도 아니지만 강한 상승 추세도 확인되지 않습니다."", ""최근 1개월 수익률이 -1.24%로 약세이며 거래량 변화율도 -31.44%로 수급 모멘텀이 둔화된 모습입니다."", ""PER은 적자로 산출 불가하고 PBR 1.50은 극단적으로 저렴하지도 비싸지도 않아, 향후 20거래일 방향을 단정할 만한 재무·기술 근거가 부족합니다.""]",0.17452006980802792,-10.180337405468295,1.2451126294412358,-3.377605788745842
034020,두산에너빌리티,2023-10-04,15770,Sell,74,"[""최근 1개월 수익률이 -11.15%로 단기 추세가 뚜렷하게 약세이며, 향후 20거래일에도 반등보다 추가 조정 가능성이 더 높습니다."", ""현재 주가는 52주 최고가 19,300원 대비 크게 낮고 52주 내 위치도 47.3%로 중간 이하 수준이라 강한 상승 모멘텀이 확인되지 않습니다."", ""거래량 변화율이 11.28%로 증가했지만, 가격은 하락 중이어서 매수 유입보다 하락 압력 또는 변동성 확대 신호로 해석하는 것이 더 타당합니다.""]",-6.439150032195751,-9.980682549903412,-8.625453909712816,-8.513716332562765
034020,두산에너빌리티,2023-11-01,13460,Sell,82,"[""최근 1개월 수익률이 -17.57%로 단기 추세가 뚜렷하게 약세이며, 향후 20거래일에도 반등보다 추가 하락 가능성이 더 높습니다."", ""거래량 변화율이 -39.85%로 수급이 위축된 상태라 하락 추세의 신뢰도가 높고, 단기 매수세 유입 근거가 약합니다."", ""현재 주가는 52주 최고가 대비 크게 낮고 52주 내 위치가 8.0%에 불과해 기술적으로도 약세 구간에 있으며, 적자 상태로 PER이 없어 밸류에이션 측면의 즉각적인 상승 촉매도 제한적입니다.""]",1.4378145219266714,13.587347232207044,-2.1454419907572735,5.385889346994162
034020,두산에너빌리티,2023-12-01,15270,Neutral,61,"[""최근 1개월 수익률이 9.78%로 단기 모멘텀은 양호하지만, 52주 최고가 대비 현재 위치가 31.5%에 불과해 추세가 강한 상승 국면이라고 보기는 어렵습니다."", ""거래량 변화율이 -23.98%로 감소해 상승 추세의 신뢰도를 높여주지 못하며, 단기 추가 상승을 뒷받침하는 수급 근거가 약합니다."", ""PER은 적자로 산출 불가하고 ROE도 N/A로 수익성 판단이 제한되며, PBR 1.30은 극단적으로 저평가된 수준은 아니라서 20거래일 방향성을 강하게 단정하기 어렵습니다.""]",-0.6406149903907752,-0.25624599615631005,-1.0545397205047062,-3.1219093294233797
034020,두산에너빌리티,2024-01-02,16010,Neutral,61,"[""최근 1개월 수익률이 6.24%로 단기 모멘텀은 양호하지만, 20거래일 추가 상승을 확정할 만큼 강한 추세 신호로 보기는 어렵습니다."", ""현재 주가는 52주 최고가 대비 44.0% 수준으로 고점 대비 여유가 있으나, 52주 최저가 대비로는 이미 상당 부분 회복해 상·하방 어느 쪽도 단정하기 어렵습니다."", ""PER은 적자로 산출 불가하고 ROE도 N/A로 수익성 판단이 제한되며, PBR 1.37은 극단적으로 저평가된 수준은 아니어서 방향성을 강하게 지지하지 않습니다.""]",-2.628205128205128,-1.0256410256410255,-0.12255754506388605,3.201704399337201
034020,두산에너빌리티,2024-02-01,15380,Neutral,61,"[""현재 주가는 52주 최고가 대비 33.3% 수준으로 고점 대비 부담은 낮지만, 52주 최저가 13,420원에 아직 가까워 추세 반전의 강한 확인은 부족합니다."", ""최근 1개월 수익률이 -1.41%로 약세이고 거래량 변화율도 -17.18%로 감소해 단기 모멘텀이 강하지 않습니다."", ""PER이 적자로 산출되지 않고 ROE도 N/A인 반면 PBR 1.31은 극단적으로 저평가된 수준은 아니어서, 향후 20거래일 방향성을 강하게 Buy 또는 Sell로 단정하기 어렵습니다.""]",-2.375,-2.3125,-3.6876550963365693,-3.3135285587559347
034020,두산에너빌리티,2024-03-04,15770,Neutral,61,"[""최근 1개월 수익률이 4.92%로 단기 모멘텀은 양호하지만, 52주 최고가 대비 현재 위치가 40.0%에 불과해 추세가 강하게 재가속됐다고 보기에는 아직 제한적입니다."", ""거래량 변화율이 39.06%로 수급 개선 신호는 있으나, 적자 기업이라 PER과 ROE로 실적 기반의 상승 근거를 확인할 수 없습니다."", ""PBR 1.35와 시가총액 10.1조원은 극단적 저평가로 보이진 않으며, 상승과 하락을 단정할 만큼 강한 방향성 신호가 부족합니다.""]",10.155239327296249,8.538163001293661,8.931943486728578,4.621804580519155
034020,두산에너빌리티,2024-04-01,17270,Neutral,61,"[""PER 198.5와 ROE 0.8%는 현재 주가가 이익창출력 대비 매우 비싸 보여 20거래일 내 추가 상승을 강하게 지지하지 않습니다."", ""최근 1개월 수익률이 6.34%로 단기 모멘텀은 양호하고 거래량 변화율 154.92%로 수급 관심은 높지만, 이는 이미 단기 상승이 진행된 뒤의 신호일 수 있습니다."", ""현재가 17,270원은 52주 최고가 19,300원 대비 아직 여유가 있으나 52주 내 위치 65.5%로 중간 이상 구간이라 방향성이 강하게 한쪽으로 기울었다고 보기 어렵습니다.""]",-3.158522050059595,-1.66865315852205,-1.4150708884852585,0.8560820548327772
034020,두산에너빌리티,2024-05-02,16500,Sell,78,"[""PER 189.7과 ROE 0.8%는 현재 주가가 이익창출력 대비 매우 비싸게 평가되고 있음을 시사해 20거래일 내 추가 상승 여력이 제한적입니다."", ""최근 1개월 수익률이 -4.46%로 약세이고 거래량 변화율도 -52.33%로 수급이 둔화되어 단기 모멘텀이 부정적입니다."", ""현재가 16,500원은 52주 최고가 19,280원 대비 아직 상단이지만, 52주 내 위치가 52.6%에 불과해 강한 추세 돌파 근거가 부족합니다.""]",6.948640483383686,16.012084592145015,5.058950836327503,16.554931380830794
034020,두산에너빌리티,2024-06-03,20750,Sell,74,"[""PER 102.2와 PBR 1.81 대비 ROE 1.8%로 수익성 대비 밸류에이션 부담이 커서 20거래일 내 추가 상승 여력이 제한적입니다."", ""현재 주가가 52주 최고가의 87.5% 수준이고 최근 1개월 수익률이 23.51%로 이미 단기 급등 구간에 있어 차익실현 압력이 높습니다."", ""거래량 변화율이 275.13%로 급증해 단기 과열 신호가 강하며, 이런 경우 향후 20거래일 관점에서는 되돌림 가능성을 더 높게 봅니다.""]",4.166666666666666,0.3125,1.6847914553673093,-4.642610626948661
034020,두산에너빌리티,2024-07-01,19950,Sell,78,"[""PER 98.3배와 PBR 1.74배는 현재 이익과 자산가치 대비 밸류에이션 부담이 큰 편인데, ROE 1.8%로 수익성도 낮아 20거래일 내 추가 상승 근거가 약합니다."", ""최근 1개월 수익률이 -3.16%로 단기 모멘텀이 약하고, 거래량 변화율도 -25.70%로 수급이 둔화된 모습이라 단기 반등보다 약세 지속 가능성이 더 높습니다."", ""현재 주가가 52주 최고가 대비 아직 77.9% 위치에 있지만 최고점 돌파를 뒷받침할 강한 실적·수급 신호가 없고, 시가총액 12.8조원 규모에서 단기 재평가 여지도 제한적입니다.""]",15.106052767718573,-3.983445421624418,11.994785030399903,-2.4490280111830414
034020,두산에너빌리티,2024-08-01,18710,Neutral,61,"[""PER 92.2와 ROE 1.8%는 현재 이익 대비 밸류에이션 부담이 크고 수익성도 낮아, 20거래일 내 강한 상승 근거로 보기 어렵습니다."", ""최근 1개월 수익률이 -2.86%로 단기 모멘텀이 약하지만, 52주 최고가 대비 현재 위치가 59.9%로 극단적 약세 구간은 아닙니다."", ""거래량 변화율 107.73%는 관심 증가를 시사하지만 방향성이 상승인지 하락인지 데이터만으로 단정하기 어려워, 상승·하락 근거가 균형적입니다.""]",0.0,1.1305822498586773,3.279288839731118,0.9508491217922864
034020,두산에너빌리티,2024-09-02,17890,Sell,78,"[""최근 1개월 수익률이 -4.38%로 단기 추세가 약세이며, 향후 20거래일에도 반등보다 추가 조정 가능성이 더 높습니다."", ""거래량 변화율이 -73.22%로 급감해 매수세 유입이 약하고, 주가 방향성을 지지할 수 있는 수급 동력이 부족합니다."", ""PER 72.1은 ROE 2.1% 대비 매우 높아 밸류에이션 부담이 크고, 현재가가 52주 최고가 대비 낮지만 추세·수급·수익성 측면에서 상승 근거가 약합니다.""]",-6.175637393767705,4.079320113314448,-0.8765902465089761,6.716459228313528
034020,두산에너빌리티,2024-10-02,17310,Sell,78,"[""최근 1개월 수익률이 -6.33%로 단기 추세가 약세이며, 향후 20거래일에도 반등보다 추가 조정 가능성이 더 높습니다."", ""거래량 변화율이 -26.67%로 수급이 둔화되어 있어 상승 모멘텀 형성이 약합니다."", ""PER 69.8과 ROE 2.1%는 이익 대비 밸류에이션 부담이 큰 반면 수익성은 낮아, 현재 주가를 지지할 근거가 약합니다.""]",6.0884549109707065,14.876507754164273,4.003394729082481,14.127006837718458
034020,두산에너빌리티,2024-11-01,19980,Neutral,66,"[""최근 1개월 수익률이 11.56%로 단기 모멘텀은 양호하고 거래량 변화율도 188.26%로 강해 추가 상승 여지는 있으나, 이미 52주 최고가 대비 74.3% 수준까지 올라 단기 추세가 과열될 가능성도 있습니다."", ""PER 80.6은 매우 높고 ROE 2.1%는 낮아 현재 주가가 실적 대비 비싸게 평가되고 있어 20거래일 내 추가 상승을 강하게 뒷받침하기 어렵습니다."", ""PBR 1.69와 시가총액 12.8조원은 극단적 저평가 신호가 아니어서, 기술적 강세와 밸류에이션 부담이 서로 상쇄되어 방향성을 확신하기 어렵습니다.""]",4.5,3.5000000000000004,6.7136216333136325,8.694729950520856
034020,두산에너빌리티,2024-12-02,20700,Neutral,61,"[""PER 161.7과 ROE 1.1%는 현재 주가가 이익창출력 대비 매우 비싸게 평가되고 있음을 시사해 20거래일 내 추가 상승 근거가 약합니다."", ""주가가 52주 최고가 대비 78.5% 수준으로 고점권에 근접해 있어 단기적으로는 상승 여력보다 부담이 더 크게 보입니다."", ""최근 1개월 수익률은 3.60%로 양호하지만 거래량 변화율이 -12.90%로 수급 강도가 약해 추세 지속성을 확신하기 어렵습니다.""]",-18.77068557919622,-13.947990543735225,-15.480417189931797,-11.62088362801186
034020,두산에너빌리티,2025-01-02,18060,Sell,84,"[""최근 1개월 수익률이 -14.61%로 단기 추세가 뚜렷하게 약세이며, 향후 20거래일에도 반등보다 추가 조정 가능성이 더 높습니다."", ""거래량 변화율이 -9.28%로 수급 동력이 약해 보이며, 하락 추세를 되돌릴 만한 매수세가 확인되지 않습니다."", ""PER 141.1과 ROE 1.1%는 현재 주가 수준에 비해 이익 창출력이 매우 낮다는 뜻으로, 밸류에이션 부담이 커 단기 주가 상승 근거가 약합니다.""]",9.89010989010989,31.868131868131865,6.865440777280636,27.984712263886028
034020,두산에너빌리티,2025-02-03,23350,Sell,78,"[""현재가 23,350원은 52주 최고가 24,700원의 87.0% 수준으로 단기적으로 고점권에 근접해 있어 추가 상승 여력이 제한적입니다."", ""최근 1개월 수익률이 30.74%로 이미 강한 상승이 선반영된 상태이며, 향후 20거래일에는 차익실현 압력이 커질 수 있습니다."", ""PER 182.4와 ROE 1.1%는 밸류에이션 대비 수익성이 매우 약해 현재 주가 수준을 정당화하기 어렵습니다.""]",-3.483606557377049,10.245901639344263,-5.794934724875815,7.165742554204698
034020,두산에너빌리티,2025-03-04,25500,Neutral,61,"[""PER 199.2와 PBR 2.20은 밸류에이션 부담이 큰 편이지만, ROE 1.1%로 수익성은 낮아 현재 가격을 정당화할 실적 근거가 약합니다."", ""최근 1개월 수익률이 6.69%로 단기 모멘텀은 양호하고 거래량 변화율 45.51%도 수급 개선 신호로 볼 수 있어 추가 상승 가능성을 완전히 배제하기 어렵습니다."", ""52주 최고가 대비 현재 위치가 70.0%로 추세상 중상단 구간이지만, 고평가와 낮은 수익성, 단기 모멘텀의 상충으로 20거래일 방향성을 단정하기 어렵습니다.""]",-2.41635687732342,-10.966542750929369,-3.068786581834139,-8.92325331685057
034020,두산에너빌리티,2025-04-01,23850,Sell,78,"[""최근 1개월 수익률이 -6.10%로 단기 추세가 약세이며, 향후 20거래일에도 반등보다 추가 조정 가능성이 더 높습니다."", ""거래량 변화율이 -40.81%로 수급 동력이 크게 둔화되어 있어 상승 추세 전환의 신뢰도가 낮습니다."", ""PER 137.1과 PBR 2.04는 현재 ROE 1.5% 대비 밸류에이션 부담이 큰 편이라, 실적 대비 주가 하방 압력이 우세합니다.""]",-15.866388308977037,20.876826722338205,-7.399833912482409,18.851573914918795
034020,두산에너빌리티,2025-05-02,27700,Sell,78,"[""PER 159.2와 PBR 2.37은 현재 주가가 실적 대비 상당히 비싸게 평가되고 있음을 시사하는 반면 ROE 1.5%는 자본효율이 매우 낮아 20거래일 내 추가 상승 근거가 약합니다."", ""현재 주가는 52주 최고가 30,300원 대비 83.3% 위치로 단기적으로 고점권에 가까워, 최근 1개월 수익률 15.66% 이후 되돌림 압력이 커질 수 있습니다."", ""거래량 변화율이 -23.10%로 상승 추세를 뒷받침하는 수급 확장이 확인되지 않아, 단기 모멘텀의 지속성보다 둔화 가능성이 더 높습니다.""]",14.652014652014653,68.13186813186813,12.057795987005719,58.875127126350996
034020,두산에너빌리티,2025-06-02,40950,Sell,78,"[""현재가 40,950원은 52주 최고가 42,350원의 94.7% 수준으로, 단기적으로 상승 여력이 제한된 고점권에 위치해 있습니다."", ""최근 1개월 수익률이 41.70%로 매우 가파르고 거래량 변화율도 137.83%로 급증해, 단기 과열 이후 되돌림 위험이 커 보입니다."", ""PER은 적자로 산출 불가하고 PBR 3.45는 수익성 대비 밸류에이션 부담이 있는 수준이라, 향후 20거래일 내 추가 상승 근거가 강하지 않습니다.""]",28.01875732708089,45.1348182883939,22.634469529878597,32.66820166671961
034020,두산에너빌리티,2025-07-01,62500,Sell,74,"[""최근 1개월 수익률이 48.10%로 단기간 급등해 20거래일 관점에서는 차익실현 압력이 커질 수 있습니다."", ""현재 주가가 52주 최고가의 87.9% 수준으로 고점권에 위치해 추가 상승 여력이 제한적으로 보입니다."", ""PER은 적자로 산출 불가하고 PBR 5.27은 높은 편이라, 제공된 데이터만 보면 밸류에이션 부담이 주가 하락 쪽으로 작용할 가능성이 있습니다.""]",4.545454545454546,3.4090909090909087,2.637199096780379,-2.42526679449861
034020,두산에너빌리티,2025-08-01,61400,Sell,72,"[""현재가 61,400원은 52주 최고가 68,900원 대비 높은 수준(52주 내 위치 85.9%)으로, 단기적으로 추가 상승 여력이 제한적일 수 있습니다."", ""최근 1개월 수익률이 -0.81%로 약세이며, 거래량 변화율도 -40.87%로 수급 모멘텀이 둔화된 모습입니다."", ""PER은 적자로 산출 불가하고 ROE도 N/A인 반면 PBR 5.17은 높아, 제공된 데이터만 보면 밸류에이션 부담 대비 상승 근거가 강하지 않습니다.""]",7.931570762052877,-6.065318818040436,6.056580689779031,-6.846829420851965
034020,두산에너빌리티,2025-09-01,59600,Sell,74,"[""최근 1개월 수익률이 -9.15%로 단기 추세가 이미 약세이며, 향후 20거래일에도 반등보다 추가 조정 가능성이 더 높습니다."", ""현재 주가는 52주 최고가 대비 81.5% 수준으로 고점권에 위치해 있어, 상승 여력보다 차익실현 압력이 상대적으로 커 보입니다."", ""PER이 적자로 산출되지 않고 PBR이 5.04로 높아 밸류에이션 부담이 존재하는 반면, 제공된 데이터상 이를 상쇄할 만큼의 명확한 모멘텀은 확인되지 않습니다.""]",2.980132450331126,3.80794701986755,0.21562033785929025,-4.14357157045193
034020,두산에너빌리티,2025-10-01,64600,Sell,72,"[""현재가가 52주 최고가의 90.8% 수준으로 고점권에 위치해 있어, 향후 20거래일 내 추가 상승 여력보다 단기 조정 위험이 더 크게 보입니다."", ""최근 1개월 수익률이 6.95%로 이미 단기 상승이 진행된 반면 거래량 변화율이 -28.57%로 수급 동력이 약해져 상승 지속성을 뒷받침하기 어렵습니다."", ""PER은 적자로 산출 불가하고 PBR 5.46은 높은 편이라, 제공된 데이터만 기준으로는 현재 주가가 펀더멘털 대비 부담스러운 구간으로 해석됩니다.""]",29.166666666666668,22.376543209876544,23.555277089831264,8.930170636825082
034020,두산에너빌리티,2025-11-03,89500,Sell,74,"[""현재 주가는 52주 최고가의 91.3% 수준으로 이미 고점권에 근접해 있어, 향후 20거래일 내 추가 상승 여력보다 되돌림 위험이 더 크게 보입니다."", ""최근 1개월 수익률이 41.84%로 단기간 급등했고 거래량도 50.47% 증가해 과열 이후 단기 조정 가능성을 시사합니다."", ""PER이 적자로 산출되지 않고 PBR이 7.56으로 높아, 제공된 재무지표만 보면 현재 밸류에이션이 주가 상승을 뒷받침하기보다 부담으로 작용할 가능성이 있습니다.""]",-12.625698324022347,-16.201117318435752,-12.253282790776693,-13.124504043459652
034020,두산에너빌리티,2025-12-01,74900,Sell,78,"[""최근 1개월 수익률이 -15.56%로 단기 추세가 뚜렷하게 약세이며, 향후 20거래일에도 모멘텀 둔화가 이어질 가능성이 높습니다."", ""거래량 변화율이 -40.68%로 수급 참여가 크게 줄어든 상태라 반등 탄력이 약할 수 있습니다."", ""현재 주가는 52주 최고가 대비 아직 높은 구간(52주 내 현재 위치 72.9%)이지만, 적자 상태로 PER이 없고 PBR 6.23으로 밸류에이션 부담이 있어 추가 상승 근거가 약합니다.""]",2.2666666666666666,0.26666666666666666,-1.4535487063186006,-7.610818045205638
