ticker,name,signal_date,price,signal,confidence,reasons,return_5d,return_20d,excess_return_5d,excess_return_20d
005930,삼성전자,2023-01-02,55500,Sell,78,"[""최근 1개월 수익률이 -11.34%로 단기 추세가 약하고, 거래량 변화율도 -18.94%로 수급 둔화가 확인됩니다."", ""현재 주가는 52주 최고가 대비 크게 낮고 52주 내 현재 위치가 10.4%에 불과해, 20거래일 내 반등보다 약세 지속 가능성이 더 높습니다."", ""PER 9.0과 PBR 1.12, ROE 12.4% 및 양호한 현금흐름은 펀더멘털을 지지하지만, 2022 3분기 영업이익이 전년동기 대비 -31.4%로 감소해 단기 주가 모멘텀을 상쇄합니다.""]",9.025270758122744,14.620938628158845,3.047392019413236,3.3439631292135115
005930,삼성전자,2023-02-01,61800,Buy,74,"[""최근 1개월 수익률이 +11.75%이고 거래량 변화율도 +47.34%로, 단기 모멘텀과 수급 개선이 동시에 확인됩니다."", ""현재 주가는 52주 최고가 대비 아직 40.4% 수준에 머물러 있어 추가 반등 여지가 남아 있습니다."", ""PER 10.0, PBR 1.25, ROE 12.5%와 부채비율 36.4%, 영업현금흐름 +43.6조원은 밸류에이션과 재무안정성 측면에서 20거래일 내 하방보다 상방을 더 지지합니다.""]",-0.7874015748031495,-4.724409448818897,-1.2993746152101306,-3.233449985418491
005930,삼성전자,2023-03-02,60800,Neutral,61,"[""PER 9.9, PBR 1.23, ROE 12.5%로 밸류에이션과 수익성은 무난하지만, 이것만으로 향후 20거래일 주가 상승을 강하게 뒷받침하진 않습니다."", ""최근 1개월 수익률이 -0.33%로 약세이고 거래량 변화율도 -18.98%로 수급 모멘텀이 둔화되어 단기 상승 신호가 강하지 않습니다."", ""52주 최고가 대비 현재 위치가 40.4%로 중간 이하 구간이며, 2022 3분기 영업이익이 전년동기 대비 -31.4% 감소해 실적 모멘텀도 혼재되어 있습니다.""]",-1.6528925619834711,5.785123966942149,-0.11181849750341843,3.943482895755877
005930,삼성전자,2023-04-03,63100,Buy,74,"[""PER 7.8과 PBR 1.24는 현재 주가가 실적과 자산가치 대비 과도하게 비싸지 않음을 시사해 20거래일 내 추가 상승 여지가 있습니다."", ""최근 1개월 수익률이 4.30%로 이미 단기 상승 추세가 형성되어 있고, 거래량 변화율 3.55%도 추세 지속 가능성을 뒷받침합니다."", ""52주 최고가 대비 아직 60.7% 수준에 머물러 있어 고점 부담이 크지 않으며, 부채비율 26.4%와 영업현금흐름 +62.2조원은 재무 안정성을 지지합니다.""]",3.6163522012578615,2.8301886792452833,0.9011847558534929,1.9880231568325588
005930,삼성전자,2023-05-02,65700,Neutral,66,"[""PER 8.2와 PBR 1.29, ROE 15.8%는 밸류에이션과 수익성 측면에서 무난하지만, 이것만으로 향후 20거래일의 주가 상승을 강하게 뒷받침하진 않습니다."", ""현재 주가는 52주 최고가 68,100원 대비 84.5% 위치로 고점 근처에 있어 단기 추가 상승 여력보다 차익실현 압력이 존재할 수 있습니다."", ""최근 1개월 수익률이 +2.66%이고 거래량 변화율이 +18.24%로 수급은 개선됐지만, 2022년 영업이익이 전년 대비 -16.0% 감소해 실적 모멘텀이 강한 상승 신호로 보긴 어렵습니다.""]",-1.834862385321101,10.397553516819572,-1.4190952149365128,6.4013913676231216
005930,삼성전자,2023-06-01,70900,Neutral,66,"[""최근 1개월 수익률이 +8.24%이고 현재가가 52주 최고가 72,300원 대비 92.9% 수준으로 단기 모멘텀은 양호하지만, 상승 여력이 크다고 보기는 어렵습니다."", ""PER 10.7, PBR 1.38, ROE 12.9%는 밸류에이션과 수익성 측면에서 무난하나, 2023년 1분기 영업이익이 전년동기 대비 -95.5% 급감해 실적 추세가 주가 상승을 강하게 뒷받침하지는 않습니다."", ""부채비율 26.2%와 영업현금흐름 +6.3조원은 재무 안정성을 보여주지만, 거래량 변화율 -8.10%로 수급 강도는 약해 향후 20거래일 방향성을 확신하기 어렵습니다.""]",-1.662049861495845,1.10803324099723,-2.7380255050053854,1.065363252990969
005930,삼성전자,2023-07-03,73000,Neutral,66,"[""현재 주가가 52주 최고가 73,000원에 도달해 52주 내 위치가 100.0%로 단기 상승 여력보다 가격 부담이 큰 구간입니다."", ""최근 1개월 수익률은 +2.96%로 완만한 상승이지만 거래량 변화율이 -8.80%로 수급 확산이 확인되지 않아 추가 상승의 강도가 약합니다."", ""PER 11.0, PBR 1.42, ROE 12.9%와 부채비율 26.2%, 영업현금흐름 +6.3조원은 재무 안정성을 보여주지만, 2023년 1분기 영업이익이 전년동기 대비 -95.5%로 급감해 향후 20거래일 방향성을 강하게 단정하기 어렵습니다.""]",-2.054794520547945,-2.6027397260273974,-0.8663519510132514,-5.446981255192835
005930,삼성전자,2023-08-01,71100,Neutral,66,"[""PER 10.7, PBR 1.38, ROE 12.9%와 부채비율 26.2%, 영업현금흐름 6.3조원은 재무 안정성과 수익성 측면에서 과도한 하방 압력을 시사하지 않습니다."", ""다만 2023년 1분기 매출이 전년동기 대비 -18.1%, 영업이익이 -95.5%로 급감했고 영업이익률도 1.0%에 불과해 단기 실적 모멘텀은 매우 약합니다."", ""현재 주가는 52주 최고가의 88.9% 수준으로 고점 근처에 있고 최근 1개월 수익률이 -2.60%이며 거래량 변화율 19.54%는 방향성을 단정할 만큼 충분히 강한 상승 신호로 보기 어렵습니다.""]",-1.4306151645207439,-4.291845493562231,-0.9968245993699907,-1.9910356237758466
005930,삼성전자,2023-09-01,71000,Neutral,66,"[""PER 13.6, PBR 1.38, ROE 10.2%는 절대적으로 과열된 수준은 아니지만, 향후 20거래일 주가 상승을 강하게 뒷받침할 만큼 저평가 신호도 뚜렷하지 않습니다."", ""주가는 52주 최고가 73,400원 대비 88.5% 수준으로 고점 근처에 있어 추가 상승 여력보다 단기 저항 부담이 존재합니다."", ""최근 1개월 수익률은 +1.57%로 탄력은 약하고 거래량 변화율이 -19.74%로 수급 모멘텀이 둔화되어 있어 방향성을 확신하기 어렵습니다.""]",-0.5617977528089888,-7.303370786516854,0.508794806824219,-0.5006391697944004
005930,삼성전자,2023-10-04,67500,Neutral,66,"[""PER 12.9, PBR 1.31, ROE 10.2%는 밸류에이션과 수익성이 극단적으로 나쁘지 않지만, 이것만으로 향후 20거래일 주가 상승을 강하게 뒷받침하진 않습니다."", ""최근 1개월 수익률이 0.60%로 모멘텀이 약하고, 52주 최고가 대비 현재 위치가 71.6%로 단기 추세가 강한 상승 국면이라고 보기 어렵습니다."", ""2023 2분기 매출이 전년동기 대비 -22.3%, 영업이익이 -95.3%로 급감해 실적 측면의 부담이 크지만, 부채비율 24.8%와 영업현금흐름 14.5조원은 재무 안정성을 지지해 방향성이 상쇄됩니다.""]",1.9490254872563717,4.3478260869565215,-0.23727839026069364,5.814792304297168
005930,삼성전자,2023-11-01,68600,Sell,78,"[""최근 1개월 수익률이 0.00%로 모멘텀이 약하고, 52주 최고가 대비 현재 위치가 73.5%로 단기 상승 여력이 크다고 보기 어렵습니다."", ""2023년 2분기 매출이 전년동기 대비 -22.3%, 영업이익이 -95.3%로 급감해 실적 측면의 주가 상승 근거가 약합니다."", ""PER 13.1, PBR 1.34, ROE 10.2%와 낮은 부채비율·양호한 영업현금흐름은 안정성은 보여주지만, 향후 20거래일 내 강한 상승을 뒷받침할 촉매로는 부족합니다.""]",0.860832137733142,4.447632711621234,-2.7224243749508026,-3.7538251735916477
005930,삼성전자,2023-12-01,72000,Sell,74,"[""현재가 72,000원은 52주 최고가 73,400원 대비 92.3% 수준으로 고점권에 근접해 있어 단기적으로 추가 상승 여력이 제한적입니다."", ""최근 1개월 수익률은 +3.30%로 이미 단기 반등이 진행된 반면 거래량 변화율이 -16.55%로 수급 강도가 약해 상승 지속 신호가 강하지 않습니다."", ""2023년 3분기 매출과 영업이익이 전년동기 대비 각각 -12.2%, -77.6% 감소해 실적 모멘텀이 약하고 영업이익률도 3.6%에 불과합니다.""]",0.5509641873278237,5.5096418732782375,0.1370394572138926,2.643978540011168
005930,삼성전자,2024-01-02,79600,Sell,74,"[""현재가가 52주 최고가(79,600원)와 동일해 52주 내 위치가 100%로, 단기적으로는 추가 상승 여력이 제한되고 차익실현 압력이 커질 수 있습니다."", ""최근 1개월 수익률이 9.49%로 이미 단기간에 상승이 진행되었고, 거래량 변화율 11.79%는 단기 과열 또는 변동성 확대 가능성을 시사합니다."", ""2023년 3분기 매출과 영업이익이 전년동기 대비 각각 -12.2%, -77.6%로 크게 감소해 실적 모멘텀이 약하며, 영업이익률 3.6%도 수익성 측면에서 부담입니다.""]",-4.415584415584416,-5.584415584415584,-1.9099368324431736,-1.3570701594373578
005930,삼성전자,2024-02-01,73600,Sell,74,"[""최근 1개월 수익률이 -4.42%로 단기 추세가 약하고, 52주 최고가 대비 현재 위치도 70.9% 수준이라 추가 상승 모멘텀이 강하지 않습니다."", ""2023년 3분기 매출과 영업이익이 전년동기 대비 각각 -12.2%, -77.6%로 크게 감소해 실적 둔화가 주가에 부담으로 작용할 가능성이 큽니다."", ""PER 15.7, PBR 1.41, ROE 9.0%는 절대적으로 저평가라고 보기 어렵고, 거래량 변화율 25.71%는 변동성 확대 신호일 수 있어 20거래일 내 상승 근거보다 하락 리스크가 우세합니다.""]",0.0,-3.0585106382978724,-1.312655096336569,-4.059539197053807
005930,삼성전자,2024-03-04,74900,Neutral,66,"[""최근 1개월 수익률이 0.81%로 거의 정체되어 있고 거래량 변화율도 -10.20%로 수급 모멘텀이 약해 20거래일 내 강한 상승 신호가 뚜렷하지 않습니다."", ""2023년 3분기 매출이 전년동기 대비 -12.2%, 영업이익이 -77.6%로 급감해 실적 측면의 단기 주가 상승 근거가 제한적입니다."", ""다만 52주 최고가 대비 현재 위치가 77.2%로 고점 대비 과열은 아니고, 부채비율 24.9%와 영업현금흐름 24.2조원은 재무 안정성을 보여 하락만을 단정하기도 어렵습니다.""]",-0.5427408412483039,15.332428765264586,-1.766036681815974,11.41607034449008
005930,삼성전자,2024-04-01,82000,Sell,82,"[""현재가 82,000원이 52주 최고가 82,400원의 98.0% 수준으로 이미 고점권에 위치해 있어 20거래일 내 추가 상승 여력이 제한적입니다."", ""최근 1개월 수익률이 11.72%로 단기 급등했고 거래량 변화율도 38.21%로 높아 단기 과열 및 차익실현 압력이 커질 수 있습니다."", ""PER 38.5는 높은 편인데 ROE 4.1%와 2023년 영업이익 6.6조원(-84.9%), 영업이익률 2.5%가 보여주는 수익성 약세를 감안하면 현재 밸류에이션을 정당화할 상승 근거가 약합니다.""]",-1.647058823529412,-8.235294117647058,0.09639233804492475,-5.710558904292231
005930,삼성전자,2024-05-02,78000,Sell,78,"[""최근 1개월 수익률이 -4.88%이고 거래량 변화율도 -3.63%로, 단기 추세와 수급이 모두 약세를 보이고 있습니다."", ""2023년 매출이 전년 대비 -14.3%, 영업이익이 -84.9% 급감해 실적 모멘텀이 약하며 영업이익률도 2.5%로 낮습니다."", ""PER 36.6배와 PBR 1.50배는 ROE 4.1% 대비 밸류에이션 부담이 있는 편이라, 향후 20거래일 내 상승 근거보다 조정 가능성이 더 큽니다.""]",1.0309278350515463,-2.9639175257731956,-0.8587618120046372,-2.4210707370874154
005930,삼성전자,2024-06-03,75700,Neutral,61,"[""2024 1분기 매출이 전년동기 대비 12.8% 증가하고 영업이익이 931.9% 급증해 실적 모멘텀은 강하지만, 이는 이미 상당 부분 주가에 반영됐을 가능성을 배제할 수 없습니다."", ""최근 1개월 수익률이 -2.32%이고 거래량 변화율도 -6.31%로 단기 수급과 가격 흐름이 약해 향후 20거래일 내 즉각적인 상승 근거는 제한적입니다."", ""PER 26.1배와 PBR 1.42배는 절대적으로 과도하진 않지만 ROE 5.4%가 높지 않아 밸류에이션과 수익성 측면에서 강한 재평가 상승을 단정하기 어렵습니다.""]",1.593625498007968,8.632138114209829,-0.8882497132913887,3.6770274872611672
005930,삼성전자,2024-07-01,81800,Neutral,66,"[""최근 1개월 수익률이 +11.29%로 단기 상승 모멘텀은 있으나, 거래량 변화율이 -13.74%로 상승 추세의 지속성을 강하게 뒷받침하지는 않습니다."", ""현재 주가는 52주 최고가 85,300원 대비 81.9% 수준으로 고점 근처에 위치해 있어 추가 상승 여력보다 단기 과열·숨고르기 가능성도 함께 존재합니다."", ""2024년 1분기 매출과 영업이익이 각각 전년동기 대비 +12.8%, +931.9% 증가하고 현금흐름과 재무안정성도 양호하지만, PER 28.2와 ROE 5.4%는 밸류에이션 대비 수익성 매력이 압도적이라고 보기 어렵습니다.""]",7.334963325183375,-0.9779951100244498,4.223695587864704,0.556422300416927
005930,삼성전자,2024-08-01,83100,Neutral,66,"[""2024년 1분기 매출이 전년동기 대비 12.8% 증가하고 영업이익이 931.9% 급증해 실적 모멘텀은 분명하지만, 이는 이미 상당 부분 주가에 반영됐을 가능성이 있습니다."", ""현재 주가는 52주 최고가 87,800원 대비 78.4% 위치에 있어 추가 상승 여력은 남아 있으나, 최근 1개월 수익률이 1.59%로 강한 추세가 아니어서 단기 방향성이 뚜렷하지 않습니다."", ""PER 28.7, PBR 1.56, ROE 5.4%는 수익성 대비 밸류에이션 부담이 완전히 낮다고 보기 어렵고, 부채비율 26.6%와 영업현금흐름 11.9조원은 안정적이지만 20거래일 내 강한 상승 또는 하락을 단정할 근거는 부족합니다.""]",-6.155778894472362,-6.532663316582915,-2.8764900547412435,-6.712396444649306
005930,삼성전자,2024-09-02,74400,Neutral,66,"[""2024년 2분기 매출이 전년동기 대비 23.4% 증가하고 영업이익이 1462.2% 급증해 실적 모멘텀은 강하지만, 이는 이미 발표된 과거 실적로서 향후 20거래일 주가 방향을 단정하기에는 제한적입니다."", ""최근 1개월 수익률이 -10.47%이고 거래량 변화율도 -7.31%로 단기 수급과 가격 흐름은 약세이나, 현재 주가가 52주 최고가 대비 크게 낮고 52주 내 위치도 38.5%로 과매도라고 단정할 수준은 아닙니다."", ""PER 18.2, PBR 1.35, ROE 7.4%와 부채비율 26.7%, 영업현금흐름 28.8조원은 재무 안정성을 보여주지만, 밸류에이션과 수익성만으로 단기 상승 또는 하락을 강하게 예측할 근거는 부족합니다.""]",-8.689655172413794,-16.82758620689655,-3.390608025155065,-14.190447091897472
005930,삼성전자,2024-10-02,61300,Neutral,66,"[""최근 1개월 수익률이 -19.76%로 단기 추세가 매우 약하고, 현재가가 52주 최저가(61,300원)와 같아 추가 하락과 반등이 모두 가능한 불확실한 구간입니다."", ""거래량 변화율이 45.60%로 급증해 변동성 확대 신호는 있으나, 이는 상승 추세 확정이 아니라 단기 방향성 불안정으로도 해석됩니다."", ""2024년 2분기 매출(+23.4%)과 영업이익(+1462.2%)이 크게 개선되고 부채비율 26.7%, 영업현금흐름 +28.8조원으로 펀더멘털은 양호하지만, 20거래일 내 주가 방향을 단정할 만큼 기술적 우위가 뚜렷하지 않습니다.""]",0.33003300330033003,-3.1353135313531353,-1.7550271785878957,-3.884814447798951
005930,삼성전자,2024-11-01,58300,Neutral,67,"[""2024년 2분기 매출(+23.4%)과 영업이익(+1462.2%), 영업이익률 14.1%는 실적 모멘텀이 강하다는 점에서 주가 하방을 완전히 지지하지는 않습니다."", ""다만 최근 1개월 수익률이 -5.20%이고 거래량 변화율도 -5.98%로 수급과 단기 추세가 약해 20거래일 내 즉각적인 상승을 강하게 기대하기 어렵습니다."", ""현재 주가는 52주 최고가 대비 7.5% 수준으로 저점권에 가깝지만, PER 14.2배와 PBR 1.06배, ROE 7.4%는 방향성을 강하게 밀어줄 만큼 저평가·고성장으로 보기에는 애매합니다.""]",-6.303236797274275,-8.68824531516184,-4.089615163960643,-3.4935153646409844
005930,삼성전자,2024-12-02,53600,Neutral,67,"[""2024년 3분기 매출이 전년동기 대비 17.4% 증가하고 영업이익이 277.4% 급증해 실적 모멘텀은 분명하지만, 이는 이미 발표된 과거 실적이라 향후 20거래일 주가 방향을 단정하기에는 제한적입니다."", ""현재 주가는 52주 최고가 대비 크게 낮고 52주 내 위치가 9.8%에 불과해 기술적으로는 저점권이지만, 최근 1개월 수익률이 -8.06%로 약세 추세가 이어지고 있어 단기 반등과 추가 하락 가능성이 공존합니다."", ""PER 11.3, PBR 0.97, ROE 8.6%, 부채비율 27.2%, 영업현금흐름 51.0조원은 재무 안정성과 밸류에이션 측면에서 무난하지만, 거래량 변화율 9.54%만으로는 20거래일 내 방향성을 강하게 지지하기 어렵습니다.""]",0.7462686567164178,1.4925373134328357,4.036537045980838,3.8196442291562
005930,삼성전자,2025-01-02,53400,Neutral,66,"[""2024년 3분기 매출이 전년동기 대비 17.4%, 영업이익이 277.4% 증가해 실적 모멘텀은 분명하지만, 이는 이미 공개된 과거 실적이라 향후 20거래일 주가 방향을 단정하기에는 제한적입니다."", ""PER 11.3배, PBR 0.96배, ROE 8.5%는 밸류에이션과 수익성이 무난한 수준이지만, 단기적으로 강한 재평가를 유도할 만큼의 압도적 저평가 신호로 보기는 어렵습니다."", ""주가는 52주 최저가 49,900원에 근접한 52주 내 위치 9.2% 수준이고 최근 1개월 수익률 -1.48%, 거래량 변화율 -32.84%로 수급과 모멘텀은 약하지만, 재무안정성(부채비율 27.2%, 영업현금흐름 +51.0조원)이 하방을 완전히 지지해 방향성이 혼재됩니다.""]",1.6544117647058825,-0.7352941176470588,-1.3702573481233717,-4.618713721892895
005930,삼성전자,2025-02-03,51000,Neutral,67,"[""2024년 3분기 매출이 전년동기 대비 17.4%, 영업이익이 277.4% 증가해 실적 모멘텀은 분명하지만, 이는 이미 과거 실적에 대한 확인 신호입니다."", ""현재 주가는 52주 최저가 49,900원에 매우 근접하고 52주 내 위치가 2.9%로 낮아 기술적으로는 반등 여지가 있으나, 최근 1개월 수익률이 -4.85%이고 거래량도 -2.86%로 수급 개선이 뚜렷하지 않습니다."", ""PER 10.8, PBR 0.92, ROE 8.5%, 부채비율 27.2%, 영업현금흐름 +51.0조원은 재무 안정성을 뒷받침하지만, 향후 20거래일 내 주가 방향을 단정할 만큼 강한 상승 또는 하락 신호로는 부족합니다.""]",5.692599620493358,2.4667931688804554,3.3812714529945924,-0.613365916259109
005930,삼성전자,2025-03-04,54500,Buy,78,"[""2024년 3분기 매출이 전년동기 대비 17.4% 증가하고 영업이익이 277.4% 급증해 실적 모멘텀이 뚜렷합니다."", ""영업이익률 11.6%와 순이익 10.1조원, 영업현금흐름 51.0조원은 수익성과 현금창출력이 함께 개선된 신호입니다."", ""PER 11.5, PBR 0.98, ROE 8.5%로 밸류에이션 부담이 크지 않고, 최근 1개월 수익률 4.01%와 거래량 증가 5.92%도 단기 상승 흐름을 지지합니다.""]",1.6666666666666667,8.88888888888889,1.0142369621559477,10.932178322967689
005930,삼성전자,2025-04-01,58800,Buy,78,"[""최근 1개월 수익률이 +7.89%로 단기 모멘텀이 살아 있고, 52주 최고가 대비 현재 위치가 23.5%로 고점 대비 부담이 크지 않아 추가 반등 여지가 있습니다."", ""2024년 매출이 전년 대비 +16.2%, 영업이익이 +398.3%로 크게 개선되었고 영업이익률 10.9%와 순이익 34.5조원은 실적 개선이 주가에 우호적으로 작용할 가능성을 시사합니다."", ""PER 11.9배, PBR 1.02배, ROE 8.6%는 절대적으로 과열된 밸류에이션이 아니며, 부채비율 27.9%와 영업현금흐름 73.0조원은 재무 안정성을 뒷받침합니다.""]",-9.863945578231291,-5.612244897959184,-1.3973911817366638,-7.637497705378593
005930,삼성전자,2025-05-02,54300,Neutral,66,"[""PER 11.0, PBR 0.94, ROE 8.6%는 밸류에이션과 수익성이 무난해 중립적이지만, 단기 주가 방향을 강하게 밀어줄 만큼 저평가 신호가 압도적이지는 않습니다."", ""최근 1개월 수익률이 -7.65%이고 거래량 변화율도 -28.84%로, 단기 모멘텀과 수급이 약해 향후 20거래일 상승을 강하게 기대하기 어렵습니다."", ""52주 최고가 대비 현재 위치가 11.6%로 저점권에 가깝지만, 52주 최저가 49,900원과의 간격이 크지 않아 추가 하락 위험과 반등 가능성이 함께 존재합니다.""]",5.128205128205128,8.241758241758241,2.5339864631961926,-1.0149827637588924
005930,삼성전자,2025-06-02,56800,Neutral,61,"[""PER 11.0, PBR 0.97, ROE 8.8%는 밸류에이션과 수익성이 무난하지만, 이것만으로 향후 20거래일 주가 상승을 강하게 뒷받침하진 않습니다."", ""2025년 1분기 매출은 전년동기 대비 10.1% 증가했지만 영업이익은 1.2% 증가에 그쳐 이익 모멘텀이 매출 대비 약하고, 영업이익률 8.4%도 단기 재평가를 강하게 유도할 수준은 아닙니다."", ""주가는 52주 최고가 대비 18.2% 수준으로 낮고 최근 1개월 수익률은 1.79%로 제한적 반등에 그쳤으며, 거래량 변화율 -4.79%는 단기 추세 확신을 약화시킵니다.""]",2.941176470588235,10.380622837370241,-2.443111326614059,-2.085993784304046
005930,삼성전자,2025-07-01,60200,Buy,74,"[""최근 1개월 수익률이 +7.31%이고 거래량 변화율도 +35.36%로, 단기 추세와 수급이 동시에 개선되는 모습입니다."", ""2025년 1분기 매출이 전년동기 대비 +10.1%, 순이익이 +8.2조원으로 증가해 실적 모멘텀이 유지되고 있습니다."", ""PER 11.7배, PBR 1.03배, ROE 8.8%는 과도한 고평가 신호가 약하고, 부채비율 27.0%와 영업현금흐름 +16.6조원은 재무 안정성을 뒷받침합니다.""]",-0.6578947368421052,19.407894736842106,-2.566150185516272,13.573537033252588
005930,삼성전자,2025-08-01,68900,Buy,74,"[""최근 1개월 수익률이 +7.99%이고 거래량 변화율도 +9.72%로, 단기 모멘텀이 우상향하는 흐름이 확인됩니다."", ""2025년 1분기 매출이 전년동기 대비 +10.1% 증가했고 순이익도 +8.2조원으로 양호해, 실적 측면에서 주가를 지지할 근거가 있습니다."", ""부채비율 27.0%와 영업현금흐름 +16.6조원은 재무 안정성이 높음을 보여주며, 현재 주가가 52주 최고가 대비 중간 수준(52주 내 위치 51.4%)이라 추가 상승 여지가 남아 있습니다.""]",1.8651362984218076,-0.860832137733142,-0.009853773852038339,-1.642342740544671
005930,삼성전자,2025-09-01,67600,Sell,78,"[""최근 1개월 수익률이 -5.32%이고 거래량 변화율도 -37.16%로, 단기 모멘텀과 수급이 동시에 약화된 상태입니다."", ""2025년 2분기 영업이익이 4.7조원으로 전년동기 대비 -55.2% 급감해 실적 추세가 단기 주가에 부담으로 작용할 가능성이 큽니다."", ""PER 15.1배와 PBR 1.18배는 극단적으로 저평가된 수준으로 보이지 않으며, ROE 7.8%도 높지 않아 20거래일 내 강한 상승 근거가 부족합니다.""]",3.4732272069464547,21.41823444283647,0.708715094474619,13.466715852516991
005930,삼성전자,2025-10-01,86000,Sell,78,"[""현재가 86,000원이 52주 최고가 86,100원의 99.7% 수준으로, 최근 1개월 수익률 24.46%와 거래량 변화율 51.93%를 감안하면 단기 과열 및 차익실현 압력이 커 보입니다."", ""2025년 2분기 매출은 전년동기 대비 +0.7%에 그친 반면 영업이익은 -55.2%로 급감해 수익성 둔화가 뚜렷합니다."", ""PER 19.2배, PBR 1.50배, ROE 7.8%는 이익 성장 대비 밸류에이션 부담이 존재하는 수준이며, 향후 20거래일 내 추가 상승 근거가 강하지 않습니다.""]",9.775280898876403,11.46067415730337,4.163891322040999,-1.985698415748093
005930,삼성전자,2025-11-03,111100,Sell,78,"[""주가가 52주 최고가(111,100원)에 도달해 52주 내 현재 위치가 100.0%로, 단기적으로는 상승 여력이 제한되고 차익실현 압력이 커질 수 있습니다."", ""최근 1개월 수익률이 33.37%로 급등했고 거래량 변화율도 39.20%로 높아, 단기 과열 이후 조정 가능성을 배제하기 어렵습니다."", ""2025년 2분기 영업이익이 4.7조원으로 전년동기 대비 -55.2% 감소해 실적 모멘텀이 약하며, PER 24.8과 ROE 7.8%는 현재 주가 수준을 정당화하는 성장·수익성 개선 신호로 보기 어렵습니다.""]",-1.334604385128694,-1.4299332697807436,-0.962188851883039,1.6466800051953574
005930,삼성전자,2025-12-01,100800,Neutral,66,"[""2025년 3분기 매출이 전년동기 대비 8.8%, 영업이익이 32.5% 증가해 실적 모멘텀은 긍정적이지만, 이는 이미 상당 부분 주가에 반영됐을 가능성을 배제할 수 없습니다."", ""최근 1개월 수익률이 -6.23%이고 거래량 변화율도 -14.56%로 약세 흐름과 수급 둔화가 동시에 나타나 단기 반등과 추가 하락이 모두 가능한 구간입니다."", ""현재 주가는 52주 최고가 대비 82.9% 위치로 고점권 부담이 남아 있으나, 부채비율 26.6%와 영업현금흐름 56.5조원은 재무 안정성을 뒷받침해 방향성을 단정하기 어렵습니다.""]",4.835589941972921,24.274661508704064,1.1153745689876535,16.397176796831758
000660,SK하이닉스,2023-01-02,75700,Neutral,66,"[""PER 5.6, PBR 0.80, ROE 14.3%로 밸류에이션과 수익성은 양호하지만, 이것만으로 향후 20거래일 주가 상승을 단정하기는 어렵습니다."", ""최근 1개월 수익률이 -10.63%이고 거래량 변화율도 -17.96%로 단기 모멘텀과 수급이 약해 단기 반등 근거가 강하지 않습니다."", ""주가가 52주 최저가 75,000원에 매우 근접해 있으나, 2022 3분기 영업이익이 전년동기 대비 -60.3% 감소해 실적 둔화 우려가 남아 있어 방향성이 균형적입니다.""]",14.417989417989418,23.544973544973544,8.44011067927991,12.267998046028211
000660,SK하이닉스,2023-02-01,91400,Neutral,66,"[""PER 6.8배와 PBR 0.97배, ROE 14.3%는 밸류에이션과 수익성 측면에서 과도한 고평가 신호는 아니지만, 이것만으로 20거래일 내 추가 상승을 강하게 뒷받침하진 않습니다."", ""최근 1개월 수익률이 21.87%로 단기 모멘텀은 강하고 거래량도 31.44% 증가해 수급 개선이 확인되지만, 단기 급등 이후에는 되돌림 가능성도 함께 존재합니다."", ""2022년 3분기 영업이익이 전년동기 대비 60.3% 감소했고 매출도 7.0% 줄어 실적 모멘텀이 약화된 상태라, 단기 상승 기대와 실적 둔화 우려가 균형을 이룹니다.""]",1.070663811563169,-6.5310492505353315,0.558690771156188,-5.040089787134925
000660,SK하이닉스,2023-03-02,88100,Neutral,61,"[""PER 6.5와 PBR 0.93, ROE 14.2%는 밸류에이션과 수익성 측면에서 과도한 고평가 신호는 아니지만, 이것만으로 향후 20거래일 상승을 강하게 뒷받침하진 않습니다."", ""최근 1개월 수익률이 -0.45%로 약세이고 거래량 변화율도 -15.46%로 수급 모멘텀이 둔화되어 단기 방향성은 다소 부정적입니다."", ""52주 최고가 대비 현재 위치가 24.3%로 저점권에 가깝지만, 2022 3분기 영업이익이 전년동기 대비 -60.3% 감소해 실적 모멘텀 회복이 확인되지 않아 상승·하락 근거가 혼재합니다.""]",-4.581901489117984,1.4891179839633446,-3.040827424637931,-0.35252308722292724
000660,SK하이닉스,2023-04-03,87200,Neutral,61,"[""현재 주가는 52주 최고가 대비 26.5% 수준으로 고점 대비 크게 낮지만, 최근 1개월 수익률이 -0.11%로 단기 추세가 뚜렷하게 상승 전환했다고 보기 어렵습니다."", ""거래량 변화율이 42.23%로 수급 관심은 높아졌지만, 이를 주가 상승으로 연결할 만한 추가 근거가 제공되지 않아 방향성 판단이 제한됩니다."", ""PER 26.9와 ROE 3.7%는 수익성 대비 밸류에이션 부담이 존재하고, 2022년 영업이익이 전년 대비 -45.1% 감소한 점은 향후 20거래일 상승 근거를 강하게 지지하지 않습니다.""]",8.63905325443787,6.272189349112427,5.923885809033502,5.430023826699703
000660,SK하이닉스,2023-05-02,90200,Neutral,61,"[""현재 주가는 52주 최고가 대비 39.5% 수준으로 고점 대비 부담은 줄었지만, 최근 1개월 수익률이 1.81%에 그쳐 단기 상승 모멘텀이 강하다고 보기 어렵습니다."", ""PER 27.8은 이익 대비 밸류에이션 부담이 있는 편인 반면, PBR 1.04와 ROE 3.7%는 자본효율성과 수익성이 강하게 개선됐다고 보기 어려워 방향성이 엇갈립니다."", ""2022년 영업이익이 전년 대비 45.1% 감소했고 영업이익률도 15.3%로 수익성 둔화가 확인되지만, 부채비율 64.1%와 영업현금흐름 14.8조원은 재무 안정성을 뒷받침해 20거래일 방향을 단정하기 어렵습니다.""]",-3.8975501113585747,22.828507795100222,-3.481782940973986,18.83234564590377
000660,SK하이닉스,2023-06-01,110300,Sell,84,"[""현재가가 52주 최고가(110,300원)와 동일해 52주 내 위치가 100%로, 단기적으로는 고점권 부담이 매우 큽니다."", ""최근 1개월 수익률이 23.24%로 이미 강한 상승이 반영된 반면 거래량 변화율은 -4.20%로 상승 탄력이 둔화된 모습입니다."", ""2023년 1분기 매출이 전년동기 대비 -58.1%, 영업이익 -3.4조원, 영업이익률 -66.9%, 순이익 -2.6조원으로 실적과 현금흐름(-2.0조원)이 부진해 20거래일 내 추가 상승 근거가 약합니다.""]",4.0797824116047146,6.618313689936536,3.003806768095174,6.575643701930275
000660,SK하이닉스,2023-07-03,117600,Sell,82,"[""현재가 117,600원은 52주 최고가 119,500원의 95.7% 수준으로 고점 부근에 위치해 있어 20거래일 내 추가 상승 여력이 제한적입니다."", ""최근 1개월 수익률이 +6.62%로 단기 상승이 이미 반영된 반면, 거래량 변화율이 -13.43%로 상승 추세의 힘이 약해지고 있습니다."", ""2023년 1분기 매출이 전년동기 대비 -58.1%, 영업이익이 -3.4조원으로 적자 전환되었고 영업현금흐름도 -2.0조원으로 수익성과 현금창출력이 모두 부진합니다.""]",-3.816793893129771,6.106870229007633,-2.6283513235950773,3.262628699842195
000660,SK하이닉스,2023-08-01,125100,Sell,82,"[""2023년 1분기 매출이 전년동기 대비 58.1% 감소했고 영업이익이 3.4조원 적자로 전환되어 단기 실적 모멘텀이 매우 약합니다."", ""영업이익률이 -66.9%이고 순이익도 -2.6조원으로 수익성 악화가 뚜렷해 20거래일 내 주가 반등을 뒷받침할 근거가 부족합니다."", ""현재가 125,100원은 52주 최고가 128,000원 대비 94.5% 수준으로 고점 근처인데, 최근 1개월 수익률 6.38% 이후 추가 상승 여력보다 차익실현 압력이 더 커 보입니다.""]",-0.8368200836820083,1.9246861924686192,-0.4030295185312552,4.225496062255004
000660,SK하이닉스,2023-09-01,120000,Sell,78,"[""2023년 2분기 매출이 전년동기 대비 -47.1% 감소했고 영업이익이 -2.9조원, 영업이익률이 -39.5%로 수익성 악화가 매우 뚜렷합니다."", ""순이익 -3.0조원과 영업현금흐름 -6,940억원은 단기 실적 모멘텀과 현금창출력이 약하다는 신호로, 향후 20거래일 주가에 부담 요인입니다."", ""최근 1개월 수익률이 0.42%로 사실상 정체된 반면 거래량 변화율이 -20.07%로 수급이 둔화되어 있어 단기 상승 동력이 약합니다.""]",-2.7684563758389262,1.006711409395973,-1.6978638162057185,7.8094430261184264
000660,SK하이닉스,2023-10-04,115400,Sell,84,"[""최근 1개월 수익률이 -3.35%이고 거래량 변화율도 -3.60%로, 단기 모멘텀이 약한 상태입니다."", ""2023년 2분기 매출이 전년동기 대비 -47.1%, 영업이익은 -2.9조원으로 적자 전환되어 실적 추세가 매우 부진합니다."", ""영업현금흐름이 -6,940억원으로 현금창출력이 약하고, 현재 주가가 52주 최고가 대비 76.2% 수준에 머물러 있어 20거래일 내 추가 하락 가능성을 더 높게 봅니다.""]",3.743760399334443,4.658901830282862,1.5574565218173775,6.125868047623508
000660,SK하이닉스,2023-11-01,120300,Neutral,61,"[""최근 1개월 수익률이 +4.61%이고 거래량 변화율이 +39.30%로 단기 모멘텀은 살아 있으나, 52주 최고가 130,000원 대비 현재가 120,300원은 상단 저항 구간에 근접해 추가 상승 여력이 제한적입니다."", ""2023년 2분기 매출이 전년동기 대비 -47.1%, 영업이익이 -2.9조원으로 적자 전환되었고 영업이익률도 -39.5%로 수익성 악화가 매우 뚜렷합니다."", ""부채비율 78.9%는 과도하지 않지만 영업현금흐름이 -6,940억원으로 현금창출력이 약해, 단기 주가 방향을 강하게 매수 또는 매도로 단정하기 어렵습니다.""]",2.154828411811652,6.863527533918595,-1.4284281008722925,-1.337930351294287
000660,SK하이닉스,2023-12-01,132600,Sell,82,"[""현재가 132,600원은 52주 최고가 134,100원의 97.5% 수준으로, 단기적으로 가격이 상단에 매우 근접해 추가 상승 여력이 제한적입니다."", ""최근 1개월 수익률은 +5.83%로 이미 단기 상승이 반영된 반면 거래량 변화율은 -26.28%로 수급 동력이 약해 보입니다."", ""2023년 3분기 매출이 전년동기 대비 -17.4% 감소했고 영업이익과 순이익이 모두 적자로 전환되어, 향후 20거래일 내 주가를 지지할 실적 모멘텀이 약합니다.""]",-1.6781083142639208,4.0427154843630815,-2.092033044377852,1.177052151096012
000660,SK하이닉스,2024-01-02,142400,Sell,84,"[""현재가가 52주 최고가 142,400원으로 52주 내 위치가 100.0%에 도달해 단기적으로 추가 상승 여력이 제한적입니다."", ""최근 1개월 수익률이 9.20%로 이미 강한 상승이 반영되어 있어 20거래일 관점에서는 차익실현 압력이 우세할 수 있습니다."", ""2023년 3분기 매출이 전년동기 대비 -17.4%, 영업이익이 -1.8조원으로 적자 전환되었고 영업이익률도 -19.8%여서 펀더멘털 측면의 주가 지지 근거가 약합니다.""]",-2.4122807017543857,-1.5350877192982455,0.09336688138685645,2.692257705679981
000660,SK하이닉스,2024-02-01,132700,Sell,82,"[""최근 1개월 수익률이 -3.00%이고 거래량 변화율도 -2.06%로, 단기 모멘텀이 약한 상태입니다."", ""2023년 3분기 매출이 전년동기 대비 -17.4% 감소했고 영업이익은 -1.8조원, 영업이익률은 -19.8%로 실적 부진이 뚜렷합니다."", ""현재 주가는 52주 최고가 대비 84.4% 수준으로 고점 근처에 위치해 있어, 실적 약세를 감안하면 향후 20거래일 내 추가 상승 근거보다 조정 가능성이 더 큽니다.""]",11.193476649369902,20.756115641215718,9.880821553033334,19.755087082459784
000660,SK하이닉스,2024-03-04,166500,Sell,84,"[""현재가가 52주 최고가 166,500원과 정확히 일치해 52주 내 위치가 100.0%로, 단기적으로 추가 상승 여력이 제한되고 차익실현 압력이 커질 수 있습니다."", ""최근 1개월 수익률이 21.62%로 이미 강한 단기 상승이 반영되었고, 거래량 변화율도 46.11%로 급등 구간의 과열 가능성을 시사합니다."", ""2023 3분기 실적에서 매출은 전년동기 대비 17.4% 감소했고 영업이익과 순이익이 각각 -1.8조원, -2.2조원으로 적자 전환되어 펀더멘털이 주가를 추가로 지지하기 어렵습니다.""]",-0.060313630880579006,12.364294330518698,-1.283609471448249,8.447935909744192
000660,SK하이닉스,2024-04-01,185500,Sell,78,"[""현재가가 52주 최고가 185,500원과 동일해 52주 내 위치가 100.0%로, 단기적으로 추가 상승 여력이 제한되고 차익실현 압력이 커질 수 있습니다."", ""최근 1개월 수익률이 18.76%로 이미 강한 상승이 반영된 반면 거래량 변화율은 -4.76%로 상승 추세의 동력이 약해지는 신호가 보입니다."", ""2023년 연간 실적이 영업이익 -7.7조원, 순이익 -9.1조원으로 적자이며 영업이익률도 -23.6%라서 향후 20거래일 내 주가를 강하게 지지할 펀더멘털 근거가 약합니다.""]",-1.8250134192163179,-6.816961889425658,-0.08156225764198122,-4.292226676070831
000660,SK하이닉스,2024-05-02,173600,Sell,74,"[""최근 1개월 수익률이 -6.42%로 단기 모멘텀이 약하고, 거래량 변화율도 -0.70%로 수급 개선 신호가 뚜렷하지 않습니다."", ""현재 주가는 52주 최고가 대비 85.6% 수준으로 고점권에 근접해 있어 추가 상승 여력보다 차익실현 압력이 더 크게 작용할 수 있습니다."", ""2023년 연간 실적이 영업이익 -7.7조원, 순이익 -9.1조원으로 적자이며 영업이익률도 -23.6%라서 향후 20거래일 내 주가 반등을 뒷받침할 실적 근거가 약합니다.""]",6.1200923787528865,11.605080831408776,4.230402731696703,12.147927620094556
000660,SK하이닉스,2024-06-03,194200,Neutral,66,"[""최근 1개월 수익률이 +11.48%로 단기 상승 추세는 유효하지만, 현재 주가가 52주 최고가의 92.1% 수준에 있어 추가 상승 여력은 제한적으로 보입니다."", ""2024년 1분기 매출과 영업이익이 각각 전년동기 대비 +144.3%, +184.8% 증가했고 영업이익률 23.2%, 영업현금흐름 +5.4조원으로 실적과 현금창출력은 매우 양호합니다."", ""다만 거래량 변화율이 -20.43%로 상승 추세의 힘이 약해졌고, 시가총액 138.4조원 및 PBR 2.55는 이미 기대가 상당 부분 반영된 상태로 보여 20거래일 방향성을 단정하기 어렵습니다.""]",11.226073460941542,22.090015519917227,8.744198249642185,17.134904892968564
000660,SK하이닉스,2024-07-01,235500,Sell,78,"[""현재가 235,500원이 52주 최고가 237,500원의 98.4% 수준으로, 단기적으로 가격이 고점권에 매우 근접해 추가 상승 여력이 제한적입니다."", ""최근 1개월 수익률이 +20.34%로 이미 강한 상승이 반영되어 있어, 향후 20거래일 동안은 차익실현 압력이 커질 수 있습니다."", ""1분기 실적은 매우 강하지만, 제공된 데이터상 주가가 이미 실적 개선을 상당 부분 선반영한 상태이며 거래량 변화율도 0.60%로 추세 확장의 강한 확인 신호는 약합니다.""]",2.8017241379310347,-18.57758620689655,-0.30954359938763565,-17.043168796455173
000660,SK하이닉스,2024-08-01,193300,Neutral,67,"[""2024년 1분기 매출이 전년동기 대비 144.3%, 영업이익이 184.8% 증가하고 영업이익률 23.2%, 영업현금흐름 5.4조원으로 펀더멘털은 강하지만 이는 이미 상당 부분 주가에 반영됐을 가능성이 있습니다."", ""최근 1개월 수익률이 -18.09%로 단기 모멘텀이 약하고, 52주 최고가 대비 현재 위치가 62.7%로 고점 대비 조정이 진행된 상태라 20거래일 내 추가 방향성을 단정하기 어렵습니다."", ""거래량 변화율이 49.75%로 변동성 확대 신호는 있으나, PBR 2.54와 시가총액 137.8조원은 밸류에이션 부담과 수급 불확실성을 함께 시사해 상승·하락 근거가 균형적입니다.""]",-0.9815242494226328,0.4618937644341801,2.2977645903084856,0.28216063636778926
000660,SK하이닉스,2024-09-02,174000,Neutral,66,"[""2024년 2분기 매출이 전년동기 대비 124.8%, 영업이익이 289.7% 증가하고 영업이익률이 33.3%로 높아 실적 모멘텀은 강합니다."", ""부채비율 76.5%와 영업현금흐름 11.0조원은 재무 안정성과 현금창출력이 양호함을 보여주지만, PER 48.0과 PBR 2.12는 현재 주가에 기대가 상당 부분 반영됐을 가능성을 시사합니다."", ""최근 1개월 수익률이 -9.98%이고 거래량 변화율도 -3.62%로 단기 수급과 가격 흐름은 약세이며, 52주 고점 대비 현재 위치도 중간 수준이라 20거래일 방향성을 강하게 단정하기 어렵습니다.""]",-7.605466428995841,5.763517528223411,-2.3064192817371127,8.40065664322249
000660,SK하이닉스,2024-10-02,169100,Neutral,66,"[""2024년 2분기 매출과 영업이익이 각각 전년동기 대비 +124.8%, +289.7%로 급증하고 영업이익률도 33.3%로 높아 실적 모멘텀은 강합니다."", ""다만 PER 46.6배와 PBR 2.06배는 실적 대비 밸류에이션 부담이 존재하며, ROE 4.4%는 자본효율성이 아직 높다고 보기 어렵습니다."", ""최근 1개월 수익률 -5.69%와 거래량 변화율 -8.28%로 단기 주가·수급 흐름이 약하고, 현재 주가는 52주 고점 대비 43.1% 수준이라 방향성을 단정하기 어렵습니다.""]",7.696726019529006,11.430212521539346,5.61166583764078,10.680711605093531
000660,SK하이닉스,2024-11-01,182200,Neutral,66,"[""2024년 2분기 매출과 영업이익이 각각 전년동기 대비 +124.8%, +289.7%로 급증하고 영업이익률도 33.3%로 높아 실적 모멘텀은 강합니다."", ""다만 PER 50.3배와 PBR 2.22배는 실적 대비 밸류에이션 부담이 존재하며, ROE 4.4%는 자본효율성이 아직 높다고 보기 어렵습니다."", ""최근 1개월 수익률은 +4.35%로 완만하지만 거래량 변화율이 -27.49%로 수급 강도가 약해 보여 향후 20거래일 방향성을 강하게 단정하기 어렵습니다.""]",-0.7216494845360825,-18.144329896907216,1.49197214877755,-12.94959994638636
000660,SK하이닉스,2024-12-02,158800,Neutral,67,"[""2024년 3분기 매출과 영업이익이 각각 전년동기 대비 +93.8%, +492.3%로 매우 강하지만, 이는 이미 공개된 실적 개선으로 단기 주가에 선반영됐을 가능성도 있습니다."", ""PER 10.5배와 PBR 1.77배, ROE 16.9%는 수익성 대비 밸류에이션이 과도하게 비싸지는 않지만, 최근 1개월 수익률이 -12.84%이고 거래량도 -8.26%로 단기 모멘텀은 약합니다."", ""현재 주가는 52주 최고가 대비 28.8% 수준으로 고점 대비 조정이 크지만, 영업현금흐름 +18.8조원과 부채비율 66.0%는 재무 안정성을 뒷받침해 상승과 하락 근거가 혼재합니다.""]",3.3353547604608855,10.309278350515463,6.625623149725306,12.636385266238827
000660,SK하이닉스,2025-01-02,171200,Buy,82,"[""2024년 3분기 매출이 전년동기 대비 93.8%, 영업이익이 492.3% 증가했고 영업이익률도 40.0%로 매우 높아 단기 실적 모멘텀이 강합니다."", ""PER 11.3배와 PBR 1.91배, ROE 16.9%는 수익성 대비 밸류에이션이 과도하게 비싸지 않음을 시사하며, 부채비율 66.0%와 영업현금흐름 18.8조원은 재무 안정성을 뒷받침합니다."", ""최근 1개월 수익률이 7.07%로 우상향 흐름이 유지되고 있고 52주 최고가 대비 현재 위치가 36.5% 수준이라 추가 회복 여지가 남아 있어 향후 20거래일 상승 가능성이 우세합니다.""]",11.874656404617923,11.874656404617923,8.849987291788668,7.991236800372087
000660,SK하이닉스,2025-02-03,190900,Buy,82,"[""2024년 3분기 매출이 전년동기 대비 93.8%, 영업이익이 492.3% 증가했고 영업이익률도 40.0%로 매우 높아 실적 모멘텀이 강합니다."", ""ROE 16.9%와 영업현금흐름 18.8조원, 부채비율 66.0%는 수익성과 현금창출력, 재무안정성이 함께 양호함을 보여줍니다."", ""최근 1개월 수익률이 12.23%이고 거래량 변화율도 38.34%로 상승 추세와 수급 개선이 확인되며, 현재 주가는 52주 최고가 대비 아직 여유가 있어 추가 상승 여지가 있습니다.""]",4.500261643118786,1.0465724751439036,2.18893347562002,-2.0335866099956608
000660,SK하이닉스,2025-03-04,186100,Neutral,66,"[""2024년 3분기 매출이 전년동기 대비 93.8%, 영업이익이 492.3% 증가하고 영업이익률이 40.0%로 매우 높아 펀더멘털은 강합니다."", ""PER 12.3배와 ROE 16.8%, 영업현금흐름 18.8조원, 부채비율 66.0%는 수익성과 재무안정성 측면에서 무난한 수준입니다."", ""다만 최근 1개월 수익률이 -6.58%이고 거래량 변화율이 -31.91%로 단기 모멘텀이 약하며, 현재 주가가 52주 고점 대비 중간 이하 위치(41.7%)라 20거래일 내 방향성을 단정하기 어렵습니다.""]",3.003625064733299,2.4857586742620406,2.3511953602225804,4.52904810834084
000660,SK하이닉스,2025-04-01,197000,Buy,78,"[""PER 6.9배와 PBR 1.94배는 실적 대비 밸류에이션이 과도하게 비싸지 않으며, ROE 28.3%와 영업이익률 35.5%는 수익성 측면에서 주가를 지지할 수 있는 수준입니다."", ""2024년 매출이 전년 대비 102.0%, 영업이익이 403.6% 증가했고 영업현금흐름도 +29.8조원으로 강해, 최근 실적 모멘텀이 향후 20거래일에도 심리적 지지 요인으로 작용할 가능성이 있습니다."", ""현재 주가는 52주 고점 대비 중간 수준(52주 내 현재 위치 50.1%)이고 최근 1개월 수익률도 +3.58%로 추세가 완전히 꺾이지 않았지만, 거래량 변화율 -12.14%는 단기 탄력 둔화를 시사해 확신도는 다소 제한됩니다.""]",-16.624557857503792,-10.308236483072259,-8.158003461009164,-12.333489290491666
000660,SK하이닉스,2025-05-02,186000,Neutral,66,"[""PER 6.5와 ROE 28.3%, 영업이익률 35.5%는 실적 대비 밸류에이션이 낮고 수익성이 매우 높아 중기적으로는 우호적이지만, 이는 이미 강한 펀더멘털을 반영한 지표로 단기 20거래일 상승을 단정하기에는 부족합니다."", ""최근 1개월 수익률이 -6.01%로 단기 모멘텀은 약한 반면 거래량 변화율이 27.74%로 커져 방향성 확대 가능성은 있으나, 상승 전환인지 추가 하락인지 데이터만으로는 확정하기 어렵습니다."", ""52주 최고가 대비 현재 위치가 37.6%로 고점 대비 크게 낮고, 52주 최저가 152,800원과의 거리도 완전히 좁혀지지 않아 단기적으로는 반등 여지와 조정 지속 가능성이 함께 존재합니다.""]",7.966457023060797,17.662473794549268,5.372238358051861,8.405732789032134
000660,SK하이닉스,2025-06-02,207500,Buy,84,"[""2025년 1분기 매출이 전년동기 대비 41.9%, 영업이익이 157.8% 증가했고 영업이익률도 42.2%로 매우 높아 실적 모멘텀이 강합니다."", ""PER 5.5배와 PBR 1.86배는 실적 대비 밸류에이션 부담이 크지 않은 편이며 ROE 33.8%와 영업현금흐름 9.0조원, 부채비율 52.2%는 수익성과 재무안정성을 동시에 뒷받침합니다."", ""최근 1개월 수익률이 14.77%로 상승 추세가 확인되고 현재 주가가 52주 최고가 대비 아직 여유가 있어 추가 상승 여지가 남아 있습니다.""]",8.275862068965518,28.045977011494255,2.891574271763224,15.579360389819968
000660,SK하이닉스,2025-07-01,285500,Sell,78,"[""주가가 52주 최고가 293,000원 대비 94.7% 위치에 있고 최근 1개월 수익률이 34.67%로 단기 급등 후 고점권에 근접해 있어 20거래일 내 추가 상승 여력이 제한적입니다."", ""거래량 변화율이 50.28%로 급증한 상태는 단기 과열 신호로 해석될 수 있어, 실적 호조에도 불구하고 단기 조정 가능성을 높입니다."", ""PER 7.6, ROE 33.7%, 2025년 1분기 매출 +41.9% 및 영업이익 +157.8%는 펀더멘털이 강하지만, 이미 주가에 상당 부분 반영된 고점권 기술적 위치가 더 우세합니다.""]",0.7168458781362007,-5.555555555555555,-1.1914095705379664,-11.389913259145075
000660,SK하이닉스,2025-08-01,258000,Neutral,67,"[""2025년 1분기 매출이 전년동기 대비 41.9%, 영업이익이 157.8% 증가하고 영업이익률이 42.2%로 매우 높아 펀더멘털은 강합니다."", ""PER 6.8과 ROE 33.8%는 이익 대비 밸류에이션과 수익성이 양호하지만, PBR 2.31과 시가총액 183.9조원은 이미 상당한 기대가 반영된 수준으로 보입니다."", ""최근 1개월 수익률이 -7.36%이고 거래량 변화율도 -16.35%로 단기 모멘텀이 약하며, 현재 주가가 52주 최고가 대비 71.5% 위치에 있어 20거래일 방향성을 단정하기 어렵습니다.""]",3.488372093023256,0.9689922480620154,1.6133820207494098,0.18748164525048627
000660,SK하이닉스,2025-09-01,256000,Neutral,66,"[""2025년 2분기 매출이 전년동기 대비 35.4%, 영업이익이 68.5% 증가하고 영업이익률이 41.4%로 매우 높아 펀더멘털은 강하지만, 이는 이미 상당 부분 주가에 반영됐을 가능성이 있습니다."", ""PER 6.1과 ROE 35.0%는 저평가·고수익성을 시사하지만, 시가총액 182.5조원과 52주 내 현재 위치 70.1%는 절대 밸류에이션 부담과 추가 상승 여력의 제한을 함께 보여줍니다."", ""최근 1개월 수익률이 -6.40%이고 거래량 변화율이 -23.39%로 단기 모멘텀이 약해 20거래일 내 방향성을 강하게 단정하기 어렵습니다.""]",10.556621880998081,33.397312859884835,7.792109768526245,25.445794269565354
000660,SK하이닉스,2025-10-01,360000,Sell,78,"[""현재가 360,000원은 52주 최고가 361,000원 대비 99.5% 수준으로, 단기적으로는 가격이 이미 상단에 근접해 추가 상승 여력이 제한적입니다."", ""최근 1개월 수익률이 38.20%이고 거래량 변화율도 38.07%로 급등 이후 과열 신호가 나타나 20거래일 내 되돌림 가능성을 높입니다."", ""실적과 재무는 매우 강하지만(매출 +35.4%, 영업이익 +68.5%, 영업이익률 41.4%, ROE 35.0%, 부채비율 48.1%), 이미 주가에 상당 부분 반영된 상태로 보여 단기 방향성은 하락 쪽이 더 우세합니다.""]",14.412136536030342,49.93678887484197,8.800746959194939,36.49041630179051
000660,SK하이닉스,2025-11-03,620000,Neutral,66,"[""최근 1개월 수익률이 84.25%이고 52주 최고가 620,000원에 도달해 단기 과열 및 차익실현 압력이 커질 수 있습니다."", ""PER 14.8, ROE 35.0%, 영업이익률 41.4%, 영업현금흐름 +18.2조원은 펀더멘털이 강함을 보여 주가 하방을 단정하기 어렵습니다."", ""매출과 영업이익이 전년동기 대비 각각 +35.4%, +68.5% 증가했지만 이미 주가가 고점권에 있어 향후 20거래일 방향성은 상승·하락 근거가 혼재합니다.""]",5.631399317406143,-4.778156996587031,6.003814850651798,-1.7015437216109297
000660,SK하이닉스,2025-12-01,538000,Buy,82,"[""2025 3분기 매출이 24.4조원으로 전년동기 대비 39.1% 증가했고 영업이익도 11.4조원으로 61.9% 늘어 실적 모멘텀이 강합니다."", ""영업이익률 46.6%와 순이익 12.6조원, 영업현금흐름 32.5조원은 수익성과 현금창출력이 매우 우수함을 보여줍니다."", ""PER 10.4배는 실적 대비 과도하지 않고, 최근 1개월 수익률 -3.76%와 52주 고점 대비 82.2% 위치는 단기 반등 여지를 시사합니다.""]",1.4336917562724014,21.32616487455197,-2.2865236167128655,13.448680162679665
207940,삼성바이오로직스,2023-01-02,1217132,Neutral,66,"[""2022년 3분기 매출과 영업이익이 각각 전년동기 대비 +93.7%, +94.0%로 매우 강하지만, 이는 이미 과거 실적이며 향후 20거래일 주가 방향을 직접 보장하지는 않습니다."", ""PER 164.6배와 PBR 9.35배는 밸류에이션 부담이 큰 수준이고 ROE 5.7%는 자본효율성이 높다고 보기 어려워 단기 추가 상승 근거가 제한적입니다."", ""최근 1개월 수익률 -6.45%와 거래량 변화율 -7.93%는 단기 모멘텀 약화를 시사하지만, 52주 내 현재 위치가 59.8%로 극단적 약세 구간은 아니어서 하락을 단정하기도 어렵습니다.""]",-0.49813421785227746,1.1208231441602288,-6.476012956561786,-10.156152354785105
207940,삼성바이오로직스,2023-02-01,1183282,Neutral,61,"[""2022 3분기 매출과 영업이익이 각각 전년동기 대비 +93.7%, +94.0%로 매우 강하지만, 이는 이미 과거 실적이며 향후 20거래일 주가 방향을 직접적으로 보장하지는 않습니다."", ""현재 PER 160.0배와 PBR 9.09배는 밸류에이션 부담이 큰 수준이고, ROE 5.7%는 자본효율성이 높다고 보기 어려워 단기 추가 상승 근거가 제한적입니다."", ""주가는 52주 최고가 대비 중간 수준(48.6%)이고 최근 1개월 수익률이 -2.07%로 약세이나, 거래량 변화율 +49.75%는 방향성을 단정하기엔 상반된 신호입니다.""]",0.24634828828105126,-2.955677390850303,-0.26562475212592973,-1.464717927449897
207940,삼성바이오로직스,2023-03-02,1136186,Neutral,67,"[""최근 1개월 수익률이 -2.65%이고 거래량 변화율도 -29.77%로 단기 모멘텀과 수급이 약해 20거래일 내 강한 상승 근거가 부족합니다."", ""현재 주가는 52주 최고가 대비 하단 13.2% 수준으로 저점권에 가깝지만, 이미 52주 최저가(1,105,434원)와의 فاص가 크지 않아 추가 하락과 반등 가능성이 혼재합니다."", ""2022년 3분기 매출과 영업이익이 각각 전년동기 대비 +93.7%, +94.0%로 매우 강하고 영업현금흐름도 양호하지만, PER 153.7과 PBR 8.73은 밸류에이션 부담이 커 단기 주가 방향을 단정하기 어렵습니다.""]",-1.5228492050763365,0.0,0.01822485940371621,-1.8416410711862718
207940,삼성바이오로직스,2023-04-03,1145017,Neutral,61,"[""현재 주가는 52주 최저가(1,109,695원) 대비 크게 높지 않고 52주 내 위치가 15.4%로 낮아 기술적으로는 반등 여지가 있으나, 최근 1개월 수익률이 -1.27%로 단기 추세는 약합니다."", ""거래량 변화율이 20.11%로 수급 관심은 증가했지만, 이를 상승 추세 전환으로 단정할 만큼 가격 모멘텀이 강하지는 않습니다."", ""PER 100.1, PBR 9.07로 밸류에이션 부담이 큰 반면 ROE 9.1%와 2022년 실적 성장, 영업현금흐름 흑자는 펀더멘털을 지지해 상승·하락 근거가 혼재합니다.""]",3.045698410152673,-1.6497748621666692,0.33053096474830435,-2.4919403845793937
207940,삼성바이오로직스,2023-05-02,1128828,Neutral,66,"[""최근 1개월 수익률이 -2.66%로 단기 모멘텀이 약하고, 현재 주가가 52주 최고가 대비 8.3% 수준에 머물러 있어 추세 반전 신호가 아직 강하지 않습니다."", ""PER 98.7배와 PBR 8.94배는 밸류에이션 부담이 큰 편이어서, 향후 20거래일 내 추가 상승을 뒷받침할 안전마진이 제한적입니다."", ""2022년 매출과 영업이익이 각각 +91.4%, +83.1% 증가했고 영업현금흐름도 +9,530억원으로 양호하지만, ROE 9.1%와 부채비율 84.6%를 함께 보면 강한 매수 또는 매도 신호로 단정하기 어렵습니다.""]",1.032262815831303,1.290372356327936,1.4480299862158912,-2.705789792868515
207940,삼성바이오로직스,2023-06-01,1159734,Neutral,66,"[""1분기 매출은 전년동기 대비 41.0% 증가하고 영업이익률도 26.6%로 양호해 펀더멘털은 견조하지만, 영업이익 증가율은 8.7%로 매출 성장 대비 둔화되어 단기 주가 모멘텀을 강하게 뒷받침하진 않습니다."", ""현재 주가는 52주 최고가 대비 하단 구간(52주 내 현재 위치 21.8%)에 있으나, 최근 1개월 수익률이 0.90%로 거의 정체되어 있어 뚜렷한 상승 추세 신호는 약합니다."", ""거래량 변화율이 -35.39%로 수급이 위축된 모습이고 PER 103.4, PBR 9.04는 밸류에이션 부담이 커서 향후 20거래일 내 상승과 하락 어느 쪽도 단정하기 어렵습니다.""]",1.2738473097040732,-5.350297190646047,0.19787166619453278,-5.392967178652308
207940,삼성바이오로직스,2023-07-03,1093506,Neutral,67,"[""2023년 1분기 매출이 전년동기 대비 41.0% 증가하고 영업이익률이 26.6%로 수익성은 양호하지만, 영업이익 증가율은 8.7%로 매출 성장 대비 둔화되어 단기 주가 모멘텀을 강하게 뒷받침하진 않습니다."", ""현재 주가는 52주 최저가 1,092,034원에 매우 근접해 52주 내 현재 위치가 0.6%에 불과해 기술적으로는 과매도 반등 여지가 있으나, 최근 1개월 수익률이 -5.71%로 약세 흐름이 이어지고 있습니다."", ""PER 97.5와 PBR 8.53은 밸류에이션 부담이 큰 수준이고, 시가총액 50.6조원 대형주 특성상 20거래일 내 뚜렷한 재평가를 기대하기에는 근거가 제한적입니다.""]",-3.0830997858680176,7.5067331802561394,-1.894657216333324,4.6624916510907015
207940,삼성바이오로직스,2023-08-01,1180339,Neutral,66,"[""최근 1개월 수익률이 +7.94%이고 거래량 변화율도 +45.50%로 단기 모멘텀은 우호적이어서 20거래일 내 추가 상승 가능성을 완전히 배제하기 어렵습니다."", ""다만 PER 105.3배와 PBR 9.21배는 절대적으로 높은 편이라 현재 주가가 이미 상당한 기대를 반영하고 있어 추가 상승 여력이 제한될 수 있습니다."", ""2023년 1분기 매출은 전년동기 대비 +41.0%로 강하지만 영업이익 증가율은 +8.7%에 그쳐 이익 레버리지가 크지 않고, 52주 최고가 대비 현재 위치도 46.5%로 방향성을 단정하기에는 근거가 혼재합니다.""]",1.1407106060423386,-6.590647998718574,1.5745011711930919,-4.289838128932189
207940,삼성바이오로직스,2023-09-01,1078788,Neutral,66,"[""2023년 2분기 매출과 영업이익이 각각 전년동기 대비 33.0%, 49.4% 증가해 펀더멘털은 양호하지만, 이는 이미 알려진 실적 개선으로 단기 주가 상승을 보장하지는 않습니다."", ""최근 1개월 수익률이 -7.10%이고 거래량 변화율도 -56.30%로 약세 추세와 수급 둔화가 확인되지만, 현재 주가는 52주 최저가 대비는 상당히 높은 12.6% 위치에 있어 추가 하락 여력과 반등 가능성이 혼재합니다."", ""PER 92.6, PBR 8.25로 밸류에이션 부담이 크고 시가총액도 49.9조원으로 대형주인 점을 감안하면, 향후 20거래일 내 뚜렷한 상승 근거가 부족해 방향성을 단정하기 어렵습니다.""]",-0.27169422536680565,-0.6792817228164988,0.7988983342664021,6.1234498939059545
207940,삼성바이오로직스,2023-10-04,1016975,Neutral,66,"[""2023 2분기 매출과 영업이익이 각각 전년동기 대비 33.0%, 49.4% 증가해 실적 모멘텀은 양호하지만, 이는 이미 과거 실적이며 향후 20거래일 주가 방향을 단정할 직접 근거는 제한적입니다."", ""현재 주가는 52주 최고가 대비 4.8% 수준으로 고점권에서 크게 이탈했고 최근 1개월 수익률도 -8.48%로 단기 추세는 약세이나, 52주 최저가(1,000,786원) 바로 위에 있어 추가 하락과 반등 가능성이 공존합니다."", ""PER 87.3, PBR 7.77은 밸류에이션 부담이 큰 편이지만 ROE 8.9%와 영업현금흐름 +5,420억원, 부채비율 68.6%는 재무 안정성을 뒷받침해 상승·하락 근거가 혼재합니다.""]",-0.27667326710341694,-2.4896834891656665,-2.4629771446204822,-1.0227172718250206
207940,삼성바이오로직스,2023-11-01,1034636,Neutral,66,"[""2023년 2분기 매출과 영업이익이 각각 전년동기 대비 33.0%, 49.4% 증가하고 영업이익률 29.3%, 영업현금흐름 +5,420억원으로 실적과 현금창출력은 양호합니다."", ""다만 PER 88.8배, PBR 7.91배로 밸류에이션 부담이 크고 시가총액 47.9조원인 대형주 특성상 20거래일 내 추가 상승을 뒷받침할 저평가 근거는 약합니다."", ""현재 주가는 52주 최고가 대비 10.1% 낮고 최근 1개월 수익률은 +3.38%, 거래량 변화율은 +40.04%로 단기 모멘텀은 있으나 52주 최저가 1,000,786원에 근접해 방향성을 단정하기 어렵습니다.""]",1.5449258599727833,1.8257780933349363,-2.0383306527111613,-6.375679791877946
207940,삼성바이오로직스,2023-12-01,1046410,Neutral,61,"[""최근 1개월 수익률이 -0.14%로 사실상 정체되어 있고 거래량 변화율도 -22.48%로 수급 모멘텀이 약해 20거래일 내 강한 상승 신호가 부족합니다."", ""현재 주가는 52주 최고가 대비 크게 낮고 52주 내 위치가 13.9%에 불과해 기술적으로는 저점권이지만, 이것만으로 단기 반등을 확신하기에는 근거가 제한적입니다."", ""3분기 매출은 전년동기 대비 +18.4%로 성장했지만 영업이익은 -1.9% 감소했고 PER 79.2, PBR 7.80으로 밸류에이션 부담이 커 상승과 하락 근거가 혼재합니다.""]",-1.2640736266106298,8.146050795795711,-1.6779983567245609,5.280387462528641
207940,삼성바이오로직스,2024-01-02,1161206,Neutral,66,"[""최근 1개월 수익률이 +8.23%이고 거래량 변화율도 +49.84%로 단기 모멘텀은 우호적이어서 20거래일 내 추가 상승 가능성을 완전히 배제하기 어렵습니다."", ""현재 주가는 52주 최고가 대비 아직 72.7% 수준으로 고점 부근은 아니지만, PER 87.9와 PBR 8.66은 밸류에이션 부담이 커서 상승 여력이 제한될 수 있습니다."", ""3분기 매출은 전년동기 대비 +18.4%로 성장했지만 영업이익은 -1.9%로 역성장했고, ROE 9.8%와 영업이익률 30.8%는 양호하나 방향성을 강하게 단정할 만큼 압도적이지는 않습니다.""]",-5.209615786411019,6.734486670546043,-2.703968203269777,10.961832095524269
207940,삼성바이오로직스,2024-02-01,1220076,Sell,74,"[""현재가 1,220,076원은 52주 최고가 1,236,265원의 93.1% 수준으로, 단기적으로 상승 여력이 제한된 고점권에 위치해 있습니다."", ""최근 1개월 수익률이 +5.34%이고 거래량 변화율도 +16.92%로 이미 단기 상승이 진행된 상태라, 향후 20거래일에는 추가 상승보다 되돌림 가능성을 더 크게 봅니다."", ""PER 92.3, PBR 9.10은 밸류에이션 부담이 큰 반면 2023 3분기 영업이익은 전년동기 대비 -1.9%로 이익 모멘텀이 강하지 않아, 현재 주가 수준을 정당화할 추가 촉매가 약합니다.""]",-2.4447330703006105,-8.614664443439,-3.7573881666371793,-9.615693002194934
207940,삼성바이오로직스,2024-03-04,1139130,Neutral,61,"[""최근 1개월 수익률이 -5.95%이고 거래량 변화율도 -5.46%로 단기 모멘텀이 약해 20거래일 내 강한 상승 신호로 보기 어렵습니다."", ""2023년 3분기 매출은 전년동기 대비 +18.4%로 성장했지만 영업이익은 -1.9% 감소해 실적 개선이 주가 상승을 강하게 뒷받침한다고 보기에는 부족합니다."", ""PER 86.2와 PBR 8.49는 밸류에이션 부담이 큰 수준이지만, 부채비율 66.4%와 영업현금흐름 +8,334억원은 재무 안정성을 지지해 하락만을 단정하기도 어렵습니다.""]",7.692341196557371,4.615404717934423,6.469045355989701,0.6990462971599172
207940,삼성바이오로직스,2024-04-01,1200943,Neutral,61,"[""최근 1개월 수익률이 +5.43%로 단기 모멘텀은 양호하지만, 거래량 변화율이 -7.48%로 상승 추세의 확산 강도는 약합니다."", ""현재 주가는 52주 최고가 대비 76.0% 수준으로 고점 부담이 완전히 해소되지 않았고, 향후 20거래일 내 추가 상승 여력과 조정 가능성이 함께 존재합니다."", ""PER 99.7, PBR 8.69은 밸류에이션 부담이 큰 편이지만, 2023년 매출 +23.1%, 영업이익 +13.2%, 영업현금흐름 +1.7조원 등 펀더멘털은 견조해 방향성이 한쪽으로 강하게 기울지 않습니다.""]",-1.3480240111312527,-5.024551539914883,0.39542715044308396,-2.499816326560056
207940,삼성바이오로직스,2024-05-02,1140601,Neutral,66,"[""최근 1개월 수익률이 -5.02%이고 거래량 변화율도 -28.83%로 단기 모멘텀이 약해 20거래일 내 추가 상승을 강하게 기대하기 어렵습니다."", ""현재 주가는 52주 최고가 대비 낮고 52주 내 위치가 53.1%로 중립권에 있어, 기술적으로 뚜렷한 추세 전환 신호가 확인되지 않습니다."", ""2023년 매출(+23.1%)과 영업이익(+13.2%), 영업현금흐름(+1.7조원)은 견조하지만 PER 94.7과 PBR 8.26이 높아 실적 대비 밸류에이션 부담이 존재합니다.""]",1.297066926115303,-2.3345970879005637,-0.5926227209408805,-1.7917502992147836
207940,삼성바이오로직스,2024-06-03,1106751,Neutral,66,"[""2024년 1분기 매출이 전년동기 대비 31.4%, 영업이익이 15.4% 증가해 실적 모멘텀은 양호하지만, 현재 PER 88.0배와 PBR 7.87배는 이미 높은 기대를 상당 부분 반영한 수준입니다."", ""최근 1개월 수익률이 -3.71%로 단기 추세가 약하고, 현재 주가는 52주 최고가 대비 40.2% 위치에 있어 강한 상승 추세로 보기 어렵습니다."", ""부채비율 65.1%와 영업현금흐름 2,898억원은 재무 안정성을 뒷받침하지만, 시가총액 51.2조원 규모와 높은 밸류에이션을 감안하면 향후 20거래일 방향성을 단정하기 어렵습니다.""]",-1.4608070758322107,7.569776119066289,-3.9426822871315674,2.614665492117628
207940,삼성바이오로직스,2024-07-01,1117054,Neutral,66,"[""2024년 1분기 매출이 전년동기 대비 31.4%, 영업이익이 15.4% 증가해 실적 모멘텀은 양호하지만, 이미 시가총액 51.7조원과 PER 88.8, PBR 7.94로 밸류에이션 부담이 큽니다."", ""ROE 8.9%와 영업이익률 23.4%, 영업현금흐름 2,898억원, 부채비율 65.1%는 재무 안정성과 수익성을 뒷받침하지만, 현재 주가가 52주 최고가 대비 아직 여유가 있고 1개월 수익률도 3.69%로 강한 추세 신호는 아닙니다."", ""52주 내 현재 위치가 44.1%로 중립권이며 거래량 변화율도 1.45%에 그쳐 단기 방향성을 강하게 지지하는 기술적 근거가 부족해 20거래일 전망을 확신하기 어렵습니다.""]",-1.7284435284238995,15.678966675139016,-4.83971126574257,17.213384085580394
207940,삼성바이오로직스,2024-08-01,1361363,Sell,74,"[""현재 주가는 52주 최고가의 94.2% 수준으로 고점권에 위치해 있어, 향후 20거래일 내 추가 상승 여력보다 단기 되돌림 위험이 더 크게 보입니다."", ""최근 1개월 수익률이 +14.20%이고 거래량 변화율도 +48.99%로 단기 급등과 과열 신호가 함께 나타나 추세 지속보다 차익실현 가능성이 높습니다."", ""실적과 현금흐름은 양호하지만 PER 108.2배, PBR 9.68배로 밸류에이션 부담이 매우 커서, 제공된 데이터만 기준으로는 단기 주가 상승 근거가 약합니다.""]",5.378669842977001,5.92753805866677,8.657958682708118,5.747804930600379
207940,삼성바이오로직스,2024-09-02,1420233,Sell,67,"[""주가가 52주 최고가의 91.6% 수준으로 이미 고점권에 근접해 있어, 향후 20거래일 내 추가 상승 여력이 제한적입니다."", ""PER 98.3배와 PBR 9.79배는 실적 대비 밸류에이션 부담이 큰 수준으로, 단기적으로는 기대치가 높아져 조정 압력이 우세할 수 있습니다."", ""최근 1개월 수익률이 +4.32%이고 거래량 변화율도 +8.69%로 단기 상승 흐름은 있으나, 현재 가격 위치와 높은 밸류에이션을 감안하면 상승 지속보다 되돌림 가능성이 더 큽니다.""]",3.6420366727802107,4.474506238218937,8.941083820038939,7.111645353218017
207940,삼성바이오로직스,2024-10-02,1437894,Neutral,66,"[""2024년 2분기 매출이 전년동기 대비 33.6%, 영업이익이 71.5% 증가하고 영업이익률이 37.6%로 높아 실적 모멘텀은 분명히 우호적이다."", ""부채비율 58.2%와 영업현금흐름 5,293억원은 재무 안정성을 뒷받침하지만, PER 99.5와 PBR 9.91은 이미 높은 기대가 반영된 밸류에이션으로 해석된다."", ""주가는 52주 고점 대비 73.0% 위치에 있으나 최근 1개월 수익률이 -1.41%이고 거래량도 -14.66% 감소해 단기 추세의 방향성이 강하게 확인되지 않는다.""]",3.703736451486528,1.8018434684194489,1.6186762695983021,1.0523425519736334
207940,삼성바이오로직스,2024-11-01,1468800,Neutral,66,"[""2024년 2분기 매출이 전년동기 대비 33.6%, 영업이익이 71.5% 증가하고 영업이익률이 37.6%로 높아 실적 모멘텀은 강합니다."", ""부채비율 58.2%와 영업현금흐름 5,293억원으로 재무 안정성은 양호하지만, PER 101.7과 PBR 10.12는 밸류에이션 부담이 매우 큽니다."", ""현재 주가는 52주 고점 대비 76.3% 위치로 높고 최근 1개월 수익률은 2.15%에 그친 반면 거래량은 23.04% 감소해 단기 추세의 추가 상승 근거가 강하지 않습니다.""]",-0.9833213519298967,-4.523157959437827,1.2303002813837358,0.6715719910830282
207940,삼성바이오로직스,2024-12-02,1429063,Neutral,66,"[""2024년 3분기 매출과 영업이익이 전년동기 대비 각각 +14.8%, +6.3%로 성장하고 영업현금흐름도 +1.3조원으로 양호해 펀더멘털은 지지적입니다."", ""다만 PER 96.6배와 PBR 9.60배는 밸류에이션 부담이 크고, ROE 9.9% 대비 주가가 이미 높은 수준이라 20거래일 내 추가 상승 여력이 제한될 수 있습니다."", ""최근 1개월 수익률이 -2.71%로 단기 모멘텀이 약하고 52주 최고가 대비 현재 위치가 69.5%로 중간 이상이어서 방향성을 강하게 단정하기 어렵습니다.""]",-0.8273045638768501,-2.792135336739799,2.46296382538757,-0.4650284210164348
207940,삼성바이오로직스,2025-01-02,1374609,Neutral,66,"[""2024 3분기 매출과 영업이익이 전년동기 대비 각각 +14.8%, +6.3%로 성장하고 영업현금흐름도 +1.3조원으로 양호해 펀더멘털은 지지적입니다."", ""다만 PER 93.0배와 PBR 9.24배는 높은 편이고 시가총액 63.6조원 대비 추가 상승을 정당화할 만큼의 단기 모멘텀이 데이터상 강하게 드러나지 않습니다."", ""최근 1개월 수익률 -4.21%와 거래량 변화율 -31.19%로 단기 수급과 가격 흐름이 약하며, 52주 최고가 대비 현재 위치도 59.4%로 강한 추세 전환 신호는 부족합니다.""]",6.3830064064985885,15.851078363411759,3.3583372936693343,11.967658759165921
207940,삼성바이오로직스,2025-02-03,1611560,Sell,74,"[""현재 주가가 52주 최고가와 동일한 100.0% 위치에 있어 단기적으로 추가 상승 여력이 제한되고, 최근 1개월 수익률도 16.86%로 이미 강한 상승이 반영되어 있습니다."", ""PER 109.0과 PBR 10.83은 실적 대비 밸류에이션 부담이 큰 수준이며, 향후 20거래일 관점에서 기대수익 대비 조정 위험이 더 커 보입니다."", ""3분기 매출과 영업이익은 각각 전년동기 대비 +14.8%, +6.3%로 성장했지만 영업이익률 28.5%와 ROE 9.9%는 매우 강한 재평가를 정당화할 만큼의 추가 모멘텀으로 보기에는 제한적입니다.""]",9.514929866705542,6.623080287251776,7.203601699206775,3.5429212021122116
207940,삼성바이오로직스,2025-03-04,1648353,Neutral,66,"[""2024년 3분기 매출이 전년동기 대비 14.8% 증가하고 영업이익률이 28.5%로 양호하며 영업현금흐름도 +1.3조원으로 실적과 현금창출력은 견조하다."", ""다만 PER 111.5배와 PBR 11.08배는 절대적으로 높은 편이라 향후 20거래일 내 추가 상승을 정당화할 만큼 밸류에이션 매력이 크다고 보기 어렵다."", ""주가는 52주 최고가 대비 85.8% 위치에 있고 최근 1개월 수익률은 +3.61%로 이미 상당 부분 반영된 상태이며, 거래량 변화율 0.59%로 단기 추세 확장 신호도 강하지 않다.""]",-5.599264773633147,-8.136473422054294,-6.2516944781438655,-6.093183987975495
207940,삼성바이오로직스,2025-04-01,1557105,Neutral,66,"[""2024년 매출(+23.1%)과 영업이익(+18.5%), 영업이익률 29.0%, 영업현금흐름 +1.7조원은 펀더멘털이 양호함을 보여주지만, 이는 이미 높은 밸류에이션(PER 102.3, PBR 10.16)에 상당 부분 반영된 것으로 보입니다."", ""최근 1개월 수익률이 -5.20%이고 거래량 변화율도 -32.10%로 약세 흐름과 수급 둔화가 확인되지만, 현재 주가가 52주 최고가 대비 72.3% 위치에 있어 추가 하락과 반등 가능성이 동시에 존재합니다."", ""부채비율 59.0%로 재무 안정성은 무난하나, 시가총액 72.1조원과 높은 멀티플을 감안하면 향후 20거래일 내 뚜렷한 상승 근거가 부족해 방향성을 확신하기 어렵습니다.""]",-5.523800402632187,0.1905093471884017,2.942753993862441,-1.834743460231007
207940,삼성바이오로직스,2025-05-02,1596842,Neutral,66,"[""2024년 매출(+23.1%)과 영업이익(+18.5%), 영업이익률 29.0%, 영업현금흐름 +1.7조원은 펀더멘털이 견조함을 보여주지만, 이는 이미 상당 부분 주가에 반영됐을 가능성이 있습니다."", ""현재 주가는 52주 최고가 대비 78.2% 위치로 고점권에 가깝고, 최근 1개월 수익률이 +3.33%로 단기 상승은 있었지만 추가 상승 여력은 데이터상 강하게 확인되지 않습니다."", ""PER 104.9와 PBR 10.42는 밸류에이션 부담이 크고, 거래량 변화율 +43.01%는 관심 확대 신호일 수 있으나 방향성을 단정할 만큼 충분히 강한 추세 근거는 아닙니다.""]",-3.4581632220144445,-2.1133292212899413,-6.05238188702338,-11.370070226807075
207940,삼성바이오로직스,2025-06-02,1517368,Neutral,66,"[""2025년 1분기 매출이 전년동기 대비 37.1%, 영업이익이 119.9% 증가해 실적 모멘텀은 강하지만, 이는 이미 상당 부분 주가에 반영됐을 가능성이 있습니다."", ""현재 PER 84.4배와 PBR 9.57배는 절대적으로 높은 편이라 향후 20거래일 내 추가 상승 여력이 밸류에이션 측면에서 제한될 수 있습니다."", ""주가는 52주 최고가 대비 66.4% 수준으로 고점 부담은 완화됐지만 최근 1개월 수익률이 -2.09%로 단기 추세가 약하고, 거래량 변화율 7.21%는 방향성을 확정할 만큼 강하지 않습니다.""]",-0.48351177533196255,0.9671549754465649,-5.867799572534256,-11.499461646227722
207940,삼성바이오로직스,2025-07-01,1476159,Neutral,66,"[""2025년 1분기 매출이 전년동기 대비 37.1%, 영업이익이 119.9% 증가해 실적 모멘텀은 강하지만, 이는 이미 상당 부분 주가에 반영됐을 가능성이 있습니다."", ""현재 PER 82.1배와 PBR 9.31배는 절대 밸류에이션 부담이 큰 수준이라 향후 20거래일 내 추가 상승 여력에 제약이 있습니다."", ""최근 1개월 수익률이 -2.24%이고 거래량 변화율도 -24.79%로 단기 수급과 모멘텀이 약해 상승·하락 방향을 단정하기 어렵습니다.""]",0.8919251981494825,8.820598118505849,-1.0163302505246845,2.98624041491633
207940,삼성바이오로직스,2025-08-01,1521783,Neutral,66,"[""2025년 1분기 매출이 전년동기 대비 37.1%, 영업이익이 119.9% 증가하고 영업이익률 37.5%로 수익성 개선이 뚜렷해 단기 펀더멘털은 우호적이다."", ""부채비율 54.6%와 영업현금흐름 6,830억원으로 재무 안정성은 양호하지만, PER 84.7과 PBR 9.60은 밸류에이션 부담이 커 추가 상승 여력이 제한될 수 있다."", ""주가는 52주 고점 대비 56.9% 위치에 있으나 최근 1개월 수익률이 -0.96%로 약세이고 거래량 변화율 30.91%는 방향성은 있으나 20거래일 내 상승·하락을 단정할 만큼 충분히 강하지 않다.""]",-1.5267234962927616,-4.866414935800849,-3.4017135685666076,-5.647925538612379
207940,삼성바이오로직스,2025-09-01,1465857,Neutral,66,"[""2025년 2분기 매출(+11.5%)과 영업이익(+9.5%), 영업이익률 36.9%, 영업현금흐름 +1.2조원은 펀더멘털이 견조함을 보여줍니다."", ""다만 PER 81.1배와 PBR 8.99배는 밸류에이션 부담이 크고, 현재가가 52주 최고가 대비 낮지만 52주 내 위치가 32%로 이미 중간 이하 구간에 있습니다."", ""최근 1개월 수익률 -6.65%와 거래량 변화율 -51.36%는 단기 모멘텀과 수급이 약해 향후 20거래일 방향성을 강하게 Buy로 보기 어렵습니다.""]",4.413188862211542,0.0,1.6486767497397063,-7.95151859031948
207940,삼성바이오로직스,2025-10-01,1479103,Neutral,66,"[""2025년 2분기 매출과 영업이익이 각각 전년동기 대비 11.5%, 9.5% 증가했고 영업이익률 36.9%, 영업현금흐름 1.2조원으로 실적과 현금창출력은 양호하다."", ""다만 PER 81.9배와 PBR 9.07배는 밸류에이션 부담이 큰 수준이라, 실적 개선만으로 20거래일 내 추가 상승을 강하게 단정하기 어렵다."", ""주가는 52주 최고가 대비 33.1% 위치에 있고 최근 1개월 수익률은 0.80%로 방향성이 약하며, 거래량 변화율 48.09%는 변동성 확대 신호일 수 있어 상승·하락 근거가 혼재한다.""]",12.289375686031557,21.01091589842356,6.677986109196152,7.564543325372096
207940,삼성바이오로직스,2025-11-03,1797000,Sell,74,"[""현재 주가는 52주 최고가의 96.5% 수준이고 최근 1개월 수익률이 22.10%로 단기 급등 후 고점권에 위치해 있어 20거래일 내 추가 상승 여력보다 되돌림 위험이 더 커 보입니다."", ""PER 99.5와 PBR 11.02는 실적 대비 밸류에이션 부담이 큰 수준으로, 이미 높은 기대가 주가에 상당 부분 반영된 상태로 해석됩니다."", ""2분기 매출과 영업이익이 각각 전년동기 대비 11.5%, 9.5% 증가하고 영업현금흐름도 양호하지만, 이러한 펀더멘털 개선만으로는 고평가와 과열된 기술적 위치를 상쇄하기 어렵습니다.""]",0.0,-7.957707289927657,0.37241553324565485,-4.881094014951556
207940,삼성바이오로직스,2025-12-01,1649000,Neutral,66,"[""2025년 3분기 매출이 전년동기 대비 39.9%, 영업이익이 115.3% 증가해 실적 모멘텀은 강하지만, 이는 이미 상당 부분 주가에 반영됐을 가능성을 배제하기 어렵습니다."", ""최근 1개월 수익률이 -8.24%이고 거래량 변화율도 -18.97%로 단기 주가 흐름과 수급이 약해 20거래일 내 즉각적인 상승 신호로 보기는 어렵습니다."", ""52주 최고가 대비 현재 위치가 64.7%로 고점 부담은 완화됐지만, PER 73.5와 PBR 9.64는 밸류에이션 부담이 커 상승과 하락 근거가 혼재합니다.""]",0.36275695284159615,1.7533252720677146,-3.3574584201436712,-6.124159439804591
068270,셀트리온,2023-01-02,147192,Neutral,61,"[""최근 1개월 수익률이 -6.95%이고 거래량 변화율도 -1.26%로 단기 모멘텀이 약해 20거래일 내 강한 상승 신호는 부족합니다."", ""52주 최고가 대비 현재 위치가 35.1%로 고점 대비 여유는 있으나, 현재가가 추세 반전의 근거를 보여주는 수준은 아니어서 방향성을 단정하기 어렵습니다."", ""2022 3분기 매출과 영업이익은 각각 전년동기 대비 +60.6%, +28.1%로 양호하지만, 영업현금흐름이 -864억원으로 현금창출 측면의 불확실성이 있어 상승·하락 근거가 균형적입니다.""]",3.7737912929337125,6.541238241085101,-2.2040874457757957,-4.735737257860232
068270,셀트리온,2023-02-01,156208,Neutral,61,"[""최근 1개월 수익률이 +5.80%로 단기 모멘텀은 양호하지만, 거래량 변화율이 -14.28%로 상승 추세의 지속성을 강하게 뒷받침하지는 않습니다."", ""2022년 3분기 매출과 영업이익이 각각 전년동기 대비 +60.6%, +28.1% 증가해 실적은 견조하지만, 영업현금흐름이 -864억원으로 현금 창출 측면의 불안이 있습니다."", ""PER 34.6, PBR 5.00은 밸류에이션 부담이 있는 수준이고, 현재 주가가 52주 범위의 중간(49.3%)에 위치해 있어 향후 20거래일 방향성을 단정하기 어렵습니다.""]",-2.2433264887063658,-11.098562628336756,-2.755299529113347,-9.60760316493635
068270,셀트리온,2023-03-02,132197,Neutral,66,"[""최근 1개월 수익률이 -11.08%로 단기 모멘텀은 약하지만, 52주 최고가 대비 현재 위치가 11.4%로 과매도 구간에 가까워 추가 하락과 반등 가능성이 혼재합니다."", ""2022년 3분기 매출과 영업이익이 각각 전년동기 대비 +60.6%, +28.1%로 실적 성장세는 양호하지만, 영업현금흐름이 -864억원으로 현금창출 측면의 불확실성이 있습니다."", ""부채비율 39.2%와 ROE 14.4%는 재무구조와 수익성 측면에서 양호하나, PER 29.3과 PBR 4.23은 밸류에이션 부담이 있어 20거래일 내 방향성을 단정하기 어렵습니다.""]",2.7226007622127266,-0.5312391731146784,4.263674826692779,-2.3728802443009505
068270,셀트리온,2023-04-03,137992,Neutral,61,"[""현재 주가는 52주 최고가 대비 20.6% 낮은 위치에 있고 최근 1개월 수익률도 -0.40%로 단기 추세가 강하지 않아, 20거래일 내 뚜렷한 상승 근거가 제한적입니다."", ""PER 33.8배와 PBR 4.47배는 시장이 높은 기대를 반영한 수준으로 보이지만, 이를 단기 주가 상승으로 연결할 추가 모멘텀이 데이터상 충분하지 않습니다."", ""2022년 매출은 +20.6% 증가했지만 영업이익은 -13.0% 감소했고 영업현금흐름도 +9억원으로 매우 약해, 실적 측면에서 단기 방향성을 강하게 지지하지 못합니다.""]",7.421105884926712,0.0,4.705938439522344,-0.8421655224127245
068270,셀트리온,2023-05-02,147560,Neutral,61,"[""최근 1개월 수익률이 +7.08%이고 거래량 변화율도 +11.80%로 단기 모멘텀은 우호적이어서 20거래일 내 추가 상승 가능성을 완전히 배제하기 어렵습니다."", ""현재 주가는 52주 최고가 대비 35.7% 수준으로 고점 부담은 크지 않지만, PER 36.1과 PBR 4.78은 밸류에이션 부담이 있어 단기 추가 상승 근거를 강하게 만들지는 못합니다."", ""2022년 매출은 +20.6% 성장했지만 영업이익은 -13.0% 감소했고 영업현금흐름도 +9억원으로 매우 약해, 실적 측면에서 주가를 강하게 밀어올릴 확신이 부족합니다.""]",6.03806606869394,9.119995624589805,6.453833239078528,5.123833475393354
068270,셀트리온,2023-06-01,161360,Neutral,62,"[""최근 1개월 수익률이 +9.22%로 단기 모멘텀은 양호하지만, 거래량 변화율이 -26.92%로 상승 추세의 지속성을 강하게 뒷받침하지는 않습니다."", ""2023년 1분기 매출이 전년동기 대비 +12.4%, 영업이익이 +41.1% 증가했고 영업이익률 30.5%, 순이익 흑자로 펀더멘털은 견조합니다."", ""PER 36.6, PBR 5.22, 시가총액 35.8조원으로 밸류에이션 부담이 존재하며, 현재가가 52주 최고가 대비 아직 여유가 있어 방향성은 있으나 20거래일 내 상승을 단정할 만큼 강한 근거는 부족합니다.""]",-3.7465854697641783,-12.623111044282384,-4.822561113273719,-12.665781032288645
068270,셀트리온,2023-07-03,139464,Neutral,66,"[""2023년 1분기 매출이 전년동기 대비 12.4%, 영업이익이 41.1% 증가하고 영업이익률이 30.5%로 수익성은 양호하지만, 이는 이미 알려진 실적 개선으로 단기 주가 방향을 단정하기에는 부족합니다."", ""최근 1개월 수익률이 -13.57%로 약세 흐름이 뚜렷하고 현재 주가가 52주 최고가 대비 낮은 수준이어서 단기 반등 여지는 있으나 추세 전환 신호로 보기에는 근거가 제한적입니다."", ""PER 31.7, PBR 4.51로 밸류에이션 부담이 존재하는 반면 ROE 14.2%와 부채비율 43.2%, 영업현금흐름 +1,513억원은 재무 안정성을 지지해 상승·하락 근거가 혼재합니다.""]",-2.2015793939130246,0.7331346400678748,-1.013136824378331,-2.111106889097563
068270,셀트리온,2023-08-01,138912,Neutral,61,"[""2023년 1분기 매출이 전년동기 대비 12.4%, 영업이익이 41.1% 증가하고 영업이익률 30.5%, 영업현금흐름 +1,513억원으로 실적과 현금창출력은 양호하다."", ""부채비율 43.2%로 재무안정성은 무난하지만 PER 31.6, PBR 4.50은 밸류에이션 부담이 있어 단기 주가 상승 근거를 강하게 만들지는 못한다."", ""현재 주가는 52주 최고가 대비 13.8% 위치에 있고 최근 1개월 수익률이 -0.40%로 방향성이 약하며, 거래량 변화율 26.78%는 관심 증가를 시사하지만 20거래일 내 상승·하락을 단정할 만큼 일관된 신호는 아니다.""]",4.6616673888933775,-2.770412697480041,5.0954579540441305,-0.46960282769365636
068270,셀트리온,2023-09-01,132381,Neutral,61,"[""현재 주가는 52주 최고가 대비 5.5% 낮은 수준으로 단기 반등 여지는 있으나, 최근 1개월 수익률이 -2.77%이고 거래량 변화율도 -11.79%로 수급 모멘텀이 약합니다."", ""2023년 2분기 매출과 영업이익이 각각 전년동기 대비 -12.1%, -10.1% 감소해 실적 성장 모멘텀이 강하지 않으며, 향후 20거래일 내 주가 상승을 뒷받침할 뚜렷한 촉매가 제한적입니다."", ""ROE 12.9%와 영업현금흐름 +4,355억원, 부채비율 43.1%는 재무 안정성을 보여주지만 PER 32.3, PBR 4.17로 밸류에이션 부담도 있어 상승·하락 근거가 균형적입니다.""]",2.612587036428294,-5.841526462062577,3.683179596061502,0.9612051546598765
068270,셀트리온,2023-10-04,125021,Sell,78,"[""최근 1개월 수익률이 -7.86%이고 거래량 변화율도 -47.39%로, 단기 추세와 수급이 동시에 약화된 모습입니다."", ""현재가 125,021원은 52주 최저가 119,165원에 매우 근접해 52주 내 현재 위치가 0.0%로 표시되어 있어, 향후 20거래일 내 추가 약세 가능성을 배제하기 어렵습니다."", ""2023년 2분기 매출과 영업이익이 각각 전년동기 대비 -12.1%, -10.1% 감소해 실적 모멘텀이 둔화된 반면, PER 30.5와 PBR 3.94는 단기 반등을 강하게 지지할 만큼 저평가로 보기 어렵습니다.""]",9.18020618556701,13.73278350515464,6.993902308049945,15.199749722495286
068270,셀트리온,2023-11-01,137440,Neutral,61,"[""최근 1개월 수익률이 +9.37%이고 거래량 변화율도 +43.02%로 단기 모멘텀은 우호적이지만, 52주 최고가 대비 현재 위치가 33.1%에 불과해 추가 상승 여력과 단기 과열 여부가 동시에 존재합니다."", ""PER 33.6, PBR 4.33은 KOSPI 대형주 기준으로 낮지 않은 편이라 실적 대비 밸류에이션 부담이 있으며, 이는 향후 20거래일 상승 탄력을 제한할 수 있습니다."", ""2023 2분기 매출과 영업이익이 각각 전년동기 대비 -12.1%, -10.1%로 감소했지만 영업이익률 34.9%, 부채비율 43.1%, 영업현금흐름 +4,355억원은 재무 안정성을 뒷받침해 방향성이 한쪽으로 강하게 기울지는 않습니다.""]",5.474283060489957,8.745500986880298,1.8910265478060122,0.5440431016674161
068270,셀트리온,2023-12-01,150044,Neutral,61,"[""최근 1개월 수익률이 +8.88%이고 거래량 변화율도 +15.46%로 단기 모멘텀은 우호적이지만, 52주 최고가 157,660원 대비 현재가 150,044원으로 추가 상승 여력은 제한적으로 보입니다."", ""2023년 3분기 매출이 전년동기 대비 +4.1%에 그쳤지만 영업이익은 +25.2%, 영업이익률 39.8%로 수익성은 양호해 실적 측면의 하방 압력은 크지 않습니다."", ""PER 33.6, PBR 4.65로 밸류에이션 부담이 존재하는 반면 ROE 13.8%와 부채비율 46.3%, 영업현금흐름 +3,876억원은 재무 안정성을 뒷받침해 상승·하락 근거가 혼재합니다.""]",9.286421007594395,34.07115734303134,8.872496277480463,31.20549400976427
068270,셀트리온,2024-01-02,212969,Sell,74,"[""현재가 212,969원은 52주 최고가 202,994원을 이미 상회하고 52주 내 현재 위치가 100.0%로, 단기적으로 가격이 과열 구간에 있어 추가 상승 여력이 제한적입니다."", ""최근 1개월 수익률이 43.17%로 매우 가파르고 거래량 변화율도 97.45%로 급증해, 향후 20거래일 관점에서는 차익실현 압력이 커질 가능성이 있습니다."", ""실적과 재무안정성은 양호하지만 PER 47.7, PBR 6.59, 시가총액 47.2조원은 밸류에이션 부담이 큰 수준이라 단기 주가 상승 근거보다 하락 리스크가 더 우세합니다.""]",-11.01521817729341,-22.376026557855837,-8.509570594152168,-18.148681132877613
068270,셀트리온,2024-02-01,164395,Neutral,66,"[""2023년 3분기 매출과 영업이익이 각각 전년동기 대비 4.1%, 25.2% 증가했고 영업이익률 39.8%, 영업현금흐름 +3,876억원으로 펀더멘털과 현금창출력은 양호합니다."", ""부채비율 46.3%와 ROE 13.8%는 재무 안정성과 수익성 측면에서 무난하지만, PER 36.8배와 PBR 5.09배는 현재 밸류에이션 부담이 존재합니다."", ""최근 1개월 수익률이 -22.81%로 약세가 강하고 거래량도 -30.93% 감소했지만, 52주 범위 내 현재 위치가 47.0%로 극단적 저점은 아니어서 향후 20거래일 방향성을 단정하기 어렵습니다.""]",1.9022750500676429,-1.8479243343514247,0.5896199537310738,-2.8489528931073593
068270,셀트리온,2024-03-04,162003,Neutral,61,"[""3분기 매출과 영업이익이 각각 전년동기 대비 +4.1%, +25.2%로 개선되고 영업이익률 39.8%, 순이익 흑자, 영업현금흐름 +3,876억원으로 펀더멘털은 양호합니다."", ""다만 PER 36.3배와 PBR 5.02배는 절대적으로 낮지 않은 밸류에이션이며, 현재가가 52주 고점 대비 44.4% 위치에 있어 단기적으로 강한 저평가 신호는 아닙니다."", ""최근 1개월 수익률 -1.95%와 거래량 변화율 -22.78%는 단기 모멘텀과 수급이 약한 상태를 시사해, 향후 20거래일 방향성을 강하게 단정하기 어렵습니다.""]",3.355634151167392,4.550232489117531,2.132338310599722,0.6338740683430251
068270,셀트리온,2024-04-01,173043,Neutral,61,"[""최근 1개월 수익률이 +4.67%이고 거래량 변화율도 +7.26%로 단기 모멘텀은 양호하지만, 52주 최고가 대비 현재 위치가 56.5%에 불과해 강한 추세 돌파 신호로 보기는 어렵습니다."", ""PER 43.9배와 PBR 2.14배는 밸류에이션 부담이 있는 편인데 ROE 4.9%로 자본효율성이 높지 않아 향후 20거래일 내 추가 상승을 강하게 뒷받침하기 어렵습니다."", ""2023년 매출은 전년 대비 -4.7%로 감소했고 영업이익 증가율도 +0.7%에 그쳐 실적 모멘텀이 강하지 않지만, 영업이익률 29.9%와 부채비율 16.3%, 영업현금흐름 +5,372억원은 하방 리스크를 크게 키우는 수준도 아닙니다.""]",-1.3602465003223194,2.0131648204770323,0.38320466125201724,4.53790003383186
068270,셀트리온,2024-05-02,172491,Neutral,61,"[""PER 43.7과 PBR 2.13은 밸류에이션 부담이 있는 편이지만, ROE 4.9%와 영업이익률 29.9%, 영업현금흐름 +5,372억원은 수익성과 현금창출력이 완전히 약하지는 않음을 보여줍니다."", ""최근 1개월 수익률이 -0.32%로 방향성이 약하고 거래량 변화율도 -24.81%로 수급 모멘텀이 둔화되어 있어 단기 상승 근거가 강하지 않습니다."", ""52주 최고가 대비 현재 위치가 55.9%로 중간 수준이고, 2023년 매출은 -4.7% 감소했지만 영업이익은 +0.7%로 소폭 개선되어 상승·하락 근거가 혼재합니다.""]",0.9524302500129407,-0.47621512500647034,-0.9372593970432428,0.06663166367930995
068270,셀트리온,2024-06-03,164671,Sell,74,"[""최근 1개월 수익률이 -5.29%이고 거래량 변화율도 -3.01%로, 단기 주가 모멘텀과 수급이 모두 약한 편입니다."", ""2024년 1분기 매출은 전년동기 대비 +23.3%로 증가했지만 영업이익은 -91.5% 급감해 영업이익률이 2.1%에 그쳐 수익성 악화가 뚜렷합니다."", ""PER 57.9, PBR 2.05, ROE 3.5%로 밸류에이션 대비 수익창출력이 낮아 보이며, 52주 고점 대비 아직 여유가 있지만 현재 위치 47.3%는 반등을 강하게 뒷받침할 수준은 아닙니다.""]",-0.2658298804343429,-3.349456493472721,-2.7477050917336996,-8.304567120421382
068270,셀트리온,2024-07-01,169363,Neutral,61,"[""최근 1개월 수익률이 +3.84%이고 거래량 변화율도 +35.28%로 단기 수급과 가격 흐름은 우호적이어서 20거래일 내 추가 상승 가능성을 완전히 배제하기 어렵습니다."", ""다만 PER 59.5와 PBR 2.11은 밸류에이션 부담이 있는 편인데 ROE 3.5%로 수익성은 낮아 현재 주가 수준을 강하게 정당화하기 어렵습니다."", ""2024년 1분기 매출은 +23.3% 증가했지만 영업이익이 -91.5% 급감해 영업이익률이 2.1%에 그치므로 실적 모멘텀이 뚜렷한 상승 신호라고 보기 어렵습니다.""]",1.4634922318256536,13.279247750852821,-1.6477755054930168,14.813665161294198
068270,셀트리온,2024-08-01,183990,Neutral,61,"[""최근 1개월 수익률이 +10.01%이고 거래량 변화율도 +29.96%로 단기 모멘텀은 양호해 20거래일 내 추가 상승 여지는 있습니다."", ""다만 PER 64.7, PBR 2.29, ROE 3.5%로 밸류에이션 대비 수익성은 높지 않아 현재 주가가 실적 개선을 충분히 반영했는지 확신하기 어렵습니다."", ""2024 1분기 매출은 +23.3% 증가했지만 영업이익은 -91.5% 급감해 영업이익률 2.1%에 그쳐, 실적 측면의 추세가 주가 상승을 강하게 뒷받침한다고 보기 어렵습니다.""]",1.2397390259514212,1.8079527461791558,4.519027865682539,1.628219618112765
068270,셀트리온,2024-09-02,181322,Neutral,61,"[""최근 1개월 수익률이 -1.45%로 단기 모멘텀이 약하고, 현재 주가가 52주 최고가 대비 65.5% 수준이라 강한 추세 상승 신호는 보이지 않습니다."", ""2024년 2분기 매출은 전년동기 대비 66.9% 증가했지만 영업이익은 60.4% 감소해 실적의 질과 수익성 측면에서 방향성이 엇갈립니다."", ""부채비율 18.4%와 영업현금흐름 3,306억원은 재무 안정성을 지지하지만, PER 84.1과 ROE 2.7%는 밸류에이션 부담 대비 수익성 개선 근거가 충분하지 않습니다.""]",-0.6097190877940308,-2.944308644768279,4.689328059464698,-0.3071695297691992
068270,셀트리온,2024-10-02,175711,Neutral,61,"[""최근 1개월 수익률이 -5.21%이고 거래량 변화율도 -40.97%로 단기 모멘텀과 수급이 약해 20거래일 내 상승을 강하게 기대하기 어렵습니다."", ""매출은 전년동기 대비 +66.9%로 크게 증가했지만 영업이익은 -60.4% 감소해 실적 개선의 질이 불안정하며, 영업이익률도 8.3%에 그칩니다."", ""부채비율 18.4%와 영업현금흐름 +3,306억원은 재무 안정성을 지지하지만, PER 81.5와 ROE 2.7%는 밸류에이션 대비 수익성이 높지 않아 방향성을 단정하기 어렵습니다.""]",1.6082357918488226,-2.750528839373854,-0.47682439003940313,-3.5000297558196696
068270,셀트리온,2024-11-01,166604,Sell,74,"[""최근 1개월 수익률이 -7.32%이고 거래량 변화율도 -16.68%로, 단기 추세와 수급이 모두 약세를 보여 향후 20거래일 추가 하락 압력이 우세합니다."", ""PER 77.3과 PBR 2.08은 현재 이익 대비 밸류에이션 부담이 큰 편인데 ROE가 2.7%에 불과해 높은 평가를 정당화할 성장·수익성 근거가 약합니다."", ""2024년 2분기 매출은 +66.9%로 증가했지만 영업이익은 -60.4% 감소했고 영업이익률도 8.3%에 그쳐, 외형 성장 대비 이익 모멘텀이 악화된 점이 단기 주가에 부정적입니다.""]",-7.0974889645531585,-1.4942082030638228,-4.883867331239526,3.7005217474570324
068270,셀트리온,2024-12-02,169823,Neutral,61,"[""최근 1개월 수익률이 +1.93%로 단기 추세는 약하게 우상향이지만, 52주 최고가 대비 현재 위치가 36.5%에 불과해 강한 추세 전환 신호로 보기에는 부족합니다."", ""매출은 전년동기 대비 +31.2%로 성장했지만 영업이익은 -22.4% 감소해 수익성 개선이 확인되지 않았고, ROE 1.2%와 PER 178.7은 밸류에이션 부담이 큽니다."", ""부채비율 19.2%와 영업현금흐름 +5,959억원은 재무 안정성을 지지하지만, 시가총액 37.6조원 규모에서 향후 20거래일 내 뚜렷한 상승 근거로는 부족해 방향성을 확신하기 어렵습니다.""]",-2.5683527297471778,1.341173323097145,0.7219156595172427,3.6682802388205094
068270,셀트리온,2025-01-02,173667,Neutral,61,"[""최근 1개월 수익률이 +0.95%로 단기 추세가 강하지 않고, 52주 최고가 대비 현재 위치도 35.6%에 불과해 뚜렷한 상승 모멘텀이 확인되지 않습니다."", ""거래량 변화율이 59.12%로 수급 변화는 있으나, 이를 상승 추세로 단정할 만큼 가격 상승이 동반된 데이터는 제공되지 않았습니다."", ""매출은 전년동기 대비 +31.2%로 성장했지만 영업이익은 -22.4% 감소했고 ROE 1.2%, PER 182.7은 수익성 대비 밸류에이션 부담이 커 방향성을 확신하기 어렵습니다.""]",2.321443943872134,0.05509483772848575,-0.7032251689571201,-3.8283247665173508
068270,셀트리온,2025-02-03,169525,Sell,74,"[""PER 178.3과 PBR 2.11은 현재 실적 대비 밸류에이션 부담이 큰 수준인데 ROE가 1.2%에 불과해 20거래일 내 추가 상승을 정당화할 이익 효율성이 약합니다."", ""최근 1개월 수익률이 -3.77%이고 거래량 변화율도 -51.86%로, 단기 추세와 수급이 모두 약화된 상태입니다."", ""3분기 매출은 전년동기 대비 31.2% 증가했지만 영업이익은 22.4% 감소해 이익 모멘텀이 둔화됐고, 현재가가 52주 최고가 대비 아직 높지 않더라도 단기 반등 근거는 제한적입니다.""]",1.2968696049112498,4.11533712172198,-1.0144585625875162,1.035178036582416
068270,셀트리온,2025-03-04,176749,Sell,74,"[""PER 185.9와 PBR 2.20은 현재 주가가 실적 대비 높은 편인데 ROE가 1.2%에 불과해 20거래일 내 추가 상승을 정당화할 이익 효율성이 약합니다."", ""2024년 3분기 매출은 전년동기 대비 31.2% 증가했지만 영업이익은 22.4% 감소해 수익성 모멘텀이 둔화된 모습이며, 이는 단기 주가에 부담입니다."", ""현재가 176,749원은 52주 최고가 183,265원에 근접해 있고 최근 1개월 수익률도 2.11%로 강한 추세가 아니어서, 단기적으로는 상승 여력보다 되돌림 가능성이 더 커 보입니다.""]",1.1910851297040554,-8.12118827464096,0.5386554251933365,-6.0778988405621615
068270,셀트리온,2025-04-01,168369,Sell,78,"[""최근 1개월 수익률이 -5.00%이고 거래량 변화율도 -29.54%로, 단기 모멘텀과 수급이 동시에 약화된 모습입니다."", ""현재 주가는 52주 최고가 대비 아직 여유가 있지만 52주 내 위치가 40.7%에 불과해 강한 추세 상승 구간으로 보기 어렵습니다."", ""PER 78.4와 PBR 2.00 대비 ROE 2.5%로 밸류에이션 부담이 크고 수익성 효율이 낮아, 향후 20거래일 내 추가 상승 근거가 약합니다.""]",-8.957095749952588,-4.949925668524443,-0.4905413534579601,-6.975178475943852
068270,셀트리온,2025-05-02,156425,Neutral,61,"[""최근 1개월 수익률이 -4.30%로 단기 모멘텀이 약하고, 현재 주가가 52주 최고가 대비 낮은 수준에 있어 즉각적인 상승 추세를 확인하기 어렵습니다."", ""PER 72.8은 이익 대비 밸류에이션 부담이 큰 편이지만, PBR 1.86과 ROE 2.5%는 수익성 대비 자산가치 매력이 강하다고 보기 어려워 방향성이 혼재됩니다."", ""2024년 매출은 +63.5%로 크게 증가했지만 영업이익은 -24.5% 감소했고, 거래량 변화율 6.92%는 뚜렷한 추세 전환 신호로 보기에는 제한적입니다.""]",-3.7434505806234335,1.7467277190210035,-6.337669245632369,-7.51001328649613
068270,셀트리온,2025-06-02,155077,Neutral,66,"[""2025년 1분기 매출이 전년동기 대비 14.2%, 영업이익이 867.9% 증가해 실적 모멘텀은 강하지만, 이는 이미 상당 부분 주가에 반영됐을 가능성을 배제할 수 없습니다."", ""PER 59.8배와 시가총액 34.4조원은 밸류에이션 부담이 큰 편이며, ROE 3.1%는 자본효율성이 높다고 보기 어려워 추가 상승 여력이 제한적일 수 있습니다."", ""주가는 52주 최고가 대비 19.2% 낮고 최근 1개월 수익률이 -1.83%로 약세이나, 거래량 변화율 14.64%와 낮은 부채비율 21.3%, 양호한 영업현금흐름은 하방을 완전히 단정하기 어렵게 만듭니다.""]",6.018952747501536,11.452504932242311,0.6346649502992419,-1.0141116894319762
068270,셀트리온,2025-07-01,160400,Neutral,62,"[""2025년 1분기 매출이 전년동기 대비 14.2%, 영업이익이 867.9% 증가해 실적 모멘텀은 분명하지만, 이는 이미 주가에 상당 부분 반영됐을 가능성을 배제할 수 없습니다."", ""현재 PER 61.9배와 시가총액 35.6조원은 이익 대비 밸류에이션 부담이 큰 편이라, 향후 20거래일 내 추가 상승 여력은 제한적으로 보입니다."", ""주가는 52주 최고가 대비 30.8% 낮고 최근 1개월 수익률은 +4.93%로 반등 흐름이 있으나, 거래량 변화율 -20.08%로 수급 확산이 약해 방향성을 강하게 확신하기 어렵습니다.""]",4.262877442273535,6.631142687981054,2.354621993599368,0.7967849843915351
068270,셀트리온,2025-08-01,171300,Neutral,61,"[""2025년 1분기 매출이 전년동기 대비 14.2%, 영업이익이 867.9% 증가해 실적 모멘텀은 분명하지만, 이는 이미 과거 실적에 대한 확인이며 향후 20거래일 주가 방향을 단정할 만큼 강한 단기 촉매로 보기는 어렵습니다."", ""PER 66.1배와 PBR 2.07배는 이익 대비 밸류에이션 부담이 존재하는 수준이고, ROE 3.1%로 자본효율성이 높지 않아 단기 추가 상승 여력이 제한될 수 있습니다."", ""최근 1개월 수익률이 -0.58%이고 거래량 변화율이 -17.99%로 수급이 약한 반면, 52주 내 현재 위치가 54.5%로 중립권에 있어 상승·하락 어느 한쪽으로도 강하게 기울었다고 보기 어렵습니다.""]",-0.5175388154111558,-1.5526164462334675,-2.3925288876850015,-2.3341270490449966
068270,셀트리온,2025-09-01,169800,Neutral,61,"[""2025년 2분기 매출이 전년동기 대비 9.9%, 영업이익이 234.5% 증가해 실적 모멘텀은 분명하지만, 순이익은 633억원으로 이익 체력이 아직 압도적으로 강하다고 보기 어렵습니다."", ""PER 68.3배와 PBR 2.13배는 현재가에 성장 기대가 상당 부분 반영된 수준으로 보이며, ROE 3.1%는 밸류에이션을 강하게 정당화할 만큼 높지 않습니다."", ""최근 1개월 수익률 -5.09%와 거래량 변화율 -21.42%는 단기 수급과 가격 흐름이 약한 편이지만, 52주 고점 대비 과열도는 크지 않아 20거래일 방향성을 단정하기 어렵습니다.""]",-0.9929906542056074,1.2850467289719625,-3.757502766677443,-6.666471861347517
068270,셀트리온,2025-10-01,175100,Neutral,66,"[""2025년 2분기 매출이 전년동기 대비 9.9%, 영업이익이 234.5% 증가해 실적 모멘텀은 분명하지만, 순이익은 633억원으로 이익 체력이 아직 강하게 재평가될 수준인지 단정하기 어렵습니다."", ""현재 PER 70.5배와 PBR 2.19배는 이익 대비 밸류에이션 부담이 큰 편이며, ROE 3.1%는 자본효율성이 높다고 보기 어려워 20거래일 내 추가 상승 여력이 제한될 수 있습니다."", ""주가는 52주 최고가의 67.4% 위치에 있고 최근 1개월 수익률은 2.28%로 완만한 상승세이나, 거래량 변화율 49.43%는 수급 개선 신호이지만 단기 추세 전환을 확정할 만큼 강한 방향성은 아닙니다.""]",0.34207525655644244,-0.3990877993158495,-5.269314320278962,-13.845460372367311
068270,셀트리온,2025-11-03,174600,Sell,72,"[""현재가 174,600원이 52주 최고가 175,573원에 거의 근접해 있어 단기적으로 추가 상승 여력이 제한적이며, 고점 부근에서는 차익실현 압력이 커질 수 있습니다."", ""PER 70.2와 PBR 2.19는 실적 대비 밸류에이션 부담이 큰 편인데 ROE가 3.1%로 낮아 현재 주가 수준을 정당화할 성장 효율성이 충분히 강하지 않습니다."", ""최근 1개월 수익률이 -1.91%로 약세이고, 거래량 변화율 15.85%는 변동성 확대 신호일 수 있으나 방향성은 아직 상승 추세로 확정되지 않았습니다.""]",-1.9852524106636416,4.480998298355077,-1.6128368774179866,7.557611573331178
068270,셀트리온,2025-12-01,185800,Neutral,67,"[""3분기 매출이 전년동기 대비 16.7%, 영업이익이 45.1% 증가하고 영업이익률 29.3%를 기록해 실적 모멘텀은 분명하지만, 이는 이미 주가에 상당 부분 반영됐을 가능성이 있습니다."", ""현재 주가 185,800원은 52주 최고가 186,915원에 매우 근접하고 52주 내 위치도 79.3%로 높아, 향후 20거래일 관점에서 추가 상승 여력보다 단기 과열·저항 부담이 큽니다."", ""최근 1개월 수익률 5.81%와 거래량 변화율 81.74%는 수급 개선을 시사하지만, PER 51.1과 PBR 2.30은 밸류에이션 부담이 존재해 상승과 하락 근거가 혼재됩니다.""]",1.6829533116178068,9.93485342019544,-2.0372620613674606,2.0573687083231347
373220,LG에너지솔루션,2023-01-02,446000,Sell,84,"[""최근 1개월 수익률이 -23.76%로 단기 추세가 매우 약하고, 52주 최고가 대비 현재 위치도 33.6%에 불과해 추가 약세 가능성을 배제하기 어렵습니다."", ""PER 185.1과 PBR 4.62는 현재 이익과 자산 대비 밸류에이션 부담이 큰 수준인데, ROE 2.5%로 수익성은 낮아 주가를 지지할 근거가 약합니다."", ""2022년 3분기 실적은 매출과 영업이익이 크게 증가했지만, 영업현금흐름이 -1.4조원으로 현금창출력이 부진하고 거래량도 -4.64%로 수급 개선 신호가 약합니다.""]",7.491486946651532,20.998864926220204,1.513608207942024,9.72188942727487
373220,LG에너지솔루션,2023-02-01,522000,Neutral,61,"[""최근 1개월 수익률이 19.86%이고 거래량 변화율도 20.10%로 단기 모멘텀은 양호하지만, 이미 52주 최고가 대비 61.9% 수준까지 올라와 추가 상승 여력은 제한적으로 보입니다."", ""2022년 3분기 매출과 영업이익이 각각 전년동기 대비 크게 증가했고 영업이익률도 6.8%로 개선됐지만, PER 216.7배와 PBR 5.40배는 밸류에이션 부담이 큽니다."", ""ROE 2.5%로 자본효율성이 낮고 영업현금흐름이 -1.4조원으로 현금창출력이 약해, 실적 개선에도 불구하고 향후 20거래일 방향성을 강하게 단정하기 어렵습니다.""]",3.189493433395872,0.9380863039399625,2.677520392988891,2.4290457673403685
373220,LG에너지솔루션,2023-03-02,535000,Sell,74,"[""PER 222.1, PBR 5.54, ROE 2.5%로 수익성 대비 밸류에이션 부담이 크며, 현재가 535,000원은 52주 최고가 624,000원 대비 아직 높아 추가 상승 여력이 제한적으로 보입니다."", ""최근 1개월 수익률이 2.69%로 상승 탄력이 강하지 않은 반면 거래량 변화율이 -22.56%로 수급이 약화되어 단기 모멘텀이 둔화된 모습입니다."", ""2022 3분기 실적은 매출과 영업이익이 크게 증가했지만 영업현금흐름이 -1.4조원으로 현금창출력이 약하고, 부채비율 88.5%도 감안하면 향후 20거래일 주가에 부담 요인이 될 수 있습니다.""]",2.41635687732342,8.550185873605948,3.957430941803473,6.708544802419675
373220,LG에너지솔루션,2023-04-03,586000,Sell,78,"[""PER 177.2와 PBR 7.32는 현재 실적 대비 밸류에이션 부담이 매우 큰 수준이라 20거래일 내 추가 상승 여력이 제한적입니다."", ""주가가 52주 최고가의 85.8% 위치에 있고 최근 1개월 수익률이 8.92%로 이미 단기 상승이 진행되어 있어 추격 매수보다 되돌림 위험이 더 큽니다."", ""2022년 매출과 영업이익은 성장했지만 영업이익률 4.7%에 그치고 영업현금흐름이 -5,798억원으로 현금창출력이 약해 단기 주가 모멘텀을 강하게 지지하기 어렵습니다.""]",6.086956521739131,-1.391304347826087,3.371789076334762,-2.233469870238811
373220,LG에너지솔루션,2023-05-02,591000,Sell,78,"[""현재 주가는 52주 최고가의 87.7% 수준으로 고점권에 근접해 있어, 20거래일 내 추가 상승 여력보다 단기 조정 가능성이 더 크게 보입니다."", ""PER 178.8배와 PBR 7.38배는 실적 대비 밸류에이션 부담이 매우 큰 수준이며, 최근 1개월 수익률도 1.20%로 강한 모멘텀이 확인되지 않습니다."", ""거래량 변화율이 -8.22%로 수급이 약하고, 영업현금흐름이 -5,798억원으로 현금창출력이 부진해 단기 주가 방어 논리가 약합니다.""]",-2.4691358024691357,3.7037037037037033,-2.0533686320845472,-0.2924584454927479
373220,LG에너지솔루션,2023-06-01,584000,Neutral,66,"[""2023년 1분기 매출이 전년동기 대비 101.4%, 영업이익이 144.6% 증가해 실적 모멘텀은 강하지만, 이는 이미 과거 실적로서 향후 20거래일 주가 방향을 단정하기에는 제한적입니다."", ""현재 주가는 52주 최고가 대비 85.1% 수준으로 고점권에 근접해 있어 추가 상승 여력보다 단기 과열·차익실현 부담이 존재할 수 있습니다."", ""최근 1개월 수익률이 0.52%로 거의 정체된 반면 거래량 변화율이 -40.17%로 수급이 약해 단기 상승 추세를 강하게 뒷받침하지 못합니다.""]",4.081632653061225,-2.5510204081632653,3.005657009551684,-2.593690396169526
373220,LG에너지솔루션,2023-07-03,573000,Neutral,61,"[""2023 1분기 매출과 영업이익이 전년동기 대비 각각 +101.4%, +144.6%로 크게 개선되고 영업현금흐름도 +7,809억원으로 양호해 펀더멘털은 우호적입니다."", ""다만 현재 주가는 52주 최고가 대비 아직 81.0% 위치에 있고 최근 1개월 수익률이 -1.88%로 단기 모멘텀이 강하지 않아 20거래일 내 추가 상승을 단정하기 어렵습니다."", ""PER 0.0과 ROE N/A는 해석 가능한 수익성/밸류에이션 신호가 부족하고, PBR 6.82 및 시가총액 134.1조원은 기대가 이미 상당 부분 반영됐을 가능성을 시사해 방향성이 균형적입니다.""]",-3.3391915641476277,-2.10896309314587,-2.1507489946129343,-4.953204622311308
373220,LG에너지솔루션,2023-08-01,557000,Neutral,66,"[""2023년 1분기 매출이 전년동기 대비 +101.4%, 영업이익이 +144.6%로 실적 모멘텀은 강하지만, 이는 이미 과거 실적이며 향후 20거래일 주가 방향을 단정할 직접 근거는 제한적입니다."", ""최근 1개월 수익률이 -2.79%로 단기 추세는 약세이고, 현재 주가는 52주 최고가 대비 70.9% 수준이라 추가 상승 여력과 조정 가능성이 동시에 존재합니다."", ""거래량 변화율이 97.57%로 급증해 변동성 확대 신호는 있으나, PER 0.0과 ROE N/A로 밸류에이션·수익성 해석이 불완전해 방향성을 확신하기 어렵습니다.""]",1.6544117647058825,0.0,2.0882023298566357,2.300809869786385
373220,LG에너지솔루션,2023-09-01,522000,Neutral,61,"[""2023 2분기 매출이 전년동기 대비 73.0%, 영업이익이 135.5% 증가해 실적 모멘텀은 강하지만, 이는 이미 과거 실적로서 향후 20거래일 주가 방향을 단정하기에는 제한적입니다."", ""최근 1개월 수익률이 -4.04%이고 거래량 변화율이 -46.63%로 단기 수급과 모멘텀이 약해 상승 추세를 강하게 지지하지 않습니다."", ""52주 최고가 대비 현재 위치가 48.4%로 중립적 구간이며, PER 0.0과 ROE N/A는 밸류에이션 판단에 필요한 정보가 불완전해 방향성을 확신하기 어렵습니다.""]",-4.150943396226415,-12.452830188679245,-3.0803508365932073,-5.650098571956792
373220,LG에너지솔루션,2023-10-04,456000,Neutral,66,"[""2023년 2분기 매출이 전년동기 대비 73.0%, 영업이익이 135.5% 증가해 펀더멘털 개선은 분명하지만, 이는 이미 과거 실적에 해당해 향후 20거래일 주가 방향을 단정하기에는 제한적입니다."", ""최근 1개월 수익률이 -17.54%이고 거래량 변화율도 -12.69%로 단기 모멘텀이 약해 하방 압력이 존재하지만, 52주 최저가 대비 현재 위치가 14.9%로 과매도 구간에 가까워 추가 하락만을 확정하기도 어렵습니다."", ""PER 0.0과 ROE N/A는 해석 가능성이 낮고, PBR 5.33 및 시가총액 106.7조원은 밸류에이션 부담을 시사하지만 부채비율 83.3%와 영업현금흐름 +1.3조원은 재무 안정성을 뒷받침해 상승·하락 근거가 혼재합니다.""]",3.5294117647058822,-14.010695187165775,1.343107887188817,-12.543728969825128
373220,LG에너지솔루션,2023-11-01,377500,Neutral,61,"[""최근 1개월 수익률이 -20.61%이고 현재가가 52주 최저가(377,500원)와 같아 단기적으로는 약세 흐름이 이미 강하게 반영되어 있습니다."", ""거래량 변화율이 31.53%로 높아 변동성 확대 가능성은 있으나, 이것만으로 향후 20거래일 방향을 상승으로 단정하기에는 근거가 부족합니다."", ""2023 2분기 매출(+73.0%), 영업이익(+135.5%), 영업현금흐름(+1.3조원)은 펀더멘털 개선을 보여주지만, PER 0.0과 ROE N/A로 밸류에이션·수익성 판단의 일관성이 부족해 상승/하락을 확신하기 어렵습니다.""]",9.578544061302683,16.091954022988507,5.995287548618738,7.890496137775624
373220,LG에너지솔루션,2023-12-01,428500,Neutral,66,"[""최근 1개월 수익률이 +9.45%로 단기 모멘텀은 양호하지만, 거래량 변화율이 -16.09%로 상승 추세의 신뢰도는 다소 약합니다."", ""2023년 3분기 매출이 전년동기 대비 +7.5%, 영업이익이 +40.1% 증가하고 영업이익률 8.9%, 영업현금흐름 +1.8조원으로 펀더멘털은 견조합니다."", ""다만 현재 주가는 52주 최고가 대비 21.8% 수준으로 고점 대비 여전히 낮고, PER 0.0 및 ROE N/A로 밸류에이션과 수익성 해석에 불확실성이 있어 20거래일 방향을 단정하기 어렵습니다.""]",-0.3488372093023256,-2.558139534883721,-0.7627619394162567,-5.423802868150791
373220,LG에너지솔루션,2024-01-02,429500,Neutral,66,"[""2023년 3분기 매출과 영업이익이 각각 전년동기 대비 7.5%, 40.1% 증가해 실적 모멘텀은 양호하지만, 이는 이미 과거 분기 실적로서 향후 20거래일 주가 방향을 단정하기에는 제한적입니다."", ""주가는 52주 최고가 대비 22.2% 수준으로 고점 대비 크게 낮고 최근 1개월 수익률도 -3.92%로 약세이나, 단기 반등 가능성과 추가 하락 가능성이 함께 존재합니다."", ""거래량 변화율이 -39.69%로 수급이 둔화된 모습이지만, 부채비율 83.1%와 영업현금흐름 +1.8조원은 재무 안정성을 뒷받침해 상승·하락 근거가 균형을 이룹니다.""]",-1.3221153846153846,-8.413461538461538,1.1835321985258576,-4.186116113483312
373220,LG에너지솔루션,2024-02-01,381500,Neutral,66,"[""최근 1개월 수익률이 -8.29%로 단기 추세가 약하지만, 현재 주가가 52주 최저가 368,000원에 매우 근접해 추가 하락과 반등 가능성이 동시에 존재합니다."", ""2023년 3분기 매출이 전년동기 대비 7.5%, 영업이익이 40.1% 증가했고 영업이익률 8.9%, 순이익 4,205억원으로 실적 모멘텀은 양호합니다."", ""부채비율 83.1%와 영업현금흐름 +1.8조원은 재무 안정성을 뒷받침하지만, PER 0.0과 PBR 4.35, 시가총액 89.3조원은 단기 주가 방향을 명확히 지지할 만큼 저평가 신호로 보기 어렵습니다.""]",1.5483870967741935,-0.12903225806451613,0.23573200043762443,-1.1300608168204507
373220,LG에너지솔루션,2024-03-04,398500,Neutral,61,"[""최근 1개월 수익률이 +6.27%로 단기 모멘텀은 양호하지만, 거래량 변화율이 -0.51%로 상승 추세의 강도는 크지 않아 20거래일 추가 상승을 강하게 확신하기 어렵습니다."", ""2023년 3분기 매출이 전년동기 대비 +7.5%, 영업이익이 +40.1% 증가하고 영업이익률 8.9%, 영업현금흐름 +1.8조원으로 실적과 현금창출력은 우수합니다."", ""다만 PER이 0.0으로 해석이 제한되고 PBR 4.55, 시가총액 93.2조원은 밸류에이션 부담을 시사하며, 52주 최고가 대비 현재 위치가 12.5%로 저점권이지만 추가 상승 여력과 조정 위험이 균형적입니다.""]",8.258064516129032,1.4193548387096775,7.034768675561362,-2.497003582064828
373220,LG에너지솔루션,2024-04-01,395500,Neutral,61,"[""2023년 매출(+31.8%)과 영업이익(+78.2%), 영업현금흐름(+4.4조원)은 펀더멘털 개선을 보여주지만, PER 74.8배와 PBR 4.58배는 현재 주가에 높은 기대가 반영된 수준입니다."", ""현재 주가는 52주 최고가 대비 11.3% 위치로 고점 대비 크게 낮지만, 최근 1개월 수익률이 -1.49%이고 거래량 변화율도 -14.50%로 단기 모멘텀은 약합니다."", ""부채비율 86.4%와 순이익 흑자는 안정성을 뒷받침하지만, 시가총액 92.5조원 규모에서 향후 20거래일 내 뚜렷한 상승 또는 하락을 단정할 만큼 강한 방향성 신호는 부족합니다.""]",-4.8346055979643765,-1.0178117048346056,-3.09115443639004,1.5069235085202217
373220,LG에너지솔루션,2024-05-02,389000,Neutral,62,"[""2023년 매출과 영업이익이 각각 전년 대비 31.8%, 78.2% 증가했고 영업현금흐름도 +4.4조원으로 실적과 현금창출력은 양호하다."", ""다만 PER 73.6배, PBR 4.51배로 밸류에이션 부담이 크고 시가총액 91.0조원 대비 추가 상승 여력은 제한적으로 보인다."", ""주가는 52주 최고가 대비 9.9% 수준에 머물고 최근 1개월 수익률이 -1.64%로 약세이며, 거래량 변화율 4.27%는 뚜렷한 추세 전환 신호로 보기 어렵다.""]",-2.4296675191815855,-13.938618925831204,-4.3193571662377686,-13.395772137145423
373220,LG에너지솔루션,2024-06-03,332000,Sell,84,"[""최근 1개월 수익률이 -14.65%로 약세 흐름이 뚜렷하고, 현재 주가가 52주 최저가 328,000원에 매우 근접해 있어 단기 추세가 하방에 가깝습니다."", ""2024년 1분기 매출이 전년동기 대비 -29.9%, 영업이익이 -75.2%로 급감해 실적 모멘텀이 약하고, 영업이익률도 2.6%에 불과합니다."", ""PER은 적자로 산출 불가이며 PBR 3.75는 수익성 대비 부담이 큰 편인데, 거래량 변화율 0.79%로 반등을 뒷받침할 수급 강도도 약합니다.""]",4.457652303120357,6.389301634472511,1.975777091821,1.4341910075238493
373220,LG에너지솔루션,2024-07-01,347000,Neutral,66,"[""주가는 52주 최저가(326,500원) 대비 크게 반등하지 못한 상태로 현재 52주 내 위치가 7.6%에 불과해 기술적으로는 저점권이지만, 52주 최고가(597,000원) 대비 추세 회복이 아직 확인되지 않았습니다."", ""최근 1개월 수익률이 +5.79%이고 거래량 변화율도 +12.92%로 단기 모멘텀은 개선됐지만, 향후 20거래일 상승을 강하게 뒷받침할 만큼의 추세 강도는 데이터상 충분하지 않습니다."", ""2024 1분기 매출과 영업이익이 각각 전년동기 대비 -29.9%, -75.2%로 크게 감소해 펀더멘털 모멘텀이 약하며, 흑자와 영업현금흐름(+5,311억원), 부채비율 84.5%는 안정성을 보이지만 주가 상승 근거로는 제한적입니다.""]",5.676855895196507,-3.056768558951965,2.5655881578778366,-1.5223511485105883
373220,LG에너지솔루션,2024-08-01,333500,Sell,78,"[""최근 1개월 수익률이 -6.84%로 약세 흐름이 이어지고 있고, 현재 주가가 52주 최고가 대비 크게 낮아 단기 모멘텀이 부정적입니다."", ""2024년 1분기 매출이 전년동기 대비 -29.9%, 영업이익이 -75.2%로 급감해 실적 추세가 주가 상승을 뒷받침하기 어렵습니다."", ""영업이익률 2.6%로 수익성이 낮고 PER은 적자로 산출 불가한 반면 PBR 3.77은 높아, 20거래일 내 반등보다 밸류에이션 부담과 실적 둔화가 더 크게 작용할 가능성이 있습니다.""]",-4.166666666666666,22.61904761904762,-0.8873778269355479,22.43931449098123
373220,LG에너지솔루션,2024-09-02,412000,Neutral,66,"[""최근 1개월 수익률이 23.54%이고 거래량 변화율도 42.59%로 단기 모멘텀은 강하지만, 이미 상당 부분 반영됐을 가능성이 있습니다."", ""2024년 2분기 매출과 영업이익이 각각 전년동기 대비 -29.8%, -57.6% 감소했고 순이익도 적자(-237억원)라 실적 측면의 상승 근거는 약합니다."", ""부채비율 86.4%와 영업현금흐름 +1.4조원은 재무 안정성을 완전히 훼손하지는 않지만, PER이 적자라 밸류에이션으로 상승을 정당화하기 어렵고 52주 고점 대비 위치도 39.2%로 방향성이 혼재됩니다.""]",-7.664233576642336,6.204379562043796,-2.3651864293836073,8.841518677042876
373220,LG에너지솔루션,2024-10-02,408500,Neutral,66,"[""최근 1개월 수익률이 +10.85%이고 거래량 변화율도 +23.86%로 단기 모멘텀은 우호적이어서 20거래일 내 추가 상승 가능성을 완전히 배제하기 어렵습니다."", ""다만 2024년 2분기 매출이 전년동기 대비 -29.8%, 영업이익이 -57.6%로 크게 감소했고 순이익도 -237억원으로 적자를 보여 펀더멘털 개선 신호는 약합니다."", ""현재 주가는 52주 범위의 중간 수준(47.0%)이며 PER은 적자라 의미가 제한적이고 PBR 4.63은 부담 요인이라, 상승과 하락 근거가 혼재해 방향성을 확신하기 어렵습니다.""]",0.6195786864931847,5.5762081784386615,-1.465481495395041,4.826707261992846
373220,LG에너지솔루션,2024-11-01,412500,Sell,78,"[""2024년 2분기 매출이 전년동기 대비 29.8% 감소하고 영업이익도 57.6% 줄어 실적 모멘텀이 약합니다."", ""순이익이 -237억원으로 적자를 기록했고 PER도 적자라 수익성 개선이 아직 주가 상승 근거로 충분하지 않습니다."", ""최근 1개월 수익률이 -0.48%이고 거래량 변화율도 -5.33%로 단기 수급과 가격 흐름이 약세입니다.""]",-2.3474178403755865,-8.098591549295776,-0.13379620706195405,-2.9038615987749203
373220,LG에너지솔루션,2024-12-02,391500,Sell,74,"[""최근 1개월 수익률이 -5.09%로 단기 추세가 약하고, 현재 주가가 52주 최고가 대비 낮은 52.8% 위치에 있어 모멘텀이 강하지 않습니다."", ""2024년 3분기 매출이 전년동기 대비 -16.4%, 영업이익이 -38.7%로 감소해 실적 둔화가 확인되며, 향후 20거래일 내 주가 반등을 뒷받침할 강한 개선 신호가 부족합니다."", ""영업이익률 6.5%와 영업현금흐름 +1.9조원, 부채비율 98.7%는 재무 불안이 크지 않지만, 적자 상태로 PER이 없고 PBR 4.53은 단기적으로 밸류에이션 부담을 완화할 만큼의 상승 근거가 되지 않습니다.""]",-3.022670025188917,-10.327455919395465,0.2675983640755035,-8.0003490036721
373220,LG에너지솔루션,2025-01-02,346000,Sell,78,"[""최근 1개월 수익률이 -9.31%이고 거래량 변화율도 -33.78%로, 단기 추세와 수급이 모두 약세를 보이고 있습니다."", ""주가는 52주 최고가 대비 크게 낮고(현재 52주 내 위치 21.6%), 52주 최저가 321,000원에 가까워 추가 하락 여지가 상대적으로 더 큽니다."", ""2024년 3분기 매출과 영업이익이 각각 전년동기 대비 -16.4%, -38.7%로 감소해 실적 모멘텀이 약하며, 적자 상태로 PER도 산출되지 않아 20거래일 내 반등 근거가 강하지 않습니다.""]",-2.106741573033708,-3.932584269662921,-5.131410685862962,-7.816003873908757
373220,LG에너지솔루션,2025-02-03,336500,Sell,78,"[""최근 1개월 수익률이 -2.32%이고 거래량 변화율도 -10.54%로, 단기 수급과 모멘텀이 약한 편입니다."", ""2024년 3분기 매출이 전년동기 대비 -16.4%, 영업이익이 -38.7%로 감소해 실적 둔화가 주가에 부담으로 작용할 가능성이 큽니다."", ""현재 주가는 52주 최고가 대비 크게 낮지만 52주 최저가(321,000원)와의 فاص가 크지 않아, 뚜렷한 반등 근거보다 추가 약세 가능성이 더 우세합니다.""]",3.003003003003003,0.3003003003003003,0.6916748355042368,-2.779858784839264
373220,LG에너지솔루션,2025-03-04,332000,Sell,78,"[""최근 1개월 수익률이 -5.68%이고 거래량 변화율도 -7.16%로, 단기 수급과 모멘텀이 모두 약한 흐름입니다."", ""현재 주가는 52주 최고가 대비 크게 낮고 52주 내 현재 위치가 9.5%에 불과해, 기술적으로도 약세 구간에 머물러 있습니다."", ""2024년 3분기 매출이 전년동기 대비 -16.4%, 영업이익이 -38.7%로 감소해 실적 개선보다 둔화 신호가 더 강합니다.""]",4.341317365269461,-1.4970059880239521,3.688887660758742,0.5462834460548467
373220,LG에너지솔루션,2025-04-01,328000,Sell,78,"[""최근 1개월 수익률이 -6.82%로 약세 흐름이 이어지고 있고, 현재 주가가 52주 최고가 대비 6.1% 수준에 불과해 추세적으로도 상단 모멘텀이 약합니다."", ""2024년 매출이 전년 대비 -24.1%, 영업이익이 -73.4%로 급감해 실적 모멘텀이 매우 약하며, 영업이익률도 2.2%에 그쳐 향후 주가 상승을 뒷받침할 이익 체력이 부족합니다."", ""PER은 적자로 산출 불가이고 PBR 3.63은 높은 편인데, 부채비율 94.8%와 최근 거래량 증가 28.04%가 동반된 상황은 단기적으로 변동성 확대와 하방 압력을 시사합니다.""]",-4.5592705167173255,-1.3677811550151975,3.907283879777302,-3.393033962434606
373220,LG에너지솔루션,2025-05-02,320500,Sell,78,"[""현재 주가는 52주 최저가 314,000원에 매우 근접해 52주 내 위치가 5.3%에 불과해, 단기적으로 추가 하락 압력이 우세한 구간으로 해석됩니다."", ""최근 1개월 수익률이 -2.58%이고 거래량 변화율도 -15.42%로 약세 흐름과 수급 둔화가 동시에 나타나 20거래일 내 반등 근거가 약합니다."", ""2024년 매출과 영업이익이 각각 전년 대비 -24.1%, -73.4% 감소했고 영업이익률도 2.2%에 그쳐 실적 모멘텀이 약하며, 적자 상태로 PER도 산출되지 않아 밸류에이션 지지력이 제한적입니다.""]",-2.7906976744186047,-9.767441860465116,-5.38491633942754,-19.024182865982247
373220,LG에너지솔루션,2025-06-02,284500,Neutral,66,"[""최근 1개월 수익률이 -18.71%로 단기 모멘텀이 매우 약하지만, 현재 주가는 52주 최고가 대비 9.8% 수준으로 이미 크게 조정된 상태여서 추가 하락과 반등 가능성이 동시에 존재합니다."", ""2025년 1분기 매출은 전년동기 대비 +2.2%로 완만하지만 영업이익이 +138.1% 증가했고 영업이익률 6.0%, 순이익 흑자를 기록해 실적 개선 신호는 분명합니다."", ""부채비율 99.2%와 영업현금흐름 +1.2조원은 재무 안정성을 크게 훼손하지 않지만, PER이 적자로 산출 불가이고 PBR 3.15는 밸류에이션 부담을 완전히 해소하지 못해 20거래일 방향성을 단정하기 어렵습니다.""]",5.37261698440208,10.398613518197573,-0.011670812800214314,-2.0680031034767143
373220,LG에너지솔루션,2025-07-01,297500,Buy,74,"[""2025년 1분기 매출이 전년동기 대비 2.2% 증가했고 영업이익은 138.1% 급증하며 영업이익률 6.0%, 순이익 흑자를 기록해 단기 실적 모멘텀이 개선되었습니다."", ""영업현금흐름이 +1.2조원으로 양호하고 부채비율 99.2%도 과도한 재무 부담으로 보기는 어려워 20거래일 내 급격한 하방 압력은 제한적으로 판단됩니다."", ""주가는 52주 최고가 대비 크게 낮은 17.5% 수준에 있고 최근 1개월 수익률도 +3.30%로 바닥권에서 반등 흐름이 이어질 여지가 있습니다.""]",0.8264462809917356,29.91735537190083,-1.0818091676824313,24.08299766831131
373220,LG에너지솔루션,2025-08-01,373000,Buy,78,"[""최근 1개월 수익률이 +17.11%이고 거래량 변화율도 +49.32%로, 단기 추세와 수급이 동시에 개선된 모습입니다."", ""2025년 1분기 영업이익이 3,747억원으로 전년동기 대비 +138.1% 증가했고 영업이익률 6.0%, 순이익 2,266억원으로 실적 모멘텀이 확인됩니다."", ""부채비율 99.2%와 영업현금흐름 +1.2조원은 재무 부담이 과도하지 않으면서 현금창출력이 양호해, 향후 20거래일 내 추가 상승 여건이 우세합니다.""]",3.5952063914780292,-6.790945406125166,1.7202163192041833,-7.572456008936696
373220,LG에너지솔루션,2025-09-01,349000,Neutral,61,"[""2025년 2분기 영업이익이 전년동기 대비 152.0% 증가하고 영업이익률이 8.8%로 개선되며 영업현금흐름도 +1.4조원으로 양호해 펀더멘털은 회복 신호를 보입니다."", ""다만 최근 1개월 수익률이 -8.76%이고 거래량 변화율이 -48.02%로 단기 주가 모멘텀과 수급이 약해 향후 20거래일 상승을 강하게 지지하지는 않습니다."", ""현재 주가는 52주 범위의 중간 수준(48.1%)이고 PBR 4.16, 시가총액 81.7조원으로 밸류에이션 부담이 남아 있어 상승·하락 어느 한쪽으로 확신하기 어렵습니다.""]",-0.8571428571428572,-0.7142857142857143,-3.621654969614693,-8.665804304605194
373220,LG에너지솔루션,2025-10-01,347500,Neutral,66,"[""2025년 2분기 영업이익이 4,922억원으로 전년동기 대비 152.0% 증가하고 영업이익률 8.8%, 영업현금흐름 1.4조원으로 수익성과 현금창출력은 개선됐습니다."", ""다만 매출은 5.6조원으로 전년동기 대비 9.7% 감소해 외형 성장 둔화가 확인되고, 순이익도 906억원 수준으로 아직 이익 체력이 강하다고 보기 어렵습니다."", ""주가는 52주 고점 대비 중간 수준(47.2%)이고 최근 1개월 수익률이 -0.71%로 방향성이 약하며, PBR 4.15와 시가총액 81.3조원은 단기 상승 여력을 강하게 뒷받침한다고 보기 어렵습니다.""]",5.3884711779448615,17.794486215538846,-0.22291839889054277,4.348113642487384
373220,LG에너지솔루션,2025-11-03,475500,Sell,78,"[""최근 1개월 수익률이 36.25%로 매우 가파르고 현재가가 52주 최고가의 84.3% 수준에 있어 단기적으로 과열 및 차익실현 압력이 커질 수 있습니다."", ""거래량 변화율이 148.31%로 급증해 단기 급등 구간의 수급 과열 신호로 해석될 수 있으며, 향후 20거래일 내 되돌림 가능성을 높입니다."", ""2분기 영업이익과 영업이익률은 개선됐지만 매출은 전년동기 대비 9.7% 감소했고, PBR 5.67과 시가총액 111.3조원은 이미 기대가 상당 부분 반영된 상태로 보입니다.""]",0.0,-12.26215644820296,0.37241553324565485,-9.18554317322686
373220,LG에너지솔루션,2025-12-01,413000,Sell,78,"[""최근 1개월 수익률이 -12.69%이고 거래량 변화율도 -34.12%로, 단기 모멘텀과 수급이 모두 약해 향후 20거래일 추가 하락 압력이 우세합니다."", ""52주 최고가 514,000원 대비 현재가 413,000원은 고점 대비 약 19.7% 낮아 반등 여지는 있으나, 52주 내 현재 위치 58.9%와 최근 약세 흐름을 감안하면 상승 추세 전환 근거는 아직 약합니다."", ""3분기 영업이익과 순이익은 흑자이며 영업이익률 10.6%, 영업현금흐름 +2.7조원으로 펀더멘털은 버티고 있지만, 매출이 전년동기 대비 -17.1% 감소했고 PBR 4.71의 높은 밸류에이션을 고려하면 단기 주가 상승을 정당화할 재료가 부족합니다.""]",6.8674698795180715,-13.012048192771083,3.1472545065328044,-20.88953290464339
006400,삼성SDI,2023-01-02,589377,Sell,78,"[""최근 1개월 수익률이 -17.08%로 단기 추세가 뚜렷하게 약세이며, 향후 20거래일에도 반등보다 추가 조정 가능성이 더 높습니다."", ""거래량 변화율이 -16.43%로 수급이 둔화된 상태라 단기 상승 모멘텀을 뒷받침하기 어렵습니다."", ""52주 최고가 대비 현재 위치가 43.4%에 불과하고, 적자 상태로 PER이 산출되지 않아 밸류에이션과 실적 측면에서 강한 매수 근거가 부족합니다.""]",1.1569857255007894,18.346994420198712,-4.820893013208719,7.070018921253379
006400,삼성SDI,2023-02-01,704903,Neutral,66,"[""최근 1개월 수익률이 +21.83%로 단기 모멘텀은 강하지만, 현재 주가가 52주 최고가의 85.7% 수준까지 올라와 추가 상승 여력은 제한적으로 보입니다."", ""2022년 3분기 매출(+56.0%), 영업이익(+51.5%), 영업이익률 10.5%, 순이익 흑자 등 실적과 현금흐름(+2.0조원)은 양호해 하방을 완전히 지지하지는 않습니다."", ""다만 PER은 적자로 산출 불가하고 PBR 3.04, 시가총액 56.8조원으로 밸류에이션 부담이 존재해 20거래일 내 방향성을 단정하기 어렵습니다.""]",3.0726675387703337,2.0950459851609233,2.5606944983633526,3.5860054485613295
006400,삼성SDI,2023-03-02,695113,Neutral,66,"[""최근 1개월 수익률이 +3.65%로 단기 모멘텀은 양호하지만, 거래량 변화율이 -5.18%로 상승 추세의 신뢰도는 다소 약합니다."", ""52주 최고가 대비 현재 위치가 82.1%로 고점권에 근접해 있어 추가 상승 여력보다 단기 조정 가능성도 함께 고려해야 합니다."", ""2022년 3분기 매출(+56.0%), 영업이익(+51.5%), 영업이익률 10.5%, 영업현금흐름 +2.0조원 등 펀더멘털은 견조하지만, 현재는 적자 상태로 PER이 없고 PBR 2.99로 밸류에이션 부담이 존재합니다.""]",0.8207659084526033,0.5471772723017356,2.361839972932656,-1.2944637988845362
006400,삼성SDI,2023-04-03,729379,Neutral,61,"[""현재 주가는 52주 최고가 대비 83.3% 수준으로 고점권에 위치해 있어 단기 추가 상승 여력은 제한적으로 보입니다."", ""최근 1개월 수익률이 1.92%로 상승 모멘텀은 있으나, 거래량 변화율 7.85%가 강한 추세 전환을 뒷받침할 정도로 크지는 않습니다."", ""2022년 실적과 영업현금흐름, 부채비율 75.7%는 재무적으로 양호하지만 PER이 적자라 밸류에이션 판단이 어렵고, 20거래일 방향성을 단정할 근거가 충분하지 않습니다.""]",5.647332922515891,-5.7852100093137375,2.932165477111522,-6.627375531726462
006400,삼성SDI,2023-05-02,685323,Neutral,61,"[""현재 주가는 52주 최고가 대비 67.6% 수준으로 고점 부담은 완화됐지만, 최근 1개월 수익률이 -4.76%로 단기 모멘텀은 약합니다."", ""PER은 적자로 산출되지 않지만 PBR 2.93은 자산가치 대비 저평가로 보기 어려워, 향후 20거래일 내 강한 상승 근거로는 부족합니다."", ""2022년 매출과 영업이익이 각각 +48.5%, +69.4% 증가했고 영업현금흐름도 +2.6조원으로 재무 안정성은 양호하나, 이는 중장기 체력 요인에 가깝고 단기 주가 방향성을 강하게 보장하지는 않습니다.""]",-2.046716383586846,4.532164179327358,-1.6309492132022576,0.536002030130907
006400,삼성SDI,2023-06-01,693155,Neutral,61,"[""2023년 1분기 매출과 영업이익이 각각 전년동기 대비 +32.2%, +16.5%로 개선됐고 영업현금흐름도 +4,924억원으로 양호해 단기 펀더멘털은 지지적입니다."", ""다만 PER은 적자로 산출 불가하고 PBR 2.83은 낮지 않은 수준이라, 현재 주가가 실적 대비 저평가라고 단정하기 어렵습니다."", ""주가는 52주 고점 대비 70.4% 위치로 중간 이상이지만 최근 1개월 수익률은 +2.46%에 그치고 거래량 변화율이 -38.11%로 수급 모멘텀이 약해 향후 20거래일 방향성을 확신하기 어렵습니다.""]",3.496531468211792,0.2797110890161255,2.4205558247022516,0.23704110100986447
006400,삼성SDI,2023-07-03,701966,Neutral,61,"[""2023 1분기 매출이 전년동기 대비 32.2%, 영업이익이 16.5% 증가해 실적 모멘텀은 양호하지만, 이는 이미 과거 실적이라 향후 20거래일 주가 방향을 단정하기에는 제한적입니다."", ""현재 주가는 52주 최고가 대비 73.5% 수준으로 고점 부담이 완전히 해소되지 않았고, 최근 1개월 수익률도 1.27%로 단기 추세가 강하게 우상향한다고 보기 어렵습니다."", ""PBR 2.87과 시가총액 56.6조원은 밸류에이션 부담을 시사하는 반면, 부채비율 80.0%와 영업현금흐름 +4,924억원은 재무 안정성을 뒷받침해 상승·하락 근거가 혼재합니다.""]",-3.5162018813605096,-5.766479143561484,-2.327759311825816,-8.610720672726922
006400,삼성SDI,2023-08-01,655952,Neutral,61,"[""2023 1분기 매출이 전년동기 대비 32.2%, 영업이익이 16.5% 증가하고 영업현금흐름도 플러스로 실적과 현금창출력은 양호하다."", ""다만 현재 PER이 적자로 산출되지 않고 PBR 2.68로 밸류에이션 부담이 존재하며, ROE도 N/A로 수익성의 질을 추가 확인하기 어렵다."", ""최근 1개월 수익률이 -6.55%로 약세이고 거래량 변화율은 34.74%로 높아 단기 변동성은 커졌지만, 52주 범위 내 현재 위치가 50.2%로 방향성을 강하게 단정하기 어렵다.""]",-2.461457231709176,-5.538435912384442,-2.027666666558423,-3.2376260425980576
006400,삼성SDI,2023-09-01,583503,Neutral,66,"[""최근 1개월 수익률이 -8.31%이고 거래량 변화율도 -39.36%로 단기 모멘텀과 수급이 약해 20거래일 내 강한 상승 근거가 부족합니다."", ""52주 최고가 대비 현재 위치가 20.2%에 불과해 기술적으로는 저점권에 가깝지만, 아직 추세 반전 신호를 확인할 만한 데이터는 제시되지 않았습니다."", ""매출과 영업이익이 전년동기 대비 각각 +23.2%, +4.9% 증가했고 영업현금흐름도 +1.4조원으로 재무는 양호하지만, 적자 상태로 PER이 없고 PBR 2.33은 단기 재평가를 강하게 뒷받침할 수준은 아닙니다.""]",-6.065538085430585,-21.147669998827883,-4.994945525797378,-14.344938382105429
006400,삼성SDI,2023-10-04,474341,Sell,84,"[""현재가가 52주 최저가와 동일하고 52주 내 현재 위치가 0.0%로, 기술적으로 추가 하락 압력보다도 이미 약세 추세가 극단적으로 확인된 상태입니다."", ""최근 1개월 수익률이 -20.05%로 매우 부진하고 거래량 변화율이 39.11%로 확대되어, 단기적으로도 매도 우위의 변동성이 이어질 가능성이 높습니다."", ""실적은 매출과 영업이익이 증가했지만 PER이 적자라 산출되지 않고, PBR 1.90과 시가총액 38.2조원 대비 주가 반등을 강하게 뒷받침할 추가 모멘텀이 제공되지 않습니다.""]",7.566418170766605,-7.157433884703194,5.380114293249539,-5.690467667362548
006400,삼성SDI,2023-11-01,416578,Sell,84,"[""현재가가 52주 최저가(414,131원) 바로 위인 52주 내 위치 0.7%로, 기술적으로 하방 압력이 매우 강한 구간에 있습니다."", ""최근 1개월 수익률이 -18.49%로 단기 추세가 뚜렷하게 약세이며, 거래량 변화율 68.36%는 변동성 확대와 함께 하락 추세 지속 가능성을 시사합니다."", ""실적은 매출과 영업이익이 증가하고 영업현금흐름도 양호하지만, PER이 적자라 평가가 제한되고 주가가 이미 실적보다 약한 흐름을 보이고 있어 20거래일 관점에서는 반등 근거보다 추가 하락 위험이 더 큽니다.""]",-2.5496950466885444,4.656398131099349,-6.132951559372489,-3.5450597541135327
006400,삼성SDI,2023-12-01,437627,Sell,74,"[""현재 주가는 52주 최고가 대비 크게 하락해 있으나 52주 내 위치가 8.0%로 저점권에 가까워 추가 반등보다 약세 추세 지속 가능성을 배제하기 어렵습니다."", ""최근 1개월 수익률이 -0.89%이고 거래량 변화율도 -3.17%로, 단기 모멘텀과 수급이 모두 강하지 않습니다."", ""2023 3분기 매출은 증가했지만 영업이익이 전년동기 대비 -12.3% 감소했고 적자 상태로 PER이 없으며, 이익 개선의 강도가 주가 상승을 뒷받침하기에는 부족합니다.""]",1.4787873153839897,1.2512636973168945,1.0648625852700586,-1.614399635950175
006400,삼성SDI,2024-01-02,457208,Sell,74,"[""현재 주가는 52주 최고가 대비 13.3% 수준으로 고점 대비 크게 낮고, 최근 1개월 수익률도 -0.95%로 단기 모멘텀이 약합니다."", ""거래량 변화율이 -16.23%로 수급이 둔화된 모습이며, 이는 향후 20거래일 내 반등 탄력에 불리한 신호입니다."", ""3분기 매출은 전년동기 대비 증가했지만 영업이익은 -12.3% 감소해 수익성 개선이 확인되지 않았고, 적자 상태로 PER도 산출되지 않아 밸류에이션 측면의 강한 상승 근거가 부족합니다.""]",-6.718930863937704,-16.57348480342592,-4.213283280796462,-12.346139378447694
006400,삼성SDI,2024-02-01,369585,Sell,82,"[""최근 1개월 수익률이 -15.45%로 약세 추세가 뚜렷하고, 현재 주가가 52주 최고가 대비 6.7% 수준에 불과해 기술적으로도 하락 압력이 우세합니다."", ""거래량 변화율이 53.59%로 급증해 변동성이 커진 상태이며, 이런 구간에서는 기존 약세 추세가 이어질 가능성을 배제하기 어렵습니다."", ""3분기 매출은 증가했지만 영업이익이 전년동기 대비 -12.3% 감소했고 적자 상태로 PER도 산출되지 않아, 향후 20거래일 내 강한 반등을 뒷받침할 실적 모멘텀이 약합니다.""]",-0.5091485601413868,-7.252053227986277,-1.8218036564779558,-8.25308178674221
006400,삼성SDI,2024-03-04,366647,Neutral,61,"[""현재 주가는 52주 최저가 340,214원에 매우 근접해 52주 내 위치가 6.1%로 기술적 반등 여지는 있으나, 최근 1개월 수익률이 0.00%이고 거래량 변화율이 -28.53%로 단기 모멘텀은 약합니다."", ""2023년 3분기 매출은 전년동기 대비 +10.8% 증가했지만 영업이익은 -12.3% 감소해 수익성 개선 신호가 뚜렷하지 않으며, 적자 상태로 PER도 산출되지 않습니다."", ""PBR 1.41과 부채비율 74.5%, 영업현금흐름 +1.7조원은 재무 안정성이 극단적으로 나쁘지는 않음을 보여주지만, 향후 20거래일 내 상승을 강하게 뒷받침할 만큼의 명확한 촉매는 부족합니다.""]",25.375193344759833,23.60185610969441,24.151897504192164,19.685497688919902
006400,삼성SDI,2024-04-01,444481,Neutral,66,"[""최근 1개월 수익률이 +20.42%이고 거래량 변화율도 +174.23%로 단기 모멘텀은 강하지만, 이미 52주 최고가 대비 현재 위치가 24.7%에 불과해 추가 상승 여력과 과열 부담이 동시에 존재합니다."", ""2023년 매출은 전년 대비 +12.8% 증가했지만 영업이익은 -9.7% 감소했고 PER은 적자라 산출 불가하여, 실적 측면에서 주가 상승을 강하게 뒷받침하는 이익 개선 신호는 제한적입니다."", ""PBR 1.57과 부채비율 71.0%, 영업현금흐름 +2.1조원은 재무 안정성을 크게 훼손하지는 않지만, 향후 20거래일 방향을 단정할 만큼 강한 상승 또는 하락 근거로는 부족합니다.""]",-9.271660556209442,-2.0971720533391056,-7.528209394635105,0.4275631600157217
006400,삼성SDI,2024-05-02,434201,Sell,74,"[""현재 주가는 52주 최고가 대비 24.3% 수준으로 고점 대비 크게 낮고, 최근 1개월 수익률도 -2.31%로 단기 추세가 약합니다."", ""거래량 변화율이 -56.64%로 급감해 매수세 유입이 약한 상태로 보이며, 향후 20거래일 내 반등 동력이 제한적입니다."", ""2023년 매출은 증가했지만 영업이익이 전년 대비 -9.7% 감소했고 적자 상태로 PER이 산출되지 않아 수익성 측면의 주가 상승 근거가 약합니다.""]",-1.1415152419685832,-13.698649304130441,-3.0312048890247665,-13.15580251544466
006400,삼성SDI,2024-06-03,369095,Sell,82,"[""최근 1개월 수익률이 -13.13%이고 거래량 변화율도 -27.95%로, 단기 추세와 수급이 모두 약세를 보여 향후 20거래일 추가 하락 압력이 우세합니다."", ""현재 주가는 52주 최고가 대비 크게 하락해 52주 내 위치가 7.5%에 불과하지만, 이는 반등 신호라기보다 약세 추세가 이미 깊게 진행된 상태로 해석됩니다."", ""2024 1분기 매출이 전년동기 대비 -4.2%, 영업이익이 -28.8% 감소했고 영업현금흐름도 -3,577억원으로 악화되어 실적과 현금흐름 측면의 모멘텀이 부족합니다.""]",4.1005312451023315,-3.0423645000729582,1.6186560338029747,-7.99747512702162
006400,삼성SDI,2024-07-01,359305,Sell,78,"[""최근 1개월 수익률이 -3.17%로 단기 추세가 약하고, 현재 주가가 52주 최고가 대비 크게 낮아 반등 모멘텀이 강하다고 보기 어렵습니다."", ""2024년 1분기 매출이 전년동기 대비 -4.2%, 영업이익이 -28.8% 감소해 실적 둔화가 확인되며, 영업이익률 5.2%도 수익성 개선 신호로 보기 어렵습니다."", ""영업현금흐름이 -3,577억원으로 현금창출력이 약한 반면, 부채비율 72.0%와 적자 상태(PER 해당없음)는 향후 20거래일 내 주가 상승 근거를 약화시킵니다.""]",8.819341527910964,-5.974486385958794,5.7080737905922945,-4.440068975517418
006400,삼성SDI,2024-08-01,326997,Sell,82,"[""최근 1개월 수익률이 -8.87%로 약세 흐름이 이어지고 있고, 현재 주가가 52주 최고가 대비 3.7% 수준에 불과해 추세적으로도 하방 압력이 우세합니다."", ""2024년 1분기 매출이 전년동기 대비 -4.2%, 영업이익이 -28.8%로 감소했고 영업이익률도 5.2%에 그쳐 단기 실적 모멘텀이 약합니다."", ""영업현금흐름이 -3,577억원으로 현금창출력이 부진한 반면, 적자 상태로 PER 산정이 불가해 밸류에이션 측면의 즉각적인 반등 근거도 약합니다.""]",-7.875086509391581,9.658394142858876,-4.595797669660463,9.478661014792486
006400,삼성SDI,2024-09-02,361263,Neutral,66,"[""최근 1개월 수익률이 +10.48%이고 거래량 변화율도 +9.12%로 단기 모멘텀은 양호하지만, 52주 최고가 대비 현재 위치가 21.1%에 불과해 추세 지속 여부는 아직 불확실합니다."", ""2024년 2분기 매출과 영업이익이 각각 전년동기 대비 -23.8%, -37.8% 감소해 실적 모멘텀은 약하지만, 영업이익률 6.3%와 순이익 3,012억원으로 흑자는 유지하고 있습니다."", ""PBR 1.20과 부채비율 78.3%는 재무 부담이 과도하진 않지만, 영업현금흐름이 -6,246억원으로 현금창출력이 약해 향후 20거래일 방향을 강하게 단정하기 어렵습니다.""]",-10.242524523637124,0.0,-4.943477376378396,2.63713911499908
006400,삼성SDI,2024-10-02,363710,Neutral,66,"[""최근 1개월 수익률이 +9.43%로 단기 모멘텀은 양호하지만, 거래량 변화율이 -0.61%로 상승 추세의 강도는 크지 않습니다."", ""2024년 2분기 매출과 영업이익이 각각 전년동기 대비 -23.8%, -37.8% 감소해 실적 개선 근거가 아직 약합니다."", ""PBR 1.21과 52주 최저가 대비 현재 위치 25.9%는 밸류에이션과 가격 측면에서 과도한 고평가 신호는 아니지만, 영업현금흐름 -6,246억원과 적자 상태로 인해 20거래일 내 방향성을 강하게 단정하기 어렵습니다.""]",-0.6916817359855334,-6.639070976491862,-2.776741917873759,-7.388571892937677
006400,삼성SDI,2024-11-01,324549,Sell,84,"[""최근 1개월 수익률이 -12.42%이고 거래량 변화율도 -25.96%로, 단기 추세와 수급이 모두 약세를 보이고 있습니다."", ""주가는 52주 최고가 대비 크게 하락해 현재 52주 내 위치가 14.0%에 불과해, 20거래일 내 추가 반등보다 약세 흐름 지속 가능성이 높습니다."", ""2024년 2분기 매출(-23.8%)과 영업이익(-37.8%)이 전년동기 대비 감소했고 영업현금흐름도 -6,246억원으로, 실적과 현금흐름 측면의 부담이 큽니다.""]",-18.66667877236149,-23.25927674526289,-16.453057139047857,-18.064546794742036
006400,삼성SDI,2024-12-02,253569,Sell,84,"[""최근 1개월 수익률이 -21.87%로 단기 추세가 매우 약하고, 52주 최고가 대비 현재 위치가 5.2%에 불과해 추가 약세 압력이 우세합니다."", ""2024년 3분기 매출이 전년동기 대비 -29.8%, 영업이익이 -72.1%로 급감해 실적 모멘텀이 부정적이며, 영업이익률도 3.3%에 그칩니다."", ""영업현금흐름이 -5,133억원으로 현금창출력이 약하고, 거래량 변화율 92.83%는 변동성 확대 국면으로 해석되어 단기 반등보다 하락 리스크가 더 큽니다.""]",-3.256798694462816,-5.363816739522634,0.033469694801604444,-3.03670982379927
006400,삼성SDI,2025-01-02,234478,Sell,84,"[""최근 1개월 수익률이 -5.89%이고 거래량 변화율도 -41.17%로, 단기 모멘텀과 수급이 동시에 약화된 상태입니다."", ""현재 주가가 52주 최저가(234,478원)와 동일해 52주 내 위치가 0.0%이며, 추가 하락 압력이 남아 있는 구간으로 해석됩니다."", ""2024년 3분기 매출(-29.8%)과 영업이익(-72.1%)이 큰 폭으로 감소했고 영업현금흐름도 -5,133억원으로, 실적과 현금흐름 측면의 하방 요인이 뚜렷합니다.""]",-5.263397306271995,-14.169985237014155,-8.288066419101249,-18.05340484125999
006400,삼성SDI,2025-02-03,203638,Sell,86,"[""최근 1개월 수익률이 -15.79%로 약세 추세가 뚜렷하고, 현재가가 52주 최저가와 동일해 추가 하락 압력이 완전히 해소되지 않은 상태입니다."", ""2024년 3분기 매출이 전년동기 대비 -29.8%, 영업이익이 -72.1% 감소해 실적 모멘텀이 매우 약하며, 영업이익률도 3.3%에 그쳐 수익성 회복 신호가 제한적입니다."", ""영업현금흐름이 -5,133억원으로 현금창출력이 부진하고 적자 상태로 PER 산출도 불가해, 20거래일 내 주가 반등을 뒷받침할 근거보다 하방 리스크가 더 큽니다.""]",2.4330114170116954,3.8928182672187126,0.12168324951292941,0.8126591820791482
006400,삼성SDI,2025-03-04,208534,Sell,82,"[""2024년 3분기 매출이 전년동기 대비 29.8% 감소하고 영업이익도 72.1% 급감해 실적 모멘텀이 매우 약합니다."", ""영업이익률이 3.3%에 불과하고 영업현금흐름이 -5,133억원으로 현금 창출력이 부진해 단기 주가 반등 근거가 약합니다."", ""최근 1개월 수익률이 -4.05%이고 현재 주가가 52주 최저가 근처(52주 내 위치 2.7%)에 있어 약세 추세가 이어질 가능성이 높습니다.""]",-0.23394554666232903,-12.646455174789379,-0.8863752511730479,-10.60316574071058
006400,삼성SDI,2025-04-01,189540,Sell,84,"[""최근 1개월 수익률이 -13.57%로 약세 추세가 뚜렷하고, 현재 주가가 52주 최저가 184,547원에 매우 근접해 52주 내 위치가 1.7%에 불과해 추가 하락 압력이 우세합니다."", ""2024년 매출이 전년 대비 -22.6%, 영업이익이 -76.5% 급감했고 영업이익률도 2.2%에 그쳐 실적 모멘텀이 약합니다."", ""영업현금흐름이 -1,376억원으로 현금창출력이 부진한 반면 PER 23.1은 낮은 수익성 대비 부담이 있으며, 거래량 증가(45.38%)도 하락 국면에서 변동성 확대 신호로 해석됩니다.""]",-7.935308260629063,-3.6086511235616605,0.5312461358655645,-5.633903930981069
006400,삼성SDI,2025-05-02,173600,Sell,84,"[""현재가가 52주 최저가(168,100원) 부근으로 52주 내 위치가 2.1%에 불과해 기술적으로도 약세 구간에 있으며, 최근 1개월 수익률도 -4.92%로 모멘텀이 좋지 않습니다."", ""거래량 변화율이 -49.22%로 수급이 크게 위축되어 있어 단기 반등의 신뢰도가 낮습니다."", ""2024년 실적에서 매출(-22.6%)과 영업이익(-76.5%)이 크게 감소했고 영업이익률도 2.2%에 불과하며, 영업현금흐름도 -1,376억원으로 펀더멘털 개선 근거가 약합니다.""]",0.4645760743321719,1.2195121951219512,-2.129642590676763,-8.037228810395183
006400,삼성SDI,2025-06-02,172800,Sell,86,"[""2025년 1분기 매출이 전년동기 대비 34.0% 감소했고 영업이익이 -4,341억원으로 적자 전환 수준이며 영업이익률도 -13.7%로 수익성 악화가 뚜렷합니다."", ""최근 1개월 수익률이 -5.88%로 약세이고, 현재 주가가 52주 최고가 대비 매우 낮은 4.9% 수준에 머물러 있어 단기 추세가 강하지 않습니다."", ""PER 21.1 대비 ROE 2.6%로 이익창출력이 낮고, 실적 부진이 이어지는 상황에서 향후 20거래일 내 반등을 뒷받침할 근거가 약합니다.""]",1.3921113689095126,7.482598607888631,-3.9921764282927814,-4.984018013785656
006400,삼성SDI,2025-07-01,178200,Sell,84,"[""2025년 1분기 매출이 전년동기 대비 34.0% 감소했고 영업이익이 -4,341억원, 영업이익률이 -13.7%로 수익성 악화가 뚜렷합니다."", ""순이익이 -2,160억원으로 적자를 기록해 단기 실적 모멘텀이 약하며, 향후 20거래일 내 주가 반등을 뒷받침할 실적 근거가 부족합니다."", ""현재 주가는 52주 최고가 대비 8.0% 수준으로 저점권이지만, 최근 1개월 수익률이 2.18%에 그치고 거래량 변화율 20.71%는 강한 추세 전환 신호로 보기 어렵습니다.""]",-4.972067039106146,15.083798882681565,-6.880322487780313,9.249441179092045
006400,삼성SDI,2025-08-01,190000,Sell,84,"[""2025년 1분기 매출이 전년동기 대비 34.0% 감소했고 영업이익이 -4,341억원으로 적자 전환/확대되어 단기 실적 모멘텀이 매우 약합니다."", ""영업이익률 -13.7%, 순이익 -2,160억원으로 수익성 지표가 모두 부진해 향후 20거래일 내 주가 반등을 뒷받침할 근거가 약합니다."", ""현재 주가는 52주 최고가 대비 크게 낮지만 최근 1개월 수익률이 2.54%에 그치고 거래량 변화율도 8.65%로 강한 추세 전환 신호로 보기 어렵습니다.""]",16.159008776458442,4.543107898812597,14.284018704184597,3.7615972960010677
006400,삼성SDI,2025-09-01,203000,Sell,88,"[""2025년 2분기 매출이 전년동기 대비 22.2% 감소했고 영업이익은 -3,978억원, 영업이익률은 -12.5%로 수익성 악화가 뚜렷합니다."", ""순이익이 -1,667억원으로 적자 전환 상태이며, 이는 향후 20거래일 내 주가에 부담으로 작용할 가능성이 큽니다."", ""최근 1개월 수익률이 0.99%로 탄력이 약하고 거래량 변화율도 -19.23%로 수급 개선 신호가 부족하며, 현재 주가는 52주 고점 대비 낮지만 실적 모멘텀이 이를 뒷받침하지 못합니다.""]",-0.49382716049382713,1.2345679012345678,-3.258339272965663,-6.7169506890849116
006400,삼성SDI,2025-10-01,204000,Sell,86,"[""2025년 2분기 매출이 전년동기 대비 22.2% 감소했고 영업이익이 -3,978억원, 영업이익률이 -12.5%로 수익성 악화가 뚜렷합니다."", ""순이익도 -1,667억원의 적자를 기록해 단기 실적 모멘텀이 약하며, 향후 20거래일 내 주가 반등을 뒷받침할 실적 근거가 부족합니다."", ""최근 1개월 수익률이 0.74%로 탄력이 약하고 거래량 변화율도 -9.46%로 수급 개선 신호가 약해 단기 하락 가능성이 더 높습니다.""]",14.285714285714285,55.932203389830505,8.674324708878881,42.48583081677904
006400,삼성SDI,2025-11-03,327000,Sell,88,"[""2025년 2분기 매출이 전년동기 대비 22.2% 감소했고 영업이익이 -3,978억원, 영업이익률 -12.5%로 수익성이 크게 악화되어 단기 주가 모멘텀에 부정적입니다."", ""최근 1개월 수익률이 61.48%로 급등했고 현재 주가가 52주 최고가의 92.2% 수준에 위치해 있어 단기적으로 과열 및 차익실현 압력이 높아 보입니다."", ""PER 39.9는 높은 편인데 ROE는 2.5%에 불과해 밸류에이션 대비 이익창출력이 약하며, 거래량 급증(184.83%)은 상승 지속보다 변동성 확대 신호로 해석될 수 있습니다.""]",-4.592592592592593,-9.62962962962963,-4.220177059346938,-6.553016354653529
006400,삼성SDI,2025-12-01,299000,Sell,84,"[""최근 1개월 수익률이 -7.14%이고 거래량 변화율도 -49.40%로, 단기 모멘텀과 수급이 동시에 약화된 상태입니다."", ""2025년 3분기 매출이 전년동기 대비 -22.5%, 영업이익은 -5,913억원으로 적자 전환 수준이며 영업이익률도 -19.4%라 실적 추세가 매우 부진합니다."", ""PER 36.5는 높은 편인데 ROE 2.5%는 낮아 밸류에이션 대비 수익창출력이 약하고, 현재 주가가 52주 고점 대비 78.3% 위치라 추가 상승 여력보다 조정 위험이 더 커 보입니다.""]",1.639344262295082,-13.934426229508196,-2.080871110690185,-21.8119109413805
005380,현대차,2023-01-02,157000,Neutral,61,"[""PER 6.5와 PBR 0.52는 밸류에이션 부담이 낮아 하방은 제한적일 수 있지만, 이것만으로 향후 20거래일 상승을 강하게 뒷받침하진 않습니다."", ""최근 1개월 수익률이 -8.45%이고 거래량 변화율도 -13.60%로 약세 흐름과 수급 둔화가 동시에 나타나 단기 모멘텀은 좋지 않습니다."", ""52주 최고가 대비 현재 위치가 9.3%에 불과해 저점권에 가깝지만, 2022 3분기 영업이익이 전년동기 대비 -3.4%로 감소해 실적 모멘텀도 강하지 않습니다.""]",2.515723270440252,6.855345911949685,-3.4621554682692564,-4.421629586995648
005380,현대차,2023-02-01,170000,Neutral,66,"[""PER 7.1, PBR 0.56, ROE 7.9%로 밸류에이션은 낮고 수익성도 무난해 하방을 강하게 시사하지는 않습니다."", ""최근 1개월 수익률이 +12.58%이고 거래량 변화율도 +12.89%로 단기 모멘텀은 우호적이지만, 52주 최고가 대비 현재 위치가 37.2%에 불과해 추가 상승 여력과 단기 과열 여부가 동시에 존재합니다."", ""2022 3분기 매출은 전년동기 대비 +30.6%로 강했지만 영업이익은 -3.4% 감소했고 영업이익률도 4.1%에 그쳐 실적 개선의 질이 엇갈리며, 부채비율 188.2%는 재무 부담 요인입니다.""]",1.5891701000588583,3.6492054149499706,1.0771970596518772,5.140164878350377
005380,현대차,2023-03-02,178500,Neutral,61,"[""PER 7.4와 PBR 0.59는 밸류에이션 부담이 낮아 하방을 완전히 단정하기 어렵지만, 이것만으로 20거래일 내 상승을 강하게 뒷받침하진 않습니다."", ""최근 1개월 수익률이 +6.89%로 단기 모멘텀은 양호하나, 거래량 변화율이 -17.21%로 상승 추세의 지속성을 확신하기에는 수급 강도가 약합니다."", ""매출은 전년동기 대비 +30.6%로 크게 증가했지만 영업이익은 -3.4% 감소했고 영업이익률도 4.1%에 그쳐 실적 개선이 주가 상승으로 바로 연결될 근거가 제한적입니다.""]",-0.6246450880181714,4.770017035775128,0.9164289764618813,2.928375964588856
005380,현대차,2023-04-03,183600,Buy,74,"[""PER 6.4, PBR 0.62로 밸류에이션 부담이 낮고 ROE 9.6%로 자본효율성도 양호해 20거래일 관점에서 하방보다 상방 여지가 더 큽니다."", ""최근 1개월 수익률이 +4.26%로 단기 추세가 우상향이며, 현재 주가가 52주 최고가 대비 63.9% 수준이라 추가 회복 여력이 남아 있습니다."", ""2022년 매출(+21.2%), 영업이익(+47.0%), 순이익(+8.0조원)과 영업현금흐름(+10.6조원)이 모두 견조해 단기 주가를 지지할 재무적 근거가 있습니다.""]",4.515778019586507,9.357997823721437,1.800610574182138,8.515832301308713
005380,현대차,2023-05-02,201500,Sell,78,"[""현재가 201,500원이 52주 최고가 202,000원 대비 99.0% 수준으로 단기적으로 가격이 상단에 매우 근접해 있어 추가 상승 여력이 제한적입니다."", ""최근 1개월 수익률이 9.21%로 이미 단기 상승이 진행됐고, 거래량 변화율 63.11%는 단기 과열 가능성을 시사합니다."", ""PER 7.1과 PBR 0.68은 저평가처럼 보이지만, 향후 20거래일 방향 판단에서는 이미 강한 주가 반영이 진행된 기술적 위치가 더 우세해 하락 쪽이 상대적으로 유리합니다.""]",3.482587064676617,-0.7462686567164178,3.8983542350612055,-4.7424308059128695
005380,현대차,2023-06-01,197500,Neutral,66,"[""PER 5.6, PBR 0.64로 밸류에이션은 낮아 하방은 제한적일 수 있으나, 이것만으로 향후 20거래일 상승을 강하게 뒷받침하진 않습니다."", ""2023년 1분기 매출과 영업이익이 각각 전년동기 대비 +24.7%, +86.2% 증가해 실적 모멘텀은 양호하지만, 최근 1개월 수익률이 0.00%로 단기 추세는 뚜렷하지 않습니다."", ""52주 고가 대비 78.8% 수준으로 고점 부담은 크지 않지만 거래량 변화율이 -23.36%로 수급이 약해 단기 방향성을 확신하기 어렵습니다.""]",-1.6541353383458646,4.511278195488721,-2.730110981855405,4.46860820748246
005380,현대차,2023-07-03,208500,Sell,74,"[""현재가 208,500원이 52주 최고가 210,000원의 97.5% 수준으로 고점 부근에 위치해 있어, 20거래일 내 추가 상승 여력보다 차익실현 압력이 더 크게 작용할 가능성이 있습니다."", ""최근 1개월 수익률이 +5.57%로 단기 상승이 이미 진행된 반면 거래량 변화율이 -15.85%로 수급 확장이 동반되지 않아 상승 탄력이 약해 보입니다."", ""PER 6.0과 PBR 0.68은 저평가 신호일 수 있지만, 부채비율 181.5%와 영업현금흐름 +577억원의 제한적 수준을 감안하면 단기 주가 모멘텀을 강하게 지지한다고 보기 어렵습니다.""]",-0.4807692307692308,-4.134615384615384,0.7076733387654628,-6.978856913780822
005380,현대차,2023-08-01,199400,Neutral,66,"[""PER 5.7, PBR 0.65로 밸류에이션은 낮지만, 이것만으로 향후 20거래일 내 주가 상승을 단정하기에는 근거가 부족합니다."", ""2023년 1분기 매출과 영업이익이 각각 전년동기 대비 24.7%, 86.2% 증가해 실적 모멘텀은 양호하지만, 최근 1개월 수익률이 -4.36%로 단기 주가 흐름은 약했습니다."", ""현재 주가는 52주 최고가 대비 82.0% 수준으로 고점 부담은 크지 않지만, 거래량 변화율 18.49%와 부채비율 181.5%, 영업현금흐름 +577억원을 함께 보면 방향성이 한쪽으로 강하게 기울었다고 보기 어렵습니다.""]",-1.6103896103896103,-1.7662337662337664,-1.176599045238857,0.5345761035526184
005380,현대차,2023-09-01,187400,Neutral,66,"[""PER 5.1, PBR 0.59, ROE 11.5%로 밸류에이션과 수익성은 양호해 하방을 완전히 강하게 보기는 어렵습니다."", ""2023년 2분기 매출과 영업이익이 각각 전년동기 대비 17.4%, 42.2% 증가해 실적 모멘텀은 긍정적입니다."", ""다만 최근 1개월 수익률 -2.65%, 거래량 변화율 -36.97%, 영업현금흐름 -1,471억원, 부채비율 178.5%는 단기 주가 탄력과 재무 안정성 측면에서 상충 신호를 줍니다.""]",-0.9610250934329952,2.616123865456487,0.10956746620021252,9.418855482178941
005380,현대차,2023-10-04,190800,Neutral,61,"[""PER 5.2와 PBR 0.60은 밸류에이션 부담이 낮아 하방을 제한할 수 있지만, 이것만으로 20거래일 내 상승을 단정하기는 어렵습니다."", ""2023년 2분기 매출과 영업이익이 각각 전년동기 대비 17.4%, 42.2% 증가해 실적 모멘텀은 양호하지만, 최근 1개월 수익률이 1.60%로 강한 추세가 아니고 거래량 변화율도 -13.36%로 수급 확장이 확인되지 않습니다."", ""52주 고가 대비 현재 위치가 67.5%로 중간 이상 구간이며, 부채비율 178.5%와 영업현금흐름 -1,471억원은 재무 안정성 측면에서 단기 주가 방향성에 대한 확신을 약화시킵니다.""]",-1.7847769028871392,-8.976377952755906,-3.9710807804042045,-7.509411735415259
005380,현대차,2023-11-01,170300,Neutral,66,"[""PER 4.7, PBR 0.53으로 밸류에이션은 낮고 ROE 11.4%로 수익성은 양호해 중장기적으로는 저평가 신호가 있으나, 이는 20거래일 내 방향성을 단정할 만큼 강한 상승 촉매는 아니다."", ""최근 1개월 수익률이 -10.70%로 단기 모멘텀이 약하고 52주 최고가 대비 현재 위치가 32.7%에 불과해 기술적으로는 아직 약세 구간에 머물러 있다."", ""2023 2분기 매출(+17.4%)과 영업이익(+42.2%)은 개선됐지만 영업현금흐름이 -1,471억원이고 부채비율이 178.5%로 재무 안정성 부담이 있어 상승과 하락 근거가 혼재한다.""]",1.5697674418604652,7.151162790697674,-2.0134890708234794,-1.0502950945152083
005380,현대차,2023-12-01,182800,Neutral,66,"[""PER 4.2와 PBR 0.55은 밸류에이션 부담이 낮고 ROE 13.2%로 수익성은 양호해 중기적으로는 하방을 제한할 수 있습니다."", ""2023년 3분기 매출이 전년동기 대비 8.7%, 영업이익이 146.3% 증가해 실적 모멘텀은 분명하지만, 영업현금흐름이 -3,498억원으로 현금창출 측면의 불안이 있습니다."", ""최근 1개월 수익률이 6.28%로 단기 반등은 있었으나 거래량 변화율이 -27.08%로 수급 강도는 약하고, 현재 주가가 52주 범위의 중간 수준(53.9%)이라 20거래일 방향성을 강하게 단정하기 어렵습니다.""]",2.092511013215859,4.6255506607929515,1.678586283101928,1.759887327525882
005380,현대차,2024-01-02,200500,Buy,78,"[""PER 4.6, PBR 0.60, ROE 13.1%로 밸류에이션은 낮고 수익성은 양호해 20거래일 내 추가 상승 여지가 있습니다."", ""2023년 3분기 매출이 전년동기 대비 8.7% 증가했고 영업이익은 146.3% 급증하며 영업이익률 9.3%를 기록해 실적 모멘텀이 강합니다."", ""최근 1개월 수익률이 8.50%이고 거래량도 25.44% 증가했으며 현재 주가가 52주 최고가의 83.9% 수준으로 추세가 우상향인 점이 단기 매수 근거입니다.""]",-3.663570691434469,0.41279669762641896,-1.1579231082932266,4.6401421226046455
005380,현대차,2024-02-01,208000,Sell,78,"[""현재가 208,000원이 52주 최고가 210,000원 대비 95.3% 수준으로 고점 부근에 위치해 있어 20거래일 내 추가 상승 여력이 제한적입니다."", ""최근 1개월 수익률이 7.33%이고 거래량 변화율도 29.05%로 단기 상승이 이미 진행된 상태라 단기 차익실현 압력이 커질 수 있습니다."", ""PER 4.8과 PBR 0.63은 저평가처럼 보이지만, 영업현금흐름이 -3,498억원이고 부채비율이 175.8%로 재무 안정성 측면의 부담이 있어 단기 주가 모멘텀을 약화시킬 수 있습니다.""]",9.691629955947137,10.572687224669604,8.378974859610569,9.57165866591367
005380,현대차,2024-03-04,255500,Sell,78,"[""현재가가 52주 최고가(255,500원)와 동일하고 52주 내 현재 위치가 100.0%로, 단기적으로는 상승 여력이 제한된 고점권 상태입니다."", ""최근 1개월 수익률이 34.47%이고 거래량 변화율이 391.99%로 급등 이후 과열 신호가 강해 20거래일 내 되돌림 가능성을 높입니다."", ""실적은 개선됐지만 영업현금흐름이 -3,498억원으로 음수이고 부채비율도 175.8%로 재무 안정성이 완전히 뒷받침되지 않아 추가 상승의 지속성을 약화시킵니다.""]",-3.0120481927710845,-11.646586345381527,-4.235344033338754,-15.562944766156033
005380,현대차,2024-04-01,227500,Neutral,66,"[""PER 4.8과 PBR 0.67은 밸류에이션 부담이 낮아 하방을 완전히 단정하기 어렵습니다."", ""최근 1개월 수익률 -9.18%와 거래량 변화율 -55.28%는 단기 모멘텀과 수급이 약해 20거래일 내 강한 상승 근거가 부족합니다."", ""2023년 매출과 영업이익은 크게 증가했지만, 영업현금흐름 -2.5조원과 부채비율 177.4%는 재무 안정성 측면의 불확실성을 남깁니다.""]",3.6363636363636362,13.18181818181818,5.379814797937973,15.706553395173007
005380,현대차,2024-05-02,249000,Sell,74,"[""현재가 249,000원은 52주 최고가 255,500원의 92.4% 수준으로 단기적으로 고점권에 근접해 추가 상승 여력이 제한적으로 보입니다."", ""최근 1개월 수익률이 9.45%로 이미 단기 상승이 진행된 반면 거래량 변화율이 -1.62%로 수급 확장이 동반되지 않아 추세 지속 신호가 약합니다."", ""PER 5.2와 PBR 0.74, ROE 14.2% 및 2023년 실적 개선은 긍정적이지만 영업현금흐름 -2.5조원과 부채비율 177.4%가 재무 안정성 측면의 부담으로 작용합니다.""]",1.6597510373443984,7.468879668049793,-0.22993860971178504,8.011726456735573
005380,현대차,2024-06-03,265000,Neutral,66,"[""PER 5.6, PBR 0.76, ROE 13.6%로 밸류에이션과 수익성은 양호하지만, 이것만으로 향후 20거래일 주가 상승을 단정하기는 어렵습니다."", ""최근 1개월 수익률이 +5.58%이고 52주 내 현재 위치가 88.8%로 단기 추세는 강하지만, 거래량 변화율이 -15.95%로 상승 탄력이 약해 보입니다."", ""2024 1분기 매출은 전년동기 대비 +7.7% 증가했으나 영업이익은 -2.3% 감소했고 영업현금흐름이 -9,426억원, 부채비율이 182.1%로 재무·현금흐름 측면의 부담이 존재합니다.""]",4.247104247104247,6.563706563706563,1.7652290358048899,1.6085959367579017
005380,현대차,2024-07-01,286000,Neutral,66,"[""PER 6.0과 PBR 0.82는 밸류에이션 부담이 낮아 하방을 완전히 강하게 보기는 어렵지만, 이것만으로 20거래일 내 상승을 단정할 근거도 충분하지 않습니다."", ""최근 1개월 수익률이 11.28%이고 52주 내 현재 위치가 90.7%로 단기적으로 이미 많이 오른 구간에 있어 추가 상승 여력보다 단기 과열·숨고르기 가능성이 함께 존재합니다."", ""2024 1분기 매출은 증가했지만 영업이익은 전년동기 대비 감소했고 영업현금흐름이 -9,426억원으로 약해 재무·현금흐름 측면의 단기 모멘텀은 제한적입니다.""]",0.7339449541284404,-8.256880733944955,-2.37732278319023,-6.722463323503579
005380,현대차,2024-08-01,253500,Neutral,61,"[""PER 5.4와 PBR 0.73은 밸류에이션 부담이 낮아 하방을 제한할 수 있지만, 이것만으로 20거래일 내 상승을 강하게 뒷받침하진 않습니다."", ""최근 1개월 수익률이 -8.15%이고 거래량 변화율도 -17.88%로 약세 모멘텀과 수급 둔화가 확인됩니다."", ""2024 1분기 매출은 전년동기 대비 +7.7% 증가했지만 영업이익은 -2.3% 감소했고 영업현금흐름도 -9,426억원으로 단기 주가 방향성을 확신하기 어렵습니다.""]",-0.4098360655737705,0.819672131147541,2.869452774157348,0.6399390030811501
005380,현대차,2024-09-02,246000,Neutral,61,"[""PER 4.9와 PBR 0.68은 밸류에이션 부담이 낮아 하방을 완전히 단정하기는 어렵지만, 이것만으로 20거래일 내 상승을 강하게 기대할 근거도 충분하지 않습니다."", ""최근 1개월 수익률이 -2.96%이고 거래량 변화율도 -5.72%로 단기 모멘텀과 수급이 약해 단기 주가 탄력이 둔화된 모습입니다."", ""2024년 2분기 매출은 전년동기 대비 +6.6% 증가했지만 영업이익은 +0.7%에 그쳐 실적 개선 강도가 제한적이며, 현재가가 52주 고점 대비 낮지만 52주 내 위치 59.5%로 방향성이 뚜렷하지 않습니다.""]",-2.736842105263158,3.578947368421052,2.5622050419955706,6.216086483420132
005380,현대차,2024-10-02,237000,Neutral,66,"[""PER 4.7과 PBR 0.65은 밸류에이션 부담이 낮아 하방을 완전히 지지하지만, 이것만으로 20거래일 내 상승을 단정하기는 어렵습니다."", ""2024년 2분기 매출은 전년동기 대비 6.6% 증가했으나 영업이익은 0.7% 증가에 그쳐 실적 모멘텀이 강하지 않고 영업이익률도 9.5%로 개선 폭이 제한적입니다."", ""최근 1개월 수익률이 -8.49%이고 거래량 변화율도 -1.11%로 단기 추세와 수급이 약한 편이지만, 52주 내 현재 위치가 52.5%로 극단적 약세 구간은 아니어서 방향성을 확신하기 어렵습니다.""]",3.7578288100208765,-9.603340292275574,1.6727686281326508,-10.352841208721388
005380,현대차,2024-11-01,213500,Neutral,61,"[""PER 4.3과 PBR 0.59는 밸류에이션 측면에서 저평가 신호지만, 저평가만으로 향후 20거래일 상승을 단정하기는 어렵습니다."", ""최근 1개월 수익률이 -12.50%이고 거래량 변화율도 -9.50%로 단기 모멘텀이 약해, 즉각적인 반등 근거가 강하지 않습니다."", ""2024년 2분기 매출과 순이익은 증가했지만 영업이익 증가율이 +0.7%에 그쳐 실적 개선 강도가 제한적이며, 현재 위치가 52주 최고가 대비 낮아도 방향성을 확신하기 어렵습니다.""]",-2.5404157043879905,-0.23094688221709006,-0.326794071074358,4.963783068303766
005380,현대차,2024-12-02,216000,Neutral,61,"[""PER 4.4와 PBR 0.58은 밸류에이션 부담이 낮아 하방을 완전히 단정하기는 어렵지만, 이것만으로 20거래일 내 상승을 강하게 기대할 근거도 부족합니다."", ""최근 1개월 수익률이 1.17%로 단기 모멘텀이 약하고, 52주 최고가 대비 현재 위치가 30.4%로 중장기 반등 여지는 있으나 단기 추세 강도는 뚜렷하지 않습니다."", ""2024년 3분기 매출은 증가했지만 영업이익이 전년동기 대비 -6.5% 감소했고 영업현금흐름이 -1.7조원으로 재무 안정성 신호가 약해, 상승과 하락 근거가 혼재합니다.""]",-1.8648018648018647,-0.6993006993006993,1.4254665244625557,1.6278062164226652
005380,현대차,2025-01-02,211500,Sell,76,"[""최근 1개월 수익률이 -3.20%이고 거래량 변화율도 -26.84%로, 단기 모멘텀과 수급이 동시에 약화된 상태입니다."", ""52주 최고가 대비 현재 위치가 26.6%에 불과해 추세상 고점 대비 크게 밀려 있으며, 20거래일 내 반등보다 약세 지속 가능성이 더 높습니다."", ""3분기 매출은 증가했지만 영업이익이 전년동기 대비 -6.5% 감소했고 영업현금흐름도 -1.7조원으로, 실적의 질과 현금창출력이 단기 주가에 부담입니다.""]",6.103286384976526,-4.460093896713615,3.0786172721472718,-8.343513500959451
005380,현대차,2025-02-03,202000,Sell,74,"[""최근 1개월 수익률이 -7.13%로 단기 추세가 약하고, 현재 주가가 52주 최고가 대비 18.6% 수준에 머물러 있어 모멘텀이 우호적이지 않습니다."", ""2024년 3분기 매출은 전년동기 대비 +4.7%로 증가했지만 영업이익은 -6.5% 감소해 수익성 둔화가 확인됩니다."", ""부채비율 174.5%와 영업현금흐름 -1.7조원은 재무 안정성과 현금창출 측면에서 부담이며, 이는 향후 20거래일 주가에 부정적으로 작용할 가능성이 있습니다.""]",-0.7960199004975124,-3.134328358208955,-3.1073480679962784,-6.214487443348519
005380,현대차,2025-03-04,190300,Neutral,61,"[""PER 3.9, PBR 0.52, ROE 13.5%로 밸류에이션과 수익성은 양호하지만, 이것만으로 향후 20거래일 주가 상승을 단정하기는 어렵습니다."", ""주가는 52주 최저가 190,300원과 동일해 기술적으로는 과매도 반등 여지가 있으나, 최근 1개월 수익률이 -7.62%로 약세 추세가 이어지고 있습니다."", ""2024년 3분기 매출은 증가했지만 영업이익이 -6.5% 감소했고 영업현금흐름도 -1.7조원으로, 단기 모멘텀과 현금흐름 측면의 불확실성이 존재합니다.""]",1.7976373908577297,0.8217770929635336,1.1452076863470109,2.8650665270423326
005380,현대차,2025-04-01,198600,Neutral,61,"[""PER 4.2와 PBR 0.49는 밸류에이션 측면에서 저평가 신호지만, 이것만으로 향후 20거래일 내 주가 상승을 단정하기는 어렵습니다."", ""주가는 52주 최고가 대비 크게 낮고 현재 52주 내 위치가 7.7%로 바닥권에 가까우나, 최근 1개월 수익률이 2.90%로 제한적 반등에 그쳐 추세 전환이 강하게 확인되지는 않습니다."", ""2024년 매출은 증가했지만 영업이익은 감소했고 영업현금흐름이 -5.7조원으로 악화되어, 실적과 현금흐름 측면의 단기 상승 근거와 하방 리스크가 함께 존재합니다.""]",-9.322465613856343,-2.9037187977585326,-0.8559112173617152,-4.928971605177941
005380,현대차,2025-05-02,189400,Neutral,66,"[""PER 4.0, PBR 0.47로 밸류에이션은 매우 낮지만, 저평가만으로 20거래일 내 주가 상승을 단정하기에는 직접적인 촉매가 부족합니다."", ""최근 1개월 수익률이 -3.52%이고 거래량 변화율도 -2.08%로 단기 모멘텀이 약하며, 52주 최고가 대비 현재 위치가 9.9%로 고점 대비 크게 낮아 추세 반전 신호가 뚜렷하지 않습니다."", ""2024년 매출은 +7.7% 증가했지만 영업이익은 -5.9% 감소했고 영업현금흐름이 -5.7조원으로 재무 안정성 측면의 부담이 있어 상승·하락 근거가 혼재합니다.""]",5.063965884861407,1.0660980810234542,2.4697472198524717,-8.190642924493678
005380,현대차,2025-06-02,184000,Neutral,66,"[""PER 3.9, PBR 0.45로 밸류에이션은 매우 낮지만, 이는 향후 20거래일 주가 방향을 직접적으로 보장하지는 않습니다."", ""2025년 1분기 매출과 영업이익이 각각 전년동기 대비 +9.2%, +2.1% 증가해 실적은 견조하지만, 영업이익률 8.2%와 최근 1개월 수익률 -4.56%는 단기 모멘텀이 강하지 않음을 시사합니다."", ""주가가 52주 최저가 177,500원에 매우 근접한 52주 내 현재 위치 5.4%이고 거래량 변화율도 -21.94%로 약세 신호가 있으나, 영업현금흐름 +2.0조원과 ROE 11.5%는 하방을 단정하기 어렵게 만듭니다.""]",8.333333333333332,15.32258064516129,2.949045536131038,2.8559640234870027
005380,현대차,2025-07-01,210000,Buy,78,"[""PER 4.5와 PBR 0.52는 절대 밸류에이션이 낮아 20거래일 기준으로도 추가 하락보다 저평가 해소 기대가 우세합니다."", ""2025년 1분기 매출이 전년동기 대비 9.2% 증가했고 영업이익과 순이익도 흑자를 유지해 실적 모멘텀이 이어지고 있습니다."", ""최근 1개월 수익률이 9.95%이고 거래량 변화율이 43.09%로 상승 추세와 수급 개선이 동시에 확인되며, 현재 주가가 52주 고점 대비 27.0% 수준이라 기술적으로도 추가 반등 여지가 있습니다.""]",-1.873536299765808,4.449648711943794,-3.781791748439975,-1.3847089916457245
005380,현대차,2025-08-01,210000,Neutral,61,"[""PER 4.5와 PBR 0.52는 밸류에이션 부담이 낮아 하방을 완전히 단정하기 어렵지만, 이것만으로 20거래일 내 상승을 강하게 기대할 근거도 부족합니다."", ""2025년 1분기 매출이 전년동기 대비 9.2% 증가하고 순이익 3.4조원, 영업현금흐름 2.0조원으로 실적과 현금창출은 양호하지만 영업이익 증가율은 2.1%에 그쳐 단기 모멘텀이 강하다고 보긴 어렵습니다."", ""최근 1개월 수익률이 -2.10%로 약세이고 현재 주가가 52주 고점 대비 중간 이하(37.8%)에 위치해 있으나 거래량 변화율 11.63%는 방향성을 확정할 만큼 강하지 않아 상승·하락 근거가 균형적입니다.""]",0.7109004739336493,4.265402843601896,-1.1640895983401967,3.4838922407903667
005380,현대차,2025-09-01,220500,Neutral,66,"[""PER 5.1, PBR 0.54로 밸류에이션은 낮지만, 이는 향후 20거래일 주가 방향을 직접적으로 보장하는 근거는 아닙니다."", ""2025년 2분기 매출은 전년동기 대비 7.2% 증가했으나 영업이익은 15.8% 감소해 수익성 둔화가 확인됩니다."", ""최근 1개월 수익률은 3.52%로 양호하지만 거래량 변화율이 -47.25%로 약해 단기 상승 추세의 지속성을 확신하기 어렵습니다.""]",-0.45454545454545453,-2.272727272727273,-3.2190575670172903,-10.224245863046752
005380,현대차,2025-10-01,215500,Neutral,61,"[""PER 4.9와 PBR 0.53은 밸류에이션 부담이 낮아 하방을 완전히 단정하기 어렵지만, 이것만으로 20거래일 내 상승을 강하게 기대할 근거도 부족합니다."", ""2025년 2분기 매출은 전년동기 대비 7.2% 증가했으나 영업이익은 15.8% 감소해 수익성 둔화가 확인되어 단기 주가 모멘텀은 혼재되어 있습니다."", ""최근 1개월 수익률이 -2.05%로 약세이고 현재 주가가 52주 범위의 중간 수준(46.6%)에 위치해 있어 뚜렷한 추세 전환 신호가 부족합니다.""]",10.0,22.272727272727273,4.388610423164596,8.82635469967581
005380,현대차,2025-11-03,291500,Sell,78,"[""현재가가 52주 최고가(291,500원)와 동일하고 52주 내 위치가 100.0%로, 단기적으로는 상승 여력이 제한된 고점권 상태입니다."", ""최근 1개월 수익률이 +35.90%이고 거래량도 119.08% 증가해 단기 급등 이후 차익실현 압력이 커질 수 있습니다."", ""2025년 2분기 매출은 증가했지만 영업이익이 전년동기 대비 -15.8% 감소해 수익성 둔화가 확인되며, 부채비율 179.5%도 부담 요인입니다.""]",-2.536231884057971,-3.6231884057971016,-2.1638163508123163,-0.5465751308210005
005380,현대차,2025-12-01,254500,Sell,82,"[""최근 1개월 수익률이 -12.24%이고 거래량 변화율도 -48.06%로, 단기 추세와 수급이 동시에 약화된 상태입니다."", ""2025 3분기 매출은 전년동기 대비 +8.8% 증가했지만 영업이익은 -29.1% 감소해 수익성 둔화가 뚜렷합니다."", ""영업이익률 5.4%와 영업현금흐름 -3.9조원, 부채비율 182.8%는 20거래일 내 주가 반등을 지지하기보다 부담 요인으로 작용합니다.""]",15.413533834586465,12.218045112781954,11.693318461601198,4.3405604009096495
000270,기아,2023-01-02,61500,Neutral,66,"[""PER 5.3, PBR 0.63, ROE 11.8%로 밸류에이션과 수익성은 양호해 하방을 완전히 지지하지는 않습니다."", ""최근 1개월 수익률이 -10.35%이고 거래량 변화율도 -11.90%로 단기 모멘텀과 수급이 약해 20거래일 내 반등을 강하게 기대하기 어렵습니다."", ""52주 최고가 대비 현재 위치가 8.0%로 저점권에 가깝지만, 2022 3분기 영업이익이 전년동기 대비 -42.1% 감소하고 영업이익률도 3.3%에 그쳐 방향성을 단정하기 어렵습니다.""]",2.403846153846154,11.698717948717949,-3.574032584863354,0.42174244977261566
000270,기아,2023-02-01,69500,Buy,74,"[""PER 6.0, PBR 0.72로 밸류에이션 부담이 낮고 ROE 11.9%와 영업현금흐름 +8.6조원은 수익성과 현금창출력이 양호함을 보여줍니다."", ""최근 1개월 수익률이 +17.20%이고 거래량 변화율도 +29.43%로 단기 모멘텀과 수급 개선이 확인됩니다."", ""52주 최고가 대비 아직 여유가 있고 현재 위치가 37.8% 수준이며, 부채비율 92.6%도 과도한 재무레버리지로 보이진 않아 향후 20거래일 추가 상승 가능성을 지지합니다.""]",2.8694404591104736,12.195121951219512,2.3574674187034925,13.686081414619919
000270,기아,2023-03-02,77800,Neutral,66,"[""PER 6.8, PBR 0.80, ROE 11.8%는 밸류에이션과 수익성 측면에서 과도한 고평가 신호는 아니지만, 이것만으로 향후 20거래일 상승을 강하게 뒷받침하진 않습니다."", ""최근 1개월 수익률이 +16.47%로 단기 상승 모멘텀은 있으나, 거래량 변화율이 -15.62%로 동반 수급 확증이 약해 추가 상승 지속성은 불확실합니다."", ""매출은 전년동기 대비 +30.5%로 성장했지만 영업이익이 -42.1% 감소하고 영업이익률이 3.3%에 그쳐 실적 질이 약하며, 52주 최고가 대비 아직 여유가 있어도 단기 방향성을 단정하기 어렵습니다.""]",-0.2557544757033248,3.580562659846547,1.285319588776728,1.7389215886602754
000270,기아,2023-04-03,81200,Buy,74,"[""PER 6.0, PBR 0.84로 밸류에이션 부담이 낮고 ROE 13.9%로 자본효율성이 양호해 20거래일 내 하방보다 상방 여지가 더 큽니다."", ""최근 1개월 수익률이 +3.84%로 단기 추세가 우상향이며, 52주 최고가 86,300원 대비 현재가 81,200원으로 고점 재도전 여지가 남아 있습니다."", ""2022년 매출(+23.9%), 영업이익(+42.8%), 순이익 증가와 영업현금흐름 +9.3조원, 부채비율 87.3%는 실적과 재무 안정성을 뒷받침합니다.""]",6.117353308364544,7.990012484394507,3.4021858629601756,7.147846961981783
000270,기아,2023-05-02,86900,Sell,78,"[""현재가가 52주 최고가와 동일해 52주 내 위치가 100.0%로, 단기적으로는 추가 상승 여력보다 차익실현 압력이 커질 수 있습니다."", ""최근 1개월 수익률이 7.28%로 이미 단기 상승이 진행되었고, 거래량 변화율 32.70%는 고점 부근에서 변동성 확대 가능성을 시사합니다."", ""PER 6.4와 PBR 0.90, ROE 14.0%는 펀더멘털이 나쁘지 않지만, 향후 20거래일 관점에서는 이미 반영된 기대가 많아 상승 근거보다 조정 가능성이 더 우세합니다.""]",4.161849710982659,-1.5028901734104045,4.577616881367247,-5.499052322606856
000270,기아,2023-06-01,84200,Neutral,66,"[""PER 5.2와 PBR 0.85은 밸류에이션 부담이 낮고 ROE 16.4%와 영업이익률 12.1%는 수익성 측면에서 양호하지만, 이것만으로 20거래일 내 주가 상승을 단정하기는 어렵습니다."", ""최근 1개월 수익률이 -0.35%로 약세이고 거래량 변화율이 -22.23%로 수급 모멘텀이 둔화되어 단기 상승 탄력이 강하다고 보기 어렵습니다."", ""52주 최고가 대비 현재 위치가 80.8%로 고점권에 근접해 있어 추가 상승 여력과 단기 조정 가능성이 함께 존재하며, 실적 개선은 긍정적이지만 방향성을 확정할 만큼 압도적이지는 않습니다.""]",-4.225352112676056,3.873239436619718,-5.3013277561855965,3.830569448613457
000270,기아,2023-07-03,88500,Sell,74,"[""현재가 88,500원은 52주 최고가 90,100원의 94.8% 수준으로 고점 부근에 위치해 있어 20거래일 내 추가 상승 여력이 제한적입니다."", ""최근 1개월 수익률이 +5.11%로 이미 단기 상승이 진행됐고, 거래량 변화율도 2.16%에 그쳐 강한 추가 모멘텀을 확인하기 어렵습니다."", ""PER 5.5와 PBR 0.90, ROE 16.5%, 영업이익률 12.1% 및 영업현금흐름 +2.4조원은 펀더멘털이 양호하지만, 이는 이미 주가에 상당 부분 반영된 상태로 보입니다.""]",-0.44994375703037126,-6.299212598425196,0.7384988125043224,-9.143454127590633
000270,기아,2023-08-01,83300,Neutral,66,"[""PER 5.1, PBR 0.84로 밸류에이션 부담은 낮고 ROE 16.4%와 영업현금흐름 +2.4조원은 펀더멘털을 지지하지만, 이것만으로 20거래일 내 주가 상승을 단정하기는 어렵습니다."", ""2023 1분기 매출이 전년동기 대비 +29.1%, 영업이익이 +78.9%로 크게 개선되어 실적 모멘텀은 양호합니다."", ""다만 최근 1개월 수익률이 -5.88%이고 거래량 변화율도 -13.38%로 단기 수급과 가격 흐름은 약세이며, 현재가가 52주 최고가 대비 아직 여유가 있어 방향성이 혼재합니다.""]",-1.375,0.25,-0.9412094348492468,2.550809869786385
000270,기아,2023-09-01,79700,Buy,74,"[""PER 4.3, PBR 0.75로 밸류에이션 부담이 낮고 ROE 17.6%로 자본효율성이 높아 20거래일 관점에서 하방보다 재평가 여지가 있습니다."", ""2023 2분기 매출이 전년동기 대비 20.0%, 영업이익이 52.3% 증가했고 영업이익률 13.0%, 순이익 2.8조원으로 실적 모멘텀이 강합니다."", ""최근 1개월 수익률이 -0.38%로 약세였지만 52주 최고가 대비 현재 위치가 66.2% 수준이고 거래량 변화율도 -24.07%로 과열이 아닌 상태라 추가 하락 압력은 제한적으로 보입니다.""]",-3.0,6.5,-1.9294074403667922,13.302731616722454
000270,기아,2023-10-04,81900,Buy,78,"[""PER 4.4와 PBR 0.77은 밸류에이션 부담이 낮고 ROE 17.6%로 수익성도 높아 20거래일 내 재평가 여지가 있습니다."", ""2023년 2분기 매출이 전년동기 대비 20.0%, 영업이익이 52.3% 증가했고 영업이익률 13.0%로 실적 모멘텀이 강합니다."", ""부채비율 82.6%와 영업현금흐름 6.6조원은 재무 안정성을 뒷받침하며, 현재 주가는 52주 최고가 대비 아직 여유가 있어 추가 상승 가능성이 있습니다.""]",0.8383233532934131,-7.065868263473053,-1.3479805242236522,-5.598902046132407
000270,기아,2023-11-01,77400,Neutral,66,"[""PER 4.1, PBR 0.73, ROE 17.6%로 밸류에이션과 수익성은 양호해 중기적으로는 하방을 제한할 수 있습니다."", ""2023년 2분기 매출이 전년동기 대비 20.0%, 영업이익이 52.3% 증가했고 영업현금흐름도 +6.6조원으로 실적과 현금창출력은 강합니다."", ""다만 최근 1개월 수익률이 -4.33%로 약세이고 현재 주가가 52주 고점 대비 중간 수준(58.8%)에 있어 20거래일 내 뚜렷한 상승 추세를 단정하기 어렵습니다.""]",-1.2738853503184715,9.42675159235669,-4.857141863002417,1.2252937071438073
000270,기아,2023-12-01,85800,Neutral,67,"[""PER 3.7과 PBR 0.77은 밸류에이션 부담이 낮고 ROE 20.8%와 영업현금흐름 11.0조원은 펀더멘털이 양호함을 시사하지만, 이는 이미 상당 부분 주가에 반영됐을 가능성이 있습니다."", ""최근 1개월 수익률이 +9.30%로 단기 상승 모멘텀은 존재하나, 거래량 변화율이 -2.78%로 상승 추세의 확산 강도는 크지 않아 추가 상승의 확신이 제한적입니다."", ""주가는 52주 최고가 90,100원 대비 86.0% 수준으로 고점 근처에 위치해 있어 상승 여력과 단기 조정 가능성이 공존하며, 20거래일 방향성을 단정하기 어렵습니다.""]",3.56718192627824,10.46373365041617,3.1532571961643088,7.598070317149101
000270,기아,2024-01-02,97600,Sell,74,"[""현재가 97,600원으로 52주 최고가 100,000원 대비 94.1% 수준에 있어 단기적으로 상승 여력이 제한적이고, 최근 1개월 수익률이 +13.49%로 이미 상당 부분 반영된 상태입니다."", ""PER 4.2와 PBR 0.87은 저평가 신호일 수 있지만, 향후 20거래일 판단에서는 이미 강한 주가 반등 이후 추가 상승 모멘텀이 약해 보입니다."", ""3분기 실적은 매출 +10.3%, 영업이익 +272.9%, 영업현금흐름 +11.0조원으로 매우 양호하지만, 주가가 고점 부근에 위치해 있어 단기적으로는 실적 호재가 가격에 선반영되었을 가능성이 큽니다.""]",-3.518123667377399,9.701492537313433,-1.0124760842361566,13.92883796229166
000270,기아,2024-02-01,106300,Neutral,68,"[""PER 4.6, PBR 0.95, ROE 20.7%로 밸류에이션과 수익성은 양호하지만, 이는 이미 주가에 상당 부분 반영됐을 가능성이 있습니다."", ""주가는 52주 최고가 106,300원에 도달해 52주 내 현재 위치가 100.0%이며, 최근 1개월 수익률도 +13.33%로 단기 상승이 이미 진행된 상태입니다."", ""2023년 3분기 매출과 영업이익이 각각 전년동기 대비 +10.3%, +272.9% 증가했고 영업현금흐름도 +11.0조원으로 견조하지만, 현재 가격이 고점권이라 향후 20거래일 방향성은 상승·하락 근거가 혼재합니다.""]",-1.9246861924686192,6.2761506276150625,-3.2373412888051885,5.275122068859128
000270,기아,2024-03-04,125600,Sell,78,"[""현재가가 52주 최고가(125,600원)와 동일하고 52주 내 위치가 100.0%로, 단기적으로는 상승 여력이 제한된 고점권 상태입니다."", ""최근 1개월 수익률이 28.16%로 이미 강한 상승이 선반영되었고, 거래량 변화율 107.80%도 단기 과열 가능성을 시사합니다."", ""실적과 재무는 양호하지만(PER 5.4, ROE 20.7%, 영업이익률 11.2%, 영업현금흐름 +11.0조원), 향후 20거래일 관점에서는 이미 강하게 오른 가격 수준이 더 큰 상승 근거보다 하방 조정 위험을 더 크게 만듭니다.""]",2.5203252032520327,-14.878048780487804,1.2970293626843625,-18.79440720126231
000270,기아,2024-04-01,108700,Neutral,66,"[""PER 4.9와 PBR 0.94는 밸류에이션 부담이 낮아 하방을 완전히 지지하지는 않지만, 이것만으로 20거래일 내 상승을 강하게 기대하기는 어렵습니다."", ""최근 1개월 수익률이 -12.69%이고 거래량 변화율도 -41.08%로 약세 추세와 수급 둔화가 동시에 나타나 단기 반등 신호가 강하지 않습니다."", ""2023년 매출 +15.3%, 영업이익 +60.5%, 영업현금흐름 +11.3조원 등 펀더멘털은 양호하지만, 현재가가 52주 고점 대비 낮고 최근 모멘텀이 약해 상승·하락 근거가 혼재합니다.""]",3.151862464183381,14.231136580706782,4.8953136257577174,16.75587179406161
000270,기아,2024-05-02,119600,Buy,78,"[""PER 5.4와 PBR 1.03은 밸류에이션 부담이 낮은 편이고 ROE 19.1%로 자본효율성이 높아 현재 주가 수준에서 하방보다 상방 여지가 더 큽니다."", ""2023년 매출이 전년 대비 15.3% 증가했고 영업이익이 60.5% 늘어 영업이익률 11.6%를 기록해 실적 모멘텀이 강하게 확인됩니다."", ""현재가가 52주 최고가 대비 아직 아래에 있고 1개월 수익률이 +10.03%로 추세가 우상향인 반면, 거래량 변화율 -8.92%는 과열보다는 완만한 상승 국면으로 해석됩니다.""]",0.35118525021949076,4.477611940298507,-1.5385043968366927,5.020458728984288
000270,기아,2024-06-03,120700,Neutral,67,"[""PER 5.0, PBR 1.03, ROE 20.4%로 밸류에이션과 수익성은 양호해 하방을 강하게 지지하지는 않지만, 이것만으로 20거래일 내 추가 상승을 단정하기는 어렵습니다."", ""2024년 1분기 매출이 전년동기 대비 10.7%, 영업이익이 19.2% 증가하고 영업현금흐름도 +3.2조원으로 실적과 현금창출력은 견조합니다."", ""다만 최근 1개월 수익률이 2.29%로 단기 모멘텀이 강하지 않고 거래량 변화율이 -28.11%로 수급이 둔화되어 있어, 52주 최고가(128,500원) 근처에서 방향성을 확신하기 어렵습니다.""]",2.941176470588235,3.949579831932773,0.4593012592888783,-1.0055307950158885
000270,기아,2024-07-01,128600,Buy,82,"[""PER 5.4와 PBR 1.09는 밸류에이션 부담이 낮은 편이고 ROE 20.3%로 자본효율성이 높아 20거래일 관점에서 하방보다 재평가 여지가 있습니다."", ""2024년 1분기 매출이 전년동기 대비 10.7%, 영업이익이 19.2% 증가했고 영업이익률 13.1%, 순이익 2.8조원으로 실적 모멘텀이 확인됩니다."", ""주가는 52주 최고가 대비 93.3% 수준으로 고점 근처이지만 최근 1개월 수익률이 +9.26%이고 영업현금흐름이 +3.2조원, 부채비율 76.9%로 재무 안정성도 양호해 단기 추세가 이어질 가능성이 있습니다.""]",-0.889967637540453,-9.70873786407767,-4.001235374859124,-8.174320453636293
000270,기아,2024-08-01,112100,Neutral,66,"[""PER 4.7, PBR 0.95, ROE 20.3%로 밸류에이션과 수익성은 양호하지만, 이것만으로 향후 20거래일 주가 상승을 단정하기는 어렵습니다."", ""2024 1분기 매출과 영업이익이 각각 전년동기 대비 +10.7%, +19.2% 증가했고 영업이익률 13.1%, 영업현금흐름 +3.2조원으로 실적과 현금창출력은 견조합니다."", ""다만 최근 1개월 수익률이 -9.38%이고 거래량 변화율도 -22.05%로 단기 모멘텀이 약해, 실적 우위와 기술적 약세가 상충합니다.""]",-4.855275443510738,-0.9337068160597572,-1.57598660377962,-1.113439944126148
000270,기아,2024-09-02,106100,Buy,78,"[""PER 4.3, PBR 0.84로 밸류에이션 부담이 낮고 ROE 19.3%로 수익성 대비 가격 매력이 확인됩니다."", ""2024년 2분기 매출과 영업이익이 각각 전년동기 대비 5.0%, 7.1% 증가했고 영업이익률 13.2%, 순이익 3.0조원으로 실적 모멘텀이 유지되고 있습니다."", ""최근 1개월 수익률은 -5.35%로 약세였지만 52주 고점 대비 현재 위치가 52.7% 수준이고 거래량 변화율이 +10.16%로 단기 반등 여지가 있습니다.""]",-1.9569471624266144,-2.5440313111545985,3.3420999848321142,0.09310780384448147
000270,기아,2024-10-02,98700,Neutral,66,"[""PER 4.0, PBR 0.78, ROE 19.3%로 밸류에이션과 수익성은 양호하지만, 이것만으로 향후 20거래일 주가 상승을 단정하기는 어렵습니다."", ""최근 1개월 수익률이 -5.64%로 단기 모멘텀이 약하고, 현재 주가가 52주 최고가 대비 낮은 구간(52주 내 현재 위치 39.4%)에 있어 추세 반전 여부가 불확실합니다."", ""2024년 2분기 매출(+5.0%), 영업이익(+7.1%), 영업현금흐름(+6.0조원)이 모두 양호하고 부채비율도 69.3%로 안정적이어서 하방 리스크는 제한적이지만, 단기 상승을 강하게 지지할 추가 촉매는 부족합니다.""]",2.6530612244897958,-0.6122448979591837,0.56800104260157,-1.361745814404999
000270,기아,2024-11-01,94300,Neutral,66,"[""PER 3.9, PBR 0.75로 밸류에이션은 낮고 ROE 19.4% 및 영업현금흐름 +6.0조원, 부채비율 69.3%로 재무 체력은 양호합니다."", ""2024년 2분기 매출과 영업이익이 각각 전년동기 대비 +5.0%, +7.1% 증가해 실적 모멘텀은 유지되고 영업이익률도 13.2%로 견조합니다."", ""다만 최근 1개월 수익률이 -5.61%로 약세이고 현재 주가가 52주 고점 대비 31.4% 수준에 머물러 있어 단기 20거래일 방향성은 상승·하락 근거가 혼재합니다.""]",-2.8747433264887063,-3.285420944558522,-0.6611216931750739,1.9093090059623337
000270,기아,2024-12-02,94200,Neutral,66,"[""PER 3.8, PBR 0.72, ROE 18.8%로 밸류에이션과 수익성은 양호하지만, 이는 이미 저평가·고수익성 상태를 보여줄 뿐 20거래일 내 주가 상승을 직접 보장하지는 않습니다."", ""최근 1개월 수익률이 -0.11%로 방향성이 약하고 거래량 변화율도 -24.56%로 수급 모멘텀이 둔화되어 단기 상승 추세 근거가 강하지 않습니다."", ""2024 3분기 매출과 영업이익이 각각 전년동기 대비 +3.8%, +0.6%로 증가했고 영업현금흐름도 +10.0조원으로 안정적이지만, 성장률이 크지 않아 단기적으로 강한 재평가 촉매는 제한적입니다.""]",-2.2448979591836733,2.7551020408163267,1.0453704300807471,5.0822089565396915
000270,기아,2025-01-02,101600,Buy,78,"[""PER 4.1, PBR 0.78로 밸류에이션 부담이 낮고 ROE 18.8%로 자본효율성이 높아 20거래일 내 주가 하방보다는 재평가 여지가 있습니다."", ""2024년 3분기 매출이 전년동기 대비 3.8% 증가했고 순이익 2.3조원, 영업현금흐름 10.0조원으로 실적과 현금창출력이 동반 유지되고 있습니다."", ""현재 주가는 52주 최고가 대비 31.9% 수준이며 최근 1개월 수익률 9.36%, 거래량 변화율 7.01%로 단기 모멘텀이 살아 있어 추가 상승 가능성이 우세합니다.""]",4.865938430983118,-1.8867924528301887,1.8412693181538642,-5.770212057076025
000270,기아,2025-02-03,96100,Neutral,66,"[""PER 3.9, PBR 0.74, ROE 18.9%로 밸류에이션과 수익성은 양호하지만, 이것만으로 향후 20거래일 주가 상승을 단정하기는 어렵습니다."", ""최근 1개월 수익률이 -6.61%이고 거래량 변화율도 -3.48%로 단기 모멘텀이 약해, 당장 강한 상승 신호로 보기 어렵습니다."", ""2024 3분기 매출과 영업이익이 각각 전년동기 대비 +3.8%, +0.6%로 증가했지만 성장률이 크지 않고, 현재 주가가 52주 고점 대비 낮은 위치에 있어 방향성이 혼재됩니다.""]",-2.998965873836608,-0.8273009307135472,-5.310294041335374,-3.9074600158531116
000270,기아,2025-03-04,93300,Neutral,66,"[""PER 3.8, PBR 0.72, ROE 18.9%로 밸류에이션과 수익성은 양호하지만, 이는 이미 저평가·고수익성 상태를 보여줄 뿐 20거래일 내 추가 상승을 직접 보장하지는 않습니다."", ""주가는 52주 최고가 대비 크게 낮고 52주 내 위치가 6.0%에 불과하지만, 최근 1개월 수익률이 -8.53%로 약세가 이어져 단기 추세 반전 신호는 아직 약합니다."", ""2024 3분기 매출과 영업이익이 각각 전년동기 대비 +3.8%, +0.6%로 성장세가 둔화되어 있고 영업이익률 10.9%는 견조하나 강한 모멘텀으로 보기에는 부족해 방향성을 확신하기 어렵습니다.""]",3.3368091762252345,-3.962460896767466,2.6843794717145157,-1.9191714626886673
000270,기아,2025-04-01,93200,Neutral,66,"[""PER 3.7, PBR 0.66, ROE 17.6%로 밸류에이션과 수익성은 매우 양호하지만, 이는 이미 저평가·고수익성 상태를 보여줄 뿐 20거래일 내 추가 상승을 직접 보장하지는 않습니다."", ""현재가 93,200원은 52주 최저가 90,800원에 매우 근접하고 52주 내 위치가 5.8%에 불과해 기술적으로는 바닥권이지만, 최근 1개월 수익률이 0.00%로 단기 모멘텀이 확인되지 않습니다."", ""2024년 매출(+7.7%), 영업이익(+9.1%), 순이익 9.8조원, 영업현금흐름 +12.6조원, 부채비율 66.1%는 펀더멘털 안정성을 지지하지만, 거래량 변화율 25.67% 외에 단기 추세 전환을 확정할 만한 추가 상승 근거는 부족합니다.""]",-9.011943539630836,-1.8458197611292075,-0.5453891431362088,-3.871072568548616
000270,기아,2025-05-02,89400,Neutral,66,"[""PER 3.6, PBR 0.64, ROE 17.8%는 밸류에이션과 수익성 측면에서 매우 우수해 하방을 제한할 수 있습니다."", ""2024년 매출(+7.7%), 영업이익(+9.1%), 순이익(+9.8%)이 모두 증가했고 영업현금흐름도 +12.6조원으로 펀더멘털은 견조합니다."", ""다만 최근 1개월 수익률이 -2.93%이고 거래량 변화율이 -32.81%로 단기 모멘텀이 약하며, 현재 주가가 52주 최고가 대비 낮은 수준이지만 52주 최저가 대비로는 이미 상당 부분 반등해 방향성을 단정하기 어렵습니다.""]",4.880817253121453,5.675368898978434,2.286598588112518,-3.5813721065386996
000270,기아,2025-06-02,88400,Neutral,66,"[""PER 3.7, PBR 0.63, ROE 17.0%로 밸류에이션과 수익성은 양호하지만, 이는 이미 저평가·고수익성 상태를 보여줄 뿐 20거래일 내 주가 상승을 직접 보장하지는 않습니다."", ""2025년 1분기 매출은 전년동기 대비 6.9% 증가했지만 영업이익은 12.2% 감소해 실적 모멘텀이 혼재되어 있으며, 영업이익률 10.7%도 이익 측면의 둔화를 완전히 상쇄하지 못합니다."", ""주가는 52주 최고가 대비 12.7% 수준으로 낮고 최근 1개월 수익률이 -2.43%, 거래량 변화율도 -3.64%로 단기 수급과 추세가 약해 상승·하락 어느 쪽도 강하게 단정하기 어렵습니다.""]",9.821428571428571,11.71875,4.437140774226277,-0.7478666216742873
000270,기아,2025-07-01,98700,Neutral,67,"[""PER 4.1, PBR 0.70, ROE 16.9%로 밸류에이션과 수익성은 양호해 하방을 강하게 지지하지는 않지만, 이것만으로 20거래일 내 추가 상승을 단정하기는 어렵습니다."", ""최근 1개월 수익률이 +5.90%이고 거래량 변화율이 +21.02%로 단기 모멘텀은 우호적이지만, 52주 최고가 대비 현재 위치가 33.2%에 불과해 추세 복원 강도는 아직 제한적입니다."", ""2025년 1분기 매출은 +6.9% 증가했으나 영업이익은 -12.2% 감소해 실적의 방향성이 엇갈리고, 부채비율 71.9%와 영업현금흐름 +3.0조원은 재무 안정성을 뒷받침하지만 강한 방향성 신호로는 부족합니다.""]",-0.4,10.4,-2.308255448674167,4.5656422964104815
000270,기아,2025-08-01,100800,Neutral,61,"[""PER 4.2와 PBR 0.72는 밸류에이션 부담이 낮아 하방을 완전히 단정하기는 어렵지만, 이것만으로 20거래일 내 상승을 강하게 기대할 근거도 부족합니다."", ""2025년 1분기 매출은 전년동기 대비 6.9% 증가했으나 영업이익은 12.2% 감소해 수익성 둔화가 확인되며, 이는 단기 주가 모멘텀에 부정적입니다."", ""주가는 52주 범위의 중간 수준(48.8%)이고 최근 1개월 수익률이 0.70%로 방향성이 약하며, 거래량 변화율 14.88%는 관심 증가 신호지만 추세 전환을 확정할 정도는 아닙니다.""]",-1.1673151750972763,4.280155642023346,-3.0423052473711225,3.498645039211817
000270,기아,2025-09-01,106500,Neutral,66,"[""PER 4.8, PBR 0.74로 밸류에이션은 낮고 ROE 15.3% 및 영업현금흐름 +5.4조원으로 펀더멘털은 양호하지만, 이는 이미 주가에 일부 반영됐을 가능성이 있습니다."", ""2025년 2분기 매출은 전년동기 대비 6.5% 증가했으나 영업이익은 24.1% 감소해 수익성 둔화가 확인되며, 영업이익률 9.4%도 향후 모멘텀을 강하게 지지하지는 않습니다."", ""주가는 52주 최고가의 86.3% 수준으로 고점 근처에 있고 최근 1개월 수익률은 +4.11%인 반면 거래량 변화율이 -50.21%로 수급 탄력이 약해 20거래일 방향성을 단정하기 어렵습니다.""]",-1.585820895522388,-6.063432835820896,-4.350333007994224,-14.014951426140374
000270,기아,2025-10-01,100600,Neutral,66,"[""PER 4.5, PBR 0.70, ROE 15.4%로 밸류에이션과 수익성은 양호하지만, 이것만으로 향후 20거래일 주가 상승을 강하게 단정하기는 어렵습니다."", ""최근 1개월 수익률이 -6.16%로 단기 모멘텀이 약하고, 현재 주가가 52주 최고가 대비 아직 여유가 있어도 추세 반전 신호는 제한적입니다."", ""2025년 2분기 매출은 전년동기 대비 +6.5% 증가했지만 영업이익은 -24.1% 감소해 실적의 질이 엇갈리며, 거래량 변화율 +52.30%는 변동성 확대 가능성을 시사합니다.""]",6.813819577735125,7.485604606525912,1.2024300008997209,-5.960767966525551
000270,기아,2025-11-03,117700,Sell,74,"[""주가가 52주 최고가의 94.2% 수준이고 최근 1개월 수익률이 17.47%로 단기 급등 후 고점권에 근접해 있어 20거래일 내 추가 상승 여력이 제한적입니다."", ""2025년 2분기 매출은 전년동기 대비 6.5% 증가했지만 영업이익은 24.1% 감소해 수익성 둔화가 확인되며, 이는 단기 주가 모멘텀에 부담입니다."", ""PER 5.3과 PBR 0.82는 저평가처럼 보이지만, 이미 최근 거래량이 48.96% 증가한 상태에서 실적 둔화가 동반되어 있어 추가 상승보다 차익실현 압력이 더 우세합니다.""]",1.3986013986013985,2.272727272727273,1.7710169318470534,5.349340547703374
000270,기아,2025-12-01,112300,Neutral,67,"[""PER 5.6, PBR 0.76, ROE 13.5%로 밸류에이션과 수익성은 양호하지만, 이는 이미 저평가·양호한 체력 신호일 뿐 20거래일 내 즉각적인 상승 촉매로는 부족합니다."", ""최근 1개월 수익률이 -6.34%이고 거래량 변화율도 -39.27%로, 단기 모멘텀과 수급이 약해 향후 20거래일 주가 방향을 강하게 상향으로 보기 어렵습니다."", ""2025 3분기 매출은 전년동기 대비 +8.2% 증가했지만 영업이익은 -49.2% 급감해 이익 모멘텀이 둔화되었고, 부채비율 66.8%와 영업현금흐름 +8.6조원은 안정적이지만 방향성 판단을 단정할 만큼 강한 상승·하락 근거는 아닙니다.""]",5.811965811965812,3.076923076923077,2.0917504389805446,-4.8005616349492275
105560,KB금융,2023-01-02,47600,Sell,78,"[""최근 1개월 수익률이 -11.03%로 단기 추세가 뚜렷하게 약세이며, 향후 20거래일에도 반등보다 추가 약세 가능성이 더 높습니다."", ""현재 주가는 52주 최고가 대비 크게 낮고 52주 내 현재 위치가 17.6%에 불과해, 강한 추세 회복 신호가 확인되지 않습니다."", ""거래량 변화율이 -8.09%로 수급 동력도 약해 보이며, 제공된 재무·실적 지표가 대부분 N/A라 상승 근거를 뒷받침할 추가 정보가 없습니다.""]",17.83893985728848,14.984709480122325,11.861061118578972,3.7077339811769914
105560,KB금융,2023-02-01,57400,Neutral,58,"[""최근 1개월 수익률이 18.35%로 단기 모멘텀은 강하지만, 이미 52주 최고가 대비 62.0% 위치까지 올라와 추가 상승 여력은 데이터상 제한적으로 보입니다."", ""거래량 변화율이 58.72%로 급증해 추세 지속 가능성을 시사하지만, 이는 단기 과열 신호일 수도 있어 향후 20거래일 방향을 단정하기 어렵습니다."", ""PER, PBR, ROE, 실적, 현금흐름, 부채비율이 모두 N/A 또는 해당없음으로 제공되어 펀더멘털 기반의 상승·하락 판단 근거가 부족합니다.""]",-3.900709219858156,-11.347517730496454,-4.412682260265137,-9.856558267096048
105560,KB금융,2023-03-02,50600,Sell,74,"[""최근 1개월 수익률이 -9.48%로 단기 추세가 뚜렷하게 약세이며, 향후 20거래일에도 반등보다 추가 조정 가능성이 더 높습니다."", ""현재 주가는 52주 최고가 대비 크게 낮고 52주 내 위치가 37.9%에 불과해, 강한 상승 추세 구간으로 보기 어렵습니다."", ""거래량 변화율이 -2.13%로 수급 개선 신호가 약해 단기 주가 모멘텀 회복 근거가 부족합니다.""]",-0.6,-4.7,0.9410740644800527,-6.541641071186272
105560,KB금융,2023-04-03,47300,Sell,74,"[""최근 1개월 수익률이 -5.40%로 단기 추세가 하락 방향이며, 향후 20거래일에도 약세 흐름이 이어질 가능성이 있습니다."", ""거래량 변화율이 -21.70%로 수급이 둔화된 상태라 반등 탄력이 강하게 붙기 어려운 환경입니다."", ""현재 주가는 52주 최고가 대비 낮고 52주 내 위치가 19.8%에 불과해, 제공된 데이터만 보면 상승 모멘텀보다 추가 하락 리스크가 더 우세합니다.""]",-1.6753926701570683,1.1518324607329842,-4.390560115561437,0.3096669383202597
105560,KB금융,2023-05-02,49500,Neutral,56,"[""현재가 49,500원은 52주 최고가 60,400원 대비 낮고 52주 내 위치가 34.7%로 중하단 구간이지만, 이것만으로 향후 20거래일 상승을 강하게 단정하기는 어렵습니다."", ""최근 1개월 수익률이 3.88%로 단기 반등 신호는 있으나, 거래량 변화율이 -12.04%로 수급 확장이 동반되지 않아 상승 지속 근거가 제한적입니다."", ""PER, PBR, ROE, 실적, 현금흐름, 부채비율 등 핵심 재무지표가 모두 N/A 또는 해당없음으로 제공되어 방향성을 판단할 정량 근거가 부족합니다.""]",1.8633540372670807,-1.7598343685300208,2.279121207651669,-5.755996517726472
105560,KB금융,2023-06-01,46800,Sell,74,"[""최근 1개월 수익률이 -5.45%로 단기 추세가 하락 방향이며, 향후 20거래일에도 약세 흐름이 이어질 가능성이 있습니다."", ""현재 주가는 52주 최고가 60,400원 대비 18.6% 수준에 머물러 있어 고점 대비 회복 모멘텀이 약한 상태입니다."", ""거래량 변화율이 4.04%로 크지 않아 하락 추세를 반전시킬 만큼의 강한 수급 개선 신호가 확인되지 않습니다.""]",2.73972602739726,2.528977871443625,1.6637503838877197,2.486307883437364
105560,KB금융,2023-07-03,48650,Neutral,56,"[""현재가가 52주 최고가 60,000원 대비 낮고 52주 내 위치가 30.4%로 중하단 구간이어서 단기 반등 여지는 있으나, 이것만으로 상승 추세를 확정하기는 어렵습니다."", ""최근 1개월 수익률이 3.95%로 플러스이지만 거래량 변화율이 -14.51%로 수급 강도가 약해 보여 20거래일 상승 근거가 강하지 않습니다."", ""PER, PBR, ROE, 실적, 현금흐름, 부채비율 등 핵심 재무·안정성 지표가 모두 제공되지 않아 방향성을 판단할 만한 근거가 제한적입니다.""]",-2.37603305785124,9.090909090909092,-1.1875904883165462,6.246667561743654
105560,KB금융,2023-08-01,52800,Buy,72,"[""최근 1개월 수익률이 8.53%로 양호해 단기 추세가 우상향으로 해석됩니다."", ""거래량 변화율이 26.96%로 증가해 최근 주가 움직임에 대한 시장 참여가 확대된 모습입니다."", ""52주 최고가 60,000원 대비 현재가 52,800원으로 아직 고점 대비 여지가 남아 있어 20거래일 내 추가 상승 가능성을 배제하기 어렵습니다.""]",-3.4220532319391634,2.8517110266159698,-2.9882626667884105,5.152520896402354
105560,KB금융,2023-09-01,53600,Neutral,56,"[""현재가가 52주 최고가 60,000원 대비 아직 60.7% 수준에 있어 추세적으로는 중립권이지만, 강한 상승 모멘텀이라고 보기에는 부족합니다."", ""최근 1개월 수익률이 1.90%로 플러스이긴 하나 크지 않고, 거래량 변화율이 -35.92%로 수급 강도가 약해 단기 상승 지속성을 확신하기 어렵습니다."", ""PER, PBR, ROE, 실적, 현금흐름 등 핵심 재무지표가 모두 제공되지 않아 향후 20거래일 방향을 우위 있게 판단할 근거가 제한적입니다.""]",2.2222222222222223,3.3333333333333335,3.29281478185543,10.136064950055786
105560,KB금융,2023-10-04,54700,Neutral,56,"[""현재가 54,700원은 52주 최고가 60,000원 대비 약 8.8% 낮아 단기 추가 상승 여력은 있으나, 52주 내 현재 위치 67.5%로 이미 중상단 구간에 있어 추격 매수 근거는 강하지 않습니다."", ""최근 1개월 수익률이 3.99%로 단기 모멘텀은 양호하고 거래량 변화율도 7.82%로 수급 개선 신호가 있으나, 상승 강도가 크지 않아 20거래일 방향성을 단정하기 어렵습니다."", ""PER, PBR, ROE, 실적, 현금흐름, 부채비율 등 핵심 펀더멘털 지표가 모두 N/A 또는 해당없음으로 제공되어, 제공된 데이터만으로는 상승·하락 우위를 명확히 판단할 근거가 부족합니다.""]",5.597014925373134,-1.8656716417910446,3.410711047856069,-0.3987054244503987
105560,KB금융,2023-11-01,51300,Sell,74,"[""최근 1개월 수익률이 -7.90%로 단기 추세가 이미 하락 방향을 보이고 있어 향후 20거래일에도 약세가 이어질 가능성이 높습니다."", ""현재 주가는 52주 최고가 60,000원 대비 낮고 52주 내 현재 위치가 40.8%에 불과해 고점 회복 모멘텀이 강하지 않습니다."", ""거래량 변화율이 9.27%로 증가했지만 가격은 하락 중이어서, 단기적으로는 매수세 유입보다 변동성 확대 또는 추가 조정 신호로 해석하는 것이 더 타당합니다.""]",4.705882352941177,2.7450980392156863,1.122625840257232,-5.456359845997196
105560,KB금융,2023-12-01,51900,Neutral,61,"[""PBR 0.36은 매우 낮아 밸류에이션 측면의 하방은 제한적으로 보이지만, 이것만으로 향후 20거래일 상승을 단정하기는 어렵습니다."", ""2023년 3분기 영업이익이 전년동기 대비 12.7% 증가하고 순이익도 1.3조원으로 양호해 실적 모멘텀은 있으나, 최근 1개월 수익률이 1.76%로 강한 추세 상승은 확인되지 않습니다."", ""52주 최고가 대비 현재 위치가 40.0%로 고점 대비 여유가 있고 거래량 변화율이 -6.38%로 수급 확장이 약해, 단기 방향성을 강하게 지지하는 근거가 부족합니다.""]",0.1941747572815534,0.3883495145631068,-0.2197499728323777,-2.477313818703963
105560,KB금융,2024-01-02,53600,Neutral,61,"[""PBR 0.37로 장부가 대비 매우 낮아 밸류에이션 측면의 하방은 제한적일 수 있지만, 이것만으로 20거래일 내 상승을 강하게 뒷받침하진 못합니다."", ""최근 1개월 수익률이 +3.67%로 단기 모멘텀은 양호하나, 거래량 변화율이 -7.56%로 수급 확산이 확인되지 않아 추세 지속 신호는 약합니다."", ""2023년 3분기 영업이익이 전년동기 대비 +12.7% 증가하고 순이익도 +1.3조원으로 실적은 견조하지만, 현재가가 52주 범위의 중간 수준(52.6%)이라 단기 방향성을 단정하기 어렵습니다.""]",-2.4714828897338403,7.604562737642586,0.0341646934074018,11.831908162620813
105560,KB금융,2024-02-01,61300,Sell,78,"[""현재가가 52주 최고가와 동일하고 52주 내 현재 위치가 100.0%로, 단기적으로는 추가 상승 여력보다 차익실현 압력이 커질 수 있는 구간입니다."", ""최근 1개월 수익률이 16.54%로 이미 빠르게 상승했고 거래량 변화율도 79.35%로 급증해 단기 과열 이후 조정 가능성을 시사합니다."", ""3분기 영업이익은 전년동기 대비 +12.7%로 양호하지만, PBR 0.43과 부채비율 1117.4% 등 재무지표가 혼재되어 있어 향후 20거래일 내 추가 상승을 강하게 지지하기 어렵습니다.""]",5.128205128205128,5.279034690799397,3.8155500318685585,4.278006132043462
105560,KB금융,2024-03-04,69000,Sell,78,"[""현재가 69,000원이 52주 최고가 69,700원의 97.0% 수준으로 이미 고점권에 위치해 있어 향후 20거래일 내 추가 상승 여력이 제한적으로 보입니다."", ""최근 1개월 수익률이 23.43%로 단기간 급등했고 거래량 변화율도 113.51%로 높아, 단기 과열 이후 되돌림 가능성이 상대적으로 큽니다."", ""2023년 3분기 영업이익은 전년동기 대비 +12.7%로 양호하지만, PBR 0.48과 부채비율 1117.4% 등 재무지표가 혼재되어 있어 현재 가격 수준을 추가로 정당화할 강한 상승 근거는 부족합니다.""]",5.323741007194244,-0.8633093525179856,4.100445166626574,-4.779667773292491
105560,KB금융,2024-04-01,68400,Buy,74,"[""PER 5.9와 PBR 0.47은 절대적으로 낮은 밸류에이션으로, 현재가가 자산가치와 이익 대비 크게 할인되어 있어 20거래일 내 하방보다 반등 여지가 더 큽니다."", ""2023년 영업이익이 6.4조원으로 전년 대비 21.7% 증가했고 순이익도 4.6조원으로 이익 체력이 개선되어 있어 단기 주가의 기본 방향을 지지합니다."", ""최근 1개월 수익률이 7.72%로 이미 상승 추세가 형성됐고 52주 최고가 대비 현재 위치가 68.2% 수준이라 추가 상승 여력이 남아 있으나, 거래량 변화율 -30.70%는 상승 강도의 불확실성을 일부 남깁니다.""]",0.29027576197387517,4.934687953555878,2.033726923548212,7.459423166910705
105560,KB금융,2024-05-02,72300,Buy,74,"[""PER 6.2와 PBR 0.50은 절대적으로 낮은 밸류에이션으로, 현재 주가가 실적 대비 과도하게 비싸지 않아 추가 상승 여지가 있습니다."", ""2023년 영업이익이 6.4조원으로 전년 대비 21.7% 증가했고 순이익도 4.6조원으로 견조해, 최근 실적 모멘텀이 주가를 지지할 가능성이 있습니다."", ""최근 1개월 수익률이 +5.70%이고 52주 최고가 대비 현재 위치가 80.4%로 추세가 완전히 꺾이지 않았으나, 거래량 변화율 -25.53%는 단기 탄력 둔화를 시사해 상승 확신은 제한적입니다.""]",10.719131614654003,5.291723202170964,8.82944196759782,5.834569990856744
105560,KB금융,2024-06-03,79300,Sell,72,"[""현재가 79,300원은 52주 최고가 81,600원 대비 매우 근접해 52주 내 현재 위치가 93.5%로, 단기적으로 추가 상승 여력이 제한적입니다."", ""최근 1개월 수익률이 +4.89%로 이미 단기 상승이 진행된 반면 거래량 변화율이 -8.99%로 수급 확장이 확인되지 않아 추세 지속 신호가 약합니다."", ""PER 6.8과 PBR 0.54은 저평가처럼 보이지만, 향후 20거래일 판단에서는 1분기 실적 개선(+10.1% 영업이익 증가)이 이미 주가에 상당 부분 반영됐을 가능성이 높아 상승 근거보다 단기 조정 위험이 더 큽니다.""]",1.9329896907216495,8.762886597938143,-0.5488855205777072,3.807775970989482
105560,KB금융,2024-07-01,79600,Sell,74,"[""현재가 79,600원은 52주 최고가 81,600원 대비 매우 근접해 52주 내 위치가 94.3%로 높아, 향후 20거래일 내 추가 상승 여력이 제한적입니다."", ""최근 1개월 수익률이 1.14%로 상승 탄력이 약한 반면 거래량 변화율이 -20.08%로 수급이 둔화되어 단기 추세 지속성을 뒷받침하지 못합니다."", ""PER 6.9와 PBR 0.54는 저평가처럼 보이지만, 이미 주가가 고점권에 있고 1분기 실적 개선(+10.1%)이 단기 주가 상승으로 이어질 만큼 강한 모멘텀은 아니어서 보수적으로 하락 가능성을 더 크게 봅니다.""]",2.403846153846154,7.331730769230769,-0.7074215834725162,8.866148179672146
105560,KB금융,2024-08-01,88300,Sell,74,"[""현재가 88,300원은 52주 최고가 90,800원 대비 94.2% 수준으로 고점 부근에 위치해 있어, 향후 20거래일 내 추가 상승 여력이 제한적입니다."", ""최근 1개월 수익률이 +4.62%로 이미 단기 상승이 진행됐고 거래량 변화율도 +4.06%에 그쳐, 강한 추세 확장 신호보다는 단기 과열 후 둔화 가능성이 더 큽니다."", ""PER 7.6과 PBR 0.60은 저평가처럼 보이지만, 금융업 특성상 이미 반영된 수준일 수 있고 ROE 7.9%는 강한 재평가를 이끌 만큼 높지 않아 단기 주가 상승 근거가 약합니다.""]",-1.5625,5.408653846153847,1.7167888397311182,5.228920718087456
105560,KB금융,2024-09-02,87700,Neutral,66,"[""PER 7.6배와 PBR 0.59배는 밸류에이션 부담이 낮아 하방을 완전히 강하게 지지하지는 않지만, 이미 52주 최고가의 92.5% 수준에 있어 추가 상승 여력은 제한적으로 보입니다."", ""2024년 2분기 영업이익이 전년동기 대비 12.2% 증가해 실적 모멘텀은 양호하지만, 최근 1개월 수익률이 -0.68%이고 거래량 변화율도 -16.24%로 단기 수급은 약합니다."", ""ROE 7.8%는 무난한 수준이나, 부채비율 1140.7%는 금융업 특성을 감안해도 수치상 부담이 커 보여 20거래일 방향성을 강하게 단정하기 어렵습니다.""]",-4.712643678160919,2.7586206896551726,0.5864034690978093,5.3957598046542525
105560,KB금융,2024-10-02,81300,Neutral,66,"[""PER 7.0, PBR 0.55로 밸류에이션은 낮지만, 이는 이미 저평가가 반영된 상태일 수 있어 향후 20거래일 주가 상승의 직접 근거로는 제한적입니다."", ""2024 2분기 영업이익이 전년동기 대비 12.2% 증가하고 순이익도 1.7조원으로 양호해 실적 모멘텀은 있으나, 최근 1개월 수익률이 -5.24%로 단기 주가 흐름은 약합니다."", ""현재 주가가 52주 최고가 대비 77.1% 수준으로 고점 부담은 크지 않지만, 거래량 변화율 27.15%와 부채비율 1140.7%는 방향성을 단정하기에 불확실성을 남깁니다.""]",17.675544794188863,9.806295399515738,15.590484612300637,9.056794483069924
105560,KB금융,2024-11-01,91800,Neutral,66,"[""PER 7.9, PBR 0.62로 밸류에이션은 낮지만, 이는 이미 저평가가 상당 부분 반영됐을 가능성도 있어 향후 20거래일 상승 여력의 직접 근거로는 제한적입니다."", ""최근 1개월 수익률이 +13.47%로 단기 상승 모멘텀은 있으나, 거래량 변화율이 -0.82%로 수급 확장이 확인되지 않아 추가 상승 지속성은 불확실합니다."", ""2024년 2분기 영업이익이 전년동기 대비 +12.2% 증가해 실적은 양호하지만, 현재가가 52주 최고가의 82.2% 수준으로 단기적으로는 추세 연장과 차익실현 압력이 균형을 이룹니다.""]",2.2050716648291067,6.284454244762955,4.418693298142739,11.47918419528381
105560,KB금융,2024-12-02,96400,Neutral,66,"[""PER 8.3, PBR 0.65로 밸류에이션은 낮지만, 이는 이미 저평가가 상당 부분 반영됐을 가능성이 있어 20거래일 내 추가 상승 근거로는 제한적입니다."", ""최근 1개월 수익률이 +5.01%이고 현재가가 52주 최고가의 91.1% 수준이라 단기 추세는 우호적이지만, 거래량 변화율 -24.07%로 상승 탄력이 약해 보입니다."", ""2024년 3분기 영업이익이 전년동기 대비 +21.1% 증가해 실적 모멘텀은 긍정적이나, 부채비율 1144.1%는 금융업 특성상 해석에 주의가 필요해 방향성을 단정하기 어렵습니다.""]",-17.687747035573125,-17.193675889328063,-14.397478646308704,-14.866568973604698
105560,KB금융,2025-01-02,83400,Neutral,61,"[""PER 7.2, PBR 0.56, ROE 7.8%는 밸류에이션 부담이 낮고 수익성도 무난하지만, 이것만으로 향후 20거래일 주가 상승을 강하게 뒷받침하진 않습니다."", ""최근 1개월 수익률이 -13.31%로 단기 추세가 약한 반면 거래량 변화율이 79.45%로 커져 있어, 하락 추세 지속과 반등 가능성이 동시에 존재합니다."", ""2024 3분기 영업이익이 전년동기 대비 +21.1% 증가했지만, 부채비율 1144.1%는 재무 안정성 측면에서 부담으로 작용해 방향성을 단정하기 어렵습니다.""]",4.77326968973747,1.3126491646778042,1.7486005769082156,-2.570770439568032
105560,KB금융,2025-02-03,88800,Neutral,66,"[""PER 7.7과 PBR 0.60은 밸류에이션 부담이 낮아 하방은 제한적일 수 있지만, 이것만으로 향후 20거래일 상승을 강하게 뒷받침하진 않습니다."", ""2024년 3분기 영업이익이 전년동기 대비 21.1% 증가해 실적 모멘텀은 긍정적이나, 금융업 특성상 매출·영업현금흐름 정보가 없어 단기 주가 방향성을 단정하기 어렵습니다."", ""최근 1개월 수익률이 +3.86%로 우상향이지만 거래량 변화율이 -56.79%로 수급 동력이 약해 보여, 상승과 조정 가능성이 균형을 이룹니다.""]",-7.776560788608982,-16.10076670317634,-10.087888956107747,-19.180925788315903
105560,KB금융,2025-03-04,77900,Neutral,66,"[""PER 6.7, PBR 0.52로 밸류에이션은 낮아 하방은 제한적일 수 있지만, 이것만으로 향후 20거래일 주가 상승을 강하게 뒷받침하진 않습니다."", ""최근 1개월 수익률이 -15.05%로 단기 모멘텀이 약하고, 52주 최고가 대비 현재 위치도 40.1%에 불과해 추세 반전 여부가 아직 불확실합니다."", ""2024년 3분기 영업이익이 전년동기 대비 +21.1% 증가해 실적은 양호하지만, 부채비율 1144.1%와 거래량 변화율 93.79%는 방향성을 단정하기에 혼재된 신호입니다.""]",0.39164490861618795,5.091383812010443,-0.26078479589453096,7.134673246089243
105560,KB금융,2025-04-01,79600,Buy,74,"[""PER 6.2배와 PBR 0.52배는 절대 밸류에이션이 낮아 20거래일 기준으로도 추가 하락보다 저평가 해소 기대가 우세합니다."", ""2024년 영업이익이 8.0조원으로 전년 대비 26.0% 증가했고 순이익도 5.0조원으로 실적 모멘텀이 확인됩니다."", ""현재 주가는 52주 최고가 대비 43.3% 수준에 머물러 있고 최근 1개월 수익률도 +1.66%로 과열이 아니라 완만한 회복 구간이며, 다만 거래량 감소(-23.14%)는 상승 탄력의 불확실성을 남깁니다.""]",-11.925465838509316,12.049689440993788,-3.4589114420146885,10.024436633574378
105560,KB금융,2025-05-02,93200,Neutral,66,"[""PER 7.2와 PBR 0.61은 밸류에이션 부담이 낮아 하방을 완전히 강하게 지지하지는 않지만, 이것만으로 20거래일 내 추가 상승을 단정하기는 어렵습니다."", ""최근 1개월 수익률이 15.78%로 단기 상승 모멘텀은 존재하나, 거래량 변화율이 -6.00%로 추세 지속을 뒷받침하는 수급 강도는 약합니다."", ""52주 최고가 대비 78.7% 위치에 있고 연간 영업이익은 +26.0% 증가했지만, 이미 상당 부분 회복된 상태라 단기적으로는 상승·조정 가능성이 혼재되어 방향성을 확신하기 어렵습니다.""]",-0.2136752136752137,13.568376068376068,-2.807893878684149,4.311635062858935
105560,KB금융,2025-06-02,100000,Neutral,67,"[""PER 6.8과 PBR 0.65는 밸류에이션 부담이 낮아 하방을 완전히 지지하지는 않지만, 이미 현재가가 52주 최고가의 87.3% 수준이라 추가 상승 여력은 제한적으로 보입니다."", ""최근 1개월 수익률이 +13.90%로 단기 모멘텀은 양호하지만, 거래량 변화율이 -2.40%로 상승 추세의 확산 강도는 약합니다."", ""2025년 1분기 영업이익이 +2.3조원으로 유지됐으나 전년동기 대비 -2.2% 감소했고, 순이익은 양호하나 향후 20거래일 방향을 단정할 만큼 강한 개선 신호는 아닙니다.""]",-1.8535681186283595,8.341056533827619,-7.237855915830654,-4.125560087846669
105560,KB금융,2025-07-01,110800,Sell,74,"[""현재가 110,800원은 52주 최고가 112,300원의 96.4% 수준으로 이미 고점권에 근접해 있어, 향후 20거래일 내 추가 상승 여력이 제한적으로 보입니다."", ""최근 1개월 수익률이 7.89%로 단기 상승이 선반영된 상태이며, 거래량 변화율 37.41%는 단기 과열 또는 이벤트성 수급 가능성을 시사합니다."", ""2025년 1분기 영업이익이 전년동기 대비 -2.2% 감소했고, 부채비율 1181.0%는 재무 안정성 측면에서 부담 요인으로 작용할 수 있습니다.""]",4.317180616740088,-0.6167400881057269,2.408925168065921,-6.451097791695246
105560,KB금융,2025-08-01,106000,Neutral,61,"[""PER 7.2와 PBR 0.69은 밸류에이션 부담이 낮아 하방을 완전히 강하게 지지하지는 않지만, 이것만으로 향후 20거래일 상승을 단정할 근거도 부족합니다."", ""최근 1개월 수익률이 -9.32%이고 거래량 변화율도 -15.86%로 약세 추세와 수급 둔화가 동시에 나타나 단기 모멘텀은 부정적입니다."", ""2025년 1분기 순이익 1.7조원과 ROE 9.6%는 실적 체력이 나쁘지 않음을 보여주지만, 영업이익이 전년동기 대비 -2.2% 감소했고 부채비율 1181.0%는 재무 안정성 해석에 불확실성을 남깁니다.""]",3.9667896678966788,0.36900369003690037,2.091799595622833,-0.4125069127746288
105560,KB금융,2025-09-01,107100,Neutral,61,"[""PER 7.2와 PBR 0.69은 밸류에이션 부담이 낮아 하방을 완전히 강하게 보기는 어렵지만, 이것만으로 20거래일 내 상승을 단정할 근거도 충분하지 않습니다."", ""최근 1개월 수익률이 -3.43%이고 거래량 변화율도 -32.57%로 수급과 모멘텀이 약해 단기 주가 탄력이 둔화된 상태로 보입니다."", ""2025년 2분기 영업이익이 2.1조원으로 유지됐지만 전년동기 대비 -7.4% 감소했고, 현재가가 52주 최고가 대비 71.1% 수준이라 방향성은 있으나 상승·하락 근거가 혼재합니다.""]",1.0110294117647058,6.158088235294118,-1.7534827007071299,-1.7934303550253619
105560,KB금융,2025-10-01,116300,Neutral,62,"[""PER 7.8, PBR 0.75, ROE 9.6%는 밸류에이션과 수익성 측면에서 무난하지만, 이것만으로 향후 20거래일 내 추가 상승을 강하게 뒷받침하진 않습니다."", ""최근 1개월 수익률이 6.89%로 단기 모멘텀은 양호하고 거래량도 10.14% 증가했지만, 52주 최고가 대비 현재 위치가 88.9%로 이미 상단 구간에 있어 추격 매수 근거는 제한적입니다."", ""2025년 2분기 영업이익이 2.1조원으로 규모는 크지만 전년동기 대비 7.4% 감소했고, 부채비율 1180.7%는 금융업 특성을 감안해도 수치상 부담 요인으로 해석될 수 있어 방향성을 단정하기 어렵습니다.""]",-2.654109589041096,7.277397260273973,-8.2654991658765,-6.16897531277749
105560,KB금융,2025-11-03,118000,Neutral,66,"[""PER 7.9, PBR 0.76으로 밸류에이션은 낮은 편이지만, 이것만으로 향후 20거래일 내 추가 상승을 강하게 뒷받침하기에는 근거가 제한적입니다."", ""주가는 52주 최고가 122,000원 대비 118,000원으로 92.2% 위치에 있어 단기적으로는 상단 저항에 근접해 있으며, 최근 1개월 수익률 4.70%와 거래량 변화율 16.89%는 상승 모멘텀을 시사하지만 강도가 압도적이지는 않습니다."", ""2025년 2분기 영업이익이 2.1조원으로 전년동기 대비 -7.4% 감소해 실적 모멘텀은 다소 약화되었고, 순이익은 양호하나 단기 주가 방향을 단정할 만큼 일관된 상승 근거는 아닙니다.""]",7.219031993437245,8.285479901558656,7.5914475266829,11.362093176534756
105560,KB금융,2025-12-01,126300,Neutral,66,"[""PER 8.3배와 PBR 0.81배는 밸류에이션 부담이 크지 않고 ROE 9.8%도 양호해 중기적으로는 하방을 완전히 강하게 보기는 어렵습니다."", ""최근 1개월 수익률이 8.32%이고 거래량 변화율도 19.80%로 단기 모멘텀은 살아 있으나, 52주 내 현재 위치가 86.9%로 이미 고점권에 가까워 추가 상승 여력은 제한적으로 보입니다."", ""2025년 3분기 영업이익이 2.3조원으로 흑자이지만 전년동기 대비 -1.3% 감소했고, 부채비율 1197.1%는 금융업 특성을 감안해도 수치상 부담 요인이라 20거래일 방향성을 단정하기 어렵습니다.""]",-4.545454545454546,-6.59090909090909,-8.265669918439812,-14.468393802781396
055550,신한지주,2023-01-02,34300,Sell,78,"[""최근 1개월 수익률이 -10.56%로 단기 추세가 뚜렷하게 약세이며, 향후 20거래일에도 반등보다 추가 하락 가능성이 더 높습니다."", ""현재 주가는 52주 최고가 43,200원 대비 크게 낮고 52주 최저가 33,400원에 매우 근접해 있어, 기술적으로도 하방 압력이 우세한 구간입니다."", ""거래량 변화율이 -5.19%로 수급이 둔화된 모습이며, 제공된 재무·실적 지표가 대부분 N/A라 상승 근거를 확인하기 어렵습니다.""]",16.857142857142858,17.857142857142858,10.87926411843335,6.580167358197524
055550,신한지주,2023-02-01,42450,Sell,72,"[""최근 1개월 수익률이 20.60%로 단기간 급등해 향후 20거래일 내 차익실현 압력이 커질 가능성이 있습니다."", ""현재 주가가 52주 최고가 44,900원 대비 78.7% 수준으로 고점권에 근접해 추가 상승 여력이 제한적으로 보입니다."", ""거래량 변화율이 89.65%로 급증해 단기 과열 신호로 해석될 수 있으며, 제공된 재무지표는 적자 및 N/A로 상승을 뒷받침할 фундамент적 근거가 부족합니다.""]",-3.0303030303030303,-10.181818181818182,-3.5422760707100114,-8.690858718417775
055550,신한지주,2023-03-02,37700,Sell,74,"[""최근 1개월 수익률이 -9.27%로 단기 추세가 이미 약세이며, 향후 20거래일에도 반등보다 약세 연장이 더 우세한 흐름으로 해석됩니다."", ""거래량 변화율이 -20.26%로 감소해 하락 구간에서 수급 동력이 약하고, 추세 전환을 뒷받침할 매수세가 확인되지 않습니다."", ""현재 주가가 52주 최고가 대비 낮고 52주 내 위치가 37.4%에 불과해 중립적 박스 상단 돌파 근거가 약하며, 제공된 재무·실적 지표도 N/A로 상승 근거를 보강하지 못합니다.""]",-3.3738191632928474,-4.588394062078273,-1.8327450988127947,-6.430035133264545
055550,신한지주,2023-04-03,34550,Sell,74,"[""현재가 34,550원은 52주 최고가 44,900원 대비 크게 낮고, 52주 내 현재 위치가 10.0%로 하단 구간에 있어 추세적으로 약세 국면에 가깝습니다."", ""최근 1개월 수익률이 -6.75%로 부진해 단기 모멘텀이 약하며, 향후 20거래일 내 반등보다 약세 지속 가능성을 더 높게 봅니다."", ""거래량 변화율이 5.79%로 급격한 추세 전환을 뒷받침할 만큼 강하지 않고, PER·PBR·ROE·현금흐름 등 핵심 펀더멘털 지표도 제공되지 않아 상승 근거가 부족합니다.""]",-1.422475106685633,-0.8534850640113799,-4.137642552090002,-1.6956505864241045
055550,신한지주,2023-05-02,35450,Neutral,56,"[""현재가 35,450원은 52주 최저가 33,400원에 매우 근접해 있어 추가 하락 여력보다 기술적 반등 가능성도 함께 존재합니다."", ""52주 내 현재 위치가 17.8%로 연중 저점권에 머물러 있으나, 최근 1개월 수익률이 0.28%로 방향성이 거의 없고 추세 강도도 약합니다."", ""거래량 변화율이 -35.05%로 수급이 위축된 상태라 상승·하락 어느 쪽도 강하게 확정하기 어려워 20거래일 방향성 판단은 불명확합니다.""]",1.291248206599713,0.2869440459110474,1.7070153769843013,-3.7092181032854037
055550,신한지주,2023-06-01,34700,Neutral,58,"[""현재 주가는 52주 최저가 33,400원에 매우 근접해 52주 내 위치가 11.3%로 낮아 추가 하락 여지는 제한적일 수 있지만, 이것만으로 상승 전환을 단정하기는 어렵습니다."", ""최근 1개월 수익률이 -0.72%로 약세이며, 단기 방향성이 뚜렷한 상승 신호를 보여주지 못합니다."", ""거래량 변화율이 23.44%로 높아 수급 변화 가능성은 있으나, 재무지표와 실적 지표가 대부분 N/A로 제공되어 향후 20거래일 방향을 강하게 판단할 근거가 부족합니다.""]",0.8583690987124464,-1.2875536480686696,-0.21760654479709407,-1.3302236360749307
055550,신한지주,2023-07-03,34500,Sell,72,"[""현재가 34,500원은 52주 최저가 33,400원에 매우 근접해 52주 내 현재 위치가 9.6%로 낮아, 단기적으로 추가 약세 압력이 남아 있는 구간으로 해석됩니다."", ""최근 1개월 수익률이 -0.58%로 부진하고 거래량 변화율도 -28.19%로 감소해, 상승 추세를 뒷받침할 수급 개선 신호가 약합니다."", ""PER, PBR, ROE, 영업이익, 순이익, 현금흐름 등 핵심 재무·수익성 지표가 모두 제공되지 않거나 N/A로, 향후 20거래일 내 상승을 지지할 근거가 부족합니다.""]",-2.785923753665689,5.425219941348973,-1.5974811841309953,2.5809784121835353
055550,신한지주,2023-08-01,35950,Neutral,56,"[""현재 주가는 52주 최고가 대비 낮고 52주 내 위치가 27.8%로 중하단 구간이지만, 이것만으로 향후 20거래일 상승을 단정할 근거는 부족합니다."", ""최근 1개월 수익률이 4.20%로 단기 모멘텀은 양호하고 거래량 변화율도 20.57%로 증가해 수급 개선 신호는 있으나, 추세 강도가 충분히 검증되지는 않았습니다."", ""PER, PBR, ROE, 실적, 현금흐름, 부채비율이 모두 N/A 또는 해당없음으로 제시되어 있어 펀더멘털 기반의 방향성 판단이 어렵습니다.""]",-1.4044943820224718,-0.1404494382022472,-0.9707038168717186,2.1603604315841376
055550,신한지주,2023-09-01,35450,Neutral,56,"[""현재 주가는 52주 최고가 대비 크게 낮고(52주 내 현재 위치 23.8%), 단기적으로는 반등 여지가 있으나 방향성을 강하게 지지할 만큼의 추세 신호는 아닙니다."", ""최근 1개월 수익률이 -0.42%로 사실상 횡보에 가깝고, 거래량 변화율이 -25.32%로 수급 모멘텀이 약해 상승·하락 어느 쪽도 강하게 확정하기 어렵습니다."", ""PER, PBR, ROE, 실적, 현금흐름 등 핵심 펀더멘털 지표가 모두 제공되지 않거나 N/A라서 20거래일 방향을 판단할 근거가 제한적입니다.""]",2.100840336134454,-0.9803921568627451,3.1714328957676616,5.822339459859708
055550,신한지주,2023-10-04,35050,Neutral,58,"[""현재 주가는 52주 최고가 44,900원 대비 크게 낮고 52주 내 위치가 20.6%로 저점권에 가까워 기술적으로는 반등 여지가 있으나, 이것만으로 상승 추세를 확정하기는 어렵습니다."", ""최근 1개월 수익률이 -0.99%로 약세이며 거래량 변화율도 0.43%에 그쳐 단기 모멘텀이나 수급 개선 신호가 뚜렷하지 않습니다."", ""PER, PBR, ROE, 실적, 현금흐름 등 핵심 재무·수익성 지표가 모두 N/A 또는 해당없음으로 제공되어 향후 20거래일 방향성을 판단할 만한 근거가 제한적입니다.""]",3.498542274052478,1.749271137026239,1.3122383965354127,3.2162373543668847
055550,신한지주,2023-11-01,35000,Neutral,56,"[""현재가 35,000원은 52주 최고가 44,900원 대비 크게 낮고 52주 내 현재 위치가 20.2%로 하단 구간에 있어 단기 반등 여지는 있으나, 이것만으로 상승 우위를 확정하기는 어렵습니다."", ""최근 1개월 수익률이 -1.69%로 약세이고 거래량 변화율도 -10.57%로 수급 모멘텀이 약해 향후 20거래일 방향성을 강하게 지지하지 않습니다."", ""PER, PBR, ROE, 실적, 현금흐름, 부채비율 등 핵심 판단 지표가 모두 N/A 또는 해당없음으로 제공되어 상승·하락 근거가 충분히 형성되지 않아 Neutral이 적절합니다.""]",0.8695652173913043,6.956521739130435,-2.7136912952926404,-1.2449361460824475
055550,신한지주,2023-12-01,36400,Neutral,61,"[""현재 주가는 52주 최고가 대비 크게 낮고(52주 내 현재 위치 31.4%), 최근 1개월 수익률도 +5.51%로 단기 반등 흐름은 있으나 상승 추세가 강하다고 보긴 어렵습니다."", ""PBR 0.36은 저평가 신호로 해석될 수 있지만, PER·ROE가 모두 유효하지 않아 수익성 기반의 추가 상승 근거를 확인하기 어렵습니다."", ""2023년 3분기 영업이익과 순이익은 흑자이나 영업이익이 전년동기 대비 -1.1% 감소했고, 거래량 변화율 -3.58%로 수급 확장도 뚜렷하지 않아 20거래일 방향성을 확신하기 어렵습니다.""]",-0.40816326530612246,1.4965986394557822,-0.8220879954200535,-1.3690646938112874
055550,신한지주,2024-01-02,39350,Neutral,61,"[""최근 1개월 수익률이 +8.40%로 단기 모멘텀은 양호하지만, 거래량 변화율이 -0.97%로 상승 추세의 강도는 크지 않습니다."", ""현재 주가는 52주 최고가 대비 아직 여유가 있고(52주 내 현재 위치 55.2%), PBR 0.39로 저평가 신호는 있으나 이것만으로 20거래일 내 추가 상승을 단정하기는 어렵습니다."", ""2023년 3분기 영업이익과 순이익은 흑자이지만 영업이익이 전년동기 대비 -1.1% 감소했고, 부채비율 1123.1%는 재무 안정성 측면에서 부담 요인입니다.""]",-3.034300791556728,7.783641160949868,-0.528653208415486,12.010986585928094
055550,신한지주,2024-02-01,42500,Neutral,66,"[""최근 1개월 수익률이 12.14%로 단기 모멘텀은 양호하지만, 현재 주가가 52주 최고가의 80.7% 수준까지 올라와 추가 상승 여력은 제한적으로 보입니다."", ""PBR 0.42는 저평가 신호로 해석될 수 있으나, PER가 해당없음(적자)이고 ROE도 N/A로 수익성의 질을 확인하기 어려워 상승 근거가 충분히 강하지 않습니다."", ""2023년 3분기 영업이익은 +1.7조원, 순이익은 +1.2조원으로 흑자이지만 영업이익이 전년동기 대비 -1.1% 감소했고, 부채비율 1123.1%는 재무 안정성 측면에서 부담 요인입니다.""]",-1.7660044150110374,0.6622516556291391,-3.0786595113476065,-0.33877690312679554
055550,신한지주,2024-03-04,44200,Neutral,61,"[""주가는 52주 최고가 45,300원 대비 91.4% 수준이고 최근 1개월 수익률이 +10.64%로 단기 상승 모멘텀은 있으나, 이미 고점 부근에 위치해 추가 상승 여력은 제한적으로 보입니다."", ""PBR 0.43은 저평가 신호로 해석될 수 있지만, PER은 적자로 표시되고 ROE와 영업현금흐름이 제공되지 않아 수익성·현금창출력 기반의 상승 근거가 충분하지 않습니다."", ""2023년 3분기 영업이익은 +1.7조원, 순이익은 +1.2조원으로 흑자이나 전년동기 대비 영업이익이 -1.1% 감소했고, 부채비율 1123.1%는 재무 안정성 측면에서 부담 요인입니다.""]",3.2917139614074915,1.9296254256526675,2.068418120839821,-1.9867329951218382
055550,신한지주,2024-04-01,45550,Buy,72,"[""PER 5.7과 PBR 0.41은 절대적으로 낮은 수준으로, 현재 주가가 이익과 자산가치 대비 크게 할인되어 있어 하방보다 상방 여지가 더 큽니다."", ""최근 1개월 수익률이 4.59%로 플러스이고 거래량 변화율도 26.38%로 증가해 단기 모멘텀이 우호적인 편입니다."", ""52주 최고가 51,500원 대비 현재가 45,550원은 아직 고점 회복 여지가 남아 있고, 2023년 순이익 4.5조원과 영업이익 증가(+3.3%)도 실적 측면에서 주가를 지지합니다.""]",-2.89532293986637,2.0044543429844097,-1.1518717782920331,4.529189556339237
055550,신한지주,2024-05-02,45800,Neutral,61,"[""PER 5.7과 PBR 0.42는 절대적으로 저평가처럼 보이지만, 저평가만으로 향후 20거래일 내 주가 상승을 단정할 근거는 부족합니다."", ""최근 1개월 수익률이 0.55%로 거의 정체되어 있고, 거래량 변화율이 -48.94%로 수급 모멘텀이 약해 단기 상승 탄력이 강하지 않습니다."", ""52주 내 현재 위치가 70.0%로 고점권에 가까운 편이지만 52주 최고가 51,500원 대비 아직 여지가 있어 상승·하락 근거가 혼재되어 방향성을 확신하기 어렵습니다.""]",2.798708288482239,-2.2604951560818085,0.9090186414260555,-1.7176483673960283
055550,신한지주,2024-06-03,47000,Neutral,61,"[""PER 5.8과 PBR 0.44는 밸류에이션 부담이 낮아 하방은 제한적일 수 있지만, 이것만으로 향후 20거래일 상승을 강하게 뒷받침하진 않습니다."", ""2024년 1분기 영업이익이 전년동기 대비 17.8% 증가했고 순이익도 1.3조원으로 양호해 실적 모멘텀은 존재합니다."", ""다만 최근 1개월 수익률이 0.75%로 약하고 거래량 변화율이 -33.54%로 수급이 둔화되어 있어 단기 주가 방향성을 확신하기 어렵습니다.""]",5.286343612334802,12.555066079295155,2.8044684010354453,7.599955452346494
055550,신한지주,2024-07-01,47850,Neutral,66,"[""PER 6.0과 PBR 0.45는 밸류에이션 측면에서 저평가 신호지만, 이것만으로 향후 20거래일 내 주가 상승을 단정하기에는 부족합니다."", ""최근 1개월 수익률이 +4.02%로 단기 모멘텀은 양호하나, 거래량 변화율이 -18.40%로 상승 추세의 강도는 약해 보입니다."", ""2024 1분기 영업이익이 전년동기 대비 +17.8% 증가했지만, 현재가가 52주 최고가의 80.8% 수준에 있어 추가 상승 여력과 단기 조정 가능성이 함께 존재합니다.""]",4.040404040404041,20.2020202020202,0.9291363030853703,21.73643761246158
055550,신한지주,2024-08-01,60700,Sell,74,"[""현재가가 52주 최고가 60,700원과 정확히 일치하고 52주 내 위치가 100.0%로, 단기적으로는 상승 여력이 제한되고 차익실현 압력이 커질 수 있습니다."", ""최근 1개월 수익률이 18.79%로 이미 빠르게 상승했으며 거래량 변화율도 29.25%로 높아 단기 과열 이후 조정 가능성을 배제하기 어렵습니다."", ""PER 7.5와 PBR 0.57은 저평가처럼 보이지만, 향후 20거래일 방향 판단에서는 1분기 실적 개선(+17.8% 영업이익)보다 이미 반영된 주가 위치와 단기 모멘텀 둔화 가능성이 더 중요합니다.""]",-5.42907180385289,-1.4010507880910683,-2.1497829641217714,-1.580783916157459
055550,신한지주,2024-09-02,56300,Neutral,61,"[""PER 7.0과 PBR 0.53은 밸류에이션 측면에서 저평가 가능성을 시사하지만, 이것만으로 향후 20거래일 주가 상승을 강하게 단정하기는 어렵습니다."", ""최근 1개월 수익률이 -7.25%이고 거래량 변화율도 -13.27%로, 단기 모멘텀과 수급이 약한 흐름입니다."", ""2024년 2분기 영업이익은 전년동기 대비 +6.7% 증가했지만, 영업현금흐름 -2.7조원과 높은 부채비율 1163.3%는 단기 방향성 판단을 불명확하게 만듭니다.""]",-1.048951048951049,-3.146853146853147,4.250096098307679,-0.5097140318540672
055550,신한지주,2024-10-02,55900,Neutral,61,"[""PER 7.0과 PBR 0.52는 밸류에이션 부담이 낮아 하방을 어느 정도 제한하지만, 이것만으로 20거래일 내 상승을 강하게 뒷받침하진 않습니다."", ""최근 1개월 수익률이 -2.95%이고 거래량 변화율도 -5.85%로 단기 모멘텀이 약해, 당장 추세 전환을 기대하기 어렵습니다."", ""2024년 2분기 영업이익과 순이익은 증가했지만, 52주 내 현재 위치가 79.8%로 고점권에 가깝고 영업현금흐름 -2.7조원 및 높은 부채비율이 혼재해 방향성을 단정하기 어렵습니다.""]",5.828779599271402,-0.7285974499089253,3.7437194173831765,-1.4780983663547407
055550,신한지주,2024-11-01,54000,Neutral,61,"[""PER 6.7과 PBR 0.50은 밸류에이션 부담이 낮아 하방을 완전히 강하게 보기는 어렵지만, 이것만으로 20거래일 내 상승을 단정할 근거도 충분하지 않습니다."", ""최근 1개월 수익률이 -2.70%이고 거래량 변화율도 -8.87%로 약세 흐름과 수급 둔화가 함께 나타나 단기 모멘텀은 강하지 않습니다."", ""2024 2분기 영업이익이 전년동기 대비 +6.7% 증가했지만, 영업현금흐름 -2.7조원과 높은 부채비율 1163.3%는 단기 투자심리에 부담 요인입니다.""]",3.669724770642202,-1.1009174311926606,5.8833464039558345,4.0938125193281945
055550,신한지주,2024-12-02,53900,Neutral,61,"[""PER 6.7, PBR 0.49로 밸류에이션은 낮지만, 이는 이미 저평가가 상당 부분 반영됐을 가능성이 있어 20거래일 내 추가 상승 근거로는 강하지 않습니다."", ""최근 1개월 수익률이 -0.19%로 모멘텀이 약하고 거래량 변화율도 -2.65%로 수급 개선 신호가 뚜렷하지 않습니다."", ""2024 3분기 영업이익이 전년동기 대비 +9.7% 증가하고 영업현금흐름도 +4.1조원으로 실적·현금흐름은 양호하지만, 현재 주가가 52주 고점 대비 70.1% 수준이라 단기 방향성을 단정할 만큼 강한 추세 신호는 부족합니다.""]",-11.436170212765957,-14.539007092198581,-8.145901823501536,-12.211900176475217
055550,신한지주,2025-01-02,47750,Neutral,62,"[""PER 5.9와 PBR 0.44는 밸류에이션 부담이 낮아 하방을 완전히 단정하기는 어렵지만, 이것만으로 20거래일 내 상승을 강하게 기대할 근거도 부족합니다."", ""최근 1개월 수익률이 -9.91%로 단기 추세가 약하고, 현재 주가가 52주 고점 대비 낮은 구간에 있어 모멘텀이 아직 회복되지 않았습니다."", ""2024년 3분기 영업이익이 전년동기 대비 +9.7% 증가하고 영업현금흐름도 +4.1조원으로 양호하지만, 부채비율 1168.4%와 함께 단기 주가 방향을 명확히 한쪽으로 기울일 만큼 압도적이지는 않습니다.""]",3.423236514522822,3.7344398340248963,0.39856740169356764,-0.1489797702209401
055550,신한지주,2025-02-03,50200,Neutral,61,"[""PER 6.2와 PBR 0.46은 밸류에이션 부담이 낮아 하방을 완전히 단정하기는 어렵지만, 이것만으로 20거래일 내 상승을 강하게 기대할 근거도 부족합니다."", ""2024년 3분기 영업이익이 전년동기 대비 9.7% 증가했고 순이익도 1.3조원으로 양호해 실적 모멘텀은 있으나, 최근 1개월 수익률 2.66%로 단기 추세가 강하지는 않습니다."", ""52주 고점 대비 현재 위치가 55.3%로 중립적 구간이고 거래량 변화율이 -38.12%로 수급 동력이 약해, 향후 20거래일 방향성을 확신하기 어렵습니다.""]",-3.7254901960784315,-12.450980392156863,-6.036818363577197,-15.531139477296428
055550,신한지주,2025-03-04,46150,Neutral,62,"[""PER 5.7, PBR 0.42로 밸류에이션은 낮지만, 이것만으로 향후 20거래일 내 주가 상승을 단정하기에는 근거가 부족합니다."", ""최근 1개월 수익률이 -9.69%로 단기 모멘텀이 약하고, 현재 주가가 52주 최고가 대비 26.9% 수준에 머물러 있어 추세 반전 여부가 불확실합니다."", ""2024년 3분기 영업이익이 전년동기 대비 +9.7% 증가했고 영업현금흐름도 +4.1조원으로 양호하지만, 부채비율 1168.4%와 거래량 변화율 60.60%는 방향성을 한쪽으로 강하게 확정하기 어렵게 합니다.""]",1.1198208286674132,9.070548712206048,0.46739112415669426,11.113838146284847
055550,신한지주,2025-04-01,48100,Buy,74,"[""PER 5.7, PBR 0.43으로 밸류에이션이 낮아 20거래일 내 추가 하락보다 저평가 해소 기대가 우세합니다."", ""ROE 7.5%와 2024년 순이익 4.6조원, 영업이익 6.5조원(+5.9% YoY) 및 영업현금흐름 +4.6조원으로 수익성과 현금창출력이 양호합니다."", ""주가는 52주 최고가 대비 크게 낮고(현재 36.2% 위치), 최근 1개월 수익률이 +4.91%로 단기 모멘텀이 살아 있으나 거래량 변화율 -23.2%는 상승 탄력의 불확실성을 일부 남깁니다.""]",-10.472279260780287,5.544147843942506,-2.005724864285659,3.518895036523097
055550,신한지주,2025-05-02,51200,Buy,74,"[""PER 6.1과 PBR 0.46은 절대적으로 낮은 수준으로, 현재 주가가 이익과 자산 대비 저평가되어 있어 하방보다 상방 여지가 더 크게 보입니다."", ""ROE 7.6%와 2024년 순이익 4.6조원, 영업이익 6.5조원(+5.9% YoY)은 수익성이 유지되고 있어 20거래일 내 급격한 실적 훼손 신호는 약합니다."", ""최근 1개월 수익률이 +5.13%이고 거래량 변화율도 +6.41%로 단기 모멘텀이 살아 있으며, 현재가가 52주 최고가 대비 중간 이하(48.1%)라 추가 회복 여지가 있습니다.""]",1.36986301369863,15.851272015655576,-1.224355651310305,6.594531010138443
055550,신한지주,2025-06-02,55800,Neutral,62,"[""PER 6.3배와 PBR 0.49배는 밸류에이션 부담이 낮아 하방을 완전히 강하게 보기는 어렵지만, 이것만으로 20거래일 내 추가 상승을 단정할 근거도 충분하지 않습니다."", ""최근 1개월 수익률이 +10.71%로 단기 상승 모멘텀은 있으나, 거래량 변화율이 -12.20%로 동반 수급 확장이 확인되지 않아 추세 지속 신뢰도가 제한적입니다."", ""2025년 1분기 영업이익이 전년동기 대비 -6.0% 감소했고 부채비율이 1157.4%로 높아 실적·재무지표만 놓고 보면 방향성이 엇갈려 20거래일 전망을 확신하기 어렵습니다.""]",-2.1702838063439067,6.3439065108514185,-7.554571603546201,-6.122710110822869
055550,신한지주,2025-07-01,62200,Sell,74,"[""현재가가 52주 최고가 62,200원과 정확히 일치하고 52주 내 현재 위치가 100.0%로, 단기적으로는 추가 상승 여력보다 차익실현 압력이 커질 수 있습니다."", ""최근 1개월 수익률이 8.17%로 이미 단기 상승이 진행됐고 거래량 변화율도 119.98%로 급증해 단기 과열 신호로 해석될 여지가 있습니다."", ""2025년 1분기 영업이익이 1.9조원으로 전년동기 대비 -6.0% 감소해 실적 모멘텀이 강하지 않고, PER 7.0과 PBR 0.55는 저평가를 시사하지만 향후 20거래일 주가 상승을 직접 보장하는 근거는 약합니다.""]",13.12803889789303,11.66936790923825,11.219783449218863,5.835010205648731
055550,신한지주,2025-08-01,65100,Neutral,62,"[""PER 7.4와 PBR 0.58은 밸류에이션 부담이 낮아 하방을 완전히 강하게 보기는 어렵지만, 이것만으로 20거래일 내 상승을 단정할 근거도 충분하지 않습니다."", ""주가는 52주 최고가 대비 76.2% 수준으로 고점 부담이 남아 있고, 최근 1개월 수익률이 2.20%에 그친 반면 거래량 변화율이 -32.11%로 수급 모멘텀이 약합니다."", ""2025년 1분기 영업이익이 1.9조원으로 흑자이지만 전년동기 대비 -6.0% 감소했고, 순이익은 1.5조원으로 양호하나 단기 실적 모멘텀이 강하다고 보기는 어렵습니다.""]",5.311077389984825,-1.5174506828528074,3.436087317710979,-2.2989612856643364
055550,신한지주,2025-09-01,64000,Neutral,61,"[""PER 7.0배와 PBR 0.56배는 밸류에이션 부담이 낮아 하방을 완전히 강하게 지지하지는 않지만, 이것만으로 20거래일 내 상승을 단정할 근거도 충분하지 않습니다."", ""최근 1개월 수익률이 -5.88%이고 거래량 변화율도 -23.58%로 약세 흐름과 수급 둔화가 동시에 나타나 단기 모멘텀은 부정적입니다."", ""2025년 2분기 영업이익이 전년동기 대비 +8.7% 증가했고 순이익도 +1.6조원으로 실적은 양호하지만, 52주 고점 대비 현재 위치가 72.3%로 이미 중간 이상 구간이라 단기 방향성은 상하가 혼재됩니다.""]",0.6163328197226503,9.090909090909092,-2.1481792927491856,1.139390500589612
055550,신한지주,2025-10-01,70500,Sell,74,"[""현재가 70,500원은 52주 최고가 71,800원 대비 매우 근접해 52주 내 현재 위치가 95.4%로, 단기적으로 추가 상승 여력이 제한적입니다."", ""최근 1개월 수익률이 8.63%이고 거래량 변화율도 16.11%로 이미 단기 상승이 진행된 상태라, 향후 20거래일에는 차익실현 압력이 우세할 가능성이 있습니다."", ""PER 7.7과 PBR 0.62는 저평가 신호일 수 있지만, 20거래일 관점에서는 이미 반영된 상태일 수 있고 실적 개선(+8.7% 영업이익)만으로 추가 상승을 강하게 확신하기 어렵습니다.""]",1.8207282913165268,10.92436974789916,-3.7906612855188775,-2.5220028251523026
055550,신한지주,2025-11-03,74100,Sell,78,"[""현재가 74,100원이 52주 최고가 74,500원의 98.7% 수준으로, 단기적으로 상승 여력이 매우 제한적입니다."", ""최근 1개월 수익률이 +7.08%로 이미 단기 상승이 진행된 상태이며, 거래량 변화율이 -3.89%로 추세 지속을 뒷받침하는 수급 강도는 약합니다."", ""PER 8.1, PBR 0.65, ROE 8.1%와 2025년 2분기 영업이익 +8.7%는 무난하지만, 향후 20거래일 내 추가 상승을 강하게 지지할 만큼의 모멘텀은 부족합니다.""]",2.094240837696335,6.544502617801047,2.46665637094199,9.621115892777148
055550,신한지주,2025-12-01,79700,Sell,74,"[""현재가 79,700원은 52주 최고가 81,400원 대비 95.5% 수준으로 고점 부근에 위치해 있어 20거래일 내 추가 상승 여력이 제한적으로 보입니다."", ""최근 1개월 수익률이 8.73%로 이미 단기 상승이 진행되었고, 거래량 변화율도 2.10%에 그쳐 강한 추가 모멘텀을 뒷받침하는 신호는 약합니다."", ""PER 8.3과 PBR 0.69은 밸류에이션 부담이 크지 않지만, 향후 주가 방향을 결정할 만큼의 강한 상승 촉매로 보기에는 부족하며 실적 개선도 영업이익 +4.5%로 완만한 수준입니다.""]",-3.6855036855036856,-5.896805896805897,-7.405719058488953,-13.774290608678202
035720,카카오,2023-01-02,52700,Sell,78,"[""최근 1개월 수익률이 -8.98%이고 거래량 변화율도 -51.43%로, 단기 추세와 수급이 동시에 약화된 모습입니다."", ""현재 주가는 52주 최고가 대비 크게 낮고 52주 내 위치가 8.0%에 불과해, 기술적으로도 반등보다 약세 흐름이 우세합니다."", ""2022 3분기 매출은 증가했지만 영업이익이 전년동기 대비 -10.6% 감소했고 ROE 5.8%에 PER 35.5배로 수익성 대비 밸류에이션 부담이 있습니다.""]",13.883677298311445,21.013133208255162,7.905798559601937,9.736157709309829
035720,카카오,2023-02-01,62200,Neutral,61,"[""최근 1개월 수익률이 +17.14%이고 거래량 변화율도 +44.97%로 단기 모멘텀은 양호하지만, 이미 52주 최고가 대비 상당히 낮은 위치에서 반등한 상태라 추가 상승 여력은 불확실합니다."", ""PER 41.9와 PBR 2.42는 밸류에이션 부담이 있는 수준인데 ROE 5.8%로 수익성 대비 가격 부담이 커서 향후 20거래일 내 강한 추가 상승 근거가 제한적입니다."", ""2022 3분기 매출은 전년동기 대비 +6.8%로 증가했지만 영업이익은 -10.6% 감소해 이익 모멘텀이 약하고, 다만 부채비율 66.6%와 영업현금흐름 +4,745억원은 재무 리스크를 크게 악화시키지는 않습니다.""]",9.922480620155039,-5.426356589147287,9.410507579748058,-3.9353971257468805
035720,카카오,2023-03-02,61200,Neutral,61,"[""최근 1개월 수익률이 -0.33%로 단기 모멘텀이 약하고, 현재 주가가 52주 최고가 대비 22.7% 수준에 머물러 있어 강한 추세 반전 신호가 확인되지 않습니다."", ""2022년 3분기 매출은 전년동기 대비 6.8% 증가했지만 영업이익은 10.6% 감소해 수익성 개선이 뚜렷하지 않고, ROE 5.8% 대비 PER 41.2배는 밸류에이션 부담이 큽니다."", ""부채비율 66.6%와 영업현금흐름 4,745억원은 재무 안정성을 뒷받침하지만, 거래량 변화율 17.91% 외에 20거래일 내 상승을 강하게 지지할 추가 근거가 부족합니다.""]",-4.754098360655737,0.16393442622950818,-3.2130242961756847,-1.6777066449567637
035720,카카오,2023-04-03,60200,Neutral,61,"[""현재 주가는 52주 최고가 대비 21.4% 수준으로 고점 대비 크게 조정된 상태지만, 최근 1개월 수익률이 -1.31%이고 거래량 변화율도 -15.86%로 단기 모멘텀이 약합니다."", ""PER 19.3배와 PBR 2.69배는 KOSPI 대형주 기준으로 과도하게 저렴하다고 보기 어렵고, ROE 13.9%는 양호하지만 향후 20거래일 주가 방향을 강하게 밀어줄 수준의 저평가 신호는 아닙니다."", ""2022년 매출은 +15.0% 증가했으나 영업이익은 -3.1% 감소했고 영업이익률 8.4%로 수익성 개선이 뚜렷하지 않으며, 부채비율 69.9%와 영업현금흐름 +6,784억원은 안정적이지만 단기 주가 상승·하락을 단정할 만큼 강한 방향성은 아닙니다.""]",-2.3064250411861615,-3.9538714991762767,-5.02159248659053,-4.796037021589001
035720,카카오,2023-05-02,58500,Neutral,61,"[""현재 주가는 52주 최고가 대비 크게 낮고(52주 내 현재 위치 26.3%), 최근 1개월 수익률도 -4.26%로 단기 모멘텀이 약합니다."", ""거래량 변화율이 -16.96%로 수급이 둔화된 모습이라 20거래일 내 강한 상승 추세를 기대하기 어렵습니다."", ""PER 18.8, PBR 2.61, ROE 13.9%와 함께 매출 증가 및 영업현금흐름 흑자는 긍정적이지만, 영업이익이 전년 대비 -3.1%로 감소해 상승·하락 근거가 혼재합니다.""]",-3.9451114922813035,-1.8867924528301887,-3.529344321896715,-5.88295460202664
035720,카카오,2023-06-01,56100,Sell,82,"[""PER 192.1배와 PBR 2.34배는 현재 이익과 자산가치 대비 밸류에이션 부담이 큰 수준인데, ROE가 1.2%에 불과해 수익성 대비 주가가 높게 형성되어 있습니다."", ""2023년 1분기 매출은 전년동기 대비 5.4% 증가했지만 영업이익은 55.2% 감소해 이익 모멘텀이 약하고 영업이익률도 4.1%로 낮습니다."", ""최근 1개월 수익률이 -3.44%이고 거래량 변화율도 -22.05%로 수급이 약하며, 현재 주가가 52주 최고가 대비 낮은 위치에 있어 단기 반등 근거보다 약세 흐름이 더 뚜렷합니다.""]",-1.048951048951049,-10.839160839160838,-2.1249266924605896,-10.8818308271671
035720,카카오,2023-07-03,51000,Sell,82,"[""PER 174.7과 PBR 2.13은 현재 이익 대비 밸류에이션 부담이 큰 수준인데 ROE가 1.2%로 매우 낮아 20거래일 내 재평가 상승 근거가 약합니다."", ""최근 1개월 수익률이 -9.09%이고 현재 주가가 52주 최고가 대비 크게 낮은 52주 내 위치 10.2%에 있어 단기 추세가 약세로 해석됩니다."", ""2023년 1분기 매출은 전년동기 대비 +5.4%였지만 영업이익은 -55.2% 감소해 수익성 악화가 뚜렷하며, 영업이익률 4.1%도 낮아 단기 주가 모멘텀에 불리합니다.""]",1.5015015015015014,9.90990990990991,2.6899440710361953,7.065668380744472
035720,카카오,2023-08-01,54900,Neutral,66,"[""최근 1개월 수익률이 +7.65%이고 거래량 변화율도 +34.43%로 단기 모멘텀은 양호하지만, 52주 최고가 대비 현재 위치가 20.9%에 불과해 추세 회복이 아직 완전하지 않습니다."", ""2023년 1분기 매출은 전년동기 대비 +5.4% 증가했지만 영업이익은 -55.2% 감소해 수익성 개선 근거가 약하며, 영업이익률도 4.1%로 높지 않습니다."", ""PER 188.0, PBR 2.29, ROE 1.2%는 밸류에이션 대비 이익창출력이 낮음을 시사하지만, 부채비율 67.2%와 영업현금흐름 +2,127억원은 재무불안이 크지 않아 상승·하락 근거가 혼재합니다.""]",-0.7518796992481203,-9.586466165413533,-0.3180891340973671,-7.285656295627149
035720,카카오,2023-09-01,48950,Sell,78,"[""최근 1개월 수익률이 -7.99%이고 거래량 변화율도 -31.76%로, 단기 추세와 수급이 모두 약세를 보이고 있습니다."", ""현재 주가는 52주 최저가 47,300원에 매우 근접해 52주 내 위치가 6.3%에 불과해, 향후 20거래일 내 추가 하락 압력이 상대적으로 큽니다."", ""매출은 전년동기 대비 +12.1% 증가했지만 영업이익은 -33.6% 감소했고 ROE 1.1%, PER 183.3배로 수익성 대비 밸류에이션 부담이 커 상승 근거가 약합니다.""]",-1.7311608961303464,-14.358452138492872,-0.6605683364971386,-7.555720521770419
035720,카카오,2023-10-04,41600,Sell,84,"[""최근 1개월 수익률이 -15.10%이고 거래량 변화율도 -9.47%로, 단기 추세와 수급이 모두 약세를 보여 향후 20거래일 추가 하락 가능성이 높습니다."", ""현재가 41,600원이 52주 최저가와 동일해 52주 내 현재 위치가 0.0%이며, 기술적으로도 지지선이 약한 구간에 위치해 있습니다."", ""2023년 2분기 매출은 증가했지만 영업이익이 전년동기 대비 -33.6% 감소했고 ROE가 1.1%로 낮으며 PER 155.8배로 밸류에이션 부담이 커 상승 근거가 약합니다.""]",5.752753977968176,1.101591187270502,3.5664501004511107,2.568557404611148
035720,카카오,2023-11-01,37600,Sell,78,"[""현재가가 52주 최저가와 동일해 52주 내 위치가 0.0%로, 단기적으로도 약세 추세가 매우 강하게 나타납니다."", ""최근 1개월 수익률이 -14.06%이고 거래량 변화율이 21.59%로, 하락 흐름 속 변동성 확대가 동반되어 추가 약세 가능성을 시사합니다."", ""2023년 2분기 매출은 증가했지만 영업이익이 전년동기 대비 -33.6% 감소했고 ROE 1.1%, PER 140.8로 수익성 대비 밸류에이션 부담이 커 상승 근거가 약합니다.""]",18.28793774319066,30.99870298313878,14.704681230506715,22.7972450979259
035720,카카오,2023-12-01,49700,Neutral,61,"[""최근 1개월 수익률이 +28.92%로 단기 모멘텀은 강하지만, 이미 52주 최고가 대비 36.3% 위치까지 올라와 추가 상승 여력은 제한적으로 보입니다."", ""2023년 3분기 매출은 전년동기 대비 +16.3%로 성장했지만 영업이익은 -6.7% 감소해 수익성 개선이 확인되지 않았고, ROE 0.4%와 PER 502.0은 밸류에이션 부담이 큽니다."", ""부채비율 71.0%와 영업현금흐름 +8,447억원은 재무 안정성을 뒷받침하지만, 현재 데이터만으로는 향후 20거래일 내 추가 상승 또는 하락을 단정할 만큼 방향성이 뚜렷하지 않습니다.""]",2.559055118110236,12.598425196850393,2.145130387996305,9.732761863583324
035720,카카오,2024-01-02,57900,Neutral,62,"[""최근 1개월 수익률이 +14.65%로 단기 모멘텀은 양호하지만, 거래량 변화율이 -23.10%로 상승 추세의 지속성을 강하게 뒷받침하지는 않습니다."", ""PER 584.9와 ROE 0.4%는 현재 주가가 이익 창출력 대비 매우 비싸게 평가되고 있음을 시사해 추가 상승 근거가 약합니다."", ""2023년 3분기 매출은 전년동기 대비 +16.3% 증가했지만 영업이익은 -6.7% 감소했고 영업이익률도 6.5%에 그쳐, 실적 개선이 주가를 강하게 밀어올릴 수준으로 보기는 어렵습니다.""]",4.593639575971731,-7.243816254416961,7.099287159112974,-3.0164708294387346
035720,카카오,2024-02-01,52700,Sell,78,"[""최근 1개월 수익률이 -6.89%로 단기 추세가 약하고, 52주 최고가 대비 현재 위치도 45.4%에 불과해 강한 상승 모멘텀이 확인되지 않습니다."", ""PER 532.3과 ROE 0.4%는 이익 대비 밸류에이션 부담이 매우 크고 자본효율성이 낮아, 향후 20거래일 내 주가 재평가를 지지하기 어렵습니다."", ""3분기 매출은 전년동기 대비 +16.3%로 성장했지만 영업이익은 -6.7% 감소했고 영업이익률도 6.5%에 그쳐 실적 개선이 주가 상승으로 바로 연결될 근거가 약합니다.""]",-2.841918294849023,-7.8152753108348145,-4.154573391185592,-8.81630386959075
035720,카카오,2024-03-04,53100,Sell,74,"[""PER 536.4배와 ROE 0.4%는 현재 주가가 이익창출력 대비 매우 비싸게 형성되어 있어 20거래일 내 추가 상승 여력이 제한적입니다."", ""최근 1개월 수익률이 -2.21%이고 거래량 변화율도 -4.26%로, 단기 모멘텀과 수급이 약한 편입니다."", ""3분기 매출은 증가했지만 영업이익이 전년동기 대비 -6.7% 감소했고 영업이익률도 6.5%에 그쳐 실적 개선이 주가를 강하게 밀어올릴 근거가 약합니다.""]",7.930367504835589,-0.9671179883945842,6.707071664267919,-4.88347640916909
035720,카카오,2024-04-01,53800,Neutral,61,"[""최근 1개월 수익률이 0.94%로 거의 횡보 수준이고, 52주 내 현재 위치도 67.5%로 중립적이라 20거래일 방향성이 강하게 드러나지 않습니다."", ""거래량 변화율이 -41.38%로 수급 모멘텀이 약해 단기 상승 추세를 강하게 지지하지 못합니다."", ""매출은 증가했지만 영업이익이 전년 대비 -19.1% 감소했고 순이익도 적자이며 PER이 없어 밸류에이션과 실적 모멘텀을 동시에 강하게 매수 근거로 삼기 어렵습니다.""]",-3.80859375,-5.6640625,-2.0651425884256636,-3.1393272866451727
035720,카카오,2024-05-02,48300,Sell,78,"[""최근 1개월 수익률이 -10.22%로 단기 추세가 이미 약세이며, 52주 최고가 대비 현재 위치도 45.5%에 불과해 반등보다 추가 조정 가능성이 더 높습니다."", ""2023년 매출은 +11.2% 증가했지만 영업이익은 -19.1% 감소했고 순이익은 -1.8조원 적자로, 실적 모멘텀이 주가 상승을 뒷받침하기 어렵습니다."", ""PER은 적자로 산출 불가하고 PBR 2.20은 이익 부진 대비 부담이 있으며, 거래량 변화율 2.84%도 강한 추세 전환 신호로 보기에는 약합니다.""]",-4.471544715447155,-9.34959349593496,-6.361234362503338,-8.806746707249179
035720,카카오,2024-06-03,44300,Neutral,61,"[""2024년 1분기 매출이 전년동기 대비 22.4%, 영업이익이 92.2% 증가해 실적 모멘텀은 분명하지만, 이는 이미 발표된 과거 실적이라 향후 20거래일 주가 방향을 단정하기에는 제한적입니다."", ""최근 1개월 수익률이 -8.85%로 단기 추세가 약하고, 현재 주가가 52주 최고가 대비 낮은 위치(52주 내 28.5%)에 있어 기술적으로는 반등 여지도 있으나 추세 전환 신호로 보기엔 부족합니다."", ""부채비율 83.6%와 영업현금흐름 +3,498억원은 재무 안정성을 뒷받침하지만, 적자 상태로 PER이 없고 PBR 2.00 수준이라 밸류에이션과 수급 측면에서 상승·하락 근거가 균형적입니다.""]",-3.4753363228699556,-10.089686098654708,-5.957211534169312,-15.04479672560337
035720,카카오,2024-07-01,41000,Neutral,66,"[""2024년 1분기 매출이 전년동기 대비 22.4%, 영업이익이 92.2% 증가하고 영업현금흐름도 +3,498억원으로 개선되어 펀더멘털은 우호적이다."", ""다만 최근 1개월 수익률이 -6.07%이고 거래량 변화율도 -7.92%로 단기 모멘텀이 약해 20거래일 내 상승을 강하게 단정하기 어렵다."", ""현재 주가는 52주 최고가 대비 낮고 52주 내 위치가 14.5%에 불과하지만, 적자 상태로 PER이 없고 PBR 1.85 수준이라 방향성은 있으나 확신할 만큼 강하지 않다.""]",6.125,-2.375,3.0137322626813297,-0.8405825895586232
035720,카카오,2024-08-01,39800,Neutral,66,"[""2024년 1분기 매출이 전년동기 대비 22.4%, 영업이익이 92.2% 증가해 실적 모멘텀은 분명하지만, 이는 이미 발표된 과거 실적이라 향후 20거래일 주가 방향을 단정하기에는 제한적입니다."", ""현재 주가는 52주 최고가 대비 크게 낮고 52주 내 위치가 9.4%로 바닥권에 가깝지만, 최근 1개월 수익률이 -0.75%로 약세가 이어졌고 거래량 변화율 21.66%는 방향성보다 변동성 확대 신호에 가깝습니다."", ""PBR 1.79, 부채비율 83.6%, 영업현금흐름 +3,498억원은 재무 안정성을 뒷받침하지만, 적자 상태로 PER과 ROE가 유효하지 않아 밸류에이션과 수익성 측면에서 상승 근거가 충분히 강하다고 보기 어렵습니다.""]",-6.447534766118837,-6.700379266750948,-3.1682459263877187,-6.880112394817339
035720,카카오,2024-09-02,36900,Neutral,66,"[""2024년 2분기 매출이 전년동기 대비 4.2%, 영업이익이 18.5% 증가해 실적 모멘텀은 개선되고 있으나, 절대 영업이익률은 6.7%로 높지 않아 강한 주가 상승 근거로 보기에는 제한적입니다."", ""현재 주가는 52주 최저가 36,300원에 매우 근접해 52주 내 위치가 2.4%에 불과하고, 최근 1개월 수익률도 -7.29%로 단기 추세는 약세입니다."", ""부채비율 83.1%와 영업현금흐름 6,325억원은 재무 안정성을 뒷받침하지만, PER이 적자로 산출되지 않아 밸류에이션 매력 판단이 어렵고 거래량 변화율도 -0.36%로 수급 개선 신호가 약합니다.""]",-5.939226519337017,2.209944751381215,-0.640179372078288,4.847083866380295
035720,카카오,2024-10-02,36000,Neutral,62,"[""2024년 2분기 매출이 전년동기 대비 4.2%, 영업이익이 18.5% 증가하고 영업현금흐름도 +6,325억원으로 개선되어 펀더멘털은 우호적이다."", ""다만 최근 1개월 수익률이 -3.10%이고 거래량 변화율도 -14.97%로 단기 모멘텀과 수급이 약해 20거래일 내 상승을 강하게 기대하기 어렵다."", ""현재 주가는 52주 최저가 34,000원에 매우 근접해 52주 내 위치가 7.4%에 불과하지만, 적자 상태로 PER이 없고 방향성을 단정할 만큼 강한 추세 신호는 부족하다.""]",-0.544959128065395,1.7711171662125342,-2.630019309953621,1.0216162497667187
035720,카카오,2024-11-01,36150,Neutral,61,"[""2024년 2분기 매출이 전년동기 대비 4.2%, 영업이익이 18.5% 증가하고 영업현금흐름도 +6,325억원으로 실적과 현금창출은 개선되고 있다."", ""부채비율 83.1%로 재무 부담이 과도하지는 않지만, PER이 적자라 산출되지 않고 ROE도 N/A여서 이익 기반 밸류에이션 매력이 제한적이다."", ""현재 주가는 52주 최고가 대비 7.9% 수준으로 저점권에 가깝지만, 최근 1개월 수익률 0.00%와 거래량 변화율 -6.47%는 단기 모멘텀이 강하지 않음을 시사한다.""]",-9.772423025435073,12.851405622489958,-7.55880139212144,18.046135573010815
035720,카카오,2024-12-02,42150,Buy,74,"[""최근 1개월 수익률이 +16.60%이고 거래량 변화율도 +58.75%로, 단기 추세와 수급이 동시에 개선되는 모습입니다."", ""2024년 3분기 영업이익이 전년동기 대비 +5.0% 증가했고 영업이익률 6.8%, 순이익 785억원으로 적자 기업이지만 수익성은 개선되고 있습니다."", ""부채비율 81.3%와 영업현금흐름 +9,803억원은 재무 부담이 과도하지 않고 현금창출력이 양호함을 보여주며, 현재 주가가 52주 최고가 대비 33.0% 수준이라 추가 회복 여지도 있습니다.""]",2.0954598370197903,-11.40861466821886,5.385728226284211,-9.081507752495495
035720,카카오,2025-01-02,37450,Neutral,66,"[""최근 1개월 수익률이 -6.61%로 단기 추세는 약세지만, 52주 최저가 32,800원 대비 현재가 37,450원으로 저점권에 가까워 추가 하락과 반등 가능성이 공존합니다."", ""2024년 3분기 영업이익이 1,305억원으로 전년동기 대비 5.0% 증가하고 순이익도 785억원을 기록해 수익성은 개선됐지만, 매출은 4.5% 감소해 성장 모멘텀은 강하지 않습니다."", ""부채비율 81.3%와 영업현금흐름 9,803억원은 재무 안정성을 뒷받침하지만, PER이 적자로 산출되지 않고 PBR 1.64 및 거래량 변화율 93.25%만으로는 향후 20거래일 방향성을 단정하기 어렵습니다.""]",-3.942181340341656,19.053876478318003,-6.96685045317091,15.170456874072165
035720,카카오,2025-02-03,41800,Neutral,66,"[""2024년 3분기 영업이익이 전년동기 대비 5.0% 증가하고 영업현금흐름도 +9,803억원으로 양호해 단기 실적·현금흐름 측면은 주가 하방을 강하게 지지하지 않습니다."", ""다만 매출이 전년동기 대비 4.5% 감소했고 PER은 적자로 산출 불가해 이익 성장의 지속성과 밸류에이션 재평가 근거가 충분히 강하지 않습니다."", ""최근 1개월 수익률은 +8.43%로 단기 반등이 있었지만 거래량 변화율이 -35.20%로 수급 강도는 약해 향후 20거래일 방향성을 단정하기 어렵습니다.""]",4.767726161369193,5.378973105134474,2.4563979938704272,2.2988140199949094
035720,카카오,2025-03-04,41900,Buy,74,"[""최근 1개월 수익률이 9.26%로 양호하고 거래량 변화율이 125.76%로 급증해 단기 수급과 모멘텀이 주가 상승 쪽을 지지합니다."", ""2024년 3분기 영업이익이 1,305억원으로 전년동기 대비 5.0% 증가했고 순이익도 785억원으로 흑자를 유지해 실적 개선 흐름이 확인됩니다."", ""부채비율 81.3%와 영업현금흐름 9,803억원은 재무 안정성을 뒷받침하며, 현재 주가가 52주 최고가 대비 35.1% 수준이라 추가 반등 여지가 있습니다.""]",2.320185614849188,-5.104408352668213,1.6677559103384691,-3.0611189185894143
035720,카카오,2025-04-01,42200,Sell,82,"[""PER 334.9배와 ROE 0.6%는 이익 대비 밸류에이션 부담이 매우 크고, 현재 주가가 향후 20거래일 내 추가 상승을 정당화하기 어렵습니다."", ""최근 1개월 수익률이 -2.20%이고 거래량 변화율이 -59.48%로, 단기 모멘텀과 수급이 모두 약화된 상태입니다."", ""2024년 매출은 증가했지만 영업이익은 전년 대비 -0.1%로 정체됐고 순이익은 -1,619억원 적자로, 실적 개선이 주가 상승의 강한 근거가 되기 어렵습니다.""]",-9.168704156479219,-6.47921760391198,-0.7021497599845912,-8.50447041133139
035720,카카오,2025-05-02,38050,Sell,78,"[""PER 302.0과 ROE 0.6%는 이익 창출력 대비 밸류에이션 부담이 매우 크다는 뜻으로, 20거래일 내 주가 상승을 뒷받침하기 어렵습니다."", ""최근 1개월 수익률이 -6.97%이고 현재 주가가 52주 최고가 대비 30.9% 수준에 머물러 있어 단기 추세가 약세입니다."", ""2024년 순이익이 -1,619억원으로 적자이며 영업이익도 전년 대비 -0.1%로 정체되어 있어 실적 모멘텀이 부족합니다.""]",-1.0430247718383312,15.514993481095177,-3.6372434368472666,6.258252475578043
035720,카카오,2025-06-02,43150,Sell,74,"[""PER 123.6과 ROE 1.5%는 이익창출력 대비 밸류에이션 부담이 큰 편이라 20거래일 내 추가 상승 여력이 제한적입니다."", ""2025년 1분기 매출이 전년동기 대비 -6.3%, 영업이익이 -12.4%로 역성장했고 영업이익률도 5.7%에 그쳐 실적 모멘텀이 약합니다."", ""최근 1개월 수익률은 +12.22%로 단기 반등이 있었지만 거래량 변화율이 -12.40%로 수급 확산이 약하고, 현재 주가가 52주 고점 대비 75% 수준이라 단기 추세 지속성에 의문이 있습니다.""]",21.394230769230766,43.02884615384615,16.009942972028472,30.562229532171866
035720,카카오,2025-07-01,60100,Neutral,66,"[""최근 1개월 수익률이 +36.59%이고 거래량 변화율도 +280.54%로 단기 모멘텀은 매우 강하지만, 52주 최고가 대비 아직 72.6% 수준이라 추가 상승 여력은 있으나 과열 여부도 함께 고려해야 합니다."", ""PER 172.2배와 PBR 2.57배는 밸류에이션 부담이 큰 편인데 ROE가 1.5%에 불과해 현재 이익창출력 대비 주가가 높게 평가된 상태로 보입니다."", ""2025년 1분기 매출(-6.3%)과 영업이익(-12.4%)이 전년동기 대비 감소했고 영업이익률도 5.7%로 높지 않아, 단기 주가 상승 모멘텀과 펀더멘털 약세가 상충합니다.""]",3.0664395229982966,-4.088586030664395,1.1581840743241296,-9.922943734253913
035720,카카오,2025-08-01,55500,Sell,78,"[""최근 1개월 수익률이 -6.72%이고 거래량 변화율도 -71.02%로, 단기 주가 모멘텀과 수급이 동시에 약화된 상태입니다."", ""2025년 1분기 매출과 영업이익이 각각 전년동기 대비 -6.3%, -12.4% 감소해 실적 개선 기대보다 둔화 신호가 더 강합니다."", ""PER 159.0, PBR 2.37, ROE 1.5%로 밸류에이션 대비 수익성이 낮아, 향후 20거래일 내 반등을 지지할 근거가 약합니다.""]",15.884476534296029,7.039711191335741,14.009486462022183,6.258200588524211
035720,카카오,2025-09-01,61200,Neutral,61,"[""2025년 2분기 영업이익이 전년동기 대비 38.8% 증가하고 영업현금흐름도 +6,238억원으로 개선되어 단기 실적 모멘텀은 긍정적입니다."", ""최근 1개월 수익률이 +5.52%이고 거래량 변화율이 +66.48%로 수급과 가격 흐름이 우상향 신호를 보이지만, 52주 고점 대비 현재 위치가 75.5%로 추가 상승 여력은 제한적으로 보입니다."", ""PER 126.2배와 PBR 2.57배는 밸류에이션 부담이 크고 ROE 2.0%는 자본효율성이 낮아, 실적 개선에도 불구하고 20거래일 내 뚜렷한 상승을 확신하기 어렵습니다.""]",0.5059021922428331,0.5059021922428331,-2.2586099202290026,-7.4456163980766465
035720,카카오,2025-10-01,60000,Neutral,66,"[""2025년 2분기 매출은 전년동기 대비 1.2% 증가에 그쳤지만 영업이익은 38.8% 증가해 수익성 개선은 확인되나, 매출 성장률이 낮아 추세적 주가 상승 근거로는 강하지 않습니다."", ""PER 123.7배와 PBR 2.52배는 밸류에이션 부담이 큰 편이고 ROE 2.0%로 자본효율성이 낮아, 현재 주가 60,000원에서 추가 상승 여력이 제한될 수 있습니다."", ""주가는 52주 고점 대비 72.3% 수준으로 고점 부담은 덜하지만 최근 1개월 수익률이 1.18%에 불과하고 거래량 변화율이 -18.29%로 수급 모멘텀이 약해 20거래일 방향성을 확신하기 어렵습니다.""]",-1.6778523489932886,1.8456375838926176,-7.2892419258286925,-11.600734989158845
035720,카카오,2025-11-03,64500,Neutral,66,"[""최근 1개월 수익률이 +8.77%이고 거래량 변화율도 +15.40%로 단기 모멘텀은 양호하지만, 52주 최고가 대비 현재 위치가 84.3%로 추가 상승 여력은 제한적으로 보입니다."", ""2025년 2분기 영업이익이 전년동기 대비 +38.8% 증가하고 영업이익률 9.2%, 순이익 1,718억원, 영업현금흐름 +6,238억원으로 실적과 현금창출은 개선됐습니다."", ""다만 PER 133.0, PBR 2.71, ROE 2.0%는 밸류에이션 대비 수익성이 낮아 향후 20거래일 내 추가 상승을 강하게 단정하기 어렵습니다.""]",-0.1557632398753894,-7.320872274143301,0.21665229337026545,-4.244258999167201
035720,카카오,2025-12-01,59500,Neutral,66,"[""2025 3분기 매출이 전년동기 대비 8.6%, 영업이익이 59.4% 증가해 실적 모멘텀은 분명하지만, 현재 PER 112.7배와 PBR 2.49배는 이미 높은 기대를 반영한 수준입니다."", ""최근 1개월 수익률이 -8.60%로 단기 추세가 약하고, 현재 주가가 52주 최고가 대비 아직 69.1% 위치에 있어 강한 추세 전환 신호로 보기에는 부족합니다."", ""거래량 변화율 23.28%와 영업현금흐름 9,370억원, 부채비율 83.5%는 수급·재무 측면에서 크게 나쁘지 않지만, ROE 2.2%가 낮아 향후 20거래일 내 뚜렷한 상승을 단정하기 어렵습니다.""]",2.1848739495798317,4.369747899159663,-1.5353414234054354,-3.5077368127126416
035420,네이버,2023-01-02,179500,Neutral,66,"[""최근 1개월 수익률이 -4.27%이고 거래량 변화율도 -40.58%로 단기 모멘텀이 약해 20거래일 내 강한 상승 근거가 부족합니다."", ""현재 주가는 52주 최고가 대비 크게 낮고 52주 내 위치가 9.3%에 불과해 기술적으로는 저점권이지만, 이것만으로 즉시 반등을 확신하기는 어렵습니다."", ""3분기 매출은 전년동기 대비 +19.1%로 성장했지만 영업이익은 -5.6% 감소했고 PER은 적자라 실적 개선과 주가 방향이 엇갈려 방향성을 단정하기 어렵습니다.""]",8.123249299719888,18.487394957983195,2.1453705610103793,7.210419459037862
035420,네이버,2023-02-01,205500,Buy,74,"[""최근 1개월 수익률이 +15.77%이고 거래량 변화율도 +27.44%로, 단기 추세와 수급이 동시에 개선된 모습입니다."", ""52주 최고가 대비 현재 위치가 25.1%로 고점 대비 크게 낮아 추가 반등 여지가 남아 있습니다."", ""2022년 3분기 매출이 전년동기 대비 +19.1% 증가했고 영업현금흐름도 +9,298억원으로 양호해, 적자 PER 부재에도 불구하고 단기 주가 모멘텀을 지지합니다.""]",8.747044917257684,-2.8368794326241136,8.235071876850704,-1.3459199692237076
035420,네이버,2023-03-02,206000,Neutral,62,"[""최근 1개월 수익률이 1.73%로 단기 추세가 강하지 않고, 52주 최고가 대비 현재 위치가 25.4%에 불과해 반등 여력과 추세 약세가 동시에 존재합니다."", ""3분기 매출은 전년동기 대비 19.1% 증가했지만 영업이익은 5.6% 감소해 성장과 수익성 신호가 엇갈리며, 향후 20거래일 방향성을 단정하기 어렵습니다."", ""부채비율 41.4%와 영업현금흐름 9,298억원은 재무 안정성을 지지하지만, PER이 적자로 산출 불가하고 거래량 변화율 29.49%는 변동성 확대 가능성만 보여 명확한 상승 근거로는 부족합니다.""]",-2.7737226277372264,-1.70316301703163,-1.2326485632571738,-3.544804088217902
035420,네이버,2023-04-03,198200,Sell,74,"[""최근 1개월 수익률이 -3.55%로 단기 추세가 약하고, 거래량 변화율도 -29.09%로 수급 모멘텀이 둔화되어 향후 20거래일 내 추가 약세 가능성이 있다."", ""현재 주가는 52주 최고가 대비 크게 낮고 52주 내 위치가 21.6%에 불과해, 강한 반등 추세가 확인되지 않은 상태에서 상단 돌파 근거가 약하다."", ""2022년 실적은 매출과 영업현금흐름이 양호하지만 영업이익이 전년 대비 -1.6%로 둔화되었고 PER이 적자라 밸류에이션 지표도 상승 신호를 주지 못한다.""]",-0.5472636815920399,-4.179104477611941,-3.2624311269964084,-5.021270000024665
035420,네이버,2023-05-02,193200,Neutral,61,"[""최근 1개월 수익률이 -4.36%이고 거래량 변화율도 -0.67%로 약세 흐름과 수급 둔화가 함께 나타나 단기 반등 근거가 강하지 않습니다."", ""현재 주가는 52주 최고가 대비 크게 낮고(52주 내 현재 위치 26.4%), 연간 실적은 매출 증가에도 영업이익이 전년 대비 -1.6%로 이익 모멘텀이 강하지 않습니다."", ""부채비율 44.6%와 영업현금흐름 +1.5조원은 재무 안정성을 뒷받침하지만, PER이 적자로 산출되지 않고 PBR 1.39 수준인 점만으로는 향후 20거래일 상승을 확신하기 어렵습니다.""]",9.553478712357217,6.178608515057113,9.969245882741806,2.182446365860662
035420,네이버,2023-06-01,204000,Neutral,61,"[""최근 1개월 수익률이 +6.08%이고 거래량 변화율도 +12.45%로 단기 모멘텀은 양호하지만, 20거래일 추가 상승을 단정할 만큼 강한 추세 신호는 아닙니다."", ""2023년 1분기 매출이 전년동기 대비 +23.6%, 영업이익이 +9.5% 증가하고 영업현금흐름도 +4,461억원으로 실적과 현금창출력은 견조합니다."", ""다만 PER은 적자라 산출 불가하고, 현재 주가는 52주 최고가 대비 34.6% 수준으로 중간권에 머물러 있어 상승·하락 어느 한 방향의 우위가 뚜렷하지 않습니다.""]",-1.9559902200488997,-7.432762836185819,-3.0319658635584403,-7.4754328241920796
035420,네이버,2023-07-03,189300,Neutral,66,"[""2023년 1분기 매출과 영업이익이 각각 전년동기 대비 +23.6%, +9.5%로 개선되고 영업현금흐름도 +4,461억원으로 양호해 펀더멘털은 지지적입니다."", ""다만 최근 1개월 수익률이 -7.21%이고 거래량 변화율도 -18.26%로 단기 모멘텀과 수급이 약해 20거래일 내 상승을 강하게 단정하기 어렵습니다."", ""현재 주가는 52주 최고가 대비 26.8% 수준으로 낮지만, PER이 적자라 산출되지 않고 PBR 1.33 및 부채비율 48.3%만으로는 단기 방향성을 명확히 확정하기 어렵습니다.""]",4.610492845786964,23.476417594064653,5.798935415321657,20.632176064899216
035420,네이버,2023-08-01,233000,Buy,78,"[""최근 1개월 수익률이 +23.09%이고 거래량 변화율도 +56.02%로, 단기 추세와 수급이 모두 상승 방향을 지지합니다."", ""2023년 1분기 매출이 전년동기 대비 +23.6%, 영업이익이 +9.5% 증가했고 영업이익률 14.5% 및 영업현금흐름 +4,461억원으로 실적과 현금창출력이 양호합니다."", ""부채비율 48.3%로 재무 안정성이 무난하며, 현재 주가가 52주 최고가 대비 아직 여유가 있고 52주 내 위치도 64.8% 수준이라 추가 상승 여지가 남아 있습니다.""]",0.0,-5.714285714285714,0.43379056515075315,-3.4134758444993296
035420,네이버,2023-09-01,214500,Neutral,62,"[""2023년 2분기 매출과 영업이익이 각각 전년동기 대비 17.7%, 10.9% 증가하고 영업이익률 15.5%, 영업현금흐름 8,147억원으로 실적과 현금창출력은 양호합니다."", ""부채비율 47.8%와 PBR 1.56은 재무 안정성 측면에서 과도한 부담은 아니지만, PER이 적자라 밸류에이션을 이익 기준으로 해석하기 어렵습니다."", ""최근 1개월 수익률이 -5.71%로 약세이고 현재 주가가 52주 최고가 대비 68.7% 수준이며 거래량 변화율 18.15%는 수급 개선 신호일 수 있으나 방향성을 단정할 만큼 강하지 않습니다.""]",0.0,-9.739952718676124,1.0705925596332078,-2.9372211019536705
035420,네이버,2023-10-04,191200,Neutral,66,"[""최근 1개월 수익률이 -12.09%이고 거래량 변화율도 -43.04%로, 단기 모멘텀과 수급이 약해 20거래일 내 추가 상승을 강하게 기대하기 어렵습니다."", ""2023년 2분기 매출(+17.7%), 영업이익(+10.9%), 순이익이 모두 증가했고 영업현금흐름도 +8,147억원으로 펀더멘털과 현금창출력은 양호합니다."", ""PBR 1.39, 부채비율 47.8%, 52주 내 현재 위치 43.0%는 과열은 아니지만, 적자 상태로 PER이 없고 52주 고점 대비 여전히 낮아 방향성을 단정하기 어렵습니다.""]",1.2671594508975714,5.860612460401267,-0.9191444266194939,7.327578677741913
035420,네이버,2023-11-01,187700,Neutral,63,"[""2023 2분기 매출과 영업이익이 각각 전년동기 대비 17.7%, 10.9% 증가하고 영업현금흐름도 +8,147억원으로 양호해 펀더멘털은 주가 하방을 강하게 지지하지는 않습니다."", ""다만 최근 1개월 수익률이 -6.62%이고 거래량 변화율도 -14.13%로 단기 모멘텀이 약해 20거래일 내 뚜렷한 상승 신호로 보기 어렵습니다."", ""현재 주가는 52주 최고가 대비 37.6% 수준으로 중간 이하 구간이지만, PER이 적자로 산출 불가하고 PBR 1.37만으로는 단기 방향성을 확정할 추가 근거가 부족합니다.""]",3.878406708595388,9.014675052410901,0.29515019591144354,0.8132171671980188
035420,네이버,2023-12-01,206000,Neutral,62,"[""최근 1개월 수익률이 +7.97%로 단기 모멘텀은 양호하지만, 거래량 변화율이 -13.42%로 상승 추세의 지속성을 강하게 뒷받침하지는 않습니다."", ""2023년 3분기 매출(+18.9%), 영업이익(+15.1%), 순이익이 모두 증가했고 영업이익률 15.6% 및 영업현금흐름 +1.4조원으로 펀더멘털은 견조합니다."", ""현재 주가는 52주 범위의 중간(50.0%)이고 PBR 1.48로 과열은 아니지만, 52주 최고가 234,500원 대비 상승 여력과 단기 하락 위험이 함께 존재해 20거래일 방향성을 단정하기 어렵습니다.""]",3.32541567695962,5.938242280285035,2.9114909468456887,3.0725789470179654
035420,네이버,2024-01-02,227500,Sell,72,"[""주가가 52주 최고가 234,500원 대비 87.7% 위치에 있고 최근 1개월 수익률이 +9.64%로 단기 상승이 이미 진행되어 추가 상승 여력이 제한적으로 보입니다."", ""현재가 227,500원이 52주 최고가 234,500원에 근접해 있어 단기적으로는 차익실현 압력이 커질 수 있습니다."", ""실적과 재무는 양호하지만, 향후 20거래일 관점에서는 이미 반영된 개선 기대보다 가격 부담이 더 크게 작용할 가능성이 있어 하락 쪽에 무게를 둡니다.""]",4.054054054054054,-9.684684684684685,6.559701637195296,-5.457339259706458
035420,네이버,2024-02-01,202500,Neutral,61,"[""2023년 3분기 매출과 영업이익이 각각 전년동기 대비 18.9%, 15.1% 증가해 실적 모멘텀은 양호하지만, 이는 이미 과거 실적에 해당해 향후 20거래일 주가 방향을 단정하기에는 제한적입니다."", ""최근 1개월 수익률이 -8.78%로 단기 추세가 약하고, 현재 주가는 52주 최고가 대비 낮은 43.1% 위치에 있어 기술적으로는 반등과 추가 약세가 모두 가능한 구간입니다."", ""부채비율 49.3%와 영업현금흐름 1.4조원은 재무 안정성을 뒷받침하지만, PER이 적자로 산출되지 않고 PBR 1.45만으로는 단기 상승 또는 하락을 강하게 확정할 근거가 부족합니다.""]",-7.44920993227991,-14.311512415349886,-8.761865028616478,-15.312540974105822
035420,네이버,2024-03-04,192000,Neutral,66,"[""최근 1개월 수익률이 -8.35%로 단기 모멘텀이 약하고, 현재 주가는 52주 최고가 대비 낮은 수준에 위치해 있어 추세 반전 신호가 아직 강하지 않습니다."", ""거래량 변화율이 37.23%로 높아 관심은 증가했지만, 이는 상승 추세 확정 신호라기보다 변동성 확대 가능성도 함께 시사합니다."", ""2023년 3분기 매출(+18.9%), 영업이익(+15.1%), 영업현금흐름(+1.4조원)과 낮은 부채비율(49.3%)은 펀더멘털을 지지하지만, 적자 상태로 PER이 없고 20거래일 내 방향성을 단정할 만큼 강한 가격 근거는 부족합니다.""]",0.9538950715421303,1.7488076311605723,-0.2694007690255399,-2.1675507896139337
035420,네이버,2024-04-01,194300,Neutral,61,"[""최근 1개월 수익률이 -0.36%로 단기 모멘텀이 약하고, 거래량 변화율도 -7.85%로 수급 개선 신호가 뚜렷하지 않습니다."", ""현재 주가는 52주 최고가 대비 하단 구간(52주 내 현재 위치 28.5%)에 있어 반등 여지는 있으나, 이를 뒷받침할 단기 상승 근거는 제한적입니다."", ""PER 29.2와 ROE 4.7% 조합은 수익성 대비 밸류에이션 부담이 존재하지만, 2023년 매출(+17.6%)·영업이익(+14.1%) 성장과 부채비율 47.5%, 영업현금흐름 +2.0조원은 하방 리스크를 완전히 키우지는 않아 방향성이 혼재됩니다.""]",-1.5625,-1.6666666666666667,0.18095116157433666,0.8580685466881606
035420,네이버,2024-05-02,188800,Neutral,61,"[""최근 1개월 수익률이 -2.83%이고 거래량 변화율도 -22.38%로 단기 모멘텀과 수급이 약해 20거래일 내 강한 상승 근거가 부족합니다."", ""현재 주가는 52주 최고가 대비 낮고 52주 내 위치가 18.7%에 불과해 기술적으로는 반등 여지가 있으나, 아직 추세 전환을 확인할 만한 데이터는 부족합니다."", ""2023년 매출과 영업이익이 각각 +17.6%, +14.1% 증가했고 영업현금흐름도 +2.0조원으로 재무는 양호하지만, ROE 4.7%와 PER 28.3은 밸류에이션 대비 수익성 매력이 강하다고 보기 어렵습니다.""]",-5.292908530318603,-9.146968139773895,-7.1825981773747865,-8.604121351088114
035420,네이버,2024-06-03,172700,Neutral,66,"[""2024 1분기 매출이 전년동기 대비 10.8%, 영업이익이 32.9% 증가해 펀더멘털 개선은 확인되지만, 이는 이미 상당 부분 주가에 반영됐을 가능성이 있습니다."", ""현재 주가는 52주 최저가 170,200원에 매우 근접해 52주 내 위치가 3.9%로 낮아 추가 하락 여지는 제한적이지만, 최근 1개월 수익률이 -6.34%로 단기 모멘텀은 약합니다."", ""PER 17.8, PBR 1.20, ROE 6.7%와 부채비율 45.9%, 영업현금흐름 6,218억원은 안정적이지만, 20거래일 내 뚜렷한 상승을 단정할 만큼 강한 촉매는 부족합니다.""]",-4.751131221719457,-9.615384615384617,-7.233006433018813,-14.570495242333278
035420,네이버,2024-07-01,162900,Neutral,66,"[""2024 1분기 매출이 전년동기 대비 10.8%, 영업이익이 32.9% 증가해 펀더멘털 개선은 확인되지만, 이는 이미 과거 실적에 기반한 지표입니다."", ""현재 주가는 52주 최저가와 동일하고 최근 1개월 수익률이 -4.40%, 거래량 변화율도 -11.28%로 단기 모멘텀은 약합니다."", ""PER 16.8, PBR 1.13, ROE 6.7%와 부채비율 45.9%, 영업현금흐름 +6,218억원은 재무 안정성은 무난하나, 향후 20거래일 내 뚜렷한 상승 또는 하락을 단정할 만큼 강한 방향성은 부족합니다.""]",6.75422138836773,8.380237648530331,3.64295365104906,9.914655058971707
035420,네이버,2024-08-01,175000,Buy,78,"[""2024 1분기 매출이 전년동기 대비 10.8% 증가하고 영업이익이 32.9% 증가해 실적 모멘텀이 뚜렷합니다."", ""영업이익률 17.4%와 영업현금흐름 6,218억원, 부채비율 45.9%는 수익성과 재무안정성이 양호함을 보여줍니다."", ""최근 1개월 수익률이 9.51%이고 거래량도 8.05% 증가해 단기 추세가 우상향이며, 현재 주가는 52주 최고가 대비 크게 낮아 추가 회복 여지가 있습니다.""]",-4.492415402567095,-2.8004667444574096,-1.2131265628359764,-2.9801998725238006
035420,네이버,2024-09-02,166600,Neutral,66,"[""PER 16.4배, PBR 1.15배, ROE 7.0%로 밸류에이션과 수익성이 극단적으로 저평가·고평가 어느 쪽도 아니어서 방향성이 강하지 않습니다."", ""2024년 2분기 매출이 전년동기 대비 8.4%, 영업이익이 26.8% 증가해 실적 모멘텀은 긍정적이지만, 최근 1개월 수익률이 -4.80%로 단기 주가 흐름은 약합니다."", ""현재 주가는 52주 최고가 대비 13.9% 수준으로 저점권에 가깝고 거래량 변화율도 +12.07%로 수급 개선 신호가 있으나, 20거래일 내 상승을 단정할 만큼 강한 추세 전환 근거는 부족합니다.""]",-3.8112522686025407,0.5444646098003629,1.4877948786561879,3.1816037247994426
035420,네이버,2024-10-02,168200,Neutral,66,"[""2024 2분기 매출이 전년동기 대비 8.4%, 영업이익이 26.8% 증가해 실적 모멘텀은 양호하지만, 이는 이미 상당 부분 주가에 반영됐을 가능성이 있습니다."", ""PER 16.6배와 PBR 1.16배는 극단적으로 저평가된 수준은 아니며, ROE 7.0%도 강한 재평가를 이끌 만큼 높은 수익성은 아닙니다."", ""현재 주가는 52주 최고가 대비 17.2% 수준으로 낮지만 최근 1개월 수익률이 2.69%에 그치고 거래량 변화율도 -6.83%로 수급 확산이 약해 20거래일 방향성을 단정하기 어렵습니다.""]",0.4100761570005858,2.9291154071470418,-1.67498402488764,2.1796144907012263
035420,네이버,2024-11-01,169700,Neutral,66,"[""2024년 2분기 매출이 전년동기 대비 8.4%, 영업이익이 26.8% 증가해 펀더멘털은 개선되고 있으나, 이는 이미 주가에 상당 부분 반영됐을 가능성을 배제할 수 없습니다."", ""PER 16.7배, PBR 1.17배, ROE 7.0%는 극단적으로 저평가된 수준은 아니어서 20거래일 내 강한 추가 상승을 뒷받침하는 밸류에이션 매력은 제한적입니다."", ""주가는 52주 최고가 대비 19.2% 낮고 최근 1개월 수익률이 0.18%로 정체되어 있으며 거래량도 -11.65% 감소해 단기 방향성이 뚜렷하지 않습니다.""]",0.1707455890722823,15.822424587364825,2.3843672223859147,21.01715453788568
035420,네이버,2024-12-02,203500,Buy,78,"[""최근 1개월 수익률이 19.92%로 강한 상승 추세가 확인되고, 거래량 변화율도 72.11%로 수급 개선이 동반되고 있습니다."", ""2024년 3분기 매출이 전년동기 대비 11.1%, 영업이익이 38.2% 증가해 실적 모멘텀이 뚜렷하며 영업이익률 19.3%도 양호합니다."", ""PER 18.4배와 PBR 1.34배는 실적 대비 과도한 고평가로 보기 어렵고, 부채비율 42.6%와 영업현금흐름 1.7조원으로 재무 안정성도 뒷받침됩니다.""]",0.0,-4.0669856459330145,3.2902683892644204,-1.7398787302096501
035420,네이버,2025-01-02,193800,Neutral,66,"[""2024년 3분기 매출이 전년동기 대비 11.1%, 영업이익이 38.2% 증가해 펀더멘털 개선은 확인되지만, 이는 이미 실적 발표로 상당 부분 반영됐을 가능성이 있습니다."", ""PER 17.5배, PBR 1.28배, ROE 7.3%는 과도한 고평가도 저평가도 아닌 수준으로, 향후 20거래일 내 강한 방향성을 만들 만큼의 밸류에이션 신호는 약합니다."", ""최근 1개월 수익률이 -6.15%이고 거래량 변화율도 -9.88%로 단기 모멘텀은 약하지만, 52주 내 현재 위치가 50.7%이고 재무 안정성도 양호해 하락을 단정할 근거도 부족합니다.""]",0.7481296758104738,15.710723192019952,-2.2765394370187804,11.827303587774114
035420,네이버,2025-02-03,217000,Neutral,67,"[""2024 3분기 매출이 전년동기 대비 11.1%, 영업이익이 38.2% 증가해 실적 모멘텀은 긍정적이다."", ""현재 주가가 52주 최고가의 93.2% 수준이고 최근 1개월 수익률이 8.55%로 단기 상승이 이미 상당 부분 반영된 상태다."", ""PER 19.6, PBR 1.43, ROE 7.3%는 과도한 저평가도 고평가도 아니며, 거래량 변화율 -37.08%로 추세 지속의 힘은 다소 약하다.""]",4.576659038901601,-5.034324942791762,2.2653308714028353,-8.114484027931326
035420,네이버,2025-03-04,205500,Neutral,66,"[""2024년 3분기 매출이 전년동기 대비 11.1%, 영업이익이 38.2% 증가해 펀더멘털 개선은 분명하지만, 이는 이미 주가에 일부 반영됐을 가능성을 배제할 수 없습니다."", ""최근 1개월 수익률이 -5.08%로 단기 모멘텀은 약한 반면 거래량 변화율이 48.42%로 커져 방향성은 있으나 상승·하락 어느 쪽으로도 단정하기 어렵습니다."", ""PER 18.5, PBR 1.35, ROE 7.3%는 극단적으로 저평가된 수준은 아니고, 52주 고점 대비 65.6% 위치라는 점도 향후 20거래일 내 강한 추세 전환을 확신하기에는 근거가 부족합니다.""]",3.132530120481928,-5.734939759036144,2.4801004159712092,-3.691650324957345
035420,네이버,2025-04-01,196700,Neutral,63,"[""2024년 매출과 영업이익이 각각 전년 대비 11.0%, 32.9% 증가해 펀더멘털은 개선됐지만, 이는 이미 상당 부분 주가에 반영됐을 가능성이 있습니다."", ""PER 15.5배, PBR 1.22배, ROE 7.9%는 과도하게 비싸지는 않지만 강한 저평가 신호도 아니어서 20거래일 내 추가 상승 근거가 제한적입니다."", ""최근 1개월 수익률이 -4.98%이고 거래량 변화율도 -36.38%로 약세 흐름과 수급 둔화가 나타나 단기 방향성을 확신하기 어렵습니다.""]",-9.560327198364007,2.505112474437628,-1.0937728018693793,0.47985966701821914
035420,네이버,2025-05-02,197400,Neutral,62,"[""2024년 매출이 전년 대비 11.0%, 영업이익이 32.9% 증가해 펀더멘털은 개선됐지만, 이는 이미 상당 부분 주가에 반영됐을 가능성이 있습니다."", ""PER 15.5배와 PBR 1.23배는 극단적으로 저평가된 수준은 아니며, ROE 7.9%도 강한 재평가를 이끌 만큼 높은 수준은 아닙니다."", ""최근 1개월 수익률이 0.92%로 모멘텀이 약하고 거래량 변화율이 -21.45%로 수급이 둔화되어 20거래일 내 뚜렷한 상승·하락 방향을 확신하기 어렵습니다.""]",-3.9678553490708186,-3.9678553490708186,-6.562074014079753,-13.224596354587952
035420,네이버,2025-06-02,186500,Neutral,66,"[""2025년 1분기 매출이 전년동기 대비 10.3%, 영업이익이 15.0% 증가해 펀더멘털 개선은 확인되지만, 이는 이미 주가에 상당 부분 반영됐을 가능성이 있습니다."", ""PER 15.4배, PBR 1.12배, ROE 7.3%는 극단적으로 저평가된 수준은 아니어서 20거래일 내 강한 추가 상승을 뒷받침하는 밸류에이션 매력은 제한적입니다."", ""최근 1개월 수익률이 -5.09%로 단기 모멘텀은 약하지만, 52주 최저가 대비 위치가 40.9%이고 부채비율 40.3%, 영업현금흐름 +6,067억원으로 재무 안정성은 양호해 방향성을 단정하기 어렵습니다.""]",7.223719676549865,36.38814016172507,1.839431879347571,23.92152354005078
035420,네이버,2025-07-01,262000,Neutral,67,"[""최근 1개월 수익률이 +38.40%이고 거래량 변화율도 +338.40%로 단기 모멘텀은 매우 강하지만, 이미 52주 최고가의 79.0% 수준까지 올라 추가 상승 여력은 제한적으로 보입니다."", ""2025년 1분기 매출이 전년동기 대비 +10.3%, 영업이익이 +15.0% 증가했고 영업이익률 18.1%, 순이익 4,237억원으로 실적과 수익성은 양호합니다."", ""PER 21.6, PBR 1.57, ROE 7.3%는 극단적으로 저평가된 수준은 아니며, 시가총액 41.1조원 대형주라는 점을 감안하면 향후 20거래일 내 추가 상승과 단기 조정 가능성이 함께 존재합니다.""]",0.7936507936507936,-7.142857142857142,-1.1146046550233732,-12.97721484644666
035420,네이버,2025-08-01,225000,Neutral,63,"[""2025년 1분기 매출이 전년동기 대비 10.3%, 영업이익이 15.0% 증가해 펀더멘털은 양호하지만, 이는 이미 과거 실적이라 향후 20거래일 주가 방향을 단정할 만큼 강한 단기 촉매는 아니다."", ""최근 1개월 수익률이 -11.07%이고 거래량 변화율도 -59.92%로 약세 추세와 수급 둔화가 확인되지만, 52주 내 현재 위치가 51.7%로 극단적 저점 구간은 아니다."", ""PER 18.6, PBR 1.35, ROE 7.3%, 부채비율 40.3%, 영업현금흐름 +6,067억원은 재무 안정성을 뒷받침하지만, 시가총액 35.3조원과 현재 주가 225,000원을 고려하면 단기 상승·하락 어느 쪽도 우세하다고 보기 어렵다.""]",-4.086021505376344,-3.225806451612903,-5.96101157765019,-4.0073170544244325
035420,네이버,2025-09-01,215500,Neutral,66,"[""2025년 2분기 매출과 영업이익이 각각 전년동기 대비 11.7%, 10.3% 증가해 펀더멘털은 양호하지만, 이는 이미 알려진 실적 개선으로 단기 주가 상승을 단정하기에는 부족합니다."", ""최근 1개월 수익률이 -8.30%이고 거래량 변화율도 -14.86%로 약세 흐름과 수급 둔화가 동시에 나타나 20거래일 내 방향성이 명확하지 않습니다."", ""PER 16.4배, PBR 1.29배, ROE 7.9%는 극단적으로 저평가되거나 고평가된 수준은 아니며, 52주 고점 대비 현재 위치도 44.6%로 중립적 구간에 있어 강한 매수·매도 신호가 부족합니다.""]",2.666666666666667,19.333333333333332,-0.09784544580516874,11.381814743013852
035420,네이버,2025-10-01,254500,Buy,78,"[""2025년 2분기 매출이 전년동기 대비 11.7%, 영업이익이 10.3% 증가해 실적 모멘텀이 확인됩니다."", ""영업이익률 17.9%와 영업현금흐름 1.1조원, 부채비율 40.9%는 수익성과 현금창출력, 재무안정성이 양호함을 보여줍니다."", ""최근 1개월 수익률 13.11%와 거래량 변화율 126.08%는 단기 상승 추세와 수급 개선을 시사하며, 현재 주가가 52주 최고가 대비 아직 여유가 있습니다.""]",2.9644268774703555,4.3478260869565215,-2.646962699365049,-9.098546486094941
035420,네이버,2025-11-03,274500,Neutral,67,"[""2025년 2분기 매출과 영업이익이 각각 전년동기 대비 +11.7%, +10.3%로 개선되어 실적 모멘텀은 긍정적이다."", ""부채비율 40.9%와 영업현금흐름 1.1조원은 재무 안정성이 양호해 급격한 하방 리스크를 완화한다."", ""다만 현재 주가는 52주 최고가의 87.0% 수준이고 최근 1개월 수익률이 +7.02%로 이미 단기 상승이 진행되어, 향후 20거래일 추가 상승 여력과 조정 가능성이 균형적이다.""]",-1.4981273408239701,-8.98876404494382,-1.1257118075783152,-5.91215076996772
035420,네이버,2025-12-01,243000,Neutral,67,"[""2025 3분기 매출이 전년동기 대비 15.6% 증가하고 영업이익도 8.6% 증가해 펀더멘털은 양호하지만, 영업이익률 18.2%와 ROE 8.4%는 강한 재평가를 단정할 수준은 아니다."", ""최근 1개월 수익률이 -9.16%이고 거래량 변화율도 -34.31%로 단기 모멘텀과 수급이 약해 향후 20거래일 상승을 강하게 기대하기 어렵다."", ""PER 16.7, PBR 1.41, 부채비율 41.6%, 영업현금흐름 2.2조원은 재무 안정성을 뒷받침하지만, 52주 고점 대비 58.2% 위치에 있어 방향성은 상승·하락 근거가 혼재한다.""]",2.05761316872428,1.646090534979424,-1.6626022042609874,-6.231394176892881
051910,LG화학,2023-01-02,604000,Sell,78,"[""최근 1개월 수익률이 -16.34%로 약세 흐름이 뚜렷하고, 거래량 변화율도 -29.00%로 수급 둔화가 동반되어 단기 반등 신호가 약합니다."", ""현재 주가는 52주 최고가 대비 크게 낮고 52주 내 위치가 49.4%로 중립권이지만, 직전 한 달간의 하락 모멘텀이 더 강해 20거래일 내 추가 약세 가능성을 높입니다."", ""2022 3분기 실적은 매출과 영업이익이 전년동기 대비 증가했지만, 영업현금흐름이 -1.5조원으로 현금창출력이 약해 단기 주가 방어 근거가 제한적입니다.""]",4.658901830282862,12.479201331114808,-1.318976908426646,1.202225832169475
051910,LG화학,2023-02-01,688000,Neutral,61,"[""최근 1개월 수익률이 +14.67%이고 현재 주가가 52주 최고가의 82.7% 수준으로 단기 모멘텀은 양호하지만, 이미 상당 부분 상승이 반영된 상태로 보입니다."", ""PER 14.6배, PBR 1.66배, ROE 11.4%는 수익성과 밸류에이션이 무난한 수준이지만, 향후 20거래일 내 추가 상승을 강하게 뒷받침할 만큼 저평가 신호는 뚜렷하지 않습니다."", ""2022년 3분기 매출과 영업이익이 전년동기 대비 증가했으나 영업현금흐름이 -1.5조원으로 부진해 실적 개선과 현금흐름 악화가 혼재되어 방향성을 단정하기 어렵습니다.""]",0.591715976331361,3.9940828402366866,0.07974293592437998,5.485042303637092
051910,LG화학,2023-03-02,678000,Neutral,61,"[""PER 14.4배, PBR 1.63배, ROE 11.3%로 수익성과 밸류에이션은 무난하지만, 이것만으로 향후 20거래일 주가 상승을 강하게 뒷받침하진 않습니다."", ""최근 1개월 수익률이 -1.74%로 단기 모멘텀이 약하고, 현재 주가가 52주 최고가 대비 79.4% 위치에 있어 추가 상승 여력과 단기 조정 가능성이 함께 존재합니다."", ""2022년 3분기 매출과 영업이익은 전년동기 대비 증가했지만, 영업현금흐름이 -1.5조원으로 현금창출 측면의 불안이 있어 단기 방향성을 확신하기 어렵습니다.""]",0.5689900426742532,1.2802275960170697,2.110064107154306,-0.5614134751692021
051910,LG화학,2023-04-03,712000,Sell,74,"[""현재가 712,000원은 52주 최고가 740,000원 대비 89.9% 수준으로 고점권에 위치해 있어 20거래일 내 추가 상승 여력이 제한적으로 보입니다."", ""최근 1개월 수익률이 1.28%에 그쳐 단기 모멘텀이 강하지 않고, 거래량 변화율 16.95%는 뚜렷한 추세 전환 신호로 보기에는 부족합니다."", ""PER 30.1과 PBR 1.77은 이익 성장 대비 밸류에이션 부담이 있는 편인데, 2022년 영업이익이 전년 대비 -40.4% 감소해 실적 모멘텀도 약합니다.""]",11.634349030470915,0.554016620498615,8.919181585066546,-0.28814890191410947
051910,LG화학,2023-05-02,746000,Neutral,61,"[""최근 1개월 수익률이 +4.78%이고 거래량 변화율도 +55.00%로 단기 모멘텀은 우호적이어서 20거래일 내 추가 상승 가능성을 완전히 배제하기 어렵습니다."", ""다만 현재 주가는 52주 최고가 대비 78.2% 수준으로 고점 부담이 남아 있고, PER 31.5와 PBR 1.86은 실적 대비 밸류에이션이 아주 저렴하다고 보기 어렵습니다."", ""2022년 매출은 증가했지만 영업이익이 전년 대비 -40.4% 감소했고 영업이익률도 5.8%에 그쳐 수익성 둔화가 확인되므로 상승과 하락 근거가 혼재합니다.""]",-4.820936639118457,-0.6887052341597797,-4.405169468733869,-4.684867383356231
051910,LG화학,2023-06-01,687000,Sell,74,"[""최근 1개월 수익률이 -7.16%이고 거래량 변화율도 -43.46%로, 단기 모멘텀과 수급이 동시에 약화된 모습입니다."", ""현재 주가는 52주 최고가 대비 중간 수준(52주 내 현재 위치 57.5%)이지만, 최근 하락 추세가 이어져 20거래일 내 추가 약세 가능성을 배제하기 어렵습니다."", ""2023년 1분기 매출은 전년동기 대비 +24.9%로 증가했지만 영업이익은 -22.8% 감소했고 ROE 5.9%, PER 29.0은 수익성 대비 밸류에이션 부담이 있어 단기 상승 근거가 약합니다.""]",3.467406380027739,-4.160887656033287,2.3914307365181986,-4.203557644039548
051910,LG화학,2023-07-03,691000,Neutral,61,"[""최근 1개월 수익률이 0.58%로 거의 정체되어 있어 단기 추세의 방향성이 뚜렷하지 않습니다."", ""52주 최고가 대비 현재 위치가 58.8%로 중간 수준이며, 거래량 변화율 8.13%도 강한 추세 전환을 확정할 정도는 아닙니다."", ""2023 1분기 매출은 전년동기 대비 24.9% 증가했지만 영업이익은 22.8% 감소해 실적 모멘텀이 혼재되어 있고, PER 29.2와 ROE 5.9%는 밸류에이션 대비 수익성 매력이 강하다고 보기 어렵습니다.""]",-3.823529411764706,-3.6764705882352944,-2.635086842230012,-6.520712117400732
051910,LG화학,2023-08-01,655000,Neutral,61,"[""최근 1개월 수익률이 -5.21%로 단기 모멘텀이 약하지만, 거래량 변화율이 71.51%로 높아 방향성은 아직 단정하기 어렵습니다."", ""2023년 1분기 매출은 전년동기 대비 24.9% 증가했으나 영업이익은 22.8% 감소해 실적 개선과 수익성 둔화가 동시에 나타납니다."", ""PER 27.7배와 PBR 1.62배는 부담이 아주 낮지 않고, ROE 5.8%와 영업이익률 5.5%는 강한 상승 근거로 보기에는 제한적입니다.""]",-1.8691588785046727,-9.190031152647975,-1.4353683133539195,-6.889221282861591
051910,LG화학,2023-09-01,570000,Sell,82,"[""최근 1개월 수익률이 -11.21%로 약세 흐름이 뚜렷하고, 거래량 변화율도 -42.80%로 수급 둔화가 확인됩니다."", ""현재 주가는 52주 최고가 대비 크게 낮고 52주 내 위치가 11.8%에 불과해 추세적으로 하방 압력이 우세한 구간으로 해석됩니다."", ""2분기 매출은 증가했지만 영업이익이 전년동기 대비 -29.9% 감소해 수익성 둔화가 나타나며, PER 24.1과 ROE 5.8%는 단기 반등을 강하게 지지할 만큼 매력적이지 않습니다.""]",-4.266211604095563,-14.761092150170649,-3.1956190444623553,-7.958360533448196
051910,LG화학,2023-10-04,486000,Sell,84,"[""현재가가 52주 최저가(486,000원)와 동일하고 52주 내 현재 위치가 0.0%로, 기술적으로 추가 하락 압력이 남아 있는 약세 구간에 있습니다."", ""최근 1개월 수익률이 -15.62%로 단기 모멘텀이 매우 부정적이며, 거래량 변화율 14.08%는 하락 추세 속 변동성 확대 가능성을 시사합니다."", ""2023 2분기 매출은 전년동기 대비 +18.8% 증가했지만 영업이익은 -29.9% 감소했고 영업이익률도 4.2%에 그쳐 수익성 둔화가 뚜렷합니다.""]",5.179282868525896,-6.175298804780876,2.992978991008831,-4.70833258744023
051910,LG화학,2023-11-01,431000,Sell,78,"[""최근 1개월 수익률이 -14.65%로 약세 추세가 뚜렷하고, 현재가가 52주 최저가 426,000원에 매우 근접해 52주 내 위치가 1.2%에 불과합니다."", ""거래량 변화율이 33.69%로 높아졌지만, 이는 하락 국면에서의 변동성 확대 신호로도 해석될 수 있어 단기 반등 근거로는 부족합니다."", ""2023년 2분기 매출은 전년동기 대비 증가했지만 영업이익은 -29.9% 감소했고 영업이익률도 4.2%에 그쳐 수익성 둔화가 확인됩니다.""]",2.634467618002195,9.989023051591657,-0.9487888946817495,1.7875651663787746
051910,LG화학,2023-12-01,486500,Neutral,61,"[""최근 1개월 수익률이 +6.81%로 단기 모멘텀은 양호하지만, 거래량 변화율이 -18.70%로 상승 추세의 신뢰도는 높지 않습니다."", ""52주 최고가 대비 현재 위치가 15.2%에 불과해 기술적으로는 저점권에 가깝지만, 이것만으로 향후 20거래일 추가 상승을 단정하기는 어렵습니다."", ""PER 20.6배와 ROE 5.7%는 밸류에이션 대비 수익성이 아주 강하지 않고, 2023년 3분기 매출과 영업이익이 전년동기 대비 각각 -3.5%, -5.6% 감소해 펀더멘털 모멘텀이 제한적입니다.""]",0.5285412262156448,1.6913319238900635,0.1146164961017137,-1.174331409377006
051910,LG화학,2024-01-02,493500,Sell,74,"[""최근 1개월 수익률이 -2.08%이고 거래량 변화율도 -13.86%로, 단기 모멘텀과 수급이 모두 약한 편입니다."", ""현재 주가는 52주 최고가 대비 크게 낮고 52주 내 위치가 16.9%에 불과해, 추세상 반등보다 약세 흐름이 우세합니다."", ""2023년 3분기 매출과 영업이익이 전년동기 대비 각각 -3.5%, -5.6% 감소해 실적 개선을 통한 단기 주가 상승 근거가 제한적입니다.""]",-3.329864724245578,-9.573361082206034,-0.8242171411043357,-5.346015657227808
051910,LG화학,2024-02-01,430000,Sell,82,"[""최근 1개월 수익률이 -10.51%로 단기 추세가 이미 약세이며, 52주 최고가 대비 현재 위치가 9.8%에 불과해 반등보다 추가 약세 구간에 머물 가능성이 높습니다."", ""2023년 3분기 매출(-3.5%)과 영업이익(-5.6%)이 전년동기 대비 모두 감소해 실적 모멘텀이 약하고, 영업이익률 6.4%도 강한 이익 확장 신호로 보기 어렵습니다."", ""PER 18.2배와 ROE 5.7%는 수익성 대비 밸류에이션 매력이 크지 않으며, 거래량 변화율 25.28%는 변동성 확대 신호일 수 있으나 상승 방향을 뒷받침하는 근거로는 부족합니다.""]",2.1691973969631237,-4.229934924078091,0.8565423006265547,-5.230963482834025
051910,LG화학,2024-03-04,462000,Neutral,63,"[""최근 1개월 수익률이 +8.32%이고 거래량 변화율도 +53.12%로 단기 모멘텀은 양호하지만, 52주 최고가 대비 현재 위치가 17.1%에 불과해 추세 회복이 아직 제한적입니다."", ""PER 19.5배와 PBR 1.11배는 극단적으로 저평가된 수준은 아니며, ROE 5.7%도 자본효율성이 강하다고 보기 어려워 추가 상승 근거가 강하지 않습니다."", ""2023년 3분기 매출과 영업이익이 각각 전년동기 대비 -3.5%, -5.6% 감소해 실적 모멘텀이 약하고, 다만 부채비율 87.4%와 영업현금흐름 +4.1조원은 재무 불안이 크지 않아 하락을 단정할 정도도 아닙니다.""]",-0.44198895027624313,-6.2983425414364635,-1.6652847908439132,-10.21470096221097
051910,LG화학,2024-04-01,430500,Sell,78,"[""현재 주가는 52주 최고가 대비 9.9% 수준으로 연중 저점권에 가깝지만, 최근 1개월 수익률이 -4.97%로 약세 흐름이 이어지고 있습니다."", ""거래량 변화율이 -35.26%로 수급이 둔화된 상태라 단기 반등의 신뢰도가 높지 않습니다."", ""PER 25.2배와 ROE 4.2% 조합은 수익성 대비 밸류에이션 부담이 있는 편이며, 2023년 영업이익도 전년 대비 -15.1% 감소해 20거래일 내 상승 근거가 약합니다.""]",-6.839622641509433,-4.481132075471698,-5.096171479935097,-1.9563968621168706
051910,LG화학,2024-05-02,405000,Neutral,61,"[""현재 주가는 52주 최고가 대비 8.6% 수준으로 저점권에 가깝지만, 최근 1개월 수익률이 -5.92%로 단기 추세는 여전히 약세입니다."", ""거래량 변화율이 26.99%로 높아 단기 변동성 확대 가능성은 있으나, 이것만으로 20거래일 상승 방향을 확정하기는 어렵습니다."", ""PER 23.7과 ROE 4.1%는 수익성 대비 밸류에이션 부담이 있고, 2023년 영업이익이 전년 대비 -15.1% 감소해 펀더멘털 모멘텀이 강하지 않습니다.""]",-3.0978934324659235,-10.532837670384138,-4.987583079522107,-9.989990881698358
051910,LG화학,2024-06-03,357500,Sell,84,"[""최근 1개월 수익률이 -11.18%이고 거래량 변화율도 -13.03%로, 단기 추세와 수급이 모두 약세를 보이고 있습니다."", ""현재 주가가 52주 최저가 350,500원에 매우 근접해 52주 내 위치가 1.7%에 불과해, 향후 20거래일 내 추가 하락 압력이 우세합니다."", ""2024년 1분기 매출이 전년동기 대비 -18.7%, 영업이익이 -67.1% 감소했고 영업이익률도 2.3%에 그쳐 실적 모멘텀이 약합니다.""]",2.9085872576177287,-0.2770083102493075,0.426712046318372,-5.232118937197969
051910,LG화학,2024-07-01,355500,Sell,78,"[""2024 1분기 매출이 전년동기 대비 18.7% 감소하고 영업이익이 67.1% 급감해 단기 실적 모멘텀이 약합니다."", ""영업이익률이 2.3%에 불과하고 ROE도 3.1%로 낮아 수익성 측면에서 주가 상승을 뒷받침할 근거가 약합니다."", ""현재 주가는 52주 최저가 344,000원에 매우 근접해 있고 최근 1개월 수익률도 1.43%에 그치며 거래량도 8.85% 감소해 반등 탄력이 제한적으로 보입니다.""]",2.6912181303116145,-13.59773371104816,-0.42004960700705585,-12.063316300606784
051910,LG화학,2024-08-01,314000,Sell,84,"[""최근 1개월 수익률이 -12.78%로 약세 추세가 뚜렷하고, 현재 주가가 52주 최저가 305,000원에 매우 근접한 52주 내 위치 2.1%에 있어 단기 모멘텀이 약합니다."", ""2024년 1분기 매출이 전년동기 대비 -18.7%, 영업이익이 -67.1% 감소해 실적 둔화가 크고, 영업이익률도 2.3%로 낮아 향후 20거래일 내 반등 근거가 약합니다."", ""PBR 0.75로 자산가치 대비 저평가처럼 보이지만 ROE 3.1%로 수익성이 낮고 PER 24.5는 이익 대비 부담이 있어, 현재 데이터만으로는 상승보다 하락 가능성이 더 우세합니다.""]",-7.293354943273905,10.21069692058347,-4.0140661035427865,10.03096379251708
051910,LG화학,2024-09-02,340000,Sell,78,"[""PER 163.9에 ROE 0.5%로 이익창출 대비 밸류에이션 부담이 매우 크고, 현재가 340,000원은 52주 최고가 대비 낮지만 52주 최저가 대비로는 이미 상당히 회복된 구간입니다."", ""2024년 2분기 매출이 전년동기 대비 -14.2%, 영업이익이 -34.3%로 감소해 실적 모멘텀이 약하며, 영업이익률도 3.3%에 그쳐 단기 주가 상승을 뒷받침할 강한 개선 신호가 부족합니다."", ""최근 1개월 수익률이 +8.28%이고 거래량도 +16.55% 증가해 단기 반등은 있었지만, 순이익 598억원과 낮은 ROE를 감안하면 20거래일 내 추가 상승을 정당화할 근거보다 차익실현 압력이 더 커 보입니다.""]",-7.957957957957958,8.408408408408409,-2.658910810699229,11.045547523407489
051910,LG화학,2024-10-02,353500,Neutral,66,"[""PER 170.4배와 ROE 0.5%는 현재 주가가 이익창출력 대비 매우 비싸며, 향후 20거래일 내 추가 상승을 정당화할 펀더멘털 근거가 약합니다."", ""2024년 2분기 매출이 전년동기 대비 -14.2%, 영업이익이 -34.3%로 감소해 실적 모멘텀은 부정적이지만, 영업현금흐름 +1.9조원과 부채비율 90.2%는 재무불안이 과도하지는 않습니다."", ""최근 1개월 수익률 +12.76%와 거래량 변화율 +14.69%는 단기 반등 흐름을 시사하나, 52주 최고가 대비 현재 위치가 27.0%로 여전히 낮아 방향성이 상승·하락 어느 쪽으로도 확정적이지 않습니다.""]",0.5738880918220948,-7.173601147776183,-1.511172090066131,-7.9231020642219985
051910,LG화학,2024-11-01,318000,Sell,84,"[""최근 1개월 수익률이 -10.80%이고 거래량 변화율도 -13.49%로, 단기 추세와 수급이 모두 약세를 보여 향후 20거래일 추가 하락 가능성이 높습니다."", ""2024년 2분기 매출과 영업이익이 각각 전년동기 대비 -14.2%, -34.3% 감소했고 영업이익률도 3.3%에 그쳐 실적 모멘텀이 약합니다."", ""PER 153.3에 ROE 0.5%로 수익성 대비 밸류에이션 부담이 크며, 현재 주가가 52주 최고가 대비 18.3% 수준에 머물러 있어 반등 근거보다 약세 흐름이 우세합니다.""]",-6.0278207109737245,-12.673879443585781,-3.814199077660092,-7.479149493064925
051910,LG화학,2024-12-02,282500,Sell,82,"[""최근 1개월 수익률이 -11.16%이고 거래량 변화율도 -3.05%로, 단기 추세와 수급이 모두 약세입니다."", ""2024년 3분기 매출은 전년동기 대비 -6.1%, 영업이익은 -42.1%로 크게 둔화되어 향후 20거래일 내 주가 모멘텀에 불리합니다."", ""PER 76.1배에 ROE 0.9%로 수익성 대비 밸류에이션 부담이 크고, 현재 주가가 52주 최저가에 매우 근접해 있어 추가 하락 위험이 우세합니다.""]",-5.132743362831858,-10.265486725663717,-1.842474973567438,-7.938379809940352
051910,LG화학,2025-01-02,242500,Sell,84,"[""최근 1개월 수익률이 -14.61%로 약세 추세가 뚜렷하고, 현재가가 52주 최저가와 동일해 기술적으로도 추가 반등 근거가 약합니다."", ""2024년 3분기 매출은 전년동기 대비 -6.1%, 영업이익은 -42.1%로 크게 둔화되어 단기 실적 모멘텀이 부정적입니다."", ""PER 65.3은 높은 반면 ROE는 0.9%에 불과해 이익 대비 밸류에이션 부담이 크고, 향후 20거래일 내 주가 상승을 지지할 재료가 제한적입니다.""]",-3.353057199211045,-12.42603550295858,-6.377726312040299,-16.309455107204418
051910,LG화학,2025-02-03,222000,Sell,84,"[""최근 1개월 수익률이 -10.48%이고 거래량 변화율도 -21.42%로, 단기 추세와 수급이 모두 약세를 보이고 있습니다."", ""52주 최저가가 222,000원이며 현재가도 동일해 52주 내 최저점 부근에 위치해 있어 추가 하락 압력이 남아 있을 가능성이 있습니다."", ""2024 3분기 매출과 영업이익이 각각 전년동기 대비 -6.1%, -42.1% 감소했고 영업이익률도 3.9%에 그쳐 실적 모멘텀이 약합니다.""]",3.9906103286384975,8.215962441314554,1.6792821611397315,5.135803356174989
051910,LG화학,2025-03-04,227500,Sell,82,"[""최근 1개월 수익률이 -4.21%로 단기 추세가 약하고, 현재 주가가 52주 최저가 대비 4.9% 수준에 불과해 기술적으로도 하방 압력이 우세합니다."", ""2024년 3분기 매출이 전년동기 대비 -6.1%, 영업이익이 -42.1%로 크게 감소해 실적 모멘텀이 약하며, 영업이익률 3.9%도 낮은 수준입니다."", ""PER 61.2는 이익 대비 밸류에이션 부담이 큰 반면 ROE 0.9%는 자본효율성이 매우 낮아, 향후 20거래일 내 주가 반등을 뒷받침할 근거가 약합니다.""]",8.893709327548807,0.8676789587852495,8.241279623038087,2.9109683928640484
051910,LG화학,2025-04-01,244000,Neutral,66,"[""PBR 0.57로 자산가치 대비 저평가 구간이지만, PER이 적자라 수익성 기반의 상승 논거는 약합니다."", ""2024년 매출은 48.9조원으로 크지만 전년 대비 11.5% 감소했고, 영업이익도 63.8% 급감해 실적 모멘텀이 약합니다."", ""현재 주가는 52주 최고가 대비 12.5% 수준으로 낮고 최근 1개월 수익률과 거래량은 개선됐지만, 20거래일 방향을 단정할 만큼 강한 추세 신호는 아닙니다.""]",-12.473118279569892,-7.096774193548387,-4.006563883075264,-9.122027000967796
051910,LG화학,2025-05-02,210000,Sell,82,"[""최근 1개월 수익률이 -9.68%이고 거래량 변화율도 -33.41%로, 단기 추세와 수급이 동시에 약세를 보이고 있습니다."", ""현재 주가는 52주 최고가 대비 크게 하락해 있으며 52주 내 현재 위치가 3.2%로 최저가 부근에 있어 추가 하락 압력이 우세한 구간으로 해석됩니다."", ""2024년 매출과 영업이익이 각각 전년 대비 -11.5%, -63.8% 감소했고 영업이익률도 1.9%에 불과해 실적 모멘텀이 약합니다.""]",-2.1634615384615383,-3.125,-4.757680203470473,-12.381741005517133
051910,LG화학,2025-06-02,195300,Neutral,66,"[""2025년 1분기 매출이 전년동기 대비 4.8% 증가하고 영업이익이 68.9% 늘어 실적 개선은 확인되지만, 영업이익률이 3.7%로 아직 낮아 추세적 강세를 단정하기 어렵습니다."", ""현재 주가는 52주 최고가 대비 6.0% 수준으로 바닥권에 가깝고 PBR 0.46으로 저평가처럼 보이지만, 최근 1개월 수익률이 -13.39%로 약세 모멘텀이 여전히 강합니다."", ""거래량 변화율이 30.00%로 수급 변화 가능성은 있으나, 적자 상태로 PER이 없고 향후 20거래일 방향을 단정할 만큼 상승·하락 근거가 한쪽으로 충분히 쏠리지는 않습니다.""]",5.938600905888274,29.34071464519376,0.5543131086859798,16.874098023519473
051910,LG화학,2025-07-01,229000,Buy,78,"[""2025년 1분기 매출이 전년동기 대비 4.8% 증가하고 영업이익이 68.9% 증가해 실적 모멘텀이 개선되고 있습니다."", ""영업이익률 3.7%와 순이익 2,604억원, 영업현금흐름 1.9조원으로 수익성과 현금창출력이 적자 구간을 벗어난 개선 흐름을 보입니다."", ""주가는 52주 최고가 대비 25.2% 수준으로 여전히 낮고, 최근 1개월 수익률이 +14.90%로 단기 상승 추세가 이어지고 있어 향후 20거래일 추가 반등 가능성이 있습니다.""]",8.333333333333332,27.500000000000004,6.425077884659165,21.665642296410486
051910,LG화학,2025-08-01,290000,Buy,74,"[""2025년 1분기 매출이 전년동기 대비 4.8% 증가했고 영업이익이 68.9% 증가해 실적 모멘텀이 개선되고 있습니다."", ""영업이익률 3.7%와 순이익 2,604억원, 영업현금흐름 1.9조원으로 흑자 및 현금창출이 확인되어 단기 주가 하방 압력을 완화합니다."", ""PBR 0.68로 자산가치 대비 저평가 구간이며, 최근 1개월 수익률 12.84%와 52주 고점 대비 60.2% 위치는 추가 상승 여지가 남아 있음을 시사합니다.""]",-4.145077720207254,-6.90846286701209,-6.0200677924811,-7.689973469823619
051910,LG화학,2025-09-01,271500,Sell,78,"[""최근 1개월 수익률이 -9.95%이고 거래량 변화율도 -32.84%로, 단기 추세와 수급이 동시에 약세를 보이고 있습니다."", ""2025년 2분기 매출은 전년동기 대비 6.7% 감소했으며 순이익도 -1,119억원 적자로, 실적 개선에도 불구하고 최종 이익 체력이 아직 불안정합니다."", ""PBR 0.68로 저평가처럼 보이지만 PER이 적자로 산출되지 않고 52주 내 현재 위치가 49.9%에 불과해, 향후 20거래일 내 강한 상승을 뒷받침할 직접적인 모멘텀이 약합니다.""]",8.719851576994433,3.153988868274583,5.955339464522597,-4.797529722044897
051910,LG화학,2025-10-01,281500,Neutral,61,"[""최근 1개월 수익률이 +4.45%로 단기 모멘텀은 양호하지만, 거래량 변화율이 -9.49%로 상승 추세의 신뢰도는 높지 않습니다."", ""2025년 2분기 영업이익은 전년동기 대비 +21.5% 증가했고 영업현금흐름도 +3.2조원으로 양호하지만, 순이익은 -1,119억원 적자로 최종 이익 개선이 확인되지 않습니다."", ""PBR 0.70과 부채비율 110.7%는 밸류에이션 부담은 낮지만 재무 안정성과 수익성 신호가 혼재되어 있어 향후 20거래일 방향성을 단정하기 어렵습니다.""]",12.432432432432433,38.91891891891892,6.821042855597029,25.472546345867457
051910,LG화학,2025-11-03,393000,Sell,74,"[""주가는 52주 최고가의 89.8% 수준으로 단기 과열 구간에 가깝고, 최근 1개월 수익률이 39.12%로 급등한 뒤 되돌림 위험이 커 보입니다."", ""거래량 변화율이 133.96%로 급증해 단기 모멘텀은 강하지만, 이런 급등·급증 조합은 향후 20거래일 내 변동성 확대와 차익실현 압력을 시사합니다."", ""2분기 영업이익은 증가했지만 순이익이 -1,119억원으로 적자이며 PER도 적자 상태라, 실적 개선이 주가 추가 상승을 강하게 뒷받침한다고 보기 어렵습니다.""]",1.139240506329114,-5.949367088607595,1.511656039574769,-2.8727538136314936
051910,LG화학,2025-12-01,372000,Neutral,66,"[""3분기 영업이익이 전년동기 대비 38.9% 증가하고 순이익도 흑자를 유지해 실적 모멘텀은 개선됐지만, 매출은 전년동기 대비 11.3% 감소해 외형 성장 둔화가 함께 나타났습니다."", ""PBR 0.90과 부채비율 113.0%, 영업현금흐름 +5.7조원은 재무 부담이 과도하지 않으면서 현금창출력은 양호함을 시사하지만, PER이 적자로 산출되지 않아 밸류에이션 판단의 일관성이 제한됩니다."", ""주가는 52주 고점 대비 80% 위치로 높고 최근 1개월 수익률이 -6.42%이며 거래량도 -32.01% 감소해 단기 추세와 수급은 약세지만, 52주 저점 대비로는 여전히 높은 수준이라 방향성을 단정하기 어렵습니다.""]",2.1534320323014806,-13.189771197846568,-1.5667833406837866,-21.067255909718874
352820,HYBE,2023-01-02,169500,Neutral,62,"[""최근 1개월 수익률이 +10.42%이고 거래량 변화율도 +25.46%로 단기 모멘텀은 우호적이어서 20거래일 내 추가 상승 가능성을 완전히 배제하기 어렵습니다."", ""다만 현재 주가는 52주 최고가 대비 24.1% 수준에 불과해 중기 반등 여지는 있으나, PER 25.4와 PBR 2.12는 단기적으로 강한 저평가 신호로 보기 어렵습니다."", ""2022년 3분기 매출은 +30.6% 증가했지만 영업이익은 -7.6% 감소했고 영업이익률 13.6%로 수익성 개선이 뚜렷하지 않아 상승·하락 근거가 혼재합니다.""]",-3.39943342776204,6.458923512747876,-9.377312166471548,-4.818051986197458
352820,HYBE,2023-02-01,189500,Neutral,61,"[""최근 1개월 수익률이 +9.22%이고 거래량 변화율도 +9.81%로 단기 모멘텀은 우호적이어서 20거래일 내 추가 상승 가능성을 완전히 배제하기 어렵습니다."", ""다만 현재 PER 28.4배와 PBR 2.37배는 수익성과 자산가치 대비 밸류에이션 부담이 존재하며, ROE 8.3%는 높은 멀티플을 강하게 정당화할 수준은 아닙니다."", ""2022년 3분기 매출은 전년동기 대비 +30.6%로 성장했지만 영업이익은 -7.6% 감소했고, 영업이익률 13.6%로 이익 모멘텀이 매출 성장만큼 강하지 않아 방향성을 단정하기 어렵습니다.""]",5.534858967535923,-0.2660989888238425,5.022885927128942,1.2248604745765634
352820,HYBE,2023-03-02,187000,Neutral,61,"[""최근 1개월 수익률이 -2.45%로 단기 모멘텀이 약하지만, 거래량 변화율이 96.64%로 급증해 방향성은 아직 단정하기 어렵습니다."", ""PER 28.0, PBR 2.34는 시장이 일정 수준의 성장 기대를 반영한 수준이지만, ROE 8.3%로 수익성 대비 밸류에이션 매력이 강하다고 보긴 어렵습니다."", ""2022 3분기 매출은 전년동기 대비 30.6% 증가했으나 영업이익은 7.6% 감소해 실적의 질이 엇갈리고, 부채비율 55.9%와 영업현금흐름 +2,281억원은 재무 안정성을 뒷받침하지만 20거래일 내 주가 방향을 강하게 지지할 정도는 아닙니다.""]",-1.9743863393810033,0.8004268943436499,-0.4333122749009506,-1.041214176842622
352820,HYBE,2023-04-03,184000,Sell,78,"[""PER 145.4배와 PBR 2.75배는 현재 주가가 실적 대비 높은 수준임을 시사하는 반면 ROE는 1.9%로 낮아 밸류에이션 부담이 큽니다."", ""최근 1개월 수익률이 -1.81%이고 거래량 변화율도 -42.54%로, 단기 모멘텀과 수급이 약한 흐름입니다."", ""52주 최고가 대비 현재 위치가 34.9%에 불과해 고점 대비 크게 낮지만, 이를 반전시킬 만큼의 강한 단기 상승 근거는 제공된 데이터에서 확인되지 않습니다.""]",17.971623751970572,54.75564897530215,15.256456306566204,53.91348345288942
352820,HYBE,2023-05-02,284500,Sell,82,"[""현재가가 52주 최고가와 동일하고 52주 내 현재 위치가 100.0%로, 단기적으로 가격이 이미 극단적으로 상승한 상태라 추가 상승 여력이 제한적입니다."", ""최근 1개월 수익률이 50.61%로 급등했고 거래량 변화율도 22.88%로 높아, 20거래일 관점에서는 과열 이후 차익실현 압력이 커질 가능성이 있습니다."", ""PER 224.9와 PBR 4.25는 실적 대비 밸류에이션 부담이 크고 ROE 1.9%도 낮아, 현재 주가 수준을 정당화할 이익 성장 근거가 약합니다.""]",-5.772495755517826,-8.31918505942275,-5.356728585133238,-12.315347208619201
352820,HYBE,2023-06-01,277500,Sell,74,"[""PER 260.6, PBR 4.04, ROE 1.6%로 밸류에이션 대비 수익성 효율이 낮아 현재 주가가 실적 대비 과도하게 높게 형성된 모습입니다."", ""주가가 52주 최고가의 90.8% 수준에 위치해 있어 단기적으로 추가 상승 여력이 제한적인 반면, 최근 1개월 수익률은 2.78%로 강한 모멘텀도 확인되지 않습니다."", ""거래량 변화율이 -21.47%로 수급이 약해지고 있으며, 2023년 1분기 실적은 성장했지만 영업이익률 12.8%와 순이익 230억원을 감안하면 현재 시가총액 12.0조원을 지지할 만큼의 추가 상승 근거는 약합니다.""]",8.88888888888889,3.5185185185185186,7.812913245379349,3.4758485305122577
352820,HYBE,2023-07-03,279500,Sell,78,"[""PER 262.4배와 PBR 4.07배는 현재 실적 대비 밸류에이션 부담이 매우 크며, ROE 1.6%로 자본효율성도 낮아 20거래일 내 추가 상승 여력이 제한적입니다."", ""주가는 52주 최고가 307,000원 대비 86.1% 위치에 있어 이미 고점권에 가깝고, 최근 1개월 수익률이 0.72%에 그쳐 단기 모멘텀이 강하지 않습니다."", ""2023년 1분기 매출과 영업이익은 각각 전년동기 대비 +44.1%, +41.7%로 양호하지만, 순이익 230억원과 영업이익률 12.8%를 감안해도 현재 시가총액 12.0조원을 정당화하기엔 부족해 단기 조정 가능성이 더 큽니다.""]",-5.594405594405594,-11.188811188811188,-4.405963024870901,-14.033052717976627
352820,HYBE,2023-08-01,254000,Neutral,61,"[""2023년 1분기 매출과 영업이익이 각각 전년동기 대비 44.1%, 41.7% 증가해 실적 모멘텀은 양호하지만, 이는 이미 과거 실적이며 향후 20거래일 주가 방향을 단정할 수준은 아닙니다."", ""PER 238.5배와 PBR 3.70배는 밸류에이션 부담이 매우 크고 ROE 1.6%로 자본효율성이 낮아 단기적으로 추가 상승 여력이 제한될 수 있습니다."", ""최근 1개월 수익률이 -9.12%로 약세이고 현재 주가가 52주 최고가 대비 73.2% 수준에 머물러 있어 반등 가능성과 추세 약세가 혼재되어 방향성을 확신하기 어렵습니다.""]",2.976190476190476,0.1984126984126984,3.409981041341229,2.4992225681990834
352820,HYBE,2023-09-01,249000,Sell,78,"[""PER 163.8, PBR 3.42로 밸류에이션 부담이 큰 반면 ROE가 2.1%에 불과해 현재 주가 수준을 정당화할 이익창출력이 약합니다."", ""최근 1개월 수익률이 -1.19%이고 거래량 변화율도 -11.83%로, 단기 모멘텀과 수급이 모두 약한 편입니다."", ""매출은 전년동기 대비 +21.2% 증가했지만 영업이익은 -7.9% 감소했고 영업이익률 13.1% 및 영업현금흐름 +219억원은 양호하나, 고평가 부담을 상쇄할 만큼 강한 상승 근거로 보기는 어렵습니다.""]",-2.3952095808383236,-8.582834331337326,-1.3246170212051158,-1.7801027146148725
352820,HYBE,2023-10-04,222500,Sell,78,"[""최근 1개월 수익률이 -9.37%이고 거래량 변화율도 -44.60%로, 단기 추세와 수급이 모두 약세를 보여 향후 20거래일 추가 하락 가능성이 높습니다."", ""PER 146.4배와 PBR 3.06배는 현재 이익 대비 밸류에이션 부담이 큰 수준인데, ROE가 2.1%에 불과해 높은 평가를 정당화할 성장·수익성 근거가 약합니다."", ""2023년 2분기 매출은 증가했지만 영업이익은 전년동기 대비 -7.9% 감소했고 영업이익률 13.1%도 개선 신호로 보기 어려워, 실적 모멘텀이 강하지 않습니다.""]",7.709251101321586,-4.845814977973569,5.52294722380452,-3.3788487606329225
352820,HYBE,2023-11-01,230500,Sell,74,"[""PER 151.6과 PBR 3.17은 현재 실적 대비 밸류에이션 부담이 큰 수준인데 ROE가 2.1%에 불과해 20거래일 내 추가 상승을 정당화할 이익 효율성이 약합니다."", ""최근 1개월 수익률이 -4.95%로 단기 추세가 약하고, 현재 주가가 52주 최고가 대비 60.2% 수준에 머물러 있어 강한 모멘텀 회복 신호가 확인되지 않습니다."", ""매출은 전년동기 대비 +21.2%로 성장했지만 영업이익은 -7.9% 감소했고 영업이익률도 13.1%에 그쳐, 성장 대비 수익성 둔화가 단기 주가에 부담입니다.""]",-6.813186813186813,-5.274725274725275,-10.396443325870758,-13.476183159938156
352820,HYBE,2023-12-01,211500,Neutral,61,"[""최근 1개월 수익률이 -7.03%로 단기 모멘텀이 약하지만, 거래량 변화율이 110.35%로 급증해 방향성은 아직 단정하기 어렵습니다."", ""PER 116.3과 PBR 2.77은 밸류에이션 부담이 큰 편인 반면, ROE 2.4%는 자본효율성이 낮아 현재 주가를 강하게 지지하기 어렵습니다."", ""2023 3분기 매출과 영업이익이 각각 전년동기 대비 +20.7%, +19.8% 증가했고 영업현금흐름도 플러스이지만, 성장 대비 수익성·평가 부담을 상쇄할 만큼 강한 상승 근거로 보기는 어렵습니다.""]",13.875598086124402,15.07177033492823,13.46167335601047,12.20610700166116
352820,HYBE,2024-01-02,241500,Neutral,61,"[""최근 1개월 수익률이 +12.33%로 단기 모멘텀은 양호하지만, 거래량 변화율이 -56.42%로 상승 추세의 지속성을 뒷받침하는 수급 강도는 약합니다."", ""2023년 3분기 매출(+20.7%), 영업이익(+19.8%), 순이익 증가와 영업현금흐름(+476억원)은 펀더멘털 개선을 시사하지만, PER 132.8과 PBR 3.17은 현재 주가에 높은 기대가 반영된 상태입니다."", ""ROE 2.4%로 자본효율성이 낮고, 현재 주가가 52주 최고가 대비 중간 수준(52.9%)에 있어 추가 상승과 조정 가능성이 함께 존재해 20거래일 방향성을 단정하기 어렵습니다.""]",4.592901878914405,-15.866388308977037,7.098549462055647,-11.63904288399881
352820,HYBE,2024-02-01,199000,Sell,78,"[""PER 109.4와 PBR 2.61은 현재 실적 대비 밸류에이션 부담이 큰 수준인데 ROE가 2.4%로 낮아 20거래일 내 추가 상승 여력이 제한적입니다."", ""최근 1개월 수익률이 -16.91%이고 현재 주가가 52주 최고가 대비 19.1% 위치에 있어 단기 추세가 약세로 기울어져 있습니다."", ""2023년 3분기 매출과 영업이익은 각각 전년동기 대비 +20.7%, +19.8%로 양호하지만, 이미 주가가 크게 조정된 상황에서 거래량 변화율 1.45%는 강한 반전 신호로 보기 어렵습니다.""]",0.0,-8.75912408759124,-1.312655096336569,-9.760152646347176
352820,HYBE,2024-03-04,192700,Neutral,66,"[""최근 1개월 수익률이 -5.77%이고 현재 주가가 52주 최고가 대비 14.4% 수준에 머물러 있어 단기 추세는 약세지만, 거래량 변화율 15.52%로 반등 시도 가능성도 함께 존재합니다."", ""2023년 3분기 매출과 영업이익이 각각 전년동기 대비 +20.7%, +19.8% 증가했고 영업이익률 13.5%, 순이익 +997억원으로 실적 자체는 양호합니다."", ""다만 PER 105.9, PBR 2.53, ROE 2.4%로 밸류에이션 부담 대비 수익성 효율이 낮아 향후 20거래일 내 뚜렷한 상승 근거가 강하지 않습니다.""]",8.430540827147402,17.9745493107105,7.207244986579732,14.058190889935995
352820,HYBE,2024-04-01,226500,Neutral,61,"[""최근 1개월 수익률이 +13.76%이고 거래량 변화율도 +10.66%로 단기 모멘텀은 우호적이어서 20거래일 내 추가 상승 가능성을 완전히 배제하기 어렵습니다."", ""다만 현재 PER 50.3배와 PBR 3.23배는 실적 대비 밸류에이션 부담이 큰 수준이며, 52주 최고가 대비 현재 위치가 35.5%로 이미 상당 부분 반등한 상태입니다."", ""2023년 매출과 영업이익은 각각 +22.6%, +24.8% 성장했고 영업현금흐름도 플러스이지만, 이러한 펀더멘털 개선이 단기 주가에 추가로 얼마나 반영될지는 불확실해 방향성을 단정하기 어렵습니다.""]",-2.696629213483146,-10.112359550561797,-0.9531780519088093,-7.58762433720697
352820,HYBE,2024-05-02,200000,Neutral,61,"[""최근 1개월 수익률이 -11.70%로 단기 모멘텀이 약하고, 현재 주가가 52주 최고가 대비 11.6% 위치에 있어 추세 반전 여부가 아직 불확실합니다."", ""거래량 변화율이 47.00%로 높아 단기 변동성 확대 가능성은 있으나, 이것이 상승 추세의 확인 신호인지 하락 지속의 신호인지 데이터만으로는 단정하기 어렵습니다."", ""2023년 매출과 영업이익은 각각 +22.6%, +24.8%로 성장했지만 PER 44.4와 PBR 2.85는 밸류에이션 부담이 있어 향후 20거래일 방향성을 강하게 한쪽으로 기울이기 어렵습니다.""]",-5.257985257985258,-1.71990171990172,-7.147674905041441,-1.1770549312159395
352820,HYBE,2024-06-03,200500,Sell,78,"[""2024년 1분기 매출이 전년동기 대비 12.1% 감소했고 영업이익은 72.6% 급감해 단기 실적 모멘텀이 약합니다."", ""영업이익률이 4.0%로 낮은데다 영업현금흐름이 -679억원으로 현금창출력이 부진해 향후 20거래일 주가에 부담 요인입니다."", ""PER 46.3배와 PBR 2.81배는 실적 대비 밸류에이션 부담이 큰 편인데, 최근 1개월 수익률이 -0.74%이고 52주 최고가 대비 현재 위치도 12.1%에 불과해 추가 상승 근거가 약합니다.""]",-0.44999999999999996,-1.5,-2.9318752112993565,-6.455110626948661
352820,HYBE,2024-07-01,200500,Sell,84,"[""2024년 1분기 매출이 전년동기 대비 12.1% 감소했고 영업이익은 72.6% 급감해 단기 실적 모멘텀이 약합니다."", ""영업이익률이 4.0%로 낮은데다 영업현금흐름이 -679억원으로 현금창출력이 부진해 20거래일 내 주가 반등 근거가 약합니다."", ""최근 1개월 수익률이 -1.72%이고 거래량 변화율도 -47.87%로 수급이 둔화된 가운데, 현재 주가가 52주 최고가 대비 크게 낮아도 추세 전환 신호는 부족합니다.""]",-1.4705882352941175,-12.778904665314403,-4.581855972612788,-11.244487254873027
352820,HYBE,2024-08-01,175300,Sell,84,"[""최근 1개월 수익률이 -11.02%이고 거래량 변화율도 -16.89%로, 단기 추세와 수급이 모두 약세를 보이고 있습니다."", ""현재 주가가 52주 최저가 170,300원에 매우 근접해 52주 내 현재 위치가 4.8%에 불과해, 20거래일 내 추가 하락 압력이 우세합니다."", ""2024년 1분기 매출이 전년동기 대비 -12.1%, 영업이익이 -72.6%로 급감했고 영업이익률도 4.0%에 그쳐 실적 모멘텀이 약합니다.""]",-4.756637168141593,-0.5530973451327433,-1.4773483284104745,-0.7328304731991342
352820,HYBE,2024-09-02,179800,Sell,78,"[""PER 96.5와 PBR 2.48은 현재 이익 대비 밸류에이션 부담이 큰 수준인데 ROE가 2.6%에 불과해 수익성 대비 주가 하방 압력이 존재합니다."", ""2024년 2분기 매출은 전년동기 대비 3.1% 증가에 그친 반면 영업이익은 37.4% 감소했고 영업이익률도 8.0%로 낮아 실적 모멘텀이 약합니다."", ""영업현금흐름이 -424억원으로 현금 창출력이 부진한 가운데 현재 주가는 52주 최고가 대비 18.0% 위치에 있어 추가 반등보다 조정 가능성을 더 크게 봅니다.""]",-7.982261640798225,-0.8869179600886918,-2.683214493539497,1.750221154910388
352820,HYBE,2024-10-02,170100,Sell,82,"[""최근 1개월 수익률이 -6.54%이고 거래량 변화율도 -20.98%로, 단기 추세와 수급이 모두 약세를 보여 향후 20거래일 추가 하락 가능성이 높습니다."", ""현재 주가는 52주 최고가 대비 크게 낮고 52주 내 위치가 12.3%에 불과해, 기술적으로도 반등보다 약세 흐름이 우세한 구간입니다."", ""2024년 2분기 매출은 +3.1% 증가했지만 영업이익은 -37.4% 감소했고 영업현금흐름도 -424억원으로 악화되어, 실적 모멘텀이 주가 상승을 지지하기 어렵습니다.""]",6.22478386167147,13.71757925072046,4.139723679783244,12.968078334274646
352820,HYBE,2024-11-01,186700,Neutral,66,"[""최근 1개월 수익률이 +10.60%로 단기 모멘텀은 양호하지만, 거래량 변화율이 -13.77%로 상승 추세의 지속성을 강하게 뒷받침하지는 않습니다."", ""2024년 2분기 매출은 전년동기 대비 +3.1%로 소폭 증가했으나 영업이익은 -37.4% 감소했고 영업이익률도 8.0%에 그쳐 수익성 둔화가 뚜렷합니다."", ""PER 100.2배와 ROE 2.6%는 밸류에이션 부담이 큰 반면, 영업현금흐름 -424억원은 현금창출력 측면의 불확실성을 키워 20거래일 방향성을 단정하기 어렵습니다.""]",1.3684744044602128,-3.801317790167258,3.5820960377738453,1.3934121603535976
352820,HYBE,2024-12-02,189800,Neutral,63,"[""최근 1개월 수익률이 1.66%로 강한 추세 상승이 아니고, 현재 주가가 52주 최고가 대비 32.5% 수준에 머물러 있어 단기 방향성이 뚜렷하지 않습니다."", ""거래량 변화율이 62.75%로 수급 관심은 증가했지만, 이를 뒷받침할 만큼 실적 모멘텀이 강하지 않아 상승 신호로 단정하기 어렵습니다."", ""2024년 3분기 매출과 영업이익이 각각 전년동기 대비 감소했고 순이익도 14억원에 그쳐, 향후 20거래일 내 주가 상승 근거와 하락 근거가 혼재합니다.""]",-0.9533366783743101,0.8529854490717512,2.33693171089011,3.1800923647951156
329180,HD현대중공업,2024-05-02,136200,Neutral,61,"[""최근 1개월 수익률이 12.28%이고 거래량 변화율도 34.08%로 단기 모멘텀은 양호하지만, 52주 최고가 147,800원 대비 현재가 136,200원으로 추가 상승 여력은 제한적으로 보입니다."", ""2023년 매출은 전년 대비 32.3%, 영업이익은 161.8% 증가해 실적 개선은 확인되지만, 영업이익률 1.5%와 순이익 247억원은 절대 수익성이 아직 낮습니다."", ""PER 489.9, ROE 0.5%는 밸류에이션 부담과 자본효율성 저하를 시사하며, 부채비율 229.0%도 재무 안정성 측면에서 부담이 있어 20거래일 방향성을 강하게 단정하기 어렵습니다.""]",7.410179640718563,-3.0688622754491015,5.5204899936623795,-2.5260154867633213
329180,HD현대중공업,2024-06-03,131800,Neutral,61,"[""2024 1분기 매출과 영업이익이 각각 전년동기 대비 +13.5%, +151.3%로 개선됐지만 영업이익률이 0.7%에 불과해 수익성의 질은 아직 약합니다."", ""PER 158.4배와 PBR 2.24배는 현재 이익과 자산 대비 밸류에이션 부담이 크며, ROE 1.4%도 자본효율성이 낮아 추가 상승 근거가 강하지 않습니다."", ""최근 1개월 수익률이 -4.28%로 약세이고 거래량 변화율은 82.00%로 높아 단기 변동성은 커졌지만, 52주 고점 대비 65% 수준이라 방향성을 단정하기 어렵습니다.""]",0.3861003861003861,17.2972972972973,-2.0957748251989705,12.342186670348637
329180,HD현대중공업,2024-07-01,155100,Sell,78,"[""현재가 155,100원이 52주 최고가 156,400원의 97.6% 수준으로 이미 단기 과열권에 근접해 있어 향후 20거래일 추가 상승 여력이 제한적입니다."", ""최근 1개월 수익률이 +17.41%로 단기간 급등했지만 거래량 변화율이 -38.49%로 동반 수급이 약해 상승 지속성보다 되돌림 가능성이 더 큽니다."", ""PER 186.4, PBR 2.63 대비 ROE 1.4%로 밸류에이션 부담이 크고 수익성 효율이 낮아 현재 주가를 정당화할 근거가 약합니다.""]",-0.5870841487279843,33.39856490541422,-3.6983518860466544,34.9329823158556
329180,HD현대중공업,2024-08-01,214000,Sell,82,"[""현재 주가가 52주 최고가 214,000원에 도달해 52주 내 위치가 100.0%로, 단기적으로 추가 상승 여력이 제한된 상태입니다."", ""최근 1개월 수익률이 40.88%로 급등했고 거래량도 26.64% 증가해 단기 과열 및 차익실현 압력이 커질 가능성이 있습니다."", ""PER 257.2, PBR 3.63, ROE 1.4%로 밸류에이션 대비 수익성이 낮고, 2024 1분기 영업이익률도 0.7%에 불과해 현재 주가를 지지할 실적 모멘텀이 약합니다.""]",1.4354066985645932,-11.24401913875598,4.714695538295711,-11.42375226682237
329180,HD현대중공업,2024-09-02,185500,Neutral,67,"[""2024년 2분기 매출이 전년동기 대비 26.8%, 영업이익이 185.4% 증가해 실적 모멘텀은 분명하지만, 영업이익률 5.0%와 ROE 3.8%는 수익성의 질이 아직 높다고 보기 어렵습니다."", ""최근 1개월 수익률이 -13.32%이고 거래량 변화율도 -2.99%로 약세 흐름이 이어지고 있어 단기 20거래일 관점의 추세 반전 근거가 충분하지 않습니다."", ""현재 주가는 52주 최고가 대비 하단에서 멀지 않은 73.2% 위치이며 PER 80.8, PBR 3.06으로 밸류에이션 부담이 있어 상승과 하락 요인이 혼재합니다.""]",-5.039787798408488,-4.6684350132626,0.2592593488502404,-2.0312958982635196
329180,HD현대중공업,2024-10-02,183100,Neutral,66,"[""2024 2분기 매출이 전년동기 대비 26.8%, 영업이익이 185.4% 증가해 실적 모멘텀은 분명하지만, 영업이익률 5.0%와 ROE 3.8%는 수익성의 질이 아직 높다고 보기 어렵습니다."", ""PER 79.7과 PBR 3.02는 현재가에 성장 기대가 상당 부분 반영된 수준으로 해석되며, 20거래일 내 추가 상승 여력은 제한적으로 보입니다."", ""최근 1개월 수익률 -4.24%와 거래량 변화율 -36.56%는 단기 수급이 약한 신호이고, 52주 고점 대비 71.1% 위치라 추세가 강하게 재가속된 상태도 아닙니다.""]",0.1078167115902965,-5.660377358490567,-1.9772434702979291,-6.409878274936382
329180,HD현대중공업,2024-11-01,174200,Neutral,66,"[""2024년 2분기 매출이 전년동기 대비 26.8%, 영업이익이 185.4% 증가해 실적 모멘텀은 분명하지만, 영업이익률 5.0%와 ROE 3.8%는 수익성의 질이 아직 높다고 보기 어렵습니다."", ""최근 1개월 수익률이 -5.63%이고 거래량 변화율도 -19.26%로 단기 주가 흐름과 수급이 약해 20거래일 내 즉각적인 상승 신호는 강하지 않습니다."", ""현재 주가는 52주 최고가 대비 63.3% 수준으로 고점 부담은 완화됐지만, PER 75.8과 PBR 2.87은 밸류에이션 부담이 남아 있어 상승과 하락 근거가 혼재합니다.""]",21.142857142857142,20.57142857142857,23.356478776170775,25.766158521949425
329180,HD현대중공업,2024-12-02,211000,Neutral,67,"[""2024년 3분기 매출이 전년동기 대비 26.5%, 영업이익이 1497.1% 증가해 실적 모멘텀은 강하지만, 영업이익률 5.7%와 순이익 722억원은 절대 수준에서 아직 강한 수익성으로 보기 어렵습니다."", ""최근 1개월 수익률이 21.13%이고 거래량 변화율도 135.11%로 단기 상승 추세와 수급 개선이 확인되지만, 52주 내 현재 위치가 76.6%로 이미 고점권에 가까워 추가 상승 여력은 제한적으로 보입니다."", ""PER 65.5와 PBR 3.43은 밸류에이션 부담이 크고, ROE 5.2%는 자본효율성이 높다고 보기 어려우며, 부채비율 208.7%도 재무 안정성 측면에서 부담 요인입니다.""]",2.112676056338028,34.037558685446015,5.402944445602449,36.36466560116938
329180,HD현대중공업,2025-01-02,289000,Sell,74,"[""주가가 52주 최고가의 95.2% 수준(289,000원 vs 298,000원)에 있고 최근 1개월 수익률이 +31.36%로 단기 급등한 상태라 20거래일 내 추가 상승 여력이 제한적입니다."", ""PER 89.7, PBR 4.70은 현재 실적 대비 밸류에이션 부담이 큰 편이며, ROE 5.2%는 높은 멀티플을 정당화하기에 충분히 강하지 않습니다."", ""3분기 매출(+26.5%)과 영업이익(+1497.1%)은 개선됐지만 영업이익률 5.7%와 부채비율 208.7%는 질적으로 아직 부담이 남아 있어 단기 추세 지속보다 차익실현 압력이 더 우세합니다.""]",9.98248686514886,6.129597197898424,6.957817752319606,2.246177593652588
329180,HD현대중공업,2025-02-03,311500,Sell,74,"[""현재 주가는 52주 최고가의 92.9% 수준으로 이미 고점권에 근접해 있어, 향후 20거래일 내 추가 상승 여력이 제한적입니다."", ""PER 96.7배와 PBR 5.06배는 실적 대비 밸류에이션 부담이 큰 수준이며, ROE 5.2%로 자본효율성도 높지 않아 주가를 강하게 지지하기 어렵습니다."", ""3분기 실적은 매출과 영업이익이 크게 증가했지만 영업이익률이 5.7%에 그치고 부채비율이 208.7%로 높아, 단기적으로는 실적 호전보다 차익실현 압력이 더 우세할 수 있습니다.""]",-4.5241809672386895,-1.0920436817472698,-6.835509134737455,-4.1722027668868344
329180,HD현대중공업,2025-03-04,314500,Neutral,66,"[""2024년 3분기 매출이 전년동기 대비 26.5%, 영업이익이 1497.1% 증가해 실적 모멘텀은 강하지만, 영업이익률 5.7%와 순이익 722억원 수준을 감안하면 단기 주가 재평가를 강하게 확신하기는 어렵습니다."", ""PER 97.6배와 PBR 5.11배는 현재 이익과 자산 대비 밸류에이션 부담이 큰 편이며, ROE 5.2%는 높은 멀티플을 정당화할 만큼 강한 수익성을 보여주지 못합니다."", ""주가는 52주 최고가 대비 79.9% 위치로 고점권에 가깝고 최근 1개월 수익률은 1.13%로 탄력이 크지 않은 반면 거래량 변화율 56.01%는 관심 증가를 시사해 방향성이 엇갈립니다.""]",-6.624605678233439,-8.201892744479496,-7.277035382744158,-6.1586033104006965
329180,HD현대중공업,2025-04-01,291000,Neutral,61,"[""2024년 매출이 전년 대비 21.1%, 영업이익이 294.8% 증가해 펀더멘털 개선은 뚜렷하지만, 영업이익률 4.9%와 PER 41.6, PBR 4.53은 단기 주가 추가 상승을 강하게 뒷받침할 만큼 저평가로 보기 어렵습니다."", ""최근 1개월 수익률이 -1.69%이고 거래량 변화율이 -54.18%로 단기 모멘텀과 수급이 약해 20거래일 내 상승 확신이 제한됩니다."", ""52주 최고가 대비 현재 위치가 70.5%로 고점 부담은 완화됐지만, 시가총액 30.5조원과 부채비율 239.9%를 감안하면 상승과 하락 근거가 혼재해 방향성을 단정하기 어렵습니다.""]",0.859106529209622,38.144329896907216,9.32566092570425,36.11907708948781
329180,HD현대중공업,2025-05-02,408500,Sell,78,"[""현재가가 52주 최고가와 동일하고 52주 내 위치가 100.0%이며, 최근 1개월 수익률도 +40.38%로 단기 급등 이후 추가 상승 여력이 제한될 가능성이 큽니다."", ""PER 58.4와 PBR 6.36은 실적 대비 밸류에이션 부담이 큰 수준으로, 향후 20거래일 관점에서 기대수익보다 조정 위험이 더 커 보입니다."", ""2024년 실적은 매출과 영업이익이 크게 개선됐지만 이미 주가에 상당 부분 반영된 모습이며, 부채비율 239.9%는 재무 부담 요인으로 단기 투자심리에 불리합니다.""]",0.12033694344163659,2.286401925391095,-2.473881721567299,-6.970339080126038
329180,HD현대중공업,2025-06-02,428000,Neutral,66,"[""2025년 1분기 매출이 전년동기 대비 27.9%, 영업이익이 1939.8% 증가해 실적 모멘텀은 매우 강하지만, 이는 이미 주가에 상당 부분 반영됐을 가능성이 있습니다."", ""현재 주가는 52주 최고가와 동일하고 52주 내 위치가 100.0%로 기술적으로 과열 구간에 있으며, 최근 1개월 수익률도 +6.07%로 단기 상승이 이어졌습니다."", ""거래량 변화율이 -41.79%로 상승 탄력이 둔화된 반면, PER 43.3과 PBR 6.54는 밸류에이션 부담이 커서 향후 20거래일 방향성을 단정하기 어렵습니다.""]",-1.9859813084112148,-7.943925233644859,-7.370269105613509,-20.410541855319146
329180,HD현대중공업,2025-07-01,420500,Neutral,66,"[""2025년 1분기 매출이 전년동기 대비 27.9%, 영업이익이 1939.8% 증가해 실적 모멘텀은 매우 강하지만, 이는 이미 주가에 상당 부분 반영됐을 가능성이 있습니다."", ""현재 주가는 52주 최고가 대비 87.0% 수준으로 고점권에 위치하고 있고 최근 1개월 수익률도 +3.70%로 단기 추세는 양호하지만 추가 상승 여력은 제한적으로 보입니다."", ""PER 42.6, PBR 6.43은 밸류에이션 부담이 큰 편이며, 부채비율 260.1%는 재무 안정성 측면의 부담 요인이라 20거래일 내 방향성을 단정하기 어렵습니다.""]",-3.067484662576687,15.58282208588957,-4.975740111250854,9.74846438230005
329180,HD현대중공업,2025-08-01,476500,Sell,74,"[""현재 주가가 52주 최고가의 95.7% 수준으로 고점권에 위치해 있어 20거래일 내 추가 상승 여력이 제한적입니다."", ""최근 1개월 수익률이 +20.94%로 단기 급등한 반면 거래량 변화율은 -17.40%로 둔화되어, 상승 모멘텀이 약해질 가능성이 있습니다."", ""1분기 실적은 매우 강하지만 PER 48.2배와 PBR 7.29배로 밸류에이션 부담이 커서, 실적 호조가 이미 상당 부분 주가에 반영된 상태로 판단됩니다.""]",0.10787486515641855,10.895361380798274,-1.7671152071174274,10.113850777986745
329180,HD현대중공업,2025-09-01,510000,Sell,74,"[""현재가 510,000원은 52주 최고가 521,000원의 96.8% 수준으로 이미 고점권에 근접해 있어 향후 20거래일 내 추가 상승 여력이 제한적입니다."", ""PER 48.5배와 PBR 7.32배는 실적 대비 밸류에이션 부담이 큰 편이며, 최근 1개월 수익률 3.98%와 거래량 변화율 18.89%는 강한 추세 확장 신호로 보기에는 부족합니다."", ""2분기 실적은 매출 +6.8%, 영업이익 +141.0%, 영업이익률 11.4%로 양호하지만, 부채비율 219.3%의 재무 부담을 감안하면 단기 주가가 실적만으로 추가 재평가받기에는 불확실성이 있습니다.""]",-1.9455252918287937,0.19455252918287938,-4.710037404300629,-7.7569660611366
329180,HD현대중공업,2025-10-01,528000,Sell,74,"[""주가가 52주 최고가 528,000원에 도달해 52주 내 현재 위치가 100.0%로, 단기적으로는 추가 상승 여력이 제한되고 차익실현 압력이 커질 수 있습니다."", ""최근 1개월 수익률이 2.72%로 상승 탄력이 강하지 않은 반면 거래량 변화율이 -38.02%로 수급 동력이 약해 20거래일 내 추세 지속 가능성이 낮습니다."", ""2분기 실적은 매출 +6.8%, 영업이익 +141.0%, 영업이익률 11.4%로 양호하지만 PER 50.2, PBR 7.58의 높은 밸류에이션과 부채비율 219.3%가 단기 주가 부담 요인입니다.""]",-3.787878787878788,-0.5681818181818182,-9.399268364714192,-14.01455439123328
329180,HD현대중공업,2025-11-03,607000,Sell,78,"[""현재가 607,000원은 52주 최고가 624,000원의 96.2% 수준으로, 최근 1개월 수익률도 +23.50%여서 단기적으로 상승 여력이 제한된 고점권에 위치해 있습니다."", ""PER 57.7배와 PBR 8.72배는 실적 개선을 감안해도 밸류에이션 부담이 큰 수준이며, 20거래일 관점에서는 추가 상승보다 차익실현 압력이 우세할 수 있습니다."", ""2분기 매출과 영업이익이 각각 +6.8%, +141.0% 증가하고 영업현금흐름도 +2.2조원으로 양호하지만, 부채비율 219.3%와 이미 과열된 가격 위치를 고려하면 단기 방향은 하락 쪽이 더 우세합니다.""]",-5.82010582010582,-8.289241622574956,-5.447690286860165,-5.212628347598855
329180,HD현대중공업,2025-12-01,515000,Neutral,66,"[""2025년 3분기 매출이 전년동기 대비 22.4%, 영업이익이 170.3% 증가하고 영업이익률이 12.6%로 개선되어 펀더멘털 모멘텀은 강합니다."", ""다만 최근 1개월 수익률이 -14.17%로 약세이고 현재 주가가 52주 최고가 대비 73.8% 수준에 있어 단기 추세는 아직 완전히 회복되지 않았습니다."", ""PER 35.4배와 PBR 7.07배는 높은 편이며, 부채비율 221.6%로 재무 레버리지 부담도 있어 향후 20거래일 방향을 단정하기에는 상승·하락 근거가 혼재합니다.""]",10.961538461538462,-3.076923076923077,7.2413230885531945,-10.954407788795383
012450,한화에어로스페이스,2023-01-02,74972,Neutral,61,"[""현재 주가는 52주 최고가 대비 73.0% 수준으로 고점 대비 여유가 있지만, 최근 1개월 수익률이 1.94%에 그쳐 단기 상승 모멘텀은 강하지 않습니다."", ""PER 15.2, PBR 1.24, ROE 8.2%는 극단적으로 비싸거나 저평가된 수준은 아니어서 방향성을 강하게 지지하지 못합니다."", ""2022 3분기 매출은 전년동기 대비 4.0% 증가했지만 영업이익은 23.4% 감소했고 영업현금흐름도 -1,908억원으로 부진하며, 부채비율 185.4%와 거래량 변화율 -39.07%는 단기 주가 상승 근거를 약화시킵니다.""]",-4.762690425122367,12.744046636968598,-10.740569163831875,1.4670711380232646
012450,한화에어로스페이스,2023-02-01,82307,Sell,78,"[""현재가가 52주 최고가의 89.5% 수준으로 고점권에 위치해 있고 최근 1개월 수익률도 +9.78%로 단기 상승이 이미 상당 부분 반영된 상태입니다."", ""2022년 3분기 영업이익이 전년동기 대비 -23.4% 감소했고 영업이익률도 4.6%에 그쳐 수익성 개선 근거가 약합니다."", ""부채비율 185.4%와 영업현금흐름 -1,908억원은 재무 안정성과 현금창출력 측면에서 부담 요인으로, 향후 20거래일 내 추가 상승보다 조정 가능성을 높입니다.""]",5.0938403190205,16.398580505115792,4.581867278613519,17.889539968516196
012450,한화에어로스페이스,2023-03-02,92595,Sell,78,"[""현재가 92,595원은 52주 최고가 93,920원의 97.4% 수준으로 이미 고점권에 위치해 있어 향후 20거래일 내 추가 상승 여력이 제한적입니다."", ""최근 1개월 수익률이 +13.06%로 단기 급등한 반면 거래량 변화율은 -23.99%로 수급 확장이 동반되지 않아 단기 모멘텀 둔화 가능성이 있습니다."", ""2022 3분기 영업이익이 전년동기 대비 -23.4% 감소했고 영업현금흐름도 -1,908억원으로 부진하며, 부채비율 185.4%는 재무 부담 요인으로 작용합니다.""]",2.027281870756852,5.86916436174671,3.5683559352369043,4.027523290560438
012450,한화에어로스페이스,2023-04-03,104513,Sell,78,"[""현재가가 52주 최고가와 동일해 52주 내 위치가 100.0%로, 단기적으로는 추가 상승 여력보다 고점 부담이 더 크게 작용할 수 있습니다."", ""최근 1개월 수익률이 +9.50%로 이미 단기 상승이 진행된 반면 거래량 변화율이 -6.88%로 수급 확장이 동반되지 않아 추세 지속 신뢰도가 높지 않습니다."", ""PER 26.4와 PBR 1.85는 수익성(ROE 7.0%) 대비 밸류에이션 부담이 있고, 부채비율 286.3%도 재무 안정성 측면에서 단기 주가에 부담 요인입니다.""]",4.65184238162641,-0.5579653897082325,1.9366749362220412,-1.4001309121209569
012450,한화에어로스페이스,2023-05-02,109607,Sell,74,"[""현재가가 52주 최고가의 87.2% 수준으로 고점권에 위치해 있어, 최근 1개월 수익률 +8.47%와 함께 단기 상승 여력이 제한적입니다."", ""PER 27.6배와 PBR 1.94배는 실적 대비 밸류에이션 부담이 있는 편인데, ROE 7.0%로 자본효율성이 아주 높다고 보기 어렵습니다."", ""2022년 매출과 영업이익은 증가했지만 부채비율 286.3%로 재무 레버리지가 높아, 20거래일 관점에서는 추가 상승보다 조정 가능성을 더 크게 봅니다.""]",-0.3737579664627987,3.6475838889195,0.042009203921789584,-0.3485782602769514
012450,한화에어로스페이스,2023-06-01,110015,Neutral,66,"[""PER 9.8, ROE 17.7%, 2023 1분기 매출 +65.2%와 영업이익 +384.7%는 펀더멘털 측면에서 우호적이지만, 이는 이미 주가에 상당 부분 반영됐을 가능성이 있습니다."", ""현재가 110,015원은 52주 최고가 119,488원의 87.7% 수준으로 고점권에 위치해 있어 20거래일 내 추가 상승 여력보다 단기 부담이 더 크게 보입니다."", ""최근 1개월 수익률 +5.16%에 비해 거래량 변화율 -29.89%로 수급 확장이 약하고, 부채비율 265.9%와 영업현금흐름 -6,909억원은 단기 변동성 및 조정 리스크를 높입니다.""]",-2.3452589796750125,17.419772119150142,-3.421234623184553,17.377102131143882
012450,한화에어로스페이스,2023-07-03,132527,Neutral,66,"[""최근 1개월 수익률이 +20.46%이고 거래량도 17.92% 증가해 단기 모멘텀은 우호적이지만, 52주 최고가 대비 현재 위치가 87.7%로 이미 높은 구간에 있어 추가 상승 여력은 제한적으로 보입니다."", ""PER 11.8배와 ROE 17.7%는 수익성 대비 밸류에이션이 과도하게 비싸 보이지 않지만, PBR 2.08배와 시가총액 6.8조원은 이미 일정 수준의 기대가 반영된 상태로 해석됩니다."", ""2023년 1분기 매출과 영업이익이 각각 +65.2%, +384.7% 증가해 실적 개선은 분명하지만, 부채비율 265.9%와 영업현금흐름 -6,909억원은 재무 안정성 측면의 부담으로 20거래일 방향성을 단정하기 어렵게 만듭니다.""]",7.213190515589943,-7.745402774361383,8.401633085124637,-10.589644303526821
012450,한화에어로스페이스,2023-08-01,123766,Neutral,66,"[""2023년 1분기 매출이 전년동기 대비 65.2%, 영업이익이 384.7% 증가해 실적 모멘텀은 강하지만, 이는 이미 과거 실적 기준으로 향후 20거래일 주가 방향을 단정하기에는 제한적입니다."", ""PER 11.0, PBR 1.95, ROE 17.8%는 수익성 대비 밸류에이션이 과도하게 비싸 보이지 않지만, 최근 1개월 수익률이 -6.61%이고 거래량 변화율도 -13.52%로 단기 수급은 약합니다."", ""52주 최고가 대비 현재 위치가 76.7%로 고점권 부담은 크지 않지만, 부채비율 265.9%와 영업현금흐름 -6,909억원은 재무 안정성 측면의 불확실성을 키워 상승·하락 근거가 균형을 이룹니다.""]",-2.3177005030352777,-5.4634994677090365,-1.8839099378845245,-3.1626895979226517
012450,한화에어로스페이스,2023-09-01,116737,Neutral,62,"[""PER 7.3과 ROE 23.2%는 밸류에이션과 수익성 측면에서 우호적이지만, 이것만으로 향후 20거래일 주가 상승을 강하게 뒷받침하기에는 부족합니다."", ""최근 1개월 수익률이 -5.13%이고 거래량 변화율도 -50.72%로, 단기 모멘텀과 수급이 약해 상승 신호가 뚜렷하지 않습니다."", ""매출은 전년동기 대비 +23.4%로 성장했지만 영업이익은 -4.9% 감소했고 부채비율이 295.6%로 높아, 단기 방향성을 한쪽으로 확정하기 어렵습니다.""]",6.37539010254124,-13.712747350732194,7.445982662174448,-6.910015734009741
012450,한화에어로스페이스,2023-10-04,104107,Neutral,66,"[""PER 6.5와 ROE 23.2%는 밸류에이션과 수익성 측면에서 우호적이지만, 이것만으로 향후 20거래일 주가 상승을 단정하기는 어렵습니다."", ""최근 1개월 수익률이 -11.28%이고 거래량 변화율도 -3.33%로 단기 모멘텀이 약해, 당장 강한 상승 신호로 보기 어렵습니다."", ""매출은 전년동기 대비 +23.4%로 성장했지만 영업이익은 -4.9% 감소했고 부채비율 295.6%로 재무 부담도 있어 상승·하락 근거가 혼재합니다.""]",7.395987706507793,21.580250842939698,5.209683828990727,23.047217060280342
012450,한화에어로스페이스,2023-11-01,115617,Buy,74,"[""PER 7.3과 PBR 1.68은 밸류에이션 부담이 크지 않고 ROE 23.1%로 수익성도 높아, 현재 주가가 실적 대비 과도하게 비싸다고 보기 어렵습니다."", ""최근 1개월 수익률이 8.92%이고 거래량 변화율이 29.97%로 상승 추세와 수급 개선이 함께 나타나 20거래일 내 추가 강세 가능성을 지지합니다."", ""2023년 2분기 매출이 전년동기 대비 23.4% 증가했고 영업현금흐름도 +9,096억원으로 양호해 단기 주가에 우호적인 실적 모멘텀이 있습니다.""]",7.7122659566323275,9.098874550202888,4.129009443948383,0.8974166649900059
012450,한화에어로스페이스,2023-12-01,138537,Neutral,67,"[""최근 1개월 수익률이 +17.85%로 단기 상승 모멘텀은 강하지만, 현재 주가가 52주 최고가의 91.5% 수준에 있어 추가 상승 여력은 제한적으로 보입니다."", ""PER 10.9배와 ROE 18.4%는 수익성 대비 밸류에이션이 과도하지 않음을 시사하지만, PBR 2.01배와 시가총액 7.1조원은 이미 일정 수준의 기대가 반영된 상태로 해석됩니다."", ""2023년 3분기 매출과 영업이익이 각각 전년동기 대비 +31.1%, +80.9% 증가하고 영업현금흐름도 +5,643억원으로 양호하나, 부채비율 309.7%와 거래량 변화율 -13.19%는 추세 지속에 대한 불확실성을 높입니다.""]",-6.941417812448981,-4.337765032403694,-7.355342542562912,-7.203428365670764
012450,한화에어로스페이스,2024-01-02,132119,Buy,74,"[""최근 1개월 수익률이 +5.36%이고 거래량 변화율도 +28.92%로, 단기 추세와 수급이 우상향 신호를 보입니다."", ""2023년 3분기 매출이 전년동기 대비 +31.1%, 영업이익이 +80.9% 증가해 실적 모멘텀이 확인됩니다."", ""PER 10.4배와 ROE 18.4%는 수익성 대비 밸류에이션이 과도하지 않으며, 현재가가 52주 최고가 대비 아직 여유가 있어 추가 상승 여지가 있습니다.""]",2.250583634663112,3.601228394470752,4.756231217804354,7.8285738194489785
012450,한화에어로스페이스,2024-02-01,135074,Neutral,61,"[""매출(+31.1%)과 영업이익(+80.9%)이 전년동기 대비 크게 증가하고 영업현금흐름도 +5,643억원으로 양호해 실적 모멘텀은 긍정적입니다."", ""다만 최근 1개월 수익률이 -0.53%로 단기 추세가 강하지 않고, 현재 주가가 52주 최고가 대비 78.2% 수준이라 추가 상승 여력과 단기 조정 가능성이 함께 존재합니다."", ""PER 10.7, PBR 1.96, ROE 18.4%는 수익성 대비 밸류에이션이 과도하다고 보긴 어렵지만, 부채비율 309.7%로 재무 레버리지가 높아 20거래일 방향성을 단정하기 어렵습니다.""]",2.798776231565503,54.31215006014881,1.4861211352289339,53.311121501392876
012450,한화에어로스페이스,2024-03-04,191099,Sell,74,"[""최근 1개월 수익률이 +42.23%이고 현재가가 52주 최고가의 93.6%에 위치해 있어 단기적으로 과열 및 차익실현 압력이 커 보입니다."", ""거래량 변화율이 +75.22%로 급증해 단기 급등 구간의 후반부일 가능성을 높이며, 향후 20거래일 내 추가 상승 여력보다 되돌림 위험이 더 커 보입니다."", ""실적과 ROE는 양호하지만 부채비율 309.7%로 재무 레버리지가 높고, 순이익이 67억원에 그쳐 이익의 질과 지속성 측면에서 주가를 추가로 밀어올릴 강한 근거가 제한적입니다.""]",0.0,30.059812351330017,-1.2232958405676702,26.14345393055551
012450,한화에어로스페이스,2024-04-01,212899,Neutral,66,"[""PER 13.2와 ROE 23.1%는 수익성 대비 밸류에이션이 과도하게 비싸다고 보긴 어렵지만, PBR 3.05와 시가총액 11.0조원은 이미 상당한 기대가 반영된 수준입니다."", ""최근 1개월 수익률이 +11.47%로 단기 모멘텀은 양호하지만, 거래량 변화율이 -11.92%로 상승 추세의 확산 강도는 약해 보입니다."", ""2023년 매출 +32.6%, 영업이익 +72.6%, 영업현금흐름 +1.4조원은 펀더멘털을 지지하지만, 부채비율 317.2%가 높아 20거래일 내 추가 상승과 하락을 단정하기에는 상반된 신호가 공존합니다.""]",-13.27837000044807,-8.506417593697682,-11.534918838873734,-5.981682380342855
012450,한화에어로스페이스,2024-05-02,224614,Neutral,66,"[""PER 13.9와 ROE 23.1%는 수익성 대비 밸류에이션이 과도하게 비싸다고 보긴 어렵지만, PBR 3.22와 시가총액 11.6조원은 이미 상당한 기대가 반영된 수준입니다."", ""최근 1개월 수익률이 +5.50%로 단기 모멘텀은 양호하지만, 거래량 변화율이 -10.79%로 상승 추세의 확산 강도는 약합니다."", ""52주 최고가 대비 현재 위치가 85.8%로 고점권에 근접해 추가 상승 여력은 제한적으로 보이지만, 2023년 매출 +32.6%와 영업이익 +72.6%, 영업현금흐름 +1.4조원은 하방을 강하게 지지합니다.""]",2.7837883391566183,-2.0886384446134993,0.8940986921004348,-1.5457916559277192
012450,한화에어로스페이스,2024-06-03,227160,Sell,84,"[""2024년 1분기 매출이 전년동기 대비 9.3% 감소했고 영업이익은 83.2% 급감해 수익 모멘텀이 크게 약화되었습니다."", ""영업이익률이 2.0%에 불과하고 순이익도 26억원으로 매우 낮아, 현재 주가를 지지할 만큼의 실적 체력이 충분하지 않습니다."", ""부채비율 343.4%와 영업현금흐름 -4,230억원은 재무 부담이 크다는 신호이며, 최근 1개월 수익률은 플러스지만 거래량이 44.37% 감소해 상승 지속성도 약합니다.""]",0.4740946142107418,10.426824729221721,-2.007780597088615,5.47171410227306
012450,한화에어로스페이스,2024-07-01,248043,Sell,84,"[""주가가 52주 최고가의 95.2% 수준이고 최근 1개월 수익률이 19.36%로 단기 급등 후 고점권에 위치해 있어 20거래일 내 추가 상승 여력이 제한적입니다."", ""2024년 1분기 매출이 전년동기 대비 9.3% 감소했고 영업이익이 83.2% 급감했으며 영업이익률도 2.0%에 불과해 실적 모멘텀이 약합니다."", ""부채비율 343.4%와 영업현금흐름 -4,230억원은 재무 안정성과 현금창출력이 취약함을 보여주며, PER 31.9와 PBR 3.61은 현재 실적 대비 밸류에이션 부담을 키웁니다.""]",7.23398389198944,35.53203221602112,4.122716154670769,37.0664496264625
012450,한화에어로스페이스,2024-08-01,309163,Sell,82,"[""최근 1개월 수익률이 30.26%로 단기간 급등했고 현재가가 52주 최고가의 91.7%에 위치해 있어 20거래일 관점에서는 추가 상승 여력보다 차익실현 압력이 더 크게 보입니다."", ""2024년 1분기 매출이 전년동기 대비 -9.3%, 영업이익이 -83.2%로 급감했고 영업이익률도 2.0%에 불과해 실적 모멘텀이 약합니다."", ""부채비율 343.4%와 영업현금흐름 -4,230억원은 재무 안정성과 현금창출력이 취약함을 보여주며, PER 39.7과 PBR 4.51은 현재 실적 대비 밸류에이션 부담이 큽니다.""]",5.017459713579173,0.3461371232913938,8.296748553310291,0.16640399522500293
012450,한화에어로스페이스,2024-09-02,295411,Neutral,66,"[""2024년 2분기 매출과 영업이익이 각각 전년동기 대비 46.0%, 356.7% 증가해 실적 모멘텀은 강하지만, 이는 이미 상당 부분 주가에 반영됐을 가능성이 있습니다."", ""현재 주가는 52주 최고가 대비 85.8% 수준으로 고점권에 가까운 반면, 최근 1개월 수익률은 -4.45%이고 거래량도 -35.66% 감소해 단기 추세는 약합니다."", ""PER 53.8, PBR 4.09로 밸류에이션 부담이 크고 부채비율 359.6% 및 영업현금흐름 -3,957억원은 재무 안정성 측면에서 단기 상승 확신을 약화시킵니다.""]",0.0,21.500214954757947,5.299047147258729,24.137354069757027
012450,한화에어로스페이스,2024-10-02,304766,Neutral,67,"[""2024년 2분기 매출(+46.0%)과 영업이익(+356.7%)이 크게 개선되어 실적 모멘텀은 분명하지만, 이는 이미 주가에 상당 부분 반영됐을 가능성이 있습니다."", ""현재 주가는 52주 최고가의 89.8% 수준으로 고점권에 위치해 있어 추가 상승 여력보다 단기 과열·차익실현 부담이 더 크게 작용할 수 있습니다."", ""PER 55.5와 PBR 4.22는 밸류에이션 부담이 크고, 부채비율 359.6% 및 영업현금흐름 -3,957억원은 재무 안정성 측면에서 단기 주가 상방을 제한합니다.""]",5.629509716012012,8.740800028886255,3.5444495341237863,7.99129911244044
012450,한화에어로스페이스,2024-11-01,372711,Sell,78,"[""현재 주가는 52주 최고가의 95.0% 수준이고 최근 1개월 수익률이 27.44%로 단기 급등 후 고점 부근에 위치해 있어 20거래일 내 추가 상승 여력이 제한적입니다."", ""PER 67.8배와 PBR 5.16배는 실적 대비 밸류에이션 부담이 큰 수준인데, ROE 7.6%는 이를 충분히 뒷받침하지 못합니다."", ""2분기 실적은 매출과 영업이익이 크게 증가했지만 부채비율 359.6%와 영업현금흐름 -3,957억원이 재무 안정성과 현금창출 측면의 부담으로 작용합니다.""]",13.351338039276452,-12.534208480105816,15.564959672590085,-7.3394785295849605
012450,한화에어로스페이스,2024-12-02,316090,Neutral,66,"[""2024년 3분기 매출이 전년동기 대비 61.9%, 영업이익이 457.6% 증가해 실적 모멘텀은 강하지만, 이는 이미 주가에 상당 부분 반영됐을 가능성이 있습니다."", ""최근 1개월 수익률이 -15.19%로 단기 추세는 약세이며, 52주 최고가 대비 현재 위치가 67.6%로 고점 대비 조정이 진행된 상태입니다."", ""PER 26.5배와 PBR 5.26배는 실적 대비 밸류에이션 부담이 존재하고, 부채비율 397.4% 및 영업현금흐름 -1.1조원은 재무 안정성 측면에서 하방 리스크를 키웁니다.""]",-14.032377100821428,6.942536046225571,-10.742108711557007,9.269642961948936
012450,한화에어로스페이스,2025-01-02,357940,Neutral,66,"[""최근 1개월 수익률이 +16.32%이고 52주 최고가 대비 현재 위치가 81.8%로 단기 모멘텀은 양호하지만, 이미 상당 부분 상승이 반영된 구간으로 추가 상승 여력은 제한적으로 보입니다."", ""2024년 3분기 매출이 전년동기 대비 +61.9%, 영업이익이 +457.6% 증가하며 실적 개선은 매우 강하지만, PER 30.1과 PBR 5.96은 밸류에이션 부담을 시사합니다."", ""ROE 19.8%는 수익성 측면에서 긍정적이지만, 부채비율 397.4%와 영업현금흐름 -1.1조원은 재무 안정성에 대한 우려를 키워 향후 20거래일 방향성을 단정하기 어렵습니다.""]",4.5581168311998725,16.16016248530703,1.5334477183706183,12.276742881061192
012450,한화에어로스페이스,2025-02-03,386497,Sell,78,"[""주가가 52주 최고가의 91.6% 수준이고 최근 1개월 수익률이 +21.33%로 단기 급등 후 고점권에 위치해 있어 20거래일 내 추가 상승 여력이 제한적으로 보입니다."", ""거래량 변화율이 -29.48%로 상승 추세에 필요한 수급 확장이 확인되지 않아 단기 모멘텀 지속성에 의문이 있습니다."", ""3분기 실적은 매우 강하지만 PER 32.5, PBR 6.43의 높은 밸류에이션과 부채비율 397.4%, 영업현금흐름 -1.1조원의 재무 부담이 겹쳐 단기적으로는 차익실현 압력이 우세하다고 판단됩니다.""]",22.509380886475036,70.97196476484079,20.19805271897627,67.89180567970122
012450,한화에어로스페이스,2025-03-04,690278,Sell,82,"[""주가가 52주 최고가(690,278원)와 동일하고 52주 내 현재 위치가 100.0%이며, 최근 1개월 수익률도 +75.25%로 단기 급등 후 과열 구간에 있습니다."", ""PER 58.0, PBR 11.49는 현재 실적 대비 밸류에이션 부담이 큰 수준으로, 향후 20거래일 추가 상승 여력이 제한될 수 있습니다."", ""3분기 실적은 매출 +61.9%, 영업이익 +457.6%, 영업이익률 18.1%로 강하지만, 부채비율 397.4%와 영업현금흐름 -1.1조원은 재무 안정성 측면의 부담으로 단기 조정 위험을 높입니다.""]",-4.316524686938352,-4.604234551485307,-4.968954391449071,-2.5609451174065083
012450,한화에어로스페이스,2025-04-01,662707,Neutral,67,"[""2024년 매출(+42.5%)과 영업이익(+191.4%), ROE 41.9%는 펀더멘털이 매우 강하지만, 이는 이미 상당 부분 주가에 반영됐을 가능성이 있습니다."", ""현재 주가는 52주 최고가 대비 84.2% 수준으로 고점권에 근접해 있어 20거래일 내 추가 상승 여력보다 단기 과열·숨고르기 가능성도 함께 존재합니다."", ""최근 1개월 수익률은 +13.30%로 상승 추세이나 거래량 변화율이 -23.04%로 수급 강도가 약해져 단기 방향성을 확신하기 어렵습니다.""]",4.2231106209600835,20.211071286340104,12.689665017454711,18.185818478920694
012450,한화에어로스페이스,2025-05-02,805489,Sell,78,"[""현재가 805,489원은 52주 최고가 817,305원의 98.1% 수준으로, 최근 1개월 수익률도 +23.38%여서 단기적으로 과열 구간에 가깝습니다."", ""거래량 변화율이 -40.16%로 상승 추세 대비 수급 동력이 약해졌고, 20거래일 관점에서는 추가 상승 탄력이 둔화될 가능성이 있습니다."", ""2024년 실적은 매우 강하지만 이미 주가에 상당 부분 반영된 상태로 보이며, 높은 PBR 7.35와 시가총액 41.5조원은 추가 리레이팅 여지가 제한적임을 시사합니다.""]",-7.865237771398056,3.2647640086354444,-10.459456436406992,-5.991976996881689
012450,한화에어로스페이스,2025-06-02,835000,Sell,78,"[""주가가 52주 최고가의 92.4% 수준으로 이미 고점권에 근접해 있어, 20거래일 내 추가 상승 여력보다 차익실현 압력이 더 크게 작용할 가능성이 있습니다."", ""최근 1개월 수익률은 +4.82%로 단기 상승은 있었지만 거래량 변화율이 -21.17%로 수급 동력이 약해 상승 추세의 지속성을 강하게 뒷받침하지 못합니다."", ""1분기 실적은 매우 강하지만 부채비율 332.7%와 영업현금흐름 -1,675억원이 재무·현금흐름 측면의 부담으로 작용해 단기 주가에 부정적 요인이 될 수 있습니다.""]",12.781065088757396,-3.3136094674556213,7.396777291555102,-15.780226089129908
012450,한화에어로스페이스,2025-07-01,839000,Neutral,66,"[""2025년 1분기 매출과 영업이익이 각각 전년동기 대비 +278.4%, +3060.1%로 급증해 실적 모멘텀은 강하지만, 이는 이미 주가에 상당 부분 반영됐을 가능성이 있습니다."", ""현재 주가는 52주 최고가 대비 82.2% 수준으로 고점권에 가까워 추가 상승 여력보다 단기 과열·차익실현 부담이 상대적으로 커 보입니다."", ""최근 1개월 수익률이 -2.10%로 약세이고 영업현금흐름이 -1,675억원, 부채비율이 332.7%로 재무 안정성 부담이 있어 20거래일 방향성을 단정하기 어렵습니다.""]",3.785103785103785,19.291819291819294,1.876848336429618,13.457461588229776
012450,한화에어로스페이스,2025-08-01,939000,Neutral,66,"[""2025년 1분기 매출과 영업이익이 각각 전년동기 대비 +278.4%, +3060.1%로 급증해 실적 모멘텀은 매우 강합니다."", ""다만 현재 주가는 52주 최고가의 91.9% 수준이고 최근 1개월 수익률이 +14.93%로 단기 상승이 이미 상당 부분 반영된 상태입니다."", ""PER 19.5와 PBR 10.89는 높은 편이며 부채비율 332.7%와 영업현금흐름 -1,675억원은 재무 부담 요인으로, 향후 20거래일 방향을 단정하기 어렵습니다.""]",-6.183368869936034,-0.5330490405117271,-8.05835894220988,-1.3145596433232563
012450,한화에어로스페이스,2025-09-01,916000,Neutral,66,"[""2025년 2분기 매출과 영업이익이 각각 전년동기 대비 +170.3%, +156.3%로 급증해 실적 모멘텀은 강하지만, 이는 이미 주가에 상당 부분 반영됐을 가능성이 있습니다."", ""현재 주가는 52주 최고가의 88.7% 수준으로 고점권에 위치해 있어 추가 상승 여력보다 단기 조정 위험도 함께 존재합니다."", ""최근 1개월 수익률이 -8.03%이고 거래량 변화율도 -20.62%로 약세 흐름이 확인되지만, ROE 40.5%와 영업현금흐름 +1.0조원은 펀더멘털 방어력을 보여 방향성을 단정하기 어렵습니다.""]",1.2861736334405145,18.64951768488746,-1.4783384790313212,10.69799909456798
012450,한화에어로스페이스,2025-10-01,1099000,Sell,78,"[""현재가 1,099,000원이 52주 최고가 1,107,000원의 99.0% 수준으로, 단기 상승 여력이 매우 제한된 상태입니다."", ""최근 1개월 수익률이 +17.79%로 이미 강한 상승이 반영되어 있어, 향후 20거래일 내 추가 상승보다 차익실현 압력이 더 우세할 수 있습니다."", ""실적과 현금흐름은 매우 강하지만 부채비율 278.0%와 높은 PBR 9.00, 시가총액 56.7조원은 밸류에이션 부담을 키워 단기 주가 하락 리스크를 높입니다.""]",-14.676390154968095,-11.577028258887875,-20.2877797318035,-25.023400831939338
012450,한화에어로스페이스,2025-11-03,1042000,Sell,74,"[""현재가 1,042,000원은 52주 최고가 1,107,000원의 92.2% 수준으로 고점권에 위치해 있어, 20거래일 내 추가 상승 여력보다 차익실현 압력이 더 크게 작용할 가능성이 있습니다."", ""최근 1개월 수익률이 -0.19%로 이미 단기 모멘텀이 약하고, 거래량 변화율 13.51%는 뚜렷한 추세 전환 신호로 보기에는 제한적입니다."", ""2분기 실적은 매출 +170.3%, 영업이익 +156.3%로 매우 강하지만, PER 21.1과 PBR 8.53, 부채비율 278.0%는 이미 높은 기대와 재무 부담을 반영해 단기 주가 상단을 제약할 수 있습니다.""]",-6.138613861386139,-18.415841584158414,-5.766198328140484,-15.339228309182314
012450,한화에어로스페이스,2025-12-01,813000,Neutral,61,"[""2025 3분기 매출이 전년동기 대비 146.5%, 영업이익이 79.5% 증가해 펀더멘털 모멘텀은 강하지만, 이는 이미 상당 부분 주가에 반영됐을 가능성을 배제하기 어렵습니다."", ""최근 1개월 수익률이 -16.96%이고 거래량 변화율도 -9.53%로 단기 추세와 수급이 약해 20거래일 내 즉각적인 반등을 강하게 확신하기 어렵습니다."", ""PER 15.5와 ROE 26.6%는 수익성 대비 밸류에이션이 과도하다고 보긴 어렵지만, PBR 4.12와 부채비율 221.8%, 영업현금흐름 -831억원은 하방 리스크도 함께 시사합니다.""]",16.50485436893204,14.805825242718445,12.784638995946773,6.92834053084614
259960,크래프톤,2023-01-02,164000,Sell,82,"[""최근 1개월 수익률이 -25.45%로 단기 추세가 매우 약하고, 거래량 변화율도 -7.58%로 수급 개선 신호가 보이지 않습니다."", ""현재 주가가 52주 최저가 164,000원과 동일해 52주 내 위치가 0.0%이며, 추가 하락 압력이 이미 강하게 반영된 상태로 해석됩니다."", ""2022년 3분기 매출과 영업이익이 각각 전년동기 대비 -16.9%, -28.2% 감소해 실적 모멘텀이 약하고, 향후 20거래일 내 반등 근거가 제한적입니다.""]",3.003003003003003,9.30930930930931,-2.9748757357065054,-1.9676661896360237
259960,크래프톤,2023-02-01,181000,Neutral,61,"[""PER 15.1, PBR 1.64, ROE 10.9%는 밸류에이션과 수익성이 극단적으로 나쁘지 않아 방향성은 중립적입니다."", ""주가는 52주 최고가 대비 12.1% 수준으로 저점권에 가깝지만, 최근 1개월 수익률이 +7.74%로 단기 반등은 이미 일부 진행되었습니다."", ""거래량 변화율이 -34.16%로 수급 동력이 약한 반면, 2022년 3분기 매출과 영업이익이 전년동기 대비 각각 -16.9%, -28.2% 감소해 20거래일 내 추가 상승 근거가 강하지 않습니다.""]",-0.5494505494505495,-6.7032967032967035,-1.0614235898575304,-5.212337239896297
259960,크래프톤,2023-03-02,169000,Neutral,66,"[""PER 14.1배와 ROE 10.9%, 영업이익률 32.3%는 수익성 측면에서 무난하지만, 제공된 데이터만으로는 20거래일 내 추가 상승을 강하게 뒷받침할 만큼 저평가 신호가 뚜렷하지 않습니다."", ""최근 1개월 수익률이 -5.74%로 약세이고 현재가가 52주 최저가 164,000원에 매우 근접해 있어 단기 추세는 아직 하방 압력이 남아 있는 모습입니다."", ""거래량 변화율 25.37%는 관심 증가를 시사하지만, 2022년 3분기 매출과 영업이익이 전년동기 대비 각각 -16.9%, -28.2% 감소해 실적 모멘텀이 단기 주가 상승을 확신할 정도로 강하지 않습니다.""]",-4.652532391048291,8.06831566548881,-3.111458326568239,6.226674594302539
259960,크래프톤,2023-04-03,182800,Neutral,66,"[""PER 17.1배와 PBR 1.76배, ROE 10.3%는 밸류에이션과 수익성이 극단적으로 나쁘지 않지만, 20거래일 내 강한 추가 상승을 뒷받침할 만큼 저평가 신호는 뚜렷하지 않습니다."", ""주가는 52주 최고가 대비 18.8% 수준으로 고점 대비 크게 낮지만, 최근 1개월 수익률이 +7.66%로 이미 반등이 진행 중이라 단기 추세의 추가 확장 여부가 불확실합니다."", ""영업이익률 40.5%, 부채비율 17.9%, 영업현금흐름 +5,127억원은 재무 안정성을 지지하지만, 거래량 변화율 -5.70%는 단기 매수세 강화를 확인하기 어렵게 만듭니다.""]",-2.0063357972544877,1.8479408658922916,-4.721503242658857,1.005775343479567
259960,크래프톤,2023-05-02,193600,Neutral,61,"[""PER 18.1, PBR 1.86, ROE 10.2%는 수익성과 밸류에이션이 극단적으로 나쁘지 않지만, 향후 20거래일 내 강한 상승을 뒷받침할 만큼 저평가 신호는 뚜렷하지 않습니다."", ""최근 1개월 수익률이 +5.50%로 단기 모멘텀은 양호하지만, 거래량 변화율이 -21.67%로 수급 확장 없이 오른 흐름이라 추세 지속 신뢰도는 제한적입니다."", ""52주 최고가 대비 현재 위치가 31.1%로 고점 대비 여전히 낮고, 2022년 영업이익률 40.5%와 양호한 현금흐름·낮은 부채비율은 하방을 완전히 막아주지만 단기 방향성을 단정할 근거는 부족합니다.""]",3.0585795749092792,-2.021772939346812,3.4743467452938677,-6.017935088543263
259960,크래프톤,2023-06-01,189400,Neutral,61,"[""PER 17.0, PBR 1.72, ROE 10.1%는 밸류에이션과 수익성이 무난하지만, 현재가가 52주 최고가 대비 크게 낮아도 이를 즉시 상승 신호로 볼 만큼 저평가 근거가 강하지는 않습니다."", ""최근 1개월 수익률이 -1.41%로 단기 모멘텀이 약하고, 거래량 변화율 7.79%는 관심 증가를 시사하지만 방향성을 단정할 정도로 강한 추세 신호는 아닙니다."", ""2023년 1분기 매출은 전년동기 대비 +3.0%로 소폭 증가했지만 영업이익은 -10.2% 감소해 이익 모멘텀이 약하며, 영업현금흐름과 부채비율은 안정적이어서 하락 리스크도 제한적입니다.""]",8.201058201058201,2.91005291005291,7.1250825575486605,2.867382922046649
259960,크래프톤,2023-07-03,194500,Neutral,61,"[""PER 17.5, PBR 1.77, ROE 10.1%는 밸류에이션과 수익성이 극단적으로 저렴하거나 강한 저평가로 보이진 않아 20거래일 내 강한 상승 근거가 제한적입니다."", ""최근 1개월 수익률이 +2.69%로 단기 모멘텀은 약하게 플러스지만, 거래량 변화율이 -35.05%로 수급 동력이 둔화된 점이 상승 지속성을 약화시킵니다."", ""2023 1분기 매출은 +3.0% 증가했지만 영업이익은 -10.2% 감소했고, 52주 최고가 대비 현재 위치가 34.0%로 중간 이하 구간이라 방향성은 있으나 단기 추세 확신은 어렵습니다.""]",-0.273224043715847,-2.677595628415301,0.9152185258188466,-5.521837157580739
259960,크래프톤,2023-08-01,178100,Neutral,61,"[""PER 16.0, PBR 1.62, ROE 10.1%는 밸류에이션과 수익성이 극단적으로 나쁘지는 않지만, 향후 20거래일 주가 상승을 강하게 뒷받침할 만큼 저평가 신호도 뚜렷하지 않습니다."", ""최근 1개월 수익률이 -8.43%이고 거래량 변화율도 -4.40%로 단기 모멘텀이 약해 단기 반등을 확신하기 어렵습니다."", ""2023년 1분기 매출은 +3.0% 증가했지만 영업이익은 -10.2% 감소했고, 52주 최고가 대비 현재 위치가 19.5%로 낮아 추세상 방향성이 아직 불명확합니다.""]",0.8675534991324465,-10.352805089647195,1.3013440642831997,-8.05199521986081
259960,크래프톤,2023-09-01,155500,Sell,78,"[""최근 1개월 수익률이 -10.06%로 단기 모멘텀이 약하고, 현재가 155,500원이 52주 최저가 155,000원에 매우 근접해 있어 추가 약세 가능성을 배제하기 어렵습니다."", ""2023년 2분기 매출과 영업이익이 각각 전년동기 대비 -8.6%, -20.7%로 감소해 실적 추세가 단기 주가 상승을 뒷받침하기 어렵습니다."", ""PER 15.9, PBR 1.42, ROE 8.9%는 극단적으로 저평가된 수준은 아니며, 거래량 변화율 18.49%는 변동성 확대 신호일 수 있으나 상승 방향을 확정할 근거로는 부족합니다.""]",-2.361199744735163,-4.6585832801531595,-1.2906071851019552,2.1441483365692937
259960,크래프톤,2023-10-04,146500,Sell,78,"[""최근 1개월 수익률이 -6.57%이고 거래량 변화율도 -25.17%로, 단기 모멘텀과 수급이 동시에 약화된 상태입니다."", ""현재 주가가 52주 최저가 146,500원과 동일해 52주 내 위치가 0.0%이며, 추가 하락 여지가 상대적으로 더 크게 열려 있습니다."", ""2023년 2분기 매출과 영업이익이 각각 전년동기 대비 -8.6%, -20.7%로 감소해 실적 추세가 단기 주가 반등을 강하게 뒷받침하지 못합니다.""]",4.662162162162162,14.797297297297296,2.475858284645097,16.264263514637943
259960,크래프톤,2023-11-01,166000,Neutral,66,"[""최근 1개월 수익률이 +11.63%이고 거래량 변화율도 +16.36%로 단기 모멘텀은 양호해 20거래일 내 추가 상승 가능성을 시사합니다."", ""다만 2023년 2분기 매출과 영업이익이 각각 전년동기 대비 -8.6%, -20.7% 감소해 실적 모멘텀이 약하고, 이는 단기 주가 상단을 제한할 수 있습니다."", ""PER 17.0, PBR 1.52, ROE 8.9%는 극단적으로 저평가된 수준은 아니며, 52주 최고가 대비 현재 위치가 21.7%로 반등 여지는 있으나 상승 근거가 압도적이지는 않습니다.""]",12.966252220248666,26.1101243339254,9.38299570756472,17.908666448712516
259960,크래프톤,2023-12-01,217500,Neutral,66,"[""최근 1개월 수익률이 +28.77%이고 거래량 변화율도 +77.19%로 단기 모멘텀은 강하지만, 52주 최고가 227,000원 대비 현재가 217,500원으로 상단 저항에 매우 근접해 추가 상승 여력이 제한적입니다."", ""2023년 3분기 매출은 전년동기 대비 +3.8%로 완만하지만 영업이익은 +30.9%, 영업이익률 42.0%로 수익성은 우수해 실적 측면의 하방 리스크는 크지 않습니다."", ""PER 22.9배, PBR 1.90배, ROE 8.3%는 극단적으로 저평가된 수준은 아니며, 시가총액 10.0조원과 52주 내 현재 위치 88.2%를 감안하면 향후 20거래일 방향성을 강하게 단정하기 어렵습니다.""]",-2.293577981651376,-8.027522935779817,-2.7075027117653074,-10.893186269046886
259960,크래프톤,2024-01-02,195800,Neutral,66,"[""2023년 3분기 매출과 영업이익이 각각 전년동기 대비 +3.8%, +30.9%로 개선되고 영업이익률 42.0%, 영업현금흐름 +4,443억원, 부채비율 18.9%로 펀더멘털과 재무안정성은 양호하다."", ""다만 최근 1개월 수익률이 -9.35%이고 거래량 변화율도 -26.67%로 단기 모멘텀과 수급이 약해 향후 20거래일 내 즉각적인 상승을 강하게 지지하지 않는다."", ""현재 주가는 52주 최고가 대비 아직 여유가 있지만 최근 조정이 진행 중이며, PER 20.6과 PBR 1.71은 실적 대비 과도하게 저렴하다고 보기 어려워 상승·하락 근거가 균형적이다.""]",4.209445585215605,10.1129363449692,6.715093168356848,14.340281769947426
259960,크래프톤,2024-02-01,214000,Sell,67,"[""현재 주가가 52주 최고가의 93.8% 수준으로 고점 부근에 위치해 있어, 20거래일 내 추가 상승 여력보다 단기 차익실현 압력이 더 크게 작용할 가능성이 있습니다."", ""최근 1개월 수익률이 +9.86%로 이미 단기 상승이 진행된 반면 거래량 변화율이 -30.22%로 수급 강도가 약해져, 상승 추세의 지속성을 강하게 뒷받침하지 못합니다."", ""3분기 실적은 매출 +3.8%, 영업이익 +30.9%, 영업이익률 42.0%, 영업현금흐름 +4,443억원으로 양호하지만, PER 22.5와 시가총액 9.9조원은 단기적으로 기대가 상당 부분 반영된 수준으로 해석됩니다.""]",3.1390134529147984,-4.484304932735426,1.8263583565782293,-5.48533349149136
259960,크래프톤,2024-03-04,217500,Neutral,61,"[""2023 3분기 매출은 전년동기 대비 3.8% 증가에 그쳤지만 영업이익은 30.9% 증가하고 영업이익률이 42.0%로 높아 수익성은 양호합니다."", ""PER 22.9배와 PBR 1.90배는 절대적으로 저렴하다고 보기 어렵고, ROE 8.3%는 밸류에이션을 강하게 정당화할 만큼 높지는 않습니다."", ""주가는 52주 최고가 대비 76.3% 수준으로 고점 부담은 크지 않지만 최근 1개월 수익률이 -0.46%로 약세이고 거래량 변화율 6.58%는 방향성을 확정할 만큼 강하지 않습니다.""]",7.339449541284404,15.59633027522936,6.116153700716734,11.679971854454854
259960,크래프톤,2024-04-01,250500,Sell,74,"[""현재 주가는 52주 최고가 257,000원 대비 94.1% 수준으로 이미 고점권에 근접해 있어, 향후 20거래일 내 추가 상승 여력이 제한적입니다."", ""최근 1개월 수익률이 10.35%로 단기 상승이 선반영된 상태이며, 거래량 변화율 19.71%도 단기 과열 가능성을 시사합니다."", ""PER 19.6, PBR 2.18은 실적 대비 밸류에이션 부담이 완전히 낮지 않은 수준인데, 2023년 매출(+3.0%)과 영업이익(+2.2%) 성장률이 크지 않아 단기 모멘텀 대비 기대수익이 약합니다.""]",-3.968253968253968,-3.571428571428571,-2.224802806679631,-1.0466933580737439
259960,크래프톤,2024-05-02,243000,Neutral,61,"[""PER 19.0, PBR 2.12, ROE 11.2%는 수익성과 밸류에이션이 무난하지만, 현재가가 52주 최고가의 85% 수준으로 이미 높은 구간에 있어 추가 상승 여력이 크다고 단정하기 어렵습니다."", ""최근 1개월 수익률이 -2.99%로 단기 모멘텀은 약한 반면 거래량 변화율이 45.00%로 커져 방향성은 있으나 상승·하락 어느 쪽으로도 확정하기 어렵습니다."", ""2023년 매출(+3.0%), 영업이익(+2.2%), 영업이익률 40.2%, 영업현금흐름 +6,623억원, 부채비율 15.9%는 재무 안정성을 지지하지만, 향후 20거래일 주가 방향을 결정할 촉매로는 부족합니다.""]",3.386454183266932,-0.5976095617529881,1.4967645362107485,-0.05476277306720778
259960,크래프톤,2024-06-03,247500,Neutral,66,"[""2024년 1분기 매출이 전년동기 대비 23.6%, 영업이익이 9.7% 증가했고 영업이익률 46.6%로 수익성은 매우 양호해 중기 펀더멘털은 우호적입니다."", ""부채비율 16.9%와 영업현금흐름 2,190억원으로 재무 안정성은 높지만, 최근 1개월 수익률이 3.34%에 그치고 거래량 변화율이 -23.78%로 단기 모멘텀은 강하지 않습니다."", ""현재 주가는 52주 최고가 대비 86.3% 수준으로 고점 근처에 위치해 추가 상승 여력은 제한적으로 보이며, PER 16.8과 PBR 2.02는 실적 대비 과도하진 않지만 단기 상승을 강하게 뒷받침할 만큼 저평가로 보기도 어렵습니다.""]",6.212424849699398,9.218436873747494,3.7305496384000416,4.263326246798833
259960,크래프톤,2024-07-01,273500,Neutral,66,"[""2024년 1분기 매출이 전년동기 대비 23.6%, 영업이익이 9.7% 증가했고 영업이익률 46.6%로 수익성은 매우 우수하지만, 이는 이미 주가에 상당 부분 반영됐을 가능성이 있습니다."", ""현재 주가는 52주 최고가의 84.4% 수준이고 최근 1개월 수익률이 8.96%로 단기 상승이 진행된 상태라 추가 상승 여력과 단기 과열 부담이 동시에 존재합니다."", ""PER 18.6배, PBR 2.24배, ROE 12.0%는 무난한 수준이며 부채비율 16.9%와 영업현금흐름 2,190억원은 안정적이지만, 20거래일 내 방향을 단정할 만큼 강한 추가 모멘텀 신호는 부족합니다.""]",6.826568265682657,7.9335793357933575,3.715300528363987,9.467996746234734
259960,크래프톤,2024-08-01,289500,Sell,74,"[""현재 주가가 52주 최고가의 95.0% 수준으로 고점권에 위치해 있어 20거래일 내 추가 상승 여력이 제한적입니다."", ""최근 1개월 수익률이 +6.24%로 이미 단기 상승이 진행된 반면 거래량 변화율이 -42.53%로 수급 동력이 약해졌습니다."", ""1분기 실적은 매출 +23.6%, 영업이익 +9.7%로 양호하지만, 현재 밸류에이션(PER 19.7, PBR 2.37)과 고점권 가격을 감안하면 단기적으로는 상승보다 조정 가능성이 더 큽니다.""]",2.4347826086956523,12.347826086956522,5.71407144842677,12.168092958890131
259960,크래프톤,2024-09-02,323000,Neutral,74,"[""2024년 2분기 매출이 전년동기 대비 82.7%, 영업이익이 152.6% 증가해 실적 모멘텀은 매우 강하지만, 이는 이미 주가에 상당 부분 반영됐을 가능성이 있습니다."", ""최근 1개월 수익률이 11.57%이고 현재 주가가 52주 최고가의 87.2% 수준이며 거래량도 133.94% 증가해 단기 과열과 추세 지속이 동시에 존재합니다."", ""PER 16.6, PBR 2.56, ROE 15.4%, 부채비율 17.2%, 영업현금흐름 +4,059억원은 펀더멘털과 재무안정성이 양호하지만, 향후 20거래일 내 추가 상승 여력은 강한 실적 대비 현재 위치상 제한적으로 보입니다.""]",1.1041009463722398,2.8391167192429023,6.403148093630969,5.476255834241982
259960,크래프톤,2024-10-02,338000,Neutral,67,"[""2024년 2분기 매출이 전년동기 대비 82.7%, 영업이익이 152.6% 증가하고 영업이익률이 47.0%로 매우 높아 펀더멘털은 강합니다."", ""부채비율 17.2%와 영업현금흐름 4,059억원은 재무 안정성을 뒷받침하지만, 현재 주가는 52주 최고가의 94.6% 수준으로 단기 추가 상승 여력은 제한적으로 보입니다."", ""최근 1개월 수익률이 1.81%로 탄력이 크지 않고 거래량 변화율이 -46.23%로 수급이 약해 보여, 향후 20거래일 방향성을 강하게 단정하기 어렵습니다.""]",-1.4903129657228018,0.5961251862891207,-3.5753731476110273,-0.1533757301566947
259960,크래프톤,2024-11-01,333500,Neutral,66,"[""2024년 2분기 매출과 영업이익이 각각 전년동기 대비 +82.7%, +152.6%로 매우 강해 실적 모멘텀은 분명하지만, 이는 이미 상당 부분 주가에 반영됐을 가능성이 있습니다."", ""현재 주가는 52주 최고가 349,000원 대비 92.0% 수준으로 고점 근처에 위치해 있어 20거래일 내 추가 상승 여력보다 단기 부담이 더 크게 보입니다."", ""최근 1개월 수익률이 -2.63%이고 거래량 변화율도 -17.66%로 단기 수급이 약한 반면, PER 17.2와 ROE 15.4%, 부채비율 17.2%는 펀더멘털을 지지해 방향성이 한쪽으로 강하게 기울지 않습니다.""]",-5.9259259259259265,-2.9629629629629632,-3.712304292612294,2.2317669875578923
259960,크래프톤,2024-12-02,327500,Buy,78,"[""2024년 3분기 매출이 전년동기 대비 59.7%, 영업이익이 71.4% 증가해 단기 실적 모멘텀이 강합니다."", ""영업이익률 45.1%와 부채비율 16.3%, 영업현금흐름 7,822억원은 수익성과 재무안정성이 모두 양호함을 보여줍니다."", ""최근 1개월 수익률은 -1.80%로 약세였지만, 거래량 변화율 64.35%와 52주 최고가 대비 86.4% 위치는 실적 개선이 주가에 재반영될 여지가 있음을 시사합니다.""]",-7.91476407914764,1.97869101978691,-4.62449568988322,4.305797935510275
259960,크래프톤,2025-01-02,316500,Neutral,66,"[""2024년 3분기 매출과 영업이익이 각각 전년동기 대비 59.7%, 71.4% 증가하고 영업이익률도 45.1%로 매우 높아 펀더멘털은 강합니다."", ""ROE 13.6%, 부채비율 16.3%, 영업현금흐름 7,822억원으로 재무 안정성과 현금창출력이 양호해 급격한 악재 가능성은 낮아 보입니다."", ""다만 현재 주가는 52주 고점 대비 80% 수준으로 이미 상당 부분 반영된 상태이고, 최근 1개월 수익률 1.44%에 거래량 변화율 -21.36%로 단기 모멘텀과 수급이 강하지 않아 20거래일 방향성을 확신하기 어렵습니다.""]",0.0,13.73134328358209,-3.024669112829254,9.847923679336255
259960,크래프톤,2025-02-03,360000,Sell,74,"[""현재 주가가 52주 최고가의 97.8% 수준으로 고점권에 위치해 있어, 향후 20거래일 내 추가 상승 여력보다 차익실현 압력이 더 크게 작용할 가능성이 있습니다."", ""최근 1개월 수익률이 17.26%로 단기간에 이미 크게 상승했고 거래량 변화율도 8.36%로 과열 이후 숨고르기 가능성을 시사합니다."", ""3분기 실적은 매출 +59.7%, 영업이익 +71.4%로 매우 강하지만, 이러한 호실적은 이미 주가에 상당 부분 반영된 상태로 보이며 현재 밸류에이션(PER 20.5, PBR 2.78)도 추가 상승을 강하게 뒷받침할 만큼 저렴하지는 않습니다.""]",3.4482758620689653,-5.103448275862069,1.1369476945701993,-8.183607361001634
259960,크래프톤,2025-03-04,334000,Neutral,66,"[""2024년 3분기 매출이 전년동기 대비 59.7%, 영업이익이 71.4% 증가해 실적 모멘텀은 강하지만, 이는 이미 상당 부분 주가에 반영됐을 가능성이 있습니다."", ""PER 19.1배와 PBR 2.58배, ROE 13.5%는 수익성 대비 과도하게 비싸다고 보긴 어렵지만, 20거래일 내 추가 상승을 강하게 뒷받침할 만큼 저평가 신호도 아닙니다."", ""최근 1개월 수익률이 -8.24%로 약세였고 거래량 변화율이 83.11%로 커져 단기 변동성은 높지만, 52주 고점 대비 71.2% 위치와 견주면 방향성을 단정하기 어렵습니다.""]",0.436046511627907,0.872093023255814,-0.21638319288281194,2.915382457334613
259960,크래프톤,2025-04-01,340000,Neutral,66,"[""PER 11.9와 ROE 20.1%, 영업이익률 43.6%는 수익성과 밸류에이션 측면에서 양호하지만, 이는 이미 현재 주가에 상당 부분 반영됐을 가능성이 있습니다."", ""최근 1개월 수익률이 -1.02%이고 거래량 변화율이 -29.93%로, 단기 모멘텀과 수급이 약해 향후 20거래일 상승을 강하게 지지하지 않습니다."", ""52주 최고가 대비 현재 위치가 72.7%로 고점 부담은 크지 않지만, 20거래일 내 뚜렷한 상승 또는 하락을 단정할 만큼 방향성이 강한 기술적 신호는 부족합니다.""]",2.161383285302594,7.060518731988473,10.62793768179722,5.035265924569064
259960,크래프톤,2025-05-02,385000,Sell,74,"[""현재 주가 385,000원은 52주 최고가 386,000원의 99.4% 수준으로 이미 고점권에 위치해 있어 20거래일 내 추가 상승 여력이 제한적입니다."", ""최근 1개월 수익률이 +10.95%로 단기 상승이 선반영된 반면 거래량 변화율이 -6.77%로 수급 확장이 동반되지 않아 추세 지속 신뢰도가 높지 않습니다."", ""2024년 실적은 매출 +41.8%, 영업이익 +54.0%, 영업이익률 43.6%, ROE 20.1%로 우수하지만, 이러한 강한 펀더멘털이 이미 주가에 상당 부분 반영된 상태로 보여 단기 관점에서는 하락 리스크가 더 큽니다.""]",-3.24254215304799,-4.150453955901426,-5.836760818056925,-13.40719496141856
259960,크래프톤,2025-06-02,368000,Neutral,66,"[""2025년 1분기 매출과 영업이익이 각각 전년동기 대비 31.3%, 47.3% 증가했고 영업이익률도 52.3%로 매우 높아 펀더멘털은 강합니다."", ""PER 12.6배와 ROE 19.4%는 수익성 대비 밸류에이션이 과도하게 비싸다고 보긴 어렵고, 부채비율 16.0%와 영업현금흐름 5,296억원으로 재무 안정성도 양호합니다."", ""다만 현재 주가는 52주 최고가의 87.3% 수준으로 고점권에 가깝고, 최근 1개월 수익률이 -0.54%이며 거래량 변화율도 -21.75%로 단기 모멘텀은 약해 20거래일 방향성을 확신하기 어렵습니다.""]",3.9455782312925165,-0.5442176870748299,-1.4387095659097775,-13.010834308749118
259960,크래프톤,2025-07-01,362000,Neutral,67,"[""2025년 1분기 매출과 영업이익이 각각 전년동기 대비 31.3%, 47.3% 증가했고 영업이익률 52.3%로 수익성은 매우 강하지만, 이는 이미 주가에 상당 부분 반영됐을 가능성이 있습니다."", ""PER 12.4배와 ROE 19.4%는 밸류에이션과 수익성 측면에서 양호하지만, 현재 주가는 52주 최고가의 79.1% 수준으로 고점 부담이 남아 있어 추가 상승 여력은 제한적으로 보입니다."", ""최근 1개월 수익률이 -4.11%로 단기 모멘텀은 약한 반면 거래량 변화율 36.42%는 변동성 확대 신호라서, 향후 20거래일 방향을 단정하기에는 상승·하락 근거가 혼재합니다.""]",0.41841004184100417,-8.92608089260809,-1.4898454068331628,-14.76043859619761
259960,크래프톤,2025-08-01,315500,Neutral,66,"[""2025년 1분기 매출이 전년동기 대비 31.3%, 영업이익이 47.3% 증가하고 영업이익률이 52.3%로 매우 높아 펀더멘털은 강합니다."", ""PER 10.8배와 ROE 19.4%, 부채비율 16.0%, 영업현금흐름 5,296억원은 재무 안정성과 수익성 측면에서 긍정적입니다."", ""다만 최근 1개월 수익률이 -13.68%이고 거래량 변화율도 -28.62%로 약세 모멘텀이 뚜렷하며, 현재 주가가 52주 최고가 대비 낮은 구간에 있어 단기 20거래일 방향성을 강하게 확신하기 어렵습니다.""]",1.4308426073131957,4.92845786963434,-0.4441474649606503,4.146947266822811
259960,크래프톤,2025-09-01,331000,Neutral,61,"[""PER 15.0, PBR 2.32, ROE 15.5%로 수익성은 양호하지만 밸류에이션이 매우 저렴하다고 보기 어려워 20거래일 내 강한 상승 근거는 제한적입니다."", ""2025년 2분기 매출과 영업이익이 각각 전년동기 대비 -6.4%, -25.9% 감소했고 순이익도 155억원에 그쳐 단기 실적 모멘텀은 약합니다."", ""52주 내 현재 위치가 43.0%로 중립권이고 최근 1개월 수익률 0.76%, 거래량 변화율 -4.97%로 가격·수급 모두 뚜렷한 방향성을 보여주지 않습니다.""]",-2.272727272727273,-11.363636363636363,-5.037239385199109,-19.315154953955844
259960,크래프톤,2025-10-01,298500,Neutral,66,"[""PER 13.5, PBR 2.09, ROE 15.4%로 수익성 대비 밸류에이션은 과도하지 않지만, 이것만으로 20거래일 내 상승을 강하게 뒷받침하진 않습니다."", ""최근 1개월 수익률이 -9.55%이고 거래량 변화율도 -9.51%로 단기 모멘텀과 수급이 약해 단기 반등 신호가 뚜렷하지 않습니다."", ""2025년 2분기 매출과 영업이익이 각각 전년동기 대비 -6.4%, -25.9% 감소했고 순이익도 155억원에 그쳐 실적 둔화가 단기 주가에 부담이 될 수 있습니다.""]",-3.0100334448160537,-11.872909698996656,-8.621423021651458,-25.31928227204812
259960,크래프톤,2025-11-03,279500,Sell,78,"[""최근 1개월 수익률이 -5.41%이고 현재 주가가 52주 최고가 대비 7.4% 수준에 불과해 단기 추세가 약세로 해석됩니다."", ""2025년 2분기 매출이 전년동기 대비 -6.4%, 영업이익이 -25.9%로 감소해 실적 모멘텀이 둔화된 상태입니다."", ""PER 12.7과 ROE 15.5%, 영업현금흐름 +4,452억원, 부채비율 12.3%는 재무 건전성은 양호하지만, 향후 20거래일 관점에서는 실적 둔화와 약한 가격 흐름이 더 우세합니다.""]",-5.376344086021505,-9.31899641577061,-5.00392855277585,-6.242383140794509
259960,크래프톤,2025-12-01,252000,Neutral,67,"[""PER 9.1, PBR 1.71, ROE 18.8%로 수익성과 밸류에이션은 양호하지만, 이것만으로 향후 20거래일 주가 상승을 단정하기는 어렵습니다."", ""2025 3분기 매출은 전년동기 대비 21.0% 증가했으나 영업이익 증가율은 7.5%로 상대적으로 둔화되어 단기 모멘텀이 강하다고 보기에는 애매합니다."", ""주가는 52주 최저가 252,000원에 위치하고 최근 1개월 수익률이 -8.70%, 거래량 변화율도 -13.13%로 약세 흐름이지만, 부채비율 16.0%와 영업현금흐름 +8,390억원은 하방 리스크를 완화합니다.""]",-2.9644268774703555,-1.9762845849802373,-6.684642250455623,-9.853769296852542
247540,에코프로비엠,2023-01-02,93400,Sell,78,"[""최근 1개월 수익률이 -18.85%이고 거래량 변화율도 -34.26%로, 단기 추세와 수급이 모두 약세를 보여 향후 20거래일 추가 하락 가능성이 높습니다."", ""현재 주가는 52주 최고가 대비 크게 낮고 52주 내 위치도 25.5%에 불과해, 반등보다 약세 추세 지속 신호가 더 강합니다."", ""2022 3분기 실적은 매출과 영업이익이 크게 증가했지만 영업현금흐름이 -5,978억원으로 악화되어 실적 성장 대비 현금창출력이 약하고, 이는 단기 주가 모멘텀에 부담입니다.""]",3.5407725321888415,22.317596566523605,0.4146150390412142,9.032168016260629
247540,에코프로비엠,2023-02-01,109200,Neutral,61,"[""최근 1개월 수익률이 +18.57%로 단기 모멘텀은 양호하지만, 거래량 변화율이 -5.35%로 상승 추세의 지속성은 다소 약합니다."", ""PER 24.9, PBR 1.86, ROE 7.5%는 극단적으로 저평가된 수준은 아니며, 현재가가 52주 범위의 중간 수준(53.2%)이라 추가 상승 여력과 조정 위험이 혼재합니다."", ""2022 3분기 매출과 영업이익이 크게 증가했지만 영업현금흐름이 -5,978억원으로 음수이고 부채비율도 128.6%로 재무 안정성 측면의 부담이 있어 20거래일 방향성을 단정하기 어렵습니다.""]",14.649122807017545,59.73684210526316,12.038675787583049,54.79320997426999
247540,에코프로비엠,2023-03-02,159700,Sell,78,"[""최근 1개월 수익률이 60.02%이고 52주 내 현재 위치가 91.8%로 단기 급등 후 고점권에 근접해 있어 향후 20거래일 내 추가 상승 여력이 제한적입니다."", ""거래량 변화율이 340.35%로 과열 신호가 강하며, 단기적으로는 차익실현 압력이 커질 가능성이 높습니다."", ""실적은 매출과 영업이익이 크게 증가했지만 영업현금흐름이 -5,978억원으로 악화되어 수익성 개선이 현금창출로 충분히 연결되지 못하고 있습니다.""]",6.315211422295441,23.28390993959363,8.037501494826028,17.663411946024176
247540,에코프로비엠,2023-04-03,232000,Sell,78,"[""현재가 232,000원은 52주 최고가 235,000원 대비 98.0% 수준으로, 최근 1개월 수익률도 +27.40%여서 단기적으로 가격과 모멘텀이 과열 구간에 가깝습니다."", ""PER 80.5배와 PBR 16.64배, 시가총액 22.7조원은 실적 대비 밸류에이션 부담이 매우 큰 수준이라 20거래일 내 추가 상승 여력이 제한적입니다."", ""2022년 실적은 성장했지만 영업현금흐름이 -2,413억원으로 음수이고 부채비율도 126.7%로 재무 안정성이 완전히 강하지 않아 고평가 구간에서 방어력이 약합니다.""]",31.180400890868597,11.1358574610245,26.308612001720448,12.769120019646959
247540,에코프로비엠,2023-05-02,267000,Sell,78,"[""현재가 267,000원은 52주 최고가 296,000원 대비 이미 86.0% 수준까지 올라와 있어 단기적으로 추가 상승 여력이 제한적입니다."", ""최근 1개월 수익률이 +18.93%로 강한 단기 상승이 있었지만 거래량 변화율이 -14.47%로 수급 확산이 동반되지 않아 상승 지속성에 의문이 있습니다."", ""PER 92.7, PBR 19.15, 시가총액 26.1조원은 밸류에이션 부담이 매우 크고, 영업현금흐름 -2,413억원과 부채비율 126.7%는 재무 안정성 측면에서 단기 주가 하방 리스크를 키웁니다.""]",-11.022044088176353,2.2044088176352705,-8.811365466766928,-0.7463253079369676
247540,에코프로비엠,2023-06-01,249500,Sell,78,"[""최근 1개월 수익률이 -6.55%이고 거래량 변화율도 -63.34%로, 단기 모멘텀과 수급이 동시에 약화된 모습입니다."", ""현재 주가는 52주 최고가 대비 77.6% 수준으로 고점권 부담이 남아 있는데, PER 97.3과 PBR 17.36은 밸류에이션 부담이 매우 큽니다."", ""2023년 1분기 실적은 성장세가 강하지만 영업현금흐름이 -3,757억원으로 음수이고 부채비율도 165.4%로 재무 안정성이 완전히 뒷받침되지 않습니다.""]",5.294117647058823,3.3333333333333335,3.2550880868901664,0.887649855232739
247540,에코프로비엠,2023-07-03,263500,Neutral,66,"[""최근 1개월 수익률이 +5.61%로 단기 모멘텀은 양호하지만, 거래량 변화율이 -6.87%로 상승 추세의 확산 강도는 약합니다."", ""2023년 1분기 매출과 영업이익이 각각 전년동기 대비 +203.6%, +161.4% 증가해 실적 성장성은 강하지만, 영업현금흐름이 -3,757억원으로 현금 창출은 부진합니다."", ""PER 102.8배, PBR 18.33배, 시가총액 25.8조원은 기대가 상당 부분 반영된 수준이며, 현재가가 52주 최고가의 84.4%에 위치해 추가 상승 여력과 조정 위험이 혼재합니다.""]",7.468123861566485,48.816029143898,8.734415996397944,43.23513026749351
247540,에코프로비엠,2023-08-01,408500,Sell,78,"[""현재가가 52주 최고가의 85.7% 수준이고 최근 1개월 수익률이 55.03%로 단기 급등 이후 과열 부담이 커 20거래일 내 추가 상승 여력이 제한적입니다."", ""PER 159.4배와 PBR 28.42배는 실적 대비 밸류에이션 부담이 매우 큰 수준이며, 시가총액 40.0조원도 기대가 이미 상당 부분 반영된 상태로 해석됩니다."", ""2023 1분기 매출과 영업이익이 크게 증가했지만 영업현금흐름이 -3,757억원으로 음수이고 부채비율도 165.4%로 재무 안정성이 완전히 뒷받침되지 않아 단기 조정 가능성이 있습니다.""]",-9.724047306176084,-14.71747700394218,-9.638310408532753,-16.76636901941879
247540,에코프로비엠,2023-09-01,308500,Sell,82,"[""최근 1개월 수익률이 -18.92%이고 거래량 변화율도 -69.43%로, 단기 추세와 수급이 동시에 약화되어 향후 20거래일 추가 하락 압력이 우세합니다."", ""PER 129.1, PBR 20.54, 시가총액 30.2조원은 실적 대비 밸류에이션 부담이 매우 큰 수준이라 단기적으로 주가 상승 여력이 제한적입니다."", ""2023 2분기 매출과 영업이익은 증가했지만 영업이익률 6.0%에 그치고 영업현금흐름이 -3,843억원으로 악화되어, 실적 개선이 주가를 즉시 지지하기에는 재무적 질이 충분히 강하지 않습니다.""]",-5.691056910569105,-23.414634146341466,-4.971922048303557,-12.233773360406483
247540,에코프로비엠,2023-10-04,235000,Sell,82,"[""최근 1개월 수익률이 -27.58%로 단기 추세가 매우 약하고, 거래량 변화율도 -26.71%로 수급 둔화가 확인됩니다."", ""PER 98.4와 PBR 15.64는 현재 주가가 실적 대비 매우 높은 수준임을 시사해 20거래일 내 추가 상승 여력이 제한적으로 보입니다."", ""매출과 영업이익은 증가했지만 영업현금흐름이 -3,843억원으로 악화되어 실적 개선이 주가 반등으로 바로 이어질 근거가 약합니다.""]",5.353319057815846,-1.4989293361884368,2.636782641746336,0.8693011699162831
247540,에코프로비엠,2023-11-01,188600,Sell,78,"[""최근 1개월 수익률이 -25.89%로 단기 추세가 매우 약하고, 52주 최고가 대비 현재 위치도 26.1%에 불과해 추가 하락 압력이 우세합니다."", ""PER 79.0과 PBR 12.55는 현재 주가가 실적과 자산가치 대비 높은 수준임을 시사해, 단기적으로 밸류에이션 부담이 큽니다."", ""2023 2분기 매출과 영업이익은 증가했지만 영업이익률 6.0%에 그치고 영업현금흐름이 -3,843억원으로 악화되어 수익성·현금창출 측면의 불안이 남아 있습니다.""]",14.516129032258066,26.26728110599078,10.630460588595733,18.653803542717668
247540,에코프로비엠,2023-12-01,280000,Sell,84,"[""PER 201.4배와 PBR 18.34배는 현재 주가가 실적 대비 매우 높은 수준임을 시사해 20거래일 내 추가 상승 여력이 제한적입니다."", ""2023년 3분기 매출은 증가했지만 영업이익이 전년동기 대비 67.6% 감소했고 영업이익률도 2.5%에 불과해 수익성 둔화가 뚜렷합니다."", ""최근 1개월 수익률이 29.03%로 단기 급등한 반면 영업현금흐름은 -4,896억원, 부채비율은 180.6%로 재무 부담이 커 단기 조정 가능성이 높습니다.""]",-1.238390092879257,-13.622291021671826,-2.0506818903011683,-18.176194367396736
247540,에코프로비엠,2024-01-02,283500,Sell,82,"[""PER 204.0, PBR 18.57, 시가총액 27.7조원은 현재 실적 대비 밸류에이션 부담이 매우 큰 수준이라 20거래일 내 추가 상승 여력이 제한적입니다."", ""2023년 3분기 매출은 증가했지만 영업이익이 전년동기 대비 67.6% 감소했고 영업이익률도 2.5%에 불과해 수익성 둔화가 뚜렷합니다."", ""부채비율 180.6%와 영업현금흐름 -4,896억원은 재무 안정성과 현금창출력이 약하다는 신호이며, 최근 1개월 수익률 5.19%와 거래량 변화율 1.79%도 강한 추세 전환 근거로 보기 어렵습니다.""]",8.103130755064457,-21.36279926335175,7.65680974814591,-13.063982186123296
247540,에코프로비엠,2024-02-01,228000,Sell,84,"[""PER 164.0, PBR 14.93, 시가총액 22.3조원은 현재 주가가 실적 대비 매우 높은 수준임을 시사해 20거래일 내 추가 상승 여력이 제한적으로 보입니다."", ""최근 1개월 수익률이 -16.02%로 단기 추세가 이미 약세이며, 52주 최고가 대비 현재 위치도 35.4%에 불과해 반등보다 하락 추세 지속 가능성이 더 큽니다."", ""2023 3분기 매출은 증가했지만 영업이익이 전년동기 대비 -67.6% 급감했고 영업현금흐름도 -4,896억원으로 악화되어 단기 펀더멘털 모멘텀이 약합니다.""]",4.8034934497816595,8.951965065502183,1.074833828047919,2.091133174293624
247540,에코프로비엠,2024-03-04,270000,Sell,78,"[""PER 194.2배와 PBR 17.68배는 현재 주가가 실적과 자산가치 대비 매우 고평가되어 있어 20거래일 내 추가 상승 여력이 제한적입니다."", ""2023년 3분기 매출은 증가했지만 영업이익이 전년동기 대비 67.6% 감소했고 영업이익률도 2.5%에 불과해 수익성 둔화가 뚜렷합니다."", ""영업현금흐름이 -4,896억원으로 현금창출력이 약하고, 최근 1개월 수익률 +22.73% 이후 거래량 변화율이 -7.65%로 상승 탄력이 약해질 가능성이 있습니다.""]",2.5440313111545985,2.3483365949119372,-0.1499677885372228,-0.5626598615673992
247540,에코프로비엠,2024-04-01,270500,Sell,74,"[""현재가가 52주 최고가 대비 30.0% 수준에 불과해 고점 대비 약세 구간에 있으며, 최근 1개월 수익률도 1.50%로 상승 탄력이 강하지 않습니다."", ""거래량 변화율이 -28.36%로 수급이 둔화된 모습이라 단기 20거래일 내 추가 상승 동력이 약합니다."", ""적자 기업으로 PER이 없고 PBR 19.29, 시가총액 26.5조원은 기대가 이미 크게 반영된 수준인데, 2023년 영업이익이 전년 대비 -59.0% 감소해 실적 모멘텀이 약합니다.""]",-9.560229445506693,-10.89866156787763,-5.9419744179716165,-8.194503827212076
247540,에코프로비엠,2024-05-02,233000,Sell,82,"[""최근 1개월 수익률이 -13.86%이고 거래량 변화율도 -21.37%로, 단기 추세와 수급이 동시에 약화되어 향후 20거래일 추가 하락 압력이 우세합니다."", ""현재 주가는 52주 최고가 대비 크게 낮고 52주 내 위치도 16.2%에 불과해, 반등보다 약세 추세 지속 가능성이 더 높게 해석됩니다."", ""2023년 매출은 증가했지만 영업이익이 전년 대비 -59.0% 급감했고 영업이익률도 2.3%에 그쳐 수익성 둔화가 뚜렷하며, 적자 상태로 PER도 산출되지 않아 밸류에이션 지지력이 약합니다.""]",-6.8584070796460175,-15.398230088495577,-5.569113072090468,-13.11654938516028
247540,에코프로비엠,2024-06-03,188000,Sell,86,"[""최근 1개월 수익률이 -21.17%로 약세 흐름이 뚜렷하고, 현재가가 52주 최저가 185,800원에 매우 근접해 있어 20거래일 내 추가 하락 압력이 우세합니다."", ""2024년 1분기 매출이 전년동기 대비 -51.7%, 영업이익이 -93.8% 급감했고 순이익도 적자를 기록해 실적 모멘텀이 약합니다."", ""PER은 적자로 산출 불가이고 PBR 13.34, 시가총액 18.4조원 대비 이익 창출력이 매우 낮아 밸류에이션 부담이 큰 반면, 거래량 변화율도 -3.39%로 수급 개선 신호가 약합니다.""]",9.571129707112972,-0.10460251046025104,6.635586341937533,1.0469155071317295
247540,에코프로비엠,2024-07-01,188500,Sell,82,"[""2024년 1분기 매출이 전년동기 대비 51.7% 감소하고 영업이익도 93.8% 급감해 실적 모멘텀이 매우 약합니다."", ""영업이익률이 0.7%에 불과하고 순이익도 적자(-49억원)로, 단기 주가를 지지할 이익 체력이 부족합니다."", ""현재 주가는 52주 최고가 대비 크게 하락했지만 52주 최저가 대비 위치가 3.7%에 불과하고 최근 1개월 수익률도 1.45%로 반등 강도가 약해 추가 하락 위험이 더 커 보입니다.""]",6.191780821917808,2.73972602739726,2.515478572276282,5.888260205802147
247540,에코프로비엠,2024-08-01,185100,Sell,84,"[""현재 주가는 52주 최고가 대비 3.9% 수준으로 바닥권에 가깝지만, 최근 1개월 수익률이 -3.09%이고 거래량도 -11.86% 감소해 단기 수급과 모멘텀이 약합니다."", ""2024년 1분기 매출이 전년동기 대비 -51.7%, 영업이익이 -93.8% 급감했고 순이익도 적자를 기록해 향후 20거래일 내 실적 기대가 주가를 지지하기 어렵습니다."", ""PER은 적자로 산출 불가하고 PBR 13.13은 높은 편인데, 시가총액 18.1조원 대비 이익 창출력이 매우 약해 밸류에이션 부담이 큰 상태입니다.""]",-3.604088219472835,-2.205486820871436,-1.6921895372714455,-0.9069355011480835
247540,에코프로비엠,2024-09-02,181800,Sell,82,"[""2024년 2분기 매출이 전년동기 대비 57.5% 감소하고 영업이익도 96.6% 급감해 실적 모멘텀이 매우 약합니다."", ""영업이익률이 0.5%에 불과하고 PER은 적자로 산출 불가인 반면 PBR은 12.69로 높아, 현재 주가가 실적 대비 부담스러운 수준입니다."", ""주가는 52주 최고가 대비 9.4% 수준에 머물고 최근 1개월 수익률도 -1.78%로 약세이며, 거래량 증가(15.03%)가 반등 신호로 보기에는 실적 악화를 상쇄하기 어렵습니다.""]",-14.785100286532952,10.601719197707736,-7.660937050213797,8.251547570736655
247540,에코프로비엠,2024-10-02,190100,Sell,78,"[""2024년 2분기 매출이 전년동기 대비 57.5% 감소하고 영업이익도 96.6% 급감해 실적 모멘텀이 매우 약합니다."", ""영업이익률이 0.5%에 불과하고 PER은 적자로 산출 불가인 반면 PBR은 13.27로 높아, 현재 주가가 실적 대비 부담스러운 수준입니다."", ""최근 1개월 수익률은 +15.14%로 단기 반등은 있었지만, 현재 주가는 52주 최고가 대비 23.0% 수준에 그쳐도 실적 악화가 이를 뒷받침하지 못해 20거래일 내 추가 상승 근거가 약합니다.""]",-4.089422028353326,-0.7633587786259541,-4.255876292443416,1.1742728892977858
247540,에코프로비엠,2024-11-01,169700,Sell,84,"[""최근 1개월 수익률이 -8.02%이고 거래량 변화율도 -27.20%로, 단기 모멘텀과 수급이 동시에 약화된 상태입니다."", ""2024년 2분기 매출이 전년동기 대비 -57.5%, 영업이익이 -96.6%로 급감해 실적 추세가 매우 부진합니다."", ""현재 주가는 52주 최고가 대비 11.7% 수준으로 저점권에 가깝지만, 적자 상태(PER 해당없음)와 높은 PBR 11.84를 감안하면 20거래일 내 반등을 뒷받침할 근거가 약합니다.""]",-16.0989010989011,-24.45054945054945,-12.751776125423483,-14.0749924804667
247540,에코프로비엠,2024-12-02,137500,Sell,88,"[""최근 1개월 수익률이 -18.97%로 약세 추세가 뚜렷하고, 현재 주가가 52주 최고가 대비 6.4% 수준에 불과해 기술적으로도 하방 압력이 우세합니다."", ""2024년 3분기 매출이 전년동기 대비 -71.1% 급감했고 영업이익도 -412억원으로 적자 전환되어, 단기 실적 모멘텀이 주가 상승을 지지하기 어렵습니다."", ""PER은 적자로 산출 불가이고 PBR 10.38은 높은 편인데, 부채비율 167.0%로 재무 부담도 존재해 20거래일 내 반등 근거보다 하락 리스크가 더 큽니다.""]",-5.072463768115942,-18.115942028985508,-0.8440329632520278,-20.281547124526913
247540,에코프로비엠,2025-01-02,105500,Sell,88,"[""최근 1개월 수익률이 -21.97%이고 거래량 변화율도 -19.87%로, 단기 추세와 수급이 모두 약세를 보이고 있습니다."", ""현재 주가가 52주 최저가 105,500원과 동일해 52주 내 위치가 0.0%이며, 추가 하락 압력이 남아 있는 약세 구간으로 해석됩니다."", ""2024년 3분기 매출이 전년동기 대비 -71.1% 급감했고 영업이익도 -412억원으로 적자 전환/확대되어, 향후 20거래일 내 주가 반등을 지지할 실적 모멘텀이 약합니다.""]",6.371681415929204,8.584070796460178,4.652966838735824,3.6872220093370682
247540,에코프로비엠,2025-02-03,119000,Sell,82,"[""2024년 3분기 매출이 전년동기 대비 71.1% 급감했고 영업이익도 -412억원으로 적자 전환/확대되어, 향후 20거래일 내 실적 기대가 주가에 우호적이지 않습니다."", ""현재 주가는 52주 최고가 대비 크게 하락했지만 52주 최저가 대비 7.2% 상단에 불과해 기술적으로도 약세 구간에 머물러 있으며, 최근 1개월 수익률 8.28%와 거래량 증가 27.46%는 단기 반등 이후 재차 약세로 전환될 가능성을 배제하기 어렵습니다."", ""PBR 8.98의 높은 밸류에이션과 시가총액 11.6조원은 적자 상태와 낮은 수익성(영업이익률 -7.9%) 대비 부담이 크고, 부채비율 167.0%도 재무 안정성 측면에서 추가 상승 근거를 약화시킵니다.""]",0.3325020781379884,-6.317539484621778,-3.7887891764458645,-10.072123327270974
247540,에코프로비엠,2025-03-04,111900,Sell,84,"[""최근 1개월 수익률이 -14.58%로 약세 추세가 이미 진행 중이며, 현재 주가도 52주 최고가 대비 크게 하락한 상태라 단기 반등보다 추가 약세 가능성이 더 높습니다."", ""2024년 3분기 매출이 전년동기 대비 -71.1% 급감했고 영업이익도 -412억원으로 적자 전환되어, 향후 20거래일 내 실적 기대가 주가를 지지하기 어렵습니다."", ""PER은 적자로 산출 불가하고 PBR 8.44는 높은 편인데, 시가총액 10.9조원 대비 실적과 수익성이 약해 밸류에이션 부담이 큰 반면 거래량 증가(20.25%)는 하락 국면의 변동성 확대 신호로 해석됩니다.""]",5.944986690328305,-18.98846495119787,8.282492547480729,-10.674655459264002
247540,에코프로비엠,2025-04-01,95700,Sell,88,"[""현재가가 52주 최저가와 동일하고 52주 내 현재 위치가 0.0%로, 기술적으로 하방 압력이 극단적으로 강한 구간에 있습니다."", ""최근 1개월 수익률이 -19.58%이고 거래량 변화율도 -35.48%로, 가격 하락과 수급 약화가 동시에 나타나 단기 반등 근거가 약합니다."", ""2024년 매출이 전년 대비 -59.9% 감소했고 영업이익과 순이익이 적자로 전환되어, 향후 20거래일 내 주가를 지지할 실적 모멘텀이 부족합니다.""]",3.723986856516977,11.171960569550931,9.777867268285982,6.442457758716444
247540,에코프로비엠,2025-05-02,104500,Sell,82,"[""2024년 매출이 전년 대비 59.9% 감소했고 영업이익과 순이익이 모두 적자로 전환되어, 향후 20거래일 내 실적 기대가 주가에 우호적이지 않습니다."", ""현재 주가는 52주 최고가 대비 크게 낮지만 52주 내 위치가 8.7%에 불과해 단기 반등 여력보다 추가 하락 위험이 더 크게 남아 있습니다."", ""최근 1개월 수익률은 +14.46%로 반등했지만 거래량 변화율이 -30.75%로 수급 강도가 약해, 단기 상승 추세의 지속성을 뒷받침하기 어렵습니다.""]",-1.1928429423459244,-4.3737574552683895,-3.439629788128358,-8.99737915391673
247540,에코프로비엠,2025-06-02,89000,Sell,84,"[""최근 1개월 수익률이 -13.09%로 단기 추세가 약하고, 현재 주가가 52주 최고가 대비 5.5% 수준에 불과해 반등보다 약세 흐름이 우세합니다."", ""2025년 1분기 매출이 전년동기 대비 35.1% 감소했고 영업이익도 66.0% 줄어 영업 레버리지 악화가 뚜렷합니다."", ""영업이익률이 0.4%로 매우 낮고 영업현금흐름이 -853억원이며 부채비율 137.5%로 재무·현금흐름 부담이 커 20거래일 내 주가 상방 근거가 약합니다.""]",6.324972737186478,15.812431842966193,1.0944372871124974,10.064707872344634
247540,에코프로비엠,2025-07-01,102000,Sell,78,"[""2025년 1분기 매출이 전년동기 대비 35.1% 감소했고 영업이익도 66.0% 줄어 수익성 둔화가 뚜렷합니다."", ""영업이익률이 0.4%에 불과하고 영업현금흐름이 -853억원으로 현금 창출력이 약해 단기 주가 모멘텀을 지지하기 어렵습니다."", ""현재 주가는 52주 고점 대비 17.7% 수준이지만 최근 1개월 수익률이 13.33%로 반등한 상태여서, 실적 부진을 감안하면 향후 20거래일 내 추가 상승보다 되돌림 가능성이 더 큽니다.""]",-2.3255813953488373,10.852713178294573,-3.372668345756045,8.103950121670055
247540,에코프로비엠,2025-08-01,107300,Sell,82,"[""2025년 1분기 매출이 전년동기 대비 35.1% 감소했고 영업이익도 66.0% 줄어 수익성 둔화가 뚜렷합니다."", ""영업이익률이 0.4%에 불과하고 영업현금흐름이 -853억원으로 현금 창출력이 약해 단기 주가 모멘텀에 불리합니다."", ""현재 주가는 52주 최고가 대비 23.1% 수준에 머물고 최근 1개월 수익률도 1.04%에 그치며 거래량 변화율도 -4.00%로 수급 개선 신호가 약합니다.""]",24.074074074074073,10.833333333333334,20.529702469860098,9.565573212934378
247540,에코프로비엠,2025-09-01,119900,Neutral,61,"[""2분기 영업이익이 490억원으로 전년동기 대비 1159.1% 급증하고 영업이익률도 6.3%로 개선되어 단기 실적 모멘텀은 긍정적입니다."", ""다만 매출은 전년동기 대비 3.7% 감소했고 순이익은 제시되지 않았으며, 영업현금흐름이 -2,602억원으로 현금창출력은 여전히 약합니다."", ""주가는 52주 고점 대비 34.6% 수준으로 회복 여지가 있으나 PBR 7.21과 시가총액 11.7조원은 밸류에이션 부담이 크고, 최근 1개월 수익률 7.92%와 거래량 증가 38.12%는 상승·조정 양쪽 해석이 가능해 방향성을 단정하기 어렵습니다.""]",-1.5037593984962405,-5.597326649958228,-5.385371489176347,-11.641407254492234
247540,에코프로비엠,2025-10-01,112600,Sell,78,"[""최근 1개월 수익률이 -5.93%이고 거래량 변화율도 -40.04%로, 단기 모멘텀과 수급이 모두 약화된 상태입니다."", ""52주 최고가 대비 현재 위치가 28.1%에 불과해 중기 추세가 고점 대비 크게 훼손되어 있으며, 20거래일 내 반등 근거가 강하지 않습니다."", ""2분기 영업이익은 흑자 전환 수준으로 개선됐지만 매출은 전년동기 대비 -3.7% 감소했고 영업현금흐름이 -2,602억원으로 현금창출력이 약해 단기 주가 상승을 지지하기 어렵습니다.""]",22.957867583834908,35.85554600171969,21.651458453018407,30.714193938506348
247540,에코프로비엠,2025-11-03,164900,Sell,78,"[""최근 1개월 수익률이 43.27%로 단기간 급등했고 거래량 변화율도 280.12%로 과열 신호가 강해, 향후 20거래일 내 차익실현 압력이 커질 가능성이 높습니다."", ""현재 주가는 52주 최고가의 83.0% 수준으로 고점권에 근접해 있어 추가 상승 여력보다 되돌림 위험이 상대적으로 큽니다."", ""2분기 영업이익은 흑자 전환 수준으로 개선됐지만 매출은 전년동기 대비 -3.7% 감소했고 영업현금흐름도 -2,602억원으로 부진해 실적 개선의 지속성과 현금창출력에 불확실성이 있습니다.""]",-5.067985166872682,-1.6069221260815822,-0.5027607369861036,-1.806583241809472
247540,에코프로비엠,2025-12-01,158900,Sell,78,"[""PER 5125.8, PBR 9.27, ROE 0.2%로 밸류에이션 대비 수익성 효율이 매우 낮아 20거래일 내 추가 상승 여력이 제한적으로 보입니다."", ""최근 1개월 수익률이 -0.69%이고 거래량 변화율이 -65.77%로, 단기 모멘텀과 수급이 약화된 상태입니다."", ""3분기 매출과 영업이익은 각각 전년동기 대비 +19.8%, +222.4%로 개선됐지만 영업현금흐름이 -1,967억원이고 부채비율도 135.6%로 재무 부담이 남아 있어 단기 주가에 우호적이라고 보기 어렵습니다.""]",14.384422110552764,-10.992462311557789,14.068832183580051,-12.839686628138656
196170,알테오젠,2023-01-02,39600,Sell,78,"[""PER 101.8과 PBR 11.19는 현재 실적 대비 밸류에이션 부담이 매우 큰 수준으로, 20거래일 내 추가 상승 여력이 제한적입니다."", ""2022 3분기 매출이 전년동기 대비 감소했고 영업이익과 순이익이 모두 적자이며 영업이익률도 -193.3%로 수익성 악화가 뚜렷합니다."", ""영업현금흐름이 -114억원으로 현금창출력이 약하고, 최근 1개월 수익률은 소폭 플러스지만 거래량 변화율이 -5.88%로 단기 모멘텀도 강하지 않습니다.""]",-4.40771349862259,14.049586776859504,-7.5338709917702165,0.7641582265965283
196170,알테오젠,2023-02-01,38050,Sell,78,"[""최근 1개월 수익률이 -0.52%로 약세이고 거래량 변화율도 -39.91%로 줄어들어 단기 수급 모멘텀이 약합니다."", ""현재 주가는 52주 최고가 대비 26.6% 수준에 불과해 고점 대비 크게 낮지만, 이를 반전시킬 뚜렷한 상승 근거는 제공된 데이터에서 확인되지 않습니다."", ""PER 97.8, PBR 10.75로 밸류에이션 부담이 큰 반면 2022년 3분기 매출은 전년동기 대비 감소했고 영업이익과 영업현금흐름도 모두 적자로, 20거래일 내 주가 하락 쪽이 더 우세합니다.""]",1.6908212560386473,-10.869565217391305,-0.9196257633958478,-15.81319734838447
196170,알테오젠,2023-03-02,36400,Sell,78,"[""PER 93.6, PBR 10.29로 밸류에이션 부담이 큰 반면 최근 1개월 수익률이 -0.82%로 단기 모멘텀이 약합니다."", ""2022 3분기 매출이 전년동기 대비 -10.6% 감소했고 영업이익 -107억원, 순이익 -67억원으로 적자 구조가 지속되고 있습니다."", ""영업현금흐름이 -114억원으로 현금창출력이 부진하며, 거래량 변화율 29.68%는 변동성 확대 가능성을 시사하지만 상승 근거로는 부족합니다.""]",-3.7940379403794036,7.452574525745257,-2.0717478678488166,1.832076532175802
196170,알테오젠,2023-04-03,39150,Sell,78,"[""2022년 매출이 전년 대비 25.6% 감소했고 영업이익이 -294억원으로 적자 폭이 매우 커 수익성 개선 근거가 약합니다."", ""영업현금흐름이 -179억원으로 현금 창출력이 부정적이며, 적자 지속 가능성을 시사합니다."", ""현재 주가는 52주 최고가 대비 29.8% 수준으로 고점 대비 크게 낮지만, 최근 1개월 수익률 6.10%와 거래량 증가 47.28%는 단기 반등 신호일 뿐 펀더멘털 악화를 상쇄할 정도로 강하지 않습니다.""]",10.652173913043478,-8.478260869565217,5.780385023895329,-6.844998310942757
196170,알테오젠,2023-05-02,43550,Neutral,61,"[""최근 1개월 수익률이 9.84%로 단기 모멘텀은 양호하지만, 52주 최고가 대비 현재 위치가 42.3%에 불과해 추세가 강하게 이어진다고 단정하기 어렵습니다."", ""거래량 변화율이 100.13%로 급증해 관심은 높아졌지만, 이는 상승 지속 신호일 수도 있고 단기 과열일 수도 있어 방향성을 단정하기에는 불확실성이 큽니다."", ""2022년 매출 감소(-25.6%), 영업손실(-294억원), 영업현금흐름(-179억원) 등 펀더멘털이 약하고 PBR 15.34로 밸류에이션 부담도 커서 상승과 하락 근거가 혼재합니다.""]",5.225653206650831,23.040380047505938,7.436331828060256,20.0896459219337
196170,알테오젠,2023-06-01,52800,Neutral,61,"[""최근 1개월 수익률이 +21.38%로 단기 모멘텀은 양호하지만, 거래량 변화율이 -47.21%로 상승 추세의 지속성을 강하게 뒷받침하지는 못합니다."", ""PER은 적자로 산출 불가하고 PBR 19.61은 매우 높은 편이라 현재 주가가 실적 대비 고평가되어 있을 가능성이 큽니다."", ""2023년 1분기 매출은 전년동기 대비 +48.9% 증가했지만 영업이익 -105억원, 순이익 -83억원의 적자가 지속되어 20거래일 내 방향성을 단정하기 어렵습니다.""]",-11.96911196911197,-16.89189189189189,-14.008141529280627,-19.337575369992486
196170,알테오젠,2023-07-03,43050,Sell,78,"[""최근 1개월 수익률이 -18.47%로 단기 추세가 이미 약세이며, 52주 최고가 대비 현재 위치도 40.9%에 불과해 반등보다 추가 조정 가능성이 더 높습니다."", ""거래량 변화율이 -19.13%로 수급이 둔화된 상태라 단기 주가 모멘텀 회복 근거가 약합니다."", ""매출은 전년동기 대비 +48.9%로 성장했지만 영업이익 -105억원, 순이익 -83억원의 적자 구조가 지속되고 PER도 산출되지 않으며 PBR 15.99로 밸류에이션 부담이 커 20거래일 내 상승 근거가 제한적입니다.""]",-5.4958183990442055,5.256869772998805,-4.229526264212747,-0.32402910340568436
196170,알테오젠,2023-08-01,44050,Neutral,61,"[""최근 1개월 수익률이 +2.32%로 단기 추세는 약하게 우상향이지만, 52주 최고가 대비 현재 위치가 43.7%에 불과해 강한 추세 전환 신호로 보기에는 부족합니다."", ""매출은 전년동기 대비 +48.9%로 성장했지만 영업이익 -105억원, 순이익 -83억원으로 적자가 지속되고 영업이익률도 -101.4%여서 20거래일 내 주가 상승을 뒷받침할 실적 모멘텀이 약합니다."", ""부채비율 82.3%와 영업현금흐름 +11억원은 급격한 재무악화를 시사하지는 않지만, PBR 16.36과 시가총액 2.4조원은 이미 높은 기대가 반영된 수준으로 보여 단기 방향성을 확신하기 어렵습니다.""]",12.574139976275209,7.354685646500593,12.65987687391854,5.305793631023986
196170,알테오젠,2023-09-01,43750,Neutral,61,"[""최근 1개월 수익률이 +3.80%로 단기 모멘텀은 플러스지만, 거래량 변화율이 -7.22%로 상승 추세의 힘은 약해 보입니다."", ""매출과 영업이익이 각각 전년동기 대비 +662.5%, +306.0% 증가했고 영업이익률도 45.6%로 높아 실적 개선은 뚜렷합니다."", ""다만 PER 303.8배, PBR 13.67배로 밸류에이션 부담이 매우 크고 현재가가 52주 최고가 대비 61.0% 수준이라 향후 20거래일 방향을 강하게 단정하기 어렵습니다.""]",20.557491289198605,58.6527293844367,21.276626151464153,69.83359017037168
196170,알테오젠,2023-10-04,65300,Neutral,66,"[""최근 1개월 수익률이 42.73%이고 거래량 변화율도 607.66%로 단기 모멘텀은 매우 강하지만, 이미 52주 최고가 대비 70.0% 수준까지 올라와 추가 상승 여력은 제한적으로 보입니다."", ""2023 2분기 매출과 영업이익이 각각 전년동기 대비 662.5%, 306.0% 증가했고 영업이익률도 45.6%로 높아 실적 개선은 분명하지만, PER 453.5배와 PBR 20.40배는 밸류에이션 부담이 매우 큽니다."", ""부채비율 62.0%와 영업현금흐름 +67억원은 재무 안정성 측면에서 무난하나, 시가총액 3.5조원 대비 현재 수익성(ROE 4.5%)이 낮아 20거래일 내 방향성을 강하게 단정하기 어렵습니다.""]",-4.798761609907121,6.5015479876160995,-7.515298025976632,8.869778493720819
196170,알테오젠,2023-11-01,62800,Neutral,66,"[""2023년 2분기 매출과 영업이익이 각각 전년동기 대비 +662.5%, +306.0%로 크게 개선되고 영업이익률도 45.6%로 높아 실적 모멘텀은 긍정적이다."", ""다만 PER 436.1배, PBR 19.62배, 시가총액 3.4조원은 이미 높은 기대가 반영된 수준으로 보여 추가 상승 여력이 단기적으로 제한될 수 있다."", ""최근 1개월 수익률이 -0.79%이고 거래량 변화율이 -56.39%로 수급이 약하며, 52주 최고가 81,000원 대비 현재가 62,800원도 단기 방향성을 강하게 지지하지 않는다.""]",-8.797653958944283,17.302052785923756,-12.683322402606615,9.688575222650645
196170,알테오젠,2023-12-01,82600,Sell,78,"[""현재가가 52주 최고가와 동일하고 52주 내 현재 위치가 100.0%로, 단기적으로 가격이 상단에 위치해 추가 상승 여력이 제한적입니다."", ""PER 594.2, PBR 26.86은 실적 대비 밸류에이션 부담이 매우 크고, ROE 4.5%도 자본효율성이 높다고 보기 어려워 현재 주가를 정당화하기 어렵습니다."", ""최근 1개월 수익률이 +21.11%로 단기 급등한 반면 거래량 변화율은 -14.37%로 수급 확산이 약하고, 영업이익 -106억원 및 순이익 적자 상태라 20거래일 내 되돌림 위험이 있습니다.""]",-7.388535031847134,12.738853503184714,-8.200826829269046,8.184950157459806
196170,알테오젠,2024-01-02,91500,Sell,78,"[""PER 658.3배, PBR 29.76배, 시가총액 4.9조원은 현재 실적 대비 밸류에이션 부담이 매우 커서 20거래일 내 추가 상승 여력이 제한적입니다."", ""최근 1개월 수익률이 16.41%이고 현재가가 52주 최고가의 89.5% 수준으로 단기적으로 이미 많이 오른 상태라 차익실현 압력이 우세할 수 있습니다."", ""매출은 크게 증가했지만 영업이익 -106억원, 순이익 -80억원으로 아직 적자이며 영업이익률도 -49.7%라 수익성 개선이 확인되지 않았습니다.""]",7.513812154696133,-14.585635359116022,7.067491147777585,-6.286818281887568
196170,알테오젠,2024-02-01,71400,Sell,82,"[""최근 1개월 수익률이 -21.11%이고 거래량 변화율도 -25.39%로, 단기 추세와 수급이 동시에 약세를 보여 향후 20거래일 추가 하락 가능성이 높습니다."", ""PER 513.7, PBR 23.22로 밸류에이션 부담이 매우 큰 반면 ROE는 4.5%에 그쳐 현재 주가를 정당화할 이익 창출력이 약합니다."", ""2023 3분기 영업이익이 -106억원, 순이익이 -80억원으로 적자 상태이며 영업이익률도 -49.7%라 실적 측면의 주가 반등 근거가 제한적입니다.""]",13.350785340314136,154.18848167539267,9.622125718580396,147.3276497841841
196170,알테오젠,2024-03-04,167200,Sell,86,"[""현재가가 52주 최고가와 동일하고 52주 내 현재 위치가 100.0%로, 단기적으로 가격이 과열 구간에 있어 추가 상승 여력보다 되돌림 위험이 큽니다."", ""최근 1개월 수익률이 106.93%이고 거래량 변화율도 132.99%로 급등·급증 국면이어서, 향후 20거래일 내에는 차익실현 압력이 우세할 가능성이 높습니다."", ""매출은 크게 증가했지만 영업이익과 순이익이 여전히 적자이며 PER 1202.9, PBR 54.37로 밸류에이션 부담이 매우 커서 현재 주가를 정당화할 추가 모멘텀이 약합니다.""]",0.676378772112383,-11.550468262226847,-2.017620327579438,-14.461464718706184
196170,알테오젠,2024-04-01,186300,Sell,78,"[""현재가가 52주 최고가의 81.8% 수준으로 고점권에 위치해 있어, 최근 1개월 수익률 +16.00% 이후 단기 차익실현 압력이 커질 수 있습니다."", ""거래량 변화율이 -20.04%로 상승 탄력이 둔화된 반면, 시가총액 10.0조원과 PBR 66.68은 기대가 이미 상당 부분 반영된 고평가 상태로 해석됩니다."", ""2023년 매출은 크게 증가했지만 영업이익과 순이익이 여전히 적자이고 영업현금흐름도 -78억원으로, 20거래일 내 추가 상승을 뒷받침할 실적·현금흐름 근거가 약합니다.""]",1.8823529411764703,6.352941176470588,5.500607968711547,9.057098917136141
196170,알테오젠,2024-05-02,180800,Sell,78,"[""현재가가 52주 최고가 대비 78.7% 수준으로 고점권에 가까운 반면, 최근 1개월 수익률이 -2.95%로 단기 모멘텀이 약합니다."", ""거래량 변화율이 -28.05%로 수급이 둔화된 상태라 20거래일 내 추가 상승 동력이 강하지 않습니다."", ""적자 상태로 PER이 없고 PBR 64.71, 영업현금흐름 -78억원인 점을 감안하면 밸류에이션 부담과 현금창출력 약화가 단기 주가에 불리합니다.""]",-7.223476297968396,31.772009029345373,-5.9341822904128465,34.05368973268067
196170,알테오젠,2024-06-03,199000,Sell,74,"[""현재가 199,000원은 52주 최고가 219,500원 대비 약 88.7% 수준으로 고점권에 위치해 있어, 단기 20거래일 기준 추가 상승 여력보다 차익실현 압력이 더 크게 작용할 가능성이 있습니다."", ""PER 409.5배와 PBR 62.27배는 실적 대비 밸류에이션 부담이 매우 큰 수준이어서, 최근 실적 개선이 이미 주가에 상당 부분 반영됐을 가능성이 높습니다."", ""최근 1개월 수익률이 +12.49%로 단기 상승이 진행된 반면 거래량 변화율은 0.16%로 미미해, 추세 지속을 뒷받침할 수급 확증이 약합니다.""]",18.201284796573873,10.706638115631693,15.265741431398435,11.858156133223673
196170,알테오젠,2024-07-01,277500,Sell,78,"[""현재 주가는 52주 최고가의 95.2% 수준이고 최근 1개월 수익률이 54.17%로 단기간 급등해 20거래일 내 추가 상승 여력보다 차익실현 압력이 더 커 보입니다."", ""PER 571.0, PBR 86.83, 시가총액 14.9조원은 실적 대비 밸류에이션 부담이 매우 큰 수준이라 기대가 이미 상당 부분 반영된 상태로 해석됩니다."", ""1분기 실적과 현금흐름은 매우 양호하지만, 이미 강한 주가 상승과 고평가가 동반된 구간에서는 실적 호재만으로 단기 추가 상승을 정당화하기 어렵습니다.""]",0.0,22.095238095238095,-3.6763022496415263,25.243772273642982
196170,알테오젠,2024-08-01,319000,Sell,78,"[""현재가 319,000원은 52주 최고가 320,500원 대비 99.5% 수준으로 이미 고점권에 위치해 있어 20거래일 내 추가 상승 여력이 제한적입니다."", ""PER 656.4배, PBR 99.82배, 시가총액 17.1조원은 실적 대비 밸류에이션 부담이 매우 큰 수준이라 기대가 이미 상당 부분 반영된 상태로 해석됩니다."", ""최근 1개월 수익률이 +23.40%로 단기 급등했지만 거래량 변화율이 -22.13%로 수급 확장이 동반되지 않아 단기 조정 가능성이 더 높습니다.""]",2.3728813559322033,9.152542372881356,4.284780038133593,10.45109369260471
196170,알테오젠,2024-09-02,322000,Sell,84,"[""현재가가 52주 최고가(322,000원)와 동일해 52주 내 위치가 100.0%로, 단기적으로 추가 상승 여력이 제한된 고점권 상태입니다."", ""최근 1개월 수익률이 0.94%에 그치고 거래량 변화율도 -6.97%로 약해, 고점 부근에서 추세 지속을 뒷받침하는 수급 강도가 부족합니다."", ""2024년 2분기 매출이 전년동기 대비 -71.2% 감소했고 영업이익 -67억원, 순이익 -32억원으로 적자 지속이며 PBR 91.91은 실적 대비 밸류에이션 부담이 매우 큽니다.""]",-6.29800307219662,13.36405529953917,0.8261601641225349,11.01388367256809
196170,알테오젠,2024-10-02,336000,Sell,82,"[""현재가가 52주 최고가의 91.2% 수준으로 고점권에 위치해 있어 20거래일 내 추가 상승 여력이 제한적입니다."", ""최근 1개월 수익률은 +5.33%로 단기 상승은 있었지만 거래량 변화율이 -34.73%로 수급 동력이 약해 보입니다."", ""2024년 2분기 매출이 전년동기 대비 -71.2% 감소했고 영업이익도 -67억원으로 적자 전환/확대되어 단기 실적 모멘텀이 부정적입니다.""]",6.320224719101124,9.410112359550562,6.153770455011034,11.347744027474302
196170,알테오젠,2024-11-01,356500,Sell,78,"[""현재 주가는 52주 최고가의 88.0% 수준으로 고점권에 위치해 있어 단기적으로 추가 상승 여력이 제한적입니다."", ""최근 1개월 수익률은 +9.02%로 이미 단기 반등이 진행된 반면, 거래량 변화율은 -34.58%로 상승 추세의 힘이 약해 보입니다."", ""2024년 2분기 매출과 영업이익이 각각 전년동기 대비 -71.2%, -134.7%로 크게 악화되었고 영업이익률도 -55.0%로 수익성 둔화가 뚜렷합니다.""]",14.377406931964057,-22.464698331193837,17.724531905441673,-12.089141361111087
196170,알테오젠,2024-12-02,302000,Sell,82,"[""최근 1개월 수익률이 -15.29%로 단기 추세가 이미 약세이며, 52주 최고가 대비 현재 위치도 62.0%로 고점 대비 조정 압력이 남아 있습니다."", ""2024년 3분기 매출이 전년동기 대비 -77.0% 감소했고 영업이익 -82억원, 순이익 -94억원으로 적자 구조가 지속되어 20거래일 내 주가 반등을 뒷받침할 실적 모멘텀이 약합니다."", ""PBR 90.27과 시가총액 16.2조원은 현재 수익성과 비교할 때 밸류에이션 부담이 매우 크며, 거래량 변화율 247.35%는 변동성 확대 신호로 단기 하락 리스크를 키웁니다.""]",-2.1538461538461537,-2.0,2.074584651017761,-4.165605095541407
196170,알테오젠,2025-01-02,300000,Sell,78,"[""현재 PBR 89.68과 시가총액 16.1조원은 실적 대비 밸류에이션 부담이 매우 큰 수준인데, PER은 적자로 산출 불가해 이익 기반 정당화가 어렵습니다."", ""2024년 3분기 매출이 전년동기 대비 77.0% 감소했고 영업이익도 -82억원, 순이익 -94억원으로 수익성 악화가 확인되어 단기 주가 모멘텀에 불리합니다."", ""최근 1개월 수익률은 +7.14%로 반등했지만 거래량 변화율이 -35.13%로 수급 강도가 약하고, 52주 최고가 대비 현재 위치도 61.1%에 불과해 추가 상승 근거가 제한적입니다.""]",-2.8257456828885403,23.076923076923077,-4.5444602600819195,18.18007428979997
196170,알테오젠,2025-02-03,352500,Sell,78,"[""현재가가 52주 최고가 대비 높은 구간(52주 내 현재 위치 75.1%)에 있고 최근 1개월 수익률이 +16.92%로 단기 상승이 이미 진행되어 20거래일 내 추가 상승 여력이 제한적으로 보입니다."", ""거래량 변화율이 -51.25%로 급감해 상승 추세의 지속성을 뒷받침하는 수급 강도가 약합니다."", ""2024년 3분기 매출이 전년동기 대비 -77.0%로 크게 감소했고 영업이익과 순이익이 모두 적자이며, PBR 105.37과 시가총액 18.9조원은 실적 대비 밸류에이션 부담이 매우 큽니다.""]",1.06951871657754,10.695187165775401,-3.051772538006313,6.940603323126205
196170,알테오젠,2025-03-04,400000,Sell,78,"[""현재가 40만원은 52주 최고가 44.55만원의 87.3% 수준으로 고점권에 위치해 있어, 단기 20거래일 관점에서 추가 상승 여력이 제한적입니다."", ""PER가 없고 PBR이 119.57로 매우 높아 적자 상태임에도 밸류에이션 부담이 극단적으로 크며, 이는 주가 조정 리스크를 높입니다."", ""2024년 3분기 매출이 전년동기 대비 77.0% 감소했고 영업이익과 순이익이 모두 적자이므로, 실적 모멘텀이 주가 상승을 뒷받침하기 어렵습니다.""]",-12.80193236714976,-12.439613526570048,-10.464426509997336,-4.125804034636181
196170,알테오젠,2025-04-01,371500,Sell,74,"[""PER 317.0, PBR 72.40, 시가총액 19.9조원은 실적 대비 밸류에이션 부담이 매우 커서 20거래일 내 추가 상승 여력이 제한적으로 보입니다."", ""최근 1개월 수익률이 -4.01%로 단기 모멘텀이 약하고, 현재 주가가 52주 최고가 대비 74.0% 위치에 있어 고점 부담이 남아 있습니다."", ""거래량 변화율 65.23%는 변동성 확대 신호일 수 있으나, 이를 뒷받침할 만큼의 단기 상승 근거가 부족하며 고평가 상태가 우세합니다.""]",-4.137931034482759,-3.1724137931034484,1.9159493772862461,-7.901916603937935
196170,알테오젠,2025-05-02,356500,Sell,72,"[""PER 304.2배와 PBR 69.48배, 시가총액 19.1조원은 실적 대비 밸류에이션 부담이 매우 커서 단기 추가 상승 여력이 제한적으로 보입니다."", ""최근 1개월 수익률이 -1.66%이고 거래량 변화율이 -57.76%로, 가격 모멘텀과 수급이 약화된 상태입니다."", ""2024년 매출과 영업이익은 증가했지만 현재 주가는 52주 최고가 대비 낮고 이미 높은 기대가 반영된 수준이라 20거래일 내에는 조정 가능성이 더 높습니다.""]",-6.03085553997195,3.3660589060308554,-8.277642385754383,-1.2575627926174855
196170,알테오젠,2025-06-02,350000,Neutral,61,"[""2025년 1분기 매출과 영업이익이 각각 전년동기 대비 +139.8%, +253.5%로 매우 강하지만, 영업현금흐름이 -48억원으로 이익의 현금화가 아직 약합니다."", ""ROE 33.8%와 영업이익률 72.9%는 수익성 측면에서 강점이지만, PER 149.8배와 PBR 50.67배, 시가총액 18.8조원은 기대가 이미 크게 반영된 높은 밸류에이션입니다."", ""주가는 52주 최고가 대비 64.0% 위치로 고점 부담이 남아 있고, 최근 1개월 수익률 -3.58% 및 거래량 변화율 -5.98%는 단기 모멘텀이 약해 20거래일 방향성을 확신하기 어렵습니다.""]",7.742782152230972,4.4619422572178475,2.5122467021569914,-1.2857817134037122
196170,알테오젠,2025-07-01,372500,Neutral,66,"[""2025년 1분기 매출과 영업이익이 각각 전년동기 대비 +139.8%, +253.5%로 매우 강하지만, 영업현금흐름이 -48억원으로 이익의 현금화가 아직 불안정합니다."", ""ROE 33.8%와 영업이익률 72.9%는 수익성 측면에서 강점이지만, PER 159.4배와 PBR 53.92배, 시가총액 20.0조원은 기대가 이미 크게 반영된 고평가 구간으로 보입니다."", ""최근 1개월 수익률 +11.36%와 거래량 변화율 +17.93%는 단기 모멘텀을 지지하지만, 52주 최고가 대비 현재 위치가 61.7%로 추가 상승 여력과 단기 과열 부담이 동시에 존재해 방향성을 단정하기 어렵습니다.""]",7.898089171974522,15.031847133757962,6.851002221567315,12.283084077133443
196170,알테오젠,2025-08-01,422000,Neutral,61,"[""2025년 1분기 매출과 영업이익이 각각 전년동기 대비 +139.8%, +253.5%로 매우 강하지만, 영업현금흐름이 -48억원으로 이익의 현금화가 아직 완전히 확인되지 않습니다."", ""ROE 33.8%와 영업이익률 72.9%는 수익성 측면에서 강점이지만, PER 180.6배와 PBR 61.09배, 시가총액 22.6조원은 이미 높은 기대가 상당 부분 반영된 수준입니다."", ""주가는 52주 최고가 대비 70.2% 위치이고 최근 1개월 수익률이 +6.03%, 거래량 변화율이 +16.81%로 단기 모멘텀은 있으나, 고평가 부담과 실적 개선이 주가에 선반영됐을 가능성이 함께 존재합니다.""]",-0.4629629629629629,7.060185185185184,-4.007334567176937,5.792425064786228
196170,알테오젠,2025-09-01,455000,Sell,78,"[""PER 256.8, PBR 70.63, 시가총액 24.4조원으로 밸류에이션 부담이 매우 커서 20거래일 내 추가 상승 여력이 제한적입니다."", ""최근 1개월 수익률이 0.22%에 그치고 거래량 변화율이 -24.77%로 수급 모멘텀이 약해 단기 추세 상승 신호가 부족합니다."", ""2025년 2분기 매출은 증가했지만 영업이익이 -4억원, 순이익이 -343억원으로 아직 이익 체력이 불안정해 단기 주가에 부담입니다.""]",3.027027027027027,-0.9729729729729729,-0.8545850636530794,-7.017053577506979
196170,알테오젠,2025-10-01,458000,Neutral,61,"[""최근 1개월 수익률이 -0.97%로 단기 모멘텀이 약하고, 현재 주가가 52주 최고가 대비 78.7% 수준이라 추가 상승 여력과 조정 가능성이 동시에 존재합니다."", ""2025년 2분기 매출은 전년동기 대비 52.4% 증가했지만 영업이익은 -4억원, 순이익은 -343억원으로 아직 이익 체력이 불안정해 20거래일 내 방향성을 강하게 단정하기 어렵습니다."", ""영업현금흐름은 +640억원으로 재무 안정성은 양호하지만 PER 258.5, PBR 71.09, 시가총액 24.5조원은 밸류에이션 부담이 매우 커 상승과 하락 근거가 혼재합니다.""]",-8.377518557794273,16.01272534464475,-9.683927688610776,10.87137328143141
196170,알테오젠,2025-11-03,523000,Sell,78,"[""현재가가 52주 최고가(523,000원)와 동일해 52주 내 위치가 100.0%로, 단기적으로는 추가 상승 여력이 제한되고 차익실현 압력이 커질 수 있습니다."", ""PER 295.1배와 PBR 81.18배, 시가총액 28.0조원은 실적 대비 밸류에이션 부담이 매우 큰 수준이며, 20거래일 관점에서 주가 하방 리스크를 높입니다."", ""2025년 2분기 매출은 증가했지만 영업이익은 -4억원, 순이익은 -343억원으로 아직 이익 체력이 약하고, 최근 1개월 수익률 +17.0% 이후 거래량 변화율도 -6.77%로 상승 모멘텀 둔화 신호가 보입니다.""]",-7.103825136612022,-5.100182149362477,-2.5386007067254432,-5.2998432650903675
196170,알테오젠,2025-12-01,542000,Sell,74,"[""현재가 542,000원은 52주 최고가 559,000원 대비 약 94% 수준으로 고점권에 위치해 있어, 20거래일 내 추가 상승 여력보다 단기 차익실현 압력이 더 크게 작용할 가능성이 있습니다."", ""최근 1개월 수익률이 10.95%로 이미 단기 상승이 진행됐고 거래량 변화율도 31.54%로 높아, 단기 과열 이후 되돌림이 나타날 수 있는 구간입니다."", ""3분기 실적은 매출 +902.3%, 영업이익 +426.9%, 영업이익률 54.4%, 영업현금흐름 +591억원으로 매우 강하지만, PER 229.2배와 PBR 77.33배, 시가총액 29.0조원은 기대가 상당 부분 반영된 상태로 보여 단기 주가 상승 근거가 제한적입니다.""]",-12.284069097888676,-12.284069097888676,-12.599659024861388,-14.131293414469543
034020,두산에너빌리티,2023-01-02,15250,Sell,78,"[""최근 1개월 수익률이 -8.96%이고 거래량 변화율도 -36.72%로, 단기 추세와 수급이 모두 약세를 보여 향후 20거래일 추가 하락 가능성이 높습니다."", ""현재 주가는 52주 최고가 대비 24.6% 수준에 불과해 고점 대비 약세 구간에 있으며, 반등 모멘텀이 확인되지 않습니다."", ""PER 138.6과 ROE 0.7%는 이익 대비 밸류에이션 부담이 크고 수익성도 낮아, 실적 개선이 있어도 단기 주가 상승 근거가 약합니다.""]",8.609271523178808,9.933774834437086,2.6313927844693,-1.343200664508247
034020,두산에너빌리티,2023-02-01,16530,Neutral,61,"[""최근 1개월 수익률이 +7.34%이고 거래량 변화율도 +14.73%로 단기 모멘텀은 양호하지만, 52주 최고가 대비 현재 위치가 36.6%에 불과해 추가 상승 여력과 추세 지속성을 단정하기 어렵습니다."", ""2022년 3분기 매출과 영업이익이 각각 전년동기 대비 +35.2%, +40.7% 증가했고 영업현금흐름도 +5,553억원으로 실적과 현금창출은 개선됐지만, ROE 0.7%와 PER 150.3은 현재 주가가 이익 대비 매우 비싸다는 신호입니다."", ""부채비율 128.1%와 시가총액 10.6조원, PBR 1.07은 극단적 재무불안은 아니지만, 낮은 수익성 대비 높은 밸류에이션이 상쇄되어 향후 20거래일 방향을 Buy 또는 Sell로 강하게 단정하기 어렵습니다.""]",-4.337349397590361,0.7228915662650602,-4.849322437997342,2.213851029665466
034020,두산에너빌리티,2023-03-02,16580,Neutral,62,"[""최근 1개월 수익률이 -0.72%이고 거래량 변화율도 -13.17%로 단기 모멘텀이 약해 20거래일 내 강한 상승 신호로 보기 어렵습니다."", ""PER 150.7, ROE 0.7%는 이익 대비 밸류에이션 부담이 크고 자본효율성이 낮아 현재 주가를 적극적으로 매수할 근거가 제한적입니다."", ""2022 3분기 매출과 영업이익이 각각 전년동기 대비 +35.2%, +40.7%로 개선됐고 영업현금흐름도 +5,553억원으로 양호하지만, 부채비율 128.1%와 높은 시총을 감안하면 상승·하락 판단이 엇갈립니다.""]",6.997607655502393,1.674641148325359,8.538681719982446,-0.16699992286091292
034020,두산에너빌리티,2023-04-03,17060,Neutral,61,"[""최근 1개월 수익률이 2.03%로 단기 추세는 약한 상승이지만, 52주 최고가 대비 현재 위치가 44.4%에 불과해 강한 추세 전환 신호로 보기에는 부족합니다."", ""거래량 변화율이 93.09%로 수급 관심은 높아졌지만, 이는 방향성을 보장하지 않으며 향후 20거래일 내 상승·하락 어느 쪽도 단정하기 어렵습니다."", ""2022년 매출과 영업이익은 각각 +40.3%, +27.2%로 양호하고 영업현금흐름도 플러스지만, 순이익 적자와 PER 부재, PBR 1.53 및 부채비율 128.7%가 혼재되어 명확한 매수·매도 우위를 만들지 못합니다.""]",-1.7939814814814814,-9.895833333333332,-4.50914892688585,-10.737998855746056
034020,두산에너빌리티,2023-05-02,16130,Neutral,61,"[""2022년 매출과 영업이익은 각각 전년 대비 +40.3%, +27.2%로 개선됐고 영업현금흐름도 +6,251억원으로 양호하지만, 순이익은 -4,531억원 적자라 이익의 질과 지속성에 대한 확신이 제한적입니다."", ""현재 PER은 적자라 산출 불가하고 PBR 1.45배는 극단적으로 저렴하지도 비싸지도 않은 수준이며, 시가총액 10.3조원은 단기 재평가를 강하게 뒷받침할 만큼의 저평가 신호로 보기 어렵습니다."", ""주가는 52주 최고가 대비 35.1% 위치에 있고 최근 1개월 수익률이 -5.12%로 약세이나 거래량 변화율 +10.44%는 수급 개선 가능성을 시사해, 20거래일 방향을 단정하기에는 상승·하락 근거가 혼재합니다.""]",-1.5414258188824663,5.5876685934489405,-1.1256586484978781,1.5915064442524893
034020,두산에너빌리티,2023-06-01,16200,Neutral,61,"[""2023 1분기 매출이 전년동기 대비 35.0%, 영업이익이 90.7% 증가해 실적 모멘텀은 긍정적이지만, 이는 이미 과거 분기 실적로 20거래일 내 주가 방향을 단정하기에는 시차가 있습니다."", ""최근 1개월 수익률이 -2.94%이고 거래량 변화율이 -49.60%로 단기 수급과 모멘텀이 약해 상승 추세를 강하게 지지하지 않습니다."", ""52주 최고가 대비 현재 위치가 35.8%로 고점 대비 여전히 낮지만 52주 최저가 12,600원 대비로는 반등 여지가 있어 상승·하락 근거가 혼재하며, 적자 상태(PER 해당없음)와 PBR 1.40도 방향성을 강하게 확정짓기 어렵습니다.""]",12.165450121654501,10.097323600973237,11.089474478144961,10.054653612966975
034020,두산에너빌리티,2023-07-03,18100,Buy,78,"[""최근 1개월 수익률이 +11.73%이고 거래량 변화율이 +110.19%로, 단기 모멘텀과 수급 개선이 동시에 확인됩니다."", ""2023년 1분기 매출이 전년동기 대비 +35.0%, 영업이익이 +90.7% 증가했고 영업이익률 9.0% 및 순이익 흑자로 실적 개선이 뚜렷합니다."", ""현재 주가는 52주 최고가 대비 아직 여유가 있고 52주 내 위치도 54.7%로 과열 구간이 아니며, 영업현금흐름이 +2,330억원으로 양호해 20거래일 내 추가 상승 가능성이 우세합니다.""]",5.189732142857143,-2.34375,6.378174712391837,-5.187991529165438
034020,두산에너빌리티,2023-08-01,17500,Neutral,61,"[""2023 1분기 매출이 전년동기 대비 35.0%, 영업이익이 90.7% 증가해 실적 모멘텀은 양호하지만, 이는 과거 분기 실적이라 향후 20거래일 주가 방향을 단정하기에는 제한적입니다."", ""최근 1개월 수익률이 -3.31%이고 거래량 변화율도 -26.89%로 단기 수급과 가격 흐름이 약해 상승 추세를 강하게 지지하지 않습니다."", ""현재 주가는 52주 범위의 중간 수준(48.8%)이며 PBR 1.52, 부채비율 128.6%, 영업현금흐름 +2,330억원은 혼재된 신호라서 단기적으로 상승·하락 어느 쪽도 확신하기 어렵습니다.""]",-3.900508762012436,2.996042962125495,-3.466718196861683,5.296852831911879
034020,두산에너빌리티,2023-09-01,17470,Neutral,61,"[""2023 2분기 매출이 전년동기 대비 18.1%, 영업이익이 50.5% 증가하고 영업이익률 10.9%, 영업현금흐름 1.3조원으로 실적과 현금창출력은 양호합니다."", ""다만 최근 1개월 수익률이 -1.24%이고 거래량 변화율이 -31.44%로 단기 모멘텀과 수급이 약해 20거래일 내 상승을 강하게 뒷받침하지는 않습니다."", ""현재 주가는 52주 범위의 중간 수준(51.0%)이며 PBR 1.50, 부채비율 129.5%로 극단적 저평가나 재무안정성 우위가 뚜렷하지 않아 방향성을 단정하기 어렵습니다.""]",0.17452006980802792,-10.180337405468295,1.2451126294412358,-3.377605788745842
034020,두산에너빌리티,2023-10-04,15770,Neutral,66,"[""2023년 2분기 매출이 전년동기 대비 18.1%, 영업이익이 50.5% 증가하고 영업이익률 10.9%, 영업현금흐름 1.3조원으로 펀더멘털은 개선되어 있습니다."", ""다만 최근 1개월 수익률이 -11.15%로 단기 주가 모멘텀은 약하고, 현재 주가는 52주 고점 대비 중간 수준(47.3%)에 있어 강한 추세 전환 신호는 부족합니다."", ""PBR 1.35와 부채비율 129.5%는 극단적으로 저평가되거나 재무위험이 큰 수준은 아니어서, 향후 20거래일 내 뚜렷한 상승 또는 하락을 단정할 만큼의 방향성은 제한적입니다.""]",-6.439150032195751,-9.980682549903412,-8.625453909712816,-8.513716332562765
034020,두산에너빌리티,2023-11-01,13460,Sell,78,"[""최근 1개월 수익률이 -17.57%로 단기 추세가 이미 크게 약화되어 있어 향후 20거래일에도 약세 흐름이 이어질 가능성이 높습니다."", ""거래량 변화율이 -39.85%로 수급이 둔화된 상태이며, 이는 반등 탄력보다 추가 하락 또는 횡보 가능성을 더 크게 시사합니다."", ""52주 최저가 12,950원에 매우 근접한 현재가 13,460원과 52주 내 현재 위치 8.0%는 지지선 테스트 구간으로, 단기적으로는 하방 리스크가 우세합니다.""]",1.4378145219266714,13.587347232207044,-2.1454419907572735,5.385889346994162
034020,두산에너빌리티,2023-12-01,15270,Neutral,61,"[""최근 1개월 수익률이 +9.78%로 단기 모멘텀은 양호하지만, 거래량 변화율이 -23.98%로 상승 추세의 지속성을 강하게 뒷받침하지는 않습니다."", ""52주 최고가 19,300원 대비 현재가 15,270원은 31.5% 수준으로 고점 대비 여지가 있으나, 이미 단기 반등이 진행된 상태라 추가 상승 근거가 제한적입니다."", ""2023 3분기 매출과 순이익은 흑자이며 영업현금흐름도 +1.4조원으로 재무 안정성은 무난하지만, 적자 상태로 PER이 없고 ROE도 제시되지 않아 밸류에이션 측면의 명확한 상승 신호는 부족합니다.""]",-0.6406149903907752,-0.25624599615631005,-1.0545397205047062,-3.1219093294233797
034020,두산에너빌리티,2024-01-02,16010,Neutral,61,"[""최근 1개월 수익률이 +6.24%로 단기 모멘텀은 양호하지만, 거래량 변화율이 0.18%에 그쳐 상승 추세의 강도가 강하다고 보기 어렵습니다."", ""2023년 3분기 매출은 전년동기 대비 +4.9% 증가했으나 영업이익은 -1.0%로 사실상 정체되어 있어, 향후 20거래일 내 추가 상승을 강하게 뒷받침할 실적 모멘텀은 제한적입니다."", ""부채비율 123.5%와 적자 상태(PER 해당없음)라는 점은 부담이지만, 영업현금흐름 +1.4조원과 PBR 1.37은 급격한 하락을 단정할 정도의 약세 신호도 아니어서 방향성이 혼재됩니다.""]",-2.628205128205128,-1.0256410256410255,-0.12255754506388605,3.201704399337201
034020,두산에너빌리티,2024-02-01,15380,Neutral,61,"[""52주 최고가 대비 현재 위치가 33.3%로 중간 이하이고 최근 1개월 수익률이 -1.41%이며 거래량도 -17.18% 감소해 단기 모멘텀은 약합니다."", ""2023년 3분기 매출은 전년동기 대비 +4.9%로 증가했지만 영업이익은 -1.0%로 사실상 정체되어 이익 모멘텀이 강하지 않습니다."", ""순이익과 영업현금흐름은 각각 +1,204억원, +1.4조원으로 양호하지만 적자 상태로 PER이 없고 PBR 1.31, 부채비율 123.5%로 밸류에이션과 재무안정성 신호가 혼재합니다.""]",-2.375,-2.3125,-3.6876550963365693,-3.3135285587559347
034020,두산에너빌리티,2024-03-04,15770,Neutral,61,"[""최근 1개월 수익률이 +4.92%이고 거래량 변화율도 +39.06%로 단기 모멘텀은 우호적이어서 20거래일 내 추가 상승 가능성을 완전히 배제하기 어렵습니다."", ""다만 현재 주가는 52주 최고가 대비 낮고(52주 내 현재 위치 40.0%), 적자 기업이라 PER과 ROE가 유효하지 않아 밸류에이션과 수익성 측면에서 강한 상승 근거가 부족합니다."", ""3분기 매출은 전년동기 대비 +4.9%로 증가했지만 영업이익은 -1.0%로 정체됐고, 부채비율 123.5%는 무난하나 영업현금흐름 +1.4조원은 양호해 상승·하락 요인이 혼재합니다.""]",10.155239327296249,8.538163001293661,8.931943486728578,4.621804580519155
034020,두산에너빌리티,2024-04-01,17270,Neutral,66,"[""최근 1개월 수익률이 +6.34%이고 거래량 변화율이 +154.92%로 단기 모멘텀은 우호적이어서 20거래일 내 추가 상승 가능성을 완전히 배제하기 어렵습니다."", ""다만 PER 198.5배와 ROE 0.8%는 현재 주가가 이익창출력 대비 매우 비싸게 평가되고 있음을 시사해 상승 여력이 제한될 수 있습니다."", ""52주 최고가 19,300원 대비 현재가 17,270원은 상단까지 약 10% 남아 있으나, PBR 1.55배와 부채비율 127.3%를 함께 보면 방향성을 강하게 단정하기에는 근거가 엇갈립니다.""]",-3.158522050059595,-1.66865315852205,-1.4150708884852585,0.8560820548327772
034020,두산에너빌리티,2024-05-02,16500,Sell,74,"[""PER 189.7과 시가총액 10.6조원 대비 ROE 0.8%로 수익성 대비 밸류에이션 부담이 매우 커 20거래일 내 추가 상승 여력이 제한적입니다."", ""최근 1개월 수익률이 -4.46%이고 거래량 변화율도 -52.33%로, 단기 모멘텀과 수급이 약화된 상태입니다."", ""52주 최고가 19,280원 대비 현재가 16,500원은 상단 여지가 남아 있지만, 현재 위치가 52.6%에 불과하고 고평가·저수익성 조합이 우세해 단기 하락 쪽이 더 타당합니다.""]",6.948640483383686,16.012084592145015,5.058950836327503,16.554931380830794
034020,두산에너빌리티,2024-06-03,20750,Sell,78,"[""최근 1개월 수익률이 +23.51%이고 거래량 변화율도 +275.13%로 단기 급등·과열 신호가 강해 향후 20거래일 내 되돌림 위험이 큽니다."", ""현재 주가가 52주 최고가 21,800원 대비 87.5% 위치에 있어 상승 여력이 제한적인 반면, 단기적으로는 고점 부담이 커 보입니다."", ""PER 102.2와 ROE 1.8%는 이익 대비 밸류에이션 부담이 크고 수익성도 낮아, 실적이 크게 개선되지 않는 한 추가 상승 근거가 약합니다.""]",4.166666666666666,0.3125,1.6847914553673093,-4.642610626948661
034020,두산에너빌리티,2024-07-01,19950,Sell,78,"[""PER 98.3배와 PBR 1.74배는 현재 이익과 자산가치 대비 밸류에이션 부담이 큰 편인데, ROE가 1.8%로 낮아 20거래일 내 추가 상승을 정당화할 이익 효율성이 약합니다."", ""최근 1개월 수익률이 -3.16%이고 거래량 변화율도 -25.70%로 수급과 모멘텀이 동시에 둔화되어 단기 주가 탄력이 약한 상태입니다."", ""52주 최고가 대비 현재 위치가 77.9%로 고점권에 가까운 반면, 2024년 1분기 영업이익은 전년동기 대비 -1.8% 감소해 실적 모멘텀도 강하지 않습니다.""]",15.106052767718573,-3.983445421624418,11.994785030399903,-2.4490280111830414
034020,두산에너빌리티,2024-08-01,18710,Neutral,61,"[""최근 1개월 수익률이 -2.86%로 단기 모멘텀이 약하지만, 거래량 변화율이 107.73%로 높아 방향성은 아직 단정하기 어렵습니다."", ""PER 92.2와 PBR 1.63은 밸류에이션 부담이 존재하나, ROE 1.8%로 수익성도 낮아 강한 상승 근거로 보기 어렵습니다."", ""2024 1분기 매출과 순이익은 흑자를 유지했고 영업현금흐름도 +3,444억원으로 양호하지만, 영업이익이 전년동기 대비 -1.8% 감소해 20거래일 내 뚜렷한 상승/하락을 확신하기 어렵습니다.""]",0.0,1.1305822498586773,3.279288839731118,0.9508491217922864
034020,두산에너빌리티,2024-09-02,17890,Sell,78,"[""최근 1개월 수익률이 -4.38%이고 거래량 변화율도 -73.22%로, 단기 모멘텀과 수급이 동시에 약화된 상태입니다."", ""2024년 2분기 매출이 전년동기 대비 -8.6%, 영업이익이 -37.4% 감소해 실적 추세가 둔화되고 있습니다."", ""PER 72.1에 ROE 2.1%로 밸류에이션 대비 수익성이 낮고, 영업현금흐름도 -1,327억원으로 현금창출력이 부진합니다.""]",-6.175637393767705,4.079320113314448,-0.8765902465089761,6.716459228313528
034020,두산에너빌리티,2024-10-02,17310,Sell,82,"[""최근 1개월 수익률이 -6.33%이고 거래량 변화율도 -26.67%로, 단기 모멘텀과 수급이 동시에 약화된 상태입니다."", ""2024년 2분기 매출이 전년동기 대비 -8.6%, 영업이익이 -37.4% 감소해 실적 둔화가 뚜렷하며 영업이익률 7.5%도 강한 개선 신호로 보기 어렵습니다."", ""PER 69.8은 이익 대비 밸류에이션 부담이 큰 반면 ROE 2.1%와 영업현금흐름 -1,327억원, 부채비율 124.0%는 향후 20거래일 내 주가 반등 근거로 약합니다.""]",6.0884549109707065,14.876507754164273,4.003394729082481,14.127006837718458
034020,두산에너빌리티,2024-11-01,19980,Neutral,66,"[""최근 1개월 수익률이 11.56%이고 거래량 변화율도 188.26%로 단기 모멘텀은 강하지만, 52주 최고가 대비 아직 74.3% 수준이라 추가 상승 여력은 있으나 이미 단기 급등 이후 추세 지속 여부가 불확실합니다."", ""2024년 2분기 매출과 영업이익이 각각 전년동기 대비 -8.6%, -37.4%로 감소해 실적 모멘텀이 약하고, 영업이익률 7.5%와 ROE 2.1%는 수익성 측면에서 강한 매수 근거가 되기 어렵습니다."", ""PER 80.6과 PBR 1.69는 이익 대비 밸류에이션 부담이 존재하며, 영업현금흐름 -1,327억원과 부채비율 124.0%는 재무 안정성 측면에서 향후 20거래일 주가에 부담 요인입니다.""]",4.5,3.5000000000000004,6.7136216333136325,8.694729950520856
034020,두산에너빌리티,2024-12-02,20700,Sell,84,"[""2024년 3분기 매출이 전년동기 대비 18.3% 감소했고 영업이익도 63.1% 급감해 단기 실적 모멘텀이 약합니다."", ""순이익이 -265억원으로 적자 전환/지속 상태이며 영업현금흐름도 -9,480억원으로 현금 창출력이 매우 부진합니다."", ""PER 161.7배와 ROE 1.1%는 밸류에이션 대비 수익성이 낮고, 최근 1개월 수익률은 플러스지만 거래량이 12.9% 감소해 상승 지속성은 약합니다.""]",-18.77068557919622,-13.947990543735225,-15.480417189931797,-11.62088362801186
034020,두산에너빌리티,2025-01-02,18060,Sell,88,"[""최근 1개월 수익률이 -14.61%이고 거래량 변화율도 -9.28%로, 단기 추세와 수급이 모두 약세를 보이고 있습니다."", ""2024년 3분기 매출이 전년동기 대비 -18.3%, 영업이익이 -63.1% 감소했으며 순이익도 -265억원으로 실적 모멘텀이 부정적입니다."", ""PER 141.1배와 ROE 1.1%는 이익 대비 밸류에이션 부담이 크고, 영업현금흐름 -9,480억원과 부채비율 122.2%는 재무 안정성 측면에서도 하방 리스크를 키웁니다.""]",9.89010989010989,31.868131868131865,6.865440777280636,27.984712263886028
034020,두산에너빌리티,2025-02-03,23350,Sell,84,"[""PER 182.4와 PBR 2.01 대비 ROE 1.1%로 밸류에이션 부담이 매우 큰 반면 수익성은 낮아, 20거래일 내 추가 상승 여력이 제한적입니다."", ""2024년 3분기 영업이익이 전년동기 대비 -63.1% 감소했고 순이익도 -265억원으로 적자를 기록해 단기 실적 모멘텀이 약합니다."", ""최근 1개월 수익률이 30.74%로 이미 크게 상승했고 현재가가 52주 최고가의 87.0% 수준에 위치해 있어 단기 과열 이후 되돌림 위험이 큽니다.""]",-3.483606557377049,10.245901639344263,-5.794934724875815,7.165742554204698
034020,두산에너빌리티,2025-03-04,25500,Sell,84,"[""PER 199.2배와 PBR 2.20배는 현재 이익 대비 밸류에이션 부담이 큰 수준인데 ROE가 1.1%에 불과해 수익성 대비 주가가 높게 형성되어 있습니다."", ""2024년 3분기 매출이 전년동기 대비 18.3% 감소했고 영업이익도 63.1% 급감했으며 순이익이 적자로 전환되어 단기 실적 모멘텀이 약합니다."", ""영업현금흐름이 -9,480억원으로 크게 마이너스이고 부채비율도 122.2%로 재무 부담이 존재해 향후 20거래일 내 주가 하락 압력이 우세합니다.""]",-2.41635687732342,-10.966542750929369,-3.068786581834139,-8.92325331685057
034020,두산에너빌리티,2025-04-01,23850,Sell,78,"[""PER 137.1배와 PBR 2.04배는 현재 이익 대비 밸류에이션 부담이 큰 수준인데, ROE가 1.5%에 불과해 수익성 대비 주가가 높게 형성되어 있습니다."", ""최근 1개월 수익률이 -6.10%이고 거래량 변화율도 -40.81%로, 단기 모멘텀과 수급이 동시에 약화된 모습입니다."", ""2024년 매출과 영업이익이 각각 전년 대비 -7.7%, -30.6% 감소했고 영업이익률도 6.3%에 그쳐, 향후 20거래일 내 반등을 뒷받침할 실적 개선 신호가 약합니다.""]",-15.866388308977037,20.876826722338205,-7.399833912482409,18.851573914918795
034020,두산에너빌리티,2025-05-02,27700,Sell,78,"[""PER 159.2와 PBR 2.37은 현재 주가가 실적 대비 상당히 높은 평가를 받고 있음을 시사하는 반면, ROE는 1.5%에 불과해 밸류에이션을 정당화할 수 있는 수익성이 약합니다."", ""2024년 매출은 전년 대비 7.7% 감소했고 영업이익도 30.6% 감소해, 최근 실적 흐름이 주가 상승을 뒷받침하기 어렵습니다."", ""최근 1개월 수익률은 +15.66%로 단기 상승이 있었지만 거래량 변화율이 -23.10%로 수급 강도가 약해 보이고, 52주 최고가 대비 83.3% 위치는 추가 상승 여력이 제한적입니다.""]",14.652014652014653,68.13186813186813,12.057795987005719,58.875127126350996
034020,두산에너빌리티,2025-06-02,40950,Sell,84,"[""주가가 52주 최고가의 94.7% 수준이고 최근 1개월 수익률이 41.70%로 단기 급등 후 과열 구간에 가까워 20거래일 내 되돌림 위험이 큽니다."", ""2025년 1분기 매출이 전년동기 대비 8.5% 감소했고 영업이익도 60.2% 급감했으며 순이익이 적자로 전환되어 실적 모멘텀이 약합니다."", ""영업현금흐름이 -5,720억원으로 현금창출력이 부진하고 부채비율 129.0% 및 PBR 3.45는 현재 주가 수준을 방어할 만큼의 재무적 여유를 강하게 보여주지 못합니다.""]",28.01875732708089,45.1348182883939,22.634469529878597,32.66820166671961
034020,두산에너빌리티,2025-07-01,62500,Sell,78,"[""최근 1개월 수익률이 +48.10%로 단기 급등한 반면 현재 주가는 52주 최고가의 87.9% 수준에 있어 추가 상승 여력이 제한적일 수 있습니다."", ""2025년 1분기 매출이 전년동기 대비 -8.5%, 영업이익이 -60.2%로 크게 둔화되었고 순이익도 -212억원으로 적자를 기록해 실적 모멘텀이 약합니다."", ""영업현금흐름이 -5,720억원으로 현금창출력이 부진한 가운데 부채비율 129.0%와 PBR 5.27은 현재 밸류에이션과 재무 부담 측면에서 부담 요인입니다.""]",4.545454545454546,3.4090909090909087,2.637199096780379,-2.42526679449861
034020,두산에너빌리티,2025-08-01,61400,Sell,84,"[""2025년 1분기 매출이 전년동기 대비 8.5% 감소했고 영업이익도 60.2% 급감해 단기 실적 모멘텀이 약합니다."", ""순이익이 -212억원으로 적자를 기록했고 영업현금흐름도 -5,720억원으로 현금 창출력이 부진합니다."", ""주가는 52주 최고가 대비 85.9% 위치로 고점권에 가깝지만 최근 1개월 수익률이 -0.81%이고 거래량도 40.87% 감소해 단기 상승 동력이 약합니다.""]",7.931570762052877,-6.065318818040436,6.056580689779031,-6.846829420851965
034020,두산에너빌리티,2025-09-01,59600,Sell,74,"[""최근 1개월 수익률이 -9.15%로 단기 추세가 약하고, 52주 최고가 대비 현재 위치가 81.5%로 고점권 부담이 남아 있습니다."", ""2025년 2분기 매출은 전년동기 대비 10.1% 증가했지만 영업이익은 12.5% 감소해 수익성 개선이 확인되지 않았습니다."", ""부채비율 126.2%와 영업현금흐름 -5,848억원은 재무·현금흐름 측면의 부담을 보여주며, 적자 상태(PER 해당없음)와 PBR 5.04는 밸류에이션 부담도 큽니다.""]",2.980132450331126,3.80794701986755,0.21562033785929025,-4.14357157045193
034020,두산에너빌리티,2025-10-01,64600,Sell,74,"[""주가가 52주 최고가 69,400원 대비 90.8% 위치에 있어 단기적으로 상승 여력이 제한적인 반면, 최근 1개월 수익률 6.95%로 이미 상당 부분 반등이 진행되었습니다."", ""거래량 변화율이 -28.57%로 수급 동력이 약해 보이며, 단기 추세 지속을 뒷받침하는 거래 확장이 확인되지 않습니다."", ""2025년 2분기 매출은 증가했지만 영업이익이 전년동기 대비 -12.5% 감소했고 영업현금흐름도 -5,848억원으로 악화되어 향후 20거래일 내 주가에 부담 요인으로 작용할 수 있습니다.""]",29.166666666666668,22.376543209876544,23.555277089831264,8.930170636825082
034020,두산에너빌리티,2025-11-03,89500,Sell,78,"[""최근 1개월 수익률이 41.84%로 단기 급등했고 현재가가 52주 최고가의 91.3% 수준이라 추가 상승 여력보다 차익실현 압력이 커 보입니다."", ""거래량 변화율이 50.47%로 급증해 단기 과열 신호로 해석될 수 있으며, 급등 이후 20거래일 내 조정 가능성을 높입니다."", ""2분기 매출은 증가했지만 영업이익이 전년동기 대비 12.5% 감소했고 영업현금흐름도 -5,848억원으로 악화되어 실적 모멘텀이 강하게 뒷받침된다고 보기 어렵습니다.""]",-12.625698324022347,-16.201117318435752,-12.253282790776693,-13.124504043459652
034020,두산에너빌리티,2025-12-01,74900,Sell,78,"[""최근 1개월 수익률이 -15.56%이고 거래량 변화율도 -40.68%로, 단기 추세와 수급이 동시에 약화된 모습입니다."", ""2025년 3분기 매출과 영업이익은 각각 전년동기 대비 +14.3%, +19.4%로 개선됐지만 순이익은 -240억원 적자이며 영업현금흐름도 -6,449억원으로 이익의 질과 현금창출력이 약합니다."", ""PBR 6.23과 시가총액 48.0조원은 이미 높은 기대를 반영한 수준인데, 52주 최고가 대비 현재 위치가 72.9%로 상단권에 있어 추가 상승 여력보다 조정 위험이 더 커 보입니다.""]",2.2666666666666666,0.26666666666666666,-1.4535487063186006,-7.610818045205638
352820,HYBE,2025-01-02,196300,Sell,74,"[""최근 1개월 수익률이 0.56%로 사실상 정체된 반면 거래량 변화율이 -29.72%로 수급 모멘텀이 약해 20거래일 내 추가 상승 동력이 제한적입니다."", ""2024년 3분기 매출이 전년동기 대비 -1.9%, 영업이익이 -25.4% 감소해 실적 모멘텀이 둔화되고 있으며 순이익도 14억원에 그쳐 이익 체력이 약합니다."", ""현재 주가는 52주 최고가 대비 낮고 52주 내 위치가 39.1%이지만, 적자 상태로 PER이 없고 PBR 2.79 수준인 점을 감안하면 단기적으로는 밸류에이션을 지지할 강한 상승 근거가 부족합니다.""]",7.213930348258707,17.91044776119403,4.189261235429452,14.027028156948191
352820,HYBE,2025-02-03,226500,Sell,78,"[""현재가 226,500원은 52주 최고가 230,500원의 94.5% 수준으로 단기 상승 여력이 제한적인 반면, 최근 1개월 수익률이 15.86%로 이미 빠르게 상승해 추가 추격 매수 매력이 크지 않습니다."", ""2024년 3분기 매출이 전년동기 대비 -1.9%, 영업이익이 -25.4% 감소했고 순이익도 14억원에 그쳐 실적 모멘텀이 약화된 상태입니다."", ""거래량 변화율이 -32.35%로 상승 구간에서 수급이 둔화되고 있으며, PER은 적자로 산출 불가이고 PBR 3.22는 실적 대비 밸류에이션 부담을 시사합니다.""]",5.36480686695279,7.725321888412018,3.053478699454024,4.645162803272454
352820,HYBE,2025-03-04,251000,Sell,74,"[""최근 1개월 수익률이 11.56%로 이미 단기 상승이 진행됐고, 현재 주가가 52주 최고가의 89.0% 수준이라 20거래일 내 추가 상승 여력보다 되돌림 위험이 더 커 보입니다."", ""2024년 3분기 매출이 전년동기 대비 -1.9%, 영업이익이 -25.4%로 감소했고 순이익도 14억원에 그쳐 실적 모멘텀이 약합니다."", ""PER은 적자로 산출 불가하고 PBR 3.56은 실적 둔화 대비 밸류에이션 부담이 있으며, 거래량 변화율 29.99%는 단기 과열 가능성을 시사합니다.""]",-7.171314741035857,-7.370517928286853,-7.823744445546576,-5.327228494208054
352820,HYBE,2025-04-01,235000,Sell,84,"[""PER 1044.4와 PBR 3.04는 현재 주가가 실적 대비 매우 비싸게 형성되어 있어 20거래일 내 추가 상승 여력이 제한적으로 보입니다."", ""2024년 영업이익이 전년 대비 37.8% 감소했고 순이익도 -34억원으로 적자 전환되어, 단기 주가 모멘텀을 지지할 이익 개선 근거가 약합니다."", ""최근 1개월 수익률이 -8.74%이고 거래량 변화율도 -20.98%로 약세 추세와 수급 둔화가 동시에 나타나 단기 하락 가능성이 우세합니다.""]",-7.526881720430108,14.838709677419354,0.9396726760645198,12.813456869999946
352820,HYBE,2025-05-02,264500,Sell,84,"[""현재 주가는 52주 최고가 267,000원 대비 97.7% 수준으로 고점 부근에 위치해 있어, 향후 20거래일 내 추가 상승 여력보다 차익실현 압력이 더 크게 작용할 가능성이 있습니다."", ""PER 1175.6, PBR 3.43, ROE 0.3%는 이익 창출력 대비 밸류에이션 부담이 매우 크다는 뜻이며, 순이익도 -34억원으로 수익성 개선이 아직 확인되지 않습니다."", ""최근 1개월 수익률 +13.76%와 거래량 변화율 +37.06%는 단기 급등 이후 과열 신호로 해석될 수 있고, 2024년 영업이익이 전년 대비 -37.8% 감소한 점도 주가 모멘텀 지속에 불리합니다.""]",3.9697542533081283,7.561436672967864,1.375535588299193,-1.6953043325492692
352820,HYBE,2025-06-02,272000,Neutral,66,"[""2025년 1분기 매출이 전년동기 대비 38.7%, 영업이익이 50.3% 증가해 실적 모멘텀은 양호하지만, 영업이익률이 4.3%로 높지 않아 수익성 개선 강도는 제한적입니다."", ""PER 215.9배와 PBR 3.45배는 현재 이익 대비 밸류에이션 부담이 크고, ROE 1.6%도 자본효율성이 낮아 추가 상승 여력을 강하게 지지하지 않습니다."", ""주가는 52주 최고가의 86.7% 수준으로 고점 근처에 있고 최근 1개월 수익률은 +7.51%인 반면 거래량 변화율은 -12.19%로, 단기 상승 추세와 수급 둔화가 혼재되어 방향성을 확신하기 어렵습니다.""]",7.473309608540925,3.3807829181494666,2.0890218113386307,-9.08583370352482
352820,HYBE,2025-07-01,313500,Sell,78,"[""현재가가 52주 최고가와 동일해 52주 내 위치가 100.0%로, 단기적으로는 추가 상승 여력보다 차익실현 압력이 커질 수 있습니다."", ""최근 1개월 수익률이 15.26%로 이미 강한 상승이 반영되어 있고 거래량 변화율도 12.68%로 과열 이후 변동성 확대 가능성을 시사합니다."", ""2025년 1분기 매출과 영업이익은 증가했지만 영업이익률이 4.3%에 그치고 PER 248.8, ROE 1.6%로 밸류에이션 대비 수익성 효율이 낮아 20거래일 내 추가 상승 근거가 약합니다.""]",-9.180327868852459,-17.868852459016395,-11.088583317526625,-23.703210162605913
352820,HYBE,2025-08-01,251000,Neutral,66,"[""2025년 1분기 매출과 영업이익이 각각 전년동기 대비 38.7%, 50.3% 증가해 실적 모멘텀은 양호하지만, 영업이익률이 4.3%로 높지 않아 수익성 개선 강도는 제한적입니다."", ""최근 1개월 수익률이 -13.60%이고 거래량 변화율도 -9.71%로 약세 흐름과 수급 둔화가 동시에 나타나 단기 주가 반등 근거가 강하지 않습니다."", ""PER 199.2, PBR 3.18, ROE 1.6%는 밸류에이션 부담에 비해 자본효율성이 낮은 편이며, 부채비율 54.4%와 영업현금흐름 +69억원은 재무 안정성은 무난하지만 강한 상승 신호로 보기 어렵습니다.""]",10.9404990403071,9.021113243761997,9.065508968033255,8.239602640950467
352820,HYBE,2025-09-01,285000,Neutral,67,"[""최근 1개월 수익률이 +9.83%이고 거래량 변화율도 +15.07%로 단기 모멘텀은 우호적이지만, 52주 최고가 대비 현재 위치가 81.7%로 추가 상승 여력은 제한적으로 보입니다."", ""2025년 2분기 매출과 영업이익이 각각 전년동기 대비 +10.2%, +29.5% 증가해 실적 개선은 확인되지만, 순이익이 155억원에 그쳐 이익 체력의 강도가 충분히 강하다고 단정하기 어렵습니다."", ""PER 211.9배와 PBR 3.74배는 밸류에이션 부담이 크고 ROE 1.8%는 자본효율성이 낮아, 실적 개선에도 불구하고 20거래일 내 추가 상승을 강하게 확신하기 어렵습니다.""]",2.112676056338028,-6.338028169014084,-0.6518360561338077,-14.289546759333565
352820,HYBE,2025-10-01,268000,Neutral,66,"[""2025년 2분기 매출과 영업이익이 각각 전년동기 대비 10.2%, 29.5% 증가해 실적 모멘텀은 양호하지만, 순이익은 155억원으로 이익 체력이 아직 강하다고 보기 어렵습니다."", ""PER 199.3배와 PBR 3.52배는 현재 이익 대비 밸류에이션 부담이 크고, ROE 1.8%로 자본효율성이 낮아 향후 20거래일 상승 근거가 제한적입니다."", ""최근 1개월 수익률 -5.63%와 거래량 변화율 -27.78%는 단기 수급이 약한 신호이지만, 부채비율 61.0%와 영업현금흐름 +521억원은 재무 불안이 크지 않아 하락을 단정하기도 어렵습니다.""]",2.0560747663551404,19.439252336448597,-3.555314810480264,5.992879763397134
352820,HYBE,2025-11-03,342500,Sell,78,"[""현재 주가가 52주 최고가(342,500원)와 동일해 52주 내 위치가 100.0%로, 단기적으로는 추가 상승 여력이 제한되고 차익실현 압력이 커질 수 있습니다."", ""최근 1개월 수익률이 27.56%로 이미 강한 상승이 반영되어 있고 거래량도 66.23% 증가해 단기 과열 신호로 해석될 여지가 있습니다."", ""2분기 실적은 매출과 영업이익이 각각 전년동기 대비 10.2%, 29.5% 증가했지만 PER 254.7배와 ROE 1.8%는 밸류에이션 부담이 매우 커 향후 20거래일 기준으로는 상승 근거보다 조정 위험이 더 큽니다.""]",-16.27565982404692,-12.609970674486803,-15.903244290801265,-9.533357399510702
352820,HYBE,2025-12-01,292000,Sell,84,"[""최근 1개월 수익률이 -14.37%이고 거래량 변화율도 -10.53%로, 단기 추세와 수급이 모두 약세를 보이고 있습니다."", ""2025년 3분기 매출은 전년동기 대비 +37.8%로 성장했지만 영업이익이 -422억원, 영업이익률이 -5.8%, 순이익이 -520억원으로 수익성 악화가 뚜렷합니다."", ""현재 주가는 52주 최고가 대비 67.9% 수준이지만 PER은 적자라 의미가 없고 PBR 3.82로 밸류에이션 부담이 남아 있어, 20거래일 내 반등 근거보다 하락 압력이 더 강합니다.""]",-2.348993288590604,16.10738255033557,-6.069208661575871,8.229897838463263
329180,HD현대중공업,2023-01-02,117500,Sell,74,"[""최근 1개월 수익률이 -0.84%이고 거래량 변화율도 -22.02%로, 단기 주가 모멘텀과 수급이 모두 약한 편입니다."", ""2022년 3분기 영업이익이 전년동기 대비 -80.8% 감소해 영업이익률이 0.7%에 그쳐, 실적 개선이 주가 상승을 강하게 뒷받침하지 못합니다."", ""현재 주가는 52주 최고가 대비 40.8% 수준으로 고점 대비 여전히 낮지만, 적자 상태(PER 해당없음)와 높은 부채비율 228.6%를 감안하면 20거래일 내 반등 근거보다 하방 리스크가 더 큽니다.""]",-6.986899563318777,-2.8820960698689957,-12.964778302028286,-14.15907156881433
329180,HD현대중공업,2023-02-01,111300,Neutral,61,"[""최근 1개월 수익률이 -4.05%로 단기 추세가 약하고, 현재 주가가 52주 최고가 대비 29.8% 수준에 머물러 있어 강한 상승 모멘텀은 확인되지 않습니다."", ""거래량 변화율이 46.73%로 높아 단기 변동성 확대 가능성은 있으나, 방향성이 상승으로 확정될 만큼의 가격 신호는 제공되지 않았습니다."", ""2022 3분기 매출은 전년동기 대비 +15.9% 증가했지만 영업이익은 -80.8% 감소해 수익성 둔화가 뚜렷하고, 부채비율 228.6%도 재무 부담 요인입니다.""]",-3.776978417266187,-6.294964028776978,-4.288951457673168,-4.804004565376572
329180,HD현대중공업,2023-03-02,105900,Sell,78,"[""현재 주가는 52주 최고가 대비 크게 하락해 있고 52주 내 위치가 3.8%에 불과해 단기 추세가 매우 약합니다."", ""최근 1개월 수익률이 -4.42%이고 거래량 변화율도 -6.87%로, 가격과 수급이 함께 둔화되는 흐름입니다."", ""매출은 증가했지만 영업이익이 전년동기 대비 -80.8% 급감해 수익성 악화가 뚜렷하며, 부채비율 228.6%도 재무 부담 요인입니다.""]",-8.92514395393474,-4.030710172744722,-7.384069889454687,-5.872351243930994
329180,HD현대중공업,2023-04-03,100400,Sell,74,"[""현재 주가는 52주 최고가 대비 크게 낮지만 52주 최저가 대비 11.1% 수준에 불과해 기술적으로도 약세 구간에 머물러 있습니다."", ""최근 1개월 수익률이 -3.65%로 부진하고 거래량 변화율이 11.94%로 늘어났지만, 이는 반등 확정보다 변동성 확대 신호로 해석될 여지가 큽니다."", ""2022년 기준 영업이익과 순이익이 모두 적자이며 부채비율도 208.1%로 높아, 향후 20거래일 내 주가를 강하게 지지할 근거가 제한적입니다.""]",-2.9585798816568047,7.790927021696252,-5.673747327061173,6.948761499283528
329180,HD현대중공업,2023-05-02,110700,Neutral,61,"[""최근 1개월 수익률이 +10.70%로 단기 모멘텀은 양호하지만, 거래량 변화율이 -9.71%로 상승 추세의 신뢰도는 다소 약합니다."", ""52주 최고가 149,500원 대비 현재가는 110,700원으로 고점 대비 여전히 26% 이상 낮아 추가 반등 여지는 있으나, 52주 내 현재 위치가 30.3%에 불과해 강한 추세 전환으로 보기에는 이릅니다."", ""2022년 기준 영업이익과 순이익이 적자이고 부채비율이 208.1%로 재무 부담이 존재하지만, 영업현금흐름은 +712억원으로 완전히 악화된 상태는 아니어서 상승·하락 근거가 혼재합니다.""]",5.397987191216835,7.410795974382434,5.813754361601423,3.4146338251859825
329180,HD현대중공업,2023-06-01,116600,Neutral,61,"[""최근 1개월 수익률이 +6.39%로 단기 모멘텀은 양호하지만, 거래량 변화율이 -11.06%로 상승 추세의 지속성을 강하게 뒷받침하지는 않습니다."", ""2023년 1분기 매출은 전년동기 대비 +31.5% 증가했지만 영업이익 -415억원, 순이익 -206억원으로 아직 적자 상태여서 20거래일 내 추가 상승 근거가 제한적입니다."", ""PBR 1.97과 부채비율 222.7%는 밸류에이션과 재무안정성 측면에서 부담 요인이며, 52주 최고가 대비 현재 위치가 40.9%로 중립적 구간이라 방향성을 단정하기 어렵습니다.""]",6.643952299829642,12.095400340715502,5.567976656320101,12.05273035270924
329180,HD현대중공업,2023-07-03,131600,Neutral,61,"[""최근 1개월 수익률이 +12.86%로 단기 모멘텀은 양호하지만, 거래량 변화율이 -1.40%로 상승 추세의 지속성을 강하게 뒷받침하지는 않습니다."", ""2023년 1분기 매출은 전년동기 대비 +31.5% 증가했지만 영업이익 -415억원, 순이익 -206억원으로 아직 적자 상태여서 20거래일 내 추가 상승 근거가 제한적입니다."", ""52주 최고가 대비 현재 위치가 67.9%로 고점 부담이 완전히 해소되지 않았고, 부채비율 222.7%와 적자 PER 부재는 재무 안정성과 밸류에이션 측면에서 방향성을 단정하기 어렵게 합니다.""]",2.941176470588235,2.4264705882352944,4.129619040122929,-0.41777094093014355
329180,HD현대중공업,2023-08-01,139300,Neutral,61,"[""최근 1개월 수익률이 +5.85%로 단기 모멘텀은 양호하지만, 거래량 변화율이 -7.76%로 상승 추세의 강도는 다소 약합니다."", ""52주 최고가 대비 현재 위치가 81.7%로 고점권에 근접해 있어 추가 상승 여력은 제한적일 수 있으나, 아직 추세 반전 신호는 뚜렷하지 않습니다."", ""2023 1분기 매출은 전년동기 대비 +31.5% 증가했지만 영업이익과 순이익이 적자이며 부채비율 222.7%로 재무 부담이 있어 상승과 하락 요인이 혼재합니다.""]",-2.8922631959508314,-5.42299349240781,-2.4584726308000784,-3.122183622621425
329180,HD현대중공업,2023-09-01,128000,Neutral,61,"[""최근 1개월 수익률이 -7.45%이고 거래량 변화율도 -28.81%로, 단기 모멘텀과 수급이 약해 20거래일 내 강한 상승 신호로 보기 어렵습니다."", ""2023년 2분기 매출과 영업이익은 각각 전년동기 대비 +41.5%, +163.3%로 개선됐지만 영업이익률이 2.2%에 그쳐 실적 개선의 질과 지속성은 아직 제한적으로 보입니다."", ""PBR 2.15와 부채비율 226.0%, 영업현금흐름 -3,207억원은 밸류에이션 부담과 재무/현금흐름 리스크를 함께 보여주어 상승·하락 판단이 균형적입니다.""]",-0.1551590380139643,-13.343677269200931,0.9154335216192435,-6.540945652478478
329180,HD현대중공업,2023-10-04,116500,Sell,76,"[""최근 1개월 수익률이 -11.41%이고 거래량 변화율도 -31.26%로, 단기 추세와 수급이 동시에 약화된 모습입니다."", ""52주 최고가 대비 현재 위치가 42.0%에 불과해 고점 대비 회복력이 약하고, 향후 20거래일 내 반등 모멘텀이 강하다고 보기 어렵습니다."", ""2023 2분기 매출과 영업이익은 크게 증가했지만 영업이익률 2.2%로 낮고 영업현금흐름이 -3,207억원이며 부채비율도 226.0%로 재무 부담이 커 단기 주가에 부정적입니다.""]",1.607142857142857,-0.5357142857142857,-0.5791610203742084,0.9312519316263602
329180,HD현대중공업,2023-11-01,102800,Neutral,61,"[""최근 1개월 수익률이 -14.55%로 단기 추세가 약하고, 현재 주가가 52주 최고가 대비 16.7% 수준에 머물러 있어 모멘텀이 강하다고 보기 어렵습니다."", ""거래량 변화율이 56.59%로 급증해 변동성 확대 가능성은 있으나, 이는 상승 추세의 확정 신호라기보다 방향성 불확실성을 키우는 요인입니다."", ""2023년 2분기 매출과 영업이익은 각각 전년동기 대비 크게 증가했지만, 영업이익률 2.2%와 부채비율 226.0%, 영업현금흐름 -3,207억원은 재무 안정성과 수익성 측면에서 부담입니다.""]",2.4953789279112755,15.711645101663585,-1.0878775847726692,7.510187216450703
329180,HD현대중공업,2023-12-01,128900,Neutral,61,"[""최근 1개월 수익률이 +19.13%로 단기 모멘텀은 강하지만, 52주 최고가 대비 현재 위치가 65.0% 수준이라 추가 상승 여력은 제한적으로 보입니다."", ""2023년 3분기 매출은 전년동기 대비 +29.5% 증가했지만 영업이익은 -10.0% 감소했고 영업이익률이 0.5%에 불과해 수익성 개선이 확인되지 않습니다."", ""순이익이 -98억원으로 적자이며 부채비율 240.3%와 영업현금흐름 -523억원은 재무 부담을 시사해 20거래일 내 방향성을 강하게 단정하기 어렵습니다.""]",-9.043348281016444,-9.641255605381167,-9.457273011130376,-12.506918938648237
329180,HD현대중공업,2024-01-02,127000,Neutral,61,"[""최근 1개월 수익률이 +3.50%이고 거래량 변화율도 +14.22%로 단기 모멘텀은 살아 있으나, 52주 최고가 대비 아직 61.5% 수준이라 강한 추세 전환으로 보기에는 근거가 부족합니다."", ""2023년 3분기 매출은 전년동기 대비 +29.5%로 성장했지만 영업이익은 -10.0% 감소했고 영업이익률이 0.5%에 불과해 수익성 개선이 확인되지 않습니다."", ""순이익이 -98억원으로 적자이며 영업현금흐름도 -523억원, 부채비율 240.3%로 재무 안정성이 약해 20거래일 내 주가 방향을 한쪽으로 확신하기 어렵습니다.""]",0.49382716049382713,-6.090534979423869,2.9994747436350693,-1.8631895544456425
329180,HD현대중공업,2024-02-01,112800,Sell,78,"[""최근 1개월 수익률이 -7.16%이고 거래량 변화율도 -20.37%로, 단기 추세와 수급이 모두 약세를 보이고 있습니다."", ""2023년 3분기 매출은 전년동기 대비 +29.5% 증가했지만 영업이익은 -10.0% 감소했고 순이익은 -98억원으로 적자를 기록해 실적 모멘텀이 약합니다."", ""부채비율 240.3%와 영업현금흐름 -523억원은 재무 안정성과 현금창출력이 취약함을 시사하며, 현재가도 52주 최고가 대비 크게 낮아 단기 반등 근거가 제한적입니다.""]",-3.0728709394205445,-2.1071115013169446,-4.385526035757113,-3.1081400600728792
329180,HD현대중공업,2024-03-04,113600,Sell,74,"[""최근 1개월 수익률이 -1.39%로 약세이고, 현재 주가가 52주 최고가 대비 36.7% 수준에 머물러 있어 단기 추세가 강하지 않습니다."", ""2023년 3분기 매출은 전년동기 대비 29.5% 증가했지만 영업이익은 10.0% 감소했고 순이익도 -98억원으로 적자여서 실적 모멘텀이 약합니다."", ""부채비율 240.3%와 영업현금흐름 -523억원은 재무 안정성과 현금창출 측면에서 부담이며, 적자 상태(PER 해당없음)와 PBR 1.91도 단기 상승 근거를 강하게 뒷받침하지 않습니다.""]",0.26714158504007124,11.219946571682991,-0.9561542555275989,7.303588150908485
329180,HD현대중공업,2024-04-01,121300,Neutral,61,"[""최근 1개월 수익률이 +2.88%이고 거래량 변화율도 +23.45%로 단기 모멘텀은 존재하지만, 52주 최고가 대비 아직 상단 회복 여력은 제한적입니다."", ""2023년 매출과 영업이익은 각각 +32.3%, +161.8%로 개선됐지만 영업이익률 1.5%와 순이익 247억원은 수익성의 질이 아직 낮아 강한 상승 근거로 보기 어렵습니다."", ""PER 436.3과 ROE 0.5%는 밸류에이션 대비 이익창출력이 매우 약하다는 뜻이며, 부채비율 229.0%도 재무 부담 요인이라 20거래일 방향성을 단정하기 어렵습니다.""]",-6.164931945556445,9.047237790232186,-4.421480783982108,11.571973003587013
