ticker,name,signal_date,price,signal,confidence,reasons,return_5d,return_20d,excess_return_5d,excess_return_20d
005930,삼성전자,2023-01-02,55500,Sell,75,"[""최근 1개월 수익률이 -11.34%로 하락세를 보이고 있으며, 거래량 변화율 또한 -18.94%로 감소하여 투자 심리가 위축된 것으로 판단됩니다."", ""2022년 3분기 영업이익이 전년 동기 대비 -31.4% 감소하며 수익성 악화가 나타났습니다."", ""현재가가 52주 최고가 대비 10.4% 낮은 수준에 위치하며 하락 추세가 이어질 가능성이 있습니다.""]",9.025270758122744,14.620938628158845,3.047392019413236,3.3439631292135115
005930,삼성전자,2023-02-01,61800,Sell,75,"[""최근 1개월 수익률이 11.75%로 단기 상승 모멘텀이 있으나, 2022년 3분기 영업이익이 전년 동기 대비 31.4% 감소하며 수익성 악화가 관찰됩니다."", ""현재가 61,800원은 52주 최고가 75,400원 대비 하락한 수준이지만, 52주 내 현재 위치가 40.4%로 상승 여력보다는 하락 위험이 더 부각될 수 있습니다."", ""거래량 변화율이 47.34%로 높게 나타나 변동성이 확대될 가능성이 있으며, 이는 단기적인 하락 압력으로 작용할 수 있습니다.""]",-0.7874015748031495,-4.724409448818897,-1.2993746152101306,-3.233449985418491
005930,삼성전자,2023-03-02,60800,Sell,75,"[""최근 1개월 수익률이 마이너스이고 거래량 변화율 또한 감소하는 추세로 단기적인 매도 압력이 감지됩니다."", ""2022년 3분기 영업이익이 전년 동기 대비 큰 폭으로 감소하며 수익성 악화가 주가 하락의 근거가 될 수 있습니다."", ""현재 주가가 52주 최고가 대비 상당 부분 하락한 위치에 있으며, 기술적 반등의 동력이 약한 것으로 판단됩니다.""]",-1.6528925619834711,5.785123966942149,-0.11181849750341843,3.943482895755877
005930,삼성전자,2023-04-03,63100,Buy,75,"[""현재 PER 7.8배는 과거 평균 대비 낮은 수준으로 밸류에이션 매력이 존재합니다."", ""최근 1개월 수익률 4.30%와 거래량 변화율 3.55%는 긍정적인 수급 신호를 나타냅니다."", ""부채비율 26.4%와 영업현금흐름 62.2조원은 우수한 재무 안정성을 보여줍니다.""]",3.6163522012578615,2.8301886792452833,0.9011847558534929,1.9880231568325588
005930,삼성전자,2023-05-02,65700,Neutral,65,"[""현재가(65,700원)가 52주 최고가(68,100원) 대비 약 3.5% 하락한 수준으로, 추가 상승 여력에 대한 불확실성이 존재합니다."", ""최근 1개월 수익률(2.66%)과 거래량 변화율(18.24%)은 긍정적인 신호를 보이나, 2022년 연간 영업이익이 전년 대비 감소(-16.0%)한 점은 부담 요인입니다."", ""PER(8.2) 및 PBR(1.08)은 낮아 저평가 매력이 있으나, ROE(13.2%)와 영업이익률(14.3%)은 양호하나 폭발적인 성장을 기대하기는 어렵습니다.""]",-1.834862385321101,10.397553516819572,-1.4190952149365128,6.4013913676231216
005930,삼성전자,2023-06-01,70900,Sell,75,"[""2023년 1분기 매출 및 영업이익이 전년 동기 대비 큰 폭으로 감소하며 수익성 악화가 두드러짐"", ""최근 1개월 수익률은 양호하나, 거래량 변화율이 마이너스를 기록하며 상승 동력이 약화될 가능성을 시사함"", ""현재가가 52주 최고가에 근접한 수준으로, 단기적인 차익 실현 매물 출회 가능성이 존재함""]",-1.662049861495845,1.10803324099723,-2.7380255050053854,1.065363252990969
005930,삼성전자,2023-07-03,73000,Sell,75,"[""2023년 1분기 매출 및 영업이익이 전년 동기 대비 큰 폭으로 감소하며 수익성 악화가 두드러지고 있습니다."", ""현재가가 52주 최고가와 동일한 수준이지만, 최근 1개월 수익률이 소폭 상승했음에도 불구하고 거래량 변화율이 마이너스를 기록하며 상승 동력이 약화된 것으로 보입니다."", ""PER 9.1, PBR 1.20은 절대적으로 고평가라고 보기는 어렵지만, 급격한 실적 하락세를 고려할 때 현재 주가 수준을 유지하거나 상승하기에는 부담이 될 수 있습니다.""]",-2.054794520547945,-2.6027397260273974,-0.8663519510132514,-5.446981255192835
005930,삼성전자,2023-08-01,71100,Sell,75,"[""최근 1개월 수익률이 -2.60%로 하락세를 보이고 있으며, 52주 최고가 대비 현재 위치가 88.9%로 상승 여력이 제한적입니다."", ""2023년 1분기 영업이익이 전년 동기 대비 -95.5%로 급감하며 수익성이 크게 악화되었습니다."", ""매출 감소와 영업이익률 하락에도 불구하고 현재가 수준이 유지되고 있어 단기적인 하락 압력이 존재합니다.""]",-1.4306151645207439,-4.291845493562231,-0.9968245993699907,-1.9910356237758466
005930,삼성전자,2023-09-01,71000,Sell,75,"[""2023년 2분기 영업이익이 전년 동기 대비 95.3% 급감하며 수익성 악화가 두드러지고 있습니다."", ""매출 또한 전년 동기 대비 22.3% 감소하여 전반적인 사업 성장성이 둔화된 모습을 보입니다."", ""최근 1개월 수익률은 소폭 상승했으나, 거래량 변화율이 크게 하락한 점은 투자 심리 위축을 시사합니다.""]",-0.5617977528089888,-7.303370786516854,0.508794806824219,-0.5006391697944004
005930,삼성전자,2023-10-04,67500,Sell,75,"[""2023년 2분기 영업이익이 전년 동기 대비 95.3% 급감하며 수익성 악화가 두드러지고 있습니다."", ""매출 또한 전년 동기 대비 22.3% 감소하여 전반적인 사업 성장성이 둔화된 모습을 보입니다."", ""최근 1개월 수익률이 0.60%로 미미한 수준이며, 52주 최고가 대비 현재 위치가 71.6%로 상승 여력이 제한적일 수 있습니다.""]",1.9490254872563717,4.3478260869565215,-0.23727839026069364,5.814792304297168
005930,삼성전자,2023-11-01,68600,Sell,75,"[""2023년 2분기 영업이익이 전년 동기 대비 95.3% 급감하며 수익성 악화가 두드러지고 있습니다."", ""매출 또한 전년 동기 대비 22.3% 감소하여 전반적인 사업 환경의 어려움을 시사합니다."", ""최근 1개월 수익률이 0.00%로 횡보하며 상승 동력이 약한 모습을 보이고 있습니다.""]",0.860832137733142,4.447632711621234,-2.7224243749508026,-3.7538251735916477
005930,삼성전자,2023-12-01,72000,Sell,75,"[""최근 1개월 수익률은 긍정적이나, 전년 동기 대비 매출 및 영업이익이 크게 감소한 3분기 실적은 향후 주가 상승에 부담 요인으로 작용할 수 있습니다."", ""거래량 변화율이 -16.55%로 감소한 점은 투자 심리 위축 가능성을 시사합니다."", ""현재가가 52주 최고가에 근접한 92.3% 위치에 있어 추가 상승 여력이 제한적일 수 있습니다.""]",0.5509641873278237,5.5096418732782375,0.1370394572138926,2.643978540011168
005930,삼성전자,2024-01-02,79600,Sell,75,"[""최근 1개월 수익률이 9.49%로 양호하나, 52주 최고가에 도달한 현 시점에서 추가 상승 동력이 제한적일 수 있습니다."", ""2023년 3분기 매출액과 영업이익이 전년 동기 대비 큰 폭으로 감소하며 실적 둔화가 확인되었습니다."", ""영업이익률이 3.6%로 낮아진 점은 수익성 개선에 대한 의구심을 제기합니다.""]",-4.415584415584416,-5.584415584415584,-1.9099368324431736,-1.3570701594373578
005930,삼성전자,2024-02-01,73600,Sell,75,"[""최근 1개월 수익률이 -4.42%로 하락세를 보이고 있으며, 2023년 3분기 영업이익이 전년 동기 대비 77.6% 감소하는 등 실적 부진이 지속되고 있습니다."", ""매출 감소와 영업이익률 하락은 단기적인 주가 상승 모멘텀을 약화시키는 요인으로 작용할 수 있습니다."", ""현재 주가는 52주 최고가 대비 약 70.9% 수준에 위치해 있으나, 최근 실적 악화 추세를 고려할 때 추가 하락 가능성을 배제하기 어렵습니다.""]",0.0,-3.0585106382978724,-1.312655096336569,-4.059539197053807
005930,삼성전자,2024-03-04,74900,Sell,75,"[""최근 1개월 수익률이 0.81%로 미미한 반면, 거래량 변화율이 -10.20%로 감소하며 투자 심리 위축 가능성을 시사합니다."", ""2023년 3분기 영업이익이 전년 동기 대비 77.6% 감소하며 수익성 악화가 두드러져 향후 주가 상승 동력이 약화될 수 있습니다."", ""현재 주가가 52주 최고가 대비 약 22.8% 하락한 위치에 있으며, 이는 단기적인 하락 압력이 지속될 가능성을 내포합니다.""]",-0.5427408412483039,15.332428765264586,-1.766036681815974,11.41607034449008
005930,삼성전자,2024-04-01,82000,Sell,75,"[""최근 1개월 수익률이 11.72%로 높고 52주 최고가에 근접한 98.0% 위치에 있어 단기 차익 실현 매물이 출회될 가능성이 있습니다."", ""2023년 연간 영업이익이 전년 대비 84.9% 감소하며 수익성이 크게 악화된 점은 향후 주가 상승에 부담으로 작용할 수 있습니다."", ""PER 38.5배는 동종 업계 평균 대비 높은 수준으로 밸류에이션 부담이 존재합니다.""]",-1.647058823529412,-8.235294117647058,0.09639233804492475,-5.710558904292231
005930,삼성전자,2024-05-02,78000,Sell,75,"[""2023년 연간 영업이익이 전년 대비 84.9% 감소하며 수익성이 크게 악화된 점은 부정적 요인입니다."", ""최근 1개월 수익률이 -4.88%로 하락세를 보이고 있으며, 거래량 변화율 또한 마이너스를 기록하여 투자 심리가 위축된 것으로 판단됩니다."", ""현재 주가가 52주 최고가 대비 약 8.7% 하락한 위치에 있으나, 2023년 실적 부진을 감안할 때 단기적인 반등 모멘텀이 약하다고 판단됩니다.""]",1.0309278350515463,-2.9639175257731956,-0.8587618120046372,-2.4210707370874154
005930,삼성전자,2024-06-03,75700,Buy,75,"[""2024년 1분기 전년 동기 대비 931.9% 증가한 영업이익은 강력한 실적 개선세를 시사하며 향후 주가 상승의 근거가 될 수 있습니다."", ""부채비율 26.6%와 11.9조원의 영업현금흐름은 우수한 재무 안정성을 보여주어 투자 리스크를 낮춥니다."", ""현재가는 52주 최고가 대비 약 11.7% 하락한 수준으로, 1분기 실적 개선 모멘텀을 고려할 때 추가 상승 여력이 존재할 수 있습니다.""]",1.593625498007968,8.632138114209829,-0.8882497132913887,3.6770274872611672
005930,삼성전자,2024-07-01,81800,Buy,75,"[""2024년 1분기 매출 및 영업이익이 전년 동기 대비 큰 폭으로 증가하며 실적 개선세를 보이고 있습니다."", ""영업이익률이 9.2%로 개선되었으며, 영업현금흐름이 11.9조원으로 견조한 재무 안정성을 유지하고 있습니다."", ""최근 1개월 수익률이 11.29%로 양호한 흐름을 보이고 있으며, 52주 최고가 대비 현재 위치가 81.9%로 상승 여력이 남아있습니다.""]",7.334963325183375,-0.9779951100244498,4.223695587864704,0.556422300416927
005930,삼성전자,2024-08-01,83100,Buy,75,"[""2024년 1분기 전년 동기 대비 931.9% 증가한 영업이익은 강력한 실적 개선세를 시사하며 향후 주가 상승의 근거가 될 수 있습니다."", ""매출액이 12.8% 증가하고 영업이익률이 9.2%로 개선된 점은 기업의 수익성이 향상되었음을 나타냅니다."", ""부채비율 26.6%와 영업현금흐름 +11.9조원은 재무 안정성이 우수함을 보여주며, 이는 주가 하락 위험을 낮추는 요인입니다."", ""현재가가 52주 최고가 대비 약 5.6% 낮은 수준에 위치하며, 최근 1개월 수익률이 1.59%로 소폭 상승세를 보이고 있어 추가 상승 여력이 존재할 수 있습니다.""]",-6.155778894472362,-6.532663316582915,-2.8764900547412435,-6.712396444649306
005930,삼성전자,2024-09-02,74400,Sell,75,"[""최근 1개월 수익률이 -10.47%로 하락세를 보이고 있으며, 거래량 변화율 또한 -7.31%로 감소하는 추세입니다."", ""현재가(74,400원)는 52주 최고가(87,800원) 대비 약 15.2% 하락한 수준으로, 추가 하락 가능성을 시사합니다."", ""PER 34.9는 절대적으로 높은 수준은 아니지만, 최근 실적 개선에도 불구하고 주가 상승 모멘텀이 약화된 점을 고려할 때 밸류에이션 부담이 존재할 수 있습니다.""]",-8.689655172413794,-16.82758620689655,-3.390608025155065,-14.190447091897472
005930,삼성전자,2024-10-02,61300,Sell,75,"[""최근 1개월 수익률이 -19.76%로 큰 폭의 하락세를 보이고 있으며, 이는 단기적인 하락 압력이 지속될 가능성을 시사합니다."", ""현재가가 52주 최저가와 동일한 수준으로, 기술적으로 추가 하락 가능성이 존재합니다."", ""2분기 실적은 전년 동기 대비 크게 개선되었으나, 이는 이미 주가에 반영되었을 가능성이 높으며, 향후 20거래일 내 추가적인 상승 동력을 제공하기에는 부족할 수 있습니다.""]",0.33003300330033003,-3.1353135313531353,-1.7550271785878957,-3.884814447798951
005930,삼성전자,2024-11-01,58300,Sell,75,"[""최근 1개월 수익률이 -5.20%로 하락세를 보이고 있으며, 거래량 변화율 또한 -5.98%로 감소하는 추세입니다."", ""현재가(58,300원)는 52주 최고가(87,800원) 대비 약 33.5% 하락한 수준으로, 기술적 반등 가능성보다는 하락 추세 지속 가능성이 높아 보입니다."", ""PER 27.4, PBR 0.94, ROE 3.4% 등 재무 지표상으로는 특별히 고평가되었다고 보기 어렵지만, 최근 실적 개선에도 불구하고 주가에 반영되지 못하고 하락하는 것은 시장의 추가 하락 압력을 시사합니다.""]",-6.303236797274275,-8.68824531516184,-4.089615163960643,-3.4935153646409844
005930,삼성전자,2024-12-02,53600,Buy,75,"[""2024년 3분기 매출 및 영업이익이 전년 동기 대비 큰 폭으로 증가하며 견조한 실적 개선세를 보이고 있습니다."", ""영업이익률 11.6%와 영업현금흐름 +51.0조원은 기업의 수익성과 현금 창출 능력이 우수함을 시사합니다."", ""현재가 53,600원은 52주 최저가 49,900원 대비 상승 여력이 있으며, 최근 1개월 수익률 -8.06%는 단기적인 조정 후 반등 가능성을 내포합니다.""]",0.7462686567164178,1.4925373134328357,4.036537045980838,3.8196442291562
005930,삼성전자,2025-01-02,53400,Buy,75,"[""2024년 3분기 매출 및 영업이익이 전년 동기 대비 큰 폭으로 증가하며 견조한 실적 개선세를 보이고 있습니다."", ""영업현금흐름이 매우 긍정적이며 부채비율이 낮아 재무 안정성이 우수합니다."", ""현재가는 52주 최저가 대비 높은 수준이지만, 52주 최고가 대비로는 아직 상승 여력이 남아있습니다.""]",1.6544117647058825,-0.7352941176470588,-1.3702573481233717,-4.618713721892895
005930,삼성전자,2025-02-03,51000,Buy,75,"[""2024년 3분기 매출 및 영업이익이 전년 동기 대비 큰 폭으로 증가하며 견조한 실적 개선세를 보이고 있습니다."", ""영업현금흐름이 51.0조원으로 매우 우수하며, 부채비율 27.2%로 재무 안정성이 높습니다."", ""현재가는 52주 최저가 대비 소폭 상승한 수준으로, 향후 실적 개선에 따른 주가 상승 여력이 존재합니다.""]",5.692599620493358,2.4667931688804554,3.3812714529945924,-0.613365916259109
005930,삼성전자,2025-03-04,54500,Buy,75,"[""2024년 3분기 매출 및 영업이익이 전년 동기 대비 큰 폭으로 증가하며 견조한 실적 개선세를 보이고 있습니다."", ""영업현금흐름이 51.0조원으로 매우 우수하며, 부채비율 27.2%로 재무 안정성이 높습니다."", ""최근 1개월 수익률 4.01%와 거래량 변화율 5.92%는 긍정적인 시장 관심과 수급 개선 가능성을 시사합니다.""]",1.6666666666666667,8.88888888888889,1.0142369621559477,10.932178322967689
005930,삼성전자,2025-04-01,58800,Buy,75,"[""2024년 연간 실적에서 매출과 영업이익이 전년 대비 크게 증가하며 견조한 성장세를 보였습니다."", ""영업이익률 10.9%와 높은 영업현금흐름(+73.0조원)은 기업의 수익성과 현금 창출 능력이 우수함을 시사합니다."", ""부채비율 27.9%로 재무 안정성이 뛰어나며, 최근 1개월 수익률 7.89%는 단기적인 상승 모멘텀을 보여줍니다.""]",-9.863945578231291,-5.612244897959184,-1.3973911817366638,-7.637497705378593
005930,삼성전자,2025-05-02,54300,Sell,75,"[""최근 1개월 수익률이 -7.65%로 하락세를 보이고 있으며, 거래량 변화율 또한 -28.84%로 감소하여 투자 심리가 위축된 것으로 판단됩니다."", ""현재가는 52주 최고가 대비 상당한 하락폭을 보이고 있으며, 52주 내 현재 위치가 11.6%로 낮은 편에 속해 추가 하락 가능성을 시사합니다."", ""2024년 연간 실적은 크게 개선되었으나, 단기적인 기술적 지표와 최근 시장 흐름이 하락세를 나타내고 있어 향후 20거래일 내 주가 하락을 예상합니다.""]",5.128205128205128,8.241758241758241,2.5339864631961926,-1.0149827637588924
005930,삼성전자,2025-06-02,56800,Neutral,55,"[""2025년 1분기 매출 및 순이익은 전년 동기 대비 증가했으나, 영업이익 증가율은 상대적으로 낮아 주가 상승 동력이 제한적입니다."", ""현재 주가는 52주 최고가 대비 상당한 하락폭을 보이고 있으나, 52주 최저가 대비로는 상승한 위치에 있어 명확한 방향성을 판단하기 어렵습니다."", ""PER, PBR, ROE 등 재무 지표는 양호한 편이나, 최근 1개월 수익률 및 거래량 변화율이 뚜렷한 상승 또는 하락 추세를 나타내지 않아 향후 20거래일 주가 방향을 예측하기 어렵습니다.""]",2.941176470588235,10.380622837370241,-2.443111326614059,-2.085993784304046
005930,삼성전자,2025-07-01,60200,Buy,75,"[""최근 1개월 수익률 7.31%와 거래량 변화율 35.36%는 긍정적인 수급 신호를 나타냅니다."", ""2025년 1분기 매출이 전년 동기 대비 10.1% 증가하며 견조한 성장세를 보였습니다."", ""부채비율 27.0%와 영업현금흐름 +16.6조원은 우수한 재무 안정성을 뒷받침합니다.""]",-0.6578947368421052,19.407894736842106,-2.566150185516272,13.573537033252588
005930,삼성전자,2025-08-01,68900,Buy,75,"[""최근 1개월 수익률 7.99%와 거래량 변화율 9.72%는 긍정적인 수급 신호를 나타냅니다."", ""2025년 1분기 매출액이 전년 동기 대비 10.1% 증가하며 견조한 성장세를 보이고 있습니다."", ""부채비율 27.0%와 영업현금흐름 +16.6조원은 우수한 재무 안정성을 뒷받침합니다.""]",1.8651362984218076,-0.860832137733142,-0.009853773852038339,-1.642342740544671
005930,삼성전자,2025-09-01,67600,Sell,75,"[""최근 1개월 수익률이 -5.32%로 하락세를 보이고 있으며, 거래량 변화율 또한 -37.16%로 감소하여 투자 심리가 위축된 것으로 판단됩니다."", ""2025년 2분기 영업이익이 전년 동기 대비 -55.2%로 크게 감소한 점은 향후 실적에 대한 우려를 높입니다."", ""현재 주가가 52주 최고가 대비 58.4% 수준에 위치해 있으나, 최근 실적 부진과 투자 심리 위축을 고려할 때 추가 하락 가능성이 존재합니다.""]",3.4732272069464547,21.41823444283647,0.708715094474619,13.466715852516991
005930,삼성전자,2025-10-01,86000,Sell,75,"[""최근 1개월 수익률이 24.46%로 높고 52주 최고가에 근접한 99.7% 위치에 있어 단기 차익 실현 매물이 출회될 가능성이 높습니다."", ""2025년 2분기 영업이익이 전년 동기 대비 -55.2%로 크게 감소한 점은 향후 실적 둔화에 대한 우려를 야기합니다."", ""매출은 소폭 증가했으나 영업이익률이 6.3%로 하락한 점은 수익성 악화를 시사합니다.""]",9.775280898876403,11.46067415730337,4.163891322040999,-1.985698415748093
005930,삼성전자,2025-11-03,111100,Sell,75,"[""최근 1개월 수익률이 33.37%로 높지만, 2025년 2분기 영업이익이 전년 동기 대비 -55.2%로 크게 감소한 점은 향후 주가 상승에 부담으로 작용할 수 있습니다."", ""현재가가 52주 최고가와 동일한 수준이며, 이는 단기적인 상승 모멘텀이 약화될 가능성을 시사합니다."", ""PER 22.4, PBR 1.61은 절대적으로 고평가라고 보기는 어렵지만, 최근 실적 부진을 고려할 때 추가적인 상승 여력이 제한적일 수 있습니다.""]",-1.334604385128694,-1.4299332697807436,-0.962188851883039,1.6466800051953574
005930,삼성전자,2025-12-01,100800,Sell,75,"[""최근 1개월 수익률이 -6.23%로 하락세를 보이고 있으며, 거래량 변화율 또한 -14.56%로 감소하여 투자 심리가 위축된 것으로 판단됩니다."", ""현재가가 52주 최고가 대비 약 82.9% 수준에 위치하여 추가 상승 여력이 제한적일 수 있습니다."", ""2025년 3분기 실적은 전년 동기 대비 성장세를 보였으나, 단기적인 주가 상승을 견인할 만큼의 강력한 모멘텀으로 작용하기에는 불확실성이 존재합니다.""]",4.835589941972921,24.274661508704064,1.1153745689876535,16.397176796831758
000660,SK하이닉스,2023-01-02,75700,Sell,75,"[""최근 1개월 수익률이 -10.63%로 하락세를 보이고 있으며, 거래량 변화율 또한 -17.96%로 감소하여 투자 심리가 위축된 것으로 판단됩니다."", ""2022년 3분기 영업이익이 전년 동기 대비 -60.3%로 크게 감소한 점은 향후 실적에 대한 우려를 나타냅니다."", ""현재가가 52주 최저가에 근접한 75,000원이며, 52주 최고가 대비 1.2% 수준에 머물러 있어 추가 하락 가능성이 존재합니다.""]",14.417989417989418,23.544973544973544,8.44011067927991,12.267998046028211
000660,SK하이닉스,2023-02-01,91400,Sell,75,"[""최근 1개월 수익률이 21.87%로 높지만, 2022년 3분기 영업이익이 전년 동기 대비 60.3% 감소하며 실적 둔화 신호를 보이고 있습니다."", ""현재가가 52주 최고가 대비 28.3% 낮은 수준이지만, 이는 최근 단기 상승에 대한 조정 가능성을 시사합니다."", ""거래량 변화율이 31.44%로 높다는 점은 변동성 확대 가능성을 내포하며, 이는 하락 압력으로 작용할 수 있습니다.""]",1.070663811563169,-6.5310492505353315,0.558690771156188,-5.040089787134925
000660,SK하이닉스,2023-03-02,88100,Sell,75,"[""최근 1개월 수익률이 마이너스이며 거래량 변화율 또한 감소하는 추세로 단기적인 매도 압력이 감지됩니다."", ""2022년 3분기 영업이익이 전년 동기 대비 60.3% 감소한 것은 수익성 악화를 시사하며, 이는 향후 주가 하락 요인으로 작용할 수 있습니다."", ""현재 주가가 52주 최고가 대비 약 24.3% 낮은 수준에 위치해 있으나, 실적 부진과 거래량 감소 추세를 고려할 때 추가 하락 가능성이 있습니다.""]",-4.581901489117984,1.4891179839633446,-3.040827424637931,-0.35252308722292724
000660,SK하이닉스,2023-04-03,87200,Sell,75,"[""2022년 연간 영업이익이 전년 대비 45.1% 감소하며 수익성이 크게 악화된 점은 부정적 요인입니다."", ""최근 1개월 수익률이 -0.11%로 약세를 보이고 있으며, 52주 최고가 대비 현재 위치가 26.5%로 하락 추세에 있습니다."", ""PER 26.9, ROE 3.6%는 현재 시장 상황에서 높은 밸류에이션 부담을 시사할 수 있습니다.""]",8.63905325443787,6.272189349112427,5.923885809033502,5.430023826699703
000660,SK하이닉스,2023-05-02,90200,Sell,75,"[""2022년 연간 영업이익이 전년 대비 45.1% 감소하며 수익성이 크게 악화된 점은 부정적 요인입니다."", ""최근 1개월 수익률이 1.81%로 미미한 상승세를 보이고 있으나, 52주 최고가 대비 현재 위치가 39.5% 하락한 점은 추가 하락 가능성을 시사합니다."", ""PER 27.8은 동종 업계 평균 대비 높을 수 있으며, PBR 1.02와 ROE 3.7%는 현재 주가 수준을 정당화하기에 다소 부족한 수치입니다.""]",-3.8975501113585747,22.828507795100222,-3.481782940973986,18.83234564590377
000660,SK하이닉스,2023-06-01,110300,Sell,75,"[""최근 1개월 수익률이 23.24%로 높지만, 52주 최고가에 도달한 시점에서 추가 상승 동력이 약할 수 있습니다."", ""2023년 1분기 매출액이 전년 동기 대비 58.1% 감소하고 영업이익이 적자 전환하는 등 실적 부진이 지속되고 있습니다."", ""영업현금흐름이 -2.0조원으로 마이너스를 기록하며 재무 안정성에 대한 우려가 존재합니다.""]",4.0797824116047146,6.618313689936536,3.003806768095174,6.575643701930275
000660,SK하이닉스,2023-07-03,117600,Sell,75,"[""2023년 1분기 매출 및 영업이익이 전년 동기 대비 큰 폭으로 감소했으며, 영업이익률이 마이너스를 기록하는 등 수익성이 크게 악화되었습니다."", ""영업현금흐름 또한 마이너스를 기록하며 현금 창출 능력에 대한 우려가 있습니다."", ""최근 1개월 수익률은 양수이나, 52주 최고가 대비 현재 위치가 매우 높아 추가 상승 여력이 제한적일 수 있습니다.""]",-3.816793893129771,6.106870229007633,-2.6283513235950773,3.262628699842195
000660,SK하이닉스,2023-08-01,125100,Sell,75,"[""2023년 1분기 매출 및 영업이익이 전년 동기 대비 큰 폭으로 감소하며 수익성이 악화된 점은 부정적 요인입니다."", ""영업이익률이 -66.9%로 매우 낮은 수준이며, 영업현금흐름 또한 마이너스를 기록하여 재무적 부담이 가중될 수 있습니다."", ""현재가가 52주 최고가에 근접해 있으나, 실적 부진을 감안할 때 추가적인 상승 동력이 약할 수 있습니다.""]",-0.8368200836820083,1.9246861924686192,-0.4030295185312552,4.225496062255004
000660,SK하이닉스,2023-09-01,120000,Sell,75,"[""2023년 2분기 매출 및 영업이익이 전년 동기 대비 큰 폭으로 감소하며 수익성 악화가 지속되고 있음."", ""영업이익률이 -39.5%로 매우 낮은 수준이며, 영업현금흐름 또한 마이너스를 기록하여 재무 건전성에 대한 우려가 존재함."", ""최근 1개월 수익률이 0.42%로 미미한 반면, 거래량 변화율은 -20.07%로 감소하여 투자 심리가 위축될 가능성이 있음.""]",-2.7684563758389262,1.006711409395973,-1.6978638162057185,7.8094430261184264
000660,SK하이닉스,2023-10-04,115400,Sell,75,"[""2023년 2분기 실적이 전년 동기 대비 매출 및 영업이익이 큰 폭으로 감소하며 적자를 기록하는 등 부정적인 재무 성과를 보이고 있습니다."", ""영업이익률이 -39.5%로 매우 낮은 수준이며, 영업현금흐름 또한 마이너스를 기록하여 단기적인 수익성 개선에 대한 우려가 있습니다."", ""최근 1개월 수익률이 -3.35%로 하락세를 보이고 있으며, 거래량 변화율 또한 마이너스를 기록하여 투자 심리가 위축된 것으로 판단됩니다.""]",3.743760399334443,4.658901830282862,1.5574565218173775,6.125868047623508
000660,SK하이닉스,2023-11-01,120300,Sell,75,"[""2023년 2분기 실적에서 매출 및 영업이익이 전년 동기 대비 큰 폭으로 감소했으며, 영업이익률 또한 마이너스를 기록하며 수익성이 악화된 점은 부정적인 신호입니다."", ""영업현금흐름이 마이너스를 기록하고 있어 기업의 현금 창출 능력에 대한 우려가 존재합니다."", ""최근 1개월 수익률이 4.61%로 상승세를 보였으나, 52주 최고가 대비 현재 위치가 82.4%로 높은 편이며, 거래량 변화율이 39.30%로 높다는 점은 단기적인 변동성 확대 가능성을 시사합니다.""]",2.154828411811652,6.863527533918595,-1.4284281008722925,-1.337930351294287
000660,SK하이닉스,2023-12-01,132600,Sell,75,"[""최근 3분기 실적에서 매출 감소와 대규모 영업이익 적자를 기록하며 부정적인 재무 성과를 보이고 있습니다."", ""현재가가 52주 최고가에 근접한 97.5% 수준에 위치하여 추가 상승 여력이 제한적일 수 있습니다."", ""거래량 변화율이 -26.28%로 감소 추세를 보이며 투자 심리가 위축되었을 가능성을 시사합니다.""]",-1.6781083142639208,4.0427154843630815,-2.092033044377852,1.177052151096012
000660,SK하이닉스,2024-01-02,142400,Sell,75,"[""최근 3분기 실적에서 매출 감소와 영업이익 적자 전환 등 부정적인 재무 성과를 기록했습니다."", ""현재가가 52주 최고가와 동일하며, 이는 단기적인 상승 모멘텀이 소진되었을 가능성을 시사합니다."", ""PER이 43.9로 높은 수준이며, 이는 현재 주가가 기업의 이익 대비 고평가되었음을 나타낼 수 있습니다.""]",-2.4122807017543857,-1.5350877192982455,0.09336688138685645,2.692257705679981
000660,SK하이닉스,2024-02-01,132700,Sell,75,"[""최근 1개월 수익률이 마이너스이며 거래량 변화율도 감소하는 등 단기적인 하락 압력이 감지됩니다."", ""2023년 3분기 실적이 전년 동기 대비 매출과 영업이익 모두 큰 폭으로 감소하며 부정적인 실적 흐름을 보이고 있습니다."", ""PER이 40.9로 높은 수준이며, ROE가 3.6%로 낮은 점은 현재 주가가 기업의 수익성에 비해 고평가되었을 가능성을 시사합니다.""]",11.193476649369902,20.756115641215718,9.880821553033334,19.755087082459784
000660,SK하이닉스,2024-03-04,166500,Sell,75,"[""최근 1개월 수익률이 21.62%로 높고 52주 최고가에 도달했으나, 2023년 3분기 실적이 전년 동기 대비 매출 감소 및 영업이익 적자 전환을 기록하며 부정적인 실적 흐름을 보이고 있습니다."", ""영업이익률이 -19.8%로 매우 낮은 수준이며, 순이익 역시 큰 폭의 적자를 기록하여 단기적인 실적 개선 가능성이 낮습니다."", ""PER이 51.4로 높은 수준이며, ROE가 3.6%로 낮은 점은 현재 주가가 기업의 수익성에 비해 고평가되었을 가능성을 시사합니다.""]",-0.060313630880579006,12.364294330518698,-1.283609471448249,8.447935909744192
000660,SK하이닉스,2024-04-01,185500,Sell,75,"[""2023년 연간 실적에서 매출 감소와 대규모 영업이익 및 순이익 적자를 기록하며 부정적인 재무 성과를 보였습니다."", ""현재가가 52주 최고가와 동일하며, 최근 1개월 수익률이 높았음에도 불구하고 거래량 변화율이 마이너스를 기록하며 상승 동력이 약화될 가능성을 시사합니다."", ""PER이 해당없음(적자)으로 나타나 현재 기업 가치 대비 수익 창출 능력이 부재함을 보여줍니다.""]",-1.8250134192163179,-6.816961889425658,-0.08156225764198122,-4.292226676070831
000660,SK하이닉스,2024-05-02,173600,Sell,75,"[""2023년 연간 실적에서 매출 감소와 대규모 영업이익 및 순이익 적자를 기록하며 수익성이 크게 악화된 점은 부정적입니다."", ""최근 1개월 수익률이 -6.42%로 하락세를 보이고 있으며, 거래량 변화율도 마이너스를 기록하여 투자 심리가 위축된 것으로 판단됩니다."", ""PER이 해당없음(적자)으로 산출되는 등 현재 기업 가치 대비 수익성이 매우 낮은 상황입니다.""]",6.1200923787528865,11.605080831408776,4.230402731696703,12.147927620094556
000660,SK하이닉스,2024-06-03,194200,Buy,75,"[""2024년 1분기 매출 및 영업이익이 전년 동기 대비 큰 폭으로 증가하며 실적 개선세를 명확히 보여주고 있습니다."", ""영업이익률 23.2%와 영업현금흐름 +5.4조원은 견조한 수익성과 현금 창출 능력을 시사합니다."", ""최근 1개월 수익률 11.48%는 단기적인 주가 상승 모멘텀을 나타내며, 52주 최고가 대비 현재 위치가 높아 추가 상승 여력이 존재할 수 있습니다.""]",11.226073460941542,22.090015519917227,8.744198249642185,17.134904892968564
000660,SK하이닉스,2024-07-01,235500,Buy,85,"[""2024년 1분기 매출 및 영업이익이 전년 동기 대비 큰 폭으로 증가하며 실적 개선세를 명확히 보여주고 있습니다."", ""영업이익률 23.2%와 영업현금흐름 +5.4조원은 견조한 수익성과 현금 창출 능력을 시사합니다."", ""현재가가 52주 최고가에 근접해 있으나, 최근 1개월 수익률 20.34%의 강한 상승 모멘텀이 지속될 가능성이 있습니다.""]",2.8017241379310347,-18.57758620689655,-0.30954359938763565,-17.043168796455173
000660,SK하이닉스,2024-08-01,193300,Buy,75,"[""2024년 1분기 매출 및 영업이익이 전년 동기 대비 큰 폭으로 증가하며 실적 개선세를 보이고 있습니다."", ""영업이익률 23.2%와 영업현금흐름 +5.4조원은 견조한 수익성과 재무 건전성을 시사합니다."", ""최근 1개월 수익률은 하락했으나, 52주 최고가 대비 현재 위치가 62.7%로 추가 상승 여력이 존재합니다.""]",-0.9815242494226328,0.4618937644341801,2.2977645903084856,0.28216063636778926
000660,SK하이닉스,2024-09-02,174000,Buy,75,"[""2024년 2분기 실적이 전년 동기 대비 매출 124.8%, 영업이익 289.7%로 크게 개선되었으며, 영업이익률 또한 33.3%로 견조한 모습을 보입니다."", ""영업현금흐름이 11.0조원으로 매우 양호하며, 부채비율 76.5%로 재무 안정성 또한 우수합니다."", ""최근 1개월 수익률이 -9.98%로 하락했으나, 52주 최저가 대비 현재 위치가 47.4%로 상승 여력이 존재하며, 2분기 실적 개선세가 향후 주가 상승 동력이 될 수 있습니다.""]",-7.605466428995841,5.763517528223411,-2.3064192817371127,8.40065664322249
000660,SK하이닉스,2024-10-02,169100,Buy,75,"[""2024년 2분기 실적이 전년 동기 대비 매출 및 영업이익이 큰 폭으로 증가하며 턴어라운드를 강하게 시사하고 있습니다."", ""영업이익률 33.3%와 영업현금흐름 +11.0조원은 견조한 수익성과 현금 창출 능력을 보여줍니다."", ""최근 1개월 수익률이 마이너스(-)를 기록했으나, 이는 단기적인 조정일 가능성이 있으며 52주 최저가 대비 현재 위치가 43.1%로 상승 여력이 존재합니다.""]",7.696726019529006,11.430212521539346,5.61166583764078,10.680711605093531
000660,SK하이닉스,2024-11-01,182200,Buy,75,"[""2024년 2분기 실적이 전년 동기 대비 매출, 영업이익, 순이익 모두 큰 폭으로 증가하며 견조한 성장세를 보여주고 있습니다."", ""영업이익률 33.3%와 영업현금흐름 +11.0조원은 기업의 수익성과 현금 창출 능력이 우수함을 시사합니다."", ""최근 1개월 수익률이 4.35%로 긍정적인 흐름을 보이고 있으며, 52주 최저가 대비 현재 위치가 52.9%로 상승 여력이 존재합니다.""]",-0.7216494845360825,-18.144329896907216,1.49197214877755,-12.94959994638636
000660,SK하이닉스,2024-12-02,158800,Sell,75,"[""최근 1개월 수익률이 -12.84%로 하락세를 보이고 있으며, 거래량 변화율 또한 -8.26%로 감소하는 추세입니다."", ""현재 주가는 52주 최고가 대비 약 35.7% 하락한 수준으로, 단기적인 반등 모멘텀이 약화될 가능성이 있습니다."", ""PER이 '해당없음(적자)'으로 표시되어 있어 현재 기업의 수익성 대비 주가 수준을 평가하기 어렵고, 이는 향후 주가 상승에 대한 불확실성을 높입니다.""]",3.3353547604608855,10.309278350515463,6.625623149725306,12.636385266238827
000660,SK하이닉스,2025-01-02,171200,Buy,75,"[""2024년 3분기 매출 및 영업이익이 전년 동기 대비 크게 증가하며 견조한 실적 개선세를 보이고 있습니다."", ""영업이익률 40.0%와 영업현금흐름 +18.8조원은 높은 수익성과 현금 창출 능력을 시사합니다."", ""최근 1개월 수익률 7.07%는 단기적인 주가 상승 모멘텀을 보여주고 있습니다.""]",11.874656404617923,11.874656404617923,8.849987291788668,7.991236800372087
000660,SK하이닉스,2025-02-03,190900,Buy,75,"[""2024년 3분기 매출 및 영업이익이 전년 동기 대비 크게 증가하며 견조한 실적 개선세를 보이고 있습니다."", ""영업이익률 40.0%와 영업현금흐름 +18.8조원은 높은 수익성과 현금 창출 능력을 시사합니다."", ""최근 1개월 수익률 12.23%와 거래량 변화율 38.34%는 시장의 긍정적인 관심과 매수세 유입 가능성을 나타냅니다.""]",4.500261643118786,1.0465724751439036,2.18893347562002,-2.0335866099956608
000660,SK하이닉스,2025-03-04,186100,Buy,75,"[""2024년 3분기 매출 및 영업이익이 전년 동기 대비 크게 증가하며 견조한 실적 개선세를 보이고 있습니다."", ""영업이익률 40.0%와 영업현금흐름 +18.8조원은 높은 수익성과 재무 건전성을 시사합니다."", ""최근 1개월 수익률 하락과 거래량 변화율 감소는 단기적인 조정으로 해석될 수 있으며, 52주 최고가 대비 현재 위치는 상승 여력을 시사합니다.""]",3.003625064733299,2.4857586742620406,2.3511953602225804,4.52904810834084
000660,SK하이닉스,2025-04-01,197000,Buy,75,"[""2024년 연간 실적이 전년 대비 매출 및 영업이익이 크게 증가하며 견조한 성장세를 보여주고 있습니다."", ""높은 ROE(27.7%)와 양호한 영업현금흐름(+29.8조원)은 기업의 수익성과 현금 창출 능력이 우수함을 시사합니다."", ""현재가가 52주 최고가 대비 약 50% 지점에 위치하며, 최근 1개월 수익률이 긍정적인 점은 추가 상승 가능성을 시사합니다.""]",-16.624557857503792,-10.308236483072259,-8.158003461009164,-12.333489290491666
000660,SK하이닉스,2025-05-02,186000,Sell,75,"[""최근 1개월 수익률이 -6.01%로 하락세를 보이고 있으며, 52주 최고가 대비 현재 위치가 37.6%로 상승 여력이 제한적일 수 있습니다."", ""2024년 연간 실적이 전년 대비 크게 개선되었으나, 이는 이미 주가에 상당 부분 반영되었을 가능성이 높습니다."", ""거래량 변화율이 27.74%로 증가했지만, 이는 단기적인 변동성 확대일 수 있으며 명확한 상승 추세를 지지하는 근거로 보기 어렵습니다.""]",7.966457023060797,17.662473794549268,5.372238358051861,8.405732789032134
000660,SK하이닉스,2025-06-02,207500,Buy,75,"[""2025년 1분기 매출 및 영업이익의 전년 동기 대비 큰 폭의 성장은 향후 주가 상승의 긍정적인 신호로 작용할 수 있습니다."", ""높은 ROE(27.7%)와 견조한 영업현금흐름(+9.0조원)은 기업의 수익성과 재무 건전성을 시사하며, 이는 주가 상승의 기반이 될 수 있습니다."", ""최근 1개월 수익률(14.77%)이 양호한 흐름을 보이고 있으며, 52주 최고가 대비 현재 위치(62.0%)는 추가 상승 여력이 있음을 나타냅니다.""]",8.275862068965518,28.045977011494255,2.891574271763224,15.579360389819968
000660,SK하이닉스,2025-07-01,285500,Buy,85,"[""2025년 1분기 매출 및 영업이익이 전년 동기 대비 큰 폭으로 증가하며 견조한 실적 개선세를 보이고 있습니다."", ""높은 ROE(27.7%)와 양호한 영업현금흐름(+9.0조원)은 기업의 수익성과 현금 창출 능력이 우수함을 시사합니다."", ""최근 1개월 수익률(34.67%)과 거래량 변화율(50.28%)은 시장의 긍정적인 관심과 매수세 유입을 나타냅니다.""]",0.7168458781362007,-5.555555555555555,-1.1914095705379664,-11.389913259145075
000660,SK하이닉스,2025-08-01,258000,Buy,75,"[""2025년 1분기 매출 및 영업이익이 전년 동기 대비 큰 폭으로 증가하며 견조한 성장세를 시현했습니다."", ""높은 ROE(27.7%)와 양호한 영업현금흐름(+9.0조원)은 기업의 수익성과 현금 창출 능력이 우수함을 시사합니다."", ""최근 1개월 수익률이 마이너스(-)를 기록했으나, 52주 최고가 대비 현재 위치(71.5%)는 여전히 상승 여력이 있음을 나타냅니다.""]",3.488372093023256,0.9689922480620154,1.6133820207494098,0.18748164525048627
000660,SK하이닉스,2025-09-01,256000,Sell,75,"[""최근 1개월 수익률이 -6.40%로 하락세를 보이고 있으며, 거래량 변화율 또한 -23.39%로 감소하여 투자 심리가 위축된 것으로 판단됩니다."", ""현재가(256,000원)는 52주 최고가(300,000원) 대비 약 70.1% 수준으로, 단기적으로 상승 여력이 제한적일 수 있습니다."", ""2025년 2분기 실적은 전년 동기 대비 큰 폭의 성장을 기록했으나, 이는 이미 주가에 상당 부분 반영되었을 가능성이 있으며, 향후 20거래일 내 추가적인 상승 동력이 약할 수 있습니다.""]",10.556621880998081,33.397312859884835,7.792109768526245,25.445794269565354
000660,SK하이닉스,2025-10-01,360000,Buy,85,"[""2025년 2분기 실적이 전년 동기 대비 매출 35.4%, 영업이익 68.5% 증가하며 매우 견조한 성장세를 보이고 있습니다."", ""현재 주가가 52주 최고가에 근접해 있으나, 최근 1개월 수익률이 38.20%로 강한 상승 모멘텀을 보여주고 있습니다."", ""부채비율 48.1%와 영업현금흐름 18.2조원으로 재무 안정성이 우수하며, 이는 향후 실적 개선을 뒷받침할 수 있는 기반이 됩니다.""]",14.412136536030342,49.93678887484197,8.800746959194939,36.49041630179051
000660,SK하이닉스,2025-11-03,620000,Sell,75,"[""현재가가 52주 최고가와 동일하며, 최근 1개월 수익률이 84.25%로 매우 높아 단기 차익 실현 매물이 출회될 가능성이 있습니다."", ""PER 21.6은 과거 평균 대비 높은 수준일 수 있으며, PBR 5.98 또한 높은 밸류에이션을 시사합니다."", ""2025년 2분기 실적은 전년 동기 대비 큰 폭의 성장을 보였으나, 이는 이미 주가에 상당 부분 반영되었을 가능성이 높습니다.""]",5.631399317406143,-4.778156996587031,6.003814850651798,-1.7015437216109297
000660,SK하이닉스,2025-12-01,538000,Buy,75,"[""2025년 3분기 예상 실적이 전년 동기 대비 매출 39.1%, 영업이익 61.9% 증가하는 등 강력한 성장세를 시사하고 있습니다."", ""높은 ROE(27.7%)와 견조한 영업현금흐름(+32.5조원)은 기업의 수익성과 재무 건전성을 뒷받침합니다."", ""현재 주가가 52주 최고가 대비 약 17.8% 하락한 위치에 있어 추가적인 상승 여력이 존재할 수 있습니다.""]",1.4336917562724014,21.32616487455197,-2.2865236167128655,13.448680162679665
207940,삼성바이오로직스,2023-01-02,1217132,Sell,75,"[""최근 1개월 수익률이 -6.45%로 하락세를 보이고 있으며, 거래량 변화율 또한 -7.93%로 감소하는 추세입니다."", ""PER 204.6, PBR 11.29로 밸류에이션 부담이 높은 수준이며, ROE 5.5%는 이를 상쇄하기에 부족합니다."", ""2022년 3분기 매출 및 영업이익은 크게 성장했으나, 이는 과거 실적 대비 성장률이며 향후 20거래일 내 추가적인 주가 상승을 견인할 강력한 모멘텀으로 작용하기에는 불확실성이 존재합니다.""]",-0.49813421785227746,1.1208231441602288,-6.476012956561786,-10.156152354785105
207940,삼성바이오로직스,2023-02-01,1183282,Buy,75,"[""전년 동기 대비 93.7% 증가한 매출과 94.0% 증가한 영업이익은 강력한 성장세를 시사합니다."", ""높은 영업이익률(37.2%)과 긍정적인 영업현금흐름(+6,439억원)은 견고한 수익 창출 능력을 보여줍니다."", ""최근 1개월 수익률은 소폭 하락했으나, 52주 최고가 대비 현재 위치가 48.6%로 상승 여력이 남아있으며 거래량 변화율이 49.75%로 증가한 점은 긍정적인 신호입니다.""]",0.24634828828105126,-2.955677390850303,-0.26562475212592973,-1.464717927449897
207940,삼성바이오로직스,2023-03-02,1136186,Buy,75,"[""2022년 3분기 매출 및 영업이익이 전년 동기 대비 각각 93.7%, 94.0% 크게 증가하며 견조한 성장세를 시현했습니다."", ""영업이익률 37.2%는 높은 수익성을 보여주며, 영업현금흐름 또한 긍정적인 흐름을 나타내고 있습니다."", ""현재가는 52주 최저가 대비 높은 수준에 위치하며, 최근 1개월 수익률 하락 및 거래량 감소는 단기적인 조정으로 해석될 여지가 있습니다.""]",-1.5228492050763365,0.0,0.01822485940371621,-1.8416410711862718
207940,삼성바이오로직스,2023-04-03,1145017,Buy,75,"[""2022년 연간 실적에서 매출과 영업이익이 전년 대비 큰 폭으로 증가하며 견조한 성장세를 보이고 있습니다."", ""영업이익률 32.8%와 영업현금흐름 +9,530억원은 수익성과 현금 창출 능력이 우수함을 시사합니다."", ""최근 1개월 수익률은 소폭 하락했으나, 52주 최저가 대비 현재 위치가 15.4% 상승한 점은 추가 상승 여력을 시사할 수 있습니다.""]",3.045698410152673,-1.6497748621666692,0.33053096474830435,-2.4919403845793937
207940,삼성바이오로직스,2023-05-02,1128828,Sell,75,"[""최근 1개월 수익률이 -2.66%로 하락세를 보이고 있으며, 52주 최고가 대비 현재 위치가 8.3%로 상승 여력이 제한적입니다."", ""PER 98.7배는 높은 수준으로, 현재 주가가 기업의 이익 대비 고평가되었을 가능성을 시사합니다."", ""2022년 매출 및 영업이익이 크게 증가했으나, 이는 과거 실적이며 향후 20거래일 동안 이러한 성장세를 유지할 근거가 부족합니다.""]",1.032262815831303,1.290372356327936,1.4480299862158912,-2.705789792868515
207940,삼성바이오로직스,2023-06-01,1159734,Neutral,55,"[""매출 성장률은 높으나 영업이익 증가율이 이를 따라가지 못하며, PER이 높아 밸류에이션 부담이 존재합니다."", ""최근 1개월 수익률은 소폭 상승했으나 거래량 변화율이 크게 감소하여 투자 심리가 위축되었음을 시사합니다."", ""52주 최고가 대비 현재 위치가 낮지만, 52주 최저가 대비 상승폭이 크지 않아 추세 전환을 확신하기 어렵습니다.""]",1.2738473097040732,-5.350297190646047,0.19787166619453278,-5.392967178652308
207940,삼성바이오로직스,2023-07-03,1093506,Sell,75,"[""최근 1개월 수익률이 -5.71%로 하락세를 보이고 있으며, 52주 최고가 대비 현재 위치가 0.6%에 불과하여 추가 하락 가능성이 있습니다."", ""PER 95.6, PBR 5.63으로 밸류에이션 부담이 높은 수준이며, ROE 5.9% 대비 높은 밸류에이션은 향후 주가 상승 동력을 제한할 수 있습니다."", ""매출은 크게 증가했으나 영업이익 증가율이 둔화된 점은 향후 수익성 개선에 대한 의구심을 남깁니다.""]",-3.0830997858680176,7.5067331802561394,-1.894657216333324,4.6624916510907015
207940,삼성바이오로직스,2023-08-01,1180339,Buy,75,"[""최근 1개월 수익률 7.94%와 거래량 변화율 45.50%는 긍정적인 모멘텀을 시사합니다."", ""2023년 1분기 매출이 전년 동기 대비 41.0% 증가하며 견조한 성장세를 보이고 있습니다."", ""영업현금흐름이 3,167억원으로 양호하며, 부채비율 79.5%는 재무 안정성을 뒷받침합니다.""]",1.1407106060423386,-6.590647998718574,1.5745011711930919,-4.289838128932189
207940,삼성바이오로직스,2023-09-01,1078788,Sell,75,"[""최근 1개월 수익률이 -7.10%로 하락세를 보이고 있으며, 거래량 변화율 또한 -56.30%로 감소하여 투자 심리가 위축된 것으로 판단됩니다."", ""PER 94.3, PBR 5.56은 현재 주가가 기업의 이익 및 자산 가치 대비 고평가되었음을 시사하며, 이는 향후 주가 상승 여력을 제한할 수 있습니다."", ""52주 최고가 대비 현재 위치가 12.6%로, 상승 여력 대비 하락 위험이 상대적으로 높아 보입니다.""]",-0.27169422536680565,-0.6792817228164988,0.7988983342664021,6.1234498939059545
207940,삼성바이오로직스,2023-10-04,1016975,Sell,65,"[""최근 1개월 수익률이 -8.48%로 하락세를 보이고 있으며, 52주 최고가 대비 현재 위치가 4.8%로 하락 가능성이 열려있습니다."", ""PER 88.9, PBR 5.24로 밸류에이션 부담이 높은 편이며, ROE 5.9%는 이를 상쇄하기에 낮은 수준입니다."", ""거래량 변화율이 12.36%로 증가했으나, 이는 하락장에서의 투매 물량일 가능성도 배제할 수 없습니다.""]",-0.27667326710341694,-2.4896834891656665,-2.4629771446204822,-1.0227172718250206
207940,삼성바이오로직스,2023-11-01,1034636,Buy,75,"[""2023년 2분기 매출 및 영업이익이 전년 동기 대비 각각 33.0%, 49.4% 증가하며 견조한 성장세를 보이고 있습니다."", ""영업이익률 29.3%는 높은 수익성을 나타내며, 부채비율 68.6%와 영업현금흐름 +5,420억원은 재무 안정성을 뒷받침합니다."", ""최근 1개월 수익률 3.38%와 거래량 변화율 40.04%는 시장의 관심이 증가하고 있음을 시사하며, 52주 최저가 대비 현재 위치가 10.1%로 상승 여력이 존재합니다.""]",1.5449258599727833,1.8257780933349363,-2.0383306527111613,-6.375679791877946
207940,삼성바이오로직스,2023-12-01,1046410,Sell,75,"[""최근 1개월 수익률이 -0.14%로 부진하며, 거래량 변화율 또한 -22.48%로 감소하여 매도 압력이 존재함을 시사합니다."", ""PER 91.5배는 동종 업계 평균 대비 높은 수준으로, 현재 주가가 고평가되었을 가능성을 내포합니다."", ""영업이익이 전년 동기 대비 1.9% 감소하였음에도 불구하고 현재가 수준이 52주 최고가 대비 13.9% 하락한 상태로, 추가 하락 가능성을 배제할 수 없습니다.""]",-1.2640736266106298,8.146050795795711,-1.6779983567245609,5.280387462528641
207940,삼성바이오로직스,2024-01-02,1161206,Buy,75,"[""최근 1개월 수익률 8.23%와 거래량 변화율 49.84%는 긍정적인 모멘텀을 시사합니다."", ""52주 최고가 대비 현재 위치가 72.7%로, 상승 여력이 남아있을 가능성이 있습니다."", ""매출이 전년 동기 대비 18.4% 증가하며 견조한 성장세를 보이고 있습니다.""]",-5.209615786411019,6.734486670546043,-2.703968203269777,10.961832095524269
207940,삼성바이오로직스,2024-02-01,1220076,Buy,75,"[""최근 1개월 수익률 5.34%와 거래량 변화율 16.92%는 긍정적인 모멘텀을 시사합니다."", ""52주 최고가 대비 현재 위치가 93.1%로, 상승 여력이 남아있을 가능성을 보여줍니다."", ""매출이 전년 동기 대비 18.4% 증가하며 견조한 성장세를 유지하고 있습니다.""]",-2.4447330703006105,-8.614664443439,-3.7573881666371793,-9.615693002194934
207940,삼성바이오로직스,2024-03-04,1139130,Sell,75,"[""최근 1개월 수익률이 -5.95%로 하락세를 보이고 있으며, 거래량 변화율 또한 -5.46%로 감소하는 추세는 투자 심리 위축을 시사합니다."", ""PER 99.6배는 현재 시장에서 높은 밸류에이션을 받고 있음을 나타내며, 이는 향후 주가 상승 여력을 제한할 수 있습니다."", ""2023년 3분기 영업이익이 전년 동기 대비 -1.9% 감소한 점은 성장 둔화 가능성을 보여주며, 이는 주가에 부정적인 영향을 미칠 수 있습니다.""]",7.692341196557371,4.615404717934423,6.469045355989701,0.6990462971599172
207940,삼성바이오로직스,2024-04-01,1200943,Buy,75,"[""2023년 연간 실적에서 매출액과 영업이익이 전년 대비 크게 증가하며 견조한 성장세를 보이고 있습니다."", ""영업이익률 30.1%와 영업현금흐름 +1.7조원은 높은 수익성과 안정적인 현금 창출 능력을 시사합니다."", ""최근 1개월 수익률 5.43%는 단기적인 상승 모멘텀을 보여주며, 52주 최고가 대비 현재 위치 76.0%는 추가 상승 여력이 있음을 나타냅니다.""]",-1.3480240111312527,-5.024551539914883,0.39542715044308396,-2.499816326560056
207940,삼성바이오로직스,2024-05-02,1140601,Sell,75,"[""최근 1개월 수익률이 -5.02%로 하락세를 보이고 있으며, 거래량 변화율 또한 -28.83%로 감소하여 투자 심리가 위축된 것으로 판단됩니다."", ""PER 94.7배는 동종 업계 평균 대비 높은 수준으로, 현재 주가에 대한 밸류에이션 부담이 존재합니다."", ""52주 최고가 대비 현재 위치가 53.1%로, 상승 여력보다는 하락 가능성에 무게가 실립니다.""]",1.297066926115303,-2.3345970879005637,-0.5926227209408805,-1.7917502992147836
207940,삼성바이오로직스,2024-06-03,1106751,Buy,75,"[""2024년 1분기 매출액이 전년 동기 대비 31.4% 증가하며 견조한 성장세를 보이고 있습니다."", ""영업이익률 23.4%와 영업현금흐름 +2,898억원은 양호한 수익성과 현금 창출 능력을 시사합니다."", ""최근 1개월 수익률은 하락했으나, 거래량 변화율이 16.66%로 증가하며 향후 주가 반등 가능성을 시사합니다.""]",-1.4608070758322107,7.569776119066289,-3.9426822871315674,2.614665492117628
207940,삼성바이오로직스,2024-07-01,1117054,Buy,75,"[""2024년 1분기 매출액이 전년 동기 대비 31.4% 증가하며 견조한 성장세를 보이고 있습니다."", ""영업이익률 23.4%와 영업현금흐름 +2,898억원은 양호한 수익성과 현금 창출 능력을 시사합니다."", ""최근 1개월 수익률 3.69%와 거래량 변화율 1.45%는 시장의 긍정적인 관심을 반영할 가능성이 있습니다.""]",-1.7284435284238995,15.678966675139016,-4.83971126574257,17.213384085580394
207940,삼성바이오로직스,2024-08-01,1361363,Buy,75,"[""최근 1개월 수익률 14.20%와 거래량 변화율 48.99%는 긍정적인 모멘텀을 시사합니다."", ""2024년 1분기 매출액이 전년 동기 대비 31.4% 증가하며 견조한 성장세를 보이고 있습니다."", ""현재 주가가 52주 최고가 대비 94.2% 수준에 위치하며 상승 여력이 남아있을 가능성이 있습니다.""]",5.378669842977001,5.92753805866677,8.657958682708118,5.747804930600379
207940,삼성바이오로직스,2024-09-02,1420233,Buy,75,"[""2024년 2분기 실적이 전년 동기 대비 매출 및 영업이익이 큰 폭으로 증가하며 견조한 성장세를 보여주고 있습니다."", ""영업이익률이 37.6%로 높게 유지되고 있으며, 영업현금흐름 또한 양호하여 재무 건전성을 뒷받침합니다."", ""현재가가 52주 최고가에 근접해 있으나, 최근 1개월 수익률이 4.32%로 상승세를 이어가고 있으며 거래량 변화율도 긍정적인 신호를 보입니다.""]",3.6420366727802107,4.474506238218937,8.941083820038939,7.111645353218017
207940,삼성바이오로직스,2024-10-02,1437894,Buy,75,"[""2024년 2분기 매출 및 영업이익이 전년 동기 대비 큰 폭으로 증가하며 견조한 성장세를 시현했습니다."", ""영업이익률 37.6%와 영업현금흐름 +5,293억원은 수익성과 현금 창출 능력이 우수함을 나타냅니다."", ""현재 주가는 52주 최고가 대비 약 9.7% 하락한 수준으로, 기술적 반등 가능성을 시사합니다.""]",3.703736451486528,1.8018434684194489,1.6186762695983021,1.0523425519736334
207940,삼성바이오로직스,2024-11-01,1468800,Buy,75,"[""2024년 2분기 실적이 전년 동기 대비 매출 및 영업이익이 큰 폭으로 증가하며 견조한 성장세를 보여주고 있습니다."", ""영업이익률 37.6%와 영업현금흐름 +5,293억원은 수익성과 현금 창출 능력이 우수함을 시사합니다."", ""현재 주가가 52주 최고가 대비 약 8.3% 하락한 수준으로, 단기적인 조정 후 상승 여력이 존재할 수 있습니다.""]",-0.9833213519298967,-4.523157959437827,1.2303002813837358,0.6715719910830282
207940,삼성바이오로직스,2024-12-02,1429063,Buy,75,"[""최근 1개월 수익률은 하락했으나, 52주 최고가 대비 현재 위치가 69.5%로 상승 여력이 존재합니다."", ""2024년 3분기 매출액이 전년 동기 대비 14.8% 증가하며 견조한 성장세를 보이고 있습니다."", ""영업 현금 흐름이 1.3조원으로 양호하며, 부채 비율이 51.3%로 재무 안정성이 우수합니다.""]",-0.8273045638768501,-2.792135336739799,2.46296382538757,-0.4650284210164348
207940,삼성바이오로직스,2025-01-02,1374609,Sell,75,"[""최근 1개월 수익률이 -4.21%로 하락세를 보이고 있으며, 거래량 변화율 또한 -31.19%로 감소하여 투자 심리가 위축된 것으로 판단됩니다."", ""PER 114.1, PBR 6.47로 밸류에이션 부담이 높은 수준이며, ROE 5.7% 대비 높은 밸류에이션은 향후 주가 상승 여력을 제한할 수 있습니다."", ""2024년 3분기 매출 및 영업이익은 전년 동기 대비 성장했으나, 성장률 둔화 가능성과 높은 밸류에이션을 고려할 때 단기적인 주가 상승 동력이 약하다고 판단됩니다.""]",6.3830064064985885,15.851078363411759,3.3583372936693343,11.967658759165921
207940,삼성바이오로직스,2025-02-03,1611560,Buy,75,"[""최근 1개월 수익률 16.86%와 거래량 변화율 9.52%는 긍정적인 모멘텀을 시사합니다."", ""2024년 3분기 매출액이 전년 동기 대비 14.8% 증가하며 견조한 성장세를 보이고 있습니다."", ""부채비율 51.3%와 영업현금흐름 1.3조원은 재무 안정성을 뒷받침합니다.""]",9.514929866705542,6.623080287251776,7.203601699206775,3.5429212021122116
207940,삼성바이오로직스,2025-03-04,1648353,Buy,75,"[""최근 1개월 수익률 3.61%와 52주 최고가 대비 85.8% 위치는 긍정적인 주가 흐름을 시사합니다."", ""전년 동기 대비 14.8%의 매출 성장과 6.3%의 영업이익 성장은 견조한 실적 개선세를 보여줍니다."", ""부채비율 51.3%와 영업현금흐름 1.3조원은 재무 안정성을 뒷받침하며 추가적인 성장 동력을 확보할 수 있는 기반을 제공합니다.""]",-5.599264773633147,-8.136473422054294,-6.2516944781438655,-6.093183987975495
207940,삼성바이오로직스,2025-04-01,1557105,Sell,75,"[""최근 1개월 수익률이 -5.20%로 하락세를 보이고 있으며, 거래량 변화율 또한 -32.10%로 감소하여 투자 심리가 위축된 것으로 판단됩니다."", ""PER 102.3배는 동종 업계 평균 대비 높은 수준으로, 현재 주가에 대한 밸류에이션 부담이 존재합니다."", ""52주 최고가 대비 현재 위치가 72.3%로, 상승 여력보다는 하락 가능성이 상대적으로 높아 보입니다.""]",-5.523800402632187,0.1905093471884017,2.942753993862441,-1.834743460231007
207940,삼성바이오로직스,2025-05-02,1596842,Buy,75,"[""2024년 연간 실적에서 매출과 영업이익이 전년 대비 각각 23.1%, 18.5% 증가하며 견조한 성장세를 보이고 있습니다."", ""영업이익률 29.0%와 영업현금흐름 +1.7조원은 수익성과 현금 창출 능력이 우수함을 시사합니다."", ""현재가가 52주 최고가 대비 약 8.7% 하락한 수준이며, 52주 내 현재 위치가 78.2%로 상승 여력이 남아있다고 판단됩니다.""]",-3.4581632220144445,-2.1133292212899413,-6.05238188702338,-11.370070226807075
207940,삼성바이오로직스,2025-06-02,1517368,Buy,75,"[""2025년 1분기 매출 및 영업이익이 전년 동기 대비 큰 폭으로 성장하며 견조한 실적 개선세를 보이고 있습니다."", ""영업이익률 37.5%와 영업현금흐름 +6,830억원은 기업의 수익성과 현금 창출 능력이 우수함을 시사합니다."", ""부채비율 54.6%로 재무 안정성이 양호하며, 52주 최저가 대비 현재 위치가 66.4%로 상승 여력이 존재합니다.""]",-0.48351177533196255,0.9671549754465649,-5.867799572534256,-11.499461646227722
207940,삼성바이오로직스,2025-07-01,1476159,Buy,75,"[""2025년 1분기 실적이 전년 동기 대비 매출 37.1%, 영업이익 119.9%로 크게 성장하며 긍정적인 실적 모멘텀을 보여주고 있습니다."", ""영업이익률 37.5%와 영업현금흐름 +6,830억원은 견조한 수익성과 현금 창출 능력을 시사합니다."", ""부채비율 54.6%로 재무 안정성이 양호한 편이며, 52주 최저가 대비 현재 위치가 60.3%로 상승 여력이 남아있다고 판단됩니다.""]",0.8919251981494825,8.820598118505849,-1.0163302505246845,2.98624041491633
207940,삼성바이오로직스,2025-08-01,1521783,Buy,75,"[""2025년 1분기 매출 및 영업이익이 전년 동기 대비 큰 폭으로 성장하며 견조한 실적 개선세를 보이고 있습니다."", ""영업이익률 37.5%는 높은 수익성을 나타내며, 영업현금흐름 또한 긍정적인 흐름을 보여주고 있습니다."", ""최근 1개월 수익률은 소폭 하락했으나, 거래량 변화율이 30.91%로 증가하며 향후 주가 상승에 대한 잠재력을 시사합니다.""]",-1.5267234962927616,-4.866414935800849,-3.4017135685666076,-5.647925538612379
207940,삼성바이오로직스,2025-09-01,1465857,Sell,75,"[""최근 1개월 수익률이 -6.65%로 하락세를 보이고 있으며, 거래량 변화율 또한 -51.36%로 감소하여 투자 심리가 위축된 것으로 판단됩니다."", ""현재 PER 96.3, PBR 6.22로 밸류에이션 부담이 높은 수준이며, ROE 6.5% 대비 높은 밸류에이션은 향후 주가 상승 여력을 제한할 수 있습니다."", ""2025년 2분기 실적은 전년 동기 대비 성장세를 보였으나, 영업이익률 36.9%는 양호하나 매출 및 영업이익 증가율이 두 자릿수를 유지하지 못하고 있어 폭발적인 성장을 기대하기 어렵습니다.""]",4.413188862211542,0.0,1.6486767497397063,-7.95151859031948
207940,삼성바이오로직스,2025-10-01,1479103,Buy,75,"[""2025년 2분기 실적 발표에서 매출과 영업이익이 전년 동기 대비 각각 11.5%, 9.5% 증가하며 견조한 성장세를 보이고 있습니다."", ""영업이익률 36.9%와 영업현금흐름 +1.2조원은 높은 수익성과 안정적인 현금 창출 능력을 시사합니다."", ""최근 1개월 수익률이 0.80%로 소폭 상승했으며, 거래량 변화율이 48.09%로 증가한 점은 투자 심리 개선 가능성을 나타냅니다.""]",12.289375686031557,21.01091589842356,6.677986109196152,7.564543325372096
207940,삼성바이오로직스,2025-11-03,1797000,Buy,75,"[""최근 1개월 수익률 22.10%와 거래량 변화율 48.84%는 긍정적인 모멘텀을 시사합니다."", ""2025년 2분기 실적이 전년 동기 대비 매출 11.5%, 영업이익 9.5% 증가하며 견조한 성장세를 보이고 있습니다."", ""부채비율 53.2%와 영업현금흐름 1.2조원은 우수한 재무 안정성을 뒷받침합니다.""]",0.0,-7.957707289927657,0.37241553324565485,-4.881094014951556
207940,삼성바이오로직스,2025-12-01,1649000,Buy,75,"[""2025년 3분기 실적이 전년 동기 대비 매출 39.9%, 영업이익 115.3%로 크게 성장하며 견조한 실적 개선세를 보이고 있습니다."", ""영업이익률 43.9%와 영업현금흐름 1.8조원은 높은 수익성과 재무 안정성을 시사합니다."", ""최근 1개월 수익률이 -8.24%로 하락했으나, 52주 최고가 대비 현재 위치가 64.7%로 여전히 상승 여력이 존재하며, 이는 단기적인 조정 후 반등 가능성을 내포합니다.""]",0.36275695284159615,1.7533252720677146,-3.3574584201436712,-6.124159439804591
068270,셀트리온,2023-01-02,147192,Sell,75,"[""최근 1개월 수익률이 -6.95%로 하락세를 보이고 있으며, 거래량 변화율 또한 음수(-1.26%)로 매도 압력이 존재함을 시사합니다."", ""현재가(147,192원)는 52주 최고가(188,310원) 대비 약 21.8% 하락한 수준으로, 추가 하락 가능성을 배제할 수 없습니다."", ""영업현금흐름이 -864억원으로 마이너스를 기록하고 있어 단기적인 현금 창출 능력에 대한 우려가 존재합니다.""]",3.7737912929337125,6.541238241085101,-2.2040874457757957,-4.735737257860232
068270,셀트리온,2023-02-01,156208,Sell,75,"[""최근 1개월 수익률이 5.79%로 긍정적이나, 거래량 변화율이 -14.28%로 감소 추세를 보이며 매도 압력이 존재할 가능성을 시사합니다."", ""PER 36.8, PBR 8.56은 현재 주가가 기업의 이익 및 자산 가치 대비 고평가되었음을 나타내며, 이는 향후 주가 상승 여력을 제한할 수 있습니다."", ""영업현금흐름이 -864억원으로 마이너스를 기록하고 있어, 영업 활동을 통한 현금 창출 능력이 저하되었음을 보여줍니다.""]",-2.2433264887063658,-11.098562628336756,-2.755299529113347,-9.60760316493635
068270,셀트리온,2023-03-02,132197,Sell,75,"[""최근 1개월 수익률이 -11.08%로 하락세를 보이고 있으며, 52주 최고가 대비 현재 위치가 11.4%로 상승 여력이 제한적입니다."", ""영업현금흐름이 -864억원으로 마이너스를 기록하며 재무 안정성에 대한 우려가 존재합니다."", ""PER 31.1, PBR 7.24는 현재 주가가 기업의 이익 및 자산 가치 대비 고평가되었을 가능성을 시사합니다.""]",2.7226007622127266,-0.5312391731146784,4.263674826692779,-2.3728802443009505
068270,셀트리온,2023-04-03,137992,Sell,75,"[""2022년 연간 실적에서 매출은 성장했으나 영업이익이 전년 대비 감소하며 수익성 악화가 관찰되었습니다."", ""현재가(137,992원)는 52주 최고가(188,310원) 대비 약 27% 하락한 수준으로, 기술적 반등 가능성도 있으나 52주 내 현재 위치가 20.6%로 낮은 편은 아닙니다."", ""최근 1개월 수익률이 -0.40%로 약보합세를 보이고 있으며, 거래량 변화율이 2.36%로 크지 않아 뚜렷한 매수세 유입을 기대하기 어렵습니다.""]",7.421105884926712,0.0,4.705938439522344,-0.8421655224127245
068270,셀트리온,2023-05-02,147560,Sell,75,"[""2022년 연간 실적에서 매출은 성장했으나 영업이익이 전년 대비 감소하며 수익성 악화가 관찰되었습니다."", ""현재 PER 37.9배는 동종 업계 평균 대비 높은 수준으로 밸류에이션 부담이 존재합니다."", ""최근 1개월 수익률이 7.08%로 양호하나, 52주 최고가 대비 현재 위치가 35.7%로 상승 여력이 제한적일 수 있습니다.""]",6.03806606869394,9.119995624589805,6.453833239078528,5.123833475393354
068270,셀트리온,2023-06-01,161360,Buy,75,"[""2023년 1분기 매출 및 영업이익이 전년 동기 대비 크게 증가하며 견조한 성장세를 보이고 있습니다."", ""영업이익률 30.5%는 높은 수익성을 나타내며, 부채비율 43.2%와 영업현금흐름 +1,513억원은 재무 안정성을 뒷받침합니다."", ""최근 1개월 수익률이 9.22%로 상승세를 보이고 있으며, 현재가는 52주 최고가 대비 약 14% 하락한 수준으로 추가 상승 여력이 존재합니다.""]",-3.7465854697641783,-12.623111044282384,-4.822561113273719,-12.665781032288645
068270,셀트리온,2023-07-03,139464,Sell,75,"[""최근 1개월 수익률이 -13.57%로 하락세를 보이고 있으며, 52주 최고가 대비 현재 위치가 12.9%로 상대적으로 높은 편입니다."", ""PER 35.8, PBR 7.24는 현재 시장 평균 대비 높은 수준으로, 밸류에이션 부담이 존재합니다."", ""매출 및 영업이익은 전년 동기 대비 성장했으나, 최근 1개월의 주가 하락 추세와 밸류에이션 부담을 고려할 때 단기적인 하락 가능성이 높다고 판단됩니다.""]",-2.2015793939130246,0.7331346400678748,-1.013136824378331,-2.111106889097563
068270,셀트리온,2023-08-01,138912,Sell,75,"[""현재가(138,912원)가 52주 최저가(131,001원)에 근접하며 기술적 반등 가능성이 있으나, 52주 최고가(188,310원) 대비 하락폭이 커 추가 하락 압력이 존재합니다."", ""최근 1개월 수익률이 -0.40%로 약세를 보이고 있으며, 거래량 변화율이 26.78%로 증가했음에도 불구하고 주가 상승으로 이어지지 못하는 점은 매도 압력을 시사합니다."", ""PER 35.7, PBR 7.21은 절대적인 고평가 구간은 아니지만, ROE 20.2% 대비 밸류에이션 부담이 존재하며, 향후 20거래일 내 뚜렷한 주가 상승 동력이 부족하다고 판단됩니다.""]",4.6616673888933775,-2.770412697480041,5.0954579540441305,-0.46960282769365636
068270,셀트리온,2023-09-01,132381,Sell,75,"[""최근 1개월 수익률이 마이너스(-)를 기록하며 하락세를 보이고 있으며, 거래량 변화율 또한 감소하여 투자 심리가 위축된 것으로 판단됩니다."", ""2023년 2분기 매출 및 영업이익이 전년 동기 대비 감소한 점은 향후 실적 둔화 가능성을 시사합니다."", ""현재가가 52주 최고가 대비 크게 하락하지 않았음에도 불구하고, 최근의 부정적인 수급 및 실적 지표는 단기적인 주가 하락 압력으로 작용할 수 있습니다.""]",2.612587036428294,-5.841526462062577,3.683179596061502,0.9612051546598765
068270,셀트리온,2023-10-04,125021,Sell,75,"[""최근 1개월 수익률이 -7.86%로 하락세를 보이고 있으며, 52주 최저가와 현재가가 동일하여 추가 하락 가능성이 있습니다."", ""2분기 매출 및 영업이익이 전년 동기 대비 감소하였으며, 이는 향후 실적에 대한 우려를 야기할 수 있습니다."", ""거래량 변화율이 -47.39%로 크게 감소한 것은 투자 심리 위축을 시사하며, 이는 주가 하락 압력으로 작용할 수 있습니다.""]",9.18020618556701,13.73278350515464,6.993902308049945,15.199749722495286
068270,셀트리온,2023-11-01,137440,Sell,75,"[""최근 1개월 수익률이 9.37%로 양호하나, 2분기 매출 및 영업이익이 전년 동기 대비 감소한 점은 부정적 요인입니다."", ""PER 35.3배는 밸류에이션 부담을 시사하며, 52주 최고가 대비 현재 위치가 33.1%로 상승 여력이 제한적일 수 있습니다."", ""거래량 변화율이 43.02%로 높지만, 이는 단기적인 변동성 확대 가능성을 내포하며 실적 둔화 우려를 상쇄하기 어렵습니다.""]",5.474283060489957,8.745500986880298,1.8910265478060122,0.5440431016674161
068270,셀트리온,2023-12-01,150044,Buy,75,"[""최근 1개월 수익률 8.88%와 거래량 변화율 15.46%는 긍정적인 시장 관심 증가를 시사합니다."", ""2023년 3분기 영업이익률 39.8%와 전년 동기 대비 25.2% 증가한 영업이익은 견조한 수익성을 보여줍니다."", ""부채비율 46.3%와 영업현금흐름 +3,876억원은 우수한 재무 안정성을 뒷받침합니다.""]",9.286421007594395,34.07115734303134,8.872496277480463,31.20549400976427
068270,셀트리온,2024-01-02,212969,Buy,75,"[""최근 1개월 수익률 43.17%와 거래량 변화율 97.45%는 강한 상승 모멘텀을 시사합니다."", ""2023년 3분기 영업이익이 전년 동기 대비 25.2% 증가하며 견조한 실적 개선세를 보였습니다."", ""현재가가 52주 최고가와 동일하며, 이는 추가적인 상승 여력이 존재할 가능성을 나타냅니다.""]",-11.01521817729341,-22.376026557855837,-8.509570594152168,-18.148681132877613
068270,셀트리온,2024-02-01,164395,Sell,75,"[""최근 1개월 수익률이 -22.81%로 큰 폭의 하락세를 보이고 있으며, 거래량 변화율 또한 -30.93%로 감소하여 투자 심리가 위축되었음을 시사합니다."", ""현재가(164,395원)는 52주 최고가(212,969원) 대비 약 23% 하락한 수준으로, 기술적 반등 가능성보다는 하락 추세가 이어질 가능성에 무게가 실립니다."", ""PER 42.2, PBR 8.54는 동종 업계 평균 대비 높은 수준으로, 현재 주가 수준이 재무 지표 대비 고평가되었을 가능성을 내포하고 있습니다.""]",1.9022750500676429,-1.8479243343514247,0.5896199537310738,-2.8489528931073593
068270,셀트리온,2024-03-04,162003,Sell,75,"[""최근 1개월 수익률이 마이너스(-)를 기록하고 있으며, 거래량 변화율 또한 감소하는 추세를 보여 단기적인 매도 압력이 존재함을 시사합니다."", ""PER 41.6배는 KOSPI 시장 평균 PER 대비 높은 수준으로, 현재 주가가 기업의 이익 대비 고평가되었을 가능성을 내포합니다."", ""52주 최고가 대비 현재 위치가 44.4%로, 상승 여력보다는 하락 위험이 상대적으로 더 부각될 수 있는 구간입니다.""]",3.355634151167392,4.550232489117531,2.132338310599722,0.6338740683430251
068270,셀트리온,2024-04-01,173043,Sell,75,"[""2023년 연간 매출이 전년 대비 감소했음에도 불구하고, 현재 PER 46.0은 높은 수준으로 밸류에이션 부담이 존재합니다."", ""최근 1개월 수익률이 4.67%로 소폭 상승했으나, 52주 최고가 대비 현재 위치가 56.5%로 여전히 높은 수준에 머물러 있어 추가 상승 여력이 제한적일 수 있습니다."", ""영업이익률은 29.9%로 높으나, 매출 감소 추세와 높은 PER을 고려할 때 향후 20거래일 내 주가 하락 가능성이 존재합니다.""]",-1.3602465003223194,2.0131648204770323,0.38320466125201724,4.53790003383186
068270,셀트리온,2024-05-02,172491,Sell,75,"[""최근 1개월 수익률이 마이너스(-)를 기록하며 약세를 보이고 있으며, 거래량 변화율 또한 감소하여 매도 압력이 존재함을 시사합니다."", ""PER 45.9배는 동종 업계 평균 대비 높은 수준일 가능성이 있으며, 이는 현재 주가가 기업의 이익 대비 고평가되었음을 나타낼 수 있습니다."", ""2023년 연간 매출이 전년 대비 감소(-4.7%)한 점은 성장성 둔화를 시사하며, 이는 향후 주가 상승 동력 약화로 이어질 수 있습니다.""]",0.9524302500129407,-0.47621512500647034,-0.9372593970432428,0.06663166367930995
068270,셀트리온,2024-06-03,164671,Sell,75,"[""2024년 1분기 영업이익이 전년 동기 대비 91.5% 감소하며 수익성 악화가 두드러졌습니다."", ""매출은 증가했으나 영업이익률이 2.1%로 매우 낮아 매출 성장이 이익으로 이어지지 못하는 구조적 문제가 나타났습니다."", ""최근 1개월 수익률이 -5.29%로 하락세를 보이고 있으며, 거래량 변화율 또한 마이너스를 기록하며 투자 심리가 위축된 것으로 판단됩니다.""]",-0.2658298804343429,-3.349456493472721,-2.7477050917336996,-8.304567120421382
068270,셀트리온,2024-07-01,169363,Sell,75,"[""2024년 1분기 영업이익이 전년 동기 대비 91.5% 감소하며 수익성 악화가 두드러졌습니다."", ""매출은 증가했으나, 영업이익률이 2.1%로 매우 낮아 매출 성장이 이익으로 이어지지 못하는 구조를 보입니다."", ""PER 45.1은 현재 이익 수준 대비 높은 밸류에이션을 시사하며, 이는 향후 주가 상승 여력을 제한할 수 있습니다.""]",1.4634922318256536,13.279247750852821,-1.6477755054930168,14.813665161294198
068270,셀트리온,2024-08-01,183990,Sell,75,"[""2024년 1분기 영업이익이 전년 동기 대비 91.5% 감소하며 수익성 악화가 두드러졌습니다."", ""높은 PER(49.0) 대비 낮은 ROE(4.9%)는 현재 주가가 기업의 수익 창출 능력에 비해 고평가되었음을 시사합니다."", ""최근 1개월 수익률이 10.01%로 양호했으나, 이는 단기적인 반등일 가능성이 있으며 근본적인 실적 개선 없이는 지속적인 상승을 기대하기 어렵습니다.""]",1.2397390259514212,1.8079527461791558,4.519027865682539,1.628219618112765
068270,셀트리온,2024-09-02,181322,Sell,75,"[""2분기 매출은 크게 증가했으나 영업이익은 전년 동기 대비 큰 폭으로 감소하며 수익성 악화가 관찰되었습니다."", ""PER 48.2, PBR 2.35는 현재 주가가 기업의 이익 및 자산 가치 대비 고평가되었을 가능성을 시사합니다."", ""최근 1개월 수익률이 마이너스를 기록하며 단기적인 주가 하방 압력이 존재할 수 있습니다.""]",-0.6097190877940308,-2.944308644768279,4.689328059464698,-0.3071695297691992
068270,셀트리온,2024-10-02,175711,Sell,75,"[""2분기 매출은 크게 증가했으나 영업이익이 전년 동기 대비 60.4% 감소하며 수익성 악화가 두드러졌습니다."", ""PER 46.7배는 현재 시장 평균 대비 높은 수준으로, 향후 이익 성장이 이를 정당화하지 못할 경우 주가 하락 압력이 될 수 있습니다."", ""최근 1개월 수익률이 -5.21%로 하락세를 보이고 있으며, 거래량 변화율 또한 -40.97%로 감소하여 투자 심리가 위축된 것으로 판단됩니다.""]",1.6082357918488226,-2.750528839373854,-0.47682439003940313,-3.5000297558196696
068270,셀트리온,2024-11-01,166604,Sell,75,"[""2024년 2분기 매출은 크게 증가했으나 영업이익은 전년 동기 대비 60.4% 감소하며 수익성 악화가 두드러졌습니다."", ""현재 PER 44.3배는 동종 업계 평균 대비 높은 수준으로 밸류에이션 부담이 존재합니다."", ""최근 1개월 수익률이 -7.32%로 하락세를 보이고 있으며, 거래량 변화율 또한 -16.68%로 감소하며 투자 심리가 위축된 것으로 판단됩니다.""]",-7.0974889645531585,-1.4942082030638228,-4.883867331239526,3.7005217474570324
068270,셀트리온,2024-12-02,169823,Sell,75,"[""2024년 3분기 매출은 전년 동기 대비 크게 증가했으나, 영업이익은 감소하여 수익성 악화가 관찰됩니다."", ""현재 PER 45.2배는 동종 업계 평균 대비 높은 수준으로, 밸류에이션 부담이 존재합니다."", ""최근 1개월 수익률이 1.93%로 소폭 상승했으나, 52주 최고가 대비 현재 위치가 36.5%로 하락 추세가 지속될 가능성이 있습니다.""]",-2.5683527297471778,1.341173323097145,0.7219156595172427,3.6682802388205094
068270,셀트리온,2025-01-02,173667,Sell,75,"[""전년 동기 대비 매출은 크게 증가했으나 영업이익이 감소하며 수익성 악화가 관찰되었습니다."", ""PER 46.2배는 현재 시장 평균 대비 높은 수준으로, 향후 이익 성장이 이를 뒷받침하지 못할 경우 부담으로 작용할 수 있습니다."", ""최근 1개월 수익률이 0.95%로 미미한 수준이며, 52주 최고가 대비 현재 위치가 35.6%로 상승 모멘텀이 강하게 나타나지 않고 있습니다.""]",2.321443943872134,0.05509483772848575,-0.7032251689571201,-3.8283247665173508
068270,셀트리온,2025-02-03,169525,Sell,75,"[""최근 1개월 수익률이 마이너스(-)를 기록하고 있으며, 거래량 변화율 또한 크게 감소하여 투자 심리가 위축되었음을 시사합니다."", ""PER 45.1, PBR 2.20은 현재 주가가 기업의 이익 및 자산 가치 대비 다소 고평가되었을 가능성을 나타냅니다."", ""2024년 3분기 영업이익이 전년 동기 대비 감소한 점은 향후 실적 성장성에 대한 우려를 제기할 수 있습니다.""]",1.2968696049112498,4.11533712172198,-1.0144585625875162,1.035178036582416
068270,셀트리온,2025-03-04,176749,Sell,75,"[""2024년 3분기 매출은 전년 동기 대비 크게 증가했으나, 영업이익은 감소하여 수익성 악화가 관찰됩니다."", ""PER 47.0, PBR 2.29, ROE 4.9%는 현재 주가가 기업의 이익 및 자산 가치 대비 다소 고평가되었음을 시사합니다."", ""최근 1개월 수익률이 2.11%로 소폭 상승했으나, 52주 최고가 대비 현재 위치가 61.5%로 하락 가능성에 대한 우려가 존재합니다.""]",1.1910851297040554,-8.12118827464096,0.5386554251933365,-6.0778988405621615
068270,셀트리온,2025-04-01,168369,Sell,75,"[""2024년 연간 실적에서 매출은 크게 증가했으나 영업이익은 감소하며 수익성 악화가 나타났습니다."", ""현재 PER 82.2배는 동종 업계 평균 대비 높은 수준으로 밸류에이션 부담이 존재합니다."", ""최근 1개월 수익률이 -5.00%이고 거래량 변화율이 -29.54%로 하락 추세가 관찰됩니다.""]",-8.957095749952588,-4.949925668524443,-0.4905413534579601,-6.975178475943852
068270,셀트리온,2025-05-02,156425,Sell,75,"[""2024년 연간 실적에서 매출은 크게 증가했으나 영업이익은 감소하여 수익성 악화가 관찰됩니다."", ""현재 PER 76.4배는 동종 업계 평균 대비 높은 수준으로 밸류에이션 부담이 존재합니다."", ""최근 1개월 수익률이 -4.30%로 하락세를 보이고 있으며, 52주 최고가 대비 현재 위치가 상대적으로 높은 편입니다.""]",-3.7434505806234335,1.7467277190210035,-6.337669245632369,-7.51001328649613
068270,셀트리온,2025-06-02,155077,Buy,75,"[""2025년 1분기 실적에서 전년 동기 대비 매출 14.2% 증가 및 영업이익 867.9% 급증은 긍정적인 실적 개선 추세를 시사합니다."", ""영업이익률 17.8%와 부채비율 21.3%는 견조한 수익성과 재무 안정성을 보여줍니다."", ""최근 1개월 수익률은 소폭 하락했으나, 거래량 변화율 14.64%는 시장의 관심이 유지되고 있음을 나타내며, 52주 최저가 대비 현재 위치는 상승 여력을 시사합니다.""]",6.018952747501536,11.452504932242311,0.6346649502992419,-1.0141116894319762
068270,셀트리온,2025-07-01,160400,Buy,75,"[""2025년 1분기 전년 동기 대비 867.9%의 높은 영업이익 증가율은 긍정적인 실적 개선을 시사합니다."", ""영업이익률 17.8%와 영업현금흐름 +1,134억원은 견조한 수익성과 현금 창출 능력을 보여줍니다."", ""부채비율 21.3%로 재무 안정성이 높아 추가적인 성장 동력 확보에 유리한 환경입니다.""]",4.262877442273535,6.631142687981054,2.354621993599368,0.7967849843915351
068270,셀트리온,2025-08-01,171300,Buy,75,"[""2025년 1분기 전년 동기 대비 867.9%의 높은 영업이익 증가율은 향후 주가 상승의 강력한 근거가 됩니다."", ""매출액이 14.2% 증가하며 견조한 성장세를 보이고 있으며, 영업이익률 또한 17.8%로 개선된 점은 긍정적입니다."", ""부채비율 21.3%와 영업현금흐름 1,134억원은 재무 안정성을 뒷받침하며, 이는 주가 하락 위험을 제한하는 요인입니다.""]",-0.5175388154111558,-1.5526164462334675,-2.3925288876850015,-2.3341270490449966
068270,셀트리온,2025-09-01,169800,Sell,75,"[""최근 1개월 수익률이 -5.09%로 하락세를 보이고 있으며, 거래량 변화율 또한 -21.42%로 감소하여 투자 심리가 위축된 것으로 판단됩니다."", ""PER 82.9, PBR 2.14, ROE 2.6%는 현재 주가가 기업의 이익 및 자산 가치 대비 고평가되었을 가능성을 시사합니다."", ""2025년 2분기 영업이익률은 25.2%로 높으나, 순이익이 633억원으로 상대적으로 낮아 수익성의 질에 대한 의문이 제기될 수 있습니다.""]",-0.9929906542056074,1.2850467289719625,-3.757502766677443,-6.666471861347517
068270,셀트리온,2025-10-01,175100,Buy,75,"[""2025년 2분기 실적에서 전년 동기 대비 영업이익이 234.5% 크게 증가하며 수익성 개선이 두드러졌습니다."", ""영업이익률이 25.2%로 매우 높은 수준을 유지하고 있으며, 부채비율 23.4%와 영업현금흐름 +3,016억원을 고려할 때 재무 안정성이 우수합니다."", ""현재가가 52주 최고가 대비 약 67.4% 수준에 위치하며, 최근 1개월 수익률이 2.28%로 상승세를 보이고 거래량 변화율이 49.43%로 증가한 점은 긍정적인 신호입니다.""]",0.34207525655644244,-0.3990877993158495,-5.269314320278962,-13.845460372367311
068270,셀트리온,2025-11-03,174600,Buy,75,"[""2025년 2분기 실적에서 전년 동기 대비 매출 9.9% 증가와 영업이익 234.5% 급증은 긍정적인 실적 개선을 시사합니다."", ""영업이익률 25.2%와 부채비율 23.4%는 견조한 수익성과 재무 안정성을 보여줍니다."", ""최근 1개월 수익률은 소폭 하락했으나, 52주 최고가 대비 현재 위치가 74.7%로 상승 여력이 남아있으며 거래량 변화율이 15.85%로 증가하는 추세는 매수세 유입 가능성을 시사합니다.""]",-1.9852524106636416,4.480998298355077,-1.6128368774179866,7.557611573331178
068270,셀트리온,2025-12-01,185800,Buy,75,"[""2025년 3분기 실적에서 전년 동기 대비 매출 및 영업이익이 크게 증가하며 긍정적인 실적 개선세를 보이고 있습니다."", ""영업이익률이 29.3%로 높게 유지되고 있으며, 영업현금흐름이 양호하여 재무 건전성을 뒷받침합니다."", ""최근 1개월 수익률이 5.81%로 상승세를 보이고 있으며, 거래량 변화율이 81.74%로 높아 시장의 관심이 증가하고 있음을 시사합니다.""]",1.6829533116178068,9.93485342019544,-2.0372620613674606,2.0573687083231347
373220,LG에너지솔루션,2023-01-02,446000,Sell,75,"[""최근 1개월 수익률이 -23.76%로 큰 폭 하락했으며, 이는 단기적인 하락 추세가 지속될 가능성을 시사합니다."", ""PER 112.5, PBR 11.94로 밸류에이션 부담이 높은 수준이며, 이는 향후 주가 상승 여력을 제한할 수 있습니다."", ""영업현금흐름이 -1.4조원으로 마이너스를 기록하고 있어 재무적 안정성에 대한 우려가 존재합니다.""]",7.491486946651532,20.998864926220204,1.513608207942024,9.72188942727487
373220,LG에너지솔루션,2023-02-01,522000,Buy,75,"[""최근 1개월 수익률 19.86%와 거래량 변화율 20.10%는 긍정적인 모멘텀을 시사합니다."", ""2022년 3분기 매출액이 전년 동기 대비 89.9% 증가하고 영업이익이 240.0% 증가하는 등 견조한 실적 성장을 보여주고 있습니다."", ""현재 주가가 52주 최고가 대비 약 16.7% 하락한 수준으로, 밸류에이션 부담이 일부 완화될 가능성이 있습니다.""]",3.189493433395872,0.9380863039399625,2.677520392988891,2.4290457673403685
373220,LG에너지솔루션,2023-03-02,535000,Sell,75,"[""높은 PER(135.0)과 PBR(14.32)은 현재 주가가 기업의 이익 및 자산 가치 대비 고평가되었음을 시사합니다."", ""최근 1개월 수익률은 2.69%로 소폭 상승했으나, 거래량 변화율이 -22.56%로 크게 감소한 점은 투자 심리 위축을 나타낼 수 있습니다."", ""2022년 3분기 매출 및 영업이익은 전년 동기 대비 큰 폭으로 성장했으나, 영업이익률이 6.8%로 상대적으로 낮고 영업현금흐름이 -1.4조원으로 마이너스를 기록한 점은 재무 건전성에 대한 우려를 제기합니다.""]",2.41635687732342,8.550185873605948,3.957430941803473,6.708544802419675
373220,LG에너지솔루션,2023-04-03,586000,Sell,75,"[""현재 PER 177.2배는 동종 업계 평균 대비 높은 수준으로 밸류에이션 부담이 존재합니다."", ""최근 1개월 수익률 8.92%와 거래량 변화율 19.57%는 긍정적이나, 52주 최고가 대비 현재 위치 85.8%는 추가 상승 여력이 제한적일 수 있음을 시사합니다."", ""영업현금흐름이 마이너스(-) 5,798억원을 기록하며 재무 안정성에 대한 우려가 존재합니다.""]",6.086956521739131,-1.391304347826087,3.371789076334762,-2.233469870238811
373220,LG에너지솔루션,2023-05-02,591000,Sell,75,"[""PER 178.8, PBR 6.72로 밸류에이션 부담이 높은 수준이며, ROE 3.8% 대비 낮은 수익성을 보이고 있습니다."", ""영업현금흐름이 마이너스(-) 5,798억원을 기록하며 현금 창출 능력에 대한 우려가 있습니다."", ""최근 1개월 수익률은 소폭 상승했으나, 거래량 변화율이 마이너스(-) 8.22%로 투자자들의 관심이 다소 줄어들고 있음을 시사합니다.""]",-2.4691358024691357,3.7037037037037033,-2.0533686320845472,-0.2924584454927479
373220,LG에너지솔루션,2023-06-01,584000,Buy,75,"[""2023년 1분기 매출 및 영업이익이 전년 동기 대비 큰 폭으로 성장하며 견조한 실적 개선세를 보이고 있습니다."", ""영업현금흐름이 양(+)의 값을 기록하며 재무 안정성을 뒷받침하고 있습니다."", ""52주 최고가 대비 현재 위치가 85.1%로, 상승 여력이 남아있을 가능성을 시사합니다.""]",4.081632653061225,-2.5510204081632653,3.005657009551684,-2.593690396169526
373220,LG에너지솔루션,2023-07-03,573000,Buy,75,"[""2023년 1분기 매출 및 영업이익이 전년 동기 대비 큰 폭으로 성장하며 견조한 실적 개선세를 보이고 있습니다."", ""영업이익률 7.2%와 영업현금흐름 +7,809억원은 재무 건전성을 뒷받침합니다."", ""현재가가 52주 최고가 대비 약 81% 수준에 위치하며 상승 여력이 남아있다고 판단됩니다.""]",-3.3391915641476277,-2.10896309314587,-2.1507489946129343,-4.953204622311308
373220,LG에너지솔루션,2023-08-01,557000,Sell,75,"[""2023년 1분기 매출 및 영업이익이 전년 동기 대비 크게 성장했으나, 현재 PER 168.5배는 높은 밸류에이션 부담을 시사합니다."", ""최근 1개월 수익률이 -2.79%로 하락세를 보이고 있으며, 거래량 변화율이 97.57%로 급증한 것은 단기적인 변동성 확대 가능성을 나타냅니다."", ""52주 최고가 대비 현재 위치가 70.9%로 상승 여력 대비 하락 위험이 상대적으로 높아 보입니다.""]",1.6544117647058825,0.0,2.0882023298566357,2.300809869786385
373220,LG에너지솔루션,2023-09-01,522000,Sell,75,"[""최근 1개월 수익률이 -4.04%로 하락세를 보이고 있으며, 거래량 변화율 또한 -46.63%로 감소하여 투자 심리가 위축된 것으로 판단됩니다."", ""PER 157.9, PBR 5.93, ROE 3.8%는 현재 주가가 기업의 이익 및 자산 가치 대비 고평가되었음을 시사합니다."", ""52주 최고가 대비 현재 위치가 48.4%로, 상승 여력보다는 하락 위험이 상대적으로 높아 보입니다.""]",-4.150943396226415,-12.452830188679245,-3.0803508365932073,-5.650098571956792
373220,LG에너지솔루션,2023-10-04,456000,Sell,75,"[""최근 1개월 수익률이 -17.54%로 하락세를 보이고 있으며, 거래량 변화율 또한 -12.69%로 감소하는 추세입니다."", ""PER 137.9, PBR 5.18, ROE 3.8%는 현재 주가가 기업의 이익 및 자산 가치 대비 고평가되었음을 시사합니다."", ""52주 최고가 대비 현재 위치가 14.9%로, 최근 하락세를 감안할 때 추가 하락 가능성이 존재합니다.""]",3.5294117647058822,-14.010695187165775,1.343107887188817,-12.543728969825128
373220,LG에너지솔루션,2023-11-01,377500,Sell,75,"[""최근 1개월 수익률이 -20.61%로 큰 폭의 하락세를 보이고 있으며, 현재가가 52주 최저가와 동일한 수준임을 감안할 때 추가 하락 가능성이 있습니다."", ""PER 114.2, PBR 4.29, ROE 3.8%는 현재 주가가 기업의 내재가치 대비 고평가되었음을 시사하며, 이는 향후 주가 상승 동력을 제한할 수 있습니다."", ""매출 및 영업이익은 전년 동기 대비 큰 폭으로 성장했으나, 이는 이미 주가에 상당 부분 반영되었을 가능성이 높으며, 단기적인 추가 상승 모멘텀을 기대하기 어렵습니다.""]",9.578544061302683,16.091954022988507,5.995287548618738,7.890496137775624
373220,LG에너지솔루션,2023-12-01,428500,Buy,75,"[""최근 1개월 수익률이 9.45%로 긍정적인 흐름을 보이고 있으며, 이는 단기적인 매수세 유입 가능성을 시사합니다."", ""2023년 3분기 영업이익이 전년 동기 대비 40.1% 증가하며 견조한 성장세를 나타내고 있습니다."", ""영업현금흐름이 1.8조원으로 양호하며, 이는 기업의 실질적인 현금 창출 능력이 뒷받침되고 있음을 보여줍니다.""]",-0.3488372093023256,-2.558139534883721,-0.7627619394162567,-5.423802868150791
373220,LG에너지솔루션,2024-01-02,429500,Sell,75,"[""최근 1개월 수익률이 -3.92%로 하락세를 보이고 있으며, 거래량 변화율 또한 -39.69%로 감소하여 투자 심리가 위축된 것으로 판단됩니다."", ""PER 129.9배는 동종 업계 평균 대비 높은 수준으로, 현재 주가가 고평가되었을 가능성을 시사합니다."", ""52주 최고가 대비 현재 위치가 22.2%로, 상승 여력보다는 하락 위험이 상대적으로 높아 보입니다.""]",-1.3221153846153846,-8.413461538461538,1.1835321985258576,-4.186116113483312
373220,LG에너지솔루션,2024-02-01,381500,Sell,75,"[""PER 115.4배는 현재 이익 대비 높은 밸류에이션을 시사하며, 이는 향후 주가 상승 여력을 제한할 수 있습니다."", ""최근 1개월 수익률이 -8.29%로 하락세를 보이고 있으며, 이는 단기적인 투자 심리 위축을 나타냅니다."", ""52주 최고가 대비 현재 위치가 5.5%로, 상승 여력이 제한적일 수 있다는 신호로 해석될 수 있습니다.""]",1.5483870967741935,-0.12903225806451613,0.23573200043762443,-1.1300608168204507
373220,LG에너지솔루션,2024-03-04,398500,Sell,75,"[""현재 PER 120.5배는 동종 업계 평균 대비 높은 수준으로 밸류에이션 부담이 존재합니다."", ""52주 최고가 대비 현재 위치가 12.5%로, 상승 여력 대비 하락 위험이 상대적으로 높습니다."", ""최근 1개월 수익률이 6.27%로 양호하나, 거래량 변화율이 -0.51%로 감소 추세는 향후 주가 상승 동력이 약할 수 있음을 시사합니다.""]",8.258064516129032,1.4193548387096775,7.034768675561362,-2.497003582064828
373220,LG에너지솔루션,2024-04-01,395500,Sell,65,"[""현재 PER 74.8배는 동종 업계 평균 대비 높은 수준으로 밸류에이션 부담이 존재합니다."", ""최근 1개월 수익률 -1.49% 및 거래량 변화율 -14.50%는 단기적인 매도 압력을 시사합니다."", ""52주 최고가 대비 현재 위치가 11.3%로, 상승 여력 대비 하락 위험이 상대적으로 높아 보입니다.""]",-4.8346055979643765,-1.0178117048346056,-3.09115443639004,1.5069235085202217
373220,LG에너지솔루션,2024-05-02,389000,Sell,75,"[""PER 73.6배는 현재 이익 대비 높은 밸류에이션을 시사하며, 52주 최고가 대비 현재 위치가 9.9%로 하락 추세에 대한 우려가 존재합니다."", ""최근 1개월 수익률이 -1.64%로 약세를 보이고 있으며, 이는 단기적인 매도 압력을 시사할 수 있습니다."", ""매출 및 영업이익의 큰 폭 성장은 긍정적이나, 높은 밸류에이션과 최근의 약세 흐름을 고려할 때 향후 20거래일 내 추가 상승보다는 하락 가능성에 무게를 둡니다.""]",-2.4296675191815855,-13.938618925831204,-4.3193571662377686,-13.395772137145423
373220,LG에너지솔루션,2024-06-03,332000,Sell,75,"[""2024년 1분기 매출 및 영업이익이 전년 동기 대비 큰 폭으로 감소하며 수익성 악화가 뚜렷하게 나타나고 있습니다."", ""현재 PER 62.8배는 동종 업계 평균 대비 높은 수준으로, 밸류에이션 부담이 존재합니다."", ""최근 1개월 수익률이 -14.65%로 하락세를 보이고 있으며, 52주 최고가 대비 현재 위치가 낮아 추가 하락 가능성을 시사합니다.""]",4.457652303120357,6.389301634472511,1.975777091821,1.4341910075238493
373220,LG에너지솔루션,2024-07-01,347000,Sell,75,"[""2024년 1분기 매출 및 영업이익이 전년 동기 대비 큰 폭으로 감소하며 수익성 악화가 뚜렷하게 나타나고 있습니다."", ""현재 PER 65.6배는 동종 업계 평균 대비 높은 수준으로, 실적 부진을 감안할 때 밸류에이션 부담이 존재합니다."", ""최근 1개월 수익률이 5.79%로 소폭 상승했으나, 52주 최고가 대비 현재 위치가 7.6%에 불과하여 추가 상승 여력이 제한적일 수 있습니다.""]",5.676855895196507,-3.056768558951965,2.5655881578778366,-1.5223511485105883
373220,LG에너지솔루션,2024-08-01,333500,Sell,75,"[""2024년 1분기 매출 및 영업이익이 전년 동기 대비 큰 폭으로 감소하며 수익성 악화가 뚜렷하게 나타나고 있습니다."", ""PER 63.1, PBR 3.20으로 현재 주가가 기업의 이익 및 자산 가치 대비 고평가된 경향을 보입니다."", ""최근 1개월 수익률이 -6.84%로 하락세를 보이고 있으며, 52주 최고가 대비 현재 위치가 낮음에도 불구하고 하락 추세가 지속될 가능성이 있습니다.""]",-4.166666666666666,22.61904761904762,-0.8873778269355479,22.43931449098123
373220,LG에너지솔루션,2024-09-02,412000,Sell,75,"[""2024년 2분기 매출 및 영업이익이 전년 동기 대비 큰 폭으로 감소하며 수익성 악화가 뚜렷하게 나타나고 있습니다."", ""순이익이 마이너스를 기록하며 재무 건전성에 대한 우려를 제기하고 있습니다."", ""최근 1개월 수익률이 23.54%로 높지만, 이는 단기적인 반등일 수 있으며 실적 부진으로 인해 하락 압력이 작용할 가능성이 있습니다.""]",-7.664233576642336,6.204379562043796,-2.3651864293836073,8.841518677042876
373220,LG에너지솔루션,2024-10-02,408500,Sell,75,"[""2024년 2분기 실적이 전년 동기 대비 매출 및 영업이익이 큰 폭으로 감소하며 부정적인 실적 흐름을 보이고 있습니다."", ""영업이익률이 3.2%로 낮고 순이익이 적자 전환한 점은 수익성 악화를 시사합니다."", ""최근 1개월 수익률이 10.85%로 양호하나, 이는 단기적인 반등일 수 있으며 근본적인 실적 개선 없이는 하락 압력이 작용할 가능성이 높습니다.""]",0.6195786864931847,5.5762081784386615,-1.465481495395041,4.826707261992846
373220,LG에너지솔루션,2024-11-01,412500,Sell,75,"[""2024년 2분기 실적이 전년 동기 대비 매출 및 영업이익이 큰 폭으로 감소하며 수익성 악화를 시사하고 있습니다."", ""영업이익률이 3.2%로 낮고 순이익이 적자 전환한 점은 단기적인 실적 개선 가능성을 낮춥니다."", ""최근 1개월 수익률이 마이너스이고 거래량 변화율도 감소한 점은 투자 심리가 위축되었음을 나타냅니다.""]",-2.3474178403755865,-8.098591549295776,-0.13379620706195405,-2.9038615987749203
373220,LG에너지솔루션,2024-12-02,391500,Sell,75,"[""최근 1개월 수익률이 -5.09%로 하락세를 보이고 있으며, 2024년 3분기 매출 및 영업이익이 전년 동기 대비 감소하는 등 실적 둔화가 관찰됩니다."", ""PER 74.0, PBR 3.76으로 밸류에이션 부담이 존재하며, ROE 5.1%는 낮은 수준으로 수익성이 개선될 여지가 제한적입니다."", ""최근 1개월 수익률 하락과 실적 둔화에도 불구하고 거래량 변화율이 7.11%로 큰 변동이 없어 하락 추세를 반전시킬 만한 강한 매수세 유입이 확인되지 않습니다.""]",-3.022670025188917,-10.327455919395465,0.2675983640755035,-8.0003490036721
373220,LG에너지솔루션,2025-01-02,346000,Sell,75,"[""최근 1개월 수익률이 -9.31%로 하락세를 보이고 있으며, 거래량 변화율 또한 -33.78%로 감소하여 투자 심리가 위축된 것으로 판단됩니다."", ""2024년 3분기 매출이 전년 동기 대비 -16.4%, 영업이익이 -38.7% 감소하는 등 실적 부진이 주가 하락 압력으로 작용할 가능성이 높습니다."", ""PER 65.4, PBR 3.32로 밸류에이션 부담이 존재하며, ROE 5.1%는 낮은 수준으로 기업의 수익성이 기대에 미치지 못하고 있습니다.""]",-2.106741573033708,-3.932584269662921,-5.131410685862962,-7.816003873908757
373220,LG에너지솔루션,2025-02-03,336500,Sell,75,"[""2024년 3분기 매출 및 영업이익이 전년 동기 대비 큰 폭으로 감소하며 실적 둔화가 확인되었습니다."", ""최근 1개월 수익률이 마이너스를 기록하고 거래량 변화율도 감소하는 등 기술적 지표상 하락 압력이 감지됩니다."", ""현재 주가가 52주 최고가 대비 하락한 위치에 있으며, PER이 63.6으로 높아 밸류에이션 부담이 존재합니다.""]",3.003003003003003,0.3003003003003003,0.6916748355042368,-2.779858784839264
373220,LG에너지솔루션,2025-03-04,332000,Sell,75,"[""2024년 3분기 매출 및 영업이익이 전년 동기 대비 큰 폭으로 감소하며 실적 둔화가 확인되었습니다."", ""현재 PER 62.8배는 동종 업계 평균 대비 높은 수준으로 밸류에이션 부담이 존재합니다."", ""최근 1개월 수익률이 -5.68%로 하락세를 보이고 있으며, 거래량 변화율 또한 감소하며 투자 심리가 위축된 것으로 판단됩니다.""]",4.341317365269461,-1.4970059880239521,3.688887660758742,0.5462834460548467
373220,LG에너지솔루션,2025-04-01,328000,Sell,75,"[""2024년 연간 실적에서 매출과 영업이익이 전년 대비 큰 폭으로 감소하며 수익성 악화가 뚜렷하게 나타나고 있습니다."", ""최근 1개월 수익률이 -6.82%로 하락세를 보이고 있으며, 이는 단기적인 투자 심리 위축을 시사합니다."", ""PER이 해당없음(적자)으로 표시되어 있어 현재 기업 가치 대비 수익 창출 능력이 부재함을 나타냅니다.""]",-4.5592705167173255,-1.3677811550151975,3.907283879777302,-3.393033962434606
373220,LG에너지솔루션,2025-05-02,320500,Sell,75,"[""2024년 연간 실적에서 매출 및 영업이익이 전년 대비 큰 폭으로 감소하며 수익성 악화가 나타났습니다."", ""최근 1개월 수익률이 마이너스를 기록하고 거래량 변화율도 감소하는 등 단기적인 투자 심리가 위축된 것으로 보입니다."", ""현재 주가가 52주 최고가 대비 낮은 수준에 위치해 있으나, 실적 부진을 상쇄할 만한 뚜렷한 상승 모멘텀이 부재합니다.""]",-2.7906976744186047,-9.767441860465116,-5.38491633942754,-19.024182865982247
373220,LG에너지솔루션,2025-06-02,284500,Buy,75,"[""2025년 1분기 실적에서 전년 동기 대비 매출 2.2% 증가 및 영업이익 138.1% 증가하며 긍정적인 실적 개선세를 보이고 있습니다."", ""영업이익률 6.0%와 영업현금흐름 +1.2조원으로 재무 건전성이 양호한 편입니다."", ""최근 1개월 수익률이 -18.71%로 하락했으나, 52주 최저가 대비 현재 위치가 9.8%로 상대적으로 낮은 수준에 있어 반등 가능성을 시사합니다.""]",5.37261698440208,10.398613518197573,-0.011670812800214314,-2.0680031034767143
373220,LG에너지솔루션,2025-07-01,297500,Buy,75,"[""2025년 1분기 실적에서 전년 동기 대비 영업이익이 138.1% 증가하며 큰 폭의 개선세를 보였습니다."", ""영업이익률이 6.0%로 개선되었으며, 영업현금흐름이 1.2조원으로 안정적인 현금 창출 능력을 보여줍니다."", ""현재가는 52주 최저가 대비 10.2% 상승한 수준으로, 52주 최고가 대비로는 32.2% 하락한 상태이며, 최근 1개월 수익률이 3.30%로 긍정적인 흐름을 보이고 있습니다.""]",0.8264462809917356,29.91735537190083,-1.0818091676824313,24.08299766831131
373220,LG에너지솔루션,2025-08-01,373000,Buy,75,"[""2025년 1분기 영업이익이 전년 동기 대비 138.1% 증가하며 큰 폭의 개선세를 보였고, 영업이익률 또한 6.0%로 긍정적인 흐름을 나타내고 있습니다."", ""최근 1개월 수익률이 17.11%로 단기적인 주가 상승 모멘텀이 확인되며, 거래량 변화율 또한 49.32%로 증가하여 시장의 관심이 집중되고 있음을 시사합니다."", ""부채비율 99.2%와 영업현금흐름 +1.2조원으로 재무 안정성이 양호한 수준을 유지하고 있어 실적 개선에 대한 기대감을 뒷받침합니다.""]",3.5952063914780292,-6.790945406125166,1.7202163192041833,-7.572456008936696
373220,LG에너지솔루션,2025-09-01,349000,Sell,75,"[""최근 1개월 수익률이 -8.76%로 하락세를 보이고 있으며, 거래량 변화율 또한 -48.02%로 감소하여 투자 심리가 위축된 것으로 판단됩니다."", ""2025년 2분기 매출이 전년 동기 대비 -9.7% 감소한 점은 향후 실적 둔화 가능성을 시사합니다."", ""PER이 '해당없음(적자)'으로 표시되어 있어 현재 기업 가치 평가에 어려움이 있으며, PBR 2.64배는 절대적으로 저평가되었다고 보기 어렵습니다.""]",-0.8571428571428572,-0.7142857142857143,-3.621654969614693,-8.665804304605194
373220,LG에너지솔루션,2025-10-01,347500,Sell,75,"[""2025년 2분기 매출이 전년 동기 대비 감소했음에도 불구하고 영업이익이 큰 폭으로 증가했으나, 이는 일회성 요인일 가능성을 배제할 수 없으며 향후 지속 가능성에 대한 불확실성이 존재함."", ""현재가 52주 최고가 대비 낮은 수준에 위치하고 있으나, 최근 1개월 수익률이 마이너스를 기록하며 상승 동력이 약화된 모습을 보임."", ""PER이 해당 없음(적자)으로 산출되는 점은 기업의 수익성에 대한 우려를 나타내며, PBR 2.63은 현재 기업 가치가 자산 가치 대비 다소 높게 평가되고 있음을 시사함.""]",5.3884711779448615,17.794486215538846,-0.22291839889054277,4.348113642487384
373220,LG에너지솔루션,2025-11-03,475500,Buy,75,"[""최근 1개월 수익률 36.25%와 거래량 변화율 148.31%는 강한 매수세를 시사합니다."", ""2025년 2분기 영업이익이 전년 동기 대비 152.0% 증가하며 큰 폭의 개선세를 보였습니다."", ""영업현금흐름이 1.4조원으로 양호하며, 이는 기업의 재무 건전성을 뒷받침합니다.""]",0.0,-12.26215644820296,0.37241553324565485,-9.18554317322686
373220,LG에너지솔루션,2025-12-01,413000,Sell,75,"[""최근 1개월 수익률이 -12.69%로 하락세를 보이고 있으며, 거래량 변화율 또한 -34.12%로 감소하여 투자 심리가 위축된 것으로 판단됩니다."", ""2025년 3분기 매출이 전년 동기 대비 -17.1% 감소한 점은 향후 실적 둔화 가능성을 시사합니다."", ""PER이 '해당없음(적자)'으로 표시되어 있어 현재 기업 가치 평가에 어려움이 있으며, PBR 3.12는 기업의 순자산 대비 높은 수준으로 평가될 수 있습니다.""]",6.8674698795180715,-13.012048192771083,3.1472545065328044,-20.88953290464339
006400,삼성SDI,2023-01-02,589377,Sell,75,"[""최근 1개월 수익률이 -17.08%로 하락세를 보이고 있으며, 거래량 변화율 또한 -16.43%로 감소하는 추세는 투자 심리 위축을 시사합니다."", ""PER이 '해당없음(적자)'으로 표시되어 있어 현재 기업의 수익성 측면에서 부정적인 신호를 보내고 있습니다."", ""52주 최고가 대비 현재 위치가 43.4%로, 상승 여력보다는 하락 가능성에 무게가 실리는 기술적 지표를 보입니다.""]",1.1569857255007894,18.346994420198712,-4.820893013208719,7.070018921253379
006400,삼성SDI,2023-02-01,704903,Buy,75,"[""최근 1개월 수익률이 21.83%로 강한 상승세를 보이고 있으며, 52주 최고가 대비 현재 위치가 85.7%로 상승 여력이 남아있습니다."", ""2022년 3분기 매출액과 영업이익이 전년 동기 대비 각각 56.0%, 51.5% 증가하며 견조한 성장세를 시현했습니다."", ""부채비율 79.6%와 영업현금흐름 +2.0조원으로 재무 안정성이 양호한 편입니다.""]",3.0726675387703337,2.0950459851609233,2.5606944983633526,3.5860054485613295
006400,삼성SDI,2023-03-02,695113,Buy,75,"[""2022년 3분기 매출 및 영업이익이 전년 동기 대비 큰 폭으로 성장하며 견조한 실적 개선세를 보이고 있습니다."", ""부채비율이 79.6%로 안정적인 수준이며, 영업현금흐름이 2.0조원으로 양호하여 재무 건전성이 뒷받침되고 있습니다."", ""현재 주가가 52주 최고가 대비 약 17.9% 하락한 수준으로, 기술적 반등 가능성을 시사합니다.""]",0.8207659084526033,0.5471772723017356,2.361839972932656,-1.2944637988845362
006400,삼성SDI,2023-04-03,729379,Buy,75,"[""2022년 연간 실적에서 매출과 영업이익이 전년 대비 큰 폭으로 성장하며 견조한 성장세를 보이고 있습니다."", ""현재 주가가 52주 최고가 대비 약 16.7% 하락한 수준으로, 기술적으로는 반등 가능성이 존재합니다."", ""최근 1개월 수익률이 1.92%로 소폭 상승세를 보이고 있으며, 거래량 변화율도 7.85%로 긍정적인 신호를 나타내고 있습니다.""]",5.647332922515891,-5.7852100093137375,2.932165477111522,-6.627375531726462
006400,삼성SDI,2023-05-02,685323,Sell,75,"[""최근 1개월 수익률이 -4.76%로 하락세를 보이고 있으며, 52주 최고가 대비 현재 위치가 67.6%로 상승 여력이 제한적일 수 있습니다."", ""PER이 '해당없음(적자)'으로 표기되어 있어 현재 기업 가치 대비 수익성이 낮음을 시사합니다."", ""매출 및 영업이익이 전년 대비 크게 성장했음에도 불구하고, 최근 단기적인 주가 하락 추세와 높은 PBR(3.21)은 향후 20거래일 내 추가적인 상승 동력이 약할 수 있음을 나타냅니다.""]",-2.046716383586846,4.532164179327358,-1.6309492132022576,0.536002030130907
006400,삼성SDI,2023-06-01,693155,Buy,75,"[""2023년 1분기 매출 및 영업이익이 전년 동기 대비 크게 증가하며 견조한 성장세를 보이고 있습니다."", ""영업현금흐름이 양(+)의 값을 기록하며 재무 안정성을 뒷받침하고 있습니다."", ""현재가가 52주 최저가 대비 높은 수준에 위치하며, 최근 1개월 수익률도 긍정적인 흐름을 보이고 있습니다.""]",3.496531468211792,0.2797110890161255,2.4205558247022516,0.23704110100986447
006400,삼성SDI,2023-07-03,701966,Buy,75,"[""2023년 1분기 매출 및 영업이익이 전년 동기 대비 크게 증가하며 견조한 성장세를 보이고 있습니다."", ""영업현금흐름이 양(+)의 값을 기록하며 재무 안정성을 뒷받침하고 있습니다."", ""최근 1개월 수익률이 소폭 상승했으며, 거래량 변화율도 긍정적인 신호를 나타내고 있습니다.""]",-3.5162018813605096,-5.766479143561484,-2.327759311825816,-8.610720672726922
006400,삼성SDI,2023-08-01,655952,Sell,75,"[""최근 1개월 수익률이 -6.55%로 하락세를 보이고 있으며, 52주 최고가 대비 현재 위치가 50.2%로 상승 여력이 제한적일 수 있습니다."", ""PER이 '해당없음(적자)'으로 표시되어 있어 현재 기업의 수익성 측면에서 부정적인 신호를 주고 있습니다."", ""거래량 변화율이 34.74%로 증가했으나, 이는 단기적인 변동성 확대 가능성을 시사하며, 긍정적인 실적 개선에도 불구하고 주가 하락 압력이 존재할 수 있습니다.""]",-2.461457231709176,-5.538435912384442,-2.027666666558423,-3.2376260425980576
006400,삼성SDI,2023-09-01,583503,Sell,75,"[""최근 1개월 수익률이 -8.31%로 하락세를 보이고 있으며, 거래량 변화율 또한 -39.36%로 감소하여 투자 심리가 위축된 것으로 판단됩니다."", ""현재가는 52주 최고가 대비 약 20.2% 하락한 수준으로, 추가 하락 가능성을 배제할 수 없습니다."", ""PER이 '해당없음(적자)'으로 표시되어 있어 현재 기업의 수익성 측면에서 부정적인 신호를 주고 있습니다.""]",-6.065538085430585,-21.147669998827883,-4.994945525797378,-14.344938382105429
006400,삼성SDI,2023-10-04,474341,Sell,75,"[""최근 1개월 수익률이 -20.05%로 큰 폭의 하락세를 보이고 있으며, 52주 최고가 대비 현재 위치가 0.0%라는 점은 추가 하락 가능성을 시사합니다."", ""PER이 '해당없음(적자)'으로 표시되어 있어 현재 기업의 수익성 측면에서 부정적인 신호를 보내고 있습니다."", ""매출은 성장했으나 영업이익 증가율이 둔화된 점은 향후 수익성 개선에 대한 불확실성을 높입니다.""]",7.566418170766605,-7.157433884703194,5.380114293249539,-5.690467667362548
006400,삼성SDI,2023-11-01,416578,Sell,75,"[""최근 1개월 수익률이 -18.49%로 큰 폭의 하락세를 보이고 있어 단기적인 하락 압력이 지속될 가능성이 있습니다."", ""52주 최고가 대비 현재 주가 위치가 0.7%로, 52주 최저가(414,131원)에 매우 근접해 있어 추가 하락 가능성을 배제할 수 없습니다."", ""PER이 '해당없음(적자)'으로 표시되어 있어 현재 기업의 수익성 측면에서 부정적인 신호를 주고 있습니다.""]",-2.5496950466885444,4.656398131099349,-6.132951559372489,-3.5450597541135327
006400,삼성SDI,2023-12-01,437627,Sell,75,"[""최근 1개월 수익률이 마이너스(-)를 기록하며 약세를 보이고 있으며, 거래량 변화율 또한 감소하는 추세입니다."", ""2023년 3분기 영업이익이 전년 동기 대비 감소(-12.3%)하며 수익성 둔화 가능성을 시사합니다."", ""현재가가 52주 최고가 대비 상당 부분 하락한 위치에 있으며, 이는 단기적인 하락 압력이 지속될 수 있음을 나타냅니다.""]",1.4787873153839897,1.2512636973168945,1.0648625852700586,-1.614399635950175
006400,삼성SDI,2024-01-02,457208,Sell,75,"[""최근 1개월 수익률이 마이너스이며 거래량 변화율 또한 감소하는 추세를 보이고 있어 단기적인 하락 압력이 존재합니다."", ""전년 동기 대비 영업이익이 감소하였고, 영업이익률 또한 하락하여 수익성 악화가 주가에 부정적인 영향을 미칠 수 있습니다."", ""52주 최고가 대비 현재 주가가 13.3% 낮은 수준이지만, 최근 실적 부진과 거래량 감소는 추가 하락 가능성을 시사합니다.""]",-6.718930863937704,-16.57348480342592,-4.213283280796462,-12.346139378447694
006400,삼성SDI,2024-02-01,369585,Sell,75,"[""최근 1개월 수익률이 -15.45%로 하락 추세가 뚜렷하며, 이는 단기적인 투자 심리 위축을 시사합니다."", ""2023년 3분기 영업이익이 전년 동기 대비 12.3% 감소하여 수익성 둔화가 관찰됩니다."", ""현재가가 52주 최고가 대비 상당한 수준으로 하락해 있어 추가적인 하락 가능성을 배제할 수 없습니다.""]",-0.5091485601413868,-7.252053227986277,-1.8218036564779558,-8.25308178674221
006400,삼성SDI,2024-03-04,366647,Sell,75,"[""최근 1개월 수익률이 0.00%로 정체된 가운데 거래량 변화율이 -28.53%로 감소하며 투자 심리 위축 가능성을 시사합니다."", ""2023년 3분기 영업이익이 전년 동기 대비 12.3% 감소하며 수익성 둔화 우려가 있습니다."", ""현재가가 52주 최고가 대비 상당 부분 하락한 위치에 있으며, 기술적 반등의 동력이 약한 상황입니다.""]",25.375193344759833,23.60185610969441,24.151897504192164,19.685497688919902
006400,삼성SDI,2024-04-01,444481,Buy,75,"[""최근 1개월 수익률 20.42%와 거래량 변화율 174.23%는 단기적인 매수세 유입 및 주가 상승 모멘텀을 시사합니다."", ""2023년 연간 매출이 전년 대비 12.8% 증가하며 성장세를 유지하고 있습니다."", ""부채비율 71.0%와 영업현금흐름 +2.1조원은 재무 안정성이 양호함을 보여줍니다.""]",-9.271660556209442,-2.0971720533391056,-7.528209394635105,0.4275631600157217
006400,삼성SDI,2024-05-02,434201,Sell,75,"[""최근 1개월 수익률이 -2.31%로 하락세를 보이고 있으며, 거래량 변화율 또한 -56.64%로 감소하여 투자 심리가 위축된 것으로 판단됩니다."", ""2023년 연간 영업이익이 전년 대비 9.7% 감소한 점은 수익성 둔화 가능성을 시사합니다."", ""현재 주가가 52주 최고가 대비 상당 부분 하락한 위치에 있으나, 기술적 지표에서 뚜렷한 반등 신호가 관찰되지 않습니다.""]",-1.1415152419685832,-13.698649304130441,-3.0312048890247665,-13.15580251544466
006400,삼성SDI,2024-06-03,369095,Sell,75,"[""최근 1개월 수익률이 -13.13%로 하락세를 보이고 있으며, 거래량 변화율 또한 -27.95%로 감소하여 투자 심리가 위축된 것으로 판단됩니다."", ""2024년 1분기 영업이익이 전년 동기 대비 28.8% 감소하며 수익성이 악화된 점은 부정적인 요인입니다."", ""현재가가 52주 최저가 대비 소폭 높은 수준이지만, 52주 최고가 대비로는 상당한 하락폭을 기록하고 있어 추가 하락 가능성을 배제할 수 없습니다.""]",4.1005312451023315,-3.0423645000729582,1.6186560338029747,-7.99747512702162
006400,삼성SDI,2024-07-01,359305,Sell,75,"[""2024년 1분기 영업이익이 전년 동기 대비 28.8% 감소하며 수익성 악화가 관찰되었습니다."", ""매출이 전년 동기 대비 감소한 상황에서 영업이익률 또한 5.2%로 낮은 수준을 기록했습니다."", ""최근 1개월 수익률이 -3.17%로 하락세를 보이고 있으며, 52주 최고가 대비 현재 위치가 5.3%로 낮은 편에 속하나 이는 하락 추세의 연장 가능성을 시사합니다.""]",8.819341527910964,-5.974486385958794,5.7080737905922945,-4.440068975517418
006400,삼성SDI,2024-08-01,326997,Sell,75,"[""최근 1개월 수익률이 -8.87%로 하락세를 보이고 있으며, 2024년 1분기 영업이익이 전년 동기 대비 28.8% 감소하는 등 실적 부진이 주가 하락 압력으로 작용할 가능성이 높습니다."", ""영업현금흐름이 마이너스(-)를 기록하고 있어 재무적인 부담이 존재하며, 이는 향후 주가 상승 동력을 약화시킬 수 있습니다."", ""52주 최고가 대비 현재 위치가 3.7%로 상대적으로 높은 편이나, 최근 실적 악화와 현금흐름 부진을 고려할 때 추가적인 하락 가능성이 존재합니다.""]",-7.875086509391581,9.658394142858876,-4.595797669660463,9.478661014792486
006400,삼성SDI,2024-09-02,361263,Sell,75,"[""2024년 2분기 실적에서 매출과 영업이익이 전년 동기 대비 큰 폭으로 감소하며 수익성 악화가 관찰되었습니다."", ""영업이익률이 6.3%로 낮게 나타났으며, 영업현금흐름이 마이너스를 기록하여 재무 건전성에 대한 우려가 있습니다."", ""최근 1개월 수익률이 10.48%로 양호하나, 52주 최고가 대비 현재 위치가 21.1%로 여전히 높은 수준에 있어 추가 상승 여력이 제한적일 수 있습니다.""]",-10.242524523637124,0.0,-4.943477376378396,2.63713911499908
006400,삼성SDI,2024-10-02,363710,Sell,75,"[""2024년 2분기 실적이 전년 동기 대비 매출 및 영업이익이 감소하는 등 부진한 모습을 보였기 때문입니다."", ""영업이익률이 6.3%로 낮고, 영업현금흐름이 마이너스를 기록하며 재무 건전성에 대한 우려가 존재하기 때문입니다."", ""최근 1개월 수익률이 9.43%로 양수이나, 52주 최고가 대비 현재 위치가 25.9%로 하락 가능성을 배제할 수 없기 때문입니다.""]",-0.6916817359855334,-6.639070976491862,-2.776741917873759,-7.388571892937677
006400,삼성SDI,2024-11-01,324549,Sell,75,"[""최근 1개월 수익률이 -12.42%로 하락세를 보이고 있으며, 거래량 변화율 또한 -25.96%로 감소하여 투자 심리가 위축된 것으로 판단됩니다."", ""2024년 2분기 실적이 전년 동기 대비 매출액 -23.8%, 영업이익 -37.8%로 크게 감소하여 단기적인 실적 부진이 주가에 부정적인 영향을 미칠 가능성이 높습니다."", ""영업이익률 6.3%는 양호하나, 영업현금흐름이 -6,246억원으로 마이너스를 기록하며 현금 창출 능력에 대한 우려가 존재합니다.""]",-18.66667877236149,-23.25927674526289,-16.453057139047857,-18.064546794742036
006400,삼성SDI,2024-12-02,253569,Sell,75,"[""최근 1개월 수익률이 -21.87%로 큰 폭의 하락세를 보이고 있으며, 이는 단기적인 투자 심리 위축을 시사합니다."", ""2024년 3분기 영업이익이 전년 동기 대비 -72.1% 감소하며 수익성이 크게 악화된 점은 부정적인 요인입니다."", ""영업현금흐름이 -5,133억원으로 마이너스를 기록하며 현금 창출 능력에 대한 우려를 제기합니다.""]",-3.256798694462816,-5.363816739522634,0.033469694801604444,-3.03670982379927
006400,삼성SDI,2025-01-02,234478,Sell,75,"[""최근 1개월 수익률이 -5.89%로 하락세를 보이고 있으며, 52주 최저가와 동일한 현재가에서 추가 하락 가능성이 존재합니다."", ""2024년 3분기 매출액이 전년 동기 대비 -29.8% 감소하고 영업이익이 -72.1% 감소하는 등 실적 부진이 지속되고 있습니다."", ""영업현금흐름이 -5,133억원으로 마이너스를 기록하며 현금 창출 능력에 대한 우려가 있습니다.""]",-5.263397306271995,-14.169985237014155,-8.288066419101249,-18.05340484125999
006400,삼성SDI,2025-02-03,203638,Sell,75,"[""최근 1개월 수익률이 -15.79%로 하락세를 보이고 있으며, 52주 최저가와 현재가가 동일하여 추가 하락 가능성이 있습니다."", ""2024년 3분기 매출액이 전년 동기 대비 -29.8%, 영업이익이 -72.1% 감소하는 등 실적 부진이 지속되고 있습니다."", ""영업이익률이 3.3%로 낮고 영업현금흐름이 마이너스(-)를 기록하며 재무 건전성에 대한 우려가 있습니다.""]",2.4330114170116954,3.8928182672187126,0.12168324951292941,0.8126591820791482
006400,삼성SDI,2025-03-04,208534,Sell,75,"[""최근 1개월 수익률이 -4.05%로 하락세를 보이고 있으며, 52주 최고가 대비 현재 위치가 매우 낮아 추가 하락 가능성이 있습니다."", ""2024년 3분기 매출액이 전년 동기 대비 -29.8%, 영업이익이 -72.1% 감소하는 등 실적 부진이 지속되고 있습니다."", ""영업현금흐름이 -5,133억원으로 마이너스를 기록하며 재무 건전성에 대한 우려가 제기됩니다.""]",-0.23394554666232903,-12.646455174789379,-0.8863752511730479,-10.60316574071058
006400,삼성SDI,2025-04-01,189540,Sell,75,"[""2024년 연간 실적에서 매출 및 영업이익이 전년 대비 큰 폭으로 감소하며 수익성 악화를 시사합니다."", ""영업이익률이 2.2%로 매우 낮으며, 영업현금흐름이 마이너스를 기록하여 재무 건전성에 대한 우려가 있습니다."", ""최근 1개월 수익률이 -13.57%로 하락세를 보이고 있으며, 52주 최고가 대비 현재 위치가 매우 낮아 추가 하락 가능성이 있습니다.""]",-7.935308260629063,-3.6086511235616605,0.5312461358655645,-5.633903930981069
006400,삼성SDI,2025-05-02,173600,Sell,75,"[""2024년 연간 실적에서 매출과 영업이익이 전년 대비 큰 폭으로 감소하며 수익성 악화가 뚜렷하게 나타나고 있습니다."", ""영업이익률이 2.2%로 매우 낮은 수준이며, 영업현금흐름이 마이너스를 기록하며 재무 건전성에 대한 우려가 있습니다."", ""최근 1개월 수익률이 -4.92%로 하락세를 보이고 있으며, 거래량 변화율 또한 -49.22%로 감소하며 투자 심리가 위축된 것으로 판단됩니다.""]",0.4645760743321719,1.2195121951219512,-2.129642590676763,-8.037228810395183
006400,삼성SDI,2025-06-02,172800,Sell,75,"[""2025년 1분기 실적이 매출 감소와 큰 폭의 영업이익 적자를 기록하며 부정적인 전망을 제시하고 있습니다."", ""최근 1개월 수익률이 -5.88%로 하락세를 보이고 있으며, 52주 최고가 대비 현재 위치가 매우 낮은 점은 추가 하락 가능성을 시사합니다."", ""영업이익률이 -13.7%로 마이너스를 기록하고 있어 단기적인 실적 개선보다는 재무 건전성 회복에 대한 우려가 존재합니다.""]",1.3921113689095126,7.482598607888631,-3.9921764282927814,-4.984018013785656
006400,삼성SDI,2025-07-01,178200,Sell,75,"[""2025년 1분기 실적이 매출 감소와 대규모 영업이익 적자를 기록하며 전년 동기 대비 크게 악화되었기 때문입니다."", ""영업이익률이 -13.7%로 마이너스를 기록하며 수익성 악화가 두드러지고 있습니다."", ""최근 1개월 수익률이 2.18%로 소폭 상승했으나, 52주 최고가 대비 현재 위치가 8.0%에 불과하여 상승 여력이 제한적일 수 있습니다.""]",-4.972067039106146,15.083798882681565,-6.880322487780313,9.249441179092045
006400,삼성SDI,2025-08-01,190000,Sell,75,"[""2025년 1분기 실적이 전년 동기 대비 매출 감소 및 대규모 영업이익 적자를 기록하며 부정적인 전망을 제시하고 있습니다."", ""영업이익률이 -13.7%로 크게 하락한 점은 수익성 악화를 명확히 보여줍니다."", ""현재가 190,000원은 52주 최저가 160,200원 대비 상승했으나, 52주 최고가 379,375원 대비로는 여전히 낮은 수준으로, 실적 부진을 상쇄할 만한 강력한 상승 모멘텀이 부족합니다.""]",16.159008776458442,4.543107898812597,14.284018704184597,3.7615972960010677
006400,삼성SDI,2025-09-01,203000,Sell,75,"[""2025년 2분기 실적이 전년 동기 대비 매출 감소 및 대규모 영업이익 적자를 기록하며 부정적인 전망을 제시하고 있습니다."", ""최근 1개월 수익률이 0.99%로 미미하며, 거래량 변화율이 -19.23%로 감소하는 추세는 투자 심리 위축을 시사합니다."", ""현재 주가가 52주 최고가 대비 상당 부분 하락한 위치에 있으나, 실적 부진으로 인한 추가 하락 가능성이 존재합니다.""]",-0.49382716049382713,1.2345679012345678,-3.258339272965663,-6.7169506890849116
006400,삼성SDI,2025-10-01,204000,Sell,75,"[""2025년 2분기 실적이 매출 감소와 함께 큰 폭의 영업이익 적자를 기록하며 부정적인 전망을 제시하고 있습니다."", ""최근 1개월 수익률이 0.74%로 미미한 수준이며, 거래량 변화율이 -9.46%로 감소하는 추세는 투자 심리 위축을 시사합니다."", ""현재가(204,000원)가 52주 최고가(379,375원) 대비 상당히 낮은 수준이지만, 실적 부진이라는 명확한 하방 압력이 존재합니다.""]",14.285714285714285,55.932203389830505,8.674324708878881,42.48583081677904
006400,삼성SDI,2025-11-03,327000,Sell,75,"[""최근 1개월 61.48%의 높은 수익률과 184.83%의 거래량 변화율은 단기 급등 후 차익 실현 매물이 출회될 가능성을 시사합니다."", ""2025년 2분기 실적이 매출 감소(-22.2%)와 함께 큰 폭의 영업이익 적자(-3,978억원)를 기록하며 전년 동기 대비 악화된 점은 부정적인 투자 심리를 유발할 수 있습니다."", ""PER 39.9배는 현재 시장 평균 대비 높은 수준이며, ROE 3.0%는 낮은 수익성을 보여주고 있어 밸류에이션 부담이 존재합니다.""]",-4.592592592592593,-9.62962962962963,-4.220177059346938,-6.553016354653529
006400,삼성SDI,2025-12-01,299000,Sell,75,"[""최근 2025년 3분기 실적에서 매출 감소와 대규모 영업이익 적자를 기록하며 부정적인 실적 모멘텀을 보여주고 있습니다."", ""최근 1개월 수익률이 -7.14%로 하락세를 보이고 있으며, 거래량 변화율 또한 -49.40%로 감소하여 투자 심리가 위축된 것으로 판단됩니다."", ""현재 주가가 52주 최고가 대비 78.3% 수준에 위치해 있어 추가 상승 여력보다는 단기적인 조정 가능성이 높아 보입니다.""]",1.639344262295082,-13.934426229508196,-2.080871110690185,-21.8119109413805
005380,현대차,2023-01-02,157000,Sell,75,"[""최근 1개월 수익률이 -8.45%로 하락세를 보이고 있으며, 거래량 변화율 또한 -13.60%로 감소하여 투자 심리가 위축된 것으로 판단됩니다."", ""2022년 3분기 영업이익이 전년 동기 대비 3.4% 감소한 점은 수익성 둔화 가능성을 시사합니다."", ""현재가가 52주 최고가 대비 약 26.7% 하락한 위치에 있으며, 52주 최저가에 근접하고 있어 추가 하락 가능성이 존재합니다.""]",2.515723270440252,6.855345911949685,-3.4621554682692564,-4.421629586995648
005380,현대차,2023-02-01,170000,Buy,75,"[""최근 1개월 수익률이 12.58%로 강한 상승세를 보이고 있으며, 거래량 변화율도 12.89%로 긍정적인 모멘텀을 시사합니다."", ""PER 9.0, PBR 0.42로 현재가 수준에서 밸류에이션 매력이 존재하며, 52주 최저가 대비 현재 위치가 37.2%로 상승 여력이 남아있습니다."", ""매출이 전년 동기 대비 30.6% 증가하는 등 견조한 성장세를 보이고 있으며, 영업현금흐름이 7.1조원으로 재무 안정성 또한 양호합니다.""]",1.5891701000588583,3.6492054149499706,1.0771970596518772,5.140164878350377
005380,현대차,2023-03-02,178500,Sell,75,"[""최근 1개월 수익률은 긍정적이나, 거래량 변화율이 음수(-)로 전환되며 매도 압력이 감지됩니다."", ""2022년 3분기 매출은 전년 동기 대비 크게 증가했으나, 영업이익은 소폭 감소하며 수익성 둔화 가능성을 시사합니다."", ""현재가가 52주 최고가 대비 약 11% 하락한 위치에 있으며, 52주 내 현재 위치가 53.9%로 상승 추세가 둔화될 가능성이 있습니다.""]",-0.6246450880181714,4.770017035775128,0.9164289764618813,2.928375964588856
005380,현대차,2023-04-03,183600,Buy,75,"[""2022년 매출 및 영업이익이 전년 대비 큰 폭으로 증가하며 견조한 실적 성장세를 보이고 있습니다."", ""현재가 기준 PER 6.4배, PBR 0.41배로 저평가 매력이 존재하며, 52주 최고가 대비 현재 위치가 63.9%로 상승 여력이 있습니다."", ""최근 1개월 수익률이 4.26%로 긍정적인 흐름을 보이고 있으며, 영업현금흐름이 +10.6조원으로 재무 안정성을 뒷받침하고 있습니다.""]",4.515778019586507,9.357997823721437,1.800610574182138,8.515832301308713
005380,현대차,2023-05-02,201500,Buy,75,"[""현대차는 2022년 연간 실적에서 매출과 영업이익이 전년 대비 크게 증가하며 견조한 성장세를 보였습니다."", ""현재가는 52주 최고가에 근접한 수준으로, 최근 1개월 수익률이 9.21%로 양호하며 거래량 변화율도 높아 상승 모멘텀이 유지될 가능성이 있습니다."", ""PER 7.1, PBR 0.45로 저평가된 것으로 보이며, 영업현금흐름이 10.6조원으로 안정적인 재무 상태를 유지하고 있습니다.""]",3.482587064676617,-0.7462686567164178,3.8983542350612055,-4.7424308059128695
005380,현대차,2023-06-01,197500,Sell,75,"[""최근 1개월 수익률이 0.00%로 횡보하며 상승 동력이 약화된 모습을 보입니다."", ""거래량 변화율이 -23.36%로 감소하며 시장의 관심이 줄어들고 있음을 시사합니다."", ""52주 최고가 대비 현재 위치가 78.8%로 상승 여력이 제한적일 수 있습니다.""]",-1.6541353383458646,4.511278195488721,-2.730110981855405,4.46860820748246
005380,현대차,2023-07-03,208500,Buy,75,"[""현대차는 2023년 1분기 전년 동기 대비 매출 24.7%, 영업이익 86.2%라는 매우 견조한 성장세를 기록하며 실적 개선 모멘텀을 보여주고 있습니다."", ""현재가 52주 최고가 대비 2.5% 낮은 수준으로, 단기적으로 상승 여력이 남아있을 가능성이 있습니다."", ""PER 7.3배, PBR 0.47배는 동종 업계 및 시장 평균 대비 저평가된 수준으로 판단됩니다.""]",-0.4807692307692308,-4.134615384615384,0.7076733387654628,-6.978856913780822
005380,현대차,2023-08-01,199400,Sell,75,"[""최근 1개월 수익률이 -4.36%로 하락세를 보이고 있으며, 52주 최고가 대비 현재 위치가 82.0%로 상승 여력이 제한적입니다."", ""부채비율이 181.5%로 다소 높은 수준이며, 영업현금흐름이 577억원으로 영업이익 규모에 비해 상대적으로 낮아 재무 안정성에 대한 우려가 있습니다."", ""2023년 1분기 매출 및 영업이익이 전년 동기 대비 크게 증가했으나, 이는 이미 주가에 반영되었을 가능성이 높으며 향후 20거래일 내 추가적인 상승 동력이 약하다고 판단됩니다.""]",-1.6103896103896103,-1.7662337662337664,-1.176599045238857,0.5345761035526184
005380,현대차,2023-09-01,187400,Sell,75,"[""최근 1개월 수익률이 -2.65%로 하락세를 보이고 있으며, 거래량 변화율 또한 -36.97%로 감소하여 투자 심리가 위축된 것으로 판단됩니다."", ""부채비율 178.5%와 영업현금흐름 -1,471억원은 재무 안정성에 대한 우려를 제기하며, 이는 향후 주가 상승에 부담으로 작용할 수 있습니다."", ""PER 6.6, PBR 0.42, ROE 6.4% 등 일부 재무 지표는 매력적으로 보이나, 최근의 기술적 지표와 재무 안정성 지표의 부정적인 신호가 더 강하게 작용할 것으로 예상됩니다.""]",-0.9610250934329952,2.616123865456487,0.10956746620021252,9.418855482178941
005380,현대차,2023-10-04,190800,Buy,75,"[""2023년 2분기 매출 및 영업이익이 전년 동기 대비 큰 폭으로 증가하며 견조한 성장세를 보이고 있습니다."", ""PER 6.7, PBR 0.43은 현재 주가가 기업의 이익 및 자산 가치 대비 저평가되어 있음을 시사합니다."", ""최근 1개월 수익률이 1.60%로 소폭 상승세를 보이고 있으며, 52주 최고가 대비 현재 위치가 67.5%로 상승 여력이 남아있습니다.""]",-1.7847769028871392,-8.976377952755906,-3.9710807804042045,-7.509411735415259
005380,현대차,2023-11-01,170300,Sell,75,"[""최근 1개월 수익률이 -10.70%로 하락세를 보이고 있으며, 52주 최고가 대비 현재 위치가 32.7%로 상승 여력이 제한적입니다."", ""부채비율이 178.5%로 다소 높은 수준이며, 영업현금흐름이 -1,471억원으로 마이너스를 기록하여 재무 안정성에 대한 우려가 있습니다."", ""PER 6.0, PBR 0.38은 저평가 매력을 시사하지만, 최근 실적 개선에도 불구하고 단기적인 주가 하락 압력이 더 강하게 작용할 가능성이 있습니다.""]",1.5697674418604652,7.151162790697674,-2.0134890708234794,-1.0502950945152083
005380,현대차,2023-12-01,182800,Buy,75,"[""2023년 3분기 전년 동기 대비 146.3% 증가한 영업이익은 강력한 실적 개선세를 시사하며, 이는 향후 주가 상승의 주요 동력이 될 수 있습니다."", ""현재 PER 6.4배와 PBR 0.41배는 시장 평균 대비 저평가 가능성을 나타내며, 이는 주가 상승 여력을 제공할 수 있습니다."", ""최근 1개월 수익률 6.28%는 단기적인 상승 모멘텀을 보여주지만, 거래량 변화율 -27.08%는 상승세 지속에 대한 일부 우려를 제기합니다.""]",2.092511013215859,4.6255506607929515,1.678586283101928,1.759887327525882
005380,현대차,2024-01-02,200500,Buy,75,"[""현대차의 2023년 3분기 영업이익이 전년 동기 대비 146.3% 증가하며 견조한 실적 개선세를 보이고 있습니다."", ""PER 7.0, PBR 0.45로 현재 주가가 기업의 내재가치 대비 저평가된 것으로 판단됩니다."", ""최근 1개월 수익률 8.50%와 거래량 변화율 25.44%는 시장의 긍정적인 관심과 수급 개선 가능성을 시사합니다.""]",-3.663570691434469,0.41279669762641896,-1.1579231082932266,4.6401421226046455
005380,현대차,2024-02-01,208000,Buy,75,"[""2023년 3분기 전년 동기 대비 146.3%의 폭발적인 영업이익 증가와 9.3%의 높은 영업이익률은 견조한 수익성을 시사합니다."", ""현재가 52주 최고가 대비 낮은 수준(95.3%)에 위치하며 최근 1개월 수익률이 7.33%로 상승세를 보이고 있어 추가 상승 여력이 있습니다."", ""PER 7.3, PBR 0.47은 상대적으로 낮은 밸류에이션을 나타내며, 이는 향후 주가 상승의 잠재력을 내포하고 있습니다.""]",9.691629955947137,10.572687224669604,8.378974859610569,9.57165866591367
005380,현대차,2024-03-04,255500,Sell,75,"[""최근 1개월 수익률이 34.47%로 매우 높고, 현재가가 52주 최고가에 도달하여 단기 차익 실현 매물이 출회될 가능성이 높습니다."", ""영업이익률이 9.3%로 양호하나, 부채비율이 175.8%로 다소 높아 재무 안정성에 대한 우려가 존재합니다."", ""영업현금흐름이 -3,498억원으로 마이너스를 기록하고 있어, 영업 활동을 통한 현금 창출 능력이 저하되고 있습니다.""]",-3.0120481927710845,-11.646586345381527,-4.235344033338754,-15.562944766156033
005380,현대차,2024-04-01,227500,Sell,75,"[""최근 1개월 수익률이 -9.18%로 하락세를 보이고 있으며, 거래량 변화율 또한 -55.28%로 감소하여 투자 심리가 위축된 것으로 판단됩니다."", ""부채비율 177.4%와 영업현금흐름 -2.5조원은 재무 안정성에 대한 우려를 제기하며, 이는 향후 주가 상승 동력을 약화시킬 수 있습니다."", ""52주 최고가 대비 현재 위치가 67.4%로, 상승 여력보다는 하락 위험이 상대적으로 높아 보입니다.""]",3.6363636363636362,13.18181818181818,5.379814797937973,15.706553395173007
005380,현대차,2024-05-02,249000,Sell,75,"[""최근 1개월 수익률이 9.45%로 양호하나, 52주 최고가 대비 현재 위치가 92.4%로 상승 여력이 제한적입니다."", ""매출 및 영업이익이 크게 증가했음에도 불구하고, 영업현금흐름이 마이너스(-)를 기록하며 재무 안정성에 대한 우려가 존재합니다."", ""거래량 변화율이 -1.62%로 감소 추세를 보이며, 이는 단기적인 매도 압력 증가 가능성을 시사합니다.""]",1.6597510373443984,7.468879668049793,-0.22993860971178504,8.011726456735573
005380,현대차,2024-06-03,265000,Sell,75,"[""최근 1개월 수익률은 긍정적이나, 거래량 변화율이 크게 감소하며 매도 압력이 감지됩니다."", ""영업이익이 전년 동기 대비 감소했으며, 영업현금흐름이 마이너스를 기록하며 단기적인 수익성 및 현금 창출 능력에 대한 우려가 있습니다."", ""현재가가 52주 최고가 대비 낮은 수준이지만, 52주 내 현재 위치가 88.8%로 높은 편이며, 20거래일 내 추가 상승 동력이 약하다고 판단됩니다.""]",4.247104247104247,6.563706563706563,1.7652290358048899,1.6085959367579017
005380,현대차,2024-07-01,286000,Sell,75,"[""최근 1개월 수익률이 11.28%로 높지만, 52주 최고가 대비 현재 위치가 90.7%로 상승 여력이 제한적입니다."", ""2024년 1분기 영업이익이 전년 동기 대비 2.3% 감소하며 성장세 둔화 가능성을 시사합니다."", ""부채비율 182.1%와 영업현금흐름 -9,426억원은 재무 안정성에 대한 우려를 제기합니다.""]",0.7339449541284404,-8.256880733944955,-2.37732278319023,-6.722463323503579
005380,현대차,2024-08-01,253500,Sell,75,"[""최근 1개월 수익률이 -8.15%로 하락세를 보이고 있으며, 거래량 변화율 또한 -17.88%로 감소하여 투자 심리가 위축된 것으로 판단됩니다."", ""2024년 1분기 영업이익이 전년 동기 대비 2.3% 감소하였음에도 불구하고, 부채비율이 182.1%로 높고 영업현금흐름이 마이너스(-)를 기록하여 재무 건전성에 대한 우려가 존재합니다."", ""현재가가 52주 최고가 대비 약 14.7% 하락한 수준이지만, 최근 단기 하락 추세와 재무 지표의 불확실성을 고려할 때 향후 20거래일 내 추가 하락 가능성이 높다고 판단됩니다.""]",-0.4098360655737705,0.819672131147541,2.869452774157348,0.6399390030811501
005380,현대차,2024-09-02,246000,Sell,65,"[""최근 1개월 수익률이 -2.96%로 하락세를 보이고 있으며, 거래량 변화율 또한 -5.72%로 감소하여 투자 심리가 위축된 것으로 판단됩니다."", ""2분기 매출 및 영업이익 증가율이 둔화된 점은 향후 성장성에 대한 의문을 제기합니다."", ""부채비율 179.5%는 재무 안정성 측면에서 다소 부담스러운 수준입니다.""]",-2.736842105263158,3.578947368421052,2.5622050419955706,6.216086483420132
005380,현대차,2024-10-02,237000,Sell,75,"[""최근 1개월 수익률이 -8.49%로 하락세를 보이고 있으며, 이는 단기적인 투자 심리 위축을 시사합니다."", ""거래량 변화율이 -1.11%로 감소하는 추세는 매수세 약화를 나타내며, 이는 주가 하락 압력으로 작용할 수 있습니다."", ""2분기 매출 및 영업이익 증가율이 둔화된 점은 향후 성장 모멘텀 약화 가능성을 내포하고 있습니다.""]",3.7578288100208765,-9.603340292275574,1.6727686281326508,-10.352841208721388
005380,현대차,2024-11-01,213500,Sell,75,"[""최근 1개월 수익률이 -12.50%로 하락세를 보이고 있으며, 거래량 변화율 또한 -9.50%로 감소하는 추세입니다."", ""2분기 실적은 매출과 영업이익이 전년 동기 대비 소폭 증가했으나, 영업이익률이 9.5%로 전년 동기 대비 큰 개선을 보이지 않았습니다."", ""부채비율이 179.5%로 다소 높은 수준이며, 이는 재무 안정성에 대한 우려를 제기할 수 있습니다.""]",-2.5404157043879905,-0.23094688221709006,-0.326794071074358,4.963783068303766
005380,현대차,2024-12-02,216000,Sell,75,"[""최근 3분기 영업이익이 전년 동기 대비 감소했으며, 영업이익률 또한 하락한 점은 부정적 신호입니다."", ""부채비율이 174.5%로 다소 높은 수준이며, 영업현금흐름이 마이너스를 기록한 점은 재무 안정성에 대한 우려를 제기합니다."", ""최근 1개월 수익률이 1.17%로 미미한 수준이며, 52주 최고가 대비 현재 위치가 30.4%에 머물러 있어 단기적인 상승 모멘텀이 약하다고 판단됩니다.""]",-1.8648018648018647,-0.6993006993006993,1.4254665244625557,1.6278062164226652
005380,현대차,2025-01-02,211500,Sell,65,"[""최근 1개월 수익률이 마이너스(-)를 기록하고 거래량 변화율 또한 감소하는 등 단기적인 하락 추세가 관찰됩니다."", ""전년 동기 대비 영업이익이 감소했으며, 영업현금흐름이 마이너스(-)를 기록하는 등 재무적인 부담이 존재합니다."", ""현재가가 52주 최고가 대비 상당 부분 하락한 위치에 있으며, 이는 추가적인 하락 가능성을 시사할 수 있습니다.""]",6.103286384976526,-4.460093896713615,3.0786172721472718,-8.343513500959451
005380,현대차,2025-02-03,202000,Sell,75,"[""최근 1개월 수익률이 -7.13%로 하락세를 보이고 있으며, 3분기 영업이익이 전년 동기 대비 감소한 점은 부정적인 신호입니다."", ""부채비율이 174.5%로 다소 높은 수준이며, 영업현금흐름이 -1.7조원으로 마이너스를 기록한 점은 재무 안정성에 대한 우려를 제기합니다."", ""현재가가 52주 최고가 대비 상당 부분 하락한 위치에 있으며, 거래량 변화율이 30.38%로 증가한 것은 단기적인 매도 압력을 시사할 수 있습니다.""]",-0.7960199004975124,-3.134328358208955,-3.1073480679962784,-6.214487443348519
005380,현대차,2025-03-04,190300,Sell,65,"[""현재가가 52주 최저가와 동일하며, 최근 1개월 수익률이 마이너스인 점은 하락 압력을 시사합니다."", ""매출은 증가했으나 영업이익이 감소한 3분기 실적은 수익성 둔화 가능성을 보여줍니다."", ""부채비율이 높고 영업현금흐름이 마이너스인 점은 재무 안정성에 대한 우려를 제기합니다.""]",1.7976373908577297,0.8217770929635336,1.1452076863470109,2.8650665270423326
005380,현대차,2025-04-01,198600,Sell,75,"[""PER 4.2, PBR 0.34로 저평가된 측면이 있으나, 52주 최고가 대비 현재 위치가 7.7%로 상승 여력이 제한적입니다."", ""최근 1개월 수익률은 2.90%로 양호하나, 거래량 변화율이 -4.62%로 감소하는 추세는 투자 심리 위축을 시사합니다."", ""매출은 증가했으나 영업이익이 전년 대비 감소했고, 영업현금흐름이 마이너스(-)를 기록하며 재무 안정성에 대한 우려가 존재합니다.""]",-9.322465613856343,-2.9037187977585326,-0.8559112173617152,-4.928971605177941
005380,현대차,2025-05-02,189400,Sell,75,"[""최근 1개월 수익률이 -3.52%로 하락세를 보이고 있으며, 거래량 변화율 또한 -2.08%로 감소하는 추세입니다."", ""2024년 연간 영업이익이 전년 대비 5.9% 감소한 점은 향후 수익성 둔화 가능성을 시사합니다."", ""부채비율 182.5%와 영업현금흐름 -5.7조원은 재무 안정성에 대한 우려를 제기하며, 이는 주가 하락 압력으로 작용할 수 있습니다.""]",5.063965884861407,1.0660980810234542,2.4697472198524717,-8.190642924493678
005380,현대차,2025-06-02,184000,Sell,75,"[""최근 1개월 수익률이 -4.56%로 하락세를 보이고 있으며, 거래량 변화율 또한 -21.94%로 감소하여 투자 심리가 위축된 것으로 판단됩니다."", ""현재가가 52주 최고가 대비 5.4% 낮은 수준이지만, 52주 최저가와의 격차가 크지 않아 추가 하락 가능성을 배제할 수 없습니다."", ""매출은 증가했으나 영업이익 증가율이 둔화되었고, 부채비율이 182.7%로 다소 높아 재무 안정성에 대한 우려가 존재합니다.""]",8.333333333333332,15.32258064516129,2.949045536131038,2.8559640234870027
005380,현대차,2025-07-01,210000,Buy,75,"[""최근 1개월 수익률 9.95%와 거래량 변화율 43.09%는 긍정적인 모멘텀을 시사합니다."", ""PER 4.4, PBR 0.36은 현재 주가가 기업의 내재가치 대비 저평가되었을 가능성을 나타냅니다."", ""2025년 1분기 매출 및 영업이익이 전년 동기 대비 증가하며 견조한 실적 성장세를 보이고 있습니다.""]",-1.873536299765808,4.449648711943794,-3.781791748439975,-1.3847089916457245
005380,현대차,2025-08-01,210000,Sell,75,"[""최근 1개월 수익률이 -2.10%로 하락세를 보이고 있으며, 52주 최고가 대비 현재 위치가 37.8%로 상승 여력이 제한적일 수 있습니다."", ""매출은 증가했으나 영업이익 증가율이 2.1%로 매출 증가율에 비해 낮아 수익성 개선 모멘텀이 약합니다."", ""부채비율이 182.7%로 다소 높아 재무 안정성에 대한 우려가 존재하며, 이는 향후 주가에 하방 압력으로 작용할 수 있습니다.""]",0.7109004739336493,4.265402843601896,-1.1640895983401967,3.4838922407903667
005380,현대차,2025-09-01,220500,Sell,75,"[""2025년 2분기 영업이익이 전년 동기 대비 15.8% 감소하며 수익성 둔화가 예상되는 점은 부정적입니다."", ""최근 1개월 수익률은 3.52%로 양호하나, 거래량 변화율이 -47.25%로 크게 감소하여 투자 심리가 위축될 가능성이 있습니다."", ""현재 주가는 52주 최고가 대비 약 15% 하락한 수준으로, 단기적인 하락 압력이 존재할 수 있습니다.""]",-0.45454545454545453,-2.272727272727273,-3.2190575670172903,-10.224245863046752
005380,현대차,2025-10-01,215500,Sell,65,"[""2025년 2분기 영업이익이 전년 동기 대비 15.8% 감소하며 수익성 둔화가 예상되는 점은 부정적입니다."", ""부채비율이 179.5%로 다소 높은 수준이며, 이는 재무 안정성에 대한 우려를 제기할 수 있습니다."", ""최근 1개월 수익률이 -2.05%로 약세를 보이고 있으며, 52주 최고가 대비 현재 위치가 46.6%로 상승 여력에 대한 의문이 있습니다.""]",10.0,22.272727272727273,4.388610423164596,8.82635469967581
005380,현대차,2025-11-03,291500,Sell,75,"[""최근 1개월 수익률이 35.90%로 매우 높고, 현재가가 52주 최고가와 동일한 수준에 도달하여 단기 차익 실현 매물이 출회될 가능성이 높습니다."", ""2025년 2분기 영업이익이 전년 동기 대비 15.8% 감소하며 수익성 악화가 관찰되었습니다."", ""부채비율이 179.5%로 다소 높아 재무 안정성에 대한 우려가 존재합니다.""]",-2.536231884057971,-3.6231884057971016,-2.1638163508123163,-0.5465751308210005
005380,현대차,2025-12-01,254500,Sell,75,"[""최근 1개월 수익률이 -12.24%로 하락세를 보이고 있으며, 거래량 변화율 또한 -48.06%로 감소하여 투자 심리가 위축된 것으로 판단됩니다."", ""2025년 3분기 영업이익이 전년 동기 대비 -29.1% 감소한 점은 향후 수익성 악화 가능성을 시사합니다."", ""부채비율 182.8%와 영업현금흐름 -3.9조원은 재무 건전성에 대한 우려를 제기하며, 이는 주가 하락 압력으로 작용할 수 있습니다.""]",15.413533834586465,12.218045112781954,11.693318461601198,4.3405604009096495
000270,기아,2023-01-02,61500,Sell,75,"[""최근 1개월 수익률이 -10.35%로 하락세를 보이고 있으며, 거래량 변화율 또한 -11.90%로 감소하는 추세는 투자 심리 위축을 시사합니다."", ""2022년 3분기 영업이익이 전년 동기 대비 -42.1% 감소하며 수익성이 악화된 점은 향후 주가에 부정적인 영향을 미칠 수 있습니다."", ""현재가가 52주 최고가 대비 약 29.6% 하락한 위치에 있으며, 52주 최저가에 근접한 8.0% 수준에 머물러 있어 추가 하락 가능성을 배제할 수 없습니다.""]",2.403846153846154,11.698717948717949,-3.574032584863354,0.42174244977261566
000270,기아,2023-02-01,69500,Sell,75,"[""최근 1개월 수익률이 17.20%로 높지만, 2022년 3분기 영업이익이 전년 동기 대비 42.1% 감소하며 수익성 악화가 관찰되었습니다."", ""매출은 증가했으나 영업이익률이 3.3%로 낮아진 점은 향후 주가 상승 동력 약화를 시사합니다."", ""현재가 52주 최고가 대비 37.8% 낮은 수준이지만, 최근 단기 급등 후 수익성 악화라는 부정적 실적 모멘텀이 하락 압력으로 작용할 가능성이 있습니다.""]",2.8694404591104736,12.195121951219512,2.3574674187034925,13.686081414619919
000270,기아,2023-03-02,77800,Sell,75,"[""최근 1개월 수익률이 16.47%로 높았으나, 거래량 변화율이 -15.62%로 감소하며 상승 동력이 약화될 가능성을 시사합니다."", ""2022년 3분기 영업이익이 전년 동기 대비 -42.1% 감소하며 수익성 악화가 관찰되었습니다."", ""PER 6.5, PBR 0.87은 현재 주가가 저평가되었음을 나타낼 수 있으나, 최근 실적 부진과 거래량 감소는 단기적인 하락 압력으로 작용할 수 있습니다.""]",-0.2557544757033248,3.580562659846547,1.285319588776728,1.7389215886602754
000270,기아,2023-04-03,81200,Buy,75,"[""PER 6.0, PBR 0.81로 현재 주가가 기업의 내재가치 대비 저평가된 것으로 판단됩니다."", ""2022년 매출 및 영업이익이 전년 대비 큰 폭으로 성장했으며, 영업이익률 또한 양호한 수준을 유지하고 있습니다."", ""52주 최고가 대비 현재 위치가 81.1%로 상승 여력이 남아있으며, 최근 1개월 수익률도 긍정적인 흐름을 보이고 있습니다.""]",6.117353308364544,7.990012484394507,3.4021858629601756,7.147846961981783
000270,기아,2023-05-02,86900,Buy,75,"[""현재가가 52주 최고가와 동일하며, 최근 1개월 수익률이 7.28%로 긍정적인 흐름을 보이고 있습니다."", ""2022년 연간 실적에서 매출과 영업이익이 전년 대비 큰 폭으로 증가했으며, 영업이익률도 8.4%로 견조합니다."", ""부채비율 87.3%와 영업현금흐름 +9.3조원으로 재무 안정성이 양호하며, PER 6.4, PBR 0.86은 현재 주가가 저평가될 가능성을 시사합니다.""]",4.161849710982659,-1.5028901734104045,4.577616881367247,-5.499052322606856
000270,기아,2023-06-01,84200,Buy,75,"[""기아는 2023년 1분기 매출 및 영업이익이 전년 동기 대비 큰 폭으로 증가하며 견조한 실적 성장세를 보이고 있습니다."", ""현재가 기준 PER 6.2배, PBR 0.84배는 동종 업계 및 시장 평균 대비 저평가 가능성을 시사하며, ROE 13.5%는 양호한 수익성을 나타냅니다."", ""최근 1개월 수익률은 소폭 하락했으나, 52주 최고가 대비 현재 위치가 80.8%로 상승 추세의 연장 가능성을 배제할 수 없습니다.""]",-4.225352112676056,3.873239436619718,-5.3013277561855965,3.830569448613457
000270,기아,2023-07-03,88500,Buy,75,"[""2023년 1분기 매출 및 영업이익이 전년 동기 대비 큰 폭으로 증가하며 견조한 실적 성장세를 보여주고 있습니다."", ""현재가 52주 최고가 대비 낮은 수준에 위치하며, 최근 1개월 수익률이 긍정적인 흐름을 나타내고 있습니다."", ""PER 6.6배, PBR 0.88배로 시장 평균 대비 저평가된 것으로 판단되며, ROE 13.4%는 양호한 수익성을 시사합니다.""]",-0.44994375703037126,-6.299212598425196,0.7384988125043224,-9.143454127590633
000270,기아,2023-08-01,83300,Sell,75,"[""최근 1개월 수익률이 -5.88%로 하락세를 보이고 있으며, 거래량 변화율 또한 -13.38%로 감소하여 투자 심리가 위축된 것으로 판단됩니다."", ""현재가가 52주 최고가 대비 약 7.6% 하락한 수준으로, 단기적인 추가 하락 가능성을 배제할 수 없습니다."", ""견조한 실적에도 불구하고 최근 시장의 부정적인 흐름과 기술적 지표의 약세가 향후 20거래일 내 주가 하락 가능성을 시사합니다.""]",-1.375,0.25,-0.9412094348492468,2.550809869786385
000270,기아,2023-09-01,79700,Buy,75,"[""기아는 현재가 기준 PER 5.9배, PBR 0.79배로 저평가 구간에 있으며, ROE 13.4%로 양호한 수익성을 보여주고 있습니다."", ""2023년 2분기 매출액 26.2조원 (+20.0% YoY), 영업이익 3.4조원 (+52.3% YoY)으로 견조한 성장세를 기록하며 실적 개선이 지속되고 있습니다."", ""52주 최고가 대비 현재 위치가 66.2%로 상승 여력이 남아있으며, 최근 1개월 수익률은 소폭 하락했으나 거래량 변화율이 큰 폭으로 감소하여 단기적인 매물 소화 과정을 거친 후 상승 전환 가능성이 있습니다.""]",-3.0,6.5,-1.9294074403667922,13.302731616722454
000270,기아,2023-10-04,81900,Buy,75,"[""기아는 2023년 2분기 전년 동기 대비 매출 20.0%, 영업이익 52.3% 증가라는 견조한 실적을 달성했습니다."", ""현재 PER 6.1배, PBR 0.81배로 저평가된 것으로 판단되며, ROE 13.3%는 양호한 수익성을 보여줍니다."", ""영업현금흐름이 6.6조원으로 안정적인 재무 상태를 유지하고 있으며, 부채비율 82.6%는 관리 가능한 수준입니다.""]",0.8383233532934131,-7.065868263473053,-1.3479805242236522,-5.598902046132407
000270,기아,2023-11-01,77400,Buy,75,"[""기아의 2023년 2분기 실적은 매출과 영업이익 모두 전년 동기 대비 큰 폭으로 증가하며 견조한 성장세를 보여주고 있습니다."", ""PER 5.7, PBR 0.77은 현재 주가가 기업의 이익 및 자산 가치 대비 저평가되어 있음을 시사합니다."", ""최근 1개월 수익률은 하락했으나, 거래량 변화율이 42.99%로 증가한 점은 향후 주가 반등 가능성을 시사합니다.""]",-1.2738853503184715,9.42675159235669,-4.857141863002417,1.2252937071438073
000270,기아,2023-12-01,85800,Buy,75,"[""기아는 2023년 3분기 전년 동기 대비 매출 10.3% 증가, 영업이익 272.9% 증가라는 매우 견조한 실적 성장을 기록했습니다."", ""PER 6.4, PBR 0.85로 현재 주가는 저평가된 것으로 판단되며, ROE 13.4%는 양호한 수익성을 보여줍니다."", ""최근 1개월 수익률 9.30%로 단기적인 상승 모멘텀이 관찰되며, 52주 최고가 대비 현재 위치가 높아 추가 상승 여력이 있습니다.""]",3.56718192627824,10.46373365041617,3.1532571961643088,7.598070317149101
000270,기아,2024-01-02,97600,Buy,75,"[""기아의 2023년 3분기 영업이익이 전년 동기 대비 272.9% 증가하며 강력한 실적 개선세를 보였음."", ""현재 주가가 52주 최고가 대비 약 5.9% 하락한 수준으로, 단기적인 조정 후 상승 여력이 존재할 수 있음."", ""최근 1개월 수익률이 13.49%로 양호한 흐름을 보이고 있으며, 거래량 변화율도 긍정적인 신호를 나타내고 있음.""]",-3.518123667377399,9.701492537313433,-1.0124760842361566,13.92883796229166
000270,기아,2024-02-01,106300,Buy,75,"[""기아는 2023년 3분기 전년 동기 대비 272.9% 증가한 2.9조원의 영업이익을 기록하며 견조한 실적 성장세를 보여주고 있습니다."", ""현재가 106,300원은 52주 최고가와 동일하며, 최근 1개월 수익률 13.33%와 거래량 변화율 33.67%는 긍정적인 모멘텀을 시사합니다."", ""PER 7.9, PBR 1.05, ROE 13.3%는 현재 주가가 기업의 내재가치 대비 매력적인 수준임을 나타내며, 부채비율 80.0%와 영업현금흐름 11.0조원은 재무 안정성을 뒷받침합니다.""]",-1.9246861924686192,6.2761506276150625,-3.2373412888051885,5.275122068859128
000270,기아,2024-03-04,125600,Buy,75,"[""최근 1개월 수익률이 28.16%로 강한 상승세를 보이고 있으며, 52주 최고가에 도달한 점은 긍정적입니다."", ""2023년 3분기 영업이익이 전년 동기 대비 272.9% 증가하는 등 견조한 실적 개선세를 보이고 있습니다."", ""PER 9.3배, PBR 1.25배로 시장 평균 대비 저평가된 측면이 있어 추가 상승 여력이 존재할 수 있습니다.""]",2.5203252032520327,-14.878048780487804,1.2970293626843625,-18.79440720126231
000270,기아,2024-04-01,108700,Sell,75,"[""최근 1개월 수익률이 -12.69%로 하락세를 보이고 있으며, 거래량 변화율 또한 -41.08%로 감소하여 투자 심리가 위축된 것으로 판단됩니다."", ""현재가가 52주 최고가 대비 약 15.5% 하락한 위치에 있으며, 이는 단기적인 하락 압력이 지속될 가능성을 시사합니다."", ""견조한 재무 지표에도 불구하고, 최근 시장의 부정적인 흐름과 기술적 지표의 하락 추세가 향후 20거래일 내 주가 하락 가능성을 높입니다.""]",3.151862464183381,14.231136580706782,4.8953136257577174,16.75587179406161
000270,기아,2024-05-02,119600,Buy,75,"[""기아는 2023년 매출 및 영업이익이 전년 대비 큰 폭으로 성장했으며, 영업이익률 또한 11.6%로 견조한 실적을 기록했습니다."", ""현재가 119,600원은 52주 최고가 128,500원에 근접한 수준이지만, 52주 최저가 76,900원 대비 높은 위치에 있어 상승 여력이 남아있습니다."", ""PER 5.4, PBR 1.00, ROE 18.5% 등 재무 지표들이 시장 평균 대비 매력적인 수준이며, 부채비율 73.2%와 영업현금흐름 11.3조원으로 재무 안정성 또한 우수합니다.""]",0.35118525021949076,4.477611940298507,-1.5385043968366927,5.020458728984288
000270,기아,2024-06-03,120700,Buy,75,"[""기아는 2024년 1분기 매출 및 영업이익이 전년 동기 대비 각각 10.7%, 19.2% 증가하며 견조한 성장세를 보이고 있습니다."", ""현재 PER 5.4배, PBR 1.01배는 시장 평균 대비 저평가 가능성을 시사하며, ROE 18.6%는 높은 수익성을 나타냅니다."", ""최근 1개월 수익률이 2.29%로 소폭 상승세를 보이고 있으며, 52주 최고가 대비 현재 위치가 84.9%로 상승 여력이 남아있습니다.""]",2.941176470588235,3.949579831932773,0.4593012592888783,-1.0055307950158885
000270,기아,2024-07-01,128600,Buy,75,"[""기아의 2024년 1분기 실적은 전년 동기 대비 매출과 영업이익이 모두 두 자릿수 증가하며 견조한 성장세를 보였습니다."", ""현재가 128,600원은 52주 최고가 132,300원에 근접한 수준으로, 상승 모멘텀이 유지될 가능성이 있습니다."", ""PER 5.8배, PBR 1.08배는 시장 평균 대비 저평가된 수준으로 판단되며, ROE 18.6%는 높은 수익성을 시사합니다.""]",-0.889967637540453,-9.70873786407767,-4.001235374859124,-8.174320453636293
000270,기아,2024-08-01,112100,Sell,75,"[""최근 1개월 수익률이 -9.38%로 하락세를 보이고 있으며, 거래량 변화율 또한 -22.05%로 감소하여 투자 심리가 위축된 것으로 판단됩니다."", ""현재가가 52주 최고가 대비 약 15% 하락한 위치에 있으며, 52주 내 현재 위치가 63.5%로 상승 추세가 둔화될 가능성을 시사합니다."", ""양호한 1분기 실적에도 불구하고 최근 시장의 부정적인 흐름과 기술적 지표의 약세가 단기적인 주가 하락 압력으로 작용할 수 있습니다.""]",-4.855275443510738,-0.9337068160597572,-1.57598660377962,-1.113439944126148
000270,기아,2024-09-02,106100,Sell,75,"[""최근 1개월 수익률이 -5.35%로 하락세를 보이고 있으며, 52주 최고가 대비 현재 위치가 52.7%로 상승 여력이 제한적일 수 있습니다."", ""2분기 실적은 전년 동기 대비 성장했으나, 매출 성장률 5.0%와 영업이익 성장률 7.1%는 시장의 높은 기대치를 충족시키지 못할 가능성이 있습니다."", ""거래량 변화율이 10.16%로 증가했음에도 불구하고 최근 수익률 하락세를 상쇄할 만큼 강한 매수세를 유입시키지 못하고 있습니다.""]",-1.9569471624266144,-2.5440313111545985,3.3420999848321142,0.09310780384448147
000270,기아,2024-10-02,98700,Sell,75,"[""최근 1개월 수익률이 -5.64%로 하락세를 보이고 있으며, 52주 최고가 대비 현재 위치가 39.4%로 상승 여력이 제한적일 수 있습니다."", ""2분기 매출 및 영업이익이 전년 동기 대비 소폭 증가했으나, 증가율이 둔화되는 추세를 보입니다."", ""거래량 변화율이 26.37%로 증가했음에도 불구하고 주가 하락이 동반되고 있어 매도 압력이 존재할 가능성이 있습니다.""]",2.6530612244897958,-0.6122448979591837,0.56800104260157,-1.361745814404999
000270,기아,2024-11-01,94300,Sell,75,"[""최근 1개월 수익률이 -5.61%로 하락세를 보이고 있으며, 52주 최고가 대비 현재 위치가 31.4%로 상승 여력이 제한적일 수 있습니다."", ""2분기 실적은 전년 동기 대비 매출과 영업이익이 소폭 증가했으나, 성장률 둔화 가능성을 시사합니다."", ""기술적 지표상 최근 하락 추세가 지속되고 있으며, 20거래일 내 추가 하락 가능성을 배제할 수 없습니다.""]",-2.8747433264887063,-3.285420944558522,-0.6611216931750739,1.9093090059623337
000270,기아,2024-12-02,94200,Sell,75,"[""최근 1개월 수익률이 -0.11%로 부진하며, 거래량 변화율이 -24.56%로 감소하는 등 단기적인 매도 압력이 감지됩니다."", ""현재가가 52주 최고가 대비 약 29% 하락한 위치에 있으며, 52주 내 현재 위치가 22.6%로 낮은 편입니다."", ""2024년 3분기 매출 및 영업이익 증가율이 각각 3.8%, 0.6%로 둔화된 모습을 보이며, 이는 향후 주가 상승 동력 약화 가능성을 시사합니다.""]",-2.2448979591836733,2.7551020408163267,1.0453704300807471,5.0822089565396915
000270,기아,2025-01-02,101600,Buy,75,"[""기아의 PER 4.6은 동종 업계 평균 대비 낮은 수준으로 밸류에이션 매력이 존재합니다."", ""최근 1개월 수익률 9.36%와 거래량 변화율 7.01%는 긍정적인 시장 관심을 시사합니다."", ""부채비율 67.5%와 영업현금흐름 10.0조원은 견고한 재무 안정성을 보여줍니다.""]",4.865938430983118,-1.8867924528301887,1.8412693181538642,-5.770212057076025
000270,기아,2025-02-03,96100,Sell,75,"[""최근 1개월 수익률이 -6.61%로 하락세를 보이고 있으며, 거래량 변화율 또한 마이너스를 기록하여 매도 압력이 존재함을 시사합니다."", ""현재가는 52주 최고가 대비 약 27.3% 하락한 수준으로, 단기적인 추가 하락 가능성을 배제할 수 없습니다."", ""2024년 3분기 매출 및 영업이익 증가율이 전년 동기 대비 각각 3.8%, 0.6%로 둔화된 모습을 보이며, 이는 향후 주가 상승 동력 약화로 이어질 수 있습니다.""]",-2.998965873836608,-0.8273009307135472,-5.310294041335374,-3.9074600158531116
000270,기아,2025-03-04,93300,Sell,75,"[""최근 1개월 수익률이 -8.53%로 하락세를 보이고 있으며, 52주 최고가 대비 현재 위치가 6.0%로 상승 여력이 제한적입니다."", ""2024년 3분기 매출 및 영업이익 증가율이 각각 3.8%, 0.6%로 둔화되어 향후 주가 상승 동력이 약할 수 있습니다."", ""PER 4.2, PBR 0.78은 저평가 구간으로 볼 수 있으나, 최근 시장의 부정적인 흐름과 실적 성장 둔화가 이를 상쇄할 가능성이 있습니다.""]",3.3368091762252345,-3.962460896767466,2.6843794717145157,-1.9191714626886673
000270,기아,2025-04-01,93200,Buy,75,"[""기아는 현재가 93,200원으로 52주 최저가 90,800원에 근접해 있어 기술적 반등 가능성이 존재합니다."", ""PER 3.7, PBR 0.65로 저평가 구간에 있으며, ROE 17.4%로 높은 수익성을 보여주고 있습니다."", ""2024년 연간 실적에서 매출과 영업이익이 전년 대비 각각 7.7%, 9.1% 증가하며 견조한 성장세를 유지하고 있습니다.""]",-9.011943539630836,-1.8458197611292075,-0.5453891431362088,-3.871072568548616
000270,기아,2025-05-02,89400,Sell,75,"[""현재가(89,400원)는 52주 최고가(132,300원) 대비 상당한 하락폭을 보이고 있으며, 52주 최저가(82,000원)에 근접한 수준으로 기술적 반등 가능성도 있으나, 최근 1개월 수익률이 -2.93%로 하락세를 이어가고 있습니다."", ""거래량 변화율이 -32.81%로 감소한 것은 투자자들의 관심 감소 또는 매도 압력 증가를 시사하며, 이는 향후 주가 하락 가능성을 높이는 요인으로 작용할 수 있습니다."", ""PER 3.6, PBR 0.63은 현재 기업 가치가 저평가되어 있음을 나타내지만, 기술적 지표와 최근 시장 심리를 고려할 때 단기적인 주가 상승 동력이 약하다고 판단됩니다.""]",4.880817253121453,5.675368898978434,2.286598588112518,-3.5813721065386996
000270,기아,2025-06-02,88400,Sell,75,"[""2025년 1분기 영업이익이 전년 동기 대비 12.2% 감소하며 수익성 둔화 가능성을 시사합니다."", ""최근 1개월 수익률이 마이너스(-)를 기록하며 단기적인 주가 하락 압력이 존재합니다."", ""현재가가 52주 최고가 대비 낮은 수준에 위치해 있으나, 52주 최저가 대비로는 높은 수준으로 추가 상승 여력이 제한적일 수 있습니다.""]",9.821428571428571,11.71875,4.437140774226277,-0.7478666216742873
000270,기아,2025-07-01,98700,Sell,75,"[""2025년 1분기 영업이익이 전년 동기 대비 12.2% 감소하며 수익성 둔화가 예상되는 점은 부정적 요인입니다."", ""현재가가 52주 최고가 대비 33.2% 하락한 위치에 있어 추가 하락 가능성을 시사합니다."", ""최근 1개월 수익률이 5.90%로 양호하나, 이는 단기적인 반등일 수 있으며 펀더멘털 개선 근거가 부족합니다.""]",-0.4,10.4,-2.308255448674167,4.5656422964104815
000270,기아,2025-08-01,100800,Sell,75,"[""2025년 1분기 영업이익이 전년 동기 대비 12.2% 감소하며 수익성 둔화 신호를 보이고 있습니다."", ""현재가가 52주 최고가 대비 약 16.2% 하락한 위치에 있어 추가 하락 가능성을 시사합니다."", ""최근 1개월 수익률이 0.70%로 미미한 수준이며, 거래량 변화율이 14.88%로 상승 추세를 강하게 지지하지 못하고 있습니다.""]",-1.1673151750972763,4.280155642023346,-3.0423052473711225,3.498645039211817
000270,기아,2025-09-01,106500,Sell,75,"[""2025년 2분기 영업이익이 전년 동기 대비 24.1% 감소하며 수익성 악화가 예상됩니다."", ""최근 1개월 수익률은 양호하나, 거래량 변화율이 -50.21%로 크게 감소하여 투자 심리 위축 가능성이 있습니다."", ""현재가(106,500원)가 52주 최고가(110,400원)에 근접해 있어 추가 상승 여력이 제한적일 수 있습니다.""]",-1.585820895522388,-6.063432835820896,-4.350333007994224,-14.014951426140374
000270,기아,2025-10-01,100600,Sell,75,"[""2025년 2분기 영업이익이 전년 동기 대비 24.1% 감소하며 수익성 악화가 예상되는 점은 부정적입니다."", ""최근 1개월 수익률이 -6.16%로 하락세를 보이고 있으며, 이는 단기적인 매도 압력을 시사합니다."", ""현재가가 52주 최고가 대비 약 9% 하락한 위치에 있지만, 실적 둔화 우려로 인해 추가 하락 가능성이 존재합니다.""]",6.813819577735125,7.485604606525912,1.2024300008997209,-5.960767966525551
000270,기아,2025-11-03,117700,Sell,75,"[""최근 1개월 수익률이 17.47%로 높고 52주 최고가에 근접한 94.2% 위치에 있어 단기 과열 가능성이 있습니다."", ""2025년 2분기 영업이익이 전년 동기 대비 24.1% 감소한 점은 향후 실적 둔화 우려를 시사합니다."", ""거래량 변화율이 48.96%로 높지만, 이는 단기적인 수급 변동성을 나타낼 수 있으며 실적 개선 근거가 부족합니다.""]",1.3986013986013985,2.272727272727273,1.7710169318470534,5.349340547703374
000270,기아,2025-12-01,112300,Sell,75,"[""2025년 3분기 영업이익이 전년 동기 대비 49.2% 감소하며 수익성 악화가 예상되는 점은 부정적입니다."", ""최근 1개월 수익률이 -6.34%로 하락세를 보이고 있으며, 거래량 변화율 또한 -39.27%로 감소하여 투자 심리가 위축된 것으로 판단됩니다."", ""현재가가 52주 최고가 대비 약 80% 수준에 위치하여 추가 상승 여력이 제한적일 수 있습니다.""]",5.811965811965812,3.076923076923077,2.0917504389805446,-4.8005616349492275
105560,KB금융,2023-01-02,47600,Sell,75,"[""최근 1개월 수익률이 -11.03%로 하락세를 보이고 있으며, 거래량 변화율 또한 -8.09%로 감소하는 추세입니다."", ""52주 최고가 대비 현재 위치가 17.6%로, 상승 여력보다는 하락 가능성이 상대적으로 높아 보입니다."", ""제공된 재무 및 실적 지표에서 PER, PBR, ROE, 매출, 영업이익, 순이익, 부채비율, 영업현금흐름 등 핵심적인 정보가 누락되어 있어 상승 근거를 명확히 제시하기 어렵습니다.""]",17.83893985728848,14.984709480122325,11.861061118578972,3.7077339811769914
105560,KB금융,2023-02-01,57400,Neutral,55,"[""최근 1개월 수익률이 18.35%로 양호하나, PER, PBR, ROE 등 핵심 재무지표 정보가 부재하여 기업의 내재가치 판단이 어렵습니다."", ""52주 최고가 대비 현재 위치가 62.0%로 상승 여력이 남아있으나, 2022년 3분기 실적 및 재무 안정성 지표가 부재하여 향후 주가 상승을 뒷받침할 근거가 부족합니다."", ""거래량 변화율이 58.72%로 높게 나타나 단기적인 매수세 유입 가능성을 시사하지만, 전반적인 재무 및 실적 정보 부족으로 인해 추세 지속 여부를 판단하기 어렵습니다.""]",-3.900709219858156,-11.347517730496454,-4.412682260265137,-9.856558267096048
105560,KB금융,2023-03-02,50600,Neutral,55,"[""제공된 재무 및 실적 데이터가 부족하여 기업의 내재가치 판단이 어렵습니다."", ""최근 1개월 수익률이 -9.48%로 하락세를 보이고 있으나, 52주 내 현재 위치가 37.9%로 하단에 위치하여 추가 하락 여력은 제한적일 수 있습니다."", ""거래량 변화율이 음수이고 PER, PBR, ROE 등 핵심 재무 지표가 부재하여 향후 주가 상승 또는 하락을 명확히 예측하기 어렵습니다.""]",-0.6,-4.7,0.9410740644800527,-6.541641071186272
105560,KB금융,2023-04-03,47300,Sell,75,"[""최근 1개월 수익률이 -5.40%로 하락세를 보이고 있으며, 거래량 변화율 또한 -21.70%로 감소하여 투자 심리가 위축된 것으로 판단됩니다."", ""52주 최고가 대비 현재가 위치가 19.8%로, 52주 내에서 상승 여력보다는 하락 위험이 상대적으로 높아 보입니다."", ""제공된 재무 및 실적 지표(PER, PBR, ROE, 매출, 영업이익, 순이익, 부채비율, 영업현금흐름)가 '해당없음' 또는 'N/A'로 부재하여 기업의 현재 재무 건전성 및 수익성을 파악하기 어려워 투자 판단에 불확실성이 존재합니다.""]",-1.6753926701570683,1.1518324607329842,-4.390560115561437,0.3096669383202597
105560,KB금융,2023-05-02,49500,Neutral,55,"[""제공된 재무 및 실적 데이터가 부족하여 명확한 상승 또는 하락 근거를 찾기 어렵습니다."", ""최근 1개월 수익률은 긍정적이나, 거래량 변화율은 하락 압력을 시사할 수 있습니다."", ""52주 최고가 대비 현재 위치는 상승 여력이 남아있음을 나타내지만, 전반적인 데이터 부족으로 확신하기 어렵습니다.""]",1.8633540372670807,-1.7598343685300208,2.279121207651669,-5.755996517726472
105560,KB금융,2023-06-01,46800,Neutral,55,"[""제공된 재무 및 실적 데이터가 전무하여 기업의 내재가치 판단이 불가능합니다."", ""최근 1개월 수익률이 마이너스(-)를 기록하며 하락세를 보이고 있습니다."", ""52주 최고가 대비 현재 위치가 낮지만, 거래량 변화율이 소폭 상승하여 방향성을 확신하기 어렵습니다.""]",2.73972602739726,2.528977871443625,1.6637503838877197,2.486307883437364
105560,KB금융,2023-07-03,48650,Neutral,55,"[""제공된 재무 및 실적 데이터가 전무하여 기업의 내재가치 및 수익성을 판단할 근거가 부족합니다."", ""현재가가 52주 최저가 대비 약 11% 상승한 위치에 있으나, 52주 최고가 대비로는 약 19% 하락한 상태로 상승 및 하락 모멘텀을 명확히 판단하기 어렵습니다."", ""최근 1개월 수익률은 긍정적이나 거래량 변화율이 마이너스인 점은 단기적인 매수세 약화를 시사할 수 있어 방향성을 확신하기 어렵습니다.""]",-2.37603305785124,9.090909090909092,-1.1875904883165462,6.246667561743654
105560,KB금융,2023-08-01,52800,Neutral,55,"[""제공된 재무 및 실적 데이터가 전무하여 기업의 내재가치 판단이 불가능합니다."", ""최근 1개월 수익률이 8.53%로 긍정적인 흐름을 보이나, 거래량 변화율 26.96%는 단기적 변동성을 시사할 수 있습니다."", ""52주 최고가 대비 현재 위치가 55.8%로 상승 여력과 하락 위험이 공존하는 구간으로 판단됩니다.""]",-3.4220532319391634,2.8517110266159698,-2.9882626667884105,5.152520896402354
105560,KB금융,2023-09-01,53600,Neutral,55,"[""제공된 재무 및 실적 데이터가 '해당없음' 또는 'N/A'로 대부분 비어 있어 기업의 현재 가치 및 수익성을 판단할 근거가 매우 부족합니다."", ""기술적 지표상 최근 1개월 수익률은 소폭 상승했으나, 거래량 변화율이 크게 하락하여 상승 동력이 약화되었음을 시사합니다."", ""52주 최고가 대비 현재 위치가 60.7%로 중간 수준에 머물러 있어, 향후 20거래일 내 뚜렷한 상승 또는 하락을 예상하기 어렵습니다.""]",2.2222222222222223,3.3333333333333335,3.29281478185543,10.136064950055786
105560,KB금융,2023-10-04,54700,Neutral,55,"[""제공된 재무 및 실적 데이터가 부족하여 명확한 상승 또는 하락 근거를 찾기 어렵습니다."", ""현재가가 52주 최고가 대비 약 8.7% 하락한 수준으로, 기술적으로는 상승 여력이 있을 수 있으나 이를 뒷받침할 재무적 근거가 부족합니다."", ""최근 1개월 수익률이 3.99%로 소폭 상승했으나, 거래량 변화율이 7.82%로 크지 않아 추세 전환을 확신하기 어렵습니다.""]",5.597014925373134,-1.8656716417910446,3.410711047856069,-0.3987054244503987
105560,KB금융,2023-11-01,51300,Neutral,55,"[""제공된 재무 및 실적 데이터가 부족하여 기업의 내재가치 판단이 어렵습니다."", ""최근 1개월 수익률이 마이너스(-)를 기록하며 하락세를 보였으나, 거래량 변화율은 소폭 상승하여 매수세 유입 가능성을 시사합니다."", ""52주 최고가 대비 현재 위치가 40.8%로 하락 여력보다는 상승 여력이 상대적으로 높아 보이나, 명확한 상승 동력이 부족합니다.""]",4.705882352941177,2.7450980392156863,1.122625840257232,-5.456359845997196
105560,KB금융,2023-12-01,51900,Neutral,55,"[""KB금융의 2023년 3분기 영업이익이 전년 동기 대비 12.7% 증가하며 견조한 실적을 기록했으나, PER, PBR, ROE 등 핵심 재무지표가 제공되지 않아 기업의 내재가치 평가에 한계가 있습니다."", ""현재가가 52주 최고가 대비 약 13.3% 하락한 수준에 위치하며, 최근 1개월 수익률이 소폭 상승했으나 거래량 변화율이 음수(-)를 기록하여 단기적인 매수세 유입이 약함을 시사합니다."", ""부채비율이 1117.4%로 매우 높아 재무 안정성에 대한 우려가 존재하며, 영업현금흐름 정보가 없어 현금 창출 능력 판단이 어렵습니다.""]",0.1941747572815534,0.3883495145631068,-0.2197499728323777,-2.477313818703963
105560,KB금융,2024-01-02,53600,Buy,65,"[""KB금융은 2023년 3분기 영업이익이 전년 동기 대비 12.7% 증가하며 견조한 실적 개선세를 보였습니다."", ""현재가는 52주 최고가 대비 약 10.7% 하락한 수준으로, 추가적인 상승 여력이 존재할 수 있습니다."", ""최근 1개월 수익률이 3.67%로 양호한 흐름을 보이고 있으나, 거래량 변화율이 음수(-)인 점은 단기적인 매도 압력을 시사할 수 있습니다.""]",-2.4714828897338403,7.604562737642586,0.0341646934074018,11.831908162620813
105560,KB금융,2024-02-01,61300,Buy,75,"[""최근 1개월 수익률 16.54%와 거래량 변화율 79.35%는 긍정적인 모멘텀을 시사합니다."", ""52주 최고가와 현재가가 일치하며, 52주 최저가 대비 높은 위치에 있어 상승 추세가 유지될 가능성이 있습니다."", ""2023년 3분기 영업이익이 전년 동기 대비 12.7% 증가한 2.0조원을 기록하며 견조한 실적을 보여주고 있습니다.""]",5.128205128205128,5.279034690799397,3.8155500318685585,4.278006132043462
105560,KB금융,2024-03-04,69000,Buy,75,"[""최근 1개월 수익률이 23.43%로 강한 상승세를 보이고 있으며, 52주 최고가에 근접한 97.0% 위치에 있어 추가 상승 가능성이 있습니다."", ""영업이익이 전년 동기 대비 12.7% 증가한 2.0조원을 기록하며 견조한 실적 개선세를 보여주고 있습니다."", ""거래량 변화율이 113.51%로 크게 증가하여 시장의 관심이 집중되고 있으며, 이는 매수세 유입을 시사합니다.""]",5.323741007194244,-0.8633093525179856,4.100445166626574,-4.779667773292491
105560,KB금융,2024-04-01,68400,Buy,75,"[""KB금융은 PER 5.9, PBR 0.43으로 저평가된 것으로 판단되며, 2023년 영업이익이 전년 대비 21.7% 증가하는 등 견조한 실적 성장을 보이고 있습니다."", ""최근 1개월 수익률이 7.72%로 양호한 흐름을 보이고 있으며, 52주 최고가 대비 현재 위치가 68.2%로 상승 여력이 남아있다고 판단됩니다."", ""부채비율이 1115.7%로 다소 높으나, 이는 금융업의 특성을 감안할 때 상대적으로 용인될 수 있는 수준이며, 전반적인 재무 건전성은 양호한 것으로 보입니다.""]",0.29027576197387517,4.934687953555878,2.033726923548212,7.459423166910705
105560,KB금융,2024-05-02,72300,Buy,75,"[""KB금융은 PER 6.2, PBR 0.46으로 저평가 구간에 있으며, 2023년 영업이익이 전년 대비 21.7% 증가하는 등 견조한 실적 성장을 보이고 있습니다."", ""현재가는 52주 최고가 대비 약 80.4% 수준으로, 상승 여력이 남아있다고 판단됩니다."", ""최근 1개월 수익률이 5.70%로 양호한 흐름을 보이고 있으나, 거래량 변화율이 -25.53%로 감소한 점은 단기적인 상승 모멘텀 약화 가능성을 시사합니다.""]",10.719131614654003,5.291723202170964,8.82944196759782,5.834569990856744
105560,KB금융,2024-06-03,79300,Buy,75,"[""KB금융은 현재가 79,300원으로 52주 최고가 81,600원에 근접하며, 52주 내 현재 위치가 93.5%로 높은 수준을 유지하고 있습니다."", ""최근 1개월 수익률이 4.89%로 긍정적인 흐름을 보이고 있으며, 2024년 1분기 영업이익이 전년 동기 대비 10.1% 증가한 2.4조원을 기록하며 견조한 실적 성장세를 나타내고 있습니다."", ""PER 6.8, PBR 0.50, ROE 7.3%는 상대적으로 저평가된 가치와 양호한 수익성을 시사하며, 이는 향후 주가 상승의 잠재력을 뒷받침합니다.""]",1.9329896907216495,8.762886597938143,-0.5488855205777072,3.807775970989482
105560,KB금융,2024-07-01,79600,Buy,75,"[""KB금융은 현재가 79,600원으로 52주 최고가 81,600원에 근접한 94.3% 위치에 있어 추가 상승 여력이 제한적일 수 있으나, PER 6.9배, PBR 0.50배로 저평가된 것으로 판단됩니다."", ""2024년 1분기 영업이익이 전년 동기 대비 10.1% 증가한 2.4조원을 기록하며 견조한 실적 성장세를 보이고 있습니다."", ""최근 1개월 수익률이 1.14%로 소폭 상승세를 보이고 있으며, 52주 최저가 대비 높은 수준을 유지하고 있어 긍정적인 흐름을 이어갈 가능성이 있습니다.""]",2.403846153846154,7.331730769230769,-0.7074215834725162,8.866148179672146
105560,KB금융,2024-08-01,88300,Buy,75,"[""KB금융은 현재가 88,300원으로 52주 최고가 90,800원에 근접한 94.2% 수준에 위치하며, 최근 1개월 수익률 4.62%로 상승세를 보이고 있습니다."", ""2024년 1분기 영업이익이 전년 동기 대비 10.1% 증가한 2.4조원을 기록하며 견조한 이익 성장세를 나타내고 있습니다."", ""PER 7.6, PBR 0.56은 상대적으로 낮은 밸류에이션을 시사하며, 이는 향후 주가 상승 여력을 제공할 수 있습니다.""]",-1.5625,5.408653846153847,1.7167888397311182,5.228920718087456
105560,KB금융,2024-09-02,87700,Sell,75,"[""최근 1개월 수익률이 마이너스(-)를 기록하며 약세를 보이고 있으며, 거래량 변화율 또한 감소하여 매도 압력이 존재할 가능성이 있습니다."", ""52주 최고가 대비 현재 위치가 92.5%로, 단기적으로 상승 여력이 제한적일 수 있습니다."", ""부채비율이 1140.7%로 매우 높아 재무 안정성에 대한 우려가 존재하며, 이는 향후 주가에 하방 압력으로 작용할 수 있습니다.""]",-4.712643678160919,2.7586206896551726,0.5864034690978093,5.3957598046542525
105560,KB금융,2024-10-02,81300,Sell,75,"[""최근 1개월 수익률이 -5.24%로 하락세를 보이고 있으며, 52주 최고가 대비 현재 위치가 77.1%로 상승 여력이 제한적일 수 있습니다."", ""부채비율이 1140.7%로 매우 높아 재무 안정성에 대한 우려가 존재합니다."", ""영업이익은 전년 동기 대비 증가했으나, 매출 및 영업이익률 정보가 없어 전반적인 사업 성장성을 판단하기 어렵습니다.""]",17.675544794188863,9.806295399515738,15.590484612300637,9.056794483069924
105560,KB금융,2024-11-01,91800,Buy,75,"[""KB금융은 PER 7.9배, PBR 0.58배로 저평가된 것으로 판단됩니다."", ""최근 1개월 수익률이 13.47%로 양호한 상승세를 보이고 있으며, 52주 최고가 대비 현재 위치가 82.2%로 상승 여력이 남아있습니다."", ""2024년 2분기 영업이익이 전년 동기 대비 12.2% 증가하며 견조한 실적 개선세를 나타내고 있습니다.""]",2.2050716648291067,6.284454244762955,4.418693298142739,11.47918419528381
105560,KB금융,2024-12-02,96400,Buy,75,"[""KB금융은 현재가 96,400원으로 52주 최고가 101,000원에 근접하며 상승 추세를 이어갈 가능성이 있습니다."", ""최근 1개월 수익률 5.01%는 시장에서 긍정적인 흐름을 보이고 있음을 시사합니다."", ""2024년 3분기 영업이익이 전년 동기 대비 21.1% 증가한 2.4조원을 기록하며 견조한 실적 성장을 보여주고 있습니다.""]",-17.687747035573125,-17.193675889328063,-14.397478646308704,-14.866568973604698
105560,KB금융,2025-01-02,83400,Sell,75,"[""최근 1개월 수익률이 -13.31%로 하락세를 보이고 있으며, 이는 단기적인 투자 심리 위축을 시사합니다."", ""부채비율이 1144.1%로 매우 높아 재무 안정성에 대한 우려가 존재하며, 이는 향후 주가 상승에 부담으로 작용할 수 있습니다."", ""영업이익은 전년 동기 대비 증가했으나, 매출 및 영업이익률 정보가 없어 실적 개선의 지속 가능성을 판단하기 어렵습니다.""]",4.77326968973747,1.3126491646778042,1.7486005769082156,-2.570770439568032
105560,KB금융,2025-02-03,88800,Buy,75,"[""KB금융은 현재가 88,800원으로 52주 최고가 101,200원 대비 하락했으나, 52주 최저가 49,300원 대비 높은 수준이며 52주 내 현재 위치가 76.1%로 상승 추세에 있음을 시사합니다."", ""최근 1개월 수익률이 3.86%로 양호한 흐름을 보이고 있으며, 2024년 3분기 영업이익이 전년 동기 대비 21.1% 증가한 2.4조원을 기록하며 견조한 실적 개선세를 나타내고 있습니다."", ""PER 7.7, PBR 0.56, ROE 7.3%는 현재 주가가 기업의 내재가치 대비 저평가되어 있을 가능성을 시사하며, 향후 주가 상승 여력을 보여줍니다.""]",-7.776560788608982,-16.10076670317634,-10.087888956107747,-19.180925788315903
105560,KB금융,2025-03-04,77900,Sell,75,"[""최근 1개월 수익률이 -15.05%로 큰 폭의 하락세를 보이고 있어 단기적인 하락 추세가 지속될 가능성이 있습니다."", ""부채비율이 1144.1%로 매우 높아 재무 안정성에 대한 우려가 주가에 부정적인 영향을 미칠 수 있습니다."", ""52주 최고가 대비 현재 위치가 40.1%로, 상승 여력보다는 하락 위험이 더 부각될 수 있는 구간입니다.""]",0.39164490861618795,5.091383812010443,-0.26078479589453096,7.134673246089243
105560,KB금융,2025-04-01,79600,Buy,75,"[""KB금융은 PER 6.2, PBR 0.50으로 저평가 구간에 있으며, 2024년 영업이익이 전년 대비 26.0% 증가하는 등 견조한 실적 성장을 보이고 있습니다."", ""최근 1개월 수익률이 1.66%로 소폭 상승세를 보이고 있으며, 52주 최저가 대비 현재 위치가 43.3%로 상승 여력이 존재합니다."", ""부채비율이 1167.0%로 다소 높으나, 이는 금융업의 특성을 감안할 때 일반 제조업과는 다른 해석이 필요하며, 순이익 규모가 5.0조원에 달하는 점은 재무 건전성을 뒷받침합니다.""]",-11.925465838509316,12.049689440993788,-3.4589114420146885,10.024436633574378
105560,KB금융,2025-05-02,93200,Buy,75,"[""전년 대비 26.0% 증가한 8.0조원의 영업이익은 견조한 실적 성장세를 시사합니다."", ""PER 7.2, PBR 0.58은 현재 주가가 기업의 내재가치 대비 저평가되었을 가능성을 나타냅니다."", ""최근 1개월 수익률 15.78%는 단기적인 주가 상승 모멘텀이 존재함을 보여줍니다.""]",-0.2136752136752137,13.568376068376068,-2.807893878684149,4.311635062858935
105560,KB금융,2025-06-02,100000,Sell,75,"[""최근 1개월 수익률이 13.90%로 높았으나, 52주 최고가 대비 현재 위치가 87.3%로 상승 여력이 제한적일 수 있습니다."", ""2025년 1분기 영업이익이 전년 동기 대비 2.2% 감소한 점은 향후 실적 둔화 가능성을 시사합니다."", ""부채비율이 1181.0%로 매우 높아 재무 안정성에 대한 우려가 존재하며, 이는 주가 하락 요인으로 작용할 수 있습니다.""]",-1.8535681186283595,8.341056533827619,-7.237855915830654,-4.125560087846669
105560,KB금융,2025-07-01,110800,Buy,75,"[""KB금융은 현재가 110,800원으로 52주 최고가 112,300원에 근접한 96.4% 수준에 위치하며, 최근 1개월 수익률 7.89%와 거래량 변화율 37.41%는 긍정적인 모멘텀을 시사합니다."", ""PER 8.6, PBR 0.69, ROE 8.0%는 현재 시장에서 KB금융이 상대적으로 저평가되어 있음을 나타내며, 이는 향후 주가 상승의 잠재력을 내포합니다."", ""2025년 1분기 영업이익이 전년 동기 대비 소폭 감소(-2.2%)했으나, 2.3조원의 높은 영업이익 규모는 견조한 수익 창출 능력을 보여줍니다.""]",4.317180616740088,-0.6167400881057269,2.408925168065921,-6.451097791695246
105560,KB금융,2025-08-01,106000,Sell,75,"[""최근 1개월 수익률이 -9.32%로 하락세를 보이고 있으며, 거래량 변화율 또한 -15.86%로 감소하여 투자 심리가 위축된 것으로 판단됩니다."", ""2025년 1분기 영업이익이 전년 동기 대비 -2.2% 감소한 점은 향후 실적 둔화 가능성을 시사합니다."", ""부채비율이 1181.0%로 매우 높아 재무 안정성에 대한 우려가 존재하며, 이는 주가 하락 압력으로 작용할 수 있습니다.""]",3.9667896678966788,0.36900369003690037,2.091799595622833,-0.4125069127746288
105560,KB금융,2025-09-01,107100,Sell,75,"[""최근 1개월 수익률이 -3.43%로 하락세를 보이고 있으며, 거래량 변화율 또한 -32.57%로 감소하여 투자 심리가 위축된 것으로 판단됩니다."", ""2025년 2분기 영업이익이 전년 동기 대비 -7.4% 감소한 점은 향후 실적 둔화 가능성을 시사합니다."", ""부채비율이 1180.7%로 매우 높아 재무 안정성에 대한 우려가 존재하며, 이는 주가 상승에 부담으로 작용할 수 있습니다.""]",1.0110294117647058,6.158088235294118,-1.7534827007071299,-1.7934303550253619
105560,KB금융,2025-10-01,116300,Sell,75,"[""2025년 2분기 영업이익이 전년 동기 대비 7.4% 감소한 점은 향후 실적 둔화 가능성을 시사합니다."", ""현재가가 52주 최고가 대비 약 11.1% 하락한 위치에 있으며, 이는 단기적인 상승 모멘텀 약화를 나타낼 수 있습니다."", ""부채비율이 1180.7%로 매우 높아 재무 안정성에 대한 우려가 존재하며, 이는 주가 하락 압력으로 작용할 수 있습니다.""]",-2.654109589041096,7.277397260273973,-8.2654991658765,-6.16897531277749
105560,KB금융,2025-11-03,118000,Sell,75,"[""2025년 2분기 영업이익이 전년 동기 대비 7.4% 감소한 점은 향후 실적 둔화 가능성을 시사합니다."", ""현재가가 52주 최고가 대비 약 7.8% 하락한 위치에 있으며, 이는 단기적인 상승 모멘텀 약화를 나타낼 수 있습니다."", ""부채비율이 1180.7%로 매우 높아 재무 안정성에 대한 우려가 존재하며, 이는 주가 하락 압력으로 작용할 수 있습니다.""]",7.219031993437245,8.285479901558656,7.5914475266829,11.362093176534756
105560,KB금융,2025-12-01,126300,Buy,75,"[""최근 1개월 수익률 8.32%와 거래량 변화율 19.80%는 긍정적인 수급 신호를 나타냅니다."", ""현재가 126,300원은 52주 최고가 134,700원에 근접한 86.9% 수준으로, 추가 상승 여력이 존재할 가능성이 있습니다."", ""2025년 3분기 영업이익이 전년 동기 대비 소폭 감소했으나, 순이익은 1.7조원으로 견조한 이익 창출 능력을 보여줍니다.""]",-4.545454545454546,-6.59090909090909,-8.265669918439812,-14.468393802781396
055550,신한지주,2023-01-02,34300,Sell,65,"[""최근 1개월 수익률이 -10.56%로 하락세를 보이고 있으며, 이는 단기적인 매도 압력을 시사합니다."", ""거래량 변화율이 -5.19%로 감소하는 추세는 투자자들의 관심 감소 또는 매도 심리 강화를 나타낼 수 있습니다."", ""제공된 재무 및 실적 데이터가 대부분 '해당없음' 또는 'N/A'로, 현재 기업의 수익성 및 재무 건전성에 대한 명확한 판단 근거가 부족하여 불확실성이 높습니다.""]",16.857142857142858,17.857142857142858,10.87926411843335,6.580167358197524
055550,신한지주,2023-02-01,42450,Neutral,55,"[""최근 1개월 수익률이 20.60%로 높고 거래량 변화율이 89.65%로 큰 폭 상승했으나, PER, PBR, ROE 등 핵심 재무지표가 '해당없음' 또는 'N/A'로 제공되어 기업의 본질적인 가치 평가가 불가능합니다."", ""52주 최고가 대비 현재 위치가 78.7%로 상승 여력이 남아있는 것으로 보이나, 2022년 3분기 실적 및 재무 안정성 지표(부채비율, 영업현금흐름)가 제공되지 않아 향후 실적 개선 가능성을 판단하기 어렵습니다."", ""제공된 기술적 지표는 긍정적인 단기 모멘텀을 시사하지만, 기업의 근본적인 재무 상태 및 실적에 대한 정보 부족으로 인해 20거래일 후 주가 방향성을 확신하기 어렵습니다.""]",-3.0303030303030303,-10.181818181818182,-3.5422760707100114,-8.690858718417775
055550,신한지주,2023-03-02,37700,Sell,65,"[""최근 1개월 수익률이 -9.27%로 하락세를 보이고 있으며, 거래량 변화율 또한 -20.26%로 감소하여 투자 심리가 위축된 것으로 판단됩니다."", ""52주 최고가 대비 현재 위치가 37.4%로, 상승 여력보다는 하락 위험이 상대적으로 높아 보입니다."", ""제공된 재무 및 실적 데이터가 부족하여 기업의 근본적인 가치 판단이 어렵지만, 현재 기술적 지표는 하락 가능성을 시사하고 있습니다.""]",-3.3738191632928474,-4.588394062078273,-1.8327450988127947,-6.430035133264545
055550,신한지주,2023-04-03,34550,Sell,60,"[""최근 1개월 수익률이 -6.75%로 하락세를 보이고 있으며, 52주 최고가 대비 현재 위치가 10.0%로 하락 가능성이 존재합니다."", ""제공된 재무 및 실적 데이터가 '해당없음' 또는 'N/A'로 분석이 불가능하여 향후 주가 상승을 뒷받침할 근거가 부족합니다."", ""거래량 변화율이 5.79%로 소폭 증가했으나, 이는 하락 추세를 반전시키기에는 미미한 수준으로 판단됩니다.""]",-1.422475106685633,-0.8534850640113799,-4.137642552090002,-1.6956505864241045
055550,신한지주,2023-05-02,35450,Neutral,55,"[""신한지주의 PER, PBR, ROE, 2022년 연간 실적, 부채비율, 영업현금흐름 등 핵심 재무 및 실적 지표가 제공되지 않아 기업의 내재가치 및 수익성을 판단할 근거가 매우 부족합니다."", ""현재가(35,450원)는 52주 최저가(33,400원) 대비 17.8% 높은 수준으로, 52주 최고가(44,900원) 대비로는 상당한 하락폭을 보이고 있어 기술적으로는 반등 가능성과 추가 하락 가능성이 혼재합니다."", ""최근 1개월 수익률이 0.28%로 미미하고 거래량 변화율이 -35.05%로 크게 감소한 점은 투자자들의 관심이 저조하거나 관망세가 짙음을 시사하며, 이는 향후 20거래일 내 뚜렷한 방향성을 예측하기 어렵게 만듭니다.""]",1.291248206599713,0.2869440459110474,1.7070153769843013,-3.7092181032854037
055550,신한지주,2023-06-01,34700,Neutral,55,"[""제공된 재무 및 실적 데이터가 전무하여 기업의 펀더멘털 분석이 불가능합니다."", ""현재가가 52주 최저가 대비 소폭 상승했으나, 최근 1개월 수익률이 마이너스인 점은 하락 압력을 시사합니다."", ""거래량 변화율이 긍정적인 신호를 보이지만, 다른 지표들의 불확실성으로 인해 명확한 방향성을 판단하기 어렵습니다.""]",0.8583690987124464,-1.2875536480686696,-0.21760654479709407,-1.3302236360749307
055550,신한지주,2023-07-03,34500,Neutral,55,"[""제공된 재무 및 실적 데이터가 전무하여 기업의 펀더멘털 분석이 불가능합니다."", ""현재가가 52주 최저가 대비 소폭 상승했으나, 최근 1개월 수익률이 마이너스이고 거래량 변화율이 큰 폭으로 하락하여 상승 모멘텀이 약합니다."", ""기술적 지표만으로는 향후 20거래일 내 명확한 주가 방향성을 판단하기 어렵습니다.""]",-2.785923753665689,5.425219941348973,-1.5974811841309953,2.5809784121835353
055550,신한지주,2023-08-01,35950,Neutral,55,"[""제공된 재무 및 실적 데이터가 전무하여 기업의 내재가치 판단이 불가능합니다."", ""최근 1개월 수익률은 긍정적이나, 52주 내 현재 위치가 낮아 상승 여력에 대한 판단이 어렵습니다."", ""거래량 변화율은 긍정적 신호일 수 있으나, 다른 지표들의 불확실성으로 인해 명확한 방향성을 제시하기 어렵습니다.""]",-1.4044943820224718,-0.1404494382022472,-0.9707038168717186,2.1603604315841376
055550,신한지주,2023-09-01,35450,Neutral,55,"[""제공된 재무 및 실적 데이터가 전무하여 기업의 내재가치 및 수익성 판단이 불가능합니다."", ""현재가는 52주 최저가 대비 약 8.9% 상승한 수준으로, 52주 최고가 대비로는 약 21.2% 하락한 위치에 있어 상승 및 하락 모멘텀을 명확히 판단하기 어렵습니다."", ""최근 1개월 수익률이 소폭 하락했고 거래량 변화율 또한 음수(-)를 기록하고 있어 단기적인 매도 압력이 존재할 수 있으나, 이를 주가 하락의 명확한 근거로 삼기에는 부족합니다.""]",2.100840336134454,-0.9803921568627451,3.1714328957676616,5.822339459859708
055550,신한지주,2023-10-04,35050,Neutral,55,"[""제공된 재무 및 실적 데이터가 부족하여 신한지주의 향후 주가 방향성을 판단하기 어렵습니다."", ""PER, PBR, ROE 등 핵심 재무 지표가 '해당없음' 또는 'N/A'로 표시되어 기업의 가치 평가 및 수익성 판단이 불가능합니다."", ""최근 1개월 수익률이 소폭 하락했으나 거래량 변화율이 미미하여 추세 전환의 명확한 신호로 보기 어렵습니다.""]",3.498542274052478,1.749271137026239,1.3122383965354127,3.2162373543668847
055550,신한지주,2023-11-01,35000,Neutral,55,"[""제공된 재무 및 실적 데이터가 전무하여 기업의 펀더멘털 분석이 불가능합니다."", ""현재가가 52주 최저가 대비 약 7.7% 상승한 위치에 있으나, 최근 1개월 수익률이 마이너스이고 거래량 변화율도 하락하여 상승 모멘텀이 약합니다."", ""PER, PBR, ROE 등 핵심 밸류에이션 지표와 재무 안정성 지표가 부재하여 향후 주가 방향성을 판단할 명확한 근거가 부족합니다.""]",0.8695652173913043,6.956521739130435,-2.7136912952926404,-1.2449361460824475
055550,신한지주,2023-12-01,36400,Neutral,55,"[""최근 1개월 수익률이 긍정적이나, 거래량 변화율이 음수이며 52주 최고가 대비 현재 위치가 낮아 상승 동력이 제한적입니다."", ""영업이익이 전년 동기 대비 소폭 감소했으나, 순이익은 1.2조원으로 견조한 수준을 유지하고 있어 실적 자체의 급격한 하락을 예상하기 어렵습니다."", ""부채비율이 1123.1%로 매우 높아 재무 안정성에 대한 우려가 존재하며, PER, PBR, ROE, 영업현금흐름 등 핵심 재무 지표가 부재하여 추가적인 분석이 어렵습니다.""]",-0.40816326530612246,1.4965986394557822,-0.8220879954200535,-1.3690646938112874
055550,신한지주,2024-01-02,39350,Sell,75,"[""신한지주의 2023년 3분기 영업이익이 전년 동기 대비 1.1% 감소한 점은 향후 수익성 둔화 가능성을 시사합니다."", ""부채비율이 1123.1%로 매우 높아 재무 안정성에 대한 우려가 존재합니다."", ""최근 1개월 수익률이 8.40%로 양호했으나, 거래량 변화율이 -0.97%로 감소 추세를 보이며 상승 동력이 약화될 수 있습니다.""]",-3.034300791556728,7.783641160949868,-0.528653208415486,12.010986585928094
055550,신한지주,2024-02-01,42500,Buy,75,"[""최근 1개월 수익률 12.14%와 거래량 변화율 83.02%는 긍정적인 수급 신호를 나타냅니다."", ""현재가가 52주 최고가 대비 약 5.3% 낮은 수준으로, 추가 상승 여력이 존재할 수 있습니다."", ""영업이익이 전년 동기 대비 소폭 감소했으나, 1.7조원의 견조한 영업이익을 기록하며 시장의 우려 대비 양호한 실적을 보여주고 있습니다.""]",-1.7660044150110374,0.6622516556291391,-3.0786595113476065,-0.33877690312679554
055550,신한지주,2024-03-04,44200,Buy,75,"[""신한지주는 52주 최고가 대비 현재 위치가 91.4%로 높은 수준이며, 최근 1개월 수익률이 10.64%로 긍정적인 흐름을 보이고 있습니다."", ""영업이익이 전년 동기 대비 소폭 감소했으나 1.7조원으로 견조한 수준을 유지하고 있으며, 순이익 또한 1.2조원으로 양호합니다."", ""거래량 변화율이 148.02%로 크게 증가한 점은 투자자들의 관심이 높아지고 있음을 시사하며, 이는 단기적인 주가 상승 모멘텀으로 작용할 수 있습니다.""]",3.2917139614074915,1.9296254256526675,2.068418120839821,-1.9867329951218382
055550,신한지주,2024-04-01,45550,Buy,75,"[""PER 5.7, PBR 0.38로 저평가 구간에 있으며, 52주 최고가 대비 현재 위치가 68.7%로 상승 여력이 존재합니다."", ""최근 1개월 수익률 4.59%와 거래량 변화율 26.38%는 긍정적인 수급 개선 신호로 해석될 수 있습니다."", ""2023년 영업이익 6.1조원으로 전년 대비 3.3% 증가하며 견조한 이익 성장세를 보이고 있습니다.""]",-2.89532293986637,2.0044543429844097,-1.1518717782920331,4.529189556339237
055550,신한지주,2024-05-02,45800,Buy,75,"[""신한지주의 PER 5.7배와 PBR 0.39배는 현재 시장에서 저평가되어 있음을 시사합니다."", ""52주 최고가 대비 현재 위치가 70% 수준으로, 상승 여력이 남아있을 가능성이 있습니다."", ""2023년 영업이익이 전년 대비 3.3% 증가하며 견조한 실적을 유지하고 있습니다.""]",2.798708288482239,-2.2604951560818085,0.9090186414260555,-1.7176483673960283
055550,신한지주,2024-06-03,47000,Buy,75,"[""신한지주의 1분기 영업이익이 전년 동기 대비 17.8% 증가하며 견조한 실적 성장세를 보이고 있습니다."", ""현재 주가는 52주 최고가 대비 약 23.7% 하락한 수준으로, 밸류에이션 매력(PER 5.8, PBR 0.40)이 부각될 수 있습니다."", ""최근 1개월 수익률이 소폭 상승하며 단기적인 반등 가능성을 시사하고 있습니다.""]",5.286343612334802,12.555066079295155,2.8044684010354453,7.599955452346494
055550,신한지주,2024-07-01,47850,Buy,75,"[""신한지주의 1분기 영업이익이 전년 동기 대비 17.8% 증가하며 견조한 실적 개선세를 보이고 있습니다."", ""현재 주가는 52주 최고가 대비 약 80.8% 수준에 위치하며, 추가 상승 여력이 존재할 가능성이 있습니다."", ""PER 6.0, PBR 0.40 등 낮은 밸류에이션 지표는 현재 주가가 저평가되었을 가능성을 시사합니다.""]",4.040404040404041,20.2020202020202,0.9291363030853703,21.73643761246158
055550,신한지주,2024-08-01,60700,Buy,75,"[""신한지주는 현재 52주 최고가에 위치하며 최근 1개월 수익률이 18.79%로 강한 상승세를 보이고 있습니다."", ""영업이익이 전년 동기 대비 17.8% 증가하는 등 견조한 실적 개선세를 나타내고 있습니다."", ""PER 7.5, PBR 0.51로 저평가 매력이 존재하며, 52주 최저가 대비 현재 위치가 100%라는 점은 추가 상승 여력을 시사합니다.""]",-5.42907180385289,-1.4010507880910683,-2.1497829641217714,-1.580783916157459
055550,신한지주,2024-09-02,56300,Sell,75,"[""최근 1개월 수익률이 -7.25%로 하락세를 보이고 있으며, 거래량 변화율 또한 -13.27%로 감소하여 투자 심리가 위축된 것으로 판단됩니다."", ""부채비율이 1163.3%로 매우 높아 재무 안정성에 대한 우려가 있으며, 영업현금흐름이 -2.7조원으로 마이너스를 기록하고 있어 단기적인 현금 창출 능력에 대한 의문이 제기됩니다."", ""현재 주가가 52주 최고가 대비 81.3% 수준에 위치해 있어 추가적인 상승 여력보다는 단기적인 되돌림 가능성이 존재합니다.""]",-1.048951048951049,-3.146853146853147,4.250096098307679,-0.5097140318540672
055550,신한지주,2024-10-02,55900,Sell,75,"[""최근 1개월 수익률이 -2.95%로 하락세를 보이고 있으며, 거래량 변화율 또한 -5.85%로 감소하여 투자 심리가 위축된 것으로 판단됩니다."", ""부채비율이 1163.3%로 매우 높아 재무 안정성에 대한 우려가 있으며, 영업현금흐름이 -2.7조원으로 마이너스를 기록하고 있어 단기적인 현금 창출 능력에 문제가 있을 수 있습니다."", ""현재 주가가 52주 최고가 대비 약 79.8% 수준에 위치해 있어 추가적인 상승 여력보다는 단기적인 차익 실현 매물이 출회될 가능성이 있습니다.""]",5.828779599271402,-0.7285974499089253,3.7437194173831765,-1.4780983663547407
055550,신한지주,2024-11-01,54000,Sell,75,"[""최근 1개월 수익률이 마이너스(-)를 기록하며 하락세를 보이고 있으며, 거래량 변화율 또한 감소하여 투자 심리가 위축된 것으로 판단됩니다."", ""부채비율이 1163.3%로 매우 높아 재무 안정성에 대한 우려가 있으며, 영업현금흐름 또한 마이너스(-)를 기록하여 현금 창출 능력에 문제가 있음을 시사합니다."", ""PER 6.7, PBR 0.46은 저평가 구간으로 볼 수 있으나, ROE 6.9%는 낮은 수준이며, 52주 최고가 대비 현재 위치가 72.9%로 상승 여력이 제한적일 수 있습니다.""]",3.669724770642202,-1.1009174311926606,5.8833464039558345,4.0938125193281945
055550,신한지주,2024-12-02,53900,Buy,75,"[""신한지주의 PER 6.7배와 PBR 0.45배는 현재 시장에서 저평가되어 있음을 시사하며, 이는 향후 주가 상승의 잠재력을 내포합니다."", ""2024년 3분기 영업이익이 전년 동기 대비 9.7% 증가한 1.9조원을 기록하며 견조한 이익 성장세를 보여주고 있습니다."", ""52주 최고가 대비 현재 위치가 70.1%로, 아직 최고가에 도달하지 않아 추가 상승 여력이 존재합니다.""]",-11.436170212765957,-14.539007092198581,-8.145901823501536,-12.211900176475217
055550,신한지주,2025-01-02,47750,Sell,75,"[""최근 1개월 수익률이 -9.91%로 하락세를 보이고 있으며, 52주 최고가 대비 현재 위치가 45.5%로 절반 이상 하락한 상태입니다."", ""영업이익은 전년 동기 대비 증가했으나, 부채비율이 1168.4%로 매우 높아 재무 안정성에 대한 우려가 존재합니다."", ""PER 5.9, PBR 0.40, ROE 6.8% 등 일부 재무 지표는 저평가 가능성을 시사하나, 최근 주가 하락 추세와 높은 부채비율을 고려할 때 단기적인 하락 가능성이 높다고 판단됩니다.""]",3.423236514522822,3.7344398340248963,0.39856740169356764,-0.1489797702209401
055550,신한지주,2025-02-03,50200,Buy,75,"[""신한지주의 PER 6.2, PBR 0.42는 현재 시장에서 저평가된 수준으로 판단되며, 이는 향후 주가 상승의 잠재력을 시사합니다."", ""2024년 3분기 영업이익이 전년 동기 대비 9.7% 증가한 1.9조원을 기록하며 견조한 이익 성장세를 보여주고 있습니다."", ""영업현금흐름이 4.1조원으로 양호하며, 이는 기업의 현금 창출 능력이 우수함을 나타내어 재무 안정성에 긍정적인 영향을 미칩니다.""]",-3.7254901960784315,-12.450980392156863,-6.036818363577197,-15.531139477296428
055550,신한지주,2025-03-04,46150,Sell,75,"[""최근 1개월 수익률이 -9.69%로 하락세를 보이고 있으며, 이는 단기적인 투자 심리 위축을 시사합니다."", ""52주 최고가 대비 현재 위치가 26.9%로, 상승 여력 대비 하락 위험이 상대적으로 높아 보입니다."", ""부채비율이 1168.4%로 매우 높아 재무 안정성에 대한 우려가 존재하며, 이는 향후 주가 하락 압력으로 작용할 수 있습니다.""]",1.1198208286674132,9.070548712206048,0.46739112415669426,11.113838146284847
055550,신한지주,2025-04-01,48100,Buy,75,"[""PER 5.7, PBR 0.39로 저평가 구간에 있으며, 2024년 영업이익 6.5조원으로 견조한 실적을 기록하고 있습니다."", ""최근 1개월 수익률 4.91%로 상승세를 보이고 있으며, 52주 최저가 대비 현재 위치가 36.2%로 상승 여력이 존재합니다."", ""영업현금흐름이 +4.6조원으로 양호하며, 이는 재무 안정성에 긍정적인 영향을 미칠 수 있습니다.""]",-10.472279260780287,5.544147843942506,-2.005724864285659,3.518895036523097
055550,신한지주,2025-05-02,51200,Buy,75,"[""신한지주의 PER 6.1, PBR 0.41은 현재 시장에서 저평가되어 있음을 시사하며, 이는 향후 주가 상승의 잠재력을 내포합니다."", ""최근 1개월 수익률 5.13%와 거래량 변화율 6.41%는 시장에서 긍정적인 관심이 증가하고 있음을 나타냅니다."", ""2024년 영업이익 +5.9% 성장은 견조한 실적 개선세를 보여주며, 이는 주가 상승의 기반이 될 수 있습니다.""]",1.36986301369863,15.851272015655576,-1.224355651310305,6.594531010138443
055550,신한지주,2025-06-02,55800,Sell,75,"[""2025년 1분기 영업이익이 전년 동기 대비 6.0% 감소한 점은 향후 실적 둔화 가능성을 시사합니다."", ""최근 1개월 수익률이 10.71%로 양호했으나, 거래량 변화율이 -12.20%로 감소한 점은 상승 모멘텀 약화를 나타낼 수 있습니다."", ""현재 주가가 52주 최고가 대비 약 9.3% 하락한 위치에 있으며, 52주 내 현재 위치가 68.5%로 상승 여력이 제한적일 수 있습니다.""]",-2.1702838063439067,6.3439065108514185,-7.554571603546201,-6.122710110822869
055550,신한지주,2025-07-01,62200,Sell,75,"[""신한지주의 현재가가 52주 최고가와 동일하며, 최근 1개월 수익률이 8.17%로 상승세를 보였으나, 2025년 1분기 영업이익이 전년 동기 대비 6.0% 감소한 점은 향후 주가 상승 동력 약화를 시사합니다."", ""PER 7.4, PBR 0.50, ROE 6.8%는 현재 주가가 저평가되어 있을 가능성을 나타내지만, 52주 최고가 도달이라는 기술적 부담감과 실적 성장 둔화 우려가 상존합니다."", ""부채비율 1157.4%는 재무 안정성에 대한 잠재적 위험 요인이 될 수 있으며, 영업현금흐름이 양호함에도 불구하고 단기적인 주가 상승보다는 하락 가능성에 무게를 두는 것이 합리적입니다.""]",13.12803889789303,11.66936790923825,11.219783449218863,5.835010205648731
055550,신한지주,2025-08-01,65100,Sell,75,"[""2025년 1분기 영업이익이 전년 동기 대비 6.0% 감소한 점은 향후 실적 둔화 가능성을 시사합니다."", ""부채비율이 1157.4%로 매우 높아 재무 안정성에 대한 우려가 존재합니다."", ""최근 1개월 수익률은 양수이나 거래량 변화율이 -32.11%로 감소한 점은 투자 심리 위축 가능성을 나타냅니다.""]",5.311077389984825,-1.5174506828528074,3.436087317710979,-2.2989612856643364
055550,신한지주,2025-09-01,64000,Sell,75,"[""최근 1개월 수익률이 -5.88%로 하락세를 보이고 있으며, 거래량 변화율 또한 -23.58%로 감소하여 투자 심리가 위축된 것으로 판단됩니다."", ""부채비율이 1150.4%로 매우 높아 재무 안정성에 대한 우려가 존재하며, 이는 향후 주가 상승에 제약 요인이 될 수 있습니다."", ""2025년 2분기 영업이익은 전년 동기 대비 증가했으나, 매출 정보가 없어 전반적인 성장 동력을 판단하기 어렵습니다.""]",0.6163328197226503,9.090909090909092,-2.1481792927491856,1.139390500589612
055550,신한지주,2025-10-01,70500,Buy,75,"[""신한지주는 현재가 70,500원으로 52주 최고가 71,800원에 근접하며, 52주 내 현재 위치가 95.4%로 높은 수준을 유지하고 있습니다."", ""최근 1개월 수익률이 8.63%로 양호하며, 거래량 변화율도 16.11%로 긍정적인 수급 신호를 보여줍니다."", ""2025년 2분기 영업이익이 전년 동기 대비 8.7% 증가한 2.0조원을 기록하며 견조한 이익 성장세를 나타내고 있습니다.""]",1.8207282913165268,10.92436974789916,-3.7906612855188775,-2.5220028251523026
055550,신한지주,2025-11-03,74100,Buy,75,"[""신한지주의 2025년 2분기 영업이익이 전년 동기 대비 8.7% 증가하며 견조한 실적 개선세를 보이고 있습니다."", ""현재가가 52주 최고가에 근접한 98.7% 수준에 위치하며, 최근 1개월 수익률도 7.08%로 긍정적인 흐름을 이어가고 있습니다."", ""PER 8.8배, PBR 0.60배로 저평가 매력이 존재하며, ROE 6.8%는 시장 평균 대비 양호한 수준입니다.""]",2.094240837696335,6.544502617801047,2.46665637094199,9.621115892777148
055550,신한지주,2025-12-01,79700,Buy,75,"[""신한지주의 현재가는 52주 최고가 대비 낮은 수준이며, 최근 1개월 수익률이 긍정적인 흐름을 보이고 있습니다."", ""PER 9.4, PBR 0.64는 상대적으로 낮은 밸류에이션을 시사하며, 이는 향후 주가 상승 여력을 나타낼 수 있습니다."", ""2025년 3분기 영업이익이 전년 동기 대비 4.5% 증가한 점은 긍정적인 실적 개선 가능성을 보여줍니다.""]",-3.6855036855036856,-5.896805896805897,-7.405719058488953,-13.774290608678202
035720,카카오,2023-01-02,52700,Sell,75,"[""최근 1개월 수익률이 -8.98%로 하락세를 보이고 있으며, 거래량 변화율 또한 -51.43%로 감소하여 투자 심리가 위축된 것으로 판단됩니다."", ""2022년 3분기 영업이익이 전년 동기 대비 -10.6% 감소하여 수익성 악화 가능성을 시사합니다."", ""52주 최고가 대비 현재 위치가 8.0%로, 52주 최저가(47,300원)에 근접해 있어 추가 하락 가능성을 배제할 수 없습니다.""]",13.883677298311445,21.013133208255162,7.905798559601937,9.736157709309829
035720,카카오,2023-02-01,62200,Sell,75,"[""최근 1개월 수익률이 17.14%로 단기 상승 모멘텀이 강했으나, 52주 최고가 대비 현재 위치가 24.4%로 여전히 높은 수준에 있어 추가 상승 여력이 제한적일 수 있습니다."", ""2022년 3분기 영업이익이 전년 동기 대비 10.6% 감소하며 수익성 둔화 조짐을 보이고 있습니다."", ""거래량 변화율이 44.97%로 높게 나타나 단기 급등 후 차익 실현 매물이 출회될 가능성이 있습니다.""]",9.922480620155039,-5.426356589147287,9.410507579748058,-3.9353971257468805
035720,카카오,2023-03-02,61200,Sell,75,"[""최근 1개월 수익률이 마이너스(-)를 기록하며 약세를 보이고 있습니다."", ""전년 동기 대비 영업이익이 감소하는 등 실적 성장세가 둔화되었습니다."", ""52주 최고가 대비 현재 주가가 22.7% 수준으로, 상승 여력보다는 하락 위험이 더 부각될 수 있습니다.""]",-4.754098360655737,0.16393442622950818,-3.2130242961756847,-1.6777066449567637
035720,카카오,2023-04-03,60200,Sell,75,"[""최근 1개월 수익률이 마이너스이며 거래량 변화율 또한 감소하는 추세를 보여 단기적인 하락 압력이 존재합니다."", ""52주 최고가 대비 현재 위치가 21.4%로, 상승 여력보다는 하락 위험이 상대적으로 높아 보입니다."", ""매출은 성장했으나 영업이익이 전년 대비 감소한 점은 향후 수익성 개선에 대한 불확실성을 시사합니다.""]",-2.3064250411861615,-3.9538714991762767,-5.02159248659053,-4.796037021589001
035720,카카오,2023-05-02,58500,Sell,65,"[""최근 1개월 수익률이 -4.26%로 하락세를 보이고 있으며, 거래량 변화율 또한 -16.96%로 감소하여 투자 심리가 위축된 것으로 판단됩니다."", ""2022년 연간 영업이익이 전년 대비 3.1% 감소한 점은 성장 둔화 가능성을 시사합니다."", ""현재가가 52주 최고가 대비 26.3% 낮은 수준에 위치해 있으나, 최근 하락 추세와 영업이익 감소세를 고려할 때 단기적인 반등보다는 하락 가능성에 무게를 둡니다.""]",-3.9451114922813035,-1.8867924528301887,-3.529344321896715,-5.88295460202664
035720,카카오,2023-06-01,56100,Sell,75,"[""최근 1개월 수익률이 마이너스(-)이며 거래량 변화율 또한 감소하는 추세를 보여 단기적인 하락 압력이 존재합니다."", ""2023년 1분기 영업이익이 전년 동기 대비 큰 폭으로 감소(-55.2%)하여 수익성 악화가 주가에 부정적인 영향을 미칠 수 있습니다."", ""현재 주가가 52주 최고가 대비 상당 부분 하락한 위치에 있으며, 기술적 반등의 강한 근거가 부족합니다.""]",-1.048951048951049,-10.839160839160838,-2.1249266924605896,-10.8818308271671
035720,카카오,2023-07-03,51000,Sell,75,"[""최근 1개월 수익률이 -9.09%로 하락세를 보이고 있으며, 52주 최고가 대비 현재 위치가 10.2%로 낮은 편이나 하락 추세가 지속될 가능성이 있습니다."", ""2023년 1분기 영업이익이 전년 동기 대비 -55.2%로 크게 감소하여 수익성 악화가 주가에 부정적인 영향을 미칠 수 있습니다."", ""거래량 변화율이 20.72%로 증가했음에도 불구하고 최근 수익률 하락세를 상쇄할 만큼 강한 매수세를 동반하지 못하고 있어 추가 하락 가능성을 시사합니다.""]",1.5015015015015014,9.90990990990991,2.6899440710361953,7.065668380744472
035720,카카오,2023-08-01,54900,Sell,75,"[""2023년 1분기 영업이익이 전년 동기 대비 55.2% 감소하며 수익성 악화가 두드러졌습니다."", ""최근 1개월 수익률이 7.65%로 상승했으나, 52주 최고가 대비 현재 위치가 20.9%에 불과하여 추가 상승 여력이 제한적일 수 있습니다."", ""거래량 변화율이 34.43%로 높게 나타나 단기적인 변동성 확대 가능성을 시사합니다.""]",-0.7518796992481203,-9.586466165413533,-0.3180891340973671,-7.285656295627149
035720,카카오,2023-09-01,48950,Sell,75,"[""최근 1개월 수익률이 -7.99%로 하락세를 보이고 있으며, 거래량 변화율 또한 -31.76%로 감소하여 투자 심리가 위축된 것으로 판단됩니다."", ""2분기 영업이익이 전년 동기 대비 33.6% 감소하며 수익성이 악화된 점은 향후 주가 상승에 부정적인 요인으로 작용할 수 있습니다."", ""현재가가 52주 최고가 대비 약 33.4% 하락한 수준에 머물러 있어, 단기적인 반등 모멘텀이 약하다고 판단됩니다.""]",-1.7311608961303464,-14.358452138492872,-0.6605683364971386,-7.555720521770419
035720,카카오,2023-10-04,41600,Sell,75,"[""최근 1개월 수익률이 -15.10%로 하락 추세가 지속되고 있으며, 52주 최저가와 동일한 현재가에서 추가 하락 가능성이 높습니다."", ""2분기 영업이익이 전년 동기 대비 33.6% 감소하며 수익성 악화가 관찰되었습니다."", ""거래량 변화율이 -9.47%로 감소하며 시장의 관심이 줄어들고 있음을 시사합니다.""]",5.752753977968176,1.101591187270502,3.5664501004511107,2.568557404611148
035720,카카오,2023-11-01,37600,Sell,75,"[""최근 1개월 수익률이 -14.06%로 하락세를 보이고 있으며, 52주 최고가 대비 현재 위치가 0.0%라는 점은 추가 하락 가능성을 시사합니다."", ""2023년 2분기 영업이익이 전년 동기 대비 -33.6% 감소하며 수익성 악화가 관찰되었습니다."", ""매출은 증가했으나 영업이익률이 5.6%로 낮아진 점은 비용 증가 또는 가격 경쟁 심화 가능성을 나타내며, 이는 향후 주가에 부정적인 영향을 줄 수 있습니다.""]",18.28793774319066,30.99870298313878,14.704681230506715,22.7972450979259
035720,카카오,2023-12-01,49700,Sell,75,"[""최근 1개월 수익률이 28.92%로 높지만, 52주 최고가 대비 현재 위치가 36.3%로 상승 여력이 제한적일 수 있습니다."", ""2023년 3분기 영업이익이 전년 동기 대비 6.7% 감소하며 성장 둔화 가능성을 시사합니다."", ""매출은 증가했으나 영업이익률이 6.5%로 낮아진 점은 수익성 개선에 대한 의문을 제기합니다.""]",2.559055118110236,12.598425196850393,2.145130387996305,9.732761863583324
035720,카카오,2024-01-02,57900,Sell,75,"[""최근 1개월 수익률이 14.65%로 양호했으나, 거래량 변화율이 -23.10%로 감소하며 상승 동력이 약화될 가능성을 시사합니다."", ""2023년 3분기 영업이익이 전년 동기 대비 6.7% 감소하며 성장세 둔화 우려가 있습니다."", ""PER 18.6, PBR 1.90은 시장 평균 대비 높은 수준은 아니지만, 영업이익 감소 추세를 고려할 때 추가적인 상승 여력이 제한적일 수 있습니다.""]",4.593639575971731,-7.243816254416961,7.099287159112974,-3.0164708294387346
035720,카카오,2024-02-01,52700,Sell,75,"[""최근 1개월 수익률이 -6.89%로 하락세를 보이고 있으며, 52주 최고가 대비 현재 위치가 45.4%로 상승 여력이 제한적입니다."", ""2023년 3분기 영업이익이 전년 동기 대비 6.7% 감소하며 수익성 둔화 가능성을 시사합니다."", ""매출은 성장했으나 영업이익률이 6.5%로 낮아진 점은 향후 주가 상승 동력 약화 요인으로 작용할 수 있습니다.""]",-2.841918294849023,-7.8152753108348145,-4.154573391185592,-8.81630386959075
035720,카카오,2024-03-04,53100,Sell,75,"[""최근 1개월 수익률이 마이너스(-)를 기록하며 약세를 보이고 있으며, 거래량 변화율 또한 감소하는 추세입니다."", ""전년 동기 대비 영업이익이 감소한 3분기 실적은 향후 주가 상승 모멘텀에 대한 의구심을 갖게 합니다."", ""현재 주가가 52주 최고가 대비 약 16.7% 하락한 위치에 있으나, 기술적 반등을 강하게 지지할 만한 명확한 상승 근거가 부족합니다.""]",7.930367504835589,-0.9671179883945842,6.707071664267919,-4.88347640916909
035720,카카오,2024-04-01,53800,Sell,75,"[""2023년 연간 실적에서 매출은 성장했으나 영업이익이 감소하고 순이익이 큰 폭의 적자를 기록하며 수익성 악화가 지속되고 있습니다."", ""PER이 '해당없음(적자)'으로 산정되는 등 현재 이익으로 기업 가치를 평가하기 어려운 상황입니다."", ""최근 1개월 수익률은 소폭 상승했으나 거래량 변화율이 크게 감소한 점은 투자 심리 위축을 시사합니다.""]",-3.80859375,-5.6640625,-2.0651425884256636,-3.1393272866451727
035720,카카오,2024-05-02,48300,Sell,75,"[""최근 1개월 수익률이 -10.22%로 하락세를 보이고 있으며, 이는 단기적인 투자 심리 위축을 시사합니다."", ""2023년 연간 영업이익이 전년 대비 19.1% 감소한 점은 수익성 악화 추세를 나타내며, 이는 주가 하락 압력으로 작용할 수 있습니다."", ""PER이 '해당없음(적자)'으로 표시되는 등 순이익 적자 상태는 기업의 근본적인 수익 창출 능력에 대한 의문을 제기하며, 이는 투자 매력도를 낮추는 요인입니다.""]",-4.471544715447155,-9.34959349593496,-6.361234362503338,-8.806746707249179
035720,카카오,2024-06-03,44300,Buy,75,"[""카카오는 2024년 1분기 전년 동기 대비 매출 22.4%, 영업이익 92.2% 증가하며 견조한 실적 성장을 기록했습니다."", ""영업이익률 6.0%와 영업현금흐름 +3,498억원은 수익성과 현금 창출 능력이 개선되었음을 시사합니다."", ""현재가는 52주 최저가 대비 상승했으나 52주 최고가 대비로는 여전히 낮은 수준에 있어 추가 상승 여력이 존재합니다.""]",-3.4753363228699556,-10.089686098654708,-5.957211534169312,-15.04479672560337
035720,카카오,2024-07-01,41000,Buy,75,"[""카카오는 2024년 1분기 전년 동기 대비 매출 22.4%, 영업이익 92.2% 증가하며 견조한 실적 성장을 보여주었습니다."", ""영업이익률 6.0%와 영업현금흐름 +3,498억원은 재무 건전성을 뒷받침합니다."", ""현재가는 52주 최저가 대비 14.5% 상승한 수준으로, 52주 최고가 대비 하락폭이 남아있어 추가 상승 여력이 존재합니다.""]",6.125,-2.375,3.0137322626813297,-0.8405825895586232
035720,카카오,2024-08-01,39800,Buy,75,"[""카카오는 2024년 1분기 전년 동기 대비 매출 22.4%, 영업이익 92.2% 증가하며 견조한 실적 개선세를 보였습니다."", ""영업이익률 6.0%와 영업현금흐름 +3,498억원은 재무 건전성을 뒷받침합니다."", ""현재가는 52주 최저가 대비 소폭 상승한 수준으로, 기술적 반등 가능성을 시사합니다.""]",-6.447534766118837,-6.700379266750948,-3.1682459263877187,-6.880112394817339
035720,카카오,2024-09-02,36900,Sell,75,"[""최근 1개월 수익률이 -7.29%로 하락세를 보이고 있으며, 거래량 변화율 또한 음수(-0.36%)로 매도 압력이 지속될 가능성을 시사합니다."", ""52주 최고가 대비 현재 위치가 2.4%로, 52주 내에서 상승 여력이 제한적이며 하락 위험이 상대적으로 높습니다."", ""PER이 '해당없음(적자)'으로 표시되어 있어 현재 수익성 기반의 밸류에이션이 어렵고, 이는 향후 주가 상승 동력 약화로 이어질 수 있습니다.""]",-5.939226519337017,2.209944751381215,-0.640179372078288,4.847083866380295
035720,카카오,2024-10-02,36000,Sell,75,"[""최근 1개월 수익률이 마이너스이며 거래량 변화율 또한 감소하는 추세를 보이고 있어 단기적인 하락 압력이 존재합니다."", ""PER이 없어 적자 기업임을 감안할 때, 현재 PBR 1.15는 상대적으로 높은 수준으로 평가될 수 있습니다."", ""52주 최고가 대비 현재 위치가 7.4%로, 상승 여력보다는 하락 가능성이 더 높아 보입니다.""]",-0.544959128065395,1.7711171662125342,-2.630019309953621,1.0216162497667187
035720,카카오,2024-11-01,36150,Sell,65,"[""최근 1개월 수익률이 0.00%로 정체되어 있으며, 거래량 변화율 또한 -6.47%로 감소하는 추세를 보이고 있어 단기적인 상승 동력이 약하다고 판단됩니다."", ""52주 최고가 대비 현재 위치가 7.9%로, 52주 내에서 상대적으로 높은 위치에 있어 추가적인 상승 여력이 제한적일 수 있습니다."", ""PER이 '해당없음(적자)'으로 표기되어 있어 현재 기업의 수익성 측면에서 투자 매력도가 낮으며, 이는 주가 상승에 부담으로 작용할 수 있습니다.""]",-9.772423025435073,12.851405622489958,-7.55880139212144,18.046135573010815
035720,카카오,2024-12-02,42150,Buy,75,"[""최근 1개월 수익률 16.60%와 거래량 변화율 58.75%는 긍정적인 수급 신호를 나타냅니다."", ""2024년 3분기 영업이익이 전년 동기 대비 5.0% 증가하며 실적 개선세를 보이고 있습니다."", ""부채비율 81.3%와 영업현금흐름 +9,803억원은 재무 안정성을 뒷받침합니다.""]",2.0954598370197903,-11.40861466821886,5.385728226284211,-9.081507752495495
035720,카카오,2025-01-02,37450,Sell,75,"[""최근 1개월 수익률이 -6.61%로 하락세를 보이고 있으며, 52주 최고가 대비 현재 위치가 16.4%로 하락 가능성이 열려있습니다."", ""매출이 전년 동기 대비 -4.5% 감소하였으나, 영업이익은 5.0% 증가하며 단기적인 이익 개선은 이루어졌으나 매출 감소 추세는 우려 요인입니다."", ""거래량 변화율이 93.25%로 높게 나타나 변동성이 확대될 가능성이 있으며, 이는 하락 압력으로 작용할 수 있습니다.""]",-3.942181340341656,19.053876478318003,-6.96685045317091,15.170456874072165
035720,카카오,2025-02-03,41800,Sell,75,"[""최근 1개월 수익률은 긍정적이나, 거래량 변화율이 -35.20%로 감소하며 매수세 약화를 시사합니다."", ""2024년 3분기 매출이 전년 동기 대비 -4.5% 감소하며 성장 둔화 가능성을 보여줍니다."", ""PER이 '해당없음(적자)'으로 표시되어 있어 현재 수익성 기반의 밸류에이션이 어렵고, PBR 1.34는 자산 가치 대비 프리미엄이 크지 않음을 나타냅니다.""]",4.767726161369193,5.378973105134474,2.4563979938704272,2.2988140199949094
035720,카카오,2025-03-04,41900,Buy,75,"[""최근 1개월 수익률이 9.26%로 양호하며, 거래량 변화율이 125.76%로 크게 증가하여 매수세 유입 가능성을 시사합니다."", ""2024년 3분기 영업이익이 전년 동기 대비 5.0% 증가하며 흑자 전환에 성공했고, 영업현금흐름 또한 양호한 수준을 유지하고 있습니다."", ""현재가가 52주 최저가 대비 높은 수준에 위치하며 52주 최고가 대비 하락폭이 제한적인 점은 추가 상승 여력을 시사합니다.""]",2.320185614849188,-5.104408352668213,1.6677559103384691,-3.0611189185894143
035720,카카오,2025-04-01,42200,Sell,75,"[""카카오의 PER이 334.9로 매우 높아 현재 주가가 기업의 이익 대비 고평가되었음을 시사합니다."", ""최근 1개월 수익률이 -2.20%이며 거래량 변화율이 -59.48%로 감소하는 추세는 투자 심리 위축을 나타냅니다."", ""2024년 연간 영업이익이 전년 대비 소폭 감소했으며, 순이익이 적자 전환한 점은 향후 실적 개선에 대한 불확실성을 높입니다.""]",-9.168704156479219,-6.47921760391198,-0.7021497599845912,-8.50447041133139
035720,카카오,2025-05-02,38050,Sell,75,"[""PER 302.0, ROE 0.4%로 밸류에이션 부담이 높고 수익성이 저조한 점은 하락 압력으로 작용할 수 있습니다."", ""최근 1개월 수익률이 -6.97%로 하락세를 보이고 있으며, 52주 최고가 대비 현재 위치가 30.9%로 상승 여력이 제한적입니다."", ""2024년 영업이익이 전년 대비 소폭 감소했으며, 순이익이 적자 전환한 점은 향후 실적 개선에 대한 불확실성을 높입니다.""]",-1.0430247718383312,15.514993481095177,-3.6372434368472666,6.258252475578043
035720,카카오,2025-06-02,43150,Sell,75,"[""최근 1개월 수익률이 12.22%로 양호했으나, 거래량 변화율이 -12.40%로 감소하며 상승 동력이 약화될 가능성을 시사합니다."", ""2025년 1분기 매출액과 영업이익이 전년 동기 대비 각각 -6.3%, -12.4% 감소하며 실적 둔화 추세를 보이고 있습니다."", ""PER 342.5배, ROE 0.4%로 밸류에이션 부담이 높고 수익성이 낮은 점은 향후 주가 상승에 제약 요인이 될 수 있습니다.""]",21.394230769230766,43.02884615384615,16.009942972028472,30.562229532171866
035720,카카오,2025-07-01,60100,Sell,75,"[""최근 1개월 수익률이 36.59%로 높고 거래량 변화율이 280.54%로 급증했으나, 2025년 1분기 매출과 영업이익이 전년 동기 대비 감소한 점은 향후 주가 상승 동력 약화를 시사합니다."", ""PER 477.0, ROE 0.4%는 현재 주가가 기업의 이익 창출 능력에 비해 고평가되었음을 나타내며, 이는 단기적인 주가 하락 압력으로 작용할 수 있습니다."", ""52주 최고가 대비 현재 위치가 72.6%로 높은 수준이며, 최근 단기 급등 후 숨 고르기 또는 차익 실현 매물이 출회될 가능성이 있습니다.""]",3.0664395229982966,-4.088586030664395,1.1581840743241296,-9.922943734253913
035720,카카오,2025-08-01,55500,Sell,75,"[""최근 1개월 수익률이 -6.72%로 하락세를 보이고 있으며, 거래량 변화율 또한 -71.02%로 크게 감소하여 투자 심리가 위축된 것으로 판단됩니다."", ""2025년 1분기 실적이 매출액 -6.3%, 영업이익 -12.4%로 전년 동기 대비 감소하며 성장성이 둔화된 모습을 보이고 있습니다."", ""PER 440.5배로 동종 업계 평균 대비 높은 수준으로 밸류에이션 부담이 존재하며, ROE 0.4%로 낮은 수익성을 나타내고 있습니다.""]",15.884476534296029,7.039711191335741,14.009486462022183,6.258200588524211
035720,카카오,2025-09-01,61200,Sell,75,"[""2025년 2분기 매출 성장률이 1.2%로 매우 낮은 수준이며, 이는 향후 주가 상승 동력 약화를 시사합니다."", ""PER 485.7배는 현재 주가가 기업의 이익 대비 상당히 고평가되었음을 나타내며, 이는 하락 압력으로 작용할 수 있습니다."", ""최근 1개월 수익률이 5.52%로 양호하나, 거래량 변화율 66.48%와 함께 단기적인 수급에 의한 상승일 가능성을 배제할 수 없어 추세적인 상승을 확신하기 어렵습니다.""]",0.5059021922428331,0.5059021922428331,-2.2586099202290026,-7.4456163980766465
035720,카카오,2025-10-01,60000,Sell,75,"[""2025년 2분기 영업이익이 전년 동기 대비 38.8% 증가하며 견조한 성장세를 보였으나, 현재 PER 476.2배는 높은 밸류에이션 부담을 시사합니다."", ""최근 1개월 수익률이 1.18%로 미미한 수준이며, 거래량 변화율이 -18.29%로 감소하는 추세는 투자 심리 위축을 나타낼 수 있습니다."", ""52주 최고가 대비 현재 위치가 72.3%로, 상승 여력 대비 하락 위험이 상대적으로 높아 보입니다.""]",-1.6778523489932886,1.8456375838926176,-7.2892419258286925,-11.600734989158845
035720,카카오,2025-11-03,64500,Buy,75,"[""2025년 2분기 영업이익이 전년 동기 대비 38.8% 증가하며 견조한 성장세를 보이고 있습니다."", ""영업현금흐름이 6,238억원으로 양호하며, 부채비율 82.1%로 재무 안정성도 비교적 우수합니다."", ""최근 1개월 수익률 8.77%와 거래량 변화율 15.40%는 시장의 관심이 증가하고 있음을 시사합니다.""]",-0.1557632398753894,-7.320872274143301,0.21665229337026545,-4.244258999167201
035720,카카오,2025-12-01,59500,Sell,75,"[""최근 1개월 수익률이 -8.60%로 하락세를 보이고 있으며, 52주 최고가 대비 현재 위치가 69.1%로 상승 여력이 제한적입니다."", ""PER 472.2, PBR 1.89, ROE 0.4% 등 재무 지표상 밸류에이션 부담이 높고 수익성이 낮습니다."", ""2025년 3분기 실적 개선에도 불구하고, 현재 주가 수준과 기술적 지표를 고려할 때 단기적인 추가 하락 가능성이 존재합니다.""]",2.1848739495798317,4.369747899159663,-1.5353414234054354,-3.5077368127126416
035420,네이버,2023-01-02,179500,Sell,75,"[""최근 1개월 수익률이 -4.27%로 하락세를 보이고 있으며, 거래량 변화율 또한 -40.58%로 감소하여 투자 심리가 위축된 것으로 판단됩니다."", ""2022년 3분기 영업이익이 전년 동기 대비 -5.6% 감소하여 성장 둔화 가능성을 시사합니다."", ""PER이 '해당없음(적자)'으로 표시되어 있어 현재 기업 가치 평가에 어려움이 있으며, 이는 향후 주가 상승 동력 약화로 이어질 수 있습니다.""]",8.123249299719888,18.487394957983195,2.1453705610103793,7.210419459037862
035420,네이버,2023-02-01,205500,Buy,75,"[""최근 1개월 수익률 15.77%와 거래량 변화율 27.44%는 긍정적인 모멘텀을 시사합니다."", ""매출이 전년 동기 대비 19.1% 증가하며 견조한 성장세를 보이고 있습니다."", ""부채비율 41.4%와 영업현금흐름 +9,298억원은 재무 안정성을 뒷받침합니다.""]",8.747044917257684,-2.8368794326241136,8.235071876850704,-1.3459199692237076
035420,네이버,2023-03-02,206000,Sell,75,"[""최근 1개월 수익률이 1.73%로 소폭 상승했으나, 52주 최고가 대비 현재 위치가 25.4%로 하락 추세가 지속될 가능성이 있습니다."", ""2022년 3분기 영업이익이 전년 동기 대비 5.6% 감소하며 성장 둔화 신호를 보이고 있습니다."", ""PER이 '해당없음(적자)'으로 표시되어 있어 현재 기업 가치 대비 수익 창출 능력이 불확실합니다.""]",-2.7737226277372264,-1.70316301703163,-1.2326485632571738,-3.544804088217902
035420,네이버,2023-04-03,198200,Sell,65,"[""최근 1개월 수익률이 -3.55%로 하락세를 보이고 있으며, 거래량 변화율 또한 -29.09%로 감소하여 투자 심리가 위축된 것으로 판단됩니다."", ""PER이 '해당없음(적자)'으로 표시되어 있어 현재 이익 대비 주가 수준을 평가하기 어렵고, 이는 향후 수익성 개선에 대한 불확실성을 내포합니다."", ""52주 최고가 대비 현재 위치가 21.6%로, 52주 내에서 상대적으로 높은 수준에 위치해 있어 추가 상승 여력이 제한적일 수 있습니다.""]",-0.5472636815920399,-4.179104477611941,-3.2624311269964084,-5.021270000024665
035420,네이버,2023-05-02,193200,Sell,65,"[""최근 1개월 수익률이 -4.36%로 하락세를 보이고 있으며, 거래량 변화율 또한 마이너스를 기록하여 투자 심리가 위축된 것으로 판단됩니다."", ""PER이 '해당없음(적자)'으로 표시되어 있어 현재 기업의 수익성 측면에서 부정적인 신호를 보내고 있습니다."", ""52주 최고가 대비 현재 위치가 26.4%로, 상승 여력보다는 하락 위험이 상대적으로 높아 보입니다.""]",9.553478712357217,6.178608515057113,9.969245882741806,2.182446365860662
035420,네이버,2023-06-01,204000,Buy,75,"[""최근 1개월 수익률 6.08%와 거래량 변화율 12.45%는 긍정적인 모멘텀을 시사합니다."", ""전년 동기 대비 매출 23.6% 증가 및 영업이익 9.5% 증가는 견조한 실적 성장세를 보여줍니다."", ""부채비율 48.3%와 영업현금흐름 +4,461억원은 재무 안정성을 뒷받침합니다.""]",-1.9559902200488997,-7.432762836185819,-3.0319658635584403,-7.4754328241920796
035420,네이버,2023-07-03,189300,Sell,65,"[""최근 1개월 수익률이 -7.21%로 하락세를 보이고 있으며, 거래량 변화율 또한 -18.26%로 감소하여 투자 심리가 위축된 것으로 판단됩니다."", ""PER이 '해당없음(적자)'으로 표시되어 있어 현재 수익성 측면에서 부정적인 신호를 주고 있습니다."", ""52주 최고가 대비 현재 위치가 26.8%로, 상승 여력보다는 하락 위험이 상대적으로 높아 보입니다.""]",4.610492845786964,23.476417594064653,5.798935415321657,20.632176064899216
035420,네이버,2023-08-01,233000,Buy,75,"[""최근 1개월 수익률이 23.09%로 강한 상승세를 보이고 있으며, 거래량 변화율도 56.02%로 증가하여 투자자들의 관심이 집중되고 있음을 시사합니다."", ""2023년 1분기 매출이 전년 동기 대비 23.6% 증가하는 등 견조한 성장세를 유지하고 있으며, 영업이익률 또한 14.5%로 양호한 수준입니다."", ""부채비율 48.3%와 영업현금흐름 +4,461억원으로 재무 안정성이 우수하여 추가적인 성장 동력을 확보할 여력이 있습니다.""]",0.0,-5.714285714285714,0.43379056515075315,-3.4134758444993296
035420,네이버,2023-09-01,214500,Sell,75,"[""최근 1개월 수익률이 -5.71%로 하락세를 보이고 있으며, 52주 최고가 대비 현재 위치가 68.7%로 상승 여력이 제한적일 수 있습니다."", ""PER이 '해당없음(적자)'으로 표시되어 있어 현재 수익성 기반의 밸류에이션 판단이 어렵습니다."", ""매출 및 영업이익은 전년 동기 대비 성장했으나, 최근 1개월 주가 하락세를 상쇄할 만큼의 강한 상승 모멘텀을 보여주지 못하고 있습니다.""]",0.0,-9.739952718676124,1.0705925596332078,-2.9372211019536705
035420,네이버,2023-10-04,191200,Sell,75,"[""최근 1개월 수익률이 -12.09%로 하락세를 보이고 있으며, 거래량 변화율 또한 -43.04%로 감소하여 투자 심리가 위축된 것으로 판단됩니다."", ""PER이 '해당없음(적자)'으로 표시되어 있어 현재 기업의 수익성 대비 주가 수준을 평가하기 어렵고, 이는 향후 주가 상승에 대한 불확실성을 높입니다."", ""52주 최고가 대비 현재 위치가 43.0%로, 52주 내에서 중간 이하 수준에 머물러 있어 단기적인 추가 상승 모멘텀이 약할 수 있습니다.""]",1.2671594508975714,5.860612460401267,-0.9191444266194939,7.327578677741913
035420,네이버,2023-11-01,187700,Sell,75,"[""최근 1개월 수익률이 -6.62%로 하락세를 보이고 있으며, 거래량 변화율 또한 -14.13%로 감소하여 투자 심리가 위축된 것으로 판단됩니다."", ""52주 최고가 대비 현재 위치가 37.6%로, 상승 여력보다는 하락 압력이 더 클 수 있는 구간에 있습니다."", ""PER이 '해당없음(적자)'으로 표시되어 있어, 현재 기업 가치 대비 수익성을 평가하기 어렵고 이는 투자 불확실성을 높입니다.""]",3.878406708595388,9.014675052410901,0.29515019591144354,0.8132171671980188
035420,네이버,2023-12-01,206000,Buy,75,"[""2023년 3분기 매출 및 영업이익이 전년 동기 대비 각각 18.9%, 15.1% 증가하며 견조한 성장세를 보이고 있습니다."", ""영업이익률 15.6%와 영업현금흐름 +1.4조원은 양호한 수익성과 현금 창출 능력을 시사합니다."", ""부채비율 49.3%로 재무 안정성이 우수하며, PBR 1.38은 현재 주가가 자산 가치 대비 과도하게 고평가되지 않았음을 나타냅니다.""]",3.32541567695962,5.938242280285035,2.9114909468456887,3.0725789470179654
035420,네이버,2024-01-02,227500,Buy,75,"[""최근 1개월 수익률 9.64%와 거래량 변화율 19.43%는 긍정적인 모멘텀을 시사합니다."", ""2023년 3분기 매출 및 영업이익이 전년 동기 대비 각각 18.9%, 15.1% 증가하며 견조한 성장세를 보였습니다."", ""부채비율 49.3%와 영업현금흐름 1.4조원은 우수한 재무 안정성을 뒷받침합니다.""]",4.054054054054054,-9.684684684684685,6.559701637195296,-5.457339259706458
035420,네이버,2024-02-01,202500,Neutral,55,"[""최근 1개월 수익률이 -8.78%로 하락세를 보이고 있으나, 2023년 3분기 매출 및 영업이익이 전년 동기 대비 성장하는 긍정적인 실적을 기록했습니다."", ""부채비율이 49.3%로 낮고 영업현금흐름이 1.4조원으로 양호하여 재무 안정성은 우수합니다."", ""현재가가 52주 최고가 대비 약 13% 하락한 수준이며, 52주 내 현재 위치가 43.1%로 중간 지점에 있어 향후 방향성을 단정하기 어렵습니다.""]",-7.44920993227991,-14.311512415349886,-8.761865028616478,-15.312540974105822
035420,네이버,2024-03-04,192000,Buy,75,"[""2023년 3분기 매출 및 영업이익이 전년 동기 대비 각각 18.9%, 15.1% 증가하며 견조한 성장세를 보이고 있습니다."", ""영업이익률 15.6%와 영업현금흐름 +1.4조원으로 수익성과 현금 창출 능력이 우수합니다."", ""부채비율 49.3%로 재무 안정성이 양호한 편입니다.""]",0.9538950715421303,1.7488076311605723,-0.2694007690255399,-2.1675507896139337
035420,네이버,2024-04-01,194300,Neutral,55,"[""2023년 연간 실적은 매출과 영업이익 모두 전년 대비 성장세를 보였으나, 최근 1개월 수익률이 소폭 하락하고 거래량 변화율이 음수임을 감안할 때 단기적인 상승 동력이 약합니다."", ""PER 29.2, PBR 1.26, ROE 4.3%는 현재 시장에서 네이버의 가치가 고평가되었다고 단정하기는 어렵지만, 뚜렷한 상승 근거를 제시하지는 못합니다."", ""52주 최고가 대비 현재 위치가 28.5%로, 52주 내에서 상승 여력이 남아있다고 볼 수도 있으나, 최근의 기술적 지표들이 약세를 보이고 있어 방향성을 확신하기 어렵습니다.""]",-1.5625,-1.6666666666666667,0.18095116157433666,0.8580685466881606
035420,네이버,2024-05-02,188800,Sell,65,"[""최근 1개월 수익률이 -2.83%로 하락세를 보이고 있으며, 거래량 변화율 또한 -22.38%로 감소하여 투자 심리가 위축된 것으로 판단됩니다."", ""현재가(188,800원)는 52주 최고가(234,500원) 대비 18.7% 하락한 수준으로, 추가 하락 가능성을 배제할 수 없습니다."", ""PER 28.3, PBR 1.22, ROE 4.3% 등의 재무 지표는 시장 평균 대비 고평가 또는 낮은 수익성을 시사할 수 있으며, 이는 단기적인 주가 상승 동력 약화로 이어질 수 있습니다.""]",-5.292908530318603,-9.146968139773895,-7.1825981773747865,-8.604121351088114
035420,네이버,2024-06-03,172700,Buy,75,"[""2024년 1분기 매출 및 영업이익이 전년 동기 대비 크게 성장하며 견조한 실적 개선세를 보이고 있습니다."", ""영업이익률 17.4%와 영업현금흐름 +6,218억원은 기업의 수익성과 현금 창출 능력이 양호함을 시사합니다."", ""최근 1개월 수익률은 하락했으나, 거래량 변화율이 21.82%로 증가하며 향후 주가 반등 가능성을 시사하는 기술적 신호가 나타나고 있습니다.""]",-4.751131221719457,-9.615384615384617,-7.233006433018813,-14.570495242333278
035420,네이버,2024-07-01,162900,Sell,65,"[""최근 1개월 수익률이 -4.40%로 하락세를 보이고 있으며, 거래량 변화율 또한 -11.28%로 감소하여 투자 심리가 위축된 것으로 판단됩니다."", ""현재가가 52주 최저가와 동일한 수준으로, 기술적으로 추가 하락 가능성을 배제할 수 없습니다."", ""2024년 1분기 실적은 전년 동기 대비 성장세를 보였으나, 현재가와 기술적 지표의 하락 신호가 더 강하게 나타나고 있습니다.""]",6.75422138836773,8.380237648530331,3.64295365104906,9.914655058971707
035420,네이버,2024-08-01,175000,Buy,75,"[""2024년 1분기 매출 및 영업이익이 전년 동기 대비 크게 증가하며 견조한 성장세를 보이고 있습니다."", ""영업이익률이 17.4%로 양호하며, 영업현금흐름 또한 긍정적인 점은 재무 건전성을 뒷받침합니다."", ""최근 1개월 수익률이 9.51%로 상승세를 보이고 있으며, 거래량 변화율도 긍정적인 신호를 나타내고 있습니다.""]",-4.492415402567095,-2.8004667444574096,-1.2131265628359764,-2.9801998725238006
035420,네이버,2024-09-02,166600,Sell,75,"[""최근 1개월 수익률이 -4.80%로 하락세를 보이고 있으며, 52주 최고가 대비 현재 위치가 13.9%로 상승 여력이 제한적입니다."", ""PER 25.0, PBR 1.08은 현재 시장에서 고평가 구간에 있음을 시사하며, ROE 4.3%는 낮은 수준으로 투자 매력도가 떨어집니다."", ""2분기 매출 및 영업이익은 전년 동기 대비 성장했으나, 시장 기대치를 상회하는 수준인지에 대한 정보가 부족하며, 기술적 지표상 하락 압력이 존재합니다.""]",-3.8112522686025407,0.5444646098003629,1.4877948786561879,3.1816037247994426
035420,네이버,2024-10-02,168200,Buy,75,"[""2024년 2분기 매출 및 영업이익이 전년 동기 대비 견조한 성장세를 보이며 실적 개선 모멘텀을 시사합니다."", ""영업이익률 18.1%와 영업현금흐름 1.2조원은 양호한 수익성과 재무 건전성을 나타냅니다."", ""현재가는 52주 최저가 대비 17.2% 상승한 수준으로, 52주 최고가 대비 하락폭이 제한적이며 추가 상승 여력이 존재할 수 있습니다.""]",0.4100761570005858,2.9291154071470418,-1.67498402488764,2.1796144907012263
035420,네이버,2024-11-01,169700,Buy,75,"[""2024년 2분기 매출 및 영업이익이 전년 동기 대비 견조한 성장세를 보이며 실적 개선 모멘텀을 시사합니다."", ""영업이익률 18.1%와 영업현금흐름 +1.2조원은 양호한 수익성과 재무 건전성을 나타냅니다."", ""현재가가 52주 최저가 대비 약 19.2% 상승한 수준으로, 52주 최고가 대비 하락폭이 남아있어 추가 상승 여력이 존재할 수 있습니다.""]",0.1707455890722823,15.822424587364825,2.3843672223859147,21.01715453788568
035420,네이버,2024-12-02,203500,Buy,75,"[""최근 1개월 수익률 19.92%와 거래량 변화율 72.11%는 긍정적인 모멘텀을 시사합니다."", ""2024년 3분기 매출 및 영업이익이 전년 동기 대비 각각 11.1%, 38.2% 증가하며 견조한 성장세를 보였습니다."", ""부채비율 42.6%와 영업현금흐름 1.7조원은 재무 안정성을 뒷받침합니다.""]",0.0,-4.0669856459330145,3.2902683892644204,-1.7398787302096501
035420,네이버,2025-01-02,193800,Sell,75,"[""최근 1개월 수익률이 -6.15%로 하락세를 보이고 있으며, 거래량 변화율 또한 -9.88%로 감소하여 투자 심리가 위축된 것으로 판단됩니다."", ""현재가(193,800원)는 52주 최고가(231,500원) 대비 약 16.3% 하락한 수준으로, 추가 하락 가능성을 배제할 수 없습니다."", ""PER 29.1, PBR 1.25, ROE 4.3% 등의 재무 지표는 시장 평균 대비 고평가 또는 낮은 수익성을 시사할 수 있으며, 이는 단기적인 주가 상승 동력 약화로 이어질 수 있습니다.""]",0.7481296758104738,15.710723192019952,-2.2765394370187804,11.827303587774114
035420,네이버,2025-02-03,217000,Buy,75,"[""2024년 3분기 매출 및 영업이익이 전년 동기 대비 크게 증가하며 견조한 성장세를 보이고 있습니다."", ""영업이익률이 19.3%로 양호하며, 부채비율 42.6%와 영업현금흐름 1.7조원으로 재무 안정성이 우수합니다."", ""최근 1개월 수익률이 8.55%로 긍정적인 흐름을 보이고 있으며, 52주 최고가 대비 현재 위치가 높아 추가 상승 여력이 있습니다.""]",4.576659038901601,-5.034324942791762,2.2653308714028353,-8.114484027931326
035420,네이버,2025-03-04,205500,Buy,75,"[""2024년 3분기 매출 및 영업이익이 전년 동기 대비 크게 증가하며 견조한 성장세를 보이고 있습니다."", ""영업이익률이 19.3%로 양호하며, 부채비율 42.6%와 영업현금흐름 1.7조원으로 재무 안정성이 우수합니다."", ""최근 1개월 수익률은 하락했으나, 거래량 변화율이 48.42%로 증가하며 향후 주가 상승에 대한 기대감을 높이고 있습니다.""]",3.132530120481928,-5.734939759036144,2.4801004159712092,-3.691650324957345
035420,네이버,2025-04-01,196700,Neutral,55,"[""2024년 연간 실적에서 매출과 영업이익이 전년 대비 크게 성장하며 견조한 펀더멘털을 보여주고 있습니다."", ""현재 주가는 52주 최고가 대비 약 15.8% 하락한 수준이며, 52주 내 중간값(54.2%)에 위치하여 상승 및 하락 여력이 공존합니다."", ""최근 1개월 수익률이 -4.98%로 하락세를 보이고 있으며, 거래량 변화율 또한 -36.38%로 감소하여 단기적인 투자 심리가 위축된 것으로 판단됩니다.""]",-9.560327198364007,2.505112474437628,-1.0937728018693793,0.47985966701821914
035420,네이버,2025-05-02,197400,Buy,75,"[""2024년 연간 실적에서 매출과 영업이익이 전년 대비 크게 성장했으며, 영업이익률 또한 18.4%로 견조한 모습을 보입니다."", ""부채비율 41.4%와 영업현금흐름 +2.6조원으로 재무 안정성이 우수하여 성장 동력을 뒷받침할 수 있습니다."", ""현재가는 52주 최고가 대비 약 14.9% 하락한 수준으로, 기술적 반등 가능성을 고려할 수 있습니다.""]",-3.9678553490708186,-3.9678553490708186,-6.562074014079753,-13.224596354587952
035420,네이버,2025-06-02,186500,Buy,75,"[""2025년 1분기 실적이 전년 동기 대비 매출 10.3%, 영업이익 15.0% 증가하며 견조한 성장세를 보이고 있습니다."", ""영업이익률 18.1%와 영업현금흐름 +6,067억원은 양호한 수익성과 현금 창출 능력을 시사합니다."", ""현재가(186,500원)는 52주 최저가(155,000원) 대비 상승했으나 52주 최고가(232,000원) 대비로는 아직 상승 여력이 남아있습니다.""]",7.223719676549865,36.38814016172507,1.839431879347571,23.92152354005078
035420,네이버,2025-07-01,262000,Buy,75,"[""최근 1개월 수익률 38.40%와 거래량 변화율 338.40%는 강한 매수세를 시사합니다."", ""2025년 1분기 매출 및 영업이익이 전년 동기 대비 각각 10.3%, 15.0% 증가하며 견조한 성장세를 보이고 있습니다."", ""현재가 262,000원은 52주 최고가 290,500원 대비 약 10% 하락한 수준으로, 추가 상승 여력이 존재할 수 있습니다.""]",0.7936507936507936,-7.142857142857142,-1.1146046550233732,-12.97721484644666
035420,네이버,2025-08-01,225000,Sell,75,"[""최근 1개월 수익률이 -11.07%로 하락세를 보이고 있으며, 거래량 변화율 또한 -59.92%로 감소하여 투자 심리가 위축된 것으로 판단됩니다."", ""현재가 225,000원은 52주 최고가 290,500원 대비 약 22.5% 하락한 수준으로, 기술적으로 추가 하락 가능성을 배제할 수 없습니다."", ""2025년 1분기 실적은 전년 동기 대비 성장세를 보였으나, 최근 주가 하락 추세와 거래량 감소를 고려할 때 단기적인 주가 반등 모멘텀이 약하다고 판단됩니다.""]",-4.086021505376344,-3.225806451612903,-5.96101157765019,-4.0073170544244325
035420,네이버,2025-09-01,215500,Sell,65,"[""최근 1개월 수익률이 -8.30%로 하락세를 보이고 있으며, 거래량 변화율 또한 -14.86%로 감소하여 투자 심리가 위축된 것으로 판단됩니다."", ""2025년 2분기 실적이 전년 동기 대비 성장세를 보였으나, 매출 성장률(11.7%) 대비 영업이익 성장률(10.3%)이 소폭 둔화된 점은 긍정적인 신호로 보기 어렵습니다."", ""현재 주가가 52주 최고가 대비 약 55.4% 수준에 위치해 있으며, 기술적 반등의 여지가 제한적일 수 있습니다.""]",2.666666666666667,19.333333333333332,-0.09784544580516874,11.381814743013852
035420,네이버,2025-10-01,254500,Buy,75,"[""최근 1개월 수익률 13.11%와 거래량 변화율 126.08%는 긍정적인 모멘텀을 시사합니다."", ""2025년 2분기 실적은 전년 동기 대비 매출 11.7%, 영업이익 10.3% 증가하며 견조한 성장세를 보입니다."", ""부채비율 40.9%와 영업현금흐름 1.1조원은 재무 안정성을 뒷받침합니다.""]",2.9644268774703555,4.3478260869565215,-2.646962699365049,-9.098546486094941
035420,네이버,2025-11-03,274500,Buy,75,"[""2025년 2분기 실적이 전년 동기 대비 매출과 영업이익 모두 10% 이상 성장하며 견조한 성장세를 보이고 있습니다."", ""부채비율이 40.9%로 낮고 영업현금흐름이 1.1조원으로 우수하여 재무 안정성이 높습니다."", ""현재 주가가 52주 최고가 대비 약 87% 수준에 위치하며 최근 1개월 수익률도 긍정적인 흐름을 보이고 있습니다.""]",-1.4981273408239701,-8.98876404494382,-1.1257118075783152,-5.91215076996772
035420,네이버,2025-12-01,243000,Sell,75,"[""최근 1개월 수익률이 -9.16%로 하락세를 보이고 있으며, 거래량 변화율 또한 -34.31%로 감소하여 투자 심리가 위축된 것으로 판단됩니다."", ""2025년 3분기 실적은 전년 동기 대비 매출과 영업이익이 성장했으나, 영업이익 증가율(8.6%)이 매출 증가율(15.6%)에 비해 낮아 수익성 개선 모멘텀이 약화될 가능성이 있습니다."", ""현재가(243,000원)는 52주 최고가(290,500원) 대비 약 16.3% 하락한 수준으로, 기술적 반등 가능성도 있으나 최근 하락 추세와 거래량 감소를 고려할 때 추가 하락 가능성에 무게를 둡니다.""]",2.05761316872428,1.646090534979424,-1.6626022042609874,-6.231394176892881
051910,LG화학,2023-01-02,604000,Sell,75,"[""최근 1개월 수익률이 -16.34%로 하락 추세를 보이며, 거래량 변화율 또한 -29.00%로 감소하여 투자 심리가 위축된 것으로 판단됩니다."", ""영업이익률 6.4%는 전년 동기 대비 증가했으나, 영업현금흐름이 -1.5조원으로 마이너스를 기록하며 재무 안정성에 대한 우려를 제기합니다."", ""현재가 604,000원은 52주 최고가 773,000원 대비 약 21.9% 하락한 수준으로, 추가 하락 가능성을 배제할 수 없습니다.""]",4.658901830282862,12.479201331114808,-1.318976908426646,1.202225832169475
051910,LG화학,2023-02-01,688000,Buy,75,"[""최근 1개월 수익률 14.67%로 단기 상승 모멘텀이 확인됩니다."", ""52주 최고가 대비 현재 위치가 82.7%로 상승 여력이 남아있습니다."", ""2022년 3분기 매출 및 영업이익이 전년 동기 대비 크게 증가하며 견조한 실적 성장세를 보이고 있습니다.""]",0.591715976331361,3.9940828402366866,0.07974293592437998,5.485042303637092
051910,LG화학,2023-03-02,678000,Sell,75,"[""최근 1개월 수익률이 -1.74%로 하락세를 보이고 있으며, 52주 최고가 대비 현재 위치가 79.4%로 상승 여력이 제한적일 수 있습니다."", ""2022년 3분기 매출 및 영업이익은 전년 동기 대비 증가했으나, 영업이익률이 6.4%로 다소 낮은 수준입니다."", ""영업현금흐름이 -1.5조원으로 마이너스를 기록하고 있어 단기적인 현금 창출 능력에 대한 우려가 있습니다.""]",0.5689900426742532,1.2802275960170697,2.110064107154306,-0.5614134751692021
051910,LG화학,2023-04-03,712000,Sell,75,"[""2022년 연간 영업이익이 전년 대비 40.4% 감소하며 수익성이 악화된 점은 부정적 요인입니다."", ""현재가(712,000원)가 52주 최고가(740,000원)에 근접한 89.9% 수준에 위치하여 추가 상승 여력이 제한적일 수 있습니다."", ""최근 1개월 수익률이 1.28%로 소폭 상승했으나, 거래량 변화율이 16.95%로 증가한 점은 단기적인 변동성 확대 가능성을 시사합니다.""]",11.634349030470915,0.554016620498615,8.919181585066546,-0.28814890191410947
051910,LG화학,2023-05-02,746000,Sell,75,"[""2022년 연간 영업이익이 전년 대비 40.4% 감소하며 수익성이 악화된 점은 부정적 요인입니다."", ""현재가 746,000원은 52주 최고가 825,000원의 78.2% 수준으로, 상승 여력 대비 하락 위험이 존재할 수 있습니다."", ""최근 1개월 수익률이 4.78%로 양호하나, 거래량 변화율 55.00%가 반드시 긍정적인 추세로 이어질 것이라는 보장은 없습니다.""]",-4.820936639118457,-0.6887052341597797,-4.405169468733869,-4.684867383356231
051910,LG화학,2023-06-01,687000,Sell,75,"[""최근 1개월 수익률이 -7.16%로 하락세를 보이고 있으며, 거래량 변화율 또한 -43.46%로 감소하여 투자 심리가 위축된 것으로 판단됩니다."", ""전년 동기 대비 매출은 증가했으나 영업이익이 -22.8% 감소하며 수익성이 악화된 점은 부정적인 요인입니다."", ""현재 주가가 52주 최고가 대비 약 17.5% 하락한 위치에 있으나, 최근 실적 부진과 거래량 감소 추세를 고려할 때 추가 하락 가능성이 존재합니다.""]",3.467406380027739,-4.160887656033287,2.3914307365181986,-4.203557644039548
051910,LG화학,2023-07-03,691000,Sell,75,"[""전년 동기 대비 매출은 크게 증가했으나 영업이익이 감소하며 수익성이 악화된 점은 부정적 요인입니다."", ""PER 29.2배는 동종 업계 평균 대비 높은 수준으로 밸류에이션 부담이 존재합니다."", ""최근 1개월 수익률이 0.58%로 미미한 수준이며, 52주 최고가 대비 현재 위치가 58.8%로 상승 여력이 제한적일 수 있습니다.""]",-3.823529411764706,-3.6764705882352944,-2.635086842230012,-6.520712117400732
051910,LG화학,2023-08-01,655000,Sell,75,"[""최근 1개월 수익률이 -5.21%로 하락세를 보이고 있으며, 52주 최고가 대비 현재 위치가 41.2%로 상승 여력이 제한적입니다."", ""2023년 1분기 영업이익이 전년 동기 대비 -22.8% 감소하며 수익성 악화가 관찰되었습니다."", ""거래량 변화율이 71.51%로 높지만, 이는 단기적인 변동성 확대 가능성을 시사하며 긍정적인 추세 전환을 확신하기 어렵습니다.""]",-1.8691588785046727,-9.190031152647975,-1.4353683133539195,-6.889221282861591
051910,LG화학,2023-09-01,570000,Sell,75,"[""최근 1개월 수익률이 -11.21%로 하락세를 보이고 있으며, 거래량 변화율 또한 -42.80%로 감소하여 투자 심리가 위축된 것으로 판단됩니다."", ""2분기 영업이익이 전년 동기 대비 -29.9% 감소하며 수익성이 악화된 점은 향후 주가에 부정적인 영향을 미칠 수 있습니다."", ""현재가가 52주 최고가 대비 11.8% 하락한 위치에 있으며, 52주 최저가에 근접하고 있어 추가 하락 가능성을 배제할 수 없습니다.""]",-4.266211604095563,-14.761092150170649,-3.1956190444623553,-7.958360533448196
051910,LG화학,2023-10-04,486000,Sell,75,"[""최근 1개월 수익률이 -15.62%로 하락 추세가 지속되고 있으며, 52주 최고가 대비 현재 위치가 0.0%로 최저가 수준에 머물러 있어 추가 하락 가능성이 있습니다."", ""2023년 2분기 영업이익이 전년 동기 대비 29.9% 감소하며 수익성이 악화된 점은 부정적인 신호입니다."", ""매출은 증가했으나 영업이익률이 4.2%로 낮아진 것은 원가 부담 증가 또는 경쟁 심화 가능성을 시사하며, 이는 향후 주가에 부담으로 작용할 수 있습니다.""]",5.179282868525896,-6.175298804780876,2.992978991008831,-4.70833258744023
051910,LG화학,2023-11-01,431000,Sell,75,"[""최근 1개월 수익률이 -14.65%로 하락세를 보이고 있으며, 52주 최고가 대비 현재 위치가 1.2%로 매우 낮은 수준에 머물러 있어 추가 하락 가능성이 있습니다."", ""2023년 2분기 영업이익이 전년 동기 대비 29.9% 감소하며 수익성이 악화된 점은 부정적인 신호입니다."", ""PER 18.2, PBR 0.81, ROE 4.5% 등의 재무 지표가 시장 평균 대비 우수하다고 보기 어렵고, 특히 ROE가 낮은 점은 투자 매력도를 떨어뜨립니다.""]",2.634467618002195,9.989023051591657,-0.9487888946817495,1.7875651663787746
051910,LG화학,2023-12-01,486500,Sell,75,"[""최근 1개월 수익률은 긍정적이나, 거래량 변화율이 음수이며 이는 매도 압력을 시사합니다."", ""2023년 3분기 매출 및 영업이익이 전년 동기 대비 감소한 점은 향후 실적 둔화 가능성을 나타냅니다."", ""PER 20.6배는 절대적으로 높다고 보기는 어렵지만, ROE 4.5% 대비 높은 수준으로 밸류에이션 부담이 존재합니다.""]",0.5285412262156448,1.6913319238900635,0.1146164961017137,-1.174331409377006
051910,LG화학,2024-01-02,493500,Sell,75,"[""최근 1개월 수익률이 마이너스이며 거래량 변화율 또한 감소하는 추세를 보이고 있어 단기적인 하락 압력이 감지됩니다."", ""52주 최고가 대비 현재 위치가 16.9%로, 상승 여력 대비 하락 가능성이 상대적으로 높아 보입니다."", ""전년 동기 대비 매출 및 영업이익이 감소한 2023년 3분기 실적은 향후 주가 상승에 대한 긍정적인 모멘텀을 약화시킵니다.""]",-3.329864724245578,-9.573361082206034,-0.8242171411043357,-5.346015657227808
051910,LG화학,2024-02-01,430000,Sell,75,"[""최근 1개월 수익률이 -10.51%로 하락세를 보이고 있으며, 52주 최고가 대비 현재 위치가 9.8%로 낮은 편이나 이는 하락 추세의 연장 가능성을 시사합니다."", ""2023년 3분기 매출 및 영업이익이 전년 동기 대비 감소한 점은 기업의 성장성에 대한 우려를 제기합니다."", ""PER 18.2, PBR 0.81, ROE 4.5% 등의 재무 지표는 현재 주가가 기업의 내재 가치 대비 고평가 또는 저평가되었다고 단정하기 어렵지만, 최근 실적 부진과 맞물려 추가 하락 가능성을 배제하기 어렵습니다.""]",2.1691973969631237,-4.229934924078091,0.8565423006265547,-5.230963482834025
051910,LG화학,2024-03-04,462000,Sell,65,"[""최근 1개월 수익률이 8.32%로 양호하나, 2023년 3분기 실적이 전년 동기 대비 매출 및 영업이익이 감소하는 추세를 보이고 있습니다."", ""PER 19.5, PBR 0.87, ROE 4.5% 등의 재무 지표는 시장 평균 대비 특별히 매력적인 수준은 아닙니다."", ""52주 최고가 대비 현재 위치가 17.1%로, 상승 여력보다는 하락 위험이 상대적으로 높아 보입니다.""]",-0.44198895027624313,-6.2983425414364635,-1.6652847908439132,-10.21470096221097
051910,LG화학,2024-04-01,430500,Sell,75,"[""최근 1개월 수익률이 -4.97%로 하락세를 보이고 있으며, 거래량 변화율 또한 -35.26%로 감소하여 투자 심리가 위축된 것으로 판단됩니다."", ""2023년 연간 영업이익이 전년 대비 -15.1% 감소하였고, 영업이익률 또한 4.6%로 낮은 수준을 기록하여 수익성 개선에 대한 의문이 제기됩니다."", ""현재가(430,500원)가 52주 최고가(825,000원) 대비 크게 하락한 위치에 있으며, 52주 최저가(387,000원)에 근접하고 있어 추가 하락 가능성을 배제할 수 없습니다.""]",-6.839622641509433,-4.481132075471698,-5.096171479935097,-1.9563968621168706
051910,LG화학,2024-05-02,405000,Sell,75,"[""최근 1개월 수익률이 -5.92%로 하락세를 보이고 있으며, 52주 최고가 대비 현재 위치가 8.6%로 낮은 편이나 하락 추세가 지속될 가능성이 있습니다."", ""2023년 연간 영업이익이 전년 대비 15.1% 감소하여 수익성 악화가 주가에 부정적인 영향을 미칠 수 있습니다."", ""PER 23.7배는 시장 평균 대비 높은 수준으로, 향후 실적 개선이 뒷받침되지 않으면 주가 하락 압력이 작용할 수 있습니다.""]",-3.0978934324659235,-10.532837670384138,-4.987583079522107,-9.989990881698358
051910,LG화학,2024-06-03,357500,Sell,75,"[""최근 1개월 수익률이 -11.18%로 하락세를 보이고 있으며, 거래량 변화율 또한 -13.03%로 감소하여 투자 심리가 위축된 것으로 판단됩니다."", ""2024년 1분기 매출액이 전년 동기 대비 18.7% 감소하고 영업이익은 67.1% 급감하는 등 실적 부진이 지속되고 있습니다."", ""현재가(357,500원)가 52주 최저가(350,500원)에 근접해 있어 추가 하락 가능성이 존재합니다.""]",2.9085872576177287,-0.2770083102493075,0.426712046318372,-5.232118937197969
051910,LG화학,2024-07-01,355500,Sell,75,"[""2024년 1분기 매출 및 영업이익이 전년 동기 대비 큰 폭으로 감소하며 수익성 악화가 지속되고 있습니다."", ""현재가 52주 최고가 대비 낮은 수준이지만, 52주 최저가에 근접한 위치는 하방 압력을 시사합니다."", ""최근 1개월 수익률이 소폭 상승했으나, 거래량 변화율이 마이너스인 점은 상승 동력이 약함을 나타냅니다.""]",2.6912181303116145,-13.59773371104816,-0.42004960700705585,-12.063316300606784
051910,LG화학,2024-08-01,314000,Sell,75,"[""최근 1개월 수익률이 -12.78%로 하락세를 보이고 있으며, 2024년 1분기 매출 및 영업이익이 전년 동기 대비 큰 폭으로 감소하여 실적 부진이 지속될 가능성이 있습니다."", ""영업이익률이 2.3%로 낮은 수준이며, 이는 수익성 개선에 대한 불확실성을 시사합니다."", ""현재가가 52주 최고가 대비 크게 하락한 위치에 있지만, 실적 부진이라는 명확한 하락 압력이 존재하여 추가 하락 가능성이 높습니다.""]",-7.293354943273905,10.21069692058347,-4.0140661035427865,10.03096379251708
051910,LG화학,2024-09-02,340000,Sell,75,"[""2024년 2분기 매출 및 영업이익이 전년 동기 대비 감소하며 실적 부진이 지속되고 있습니다."", ""최근 1개월 수익률은 긍정적이나, 52주 최고가 대비 현재 위치가 낮아 추가 상승 여력이 제한적일 수 있습니다."", ""영업이익률이 3.3%로 낮은 수준이며, 순이익이 크게 감소한 점은 부정적인 신호입니다.""]",-7.957957957957958,8.408408408408409,-2.658910810699229,11.045547523407489
051910,LG화학,2024-10-02,353500,Sell,75,"[""2024년 2분기 매출 및 영업이익이 전년 동기 대비 큰 폭으로 감소하며 실적 부진이 확인되었습니다."", ""영업이익률이 3.3%로 낮아 수익성이 악화된 점은 부정적인 신호입니다."", ""최근 1개월 수익률이 12.76%로 상승했으나, 이는 52주 최고가 대비 낮은 현재가와 20.7배의 PER을 고려할 때 추가 상승 여력이 제한적일 수 있습니다.""]",0.5738880918220948,-7.173601147776183,-1.511172090066131,-7.9231020642219985
051910,LG화학,2024-11-01,318000,Sell,75,"[""최근 1개월 수익률이 -10.80%로 하락세를 보이고 있으며, 거래량 변화율 또한 -13.49%로 감소하는 추세입니다."", ""2024년 2분기 매출액이 전년 동기 대비 -14.2%, 영업이익이 -34.3% 감소하는 등 실적 부진이 지속되고 있습니다."", ""현재 주가는 52주 최고가 대비 약 39% 하락한 수준으로, 기술적 반등 가능성보다는 하락 추세 지속 가능성이 높아 보입니다.""]",-6.0278207109737245,-12.673879443585781,-3.814199077660092,-7.479149493064925
051910,LG화학,2024-12-02,282500,Sell,75,"[""최근 1개월 수익률이 -11.16%로 하락세를 보이고 있으며, 52주 최고가 대비 현재 위치가 4.1%로 매우 낮은 수준에 머물러 있어 추가 하락 가능성이 있습니다."", ""2024년 3분기 영업이익이 전년 동기 대비 42.1% 감소하며 수익성이 악화된 점은 부정적인 신호입니다."", ""PER 16.5, PBR 0.49, ROE 3.0% 등의 재무 지표는 현재 주가가 고평가되었다고 보기는 어렵지만, 최근 실적 부진을 상쇄할 만큼의 강력한 상승 모멘텀을 제시하지는 못하고 있습니다.""]",-5.132743362831858,-10.265486725663717,-1.842474973567438,-7.938379809940352
051910,LG화학,2025-01-02,242500,Sell,75,"[""최근 1개월 수익률이 -14.61%로 하락세를 보이고 있으며, 52주 최저가 수준에서 거래되고 있어 추가 하락 가능성이 있습니다."", ""2024년 3분기 영업이익이 전년 동기 대비 42.1% 감소하는 등 실적 부진이 지속되고 있습니다."", ""매출 감소와 영업이익률 하락은 향후 주가 상승 동력을 약화시키는 요인으로 작용할 수 있습니다.""]",-3.353057199211045,-12.42603550295858,-6.377726312040299,-16.309455107204418
051910,LG화학,2025-02-03,222000,Sell,75,"[""최근 1개월 수익률이 -10.48%로 하락세를 보이고 있으며, 52주 최저가와 현재가가 동일하여 추가 하락 가능성이 있습니다."", ""2024년 3분기 영업이익이 전년 동기 대비 -42.1% 감소하며 수익성이 악화되었습니다."", ""거래량 변화율이 -21.42%로 감소하며 투자 심리가 위축된 것으로 판단됩니다.""]",3.9906103286384975,8.215962441314554,1.6792821611397315,5.135803356174989
051910,LG화학,2025-03-04,227500,Sell,75,"[""최근 1개월 수익률이 -4.21%로 하락세를 보이고 있으며, 52주 최고가 대비 현재 위치가 4.9%로 매우 낮은 수준에 머물러 있어 추가 하락 가능성이 있습니다."", ""2024년 3분기 영업이익이 전년 동기 대비 42.1% 감소하는 등 수익성이 악화된 점은 부정적인 신호입니다."", ""매출 감소와 영업이익률 하락에도 불구하고 부채비율이 94.7%로 다소 높은 수준이며, 영업현금흐름이 양호하더라도 단기적인 주가 반등 모멘텀이 약하다고 판단됩니다.""]",8.893709327548807,0.8676789587852495,8.241279623038087,2.9109683928640484
051910,LG화학,2025-04-01,244000,Sell,75,"[""2024년 연간 실적에서 매출액과 영업이익이 전년 대비 큰 폭으로 감소하며 수익성 악화가 지속되고 있습니다."", ""영업이익률이 1.9%로 매우 낮은 수준이며, PER이 산출되지 않을 정도로 적자 상태임을 감안할 때 현재 주가 수준에서 상승 동력을 찾기 어렵습니다."", ""최근 1개월 수익률이 4.05%로 소폭 상승했으나, 52주 최고가 대비 현재 위치가 12.5%에 불과하여 추가 하락 가능성이 존재합니다.""]",-12.473118279569892,-7.096774193548387,-4.006563883075264,-9.122027000967796
051910,LG화학,2025-05-02,210000,Sell,75,"[""최근 1개월 수익률이 -9.68%로 하락세를 보이고 있으며, 거래량 변화율 또한 -33.41%로 감소하여 투자 심리가 위축된 것으로 판단됩니다."", ""2024년 연간 실적에서 매출이 전년 대비 11.5% 감소하고 영업이익이 63.8% 급감한 점은 기업의 수익성 악화를 시사합니다."", ""PER이 '해당없음(적자)'으로 표시되어 있으며, PBR이 0.31로 낮지만 이는 현재 기업 가치가 장부 가치보다 낮게 평가되고 있음을 의미하며, 이는 향후 주가 상승에 대한 긍정적인 신호로 해석하기 어렵습니다.""]",-2.1634615384615383,-3.125,-4.757680203470473,-12.381741005517133
051910,LG화학,2025-06-02,195300,Buy,75,"[""2025년 1분기 실적이 전년 동기 대비 큰 폭의 영업이익 증가를 기록하며 긍정적인 실적 개선세를 보이고 있습니다."", ""영업 현금 흐름이 1.9조원으로 양호하며, 부채비율도 97.7%로 안정적인 재무 구조를 유지하고 있습니다."", ""현재 주가가 52주 최저가 대비 높은 수준에 위치하고 있으며, 최근 1개월 수익률 하락에도 불구하고 기술적 반등 가능성을 시사합니다.""]",5.938600905888274,29.34071464519376,0.5543131086859798,16.874098023519473
051910,LG화학,2025-07-01,229000,Buy,75,"[""2025년 1분기 실적이 전년 동기 대비 큰 폭의 영업이익 증가를 기록하며 긍정적인 실적 개선세를 보이고 있습니다."", ""영업현금흐름이 1.9조원으로 양호한 수준을 유지하고 있어 재무 안정성에 대한 우려가 크지 않습니다."", ""최근 1개월 수익률이 14.90%로 단기적인 주가 상승 모멘텀이 관찰됩니다.""]",8.333333333333332,27.500000000000004,6.425077884659165,21.665642296410486
051910,LG화학,2025-08-01,290000,Buy,75,"[""2025년 1분기 실적이 전년 동기 대비 매출 및 영업이익이 크게 증가하며 긍정적인 실적 개선세를 보이고 있습니다."", ""영업이익률이 3.7%로 개선되었으며, 영업현금흐름이 +1.9조원으로 견조한 현금 창출 능력을 보여주고 있습니다."", ""현재 주가가 52주 최저가 대비 약 60.2% 수준에 위치하며, 최근 1개월 수익률이 12.84%로 상승세를 타고 있습니다.""]",-4.145077720207254,-6.90846286701209,-6.0200677924811,-7.689973469823619
051910,LG화학,2025-09-01,271500,Sell,75,"[""최근 1개월 수익률이 -9.95%로 하락세를 보이고 있으며, 거래량 변화율 또한 -32.84%로 감소하여 투자 심리가 위축된 것으로 판단됩니다."", ""2025년 2분기 실적에서 매출이 전년 동기 대비 감소했음에도 불구하고 영업이익은 증가했으나, 순이익이 적자를 기록하며 재무 건전성에 대한 우려가 존재합니다."", ""PBR 0.40으로 자산 가치 대비 저평가된 측면은 있으나, PER이 없어 적자 기업임을 감안할 때 단기적인 주가 상승 동력이 약하다고 판단됩니다.""]",8.719851576994433,3.153988868274583,5.955339464522597,-4.797529722044897
051910,LG화학,2025-10-01,281500,Sell,75,"[""2025년 2분기 순이익이 전년 동기 대비 적자 전환하며 부정적인 실적 흐름을 보이고 있습니다."", ""매출이 전년 동기 대비 감소하는 추세를 보이고 있어 성장성에 대한 우려가 있습니다."", ""최근 1개월 수익률은 긍정적이나, 거래량 변화율이 마이너스를 기록하며 상승 동력이 약화될 가능성을 시사합니다.""]",12.432432432432433,38.91891891891892,6.821042855597029,25.472546345867457
051910,LG화학,2025-11-03,393000,Sell,75,"[""최근 1개월 수익률이 39.12%로 단기 급등했으나, 2025년 2분기 순이익이 적자를 기록하며 향후 주가 상승 동력이 약화될 가능성이 있습니다."", ""PER이 적자로 산출되지 않아 기업의 수익성 대비 주가 수준을 평가하기 어렵고, PBR이 0.58로 자산 가치 대비 저평가된 측면은 있으나, 이는 현재의 수익성 부진을 반영하는 것으로 해석될 수 있습니다."", ""영업이익은 전년 동기 대비 증가했으나, 순이익 적자 전환은 전반적인 수익성 개선에 대한 의구심을 남기며, 이는 향후 20거래일 주가 하락 요인으로 작용할 수 있습니다.""]",1.139240506329114,-5.949367088607595,1.511656039574769,-2.8727538136314936
051910,LG화학,2025-12-01,372000,Sell,75,"[""최근 1개월 수익률이 -6.42%로 하락세를 보이고 있으며, 거래량 변화율 또한 -32.01%로 감소하여 투자 심리가 위축된 것으로 판단됩니다."", ""2025년 3분기 매출이 전년 동기 대비 11.3% 감소한 점은 향후 실적 둔화 가능성을 시사합니다."", ""현재가 372,000원은 52주 최고가 419,500원의 80% 수준으로, 단기적으로 상승 여력보다는 하락 위험이 더 크다고 판단됩니다.""]",2.1534320323014806,-13.189771197846568,-1.5667833406837866,-21.067255909718874
352820,HYBE,2023-01-02,169500,Sell,75,"[""최근 1개월 수익률이 10.42%로 양호하나, 52주 최고가 대비 현재 위치가 24.1%로 하락 추세가 지속될 가능성이 있습니다."", ""매출은 전년 동기 대비 30.6% 증가했으나, 영업이익은 7.6% 감소하여 수익성 악화가 우려됩니다."", ""PER 46.8배는 동종 업계 평균 대비 높은 수준으로, 향후 실적 개선이 뒷받침되지 않으면 주가 하락 압력이 작용할 수 있습니다.""]",-3.39943342776204,6.458923512747876,-9.377312166471548,-4.818051986197458
352820,HYBE,2023-02-01,189500,Sell,75,"[""최근 1개월 수익률이 9.22%로 양호하나, 52주 최고가 대비 현재 위치가 37.5%로 하락 추세에 대한 우려가 존재합니다."", ""2022년 3분기 영업이익이 전년 동기 대비 7.6% 감소한 점은 향후 실적 둔화 가능성을 시사합니다."", ""PER 52.3배는 동종 업계 평균 대비 높은 수준으로, 현재 주가 수준이 고평가되었을 가능성을 배제할 수 없습니다.""]",5.534858967535923,-0.2660989888238425,5.022885927128942,1.2248604745765634
352820,HYBE,2023-03-02,187000,Sell,75,"[""최근 1개월 수익률이 마이너스(-)를 기록하며 약세를 보이고 있습니다."", ""영업이익이 전년 동기 대비 감소했음에도 불구하고 PER이 51.6배로 높아 밸류에이션 부담이 존재합니다."", ""거래량 변화율이 높게 나타나 단기적인 변동성 확대 가능성을 시사합니다.""]",-1.9743863393810033,0.8004268943436499,-0.4333122749009506,-1.041214176842622
352820,HYBE,2023-04-03,184000,Sell,75,"[""PER 145.4배는 동종 업계 평균 대비 높은 수준으로 밸류에이션 부담이 존재합니다."", ""최근 1개월 수익률 -1.81% 및 거래량 변화율 -42.54%는 투자 심리 위축을 시사합니다."", ""ROE 1.9%는 낮은 수준으로 주주 가치 창출 능력이 미흡함을 나타냅니다.""]",17.971623751970572,54.75564897530215,15.256456306566204,53.91348345288942
352820,HYBE,2023-05-02,284500,Sell,75,"[""최근 1개월 수익률이 50.61%로 매우 높으며, 현재가가 52주 최고가와 동일하여 추가 상승 여력이 제한적일 수 있습니다."", ""PER 224.9, PBR 4.19로 밸류에이션 부담이 높은 수준이며, ROE 1.9% 대비 높은 밸류에이션은 하락 압력으로 작용할 수 있습니다."", ""2022년 매출 및 영업이익은 성장했으나, 순이익이 480억원으로 영업이익 대비 크게 감소한 점은 향후 수익성 둔화 가능성을 시사합니다.""]",-5.772495755517826,-8.31918505942275,-5.356728585133238,-12.315347208619201
352820,HYBE,2023-06-01,277500,Sell,75,"[""PER 219.4, PBR 4.08, ROE 1.9%는 현재 주가가 기업의 재무 상태 대비 고평가되었음을 시사합니다."", ""최근 1개월 수익률은 2.78%로 소폭 상승했으나, 거래량 변화율이 -21.47%로 감소한 점은 투자 심리 위축 가능성을 나타냅니다."", ""52주 최고가 대비 현재 위치가 90.8%로 높은 수준에 있어 추가적인 상승 여력이 제한적일 수 있습니다.""]",8.88888888888889,3.5185185185185186,7.812913245379349,3.4758485305122577
352820,HYBE,2023-07-03,279500,Sell,75,"[""PER 220.9, PBR 4.11, ROE 1.9%로 현재 밸류에이션이 높아 추가 상승 여력이 제한적일 수 있습니다."", ""최근 1개월 수익률이 0.72%로 부진하며, 52주 최고가 대비 현재 위치가 86.1%로 높은 수준입니다."", ""매출 및 영업이익은 전년 동기 대비 큰 폭으로 성장했으나, 영업이익률 12.8%와 순이익 230억원은 밸류에이션 부담을 상쇄하기에 부족할 수 있습니다.""]",-5.594405594405594,-11.188811188811188,-4.405963024870901,-14.033052717976627
352820,HYBE,2023-08-01,254000,Sell,75,"[""최근 1개월 수익률이 -9.12%로 하락세를 보이고 있으며, 이는 단기적인 투자 심리 위축을 시사합니다."", ""PER 200.8, PBR 3.74, ROE 1.9%는 현재 주가가 기업의 이익 및 자산 가치 대비 고평가되었음을 나타냅니다."", ""2023년 1분기 매출 및 영업이익은 전년 동기 대비 성장했으나, 현재가 52주 최고가 대비 73.2% 수준에 위치하며 단기 상승 여력이 제한적일 수 있습니다.""]",2.976190476190476,0.1984126984126984,3.409981041341229,2.4992225681990834
352820,HYBE,2023-09-01,249000,Sell,75,"[""최근 1개월 수익률이 마이너스(-)를 기록하고 거래량 변화율 또한 감소하는 등 단기적인 하락 추세가 관찰됩니다."", ""PER이 196.8로 매우 높아 현재 주가가 기업의 이익 대비 고평가되었을 가능성이 있습니다."", ""2분기 영업이익이 전년 동기 대비 감소한 점은 향후 실적 성장성에 대한 우려를 제기합니다.""]",-2.3952095808383236,-8.582834331337326,-1.3246170212051158,-1.7801027146148725
352820,HYBE,2023-10-04,222500,Sell,75,"[""최근 1개월 수익률이 -9.37%로 하락세를 보이고 있으며, 거래량 변화율 또한 -44.60%로 감소하여 투자 심리가 위축된 것으로 판단됩니다."", ""2분기 영업이익이 전년 동기 대비 -7.9% 감소한 점은 성장성 둔화에 대한 우려를 제기합니다."", ""현재가(222,500원)가 52주 최고가(307,000원) 대비 약 42.8% 하락한 위치에 있지만, 최근 1개월의 하락 추세와 거래량 감소를 고려할 때 단기적인 반등보다는 추가 하락 가능성에 무게를 둡니다.""]",7.709251101321586,-4.845814977973569,5.52294722380452,-3.3788487606329225
352820,HYBE,2023-11-01,230500,Sell,65,"[""최근 1개월 수익률이 -4.95%로 하락세를 보이고 있으며, 2분기 영업이익이 전년 동기 대비 감소한 점은 부정적인 신호입니다."", ""PER이 182.2로 매우 높아 현재 주가가 기업의 이익 대비 고평가되었을 가능성이 있습니다."", ""ROE가 1.9%로 낮아 자본 대비 수익성이 저조한 점은 투자 매력을 떨어뜨립니다.""]",-6.813186813186813,-5.274725274725275,-10.396443325870758,-13.476183159938156
352820,HYBE,2023-12-01,211500,Sell,75,"[""PER 167.2, ROE 1.9%로 밸류에이션 부담이 높고 수익성이 낮은 점은 하락 압력으로 작용할 수 있습니다."", ""최근 1개월 수익률이 -7.03%로 하락세를 보이고 있으며, 52주 최고가 대비 현재 위치가 43.5%로 상승 여력이 제한적일 수 있습니다."", ""거래량 변화율이 110.35%로 높지만, 이는 단기적인 변동성 확대 가능성을 시사하며 긍정적인 추세 전환을 확신하기 어렵습니다.""]",13.875598086124402,15.07177033492823,13.46167335601047,12.20610700166116
352820,HYBE,2024-01-02,241500,Sell,75,"[""최근 1개월 수익률이 12.33%로 양호했으나, 거래량 변화율이 -56.42%로 크게 감소하여 상승 동력이 약화되었음을 시사합니다."", ""PER 190.9, PBR 3.55, ROE 1.9%는 현재 주가가 기업의 이익 및 자산 가치 대비 고평가되었을 가능성을 나타냅니다."", ""52주 최고가 대비 현재 위치가 52.9%로 절반 수준에 머물러 있어, 단기적인 추가 상승 여력이 제한적일 수 있습니다.""]",4.592901878914405,-15.866388308977037,7.098549462055647,-11.63904288399881
352820,HYBE,2024-02-01,199000,Sell,75,"[""최근 1개월 수익률이 -16.91%로 하락세를 보이고 있으며, 52주 최고가 대비 현재 위치가 19.1%로 하락 여력이 남아있다고 판단됩니다."", ""PER 157.3, PBR 2.93, ROE 1.9%는 현재 주가가 기업의 내재가치 대비 고평가되었음을 시사합니다."", ""매출 및 영업이익은 전년 동기 대비 성장했으나, 이는 이미 주가에 반영되었을 가능성이 높으며 향후 20거래일 내 추가 상승 동력은 제한적입니다.""]",0.0,-8.75912408759124,-1.312655096336569,-9.760152646347176
352820,HYBE,2024-03-04,192700,Sell,75,"[""PER 152.3배는 현재 시장 평균 대비 높은 밸류에이션을 시사하며, 이는 향후 주가 상승 여력을 제한할 수 있습니다."", ""ROE 1.9%는 낮은 수준으로, 기업의 수익 창출 능력이 현재 주가 수준을 정당화하기 어렵습니다."", ""최근 1개월 수익률이 -5.77%로 하락세를 보이고 있으며, 52주 최고가 대비 현재 위치가 14.4%로 하락 추세가 지속될 가능성을 시사합니다.""]",8.430540827147402,17.9745493107105,7.207244986579732,14.058190889935995
352820,HYBE,2024-04-01,226500,Buy,75,"[""최근 1개월 수익률 13.76%로 단기 상승 모멘텀이 확인됩니다."", ""매출 및 영업이익이 전년 대비 각각 22.6%, 24.8% 증가하며 견조한 성장세를 보이고 있습니다."", ""영업현금흐름이 +3,106억원으로 양호하며, 부채비율 71.9%로 재무 안정성 또한 우수합니다.""]",-2.696629213483146,-10.112359550561797,-0.9531780519088093,-7.58762433720697
352820,HYBE,2024-05-02,200000,Sell,75,"[""최근 1개월 수익률이 -11.70%로 하락세를 보이고 있으며, 52주 최고가 대비 현재 위치가 11.6%로 하락 가능성이 열려 있습니다."", ""PER 44.4배는 동종 업계 평균 대비 높은 수준으로, 향후 20거래일 내 주가 상승 동력이 약할 수 있습니다."", ""거래량 변화율이 47.00%로 높지만, 최근 수익률 하락과 맞물려 매도 압력이 작용할 가능성을 시사합니다.""]",-5.257985257985258,-1.71990171990172,-7.147674905041441,-1.1770549312159395
352820,HYBE,2024-06-03,200500,Sell,75,"[""2024년 1분기 매출액과 영업이익이 전년 동기 대비 큰 폭으로 감소하며 수익성 악화를 시사합니다."", ""영업이익률이 4.0%로 낮아졌으며, 영업현금흐름이 마이너스를 기록하여 재무 건전성에 대한 우려가 있습니다."", ""최근 1개월 수익률이 소폭 하락했으며, 52주 최고가 대비 현재 위치가 상대적으로 높은 편이어서 추가 하락 가능성을 배제할 수 없습니다.""]",-0.44999999999999996,-1.5,-2.9318752112993565,-6.455110626948661
352820,HYBE,2024-07-01,200500,Sell,75,"[""2024년 1분기 매출 및 영업이익이 전년 동기 대비 큰 폭으로 감소하며 수익성 악화가 뚜렷하게 나타나고 있습니다."", ""영업이익률이 4.0%로 낮고, 영업현금흐름이 마이너스를 기록하며 재무 건전성에 대한 우려가 있습니다."", ""최근 1개월 수익률이 마이너스이고 거래량 변화율이 크게 감소한 점은 투자 심리 위축을 시사합니다.""]",-1.4705882352941175,-12.778904665314403,-4.581855972612788,-11.244487254873027
352820,HYBE,2024-08-01,175300,Sell,75,"[""2024년 1분기 매출 및 영업이익이 전년 동기 대비 큰 폭으로 감소하며 수익성 악화가 뚜렷하게 나타나고 있습니다."", ""영업이익률이 4.0%로 낮고, 영업현금흐름이 마이너스를 기록하며 재무 건전성에 대한 우려가 있습니다."", ""최근 1개월 수익률이 -11.02%로 하락세를 보이고 있으며, 거래량 변화율 또한 마이너스를 기록하며 투자 심리가 위축된 것으로 판단됩니다.""]",-4.756637168141593,-0.5530973451327433,-1.4773483284104745,-0.7328304731991342
352820,HYBE,2024-09-02,179800,Sell,75,"[""2024년 2분기 영업이익이 전년 동기 대비 37.4% 감소하며 수익성 악화가 두드러지고 있습니다."", ""영업이익률이 8.0%로 하락했으며, 영업현금흐름이 마이너스를 기록하며 재무 건전성에 대한 우려가 있습니다."", ""현재 주가는 52주 최고가 대비 약 29.6% 하락한 수준으로, 단기적인 반등 가능성보다는 실적 부진에 따른 하락 압력이 더 클 것으로 예상됩니다.""]",-7.982261640798225,-0.8869179600886918,-2.683214493539497,1.750221154910388
352820,HYBE,2024-10-02,170100,Sell,75,"[""2024년 2분기 영업이익이 전년 동기 대비 37.4% 감소하며 수익성 악화가 두드러졌습니다."", ""최근 1개월 수익률이 -6.54%로 하락세를 보이고 있으며, 거래량 변화율 또한 -20.98%로 감소하여 투자 심리가 위축된 것으로 판단됩니다."", ""현재 주가가 52주 최고가 대비 12.3% 낮은 수준이지만, 실적 부진과 투자 심리 위축을 고려할 때 단기적인 추가 하락 가능성이 높습니다.""]",6.22478386167147,13.71757925072046,4.139723679783244,12.968078334274646
352820,HYBE,2024-11-01,186700,Sell,75,"[""2024년 2분기 영업이익이 전년 동기 대비 37.4% 감소하며 수익성 악화가 관찰되었습니다."", ""최근 1개월 수익률은 긍정적이나, 거래량 변화율이 -13.77%로 감소하며 매수세 약화를 시사합니다."", ""PER 41.5배는 동종 업계 평균 대비 높은 수준으로, 현재 주가에 대한 밸류에이션 부담이 존재합니다.""]",1.3684744044602128,-3.801317790167258,3.5820960377738453,1.3934121603535976
352820,HYBE,2024-12-02,189800,Sell,75,"[""2024년 3분기 매출 및 영업이익이 전년 동기 대비 감소하며 성장 둔화 신호를 보이고 있습니다."", ""영업이익률이 10.3%로 하락했으며, 순이익이 14억원으로 크게 감소한 점은 수익성 악화를 시사합니다."", ""최근 1개월 수익률이 1.66%로 미미한 수준이며, 52주 최고가 대비 현재 위치가 32.5%로 하락 추세에 대한 우려를 제기합니다.""]",-0.9533366783743101,0.8529854490717512,2.33693171089011,3.1800923647951156
352820,HYBE,2025-01-02,196300,Sell,75,"[""최근 3분기 실적에서 매출과 영업이익이 전년 동기 대비 감소했으며, 특히 영업이익 감소폭이 컸습니다."", ""영업이익률이 10.3%로 하락했으며, 순이익이 14억원으로 크게 줄어든 점은 수익성 악화를 시사합니다."", ""거래량 변화율이 -29.72%로 감소한 것은 투자자들의 관심 감소 또는 매도 압력을 나타낼 수 있습니다.""]",7.213930348258707,17.91044776119403,4.189261235429452,14.027028156948191
352820,HYBE,2025-02-03,226500,Sell,75,"[""최근 1개월 수익률이 15.86%로 높았으나, 거래량 변화율이 -32.35%로 감소하여 상승 동력이 약화되었음을 시사합니다."", ""2024년 3분기 매출이 전년 동기 대비 -1.9%, 영업이익이 -25.4% 감소하며 실적 둔화가 관찰됩니다."", ""PER 50.3배는 현재 시장에서 높은 밸류에이션을 받고 있음을 나타내며, 실적 둔화와 함께 주가 하락 압력으로 작용할 수 있습니다.""]",5.36480686695279,7.725321888412018,3.053478699454024,4.645162803272454
352820,HYBE,2025-03-04,251000,Sell,75,"[""2024년 3분기 실적에서 매출과 영업이익이 전년 동기 대비 감소했으며, 특히 영업이익 감소폭이 25.4%로 크게 나타나 향후 실적 둔화 가능성을 시사합니다."", ""현재가(251,000원)가 52주 최고가(262,500원)에 근접한 89.0% 수준에 위치하여 추가적인 상승 여력이 제한적일 수 있습니다."", ""PER 55.7배는 동종 업계 평균 대비 높은 수준으로, 현재 주가에 대한 밸류에이션 부담이 존재합니다.""]",-7.171314741035857,-7.370517928286853,-7.823744445546576,-5.327228494208054
352820,HYBE,2025-04-01,235000,Sell,75,"[""2024년 연간 영업이익이 전년 대비 37.8% 감소했으며, 순이익이 적자 전환한 점은 부정적인 신호입니다."", ""PER이 1044.4로 매우 높아 현재 주가가 기업의 이익 대비 고평가되었을 가능성이 있습니다."", ""최근 1개월 수익률이 -8.74%로 하락세를 보이고 있으며, 거래량 변화율 또한 감소하여 투자 심리가 위축된 것으로 판단됩니다.""]",-7.526881720430108,14.838709677419354,0.9396726760645198,12.813456869999946
352820,HYBE,2025-05-02,264500,Sell,75,"[""2024년 연간 영업이익이 전년 대비 37.8% 감소하고 순이익이 적자 전환하는 등 수익성이 크게 악화된 점은 부정적입니다."", ""PER이 1175.6배로 매우 높아 현재 주가가 기업의 이익 대비 고평가되었음을 시사합니다."", ""최근 1개월 수익률이 13.76%로 양호하나, 52주 최고가 대비 현재 위치가 97.7%로 매우 높아 추가 상승 여력이 제한적일 수 있습니다.""]",3.9697542533081283,7.561436672967864,1.375535588299193,-1.6953043325492692
352820,HYBE,2025-06-02,272000,Sell,75,"[""PER 1208.9, ROE 0.3%로 밸류에이션 부담이 매우 높으며 수익성이 현저히 낮음"", ""2025년 1분기 매출 및 영업이익은 전년 동기 대비 성장했으나, 영업이익률 4.3%는 여전히 낮은 수준임"", ""최근 1개월 수익률은 긍정적이나, 거래량 변화율이 마이너스(-)를 기록하며 상승 동력이 약화될 가능성을 시사함""]",7.473309608540925,3.3807829181494666,2.0890218113386307,-9.08583370352482
352820,HYBE,2025-07-01,313500,Sell,75,"[""현재가 52주 최고가와 동일하며, 이는 단기적인 상승 모멘텀이 소진되었을 가능성을 시사합니다."", ""PER 1393.3배는 동종 업계 평균 대비 매우 높은 수준으로, 현재 주가가 기업의 이익 창출 능력에 비해 과대평가되었을 가능성이 있습니다."", ""2025년 1분기 영업이익률 4.3%는 전년 동기 대비 개선되었으나, 여전히 낮은 수준으로 높은 밸류에이션을 정당화하기 어렵습니다.""]",-9.180327868852459,-17.868852459016395,-11.088583317526625,-23.703210162605913
352820,HYBE,2025-08-01,251000,Sell,75,"[""최근 1개월 수익률이 -13.60%로 하락세를 보이고 있으며, 거래량 변화율 또한 -9.71%로 감소하는 추세입니다."", ""PER이 1115.6으로 매우 높아 현재 주가가 기업의 이익 대비 고평가되었을 가능성이 있습니다."", ""ROE가 0.3%로 매우 낮아 자본 대비 수익 창출 능력이 미흡한 것으로 판단됩니다.""]",10.9404990403071,9.021113243761997,9.065508968033255,8.239602640950467
352820,HYBE,2025-09-01,285000,Sell,75,"[""현재 PER 1266.7배는 동종 업계 평균 대비 매우 높은 수준으로, 향후 밸류에이션 부담이 존재합니다."", ""ROE 0.3%는 낮은 수준으로, 기업의 수익 창출 능력이 저조함을 시사합니다."", ""최근 1개월 수익률 9.83%와 거래량 변화율 15.07%는 긍정적이나, 높은 밸류에이션과 낮은 수익성을 고려할 때 상승 동력이 약할 수 있습니다.""]",2.112676056338028,-6.338028169014084,-0.6518360561338077,-14.289546759333565
352820,HYBE,2025-10-01,268000,Sell,75,"[""최근 1개월 수익률이 -5.63%로 하락세를 보이고 있으며, 거래량 변화율 또한 -27.78%로 감소하여 투자 심리가 위축된 것으로 판단됩니다."", ""PER이 1191.1로 매우 높아 현재 주가가 기업의 이익 대비 고평가되었을 가능성이 있습니다."", ""2025년 2분기 영업이익률은 9.3%로 전년 동기 대비 개선되었으나, 순이익이 155억원으로 상대적으로 낮은 수준에 머물러 있어 향후 주가 상승 동력이 제한적일 수 있습니다.""]",2.0560747663551404,19.439252336448597,-3.555314810480264,5.992879763397134
352820,HYBE,2025-11-03,342500,Sell,75,"[""최근 1개월 수익률이 27.56%로 높고 52주 최고가에 도달했으나, PER 1522.2배, PBR 4.20배, ROE 0.3%의 높은 밸류에이션 지표는 향후 추가 상승 여력을 제한할 수 있습니다."", ""2025년 2분기 실적은 전년 동기 대비 매출과 영업이익이 증가했으나, 순이익이 155억원으로 크게 감소한 점은 수익성의 질에 대한 의문을 제기합니다."", ""높은 거래량 변화율(66.23%)과 함께 52주 최고가에 위치한 것은 단기적인 과열 가능성을 시사하며, 차익 실현 매물이 출회될 가능성이 있습니다.""]",-16.27565982404692,-12.609970674486803,-15.903244290801265,-9.533357399510702
352820,HYBE,2025-12-01,292000,Sell,75,"[""최근 1개월 수익률이 -14.37%로 하락세를 보이고 있으며, 거래량 변화율 또한 -10.53%로 감소하는 추세입니다."", ""2025년 3분기 실적에서 매출은 증가했으나 영업이익이 큰 폭으로 감소하며 적자 전환한 점은 부정적인 신호입니다."", ""PER이 1297.8로 매우 높아 현재 주가가 기업의 이익 대비 고평가되어 있을 가능성이 있습니다.""]",-2.348993288590604,16.10738255033557,-6.069208661575871,8.229897838463263
329180,HD현대중공업,2023-01-02,117500,Sell,75,"[""최근 1개월 수익률이 마이너스이며 거래량 변화율 또한 크게 감소하여 하락 추세가 감지됩니다."", ""2022년 3분기 영업이익이 전년 동기 대비 80.8% 감소하며 수익성이 크게 악화된 점은 부정적인 요인입니다."", ""높은 부채비율(228.6%)은 재무 안정성에 대한 우려를 제기하며, 이는 주가 하락 압력으로 작용할 수 있습니다.""]",-6.986899563318777,-2.8820960698689957,-12.964778302028286,-14.15907156881433
329180,HD현대중공업,2023-02-01,111300,Sell,75,"[""최근 1개월 수익률이 -4.05%로 하락세를 보이고 있으며, 2022년 3분기 영업이익이 전년 동기 대비 80.8% 감소하여 수익성 악화가 우려됩니다."", ""PER이 '해당없음(적자)'으로 재무적으로 불안정한 모습을 보이고 있으며, 높은 부채비율(228.6%)은 재무 안정성에 대한 의문을 제기합니다."", ""최근 거래량 변화율이 46.73%로 높지만, 이는 단기적인 변동성일 수 있으며, 실적 부진과 재무 불안정성을 상쇄할 만큼의 강력한 상승 모멘텀을 찾기 어렵습니다.""]",-3.776978417266187,-6.294964028776978,-4.288951457673168,-4.804004565376572
329180,HD현대중공업,2023-03-02,105900,Sell,75,"[""최근 1개월 수익률이 -4.42%로 하락세를 보이고 있으며, 거래량 변화율 또한 -6.87%로 감소하여 투자 심리가 위축된 것으로 판단됩니다."", ""2022년 3분기 영업이익이 전년 동기 대비 -80.8%로 크게 감소하며 수익성이 악화된 점은 부정적인 요인입니다."", ""PER이 '해당없음(적자)'으로 표시되어 현재 기업의 수익 창출 능력이 부진함을 시사하며, 이는 향후 주가 상승에 대한 불확실성을 높입니다.""]",-8.92514395393474,-4.030710172744722,-7.384069889454687,-5.872351243930994
329180,HD현대중공업,2023-04-03,100400,Sell,65,"[""2022년 연간 실적에서 영업이익 및 순이익 적자를 기록하며 재무적으로 불안정한 모습을 보이고 있습니다."", ""부채비율이 208.1%로 높아 재무 건전성에 대한 우려가 존재합니다."", ""최근 1개월 수익률이 -3.65%로 하락세를 보이고 있으며, 52주 최고가 대비 현재 위치가 11.1%로 상승 여력이 제한적입니다.""]",-2.9585798816568047,7.790927021696252,-5.673747327061173,6.948761499283528
329180,HD현대중공업,2023-05-02,110700,Sell,75,"[""최근 1개월 수익률이 10.70%로 양호하나, 2022년 연간 실적에서 영업이익 및 순이익 적자를 기록하며 재무 건전성에 대한 우려가 존재합니다."", ""부채비율이 208.1%로 높아 재무 안정성이 낮은 편이며, 이는 향후 주가 상승에 부담으로 작용할 수 있습니다."", ""PER, PBR, ROE 등 주요 밸류에이션 지표가 적자 상태로 인해 산출되지 않아 현재 기업 가치 평가에 어려움이 있으며, 이는 투자 매력도를 낮추는 요인입니다.""]",5.397987191216835,7.410795974382434,5.813754361601423,3.4146338251859825
329180,HD현대중공업,2023-06-01,116600,Sell,75,"[""2023년 1분기 실적에서 매출은 증가했으나 영업이익은 적자를 기록하며 수익성 개선이 이루어지지 않았습니다."", ""부채비율이 222.7%로 높아 재무 안정성에 대한 우려가 존재합니다."", ""최근 1개월 수익률은 긍정적이나, 거래량 변화율이 음수이며 52주 최고가 대비 현재 위치가 40.9%로 상승 여력이 제한적일 수 있습니다.""]",6.643952299829642,12.095400340715502,5.567976656320101,12.05273035270924
329180,HD현대중공업,2023-07-03,131600,Sell,75,"[""최근 1개월 수익률이 12.86%로 양호하나, 2023년 1분기 실적에서 매출은 증가했으나 영업이익이 적자를 기록하며 수익성 개선이 부진한 점은 하락 요인으로 작용할 수 있습니다."", ""부채비율이 222.7%로 높아 재무 안정성에 대한 우려가 존재하며, 이는 향후 주가 상승 동력을 제한할 수 있습니다."", ""52주 최고가 대비 현재 위치가 67.9%로 상승 여력이 제한적일 수 있으며, 거래량 변화율이 음수(-)인 점은 단기적인 매도 압력을 시사할 수 있습니다.""]",2.941176470588235,2.4264705882352944,4.129619040122929,-0.41777094093014355
329180,HD현대중공업,2023-08-01,139300,Sell,75,"[""2023년 1분기 영업이익이 적자를 기록하며 수익성 개선이 불확실한 상황입니다."", ""부채비율이 222.7%로 높아 재무 안정성에 대한 우려가 존재합니다."", ""최근 1개월 수익률은 긍정적이나, 거래량 변화율이 마이너스를 기록하며 상승 동력이 약화될 가능성이 있습니다.""]",-2.8922631959508314,-5.42299349240781,-2.4584726308000784,-3.122183622621425
329180,HD현대중공업,2023-09-01,128000,Sell,75,"[""최근 1개월 수익률이 -7.45%로 하락세를 보이고 있으며, 거래량 변화율 또한 -28.81%로 감소하여 투자 심리가 위축된 것으로 판단됩니다."", ""2023년 2분기 매출 및 영업이익이 전년 동기 대비 크게 증가했으나, 영업이익률이 2.2%로 낮은 수준이며 순이익 또한 크지 않아 실적 개선의 폭이 제한적일 수 있습니다."", ""부채비율이 226.0%로 높고 영업현금흐름이 -3,207억원으로 마이너스를 기록하고 있어 재무 안정성에 대한 우려가 존재합니다.""]",-0.1551590380139643,-13.343677269200931,0.9154335216192435,-6.540945652478478
329180,HD현대중공업,2023-10-04,116500,Sell,75,"[""최근 1개월 수익률이 -11.41%로 하락세를 보이고 있으며, 거래량 변화율 또한 -31.26%로 감소하여 투자 심리가 위축된 것으로 판단됩니다."", ""PER, PBR, ROE 지표가 적자 또는 N/A로 재무 건전성에 대한 긍정적인 신호를 찾기 어렵습니다."", ""부채비율 226.0%와 영업현금흐름 -3,207억원은 재무 안정성에 대한 우려를 제기하며, 이는 단기적인 주가 하락 압력으로 작용할 수 있습니다.""]",1.607142857142857,-0.5357142857142857,-0.5791610203742084,0.9312519316263602
329180,HD현대중공업,2023-11-01,102800,Sell,75,"[""최근 1개월 수익률이 -14.55%로 하락세를 보이고 있으며, 52주 최고가 대비 현재 위치가 16.7%로 하락 여력이 남아있다고 판단됩니다."", ""부채비율 226.0%와 영업현금흐름 -3,207억원은 재무 안정성에 대한 우려를 제기하며, 이는 주가 하락 압력으로 작용할 수 있습니다."", ""PER, PBR, ROE 지표가 없어 기업의 수익성 및 자산 가치 대비 평가가 어려운 상황에서, 부정적인 재무 지표들이 하락 가능성을 시사합니다.""]",2.4953789279112755,15.711645101663585,-1.0878775847726692,7.510187216450703
329180,HD현대중공업,2023-12-01,128900,Sell,75,"[""최근 1개월 수익률이 19.13%로 높았으나, 2023년 3분기 영업이익이 전년 동기 대비 감소하고 순이익이 적자를 기록하며 수익성 악화가 우려됩니다."", ""부채비율이 240.3%로 높고 영업현금흐름이 마이너스(-)를 기록하는 등 재무 안정성 지표가 좋지 않아 추가적인 주가 상승 동력이 약합니다."", ""최근 1개월간의 높은 수익률 이후 거래량 변화율이 소폭 감소한 점은 단기 차익 실현 매물 출회 가능성을 시사합니다.""]",-9.043348281016444,-9.641255605381167,-9.457273011130376,-12.506918938648237
329180,HD현대중공업,2024-01-02,127000,Sell,65,"[""매출은 증가했으나 영업이익이 감소하며 수익성이 악화되었고, 순이익 또한 적자를 기록하여 단기적인 주가 상승 동력이 약하다고 판단됩니다."", ""부채비율이 240.3%로 높고 영업현금흐름이 마이너스(-)를 기록하는 등 재무 안정성 지표가 좋지 않아 투자 심리에 부정적인 영향을 줄 수 있습니다."", ""최근 1개월 수익률이 3.50%로 소폭 상승했으나, 52주 최고가 대비 현재 위치가 61.5%에 머물러 있어 추가 상승 여력이 제한적일 수 있습니다.""]",0.49382716049382713,-6.090534979423869,2.9994747436350693,-1.8631895544456425
329180,HD현대중공업,2024-02-01,112800,Sell,65,"[""최근 1개월 수익률이 -7.16%로 하락세를 보이고 있으며, 거래량 변화율 또한 -20.37%로 감소하여 투자 심리가 위축된 것으로 판단됩니다."", ""2023년 3분기 영업이익률이 0.5%로 매우 낮은 수준이며, 순이익이 적자를 기록하여 단기적인 실적 개선에 대한 기대감이 낮습니다."", ""부채비율이 240.3%로 높고 영업현금흐름이 마이너스(-)를 기록하고 있어 재무 안정성에 대한 우려가 존재합니다.""]",-3.0728709394205445,-2.1071115013169446,-4.385526035757113,-3.1081400600728792
329180,HD현대중공업,2024-03-04,113600,Sell,75,"[""최근 1개월 수익률이 마이너스를 기록하며 약세를 보이고 있습니다."", ""영업이익률이 0.5%로 매우 낮고, 순이익이 적자를 기록하는 등 수익성이 악화되었습니다."", ""부채비율이 240.3%로 높고 영업현금흐름이 마이너스를 기록하는 등 재무 안정성에 대한 우려가 있습니다.""]",0.26714158504007124,11.219946571682991,-0.9561542555275989,7.303588150908485
329180,HD현대중공업,2024-04-01,121300,Sell,75,"[""PER 436.3배, ROE 0.6%로 밸류에이션 부담이 매우 높으며 수익성이 저조함."", ""부채비율 229.0%로 재무 안정성이 취약한 편임."", ""최근 1개월 수익률이 2.88%로 미미하며, 52주 최고가 대비 현재 위치가 47.7%로 상승 여력이 제한적일 수 있음.""]",-6.164931945556445,9.047237790232186,-4.421480783982108,11.571973003587013
329180,HD현대중공업,2024-05-02,136200,Sell,75,"[""PER 489.9, ROE 0.6%로 밸류에이션 부담이 높고 수익성이 매우 낮은 수준임."", ""최근 1개월 수익률 12.28%로 단기 상승 후 거래량 변화율 34.08%가 동반되었으나, 이는 차익 실현 매물 출회 가능성을 시사함."", ""부채비율 229.0%로 재무 안정성이 낮으며, 영업이익률 1.5%로 수익성이 매우 낮아 현재 주가 수준을 정당화하기 어려움.""]",7.410179640718563,-3.0688622754491015,5.5204899936623795,-2.5260154867633213
329180,HD현대중공업,2024-06-03,131800,Sell,75,"[""현재 PER 474.1, ROE 0.6%는 높은 밸류에이션과 낮은 수익성을 시사하며, 이는 주가 상승에 부담 요인으로 작용할 수 있습니다."", ""최근 1개월 수익률이 -4.28%로 하락세를 보이고 있으며, 이는 단기적인 투자 심리 위축을 나타냅니다."", ""매출 및 영업이익이 전년 동기 대비 큰 폭으로 증가했음에도 불구하고, 영업이익률이 0.7%로 매우 낮은 수준에 머물러 있어 수익성 개선에 대한 의문이 제기됩니다.""]",0.3861003861003861,17.2972972972973,-2.0957748251989705,12.342186670348637
329180,HD현대중공업,2024-07-01,155100,Sell,75,"[""현재가(155,100원)가 52주 최고가(156,400원)에 근접하여 추가 상승 여력이 제한적일 수 있습니다."", ""최근 1개월 수익률이 17.41%로 높았으나, 거래량 변화율이 -38.49%로 감소하여 상승 동력이 약화되었을 가능성이 있습니다."", ""PER 557.9, ROE 0.6% 등 밸류에이션 지표가 높아 현재 주가 수준이 재무적 가치 대비 고평가되었을 수 있습니다.""]",-0.5870841487279843,33.39856490541422,-3.6983518860466544,34.9329823158556
329180,HD현대중공업,2024-08-01,214000,Sell,75,"[""현재가가 52주 최고가와 동일하며, 최근 1개월 수익률이 40.88%로 매우 높아 단기 차익 실현 매물 출회 가능성이 높습니다."", ""PER 769.8배, PBR 4.31배, ROE 0.6%로 밸류에이션 지표가 매우 높아 현재 주가 수준이 고평가되었을 가능성이 있습니다."", ""매출액 대비 영업이익률이 0.7%로 매우 낮은 수준이며, 부채비율이 233.2%로 높아 재무 건전성에 대한 우려가 있습니다.""]",1.4354066985645932,-11.24401913875598,4.714695538295711,-11.42375226682237
329180,HD현대중공업,2024-09-02,185500,Sell,75,"[""최근 1개월 수익률이 -13.32%로 하락세를 보이고 있으며, 거래량 변화율 또한 음수(-2.99%)로 매도 압력이 감지됩니다."", ""PER 667.3, PBR 3.74, ROE 0.6% 등 재무 지표상 밸류에이션 부담이 높고 수익성이 낮은 편입니다."", ""2분기 실적은 전년 동기 대비 큰 폭의 성장을 보였으나, 이는 이미 주가에 반영되었을 가능성이 높으며 단기적인 추가 상승 동력은 제한적입니다.""]",-5.039787798408488,-4.6684350132626,0.2592593488502404,-2.0312958982635196
329180,HD현대중공업,2024-10-02,183100,Sell,75,"[""최근 1개월 수익률이 마이너스(-)를 기록하고 거래량 변화율이 크게 감소한 점은 투자 심리 위축을 시사합니다."", ""PER 658.6배, PBR 3.69배, ROE 0.6%는 현재 주가가 기업의 이익 및 자산 가치 대비 고평가되었음을 나타냅니다."", ""2분기 실적은 전년 동기 대비 큰 폭의 성장을 보였으나, 이는 이미 주가에 상당 부분 반영되었을 가능성이 높으며 향후 20거래일 내 추가 상승 동력은 제한적일 수 있습니다.""]",0.1078167115902965,-5.660377358490567,-1.9772434702979291,-6.409878274936382
329180,HD현대중공업,2024-11-01,174200,Sell,75,"[""최근 1개월 수익률이 -5.63%로 하락세를 보이고 있으며, 거래량 변화율 또한 -19.26%로 감소하여 투자 심리가 위축된 것으로 판단됩니다."", ""PER 626.6배, PBR 3.51배, ROE 0.6%는 현재 주가가 기업의 이익 및 자산 가치 대비 고평가되었음을 시사합니다."", ""2분기 실적은 전년 동기 대비 큰 폭의 성장을 보였으나, 이는 이미 주가에 반영되었을 가능성이 높으며, 향후 20거래일 내 추가적인 상승 동력은 제한적일 것으로 예상됩니다.""]",21.142857142857142,20.57142857142857,23.356478776170775,25.766158521949425
329180,HD현대중공업,2024-12-02,211000,Buy,75,"[""2024년 3분기 실적에서 전년 동기 대비 매출 26.5% 증가 및 영업이익 1497.1% 급증은 긍정적인 실적 개선 추세를 시사합니다."", ""최근 1개월 수익률 21.13%와 거래량 변화율 135.11%는 시장의 관심과 매수세가 유입되고 있음을 나타냅니다."", ""현재 주가가 52주 최고가 대비 약 76.6% 수준에 위치하며, 52주 최저가 대비 상당한 상승 여력을 보여줍니다.""]",2.112676056338028,34.037558685446015,5.402944445602449,36.36466560116938
329180,HD현대중공업,2025-01-02,289000,Buy,75,"[""최근 1개월 수익률 31.36%로 강한 상승세를 보이고 있으며, 52주 최고가에 근접한 위치는 추가 상승 가능성을 시사합니다."", ""2024년 3분기 매출액이 전년 동기 대비 26.5% 증가하고 영업이익이 1497.1% 급증하는 등 실적 개선이 뚜렷합니다."", ""영업현금흐름이 1.4조원으로 양호하며, 이는 기업의 재무 건전성을 뒷받침합니다.""]",9.98248686514886,6.129597197898424,6.957817752319606,2.246177593652588
329180,HD현대중공업,2025-02-03,311500,Buy,75,"[""2024년 3분기 전년 동기 대비 매출 26.5% 증가 및 영업이익 1497.1% 급증은 긍정적인 실적 개선을 시사합니다."", ""영업 현금 흐름이 1.4조원으로 양호하며, 이는 기업의 재무 건전성을 뒷받침합니다."", ""최근 1개월 수익률 4.53%와 거래량 변화율 20.37%는 시장의 관심이 증가하고 있음을 나타냅니다.""]",-4.5241809672386895,-1.0920436817472698,-6.835509134737455,-4.1722027668868344
329180,HD현대중공업,2025-03-04,314500,Buy,75,"[""2024년 3분기 매출 및 영업이익이 전년 동기 대비 큰 폭으로 증가하며 실적 개선세를 보이고 있습니다."", ""영업 현금 흐름이 긍정적으로 나타나 재무 안정성에 대한 긍정적인 신호를 제공합니다."", ""최근 1개월 수익률이 소폭 상승했으며, 거래량 변화율이 높아 투자자들의 관심이 증가하고 있음을 시사합니다.""]",-6.624605678233439,-8.201892744479496,-7.277035382744158,-6.1586033104006965
329180,HD현대중공업,2025-04-01,291000,Sell,75,"[""최근 1개월 수익률이 마이너스이며 거래량 변화율이 크게 감소한 점은 단기적인 매도 압력을 시사합니다."", ""PER 41.6배는 동종 업계 평균 대비 높은 수준으로, 현재 주가가 고평가되었을 가능성을 내포합니다."", ""52주 최고가 대비 현재 위치가 70.5%로, 상승 여력보다는 하락 위험이 상대적으로 높아 보입니다.""]",0.859106529209622,38.144329896907216,9.32566092570425,36.11907708948781
329180,HD현대중공업,2025-05-02,408500,Sell,75,"[""최근 1개월 수익률이 40.38%로 매우 높으며, 현재가가 52주 최고가와 동일하여 추가 상승 여력이 제한적일 수 있습니다."", ""PER 58.4배, PBR 7.52배는 동종 업계 평균 대비 높은 수준으로, 밸류에이션 부담이 존재합니다."", ""부채비율 239.9%는 재무 안정성 측면에서 다소 높은 수준으로, 향후 금리 인상 등 외부 환경 변화에 취약할 수 있습니다.""]",0.12033694344163659,2.286401925391095,-2.473881721567299,-6.970339080126038
329180,HD현대중공업,2025-06-02,428000,Sell,75,"[""현재가가 52주 최고가에 도달했으며, 이는 단기적인 상승 모멘텀이 약화될 수 있음을 시사합니다."", ""최근 1개월 수익률은 긍정적이나, 거래량 변화율이 크게 감소한 점은 투자 심리 위축 가능성을 나타냅니다."", ""PER 61.1, PBR 7.88은 현재 시장에서 고평가된 수준으로, 향후 밸류에이션 부담이 주가 하락 요인으로 작용할 수 있습니다.""]",-1.9859813084112148,-7.943925233644859,-7.370269105613509,-20.410541855319146
329180,HD현대중공업,2025-07-01,420500,Buy,75,"[""2025년 1분기 매출 및 영업이익의 전년 동기 대비 큰 폭 상승은 긍정적인 실적 모멘텀을 시사합니다."", ""영업이익률이 11.3%로 개선된 점은 수익성 증대를 나타냅니다."", ""최근 1개월 수익률이 3.70%이며, 52주 최고가 대비 현재 위치가 87.0%로 상승 추세에 있습니다.""]",-3.067484662576687,15.58282208588957,-4.975740111250854,9.74846438230005
329180,HD현대중공업,2025-08-01,476500,Buy,75,"[""2025년 1분기 매출 및 영업이익의 폭발적인 성장률은 향후 주가 상승의 강력한 근거가 됩니다."", ""최근 1개월 수익률이 20.94%로 양호한 흐름을 보이고 있으며, 52주 최고가에 근접한 위치는 상승 모멘텀을 시사합니다."", ""영업현금흐름이 1.7조원으로 견조한 영업활동을 통해 현금을 창출하고 있어 재무적 안정성을 뒷받침합니다.""]",0.10787486515641855,10.895361380798274,-1.7671152071174274,10.113850777986745
329180,HD현대중공업,2025-09-01,510000,Buy,75,"[""2025년 2분기 실적에서 전년 동기 대비 매출 6.8% 증가 및 영업이익 141.0% 급증은 긍정적인 실적 개선 추세를 시사합니다."", ""영업이익률이 11.4%로 개선되었으며, 영업현금흐름이 2.2조원으로 견조한 점은 재무 건전성을 뒷받침합니다."", ""현재가가 52주 최고가에 근접해 있으나, 최근 1개월 수익률이 3.98%로 상승세를 이어가고 있으며 거래량 변화율도 18.89%로 증가하여 추가 상승 가능성을 시사합니다.""]",-1.9455252918287937,0.19455252918287938,-4.710037404300629,-7.7569660611366
329180,HD현대중공업,2025-10-01,528000,Sell,75,"[""현재가가 52주 최고가와 동일하며, PBR이 9.72로 높아 밸류에이션 부담이 존재합니다."", ""최근 1개월 수익률은 소폭 상승했으나, 거래량 변화율이 -38.02%로 크게 감소하여 상승 동력이 약화되었습니다."", ""2025년 2분기 영업이익은 크게 증가했으나, 부채비율이 219.3%로 높아 재무 안정성에 대한 우려가 있습니다.""]",-3.787878787878788,-0.5681818181818182,-9.399268364714192,-14.01455439123328
329180,HD현대중공업,2025-11-03,607000,Buy,75,"[""2025년 2분기 실적에서 전년 동기 대비 매출액 6.8% 증가 및 영업이익 141.0% 증가라는 긍정적인 성장세를 보이고 있습니다."", ""최근 1개월 수익률 23.50%와 거래량 변화율 34.87%는 시장의 관심과 매수세가 유입되고 있음을 시사합니다."", ""현재가가 52주 최고가 대비 3.8% 낮은 수준으로, 단기적인 상승 여력이 남아있을 가능성이 있습니다.""]",-5.82010582010582,-8.289241622574956,-5.447690286860165,-5.212628347598855
329180,HD현대중공업,2025-12-01,515000,Buy,75,"[""2025년 3분기 실적에서 매출액과 영업이익이 전년 동기 대비 큰 폭으로 증가하며 견조한 성장세를 보이고 있습니다."", ""영업이익률이 12.6%로 개선되었으며, 영업현금흐름이 +3.8조원으로 매우 긍정적인 흐름을 나타내고 있습니다."", ""최근 1개월 수익률이 -14.17%로 하락했으나, 52주 최고가 대비 현재 위치가 73.8%로 여전히 상승 여력이 남아있으며, 거래량 변화율이 56.75%로 증가하며 투자자들의 관심이 재조명될 가능성이 있습니다.""]",10.961538461538462,-3.076923076923077,7.2413230885531945,-10.954407788795383
012450,한화에어로스페이스,2023-01-02,74972,Sell,75,"[""최근 1개월 수익률은 소폭 상승했으나, 거래량 변화율이 크게 감소하며 매수세 약화를 시사합니다."", ""2022년 3분기 영업이익이 전년 동기 대비 큰 폭으로 감소하며 수익성 악화 우려가 있습니다."", ""부채비율이 185.4%로 높고 영업현금흐름이 마이너스를 기록하며 재무 안정성에 대한 우려가 존재합니다.""]",-4.762690425122367,12.744046636968598,-10.740569163831875,1.4670711380232646
012450,한화에어로스페이스,2023-02-01,82307,Sell,75,"[""최근 1개월 수익률이 9.78%로 양호하나, 2022년 3분기 영업이익이 전년 동기 대비 23.4% 감소하며 수익성 악화가 관찰되었습니다."", ""부채비율 185.4%와 영업현금흐름 -1,908억원은 재무 안정성에 대한 우려를 제기하며, 이는 단기적인 주가 하락 압력으로 작용할 수 있습니다."", ""현재 주가가 52주 최고가 대비 89.5% 수준으로 높은 편이며, 추가적인 상승 동력이 약할 경우 단기 차익 실현 매물 출회 가능성이 있습니다.""]",5.0938403190205,16.398580505115792,4.581867278613519,17.889539968516196
012450,한화에어로스페이스,2023-03-02,92595,Sell,75,"[""최근 1개월 수익률이 13.06%로 높지만, 52주 최고가 대비 현재 위치가 97.4%로 매우 높아 추가 상승 여력이 제한적입니다."", ""2022년 3분기 영업이익이 전년 동기 대비 23.4% 감소하며 수익성 악화가 관찰되었습니다."", ""영업현금흐름이 마이너스(-)를 기록하며 재무 안정성에 대한 우려가 존재합니다.""]",2.027281870756852,5.86916436174671,3.5683559352369043,4.027523290560438
012450,한화에어로스페이스,2023-04-03,104513,Buy,75,"[""최근 1개월 수익률이 9.50%로 양호한 상승세를 보이고 있으며, 52주 최고가에 도달하여 추가 상승 여력이 있을 수 있습니다."", ""2022년 연간 실적에서 매출액과 영업이익이 전년 대비 각각 18.0%, 36.1% 증가하며 견조한 성장세를 시현했습니다."", ""영업현금흐름이 1.5조원으로 매우 우수하여 재무적 안정성을 뒷받침하고 있습니다.""]",4.65184238162641,-0.5579653897082325,1.9366749362220412,-1.4001309121209569
012450,한화에어로스페이스,2023-05-02,109607,Buy,75,"[""최근 1개월 수익률 8.47%와 거래량 변화율 58.41%는 긍정적인 수급 신호를 나타냅니다."", ""2022년 연간 실적에서 매출액 18.0% 증가와 영업이익 36.1% 증가는 견조한 성장세를 보여줍니다."", ""현재 주가가 52주 최고가 대비 87.2% 수준에 위치하며 상승 여력이 남아있다고 판단됩니다.""]",-0.3737579664627987,3.6475838889195,0.042009203921789584,-0.3485782602769514
012450,한화에어로스페이스,2023-06-01,110015,Buy,75,"[""2023년 1분기 매출 및 영업이익이 전년 동기 대비 큰 폭으로 증가하며 견조한 성장세를 시현했습니다."", ""현재가가 52주 최고가 대비 약 87.7% 수준으로, 상승 여력이 남아있다고 판단됩니다."", ""최근 1개월 수익률이 5.16%로 긍정적인 흐름을 보이고 있습니다.""]",-2.3452589796750125,17.419772119150142,-3.421234623184553,17.377102131143882
012450,한화에어로스페이스,2023-07-03,132527,Buy,75,"[""2023년 1분기 매출 및 영업이익이 전년 동기 대비 큰 폭으로 증가하며 견조한 성장세를 시현했습니다."", ""최근 1개월 수익률이 20.46%로 단기적인 주가 상승 모멘텀이 확인됩니다."", ""현재 주가가 52주 최고가 대비 약 12.3% 하락한 수준으로, 추가 상승 여력이 존재할 수 있습니다.""]",7.213190515589943,-7.745402774361383,8.401633085124637,-10.589644303526821
012450,한화에어로스페이스,2023-08-01,123766,Sell,75,"[""최근 1개월 수익률이 -6.61%로 하락세를 보이고 있으며, 거래량 변화율 또한 -13.52%로 감소하여 투자 심리가 위축된 것으로 판단됩니다."", ""부채비율이 265.9%로 다소 높은 수준이며, 영업현금흐름이 -6,909억원으로 마이너스를 기록하고 있어 재무 안정성에 대한 우려가 존재합니다."", ""PER 31.2, PBR 1.63은 현재 시장에서 높은 밸류에이션을 받고 있음을 시사하며, 52주 최고가 대비 현재 위치가 76.7%임을 고려할 때 추가 상승 여력보다는 하락 위험이 더 부각될 수 있습니다.""]",-2.3177005030352777,-5.4634994677090365,-1.8839099378845245,-3.1626895979226517
012450,한화에어로스페이스,2023-09-01,116737,Sell,65,"[""최근 1개월 수익률이 -5.13%로 하락세를 보이고 있으며, 거래량 변화율 또한 -50.72%로 감소하여 투자 심리가 위축된 것으로 판단됩니다."", ""2분기 영업이익이 전년 동기 대비 4.9% 감소하며 성장세 둔화 가능성을 시사하고 있습니다."", ""부채비율이 295.6%로 높아 재무 안정성에 대한 우려가 존재하며, 이는 향후 주가 상승 동력을 제한할 수 있습니다.""]",6.37539010254124,-13.712747350732194,7.445982662174448,-6.910015734009741
012450,한화에어로스페이스,2023-10-04,104107,Sell,75,"[""최근 1개월 수익률이 -11.28%로 하락세를 보이고 있으며, 거래량 변화율 또한 마이너스를 기록하여 매도 압력이 존재함을 시사합니다."", ""2023년 2분기 영업이익이 전년 동기 대비 4.9% 감소한 점은 수익성 둔화 가능성을 나타냅니다."", ""부채비율이 295.6%로 다소 높은 수준이며, 이는 재무 안정성에 대한 우려를 제기할 수 있습니다.""]",7.395987706507793,21.580250842939698,5.209683828990727,23.047217060280342
012450,한화에어로스페이스,2023-11-01,115617,Buy,75,"[""최근 1개월 수익률 8.92%와 거래량 변화율 29.97%는 긍정적인 수급 신호를 나타냅니다."", ""2023년 2분기 매출이 전년 동기 대비 23.4% 증가하며 성장세를 보이고 있습니다."", ""영업이익이 감소했으나, 순이익이 크게 증가한 점은 긍정적인 요인으로 작용할 수 있습니다.""]",7.7122659566323275,9.098874550202888,4.129009443948383,0.8974166649900059
012450,한화에어로스페이스,2023-12-01,138537,Buy,75,"[""최근 1개월 수익률이 17.85%로 강한 상승세를 보이고 있으며, 52주 최고가 대비 현재 위치가 91.5%로 상승 여력이 남아있습니다."", ""2023년 3분기 매출액이 전년 동기 대비 31.1% 증가하고 영업이익이 80.9% 증가하는 등 견조한 실적 성장을 보여주고 있습니다."", ""영업현금흐름이 5,643억원으로 양호하며, 이는 기업의 재무 건전성을 뒷받침하는 긍정적인 요인입니다.""]",-6.941417812448981,-4.337765032403694,-7.355342542562912,-7.203428365670764
012450,한화에어로스페이스,2024-01-02,132119,Buy,75,"[""최근 1개월 수익률 5.36%와 거래량 변화율 28.92%는 긍정적인 수급 신호를 시사합니다."", ""2023년 3분기 매출액과 영업이익이 전년 동기 대비 각각 31.1%, 80.9% 크게 증가하며 견조한 성장세를 보여주고 있습니다."", ""현재 주가가 52주 최고가 대비 약 83.1% 수준에 위치하며 상승 여력이 남아있을 가능성을 시사합니다.""]",2.250583634663112,3.601228394470752,4.756231217804354,7.8285738194489785
012450,한화에어로스페이스,2024-02-01,135074,Buy,75,"[""2023년 3분기 매출 및 영업이익이 전년 동기 대비 큰 폭으로 증가하며 견조한 성장세를 시현했습니다."", ""영업현금흐름이 긍정적으로 나타나 재무 활동에 대한 안정성을 뒷받침합니다."", ""최근 1개월 수익률은 소폭 하락했으나, 52주 내 현재 위치가 78.2%로 상승 추세의 연장 가능성을 시사합니다.""]",2.798776231565503,54.31215006014881,1.4861211352289339,53.311121501392876
012450,한화에어로스페이스,2024-03-04,191099,Buy,75,"[""최근 1개월 수익률 42.23%와 거래량 변화율 75.22%는 강한 매수세를 시사합니다."", ""2023년 3분기 매출액과 영업이익이 전년 동기 대비 각각 31.1%, 80.9% 크게 증가하며 견조한 성장세를 보여줍니다."", ""현재가가 52주 최고가 대비 93.6% 수준으로, 상승 여력이 남아있을 가능성이 있습니다.""]",0.0,30.059812351330017,-1.2232958405676702,26.14345393055551
012450,한화에어로스페이스,2024-04-01,212899,Buy,75,"[""2023년 연간 실적에서 매출과 영업이익이 전년 대비 큰 폭으로 성장하며 견조한 실적 개선세를 보이고 있습니다."", ""현재가가 52주 최고가 대비 약 6.6% 하락한 수준으로, 단기적인 조정 후 상승 여력이 남아있다고 판단됩니다."", ""최근 1개월 수익률이 11.47%로 양호한 흐름을 보이고 있으며, 이는 투자자들의 관심이 지속되고 있음을 시사합니다.""]",-13.27837000044807,-8.506417593697682,-11.534918838873734,-5.981682380342855
012450,한화에어로스페이스,2024-05-02,224614,Buy,75,"[""2023년 연간 실적에서 매출과 영업이익이 전년 대비 큰 폭으로 성장하며 견조한 실적 개선세를 보이고 있습니다."", ""현재 주가가 52주 최고가 대비 약 8.6% 하락한 수준으로, 상승 여력이 존재할 가능성이 있습니다."", ""영업이익률이 7.4%로 개선되었으며, 영업현금흐름이 1.4조원으로 양호한 수준을 유지하고 있습니다.""]",2.7837883391566183,-2.0886384446134993,0.8940986921004348,-1.5457916559277192
012450,한화에어로스페이스,2024-06-03,227160,Sell,75,"[""2024년 1분기 영업이익이 전년 동기 대비 83.2% 감소하며 수익성이 크게 악화된 점은 부정적입니다."", ""부채비율이 343.4%로 높고 영업현금흐름이 마이너스(-)인 점은 재무 안정성에 대한 우려를 높입니다."", ""최근 1개월 수익률은 양수이나 거래량 변화율이 크게 감소한 점은 투자 심리 위축 가능성을 시사합니다.""]",0.4740946142107418,10.426824729221721,-2.007780597088615,5.47171410227306
012450,한화에어로스페이스,2024-07-01,248043,Sell,75,"[""최근 1개월 수익률이 높고 52주 최고가 근접에도 불구하고, 2024년 1분기 영업이익이 전년 동기 대비 큰 폭으로 감소하며 수익성 악화가 관찰되었습니다."", ""부채비율이 343.4%로 높고 영업현금흐름이 마이너스(-)를 기록하며 재무 안정성에 대한 우려가 존재합니다."", ""기술적 지표상 52주 최고가에 근접해 있어 추가적인 상승 여력이 제한적일 수 있으며, 실적 부진이 주가에 하방 압력으로 작용할 가능성이 있습니다.""]",7.23398389198944,35.53203221602112,4.122716154670769,37.0664496264625
012450,한화에어로스페이스,2024-08-01,309163,Sell,75,"[""최근 1개월 수익률이 30.26%로 높지만, 2024년 1분기 영업이익이 전년 동기 대비 83.2% 감소하며 수익성이 크게 악화된 점은 부정적입니다."", ""부채비율이 343.4%로 높고 영업현금흐름이 -4,230억원으로 마이너스를 기록하는 등 재무 안정성에 대한 우려가 존재합니다."", ""현재가가 52주 최고가 대비 91.7% 수준으로, 단기 급등 후 차익 실현 매물이 출회될 가능성이 있습니다.""]",5.017459713579173,0.3461371232913938,8.296748553310291,0.16640399522500293
012450,한화에어로스페이스,2024-09-02,295411,Sell,75,"[""2분기 실적은 전년 동기 대비 큰 폭의 성장을 보였으나, 현재 주가는 52주 최고가 대비 낮은 수준에 위치하며 최근 1개월 수익률이 마이너스를 기록하고 있습니다."", ""거래량 변화율이 크게 감소한 점은 투자 심리 위축을 시사하며, 이는 단기적인 주가 하락 압력으로 작용할 수 있습니다."", ""높은 부채비율(359.6%)과 마이너스 영업현금흐름(-3,957억원)은 재무 건전성에 대한 우려를 제기하며, 이는 향후 주가 상승 동력을 제한할 수 있습니다.""]",0.0,21.500214954757947,5.299047147258729,24.137354069757027
012450,한화에어로스페이스,2024-10-02,304766,Buy,75,"[""2024년 2분기 매출 및 영업이익이 전년 동기 대비 큰 폭으로 증가하며 견조한 성장세를 시현했습니다."", ""현재가가 52주 최고가에 근접한 89.8% 수준으로, 상승 모멘텀이 지속될 가능성이 있습니다."", ""최근 1개월 수익률이 3.17%로 양호한 흐름을 보이고 있습니다.""]",5.629509716012012,8.740800028886255,3.5444495341237863,7.99129911244044
012450,한화에어로스페이스,2024-11-01,372711,Buy,75,"[""2024년 2분기 매출 및 영업이익이 전년 동기 대비 큰 폭으로 증가하며 견조한 성장세를 시현했습니다."", ""최근 1개월 수익률이 27.44%로 높고, 52주 최고가 대비 현재 위치가 95.0%로 상승 추세가 강하게 나타나고 있습니다."", ""거래량 변화율이 196.24%로 급증하며 시장의 관심이 집중되고 있어 단기적인 주가 상승 모멘텀이 기대됩니다.""]",13.351338039276452,-12.534208480105816,15.564959672590085,-7.3394785295849605
012450,한화에어로스페이스,2024-12-02,316090,Sell,75,"[""최근 1개월 수익률이 -15.19%로 하락세를 보이고 있으며, 이는 단기적인 투자 심리 위축을 시사합니다."", ""부채비율이 397.4%로 매우 높아 재무 안정성에 대한 우려가 있으며, 이는 향후 주가 상승 동력을 약화시킬 수 있습니다."", ""영업현금흐름이 -1.1조원으로 마이너스를 기록하고 있어 영업 활동을 통한 현금 창출 능력이 저하된 것으로 판단됩니다.""]",-14.032377100821428,6.942536046225571,-10.742108711557007,9.269642961948936
012450,한화에어로스페이스,2025-01-02,357940,Buy,75,"[""2024년 3분기 전년 동기 대비 매출 61.9% 증가, 영업이익 457.6% 증가 등 폭발적인 실적 개선이 확인되었습니다."", ""현재 주가는 52주 최고가 대비 약 18.2% 하락한 수준으로, 최근 1개월 수익률이 16.32%로 강한 상승 모멘텀을 보여주고 있습니다."", ""높은 ROE(17.7%)와 견조한 영업이익률(18.1%)은 기업의 수익 창출 능력을 뒷받침합니다.""]",4.5581168311998725,16.16016248530703,1.5334477183706183,12.276742881061192
012450,한화에어로스페이스,2025-02-03,386497,Buy,75,"[""2024년 3분기 매출 및 영업이익이 전년 동기 대비 각각 61.9%, 457.6% 크게 증가하며 견조한 성장세를 보여주고 있습니다."", ""최근 1개월 수익률이 21.33%로 단기적인 주가 상승 모멘텀이 확인됩니다."", ""현재가가 52주 최고가 대비 약 91.6% 수준으로, 상승 여력이 남아있을 가능성이 있습니다.""]",22.509380886475036,70.97196476484079,20.19805271897627,67.89180567970122
012450,한화에어로스페이스,2025-03-04,690278,Sell,75,"[""최근 1개월 수익률이 75.25%로 매우 높고, 현재가가 52주 최고가에 도달하여 단기 차익 실현 매물이 출회될 가능성이 높습니다."", ""부채비율이 397.4%로 매우 높아 재무 안정성에 대한 우려가 존재하며, 이는 향후 주가 상승에 부담으로 작용할 수 있습니다."", ""영업현금흐름이 -1.1조원으로 마이너스를 기록하고 있어 영업 활동을 통한 현금 창출 능력이 저하된 것으로 판단됩니다.""]",-4.316524686938352,-4.604234551485307,-4.968954391449071,-2.5609451174065083
012450,한화에어로스페이스,2025-04-01,662707,Buy,75,"[""2024년 연간 실적에서 매출과 영업이익이 전년 대비 큰 폭으로 성장하며 견조한 실적 개선세를 보이고 있습니다."", ""현재가가 52주 최고가 대비 약 15.8% 하락한 수준으로, 기술적 반등 가능성이 존재합니다."", ""최근 1개월 수익률이 13.30%로 양호한 흐름을 보이고 있으나, 거래량 변화율이 -23.04%로 감소한 점은 단기적인 상승 모멘텀 약화 가능성을 시사합니다.""]",4.2231106209600835,20.211071286340104,12.689665017454711,18.185818478920694
012450,한화에어로스페이스,2025-05-02,805489,Buy,75,"[""2024년 연간 실적에서 매출과 영업이익이 전년 대비 큰 폭으로 증가하며 견조한 성장세를 보이고 있습니다."", ""최근 1개월 수익률이 23.38%로 단기적으로 강한 상승 모멘텀을 보여주고 있습니다."", ""현재가가 52주 최고가에 근접해 있으나, 2024년 실적 개선 추세가 지속될 경우 추가 상승 여력이 있다고 판단됩니다.""]",-7.865237771398056,3.2647640086354444,-10.459456436406992,-5.991976996881689
012450,한화에어로스페이스,2025-06-02,835000,Buy,75,"[""2025년 1분기 매출 및 영업이익이 전년 동기 대비 폭발적으로 증가하며 강력한 성장세를 시사합니다."", ""높은 ROE(20.9%)는 자본 대비 높은 수익성을 보여주며, 이는 긍정적인 재무 성과를 나타냅니다."", ""현재 주가가 52주 최고가 대비 소폭 하락한 위치(92.4%)에 있으나, 최근 1개월 수익률이 4.82%로 상승세를 유지하고 있어 추가 상승 여력이 있습니다.""]",12.781065088757396,-3.3136094674556213,7.396777291555102,-15.780226089129908
012450,한화에어로스페이스,2025-07-01,839000,Buy,75,"[""2025년 1분기 매출 및 영업이익이 전년 동기 대비 폭발적으로 증가하며 강력한 성장세를 시사합니다."", ""ROE가 20.9%로 높아 수익성이 양호하며, 현재가 기준 52주 최고가 대비 82.2% 수준으로 상승 여력이 남아있습니다."", ""최근 1개월 수익률은 소폭 하락했으나, 거래량 변화율이 12.03%로 증가하며 향후 주가 상승에 대한 기대감을 높입니다.""]",3.785103785103785,19.291819291819294,1.876848336429618,13.457461588229776
012450,한화에어로스페이스,2025-08-01,939000,Buy,75,"[""2025년 1분기 매출 및 영업이익이 전년 동기 대비 폭발적으로 증가하며 강력한 성장세를 시현했습니다."", ""최근 1개월 수익률이 14.93%로 단기적인 상승 모멘텀을 보여주고 있습니다."", ""현재가가 52주 최고가 대비 약 8.1% 하락한 수준으로, 추가 상승 여력이 존재할 수 있습니다.""]",-6.183368869936034,-0.5330490405117271,-8.05835894220988,-1.3145596433232563
012450,한화에어로스페이스,2025-09-01,916000,Sell,75,"[""최근 1개월 수익률이 -8.03%로 하락세를 보이고 있으며, 거래량 변화율 또한 -20.62%로 감소하여 투자 심리가 위축되었음을 시사합니다."", ""현재가(916,000원)가 52주 최고가(998,000원) 대비 88.7% 수준으로, 단기적으로 추가 상승 여력이 제한적일 수 있습니다."", ""부채비율이 278.0%로 다소 높은 수준이며, 이는 재무 안정성에 대한 우려를 제기할 수 있습니다.""]",1.2861736334405145,18.64951768488746,-1.4783384790313212,10.69799909456798
012450,한화에어로스페이스,2025-10-01,1099000,Buy,75,"[""2025년 2분기 실적이 전년 동기 대비 매출 및 영업이익이 각각 170.3%, 156.3% 크게 증가하며 견조한 성장세를 보여주고 있습니다."", ""최근 1개월 수익률이 17.79%로 단기적인 상승 모멘텀을 확인시켜 줍니다."", ""52주 최고가에 근접한 현재 위치는 추가적인 상승 여력이 있음을 시사합니다.""]",-14.676390154968095,-11.577028258887875,-20.2877797318035,-25.023400831939338
012450,한화에어로스페이스,2025-11-03,1042000,Buy,75,"[""2025년 2분기 실적이 전년 동기 대비 매출 및 영업이익이 각각 170.3%, 156.3% 크게 증가하며 강력한 성장세를 시사하고 있습니다."", ""현재 주가가 52주 최고가 대비 약 7.8% 하락한 수준으로, 단기적인 조정 이후 상승 여력이 존재할 가능성이 있습니다."", ""최근 1개월 수익률은 소폭 하락했으나, 거래량 변화율이 13.51%로 증가하며 시장의 관심이 재집중될 가능성을 보여줍니다.""]",-6.138613861386139,-18.415841584158414,-5.766198328140484,-15.339228309182314
012450,한화에어로스페이스,2025-12-01,813000,Sell,75,"[""최근 1개월 수익률이 -16.96%로 하락세를 보이고 있으며, 거래량 변화율 또한 -9.53%로 감소하여 투자 심리가 위축되었음을 시사합니다."", ""2025년 3분기 매출이 전년 동기 대비 146.5% 크게 증가했으나, 영업이익 증가율은 79.5%로 매출 증가율을 하회하며 영업이익률이 13.2%로 다소 낮아진 점은 수익성 둔화 가능성을 내포합니다."", ""부채비율이 221.8%로 높고 영업현금흐름이 -831억원으로 마이너스를 기록하고 있어 재무 안정성에 대한 우려가 존재합니다.""]",16.50485436893204,14.805825242718445,12.784638995946773,6.92834053084614
259960,크래프톤,2023-01-02,164000,Sell,75,"[""최근 1개월 수익률이 -25.45%로 큰 폭의 하락세를 보이고 있으며, 52주 최고가 대비 현재 위치가 0.0%로 최저가 수준에 머물러 있어 하락 추세가 지속될 가능성이 높습니다."", ""2022년 3분기 매출액과 영업이익이 전년 동기 대비 각각 -16.9%, -28.2% 감소하며 실적 부진이 확인되었습니다."", ""거래량 변화율 또한 -7.58%로 감소세를 보이며 투자 심리가 위축되었음을 시사합니다.""]",3.003003003003003,9.30930930930931,-2.9748757357065054,-1.9676661896360237
259960,크래프톤,2023-02-01,181000,Sell,75,"[""최근 1개월 수익률은 긍정적이나, 전년 동기 대비 매출 및 영업이익 감소 추세는 부정적 신호입니다."", ""거래량 변화율이 -34.16%로 크게 감소한 점은 투자 심리 위축을 시사합니다."", ""현재가가 52주 최고가 대비 상당 부분 하락한 위치에 있으며, 52주 내 현재 위치가 12.1%로 낮은 점은 추가 하락 가능성을 내포합니다.""]",-0.5494505494505495,-6.7032967032967035,-1.0614235898575304,-5.212337239896297
259960,크래프톤,2023-03-02,169000,Sell,75,"[""최근 1개월 수익률이 -5.74%로 하락세를 보이고 있으며, 52주 최고가 대비 현재 위치가 3.7%로 매우 낮은 수준에 머물러 있어 추가 하락 가능성이 있습니다."", ""2022년 3분기 매출액과 영업이익이 전년 동기 대비 각각 -16.9%, -28.2% 감소하며 실적 둔화가 나타나고 있습니다."", ""거래량 변화율이 25.37%로 증가했으나, 이는 하락 추세 속에서 매도 물량이 증가했을 가능성을 시사합니다.""]",-4.652532391048291,8.06831566548881,-3.111458326568239,6.226674594302539
259960,크래프톤,2023-04-03,182800,Buy,75,"[""최근 1개월 수익률이 7.66%로 긍정적인 흐름을 보이고 있으며, 52주 최저가 대비 현재 위치가 18.8%로 상승 여력이 존재합니다."", ""영업이익률 40.5%와 영업현금흐름 +5,127억원을 기록하며 견조한 수익성과 현금 창출 능력을 보여주고 있습니다."", ""부채비율 17.9%로 재무 안정성이 높아 외부 충격에 대한 방어력이 양호합니다.""]",-2.0063357972544877,1.8479408658922916,-4.721503242658857,1.005775343479567
259960,크래프톤,2023-05-02,193600,Sell,75,"[""최근 1개월 수익률은 긍정적이나, 거래량 변화율이 크게 감소하며 매수세 약화를 시사합니다."", ""52주 최고가 대비 현재 위치가 31.1%로, 상승 여력 대비 하락 위험이 상대적으로 높아 보입니다."", ""2022년 연간 매출이 전년 대비 소폭 감소한 점은 향후 성장성에 대한 우려를 제기할 수 있습니다.""]",3.0585795749092792,-2.021772939346812,3.4743467452938677,-6.017935088543263
259960,크래프톤,2023-06-01,189400,Sell,65,"[""최근 1개월 수익률이 마이너스를 기록하며 약세를 보이고 있으며, 52주 최고가 대비 현재 위치가 27.7%로 상승 여력 대비 하락 위험이 존재합니다."", ""2023년 1분기 영업이익이 전년 동기 대비 10.2% 감소하며 성장성 둔화 우려가 있습니다."", ""PER 17.8배는 시장 평균 대비 높은 수준은 아니나, 영업이익 감소 추세를 고려할 때 추가적인 상승 동력이 약할 수 있습니다.""]",8.201058201058201,2.91005291005291,7.1250825575486605,2.867382922046649
259960,크래프톤,2023-07-03,194500,Sell,75,"[""최근 1개월 수익률은 소폭 상승했으나, 거래량 변화율이 크게 하락하여 매수세 약화를 시사합니다."", ""2023년 1분기 영업이익이 전년 동기 대비 감소한 점은 향후 실적 둔화 가능성을 내포합니다."", ""현재가가 52주 최고가 대비 상당한 하락폭을 보이고 있으며, 52주 내 현재 위치가 34.0%로 하락 추세에 대한 우려가 있습니다.""]",-0.273224043715847,-2.677595628415301,0.9152185258188466,-5.521837157580739
259960,크래프톤,2023-08-01,178100,Sell,75,"[""최근 1개월 수익률이 -8.43%로 하락세를 보이고 있으며, 거래량 변화율 또한 음수(-4.40%)로 매도 압력이 감지됩니다."", ""2023년 1분기 영업이익이 전년 동기 대비 -10.2% 감소하며 성장성이 둔화되는 모습을 보입니다."", ""현재가가 52주 최고가 대비 약 33.5% 하락한 위치에 있으며, 이는 추가적인 하락 가능성을 시사합니다.""]",0.8675534991324465,-10.352805089647195,1.3013440642831997,-8.05199521986081
259960,크래프톤,2023-09-01,155500,Sell,75,"[""최근 1개월 수익률이 -10.06%로 하락세를 보이고 있으며, 52주 최고가 대비 현재 위치가 매우 낮아 추가 하락 가능성이 있습니다."", ""2023년 2분기 매출과 영업이익이 전년 동기 대비 감소하는 등 실적 둔화가 관찰됩니다."", ""거래량 변화율이 18.49%로 증가했음에도 불구하고 주가 하락이 지속되고 있어 매도 압력이 강한 것으로 판단됩니다.""]",-2.361199744735163,-4.6585832801531595,-1.2906071851019552,2.1441483365692937
259960,크래프톤,2023-10-04,146500,Sell,75,"[""최근 1개월 수익률이 -6.57%로 하락세를 보이고 있으며, 거래량 변화율 또한 -25.17%로 감소하여 투자 심리가 위축된 것으로 판단됩니다."", ""2023년 2분기 매출액과 영업이익이 전년 동기 대비 각각 -8.6%, -20.7% 감소하여 성장성에 대한 우려가 존재합니다."", ""현재가가 52주 최고가 대비 0.0% 위치에 있어 추가적인 상승 여력이 제한적일 수 있습니다.""]",4.662162162162162,14.797297297297296,2.475858284645097,16.264263514637943
259960,크래프톤,2023-11-01,166000,Sell,75,"[""최근 1개월 수익률이 11.63%로 양호하나, 2분기 매출 및 영업이익이 전년 동기 대비 감소한 점은 부정적 요인입니다."", ""현재가가 52주 최고가 대비 약 21.7% 하락한 위치에 있으며, 이는 추가 하락 가능성을 시사합니다."", ""거래량 변화율이 16.36%로 증가했으나, 이는 하락 추세 속에서 매도 압력이 작용하고 있음을 나타낼 수 있습니다.""]",12.966252220248666,26.1101243339254,9.38299570756472,17.908666448712516
259960,크래프톤,2023-12-01,217500,Buy,75,"[""최근 1개월 수익률 28.77%와 거래량 변화율 77.19%는 긍정적인 모멘텀을 시사합니다."", ""2023년 3분기 영업이익이 전년 동기 대비 30.9% 증가하며 견조한 이익 성장세를 보였습니다."", ""부채비율 18.9%와 영업현금흐름 4,443억원은 우수한 재무 안정성을 나타냅니다.""]",-2.293577981651376,-8.027522935779817,-2.7075027117653074,-10.893186269046886
259960,크래프톤,2024-01-02,195800,Sell,75,"[""최근 1개월 수익률이 -9.35%로 하락세를 보이고 있으며, 거래량 변화율 또한 -26.67%로 감소하여 투자 심리가 위축된 것으로 판단됩니다."", ""현재 주가는 52주 최고가 대비 약 10.6% 하락한 수준으로, 단기적인 추가 하락 가능성을 배제할 수 없습니다."", ""영업이익률이 42.0%로 높고 부채비율이 18.9%로 낮아 재무 건전성은 우수하나, 최근 주가 하락 추세와 거래량 감소는 향후 20거래일 내 주가 상승을 기대하기 어렵게 만듭니다.""]",4.209445585215605,10.1129363449692,6.715093168356848,14.340281769947426
259960,크래프톤,2024-02-01,214000,Buy,75,"[""2023년 3분기 영업이익이 전년 동기 대비 30.9% 증가하며 견조한 성장세를 보이고 있습니다."", ""영업이익률 42.0%와 높은 영업현금흐름(+4,443억원)은 기업의 수익 창출 능력이 우수함을 시사합니다."", ""현재가가 52주 최고가에 근접해 있으나, 최근 1개월 수익률이 9.86%로 상승세를 이어가고 있어 추가 상승 여력이 있습니다.""]",3.1390134529147984,-4.484304932735426,1.8263583565782293,-5.48533349149136
259960,크래프톤,2024-03-04,217500,Buy,75,"[""2023년 3분기 영업이익이 전년 동기 대비 30.9% 증가하며 견조한 성장세를 보이고 있습니다."", ""높은 영업이익률(42.0%)과 안정적인 부채비율(18.9%)은 기업의 수익성과 재무 건전성을 뒷받침합니다."", ""최근 1개월 수익률은 소폭 하락했으나, 52주 최고가 대비 현재 위치가 76.3%로 상승 여력이 남아있다고 판단됩니다.""]",7.339449541284404,15.59633027522936,6.116153700716734,11.679971854454854
259960,크래프톤,2024-04-01,250500,Buy,75,"[""최근 1개월 수익률이 10.35%로 양호하며, 52주 최고가 대비 현재 위치가 94.1%로 상승 추세가 이어질 가능성이 있습니다."", ""거래량 변화율이 19.71%로 증가하며 투자자들의 관심이 높아지고 있음을 시사합니다."", ""매출 및 영업이익이 전년 대비 소폭 성장했으며, 높은 영업이익률(40.2%)과 낮은 부채비율(15.9%)은 재무 건전성을 보여줍니다.""]",-3.968253968253968,-3.571428571428571,-2.224802806679631,-1.0466933580737439
259960,크래프톤,2024-05-02,243000,Sell,75,"[""최근 1개월 수익률이 -2.99%로 하락세를 보이고 있으며, 52주 최고가 대비 현재 위치가 85.0%로 상승 여력이 제한적입니다."", ""매출 및 영업이익 증가율이 각각 3.0%, 2.2%로 매우 낮은 수준으로, 향후 큰 폭의 주가 상승을 기대하기 어렵습니다."", ""거래량 변화율이 45.00%로 높게 나타나고 있으나, 이는 단기적인 변동성 확대 가능성을 시사하며, 긍정적인 모멘텀으로 이어질지는 불확실합니다.""]",3.386454183266932,-0.5976095617529881,1.4967645362107485,-0.05476277306720778
259960,크래프톤,2024-06-03,247500,Buy,75,"[""2024년 1분기 매출 및 영업이익이 전년 동기 대비 크게 증가하며 견조한 성장세를 보이고 있습니다."", ""높은 영업이익률(46.6%)과 낮은 부채비율(16.9%)은 재무 건전성을 시사합니다."", ""현재가가 52주 최고가 대비 약 13.7% 하락한 수준으로, 기술적으로는 반등 가능성이 존재합니다.""]",6.212424849699398,9.218436873747494,3.7305496384000416,4.263326246798833
259960,크래프톤,2024-07-01,273500,Buy,75,"[""2024년 1분기 매출 및 영업이익이 전년 동기 대비 각각 23.6%, 9.7% 증가하며 견조한 성장세를 보이고 있습니다."", ""부채비율 16.9%와 영업현금흐름 +2,190억원을 고려할 때 재무 안정성이 우수합니다."", ""최근 1개월 수익률 8.96%와 52주 최고가 대비 현재 위치 84.4%는 주가 상승 모멘텀이 지속될 가능성을 시사합니다.""]",6.826568265682657,7.9335793357933575,3.715300528363987,9.467996746234734
259960,크래프톤,2024-08-01,289500,Buy,75,"[""2024년 1분기 매출 및 영업이익이 전년 동기 대비 각각 23.6%, 9.7% 증가하며 견조한 성장세를 보이고 있습니다."", ""현재 주가가 52주 최고가 대비 약 2.5% 하락한 수준으로, 단기적인 상승 여력이 존재할 수 있습니다."", ""부채비율이 16.9%로 매우 낮고 영업현금흐름이 양호하여 재무 안정성이 뛰어납니다.""]",2.4347826086956523,12.347826086956522,5.71407144842677,12.168092958890131
259960,크래프톤,2024-09-02,323000,Buy,75,"[""2024년 2분기 매출 및 영업이익이 전년 동기 대비 각각 82.7%, 152.6% 크게 증가하며 견조한 성장세를 보이고 있습니다."", ""높은 영업이익률(47.0%)과 긍정적인 영업현금흐름(+4,059억원)은 기업의 수익 창출 능력과 재무 건전성을 뒷받침합니다."", ""최근 1개월 수익률(11.57%)과 거래량 변화율(133.94%)은 시장의 관심이 증가하고 있으며, 주가 상승 모멘텀이 작용하고 있음을 시사합니다.""]",1.1041009463722398,2.8391167192429023,6.403148093630969,5.476255834241982
259960,크래프톤,2024-10-02,338000,Buy,75,"[""2024년 2분기 매출 및 영업이익이 전년 동기 대비 각각 82.7%, 152.6% 크게 증가하며 견조한 성장세를 시현했습니다."", ""높은 영업이익률(47.0%)과 안정적인 부채비율(17.2%), 양호한 영업현금흐름(+4,059억원)은 기업의 재무 건전성을 뒷받침합니다."", ""현재가가 52주 최고가에 근접해 있으나, 2분기 실적 개선 모멘텀이 단기 주가 상승을 견인할 가능성이 있습니다.""]",-1.4903129657228018,0.5961251862891207,-3.5753731476110273,-0.1533757301566947
259960,크래프톤,2024-11-01,333500,Buy,75,"[""2024년 2분기 매출 및 영업이익이 전년 동기 대비 큰 폭으로 증가하며 견조한 성장세를 보이고 있습니다."", ""높은 영업이익률(47.0%)과 긍정적인 영업현금흐름(+4,059억원)은 기업의 수익 창출 능력과 재무 건전성을 뒷받침합니다."", ""현재 주가가 52주 최고가에 근접해 있으나, 최근 1개월 수익률 하락과 거래량 감소는 단기적인 조정 후 상승 여력을 시사할 수 있습니다.""]",-5.9259259259259265,-2.9629629629629632,-3.712304292612294,2.2317669875578923
259960,크래프톤,2024-12-02,327500,Buy,75,"[""2024년 3분기 매출 및 영업이익이 전년 동기 대비 각각 59.7%, 71.4% 크게 증가하며 견조한 성장세를 보이고 있습니다."", ""영업이익률 45.1%와 부채비율 16.3%는 높은 수익성과 우수한 재무 안정성을 시사합니다."", ""현재가가 52주 최고가 대비 약 13.6% 하락한 수준이며, 최근 1개월 수익률은 소폭 하락했으나 거래량 변화율이 64.35%로 높아 투자자들의 관심이 증가하고 있음을 나타냅니다.""]",-7.91476407914764,1.97869101978691,-4.62449568988322,4.305797935510275
259960,크래프톤,2025-01-02,316500,Buy,75,"[""2024년 3분기 매출 및 영업이익이 전년 동기 대비 큰 폭으로 성장하며 견조한 실적 개선세를 보이고 있습니다."", ""영업이익률 45.1%와 영업현금흐름 +7,822억원은 높은 수익성과 현금 창출 능력을 시사합니다."", ""부채비율 16.3%로 재무 안정성이 매우 높아 추가적인 성장 동력 확보에 유리한 환경입니다.""]",0.0,13.73134328358209,-3.024669112829254,9.847923679336255
259960,크래프톤,2025-02-03,360000,Buy,75,"[""2024년 3분기 매출 및 영업이익이 전년 동기 대비 각각 59.7%, 71.4% 크게 증가하며 견조한 성장세를 보이고 있습니다."", ""영업이익률 45.1%와 부채비율 16.3%는 높은 수익성과 우수한 재무 안정성을 시사합니다."", ""최근 1개월 수익률 17.26%와 거래량 변화율 8.36%는 시장의 긍정적인 관심과 함께 주가 상승 모멘텀이 작용하고 있음을 나타냅니다.""]",3.4482758620689653,-5.103448275862069,1.1369476945701993,-8.183607361001634
259960,크래프톤,2025-03-04,334000,Buy,75,"[""2024년 3분기 매출 및 영업이익이 전년 동기 대비 각각 59.7%, 71.4% 크게 증가하며 견조한 성장세를 보이고 있습니다."", ""영업이익률 45.1%와 부채비율 16.3%는 높은 수익성과 우수한 재무 안정성을 시사합니다."", ""최근 1개월 수익률은 하락했으나, 52주 최고가 대비 현재 위치가 71.2%로 여전히 상승 여력이 존재하며, 거래량 변화율이 83.11%로 높아 투자자들의 관심이 증가하고 있음을 나타냅니다.""]",0.436046511627907,0.872093023255814,-0.21638319288281194,2.915382457334613
259960,크래프톤,2025-04-01,340000,Sell,75,"[""최근 1개월 수익률이 -1.02%로 부진하며, 거래량 변화율이 -29.93%로 감소하는 등 단기적인 매도 압력이 감지됩니다."", ""현재가가 52주 최고가 대비 27.3% 하락한 위치에 있으며, 이는 단기적인 가격 조정 가능성을 시사합니다."", ""견조한 연간 실적 성장에도 불구하고, 최근 시장의 관심이 다른 섹터로 이동하거나 단기적인 차익 실현 매물이 출회될 가능성을 배제할 수 없습니다.""]",2.161383285302594,7.060518731988473,10.62793768179722,5.035265924569064
259960,크래프톤,2025-05-02,385000,Buy,75,"[""2024년 연간 실적에서 매출과 영업이익이 전년 대비 큰 폭으로 증가하며 견조한 성장세를 보이고 있습니다."", ""높은 영업이익률(43.6%)과 우수한 ROE(19.8%)는 기업의 수익 창출 능력이 뛰어나다는 것을 시사합니다."", ""현재가가 52주 최고가에 근접해 있으며 최근 1개월 수익률이 긍정적인 점은 단기적인 상승 모멘텀을 나타냅니다.""]",-3.24254215304799,-4.150453955901426,-5.836760818056925,-13.40719496141856
259960,크래프톤,2025-06-02,368000,Buy,75,"[""2025년 1분기 매출 및 영업이익이 전년 동기 대비 큰 폭으로 성장하며 견조한 실적 개선세를 보이고 있습니다."", ""높은 영업이익률(52.3%)과 우수한 ROE(19.8%)는 기업의 수익 창출 능력이 뛰어나다는 것을 시사합니다."", ""낮은 부채비율(16.0%)과 양호한 영업현금흐름(5,296억원)은 재무 안정성이 높음을 나타내어 투자 위험을 낮춥니다."", ""현재 주가가 52주 최고가 대비 약 87.3% 수준에 위치하며, 최근 단기적인 조정에도 불구하고 상승 추세의 연장 가능성을 시사합니다.""]",3.9455782312925165,-0.5442176870748299,-1.4387095659097775,-13.010834308749118
259960,크래프톤,2025-07-01,362000,Buy,75,"[""2025년 1분기 매출 및 영업이익이 전년 동기 대비 각각 31.3%, 47.3% 크게 증가하며 견조한 성장세를 보이고 있습니다."", ""높은 영업이익률(52.3%)과 낮은 부채비율(16.0%)은 기업의 수익성과 재무 안정성을 뒷받침합니다."", ""현재가가 52주 최고가 대비 약 79.1% 수준에 위치하며, 최근 1개월 수익률은 하락했으나 거래량 변화율이 36.42%로 증가한 점은 투자 심리 회복 가능성을 시사합니다.""]",0.41841004184100417,-8.92608089260809,-1.4898454068331628,-14.76043859619761
259960,크래프톤,2025-08-01,315500,Sell,75,"[""최근 1개월 수익률이 -13.68%로 하락세를 보이고 있으며, 거래량 변화율 또한 -28.62%로 감소하여 투자 심리가 위축된 것으로 판단됩니다."", ""현재 주가는 52주 최고가 대비 38.2% 낮은 수준에 위치해 있으나, 최근 하락 추세가 지속되고 있어 추가 하락 가능성을 배제할 수 없습니다."", ""2025년 1분기 실적은 전년 동기 대비 크게 성장했으나, 이는 이미 주가에 반영되었을 가능성이 높으며, 단기적인 추가 상승 동력은 약하다고 판단됩니다.""]",1.4308426073131957,4.92845786963434,-0.4441474649606503,4.146947266822811
259960,크래프톤,2025-09-01,331000,Sell,75,"[""2025년 2분기 실적이 전년 동기 대비 매출 및 영업이익이 감소하는 부정적인 추세를 보이고 있습니다."", ""최근 1개월 수익률이 0.76%로 미미하며, 거래량 변화율이 -4.97%로 감소하는 등 투자 심리가 위축된 것으로 판단됩니다."", ""현재 주가가 52주 최고가 대비 약 57% 수준에 위치하여 추가 상승 여력이 제한적일 수 있습니다.""]",-2.272727272727273,-11.363636363636363,-5.037239385199109,-19.315154953955844
259960,크래프톤,2025-10-01,298500,Sell,75,"[""최근 1개월 수익률이 -9.55%로 하락세를 보이고 있으며, 거래량 변화율 또한 -9.51%로 감소하는 추세입니다."", ""2025년 2분기 실적이 매출액과 영업이익 모두 전년 동기 대비 감소하는 부정적인 흐름을 보이고 있습니다."", ""현재 주가가 52주 최고가 대비 9.3% 하락한 위치에 있으며, 이는 단기적인 하락 압력이 지속될 가능성을 시사합니다.""]",-3.0100334448160537,-11.872909698996656,-8.621423021651458,-25.31928227204812
259960,크래프톤,2025-11-03,279500,Sell,75,"[""2025년 2분기 실적이 전년 동기 대비 매출 및 영업이익이 감소하는 추세를 보이며, 특히 영업이익 감소폭이 커 주가 하락 압력으로 작용할 수 있습니다."", ""최근 1개월 수익률이 -5.41%로 하락세를 보이고 있으며, 이는 단기적인 투자 심리 위축을 시사합니다."", ""현재가가 52주 최고가 대비 약 27.6% 하락한 수준에 위치해 있어 추가적인 하락 가능성을 배제할 수 없습니다.""]",-5.376344086021505,-9.31899641577061,-5.00392855277585,-6.242383140794509
259960,크래프톤,2025-12-01,252000,Sell,75,"[""최근 1개월 수익률이 -8.70%로 하락세를 보이고 있으며, 52주 최고가 대비 현재가 0.0% 위치는 하락 추세의 시작일 가능성을 시사합니다."", ""거래량 변화율이 -13.13%로 감소하는 것은 투자 심리 위축 및 매도 압력 증가를 나타낼 수 있습니다."", ""2025년 3분기 실적은 매출이 전년 동기 대비 21.0% 증가했으나, 영업이익 증가율은 7.5%로 매출 성장률을 크게 하회하여 수익성 둔화 우려가 있습니다.""]",-2.9644268774703555,-1.9762845849802373,-6.684642250455623,-9.853769296852542
247540,에코프로비엠,2023-01-02,93400,Sell,75,"[""최근 1개월 수익률이 -18.85%로 하락세를 보이고 있으며, 거래량 변화율 또한 -34.26%로 감소하여 투자 심리가 위축된 것으로 판단됩니다."", ""현재가(93,400원)가 52주 최고가(135,900원) 대비 약 31% 하락한 수준이지만, 52주 최저가(78,819원) 대비로는 여전히 높은 위치에 있어 추가 하락 가능성이 존재합니다."", ""매출 및 영업이익의 전년 동기 대비 큰 폭 성장은 긍정적이나, 영업현금흐름이 -5,978억원으로 마이너스를 기록하고 있어 재무 안정성에 대한 우려가 있습니다.""]",3.5407725321888415,22.317596566523605,0.4146150390412142,9.032168016260629
247540,에코프로비엠,2023-02-01,109200,Sell,75,"[""최근 1개월 수익률이 18.57%로 높지만, 거래량 변화율이 -5.35%로 감소하는 추세는 매도 압력을 시사합니다."", ""PER 23.4, PBR 17.92는 현재가 고평가 가능성을 내포하며, 52주 최고가 대비 현재 위치가 53.2%로 상승 여력이 제한적일 수 있습니다."", ""영업현금흐름이 -5,978억원으로 마이너스를 기록하고 있어 재무적 부담이 존재합니다.""]",14.649122807017545,59.73684210526316,12.038675787583049,54.79320997426999
247540,에코프로비엠,2023-03-02,159700,Sell,75,"[""최근 1개월 수익률이 60.02%로 매우 높고, 52주 최고가 대비 현재 위치가 91.8%로 상승 여력이 제한적일 수 있습니다."", ""2022년 3분기 매출 및 영업이익이 전년 동기 대비 큰 폭으로 성장했으나, 영업이익률 9.1%는 성장률에 비해 다소 낮은 수준입니다."", ""부채비율 128.6%와 영업현금흐름 -5,978억원은 재무 안정성에 대한 우려를 제기하며, 단기적인 주가 하락 가능성을 시사합니다.""]",6.315211422295441,23.28390993959363,8.037501494826028,17.663411946024176
247540,에코프로비엠,2023-04-03,232000,Sell,75,"[""현재가(232,000원)가 52주 최고가(235,000원)에 매우 근접하여 추가 상승 여력이 제한적일 수 있습니다."", ""PER(80.5) 및 PBR(15.25) 지표가 높아 현재 주가가 기업의 내재가치 대비 고평가되었을 가능성이 있습니다."", ""영업이익률(7.1%)이 상대적으로 낮고, 영업현금흐름이 마이너스(-)를 기록하고 있어 재무적 부담이 존재합니다.""]",31.180400890868597,11.1358574610245,26.308612001720448,12.769120019646959
247540,에코프로비엠,2023-05-02,267000,Sell,75,"[""최근 1개월 수익률이 18.93%로 높지만, 거래량 변화율이 -14.47%로 감소하는 추세는 매도 압력을 시사합니다."", ""PER 92.7, PBR 17.55는 현재 주가가 기업의 이익 및 자산 가치 대비 상당히 고평가되었음을 나타냅니다."", ""영업현금흐름이 -2,413억원으로 마이너스를 기록하고 있어 재무 안정성에 대한 우려가 존재합니다.""]",-11.022044088176353,2.2044088176352705,-8.811365466766928,-0.7463253079369676
247540,에코프로비엠,2023-06-01,249500,Sell,75,"[""최근 1개월 수익률이 -6.55%로 하락세를 보이고 있으며, 거래량 변화율 또한 -63.34%로 감소하여 투자 심리가 위축된 것으로 판단됩니다."", ""PER 86.6, PBR 16.40으로 현재 주가가 기업의 내재가치 대비 고평가된 수준으로 보이며, 이는 향후 주가 상승 여력을 제한할 수 있습니다."", ""영업현금흐름이 -3,757억원으로 마이너스를 기록하고 있어 재무 안정성에 대한 우려가 존재하며, 이는 주가 하락 요인으로 작용할 수 있습니다.""]",5.294117647058823,3.3333333333333335,3.2550880868901664,0.887649855232739
247540,에코프로비엠,2023-07-03,263500,Sell,75,"[""2023년 1분기 매출 및 영업이익은 전년 동기 대비 큰 폭으로 성장했으나, 현재가 기준 PER 91.5배는 높은 밸류에이션 부담을 시사합니다."", ""52주 최고가 대비 현재 위치가 84.4%로, 단기적으로 상승 여력이 제한적일 수 있습니다."", ""영업현금흐름이 마이너스(-) 3,757억원을 기록하며 재무 안정성에 대한 우려가 존재합니다.""]",7.468123861566485,48.816029143898,8.734415996397944,43.23513026749351
247540,에코프로비엠,2023-08-01,408500,Sell,75,"[""최근 1개월 수익률이 55.03%로 매우 높으며, 52주 최고가 대비 현재 위치가 85.7%로 높은 수준에 있어 단기 차익 실현 매물이 출회될 가능성이 있습니다."", ""PER 141.8, PBR 26.85로 밸류에이션 부담이 높은 수준이며, 이는 향후 주가 상승 여력을 제한할 수 있습니다."", ""영업현금흐름이 -3,757억원으로 마이너스를 기록하고 있어 재무 안정성에 대한 우려가 존재합니다.""]",-9.724047306176084,-14.71747700394218,-9.638310408532753,-16.76636901941879
247540,에코프로비엠,2023-09-01,308500,Sell,75,"[""최근 1개월 수익률이 -18.92%로 하락세를 보이고 있으며, 거래량 변화율 또한 -69.43%로 감소하여 투자 심리가 위축된 것으로 판단됩니다."", ""PER 107.1, PBR 20.28로 높은 밸류에이션 수준을 유지하고 있으나, 영업이익 증가율이 매출 증가율을 크게 하회하며 수익성 개선 속도가 둔화되고 있습니다."", ""부채비율 155.6%와 영업현금흐름 -3,843억원은 재무 안정성에 대한 우려를 제기하며, 단기적인 주가 상승 동력이 약하다고 판단됩니다.""]",-5.691056910569105,-23.414634146341466,-4.971922048303557,-12.233773360406483
247540,에코프로비엠,2023-10-04,235000,Sell,75,"[""최근 1개월 수익률이 -27.58%로 큰 폭의 하락세를 보이고 있으며, 거래량 변화율 또한 -26.71%로 감소하는 추세는 투자 심리 위축을 시사합니다."", ""PER 81.6, PBR 15.45는 현재 주가가 기업의 이익 및 자산 가치 대비 고평가되었음을 나타내며, 이는 향후 주가 상승 여력을 제한할 수 있습니다."", ""영업이익 증가율(11.5%)이 매출 증가율(60.6%)에 비해 현저히 낮아 수익성 개선이 더디며, 영업현금흐름이 마이너스(-)를 기록하고 있어 재무 건전성에 대한 우려가 존재합니다.""]",5.353319057815846,-1.4989293361884368,2.636782641746336,0.8693011699162831
247540,에코프로비엠,2023-11-01,188600,Sell,75,"[""최근 1개월 수익률이 -25.89%로 큰 폭의 하락세를 보이고 있으며, 이는 단기적인 하락 압력이 지속될 가능성을 시사합니다."", ""영업이익 증가율(11.5%)이 매출 증가율(60.6%)에 비해 현저히 낮아 수익성 둔화 우려가 있으며, 이는 향후 주가 상승 동력을 약화시킬 수 있습니다."", ""부채비율 155.6%와 영업현금흐름 -3,843억원은 재무 안정성에 대한 우려를 제기하며, 이는 투자 심리에 부정적인 영향을 미칠 수 있습니다.""]",14.516129032258066,26.26728110599078,10.630460588595733,18.653803542717668
247540,에코프로비엠,2023-12-01,280000,Sell,75,"[""최근 1개월 수익률이 29.03%로 높지만, 2023년 3분기 영업이익이 전년 동기 대비 67.6% 감소하며 수익성 악화가 뚜렷하게 나타나고 있습니다."", ""영업이익률이 2.5%로 매우 낮은 수준이며, 영업현금흐름이 -4,896억원으로 마이너스를 기록하며 재무 건전성에 대한 우려가 있습니다."", ""PER이 97.2로 매우 높아 현재 주가가 기업의 이익 대비 고평가되어 있음을 시사합니다.""]",-1.238390092879257,-13.622291021671826,-2.0506818903011683,-18.176194367396736
247540,에코프로비엠,2024-01-02,283500,Sell,75,"[""2023년 3분기 영업이익이 전년 동기 대비 67.6% 감소하며 수익성 악화가 두드러지고 있습니다."", ""높은 부채비율(180.6%)과 마이너스 영업현금흐름(-4,896억원)은 재무 안정성에 대한 우려를 높입니다."", ""PER 98.4배, PBR 18.64배는 현재 주가가 기업의 이익 및 자산 가치 대비 고평가되었을 가능성을 시사합니다.""]",8.103130755064457,-21.36279926335175,7.65680974814591,-13.063982186123296
247540,에코프로비엠,2024-02-01,228000,Sell,75,"[""최근 1개월 수익률이 -16.02%로 하락세를 보이고 있으며, 52주 최고가 대비 현재 위치가 35.4%로 상당한 하락폭을 기록했습니다."", ""2023년 3분기 영업이익이 전년 동기 대비 -67.6% 감소하며 수익성이 크게 악화되었습니다."", ""영업현금흐름이 -4,896억원으로 마이너스를 기록하며 현금 창출 능력에 대한 우려가 있습니다.""]",4.8034934497816595,8.951965065502183,1.074833828047919,2.091133174293624
247540,에코프로비엠,2024-03-04,270000,Sell,75,"[""최근 1개월 수익률이 높음에도 불구하고, 3분기 영업이익이 전년 동기 대비 큰 폭으로 감소하며 수익성 악화가 두드러지고 있습니다."", ""높은 PER과 PBR은 현재 주가가 기업의 이익 및 자산 가치 대비 고평가되었음을 시사하며, 이는 향후 주가 하락 압력으로 작용할 수 있습니다."", ""부정적인 영업현금흐름과 높은 부채비율은 재무 안정성에 대한 우려를 높이며, 이는 투자 심리에 부정적인 영향을 미칠 수 있습니다.""]",2.5440313111545985,2.3483365949119372,-0.1499677885372228,-0.5626598615673992
247540,에코프로비엠,2024-04-01,270500,Sell,65,"[""2023년 연간 영업이익이 전년 대비 59.0% 감소하며 수익성 악화가 두드러지고 있습니다."", ""부채비율이 172.7%로 높아 재무 안정성에 대한 우려가 존재합니다."", ""최근 1개월 수익률은 소폭 상승했으나, 거래량 변화율이 -28.36%로 감소하며 투자 심리가 위축될 가능성을 시사합니다.""]",-9.560229445506693,-10.89866156787763,-5.9419744179716165,-8.194503827212076
247540,에코프로비엠,2024-05-02,233000,Sell,75,"[""최근 1개월 수익률이 -13.86%로 하락세를 보이고 있으며, 거래량 변화율 또한 -21.37%로 감소하여 투자 심리가 위축된 것으로 판단됩니다."", ""2023년 연간 영업이익이 전년 대비 59.0% 감소하며 수익성이 크게 악화되었고, 영업이익률 또한 2.3%로 낮은 수준입니다."", ""부채비율이 172.7%로 재무 안정성이 다소 취약한 상황에서, 향후 20거래일 내 주가 상승을 뒷받침할 만한 긍정적인 기술적 또는 재무적 지표가 부족합니다.""]",-6.8584070796460175,-15.398230088495577,-5.569113072090468,-13.11654938516028
247540,에코프로비엠,2024-06-03,188000,Sell,75,"[""2024년 1분기 매출액이 전년 동기 대비 51.7% 감소하고 영업이익이 93.8% 감소하는 등 실적 부진이 지속되고 있습니다."", ""영업이익률이 0.7%로 매우 낮은 수준이며, 순이익은 적자를 기록하고 있어 수익성 개선에 대한 불확실성이 높습니다."", ""최근 1개월 수익률이 -21.17%로 하락세를 보이고 있으며, 52주 최고가 대비 현재 위치가 0.8%에 불과하여 추가 하락 가능성이 있습니다.""]",9.571129707112972,-0.10460251046025104,6.635586341937533,1.0469155071317295
247540,에코프로비엠,2024-07-01,188500,Sell,75,"[""2024년 1분기 매출 및 영업이익이 전년 동기 대비 큰 폭으로 감소하며 수익성 악화가 뚜렷하게 나타나고 있습니다."", ""영업이익률이 0.7%로 매우 낮은 수준이며, 순이익이 적자를 기록하여 단기적인 실적 개선 모멘텀이 부족합니다."", ""현재 주가가 52주 최고가 대비 상당 부분 하락한 위치에 있으나, 실적 부진을 상쇄할 만한 강력한 상승 근거가 부족합니다.""]",6.191780821917808,2.73972602739726,2.515478572276282,5.888260205802147
247540,에코프로비엠,2024-08-01,185100,Sell,75,"[""2024년 1분기 매출 및 영업이익이 전년 동기 대비 큰 폭으로 감소하며 수익성 악화가 두드러짐"", ""영업이익률이 0.7%로 매우 낮은 수준이며, 순이익이 적자를 기록하여 재무 건전성에 대한 우려가 있음"", ""최근 1개월 수익률이 마이너스(-)를 기록하고 거래량 변화율 또한 감소 추세를 보여 투자 심리가 위축된 것으로 판단됨""]",-3.604088219472835,-2.205486820871436,-1.6921895372714455,-0.9069355011480835
247540,에코프로비엠,2024-09-02,181800,Sell,75,"[""2024년 2분기 매출액이 전년 동기 대비 57.5% 감소하고 영업이익이 96.6% 급감하는 등 실적 부진이 지속되고 있습니다."", ""현재가 181,800원은 52주 최고가 344,500원 대비 크게 하락한 수준이며, 최근 1개월 수익률 또한 마이너스를 기록하며 하락 추세가 이어지고 있습니다."", ""부채비율 160.6%는 재무 안정성에 대한 우려를 제기하며, 향후 실적 개선 가능성이 불확실한 상황에서 주가 상승 동력이 약하다고 판단됩니다.""]",-14.785100286532952,10.601719197707736,-7.660937050213797,8.251547570736655
247540,에코프로비엠,2024-10-02,190100,Sell,75,"[""2024년 2분기 실적이 전년 동기 대비 매출액과 영업이익이 크게 감소하며 수익성이 악화된 점은 부정적 요인입니다."", ""영업이익률이 0.5%로 매우 낮은 수준이며, PER이 '해당없음(적자)'으로 표시되는 등 현재 기업 가치 대비 수익 창출 능력이 미흡합니다."", ""최근 1개월 수익률이 15.14%로 양호했으나, 이는 단기적인 반등일 수 있으며 근본적인 실적 개선 없이는 하락 압력이 작용할 수 있습니다.""]",-4.089422028353326,-0.7633587786259541,-4.255876292443416,1.1742728892977858
247540,에코프로비엠,2024-11-01,169700,Sell,75,"[""2024년 2분기 매출액이 전년 동기 대비 57.5% 감소하고 영업이익이 96.6% 감소하는 등 실적 부진이 지속되고 있습니다."", ""최근 1개월 수익률이 -8.02%로 하락세를 보이고 있으며, 거래량 변화율 또한 -27.20%로 감소하여 투자 심리가 위축된 것으로 판단됩니다."", ""PBR이 10.38로 높은 수준임에도 불구하고 PER이 해당 없음(적자)인 점은 현재 기업 가치 대비 수익성이 매우 낮음을 시사합니다.""]",-16.0989010989011,-24.45054945054945,-12.751776125423483,-14.0749924804667
247540,에코프로비엠,2024-12-02,137500,Sell,75,"[""최근 1개월 수익률이 -18.97%로 하락세를 보이고 있으며, 2024년 3분기 매출이 전년 동기 대비 -71.1% 감소하고 영업이익이 적자 전환한 점은 부정적인 신호입니다."", ""PER이 해당 없음(적자)이고 영업이익률이 -7.9%로 마이너스인 점은 기업의 수익성 악화를 시사합니다."", ""52주 최고가 대비 현재 위치가 6.4%로, 52주 최저가(124,500원)에 근접해 있어 추가 하락 가능성을 배제할 수 없습니다.""]",-5.072463768115942,-18.115942028985508,-0.8440329632520278,-20.281547124526913
247540,에코프로비엠,2025-01-02,105500,Sell,75,"[""최근 1개월 수익률이 -21.97%로 큰 폭의 하락세를 보이고 있으며, 이는 단기적인 하락 추세가 지속될 가능성을 시사합니다."", ""2024년 3분기 매출이 전년 동기 대비 -71.1% 감소하고 영업이익이 -412억원으로 적자 전환한 점은 기업의 수익성 악화를 명확히 보여줍니다."", ""현재가가 52주 최저가와 동일한 수준이며, 52주 최고가 대비 큰 폭으로 하락한 상태에서 추가적인 하락 압력이 작용할 가능성이 높습니다.""]",6.371681415929204,8.584070796460178,4.652966838735824,3.6872220093370682
247540,에코프로비엠,2025-02-03,119000,Sell,75,"[""2024년 3분기 매출이 전년 동기 대비 71.1% 감소하고 영업이익이 적자 전환하는 등 실적 부진이 심화되고 있습니다."", ""PER이 해당없음(적자)으로 재무 건전성에 대한 우려가 있으며, PBR 7.28은 현재 기업 가치 대비 높은 수준입니다."", ""최근 1개월 수익률이 8.28%로 소폭 상승했으나, 52주 최고가 대비 현재 위치가 7.2%에 불과하여 추가 상승 여력이 제한적입니다.""]",0.3325020781379884,-6.317539484621778,-3.7887891764458645,-10.072123327270974
247540,에코프로비엠,2025-03-04,111900,Sell,75,"[""최근 1개월 수익률이 -14.58%로 하락세를 보이고 있으며, 2024년 3분기 매출이 전년 동기 대비 -71.1% 감소하고 영업이익이 적자 전환하며 실적 악화가 뚜렷합니다."", ""PER이 '해당없음(적자)'으로 기업의 수익성이 매우 좋지 않은 상황이며, PBR 6.84는 현재 기업 가치가 장부 가치 대비 높은 수준임을 시사합니다."", ""52주 최고가 대비 현재 위치가 3.4%로, 52주 최저가(105,500원)에 근접한 111,900원이라는 점은 추가 하락 가능성을 시사합니다.""]",5.944986690328305,-18.98846495119787,8.282492547480729,-10.674655459264002
247540,에코프로비엠,2025-04-01,95700,Sell,75,"[""최근 1개월 수익률이 -19.58%로 하락세를 보이고 있으며, 거래량 변화율 또한 -35.48%로 감소하여 투자 심리가 위축된 것으로 판단됩니다."", ""2024년 연간 실적이 매출액 -59.9%, 영업이익 -121.9%로 큰 폭의 감소세를 기록하며 적자 전환하였고, 영업이익률 또한 마이너스를 기록하여 수익성이 악화되었습니다."", ""현재가가 52주 최저가와 동일한 수준이며, 52주 최고가 대비 큰 폭으로 하락한 상태에서 추가적인 상승 모멘텀을 찾기 어렵습니다.""]",3.723986856516977,11.171960569550931,9.777867268285982,6.442457758716444
247540,에코프로비엠,2025-05-02,104500,Sell,75,"[""2024년 연간 실적에서 매출이 전년 대비 59.9% 감소하고 영업이익이 적자 전환하며 큰 폭의 하락세를 보였기 때문입니다."", ""최근 1개월 수익률이 14.46%로 상승했으나, 거래량 변화율이 -30.75%로 감소한 점은 상승 동력이 약화되었음을 시사합니다."", ""PBR 5.17배는 현재 기업 가치 대비 높은 수준이며, PER이 없어 적자 기업임을 감안할 때 추가적인 하락 압력이 존재할 수 있습니다.""]",-1.1928429423459244,-4.3737574552683895,-3.439629788128358,-8.99737915391673
247540,에코프로비엠,2025-06-02,89000,Sell,75,"[""2025년 1분기 매출 및 영업이익이 전년 동기 대비 큰 폭으로 감소하며 실적 부진이 지속되고 있습니다."", ""영업이익률이 0.4%로 매우 낮은 수준이며, 영업현금흐름이 마이너스를 기록하여 재무 건전성에 대한 우려가 있습니다."", ""최근 1개월 수익률이 -13.09%로 하락세를 보이고 있으며, 52주 최고가 대비 현재 위치가 낮은 편이지만 실적 개선 모멘텀이 부재합니다.""]",6.324972737186478,15.812431842966193,1.0944372871124974,10.064707872344634
247540,에코프로비엠,2025-07-01,102000,Sell,75,"[""2025년 1분기 매출 및 영업이익이 전년 동기 대비 큰 폭으로 감소하며 실적 부진이 지속되고 있습니다."", ""영업이익률이 0.4%로 매우 낮은 수준이며, 영업현금흐름이 마이너스를 기록하여 재무 건전성에 대한 우려가 있습니다."", ""최근 1개월 수익률이 13.33%로 상승했으나, 이는 52주 최고가 대비 낮은 현재가와 실적 부진을 상쇄할 만큼의 강한 상승 모멘텀으로 보기 어렵습니다.""]",-2.3255813953488373,10.852713178294573,-3.372668345756045,8.103950121670055
247540,에코프로비엠,2025-08-01,107300,Sell,75,"[""2025년 1분기 매출 및 영업이익이 전년 동기 대비 큰 폭으로 감소하며 수익성 악화가 지속되고 있습니다."", ""영업현금흐름이 마이너스를 기록하며 재무 안정성에 대한 우려가 존재합니다."", ""최근 1개월 수익률이 소폭 상승했으나, 거래량 변화율이 마이너스인 점은 투자 심리 위축 가능성을 시사합니다.""]",24.074074074074073,10.833333333333334,20.529702469860098,9.565573212934378
247540,에코프로비엠,2025-09-01,119900,Sell,75,"[""2025년 2분기 매출이 전년 동기 대비 감소했음에도 불구하고 영업이익이 큰 폭으로 증가했으나, 이는 일회성 요인일 가능성을 배제할 수 없으며 향후 지속 가능성에 대한 불확실성이 존재합니다."", ""부채비율이 145.9%로 다소 높은 수준이며, 영업현금흐름이 마이너스(-)를 기록하고 있어 재무 안정성에 대한 우려가 있습니다."", ""최근 1개월 수익률이 7.92%로 양호하나, 52주 최고가 대비 현재 위치가 34.6% 수준으로 상승 여력에 대한 제한적인 신호가 감지됩니다.""]",-1.5037593984962405,-5.597326649958228,-5.385371489176347,-11.641407254492234
247540,에코프로비엠,2025-10-01,112600,Sell,75,"[""최근 1개월 수익률이 -5.93%로 하락세를 보이고 있으며, 거래량 변화율 또한 -40.04%로 감소하여 투자 심리가 위축된 것으로 판단됩니다."", ""2025년 2분기 매출이 전년 동기 대비 -3.7% 감소한 점은 성장 둔화를 시사하며, 이는 향후 주가 상승에 부정적인 요인으로 작용할 수 있습니다."", ""영업이익이 큰 폭으로 증가했으나, 이는 일회성 요인일 가능성을 배제할 수 없으며, 부채비율 145.9%와 마이너스 영업현금흐름은 재무 안정성에 대한 우려를 제기합니다.""]",22.957867583834908,35.85554600171969,21.651458453018407,30.714193938506348
247540,에코프로비엠,2025-11-03,164900,Sell,75,"[""최근 1개월 수익률이 43.27%로 높고 거래량 변화율이 280.12%로 급증했으나, 2025년 2분기 매출이 전년 동기 대비 감소한 점은 부정적입니다."", ""영업이익이 큰 폭으로 증가했음에도 불구하고, 부채비율이 145.9%로 높고 영업현금흐름이 마이너스인 점은 재무 안정성에 대한 우려를 제기합니다."", ""현재가가 52주 최고가 대비 약 83% 수준에 위치해 있어 추가 상승 여력이 제한적일 수 있습니다.""]",-5.067985166872682,-1.6069221260815822,-0.5027607369861036,-1.806583241809472
247540,에코프로비엠,2025-12-01,158900,Sell,75,"[""최근 1개월 수익률이 마이너스이며 거래량 변화율이 크게 감소한 점은 투자 심리 위축을 시사합니다."", ""PER이 없어 적자 기업임에도 불구하고 PBR이 7.86으로 높은 수준이며, 시가총액이 15.5조원으로 코스닥 시장에서 상당한 비중을 차지하고 있습니다."", ""영업현금흐름이 마이너스인 점은 재무 안정성에 대한 우려를 제기하며, 이는 단기적인 주가 하락 압력으로 작용할 수 있습니다.""]",14.384422110552764,-10.992462311557789,14.068832183580051,-12.839686628138656
196170,알테오젠,2023-01-02,39600,Sell,75,"[""최근 1개월 수익률이 3.26%로 소폭 상승했으나, 거래량 변화율이 -5.88%로 감소하며 상승 동력이 약화된 것으로 판단됩니다."", ""2022년 3분기 매출이 전년 동기 대비 10.6% 감소하고 영업이익이 적자를 기록하는 등 실적 부진이 지속되고 있습니다."", ""PBR이 15.83으로 높은 수준이며, PER이 없어 기업 가치 평가에 어려움이 있어 현재 주가 수준에 대한 부담이 존재합니다.""]",-4.40771349862259,14.049586776859504,-7.5338709917702165,0.7641582265965283
196170,알테오젠,2023-02-01,38050,Sell,75,"[""최근 1개월 수익률이 -0.52%로 부진하며, 거래량 변화율이 -39.91%로 크게 감소하여 투자 심리가 위축된 것으로 판단됩니다."", ""2022년 3분기 실적이 매출 감소(-10.6%)와 영업이익 적자(-107억원)를 기록하며 전년 동기 대비 악화된 점은 부정적인 요인입니다."", ""PER이 해당없음(적자)이고 영업현금흐름이 -114억원으로 마이너스를 기록하는 등 재무적으로 불안정한 모습을 보이고 있습니다.""]",1.6908212560386473,-10.869565217391305,-0.9196257633958478,-15.81319734838447
196170,알테오젠,2023-03-02,36400,Sell,75,"[""최근 1개월 수익률이 마이너스(-)를 기록하며 약세를 보이고 있으며, 2022년 3분기 실적 또한 매출과 영업이익 모두 전년 동기 대비 감소하며 부진한 모습을 보이고 있습니다."", ""영업이익률이 -193.3%로 매우 낮은 수준이며, 영업현금흐름 또한 마이너스(-)를 기록하여 재무적인 부담이 존재합니다."", ""현재가가 52주 최고가 대비 상당 부분 하락한 위치에 있으나, 최근 실적 부진과 재무 건전성 지표들을 고려할 때 단기적인 주가 반등 모멘텀이 약하다고 판단됩니다.""]",-3.7940379403794036,7.452574525745257,-2.0717478678488166,1.832076532175802
196170,알테오젠,2023-04-03,39150,Sell,75,"[""2022년 연간 실적에서 매출 감소 및 영업이익 적자폭 확대는 부정적인 재무 상태를 시사합니다."", ""영업현금흐름 또한 마이너스를 기록하며 재무 안정성에 대한 우려를 높입니다."", ""최근 1개월 수익률이 6.10%로 소폭 상승했으나, 52주 최고가 대비 현재 위치가 29.8%에 불과하여 추가 상승 여력이 제한적일 수 있습니다.""]",10.652173913043478,-8.478260869565217,5.780385023895329,-6.844998310942757
196170,알테오젠,2023-05-02,43550,Sell,75,"[""2022년 연간 실적에서 매출 감소 및 영업이익 적자폭 확대는 부정적인 재무 상태를 시사합니다."", ""영업현금흐름이 마이너스인 점은 기업의 영업 활동을 통한 현금 창출 능력이 부족함을 나타냅니다."", ""최근 1개월 수익률이 9.84%로 양호하나, 이는 52주 최고가 대비 낮은 현재가와 거래량 변화율 증가와 함께 단기적인 반등일 가능성을 배제할 수 없습니다.""]",5.225653206650831,23.040380047505938,7.436331828060256,20.0896459219337
196170,알테오젠,2023-06-01,52800,Buy,75,"[""최근 1개월 수익률이 21.38%로 강한 상승세를 보이고 있으며, 현재 주가가 52주 최고가 대비 68.7% 수준으로 상승 여력이 남아있습니다."", ""매출이 전년 동기 대비 48.9% 증가하며 외형 성장을 지속하고 있습니다."", ""영업이익은 적자를 기록하고 있으나, 영업현금흐름이 흑자를 기록하며 재무 안정성이 일부 개선되는 모습을 보입니다.""]",-11.96911196911197,-16.89189189189189,-14.008141529280627,-19.337575369992486
196170,알테오젠,2023-07-03,43050,Sell,75,"[""최근 1개월 수익률이 -18.47%로 하락세를 보이고 있으며, 거래량 변화율 또한 -19.13%로 감소하여 투자 심리가 위축된 것으로 판단됩니다."", ""2023년 1분기 영업이익이 전년 동기 대비 55.6% 감소한 -105억원을 기록하며 적자 폭이 확대되고 있습니다."", ""PER이 '해당없음(적자)'으로 산출되는 등 현재 재무 상태가 주가 상승을 뒷받침하기 어려운 상황입니다.""]",-5.4958183990442055,5.256869772998805,-4.229526264212747,-0.32402910340568436
196170,알테오젠,2023-08-01,44050,Sell,75,"[""2023년 1분기 매출은 증가했으나 영업이익은 큰 폭으로 적자 전환하며 수익성 악화가 지속되고 있습니다."", ""PER이 해당되지 않을 정도로 적자 상태이며, PBR이 16.22로 높아 기업 가치 대비 고평가 가능성이 있습니다."", ""최근 1개월 수익률이 소폭 상승했으나, 52주 최고가 대비 현재 위치가 43.7%로 여전히 높은 수준이며, 기술적 반등 이후 하락 전환 가능성을 배제할 수 없습니다.""]",12.574139976275209,7.354685646500593,12.65987687391854,5.305793631023986
196170,알테오젠,2023-09-01,43750,Buy,75,"[""2023년 2분기 매출 및 영업이익이 전년 동기 대비 큰 폭으로 성장하며 견조한 실적 개선세를 보이고 있습니다."", ""영업이익률 45.6%는 높은 수익성을 시사하며, 이는 향후 주가 상승의 긍정적인 요인으로 작용할 수 있습니다."", ""부채비율 62.0%와 영업현금흐름 +67억원은 재무 안정성이 양호함을 나타내어 투자 리스크를 낮춥니다.""]",20.557491289198605,58.6527293844367,21.276626151464153,69.83359017037168
196170,알테오젠,2023-10-04,65300,Buy,75,"[""최근 1개월 42.73%의 높은 수익률과 607.66%의 거래량 변화율은 강한 매수세를 시사합니다."", ""2023년 2분기 매출 및 영업이익이 전년 동기 대비 크게 증가하며 긍정적인 실적 개선세를 보이고 있습니다."", ""부채비율 62.0%와 영업현금흐름 +67억원은 재무 안정성을 뒷받침하며, PBR 24.05는 높은 성장 기대감을 반영하고 있습니다.""]",-4.798761609907121,6.5015479876160995,-7.515298025976632,8.869778493720819
196170,알테오젠,2023-11-01,62800,Buy,75,"[""2023년 2분기 매출 및 영업이익이 전년 동기 대비 큰 폭으로 성장하며 견조한 실적 개선세를 보이고 있습니다."", ""영업이익률 45.6%는 높은 수익성을 시사하며, 이는 향후 주가 상승의 긍정적인 요인으로 작용할 수 있습니다."", ""부채비율 62.0%와 영업현금흐름 +67억원은 재무 안정성이 양호함을 나타내어 투자 리스크를 낮춥니다.""]",-8.797653958944283,17.302052785923756,-12.683322402606615,9.688575222650645
196170,알테오젠,2023-12-01,82600,Sell,75,"[""현재가가 52주 최고가와 동일하며, 최근 1개월 수익률이 높음에도 불구하고 거래량 변화율이 음수라는 점은 단기 차익 실현 매물 출회 가능성을 시사합니다."", ""매출은 크게 증가했으나 여전히 큰 폭의 영업적자를 기록하고 있으며, PER이 없어 기업 가치 평가가 어려운 상황입니다."", ""PBR이 30.42로 매우 높아 현재 주가가 기업의 순자산 가치 대비 과대평가되었을 가능성이 있습니다.""]",-7.388535031847134,12.738853503184714,-8.200826829269046,8.184950157459806
196170,알테오젠,2024-01-02,91500,Buy,75,"[""최근 1개월 수익률이 16.41%로 강한 상승세를 보이고 있으며, 52주 최고가 대비 현재 위치가 89.5%로 높은 수준을 유지하고 있습니다."", ""매출이 전년 동기 대비 293.0% 크게 증가하며 외형 성장을 달성했습니다."", ""부채비율이 66.6%로 재무 안정성이 양호한 편이며, 영업현금흐름이 흑자 전환했습니다.""]",7.513812154696133,-14.585635359116022,7.067491147777585,-6.286818281887568
196170,알테오젠,2024-02-01,71400,Sell,75,"[""최근 1개월 수익률이 -21.11%로 하락 추세를 보이고 있으며, 거래량 변화율 또한 -25.39%로 감소하여 투자 심리가 위축된 것으로 판단됩니다."", ""PER이 '해당없음(적자)'으로 기업의 수익성이 아직 확보되지 않았으며, PBR이 26.29로 높은 수준임을 고려할 때 현재 주가 수준에 대한 부담이 존재합니다."", ""매출은 크게 증가했으나 영업이익은 여전히 적자를 기록하고 있으며, 영업이익률 또한 -49.7%로 매우 낮은 수준을 유지하고 있어 단기적인 주가 상승 동력이 약하다고 판단됩니다.""]",13.350785340314136,154.18848167539267,9.622125718580396,147.3276497841841
196170,알테오젠,2024-03-04,167200,Sell,75,"[""최근 1개월 수익률이 106.93%로 매우 높고, 현재가가 52주 최고가에 도달하여 단기 차익 실현 매물이 출회될 가능성이 높습니다."", ""PER이 '해당없음(적자)'으로 재무적으로는 아직 이익을 내지 못하는 상황이며, PBR이 61.57로 매우 높아 기업 가치 대비 고평가된 측면이 있습니다."", ""매출은 크게 증가했으나 영업이익은 여전히 적자를 기록하고 있으며, 영업이익률 또한 마이너스(-)를 유지하고 있어 수익성 개선에 대한 불확실성이 존재합니다.""]",0.676378772112383,-11.550468262226847,-2.017620327579438,-14.461464718706184
196170,알테오젠,2024-04-01,186300,Buy,75,"[""최근 1개월 수익률 16.00%로 단기 상승 모멘텀이 확인됩니다."", ""52주 최고가 대비 현재 위치가 81.8%로, 상승 여력이 남아있을 가능성이 있습니다."", ""매출이 전년 대비 235.1% 크게 증가하며 성장성을 보여주고 있습니다.""]",1.8823529411764703,6.352941176470588,5.500607968711547,9.057098917136141
196170,알테오젠,2024-05-02,180800,Sell,75,"[""최근 1개월 수익률이 마이너스(-)를 기록하고 거래량 변화율 또한 감소하는 등 단기적인 하락 추세가 관찰됩니다."", ""PER이 해당 없음(적자)이고 영업이익률이 마이너스(-)인 점은 현재 기업의 수익 창출 능력에 대한 의문을 제기합니다."", ""높은 PBR(65.47)은 현재 주가가 기업의 순자산 가치 대비 상당히 고평가되어 있음을 시사하며, 이는 향후 주가 하락 압력으로 작용할 수 있습니다.""]",-7.223476297968396,31.772009029345373,-5.9341822904128465,34.05368973268067
196170,알테오젠,2024-06-03,199000,Buy,75,"[""2024년 1분기 매출 및 영업이익이 전년 동기 대비 큰 폭으로 성장하며 견조한 실적 개선세를 보이고 있습니다."", ""영업현금흐름이 흑자를 기록하며 재무 안정성을 확보하고 있습니다."", ""현재가가 52주 최고가 대비 높은 수준에 위치하며 최근 1개월 수익률도 긍정적인 흐름을 보이고 있습니다.""]",18.201284796573873,10.706638115631693,15.265741431398435,11.858156133223673
196170,알테오젠,2024-07-01,277500,Buy,75,"[""2024년 1분기 매출 및 영업이익이 전년 동기 대비 큰 폭으로 성장하며 견조한 실적 개선세를 보이고 있습니다."", ""영업현금흐름이 흑자를 기록하며 재무 안정성이 양호한 수준을 유지하고 있습니다."", ""최근 1개월 수익률이 54.17%로 단기적으로 강한 상승 모멘텀을 보여주고 있으며, 52주 최고가 대비 현재 위치가 95.2%로 상승 여력이 남아있습니다.""]",0.0,22.095238095238095,-3.6763022496415263,25.243772273642982
196170,알테오젠,2024-08-01,319000,Buy,75,"[""2024년 1분기 매출 및 영업이익이 전년 동기 대비 큰 폭으로 성장하며 견조한 실적 개선세를 보이고 있습니다."", ""영업현금흐름이 긍정적으로 나타나고 부채비율이 62.0%로 안정적인 재무 구조를 유지하고 있습니다."", ""최근 1개월 수익률이 23.40%로 단기적인 주가 상승 모멘텀이 관찰되며, 52주 최고가에 근접한 위치는 추가 상승 가능성을 시사합니다.""]",2.3728813559322033,9.152542372881356,4.284780038133593,10.45109369260471
196170,알테오젠,2024-09-02,322000,Sell,75,"[""최근 2분기 실적이 매출 및 영업이익 모두 큰 폭으로 감소하며 부정적인 흐름을 보이고 있습니다."", ""현재가가 52주 최고가와 동일하며, PBR이 116.60으로 매우 높아 밸류에이션 부담이 상당합니다."", ""거래량 변화율이 음수(-)로 나타나 최근 매도 압력이 존재함을 시사합니다.""]",-6.29800307219662,13.36405529953917,0.8261601641225349,11.01388367256809
196170,알테오젠,2024-10-02,336000,Sell,75,"[""2024년 2분기 매출액이 전년 동기 대비 71.2% 감소하고 영업이익이 적자 전환하는 등 실적 부진이 심화되고 있습니다."", ""현재 주가가 52주 최고가 대비 약 8.8% 하락한 수준으로, 단기적인 상승 모멘텀이 약화될 가능성이 있습니다."", ""거래량 변화율이 -34.73%로 감소 추세를 보이며, 이는 시장의 관심이 줄어들고 있음을 시사합니다.""]",6.320224719101124,9.410112359550562,6.153770455011034,11.347744027474302
196170,알테오젠,2024-11-01,356500,Sell,75,"[""2024년 2분기 매출 및 영업이익이 전년 동기 대비 큰 폭으로 감소하며 수익성 악화가 지속되고 있습니다."", ""현재가 52주 최고가 대비 88.0% 수준으로, 단기 급등 후 차익 실현 매물이 출회될 가능성이 있습니다."", ""최근 1개월 수익률은 양수이나 거래량 변화율이 음수로 전환되며 상승 동력이 약화되고 있습니다.""]",14.377406931964057,-22.464698331193837,17.724531905441673,-12.089141361111087
196170,알테오젠,2024-12-02,302000,Sell,75,"[""최근 1개월 수익률이 -15.29%로 하락세를 보이고 있으며, 2024년 3분기 매출이 전년 동기 대비 -77.0% 감소하는 등 실적 부진이 지속되고 있습니다."", ""영업이익률이 -166.8%로 매우 낮은 수준이며, 순이익 또한 큰 폭의 적자를 기록하고 있어 단기적인 주가 상승 동력이 약합니다."", ""거래량 변화율이 247.35%로 높게 나타나고 있으나, 이는 최근 실적 부진에 따른 변동성 확대일 가능성이 있으며, 52주 최고가 대비 현재 위치가 62.0%임을 감안할 때 추가 하락 가능성을 배제할 수 없습니다.""]",-2.1538461538461537,-2.0,2.074584651017761,-4.165605095541407
196170,알테오젠,2025-01-02,300000,Sell,75,"[""최근 3분기 실적에서 매출이 전년 동기 대비 77% 감소하며 큰 폭의 하락세를 보였고, 영업이익 또한 적자를 지속하고 있어 단기적인 실적 개선 가능성이 낮습니다."", ""PBR이 108.63으로 매우 높아 현재 주가가 기업의 장부가치 대비 과도하게 고평가되어 있음을 시사합니다."", ""거래량 변화율이 -35.13%로 감소하고 있어 시장의 관심이 다소 줄어들고 있음을 나타내며, 이는 주가 상승 동력 약화로 이어질 수 있습니다.""]",-2.8257456828885403,23.076923076923077,-4.5444602600819195,18.18007428979997
196170,알테오젠,2025-02-03,352500,Sell,75,"[""최근 1개월 수익률이 높음에도 불구하고 거래량 변화율이 크게 감소하여 상승 동력이 약화되었음을 시사합니다."", ""2024년 3분기 매출이 전년 동기 대비 77.0% 감소하고 영업이익률이 -166.8%로 매우 낮은 수준을 기록하며 실적 부진이 심화되고 있습니다."", ""PER이 해당 없음(적자)이고 PBR이 127.64로 매우 높아 현재 기업 가치 대비 고평가된 상태로 판단됩니다.""]",1.06951871657754,10.695187165775401,-3.051772538006313,6.940603323126205
196170,알테오젠,2025-03-04,400000,Sell,75,"[""2024년 3분기 매출이 전년 동기 대비 77.0% 감소하며 실적 부진이 지속되고 있습니다."", ""영업이익률이 -166.8%로 매우 낮은 수준이며, 순이익 또한 큰 폭의 적자를 기록하고 있습니다."", ""PBR이 144.84로 매우 높아 현재 주가가 기업의 장부가치 대비 과대평가되었을 가능성이 있습니다.""]",-12.80193236714976,-12.439613526570048,-10.464426509997336,-4.125804034636181
196170,알테오젠,2025-04-01,371500,Sell,75,"[""최근 1개월 수익률이 -4.01%로 하락세를 보이고 있으며, 52주 최고가 대비 현재 위치가 74.0%로 상승 여력이 제한적일 수 있습니다."", ""PER 317.0, PBR 72.56으로 밸류에이션 부담이 매우 높은 수준입니다."", ""매출 성장률이 6.6%로 둔화된 반면, 영업이익률은 24.7%로 높으나 이는 과거 실적에 기반한 것으로 향후 지속 가능성에 대한 불확실성이 존재합니다.""]",-4.137931034482759,-3.1724137931034484,1.9159493772862461,-7.901916603937935
196170,알테오젠,2025-05-02,356500,Sell,75,"[""최근 1개월 수익률이 마이너스(-)를 기록하고 거래량 변화율이 크게 감소한 점은 단기적인 매도 압력을 시사합니다."", ""PER 304.2, PBR 69.63으로 밸류에이션 부담이 매우 높은 수준입니다."", ""2024년 연간 실적은 영업이익이 크게 증가했으나, 매출 성장률은 6.6%로 둔화된 모습을 보입니다.""]",-6.03085553997195,3.3660589060308554,-8.277642385754383,-1.2575627926174855
196170,알테오젠,2025-06-02,350000,Sell,75,"[""최근 1개월 수익률이 마이너스(-)를 기록하며 단기적인 하락 추세를 보이고 있습니다."", ""거래량 변화율 또한 마이너스(-)를 기록하며 투자자들의 관심이 다소 줄어들었음을 시사합니다."", ""높은 PER과 PBR 지표는 현재 주가가 기업의 이익 및 자산 가치 대비 고평가되었을 가능성을 내포하고 있습니다.""]",7.742782152230972,4.4619422572178475,2.5122467021569914,-1.2857817134037122
196170,알테오젠,2025-07-01,372500,Buy,75,"[""2025년 1분기 매출 및 영업이익이 전년 동기 대비 큰 폭으로 성장하며 견조한 실적 개선세를 보이고 있습니다."", ""최근 1개월 수익률이 11.36%로 긍정적인 흐름을 나타내고 있으며, 거래량 변화율도 17.93%로 증가하여 투자 심리가 개선될 가능성이 있습니다."", ""현재 주가가 52주 최고가 대비 약 61.7% 수준에 위치하여 추가 상승 여력이 존재한다고 판단됩니다.""]",7.898089171974522,15.031847133757962,6.851002221567315,12.283084077133443
196170,알테오젠,2025-08-01,422000,Buy,75,"[""2025년 1분기 매출 및 영업이익이 전년 동기 대비 큰 폭으로 성장하며 견조한 실적 개선세를 보이고 있습니다."", ""ROE가 22.9%로 높아 자본 효율성이 우수하며, 이는 주가 상승의 잠재력을 시사합니다."", ""최근 1개월 수익률이 6.03%로 양호하며, 52주 최고가 대비 현재 위치가 70.2%로 상승 여력이 남아있습니다.""]",-0.4629629629629629,7.060185185185184,-4.007334567176937,5.792425064786228
196170,알테오젠,2025-09-01,455000,Sell,75,"[""2025년 2분기 실적에서 매출은 증가했으나 영업이익이 적자를 기록하며 수익성 악화가 지속되고 있습니다."", ""현재가 455,000원은 52주 최고가 490,000원에 근접한 수준으로, 추가 상승 여력이 제한적일 수 있습니다."", ""거래량 변화율이 -24.77%로 감소하는 추세는 투자 심리 위축을 시사하며, 이는 단기적인 주가 하락 압력으로 작용할 수 있습니다.""]",3.027027027027027,-0.9729729729729729,-0.8545850636530794,-7.017053577506979
196170,알테오젠,2025-10-01,458000,Sell,75,"[""2025년 2분기 실적에서 매출은 증가했으나 영업이익이 적자를 기록하며 수익성 악화가 지속되고 있습니다."", ""PER 390.8, PBR 89.45로 높은 밸류에이션 수준을 유지하고 있어 추가 상승 여력이 제한적입니다."", ""최근 1개월 수익률이 -0.97%로 약세를 보이고 있으며, 52주 최고가 대비 현재 위치가 높아 단기 차익 실현 매물이 출회될 가능성이 있습니다.""]",-8.377518557794273,16.01272534464475,-9.683927688610776,10.87137328143141
196170,알테오젠,2025-11-03,523000,Sell,75,"[""현재가 52주 최고가와 일치하며, 52주 내 현재 위치 100.0%는 추가 상승 여력이 제한적임을 시사합니다."", ""2025년 2분기 실적에서 매출은 증가했으나 영업이익 및 순이익이 적자를 기록하며 수익성 개선이 이루어지지 않고 있습니다."", ""PER 446.2, PBR 102.15는 현재 주가가 기업의 이익 및 자산 가치 대비 매우 고평가되었음을 나타냅니다.""]",-7.103825136612022,-5.100182149362477,-2.5386007067254432,-5.2998432650903675
196170,알테오젠,2025-12-01,542000,Buy,75,"[""2025년 3분기 폭발적인 매출 및 영업이익 성장률은 향후 주가 상승의 강력한 근거가 됩니다."", ""높은 영업이익률(54.4%)과 긍정적인 영업현금흐름(+591억원)은 기업의 견조한 수익 창출 능력을 시사합니다."", ""현재가가 52주 최고가에 근접해 있으나, 최근 1개월 수익률(10.95%)과 거래량 변화율(31.54%)은 여전히 긍정적인 모멘텀을 보여줍니다.""]",-12.284069097888676,-12.284069097888676,-12.599659024861388,-14.131293414469543
034020,두산에너빌리티,2023-01-02,15250,Sell,75,"[""최근 1개월 수익률이 -8.96%로 하락세를 보이고 있으며, 거래량 변화율 또한 -36.72%로 감소하여 투자 심리가 위축된 것으로 판단됩니다."", ""현재 주가는 52주 최고가 대비 약 24.6% 하락한 위치에 있으며, 이는 단기적인 하락 압력이 지속될 가능성을 시사합니다."", ""PER 14.0, PBR 1.11, ROE 7.9% 등의 재무 지표는 시장 평균 대비 특별히 매력적인 수준은 아니며, 향후 20거래일 내 뚜렷한 주가 상승 동력을 찾기 어렵습니다.""]",8.609271523178808,9.933774834437086,2.6313927844693,-1.343200664508247
034020,두산에너빌리티,2023-02-01,16530,Buy,75,"[""최근 1개월 수익률 7.34%와 거래량 변화율 14.73%는 긍정적인 수급 신호를 나타냅니다."", ""2022년 3분기 매출액과 영업이익이 전년 동기 대비 각각 35.2%, 40.7% 증가하며 견조한 성장세를 보였습니다."", ""영업현금흐름이 5,553억원으로 양호하며, 이는 재무 안정성에 긍정적인 영향을 줄 수 있습니다.""]",-4.337349397590361,0.7228915662650602,-4.849322437997342,2.213851029665466
034020,두산에너빌리티,2023-03-02,16580,Neutral,55,"[""2022년 3분기 매출 및 영업이익이 전년 동기 대비 큰 폭으로 증가하며 긍정적인 실적 모멘텀을 보여주고 있습니다."", ""현재 주가는 52주 최고가 대비 약 37% 낮은 수준에 위치하여 상승 여력이 존재할 수 있습니다."", ""최근 1개월 수익률이 소폭 하락하고 거래량 변화율이 감소하는 등 단기적인 매도 압력이 감지되어 상승 모멘텀이 약화될 가능성이 있습니다.""]",6.997607655502393,1.674641148325359,8.538681719982446,-0.16699992286091292
034020,두산에너빌리티,2023-04-03,17060,Buy,75,"[""2022년 매출 및 영업이익이 전년 대비 큰 폭으로 성장했으며, 영업이익률도 7.2%로 양호한 수준을 기록했습니다."", ""부채비율이 128.7%로 다소 높지만, 영업현금흐름이 +6,251억원으로 긍정적인 흐름을 보이고 있습니다."", ""최근 1개월 수익률이 2.03%로 소폭 상승했으며, 거래량 변화율이 93.09%로 높은 변동성을 시사하며 이는 상승 모멘텀으로 작용할 수 있습니다.""]",-1.7939814814814814,-9.895833333333332,-4.50914892688585,-10.737998855746056
034020,두산에너빌리티,2023-05-02,16130,Sell,65,"[""최근 1개월 수익률이 -5.12%로 하락세를 보이고 있으며, 52주 최고가 대비 현재 위치가 35.1%로 상승 여력이 제한적입니다."", ""PER이 '해당없음(적자)'으로 표시되어 있어 현재 기업의 수익성 측면에서 부정적인 신호를 주고 있습니다."", ""매출과 영업이익은 전년 대비 증가했으나, 순이익이 큰 폭의 적자를 기록하며 재무 건전성에 대한 우려를 남깁니다.""]",-1.5414258188824663,5.5876685934489405,-1.1256586484978781,1.5915064442524893
034020,두산에너빌리티,2023-06-01,16200,Buy,65,"[""2023년 1분기 매출 및 영업이익이 전년 동기 대비 큰 폭으로 증가하며 견조한 실적 개선세를 보이고 있습니다."", ""영업이익률이 9.0%로 개선되었으며, 영업현금흐름 또한 긍정적인 흐름을 유지하고 있습니다."", ""현재 주가는 52주 최저가 대비 상승했으나 52주 최고가 대비로는 상당한 하락 여력이 남아있어 기술적 반등 가능성이 있습니다.""]",12.165450121654501,10.097323600973237,11.089474478144961,10.054653612966975
034020,두산에너빌리티,2023-07-03,18100,Buy,75,"[""2023년 1분기 매출 및 영업이익이 전년 동기 대비 큰 폭으로 증가하며 견조한 실적 개선세를 보이고 있습니다."", ""최근 1개월 수익률이 11.73%로 양호하며, 거래량 변화율이 110.19%로 높아 시장의 관심이 증가하고 있음을 시사합니다."", ""현재 주가가 52주 최저가 대비 54.7% 수준에 위치하여 추가 상승 여력이 존재할 가능성이 있습니다.""]",5.189732142857143,-2.34375,6.378174712391837,-5.187991529165438
034020,두산에너빌리티,2023-08-01,17500,Buy,75,"[""2023년 1분기 매출 및 영업이익이 전년 동기 대비 큰 폭으로 증가하며 견조한 실적 개선세를 보이고 있습니다."", ""영업이익률이 9.0%로 개선되었으며, 영업현금흐름 또한 긍정적인 흐름을 유지하고 있습니다."", ""현재가는 52주 최고가 대비 약 21% 하락한 수준으로, 기술적 반등 가능성을 고려할 수 있습니다.""]",-3.900508762012436,2.996042962125495,-3.466718196861683,5.296852831911879
034020,두산에너빌리티,2023-09-01,17470,Buy,75,"[""2023년 2분기 실적이 전년 동기 대비 매출 및 영업이익이 크게 증가하며 긍정적인 실적 개선세를 보이고 있습니다."", ""영업이익률 10.9%와 영업현금흐름 +1.3조원은 견조한 수익성과 현금 창출 능력을 시사합니다."", ""현재 주가가 52주 최저가 대비 중간 지점에 위치하며, 52주 최고가 대비 하락 여력이 남아있어 상승 가능성을 열어둡니다.""]",0.17452006980802792,-10.180337405468295,1.2451126294412358,-3.377605788745842
034020,두산에너빌리티,2023-10-04,15770,Buy,75,"[""2023년 2분기 실적이 전년 동기 대비 매출 및 영업이익이 크게 증가하며 긍정적인 실적 개선세를 보이고 있습니다."", ""영업이익률이 10.9%로 양호하며, 영업현금흐름이 1.3조원으로 재무 안정성을 뒷받침하고 있습니다."", ""최근 1개월 수익률은 하락했으나, 거래량 변화율이 11.28%로 증가하며 향후 주가 상승에 대한 잠재력을 시사합니다.""]",-6.439150032195751,-9.980682549903412,-8.625453909712816,-8.513716332562765
034020,두산에너빌리티,2023-11-01,13460,Sell,75,"[""최근 1개월 수익률이 -17.57%로 하락 추세를 보이고 있으며, 거래량 변화율 또한 -39.85%로 감소하여 투자 심리가 위축된 것으로 판단됩니다."", ""PER이 '해당없음(적자)'으로 재무 건전성에 대한 우려가 존재하며, 이는 주가 상승의 제약 요인이 될 수 있습니다."", ""52주 최고가 대비 현재 위치가 8.0%로, 단기적으로 상승 여력이 제한적일 수 있다는 점을 고려했습니다.""]",1.4378145219266714,13.587347232207044,-2.1454419907572735,5.385889346994162
034020,두산에너빌리티,2023-12-01,15270,Neutral,60,"[""최근 1개월 수익률은 긍정적이나, 거래량 변화율이 음수이며 52주 최고가 대비 현재 위치가 낮아 상승 동력이 제한적입니다."", ""2023년 3분기 매출은 전년 동기 대비 증가했으나 영업이익은 소폭 감소하여 실적 개선 모멘텀이 강하지 않습니다."", ""PER이 없어 적자 상태이며, PBR이 1에 근접하고 부채비율이 100%를 초과하는 등 재무 건전성에 대한 불확실성이 존재합니다.""]",-0.6406149903907752,-0.25624599615631005,-1.0545397205047062,-3.1219093294233797
034020,두산에너빌리티,2024-01-02,16010,Buy,65,"[""최근 1개월 수익률이 6.24%로 긍정적인 흐름을 보이고 있으며, 52주 최고가 대비 현재 위치가 44.0%로 상승 여력이 남아있다고 판단됩니다."", ""2023년 3분기 매출이 전년 동기 대비 4.9% 증가하며 외형 성장을 지속하고 있습니다."", ""영업이익률 7.5%와 영업현금흐름 +1.4조원으로 견조한 영업 활동을 유지하고 있습니다.""]",-2.628205128205128,-1.0256410256410255,-0.12255754506388605,3.201704399337201
034020,두산에너빌리티,2024-02-01,15380,Sell,65,"[""최근 1개월 수익률이 마이너스(-)를 기록하고 거래량 변화율 또한 감소하는 등 단기적인 하락 압력이 감지됩니다."", ""PER이 적자로 인해 산출되지 않는 상황에서 PBR 0.98은 자산 가치 대비 큰 상승 여력을 보여주지 못하고 있습니다."", ""영업이익이 전년 동기 대비 소폭 감소한 점은 향후 주가 상승 동력 약화 가능성을 시사합니다.""]",-2.375,-2.3125,-3.6876550963365693,-3.3135285587559347
034020,두산에너빌리티,2024-03-04,15770,Buy,75,"[""최근 1개월 수익률이 4.92%로 긍정적인 흐름을 보이고 있으며, 거래량 변화율이 39.06%로 증가하며 매수세 유입 가능성을 시사합니다."", ""2023년 3분기 매출이 전년 동기 대비 4.9% 증가하며 외형 성장을 지속하고 있습니다."", ""영업 현금 흐름이 1.4조원으로 양호하며, 이는 기업의 실질적인 현금 창출 능력을 보여줍니다.""]",10.155239327296249,8.538163001293661,8.931943486728578,4.621804580519155
034020,두산에너빌리티,2024-04-01,17270,Buy,75,"[""2023년 연간 실적에서 매출과 영업이익이 전년 대비 큰 폭으로 증가하며 긍정적인 성장세를 보이고 있습니다."", ""영업이익률이 8.3%로 견조하며, 영업현금흐름이 2.1조원으로 재무 안정성을 뒷받침하고 있습니다."", ""최근 1개월 수익률이 6.34%로 상승세를 보이고 있으며, 거래량 변화율이 154.92%로 증가하여 시장의 관심이 집중되고 있음을 시사합니다.""]",-3.158522050059595,-1.66865315852205,-1.4150708884852585,0.8560820548327772
034020,두산에너빌리티,2024-05-02,16500,Sell,75,"[""최근 1개월 수익률이 -4.46%로 하락세를 보이고 있으며, 거래량 변화율 또한 -52.33%로 감소하여 투자 심리가 위축된 것으로 판단됩니다."", ""PER이 189.7로 매우 높아 현재 주가가 기업의 이익 대비 고평가되었을 가능성이 있습니다."", ""ROE가 0.5%로 매우 낮아 기업의 수익 창출 능력이 저조함을 시사합니다.""]",6.948640483383686,16.012084592145015,5.058950836327503,16.554931380830794
034020,두산에너빌리티,2024-06-03,20750,Buy,75,"[""최근 1개월 수익률이 23.51%로 강한 상승세를 보이고 있으며, 52주 최고가 대비 현재 위치가 87.5%로 상승 여력이 남아있습니다."", ""거래량 변화율이 275.13%로 급증하며 매수세가 유입되고 있음을 시사합니다."", ""2024년 1분기 매출이 전년 동기 대비 소폭 증가했으며, 영업이익률 8.7%를 기록하며 안정적인 수익성을 유지하고 있습니다.""]",4.166666666666666,0.3125,1.6847914553673093,-4.642610626948661
034020,두산에너빌리티,2024-07-01,19950,Sell,75,"[""최근 1개월 수익률이 마이너스(-)이며 거래량 변화율 또한 감소하는 추세를 보여 단기적인 매도 압력이 존재할 가능성이 있습니다."", ""PER이 229.3으로 매우 높아 현재 주가가 기업의 이익 대비 고평가되었을 가능성을 시사합니다."", ""2024년 1분기 영업이익이 전년 동기 대비 소폭 감소한 점은 향후 실적 개선에 대한 불확실성을 내포하고 있습니다.""]",15.106052767718573,-3.983445421624418,11.994785030399903,-2.4490280111830414
034020,두산에너빌리티,2024-08-01,18710,Sell,75,"[""2024년 1분기 영업이익이 전년 동기 대비 감소했으며, 이는 향후 수익성 둔화 가능성을 시사합니다."", ""PER이 215.1로 매우 높아 현재 주가가 기업의 이익 대비 고평가되었을 가능성이 있습니다."", ""최근 1개월 수익률이 -2.86%로 하락세를 보이고 있으며, 이는 단기적인 투자 심리 위축을 나타낼 수 있습니다.""]",0.0,1.1305822498586773,3.279288839731118,0.9508491217922864
034020,두산에너빌리티,2024-09-02,17890,Sell,75,"[""2024년 2분기 실적이 전년 동기 대비 매출과 영업이익 모두 감소하며 부정적인 흐름을 보이고 있습니다."", ""영업이익률이 7.5%로 낮고, 영업현금흐름이 마이너스를 기록하며 재무 건전성에 대한 우려가 있습니다."", ""최근 1개월 수익률이 마이너스이고 거래량 변화율이 크게 감소한 점은 투자 심리 위축을 시사합니다.""]",-6.175637393767705,4.079320113314448,-0.8765902465089761,6.716459228313528
034020,두산에너빌리티,2024-10-02,17310,Sell,75,"[""2024년 2분기 실적이 전년 동기 대비 매출 및 영업이익이 감소하는 등 부진한 모습을 보였으며, 이는 향후 주가에 부정적인 영향을 미칠 수 있습니다."", ""영업이익률이 7.5%로 낮고, 영업현금흐름이 마이너스(-)를 기록하고 있어 재무 건전성에 대한 우려가 존재합니다."", ""최근 1개월 수익률이 -6.33%로 하락세를 보이고 있으며, 거래량 변화율 또한 감소하여 투자 심리가 위축된 것으로 판단됩니다.""]",6.0884549109707065,14.876507754164273,4.003394729082481,14.127006837718458
034020,두산에너빌리티,2024-11-01,19980,Sell,75,"[""최근 1개월 수익률이 11.56%로 양호하나, 2024년 2분기 매출액과 영업이익이 전년 동기 대비 각각 -8.6%, -37.4% 감소하며 실적 둔화가 관찰됩니다."", ""영업이익률이 7.5%로 하락했으며, 영업현금흐름이 -1,327억원으로 마이너스를 기록하며 재무 건전성에 대한 우려가 존재합니다."", ""PER이 229.7배로 매우 높아 현재 주가가 기업의 이익 대비 고평가되었을 가능성이 있습니다.""]",4.5,3.5000000000000004,6.7136216333136325,8.694729950520856
034020,두산에너빌리티,2024-12-02,20700,Sell,75,"[""2024년 3분기 실적이 전년 동기 대비 매출 및 영업이익이 크게 감소했으며, 순이익이 적자 전환한 점은 부정적인 신호입니다."", ""영업이익률이 3.4%로 낮고, 영업현금흐름이 마이너스(-)를 기록하고 있어 재무 건전성에 대한 우려가 있습니다."", ""PER이 237.9로 매우 높아 현재 주가가 기업의 이익 대비 고평가되었을 가능성이 있습니다.""]",-18.77068557919622,-13.947990543735225,-15.480417189931797,-11.62088362801186
034020,두산에너빌리티,2025-01-02,18060,Sell,75,"[""최근 3분기 실적에서 매출과 영업이익이 전년 동기 대비 큰 폭으로 감소했으며, 영업이익률 또한 하락하여 수익성이 악화된 점은 부정적입니다."", ""영업현금흐름이 마이너스를 기록하고 있어 기업의 현금 창출 능력에 대한 우려가 존재합니다."", ""최근 1개월 수익률이 -14.61%로 하락세를 보이고 있으며, 거래량 변화율 또한 감소하여 투자 심리가 위축된 것으로 판단됩니다.""]",9.89010989010989,31.868131868131865,6.865440777280636,27.984712263886028
034020,두산에너빌리티,2025-02-03,23350,Sell,75,"[""최근 3분기 실적에서 매출과 영업이익이 전년 동기 대비 큰 폭으로 감소했으며, 순이익이 적자 전환한 점은 부정적인 신호입니다."", ""영업이익률이 3.4%로 낮고, 영업현금흐름이 마이너스(-)를 기록하고 있어 재무적인 부담이 가중될 수 있습니다."", ""PER이 268.4로 매우 높아 현재 주가가 기업의 이익 대비 고평가되었을 가능성이 있으며, 이는 향후 주가 상승 여력을 제한할 수 있습니다.""]",-3.483606557377049,10.245901639344263,-5.794934724875815,7.165742554204698
034020,두산에너빌리티,2025-03-04,25500,Sell,75,"[""2024년 3분기 실적에서 매출액과 영업이익이 전년 동기 대비 큰 폭으로 감소했으며, 순이익이 적자 전환한 점은 부정적인 신호입니다."", ""영업이익률이 3.4%로 낮고, 영업현금흐름이 마이너스(-) 9,480억원을 기록하며 재무 건전성에 대한 우려를 높입니다."", ""PER이 293.1배로 매우 높아 현재 주가가 기업의 이익 대비 고평가되었을 가능성을 시사합니다.""]",-2.41635687732342,-10.966542750929369,-3.068786581834139,-8.92325331685057
034020,두산에너빌리티,2025-04-01,23850,Sell,75,"[""최근 1개월 수익률이 -6.10%로 하락세를 보이고 있으며, 거래량 변화율 또한 -40.81%로 감소하여 투자 심리가 위축된 것으로 판단됩니다."", ""2024년 연간 실적에서 매출이 전년 대비 -7.7%, 영업이익이 -30.6% 감소하는 등 수익성이 악화된 점이 주가 하락 요인으로 작용할 수 있습니다."", ""PER이 137.1로 매우 높아 현재 주가가 기업의 이익 대비 고평가되었을 가능성이 있으며, ROE가 1.0%로 낮은 점은 수익 창출 능력이 미흡함을 시사합니다.""]",-15.866388308977037,20.876826722338205,-7.399833912482409,18.851573914918795
034020,두산에너빌리티,2025-05-02,27700,Sell,75,"[""최근 1개월 수익률이 15.66%로 높았으나, 거래량 변화율이 -23.10%로 감소하여 상승 동력이 약화되었음을 시사합니다."", ""2024년 연간 실적에서 매출이 전년 대비 7.7% 감소하고 영업이익이 30.6% 감소하는 등 수익성이 악화되었습니다."", ""PER이 159.2로 매우 높아 현재 주가가 기업의 이익 대비 고평가되었을 가능성이 있습니다.""]",14.652014652014653,68.13186813186813,12.057795987005719,58.875127126350996
034020,두산에너빌리티,2025-06-02,40950,Sell,75,"[""최근 1개월 수익률이 41.70%로 매우 높았으나, 2025년 1분기 영업이익이 전년 동기 대비 60.2% 감소하고 순이익이 적자 전환하는 등 실적 악화가 뚜렷하게 나타나고 있습니다."", ""PER 235.3, ROE 1.0%로 밸류에이션 부담이 높고 수익성이 저조한 상황에서, 최근 단기 급등에 따른 차익 실현 매물이 출회될 가능성이 높습니다."", ""부채비율 129.0%와 영업현금흐름 -5,720억원은 재무 안정성에 대한 우려를 제기하며, 향후 주가 상승 동력을 약화시키는 요인으로 작용할 수 있습니다.""]",28.01875732708089,45.1348182883939,22.634469529878597,32.66820166671961
034020,두산에너빌리티,2025-07-01,62500,Sell,75,"[""최근 1개월 수익률이 48.10%로 매우 높았으나, 2025년 1분기 실적이 전년 동기 대비 매출 감소(-8.5%) 및 영업이익 큰 폭 감소(-60.2%)를 기록하며 수익성 악화가 명확히 나타나고 있습니다."", ""영업이익률이 3.8%로 낮고 순이익이 적자 전환(-212억원)된 점은 기업의 근본적인 수익 창출 능력에 대한 우려를 제기합니다."", ""부채비율 129.0%와 마이너스 영업현금흐름(-5,720억원)은 재무 안정성 측면에서 부정적인 신호이며, 이는 향후 주가 상승 동력을 약화시킬 수 있습니다.""]",4.545454545454546,3.4090909090909087,2.637199096780379,-2.42526679449861
034020,두산에너빌리티,2025-08-01,61400,Sell,75,"[""최근 1분기 실적에서 매출 감소와 영업이익 및 순이익의 큰 폭 하락은 부정적인 신호입니다."", ""영업이익률 하락과 마이너스 순이익은 수익성 악화를 시사하며, 이는 주가 하락 압력으로 작용할 수 있습니다."", ""부정적인 영업현금흐름은 재무 건전성에 대한 우려를 높이며, 이는 단기적인 투자 심리에 부정적인 영향을 미칠 수 있습니다.""]",7.931570762052877,-6.065318818040436,6.056580689779031,-6.846829420851965
034020,두산에너빌리티,2025-09-01,59600,Sell,75,"[""2025년 2분기 영업이익이 전년 동기 대비 12.5% 감소하며 수익성 악화가 예상되는 점은 부정적 요인입니다."", ""현재 PER이 342.5로 매우 높아 밸류에이션 부담이 크며, ROE가 0.9%로 낮은 점은 기업의 수익 창출 능력이 저조함을 시사합니다."", ""최근 1개월 수익률이 -9.15%로 하락세를 보이고 있으며, 52주 최고가 대비 현재 위치가 81.5%로 높은 수준임에도 불구하고 하락 추세가 지속되고 있습니다.""]",2.980132450331126,3.80794701986755,0.21562033785929025,-4.14357157045193
034020,두산에너빌리티,2025-10-01,64600,Sell,75,"[""2025년 2분기 영업이익이 전년 동기 대비 감소했으며, 영업이익률 또한 하락한 점은 부정적인 신호입니다."", ""부채비율이 126.2%로 다소 높고, 영업현금흐름이 마이너스(-)를 기록하고 있어 재무 안정성에 대한 우려가 있습니다."", ""PER이 371.3으로 매우 높아 현재 주가가 고평가되었을 가능성이 있으며, 이는 향후 주가 하락 압력으로 작용할 수 있습니다.""]",29.166666666666668,22.376543209876544,23.555277089831264,8.930170636825082
034020,두산에너빌리티,2025-11-03,89500,Sell,75,"[""최근 1개월 수익률이 41.84%로 매우 높았으나, 2025년 2분기 영업이익이 전년 동기 대비 12.5% 감소한 점은 향후 주가 상승 동력 약화를 시사합니다."", ""PER 514.4배, PBR 4.92배, ROE 1.0%는 현재 주가가 기업의 이익 창출 능력이나 자산 가치 대비 고평가되었음을 나타냅니다."", ""영업현금흐름이 -5,848억원으로 마이너스를 기록하고 있어 재무적인 부담이 존재합니다.""]",-12.625698324022347,-16.201117318435752,-12.253282790776693,-13.124504043459652
034020,두산에너빌리티,2025-12-01,74900,Sell,75,"[""최근 1개월 수익률이 -15.56%로 하락세를 보이고 있으며, 거래량 변화율 또한 -40.68%로 감소하여 투자 심리가 위축된 것으로 판단됩니다."", ""2025년 3분기 영업이익은 증가했으나, 순이익이 적자 전환(-240억원)된 점은 향후 수익성에 대한 우려를 야기합니다."", ""PER 430.5, PBR 4.11, ROE 0.9% 등 전반적인 재무 지표가 고평가 및 저효율을 시사하며, 부채비율 127.8%와 영업현금흐름 -6,449억원은 재무 안정성에 대한 부담 요인입니다.""]",2.2666666666666666,0.26666666666666666,-1.4535487063186006,-7.610818045205638
