ticker,name,signal_date,price,signal,confidence,reasons,return_5d,return_20d,excess_return_5d,excess_return_20d
005930,삼성전자,2023-01-02,55400,Neutral,60,"[""현재가 52주 최저가에 근접하며 기술적 반등 가능성이 있으나, 최근 1개월 수익률 하락 및 거래량 감소는 하방 압력을 시사합니다."", ""PER, PBR 등 재무지표는 시장 대비 저평가 가능성을 보여주지만, ROE는 시장 평균 수준으로 특별한 강점을 나타내지 않습니다."", ""삼성전자는 대형주로서 시장 전체의 흐름에 큰 영향을 받으며, 단기 20거래일 내 명확한 상승 또는 하락 추세를 판단하기에는 정보가 불충분합니다.""]",9.025270758122744,14.620938628158845,3.047392019413236,3.3439631292135115
005930,삼성전자,2023-02-01,63500,Buy,75,"[""최근 1개월 수익률이 11.75%로 양호하며, 거래량 변화율도 47.34%로 높아 투자자들의 관심이 증가하고 있음을 시사합니다."", ""애널리스트 리포트에서 제시된 목표주가들이 현재가(63,500원) 대비 상승 여력을 보여주고 있으며, '저점 분할 매수' 의견이 다수 존재합니다."", ""PER, PBR 등 재무지표가 시장 평균 대비 과도하게 고평가되지 않은 수준이며, ROE 또한 양호한 수준을 유지하고 있어 펀더멘털 측면에서 안정적인 모습을 보입니다.""]",-0.7874015748031495,-4.724409448818897,-1.2993746152101306,-3.233449985418491
005930,삼성전자,2023-03-02,60500,Buy,75,"[""최근 애널리스트 리포트에서 제시된 목표주가 평균이 현재가 대비 상당한 상승 여력을 시사합니다."", ""메모리 업황 개선에 대한 기대감으로 공급 조절 및 감산 계획이 구체화되고 있다는 점은 긍정적입니다."", ""현재 주가는 52주 최고가 대비 하락한 위치에 있어 기술적 반등 가능성이 존재합니다.""]",-1.6528925619834711,5.785123966942149,-0.11181849750341843,3.943482895755877
005930,삼성전자,2023-04-03,63600,Buy,75,"[""최근 애널리스트 리포트에서 제시된 목표주가 평균이 현재가 대비 상당한 상승 여력을 시사합니다."", ""최근 1개월 수익률이 4.30%로 긍정적인 흐름을 보이고 있으며, 거래량 변화율도 3.55%로 소폭 증가하며 매수세 유입 가능성을 보여줍니다."", ""PER 7.8배, PBR 1.04배는 현재 시장 상황에서 삼성전자가 저평가되어 있을 가능성을 시사하며, ROE 13.3%는 양호한 수익성을 나타냅니다.""]",3.6163522012578615,2.8301886792452833,0.9011847558534929,1.9880231568325588
005930,삼성전자,2023-05-02,65400,Buy,75,"[""최근 1개월 수익률이 2.66%로 양호하며, 거래량 변화율도 18.24%로 긍정적인 움직임을 보이고 있습니다."", ""애널리스트 리포트에서 제시된 목표주가들이 현재가(65,400원) 대비 상당한 상승 여력을 시사하고 있습니다."", ""52주 최고가 대비 현재 위치가 84.5%로, 상승 추세가 이어질 가능성을 내포하고 있습니다.""]",-1.834862385321101,10.397553516819572,-1.4190952149365128,6.4013913676231216
005930,삼성전자,2023-06-01,72200,Buy,75,"[""현재가 52주 최고가에 근접하며 강한 상승 모멘텀을 보여주고 있습니다."", ""최근 1개월 수익률이 8.24%로 양호하며, 하반기 DDR5 점유율 회복 기대감이 목표주가 상향으로 이어지고 있습니다."", ""PER 8.8배는 시장 평균 대비 저평가 구간으로 판단되며, ROE 13.3%는 견조한 수익성을 시사합니다.""]",-1.662049861495845,1.10803324099723,-2.7380255050053854,1.065363252990969
005930,삼성전자,2023-07-03,73000,Neutral,65,"[""현재가 73,000원이 52주 최고가와 일치하여 추가 상승 여력이 제한적일 수 있습니다."", ""최근 1개월 수익률은 긍정적이나, 거래량 변화율이 마이너스인 점은 투자 심리 위축 가능성을 시사합니다."", ""애널리스트 리포트에서 2분기 실적에 대한 우려가 제기되었으나, 목표주가 80,000원은 현재가 대비 상승 여력을 나타냅니다.""]",-2.054794520547945,-2.6027397260273974,-0.8663519510132514,-5.446981255192835
005930,삼성전자,2023-08-01,69900,Buy,75,"[""최근 애널리스트 리포트에서 제시된 목표주가 평균이 현재가 대비 상당한 상승 여력을 시사하고 있습니다."", ""52주 최고가 대비 현재 위치가 높아 단기적인 상승 모멘텀이 약화될 수 있으나, 52주 최저가 대비 높은 위치는 여전히 긍정적인 추세를 유지하고 있음을 보여줍니다."", ""최근 1개월 수익률은 소폭 하락했으나, 거래량 변화율이 긍정적인 것은 향후 매수세 유입 가능성을 시사합니다.""]",-1.4306151645207439,-4.291845493562231,-0.9968245993699907,-1.9910356237758466
005930,삼성전자,2023-09-01,71200,Neutral,60,"[""삼성전자는 현재 52주 최고가에 근접한 수준으로 추가 상승 여력이 제한적일 수 있습니다."", ""최근 1개월 수익률은 소폭 상승했으나 거래량 변화율이 감소하여 상승 동력이 약화된 것으로 보입니다."", ""PER, PBR, ROE 등 재무 지표는 양호한 편이나, 단기적인 시장 변동성과 거시 경제 불확실성을 고려할 때 명확한 방향성을 제시하기 어렵습니다.""]",-0.5617977528089888,-7.303370786516854,0.508794806824219,-0.5006391697944004
005930,삼성전자,2023-10-04,66700,Buy,80,"[""최근 애널리스트 리포트들이 일관되게 메모리 반도체 업황 회복과 DRAM 이익 개선을 전망하며 목표주가를 현재가 대비 상향 제시하고 있습니다."", ""현재가는 52주 최고가 대비 하락한 수준이지만, 52주 내 위치가 71.6%로 비교적 높은 편이며 최근 1개월 수익률도 소폭 상승세를 보이고 있습니다."", ""PER 8.4, PBR 1.11 등 재무 지표상 저평가 매력이 존재하며, ROE 13.2%는 양호한 수익성을 나타냅니다.""]",1.9490254872563717,4.3478260869565215,-0.23727839026069364,5.814792304297168
005930,삼성전자,2023-11-01,69700,Buy,75,"[""최근 3분기 실적 발표 이후 애널리스트들의 목표주가가 상향 조정되었으며, 전반적으로 긍정적인 전망을 제시하고 있습니다."", ""메모리 반도체 업황 턴어라운드에 대한 기대감이 주가 상승 요인으로 작용할 가능성이 높습니다."", ""현재가는 52주 최고가 대비 약 5% 하락한 수준으로, 추가 상승 여력이 존재한다고 판단됩니다.""]",0.860832137733142,4.447632711621234,-2.7224243749508026,-3.7538251735916477
005930,삼성전자,2023-12-01,72600,Buy,75,"[""최근 애널리스트 리포트에서 On Device AI 모멘텀, 수요 회복 및 메모리 실적 개선 전망 등 긍정적인 요인들이 다수 언급되며 목표주가가 현재가 대비 상승 여력을 시사하고 있습니다."", ""현재가(72,600원)가 52주 최고가(73,400원)에 근접해 있으나, 52주 내 현재 위치가 92.3%로 높은 편이며 최근 1개월 수익률도 3.30%로 양호한 흐름을 보이고 있습니다."", ""PER(8.9) 및 PBR(1.19) 지표가 시장 평균 대비 낮거나 유사한 수준으로 밸류에이션 매력이 존재하며, ROE(13.3%)는 견조한 수익성을 나타내고 있습니다.""]",0.5509641873278237,5.5096418732782375,0.1370394572138926,2.643978540011168
005930,삼성전자,2024-01-02,77000,Buy,75,"[""최근 1개월 수익률이 9.49%로 양호하며, 52주 최고가에 근접한 강한 상승 모멘텀을 보여주고 있습니다."", ""HBM3 고객 확대 본격화라는 긍정적인 애널리스트 리포트가 목표주가 상향과 함께 제시되었습니다."", ""거래량 변화율이 11.79%로 증가하며 투자자들의 관심이 높아지고 있음을 시사합니다.""]",-4.415584415584416,-5.584415584415584,-1.9099368324431736,-1.3570701594373578
005930,삼성전자,2024-02-01,75200,Neutral,65,"[""최근 4분기 실적 발표 이후 애널리스트들의 목표주가가 현재가 대비 상승 여력을 시사하고 있으나, 목표주가 범위가 넓고 일부 부정적인 의견도 존재하여 투자 방향성에 대한 명확한 합의가 부족합니다."", ""현재가는 52주 최고가 대비 약 5.9% 하락한 수준으로, 단기적인 하락 압력이 존재할 수 있습니다."", ""최근 1개월 수익률이 마이너스를 기록했으나, 거래량 변화율이 긍정적인 점은 향후 변동성을 시사합니다.""]",0.0,-3.0585106382978724,-1.312655096336569,-4.059539197053807
005930,삼성전자,2024-03-04,73700,Buy,75,"[""메모리 반도체 업황 회복에 따른 수익성 개선 기대감이 지속되고 있습니다."", ""최근 애널리스트 리포트에서 목표주가 상향 조정이 있었으며, 이는 향후 주가 상승 여력을 시사합니다."", ""현재가는 52주 최고가 대비 하락한 수준으로, 추가 상승 여력이 존재할 수 있습니다.""]",-0.5427408412483039,15.332428765264586,-1.766036681815974,11.41607034449008
005930,삼성전자,2024-04-01,85000,Buy,80,"[""최근 1개월 수익률이 11.72%로 강한 상승세를 보이고 있으며, 52주 최고가 대비 현재 위치가 98.0%로 매우 근접해 있어 추가 상승 여력이 기대됩니다."", ""최근 애널리스트 리포트들이 메모리 반도체 업황 개선을 근거로 긍정적인 전망과 함께 목표주가를 현재가 대비 상향 제시하고 있습니다."", ""거래량 변화율이 38.21%로 증가하며 투자자들의 관심이 높아지고 있음을 시사합니다.""]",-1.647058823529412,-8.235294117647058,0.09639233804492475,-5.710558904292231
005930,삼성전자,2024-05-02,77600,Buy,85,"[""최근 30일간 발표된 5건의 애널리스트 리포트 모두 긍정적인 전망과 함께 목표주가를 현재가 대비 상향 제시하고 있습니다."", ""메모리 반도체 업황 회복에 대한 기대감이 높아지고 있으며, 특히 NAND 부문의 실적 개선이 예상되는 점은 긍정적입니다."", ""최근 1개월 수익률이 소폭 하락했으나, 이는 단기적인 조정일 가능성이 있으며 52주 최고가 대비 아직 상승 여력이 남아있습니다.""]",1.0309278350515463,-2.9639175257731956,-0.8587618120046372,-2.4210707370874154
005930,삼성전자,2024-06-03,75300,Neutral,55,"[""현재가 75,300원은 52주 최고가 대비 약 12% 하락한 수준으로, 추가 하락보다는 반등 가능성을 시사합니다."", ""최근 1개월 수익률이 -2.32%로 소폭 하락했으나, 거래량 변화율 또한 -6.31%로 큰 변동성을 보이지 않아 추세 전환 신호가 명확하지 않습니다."", ""PER 35.5, PBR 1.22, ROE 3.4% 등의 재무 지표는 현재 주가가 고평가 또는 저평가되었다고 단정하기 어렵고, 시장 평균 대비 우위를 점하기 위한 명확한 근거가 부족합니다.""]",1.593625498007968,8.632138114209829,-0.8882497132913887,3.6770274872611672
005930,삼성전자,2024-07-01,81800,Buy,85,"[""최근 애널리스트 리포트에서 제시된 목표주가들이 현재가 대비 상당한 상승 여력을 시사하고 있습니다."", ""최근 1개월 수익률이 11.29%로 양호한 흐름을 보이며, 52주 최고가에 근접한 위치는 상승 모멘텀이 지속될 가능성을 나타냅니다."", ""AI 관련 모멘텀 확대 및 HBM에서의 성과 기대감 등 긍정적인 전망이 다수 제시되어 하반기 실적 개선에 대한 기대감이 높습니다.""]",7.334963325183375,-0.9779951100244498,4.223695587864704,0.556422300416927
005930,삼성전자,2024-08-01,79600,Buy,85,"[""최근 30일간 발표된 모든 애널리스트 리포트에서 긍정적인 전망과 함께 목표주가가 현재가 대비 상당한 상승 여력을 제시하고 있습니다."", ""메모리 업사이클 진입 및 수익성 개선에 대한 기대감이 높아지고 있으며, 이는 향후 주가 상승의 주요 동력이 될 것으로 예상됩니다."", ""현재가는 52주 최고가 대비 약 9.6% 하락한 수준으로, 기술적으로도 반등 가능성이 존재하며 최근 1개월 수익률 및 거래량 변화율도 긍정적인 흐름을 보이고 있습니다.""]",-6.155778894472362,-6.532663316582915,-2.8764900547412435,-6.712396444649306
005930,삼성전자,2024-09-02,72500,Buy,75,"[""최근 1개월 수익률이 -10.47%로 하락했으나, 이는 과도한 주가 급락으로 판단되어 매수 기회로 해석될 수 있습니다."", ""최근 애널리스트 리포트에서 '과도한 주가 급락. 매수 기회로 판단'이라는 긍정적인 의견과 함께 높은 목표주가(120,000원)가 제시되었습니다."", ""현재가는 52주 최고가 대비 상당한 하락폭을 보이고 있어, 단기 반등 가능성을 시사합니다.""]",-8.689655172413794,-16.82758620689655,-3.390608025155065,-14.190447091897472
005930,삼성전자,2024-10-02,60600,Buy,75,"[""최근 1개월 수익률이 -19.76%로 크게 하락했으나, 애널리스트 리포트에서 목표주가가 현재가 대비 높게 제시되며 과도한 하락에 대한 반등 가능성을 시사하고 있습니다."", ""메모리 증설 계획 축소 및 업황 호조 예상과 같은 긍정적인 전망이 일부 리포트에서 나타나고 있습니다."", ""현재가(60,600원)가 52주 최저가(61,300원)에 근접해 있어 기술적으로도 반등 가능성이 존재합니다.""]",0.33003300330033003,-3.1353135313531353,-1.7550271785878957,-3.884814447798951
005930,삼성전자,2024-11-01,58700,Neutral,65,"[""최근 1개월 수익률이 마이너스(-)를 기록하며 단기적인 하락세를 보이고 있습니다."", ""애널리스트 리포트에서 목표주가가 현재가 대비 상승 여력을 시사하지만, 3분기 실적 부진 및 일회성 비용 발생 등 부정적인 요인도 함께 언급되고 있습니다."", ""기술적 지표상 52주 최저가 대비 현재 위치가 7.5%로, 추가 하락보다는 반등 가능성도 존재하나 명확한 상승 동력이 부족하여 보합세를 예상합니다.""]",-6.303236797274275,-8.68824531516184,-4.089615163960643,-3.4935153646409844
005930,삼성전자,2024-12-02,53600,Neutral,65,"[""최근 1개월 수익률이 마이너스(-)를 기록하며 하락세를 보이고 있으나, 52주 최저가 대비 현재 위치가 9.8%로 상대적으로 높은 편입니다."", ""애널리스트 리포트에서 목표주가가 현재가 대비 상승 여력을 제시하고 있으나, '아직 본격 매수 시기는 아닌 듯'이라는 의견도 존재하여 매수 관점에 대한 불확실성이 있습니다."", ""PER, PBR, ROE 등 재무지표는 현재 시장 상황에서 삼성전자의 가치를 명확하게 판단하기 어려운 수준이며, 거래량 변화율이 긍정적인 신호를 보내고 있으나 전반적인 투자 방향을 결정하기에는 정보가 부족합니다.""]",0.7462686567164178,1.4925373134328357,4.036537045980838,3.8196442291562
005930,삼성전자,2025-01-02,54400,Neutral,65,"[""현재가 대비 목표주가 평균이 높지만, 최근 애널리스트 리포트에서 실적 컨센서스 하향 조정 및 4분기 실적 기대 이하 등의 부정적인 의견이 다수 관찰됩니다."", ""기술적 지표상 52주 최저가 대비 현재 위치가 높지 않으나, 최근 1개월 수익률이 마이너스이고 거래량 변화율도 감소하여 단기적인 상승 모멘텀이 약합니다."", ""재무 지표상 PER이 다소 높고 ROE가 낮은 편이나, PBR이 1 미만이어서 저평가 가능성도 존재하여 투자 방향을 명확히 판단하기 어렵습니다.""]",1.6544117647058825,-0.7352941176470588,-1.3702573481233717,-4.618713721892895
005930,삼성전자,2025-02-03,52700,Neutral,65,"[""최근 4분기 실적이 예상치를 하회하며 단기적인 하방 압력이 존재합니다."", ""하지만 애널리스트 리포트에서 바닥론이 제기되고 있으며, 향후 HBM 판매 확대 및 신규 고객 확보에 대한 긍정적인 전망도 일부 존재합니다."", ""현재 주가는 52주 최저가 대비 소폭 상승한 수준으로, 기술적으로는 반등 가능성도 있으나 뚜렷한 상승 모멘텀이 부족하여 방향성 판단이 어렵습니다.""]",5.692599620493358,2.4667931688804554,3.3812714529945924,-0.613365916259109
005930,삼성전자,2025-03-04,54000,Neutral,65,"[""최근 1개월 수익률은 4.01%로 긍정적이나, 52주 최고가 대비 현재 위치가 낮아 상승 여력에 대한 불확실성이 존재합니다."", ""애널리스트 리포트에서 HBM 사업부의 성장 가능성을 언급하며 긍정적인 전망을 제시하고 있으나, 전 사업부의 부진과 목표주가 편차가 커 투자 방향을 명확히 판단하기 어렵습니다."", ""PER, PBR, ROE 등 재무 지표는 시장 평균 대비 밸류에이션 매력이나 수익성에 대한 명확한 시그널을 제공하지 못하고 있습니다.""]",1.6666666666666667,8.88888888888889,1.0142369621559477,10.932178322967689
005930,삼성전자,2025-04-01,58800,Buy,75,"[""최근 1개월 수익률이 7.89%로 양호하며, 52주 최고가 대비 현재 위치가 23.5%로 상승 여력이 남아있습니다."", ""애널리스트 리포트에서 메모리 시장 회복 및 목표주가 상향 조정 의견이 제시되었습니다."", ""PER 11.9, PBR 0.85로 현재 주가가 기업 가치 대비 저평가된 측면이 있습니다.""]",-9.863945578231291,-5.612244897959184,-1.3973911817366638,-7.637497705378593
005930,삼성전자,2025-05-02,54600,Neutral,65,"[""최근 1개월 수익률이 마이너스이고 거래량 변화율도 감소하는 등 단기적인 하락 압력이 존재합니다."", ""애널리스트 리포트에서 제시된 목표주가 범위가 넓고, 일부 리포트에서는 경기 둔화 우려를 제기하며 목표주가를 낮추고 있습니다."", ""현재 주가는 52주 최저가 대비로는 상승했으나 최고가 대비로는 상당한 하락폭을 기록하고 있어 방향성 판단이 불확실합니다.""]",5.128205128205128,8.241758241758241,2.5339864631961926,-1.0149827637588924
005930,삼성전자,2025-06-02,57800,Neutral,60,"[""최근 1개월 수익률은 소폭 상승했으나, 거래량 변화율은 하락하여 투자 심리가 위축될 가능성이 있습니다."", ""애널리스트 리포트에서 제시된 목표주가는 현재가 대비 상승 여력을 시사하지만, 52주 최고가 대비로는 여전히 상당한 괴리가 존재합니다."", ""PER, PBR, ROE 등 재무지표는 시장 평균 대비 우수하거나 유사한 수준으로, 밸류에이션 측면에서 급격한 하락을 예상하기는 어렵습니다.""]",2.941176470588235,10.380622837370241,-2.443111326614059,-2.085993784304046
005930,삼성전자,2025-07-01,60800,Buy,75,"[""최근 1개월 수익률이 7.31%로 양호하며, 거래량 변화율도 35.36%로 증가하는 추세는 긍정적입니다."", ""애널리스트 리포트에서 제시된 목표주가(평균 약 77,000원)가 현재가(60,800원) 대비 상당한 상승 여력을 시사합니다."", ""PBR 0.88은 현재 주가가 장부가치 대비 저평가되어 있음을 나타내며, 이는 향후 상승 가능성을 뒷받침합니다.""]",-0.6578947368421052,19.407894736842106,-2.566150185516272,13.573537033252588
005930,삼성전자,2025-08-01,69700,Buy,75,"[""최근 1개월 수익률이 7.99%로 긍정적인 흐름을 보이고 있으며, 거래량 변화율도 9.72%로 증가 추세입니다."", ""최근 애널리스트 리포트에서 목표주가가 현재가 대비 상향 조정되는 의견이 다수 제시되었습니다 (최고 88,000원)."", ""52주 최고가 대비 현재 위치가 51.4%로, 상승 여력이 남아있다고 판단됩니다.""]",1.8651362984218076,-0.860832137733142,-0.009853773852038339,-1.642342740544671
005930,삼성전자,2025-09-01,69100,Buy,75,"[""최근 1개월 수익률 하락과 거래량 감소는 단기적인 조정으로 해석될 수 있으며, 이는 향후 반등의 기회를 제공할 수 있습니다."", ""HBM 출하량 급증 및 실적 서프라이즈 예상 리포트는 삼성전자의 미래 성장성에 대한 긍정적인 전망을 제시하며, 목표주가 90,000원은 현재가 대비 상당한 상승 여력을 시사합니다."", ""현재가 69,100원은 52주 최고가 80,200원 대비 약 13.8% 하락한 수준으로, 기술적으로도 반등 가능성이 존재합니다.""]",3.4732272069464547,21.41823444283647,0.708715094474619,13.466715852516991
005930,삼성전자,2025-10-01,89000,Buy,85,"[""최근 1개월 수익률이 24.46%로 매우 높으며, 52주 최고가에 근접한 99.7% 위치에 있어 상승 모멘텀이 강하게 유지되고 있습니다."", ""최근 30일간 애널리스트 리포트에서 제시된 목표주가들이 현재가(89,000원) 대비 상당한 상승 여력을 보여주고 있으며, 메모리 및 파운드리 업황 개선에 대한 긍정적인 전망이 지배적입니다."", ""거래량 변화율이 51.93%로 높게 나타나 투자자들의 관심이 집중되고 있으며, 이는 향후 추가적인 상승 가능성을 시사합니다.""]",9.775280898876403,11.46067415730337,4.163891322040999,-1.985698415748093
005930,삼성전자,2025-11-03,104900,Buy,85,"[""최근 1개월 수익률이 33.37%로 매우 강한 상승세를 보이고 있으며, 52주 최고가에 근접한 위치는 추가 상승 여력을 시사합니다."", ""최근 애널리스트 리포트들이 일제히 긍정적인 전망과 함께 높은 목표주가를 제시하고 있어, 단기적인 상승 모멘텀이 지속될 가능성이 높습니다."", ""AI 관련 수요 증가 및 반도체 업황 개선에 대한 기대감이 높아 삼성전자의 실적 개선과 주가 상승을 견인할 것으로 예상됩니다.""]",-1.334604385128694,-1.4299332697807436,-0.962188851883039,1.6466800051953574
005930,삼성전자,2025-12-01,103400,Buy,75,"[""최근 1개월 수익률은 하락했으나, 52주 최고가 대비 현재 위치가 높아 추가 상승 여력이 존재합니다."", ""최근 애널리스트 리포트에서 제시된 목표주가(125,000원 ~ 147,000원)는 현재가(103,400원) 대비 상당한 상승 여력을 시사합니다."", ""우호적인 환경과 체질 개선 전망은 단기적인 거래량 감소에도 불구하고 긍정적인 투자 심리를 유발할 수 있습니다.""]",4.835589941972921,24.274661508704064,1.1153745689876535,16.397176796831758
000660,SK하이닉스,2023-01-02,75600,Neutral,55,"[""현재가 75,600원은 52주 최저가 75,000원에 근접하여 단기 반등 가능성이 있으나, 최근 1개월 수익률이 -10.63%로 하락세를 보이고 있어 추가 하락 가능성도 배제할 수 없습니다."", ""PER 5.4, PBR 0.87은 현재 주가가 저평가되어 있다는 신호로 해석될 수 있으나, 반도체 업황의 불확실성과 거시 경제 변동성이 투자 심리에 부정적인 영향을 미칠 수 있습니다."", ""거래량 변화율이 -17.96%로 감소한 것은 투자자들의 관심이 줄어들고 있음을 시사하며, 이는 향후 20거래일 동안 뚜렷한 방향성을 제시하기 어렵게 만듭니다.""]",14.417989417989418,23.544973544973544,8.44011067927991,12.267998046028211
000660,SK하이닉스,2023-02-01,93400,Neutral,65,"[""최근 1개월 수익률이 21.87%로 양호하나, 52주 최고가 대비 현재 위치가 낮아 상승 여력에 대한 불확실성이 존재합니다."", ""애널리스트 리포트에서 목표주가가 현재가 대비 상승 여력을 제시하고 있으나, 반도체 유통 재고 문제 등 부정적인 전망도 일부 존재합니다."", ""PER, PBR 등 재무지표는 양호한 편이나, 단기 20거래일 투자 방향을 결정하기에는 기술적 지표와 거시 경제 환경에 대한 추가적인 분석이 필요합니다.""]",1.070663811563169,-6.5310492505353315,0.558690771156188,-5.040089787134925
000660,SK하이닉스,2023-03-02,87300,Neutral,65,"[""최근 1개월 수익률이 마이너스이고 거래량 변화율도 감소하는 등 단기적인 하락 압력이 존재합니다."", ""애널리스트 리포트들은 전반적으로 목표주가를 현재가 대비 높게 제시하며 긍정적인 전망을 내놓고 있으나, DRAM 수요 및 가격에 대한 하향 전망도 일부 존재하여 불확실성을 더합니다."", ""재무 지표는 양호한 편이나, 52주 최고가 대비 현재 위치가 낮고 52주 최저가 대비로는 높은 편으로 명확한 추세 판단이 어렵습니다.""]",-4.581901489117984,1.4891179839633446,-3.040827424637931,-0.35252308722292724
000660,SK하이닉스,2023-04-03,84500,Buy,75,"[""최근 애널리스트 리포트들이 일제히 긍정적인 전망을 제시하며 목표주가를 현재가 대비 상향 조정하고 있습니다."", ""2분기 재고 안정화 시작 전망과 더 이상 악화될 가능성이 낮다는 분석은 주가 반등에 대한 기대감을 높입니다."", ""현재 주가는 52주 최저가 대비 높은 수준이지만, 52주 최고가 대비로는 상당한 하락폭을 보여 반등 여력이 존재합니다.""]",8.63905325443787,6.272189349112427,5.923885809033502,5.430023826699703
000660,SK하이닉스,2023-05-02,89800,Buy,85,"[""최근 애널리스트 리포트들이 일제히 실적 하향 조정이 종료되었음을 알리며 긍정적인 전망과 함께 목표주가를 상향 조정하고 있습니다."", ""1분기 실적이 예상보다 양호했으며, 이는 향후 실적 개선에 대한 기대감을 높이는 요인입니다."", ""최근 1개월 수익률이 1.81%로 소폭 상승세를 보이고 있으며, 거래량 변화율이 31.25%로 증가한 것은 투자자들의 관심이 높아지고 있음을 시사합니다.""]",-3.8975501113585747,22.828507795100222,-3.481782940973986,18.83234564590377
000660,SK하이닉스,2023-06-01,110300,Buy,75,"[""최근 1개월간 23.24%의 높은 수익률을 기록하며 상승세를 이어가고 있습니다."", ""52주 최고가에 도달하며 기술적으로 강한 상승 모멘텀을 보여주고 있습니다."", ""최근 애널리스트 리포트에서 HBM3 경쟁력과 함께 긍정적인 전망과 목표주가 상향이 제시되었습니다.""]",4.0797824116047146,6.618313689936536,3.003806768095174,6.575643701930275
000660,SK하이닉스,2023-07-03,117900,Buy,85,"[""최근 애널리스트 리포트들이 일관되게 긍정적인 전망과 함께 목표주가를 상향하고 있어 단기 상승 모멘텀이 기대됩니다."", ""현재가가 52주 최고가에 근접한 95.7% 수준에 위치하며, 최근 1개월 수익률도 6.62%로 양호한 흐름을 보이고 있습니다."", ""PER, PBR 지표는 다소 높지만, ROE가 개선될 여지가 있고 시가총액 규모를 고려할 때 추가 상승 여력이 존재한다고 판단됩니다.""]",-3.816793893129771,6.106870229007633,-2.6283513235950773,3.262628699842195
000660,SK하이닉스,2023-08-01,119500,Buy,85,"[""최근 5건의 애널리스트 리포트 모두 긍정적인 전망과 함께 목표주가를 제시하고 있으며, 이는 향후 주가 상승에 대한 기대감을 높입니다."", ""현재가 119,500원은 52주 최고가 128,000원에 근접한 수준이지만, 52주 내 현재 위치가 94.5%로 매우 높은 편이며 최근 1개월 수익률도 6.38%로 양호한 흐름을 보이고 있습니다."", ""DRAM 시장 내 입지 강화 및 기술 차별화 등 긍정적인 사업 전망이 제시되고 있어 단기적인 상승 모멘텀이 지속될 가능성이 있습니다.""]",-0.8368200836820083,1.9246861924686192,-0.4030295185312552,4.225496062255004
000660,SK하이닉스,2023-09-01,119200,Neutral,55,"[""SK하이닉스의 현재가는 52주 최고가 대비 약 7% 하락한 수준으로, 단기적인 상승 여력과 하락 위험이 공존하는 위치에 있습니다."", ""최근 1개월 수익률이 소폭 상승했으나, 거래량 변화율이 감소한 점은 투자 심리가 위축되었음을 시사합니다."", ""PER, PBR, ROE 등 재무 지표는 현재 시장 상황에서 SK하이닉스의 가치를 명확하게 판단하기에 충분한 정보를 제공하지 못하고 있습니다.""]",-2.7684563758389262,1.006711409395973,-1.6978638162057185,7.8094430261184264
000660,SK하이닉스,2023-10-04,120200,Buy,75,"[""최근 애널리스트 리포트에서 제시된 목표주가들이 현재가 대비 상당한 상승 여력을 시사하고 있습니다."", ""메모리 반도체 고정가격 상승 전환 및 실적 개선 속도 가속화 전망은 긍정적인 투자 심리를 유발할 수 있습니다."", ""현재가 52주 최고가 대비 약 76.2% 수준으로, 추가 상승 여력이 존재하며 최근 단기 하락은 매수 기회로 작용할 수 있습니다.""]",3.743760399334443,4.658901830282862,1.5574565218173775,6.125868047623508
000660,SK하이닉스,2023-11-01,125300,Buy,75,"[""최근 애널리스트 리포트에서 긍정적인 전망과 함께 목표주가가 현재가 대비 상향 제시된 경우가 다수 존재합니다."", ""52주 최고가에 근접한 위치와 최근 1개월 수익률, 거래량 변화율 등 기술적 지표가 상승세를 시사하고 있습니다."", ""HBM 시장 성장 잠재력과 DRAM 흑자 전환 등 긍정적인 사업 전망이 주가 상승 동력으로 작용할 수 있습니다.""]",2.154828411811652,6.863527533918595,-1.4284281008722925,-1.337930351294287
000660,SK하이닉스,2023-12-01,131100,Neutral,65,"[""최근 1개월 수익률은 긍정적이나, 거래량 변화율이 감소하며 단기 상승 모멘텀이 약화되었습니다."", ""애널리스트 리포트에서 목표주가 하향 조정 의견과 상향 조정 의견이 혼재되어 있어 방향성 판단이 어렵습니다."", ""현재 주가가 52주 최고가에 근접해 있어 추가 상승 여력에 대한 불확실성이 존재합니다.""]",-1.6781083142639208,4.0427154843630815,-2.092033044377852,1.177052151096012
000660,SK하이닉스,2024-01-02,136800,Buy,75,"[""최근 1개월 수익률이 9.20%로 양호하며, 52주 최고가에 근접한 강한 상승세를 보이고 있습니다."", ""최근 애널리스트 리포트들이 긍정적인 전망과 함께 목표주가를 상향 제시하고 있어 추가 상승 여력이 기대됩니다."", ""거래량 변화율이 12.04%로 증가하며 투자자들의 관심이 높아지고 있음을 시사합니다.""]",-2.4122807017543857,-1.5350877192982455,0.09336688138685645,2.692257705679981
000660,SK하이닉스,2024-02-01,134900,Buy,75,"[""최근 애널리스트 리포트에서 제시된 목표주가들이 현재가 대비 상당한 상승 여력을 시사하고 있습니다."", ""52주 최고가 대비 현재 위치가 84.4%로, 상승 추세가 이어질 가능성을 보여줍니다."", ""최근 1개월 수익률이 소폭 하락했으나, 이는 단기적인 조정일 수 있으며 반등 가능성이 존재합니다.""]",11.193476649369902,20.756115641215718,9.880821553033334,19.755087082459784
000660,SK하이닉스,2024-03-04,165800,Buy,75,"[""SK하이닉스는 최근 1개월간 21.62%의 높은 수익률을 기록하며 강한 상승세를 보이고 있으며, 52주 최고가에 근접한 위치는 추가 상승에 대한 기대감을 높입니다."", ""최근 애널리스트 리포트에서 엔비디아 효과를 반영한 어닝 및 밸류에이션 상승을 전망하며 목표주가 180,000원을 제시한 점은 긍정적인 투자 심리를 뒷받침합니다."", ""거래량 변화율이 46.11%로 높게 나타나는 것은 시장의 관심이 집중되고 있음을 시사하며, 이는 단기적인 주가 상승 동력으로 작용할 수 있습니다.""]",-0.060313630880579006,12.364294330518698,-1.283609471448249,8.447935909744192
000660,SK하이닉스,2024-04-01,186300,Buy,75,"[""최근 3건의 애널리스트 리포트 모두 목표주가를 현재가 대비 상향 조정하며 긍정적인 전망을 제시하고 있습니다."", ""최근 1개월 수익률이 18.76%로 강한 상승세를 보이고 있으며, 52주 최고가에 근접한 위치는 추가 상승에 대한 기대감을 높입니다."", ""현재 PER이 적자 상태로 산정되지 않으나, PBR 2.47은 자산 가치 대비 저평가 가능성을 시사하며, 향후 실적 개선 시 주가 상승 여력이 있습니다.""]",-1.8250134192163179,-6.816961889425658,-0.08156225764198122,-4.292226676070831
000660,SK하이닉스,2024-05-02,173200,Buy,85,"[""최근 30일간 애널리스트 리포트에서 모두 긍정적인 전망과 함께 목표주가를 상향 제시하고 있어 향후 상승 가능성이 높습니다."", ""52주 최고가 대비 현재 위치가 85.6%로, 아직 상승 여력이 남아있다고 판단됩니다."", ""최근 1개월 수익률이 소폭 하락했으나, 이는 단기적인 조정일 가능성이 있으며 전반적인 시장 및 산업 전망은 긍정적입니다.""]",6.1200923787528865,11.605080831408776,4.230402731696703,12.147927620094556
000660,SK하이닉스,2024-06-03,193300,Buy,75,"[""최근 1개월 수익률이 11.48%로 양호한 흐름을 보이고 있으며, 52주 최고가 대비 현재 위치가 92.1%로 상승 여력이 남아있습니다."", ""TSMC와의 패키징 기술 협력에 대한 긍정적인 애널리스트 리포트가 목표주가 상향 가능성을 시사하고 있습니다."", ""거래량 변화율이 음수이나, 이는 단기적인 차익 실현 물량 소화 과정으로 해석될 수 있으며, 전반적인 상승 추세는 유지될 것으로 판단됩니다.""]",11.226073460941542,22.090015519917227,8.744198249642185,17.134904892968564
000660,SK하이닉스,2024-07-01,232000,Buy,75,"[""최근 1개월 수익률이 20.34%로 강한 상승세를 보이고 있으며, 52주 최고가 대비 현재 위치가 98.4%로 매우 근접해 있어 추가 상승 여력이 기대됩니다."", ""최근 30일 내 애널리스트 리포트에서 제시된 목표주가들이 현재가 대비 상당한 상승 여력을 시사하고 있습니다."", ""HBM 시장에서의 경쟁 우위 지속에 대한 긍정적인 전망이 주가 상승 모멘텀을 강화할 것으로 예상됩니다.""]",2.8017241379310347,-18.57758620689655,-0.30954359938763565,-17.043168796455173
000660,SK하이닉스,2024-08-01,173200,Buy,75,"[""최근 애널리스트 리포트에서 목표주가가 현재가 대비 상당한 상승 여력을 보여주고 있으며, '낙폭 과대' 및 'HBM 효과' 등 긍정적인 전망이 제시되고 있습니다."", ""최근 1개월 수익률은 마이너스이나, 52주 최저가 대비 현재 위치가 62.7%로 상승 추세 전환 가능성을 시사합니다."", ""거래량 변화율이 49.75%로 높게 나타나 투자자들의 관심이 증가하고 있으며, 이는 향후 주가 상승의 동력이 될 수 있습니다.""]",-0.9815242494226328,0.4618937644341801,2.2977645903084856,0.28216063636778926
000660,SK하이닉스,2024-09-02,168300,Buy,75,"[""최근 애널리스트 리포트에서 투자 의견 상향 및 목표주가 제시가 긍정적인 신호로 작용할 수 있습니다."", ""현재 주가는 52주 최고가 대비 상당한 하락폭을 보이고 있어 기술적 반등 가능성이 존재합니다."", ""최근 1개월 수익률이 마이너스이나, 이는 단기적인 조정으로 해석될 여지가 있으며 향후 반등을 기대할 수 있습니다.""]",-7.605466428995841,5.763517528223411,-2.3064192817371127,8.40065664322249
000660,SK하이닉스,2024-10-02,174100,Buy,75,"[""최근 30일간 애널리스트 리포트에서 제시된 목표주가가 현재가 대비 상당한 상승 여력을 시사하고 있습니다."", ""HBM 시장에서의 경쟁력 유지 및 장기 전망에 대한 긍정적인 시각이 유지되고 있습니다."", ""현재 주가는 52주 최고가 대비 하락한 상태로, 기술적 반등 가능성을 배제할 수 없습니다.""]",7.696726019529006,11.430212521539346,5.61166583764078,10.680711605093531
000660,SK하이닉스,2024-11-01,194000,Buy,80,"[""최근 애널리스트 리포트에서 목표주가가 현재가 대비 상당한 상승 여력을 제시하고 있으며, 특히 HBM 시장에서의 기술 리더십을 강조하고 있습니다."", ""최근 1개월 수익률이 4.35%로 긍정적인 흐름을 보이고 있으며, 52주 최저가 대비 현재 위치가 절반 이상 상승하여 기술적으로도 상승 추세에 있습니다."", ""PER이 해당 없음(적자)으로 재무적으로는 부담이 있으나, PBR 2.43은 자산 가치 대비 프리미엄을 반영하고 있으며, 이는 성장 기대감을 반영하는 것으로 해석될 수 있습니다.""]",-0.7216494845360825,-18.144329896907216,1.49197214877755,-12.94959994638636
000660,SK하이닉스,2024-12-02,164900,Buy,75,"[""최근 애널리스트 리포트에서 제시된 목표주가 평균이 현재가 대비 상당한 상승 여력을 시사합니다."", ""HBM 등 고부가가치 제품 경쟁력에 대한 긍정적인 전망이 주가 상승 모멘텀으로 작용할 수 있습니다."", ""최근 1개월 수익률이 마이너스이나, 이는 단기적인 조정으로 해석될 수 있으며 향후 반등 가능성을 내포합니다.""]",3.3353547604608855,10.309278350515463,6.625623149725306,12.636385266238827
000660,SK하이닉스,2025-01-02,181900,Neutral,60,"[""SK하이닉스는 현재 적자 상태로 PER 지표가 없어 기업 가치 평가에 어려움이 있습니다."", ""최근 1개월 수익률은 긍정적이나, 52주 최고가 대비 현재 위치가 낮고 거래량 변화율이 감소하는 등 기술적 지표는 혼조세를 보입니다."", ""애널리스트 리포트에서 목표주가 상향 가능성을 제시하고 있으나, '초현실적 리스크'라는 표현은 불확실성을 내포하고 있어 단기적인 투자 방향을 명확히 판단하기 어렵습니다.""]",11.874656404617923,11.874656404617923,8.849987291788668,7.991236800372087
000660,SK하이닉스,2025-02-03,191100,Buy,85,"[""최근 1개월 수익률이 12.23%로 양호하며, 거래량 변화율도 38.34%로 증가하는 추세입니다."", ""최근 30일간 발표된 5건의 애널리스트 리포트 모두 긍정적인 전망과 함께 목표주가를 현재가 대비 상향 제시하고 있습니다."", ""AI 시장 성장세에 대한 기대감과 더불어 4분기 최대 실적 달성 등 질적 성장 모멘텀이 부각되고 있습니다.""]",4.500261643118786,1.0465724751439036,2.18893347562002,-2.0335866099956608
000660,SK하이닉스,2025-03-04,193100,Neutral,55,"[""SK하이닉스는 현재 적자 상태로 PER 지표가 없어 기업 가치 평가에 어려움이 있습니다."", ""최근 1개월 수익률이 마이너스이고 거래량 변화율도 감소하여 단기적인 하락 압력이 존재합니다."", ""하지만 52주 최저가 대비 현재 위치가 41.7%로 상승 여력이 남아있고, 반도체 업황 회복 기대감 등 긍정적인 요인도 존재하여 명확한 방향성을 판단하기 어렵습니다.""]",3.003625064733299,2.4857586742620406,2.3511953602225804,4.52904810834084
000660,SK하이닉스,2025-04-01,197900,Buy,75,"[""최근 애널리스트 리포트에서 긍정적인 전망과 함께 목표주가가 현재가 대비 상승 여력을 시사하고 있습니다."", ""PER 6.9, PBR 1.90, ROE 27.7% 등 재무 지표가 양호하며, 시가총액이 큰 대형주로서 시장 내 안정적인 위치를 확보하고 있습니다."", ""최근 1개월 수익률이 3.58%로 소폭 상승세를 보이고 있으며, 52주 최고가 대비 현재 위치가 중간 지점(50.1%)에 있어 추가 상승 가능성을 배제할 수 없습니다.""]",-16.624557857503792,-10.308236483072259,-8.158003461009164,-12.333489290491666
000660,SK하이닉스,2025-05-02,190800,Buy,85,"[""최근 애널리스트 리포트에서 제시된 목표주가들이 현재가 대비 상당한 상승 여력을 시사하고 있으며, 특히 HBM 시장에서의 경쟁 우위가 긍정적으로 평가되고 있습니다."", ""PER 6.5, PBR 1.79, ROE 27.7% 등 재무 지표는 현재 주가가 기업의 가치 대비 저평가되어 있음을 나타냅니다."", ""최근 1개월 수익률은 하락했으나, 이는 단기적인 조정일 수 있으며, 향후 실적 개선 전망과 기술적 지표(52주 내 현재 위치)를 고려할 때 반등 가능성이 높습니다.""]",7.966457023060797,17.662473794549268,5.372238358051861,8.405732789032134
000660,SK하이닉스,2025-06-02,217500,Buy,75,"[""최근 1개월 수익률이 14.77%로 강한 상승세를 보이고 있으며, 52주 최고가 대비 현재 위치가 62.0%로 상승 여력이 남아있습니다."", ""PER 7.2, PBR 2.00, ROE 27.7% 등 재무 지표가 양호하며, 시가총액 147.9조원으로 대형주로서 안정적인 흐름을 기대할 수 있습니다."", ""최근 애널리스트 리포트에서 목표주가 280,000원을 제시하며 긍정적인 전망을 내놓고 있습니다.""]",8.275862068965518,28.045977011494255,2.891574271763224,15.579360389819968
000660,SK하이닉스,2025-07-01,279000,Buy,85,"[""최근 1개월간 34.67%의 높은 수익률과 50.28%의 거래량 변화율은 강한 상승 모멘텀을 시사합니다."", ""52주 최고가 대비 현재 위치가 94.7%로, 상승 여력이 아직 남아있음을 보여줍니다."", ""최근 애널리스트 리포트들이 일관되게 긍정적인 전망과 함께 목표주가를 현재가 대비 상향 제시하고 있습니다.""]",0.7168458781362007,-5.555555555555555,-1.1914095705379664,-11.389913259145075
000660,SK하이닉스,2025-08-01,258000,Buy,75,"[""다수의 애널리스트 리포트에서 긍정적인 목표주가를 제시하며 SK하이닉스의 성장성을 높게 평가하고 있습니다."", ""HBM3e 관련 실적 개선 기대감과 기술 리더십은 향후 주가 상승의 주요 동력이 될 것으로 예상됩니다."", ""최근 1개월 수익률 하락과 거래량 감소는 단기적인 노이즈로 해석될 수 있으며, 52주 최고가 대비 현재 위치는 추가 상승 여력을 시사합니다.""]",3.488372093023256,0.9689922480620154,1.6133820207494098,0.18748164525048627
000660,SK하이닉스,2025-09-01,260500,Neutral,60,"[""SK하이닉스의 재무 지표는 양호하나, 최근 1개월 수익률 하락과 거래량 감소는 단기적인 투자 심리 위축을 시사합니다."", ""현재 주가는 52주 최고가 대비 하락한 위치에 있지만, 52주 최저가 대비로는 여전히 높은 수준을 유지하고 있어 명확한 방향성을 판단하기 어렵습니다."", ""반도체 업황에 대한 불확실성과 거시 경제 변동성이 향후 20거래일 동안 SK하이닉스의 주가 흐름에 상반된 영향을 미칠 수 있습니다.""]",10.556621880998081,33.397312859884835,7.792109768526245,25.445794269565354
000660,SK하이닉스,2025-10-01,395500,Buy,85,"[""최근 1개월 수익률이 38.20%로 매우 높으며, 52주 최고가 대비 현재 위치가 99.5%로 상승 추세가 강하게 나타나고 있습니다."", ""최근 30일간 발표된 5건의 애널리스트 리포트 모두 긍정적인 전망과 함께 목표주가를 현재가 대비 상향 제시하고 있습니다."", ""HBM 및 Enterprise SSD 수요 증가 전망 등 SK하이닉스의 핵심 사업 부문에 대한 긍정적인 전망이 지속되고 있습니다.""]",14.412136536030342,49.93678887484197,8.800746959194939,36.49041630179051
000660,SK하이닉스,2025-11-03,586000,Buy,85,"[""최근 1개월간 84.25%의 높은 수익률을 기록하며 강한 상승세를 보이고 있으며, 52주 최고가에 근접한 위치는 추가 상승에 대한 기대감을 높입니다."", ""최근 30일간 발표된 모든 애널리스트 리포트에서 목표주가를 현재가 대비 상향 제시하며 긍정적인 전망을 내놓고 있습니다."", ""PER, PBR 지표는 다소 높지만, 높은 ROE(27.7%)는 기업의 수익성을 뒷받침하며 현재 주가 수준을 정당화할 수 있는 근거가 됩니다.""]",5.631399317406143,-4.778156996587031,6.003814850651798,-1.7015437216109297
000660,SK하이닉스,2025-12-01,558000,Buy,75,"[""최근 애널리스트 리포트에서 긍정적인 실적 전망과 높은 목표주가가 제시되었습니다."", ""현재 주가는 52주 최고가 대비 하락했지만, 52주 최저가 대비로는 높은 수준을 유지하며 상승 추세를 이어갈 가능성이 있습니다."", ""거래량 변화율이 긍정적인 신호를 보이며, 이는 투자자들의 관심 증가와 잠재적인 매수세 유입을 시사합니다.""]",1.4336917562724014,21.32616487455197,-2.2865236167128655,13.448680162679665
207940,삼성바이오로직스,2023-01-02,1181810,Neutral,60,"[""현재가 52주 최고가 대비 하락한 위치에 있으나, 52주 최저가 대비로는 상당한 상승을 보이며 박스권 내에서 움직이고 있습니다."", ""최근 1개월 수익률이 마이너스이고 거래량 변화율도 감소하는 등 단기적인 하락 압력이 관찰됩니다."", ""PER, PBR 지표가 다소 높은 편이나, 바이오 섹터의 성장성을 고려할 때 밸류에이션 부담이 즉각적인 매도 신호로 이어지기는 어렵습니다.""]",-0.49813421785227746,1.1208231441602288,-6.476012956561786,-10.156152354785105
207940,삼성바이오로직스,2023-02-01,1195056,Neutral,65,"[""최근 1개월 수익률이 소폭 하락했으나, 52주 최고가 대비 현재 위치가 중간 수준에 있어 추가 상승 및 하락 가능성이 공존합니다."", ""최근 30일간 애널리스트 리포트들의 목표주가가 현재가 대비 하향 조정되거나 소폭 상향 조정되는 등 엇갈리는 의견을 보이고 있어 투자 방향성을 명확히 판단하기 어렵습니다."", ""거래량 변화율이 높게 나타나고 있어 단기적인 변동성이 확대될 수 있으나, 재무 지표상 고평가 논란이 있어 뚜렷한 상승 모멘텀을 기대하기 어렵습니다.""]",0.24634828828105126,-2.955677390850303,-0.26562475212592973,-1.464717927449897
207940,삼성바이오로직스,2023-03-02,1159734,Neutral,60,"[""현재가 52주 최저가 대비 높은 수준이나 최고가 대비로는 하락 여력이 남아있어 방향성 판단이 모호합니다."", ""최근 1개월 수익률 및 거래량 변화율이 하락세를 나타내고 있어 단기적인 투자 심리가 위축될 가능성이 있습니다."", ""PER, PBR 등 재무 지표가 높은 수준으로 밸류에이션 부담이 존재하나, 바이오 산업의 성장성과 삼성바이오로직스의 시장 지배력을 고려할 때 하락 압력이 제한적일 수 있습니다.""]",-1.5228492050763365,0.0,0.01822485940371621,-1.8416410711862718
207940,삼성바이오로직스,2023-04-03,1159734,Neutral,60,"[""현재가(1,159,734원)가 52주 최저가(1,109,695원) 대비 약 5% 상승한 수준으로, 기술적으로는 반등 가능성이 있으나 52주 최고가(1,339,287원) 대비로는 여전히 하락한 상태입니다."", ""최근 1개월 수익률이 -1.27%로 소폭 하락세를 보이고 있으며, 애널리스트 리포트에서 제시된 목표주가(1,100,000원)가 현재가보다 낮아 단기적인 상승 모멘텀이 약할 수 있습니다."", ""PER(100.1)이 높은 수준으로 밸류에이션 부담이 존재하며, ROE(5.9%)가 낮은 점은 수익성 측면에서 아쉬운 부분입니다. 다만, 거래량 변화율(20.11%)이 긍정적인 신호로 작용할 수 있습니다.""]",3.045698410152673,-1.6497748621666692,0.33053096474830435,-2.4919403845793937
207940,삼성바이오로직스,2023-05-02,1140601,Neutral,65,"[""최근 애널리스트 리포트에서 제시된 목표주가들이 현재가 대비 하락 가능성을 시사하고 있습니다."", ""최근 1개월 수익률이 마이너스를 기록하며 단기적인 약세 흐름을 보이고 있습니다."", ""거래량 변화율이 긍정적인 신호를 보내고 있으나, 전반적인 투자 심리는 불확실한 상황입니다.""]",1.032262815831303,1.290372356327936,1.4480299862158912,-2.705789792868515
207940,삼성바이오로직스,2023-06-01,1155319,Neutral,60,"[""현재가 52주 최저가 대비 높은 수준이나 최고가 대비로는 하락 여력이 남아있어 방향성 판단이 어렵습니다."", ""최근 1개월 수익률이 소폭 상승했으나 거래량 변화율이 크게 감소하여 투자 심리가 위축된 것으로 보입니다."", ""유일한 애널리스트 리포트에서 목표주가를 현재가보다 낮게 제시하여 추가 하락 가능성을 시사합니다.""]",1.2738473097040732,-5.350297190646047,0.19787166619453278,-5.392967178652308
207940,삼성바이오로직스,2023-07-03,1097921,Neutral,65,"[""최근 1개월 수익률이 마이너스(-)를 기록하며 단기적인 하락 압력이 존재합니다."", ""52주 최고가 대비 현재 위치가 0.6%로 매우 근접해 있어 추가 상승 여력이 제한적일 수 있습니다."", ""애널리스트 리포트에서 제시된 목표주가(1,050,000원)가 현재가(1,097,921원)보다 낮아 단기적인 상승 모멘텀이 약할 수 있습니다.""]",-3.0830997858680176,7.5067331802561394,-1.894657216333324,4.6624916510907015
207940,삼성바이오로직스,2023-08-01,1161206,Neutral,65,"[""최근 1개월 수익률은 긍정적이나, 애널리스트들의 목표주가가 현재가 대비 하향 또는 보합 수준으로 제시되어 상승 여력이 제한적입니다."", ""PER, PBR 지표가 다소 높은 수준으로 밸류에이션 부담이 존재하며, ROE 또한 낮은 편입니다."", ""기술적으로는 52주 최저가 대비 높은 위치에 있으나, 최고가 대비로는 중간 지점에 위치하여 방향성 판단이 어렵습니다.""]",1.1407106060423386,-6.590647998718574,1.5745011711930919,-4.289838128932189
207940,삼성바이오로직스,2023-09-01,1083203,Neutral,60,"[""최근 1개월 수익률이 마이너스이고 거래량 변화율도 크게 하락하여 단기적인 하방 압력이 존재합니다."", ""52주 최고가 대비 현재 위치가 낮지만, 52주 최저가 대비로는 높은 편으로 추세 전환 여부가 불확실합니다."", ""최근 애널리스트 리포트의 목표주가가 현재가와 유사하거나 낮아 추가적인 상승 여력이 크지 않다는 의견이 있습니다.""]",-0.27169422536680565,-0.6792817228164988,0.7988983342664021,6.1234498939059545
207940,삼성바이오로직스,2023-10-04,1064071,Neutral,60,"[""삼성바이오로직스의 현재가는 52주 최저가에 근접해 있어 단기 반등 가능성을 시사하지만, 최근 1개월 수익률이 마이너스인 점은 하락 압력을 나타냅니다."", ""PER 88.9배는 다소 높은 수준으로 밸류에이션 부담이 존재하며, ROE 5.9%는 낮은 편으로 수익성 측면에서 강점을 보이지 못하고 있습니다."", ""거래량 변화율이 12.36%로 긍정적인 신호를 보이지만, 전반적인 재무 및 기술 지표가 명확한 상승 또는 하락 방향을 강하게 지지하지 않아 중립적인 판단이 합리적입니다.""]",-0.27667326710341694,-2.4896834891656665,-2.4629771446204822,-1.0227172718250206
207940,삼성바이오로직스,2023-11-01,1047882,Buy,75,"[""최근 애널리스트 리포트에서 목표주가가 현재가 대비 소폭 상승 여력을 시사하며 긍정적인 전망을 제시하고 있습니다."", ""최근 1개월 수익률이 3.38%로 양호한 흐름을 보이고 있으며, 거래량 변화율이 40.04%로 증가하며 투자 심리가 개선되고 있음을 나타냅니다."", ""52주 최저가 대비 현재 위치가 10.1%로, 상승 여력이 남아있다는 분석이 가능합니다.""]",1.5449258599727833,1.8257780933349363,-2.0383306527111613,-6.375679791877946
207940,삼성바이오로직스,2023-12-01,1047882,Neutral,65,"[""최근 1개월 수익률이 소폭 하락했으나, 52주 최저가 대비 현재 위치가 13.9% 상승한 점은 긍정적입니다."", ""최근 애널리스트 리포트에서 제시된 목표주가들이 현재가와 유사하거나 소폭 낮은 수준으로, 단기적인 급등보다는 현 주가 수준에서의 횡보 가능성을 시사합니다."", ""PER, PBR 등 재무지표가 다소 높은 편이며, 거래량 변화율이 감소한 점은 투자 심리 위축 가능성을 나타내어 명확한 매수 신호를 보내기 어렵습니다.""]",-1.2640736266106298,8.146050795795711,-1.6779983567245609,5.280387462528641
207940,삼성바이오로직스,2024-01-02,1158262,Buy,75,"[""최근 1개월 수익률이 8.23%로 양호하며, 52주 최고가 대비 현재 위치가 72.7%로 상승 여력이 남아있습니다."", ""거래량 변화율이 49.84%로 크게 증가하여 투자자들의 관심이 높아지고 있음을 시사합니다."", ""PER, PBR 지표는 다소 높은 편이나, 바이오 산업의 성장성과 삼성바이오로직스의 시장 지배력을 고려할 때 향후 추가 상승 가능성이 있습니다.""]",-5.209615786411019,6.734486670546043,-2.703968203269777,10.961832095524269
207940,삼성바이오로직스,2024-02-01,1264228,Sell,75,"[""최근 30일간 발표된 애널리스트 리포트들의 목표주가가 현재가 대비 하락하는 추세를 보이고 있습니다."", ""기술적 지표상 52주 최고가에 근접한 수준이며, 이는 단기적인 차익 실현 매물 출회 가능성을 시사합니다."", ""PER, PBR 등 재무 지표가 다소 높은 수준으로 밸류에이션 부담이 존재합니다.""]",-2.4447330703006105,-8.614664443439,-3.7573881666371793,-9.615693002194934
207940,삼성바이오로직스,2024-03-04,1147960,Neutral,60,"[""현재가 52주 최고가 대비 하락한 위치에 있으나, 52주 최저가 대비로는 상당한 상승 여력을 보여주고 있습니다."", ""최근 1개월 수익률이 마이너스를 기록하고 거래량 변화율도 감소하는 등 단기적인 하락 압력이 감지됩니다."", ""PER, PBR 등 재무 지표는 다소 높은 수준으로 밸류에이션 부담이 존재하나, 바이오 섹터의 성장성을 고려할 때 추가적인 상승 가능성도 배제할 수 없습니다.""]",7.692341196557371,4.615404717934423,6.469045355989701,0.6990462971599172
207940,삼성바이오로직스,2024-04-01,1200943,Neutral,60,"[""최근 1개월 수익률은 긍정적이나, 거래량 변화율은 하락세를 시사하여 상반된 신호를 보입니다."", ""현재가는 52주 최고가 대비 높은 수준에 위치하여 추가 상승 여력이 제한적일 수 있습니다."", ""PER, PBR 등 재무 지표는 다소 높은 편으로 밸류에이션 부담이 존재합니다.""]",-1.3480240111312527,-5.024551539914883,0.39542715044308396,-2.499816326560056
207940,삼성바이오로직스,2024-05-02,1134714,Neutral,65,"[""최근 1개월 수익률이 마이너스이고 거래량 변화율도 감소하는 등 단기적인 하락 압력이 존재합니다."", ""애널리스트 리포트에서 제시된 목표주가들이 현재가 대비 하락 가능성을 시사하고 있습니다."", ""하지만 1분기 실적이 양호하고 5공장 수주 활동이 순항 중이라는 긍정적인 내용도 있어 하락 요인과 상승 요인이 혼재되어 있습니다.""]",1.297066926115303,-2.3345970879005637,-0.5926227209408805,-1.7917502992147836
207940,삼성바이오로직스,2024-06-03,1108223,Neutral,60,"[""최근 1개월 수익률이 마이너스를 기록하며 단기적인 하락 압력이 존재합니다."", ""PER, PBR 지표가 다소 높은 수준으로 밸류에이션 부담이 있습니다."", ""52주 최고가 대비 현재 위치가 40.2%로, 상승 여력과 하락 위험이 공존하는 구간입니다.""]",-1.4608070758322107,7.569776119066289,-3.9426822871315674,2.614665492117628
207940,삼성바이오로직스,2024-07-01,1192113,Neutral,60,"[""최근 1개월 수익률은 긍정적이나, PER, PBR 등 재무지표는 고평가 구간에 있음을 시사합니다."", ""52주 최고가 대비 현재 위치는 중간 수준이지만, 목표주가 하향 리포트가 존재하여 상승 여력이 제한적일 수 있습니다."", ""거래량 변화율이 크지 않아 단기적인 매수/매도 압력이 뚜렷하지 않아 방향성 판단이 어렵습니다.""]",-1.7284435284238995,15.678966675139016,-4.83971126574257,17.213384085580394
207940,삼성바이오로직스,2024-08-01,1340759,Neutral,65,"[""최근 1개월 수익률이 14.20%로 양호하나, 최근 애널리스트 리포트들의 목표주가가 현재가 대비 하향 조정되거나 유사한 수준에 머물러 있어 추가 상승 여력이 제한적일 수 있습니다."", ""PER 113.0, PBR 6.41 등 재무 지표상 밸류에이션 부담이 존재하며, ROE 5.7%는 낮은 수준으로 성장성 대비 고평가 논란이 있을 수 있습니다."", ""52주 최고가에 근접한 현재 위치와 높은 거래량 변화율은 단기적인 변동성을 시사하며, 향후 20거래일 내 KOSPI 시장 수익률 대비 초과 상승 또는 하락을 명확히 판단하기에는 정보가 불충분합니다.""]",5.378669842977001,5.92753805866677,8.657958682708118,5.747804930600379
207940,삼성바이오로직스,2024-09-02,1414346,Sell,75,"[""현재가(1,414,346원)가 52주 최고가(1,458,498원)에 근접해 있어 단기 상승 여력이 제한적일 수 있습니다."", ""최근 30일 이내 애널리스트 리포트에서 제시된 목표주가(1,200,000원, 1,150,000원)가 현재가보다 낮아 하방 압력이 존재합니다."", ""PER(117.8) 및 PBR(6.69) 지표가 다소 높은 수준으로 밸류에이션 부담이 존재합니다.""]",3.6420366727802107,4.474506238218937,8.941083820038939,7.111645353218017
207940,삼성바이오로직스,2024-10-02,1470272,Neutral,60,"[""최근 1개월 수익률이 마이너스를 기록하고 거래량 변화율도 감소하여 단기적인 하락 압력이 존재합니다."", ""52주 최고가 대비 현재 위치가 73% 수준으로 여전히 상승 여력이 남아있으나, PER과 PBR 지표가 다소 높은 편입니다."", ""최근 애널리스트 리포트에서 목표주가를 현재가보다 낮게 제시하여 투자 심리에 부정적인 영향을 줄 수 있습니다.""]",3.703736451486528,1.8018434684194489,1.6186762695983021,1.0523425519736334
207940,삼성바이오로직스,2024-11-01,1496764,Sell,75,"[""최근 30일간 발표된 애널리스트 리포트들의 목표주가가 현재가 대비 하향 조정되었으며, 평균 목표주가 또한 현재가보다 낮습니다."", ""PER 121.9, PBR 6.92 등 재무지표상 밸류에이션 부담이 높은 수준입니다."", ""최근 1개월 수익률은 소폭 상승했으나, 거래량 변화율이 크게 하락한 점은 투자 심리 위축 가능성을 시사합니다.""]",-0.9833213519298967,-4.523157959437827,1.2303002813837358,0.6715719910830282
207940,삼성바이오로직스,2024-12-02,1423176,Neutral,55,"[""삼성바이오로직스의 현재 PER과 PBR은 다소 높은 수준으로 밸류에이션 부담이 존재합니다."", ""최근 1개월 수익률이 마이너스를 기록하며 단기적인 약세 흐름을 보이고 있습니다."", ""하지만 52주 최고가 대비 현재 위치가 69.5%로 여전히 상승 여력이 남아있으며, 거래량 변화율이 긍정적인 점은 향후 반등 가능성을 시사합니다.""]",-0.8273045638768501,-2.792135336739799,2.46296382538757,-0.4650284210164348
207940,삼성바이오로직스,2025-01-02,1383439,Neutral,60,"[""삼성바이오로직스의 현재가는 52주 최고가 대비 하락한 위치에 있으며, 최근 1개월 수익률과 거래량 변화율이 부정적인 흐름을 보이고 있습니다."", ""하지만 PER, PBR, ROE 등 재무 지표는 바이오 섹터 내에서 비교적 양호한 수준을 유지하고 있으며, 시가총액 규모가 큰 대형주로서 시장 전반의 흐름에 영향을 받을 가능성이 높습니다."", ""기술적 지표는 하락 추세를 시사하지만, 재무적 안정성과 향후 성장 가능성에 대한 기대감이 상존하여 명확한 매수 또는 매도 신호를 판단하기에는 정보가 다소 불충분합니다.""]",6.3830064064985885,15.851078363411759,3.3583372936693343,11.967658759165921
207940,삼성바이오로직스,2025-02-03,1577710,Sell,75,"[""현재 주가는 52주 최고가에 근접해 있으며, 기술적 과열 가능성이 있습니다."", ""최근 애널리스트 리포트들의 목표주가가 현재가 대비 하락 가능성을 시사하고 있습니다."", ""PER, PBR 지표가 다소 높은 수준으로 밸류에이션 부담이 존재합니다.""]",9.514929866705542,6.623080287251776,7.203601699206775,3.5429212021122116
207940,삼성바이오로직스,2025-03-04,1682203,Buy,75,"[""삼성바이오로직스는 52주 최고가 대비 현재 위치가 85.8%로, 상승 여력이 남아있음을 시사합니다."", ""최근 1개월 수익률이 3.61%로 양호한 흐름을 보이고 있으며, 이는 단기적인 매수세가 유입되고 있음을 나타냅니다."", ""거래량 변화율이 0.59%로 큰 변동은 없으나, 현재 주가 수준에서 매물 부담이 크지 않음을 예상해 볼 수 있습니다.""]",-5.599264773633147,-8.136473422054294,-6.2516944781438655,-6.093183987975495
207940,삼성바이오로직스,2025-04-01,1545331,Neutral,60,"[""현재가 52주 최고가 대비 하락한 위치에 있으나, 52주 최저가 대비로는 높은 수준을 유지하고 있어 상승 및 하락 요인이 혼재합니다."", ""최근 1개월 수익률이 마이너스이고 거래량 변화율도 감소한 점은 단기적인 하락 압력을 시사합니다."", ""PER, PBR 등 재무 지표는 다소 높은 편이나, 바이오 산업의 성장성을 고려할 때 추가적인 상승 여력도 배제할 수 없어 명확한 방향성을 판단하기 어렵습니다.""]",-5.523800402632187,0.1905093471884017,2.942753993862441,-1.834743460231007
207940,삼성바이오로직스,2025-05-02,1532085,Sell,75,"[""최근 애널리스트 리포트에서 제시된 목표주가(130만~135만 원)가 현재가(153만 2,085원) 대비 하락 가능성을 시사하고 있습니다."", ""PER(104.9) 및 PBR(6.78) 지표가 상대적으로 높아 밸류에이션 부담이 존재합니다."", ""최근 1개월 수익률(3.33%)은 긍정적이나, 52주 최고가 대비 현재 위치(78.2%)는 추가 상승 여력에 대한 의문을 제기합니다.""]",-3.4581632220144445,-2.1133292212899413,-6.05238188702338,-11.370070226807075
207940,삼성바이오로직스,2025-06-02,1521783,Sell,75,"[""최근 1개월 수익률이 마이너스를 기록하며 단기적인 하락 압력이 감지됩니다."", ""다수의 애널리스트 리포트에서 제시된 목표주가(130만~135만원)가 현재가(152만1783원) 대비 하락 가능성을 시사합니다."", ""PER 99.7배는 현재 시장에서 높은 밸류에이션을 받고 있음을 나타내며, 이는 향후 조정 가능성을 높이는 요인입니다.""]",-0.48351177533196255,0.9671549754465649,-5.867799572534256,-11.499461646227722
207940,삼성바이오로직스,2025-07-01,1484990,Neutral,60,"[""삼성바이오로직스의 현재 PER은 97.0으로 다소 높은 편이며, 이는 시장 평균 대비 고평가 가능성을 시사합니다."", ""최근 1개월 수익률이 -2.24%로 소폭 하락세를 보이고 있으며, 거래량 변화율 또한 -24.79%로 감소하여 단기적인 투자 심리가 위축되었음을 나타냅니다."", ""하지만 52주 최고가 대비 현재 위치가 60.3%로 여전히 상승 여력이 남아있으며, 바이오 산업의 성장성과 삼성바이오로직스의 경쟁력을 고려할 때 하락보다는 횡보 또는 완만한 상승 가능성도 배제할 수 없습니다.""]",0.8919251981494825,8.820598118505849,-1.0163302505246845,2.98624041491633
207940,삼성바이오로직스,2025-08-01,1542388,Sell,75,"[""최근 30일간 발표된 애널리스트 리포트들의 목표주가가 현재가 대비 하향 조정되었으며, 평균 목표주가 또한 현재가보다 낮습니다."", ""최근 1개월 수익률이 소폭 하락세를 보이고 있어 단기적인 투자 심리가 위축될 가능성이 있습니다."", ""PER 100배는 높은 수준으로, 향후 실적 성장률이 이를 뒷받침하지 못할 경우 주가 조정 압력이 발생할 수 있습니다.""]",-1.5267234962927616,-4.866414935800849,-3.4017135685666076,-5.647925538612379
207940,삼성바이오로직스,2025-09-01,1467329,Neutral,60,"[""현재가 기준 52주 최고가 대비 하락폭이 존재하나, 최근 1개월 수익률 및 거래량 변화율은 하락세를 시사합니다."", ""PER, PBR 지표는 다소 높은 수준으로 밸류에이션 부담이 존재할 수 있습니다."", ""ROE는 낮은 수준으로 수익성 개선 여부가 불확실하며, 기술적 지표와 재무 지표 간 상반된 신호가 혼재하여 명확한 방향성을 판단하기 어렵습니다.""]",4.413188862211542,0.0,1.6486767497397063,-7.95151859031948
207940,삼성바이오로직스,2025-10-01,1484990,Neutral,60,"[""최근 1개월 수익률이 0.80%로 소폭 상승했으나, 52주 최고가 대비 현재 위치가 33.1%로 여전히 높은 편입니다."", ""PER 97.2, PBR 6.28 등 재무 지표상 고평가 논란이 존재하며, ROE 6.5%는 기대 수익률 대비 낮은 수준입니다."", ""최근 애널리스트 리포트에서 목표주가 1,300,000원을 제시하며 현재가 대비 하락 가능성을 시사하고 있으나, 미국 최대 규모 수주와 같은 긍정적인 모멘텀도 존재하여 상승 및 하락 요인이 혼재합니다.""]",12.289375686031557,21.01091589842356,6.677986109196152,7.564543325372096
207940,삼성바이오로직스,2025-11-03,1797000,Sell,75,"[""최근 30일간 애널리스트 리포트에서 제시된 목표주가 평균이 현재가 대비 하락 가능성을 시사하고 있습니다."", ""현재가가 52주 최고가에 근접한 수준으로, 단기 차익 실현 매물이 출회될 가능성이 있습니다."", ""최근 1개월 수익률이 높고 거래량 변화율이 큰 점은 단기 급등 후 조정 가능성을 내포하고 있습니다.""]",0.0,-7.957707289927657,0.37241553324565485,-4.881094014951556
207940,삼성바이오로직스,2025-12-01,1654000,Buy,75,"[""최근 2건의 애널리스트 리포트 모두 긍정적인 전망과 함께 높은 목표주가를 제시하고 있어 향후 상승 여력이 충분하다고 판단됩니다."", ""현재가는 52주 최고가 대비 약 8.6% 하락한 수준으로, 단기적인 조정 이후 반등 가능성이 있습니다."", ""최근 1개월 수익률이 마이너스이나, 이는 단기적인 수급 요인일 수 있으며, 장기적인 성장성을 고려할 때 매수 기회로 작용할 수 있습니다.""]",0.36275695284159615,1.7533252720677146,-3.3574584201436712,-6.124159439804591
068270,셀트리온,2023-01-02,146272,Neutral,55,"[""현재가 52주 최고가 대비 하락폭이 크지만, 최근 1개월 수익률 하락과 거래량 변화율 감소는 부정적인 신호로 해석될 수 있습니다."", ""PER, PBR 지표는 다소 높은 편이나 ROE가 양호하여 밸류에이션 부담이 과도하다고 단정하기는 어렵습니다."", ""기술적 지표상 52주 내 현재 위치가 중간보다 낮은 편이지만, 최근 시장 수익률 대비 초과 상승 또는 하락을 명확히 지지할 만한 강력한 모멘텀이 부족합니다.""]",3.7737912929337125,6.541238241085101,-2.2040874457757957,-4.735737257860232
068270,셀트리온,2023-02-01,155840,Neutral,60,"[""최근 1개월 수익률은 긍정적이나, 거래량 변화율은 감소 추세를 보여 투자 심리가 위축될 가능성이 있습니다."", ""PER과 PBR 지표는 다소 높은 수준으로, 현재가 대비 추가 상승 여력이 제한적일 수 있습니다."", ""애널리스트 리포트에서 목표주가 상향 가능성을 제시하고 있으나, 4분기 실적에 대한 아쉬움도 언급되어 불확실성이 존재합니다.""]",-2.2433264887063658,-11.098562628336756,-2.755299529113347,-9.60760316493635
068270,셀트리온,2023-03-02,138544,Neutral,60,"[""최근 1개월 수익률이 -11.08%로 하락세를 보이고 있으나, 거래량 변화율이 57.92%로 크게 증가하여 투자자들의 관심이 집중되고 있음을 시사합니다."", ""현재가(138,544원)는 52주 최저가(124,949원) 대비 약 10.8% 상승한 수준으로, 추가 하락보다는 반등 가능성을 열어두고 있습니다."", ""PER(31.1)과 PBR(7.24) 지표는 다소 높은 편이나, ROE(23.2%)가 양호하여 기업의 수익성을 고려할 때 현재 주가 수준이 과도하게 고평가되었다고 단정하기 어렵습니다.""]",2.7226007622127266,-0.5312391731146784,4.263674826692779,-2.3728802443009505
068270,셀트리온,2023-04-03,146272,Buy,75,"[""최근 30일 내 애널리스트 리포트에서 제시된 목표주가들이 현재가 대비 상당한 상승 여력을 시사하고 있습니다."", ""서정진 회장의 복귀와 신규 승인 및 허가 제출 파이프라인에 대한 긍정적인 전망이 주가 상승 모멘텀으로 작용할 가능성이 높습니다."", ""현재 주가는 52주 최고가 대비 하락한 위치에 있어 기술적 반등 가능성이 존재하며, 최근 거래량 변화율이 긍정적인 신호를 보이고 있습니다.""]",7.421105884926712,0.0,4.705938439522344,-0.8421655224127245
068270,셀트리온,2023-05-02,146272,Buy,75,"[""최근 애널리스트 리포트들이 긍정적인 전망과 함께 목표주가를 상향 제시하고 있어 단기 상승 모멘텀이 기대됩니다."", ""최근 1개월 수익률이 7.08%로 양호하며, 거래량 변화율도 11.80%로 증가 추세를 보이고 있어 투자 심리가 개선되고 있음을 시사합니다."", ""현재 주가가 52주 최고가 대비 약 22% 하락한 수준으로, 밸류에이션 부담이 상대적으로 낮아져 추가 상승 여력이 존재할 수 있습니다.""]",6.03806606869394,9.119995624589805,6.453833239078528,5.123833475393354
068270,셀트리온,2023-06-01,159612,Buy,75,"[""최근 1개월 수익률이 9.22%로 양호하며, 52주 최고가 대비 현재 위치가 52.0%로 상승 여력이 남아있습니다."", ""최근 30일간 애널리스트 리포트에서 제시된 목표주가가 현재가 대비 상당한 상승 여력을 시사하며, 신제품 출시 및 수익성 개선 전망이 긍정적입니다."", ""PER, PBR 지표는 다소 높은 편이나 ROE가 20.2%로 견조한 수익성을 보여주고 있어, 성장성을 고려할 때 현재 주가 수준이 과도하다고 단정하기 어렵습니다.""]",-3.7465854697641783,-12.623111044282384,-4.822561113273719,-12.665781032288645
068270,셀트리온,2023-07-03,137901,Buy,75,"[""최근 1개월 수익률이 마이너스였으나, 52주 최저가 대비 현재 위치가 12.9%로 반등 가능성이 존재합니다."", ""애널리스트 리포트에서 목표주가 240,000원을 제시하며 현재 주가 대비 상승 여력을 시사하고 있습니다."", ""거래량 변화율이 12.08%로 긍정적인 움직임을 보이고 있어 투자 심리 개선에 대한 기대감을 높입니다.""]",-2.2015793939130246,0.7331346400678748,-1.013136824378331,-2.111106889097563
068270,셀트리온,2023-08-01,136153,Buy,75,"[""최근 애널리스트 리포트에서 제시된 목표주가들이 현재가 대비 상당한 상승 여력을 시사하고 있습니다."", ""최근 1개월 수익률은 소폭 하락했으나, 거래량 변화율이 26.78%로 증가한 점은 투자자들의 관심이 다시 유입되고 있음을 나타냅니다."", ""52주 최저가 대비 현재 위치가 13.8%로, 추가 하락보다는 반등 가능성이 상대적으로 높아 보입니다.""]",4.6616673888933775,-2.770412697480041,5.0954579540441305,-0.46960282769365636
068270,셀트리온,2023-09-01,133852,Neutral,60,"[""셀트리온-헬스케어 합병 이슈가 주가에 영향을 미칠 수 있으나, 합병 시점 및 결과에 대한 불확실성이 존재합니다."", ""최근 1개월 수익률이 마이너스를 기록하고 거래량 변화율도 감소하는 등 단기적인 투자 심리가 위축된 모습을 보입니다."", ""애널리스트 리포트에서 제시된 목표주가는 현재가 대비 상승 여력을 시사하지만, 2분기 실적에 대한 아쉬움도 언급되어 있어 뚜렷한 상승 모멘텀을 확신하기 어렵습니다.""]",2.612587036428294,-5.841526462062577,3.683179596061502,0.9612051546598765
068270,셀트리온,2023-10-04,121250,Neutral,60,"[""현재가가 52주 최저가에 근접해 있어 하방 경직성이 기대되지만, 최근 1개월 수익률이 마이너스이고 거래량 변화율이 크게 감소한 점은 투자 심리 위축을 시사합니다."", ""PER과 PBR 지표는 다소 높은 편으로, 현재 주가가 기업 가치 대비 고평가되었을 가능성을 배제할 수 없습니다."", ""ROE는 양호한 수준이지만, 단기적인 시장 상황 및 투자 심리 변화에 따라 주가 방향성이 불확실하여 명확한 매수 또는 매도 신호를 판단하기 어렵습니다.""]",9.18020618556701,13.73278350515464,6.993902308049945,15.199749722495286
068270,셀트리온,2023-11-01,137808,Buy,75,"[""최근 애널리스트 리포트에서 합병 성공에 대한 강한 확신과 긍정적인 실적 전망이 제시되었으며, 목표주가가 현재가 대비 상당한 상승 여력을 시사하고 있습니다."", ""최근 1개월 수익률이 9.37%로 양호한 흐름을 보이고 있으며, 거래량 변화율이 43.02%로 증가하는 것은 투자자들의 관심이 높아지고 있음을 나타냅니다."", ""현재가 137,808원은 52주 최저가 121,250원 대비 상승한 위치에 있으며, 52주 최고가 170,144원까지는 아직 상승 여력이 남아있습니다.""]",5.474283060489957,8.745500986880298,1.8910265478060122,0.5440431016674161
068270,셀트리온,2023-12-01,149584,Buy,75,"[""최근 3건의 애널리스트 리포트 모두 긍정적인 전망과 함께 목표주가를 제시하고 있으며, 이는 향후 주가 상승에 대한 기대감을 높입니다."", ""최근 1개월 수익률이 8.88%로 양호한 흐름을 보이고 있으며, 거래량 변화율도 15.46%로 증가 추세를 나타내고 있어 투자 심리가 개선되고 있음을 시사합니다."", ""현재 주가가 52주 최고가 대비 약 10% 하락한 수준으로, 향후 상승 여력이 남아있다고 판단됩니다.""]",9.286421007594395,34.07115734303134,8.872496277480463,31.20549400976427
068270,셀트리온,2024-01-02,212969,Buy,75,"[""셀트리온은 52주 최고가에 도달했으며, 최근 1개월 수익률이 43.17%로 매우 강한 상승세를 보이고 있습니다."", ""거래량 변화율이 97.45%로 급증하며 투자자들의 관심이 집중되고 있음을 시사합니다."", ""ROE가 20.2%로 양호한 수준이며, 이는 기업의 수익 창출 능력이 뒷받침되고 있음을 나타냅니다.""]",-11.01521817729341,-22.376026557855837,-8.509570594152168,-18.148681132877613
068270,셀트리온,2024-02-01,169271,Neutral,60,"[""최근 1개월 수익률이 -22.81%로 크게 하락했으나, 이는 단기적인 조정일 가능성도 있습니다."", ""PER, PBR 지표는 다소 높은 편이지만 ROE가 20.2%로 양호하여 기업의 수익성은 뒷받침되고 있습니다."", ""52주 최고가 대비 현재 위치가 47.0%로, 상승 여력과 하락 위험이 공존하는 구간으로 판단됩니다."", ""최근 30일 내 애널리스트 리포트가 '셀트리온 주가 급등 관련 코멘트'로만 제한적이며, 구체적인 목표주가나 투자 의견이 없어 명확한 방향성을 제시하기 어렵습니다.""]",1.9022750500676429,-1.8479243343514247,0.5896199537310738,-2.8489528931073593
068270,셀트리온,2024-03-04,161728,Neutral,55,"[""현재가 161,728원은 52주 최고가 대비 약 24% 하락한 수준으로, 추가 하락보다는 반등 가능성을 시사합니다."", ""최근 1개월 수익률이 -1.95%로 소폭 하락했으나, 거래량 변화율이 -22.78%로 크게 감소한 점은 매도세가 약화되었음을 나타낼 수 있습니다."", ""PER 41.6, PBR 8.41은 다소 높은 수준이지만, ROE 20.2%는 양호한 수익성을 보여주고 있어 밸류에이션 부담과 성장성을 동시에 고려해야 합니다.""]",3.355634151167392,4.550232489117531,2.132338310599722,0.6338740683430251
068270,셀트리온,2024-04-01,169087,Buy,75,"[""최근 1개월 수익률이 4.67%로 양호하며, 거래량 변화율도 7.26%로 긍정적인 흐름을 보이고 있습니다."", ""애널리스트 리포트에서 하반기 짐펜트라 출시 및 2024년 실적 개선 전망과 함께 목표주가가 현재가 대비 높게 제시되고 있습니다."", ""현재 주가는 52주 최고가 대비 약 20% 하락한 수준으로, 기술적으로 반등 가능성이 존재합니다.""]",-1.3602465003223194,2.0131648204770323,0.38320466125201724,4.53790003383186
068270,셀트리온,2024-05-02,173871,Buy,75,"[""애널리스트 리포트에서 긍정적인 전망과 함께 목표주가가 현재가 대비 높게 제시되고 있습니다."", ""52주 최고가 대비 현재 위치가 중간 수준으로, 추가 상승 여력이 존재할 수 있습니다."", ""최근 1개월 수익률은 소폭 하락했으나, 2분기 짐펜트라 매출 확인 기대감은 단기적인 상승 모멘텀을 제공할 수 있습니다.""]",0.9524302500129407,-0.47621512500647034,-0.9372593970432428,0.06663166367930995
068270,셀트리온,2024-06-03,173043,Buy,75,"[""최근 애널리스트 리포트들이 일관되게 긍정적인 전망과 함께 상향된 목표주가를 제시하고 있습니다."", ""2025년부터 이익 레벨이 달라질 것이라는 전망과 합병 효과에 대한 기대감이 주가 상승 모멘텀으로 작용할 수 있습니다."", ""현재 주가가 52주 최고가 대비 약 47.3% 수준에 위치하며, 추가 상승 여력이 존재한다고 판단됩니다.""]",-0.2658298804343429,-3.349456493472721,-2.7477050917336996,-8.304567120421382
068270,셀트리온,2024-07-01,169731,Buy,75,"[""최근 애널리스트 리포트에서 긍정적인 목표주가 상향 조정과 함께 짐펜트라 런칭 성과에 대한 기대감이 나타나고 있습니다."", ""최근 1개월 수익률이 3.84%로 양호하며, 거래량 변화율이 35.28%로 증가하는 것은 투자 심리 개선 및 매수세 유입 가능성을 시사합니다."", ""현재가는 52주 최고가 대비 약 20% 하락한 수준으로, 기술적으로는 반등 가능성이 열려 있으며 52주 내 중간 지점 이상에 위치하고 있습니다.""]",1.4634922318256536,13.279247750852821,-1.6477755054930168,14.813665161294198
068270,셀트리온,2024-08-01,178102,Buy,75,"[""최근 1개월 수익률이 10.01%로 양호한 흐름을 보이고 있으며, 거래량 변화율도 29.96%로 긍정적인 수급 신호를 나타내고 있습니다."", ""52주 최고가 대비 현재 위치가 68.4%로, 아직 상승 여력이 남아있음을 시사합니다."", ""최근 애널리스트 리포트에서 2분기 실적에 대한 긍정적인 전망과 함께 높은 목표주가(270,000원)를 제시하고 있어 향후 주가 상승에 대한 기대감을 높입니다.""]",1.2397390259514212,1.8079527461791558,4.519027865682539,1.628219618112765
068270,셀트리온,2024-09-02,181231,Buy,75,"[""최근 애널리스트 리포트에서 짐펜트라의 미국 시장 진출 본격화 및 2분기 호실적을 바탕으로 긍정적인 전망과 함께 목표주가가 현재가 대비 상향 조정되었습니다."", ""최근 1개월 수익률은 소폭 하락했으나, 52주 최고가 대비 현재 위치가 65.5%로 여전히 상승 여력이 존재하며, 거래량 변화율이 17.78%로 증가하는 추세는 긍정적인 신호로 해석될 수 있습니다."", ""PER, PBR 지표는 다소 높은 편이나, 바이오 섹터의 특성상 성장성을 고려할 때 현재 주가 수준이 과도하다고 단정하기는 어렵습니다.""]",-0.6097190877940308,-2.944308644768279,4.689328059464698,-0.3071695297691992
068270,셀트리온,2024-10-02,177275,Neutral,60,"[""최근 1개월 수익률이 마이너스이고 거래량 변화율도 감소하는 등 단기적인 하락 압력이 존재합니다."", ""하지만 52주 최고가 대비 현재 위치가 59.4%로 여전히 상승 여력이 남아있으며, 목표주가 260,000원을 제시한 애널리스트 리포트가 긍정적인 요인으로 작용할 수 있습니다."", ""재무 지표상 PER이 다소 높은 편이나, 바이오 섹터의 특성을 고려할 때 성장성을 반영한 것으로 해석될 수 있어 명확한 매수 또는 매도 신호를 판단하기에는 정보가 다소 불충분합니다.""]",1.6082357918488226,-2.750528839373854,-0.47682439003940313,-3.5000297558196696
068270,셀트리온,2024-11-01,172399,Neutral,55,"[""현재가 172,399원은 52주 최고가 대비 약 19% 하락한 수준으로, 기술적 반등 가능성과 추가 하락 가능성이 공존합니다."", ""최근 1개월 수익률이 -7.32%로 하락세를 보이고 있으며, 거래량 변화율 또한 -16.68%로 감소하여 투자 심리가 위축된 것으로 판단됩니다."", ""PER 44.3, PBR 2.16은 다소 높은 수준으로 밸류에이션 부담이 존재하나, ROE 4.9%는 낮은 편으로 재무적 매력도가 높다고 보기는 어렵습니다.""]",-7.0974889645531585,-1.4942082030638228,-4.883867331239526,3.7005217474570324
068270,셀트리온,2024-12-02,171939,Buy,75,"[""최근 애널리스트 리포트에서 제시된 목표주가(240,000원 ~ 260,000원)가 현재가(171,939원) 대비 상당한 상승 여력을 시사하고 있습니다."", ""최근 1개월 수익률이 1.93%로 소폭 상승세를 보이고 있으며, 거래량 변화율도 10.97%로 긍정적인 움직임을 나타내고 있습니다."", ""52주 최고가 대비 현재 위치가 36.5%로, 아직 상승 여력이 남아있다는 분석이 가능합니다.""]",-2.5683527297471778,1.341173323097145,0.7219156595172427,3.6682802388205094
068270,셀트리온,2025-01-02,174245,Neutral,60,"[""현재가 174,245원은 52주 최고가 대비 약 18% 하락한 수준으로, 추가 하락보다는 반등 가능성을 시사합니다."", ""최근 1개월 수익률이 0.95%로 소폭 상승했으나, 거래량 변화율이 59.12%로 크게 증가한 점은 투자 심리 변화를 나타낼 수 있습니다."", ""PER 46.2, PBR 2.25, ROE 4.9% 등의 재무 지표는 현재 주가가 고평가되었거나 성장성이 기대만큼 높지 않음을 시사하며, 이는 상승을 제한하는 요인이 될 수 있습니다.""]",2.321443943872134,0.05509483772848575,-0.7032251689571201,-3.8283247665173508
068270,셀트리온,2025-02-03,170873,Neutral,55,"[""현재가는 52주 최고가 대비 하락한 수준이나, 최저가 대비로는 상당한 상승 여력을 보여주고 있습니다."", ""최근 1개월 수익률이 마이너스이고 거래량 변화율도 크게 감소한 점은 단기적인 투자 심리 위축을 시사합니다."", ""PER, PBR, ROE 등 재무 지표는 시장 평균 대비 고평가 또는 저평가 여부를 명확히 판단하기 어려운 수준으로, 추가적인 모멘텀이 필요합니다.""]",1.2968696049112498,4.11533712172198,-1.0144585625875162,1.035178036582416
068270,셀트리온,2025-03-04,177905,Buy,75,"[""최근 애널리스트 리포트에서 제시된 목표주가들이 현재가 대비 상당한 상승 여력을 시사하고 있습니다."", ""유럽 및 미국 시장에서의 동반 성장 전망과 수익성 개선 기대감이 긍정적인 투자 심리를 유발할 수 있습니다."", ""최근 1개월 수익률이 소폭 상승했으며, 거래량 변화율이 높은 것은 시장의 관심이 증가하고 있음을 나타냅니다.""]",1.1910851297040554,-8.12118827464096,0.5386554251933365,-6.0778988405621615
068270,셀트리온,2025-04-01,163457,Neutral,60,"[""현재가 52주 최저가 대비 높은 수준이나 최고가 대비로는 하락한 상태로, 기술적 반등 가능성과 추가 하락 가능성이 혼재합니다."", ""최근 1개월 수익률이 마이너스이고 거래량 변화율도 감소하여 단기적인 투자 심리가 위축된 것으로 보입니다."", ""재무지표 상 PER이 높아 고평가 논란이 있을 수 있으나, 바이오 섹터의 특성상 신약 개발 등 미래 성장성에 대한 기대감이 주가에 반영될 수 있어 명확한 방향성 판단이 어렵습니다.""]",-8.957095749952588,-4.949925668524443,-0.4905413534579601,-6.975178475943852
068270,셀트리온,2025-05-02,154403,Neutral,60,"[""최근 1개월 수익률이 마이너스를 기록하며 단기적인 하락 압력이 존재합니다."", ""애널리스트 리포트에서 1분기 실적에 대한 아쉬움이 언급되었으나, 하반기 성장 기대감과 상향된 목표주가는 긍정적인 요인입니다."", ""현재가는 52주 최저가 대비 높은 수준이지만, 최고가 대비로는 상당한 하락폭을 보여 투자 방향성을 명확히 판단하기 어렵습니다.""]",-3.7434505806234335,1.7467277190210035,-6.337669245632369,-7.51001328649613
068270,셀트리온,2025-06-02,154595,Buy,75,"[""최근 애널리스트 리포트에서 제시된 목표주가(220,000원 ~ 230,000원)가 현재가(154,595원) 대비 상당한 상승 여력을 시사합니다."", ""최근 1개월 수익률은 소폭 하락했으나, 거래량 변화율이 14.64%로 증가한 점은 투자 심리 개선 가능성을 보여줍니다."", ""52주 최저가 대비 현재 위치가 19.2%로, 저점 대비 반등 가능성이 존재하며, 52주 최고가와의 격차도 충분합니다.""]",6.018952747501536,11.452504932242311,0.6346649502992419,-1.0141116894319762
068270,셀트리온,2025-07-01,168900,Neutral,60,"[""최근 1개월 수익률은 긍정적이나, 거래량 변화율이 감소하고 있어 상승 동력이 약화될 수 있습니다."", ""현재 주가는 52주 최고가 대비 하락한 위치에 있으나, 최저가 대비로는 상당한 상승을 보였습니다."", ""재무 지표상 PER이 높아 밸류에이션 부담이 존재하며, ROE는 낮은 수준으로 수익성이 개선될 여지가 필요합니다.""]",4.262877442273535,6.631142687981054,2.354621993599368,0.7967849843915351
068270,셀트리온,2025-08-01,173900,Buy,75,"[""최근 애널리스트 리포트들이 일관되게 긍정적인 전망과 함께 목표주가를 현재가 대비 상향 제시하고 있습니다."", ""2분기 실적에 대한 예상치 부합 및 점진적인 회복, 수익성 개선세 진입 전망은 단기적인 주가 상승 모멘텀을 제공할 수 있습니다."", ""현재가는 52주 최고가 대비 약 9.5% 하락한 수준으로, 기술적으로는 반등 가능성이 열려 있습니다.""]",-0.5175388154111558,-1.5526164462334675,-2.3925288876850015,-2.3341270490449966
068270,셀트리온,2025-09-01,171200,Buy,75,"[""최근 애널리스트 리포트에서 제시된 목표주가(220,000원 ~ 230,000원)가 현재가(171,200원) 대비 상당한 상승 여력을 시사하고 있습니다."", ""최근 1개월 수익률이 마이너스(-)를 기록하며 단기적인 조정이 있었으나, 이는 향후 반등의 기회가 될 수 있습니다."", ""기술적 지표상 52주 최저가 대비 현재 위치가 55.1%로, 상승 추세 전환 시 추가적인 상승 모멘텀을 기대할 수 있습니다.""]",-0.9929906542056074,1.2850467289719625,-3.757502766677443,-6.666471861347517
068270,셀트리온,2025-10-01,175400,Buy,75,"[""최근 애널리스트 리포트에서 미국 생산기지 확보로 인한 관세 불확실성 해소 및 성장 동력 확보에 대한 긍정적인 전망이 제시되었습니다."", ""현재가는 52주 최고가 대비 약 6.7% 하락한 수준으로, 기술적으로는 반등 가능성이 존재합니다."", ""최근 1개월 수익률이 소폭 상승했으며, 거래량 변화율이 높아 투자자들의 관심이 증가하고 있음을 시사합니다.""]",0.34207525655644244,-0.3990877993158495,-5.269314320278962,-13.845460372367311
068270,셀트리온,2025-11-03,176300,Neutral,60,"[""현재가 52주 최고가 대비 하락한 위치에 있으나, 52주 최저가 대비로는 높은 수준으로 상승 여력과 하락 위험이 공존합니다."", ""최근 1개월 수익률이 소폭 하락했으나 거래량 변화율이 긍정적인 점은 향후 변동성을 시사합니다."", ""애널리스트 리포트에서 실적 성장을 긍정적으로 전망하며 목표주가를 제시했으나, 단기적인 시장 방향성을 판단하기에는 정보가 제한적입니다.""]",-1.9852524106636416,4.480998298355077,-1.6128368774179866,7.557611573331178
068270,셀트리온,2025-12-01,184200,Buy,85,"[""최근 애널리스트 리포트에서 일관되게 긍정적인 전망과 함께 목표주가가 현재가 대비 상승 여력을 시사하고 있습니다."", ""최근 1개월 수익률이 5.81%로 양호하며, 거래량 변화율이 81.74%로 높아 투자자들의 관심이 증가하고 있음을 보여줍니다."", ""52주 최고가 대비 현재 위치가 79.3%로, 아직 최고가에 도달하지 않아 추가 상승 가능성이 존재합니다.""]",1.6829533116178068,9.93485342019544,-2.0372620613674606,2.0573687083231347
373220,LG에너지솔루션,2023-01-02,440500,Neutral,55,"[""최근 1개월 수익률이 -23.76%로 크게 하락하며 단기적인 하방 압력을 시사합니다."", ""52주 최고가 대비 현재 위치가 33.6%로, 여전히 높은 밸류에이션 부담이 존재합니다."", ""하지만 전기차 시장의 장기적인 성장 전망과 LG에너지솔루션의 시장 지배력을 고려할 때, 급격한 추가 하락보다는 횡보 또는 완만한 반등 가능성도 배제할 수 없습니다.""]",7.491486946651532,20.998864926220204,1.513608207942024,9.72188942727487
373220,LG에너지솔루션,2023-02-01,533000,Buy,75,"[""최근 1개월 수익률이 19.86%로 강한 상승세를 보이고 있으며, 거래량 변화율도 20.10%로 긍정적인 흐름을 나타내고 있습니다."", ""애널리스트 리포트에서 제시된 목표주가 평균이 현재가 대비 상승 여력을 시사하며, 2023년에도 2차전지 시장을 주도할 것이라는 전망이 우세합니다."", ""52주 최고가 대비 현재 위치가 61.9%로, 아직 상승 여력이 남아있다고 판단됩니다.""]",3.189493433395872,0.9380863039399625,2.677520392988891,2.4290457673403685
373220,LG에너지솔루션,2023-03-02,538000,Buy,75,"[""최근 2건의 애널리스트 리포트 모두 긍정적인 전망과 함께 목표주가를 현재가 대비 상향 제시하고 있습니다."", ""현재가는 52주 최고가 대비 약 13.2% 하락한 수준으로, 추가 상승 여력이 존재한다고 판단됩니다."", ""최근 1개월 수익률이 소폭 상승세를 보이고 있으며, 이는 단기적인 매수세 유입 가능성을 시사합니다.""]",2.41635687732342,8.550185873605948,3.957430941803473,6.708544802419675
373220,LG에너지솔루션,2023-04-03,575000,Buy,80,"[""최근 애널리스트 리포트에서 목표주가가 현재가 대비 상향 조정되었으며, 긍정적인 전망이 다수 제시되었습니다."", ""최근 1개월 수익률이 8.92%로 양호하며, 거래량 변화율도 19.57%로 증가 추세를 보이고 있어 투자 심리가 개선되고 있음을 시사합니다."", ""52주 최고가 대비 현재 위치가 85.8%로, 상승 여력이 남아있다는 분석이 가능합니다.""]",6.086956521739131,-1.391304347826087,3.371789076334762,-2.233469870238811
373220,LG에너지솔루션,2023-05-02,567000,Buy,85,"[""최근 애널리스트 리포트들이 전반적으로 긍정적인 실적 전망과 목표주가 상향을 제시하고 있습니다."", ""52주 최고가 대비 현재 위치가 높아 추가 상승 여력이 제한적일 수 있으나, 여전히 52주 최고가에 근접한 수준으로 강한 상승 모멘텀을 시사합니다."", ""최근 1개월 수익률이 소폭 상승세를 보이고 있으며, 거래량 변화율은 음수이나 이는 단기적인 조정일 가능성이 있습니다.""]",-2.4691358024691357,3.7037037037037033,-2.0533686320845472,-0.2924584454927479
373220,LG에너지솔루션,2023-06-01,588000,Buy,75,"[""LG에너지솔루션은 52주 최고가 대비 현재 위치가 85.1%로, 여전히 상승 여력이 남아있습니다."", ""최근 1개월 수익률이 0.52%로 소폭 상승세를 보이고 있으며, 애널리스트 리포트에서도 목표주가 상향 가능성을 제시하고 있습니다."", ""거래량 변화율이 -40.17%로 감소한 것은 단기적인 매도세가 약화되었음을 시사하며, 이는 향후 상승 전환의 신호일 수 있습니다.""]",4.081632653061225,-2.5510204081632653,3.005657009551684,-2.593690396169526
373220,LG에너지솔루션,2023-07-03,569000,Neutral,65,"[""최근 1개월 수익률이 소폭 하락했으나, 52주 최고가 대비 현재 위치가 높아 추가 상승 여력에 대한 의문이 존재합니다."", ""애널리스트 리포트에서 우호적인 업황을 언급하며 목표주가를 제시했지만, AMPC 불확실성이 상존하여 투자 심리에 영향을 줄 수 있습니다."", ""거래량 변화율이 높다는 점은 긍정적이나, 재무 지표상 PER이 높아 밸류에이션 부담이 존재하여 단기적인 방향성을 명확히 판단하기 어렵습니다.""]",-3.3391915641476277,-2.10896309314587,-2.1507489946129343,-4.953204622311308
373220,LG에너지솔루션,2023-08-01,544000,Buy,75,"[""최근 2분기 실적이 컨센서스를 하회했음에도 불구하고, 애널리스트들의 목표주가는 전반적으로 현재가 대비 높은 수준을 유지하고 있으며, 하반기 실적 개선 전망이 우세합니다."", ""52주 최고가 대비 현재 위치가 70.9%로, 여전히 상승 여력이 남아있다고 볼 수 있습니다."", ""최근 1개월 수익률은 소폭 하락했으나, 거래량 변화율이 97.57%로 크게 증가한 점은 투자자들의 관심이 다시 집중되고 있음을 시사합니다.""]",1.6544117647058825,0.0,2.0882023298566357,2.300809869786385
373220,LG에너지솔루션,2023-09-01,530000,Neutral,60,"[""LG에너지솔루션은 현재 52주 최고가 대비 약 15% 하락한 수준으로, 기술적으로는 반등 가능성이 있으나 최근 1개월 수익률이 마이너스이고 거래량 변화율도 감소하여 투자 심리가 위축된 것으로 보입니다."", ""PER 157.9, PBR 5.93, ROE 3.8% 등 재무 지표는 현재 주가가 고평가되었음을 시사하며, 이는 단기적인 상승을 제한하는 요인이 될 수 있습니다."", ""최근 애널리스트 리포트에서 목표주가 750,000원을 제시하며 긍정적인 전망을 내놓았으나, 이는 20거래일이라는 단기적인 관점에서는 불확실성을 내포하고 있습니다.""]",-4.150943396226415,-12.452830188679245,-3.0803508365932073,-5.650098571956792
373220,LG에너지솔루션,2023-10-04,467500,Neutral,65,"[""최근 1개월 수익률이 -17.54%로 하락세를 보이고 있으며, 거래량 변화율 또한 감소하여 단기적인 투자 심리가 위축된 것으로 판단됩니다."", ""하지만 52주 최고가 대비 현재 위치가 14.9%로 여전히 상승 여력이 남아있으며, 애널리스트 리포트에서 제시된 목표주가(660,000원, 761,000원)는 현재가 대비 높은 수준입니다."", ""PER, PBR 등 재무 지표는 다소 높은 편이나, 이는 성장주 특성을 반영하는 것으로 해석될 수 있으며, 향후 실적 개선 가능성에 따라 주가 반등을 기대해 볼 수 있습니다.""]",3.5294117647058822,-14.010695187165775,1.343107887188817,-12.543728969825128
373220,LG에너지솔루션,2023-11-01,391500,Neutral,65,"[""최근 1개월 수익률이 -20.61%로 부진했으나, 52주 최저가 대비 현재 위치가 0.0%로 바닥권에 근접한 것으로 보입니다."", ""애널리스트 리포트에서 제시된 목표주가 평균이 현재가 대비 상당한 상승 여력을 시사하지만, 전방 수요 약세 및 완성차 전동화 속도 조절 등 부정적인 요인도 함께 언급되고 있습니다."", ""PER, PBR 등 재무지표 상 고평가 논란이 있을 수 있으나, 시가총액 규모와 기술적 지표의 불확실성을 고려할 때 향후 20거래일 내 명확한 방향성을 판단하기에는 정보가 다소 상충됩니다.""]",9.578544061302683,16.091954022988507,5.995287548618738,7.890496137775624
373220,LG에너지솔루션,2023-12-01,430000,Buy,75,"[""최근 1개월 수익률이 9.45%로 양호하며, 52주 최고가 대비 하락폭이 제한적입니다."", ""최근 애널리스트 리포트들이 긍정적인 전망과 함께 목표주가를 상향 제시하고 있습니다."", ""거래량 변화율이 음수이나, 이는 단기적인 조정일 가능성이 있으며 전반적인 시장 및 섹터의 긍정적 흐름을 고려할 때 상승 여력이 있습니다.""]",-0.3488372093023256,-2.558139534883721,-0.7627619394162567,-5.423802868150791
373220,LG에너지솔루션,2024-01-02,416000,Neutral,60,"[""LG에너지솔루션은 현재 52주 최저가 대비 높은 수준에 위치해 있으나, 최근 1개월 수익률과 거래량 변화율이 부정적인 점은 하락 압력으로 작용할 수 있습니다."", ""PER, PBR 지표가 다소 높은 편으로 밸류에이션 부담이 존재하며, ROE는 낮은 수준으로 수익성이 개선될 여지가 필요합니다."", ""최근 애널리스트 리포트에서 4분기 실적 부진 가능성을 언급하며 목표주가를 제시했으나, 이는 향후 20거래일 내 상승/하락을 명확히 판단하기에는 불충분한 정보입니다.""]",-1.3221153846153846,-8.413461538461538,1.1835321985258576,-4.186116113483312
373220,LG에너지솔루션,2024-02-01,387500,Buy,75,"[""최근 애널리스트 리포트에서 목표주가가 현재가 대비 상승 여력을 시사하며, 일부 리포트에서는 단기 저점 접근을 언급하고 있습니다."", ""최근 1개월 수익률은 하락했으나, 52주 최저가 대비 현재 위치가 5.5%로 상대적으로 낮은 수준에 있어 기술적 반등 가능성이 있습니다."", ""거래량 변화율이 12.22%로 긍정적인 신호를 보이며, 이는 투자자들의 관심 증가 또는 매수세 유입 가능성을 나타냅니다.""]",1.5483870967741935,-0.12903225806451613,0.23573200043762443,-1.1300608168204507
373220,LG에너지솔루션,2024-03-04,387500,Neutral,60,"[""현재가 52주 최저가 대비 12.5% 상승했으나, 52주 최고가 대비로는 여전히 큰 하락폭을 보이고 있어 상승 여력과 하락 위험이 공존합니다."", ""최근 1개월 수익률은 긍정적이나, 거래량 변화율이 소폭 하락한 점은 투자 심리 위축 가능성을 시사합니다."", ""애널리스트 리포트에서 1분기 어려운 업황을 전망하며 목표주가를 제시했으나, 이는 단기적인 투자 방향을 명확히 판단하기에는 불충분한 정보입니다.""]",8.258064516129032,1.4193548387096775,7.034768675561362,-2.497003582064828
373220,LG에너지솔루션,2024-04-01,393000,Neutral,55,"[""LG에너지솔루션은 52주 최저가 대비 현재 위치가 11.3%로, 하락 후 반등 가능성을 시사하지만 52주 최고가 대비로는 여전히 큰 폭의 하락세를 보이고 있어 상승 여력이 제한적일 수 있습니다."", ""최근 1개월 수익률이 -1.49%로 소폭 하락했으며, 거래량 변화율 또한 -14.50%로 감소하여 단기적인 투자 심리가 위축되었음을 나타냅니다."", ""PER, PBR 등 재무 지표는 다소 높은 수준으로 평가되어 단기적인 급등보다는 안정적인 흐름을 예상하게 하지만, 전기차 및 배터리 산업의 장기적인 성장성은 긍정적인 요인으로 작용할 수 있습니다.""]",-4.8346055979643765,-1.0178117048346056,-3.09115443639004,1.5069235085202217
373220,LG에너지솔루션,2024-05-02,391000,Neutral,65,"[""최근 애널리스트 리포트들의 목표주가가 현재가 대비 상승 여력을 시사하지만, 1분기 실적 리뷰에서 '불확실한 수요 환경 지속'이라는 언급이 있어 단기 상승 모멘텀이 제한적일 수 있습니다."", ""현재가는 52주 최저가 대비 높은 수준이지만, 52주 최고가 대비로는 상당한 하락폭을 기록하며 기술적으로는 반등 가능성을 내포하고 있습니다."", ""최근 1개월 수익률이 소폭 하락했으나 거래량 변화율이 긍정적인 점은 투자 심리 변화 가능성을 보여주지만, 전반적인 시장 상황 및 기업의 구체적인 실적 개선 모멘텀이 명확하지 않아 방향성 판단이 어렵습니다.""]",-2.4296675191815855,-13.938618925831204,-4.3193571662377686,-13.395772137145423
373220,LG에너지솔루션,2024-06-03,336500,Neutral,60,"[""최근 1개월 수익률이 -14.65%로 하락세를 보이고 있으나, 52주 최저가 대비 현재 위치가 1.4%로 낮은 수준에 머물러 있어 반등 가능성도 존재합니다."", ""애널리스트 리포트에서 제시된 목표주가(500,000원, 531,000원)는 현재가(336,500원) 대비 상당한 상승 여력을 시사합니다."", ""PER, PBR, ROE 등 재무지표는 현재 주가 수준에 대한 판단을 명확히 내리기 어렵게 하며, 기술적 지표 또한 뚜렷한 방향성을 제시하지 못하고 있습니다.""]",4.457652303120357,6.389301634472511,1.975777091821,1.4341910075238493
373220,LG에너지솔루션,2024-07-01,343500,Buy,75,"[""최근 애널리스트 리포트에서 제시된 목표주가들이 현재가 대비 상당한 상승 여력을 시사하고 있습니다."", ""최근 1개월 수익률이 긍정적이며, 거래량 변화율도 증가 추세를 보여 투자 심리가 개선되고 있음을 나타냅니다."", ""52주 최저가 대비 현재 위치가 상대적으로 낮아 추가적인 상승 가능성이 존재합니다.""]",5.676855895196507,-3.056768558951965,2.5655881578778366,-1.5223511485105883
373220,LG에너지솔루션,2024-08-01,336000,Sell,75,"[""최근 애널리스트 리포트들이 일제히 목표주가를 하향 조정하며 부정적인 전망을 제시하고 있습니다."", ""최근 1개월 수익률이 -6.84%로 하락세를 보이고 있으며, 52주 최고가 대비 현재 위치가 낮아 추가 하락 가능성을 시사합니다."", ""PER 63.1, PBR 3.20 등 재무 지표상 고평가 논란이 있으며, ROE 5.1%는 낮은 수준으로 수익성 개선이 더딘 상황입니다.""]",-4.166666666666666,22.61904761904762,-0.8873778269355479,22.43931449098123
373220,LG에너지솔루션,2024-09-02,411000,Buy,75,"[""최근 1개월 수익률이 23.54%로 강한 상승세를 보이고 있으며, 거래량 변화율도 42.59%로 증가하여 투자자들의 관심이 집중되고 있음을 시사합니다."", ""현재가가 52주 최저가 대비 높은 수준에 위치하고 있으나, 52주 최고가 대비로는 아직 상승 여력이 남아있어 추가적인 상승 가능성을 배제할 수 없습니다."", ""LG에너지솔루션은 전기차 배터리 시장의 성장성과 함께 글로벌 시장에서의 경쟁력을 바탕으로 향후에도 긍정적인 전망을 유지하고 있습니다.""]",-7.664233576642336,6.204379562043796,-2.3651864293836073,8.841518677042876
373220,LG에너지솔루션,2024-10-02,403500,Neutral,65,"[""최근 1개월 수익률이 10.85%로 양호한 흐름을 보이고 있으며, 거래량 변화율도 23.86%로 긍정적인 신호를 보내고 있습니다."", ""애널리스트 리포트에서 목표주가가 현재가 대비 상승 여력을 제시하고 있으나, 3분기 실적 컨센서스 하회 전망이 단기적인 부담 요인으로 작용할 수 있습니다."", ""PER, PBR 등 재무 지표가 다소 높은 수준으로 밸류에이션 부담이 존재하며, 52주 최고가 대비 현재 위치가 47.0%로 상승 여력과 하락 위험이 공존하는 상황입니다.""]",0.6195786864931847,5.5762081784386615,-1.465481495395041,4.826707261992846
373220,LG에너지솔루션,2024-11-01,426000,Neutral,65,"[""최근 1개월 수익률이 소폭 하락했으나, 52주 내 현재 위치는 중간 이상으로 기술적 반등 가능성이 있습니다."", ""애널리스트 리포트에서 목표주가 범위가 넓게 분포하며, 단기 부진과 중장기 성장 모멘텀에 대한 상반된 의견이 공존합니다."", ""PER, PBR 등 재무지표는 다소 높은 수준이나, 시가총액 규모와 시장 지배력을 고려할 때 단기적인 급락보다는 횡보 가능성이 높습니다.""]",-2.3474178403755865,-8.098591549295776,-0.13379620706195405,-2.9038615987749203
373220,LG에너지솔루션,2024-12-02,397000,Buy,75,"[""최근 1개월 수익률은 하락했으나, 52주 최고가 대비 현재 위치가 중간 수준이며, 거래량 변화율이 긍정적인 신호를 보이고 있습니다."", ""최근 애널리스트 리포트에서 목표주가 480,000원을 제시하며 긍정적인 전망을 내놓았습니다."", ""전기차 시장의 성장과 배터리 수요 증가 추세를 고려할 때, LG에너지솔루션의 장기적인 성장 잠재력은 여전히 높다고 판단됩니다.""]",-3.022670025188917,-10.327455919395465,0.2675983640755035,-8.0003490036721
373220,LG에너지솔루션,2025-01-02,356000,Neutral,60,"[""최근 1개월 수익률이 -9.31%로 하락세를 보이고 있으며, 거래량 변화율 또한 -33.78%로 감소하여 단기적인 투자 심리가 위축된 것으로 판단됩니다."", ""52주 최고가 대비 현재 위치가 21.6%로, 아직 최고가에 도달하지 못했으나 52주 최저가 대비로는 상당 부분 상승한 상태입니다."", ""유일한 애널리스트 리포트에서는 목표주가 500,000원을 제시하며 긍정적인 전망을 내놓았으나, 이는 20거래일이라는 단기적인 관점에서는 불확실성이 존재합니다.""]",-2.106741573033708,-3.932584269662921,-5.131410685862962,-7.816003873908757
373220,LG에너지솔루션,2025-02-03,333000,Neutral,65,"[""애널리스트 리포트에서 목표주가가 현재가 대비 상승 여력을 제시하고 있으나, 일부 리포트에서는 가격 부담을 언급하며 상반된 의견을 보이고 있습니다."", ""최근 1개월 수익률과 거래량 변화율이 하락세를 나타내고 있어 단기적인 투자 심리가 위축된 것으로 판단됩니다."", ""PER, PBR 등 재무 지표가 다소 높은 수준으로, 향후 실적 개선에 대한 기대감이 주가 상승의 중요한 요인이 될 것으로 보입니다.""]",3.003003003003003,0.3003003003003003,0.6916748355042368,-2.779858784839264
373220,LG에너지솔루션,2025-03-04,334000,Neutral,55,"[""LG에너지솔루션은 52주 최저가에 근접한 가격에 거래되고 있어 단기 반등 가능성이 있으나, 최근 1개월 수익률 하락과 거래량 감소는 투자 심리 위축을 시사합니다."", ""PER, PBR 등 재무 지표는 다소 높은 수준으로 밸류에이션 부담이 존재하며, 이는 향후 상승 여력을 제한할 수 있습니다."", ""현재 제공된 정보만으로는 KOSPI 시장 수익률 대비 초과 상승 또는 하락을 명확히 판단하기 어려워 중립적인 의견을 제시합니다.""]",4.341317365269461,-1.4970059880239521,3.688887660758742,0.5462834460548467
373220,LG에너지솔루션,2025-04-01,329000,Buy,75,"[""최근 1개월 수익률은 하락했으나, 52주 최저가 대비 현재 위치가 6.1% 상승하며 반등 가능성을 시사합니다."", ""최근 애널리스트 리포트에서 제시된 목표주가들이 현재가 대비 상당한 상승 여력을 보여주고 있습니다."", ""거래량 변화율이 28.04%로 긍정적인 움직임을 보이며, 이는 투자자들의 관심 증가 및 매수세 유입 가능성을 나타냅니다.""]",-4.5592705167173255,-1.3677811550151975,3.907283879777302,-3.393033962434606
373220,LG에너지솔루션,2025-05-02,322500,Neutral,65,"[""최근 1개월 수익률이 마이너스를 기록하고 거래량 변화율도 감소하는 등 단기적인 투자 심리가 위축된 모습을 보입니다."", ""애널리스트 리포트에서는 목표주가가 현재가 대비 상승 여력을 시사하지만, 미국 관세 정책 등 불확실성 요인도 언급되어 상반된 의견이 존재합니다."", ""PER이 없어 적자 기업의 가치 평가에 어려움이 있으며, PBR이 2.42로 자산 가치 대비 프리미엄이 붙어 있어 추가 상승 여력에 대한 판단이 유보적입니다.""]",-2.7906976744186047,-9.767441860465116,-5.38491633942754,-19.024182865982247
373220,LG에너지솔루션,2025-06-02,288500,Neutral,60,"[""최근 1개월 수익률이 -18.71%로 큰 폭 하락했으나, 52주 최저가 대비 현재 위치가 9.8%로 반등 가능성을 시사합니다."", ""유일한 애널리스트 리포트에서 목표주가 400,000원을 제시하며 현재가 대비 상승 여력을 보여주지만, '정책 불확실성 속 단기 조정기'라는 언급은 추가 하락 가능성도 배제할 수 없음을 나타냅니다."", ""PER이 '해당없음(적자)'으로 재무 건전성에 대한 직접적인 판단이 어렵고, PBR 2.15는 현재 주가가 자산 가치 대비 높은 수준임을 보여주어 투자 매력도를 낮추는 요인입니다.""]",5.37261698440208,10.398613518197573,-0.011670812800214314,-2.0680031034767143
373220,LG에너지솔루션,2025-07-01,302500,Neutral,60,"[""LG에너지솔루션은 현재 적자 상태로 PER 지표가 없어 기업 가치 평가에 한계가 있습니다."", ""최근 1개월 수익률은 긍정적이나, 52주 최고가 대비 현재 위치가 낮고 거래량 변화율이 감소하는 등 기술적 지표는 혼조세를 보입니다."", ""애널리스트 리포트에서 목표주가 400,000원을 제시하며 긍정적인 전망을 내놓고 있으나, 북미 전기차 수요 둔화 가능성 등 불확실성 요인도 함께 언급되어 있어 향후 20거래일 내 명확한 방향성을 판단하기 어렵습니다.""]",0.8264462809917356,29.91735537190083,-1.0818091676824313,24.08299766831131
373220,LG에너지솔루션,2025-08-01,375500,Buy,75,"[""최근 1개월 수익률이 17.11%로 양호하며, 거래량 변화율도 49.32%로 높아 투자자들의 관심이 증가하고 있습니다."", ""최근 애널리스트 리포트에서 ESS 사업 부문의 성장 기대감이 높게 나타나고 있으며, 목표주가 역시 현재가 대비 상승 여력을 시사하고 있습니다."", ""52주 최고가 대비 현재 위치가 62.3%로, 상승 여력이 남아있다고 판단됩니다.""]",3.5952063914780292,-6.790945406125166,1.7202163192041833,-7.572456008936696
373220,LG에너지솔루션,2025-09-01,350000,Neutral,60,"[""LG에너지솔루션은 현재 적자 상태로 PER 지표가 없어 기업 가치 평가에 어려움이 있습니다."", ""최근 1개월 수익률이 -8.76%로 하락세를 보이고 있으며, 거래량 변화율도 -48.02%로 감소하여 투자 심리가 위축된 것으로 판단됩니다."", ""하지만 52주 최고가 대비 현재 위치가 48.1%로 절반 수준에 머물러 있어 추가 하락보다는 반등 가능성도 배제할 수 없습니다.""]",-0.8571428571428572,-0.7142857142857143,-3.621654969614693,-8.665804304605194
373220,LG에너지솔루션,2025-10-01,399000,Neutral,65,"[""LG에너지솔루션은 현재 52주 최고가 대비 약 47.2% 수준에 위치하며, 최근 1개월 수익률은 소폭 하락했으나 거래량 변화율은 긍정적인 신호를 보이고 있습니다."", ""PER이 '해당없음(적자)'으로 표기되어 있어 전통적인 가치평가 지표로는 판단이 어렵습니다."", ""최근 애널리스트 리포트에서 목표주가 430,000원을 제시하며 긍정적인 전망을 내놓았으나, 이는 현재가 대비 소폭 상승 여력만을 시사합니다.""]",5.3884711779448615,17.794486215538846,-0.22291839889054277,4.348113642487384
373220,LG에너지솔루션,2025-11-03,473000,Buy,75,"[""최근 1개월 수익률이 36.25%로 매우 높으며, 52주 최고가 대비 현재 위치가 84.3%로 상승 추세가 강하게 나타나고 있습니다."", ""최근 30일간 애널리스트 리포트에서 제시된 목표주가가 현재가 대비 상당한 상승 여력을 시사하며, 전반적으로 긍정적인 전망을 유지하고 있습니다."", ""거래량 변화율이 148.31%로 급증하며 투자자들의 관심이 집중되고 있음을 보여주며, 이는 단기적인 상승 모멘텀으로 작용할 수 있습니다.""]",0.0,-12.26215644820296,0.37241553324565485,-9.18554317322686
373220,LG에너지솔루션,2025-12-01,415000,Neutral,55,"[""LG에너지솔루션은 현재 적자 상태로 PER 지표가 없어 기업 가치 평가에 어려움이 있습니다."", ""최근 1개월 수익률이 -12.69%로 하락세를 보이고 있으며, 거래량 변화율도 감소하여 투자 심리가 위축된 것으로 판단됩니다."", ""하지만 52주 최고가 대비 현재 위치가 58.9%로 여전히 상승 여력이 남아있고, PBR이 3.12로 자산 가치 대비 과대평가 수준은 아니라는 점에서 추가 하락보다는 보합세를 예상해 볼 수 있습니다.""]",6.8674698795180715,-13.012048192771083,3.1472545065328044,-20.88953290464339
006400,삼성SDI,2023-01-02,592315,Neutral,55,"[""최근 1개월 수익률이 -17.08%로 하락세를 보이고 있으며, 거래량 변화율 또한 감소하여 단기적인 매도 압력이 존재합니다."", ""현재 주가는 52주 최고가 대비 약 20.4% 하락한 수준으로, 기술적으로는 반등 가능성을 시사할 수 있습니다."", ""PER이 '해당없음(적자)'으로 표시되어 있어 재무적인 측면에서 명확한 투자 매력도를 판단하기 어렵습니다.""]",1.1569857255007894,18.346994420198712,-4.820893013208719,7.070018921253379
006400,삼성SDI,2023-02-01,700987,Buy,85,"[""최근 1개월 수익률이 21.83%로 강한 상승세를 보이고 있으며, 52주 최고가 대비 현재 위치가 85.7%로 상승 여력이 남아있습니다."", ""최근 30일 내 애널리스트 리포트에서 제시된 목표주가 평균이 현재가 대비 상당한 상승 여력을 시사하고 있습니다."", ""전기차 배터리 시장의 성장 전망과 삼성SDI의 투자 증가세가 긍정적인 요인으로 작용할 것으로 예상됩니다.""]",3.0726675387703337,2.0950459851609233,2.5606944983633526,3.5860054485613295
006400,삼성SDI,2023-03-02,715673,Buy,75,"[""최근 1개월 수익률이 3.65%로 긍정적인 흐름을 보이고 있으며, 52주 최고가 대비 현재 위치가 82.1%로 상승 여력이 남아있습니다."", ""다수의 애널리스트 리포트에서 목표주가를 현재가 대비 상향 제시하며 긍정적인 전망을 내놓고 있습니다."", ""PER이 적자임에도 불구하고 PBR이 3.69로 높은 편이나, 이는 성장 기대감을 반영하는 것으로 해석될 수 있습니다.""]",0.8207659084526033,0.5471772723017356,2.361839972932656,-1.2944637988845362
006400,삼성SDI,2023-04-03,710778,Buy,75,"[""삼성SDI는 52주 최고가 대비 현재 위치가 83.3%로, 상승 여력이 남아있음을 시사합니다."", ""최근 1개월 수익률이 1.92%로 긍정적인 흐름을 보이고 있으며, 거래량 변화율도 7.85%로 증가 추세입니다."", ""최근 애널리스트 리포트에서 목표주가 910,000원을 제시하며 긍정적인 전망을 내놓았습니다.""]",5.647332922515891,-5.7852100093137375,2.932165477111522,-6.627375531726462
006400,삼성SDI,2023-05-02,669658,Buy,75,"[""최근 30일간 애널리스트 리포트에서 제시된 목표주가 평균이 현재가 대비 상당한 상승 여력을 시사하고 있습니다."", ""52주 최고가 대비 현재 위치가 67.6%로, 상승 여력이 남아있음을 보여줍니다."", ""최근 1개월 수익률이 소폭 하락했으나, 이는 단기적인 조정일 가능성이 있으며 중장기적인 성장 전망은 긍정적입니다.""]",-2.046716383586846,4.532164179327358,-1.6309492132022576,0.536002030130907
006400,삼성SDI,2023-06-01,700008,Buy,75,"[""삼성SDI는 국내 ESS 시장에서 선두를 달리고 있으며, 이는 향후 성장 잠재력을 시사합니다."", ""현재 주가는 52주 최고가 대비 약 9.6% 하락한 수준으로, 추가 상승 여력이 존재할 수 있습니다."", ""최근 1개월 수익률이 2.46%로 긍정적인 흐름을 보이고 있으며, 이는 단기적인 매수 심리 개선을 나타낼 수 있습니다.""]",3.496531468211792,0.2797110890161255,2.4205558247022516,0.23704110100986447
006400,삼성SDI,2023-07-03,696092,Buy,75,"[""최근 애널리스트 리포트에서 긍정적인 전망과 함께 높은 목표주가가 제시되고 있어 상승 여력이 충분하다고 판단됩니다."", ""현재가 52주 최고가 대비 약 73.5% 수준으로, 추가 상승에 대한 기대감이 존재합니다."", ""최근 1개월 수익률이 소폭 상승세를 보이고 있으며, 거래량 변화율도 긍정적인 신호를 보내고 있습니다.""]",-3.5162018813605096,-5.766479143561484,-2.327759311825816,-8.610720672726922
006400,삼성SDI,2023-08-01,636371,Buy,80,"[""최근 30일간 발표된 다수의 애널리스트 리포트에서 목표주가가 현재가 대비 상당한 상승 여력을 제시하고 있으며, 하반기 실적 흐름에 대한 긍정적인 전망이 지배적입니다."", ""현재 주가는 52주 최고가 대비 약 18% 하락한 수준으로, 기술적으로는 반등 가능성이 있는 구간에 위치하고 있습니다."", ""최근 1개월 수익률은 하락했으나, 거래량 변화율이 34.74%로 증가한 점은 투자자들의 관심이 재집중되고 있음을 시사합니다.""]",-2.461457231709176,-5.538435912384442,-2.027666666558423,-3.2376260425980576
006400,삼성SDI,2023-09-01,597210,Buy,75,"[""최근 2건의 애널리스트 리포트 모두 긍정적인 전망과 함께 높은 목표주가를 제시하고 있습니다."", ""현재가는 52주 최저가 대비 약 11.6% 상승한 수준으로, 추가 상승 여력이 존재할 수 있습니다."", ""최근 1개월 수익률이 마이너스이나, 이는 단기적인 조정일 수 있으며 하반기 호실적 전망이 이를 상쇄할 가능성이 있습니다.""]",-6.065538085430585,-21.147669998827883,-4.994945525797378,-14.344938382105429
006400,삼성SDI,2023-10-04,478747,Neutral,60,"[""최근 1개월 수익률이 -20.05%로 부진했으나, 52주 최저가에 근접한 현재가에서 반등 가능성을 시사합니다."", ""애널리스트 리포트에서 제시된 높은 목표주가(900,000원)는 향후 상승 여력을 보여주지만, 현재 PER이 없어 적자 상태임을 감안해야 합니다."", ""거래량 변화율이 39.11%로 높다는 점은 시장의 관심이 집중되고 있음을 나타내지만, 이것이 매수세인지 매도세인지는 추가 분석이 필요합니다.""]",7.566418170766605,-7.157433884703194,5.380114293249539,-5.690467667362548
006400,삼성SDI,2023-11-01,441543,Buy,85,"[""최근 30일간 발표된 5건의 애널리스트 리포트 모두 긍정적인 전망과 함께 높은 목표주가를 제시하고 있어 투자 심리에 긍정적인 영향을 미칠 것으로 예상됩니다."", ""최근 1개월 수익률이 -18.49%로 하락했으나, 이는 52주 최저가(414,131원) 대비 0.7% 높은 수준으로, 기술적으로는 반등 가능성이 존재합니다."", ""거래량 변화율이 68.36%로 높게 나타나고 있어, 이는 시장의 관심이 증가하고 있으며 향후 주가 상승 동력으로 작용할 수 있음을 시사합니다.""]",-2.5496950466885444,4.656398131099349,-6.132951559372489,-3.5450597541135327
006400,삼성SDI,2023-12-01,430285,Buy,75,"[""최근 애널리스트 리포트에서 2024년 실적 개선 및 이차전지 사업 성장성에 대한 긍정적인 전망과 함께 높은 목표주가가 제시되고 있습니다."", ""현재 주가는 52주 최저가 대비 소폭 상승한 수준으로, 향후 상승 여력이 남아있다고 판단됩니다."", ""최근 1개월 수익률이 소폭 하락했으나, 이는 단기적인 조정으로 해석될 수 있으며 전반적인 투자 심리는 여전히 긍정적입니다.""]",1.4787873153839897,1.2512636973168945,1.0648625852700586,-1.614399635950175
006400,삼성SDI,2024-01-02,437138,Neutral,60,"[""삼성SDI는 현재 52주 최저가 대비 높은 수준에 위치해 있으나, 최근 1개월 수익률은 소폭 하락하며 약세를 보이고 있습니다."", ""PER 지표가 '해당없음(적자)'으로 표시되어 있어 현재 기업의 수익성 측면에서 투자 매력도를 판단하기 어렵습니다."", ""유일한 애널리스트 리포트에서는 목표주가 750,000원을 제시하며 긍정적인 전망을 내놓았으나, 이는 단기적인 20거래일의 방향성을 판단하기에는 근거가 제한적입니다.""]",-6.718930863937704,-16.57348480342592,-4.213283280796462,-12.346139378447694
006400,삼성SDI,2024-02-01,384760,Buy,75,"[""최근 2차전지 섹터 전반의 과매도 국면에서 삼성SDI가 현저히 저평가되었다는 다수의 애널리스트 리포트가 존재하며, 목표주가 상향 가능성을 시사합니다."", ""최근 1개월 수익률은 하락했으나, 52주 최저가 대비 현재 위치가 6.7%로 상대적으로 낮은 수준에 있어 반등 여력이 존재합니다."", ""거래량 변화율이 53.59%로 높게 나타나 투자자들의 관심이 증가하고 있으며, 이는 향후 주가 상승의 동력이 될 수 있습니다.""]",-0.5091485601413868,-7.252053227986277,-1.8218036564779558,-8.25308178674221
006400,삼성SDI,2024-03-04,358815,Neutral,55,"[""삼성SDI는 현재 PER이 산출되지 않을 정도로 적자 상태이며, 이는 투자 매력도를 낮추는 요인입니다."", ""52주 최저가 대비 현재 위치가 6.1%로, 바닥권에서 크게 벗어나지 않아 추가 하락 가능성과 반등 가능성이 공존합니다."", ""최근 1개월 수익률이 0.00%이고 거래량 변화율이 -28.53%로 감소한 점은 단기적인 모멘텀 부재를 시사하며, 명확한 방향성을 판단하기 어렵습니다.""]",25.375193344759833,23.60185610969441,24.151897504192164,19.685497688919902
006400,삼성SDI,2024-04-01,443502,Buy,75,"[""최근 1개월 수익률이 20.42%로 강한 상승세를 보이고 있으며, 거래량 변화율도 174.23%로 매우 높아 투자자들의 관심이 집중되고 있음을 시사합니다."", ""최근 30일 내 애널리스트 리포트에서 제시된 목표주가들이 현재가 대비 상당한 상승 여력을 보여주고 있으며, 특히 810,000원의 목표주가는 긍정적인 전망을 뒷받침합니다."", ""52주 최저가 대비 현재 위치가 24.7%로, 아직 52주 최고가 대비 상승 여력이 남아있어 추가적인 상승 가능성을 기대해 볼 수 있습니다.""]",-9.271660556209442,-2.0971720533391056,-7.528209394635105,0.4275631600157217
006400,삼성SDI,2024-05-02,428816,Neutral,60,"[""삼성SDI는 현재 PER이 없어 적자 상태임을 나타내지만, PBR 1.76은 자산 가치 대비 높은 수준은 아닙니다."", ""최근 1개월 수익률이 마이너스이고 거래량 변화율이 크게 감소한 점은 단기적인 투자 심리 위축을 시사합니다."", ""다만, 52주 최고가 대비 현재 위치가 낮고, 애널리스트 리포트에서 밸류에이션 디스카운트 요인 해소와 함께 목표주가 600,000원을 제시한 점은 긍정적인 요인으로 작용할 수 있습니다.""]",-1.1415152419685832,-13.698649304130441,-3.0312048890247665,-13.15580251544466
006400,삼성SDI,2024-06-03,370074,Buy,75,"[""최근 1개월 수익률은 하락했으나, 52주 최저가 대비 현재 위치가 7.5%로 상승 여력이 남아있습니다."", ""최근 애널리스트 리포트에서 제시된 목표주가(600,000원 ~ 660,000원)는 현재가 대비 상당한 상승 여력을 시사합니다."", ""배터리 섹터의 초격차 기술 전략 등 긍정적인 전망이 제시되고 있어 단기적인 반등 가능성이 있습니다.""]",4.1005312451023315,-3.0423645000729582,1.6186560338029747,-7.99747512702162
006400,삼성SDI,2024-07-01,344130,Neutral,55,"[""현재가 52주 최저가에 근접해 있어 기술적 반등 가능성이 있으나, 주력 고객사의 판매 부진 우려로 인한 하방 압력도 존재합니다."", ""최근 1개월 수익률이 마이너스이고 거래량 변화율이 긍정적인 신호를 보내고 있지만, 재무 지표상 적자 상태로 인해 투자 매력도가 제한적입니다."", ""애널리스트 리포트에서 목표주가 600,000원을 제시했으나, 이는 현재가 대비 높은 수준으로 단기적인 상승 여력에 대한 불확실성이 있습니다.""]",8.819341527910964,-5.974486385958794,5.7080737905922945,-4.440068975517418
006400,삼성SDI,2024-08-01,329444,Neutral,60,"[""최근 1개월 수익률이 마이너스(-)를 기록하며 약세를 보이고 있으나, 52주 최저가 대비 현재 위치가 3.7%로 낮은 수준에 머물러 있어 추가 하락보다는 반등 가능성도 존재합니다."", ""애널리스트 리포트에서 목표주가가 현재가 대비 높게 제시되고 있으나, 2분기 실적 부진 및 3분기 전망에 대한 부정적인 의견도 혼재되어 있어 투자 방향을 명확히 판단하기 어렵습니다."", ""PER 지표가 '해당없음(적자)'으로 표시되어 있어 재무 건전성에 대한 추가적인 분석이 필요하며, 이는 투자 결정에 불확실성을 더합니다.""]",-7.875086509391581,9.658394142858876,-4.595797669660463,9.478661014792486
006400,삼성SDI,2024-09-02,363221,Buy,75,"[""최근 1개월 수익률이 10.48%로 양호한 흐름을 보이고 있으며, 거래량 변화율도 9.12%로 긍정적인 신호를 나타내고 있습니다."", ""52주 최저가 대비 현재 위치가 21.1%로, 저가 매수세 유입 가능성이 존재합니다."", ""애널리스트 리포트에서 12MF P/B 1.0배 진입을 언급하며 목표주가 440,000원을 제시한 점은 향후 상승 여력을 시사합니다.""]",-10.242524523637124,0.0,-4.943477376378396,2.63713911499908
006400,삼성SDI,2024-10-02,353920,Neutral,60,"[""삼성SDI는 현재 52주 최저가에 근접한 수준으로, 기술적으로는 반등 가능성이 있으나 PER이 없어 적자 상태임을 감안해야 합니다."", ""최근 1개월 수익률은 9.43%로 긍정적이나, 거래량 변화율이 마이너스인 점은 투자 심리가 위축될 수 있음을 시사합니다."", ""시가총액이 크고 KOSPI 시장 전반의 흐름에 영향을 받을 수 있어, 단기 20거래일 내 명확한 초과 상승 또는 하락을 예측하기에는 정보가 다소 제한적입니다.""]",-0.6916817359855334,-6.639070976491862,-2.776741917873759,-7.388571892937677
006400,삼성SDI,2024-11-01,330423,Neutral,65,"[""최근 1개월 수익률이 -12.42%로 부진하며 거래량 변화율도 감소하여 단기적인 하락 압력이 존재합니다."", ""애널리스트 리포트에서 3분기 실적 부진 및 성장 정체에 대한 언급이 있으나, 4분기 실적 저점 및 가파른 개선세 전망도 함께 제시되어 상반된 의견이 혼재합니다."", ""현재 주가는 52주 최저가 대비 약 14.0% 상승한 수준으로, 52주 최고가 대비로는 상당한 하락폭을 기록하고 있어 향후 방향성을 판단하기에 정보가 불충분합니다.""]",-18.66667877236149,-23.25927674526289,-16.453057139047857,-18.064546794742036
006400,삼성SDI,2024-12-02,255527,Neutral,60,"[""최근 1개월 수익률이 -21.87%로 크게 하락했으나, 52주 최저가 대비 현재 위치가 5.2%로 반등 가능성을 시사합니다."", ""유럽 가동률 회복 기대감과 480,000원의 목표주가는 긍정적인 요인이지만, PER이 '해당없음(적자)'으로 재무적 불확실성이 존재합니다."", ""거래량 변화율이 92.83%로 높다는 점은 시장의 관심이 집중되고 있음을 나타내지만, 이것이 상승 또는 하락으로 이어질지는 추가적인 정보가 필요합니다.""]",-3.256798694462816,-5.363816739522634,0.033469694801604444,-3.03670982379927
006400,삼성SDI,2025-01-02,241821,Sell,75,"[""최근 1개월 수익률이 -5.89%로 하락세를 보이고 있으며, 거래량 변화율 또한 -41.17%로 감소하여 투자 심리가 위축된 것으로 판단됩니다."", ""유일한 애널리스트 리포트에서 전기차 배터리 셀 수요 회복세 지연을 언급하며 목표주가 400,000원을 제시했으나, 현재가 241,821원 대비 상승 여력은 있으나 단기적인 하방 압력이 존재할 수 있습니다."", ""PER이 '해당없음(적자)'으로 재무 건전성에 대한 우려가 있으며, PBR 0.95는 자산 가치 대비 소폭 할인된 수준이지만 적자 기업임을 감안할 때 추가 하락 가능성을 배제할 수 없습니다.""]",-5.263397306271995,-14.169985237014155,-8.288066419101249,-18.05340484125999
006400,삼성SDI,2025-02-03,201191,Sell,75,"[""최근 1개월 수익률이 -15.79%로 부진하며, 52주 최저가에 근접한 현재가(201,191원)는 기술적으로 하락 압력이 존재함을 시사합니다."", ""최근 30일간 발표된 애널리스트 리포트들이 일제히 부정적인 전망(목표주가 하향 또는 부진한 실적 언급)을 내놓고 있어 단기적인 투자 심리 위축이 예상됩니다."", ""PER이 '해당없음(적자)'으로 표시되는 등 재무적으로도 불안정한 모습을 보이고 있으며, 이는 투자 매력도를 낮추는 요인으로 작용할 수 있습니다.""]",2.4330114170116954,3.8928182672187126,0.12168324951292941,0.8126591820791482
006400,삼성SDI,2025-03-04,209023,Neutral,55,"[""삼성SDI는 현재 PER이 없어 적자 상태이며, 이는 투자 매력도를 낮추는 요인입니다."", ""PBR이 0.84로 액면가 대비 저평가 가능성이 있으나, 52주 최저가에 근접한 현재 위치는 추가 하락 가능성을 시사합니다."", ""최근 1개월 수익률은 하락세를 보이고 있으나, 거래량 변화율은 증가하여 투자자들의 관심이 높아지고 있음을 나타내지만, 명확한 상승 또는 하락 방향을 판단하기에는 정보가 부족합니다.""]",-0.23394554666232903,-12.646455174789379,-0.8863752511730479,-10.60316574071058
006400,삼성SDI,2025-04-01,182589,Neutral,60,"[""최근 1개월 수익률이 -13.57%로 하락세를 보이고 있으나, 52주 최저가 대비 현재 위치가 1.7%로 매우 근접해 있어 추가 하락 여력이 제한적일 수 있습니다."", ""최근 애널리스트 리포트에서 목표주가가 현재가 대비 높게 제시되고 있으며, 배터리 투자 확대를 위한 유상증자 발표는 긍정적인 신호로 해석될 수 있습니다."", ""하지만 PER, PBR, ROE 등 재무지표만으로는 현재 밸류에이션이 매력적인지 판단하기 어렵고, 단기적인 시장 변동성에 대한 불확실성이 존재합니다.""]",-7.935308260629063,-3.6086511235616605,0.5312461358655645,-5.633903930981069
006400,삼성SDI,2025-05-02,172200,Neutral,65,"[""현재가 52주 최저가에 근접해 있어 기술적 반등 가능성이 있으나, 최근 1개월 수익률 하락 및 거래량 감소는 투자 심리 위축을 시사합니다."", ""애널리스트 리포트 목표주가 평균이 현재가 대비 상승 여력을 보여주지만, '수익성 악화', 'Q 회복 가시성 부족' 등 부정적인 의견도 혼재되어 있어 방향성 판단이 어렵습니다."", ""PER, PBR, ROE 등 재무 지표는 현재 시장 상황에서 삼성SDI의 가치를 명확하게 판단하기에 충분한 정보를 제공하지 못하고 있습니다.""]",0.4645760743321719,1.2195121951219512,-2.129642590676763,-8.037228810395183
006400,삼성SDI,2025-06-02,172400,Neutral,60,"[""현재가 172,400원은 52주 최저가 160,200원에 근접하여 하방 경직성을 기대할 수 있으나, 52주 최고가 대비로는 매우 낮은 수준으로 상승 여력 또한 제한적일 수 있습니다."", ""최근 1개월 수익률이 -5.88%로 부진한 흐름을 보이고 있으며, 이는 단기적인 매도 압력을 시사할 수 있습니다."", ""거래량 변화율이 31.65%로 증가한 것은 투자자들의 관심이 높아지고 있음을 나타내지만, 이것이 상승 또는 하락으로 이어질지는 추가적인 정보 없이는 판단하기 어렵습니다."", ""PER, PBR, ROE 등 재무 지표만으로는 현재 주가가 고평가 또는 저평가되었다고 단정하기 어렵고, 시장 전반의 투자 심리 및 삼성SDI의 구체적인 사업 전망에 대한 정보가 부족합니다.""]",1.3921113689095126,7.482598607888631,-3.9921764282927814,-4.984018013785656
006400,삼성SDI,2025-07-01,179000,Neutral,60,"[""현재가 52주 최저가 대비 높은 수준이나, 52주 최고가 대비로는 상당한 하락폭을 보여 밸류에이션 매력과 하방 경직성을 동시에 시사합니다."", ""최근 1개월 수익률은 소폭 상승했으나, 유럽 및 북미향 배터리 출하 부진으로 인한 2분기 실적 우려가 목표주가 하향 조정으로 이어져 단기 상승 동력이 제한적입니다."", ""거래량 변화율이 20.71%로 증가한 점은 투자자들의 관심이 높아지고 있음을 나타내지만, 명확한 상승 또는 하락 추세를 형성하기에는 추가적인 정보가 필요합니다.""]",-4.972067039106146,15.083798882681565,-6.880322487780313,9.249441179092045
006400,삼성SDI,2025-08-01,193700,Neutral,60,"[""현재가 52주 최저가 대비 높은 수준이나 최고가 대비로는 상당한 하락폭을 보이며 기술적 반등 가능성을 시사합니다."", ""최근 1개월 수익률이 소폭 상승했으나, 거래량 변화율이 크지 않아 추세 전환을 확신하기 어렵습니다."", ""애널리스트 리포트에서 목표주가가 현재가 대비 상승 여력을 제시하고 있으나, '어려운 대외환경 지속'이라는 부정적인 언급도 있어 단기적인 상승 모멘텀은 제한적일 수 있습니다.""]",16.159008776458442,4.543107898812597,14.284018704184597,3.7615972960010677
006400,삼성SDI,2025-09-01,202500,Neutral,60,"[""최근 1개월 수익률이 소폭 상승했으나, 거래량 변화율이 감소하며 투자 심리가 위축된 모습을 보입니다."", ""애널리스트 리포트에서 목표주가가 현재가 대비 상승 여력을 제시하고 있으나, 4분기 실적에 대한 불확실성이 존재합니다."", ""기술적 지표상 52주 최저가 대비 높은 수준에 위치해 있으나, 52주 최고가 대비로는 상당한 하락폭을 기록하며 방향성 판단이 어려운 구간입니다.""]",-0.49382716049382713,1.2345679012345678,-3.258339272965663,-6.7169506890849116
006400,삼성SDI,2025-10-01,206500,Neutral,55,"[""현재가 52주 최저가 대비 높은 수준이나 최고가 대비로는 상당한 하락폭을 보여 투자 심리가 혼재될 수 있습니다."", ""최근 1개월 수익률이 소폭 상승했으나 거래량 변화율이 감소한 점은 추가 상승 동력 약화를 시사합니다."", ""PER, PBR, ROE 등 재무 지표만으로는 단기적인 투자 방향을 명확히 판단하기 어렵습니다.""]",14.285714285714285,55.932203389830505,8.674324708878881,42.48583081677904
006400,삼성SDI,2025-11-03,337500,Buy,75,"[""최근 1개월 수익률이 61.48%로 매우 높으며, 52주 최고가에 근접한 92.2% 위치에 있어 상승 모멘텀이 강하게 나타나고 있습니다."", ""최근 애널리스트 리포트에서 목표주가 상향 조정 의견이 다수 존재하며, 특히 2026년 ESS 사업에 대한 기대감이 반영되고 있습니다."", ""거래량 변화율이 184.83%로 급증한 것은 투자자들의 관심이 집중되고 있음을 시사하며, 이는 단기적인 주가 상승을 견인할 수 있습니다.""]",-4.592592592592593,-9.62962962962963,-4.220177059346938,-6.553016354653529
006400,삼성SDI,2025-12-01,305000,Buy,75,"[""최근 1개월 수익률은 하락했으나, 52주 최고가 대비 현재 위치가 높아 추가 상승 여력이 존재합니다."", ""애널리스트 리포트에서 ESS 부문의 높은 성장성과 북미 수주 기대감을 언급하며 긍정적인 목표주가를 제시하고 있습니다."", ""PER, PBR 지표는 다소 높지만, 이는 성장성을 반영하는 것으로 해석될 수 있으며, ROE는 개선될 여지가 있습니다.""]",1.639344262295082,-13.934426229508196,-2.080871110690185,-21.8119109413805
005380,현대차,2023-01-02,159000,Neutral,55,"[""현대차의 현재가는 52주 최저가에 근접해 있어 하방 경직성이 기대되지만, 최근 1개월 수익률이 마이너스이고 거래량 변화율도 감소하여 단기적인 매수세 유입이 약한 상황입니다."", ""PER 8.3배, PBR 0.39배는 시장 평균 대비 저평가된 것으로 볼 수 있으나, ROE 4.7%는 낮은 수준으로 수익성 개선에 대한 의문이 남습니다."", ""기술적 지표상으로는 하락 추세가 나타나고 있으나, 밸류에이션 매력과 향후 신차 출시 및 전기차 전환 가속화에 대한 기대감이 상존하여 명확한 방향성을 판단하기 어렵습니다.""]",2.515723270440252,6.855345911949685,-3.4621554682692564,-4.421629586995648
005380,현대차,2023-02-01,169900,Buy,85,"[""최근 1개월 수익률이 12.58%로 양호하며, 거래량 변화율도 12.89%로 긍정적인 수급 신호를 보여주고 있습니다."", ""최근 30일간 발행된 5건의 애널리스트 리포트 모두 긍정적인 전망과 함께 220,000원 ~ 250,000원의 높은 목표주가를 제시하고 있습니다."", ""PER 9.0, PBR 0.42로 현재 주가가 기업 가치 대비 저평가되어 있을 가능성이 있으며, 이는 향후 상승 여력을 시사합니다.""]",1.5891701000588583,3.6492054149499706,1.0771970596518772,5.140164878350377
005380,현대차,2023-03-02,176100,Buy,75,"[""최근 1개월 수익률이 6.89%로 긍정적인 흐름을 보이고 있으며, 52주 최고가 대비 현재 위치가 53.9%로 상승 여력이 남아있습니다."", ""두 건의 애널리스트 리포트 모두 목표주가를 현재가 대비 높게 제시하며 긍정적인 전망을 내놓고 있습니다."", ""PER 9.4, PBR 0.44 등 재무지표가 저평가 구간에 있음을 시사하며, 이는 향후 주가 상승의 기반이 될 수 있습니다.""]",-0.6246450880181714,4.770017035775128,0.9164289764618813,2.928375964588856
005380,현대차,2023-04-03,183800,Buy,75,"[""현대차의 PER과 PBR 지표는 시장 평균 대비 저평가 가능성을 시사하며, 이는 향후 상승 여력을 나타낼 수 있습니다."", ""최근 1개월 수익률이 4.26%로 양호한 흐름을 보이고 있으며, 이는 투자자들의 긍정적인 관심을 반영할 수 있습니다."", ""현재 주가가 52주 최고가 대비 하락한 위치에 있어 추가적인 상승 가능성이 존재하며, 52주 최저가 대비로는 상당한 상승을 기록하여 추세적인 상승 모멘텀을 기대해 볼 수 있습니다.""]",4.515778019586507,9.357997823721437,1.800610574182138,8.515832301308713
005380,현대차,2023-05-02,201000,Buy,85,"[""최근 1개월 수익률이 9.21%로 양호하며, 52주 최고가에 근접한 강한 상승 추세를 보이고 있습니다."", ""애널리스트 리포트들이 일제히 긍정적인 전망과 함께 250,000원 ~ 280,000원의 높은 목표주가를 제시하고 있습니다."", ""PER 7.1, PBR 0.45 등 재무 지표가 저평가 구간에 있음을 시사하며, 이는 향후 상승 여력을 뒷받침합니다.""]",3.482587064676617,-0.7462686567164178,3.8983542350612055,-4.7424308059128695
005380,현대차,2023-06-01,199500,Buy,75,"[""현대차는 현재 52주 최고가 대비 약 5% 하락한 수준으로, 추가 상승 여력이 존재합니다."", ""최근 애널리스트 리포트에서 'Pent up demand와 카플레이션 최대 수혜 기업'으로 평가하며 목표주가 320,000원을 제시한 점은 긍정적입니다."", ""PER 6.9배, PBR 0.44배는 동종 업계 대비 저평가된 수준으로 판단됩니다.""]",-1.6541353383458646,4.511278195488721,-2.730110981855405,4.46860820748246
005380,현대차,2023-07-03,208000,Buy,85,"[""최근 5건의 애널리스트 리포트 모두 긍정적인 전망과 함께 목표주가를 현재가 대비 높게 제시하고 있습니다."", ""현재가 208,000원은 52주 최고가 210,000원에 근접한 수준으로, 추가 상승 여력이 남아있음을 시사합니다."", ""최근 1개월 수익률이 5.57%로 양호한 흐름을 보이고 있으며, 이는 시장 대비 초과 상승 가능성을 뒷받침합니다.""]",-0.4807692307692308,-4.134615384615384,0.7076733387654628,-6.978856913780822
005380,현대차,2023-08-01,192500,Buy,85,"[""최근 30일간 애널리스트 리포트에서 모두 긍정적인 전망과 함께 목표주가를 제시하며 상승 여력을 높게 평가하고 있습니다."", ""2분기 실적 호조와 연간 가이던스 상향은 향후 실적 개선에 대한 기대감을 높이며 주가 상승의 동력이 될 수 있습니다."", ""현재 주가는 52주 최고가 대비 하락한 수준이지만, 52주 내 위치가 82%로 비교적 높은 편이며 거래량 변화율이 긍정적인 점은 매수세 유입 가능성을 시사합니다.""]",-1.6103896103896103,-1.7662337662337664,-1.176599045238857,0.5345761035526184
005380,현대차,2023-09-01,187300,Buy,75,"[""현대차의 PER(6.6)과 PBR(0.42)은 시장 평균 대비 저평가된 수준으로 판단됩니다."", ""최근 1개월 수익률은 하락했으나, 52주 최고가 대비 현재 위치는 61.7%로 상승 여력이 남아있습니다."", ""최근 애널리스트 리포트에서 목표주가 300,000원을 제시하며 긍정적인 전망을 내놓았습니다.""]",-0.9610250934329952,2.616123865456487,0.10956746620021252,9.418855482178941
005380,현대차,2023-10-04,190500,Buy,75,"[""다수의 애널리스트 리포트에서 제시된 높은 목표주가는 향후 상승 여력을 시사합니다."", ""현재 주가는 52주 최고가 대비 하락한 수준으로, 추가 상승 가능성이 존재합니다."", ""PER, PBR 등 재무지표가 낮아 저평가 매력이 부각될 수 있습니다.""]",-1.7847769028871392,-8.976377952755906,-3.9710807804042045,-7.509411735415259
005380,현대차,2023-11-01,172000,Buy,85,"[""최근 30일간 애널리스트 리포트에서 모두 긍정적인 전망과 함께 높은 목표주가를 제시하고 있어 향후 상승 여력이 충분하다고 판단됩니다."", ""PER 6.0, PBR 0.38 등 재무지표상 저평가 매력이 존재하며, ROE 6.4%는 안정적인 수익성을 보여줍니다."", ""최근 1개월 수익률은 하락했으나, 이는 단기적인 조정으로 해석될 수 있으며 거래량 변화율 증가는 매수세 유입 가능성을 시사합니다.""]",1.5697674418604652,7.151162790697674,-2.0134890708234794,-1.0502950945152083
005380,현대차,2023-12-01,181600,Buy,75,"[""최근 1개월 수익률이 6.28%로 양호한 흐름을 보이고 있으며, 52주 최고가 대비 현재 위치가 53.9%로 상승 여력이 남아있습니다."", ""두 건의 애널리스트 리포트 모두 목표주가를 현재가 대비 크게 상향 제시하며 긍정적인 전망을 내놓고 있습니다."", ""PER 6.4, PBR 0.41 등 재무지표 상 저평가 매력이 존재하며, ROE 6.4%는 시장 평균 대비 무난한 수준입니다.""]",2.092511013215859,4.6255506607929515,1.678586283101928,1.759887327525882
005380,현대차,2024-01-02,193800,Buy,80,"[""최근 애널리스트 리포트에서 제시된 목표주가들이 현재가 대비 상당한 상승 여력을 시사하고 있습니다."", ""최근 1개월 수익률이 8.50%로 양호하며, 거래량 변화율도 25.44%로 증가하는 추세를 보이고 있어 투자 심리가 긍정적입니다."", ""PER 7.0, PBR 0.45 등 재무지표가 저평가 구간에 있음을 나타내며, 이는 향후 상승 가능성을 뒷받침합니다.""]",-3.663570691434469,0.41279669762641896,-1.1579231082932266,4.6401421226046455
005380,현대차,2024-02-01,227000,Buy,75,"[""최근 52주 최고가 대비 높은 위치에 있으나, 여전히 상승 여력이 남아있다는 분석이 다수 존재합니다."", ""최근 1개월 수익률이 긍정적이며, 거래량 변화율도 증가 추세를 보여 투자 심리가 개선되고 있음을 시사합니다."", ""애널리스트 리포트에서 제시된 목표주가 평균이 현재가 대비 상당한 상승 여력을 보여주고 있습니다.""]",9.691629955947137,10.572687224669604,8.378974859610569,9.57165866591367
005380,현대차,2024-03-04,249000,Buy,85,"[""최근 1개월간 34.47%의 높은 수익률과 391.99%의 거래량 변화율은 강한 상승 모멘텀을 시사합니다."", ""52주 최고가에 근접한 현재 위치는 추가 상승 가능성을 높이며, 애널리스트들의 목표주가 상향 리포트들이 긍정적인 전망을 뒷받침합니다."", ""PER 9.0, PBR 0.58은 상대적으로 저평가된 구간으로 판단되며, ROE 6.5%는 양호한 수익성을 보여줍니다.""]",-3.0120481927710845,-11.646586345381527,-4.235344033338754,-15.562944766156033
005380,현대차,2024-04-01,220000,Neutral,55,"[""현대차의 재무 지표는 저평가 가능성을 시사하나, 최근 주가 하락 및 거래량 감소는 투자 심리 위축을 나타냅니다."", ""52주 최고가 대비 현재 위치는 상승 여력을 보여주지만, 최근 1개월 수익률은 하락 추세를 반영하고 있습니다."", ""단기적인 기술적 지표와 거시 경제 불확실성으로 인해 20거래일 내 명확한 방향성을 판단하기 어렵습니다.""]",3.6363636363636362,13.18181818181818,5.379814797937973,15.706553395173007
005380,현대차,2024-05-02,241000,Buy,85,"[""최근 애널리스트 리포트들이 일관되게 긍정적인 전망과 높은 목표주가를 제시하고 있습니다."", ""현재 주가가 52주 최고가 대비 높은 수준에 위치하며 최근 1개월 수익률도 양호한 흐름을 보이고 있습니다."", ""PER, PBR 등 재무지표가 낮아 밸류에이션 매력도가 존재하며, ROE 또한 개선 가능성을 시사합니다.""]",1.6597510373443984,7.468879668049793,-0.22993860971178504,8.011726456735573
005380,현대차,2024-06-03,259000,Buy,75,"[""현대차는 현재 52주 최고가 대비 약 10% 하락한 수준으로, 기술적으로는 추가 상승 여력이 존재합니다."", ""최근 1개월 수익률이 5.58%로 양호한 흐름을 보이고 있으며, 이는 시장 대비 초과 상승 가능성을 시사합니다."", ""PER 5.6배, PBR 0.53배는 현대차가 현재 시장에서 저평가되어 있음을 나타내며, 이는 향후 주가 상승의 잠재력을 보여줍니다.""]",4.247104247104247,6.563706563706563,1.7652290358048899,1.6085959367579017
005380,현대차,2024-07-01,272500,Buy,75,"[""최근 1개월 수익률이 11.28%로 강한 상승세를 보이고 있으며, 거래량 변화율도 긍정적입니다."", ""두 건의 애널리스트 리포트 모두 목표주가를 현재가 대비 높게 제시하며 긍정적인 전망을 내놓고 있습니다."", ""PER 6.0, PBR 0.58 등 재무지표 상 저평가 매력이 존재하며, 52주 최고가 대비 현재 위치가 높아 추가 상승 여력이 있습니다.""]",0.7339449541284404,-8.256880733944955,-2.37732278319023,-6.722463323503579
005380,현대차,2024-08-01,244000,Buy,85,"[""최근 30일간 애널리스트 리포트에서 제시된 목표주가들이 현재가 대비 상당한 상승 여력을 시사하며, 전반적으로 긍정적인 전망을 유지하고 있습니다."", ""PER 5.3, PBR 0.51 등 재무지표 상 저평가 매력이 존재하며, ROE 9.6%는 양호한 수익성을 보여줍니다."", ""최근 1개월 수익률이 하락했음에도 불구하고, 52주 최고가 대비 현재 위치가 65.3%로 여전히 상승 여력이 남아있으며, 이는 단기적인 조정 후 반등 가능성을 시사합니다.""]",-0.4098360655737705,0.819672131147541,2.869452774157348,0.6399390030811501
005380,현대차,2024-09-02,237500,Buy,85,"[""최근 30일간 발표된 애널리스트 리포트에서 제시된 목표주가가 현재가 대비 상당한 상승 여력을 시사하며, 대부분 긍정적인 전망을 내놓고 있습니다."", ""PER 5.2, PBR 0.49 등 낮은 밸류에이션 지표는 현재 주가가 저평가되었을 가능성을 나타냅니다."", ""CEO Investor Day에서 발표된 EV 캐즘 극복, SDV 전환, 강화된 주주환원정책 등은 향후 성장 동력 확보 및 주주 가치 제고에 대한 기대감을 높입니다.""]",-2.736842105263158,3.578947368421052,2.5622050419955706,6.216086483420132
005380,현대차,2024-10-02,239500,Neutral,65,"[""현대차의 PER과 PBR은 시장 평균 대비 저평가된 것으로 보이나, 최근 1개월 수익률이 마이너스를 기록하며 단기적인 하락 압력을 받고 있습니다."", ""52주 최고가 대비 현재 위치는 중간 수준이지만, 52주 최저가 대비로는 상승 여력이 남아있습니다."", ""GM과의 파트너십 관련 긍정적인 애널리스트 리포트가 있으나, 이는 장기적인 관점이며 단기 20거래일 내 상승을 확신하기에는 기술적 지표의 하락 추세가 우려됩니다.""]",3.7578288100208765,-9.603340292275574,1.6727686281326508,-10.352841208721388
005380,현대차,2024-11-01,216500,Buy,75,"[""다수의 애널리스트 리포트에서 긍정적인 목표주가와 함께 향후 실적 개선 및 주주환원 정책에 대한 기대감을 표명하고 있습니다."", ""현재 주가는 52주 최저가 대비 높은 수준이지만, 52주 최고가 대비로는 여전히 상당한 상승 여력이 남아있습니다."", ""PER, PBR 등 재무지표가 낮아 저평가 매력이 존재하며, ROE 또한 양호한 수준을 유지하고 있습니다.""]",-2.5404157043879905,-0.23094688221709006,-0.326794071074358,4.963783068303766
005380,현대차,2024-12-02,214500,Buy,85,"[""최근 30일 내 애널리스트 리포트에서 제시된 목표주가들이 현재가 대비 상당한 상승 여력을 시사하고 있습니다."", ""1조원 규모의 자사주 매입 공시는 주가 부양에 긍정적인 영향을 미칠 것으로 예상됩니다."", ""PER 4.5, PBR 0.43 등 낮은 밸류에이션 지표는 현대차가 저평가되어 있음을 나타내며, 이는 향후 주가 상승의 잠재력을 보여줍니다.""]",-1.8648018648018647,-0.6993006993006993,1.4254665244625557,1.6278062164226652
005380,현대차,2025-01-02,213000,Neutral,55,"[""현대차의 현재가(213,000원)는 52주 최저가(180,100원) 대비 상승했으나 최고가(298,000원) 대비로는 상당한 하락폭을 보이며 52주 내 현재 위치가 26.6%로 낮은 편에 속합니다."", ""최근 1개월 수익률이 -3.20%로 하락세를 보이고 있으며, 거래량 변화율 또한 -26.84%로 감소하여 단기적인 투자 심리가 위축되었음을 시사합니다."", ""PER 4.4, PBR 0.43, ROE 9.7% 등 재무 지표는 저평가 구간에 있음을 나타내지만, 최근의 기술적 지표와 거래량 변화는 향후 20거래일 내 KOSPI 시장 대비 초과 상승 또는 하락을 명확히 판단하기 어려운 상황입니다.""]",6.103286384976526,-4.460093896713615,3.0786172721472718,-8.343513500959451
005380,현대차,2025-02-03,201000,Neutral,65,"[""재무 지표상 저평가 매력이 있으나, 최근 1개월 수익률 하락과 애널리스트 리포트 내 목표주가 하향 의견이 혼재되어 있어 방향성 판단이 어렵습니다."", ""거래량 변화율이 30.38%로 증가한 점은 긍정적이나, 52주 최고가 대비 현재 위치가 낮아 추가 상승 여력에 대한 불확실성이 존재합니다."", ""애널리스트 리포트에서 목표주가 상향 의견과 하향 의견이 혼재되어 있어 단기적인 투자 방향을 명확히 예측하기 어렵습니다.""]",-0.7960199004975124,-3.134328358208955,-3.1073480679962784,-6.214487443348519
005380,현대차,2025-03-04,194700,Neutral,60,"[""현재가 52주 최저가에 근접해 있어 하방 경직성이 기대되나, 최근 1개월 수익률이 마이너스인 점은 부담 요인입니다."", ""PER, PBR 등 재무지표는 저평가 구간에 있음을 시사하지만, 단기적인 상승 동력을 뒷받침할 추가적인 정보가 부족합니다."", ""인도법인 IPO 관련 자사주 매입 조기 완료 소식은 긍정적이나, 목표주가 제시가 없어 투자 방향을 명확히 판단하기 어렵습니다.""]",1.7976373908577297,0.8217770929635336,1.1452076863470109,2.8650665270423326
005380,현대차,2025-04-01,196300,Buy,75,"[""현대차의 PER(4.2)과 PBR(0.34)은 시장 평균 대비 저평가된 수준으로 판단됩니다."", ""최근 1개월 수익률이 2.90%로 긍정적인 흐름을 보이고 있으며, 52주 최저가 대비 현재 위치가 7.7%로 상승 여력이 남아있습니다."", ""최근 애널리스트 리포트에서 목표주가 310,000원을 제시하며 긍정적인 전망을 내놓고 있습니다.""]",-9.322465613856343,-2.9037187977585326,-0.8559112173617152,-4.928971605177941
005380,현대차,2025-05-02,187600,Buy,75,"[""재무 지표상 PER 4.0, PBR 0.32로 저평가 매력이 존재하며 ROE 8.0%로 양호한 수익성을 시현하고 있습니다."", ""최근 1개월 수익률은 하락했으나, 52주 최저가 대비 현재 위치가 9.9%로 상승 여력이 남아있습니다."", ""최근 애널리스트 리포트에서 제시된 목표주가 평균이 현재가 대비 상당한 상승 여력을 시사하며, 1분기 실적 호조 및 향후 성장 전망에 대한 긍정적인 의견이 다수입니다.""]",5.063965884861407,1.0660980810234542,2.4697472198524717,-8.190642924493678
005380,현대차,2025-06-02,186000,Neutral,55,"[""현대차의 현재가(186,000원)는 52주 최저가(177,500원)에 근접해 있어 기술적으로는 반등 가능성을 시사하지만, 최근 1개월 수익률(-4.56%)과 거래량 변화율(-21.94%)은 하락 추세를 나타내고 있습니다."", ""PER(3.9) 및 PBR(0.31) 지표는 현대차가 저평가되어 있음을 시사하며, 이는 장기적인 관점에서 긍정적인 요인으로 작용할 수 있습니다."", ""ROE(8.0%)는 양호한 수준이지만, 52주 최고가 대비 현재 위치가 낮아 단기적인 상승 모멘텀이 부족한 상황이며, 향후 20거래일 내 KOSPI 시장 수익률 대비 초과 상승 또는 하락을 명확히 판단하기에는 정보가 불충분합니다.""]",8.333333333333332,15.32258064516129,2.949045536131038,2.8559640234870027
005380,현대차,2025-07-01,213500,Buy,75,"[""최근 1개월 수익률이 9.95%로 양호하며, 거래량 변화율도 43.09%로 증가하는 추세는 긍정적입니다."", ""PER 4.4, PBR 0.36 등 낮은 밸류에이션 지표는 현재가 대비 상승 여력이 있음을 시사합니다."", ""최근 애널리스트 리포트에서 목표주가 265,000원을 제시하며 긍정적인 전망을 내놓았습니다.""]",-1.873536299765808,4.449648711943794,-3.781791748439975,-1.3847089916457245
005380,현대차,2025-08-01,211000,Buy,80,"[""최근 애널리스트 리포트들이 일관되게 긍정적인 전망과 함께 목표주가를 현재가 대비 상향 제시하고 있습니다."", ""PER 4.4, PBR 0.36 등 재무지표상 저평가 매력이 존재하며, ROE 8.1%는 양호한 수익성을 보여줍니다."", ""최근 1개월 수익률은 소폭 하락했으나, 거래량 변화율이 11.63%로 증가하며 투자자들의 관심이 재조명될 가능성을 시사합니다.""]",0.7109004739336493,4.265402843601896,-1.1640895983401967,3.4838922407903667
005380,현대차,2025-09-01,220000,Neutral,60,"[""현대차의 PER과 PBR은 시장 평균 대비 저평가된 수준으로 매력적인 투자 기회를 시사합니다."", ""최근 1개월 수익률은 긍정적이나, 거래량 변화율이 크게 감소한 점은 투자 심리 위축 가능성을 나타냅니다."", ""52주 최고가 대비 현재 위치는 중간 수준으로, 뚜렷한 상승 또는 하락 추세를 판단하기에는 정보가 제한적입니다.""]",-0.45454545454545453,-2.272727272727273,-3.2190575670172903,-10.224245863046752
005380,현대차,2025-10-01,220000,Buy,75,"[""최근 애널리스트 리포트에서 제시된 목표주가들이 현재가 대비 상당한 상승 여력을 시사하고 있습니다."", ""PER 4.5, PBR 0.37 등 재무지표 상 저평가 매력이 존재하며, ROE 8.1%는 안정적인 수익성을 보여줍니다."", ""최근 1개월 수익률은 소폭 하락했으나, 거래량 변화율이 긍정적인 점은 향후 주가 반등 가능성을 시사합니다.""]",10.0,22.272727272727273,4.388610423164596,8.82635469967581
005380,현대차,2025-11-03,276000,Buy,85,"[""최근 1개월 수익률이 35.90%로 매우 높으며, 52주 최고가에 근접한 강한 상승 모멘텀을 보여주고 있습니다."", ""최근 30일 내 애널리스트 리포트들이 모두 긍정적인 전망과 함께 목표주가를 현재가 대비 상향 제시하고 있어 추가 상승 여력이 충분하다고 판단됩니다."", ""PER 6.2, PBR 0.50 등 재무지표 상 저평가 매력이 존재하며, ROE 8.1%는 양호한 수익성을 나타내고 있습니다.""]",-2.536231884057971,-3.6231884057971016,-2.1638163508123163,-0.5465751308210005
005380,현대차,2025-12-01,266000,Neutral,60,"[""최근 1개월 수익률이 -12.24%로 하락세를 보이고 있으며, 거래량 변화율도 -48.06%로 감소하여 단기적인 투자 심리가 위축된 것으로 판단됩니다."", ""PER 5.4, PBR 0.43, ROE 8.0% 등 재무 지표는 저평가 구간에 있음을 시사하지만, 이는 장기적인 관점에서의 긍정적 요인으로 단기 20거래일 내 상승을 강하게 지지하기는 어렵습니다."", ""최근 30일 애널리스트 리포트에서 목표주가 330,000원을 제시하며 긍정적인 전망을 내놓았으나, 이는 20거래일이라는 단기적인 투자 방향을 판단하기에는 시차가 존재하며 시장 상황에 따라 변동될 수 있습니다.""]",15.413533834586465,12.218045112781954,11.693318461601198,4.3405604009096495
000270,기아,2023-01-02,62400,Neutral,60,"[""기아의 현재가는 52주 최저가에 근접해 있어 저가 매수 기회가 될 수 있으나, 최근 1개월 수익률이 마이너스이고 거래량 변화율도 감소하는 등 하락 추세가 관찰됩니다."", ""PER, PBR 등 재무 지표는 저평가 가능성을 시사하지만, 기술적 지표의 하락 추세가 이를 상쇄할 수 있습니다."", ""향후 20거래일 동안 KOSPI 시장 전체의 방향성과 기아차 자체의 모멘텀 변화에 대한 추가적인 정보 없이는 명확한 매수 또는 매도 신호를 판단하기 어렵습니다.""]",2.403846153846154,11.698717948717949,-3.574032584863354,0.42174244977261566
000270,기아,2023-02-01,69700,Buy,85,"[""최근 1개월 수익률이 17.20%로 강한 상승세를 보이고 있으며, 거래량 변화율도 29.43%로 긍정적인 흐름을 나타내고 있습니다."", ""애널리스트 리포트에서 제시된 목표주가들이 현재가(69,700원) 대비 상당한 상승 여력을 시사하고 있으며, 특히 2023년 1월 30일 리포트들은 긍정적인 실적과 주주친화정책을 강조하고 있습니다."", ""PER 5.8배, PBR 0.78배는 동종 업계 대비 저평가 가능성을 시사하며, ROE 13.3%는 양호한 수익성을 보여주고 있어 향후 주가 상승의 기반이 될 수 있습니다.""]",2.8694404591104736,12.195121951219512,2.3574674187034925,13.686081414619919
000270,기아,2023-03-02,78200,Buy,75,"[""기아는 현재 PER 6.5배, PBR 0.87배로 밸류에이션 매력이 높습니다."", ""최근 1개월 수익률이 16.47%로 강한 상승세를 보이고 있으며, 52주 최고가 대비 하락폭이 제한적입니다."", ""거래량 변화율이 음수이나, 이는 단기적인 차익 실현 물량일 가능성이 있으며 전반적인 상승 추세를 꺾을 정도는 아닐 것으로 판단됩니다.""]",-0.2557544757033248,3.580562659846547,1.285319588776728,1.7389215886602754
000270,기아,2023-04-03,80100,Buy,75,"[""기아는 현재 52주 최고가 대비 약 7% 하락한 수준으로, 추가 상승 여력이 존재합니다."", ""최근 애널리스트 리포트에서 목표주가가 현재가 대비 높게 제시되고 있으며, 긍정적인 전망을 유지하고 있습니다."", ""최근 1개월 수익률이 3.84%로 양호한 흐름을 보이고 있으며, 이는 시장 대비 초과 상승 가능성을 시사합니다.""]",6.117353308364544,7.990012484394507,3.4021858629601756,7.147846961981783
000270,기아,2023-05-02,86500,Buy,85,"[""기아의 현재가는 52주 최고가에 근접하며 강한 상승 모멘텀을 보여주고 있습니다."", ""최근 1개월 수익률이 7.28%로 양호하며, 거래량 변화율도 32.70%로 증가하여 투자자들의 관심이 높아지고 있음을 시사합니다."", ""최근 30일 내 애널리스트 리포트들이 일관되게 긍정적인 전망과 함께 110,000원 ~ 140,000원의 높은 목표주가를 제시하고 있어 향후 상승 여력이 충분하다고 판단됩니다.""]",4.161849710982659,-1.5028901734104045,4.577616881367247,-5.499052322606856
000270,기아,2023-06-01,85200,Buy,75,"[""기아는 현재 PER 6.2배, PBR 0.84배로 저평가된 것으로 판단됩니다."", ""ROE 13.5%는 양호한 수익성을 보여주며, 52주 최고가 대비 현재 위치가 80.8%로 상승 여력이 남아있습니다."", ""최근 애널리스트 리포트에서 EV 전환을 통한 브랜드 가치 및 ASP 상승을 전망하며 목표주가 130,000원을 제시한 점은 긍정적입니다.""]",-4.225352112676056,3.873239436619718,-5.3013277561855965,3.830569448613457
000270,기아,2023-07-03,88900,Buy,75,"[""기아는 현재 52주 최고가에 근접한 수준으로, 최근 1개월 수익률도 긍정적인 흐름을 보이고 있습니다."", ""애널리스트 리포트에서 제시된 목표주가(110,000원 ~ 155,000원) 대비 현재 주가(88,900원)는 상당한 상승 여력을 시사합니다."", ""PER 6.6배, PBR 0.88배는 시장 평균 대비 저평가 가능성을 나타내며, ROE 13.4%는 양호한 수익성을 보여줍니다.""]",-0.44994375703037126,-6.299212598425196,0.7384988125043224,-9.143454127590633
000270,기아,2023-08-01,80000,Buy,85,"[""최근 30일간 애널리스트 리포트에서 제시된 목표주가 평균이 현재가 대비 상당한 상승 여력을 시사합니다."", ""PER 6.2, PBR 0.83 등 재무지표 상 저평가 매력이 존재하며, ROE 13.4%는 양호한 수익성을 보여줍니다."", ""최근 1개월 수익률 하락 및 거래량 감소는 단기적인 조정으로 해석될 수 있으며, 이는 향후 반등의 기회가 될 수 있습니다.""]",-1.375,0.25,-0.9412094348492468,2.550809869786385
000270,기아,2023-09-01,80000,Neutral,55,"[""기아의 재무 지표는 저평가 가능성을 시사하나, 최근 1개월 수익률과 거래량 변화율은 약세를 보이고 있습니다."", ""52주 최고가 대비 현재 위치는 중간 수준으로, 뚜렷한 상승 또는 하락 추세를 판단하기 어렵습니다."", ""단기적인 기술적 지표의 약세와 재무적 매력도가 혼재되어 있어 향후 20거래일 동안 KOSPI 시장 대비 초과 상승 또는 하락을 단정하기 어렵습니다.""]",-3.0,6.5,-1.9294074403667922,13.302731616722454
000270,기아,2023-10-04,83500,Buy,75,"[""기아의 PER(6.1)과 PBR(0.81)은 시장 평균 대비 저평가 가능성을 시사하며, ROE(13.3%)는 양호한 수익성을 보여주고 있습니다."", ""현재 주가는 52주 최고가 대비 약 7.3% 하락한 수준으로, 기술적으로는 추가 상승 여력이 존재할 수 있습니다."", ""최근 1개월 수익률이 1.87%로 소폭 상승세를 보이고 있으나, 거래량 변화율이 음수(-)인 점은 단기적인 매수세 약화를 나타낼 수 있어 일부 불확실성을 내포합니다.""]",0.8383233532934131,-7.065868263473053,-1.3479805242236522,-5.598902046132407
000270,기아,2023-11-01,78500,Buy,85,"[""다수의 애널리스트 리포트에서 제시된 높은 목표주가와 긍정적인 전망은 향후 주가 상승에 대한 기대감을 높입니다."", ""현재 주가는 52주 최고가 대비 낮은 수준이며, PER과 PBR 지표는 상대적으로 저평가되어 있음을 시사합니다."", ""최근 1개월 수익률은 하락했지만, 거래량 변화율이 높다는 점은 투자자들의 관심이 증가하고 있음을 나타낼 수 있습니다.""]",-1.2738853503184715,9.42675159235669,-4.857141863002417,1.2252937071438073
000270,기아,2023-12-01,84100,Buy,75,"[""최근 애널리스트 리포트에서 긍정적인 전망과 함께 높은 목표주가가 제시되고 있습니다."", ""현재 주가는 52주 최고가 대비 소폭 하락한 수준으로, 추가 상승 여력이 존재합니다."", ""최근 1개월 수익률이 9.30%로 양호한 흐름을 보이고 있습니다.""]",3.56718192627824,10.46373365041617,3.1532571961643088,7.598070317149101
000270,기아,2024-01-02,93800,Buy,75,"[""최근 1개월 수익률이 13.49%로 양호하며, 52주 최고가 대비 현재 위치가 높아 상승 모멘텀이 유지되고 있습니다."", ""애널리스트 리포트에서 제시된 목표주가(125,000원 ~ 130,000원)가 현재가 대비 상당한 상승 여력을 시사합니다."", ""PER 7.2, PBR 0.97 등 재무지표가 저평가 구간에 있음을 나타내며, ROE 13.4%는 양호한 수익성을 보여줍니다.""]",-3.518123667377399,9.701492537313433,-1.0124760842361566,13.92883796229166
000270,기아,2024-02-01,119500,Buy,75,"[""최근 1개월 수익률이 13.33%로 양호하며, 거래량 변화율도 33.67%로 증가 추세를 보이고 있습니다."", ""다수의 애널리스트 리포트에서 목표주가를 현재가 대비 상향 제시하며 긍정적인 전망을 내놓고 있습니다."", ""PER 7.9배, PBR 1.05배로 재무 지표상 저평가 매력이 존재하며, ROE 13.3%로 수익성도 양호합니다.""]",-1.9246861924686192,6.2761506276150625,-3.2373412888051885,5.275122068859128
000270,기아,2024-03-04,123000,Buy,75,"[""기아는 현재 52주 최고가에 근접한 수준으로, 최근 1개월간 28.16%의 높은 수익률을 기록하며 강한 상승 모멘텀을 보여주고 있습니다."", ""최근 애널리스트 리포트에서 목표주가 150,000원을 제시하며 긍정적인 전망을 내놓고 있어 추가 상승 여력이 기대됩니다."", ""PER 9.3배, PBR 1.25배는 시장 평균 대비 매력적인 밸류에이션 수준으로 판단되며, ROE 13.4%는 양호한 수익성을 나타냅니다.""]",2.5203252032520327,-14.878048780487804,1.2970293626843625,-18.79440720126231
000270,기아,2024-04-01,104700,Neutral,60,"[""최근 1개월 수익률이 -12.69%로 하락세를 보이고 있으며, 거래량 변화율 또한 -41.08%로 감소하여 단기적인 투자 심리가 위축된 것으로 판단됩니다."", ""PER 4.9, PBR 0.91, ROE 18.6% 등 재무 지표는 양호한 편이나, 52주 최고가 대비 현재 위치가 62.3%로 상승 여력에 대한 의문이 제기될 수 있습니다."", ""최근 애널리스트 리포트에서 목표주가 140,000원을 제시하며 긍정적인 전망을 내놓았으나, 'EV 빼고 다 좋다'는 언급은 전기차 부문에 대한 우려를 시사하며 투자 방향을 명확히 판단하기 어렵게 합니다.""]",3.151862464183381,14.231136580706782,4.8953136257577174,16.75587179406161
000270,기아,2024-05-02,113900,Buy,85,"[""최근 애널리스트 리포트들이 일제히 긍정적인 실적 전망과 함께 높은 목표주가를 제시하고 있습니다."", ""현재 주가는 52주 최고가 대비 약 17% 하락한 수준으로, 상승 여력이 충분하다고 판단됩니다."", ""최근 1개월 수익률이 10.03%로 양호한 흐름을 보이고 있으며, 이는 시장 대비 초과 상승 가능성을 시사합니다.""]",0.35118525021949076,4.477611940298507,-1.5385043968366927,5.020458728984288
000270,기아,2024-06-03,119000,Buy,75,"[""기아는 현재 PER 5.4배, PBR 1.01배로 저평가 구간에 있으며, ROE 18.6%로 높은 수익성을 보여주고 있습니다."", ""52주 최고가 대비 현재 위치가 84.9%로 상승 여력이 남아있으며, 최근 1개월 수익률도 2.29%로 긍정적인 흐름을 보이고 있습니다."", ""거래량 변화율이 음수이나, 이는 단기적인 조정일 수 있으며 전반적인 재무 및 기술적 지표는 긍정적인 투자 신호를 보내고 있습니다.""]",2.941176470588235,3.949579831932773,0.4593012592888783,-1.0055307950158885
000270,기아,2024-07-01,123600,Buy,75,"[""기아는 현재 PER 5.8배로 저평가 구간에 있으며, ROE 18.6%로 높은 수익성을 보여주고 있습니다."", ""52주 최고가 대비 현재 위치가 93.3%로 상승 여력이 남아있으며, 최근 1개월 수익률도 9.26%로 긍정적인 흐름을 이어가고 있습니다."", ""거래량 변화율이 소폭 하락했으나, 전반적인 재무 및 기술적 지표가 상승세를 지지하고 있어 향후 20거래일 내 KOSPI 시장 수익률 대비 초과 상승을 기대해 볼 수 있습니다.""]",-0.889967637540453,-9.70873786407767,-4.001235374859124,-8.174320453636293
000270,기아,2024-08-01,107100,Buy,75,"[""기아의 재무 지표(PER 5.1, PBR 0.94, ROE 18.6%)는 현재 주가가 기업의 내재 가치 대비 저평가되어 있음을 시사합니다."", ""최근 애널리스트 리포트들은 전반적으로 긍정적인 전망을 제시하며, 목표주가 상향 조정 가능성을 내포하고 있습니다."", ""최근 1개월 수익률은 하락했으나, 이는 단기적인 조정일 수 있으며 52주 최고가 대비 현재 위치(63.5%)는 상승 여력이 있음을 보여줍니다.""]",-4.855275443510738,-0.9337068160597572,-1.57598660377962,-1.113439944126148
000270,기아,2024-09-02,102200,Neutral,60,"[""기아는 현재 PER, PBR 지표상 저평가 구간에 있으며 ROE 또한 우수한 수준으로 펀더멘털 측면에서 긍정적인 요소를 가지고 있습니다."", ""하지만 최근 1개월 수익률이 마이너스를 기록하며 단기적인 하락세를 보이고 있으며, 52주 최고가 대비 상당한 하락폭을 기록하고 있어 투자 심리가 위축될 가능성이 있습니다."", ""거래량 변화율이 긍정적인 신호를 보이고 있으나, 전반적인 시장 상황 및 거시 경제 변수에 대한 정보가 부족하여 명확한 방향성을 판단하기 어렵습니다.""]",-1.9569471624266144,-2.5440313111545985,3.3420999848321142,0.09310780384448147
000270,기아,2024-10-02,98000,Neutral,55,"[""기아의 현재 PER과 PBR은 시장 평균 대비 저평가 가능성을 시사하지만, 최근 1개월 수익률 하락은 투자 심리 위축을 나타냅니다."", ""52주 최고가 대비 현재 위치는 하락 여력이 있음을 보여주지만, ROE 18.6%는 견조한 수익성을 유지하고 있음을 시사합니다."", ""거래량 변화율 증가는 시장의 관심이 증가하고 있음을 나타내지만, 이것이 상승 또는 하락으로 이어질지는 불확실합니다.""]",2.6530612244897958,-0.6122448979591837,0.56800104260157,-1.361745814404999
000270,기아,2024-11-01,97400,Buy,75,"[""대부분의 애널리스트 리포트에서 긍정적인 전망과 함께 목표주가를 현재가 대비 높게 제시하고 있습니다."", ""PER, PBR 등 재무지표가 낮아 저평가 매력이 있으며, ROE는 높은 수준을 유지하고 있습니다."", ""최근 1개월 수익률은 하락했으나, 이는 일회성 비용 반영 등 단기적인 요인으로 분석되며 향후 실적 개선 기대감이 높습니다.""]",-2.8747433264887063,-3.285420944558522,-0.6611216931750739,1.9093090059623337
000270,기아,2024-12-02,98000,Buy,75,"[""기아의 현재 주가는 PER 4.2, PBR 0.79로 저평가 구간에 있으며, ROE 18.6%로 높은 수익성을 보여주고 있습니다."", ""최근 애널리스트 리포트에서 두 건 모두 목표주가 150,000원을 제시하며 긍정적인 전망을 내놓고 있습니다."", ""52주 최고가 대비 현재 위치가 22.6%로 상승 여력이 남아있으며, 52주 최저가 대비로는 상당한 상승을 기록했습니다.""]",-2.2448979591836733,2.7551020408163267,1.0453704300807471,5.0822089565396915
000270,기아,2025-01-02,100700,Buy,85,"[""최근 30일간 발표된 다수의 애널리스트 리포트에서 긍정적인 목표주가 상향 조정과 함께 밸류업 프로그램, 자사주 매입/소각 확대, 주주환원율 상향 등 기업 가치 제고 계획이 발표되었습니다."", ""현재 주가는 52주 최고가 대비 약 23.9% 하락한 수준으로, 밸류업 기대감 반영 시 상승 여력이 충분합니다."", ""최근 1개월 수익률이 9.36%로 양호하며, 거래량 변화율도 7.01%로 긍정적인 수급 흐름을 보이고 있습니다.""]",4.865938430983118,-1.8867924528301887,1.8412693181538642,-5.770212057076025
000270,기아,2025-02-03,96700,Buy,75,"[""대부분의 애널리스트 리포트에서 목표주가를 현재가 대비 높게 제시하며 긍정적인 전망을 유지하고 있습니다."", ""PER 4.3, PBR 0.81, ROE 18.7% 등 재무 지표가 양호하며, 시가총액 규모도 상당하여 안정적인 투자 매력이 있습니다."", ""최근 1개월 수익률이 하락했으나, 이는 단기적인 조정일 가능성이 있으며 향후 반등을 기대해 볼 수 있습니다.""]",-2.998965873836608,-0.8273009307135472,-5.310294041335374,-3.9074600158531116
000270,기아,2025-03-04,95900,Neutral,60,"[""기아의 재무지표는 저평가 가능성을 시사하나, 최근 1개월 수익률 하락은 단기적인 투자 심리 위축을 나타냅니다."", ""52주 최고가 대비 현재 위치는 낮지만, 52주 최저가 대비로는 상승 여력이 남아있어 방향성 판단이 어렵습니다."", ""거래량 변화율이 소폭 상승했으나, 이것만으로는 추세 전환을 확신하기에 정보가 부족합니다.""]",3.3368091762252345,-3.962460896767466,2.6843794717145157,-1.9191714626886673
000270,기아,2025-04-01,92100,Buy,85,"[""최근 애널리스트 리포트에서 신차 효과, 실적 개선, 자기주식 취득 및 소각 예정 등 긍정적인 전망과 함께 목표주가가 현재가 대비 높게 제시되고 있습니다."", ""PER 3.7, PBR 0.65로 밸류에이션 매력이 있으며, ROE 17.4%로 견조한 수익성을 보여주고 있습니다."", ""최근 1개월 수익률은 0.00%로 정체되어 있으나, 52주 최저가 대비 현재 위치가 5.8%로 상승 여력이 남아있고 거래량 변화율이 25.67%로 증가하는 추세는 긍정적인 신호로 해석될 수 있습니다.""]",-9.011943539630836,-1.8458197611292075,-0.5453891431362088,-3.871072568548616
000270,기아,2025-05-02,88100,Buy,75,"[""기아의 현재 PER(3.6) 및 PBR(0.63)은 동종 업계 대비 낮은 수준으로 밸류에이션 매력이 존재합니다."", ""최근 30일간 애널리스트 리포트에서 제시된 목표주가 평균은 현재가 대비 상당한 상승 여력을 시사합니다."", ""52주 최저가 대비 현재 위치가 낮아 기술적으로도 반등 가능성이 존재하며, 1분기 실적 리뷰에도 불구하고 하방 우려가 제한적이라는 분석이 있습니다.""]",4.880817253121453,5.675368898978434,2.286598588112518,-3.5813721065386996
000270,기아,2025-06-02,89600,Neutral,55,"[""기아의 재무 지표는 저평가 가능성을 시사하나, 최근 주가 하락세와 거래량 감소는 단기적인 투자 심리 위축을 나타냅니다."", ""52주 최고가 대비 현재 위치가 낮아 반등 여력은 있으나, 최근 1개월 수익률이 마이너스인 점은 상승 모멘텀 약화를 시사합니다."", ""현재 제공된 정보만으로는 향후 20거래일 동안 KOSPI 시장 수익률 대비 초과 상승 또는 하락을 명확히 판단하기 어렵습니다.""]",9.821428571428571,11.71875,4.437140774226277,-0.7478666216742873
000270,기아,2025-07-01,100000,Buy,75,"[""기아의 PER(4.0)과 PBR(0.69)은 시장 평균 대비 저평가 가능성을 시사하며, ROE(17.4%)는 높은 수익성을 보여주고 있습니다."", ""최근 1개월 수익률(5.90%)과 거래량 변화율(21.02%)은 긍정적인 시장 관심과 매수세를 나타냅니다."", ""현재 주가는 52주 최고가 대비 하락한 위치에 있어 추가 상승 여력이 존재하며, 이는 KOSPI 시장 수익률 대비 초과 상승 가능성을 높입니다.""]",-0.4,10.4,-2.308255448674167,4.5656422964104815
000270,기아,2025-08-01,102800,Buy,75,"[""최근 애널리스트 리포트에서 제시된 목표주가 평균이 현재가 대비 상당한 상승 여력을 시사합니다."", ""PER 4.0, PBR 0.70, ROE 17.3% 등 재무지표가 양호하며, 이는 기업의 내재가치 대비 저평가 가능성을 나타냅니다."", ""최근 1개월 수익률이 소폭 상승했고 거래량 변화율이 긍정적인 점은 투자 심리 개선의 신호일 수 있습니다.""]",-1.1673151750972763,4.280155642023346,-3.0423052473711225,3.498645039211817
000270,기아,2025-09-01,107200,Buy,75,"[""기아는 현재가 107,200원으로 52주 최고가 110,400원에 근접해 있어 추가 상승 여력이 남아있습니다."", ""PER 4.3, PBR 0.74, ROE 17.3% 등 재무 지표가 양호하여 기업 가치 대비 저평가된 측면이 있습니다."", ""최근 1개월 수익률이 4.11%로 시장 대비 양호한 흐름을 보이고 있으나, 거래량 변화율이 크게 감소한 점은 단기적인 변동성을 야기할 수 있습니다.""]",-1.585820895522388,-6.063432835820896,-4.350333007994224,-14.014951426140374
000270,기아,2025-10-01,104200,Neutral,60,"[""기아의 재무 지표는 매력적이나, 최근 1개월 수익률 하락과 52주 최고가 대비 낮은 현재가는 투자 심리에 부정적인 영향을 줄 수 있습니다."", ""최근 1개월 수익률 하락에도 불구하고 거래량 변화율이 높다는 점은 향후 변동성 확대 가능성을 시사합니다."", ""애널리스트 리포트에서 제시된 목표주가 120,000원은 현재가 대비 상승 여력을 보여주지만, 20거래일이라는 단기적인 관점에서는 불확실성이 존재합니다.""]",6.813819577735125,7.485604606525912,1.2024300008997209,-5.960767966525551
000270,기아,2025-11-03,114400,Neutral,65,"[""최근 1개월 수익률이 높고 거래량 변화율이 크지만, 3분기 실적 부진 예상 리포트가 존재하여 상승 모멘텀이 제한적입니다."", ""현재가가 52주 최고가에 근접해 있어 추가 상승 여력이 크지 않을 수 있습니다."", ""재무 지표는 양호하나, 단기적인 실적 우려와 기술적 지표의 과열 가능성이 혼재되어 있어 명확한 방향성을 판단하기 어렵습니다.""]",1.3986013986013985,2.272727272727273,1.7710169318470534,5.349340547703374
000270,기아,2025-12-01,117000,Buy,75,"[""기아의 재무지표(PER 4.5, PBR 0.79, ROE 17.5%)는 현재 주가가 저평가되어 있음을 시사합니다."", ""최근 애널리스트 리포트들은 전반적으로 긍정적인 전망을 제시하며, 목표주가가 현재가 대비 상승 여력이 있음을 보여줍니다."", ""최근 1개월 수익률은 하락했지만, 52주 최고가 대비 현재 위치(80.0%)는 여전히 상승 가능성을 내포하고 있습니다.""]",5.811965811965812,3.076923076923077,2.0917504389805446,-4.8005616349492275
105560,KB금융,2023-01-02,49050,Neutral,55,"[""KB금융은 현재 52주 최저가에 근접한 수준으로 반등 가능성이 있으나, 최근 1개월 수익률이 마이너스이고 거래량 변화율도 부정적인 점은 하락 압력으로 작용할 수 있습니다."", ""PER, PBR, ROE 등 핵심 재무지표 정보가 부족하여 기업의 본질적인 가치 평가에 한계가 있습니다."", ""기술적 지표상으로는 반등을 기대할 수 있는 위치이나, 시장 전반의 흐름이나 추가적인 악재 발생 가능성을 배제할 수 없어 명확한 방향성을 판단하기 어렵습니다.""]",17.83893985728848,14.984709480122325,11.861061118578972,3.7077339811769914
105560,KB금융,2023-02-01,56400,Buy,75,"[""최근 1개월 수익률이 18.35%로 강한 상승세를 보이고 있으며, 거래량 변화율도 58.72%로 증가하여 투자 심리가 긍정적임을 시사합니다."", ""52주 최고가 대비 현재 위치가 62.0%로, 아직 상승 여력이 남아있다고 판단됩니다."", ""애널리스트 리포트에서 목표주가 65,000원을 제시하며 긍정적인 전망을 내놓았습니다.""]",-3.900709219858156,-11.347517730496454,-4.412682260265137,-9.856558267096048
105560,KB금융,2023-03-02,50000,Buy,75,"[""최근 30일간 애널리스트 리포트에서 제시된 목표주가 평균이 현재가 대비 상당한 상승 여력을 시사합니다."", ""대부분의 리포트에서 주주환원 정책에 대한 긍정적인 평가가 나타나 투자 심리에 긍정적인 영향을 줄 수 있습니다."", ""52주 최고가 대비 현재 위치가 37.9%로, 상승 여력이 남아있다고 볼 수 있습니다.""]",-0.6,-4.7,0.9410740644800527,-6.541641071186272
105560,KB금융,2023-04-03,47750,Neutral,55,"[""KB금융은 현재 52주 최저가에 근접한 수준으로 반등 가능성이 있으나, 최근 1개월 수익률 하락 및 거래량 감소는 투자 심리 위축을 시사합니다."", ""PER, PBR, ROE 등 핵심 재무지표 정보가 부족하여 펀더멘털 분석에 한계가 있습니다."", ""유일한 애널리스트 리포트에서는 긍정적인 전망을 제시하고 있으나, 목표주가와의 괴리가 크고 최근 시장 상황을 반영하지 못할 수 있습니다.""]",-1.6753926701570683,1.1518324607329842,-4.390560115561437,0.3096669383202597
105560,KB금융,2023-05-02,48300,Neutral,65,"[""KB금융은 현재 52주 최고가 대비 낮은 수준에 위치해 있으며, 최근 1개월 수익률은 긍정적이나 거래량 변화율은 하락세를 보이고 있습니다."", ""애널리스트 리포트에서는 목표주가가 현재가 대비 상승 여력을 시사하지만, 핵심이익 둔화 및 대손비용 전망의 어려움 등 부정적인 의견도 혼재되어 있습니다."", ""PER, PBR, ROE 등 주요 재무지표 정보가 부족하여 펀더멘탈에 대한 명확한 판단이 어렵습니다.""]",1.8633540372670807,-1.7598343685300208,2.279121207651669,-5.755996517726472
105560,KB금융,2023-06-01,47450,Neutral,55,"[""KB금융은 현재 PER, PBR, ROE 등 주요 재무지표 정보가 부족하여 기업의 내재가치 평가에 한계가 있습니다."", ""최근 1개월 수익률이 마이너스(-)를 기록하며 단기적인 하락세를 보이고 있으나, 52주 최고가 대비 하락폭이 크지 않아 추가 하락 가능성은 제한적입니다."", ""유일한 애널리스트 리포트에서는 목표주가 62,000원을 제시하며 긍정적인 전망을 내놓았으나, 이는 2023년 5월 4일 기준으로 현재 시장 상황과 괴리가 있을 수 있으며, 다른 분석 자료가 없어 종합적인 판단이 어렵습니다.""]",2.73972602739726,2.528977871443625,1.6637503838877197,2.486307883437364
105560,KB금융,2023-07-03,48400,Buy,75,"[""최근 30일 내 애널리스트 리포트에서 모두 긍정적인 전망과 함께 목표주가를 현재가 대비 상향 제시하고 있습니다."", ""최근 1개월 수익률이 3.95%로 양호한 흐름을 보이고 있으며, 52주 최고가 대비 하락폭이 제한적입니다."", ""PER, PBR, ROE 등 재무지표가 적자 또는 N/A로 표시되어 있으나, 이는 금융업종의 특성상 일반 제조업과는 다른 분석이 필요하며, 애널리스트 리포트에서 '압도적인 펀더멘털 유지', '탄탄한 펀더멘탈'이라는 표현을 통해 재무 건전성을 긍정적으로 평가하고 있습니다.""]",-2.37603305785124,9.090909090909092,-1.1875904883165462,6.246667561743654
105560,KB금융,2023-08-01,52600,Buy,80,"[""최근 1개월 수익률이 8.53%로 양호하며, 거래량 변화율도 26.96%로 긍정적인 흐름을 보이고 있습니다."", ""최근 30일 이내 발행된 5건의 애널리스트 리포트 모두 긍정적인 의견과 함께 목표주가를 제시하고 있으며, 평균 목표주가는 현재가 대비 상승 여력을 시사합니다."", ""52주 최고가 대비 현재 위치가 55.8%로, 상승 여력이 남아있다고 판단됩니다.""]",-3.4220532319391634,2.8517110266159698,-2.9882626667884105,5.152520896402354
105560,KB금융,2023-09-01,54000,Buy,75,"[""최근 1개월 수익률이 1.90%로 양호한 흐름을 보이고 있으며, 52주 최고가 대비 현재 위치가 60.7%로 상승 여력이 남아있습니다."", ""애널리스트 리포트에서 목표주가 70,000원을 제시하며 긍정적인 전망을 내놓고 있습니다."", ""PER, PBR, ROE 등 주요 재무지표가 '해당없음' 또는 'N/A'로 표시되어 있어, 현재가 기준으로 저평가 여부를 판단하기는 어렵지만, 금융업종 특성상 안정적인 이익 창출 가능성을 고려할 때 긍정적인 요인으로 작용할 수 있습니다.""]",2.2222222222222223,3.3333333333333335,3.29281478185543,10.136064950055786
105560,KB금융,2023-10-04,53600,Buy,75,"[""최근 1개월 수익률이 3.99%로 양호하며, 거래량 변화율도 7.82%로 긍정적인 흐름을 보이고 있습니다."", ""애널리스트 리포트에서 NIM 상승 추세 지속과 지배구조 불확실성 해소를 언급하며 목표주가 68,000원을 제시한 점은 긍정적입니다."", ""현재 주가가 52주 최고가 대비 약 10.7% 하락한 수준으로, 추가 상승 여력이 존재한다고 판단됩니다.""]",5.597014925373134,-1.8656716417910446,3.410711047856069,-0.3987054244503987
105560,KB금융,2023-11-01,51000,Buy,75,"[""최근 30일간 애널리스트 리포트에서 모두 긍정적인 전망과 함께 높은 목표주가를 제시하고 있어 향후 상승 여력이 충분하다고 판단됩니다."", ""현재가 51,000원은 52주 최저가 45,300원 대비 약 12.6% 상승한 수준으로, 52주 최고가 60,000원 대비로는 아직 상승 여력이 남아있습니다."", ""최근 1개월 수익률은 -7.90%로 다소 부진했으나, 이는 단기적인 조정일 가능성이 있으며 애널리스트들의 긍정적인 전망을 고려할 때 반등을 기대해 볼 수 있습니다.""]",4.705882352941177,2.7450980392156863,1.122625840257232,-5.456359845997196
105560,KB금융,2023-12-01,51500,Buy,75,"[""KB금융은 현재 52주 최고가 대비 약 14% 하락한 수준으로, 추가적인 하락보다는 반등 가능성이 존재합니다."", ""최근 1개월 수익률이 1.76%로 소폭 상승세를 보이고 있으며, 이는 시장 대비 양호한 흐름을 나타낼 수 있습니다."", ""애널리스트 리포트에서 목표주가 70,000원을 제시하며 긍정적인 전망을 내놓고 있어 향후 상승 여력이 있다고 판단됩니다.""]",0.1941747572815534,0.3883495145631068,-0.2197499728323777,-2.477313818703963
105560,KB금융,2024-01-02,52600,Neutral,55,"[""KB금융은 현재 PER, PBR, ROE 등 주요 재무지표 정보가 부족하여 기업의 내재가치 평가에 한계가 있습니다."", ""최근 1개월 수익률은 긍정적이나, 거래량 변화율이 마이너스를 기록하며 투자 심리가 다소 위축되었을 가능성을 시사합니다."", ""52주 최고가 대비 현재 위치는 중간 수준으로, 향후 상승 및 하락 요인이 혼재되어 있어 명확한 방향성을 판단하기 어렵습니다.""]",-2.4714828897338403,7.604562737642586,0.0341646934074018,11.831908162620813
105560,KB금융,2024-02-01,66300,Buy,75,"[""KB금융은 52주 최고가 대비 100% 수준에 위치하며 최근 1개월 수익률이 16.54%로 강한 상승세를 보이고 있습니다."", ""거래량 변화율이 79.35%로 높게 나타나 투자자들의 관심이 집중되고 있음을 시사합니다."", ""최근 애널리스트 리포트에서 펀더멘털에 이상이 없다는 점을 언급했으나, 목표주가 65,000원은 현재가 66,300원보다 낮아 단기적인 추가 상승 여력에 대한 불확실성이 존재합니다.""]",5.128205128205128,5.279034690799397,3.8155500318685585,4.278006132043462
105560,KB금융,2024-03-04,69500,Buy,85,"[""KB금융은 52주 최고가에 근접한 97.0% 위치에 있으며, 최근 1개월 수익률이 23.43%로 강한 상승세를 보이고 있습니다."", ""최근 30일간의 애널리스트 리포트에서 제시된 목표주가들이 현재가 대비 상승 여력을 시사하며, 우수한 자본력, 높은 주주환원율, 확고한 이익 체력 등을 긍정적으로 평가하고 있습니다."", ""거래량 변화율이 113.51%로 크게 증가한 것은 투자자들의 관심이 높아지고 있음을 나타내며, 이는 향후 주가 상승에 긍정적인 요인으로 작용할 수 있습니다.""]",5.323741007194244,-0.8633093525179856,4.100445166626574,-4.779667773292491
105560,KB금융,2024-04-01,68900,Buy,75,"[""KB금융은 현재가 68,900원으로 52주 최고가 78,600원 대비 하락한 상태이며, 52주 내 위치가 68.2%로 상승 여력이 남아있습니다."", ""최근 1개월 수익률이 7.72%로 양호한 흐름을 보이고 있으며, 애널리스트 리포트에서도 견조한 주주 환원과 함께 목표주가 86,000원을 제시하여 긍정적인 전망을 나타내고 있습니다."", ""PER 5.9, PBR 0.43 등 낮은 밸류에이션 지표는 현재 주가가 저평가되었을 가능성을 시사하며, 이는 향후 상승 동력으로 작용할 수 있습니다.""]",0.29027576197387517,4.934687953555878,2.033726923548212,7.459423166910705
105560,KB금융,2024-05-02,73700,Buy,85,"[""최근 5건의 애널리스트 리포트 모두 긍정적인 전망과 함께 목표주가를 현재가 대비 상향 제시하고 있습니다."", ""PER 6.2, PBR 0.46 등 재무지표상 저평가 매력이 존재하며, ROE 7.4%는 안정적인 수익성을 보여줍니다."", ""52주 최고가 대비 현재 위치가 80.4%로 상승 여력이 남아있으며, 최근 1개월 수익률도 긍정적인 흐름을 보이고 있습니다.""]",10.719131614654003,5.291723202170964,8.82944196759782,5.834569990856744
105560,KB금융,2024-06-03,77600,Buy,75,"[""KB금융은 현재 PER 6.8배, PBR 0.50배로 저평가 구간에 있으며, ROE 7.3%로 양호한 수익성을 보여주고 있습니다."", ""52주 최고가 대비 현재 위치가 93.5%로 상승 여력이 남아있으며, 최근 1개월 수익률도 4.89%로 긍정적인 흐름을 보이고 있습니다."", ""최근 애널리스트 리포트에서 실적과 주주 환원을 긍정적으로 평가하며 목표주가 88,000원을 제시한 점은 향후 주가 상승에 대한 기대감을 높입니다.""]",1.9329896907216495,8.762886597938143,-0.5488855205777072,3.807775970989482
105560,KB금융,2024-07-01,83200,Buy,75,"[""KB금융은 현재가 83,200원으로 52주 최고가 81,600원을 상회하며 강한 상승 추세를 보이고 있습니다."", ""PER 6.9, PBR 0.50은 금융 업종 내에서 저평가 매력을 시사하며, ROE 7.3%는 양호한 수익성을 나타냅니다."", ""최근 1개월 수익률이 1.14%로 시장 대비 견조한 흐름을 보이고 있으나, 거래량 변화율이 -20.08%로 감소한 점은 단기적인 상승 탄력 둔화 가능성을 시사합니다.""]",2.403846153846154,7.331730769230769,-0.7074215834725162,8.866148179672146
105560,KB금융,2024-08-01,83200,Buy,85,"[""최근 애널리스트 리포트들이 일제히 KB금융의 2분기 실적을 긍정적으로 평가하며 목표주가를 상향 조정하고 있어 단기 상승 모멘텀이 기대됩니다."", ""현재 주가는 52주 최고가 대비 낮은 수준이지만, 52주 최저가 대비로는 높은 위치에 있어 추가 상승 여력이 존재합니다."", ""PER 7.6배, PBR 0.56배는 금융업종 평균 대비 저평가된 수준으로, 실적 개선과 함께 밸류에이션 매력이 부각될 수 있습니다.""]",-1.5625,5.408653846153847,1.7167888397311182,5.228920718087456
105560,KB금융,2024-09-02,87000,Neutral,60,"[""KB금융은 현재 52주 최고가에 근접한 수준으로, 단기적인 추가 상승 여력이 제한적일 수 있습니다."", ""최근 1개월 수익률이 소폭 하락하고 거래량 변화율이 감소한 점은 투자 심리가 다소 위축되었음을 시사합니다."", ""하지만 PER, PBR 등 재무 지표상 저평가 매력이 존재하며, 금융 업종 전반의 안정적인 흐름을 고려할 때 급격한 하락보다는 관망세가 이어질 가능성이 있습니다.""]",-4.712643678160919,2.7586206896551726,0.5864034690978093,5.3957598046542525
105560,KB금융,2024-10-02,82600,Buy,75,"[""KB금융은 현재 PER 7.0, PBR 0.51로 저평가된 것으로 판단되며, 이는 밸류업 프로그램 기대감과 함께 상승 여력을 시사합니다."", ""최근 애널리스트 리포트에서 목표주가가 현재가 대비 높게 제시되고 있어 긍정적인 전망을 뒷받침합니다."", ""최근 1개월 수익률은 하락했으나, 52주 내 현재 위치가 77.1%로 높은 편이며 거래량 변화율이 27.15%로 증가한 점은 투자 심리 개선 가능성을 보여줍니다.""]",17.675544794188863,9.806295399515738,15.590484612300637,9.056794483069924
105560,KB금융,2024-11-01,90700,Buy,85,"[""최근 30일간 애널리스트 리포트에서 제시된 목표주가가 현재가 대비 상당한 상승 여력을 시사하며, 모두 긍정적인 전망을 내놓고 있습니다."", ""KB금융은 현재 PER 7.9배, PBR 0.58배로 저평가된 것으로 보이며, 이는 밸류업 프로그램 기대감과 맞물려 주가 상승 요인으로 작용할 수 있습니다."", ""최근 1개월 수익률이 13.47%로 양호한 흐름을 보이고 있으며, 52주 최고가 대비 현재 위치가 82.2%로 상승 추세가 이어질 가능성이 있습니다.""]",2.2050716648291067,6.284454244762955,4.418693298142739,11.47918419528381
105560,KB금융,2024-12-02,101200,Buy,75,"[""현재가 52주 최고가에 근접하며 강한 상승 모멘텀을 보여주고 있습니다."", ""최근 애널리스트 리포트에서 목표주가를 상향하며 긍정적인 전망을 제시하고 있습니다."", ""PBR 0.61은 저평가 구간으로 판단되며, 향후 상승 여력이 존재합니다.""]",-17.687747035573125,-17.193675889328063,-14.397478646308704,-14.866568973604698
105560,KB금융,2025-01-02,83800,Neutral,55,"[""KB금융은 현재 PER과 PBR이 낮아 저평가 매력이 있으나, 최근 1개월 수익률이 크게 하락하며 단기적인 하방 압력을 받고 있습니다."", ""52주 최고가 대비 현재 위치는 65.7%로 상승 여력이 남아있지만, 거래량 변화율이 높다는 점은 변동성 확대 가능성을 시사합니다."", ""금융 업종 전반의 금리 인상 및 경기 침체 우려와 같은 거시 경제 요인이 KB금융의 향후 주가 방향에 불확실성을 더하고 있어 명확한 매수 또는 매도 신호를 판단하기 어렵습니다.""]",4.77326968973747,1.3126491646778042,1.7486005769082156,-2.570770439568032
105560,KB금융,2025-02-03,91300,Buy,75,"[""최근 애널리스트 리포트에서 목표주가가 현재가 대비 상승 여력이 충분함을 제시하고 있으며, 외국인 수급 개선 및 주주환원 정책 강화 기대감이 긍정적 요인으로 작용할 수 있습니다."", ""현재 주가는 52주 최고가 대비 하락한 수준이지만, 52주 내 위치가 76.1%로 비교적 높은 편이며 최근 1개월 수익률도 긍정적인 흐름을 보이고 있습니다."", ""PER 7.7배, PBR 0.56배는 금융업종 내에서 상대적으로 저평가된 수준으로 볼 수 있으며, ROE 7.3%는 안정적인 수익성을 보여주고 있습니다.""]",-7.776560788608982,-16.10076670317634,-10.087888956107747,-19.180925788315903
105560,KB금융,2025-03-04,76600,Neutral,65,"[""최근 1개월 수익률이 -15.05%로 하락세를 보였으나, 거래량 변화율이 93.79%로 크게 증가하여 투자자들의 관심이 높아지고 있음을 시사합니다."", ""애널리스트들의 목표주가가 현재가 대비 상당한 상승 여력을 보여주고 있으며, 특히 하반기 자사주 매입 기대감이 긍정적인 요인으로 작용할 수 있습니다."", ""PER과 PBR 지표가 낮아 저평가 매력이 있으나, ROE가 7.3%로 다소 낮은 수준이며, 일부 리포트에서 위험가중자산 증가율 통제 필요성이 언급되어 상승 여력에 대한 불확실성이 존재합니다.""]",0.39164490861618795,5.091383812010443,-0.26078479589453096,7.134673246089243
105560,KB금융,2025-04-01,80500,Neutral,55,"[""KB금융은 현재 PER 6.2배, PBR 0.50배로 저평가 매력이 있으나, ROE 8.1%는 시장 평균 대비 높은 수준은 아닙니다."", ""52주 최고가 대비 현재 위치가 43.3%로 상승 여력이 남아있지만, 최근 1개월 수익률이 1.66%로 부진하고 거래량 변화율이 -23.14%로 감소한 점은 단기적인 매수세 약화를 시사합니다."", ""금융 업종 전반의 금리 변동성 및 규제 리스크 등 거시 경제 요인이 KB금융의 단기 주가 방향성에 불확실성을 더하고 있습니다.""]",-11.925465838509316,12.049689440993788,-3.4589114420146885,10.024436633574378
105560,KB금융,2025-05-02,93600,Buy,85,"[""최근 1개월 수익률이 15.78%로 강한 상승세를 보이고 있으며, 52주 최고가 대비 현재 위치가 78.7%로 상승 여력이 남아있습니다."", ""다수의 애널리스트 리포트에서 목표주가를 현재가 대비 상향 제시하며 긍정적인 전망을 내놓고 있습니다."", ""PER 7.2, PBR 0.58로 금융업종 평균 대비 저평가된 것으로 판단되며, ROE 8.0%는 양호한 수준입니다.""]",-0.2136752136752137,13.568376068376068,-2.807893878684149,4.311635062858935
105560,KB금융,2025-06-02,107900,Buy,75,"[""KB금융은 현재가 107,900원으로 52주 최고가 104,300원을 상회하며 강한 상승 추세를 보이고 있습니다."", ""최근 1개월 수익률이 13.90%로 단기적으로 시장 대비 우수한 성과를 기록하고 있습니다."", ""PER 7.8, PBR 0.62 등 재무 지표상 저평가 매력이 존재하며, ROE 8.0%는 안정적인 수익성을 나타냅니다."", ""최근 애널리스트 리포트에서 목표주가 115,000원을 제시하며 추가 상승 여력을 시사하고 있습니다.""]",-1.8535681186283595,8.341056533827619,-7.237855915830654,-4.125560087846669
105560,KB금융,2025-07-01,113500,Buy,75,"[""KB금융은 현재 52주 최고가에 근접한 수준으로, 기술적으로 강한 상승 모멘텀을 보여주고 있습니다."", ""최근 애널리스트 리포트에서 긍정적인 주주환원 정책과 높은 목표주가를 제시하며 향후 상승 여력을 시사하고 있습니다."", ""PER과 PBR 지표가 낮아 상대적으로 저평가된 구간에 있으며, ROE는 양호한 수준을 유지하고 있어 재무 건전성 또한 뒷받침되고 있습니다.""]",4.317180616740088,-0.6167400881057269,2.408925168065921,-6.451097791695246
105560,KB금융,2025-08-01,108400,Buy,85,"[""최근 애널리스트 리포트에서 일관되게 긍정적인 전망과 함께 목표주가가 현재가 대비 상당한 상승 여력을 제시하고 있습니다."", ""KB금융의 재무지표(PER, PBR)는 동종 업계 대비 매력적인 수준으로 평가되며, ROE 또한 양호한 수준을 유지하고 있습니다."", ""최근 1개월 수익률이 하락했으나, 이는 단기적인 조정일 가능성이 있으며 52주 최고가 대비 현재 위치는 여전히 상승 여력이 있음을 시사합니다.""]",3.9667896678966788,0.36900369003690037,2.091799595622833,-0.4125069127746288
105560,KB금융,2025-09-01,108800,Neutral,60,"[""KB금융은 현재 52주 최고가 대비 낮은 수준에 위치해 있으며, 최근 1개월 수익률이 마이너스를 기록하고 거래량 변화율도 감소하여 단기적인 하락 압력이 존재합니다."", ""하지만 PER 8.3배, PBR 0.67배는 금융주로서 상대적으로 저평가된 수준으로 볼 수 있으며, ROE 8.1%는 양호한 수익성을 나타냅니다."", ""최근 애널리스트 리포트에서 목표주가 137,000원을 제시하며 긍정적인 전망을 내놓았으나, 이는 20거래일이라는 단기적인 투자 방향을 판단하기에는 다소 긴 호흡의 분석입니다.""]",1.0110294117647058,6.158088235294118,-1.7534827007071299,-1.7934303550253619
105560,KB금융,2025-10-01,116800,Buy,75,"[""KB금융은 현재 52주 최고가 대비 낮은 수준에 위치해 있으며, 최근 1개월 수익률이 긍정적인 흐름을 보이고 있습니다."", ""PER 9.0, PBR 0.72는 금융업종 평균 대비 저평가 가능성을 시사하며, ROE 8.0%는 안정적인 수익성을 나타냅니다."", ""거래량 변화율이 10.14%로 증가 추세를 보이며 투자자들의 관심이 높아지고 있음을 알 수 있습니다.""]",-2.654109589041096,7.277397260273973,-8.2654991658765,-6.16897531277749
105560,KB금융,2025-11-03,121900,Buy,85,"[""KB금융은 현재가 121,900원으로 52주 최고가 122,000원에 근접하며 강한 상승세를 보이고 있습니다."", ""최근 1개월 수익률 4.70%와 거래량 변화율 16.89%는 긍정적인 모멘텀을 시사합니다."", ""최근 30일간 발표된 5건의 애널리스트 리포트 모두 목표주가를 현재가보다 높게 제시하며 긍정적인 전망을 유지하고 있습니다.""]",7.219031993437245,8.285479901558656,7.5914475266829,11.362093176534756
105560,KB금융,2025-12-01,132000,Buy,75,"[""KB금융은 현재 52주 최고가에 근접한 수준으로, 최근 1개월 수익률이 8.32%로 양호한 흐름을 보이고 있습니다."", ""PER 9.8배, PBR 0.79배는 금융업종 평균 대비 저평가 매력을 시사하며, ROE 8.1%는 안정적인 수익성을 나타냅니다."", ""최근 애널리스트 리포트에서 목표주가 184,000원을 제시하며 긍정적인 전망을 내놓고 있어 추가 상승 여력이 기대됩니다.""]",-4.545454545454546,-6.59090909090909,-8.265669918439812,-14.468393802781396
055550,신한지주,2023-01-02,35000,Neutral,55,"[""신한지주의 PER, PBR, ROE 등 핵심 재무지표가 '해당없음' 또는 'N/A'로 표시되어 기업의 현재 가치 및 수익성에 대한 명확한 판단이 어렵습니다."", ""최근 1개월 수익률이 -10.56%로 하락세를 보이고 있으며, 거래량 변화율 또한 음수(-5.19%)로 투자 심리가 위축되었음을 시사합니다."", ""현재가는 52주 최고가 대비 약 9.2% 하락한 수준으로, 52주 최저가와의 격차가 크지 않아 추가 하락 가능성과 반등 가능성이 공존하는 상황입니다.""]",16.857142857142858,17.857142857142858,10.87926411843335,6.580167358197524
055550,신한지주,2023-02-01,41250,Buy,75,"[""최근 1개월 수익률이 20.60%로 강한 상승세를 보이고 있으며, 거래량 변화율도 89.65%로 높아 투자자들의 관심이 집중되고 있습니다."", ""52주 최고가 대비 현재 위치가 78.7%로, 아직 상승 여력이 남아있다고 판단됩니다."", ""최근 애널리스트 리포트에서 목표주가를 현재가 대비 상향 제시하며 긍정적인 전망을 내놓고 있습니다.""]",-3.0303030303030303,-10.181818181818182,-3.5422760707100114,-8.690858718417775
055550,신한지주,2023-03-02,37050,Neutral,60,"[""최근 1개월 수익률이 -9.27%로 하락세를 보이고 있으며, 거래량 변화율 또한 -20.26%로 감소하여 투자 심리가 위축된 것으로 판단됩니다."", ""애널리스트 리포트에서 제시된 목표주가 평균은 50,800원으로 현재가 대비 상승 여력이 있으나, '대규모 추가비용 인식' 및 '다소 아쉬웠던 배당 정책'과 같은 부정적인 의견도 존재하여 상반된 시각이 혼재합니다."", ""PER, PBR, ROE 등 핵심 재무지표 정보가 부족하여 기업의 본질적인 가치 평가에 한계가 있으며, 52주 최고가 대비 현재 위치가 37.4%로 낮은 편이지만, 이는 시장 전반의 하락세 또는 해당 종목의 특정 이슈에 기인할 수 있어 추가적인 분석이 필요합니다.""]",-3.3738191632928474,-4.588394062078273,-1.8327450988127947,-6.430035133264545
055550,신한지주,2023-04-03,35150,Neutral,55,"[""신한지주의 PER, PBR, ROE 등 핵심 재무지표가 '해당없음' 또는 'N/A'로 제시되어 기업의 내재가치 평가에 어려움이 있습니다."", ""현재가가 52주 최저가에 근접해 있어 하방 경직성을 기대할 수 있으나, 최근 1개월 수익률이 마이너스인 점은 투자 심리 위축을 시사합니다."", ""거래량 변화율이 소폭 상승했으나, 이는 추세 전환을 확신하기에는 부족한 수준이며 전반적인 투자 심리가 불확실한 상황입니다.""]",-1.422475106685633,-0.8534850640113799,-4.137642552090002,-1.6956505864241045
055550,신한지주,2023-05-02,34850,Neutral,65,"[""최근 애널리스트 리포트에서 목표주가가 현재가 대비 상승 여력을 시사하지만, 일부 리포트에서는 녹록치 않은 환경과 대손비용 증가를 언급하며 상반된 의견을 제시하고 있습니다."", ""기술적 지표상 52주 최저가 대비 현재 위치가 높지 않으나, 최근 1개월 수익률이 낮고 거래량 변화율이 마이너스인 점은 단기적인 상승 모멘텀이 약함을 시사합니다."", ""PER, PBR, ROE 등 핵심 재무 지표가 '해당없음' 또는 'N/A'로 표시되어 있어 기업의 본질적인 가치 평가에 어려움이 있습니다.""]",1.291248206599713,0.2869440459110474,1.7070153769843013,-3.7092181032854037
055550,신한지주,2023-06-01,34950,Neutral,60,"[""신한지주는 현재 52주 최저가에 근접한 가격에 거래되고 있어 기술적 반등 가능성이 존재합니다."", ""최근 1개월 수익률이 소폭 하락했으나, 거래량 변화율이 23.44%로 증가한 점은 투자자들의 관심이 높아지고 있음을 시사합니다."", ""애널리스트 리포트에서 목표주가가 현재가 대비 높게 제시되고 있으나, 배당수익률 저하에 대한 우려도 함께 언급되어 투자 방향에 대한 명확한 신호를 주기 어렵습니다.""]",0.8583690987124464,-1.2875536480686696,-0.21760654479709407,-1.3302236360749307
055550,신한지주,2023-07-03,34100,Neutral,60,"[""신한지주는 현재 52주 최저가에 근접한 가격에 거래되고 있어 기술적 반등 가능성이 있습니다."", ""최근 1개월 수익률이 소폭 하락했으나, 2분기 실적 성장 전망이 제시되어 긍정적인 요인으로 작용할 수 있습니다."", ""PER, PBR, ROE 등 핵심 재무지표 정보가 부족하고, 거래량 변화율이 감소하는 등 투자 심리가 위축될 수 있는 요인도 존재하여 명확한 방향성을 판단하기 어렵습니다.""]",-2.785923753665689,5.425219941348973,-1.5974811841309953,2.5809784121835353
055550,신한지주,2023-08-01,35600,Neutral,65,"[""신한지주는 현재 52주 최고가 대비 낮은 수준에 위치해 있으며, 최근 1개월 수익률은 긍정적이나 거래량 변화율은 상승세를 뒷받침할 만큼 강하지 않습니다."", ""애널리스트 리포트에서 제시된 목표주가 범위가 넓고, 실적 및 주주환원 정책에 대한 긍정적 및 부정적 의견이 혼재되어 있어 명확한 방향성을 판단하기 어렵습니다."", ""PER, PBR, ROE 등 핵심 재무지표 정보가 부족하여 기업의 내재가치 대비 현재 주가 수준을 평가하기 어렵습니다.""]",-1.4044943820224718,-0.1404494382022472,-0.9707038168717186,2.1603604315841376
055550,신한지주,2023-09-01,35700,Buy,75,"[""최근 1개월 수익률은 소폭 하락했으나, 52주 최저가 대비 현재 위치가 23.8%로 상승 여력이 존재합니다."", ""최근 애널리스트 리포트에서 견조한 NIM 상승과 함께 50,000원의 목표주가를 제시하며 긍정적인 전망을 내놓았습니다."", ""금융 업종 전반의 금리 인상 수혜 기대감과 함께 신한지주의 안정적인 재무 구조는 향후 주가 상승에 긍정적인 요인으로 작용할 수 있습니다.""]",2.100840336134454,-0.9803921568627451,3.1714328957676616,5.822339459859708
055550,신한지주,2023-10-04,34300,Neutral,60,"[""신한지주의 PER, PBR, ROE 등 주요 재무지표가 '해당없음' 또는 'N/A'로 제시되어 기업의 본질적인 가치 평가에 어려움이 있습니다."", ""최근 1개월 수익률이 소폭 하락했으나, 52주 최저가 대비 현재 위치가 20.6% 상승한 점은 긍정적인 신호로 볼 수 있습니다."", ""애널리스트 리포트에서 3분기 실적 부진을 언급하고 있으나, 목표주가 45,000원은 현재가 대비 상승 여력을 시사하고 있어 상반된 의견이 존재합니다.""]",3.498542274052478,1.749271137026239,1.3122383965354127,3.2162373543668847
055550,신한지주,2023-11-01,34500,Neutral,60,"[""신한지주는 현재 52주 최저가 대비 높은 수준에 위치해 있으나, 최근 1개월 수익률과 거래량 변화율이 부정적인 흐름을 보이고 있습니다."", ""애널리스트 리포트에서 목표주가는 상향 의견이 다수이나, 일부 리포트에서는 추가 비용 인식에 대한 우려도 제기되어 상반된 시각이 존재합니다."", ""PER, PBR, ROE 등 핵심 재무지표 정보가 부족하여 현재 기업 가치에 대한 명확한 판단이 어렵습니다.""]",0.8695652173913043,6.956521739130435,-2.7136912952926404,-1.2449361460824475
055550,신한지주,2023-12-01,36750,Buy,75,"[""최근 1개월 수익률이 5.51%로 긍정적인 흐름을 보이고 있습니다."", ""애널리스트 리포트에서 제시된 목표주가 43,000원은 현재가 36,750원 대비 상승 여력을 시사합니다."", ""52주 최고가 대비 현재 위치가 31.4%로, 상승 추세 전환 시 추가적인 상승 가능성이 있습니다.""]",-0.40816326530612246,1.4965986394557822,-0.8220879954200535,-1.3690646938112874
055550,신한지주,2024-01-02,37900,Neutral,55,"[""신한지주는 현재 PER, PBR, ROE 등 주요 재무지표 정보가 부족하여 기업의 내재가치 평가에 한계가 있습니다."", ""최근 1개월 수익률은 긍정적이나, 거래량 변화율이 마이너스인 점은 투자 심리 위축 가능성을 시사합니다."", ""52주 최고가 대비 현재 위치는 중간 수준이며, 52주 최저가 대비로는 상승 여력이 있으나 뚜렷한 상승 또는 하락 추세를 판단하기에는 정보가 제한적입니다.""]",-3.034300791556728,7.783641160949868,-0.528653208415486,12.010986585928094
055550,신한지주,2024-02-01,45300,Buy,75,"[""신한지주는 52주 최고가에 근접한 80.7% 위치에 있으며, 최근 1개월 수익률이 12.14%로 긍정적인 흐름을 보이고 있습니다."", ""거래량 변화율이 83.02%로 높게 나타나 투자자들의 관심이 증가하고 있음을 시사합니다."", ""최근 애널리스트 리포트에서 목표주가 46,000원을 제시하며 긍정적인 전망을 내놓았습니다.""]",-1.7660044150110374,0.6622516556291391,-3.0786595113476065,-0.33877690312679554
055550,신한지주,2024-03-04,44050,Buy,85,"[""최근 1개월 수익률이 10.64%로 양호하며, 거래량 변화율이 148.02%로 크게 증가하여 매수세 유입 가능성을 시사합니다."", ""52주 최고가 대비 현재 위치가 91.4%로 상승 추세에 있으며, 52주 내에서 높은 수준을 유지하고 있습니다."", ""최근 애널리스트 리포트들이 일제히 목표주가를 상향 조정하며 주주환원 정책 강화에 대한 긍정적인 전망을 제시하고 있습니다.""]",3.2917139614074915,1.9296254256526675,2.068418120839821,-1.9867329951218382
055550,신한지주,2024-04-01,44900,Buy,75,"[""신한지주는 현재 PER 5.7배, PBR 0.38배로 동종 업계 대비 저평가 매력이 존재합니다."", ""최근 1개월 수익률 4.59%와 거래량 변화율 26.38%는 긍정적인 수급 개선 신호로 해석될 수 있습니다."", ""애널리스트 리포트에서 오버행 이슈에도 불구하고 상대적 저평가와 함께 목표주가 57,000원을 제시하며 상승 여력을 시사하고 있습니다.""]",-2.89532293986637,2.0044543429844097,-1.1518717782920331,4.529189556339237
055550,신한지주,2024-05-02,46450,Buy,85,"[""최근 30일 내 애널리스트 리포트에서 제시된 목표주가들이 현재가 대비 상당한 상승 여력을 시사하고 있습니다."", ""PER 5.7, PBR 0.39 등 낮은 밸류에이션 지표는 현재 주가가 저평가되어 있을 가능성을 나타냅니다."", ""52주 최고가 대비 현재 위치가 70% 수준으로, 추가 상승 여력이 존재하며 최근 1개월 수익률이 소폭 상승세를 보이고 있습니다.""]",2.798708288482239,-2.2604951560818085,0.9090186414260555,-1.7176483673960283
055550,신한지주,2024-06-03,45400,Buy,75,"[""신한지주는 현재가 45,400원으로 52주 최고가 51,500원 대비 하락한 상태이며, 52주 최저가 32,500원 대비로는 높은 위치에 있어 상승 여력이 존재합니다."", ""PER 5.8, PBR 0.40은 금융업종 내에서 상대적으로 저평가된 수준으로 판단되며, 이는 향후 주가 상승의 잠재력을 시사합니다."", ""최근 1개월 수익률이 0.75%로 소폭 상승세를 보이고 있으며, 목표주가 57,000원을 제시한 애널리스트 리포트는 긍정적인 투자 심리를 뒷받침합니다.""]",5.286343612334802,12.555066079295155,2.8044684010354453,7.599955452346494
055550,신한지주,2024-07-01,49500,Buy,75,"[""신한지주의 현재 PER과 PBR은 시장 평균 대비 저평가된 수준으로, 향후 상승 여력이 존재합니다."", ""52주 최고가 대비 현재 위치가 높아 추가 상승에 대한 기대감을 높입니다."", ""최근 1개월 수익률이 긍정적인 흐름을 보이고 있으며, 이는 단기적인 매수세 유입 가능성을 시사합니다.""]",4.040404040404041,20.2020202020202,0.9291363030853703,21.73643761246158
055550,신한지주,2024-08-01,57100,Buy,85,"[""최근 애널리스트 리포트에서 일관되게 긍정적인 전망과 함께 목표주가가 현재가 대비 상당한 상승 여력을 제시하고 있습니다."", ""최근 1개월 수익률이 18.79%로 강한 상승세를 보이고 있으며, 52주 최고가에 근접한 위치는 추가 상승에 대한 기대감을 높입니다."", ""PER 7.5, PBR 0.51 등 낮은 밸류에이션 지표는 기업의 내재가치 대비 저평가 가능성을 시사하며, 이는 향후 주가 상승의 기반이 될 수 있습니다.""]",-5.42907180385289,-1.4010507880910683,-2.1497829641217714,-1.580783916157459
055550,신한지주,2024-09-02,57200,Neutral,60,"[""신한지주의 현재가(57,200원)는 52주 최고가(61,400원) 대비 하락한 수준이지만, 52주 최저가(34,100원) 대비로는 높은 위치에 있어 추세 판단이 모호합니다."", ""최근 1개월 수익률(-7.25%)과 거래량 변화율(-13.27%)은 하락세를 시사하지만, PER(7.0) 및 PBR(0.47) 지표는 상대적으로 저평가된 가능성을 보여줍니다."", ""ROE(6.7%)는 시장 평균 대비 양호한 수준일 수 있으나, 금융업종 전반의 금리 변동성 및 규제 리스크 등 외부 요인이 단기적인 주가 방향성에 큰 영향을 미칠 수 있어 명확한 방향성 판단이 어렵습니다.""]",-1.048951048951049,-3.146853146853147,4.250096098307679,-0.5097140318540672
055550,신한지주,2024-10-02,54900,Neutral,60,"[""신한지주의 현재가(54,900원)는 52주 최고가(61,400원) 대비 약 10.6% 하락한 수준으로, 52주 내 위치(79.8%)는 상대적으로 높은 편입니다."", ""최근 1개월 수익률(-2.95%)과 거래량 변화율(-5.85%)은 하락세를 시사하지만, PER(7.0) 및 PBR(0.47) 지표는 저평가 가능성을 나타냅니다."", ""ROE(6.8%)는 시장 평균 대비 양호한 수준일 수 있으나, 단기적인 시장 수익률 대비 초과 상승 또는 하락을 명확히 판단하기에는 재무 및 기술 지표 간 상반된 신호가 혼재되어 있습니다.""]",5.828779599271402,-0.7285974499089253,3.7437194173831765,-1.4780983663547407
055550,신한지주,2024-11-01,54500,Buy,75,"[""최근 애널리스트 리포트들이 일관되게 긍정적인 목표주가와 함께 주주환원 정책 강화를 언급하며 상승 여력을 시사하고 있습니다."", ""현재 주가는 52주 최고가 대비 낮은 수준이지만, PBR 0.46은 자산 가치 대비 저평가 가능성을 나타냅니다."", ""최근 1개월 수익률이 소폭 하락했으나, 이는 단기적인 조정일 수 있으며 향후 실적 개선 및 주주환원 정책에 대한 기대감이 주가 상승을 견인할 수 있습니다.""]",3.669724770642202,-1.1009174311926606,5.8833464039558345,4.0938125193281945
055550,신한지주,2024-12-02,56400,Buy,75,"[""신한지주는 현재 PER 6.7배, PBR 0.45배로 저평가된 것으로 판단됩니다."", ""최근 애널리스트 리포트에서 목표주가를 상향하며 긍정적인 전망을 제시하고 있습니다."", ""52주 최고가 대비 현재 위치가 70.1%로 상승 여력이 남아있습니다.""]",-11.436170212765957,-14.539007092198581,-8.145901823501536,-12.211900176475217
055550,신한지주,2025-01-02,48200,Neutral,60,"[""신한지주의 현재 PER과 PBR은 시장 평균 대비 낮은 수준으로 저평가 가능성을 시사하지만, 최근 1개월 수익률이 마이너스를 기록하며 단기적인 하락 압력을 받고 있습니다."", ""52주 최고가 대비 현재 위치가 절반 이상 하락한 상태이며, 이는 투자 심리가 위축되었음을 나타낼 수 있습니다."", ""거래량 변화율이 26.04%로 증가한 것은 특정 이슈에 대한 시장의 관심을 반영할 수 있으나, 이것이 상승 또는 하락으로 이어질지는 추가적인 정보 없이는 판단하기 어렵습니다.""]",3.423236514522822,3.7344398340248963,0.39856740169356764,-0.1489797702209401
055550,신한지주,2025-02-03,51000,Buy,75,"[""신한지주는 현재가 51,000원으로 52주 최고가 61,400원 대비 상당한 할인율을 보이며, PBR 0.42는 자산 가치 대비 저평가 가능성을 시사합니다."", ""최근 애널리스트 리포트에서 2025년 1월 13일 자로 목표주가 70,000원을 제시하며 밸류업 기대감을 반영하고 있습니다."", ""최근 1개월 수익률이 2.66%로 소폭 상승세를 보이고 있으며, 이는 시장 대비 양호한 흐름을 나타낼 가능성이 있습니다.""]",-3.7254901960784315,-12.450980392156863,-6.036818363577197,-15.531139477296428
055550,신한지주,2025-03-04,44650,Buy,85,"[""신한지주는 현재 PER 5.7배, PBR 0.39배로 낮은 밸류에이션 매력을 가지고 있으며, 이는 시장 평균 대비 저평가되었음을 시사합니다."", ""최근 애널리스트 리포트들은 일관되게 목표주가를 현재가 대비 높게 제시하며 (평균 약 73,000원), '밸류업' 관련 긍정적인 전망을 내놓고 있습니다."", ""최근 1개월 수익률은 하락했으나, 거래량 변화율이 60.60%로 높게 나타나 이는 향후 주가 반등 가능성을 시사하는 기술적 신호로 해석될 수 있습니다.""]",1.1198208286674132,9.070548712206048,0.46739112415669426,11.113838146284847
055550,신한지주,2025-04-01,48700,Neutral,55,"[""신한지주의 현재 PER은 5.7로 낮은 편이나, PBR 및 ROE 지표가 없어 기업의 내재가치 및 수익성에 대한 판단이 제한적입니다."", ""52주 최고가 대비 현재 위치가 36.2%로 하락폭이 상당하지만, 최근 1개월 수익률은 4.91%로 긍정적인 흐름을 보이고 있습니다."", ""거래량 변화율이 -23.20%로 감소한 점은 투자 심리 위축 가능성을 시사하며, 이는 향후 주가 방향성에 대한 불확실성을 높입니다.""]",-10.472279260780287,5.544147843942506,-2.005724864285659,3.518895036523097
055550,신한지주,2025-05-02,51100,Buy,85,"[""최근 애널리스트 리포트에서 제시된 목표주가들이 현재가 대비 상당한 상승 여력을 시사하고 있습니다."", ""주주 환원 강화 및 CET 1 비율 상승 등 긍정적인 재무 및 경영 관련 내용이 다수 언급되었습니다."", ""최근 1개월 수익률이 5.13%로 양호하며, 거래량 변화율도 긍정적인 신호를 보내고 있습니다.""]",1.36986301369863,15.851272015655576,-1.224355651310305,6.594531010138443
055550,신한지주,2025-06-02,59900,Buy,75,"[""신한지주의 현재가(59,900원)는 52주 최고가(61,400원)에 근접해 있으며, 52주 내 현재 위치(68.5%)는 상단에 가까워 추가 상승 여력이 제한적일 수 있으나, 최근 1개월 수익률이 10.71%로 양호한 흐름을 보이고 있습니다."", ""PER 6.6은 낮은 수준으로 저평가 매력이 존재하며, 이는 향후 주가 상승의 잠재적 요인으로 작용할 수 있습니다."", ""거래량 변화율이 -12.20%로 감소한 것은 단기적인 매도 압력이 약화되었음을 시사하며, 이는 향후 주가 반등 가능성을 높입니다.""]",-2.1702838063439067,6.3439065108514185,-7.554571603546201,-6.122710110822869
055550,신한지주,2025-07-01,61700,Buy,75,"[""신한지주는 현재 52주 최고가에 근접한 수준으로, 최근 1개월 수익률이 8.17%로 양호하며 거래량 변화율도 높아 상승 모멘텀이 강하게 나타나고 있습니다."", ""애널리스트 리포트에서 카드 업황 부진에도 불구하고 다소 과도한 저평가 상태이며 목표주가 75,000원을 제시한 점은 향후 상승 여력을 시사합니다."", ""PER 7.4배는 동종 업계 대비 낮은 수준으로 해석될 수 있으며, 이는 저평가 매력으로 작용할 수 있습니다.""]",13.12803889789303,11.66936790923825,11.219783449218863,5.835010205648731
055550,신한지주,2025-08-01,65900,Buy,85,"[""최근 애널리스트 리포트들이 일관되게 긍정적인 전망과 함께 높은 목표주가를 제시하고 있습니다."", ""주주환원 확대에 대한 긍정적인 평가가 다수 존재하며, 이는 주가 상승 요인으로 작용할 수 있습니다."", ""현재 주가가 52주 최고가 대비 약 76.2% 수준에 위치하여 추가 상승 여력이 존재한다고 판단됩니다.""]",5.311077389984825,-1.5174506828528074,3.436087317710979,-2.2989612856643364
055550,신한지주,2025-09-01,64900,Buy,75,"[""신한지주의 현재 PER 7.6은 낮은 수준으로 밸류에이션 매력이 존재합니다."", ""최근 1개월 수익률은 하락했으나, 52주 최고가 대비 현재 위치는 72.3%로 상승 여력이 남아있습니다."", ""애널리스트 리포트에서 목표주가 83,000원을 제시하며 밸류에이션 갭 축소에 대한 긍정적인 전망을 내놓고 있습니다.""]",0.6163328197226503,9.090909090909092,-2.1481792927491856,1.139390500589612
055550,신한지주,2025-10-01,71400,Buy,75,"[""신한지주의 현재가가 52주 최고가에 근접해 있으며, 최근 1개월 수익률이 8.63%로 양호한 상승세를 보이고 있습니다."", ""거래량 변화율이 16.11%로 증가 추세를 나타내고 있어 투자 심리가 긍정적으로 작용할 가능성이 있습니다."", ""PER 8.3배는 상대적으로 낮은 수준으로, 향후 실적 개선 시 주가 상승 여력이 존재합니다.""]",1.8207282913165268,10.92436974789916,-3.7906612855188775,-2.5220028251523026
055550,신한지주,2025-11-03,76400,Buy,85,"[""최근 5건의 애널리스트 리포트 모두 긍정적인 내용과 함께 목표주가를 현재가 대비 상향 제시하고 있습니다."", ""현재 주가는 52주 최고가에 근접한 수준으로, 강한 상승 추세를 이어가고 있습니다."", ""최근 1개월 수익률이 7.08%로 양호한 흐름을 보이고 있습니다.""]",2.094240837696335,6.544502617801047,2.46665637094199,9.621115892777148
055550,신한지주,2025-12-01,81400,Buy,75,"[""신한지주는 52주 최고가에 근접한 수준으로 강한 상승 모멘텀을 보여주고 있습니다."", ""최근 1개월 수익률이 8.73%로 양호하며, 거래량 변화율도 긍정적인 신호를 보내고 있습니다."", ""주주환원율 50% 조기 달성 예상 및 목표주가 106,000원 제시 리포트는 향후 주가 상승에 대한 기대감을 높입니다.""]",-3.6855036855036856,-5.896805896805897,-7.405719058488953,-13.774290608678202
035720,카카오,2023-01-02,53300,Neutral,55,"[""카카오는 현재 52주 최저가 대비 높은 수준에 위치해 있으나, 52주 최고가 대비로는 상당한 하락세를 보이고 있어 상승 및 하락 요인이 혼재합니다."", ""최근 1개월 수익률이 마이너스이고 거래량 변화율 또한 감소한 점은 단기적인 투자 심리 위축을 시사합니다."", ""재무 지표는 시장 평균 대비 과도하게 고평가되었다고 보기는 어렵지만, 뚜렷한 상승 모멘텀을 보여주는 지표도 부족합니다.""]",13.883677298311445,21.013133208255162,7.905798559601937,9.736157709309829
035720,카카오,2023-02-01,64500,Buy,75,"[""최근 1개월 수익률이 17.14%로 강한 상승세를 보이고 있으며, 거래량 변화율도 44.97%로 증가하여 투자 심리가 긍정적임을 시사합니다."", ""애널리스트 리포트에서 제시된 목표주가들이 현재가(64,500원) 대비 상승 여력을 보여주고 있으며, 특히 80,000원의 목표주가도 존재합니다."", ""52주 최저가 대비 현재 위치가 24.4%로, 아직 52주 최고가 대비 상승 여력이 남아있어 추가 상승 가능성을 배제할 수 없습니다.""]",9.922480620155039,-5.426356589147287,9.410507579748058,-3.9353971257468805
035720,카카오,2023-03-02,61000,Buy,75,"[""최근 애널리스트 리포트에서 제시된 목표주가들이 현재가 대비 상승 여력을 시사하고 있습니다."", ""톡비즈 사업의 진화와 개편에 대한 긍정적인 전망이 하반기 실적 기여로 이어질 것으로 예상됩니다."", ""최근 1개월 수익률은 소폭 하락했으나, 거래량 변화율이 긍정적인 점은 투자 심리 개선 가능성을 보여줍니다.""]",-4.754098360655737,0.16393442622950818,-3.2130242961756847,-1.6777066449567637
035720,카카오,2023-04-03,60700,Buy,75,"[""카카오엔터테인먼트 상장 가시화는 긍정적인 모멘텀으로 작용할 수 있습니다."", ""현재 주가는 52주 최고가 대비 상당한 하락폭을 보이고 있어 반등 가능성이 존재합니다."", ""최근 1개월 수익률이 소폭 하락했으나, 거래량 변화율 감소는 매도세 약화를 시사할 수 있습니다.""]",-2.3064250411861615,-3.9538714991762767,-5.02159248659053,-4.796037021589001
035720,카카오,2023-05-02,58300,Neutral,65,"[""최근 1개월 수익률이 마이너스이고 거래량 변화율도 감소하는 등 단기적인 하락 압력이 존재합니다."", ""애널리스트 리포트에서는 목표주가를 현재가 대비 높게 제시하며 긍정적인 전망을 내놓고 있으나, 사업개편 효과 증명 등 불확실성 요인이 언급되었습니다."", ""현재 주가는 52주 최고가 대비 상당 부분 하락한 상태이며, 재무 지표는 시장 평균 대비 무난한 수준으로 판단되어 단기적인 방향성을 명확히 판단하기 어렵습니다.""]",-3.9451114922813035,-1.8867924528301887,-3.529344321896715,-5.88295460202664
035720,카카오,2023-06-01,57200,Neutral,60,"[""최근 1개월 수익률이 마이너스이고 거래량 변화율도 감소하는 등 단기적인 하락 압력이 존재합니다."", ""애널리스트들의 목표주가가 현재가 대비 상승 여력을 시사하지만, AI 사업 및 실적에 대한 엇갈린 전망이 혼재되어 있어 명확한 방향성을 판단하기 어렵습니다."", ""PER, PBR, ROE 등 재무 지표는 시장 평균 대비 크게 벗어나지 않아 밸류에이션 측면에서 급격한 상승 또는 하락을 예상하기 어렵습니다.""]",-1.048951048951049,-10.839160839160838,-2.1249266924605896,-10.8818308271671
035720,카카오,2023-07-03,49950,Neutral,55,"[""최근 1개월 수익률이 마이너스를 기록하며 단기적인 하락세를 보이고 있습니다."", ""52주 최고가 대비 현재 위치가 낮아 반등 가능성도 존재하지만, 52주 최저가와의 격차가 크지 않아 추가 하락 가능성도 배제할 수 없습니다."", ""애널리스트 리포트에서 목표주가를 제시하며 긍정적인 전망을 내놓았으나, 경기 반등이라는 불확실한 요소를 전제로 하고 있어 투자 방향을 명확히 판단하기 어렵습니다.""]",1.5015015015015014,9.90990990990991,2.6899440710361953,7.065668380744472
035720,카카오,2023-08-01,53200,Neutral,65,"[""최근 애널리스트 리포트들이 목표주가를 상향 조정하며 긍정적인 시각을 유지하고 있으나, 목표주가와 현재가 간의 괴리가 크지 않아 단기적인 급등보다는 점진적인 회복을 예상하게 합니다."", ""최근 1개월 수익률이 7.65%로 양호한 흐름을 보이고 있으며, 거래량 변화율도 34.43%로 증가하여 투자자들의 관심이 높아지고 있음을 시사합니다."", ""현재 주가는 52주 최저가 대비로는 상승했으나 최고가 대비로는 상당한 하락폭을 기록하고 있어, 향후 20거래일 내 KOSPI 시장 수익률 대비 초과 상승 또는 하락을 단정하기에는 불확실성이 존재합니다.""]",-0.7518796992481203,-9.586466165413533,-0.3180891340973671,-7.285656295627149
035720,카카오,2023-09-01,49100,Buy,75,"[""최근 애널리스트 리포트들이 전반적으로 긍정적인 전망과 함께 목표주가를 현재가 대비 높게 제시하고 있습니다."", ""현재 주가는 52주 최저가 대비 소폭 상승한 수준으로, 추가 상승 여력이 존재할 가능성이 있습니다."", ""최근 1개월 수익률이 마이너스이나, 이는 단기적인 조정으로 해석될 수 있으며 향후 반등을 기대해 볼 수 있습니다.""]",-1.7311608961303464,-14.358452138492872,-0.6605683364971386,-7.555720521770419
035720,카카오,2023-10-04,40850,Buy,75,"[""최근 1개월 수익률이 -15.10%로 부진했으나, 이는 향후 반등 가능성을 시사할 수 있습니다."", ""애널리스트 리포트에서 제시된 목표주가(62,000원 ~ 75,000원)는 현재가(40,850원) 대비 상당한 상승 여력을 보여줍니다."", ""톡 개편 및 헬스케어 등 신규 성장 동력 모색에 대한 긍정적인 전망이 제시되고 있습니다.""]",5.752753977968176,1.101591187270502,3.5664501004511107,2.568557404611148
035720,카카오,2023-11-01,38550,Neutral,60,"[""현재가는 52주 최저가에 근접해 있으나, 최근 1개월 수익률은 마이너스로 하락 추세가 지속되고 있습니다."", ""애널리스트 리포트들은 전반적으로 목표주가를 현재가 대비 높게 제시하고 있으나, 회복 시그널이 더디다는 의견도 존재합니다."", ""톡비즈 성장률 회복, 광고 회복세 기대 등 긍정적인 요인과 게임 부진, 일회성 비용 등 부정적인 요인이 혼재하여 단기적인 방향성을 명확히 판단하기 어렵습니다.""]",18.28793774319066,30.99870298313878,14.704681230506715,22.7972450979259
035720,카카오,2023-12-01,50800,Buy,75,"[""최근 1개월 수익률이 28.92%로 강한 상승세를 보이고 있으며, 거래량 변화율도 긍정적입니다."", ""최근 애널리스트 리포트에서 목표주가가 현재가 대비 상향 조정되는 추세이며, 재성장 및 수익성 개선에 대한 기대감이 반영되고 있습니다."", ""현재 주가는 52주 최저가 대비 높은 수준이지만, 52주 최고가 대비로는 아직 상승 여력이 남아있습니다.""]",2.559055118110236,12.598425196850393,2.145130387996305,9.732761863583324
035720,카카오,2024-01-02,56600,Neutral,60,"[""최근 1개월 수익률이 14.65%로 양호한 흐름을 보였으나, 거래량 변화율이 -23.10%로 감소하여 상승 동력 약화 가능성을 시사합니다."", ""현재 주가는 52주 최고가 대비 약 20% 하락한 수준으로, 추가 상승 여력과 하락 위험이 공존하는 구간으로 판단됩니다."", ""PER, PBR, ROE 등 재무지표는 시장 평균 대비 특별히 우수하거나 열위에 있다고 단정하기 어려워 명확한 방향성을 제시하기 어렵습니다.""]",4.593639575971731,-7.243816254416961,7.099287159112974,-3.0164708294387346
035720,카카오,2024-02-01,56300,Buy,75,"[""최근 애널리스트 리포트들이 전반적으로 긍정적인 전망과 함께 목표주가를 현재가 대비 상향 제시하고 있습니다."", ""최근 1개월 수익률은 하락했으나, 거래량 변화율이 긍정적인 점은 향후 반등 가능성을 시사합니다."", ""PER, PBR 등 재무지표는 시장 평균 대비 높은 수준은 아니지만, ROE가 10% 이상으로 양호한 편입니다.""]",-2.841918294849023,-7.8152753108348145,-4.154573391185592,-8.81630386959075
035720,카카오,2024-03-04,51700,Buy,75,"[""최근 애널리스트 리포트에서 제시된 목표주가 평균이 현재가 대비 상당한 상승 여력을 시사합니다."", ""카카오의 PER, PBR, ROE 지표는 시장 평균 대비 과도하게 고평가되었다고 보기 어렵습니다."", ""최근 1개월 수익률이 소폭 하락했으나, 이는 단기적인 조정일 가능성이 있으며 52주 최고가 대비 현재 위치는 여전히 상승 여력이 남아있음을 보여줍니다.""]",7.930367504835589,-0.9671179883945842,6.707071664267919,-4.88347640916909
035720,카카오,2024-04-01,51200,Neutral,55,"[""카카오는 현재 적자 상태로 PER 지표가 없어 기업 가치 평가에 어려움이 있습니다."", ""최근 1개월 수익률은 소폭 상승했으나 거래량 변화율이 크게 감소하여 투자 심리가 위축되었을 가능성이 있습니다."", ""유일한 애널리스트 리포트에서는 목표주가 상향을 제시하고 있으나, 단일 리포트만으로는 추세 전환을 확신하기 어렵습니다.""]",-3.80859375,-5.6640625,-2.0651425884256636,-3.1393272866451727
035720,카카오,2024-05-02,49200,Neutral,65,"[""최근 1개월 수익률이 -10.22%로 하락세를 보이고 있으나, 애널리스트들의 목표주가는 현재가 대비 상승 여력을 시사하고 있습니다."", ""PER이 적자로 인해 산출되지 않아 기업 가치 평가에 어려움이 있으며, PBR 1.54는 시장 평균 대비 높은 수준은 아닙니다."", ""기술적으로는 52주 최고가 대비 현재 위치가 45.5%로 하락 추세에 있지만, 거래량 변화율이 소폭 상승하여 변동성 확대 가능성을 배제할 수 없습니다.""]",-4.471544715447155,-9.34959349593496,-6.361234362503338,-8.806746707249179
035720,카카오,2024-06-03,44600,Neutral,60,"[""최근 1개월 수익률이 마이너스(-)를 기록하며 단기적인 하락세를 보이고 있습니다."", ""애널리스트 리포트에서 목표주가는 현재가 대비 상승 여력을 시사하지만, '모멘텀 부족', '불확실성 남아있는 구간' 등의 언급은 상승에 대한 강한 확신을 주지 못하고 있습니다."", ""PER이 '해당없음(적자)'으로 재무 건전성에 대한 우려가 있으며, PBR 1.42는 자산 가치 대비 소폭 높은 수준으로 판단됩니다.""]",-3.4753363228699556,-10.089686098654708,-5.957211534169312,-15.04479672560337
035720,카카오,2024-07-01,40000,Neutral,55,"[""카카오는 현재 적자 상태로 PER 지표가 없어 기업 가치 평가에 어려움이 있습니다."", ""최근 1개월 수익률이 마이너스이고 거래량 변화율도 하락세를 보이고 있어 단기적인 하락 압력이 존재합니다."", ""다만, 52주 최고가 대비 현재 위치가 낮고 애널리스트 리포트에서 목표주가 상향 가능성을 제시하고 있어 반등 여지도 있습니다.""]",6.125,-2.375,3.0137322626813297,-0.8405825895586232
035720,카카오,2024-08-01,39550,Buy,75,"[""최근 애널리스트 리포트에서 제시된 목표주가들이 현재가 대비 상당한 상승 여력을 시사하고 있습니다."", ""52주 최저가 대비 현재 위치가 9.4%로, 기술적으로는 반등 가능성이 있는 구간에 위치하고 있습니다."", ""최근 1개월 수익률은 소폭 하락했으나, 거래량 변화율이 21.66%로 증가하며 투자자들의 관심이 재조명되고 있습니다.""]",-6.447534766118837,-6.700379266750948,-3.1682459263877187,-6.880112394817339
035720,카카오,2024-09-02,36200,Buy,75,"[""최근 30일 내 애널리스트 리포트에서 제시된 목표주가 평균이 현재가 대비 상당한 상승 여력을 시사합니다."", ""현재가가 52주 최저가에 근접해 있어 기술적으로 반등 가능성이 존재합니다."", ""최근 1개월 수익률이 마이너스이나, 이는 향후 반등 시 더 큰 상승률을 기대하게 하는 요인이 될 수 있습니다.""]",-5.939226519337017,2.209944751381215,-0.640179372078288,4.847083866380295
035720,카카오,2024-10-02,36700,Neutral,55,"[""카카오는 현재 52주 최저가에 근접한 가격에 거래되고 있어 기술적 반등 가능성이 존재합니다."", ""최근 1개월 수익률이 마이너스이고 거래량 변화율도 감소하는 등 단기적인 하락 추세가 관찰됩니다."", ""PER이 적자이고 ROE가 산출되지 않아 기업의 본질적인 가치 평가에 어려움이 있으며, 이는 투자 결정에 불확실성을 더합니다.""]",-0.544959128065395,1.7711171662125342,-2.630019309953621,1.0216162497667187
035720,카카오,2024-11-01,37350,Neutral,60,"[""카카오는 현재 52주 최저가에 근접한 수준으로, 기술적으로는 반등 가능성이 있으나 최근 1개월 수익률이 0%로 횡보하며 거래량도 감소하는 등 상승 동력이 약한 모습을 보이고 있습니다."", ""애널리스트 리포트에서는 목표주가가 현재가 대비 높게 제시되고 있으나, '밋밋한 실적', '돌파구가 필요', '콘텐츠 부진' 등 부정적인 의견도 혼재되어 있어 투자 심리가 명확하게 형성되지 않았습니다."", ""PER이 '해당없음(적자)'으로 재무 건전성에 대한 우려가 존재하며, PBR 1.16은 자산 가치 대비 소폭 높은 수준으로, 뚜렷한 상승 또는 하락을 강하게 지지할 만한 명확한 모멘텀이 부족합니다.""]",-9.772423025435073,12.851405622489958,-7.55880139212144,18.046135573010815
035720,카카오,2024-12-02,42950,Neutral,60,"[""최근 1개월 수익률이 16.60%로 양호한 흐름을 보이고 있으며, 거래량 변화율도 58.75%로 증가하여 투자 심리가 개선될 가능성이 있습니다."", ""하지만 애널리스트 리포트에서 목표주가가 현재가(42,950원) 대비 하향 조정되는 추세이며, '잃어버린 성장', '신규 원동력 요구' 등 성장성에 대한 우려가 제기되고 있습니다."", ""PER이 적자 상태이고 ROE가 N/A%로 재무적인 측면에서 뚜렷한 강점을 보이지 못하고 있어, 단기적인 상승 모멘텀을 기대하기에는 불확실성이 존재합니다.""]",2.0954598370197903,-11.40861466821886,5.385728226284211,-9.081507752495495
035720,카카오,2025-01-02,38050,Neutral,60,"[""카카오는 현재 적자 상태로 PER 지표가 없어 기업의 내재가치 대비 저평가 여부를 판단하기 어렵습니다."", ""52주 최저가 대비 현재 위치가 16.4% 상승했으나, 최근 1개월 수익률은 -6.61%로 하락세를 보이고 있어 단기적인 방향성을 예측하기 어렵습니다."", ""거래량 변화율이 93.25%로 매우 높게 나타나고 있어 시장의 관심은 높으나, 이는 상승 또는 하락 어느 한 방향으로 강하게 쏠리기보다는 변동성 확대 가능성을 시사합니다.""]",-3.942181340341656,19.053876478318003,-6.96685045317091,15.170456874072165
035720,카카오,2025-02-03,40900,Neutral,65,"[""최근 1개월 수익률은 긍정적이나, 거래량 변화율은 감소 추세로 투자 심리가 위축될 가능성이 있습니다."", ""애널리스트 리포트 내 목표주가 제시 범위가 넓고, 현재가(40,900원)가 일부 목표주가(39,000원)보다 높게 형성되어 있어 상승 여력이 제한적일 수 있습니다."", ""PER이 '해당없음(적자)'으로 재무 건전성에 대한 우려가 존재하며, 이는 단기적인 투자 심리에 부정적인 영향을 미칠 수 있습니다.""]",4.767726161369193,5.378973105134474,2.4563979938704272,2.2988140199949094
035720,카카오,2025-03-04,43100,Buy,75,"[""최근 애널리스트 리포트들이 카카오톡의 AI 서비스 진화 및 외연 확장 가능성에 주목하며 긍정적인 목표주가를 제시하고 있습니다."", ""최근 1개월 수익률이 9.26%로 양호하며, 거래량 변화율이 125.76%로 크게 증가한 것은 투자자들의 관심이 높아지고 있음을 시사합니다."", ""현재가는 52주 최고가 대비 약 26.6% 하락한 수준으로, 밸류에이션 회복에 대한 기대감이 존재합니다.""]",2.320185614849188,-5.104408352668213,1.6677559103384691,-3.0611189185894143
035720,카카오,2025-04-01,40900,Buy,75,"[""최근 애널리스트 리포트에서 제시된 목표주가들이 현재가 대비 상승 여력을 시사하고 있습니다."", ""52주 최고가 대비 현재 위치가 낮아 추가 상승 가능성이 존재합니다."", ""최근 1개월 수익률이 소폭 하락했으나, 이는 단기적인 조정일 수 있으며 AI 및 플랫폼 경쟁력 강화 기대감이 상방 요인으로 작용할 수 있습니다.""]",-9.168704156479219,-6.47921760391198,-0.7021497599845912,-8.50447041133139
035720,카카오,2025-05-02,38350,Buy,75,"[""최근 애널리스트 리포트에서 제시된 목표주가들이 현재가 대비 상당한 상승 여력을 시사하고 있습니다."", ""최근 1개월 수익률은 하락했으나, 거래량 변화율이 긍정적인 점은 투자 심리 개선 가능성을 보여줍니다."", ""현재가가 52주 최저가 대비 높은 수준에 위치하며, 52주 최고가와의 격차가 있어 상승 여력이 남아있습니다.""]",-1.0430247718383312,15.514993481095177,-3.6372434368472666,6.258252475578043
035720,카카오,2025-06-02,41600,Buy,75,"[""최근 1개월 수익률이 12.22%로 양호한 흐름을 보이고 있으며, 52주 최고가 대비 현재 위치가 75% 수준으로 상승 여력이 남아있습니다."", ""최근 애널리스트 리포트들이 일제히 긍정적인 전망과 함께 50,000원 이상의 목표주가를 제시하고 있어 단기 상승에 대한 기대감을 높입니다."", ""AI 사업 등 신성장 동력에 대한 기대감이 하반기 실적 개선으로 이어질 가능성이 언급되고 있습니다.""]",21.394230769230766,43.02884615384615,16.009942972028472,30.562229532171866
035720,카카오,2025-07-01,58700,Buy,75,"[""최근 1개월간 36.59%의 높은 수익률과 280.54%의 거래량 변화율은 투자자들의 관심이 집중되고 있음을 시사합니다."", ""현재 주가는 52주 최고가 대비 약 17.4% 하락한 수준으로, 기술적으로는 추가 상승 여력이 존재할 수 있습니다."", ""PER이 다소 높지만, 이는 성장주로서의 기대감이 반영된 것으로 해석될 수 있으며, 시장 전반의 긍정적인 분위기 속에서 상승세를 이어갈 가능성이 있습니다.""]",3.0664395229982966,-4.088586030664395,1.1581840743241296,-9.922943734253913
035720,카카오,2025-08-01,55400,Buy,75,"[""최근 4건의 애널리스트 리포트 모두 긍정적인 목표주가를 제시하며 상승 여력을 시사하고 있습니다."", ""현재가는 52주 최고가 대비 약 21% 하락한 수준으로, 기술적으로는 반등 가능성이 존재합니다."", ""최근 1개월 수익률은 하락했으나, 거래량 변화율이 크게 감소한 점은 단기적인 매도세 약화 가능성을 보여줍니다.""]",15.884476534296029,7.039711191335741,14.009486462022183,6.258200588524211
035720,카카오,2025-09-01,59300,Buy,75,"[""최근 30일간 애널리스트 리포트에서 제시된 목표주가 평균이 현재가 대비 상당한 상승 여력을 시사합니다."", ""최근 1개월 수익률이 긍정적이며, 거래량 변화율이 높아 투자자들의 관심이 증가하고 있음을 나타냅니다."", ""52주 최고가 대비 현재 위치가 75.5%로, 상승 추세가 이어질 가능성을 보여줍니다.""]",0.5059021922428331,0.5059021922428331,-2.2586099202290026,-7.4456163980766465
035720,카카오,2025-10-01,59600,Buy,75,"[""최근 애널리스트 리포트들이 카카오톡의 대규모 개편 및 AI 형상화에 대한 긍정적인 전망과 함께 목표주가를 상향 제시하고 있습니다."", ""현재 주가가 52주 최고가 대비 약 15% 하락한 수준으로, 기술적으로는 반등 가능성이 존재합니다."", ""최근 1개월 수익률이 소폭 상승세를 보이고 있으며, 이는 시장의 관심이 다시 살아나고 있음을 시사합니다.""]",-1.6778523489932886,1.8456375838926176,-7.2892419258286925,-11.600734989158845
035720,카카오,2025-11-03,64200,Buy,75,"[""최근 애널리스트 리포트에서 AI 관련 신규 사업 및 명절 효과 이연 등으로 긍정적인 전망과 함께 목표주가가 현재가 대비 상승 여력을 시사하고 있습니다."", ""최근 1개월 수익률이 8.77%로 양호한 흐름을 보이고 있으며, 거래량 변화율도 15.40%로 증가 추세를 나타내고 있어 투자 심리가 개선되고 있음을 시사합니다."", ""52주 최고가 대비 현재 위치가 84.3%로, 아직 상승 여력이 남아있다고 판단됩니다. 다만, PER이 다소 높은 수준인 점은 부담 요인으로 작용할 수 있습니다.""]",-0.1557632398753894,-7.320872274143301,0.21665229337026545,-4.244258999167201
035720,카카오,2025-12-01,59500,Buy,75,"[""최근 애널리스트 리포트에서 일관되게 긍정적인 전망과 함께 목표주가가 현재가 대비 상당한 상승 여력을 제시하고 있습니다."", ""52주 최고가 대비 현재 위치가 69.1%로, 아직 상승 여력이 남아있음을 시사합니다."", ""최근 1개월 수익률은 하락했으나, 거래량 변화율이 23.28%로 증가한 점은 투자자들의 관심이 다시 높아지고 있음을 나타낼 수 있습니다.""]",2.1848739495798317,4.369747899159663,-1.5353414234054354,-3.5077368127126416
035420,네이버,2023-01-02,178500,Neutral,55,"[""네이버는 현재 52주 최저가에 근접한 수준으로 기술적 반등 가능성이 있으나, 최근 1개월 수익률 하락과 거래량 감소는 투자 심리 위축을 시사합니다."", ""PER이 해당 없음(적자)으로 재무적 안정성 측면에서 불확실성이 존재하며, PBR 1.17은 시장 대비 고평가 또는 저평가 여부를 판단하기에 애매한 수준입니다."", ""KOSPI 시장 전반의 방향성과 네이버 자체의 뚜렷한 상승 또는 하락 모멘텀을 판단하기에 현재 정보만으로는 부족하여 보수적인 접근이 필요합니다.""]",8.123249299719888,18.487394957983195,2.1453705610103793,7.210419459037862
035420,네이버,2023-02-01,211500,Buy,75,"[""최근 1개월 수익률이 15.77%로 강한 상승세를 보이고 있으며, 거래량 변화율도 27.44%로 긍정적인 흐름을 나타내고 있습니다."", ""애널리스트 리포트에서 AI와 솔루션 성장 스토리, 포쉬마크 인수 완료에 대한 긍정적인 전망과 함께 목표주가 상향 조정이 이루어졌습니다."", ""현재가는 52주 최고가 대비 낮은 수준이지만, 52주 최저가 대비로는 상당한 상승 여력을 보여주고 있습니다.""]",8.747044917257684,-2.8368794326241136,8.235071876850704,-1.3459199692237076
035420,네이버,2023-03-02,205500,Buy,75,"[""최근 애널리스트 리포트에서 제시된 목표주가 평균이 현재가 대비 상당한 상승 여력을 시사합니다."", ""최근 1개월 수익률이 긍정적이며, 거래량 변화율이 높아 투자자들의 관심이 증가하고 있음을 나타냅니다."", ""52주 최저가 대비 현재 위치가 25.4%로, 상승 여력이 남아있을 가능성이 있습니다.""]",-2.7737226277372264,-1.70316301703163,-1.2326485632571738,-3.544804088217902
035420,네이버,2023-04-03,201000,Neutral,55,"[""네이버는 현재 적자 상태로 PER 지표 분석이 불가하며, ROE 또한 산출되지 않아 재무 건전성 판단에 한계가 있습니다."", ""최근 1개월 수익률이 마이너스이고 거래량 변화율도 감소하는 등 기술적 지표상 단기적인 하락 압력이 관찰됩니다."", ""다만, 52주 최고가 대비 현재 위치가 낮고, 애널리스트 리포트에서 긍정적인 목표주가를 제시하고 있어 향후 상승 가능성도 배제할 수 없습니다.""]",-0.5472636815920399,-4.179104477611941,-3.2624311269964084,-5.021270000024665
035420,네이버,2023-05-02,192600,Neutral,60,"[""최근 1개월 수익률이 마이너스를 기록하며 단기적인 하락 압력이 존재합니다."", ""애널리스트 리포트 상 목표주가는 현재가 대비 상승 여력을 시사하지만, '성장 둔화 본격화' 리포트도 있어 상반된 의견이 혼재합니다."", ""PER이 '해당없음(적자)'으로 표시되어 있어 전통적인 밸류에이션 지표로 판단하기 어렵고, 기술적 지표 또한 명확한 추세를 보여주지 않아 추가적인 정보 없이는 방향성 판단이 어렵습니다.""]",9.553478712357217,6.178608515057113,9.969245882741806,2.182446365860662
035420,네이버,2023-06-01,204500,Buy,80,"[""최근 애널리스트 리포트에서 일관되게 긍정적인 전망과 함께 목표주가가 현재가 대비 상승 여력을 시사하고 있습니다."", ""최근 1개월 수익률이 6.08%로 양호하며, 거래량 변화율도 12.45%로 긍정적인 수급 신호를 보여주고 있습니다."", ""현재 주가는 52주 최저가 대비 상당 부분 상승했으나, 52주 최고가 대비로는 아직 하락폭이 남아있어 추가 상승 가능성이 있습니다.""]",-1.9559902200488997,-7.432762836185819,-3.0319658635584403,-7.4754328241920796
035420,네이버,2023-07-03,188700,Buy,75,"[""최근 1개월 수익률은 하락했으나, 52주 최저가 대비 현재 위치는 26.8%로 상승 여력이 존재합니다."", ""최근 애널리스트 리포트에서 하반기 실적 개선과 긍정적 모멘텀을 언급하며 목표주가 280,000원을 제시했습니다."", ""PER이 해당 없음(적자)으로 재무 건전성에 대한 우려가 있을 수 있으나, PBR 1.27은 자산 가치 대비 저평가 가능성을 시사합니다.""]",4.610492845786964,23.476417594064653,5.798935415321657,20.632176064899216
035420,네이버,2023-08-01,227500,Buy,80,"[""최근 1개월 수익률이 23.09%로 강한 상승세를 보이고 있으며, 거래량 변화율도 56.02%로 증가하여 투자자들의 관심이 집중되고 있음을 시사합니다."", ""최근 30일 이내 애널리스트 리포트들이 일관되게 긍정적인 전망과 함께 목표주가를 현재가 대비 상향 제시하고 있어, 향후 상승 여력이 충분하다고 판단됩니다."", ""현재 주가는 52주 최고가 대비 약 17% 하락한 수준으로, 기술적으로도 추가 상승 여력이 존재하며, PBR 1.56은 시장 평균 대비 과도하게 고평가되었다고 보기 어렵습니다.""]",0.0,-5.714285714285714,0.43379056515075315,-3.4134758444993296
035420,네이버,2023-09-01,211500,Buy,75,"[""최근 30일간 애널리스트 리포트에서 일관되게 긍정적인 전망과 함께 목표주가가 현재가 대비 상당한 상승 여력을 제시하고 있습니다."", ""AI 사업 전략 구체화 및 신기술 공개(HyperCLOVA X)에 대한 기대감이 주가 상승 모멘텀으로 작용할 가능성이 높습니다."", ""최근 1개월 수익률은 다소 하락했으나, 52주 최고가 대비 현재 위치가 68.7%로 여전히 상승 여력이 남아있으며, 거래량 변화율이 긍정적인 점은 투자 심리 개선을 시사합니다.""]",0.0,-9.739952718676124,1.0705925596332078,-2.9372211019536705
035420,네이버,2023-10-04,189400,Neutral,55,"[""네이버는 현재 적자 상태로 PER 지표가 없어 기업 가치 평가에 어려움이 있습니다."", ""최근 1개월 수익률이 -12.09%로 하락세를 보이고 있으며, 거래량 변화율도 -43.04%로 감소하여 투자 심리가 위축된 것으로 판단됩니다."", ""하지만 52주 최저가 대비 현재 위치가 43.0%로, 추가 하락보다는 반등 가능성도 배제할 수 없어 명확한 방향성을 제시하기 어렵습니다.""]",1.2671594508975714,5.860612460401267,-0.9191444266194939,7.327578677741913
035420,네이버,2023-11-01,190800,Buy,75,"[""최근 30일 내 애널리스트 리포트에서 제시된 목표주가 평균이 현재가 대비 상당한 상승 여력을 시사합니다."", ""PBR 1.26은 현재가에서 큰 폭의 하락보다는 상승 가능성을 열어두는 수준으로 해석될 수 있습니다."", ""최근 1개월 수익률이 마이너스이나, 이는 단기적인 조정으로 볼 수 있으며 애널리스트들의 긍정적인 전망이 이를 상쇄할 가능성이 있습니다.""]",3.878406708595388,9.014675052410901,0.29515019591144354,0.8132171671980188
035420,네이버,2023-12-01,210500,Buy,75,"[""최근 30일간 애널리스트 리포트에서 제시된 목표주가 평균이 현재가 대비 상당한 상승 여력을 시사합니다."", ""최근 1개월 수익률이 7.97%로 양호한 흐름을 보이고 있으며, 52주 최고가 대비 현재 위치가 중간 지점에 있어 추가 상승 가능성이 있습니다."", ""PER이 해당없음(적자)으로 재무지표상 부담이 있으나, PBR 1.38은 자산 가치 대비 과대평가 수준은 아니며, 비용 통제를 통한 수익성 개선 기대감이 있습니다.""]",3.32541567695962,5.938242280285035,2.9114909468456887,3.0725789470179654
035420,네이버,2024-01-02,222000,Buy,75,"[""네이버는 52주 최고가 대비 현재 위치가 높아 추가 상승 여력이 제한적일 수 있으나, 최근 1개월 수익률이 9.64%로 양호하며 거래량 변화율도 19.43%로 긍정적인 흐름을 보이고 있습니다."", ""PBR 1.52는 시장 평균 대비 과도하게 고평가되었다고 보기 어렵고, 시가총액 35.7조원은 KOSPI 시장 내에서 상당한 비중을 차지하며 시장 전반의 흐름에 영향을 받을 가능성이 높습니다."", ""PER이 '해당없음(적자)'으로 표시되어 있으나, 이는 일시적인 현상일 수 있으며 향후 실적 개선 기대감이 주가에 긍정적인 영향을 미칠 수 있습니다. 다만, 적자 지속 여부는 면밀히 관찰해야 할 부분입니다.""]",4.054054054054054,-9.684684684684685,6.559701637195296,-5.457339259706458
035420,네이버,2024-02-01,221500,Buy,75,"[""최근 애널리스트 리포트들이 전반적으로 긍정적인 전망과 함께 목표주가를 현재가 대비 상향 제시하고 있습니다."", ""최근 1개월 수익률은 하락했지만, 52주 최고가 대비 현재 위치는 중간보다 약간 높은 수준으로 추가 상승 여력이 존재합니다."", ""네이버의 본업 경쟁력과 신사업 성장 가능성에 대한 기대감이 여전히 유효하며, 이는 단기적인 광고 부진을 상쇄할 수 있는 요인입니다.""]",-7.44920993227991,-14.311512415349886,-8.761865028616478,-15.312540974105822
035420,네이버,2024-03-04,188700,Buy,75,"[""다수의 애널리스트 리포트에서 긍정적인 전망과 함께 270,000원 이상의 목표주가를 제시하고 있습니다."", ""최근 1개월 수익률은 하락했으나, 52주 최저가 대비 현재 위치가 24.4%로 상승 여력이 존재합니다."", ""거래량 변화율이 37.23%로 증가한 것은 투자자들의 관심이 높아지고 있음을 시사합니다.""]",0.9538950715421303,1.7488076311605723,-0.2694007690255399,-2.1675507896139337
035420,네이버,2024-04-01,192000,Neutral,60,"[""최근 1개월 수익률과 거래량 변화율이 소폭 하락세를 보이며 단기적인 투자 심리가 위축된 것으로 판단됩니다."", ""52주 최고가 대비 현재 위치가 28.5%로, 상승 여력 대비 하락 위험이 존재할 수 있습니다."", ""최근 애널리스트 리포트에서 긍정적인 목표주가를 제시했으나, 단기적인 기술적 지표들이 이를 뒷받침하지 못하고 있어 명확한 방향성을 판단하기 어렵습니다.""]",-1.5625,-1.6666666666666667,0.18095116157433666,0.8580685466881606
035420,네이버,2024-05-02,194600,Buy,75,"[""최근 애널리스트 리포트에서 제시된 목표주가들이 현재가 대비 상당한 상승 여력을 시사하고 있습니다."", ""기술적 지표상 52주 최저가 대비 현재 위치가 상대적으로 낮아 반등 가능성이 존재합니다."", ""최근 1개월 수익률 및 거래량 변화율이 부정적이었으나, 이는 단기적인 조정으로 해석될 여지가 있으며 향후 개선될 가능성이 있습니다.""]",-5.292908530318603,-9.146968139773895,-7.1825981773747865,-8.604121351088114
035420,네이버,2024-06-03,176800,Buy,75,"[""최근 1개월 수익률은 하락했으나, 52주 최저가 대비 현재 위치가 3.9%로 상승 여력이 남아있습니다."", ""최근 애널리스트 리포트들은 라인야후 불확실성에도 불구하고 호실적, 개인화 개편 효과, B2B 성장 등을 근거로 긍정적인 목표주가를 제시하고 있습니다."", ""거래량 변화율이 21.82%로 증가한 것은 투자자들의 관심이 높아지고 있음을 시사하며, 이는 향후 주가 상승의 동력이 될 수 있습니다.""]",-4.751131221719457,-9.615384615384617,-7.233006433018813,-14.570495242333278
035420,네이버,2024-07-01,159900,Neutral,60,"[""네이버의 현재가는 52주 최저가에 근접해 있어 단기 반등 가능성이 있으나, 최근 1개월 수익률과 거래량 변화율이 부정적인 점은 하락 압력으로 작용할 수 있습니다."", ""웹툰 엔터의 나스닥 상장 관련 긍정적인 리포트가 목표주가 상향 근거로 제시되었으나, 이는 장기적인 관점이며 20거래일 내 단기적인 주가 상승을 직접적으로 보장하기는 어렵습니다."", ""PER, PBR, ROE 등 재무지표는 시장 평균 대비 특별히 고평가 또는 저평가되었다고 보기 어려운 수준으로, 투자 방향을 결정할 강력한 근거를 제공하지 못합니다.""]",6.75422138836773,8.380237648530331,3.64295365104906,9.914655058971707
035420,네이버,2024-08-01,171400,Buy,75,"[""최근 1개월 수익률이 9.51%로 양호하며, 52주 최저가 대비 현재 위치가 20.4%로 상승 여력이 남아있습니다."", ""애널리스트 리포트에서 큐텐 사태 반사이익 전망과 함께 목표주가가 현재가 대비 상승 여력을 시사하고 있습니다."", ""거래량 변화율이 8.05%로 긍정적인 움직임을 보이고 있으며, 이는 투자자들의 관심 증가를 나타낼 수 있습니다.""]",-4.492415402567095,-2.8004667444574096,-1.2131265628359764,-2.9801998725238006
035420,네이버,2024-09-02,165300,Buy,75,"[""최근 애널리스트 리포트들이 일제히 긍정적인 전망과 함께 목표주가를 상향 제시하고 있어 단기 상승 모멘텀이 기대됩니다."", ""2분기 실적이 광고 성장과 비용 효율화로 인해 예상보다 좋았다는 분석이 있으며, AI를 통한 효율성 증대 기대감도 긍정적입니다."", ""현재 주가가 52주 최저가 대비 약 13.9% 상승한 수준으로, 52주 최고가 대비로는 아직 상당한 상승 여력이 남아있습니다.""]",-3.8112522686025407,0.5444646098003629,1.4877948786561879,3.1816037247994426
035420,네이버,2024-10-02,170700,Buy,75,"[""최근 1개월 수익률이 2.69%로 긍정적인 흐름을 보이고 있으며, 52주 최고가 대비 현재 위치가 17.2%로 상승 여력이 남아있습니다."", ""최근 애널리스트 리포트에서 컨센서스 상회 전망과 함께 목표주가 240,000원을 제시하여 긍정적인 투자 심리를 자극할 수 있습니다."", ""PER, PBR 등 재무 지표는 시장 평균 대비 높은 수준일 수 있으나, 네이버의 사업 모델과 성장성을 고려할 때 추가 상승 가능성을 배제하기 어렵습니다.""]",0.4100761570005858,2.9291154071470418,-1.67498402488764,2.1796144907012263
035420,네이버,2024-11-01,175700,Buy,75,"[""최근 애널리스트 리포트에서 일관되게 긍정적인 전망과 높은 목표주가를 제시하고 있습니다."", ""현재 주가는 52주 최저가 대비 상승했으나, 52주 최고가 대비로는 여전히 상당한 상승 여력이 남아있습니다."", ""최근 1개월 수익률이 소폭 상승세를 보이고 있으며, 거래량 변화율은 감소했지만 이는 단기적인 조정일 가능성이 있습니다.""]",0.1707455890722823,15.822424587364825,2.3843672223859147,21.01715453788568
035420,네이버,2024-12-02,209000,Buy,85,"[""최근 1개월 수익률이 19.92%로 강한 상승세를 보이고 있으며, 거래량 변화율도 72.11%로 높아 투자자들의 관심이 집중되고 있습니다."", ""최근 30일간 발행된 애널리스트 리포트들이 일제히 긍정적인 전망과 함께 240,000원 이상의 목표주가를 제시하고 있어 상승 여력이 충분하다고 판단됩니다."", ""현재가(209,000원)는 52주 최고가(231,500원) 대비 약 9.7% 하락한 수준으로, 기술적으로도 추가 상승을 시도할 구간에 있습니다.""]",0.0,-4.0669856459330145,3.2902683892644204,-1.7398787302096501
035420,네이버,2025-01-02,200500,Neutral,60,"[""최근 1개월 수익률이 마이너스이고 거래량 변화율도 하락세를 보이고 있어 단기적인 하락 압력이 존재합니다."", ""52주 최고가 대비 현재 위치가 중간 수준이며, PBR과 ROE 지표가 시장 평균 대비 특별히 높거나 낮지 않아 뚜렷한 상승 또는 하락 모멘텀을 찾기 어렵습니다."", ""최근 애널리스트 리포트에서 목표주가 상향 조정이 있었으나, 이는 20거래일이라는 단기적인 관점보다는 중장기적인 전망에 더 무게를 두고 있어 단기 투자 방향 판단에 결정적인 영향을 미치기 어렵습니다.""]",0.7481296758104738,15.710723192019952,-2.2765394370187804,11.827303587774114
035420,네이버,2025-02-03,218500,Buy,75,"[""최근 5건의 애널리스트 리포트 모두 긍정적인 전망과 함께 목표주가를 제시하고 있어 상승 여력이 충분하다고 판단됩니다."", ""현재가 218,500원은 52주 최고가 221,500원에 근접해 있어 추가 상승에 대한 기대감이 높습니다."", ""최근 1개월 수익률이 8.55%로 양호한 흐름을 보이고 있으며, 이는 시장 대비 초과 상승 가능성을 시사합니다.""]",4.576659038901601,-5.034324942791762,2.2653308714028353,-8.114484027931326
035420,네이버,2025-03-04,207500,Buy,85,"[""최근 5건의 애널리스트 리포트 모두 긍정적인 전망과 함께 목표주가를 현재가 대비 상향 제시하고 있습니다."", ""AI를 통한 코어 비즈니스 성장 가속화 및 광고 매출 증대 등 긍정적인 성장 모멘텀이 기대됩니다."", ""최근 1개월 수익률은 하락했으나, 거래량 변화율이 48.42%로 높게 나타나 향후 주가 반등 가능성을 시사합니다.""]",3.132530120481928,-5.734939759036144,2.4801004159712092,-3.691650324957345
035420,네이버,2025-04-01,195600,Buy,75,"[""최근 30일간 애널리스트 리포트에서 제시된 목표주가가 현재가 대비 상당한 상승 여력을 시사하며, 전반적으로 긍정적인 전망을 유지하고 있습니다."", ""AI를 통한 수익성 개선 및 강력한 커머스 모멘텀에 대한 기대감이 높아지고 있어 단기적인 주가 상승 동력이 될 수 있습니다."", ""현재 주가는 52주 최고가 대비 하락한 상태이며, 52주 내 중간 지점에 위치하여 추가적인 상승 여력이 존재할 가능성이 있습니다.""]",-9.560327198364007,2.505112474437628,-1.0937728018693793,0.47985966701821914
035420,네이버,2025-05-02,199100,Buy,80,"[""최근 애널리스트 리포트에서 컬리 제휴 관련 긍정적인 전망과 함께 목표주가가 상향 조정되는 추세가 나타나고 있습니다."", ""현재가(199,100원)는 52주 최고가(232,000원) 대비 약 14% 하락한 수준으로, 추가 상승 여력이 존재할 수 있습니다."", ""PER 15.5, PBR 1.15는 시장 평균 대비 과도하게 고평가되었다고 보기 어려운 수준이며, ROE 7.4%는 안정적인 수익성을 보여줍니다.""]",-3.9678553490708186,-3.9678553490708186,-6.562074014079753,-13.224596354587952
035420,네이버,2025-06-02,185500,Buy,75,"[""최근 30일간 발표된 애널리스트 리포트에서 모두 긍정적인 목표주가 상향 의견이 제시되었습니다."", ""현재 주가는 52주 최저가 대비 높은 수준에 위치하며, 52주 최고가 대비로는 하락 여력이 남아있습니다."", ""최근 1개월 수익률은 다소 부진했으나, 거래량 변화율이 긍정적인 점은 향후 상승 가능성을 시사합니다.""]",7.223719676549865,36.38814016172507,1.839431879347571,23.92152354005078
035420,네이버,2025-07-01,252000,Buy,75,"[""최근 1개월간 38.40%의 높은 수익률과 338.40%의 거래량 변화율은 긍정적인 모멘텀을 시사합니다."", ""두 건의 애널리스트 리포트 모두 목표주가를 현재가 대비 상향 제시하며 긍정적인 전망을 내놓고 있습니다."", ""현재 주가는 52주 최고가 대비 약 13% 하락한 수준으로, 52주 내 위치가 79.0%임을 감안할 때 추가 상승 여력이 존재할 수 있습니다.""]",0.7936507936507936,-7.142857142857142,-1.1146046550233732,-12.97721484644666
035420,네이버,2025-08-01,232500,Buy,75,"[""최근 1개월 수익률은 하락했으나, 애널리스트 리포트에서 제시된 목표주가들이 현재가 대비 상당한 상승 여력을 시사하고 있습니다."", ""PER, PBR 등 재무지표는 시장 평균 대비 과도하게 고평가되었다고 보기 어려우며, ROE는 개선 여지가 있으나 성장 잠재력을 고려할 때 긍정적으로 해석될 수 있습니다."", ""52주 최고가 대비 현재 위치는 중간 수준이지만, 최근의 하락은 단기적인 조정으로 해석될 수 있으며, 향후 탑라인 성장 및 잠재 성장 요소에 대한 기대감이 주가 상승을 견인할 가능성이 있습니다.""]",-4.086021505376344,-3.225806451612903,-5.96101157765019,-4.0073170544244325
035420,네이버,2025-09-01,225000,Buy,80,"[""최근 애널리스트 리포트에서 제시된 목표주가들이 현재가 대비 상당한 상승 여력을 시사하고 있습니다."", ""AI 서비스 전략 변화 및 글로벌 협업 등 미래 성장 동력에 대한 긍정적인 전망이 다수 존재합니다."", ""최근 1개월 수익률 하락 및 거래량 감소는 단기적인 조정으로 해석될 수 있으며, 이는 향후 반등의 기회가 될 수 있습니다.""]",2.666666666666667,19.333333333333332,-0.09784544580516874,11.381814743013852
035420,네이버,2025-10-01,253000,Buy,75,"[""최근 1개월 수익률이 13.11%로 양호하며, 거래량 변화율이 126.08%로 크게 증가하여 투자 심리가 개선되고 있음을 시사합니다."", ""최근 애널리스트 리포트에서 가상자산 사업 결합, 두나무 합병설, 스테이블코인 및 웹툰 등 신성장 동력에 대한 긍정적인 전망과 함께 높은 목표주가(320,000원 ~ 400,000원)가 제시되었습니다."", ""현재 주가가 52주 최고가 대비 약 12.6% 하락한 수준(52주 내 현재 위치 72.4%)에 있어 추가 상승 여력이 존재한다고 판단됩니다.""]",2.9644268774703555,4.3478260869565215,-2.646962699365049,-9.098546486094941
035420,네이버,2025-11-03,267000,Neutral,65,"[""최근 1개월 수익률은 긍정적이나, 애널리스트 리포트에서 본업 성장 둔화에 대한 언급이 있어 상반된 시각이 존재합니다."", ""현재가(267,000원)는 52주 최고가(290,500원) 대비 높은 수준에 위치해 있어 추가 상승 여력이 제한적일 수 있습니다."", ""AI, 핀테크, 커머스 등 신사업에 대한 기대감은 있으나, 목표주가 제시 범위가 넓어 투자 방향을 명확히 판단하기 어렵습니다.""]",-1.4981273408239701,-8.98876404494382,-1.1257118075783152,-5.91215076996772
035420,네이버,2025-12-01,243000,Buy,75,"[""최근 1개월 수익률 하락에도 불구하고, 다수의 애널리스트 리포트에서 긍정적인 목표주가와 성장 가능성을 제시하고 있습니다."", ""52주 최고가 대비 현재 위치가 58.2%로, 상승 여력이 남아있다고 판단됩니다."", ""네이버의 AI 경쟁력 강화 및 핀테크 플랫폼으로서의 성장 잠재력은 장기적인 관점에서 긍정적인 신호로 작용할 수 있습니다.""]",2.05761316872428,1.646090534979424,-1.6626022042609874,-6.231394176892881
051910,LG화학,2023-01-02,601000,Neutral,60,"[""최근 1개월 수익률이 -16.34%로 하락세를 보이고 있으며, 거래량 변화율 또한 -29.00%로 감소하여 단기적인 투자 심리가 위축된 것으로 판단됩니다."", ""현재가는 52주 최고가 대비 약 22.5% 하락한 수준으로, 기술적으로는 반등 가능성이 존재하나 명확한 상승 추세 전환 신호는 아직 나타나지 않았습니다."", ""LG화학의 재무 지표(PER, PBR, ROE)는 시장 평균 대비 양호한 수준으로 평가되지만, 단기적인 시장 상황 및 투자 심리 위축으로 인해 향후 20거래일 내 KOSPI 시장 수익률 대비 초과 상승 또는 하락을 명확히 판단하기에는 정보가 다소 불충분합니다.""]",4.658901830282862,12.479201331114808,-1.318976908426646,1.202225832169475
051910,LG화학,2023-02-01,676000,Buy,75,"[""최근 1개월 수익률이 14.67%로 양호하며, 52주 최고가 대비 현재 위치가 82.7%로 상승 추세에 있습니다."", ""애널리스트 리포트에서 2023년 1분기 양극재 판매량 복원 가능성을 언급하며 목표주가 780,000원을 제시하여 추가 상승 여력이 있습니다."", ""거래량 변화율이 6.93%로 긍정적인 수급 신호를 보여주고 있습니다.""]",0.591715976331361,3.9940828402366866,0.07974293592437998,5.485042303637092
051910,LG화학,2023-03-02,703000,Buy,85,"[""최근 애널리스트 리포트에서 제시된 목표주가들이 현재가 대비 상당한 상승 여력을 시사하고 있습니다."", ""미국 리튬 광산 투자 등 미래 성장 동력에 대한 긍정적인 전망이 제시되고 있습니다."", ""최근 1개월 수익률은 소폭 하락했으나, 52주 최고가 대비 현재 위치가 높아 추가 상승 가능성을 배제할 수 없습니다.""]",0.5689900426742532,1.2802275960170697,2.110064107154306,-0.5614134751692021
051910,LG화학,2023-04-03,722000,Buy,75,"[""최근 애널리스트 리포트에서 제시된 목표주가들이 현재가 대비 상당한 상승 여력을 시사하고 있습니다."", ""52주 최고가 대비 현재 위치가 높아 단기적인 상승 모멘텀이 지속될 가능성이 있습니다."", ""최근 1개월 수익률이 긍정적이며 거래량 변화율도 증가하는 추세는 투자 심리 개선을 나타냅니다.""]",11.634349030470915,0.554016620498615,8.919181585066546,-0.28814890191410947
051910,LG화학,2023-05-02,726000,Buy,85,"[""최근 30일간 발표된 다수의 애널리스트 리포트에서 일관되게 긍정적인 전망과 함께 목표주가를 현재가 대비 상향 제시하고 있습니다."", ""최근 1개월 수익률이 4.78%로 양호한 흐름을 보이고 있으며, 거래량 변화율이 55.00%로 증가하며 투자자들의 관심이 높아지고 있음을 시사합니다."", ""현재 주가가 52주 최고가 대비 약 12% 하락한 수준이지만, 52주 내 위치가 78.2%로 여전히 높은 편이며, 이는 상승 여력이 남아있음을 나타낼 수 있습니다.""]",-4.820936639118457,-0.6887052341597797,-4.405169468733869,-4.684867383356231
051910,LG화학,2023-06-01,721000,Neutral,60,"[""최근 1개월 수익률이 마이너스이고 거래량 변화율도 감소하여 단기적인 하락 압력이 존재합니다."", ""52주 최고가 대비 현재 위치가 57.5%로, 상승 여력이 남아있다는 해석도 가능합니다."", ""애널리스트 리포트에서 목표주가 100만원을 제시하며 긍정적인 전망을 내놓았으나, 재무 지표상 ROE가 낮은 점은 투자 매력도를 다소 낮춥니다.""]",3.467406380027739,-4.160887656033287,2.3914307365181986,-4.203557644039548
051910,LG화학,2023-07-03,680000,Neutral,60,"[""LG화학의 현재 PER과 PBR은 시장 평균 대비 높은 수준으로 밸류에이션 부담이 존재합니다."", ""ROE가 4.5%로 낮은 수준이며, 이는 수익성 개선이 더디다는 신호일 수 있습니다."", ""최근 1개월 수익률이 소폭 상승했으나, 52주 최고가 대비 상당한 하락폭을 보이고 있어 추가 상승 여부에 대한 불확실성이 있습니다."", ""거래량 변화율이 긍정적인 신호를 보이지만, 전반적인 재무 및 기술적 지표들이 명확한 상승 또는 하락 방향을 강하게 지지하지는 않습니다.""]",-3.823529411764706,-3.6764705882352944,-2.635086842230012,-6.520712117400732
051910,LG화학,2023-08-01,642000,Neutral,65,"[""최근 애널리스트 리포트들의 목표주가가 현재가 대비 상승 여력을 시사하지만, 실적 개선 시기 지연 및 이차전지 실적 둔화에 대한 우려가 공존합니다."", ""최근 1개월 수익률이 마이너스를 기록하며 단기적인 하락 압력이 있었으나, 거래량 변화율이 높다는 점은 투자자들의 관심이 여전히 높음을 시사합니다."", ""PER, PBR, ROE 등 재무 지표는 현재가에서 큰 변동성을 예상하기 어려운 중립적인 수준이며, 52주 최고가 대비 현재 위치가 낮아 추가 하락보다는 반등 가능성도 존재합니다.""]",-1.8691588785046727,-9.190031152647975,-1.4353683133539195,-6.889221282861591
051910,LG화학,2023-09-01,586000,Neutral,55,"[""LG화학의 현재가는 52주 최저가에 근접해 있어 하방 경직성이 기대되지만, 최근 1개월 수익률이 -11.21%로 부진하며 거래량 변화율도 크게 감소하여 투자 심리가 위축된 것으로 보입니다."", ""PER 24.1, PBR 1.07, ROE 4.4% 등의 재무 지표는 시장 평균 대비 특별히 매력적이거나 비싸다고 판단하기 어려운 수준으로, 뚜렷한 매수 또는 매도 신호를 보내고 있지 않습니다."", ""기술적 지표상 52주 최고가 대비 현재 위치가 11.8%로 낮아 반등 가능성도 있으나, 최근의 하락 추세와 거래량 감소는 추가 하락 가능성도 배제할 수 없어 향후 20거래일 내 KOSPI 시장 수익률 대비 초과 상승 또는 하락을 단정하기 어렵습니다.""]",-4.266211604095563,-14.761092150170649,-3.1956190444623553,-7.958360533448196
051910,LG화학,2023-10-04,502000,Buy,75,"[""최근 1개월 수익률이 -15.62%로 크게 하락했으나, 52주 최고가 대비 현재 위치가 0.0%로 이는 현재가가 52주 최고가에 근접해 있음을 의미하며, 이는 향후 상승 여력이 제한적일 수 있다는 신호로 해석될 수 있습니다. (수정: 52주 최고가 대비 현재 위치가 0.0%라는 것은 현재가가 52주 최고가와 같다는 의미가 아니라, 52주 최고가 대비 현재 위치의 비율을 나타내는 것으로 보입니다. 현재가 502,000원, 52주 최고가 825,000원이므로 현재가는 52주 최고가 대비 상당히 낮은 위치에 있습니다. 이 부분은 오해의 소지가 있어 수정이 필요합니다.)"", ""애널리스트 리포트에서 3분기 실적이 괜찮음에도 주가가 급락했으며, 목표주가 800,000원을 제시한 점은 현재 주가 수준에서 상승 여력이 충분함을 시사합니다."", ""PBR 0.92는 현재 주가가 기업의 순자산 가치 대비 저평가되어 있음을 나타내며, 이는 투자 매력도를 높이는 요인입니다."", ""최근 1개월 수익률 급락과 거래량 변화율 14.08% 증가는 단기적인 변동성이 확대되었음을 보여주며, 이는 저가 매수 기회를 제공할 수 있습니다.""]",5.179282868525896,-6.175298804780876,2.992978991008831,-4.70833258744023
051910,LG화학,2023-11-01,455500,Neutral,65,"[""최근 1개월 수익률이 -14.65%로 부진했으나, 52주 최저가 대비 현재 위치가 1.2%로 낮은 수준에 있어 반등 가능성도 존재합니다."", ""애널리스트 리포트에서 제시된 목표주가 평균은 650,000원으로 현재가 대비 상승 여력이 있으나, 4분기 눈높이 하향 조정 등 부정적인 의견도 일부 존재합니다."", ""양극재 사업의 경쟁력은 유지되고 있으나, 전기차 시장 둔화 우려가 투자 심리에 영향을 미칠 수 있어 단기적인 방향성 판단이 어렵습니다.""]",2.634467618002195,9.989023051591657,-0.9487888946817495,1.7875651663787746
051910,LG화학,2023-12-01,473000,Neutral,55,"[""LG화학의 현재가(473,000원)는 52주 최저가(426,000원) 대비 상승했으나, 52주 최고가(825,000원) 대비로는 여전히 낮은 수준에 머물러 있어 상승 여력과 하락 위험이 공존합니다."", ""최근 1개월 수익률이 6.81%로 양호한 흐름을 보였으나, 거래량 변화율이 -18.70%로 감소한 점은 투자 심리 위축 가능성을 시사합니다."", ""PER 20.6, PBR 0.92, ROE 4.5% 등 재무 지표는 시장 평균 대비 특별히 매력적이거나 부정적이지 않아 뚜렷한 투자 방향을 제시하기 어렵습니다.""]",0.5285412262156448,1.6913319238900635,0.1146164961017137,-1.174331409377006
051910,LG화학,2024-01-02,480500,Neutral,60,"[""LG화학의 현재가는 52주 최저가 대비 높은 수준이지만, 52주 최고가 대비로는 상당한 하락폭을 기록하며 밸류에이션 매력 가능성을 시사합니다."", ""최근 1개월 수익률과 거래량 변화율이 마이너스를 기록하며 단기적인 투자 심리가 위축되었음을 보여줍니다."", ""제한적인 애널리스트 리포트 정보와 재무 지표만으로는 향후 20거래일 동안 KOSPI 시장 대비 초과 상승 또는 하락을 명확히 판단하기 어렵습니다.""]",-3.329864724245578,-9.573361082206034,-0.8242171411043357,-5.346015657227808
051910,LG화학,2024-02-01,461000,Neutral,60,"[""최근 1개월 수익률이 마이너스(-)를 기록하며 단기적인 하락세를 보이고 있으나, 52주 최고가 대비 현재 위치가 낮아 반등 가능성도 존재합니다."", ""애널리스트 리포트에서 긍정적인 전망과 목표주가 상향이 제시되었으나, 목표주가와 현재가 간의 괴리가 상당하여 단기적인 상승 동력은 제한적일 수 있습니다."", ""PER, PBR, ROE 등 재무지표는 시장 평균 대비 특별히 저평가 또는 고평가되었다고 보기 어려워 투자 매력도를 판단하기 어렵습니다.""]",2.1691973969631237,-4.229934924078091,0.8565423006265547,-5.230963482834025
051910,LG화학,2024-03-04,452500,Buy,75,"[""최근 1개월 수익률이 8.32%로 양호하며, 거래량 변화율도 53.12%로 증가 추세를 보이고 있어 투자 심리가 개선되고 있음을 시사합니다."", ""GM과의 양극재 대규모 공급계약 관련 긍정적인 애널리스트 리포트가 있으며, 목표주가 500,000원은 현재가 대비 상승 여력을 보여줍니다."", ""52주 최고가 대비 현재 위치가 17.1%로 낮아 추가적인 상승 가능성이 존재하며, 52주 최저가 대비로는 상당한 회복세를 보이고 있습니다.""]",-0.44198895027624313,-6.2983425414364635,-1.6652847908439132,-10.21470096221097
051910,LG화학,2024-04-01,424000,Neutral,60,"[""LG화학의 현재가는 52주 최저가 대비 소폭 상승했으나 최고가 대비로는 크게 하락한 상태로, 기술적 반등 가능성과 추가 하락 가능성이 공존합니다."", ""최근 1개월 수익률이 마이너스이고 거래량 변화율도 감소한 점은 단기적인 투자 심리 위축을 시사합니다."", ""애널리스트 리포트에서 제시된 목표주가 600,000원은 현재가 대비 상승 여력을 보여주지만, 재무 지표상 PER이 다소 높고 ROE가 낮은 점은 밸류에이션 부담으로 작용할 수 있습니다.""]",-6.839622641509433,-4.481132075471698,-5.096171479935097,-1.9563968621168706
051910,LG화학,2024-05-02,403500,Neutral,65,"[""최근 1개월 수익률이 마이너스를 기록하며 단기적인 하락 압력이 존재합니다."", ""애널리스트 리포트에서 목표주가 하향 의견과 상향 의견이 혼재되어 있어 투자 방향성에 대한 불확실성이 높습니다."", ""기술적으로 52주 최저가에 근접한 위치에 있으나, 거래량 변화율이 긍정적인 신호를 보내고 있어 추가적인 하락보다는 반등 가능성도 배제할 수 없습니다.""]",-3.0978934324659235,-10.532837670384138,-4.987583079522107,-9.989990881698358
051910,LG화학,2024-06-03,361000,Neutral,55,"[""LG화학의 현재가는 52주 최저가에 근접해 있어 단기 반등 가능성을 시사하지만, 최근 1개월 수익률이 마이너스이고 거래량 변화율도 하락세를 보이고 있어 추가 하락 가능성도 배제할 수 없습니다."", ""PER, PBR, ROE 등 재무지표는 시장 평균 대비 저평가 또는 부진한 수준으로 해석될 여지가 있어 투자 매력도를 판단하기 어렵습니다."", ""기술적 지표상 52주 최저가 부근에서 반등을 시도할 수 있으나, 명확한 상승 추세 전환 신호가 부족하고 시장 전반의 불확실성도 존재하여 20거래일 내 KOSPI 시장 수익률 대비 초과 상승 또는 하락을 단정하기 어렵습니다.""]",2.9085872576177287,-0.2770083102493075,0.426712046318372,-5.232118937197969
051910,LG화학,2024-07-01,353000,Buy,75,"[""최근 52주 최저가 대비 현재 위치가 3.0%로 매우 낮은 수준에 있어 반등 가능성이 높습니다."", ""최근 1개월 수익률이 1.43%로 소폭 상승세를 보이고 있으며, 애널리스트 리포트에서도 업황 개선세를 언급하며 긍정적인 전망을 제시하고 있습니다."", ""PER 20.8, PBR 0.61은 현재 주가가 기업 가치 대비 저평가되었을 가능성을 시사합니다.""]",2.6912181303116145,-13.59773371104816,-0.42004960700705585,-12.063316300606784
051910,LG화학,2024-08-01,308500,Neutral,65,"[""최근 1개월 수익률이 -12.78%로 부진했으나, 52주 최저가 대비 현재 위치가 2.1%로 바닥권에 근접해 있어 반등 가능성을 시사합니다."", ""애널리스트 리포트에서 제시된 목표주가 평균이 현재가 대비 상당한 상승 여력을 보여주고 있으며, '악재가 충분히 반영된 주가'라는 의견도 존재합니다."", ""하지만 전지소재 투자 속도 조절 및 2차전지 실적 눈높이 하향 조정 등 부정적인 의견도 혼재되어 있어 단기적인 방향성을 명확히 판단하기 어렵습니다.""]",-7.293354943273905,10.21069692058347,-4.0140661035427865,10.03096379251708
051910,LG화학,2024-09-02,333000,Buy,75,"[""최근 1개월 수익률이 8.28%로 양호하며, 거래량 변화율도 16.55%로 증가 추세를 보이고 있어 투자 심리가 긍정적입니다."", ""애널리스트 리포트에서 3분기 실적 우상향 기대와 함께 높은 목표주가(660,000원)를 제시하고 있어 향후 상승 여력이 충분하다고 판단됩니다."", ""현재가(333,000원)는 52주 최저가(272,500원) 대비 높은 수준이지만, 52주 최고가(592,000원) 대비로는 여전히 낮은 위치에 있어 상승 잠재력이 있습니다.""]",-7.957957957957958,8.408408408408409,-2.658910810699229,11.045547523407489
051910,LG화학,2024-10-02,348500,Buy,75,"[""최근 1개월 수익률이 12.76%로 양호하며, 거래량 변화율도 14.69%로 긍정적인 수급 신호를 보여주고 있습니다."", ""애널리스트 리포트에서 제시된 목표주가들이 현재가 대비 상당한 상승 여력을 시사하고 있으며, '바닥을 다지는 구간'이라는 분석도 긍정적입니다."", ""PBR이 0.61로 낮아 저평가 매력이 있으며, 52주 최저가 대비 현재 위치가 27.0%로 상승 전환 가능성이 있습니다.""]",0.5738880918220948,-7.173601147776183,-1.511172090066131,-7.9231020642219985
051910,LG화학,2024-11-01,323500,Neutral,65,"[""최근 1개월 수익률이 마이너스(-)를 기록하며 단기적인 하락세를 보이고 있습니다."", ""애널리스트 리포트에서 목표주가는 현재가 대비 상승 여력을 제시하고 있으나, 실적 개선세가 아직 가시화되지 않았다는 의견이 존재합니다."", ""기술적 지표상 52주 최저가 대비 현재 위치가 높지만, 52주 최고가 대비로는 상당한 하락폭을 기록하고 있어 방향성 판단에 불확실성이 있습니다.""]",-6.0278207109737245,-12.673879443585781,-3.814199077660092,-7.479149493064925
051910,LG화학,2024-12-02,282500,Neutral,55,"[""LG화학의 현재가는 52주 최저가에 근접해 있어 기술적 반등 가능성이 있으나, 최근 1개월 수익률이 마이너스이고 거래량 변화율도 하락세를 보이고 있어 투자 심리가 위축된 것으로 판단됩니다."", ""PER, PBR, ROE 등 재무 지표는 시장 평균 대비 저평가 가능성을 시사하지만, 현재 주가 하락 추세를 상쇄할 만큼 강력한 매수 신호로 보기는 어렵습니다."", ""향후 20거래일 동안 KOSPI 시장 전반의 흐름과 LG화학 자체의 실적 발표, 신사업 관련 뉴스 등 추가적인 정보가 투자 방향을 결정하는 데 중요한 변수가 될 것으로 예상됩니다.""]",-5.132743362831858,-10.265486725663717,-1.842474973567438,-7.938379809940352
051910,LG화학,2025-01-02,253500,Neutral,55,"[""LG화학의 현재가(253,500원)는 52주 최저가(242,500원)에 근접해 있어 기술적 반등 가능성이 있으나, 52주 최고가(508,000원) 대비 큰 폭으로 하락한 상태입니다."", ""최근 1개월 수익률이 -14.61%로 부진한 흐름을 보이고 있으며, 이는 투자 심리에 부정적인 영향을 미칠 수 있습니다."", ""PER(14.2), PBR(0.42), ROE(3.0%) 등 재무 지표는 시장 평균 대비 저평가 가능성을 시사하지만, ROE가 낮은 점은 수익성 개선에 대한 의문을 남깁니다.""]",-3.353057199211045,-12.42603550295858,-6.377726312040299,-16.309455107204418
051910,LG화학,2025-02-03,213000,Neutral,55,"[""현재가 213,000원은 52주 최저가 222,000원에 근접하여 기술적 반등 가능성이 있으나, 52주 최고가 대비 큰 폭으로 하락한 상태입니다."", ""최근 1개월 수익률 -10.48%와 거래량 변화율 -21.42%는 단기적인 하락 추세를 시사합니다."", ""유일한 애널리스트 리포트에서는 목표주가 410,000원을 제시하며 긍정적인 전망을 내놓았으나, 이는 20거래일이라는 단기적인 관점에서는 불확실성이 존재합니다.""]",3.9906103286384975,8.215962441314554,1.6792821611397315,5.135803356174989
051910,LG화학,2025-03-04,230500,Sell,75,"[""최근 30일간 애널리스트 리포트에서 목표주가 하향 조정 및 단기 주가 약세 전망이 다수 제시되었습니다."", ""양극재 Capa 가이던스 하향 및 1분기 판매량 감소 전망은 단기 실적에 부정적인 영향을 미칠 수 있습니다."", ""최근 1개월 수익률이 마이너스를 기록하고 있으며, 52주 최고가 대비 현재 위치가 매우 낮은 점은 추가 하락 가능성을 시사합니다.""]",8.893709327548807,0.8676789587852495,8.241279623038087,2.9109683928640484
051910,LG화학,2025-04-01,232500,Buy,75,"[""최근 1개월 수익률이 4.05%로 양호하며, 거래량 변화율도 17.76%로 증가하는 추세입니다."", ""52주 최저가 대비 현재 위치가 12.5%로, 저점 대비 상당한 반등 가능성을 시사합니다."", ""최근 애널리스트 리포트에서 1분기 실적 호조와 함께 목표주가 상향 조정이 있었습니다.""]",-12.473118279569892,-7.096774193548387,-4.006563883075264,-9.122027000967796
051910,LG화학,2025-05-02,208000,Buy,75,"[""최근 1개월 수익률은 하락했으나, 52주 최저가 대비 현재 위치가 높아 반등 가능성이 있습니다."", ""최근 애널리스트 리포트에서 긍정적인 전망과 함께 높은 목표주가를 제시하고 있습니다."", ""PBR이 0.31로 낮아 저평가 매력이 존재하며, 향후 실적 개선 시 주가 상승 여력이 있습니다.""]",-2.1634615384615383,-3.125,-4.757680203470473,-12.381741005517133
051910,LG화학,2025-06-02,198700,Neutral,55,"[""LG화학은 현재 적자 상태로 PER 지표가 없어 기업 가치 평가에 어려움이 있습니다."", ""PBR이 0.29로 낮아 저평가 가능성도 있으나, 최근 1개월 수익률이 -13.39%로 하락세를 보이고 있습니다."", ""거래량 변화율이 30%로 높다는 점은 투자자들의 관심이 증가하고 있음을 시사하지만, 52주 최고가 대비 현재 위치가 낮아 추가 하락 가능성도 배제할 수 없습니다.""]",5.938600905888274,29.34071464519376,0.5543131086859798,16.874098023519473
051910,LG화학,2025-07-01,240000,Buy,75,"[""최근 1개월 수익률이 14.90%로 강한 상승세를 보이고 있어 단기 모멘텀이 긍정적입니다."", ""현재가 240,000원은 52주 최저가 182,400원 대비 상당한 상승 여력을 보여주며, 52주 최고가 367,500원 대비로는 아직 상승 공간이 남아있습니다."", ""PBR 0.34는 장부가치 대비 저평가 가능성을 시사하며, 향후 실적 개선 시 주가 반등의 요인이 될 수 있습니다.""]",8.333333333333332,27.500000000000004,6.425077884659165,21.665642296410486
051910,LG화학,2025-08-01,289500,Buy,75,"[""최근 1개월 수익률이 12.84%로 양호하며, 52주 최고가 대비 현재 위치가 60.2%로 상승 여력이 남아있습니다."", ""다수의 애널리스트 리포트에서 목표주가를 현재가 대비 상향 제시하며 긍정적인 전망을 내놓고 있습니다."", ""PBR이 0.43으로 낮아 저평가 매력이 있으며, 이는 향후 주가 상승의 기반이 될 수 있습니다.""]",-4.145077720207254,-6.90846286701209,-6.0200677924811,-7.689973469823619
051910,LG화학,2025-09-01,269500,Neutral,65,"[""최근 1개월 수익률이 -9.95%로 부진하며 거래량 변화율도 감소하여 단기적인 하락 압력이 존재합니다."", ""하지만 애널리스트 리포트에서 제시된 목표주가 평균이 현재가 대비 상승 여력을 시사하며, 특히 자회사 및 LGES 지분 활용에 대한 기대감이 존재합니다."", ""PER이 '해당없음(적자)'으로 재무 건전성에 대한 우려가 있으나, PBR이 0.40으로 낮아 저평가 매력이 일부 존재하며, 52주 내 현재 위치가 중간 수준으로 급격한 상승 또는 하락을 단정하기 어렵습니다.""]",8.719851576994433,3.153988868274583,5.955339464522597,-4.797529722044897
051910,LG화학,2025-10-01,277500,Buy,75,"[""최근 1개월 수익률이 4.45%로 긍정적인 흐름을 보이고 있으며, 52주 최고가 대비 현재 위치가 55.5%로 상승 여력이 남아있습니다."", ""최근 애널리스트 리포트에서 글로벌 석화 폐쇄 사이클 수혜를 기대하며 목표주가 500,000원을 제시한 점은 긍정적인 신호입니다."", ""PBR 0.41은 현재 주가가 자산 가치 대비 저평가되어 있음을 시사하며, 향후 실적 개선 시 주가 상승의 기반이 될 수 있습니다.""]",12.432432432432433,38.91891891891892,6.821042855597029,25.472546345867457
051910,LG화학,2025-11-03,395000,Buy,75,"[""LG화학은 최근 1개월 동안 39.12%의 높은 수익률을 기록하며 강한 상승 모멘텀을 보여주고 있습니다."", ""현재가는 52주 최고가 대비 약 5.2% 하락한 수준으로, 추가 상승 여력이 남아있을 가능성이 있습니다."", ""거래량 변화율이 133.96%로 크게 증가한 것은 투자자들의 관심이 집중되고 있음을 시사하며, 이는 단기적인 주가 상승을 지지할 수 있습니다.""]",1.139240506329114,-5.949367088607595,1.511656039574769,-2.8727538136314936
051910,LG화학,2025-12-01,371500,Buy,75,"[""다수의 애널리스트 리포트에서 목표주가를 현재가 대비 상향 제시하며 긍정적인 전망을 내놓고 있습니다."", ""PBR 0.55는 현재 주가가 자산 가치 대비 저평가되어 있음을 시사하며, 향후 반등 가능성을 내포합니다."", ""최근 1개월 수익률 하락과 거래량 감소는 단기적인 조정으로 해석될 수 있으며, 이는 향후 상승 여력을 확보하는 과정일 수 있습니다.""]",2.1534320323014806,-13.189771197846568,-1.5667833406837866,-21.067255909718874
352820,HYBE,2023-01-02,176500,Buy,75,"[""최근 1개월 수익률이 10.42%로 양호한 흐름을 보이고 있으며, 거래량 변화율도 25.46%로 증가 추세에 있어 투자 심리가 개선되고 있음을 시사합니다."", ""현재 주가는 52주 최고가 대비 상당 부분 하락한 상태이며, 52주 최저가 대비로는 상승 여력이 남아있어 기술적으로 반등 가능성이 있습니다."", ""PER, PBR 지표는 다소 높은 편이나, 엔터테인먼트 산업의 성장성과 HYBE의 독보적인 IP 경쟁력을 고려할 때 향후 실적 개선에 대한 기대감이 반영될 수 있습니다.""]",-3.39943342776204,6.458923512747876,-9.377312166471548,-4.818051986197458
352820,HYBE,2023-02-01,187900,Buy,75,"[""최근 1개월 수익률이 9.22%로 양호하며, 거래량 변화율도 9.81%로 긍정적인 흐름을 보이고 있습니다."", ""애널리스트 리포트에서 제시된 목표주가(230,000원, 196,000원)가 현재가(187,900원) 대비 상승 여력을 시사하고 있습니다."", ""52주 최고가 대비 현재 위치가 37.5%로, 추가 상승 가능성을 배제할 수 없습니다.""]",5.534858967535923,-0.2660989888238425,5.022885927128942,1.2248604745765634
352820,HYBE,2023-03-02,187400,Buy,75,"[""최근 30일 내 애널리스트 리포트에서 제시된 목표주가 평균이 현재가 대비 상승 여력을 시사합니다."", ""52주 최고가 대비 현재 위치가 낮아 추가 상승 가능성이 존재합니다."", ""최근 1개월 수익률은 소폭 하락했으나, 거래량 변화율이 높아 투자자들의 관심이 증가하고 있음을 나타냅니다.""]",-1.9743863393810033,0.8004268943436499,-0.4333122749009506,-1.041214176842622
352820,HYBE,2023-04-03,190300,Neutral,55,"[""현재 PER이 145.4로 높아 밸류에이션 부담이 존재하며, ROE가 1.9%로 낮아 수익성이 부진한 점은 부정적 요인입니다."", ""52주 최고가 대비 현재 주가가 많이 하락한 상태이며, 최근 1개월 수익률이 마이너스이고 거래량 변화율도 감소한 점은 단기적인 하락 압력을 시사합니다."", ""하지만 52주 최저가 대비로는 상당한 상승 여력이 남아있고, 시가총액이 7.9조원으로 코스피 시장에서 상당한 비중을 차지하는 종목이므로 시장 전반의 흐름에 따라 변동성이 나타날 수 있습니다.""]",17.971623751970572,54.75564897530215,15.256456306566204,53.91348345288942
352820,HYBE,2023-05-02,294500,Buy,75,"[""최근 1개월 수익률이 50.61%로 매우 강한 상승 모멘텀을 보여주고 있으며, 52주 최고가에 근접한 현재 위치는 추가 상승 가능성을 시사합니다."", ""최근 애널리스트 리포트에서 제시된 목표주가들이 현재가 대비 상승 여력을 보여주고 있으며, 특히 370,000원의 목표주가는 긍정적인 전망을 뒷받침합니다."", ""거래량 변화율이 22.88%로 증가 추세를 보이며 이는 투자자들의 관심 증가와 함께 상승 동력으로 작용할 수 있습니다.""]",-5.772495755517826,-8.31918505942275,-5.356728585133238,-12.315347208619201
352820,HYBE,2023-06-01,270000,Buy,75,"[""최근 5건의 애널리스트 리포트 모두 긍정적인 전망과 함께 목표주가를 제시하고 있어 향후 상승 여력이 충분하다고 판단됩니다."", ""현재가 270,000원은 52주 최고가 294,500원에 근접한 수준이지만, 52주 내 현재 위치가 90.8%로 여전히 높은 상승 잠재력을 보여줍니다."", ""최근 1개월 수익률이 2.78%로 양호한 흐름을 보이고 있으며, 이는 시장 대비 초과 상승 가능성을 시사합니다.""]",8.88888888888889,3.5185185185185186,7.812913245379349,3.4758485305122577
352820,HYBE,2023-07-03,286000,Buy,75,"[""최근 1개월 수익률이 소폭 상승세를 보이며 기술적 반등 가능성을 시사합니다."", ""52주 최고가 대비 현재 위치가 높아 추가 상승 여력이 남아있습니다."", ""애널리스트 리포트에서 제시된 목표주가 360,000원은 현재가 대비 상당한 상승 여력을 보여줍니다.""]",-5.594405594405594,-11.188811188811188,-4.405963024870901,-14.033052717976627
352820,HYBE,2023-08-01,252000,Buy,75,"[""최근 30일간 애널리스트 리포트에서 제시된 목표주가들이 현재가 대비 상당한 상승 여력을 시사하고 있습니다."", ""최근 1개월 수익률은 하락했으나, 52주 최고가 대비 현재 위치가 73.2%로 여전히 높은 수준을 유지하고 있어 추가 상승 가능성을 배제할 수 없습니다."", ""거래량 변화율이 22.92%로 긍정적인 움직임을 보이고 있으며, 이는 투자자들의 관심 증가 및 매수세 유입 가능성을 나타냅니다.""]",2.976190476190476,0.1984126984126984,3.409981041341229,2.4992225681990834
352820,HYBE,2023-09-01,250500,Buy,75,"[""최근 1개월 수익률은 소폭 하락했으나, 52주 최고가 대비 현재 위치가 70.6%로 여전히 상승 여력이 존재합니다."", ""애널리스트 리포트에서 제시된 목표주가(315,000원 ~ 330,000원)가 현재가(250,500원) 대비 상당한 상승 여력을 시사합니다."", ""미국 걸그룹 데뷔 등 신규 모멘텀에 대한 기대감이 긍정적인 투자 심리를 유발할 수 있습니다.""]",-2.3952095808383236,-8.582834331337326,-1.3246170212051158,-1.7801027146148725
352820,HYBE,2023-10-04,227000,Neutral,55,"[""최근 1개월 수익률이 마이너스이고 거래량 변화율도 감소하여 단기적인 하락 압력이 존재합니다."", ""52주 최고가 대비 현재 위치가 57.2%로, 여전히 상승 여력이 남아있다고 볼 수 있습니다."", ""PER, PBR, ROE 등 재무지표가 현재 주가 수준을 정당화하기에는 다소 부담스러운 수준으로, 밸류에이션 측면에서 추가 상승을 제한할 수 있습니다.""]",7.709251101321586,-4.845814977973569,5.52294722380452,-3.3788487606329225
352820,HYBE,2023-11-01,227500,Buy,75,"[""최근 30일 내 애널리스트 리포트에서 제시된 목표주가들이 현재가 대비 상당한 상승 여력을 시사하고 있습니다."", ""52주 최고가 대비 현재 위치가 60.2%로, 과거 고점 대비 하락폭이 있었으나 회복 가능성을 내포하고 있습니다."", ""최근 1개월 수익률은 소폭 하락했으나, 거래량 변화율이 23.51%로 증가하며 투자자들의 관심이 재조명될 가능성이 있습니다.""]",-6.813186813186813,-5.274725274725275,-10.396443325870758,-13.476183159938156
352820,HYBE,2023-12-01,209000,Buy,85,"[""최근 30일간 애널리스트 리포트에서 제시된 목표주가가 현재가 대비 상당한 상승 여력을 시사하며, 전반적으로 긍정적인 전망을 유지하고 있습니다."", ""최근 1개월 수익률은 하락했으나, 거래량 변화율이 110.35%로 크게 증가한 것은 투자자들의 관심이 재집중되고 있음을 나타내며 향후 반등 가능성을 시사합니다."", ""현재 주가는 52주 최고가 대비 약 32% 하락한 수준으로, 기술적으로는 반등 구간에 진입할 가능성이 있으며, 애널리스트들의 목표주가 상향 조정은 이러한 기술적 반등을 뒷받침할 수 있습니다.""]",13.875598086124402,15.07177033492823,13.46167335601047,12.20610700166116
352820,HYBE,2024-01-02,239500,Buy,75,"[""최근 1개월 수익률이 12.33%로 양호한 흐름을 보이고 있으며, 52주 최고가 대비 현재 위치가 52.9%로 상승 여력이 남아있습니다."", ""애널리스트 리포트에서 목표주가 330,000원을 제시하며 긍정적인 전망을 내놓고 있습니다."", ""거래량 변화율이 음수(-56.42%)로 나타나 단기적인 매도세가 진정될 경우 반등 가능성이 있습니다.""]",4.592901878914405,-15.866388308977037,7.098549462055647,-11.63904288399881
352820,HYBE,2024-02-01,205500,Neutral,60,"[""현재가 205,500원은 52주 최저가 173,500원 대비 상승했으나, 52주 최고가 307,000원 대비로는 상당한 하락폭을 보이며 52주 내 현재 위치가 19.1%로 낮은 편입니다."", ""최근 1개월 수익률이 -16.91%로 부진한 흐름을 보이고 있으며, 이는 단기적인 투자 심리 위축을 시사합니다."", ""PER 157.3, PBR 2.93, ROE 1.9% 등 재무 지표상 고평가 논란이 있으며, 이는 향후 주가 상승에 부담으로 작용할 수 있습니다."", ""유일한 애널리스트 리포트에서는 목표주가 310,000원을 제시하며 긍정적인 전망을 내놓았으나, 이는 4분기 실적보다 '왜 하이브인가'라는 질문에 대한 답을 강조하고 있어 구체적인 실적 개선 기대감보다는 성장성에 대한 기대에 기반한 것으로 보입니다.""]",0.0,-8.75912408759124,-1.312655096336569,-9.760152646347176
352820,HYBE,2024-03-04,188600,Buy,85,"[""최근 30일 내 애널리스트 리포트에서 일관되게 긍정적인 전망과 높은 목표주가를 제시하고 있습니다."", ""현재 주가가 52주 최저가 대비 높은 수준에 위치하며, 최근 1개월 수익률은 하락했으나 거래량 변화율은 긍정적인 신호를 보입니다."", ""음원 매출 성장 및 1분기 저점 통과 후 점진적 상승 예상 등 성장 모멘텀이 살아있다는 분석이 다수 존재합니다.""]",8.430540827147402,17.9745493107105,7.207244986579732,14.058190889935995
352820,HYBE,2024-04-01,222500,Buy,75,"[""최근 1개월 수익률이 13.76%로 양호하며, 거래량 변화율도 10.66%로 긍정적인 흐름을 보이고 있습니다."", ""UMG와의 음반원 글로벌 독점 유통 계약 체결 소식은 향후 실적 개선에 대한 기대감을 높이며 목표주가 330,000원으로 상향 조정되었습니다."", ""현재가는 52주 최고가 대비 약 27.5% 하락한 수준으로, 상승 여력이 존재한다고 판단됩니다.""]",-2.696629213483146,-10.112359550561797,-0.9531780519088093,-7.58762433720697
352820,HYBE,2024-05-02,203500,Buy,75,"[""애널리스트 리포트에서 제시된 목표주가들이 현재가 대비 상당한 상승 여력을 시사하고 있습니다."", ""최근 1개월 수익률은 하락했으나, 거래량 변화율이 47%로 증가한 점은 투자자들의 관심이 재집중되고 있음을 나타낼 수 있습니다."", ""52주 최고가 대비 현재 위치가 11.6%로, 아직 최고가에 도달하지 않아 추가 상승 가능성이 존재합니다.""]",-5.257985257985258,-1.71990171990172,-7.147674905041441,-1.1770549312159395
352820,HYBE,2024-06-03,200000,Neutral,55,"[""현재가 200,000원은 52주 최저가 185,900원 대비 소폭 상승했으나, 52주 최고가 307,000원 대비로는 상당한 하락폭을 보이며 52주 내 현재 위치가 12.1%로 낮은 편입니다."", ""최근 1개월 수익률이 -0.74%로 소폭 하락했으며, 거래량 변화율이 0.00%로 특이사항이 없어 단기적인 모멘텀을 파악하기 어렵습니다."", ""PER 44.5, PBR 2.78은 다소 높은 수준으로 성장성에 대한 기대감이 반영된 것으로 보이나, ROE 6.2%는 이를 뒷받침하기에 다소 낮은 수치로 밸류에이션 부담이 존재할 수 있습니다.""]",-0.44999999999999996,-1.5,-2.9318752112993565,-6.455110626948661
352820,HYBE,2024-07-01,197200,Neutral,60,"[""최근 1개월 수익률이 소폭 하락하고 거래량 변화율이 크게 감소하여 단기적인 투자 심리가 위축된 것으로 보입니다."", ""52주 최고가 대비 현재 위치가 낮아 추가 상승 여력이 있다고 볼 수도 있으나, 52주 최저가와의 격차도 크지 않아 변동성이 존재합니다."", ""애널리스트 리포트에서 제시된 목표주가는 현재가 대비 높은 수준이지만, 최근 30일 내 리포트가 2건으로 정보가 제한적이며, 재무 지표상 PER이 다소 높아 밸류에이션 부담이 있을 수 있습니다.""]",-1.4705882352941175,-12.778904665314403,-4.581855972612788,-11.244487254873027
352820,HYBE,2024-08-01,180800,Buy,75,"[""최근 1개월 수익률 하락에도 불구하고, 애널리스트들의 목표주가가 현재가 대비 상당한 상승 여력을 시사하고 있습니다."", ""신인 아티스트들의 성장세와 기존 아티스트들의 견조한 성과가 향후 실적 개선에 대한 기대를 높이고 있습니다."", ""현재 주가가 52주 최저가에 근접해 있어 기술적으로 반등 가능성이 존재합니다.""]",-4.756637168141593,-0.5530973451327433,-1.4773483284104745,-0.7328304731991342
352820,HYBE,2024-09-02,180400,Buy,85,"[""최근 애널리스트 리포트에서 긍정적인 전망과 함께 목표주가 상향이 다수 제시되었습니다."", ""최근 1개월 수익률이 2.57%로 소폭 상승세를 보이고 있으며, 거래량 변화율도 32.01%로 증가하여 투자 심리가 개선될 가능성이 있습니다."", ""현재 주가가 52주 최저가 대비 18.0% 수준으로, 추가적인 상승 여력이 존재한다고 판단됩니다.""]",-7.982261640798225,-0.8869179600886918,-2.683214493539497,1.750221154910388
352820,HYBE,2024-10-02,173500,Neutral,60,"[""최근 1개월 수익률이 마이너스이고 거래량 변화율도 감소하는 등 단기적인 하락 압력이 관찰됩니다."", ""현재가는 52주 최저가 대비로는 상승했지만, 최고가 대비로는 상당한 하락폭을 기록하며 기술적으로는 박스권 하단에 가까운 위치에 있습니다."", ""재무 지표상 PER, PBR이 다소 높은 편이나 ROE가 낮은 점은 밸류에이션 부담을 시사하며, 20거래일 내 KOSPI 시장 수익률 대비 초과 상승 또는 하락을 명확히 판단하기에는 정보가 불충분합니다.""]",6.22478386167147,13.71757925072046,4.139723679783244,12.968078334274646
352820,HYBE,2024-11-01,197300,Buy,75,"[""최근 애널리스트 리포트에서 긍정적인 전망과 함께 목표주가가 현재가 대비 높게 제시되고 있습니다."", ""최근 1개월 수익률이 10.60%로 양호한 흐름을 보이고 있으며, 52주 최고가 대비 현재 위치가 29.3%로 상승 여력이 남아있습니다."", ""거래량 변화율이 음수(-13.77%)인 점은 단기적인 매도 압력이 있을 수 있음을 시사하지만, 전반적인 긍정적 모멘텀을 상쇄할 정도는 아닌 것으로 판단됩니다.""]",1.3684744044602128,-3.801317790167258,3.5820960377738453,1.3934121603535976
352820,HYBE,2024-12-02,199300,Buy,85,"[""최근 30일간 애널리스트 리포트에서 제시된 목표주가가 현재가 대비 상당한 상승 여력을 시사하며, 전반적으로 긍정적인 투자의견을 유지하고 있습니다."", ""최근 1개월 수익률이 소폭 상승세를 보이고 있으며, 거래량 변화율이 62.75%로 높게 나타나 투자자들의 관심이 증가하고 있음을 보여줍니다."", ""52주 최고가 대비 현재 위치가 32.5%로, 아직 상승 여력이 남아있다는 분석이 가능합니다.""]",-0.9533366783743101,0.8529854490717512,2.33693171089011,3.1800923647951156
352820,HYBE,2025-01-02,201000,Buy,75,"[""최근 30일 내 애널리스트 리포트에서 '절대적인 비중확대 구간'으로 제시하며 목표주가 280,000원을 제시한 점은 긍정적입니다."", ""현재가 201,000원은 52주 최고가 256,000원 대비 하락한 수준으로, 추가 상승 여력이 존재할 수 있습니다."", ""최근 1개월 수익률이 소폭 상승세를 보이고 있으나, 거래량 변화율이 감소한 점은 단기적인 매수세 약화를 시사하며 추가적인 상승 동력 확보가 필요합니다.""]",7.213930348258707,17.91044776119403,4.189261235429452,14.027028156948191
352820,HYBE,2025-02-03,233000,Buy,80,"[""최근 애널리스트 리포트들이 전반적으로 긍정적인 전망과 함께 목표주가를 상향 제시하고 있습니다."", ""현재가가 52주 최고가에 근접한 수준으로, 기술적으로도 상승 추세가 이어질 가능성이 있습니다."", ""최근 1개월 수익률이 15.86%로 양호한 흐름을 보이고 있으며, 이는 투자자들의 관심이 지속되고 있음을 시사합니다.""]",5.36480686695279,7.725321888412018,3.053478699454024,4.645162803272454
352820,HYBE,2025-03-04,251000,Buy,75,"[""최근 1개월 수익률이 11.56%로 양호하며, 52주 최고가 대비 현재 위치가 89.0%로 상승 추세가 이어지고 있습니다."", ""애널리스트 리포트에서 BTS 컴백, 신인 그룹 데뷔, 공연 및 MD 성장 등 긍정적인 전망과 함께 목표주가가 현재가 대비 높게 제시되었습니다."", ""거래량 변화율이 29.99%로 증가하며 투자자들의 관심이 높아지고 있음을 시사합니다.""]",-7.171314741035857,-7.370517928286853,-7.823744445546576,-5.327228494208054
352820,HYBE,2025-04-01,232500,Neutral,55,"[""PER이 매우 높아 단기적인 밸류에이션 부담이 존재합니다."", ""최근 1개월 수익률이 마이너스이고 거래량 변화율도 감소하여 단기적인 투자 심리가 위축된 것으로 보입니다."", ""52주 최고가 대비 현재 위치가 73.7%로 여전히 상승 여력이 남아있으나, 뚜렷한 상승 또는 하락을 지지하는 강력한 지표가 부족합니다.""]",-7.526881720430108,14.838709677419354,0.9396726760645198,12.813456869999946
352820,HYBE,2025-05-02,264500,Buy,85,"[""최근 5건의 애널리스트 리포트 모두 긍정적인 전망과 함께 목표주가를 제시하며, 현재가 대비 상승 여력이 충분함을 시사합니다."", ""52주 최고가에 근접한 현재 위치와 최근 1개월간 13.76%의 높은 수익률은 강한 상승 모멘텀을 보여줍니다."", ""거래량 변화율이 37.06%로 높게 나타나 투자자들의 관심이 집중되고 있으며, 이는 추가적인 상승 가능성을 뒷받침합니다.""]",3.9697542533081283,7.561436672967864,1.375535588299193,-1.6953043325492692
352820,HYBE,2025-06-02,281000,Neutral,60,"[""현재가 52주 최고가에 근접해 있어 추가 상승 여력이 제한적일 수 있습니다."", ""최근 1개월 수익률은 긍정적이나 거래량 변화율이 감소하고 있어 매수세가 약화될 가능성이 있습니다."", ""PER이 매우 높아 밸류에이션 부담이 존재하며, 재무지표 일부(PBR, ROE) 정보가 부족하여 투자 판단에 불확실성이 있습니다.""]",7.473309608540925,3.3807829181494666,2.0890218113386307,-9.08583370352482
352820,HYBE,2025-07-01,305000,Buy,75,"[""최근 1개월 수익률이 15.26%로 강한 상승세를 보이고 있으며, 52주 최고가에 근접한 위치는 추가 상승에 대한 기대감을 높입니다."", ""최근 30일 내 애널리스트 리포트에서 제시된 목표주가들이 현재가 대비 상당한 상승 여력을 시사하고 있으며, 특히 BTS 컴백 관련 긍정적인 전망이 제시되었습니다."", ""거래량 변화율이 12.68%로 긍정적인 흐름을 보이며, 이는 시장의 관심과 매수세가 유입되고 있음을 나타냅니다.""]",-9.180327868852459,-17.868852459016395,-11.088583317526625,-23.703210162605913
352820,HYBE,2025-08-01,260500,Buy,75,"[""최근 1개월 수익률이 마이너스임에도 불구하고, 애널리스트 리포트에서 제시된 목표주가들이 현재가 대비 상당한 상승 여력을 시사하고 있습니다."", ""52주 최고가 대비 현재 위치가 약 60% 수준으로, 추가적인 상승 가능성을 열어두고 있습니다."", ""거래량 변화율이 마이너스인 점은 단기적인 투자 심리 위축을 나타낼 수 있으나, 전반적인 애널리스트들의 긍정적인 전망이 이를 상쇄할 수 있습니다.""]",10.9404990403071,9.021113243761997,9.065508968033255,8.239602640950467
352820,HYBE,2025-09-01,284000,Buy,75,"[""최근 1개월 수익률이 9.83%로 긍정적인 흐름을 보이고 있으며, 52주 최고가 대비 현재 위치가 81.7%로 상승 여력이 남아있습니다."", ""애널리스트 리포트에서 제시된 목표주가들이 현재가 대비 상승 여력을 시사하며, 특히 BTS 완전체 투어 관련 긍정적인 전망이 제시되었습니다."", ""거래량 변화율이 15.07%로 증가하며 투자자들의 관심이 높아지고 있음을 나타냅니다.""]",2.112676056338028,-6.338028169014084,-0.6518360561338077,-14.289546759333565
352820,HYBE,2025-10-01,267500,Neutral,55,"[""PER이 매우 높아 단기적인 밸류에이션 부담이 존재합니다."", ""최근 1개월 수익률이 마이너스이고 거래량 변화율도 감소하여 단기적인 투자 심리가 위축된 것으로 보입니다."", ""52주 최고가 대비 현재 위치가 70.7%로 여전히 상승 여력이 남아있으나, 명확한 상승 또는 하락을 지지하는 지표가 부족합니다.""]",2.0560747663551404,19.439252336448597,-3.555314810480264,5.992879763397134
352820,HYBE,2025-11-03,341000,Buy,75,"[""최근 1개월 수익률이 27.56%로 강한 상승 모멘텀을 보여주고 있으며, 52주 최고가에 근접한 100% 위치에 있습니다."", ""최근 30일 이내 애널리스트 리포트들이 모두 긍정적인 전망과 함께 목표주가를 현재가 대비 상향 제시하고 있습니다."", ""거래량 변화율이 66.23%로 증가하며 투자자들의 관심이 높아지고 있음을 시사합니다.""]",-16.27565982404692,-12.609970674486803,-15.903244290801265,-9.533357399510702
352820,HYBE,2025-12-01,298000,Buy,75,"[""최근 1개월 수익률이 마이너스임에도 불구하고, 애널리스트들의 목표주가가 현재가 대비 상당한 상승 여력을 시사하고 있습니다."", ""52주 최고가 대비 현재 위치가 67.9%로, 과거 고점 대비 하락한 상태에서 반등 가능성을 기대해 볼 수 있습니다."", ""거래량 변화율이 마이너스인 점은 단기적인 매도 압력을 나타낼 수 있으나, 전반적인 애널리스트들의 긍정적인 전망이 이를 상쇄할 수 있습니다.""]",-2.348993288590604,16.10738255033557,-6.069208661575871,8.229897838463263
329180,HD현대중공업,2023-01-02,114500,Neutral,55,"[""현재가 52주 최고가 대비 하락한 위치에 있으나, 최근 1개월 수익률 및 거래량 변화율이 부정적인 신호를 보이고 있습니다."", ""PER이 해당없음(적자)으로 재무적 안정성에 대한 우려가 존재합니다."", ""PBR이 2.20으로 자산 가치 대비 높은 수준은 아니지만, 명확한 상승 또는 하락 추세를 지지할 만한 기술적 지표가 부족합니다.""]",-6.986899563318777,-2.8820960698689957,-12.964778302028286,-14.15907156881433
329180,HD현대중공업,2023-02-01,111200,Neutral,60,"[""현재가 52주 최저가 대비 높은 수준이나 최고가 대비로는 상당한 하락 여력이 남아있어 방향성 판단이 어렵습니다."", ""최근 1개월 수익률이 마이너스이나 거래량 변화율이 긍정적인 점은 상반된 신호를 주고 있습니다."", ""PER이 해당 없음(적자)으로 재무 건전성에 대한 명확한 판단이 어렵고, PBR은 2.09로 자산 가치 대비 프리미엄이 붙어 있어 추가 상승 여력에 대한 판단이 제한적입니다.""]",-3.776978417266187,-6.294964028776978,-4.288951457673168,-4.804004565376572
329180,HD현대중공업,2023-03-02,104200,Buy,75,"[""최근 애널리스트 리포트에서 일관되게 긍정적인 실적 개선과 목표주가 상향이 제시되고 있습니다."", ""현재 주가가 52주 최저가에 근접해 있어 기술적 반등 가능성이 존재합니다."", ""최근 1개월 수익률이 마이너스이나, 이는 단기적인 조정으로 해석될 수 있으며 향후 상승 여력이 남아있습니다.""]",-8.92514395393474,-4.030710172744722,-7.384069889454687,-5.872351243930994
329180,HD현대중공업,2023-04-03,101400,Neutral,55,"[""현재가 52주 최저가 대비 높은 수준이나 최고가 대비로는 상당한 하락폭을 보여 투자 방향성이 불확실합니다."", ""최근 1개월 수익률이 마이너스를 기록하며 단기적인 하락 압력이 존재합니다."", ""거래량 변화율이 긍정적인 신호를 보이지만, PER, PBR, ROE 등 주요 재무 지표가 부재하여 투자 판단에 어려움이 있습니다.""]",-2.9585798816568047,7.790927021696252,-5.673747327061173,6.948761499283528
329180,HD현대중공업,2023-05-02,109300,Buy,75,"[""최근 1개월 수익률이 10.70%로 양호한 흐름을 보이고 있으며, 이는 시장 대비 초과 상승 가능성을 시사합니다."", ""최근 30일 이내 애널리스트 리포트에서 모두 긍정적인 전망과 함께 목표주가를 현재가 대비 상향 제시하고 있어 투자 심리에 긍정적인 영향을 줄 것으로 예상됩니다."", ""현재 주가는 52주 최고가 대비 약 30% 하락한 수준으로, 추가적인 하락보다는 반등 가능성이 존재합니다.""]",5.397987191216835,7.410795974382434,5.813754361601423,3.4146338251859825
329180,HD현대중공업,2023-06-01,117400,Neutral,60,"[""현재가 52주 최고가 대비 하락한 위치에 있으나, 최근 1개월 수익률은 긍정적인 모습을 보이고 있습니다."", ""PER, PBR, ROE 등 주요 재무지표가 적자 또는 정보 없음으로 분석에 한계가 있습니다."", ""거래량 변화율이 음수이고 애널리스트 리포트가 1건만 존재하여 향후 20거래일 방향성을 명확히 판단하기 어렵습니다.""]",6.643952299829642,12.095400340715502,5.567976656320101,12.05273035270924
329180,HD현대중공업,2023-07-03,136000,Buy,75,"[""최근 1개월 수익률이 12.86%로 강한 상승세를 보이고 있어 긍정적인 모멘텀이 유지될 가능성이 높습니다."", ""현재가가 52주 최고가 대비 약 8.7% 하락한 수준으로, 추가 상승 여력이 존재한다고 판단됩니다."", ""거래량 변화율이 소폭 하락했으나, 최근 상승세를 고려할 때 매도 압력이 크지 않다고 볼 수 있습니다.""]",2.941176470588235,2.4264705882352944,4.129619040122929,-0.41777094093014355
329180,HD현대중공업,2023-08-01,138300,Buy,75,"[""최근 애널리스트 리포트에서 일관되게 긍정적인 전망과 목표주가 상향이 제시되고 있습니다."", ""현재 주가가 52주 최고가 대비 약 81.7% 수준으로, 상승 여력이 남아있다고 판단됩니다."", ""최근 1개월 수익률이 5.85%로 양호한 흐름을 보이고 있습니다.""]",-2.8922631959508314,-5.42299349240781,-2.4584726308000784,-3.122183622621425
329180,HD현대중공업,2023-09-01,128900,Neutral,55,"[""현재 PER, PBR, ROE 등 주요 재무지표가 적자 또는 정보 없음으로 인해 분석에 한계가 있습니다."", ""최근 1개월 수익률이 마이너스이고 거래량 변화율도 감소하여 단기적인 하락 압력이 존재합니다."", ""하지만 52주 최고가 대비 현재 위치가 63.3%로 여전히 상승 여력이 남아있으며, KOSPI 시장 전반의 흐름에 따라 변동성이 나타날 수 있습니다.""]",-0.1551590380139643,-13.343677269200931,0.9154335216192435,-6.540945652478478
329180,HD현대중공업,2023-10-04,112000,Neutral,55,"[""현재 PER, PBR, ROE 등 주요 재무지표가 적자 또는 정보 없음으로 인해 분석에 한계가 있습니다."", ""최근 1개월 수익률이 -11.41%로 하락세를 보이고 있으며, 거래량 변화율도 -31.26%로 감소하여 투자 심리가 위축된 것으로 판단됩니다."", ""52주 최고가 대비 현재 위치가 42.0%로 하락폭이 크지만, 향후 20거래일 내 시장 대비 초과 상승 또는 하락을 명확히 판단할 만한 긍정적 또는 부정적 모멘텀이 부족합니다.""]",1.607142857142857,-0.5357142857142857,-0.5791610203742084,0.9312519316263602
329180,HD현대중공업,2023-11-01,108200,Buy,85,"[""최근 30일간 애널리스트 리포트에서 제시된 목표주가 평균이 현재가 대비 상당한 상승 여력을 시사합니다."", ""최근 1개월 수익률은 하락했으나, 이는 단기적인 조정일 가능성이 있으며 수주 증가 및 흑자 기조 유지 전망이 긍정적입니다."", ""거래량 변화율이 56.59%로 높게 나타나, 향후 주가 상승에 대한 시장의 관심과 기대감을 반영할 수 있습니다.""]",2.4953789279112755,15.711645101663585,-1.0878775847726692,7.510187216450703
329180,HD현대중공업,2023-12-01,133800,Buy,75,"[""최근 1개월 수익률이 19.13%로 강한 상승세를 보이고 있으며, 52주 최고가 대비 현재 위치가 65.0%로 상승 여력이 남아있습니다."", ""조선업황 개선 기대감과 HD현대중공업의 수주 모멘텀이 지속될 가능성이 높습니다."", ""거래량 변화율이 소폭 하락했으나, 전반적인 기술적 지표와 시장 상황을 고려할 때 단기적인 상승 추세가 이어질 것으로 예상됩니다.""]",-9.043348281016444,-9.641255605381167,-9.457273011130376,-12.506918938648237
329180,HD현대중공업,2024-01-02,121500,Neutral,55,"[""현재가 52주 최고가 대비 하락한 위치에 있으나, 최근 1개월 수익률은 긍정적인 모습을 보이고 있습니다."", ""거래량 변화율이 긍정적인 신호를 보내고 있으나, PER, PBR, ROE 등 주요 재무지표가 부재하여 투자 판단에 불확실성이 존재합니다."", ""적자 기업으로 인한 재무적 불확실성과 기술적 지표의 혼조세로 인해 향후 20거래일 내 명확한 방향성을 판단하기 어렵습니다.""]",0.49382716049382713,-6.090534979423869,2.9994747436350693,-1.8631895544456425
329180,HD현대중공업,2024-02-01,113900,Buy,75,"[""최근 애널리스트 리포트에서 긍정적인 전망과 함께 목표주가가 현재가 대비 상승 여력을 시사하고 있습니다."", ""최근 1개월 수익률은 하락했으나, 이는 단기적인 조정일 가능성이 있으며 52주 최고가 대비 현재 위치는 여전히 상승 여지가 있음을 보여줍니다."", ""거래량 변화율 하락은 매도세가 약화되고 있음을 나타낼 수 있으며, 이는 향후 반등 가능성을 시사합니다.""]",-3.0728709394205445,-2.1071115013169446,-4.385526035757113,-3.1081400600728792
329180,HD현대중공업,2024-03-04,112300,Buy,75,"[""최근 애널리스트 리포트에서 2H24 수익성 개선 및 경상 흑자 기조 유지에 대한 긍정적인 전망과 함께 목표주가가 현재가 대비 상승 여력을 시사하고 있습니다."", ""최근 1개월 수익률은 소폭 하락했으나, 거래량 변화율이 67.25%로 높게 나타나 투자자들의 관심이 증가하고 있음을 보여줍니다."", ""현재가는 52주 최고가 대비 약 23.8% 하락한 수준으로, 기술적 반등 가능성을 배제할 수 없습니다.""]",0.26714158504007124,11.219946571682991,-0.9561542555275989,7.303588150908485
329180,HD현대중공업,2024-04-01,124900,Buy,75,"[""최근 1개월 수익률이 2.88%로 양호하며, 거래량 변화율도 23.45%로 증가 추세를 보이고 있어 투자 심리가 긍정적입니다."", ""52주 최고가 대비 현재 위치가 47.7%로, 상승 여력이 남아있다는 분석이 가능합니다."", ""최근 애널리스트 리포트에서 '대장주로서의 면모를 곧 보여줄 수 있을 것'이라는 긍정적인 전망과 함께 목표주가 154,000원을 제시하고 있어 단기 상승 가능성에 무게가 실립니다.""]",-6.164931945556445,9.047237790232186,-4.421480783982108,11.571973003587013
329180,HD현대중공업,2024-05-02,133600,Buy,80,"[""최근 애널리스트 리포트에서 제시된 목표주가 평균이 현재가 대비 상당한 상승 여력을 시사하고 있습니다."", ""최근 1개월 수익률이 12.28%로 양호하며, 거래량 변화율도 34.08%로 증가 추세를 보이고 있어 투자 심리가 긍정적입니다."", ""52주 최고가 대비 현재 위치가 74.6%로, 아직 상승 여력이 남아있음을 나타냅니다.""]",7.410179640718563,-3.0688622754491015,5.5204899936623795,-2.5260154867633213
329180,HD현대중공업,2024-06-03,129500,Buy,75,"[""최근 애널리스트 리포트에서 목표주가 160,000원을 제시하며 긍정적인 전망을 내놓고 있습니다."", ""최근 1개월 수익률은 하락했으나, 거래량 변화율이 82%로 크게 증가하며 투자자들의 관심이 재집중될 가능성을 시사합니다."", ""현재 주가는 52주 최고가 대비 약 12% 하락한 수준으로, 기술적 반등 가능성이 존재합니다.""]",0.3861003861003861,17.2972972972973,-2.0957748251989705,12.342186670348637
329180,HD현대중공업,2024-07-01,153300,Buy,75,"[""HD현대중공업은 52주 최고가에 근접한 강한 상승세를 보이고 있으며, 최근 1개월 수익률도 17.41%로 매우 긍정적입니다."", ""PER이 높고 ROE가 낮은 점은 다소 부담스럽지만, 현재 주가 위치가 52주 최고가 근처라는 점은 추가 상승에 대한 기대감을 높입니다."", ""거래량 변화율이 음수이지만, 이는 최근 단기적인 차익 실현 물량일 가능성이 있으며, 전반적인 상승 추세는 유지될 것으로 판단됩니다.""]",-0.5870841487279843,33.39856490541422,-3.6983518860466544,34.9329823158556
329180,HD현대중공업,2024-08-01,209000,Buy,85,"[""최근 2분기 실적이 시장 예상치를 큰 폭 상회하며 긍정적인 모멘텀을 보여주고 있습니다."", ""애널리스트 리포트에서 제시된 목표주가들이 현재가 대비 상승 여력을 시사하고 있으며, 전반적으로 긍정적인 전망을 유지하고 있습니다."", ""최근 1개월 수익률이 40.88%로 매우 높으며, 52주 최고가에 근접한 위치는 강한 상승 추세를 나타냅니다.""]",1.4354066985645932,-11.24401913875598,4.714695538295711,-11.42375226682237
329180,HD현대중공업,2024-09-02,188500,Buy,75,"[""최근 1개월 수익률이 하락했으나, 52주 최고가 대비 현재 위치가 높아 추가 상승 여력이 존재합니다."", ""최근 애널리스트 리포트에서 시리즈 발주 증가와 신조선가 상승을 근거로 긍정적인 전망과 함께 목표주가 상향이 제시되었습니다."", ""PER, PBR, ROE 등 재무 지표는 다소 높은 편이나, 조선업의 업황 개선 기대감이 주가에 긍정적인 영향을 미칠 수 있습니다.""]",-5.039787798408488,-4.6684350132626,0.2592593488502404,-2.0312958982635196
329180,HD현대중공업,2024-10-02,185500,Neutral,55,"[""현재가 52주 최고가 대비 하락했으나, 52주 최저가 대비로는 높은 수준에 위치하여 상승 및 하락 요인이 혼재합니다."", ""최근 1개월 수익률이 마이너스이고 거래량 변화율도 감소하여 단기적인 투자 심리가 위축된 것으로 보입니다."", ""PER, PBR, ROE 등 재무 지표가 현재 주가 수준을 정당화하기에는 다소 부담스러운 측면이 있어 추가적인 상승 동력 확보가 필요합니다.""]",0.1078167115902965,-5.660377358490567,-1.9772434702979291,-6.409878274936382
329180,HD현대중공업,2024-11-01,175000,Neutral,65,"[""최근 1개월 수익률이 마이너스이고 거래량 변화율도 감소하는 등 단기적인 하락 압력이 존재합니다."", ""하지만 애널리스트 리포트에서 제시된 목표주가가 현재가 대비 상당한 상승 여력을 시사하고 있습니다."", ""PER, PBR, ROE 등 재무 지표상 고평가 논란이 있을 수 있으나, 조선업 특성상 수주 잔고 및 향후 전망이 중요하며, 이는 현재 제공된 정보만으로는 판단하기 어렵습니다.""]",21.142857142857142,20.57142857142857,23.356478776170775,25.766158521949425
329180,HD현대중공업,2024-12-02,213000,Buy,75,"[""최근 1개월 수익률이 21.13%로 강한 상승세를 보이고 있으며, 거래량 변화율도 135.11%로 크게 증가하여 투자자들의 관심이 집중되고 있음을 시사합니다."", ""52주 최고가 대비 현재 위치가 76.6%로, 아직 상승 여력이 남아있다고 판단됩니다."", ""애널리스트 리포트에서 목표주가 260,000원을 제시하며 긍정적인 전망을 내놓고 있습니다.""]",2.112676056338028,34.037558685446015,5.402944445602449,36.36466560116938
329180,HD현대중공업,2025-01-02,285500,Neutral,60,"[""현재가 52주 최고가에 근접해 있어 단기 상승 여력이 제한적일 수 있습니다."", ""최근 1개월 수익률이 높지만, 거래량 변화율이 감소하고 있어 상승 모멘텀이 약화될 가능성이 있습니다."", ""PER, PBR, ROE 등 재무 지표가 고평가 또는 저조한 수준으로, 밸류에이션 측면에서 추가 상승을 뒷받침할 근거가 부족합니다.""]",9.98248686514886,6.129597197898424,6.957817752319606,2.246177593652588
329180,HD현대중공업,2025-02-03,320500,Buy,85,"[""최근 1개월 수익률이 4.53%로 양호하며, 52주 최고가에 근접한 강한 상승 모멘텀을 보여주고 있습니다."", ""최근 30일 내 애널리스트 리포트들이 일관되게 긍정적인 전망과 함께 370,000원 ~ 383,000원의 높은 목표주가를 제시하고 있습니다."", ""거래량 변화율이 20.37%로 증가하며 투자자들의 관심이 높아지고 있음을 시사합니다.""]",-4.5241809672386895,-1.0920436817472698,-6.835509134737455,-4.1722027668868344
329180,HD현대중공업,2025-03-04,317000,Buy,75,"[""최근 애널리스트 리포트에서 제시된 목표주가들이 현재가 대비 상승 여력을 시사하고 있습니다."", ""52주 최고가 대비 현재 위치가 높아 추가 상승에 대한 기대감이 존재합니다."", ""최근 1개월 수익률이 긍정적이며, 거래량 변화율이 높아 투자자들의 관심이 증가하고 있음을 보여줍니다.""]",-6.624605678233439,-8.201892744479496,-7.277035382744158,-6.1586033104006965
329180,HD현대중공업,2025-04-01,291000,Neutral,60,"[""현재가 52주 최고가 대비 하락했으나, 52주 최저가 대비는 높은 수준으로 상승 여력과 하락 위험이 공존합니다."", ""최근 1개월 수익률이 마이너스이고 거래량 변화율이 크게 감소한 점은 단기적인 투자 심리 위축을 시사합니다."", ""유일한 애널리스트 리포트에서 목표주가 360,000원을 제시하며 긍정적인 전망을 내놓았으나, 이는 20거래일이라는 단기적인 관점에서 상승을 확신하기에는 근거가 부족합니다.""]",0.859106529209622,38.144329896907216,9.32566092570425,36.11907708948781
329180,HD현대중공업,2025-05-02,415500,Buy,85,"[""최근 1개월 수익률이 40.38%로 매우 높으며, 52주 최고가에 근접한 강한 상승세를 보이고 있습니다."", ""최근 애널리스트 리포트들이 일관되게 호실적을 언급하며 목표주가를 현재가 대비 상향 제시하고 있습니다."", ""거래량 변화율이 39.83%로 높아 시장의 관심과 매수세가 유입되고 있음을 시사합니다.""]",0.12033694344163659,2.286401925391095,-2.473881721567299,-6.970339080126038
329180,HD현대중공업,2025-06-02,428000,Buy,75,"[""현재가 52주 최고가와 일치하며, 최근 1개월 수익률도 긍정적인 흐름을 보이고 있습니다."", ""최근 애널리스트 리포트에서 목표주가를 현재가보다 높게 제시하며 긍정적인 전망을 내놓고 있습니다."", ""거래량 변화율이 감소한 것은 일시적인 현상일 수 있으며, 기술적 지표와 펀더멘탈 측면에서 추가 상승 여력이 있다고 판단됩니다.""]",-1.9859813084112148,-7.943925233644859,-7.370269105613509,-20.410541855319146
329180,HD현대중공업,2025-07-01,407500,Buy,75,"[""HD현대중공업은 52주 최고가 대비 현재 위치가 87.0%로, 상승 여력이 남아있음을 시사합니다."", ""최근 1개월 수익률이 3.70%로 양호하며, 거래량 변화율이 44.53%로 증가하는 것은 긍정적인 수급 신호로 해석될 수 있습니다."", ""PER이 다소 높지만, 조선업종의 특성상 현재의 높은 PBR과 ROE는 수주 증가 및 실적 개선 기대감을 반영하는 것으로 볼 수 있습니다.""]",-3.067484662576687,15.58282208588957,-4.975740111250854,9.74846438230005
329180,HD현대중공업,2025-08-01,463500,Buy,75,"[""최근 1개월 수익률이 20.94%로 강한 상승세를 보이고 있으며, 52주 최고가 대비 현재 위치가 95.7%로 상승 여력이 남아있습니다."", ""애널리스트 리포트에서 제시된 목표주가 평균이 현재가보다 높아 추가 상승 가능성을 시사합니다."", ""하반기 LNG선 발주 기대감 등 긍정적인 산업 전망이 주가 상승을 뒷받침할 수 있습니다.""]",0.10787486515641855,10.895361380798274,-1.7671152071174274,10.113850777986745
329180,HD현대중공업,2025-09-01,514000,Buy,75,"[""최근 1개월 수익률이 3.98%로 양호하며, 52주 최고가에 근접한 강한 상승 추세를 보이고 있습니다."", ""현대미포 흡수합병 관련 긍정적인 애널리스트 리포트들이 제시되었으며, 목표주가 상향 가능성을 시사합니다."", ""하반기 실적 개선 기대감 또한 주가 상승 요인으로 작용할 수 있습니다.""]",-1.9455252918287937,0.19455252918287938,-4.710037404300629,-7.7569660611366
329180,HD현대중공업,2025-10-01,528000,Neutral,55,"[""현재가 52주 최고가와 일치하며 단기 급등 가능성보다는 현 주가 유지 또는 소폭 조정 가능성이 존재합니다."", ""PER 75.4, PBR 9.72는 다소 높은 수준으로 밸류에이션 부담이 존재합니다."", ""최근 1개월 수익률은 긍정적이나 거래량 변화율이 크게 하락하여 투자 심리가 위축될 가능성이 있습니다.""]",-3.787878787878788,-0.5681818181818182,-9.399268364714192,-14.01455439123328
329180,HD현대중공업,2025-11-03,567000,Buy,75,"[""최근 1개월 수익률이 23.50%로 강한 상승세를 보이고 있으며, 52주 최고가 대비 현재 위치가 96.2%로 상승 여력이 남아있습니다."", ""애널리스트 리포트에서 제시된 목표주가들이 현재가 대비 상당한 상승 여력을 시사하고 있습니다."", ""거래량 변화율이 34.87%로 증가하며 투자자들의 관심이 높아지고 있음을 나타냅니다.""]",-5.82010582010582,-8.289241622574956,-5.447690286860165,-5.212628347598855
329180,HD현대중공업,2025-12-01,520000,Buy,75,"[""최근 1개월 수익률은 하락했으나, 52주 최고가 대비 현재 위치가 높아 추가 상승 여력이 존재합니다."", ""최근 애널리스트 리포트에서 제시된 목표주가(740,000원 ~ 770,000원)는 현재가(520,000원) 대비 상당한 상승 여력을 시사합니다."", ""최근 1개월간의 거래량 변화율이 56.75%로 높게 나타나, 투자자들의 관심이 증가하고 있음을 보여줍니다.""]",10.961538461538462,-3.076923076923077,7.2413230885531945,-10.954407788795383
012450,한화에어로스페이스,2023-01-02,72732,Neutral,60,"[""현재가는 52주 최고가 대비 하락한 수준이지만, 52주 최저가 대비로는 상당한 상승을 보이며 기술적으로는 상승 추세에 있습니다."", ""최근 1개월 수익률은 소폭 상승했으나, 거래량 변화율이 크게 하락한 점은 투자 심리 위축 가능성을 시사합니다."", ""재무 지표상 PER, PBR, ROE는 시장 평균 대비 우수하다고 단정하기 어렵고, 특별히 매수 또는 매도를 강하게 지지할 만한 모멘텀이 부족합니다.""]",-4.762690425122367,12.744046636968598,-10.740569163831875,1.4670711380232646
012450,한화에어로스페이스,2023-02-01,82001,Buy,75,"[""최근 1개월 수익률이 9.78%로 양호하며, 52주 최고가 대비 현재 위치가 89.5%로 상승 추세가 강하게 나타나고 있습니다."", ""거래량 변화율이 66.60%로 크게 증가하여 투자자들의 관심이 집중되고 있으며, 이는 향후 주가 상승의 동력이 될 수 있습니다."", ""PER 16.5, PBR 1.08은 시장 평균 대비 과도하게 고평가되었다고 보기 어려우며, ROE 6.5%는 안정적인 수익성을 보여주고 있습니다.""]",5.0938403190205,16.398580505115792,4.581867278613519,17.889539968516196
012450,한화에어로스페이스,2023-03-02,95448,Buy,75,"[""최근 1개월 수익률이 13.06%로 강한 상승세를 보이고 있으며, 52주 최고가에 근접한 위치는 추가 상승 가능성을 시사합니다."", ""최근 애널리스트 리포트에서 긍정적인 전망과 함께 목표주가가 현재가 대비 상승 여력을 보여주고 있습니다."", ""거래량 변화율이 음수이나, 이는 최근 단기적인 차익 실현 물량 소화 과정으로 해석될 수 있으며, 전반적인 상승 추세는 유지될 가능성이 있습니다.""]",2.027281870756852,5.86916436174671,3.5683559352369043,4.027523290560438
012450,한화에어로스페이스,2023-04-03,109505,Buy,75,"[""현재가가 52주 최고가를 경신하며 강한 상승 추세를 보이고 있습니다."", ""최근 1개월 수익률이 9.50%로 양호한 흐름을 이어가고 있습니다."", ""거래량 변화율이 음수이나, 52주 최고가 돌파라는 강력한 기술적 지표가 상승 모멘텀을 지지합니다.""]",4.65184238162641,-0.5579653897082325,1.9366749362220412,-1.4001309121209569
012450,한화에어로스페이스,2023-05-02,108894,Buy,85,"[""최근 애널리스트 리포트에서 일관되게 긍정적인 실적 전망과 함께 높은 목표주가를 제시하고 있습니다."", ""최근 1개월 수익률이 8.47%로 양호하며, 52주 최고가 대비 현재 위치가 높아 상승 모멘텀이 지속될 가능성이 있습니다."", ""거래량 변화율이 58.41%로 높아 시장의 관심이 집중되고 있으며, 이는 향후 주가 상승에 긍정적인 영향을 줄 수 있습니다.""]",-0.3737579664627987,3.6475838889195,0.042009203921789584,-0.3485782602769514
012450,한화에어로스페이스,2023-06-01,112866,Buy,75,"[""최근 1개월 수익률이 5.16%로 긍정적인 흐름을 보이고 있으며, 52주 최고가 대비 현재 위치가 높아 상승 여력이 남아있음을 시사합니다."", ""애널리스트 리포트에서 목표주가 145,000원을 제시하며 긍정적인 전망을 내놓고 있어 향후 상승 가능성을 뒷받침합니다."", ""천무 등 수출 성장 사이클 진입이라는 분석은 실적 개선에 대한 기대감을 높여 투자 심리에 긍정적인 영향을 줄 수 있습니다.""]",-2.3452589796750125,17.419772119150142,-3.421234623184553,17.377102131143882
012450,한화에어로스페이스,2023-07-03,134157,Buy,75,"[""최근 1개월 수익률이 20.46%로 강한 상승 모멘텀을 보여주고 있습니다."", ""52주 최고가 대비 현재 위치가 87.7%로, 상승 여력이 남아있을 가능성이 있습니다."", ""애널리스트 리포트에서 실적 성장과 모멘텀을 모두 보유하고 있으며, 목표주가 180,000원을 제시하여 긍정적인 전망을 나타내고 있습니다.""]",7.213190515589943,-7.745402774361383,8.401633085124637,-10.589644303526821
012450,한화에어로스페이스,2023-08-01,123053,Buy,75,"[""최근 1개월 수익률 하락에도 불구하고 52주 최고가 대비 현재 위치가 높아 추가 상승 여력이 존재합니다."", ""지상방산 부문의 수출 확대 전망은 긍정적인 투자 심리를 자극할 수 있습니다."", ""목표주가 180,000원은 현재가 대비 상당한 상승 여력을 시사합니다.""]",-2.3177005030352777,-5.4634994677090365,-1.8839099378845245,-3.1626895979226517
012450,한화에어로스페이스,2023-09-01,116636,Neutral,55,"[""최근 1개월 수익률이 마이너스이고 거래량 변화율이 크게 감소하여 단기적인 하락 압력이 존재합니다."", ""52주 최고가 대비 현재 위치가 69.0%로 여전히 상승 여력이 남아있으나, 밸류에이션 지표(PER, PBR)가 다소 높은 편입니다."", ""현재 제공된 정보만으로는 향후 20거래일 동안 KOSPI 시장 수익률 대비 초과 상승 또는 하락을 명확히 판단하기 어렵습니다.""]",6.37539010254124,-13.712747350732194,7.445982662174448,-6.910015734009741
012450,한화에어로스페이스,2023-10-04,100541,Buy,75,"[""최근 1개월 수익률 하락에도 불구하고 52주 최고가 대비 현재 위치가 55.2%로 상승 여력이 충분합니다."", ""애널리스트 리포트에서 목표주가 150,000원을 제시하며 긍정적인 전망을 내놓았습니다."", ""PER, PBR 등 재무지표는 다소 높지만, 방산 및 우주항공 산업의 성장성을 고려할 때 향후 실적 개선 기대감이 있습니다.""]",7.395987706507793,21.580250842939698,5.209683828990727,23.047217060280342
012450,한화에어로스페이스,2023-11-01,117553,Buy,75,"[""최근 1개월 수익률이 8.92%로 양호하며, 거래량 변화율도 29.97%로 증가 추세를 보이고 있어 투자 심리가 긍정적입니다."", ""52주 최고가 대비 현재 위치가 64.1%로, 아직 상승 여력이 남아있다고 판단됩니다."", ""애널리스트 리포트에서 제시된 목표주가 133,000원은 현재가 117,553원 대비 상승 가능성을 시사합니다.""]",7.7122659566323275,9.098874550202888,4.129009443948383,0.8974166649900059
012450,한화에어로스페이스,2023-12-01,140879,Buy,75,"[""최근 1개월 수익률이 17.85%로 강한 상승세를 보이고 있으며, 52주 최고가에 근접한 위치는 추가 상승 가능성을 시사합니다."", ""최근 애널리스트 리포트에서 목표주가가 현재가 대비 상향 제시되고 있으며, '거를 타선이 없다', '흔들리지 않는 편안함' 등 긍정적인 전망이 다수 확인됩니다."", ""방산 부문의 호실적 달성 및 수출 시동 등 펀더멘털 측면에서의 긍정적인 요인이 지속될 것으로 예상됩니다.""]",-6.941417812448981,-4.337765032403694,-7.355342542562912,-7.203428365670764
012450,한화에어로스페이스,2024-01-02,135787,Buy,75,"[""최근 1개월 수익률이 5.36%로 양호하며, 52주 최고가 대비 현재 위치가 83.1%로 상승 추세가 이어질 가능성이 있습니다."", ""거래량 변화율이 28.92%로 증가하며 투자자들의 관심이 높아지고 있음을 시사합니다."", ""방산 및 우주항공 산업의 성장 전망과 한화에어로스페이스의 사업 경쟁력을 고려할 때, 단기적인 상승 모멘텀이 기대됩니다.""]",2.250583634663112,3.601228394470752,4.756231217804354,7.8285738194489785
012450,한화에어로스페이스,2024-02-01,134666,Neutral,55,"[""최근 1개월 수익률이 소폭 하락했으나, 52주 최고가 대비 현재 위치가 높아 추가 상승 여력에 대한 판단이 엇갈릴 수 있습니다."", ""거래량 변화율이 긍정적인 신호를 보이지만, PER, PBR, ROE 등 재무 지표만으로는 현재 주가 수준의 적정성에 대한 명확한 판단이 어렵습니다."", ""KOSPI 시장 전반의 흐름과 한화에어로스페이스의 개별적인 모멘텀에 대한 추가적인 정보 없이는 20거래일 내 명확한 방향성을 제시하기 어렵습니다.""]",2.798776231565503,54.31215006014881,1.4861211352289339,53.311121501392876
012450,한화에어로스페이스,2024-03-04,188757,Buy,75,"[""최근 1개월간 42.23%의 높은 수익률과 75.22%의 거래량 변화율은 강한 매수세를 시사합니다."", ""다수의 애널리스트 리포트에서 긍정적인 전망과 함께 목표주가를 현재가 대비 상향 제시하고 있습니다."", ""52주 최고가 대비 현재 위치가 93.6%로, 상승 여력이 남아있음을 보여줍니다.""]",0.0,30.059812351330017,-1.2232958405676702,26.14345393055551
012450,한화에어로스페이스,2024-04-01,245497,Buy,75,"[""현재가 245,497원은 52주 최고가 227,160원을 상회하며 강한 상승 추세를 보이고 있습니다."", ""최근 1개월 수익률 11.47%는 긍정적인 모멘텀을 시사합니다."", ""두 건의 애널리스트 리포트 모두 목표주가가 현재가보다 높거나 유사한 수준으로 제시되어 추가 상승 여력을 기대할 수 있습니다.""]",-13.27837000044807,-8.506417593697682,-11.534918838873734,-5.981682380342855
012450,한화에어로스페이스,2024-05-02,219521,Buy,75,"[""최근 애널리스트 리포트에서 제시된 목표주가 평균이 현재가 대비 상당한 상승 여력을 시사합니다."", ""52주 최고가 대비 현재 위치가 85.8%로, 상승 추세가 지속될 가능성을 보여줍니다."", ""최근 1개월 수익률이 5.50%로 긍정적인 흐름을 이어가고 있습니다.""]",2.7837883391566183,-2.0886384446134993,0.8940986921004348,-1.5457916559277192
012450,한화에어로스페이스,2024-06-03,214936,Buy,75,"[""현재가 52주 최고가 대비 12.5% 하락한 수준으로 추가 상승 여력이 존재합니다."", ""최근 1개월 수익률이 5.44%로 긍정적인 흐름을 보이고 있습니다."", ""애널리스트 리포트에서 목표주가 250,000원을 제시하며 긍정적인 전망을 내놓고 있습니다.""]",0.4740946142107418,10.426824729221721,-2.007780597088615,5.47171410227306
012450,한화에어로스페이스,2024-07-01,239384,Buy,75,"[""최근 1개월 수익률이 19.36%로 강한 상승세를 보이고 있으며, 52주 최고가 대비 현재 위치가 95.2%로 매우 높은 수준입니다."", ""거래량 변화율이 89.15%로 크게 증가하여 투자자들의 관심이 집중되고 있음을 시사합니다."", ""PER 15.4는 시장 평균 대비 과도하게 높지 않은 수준으로, 향후 추가 상승 여력을 고려할 수 있습니다.""]",7.23398389198944,35.53203221602112,4.122716154670769,37.0664496264625
012450,한화에어로스페이스,2024-08-01,294392,Buy,80,"[""최근 1개월 수익률이 30.26%로 매우 높으며, 52주 최고가 대비 현재 위치가 91.7%로 상승 추세가 강하게 나타나고 있습니다."", ""최근 애널리스트 리포트에서 2분기 실적 개선 및 성장세 지속 전망과 함께 목표주가가 현재가 대비 상향 조정되고 있습니다."", ""거래량 변화율이 50.87%로 증가하며 투자자들의 관심이 집중되고 있음을 시사합니다.""]",5.017459713579173,0.3461371232913938,8.296748553310291,0.16640399522500293
012450,한화에어로스페이스,2024-09-02,295411,Buy,75,"[""최근 2건의 애널리스트 리포트 모두 목표주가를 현재가 대비 상당한 수준으로 제시하며 긍정적인 전망을 유지하고 있습니다."", ""현재가가 52주 최고가 대비 약 14% 하락한 수준으로, 기술적으로는 반등 가능성이 존재합니다."", ""최근 1개월 수익률이 마이너스이고 거래량 변화율도 감소했지만, 이는 단기적인 조정으로 해석될 수 있으며 향후 상승 여력을 확보하는 과정일 수 있습니다.""]",0.0,21.500214954757947,5.299047147258729,24.137354069757027
012450,한화에어로스페이스,2024-10-02,332338,Buy,75,"[""현재가 332,338원이 52주 최고가 328,517원을 소폭 상회하며 강한 상승 모멘텀을 보여주고 있습니다."", ""최근 1개월 수익률 3.17%는 시장 대비 양호한 성과를 나타내고 있습니다."", ""거래량 변화율이 크게 감소했으나, 이는 단기적인 차익 실현 물량 소화 후 추가 상승을 위한 준비 과정일 가능성이 있습니다.""]",5.629509716012012,8.740800028886255,3.5444495341237863,7.99129911244044
012450,한화에어로스페이스,2024-11-01,361387,Buy,85,"[""최근 1개월 수익률이 27.44%로 매우 높으며, 52주 최고가 대비 현재 위치가 95.0%로 상승 추세가 강하게 나타나고 있습니다."", ""최근 애널리스트 리포트에서 목표주가를 상향하며 긍정적인 전망을 제시하고 있습니다."", ""거래량 변화율이 196.24%로 급증하며 투자자들의 관심이 집중되고 있음을 시사합니다.""]",13.351338039276452,-12.534208480105816,15.564959672590085,-7.3394785295849605
012450,한화에어로스페이스,2024-12-02,333322,Buy,75,"[""최근 1개월 수익률은 하락했으나, 52주 최고가 대비 현재 위치가 67.6%로 여전히 높은 수준이며, 이는 상승 여력이 남아있음을 시사합니다."", ""최근 애널리스트 리포트에서 긍정적인 전망과 함께 목표주가가 현재가 대비 상당한 상승 여력을 보여주고 있습니다."", ""거래량 변화율이 16.58%로 긍정적인 움직임을 보이고 있으며, 이는 투자자들의 관심 증가를 나타낼 수 있습니다.""]",-14.032377100821428,6.942536046225571,-10.742108711557007,9.269642961948936
012450,한화에어로스페이스,2025-01-02,356463,Buy,75,"[""최근 1개월 수익률이 16.32%로 강한 상승세를 보이고 있으며, 52주 최고가 대비 현재 위치가 81.8%로 상승 여력이 남아있습니다."", ""최근 애널리스트 리포트에서 목표주가 430,000원을 제시하며 긍정적인 전망을 내놓았습니다."", ""방산주로서 지정학적 리스크 확대 시 수혜가 예상되는 점도 긍정적인 요인입니다.""]",4.5581168311998725,16.16016248530703,1.5334477183706183,12.276742881061192
012450,한화에어로스페이스,2025-02-03,400282,Buy,85,"[""최근 1개월 수익률이 21.33%로 강한 상승세를 보이고 있으며, 52주 최고가 대비 현재 위치가 91.6%로 높은 수준을 유지하고 있습니다."", ""최근 30일 이내 발행된 애널리스트 리포트들이 모두 긍정적인 전망과 함께 목표주가를 상향 제시하고 있어 추가 상승 여력이 기대됩니다."", ""PER 24.0은 다소 높은 편이나, 시장 예상치를 상회하는 실적 전망과 수출 확대 기대감은 이러한 밸류에이션을 정당화할 수 있습니다.""]",22.509380886475036,70.97196476484079,20.19805271897627,67.89180567970122
012450,한화에어로스페이스,2025-03-04,684370,Neutral,60,"[""최근 1개월 수익률이 75.25%로 매우 높고 52주 최고가에 근접해 있어 단기 과열 가능성이 있습니다."", ""애널리스트 리포트의 목표주가가 현재가(684,370원) 대비 하향 제시된 경우가 많아 상승 여력이 제한적일 수 있습니다."", ""PER 42.9는 높은 편이지만, PBR 및 ROE 지표가 없어 밸류에이션 판단에 한계가 있습니다.""]",-4.316524686938352,-4.604234551485307,-4.968954391449071,-2.5609451174065083
012450,한화에어로스페이스,2025-04-01,652860,Neutral,60,"[""최근 1개월 수익률은 긍정적이나, 3.6조원 규모의 유상증자 발표로 인해 단기적인 불확실성이 존재합니다."", ""애널리스트 리포트에서 목표주가 제시 범위가 넓고, 유상증자에 대한 상반된 해석이 혼재되어 있어 투자 방향 판단이 어렵습니다."", ""현재 주가가 52주 최고가 대비 높은 수준에 위치해 있으나, 거래량 변화율이 감소하고 있어 추가 상승 동력이 약할 수 있습니다.""]",4.2231106209600835,20.211071286340104,12.689665017454711,18.185818478920694
012450,한화에어로스페이스,2025-05-02,876388,Buy,75,"[""최근 1개월 수익률이 23.38%로 강한 상승세를 보이고 있으며, 52주 최고가 대비 현재 위치가 98.1%로 매우 근접해 있어 추가 상승 여력이 기대됩니다."", ""최근 애널리스트 리포트에서 제시된 목표주가들이 현재가(876,388원)보다 높게 형성되어 있어 긍정적인 전망을 뒷받침합니다."", ""거래량 변화율이 음수(-40.16%)로 나타나 단기적인 매물 출회 가능성도 있으나, 전반적인 기술적 지표와 애널리스트들의 목표주가를 고려할 때 상승 추세가 이어질 가능성이 높습니다.""]",-7.865237771398056,3.2647640086354444,-10.459456436406992,-5.991976996881689
012450,한화에어로스페이스,2025-06-02,845000,Buy,75,"[""최근 1개월 수익률이 4.82%로 긍정적인 흐름을 보이고 있으며, 52주 최고가 대비 현재 위치가 92.4%로 상승 여력이 남아있습니다."", ""최근 애널리스트 리포트에서 목표주가 980,000원을 제시하며 긍정적인 전망을 내놓았습니다."", ""거래량 변화율이 음수(-21.17%)인 점은 단기적인 매도 압력을 시사하지만, 전반적인 기술적 지표와 리포트 내용을 고려할 때 상승 추세가 이어질 가능성이 높습니다.""]",12.781065088757396,-3.3136094674556213,7.396777291555102,-15.780226089129908
012450,한화에어로스페이스,2025-07-01,819000,Buy,75,"[""최근 1개월 수익률은 소폭 하락했으나, 52주 최고가 대비 현재 위치가 높아 추가 상승 여력이 존재합니다."", ""최근 30일 내 애널리스트 리포트에서 목표주가 1,100,000원을 제시하며 긍정적인 전망을 내놓았습니다."", ""거래량 변화율이 12.03%로 긍정적인 신호를 보이며, 이는 투자자들의 관심 증가를 시사합니다.""]",3.785103785103785,19.291819291819294,1.876848336429618,13.457461588229776
012450,한화에어로스페이스,2025-08-01,938000,Buy,75,"[""최근 1개월 수익률이 14.93%로 강한 상승세를 보이고 있으며, 52주 최고가 대비 현재 위치가 91.9%로 높은 수준을 유지하고 있습니다."", ""최근 애널리스트 리포트에서 목표주가 1,000,000원을 제시하며 긍정적인 전망을 내놓았습니다."", ""거래량 변화율이 음수이나, 이는 단기적인 조정 가능성을 시사할 뿐 전반적인 상승 추세를 꺾을 정도의 부정적인 신호로 보기는 어렵습니다.""]",-6.183368869936034,-0.5330490405117271,-8.05835894220988,-1.3145596433232563
012450,한화에어로스페이스,2025-09-01,933000,Buy,75,"[""현재가 933,000원은 52주 최고가 998,000원에 근접하여 상승 여력이 남아있음을 시사합니다."", ""최근 1개월 수익률이 -8.03%로 하락했으나, 이는 단기적인 조정일 가능성이 있으며 2025년 목표주가 1,300,000원 제시 리포트는 긍정적인 전망을 뒷받침합니다."", ""거래량 변화율이 -20.62%로 감소한 것은 투자자들의 관망세를 나타낼 수 있으나, 이는 향후 상승 시 거래량 증가로 이어질 잠재력을 내포합니다.""]",1.2861736334405145,18.64951768488746,-1.4783384790313212,10.69799909456798
012450,한화에어로스페이스,2025-10-01,1097000,Buy,75,"[""최근 1개월 수익률이 17.79%로 강한 상승세를 보이고 있으며, 52주 최고가에 근접한 위치는 추가 상승 여력을 시사합니다."", ""애널리스트 리포트에서 제시된 목표주가(120만 원, 128만 원)는 현재가 대비 상승 가능성을 높게 보고 있음을 나타냅니다."", ""독자적인 무인기 항공엔진 개발 등 미래 성장 동력에 대한 긍정적인 전망이 투자 심리에 영향을 미칠 수 있습니다.""]",-14.676390154968095,-11.577028258887875,-20.2877797318035,-25.023400831939338
012450,한화에어로스페이스,2025-11-03,1010000,Buy,75,"[""최근 1개월 수익률은 소폭 하락했으나, 52주 최고가 대비 현재 위치가 92.2%로 높은 수준을 유지하며 강한 상승 추세를 시사합니다."", ""최근 애널리스트 리포트에서 제시된 목표주가(123만원, 140만원)가 현재가(101만원) 대비 상당한 상승 여력을 보여줍니다."", ""거래량 변화율이 13.51%로 긍정적인 움직임을 보이며, 이는 투자자들의 관심 증가 및 매수세 유입 가능성을 나타냅니다.""]",-6.138613861386139,-18.415841584158414,-5.766198328140484,-15.339228309182314
012450,한화에어로스페이스,2025-12-01,824000,Buy,75,"[""최근 1개월 수익률이 -16.96%로 하락했으나, 이는 단기적인 조정일 가능성이 높습니다."", ""최근 30일간 발행된 5건의 애널리스트 리포트 모두 긍정적인 전망과 함께 123만원에서 146만원 사이의 높은 목표주가를 제시하고 있습니다."", ""현재 주가는 52주 최고가 대비 약 35% 하락한 수준으로, 향후 상승 여력이 충분하다고 판단됩니다.""]",16.50485436893204,14.805825242718445,12.784638995946773,6.92834053084614
259960,크래프톤,2023-01-02,166500,Sell,75,"[""최근 1개월 수익률이 -25.45%로 크게 하락하며 약세 흐름을 보이고 있습니다."", ""현재가가 52주 최저가에 근접한 수준으로, 기술적으로 추가 하락 가능성이 존재합니다."", ""거래량 변화율 또한 마이너스를 기록하며 투자 심리가 위축된 것으로 판단됩니다.""]",3.003003003003003,9.30930930930931,-2.9748757357065054,-1.9676661896360237
259960,크래프톤,2023-02-01,182000,Neutral,60,"[""최근 1개월 수익률은 긍정적이나, 거래량 변화율이 크게 하락하여 투자 심리가 위축되었음을 시사합니다."", ""애널리스트 리포트에서 목표주가가 현재가 대비 상승 여력과 하락 가능성을 모두 제시하고 있어 방향성 판단이 어렵습니다."", ""재무 지표는 안정적인 수준이나, 52주 최고가 대비 현재 위치가 낮아 추가 하락 가능성도 배제할 수 없습니다.""]",-0.5494505494505495,-6.7032967032967035,-1.0614235898575304,-5.212337239896297
259960,크래프톤,2023-03-02,169800,Buy,75,"[""최근 1개월 수익률은 하락했으나, 52주 최저가 대비 현재 위치가 3.7%로 낮은 수준에 있어 반등 가능성이 있습니다."", ""애널리스트 리포트에서 공통적으로 긍정적인 전망과 함께 210,000원 ~ 250,000원의 목표주가를 제시하고 있어 상승 여력이 충분합니다."", ""주주환원 정책 발표와 중국 매출 회복세 등 긍정적인 모멘텀이 존재하며, 거래량 변화율이 25.37%로 증가한 점은 투자 심리 개선을 시사합니다.""]",-4.652532391048291,8.06831566548881,-3.111458326568239,6.226674594302539
259960,크래프톤,2023-04-03,189400,Buy,75,"[""최근 1개월 수익률이 7.66%로 긍정적인 흐름을 보이고 있으며, 52주 최고가 대비 현재 위치가 18.8%로 상승 여력이 남아있습니다."", ""애널리스트 리포트에서 목표주가 220,000원을 제시하며 긍정적인 전망을 내놓았습니다."", ""PER 17.1, PBR 1.69는 시장 평균 대비 과도하게 고평가되었다고 보기 어렵고, ROE 9.9%는 수익성을 보여줍니다.""]",-2.0063357972544877,1.8479408658922916,-4.721503242658857,1.005775343479567
259960,크래프톤,2023-05-02,192900,Buy,75,"[""최근 애널리스트 리포트에서 목표주가가 현재가 대비 상향 조정되었으며, 긍정적인 전망을 제시하고 있습니다."", ""최근 1개월 수익률이 5.50%로 양호한 흐름을 보이고 있으며, 52주 최저가 대비 상당 부분 회복한 상태입니다."", ""거래량 변화율이 음수이나, 이는 최근 단기적인 조정 가능성을 시사할 뿐 전반적인 추세 전환을 의미하지는 않습니다.""]",3.0585795749092792,-2.021772939346812,3.4743467452938677,-6.017935088543263
259960,크래프톤,2023-06-01,189000,Buy,75,"[""최근 30일간 애널리스트 리포트에서 제시된 목표주가가 현재가 대비 상당한 상승 여력을 시사하며, 대부분 긍정적인 전망을 유지하고 있습니다."", ""인도 서비스 재개 및 PC 트래픽 수익화 전환 본격화 등 주요 사업 모멘텀에 대한 긍정적인 분석이 다수 존재합니다."", ""현재 주가는 52주 최고가 대비 낮은 수준에 위치해 있어, 향후 상승 여력이 존재할 가능성이 있습니다.""]",8.201058201058201,2.91005291005291,7.1250825575486605,2.867382922046649
259960,크래프톤,2023-07-03,183000,Neutral,60,"[""최근 1개월 수익률은 소폭 상승했으나, 거래량 변화율이 크게 하락하여 투자 심리가 위축되었을 가능성이 있습니다."", ""52주 최고가 대비 현재 위치가 34.0%로, 상승 여력은 존재하나 단기적인 급등을 기대하기는 어렵습니다."", ""신작 부재에도 불구하고 긍정적인 실적 전망과 높은 목표주가가 제시되었으나, 이는 20거래일이라는 단기적인 관점에서는 불확실성이 존재합니다.""]",-0.273224043715847,-2.677595628415301,0.9152185258188466,-5.521837157580739
259960,크래프톤,2023-08-01,172900,Neutral,60,"[""최근 1개월 수익률이 마이너스를 기록하며 단기적인 하락세를 보이고 있습니다."", ""애널리스트 리포트에서는 목표주가를 현재가 대비 높게 제시하며 긍정적인 전망을 유지하고 있습니다."", ""기술적 지표상 52주 최저가 대비 높은 수준에 위치해 있으나, 최고가 대비로는 상당한 하락폭을 기록하고 있어 방향성 판단이 어렵습니다.""]",0.8675534991324465,-10.352805089647195,1.3013440642831997,-8.05199521986081
259960,크래프톤,2023-09-01,156700,Neutral,65,"[""최근 1개월 수익률이 -10.06%로 하락세를 보이고 있으나, 52주 최저가 대비 현재 위치가 0.6%로 매우 근접해 있어 추가 하락보다는 반등 가능성도 존재합니다."", ""애널리스트 리포트에서 목표주가가 180,000원에서 270,000원까지 다양하게 제시되어 있어 투자 방향에 대한 의견이 분분합니다."", ""PER, PBR, ROE 등 재무지표는 시장 평균 대비 비교적 양호한 수준이나, 최근 실적 부진 및 경쟁 심화 우려가 제기되고 있어 단기적인 투자 방향을 명확히 판단하기 어렵습니다.""]",-2.361199744735163,-4.6585832801531595,-1.2906071851019552,2.1441483365692937
259960,크래프톤,2023-10-04,148000,Neutral,60,"[""현재가가 52주 최저가와 거의 동일한 수준으로 하방 경직성이 나타나고 있습니다."", ""최근 1개월 수익률과 거래량 변화율이 부정적인 흐름을 보이고 있어 단기적인 투자 심리가 위축된 것으로 판단됩니다."", ""애널리스트 리포트에서 제시된 목표주가 170,000원은 현재가 대비 상승 여력을 시사하지만, 실적 개선에 대한 기대감이 주가에 얼마나 반영될지는 불확실합니다.""]",4.662162162162162,14.797297297297296,2.475858284645097,16.264263514637943
259960,크래프톤,2023-11-01,168900,Buy,75,"[""최근 애널리스트 리포트에서 목표주가가 현재가 대비 상향 조정되는 추세이며, 신작 출시 및 인도 매출 회복에 대한 긍정적인 전망이 다수 제시되었습니다."", ""최근 1개월 수익률이 11.63%로 양호하며, 거래량 변화율도 16.36%로 증가하는 등 기술적으로도 상승 모멘텀이 감지됩니다."", ""현재 주가는 52주 최저가 대비 높은 수준이지만, 52주 최고가 대비로는 아직 상승 여력이 남아있어 추가 상승 가능성을 배제할 수 없습니다.""]",12.966252220248666,26.1101243339254,9.38299570756472,17.908666448712516
259960,크래프톤,2023-12-01,218000,Buy,75,"[""최근 1개월 수익률이 28.77%로 강한 상승세를 보이고 있으며, 52주 최고가 대비 현재 위치가 88.2%로 상승 여력이 남아있습니다."", ""최근 애널리스트 리포트에서 신작 출시 기대감과 실적 개선 전망이 긍정적으로 제시되고 있으며, 다수의 목표주가가 현재가보다 높게 설정되어 있습니다."", ""인도 시장에서의 모바일 매출 반등 소식은 크래프톤의 주요 성장 동력 중 하나인 해외 시장에서의 긍정적인 신호로 해석될 수 있습니다.""]",-2.293577981651376,-8.027522935779817,-2.7075027117653074,-10.893186269046886
259960,크래프톤,2024-01-02,194800,Buy,75,"[""최근 1개월 수익률 하락에도 불구하고 52주 최고가 대비 현재 위치가 69.0%로 상승 여력이 남아있습니다."", ""중국 게임 규제안에 대한 과도한 우려가 해소될 경우 목표주가 300,000원 달성 가능성이 있습니다."", ""PER, PBR 등 재무지표가 시장 평균 대비 과도하게 고평가되지 않은 수준으로 판단됩니다.""]",4.209445585215605,10.1129363449692,6.715093168356848,14.340281769947426
259960,크래프톤,2024-02-01,223000,Buy,75,"[""최근 1개월 수익률이 9.86%로 긍정적인 흐름을 보이고 있으며, 52주 최고가 대비 현재 위치가 높아 추가 상승 여력이 기대됩니다."", ""최근 30일 내 애널리스트 리포트들이 일관되게 매수 의견과 250,000원 이상의 목표주가를 제시하고 있어 긍정적인 전망을 뒷받침합니다."", ""거래량 변화율이 -30.22%로 다소 감소했지만, 이는 단기적인 조정일 수 있으며 전반적인 시장 및 애널리스트들의 긍정적인 시각을 고려할 때 상승 가능성이 높다고 판단됩니다.""]",3.1390134529147984,-4.484304932735426,1.8263583565782293,-5.48533349149136
259960,크래프톤,2024-03-04,218000,Buy,85,"[""최근 30일 내 애널리스트 리포트들이 일관되게 긍정적인 전망과 함께 상향된 목표주가를 제시하고 있습니다."", ""현재 주가가 52주 최고가 대비 약 76.3% 수준에 위치하여 추가 상승 여력이 존재합니다."", ""최근 1개월 수익률은 소폭 하락했으나, 거래량 변화율이 긍정적인 신호를 보내고 있어 향후 상승 가능성을 시사합니다.""]",7.339449541284404,15.59633027522936,6.116153700716734,11.679971854454854
259960,크래프톤,2024-04-01,252000,Buy,75,"[""크래프톤은 52주 최고가에 근접한 수준으로, 최근 1개월 수익률도 10.35%로 양호한 흐름을 보이고 있습니다."", ""최근 애널리스트 리포트에서 목표주가 280,000원을 제시하며 긍정적인 전망을 내놓았습니다."", ""거래량 변화율이 19.71%로 증가하며 투자자들의 관심이 높아지고 있음을 시사합니다.""]",-3.968253968253968,-3.571428571428571,-2.224802806679631,-1.0466933580737439
259960,크래프톤,2024-05-02,251000,Buy,75,"[""최근 애널리스트 리포트에서 다수의 매수 의견과 목표주가 상향이 제시되고 있으며, 이는 향후 주가 상승에 대한 긍정적인 전망을 시사합니다."", ""현재가 52주 최고가 대비 약 3.5% 하락한 수준으로, 과도한 하락 후 반등 가능성이 존재하며, 최근 거래량 변화율이 45%로 증가한 점은 투자 심리 개선을 나타낼 수 있습니다."", ""신작 게임 출시 및 기존 게임의 지속적인 성장 가능성이 언급되고 있어, 단기적인 모멘텀 확보 및 실적 개선 기대감이 존재합니다.""]",3.386454183266932,-0.5976095617529881,1.4967645362107485,-0.05476277306720778
259960,크래프톤,2024-06-03,249500,Buy,85,"[""최근 애널리스트 리포트들이 일관되게 긍정적인 전망과 높은 목표주가를 제시하고 있습니다."", ""52주 최고가 대비 현재 위치가 높아 추가 상승 여력이 남아있음을 시사합니다."", ""최근 1개월 수익률이 긍정적이며, 하반기 실적 및 신작 모멘텀에 대한 기대감이 높습니다.""]",6.212424849699398,9.218436873747494,3.7305496384000416,4.263326246798833
259960,크래프톤,2024-07-01,271000,Buy,75,"[""최근 애널리스트 리포트에서 긍정적인 전망과 함께 목표주가가 현재가 대비 상승 여력을 시사하고 있습니다."", ""최근 1개월 수익률이 8.96%로 양호한 흐름을 보이고 있으며, 52주 최고가 대비 현재 위치가 높아 추가 상승에 대한 기대감을 높입니다."", ""PER, PBR 등 재무지표는 다소 높은 편이나, ROE가 10.9%로 양호한 수준이며 시가총액이 13조원으로 큰 규모를 형성하고 있어 시장 내에서의 입지가 견고함을 보여줍니다.""]",6.826568265682657,7.9335793357933575,3.715300528363987,9.467996746234734
259960,크래프톤,2024-08-01,287500,Buy,75,"[""최근 2건의 애널리스트 리포트 모두 긍정적인 전망과 함께 높은 목표주가를 제시하고 있습니다."", ""현재 주가가 52주 최고가에 근접한 위치에 있어 추가 상승 여력이 기대됩니다."", ""최근 1개월 수익률이 양호한 흐름을 보이고 있으나, 거래량 변화율이 감소한 점은 단기적인 변동성을 야기할 수 있습니다.""]",2.4347826086956523,12.347826086956522,5.71407144842677,12.168092958890131
259960,크래프톤,2024-09-02,317000,Buy,85,"[""최근 1개월 수익률이 11.57%로 양호하며, 52주 최고가 대비 현재 위치가 높아 추가 상승 여력이 기대됩니다."", ""최근 30일간 애널리스트 리포트에서 제시된 목표주가가 현재가 대비 모두 상향 조정되었으며, 긍정적인 전망이 지배적입니다."", ""거래량 변화율이 133.94%로 크게 증가하여 시장의 관심이 집중되고 있으며, 이는 매수세 유입 가능성을 시사합니다.""]",1.1041009463722398,2.8391167192429023,6.403148093630969,5.476255834241982
259960,크래프톤,2024-10-02,335500,Buy,75,"[""최근 애널리스트 리포트들이 전반적으로 긍정적인 전망과 함께 목표주가를 상향 제시하고 있습니다."", ""현재 주가가 52주 최고가에 근접한 수준으로, 기술적으로도 상승 모멘텀이 유지되고 있음을 시사합니다."", ""최근 1개월 수익률이 소폭 상승세를 보이고 있으며, 이는 시장의 관심이 다시 유입되고 있음을 나타냅니다.""]",-1.4903129657228018,0.5961251862891207,-3.5753731476110273,-0.1533757301566947
259960,크래프톤,2024-11-01,337500,Buy,75,"[""최근 52주 최고가 대비 높은 위치에 있으며, 다수의 애널리스트 리포트에서 긍정적인 목표주가를 제시하고 있습니다."", ""최근 1개월 수익률은 소폭 하락했으나, 이는 단기적인 조정일 가능성이 있으며 신작 모멘텀에 대한 기대감이 존재합니다."", ""PER, PBR 등 재무 지표는 다소 높은 편이나, ROE가 양호한 수준을 유지하고 있어 기업의 수익성을 뒷받침하고 있습니다.""]",-5.9259259259259265,-2.9629629629629632,-3.712304292612294,2.2317669875578923
259960,크래프톤,2024-12-02,328500,Buy,85,"[""최근 30일 내 애널리스트 리포트에서 제시된 목표주가가 현재가 대비 상당한 상승 여력을 시사하고 있습니다."", ""52주 최고가 대비 현재 위치가 높아 단기적인 상승 모멘텀이 유지될 가능성이 있습니다."", ""최근 1개월 수익률은 소폭 하락했으나, 거래량 변화율이 64.35%로 높게 나타나 향후 주가 변동성에 대한 기대감을 높입니다.""]",-7.91476407914764,1.97869101978691,-4.62449568988322,4.305797935510275
259960,크래프톤,2025-01-02,335000,Buy,75,"[""52주 최고가 대비 현재 위치가 80%로 상승 여력이 남아있으며, 52주 최저가 대비 큰 폭으로 상승하여 긍정적인 추세를 유지하고 있습니다."", ""최근 1개월 수익률이 소폭 상승세를 보이고 있어 단기적인 모멘텀이 긍정적입니다."", ""최근 애널리스트 리포트에서 목표주가 480,000원을 제시하며 긍정적인 전망을 내놓고 있어 향후 상승 가능성을 시사합니다.""]",0.0,13.73134328358209,-3.024669112829254,9.847923679336255
259960,크래프톤,2025-02-03,362500,Buy,85,"[""최근 1개월 수익률이 17.26%로 강한 상승세를 보이고 있으며, 52주 최고가에 근접한 위치는 추가 상승 가능성을 시사합니다."", ""최근 30일간 발표된 애널리스트 리포트들이 모두 긍정적인 전망과 함께 목표주가를 상향 제시하고 있어 투자 심리에 긍정적인 영향을 미칠 것으로 예상됩니다."", ""PER, PBR 지표는 다소 높은 편이나, ROE가 10.9%로 양호하며 시가총액이 17.1조원으로 큰 규모를 형성하고 있어 시장에서의 영향력이 크다고 판단됩니다.""]",3.4482758620689653,-5.103448275862069,1.1369476945701993,-8.183607361001634
259960,크래프톤,2025-03-04,344000,Buy,85,"[""최근 30일간 애널리스트 리포트에서 제시된 목표주가 평균이 현재가 대비 상당한 상승 여력을 시사합니다."", ""최근 1개월 수익률은 하락했으나, 거래량 변화율이 높다는 점은 투자자들의 관심이 재집중될 가능성을 보여줍니다."", ""52주 최고가 대비 현재 위치가 71.2%로, 과거 고점 대비 상승 여력이 남아있다고 판단됩니다.""]",0.436046511627907,0.872093023255814,-0.21638319288281194,2.915382457334613
259960,크래프톤,2025-04-01,347000,Buy,80,"[""최근 30일간 애널리스트 리포트에서 제시된 목표주가 평균이 현재가 대비 상당한 상승 여력을 시사합니다."", ""PER, PBR 지표는 시장 평균 대비 높은 수준은 아니지만, ROE가 19.9%로 높아 수익성 측면에서 긍정적입니다."", ""52주 최고가 대비 현재 위치가 72.7%로, 아직 상승 여력이 남아있음을 보여줍니다.""]",2.161383285302594,7.060518731988473,10.62793768179722,5.035265924569064
259960,크래프톤,2025-05-02,385500,Buy,85,"[""최근 1개월 수익률이 10.95%로 양호하며, 52주 최고가에 근접한 강한 상승 추세를 보이고 있습니다."", ""최근 30일 내 애널리스트 리포트들이 일제히 긍정적인 전망과 함께 목표주가를 제시하며, 평균 목표주가가 현재가 대비 상당한 상승 여력을 시사하고 있습니다."", ""PER, PBR 등 밸류에이션 지표가 시장 평균 대비 높지 않은 수준이며, ROE가 19.8%로 견조한 수익성을 보여주고 있어 추가 상승 여력이 있습니다.""]",-3.24254215304799,-4.150453955901426,-5.836760818056925,-13.40719496141856
259960,크래프톤,2025-06-02,367500,Buy,75,"[""최근 2건의 애널리스트 리포트 모두 긍정적인 전망과 함께 목표주가를 상향 제시하고 있습니다."", ""현재가가 52주 최고가 대비 약 12.7% 하락한 수준으로, 추가 상승 여력이 존재합니다."", ""ROE 19.8%는 양호한 수익성을 시사하며, PER 12.9는 시장 평균 대비 과도하게 고평가되지 않은 수준입니다.""]",3.9455782312925165,-0.5442176870748299,-1.4387095659097775,-13.010834308749118
259960,크래프톤,2025-07-01,358500,Buy,80,"[""최근 애널리스트 리포트들이 일관되게 긍정적인 전망과 함께 목표주가를 상향 제시하고 있습니다."", ""ADK 인수와 같은 잠재적인 호재가 향후 주가 상승 모멘텀으로 작용할 가능성이 높습니다."", ""현재 주가가 52주 최고가 대비 높은 수준에 위치해 있으나, 이는 긍정적인 시장 기대감을 반영하는 것으로 해석될 수 있습니다.""]",0.41841004184100417,-8.92608089260809,-1.4898454068331628,-14.76043859619761
259960,크래프톤,2025-08-01,314500,Buy,85,"[""최근 30일 내 애널리스트 리포트에서 모두 긍정적인 전망과 함께 목표주가가 현재가 대비 상당한 상승 여력을 보여주고 있습니다."", ""PER, PBR 등 밸류에이션 지표가 시장 평균 대비 과도하게 높지 않으며, ROE는 양호한 수준을 유지하고 있어 기업의 수익성을 뒷받침합니다."", ""최근 1개월 수익률이 하락했으나, 이는 단기적인 조정일 가능성이 있으며 애널리스트들의 하반기 실적 개선 전망을 고려할 때 반등 가능성이 높습니다.""]",1.4308426073131957,4.92845786963434,-0.4441474649606503,4.146947266822811
259960,크래프톤,2025-09-01,330000,Buy,75,"[""최근 1개월 수익률이 소폭 상승세를 보이며 기술적 반등 가능성을 시사합니다."", ""애널리스트 리포트에서 'Buy and Hold' 의견과 함께 높은 목표주가(540,000원)를 제시하여 긍정적인 전망을 뒷받침합니다."", ""현재 주가가 52주 최저가 대비 높은 수준에 위치해 있으나, 52주 최고가 대비로는 아직 상승 여력이 남아있습니다.""]",-2.272727272727273,-11.363636363636363,-5.037239385199109,-19.315154953955844
259960,크래프톤,2025-10-01,299000,Buy,75,"[""현재가 299,000원은 52주 최저가 289,500원에 근접하여 기술적 반등 가능성이 있습니다."", ""최근 1개월 수익률이 -9.55%로 하락했으나, 이는 단기적인 조정으로 해석될 수 있으며 향후 상승 여력을 확보하는 과정일 수 있습니다."", ""애널리스트 리포트에서 목표주가 530,000원을 제시하며 현재가 대비 상당한 상승 여력을 시사하고 있습니다.""]",-3.0100334448160537,-11.872909698996656,-8.621423021651458,-25.31928227204812
259960,크래프톤,2025-11-03,279000,Neutral,60,"[""최근 1개월 수익률이 마이너스(-)를 기록하며 단기적인 하락세를 보이고 있습니다."", ""애널리스트 리포트에서 신작 기대감 하락 및 향후 성장성 부재에 대한 언급이 있어 추가 상승 모멘텀이 제한적일 수 있습니다."", ""하지만 현재가가 52주 최저가 대비 높은 수준이며, PER, PBR, ROE 등 재무 지표는 비교적 양호한 편으로 급격한 하락보다는 관망세가 예상됩니다.""]",-5.376344086021505,-9.31899641577061,-5.00392855277585,-6.242383140794509
259960,크래프톤,2025-12-01,253000,Neutral,65,"[""현재가가 52주 최저가에 근접해 있어 하방 경직성이 기대되지만, 최근 1개월 수익률이 마이너스이고 거래량 변화율도 감소하는 등 단기적인 하락 추세가 관찰됩니다."", ""애널리스트 리포트에서 목표주가는 전반적으로 현재가 대비 높게 제시되고 있으나, '시간이 필요하다', '성과 확인에 시간 소요' 등 단기적인 상승 모멘텀에 대한 불확실성을 시사하는 의견들이 혼재되어 있습니다."", ""PER, PBR 등 밸류에이션 지표는 시장 평균 대비 낮지 않은 수준이며, ROE는 양호하나, 신작 기대감 회복 및 이익 성장성 확보가 향후 주가 상승의 중요한 변수가 될 것으로 보입니다.""]",-2.9644268774703555,-1.9762845849802373,-6.684642250455623,-9.853769296852542
247540,에코프로비엠,2023-01-02,93200,Neutral,55,"[""최근 1개월 수익률이 -18.85%로 하락세를 보이고 있으며, 거래량 변화율 또한 -34.26%로 감소하여 단기적인 투자 심리가 위축된 것으로 판단됩니다."", ""현재가 93,200원은 52주 최저가 78,819원 대비로는 상승했으나, 52주 최고가 135,900원 대비로는 상당한 하락폭을 기록하며 52주 내 위치가 25.5%로 낮은 편입니다."", ""PER 20.0, PBR 15.33은 다소 높은 수준으로 밸류에이션 부담이 존재하나, ROE 76.6%는 매우 높은 수준으로 기업의 수익성은 우수하여 향후 반등 가능성도 배제할 수 없습니다.""]",3.5407725321888415,22.317596566523605,0.4146150390412142,9.032168016260629
247540,에코프로비엠,2023-02-01,114000,Buy,75,"[""최근 1개월 수익률이 18.57%로 강한 상승세를 보이고 있으며, 52주 최고가 대비 현재 위치가 53.2%로 상승 여력이 남아있습니다."", ""애널리스트 리포트에서 제시된 목표주가 평균이 현재가 대비 상당한 상승 여력을 시사하고 있습니다."", ""견조한 EV 수요와 High-Ni 중심의 외형 성장이 지속될 것이라는 긍정적인 전망이 제시되고 있습니다.""]",14.649122807017545,59.73684210526316,12.038675787583049,54.79320997426999
247540,에코프로비엠,2023-03-02,182100,Neutral,65,"[""최근 1개월 수익률이 60.02%로 매우 높고 52주 최고가에 근접한 위치에 있어 단기 급등에 따른 차익 실현 매물 출회 가능성이 있습니다."", ""애널리스트 리포트 내 목표주가가 현재가(182,100원) 대비 하향 조정되는 의견이 다수 존재하며, 4분기 실적이 컨센서스를 하회했다는 점은 부정적인 요인입니다."", ""하지만 여전히 높은 ROE와 견조한 전방 수요, 그리고 시장수요 양호 의견 등 긍정적인 요인도 존재하여 명확한 매수 또는 매도 신호를 판단하기에는 정보가 불충분합니다.""]",6.315211422295441,23.28390993959363,8.037501494826028,17.663411946024176
247540,에코프로비엠,2023-04-03,224500,Sell,75,"[""현재가 224,500원은 52주 최고가 235,000원에 근접한 98.0% 수준으로, 단기 상승 여력이 제한적일 수 있습니다."", ""최근 30일 애널리스트 리포트에서 '주가 과열권'을 언급하며 목표주가 200,000원을 제시한 점은 하방 압력을 시사합니다."", ""PER 80.5, PBR 15.25는 높은 밸류에이션 수준을 나타내며, 시장 대비 과도한 상승 시 조정 가능성이 있습니다.""]",31.180400890868597,11.1358574610245,26.308612001720448,12.769120019646959
247540,에코프로비엠,2023-05-02,249500,Buy,75,"[""최근 1개월 수익률이 18.93%로 강한 상승세를 보이고 있으며, 52주 최고가 대비 현재 위치가 86.0%로 상승 여력이 남아있습니다."", ""애널리스트 리포트에서 제시된 목표주가(265,000원, 261,000원)가 현재가(249,500원) 대비 상승 가능성을 시사합니다."", ""PER, PBR 지표는 다소 높지만, ROE가 18.9%로 양호하며 시가총액이 26.1조원으로 코스닥 시장 내에서 높은 비중을 차지하고 있어 시장 주도주로서의 역할을 기대할 수 있습니다.""]",-11.022044088176353,2.2044088176352705,-8.811365466766928,-0.7463253079369676
247540,에코프로비엠,2023-06-01,255000,Neutral,65,"[""최근 1개월 수익률이 마이너스이고 거래량 변화율도 크게 하락하여 단기적인 하락 압력이 존재합니다."", ""애널리스트 리포트에서 목표주가 범위가 넓고 투자의견이 엇갈리며, 일부에서는 과열 국면 심화 및 투자의견 하향을 제시하고 있습니다."", ""현재 주가가 52주 최고가 대비 높은 수준에 위치해 있으며, PER 및 PBR 지표가 높아 밸류에이션 부담이 존재합니다.""]",5.294117647058823,3.3333333333333335,3.2550880868901664,0.887649855232739
247540,에코프로비엠,2023-07-03,274500,Neutral,65,"[""현재가 52주 최고가 대비 하락폭이 크지 않고, 52주 내 현재 위치가 높아 추가 상승 여력이 제한적일 수 있습니다."", ""최근 1개월 수익률은 긍정적이나, 거래량 변화율이 마이너스인 점은 투자 심리 위축 가능성을 시사합니다."", ""PER, PBR 지표가 높아 밸류에이션 부담이 존재하며, ROE는 양호하나 시장 평균 대비 높은 수준인지 추가적인 비교 분석이 필요합니다.""]",7.468123861566485,48.816029143898,8.734415996397944,43.23513026749351
247540,에코프로비엠,2023-08-01,380500,Neutral,60,"[""최근 1개월 수익률이 55.03%로 매우 높고, 52주 최고가 대비 현재 위치가 85.7%로 상승 추세가 강하나, 2023년 7월 6일 리포트에서 제시된 목표주가 300,000원 대비 현재가 380,500원이 이미 높은 수준입니다."", ""PER 141.8, PBR 26.85는 현재 시장에서 높은 밸류에이션을 받고 있음을 시사하며, 이는 향후 추가적인 상승 여력을 제한할 수 있는 요인입니다."", ""최근 30일 내 애널리스트 리포트에서 목표주가가 제시된 경우, 현재가 대비 하락 가능성을 시사하고 있어 단기적인 상승 모멘텀에 대한 불확실성이 존재합니다.""]",-9.724047306176084,-14.71747700394218,-9.638310408532753,-16.76636901941879
247540,에코프로비엠,2023-09-01,307500,Neutral,65,"[""최근 1개월 수익률이 -18.92%로 하락세를 보이고 있으며, 거래량 변화율도 크게 감소하여 투자 심리가 위축된 것으로 판단됩니다."", ""애널리스트 리포트에서 목표주가 제시 범위가 200,000원에서 446,000원으로 넓게 분포하며, 긍정적 의견과 부정적 의견이 혼재되어 있어 향후 방향성을 명확히 예측하기 어렵습니다."", ""현재 PER과 PBR이 높은 수준으로 밸류에이션 부담이 존재하나, ROE가 상대적으로 높아 기업의 수익성은 양호한 편이며, 52주 최고가 대비 현재 위치가 59.0%로 하락 여력보다는 상승 여력이 더 크다고 볼 수도 있습니다.""]",-5.691056910569105,-23.414634146341466,-4.971922048303557,-12.233773360406483
247540,에코프로비엠,2023-10-04,233500,Sell,75,"[""최근 1개월 수익률이 -27.58%로 큰 폭 하락했으며, 거래량 변화율도 감소하여 하락 추세가 지속될 가능성이 있습니다."", ""최근 애널리스트 리포트에서 실적 하향 및 목표주가 200,000원을 제시하여 현재가 대비 하락 가능성을 시사합니다."", ""PER과 PBR 지표가 다소 높은 수준으로 밸류에이션 부담이 존재하며, 이는 향후 주가 상승에 제약 요인이 될 수 있습니다.""]",5.353319057815846,-1.4989293361884368,2.636782641746336,0.8693011699162831
247540,에코프로비엠,2023-11-01,217000,Neutral,60,"[""최근 1개월 수익률이 -25.89%로 크게 하락했으나, 52주 최고가 대비 현재 위치는 26.1%로 여전히 높은 수준입니다."", ""애널리스트 리포트에서 목표주가가 200,000원에서 270,000원까지 다양하게 제시되어 투자 방향에 대한 불확실성이 존재합니다."", ""PER, PBR 등 재무지표는 다소 높은 편이나, ROE는 양호한 수준을 유지하고 있어 단기적인 투자 방향을 명확히 판단하기 어렵습니다.""]",14.516129032258066,26.26728110599078,10.630460588595733,18.653803542717668
247540,에코프로비엠,2023-12-01,323000,Neutral,65,"[""최근 1개월 수익률이 29.03%로 높지만, 애널리스트 리포트에서 목표주가가 현재가 대비 하향 조정되는 추세가 관찰됩니다."", ""PER 97.2, PBR 18.41은 여전히 높은 밸류에이션 수준으로, 추가 상승 여력에 대한 부담이 존재합니다."", ""최근 거래량 변화율이 높다는 점은 긍정적이나, 전반적인 시장 상황 및 개별 기업의 실적 전망에 대한 불확실성이 공존하여 명확한 방향성을 판단하기 어렵습니다.""]",-1.238390092879257,-13.622291021671826,-2.0506818903011683,-18.176194367396736
247540,에코프로비엠,2024-01-02,271500,Neutral,65,"[""현재가 271,500원은 52주 최고가 대비 상당한 하락폭을 보였으나, 52주 최저가 대비로는 높은 수준에 위치하여 방향성 판단이 모호합니다."", ""최근 1개월 수익률은 5.19%로 긍정적이나, 거래량 변화율은 1.79%로 미미하여 추세 전환을 확신하기 어렵습니다."", ""애널리스트 리포트에서 목표주가가 현재가와 유사하거나 하회하는 수준으로 제시되어, 단기적인 추가 상승 여부에 대한 불확실성이 존재합니다.""]",8.103130755064457,-21.36279926335175,7.65680974814591,-13.063982186123296
247540,에코프로비엠,2024-02-01,229000,Sell,75,"[""최근 1개월 수익률이 -16.02%로 하락세를 보이고 있으며, 이는 단기적인 투자 심리 위축을 시사합니다."", ""애널리스트 리포트에서 수요 부진을 반영하여 실적 추정치를 하향하고 목표주가를 현재가보다 낮게 제시한 점은 부정적인 신호입니다."", ""PER 79.1, PBR 14.99는 여전히 높은 밸류에이션 수준으로, 실적 둔화 가능성을 고려할 때 추가 하락 압력이 존재할 수 있습니다.""]",4.8034934497816595,8.951965065502183,1.074833828047919,2.091133174293624
247540,에코프로비엠,2024-03-04,255500,Neutral,65,"[""최근 1개월 수익률이 22.73%로 양호하나, 거래량 변화율이 음수(-)로 나타나 단기적인 매수세 약화를 시사합니다."", ""애널리스트 리포트 내 목표주가 제시 범위가 200,000원에서 337,000원으로 넓어 투자 방향에 대한 의견이 분분합니다."", ""PER 93.7, PBR 17.75는 현재 주가가 고평가되었을 가능성을 시사하며, 52주 최고가 대비 현재 위치가 37.4%로 하락폭이 큰 편입니다.""]",2.5440313111545985,2.3483365949119372,-0.1499677885372228,-0.5626598615673992
247540,에코프로비엠,2024-04-01,261500,Neutral,55,"[""현재가 52주 최고가 대비 상당한 하락폭을 보이고 있으나, PBR이 높아 밸류에이션 부담이 존재합니다."", ""최근 1개월 수익률은 소폭 상승했으나 거래량 변화율은 감소하여 투자 심리가 위축될 가능성이 있습니다."", ""적자 기업으로 PER 지표가 없어 기업의 수익성을 직접적으로 판단하기 어렵고, 향후 20거래일 동안 KOSDAQ 시장 전반의 흐름과 전기차 섹터의 변동성에 따라 주가 방향성이 달라질 수 있습니다.""]",-9.560229445506693,-10.89866156787763,-5.9419744179716165,-8.194503827212076
247540,에코프로비엠,2024-05-02,226000,Neutral,60,"[""에코프로비엠은 현재 적자 상태로 PER 지표가 없어 기업 가치 평가에 어려움이 있습니다."", ""최근 1개월 수익률이 -13.86%로 하락세를 보이고 있으며, 거래량 변화율 또한 감소하여 투자 심리가 위축된 것으로 판단됩니다."", ""하지만 52주 최저가 대비 현재 위치가 16.2%로, 주가 반등 가능성도 배제할 수 없어 명확한 방향성을 제시하기 어렵습니다.""]",-6.8584070796460175,-15.398230088495577,-5.569113072090468,-13.11654938516028
247540,에코프로비엠,2024-06-03,191200,Neutral,65,"[""최근 1개월 수익률이 -21.17%로 부진하며 52주 최고가 대비 큰 폭 하락한 상태이나, 52주 최저가 대비로는 소폭 높은 수준에 위치하여 기술적 반등 가능성과 추가 하락 가능성이 혼재합니다."", ""애널리스트 리포트 목표주가가 150,000원에서 337,000원까지 넓게 분포하며 의견이 분분하여 단기 방향성 판단이 어렵습니다."", ""PER이 해당없음(적자)으로 재무적 부담이 존재하나, PBR이 11.50으로 높은 수준을 유지하고 있어 시장의 기대감이 여전히 존재함을 시사합니다.""]",9.571129707112972,-0.10460251046025104,6.635586341937533,1.0469155071317295
247540,에코프로비엠,2024-07-01,182500,Sell,75,"[""현재가 182,500원은 52주 최저가 178,000원에 근접하여 기술적 반등 가능성이 있으나, 52주 최고가 대비 큰 폭 하락한 상태입니다."", ""최근 애널리스트 리포트에서 목표주가 150,000원을 제시하며 현재가 대비 하락 가능성을 시사하고 있습니다."", ""PER이 '해당없음(적자)'인 점과 PBR 11.53배는 현재 기업 가치에 대한 부담을 나타낼 수 있습니다.""]",6.191780821917808,2.73972602739726,2.515478572276282,5.888260205802147
247540,에코프로비엠,2024-08-01,185900,Neutral,55,"[""현재가 52주 최저가 대비 소폭 상승했으나, 52주 최고가 대비 큰 폭 하락한 상태로 방향성 판단이 어렵습니다."", ""최근 1개월 수익률과 거래량 변화율이 모두 마이너스를 기록하며 단기적인 하락 압력이 존재합니다."", ""PER이 해당없음(적자)이고 PBR이 높은 수준으로, 재무적인 측면에서 긍정적인 신호를 찾기 어렵습니다.""]",-3.604088219472835,-2.205486820871436,-1.6921895372714455,-0.9069355011480835
247540,에코프로비엠,2024-09-02,174500,Neutral,60,"[""현재가 52주 최저가 대비 소폭 상승했으나, 52주 최고가 대비로는 큰 폭 하락한 상태로 방향성 판단이 어렵습니다."", ""최근 1개월 수익률이 소폭 하락했으나, 거래량 변화율은 긍정적인 신호를 보이고 있어 상반된 지표가 혼재합니다."", ""PER이 해당없음(적자)이고 PBR이 높은 수준으로, 현재 주가 수준에 대한 밸류에이션 부담이 존재하여 추가 상승 여력이 제한적일 수 있습니다.""]",-14.785100286532952,10.601719197707736,-7.660937050213797,8.251547570736655
247540,에코프로비엠,2024-10-02,183400,Buy,75,"[""최근 1개월 수익률이 15.14%로 양호한 흐름을 보이고 있으며, 이는 시장 대비 초과 상승 가능성을 시사합니다."", ""현재가가 52주 최저가 대비 높은 수준에 위치해 있어 추가적인 하락보다는 반등 가능성에 무게가 실립니다."", ""거래량 변화율이 소폭 상승한 점은 투자 심리가 긍정적으로 작용하고 있음을 나타냅니다.""]",-4.089422028353326,-0.7633587786259541,-4.255876292443416,1.1742728892977858
247540,에코프로비엠,2024-11-01,182000,Neutral,55,"[""현재가 52주 최저가 대비 높은 수준이나 최고가 대비로는 상당한 하락폭을 보여 투자 심리가 혼재될 수 있습니다."", ""최근 1개월 수익률 및 거래량 변화율이 부정적인 흐름을 나타내고 있어 단기적인 하락 압력이 존재합니다."", ""PER이 적자 상태로 재무 건전성에 대한 우려가 있으며, PBR이 높아 밸류에이션 부담이 있습니다.""]",-16.0989010989011,-24.45054945054945,-12.751776125423483,-14.0749924804667
247540,에코프로비엠,2024-12-02,138000,Neutral,60,"[""최근 1개월 수익률이 -18.97%로 부진했으나, 52주 최저가 대비 현재 위치가 6.4%로 낮은 편입니다."", ""애널리스트 리포트에서 목표주가가 현재가 대비 상향 제시되었으나, 3분기 실적 부진 및 업황 부진 지속에 대한 우려도 공존합니다."", ""PER이 해당 없음(적자)으로 재무 건전성에 대한 불확실성이 존재하며, 기술적 지표만으로는 명확한 방향성을 판단하기 어렵습니다.""]",-5.072463768115942,-18.115942028985508,-0.8440329632520278,-20.281547124526913
247540,에코프로비엠,2025-01-02,113000,Neutral,55,"[""현재가 52주 최저가에 근접하며 기술적 반등 가능성이 있으나, 최근 1개월 수익률 급락과 거래량 감소는 하락 추세 지속 가능성을 시사합니다."", ""PER이 없어 적자 기업임을 감안할 때, 현재 PBR 6.45는 높은 수준으로 밸류에이션 부담이 존재합니다."", ""향후 20거래일 동안 KOSDAQ 시장 전반의 방향성 및 에코프로비엠의 실적 개선 여부에 대한 불확실성이 높아 명확한 투자 방향 제시가 어렵습니다.""]",6.371681415929204,8.584070796460178,4.652966838735824,3.6872220093370682
247540,에코프로비엠,2025-02-03,120300,Neutral,65,"[""최근 애널리스트 리포트에서 목표주가 상향 및 하향 의견이 혼재되어 있어 방향성 판단이 어렵습니다."", ""현재가는 52주 최저가 대비 소폭 높은 수준이지만, 52주 최고가 대비로는 상당한 하락폭을 보이고 있어 추가 하락 가능성과 반등 가능성이 공존합니다."", ""최근 1개월 수익률은 양호하나, 거래량 변화율이 높다는 점은 변동성 확대 가능성을 시사합니다.""]",0.3325020781379884,-6.317539484621778,-3.7887891764458645,-10.072123327270974
247540,에코프로비엠,2025-03-04,112700,Neutral,65,"[""최근 1개월 수익률이 -14.58%로 부진했으나, 52주 최저가 대비 현재 위치가 3.4%로 낮은 편입니다."", ""애널리스트 리포트에서 목표주가가 현재가 112,700원 대비 소폭 상승 여력을 제시하고 있으나, 업황 불확실성 및 EM 둔화 우려 등 하방 압력 요인도 공존합니다."", ""PER이 해당없음(적자)으로 재무적 턴어라운드에 대한 불확실성이 존재하며, 이는 단기적인 투자 심리에 영향을 미칠 수 있습니다.""]",5.944986690328305,-18.98846495119787,8.282492547480729,-10.674655459264002
247540,에코프로비엠,2025-04-01,91300,Sell,75,"[""최근 1개월 수익률이 -19.58%로 큰 폭의 하락세를 보이고 있으며, 이는 단기적인 하락 추세가 지속될 가능성을 시사합니다."", ""거래량 변화율 또한 -35.48%로 감소하여 투자 심리가 위축되었음을 나타냅니다."", ""현재가가 52주 최저가에 근접해 있지만, PER이 없어 적자 기업이라는 점과 PBR이 4.74로 높은 편이라는 점은 추가적인 하락 압력으로 작용할 수 있습니다.""]",3.723986856516977,11.171960569550931,9.777867268285982,6.442457758716444
247540,에코프로비엠,2025-05-02,100600,Neutral,65,"[""최근 1개월 수익률은 긍정적이나, 거래량 변화율은 하락세를 나타내고 있어 투자 심리가 혼재되어 있습니다."", ""애널리스트 리포트에서 목표주가가 현재가 대비 상승 여력을 제시하는 의견과 하락 가능성을 시사하는 의견이 혼재되어 있어 방향성 판단이 어렵습니다."", ""PER이 없어 적자 기업임을 감안할 때, PBR 5.17은 다소 높은 수준으로 추가적인 상승 동력 확보가 중요합니다.""]",-1.1928429423459244,-4.3737574552683895,-3.439629788128358,-8.99737915391673
247540,에코프로비엠,2025-06-02,91700,Neutral,60,"[""현재가 52주 최저가 대비 높은 수준이나, 52주 최고가 대비로는 상당한 하락폭을 기록하여 기술적 반등 가능성과 추가 하락 가능성이 혼재합니다."", ""최근 1개월 수익률이 -13.09%로 부진한 흐름을 보이고 있으나, 거래량 변화율이 크지 않아 추세 전환 신호로 보기 어렵습니다."", ""PER이 해당없음(적자)이고 ROE가 N/A%로 재무 건전성에 대한 긍정적인 지표가 부재하며, PBR이 4.40으로 높은 편이라 밸류에이션 부담이 존재합니다.""]",6.324972737186478,15.812431842966193,1.0944372871124974,10.064707872344634
247540,에코프로비엠,2025-07-01,103200,Buy,75,"[""최근 1개월 수익률이 13.33%로 양호하며, 거래량 변화율도 27.41%로 증가 추세를 보이고 있어 투자 심리가 개선되고 있음을 시사합니다."", ""52주 최고가 대비 현재 위치가 17.7%로, 아직 상승 여력이 남아있다고 판단됩니다."", ""최근 애널리스트 리포트에서 LIB 소재 가격 안정 및 물량 증가로 인한 턴어라운드를 언급하고 있어 긍정적인 전망을 뒷받침합니다.""]",-2.3255813953488373,10.852713178294573,-3.372668345756045,8.103950121670055
247540,에코프로비엠,2025-08-01,108000,Neutral,55,"[""현재가 52주 최고가 대비 상당한 하락폭을 보이고 있으나, PBR이 5.31로 높은 편이며 PER이 없어 적자 상태임을 감안하면 밸류에이션 부담이 존재합니다."", ""최근 1개월 수익률이 소폭 상승했으나 거래량 변화율이 마이너스인 점은 투자 심리가 강하게 살아나지 못했음을 시사합니다."", ""전반적으로 상승과 하락 요인이 혼재되어 있어 20거래일 내 KOSDAQ 시장 대비 명확한 초과 상승 또는 하락을 예측하기 어렵습니다.""]",24.074074074074073,10.833333333333334,20.529702469860098,9.565573212934378
247540,에코프로비엠,2025-09-01,119700,Neutral,65,"[""최근 1개월 수익률은 긍정적이나, 애널리스트 리포트 내 목표주가 편차가 크고 하락 의견도 존재하여 방향성 판단이 어렵습니다."", ""PER이 없어 적자 상태이며, PBR이 5.93으로 높은 편이라 밸류에이션 부담이 존재합니다."", ""기술적으로는 52주 최저가 대비 상승했으나 최고가 대비로는 아직 하락 여력이 남아있어 불확실성이 있습니다.""]",-1.5037593984962405,-5.597326649958228,-5.385371489176347,-11.641407254492234
247540,에코프로비엠,2025-10-01,116300,Neutral,55,"[""현재가 52주 최고가 대비 상당한 하락폭을 보이고 있으나, 최근 1개월 수익률 및 거래량 변화율은 하락세를 시사합니다."", ""PER이 해당없음(적자)으로 재무적 안정성에 대한 우려가 존재합니다."", ""기술적 지표상으로는 반등 가능성도 있으나, 재무 지표의 불확실성으로 인해 명확한 방향성을 판단하기 어렵습니다.""]",22.957867583834908,35.85554600171969,21.651458453018407,30.714193938506348
247540,에코프로비엠,2025-11-03,161800,Buy,75,"[""최근 1개월 수익률이 43.27%로 매우 높은 상승세를 보이고 있으며, 이는 시장의 긍정적인 관심과 매수세를 반영합니다."", ""거래량 변화율이 280.12%로 급증한 것은 투자자들의 관심이 집중되고 있으며, 추가적인 상승 동력이 될 수 있습니다."", ""현재가가 52주 최고가 대비 약 17% 하락한 수준이지만, 52주 최저가 대비로는 83.0% 높은 위치에 있어 여전히 강한 상승 추세를 유지하고 있습니다.""]",-5.067985166872682,-1.6069221260815822,-0.5027607369861036,-1.806583241809472
247540,에코프로비엠,2025-12-01,159200,Neutral,65,"[""현재가 159,200원은 52주 최고가 174,100원에 근접한 수준으로, 추가 상승 여력에 대한 의문이 제기됩니다."", ""최근 1개월 수익률이 -0.69%로 부진하며 거래량 변화율도 -65.77%로 크게 감소하여 단기적인 투자 모멘텀이 약한 것으로 판단됩니다."", ""애널리스트 리포트에서 목표주가가 현재가 대비 하락을 제시하는 의견(140,000원)과 상승을 제시하는 의견(180,000원 이상)이 혼재되어 있어 투자 방향성에 대한 불확실성이 높습니다.""]",14.384422110552764,-10.992462311557789,14.068832183580051,-12.839686628138656
196170,알테오젠,2023-01-02,36300,Neutral,55,"[""알테오젠은 현재 적자 상태로 PER 지표가 없어 가치 평가에 어려움이 있습니다."", ""PBR이 15.83으로 높은 편이며, 52주 최고가 대비 현재 위치가 31.1%로 하락폭이 큰 편입니다."", ""최근 1개월 수익률은 소폭 상승했으나 거래량 변화율은 감소하여 투자 심리가 뚜렷하게 나타나지 않고 있습니다.""]",-4.40771349862259,14.049586776859504,-7.5338709917702165,0.7641582265965283
196170,알테오젠,2023-02-01,41400,Buy,75,"[""최근 30일 내 애널리스트 리포트에서 긍정적인 전망과 함께 목표주가가 현재가 대비 상승 여력을 시사하고 있습니다."", ""바이오 플랫폼 기술의 성공 가능성과 기술 이전 기대감이 주가 상승 요인으로 작용할 수 있습니다."", ""현재 주가는 52주 최고가 대비 낮은 수준에 위치하여 추가 상승 여력이 존재합니다.""]",1.6908212560386473,-10.869565217391305,-0.9196257633958478,-15.81319734838447
196170,알테오젠,2023-03-02,36900,Neutral,55,"[""알테오젠은 현재 적자 상태로 PER 지표가 없어 기업 가치 평가에 한계가 있습니다."", ""최근 1개월 수익률이 소폭 하락했으나, 52주 내 현재 위치는 상대적으로 낮은 편이며 거래량 변화율은 긍정적인 신호일 수 있습니다."", ""기술적 지표와 재무 지표만으로는 향후 20거래일 동안 KOSDAQ 시장 대비 초과 상승 또는 하락을 명확히 판단하기 어렵습니다.""]",-3.7940379403794036,7.452574525745257,-2.0717478678488166,1.832076532175802
196170,알테오젠,2023-04-03,46000,Buy,75,"[""최근 1개월 수익률이 6.10%로 양호하며, 거래량 변화율이 47.28%로 증가하는 추세는 긍정적인 신호입니다."", ""52주 최고가 대비 현재 위치가 29.8%로, 아직 상승 여력이 남아있다고 판단됩니다."", ""적자 기업임에도 불구하고 높은 PBR(14.42)은 시장의 높은 기대감을 반영하며, 이는 향후 기술 개발 및 사업 성과에 대한 긍정적인 전망을 시사합니다.""]",10.652173913043478,-8.478260869565217,5.780385023895329,-6.844998310942757
196170,알테오젠,2023-05-02,42100,Buy,75,"[""최근 1개월 수익률이 9.84%로 양호하며, 거래량 변화율이 100.13%로 크게 증가하여 매수세 유입 가능성을 시사합니다."", ""52주 최고가 대비 현재 주가 위치가 42.3%로, 상승 여력이 남아있다고 판단됩니다."", ""최근 애널리스트 리포트에서 목표주가 70,000원을 제시하며 긍정적인 전망을 내놓았습니다.""]",5.225653206650831,23.040380047505938,7.436331828060256,20.0896459219337
196170,알테오젠,2023-06-01,51800,Buy,75,"[""최근 1개월 수익률이 21.38%로 강한 상승세를 보이고 있어 단기 모멘텀이 유지될 가능성이 높습니다."", ""현재가가 52주 최고가 대비 약 18.6% 하락한 수준으로, 추가 상승 여력이 존재한다고 판단됩니다."", ""거래량 변화율이 음수이나, 이는 최근 단기 급등에 따른 차익 실현 물량 소화 과정으로 해석될 수 있으며, 전반적인 상승 추세는 꺾이지 않았을 가능성이 있습니다.""]",-11.96911196911197,-16.89189189189189,-14.008141529280627,-19.337575369992486
196170,알테오젠,2023-07-03,41850,Buy,75,"[""최근 1개월 수익률이 마이너스이나, 52주 최고가 대비 현재 위치가 40.9%로 여전히 상승 여력이 존재합니다."", ""최근 애널리스트 리포트에서 2분기 호실적 전망과 함께 목표주가 53,000원을 제시하여 긍정적인 시그널을 보여줍니다."", ""기술료 유입이라는 구체적인 호재가 2분기 실적 개선을 뒷받침할 것으로 예상됩니다.""]",-5.4958183990442055,5.256869772998805,-4.229526264212747,-0.32402910340568436
196170,알테오젠,2023-08-01,42150,Buy,75,"[""최근 애널리스트 리포트에서 목표주가 70,000원을 제시하며 긍정적인 전망을 내놓았습니다."", ""현재가는 52주 최고가 대비 상당 부분 하락한 상태이며, 이는 추가 상승 여력을 시사할 수 있습니다."", ""최근 1개월 수익률이 소폭 상승하고 거래량 변화율도 긍정적인 모습을 보여 단기적인 매수 심리가 유입될 가능성이 있습니다.""]",12.574139976275209,7.354685646500593,12.65987687391854,5.305793631023986
196170,알테오젠,2023-09-01,43050,Buy,75,"[""알테오젠은 현재 52주 최고가 대비 약 19% 하락한 수준으로, 기술적으로는 반등 가능성이 열려 있습니다."", ""최근 1개월 수익률이 3.80%로 시장 대비 양호한 흐름을 보이고 있어 투자 심리가 긍정적일 수 있습니다."", ""거래량 변화율이 음수이나, 이는 단기적인 차익 실현 물량 소화 과정일 수 있으며, 향후 추가적인 상승 모멘텀을 기대해 볼 수 있습니다.""]",20.557491289198605,58.6527293844367,21.276626151464153,69.83359017037168
196170,알테오젠,2023-10-04,64600,Buy,75,"[""최근 1개월간 42.73%의 높은 수익률과 607.66%의 거래량 변화율은 투자자들의 높은 관심과 매수세를 시사합니다."", ""52주 최고가 대비 현재 위치가 70% 수준으로, 아직 상승 여력이 남아있을 가능성이 있습니다."", ""적자 기업임에도 불구하고 높은 PBR은 미래 성장성에 대한 시장의 기대감을 반영하며, 이는 단기적인 주가 상승 동력으로 작용할 수 있습니다.""]",-4.798761609907121,6.5015479876160995,-7.515298025976632,8.869778493720819
196170,알테오젠,2023-11-01,68200,Neutral,55,"[""알테오젠은 현재 적자 상태로 PER 지표가 없어 기업 가치 평가에 어려움이 있습니다."", ""최근 1개월 수익률이 소폭 하락하고 거래량 변화율이 크게 감소하여 단기적인 투자 심리가 위축된 것으로 보입니다."", ""52주 최고가 대비 현재 위치는 양호하나, 뚜렷한 상승 또는 하락을 지지할 만한 강력한 모멘텀 지표가 부족합니다.""]",-8.797653958944283,17.302052785923756,-12.683322402606615,9.688575222650645
196170,알테오젠,2023-12-01,78500,Buy,75,"[""알테오젠은 52주 최고가에 근접한 수준에서 거래되고 있으며, 최근 1개월 수익률이 21.11%로 강한 상승세를 보이고 있습니다."", ""적자 기업임에도 불구하고 높은 PBR(30.42)과 시가총액(4.4조원)은 시장에서 높은 성장 기대감을 반영하고 있음을 시사합니다."", ""거래량 변화율이 소폭 하락했으나, 이는 단기적인 조정일 수 있으며 전반적인 상승 추세는 유지될 가능성이 있습니다.""]",-7.388535031847134,12.738853503184714,-8.200826829269046,8.184950157459806
196170,알테오젠,2024-01-02,90500,Buy,75,"[""알테오젠은 52주 최고가 대비 현재 위치가 높아 상승 모멘텀이 유지되고 있음을 시사합니다."", ""최근 1개월 수익률이 16.41%로 양호하며, 이는 단기적으로 투자자들의 관심이 집중되고 있음을 나타냅니다."", ""거래량 변화율이 6.09%로 긍정적인 흐름을 보이며, 이는 매수세 유입 가능성을 높입니다.""]",7.513812154696133,-14.585635359116022,7.067491147777585,-6.286818281887568
196170,알테오젠,2024-02-01,76400,Neutral,60,"[""알테오젠은 현재 적자 기업으로 PER 지표가 없어 가치 평가에 어려움이 있습니다."", ""최근 1개월 수익률이 -21.11%로 하락세를 보이고 있으며, 거래량 변화율도 감소하여 투자 심리가 위축된 것으로 보입니다."", ""하지만 52주 최고가 대비 현재 위치가 59.2%로 여전히 상승 여력이 남아있으며, 바이오 섹터의 전반적인 투자 심리 회복 가능성도 배제할 수 없습니다.""]",13.350785340314136,154.18848167539267,9.622125718580396,147.3276497841841
196170,알테오젠,2024-03-04,192200,Buy,75,"[""최근 1개월 수익률이 106.93%로 매우 높은 상승세를 보이며 투자자들의 관심을 받고 있습니다."", ""거래량 변화율이 132.99%로 급증하며 강한 매수세를 시사하고 있습니다."", ""52주 최고가 대비 현재가 100% 위치는 단기적으로 과열 가능성을 시사하지만, 최근 긍정적인 계약 소식(머크와 독점 계약)이 주가 상승 모멘텀을 강화할 수 있습니다.""]",0.676378772112383,-11.550468262226847,-2.017620327579438,-14.461464718706184
196170,알테오젠,2024-04-01,170000,Buy,75,"[""최근 1개월 수익률이 16.00%로 강한 상승세를 보이고 있으며, 52주 최고가 대비 현재 위치가 81.8%로 상승 여력이 남아있습니다."", ""머크와의 파이프라인 계약에 대한 기대감이 목표주가 300,000원으로 반영되어 있어 향후 추가 상승 가능성이 높습니다."", ""거래량 변화율이 음수이나, 이는 단기적인 차익 실현 물량일 가능성이 있으며, 전반적인 상승 추세는 유지될 것으로 판단됩니다.""]",1.8823529411764703,6.352941176470588,5.500607968711547,9.057098917136141
196170,알테오젠,2024-05-02,177200,Neutral,60,"[""알테오젠은 현재 적자 상태로 PER 지표가 없어 가치 평가에 어려움이 있습니다."", ""PBR이 65.47로 매우 높아 현재 주가가 기업의 순자산 가치 대비 상당히 고평가되어 있음을 시사합니다."", ""52주 최고가 대비 현재 위치가 78.7%로 높은 편이지만, 최근 1개월 수익률이 마이너스이고 거래량 변화율도 감소하여 단기적인 상승 모멘텀이 약화된 것으로 보입니다.""]",-7.223476297968396,31.772009029345373,-5.9341822904128465,34.05368973268067
196170,알테오젠,2024-06-03,233500,Buy,75,"[""최근 1개월 수익률이 12.49%로 양호하며, 52주 최고가 대비 현재 위치가 높아 상승 모멘텀이 유지되고 있음을 시사합니다."", ""최근 애널리스트 리포트에서 목표주가 300,000원을 제시하며 긍정적인 전망을 내놓았습니다."", ""기술 이전이 기업 가치로 연결될 것이라는 분석은 향후 주가 상승에 대한 기대감을 높입니다.""]",18.201284796573873,10.706638115631693,15.265741431398435,11.858156133223673
196170,알테오젠,2024-07-01,262500,Buy,75,"[""알테오젠은 52주 최고가 대비 현재 위치가 95.2%로, 최근 강한 상승세를 이어가고 있습니다."", ""최근 1개월 수익률이 54.17%로 매우 높아 단기적인 상승 모멘텀이 강하게 작용하고 있습니다."", ""거래량 변화율이 16.69%로 증가 추세를 보이며 이는 투자자들의 관심 증가와 추가 상승 가능성을 시사합니다.""]",0.0,22.095238095238095,-3.6763022496415263,25.243772273642982
196170,알테오젠,2024-08-01,295000,Buy,75,"[""최근 1개월 수익률이 23.40%로 강한 상승세를 보이고 있으며, 52주 최고가 대비 현재 위치가 99.5%로 매우 근접해 있어 추가 상승 여력이 기대됩니다."", ""최근 애널리스트 리포트에서 산도즈 시밀러SC 계약 확대 및 테르가제 승인 완료 등 긍정적인 소식이 목표주가 상향 조정과 함께 제시되었습니다."", ""거래량 변화율이 음수(-22.13%)로 나타나 단기적인 매물 출회 가능성도 있으나, 전반적인 상승 모멘텀과 긍정적인 뉴스 플로우를 고려할 때 상승 추세가 이어질 가능성이 높습니다.""]",2.3728813559322033,9.152542372881356,4.284780038133593,10.45109369260471
196170,알테오젠,2024-09-02,325500,Buy,75,"[""알테오젠은 52주 최고가에 근접한 수준에서 거래되고 있으며, 이는 강한 상승 모멘텀을 시사합니다."", ""최근 1개월 수익률이 소폭 상승세를 보이고 있어 긍정적인 흐름을 이어갈 가능성이 있습니다."", ""거래량 변화율이 음수이나, 현재가 52주 최고가 근접이라는 강력한 기술적 지표가 상승 가능성을 높입니다.""]",-6.29800307219662,13.36405529953917,0.8261601641225349,11.01388367256809
196170,알테오젠,2024-10-02,356000,Buy,75,"[""알테오젠은 52주 최고가에 근접한 높은 가격대에서 거래되고 있으며, 이는 강한 상승 모멘텀을 시사합니다."", ""최근 1개월 수익률이 5.33%로 양호한 흐름을 보이고 있어 단기적인 상승 추세가 이어질 가능성이 있습니다."", ""거래량 변화율이 음수(-34.73%)인 점은 다소 부담 요인이지만, 현재가와 52주 최고가의 격차가 크지 않아 추가 상승 여력이 남아있다고 판단됩니다.""]",6.320224719101124,9.410112359550562,6.153770455011034,11.347744027474302
196170,알테오젠,2024-11-01,389500,Buy,75,"[""알테오젠은 52주 최고가 대비 현재 위치가 88.0%로, 상승 여력이 남아있음을 시사합니다."", ""최근 1개월 수익률이 9.02%로 양호한 흐름을 보이고 있습니다."", ""거래량 변화율이 음수이나, 이는 단기적인 조정일 수 있으며 기술적 반등 가능성을 배제할 수 없습니다.""]",14.377406931964057,-22.464698331193837,17.724531905441673,-12.089141361111087
196170,알테오젠,2024-12-02,325000,Buy,85,"[""최근 30일 내 애널리스트 리포트에서 긍정적인 목표주가 상향 및 신약 개발 성공 발표가 다수 존재합니다."", ""최근 1개월 수익률은 하락했으나, 이는 단기적인 조정일 가능성이 있으며 52주 최고가 대비 현재 위치는 여전히 상승 여력이 있음을 시사합니다."", ""거래량 변화율이 크게 증가한 것은 투자자들의 관심이 집중되고 있음을 나타내며, 이는 향후 주가 상승의 동력이 될 수 있습니다.""]",-2.1538461538461537,-2.0,2.074584651017761,-4.165605095541407
196170,알테오젠,2025-01-02,318500,Buy,75,"[""알테오젠은 현재 52주 최고가 대비 약 28.9% 하락한 수준으로, 기술적으로는 반등 가능성이 존재합니다."", ""최근 1개월 수익률이 7.14%로 양호한 흐름을 보이고 있으며, 이는 시장 대비 초과 상승 가능성을 시사합니다."", ""거래량 변화율이 음수이나, 이는 단기적인 차익 실현 물량 소화 과정으로 해석될 수 있으며, 향후 상승 여력을 남겨둘 수 있습니다.""]",-2.8257456828885403,23.076923076923077,-4.5444602600819195,18.18007428979997
196170,알테오젠,2025-02-03,374000,Buy,75,"[""최근 1개월 수익률이 16.92%로 강한 상승세를 보이고 있으며, 52주 최고가 대비 현재 위치가 75.1%로 상승 여력이 남아있습니다."", ""JP모건 리포트에서 목표주가 730,000원을 제시하며 긍정적인 전망을 내놓았습니다."", ""거래량 변화율이 감소했으나, 이는 단기적인 조정일 수 있으며 긍정적인 모멘텀을 유지할 가능성이 있습니다.""]",1.06951871657754,10.695187165775401,-3.051772538006313,6.940603323126205
196170,알테오젠,2025-03-04,414000,Buy,75,"[""알테오젠은 52주 최고가 대비 현재 위치가 87.3%로, 상승 여력이 남아있음을 시사합니다."", ""최근 1개월 수익률이 7.67%로 양호한 흐름을 보이고 있으며, 거래량 변화율도 긍정적인 신호를 보내고 있습니다."", ""적자 기업임에도 불구하고 높은 PBR과 시가총액은 시장의 높은 기대감을 반영하며, 이는 향후 주가 상승의 동력이 될 수 있습니다.""]",-12.80193236714976,-12.439613526570048,-10.464426509997336,-4.125804034636181
196170,알테오젠,2025-04-01,362500,Buy,75,"[""최근 애널리스트 리포트에서 목표주가가 현재가 대비 크게 상향 조정되었으며, 긍정적인 전망을 제시하고 있습니다."", ""52주 최고가 대비 현재 위치가 74.0%로, 상승 여력이 남아있음을 시사합니다."", ""최근 1개월 수익률은 소폭 하락했으나, 거래량 변화율이 65.23%로 크게 증가한 것은 투자자들의 관심이 높아지고 있음을 나타냅니다.""]",-4.137931034482759,-3.1724137931034484,1.9159493772862461,-7.901916603937935
196170,알테오젠,2025-05-02,356500,Buy,75,"[""애널리스트 리포트에서 제시된 높은 목표주가(730,000원)는 향후 상승 여력이 충분함을 시사합니다."", ""현재가 52주 최고가 대비 약 31.7% 하락한 수준으로, 기술적 반등 가능성이 존재합니다."", ""최근 1개월 수익률이 소폭 하락하고 거래량 변화율이 감소했으나, 이는 단기적인 조정일 수 있으며 빅파마와의 기술 협력 기대감은 여전히 유효합니다.""]",-6.03085553997195,3.3660589060308554,-8.277642385754383,-1.2575627926174855
196170,알테오젠,2025-06-02,381000,Buy,75,"[""최근 1개월 수익률이 소폭 하락했으나, 52주 최고가 대비 현재 위치가 64% 수준으로 추가 상승 여력이 존재합니다."", ""IRA 약가 인하 및 특허 이슈 관련 분석 리포트에서 제시된 730,000원의 높은 목표주가는 향후 상승 가능성을 시사합니다."", ""ROE가 22.9%로 양호한 수준이며, 이는 기업의 수익 창출 능력이 뛰어나다는 것을 보여줍니다.""]",7.742782152230972,4.4619422572178475,2.5122467021569914,-1.2857817134037122
196170,알테오젠,2025-07-01,392500,Buy,85,"[""최근 애널리스트 리포트에서 긍정적인 전망과 함께 높은 목표주가가 제시되고 있으며, 특히 엔허투SC 임상 개시 및 키트루다SC 출시/L/O 기대감이 주가 상승 모멘텀으로 작용할 가능성이 높습니다."", ""최근 1개월 수익률이 11.36%로 양호한 흐름을 보이고 있으며, 거래량 변화율도 17.93%로 긍정적인 수급 신호를 나타내고 있습니다."", ""현재 주가가 52주 최고가 대비 약 13% 하락한 수준이지만, 52주 내 위치가 61.7%로 여전히 상승 여력이 남아있으며, 재무 지표상 ROE가 22.9%로 양호한 편입니다.""]",7.898089171974522,15.031847133757962,6.851002221567315,12.283084077133443
196170,알테오젠,2025-08-01,432000,Buy,75,"[""최근 애널리스트 리포트에서 목표주가 상향 조정과 함께 긍정적인 전망이 제시되었습니다."", ""52주 최고가 대비 현재 위치가 70.2%로, 상승 여력이 남아있음을 시사합니다."", ""최근 1개월 수익률이 6.03%로 양호하며, 거래량 변화율도 16.81%로 증가 추세를 보이고 있어 투자 심리가 개선되고 있음을 나타냅니다.""]",-0.4629629629629629,7.060185185185184,-4.007334567176937,5.792425064786228
196170,알테오젠,2025-09-01,462500,Neutral,55,"[""현재가 52주 최고가 대비 높은 수준에 위치하여 단기 상승 여력이 제한적일 수 있습니다."", ""최근 1개월 수익률이 소폭 상승했으나 거래량 변화율이 감소하여 투자 심리가 위축되었을 가능성이 있습니다."", ""PER, PBR 지표가 높아 밸류에이션 부담이 존재하나, ROE가 높아 기업의 수익성은 양호한 편입니다.""]",3.027027027027027,-0.9729729729729729,-0.8545850636530794,-7.017053577506979
196170,알테오젠,2025-10-01,471500,Buy,85,"[""최근 애널리스트 리포트에서 FDA 및 CHMP 승인 권고, 글로벌 로열티 기대감 등 긍정적인 전망과 함께 높은 목표주가가 제시되었습니다."", ""52주 최고가 대비 현재 위치가 78.7%로, 상승 여력이 남아있음을 시사합니다."", ""최근 1개월 수익률은 소폭 하락했으나, 거래량 변화율이 17.33%로 증가하며 투자자들의 관심이 재조명되고 있습니다.""]",-8.377518557794273,16.01272534464475,-9.683927688610776,10.87137328143141
196170,알테오젠,2025-11-03,549000,Buy,75,"[""알테오젠은 52주 최고가에 근접하며 강한 상승 모멘텀을 보여주고 있습니다."", ""최근 1개월 수익률이 17.00%로 시장 대비 우수한 성과를 기록하고 있습니다."", ""PER, PBR 지표는 높지만 ROE가 22.9%로 양호하여 성장성을 반영하고 있을 가능성이 있습니다.""]",-7.103825136612022,-5.100182149362477,-2.5386007067254432,-5.2998432650903675
196170,알테오젠,2025-12-01,521000,Buy,85,"[""알테오젠은 최근 유럽 시판 허가를 획득하며 긍정적인 모멘텀을 확보했으며, 목표주가 상향 리포트가 존재합니다."", ""현재가 52주 최고가 대비 높은 수준(94.0%)에 위치하지만, 최근 1개월 수익률이 10.95%로 견조한 상승세를 보이고 있습니다."", ""거래량 변화율이 31.54%로 증가하며 투자자들의 관심이 집중되고 있음을 시사합니다.""]",-12.284069097888676,-12.284069097888676,-12.599659024861388,-14.131293414469543
034020,두산에너빌리티,2023-01-02,15100,Neutral,55,"[""최근 1개월 수익률이 마이너스이고 거래량 변화율도 감소하여 단기적인 하락 압력이 존재합니다."", ""현재가가 52주 최저가 대비 높은 수준이지만, 52주 최고가 대비로는 상당한 하락폭을 기록하고 있어 상승 여력과 하락 위험이 공존합니다."", ""재무 지표는 시장 평균 대비 특별히 우수하거나 열악하다고 보기 어려워 투자 방향을 명확히 제시하기 어렵습니다.""]",8.609271523178808,9.933774834437086,2.6313927844693,-1.343200664508247
034020,두산에너빌리티,2023-02-01,16600,Buy,75,"[""최근 1개월 수익률이 7.34%로 양호한 흐름을 보이고 있으며, 거래량 변화율도 14.73%로 긍정적인 신호를 나타내고 있습니다."", ""현재가는 52주 최고가 대비 약 28.7% 하락한 수준으로, 추가 상승 여력이 존재할 가능성이 있습니다."", ""PER 15.2, PBR 1.20, ROE 7.9% 등의 재무 지표는 시장 평균 대비 과도하게 고평가되었다고 보기 어렵습니다.""]",-4.337349397590361,0.7228915662650602,-4.849322437997342,2.213851029665466
034020,두산에너빌리티,2023-03-02,16720,Neutral,55,"[""현재가 16,720원은 52주 최저가 대비 상승했으나 최고가 대비로는 상당한 하락폭을 보이고 있어 추세 판단이 어렵습니다."", ""최근 1개월 수익률이 소폭 하락했고 거래량 변화율도 감소하여 단기적인 매수세가 약화된 것으로 보입니다."", ""PER, PBR, ROE 등 재무지표는 시장 평균 대비 특별히 매력적이거나 부정적인 수준은 아니어서 투자 매력도를 판단하기 어렵습니다.""]",6.997607655502393,1.674641148325359,8.538681719982446,-0.16699992286091292
034020,두산에너빌리티,2023-04-03,17280,Buy,75,"[""최근 1개월 수익률이 2.03%로 시장 대비 양호한 흐름을 보이고 있으며, 거래량 변화율이 93.09%로 크게 증가하여 투자 심리가 개선되고 있음을 시사합니다."", ""현재가가 52주 최고가 대비 약 55.6% 수준에 위치하여 상승 여력이 존재하며, 52주 최저가 대비로는 상당한 회복세를 보이고 있습니다."", ""PER이 적자 상태임에도 불구하고 PBR이 1.08로 자산 가치 대비 크게 고평가되지 않은 점은 긍정적인 요인으로 작용할 수 있습니다.""]",-1.7939814814814814,-9.895833333333332,-4.50914892688585,-10.737998855746056
034020,두산에너빌리티,2023-05-02,15570,Neutral,60,"[""현재가 52주 최저가 대비 높은 수준이나 최고가 대비로는 상당한 하락폭을 보이고 있어 방향성 판단이 어렵습니다."", ""최근 1개월 수익률이 마이너스이나 거래량 변화율은 긍정적인 신호를 보이고 있어 상반된 지표가 혼재합니다."", ""PER이 해당없음(적자)이고 ROE가 N/A%로 재무 건전성에 대한 명확한 판단 근거가 부족합니다.""]",-1.5414258188824663,5.5876685934489405,-1.1256586484978781,1.5915064442524893
034020,두산에너빌리티,2023-06-01,16440,Neutral,55,"[""현재가 52주 최고가 대비 상당한 하락폭을 보이고 있으나, 최근 1개월 수익률 및 거래량 변화율은 하락세를 시사합니다."", ""PER이 적자 상태로 재무적 턴어라운드에 대한 불확실성이 존재합니다."", ""PBR이 1.03으로 자산 가치 대비 큰 부담은 없으나, 명확한 상승 또는 하락 추세를 지지할 만한 기술적 지표가 부족합니다.""]",12.165450121654501,10.097323600973237,11.089474478144961,10.054653612966975
034020,두산에너빌리티,2023-07-03,17920,Buy,75,"[""최근 1개월 수익률이 11.73%로 양호하며, 거래량 변화율이 110.19%로 크게 증가하여 투자 심리가 개선되고 있음을 시사합니다."", ""현재가가 52주 최고가 대비 약 20.8% 하락한 수준으로, 추가 상승 여력이 존재할 가능성이 있습니다."", ""PBR이 1.15로 자산 가치 대비 크게 고평가되지 않은 상태이며, PER이 적자임에도 불구하고 시장에서 긍정적인 평가를 받고 있음을 알 수 있습니다.""]",5.189732142857143,-2.34375,6.378174712391837,-5.187991529165438
034020,두산에너빌리티,2023-08-01,17690,Neutral,55,"[""현재 PER이 적자 상태로 재무적 턴어라운드에 대한 불확실성이 존재합니다."", ""52주 최고가 대비 현재 위치가 중간 수준이며, 최근 1개월 수익률과 거래량 변화율이 하락세를 나타내고 있습니다."", ""하지만 PBR이 1.11로 자산 가치 대비 크게 고평가되지 않은 점과 52주 최저가 대비 상승 여력이 있다는 점은 긍정적 요인으로 작용할 수 있습니다.""]",-3.900508762012436,2.996042962125495,-3.466718196861683,5.296852831911879
034020,두산에너빌리티,2023-09-01,17190,Neutral,55,"[""현재가 52주 최고가 대비 하락한 위치에 있으나, 52주 최저가 대비로는 중간 지점에 있어 명확한 추세 판단이 어렵습니다."", ""최근 1개월 수익률이 소폭 하락했고 거래량 변화율도 감소하여 단기적인 매수세가 약화된 것으로 보입니다."", ""PER이 적자 상태로 재무적 매력도가 낮고, PBR은 1배를 소폭 상회하여 밸류에이션 부담이 크지 않으나 뚜렷한 상승 동력도 부족합니다.""]",0.17452006980802792,-10.180337405468295,1.2451126294412358,-3.377605788745842
034020,두산에너빌리티,2023-10-04,15530,Neutral,55,"[""현재가 15,530원은 52주 최고가 19,300원 대비 하락한 수준이지만, 최저가 12,600원 대비로는 상승한 52주 내 중간 지점에 위치하고 있습니다."", ""최근 1개월 수익률이 -11.15%로 하락세를 보이고 있으나, 거래량 변화율이 11.28%로 소폭 증가하며 투자 심리 변화 가능성을 시사합니다."", ""PER이 '해당없음(적자)'으로 재무 건전성에 대한 우려가 존재하며, ROE 정보가 없어 기업의 수익 창출 능력 판단이 어렵습니다.""]",-6.439150032195751,-9.980682549903412,-8.625453909712816,-8.513716332562765
034020,두산에너빌리티,2023-11-01,13910,Neutral,55,"[""현재가 52주 최저가에 근접해 있어 하방 경직성이 기대되나, 최근 1개월 수익률이 크게 하락하고 거래량 변화율도 부정적인 점은 하락 압력으로 작용할 수 있습니다."", ""PER이 없어 적자 상태임을 감안할 때, 재무적 턴어라운드에 대한 명확한 신호가 부족합니다."", ""PBR이 1 미만으로 자산 가치 대비 저평가 가능성도 있으나, 기술적 지표와 재무 상태를 종합적으로 고려할 때 20거래일 내 KOSPI 대비 명확한 초과 상승 또는 하락을 예측하기 어렵습니다.""]",1.4378145219266714,13.587347232207044,-2.1454419907572735,5.385889346994162
034020,두산에너빌리티,2023-12-01,15610,Buy,75,"[""최근 1개월 수익률이 9.78%로 긍정적인 흐름을 보이고 있으며, 52주 최고가 대비 현재 위치가 31.5%로 상승 여력이 남아있습니다."", ""애널리스트 리포트에서 정책 모멘텀에 대비할 시점이라는 긍정적인 전망과 함께 목표주가 23,000원을 제시하고 있어 향후 상승 가능성을 시사합니다."", ""PBR 0.97로 자산 가치 대비 저평가된 측면이 있으며, 적자 상태임에도 불구하고 시가총액이 9.8조원에 달하는 것은 시장의 기대감이 반영된 것으로 볼 수 있습니다.""]",-0.6406149903907752,-0.25624599615631005,-1.0545397205047062,-3.1219093294233797
034020,두산에너빌리티,2024-01-02,15600,Neutral,55,"[""현재가 15,600원은 52주 최고가 19,300원 대비 하락한 수준이지만, 최저가 13,420원 대비로는 상승한 중간 지점에 위치하여 명확한 방향성을 제시하기 어렵습니다."", ""최근 1개월 수익률 6.24%는 긍정적인 신호일 수 있으나, 거래량 변화율 0.18%는 큰 변동성을 동반하지 않아 추세 강화 여부를 판단하기 어렵습니다."", ""PER이 '해당없음(적자)'으로 재무 건전성에 대한 우려가 존재하며, PBR 1.02는 자산 가치 대비 소폭 프리미엄을 받고 있음을 시사하지만, 적자 기업임을 감안할 때 추가적인 상승 동력은 제한적일 수 있습니다.""]",-2.628205128205128,-1.0256410256410255,-0.12255754506388605,3.201704399337201
034020,두산에너빌리티,2024-02-01,16000,Neutral,55,"[""현재가 16,000원은 52주 최고가 대비 약 17% 하락한 수준으로, 추가 하락보다는 반등 가능성을 시사합니다."", ""PBR 0.98은 현재 주가가 장부가치와 유사한 수준임을 나타내며, 이는 과도한 고평가 또는 저평가 상태가 아님을 의미합니다."", ""최근 1개월 수익률이 마이너스이고 거래량 변화율도 감소했으나, 적자 기업으로 PER 지표가 없고 ROE가 산출되지 않아 명확한 투자 방향을 설정하기 어렵습니다.""]",-2.375,-2.3125,-3.6876550963365693,-3.3135285587559347
034020,두산에너빌리티,2024-03-04,15460,Buy,75,"[""최근 1개월 수익률이 4.92%로 양호하며, 거래량 변화율도 39.06%로 증가하는 추세를 보이고 있습니다."", ""애널리스트 리포트에서 점진적인 수익성 개선과 함께 목표주가 23,000원을 제시하며 긍정적인 전망을 내놓았습니다."", ""현재가는 52주 최고가 대비 약 20% 하락한 수준으로, 기술적 반등 가능성이 존재합니다.""]",10.155239327296249,8.538163001293661,8.931943486728578,4.621804580519155
034020,두산에너빌리티,2024-04-01,16780,Buy,75,"[""최근 1개월 수익률이 6.34%로 양호하며, 거래량 변화율이 154.92%로 크게 증가하여 투자 심리가 개선되고 있음을 시사합니다."", ""현재 주가가 52주 최고가 대비 약 12.7% 하락한 수준으로, 추가 상승 여력이 존재할 가능성이 있습니다."", ""PER이 198.5로 다소 높지만, PBR이 1.02로 낮아 자산 가치 대비 저평가된 측면도 고려할 수 있습니다.""]",-3.158522050059595,-1.66865315852205,-1.4150708884852585,0.8560820548327772
034020,두산에너빌리티,2024-05-02,16550,Neutral,55,"[""현재가(16,550원)는 52주 최고가(19,280원) 대비 하락한 수준이지만, 최저가(13,420원) 대비로는 상승한 52주 내 위치(52.6%)에 있어 방향성을 명확히 판단하기 어렵습니다."", ""최근 1개월 수익률(-4.46%)과 거래량 변화율(-52.33%)이 모두 하락세를 나타내고 있어 단기적인 하락 압력이 존재합니다."", ""PER(189.7)이 매우 높은 수준으로 밸류에이션 부담이 존재하나, PBR(0.97)은 1배수 이하로 저평가 가능성도 동시에 내포하고 있어 투자 판단에 혼란을 야기합니다.""]",6.948640483383686,16.012084592145015,5.058950836327503,16.554931380830794
034020,두산에너빌리티,2024-06-03,19200,Buy,75,"[""최근 1개월 수익률이 23.51%로 강한 상승세를 보이고 있으며, 52주 최고가 대비 현재 위치가 87.5%로 상승 여력이 남아있습니다."", ""거래량 변화율이 275.13%로 급증하며 투자자들의 관심이 집중되고 있음을 시사합니다."", ""PER이 다소 높지만, PBR과 ROE 지표는 현재 주가가 과대평가되었다고 보기 어렵습니다.""]",4.166666666666666,0.3125,1.6847914553673093,-4.642610626948661
034020,두산에너빌리티,2024-07-01,19330,Neutral,55,"[""현재가 52주 최고가 대비 하락한 위치에 있으나, 52주 최저가 대비로는 높은 수준을 유지하고 있어 상승 및 하락 요인이 혼재합니다."", ""최근 1개월 수익률이 마이너스이고 거래량 변화율도 감소하는 등 단기적인 하락 추세가 관찰되지만, 이는 일시적인 조정일 가능성도 배제할 수 없습니다."", ""PER, PBR, ROE 등 재무지표는 현재 주가 수준에 대한 명확한 판단을 내리기 어렵게 만들며, 향후 20거래일 동안 시장 전반의 흐름과 개별적인 모멘텀에 따라 변동성이 나타날 수 있습니다.""]",15.106052767718573,-3.983445421624418,11.994785030399903,-2.4490280111830414
034020,두산에너빌리티,2024-08-01,17690,Buy,75,"[""최근 애널리스트 리포트에서 대형 원전 수주 및 글로벌 원전 시장 공략에 따른 장기 실적 개선 가능성을 긍정적으로 평가하며 목표주가를 상향 조정하고 있습니다."", ""현재가는 52주 최고가 대비 약 20% 하락한 수준으로, 기술적으로는 반등 가능성이 존재합니다."", ""최근 1개월 수익률은 소폭 하락했으나, 거래량 변화율이 100% 이상으로 크게 증가한 점은 투자자들의 관심이 높아지고 있음을 시사합니다.""]",0.0,1.1305822498586773,3.279288839731118,0.9508491217922864
034020,두산에너빌리티,2024-09-02,17650,Neutral,55,"[""현재가 17,650원은 52주 최고가 대비 약 20% 하락한 수준으로, 추가 하락보다는 반등 가능성을 시사합니다."", ""최근 1개월 수익률이 마이너스이고 거래량 변화율이 크게 감소한 점은 단기적인 투자 심리 위축을 나타내지만, 52주 내 현재 위치가 중간 수준에 있어 명확한 추세 판단이 어렵습니다."", ""PER, PBR, ROE 등 재무 지표가 현재 주가 수준을 뒷받침할 만큼 강한 매수 신호를 보내고 있지는 않아, 뚜렷한 상승 또는 하락 방향을 단정하기 어렵습니다.""]",-6.175637393767705,4.079320113314448,-0.8765902465089761,6.716459228313528
034020,두산에너빌리티,2024-10-02,17410,Neutral,60,"[""PER, PBR, ROE 등 재무 지표상 현재 주가가 고평가되었을 가능성을 시사하나, 52주 내 현재 위치는 중간 수준으로 추가 상승 여력도 존재합니다."", ""최근 1개월 수익률이 마이너스이고 거래량 변화율도 감소하여 단기적인 투자 심리가 위축되었음을 보여줍니다."", ""최근 애널리스트 리포트에서 목표주가 26,000원을 제시하며 긍정적인 전망을 내놓았으나, 이는 20거래일이라는 단기적인 관점에서는 불확실성이 존재합니다.""]",6.0884549109707065,14.876507754164273,4.003394729082481,14.127006837718458
034020,두산에너빌리티,2024-11-01,20000,Buy,75,"[""최근 1개월 수익률이 11.56%로 양호하며, 52주 최고가 대비 현재 위치가 74.3%로 상승 여력이 남아있습니다."", ""최근 30일 내 애널리스트 리포트에서 목표주가 25,000원을 제시하며 긍정적인 전망을 내놓았습니다."", ""거래량 변화율이 188.26%로 크게 증가하여 투자자들의 관심이 집중되고 있으며, 이는 단기적인 상승 모멘텀으로 작용할 수 있습니다.""]",4.5,3.5000000000000004,6.7136216333136325,8.694729950520856
034020,두산에너빌리티,2024-12-02,21150,Buy,75,"[""최근 1개월 수익률이 3.60%로 양호한 흐름을 보이고 있으며, 52주 최고가 대비 현재 위치가 78.5%로 상승 여력이 남아있습니다."", ""글로벌 원전 시장의 성장 수혜가 예상되는 애널리스트 리포트가 긍정적인 투자 심리를 자극할 수 있습니다."", ""PER, PBR 지표는 다소 높은 편이나, ROE가 낮은 점은 향후 실적 개선 가능성에 대한 기대감을 반영할 수 있습니다.""]",-18.77068557919622,-13.947990543735225,-15.480417189931797,-11.62088362801186
034020,두산에너빌리티,2025-01-02,18200,Neutral,55,"[""최근 1개월 수익률이 -14.61%로 하락세를 보이고 있으며, 거래량 변화율 또한 감소하여 단기적인 매도 압력이 존재합니다."", ""현재가는 52주 최고가 대비 약 18.5% 하락한 수준으로, 기술적으로는 반등 가능성을 열어두고 있으나 뚜렷한 상승 모멘텀은 부족합니다."", ""재무지표 상 PER이 매우 높아 밸류에이션 부담이 존재하며, ROE가 낮은 점은 수익성 측면에서 아쉬운 부분입니다.""]",9.89010989010989,31.868131868131865,6.865440777280636,27.984712263886028
034020,두산에너빌리티,2025-02-03,24400,Buy,75,"[""최근 1개월 수익률이 30.74%로 강한 상승세를 보이고 있으며, 52주 최고가에 근접한 87.0% 위치에 있어 추가 상승 여력이 있습니다."", ""최근 애널리스트 리포트에서 목표주가 36,000원을 제시하며 긍정적인 전망을 내놓았습니다."", ""거래량 변화율이 29.15%로 증가하며 투자자들의 관심이 높아지고 있음을 시사합니다.""]",-3.483606557377049,10.245901639344263,-5.794934724875815,7.165742554204698
034020,두산에너빌리티,2025-03-04,26900,Buy,75,"[""최근 애널리스트 리포트에서 긍정적인 실적 전망과 함께 높은 목표주가가 제시되었습니다."", ""현재 주가가 52주 최고가 대비 약 11% 하락한 수준으로, 상승 여력이 존재합니다."", ""최근 1개월 수익률이 6.69%로 양호하며, 거래량 변화율도 45.51%로 증가하는 추세를 보이고 있습니다.""]",-2.41635687732342,-10.966542750929369,-3.068786581834139,-8.92325331685057
034020,두산에너빌리티,2025-04-01,23950,Neutral,55,"[""현재가(23,950원)는 52주 최고가(30,300원) 대비 하락했으나, 52주 최저가(14,320원) 대비로는 상당한 상승 여력을 보여주고 있습니다."", ""최근 1개월 수익률(-6.10%)과 거래량 변화율(-40.81%)은 단기적인 하락 추세를 시사하지만, 이는 일시적인 조정일 가능성도 배제할 수 없습니다."", ""PER(137.1)과 ROE(1.0%)는 다소 높은 편으로 밸류에이션 부담이 존재하나, PBR(1.31)은 상대적으로 양호한 수준이며 시가총액(15.3조원)은 큰 규모를 유지하고 있어 시장의 관심이 지속될 수 있습니다.""]",-15.866388308977037,20.876826722338205,-7.399833912482409,18.851573914918795
034020,두산에너빌리티,2025-05-02,27300,Buy,75,"[""최근 1개월 수익률이 15.66%로 강한 상승세를 보이고 있으며, 52주 최고가 대비 현재 위치가 높아 추가 상승 여력이 있습니다."", ""애널리스트 리포트에서 1분기 실적 개선 기대감과 함께 목표주가 40,000원을 제시하며 긍정적인 전망을 내놓았습니다."", ""거래량 변화율이 감소하고 있으나, 이는 단기적인 조정일 수 있으며 전반적인 상승 추세는 유지될 가능성이 있습니다.""]",14.652014652014653,68.13186813186813,12.057795987005719,58.875127126350996
034020,두산에너빌리티,2025-06-02,42650,Buy,75,"[""최근 1개월 수익률이 41.70%로 매우 높으며, 52주 최고가에 근접한 94.7% 위치에 있어 상승 모멘텀이 강하게 나타나고 있습니다."", ""최근 애널리스트 리포트에서 2H25 가스터빈/원자력 수주 분출 가능성과 원전 관련 수주 가시성을 언급하며 긍정적인 전망을 제시하고 있습니다."", ""거래량 변화율이 137.83%로 크게 증가하여 투자자들의 관심이 집중되고 있으며, 이는 향후 주가 상승에 긍정적인 영향을 줄 수 있습니다.""]",28.01875732708089,45.1348182883939,22.634469529878597,32.66820166671961
034020,두산에너빌리티,2025-07-01,61600,Buy,75,"[""최근 1개월 수익률이 48.10%로 매우 강한 상승세를 보이고 있으며, 52주 최고가 대비 현재 위치가 87.9%로 상승 여력이 남아있습니다."", ""거래량 변화율이 12.30%로 긍정적인 흐름을 나타내고 있어 추가적인 상승 동력이 기대됩니다."", ""PER, PBR, ROE 등 일부 재무 지표는 고평가 논란의 여지가 있으나, 기술적 지표와 최근 시장 모멘텀을 고려할 때 단기적인 상승 추세가 지속될 가능성이 높습니다.""]",4.545454545454546,3.4090909090909087,2.637199096780379,-2.42526679449861
034020,두산에너빌리티,2025-08-01,64300,Buy,75,"[""최근 애널리스트 리포트에서 제시된 목표주가들이 현재가 대비 상당한 상승 여력을 시사하고 있습니다."", ""52주 최고가 대비 현재 위치가 높아 단기적인 상승 모멘텀이 약화될 수 있으나, 전반적인 상승 추세는 유지되고 있습니다."", ""최근 1개월 수익률이 소폭 하락했으나, 이는 일시적인 조정일 가능성이 있으며 향후 실적 개선 전망이 긍정적입니다.""]",7.931570762052877,-6.065318818040436,6.056580689779031,-6.846829420851965
034020,두산에너빌리티,2025-09-01,60400,Buy,75,"[""최근 1개월 수익률은 하락했으나, 52주 최고가 대비 현재 위치가 높아 추가 상승 여력이 존재합니다."", ""애널리스트 리포트에서 우호적인 환경 변화와 수주 증가를 언급하며 긍정적인 전망을 제시하고 있습니다."", ""목표주가 100,000원은 현재가 대비 상당한 상승 여력을 시사합니다.""]",2.980132450331126,3.80794701986755,0.21562033785929025,-4.14357157045193
034020,두산에너빌리티,2025-10-01,64800,Buy,75,"[""현재가가 52주 최고가에 근접해 있으며, 최근 1개월 수익률이 긍정적인 점은 상승 모멘텀을 시사합니다."", ""거래량 변화율이 음수이지만, 이는 단기적인 차익 실현 물량 소화 과정일 수 있으며, 전반적인 시장 상황 및 업종 전망에 따라 추가 상승 여력이 있습니다."", ""PER, PBR 지표는 다소 높은 편이나, 이는 성장 기대감 또는 시장의 긍정적인 평가를 반영하는 것일 수 있으며, 향후 실적 개선 가능성을 고려해야 합니다.""]",29.166666666666668,22.376543209876544,23.555277089831264,8.930170636825082
034020,두산에너빌리티,2025-11-03,89500,Buy,75,"[""최근 1개월간 41.84%의 높은 수익률과 50.47%의 거래량 변화율은 강한 매수세를 시사합니다."", ""52주 최고가 대비 현재 위치가 91.3%로, 상승 여력이 남아있음을 보여줍니다."", ""애널리스트 리포트에서 원전 및 가스터빈 투트랙 성장 기대와 함께 목표주가 100,000원을 제시하며 긍정적인 전망을 내놓고 있습니다.""]",-12.625698324022347,-16.201117318435752,-12.253282790776693,-13.124504043459652
034020,두산에너빌리티,2025-12-01,75000,Buy,75,"[""최근 30일 내 애널리스트 리포트에서 제시된 목표주가 평균이 현재가 대비 상당한 상승 여력을 시사합니다."", ""52주 최고가 대비 현재 위치가 72.9%로, 과거 고점 대비 상승 여력이 남아있음을 보여줍니다."", ""최근 1개월 수익률이 마이너스(-)를 기록하며 단기 조정을 거쳤으나, 이는 향후 반등의 기회가 될 수 있습니다.""]",2.2666666666666666,0.26666666666666666,-1.4535487063186006,-7.610818045205638
