ticker,name,signal_date,price,signal,confidence,reasons
005930,삼성전자,2023-01-02,55400,Neutral,60,"[""현재가 52주 최저가에 근접하며 기술적 반등 가능성이 있으나, 최근 1개월 수익률 하락 및 거래량 감소는 하방 압력을 시사합니다."", ""PER, PBR 등 재무지표는 시장 대비 저평가 가능성을 보여주지만, ROE는 시장 평균 수준으로 특별한 강점을 나타내지 않습니다."", ""삼성전자는 대형주로서 시장 전체의 흐름에 큰 영향을 받으며, 단기 20거래일 내 명확한 상승 또는 하락 추세를 판단하기에는 정보가 불충분합니다.""]"
005930,삼성전자,2023-02-01,63500,Buy,75,"[""최근 1개월 수익률이 11.75%로 양호하며, 거래량 변화율도 47.34%로 증가 추세를 보이고 있어 투자 심리가 개선되고 있음을 시사합니다."", ""현재가(63,500원)가 52주 최저가(52,600원) 대비 상승 여력이 있으며, 52주 최고가(75,400원) 대비로는 아직 하락폭이 남아있어 추가 상승 가능성을 열어둡니다."", ""PER 10.7, PBR 1.18, ROE 11.0% 등 재무 지표는 시장 평균 대비 과도하게 고평가되었다고 보기 어려워, 기술적 반등 및 시장 강세 시 추가 상승을 기대할 수 있습니다.""]"
005930,삼성전자,2023-03-02,60500,Neutral,65,"[""삼성전자의 현재가는 52주 최고가 대비 상당한 하락폭을 보이고 있으나, PBR 1.17은 시장에서 기업 가치를 과대평가하고 있지 않음을 시사합니다."", ""최근 1개월 수익률이 소폭 하락하고 거래량 변화율이 감소한 점은 단기적인 투자 심리 위축을 나타낼 수 있습니다."", ""PER 10.5와 ROE 11.1%는 재무적으로 안정적인 수준이나, 향후 20거래일 동안 KOSPI 시장 대비 초과 상승 또는 하락을 명확히 판단할 만큼 강력한 상승/하락 모멘텀을 보여주지는 못하고 있습니다.""]"
005930,삼성전자,2023-04-03,63600,Neutral,55,"[""삼성전자의 현재가(63,600원)는 52주 최고가(69,900원) 대비 약 9% 하락한 수준으로, 추가 상승 여력과 하락 위험이 공존합니다."", ""최근 1개월 수익률(4.30%)과 거래량 변화율(3.55%)은 긍정적인 신호를 보내고 있으나, 20거래일이라는 단기적인 관점에서 KOSPI 시장 수익률 대비 초과 상승을 확신하기에는 근거가 다소 제한적입니다."", ""PER(7.8), PBR(1.04), ROE(13.3%) 등 재무 지표는 시장 평균 대비 양호한 수준으로 평가되지만, 이는 장기적인 관점에서 긍정적인 요소이며 단기적인 주가 방향성을 명확히 제시하지는 않습니다.""]"
005930,삼성전자,2023-05-02,65400,Buy,75,"[""삼성전자는 현재 52주 최고가 대비 약 4.5% 하락한 수준으로, 기술적으로 추가 상승 여력이 존재합니다."", ""최근 1개월 수익률이 2.66%로 양호하며, 거래량 변화율이 18.24%로 증가하는 추세는 매수 심리 개선을 시사합니다."", ""PER 8.2, PBR 1.08은 시장 평균 대비 저평가 가능성을 내포하며, ROE 13.2%는 견조한 수익성을 보여줍니다.""]"
005930,삼성전자,2023-06-01,72200,Neutral,60,"[""현재가 52주 최고가에 근접하여 추가 상승 여력이 제한적일 수 있습니다."", ""최근 1개월 수익률은 긍정적이나 거래량 변화율이 감소하는 추세는 단기적인 매수세 약화를 시사합니다."", ""PER, PBR 등 재무 지표는 시장 평균 대비 매력적인 수준이나, 단기적인 시장 방향성을 판단하기에는 기술적 지표의 불확실성이 존재합니다.""]"
005930,삼성전자,2023-07-03,73000,Neutral,60,"[""현재가가 52주 최고가에 도달하여 추가 상승 여력이 제한적일 수 있습니다."", ""최근 1개월 수익률은 긍정적이나, 거래량 변화율이 감소하는 추세는 매수세 약화를 시사할 수 있습니다."", ""삼성전자의 재무 지표는 안정적이나, 단기 20거래일 내 KOSPI 시장 수익률 대비 초과 상승 또는 하락을 명확히 판단할 만한 강력한 기술적 지표가 부족합니다.""]"
005930,삼성전자,2023-08-01,69900,Neutral,60,"[""삼성전자는 현재 52주 최고가 대비 낮은 수준에 위치하며, 최근 1개월 수익률은 하락세를 보이고 있어 단기적인 하락 압력이 존재합니다."", ""하지만 PER, PBR 등 재무 지표는 여전히 매력적인 수준이며, ROE 또한 양호하여 장기적인 관점에서는 긍정적인 요인으로 작용할 수 있습니다."", ""최근 거래량 변화율이 긍정적인 신호를 보이고 있으나, 시장 전반의 불확실성과 반도체 업황에 대한 전망이 엇갈리는 점을 고려할 때 20거래일 내 명확한 방향성을 판단하기에는 정보가 다소 불충분합니다.""]"
005930,삼성전자,2023-09-01,71200,Neutral,60,"[""삼성전자는 현재 52주 최고가에 근접한 수준으로 추가 상승 여력이 제한적일 수 있습니다."", ""최근 1개월 수익률은 소폭 상승했으나 거래량 변화율이 감소하여 상승 동력이 약화된 것으로 보입니다."", ""PER, PBR, ROE 등 재무 지표는 양호한 편이나, 단기적인 시장 변동성과 거시 경제 불확실성을 고려할 때 명확한 방향성을 제시하기 어렵습니다.""]"
005930,삼성전자,2023-10-04,66700,Neutral,60,"[""삼성전자의 현재가(66,700원)는 52주 최고가(73,400원) 대비 하락한 수준이지만, 52주 최저가(52,600원) 대비로는 상당한 상승 여력을 보여줍니다."", ""최근 1개월 수익률이 0.60%로 소폭 상승했으나, 거래량 변화율이 32.09%로 크게 증가한 점은 향후 주가 변동성에 대한 신호를 줄 수 있습니다."", ""PER, PBR, ROE 등 재무 지표는 안정적인 수준을 나타내지만, 단기적인 시장 흐름이나 거시 경제 변수에 대한 정보가 부족하여 명확한 매수 또는 매도 신호를 판단하기 어렵습니다.""]"
005930,삼성전자,2023-11-01,69700,Neutral,60,"[""삼성전자의 현재가는 52주 최고가 대비 하락한 수준이지만, 52주 최저가 대비로는 상당한 상승 여력을 보여주고 있습니다."", ""PER, PBR, ROE 등 재무 지표는 시장 평균 대비 양호한 수준으로 평가되나, 최근 1개월 수익률이 0%로 뚜렷한 상승 동력이 보이지 않습니다."", ""거래량 변화율이 크지 않고, 최근 시장 전반의 불확실성으로 인해 단기적인 방향성을 명확히 판단하기 어렵습니다.""]"
005930,삼성전자,2023-12-01,72600,Neutral,60,"[""삼성전자는 52주 최고가에 근접한 수준으로 추가 상승 여력이 제한적일 수 있습니다."", ""최근 1개월 수익률은 긍정적이나, 거래량 변화율이 감소하고 있어 매수세가 약화될 가능성이 있습니다."", ""PER, PBR 등 재무지표는 현재 시장에서 저평가된 수준은 아니지만, ROE는 양호한 편으로 뚜렷한 매수 또는 매도 신호를 보내기에는 정보가 불충분합니다.""]"
005930,삼성전자,2024-01-02,77000,Buy,75,"[""삼성전자는 52주 최고가에 근접한 수준에서 거래되고 있으며, 최근 1개월 수익률이 9.49%로 양호한 상승세를 보이고 있습니다."", ""거래량 변화율이 11.79%로 증가 추세를 나타내고 있어 투자 심리가 긍정적으로 작용할 가능성이 있습니다."", ""PER 9.9배는 시장 평균 대비 저평가된 수준으로 볼 수 있으며, PBR 1.31배 또한 자산 가치 대비 매력적인 수준입니다.""]"
005930,삼성전자,2024-02-01,75200,Neutral,60,"[""삼성전자의 현재가(75,200원)는 52주 최고가(79,600원) 대비 약 5.5% 하락한 수준으로, 단기적인 하락 압력이 존재할 수 있습니다."", ""최근 1개월 수익률이 -4.42%로 부진한 모습을 보였으나, 거래량 변화율이 25.71%로 증가한 점은 투자자들의 관심이 다시 높아지고 있음을 시사합니다."", ""PER(9.1), PBR(1.21), ROE(13.2%) 등 재무 지표는 시장 평균 대비 양호한 수준으로 밸류에이션 매력이 존재하나, 향후 20거래일 내 KOSPI 시장 전체의 방향성에 대한 명확한 신호가 부족합니다.""]"
005930,삼성전자,2024-03-04,73700,Neutral,60,"[""삼성전자의 현재가는 52주 최고가 대비 약 7.4% 하락한 수준으로, 추가 상승 여력과 하락 위험이 공존합니다."", ""최근 1개월 수익률은 소폭 상승했으나 거래량 변화율은 하락하여 투자 심리가 명확하게 형성되지 않았습니다."", ""PER, PBR, ROE 등 재무 지표는 안정적인 수준이나, 단기적인 시장 흐름을 예측하기에는 기술적 지표의 불확실성이 존재합니다.""]"
005930,삼성전자,2024-04-01,85000,Buy,75,"[""현재가 85,000원이 52주 최고가 82,400원을 상회하며 강한 상승 추세를 보이고 있습니다."", ""최근 1개월 수익률 11.72%와 거래량 변화율 38.21%는 투자자들의 관심이 집중되고 있음을 시사합니다."", ""PER 38.5는 다소 높은 편이나, PBR 1.32와 ROE 3.4%는 시장 평균 대비 과도한 고평가 상태는 아님을 나타냅니다.""]"
005930,삼성전자,2024-05-02,77600,Neutral,55,"[""현재가 77,600원은 52주 최고가 85,300원 대비 하락한 위치에 있어 추가 하락 가능성과 반등 가능성이 공존합니다."", ""최근 1개월 수익률이 -4.88%로 부진하고 거래량 변화율도 마이너스인 점은 단기적인 매도 압력을 시사합니다."", ""PER 36.6배는 다소 높은 수준으로 밸류에이션 부담이 존재하나, PBR 1.25배와 ROE 3.4%는 시장 평균 대비 특별히 고평가 또는 저평가되었다고 보기 어렵습니다.""]"
005930,삼성전자,2024-06-03,75300,Neutral,55,"[""현재가 75,300원은 52주 최고가 대비 약 12% 하락한 수준으로, 추가 하락보다는 반등 가능성을 시사합니다."", ""최근 1개월 수익률이 -2.32%로 소폭 하락했으나, 거래량 변화율 또한 -6.31%로 큰 변동성을 보이지 않아 추세 전환 신호가 명확하지 않습니다."", ""PER 35.5, PBR 1.22, ROE 3.4% 등의 재무 지표는 현재 주가가 고평가 또는 저평가되었다고 단정하기 어렵고, 시장 평균 대비 우위를 점하기 위한 명확한 근거가 부족합니다.""]"
005930,삼성전자,2024-07-01,81800,Neutral,60,"[""최근 1개월 수익률이 11.29%로 양호한 흐름을 보였으나, 거래량 변화율이 -13.74%로 감소하는 추세는 매수세 약화를 시사합니다."", ""현재가(81,800원)가 52주 최고가(85,300원)에 근접해 있어 추가 상승 여력이 제한적일 수 있습니다."", ""PER(38.4) 및 PBR(1.31) 지표는 시장 평균 대비 높은 수준으로 밸류에이션 부담이 존재하며, ROE(3.4%)는 낮은 편입니다.""]"
005930,삼성전자,2024-08-01,79600,Neutral,55,"[""현재가 79,600원은 52주 최고가 87,800원 대비 하락한 수준이지만, 52주 최저가 66,000원 대비로는 상승한 위치에 있어 방향성 판단이 모호합니다."", ""최근 1개월 수익률 1.59%와 거래량 변화율 9.73%는 긍정적인 신호로 볼 수 있으나, KOSPI 시장 전체의 움직임에 대한 정보가 없어 삼성전자만의 초과 상승/하락을 예측하기 어렵습니다."", ""PER 39.0, PBR 1.34, ROE 3.4%와 같은 재무 지표는 현재 시장에서 삼성전자가 고평가 또는 저평가되었다고 단정하기 어려운 수준이며, 이는 투자 방향 판단에 불확실성을 더합니다.""]"
005930,삼성전자,2024-09-02,72500,Neutral,60,"[""최근 1개월 수익률이 -10.47%로 하락세를 보이고 있으며, 거래량 변화율 또한 감소하여 단기적인 매도 압력이 존재합니다."", ""현재가는 52주 최고가 대비 약 17.4% 하락한 수준으로, 기술적으로는 반등 가능성을 내포하고 있습니다."", ""PER, PBR, ROE 등 재무지표는 현재 시장 상황에서 삼성전자의 가치를 명확하게 판단하기에 다소 긍정적이지도, 부정적이지도 않은 중립적인 수준입니다.""]"
005930,삼성전자,2024-10-02,60600,Neutral,55,"[""최근 1개월 수익률이 -19.76%로 크게 하락했으나, 52주 최저가에 근접한 현재가와 거래량 변화율 증가는 반등 가능성을 시사합니다."", ""PER 28.8, PBR 0.99, ROE 3.4% 등 재무 지표는 현재 주가가 고평가 또는 저평가되었다고 단정하기 어려운 수준입니다."", ""향후 20거래일 동안 삼성전자의 주가 방향을 결정할 만한 명확한 상승 또는 하락 모멘텀을 판단하기에 정보가 다소 부족합니다.""]"
005930,삼성전자,2024-11-01,58700,Neutral,55,"[""현재가 58,700원은 52주 최저가 55,900원에 근접하여 하방 경직성을 기대할 수 있으나, 52주 최고가 87,800원 대비 큰 폭으로 하락한 상태입니다."", ""최근 1개월 수익률 -5.20%와 거래량 변화율 -5.98%는 단기적으로 부정적인 흐름을 시사합니다."", ""PER 27.4, PBR 0.94, ROE 3.4% 등 재무 지표는 현재 주가 수준에서 밸류에이션 매력이 크다고 보기는 어렵습니다.""]"
005930,삼성전자,2024-12-02,53600,Neutral,55,"[""현재가 52주 최저가 대비 높은 수준이나 최고가 대비는 상당한 하락폭을 보여 투자 심리가 혼재될 수 있습니다."", ""최근 1개월 수익률이 마이너스(-)를 기록하며 하락세를 보였으나, 거래량 변화율이 긍정적인 신호를 보내고 있어 추가적인 하락보다는 반등 가능성도 존재합니다."", ""PER, PBR, ROE 등 재무 지표만으로는 현재 주가 수준의 적정성을 판단하기 어렵고, 단기적인 투자 방향을 결정할 명확한 상승 또는 하락 요인이 부족합니다.""]"
005930,삼성전자,2025-01-02,54400,Neutral,55,"[""현재가 54,400원은 52주 최저가 49,900원 대비 상승했으나 최고가 87,800원 대비는 상당한 하락폭을 보이며, 52주 내 현재 위치가 9.2%로 낮은 편에 속해 추가 상승 여력과 하락 위험이 공존합니다."", ""최근 1개월 수익률이 -1.48%로 소폭 하락했으며, 거래량 변화율이 -32.84%로 감소한 점은 투자 심리가 위축되었음을 시사합니다."", ""PER 25.1, PBR 0.86, ROE 3.4% 등 재무 지표는 현재 시장 상황에서 삼성전자의 가치를 명확하게 판단하기에 다소 엇갈리는 모습을 보이며, 20거래일 내 KOSPI 시장 대비 초과 상승 또는 하락을 단정하기 어렵습니다.""]"
005930,삼성전자,2025-02-03,52700,Neutral,55,"[""현재가(52,700원)가 52주 최저가(49,900원) 대비 소폭 높은 수준이지만, 52주 최고가(87,800원) 대비로는 상당한 하락세를 보이고 있어 매수세 유입 여부가 불확실합니다."", ""최근 1개월 수익률(-4.85%)과 거래량 변화율(-2.86%)이 모두 하락세를 나타내고 있어 단기적인 투자 심리가 위축된 것으로 판단됩니다."", ""PER(23.9) 및 PBR(0.82) 지표는 시장 평균 대비 고평가 또는 저평가 여부를 명확히 판단하기 어렵고, ROE(3.4%)는 낮은 수준으로 기업의 수익성이 개선될 여지가 불확실합니다.""]"
005930,삼성전자,2025-03-04,54000,Neutral,55,"[""현재가 54,000원은 52주 최저가 49,900원 대비 상승했으나 최고가 87,800원 대비로는 상당한 하락폭을 보이고 있어 방향성 판단이 어렵습니다."", ""최근 1개월 수익률 4.01%와 거래량 변화율 5.92%는 긍정적인 신호일 수 있으나, 시장 전반의 흐름이나 삼성전자 자체의 펀더멘털 변화에 대한 정보가 부족하여 추세 지속 여부를 판단하기 어렵습니다."", ""PER 25.6, PBR 0.88, ROE 3.4%와 같은 재무 지표는 현재 시장 상황에서 삼성전자의 가치를 명확하게 평가하기에 충분한 정보를 제공하지 못하며, 투자 매력도를 판단하기에는 다소 애매한 수준입니다.""]"
005930,삼성전자,2025-04-01,58800,Neutral,60,"[""최근 1개월 수익률이 긍정적이나, 52주 최고가 대비 상당한 하락폭을 보이고 있어 상승 여력과 하락 위험이 공존합니다."", ""PER, PBR, ROE 등 재무 지표는 현재 주가가 저평가되었을 가능성을 시사하지만, 단기적인 투자 방향을 결정하기에는 추가적인 시장 및 산업 분석이 필요합니다."", ""거래량 변화율이 미미하여 현재 시장 참여자들의 뚜렷한 방향성을 파악하기 어렵습니다.""]"
005930,삼성전자,2025-05-02,54600,Neutral,55,"[""현재가(54,600원)는 52주 최저가(49,900원) 대비 상승했으나 52주 최고가(87,800원) 대비는 상당한 하락폭을 보이며 52주 내 현재 위치가 11.6%로 낮은 편입니다."", ""최근 1개월 수익률이 -7.65%로 부진하고 거래량 변화율도 -28.84%로 감소하여 단기적인 하락 압력이 존재합니다."", ""PER(11.0), PBR(0.79), ROE(7.2%) 등 재무 지표는 시장 대비 저평가 가능성을 시사하지만, 단기적인 기술적 지표의 약세와 시장 전반의 불확실성을 고려할 때 명확한 상승 또는 하락 방향을 단정하기 어렵습니다.""]"
005930,삼성전자,2025-06-02,57800,Neutral,55,"[""삼성전자의 현재가(57,800원)는 52주 최고가(87,800원) 대비 상당한 하락폭을 보이고 있으며, 52주 최저가(49,900원) 대비로는 상승한 위치에 있어 기술적으로는 반등 가능성을 시사합니다."", ""최근 1개월 수익률이 1.79%로 소폭 상승세를 보였으나, 거래량 변화율이 -4.79%로 감소한 점은 투자 심리가 위축되었음을 나타내어 상승 동력이 약할 수 있습니다."", ""PER 11.5, PBR 0.83, ROE 7.2% 등의 재무 지표는 시장 평균 대비 저평가 또는 적정 수준으로 판단되나, 단기적인 투자 방향을 결정할 만큼 강력한 상승 또는 하락 모멘텀을 제공하지는 않습니다.""]"
005930,삼성전자,2025-07-01,60800,Buy,75,"[""최근 1개월 수익률이 7.31%로 양호하며, 거래량 변화율도 35.36%로 증가 추세를 보이고 있어 투자 심리가 개선되고 있음을 시사합니다."", ""현재가 60,800원은 52주 최저가 49,900원 대비 상당 부분 상승했으나, 52주 최고가 87,800원 대비로는 아직 상승 여력이 남아있습니다."", ""PER 12.2, PBR 0.88은 시장 평균 대비 과도하게 고평가되었다고 보기 어려우며, ROE 7.2%는 안정적인 수익성을 보여주고 있어 단기적인 하락보다는 상승 가능성에 무게를 둘 수 있습니다.""]"
005930,삼성전자,2025-08-01,69700,Neutral,60,"[""최근 1개월 수익률이 7.99%로 양호한 흐름을 보이고 있으나, 52주 최고가 대비 상당한 하락폭을 기록하고 있어 상승 여력에 대한 불확실성이 존재합니다."", ""PER 13.9, PBR 1.00, ROE 7.2% 등의 재무 지표는 시장 평균 대비 특별히 매력적이거나 비싸다고 보기 어려운 수준으로, 뚜렷한 투자 매력을 제시하지 못하고 있습니다."", ""거래량 변화율 9.72%는 긍정적인 신호일 수 있으나, 전반적인 기술적 지표와 재무 지표가 명확한 방향성을 제시하지 못하고 있어 향후 20거래일 동안 KOSPI 시장 수익률 대비 초과 상승 또는 하락을 단정하기 어렵습니다.""]"
005930,삼성전자,2025-09-01,69100,Neutral,55,"[""삼성전자의 현재가(69,100원)는 52주 최고가(80,200원) 대비 하락한 수준이지만, 52주 최저가(49,900원) 대비로는 상당한 상승을 보이며 현재 52주 범위의 중간 이상에 위치하고 있습니다."", ""최근 1개월 수익률이 -5.32%로 하락세를 보이고 있으며, 거래량 변화율 또한 -37.16%로 감소한 점은 단기적인 투자 심리 위축을 시사합니다."", ""PER 13.7, PBR 0.98, ROE 7.2% 등의 재무 지표는 시장 평균 대비 우수하다고 단정하기 어렵고, 현재 주가 수준에서 뚜렷한 상승 또는 하락 모멘텀을 강하게 지지하는 기술적 지표가 부족하여 명확한 방향성을 판단하기 어렵습니다.""]"
005930,삼성전자,2025-10-01,89000,Buy,75,"[""삼성전자는 52주 최고가에 근접한 수준에서 거래되고 있으며, 최근 1개월 수익률이 24.46%로 강한 상승세를 보이고 있습니다."", ""거래량 변화율이 51.93%로 증가하며 투자자들의 관심이 집중되고 있음을 시사합니다."", ""PER, PBR 등 재무지표는 시장 평균 대비 과도하게 고평가되었다고 보기 어렵지만, 기술적 지표에서 나타나는 강한 상승 모멘텀이 향후 20거래일 동안 KOSPI 시장 수익률 대비 초과 상승을 이끌 가능성이 높습니다.""]"
005930,삼성전자,2025-11-03,104900,Buy,75,"[""삼성전자는 52주 최고가에 근접한 수준으로, 최근 1개월간 33.37%의 높은 수익률을 기록하며 강한 상승 모멘텀을 보여주고 있습니다."", ""거래량 변화율이 39.20%로 높게 나타나 투자자들의 관심이 집중되고 있으며, 이는 추가적인 상승 가능성을 시사합니다."", ""PER, PBR, ROE 등 재무 지표는 시장 평균 대비 고평가 또는 저평가 여부를 명확히 판단하기 어렵지만, 기술적 지표에서 나타나는 강한 상승 추세가 단기적인 KOSPI 시장 수익률 대비 초과 상승을 기대하게 합니다.""]"
005930,삼성전자,2025-12-01,103400,Neutral,55,"[""최근 1개월 수익률이 마이너스이고 거래량 변화율도 감소하는 등 단기적인 하락 압력이 관찰됩니다."", ""하지만 52주 최고가 대비 현재 위치가 82.9%로 여전히 높은 수준이며, PBR 1.47은 자산 가치 대비 크게 고평가되지 않았음을 시사합니다."", ""삼성전자는 거시 경제 변수, 반도체 업황, 글로벌 IT 수요 등 다양한 외부 요인에 민감하게 반응하므로, 20거래일이라는 단기적인 투자 방향을 명확히 판단하기에는 불확실성이 존재합니다.""]"
000660,SK하이닉스,2023-01-02,75600,Neutral,55,"[""현재가 75,600원은 52주 최저가 75,000원에 근접하여 단기 반등 가능성이 있으나, 최근 1개월 수익률이 -10.63%로 하락세를 보이고 있어 추가 하락 가능성도 배제할 수 없습니다."", ""PER 5.4, PBR 0.87은 현재 주가가 저평가되어 있다는 신호로 해석될 수 있으나, 반도체 업황의 불확실성과 거시 경제 변동성이 투자 심리에 부정적인 영향을 미칠 수 있습니다."", ""거래량 변화율이 -17.96%로 감소한 것은 투자자들의 관심이 줄어들고 있음을 시사하며, 이는 향후 20거래일 동안 뚜렷한 방향성을 제시하기 어렵게 만듭니다.""]"
000660,SK하이닉스,2023-02-01,93400,Buy,75,"[""최근 1개월 수익률이 21.87%로 강한 상승세를 보이고 있으며, 거래량 변화율도 31.44%로 증가하여 투자 심리가 긍정적임을 시사합니다."", ""현재가 93,400원은 52주 최저가 75,000원 대비 상승 여력이 있으며, 52주 최고가 133,000원 대비로는 아직 상당한 상승 잠재력을 가지고 있습니다."", ""PER 6.5, PBR 1.05, ROE 16.1% 등 재무 지표가 양호하여 기업의 내재가치 대비 저평가 가능성을 보여줍니다.""]"
000660,SK하이닉스,2023-03-02,87300,Neutral,60,"[""SK하이닉스의 현재가(87,300원)는 52주 최저가(75,000원) 대비 상승했으나 최고가(129,000원) 대비로는 상당한 하락폭을 보이며 52주 내 현재 위치가 낮은 편입니다."", ""최근 1개월 수익률이 -0.45%로 소폭 하락했고, 거래량 변화율도 -15.46%로 감소하여 단기적인 매수세가 약화된 것으로 보입니다."", ""PER 6.3, PBR 1.01, ROE 16.0% 등 재무 지표는 양호한 편이나, 최근 시장의 불확실성과 반도체 업황에 대한 전망이 엇갈리면서 향후 20거래일 동안 KOSPI 시장 수익률 대비 초과 상승 또는 하락을 명확히 판단하기 어려운 상황입니다.""]"
000660,SK하이닉스,2023-04-03,84500,Neutral,60,"[""최근 1개월 수익률이 소폭 하락했으나, 거래량 변화율이 42.23%로 크게 증가하여 시장의 관심이 집중되고 있음을 시사합니다."", ""현재가는 52주 최고가 대비 약 26.5% 하락한 수준으로, 추가 하락보다는 반등 가능성을 열어두고 있으나 명확한 상승 동력은 부족합니다."", ""PER, PBR, ROE 등 재무 지표는 현재 주가 수준이 고평가 또는 저평가되었다고 단정하기 어려운 중립적인 수준을 나타내고 있습니다.""]"
000660,SK하이닉스,2023-05-02,89800,Neutral,60,"[""SK하이닉스의 현재가는 52주 최고가 대비 상당한 하락폭을 보이고 있어 반등 가능성을 시사하지만, PER 27.8배는 다소 높은 수준으로 밸류에이션 부담이 존재합니다."", ""최근 1개월 수익률은 소폭 상승했으나, 거래량 변화율이 31.25%로 증가한 점은 투자 심리 변화를 나타낼 수 있으나 명확한 방향성을 제시하기에는 부족합니다."", ""ROE 3.7%는 낮은 수준으로 기업의 수익성이 아직 충분히 개선되지 않았음을 보여주며, 이는 향후 주가 상승에 제약 요인이 될 수 있습니다.""]"
000660,SK하이닉스,2023-06-01,110300,Neutral,55,"[""SK하이닉스는 현재 52주 최고가에 도달했으며, 이는 단기적인 상승 모멘텀이 강하게 작용하고 있음을 시사합니다."", ""최근 1개월 수익률이 23.24%로 매우 높은 수준이지만, 거래량 변화율이 마이너스(-)를 기록하며 상승 동력이 약화될 가능성도 존재합니다."", ""PER, PBR, ROE 등 재무 지표는 현재 주가 수준을 정당화하기에 다소 부담스러운 측면이 있어 추가적인 상승 여력에 대한 의문이 제기될 수 있습니다.""]"
000660,SK하이닉스,2023-07-03,117900,Neutral,60,"[""SK하이닉스는 52주 최고가에 근접한 수준으로 단기 차익 실현 매물이 출회될 가능성이 있습니다."", ""최근 1개월 수익률은 양호하나 거래량 변화율이 감소하고 있어 상승 동력이 약화될 수 있습니다."", ""PER, PBR, ROE 등 재무 지표는 시장 평균 대비 고평가 또는 저평가 여부를 명확히 판단하기 어려운 수준입니다.""]"
000660,SK하이닉스,2023-08-01,119500,Buy,75,"[""SK하이닉스는 최근 1개월 수익률이 6.38%로 시장 대비 양호한 흐름을 보이고 있습니다."", ""현재가 119,500원은 52주 최고가 128,000원에 근접한 수준으로, 추가 상승 여력이 남아있을 가능성이 있습니다."", ""거래량 변화율이 2.39%로 소폭 증가하며 매수세 유입 가능성을 시사합니다.""]"
000660,SK하이닉스,2023-09-01,119200,Neutral,55,"[""SK하이닉스의 현재가는 52주 최고가 대비 약 7% 하락한 수준으로, 단기적인 상승 여력과 하락 위험이 공존하는 위치에 있습니다."", ""최근 1개월 수익률이 소폭 상승했으나, 거래량 변화율이 감소한 점은 투자 심리가 위축되었음을 시사합니다."", ""PER, PBR, ROE 등 재무 지표는 현재 시장 상황에서 SK하이닉스의 가치를 명확하게 판단하기에 충분한 정보를 제공하지 못하고 있습니다.""]"
000660,SK하이닉스,2023-10-04,120200,Neutral,55,"[""SK하이닉스의 현재가는 52주 최고가 대비 하락한 수준이지만, 52주 최저가 대비로는 높은 위치에 있어 상승 여력과 하락 압력이 혼재되어 있습니다."", ""최근 1개월 수익률과 거래량 변화율이 마이너스를 기록하며 단기적인 하락 추세를 보이고 있으나, 이는 시장 전반의 조정 또는 일시적인 수급 불균형일 가능성도 배제할 수 없습니다."", ""PER, PBR, ROE 등 재무 지표는 현재 시장 상황 및 동종 업계 평균과 비교 분석이 필요하며, 단기적인 투자 방향을 명확히 제시하기에는 정보가 제한적입니다.""]"
000660,SK하이닉스,2023-11-01,125300,Buy,75,"[""SK하이닉스는 최근 1개월 수익률이 4.61%로 양호한 흐름을 보이고 있으며, 52주 최고가 대비 현재 위치가 82.4%로 상승 여력이 남아있습니다."", ""거래량 변화율이 39.30%로 증가하며 투자자들의 관심이 높아지고 있음을 시사합니다."", ""반도체 업황 회복에 대한 기대감과 AI 관련 수요 증가는 SK하이닉스의 실적 개선에 긍정적인 영향을 미칠 것으로 예상됩니다.""]"
000660,SK하이닉스,2023-12-01,131100,Neutral,60,"[""SK하이닉스는 52주 최고가에 근접한 수준으로 단기 차익 실현 매물이 출회될 가능성이 있습니다."", ""최근 1개월 수익률은 긍정적이나, 거래량 변화율이 감소하고 있어 상승 동력이 약화될 수 있습니다."", ""PER, PBR, ROE 등 재무 지표는 현재 주가 수준을 정당화하기에 다소 부담스러운 측면이 있습니다.""]"
000660,SK하이닉스,2024-01-02,136800,Buy,75,"[""SK하이닉스는 52주 최고가에 근접한 수준에서 최근 1개월간 9.20%의 상승률을 기록하며 강한 상승 모멘텀을 보여주고 있습니다."", ""거래량 변화율이 12.04%로 증가하며 투자자들의 관심이 고조되고 있음을 시사합니다."", ""PER, PBR, ROE 등 재무지표는 다소 높은 수준이지만, 반도체 업황 개선 기대감과 기술적 지표의 긍정적인 흐름을 고려할 때 단기적인 추가 상승 가능성이 존재합니다.""]"
000660,SK하이닉스,2024-02-01,134900,Neutral,60,"[""SK하이닉스의 현재가는 52주 최고가 대비 약 5.4% 하락한 수준으로, 단기적으로는 상승 여력이 제한적일 수 있습니다."", ""최근 1개월 수익률이 -3.00%로 하락세를 보이고 있으며, 거래량 변화율 또한 감소 추세인 점은 투자 심리 위축을 시사합니다."", ""하지만 PER, PBR, ROE 등 재무 지표만으로는 현재 주가 수준이 고평가 또는 저평가되었다고 단정하기 어렵고, 반도체 업황 회복에 대한 기대감 등 긍정적 요인도 존재하여 명확한 매수 또는 매도 신호를 판단하기에는 정보가 불충분합니다.""]"
000660,SK하이닉스,2024-03-04,165800,Buy,75,"[""SK하이닉스는 최근 1개월간 21.62%의 높은 수익률을 기록하며 강한 상승 모멘텀을 보여주고 있습니다."", ""현재가 165,800원은 52주 최고가 166,500원에 근접하여 추가 상승에 대한 기대감을 높이고 있습니다."", ""거래량 변화율 46.11%는 시장의 관심이 집중되고 있음을 시사하며, 이는 긍정적인 신호로 해석될 수 있습니다.""]"
000660,SK하이닉스,2024-04-01,186300,Buy,75,"[""SK하이닉스는 최근 1개월 동안 18.76%의 높은 수익률을 기록하며 강한 상승 모멘텀을 보여주고 있습니다."", ""현재가가 52주 최고가에 근접한 100.0% 위치에 있어 추가적인 상승 여력이 기대됩니다."", ""거래량 변화율이 소폭 하락했으나, 전반적인 기술적 지표는 상승세를 지지하고 있습니다.""]"
000660,SK하이닉스,2024-05-02,173200,Neutral,55,"[""SK하이닉스는 현재 52주 최고가 대비 높은 수준에 위치해 있으며, 최근 1개월 수익률이 마이너스를 기록하며 단기적인 하락 압력을 받고 있습니다."", ""PER이 적자로 산출되지 않아 현재 기업 가치 평가에 어려움이 있으며, ROE 또한 정보가 없어 재무 건전성 판단이 어렵습니다."", ""거래량 변화율이 크지 않고, KOSPI 시장 전체의 방향성에 대한 정보가 부족하여 SK하이닉스의 향후 20거래일 투자 방향을 명확히 판단하기 어렵습니다.""]"
000660,SK하이닉스,2024-06-03,193300,Buy,75,"[""SK하이닉스는 최근 1개월 수익률이 11.48%로 강한 상승세를 보이고 있으며, 현재가 193,300원은 52주 최고가 202,500원에 근접한 92.1% 수준으로 상승 여력이 남아있습니다."", ""반도체 업황 회복에 대한 기대감과 AI 관련 수요 증가는 SK하이닉스의 실적 개선에 긍정적인 영향을 미칠 것으로 예상됩니다."", ""거래량 변화율이 음수(-20.43%)인 점은 단기적인 매물 출회 가능성을 시사하지만, 전반적인 시장의 관심과 업황 전망을 고려할 때 상승 추세는 유지될 가능성이 높습니다.""]"
000660,SK하이닉스,2024-07-01,232000,Buy,75,"[""SK하이닉스는 최근 1개월 수익률이 20.34%로 강한 상승세를 보이고 있으며, 52주 최고가에 근접한 98.4% 위치에 있어 추가 상승 여력이 기대됩니다."", ""반도체 업황 회복에 대한 기대감과 AI 관련 수요 증가가 SK하이닉스의 실적 개선에 긍정적인 영향을 미칠 것으로 예상됩니다."", ""현재 PER이 적자 상태이나 PBR이 3.14로 자산 가치 대비 높은 수준은 아니며, 향후 실적 개선 시 주가 상승 탄력이 클 수 있습니다.""]"
000660,SK하이닉스,2024-08-01,173200,Neutral,60,"[""SK하이닉스는 현재 적자 상태로 PER 지표가 없어 기업 가치 평가에 어려움이 있습니다."", ""최근 1개월 수익률이 -18.09%로 하락세를 보이고 있으나, 52주 최저가 대비 현재 위치는 62.7%로 상승 여력도 존재합니다."", ""거래량 변화율이 49.75%로 높게 나타나 투자자들의 관심이 집중되고 있으나, 이는 단기적인 변동성 확대 가능성을 시사합니다.""]"
000660,SK하이닉스,2024-09-02,168300,Neutral,55,"[""SK하이닉스는 현재 적자 상태로 PER 지표가 없어 기업 가치 평가에 어려움이 있습니다."", ""최근 1개월 수익률이 마이너스(-)를 기록하며 단기적인 하락세를 보이고 있으나, 52주 최저가 대비 현재 위치는 중간 수준으로 추가 하락 여력과 반등 가능성이 공존합니다."", ""거래량 변화율이 마이너스(-)를 기록하며 투자 심리가 위축된 모습을 보이지만, 반도체 업황 회복에 대한 기대감 등 긍정적인 요인도 존재하여 명확한 방향성을 판단하기 어렵습니다.""]"
000660,SK하이닉스,2024-10-02,174100,Neutral,55,"[""SK하이닉스는 현재 적자 상태로 PER 지표가 없어 기업 가치 평가에 어려움이 있습니다."", ""최근 1개월 수익률이 마이너스(-)를 기록하고 거래량 변화율도 하락세를 보여 단기적인 투자 심리가 위축된 것으로 판단됩니다."", ""하지만 52주 최저가 대비 현재 위치가 43.1%로 상승 여력이 남아있으며, 반도체 업황 회복에 대한 기대감은 여전히 존재하여 명확한 매수 또는 매도 신호를 주기 어렵습니다.""]"
000660,SK하이닉스,2024-11-01,194000,Neutral,55,"[""SK하이닉스는 현재 적자 상태로 PER 지표가 없어 기업의 내재가치 대비 저평가 여부를 판단하기 어렵습니다."", ""최근 1개월 수익률은 긍정적이나, 거래량 변화율이 크게 감소하여 투자 심리가 위축되었을 가능성이 있습니다."", ""52주 최고가 대비 현재 위치는 중간 수준이지만, 시장 전반의 불확실성과 반도체 업황에 대한 전망이 엇갈려 20거래일 내 명확한 방향성을 예측하기 어렵습니다.""]"
000660,SK하이닉스,2024-12-02,164900,Neutral,55,"[""SK하이닉스는 현재 적자 상태로 PER 지표가 없어 기업 가치 평가에 어려움이 있습니다."", ""최근 1개월 수익률이 -12.84%로 하락세를 보이고 있으며, 거래량 변화율도 마이너스를 기록하여 단기적인 투자 심리가 위축된 것으로 판단됩니다."", ""하지만 52주 최저가 대비 현재 위치가 28.8%로, 주가 반등의 여력도 존재하여 명확한 매수 또는 매도 신호를 판단하기에는 정보가 불충분합니다.""]"
000660,SK하이닉스,2025-01-02,181900,Neutral,55,"[""SK하이닉스는 현재 적자 상태로 PER 지표가 없어 기업의 수익성 대비 주가 수준을 판단하기 어렵습니다."", ""최근 1개월 수익률은 긍정적이나, 거래량 변화율이 감소하고 있어 투자 심리가 위축될 가능성도 있습니다."", ""52주 최고가 대비 현재 위치는 낮지만, PBR이 2.28로 자산 가치 대비 프리미엄이 붙어 있어 추가 상승 여력에 대한 판단이 불확실합니다.""]"
000660,SK하이닉스,2025-02-03,191100,Buy,75,"[""최근 1개월 수익률이 12.23%로 양호하며, 52주 최고가 대비 현재 위치가 54.5%로 상승 여력이 남아있습니다."", ""거래량 변화율이 38.34%로 증가하며 투자자들의 관심이 높아지고 있음을 시사합니다."", ""반도체 업황 회복에 대한 기대감과 SK하이닉스의 기술력 및 시장 지배력을 고려할 때 단기적인 상승 모멘텀이 지속될 가능성이 있습니다.""]"
000660,SK하이닉스,2025-03-04,193100,Neutral,55,"[""SK하이닉스는 현재 적자 상태로 PER 지표가 없어 기업 가치 평가에 어려움이 있습니다."", ""최근 1개월 수익률이 마이너스이고 거래량 변화율도 감소하여 단기적인 하락 압력이 존재합니다."", ""하지만 52주 최저가 대비 현재 위치가 41.7%로 상승 여력이 남아있고, 반도체 업황 회복 기대감 등 긍정적인 요인도 존재하여 명확한 방향성을 판단하기 어렵습니다.""]"
000660,SK하이닉스,2025-04-01,197900,Neutral,60,"[""SK하이닉스의 현재 PER과 PBR은 시장 평균 대비 매력적인 수준은 아니지만, 높은 ROE는 수익성을 보여줍니다."", ""52주 최고가 대비 현재 위치는 중간 수준이며, 최근 1개월 수익률은 긍정적이나 거래량 변화율은 감소 추세를 나타내고 있습니다."", ""반도체 업황에 대한 긍정적 전망과 거시 경제 불확실성이 혼재되어 있어 단기적인 방향성을 명확히 판단하기 어렵습니다.""]"
000660,SK하이닉스,2025-05-02,190800,Neutral,60,"[""SK하이닉스의 재무 지표는 양호하나, 최근 1개월 수익률 하락과 거래량 증가가 혼재되어 있어 단기 방향성 판단이 어렵습니다."", ""현재가는 52주 최고가 대비 상당 부분 하락한 위치에 있으나, 최저가 대비로는 상승 여력이 남아있습니다."", ""반도체 업황에 대한 불확실성과 거시 경제 변수가 단기 주가 흐름에 영향을 미칠 수 있어 추가적인 정보 확인이 필요합니다.""]"
000660,SK하이닉스,2025-06-02,217500,Buy,75,"[""SK하이닉스의 높은 ROE(27.7%)는 견조한 수익성을 시사하며, 이는 주가 상승의 긍정적인 요인입니다."", ""최근 1개월 수익률이 14.77%로 양호한 흐름을 보이고 있으며, 이는 단기적인 매수세 유입 가능성을 나타냅니다."", ""현재 주가가 52주 최고가 대비 약 9.7% 하락한 62.0% 위치에 있어 추가 상승 여력이 존재할 수 있습니다.""]"
000660,SK하이닉스,2025-07-01,279000,Buy,75,"[""SK하이닉스는 현재 52주 최고가에 근접한 수준으로, 강한 상승 모멘텀을 보여주고 있습니다."", ""최근 1개월 수익률이 34.67%로 매우 높으며, 거래량 변화율 또한 50.28%로 증가하여 투자자들의 관심이 집중되고 있음을 시사합니다."", ""PER 9.9, ROE 27.7% 등 재무 지표 또한 양호한 수준으로, 단기적인 추가 상승 가능성을 뒷받침합니다.""]"
000660,SK하이닉스,2025-08-01,258000,Neutral,60,"[""최근 1개월 수익률이 마이너스이고 거래량 변화율도 감소하는 등 단기적인 하락 압력이 관찰됩니다."", ""하지만 현재가 52주 최고가 대비 약 13.5% 하락한 수준이며, PBR 2.49, ROE 27.7% 등 재무 지표는 여전히 견조한 편입니다."", ""반도체 업황에 대한 불확실성과 거시 경제 변수가 혼재되어 있어 20거래일 내 명확한 방향성을 판단하기 어렵습니다.""]"
000660,SK하이닉스,2025-09-01,260500,Neutral,60,"[""SK하이닉스의 재무 지표는 양호하나, 최근 1개월 수익률 하락과 거래량 감소는 단기적인 투자 심리 위축을 시사합니다."", ""현재 주가는 52주 최고가 대비 하락한 위치에 있지만, 52주 최저가 대비로는 여전히 높은 수준을 유지하고 있어 명확한 방향성을 판단하기 어렵습니다."", ""반도체 업황에 대한 불확실성과 거시 경제 변동성이 향후 20거래일 동안 SK하이닉스의 주가 흐름에 상반된 영향을 미칠 수 있습니다.""]"
000660,SK하이닉스,2025-10-01,395500,Buy,75,"[""SK하이닉스는 52주 최고가 대비 현재 위치가 99.5%로, 단기적으로 강한 상승세를 보이고 있으며 이는 향후 추가 상승 가능성을 시사합니다."", ""최근 1개월 수익률이 38.20%로 매우 높으며, 거래량 변화율 또한 38.07%로 증가 추세를 보여 투자자들의 관심이 집중되고 있음을 나타냅니다."", ""ROE가 27.7%로 높아 기업의 수익성이 우수하며, 이는 주가 상승의 긍정적인 요인으로 작용할 수 있습니다.""]"
000660,SK하이닉스,2025-11-03,586000,Buy,75,"[""최근 1개월 수익률이 84.25%로 매우 높은 상승세를 보이며 강한 매수세를 시사합니다."", ""52주 최고가에 근접한 현재 위치는 추가 상승에 대한 기대감을 높입니다."", ""거래량 변화율이 17.25%로 증가한 것은 투자자들의 관심이 높아지고 있음을 나타냅니다.""]"
000660,SK하이닉스,2025-12-01,558000,Neutral,60,"[""SK하이닉스의 현재가는 52주 최고가 대비 약 10% 하락한 수준으로, 단기적인 조정 가능성을 시사합니다."", ""최근 1개월 수익률이 마이너스(-)를 기록하고 있으나, 거래량 변화율이 긍정적인 점은 매수세 유입 가능성을 보여줍니다."", ""PER, PBR 등 재무지표는 시장 평균 대비 높은 수준으로 밸류에이션 부담이 존재하나, 높은 ROE는 기업의 수익성을 뒷받침합니다.""]"
207940,삼성바이오로직스,2023-01-02,1181810,Neutral,60,"[""현재가 52주 최고가 대비 하락한 위치에 있으나, 52주 최저가 대비로는 상당한 상승을 보이며 박스권 내에서 움직이고 있습니다."", ""최근 1개월 수익률이 마이너스이고 거래량 변화율도 감소하는 등 단기적인 하락 압력이 관찰됩니다."", ""PER, PBR 지표가 다소 높은 편이나, 바이오 섹터의 성장성을 고려할 때 밸류에이션 부담이 즉각적인 매도 신호로 이어지기는 어렵습니다.""]"
207940,삼성바이오로직스,2023-02-01,1195056,Neutral,60,"[""삼성바이오로직스의 현재가는 52주 최고가 대비 약 10.7% 하락한 수준으로, 기술적으로는 반등 가능성을 시사합니다."", ""최근 1개월 수익률이 소폭 하락했으나, 거래량 변화율이 49.75%로 크게 증가한 점은 투자자들의 관심이 재집중되고 있음을 나타냅니다."", ""PER과 PBR 지표가 다소 높은 편이지만, 바이오 산업의 성장성과 삼성바이오로직스의 시장 지배력을 고려할 때 단기적인 하락보다는 횡보 또는 완만한 상승 가능성도 배제할 수 없어 명확한 매수/매도 신호를 내리기 어렵습니다.""]"
207940,삼성바이오로직스,2023-03-02,1159734,Neutral,60,"[""현재가 52주 최저가 대비 높은 수준이나 최고가 대비로는 하락 여력이 남아있어 방향성 판단이 모호합니다."", ""최근 1개월 수익률 및 거래량 변화율이 하락세를 나타내고 있어 단기적인 투자 심리가 위축될 가능성이 있습니다."", ""PER, PBR 등 재무 지표가 높은 수준으로 밸류에이션 부담이 존재하나, 바이오 산업의 성장성과 삼성바이오로직스의 시장 지배력을 고려할 때 하락 압력이 제한적일 수 있습니다.""]"
207940,삼성바이오로직스,2023-04-03,1159734,Neutral,60,"[""삼성바이오로직스의 현재 PER과 PBR은 다소 높은 수준으로 밸류에이션 부담이 존재합니다."", ""최근 1개월 수익률이 소폭 하락했으나, 52주 최저가 대비 현재 위치는 상대적으로 높은 편입니다."", ""거래량 변화율이 긍정적인 신호를 보이지만, 전반적인 재무 및 기술 지표에서 뚜렷한 매수 또는 매도 신호를 확신하기 어렵습니다.""]"
207940,삼성바이오로직스,2023-05-02,1140601,Neutral,65,"[""현재가 52주 최저가 대비 높은 수준에 위치하여 추가 상승 여력이 제한적일 수 있습니다."", ""최근 1개월 수익률이 마이너스를 기록하며 단기적인 하락 압력이 존재합니다."", ""거래량 변화율이 긍정적인 신호를 보이지만, 재무 지표들이 고평가 구간에 있어 투자 심리가 위축될 가능성도 있습니다.""]"
207940,삼성바이오로직스,2023-06-01,1155319,Neutral,55,"[""현재가 52주 최저가 대비 높은 수준에 위치하나, 최고가 대비로는 하락 여력이 남아있습니다."", ""최근 1개월 수익률은 소폭 상승했으나, 거래량 변화율이 크게 감소하여 투자 심리가 위축되었을 가능성이 있습니다."", ""PER, PBR 등 재무 지표는 다소 높은 편으로, 단기적인 급등보다는 안정적인 흐름을 예상해 볼 수 있습니다.""]"
207940,삼성바이오로직스,2023-07-03,1097921,Neutral,60,"[""현재가가 52주 최저가에 근접해 있어 단기 반등 가능성이 있으나, 최근 1개월 수익률이 마이너스인 점은 하락 압력을 시사합니다."", ""거래량 변화율이 33.56%로 높게 나타나 투자자들의 관심이 집중되고 있으나, 이것이 상승 또는 하락으로 이어질지는 불확실합니다."", ""PER, PBR, ROE 등 재무 지표는 현재 주가 수준에 대한 고평가 또는 저평가 논란의 여지가 있어 명확한 방향성을 제시하기 어렵습니다.""]"
207940,삼성바이오로직스,2023-08-01,1161206,Buy,75,"[""최근 1개월 수익률이 7.94%로 양호하며, 거래량 변화율도 45.50%로 증가 추세를 보이고 있어 투자 심리가 긍정적입니다."", ""현재가가 52주 최저가 대비 높은 수준에 위치해 있으며, 52주 최고가 대비로는 중간 지점에 있어 추가 상승 여력이 존재합니다."", ""바이오 산업의 성장성과 삼성바이오로직스의 시장 지배력을 고려할 때, 단기적인 KOSPI 시장 수익률 대비 초과 상승 가능성이 있습니다.""]"
207940,삼성바이오로직스,2023-09-01,1083203,Neutral,60,"[""현재가 52주 최저가 대비 높은 수준이나 최고가 대비로는 하락 여력이 남아있어 방향성 판단이 모호합니다."", ""최근 1개월 수익률 및 거래량 변화율이 하락세를 나타내고 있어 단기적인 투자 심리가 위축된 것으로 보입니다."", ""재무 지표상 PER, PBR이 다소 높은 편이나 ROE가 낮은 수준으로, 현재 주가 수준에 대한 밸류에이션 논란이 있을 수 있습니다.""]"
207940,삼성바이오로직스,2023-10-04,1064071,Neutral,60,"[""삼성바이오로직스의 현재가는 52주 최저가에 근접해 있어 단기 반등 가능성을 시사하지만, 최근 1개월 수익률이 마이너스인 점은 하락 압력을 나타냅니다."", ""PER 88.9배는 다소 높은 수준으로 밸류에이션 부담이 존재하며, ROE 5.9%는 낮은 편으로 수익성 측면에서 강점을 보이지 못하고 있습니다."", ""거래량 변화율이 12.36%로 긍정적인 신호를 보이지만, 전반적인 재무 및 기술 지표가 명확한 상승 또는 하락 방향을 강하게 지지하지 않아 중립적인 판단이 합리적입니다.""]"
207940,삼성바이오로직스,2023-11-01,1047882,Neutral,60,"[""현재가 52주 최저가 대비 10.1% 높은 수준으로, 단기 상승 여력과 하락 위험이 공존합니다."", ""최근 1개월 수익률은 3.38%로 긍정적이나, 거래량 변화율 40.04%는 변동성 확대 가능성을 시사합니다."", ""PER, PBR 등 재무 지표는 다소 높은 편으로, 단기적인 급등보다는 안정적인 흐름을 예상해 볼 수 있습니다.""]"
207940,삼성바이오로직스,2023-12-01,1047882,Neutral,60,"[""현재가 52주 최저가 대비 높은 수준이나 최고가 대비로는 하락 여력이 남아있어 방향성 판단이 모호합니다."", ""최근 1개월 수익률이 소폭 하락하고 거래량 변화율이 감소한 점은 단기적인 매도 압력을 시사할 수 있습니다."", ""PER, PBR 등 재무 지표가 다소 높은 수준이나, 바이오 산업의 성장성을 고려할 때 추가적인 상승 여력도 배제할 수 없어 투자 방향을 명확히 판단하기 어렵습니다.""]"
207940,삼성바이오로직스,2024-01-02,1158262,Buy,75,"[""최근 1개월 수익률이 8.23%로 양호하며, 52주 최고가 대비 현재 위치가 72.7%로 상승 여력이 남아있습니다."", ""거래량 변화율이 49.84%로 크게 증가하여 투자자들의 관심이 높아지고 있음을 시사합니다."", ""PER, PBR 지표는 다소 높은 편이나, 바이오 산업의 성장성과 삼성바이오로직스의 시장 지배력을 고려할 때 향후 추가 상승 가능성이 있습니다.""]"
207940,삼성바이오로직스,2024-02-01,1264228,Buy,75,"[""삼성바이오로직스는 52주 최고가에 근접한 수준에서 거래되고 있으며, 최근 1개월 수익률도 긍정적인 흐름을 보이고 있습니다."", ""거래량 변화율이 16.92%로 증가 추세를 나타내고 있어 투자자들의 관심이 높아지고 있음을 시사합니다."", ""PER, PBR 지표는 다소 높은 편이나, 바이오 산업의 성장성과 삼성바이오로직스의 시장 지배력을 고려할 때 추가 상승 여력이 있다고 판단됩니다.""]"
207940,삼성바이오로직스,2024-03-04,1147960,Neutral,60,"[""현재가 52주 최고가 대비 하락한 위치에 있으나, 52주 최저가 대비로는 상당한 상승 여력을 보여주고 있습니다."", ""최근 1개월 수익률이 마이너스를 기록하고 거래량 변화율도 감소하는 등 단기적인 하락 압력이 감지됩니다."", ""PER, PBR 등 재무 지표는 다소 높은 수준으로 밸류에이션 부담이 존재하나, 바이오 섹터의 성장성을 고려할 때 추가적인 상승 가능성도 배제할 수 없습니다.""]"
207940,삼성바이오로직스,2024-04-01,1200943,Neutral,60,"[""최근 1개월 수익률은 긍정적이나, 거래량 변화율은 하락세를 시사하여 상반된 신호를 보입니다."", ""현재가는 52주 최고가 대비 높은 수준에 위치하여 추가 상승 여력이 제한적일 수 있습니다."", ""PER, PBR 등 재무 지표는 다소 높은 편으로 밸류에이션 부담이 존재합니다.""]"
207940,삼성바이오로직스,2024-05-02,1134714,Neutral,55,"[""삼성바이오로직스의 현재 PER과 PBR은 다소 높은 수준으로 밸류에이션 부담이 존재합니다."", ""최근 1개월 수익률이 마이너스이고 거래량 변화율도 감소하여 단기적인 투자 심리가 위축된 것으로 보입니다."", ""하지만 52주 최고가 대비 현재 위치가 중간 수준이며, 바이오 섹터의 성장 잠재력을 고려할 때 급격한 하락보다는 관망세가 이어질 가능성이 있습니다.""]"
207940,삼성바이오로직스,2024-06-03,1108223,Neutral,60,"[""삼성바이오로직스의 현재 PER과 PBR은 다소 높은 수준으로 밸류에이션 부담이 존재합니다."", ""최근 1개월 수익률이 마이너스를 기록하며 단기적인 약세를 보이고 있으나, 52주 내 현재 위치가 중간보다 약간 낮은 수준에 있어 추가 하락보다는 반등 가능성도 열려 있습니다."", ""거래량 변화율이 긍정적인 신호를 보이고 있으나, 재무 지표와 기술 지표의 상반된 신호들이 혼재되어 있어 명확한 방향성을 판단하기 어렵습니다.""]"
207940,삼성바이오로직스,2024-07-01,1192113,Neutral,60,"[""삼성바이오로직스의 현재 PER과 PBR은 다소 높은 수준으로 밸류에이션 부담이 존재합니다."", ""최근 1개월 수익률이 긍정적이고 52주 최고가 대비 하락폭이 크지 않아 단기적인 상승 모멘텀이 약하게 나타나고 있습니다."", ""기술적 지표상 52주 내 현재 위치가 중간 지점에 가까워 명확한 추세 판단이 어렵고, 거래량 변화율도 크지 않아 투자 심리가 뚜렷하게 형성되지 않았습니다.""]"
207940,삼성바이오로직스,2024-08-01,1340759,Buy,75,"[""삼성바이오로직스는 52주 최고가에 근접한 수준에서 강한 상승세를 보이고 있으며, 최근 1개월 수익률이 14.20%로 매우 높습니다."", ""거래량 변화율이 48.99%로 크게 증가한 것은 투자자들의 관심이 집중되고 있음을 시사합니다."", ""PER, PBR 지표는 다소 높은 편이나, 바이오 섹터의 성장성과 삼성바이오로직스의 시장 지배력을 고려할 때 추가 상승 여력이 있다고 판단됩니다.""]"
207940,삼성바이오로직스,2024-09-02,1414346,Buy,75,"[""삼성바이오로직스는 52주 최고가 대비 현재 위치가 높아 상승 모멘텀이 유지되고 있음을 시사합니다."", ""최근 1개월 수익률이 4.32%로 양호하며, 거래량 변화율도 긍정적이어서 투자 심리가 개선되고 있음을 보여줍니다."", ""PER, PBR 지표는 다소 높은 편이나, 바이오 섹터의 성장성을 고려할 때 향후 실적 개선에 대한 기대감이 반영된 것으로 해석될 수 있습니다.""]"
207940,삼성바이오로직스,2024-10-02,1470272,Neutral,60,"[""삼성바이오로직스의 현재가(1,470,272원)는 52주 최고가(1,599,786원) 대비 약 7.9% 하락한 수준으로, 기술적으로는 추가 하락 가능성과 반등 가능성이 공존하는 구간입니다."", ""최근 1개월 수익률이 -1.41%로 소폭 하락했으며, 거래량 변화율 또한 -14.66%로 감소하여 단기적인 매도 압력이 존재함을 시사합니다."", ""하지만 PER(119.3) 및 PBR(6.77) 지표는 다소 높은 편이나, ROE(5.7%)는 시장 평균 대비 양호한 수준을 유지하고 있으며, 시가총액(66.6조원)이 큰 대형주로서 급격한 하락보다는 변동성이 제한적일 가능성이 있습니다.""]"
207940,삼성바이오로직스,2024-11-01,1496764,Neutral,60,"[""삼성바이오로직스는 52주 최고가 대비 현재 위치가 높아 추가 상승 여력이 제한적일 수 있습니다."", ""최근 1개월 수익률은 긍정적이나, 거래량 변화율이 감소하고 있어 투자 심리가 위축될 가능성이 있습니다."", ""PER, PBR 등 재무 지표는 다소 높은 편이나, 바이오 섹터의 성장성을 고려할 때 단기적인 방향성을 명확히 판단하기 어렵습니다.""]"
207940,삼성바이오로직스,2024-12-02,1423176,Neutral,55,"[""삼성바이오로직스의 현재 PER과 PBR은 다소 높은 수준으로 밸류에이션 부담이 존재합니다."", ""최근 1개월 수익률이 마이너스를 기록하며 단기적인 약세 흐름을 보이고 있습니다."", ""하지만 52주 최고가 대비 현재 위치가 69.5%로 여전히 상승 여력이 남아있으며, 거래량 변화율이 긍정적인 점은 향후 반등 가능성을 시사합니다.""]"
207940,삼성바이오로직스,2025-01-02,1383439,Neutral,60,"[""삼성바이오로직스의 현재가는 52주 최고가 대비 하락한 위치에 있으며, 최근 1개월 수익률과 거래량 변화율이 부정적인 흐름을 보이고 있습니다."", ""하지만 PER, PBR, ROE 등 재무 지표는 바이오 섹터 내에서 비교적 양호한 수준을 유지하고 있으며, 시가총액 규모가 큰 대형주로서 시장 전반의 흐름에 영향을 받을 가능성이 높습니다."", ""기술적 지표는 하락 추세를 시사하지만, 재무적 안정성과 향후 성장 가능성에 대한 기대감이 상존하여 명확한 매수 또는 매도 신호를 판단하기에는 정보가 다소 불충분합니다.""]"
207940,삼성바이오로직스,2025-02-03,1577710,Buy,75,"[""삼성바이오로직스는 최근 1개월 수익률이 16.86%로 강한 상승세를 보이고 있으며, 현재가 52주 최고가에 근접하여 추가 상승 여력이 기대됩니다."", ""거래량 변화율이 9.52%로 긍정적인 흐름을 나타내고 있어 투자 심리가 개선되고 있음을 시사합니다."", ""다만, PER 133.7배, PBR 7.59배는 다소 높은 수준으로 밸류에이션 부담이 존재하며, ROE 5.7%는 기대 수익률 대비 낮은 편입니다.""]"
207940,삼성바이오로직스,2025-03-04,1682203,Buy,75,"[""삼성바이오로직스는 52주 최고가 대비 현재 위치가 85.8%로, 상승 여력이 남아있음을 시사합니다."", ""최근 1개월 수익률이 3.61%로 양호한 흐름을 보이고 있으며, 이는 단기적인 매수세가 유입되고 있음을 나타냅니다."", ""거래량 변화율이 0.59%로 큰 변동은 없으나, 현재 주가 수준에서 매물 부담이 크지 않음을 예상해 볼 수 있습니다.""]"
207940,삼성바이오로직스,2025-04-01,1545331,Neutral,60,"[""현재가 52주 최고가 대비 하락한 위치에 있으나, 52주 최저가 대비로는 높은 수준을 유지하고 있어 상승 및 하락 요인이 혼재합니다."", ""최근 1개월 수익률이 마이너스이고 거래량 변화율도 감소한 점은 단기적인 하락 압력을 시사합니다."", ""PER, PBR 등 재무 지표는 다소 높은 편이나, 바이오 산업의 성장성을 고려할 때 추가적인 상승 여력도 배제할 수 없어 명확한 방향성을 판단하기 어렵습니다.""]"
207940,삼성바이오로직스,2025-05-02,1532085,Buy,75,"[""최근 1개월 수익률이 3.33%로 양호하며, 52주 최고가 대비 현재 위치가 78.2%로 상승 여력이 남아있습니다."", ""거래량 변화율이 43.01%로 크게 증가하여 투자자들의 관심이 높아지고 있음을 시사합니다."", ""바이오 섹터의 성장성과 삼성바이오로직스의 시장 지배력을 고려할 때, 단기적인 상승 모멘텀이 기대됩니다.""]"
207940,삼성바이오로직스,2025-06-02,1521783,Neutral,60,"[""삼성바이오로직스의 현재 PER은 99.7배로 높은 편이며, 이는 단기적인 밸류에이션 부담을 시사합니다."", ""최근 1개월 수익률이 -2.09%로 소폭 하락세를 보이고 있으나, 52주 최고가 대비 현재 위치는 66.4%로 여전히 높은 수준에 있습니다."", ""거래량 변화율이 7.21%로 긍정적인 신호를 보이고 있으나, 재무 지표와 기술 지표 간의 상반된 신호로 인해 명확한 방향성을 판단하기 어렵습니다.""]"
207940,삼성바이오로직스,2025-07-01,1484990,Neutral,60,"[""삼성바이오로직스의 현재 PER은 97.0으로 다소 높은 편이며, 이는 시장 평균 대비 고평가 가능성을 시사합니다."", ""최근 1개월 수익률이 -2.24%로 소폭 하락세를 보이고 있으며, 거래량 변화율 또한 -24.79%로 감소하여 단기적인 투자 심리가 위축되었음을 나타냅니다."", ""하지만 52주 최고가 대비 현재 위치가 60.3%로 여전히 상승 여력이 남아있으며, 바이오 산업의 성장성과 삼성바이오로직스의 경쟁력을 고려할 때 하락보다는 횡보 또는 완만한 상승 가능성도 배제할 수 없습니다.""]"
207940,삼성바이오로직스,2025-08-01,1542388,Neutral,60,"[""삼성바이오로직스의 현재 PER은 100으로 높은 편이며, 이는 시장 평균 대비 고평가 가능성을 시사합니다."", ""최근 1개월 수익률이 소폭 하락했으나, 52주 최고가 대비 현재 위치는 중간 이상으로 기술적 반등 가능성도 존재합니다."", ""거래량 변화율이 30.91%로 높게 나타나 투자자들의 관심이 증가하고 있음을 보여주지만, 재무 지표와 기술 지표 간의 상반된 신호로 인해 명확한 방향성을 판단하기 어렵습니다.""]"
207940,삼성바이오로직스,2025-09-01,1467329,Neutral,60,"[""현재가 기준 52주 최고가 대비 하락폭이 존재하나, 최근 1개월 수익률 및 거래량 변화율은 하락세를 시사합니다."", ""PER, PBR 지표는 다소 높은 수준으로 밸류에이션 부담이 존재할 수 있습니다."", ""ROE는 낮은 수준으로 수익성 개선 여부가 불확실하며, 기술적 지표와 재무 지표 간 상반된 신호가 혼재하여 명확한 방향성을 판단하기 어렵습니다.""]"
207940,삼성바이오로직스,2025-10-01,1484990,Neutral,60,"[""삼성바이오로직스의 현재 PER과 PBR은 다소 높은 수준으로 밸류에이션 부담이 존재합니다."", ""최근 1개월 수익률이 소폭 상승했으나, 52주 최고가 대비 현재 위치는 상승 여력이 남아있음을 시사합니다."", ""거래량 변화율이 높다는 점은 시장의 관심이 증가하고 있음을 나타내지만, 이것이 반드시 상승 추세로 이어질지는 불확실합니다.""]"
207940,삼성바이오로직스,2025-11-03,1797000,Buy,75,"[""삼성바이오로직스는 52주 최고가에 근접한 높은 가격대에서 거래되고 있으며, 최근 1개월 수익률이 22.10%로 강한 상승세를 보이고 있습니다."", ""거래량 변화율이 48.84%로 증가한 것은 투자자들의 관심이 높아지고 있음을 시사하며, 이는 향후 상승 동력으로 작용할 수 있습니다."", ""다만, PER 118.1, PBR 7.63 등 재무 지표상 고평가 논란이 있을 수 있으나, 바이오 섹터의 성장성과 삼성바이오로직스의 시장 지배력을 고려할 때 단기적인 상승 모멘텀은 지속될 가능성이 있습니다.""]"
207940,삼성바이오로직스,2025-12-01,1654000,Neutral,60,"[""최근 1개월 수익률이 마이너스(-)를 기록하며 단기적인 하락세를 보이고 있으나, 52주 최고가 대비 현재 위치가 64.7%로 여전히 상승 여력이 남아있습니다."", ""PER, PBR 등 일부 재무 지표는 다소 높은 수준으로 밸류에이션 부담이 존재할 수 있습니다."", ""거래량 변화율이 감소한 점은 투자 심리 위축을 시사하지만, KOSPI 시장 전체의 방향성과 삼성바이오로직스 자체의 펀더멘털에 대한 추가적인 정보 없이는 명확한 매수 또는 매도 신호를 판단하기 어렵습니다.""]"
068270,셀트리온,2023-01-02,146272,Neutral,55,"[""현재가 52주 최고가 대비 하락폭이 크지만, 최근 1개월 수익률 하락과 거래량 변화율 감소는 부정적인 신호로 해석될 수 있습니다."", ""PER, PBR 지표는 다소 높은 편이나 ROE가 양호하여 밸류에이션 부담이 과도하다고 단정하기는 어렵습니다."", ""기술적 지표상 52주 내 현재 위치가 중간보다 낮은 편이지만, 최근 시장 수익률 대비 초과 상승 또는 하락을 명확히 지지할 만한 강력한 모멘텀이 부족합니다.""]"
068270,셀트리온,2023-02-01,155840,Neutral,55,"[""현재가는 52주 최고가 대비 하락한 위치에 있으나, 52주 최저가 대비로는 절반 이상 상승한 상태로 방향성이 명확하지 않습니다."", ""최근 1개월 수익률은 긍정적이나, 거래량 변화율이 마이너스로 전환되어 투자 심리가 위축될 가능성이 있습니다."", ""PER, PBR 등 재무 지표는 다소 높은 편이나 ROE가 이를 상쇄하는 수준으로, 밸류에이션 측면에서 명확한 매수 또는 매도 신호를 주기 어렵습니다.""]"
068270,셀트리온,2023-03-02,138544,Neutral,60,"[""최근 1개월 수익률이 -11.08%로 하락세를 보이고 있으나, 거래량 변화율이 57.92%로 크게 증가하여 투자자들의 관심이 집중되고 있음을 시사합니다."", ""현재가(138,544원)는 52주 최저가(124,949원) 대비 약 10.8% 상승한 수준으로, 추가 하락보다는 반등 가능성을 열어두고 있습니다."", ""PER(31.1)과 PBR(7.24) 지표는 다소 높은 편이나, ROE(23.2%)가 양호하여 기업의 수익성을 고려할 때 현재 주가 수준이 과도하게 고평가되었다고 단정하기 어렵습니다.""]"
068270,셀트리온,2023-04-03,146272,Neutral,55,"[""현재가 146,272원은 52주 최저가 124,949원 대비 상승했으나 최고가 188,310원 대비로는 하락한 중간 지점에 위치하여 명확한 추세 판단이 어렵습니다."", ""최근 1개월 수익률이 -0.40%로 소폭 하락세를 보였으나, 거래량 변화율이 2.36%로 소폭 증가하여 매수세 유입 가능성을 배제할 수 없습니다."", ""PER 35.4, PBR 7.17은 다소 높은 수준으로 밸류에이션 부담이 존재하나, ROE 20.2%는 양호한 수익성을 보여주고 있어 투자 매력과 부담이 상존합니다.""]"
068270,셀트리온,2023-05-02,146272,Buy,75,"[""최근 1개월 수익률이 7.08%로 양호하며, 거래량 변화율도 11.80%로 긍정적인 흐름을 보이고 있습니다."", ""현재가는 52주 최고가 대비 약 22% 하락한 수준으로, 추가 상승 여력이 존재할 수 있습니다."", ""ROE가 20.2%로 양호한 수준이며, 이는 기업의 수익 창출 능력이 좋음을 시사합니다.""]"
068270,셀트리온,2023-06-01,159612,Neutral,55,"[""최근 1개월 수익률은 긍정적이나, 거래량 변화율이 감소하며 상승 동력이 약화될 가능성을 시사합니다."", ""현재 주가는 52주 최고가 대비 중간 지점에 위치하며, 뚜렷한 방향성을 판단하기 어렵습니다."", ""PER, PBR 등 재무 지표는 다소 높은 수준으로 밸류에이션 부담이 존재하나, ROE는 양호하여 기업의 수익성은 뒷받침되고 있습니다.""]"
068270,셀트리온,2023-07-03,137901,Neutral,60,"[""최근 1개월 수익률이 -13.57%로 하락세를 보이고 있으나, 52주 최저가 대비 현재 위치가 12.9%로 반등 가능성을 시사합니다."", ""거래량 변화율이 12.08%로 긍정적인 신호를 보내고 있으나, 재무 지표상 PER이 높아 단기적인 밸류에이션 부담이 존재합니다."", ""종합적으로 볼 때, 단기 하락세와 거래량 증가라는 상반된 신호가 혼재하고 있어 명확한 방향성을 판단하기 어렵습니다.""]"
068270,셀트리온,2023-08-01,136153,Neutral,55,"[""현재가는 52주 최저가에 근접해 있어 하방 경직성을 기대할 수 있으나, 최근 1개월 수익률이 마이너스를 기록하며 상승 모멘텀이 약한 모습을 보이고 있습니다."", ""거래량 변화율이 26.78%로 증가한 것은 긍정적인 신호일 수 있으나, 이것이 매수세 유입으로 이어질지는 추가적인 확인이 필요합니다."", ""PER, PBR 등 재무 지표는 다소 높은 수준으로 밸류에이션 부담이 존재하며, 이는 단기적인 상승을 제한할 수 있는 요인입니다.""]"
068270,셀트리온,2023-09-01,133852,Neutral,55,"[""현재가는 52주 최저가에 근접해 있어 하방 경직성을 기대할 수 있으나, 최근 1개월 수익률과 거래량 변화율이 부정적인 점은 하락 압력으로 작용할 수 있습니다."", ""PER, PBR 지표는 다소 높은 편으로 밸류에이션 부담이 존재하며, ROE는 양호하나 이를 상쇄할 만큼의 강력한 상승 모멘텀이 현재로서는 명확하지 않습니다."", ""기술적 지표상 52주 최저가 부근에서 지지력을 확인할 필요가 있으며, 시장 전반의 투자 심리 및 셀트리온 관련 추가적인 뉴스나 이벤트 발생 여부에 따라 방향성이 결정될 것으로 판단됩니다.""]"
068270,셀트리온,2023-10-04,121250,Neutral,60,"[""현재가가 52주 최저가에 근접해 있어 하방 경직성이 기대되지만, 최근 1개월 수익률이 마이너스이고 거래량 변화율이 크게 감소한 점은 투자 심리 위축을 시사합니다."", ""PER과 PBR 지표는 다소 높은 편으로, 현재 주가가 기업 가치 대비 고평가되었을 가능성을 배제할 수 없습니다."", ""ROE는 양호한 수준이지만, 단기적인 시장 상황 및 투자 심리 변화에 따라 주가 방향성이 불확실하여 명확한 매수 또는 매도 신호를 판단하기 어렵습니다.""]"
068270,셀트리온,2023-11-01,137808,Buy,75,"[""최근 1개월 수익률이 9.37%로 양호하며, 거래량 변화율도 43.02%로 증가 추세를 보이고 있어 투자 심리가 개선되고 있음을 시사합니다."", ""현재 주가가 52주 최저가 대비 33.1% 수준으로, 52주 최고가와의 격차가 남아있어 추가 상승 여력이 존재합니다."", ""ROE가 20.2%로 양호한 수준이며, PER과 PBR이 다소 높지만 바이오 섹터의 성장성을 고려할 때 프리미엄이 반영된 것으로 해석될 수 있습니다.""]"
068270,셀트리온,2023-12-01,149584,Buy,75,"[""최근 1개월 수익률이 8.88%로 양호하며, 52주 최고가 대비 현재 위치가 65.2%로 상승 여력이 남아있습니다."", ""거래량 변화율이 15.46%로 증가 추세를 보이며 이는 매수세 유입 가능성을 시사합니다."", ""ROE가 20.2%로 높아 기업의 수익성이 양호하며, 이는 주가 상승의 긍정적인 요인으로 작용할 수 있습니다.""]"
068270,셀트리온,2024-01-02,212969,Buy,75,"[""셀트리온은 52주 최고가에 도달했으며, 최근 1개월 수익률이 43.17%로 매우 강한 상승세를 보이고 있습니다."", ""거래량 변화율이 97.45%로 급증하며 투자자들의 관심이 집중되고 있음을 시사합니다."", ""ROE가 20.2%로 양호한 수준이며, 이는 기업의 수익 창출 능력이 뒷받침되고 있음을 나타냅니다.""]"
068270,셀트리온,2024-02-01,169271,Neutral,55,"[""최근 1개월 수익률이 -22.81%로 크게 하락하며 단기적인 하방 압력을 시사합니다."", ""거래량 변화율 또한 -30.93%로 감소하여 투자 심리가 위축되었음을 보여줍니다."", ""하지만 PER, PBR, ROE 등 재무 지표는 양호한 편이며, 52주 내 현재 위치가 중간 수준에 있어 추가 하락보다는 반등 가능성도 배제할 수 없습니다.""]"
068270,셀트리온,2024-03-04,161728,Neutral,55,"[""현재가 161,728원은 52주 최고가 대비 약 24% 하락한 수준으로, 추가 하락보다는 반등 가능성을 시사합니다."", ""최근 1개월 수익률이 -1.95%로 소폭 하락했으나, 거래량 변화율이 -22.78%로 크게 감소한 점은 매도세가 약화되었음을 나타낼 수 있습니다."", ""PER 41.6, PBR 8.41은 다소 높은 수준이지만, ROE 20.2%는 양호한 수익성을 보여주고 있어 밸류에이션 부담과 성장성을 동시에 고려해야 합니다.""]"
068270,셀트리온,2024-04-01,169087,Neutral,60,"[""최근 1개월 수익률이 4.67%로 양호한 흐름을 보이고 있으며, 거래량 변화율도 7.26%로 긍정적인 신호를 보내고 있습니다."", ""현재가는 52주 최고가 대비 약 20% 하락한 수준으로, 기술적으로는 추가 상승 여력이 존재할 수 있습니다."", ""하지만 PER 46.0, PBR 2.24, ROE 4.9% 등 재무 지표상으로는 고평가 논란이 있을 수 있으며, 이는 단기적인 상승을 제한할 수 있는 요인입니다.""]"
068270,셀트리온,2024-05-02,173871,Neutral,55,"[""최근 1개월 수익률이 소폭 하락하고 거래량 변화율이 감소한 점은 단기적인 매도 압력을 시사합니다."", ""현재가가 52주 최고가 대비 상당 부분 하락한 위치에 있어 추가 하락보다는 반등 가능성도 존재합니다."", ""제시된 재무 지표만으로는 향후 20거래일 내 KOSPI 시장 수익률 대비 초과 상승 또는 하락을 명확히 판단하기 어렵습니다.""]"
068270,셀트리온,2024-06-03,173043,Neutral,60,"[""현재가 173,043원은 52주 최고가 대비 약 18.3% 하락한 수준으로, 추가 하락보다는 반등 가능성을 시사합니다."", ""최근 1개월 수익률이 -5.29%로 부진했으나, 이는 단기적인 조정으로 해석될 수 있으며 향후 20거래일 동안 KOSPI 시장 수익률을 상회할 잠재력이 있습니다."", ""PER 43.8, PBR 2.13, ROE 4.9% 등의 재무 지표는 현재 주가가 고평가되었다고 단정하기 어렵고, 바이오 섹터의 특성상 신약 개발 성과 등 모멘텀에 따라 주가 변동성이 클 수 있어 명확한 방향성을 제시하기 어렵습니다.""]"
068270,셀트리온,2024-07-01,169731,Neutral,65,"[""최근 1개월 수익률이 3.84%로 소폭 상승세를 보이고 있으나, PER 45.1, PBR 2.19 등 밸류에이션 지표가 다소 높은 편입니다."", ""52주 최고가 대비 현재 위치가 52.5%로 중간 수준에 머물러 있어 추가 상승 여력과 하락 위험이 공존합니다."", ""거래량 변화율이 35.28%로 증가한 것은 긍정적인 신호일 수 있으나, 재무 지표와 기술 지표 간의 상반된 시그널로 인해 명확한 방향성을 판단하기 어렵습니다.""]"
068270,셀트리온,2024-08-01,178102,Buy,75,"[""최근 1개월 수익률이 10.01%로 양호한 흐름을 보이고 있으며, 거래량 변화율도 29.96%로 증가 추세에 있어 투자 심리가 개선되고 있음을 시사합니다."", ""현재 주가는 52주 최고가 대비 약 16% 하락한 수준으로, 52주 내 현재 위치가 68.4%임을 감안할 때 추가 상승 여력이 존재할 수 있습니다."", ""바이오 섹터 전반의 긍정적인 전망과 셀트리온의 파이프라인 및 실적 개선 기대감이 단기적인 주가 상승을 견인할 가능성이 있습니다.""]"
068270,셀트리온,2024-09-02,181231,Neutral,55,"[""최근 1개월 수익률이 소폭 하락했으나, 52주 최고가 대비 현재 위치는 65.5%로 상승 여력이 남아있습니다."", ""거래량 변화율이 17.78%로 긍정적인 신호를 보이지만, PER, PBR, ROE 등 재무지표는 현재 주가 수준이 다소 고평가되었음을 시사합니다."", ""거시 경제 환경 및 바이오/제약 산업 전반의 동향에 대한 추가 정보 없이는 명확한 매수 또는 매도 신호를 판단하기 어렵습니다.""]"
068270,셀트리온,2024-10-02,177275,Neutral,60,"[""최근 1개월 수익률이 마이너스이고 거래량 변화율도 감소하는 등 단기적인 하락 압력이 관찰됩니다."", ""현재 주가가 52주 최고가 대비 상당 부분 하락한 위치에 있어 반등 가능성도 존재합니다."", ""재무 지표상 PER이 다소 높은 편이나, 바이오 섹터의 특성상 성장성을 고려하면 현재 PBR과 ROE 수준은 중립적인 평가가 가능합니다.""]"
068270,셀트리온,2024-11-01,172399,Neutral,55,"[""현재가 172,399원은 52주 최고가 대비 약 19% 하락한 수준으로, 기술적 반등 가능성과 추가 하락 가능성이 공존합니다."", ""최근 1개월 수익률이 -7.32%로 하락세를 보이고 있으며, 거래량 변화율 또한 -16.68%로 감소하여 투자 심리가 위축된 것으로 판단됩니다."", ""PER 44.3, PBR 2.16은 다소 높은 수준으로 밸류에이션 부담이 존재하나, ROE 4.9%는 낮은 편으로 재무적 매력도가 높다고 보기는 어렵습니다.""]"
068270,셀트리온,2024-12-02,171939,Neutral,60,"[""현재가 171,939원은 52주 최고가 212,969원 대비 하락한 수준이지만, 최저가 144,984원 대비로는 상승한 위치에 있어 방향성 판단이 모호합니다."", ""최근 1개월 수익률 1.93%와 거래량 변화율 10.97%는 긍정적인 신호로 볼 수 있으나, 시장 전체의 흐름이나 개별적인 모멘텀을 판단하기에는 부족합니다."", ""PER 45.2, PBR 2.20, ROE 4.9% 등의 재무 지표는 현재 주가가 고평가되었거나 성장성이 기대만큼 높지 않음을 시사할 수 있어 투자 매력도를 판단하기 어렵습니다.""]"
068270,셀트리온,2025-01-02,174245,Neutral,60,"[""현재가 174,245원은 52주 최고가 대비 약 18% 하락한 수준으로, 추가 하락보다는 반등 가능성을 시사합니다."", ""최근 1개월 수익률이 0.95%로 소폭 상승했으나, 거래량 변화율이 59.12%로 크게 증가한 점은 투자 심리 변화를 나타낼 수 있습니다."", ""PER 46.2, PBR 2.25, ROE 4.9% 등의 재무 지표는 현재 주가가 고평가되었거나 성장성이 기대만큼 높지 않음을 시사하며, 이는 상승을 제한하는 요인이 될 수 있습니다.""]"
068270,셀트리온,2025-02-03,170873,Neutral,55,"[""현재가는 52주 최고가 대비 하락한 수준이나, 최저가 대비로는 상당한 상승 여력을 보여주고 있습니다."", ""최근 1개월 수익률이 마이너스이고 거래량 변화율도 크게 감소한 점은 단기적인 투자 심리 위축을 시사합니다."", ""PER, PBR, ROE 등 재무 지표는 시장 평균 대비 고평가 또는 저평가 여부를 명확히 판단하기 어려운 수준으로, 추가적인 모멘텀이 필요합니다.""]"
068270,셀트리온,2025-03-04,177905,Neutral,60,"[""현재가 52주 최고가 대비 하락한 위치에 있어 추가 상승 여력이 존재하나, PER 47.0은 다소 높은 수준으로 밸류에이션 부담이 있습니다."", ""최근 1개월 수익률은 소폭 상승했으나, 거래량 변화율이 높다는 점은 시장의 관심이 증가하고 있음을 시사합니다."", ""ROE 4.9%는 낮은 수준으로 기업의 수익성이 개선될 여지가 필요하며, 전반적인 재무 및 기술 지표가 명확한 방향성을 제시하기에는 불확실성이 존재합니다.""]"
068270,셀트리온,2025-04-01,163457,Neutral,60,"[""현재가 52주 최저가 대비 높은 수준이나 최고가 대비로는 하락한 상태로, 기술적 반등 가능성과 추가 하락 가능성이 혼재합니다."", ""최근 1개월 수익률이 마이너스이고 거래량 변화율도 감소하여 단기적인 투자 심리가 위축된 것으로 보입니다."", ""재무지표 상 PER이 높아 고평가 논란이 있을 수 있으나, 바이오 섹터의 특성상 신약 개발 등 미래 성장성에 대한 기대감이 주가에 반영될 수 있어 명확한 방향성 판단이 어렵습니다.""]"
068270,셀트리온,2025-05-02,154403,Neutral,55,"[""현재가는 52주 최저가 대비 높은 수준이지만, 52주 최고가 대비로는 상당한 하락폭을 보이고 있어 매수세와 매도세가 혼재될 가능성이 있습니다."", ""최근 1개월 수익률이 마이너스를 기록하며 단기적인 하락 압력을 받고 있으나, 거래량 변화율이 소폭 상승하며 투자자들의 관심이 유지되고 있음을 시사합니다."", ""PER, PBR, ROE 등 재무 지표는 현재 주가 수준에 대한 명확한 판단을 내리기 어렵게 만들며, 향후 20거래일 동안 KOSPI 시장 수익률 대비 초과 상승 또는 하락을 단정하기에는 정보가 불충분합니다.""]"
068270,셀트리온,2025-06-02,154595,Neutral,55,"[""현재가(154,595원)는 52주 최저가(146,215원) 대비 소폭 상승했으나, 52주 최고가(192,270원) 대비로는 상당한 하락폭을 보이며 52주 내 현재 위치가 19.2%로 낮은 편에 속합니다."", ""최근 1개월 수익률이 -1.83%로 약세를 보이고 있으나, 거래량 변화율이 14.64%로 증가하는 것은 매수세 유입 가능성을 시사합니다."", ""PER(75.7) 및 PBR(1.96) 지표는 다소 높은 편으로 밸류에이션 부담이 존재하며, ROE(2.6%)는 낮은 수준으로 수익성이 개선될 여지가 필요합니다.""]"
068270,셀트리온,2025-07-01,168900,Neutral,60,"[""최근 1개월 수익률은 긍정적이나, 거래량 변화율이 감소하고 있어 상승 동력이 약화될 수 있습니다."", ""현재 주가는 52주 최고가 대비 하락한 위치에 있으나, 최저가 대비로는 상당한 상승을 보였습니다."", ""재무 지표상 PER이 높아 밸류에이션 부담이 존재하며, ROE는 낮은 수준으로 수익성이 개선될 여지가 필요합니다.""]"
068270,셀트리온,2025-08-01,173900,Neutral,55,"[""현재가는 52주 최고가 대비 하락한 수준이지만, 52주 최저가 대비로는 상당한 상승 여력을 보여주고 있습니다."", ""최근 1개월 수익률이 소폭 하락하고 거래량 변화율이 감소한 점은 단기적인 매도 압력을 시사하지만, KOSPI 시장 수익률 대비 초과 상승을 판단하기에는 근거가 부족합니다."", ""PER, PBR, ROE 등 재무 지표는 현재 주가 수준에 대한 명확한 판단을 내리기 어렵게 하며, 향후 20거래일 동안의 뚜렷한 상승 또는 하락 요인이 균형을 이루고 있어 중립적인 의견을 제시합니다.""]"
068270,셀트리온,2025-09-01,171200,Neutral,55,"[""현재가(171,200원)는 52주 최고가(189,050원) 대비 하락했으나, 52주 최저가(146,215원) 대비로는 상승한 중간 지점에 위치하고 있습니다."", ""최근 1개월 수익률(-5.09%)과 거래량 변화율(-21.42%)은 하락세를 시사하지만, PER(82.9)과 PBR(2.14)은 다소 높은 수준으로 밸류에이션 부담이 존재합니다."", ""ROE(2.6%)가 낮은 점은 수익성 측면에서 아쉬우나, 시가총액(37.7조원)이 큰 대형주로서 단기적인 급등락보다는 시장 전반의 흐름에 영향을 받을 가능성이 높습니다.""]"
068270,셀트리온,2025-10-01,175400,Neutral,55,"[""현재가 52주 최고가 대비 하락했으나, 52주 최저가 대비로는 상당한 상승 여력을 보여주고 있습니다."", ""최근 1개월 수익률은 소폭 상승했으나, 거래량 변화율이 높아 변동성이 확대될 가능성이 있습니다."", ""PER, PBR, ROE 등 재무지표는 현재 주가 수준을 정당화하기에 다소 부담스러운 측면이 있어 추가적인 상승 동력 확보가 필요합니다.""]"
068270,셀트리온,2025-11-03,176300,Neutral,55,"[""현재가 52주 최고가 대비 하락했으나, 52주 내 위치는 상위권에 있어 추가 상승 여력에 대한 판단이 불확실합니다."", ""최근 1개월 수익률이 소폭 하락했으나, 거래량 변화율이 긍정적인 점은 향후 변동성을 시사합니다."", ""PER, PBR, ROE 등 재무지표만으로는 단기적인 투자 방향을 명확히 판단하기 어렵습니다.""]"
068270,셀트리온,2025-12-01,184200,Neutral,60,"[""현재가 52주 최고가 대비 하락했으나, 52주 내 현재 위치가 높아 추가 상승 여력에 대한 판단이 엇갈릴 수 있습니다."", ""최근 1개월 수익률은 긍정적이나, 거래량 변화율이 높아 변동성이 확대될 가능성이 있습니다."", ""재무 지표상 PER이 높아 단기적인 밸류에이션 부담이 존재하며, ROE가 낮은 점은 아쉬운 부분입니다.""]"
373220,LG에너지솔루션,2023-01-02,440500,Neutral,55,"[""최근 1개월 수익률이 -23.76%로 크게 하락하며 단기적인 하방 압력을 시사합니다."", ""52주 최고가 대비 현재 위치가 33.6%로, 여전히 높은 밸류에이션 부담이 존재합니다."", ""하지만 전기차 시장의 장기적인 성장 전망과 LG에너지솔루션의 시장 지배력을 고려할 때, 급격한 추가 하락보다는 횡보 또는 완만한 반등 가능성도 배제할 수 없습니다.""]"
373220,LG에너지솔루션,2023-02-01,533000,Buy,75,"[""최근 1개월 수익률이 19.86%로 강한 상승세를 보이고 있으며, 거래량 변화율도 20.10%로 증가하여 투자 심리가 긍정적임을 시사합니다."", ""현재 주가는 52주 최고가 대비 약 15% 하락한 수준으로, 기술적으로는 반등 가능성이 열려 있습니다."", ""LG에너지솔루션은 전기차 배터리 시장의 성장성과 글로벌 선두 기업으로서의 지위를 바탕으로 장기적인 성장 잠재력을 가지고 있습니다.""]"
373220,LG에너지솔루션,2023-03-02,538000,Neutral,60,"[""LG에너지솔루션은 현재 52주 최고가 대비 약 13% 하락한 수준으로, 기술적으로는 반등 가능성이 있으나 밸류에이션 지표(PER, PBR)가 다소 높은 편입니다."", ""최근 1개월 수익률은 소폭 상승했으나 거래량 변화율이 감소한 점은 투자 심리 위축 가능성을 시사합니다."", ""전반적인 재무 및 기술 지표가 명확한 상승 또는 하락 방향을 강하게 지지하지 않아 향후 20거래일 내 KOSPI 시장 수익률 대비 초과 상승 또는 하락을 단정하기 어렵습니다.""]"
373220,LG에너지솔루션,2023-04-03,575000,Buy,75,"[""최근 1개월 수익률이 8.92%로 양호하며, 52주 최고가 대비 현재 위치가 85.8%로 상승 추세에 대한 기대감을 높입니다."", ""거래량 변화율이 19.57%로 증가하는 것은 투자자들의 관심이 높아지고 있음을 시사하며, 이는 향후 주가 상승의 동력이 될 수 있습니다."", ""LG에너지솔루션은 전기차 배터리 시장의 성장성과 글로벌 선도 기업으로서의 지위를 바탕으로 장기적인 성장 잠재력을 가지고 있습니다.""]"
373220,LG에너지솔루션,2023-05-02,567000,Neutral,60,"[""LG에너지솔루션은 52주 최고가 대비 현재 위치가 높아 추가 상승 여력이 제한적일 수 있습니다."", ""최근 1개월 수익률은 소폭 상승했으나 거래량 변화율은 하락하여 투자 심리가 혼조세임을 시사합니다."", ""PER, PBR 등 재무 지표가 다소 높은 수준으로 밸류에이션 부담이 존재합니다.""]"
373220,LG에너지솔루션,2023-06-01,588000,Neutral,60,"[""LG에너지솔루션은 52주 최고가 대비 현재 위치가 높아 추가 상승 여력이 제한적일 수 있습니다."", ""최근 1개월 수익률이 소폭 상승했으나, 거래량 변화율이 크게 감소하여 투자 심리가 위축되었을 가능성이 있습니다."", ""PER, PBR 등 재무 지표가 다소 높은 수준으로 밸류에이션 부담이 존재하며, 이는 단기적인 주가 상승을 제약할 수 있습니다.""]"
373220,LG에너지솔루션,2023-07-03,569000,Neutral,60,"[""LG에너지솔루션은 52주 최고가 대비 현재 위치가 높아 단기 차익 실현 매물이 출회될 가능성이 있습니다."", ""최근 1개월 수익률이 소폭 하락했으나, 거래량 변화율이 높아 시장의 관심은 여전히 높은 것으로 판단됩니다."", ""PER, PBR 등 재무 지표가 다소 높은 수준이지만, 성장성을 고려할 때 추가 상승 여력도 존재하여 명확한 방향성을 판단하기 어렵습니다.""]"
373220,LG에너지솔루션,2023-08-01,544000,Neutral,65,"[""LG에너지솔루션은 52주 최고가 대비 현재 위치가 70.9%로 상승 여력이 남아있으나, 최근 1개월 수익률이 마이너스를 기록하며 단기적인 약세를 보이고 있습니다."", ""PER 168.5, PBR 6.33 등 재무 지표상 고평가 논란이 존재하며, ROE 3.8%는 낮은 수준으로 수익성 개선이 필요합니다."", ""최근 거래량 변화율이 97.57%로 크게 증가한 점은 투자자들의 관심이 집중되고 있음을 시사하지만, 이것이 상승 추세로 이어질지는 불확실합니다.""]"
373220,LG에너지솔루션,2023-09-01,530000,Neutral,60,"[""LG에너지솔루션의 현재 PER과 PBR은 다소 높은 수준으로 밸류에이션 부담이 존재합니다."", ""최근 1개월 수익률이 마이너스를 기록하고 거래량 변화율도 감소하여 단기적인 투자 심리가 위축된 것으로 보입니다."", ""하지만 52주 최고가 대비 현재 위치가 절반 이상에 위치하고 있어 추가 하락보다는 반등 가능성도 배제할 수 없습니다.""]"
373220,LG에너지솔루션,2023-10-04,467500,Neutral,55,"[""최근 1개월 수익률이 -17.54%로 하락세를 보이고 있으며, 거래량 변화율 또한 감소하여 단기적인 투자 심리가 위축된 것으로 판단됩니다."", ""현재 주가는 52주 최저가 대비로는 높은 수준이지만, 최고가 대비로는 상당한 하락폭을 기록하며 기술적으로는 반등 가능성을 내포하고 있습니다."", ""LG에너지솔루션은 성장성이 높은 전기차 배터리 시장의 선두 주자로서 장기적인 관점에서는 긍정적이나, 단기적인 시장 상황 및 투자 심리 변화를 고려할 때 20거래일 내 명확한 방향성을 예측하기에는 정보가 다소 불충분합니다.""]"
373220,LG에너지솔루션,2023-11-01,391500,Neutral,55,"[""최근 1개월 수익률이 -20.61%로 크게 하락했으나, 52주 최저가 대비 현재 위치가 0.0%로 바닥권에 근접한 것으로 보입니다."", ""거래량 변화율이 31.53%로 증가한 것은 매수세 유입 가능성을 시사하지만, PER 114.2, PBR 4.29, ROE 3.8% 등 재무 지표상 고평가 논란이 여전히 존재합니다."", ""향후 20거래일 내 시장 수익률 대비 초과 상승 또는 하락을 명확히 판단하기에는 기술적 반등 가능성과 밸류에이션 부담이 혼재되어 있어 정보가 불충분합니다.""]"
373220,LG에너지솔루션,2023-12-01,430000,Neutral,60,"[""최근 1개월 수익률은 긍정적이나, 거래량 변화율은 감소 추세를 보여 투자 심리가 위축될 가능성이 있습니다."", ""현재 주가는 52주 최저가 대비 높은 수준이지만, 최고가 대비로는 상당한 하락 여력이 남아있어 방향성 판단이 어렵습니다."", ""PER, PBR 등 재무 지표는 다소 높은 수준으로 밸류에이션 부담이 존재하며, ROE는 낮은 편이라 단기적인 급등보다는 안정적인 흐름을 예상해 볼 수 있습니다.""]"
373220,LG에너지솔루션,2024-01-02,416000,Neutral,55,"[""LG에너지솔루션은 현재 52주 최저가 대비 높은 수준에 위치해 있으나, 최근 1개월 수익률과 거래량 변화율이 부정적인 신호를 보내고 있습니다."", ""PER, PBR 등 재무 지표는 다소 높은 수준으로 밸류에이션 부담이 존재할 수 있습니다."", ""하지만 전기차 배터리 시장의 장기적인 성장 전망과 LG에너지솔루션의 시장 지배력을 고려할 때, 단기적인 하락 압력과 상승 잠재력이 혼재되어 있어 명확한 방향성을 판단하기 어렵습니다.""]"
373220,LG에너지솔루션,2024-02-01,387500,Neutral,60,"[""LG에너지솔루션은 52주 최저가 대비 소폭 상승했으나, 최근 1개월 수익률은 하락세를 보이며 투자 심리가 위축될 가능성이 있습니다."", ""PER, PBR 지표는 다소 높은 수준으로 밸류에이션 부담이 존재하며, ROE는 낮은 수준으로 수익성이 개선될 여지가 필요합니다."", ""거래량 변화율이 긍정적인 신호를 보이지만, 전반적인 재무 및 기술 지표가 명확한 상승 또는 하락 방향을 강하게 지지하지 않아 중립적인 판단이 적절합니다.""]"
373220,LG에너지솔루션,2024-03-04,387500,Neutral,55,"[""LG에너지솔루션은 52주 최저가 대비 12.5% 상승한 위치에 있어 추가 상승 여력이 제한적일 수 있습니다."", ""최근 1개월 수익률은 긍정적이나, 거래량 변화율이 소폭 하락하여 매수세가 강하지 않음을 시사합니다."", ""PER, PBR 등 재무 지표는 다소 높은 수준으로 밸류에이션 부담이 존재합니다.""]"
373220,LG에너지솔루션,2024-04-01,393000,Neutral,55,"[""LG에너지솔루션은 52주 최저가 대비 현재 위치가 11.3%로, 하락 후 반등 가능성을 시사하지만 52주 최고가 대비로는 여전히 큰 폭의 하락세를 보이고 있어 상승 여력이 제한적일 수 있습니다."", ""최근 1개월 수익률이 -1.49%로 소폭 하락했으며, 거래량 변화율 또한 -14.50%로 감소하여 단기적인 투자 심리가 위축되었음을 나타냅니다."", ""PER, PBR 등 재무 지표는 다소 높은 수준으로 평가되어 단기적인 급등보다는 안정적인 흐름을 예상하게 하지만, 전기차 및 배터리 산업의 장기적인 성장성은 긍정적인 요인으로 작용할 수 있습니다.""]"
373220,LG에너지솔루션,2024-05-02,391000,Neutral,55,"[""LG에너지솔루션은 52주 최저가 대비 높은 수준에 위치해 있으나, 최근 1개월 수익률은 소폭 하락하며 투자 심리가 위축될 가능성을 시사합니다."", ""PER, PBR 등 재무 지표는 다소 높은 수준으로 밸류에이션 부담이 존재하며, 이는 단기적인 상승 모멘텀을 제한할 수 있습니다."", ""거래량 변화율이 긍정적인 신호를 보이고 있으나, 전반적인 시장 상황 및 거시 경제 변수에 대한 불확실성이 높아 명확한 방향성을 판단하기 어렵습니다.""]"
373220,LG에너지솔루션,2024-06-03,336500,Neutral,55,"[""LG에너지솔루션은 52주 최저가에 근접한 현재가로 기술적 반등 가능성이 있으나, 최근 1개월 수익률이 -14.65%로 하락세를 보이고 있습니다."", ""PER 62.8배는 다소 높은 수준으로 밸류에이션 부담이 존재하며, ROE 5.1%는 낮은 편입니다."", ""거래량 변화율이 크지 않아 현재 시장 참여자들의 방향성에 대한 명확한 신호를 파악하기 어렵습니다.""]"
373220,LG에너지솔루션,2024-07-01,343500,Neutral,55,"[""LG에너지솔루션은 52주 최저가 대비 높은 수준에 위치해 있으나, 52주 최고가 대비로는 상당한 하락폭을 기록하며 기술적으로는 반등 가능성을 시사합니다."", ""최근 1개월 수익률이 긍정적이고 거래량 변화율도 증가하는 추세는 단기적인 매수 심리 개선을 나타낼 수 있습니다."", ""하지만 PER, PBR 등 재무 지표가 다소 높은 수준이며, ROE가 낮은 점은 밸류에이션 부담과 수익성 측면에서의 불확실성을 내포하고 있어 명확한 매수 또는 매도 신호를 주기 어렵습니다.""]"
373220,LG에너지솔루션,2024-08-01,336000,Neutral,55,"[""LG에너지솔루션은 52주 최저가에 근접한 수준으로 반등 가능성이 있으나, 최근 1개월 수익률이 마이너스인 점은 하방 압력을 시사합니다."", ""PER 63.1배는 다소 높은 수준으로 밸류에이션 부담이 존재하며, 이는 단기적인 상승 모멘텀을 제한할 수 있습니다."", ""거래량 변화율이 크지 않고 시장 전반의 방향성이 불확실한 상황에서, LG에너지솔루션의 20거래일 내 명확한 초과 상승 또는 하락을 예측하기에는 정보가 제한적입니다.""]"
373220,LG에너지솔루션,2024-09-02,411000,Buy,75,"[""최근 1개월 수익률이 23.54%로 강한 상승세를 보이고 있으며, 거래량 변화율도 42.59%로 증가하여 투자자들의 관심이 집중되고 있음을 시사합니다."", ""현재가가 52주 최저가 대비 높은 수준에 위치하고 있으나, 52주 최고가 대비로는 아직 상승 여력이 남아있어 추가적인 상승 가능성을 배제할 수 없습니다."", ""LG에너지솔루션은 전기차 배터리 시장의 성장성과 함께 글로벌 시장에서의 경쟁력을 바탕으로 향후에도 긍정적인 전망을 유지하고 있습니다.""]"
373220,LG에너지솔루션,2024-10-02,403500,Neutral,60,"[""최근 1개월 수익률이 10.85%로 양호한 흐름을 보이고 있으며, 거래량 변화율도 23.86%로 긍정적인 신호를 보내고 있습니다."", ""현재가는 52주 최고가 대비 약 20% 하락한 수준으로, 추가 상승 여력과 하락 위험이 공존하는 구간으로 판단됩니다."", ""PER 77.3, PBR 3.92, ROE 5.1% 등 재무 지표는 다소 높은 밸류에이션을 시사하지만, 성장성을 고려할 때 단기적인 방향성을 명확히 판단하기에는 정보가 제한적입니다.""]"
373220,LG에너지솔루션,2024-11-01,426000,Neutral,55,"[""LG에너지솔루션은 52주 최고가 대비 현재 위치가 중간 수준이며, 최근 1개월 수익률과 거래량 변화율이 소폭 하락하여 단기적인 상승 모멘텀이 약한 것으로 판단됩니다."", ""PER 78.0, PBR 3.96은 다소 높은 수준으로, 현재 주가가 기업의 내재가치 대비 고평가되었을 가능성을 시사합니다."", ""하지만 전기차 배터리 시장의 장기적인 성장 전망과 LG에너지솔루션의 시장 지배력을 고려할 때, 급격한 하락보다는 횡보 또는 완만한 상승 가능성도 배제할 수 없어 명확한 매수/매도 신호를 주기 어렵습니다.""]"
373220,LG에너지솔루션,2024-12-02,397000,Neutral,60,"[""LG에너지솔루션은 52주 최고가 대비 하락한 가격에 거래되고 있으나, 최근 1개월 수익률은 하락세를 보이고 있어 단기적인 매수세 유입 여부가 불확실합니다."", ""PER, PBR, ROE 등 재무 지표는 현재 주가 수준에 대한 고평가 또는 저평가 여부를 명확히 판단하기 어려운 수준입니다."", ""거래량 변화율이 소폭 상승한 점은 긍정적일 수 있으나, 시장 전반의 투자 심리 및 추가적인 모멘텀 부재 시 상승 동력이 약할 수 있습니다.""]"
373220,LG에너지솔루션,2025-01-02,356000,Neutral,55,"[""최근 1개월 수익률이 -9.31%로 하락세를 보이고 있으며, 거래량 변화율 또한 -33.78%로 감소하여 단기적인 투자 심리가 위축된 것으로 판단됩니다."", ""현재가는 52주 최고가 대비 약 18.4% 하락한 수준으로, 기술적으로는 반등의 여지가 있으나 52주 최저가 대비로는 약 10.9% 상승한 위치에 있어 추가 하락 가능성도 배제할 수 없습니다."", ""LG에너지솔루션의 재무 지표(PER 65.4, PBR 3.32, ROE 5.1%)는 성장성을 반영하고 있으나, 현재 주가 수준에서 단기적인 급등을 기대하기에는 부담스러운 측면이 있습니다. 따라서 향후 20거래일 내 KOSPI 시장 수익률 대비 초과 상승 또는 하락을 명확히 판단하기에는 정보가 다소 불충분합니다.""]"
373220,LG에너지솔루션,2025-02-03,333000,Neutral,60,"[""LG에너지솔루션은 현재 52주 최저가에 근접한 가격에 거래되고 있어 단기 반등 가능성이 존재합니다."", ""최근 1개월 수익률과 거래량 변화율이 하락세를 보이고 있어 추가 하락 가능성도 배제할 수 없습니다."", ""PER, PBR 등 재무 지표는 다소 높은 수준으로 밸류에이션 부담이 존재하며, 이는 상승 여력을 제한할 수 있습니다.""]"
373220,LG에너지솔루션,2025-03-04,334000,Neutral,55,"[""LG에너지솔루션은 52주 최저가에 근접한 가격에 거래되고 있어 단기 반등 가능성이 있으나, 최근 1개월 수익률 하락과 거래량 감소는 투자 심리 위축을 시사합니다."", ""PER, PBR 등 재무 지표는 다소 높은 수준으로 밸류에이션 부담이 존재하며, 이는 향후 상승 여력을 제한할 수 있습니다."", ""현재 제공된 정보만으로는 KOSPI 시장 수익률 대비 초과 상승 또는 하락을 명확히 판단하기 어려워 중립적인 의견을 제시합니다.""]"
373220,LG에너지솔루션,2025-04-01,329000,Neutral,55,"[""LG에너지솔루션은 현재 52주 최저가에 근접한 가격에 거래되고 있어 기술적으로는 반등 가능성이 있으나, 최근 1개월 수익률이 마이너스를 기록하며 투자 심리가 위축된 모습을 보이고 있습니다."", ""PER이 해당 없음(적자)으로 재무 건전성에 대한 우려가 존재하며, 이는 단기적인 주가 상승을 제한하는 요인이 될 수 있습니다."", ""거래량 변화율이 28.04%로 증가한 것은 투자자들의 관심이 높아지고 있음을 시사하지만, 이것이 긍정적인 방향으로 이어질지는 불확실합니다.""]"
373220,LG에너지솔루션,2025-05-02,322500,Neutral,55,"[""LG에너지솔루션은 현재 52주 최저가에 근접한 수준으로 기술적 반등 가능성이 있으나, 최근 1개월 수익률 하락과 거래량 감소는 투자 심리 위축을 시사합니다."", ""PER이 없어 적자 상태임을 감안할 때, 현재 PBR 2.42는 고평가 논란의 여지가 있으며, ROE가 없는 점은 재무적 안정성 판단에 불확실성을 더합니다."", ""전반적으로 기술적 지표는 하락 압력을 나타내지만, 시장 대비 초과 상승 또는 하락을 명확히 판단할 만큼 강력한 매수 또는 매도 신호가 부족하여 중립 의견을 제시합니다.""]"
373220,LG에너지솔루션,2025-06-02,288500,Neutral,55,"[""LG에너지솔루션은 현재 적자 상태로 PER 지표가 없어 기업 가치 평가에 어려움이 있습니다."", ""최근 1개월 수익률이 -18.71%로 하락세를 보이고 있으나, 52주 최저가 대비 현재 위치는 9.8%로 상대적으로 높은 편입니다."", ""거래량 변화율이 3.72%로 소폭 증가했으나, 이는 추세 전환을 확신하기에는 부족한 수치입니다.""]"
373220,LG에너지솔루션,2025-07-01,302500,Neutral,55,"[""LG에너지솔루션은 현재 적자 상태로 PER 지표가 없어 기업 가치 평가에 어려움이 있습니다."", ""52주 최고가 대비 현재 위치가 17.5%로 하락폭이 제한적이지만, 최근 1개월 수익률은 3.30%로 소폭 상승세를 보이고 있습니다."", ""거래량 변화율이 -9.90%로 감소 추세를 보이고 있어 투자 심리가 위축될 가능성도 존재합니다.""]"
373220,LG에너지솔루션,2025-08-01,375500,Buy,75,"[""최근 1개월 수익률이 17.11%로 강한 상승세를 보이고 있으며, 이는 투자자들의 긍정적인 심리를 반영합니다."", ""52주 최고가 대비 현재 위치가 62.3%로, 아직 상승 여력이 남아있을 가능성을 시사합니다."", ""거래량 변화율이 49.32%로 높게 나타나, 시장의 관심이 집중되고 있으며 이는 향후 주가 상승 동력으로 작용할 수 있습니다.""]"
373220,LG에너지솔루션,2025-09-01,350000,Neutral,60,"[""LG에너지솔루션은 현재 적자 상태로 PER 지표가 없어 기업 가치 평가에 어려움이 있습니다."", ""최근 1개월 수익률이 -8.76%로 하락세를 보이고 있으며, 거래량 변화율도 -48.02%로 감소하여 투자 심리가 위축된 것으로 판단됩니다."", ""하지만 52주 최고가 대비 현재 위치가 48.1%로 절반 수준에 머물러 있어 추가 하락보다는 반등 가능성도 배제할 수 없습니다.""]"
373220,LG에너지솔루션,2025-10-01,399000,Neutral,55,"[""LG에너지솔루션은 현재 적자 상태로 PER 지표 분석이 어렵습니다."", ""52주 최고가 대비 현재 위치가 절반 이상으로 상승 여력과 하락 위험이 공존합니다."", ""최근 1개월 수익률이 소폭 하락했으나 거래량 변화율은 긍정적인 신호를 보이고 있어 방향성 판단이 불확실합니다.""]"
373220,LG에너지솔루션,2025-11-03,473000,Buy,75,"[""최근 1개월 수익률이 36.25%로 매우 강한 상승세를 보이고 있으며, 이는 투자자들의 긍정적인 심리를 반영합니다."", ""거래량 변화율이 148.31%로 급증한 것은 매수세가 강하게 유입되고 있음을 시사하며, 추가 상승 가능성을 높입니다."", ""현재 주가가 52주 최고가 대비 84.3% 수준으로, 아직 상승 여력이 남아있다고 판단됩니다.""]"
373220,LG에너지솔루션,2025-12-01,415000,Neutral,55,"[""LG에너지솔루션은 현재 적자 상태로 PER 지표가 없어 기업 가치 평가에 어려움이 있습니다."", ""최근 1개월 수익률이 -12.69%로 하락세를 보이고 있으며, 거래량 변화율도 감소하여 투자 심리가 위축된 것으로 판단됩니다."", ""하지만 52주 최고가 대비 현재 위치가 58.9%로 여전히 상승 여력이 남아있고, PBR이 3.12로 자산 가치 대비 과대평가 수준은 아니라는 점에서 추가 하락보다는 보합세를 예상해 볼 수 있습니다.""]"
006400,삼성SDI,2023-01-02,592315,Neutral,55,"[""최근 1개월 수익률이 -17.08%로 하락세를 보이고 있으며, 거래량 변화율 또한 감소하여 단기적인 매도 압력이 존재합니다."", ""현재 주가는 52주 최고가 대비 약 20.4% 하락한 수준으로, 기술적으로는 반등 가능성을 시사할 수 있습니다."", ""PER이 '해당없음(적자)'으로 표시되어 있어 재무적인 측면에서 명확한 투자 매력도를 판단하기 어렵습니다.""]"
006400,삼성SDI,2023-02-01,700987,Buy,75,"[""최근 1개월 수익률이 21.83%로 강한 상승세를 보이고 있으며, 52주 최고가 대비 현재 위치가 85.7%로 상승 여력이 남아있습니다."", ""거래량 변화율이 11.25%로 증가하며 투자자들의 관심이 높아지고 있음을 시사합니다."", ""PER이 해당없음(적자)으로 재무적 부담이 있으나, PBR 3.74는 자산 가치 대비 상승 가능성을 보여줍니다.""]"
006400,삼성SDI,2023-03-02,715673,Neutral,60,"[""삼성SDI는 현재 52주 최고가 대비 약 17.9% 하락한 위치에 있으며, 이는 단기적으로 상승 여력이 있음을 시사합니다."", ""최근 1개월 수익률이 3.65%로 긍정적인 흐름을 보이고 있으나, 거래량 변화율이 -5.18%로 감소하는 추세는 매수세 약화를 나타낼 수 있습니다."", ""PER이 '해당없음(적자)'으로 표시되어 있어 재무적 안정성 측면에서 추가적인 분석이 필요하며, 이는 투자 판단에 불확실성을 더합니다.""]"
006400,삼성SDI,2023-04-03,710778,Buy,75,"[""삼성SDI는 52주 최고가 대비 현재 위치가 83.3%로, 여전히 상승 여력이 남아있음을 시사합니다."", ""최근 1개월 수익률이 1.92%로 소폭 상승세를 보이고 있으며, 거래량 변화율도 7.85%로 긍정적인 흐름을 나타내고 있습니다."", ""PER이 해당없음(적자)으로 표시되어 있지만, 이는 성장주 특성상 미래 성장성에 대한 기대감이 반영된 것으로 해석될 수 있으며, PBR 3.41은 자산 가치 대비 높은 평가를 받고 있음을 보여줍니다.""]"
006400,삼성SDI,2023-05-02,669658,Neutral,55,"[""삼성SDI는 현재 적자 상태로 PER 지표가 없어 기업 가치 평가에 어려움이 있습니다."", ""최근 1개월 수익률이 마이너스(-)를 기록하며 단기적인 하락 압력이 존재합니다."", ""하지만 52주 최고가 대비 현재 위치가 67.6%로 여전히 상승 여력이 남아있고, 거래량 변화율이 소폭 상승하는 등 긍정적인 신호도 일부 관찰됩니다.""]"
006400,삼성SDI,2023-06-01,700008,Neutral,55,"[""삼성SDI는 현재 PER이 없어 적자 상태임을 나타내지만, PBR이 3.24로 자산 가치 대비 높은 수준은 아닙니다."", ""52주 최고가 대비 현재 위치가 70.4%로, 상승 여력이 남아있다고 볼 수 있으나 최근 1개월 수익률이 2.46%로 소폭 상승에 그쳤습니다."", ""거래량 변화율이 -38.11%로 크게 감소한 점은 투자 심리 위축을 시사하며, 이는 향후 주가 상승에 부담으로 작용할 수 있습니다.""]"
006400,삼성SDI,2023-07-03,696092,Neutral,60,"[""삼성SDI는 현재 적자 상태로 PER 지표가 없어 가치 평가에 어려움이 있습니다."", ""52주 최고가 대비 현재 위치가 73.5%로 상승 여력과 하락 위험이 공존하는 구간입니다."", ""최근 1개월 수익률이 소폭 상승했으나 거래량 변화율이 크지 않아 뚜렷한 추세 전환 신호로 보기 어렵습니다.""]"
006400,삼성SDI,2023-08-01,636371,Neutral,55,"[""삼성SDI는 현재 52주 최고가 대비 약 18% 하락한 상태로, 기술적으로는 반등 가능성이 존재합니다."", ""최근 1개월 수익률이 마이너스(-)를 기록하며 단기적인 하락세를 보였으나, 거래량 변화율이 34.74%로 증가한 점은 투자자들의 관심이 다시 집중되고 있음을 시사합니다."", ""PER 지표가 '해당없음(적자)'으로 표시되어 있어 현재 기업의 수익성 측면에서 명확한 판단을 내리기 어렵고, PBR이 3.07로 자산 가치 대비 높은 편이어서 추가적인 상승 동력이 필요합니다.""]"
006400,삼성SDI,2023-09-01,597210,Neutral,60,"[""삼성SDI는 현재 적자 상태로 PER 지표가 없어 기업 가치 평가에 어려움이 있습니다."", ""최근 1개월 수익률이 마이너스이고 거래량 변화율도 감소하여 단기적인 하락 압력이 존재합니다."", ""하지만 52주 최저가 대비 현재 위치가 20.2% 상승한 점과 PBR 2.73은 시장에서 일정 수준의 가치를 인정받고 있음을 시사합니다.""]"
006400,삼성SDI,2023-10-04,478747,Neutral,55,"[""삼성SDI는 현재 52주 최저가에 근접한 수준으로 기술적 반등 가능성이 있으나, 최근 1개월 수익률이 -20.05%로 하락 추세가 지속되고 있습니다."", ""PER이 해당없음(적자)으로 재무적 부담이 존재하며, 이는 투자 심리에 부정적인 영향을 미칠 수 있습니다."", ""거래량 변화율이 39.11%로 증가한 것은 단기적인 매수세 유입 가능성을 시사하지만, 전반적인 시장 상황 및 기업 펀더멘털에 대한 추가 정보 없이는 명확한 방향성을 판단하기 어렵습니다.""]"
006400,삼성SDI,2023-11-01,441543,Neutral,55,"[""삼성SDI는 현재 적자 상태로 PER 지표가 없어 기업 가치 평가에 어려움이 있습니다."", ""최근 1개월 수익률이 -18.49%로 하락세를 보였으나, 52주 최저가 대비 현재 위치가 0.7%로 낮은 편은 아닙니다."", ""거래량 변화율이 68.36%로 높게 나타나 투자자들의 관심이 증가하고 있으나, 이는 상승 또는 하락 모두를 야기할 수 있는 요인입니다.""]"
006400,삼성SDI,2023-12-01,430285,Neutral,55,"[""삼성SDI는 현재 PER이 산출되지 않을 정도로 적자 상태이며, 이는 투자 매력도를 낮추는 요인입니다."", ""52주 최저가 대비 현재 위치가 8.0%로, 기술적으로는 반등 가능성이 있지만 52주 최고가 대비로는 상당한 하락폭을 기록하고 있어 추가 하락 가능성도 배제할 수 없습니다."", ""최근 1개월 수익률이 소폭 하락했고 거래량 변화율도 마이너스인 점은 단기적인 매도 압력을 시사하지만, 시장 전반의 흐름이나 삼성SDI의 장기적인 성장성에 대한 정보가 부족하여 명확한 매수 또는 매도 신호를 판단하기 어렵습니다.""]"
006400,삼성SDI,2024-01-02,437138,Neutral,60,"[""삼성SDI는 현재 적자 상태로 PER 지표가 없어 가치 평가에 어려움이 있습니다."", ""52주 최저가 대비 현재 위치가 13.3%로, 추가 하락 가능성과 반등 가능성이 공존하는 구간입니다."", ""최근 1개월 수익률이 소폭 하락했고 거래량 변화율도 마이너스인 점은 단기적인 매도 압력을 시사하지만, 시장 전반의 흐름이나 업황 개선 여부에 따라 변동성이 클 수 있습니다.""]"
006400,삼성SDI,2024-02-01,384760,Neutral,55,"[""삼성SDI는 현재 적자 상태로 PER 지표가 없어 기업 가치 평가에 어려움이 있습니다."", ""최근 1개월 수익률이 -15.45%로 하락세를 보이고 있으나, 52주 최저가 대비 현재 위치가 6.7%로 낮은 편은 아닙니다."", ""거래량 변화율이 53.59%로 높게 나타나 투자자들의 관심이 증가하고 있으나, 이는 상승 또는 하락 모두를 야기할 수 있는 요인입니다.""]"
006400,삼성SDI,2024-03-04,358815,Neutral,55,"[""삼성SDI는 현재 PER이 산출되지 않을 정도로 적자 상태이며, 이는 투자 매력도를 낮추는 요인입니다."", ""52주 최저가 대비 현재 위치가 6.1%로, 바닥권에서 크게 벗어나지 않아 추가 하락 가능성과 반등 가능성이 공존합니다."", ""최근 1개월 수익률이 0.00%이고 거래량 변화율이 -28.53%로 감소한 점은 단기적인 모멘텀 부재를 시사하며, 명확한 방향성을 판단하기 어렵습니다.""]"
006400,삼성SDI,2024-04-01,443502,Buy,75,"[""최근 1개월 수익률이 20.42%로 강한 상승세를 보이고 있으며, 거래량 변화율도 174.23%로 매우 높아 투자자들의 관심이 집중되고 있음을 시사합니다."", ""현재 주가는 52주 최저가 대비 상당 부분 상승한 위치에 있으며, 52주 최고가 대비로는 아직 하락 여력이 남아있어 추가 상승 가능성을 열어둡니다."", ""삼성SDI는 전기차 배터리 시장의 성장성과 기술력을 바탕으로 장기적인 성장 전망이 긍정적이며, 이는 단기적인 투자 심리에도 긍정적인 영향을 미칠 수 있습니다.""]"
006400,삼성SDI,2024-05-02,428816,Neutral,55,"[""삼성SDI는 현재 PER이 적자로 인해 산출되지 않아 기업 가치 평가에 어려움이 있습니다."", ""52주 최고가 대비 현재 위치가 낮고 최근 1개월 수익률이 마이너스인 점은 하락 압력을 시사합니다."", ""하지만 PBR이 1.76으로 자산 가치 대비 과도한 고평가는 아니며, 거래량 감소는 단기적인 투자 심리 위축으로 해석될 수 있어 추가적인 하락보다는 보합세를 예상할 수 있습니다.""]"
006400,삼성SDI,2024-06-03,370074,Neutral,55,"[""삼성SDI는 현재 52주 최저가에 근접한 수준으로 기술적 반등 가능성이 있으나, 최근 1개월 수익률 하락과 거래량 감소는 투자 심리 위축을 시사합니다."", ""PER이 해당 없음(적자)으로 표시되어 있어 전통적인 가치평가 지표로는 판단이 어렵습니다."", ""PBR 1.49는 자산 가치 대비 소폭 프리미엄을 나타내지만, 현재 시장 상황과 회사의 성장 전망에 대한 추가적인 정보 없이는 명확한 방향성을 제시하기 어렵습니다.""]"
006400,삼성SDI,2024-07-01,344130,Neutral,55,"[""삼성SDI는 현재 52주 최저가에 근접한 수준으로, 기술적으로는 반등 가능성이 있으나 최근 1개월 수익률이 마이너스를 기록하며 투자 심리가 위축된 모습을 보입니다."", ""PER이 해당 없음(적자)으로 표시되어 있어 전통적인 가치평가 지표로는 판단이 어렵습니다."", ""거래량 변화율이 26.64%로 증가한 점은 긍정적일 수 있으나, 이것이 추세 전환을 의미하기에는 추가적인 확인이 필요합니다.""]"
006400,삼성SDI,2024-08-01,329444,Neutral,55,"[""삼성SDI는 현재 52주 최저가에 근접한 수준으로, 기술적으로는 반등 가능성이 있으나 최근 1개월 수익률이 마이너스인 점은 하락 압력을 시사합니다."", ""PER이 해당 없음(적자)으로 재무 건전성에 대한 직접적인 판단이 어렵고, PBR 1.32는 자산 가치 대비 소폭 프리미엄을 나타냅니다."", ""거래량 변화율이 긍정적인 신호를 보이지만, 전반적인 시장 상황 및 전기차 배터리 산업의 불확실성을 고려할 때 명확한 방향성을 판단하기에는 정보가 제한적입니다.""]"
006400,삼성SDI,2024-09-02,363221,Buy,75,"[""최근 1개월 수익률이 10.48%로 양호한 흐름을 보이고 있으며, 이는 단기적인 매수세 유입을 시사합니다."", ""현재가가 52주 최저가 대비 높은 수준에 위치해 있어 추가적인 하락보다는 반등 가능성에 무게가 실립니다."", ""거래량 변화율이 9.12%로 긍정적인 움직임을 보이며, 이는 시장의 관심이 증가하고 있음을 나타냅니다.""]"
006400,삼성SDI,2024-10-02,353920,Neutral,60,"[""삼성SDI는 현재 52주 최저가에 근접한 수준으로, 기술적으로는 반등 가능성이 있으나 PER이 없어 적자 상태임을 감안해야 합니다."", ""최근 1개월 수익률은 9.43%로 긍정적이나, 거래량 변화율이 마이너스인 점은 투자 심리가 위축될 수 있음을 시사합니다."", ""시가총액이 크고 KOSPI 시장 전반의 흐름에 영향을 받을 수 있어, 단기 20거래일 내 명확한 초과 상승 또는 하락을 예측하기에는 정보가 다소 제한적입니다.""]"
006400,삼성SDI,2024-11-01,330423,Neutral,60,"[""삼성SDI는 현재 PER이 적자로 산출되지 않아 기업 가치 평가에 어려움이 있습니다."", ""최근 1개월 수익률이 -12.42%로 하락세를 보이고 있으며, 거래량 변화율도 감소하여 투자 심리가 위축된 것으로 판단됩니다."", ""하지만 52주 최저가 대비 현재 위치가 14.0%로, 추가 하락보다는 반등 가능성도 배제할 수 없어 명확한 방향성을 제시하기 어렵습니다.""]"
006400,삼성SDI,2024-12-02,255527,Neutral,55,"[""최근 1개월 수익률이 -21.87%로 크게 하락했으나, 52주 최저가 대비 현재 위치가 5.2%로 반등 가능성을 시사합니다."", ""거래량 변화율이 92.83%로 높게 나타나 투자자들의 관심이 집중되고 있음을 보여줍니다."", ""PER이 해당없음(적자)으로 재무 건전성에 대한 우려가 존재하며, PBR이 1.03으로 자산 가치 대비 큰 프리미엄은 아니지만, 명확한 상승 또는 하락 추세를 판단하기에는 정보가 제한적입니다.""]"
006400,삼성SDI,2025-01-02,241821,Neutral,60,"[""현재가 52주 최저가에 근접하며 기술적 반등 가능성이 있으나, 최근 1개월 수익률 하락 및 거래량 감소는 투자 심리 위축을 시사합니다."", ""PER이 적자 상태로 재무적 매력도가 낮으며, PBR 0.95는 자산 가치 대비 소폭 할인된 수준으로 판단됩니다."", ""2차전지 섹터 전반의 변동성이 크고, 삼성SDI의 경우 실적 개선 및 신규 수주 모멘텀에 대한 불확실성이 존재하여 명확한 방향성 판단이 어렵습니다.""]"
006400,삼성SDI,2025-02-03,201191,Neutral,55,"[""삼성SDI는 현재 52주 최저가에 근접한 수준으로, 단기 반등 가능성을 시사합니다."", ""최근 1개월 수익률이 -15.79%로 부진했으나, 거래량 변화율이 4.70%로 소폭 증가하며 투자 심리 변화 가능성을 보여줍니다."", ""PER이 해당없음(적자)으로 재무적 부담이 존재하며, PBR이 0.82로 자산 가치 대비 저평가 가능성도 있으나 명확한 상승 또는 하락 추세를 판단하기에는 정보가 제한적입니다.""]"
006400,삼성SDI,2025-03-04,209023,Neutral,55,"[""삼성SDI는 현재 PER이 없어 적자 상태이며, 이는 투자 매력도를 낮추는 요인입니다."", ""PBR이 0.84로 액면가 대비 저평가 가능성이 있으나, 52주 최저가에 근접한 현재 위치는 추가 하락 가능성을 시사합니다."", ""최근 1개월 수익률은 하락세를 보이고 있으나, 거래량 변화율은 증가하여 투자자들의 관심이 높아지고 있음을 나타내지만, 명확한 상승 또는 하락 방향을 판단하기에는 정보가 부족합니다.""]"
006400,삼성SDI,2025-04-01,182589,Neutral,55,"[""현재가 52주 최저가에 근접해 있어 기술적 반등 가능성이 있으나, 최근 1개월 수익률이 크게 하락한 점은 하방 압력을 시사합니다."", ""PER, PBR, ROE 등 재무지표는 시장 평균 대비 저평가 또는 보통 수준으로 판단되나, 뚜렷한 상승 모멘텀을 보여주지는 않습니다."", ""거래량 변화율이 높다는 점은 투자자들의 관심이 증가하고 있음을 나타내지만, 이것이 반드시 상승으로 이어질지는 불확실합니다.""]"
006400,삼성SDI,2025-05-02,172200,Neutral,55,"[""현재가 52주 최저가에 근접해 있어 하방 경직성이 기대되나, 최근 1개월 수익률 및 거래량 변화율이 부정적인 점은 하락 압력으로 작용할 수 있습니다."", ""PER, PBR, ROE 등 재무 지표는 시장 평균 대비 저평가 또는 낮은 수준으로 해석될 여지가 있어 투자 매력도를 판단하기 어렵습니다."", ""기술적 지표상 52주 최저가 부근에 위치하고 있으나, 최근 하락 추세와 거래량 감소는 추가적인 하락 가능성을 배제할 수 없어 명확한 방향성을 제시하기 어렵습니다.""]"
006400,삼성SDI,2025-06-02,172400,Neutral,60,"[""현재가 172,400원은 52주 최저가 160,200원에 근접하여 하방 경직성을 기대할 수 있으나, 52주 최고가 대비로는 매우 낮은 수준으로 상승 여력 또한 제한적일 수 있습니다."", ""최근 1개월 수익률이 -5.88%로 부진한 흐름을 보이고 있으며, 이는 단기적인 매도 압력을 시사할 수 있습니다."", ""거래량 변화율이 31.65%로 증가한 것은 투자자들의 관심이 높아지고 있음을 나타내지만, 이것이 상승 또는 하락으로 이어질지는 추가적인 정보 없이는 판단하기 어렵습니다."", ""PER, PBR, ROE 등 재무 지표만으로는 현재 주가가 고평가 또는 저평가되었다고 단정하기 어렵고, 시장 전반의 투자 심리 및 삼성SDI의 구체적인 사업 전망에 대한 정보가 부족합니다.""]"
006400,삼성SDI,2025-07-01,179000,Neutral,55,"[""삼성SDI의 현재가는 52주 최저가 대비 소폭 상승했으나 최고가 대비로는 여전히 낮은 수준에 머물러 있어 상승 여력과 하락 위험이 공존합니다."", ""최근 1개월 수익률이 소폭 상승하고 거래량 변화율이 긍정적인 신호를 보이지만, PER, PBR, ROE 등 재무 지표만으로는 밸류에이션 매력이나 성장성을 명확히 판단하기 어렵습니다."", ""향후 20거래일 동안 KOSPI 시장 전체의 방향성, 전기차 배터리 시장의 수급 변화, 신규 기술 개발 및 투자 계획 등 추가적인 정보가 필요하여 명확한 투자 방향을 제시하기 어렵습니다.""]"
006400,삼성SDI,2025-08-01,193700,Neutral,55,"[""현재가 193,700원은 52주 최저가 160,200원 대비 상승했으나 52주 최고가 379,375원 대비로는 크게 하락한 상태로, 기술적으로는 반등 가능성과 추가 하락 가능성이 공존합니다."", ""최근 1개월 수익률 2.54%와 거래량 변화율 8.65%는 긍정적인 신호로 볼 수 있으나, KOSPI 시장 전체의 흐름이나 삼성SDI의 구체적인 사업 전망에 대한 정보가 부족하여 추세를 확신하기 어렵습니다."", ""PER 23.2, PBR 0.71, ROE 3.1%와 같은 재무 지표는 현재 시장에서 삼성SDI가 고평가 또는 저평가되었다고 단정하기 어려운 수준이며, 투자 매력도를 판단하기에는 정보가 제한적입니다.""]"
006400,삼성SDI,2025-09-01,202500,Neutral,55,"[""현재가 52주 최저가 대비 높은 수준이나 최고가 대비로는 상당한 하락폭을 보여 투자 심리가 혼재될 수 있습니다."", ""최근 1개월 수익률은 소폭 상승했으나 거래량 변화율은 하락하여 상승 동력이 약화된 것으로 보입니다."", ""PER, PBR, ROE 등 재무 지표만으로는 단기적인 투자 방향을 명확히 판단하기 어렵습니다.""]"
006400,삼성SDI,2025-10-01,206500,Neutral,55,"[""현재가 52주 최저가 대비 높은 수준이나 최고가 대비로는 상당한 하락폭을 보여 투자 심리가 혼재될 수 있습니다."", ""최근 1개월 수익률이 소폭 상승했으나 거래량 변화율이 감소한 점은 추가 상승 동력 약화를 시사합니다."", ""PER, PBR, ROE 등 재무 지표만으로는 단기적인 투자 방향을 명확히 판단하기 어렵습니다.""]"
006400,삼성SDI,2025-11-03,337500,Buy,75,"[""삼성SDI는 최근 1개월 동안 61.48%의 높은 수익률을 기록하며 강한 상승 모멘텀을 보여주고 있습니다."", ""현재 주가는 52주 최고가에 근접한 92.2% 수준으로, 추가적인 상승 여력이 기대됩니다."", ""거래량 변화율이 184.83%로 매우 높아 시장의 관심과 매수세가 집중되고 있음을 시사합니다.""]"
006400,삼성SDI,2025-12-01,305000,Neutral,60,"[""삼성SDI는 52주 최고가 대비 하락한 위치에 있으며 최근 1개월 수익률이 마이너스를 기록하여 단기적인 하락 압력이 존재합니다."", ""하지만 PER, PBR, ROE 등 재무 지표는 시장 평균 대비 고평가 또는 저평가 여부를 명확히 판단하기 어려운 수준이며, 시가총액은 상당한 규모를 유지하고 있습니다."", ""거래량 변화율이 크게 감소한 점은 투자 심리 위축을 시사하지만, 20거래일이라는 단기적인 관점에서 KOSPI 시장 수익률 대비 초과 상승 또는 하락을 명확히 예측하기에는 기술적 지표와 재무 지표 간의 상반된 신호가 혼재되어 있어 불확실성이 높습니다.""]"
005380,현대차,2023-01-02,159000,Neutral,55,"[""현대차의 현재가는 52주 최저가에 근접해 있어 하방 경직성이 기대되지만, 최근 1개월 수익률이 마이너스이고 거래량 변화율도 감소하여 단기적인 매수세 유입이 약한 상황입니다."", ""PER 8.3배, PBR 0.39배는 시장 평균 대비 저평가된 것으로 볼 수 있으나, ROE 4.7%는 낮은 수준으로 수익성 개선에 대한 의문이 남습니다."", ""기술적 지표상으로는 하락 추세가 나타나고 있으나, 밸류에이션 매력과 향후 신차 출시 및 전기차 전환 가속화에 대한 기대감이 상존하여 명확한 방향성을 판단하기 어렵습니다.""]"
005380,현대차,2023-02-01,169900,Buy,75,"[""최근 1개월 수익률이 12.58%로 강한 상승세를 보이고 있으며, 거래량 변화율도 긍정적인 신호를 보내고 있습니다."", ""현재가는 52주 최고가 대비 상당한 할인율을 보이고 있어 상승 여력이 존재합니다."", ""PER 9.0, PBR 0.42는 현대차의 내재가치 대비 저평가 가능성을 시사하며, 이는 향후 주가 상승의 기반이 될 수 있습니다.""]"
005380,현대차,2023-03-02,176100,Neutral,55,"[""현대차의 현재 PER과 PBR은 시장 평균 대비 저평가 가능성을 시사하지만, ROE는 상대적으로 낮은 수준입니다."", ""최근 1개월 수익률은 긍정적이나, 거래량 변화율이 감소하는 것은 투자 심리 위축 가능성을 나타냅니다."", ""52주 최고가 대비 현재 위치는 중간 수준으로, 뚜렷한 상승 또는 하락 추세를 강하게 지지하는 기술적 지표가 부족합니다.""]"
005380,현대차,2023-04-03,183800,Buy,75,"[""현대차의 PER과 PBR 지표는 시장 평균 대비 저평가 가능성을 시사하며, 이는 향후 상승 여력을 나타낼 수 있습니다."", ""최근 1개월 수익률이 4.26%로 양호한 흐름을 보이고 있으며, 이는 투자자들의 긍정적인 관심을 반영할 수 있습니다."", ""현재 주가가 52주 최고가 대비 하락한 위치에 있어 추가적인 상승 가능성이 존재하며, 52주 최저가 대비로는 상당한 상승을 기록하여 추세적인 상승 모멘텀을 기대해 볼 수 있습니다.""]"
005380,현대차,2023-05-02,201000,Buy,75,"[""현대차는 현재 52주 최고가에 근접한 위치에 있으며, 최근 1개월 수익률이 9.21%로 강한 상승세를 보이고 있습니다."", ""거래량 변화율이 63.11%로 높게 나타나 투자자들의 관심이 집중되고 있음을 시사합니다."", ""PER 7.1, PBR 0.45 등 재무 지표상 저평가 매력이 존재하며, 이는 향후 상승 여력을 뒷받침할 수 있습니다.""]"
005380,현대차,2023-06-01,199500,Neutral,55,"[""현대차의 재무 지표는 저평가 가능성을 시사하나, 최근 기술 지표는 뚜렷한 상승 동력을 보여주지 못하고 있습니다."", ""현재가 52주 최고가 대비 낮은 수준에 위치해 있으나, 최근 1개월 수익률이 0%이고 거래량 변화율이 감소한 점은 단기적인 상승 모멘텀 약화를 나타냅니다."", ""KOSPI 시장 전반의 흐름과 현대차 자체의 명확한 상승 또는 하락을 지지하는 강력한 요인이 균형을 이루고 있어 20거래일 내 초과 상승 또는 하락을 단정하기 어렵습니다.""]"
005380,현대차,2023-07-03,208000,Buy,75,"[""현대차는 현재 52주 최고가에 근접한 수준으로, 강한 상승 모멘텀을 보여주고 있습니다."", ""최근 1개월 수익률이 5.57%로 양호한 흐름을 이어가고 있으며, 이는 단기적인 매수세가 유입되고 있음을 시사합니다."", ""PER 7.3배, PBR 0.47배는 시장 평균 대비 저평가된 수준으로, 향후 상승 여력이 존재한다고 판단됩니다.""]"
005380,현대차,2023-08-01,192500,Neutral,60,"[""현대차의 재무 지표는 저평가 가능성을 시사하지만, 최근 1개월 수익률 하락은 단기적인 투자 심리 위축을 나타냅니다."", ""52주 최고가 대비 현재 위치는 상승 여력이 남아있음을 보여주지만, 거래량 변화율 증가는 변동성 확대 가능성을 내포합니다."", ""거시 경제 불확실성과 글로벌 자동차 시장의 경쟁 심화 등 외부 요인이 현대차의 향후 20거래일 주가 방향에 대한 명확한 판단을 어렵게 합니다.""]"
005380,현대차,2023-09-01,187300,Neutral,55,"[""현대차의 재무지표는 저평가 가능성을 시사하나, 최근 1개월 수익률 하락 및 거래량 감소는 단기적인 투자 심리 위축을 나타냅니다."", ""52주 최고가 대비 현재 위치는 상승 여력이 남아있음을 보여주지만, 시장 전반의 불확실성 또한 고려해야 합니다."", ""단기적인 기술적 지표의 약세와 거시 경제 불확실성을 감안할 때, 20거래일 내 KOSPI 대비 명확한 초과 상승 또는 하락을 단정하기 어렵습니다.""]"
005380,현대차,2023-10-04,190500,Neutral,55,"[""현대차의 재무지표는 저평가 가능성을 시사하나, 최근 거래량 감소는 투자 심리 위축을 나타낼 수 있습니다."", ""52주 최고가 대비 현재 위치는 상승 여력이 남아있음을 보여주지만, 최근 1개월 수익률이 시장 대비 큰 강세를 보이지는 않았습니다."", ""기술적 지표에서 뚜렷한 상승 또는 하락 추세를 강하게 지지하는 요인이 부족하여 향후 20거래일 내 KOSPI 시장 수익률 대비 초과 상승 또는 하락을 단정하기 어렵습니다.""]"
005380,현대차,2023-11-01,172000,Neutral,55,"[""현대차의 재무지표는 저평가 구간에 있음을 시사하지만, 최근 1개월 수익률이 하락세를 보이고 있어 투자 심리가 위축된 것으로 판단됩니다."", ""52주 최고가 대비 현재 위치가 낮아 상승 여력이 있어 보이나, 최근 거래량 증가율이 높다는 점은 단기적인 변동성을 키울 수 있습니다."", ""거시 경제 불확실성과 자동차 산업 전반의 경쟁 심화 가능성을 고려할 때, 향후 20거래일 내 KOSPI 시장 대비 뚜렷한 초과 상승 또는 하락을 단정하기 어렵습니다.""]"
005380,현대차,2023-12-01,181600,Buy,75,"[""현대차의 PER(6.4)과 PBR(0.41)은 시장 평균 대비 저평가 가능성을 시사하며, 이는 향후 상승 여력을 나타낼 수 있습니다."", ""최근 1개월 수익률이 6.28%로 양호한 흐름을 보이고 있으며, 이는 단기적인 매수세 유입 가능성을 보여줍니다."", ""현재 주가가 52주 최저가 대비 약 20% 상승한 53.9% 위치에 있어 추가 상승 여력이 존재할 수 있습니다.""]"
005380,현대차,2024-01-02,193800,Buy,75,"[""현대차의 PER과 PBR은 시장 평균 대비 낮은 수준으로 저평가 매력이 존재합니다."", ""최근 1개월 수익률이 8.50%로 양호하며, 거래량 변화율도 25.44%로 증가 추세를 보이고 있습니다."", ""현재 주가가 52주 최고가 대비 약 16% 하락한 수준으로, 추가 상승 여력이 있다고 판단됩니다.""]"
005380,현대차,2024-02-01,227000,Buy,75,"[""현대차의 현재가는 52주 최고가 대비 소폭 하락한 수준이지만, 52주 내 위치가 95.3%로 매우 높은 수준에 있어 추가 상승 여력이 존재합니다."", ""최근 1개월 수익률이 7.33%로 양호하며, 거래량 변화율이 29.05%로 증가하는 추세는 투자 심리 개선 및 매수세 유입 가능성을 시사합니다."", ""PER 7.3, PBR 0.47 등 재무 지표상 저평가 매력이 존재하며, 이는 향후 주가 상승의 기반이 될 수 있습니다.""]"
005380,현대차,2024-03-04,249000,Buy,75,"[""현대차는 현재 52주 최고가에 근접한 수준으로, 최근 1개월간 34.47%의 높은 수익률을 기록하며 강한 상승 모멘텀을 보여주고 있습니다."", ""거래량 변화율이 391.99%로 급증한 것은 투자자들의 관심이 집중되고 있음을 시사하며, 이는 향후 주가 상승에 긍정적인 영향을 줄 수 있습니다."", ""PER 9.0, PBR 0.58은 시장 평균 대비 저평가 가능성을 시사하며, ROE 6.5%는 수익성을 보여주고 있어 추가 상승 여력이 있다고 판단됩니다.""]"
005380,현대차,2024-04-01,220000,Neutral,55,"[""현대차의 재무 지표는 저평가 가능성을 시사하나, 최근 주가 하락 및 거래량 감소는 투자 심리 위축을 나타냅니다."", ""52주 최고가 대비 현재 위치는 상승 여력을 보여주지만, 최근 1개월 수익률은 하락 추세를 반영하고 있습니다."", ""단기적인 기술적 지표와 거시 경제 불확실성으로 인해 20거래일 내 명확한 방향성을 판단하기 어렵습니다.""]"
005380,현대차,2024-05-02,241000,Buy,75,"[""현대차는 현재 52주 최고가 대비 낮은 수준에 위치하며, 최근 1개월 수익률이 긍정적인 흐름을 보이고 있습니다."", ""PER 5.2배, PBR 0.50배는 시장 평균 대비 저평가 가능성을 시사하며, ROE 9.6%는 양호한 수익성을 나타냅니다."", ""거래량 변화율이 소폭 하락했으나, 전반적인 기술적 지표와 재무 건전성을 고려할 때 단기적인 상승 여력이 있다고 판단됩니다.""]"
005380,현대차,2024-06-03,259000,Buy,75,"[""현대차는 현재 52주 최고가 대비 약 10% 하락한 수준으로, 기술적으로는 추가 상승 여력이 존재합니다."", ""최근 1개월 수익률이 5.58%로 양호한 흐름을 보이고 있으며, 이는 시장 대비 초과 상승 가능성을 시사합니다."", ""PER 5.6배, PBR 0.53배는 현대차가 현재 시장에서 저평가되어 있음을 나타내며, 이는 향후 주가 상승의 잠재력을 보여줍니다.""]"
005380,현대차,2024-07-01,272500,Buy,75,"[""현대차는 현재 52주 최고가 대비 낮은 수준에 위치하며, 최근 1개월 수익률이 11.28%로 강한 상승세를 보이고 있습니다."", ""PER 6.0, PBR 0.58은 시장 대비 저평가된 것으로 판단되며, 이는 향후 상승 여력을 시사합니다."", ""거래량 변화율이 10.88%로 증가 추세를 보이며 투자자들의 관심이 높아지고 있음을 나타냅니다.""]"
005380,현대차,2024-08-01,244000,Neutral,60,"[""현대차의 PER과 PBR은 시장 평균 대비 저평가 가능성을 시사하지만, 최근 1개월 수익률 하락과 거래량 감소는 단기적인 투자 심리 위축을 나타냅니다."", ""52주 최고가 대비 현재 위치는 중간 수준으로, 상승 여력과 하락 위험이 공존하는 상황입니다."", ""제시된 정보만으로는 향후 20거래일 동안 KOSPI 시장 수익률 대비 초과 상승 또는 하락을 명확히 판단하기 어렵습니다.""]"
005380,현대차,2024-09-02,237500,Neutral,60,"[""현대차의 재무 지표는 저평가 가능성을 시사하지만, 최근 1개월 수익률 하락과 거래량 감소는 단기적인 투자 심리 위축을 나타냅니다."", ""52주 최고가 대비 현재 위치는 중간 수준으로, 추가 상승 여력과 하락 위험이 공존하는 상황입니다."", ""KOSPI 시장 전체의 방향성과 거시 경제 변수에 대한 정보가 부족하여 20거래일 내 초과 상승 또는 하락을 명확히 판단하기 어렵습니다.""]"
005380,현대차,2024-10-02,239500,Neutral,60,"[""현대차의 PER과 PBR은 시장 평균 대비 저평가된 것으로 보이나, 최근 1개월 수익률이 마이너스를 기록하며 단기적인 하락 압력을 받고 있습니다."", ""52주 최고가 대비 현재 위치는 중간 수준이지만, 거래량 변화율이 마이너스인 점은 투자 심리가 위축되었음을 시사합니다."", ""ROE는 양호한 수준이지만, 거시 경제 불확실성 및 자동차 산업 전반의 경쟁 심화 가능성을 고려할 때 20거래일 내 뚜렷한 방향성을 판단하기에는 정보가 제한적입니다.""]"
005380,현대차,2024-11-01,216500,Neutral,55,"[""현대차의 PER과 PBR은 시장 평균 대비 저평가된 것으로 보이나, 최근 1개월 수익률 하락과 거래량 감소는 단기적인 투자 심리 위축을 시사합니다."", ""52주 최고가 대비 현재 위치는 낮지만, 52주 최저가 대비로는 상당한 상승 여력이 남아있어 긍정적인 요인으로 작용할 수 있습니다."", ""ROE는 양호한 수준이나, 최근 시장 전반의 변동성과 거시 경제 불확실성이 투자 방향 판단에 대한 확신도를 낮추는 요인으로 작용합니다.""]"
005380,현대차,2024-12-02,214500,Buy,75,"[""현대차의 PER과 PBR 지표는 시장 평균 대비 저평가 가능성을 시사하며, 이는 향후 상승 여력을 나타낼 수 있습니다."", ""52주 최저가 대비 현재 위치가 30.4%로, 주가 반등 가능성이 존재합니다."", ""최근 1개월 수익률이 소폭 상승했고 거래량 변화율이 긍정적인 점은 투자 심리 개선 가능성을 보여줍니다.""]"
005380,현대차,2025-01-02,213000,Neutral,55,"[""현대차의 현재가(213,000원)는 52주 최저가(180,100원) 대비 상승했으나 최고가(298,000원) 대비로는 상당한 하락폭을 보이며 52주 내 현재 위치가 26.6%로 낮은 편에 속합니다."", ""최근 1개월 수익률이 -3.20%로 하락세를 보이고 있으며, 거래량 변화율 또한 -26.84%로 감소하여 단기적인 투자 심리가 위축되었음을 시사합니다."", ""PER 4.4, PBR 0.43, ROE 9.7% 등 재무 지표는 저평가 구간에 있음을 나타내지만, 최근의 기술적 지표와 거래량 변화는 향후 20거래일 내 KOSPI 시장 대비 초과 상승 또는 하락을 명확히 판단하기 어려운 상황입니다.""]"
005380,현대차,2025-02-03,201000,Neutral,55,"[""현대차의 PER과 PBR은 시장 평균 대비 저평가된 것으로 보이나, 최근 1개월 수익률이 마이너스를 기록하며 단기적인 하락 압력을 받고 있습니다."", ""52주 최고가 대비 현재 위치가 낮아 추가 상승 여력이 있을 수 있지만, 거래량 변화율이 긍정적인 신호를 보내고 있어 향후 주가 방향성을 예측하기 어렵습니다."", ""재무 지표는 안정적이나, 최근 시장 상황 및 기술적 지표들이 혼재된 신호를 보내고 있어 20거래일 내 명확한 방향성을 판단하기에는 정보가 다소 부족합니다.""]"
005380,현대차,2025-03-04,194700,Neutral,60,"[""현대차의 현재가는 52주 최저가에 근접해 있어 하방 경직성을 기대할 수 있으나, 최근 1개월 수익률이 마이너스를 기록하며 단기적인 하락 추세가 관찰됩니다."", ""PER과 PBR 지표는 낮아 저평가 매력이 있으나, ROE가 시장 평균 대비 특별히 높지 않아 밸류에이션 매력만으로는 강한 상승을 기대하기 어렵습니다."", ""거래량 변화율이 크지 않아 현재 시장 참여자들의 명확한 방향성을 파악하기 어렵고, 20거래일이라는 단기적인 관점에서 KOSPI 시장 수익률 대비 초과 상승 또는 하락을 단정하기에는 정보가 다소 부족합니다.""]"
005380,현대차,2025-04-01,196300,Neutral,55,"[""현대차의 현재가는 52주 최저가에 근접해 있어 하방 경직성이 기대되지만, 52주 최고가 대비 상당한 괴리가 존재합니다."", ""PER과 PBR 지표는 시장 평균 대비 저평가된 것으로 보이나, ROE는 상대적으로 낮은 수준으로 수익성 개선 여부가 불확실합니다."", ""최근 1개월 수익률은 소폭 상승했으나 거래량 변화율은 하락하여 투자 심리가 강하게 형성되지 않은 상태입니다.""]"
005380,현대차,2025-05-02,187600,Neutral,55,"[""현대차의 현재 주가는 52주 최저가에 근접해 있어 기술적 반등 가능성이 있으나, 최근 1개월 수익률 하락과 거래량 감소는 매수세 약화를 시사합니다."", ""PER, PBR 등 재무지표는 저평가 구간에 있음을 나타내지만, 향후 20거래일 내 시장 수익률 대비 초과 상승을 확신하기에는 추가적인 상승 모멘텀이 부족합니다."", ""글로벌 경기 불확실성과 자동차 산업의 경쟁 심화 등 거시적인 요인들이 단기적인 주가 방향성을 예측하기 어렵게 만듭니다.""]"
005380,현대차,2025-06-02,186000,Neutral,55,"[""현대차의 현재가(186,000원)는 52주 최저가(177,500원)에 근접해 있어 기술적으로는 반등 가능성을 시사하지만, 최근 1개월 수익률(-4.56%)과 거래량 변화율(-21.94%)은 하락 추세를 나타내고 있습니다."", ""PER(3.9) 및 PBR(0.31) 지표는 현대차가 저평가되어 있음을 시사하며, 이는 장기적인 관점에서 긍정적인 요인으로 작용할 수 있습니다."", ""ROE(8.0%)는 양호한 수준이지만, 52주 최고가 대비 현재 위치가 낮아 단기적인 상승 모멘텀이 부족한 상황이며, 향후 20거래일 내 KOSPI 시장 수익률 대비 초과 상승 또는 하락을 명확히 판단하기에는 정보가 불충분합니다.""]"
005380,현대차,2025-07-01,213500,Buy,75,"[""현대차의 PER과 PBR 지표는 시장 평균 대비 저평가 가능성을 시사하며, 이는 향후 상승 여력을 나타낼 수 있습니다."", ""최근 1개월 수익률이 9.95%로 양호하며, 거래량 변화율 또한 43.09%로 증가 추세를 보여 투자자들의 관심이 높아지고 있음을 알 수 있습니다."", ""현재 주가는 52주 최고가 대비 상당한 하락폭을 보이고 있어 기술적으로 반등 가능성이 존재합니다.""]"
005380,현대차,2025-08-01,211000,Neutral,55,"[""현대차의 PER과 PBR은 시장 평균 대비 저평가된 것으로 보이나, 최근 1개월 수익률이 마이너스를 기록하며 단기적인 약세를 보이고 있습니다."", ""52주 최고가 대비 현재 위치가 37.8%로, 상승 여력과 하락 위험이 공존하는 구간에 있습니다."", ""거래량 변화율이 11.63%로 긍정적인 신호일 수 있으나, 재무 지표와 기술 지표 간의 명확한 방향성을 제시하기에는 정보가 다소 제한적입니다.""]"
005380,현대차,2025-09-01,220000,Neutral,60,"[""현대차의 PER과 PBR은 시장 평균 대비 저평가된 수준으로 매력적인 투자 기회를 시사합니다."", ""최근 1개월 수익률은 긍정적이나, 거래량 변화율이 크게 감소한 점은 투자 심리 위축 가능성을 나타냅니다."", ""52주 최고가 대비 현재 위치는 중간 수준으로, 뚜렷한 상승 또는 하락 추세를 판단하기에는 정보가 제한적입니다.""]"
005380,현대차,2025-10-01,220000,Neutral,55,"[""현대차의 PER과 PBR은 시장 평균 대비 낮은 수준으로 저평가 가능성을 시사하지만, 최근 1개월 수익률이 마이너스를 기록하며 단기적인 약세를 보이고 있습니다."", ""52주 최고가 대비 현재 위치는 중간 수준이며, 거래량 변화율이 긍정적인 신호를 보내고 있으나 전반적인 시장 상황 및 추가적인 모멘텀 부재로 인해 명확한 방향성을 판단하기 어렵습니다."", ""ROE가 8.1%로 양호한 수준이지만, 향후 20거래일 동안 KOSPI 시장 수익률 대비 초과 상승 또는 하락을 예상할 만한 강력한 추가 정보가 부족하여 보합세를 예상합니다.""]"
005380,현대차,2025-11-03,276000,Buy,75,"[""현대차는 현재 52주 최고가에 근접한 수준으로, 최근 1개월간 35.90%의 높은 수익률을 기록하며 강한 상승 모멘텀을 보여주고 있습니다."", ""거래량 변화율이 119.08%로 크게 증가한 것은 투자자들의 관심이 집중되고 있음을 시사하며, 이는 추가 상승 가능성을 높입니다."", ""PER 6.2, PBR 0.50 등 낮은 밸류에이션 지표는 현재 주가가 기업의 내재가치 대비 저평가되어 있을 가능성을 시사하며, 향후 상승 여력을 제공할 수 있습니다.""]"
005380,현대차,2025-12-01,266000,Neutral,60,"[""현대차의 현재 PER과 PBR은 시장 평균 대비 저평가 가능성을 시사하지만, 최근 1개월 수익률이 -12.24%로 하락세를 보이고 있어 투자 심리가 위축된 것으로 판단됩니다."", ""52주 최고가 대비 현재 위치가 67.5%로 여전히 상승 여력이 남아있으나, 최근 거래량 변화율이 -48.06%로 감소한 점은 매수세 약화를 나타냅니다."", ""ROE 8.0%는 양호한 수준이나, 단기적인 시장 하락 추세와 거래량 감소가 향후 20거래일 내 KOSPI 시장 수익률 대비 초과 상승을 단정하기 어렵게 만듭니다.""]"
000270,기아,2023-01-02,62400,Neutral,60,"[""기아의 현재가는 52주 최저가에 근접해 있어 저가 매수 기회가 될 수 있으나, 최근 1개월 수익률이 마이너스이고 거래량 변화율도 감소하는 등 하락 추세가 관찰됩니다."", ""PER, PBR 등 재무 지표는 저평가 가능성을 시사하지만, 기술적 지표의 하락 추세가 이를 상쇄할 수 있습니다."", ""향후 20거래일 동안 KOSPI 시장 전체의 방향성과 기아차 자체의 모멘텀 변화에 대한 추가적인 정보 없이는 명확한 매수 또는 매도 신호를 판단하기 어렵습니다.""]"
000270,기아,2023-02-01,69700,Buy,75,"[""기아는 현재 PER 5.8배로 동종 업계 평균 대비 저평가된 것으로 판단됩니다."", ""최근 1개월 수익률이 17.20%로 강한 상승세를 보이고 있으며, 거래량 변화율도 29.43%로 긍정적인 흐름을 나타내고 있습니다."", ""52주 최고가 대비 현재 위치가 37.8%로 상승 여력이 남아있다고 판단됩니다.""]"
000270,기아,2023-03-02,78200,Buy,75,"[""기아는 현재 PER 6.5배, PBR 0.87배로 밸류에이션 매력이 높습니다."", ""최근 1개월 수익률이 16.47%로 강한 상승세를 보이고 있으며, 52주 최고가 대비 하락폭이 제한적입니다."", ""거래량 변화율이 음수이나, 이는 단기적인 차익 실현 물량일 가능성이 있으며 전반적인 상승 추세를 꺾을 정도는 아닐 것으로 판단됩니다.""]"
000270,기아,2023-04-03,80100,Buy,75,"[""기아는 현재 PER 6.0, PBR 0.81로 저평가 구간에 있으며, ROE 13.5%로 양호한 수익성을 보여주고 있습니다."", ""52주 최고가 대비 현재 위치가 81.1%로 상승 여력이 남아있으며, 최근 1개월 수익률도 3.84%로 긍정적인 흐름을 보이고 있습니다."", ""거래량 변화율이 소폭 하락했으나, 전반적인 재무 및 기술적 지표가 상승 가능성을 시사하고 있습니다.""]"
000270,기아,2023-05-02,86500,Buy,75,"[""기아는 현재 52주 최고가에 근접한 수준으로, 강한 상승 모멘텀을 보여주고 있습니다."", ""최근 1개월 수익률이 7.28%로 양호하며, 거래량 변화율도 32.70%로 증가하여 투자 심리가 긍정적임을 시사합니다."", ""PER 6.4배, PBR 0.86배는 시장 평균 대비 저평가 가능성을 내포하며, ROE 13.3%는 견조한 수익성을 나타냅니다.""]"
000270,기아,2023-06-01,85200,Neutral,55,"[""기아의 재무 지표는 저평가 가능성을 시사하나, 최근 1개월 수익률 및 거래량 변화율은 약세를 보이고 있습니다."", ""52주 최고가 대비 현재 위치는 비교적 높은 편이나, 단기적인 모멘텀은 약화된 모습입니다."", ""향후 20거래일 동안 KOSPI 시장 전체의 방향성과 거시 경제 변수에 따라 기아의 주가 흐름이 달라질 수 있어 명확한 방향성 판단이 어렵습니다.""]"
000270,기아,2023-07-03,88900,Buy,75,"[""기아는 현재 52주 최고가에 근접한 수준으로, 강한 상승 모멘텀을 보여주고 있습니다."", ""최근 1개월 수익률이 5.11%로 양호하며, 거래량 변화율도 긍정적인 신호를 보내고 있습니다."", ""PER 6.6배, PBR 0.88배로 저평가된 구간에 있으며, ROE 13.4%로 견조한 수익성을 유지하고 있어 추가 상승 여력이 있습니다.""]"
000270,기아,2023-08-01,80000,Neutral,55,"[""기아의 재무 지표는 저평가 가능성을 시사하나, 최근 주가 하락 및 거래량 감소는 단기적인 투자 심리 위축을 나타냅니다."", ""52주 최고가 대비 현재 위치는 상대적으로 높은 편이지만, 최근 1개월 수익률이 마이너스를 기록하며 상승 동력이 약화된 모습을 보입니다."", ""향후 20거래일 동안 KOSPI 시장 전체의 방향성과 거시 경제 지표 변화에 따라 기아의 주가 흐름이 달라질 수 있어 명확한 방향성 판단이 어렵습니다.""]"
000270,기아,2023-09-01,80000,Neutral,55,"[""기아의 재무 지표는 저평가 가능성을 시사하나, 최근 1개월 수익률과 거래량 변화율은 약세를 보이고 있습니다."", ""52주 최고가 대비 현재 위치는 중간 수준으로, 뚜렷한 상승 또는 하락 추세를 판단하기 어렵습니다."", ""단기적인 기술적 지표의 약세와 재무적 매력도가 혼재되어 있어 향후 20거래일 동안 KOSPI 시장 대비 초과 상승 또는 하락을 단정하기 어렵습니다.""]"
000270,기아,2023-10-04,83500,Buy,75,"[""기아의 PER(6.1)과 PBR(0.81)은 시장 평균 대비 저평가 가능성을 시사하며, ROE(13.3%)는 양호한 수익성을 보여주고 있습니다."", ""현재 주가는 52주 최고가 대비 약 7.3% 하락한 수준으로, 기술적으로는 추가 상승 여력이 존재할 수 있습니다."", ""최근 1개월 수익률이 1.87%로 소폭 상승세를 보이고 있으나, 거래량 변화율이 음수(-)인 점은 단기적인 매수세 약화를 나타낼 수 있어 일부 불확실성을 내포합니다.""]"
000270,기아,2023-11-01,78500,Neutral,60,"[""기아의 재무 지표는 저평가 가능성을 시사하나, 최근 1개월 수익률 하락과 거래량 증가가 상반된 신호를 보내고 있습니다."", ""현재 주가는 52주 최고가 대비 상당 부분 하락한 위치에 있어 추가 하락보다는 반등 가능성도 존재합니다."", ""단기적인 시장 변동성과 거시 경제 불확실성을 고려할 때, 20거래일 내 명확한 방향성을 예측하기에는 정보가 다소 제한적입니다.""]"
000270,기아,2023-12-01,84100,Buy,75,"[""기아는 현재 PER 6.4배로 저평가 구간에 있으며, PBR 0.85배로 자산 가치 대비 매력적인 수준입니다."", ""최근 1개월 수익률이 9.30%로 양호한 흐름을 보이고 있으며, 52주 최고가 대비 현재 위치가 86.0%로 상승 여력이 남아있습니다."", ""거래량 변화율이 소폭 하락했으나, 전반적인 재무 및 기술적 지표가 긍정적인 신호를 보내고 있어 KOSPI 시장 수익률 대비 초과 상승을 기대해 볼 수 있습니다.""]"
000270,기아,2024-01-02,93800,Buy,75,"[""기아는 현재 PER 7.2배로 동종 업계 평균 대비 저평가 매력이 있으며, PBR 0.97배로 순자산 가치 대비 저평가 상태입니다."", ""최근 1개월 수익률이 13.49%로 강한 상승세를 보이고 있으며, 52주 최고가 대비 현재 위치가 94.1%로 상승 여력이 남아있습니다."", ""거래량 변화율이 7.38%로 긍정적인 수급 흐름을 나타내고 있어 단기적인 추가 상승 가능성이 있습니다.""]"
000270,기아,2024-02-01,119500,Buy,75,"[""기아는 현재 52주 최고가에 근접하며 강한 상승 모멘텀을 보여주고 있습니다."", ""최근 1개월 수익률이 13.33%로 양호하며, 거래량 변화율도 33.67%로 증가 추세를 나타내고 있습니다."", ""PER 7.9배, PBR 1.05배는 시장 평균 대비 매력적인 밸류에이션을 시사하며, ROE 13.3%는 견조한 수익성을 보여줍니다.""]"
000270,기아,2024-03-04,123000,Buy,75,"[""기아는 52주 최고가에 근접한 수준으로 강한 상승 모멘텀을 보여주고 있습니다."", ""최근 1개월 수익률이 28.16%로 매우 높으며, 거래량 변화율 또한 107.80%로 증가하여 투자자들의 관심이 집중되고 있음을 시사합니다."", ""PER 9.3배, PBR 1.25배는 시장 평균 대비 매력적인 밸류에이션을 제공하며, ROE 13.4%는 양호한 수익성을 나타냅니다.""]"
000270,기아,2024-04-01,104700,Neutral,55,"[""기아의 재무 지표는 양호한 편이나, 최근 1개월 수익률 하락과 거래량 감소는 단기적인 투자 심리 위축을 시사합니다."", ""현재 주가는 52주 최고가 대비 상당 부분 하락한 상태로, 기술적 반등 가능성과 추가 하락 가능성이 공존합니다."", ""20거래일이라는 단기적인 관점에서 KOSPI 시장 전체의 방향성과 기아 자체의 모멘텀을 명확히 판단하기에는 정보가 다소 제한적입니다.""]"
000270,기아,2024-05-02,113900,Buy,75,"[""기아는 현재 PER 5.4배, PBR 1.00배로 저평가 구간에 있으며, ROE 18.5%로 높은 수익성을 보여주고 있습니다."", ""최근 1개월 수익률이 10.03%로 양호한 흐름을 보이고 있으며, 52주 최고가 대비 현재 위치가 82.8%로 상승 여력이 남아있습니다."", ""거래량 변화율이 소폭 하락했으나, 전반적인 재무 및 기술적 지표가 긍정적인 신호를 보내고 있어 KOSPI 시장 수익률 대비 초과 상승을 기대해 볼 수 있습니다.""]"
000270,기아,2024-06-03,119000,Buy,75,"[""기아는 현재 PER 5.4배, PBR 1.01배로 저평가 구간에 있으며, ROE 18.6%로 높은 수익성을 보여주고 있습니다."", ""52주 최고가 대비 현재 위치가 84.9%로 상승 여력이 남아있으며, 최근 1개월 수익률도 2.29%로 긍정적인 흐름을 보이고 있습니다."", ""거래량 변화율이 음수이나, 이는 단기적인 조정일 수 있으며 전반적인 재무 및 기술적 지표는 긍정적인 투자 신호를 보내고 있습니다.""]"
000270,기아,2024-07-01,123600,Buy,75,"[""기아는 현재 PER 5.8배로 저평가 구간에 있으며, ROE 18.6%로 높은 수익성을 보여주고 있습니다."", ""52주 최고가 대비 현재 위치가 93.3%로 상승 여력이 남아있으며, 최근 1개월 수익률도 9.26%로 긍정적인 흐름을 이어가고 있습니다."", ""거래량 변화율이 소폭 하락했으나, 전반적인 재무 및 기술적 지표가 상승세를 지지하고 있어 향후 20거래일 내 KOSPI 시장 수익률 대비 초과 상승을 기대해 볼 수 있습니다.""]"
000270,기아,2024-08-01,107100,Neutral,60,"[""기아의 재무 지표는 저평가 가능성을 시사하나, 최근 1개월 수익률 하락과 거래량 감소는 단기적인 투자 심리 위축을 나타냅니다."", ""현재 주가는 52주 최고가 대비 상당한 하락폭을 보이고 있어 반등 가능성도 존재하지만, 명확한 상승 또는 하락 추세를 판단하기에는 정보가 부족합니다."", ""KOSPI 시장 전반의 흐름과 기아 자체의 추가적인 모멘텀에 대한 정보가 더 필요하여 명확한 방향성을 제시하기 어렵습니다.""]"
000270,기아,2024-09-02,102200,Neutral,60,"[""기아는 현재 PER, PBR 지표상 저평가 구간에 있으며 ROE 또한 우수한 수준으로 펀더멘털 측면에서 긍정적인 요소를 가지고 있습니다."", ""하지만 최근 1개월 수익률이 마이너스를 기록하며 단기적인 하락세를 보이고 있으며, 52주 최고가 대비 상당한 하락폭을 기록하고 있어 투자 심리가 위축될 가능성이 있습니다."", ""거래량 변화율이 긍정적인 신호를 보이고 있으나, 전반적인 시장 상황 및 거시 경제 변수에 대한 정보가 부족하여 명확한 방향성을 판단하기 어렵습니다.""]"
000270,기아,2024-10-02,98000,Neutral,55,"[""기아의 현재 PER과 PBR은 시장 평균 대비 저평가 가능성을 시사하지만, 최근 1개월 수익률 하락은 투자 심리 위축을 나타냅니다."", ""52주 최고가 대비 현재 위치는 하락 여력이 있음을 보여주지만, ROE 18.6%는 견조한 수익성을 유지하고 있음을 시사합니다."", ""거래량 변화율 증가는 시장의 관심이 증가하고 있음을 나타내지만, 이것이 상승 또는 하락으로 이어질지는 불확실합니다.""]"
000270,기아,2024-11-01,97400,Neutral,55,"[""기아의 재무지표는 저평가 구간에 있음을 시사하나, 최근 1개월 수익률 하락은 단기적인 투자 심리 위축을 나타냅니다."", ""52주 최고가 대비 현재 위치는 상승 여력이 있음을 보여주지만, 거래량 변화율은 큰 추세 전환을 단정하기 어렵습니다."", ""거시 경제 불확실성과 자동차 산업 전반의 경쟁 심화 가능성을 고려할 때, 향후 20거래일 내 KOSPI 대비 명확한 초과 상승 또는 하락을 예측하기에는 정보가 제한적입니다.""]"
000270,기아,2024-12-02,98000,Neutral,55,"[""기아의 재무 지표는 양호한 편이나, 최근 1개월 수익률과 거래량 변화율이 부진하여 단기적인 상승 동력이 약해 보입니다."", ""현재가는 52주 최고가 대비 상당한 하락폭을 보이고 있어 반등 가능성도 존재하지만, 52주 내 현재 위치가 22.6%로 상승 여력이 제한적일 수 있습니다."", ""KOSPI 시장 전체의 방향성과 거시 경제 지표에 대한 정보가 부족하여 기아만의 20거래일 투자 방향을 명확히 판단하기 어렵습니다.""]"
000270,기아,2025-01-02,100700,Buy,75,"[""기아는 현재 PER 4.6배, PBR 0.85배로 저평가 구간에 있으며, ROE 18.6%로 높은 수익성을 보여주고 있습니다."", ""최근 1개월 수익률이 9.36%로 양호한 흐름을 보이고 있으며, 거래량 변화율도 7.01%로 긍정적인 신호를 나타냅니다."", ""52주 최고가 대비 현재 위치가 31.9%로 상승 여력이 남아있으며, 시장 대비 초과 상승 가능성이 있습니다.""]"
000270,기아,2025-02-03,96700,Neutral,55,"[""기아의 재무 지표는 저평가 가능성을 시사하나, 최근 1개월 수익률 하락과 거래량 감소는 단기적인 투자 심리 위축을 나타냅니다."", ""현재 주가는 52주 최저가 대비로는 상승했으나 최고가 대비로는 상당한 하락폭을 기록하며 변동성이 큰 구간에 있습니다."", ""향후 20거래일 동안 KOSPI 시장 전체의 방향성과 거시 경제 지표 변화, 그리고 기아 자체의 신차 출시 및 판매 실적 등 추가적인 정보 없이는 명확한 초과 상승 또는 하락을 예측하기 어렵습니다.""]"
000270,기아,2025-03-04,95900,Neutral,60,"[""기아의 재무지표는 저평가 가능성을 시사하나, 최근 1개월 수익률 하락은 단기적인 투자 심리 위축을 나타냅니다."", ""52주 최고가 대비 현재 위치는 낮지만, 52주 최저가 대비로는 상승 여력이 남아있어 방향성 판단이 어렵습니다."", ""거래량 변화율이 소폭 상승했으나, 이것만으로는 추세 전환을 확신하기에 정보가 부족합니다.""]"
000270,기아,2025-04-01,92100,Buy,75,"[""기아는 현재 PER 3.7배, PBR 0.65배로 저평가 구간에 있으며, ROE 17.4%로 높은 수익성을 보여주고 있습니다."", ""52주 최저가 대비 현재 위치가 5.8%로 상승 여력이 남아있으며, 최근 거래량 변화율이 25.67%로 증가하는 추세는 긍정적인 신호입니다."", ""최근 1개월 수익률이 0.00%로 횡보했지만, 이는 향후 상승을 위한 에너지를 축적하는 과정일 수 있습니다.""]"
000270,기아,2025-05-02,88100,Neutral,55,"[""기아는 현재 52주 최저가에 근접한 가격에 거래되고 있으며, 이는 저가 매수의 기회를 제공할 수 있습니다."", ""하지만 최근 1개월 수익률이 마이너스이고 거래량 변화율도 감소하는 등 단기적인 하락 추세가 관찰됩니다."", ""PER, PBR, ROE 등 재무 지표는 양호한 편이나, 기술적 지표의 단기 약세와 시장 전반의 불확실성을 고려할 때 20거래일 내 KOSPI 대비 명확한 초과 상승 또는 하락을 예측하기 어렵습니다.""]"
000270,기아,2025-06-02,89600,Neutral,55,"[""기아의 재무 지표는 저평가 가능성을 시사하나, 최근 주가 하락세와 거래량 감소는 단기적인 투자 심리 위축을 나타냅니다."", ""52주 최고가 대비 현재 위치가 낮아 반등 여력은 있으나, 최근 1개월 수익률이 마이너스인 점은 상승 모멘텀 약화를 시사합니다."", ""현재 제공된 정보만으로는 향후 20거래일 동안 KOSPI 시장 수익률 대비 초과 상승 또는 하락을 명확히 판단하기 어렵습니다.""]"
000270,기아,2025-07-01,100000,Buy,75,"[""기아의 PER(4.0)과 PBR(0.69)은 시장 평균 대비 저평가 가능성을 시사하며, ROE(17.4%)는 높은 수익성을 보여주고 있습니다."", ""최근 1개월 수익률(5.90%)과 거래량 변화율(21.02%)은 긍정적인 시장 관심과 매수세를 나타냅니다."", ""현재 주가는 52주 최고가 대비 하락한 위치에 있어 추가 상승 여력이 존재하며, 이는 KOSPI 시장 수익률 대비 초과 상승 가능성을 높입니다.""]"
000270,기아,2025-08-01,102800,Buy,75,"[""기아는 현재 PER 4.0, PBR 0.70으로 저평가 구간에 있으며, ROE 17.3%로 높은 수익성을 보여주고 있습니다."", ""52주 최고가 대비 현재 위치가 약 48.8%로, 상승 여력이 충분히 남아있다고 판단됩니다."", ""최근 1개월 수익률은 소폭 상승했으며, 거래량 변화율이 14.88%로 증가하는 추세는 긍정적인 신호로 해석될 수 있습니다.""]"
000270,기아,2025-09-01,107200,Buy,75,"[""기아는 현재가 107,200원으로 52주 최고가 110,400원에 근접해 있어 추가 상승 여력이 남아있습니다."", ""PER 4.3, PBR 0.74, ROE 17.3% 등 재무 지표가 양호하여 기업 가치 대비 저평가된 측면이 있습니다."", ""최근 1개월 수익률이 4.11%로 시장 대비 양호한 흐름을 보이고 있으나, 거래량 변화율이 크게 감소한 점은 단기적인 변동성을 야기할 수 있습니다.""]"
000270,기아,2025-10-01,104200,Neutral,55,"[""기아의 재무 지표는 저평가 가능성을 시사하나, 최근 1개월 수익률 하락과 거래량 증가가 혼재되어 단기 방향성 판단이 어렵습니다."", ""52주 최고가 대비 현재 위치는 상승 여력을 보여주지만, 최근 시장 수익률 대비 약세는 부담 요인입니다."", ""단기적인 기술적 지표와 시장 심리를 종합적으로 고려할 때, 20거래일 내 KOSPI 대비 명확한 초과 상승 또는 하락을 예측하기에는 정보가 다소 불충분합니다.""]"
000270,기아,2025-11-03,114400,Buy,75,"[""기아는 현재가 114,400원으로 52주 최고가 119,900원에 근접하며 강한 상승 모멘텀을 보여주고 있습니다."", ""최근 1개월 수익률이 17.47%로 시장 대비 우수한 성과를 기록했으며, 거래량 변화율도 48.96%로 증가하며 투자자들의 관심이 높아지고 있음을 시사합니다."", ""PER 4.7, PBR 0.82, ROE 17.3% 등 재무 지표 또한 양호하여 밸류에이션 매력과 수익성을 동시에 갖추고 있습니다.""]"
000270,기아,2025-12-01,117000,Neutral,60,"[""기아는 현재 52주 최고가에 근접해 있으며, 최근 1개월 수익률이 마이너스를 기록하며 단기적인 상승 모멘텀이 약화된 것으로 보입니다."", ""하지만 PER, PBR, ROE 등 재무 지표는 여전히 매력적인 수준을 유지하고 있어 장기적인 관점에서는 긍정적인 요인으로 작용할 수 있습니다."", ""거래량 변화율이 크게 감소한 점은 투자 심리가 위축되었음을 시사하며, 이는 향후 20거래일 동안의 방향성을 판단하기 어렵게 만듭니다.""]"
105560,KB금융,2023-01-02,49050,Neutral,55,"[""KB금융은 현재 52주 최저가에 근접한 수준으로 반등 가능성이 있으나, 최근 1개월 수익률이 마이너스이고 거래량 변화율도 부정적인 점은 하락 압력으로 작용할 수 있습니다."", ""PER, PBR, ROE 등 핵심 재무지표 정보가 부족하여 기업의 본질적인 가치 평가에 한계가 있습니다."", ""기술적 지표상으로는 반등을 기대할 수 있는 위치이나, 시장 전반의 흐름이나 추가적인 악재 발생 가능성을 배제할 수 없어 명확한 방향성을 판단하기 어렵습니다.""]"
105560,KB금융,2023-02-01,56400,Buy,75,"[""최근 1개월 수익률이 18.35%로 강한 상승세를 보이고 있으며, 이는 투자자들의 긍정적인 심리를 반영합니다."", ""거래량 변화율이 58.72%로 크게 증가한 것은 매수세 유입 가능성을 시사하며, 이는 주가 상승 동력으로 작용할 수 있습니다."", ""현재 주가가 52주 최고가 대비 약 14% 하락한 수준으로, 추가적인 상승 여력이 존재한다고 판단됩니다.""]"
105560,KB금융,2023-03-02,50000,Neutral,55,"[""KB금융은 현재 PER, PBR, ROE 등 주요 재무지표 정보가 부족하여 기업의 내재가치 평가가 어렵습니다."", ""최근 1개월 수익률이 -9.48%로 하락세를 보이고 있으며, 거래량 변화율도 마이너스를 기록하여 단기적인 투자 심리가 위축된 것으로 판단됩니다."", ""52주 최고가 대비 현재 위치가 37.9%로 하락폭이 상당하지만, 시장 전반의 흐름이나 추가적인 상승/하락 모멘텀을 판단할 만한 명확한 지표가 부족하여 보합세를 예상합니다.""]"
105560,KB금융,2023-04-03,47750,Neutral,55,"[""KB금융은 현재 PER, PBR, ROE 등 주요 재무지표 정보가 부족하여 기업의 내재가치 평가에 한계가 있습니다."", ""52주 최고가 대비 현재 위치가 낮고 최근 1개월 수익률이 마이너스이며 거래량 변화율도 감소하는 등 기술적으로는 하락 압력이 존재합니다."", ""하지만 금융주는 경기 민감 업종으로 금리 인상 및 경기 침체 우려 등 거시 경제 변수에 따라 변동성이 커질 수 있어 단기적인 방향성을 명확히 판단하기 어렵습니다.""]"
105560,KB금융,2023-05-02,48300,Neutral,55,"[""KB금융은 현재 52주 최고가 대비 상당한 하락폭을 보이고 있으며, 이는 매력적인 진입 기회를 제공할 수 있습니다."", ""최근 1개월 수익률이 긍정적이나, 거래량 변화율이 마이너스를 기록하며 상승 모멘텀이 약화될 가능성을 시사합니다."", ""제공된 재무 지표에서 PER, PBR, ROE 정보가 누락되어 있어 기업의 본질적인 가치 평가 및 수익성에 대한 판단이 어렵습니다.""]"
105560,KB금융,2023-06-01,47450,Neutral,55,"[""KB금융은 현재 PER, PBR, ROE 등 주요 재무지표 정보가 부족하여 기업의 내재가치 평가에 한계가 있습니다."", ""최근 1개월 수익률이 마이너스(-)를 기록하며 단기적인 하락세를 보였으나, 거래량 변화율이 소폭 상승하며 투자 심리가 완전히 위축되지는 않았습니다."", ""52주 최고가 대비 현재 위치가 18.6% 하락한 상태로, 추가 하락보다는 반등 가능성도 존재하나 명확한 상승 동력이 부족하여 보합세를 예상합니다.""]"
105560,KB금융,2023-07-03,48400,Neutral,55,"[""KB금융은 현재 52주 최저가에 근접한 수준으로 반등 가능성이 있으나, PER, PBR, ROE 등 핵심 재무지표 정보가 부재하여 명확한 펀더멘털 분석이 어렵습니다."", ""최근 1개월 수익률은 긍정적이나 거래량 변화율이 마이너스인 점은 투자 심리 위축 가능성을 시사합니다."", ""기술적 지표상으로는 52주 최저가 부근에서 지지력을 확인할 수 있으나, 시장 전반의 불확실성과 금융 섹터의 변동성을 고려할 때 20거래일 내 뚜렷한 방향성을 예측하기에는 정보가 제한적입니다.""]"
105560,KB금융,2023-08-01,52600,Buy,75,"[""최근 1개월 수익률이 8.53%로 양호한 흐름을 보이고 있으며, 이는 시장 대비 초과 상승 가능성을 시사합니다."", ""거래량 변화율이 26.96%로 증가 추세를 나타내고 있어 투자자들의 관심이 높아지고 있음을 보여줍니다."", ""현재가가 52주 최고가 대비 약 12% 하락한 수준으로, 추가 상승 여력이 존재할 가능성이 있습니다.""]"
105560,KB금융,2023-09-01,54000,Neutral,55,"[""KB금융은 현재 PER, PBR, ROE 등 주요 재무지표가 '해당없음' 또는 'N/A'로 표시되어 있어 기업의 내재가치 평가에 어려움이 있습니다."", ""52주 최고가 대비 현재 위치가 60.7%로 중간 수준에 머물러 있어 뚜렷한 상승 또는 하락 추세를 판단하기 어렵습니다."", ""최근 1개월 수익률은 소폭 상승했으나, 거래량 변화율이 크게 감소(-35.92%)한 점은 투자 심리 위축 가능성을 시사하며, 이는 향후 20거래일 동안 KOSPI 시장 수익률 대비 초과 상승 또는 하락을 단정하기 어렵게 만듭니다.""]"
105560,KB금융,2023-10-04,53600,Neutral,55,"[""KB금융은 현재 PER, PBR, ROE 등 주요 재무지표 정보가 부족하여 기업의 내재가치 평가에 한계가 있습니다."", ""52주 최고가 대비 현재 위치가 67.5%로, 상승 여력과 하락 위험이 공존하는 구간으로 판단됩니다."", ""최근 1개월 수익률이 3.99%로 소폭 상승세를 보이고 거래량 변화율도 7.82%로 긍정적이나, 시장 전체의 방향성을 고려할 때 20거래일 내 KOSPI 시장 수익률 대비 명확한 초과 상승 또는 하락을 예측하기에는 근거가 제한적입니다.""]"
105560,KB금융,2023-11-01,51000,Neutral,55,"[""KB금융은 현재 PER, PBR, ROE 등 주요 재무지표 정보가 부족하여 기업의 내재가치 평가에 한계가 있습니다."", ""최근 1개월 수익률이 마이너스(-)를 기록하며 약세를 보였으나, 거래량 변화율이 소폭 상승하며 투자 심리 변화 가능성을 시사합니다."", ""52주 최고가 대비 현재 위치가 40.8%로, 상승 여력과 하락 위험이 공존하는 구간으로 판단됩니다.""]"
105560,KB금융,2023-12-01,51500,Neutral,55,"[""KB금융은 현재 PER, PBR, ROE 등 주요 재무지표가 '해당없음' 또는 'N/A'로 표시되어 있어 기업의 내재가치 평가에 어려움이 있습니다."", ""52주 최고가 대비 현재 위치가 40% 수준으로, 52주 내에서 중간 정도의 위치에 있어 상승 및 하락 여력이 모두 존재합니다."", ""최근 1개월 수익률은 소폭 상승했으나 거래량 변화율은 하락하여 투자 심리가 명확하게 형성되지 않은 상태입니다.""]"
105560,KB금융,2024-01-02,52600,Neutral,55,"[""KB금융은 현재 PER, PBR, ROE 등 주요 재무지표 정보가 부족하여 기업의 내재가치 평가에 한계가 있습니다."", ""최근 1개월 수익률은 긍정적이나, 거래량 변화율이 마이너스를 기록하며 투자 심리가 다소 위축되었을 가능성을 시사합니다."", ""52주 최고가 대비 현재 위치는 중간 수준으로, 향후 상승 및 하락 요인이 혼재되어 있어 명확한 방향성을 판단하기 어렵습니다.""]"
105560,KB금융,2024-02-01,66300,Buy,75,"[""KB금융은 52주 최고가 대비 100% 수준에 위치하며, 최근 1개월 수익률이 16.54%로 강한 상승세를 보이고 있습니다."", ""거래량 변화율이 79.35%로 크게 증가하여 투자자들의 관심이 집중되고 있음을 시사합니다."", ""금융주는 일반적으로 금리 인상 시기에 수혜를 받는 경향이 있으며, 현재 시장 상황을 고려할 때 추가 상승 여력이 있다고 판단됩니다.""]"
105560,KB금융,2024-03-04,69500,Buy,75,"[""KB금융은 52주 최고가에 근접한 97.0% 위치에 있으며, 최근 1개월 수익률이 23.43%로 강한 상승세를 보이고 있습니다."", ""거래량 변화율이 113.51%로 크게 증가하여 투자자들의 관심이 집중되고 있음을 시사합니다."", ""PER, PBR, ROE 등 재무지표가 적자 또는 N/A로 표시되어 있으나, 이는 금융업종의 특성상 일반 제조업과는 다른 분석이 필요하며, 현재 주가 흐름은 긍정적인 모멘텀을 강하게 나타내고 있습니다.""]"
105560,KB금융,2024-04-01,68900,Buy,75,"[""KB금융은 현재 PER 5.9배, PBR 0.43배로 금융업종 평균 대비 저평가 매력이 있습니다."", ""최근 1개월 수익률이 7.72%로 양호한 흐름을 보이고 있으며, 52주 최고가 대비 현재 위치가 68.2%로 상승 여력이 남아있습니다."", ""거래량 변화율이 감소한 것은 단기적인 매물 소화 과정으로 해석될 수 있으며, 향후 시장 상황에 따라 재반등 가능성이 있습니다.""]"
105560,KB금융,2024-05-02,73700,Buy,75,"[""KB금융은 현재 PER 6.2배, PBR 0.46배로 금융업종 평균 대비 저평가된 것으로 판단됩니다."", ""최근 1개월 수익률이 5.70%로 양호한 흐름을 보이고 있으며, 52주 최고가 대비 80.4% 수준으로 상승 여력이 남아있습니다."", ""다만, 최근 거래량 변화율이 -25.53%로 감소 추세를 보이고 있어 단기적인 변동성에 유의할 필요가 있습니다.""]"
105560,KB금융,2024-06-03,77600,Buy,75,"[""KB금융은 현재 PER 6.8배, PBR 0.50배로 금융업종 평균 대비 저평가된 것으로 판단됩니다."", ""52주 최고가 대비 현재 위치가 93.5%로 상승 여력이 남아있으며, 최근 1개월 수익률도 4.89%로 긍정적인 흐름을 보이고 있습니다."", ""거래량 변화율이 소폭 하락했으나, 전반적인 재무 및 기술적 지표가 상승 가능성을 시사하고 있습니다.""]"
105560,KB금융,2024-07-01,83200,Buy,75,"[""KB금융은 현재가 83,200원으로 52주 최고가 81,600원을 상회하며 강한 상승 추세를 보이고 있습니다."", ""PER 6.9, PBR 0.50은 금융 업종 내에서 저평가 매력을 시사하며, ROE 7.3%는 양호한 수익성을 나타냅니다."", ""최근 1개월 수익률이 1.14%로 시장 대비 견조한 흐름을 보이고 있으나, 거래량 변화율이 -20.08%로 감소한 점은 단기적인 상승 탄력 둔화 가능성을 시사합니다.""]"
105560,KB금융,2024-08-01,83200,Buy,75,"[""KB금융은 현재 PER 7.6배, PBR 0.56배로 금융업종 평균 대비 저평가된 것으로 판단됩니다."", ""52주 최고가 대비 현재 위치가 94.2%로 상승 추세가 강하게 나타나고 있으며, 최근 1개월 수익률도 4.62%로 긍정적입니다."", ""거래량 변화율이 4.06%로 증가하는 추세는 매수세 유입 가능성을 시사합니다.""]"
105560,KB금융,2024-09-02,87000,Neutral,60,"[""KB금융은 현재 52주 최고가에 근접한 수준으로, 단기적인 추가 상승 여력이 제한적일 수 있습니다."", ""최근 1개월 수익률이 소폭 하락하고 거래량 변화율이 감소한 점은 투자 심리가 다소 위축되었음을 시사합니다."", ""하지만 PER, PBR 등 재무 지표상 저평가 매력이 존재하며, 금융 업종 전반의 안정적인 흐름을 고려할 때 급격한 하락보다는 관망세가 이어질 가능성이 있습니다.""]"
105560,KB금융,2024-10-02,82600,Neutral,65,"[""KB금융은 현재 PER 7.0, PBR 0.51로 저평가 구간에 있다는 분석이 가능하나, 최근 1개월 수익률이 -5.24%로 하락세를 보이고 있습니다."", ""52주 최고가 대비 현재 위치가 77.1%로 상승 여력이 남아있다고 볼 수 있으나, 거래량 변화율이 27.15%로 증가한 점은 긍정적이나 추세 전환을 확신하기에는 부족합니다."", ""금융 업종 전반의 금리 인상 및 경기 침체 우려 등 거시 경제 변수가 KB금융의 향후 주가 방향에 불확실성을 더하고 있어 명확한 Buy 또는 Sell 신호를 내리기 어렵습니다.""]"
105560,KB금융,2024-11-01,90700,Buy,75,"[""KB금융은 현재 PER 7.9배, PBR 0.58배로 저평가 구간에 있으며, 52주 최고가 대비 약 10% 하락한 가격은 추가 상승 여력을 시사합니다."", ""최근 1개월 수익률이 13.47%로 양호한 흐름을 보이고 있으며, 이는 시장 대비 초과 상승 가능성을 나타냅니다."", ""거래량 변화율이 소폭 하락했으나, 전반적인 기술적 지표와 재무 건전성을 고려할 때 단기적인 상승 추세가 이어질 가능성이 높습니다.""]"
105560,KB금융,2024-12-02,101200,Buy,75,"[""KB금융은 현재 52주 최고가에 근접한 수준으로, 이는 강한 상승 모멘텀을 시사합니다."", ""최근 1개월 수익률이 5.01%로 양호한 흐름을 보이고 있으며, 이는 단기적인 매수세를 뒷받침합니다."", ""PER 8.3배, PBR 0.61배는 금융업종 평균 대비 저평가 가능성을 내포하고 있어 추가 상승 여력이 존재할 수 있습니다.""]"
105560,KB금융,2025-01-02,83800,Neutral,55,"[""KB금융은 현재 PER과 PBR이 낮아 저평가 매력이 있으나, 최근 1개월 수익률이 크게 하락하며 단기적인 하방 압력을 받고 있습니다."", ""52주 최고가 대비 현재 위치는 65.7%로 상승 여력이 남아있지만, 거래량 변화율이 높다는 점은 변동성 확대 가능성을 시사합니다."", ""금융 업종 전반의 금리 인상 및 경기 침체 우려와 같은 거시 경제 요인이 KB금융의 향후 주가 방향에 불확실성을 더하고 있어 명확한 매수 또는 매도 신호를 판단하기 어렵습니다.""]"
105560,KB금융,2025-02-03,91300,Neutral,60,"[""KB금융은 현재 PER과 PBR이 낮아 저평가 매력이 있으나, ROE가 시장 평균 대비 높지 않아 뚜렷한 상승 동력은 부족합니다."", ""52주 최고가 대비 현재 위치가 높아 추가 상승 여력이 제한적일 수 있습니다."", ""최근 1개월 수익률은 긍정적이나 거래량 변화율이 크게 감소하여 투자 심리가 위축되었을 가능성이 있습니다.""]"
105560,KB금융,2025-03-04,76600,Neutral,55,"[""KB금융은 현재 PER과 PBR이 낮아 저평가 매력이 있으나, 최근 1개월 수익률이 크게 하락하며 투자 심리가 위축된 모습을 보이고 있습니다."", ""52주 최고가 대비 현재 위치가 낮아 반등 가능성도 있으나, 거래량 변화율이 높다는 점은 변동성 확대 가능성을 시사합니다."", ""향후 20거래일 동안 KOSPI 시장 전반의 흐름과 금융 섹터의 추가적인 이슈에 따라 주가 방향성이 달라질 수 있어 명확한 매수 또는 매도 신호를 판단하기 어렵습니다.""]"
105560,KB금융,2025-04-01,80500,Neutral,55,"[""KB금융은 현재 PER 6.2배, PBR 0.50배로 저평가 매력이 있으나, ROE 8.1%는 시장 평균 대비 높은 수준은 아닙니다."", ""52주 최고가 대비 현재 위치가 43.3%로 상승 여력이 남아있지만, 최근 1개월 수익률이 1.66%로 부진하고 거래량 변화율이 -23.14%로 감소한 점은 단기적인 매수세 약화를 시사합니다."", ""금융 업종 전반의 금리 변동성 및 규제 리스크 등 거시 경제 요인이 KB금융의 단기 주가 방향성에 불확실성을 더하고 있습니다.""]"
105560,KB금융,2025-05-02,93600,Buy,75,"[""KB금융은 현재 PER 7.2배, PBR 0.58배로 금융업종 평균 대비 저평가된 것으로 판단됩니다."", ""최근 1개월 수익률이 15.78%로 강한 상승세를 보이고 있으며, 52주 최고가 대비 현재 위치가 78.7%로 추가 상승 여력이 존재합니다."", ""거래량 변화율이 소폭 하락했으나, 전반적인 재무 및 기술적 지표가 긍정적인 신호를 보내고 있어 향후 20거래일 내 KOSPI 시장 수익률 대비 초과 상승을 예상합니다.""]"
105560,KB금융,2025-06-02,107900,Buy,75,"[""KB금융은 현재가 107,900원으로 52주 최고가 104,300원을 상회하며 강한 상승 추세를 보이고 있습니다."", ""최근 1개월 수익률이 13.90%로 시장 대비 우수한 성과를 기록하며 투자자들의 관심을 받고 있습니다."", ""PER 7.8배, PBR 0.62배는 금융업종 평균 대비 저평가된 수준으로 추가 상승 여력이 있다고 판단됩니다.""]"
105560,KB금융,2025-07-01,113500,Buy,75,"[""KB금융은 현재 52주 최고가에 근접한 수준으로, 강한 상승 모멘텀을 보여주고 있습니다."", ""최근 1개월 수익률이 7.89%로 양호하며, 거래량 변화율도 37.41%로 증가하여 투자 심리가 개선되고 있음을 시사합니다."", ""PER 8.6, PBR 0.69 등 재무 지표상 저평가 매력이 존재하며, ROE 8.0%는 안정적인 수익성을 나타냅니다.""]"
105560,KB금융,2025-08-01,108400,Neutral,55,"[""KB금융은 현재 PER 8.2배, PBR 0.66배로 저평가 구간에 있다는 분석이 가능하나, 최근 1개월 수익률이 -9.32%로 하락세를 보이고 있습니다."", ""52주 최고가 대비 현재 위치가 68.9%로 상승 여력이 남아있다고 볼 수도 있지만, 최근 거래량 변화율이 -15.86%로 감소하는 추세는 투자 심리 위축을 시사합니다."", ""금융 업종 전반의 금리 인하 기대감 등 긍정적 요인과 경기 침체 우려 등 부정적 요인이 혼재하여 단기적인 방향성을 명확히 판단하기 어렵습니다.""]"
105560,KB금융,2025-09-01,108800,Neutral,60,"[""KB금융은 현재 PER 8.3배, PBR 0.67배로 저평가 매력이 있으나, ROE 8.1%는 시장 평균 대비 높은 수준은 아닙니다."", ""52주 최고가 대비 현재 위치는 71.1%로 상승 여력이 남아있으나, 최근 1개월 수익률이 -3.43%로 하락세를 보이고 있으며 거래량 변화율도 감소하여 단기적인 모멘텀이 약합니다."", ""금융 업종 전반의 금리 인상 및 경기 둔화 우려와 같은 거시 경제적 요인이 KB금융의 향후 주가 방향에 불확실성을 더하고 있어 명확한 매수 또는 매도 신호를 판단하기 어렵습니다.""]"
105560,KB금융,2025-10-01,116800,Buy,75,"[""KB금융은 현재 52주 최고가 대비 낮은 수준에 위치해 있으며, 최근 1개월 수익률이 긍정적인 흐름을 보이고 있습니다."", ""PER 9.0, PBR 0.72는 금융업종 평균 대비 저평가 가능성을 시사하며, ROE 8.0%는 안정적인 수익성을 나타냅니다."", ""거래량 변화율이 10.14%로 증가 추세를 보이며 투자자들의 관심이 높아지고 있음을 알 수 있습니다.""]"
105560,KB금융,2025-11-03,121900,Buy,75,"[""KB금융은 현재 52주 최고가에 근접한 수준으로, 강한 상승 모멘텀을 보여주고 있습니다."", ""최근 1개월 수익률이 4.70%로 양호하며, 거래량 변화율도 16.89%로 증가 추세를 나타내고 있습니다."", ""PER 9.2, PBR 0.74 등 재무 지표상 저평가 매력이 존재하며, ROE 8.1%는 안정적인 수익성을 시사합니다.""]"
105560,KB금융,2025-12-01,132000,Buy,75,"[""KB금융은 현재 52주 최고가에 근접한 수준으로, 최근 1개월 수익률이 8.32%로 양호한 흐름을 보이고 있습니다."", ""거래량 변화율이 19.80%로 증가 추세를 나타내고 있어 투자 심리가 개선되고 있음을 시사합니다."", ""PER 9.8배, PBR 0.79배는 금융 업종 내에서 상대적으로 저평가된 구간으로 볼 수 있으며, ROE 8.1%는 안정적인 수익성을 보여주고 있습니다.""]"
055550,신한지주,2023-01-02,35000,Neutral,55,"[""신한지주의 PER, PBR, ROE 등 핵심 재무지표가 '해당없음' 또는 'N/A'로 표시되어 기업의 현재 가치 및 수익성에 대한 명확한 판단이 어렵습니다."", ""최근 1개월 수익률이 -10.56%로 하락세를 보이고 있으며, 거래량 변화율 또한 음수(-5.19%)로 투자 심리가 위축되었음을 시사합니다."", ""현재가는 52주 최고가 대비 약 9.2% 하락한 수준으로, 52주 최저가와의 격차가 크지 않아 추가 하락 가능성과 반등 가능성이 공존하는 상황입니다.""]"
055550,신한지주,2023-02-01,41250,Buy,75,"[""최근 1개월 수익률이 20.60%로 강한 상승세를 보이고 있으며, 이는 투자자들의 긍정적인 심리를 반영합니다."", ""거래량 변화율이 89.65%로 크게 증가한 것은 매수세 유입 가능성을 시사하며, 이는 주가 상승 동력으로 작용할 수 있습니다."", ""현재가가 52주 최고가 대비 약 8.5% 하락한 수준으로, 추가 상승 여력이 존재할 가능성이 있습니다.""]"
055550,신한지주,2023-03-02,37050,Neutral,55,"[""신한지주는 현재 52주 최저가에 근접한 수준으로 반등 가능성이 있으나, 최근 1개월 수익률 하락과 거래량 감소는 투자 심리 위축을 시사합니다."", ""PER, PBR, ROE 등 핵심 재무지표 정보가 부족하여 기업의 내재가치 대비 현재 주가 수준을 판단하기 어렵습니다."", ""기술적 지표상으로는 하락 추세가 나타나고 있으나, 시장 전반의 변동성과 금융 섹터의 특성을 고려할 때 명확한 방향성을 제시하기에는 정보가 제한적입니다.""]"
055550,신한지주,2023-04-03,35150,Neutral,55,"[""신한지주의 PER, PBR, ROE 등 핵심 재무지표가 '해당없음' 또는 'N/A'로 제시되어 기업의 내재가치 평가에 어려움이 있습니다."", ""현재가가 52주 최저가에 근접해 있어 하방 경직성을 기대할 수 있으나, 최근 1개월 수익률이 마이너스인 점은 투자 심리 위축을 시사합니다."", ""거래량 변화율이 소폭 상승했으나, 이는 추세 전환을 확신하기에는 부족한 수준이며 전반적인 투자 심리가 불확실한 상황입니다.""]"
055550,신한지주,2023-05-02,34850,Neutral,55,"[""신한지주의 PER, PBR, ROE 등 핵심 재무지표가 '해당없음' 또는 'N/A'로 제시되어 기업의 본질적인 가치 평가에 어려움이 있습니다."", ""현재가가 52주 최저가에 근접해 있어 하방 경직성을 기대할 수 있으나, 52주 최고가 대비로는 상당한 하락폭을 보이고 있어 상승 여력에 대한 판단이 불확실합니다."", ""최근 1개월 수익률이 소폭 상승했으나 거래량 변화율이 크게 감소하여 시장의 관심이나 매수세가 약화되었음을 시사하며, 이는 단기적인 상승 동력 부족으로 이어질 수 있습니다.""]"
055550,신한지주,2023-06-01,34950,Neutral,55,"[""신한지주의 PER, PBR, ROE 등 주요 재무지표가 '해당없음' 또는 'N/A'로 제시되어 기업의 본질적인 가치 평가에 어려움이 있습니다."", ""현재가가 52주 최저가에 근접해 있어 하방 경직성을 기대할 수 있으나, 최근 1개월 수익률이 소폭 하락하며 상승 모멘텀이 약한 모습을 보입니다."", ""거래량 변화율이 23.44%로 증가한 점은 긍정적일 수 있으나, 이것이 매수세 유입인지 차익 실현 매물인지 명확히 판단하기 어렵습니다.""]"
055550,신한지주,2023-07-03,34100,Neutral,55,"[""신한지주는 현재 52주 최저가에 근접한 가격에 거래되고 있어 기술적 반등 가능성이 있습니다."", ""최근 1개월 수익률이 소폭 하락하고 거래량 변화율이 감소한 점은 매수세 약화를 시사합니다."", ""PER, PBR, ROE 등 핵심 재무지표 정보가 부족하여 투자 방향을 명확히 판단하기 어렵습니다.""]"
055550,신한지주,2023-08-01,35600,Neutral,55,"[""신한지주의 재무지표(PER, PBR, ROE)가 제공되지 않아 기업의 내재가치 평가에 한계가 있습니다."", ""현재가는 52주 최저가 대비 높은 수준이지만, 최고가 대비로는 상당한 하락폭을 보이고 있어 추세 판단이 어렵습니다."", ""최근 1개월 수익률은 긍정적이나, 거래량 변화율이 높다는 점은 변동성 확대 가능성을 시사하며 향후 20거래일 방향성을 명확히 판단하기에는 정보가 부족합니다.""]"
055550,신한지주,2023-09-01,35700,Neutral,55,"[""신한지주는 현재 PER, PBR, ROE 등 주요 재무지표 정보가 부족하여 기업의 내재가치 평가가 어렵습니다."", ""52주 최고가 대비 현재 위치가 낮지만, 최근 1개월 수익률과 거래량 변화율이 부정적인 신호를 보이고 있습니다."", ""현재 시장 상황과 기술적 지표만으로는 향후 20거래일 동안 KOSPI 시장 수익률 대비 초과 상승 또는 하락을 명확히 판단하기 어렵습니다.""]"
055550,신한지주,2023-10-04,34300,Neutral,55,"[""신한지주의 PER, PBR, ROE 등 핵심 재무지표 정보가 부족하여 기업의 내재가치 평가에 한계가 있습니다."", ""현재가는 52주 최저가 대비 소폭 상승한 위치에 있으나, 최근 1개월 수익률은 소폭 하락하며 뚜렷한 상승 또는 하락 추세를 보이지 않고 있습니다."", ""거래량 변화율이 미미하여 시장의 관심이나 매수/매도 압력이 크지 않음을 시사하며, 이는 단기적인 방향성 판단을 어렵게 합니다.""]"
055550,신한지주,2023-11-01,34500,Neutral,55,"[""신한지주의 PER, PBR, ROE 등 핵심 재무지표가 '해당없음' 또는 'N/A'로 제시되어 기업의 내재가치 평가에 어려움이 있습니다."", ""현재가가 52주 최저가에 근접해 있어 하방 경직성을 기대할 수 있으나, 최근 1개월 수익률과 거래량 변화율이 부정적인 점은 하락 압력으로 작용할 수 있습니다."", ""제시된 정보만으로는 향후 20거래일 동안 KOSPI 시장 수익률 대비 초과 상승 또는 하락을 명확히 판단하기에 근거가 제한적입니다.""]"
055550,신한지주,2023-12-01,36750,Neutral,55,"[""신한지주의 PER, PBR, ROE 등 주요 재무지표가 '해당없음' 또는 'N/A'로 제시되어 기업의 내재가치 분석이 어렵습니다."", ""현재가(36,750원)는 52주 최저가(32,500원) 대비 상승했으나, 52주 최고가(44,900원) 대비로는 상당한 하락폭을 보이고 있어 추세 판단이 모호합니다."", ""최근 1개월 수익률은 긍정적이나 거래량 변화율이 마이너스(-)를 기록하며 투자 심리가 위축될 가능성도 배제할 수 없어 명확한 매수 또는 매도 신호를 판단하기 어렵습니다.""]"
055550,신한지주,2024-01-02,37900,Neutral,55,"[""신한지주는 현재 PER, PBR, ROE 등 주요 재무지표 정보가 부족하여 기업의 내재가치 평가에 한계가 있습니다."", ""최근 1개월 수익률은 긍정적이나, 거래량 변화율이 마이너스인 점은 투자 심리 위축 가능성을 시사합니다."", ""52주 최고가 대비 현재 위치는 중간 수준이며, 52주 최저가 대비로는 상승 여력이 있으나 뚜렷한 상승 또는 하락 추세를 판단하기에는 정보가 제한적입니다.""]"
055550,신한지주,2024-02-01,45300,Buy,75,"[""신한지주는 52주 최고가에 근접한 80.7% 위치에 있으며, 최근 1개월 수익률이 12.14%로 강한 상승세를 보이고 있습니다."", ""거래량 변화율이 83.02%로 크게 증가하여 투자자들의 관심이 집중되고 있음을 시사합니다."", ""PER, PBR, ROE 등 재무지표가 '해당없음' 또는 'N/A'로 표시되어 있어 현재 시점에서는 기술적 분석에 더 집중할 필요가 있습니다.""]"
055550,신한지주,2024-03-04,44050,Buy,75,"[""신한지주는 52주 최고가에 근접한 수준에서 거래되고 있으며, 최근 1개월 수익률이 10.64%로 양호한 상승세를 보이고 있습니다."", ""거래량 변화율이 148.02%로 크게 증가한 것은 투자자들의 관심이 높아지고 있음을 시사하며, 이는 추가 상승 가능성을 높입니다."", ""비록 PER, PBR, ROE 등 전통적인 재무지표는 적자 또는 N/A로 표시되어 있으나, 이는 금융업종의 특성상 일반 제조업과는 다른 분석이 필요하며, 현재 주가 흐름은 긍정적인 신호를 보내고 있습니다.""]"
055550,신한지주,2024-04-01,44900,Buy,75,"[""신한지주의 현재 PER과 PBR은 시장 평균 대비 낮은 수준으로 저평가 매력이 존재합니다."", ""최근 1개월 수익률이 4.59%로 양호하며, 거래량 변화율도 26.38%로 증가 추세를 보이고 있어 투자 심리가 개선되고 있음을 시사합니다."", ""52주 최고가 대비 현재 위치가 68.7%로 상승 여력이 남아있으며, 52주 최저가 대비로는 상당한 회복세를 보여주고 있습니다.""]"
055550,신한지주,2024-05-02,46450,Neutral,55,"[""신한지주의 현재가(46,450원)는 52주 최고가(51,500원) 대비 약 9.8% 하락한 수준으로, 기술적으로는 상승 여력이 남아있다고 볼 수 있습니다."", ""PER 5.7, PBR 0.39는 금융업종 평균 대비 저평가 가능성을 시사하며, 이는 긍정적인 요인으로 작용할 수 있습니다."", ""최근 1개월 수익률이 0.55%로 미미하고 거래량 변화율이 -48.94%로 크게 감소한 점은 투자 심리가 위축되었음을 나타내며, 이는 단기적인 상승 동력을 약화시킬 수 있습니다.""]"
055550,신한지주,2024-06-03,45400,Neutral,60,"[""신한지주의 현재 PER과 PBR은 시장 평균 대비 저평가된 수준으로 매력적인 투자 기회를 제공할 수 있습니다."", ""최근 1개월 수익률은 소폭 상승했으나, 거래량 변화율이 크게 감소한 점은 투자 심리 위축 가능성을 시사합니다."", ""52주 최고가 대비 현재 위치는 상대적으로 높은 편이지만, 20거래일이라는 단기적인 관점에서 시장 수익률 대비 초과 상승 또는 하락을 명확히 판단하기에는 추가적인 시장 및 업종 분석이 필요합니다.""]"
055550,신한지주,2024-07-01,49500,Buy,75,"[""신한지주의 현재 PER과 PBR은 시장 평균 대비 저평가된 수준으로, 향후 상승 여력이 존재합니다."", ""52주 최고가 대비 현재 위치가 높아 추가 상승에 대한 기대감을 높입니다."", ""최근 1개월 수익률이 긍정적인 흐름을 보이고 있으며, 이는 단기적인 매수세 유입 가능성을 시사합니다.""]"
055550,신한지주,2024-08-01,57100,Buy,75,"[""신한지주는 현재 52주 최고가에 근접한 수준으로, 강한 상승 모멘텀을 보여주고 있습니다."", ""최근 1개월 수익률이 18.79%로 매우 높으며, 거래량 변화율 또한 29.25%로 증가하여 투자자들의 관심이 집중되고 있음을 시사합니다."", ""PER 7.5, PBR 0.51 등 재무 지표상 저평가 매력이 존재하며, 이는 향후 상승 여력을 뒷받침할 수 있습니다.""]"
055550,신한지주,2024-09-02,57200,Neutral,60,"[""신한지주의 현재가(57,200원)는 52주 최고가(61,400원) 대비 하락한 수준이지만, 52주 최저가(34,100원) 대비로는 높은 위치에 있어 추세 판단이 모호합니다."", ""최근 1개월 수익률(-7.25%)과 거래량 변화율(-13.27%)은 하락세를 시사하지만, PER(7.0) 및 PBR(0.47) 지표는 상대적으로 저평가된 가능성을 보여줍니다."", ""ROE(6.7%)는 시장 평균 대비 양호한 수준일 수 있으나, 금융업종 전반의 금리 변동성 및 규제 리스크 등 외부 요인이 단기적인 주가 방향성에 큰 영향을 미칠 수 있어 명확한 방향성 판단이 어렵습니다.""]"
055550,신한지주,2024-10-02,54900,Neutral,60,"[""신한지주의 현재가(54,900원)는 52주 최고가(61,400원) 대비 약 10.6% 하락한 수준으로, 52주 내 위치(79.8%)는 상대적으로 높은 편입니다."", ""최근 1개월 수익률(-2.95%)과 거래량 변화율(-5.85%)은 하락세를 시사하지만, PER(7.0) 및 PBR(0.47) 지표는 저평가 가능성을 나타냅니다."", ""ROE(6.8%)는 시장 평균 대비 양호한 수준일 수 있으나, 단기적인 시장 수익률 대비 초과 상승 또는 하락을 명확히 판단하기에는 재무 및 기술 지표 간 상반된 신호가 혼재되어 있습니다.""]"
055550,신한지주,2024-11-01,54500,Neutral,55,"[""신한지주의 현재 PER과 PBR은 낮은 수준으로 저평가 가능성을 시사하지만, ROE는 시장 평균 대비 낮은 편입니다."", ""52주 최고가 대비 현재 위치는 양호하나, 최근 1개월 수익률과 거래량 변화율은 하락세를 나타내고 있습니다."", ""단기적인 기술적 지표의 하락세와 거시 경제 불확실성을 고려할 때, 20거래일 내 뚜렷한 방향성을 예측하기 어렵습니다.""]"
055550,신한지주,2024-12-02,56400,Neutral,60,"[""신한지주의 현재 PER과 PBR은 금융업종 평균 대비 저평가된 수준으로 판단되나, 최근 1개월 수익률이 소폭 하락하고 거래량 변화율도 감소하여 단기적인 상승 모멘텀이 약한 것으로 보입니다."", ""52주 최고가 대비 현재 위치가 70.1%로 상승 여력은 존재하나, 20거래일이라는 단기적인 관점에서 KOSPI 시장 수익률 대비 초과 상승을 확신하기에는 재무 및 기술적 지표만으로는 부족합니다."", ""ROE가 6.7%로 낮은 수준은 아니지만, 시장 전반의 금리 인상 및 경기 둔화 우려 등 거시 경제 변수가 신한지주의 주가에 미칠 영향에 대한 정보가 부족하여 명확한 매수 또는 매도 신호를 판단하기 어렵습니다.""]"
055550,신한지주,2025-01-02,48200,Neutral,60,"[""신한지주의 현재 PER과 PBR은 시장 평균 대비 낮은 수준으로 저평가 가능성을 시사하지만, 최근 1개월 수익률이 마이너스를 기록하며 단기적인 하락 압력을 받고 있습니다."", ""52주 최고가 대비 현재 위치가 절반 이상 하락한 상태이며, 이는 투자 심리가 위축되었음을 나타낼 수 있습니다."", ""거래량 변화율이 26.04%로 증가한 것은 특정 이슈에 대한 시장의 관심을 반영할 수 있으나, 이것이 상승 또는 하락으로 이어질지는 추가적인 정보 없이는 판단하기 어렵습니다.""]"
055550,신한지주,2025-02-03,51000,Neutral,60,"[""신한지주의 현재 PER과 PBR은 시장 평균 대비 저평가된 수준으로 매력적인 투자 기회를 제공할 수 있습니다."", ""최근 1개월 수익률은 긍정적이나, 거래량 변화율이 크게 하락한 점은 투자 심리 위축 가능성을 시사합니다."", ""52주 최고가 대비 현재 위치는 중간 수준으로, 뚜렷한 상승 또는 하락 추세를 판단하기에는 정보가 다소 부족합니다.""]"
055550,신한지주,2025-03-04,44650,Neutral,55,"[""신한지주의 현재 PER과 PBR은 낮은 수준으로 저평가 가능성을 시사하지만, 최근 1개월 수익률이 마이너스를 기록하며 단기적인 하락 압력을 받고 있습니다."", ""52주 최고가 대비 현재 위치가 낮고 거래량 변화율이 높다는 점은 변동성 확대 가능성을 보여주지만, 명확한 상승 또는 하락 추세를 판단하기에는 정보가 부족합니다."", ""ROE가 6.8%로 시장 평균 대비 특별히 높거나 낮다고 보기 어려워 투자 매력도를 판단하기 어렵습니다.""]"
055550,신한지주,2025-04-01,48700,Neutral,55,"[""신한지주의 현재 PER은 5.7로 낮은 편이나, PBR 및 ROE 지표가 없어 기업의 내재가치 및 수익성에 대한 판단이 제한적입니다."", ""52주 최고가 대비 현재 위치가 36.2%로 하락폭이 상당하지만, 최근 1개월 수익률은 4.91%로 긍정적인 흐름을 보이고 있습니다."", ""거래량 변화율이 -23.20%로 감소한 점은 투자 심리 위축 가능성을 시사하며, 이는 향후 주가 방향성에 대한 불확실성을 높입니다.""]"
055550,신한지주,2025-05-02,51100,Buy,75,"[""신한지주의 현재 PER 6.1은 금융업종 평균 PER 대비 낮은 수준으로 저평가 가능성을 시사합니다."", ""최근 1개월 수익률 5.13%와 거래량 변화율 6.41%는 시장에서 긍정적인 관심이 증가하고 있음을 나타냅니다."", ""52주 최고가 대비 현재 위치가 48.1%로, 상승 여력이 남아있다고 판단됩니다.""]"
055550,신한지주,2025-06-02,59900,Buy,75,"[""신한지주의 현재가(59,900원)는 52주 최고가(61,400원)에 근접해 있으며, 52주 내 현재 위치(68.5%)는 상단에 가까워 추가 상승 여력이 제한적일 수 있으나, 최근 1개월 수익률이 10.71%로 양호한 흐름을 보이고 있습니다."", ""PER 6.6은 낮은 수준으로 저평가 매력이 존재하며, 이는 향후 주가 상승의 잠재적 요인으로 작용할 수 있습니다."", ""거래량 변화율이 -12.20%로 감소한 것은 단기적인 매도 압력이 약화되었음을 시사하며, 이는 향후 주가 반등 가능성을 높입니다.""]"
055550,신한지주,2025-07-01,61700,Buy,75,"[""신한지주는 현재 52주 최고가에 근접한 수준으로, 강한 상승 모멘텀을 보여주고 있습니다."", ""최근 1개월 수익률이 8.17%로 양호하며, 거래량 변화율이 119.98%로 크게 증가하여 투자자들의 관심이 집중되고 있음을 시사합니다."", ""PER 7.4배는 금융 업종 내에서 상대적으로 저평가된 수준으로 볼 수 있으며, 이는 추가 상승 여력을 제공할 수 있습니다.""]"
055550,신한지주,2025-08-01,65900,Neutral,60,"[""신한지주의 현재 PER은 7.7로 금융업종 평균 대비 저평가 가능성을 시사하나, PBR 및 ROE 지표가 없어 재무 건전성 및 수익성 판단에 한계가 있습니다."", ""52주 최고가 대비 현재 위치가 76.2%로 상승 여력이 남아있으나, 최근 1개월 수익률이 2.20%로 소폭 상승에 그쳤고 거래량 변화율이 -32.11%로 감소한 점은 투자 심리 위축 가능성을 시사합니다."", ""단기적인 기술적 지표와 재무 지표만으로는 향후 20거래일 동안 KOSPI 시장 수익률 대비 초과 상승 또는 하락을 명확히 판단하기 어렵습니다.""]"
055550,신한지주,2025-09-01,64900,Neutral,55,"[""신한지주의 현재 PER은 7.6으로 낮은 편이나, PBR 및 ROE 지표가 없어 재무 건전성을 종합적으로 판단하기 어렵습니다."", ""52주 최고가 대비 현재 위치는 72.3%로 상승 여력이 남아있다고 볼 수 있으나, 최근 1개월 수익률이 마이너스이고 거래량 변화율도 감소하여 단기적인 하락 압력이 존재합니다."", ""KOSPI 시장 전반의 방향성에 대한 정보가 부족하고, 신한지주 자체의 상승 및 하락 요인이 균형을 이루고 있어 명확한 투자 방향을 제시하기 어렵습니다.""]"
055550,신한지주,2025-10-01,71400,Buy,75,"[""신한지주의 현재가가 52주 최고가에 근접해 있으며, 최근 1개월 수익률이 8.63%로 양호한 상승세를 보이고 있습니다."", ""거래량 변화율이 16.11%로 증가 추세를 나타내고 있어 투자 심리가 긍정적으로 작용할 가능성이 있습니다."", ""PER 8.3배는 상대적으로 낮은 수준으로, 향후 실적 개선 시 주가 상승 여력이 존재합니다.""]"
055550,신한지주,2025-11-03,76400,Buy,75,"[""신한지주는 현재 52주 최고가에 근접한 수준으로, 강한 상승 추세를 이어가고 있습니다."", ""최근 1개월 수익률이 7.08%로 양호한 성과를 보이고 있으며, 이는 투자자들의 긍정적인 심리를 반영합니다."", ""PER 8.8은 금융 업종 내에서 상대적으로 매력적인 밸류에이션을 제시하며, 향후 추가 상승 여력을 시사합니다.""]"
055550,신한지주,2025-12-01,81400,Buy,75,"[""신한지주는 현재 52주 최고가에 근접한 수준으로, 강한 상승 모멘텀을 보여주고 있습니다."", ""최근 1개월 수익률이 8.73%로 양호하며, 이는 단기적인 매수세가 유입되고 있음을 시사합니다."", ""PER 9.4는 금융업종 평균 대비 저평가 가능성을 내포하고 있어 추가 상승 여력이 존재할 수 있습니다.""]"
035720,카카오,2023-01-02,53300,Neutral,55,"[""카카오는 현재 52주 최저가 대비 높은 수준에 위치해 있으나, 52주 최고가 대비로는 상당한 하락세를 보이고 있어 상승 및 하락 요인이 혼재합니다."", ""최근 1개월 수익률이 마이너스이고 거래량 변화율 또한 감소한 점은 단기적인 투자 심리 위축을 시사합니다."", ""재무 지표는 시장 평균 대비 과도하게 고평가되었다고 보기는 어렵지만, 뚜렷한 상승 모멘텀을 보여주는 지표도 부족합니다.""]"
035720,카카오,2023-02-01,64500,Buy,75,"[""최근 1개월 수익률이 17.14%로 강한 상승세를 보이고 있으며, 거래량 변화율도 44.97%로 증가하여 투자 심리가 긍정적임을 시사합니다."", ""현재 주가는 52주 최고가 대비 약 40% 하락한 수준으로, 기술적 반등 가능성이 존재합니다."", ""카카오의 PER(19.4)과 PBR(2.03)은 시장 평균 대비 높은 편은 아니지만, ROE(10.5%)는 양호한 수준을 유지하고 있어 기업의 수익성을 고려할 때 추가적인 상승 여력이 있다고 판단됩니다.""]"
035720,카카오,2023-03-02,61000,Neutral,55,"[""카카오의 현재가는 52주 최고가 대비 상당한 하락폭을 보이고 있으나, 최근 1개월 수익률은 KOSPI 시장 수익률 대비 큰 차이를 보이지 않아 방향성 판단이 어렵습니다."", ""거래량 변화율이 긍정적인 신호를 보이고 있으나, 재무 지표들이 시장 평균 대비 특별히 우수하거나 열악하다고 보기 어려워 투자 매력도를 명확히 판단하기 어렵습니다."", ""PER, PBR, ROE 등의 재무 지표는 시장 평균 수준으로 해석될 수 있으며, 기술적 지표 또한 뚜렷한 상승 또는 하락 추세를 강하게 지지하지 않아 향후 20거래일 동안 KOSPI 시장 수익률 대비 초과 상승 또는 하락을 단정하기 어렵습니다.""]"
035720,카카오,2023-04-03,60700,Neutral,55,"[""카카오는 현재 52주 최고가 대비 상당한 하락폭을 보이고 있으나, 최근 1개월 수익률과 거래량 변화율은 약세를 나타내고 있습니다."", ""PER, PBR, ROE 등 재무 지표는 시장 평균 대비 우수하다고 단정하기 어렵고, 긍정적인 모멘텀을 강하게 시사하는 기술적 지표가 부족합니다."", ""향후 20거래일 동안 KOSPI 시장 수익률 대비 초과 상승 또는 하락을 명확히 판단하기에는 상승 및 하락 요인이 균형을 이루고 있어 정보가 불충분합니다.""]"
035720,카카오,2023-05-02,58300,Neutral,55,"[""카카오는 현재 52주 최고가 대비 상당한 하락폭을 보이고 있으나, 최근 1개월 수익률과 거래량 변화율은 하락세를 시사합니다."", ""PER, PBR, ROE 등 재무 지표는 시장 평균 대비 우수하다고 단정하기 어렵고, 투자 매력도를 명확히 보여주지 못하고 있습니다."", ""기술적 지표상으로는 반등 가능성을 기대할 수 있으나, 최근 시장 흐름과 거래량 감소는 추가 하락 가능성도 배제할 수 없어 명확한 방향성을 판단하기 어렵습니다.""]"
035720,카카오,2023-06-01,57200,Neutral,55,"[""카카오는 현재 52주 최저가 대비 높은 수준에 위치해 있으나, 52주 최고가 대비로는 상당한 하락폭을 기록하며 기술적 반등 가능성을 시사합니다."", ""최근 1개월 수익률이 마이너스이고 거래량 변화율도 감소한 점은 단기적인 투자 심리 위축을 나타내며, 이는 추가 하락 가능성을 배제할 수 없게 합니다."", ""PER, PBR, ROE 등 재무 지표는 시장 평균 대비 특별히 고평가 또는 저평가되었다고 보기 어려운 수준으로, 뚜렷한 매수 또는 매도 신호를 제공하지 않습니다.""]"
035720,카카오,2023-07-03,49950,Neutral,55,"[""카카오는 52주 최저가에 근접한 가격에 거래되고 있어 반등 가능성이 있으나, 최근 1개월 수익률이 마이너스를 기록하며 하락 추세가 지속되고 있습니다."", ""거래량 변화율이 20.72%로 증가한 것은 긍정적인 신호일 수 있으나, 이것이 매수세 유입으로 이어질지는 불확실합니다."", ""PER, PBR, ROE 등 재무 지표는 시장 평균 대비 특별히 고평가 또는 저평가되었다고 보기 어려운 수준으로, 뚜렷한 투자 매력이나 위험 요인을 제시하지 못하고 있습니다.""]"
035720,카카오,2023-08-01,53200,Buy,75,"[""최근 1개월 수익률이 7.65%로 양호하며, 거래량 변화율도 34.43%로 증가 추세를 보이고 있어 투자 심리가 개선되고 있음을 시사합니다."", ""현재 주가는 52주 최저가 대비 약 12.4% 상승한 수준으로, 추가 상승 여력이 존재할 가능성이 있습니다."", ""PER 17.6, PBR 1.80, ROE 10.2% 등의 재무 지표는 시장 평균 대비 과도하게 고평가되었다고 보기 어려우며, 안정적인 기업 가치를 유지하고 있습니다.""]"
035720,카카오,2023-09-01,49100,Neutral,55,"[""카카오는 현재 52주 최저가에 근접한 가격에 거래되고 있어 기술적 반등 가능성이 존재합니다."", ""최근 1개월 수익률이 마이너스이고 거래량 변화율도 하락세를 보이고 있어 단기적인 하락 압력이 감지됩니다."", ""제시된 재무 지표만으로는 향후 20거래일 동안 KOSPI 시장 대비 초과 상승 또는 하락을 명확히 판단하기에 정보가 부족합니다.""]"
035720,카카오,2023-10-04,40850,Neutral,55,"[""현재가가 52주 최저가에 근접해 있어 기술적 반등 가능성이 있으나, 최근 1개월 수익률이 -15.10%로 하락 추세가 지속되고 있습니다."", ""거래량 변화율 또한 하락세를 보이고 있어 매수세 유입이 약한 상황입니다."", ""재무지표는 시장 평균 대비 무난한 수준이나, 단기적인 투자 방향을 결정할 만큼 강력한 상승 또는 하락 모멘텀을 제시하지 못하고 있습니다.""]"
035720,카카오,2023-11-01,38550,Neutral,55,"[""카카오는 현재 52주 최저가에 근접한 수준으로, 단기 반등 가능성을 시사하지만 최근 1개월 수익률이 크게 하락하여 투자 심리가 위축된 상태입니다."", ""PER, PBR, ROE 등 재무 지표는 시장 평균 대비 과도하게 고평가 또는 저평가되었다고 보기 어려운 수준으로, 뚜렷한 매수 또는 매도 신호를 보내지 않고 있습니다."", ""거래량 변화율이 긍정적인 신호를 보이지만, 전반적인 시장 상황 및 카카오 자체의 추가적인 상승 동력에 대한 정보가 부족하여 명확한 방향성을 판단하기 어렵습니다.""]"
035720,카카오,2023-12-01,50800,Buy,75,"[""최근 1개월 수익률이 28.92%로 강한 상승세를 보이고 있으며, 이는 투자자들의 긍정적인 심리를 반영합니다."", ""52주 최저가 대비 현재 위치가 36.3%로, 아직 52주 최고가 대비 상승 여력이 남아있습니다."", ""거래량 변화율이 13.03%로 증가 추세를 보이며, 이는 매수세 유입 가능성을 시사합니다.""]"
035720,카카오,2024-01-02,56600,Neutral,60,"[""최근 1개월 수익률이 14.65%로 양호한 흐름을 보였으나, 거래량 변화율이 -23.10%로 감소하여 상승 동력 약화 가능성을 시사합니다."", ""현재 주가는 52주 최고가 대비 약 20% 하락한 수준으로, 추가 상승 여력과 하락 위험이 공존하는 구간으로 판단됩니다."", ""PER, PBR, ROE 등 재무지표는 시장 평균 대비 특별히 우수하거나 열위에 있다고 단정하기 어려워 명확한 방향성을 제시하기 어렵습니다.""]"
035720,카카오,2024-02-01,56300,Neutral,60,"[""카카오는 52주 최고가 대비 상당한 하락폭을 보였으나, 최근 1개월 수익률은 하락세를 나타내고 있어 투자 심리가 위축될 가능성이 있습니다."", ""거래량 변화율이 긍정적인 신호를 보이고 있으나, 이는 단기적인 수급 개선일 수 있으며 추세 전환을 확신하기에는 부족합니다."", ""PER, PBR, ROE 등 재무 지표는 시장 평균 대비 중간 수준으로, 뚜렷한 저평가 또는 고평가 신호를 보내지 않아 향후 방향성을 판단하기 어렵습니다.""]"
035720,카카오,2024-03-04,51700,Neutral,55,"[""카카오의 현재가는 52주 최고가 대비 약 18% 하락한 수준으로, 기술적으로는 반등 가능성을 시사하나 최근 1개월 수익률이 마이너스인 점은 부담 요인입니다."", ""PER 17.0, PBR 1.74, ROE 10.2% 등의 재무지표는 시장 평균 대비 특별히 저평가 또는 고평가되었다고 보기 어려운 수준으로, 뚜렷한 매수 또는 매도 신호를 제공하지 않습니다."", ""거래량 변화율이 마이너스인 점은 투자 심리가 위축되었음을 나타내며, 향후 20거래일 동안 KOSPI 시장 수익률 대비 초과 상승 또는 하락을 단정하기에는 정보가 불충분합니다.""]"
035720,카카오,2024-04-01,51200,Neutral,60,"[""카카오는 현재 적자 상태로 PER 지표가 없어 기업 가치 평가에 어려움이 있습니다."", ""52주 최고가 대비 현재 위치가 67.5%로 상승 여력과 하락 위험이 공존하는 구간입니다."", ""최근 1개월 수익률은 소폭 상승했으나 거래량 변화율이 크게 감소하여 투자 심리가 위축되었을 가능성이 있습니다.""]"
035720,카카오,2024-05-02,49200,Neutral,55,"[""카카오는 현재 적자 상태로 PER 지표가 없어 기업의 수익성 대비 가치 평가가 어렵습니다."", ""최근 1개월 수익률이 -10.22%로 하락세를 보이고 있으나, 52주 최저가 대비 현재 위치는 45.5%로 상승 여력도 존재합니다."", ""거래량 변화율이 크지 않고, 기술적 지표만으로는 20거래일 내 뚜렷한 방향성을 판단하기에 정보가 제한적입니다.""]"
035720,카카오,2024-06-03,44600,Neutral,55,"[""카카오는 현재 적자 상태로 PER 지표가 없어 기업 가치 평가에 어려움이 있습니다."", ""최근 1개월 수익률이 마이너스(-)를 기록하며 단기적인 하락세를 보이고 있습니다."", ""하지만 52주 최저가 대비 현재 위치가 28.5%로, 추가 하락보다는 반등 가능성도 배제할 수 없어 명확한 방향성을 판단하기 어렵습니다.""]"
035720,카카오,2024-07-01,40000,Neutral,55,"[""카카오는 현재 적자 상태로 PER 지표가 없어 기업 가치 평가에 어려움이 있습니다."", ""52주 최저가 대비 현재 위치가 상대적으로 높지만, 최근 1개월 수익률과 거래량 변화율이 하락세를 나타내고 있어 투자 심리가 위축될 가능성이 있습니다."", ""현재 제공된 정보만으로는 향후 20거래일 동안 KOSPI 시장 대비 초과 상승 또는 하락을 명확히 판단하기 어렵습니다.""]"
035720,카카오,2024-08-01,39550,Neutral,55,"[""카카오는 현재 52주 최저가에 근접한 수준으로 기술적 반등 가능성이 있으나, PER이 없어 적자 상태임을 감안하면 뚜렷한 상승 동력은 부족합니다."", ""최근 1개월 수익률이 소폭 하락했으나 거래량 변화율이 긍정적인 점은 주목할 만합니다."", ""현재 재무 및 기술 지표만으로는 향후 20거래일 동안 KOSPI 시장 수익률 대비 초과 상승 또는 하락을 명확히 판단하기 어렵습니다.""]"
035720,카카오,2024-09-02,36200,Neutral,55,"[""카카오는 현재 52주 최저가에 근접한 수준으로, 기술적으로는 반등 가능성이 있으나 최근 1개월 수익률이 마이너스인 점은 하락 압력을 시사합니다."", ""PER이 해당 없음(적자)으로 재무 건전성에 대한 판단이 어렵고, PBR이 1.18로 자산 가치 대비 큰 프리미엄은 아니지만, 명확한 상승 동력이 부족합니다."", ""거래량 변화율이 미미하고 KOSPI 시장 전반의 방향성에 대한 정보가 없어 카카오만의 뚜렷한 투자 방향을 설정하기 어렵습니다.""]"
035720,카카오,2024-10-02,36700,Neutral,55,"[""카카오는 현재 52주 최저가에 근접한 가격에 거래되고 있어 기술적 반등 가능성이 존재합니다."", ""최근 1개월 수익률이 마이너스이고 거래량 변화율도 감소하는 등 단기적인 하락 추세가 관찰됩니다."", ""PER이 적자이고 ROE가 산출되지 않아 기업의 본질적인 가치 평가에 어려움이 있으며, 이는 투자 결정에 불확실성을 더합니다.""]"
035720,카카오,2024-11-01,37350,Neutral,55,"[""카카오는 현재 52주 최저가에 근접한 수준으로, 기술적으로는 반등 가능성이 있으나 최근 1개월 수익률이 0%로 뚜렷한 상승 동력이 보이지 않습니다."", ""PER이 해당없을 정도로 적자를 기록하고 있어 재무적인 매력은 낮지만, PBR 1.16은 자산 가치 대비 크게 고평가되지 않은 수준입니다."", ""거래량 변화율이 마이너스인 점은 투자 심리가 위축되었음을 시사하며, 향후 20거래일 동안 KOSPI 시장 수익률 대비 초과 상승 또는 하락을 단정하기 어려운 상황입니다.""]"
035720,카카오,2024-12-02,42950,Buy,75,"[""최근 1개월 수익률이 16.60%로 강한 상승세를 보이고 있으며, 거래량 변화율도 58.75%로 증가하여 투자 심리가 개선되고 있음을 시사합니다."", ""현재가 42,950원은 52주 최저가 32,800원 대비 상당한 상승 여력을 보여주며, 52주 최고가 61,100원까지 도달할 가능성을 열어두고 있습니다."", ""카카오의 PBR이 1.35로 시장 평균 대비 과도하게 저평가되어 있지 않으며, 향후 실적 개선에 대한 기대감이 반영될 경우 추가 상승 여력이 있습니다.""]"
035720,카카오,2025-01-02,38050,Neutral,60,"[""카카오는 현재 적자 상태로 PER 지표가 없어 기업의 내재가치 대비 저평가 여부를 판단하기 어렵습니다."", ""52주 최저가 대비 현재 위치가 16.4% 상승했으나, 최근 1개월 수익률은 -6.61%로 하락세를 보이고 있어 단기적인 방향성을 예측하기 어렵습니다."", ""거래량 변화율이 93.25%로 매우 높게 나타나고 있어 시장의 관심은 높으나, 이는 상승 또는 하락 어느 한 방향으로 강하게 쏠리기보다는 변동성 확대 가능성을 시사합니다.""]"
035720,카카오,2025-02-03,40900,Neutral,55,"[""카카오는 현재 적자 상태로 PER 지표가 없어 기업 가치 평가에 한계가 있습니다."", ""최근 1개월 수익률은 긍정적이나, 거래량 변화율이 크게 감소하여 투자 심리가 위축될 가능성이 있습니다."", ""52주 최고가 대비 현재 위치는 낮지만, 52주 최저가 대비 상승폭이 커 추가 상승 여력에 대한 판단이 어렵습니다.""]"
035720,카카오,2025-03-04,43100,Buy,75,"[""최근 1개월 수익률이 9.26%로 양호하며, 거래량 변화율이 125.76%로 크게 증가하여 투자자들의 관심이 높아지고 있음을 시사합니다."", ""현재가는 52주 최고가 대비 약 26.6% 하락한 수준으로, 추가적인 하락보다는 반등 가능성이 존재합니다."", ""PBR 1.34는 자산 가치 대비 크게 고평가되지 않은 수준으로 판단됩니다.""]"
035720,카카오,2025-04-01,40900,Neutral,55,"[""카카오의 현재 PER은 334.9로 매우 높아 밸류에이션 부담이 존재합니다."", ""최근 1개월 수익률이 마이너스이고 거래량 변화율도 크게 감소하여 단기적인 투자 심리가 위축된 것으로 보입니다."", ""하지만 52주 최고가 대비 현재 위치가 42.5%로, 여전히 상승 여력이 남아있다는 해석도 가능합니다.""]"
035720,카카오,2025-05-02,38350,Neutral,55,"[""카카오의 현재 PER은 302.0으로 매우 높아 밸류에이션 부담이 존재합니다."", ""최근 1개월 수익률이 -6.97%로 하락세를 보이고 있으나, 52주 최저가 대비 현재 위치는 30.9%로 상승 여력도 남아있습니다."", ""거래량 변화율이 14.41%로 증가하고 있어 투자자들의 관심이 높아지고 있으나, 재무 및 기술 지표만으로는 명확한 방향성을 판단하기 어렵습니다.""]"
035720,카카오,2025-06-02,41600,Neutral,55,"[""카카오의 현재 PER은 342.5로 매우 높아 밸류에이션 부담이 존재합니다."", ""최근 1개월 수익률이 12.22%로 양호한 흐름을 보였으나, 거래량 변화율이 -12.40%로 감소하는 추세는 투자 심리 위축 가능성을 시사합니다."", ""52주 최고가 대비 현재 위치가 75% 수준으로 상승 여력은 있으나, 재무 지표의 낮은 ROE와 높은 PER은 단기적인 강한 상승을 제한할 수 있습니다.""]"
035720,카카오,2025-07-01,58700,Buy,75,"[""최근 1개월간 36.59%의 높은 수익률과 280.54%의 거래량 변화율은 투자자들의 관심이 집중되고 있음을 시사합니다."", ""현재 주가는 52주 최고가 대비 약 17.4% 하락한 수준으로, 기술적으로는 추가 상승 여력이 존재할 수 있습니다."", ""PER이 다소 높지만, 이는 성장주로서의 기대감이 반영된 것으로 해석될 수 있으며, 시장 전반의 긍정적인 분위기 속에서 상승세를 이어갈 가능성이 있습니다.""]"
035720,카카오,2025-08-01,55400,Neutral,55,"[""카카오의 현재 PER은 440.5로 매우 높아 밸류에이션 부담이 존재합니다."", ""최근 1개월 수익률이 -6.72%로 하락세를 보이고 있으며, 거래량 변화율도 -71.02%로 크게 감소하여 투자 심리가 위축된 것으로 판단됩니다."", ""하지만 52주 최고가 대비 현재 위치가 60.4%로 여전히 상승 여력이 남아있고, PBR 1.76은 자산 가치 대비 크게 고평가되었다고 보기는 어렵습니다.""]"
035720,카카오,2025-09-01,59300,Neutral,55,"[""카카오의 PER이 485.7로 매우 높아 밸류에이션 부담이 존재합니다."", ""최근 1개월 수익률이 5.52%로 긍정적인 흐름을 보이고 있으며, 52주 최고가 대비 현재 위치가 75.5%로 상승 여력이 남아있습니다."", ""거래량 변화율이 66.48%로 높게 나타나 투자자들의 관심이 증가하고 있으나, ROE가 0.4%로 매우 낮아 기업의 수익성이 부진한 점은 하락 요인으로 작용할 수 있습니다.""]"
035720,카카오,2025-10-01,59600,Neutral,55,"[""카카오의 PER이 476.2로 매우 높아 밸류에이션 부담이 존재합니다."", ""52주 최고가 대비 현재 위치가 72.3%로, 상승 여력이 남아있다는 신호로 해석될 수 있습니다."", ""최근 1개월 수익률이 소폭 상승했으나 거래량 변화율이 감소하여 투자 심리가 위축되었을 가능성이 있습니다.""]"
035720,카카오,2025-11-03,64200,Neutral,55,"[""카카오의 현재 PER은 511.9로 매우 높아 밸류에이션 부담이 존재합니다."", ""최근 1개월 수익률이 8.77%로 양호하고 거래량 변화율도 15.40%로 긍정적인 흐름을 보이고 있습니다."", ""52주 최고가 대비 현재 위치가 84.3%로 상승 여력이 남아있으나, 재무지표의 낮은 ROE와 높은 PER은 하방 압력으로 작용할 수 있어 투자 방향을 명확히 판단하기 어렵습니다.""]"
035720,카카오,2025-12-01,59500,Neutral,55,"[""카카오의 PER, PBR, ROE 지표는 현재 고평가 또는 저수익성을 시사하며, 이는 단기적인 상승 모멘텀을 제한할 수 있습니다."", ""최근 1개월 수익률이 마이너스(-)를 기록하며 하락세를 보였으나, 52주 내 현재 위치가 69.1%로 여전히 높은 편에 속해 추가 하락 여력과 반등 가능성이 공존합니다."", ""거래량 변화율이 23.28%로 증가한 점은 투자자들의 관심이 높아지고 있음을 나타내지만, 이것이 긍정적인 방향으로 이어질지는 불확실합니다.""]"
035420,네이버,2023-01-02,178500,Neutral,55,"[""네이버는 현재 52주 최저가에 근접한 수준으로 기술적 반등 가능성이 있으나, 최근 1개월 수익률 하락과 거래량 감소는 투자 심리 위축을 시사합니다."", ""PER이 해당 없음(적자)으로 재무적 안정성 측면에서 불확실성이 존재하며, PBR 1.17은 시장 대비 고평가 또는 저평가 여부를 판단하기에 애매한 수준입니다."", ""KOSPI 시장 전반의 방향성과 네이버 자체의 뚜렷한 상승 또는 하락 모멘텀을 판단하기에 현재 정보만으로는 부족하여 보수적인 접근이 필요합니다.""]"
035420,네이버,2023-02-01,211500,Buy,75,"[""최근 1개월 수익률이 15.77%로 강한 상승세를 보이고 있으며, 이는 투자자들의 긍정적인 심리를 반영합니다."", ""거래량 변화율이 27.44%로 증가한 것은 매수세 유입 가능성을 시사하며, 주가 상승 동력으로 작용할 수 있습니다."", ""현재가가 52주 최저가 대비 상당 부분 상승했지만, 52주 최고가 대비로는 아직 낮은 수준에 있어 추가 상승 여력이 존재합니다.""]"
035420,네이버,2023-03-02,205500,Neutral,55,"[""네이버는 현재 적자 상태로 PER 지표가 없어 기업 가치 평가에 어려움이 있습니다."", ""최근 1개월 수익률은 소폭 상승했으나, 52주 최고가 대비 상당한 하락폭을 보이고 있어 투자 심리가 혼조세일 수 있습니다."", ""거래량 변화율이 긍정적인 신호를 보이지만, 전반적인 재무 및 기술 지표만으로는 향후 20거래일 내 KOSPI 시장 대비 초과 상승 또는 하락을 명확히 판단하기 어렵습니다.""]"
035420,네이버,2023-04-03,201000,Neutral,60,"[""네이버는 현재 적자 상태로 PER 지표 분석이 불가하며, ROE 또한 산출되지 않아 재무적 안정성 판단에 한계가 있습니다."", ""52주 최고가 대비 현재 위치가 낮고 최근 1개월 수익률이 마이너스인 점은 하락 압력을 시사하지만, 52주 최저가 대비로는 상당한 회복세를 보이고 있어 추가 하락보다는 반등 가능성도 존재합니다."", ""거래량 변화율이 감소한 것은 투자 심리 위축을 나타낼 수 있으나, 시장 전반의 투자 심리나 네이버 자체의 신규 사업 모멘텀 등 추가적인 정보 없이는 명확한 방향성을 판단하기 어렵습니다.""]"
035420,네이버,2023-05-02,192600,Neutral,55,"[""네이버는 현재 PER이 적자로 산출되어 가치평가에 어려움이 있으며, PBR 1.29는 시장 평균 대비 높은 수준은 아니지만 긍정적인 신호로 보기는 어렵습니다."", ""52주 최고가 대비 현재 위치가 26.4%로, 52주 내에서 상당한 하락을 경험했으나 최근 1개월 수익률이 -4.36%로 하락세가 지속되고 있어 추가 하락 가능성도 배제할 수 없습니다."", ""거래량 변화율이 -0.67%로 큰 변동이 없어 투자 심리가 뚜렷하게 형성되지 않은 상태이며, 기술적 지표만으로는 향후 20거래일 내 KOSPI 시장 수익률 대비 초과 상승 또는 하락을 명확히 판단하기 어렵습니다.""]"
035420,네이버,2023-06-01,204500,Buy,75,"[""최근 1개월 수익률이 6.08%로 시장 대비 양호한 흐름을 보이고 있으며, 거래량 변화율도 12.45%로 긍정적인 수급 신호를 나타내고 있습니다."", ""현재가는 52주 최고가 대비 약 30% 하락한 수준으로, 기술적으로 반등 가능성이 열려 있습니다."", ""네이버는 국내 대표 IT 기업으로서 AI 등 신사업 투자에 대한 기대감이 지속되고 있으며, 이는 장기적인 성장 동력으로 작용할 수 있습니다.""]"
035420,네이버,2023-07-03,188700,Neutral,55,"[""네이버는 현재 52주 최저가 대비 높은 수준에 위치해 있으나, 최근 1개월 수익률이 마이너스를 기록하며 약세를 보이고 있습니다."", ""PER이 적자로 인해 산출되지 않는 점과 ROE 정보가 없는 점은 기업의 수익성 및 가치 평가에 대한 불확실성을 높입니다."", ""거래량 변화율이 감소하고 있는 점은 투자 심리가 위축되었음을 시사하며, 향후 20거래일 동안 KOSPI 시장 대비 초과 상승 또는 하락을 명확히 판단하기에는 정보가 제한적입니다.""]"
035420,네이버,2023-08-01,227500,Buy,75,"[""최근 1개월 수익률이 23.09%로 강한 상승세를 보이고 있으며, 이는 투자자들의 긍정적인 심리를 반영합니다."", ""거래량 변화율이 56.02%로 크게 증가한 것은 매수세 유입 가능성을 시사하며, 이는 주가 상승 동력으로 작용할 수 있습니다."", ""현재 주가가 52주 최고가 대비 약 17% 하락한 수준이지만, 52주 최저가 대비로는 상당한 상승을 기록하며 회복세를 보여주고 있습니다.""]"
035420,네이버,2023-09-01,211500,Neutral,60,"[""네이버는 현재 52주 최고가 대비 약 11.9% 하락한 수준으로, 기술적으로는 반등 가능성이 있으나 최근 1개월 수익률이 마이너스인 점은 부담 요인입니다."", ""거래량 변화율이 18.15%로 긍정적인 신호를 보이지만, PER이 해당없음(적자)으로 재무적 안정성에 대한 판단이 어렵습니다."", ""시가총액이 33.6조원으로 큰 규모를 가지고 있어 단기적인 급등락보다는 시장 전반의 흐름에 영향을 받을 가능성이 높습니다.""]"
035420,네이버,2023-10-04,189400,Neutral,55,"[""네이버는 현재 적자 상태로 PER 지표가 없어 기업 가치 평가에 어려움이 있습니다."", ""최근 1개월 수익률이 -12.09%로 하락세를 보이고 있으며, 거래량 변화율도 -43.04%로 감소하여 투자 심리가 위축된 것으로 판단됩니다."", ""하지만 52주 최저가 대비 현재 위치가 43.0%로, 추가 하락보다는 반등 가능성도 배제할 수 없어 명확한 방향성을 제시하기 어렵습니다.""]"
035420,네이버,2023-11-01,190800,Neutral,55,"[""네이버는 현재 적자 상태로 PER 지표 분석이 불가하며, 최근 1개월 수익률과 거래량 변화율이 하락세를 보이고 있습니다."", ""하지만 PBR이 1.26으로 자산 가치 대비 크게 고평가되지 않았으며, 52주 최저가 대비 현재 위치가 37.6%로 상승 여력이 존재합니다."", ""현재 제공된 정보만으로는 향후 20거래일 동안 KOSPI 시장 수익률 대비 초과 상승 또는 하락을 명확히 판단하기 어렵습니다.""]"
035420,네이버,2023-12-01,210500,Neutral,55,"[""네이버는 현재 52주 최고가 대비 중간 지점에 위치하며, 최근 1개월 수익률은 긍정적이나 거래량 변화율은 감소 추세입니다."", ""PER이 해당없음(적자)으로 재무 건전성에 대한 명확한 판단이 어렵고, PBR은 1.38로 시장 평균 대비 높은 편은 아닙니다."", ""기술적 지표와 재무 지표에서 뚜렷한 상승 또는 하락 추세를 강하게 지지하는 정보가 부족하여 향후 20거래일 동안 KOSPI 시장 수익률 대비 초과 상승 또는 하락을 단정하기 어렵습니다.""]"
035420,네이버,2024-01-02,222000,Buy,75,"[""네이버는 52주 최고가 대비 현재 위치가 높아 추가 상승 여력이 제한적일 수 있으나, 최근 1개월 수익률이 9.64%로 양호하며 거래량 변화율도 19.43%로 긍정적인 흐름을 보이고 있습니다."", ""PBR 1.52는 시장 평균 대비 과도하게 고평가되었다고 보기 어렵고, 시가총액 35.7조원은 KOSPI 시장 내에서 상당한 비중을 차지하며 시장 전반의 흐름에 영향을 받을 가능성이 높습니다."", ""PER이 '해당없음(적자)'으로 표시되어 있으나, 이는 일시적인 현상일 수 있으며 향후 실적 개선 기대감이 주가에 긍정적인 영향을 미칠 수 있습니다. 다만, 적자 지속 여부는 면밀히 관찰해야 할 부분입니다.""]"
035420,네이버,2024-02-01,221500,Neutral,55,"[""네이버는 현재 적자 상태로 PER 지표 분석이 불가하며, 최근 1개월 수익률이 마이너스를 기록하며 단기적인 하락 압력을 받고 있습니다."", ""하지만 52주 최고가 대비 현재 위치가 43.1%로 절반 이상 상승 여력이 남아있고, PBR 1.35는 자산 가치 대비 크게 고평가되지 않은 수준으로 볼 수 있습니다."", ""거래량 변화율이 크지 않아 추세 전환을 명확히 판단하기 어렵고, KOSPI 시장 전반의 방향성 또한 불확실하여 20거래일 내 초과 상승 또는 하락을 단정하기 어렵습니다.""]"
035420,네이버,2024-03-04,188700,Neutral,55,"[""최근 1개월 수익률이 마이너스로 하락세를 보이고 있으나, 52주 최저가 대비 현재 위치가 24.4%로 상승 여력이 남아있습니다."", ""거래량 변화율이 37.23%로 증가한 것은 긍정적인 신호일 수 있으나, 적자 기업으로 PER 지표가 없어 가치 평가에 한계가 있습니다."", ""현재 시장 상황 및 네이버의 구체적인 사업 전망에 대한 추가 정보가 부족하여 명확한 매수 또는 매도 신호를 판단하기 어렵습니다.""]"
035420,네이버,2024-04-01,192000,Neutral,55,"[""네이버의 현재 PER과 PBR은 시장 평균 대비 높은 수준은 아니지만, ROE가 상대적으로 낮은 점은 투자 매력도를 다소 낮추는 요인입니다."", ""52주 최고가 대비 현재 위치가 28.5%로 하단에 가까워 하락보다는 상승 여력이 있다고 볼 수도 있으나, 최근 1개월 수익률과 거래량 변화율이 부정적인 점은 단기적인 하락 압력을 시사합니다."", ""현재 제공된 정보만으로는 향후 20거래일 동안 KOSPI 시장 수익률 대비 초과 상승 또는 하락을 명확하게 판단하기 어렵습니다.""]"
035420,네이버,2024-05-02,194600,Neutral,60,"[""네이버의 현재 PER과 PBR은 시장 평균 대비 높은 수준은 아니지만, ROE가 상대적으로 낮은 점은 밸류에이션 매력을 제한하는 요인입니다."", ""최근 1개월 수익률이 마이너스이고 거래량 변화율도 감소한 점은 단기적인 투자 심리가 위축되었음을 시사합니다."", ""52주 최고가 대비 현재 위치가 낮아 하방 경직성이 기대될 수 있으나, 뚜렷한 상승 모멘텀을 뒷받침할 만한 추가적인 정보가 부족하여 보수적인 접근이 필요합니다.""]"
035420,네이버,2024-06-03,176800,Neutral,60,"[""네이버의 현재가는 52주 최저가에 근접해 있어 하방 경직성을 기대할 수 있으나, 최근 1개월 수익률이 마이너스인 점은 단기적인 투자 심리 위축을 시사합니다."", ""PER, PBR, ROE 등 재무 지표는 시장 평균 대비 고평가 또는 저평가 여부를 명확히 판단하기 어려운 수준이며, 20거래일 내 KOSPI 시장 수익률 대비 초과 상승 또는 하락을 강하게 지지할 만한 명확한 근거가 부족합니다."", ""거래량 변화율이 21.82%로 긍정적인 신호로 해석될 수도 있으나, 이것만으로는 추세 전환을 확신하기 어렵고 전반적인 시장 상황 및 네이버 자체의 추가적인 모멘텀 부재로 인해 명확한 투자 방향을 제시하기 어렵습니다.""]"
035420,네이버,2024-07-01,159900,Neutral,55,"[""현재가가 52주 최저가에 근접해 있어 하방 경직성이 기대되지만, 최근 1개월 수익률과 거래량 변화율이 부정적인 점은 하락 압력으로 작용할 수 있습니다."", ""PER, PBR, ROE 등 재무지표는 시장 평균 대비 특별히 고평가 또는 저평가되었다고 보기 어려운 수준으로, 뚜렷한 매수 또는 매도 신호를 제공하지 않습니다."", ""기술적 지표상 52주 최고가 대비 상당한 하락폭을 보이고 있으나, 최근의 하락 추세가 반전될 만한 명확한 상승 모멘텀이 부족하여 향후 20거래일 내 KOSPI 시장 수익률 대비 초과 상승 또는 하락을 단정하기 어렵습니다.""]"
035420,네이버,2024-08-01,171400,Buy,75,"[""최근 1개월 수익률이 9.51%로 양호한 흐름을 보이며, 52주 최저가 대비 현재 위치가 20.4% 상승하여 기술적으로 반등 가능성이 있습니다."", ""거래량 변화율이 8.05%로 증가 추세를 보이며 이는 투자자들의 관심 증가를 시사합니다."", ""PER 26.3, PBR 1.13은 시장 평균 대비 과도하게 고평가되었다고 보기 어려우며, ROE 4.3%는 개선의 여지가 있으나 재무 건전성은 유지되고 있습니다.""]"
035420,네이버,2024-09-02,165300,Neutral,55,"[""현재가 165,300원은 52주 최저가 156,100원 대비 소폭 상승한 수준으로, 추가 하락보다는 반등 가능성을 시사합니다."", ""최근 1개월 수익률이 -4.80%로 부진했으나, 거래량 변화율이 12.07%로 증가한 점은 투자자들의 관심이 다시 높아지고 있음을 나타낼 수 있습니다."", ""재무 지표상 PER 25.0, PBR 1.08은 시장 평균 대비 고평가 또는 저평가 여부를 명확히 판단하기 어렵고, ROE 4.3%는 낮은 수준으로 성장성에 대한 의문이 제기될 수 있어 명확한 매수 또는 매도 신호를 주기 어렵습니다.""]"
035420,네이버,2024-10-02,170700,Neutral,55,"[""현재가는 52주 최저가 대비 높은 수준이지만, 최고가 대비로는 상당한 하락폭을 보여 횡보 가능성이 있습니다."", ""최근 1개월 수익률은 소폭 상승했으나, 거래량 변화율이 음수임을 감안할 때 상승 동력이 강하지는 않습니다."", ""PER, PBR, ROE 등 재무 지표는 시장 평균 대비 특별히 매력적이거나 부정적인 수준은 아니어서 투자 심리에 큰 영향을 미치지 않을 것으로 판단됩니다.""]"
035420,네이버,2024-11-01,175700,Neutral,55,"[""현재가 175,700원은 52주 최저가 155,000원 대비 상승했으나 최고가 231,500원 대비로는 상당한 하락폭을 보이며 52주 내 현재 위치가 19.2%로 낮은 편에 속합니다."", ""최근 1개월 수익률이 0.18%로 거의 보합세를 보이고 있으며, 거래량 변화율이 -11.65%로 감소하는 추세는 투자 심리가 위축되었음을 시사합니다."", ""PER 25.5, PBR 1.10, ROE 4.3% 등의 재무 지표는 시장 평균 대비 고평가 또는 저평가 여부를 명확히 판단하기 어렵고, 긍정적 또는 부정적 모멘텀을 강하게 나타내지 않습니다.""]"
035420,네이버,2024-12-02,209000,Buy,75,"[""최근 1개월 수익률이 19.92%로 강한 상승세를 보이고 있으며, 거래량 변화율도 72.11%로 높아 투자자들의 관심이 집중되고 있음을 시사합니다."", ""현재가가 52주 최고가 대비 약 9.7% 하락한 수준으로, 추가 상승 여력이 존재할 가능성이 있습니다."", ""네이버는 국내 대표 IT 기업으로서 꾸준한 성장 가능성을 가지고 있으며, 시장 전반의 긍정적인 흐름 속에서 KOSPI 시장 수익률 대비 초과 상승을 기대해 볼 수 있습니다.""]"
035420,네이버,2025-01-02,200500,Neutral,55,"[""최근 1개월 수익률이 마이너스를 기록하며 단기적인 하락세를 보이고 있으나, 52주 최고가 대비 현재 위치가 중간 수준에 머물러 있어 추가 하락보다는 반등 가능성도 존재합니다."", ""PER, PBR, ROE 등 재무 지표는 시장 평균 대비 고평가 또는 저평가 여부를 명확히 판단하기 어려운 수준으로, 뚜렷한 매수 또는 매도 신호를 제공하지 않습니다."", ""거래량 변화율이 감소하고 있어 투자 심리가 위축된 것으로 보이나, 이는 단기적인 조정일 가능성도 배제할 수 없어 명확한 방향성을 판단하기 어렵습니다.""]"
035420,네이버,2025-02-03,218500,Neutral,60,"[""네이버는 52주 최고가에 근접한 수준으로 단기 상승 탄력이 제한될 수 있습니다."", ""최근 1개월 수익률은 양호하나 거래량 변화율이 크게 감소하여 투자 심리가 위축되었을 가능성이 있습니다."", ""PER, PBR, ROE 등 재무 지표는 시장 평균 대비 고평가 또는 저평가 여부를 명확히 판단하기 어려운 수준입니다.""]"
035420,네이버,2025-03-04,207500,Neutral,55,"[""최근 1개월 수익률이 마이너스(-)를 기록하며 단기적인 하락 압력이 존재합니다."", ""거래량 변화율이 48.42%로 높게 나타나 투자자들의 관심이 증가하고 있으나, 이는 상승 또는 하락 모두로 이어질 수 있는 불확실성을 내포합니다."", ""현재 주가가 52주 최고가 대비 약 11% 하락한 수준으로, 추가 하락보다는 반등 가능성도 배제할 수 없어 명확한 방향성을 판단하기 어렵습니다.""]"
035420,네이버,2025-04-01,195600,Neutral,55,"[""최근 1개월 수익률이 마이너스이고 거래량 변화율도 감소하여 단기적인 하락 압력이 존재합니다."", ""현재 주가는 52주 최고가 대비 상당 부분 하락한 상태이며, 52주 내 위치가 중간보다 약간 높은 수준으로 상승 여력과 하락 여력이 혼재되어 있습니다."", ""재무 지표 상 PER, PBR, ROE는 시장 평균 대비 비교적 양호한 수준으로 판단되나, 이를 상쇄할 만한 강력한 상승 모멘텀을 보여주는 기술적 지표는 부족합니다.""]"
035420,네이버,2025-05-02,199100,Neutral,55,"[""네이버의 현재 PER과 PBR은 시장 평균 대비 유사하거나 소폭 낮은 수준으로, 밸류에이션 매력이 크다고 보기는 어렵습니다."", ""최근 1개월 수익률이 소폭 상승했으나, 거래량 변화율이 감소한 점은 투자 심리가 위축되었음을 시사합니다."", ""52주 최고가 대비 현재 위치가 중간 수준이며, 뚜렷한 상승 또는 하락 추세를 강하게 지지하는 기술적 지표가 부족합니다.""]"
035420,네이버,2025-06-02,185500,Neutral,55,"[""최근 1개월 수익률이 마이너스를 기록하며 단기적인 하락 압력이 존재합니다."", ""52주 최고가 대비 현재 위치가 낮아 추가 상승 여력이 있다고 볼 수도 있으나, 52주 최저가 대비로는 중간 지점에 위치하여 방향성을 명확히 판단하기 어렵습니다."", ""거래량 변화율이 소폭 상승한 점은 긍정적일 수 있으나, 전반적인 시장 상황 및 네이버 자체의 추가적인 상승 동력에 대한 정보가 부족하여 명확한 투자 방향을 제시하기 어렵습니다.""]"
035420,네이버,2025-07-01,252000,Buy,75,"[""최근 1개월 수익률이 38.40%로 매우 강한 상승세를 보이고 있으며, 거래량 변화율 또한 338.40%로 폭발적인 거래량을 동반한 상승임을 시사합니다."", ""현재가가 52주 최고가 대비 약 13% 하락한 수준으로, 단기적인 조정 후 추가 상승 여력이 남아있을 가능성이 있습니다."", ""PER 20.6, PBR 1.52는 시장 평균 대비 과도하게 고평가되었다고 보기 어렵고, ROE 7.4%는 수익성을 보여주고 있어 재무적인 측면에서 급격한 하락을 예상하기는 어렵습니다.""]"
035420,네이버,2025-08-01,232500,Neutral,55,"[""최근 1개월 수익률이 마이너스로 하락 압력이 존재하나, 52주 내 현재 위치가 중간 수준으로 추가 하락 여력은 제한적일 수 있습니다."", ""거래량 변화율이 크게 감소한 것은 투자 심리 위축을 나타낼 수 있으나, 이는 단기적인 현상일 가능성도 있습니다."", ""제시된 재무 지표만으로는 향후 20거래일 내 KOSPI 시장 수익률 대비 초과 상승 또는 하락을 명확히 판단하기 어렵습니다.""]"
035420,네이버,2025-09-01,225000,Neutral,55,"[""최근 1개월 수익률이 마이너스이고 거래량 변화율도 감소하는 등 단기적인 하락 압력이 관찰됩니다."", ""하지만 현재 PER과 PBR 지표는 시장 평균 대비 과도하게 고평가 또는 저평가되었다고 보기 어려운 수준이며, ROE는 개선의 여지를 보여줍니다."", ""52주 최고가 대비 현재 위치가 절반 이상 하락한 상태로, 추가 하락보다는 반등 가능성도 배제할 수 없어 명확한 방향성을 판단하기 어렵습니다.""]"
035420,네이버,2025-10-01,253000,Buy,75,"[""최근 1개월 수익률이 13.11%로 강한 상승세를 보이고 있으며, 거래량 변화율도 126.08%로 크게 증가하여 투자자들의 관심이 집중되고 있음을 시사합니다."", ""현재 주가가 52주 최고가 대비 약 12.6% 하락한 72.4% 수준에 위치하여 추가 상승 여력이 존재할 가능성이 있습니다."", ""네이버의 재무 지표는 시장 평균 대비 우수하다고 단정하기는 어렵지만, 기술적 지표에서 나타나는 긍정적인 신호들이 단기적인 상승 모멘텀을 지지하고 있습니다.""]"
035420,네이버,2025-11-03,267000,Buy,75,"[""네이버는 52주 최고가 대비 현재 위치가 높아 추가 상승 여력이 제한적일 수 있으나, 최근 1개월 수익률이 7.02%로 양호하며 거래량 변화율도 13.69%로 긍정적인 흐름을 보이고 있습니다."", ""PER 21.6, PBR 1.59는 시장 평균 대비 높은 수준은 아니며, ROE 7.4%는 개선의 여지가 있으나 안정적인 사업 기반을 시사합니다."", ""기술적 지표상 최근 상승세를 이어가고 있으며, 시장 전반의 긍정적인 분위기 속에서 네이버 역시 추가적인 상승을 기대해 볼 수 있습니다.""]"
035420,네이버,2025-12-01,243000,Neutral,55,"[""최근 1개월 수익률이 마이너스이고 거래량 변화율도 감소하여 단기적인 하락 압력이 존재합니다."", ""현재 주가는 52주 최고가 대비 약 16% 하락한 수준으로, 기술적으로는 반등 가능성을 열어두고 있습니다."", ""재무 지표는 시장 평균 대비 크게 나쁘지 않으나, 뚜렷한 상승 모멘텀을 보여주는 지표는 부족하여 투자 방향을 명확히 판단하기 어렵습니다.""]"
051910,LG화학,2023-01-02,601000,Neutral,60,"[""최근 1개월 수익률이 -16.34%로 하락세를 보이고 있으며, 거래량 변화율 또한 -29.00%로 감소하여 단기적인 투자 심리가 위축된 것으로 판단됩니다."", ""현재가는 52주 최고가 대비 약 22.5% 하락한 수준으로, 기술적으로는 반등 가능성이 존재하나 명확한 상승 추세 전환 신호는 아직 나타나지 않았습니다."", ""LG화학의 재무 지표(PER, PBR, ROE)는 시장 평균 대비 양호한 수준으로 평가되지만, 단기적인 시장 상황 및 투자 심리 위축으로 인해 향후 20거래일 내 KOSPI 시장 수익률 대비 초과 상승 또는 하락을 명확히 판단하기에는 정보가 다소 불충분합니다.""]"
051910,LG화학,2023-02-01,676000,Buy,75,"[""최근 1개월 수익률이 14.67%로 강한 상승세를 보이고 있으며, 52주 최고가 대비 현재 위치가 82.7%로 상승 여력이 남아있습니다."", ""거래량 변화율이 6.93%로 긍정적인 흐름을 나타내고 있어 투자 심리가 개선될 가능성이 있습니다."", ""LG화학의 재무 지표는 시장 평균 대비 양호한 수준으로, 향후 실적 개선에 대한 기대감을 반영할 수 있습니다.""]"
051910,LG화학,2023-03-02,703000,Neutral,60,"[""LG화학은 52주 최고가 대비 현재 위치가 높아 추가 상승 여력이 제한적일 수 있습니다."", ""최근 1개월 수익률이 소폭 하락했으나, 거래량 변화율이 긍정적인 신호를 보이고 있습니다."", ""PER, PBR, ROE 등 재무 지표는 시장 평균 대비 양호한 수준이나, 단기적인 시장 방향성을 판단하기에는 정보가 다소 부족합니다.""]"
051910,LG화학,2023-04-03,722000,Neutral,60,"[""LG화학은 52주 최고가에 근접한 수준으로 추가 상승 여력이 제한적일 수 있습니다."", ""최근 1개월 수익률이 소폭 상승했으나, 거래량 변화율이 긍정적인 신호를 보내고 있어 단기적인 매수세 유입 가능성도 있습니다."", ""PER, PBR, ROE 등 재무 지표는 현재 시장에서 고평가 또는 저평가되었다고 단정하기 어려운 수준으로, 뚜렷한 매수 또는 매도 신호를 보내지 않고 있습니다.""]"
051910,LG화학,2023-05-02,726000,Neutral,60,"[""최근 1개월 수익률이 4.78%로 양호한 흐름을 보이고 있으나, PER 31.5배는 다소 높은 수준으로 밸류에이션 부담이 존재합니다."", ""52주 최고가 대비 현재 위치가 78.2%로 상승 여력이 남아있지만, 52주 최저가 대비로는 상당한 상승을 기록하여 추가 상승에 대한 저항이 있을 수 있습니다."", ""거래량 변화율이 55%로 높다는 점은 긍정적이나, 재무 지표상 ROE 4.5%는 시장 평균 대비 특별히 높다고 보기 어려워 뚜렷한 매수 또는 매도 신호를 판단하기 어렵습니다.""]"
051910,LG화학,2023-06-01,721000,Neutral,55,"[""최근 1개월 수익률이 마이너스이고 거래량 변화율도 감소하여 단기적인 하락 압력이 존재합니다."", ""현재 주가는 52주 최고가 대비 하락한 위치에 있으며, 이는 추가 상승 여력에 대한 의문을 제기합니다."", ""하지만 LG화학은 KOSPI 시장에서 시가총액이 큰 대형주이며, 재무 지표상으로는 급격한 하락을 지지할 만한 심각한 문제는 보이지 않아 중립적인 판단이 필요합니다.""]"
051910,LG화학,2023-07-03,680000,Neutral,60,"[""LG화학의 현재 PER과 PBR은 시장 평균 대비 높은 수준으로 밸류에이션 부담이 존재합니다."", ""ROE가 4.5%로 낮은 수준이며, 이는 수익성 개선이 더디다는 신호일 수 있습니다."", ""최근 1개월 수익률이 소폭 상승했으나, 52주 최고가 대비 상당한 하락폭을 보이고 있어 추가 상승 여부에 대한 불확실성이 있습니다."", ""거래량 변화율이 긍정적인 신호를 보이지만, 전반적인 재무 및 기술적 지표들이 명확한 상승 또는 하락 방향을 강하게 지지하지는 않습니다.""]"
051910,LG화학,2023-08-01,642000,Neutral,60,"[""최근 1개월 수익률이 마이너스를 기록하며 단기적인 하락세를 보이고 있으나, 52주 최저가 대비 현재 위치가 41.2%로 상승 여력이 남아있습니다."", ""거래량 변화율이 71.51%로 크게 증가한 것은 투자자들의 관심이 높아지고 있음을 시사하며, 이는 향후 주가 변동성을 키울 수 있는 요인입니다."", ""PER, PBR, ROE 등 재무 지표는 현재 시장 상황에서 LG화학의 가치를 명확하게 판단하기에 다소 불확실한 측면이 있으며, 20거래일이라는 단기적인 관점에서 명확한 상승 또는 하락 추세를 예측하기 어렵습니다.""]"
051910,LG화학,2023-09-01,586000,Neutral,55,"[""LG화학의 현재가는 52주 최저가에 근접해 있어 하방 경직성이 기대되지만, 최근 1개월 수익률이 -11.21%로 부진하며 거래량 변화율도 크게 감소하여 투자 심리가 위축된 것으로 보입니다."", ""PER 24.1, PBR 1.07, ROE 4.4% 등의 재무 지표는 시장 평균 대비 특별히 매력적이거나 비싸다고 판단하기 어려운 수준으로, 뚜렷한 매수 또는 매도 신호를 보내고 있지 않습니다."", ""기술적 지표상 52주 최고가 대비 현재 위치가 11.8%로 낮아 반등 가능성도 있으나, 최근의 하락 추세와 거래량 감소는 추가 하락 가능성도 배제할 수 없어 향후 20거래일 내 KOSPI 시장 수익률 대비 초과 상승 또는 하락을 단정하기 어렵습니다.""]"
051910,LG화학,2023-10-04,502000,Neutral,55,"[""최근 1개월 수익률이 -15.62%로 부진했으나, 52주 최저가 대비 현재 위치가 0.0%로 바닥권에서 반등 가능성을 시사합니다."", ""PER 20.5, PBR 0.92, ROE 4.5% 등 재무 지표는 시장 평균 대비 특별히 고평가 또는 저평가되었다고 보기 어렵습니다."", ""거래량 변화율 14.08%는 매수세 유입 가능성을 보여주지만, 전반적인 시장 상황 및 추가적인 상승/하락 모멘텀을 판단하기에는 정보가 제한적입니다.""]"
051910,LG화학,2023-11-01,455500,Neutral,55,"[""최근 1개월 수익률이 -14.65%로 부진했으나, 52주 최저가 대비 현재 위치가 1.2%로 낮은 수준에 머물러 있어 반등 가능성도 존재합니다."", ""거래량 변화율이 33.69%로 증가한 것은 투자자들의 관심이 높아지고 있음을 시사하지만, 이것이 반드시 상승 추세로 이어질지는 불확실합니다."", ""PER, PBR, ROE 등 재무 지표는 현재 주가가 고평가 또는 저평가되었다고 단정하기 어려운 수준이며, 시장 전반의 흐름에 따라 변동성이 나타날 수 있습니다.""]"
051910,LG화학,2023-12-01,473000,Neutral,55,"[""LG화학의 현재가(473,000원)는 52주 최저가(426,000원) 대비 상승했으나, 52주 최고가(825,000원) 대비로는 여전히 낮은 수준에 머물러 있어 상승 여력과 하락 위험이 공존합니다."", ""최근 1개월 수익률이 6.81%로 양호한 흐름을 보였으나, 거래량 변화율이 -18.70%로 감소한 점은 투자 심리 위축 가능성을 시사합니다."", ""PER 20.6, PBR 0.92, ROE 4.5% 등 재무 지표는 시장 평균 대비 특별히 매력적이거나 부정적이지 않아 뚜렷한 투자 방향을 제시하기 어렵습니다.""]"
051910,LG화학,2024-01-02,480500,Neutral,55,"[""LG화학의 현재가(480,500원)는 52주 최저가(426,000원) 대비 상승했으나, 52주 최고가(825,000원) 대비로는 상당한 하락폭을 보이며 52주 내 현재 위치가 16.9%로 낮은 편입니다."", ""최근 1개월 수익률이 -2.08%로 소폭 하락했으며, 거래량 변화율 또한 -13.86%로 감소하는 추세를 보여 단기적인 매수세가 약한 것으로 판단됩니다."", ""재무지표 상 PER 20.9, PBR 0.93, ROE 4.5%는 시장 평균 대비 특별히 저평가 또는 고평가되었다고 보기 어렵고, 긍정적인 모멘텀을 강하게 시사하는 지표가 부족합니다.""]"
051910,LG화학,2024-02-01,461000,Neutral,60,"[""LG화학의 현재가(461,000원)는 52주 최저가(387,000원) 대비 높은 수준이지만, 52주 최고가(825,000원) 대비로는 상당한 하락폭을 기록하며 52주 내 현재 위치가 9.8%로 낮은 편에 속합니다."", ""최근 1개월 수익률이 -10.51%로 부진한 흐름을 보이고 있으나, 거래량 변화율이 25.28%로 증가한 점은 향후 변동성 확대 가능성을 시사합니다."", ""재무지표 상 PER 18.2, PBR 0.81, ROE 4.5%는 시장 평균 대비 고평가 또는 저평가 여부를 명확히 판단하기 어렵고, 20거래일이라는 단기적인 투자 방향을 결정하기에는 정보가 다소 제한적입니다.""]"
051910,LG화학,2024-03-04,452500,Neutral,60,"[""최근 1개월 수익률이 8.32%로 양호한 흐름을 보이고 있으나, 52주 최고가 대비 현재 위치가 낮아 상승 여력에 대한 불확실성이 존재합니다."", ""거래량 변화율이 53.12%로 증가한 것은 긍정적인 신호일 수 있으나, 이것이 추세적인 상승으로 이어질지는 추가적인 확인이 필요합니다."", ""LG화학의 재무 지표(PER, PBR, ROE)는 현재 시장 상황에서 특별히 매력적이거나 부정적인 수준은 아니어서 단기적인 투자 방향을 명확히 제시하기 어렵습니다.""]"
051910,LG화학,2024-04-01,424000,Neutral,55,"[""LG화학의 현재가(424,000원)는 52주 최저가(387,000원) 대비 높은 수준이지만, 52주 최고가(825,000원) 대비로는 상당히 낮은 위치에 있어 추가 하락 또는 반등 가능성을 동시에 내포하고 있습니다."", ""최근 1개월 수익률이 -4.97%로 하락세를 보이고 있으며, 거래량 변화율 또한 -35.26%로 감소하여 투자 심리가 위축된 것으로 판단됩니다."", ""PER 25.2, PBR 0.74, ROE 2.9% 등의 재무 지표는 현재 시장 상황 및 동종 업계 평균과의 비교 없이는 명확한 투자 판단을 내리기 어렵습니다. 특히 ROE가 낮은 점은 수익성 개선에 대한 의문점을 제기합니다.""]"
051910,LG화학,2024-05-02,403500,Neutral,60,"[""LG화학의 현재가(403,500원)는 52주 최저가(370,500원) 대비 높은 수준이지만, 52주 최고가(771,000원) 대비로는 상당히 낮은 위치에 있어 추가 하락 또는 반등 가능성을 동시에 내포하고 있습니다."", ""최근 1개월 수익률이 -5.92%로 하락세를 보이고 있으나, 거래량 변화율이 26.99%로 증가한 점은 투자자들의 관심이 다시 집중되고 있음을 시사하며 향후 방향성에 대한 불확실성을 높입니다."", ""재무지표 상 PER 23.7, PBR 0.70, ROE 3.0%는 현재 시장 상황 및 동종 업계 평균 대비 명확한 저평가 또는 고평가 신호를 강하게 보내지 않아 투자 판단을 유보하게 만듭니다.""]"
051910,LG화학,2024-06-03,361000,Neutral,55,"[""LG화학의 현재가는 52주 최저가에 근접해 있어 단기 반등 가능성을 시사하지만, 최근 1개월 수익률이 마이너스이고 거래량 변화율도 하락세를 보이고 있어 추가 하락 가능성도 배제할 수 없습니다."", ""PER, PBR, ROE 등 재무지표는 시장 평균 대비 저평가 또는 부진한 수준으로 해석될 여지가 있어 투자 매력도를 판단하기 어렵습니다."", ""기술적 지표상 52주 최저가 부근에서 반등을 시도할 수 있으나, 명확한 상승 추세 전환 신호가 부족하고 시장 전반의 불확실성도 존재하여 20거래일 내 KOSPI 시장 수익률 대비 초과 상승 또는 하락을 단정하기 어렵습니다.""]"
051910,LG화학,2024-07-01,353000,Neutral,55,"[""현재가 52주 최저가에 근접해 있어 하방 경직성이 기대되지만, 52주 최고가 대비 큰 폭으로 하락한 상태입니다."", ""최근 1개월 수익률은 소폭 상승했으나 거래량 변화율은 하락하여 투자 심리가 위축되었을 가능성이 있습니다."", ""PER, PBR, ROE 등 재무 지표만으로는 현재 주가 수준의 적정성을 판단하기 어렵고, 향후 20거래일 동안 시장 수익률 대비 초과 상승 또는 하락을 명확히 예측할 만한 강력한 근거가 부족합니다.""]"
051910,LG화학,2024-08-01,308500,Neutral,55,"[""LG화학의 현재가는 52주 최저가에 근접해 있어 기술적 반등 가능성이 있으나, 최근 1개월 수익률이 크게 하락한 점은 투자 심리 위축을 시사합니다."", ""PER과 PBR 지표는 상대적으로 낮은 수준으로 저평가 가능성을 내포하고 있으나, ROE가 낮은 점은 수익성 개선에 대한 의문점을 남깁니다."", ""거래량 변화율이 소폭 증가한 것은 긍정적일 수 있으나, 전반적인 시장 상황 및 추가적인 상승/하락 모멘텀을 판단하기에는 정보가 부족합니다.""]"
051910,LG화학,2024-09-02,333000,Neutral,55,"[""최근 1개월 수익률이 8.28%로 양호한 흐름을 보이고 있으나, 52주 최고가 대비 현재 위치가 낮아 상승 여력에 대한 불확실성이 존재합니다."", ""PER 19.9, PBR 0.59, ROE 3.0% 등 재무 지표는 시장 평균 대비 특별히 매력적인 수준은 아닙니다."", ""거래량 변화율이 16.55%로 증가한 점은 긍정적이나, 이를 뒷받침할 추가적인 상승 모멘텀에 대한 정보가 부족합니다.""]"
051910,LG화학,2024-10-02,348500,Buy,75,"[""최근 1개월 수익률이 12.76%로 강한 상승세를 보이고 있으며, 거래량 변화율도 14.69%로 증가하여 투자 심리가 긍정적임을 시사합니다."", ""현재가(348,500원)는 52주 최저가(272,500원) 대비 상당 부분 상승했으나, 52주 최고가(573,000원) 대비로는 아직 상승 여력이 남아있습니다."", ""PBR이 0.61로 1 미만인 점은 현재 주가가 장부 가치 대비 저평가되어 있을 가능성을 나타내며, 향후 상승 가능성을 뒷받침합니다.""]"
051910,LG화학,2024-11-01,323500,Neutral,55,"[""LG화학의 현재가(323,500원)는 52주 최저가(272,500원) 대비 높은 수준이지만, 52주 최고가(521,000원) 대비로는 상당한 하락폭을 보이고 있어 기술적으로는 반등 가능성을 시사합니다."", ""최근 1개월 수익률이 -10.80%로 부진하고 거래량 변화율 또한 마이너스를 기록하고 있어 단기적인 하락 추세가 이어질 가능성도 배제할 수 없습니다."", ""PER 18.6, PBR 0.55, ROE 3.0% 등의 재무 지표는 시장 평균 대비 저평가 또는 평균 수준으로 판단되나, 20거래일 내 뚜렷한 상승 또는 하락을 강하게 지지할 만한 결정적인 요인은 현재 정보만으로는 부족합니다.""]"
051910,LG화학,2024-12-02,282500,Neutral,55,"[""LG화학의 현재가는 52주 최저가에 근접해 있어 기술적 반등 가능성이 있으나, 최근 1개월 수익률이 마이너스이고 거래량 변화율도 하락세를 보이고 있어 투자 심리가 위축된 것으로 판단됩니다."", ""PER, PBR, ROE 등 재무 지표는 시장 평균 대비 저평가 가능성을 시사하지만, 현재 주가 하락 추세를 상쇄할 만큼 강력한 매수 신호로 보기는 어렵습니다."", ""향후 20거래일 동안 KOSPI 시장 전반의 흐름과 LG화학 자체의 실적 발표, 신사업 관련 뉴스 등 추가적인 정보가 투자 방향을 결정하는 데 중요한 변수가 될 것으로 예상됩니다.""]"
051910,LG화학,2025-01-02,253500,Neutral,55,"[""LG화학의 현재가(253,500원)는 52주 최저가(242,500원)에 근접해 있어 기술적 반등 가능성이 있으나, 52주 최고가(508,000원) 대비 큰 폭으로 하락한 상태입니다."", ""최근 1개월 수익률이 -14.61%로 부진한 흐름을 보이고 있으며, 이는 투자 심리에 부정적인 영향을 미칠 수 있습니다."", ""PER(14.2), PBR(0.42), ROE(3.0%) 등 재무 지표는 시장 평균 대비 저평가 가능성을 시사하지만, ROE가 낮은 점은 수익성 개선에 대한 의문을 남깁니다.""]"
051910,LG화학,2025-02-03,213000,Neutral,55,"[""현재가 52주 최저가에 근접해 있으나, 최근 1개월 수익률이 마이너스이고 거래량 변화율도 감소하여 하락 압력이 존재합니다."", ""PER, PBR 지표는 상대적으로 낮아 저평가 가능성을 시사하지만, ROE가 낮은 점은 수익성 개선에 대한 의문을 제기합니다."", ""기술적 지표상 뚜렷한 상승 또는 하락 추세를 판단하기 어렵고, 재무 지표 또한 긍정적이라고 단정하기 어려운 부분이 있어 추가적인 정보 확인이 필요합니다.""]"
051910,LG화학,2025-03-04,230500,Neutral,55,"[""LG화학의 현재가는 52주 최저가에 근접해 있어 하방 경직성이 기대되지만, 최근 1개월 수익률이 마이너스를 기록하며 투자 심리가 위축된 모습입니다."", ""PER과 PBR 지표는 상대적으로 낮은 수준으로 저평가 매력이 존재할 수 있으나, ROE가 낮은 점은 수익성 개선에 대한 의문점을 남깁니다."", ""거래량 변화율이 35.82%로 높게 나타난 것은 특정 이슈에 대한 시장의 관심 증가를 시사하지만, 이것이 긍정적인 방향으로 작용할지 부정적인 방향으로 작용할지는 추가적인 정보 없이는 판단하기 어렵습니다.""]"
051910,LG화학,2025-04-01,232500,Neutral,55,"[""LG화학은 현재 52주 최저가에 근접한 수준으로, 기술적으로는 반등 가능성이 있으나 PER이 없어 적자 상태임을 감안해야 합니다."", ""최근 1개월 수익률이 소폭 상승하고 거래량 변화율이 긍정적인 신호를 보이지만, 이는 단기적인 모멘텀일 수 있습니다."", ""PBR이 0.36으로 낮아 저평가 매력이 있을 수 있으나, 적자 지속 시 추가 하락 가능성도 배제할 수 없어 명확한 방향성을 판단하기 어렵습니다.""]"
051910,LG화학,2025-05-02,208000,Neutral,55,"[""LG화학은 현재 52주 최저가에 근접한 수준으로, PBR이 0.31로 낮아 저평가 매력이 존재할 수 있습니다."", ""최근 1개월 수익률이 -9.68%로 부진하고 거래량 변화율도 감소하여 단기적인 하락 압력이 감지됩니다."", ""PER이 '해당없음(적자)'으로 재무적인 불확실성이 존재하며, ROE 정보가 없어 기업의 수익 창출 능력 판단이 어렵습니다.""]"
051910,LG화학,2025-06-02,198700,Neutral,55,"[""LG화학은 현재 적자 상태로 PER 지표가 없어 기업 가치 평가에 어려움이 있습니다."", ""PBR이 0.29로 낮아 저평가 가능성도 있으나, 최근 1개월 수익률이 -13.39%로 하락세를 보이고 있습니다."", ""거래량 변화율이 30%로 높다는 점은 투자자들의 관심이 증가하고 있음을 시사하지만, 52주 최고가 대비 현재 위치가 낮아 추가 하락 가능성도 배제할 수 없습니다.""]"
051910,LG화학,2025-07-01,240000,Buy,75,"[""최근 1개월 수익률이 14.90%로 강한 상승세를 보이고 있어 단기 모멘텀이 긍정적입니다."", ""현재가 240,000원은 52주 최저가 182,400원 대비 상당한 상승 여력을 보여주며, 52주 최고가 367,500원 대비로는 아직 상승 공간이 남아있습니다."", ""PBR 0.34는 장부가치 대비 저평가 가능성을 시사하며, 향후 실적 개선 시 주가 반등의 요인이 될 수 있습니다.""]"
051910,LG화학,2025-08-01,289500,Buy,75,"[""최근 1개월 수익률이 12.84%로 강한 상승세를 보이고 있어 단기 모멘텀이 긍정적입니다."", ""현재가(289,500원)가 52주 최저가(182,400원) 대비 높은 수준이며, 52주 최고가(361,000원) 대비로는 60.2% 지점에 위치하여 추가 상승 여력이 존재합니다."", ""PBR이 0.43으로 장부가치 대비 저평가된 측면이 있어 향후 실적 개선 시 주가 반등 가능성이 있습니다.""]"
051910,LG화학,2025-09-01,269500,Neutral,55,"[""LG화학은 현재 PBR 0.40으로 장부가치 대비 저평가된 측면이 있으나, PER이 없어 적자 상태임을 시사하며 투자 불확실성을 높입니다."", ""최근 1개월 수익률이 -9.95%로 부진하고 거래량 변화율도 감소하여 단기적인 하락 압력이 존재합니다."", ""52주 최고가 대비 현재 위치가 절반 수준에 머물러 있어 반등 가능성도 있으나, 명확한 상승 동력이 부족하여 보합세를 예상합니다.""]"
051910,LG화학,2025-10-01,277500,Neutral,60,"[""LG화학은 현재 적자 상태로 PER 지표가 없어 기업 가치 평가에 어려움이 있습니다."", ""PBR이 0.41로 장부가치 대비 저평가된 측면이 있으나, 이는 시장의 낮은 기대감을 반영할 수도 있습니다."", ""최근 1개월 수익률은 긍정적이나 거래량 변화율이 마이너스인 점은 투자 심리 위축 가능성을 시사합니다.""]"
051910,LG화학,2025-11-03,395000,Buy,75,"[""LG화학은 최근 1개월 동안 39.12%의 높은 수익률을 기록하며 강한 상승 모멘텀을 보여주고 있습니다."", ""현재가는 52주 최고가 대비 약 5.2% 하락한 수준으로, 추가 상승 여력이 남아있을 가능성이 있습니다."", ""거래량 변화율이 133.96%로 크게 증가한 것은 투자자들의 관심이 집중되고 있음을 시사하며, 이는 단기적인 주가 상승을 지지할 수 있습니다.""]"
051910,LG화학,2025-12-01,371500,Neutral,55,"[""LG화학은 현재 PBR이 0.55로 낮아 저평가 가능성이 있으나, PER이 없어 적자 상태임을 시사하여 투자 매력도가 제한적입니다."", ""52주 최고가 대비 현재 위치가 80%로 비교적 높은 편이지만, 최근 1개월 수익률이 마이너스이고 거래량 변화율도 감소하여 단기적인 하락 압력이 존재합니다."", ""기술적 지표상으로는 상승 여력이 남아있을 수 있으나, 재무적인 불확실성과 최근 시장 흐름을 고려할 때 명확한 방향성을 판단하기 어렵습니다.""]"
352820,HYBE,2023-01-02,176500,Buy,75,"[""최근 1개월 수익률이 10.42%로 양호한 흐름을 보이고 있으며, 거래량 변화율도 25.46%로 증가 추세에 있어 투자 심리가 개선되고 있음을 시사합니다."", ""현재 주가는 52주 최고가 대비 상당 부분 하락한 상태이며, 52주 최저가 대비로는 상승 여력이 남아있어 기술적으로 반등 가능성이 있습니다."", ""PER, PBR 지표는 다소 높은 편이나, 엔터테인먼트 산업의 성장성과 HYBE의 독보적인 IP 경쟁력을 고려할 때 향후 실적 개선에 대한 기대감이 반영될 수 있습니다.""]"
352820,HYBE,2023-02-01,187900,Neutral,55,"[""최근 1개월 수익률이 9.22%로 양호한 흐름을 보이고 있으나, PER 52.3배는 다소 높은 수준으로 밸류에이션 부담이 존재합니다."", ""52주 최고가 대비 현재 위치가 37.5%로 하락폭이 큰 편이지만, 이는 향후 반등 가능성을 시사할 수도 있습니다."", ""거래량 변화율이 9.81%로 긍정적인 신호를 보내고 있으나, 재무 지표상 ROE가 5.4%로 낮은 점은 투자 매력을 제한하는 요인입니다.""]"
352820,HYBE,2023-03-02,187400,Neutral,55,"[""현재가 187,400원은 52주 최고가 323,000원 대비 상당한 하락폭을 보이고 있으나, 최저가 109,500원 대비로는 상승한 위치에 있어 방향성 판단이 모호합니다."", ""최근 1개월 수익률이 -2.45%로 소폭 하락세를 보이고 있으나, 거래량 변화율이 96.64%로 크게 증가한 점은 향후 변동성 확대 가능성을 시사합니다."", ""PER 51.6, PBR 2.79, ROE 5.4% 등 재무 지표는 시장 평균 대비 고평가 또는 낮은 수익성을 나타낼 수 있어 투자 매력도를 판단하기 어렵습니다.""]"
352820,HYBE,2023-04-03,190300,Neutral,55,"[""현재 PER이 145.4로 높아 밸류에이션 부담이 존재하며, ROE가 1.9%로 낮아 수익성이 부진한 점은 부정적 요인입니다."", ""52주 최고가 대비 현재 주가가 많이 하락한 상태이며, 최근 1개월 수익률이 마이너스이고 거래량 변화율도 감소한 점은 단기적인 하락 압력을 시사합니다."", ""하지만 52주 최저가 대비로는 상당한 상승 여력이 남아있고, 시가총액이 7.9조원으로 코스피 시장에서 상당한 비중을 차지하는 종목이므로 시장 전반의 흐름에 따라 변동성이 나타날 수 있습니다.""]"
352820,HYBE,2023-05-02,294500,Buy,75,"[""현재가 52주 최고가를 돌파하며 강한 상승 모멘텀을 보여주고 있습니다."", ""최근 1개월 수익률이 50% 이상으로 매우 높아 단기적인 상승 추세가 지속될 가능성이 있습니다."", ""거래량 변화율 또한 긍정적이어서 투자자들의 관심이 집중되고 있음을 시사합니다.""]"
352820,HYBE,2023-06-01,270000,Neutral,55,"[""현재가 52주 최고가 대비 높은 수준에 위치하여 추가 상승 여력이 제한적일 수 있습니다."", ""최근 1개월 수익률은 긍정적이나, 거래량 변화율이 감소하고 있어 투자 심리가 위축될 가능성이 있습니다."", ""PER, PBR, ROE 등 재무 지표상 고평가 논란이 있을 수 있어 단기적인 변동성이 예상됩니다.""]"
352820,HYBE,2023-07-03,286000,Neutral,60,"[""현재가 52주 최고가 대비 하락했으나, 52주 내 현재 위치가 높아 추가 상승 여력에 대한 판단이 불확실합니다."", ""최근 1개월 수익률과 거래량 변화율이 크지 않아 단기적인 추세 전환을 판단하기 어렵습니다."", ""PER, PBR, ROE 등 재무 지표가 현재 주가 수준을 정당화하기에는 다소 부담스러운 측면이 있어, 긍정적인 투자 심리를 유발하기 어렵습니다.""]"
352820,HYBE,2023-08-01,252000,Neutral,60,"[""최근 1개월 수익률이 마이너스를 기록하며 단기적인 하락 압력이 존재합니다."", ""52주 최고가 대비 현재 위치가 높아 추가 상승 여력이 제한적일 수 있습니다."", ""거래량 변화율이 긍정적인 신호를 보이지만, 재무 지표들이 전반적으로 고평가 구간에 있음을 시사하여 투자 방향을 명확히 판단하기 어렵습니다.""]"
352820,HYBE,2023-09-01,250500,Neutral,60,"[""현재가 250,500원은 52주 최고가 307,000원 대비 하락한 수준이지만, 최저가 109,500원 대비는 높은 수준으로 상승 여력과 하락 위험이 공존합니다."", ""최근 1개월 수익률이 -1.19%로 소폭 하락했으며, 거래량 변화율도 -11.83%로 감소하여 단기적인 매수세가 약화된 것으로 보입니다."", ""PER 196.8배, PBR 3.66배, ROE 1.9% 등 재무 지표상 고평가 논란이 있을 수 있으며, 이는 향후 주가 상승에 부담으로 작용할 수 있습니다.""]"
352820,HYBE,2023-10-04,227000,Neutral,55,"[""최근 1개월 수익률이 마이너스이고 거래량 변화율도 감소하여 단기적인 하락 압력이 존재합니다."", ""52주 최고가 대비 현재 위치가 57.2%로, 여전히 상승 여력이 남아있다고 볼 수 있습니다."", ""PER, PBR, ROE 등 재무지표가 현재 주가 수준을 정당화하기에는 다소 부담스러운 수준으로, 밸류에이션 측면에서 추가 상승을 제한할 수 있습니다.""]"
352820,HYBE,2023-11-01,227500,Neutral,60,"[""PER, PBR, ROE 등 재무 지표상 고평가 논란이 존재하며, 이는 단기 상승을 제한할 수 있는 요인입니다."", ""최근 1개월 수익률이 마이너스를 기록하며 단기적인 하락 추세를 보이고 있으나, 거래량 변화율이 긍정적인 점은 투자 심리 회복 가능성을 시사합니다."", ""52주 최고가 대비 현재 위치가 60.2%로, 상승 여력과 하락 위험이 공존하는 구간으로 판단되어 명확한 방향성을 제시하기 어렵습니다.""]"
352820,HYBE,2023-12-01,209000,Neutral,60,"[""PER, PBR, ROE 등 재무 지표는 현재 고평가 구간에 있음을 시사하며, 이는 단기 상승에 부담으로 작용할 수 있습니다."", ""최근 1개월 수익률이 마이너스(-)를 기록하며 약세를 보였으나, 거래량 변화율이 크게 증가한 점은 투자자들의 관심이 다시 집중되고 있음을 나타냅니다."", ""52주 최고가 대비 현재 위치가 절반 이상 하락한 상태로, 기술적으로는 반등 가능성이 있으나 재무적 부담과 시장 상황에 따라 변동성이 클 수 있습니다.""]"
352820,HYBE,2024-01-02,239500,Neutral,60,"[""최근 1개월 수익률이 12.33%로 양호한 흐름을 보이고 있으나, 거래량 변화율이 -56.42%로 감소한 점은 투자 심리 위축 가능성을 시사합니다."", ""PER 190.9, PBR 3.55, ROE 1.9% 등 재무 지표상 고평가 논란이 존재하며, 이는 단기적인 상승 모멘텀을 제한할 수 있습니다."", ""52주 최고가 대비 현재 위치가 52.9%로 절반 수준에 머물러 있어 추가 상승 여력과 하락 위험이 공존하는 구간으로 판단됩니다.""]"
352820,HYBE,2024-02-01,205500,Neutral,55,"[""최근 1개월 수익률이 -16.91%로 하락세를 보이고 있으나, 52주 최저가 대비 현재 위치가 19.1%로 반등 가능성을 시사합니다."", ""PER 157.3, PBR 2.93, ROE 1.9% 등 재무 지표는 다소 고평가된 측면을 보여 추가 상승에 대한 부담이 있습니다."", ""거래량 변화율이 1.45%로 크지 않아 현재 시장 참여자들의 방향성에 대한 명확한 신호가 부족합니다.""]"
352820,HYBE,2024-03-04,188600,Neutral,55,"[""현재가 52주 최저가 대비 높은 수준이나, 52주 최고가 대비로는 상당한 하락폭을 보이며 기술적 반등 가능성을 시사합니다."", ""최근 1개월 수익률이 마이너스이나 거래량 변화율이 긍정적인 점은 단기적인 매수세 유입 가능성을 보여줍니다."", ""PER, PBR, ROE 등 재무 지표가 시장 평균 대비 고평가 또는 저조한 수준으로 판단되어 뚜렷한 상승 또는 하락 모멘텀을 찾기 어렵습니다.""]"
352820,HYBE,2024-04-01,222500,Buy,75,"[""최근 1개월 수익률이 13.76%로 강한 상승세를 보이고 있으며, 거래량 변화율도 10.66%로 긍정적인 흐름을 나타내고 있습니다."", ""현재가는 52주 최고가 대비 약 27.5% 하락한 수준으로, 추가 상승 여력이 존재할 가능성이 있습니다."", ""PER 50.3, PBR 3.14는 다소 높은 편이지만, 엔터테인먼트 산업의 성장성과 HYBE의 시장 지배력을 고려할 때 프리미엄이 반영된 것으로 해석될 수 있습니다.""]"
352820,HYBE,2024-05-02,203500,Neutral,55,"[""최근 1개월 수익률이 -11.70%로 하락세를 보이고 있으나, 거래량 변화율이 47.00%로 증가하며 투자자들의 관심이 재조명될 가능성이 있습니다."", ""PER 44.4, PBR 2.77은 다소 높은 수준으로 밸류에이션 부담이 존재하지만, ROE 6.2%는 시장 평균 대비 양호한 수준을 유지하고 있습니다."", ""52주 최고가 대비 현재 위치가 11.6%로 하락폭이 크지 않아 추가 하락보다는 반등 가능성도 배제할 수 없어 명확한 방향성을 판단하기 어렵습니다.""]"
352820,HYBE,2024-06-03,200000,Neutral,55,"[""현재가 200,000원은 52주 최저가 185,900원 대비 소폭 상승했으나, 52주 최고가 307,000원 대비로는 상당한 하락폭을 보이며 52주 내 현재 위치가 12.1%로 낮은 편입니다."", ""최근 1개월 수익률이 -0.74%로 소폭 하락했으며, 거래량 변화율이 0.00%로 특이사항이 없어 단기적인 모멘텀을 파악하기 어렵습니다."", ""PER 44.5, PBR 2.78은 다소 높은 수준으로 성장성에 대한 기대감이 반영된 것으로 보이나, ROE 6.2%는 이를 뒷받침하기에 다소 낮은 수치로 밸류에이션 부담이 존재할 수 있습니다.""]"
352820,HYBE,2024-07-01,197200,Neutral,55,"[""현재가 197,200원은 52주 최저가 185,900원 대비 소폭 상승했으나, 52주 최고가 307,000원 대비로는 상당한 하락폭을 보이며 기술적으로는 반등 가능성과 추가 하락 가능성이 혼재되어 있습니다."", ""최근 1개월 수익률이 -1.72%로 소폭 하락했으며, 거래량 변화율이 -47.87%로 크게 감소한 점은 투자 심리가 위축되었음을 시사합니다."", ""PER 44.5, PBR 2.78은 다소 높은 수준으로, 성장성에 대한 기대감이 반영된 것으로 보이나 현재 ROE 6.2% 대비 밸류에이션 부담이 존재합니다. 향후 20거래일 내 KOSPI 시장 수익률 대비 초과 상승 또는 하락을 명확히 판단하기에는 재무 및 기술적 지표에서 상반된 신호가 혼재되어 있어 불확실성이 높습니다.""]"
352820,HYBE,2024-08-01,180800,Neutral,60,"[""최근 1개월 수익률이 -11.02%로 하락세를 보이고 있으며, 거래량 변화율 또한 -16.89%로 감소하여 투자 심리가 위축된 것으로 판단됩니다."", ""현재가가 52주 최저가(170,300원)에 근접해 있어 기술적으로는 반등 가능성이 있으나, 52주 최고가(274,500원) 대비로는 여전히 높은 수준입니다."", ""PER 38.9, PBR 2.43은 다소 높은 편이며, ROE 6.2%는 시장 평균 대비 특별히 높다고 보기 어려워 밸류에이션 측면에서 매력도가 크지 않습니다.""]"
352820,HYBE,2024-09-02,180400,Neutral,55,"[""현재가 52주 최저가 대비 상승했으나 최고가 대비로는 상당한 하락폭을 보이며 방향성이 불확실합니다."", ""최근 1개월 수익률은 소폭 상승했으나, 거래량 변화율이 높다는 점은 변동성 확대 가능성을 시사합니다."", ""PER, PBR, ROE 등 재무 지표는 시장 평균 대비 고평가 또는 낮은 수익성을 나타내어 투자 매력을 제한할 수 있습니다.""]"
352820,HYBE,2024-10-02,173500,Neutral,60,"[""최근 1개월 수익률이 마이너스이고 거래량 변화율도 감소하는 등 단기적인 하락 압력이 관찰됩니다."", ""현재가는 52주 최저가 대비로는 상승했지만, 최고가 대비로는 상당한 하락폭을 기록하며 기술적으로는 박스권 하단에 가까운 위치에 있습니다."", ""재무 지표상 PER, PBR이 다소 높은 편이나 ROE가 낮은 점은 밸류에이션 부담을 시사하며, 20거래일 내 KOSPI 시장 수익률 대비 초과 상승 또는 하락을 명확히 판단하기에는 정보가 불충분합니다.""]"
352820,HYBE,2024-11-01,197300,Neutral,60,"[""최근 1개월 수익률은 긍정적이나, 거래량 변화율은 하락세를 시사하여 상반된 신호를 보입니다."", ""PER, PBR, ROE 등 재무 지표는 시장 평균 대비 고평가 또는 낮은 수익성을 나타내어 투자 매력도가 높지 않습니다."", ""52주 최고가 대비 현재 위치는 낮지만, 52주 최저가 대비로는 상승 여력이 남아있어 방향성 판단이 어렵습니다.""]"
352820,HYBE,2024-12-02,199300,Neutral,55,"[""최근 1개월 수익률이 소폭 상승했으나, 거래량 변화율이 크게 증가한 점은 변동성 확대 가능성을 시사합니다."", ""PER, PBR 지표는 다소 높은 편으로 밸류에이션 부담이 존재할 수 있습니다."", ""52주 최고가 대비 현재 위치가 32.5%로, 상승 여력과 하락 위험이 공존하는 구간으로 판단됩니다.""]"
352820,HYBE,2025-01-02,201000,Neutral,55,"[""현재가 201,000원은 52주 최고가 대비 약 21% 하락한 수준으로, 추가 하락보다는 반등 가능성을 시사합니다."", ""최근 1개월 수익률이 0.56%로 소폭 상승했으나, 거래량 변화율이 -29.72%로 크게 감소하여 투자 심리가 위축되었음을 보여줍니다."", ""PER, PBR, ROE 등 재무 지표는 시장 평균 대비 고평가 또는 낮은 수익성을 나타내어 즉각적인 강한 상승을 기대하기 어렵습니다.""]"
352820,HYBE,2025-02-03,233000,Buy,75,"[""현재가 52주 최고가에 근접하며 강한 상승 추세를 보이고 있습니다."", ""최근 1개월 수익률이 15.86%로 양호한 흐름을 이어가고 있습니다."", ""거래량 변화율이 음수이나, 이는 단기적인 차익 실현 물량 소화 후 추가 상승 가능성을 시사할 수 있습니다.""]"
352820,HYBE,2025-03-04,251000,Buy,75,"[""최근 1개월 수익률이 11.56%로 강한 상승세를 보이고 있으며, 52주 최고가 대비 현재 위치가 89.0%로 상승 여력이 남아있습니다."", ""거래량 변화율이 29.99%로 증가하며 투자자들의 관심이 집중되고 있음을 시사합니다."", ""PER, PBR 지표는 다소 높은 편이나, 엔터테인먼트 산업의 성장성과 HYBE의 시장 지배력을 고려할 때 추가 상승 가능성이 존재합니다.""]"
352820,HYBE,2025-04-01,232500,Neutral,55,"[""PER이 매우 높아 단기적인 밸류에이션 부담이 존재합니다."", ""최근 1개월 수익률이 마이너스이고 거래량 변화율도 감소하여 단기적인 투자 심리가 위축된 것으로 보입니다."", ""52주 최고가 대비 현재 위치가 73.7%로 여전히 상승 여력이 남아있으나, 뚜렷한 상승 또는 하락을 지지하는 강력한 지표가 부족합니다.""]"
352820,HYBE,2025-05-02,264500,Buy,75,"[""현재가 52주 최고가에 근접하며 강한 상승 모멘텀을 보여주고 있습니다."", ""최근 1개월 수익률이 13.76%로 양호하며, 거래량 변화율도 37.06%로 증가 추세입니다."", ""PER이 높지만, 이는 성장주로서의 높은 기대감을 반영하는 것으로 해석될 수 있습니다.""]"
352820,HYBE,2025-06-02,281000,Neutral,60,"[""현재가 52주 최고가에 근접해 있어 추가 상승 여력이 제한적일 수 있습니다."", ""최근 1개월 수익률은 긍정적이나 거래량 변화율이 감소하고 있어 매수세가 약화될 가능성이 있습니다."", ""PER이 매우 높아 밸류에이션 부담이 존재하며, 재무지표 일부(PBR, ROE) 정보가 부족하여 투자 판단에 불확실성이 있습니다.""]"
352820,HYBE,2025-07-01,305000,Buy,75,"[""현재가 52주 최고가에 근접하며 강한 상승 모멘텀을 보여주고 있습니다."", ""최근 1개월 수익률이 15.26%로 시장 대비 우수한 성과를 기록하고 있습니다."", ""거래량 변화율이 12.68%로 증가하며 투자자들의 관심이 높아지고 있음을 시사합니다.""]"
352820,HYBE,2025-08-01,260500,Neutral,55,"[""최근 1개월 수익률이 -13.60%로 하락세를 보이고 있으며, 거래량 변화율 또한 -9.71%로 감소하여 투자 심리가 위축된 것으로 판단됩니다."", ""현재가가 52주 최고가 대비 약 16.7% 하락한 수준이지만, 52주 최저가 대비로는 약 64.9% 상승한 위치에 있어 추가 상승 여력과 하락 위험이 공존합니다."", ""PER 지표가 1115.6으로 매우 높아 밸류에이션 부담이 크지만, PBR 및 ROE 지표가 제공되지 않아 기업의 내재가치 평가에 한계가 있습니다.""]"
352820,HYBE,2025-09-01,284000,Buy,75,"[""최근 1개월 수익률이 9.83%로 양호하며, 52주 최고가 대비 현재 위치가 81.7%로 상승 추세에 대한 기대감을 높입니다."", ""거래량 변화율이 15.07%로 증가하는 것은 투자자들의 관심이 높아지고 있음을 시사하며, 이는 향후 주가 상승의 동력이 될 수 있습니다."", ""PER이 1266.7로 다소 높지만, 이는 성장주로서의 높은 기대감을 반영하는 것으로 해석될 수 있으며, 엔터테인먼트 산업의 특성상 강력한 팬덤과 IP를 기반으로 한 추가적인 성장 가능성이 존재합니다.""]"
352820,HYBE,2025-10-01,267500,Neutral,55,"[""PER이 매우 높아 단기적인 밸류에이션 부담이 존재합니다."", ""최근 1개월 수익률이 마이너스이고 거래량 변화율도 감소하여 단기적인 투자 심리가 위축된 것으로 보입니다."", ""52주 최고가 대비 현재 위치가 70.7%로 여전히 상승 여력이 남아있으나, 명확한 상승 또는 하락을 지지하는 지표가 부족합니다.""]"
352820,HYBE,2025-11-03,341000,Buy,75,"[""현재가 52주 최고가에 근접하며 강한 상승 모멘텀을 보여주고 있습니다."", ""최근 1개월 수익률이 27.56%로 매우 높으며, 거래량 변화율 또한 66.23%로 증가하여 투자 심리가 긍정적임을 시사합니다."", ""PER이 높지만, 이는 성장주 특성상 미래 성장 기대감이 반영된 것으로 해석될 수 있으며, 현재 시장 상황에서 엔터테인먼트 산업의 회복세와 신규 아티스트 활동 등을 고려할 때 추가 상승 여력이 있다고 판단됩니다.""]"
352820,HYBE,2025-12-01,298000,Neutral,55,"[""최근 1개월 수익률이 -14.37%로 하락세를 보이고 있으며, 거래량 변화율 또한 -10.53%로 감소하여 단기적인 투자 심리가 위축된 것으로 판단됩니다."", ""52주 최고가 대비 현재 위치가 67.9%로, 여전히 상승 여력이 남아있다고 볼 수도 있으나, 최근 하락세를 감안하면 추가 하락 가능성도 배제할 수 없습니다."", ""PER이 1297.8로 매우 높아 밸류에이션 부담이 크며, PBR 및 ROE 지표가 제공되지 않아 재무 건전성에 대한 추가적인 분석이 필요합니다.""]"
329180,HD현대중공업,2023-01-02,114500,Neutral,55,"[""현재가 52주 최고가 대비 하락한 위치에 있으나, 최근 1개월 수익률 및 거래량 변화율이 부정적인 신호를 보이고 있습니다."", ""PER이 해당없음(적자)으로 재무적 안정성에 대한 우려가 존재합니다."", ""PBR이 2.20으로 자산 가치 대비 높은 수준은 아니지만, 명확한 상승 또는 하락 추세를 지지할 만한 기술적 지표가 부족합니다.""]"
329180,HD현대중공업,2023-02-01,111200,Neutral,60,"[""현재가 52주 최저가 대비 높은 수준이나 최고가 대비로는 상당한 하락 여력이 남아있어 방향성 판단이 어렵습니다."", ""최근 1개월 수익률이 마이너스이나 거래량 변화율이 긍정적인 점은 상반된 신호를 주고 있습니다."", ""PER이 해당 없음(적자)으로 재무 건전성에 대한 명확한 판단이 어렵고, PBR은 2.09로 자산 가치 대비 프리미엄이 붙어 있어 추가 상승 여력에 대한 판단이 제한적입니다.""]"
329180,HD현대중공업,2023-03-02,104200,Neutral,55,"[""현재가 52주 최저가에 근접해 있어 하방 경직성이 기대되지만, 최근 1개월 수익률 하락과 거래량 감소는 매수세 약화를 시사합니다."", ""PER이 없어 적자 상태임을 감안할 때, 단기적인 상승 모멘텀을 기대하기 어렵습니다."", ""PBR 1.99는 자산 가치 대비 높은 수준은 아니지만, 적자 기업임을 고려하면 추가적인 상승 여력에 대한 확신을 주기 어렵습니다.""]"
329180,HD현대중공업,2023-04-03,101400,Neutral,55,"[""현재가 52주 최저가 대비 높은 수준이나 최고가 대비로는 상당한 하락폭을 보여 투자 방향성이 불확실합니다."", ""최근 1개월 수익률이 마이너스를 기록하며 단기적인 하락 압력이 존재합니다."", ""거래량 변화율이 긍정적인 신호를 보이지만, PER, PBR, ROE 등 주요 재무 지표가 부재하여 투자 판단에 어려움이 있습니다.""]"
329180,HD현대중공업,2023-05-02,109300,Neutral,55,"[""최근 1개월 수익률은 긍정적이나, 거래량 변화율은 하락세를 시사하여 상반된 신호를 보입니다."", ""PER, PBR, ROE 등 주요 재무지표가 적자 또는 정보 없음으로 분석에 한계가 있습니다."", ""현재 주가는 52주 최고가 대비 상당한 하락폭을 보이고 있어 추가 상승 여력과 하락 위험이 공존합니다.""]"
329180,HD현대중공업,2023-06-01,117400,Neutral,55,"[""현재가 52주 최고가 대비 하락한 위치에 있으나, 최근 1개월 수익률은 긍정적인 모습을 보이고 있습니다."", ""거래량 변화율이 마이너스인 점은 단기적인 매도 압력을 시사할 수 있습니다."", ""PER, PBR, ROE 등 주요 재무지표가 적자 또는 정보 없음으로 인해 분석에 한계가 있으며, 이는 투자 방향 판단에 불확실성을 더합니다.""]"
329180,HD현대중공업,2023-07-03,136000,Buy,75,"[""최근 1개월 수익률이 12.86%로 강한 상승세를 보이고 있어 긍정적인 모멘텀이 유지될 가능성이 높습니다."", ""현재가가 52주 최고가 대비 약 8.7% 하락한 수준으로, 추가 상승 여력이 존재한다고 판단됩니다."", ""거래량 변화율이 소폭 하락했으나, 최근 상승세를 고려할 때 매도 압력이 크지 않다고 볼 수 있습니다.""]"
329180,HD현대중공업,2023-08-01,138300,Buy,75,"[""HD현대중공업은 52주 최고가 대비 약 7.5% 하락한 수준으로, 추가 상승 여력이 존재합니다."", ""최근 1개월 수익률이 5.85%로 양호한 흐름을 보이고 있으며, 이는 단기적인 매수세 유입 가능성을 시사합니다."", ""거래량 변화율이 음수이나, 이는 최근 단기 급등에 따른 차익 실현 물량 소화 과정으로 해석될 수 있으며, 전반적인 추세는 여전히 강세로 판단됩니다.""]"
329180,HD현대중공업,2023-09-01,128900,Neutral,55,"[""현재 PER, PBR, ROE 등 주요 재무지표가 적자 또는 정보 없음으로 인해 분석에 한계가 있습니다."", ""최근 1개월 수익률이 마이너스이고 거래량 변화율도 감소하여 단기적인 하락 압력이 존재합니다."", ""하지만 52주 최고가 대비 현재 위치가 63.3%로 여전히 상승 여력이 남아있으며, KOSPI 시장 전반의 흐름에 따라 변동성이 나타날 수 있습니다.""]"
329180,HD현대중공업,2023-10-04,112000,Neutral,55,"[""현재 PER, PBR, ROE 등 주요 재무지표가 적자 또는 정보 없음으로 인해 분석에 한계가 있습니다."", ""최근 1개월 수익률이 -11.41%로 하락세를 보이고 있으며, 거래량 변화율도 -31.26%로 감소하여 투자 심리가 위축된 것으로 판단됩니다."", ""52주 최고가 대비 현재 위치가 42.0%로 하락폭이 크지만, 향후 20거래일 내 시장 대비 초과 상승 또는 하락을 명확히 판단할 만한 긍정적 또는 부정적 모멘텀이 부족합니다.""]"
329180,HD현대중공업,2023-11-01,108200,Neutral,55,"[""최근 1개월 수익률이 -14.55%로 하락세를 보이고 있으나, 거래량 변화율이 56.59%로 크게 증가하여 투자 심리 변화 가능성을 시사합니다."", ""현재가는 52주 최고가 대비 약 27% 하락한 수준으로, 기술적 반등 가능성과 추가 하락 가능성이 공존합니다."", ""재무 지표상 PER, PBR, ROE가 제공되지 않아 기업의 본질적인 가치 평가에 한계가 있으며, 적자 상태는 투자 불확실성을 높입니다.""]"
329180,HD현대중공업,2023-12-01,133800,Buy,75,"[""최근 1개월 수익률이 19.13%로 강한 상승세를 보이고 있으며, 52주 최고가 대비 현재 위치가 65.0%로 상승 여력이 남아있습니다."", ""조선업황 개선 기대감과 HD현대중공업의 수주 모멘텀이 지속될 가능성이 높습니다."", ""거래량 변화율이 소폭 하락했으나, 전반적인 기술적 지표와 시장 상황을 고려할 때 단기적인 상승 추세가 이어질 것으로 예상됩니다.""]"
329180,HD현대중공업,2024-01-02,121500,Neutral,55,"[""현재가 52주 최고가 대비 하락한 위치에 있으나, 최근 1개월 수익률은 긍정적인 모습을 보이고 있습니다."", ""거래량 변화율이 긍정적인 신호를 보내고 있으나, PER, PBR, ROE 등 주요 재무지표가 부재하여 투자 판단에 불확실성이 존재합니다."", ""적자 기업으로 인한 재무적 불확실성과 기술적 지표의 혼조세로 인해 향후 20거래일 내 명확한 방향성을 판단하기 어렵습니다.""]"
329180,HD현대중공업,2024-02-01,113900,Neutral,55,"[""현재가 52주 최고가 대비 하락폭이 크지만, 최근 1개월 수익률과 거래량 변화율이 부정적인 신호를 보내고 있습니다."", ""PER, PBR, ROE 등 주요 재무지표가 적자 또는 정보 없음으로 분석에 한계가 있습니다."", ""기술적 지표상으로는 하락 추세가 관찰되나, 시장 전반의 흐름이나 업종별 이슈 등 추가적인 정보 없이는 명확한 방향성을 판단하기 어렵습니다.""]"
329180,HD현대중공업,2024-03-04,112300,Neutral,55,"[""현재 PER, PBR, ROE 등 주요 재무지표가 적자 또는 정보 없음으로 인해 분석에 한계가 있습니다."", ""최근 1개월 수익률은 소폭 하락했으나, 거래량 변화율이 67.25%로 크게 증가하여 투자 심리 변화 가능성을 시사합니다."", ""52주 최고가 대비 현재 위치가 36.7%로, 상승 여력과 하락 위험이 공존하는 구간으로 판단됩니다.""]"
329180,HD현대중공업,2024-04-01,124900,Neutral,55,"[""현재가 124,900원은 52주 최고가 147,800원 대비 하락한 수준이지만, 최저가 97,100원 대비는 상승한 52주 내 중간 지점에 위치하고 있어 명확한 방향성을 제시하기 어렵습니다."", ""최근 1개월 수익률 2.88%는 소폭 상승세를 보이고 있으며, 거래량 변화율 23.45%는 시장의 관심이 증가하고 있음을 시사하지만, 이것만으로는 20거래일 내 KOSPI 시장 수익률 대비 초과 상승을 확신하기 어렵습니다."", ""PER 436.3, PBR 2.44, ROE 0.6%와 같은 재무 지표들은 현재 주가가 고평가되었을 가능성을 시사하며, 이는 향후 상승에 부담으로 작용할 수 있습니다.""]"
329180,HD현대중공업,2024-05-02,133600,Buy,75,"[""최근 1개월 수익률이 12.28%로 강한 상승세를 보이고 있으며, 거래량 변화율도 34.08%로 증가하여 투자 심리가 긍정적임을 시사합니다."", ""현재 주가가 52주 최고가 대비 약 9.5% 하락한 수준으로, 단기적인 조정 후 추가 상승 여력이 존재할 수 있습니다."", ""조선업황 개선 기대감과 HD현대중공업의 수주 모멘텀이 지속될 경우, KOSPI 시장 수익률 대비 초과 상승 가능성이 있습니다.""]"
329180,HD현대중공업,2024-06-03,129500,Neutral,55,"[""현재 PER, PBR, ROE 지표는 고평가 또는 저수익성을 시사하며 단기 상승 모멘텀을 제한할 수 있습니다."", ""52주 최고가 대비 현재 위치는 중간 수준이며, 최근 1개월 수익률은 하락세를 보이고 있어 투자 심리가 위축될 가능성이 있습니다."", ""하지만 거래량 변화율이 높다는 점은 시장의 관심이 증가하고 있음을 나타내며, 이는 향후 변동성 확대 및 상승 가능성을 시사합니다.""]"
329180,HD현대중공업,2024-07-01,153300,Buy,75,"[""HD현대중공업은 52주 최고가에 근접한 강한 상승세를 보이고 있으며, 최근 1개월 수익률도 17.41%로 매우 긍정적입니다."", ""PER이 높고 ROE가 낮은 점은 다소 부담스럽지만, 현재 주가 위치가 52주 최고가 근처라는 점은 추가 상승에 대한 기대감을 높입니다."", ""거래량 변화율이 음수이지만, 이는 최근 단기적인 차익 실현 물량일 가능성이 있으며, 전반적인 상승 추세는 유지될 것으로 판단됩니다.""]"
329180,HD현대중공업,2024-08-01,209000,Buy,75,"[""최근 1개월 수익률이 40.88%로 매우 강한 상승세를 보이고 있으며, 52주 최고가에 근접한 위치는 추가 상승에 대한 기대감을 높입니다."", ""거래량 변화율이 26.64%로 증가한 것은 투자자들의 관심이 높아지고 있음을 시사하며, 이는 단기적인 상승 동력으로 작용할 수 있습니다."", ""PER, PBR, ROE 등 재무지표 상으로는 고평가 논란이 있을 수 있으나, 기술적 지표의 강한 모멘텀이 이를 상쇄하며 단기적인 상승을 지지할 가능성이 높습니다.""]"
329180,HD현대중공업,2024-09-02,188500,Neutral,55,"[""현재가 52주 최고가 대비 하락한 위치에 있으나, 최근 1개월 수익률이 마이너스인 점은 하락 압력을 시사합니다."", ""PER, PBR, ROE 등 재무 지표가 다소 고평가 또는 저조한 수준으로 나타나 긍정적인 투자 심리를 유발하기 어렵습니다."", ""거래량 변화율이 마이너스인 점은 단기적인 매도 압력이 존재할 수 있음을 나타내지만, 시장 전반의 흐름이나 추가적인 상승/하락 모멘텀을 판단하기에는 정보가 부족합니다.""]"
329180,HD현대중공업,2024-10-02,185500,Neutral,55,"[""현재가 52주 최고가 대비 하락했으나, 52주 최저가 대비로는 높은 수준에 위치하여 상승 및 하락 요인이 혼재합니다."", ""최근 1개월 수익률이 마이너스이고 거래량 변화율도 감소하여 단기적인 투자 심리가 위축된 것으로 보입니다."", ""PER, PBR, ROE 등 재무 지표가 현재 주가 수준을 정당화하기에는 다소 부담스러운 측면이 있어 추가적인 상승 동력 확보가 필요합니다.""]"
329180,HD현대중공업,2024-11-01,175000,Neutral,55,"[""현재가 175,000원은 52주 최고가 대비 하락한 수준이지만, 최저가 대비로는 상당한 상승을 보이며 52주 내 위치가 63.3%로 중간 이상에 위치하고 있습니다."", ""최근 1개월 수익률이 -5.63%로 하락세를 보이고 있으며, 거래량 변화율 또한 -19.26%로 감소하여 단기적인 투자 심리가 위축된 것으로 판단됩니다."", ""PER 626.6, PBR 3.51, ROE 0.6% 등 재무 지표상 고평가 논란이 있을 수 있으나, 조선업종의 특성상 수주 잔고 및 향후 전망에 따라 주가 변동성이 클 수 있어 현재 정보만으로는 명확한 방향성을 판단하기 어렵습니다.""]"
329180,HD현대중공업,2024-12-02,213000,Buy,75,"[""최근 1개월 수익률이 21.13%로 강한 상승세를 보이고 있으며, 거래량 변화율도 135.11%로 크게 증가하여 투자자들의 관심이 집중되고 있음을 시사합니다."", ""현재 주가가 52주 최고가 대비 약 76.6% 수준에 위치하여 추가 상승 여력이 존재할 가능성이 있습니다."", ""PER이 759.0으로 다소 높지만, 이는 현재 시장에서 HD현대중공업의 성장성에 대한 기대감이 반영된 것으로 해석될 수 있습니다.""]"
329180,HD현대중공업,2025-01-02,285500,Neutral,60,"[""현재가 52주 최고가에 근접해 있어 단기 상승 여력이 제한적일 수 있습니다."", ""최근 1개월 수익률이 높지만, 거래량 변화율이 감소하고 있어 상승 모멘텀이 약화될 가능성이 있습니다."", ""PER, PBR, ROE 등 재무 지표가 고평가 또는 저조한 수준으로, 밸류에이션 측면에서 추가 상승을 뒷받침할 근거가 부족합니다.""]"
329180,HD현대중공업,2025-02-03,320500,Buy,75,"[""HD현대중공업은 52주 최고가에 근접한 강한 상승 추세를 보이고 있으며, 최근 1개월 수익률도 긍정적입니다."", ""거래량 변화율이 20.37%로 증가하며 투자자들의 관심이 높아지고 있음을 시사합니다."", ""다만, PER이 1120.5로 매우 높아 단기적인 밸류에이션 부담은 존재하나, PBR 6.28과 ROE 0.6%는 현재 주가 수준에서 추가 상승 여력을 시사할 수 있습니다.""]"
329180,HD현대중공업,2025-03-04,317000,Neutral,55,"[""현재가 52주 최고가 대비 높은 수준에 위치하여 추가 상승 여력이 제한적일 수 있습니다."", ""최근 1개월 수익률이 소폭 상승했으나, 거래량 변화율이 높아 변동성이 확대될 가능성이 있습니다."", ""PER, PBR, ROE 등 재무 지표가 현재 주가 수준을 정당화하기에는 다소 부담스러운 측면이 있습니다.""]"
329180,HD현대중공업,2025-04-01,291000,Neutral,60,"[""현재가 52주 최고가 대비 하락했으나, 52주 최저가 대비 높은 수준으로 상승 여력과 하락 위험이 공존합니다."", ""최근 1개월 수익률이 마이너스이고 거래량 변화율이 크게 감소한 점은 단기적인 투자 심리 위축을 시사합니다."", ""PER, PBR 지표는 다소 높은 편이나 ROE가 이를 상쇄할 만큼 양호한 수준은 아니어서 밸류에이션 매력 판단이 어렵습니다.""]"
329180,HD현대중공업,2025-05-02,415500,Buy,75,"[""HD현대중공업은 52주 최고가를 경신하며 강한 상승 모멘텀을 보여주고 있습니다."", ""최근 1개월 수익률이 40.38%로 매우 높으며, 거래량 변화율 또한 39.83%로 증가하여 투자자들의 관심이 집중되고 있음을 시사합니다."", ""다만, PER 58.4배와 PBR 7.52배는 다소 높은 수준으로, 향후 추가 상승 시 밸류에이션 부담이 작용할 수 있습니다.""]"
329180,HD현대중공업,2025-06-02,428000,Neutral,55,"[""현재가가 52주 최고가와 동일한 수준으로, 추가 상승 여력이 제한적일 수 있습니다."", ""최근 1개월 수익률은 긍정적이나, 거래량 변화율이 크게 하락하여 투자 심리가 위축되었을 가능성이 있습니다."", ""PER과 PBR 지표가 다소 높은 수준으로, 밸류에이션 부담이 존재합니다.""]"
329180,HD현대중공업,2025-07-01,407500,Buy,75,"[""HD현대중공업은 52주 최고가 대비 현재 위치가 87.0%로, 상승 여력이 남아있음을 시사합니다."", ""최근 1개월 수익률이 3.70%로 양호하며, 거래량 변화율이 44.53%로 증가하는 것은 긍정적인 수급 신호로 해석될 수 있습니다."", ""PER이 다소 높지만, 조선업종의 특성상 현재의 높은 PBR과 ROE는 수주 증가 및 실적 개선 기대감을 반영하는 것으로 볼 수 있습니다.""]"
329180,HD현대중공업,2025-08-01,463500,Buy,75,"[""HD현대중공업은 52주 최고가 대비 현재 위치가 95.7%로, 상승 추세가 강하게 유지되고 있습니다."", ""최근 1개월 수익률이 20.94%로 매우 높아 단기적인 상승 모멘텀이 지속될 가능성이 있습니다."", ""거래량 변화율이 음수(-17.40%)인 점은 단기 차익 실현 매물이 출회되었을 가능성을 시사하지만, 여전히 높은 가격대에서 거래되고 있다는 점은 긍정적입니다.""]"
329180,HD현대중공업,2025-09-01,514000,Buy,75,"[""HD현대중공업은 52주 최고가에 근접한 강한 상승 추세를 보이고 있으며, 최근 1개월 수익률도 긍정적입니다."", ""거래량 변화율이 18.89%로 증가하며 투자자들의 관심이 높아지고 있음을 시사합니다."", ""PER이 다소 높지만, PBR과 ROE 지표는 양호한 편이며, 조선업종의 업황 개선 기대감도 긍정적인 요인으로 작용할 수 있습니다.""]"
329180,HD현대중공업,2025-10-01,528000,Neutral,55,"[""현재가 52주 최고가와 일치하며 단기 급등 가능성보다는 현 주가 유지 또는 소폭 조정 가능성이 존재합니다."", ""PER 75.4, PBR 9.72는 다소 높은 수준으로 밸류에이션 부담이 존재합니다."", ""최근 1개월 수익률은 긍정적이나 거래량 변화율이 크게 하락하여 투자 심리가 위축될 가능성이 있습니다.""]"
329180,HD현대중공업,2025-11-03,567000,Buy,75,"[""최근 1개월 수익률이 23.50%로 강한 상승세를 보이고 있으며, 52주 최고가 대비 현재 위치가 96.2%로 상승 여력이 남아있습니다."", ""거래량 변화율이 34.87%로 증가하며 투자자들의 관심이 집중되고 있음을 시사합니다."", ""PER과 PBR 지표는 다소 높지만, 조선업종의 특성상 수주 증가 및 실적 개선 기대감이 반영된 것으로 해석될 수 있습니다.""]"
329180,HD현대중공업,2025-12-01,520000,Neutral,60,"[""최근 1개월 수익률이 -14.17%로 하락세를 보이고 있으나, 52주 최고가 대비 현재 위치가 73.8%로 여전히 높은 수준에 있어 추가 하락 가능성과 반등 가능성이 공존합니다."", ""거래량 변화율이 56.75%로 높게 나타나 투자자들의 관심이 집중되고 있음을 시사하지만, 이것이 상승 또는 하락으로 이어질지는 불확실합니다."", ""PER과 PBR 지표가 다소 높은 편으로 밸류에이션 부담이 존재하지만, ROE가 12.9%로 양호한 수준을 유지하고 있어 기업의 수익성은 뒷받침되고 있습니다.""]"
012450,한화에어로스페이스,2023-01-02,72732,Neutral,60,"[""현재가는 52주 최고가 대비 하락한 수준이지만, 52주 최저가 대비로는 상당한 상승을 보이며 기술적으로는 상승 추세에 있습니다."", ""최근 1개월 수익률은 소폭 상승했으나, 거래량 변화율이 크게 하락한 점은 투자 심리 위축 가능성을 시사합니다."", ""재무 지표상 PER, PBR, ROE는 시장 평균 대비 우수하다고 단정하기 어렵고, 특별히 매수 또는 매도를 강하게 지지할 만한 모멘텀이 부족합니다.""]"
012450,한화에어로스페이스,2023-02-01,82001,Buy,75,"[""최근 1개월 수익률이 9.78%로 양호하며, 52주 최고가 대비 현재 위치가 89.5%로 상승 추세가 강하게 나타나고 있습니다."", ""거래량 변화율이 66.60%로 크게 증가하여 투자자들의 관심이 집중되고 있으며, 이는 향후 주가 상승의 동력이 될 수 있습니다."", ""PER 16.5, PBR 1.08은 시장 평균 대비 과도하게 고평가되었다고 보기 어려우며, ROE 6.5%는 안정적인 수익성을 보여주고 있습니다.""]"
012450,한화에어로스페이스,2023-03-02,95448,Buy,75,"[""한화에어로스페이스는 52주 최고가에 근접한 수준에서 거래되고 있으며, 최근 1개월 수익률이 13.06%로 강한 상승세를 보이고 있습니다."", ""PER 18.6, PBR 1.21은 시장 평균 대비 과도하게 고평가되었다고 보기 어렵고, ROE 6.5%는 개선의 여지가 있으나 재무 건전성을 크게 훼손하는 수준은 아닙니다."", ""거래량 변화율이 음수(-)로 나타나 단기적인 매수세가 다소 약화되었을 가능성은 있으나, 전반적인 기술적 지표와 최근 상승 모멘텀을 고려할 때 향후 20거래일 내 KOSPI 시장 수익률 대비 초과 상승 가능성이 높다고 판단됩니다.""]"
012450,한화에어로스페이스,2023-04-03,109505,Buy,75,"[""현재가가 52주 최고가를 경신하며 강한 상승 추세를 보이고 있습니다."", ""최근 1개월 수익률이 9.50%로 양호한 흐름을 이어가고 있습니다."", ""거래량 변화율이 음수이나, 52주 최고가 돌파라는 강력한 기술적 지표가 상승 모멘텀을 지지합니다.""]"
012450,한화에어로스페이스,2023-05-02,108894,Buy,75,"[""최근 1개월 수익률이 8.47%로 양호하며, 52주 최고가 대비 현재 위치가 87.2%로 상승 추세가 이어질 가능성이 높습니다."", ""거래량 변화율이 58.41%로 크게 증가하여 투자자들의 관심이 집중되고 있으며, 이는 추가적인 상승 동력으로 작용할 수 있습니다."", ""PER, PBR 지표는 다소 높은 편이나, 방산 및 우주항공 산업의 성장 전망을 고려할 때 현재 주가 수준은 합리적인 수준으로 판단됩니다.""]"
012450,한화에어로스페이스,2023-06-01,112866,Buy,75,"[""한화에어로스페이스는 52주 최고가 대비 현재 위치가 높아 추가 상승 여력이 제한적일 수 있으나, 최근 1개월 수익률이 긍정적인 흐름을 보이고 있습니다."", ""거래량 변화율이 감소한 것은 단기적인 매도 압력이 약화되었음을 시사하며, 이는 향후 상승 가능성을 높이는 요인으로 작용할 수 있습니다."", ""방산 및 우주항공 산업의 성장 전망과 정부 정책 지원 등을 고려할 때, 중장기적인 관점에서 긍정적인 모멘텀이 유지될 것으로 예상됩니다.""]"
012450,한화에어로스페이스,2023-07-03,134157,Buy,75,"[""최근 1개월 수익률이 20.46%로 강한 상승세를 보이고 있으며, 52주 최고가 대비 현재 위치가 87.7%로 상승 여력이 남아있습니다."", ""거래량 변화율이 17.92%로 증가하며 투자자들의 관심이 높아지고 있음을 시사합니다."", ""다만, PER 33.4배는 다소 높은 수준으로 밸류에이션 부담이 존재할 수 있습니다.""]"
012450,한화에어로스페이스,2023-08-01,123053,Neutral,55,"[""최근 1개월 수익률이 마이너스이고 거래량 변화율도 감소하는 등 단기적인 하락 압력이 관찰됩니다."", ""하지만 52주 최고가 대비 현재 위치가 76.7%로 여전히 높은 수준이며, 이는 과거 상승 추세가 완전히 꺾이지 않았음을 시사합니다."", ""재무 지표는 시장 평균 대비 고평가 여부를 판단하기에 추가적인 정보가 필요하며, 기술적 지표만으로는 명확한 방향성을 제시하기 어렵습니다.""]"
012450,한화에어로스페이스,2023-09-01,116636,Neutral,55,"[""최근 1개월 수익률이 마이너스이고 거래량 변화율이 크게 감소하여 단기적인 하락 압력이 존재합니다."", ""52주 최고가 대비 현재 위치가 69.0%로 여전히 상승 여력이 남아있으나, 밸류에이션 지표(PER, PBR)가 다소 높은 편입니다."", ""현재 제공된 정보만으로는 향후 20거래일 동안 KOSPI 시장 수익률 대비 초과 상승 또는 하락을 명확히 판단하기 어렵습니다.""]"
012450,한화에어로스페이스,2023-10-04,100541,Neutral,55,"[""최근 1개월 수익률이 마이너스로 하락세를 보이고 있으나, 52주 최고가 대비 현재 위치가 절반 이상으로 상승 여력도 존재합니다."", ""PER, PBR, ROE 등 재무 지표는 시장 평균 대비 고평가 또는 저평가 여부를 명확히 판단하기 어려운 수준입니다."", ""거래량 변화율이 마이너스인 점은 매도 압력이 존재함을 시사하지만, 전반적인 투자 심리를 판단하기에는 정보가 제한적입니다.""]"
012450,한화에어로스페이스,2023-11-01,117553,Buy,75,"[""최근 1개월 수익률이 8.92%로 양호하며, 52주 최고가 대비 현재 위치가 64.1%로 상승 여력이 남아있습니다."", ""거래량 변화율이 29.97%로 증가 추세를 보이며 이는 투자자들의 관심 증가를 시사합니다."", ""방산 및 우주항공 산업의 성장 전망과 함께 한화에어로스페이스의 실적 개선 기대감이 주가 상승을 견인할 수 있습니다.""]"
012450,한화에어로스페이스,2023-12-01,140879,Buy,75,"[""최근 1개월 수익률이 17.85%로 강한 상승세를 보이고 있으며, 52주 최고가에 근접한 위치는 추가 상승 여력을 시사합니다."", ""거래량 변화율이 음수이지만, 이는 단기적인 차익 실현 물량일 가능성이 있으며 전반적인 상승 추세를 꺾을 정도는 아닐 수 있습니다."", ""PER, PBR, ROE 등 재무 지표는 다소 높은 편이나, 방산 및 우주항공 산업의 성장성을 고려할 때 현재 밸류에이션이 과도하다고 단정하기는 어렵습니다.""]"
012450,한화에어로스페이스,2024-01-02,135787,Buy,75,"[""최근 1개월 수익률이 5.36%로 양호하며, 52주 최고가 대비 현재 위치가 83.1%로 상승 추세가 이어질 가능성이 있습니다."", ""거래량 변화율이 28.92%로 증가하며 투자자들의 관심이 높아지고 있음을 시사합니다."", ""방산 및 우주항공 산업의 성장 전망과 한화에어로스페이스의 사업 경쟁력을 고려할 때, 단기적인 상승 모멘텀이 기대됩니다.""]"
012450,한화에어로스페이스,2024-02-01,134666,Neutral,55,"[""최근 1개월 수익률이 소폭 하락했으나, 52주 최고가 대비 현재 위치가 높아 추가 상승 여력에 대한 판단이 엇갈릴 수 있습니다."", ""거래량 변화율이 긍정적인 신호를 보이지만, PER, PBR, ROE 등 재무 지표만으로는 현재 주가 수준의 적정성에 대한 명확한 판단이 어렵습니다."", ""KOSPI 시장 전반의 흐름과 한화에어로스페이스의 개별적인 모멘텀에 대한 추가적인 정보 없이는 20거래일 내 명확한 방향성을 제시하기 어렵습니다.""]"
012450,한화에어로스페이스,2024-03-04,188757,Buy,75,"[""최근 1개월 수익률이 42.23%로 매우 높은 상승세를 보이며 강한 매수세를 시사합니다."", ""현재가가 52주 최고가 대비 약 4.8% 하락한 수준으로, 단기 조정 후 추가 상승 여력이 남아있을 가능성이 있습니다."", ""거래량 변화율이 75.22%로 높게 나타나 투자자들의 관심이 집중되고 있으며, 이는 향후 주가 상승 동력으로 작용할 수 있습니다.""]"
012450,한화에어로스페이스,2024-04-01,245497,Buy,75,"[""현재가 245,497원은 52주 최고가 227,160원을 상회하며 강한 상승 추세를 보여주고 있습니다."", ""최근 1개월 수익률 11.47%는 시장 대비 양호한 성과를 나타내고 있습니다."", ""거래량 변화율이 음수이나, 52주 내 현재 위치가 89.3%로 높은 수준을 유지하고 있어 추가 상승 여력이 존재한다고 판단됩니다.""]"
012450,한화에어로스페이스,2024-05-02,219521,Buy,75,"[""현재가 52주 최고가 대비 하락폭이 크지 않고 52주 내 현재 위치가 85.8%로 높은 수준을 유지하고 있어 상승 여력이 남아있음을 시사합니다."", ""최근 1개월 수익률이 5.50%로 양호한 흐름을 보이고 있어 단기적인 상승 모멘텀이 지속될 가능성이 있습니다."", ""거래량 변화율이 음수이나, 이는 최근 상승세에 따른 차익 실현 매물이 일부 출회되었을 가능성을 배제할 수 없으나, 전반적인 시장 상황 및 업종 전망에 따라 추가 상승 여력이 존재합니다.""]"
012450,한화에어로스페이스,2024-06-03,214936,Buy,75,"[""현재가 52주 최고가 대비 약 12.6% 하락한 수준으로, 추가 상승 여력이 존재합니다."", ""최근 1개월 수익률이 5.44%로 양호한 흐름을 보이고 있습니다."", ""거래량 변화율이 음수이나, 이는 단기적인 조정일 수 있으며 전반적인 시장 상황 및 기업 펀더멘탈에 따라 재반등 가능성이 있습니다.""]"
012450,한화에어로스페이스,2024-07-01,239384,Buy,75,"[""최근 1개월 수익률이 19.36%로 강한 상승세를 보이고 있으며, 52주 최고가 대비 현재 위치가 95.2%로 매우 높은 수준입니다."", ""거래량 변화율이 89.15%로 크게 증가하여 투자자들의 관심이 집중되고 있음을 시사합니다."", ""PER 15.4는 시장 평균 대비 과도하게 높지 않은 수준으로, 향후 추가 상승 여력을 고려할 수 있습니다.""]"
012450,한화에어로스페이스,2024-08-01,294392,Buy,75,"[""최근 1개월 수익률이 30.26%로 매우 강한 상승세를 보이고 있으며, 52주 최고가 대비 현재 위치가 91.7%로 상승 여력이 남아있습니다."", ""거래량 변화율이 50.87%로 증가하며 투자자들의 관심이 집중되고 있음을 시사합니다."", ""PER 19.2는 시장 평균 대비 높은 수준은 아니지만, 성장성을 고려할 때 추가 상승 가능성을 배제할 수 없습니다.""]"
012450,한화에어로스페이스,2024-09-02,295411,Neutral,55,"[""현재가 52주 최고가 대비 하락한 위치에 있으나, 52주 최저가 대비 높은 수준으로 상승 여력과 하락 위험이 공존합니다."", ""최근 1개월 수익률이 마이너스이고 거래량 변화율도 감소하여 단기적인 투자 심리가 위축되었음을 시사합니다."", ""PER 지표는 존재하나 PBR, ROE 등 다른 주요 재무 지표가 없어 기업의 내재 가치 및 수익성에 대한 종합적인 판단이 어렵습니다.""]"
012450,한화에어로스페이스,2024-10-02,332338,Buy,75,"[""현재가 332,338원이 52주 최고가 328,517원을 소폭 상회하며 강한 상승 모멘텀을 보여주고 있습니다."", ""최근 1개월 수익률 3.17%는 시장 대비 양호한 성과를 나타내고 있습니다."", ""거래량 변화율이 크게 감소했으나, 이는 단기적인 차익 실현 물량 소화 후 추가 상승을 위한 준비 과정일 가능성이 있습니다.""]"
012450,한화에어로스페이스,2024-11-01,361387,Buy,75,"[""최근 1개월 수익률이 27.44%로 매우 강한 상승세를 보이고 있으며, 52주 최고가 대비 현재 위치가 95.0%로 상승 여력이 남아있음을 시사합니다."", ""거래량 변화율이 196.24%로 급증하며 투자자들의 관심이 집중되고 있음을 나타냅니다."", ""PER 23.1은 다소 높은 편이지만, 방산 및 우주항공 산업의 성장성을 고려할 때 향후 추가 상승 가능성을 배제하기 어렵습니다.""]"
012450,한화에어로스페이스,2024-12-02,333322,Neutral,55,"[""최근 1개월 수익률이 -15.19%로 하락세를 보이고 있으나, 52주 최고가 대비 현재 위치가 67.6%로 여전히 상승 여력이 남아있습니다."", ""거래량 변화율이 16.58%로 증가하는 추세는 긍정적 신호로 해석될 수 있으나, 재무 지표 중 ROE와 PBR 정보가 없어 종합적인 판단에 한계가 있습니다."", ""PER 19.6은 시장 평균 대비 높은 수준은 아니지만, 현재 시장 상황과 향후 20거래일 동안의 변동성을 예측하기에는 정보가 부족하여 명확한 매수 또는 매도 신호를 제시하기 어렵습니다.""]"
012450,한화에어로스페이스,2025-01-02,356463,Buy,75,"[""최근 1개월 수익률이 16.32%로 강한 상승세를 보이고 있으며, 52주 최고가 대비 현재 위치가 81.8%로 상승 여력이 남아있습니다."", ""PER 22.2는 업종 평균 대비 높을 수 있으나, 방산 및 우주항공 산업의 성장성을 고려할 때 프리미엄이 반영된 것으로 해석될 수 있습니다."", ""거래량 변화율이 소폭 하락했으나, 전반적인 기술적 지표와 최근 시장 모멘텀을 고려할 때 단기적인 상승 추세가 이어질 가능성이 높습니다.""]"
012450,한화에어로스페이스,2025-02-03,400282,Buy,75,"[""현재가 52주 최고가에 근접하며 강한 상승 추세를 유지하고 있습니다."", ""최근 1개월 수익률이 21.33%로 단기적으로 높은 성과를 보여주고 있습니다."", ""거래량 변화율이 음수이나, 이는 단기 차익 실현 물량 소화 후 추가 상승을 위한 준비 과정일 수 있습니다.""]"
012450,한화에어로스페이스,2025-03-04,684370,Buy,75,"[""현재가 52주 최고가에 근접하며 강한 상승 모멘텀을 보여주고 있습니다."", ""최근 1개월 수익률이 75.25%로 매우 높으며, 거래량 변화율 또한 142.13%로 급증하여 투자자들의 관심이 집중되고 있음을 시사합니다."", ""PER 42.9는 다소 높은 편이지만, 성장성이 높은 산업에 속해있고 시장의 긍정적인 전망이 지속될 가능성이 있습니다.""]"
012450,한화에어로스페이스,2025-04-01,652860,Buy,75,"[""최근 1개월 수익률이 13.30%로 강한 상승세를 보이고 있으며, 52주 최고가 대비 현재 위치가 84.2%로 상승 여력이 남아있습니다."", ""PER 14.4는 시장 평균 대비 과도하게 고평가되었다고 보기 어려워 추가 상승 가능성을 열어둡니다."", ""거래량 변화율이 음수이나, 이는 단기적인 차익 실현 물량일 가능성이 있으며 전반적인 상승 추세를 꺾을 정도는 아닐 것으로 판단됩니다.""]"
012450,한화에어로스페이스,2025-05-02,876388,Buy,75,"[""현재가 52주 최고가 대비 높은 수준에 위치하며 강한 상승 추세를 보이고 있습니다."", ""최근 1개월 수익률이 23.38%로 매우 높아 단기적인 상승 모멘텀이 강하게 작용하고 있습니다."", ""거래량 변화율이 음수이나, 이는 이전 급등 이후 차익 실현 물량이 소화되는 과정일 수 있으며, 여전히 긍정적인 투자 심리가 유지될 가능성이 있습니다.""]"
012450,한화에어로스페이스,2025-06-02,845000,Buy,75,"[""한화에어로스페이스는 52주 최고가 대비 92.4% 수준으로 높은 위치에 있어 상승 모멘텀이 지속될 가능성이 있습니다."", ""최근 1개월 수익률이 4.82%로 양호한 흐름을 보이고 있으며, 이는 단기적인 매수세가 유입되고 있음을 시사합니다."", ""PER 18.2는 업종 평균 대비 높은 수준일 수 있으나, 성장성을 고려할 때 추가 상승 여력이 존재할 수 있습니다.""]"
012450,한화에어로스페이스,2025-07-01,819000,Neutral,55,"[""현재가 52주 최고가 대비 높은 수준에 위치하여 추가 상승 여력이 제한적일 수 있습니다."", ""최근 1개월 수익률이 소폭 하락했으나, 거래량 변화율은 긍정적인 신호를 보이고 있습니다."", ""PER 지표는 시장 평균 대비 높은 편은 아니지만, PBR 및 ROE 지표가 없어 기업의 내재가치 평가에 한계가 있습니다.""]"
012450,한화에어로스페이스,2025-08-01,938000,Buy,75,"[""한화에어로스페이스는 52주 최고가 대비 현재 위치가 91.9%로 높은 수준이며, 최근 1개월 수익률도 14.93%로 양호한 흐름을 보이고 있습니다."", ""PER 20.4는 업종 평균 대비 높을 수 있으나, 성장성을 고려하면 용인될 수 있는 수준이며, 시가총액 48.4조원은 대형주로서 안정적인 투자 기반을 보여줍니다."", ""거래량 변화율이 음수(-14.24%)인 점은 단기적인 매도 압력을 시사할 수 있으나, 전반적인 상승 추세와 긍정적인 모멘텀을 고려할 때 향후 20거래일 내 KOSPI 시장 수익률 대비 초과 상승 가능성이 높다고 판단됩니다.""]"
012450,한화에어로스페이스,2025-09-01,933000,Neutral,60,"[""현재가 933,000원은 52주 최고가 998,000원에 근접해 있어 추가 상승 여력이 제한적일 수 있습니다."", ""최근 1개월 수익률이 -8.03%로 하락세를 보이고 있으며, 거래량 변화율도 -20.62%로 감소하여 투자 심리가 위축되었을 가능성이 있습니다."", ""PER 19.9는 업종 평균 대비 높은 수준인지, PBR 및 ROE 지표가 없어 기업의 내재가치 평가에 한계가 있어 명확한 매수/매도 판단이 어렵습니다.""]"
012450,한화에어로스페이스,2025-10-01,1097000,Buy,75,"[""한화에어로스페이스는 52주 최고가에 근접한 강한 상승세를 보이고 있으며, 최근 1개월 수익률도 17.79%로 매우 긍정적입니다."", ""PER 23.9는 업종 평균 대비 높을 수 있으나, 현재 주가 수준은 52주 최고가 대비 약 1% 낮은 수준으로 추가 상승 여력이 남아있다고 판단됩니다."", ""거래량 변화율이 소폭 하락했으나, 이는 단기적인 조정일 수 있으며 전반적인 강세 흐름을 뒤집을 정도는 아니라고 보입니다.""]"
012450,한화에어로스페이스,2025-11-03,1010000,Buy,75,"[""한화에어로스페이스는 52주 최고가 대비 현재 위치가 92.2%로, 여전히 높은 수준에서 거래되고 있어 상승 모멘텀이 유지될 가능성이 있습니다."", ""최근 1개월 수익률은 소폭 하락했지만, 거래량 변화율이 13.51%로 증가한 것은 투자자들의 관심이 다시 높아지고 있음을 시사합니다."", ""PER 22.7은 업종 평균 대비 높을 수 있으나, 방산 및 우주항공 분야의 성장성을 고려할 때 향후 실적 개선 기대감이 반영된 것으로 해석될 수 있습니다.""]"
012450,한화에어로스페이스,2025-12-01,824000,Neutral,55,"[""최근 1개월 수익률이 -16.96%로 하락세를 보이고 있으나, 52주 최고가 대비 현재 위치가 64.7%로 여전히 상승 여력이 남아있습니다."", ""거래량 변화율이 -9.53%로 감소세를 보이며 투자 심리가 위축되었음을 시사합니다."", ""PER 17.7은 업종 평균 대비 높은 수준인지, ROE 및 PBR 지표가 없어 기업의 내재가치 평가에 한계가 있어 명확한 매수/매도 판단이 어렵습니다.""]"
259960,크래프톤,2023-01-02,166500,Sell,75,"[""최근 1개월 수익률이 -25.45%로 크게 하락하며 약세 흐름을 보이고 있습니다."", ""현재가가 52주 최저가에 근접한 수준으로, 기술적으로 추가 하락 가능성이 존재합니다."", ""거래량 변화율 또한 마이너스를 기록하며 투자 심리가 위축된 것으로 판단됩니다.""]"
259960,크래프톤,2023-02-01,182000,Neutral,55,"[""최근 1개월 수익률은 긍정적이나, 거래량 변화율이 크게 하락하여 투자 심리가 위축되었을 가능성이 있습니다."", ""현재가는 52주 최저가 대비 높은 수준이지만, 최고가 대비로는 상당한 하락폭을 보여 횡보 가능성도 배제할 수 없습니다."", ""재무 지표는 안정적인 수준이나, 향후 20거래일 동안 시장 수익률 대비 초과 상승 또는 하락을 명확히 판단할 만한 강력한 모멘텀이 부족합니다.""]"
259960,크래프톤,2023-03-02,169800,Neutral,55,"[""크래프톤은 52주 최저가에 근접한 가격에 거래되고 있어 기술적 반등 가능성이 있으나, 최근 1개월 수익률이 마이너스를 기록하며 하락 추세가 지속되고 있습니다."", ""거래량 변화율이 25.37%로 증가한 것은 긍정적인 신호일 수 있으나, 이것이 매수세 유입으로 이어질지는 불확실합니다."", ""PER, PBR, ROE 등 재무 지표는 시장 평균 대비 양호한 수준으로 판단되나, 단기적인 주가 방향성을 결정할 만큼 강력한 모멘텀을 제시하지는 못하고 있습니다.""]"
259960,크래프톤,2023-04-03,189400,Neutral,55,"[""최근 1개월 수익률은 긍정적이나, 거래량 변화율은 감소 추세를 보여 투자 심리가 위축될 가능성이 있습니다."", ""현재 주가는 52주 최고가 대비 상당한 하락폭을 보이고 있으나, 52주 최저가 대비로는 상승 여력이 남아있어 방향성 판단이 어렵습니다."", ""재무 지표는 시장 평균 대비 무난한 수준이나, 20거래일이라는 단기적인 투자 방향을 결정할 만큼 강력한 상승 또는 하락 모멘텀을 제시하지 못하고 있습니다.""]"
259960,크래프톤,2023-05-02,192900,Neutral,55,"[""크래프톤의 현재가는 52주 최고가 대비 상당 부분 하락한 상태이며, 이는 추가 하락보다는 반등 가능성을 시사할 수 있습니다."", ""최근 1개월 수익률이 긍정적인 흐름을 보이고 있으나, 거래량 변화율이 감소하고 있어 상승 동력이 약화될 수 있다는 우려가 있습니다."", ""재무 지표는 시장 평균 대비 특별히 우수하거나 열악하다고 보기 어려워 투자 방향을 명확히 판단하기에는 정보가 다소 부족합니다.""]"
259960,크래프톤,2023-06-01,189000,Neutral,55,"[""크래프톤의 현재 PER과 PBR은 시장 평균 대비 중간 수준으로, 밸류에이션 측면에서 뚜렷한 매수 또는 매도 신호를 보내지 않고 있습니다."", ""52주 최고가 대비 현재 위치가 낮지만, 최근 1개월 수익률이 소폭 하락하며 기술적 반등의 강도가 약한 모습을 보입니다."", ""거래량 변화율이 긍정적인 신호를 보이지만, 재무 및 기술 지표 전반에서 향후 20거래일 동안 KOSPI 시장 수익률 대비 초과 상승 또는 하락을 명확하게 예측하기에는 정보가 다소 불충분합니다.""]"
259960,크래프톤,2023-07-03,183000,Neutral,55,"[""최근 1개월 수익률은 소폭 상승했으나, 거래량 변화율이 크게 하락하여 투자 심리가 위축되었을 가능성이 있습니다."", ""현재가는 52주 최저가 대비로는 상승했으나, 최고가 대비로는 상당한 하락폭을 보이며 52주 내 위치가 중간 이하에 머물러 있어 방향성 판단이 어렵습니다."", ""재무 지표는 시장 평균 대비 무난한 수준이나, 뚜렷한 상승 또는 하락을 강하게 지지할 만한 모멘텀이 부족합니다.""]"
259960,크래프톤,2023-08-01,172900,Neutral,55,"[""최근 1개월 수익률이 마이너스(-)를 기록하며 단기적인 하락세를 보이고 있습니다."", ""52주 최고가 대비 현재 위치가 낮아 추가 하락 가능성도 존재하지만, 52주 최저가 대비로는 상당한 반등 여력이 있습니다."", ""재무 지표는 시장 평균 대비 무난한 수준으로, 뚜렷한 매수 또는 매도 신호를 보내고 있지 않습니다.""]"
259960,크래프톤,2023-09-01,156700,Neutral,60,"[""현재가 52주 최저가에 근접해 있어 하방 경직성이 기대되지만, 최근 1개월 수익률이 마이너스인 점은 부담 요인입니다."", ""거래량 변화율이 긍정적인 신호를 보이지만, PER, PBR, ROE 등 재무 지표만으로는 뚜렷한 상승 또는 하락 추세를 판단하기 어렵습니다."", ""기술적 지표상 52주 최고가 대비 현재 위치가 낮아 반등 가능성도 있으나, 시장 전반의 흐름이나 추가적인 모멘텀 부재 시 횡보 가능성도 배제할 수 없습니다.""]"
259960,크래프톤,2023-10-04,148000,Neutral,55,"[""현재가가 52주 최저가에 근접해 있어 하방 경직성이 기대되지만, 최근 1개월 수익률과 거래량 변화율이 부정적인 점은 하락 압력으로 작용할 수 있습니다."", ""PER, PBR, ROE 등 재무 지표는 시장 평균 대비 특별히 고평가 또는 저평가되었다고 보기 어려운 수준으로, 뚜렷한 매수 또는 매도 신호를 제공하지 않습니다."", ""기술적 지표상 52주 최저가 부근에서 반등 가능성과 최근 하락 추세가 공존하여 향후 20거래일 내 KOSPI 시장 수익률 대비 초과 상승 또는 하락을 명확히 판단하기 어렵습니다.""]"
259960,크래프톤,2023-11-01,168900,Buy,75,"[""최근 1개월 수익률이 11.63%로 양호한 흐름을 보이고 있으며, 거래량 변화율도 16.36%로 긍정적인 신호를 보내고 있습니다."", ""현재가는 52주 최저가 대비 약 15.3% 상승한 수준으로, 추가 상승 여력이 존재할 가능성이 있습니다."", ""PER 15.6, PBR 1.54는 시장 평균 대비 과도하게 고평가되었다고 보기 어려우며, ROE 9.9%는 수익성을 보여줍니다.""]"
259960,크래프톤,2023-12-01,218000,Buy,75,"[""최근 1개월 수익률이 28.77%로 매우 강한 상승세를 보이고 있으며, 52주 최고가 대비 현재 위치가 88.2%로 상승 여력이 남아있습니다."", ""거래량 변화율이 77.19%로 크게 증가하며 투자자들의 관심이 집중되고 있음을 시사합니다."", ""PER, PBR, ROE 등 재무 지표는 시장 평균 대비 다소 높을 수 있으나, 최근의 기술적 지표들이 강한 매수 신호를 보내고 있어 단기적인 상승 가능성이 높다고 판단됩니다.""]"
259960,크래프톤,2024-01-02,194800,Neutral,55,"[""최근 1개월 수익률이 마이너스이고 거래량 변화율도 감소하여 단기적인 하락 압력이 존재합니다."", ""현재가가 52주 최고가 대비 약 10.6% 하락한 수준으로, 추가 상승 여력과 하락 가능성이 혼재되어 있습니다."", ""PER, PBR, ROE 등 재무 지표는 시장 평균 대비 크게 나쁘지 않으나, 뚜렷한 상승 모멘텀을 보여주지는 못하고 있습니다.""]"
259960,크래프톤,2024-02-01,223000,Buy,75,"[""현재가 52주 최고가에 근접하며 강한 상승 추세를 보이고 있습니다."", ""최근 1개월 수익률이 9.86%로 양호한 흐름을 이어가고 있습니다."", ""거래량 변화율이 음수이나, 이는 단기적인 조정 가능성을 시사하며 오히려 저가 매수의 기회가 될 수 있습니다.""]"
259960,크래프톤,2024-03-04,218000,Neutral,60,"[""크래프톤의 현재가는 52주 최고가 대비 약 9.3% 하락한 수준으로, 기술적으로는 추가 상승 여력이 존재할 수 있습니다."", ""최근 1개월 수익률이 소폭 하락했으나, 거래량 변화율이 긍정적인 점은 투자 심리 개선 가능성을 시사합니다."", ""PER, PBR, ROE 등 재무 지표는 시장 평균 대비 중간 수준으로, 뚜렷한 매수 또는 매도 신호를 보내기에는 정보가 제한적입니다.""]"
259960,크래프톤,2024-04-01,252000,Buy,75,"[""크래프톤은 52주 최고가에 근접한 수준으로, 최근 1개월 수익률이 10.35%로 양호한 상승세를 보이고 있습니다."", ""거래량 변화율이 19.71%로 증가하며 투자자들의 관심이 높아지고 있음을 시사합니다."", ""PER 19.6, PBR 2.14, ROE 10.9% 등의 재무 지표는 시장 평균 대비 과도하게 고평가되었다고 보기 어렵습니다.""]"
259960,크래프톤,2024-05-02,251000,Neutral,60,"[""크래프톤의 현재가는 52주 최고가에 근접해 있어 추가 상승 여력이 제한적일 수 있습니다."", ""최근 1개월 수익률이 마이너스를 기록하며 단기적인 약세를 보이고 있습니다."", ""거래량 변화율이 높다는 점은 투자자들의 관심이 증가하고 있음을 시사하지만, 이것이 반드시 상승으로 이어질지는 불확실합니다.""]"
259960,크래프톤,2024-06-03,249500,Neutral,60,"[""현재 주가는 52주 최고가 대비 약 5.5% 하락한 수준으로, 단기적인 상승 모멘텀이 약화될 가능성이 있습니다."", ""최근 1개월 수익률은 긍정적이나, 거래량 변화율이 크게 감소한 점은 투자 심리 위축을 시사할 수 있습니다."", ""재무 지표는 안정적인 수준이나, 20거래일이라는 단기적인 관점에서 시장 대비 초과 상승 또는 하락을 명확히 판단하기에는 정보가 제한적입니다.""]"
259960,크래프톤,2024-07-01,271000,Buy,75,"[""크래프톤은 52주 최고가 대비 현재 위치가 높아 추가 상승 여력이 제한적일 수 있으나, 최근 1개월 수익률이 8.96%로 양호한 흐름을 보이고 있습니다."", ""PER 21.4, PBR 2.33, ROE 10.9% 등의 재무 지표는 시장 평균 대비 고평가 또는 저평가 여부를 명확히 판단하기 어렵지만, 시가총액 13.0조원으로 코스피 시장 내에서 상당한 비중을 차지하고 있습니다."", ""거래량 변화율이 1.86%로 크지 않아 단기적인 급등락보다는 완만한 상승세를 기대해 볼 수 있으며, 전반적인 시장 상황 및 게임 산업의 성장성을 고려할 때 긍정적인 투자 심리가 유지될 가능성이 있습니다.""]"
259960,크래프톤,2024-08-01,287500,Neutral,55,"[""현재가 52주 최고가에 근접해 있어 추가 상승 여력이 제한적일 수 있습니다."", ""최근 1개월 수익률은 긍정적이나, 거래량 변화율이 크게 감소하여 투자 심리가 위축되었을 가능성이 있습니다."", ""재무 지표는 안정적인 수준이나, 20거래일이라는 단기적인 관점에서 시장 대비 초과 상승 또는 하락을 명확히 판단하기에는 정보가 다소 부족합니다.""]"
259960,크래프톤,2024-09-02,317000,Buy,75,"[""최근 1개월 수익률이 11.57%로 양호하며, 52주 최고가 대비 현재 위치가 높아 추가 상승 여력이 존재합니다."", ""거래량 변화율이 133.94%로 크게 증가하여 투자자들의 관심이 집중되고 있음을 시사합니다."", ""PER, PBR, ROE 등 재무 지표는 시장 평균 대비 다소 높지만, 성장성을 고려할 때 현재 주가 수준이 과도하다고 보기는 어렵습니다.""]"
259960,크래프톤,2024-10-02,335500,Neutral,55,"[""현재가 52주 최고가에 근접해 있어 추가 상승 여력이 제한적일 수 있습니다."", ""최근 1개월 수익률은 소폭 상승했으나 거래량 변화율이 크게 감소하여 투자 심리가 위축되었을 가능성이 있습니다."", ""재무 지표는 양호한 편이나, 단기적인 시장 변동성과 게임 산업의 경쟁 심화 가능성을 고려할 때 20거래일 내 명확한 방향성을 판단하기 어렵습니다.""]"
259960,크래프톤,2024-11-01,337500,Neutral,55,"[""현재가 52주 최고가에 근접해 있어 추가 상승 여력이 제한적일 수 있습니다."", ""최근 1개월 수익률이 마이너스이고 거래량 변화율도 감소 추세여서 단기적인 투자 심리가 위축된 것으로 보입니다."", ""재무 지표상 PER, PBR, ROE는 시장 평균 대비 양호한 편이나, 기술적 지표에서 상승 모멘텀이 약화된 점을 고려할 때 명확한 매수 또는 매도 신호를 판단하기 어렵습니다.""]"
259960,크래프톤,2024-12-02,328500,Neutral,55,"[""현재가 52주 최고가 대비 높은 수준에 위치하여 추가 상승 여력이 제한적일 수 있습니다."", ""최근 1개월 수익률이 소폭 하락세를 보이고 있으나, 거래량 변화율이 긍정적인 신호를 보내고 있어 단기적인 변동성을 시사합니다."", ""PER, PBR, ROE 등 재무 지표는 시장 평균 대비 양호한 수준이나, 게임 산업의 특성상 신작 출시 및 흥행 여부에 따라 주가 변동성이 클 수 있어 명확한 방향성 판단이 어렵습니다.""]"
259960,크래프톤,2025-01-02,335000,Neutral,60,"[""크래프톤의 현재가는 52주 최고가 대비 약 4.8% 하락한 수준으로, 단기적인 상승 여력이 제한적일 수 있습니다."", ""최근 1개월 수익률은 소폭 상승했으나, 거래량 변화율이 감소한 점은 투자 심리가 위축되었음을 시사합니다."", ""PER, PBR, ROE 등 재무 지표는 시장 평균 대비 양호한 수준이나, 20거래일이라는 단기적인 투자 방향을 결정하기에는 추가적인 모멘텀이나 시장 환경 변화에 대한 정보가 부족합니다.""]"
259960,크래프톤,2025-02-03,362500,Buy,75,"[""크래프톤은 52주 최고가에 근접한 강한 상승 추세를 보이고 있으며, 최근 1개월 수익률 또한 긍정적입니다."", ""거래량 변화율이 긍정적인 점은 투자자들의 관심이 증가하고 있음을 시사합니다."", ""다만, PER 28.1배는 다소 높은 수준으로 밸류에이션 부담이 존재할 수 있습니다.""]"
259960,크래프톤,2025-03-04,344000,Neutral,60,"[""최근 1개월 수익률이 마이너스(-)를 기록하며 단기적인 하락 압력이 존재합니다."", ""거래량 변화율이 높다는 점은 시장의 관심이 증가하고 있음을 시사하지만, 상승 또는 하락 방향을 명확히 제시하지는 않습니다."", ""현재 주가가 52주 최고가 대비 약 28.8% 하락한 위치에 있어 추가적인 상승 여력과 하락 위험이 공존하는 상황입니다.""]"
259960,크래프톤,2025-04-01,347000,Neutral,60,"[""크래프톤의 재무 지표는 양호한 편이나, 최근 1개월 수익률 하락과 거래량 감소는 단기적인 투자 심리 위축을 시사합니다."", ""52주 최고가 대비 현재 위치는 상대적으로 높은 편이지만, 20거래일이라는 단기적인 관점에서 시장 대비 초과 상승을 확신하기에는 불확실성이 존재합니다."", ""PER, PBR, ROE 등의 재무 지표는 긍정적이나, 최근 기술적 지표의 약세와 시장 전반의 불확실성을 고려할 때 명확한 매수 또는 매도 신호를 내리기 어렵습니다.""]"
259960,크래프톤,2025-05-02,385500,Neutral,55,"[""크래프톤은 52주 최고가에 근접한 수준으로 단기 급등에 대한 부담감이 존재합니다."", ""최근 1개월 수익률은 양호하나 거래량 변화율이 음수임을 감안할 때 추가 상승 동력이 약할 수 있습니다."", ""재무 지표는 양호한 편이나, 기술적 지표상 단기 차익 실현 매물이 출회될 가능성을 배제할 수 없어 보합세를 예상합니다.""]"
259960,크래프톤,2025-06-02,367500,Neutral,55,"[""크래프톤은 52주 최고가 대비 현재 위치가 높아 추가 상승 여력이 제한적일 수 있습니다."", ""최근 1개월 수익률이 소폭 하락하고 거래량 변화율이 감소한 점은 단기적인 투자 심리 위축을 시사합니다."", ""하지만 PER, PBR, ROE 등 재무 지표는 양호한 편으로, 장기적인 관점에서는 긍정적인 요인으로 작용할 수 있습니다.""]"
259960,크래프톤,2025-07-01,358500,Neutral,55,"[""크래프톤은 현재 52주 최고가 대비 약 7% 하락한 위치에 있으며, 최근 1개월 수익률이 마이너스를 기록하며 단기적인 하락 압력을 받고 있습니다."", ""하지만 PER 12.7배, PBR 2.51배, ROE 19.8% 등 재무 지표는 여전히 양호한 수준을 유지하고 있어 기업 가치 대비 저평가 가능성도 존재합니다."", ""최근 거래량 변화율이 36.42%로 높게 나타난 점은 투자자들의 관심이 증가하고 있음을 시사하지만, 이것이 상승 추세로 이어질지는 불확실합니다.""]"
259960,크래프톤,2025-08-01,314500,Neutral,55,"[""최근 1개월 수익률이 -13.68%로 하락세를 보이고 있으며, 거래량 변화율 또한 -28.62%로 감소하여 투자 심리가 위축된 것으로 판단됩니다."", ""현재가는 52주 최고가 대비 약 18.8% 하락한 수준으로, 기술적으로는 반등 가능성이 있으나 하락 추세가 강하게 나타나고 있습니다."", ""재무 지표상 PER, PBR, ROE 등은 양호한 편이나, 최근 시장 상황 및 기술적 지표의 하락세를 상쇄할 만큼의 강력한 매수 신호는 부족합니다.""]"
259960,크래프톤,2025-09-01,330000,Neutral,55,"[""크래프톤의 현재가(330,000원)는 52주 최고가(386,000원) 대비 약 14.5% 하락한 수준으로, 기술적으로는 반등 가능성을 시사합니다."", ""최근 1개월 수익률이 0.76%로 소폭 상승했으나, 거래량 변화율이 -4.97%로 감소한 점은 투자 심리가 위축되었음을 나타냅니다."", ""PER 11.6, PBR 2.30, ROE 19.9% 등 재무 지표는 양호한 편이나, 향후 20거래일 동안 KOSPI 시장 전체의 방향성이나 크래프톤 자체의 추가적인 모멘텀을 판단하기에는 정보가 제한적입니다.""]"
259960,크래프톤,2025-10-01,299000,Neutral,55,"[""최근 1개월 수익률이 마이너스를 기록하며 단기적인 하락세를 보이고 있으나, 52주 최저가 대비 현재 위치가 9.3% 상승한 점은 긍정적인 신호로 해석될 수 있습니다."", ""PER 10.4, PBR 2.07, ROE 19.8% 등 재무 지표는 시장 평균 대비 양호한 수준으로 판단되나, 이는 장기적인 관점에서 긍정적인 요인이며 단기 20거래일 방향성을 명확히 제시하기에는 부족합니다."", ""거래량 변화율이 마이너스를 기록하며 투자 심리가 위축된 모습을 보이고 있어, 향후 20거래일 내 KOSPI 시장 수익률 대비 초과 상승 또는 하락을 단정하기 어려운 상황입니다.""]"
259960,크래프톤,2025-11-03,279000,Neutral,60,"[""크래프톤의 현재 PER과 PBR은 시장 평균 대비 저평가 가능성을 시사하지만, 최근 1개월 수익률 하락은 투자 심리 위축을 나타냅니다."", ""52주 최고가 대비 현재 위치는 상대적으로 낮지만, 52주 최저가 대비로는 상승 여력이 남아있어 방향성 판단이 어렵습니다."", ""거래량 변화율이 긍정적인 신호를 보이지만, 재무 및 기술 지표 전반에 걸쳐 뚜렷한 상승 또는 하락 추세를 강하게 지지하는 요소가 부족하여 중립적인 판단이 합리적입니다.""]"
259960,크래프톤,2025-12-01,253000,Neutral,55,"[""현재가가 52주 최저가와 거의 동일한 수준으로, 기술적으로는 반등 가능성이 있으나 최근 1개월 수익률이 마이너스이고 거래량 변화율도 감소하여 하락 압력도 존재합니다."", ""PER 8.8배는 시장 평균 대비 저평가 가능성을 시사하지만, PBR 1.75배는 자산 가치 대비 프리미엄이 붙어 있어 추가 상승 여력이 제한적일 수 있습니다."", ""ROE 19.9%는 양호한 수준이나, 최근 시장 전반의 투자 심리 위축과 게임 산업의 경쟁 심화 가능성을 고려할 때 20거래일 내 KOSPI 대비 초과 상승을 단정하기 어렵습니다.""]"
247540,에코프로비엠,2023-01-02,93200,Neutral,55,"[""최근 1개월 수익률이 -18.85%로 하락세를 보이고 있으며, 거래량 변화율 또한 -34.26%로 감소하여 단기적인 투자 심리가 위축된 것으로 판단됩니다."", ""현재가 93,200원은 52주 최저가 78,819원 대비로는 상승했으나, 52주 최고가 135,900원 대비로는 상당한 하락폭을 기록하며 52주 내 위치가 25.5%로 낮은 편입니다."", ""PER 20.0, PBR 15.33은 다소 높은 수준으로 밸류에이션 부담이 존재하나, ROE 76.6%는 매우 높은 수준으로 기업의 수익성은 우수하여 향후 반등 가능성도 배제할 수 없습니다.""]"
247540,에코프로비엠,2023-02-01,114000,Buy,75,"[""최근 1개월 수익률이 18.57%로 강한 상승세를 보이고 있으며, 이는 투자자들의 긍정적인 심리를 반영합니다."", ""ROE가 76.6%로 매우 높아 기업의 수익 창출 능력이 탁월함을 시사합니다."", ""현재가가 52주 최고가 대비 약 16% 하락한 수준으로, 추가 상승 여력이 존재할 가능성이 있습니다.""]"
247540,에코프로비엠,2023-03-02,182100,Buy,75,"[""에코프로비엠은 52주 최고가 대비 높은 위치에 있으며, 최근 1개월 수익률이 60%를 상회하는 등 강한 상승 모멘텀을 보여주고 있습니다."", ""거래량 변화율이 340% 이상으로 급증한 것은 투자자들의 관심이 집중되고 있음을 시사하며, 이는 향후 주가 상승에 긍정적인 요인으로 작용할 수 있습니다."", ""ROE가 76.6%로 매우 높아 기업의 수익성이 우수하며, 이는 주가 상승의 근본적인 동력이 될 수 있습니다. 다만, PER과 PBR이 다소 높은 수준이므로 단기적인 변동성에 유의할 필요는 있습니다.""]"
247540,에코프로비엠,2023-04-03,224500,Neutral,60,"[""현재가 52주 최고가에 근접하여 추가 상승 여력이 제한적일 수 있습니다."", ""최근 1개월 수익률이 높지만, 높은 PER과 PBR은 밸류에이션 부담을 시사합니다."", ""거래량 변화율이 크지 않아 뚜렷한 매수/매도 추세를 파악하기 어렵습니다.""]"
247540,에코프로비엠,2023-05-02,249500,Buy,75,"[""최근 1개월 수익률이 18.93%로 강한 상승세를 보이고 있으며, 52주 최고가 대비 현재 위치가 86.0%로 상승 여력이 남아있습니다."", ""ROE 18.9%는 양호한 수익성을 나타내며, 이는 주가 상승의 긍정적인 요인으로 작용할 수 있습니다."", ""거래량 변화율이 음수(-14.47%)인 점은 단기적인 매도 압력이 약화될 가능성을 시사하며, 이는 향후 상승에 유리하게 작용할 수 있습니다.""]"
247540,에코프로비엠,2023-06-01,255000,Neutral,60,"[""현재가 52주 최고가 대비 하락한 위치에 있으나, 여전히 높은 밸류에이션 지표(PER, PBR)는 부담 요인입니다."", ""최근 1개월 수익률이 마이너스이고 거래량 변화율이 크게 감소한 점은 단기적인 투자 심리 위축을 시사합니다."", ""하지만 에코프로비엠은 2차전지 소재 산업의 선두주자로서 장기적인 성장 잠재력은 여전히 유효하며, KOSDAQ 시장 전반의 흐름과 개별 이슈에 따라 변동성이 클 수 있습니다.""]"
247540,에코프로비엠,2023-07-03,274500,Neutral,65,"[""현재가 52주 최고가 대비 하락폭이 크지 않고, 52주 내 현재 위치가 높아 추가 상승 여력이 제한적일 수 있습니다."", ""최근 1개월 수익률은 긍정적이나, 거래량 변화율이 마이너스인 점은 투자 심리 위축 가능성을 시사합니다."", ""PER, PBR 지표가 높아 밸류에이션 부담이 존재하며, ROE는 양호하나 시장 평균 대비 높은 수준인지 추가적인 비교 분석이 필요합니다.""]"
247540,에코프로비엠,2023-08-01,380500,Buy,75,"[""최근 1개월 동안 55.03%의 높은 수익률을 기록하며 강한 상승 모멘텀을 보여주고 있습니다."", ""52주 최고가 대비 현재 위치가 85.7%로, 여전히 상승 여력이 남아있을 가능성이 있습니다."", ""거래량 변화율이 199.70%로 급증하며 투자자들의 관심이 집중되고 있음을 시사합니다.""]"
247540,에코프로비엠,2023-09-01,307500,Neutral,60,"[""최근 1개월 수익률이 -18.92%로 하락세를 보이고 있으며, 거래량 변화율 또한 -69.43%로 감소하여 단기적인 투자 심리가 위축된 것으로 판단됩니다."", ""현재가 307,500원은 52주 최고가 462,000원 대비 약 33.5% 하락한 수준으로, 52주 내 현재 위치 59.0%는 중간보다 높은 위치에 있어 추가 하락 가능성과 반등 가능성이 공존합니다."", ""PER 107.1, PBR 20.28은 여전히 높은 수준으로 밸류에이션 부담이 존재하나, ROE 18.9%는 양호한 수익성을 보여주고 있어 투자 판단에 있어 상반된 요인이 작용하고 있습니다.""]"
247540,에코프로비엠,2023-10-04,233500,Neutral,55,"[""최근 1개월 수익률이 -27.58%로 크게 하락하며 단기적인 하방 압력이 존재합니다."", ""52주 최고가 대비 현재 위치가 39.3%로, 여전히 높은 밸류에이션 부담이 남아있습니다."", ""하지만 ROE가 18.9%로 양호하고, 시가총액이 23.0조원으로 코스닥 시장 내에서 차지하는 비중이 커서 시장 전반의 흐름에 영향을 받을 가능성이 있습니다.""]"
247540,에코프로비엠,2023-11-01,217000,Neutral,60,"[""최근 1개월 수익률이 -25.89%로 큰 폭 하락했으나, 52주 최고가 대비 현재 위치는 26.1%로 여전히 높은 수준에 있어 추가 하락 가능성과 반등 가능성이 공존합니다."", ""PER 65.5, PBR 12.40은 다소 높은 밸류에이션 수준으로, 단기적인 추가 상승을 제한할 수 있는 요인입니다."", ""거래량 변화율이 16.30%로 긍정적인 신호를 보이지만, 재무 지표와 기술 지표 전반에 걸쳐 명확한 방향성을 제시하기에는 정보가 불충분합니다.""]"
247540,에코프로비엠,2023-12-01,323000,Buy,75,"[""최근 1개월간 29.03%의 높은 수익률과 41.77%의 거래량 변화율은 투자자들의 관심이 집중되고 있음을 시사합니다."", ""현재 주가는 52주 최고가 대비 절반 수준에 위치해 있어 추가 상승 여력이 존재합니다."", ""ROE 18.9%는 양호한 수익성을 보여주며, 이는 기업의 성장 가능성을 뒷받침합니다.""]"
247540,에코프로비엠,2024-01-02,271500,Neutral,60,"[""에코프로비엠은 2차전지 소재 섹터의 대표주자로서 성장 잠재력은 높으나, 현재 PER과 PBR이 높아 밸류에이션 부담이 존재합니다."", ""최근 1개월 수익률이 5.19%로 양호한 흐름을 보이고 있으며, 52주 최고가 대비 현재 위치가 절반 수준으로 추가 상승 여력도 기대됩니다."", ""하지만 거시 경제 불확실성과 2차전지 섹터 전반의 변동성을 고려할 때, 향후 20거래일 내 KOSDAQ 시장 대비 명확한 초과 상승 또는 하락을 단정하기에는 정보가 다소 불충분합니다.""]"
247540,에코프로비엠,2024-02-01,229000,Neutral,55,"[""최근 1개월 수익률이 -16.02%로 하락세를 보이고 있으나, 52주 최고가 대비 현재 위치가 35.4%로 여전히 높은 수준에 있어 추가 하락 가능성과 반등 가능성이 공존합니다."", ""PER 79.1, PBR 14.99는 다소 높은 밸류에이션을 시사하며, 이는 단기적인 주가 상승에 부담으로 작용할 수 있습니다."", ""거래량 변화율이 5.09%로 소폭 증가했으나, 이것만으로는 뚜렷한 추세 전환을 판단하기 어렵습니다.""]"
247540,에코프로비엠,2024-03-04,255500,Neutral,60,"[""최근 1개월 수익률이 22.73%로 강한 상승세를 보였으나, PER 93.7, PBR 17.75 등 높은 밸류에이션 부담이 존재합니다."", ""52주 최고가 대비 현재 위치가 37.4%로 여전히 높은 수준이지만, 거래량 변화율이 -7.65%로 감소하는 추세는 단기적인 매도 압력을 시사할 수 있습니다."", ""코스닥 시장 전반의 흐름과 에코프로비엠의 개별적인 모멘텀, 그리고 밸류에이션 부담이 복합적으로 작용하여 향후 20거래일 동안 뚜렷한 방향성을 예측하기 어렵습니다.""]"
247540,에코프로비엠,2024-04-01,261500,Neutral,55,"[""현재가 52주 최고가 대비 상당한 하락폭을 보이고 있으나, PBR이 높아 밸류에이션 부담이 존재합니다."", ""최근 1개월 수익률은 소폭 상승했으나 거래량 변화율은 감소하여 투자 심리가 위축될 가능성이 있습니다."", ""적자 기업으로 PER 지표가 없어 기업의 수익성을 직접적으로 판단하기 어렵고, 향후 20거래일 동안 KOSDAQ 시장 전반의 흐름과 전기차 섹터의 변동성에 따라 주가 방향성이 달라질 수 있습니다.""]"
247540,에코프로비엠,2024-05-02,226000,Neutral,60,"[""에코프로비엠은 현재 적자 상태로 PER 지표가 없어 기업 가치 평가에 어려움이 있습니다."", ""최근 1개월 수익률이 -13.86%로 하락세를 보이고 있으며, 거래량 변화율 또한 감소하여 투자 심리가 위축된 것으로 판단됩니다."", ""하지만 52주 최저가 대비 현재 위치가 16.2%로, 주가 반등 가능성도 배제할 수 없어 명확한 방향성을 제시하기 어렵습니다.""]"
247540,에코프로비엠,2024-06-03,191200,Neutral,55,"[""최근 1개월 수익률이 -21.17%로 크게 하락했으나, 52주 최저가 대비 현재 위치가 0.8%로 매우 근접하여 추가 하락 여력이 제한적일 수 있습니다."", ""PER이 해당없음(적자)이고 PBR이 11.50으로 높아 밸류에이션 부담이 존재하나, 시가총액이 18.4조원으로 코스닥 시장 내에서 차지하는 비중이 커 시장 전반의 흐름에 영향을 받을 수 있습니다."", ""거래량 변화율이 음수이고 최근 수익률이 좋지 않아 투자 심리가 위축되었으나, 52주 최고가 대비 큰 폭으로 하락한 상태이므로 반등 가능성도 배제할 수 없어 명확한 방향성을 판단하기 어렵습니다.""]"
247540,에코프로비엠,2024-07-01,182500,Neutral,55,"[""현재가 52주 최저가 대비 소폭 상승했으나, 52주 최고가 대비 큰 폭 하락한 상태로 추세 전환 신호가 명확하지 않습니다."", ""최근 1개월 수익률이 소폭 상승했으나, 거래량 변화율이 높다는 점은 변동성 확대 가능성을 시사합니다."", ""PER이 해당없음(적자)이고 PBR이 높은 수준으로, 현재 주가 수준에 대한 펀더멘털 기반의 명확한 판단이 어렵습니다.""]"
247540,에코프로비엠,2024-08-01,185900,Neutral,55,"[""현재가 52주 최저가 대비 소폭 상승했으나, 52주 최고가 대비 큰 폭 하락한 상태로 방향성 판단이 어렵습니다."", ""최근 1개월 수익률과 거래량 변화율이 모두 마이너스를 기록하며 단기적인 하락 압력이 존재합니다."", ""PER이 해당없음(적자)이고 PBR이 높은 수준으로, 재무적인 측면에서 긍정적인 신호를 찾기 어렵습니다.""]"
247540,에코프로비엠,2024-09-02,174500,Neutral,60,"[""현재가 52주 최저가 대비 소폭 상승했으나, 52주 최고가 대비로는 큰 폭 하락한 상태로 방향성 판단이 어렵습니다."", ""최근 1개월 수익률이 소폭 하락했으나, 거래량 변화율은 긍정적인 신호를 보이고 있어 상반된 지표가 혼재합니다."", ""PER이 해당없음(적자)이고 PBR이 높은 수준으로, 현재 주가 수준에 대한 밸류에이션 부담이 존재하여 추가 상승 여력이 제한적일 수 있습니다.""]"
247540,에코프로비엠,2024-10-02,183400,Buy,75,"[""최근 1개월 수익률이 15.14%로 양호한 흐름을 보이고 있으며, 이는 시장 대비 초과 상승 가능성을 시사합니다."", ""현재가가 52주 최저가 대비 높은 수준에 위치해 있어 추가적인 하락보다는 반등 가능성에 무게가 실립니다."", ""거래량 변화율이 소폭 상승한 점은 투자 심리가 긍정적으로 작용하고 있음을 나타냅니다.""]"
247540,에코프로비엠,2024-11-01,182000,Neutral,55,"[""현재가 52주 최저가 대비 높은 수준이나 최고가 대비로는 상당한 하락폭을 보여 투자 심리가 혼재될 수 있습니다."", ""최근 1개월 수익률 및 거래량 변화율이 부정적인 흐름을 나타내고 있어 단기적인 하락 압력이 존재합니다."", ""PER이 적자 상태로 재무 건전성에 대한 우려가 있으며, PBR이 높아 밸류에이션 부담이 있습니다.""]"
247540,에코프로비엠,2024-12-02,138000,Neutral,55,"[""현재가 52주 최저가 대비 높은 수준이나, 최근 1개월 수익률이 크게 하락하여 추가 하락 가능성과 반등 가능성이 공존합니다."", ""거래량 변화율이 긍정적인 신호를 보이지만, PER이 없어 기업 가치 평가에 어려움이 있습니다."", ""기술적 지표상 52주 최고가 대비 많이 하락한 상태이지만, 시장 전반의 변동성과 업종 내 경쟁 심화 가능성 등 불확실성이 존재하여 명확한 방향성을 판단하기 어렵습니다.""]"
247540,에코프로비엠,2025-01-02,113000,Neutral,55,"[""현재가 52주 최저가에 근접하며 기술적 반등 가능성이 있으나, 최근 1개월 수익률 급락과 거래량 감소는 하락 추세 지속 가능성을 시사합니다."", ""PER이 없어 적자 기업임을 감안할 때, 현재 PBR 6.45는 높은 수준으로 밸류에이션 부담이 존재합니다."", ""향후 20거래일 동안 KOSDAQ 시장 전반의 방향성 및 에코프로비엠의 실적 개선 여부에 대한 불확실성이 높아 명확한 투자 방향 제시가 어렵습니다.""]"
247540,에코프로비엠,2025-02-03,120300,Neutral,55,"[""현재가 52주 최저가 대비 높은 수준이나 최고가 대비로는 상당한 하락폭을 보이며 기술적 반등 가능성과 추가 하락 가능성이 공존합니다."", ""최근 1개월 수익률이 긍정적이고 거래량 변화율이 높아 투자자들의 관심이 증가하고 있으나, PER이 없어 기업의 수익성 대비 밸류에이션 판단이 어렵습니다."", ""코스닥 시장 전반의 흐름과 에코프로비엠의 개별적인 모멘텀에 대한 추가적인 정보 없이는 향후 20거래일 동안의 명확한 방향성을 판단하기 어렵습니다.""]"
247540,에코프로비엠,2025-03-04,112700,Neutral,55,"[""에코프로비엠은 현재 52주 최저가에 근접한 수준으로, 단기 반등 가능성을 시사합니다."", ""최근 1개월 수익률이 마이너스(-)로 부진했으나, 거래량 변화율이 긍정적인 점은 투자 심리 개선 가능성을 보여줍니다."", ""PER이 해당없음(적자)이고 ROE가 N/A%로 재무 건전성에 대한 불확실성이 존재하며, 52주 최고가 대비 큰 폭의 하락세를 감안할 때 명확한 상승 또는 하락 방향을 판단하기 어렵습니다.""]"
247540,에코프로비엠,2025-04-01,91300,Sell,75,"[""최근 1개월 수익률이 -19.58%로 큰 폭의 하락세를 보이고 있으며, 이는 단기적인 하락 추세가 지속될 가능성을 시사합니다."", ""거래량 변화율 또한 -35.48%로 감소하여 투자 심리가 위축되었음을 나타냅니다."", ""현재가가 52주 최저가에 근접해 있지만, PER이 없어 적자 기업이라는 점과 PBR이 4.74로 높은 편이라는 점은 추가적인 하락 압력으로 작용할 수 있습니다.""]"
247540,에코프로비엠,2025-05-02,100600,Neutral,60,"[""현재가 52주 최저가 대비 높은 수준이나, 52주 최고가 대비로는 상당한 하락폭을 기록하며 반등 가능성을 시사합니다."", ""최근 1개월 수익률이 14.46%로 양호한 흐름을 보이고 있으나, 거래량 변화율이 -30.75%로 감소하며 상승 동력 약화를 우려하게 합니다."", ""PER이 적자 상태로 재무적 밸류에이션 판단이 어렵고, PBR이 5.17로 높은 편이라 추가 상승에 대한 부담이 존재합니다.""]"
247540,에코프로비엠,2025-06-02,91700,Neutral,60,"[""현재가 52주 최저가 대비 높은 수준이나, 52주 최고가 대비로는 상당한 하락폭을 기록하여 기술적 반등 가능성과 추가 하락 가능성이 혼재합니다."", ""최근 1개월 수익률이 -13.09%로 부진한 흐름을 보이고 있으나, 거래량 변화율이 크지 않아 추세 전환 신호로 보기 어렵습니다."", ""PER이 해당없음(적자)이고 ROE가 N/A%로 재무 건전성에 대한 긍정적인 지표가 부재하며, PBR이 4.40으로 높은 편이라 밸류에이션 부담이 존재합니다.""]"
247540,에코프로비엠,2025-07-01,103200,Buy,75,"[""최근 1개월 수익률이 13.33%로 양호하며, 거래량 변화율도 27.41%로 증가 추세를 보이고 있어 투자 심리가 개선되고 있음을 시사합니다."", ""현재 주가는 52주 최고가 대비 약 17.7% 낮은 수준으로, 추가 상승 여력이 존재할 가능성이 있습니다."", ""적자 기업임에도 불구하고 PBR이 5.05로 높은 것은 시장에서 성장성에 대한 기대감이 반영된 것으로 해석될 수 있으며, 이는 향후 실적 개선 시 주가 상승 동력이 될 수 있습니다.""]"
247540,에코프로비엠,2025-08-01,108000,Neutral,55,"[""현재가 52주 최고가 대비 상당한 하락폭을 보이고 있으나, PBR이 5.31로 높은 편이며 PER이 없어 적자 상태임을 감안하면 밸류에이션 부담이 존재합니다."", ""최근 1개월 수익률이 소폭 상승했으나 거래량 변화율이 마이너스인 점은 투자 심리가 강하게 살아나지 못했음을 시사합니다."", ""전반적으로 상승과 하락 요인이 혼재되어 있어 20거래일 내 KOSDAQ 시장 대비 명확한 초과 상승 또는 하락을 예측하기 어렵습니다.""]"
247540,에코프로비엠,2025-09-01,119700,Neutral,60,"[""에코프로비엠은 현재 적자 상태로 PER 지표가 없어 기업 가치 평가에 어려움이 있습니다."", ""최근 1개월 수익률이 7.92%로 양호하고 거래량 변화율도 38.12%로 높아 투자자들의 관심이 증가하고 있음을 시사합니다."", ""52주 최고가 대비 현재 위치가 34.6%로 상승 여력이 남아있지만, 52주 최저가 대비로는 상당한 상승을 기록하여 추가 상승에 대한 부담도 존재합니다.""]"
247540,에코프로비엠,2025-10-01,116300,Neutral,55,"[""현재가 52주 최고가 대비 상당한 하락폭을 보이고 있으나, 최근 1개월 수익률 및 거래량 변화율은 하락세를 시사합니다."", ""PER이 해당없음(적자)으로 재무적 안정성에 대한 우려가 존재합니다."", ""기술적 지표상으로는 반등 가능성도 있으나, 재무 지표의 불확실성으로 인해 명확한 방향성을 판단하기 어렵습니다.""]"
247540,에코프로비엠,2025-11-03,161800,Buy,75,"[""최근 1개월 수익률이 43.27%로 매우 높은 상승세를 보이고 있으며, 이는 시장의 긍정적인 관심과 매수세를 반영합니다."", ""거래량 변화율이 280.12%로 급증한 것은 투자자들의 관심이 집중되고 있으며, 추가적인 상승 동력이 될 수 있습니다."", ""현재가가 52주 최고가 대비 약 17% 하락한 수준이지만, 52주 최저가 대비로는 83.0% 높은 위치에 있어 여전히 강한 상승 추세를 유지하고 있습니다.""]"
247540,에코프로비엠,2025-12-01,159200,Neutral,60,"[""현재가 52주 최고가 대비 높은 수준에 위치하며, 최근 1개월 수익률이 소폭 하락하고 거래량 변화율이 크게 감소한 점은 단기 상승 모멘텀 약화를 시사합니다."", ""하지만 PBR이 7.86으로 높은 편이나, 52주 최저가 대비 현재 위치가 83.6%로 여전히 상승 여력이 남아있다는 해석도 가능합니다."", ""PER이 없어 적자 기업이라는 점은 투자에 부담으로 작용할 수 있으나, 미래 성장성에 대한 기대감이 주가에 반영될 가능성도 배제할 수 없습니다.""]"
196170,알테오젠,2023-01-02,36300,Neutral,55,"[""알테오젠은 현재 적자 상태로 PER 지표가 없어 가치 평가에 어려움이 있습니다."", ""PBR이 15.83으로 높은 편이며, 52주 최고가 대비 현재 위치가 31.1%로 하락폭이 큰 편입니다."", ""최근 1개월 수익률은 소폭 상승했으나 거래량 변화율은 감소하여 투자 심리가 뚜렷하게 나타나지 않고 있습니다.""]"
196170,알테오젠,2023-02-01,41400,Neutral,55,"[""알테오젠은 현재 적자 상태로 PER 지표가 없어 기업 가치 평가에 한계가 있습니다."", ""PBR이 15.21로 다소 높은 편이며, 52주 최고가 대비 현재 위치가 26.6%로 하락 추세에 있습니다."", ""최근 1개월 수익률이 소폭 하락했고 거래량 변화율도 감소하여 단기적인 투자 심리가 위축된 것으로 보입니다.""]"
196170,알테오젠,2023-03-02,36900,Neutral,55,"[""알테오젠은 현재 적자 상태로 PER 지표가 없어 기업 가치 평가에 한계가 있습니다."", ""최근 1개월 수익률이 소폭 하락했으나, 52주 내 현재 위치는 상대적으로 낮은 편이며 거래량 변화율은 긍정적인 신호일 수 있습니다."", ""기술적 지표와 재무 지표만으로는 향후 20거래일 동안 KOSDAQ 시장 대비 초과 상승 또는 하락을 명확히 판단하기 어렵습니다.""]"
196170,알테오젠,2023-04-03,46000,Buy,75,"[""최근 1개월 수익률이 6.10%로 양호하며, 거래량 변화율이 47.28%로 증가하는 추세는 긍정적인 신호입니다."", ""52주 최고가 대비 현재 위치가 29.8%로, 아직 상승 여력이 남아있다고 판단됩니다."", ""적자 기업임에도 불구하고 높은 PBR(14.42)은 시장의 높은 기대감을 반영하며, 이는 향후 기술 개발 및 사업 성과에 대한 긍정적인 전망을 시사합니다.""]"
196170,알테오젠,2023-05-02,42100,Buy,75,"[""최근 1개월 수익률이 9.84%로 양호하며, 거래량 변화율이 100.13%로 크게 증가하여 투자 심리가 개선되고 있음을 시사합니다."", ""현재가가 52주 최고가 대비 약 33.7% 하락한 수준으로, 기술적 반등 가능성이 존재합니다."", ""PBR이 16.04로 다소 높은 편이나, 바이오 섹터의 특성상 성장성을 반영하는 경우가 많으며, 알테오젠의 파이프라인 가치를 고려할 때 추가 상승 여력이 있다고 판단됩니다.""]"
196170,알테오젠,2023-06-01,51800,Buy,75,"[""최근 1개월 수익률이 21.38%로 강한 상승세를 보이고 있어 단기 모멘텀이 유지될 가능성이 높습니다."", ""현재가가 52주 최고가 대비 약 18.6% 하락한 수준으로, 추가 상승 여력이 존재한다고 판단됩니다."", ""거래량 변화율이 음수이나, 이는 최근 단기 급등에 따른 차익 실현 물량 소화 과정으로 해석될 수 있으며, 전반적인 상승 추세는 꺾이지 않았을 가능성이 있습니다.""]"
196170,알테오젠,2023-07-03,41850,Neutral,55,"[""알테오젠은 현재 적자 상태로 PER 지표가 없어 기업 가치 평가에 어려움이 있습니다."", ""최근 1개월 수익률이 -18.47%로 하락세를 보이고 있으며, 거래량 변화율도 감소하여 투자 심리가 위축된 것으로 판단됩니다."", ""하지만 52주 최고가 대비 현재 주가가 40.9% 수준으로, 향후 반등 가능성도 배제할 수 없어 명확한 매수 또는 매도 신호를 판단하기 어렵습니다.""]"
196170,알테오젠,2023-08-01,42150,Neutral,55,"[""알테오젠은 현재 적자 상태로 PER 지표가 없어 기업 가치 평가에 한계가 있습니다."", ""PBR이 16.22로 높은 편이며, 52주 최고가 대비 현재 위치가 43.7%로 상승 여력과 하락 위험이 공존합니다."", ""최근 1개월 수익률이 소폭 상승하고 거래량 변화율도 긍정적이지만, 향후 20거래일 동안 KOSDAQ 시장 수익률 대비 초과 상승 또는 하락을 명확히 판단할 만큼 강력한 매수 또는 매도 근거가 부족합니다.""]"
196170,알테오젠,2023-09-01,43050,Buy,75,"[""알테오젠은 현재 52주 최고가 대비 약 19% 하락한 수준으로, 기술적으로는 반등 가능성이 열려 있습니다."", ""최근 1개월 수익률이 3.80%로 시장 대비 양호한 흐름을 보이고 있어 투자 심리가 긍정적일 수 있습니다."", ""거래량 변화율이 음수이나, 이는 단기적인 차익 실현 물량 소화 과정일 수 있으며, 향후 추가적인 상승 모멘텀을 기대해 볼 수 있습니다.""]"
196170,알테오젠,2023-10-04,64600,Buy,75,"[""최근 1개월간 42.73%의 높은 수익률과 607.66%의 거래량 변화율은 투자자들의 높은 관심과 매수세를 시사합니다."", ""52주 최고가 대비 현재 위치가 70% 수준으로, 아직 상승 여력이 남아있을 가능성이 있습니다."", ""적자 기업임에도 불구하고 높은 PBR은 미래 성장성에 대한 시장의 기대감을 반영하며, 이는 단기적인 주가 상승 동력으로 작용할 수 있습니다.""]"
196170,알테오젠,2023-11-01,68200,Neutral,55,"[""알테오젠은 현재 적자 상태로 PER 지표가 없어 기업 가치 평가에 어려움이 있습니다."", ""최근 1개월 수익률이 소폭 하락하고 거래량 변화율이 크게 감소하여 단기적인 투자 심리가 위축된 것으로 보입니다."", ""52주 최고가 대비 현재 위치는 양호하나, 뚜렷한 상승 또는 하락을 지지할 만한 강력한 모멘텀 지표가 부족합니다.""]"
196170,알테오젠,2023-12-01,78500,Buy,75,"[""알테오젠은 52주 최고가에 근접한 수준에서 거래되고 있으며, 최근 1개월 수익률이 21.11%로 강한 상승세를 보이고 있습니다."", ""적자 기업임에도 불구하고 높은 PBR(30.42)과 시가총액(4.4조원)은 시장에서 높은 성장 기대감을 반영하고 있음을 시사합니다."", ""거래량 변화율이 소폭 하락했으나, 이는 단기적인 조정일 수 있으며 전반적인 상승 추세는 유지될 가능성이 있습니다.""]"
196170,알테오젠,2024-01-02,90500,Buy,75,"[""알테오젠은 52주 최고가 대비 현재 위치가 높아 상승 모멘텀이 유지되고 있음을 시사합니다."", ""최근 1개월 수익률이 16.41%로 양호하며, 이는 단기적으로 투자자들의 관심이 집중되고 있음을 나타냅니다."", ""거래량 변화율이 6.09%로 긍정적인 흐름을 보이며, 이는 매수세 유입 가능성을 높입니다.""]"
196170,알테오젠,2024-02-01,76400,Neutral,60,"[""알테오젠은 현재 적자 기업으로 PER 지표가 없어 가치 평가에 어려움이 있습니다."", ""최근 1개월 수익률이 -21.11%로 하락세를 보이고 있으며, 거래량 변화율도 감소하여 투자 심리가 위축된 것으로 보입니다."", ""하지만 52주 최고가 대비 현재 위치가 59.2%로 여전히 상승 여력이 남아있으며, 바이오 섹터의 전반적인 투자 심리 회복 가능성도 배제할 수 없습니다.""]"
196170,알테오젠,2024-03-04,192200,Buy,75,"[""알테오젠은 최근 1개월 동안 106.93%의 높은 수익률을 기록하며 강한 상승세를 보이고 있습니다."", ""52주 최고가 대비 현재 위치가 100.0%라는 점은 단기적으로 추가 상승 여력이 있음을 시사합니다."", ""거래량 변화율이 132.99%로 높다는 것은 시장의 관심이 집중되고 있으며 매수세가 강하게 유입되고 있음을 나타냅니다.""]"
196170,알테오젠,2024-04-01,170000,Buy,75,"[""알테오젠은 52주 최고가 대비 현재 위치가 높아 상승 여력이 남아있음을 시사합니다."", ""최근 1개월 수익률이 16%로 양호한 흐름을 보이고 있어 단기적인 상승 모멘텀이 유지될 가능성이 있습니다."", ""거래량 변화율이 음수이나, 이는 최근 상승에 따른 차익 실현 물량일 수 있으며, 전반적인 기술적 지표는 여전히 긍정적인 편입니다.""]"
196170,알테오젠,2024-05-02,177200,Neutral,60,"[""알테오젠은 현재 적자 상태로 PER 지표가 없어 가치 평가에 어려움이 있습니다."", ""PBR이 65.47로 매우 높아 현재 주가가 기업의 순자산 가치 대비 상당히 고평가되어 있음을 시사합니다."", ""52주 최고가 대비 현재 위치가 78.7%로 높은 편이지만, 최근 1개월 수익률이 마이너스이고 거래량 변화율도 감소하여 단기적인 상승 모멘텀이 약화된 것으로 보입니다.""]"
196170,알테오젠,2024-06-03,233500,Buy,75,"[""알테오젠은 52주 최고가 대비 현재 위치가 높아 상승 추세가 이어질 가능성이 있습니다."", ""최근 1개월 수익률이 12.49%로 양호한 흐름을 보이고 있습니다."", ""적자 기업임에도 불구하고 높은 PBR과 시가총액은 시장의 높은 기대감을 반영하며, 이는 향후 성장 가능성에 대한 긍정적인 신호로 해석될 수 있습니다.""]"
196170,알테오젠,2024-07-01,262500,Buy,75,"[""알테오젠은 52주 최고가 대비 현재 위치가 95.2%로, 최근 강한 상승세를 이어가고 있습니다."", ""최근 1개월 수익률이 54.17%로 매우 높아 단기적인 상승 모멘텀이 강하게 작용하고 있습니다."", ""거래량 변화율이 16.69%로 증가 추세를 보이며 이는 투자자들의 관심 증가와 추가 상승 가능성을 시사합니다.""]"
196170,알테오젠,2024-08-01,295000,Buy,75,"[""알테오젠은 52주 최고가 대비 현재 위치가 99.5%로, 단기적으로 상승 모멘텀이 강하게 유지되고 있습니다."", ""최근 1개월 수익률이 23.40%로 매우 높은 상승세를 보이며 투자자들의 관심을 받고 있습니다."", ""거래량 변화율이 음수(-22.13%)인 점은 다소 부담 요인이 될 수 있으나, 높은 PBR과 적자 상태에도 불구하고 시가총액이 17.1조원에 달하는 것은 시장의 높은 기대감을 반영하는 것으로 해석될 수 있습니다.""]"
196170,알테오젠,2024-09-02,325500,Buy,75,"[""알테오젠은 52주 최고가에 근접한 수준에서 거래되고 있으며, 이는 강한 상승 모멘텀을 시사합니다."", ""최근 1개월 수익률이 소폭 상승세를 보이고 있어 긍정적인 흐름을 이어갈 가능성이 있습니다."", ""거래량 변화율이 음수이나, 현재가 52주 최고가 근접이라는 강력한 기술적 지표가 상승 가능성을 높입니다.""]"
196170,알테오젠,2024-10-02,356000,Buy,75,"[""알테오젠은 52주 최고가에 근접한 높은 가격대에서 거래되고 있으며, 이는 강한 상승 모멘텀을 시사합니다."", ""최근 1개월 수익률이 5.33%로 양호한 흐름을 보이고 있어 단기적인 상승 추세가 이어질 가능성이 있습니다."", ""거래량 변화율이 음수(-34.73%)인 점은 다소 부담 요인이지만, 현재가와 52주 최고가의 격차가 크지 않아 추가 상승 여력이 남아있다고 판단됩니다.""]"
196170,알테오젠,2024-11-01,389500,Buy,75,"[""알테오젠은 52주 최고가 대비 현재 위치가 88.0%로, 상승 여력이 남아있음을 시사합니다."", ""최근 1개월 수익률이 9.02%로 양호한 흐름을 보이고 있습니다."", ""거래량 변화율이 음수이나, 이는 단기적인 조정일 수 있으며 기술적 반등 가능성을 배제할 수 없습니다.""]"
196170,알테오젠,2024-12-02,325000,Buy,75,"[""알테오젠은 현재 52주 최고가 대비 상당한 하락폭을 보이고 있으며, 이는 잠재적인 반등 가능성을 시사합니다."", ""최근 1개월 수익률은 마이너스이나, 거래량 변화율이 247.35%로 크게 증가한 것은 투자자들의 관심이 다시 집중되고 있음을 나타냅니다."", ""적자 기업임에도 불구하고 높은 PBR은 시장이 미래 성장성에 대해 높은 기대를 가지고 있음을 반영하며, 이는 기술적 반등을 이끌 수 있습니다.""]"
196170,알테오젠,2025-01-02,318500,Buy,75,"[""알테오젠은 현재 52주 최고가 대비 약 28.9% 하락한 수준으로, 기술적으로는 반등 가능성이 존재합니다."", ""최근 1개월 수익률이 7.14%로 양호한 흐름을 보이고 있으며, 이는 시장 대비 초과 상승 가능성을 시사합니다."", ""거래량 변화율이 음수이나, 이는 단기적인 차익 실현 물량 소화 과정으로 해석될 수 있으며, 향후 상승 여력을 남겨둘 수 있습니다.""]"
196170,알테오젠,2025-02-03,374000,Buy,75,"[""최근 1개월 수익률이 16.92%로 강한 상승세를 보이고 있으며, 52주 최고가 대비 현재 위치가 75.1%로 상승 여력이 남아있습니다."", ""거래량 변화율이 -51.25%로 감소했지만, 이는 단기적인 조정일 수 있으며 최근 강한 상승세를 고려할 때 매수세 유입 가능성이 있습니다."", ""적자 기업임에도 불구하고 높은 PBR과 시가총액은 시장의 높은 기대감을 반영하며, 이는 향후 성장 가능성에 대한 긍정적인 전망을 시사합니다.""]"
196170,알테오젠,2025-03-04,414000,Buy,75,"[""알테오젠은 52주 최고가 대비 현재 위치가 87.3%로, 상승 여력이 남아있음을 시사합니다."", ""최근 1개월 수익률이 7.67%로 양호한 흐름을 보이고 있으며, 거래량 변화율도 긍정적인 신호를 보내고 있습니다."", ""적자 기업임에도 불구하고 높은 PBR과 시가총액은 시장의 높은 기대감을 반영하며, 이는 향후 주가 상승의 동력이 될 수 있습니다.""]"
196170,알테오젠,2025-04-01,362500,Neutral,60,"[""알테오젠은 높은 밸류에이션 지표(PER, PBR)를 보이고 있어 단기적인 추가 상승에 대한 부담이 존재합니다."", ""최근 1개월 수익률이 마이너스를 기록하며 단기적인 투자 심리가 위축되었을 가능성이 있습니다."", ""하지만 52주 최고가 대비 현재 위치가 74% 수준이고 거래량 변화율이 높다는 점은 여전히 시장의 관심을 받고 있음을 시사하며, 향후 20거래일 내 KOSDAQ 시장 대비 초과 상승 또는 하락을 명확히 판단하기에는 정보가 다소 불충분합니다.""]"
196170,알테오젠,2025-05-02,356500,Neutral,55,"[""현재가 기준 52주 최고가 대비 하락폭이 존재하나, PBR 및 PER 지표는 고평가 논란의 여지가 있습니다."", ""최근 1개월 수익률 및 거래량 변화율은 하락세를 시사하지만, ROE는 양호한 수준을 유지하고 있습니다."", ""단기적인 기술적 지표와 장기적인 재무 지표 간의 상반된 신호로 인해 명확한 방향성 판단이 어렵습니다.""]"
196170,알테오젠,2025-06-02,381000,Neutral,55,"[""알테오젠은 높은 밸류에이션 지표(PER, PBR)를 보이고 있어 단기적인 추가 상승에 대한 부담이 존재합니다."", ""최근 1개월 수익률이 마이너스를 기록하고 거래량 변화율도 감소하는 등 단기적인 투자 심리가 위축된 모습을 보입니다."", ""하지만 52주 최고가 대비 현재 위치가 64% 수준으로 여전히 상승 여력이 남아있으며, ROE가 22.9%로 양호한 수준을 유지하고 있어 펀더멘털 측면에서의 강점도 존재합니다.""]"
196170,알테오젠,2025-07-01,392500,Buy,75,"[""최근 1개월 수익률이 11.36%로 양호하며, 거래량 변화율도 17.93%로 긍정적인 흐름을 보이고 있습니다."", ""현재 주가가 52주 최고가 대비 약 12% 하락한 61.7% 수준에 위치하여 추가 상승 여력이 존재합니다."", ""ROE가 22.9%로 양호한 수준이며, 이는 기업의 수익성이 좋음을 시사합니다.""]"
196170,알테오젠,2025-08-01,432000,Buy,75,"[""알테오젠은 52주 최고가 대비 현재 위치가 70.2%로, 여전히 상승 여력이 남아있습니다."", ""최근 1개월 수익률이 6.03%로 양호하며, 거래량 변화율도 16.81%로 긍정적인 흐름을 보이고 있습니다."", ""ROE가 22.9%로 높은 수준을 유지하고 있어 기업의 수익성이 뒷받침되고 있습니다.""]"
196170,알테오젠,2025-09-01,462500,Neutral,55,"[""현재가 52주 최고가 대비 높은 수준에 위치하여 단기 상승 여력이 제한적일 수 있습니다."", ""최근 1개월 수익률이 소폭 상승했으나 거래량 변화율이 감소하여 투자 심리가 위축되었을 가능성이 있습니다."", ""PER, PBR 지표가 높아 밸류에이션 부담이 존재하나, ROE가 높아 기업의 수익성은 양호한 편입니다.""]"
196170,알테오젠,2025-10-01,471500,Buy,75,"[""알테오젠은 52주 최고가 대비 현재 위치가 높아 추가 상승 여력이 존재합니다."", ""최근 1개월 수익률은 소폭 하락했으나, 거래량 변화율이 긍정적인 것은 매수세 유입 가능성을 시사합니다."", ""높은 PER과 PBR은 현재 고평가 논란이 있을 수 있으나, 이는 높은 성장성을 반영하는 것으로 해석될 수 있습니다.""]"
196170,알테오젠,2025-11-03,549000,Buy,75,"[""알테오젠은 52주 최고가에 근접하며 강한 상승 모멘텀을 보여주고 있습니다."", ""최근 1개월 수익률이 17.00%로 시장 대비 우수한 성과를 기록하고 있습니다."", ""PER, PBR 지표는 높지만 ROE가 22.9%로 양호하여 성장성을 반영하고 있을 가능성이 있습니다.""]"
196170,알테오젠,2025-12-01,521000,Buy,75,"[""알테오젠은 52주 최고가 대비 현재 위치가 94.0%로 높은 수준이며, 최근 1개월 수익률도 10.95%로 양호한 흐름을 보이고 있습니다."", ""거래량 변화율이 31.54%로 증가하는 추세는 투자자들의 관심이 높아지고 있음을 시사하며, 이는 추가 상승 가능성을 높입니다."", ""ROE가 22.9%로 양호한 수준이지만, PER과 PBR이 매우 높아 밸류에이션 부담은 존재하며, 이는 향후 상승폭을 제한할 수 있는 요인입니다.""]"
034020,두산에너빌리티,2023-01-02,15100,Neutral,55,"[""최근 1개월 수익률이 마이너스이고 거래량 변화율도 감소하여 단기적인 하락 압력이 존재합니다."", ""현재가가 52주 최저가 대비 높은 수준이지만, 52주 최고가 대비로는 상당한 하락폭을 기록하고 있어 상승 여력과 하락 위험이 공존합니다."", ""재무 지표는 시장 평균 대비 특별히 우수하거나 열악하다고 보기 어려워 투자 방향을 명확히 제시하기 어렵습니다.""]"
034020,두산에너빌리티,2023-02-01,16600,Buy,75,"[""최근 1개월 수익률이 7.34%로 양호한 흐름을 보이고 있으며, 거래량 변화율도 14.73%로 긍정적인 신호를 나타내고 있습니다."", ""현재가는 52주 최고가 대비 약 28.7% 하락한 수준으로, 추가 상승 여력이 존재할 가능성이 있습니다."", ""PER 15.2, PBR 1.20, ROE 7.9% 등의 재무 지표는 시장 평균 대비 과도하게 고평가되었다고 보기 어렵습니다.""]"
034020,두산에너빌리티,2023-03-02,16720,Neutral,55,"[""현재가 16,720원은 52주 최저가 대비 상승했으나 최고가 대비로는 상당한 하락폭을 보이고 있어 추세 판단이 어렵습니다."", ""최근 1개월 수익률이 소폭 하락했고 거래량 변화율도 감소하여 단기적인 매수세가 약화된 것으로 보입니다."", ""PER, PBR, ROE 등 재무지표는 시장 평균 대비 특별히 매력적이거나 부정적인 수준은 아니어서 투자 매력도를 판단하기 어렵습니다.""]"
034020,두산에너빌리티,2023-04-03,17280,Buy,75,"[""최근 1개월 수익률이 2.03%로 시장 대비 양호한 흐름을 보이고 있으며, 거래량 변화율이 93.09%로 크게 증가하여 투자 심리가 개선되고 있음을 시사합니다."", ""현재가가 52주 최고가 대비 약 55.6% 수준에 위치하여 상승 여력이 존재하며, 52주 최저가 대비로는 상당한 회복세를 보이고 있습니다."", ""PER이 적자 상태임에도 불구하고 PBR이 1.08로 자산 가치 대비 크게 고평가되지 않은 점은 긍정적인 요인으로 작용할 수 있습니다.""]"
034020,두산에너빌리티,2023-05-02,15570,Neutral,60,"[""현재가 52주 최저가 대비 높은 수준이나 최고가 대비로는 상당한 하락폭을 보이고 있어 방향성 판단이 어렵습니다."", ""최근 1개월 수익률이 마이너스이나 거래량 변화율은 긍정적인 신호를 보이고 있어 상반된 지표가 혼재합니다."", ""PER이 해당없음(적자)이고 ROE가 N/A%로 재무 건전성에 대한 명확한 판단 근거가 부족합니다.""]"
034020,두산에너빌리티,2023-06-01,16440,Neutral,55,"[""현재가 52주 최고가 대비 상당한 하락폭을 보이고 있으나, 최근 1개월 수익률 및 거래량 변화율은 하락세를 시사합니다."", ""PER이 적자 상태로 재무적 턴어라운드에 대한 불확실성이 존재합니다."", ""PBR이 1.03으로 자산 가치 대비 큰 부담은 없으나, 명확한 상승 또는 하락 추세를 지지할 만한 기술적 지표가 부족합니다.""]"
034020,두산에너빌리티,2023-07-03,17920,Buy,75,"[""최근 1개월 수익률이 11.73%로 양호하며, 거래량 변화율이 110.19%로 크게 증가하여 투자 심리가 개선되고 있음을 시사합니다."", ""현재가가 52주 최고가 대비 약 20.8% 하락한 수준으로, 추가 상승 여력이 존재할 가능성이 있습니다."", ""PBR이 1.15로 자산 가치 대비 크게 고평가되지 않은 상태이며, PER이 적자임에도 불구하고 시장에서 긍정적인 평가를 받고 있음을 알 수 있습니다.""]"
034020,두산에너빌리티,2023-08-01,17690,Neutral,55,"[""현재 PER이 적자 상태로 재무적 턴어라운드에 대한 불확실성이 존재합니다."", ""52주 최고가 대비 현재 위치가 중간 수준이며, 최근 1개월 수익률과 거래량 변화율이 하락세를 나타내고 있습니다."", ""하지만 PBR이 1.11로 자산 가치 대비 크게 고평가되지 않은 점과 52주 최저가 대비 상승 여력이 있다는 점은 긍정적 요인으로 작용할 수 있습니다.""]"
034020,두산에너빌리티,2023-09-01,17190,Neutral,55,"[""현재가 52주 최고가 대비 하락한 위치에 있으나, 52주 최저가 대비로는 중간 지점에 있어 명확한 추세 판단이 어렵습니다."", ""최근 1개월 수익률이 소폭 하락했고 거래량 변화율도 감소하여 단기적인 매수세가 약화된 것으로 보입니다."", ""PER이 적자 상태로 재무적 매력도가 낮고, PBR은 1배를 소폭 상회하여 밸류에이션 부담이 크지 않으나 뚜렷한 상승 동력도 부족합니다.""]"
034020,두산에너빌리티,2023-10-04,15530,Neutral,55,"[""현재가 15,530원은 52주 최고가 19,300원 대비 하락한 수준이지만, 최저가 12,600원 대비로는 상승한 52주 내 중간 지점에 위치하고 있습니다."", ""최근 1개월 수익률이 -11.15%로 하락세를 보이고 있으나, 거래량 변화율이 11.28%로 소폭 증가하며 투자 심리 변화 가능성을 시사합니다."", ""PER이 '해당없음(적자)'으로 재무 건전성에 대한 우려가 존재하며, ROE 정보가 없어 기업의 수익 창출 능력 판단이 어렵습니다.""]"
034020,두산에너빌리티,2023-11-01,13910,Neutral,55,"[""현재가 52주 최저가에 근접해 있어 하방 경직성이 기대되나, 최근 1개월 수익률이 크게 하락하고 거래량 변화율도 부정적인 점은 하락 압력으로 작용할 수 있습니다."", ""PER이 없어 적자 상태임을 감안할 때, 재무적 턴어라운드에 대한 명확한 신호가 부족합니다."", ""PBR이 1 미만으로 자산 가치 대비 저평가 가능성도 있으나, 기술적 지표와 재무 상태를 종합적으로 고려할 때 20거래일 내 KOSPI 대비 명확한 초과 상승 또는 하락을 예측하기 어렵습니다.""]"
034020,두산에너빌리티,2023-12-01,15610,Neutral,55,"[""현재가 52주 최고가 대비 하락한 위치에 있어 상승 여력이 존재하나, 최근 거래량 감소는 매수세 약화를 시사합니다."", ""최근 1개월 수익률은 긍정적이나, PER이 없어 적자 상태임을 감안하면 밸류에이션 매력은 제한적입니다."", ""PBR이 1 미만으로 자산 가치 대비 저평가 가능성도 있으나, 명확한 상승 또는 하락 추세를 판단하기에는 정보가 불충분합니다.""]"
034020,두산에너빌리티,2024-01-02,15600,Neutral,55,"[""현재가 15,600원은 52주 최고가 19,300원 대비 하락한 수준이지만, 최저가 13,420원 대비로는 상승한 중간 지점에 위치하여 명확한 방향성을 제시하기 어렵습니다."", ""최근 1개월 수익률 6.24%는 긍정적인 신호일 수 있으나, 거래량 변화율 0.18%는 큰 변동성을 동반하지 않아 추세 강화 여부를 판단하기 어렵습니다."", ""PER이 '해당없음(적자)'으로 재무 건전성에 대한 우려가 존재하며, PBR 1.02는 자산 가치 대비 소폭 프리미엄을 받고 있음을 시사하지만, 적자 기업임을 감안할 때 추가적인 상승 동력은 제한적일 수 있습니다.""]"
034020,두산에너빌리티,2024-02-01,16000,Neutral,55,"[""현재가 16,000원은 52주 최고가 대비 약 17% 하락한 수준으로, 추가 하락보다는 반등 가능성을 시사합니다."", ""PBR 0.98은 현재 주가가 장부가치와 유사한 수준임을 나타내며, 이는 과도한 고평가 또는 저평가 상태가 아님을 의미합니다."", ""최근 1개월 수익률이 마이너스이고 거래량 변화율도 감소했으나, 적자 기업으로 PER 지표가 없고 ROE가 산출되지 않아 명확한 투자 방향을 설정하기 어렵습니다.""]"
034020,두산에너빌리티,2024-03-04,15460,Buy,75,"[""최근 1개월 수익률이 4.92%로 양호하며, 거래량 변화율도 39.06%로 증가 추세를 보이고 있어 투자 심리가 개선되고 있음을 시사합니다."", ""현재가는 52주 최고가 대비 약 20% 하락한 수준으로, 기술적으로 반등 가능성이 존재합니다."", ""PER이 적자임에도 불구하고 PBR이 1.00으로 유지되고 있으며, 시가총액이 10.1조원으로 상당한 규모를 가지고 있어 시장에서 일정 수준의 가치를 인정받고 있습니다.""]"
034020,두산에너빌리티,2024-04-01,16780,Buy,75,"[""최근 1개월 수익률이 6.34%로 양호하며, 거래량 변화율이 154.92%로 크게 증가하여 투자 심리가 개선되고 있음을 시사합니다."", ""현재 주가가 52주 최고가 대비 약 12.7% 하락한 수준으로, 추가 상승 여력이 존재할 가능성이 있습니다."", ""PER이 198.5로 다소 높지만, PBR이 1.02로 낮아 자산 가치 대비 저평가된 측면도 고려할 수 있습니다.""]"
034020,두산에너빌리티,2024-05-02,16550,Neutral,55,"[""현재가(16,550원)는 52주 최고가(19,280원) 대비 하락한 수준이지만, 최저가(13,420원) 대비로는 상승한 52주 내 위치(52.6%)에 있어 방향성을 명확히 판단하기 어렵습니다."", ""최근 1개월 수익률(-4.46%)과 거래량 변화율(-52.33%)이 모두 하락세를 나타내고 있어 단기적인 하락 압력이 존재합니다."", ""PER(189.7)이 매우 높은 수준으로 밸류에이션 부담이 존재하나, PBR(0.97)은 1배수 이하로 저평가 가능성도 동시에 내포하고 있어 투자 판단에 혼란을 야기합니다.""]"
034020,두산에너빌리티,2024-06-03,19200,Buy,75,"[""최근 1개월 수익률이 23.51%로 강한 상승세를 보이고 있으며, 52주 최고가 대비 현재 위치가 87.5%로 상승 여력이 남아있습니다."", ""거래량 변화율이 275.13%로 급증하며 투자자들의 관심이 집중되고 있음을 시사합니다."", ""PER이 다소 높지만, PBR과 ROE 지표는 현재 주가가 과대평가되었다고 보기 어렵습니다.""]"
034020,두산에너빌리티,2024-07-01,19330,Neutral,55,"[""현재가 52주 최고가 대비 하락한 위치에 있으나, 52주 최저가 대비로는 높은 수준을 유지하고 있어 상승 및 하락 요인이 혼재합니다."", ""최근 1개월 수익률이 마이너스이고 거래량 변화율도 감소하는 등 단기적인 하락 추세가 관찰되지만, 이는 일시적인 조정일 가능성도 배제할 수 없습니다."", ""PER, PBR, ROE 등 재무지표는 현재 주가 수준에 대한 명확한 판단을 내리기 어렵게 만들며, 향후 20거래일 동안 시장 전반의 흐름과 개별적인 모멘텀에 따라 변동성이 나타날 수 있습니다.""]"
034020,두산에너빌리티,2024-08-01,17690,Neutral,55,"[""현재가 17,690원은 52주 최고가 22,250원 대비 하락한 수준이지만, 최저가 13,420원 대비로는 상승한 52주 내 59.9% 위치에 있어 방향성을 명확히 판단하기 어렵습니다."", ""최근 1개월 수익률이 -2.86%로 소폭 하락했으나, 거래량 변화율이 107.73%로 크게 증가한 점은 향후 변동성 확대 가능성을 시사합니다."", ""PER 215.1, PBR 1.11, ROE 0.5% 등 재무 지표는 현재 주가 수준이 고평가되었거나 수익성이 낮음을 나타내어 투자 매력을 저해할 수 있습니다.""]"
034020,두산에너빌리티,2024-09-02,17650,Neutral,55,"[""현재가 17,650원은 52주 최고가 대비 약 20% 하락한 수준으로, 추가 하락보다는 반등 가능성을 시사합니다."", ""최근 1개월 수익률이 마이너스이고 거래량 변화율이 크게 감소한 점은 단기적인 투자 심리 위축을 나타내지만, 52주 내 현재 위치가 중간 수준에 있어 명확한 추세 판단이 어렵습니다."", ""PER, PBR, ROE 등 재무 지표가 현재 주가 수준을 뒷받침할 만큼 강한 매수 신호를 보내고 있지는 않아, 뚜렷한 상승 또는 하락 방향을 단정하기 어렵습니다.""]"
034020,두산에너빌리티,2024-10-02,17410,Neutral,55,"[""현재가 17,410원은 52주 최고가 22,250원 대비 하락한 수준이지만, 최저가 13,420원 대비로는 상승한 52주 내 중간 지점에 위치하고 있습니다."", ""최근 1개월 수익률이 -6.33%로 하락세를 보이고 있으며, 거래량 변화율 또한 -26.67%로 감소하여 단기적인 투자 심리가 위축된 것으로 판단됩니다."", ""PER 199.0, PBR 1.02, ROE 0.5% 등 재무 지표상으로는 뚜렷한 매수 또는 매도 신호를 보내고 있지 않아 향후 20거래일 내 KOSPI 시장 수익률 대비 초과 상승 또는 하락을 단정하기 어렵습니다.""]"
034020,두산에너빌리티,2024-11-01,20000,Buy,75,"[""최근 1개월 수익률이 11.56%로 양호하며, 52주 최고가 대비 현재 위치가 74.3%로 상승 추세에 대한 기대감을 높입니다."", ""거래량 변화율이 188.26%로 급증하며 투자자들의 관심이 집중되고 있음을 시사합니다."", ""PER이 다소 높지만, PBR이 1.18로 자산 가치 대비 크게 고평가되지 않은 점과 최근 시장의 긍정적인 흐름을 고려할 때 단기적인 상승 여력이 있다고 판단됩니다.""]"
034020,두산에너빌리티,2024-12-02,21150,Neutral,55,"[""현재가 52주 최고가 대비 하락폭이 크지 않고, 최근 1개월 수익률이 긍정적인 점은 상승 가능성을 시사합니다."", ""하지만 PER이 매우 높고 ROE가 낮은 점은 밸류에이션 부담을 나타내며, 거래량 변화율이 감소하는 점은 투자 심리 위축 가능성을 보여줍니다."", ""기술적 지표와 재무 지표 간 상반된 신호가 혼재되어 있어 명확한 방향성을 판단하기 어렵습니다.""]"
034020,두산에너빌리티,2025-01-02,18200,Neutral,55,"[""최근 1개월 수익률이 -14.61%로 하락세를 보이고 있으며, 거래량 변화율 또한 감소하여 단기적인 매도 압력이 존재합니다."", ""현재가는 52주 최고가 대비 약 18.5% 하락한 수준으로, 기술적으로는 반등 가능성을 열어두고 있으나 뚜렷한 상승 모멘텀은 부족합니다."", ""재무지표 상 PER이 매우 높아 밸류에이션 부담이 존재하며, ROE가 낮은 점은 수익성 측면에서 아쉬운 부분입니다.""]"
034020,두산에너빌리티,2025-02-03,24400,Buy,75,"[""최근 1개월 수익률이 30.74%로 매우 강한 상승세를 보이고 있으며, 52주 최고가에 근접한 위치는 추가 상승 가능성을 시사합니다."", ""거래량 변화율이 29.15%로 증가한 것은 투자자들의 관심이 높아지고 있음을 나타내며, 이는 긍정적인 신호로 해석될 수 있습니다."", ""PER이 다소 높지만, PBR이 1.38로 상대적으로 낮고 ROE가 0.5%로 낮은 점은 현재 주가가 기업의 내재가치 대비 고평가되었을 가능성도 있지만, 시장의 기대감이 반영된 것으로 볼 수 있습니다.""]"
034020,두산에너빌리티,2025-03-04,26900,Buy,75,"[""최근 1개월 수익률이 6.69%로 양호하며, 52주 최고가 대비 현재 위치가 70% 수준으로 추가 상승 여력이 존재합니다."", ""거래량 변화율이 45.51%로 높게 나타나 투자자들의 관심이 증가하고 있음을 시사합니다."", ""PER이 다소 높지만, 이는 성장 기대감을 반영하는 것으로 해석될 수 있으며, PBR과 ROE는 시장 평균 대비 판단이 필요하나 기술적 지표의 긍정적 신호가 우세합니다.""]"
034020,두산에너빌리티,2025-04-01,23950,Neutral,55,"[""현재가(23,950원)는 52주 최고가(30,300원) 대비 하락했으나, 52주 최저가(14,320원) 대비로는 상당한 상승 여력을 보여주고 있습니다."", ""최근 1개월 수익률(-6.10%)과 거래량 변화율(-40.81%)은 단기적인 하락 추세를 시사하지만, 이는 일시적인 조정일 가능성도 배제할 수 없습니다."", ""PER(137.1)과 ROE(1.0%)는 다소 높은 편으로 밸류에이션 부담이 존재하나, PBR(1.31)은 상대적으로 양호한 수준이며 시가총액(15.3조원)은 큰 규모를 유지하고 있어 시장의 관심이 지속될 수 있습니다.""]"
034020,두산에너빌리티,2025-05-02,27300,Buy,75,"[""최근 1개월 수익률이 15.66%로 강한 상승세를 보이고 있으며, 52주 최고가 대비 현재 위치가 높아 추가 상승 여력이 있습니다."", ""PER, PBR, ROE 지표는 다소 높은 편이나, 이는 현재 시장에서 두산에너빌리티의 성장성에 대한 기대감이 반영된 것으로 해석될 수 있습니다."", ""거래량 변화율이 음수이지만, 이는 최근 단기적인 차익 실현 물량의 출회로 볼 수 있으며, 전반적인 상승 추세를 꺾을 정도의 강한 매도 압력으로 보기는 어렵습니다.""]"
034020,두산에너빌리티,2025-06-02,42650,Buy,75,"[""현재가가 52주 최고가에 근접하며 강한 상승 모멘텀을 보여주고 있습니다."", ""최근 1개월 수익률이 41.70%로 매우 높으며, 거래량 변화율 또한 137.83%로 증가하여 투자자들의 관심이 집중되고 있음을 시사합니다."", ""PER, PBR, ROE 등 재무지표는 다소 부담스러울 수 있으나, 기술적 지표에서 나타나는 강력한 상승 추세가 단기적으로 시장 수익률 대비 초과 상승을 이끌 가능성이 높습니다.""]"
034020,두산에너빌리티,2025-07-01,61600,Buy,75,"[""최근 1개월 수익률이 48.10%로 매우 강한 상승세를 보이고 있으며, 52주 최고가 대비 현재 위치가 87.9%로 상승 여력이 남아있습니다."", ""거래량 변화율이 12.30%로 긍정적인 흐름을 나타내고 있어 추가적인 상승 동력이 기대됩니다."", ""PER, PBR, ROE 등 일부 재무 지표는 고평가 논란의 여지가 있으나, 기술적 지표와 최근 시장 모멘텀을 고려할 때 단기적인 상승 추세가 지속될 가능성이 높습니다.""]"
034020,두산에너빌리티,2025-08-01,64300,Neutral,55,"[""현재가 52주 최고가 대비 높은 수준에 위치하여 단기 상승 여력이 제한적일 수 있습니다."", ""최근 1개월 수익률이 소폭 하락하고 거래량 변화율이 큰 폭으로 감소한 점은 투자 심리 위축을 시사합니다."", ""PER, PBR, ROE 등 재무 지표는 현재 주가 수준이 다소 고평가되었음을 나타내지만, 52주 최저가 대비 높은 상승률은 시장의 긍정적인 기대감을 반영하고 있어 명확한 방향성을 판단하기 어렵습니다.""]"
034020,두산에너빌리티,2025-09-01,60400,Neutral,55,"[""현재가 60,400원은 52주 최고가 69,400원에 근접해 있어 추가 상승 여력이 제한적일 수 있습니다."", ""최근 1개월 수익률이 -9.15%로 하락세를 보이고 있으나, 거래량 변화율이 3.94%로 소폭 증가하며 반등 가능성도 시사합니다."", ""PER 342.5, PBR 3.27, ROE 0.9% 등 재무 지표는 현재 주가 수준이 다소 고평가되었음을 나타내지만, 시가총액 38.2조원은 시장에서의 중요성을 보여줍니다.""]"
034020,두산에너빌리티,2025-10-01,64800,Buy,75,"[""현재가가 52주 최고가에 근접해 있으며, 최근 1개월 수익률이 긍정적인 점은 상승 모멘텀을 시사합니다."", ""거래량 변화율이 음수이지만, 이는 단기적인 차익 실현 물량 소화 과정일 수 있으며, 전반적인 시장 상황 및 업종 전망에 따라 추가 상승 여력이 있습니다."", ""PER, PBR 지표는 다소 높은 편이나, 이는 성장 기대감 또는 시장의 긍정적인 평가를 반영하는 것일 수 있으며, 향후 실적 개선 가능성을 고려해야 합니다.""]"
034020,두산에너빌리티,2025-11-03,89500,Buy,75,"[""최근 1개월간 41.84%의 높은 수익률과 50.47%의 거래량 변화율은 강한 매수세를 시사합니다."", ""현재가가 52주 최고가 대비 약 7% 하락한 수준으로, 단기 조정 후 추가 상승 여력이 존재할 수 있습니다."", ""PER, PBR, ROE 등 일부 재무 지표는 다소 부담스러울 수 있으나, 기술적 지표의 강세가 이를 상쇄할 가능성이 있습니다.""]"
034020,두산에너빌리티,2025-12-01,75000,Neutral,55,"[""현재가 75,000원은 52주 최고가 96,400원 대비 하락한 수준이지만, 52주 최저가 17,180원 대비는 크게 상승한 72.9% 위치에 있어 상승 여력과 하락 압력이 혼재되어 있습니다."", ""최근 1개월 수익률이 -15.56%로 부진하고 거래량 변화율도 -40.68%로 감소한 점은 단기적인 하락 압력을 시사합니다."", ""PER 430.5, PBR 4.11, ROE 0.9% 등 재무 지표상 고평가 논란이 있을 수 있으나, 이는 향후 실적 개선 기대감에 따라 달라질 수 있어 20거래일 내 명확한 방향성을 판단하기 어렵습니다.""]"
